Date,FEX,FNX,HTBK,ACWI,EVRG,KRNY,MRVL,AMKR,MELI,ERIC,INDY,MSEX,VCSH,FORM,EEFT,TBBK,TTWO,CVBF,CVLT,LBTYA,VRSN,BANR,UFPI,NICE,POWI,NTRS,CNOB,IGIB,KALU,CPB,TLT,ACGL,PLAB,FITB,CACC,XRAY,GBLI,KDP,UAL,CAC
2020-01-02,0.004752159356465002,0.0012418522821502354,-0.0023380758184521344,0.010346914691100606,-0.02534955681636253,-0.016630376699404037,0.030873572983334263,0.01999987247389079,0.0668776442226886,0.026196042264102104,0.011652201278293584,-0.021236469334392716,0.0,0.021178327260345853,0.006917976356817901,-0.006168074175713301,-0.0028587639732799985,0.005607586297085243,0.012544833802593525,-0.011433644866964299,0.021019295013843697,0.002827358514035039,-0.00545058968780332,0.022365461535359676,0.01010988383507283,0.012613023681473656,0.009331375755444737,0.0024145073254904226,0.0029758967396043,-0.018818301044152386,0.011292951319103128,0.011890893251338852,-0.011421338995028174,0.0091087007283992,0.0009947379892010222,0.006008124925618308,0.006074961343138563,-0.002083515388999091,0.018730861556060407,-0.00021713444749127397
2020-01-03,-0.005034972255459458,-0.004546872308106353,-0.0015626441921039458,-0.008617711382062243,0.0009457646466464187,0.0014705882352941124,-0.025931188285407636,-0.027149157485580555,-0.0039168367866974085,-0.017758149152722003,-0.019708303218813894,0.0004822277514451301,0.0013573016690739959,0.001131175670401996,-0.0022060564651198433,-0.018619140294810377,0.0010648529772949722,-0.000929905686720689,-0.0004424879961522077,-0.016459064989604144,0.021094975231557456,0.000704635830432343,0.0,-0.003908681983815776,-0.0036030139880859346,-0.020542933004975894,-0.007319035241992733,0.003441414982239044,9.000974092088221e-05,-0.001237059059813972,0.015400262996348113,-0.0011521090880184381,-0.011553293071709048,-0.018697395991541188,-0.015606305381045127,-0.01106628274686694,-0.006373921920902137,0.0024357033458282107,-0.020503636970036987,-0.004994224366378974
2020-01-06,0.00015319553160075827,-0.00041525035490275197,-0.002347326028619978,0.0022677278075537988,-0.0028348410908757282,-0.005873621036985299,-0.037120503756393974,-0.0038759868261348807,-0.0020565976062930647,0.006779709076101481,-0.01148827066796232,-0.014618521228523251,0.0007393733093716826,-0.019962289812688994,0.00037901173365195717,-0.014229198176242908,0.02029296600533792,-0.005580949680849767,0.018592300728507594,0.021257300617102626,0.009259284800070544,-0.007923784617073548,-0.0031620657981943356,0.010696217983583889,-0.003817300711103644,-0.0012338758723489107,-0.005820815615551811,-0.0018857190481539332,-0.014834171336233215,0.0016518399817069263,-0.005678781348343431,0.003921633587995466,-0.03701296811321719,-0.00821320289202665,0.0026614135297915453,0.005506224719253439,0.02295751651817457,0.0065951418743155354,-0.002275364893797316,-0.00371040620980867
2020-01-07,-0.0001531720663247027,-0.0020768879701529297,-0.014902098746199521,-0.002513797306123,0.000631831838973751,-0.005169819249399521,0.02219609909621023,0.014007814948268749,0.03041795825297866,-0.010101016027768583,0.0007925122638765547,-0.006358065064377083,-0.0011085195316589136,0.005380453004821817,-0.005556989640191912,-0.018444305612308254,0.0065763066706936435,-0.008887133151222248,-0.001955674743430058,-0.013286144135825184,0.0023182770591620994,-0.007632233113216813,-0.006766546515427296,-0.00025053882090431134,0.004335978697653342,0.005511221180654724,0.0011710836913749745,-0.0013746464655999269,-0.005931588588582892,0.000622982261435201,-0.004915669758537522,-0.008272146513201628,0.0033715570459940114,-0.011261890603820768,-0.013729349116368028,0.00529945372546381,-0.0023100830800222294,-0.027586223044358538,-0.01060433680202566,-0.004600135913591874
2020-01-08,0.0029137524343756382,0.0022197838934068237,0.0023886511839312785,0.004914242337420882,0.0018940701071037402,-0.0014848759184863392,-0.007619044066494163,0.0015351149494482463,0.01350400390624995,0.009070183077153793,0.010556923230096604,0.005742334444959196,-0.0006165400296350709,0.011850132559272586,0.004064004362533291,0.001634024357652919,0.018404888210315162,0.007550919149906132,-0.015676055212696993,-0.041292586931893194,0.004625602930742767,-0.002018227337786449,0.010219097087411422,0.024679001516034527,0.007530232016627725,0.009166640391639502,0.006237777964716917,0.000343670151625286,-0.010006733939606494,-0.01743139483133349,-0.006611044854104353,-0.009962918946472055,0.018817186210869252,0.00234501039885604,0.005080976514378666,0.010542886173366961,-0.005954386426777258,-0.015602982199111604,0.006108175973218222,0.012324041668709151
2020-01-09,0.004892683499291506,0.0012462094086660436,0.0,0.0056426478720081885,0.009451838672764445,-0.0044609663302370706,0.0019195540416032664,-0.00919570930156599,0.02050705699720412,-0.003370941179073661,0.0133194004692756,0.0021208538514048136,0.0006169203857480099,-0.0015111072616662558,0.020111358669177237,-0.011419277382470505,0.0015647361767661128,0.0,0.008626396760587074,-0.026217159979402327,0.023169376066087155,0.007538195805320447,0.013066529535769922,-0.003851027801982543,0.016143479554344697,0.012547890766404501,-0.010073552608179437,0.001376146566716141,-0.005192877617515634,0.00570226794903439,0.003510596629927587,0.020360408723467227,-0.005277039875413392,0.011029494950661967,-0.0008079363597779388,0.0006956392286283641,0.0049916448708797745,0.003962790499497215,0.007445519745274298,-0.008695750757200305
2020-01-10,-0.003195029599559862,-0.004286578788712636,-0.011119918698549891,-0.0022442274331800904,0.006710296764303569,-0.005227638120691713,0.015325660723753298,-0.0170145687200145,0.03565736128294028,-0.02705717114250139,0.006700901665849024,-0.0014650801793643087,0.0007398703780163718,-0.002270127326885918,0.004277758390276221,-0.007425755234133691,-0.009842228512575657,-0.006557468669628808,-0.004605243234642509,-0.008173148760313609,0.0011488669538233243,-0.009124335348433044,-0.017058349073286405,-0.0049091986916918184,0.017161791601404852,-0.010542875462432377,-0.009819302614148984,0.001373690848346154,-0.012024644875120227,0.0023100100988242556,0.008891119056045005,-0.0016054987204039417,0.0039788076870197475,-0.016198568950360648,0.006399343032367,0.004170271081981536,0.005629072630440879,0.0003586173638394641,-0.007276855166067464,0.0004384358379292408
2020-01-13,0.0064108560075972765,0.007776456083775418,-0.005622269571629257,0.007498143603416274,0.011161006381255723,0.000750606295933931,0.03849056402989226,0.00550729027550223,0.03229371414818094,0.032444894162099835,0.008704591999222133,0.021519300919902173,-0.0004927334101271219,0.009480469929604496,0.009136339757711331,0.010806327292312456,0.013332240324479105,0.0018858648476329787,-0.0044062737525628615,0.006786283223240375,0.012576590642095153,0.0023941741418704865,0.04380936750989828,0.0131968385626553,0.01812566550172079,0.01579579257095598,0.007139965443244689,-0.0013718064104345506,0.025379968450955914,-0.00020940235984823197,-0.0030340987879632353,0.0036755730555049215,0.02245701395003774,0.0033602042113591857,0.013291115120684704,0.005537342868976003,0.003292726171035598,-0.0028694817138106288,-0.004810424701517713,0.022578097280912646
2020-01-14,0.0012134948589350714,0.002618360597693492,0.004846335609484775,-0.0008684741891968883,0.0052122411082904385,0.00675154339532158,-0.0003632757984168844,0.010954572603591117,-0.056475140559262615,-0.01346810829614975,-0.002030401212738564,-0.007181537953368511,0.0,0.009767029050953724,-0.007585523239153291,-0.0057565539229110785,-0.011833372356395477,0.003764517357687014,-0.007745042813836922,0.012036487611120528,-0.011239695685677287,0.0005511491163219251,-0.030616286147137184,-0.00803412842179263,-0.021685591921611236,-0.0062567711914506274,-0.01024028573175062,0.0010303689472477284,-0.017390498789160325,-0.003771777316004865,0.005144780812092131,-0.00045772965357260276,0.01162792703479476,-0.004018821659653504,0.009469422655585147,0.011185612652603316,-0.026911788752712607,-0.007194190754785668,0.011048441606814174,-0.002374777749847401
2020-01-15,0.00030299039076009393,0.0009622759088885324,-0.004019240670050328,-0.0006204910368367011,0.015708530907903473,0.0,-0.028716834409687197,0.004644238602371953,0.012130558154315407,0.0045507022456130475,-0.0010173745961541414,0.01719971525057873,0.0008627643954053354,-0.008928563192385108,0.005486034722846034,-0.0033085162405448454,-0.0025210721977062533,-0.007032152422538407,0.01940229547110195,0.017602362762571655,0.011319677508616843,-0.0025704695720203397,0.014641226631128657,0.01527798231954014,-0.016358337135022216,-0.00907429014954031,-0.005173028581945127,0.0017151648480553394,-0.0035583335146959216,0.005048173975268799,0.006630894899048112,0.008701672824120266,-0.026181344278867535,-0.023873374708069828,-0.002131984277420673,0.005786101426173751,0.004384724266654816,0.009420266449237769,0.005008565157071265,-0.0010820330156213753
2020-01-16,0.008935540400001107,0.010984221480327738,0.012913769761662586,0.007329091738353499,0.008258465062572773,0.0,0.05726003114735323,0.019260408937774587,0.00981854252503811,0.02831268298099765,-0.0010183020592668957,0.023546248439964446,-0.0002461640916890939,0.015765768990863682,-0.0019616973700851137,0.00912860206938615,0.00813520870651252,0.016997277381199716,0.025814927342158178,0.003740067959539184,0.008501027109004466,0.011413507354268715,0.002885906835585317,0.06526864671592536,0.02853766648569178,0.0085031099627626,0.011200145863026645,0.0,-0.00150355358538945,0.006488262449765747,-0.003150741706027471,0.01157776181607173,0.0026229483182313995,0.012401088378263259,0.0072416535812496186,0.017597445086602326,-0.0006716404290877387,-0.008614467777314783,0.014157888628814952,0.011481638352924373
2020-01-17,0.0022513414490554773,-0.0006788537716121423,0.0031870205764956694,0.0027128277465608974,0.0026801750710367944,-0.008196483369072083,0.008495891599308303,-0.0022677850528383114,0.009828028054228222,-0.007709283370013753,0.0017838722850540556,0.02099701816833144,0.0002462247033696574,0.01662974027423103,0.00927515035952342,-0.004111857842292954,0.018567808904108363,0.01021334940173424,-0.028364214836203105,-0.014904527890940211,0.0021541760352348227,-0.0012739635993893605,-0.0069886902970631715,-0.00283655748499978,0.008228148137566338,0.013434826566852909,0.008702342164941035,0.0,-0.012329649726389835,-0.0014559976383818896,-0.008548138236562086,0.013689305389402717,-0.010464345834616862,0.0020412585817197737,0.006497429374227037,-0.0029933046892828274,0.031586224418333586,0.0018101894330806445,0.0017868665521434401,-0.002141922222051784
2020-01-21,-0.005241948018183118,-0.007882652233853205,-0.014296918922030666,-0.005411079634161098,0.01990198864328785,-0.020285544834332425,-0.03439792411328013,-0.007575483294266161,-0.02161927398083685,-0.01331843456994486,-0.0244212494550331,0.006200288649867547,0.0013544604464743593,-0.006179573786970316,-0.0018866627910648637,-0.004954539029181526,0.0029228897690054545,-0.021599327351939368,-0.00043899159703264523,-0.03829796395878049,0.0020560432538678786,-0.015673449985398102,-0.006002976001598714,0.007623578001474618,-0.020971750260409427,-0.007405537527303219,-0.01098036124469437,0.003083040046545138,-0.021059610138798424,0.011245606221468973,0.01050580357049502,-0.00044264328022824984,-0.005948456834576565,-0.014600767870256881,0.0044367540827365826,0.006337731034467664,0.009446002604336146,-0.020599869100125123,-0.04358970084437075,-0.006653536522675196
2020-01-22,0.0006023644669077566,0.00027406403716701,-0.002417310256355054,0.0007417049960456445,0.006407687791500916,-0.0007670184993462392,0.009814502555920868,0.007633309301358526,0.007122683663247642,0.007873786797275573,0.004693649774497821,0.003005770522222395,0.00036908099723187426,-0.004754976861363613,0.01981707317073167,0.0033194988564217986,-0.0021473945901338,0.002348754872934844,0.0017566538153086508,-0.0088494278573098,-0.0016322147805158949,-0.0035178993199442843,0.008954754513460506,0.01338148669764605,-0.004458651429211424,-0.03232926589537333,0.002379221197832848,0.0005123542316129992,-0.016450992727523928,0.00020601373335948914,0.0035136625871181604,0.007308892051434368,0.0026595719384630012,0.011026674254154267,0.005786463899136507,0.006629148134515983,0.050661632923560074,0.034317392354728415,-0.028558160059341864,0.0015125759738729982
2020-01-23,0.0018056330012741206,0.0019170272378365993,0.0024231678047423877,0.0001236813884495369,0.015771786722813763,0.004604561780337413,0.008639134369310408,0.014394069486766803,0.0002714207481788744,0.002231985845677853,-0.001557240781987379,-0.0005994672577163129,0.0004919264356098019,0.03748623638674564,-0.0035276313177317054,-0.0016542975608970778,-0.007993184853233082,0.013120746822323559,0.013152176739728239,0.004960274738729842,0.004344087567625943,0.00687478079692605,0.016099401235093458,-0.0056273374798223585,0.015967216251685734,-0.009422975100584874,-0.00949385598283381,0.00102362274136647,0.014446596538118639,0.008029546306768776,0.0070018177659800784,-0.0052770129698526125,-0.0019893722230085453,0.0006816610273419066,0.009200708163291438,-0.017780674704498622,-0.031326996008993135,-0.009275674531818767,0.018478533515691842,-0.0008631579804629919
2020-01-24,-0.012165776436760423,-0.013121725866153122,-0.04029041217333962,-0.008277750106380877,0.01666657957723494,0.003820249072446824,-0.025338903084910713,-0.04480968911022154,-0.004145749369318108,-0.07238297416234174,0.0007797238519622329,-0.012143911779942451,0.0006138263124282339,-0.038257171137754065,-0.021420900310650803,-0.02319799006219192,-0.02936397559350501,-0.023589073074028022,-0.013846805987572486,0.012339571004018168,-0.010557297941046984,-0.024358739475263458,-0.004469107465450817,-0.008012595533082978,-0.01456660166596313,-0.023541917900749665,-0.0075877682855811646,0.002216155099794559,-0.0031427364955909365,-0.0034722973707980165,0.008088672958852294,-0.005526075409053144,-0.03920266744920764,-0.01771111373490708,-0.0042211589827120255,0.0,0.012048462575699581,0.009722821347140975,-0.03510833911365452,-0.002159184413075277
2020-01-27,-0.018093303702116148,-0.013573408832722178,-0.019311191821376195,-0.01856238417324385,0.00532459872094404,0.0,-0.05272802240157182,-0.0734946899414014,-0.01017292616250498,-0.009603724337128972,-0.00727263940435563,0.0012140786143488569,0.0011053890665737587,-0.04198892838548596,-0.0006744779742570151,-0.014419005669549345,-0.01764047817693526,-0.007105776932517682,-0.019964976427213954,0.01511461138968584,-0.01400696893857134,-0.022129844098231488,0.0022444602443709716,-0.03027564851795217,-0.03374478802963787,-0.03109645627805635,-0.01730374066132101,0.0022115741389769905,-0.00738898415567546,-0.00040980065630702445,0.015554031841283233,-0.00977996592527186,-0.042185315011618485,-0.01178897595689854,-0.008237712365237404,0.0011733377815406065,0.01065135155468222,-0.0003568337132242583,-0.05213680333219162,-0.0030297343342942096
2020-01-28,0.012542413557617094,0.010531050832987221,-0.008561870423791418,0.009393362928087123,0.005993175104684889,0.0007607909729483442,0.017781273074141346,0.014345917809624575,0.03190283213362055,0.008484743936828298,0.0028781349837156966,0.005002331761896794,-0.00012259894195887355,0.03037289508753971,0.005828917493839736,0.012908827339233042,0.023563837922077058,0.0014310974422004907,-0.0024624311655058184,0.010566725319820724,0.005720550278737635,0.006576796006288799,0.009975403660019033,0.00017482548559177857,0.011876107443588912,0.013101923798070736,-0.0020474243800112646,-0.0005093903248994947,0.0029775762820201113,0.0022555392259646645,-0.00783118216851586,0.0024691395822975526,0.03682305134733865,0.012631534259113453,0.008438324074783843,-0.010882165880119032,0.004029828957517578,0.018194778693892744,-0.007471263972441022,0.01736461478763851
2020-01-29,-0.004281832602141211,-0.0025014217268939376,-0.008635468327225837,-0.00012587440772815484,0.00013848518736758741,-0.009885882351909347,-0.047094438709568975,-0.008319420381162401,-0.009055586935118098,-0.02403830747001945,0.001043651671958079,0.008597401746247346,0.0008592982967885465,-0.024253717799790686,-0.005368081884587594,-0.016992417600759646,-0.000476284496406687,-0.007622639777789764,0.02176834327000865,-0.02043721075746019,0.005498467265314888,-0.004612137704882779,-0.016327316862748242,0.006930214525005196,-0.026059594674084363,-0.0011029777635259697,-0.00902775186305449,0.0027169102343065354,0.03166739812167596,-0.01104774573599554,0.009778935190873028,-0.011867412027645519,-0.056406649394712294,-0.01351367425920269,0.00834591203061752,-0.0025390909017212193,-0.02130286844950946,0.0003502753314530427,-0.023880647558821577,0.005974350828063191
2020-01-30,0.0032252158377357176,0.0018107585423041694,0.044425064950332604,0.0,0.003739986370023596,0.008448687510568265,-0.011558448157450552,0.004194478110408184,0.0036942788657015058,-0.01600994022857405,-0.010685665184270388,0.0005983018527584427,0.00012228656551571682,-0.0007648358721007442,-0.007114404418263942,0.0034572137344930365,0.012072087990287583,0.010561824170358447,-0.01954753818383881,0.011644840188143935,0.005703925551113764,0.0036680775072968075,-0.00450815450385611,0.002197830516061261,-0.0016337174621806616,0.01415132369721972,-0.0041407225092595645,0.0,-0.007673929777234578,0.01427390080061075,0.00013894962692306834,0.007931083164422592,-0.00442807518613364,0.02528986312588244,0.011505205669486651,-0.022060008135877163,0.002839247689995661,0.003852907026790975,0.033772117357354636,0.009755996424484659
2020-01-31,-0.020208225020988624,-0.021273467142875035,-0.03252714846867666,-0.017607751716138487,-0.00414016767296066,-0.05940602369822834,-0.03064533144826853,-0.06015051992897191,-0.012040318418186535,-0.016270283419341114,-0.01080074466960912,-0.02466020603209318,0.0022062196826646563,-0.031381543098379594,-0.026252393699568777,0.018949205300129446,-0.021894380513581613,-0.013301395475262656,0.008512568846570145,-0.01582741490261974,-0.024374188477592096,-0.008463105742989141,-0.013997436319633239,-0.005655561717698654,-0.0009207085039533158,-0.03206366598425647,-0.0182952846084683,0.0033869755568014526,-0.0318993223712607,-0.013052923565524677,0.009129724738293765,-0.0071942309784035485,-0.052631582668153154,-0.025351143370713203,-0.0810984184057788,-0.02828398553841771,-0.00817881444847568,-0.004536042322944023,-0.03794208293559087,-0.007351201968940124
2020-02-03,0.008437279619323945,0.009944081305377939,0.01982771768742775,0.0067852189470536395,-0.0048503323161559475,-0.006477731785296426,0.0070717926539412,-0.007111109008805627,0.022594239017722506,0.0038167467866938587,-0.010652512261134506,0.018081495335286135,-0.00041709102501896744,0.017779564300069772,-0.011862440525423512,0.021132713576694773,-0.002326708255355081,0.013961988506479006,0.05153264485194242,-0.0029239336139965655,0.011626833844523787,0.02133839836922591,0.01440493159653422,0.0027278073846692674,0.02774657548359305,-0.0015334487382407946,0.011012413486540584,0.0,0.003394772492517184,0.00991919070603231,-0.0008107090248222759,0.011775305788124024,0.025821590813862594,0.01862906813396603,0.013450484558488629,-0.0067857463980453,-0.0012685734653704595,0.005257815207495797,0.0014705963350756246,0.006982322345377101
2020-02-04,0.016733822617119865,0.014911176156741313,-0.0008547266092393535,0.017166772504656036,-0.011279803807055622,-0.011409941162807358,0.022718010833099767,0.025962597690820877,0.047022044604873026,0.02661615769706427,0.022073050649412007,0.0019567779754521286,-0.0009807502678578217,0.024456488942894206,0.017589973417362348,0.03559605197777693,0.02074790400252091,0.014245413254761363,0.011406863409100021,0.018084056123787606,0.01861693534533493,0.014624534031977943,0.011936599140721205,0.00937659939298685,0.005977390345796252,0.02826150076399614,0.006702795088653568,-0.002369093890147278,0.013931624873204429,-0.004297141298913787,-0.013466622532536054,0.004252484940948875,0.01754389793545874,0.017253552307930464,-0.0056814289147858466,0.017080306466006556,-0.02000636080805529,-0.00034871822757664983,0.05313036354251577,0.004622808424249669
2020-02-05,0.01142995304567962,0.014553113461001299,0.02138588836292521,0.009501330907976335,0.0002816415781554671,0.0008245606454582166,0.04361832437696611,0.03228630868020699,-0.04792488546772378,0.008641867472385156,0.004476954205570927,0.013369302101954084,-0.0004911339557323036,-0.00037894009523009586,0.008832308395626542,0.010391695608509055,-0.04860945524392091,0.022940001752147055,0.026733474326283257,0.01152185143019846,-0.005688148081593791,0.029202674948808127,0.023795070759279335,-0.012214031138639614,0.032976630206150714,0.029874415750180683,0.016646157151648966,-0.0015268439473007378,0.0328787904536616,0.006987220303885877,-0.010934456664708492,0.01894366039777018,0.017990987134404612,0.023744582423787408,0.006176583314689843,0.01149004340589821,0.01782247812815063,0.0006976797487985298,0.03752058698660665,0.007320653701589963
2020-02-06,0.0007529007662490095,-0.005874490269398569,-0.008375243326379733,0.0019812349989090094,0.0042241137873157975,-0.003294997430714819,-0.0034827319278619706,-0.03296725160677083,-0.007161497785190818,0.018359697085545745,0.00655481386591017,0.007560025094200951,-0.0001224552510987742,-0.01440482080574712,0.007191506911064183,-0.003164553858114205,0.05780055982166066,-0.006864904495770596,0.00956064324983652,-0.0009492614693056289,0.017256035693422156,0.007275284383009284,-0.004966318751961407,0.013700224576855602,0.011216454918456797,-0.0074453485923888785,-0.009414696920755139,-0.00016988222825009558,0.019669402064454777,-0.01714268068830982,0.004506798909049703,0.009186317621577844,-0.01104562734705361,-0.017229817874051867,0.03165878521028187,0.0066412145662140265,-0.010506209160390578,-0.004531298575258136,-0.016493567492831818,-0.008720680185923313
2020-02-07,-0.008130180801906417,-0.010306740418657756,-0.016047340913780683,-0.006550512227678107,-0.006309484719098313,0.0016525744905577788,-0.06718453158676874,-0.03146852020854318,-0.03722798877608047,0.054086575803835135,-0.012243018662549843,0.002648286067189254,0.001105008078261971,-0.020000017606295106,-0.015522165887842498,-0.0023810068045417854,-0.11852199501204586,-0.013364391075359916,-0.0024179476929152566,-0.031353898017961734,-0.054715648341250644,-0.014445305267359654,-0.017168734566851196,-0.004695865813530653,-0.01981405842275774,-0.013541249736970573,-0.010743926869299258,0.0030587975945046697,-0.03065903374635459,0.014950229155435313,0.012477658161907934,0.0002167557309851187,-0.0416977220321344,-0.0057317270090486705,-0.004390268352968296,-0.008680688541934045,0.0016086373704440327,0.0003501834513393032,-0.012670765752377688,-0.003560825626591102
2020-02-10,0.005313015108201702,0.006526216072436863,0.004291863226312254,0.004976514579707603,-0.0011288371268163289,0.0008253469264285496,0.0054121084737139835,0.04241901088407496,0.018900282604801477,-0.007981658181953066,0.010548573540437145,0.00836376637877212,0.0004906712024916882,0.02433284342119668,-0.003973290189914991,-0.0031821768356523616,-0.014209578115481292,-0.005137627492238339,0.010704960855626444,-0.005394737081010015,0.003706083562776019,-0.00952748035016504,0.0034527198823233185,0.003970094529864632,0.05087526579454549,-0.0019751791866945423,-0.005012676117036374,0.0016937708617141833,-0.0054796855673263645,-0.003682455692437525,0.0027699594472050393,0.01365108707736895,0.14685317483518,-0.003051749822941874,-0.020615537672250994,0.006129714194096136,0.008673321255755262,0.004900162119734208,-0.0001258446880726405,-0.006096409663754465
2020-02-11,0.007247301879533596,0.00758741867784174,0.011111001155387656,0.005075574828298013,0.0007062267751583029,0.004121852420653438,0.05590065133821853,0.14632028096170435,-0.010042060598417724,0.0333331886693371,0.008350836937901063,-0.014697427111919126,-0.00036793377857125,0.018007636263797755,-0.08098520787238772,0.030327224464418157,0.01252251702385987,0.004225323277389448,0.009192627419195798,0.05177506691459732,-0.006655995099234979,0.0036996772787285526,0.004453564923441178,0.0008596131111375804,-0.012885264355399162,0.018108202647721727,0.008396642724443737,-0.0015221171535165778,0.01633655356451813,0.000616074391837973,-0.005040408445304734,0.02073534254469611,0.018970171316345708,0.0037412796290108297,-0.005256703994214851,0.009573534120368876,0.011464887143756153,-0.001393186622387188,0.013338335753260377,-0.0002116728356811315
2020-02-12,0.006595719833575542,0.008625267619949861,-0.0067622329312782,0.006651205540046501,-0.0014117292763831113,-0.0008207550336082337,-0.0007844899087641188,-0.018882338919340547,0.07396951070901836,0.024471788599909727,0.005693701939993634,0.0063509192949557924,-0.0004903892794826392,0.01844184330998,0.017982641734375804,0.025561574562853684,0.014503045308923657,0.003272547476862009,0.02079206410020884,0.005157081177968426,0.018732198911770803,0.007187730920533708,0.008061197098984563,0.012998192169001443,0.019767001262945394,-0.004470763559355273,0.0008324782218493976,-0.0008466629398583558,-0.02777260563801731,-0.011286666925580224,-0.005066005355014669,-0.014869079878488622,0.02061173007998507,0.004405556915923148,-0.004733015358916015,0.0001723857471258583,0.013854008530298723,-0.0010464432237510257,0.020737590888609825,0.0021156408359530587
2020-02-13,-0.0001485853056629738,0.0013574140087211362,0.005106425475594811,-0.0045273102514868935,0.01145076371516307,-0.0041088308959317255,-0.010203916152389692,-0.021554876713356097,0.026735477375381844,-0.014115043943596861,-0.007977601876540175,0.02292139943763316,0.0001229348498552607,0.007021453725331694,0.0020981222239848663,-0.0060422904145789325,-0.01587438705387667,0.005125879932487143,-0.0110572202378314,-0.01539178009147657,0.007297507343286158,0.004940373113772489,0.027389125204867915,0.001243577051319944,-0.007497563247427563,-0.011910608519460908,0.008319337664329352,0.0008473803854267548,0.013402412360173255,0.003735957146938862,0.0038359808547649976,0.01679429011533662,-0.021498365830949773,0.0064101125938873516,0.0019161020912270565,0.0017239256699070893,0.001552982304507955,-0.002094925869588926,-0.014720184055901364,0.006755144946702707
2020-02-14,0.00014860738653688088,-0.002440387594881077,-0.011854715895164958,0.0009833966226471258,0.01104104446928833,-0.0016498479938497068,-0.003964910684099099,-0.006294333586072898,0.02293568785827449,0.0,-0.009338377534669706,-0.002592183203719123,0.0004903476942341722,-0.013211031572534448,-0.01864105465585797,0.009118532443044058,0.01087248222669257,-0.005563170173889853,0.009807767840126269,-0.03694938207538978,-0.0011438479803145274,-0.00965020769895264,-0.031523806818893996,0.011065270711051012,-0.030677150290197464,-9.88077411142596e-05,-0.007012991825805059,0.0013551525345827375,-0.002799306434769444,0.005789751919033526,0.004377102123018783,-0.003136203159402662,-0.013315629616780456,-0.007710292708805522,0.006912282971584194,-0.004474347173455406,-0.0058916032311574495,0.010147063793860989,-0.017779909247977566,-0.01342004419700904
2020-02-18,-0.0016378180942244747,-0.002989314010350741,-0.009425829698531563,-0.00392941294523208,0.021287959585836846,-0.0024796030855823714,-0.013136889760719472,-0.04513072158626763,-0.008925045198616477,-0.00991209112624103,-0.008117225420116836,0.0027433724816463556,0.00024538633766924,-0.04462621356744145,-0.006882312312435301,0.006024090761646228,0.0,-0.007459503041607363,-0.004079236331390512,-0.0019674460878070787,0.004342228283900962,-0.020959838483047832,-0.00944332623964339,-0.013959462008605095,-0.030602871493837114,-0.0036561568618902474,-0.0191111068822839,0.0011837081451986364,0.007260413676415611,-0.009045985272649992,0.006848727968789214,0.004404346375629364,-0.0013494942308494018,-0.012162282940638258,-0.003386675255154681,0.0012099023850404844,-0.0018715522636999493,0.0,0.008673724519693504,-0.005100971841438207
2020-02-19,0.00581719741337805,0.007360297811526362,0.0034604248999792198,0.0041914906688780285,0.00040641868441460005,-0.004142343035606122,0.016942088304505054,0.026534071406781656,0.019616964497053857,-0.0011124626966064755,0.0076557417217983925,-0.022606428964157432,0.0,0.009342147377536802,0.0008315669760898814,0.011227588028388968,0.0009697664643886217,-0.0009391643226948077,-0.008191963719379691,0.02414982066675808,0.0035632194667061245,-0.0037558659108185566,0.016430148053928173,0.026558709658911273,-0.0021566066524648653,0.02221552715876296,-0.005082362602641277,-0.0005065680560177865,-0.014320040208473661,-0.008506096876096159,-6.842852590971393e-05,0.006055629700044918,-0.0006756911319566461,0.013680091941173478,-0.00236493188111897,0.0115678484633146,0.0,-0.0006928464289047698,-0.010219338442859938,0.007904330881890687
2020-02-20,-0.0010380422949455292,0.0032470594843827527,0.00948259503679183,-0.0057699499728239845,-0.004735554456133495,0.006655679945687609,-0.0031733575616035292,0.049272936603404816,-0.0002019056209143777,-0.005567926065269457,-0.008383652353067483,-0.003977634789927409,0.0008585860545449187,-0.024296222934848233,-0.016825873885821574,0.0014803481680629726,0.014003842919409148,0.005171780245468938,-0.0025564849030256243,0.030317655614692685,-0.010273154584150124,0.011875387138553295,0.13729772635353732,0.0004413163702194911,-0.00579662700967476,-0.0035897343976439844,0.005108324962392219,0.0015215035580653513,0.04709437418617246,-0.0010463746222540982,0.00783349866202565,-0.005811518490264178,-0.03786344969986988,0.0064101125938873516,0.0006213786275532929,-0.019627984834663548,0.0,0.015597954883345366,0.006169799854712998,0.0010597870907018692
2020-02-21,-0.012618798575749435,-0.011732811399887022,-0.005977644104317115,-0.0077785926161280106,-0.008835884198632904,-0.004958782542738516,-0.0278549422101243,-0.05157825559333162,-0.009413069145475794,-0.0022394194148888102,-0.0002642781216048995,0.009614105123087135,0.0008571849465961456,-0.03794462898901618,-0.01147971561203276,0.00886917131762055,0.007817263505165206,-0.013564530363521787,-0.03430602595799137,-0.006539047795258823,-0.01406292161468603,-0.011549850096635672,-0.005264019369199069,-0.024426598586576476,-0.022927146206226934,-0.007400261460511204,-0.007623732258207339,0.0025316179534216054,-0.023838469454645406,0.004608405702536178,0.009340788233453079,-0.016283971737029,-0.0393534423019648,-0.014414930054802433,-0.0003909720414279061,-0.010271540624100739,0.03531282350254705,0.00682581227106227,-0.023776766847776076,-0.002117432726810753
2020-02-24,-0.03202548692700591,-0.029476000674065972,-0.024055035435437744,-0.034345509002729924,-0.012618764727673537,-0.02823930608706482,-0.06017223651189274,-0.09821403281174479,-0.08447519803651982,-0.0359147164104725,-0.02404844876002299,-0.020802752958225645,0.00110246323398,-0.048479880763284244,-0.016813911371396206,-0.0029304002176473443,-0.025941585520102062,-0.02418187868399846,-0.02021228813846432,-0.025387843849108416,-0.027702236188683393,-0.022238680331373883,-0.029811004020956933,-0.03165088496323165,-0.05734816564037826,-0.05307039598842378,-0.023047564475243698,0.0016835359300724217,-0.005914277856519434,0.0012505812955025952,0.01492887105027818,-0.0311969141422066,-0.046817874158802786,-0.03707490692119586,-0.023791983876382594,-0.03746696232793967,-0.009960831511760304,-0.012203343770395558,-0.03255993905873367,-0.031614691550648666
2020-02-25,-0.0344824845652999,-0.03965153579244751,-0.030809985468673307,-0.025644236015198385,-0.026253515015254858,-0.013675104147328199,-0.013501578148075954,-0.05670580172837825,-0.06453244521531643,-0.02793959399283208,-0.005686479790521171,-0.029922099234503063,0.00024408332836811653,-0.009930895671487971,-0.0589130788609602,-0.014695063505531736,-0.018138342623009174,-0.026724961335327202,-0.055219867330572825,-0.008200747629869776,-0.03373095585698005,-0.025250969857165906,-0.045818427649925386,-0.02358027491825776,-0.015128901268769424,-0.0559413032517736,-0.03669734038993133,0.000840510628704827,-0.007197195175853599,-0.002915181356406782,0.00532400619420037,-0.027601387539091915,-0.03146583697731342,-0.043800799995251216,-0.03924485935702615,-0.05884505763465209,-0.00579281082387495,-0.007549868739276877,-0.06492648001355439,-0.023444195075213337
2020-02-26,-0.011261349771444551,-0.016837478895266655,-0.0018168216940042115,0.0009256873467129445,-0.007418210170549333,-0.011265329963443538,-0.012803770397262992,-0.004770819617768041,0.003253948877728119,0.014371430360285764,0.0051742952938236275,0.010641431422710124,0.0006112751136981842,0.020061015191910947,0.012320059780335457,-0.0007457292315902198,-0.013517166653145507,-0.0019973231061586327,-0.020070574423237342,-0.0024318858581123814,0.011360767743822553,-0.015423861758248614,-0.045922118488484376,0.0038855232312768884,-0.0038129195824937456,-0.01931280625880205,-0.007255942728522813,-0.0016794522314834692,-0.010535260096892984,-0.025898070536726325,-0.0052958112622368825,-0.01261540800124783,0.006339138227536623,-0.01551545639313634,0.005863484051736645,-0.01203868674946984,0.01195965582904468,-0.006569754046622189,-0.05724813565251652,-0.0044873909396137
2020-02-27,-0.03904982074971519,-0.036783308344744414,-0.029117025766017157,-0.03501576049021604,-0.0370794796524051,-0.022786917889937475,-0.0809478846324464,-0.042186076234154046,-0.050707995272467055,-0.03778048368165088,-0.0192359431358351,-0.05539435223812905,-0.00036669564151303735,-0.042753314497415706,-0.07416140495528212,-0.05074622170594123,-0.014889968618217453,-0.029514411616360148,-0.0616700801180865,-0.025353503838039138,-0.027112639500769142,-0.03615171550287066,-0.046951629122679917,-0.031439792202808015,-0.03715057631900576,-0.018910055132429493,-0.00867996161200335,-0.0015140025143565161,-0.05372648621659426,-0.02015455316325432,0.010848001229299076,-0.03216983733718415,-0.027559010476525536,-0.054784245118926544,-0.006853652581935932,-0.013364935803075295,-0.052424414505850336,-0.01705539865384742,-0.0238989383295376,-0.032228904295783845
2020-02-28,-0.00931243322461095,-0.014532883339924862,-0.03842555425306071,-0.010543668611670665,-0.024626836318589973,-0.021524547509609082,0.036496207767890976,0.045044946298308464,0.0267167154947916,-0.013496909602771723,-0.02928178886258992,-0.039256987536306465,0.0035448831060349573,-0.0008931911996515884,0.019060135323344163,-0.04323900779786183,-0.003338213957547631,-0.04432980453214985,0.00023991692396130304,-0.023511703300926334,-0.00414605888930375,-0.048968782130270894,-0.015546459362315246,0.00719290632364511,-0.009219354044283312,0.0009123340583014894,-0.03179708118170865,0.007075269238003834,-0.02394992937488194,-0.012691212887013803,0.02258394231555938,-0.046911746514985864,0.008097119409441689,-0.031361503671806346,-0.009798841352813281,-0.01912351855652772,0.015669808193082613,-0.012747750001260383,-0.05158611276371572,-0.04494630219267737
2020-03-02,0.03589122980728687,0.029180910696440465,0.05750490054457402,0.03307507413432731,0.061821092609478656,0.034830542119568486,0.030986166453256025,0.009578589317027264,0.04233552718924227,0.00497513552098372,-0.009390901457196676,0.083403536951842,-0.0014398971747385803,0.01251670848423947,0.025072561975144625,0.04272797870414702,0.04261252380547775,0.05879170712807458,-0.0014388818271758863,0.020491722051343864,0.03741764311702367,0.040534489952873454,0.037345414207217376,0.027711611032114725,0.054107088570196415,0.008317996743182787,0.04616849975791015,-0.0016940664661959648,0.03617113876451161,0.06338661255676081,-0.007357433634383237,0.05095225966133832,0.048192802462793116,0.05409837646231441,-0.01346731902024656,0.00832675854216447,0.002833884123449204,0.013629881012042988,-0.005358042380859129,0.05754668888317216
2020-03-03,-0.025903316217046446,-0.026067114742795994,-0.03225796008533666,-0.02384474866034647,-0.007782150155203449,-0.023193919198234214,-0.03005488091062658,-0.020872807609043198,-0.02706702166186803,-0.01608912679473906,-0.0022983720395955975,-0.01815949358583835,0.004521189942350734,-0.01633549395656786,-0.04671649524280408,-0.03782502427961698,-0.007495951777541365,-0.022924487101150248,0.0004803183971382463,-0.021586291734603136,-0.03962403537614834,-0.024847106861696,-0.014194904140683695,-0.03426969876465158,-0.027681148497704644,-0.05706841478979974,-0.030482477881119463,0.00957681317378234,-0.014391677738760489,-0.0020843656470926897,0.015525646280857286,-0.02047541151076393,-0.03448274350100189,-0.04976655128171381,0.05882802891210126,-0.04914428406270843,-0.0028258759185487703,-0.02512409395254256,-0.04848183949365026,-0.03435555261469159
2020-03-04,0.03827883888118455,0.03083430545454502,-0.002856981080786025,0.04103183494509577,0.061437865976778916,0.007305876540180112,0.06056361168832236,0.05329452242863786,0.04626002483885627,0.021383750643810373,-0.0008636907080444844,0.05074315623941028,0.0014602898627080751,0.04578090300627413,0.025245421843961946,-0.037674040680575116,0.07372771855999405,0.01981234942485144,0.015122445281390728,0.016931747791665952,0.056757449242710534,0.015763100236638516,0.04486671756959959,0.02945875219145666,0.035081642966680704,0.019295278725248277,-0.00046912038050506144,0.0018304821767409774,0.02692625331501053,0.10108597361156901,-0.010618989972609016,0.03507932507061651,0.07301587686036504,0.02986891236772049,0.03105631017225763,0.013344705148290004,0.05100780343374001,0.007985835961846544,0.02024361445603362,0.00286551161827564
2020-03-05,-0.03474693112259908,-0.0390221620461535,-0.04107008308101545,-0.030582506661522957,-0.020115140664515696,-0.002719789679749618,0.10358533098493816,-0.05059792991779155,-0.039395376294906526,-0.034482832624626814,-0.03775213831095414,-0.012035450314425988,0.00024266141039097633,-0.02403431263000466,-0.11515247400943884,-0.051914864398063476,-0.018003697528426232,-0.034764565026297434,-0.043272683647135546,-0.017154354824188367,-0.03739114985721381,-0.04953236576632625,-0.022768000188435833,-0.023418353445479045,-0.004980863271300318,-0.04891261706574224,-0.049295790821093366,-0.0001659693986258981,-0.05990335195600027,0.007208073041806928,0.024891894302024875,-0.044336193747949615,-0.04142014797751925,-0.059197399919634464,-0.009395478577468364,-0.05267561076651517,-0.03714803539912381,-0.027727724719564195,-0.1325037986609624,-0.03452380815209566
2020-03-06,-0.02382973096954255,-0.01975029672545392,-0.03486057816027288,-0.017813077405329003,-0.01779050489176537,-0.02454509533021454,-0.033694062655732826,-0.044573770054512685,-0.02129386986878623,-0.029336670241360774,-0.005690457466821064,0.029541362454692743,-0.0012144371960756128,-0.0158311615644251,-0.03555834908393496,0.005385948302806476,0.0035815281859197245,-0.012711925978649119,0.017548173518005195,-0.024640673474491948,-0.0015600010949060605,-0.016550827750184682,-0.0345391390382368,-0.025142231477704557,-0.017085432006940793,-0.04017788001394007,-0.015802267531069503,-0.0009968353484877124,-0.0402275616135076,-0.025235543239569225,0.052043465979669135,-0.011415982511935208,-0.010030872998323392,-0.062499987327576445,-0.018202145304019757,-0.013018288038215142,0.01244563522248332,-0.01370401994049486,0.009885604187338304,-0.03057967915868076
2020-03-09,-0.0931439653124071,-0.097678972247072,-0.1620225181604239,-0.07531513559211389,-0.07603082384110027,-0.0801492912354248,-0.0776258035187769,-0.12677462018740315,-0.1218369008272836,-0.06570312585276428,-0.057530055709636874,-0.052210957870824526,-0.008025163042494454,-0.07327968950613051,-0.07609617597922791,-0.16785715593367234,-0.03237322719816538,-0.09442063561435354,-0.0694679845240217,-0.07473684436142936,-0.07916250859437368,-0.14532607795637853,-0.059695378997672854,-0.12776104751739714,-0.08215244824324841,-0.08771252636453952,-0.11540432833589565,-0.017295979300445463,-0.10070427860222986,-0.03013917298639268,0.02710368471142055,-0.09950859430174408,-0.05222136245347775,-0.1756757165927616,-0.024009054834453702,-0.05835045083510482,-0.03749260906431118,-0.08186243342723776,-0.1021113215092847,-0.10811471106577697
2020-03-10,0.0507828003089954,0.03697735042847339,0.08743849388687863,0.04596468909422735,0.03455775449904075,0.06585614503299664,0.0445544654806429,0.09639944555654845,0.11012895831028846,0.050632944485770714,0.036113703735854985,0.015605207028123624,-0.005884001492622137,0.03953711204790489,0.08430286001058218,0.009656669048806021,0.04276433846187033,0.026658872969502312,-0.021665408543507625,0.03469851847117478,0.0523160561320426,0.03326196462914366,0.02026122751516901,0.02194246799825761,0.062002333433229806,0.04983753995319384,0.0045380414664855095,-0.014215491130475821,0.08923709166702132,0.02111565536318527,-0.051257808153024054,0.032196410792142416,0.019736823530408287,0.052459165426870236,0.055628316343339757,0.052469262828114704,0.03767567581203579,0.032719679763120846,0.12355713434845494,0.012264360205286984
2020-03-11,-0.05414275969265625,-0.06304881698072284,-0.06455275990851894,-0.0516745705820858,-0.06605763866016523,-0.03897358793260919,-0.05170182800246104,-0.0836865850286036,-0.08070849154517357,-0.046854129426802005,-0.043800174660487134,-0.10079885794314047,-0.010974340398130833,-0.031539903618734044,-0.07586594240079902,-0.054197687263735084,0.0025263414884868496,-0.05366426184195627,-0.04615793925735745,-0.04892799057586661,-0.04315816337715439,-0.07829003557542458,-0.054501340689710576,7.035907512298323e-05,0.0005680641787431107,-0.0388649755707563,-0.057594484762253595,-0.02454906613664587,-0.059447642390407895,-0.015411785085527097,-0.0367979432235328,-0.05154638300661096,-0.07903222357941364,-0.08307393140396502,-0.05791375433605872,-0.03992772642666498,-0.05723073563778269,-0.029306922791323853,-0.061263339736886024,-0.03916579197570613
2020-03-12,-0.10353435916556175,-0.10682135367738144,-0.06416461544676666,-0.09826417416958189,-0.10248600744547798,-0.06725996898928222,-0.11131318376358501,-0.14797688086944472,-0.08846595964355963,-0.12640449759040173,-0.10000008947900985,-0.08390303614788519,-0.019822811351232206,-0.11063216277723131,-0.1284375694760188,-0.15168533546727792,-0.08979422232151224,-0.07682926455112493,-0.11020980514846479,-0.0728323670971377,-0.06942650224416069,-0.08885161687971199,-0.16312717255978104,-0.07644657748126649,-0.0530140730252201,-0.10922713808539508,-0.1306171644266142,-0.030799594486036086,-0.09329137693800194,-0.055280263898591975,0.006196788354173588,-0.14492756620943092,-0.11908928612884895,-0.09966018911007879,-0.1012611421211076,-0.06179541420846091,-0.17428200437948438,-0.06201524270416536,-0.248479900357077,-0.09472144922202996
2020-03-13,0.07949454335572481,0.0679292403571039,0.060802134411512165,0.0716436237551954,0.05593272479252276,0.028631804238885783,0.062372597422673426,0.08955227403771215,0.0671115586482196,0.11897119321963556,0.07562736072609844,0.03600086879304998,-0.0005083927261509968,0.07646742593591549,0.0726890410527763,-0.005298008058610915,0.0762274094657156,0.12351392996666855,0.10342656596713162,0.07605996074183152,0.10231187176816925,0.09475613304818764,0.109314190406407,0.05602138928719014,0.08091567336375616,0.20637672371320437,0.05444516969828994,0.021790874376360403,0.12550182696887746,0.03355697533429369,-0.02260308874322381,0.06812259489827999,0.020874754412284036,0.10880511477325605,0.06392157574140067,0.013273726180517365,0.11620556785953617,0.0208785591755285,0.12297727436395989,0.10592798329362152
2020-03-16,-0.12683581625264106,-0.1368543569597509,-0.17804897725351787,-0.11215244779357281,-0.1606023479198595,-0.029896583065878723,-0.14629484130765014,-0.0933995529468784,-0.1276297761869577,-0.1135057639143674,-0.09630105319245075,-0.1096507253615292,-0.024816213829207512,-0.15757877211591753,-0.10665650743959465,-0.30093211185139035,-0.07382953530760317,-0.011757764816813454,-0.08319083464058263,-0.09733504299206863,-0.12233057284100002,-0.12212872738612035,-0.1483159833169131,-0.07527973803561738,-0.1176665521333462,-0.1818538075786258,-0.16470591056371142,-0.023813921426743434,-0.16405124745890287,0.0004058198434071514,0.06476540278519405,-0.1687519548811891,-0.12463492011608268,-0.21781061090699338,-0.16840576972740662,-0.13049958050795574,-0.12181290530979683,-0.1648914263315936,-0.14817479009087486,-0.10808427656177555
2020-03-17,0.05433013831648892,0.046449303895565786,0.07418419762970818,0.06245622865864564,0.1604837460578621,0.024441893643687873,0.06087970107746532,0.09615371504427594,0.05000854821303169,0.11183138127618086,0.046459999096784,0.24064712912748343,0.0018277030471764988,0.19121135891793073,-0.012926799495045715,-0.11809521629696795,0.07832607089297405,0.15704928358434667,-0.055003121223680895,0.09499365487586053,0.09926383277319806,0.18219493612612458,0.04988207112607346,-0.037386773873598345,0.2287580841175716,0.10173569848344166,0.005477292502190867,-0.00837436970070049,0.007821170943366429,0.09208955425605714,-0.06668331339529188,0.10939793408965603,0.12347059383890313,0.011602484156313597,-0.09746591559243623,-0.017055023600922925,0.3661290640234296,0.036734441177387556,-0.13532565489756776,0.13136287628275078
2020-03-18,-0.06813283915640689,-0.09517707391995411,-0.109116161704644,-0.06010935073323431,0.002606094914975987,-0.07572602784566895,-0.0834218421197489,-0.2756893381203729,-0.0785016789052505,-0.011661833748460526,-0.11099358971226292,-0.08215151993005221,-0.03217431529175385,-0.1380856741854808,-0.1508524674596059,-0.2267818930414115,-0.08457112021022462,-0.021593706036991178,-0.08484051090600753,-0.033997625059785874,-0.0691866518842319,-0.09041818772448151,-0.0632555797050911,-0.047514801940722995,-0.10607590400757039,-0.03457319175244622,-0.2536965616134843,-0.04351014658769148,-0.09453918291515273,-0.062407245260290845,-0.05641234395960448,-0.09033752776114723,-0.15148521077806787,-0.16344075603545516,0.003637130138138822,-0.053209873229339455,-0.25590352781699266,-0.020177083872302992,-0.3029018875910585,-0.11407844559094915
2020-03-19,0.009486681411527309,0.04410375194582605,0.07131797017526353,0.006342406898074193,-0.04522618949447532,0.02132433678698531,0.0921737738492312,0.12110731207729497,0.025123261194272217,0.04867256978354795,-0.025366607455589163,0.01917936837585632,-0.03432012309021726,-0.018507899666186378,0.12774622945527803,0.2793296148913851,-0.002438586846114088,0.010509761586980026,0.08120733866609653,0.07402911994313754,0.0036585829396584835,0.006231463972628415,0.01590648161251873,0.046394797749280015,-0.0056071567301818614,0.01858564765741666,0.120959476371022,-0.029366325289160722,-0.020258683896629992,-0.05903340271397561,0.027225290752538767,-0.015642036446133156,0.050175066568027615,0.11996562545321021,-0.030583209647878862,0.07238838710963624,0.00753714724646537,0.22149682863541886,-0.004677197289352342,0.14646144112695403
2020-03-20,-0.03460927828879745,-0.03456055879078568,-0.05065134385265935,-0.03168748186855763,-0.14373848994316873,-0.05274730145506834,-0.009023146617349043,0.07253095400551768,-0.022975846060731886,-0.022503403794848276,0.009760057339111228,-0.0092351131064623,0.01700279220702061,-0.018267500205402465,0.010450232696034734,-0.1288209441042728,-0.05838660256521533,-0.07488310358995254,0.01994019203812214,-0.003954831093489486,-0.04538286075826026,-0.1079326397961261,-0.08892167159608688,0.04759198007369947,-0.03624849073727132,-0.042278704541743095,0.0018608290571047181,-0.00276881733093437,-0.11802119763763008,-0.04631564488939266,0.07519534808897133,-0.04028087962457472,0.04888884226481127,-0.01224182642242344,-0.09729939221798056,-0.06522354002923303,-0.04606294202648553,-0.03248343823613786,0.1513157523239761,-0.05887396312009652
2020-03-23,-0.031576237308329924,-0.02760864271385899,-0.006097447912695286,-0.017718518509529213,-0.04790202558843315,-0.10324812218305313,0.015532702726147596,0.001438958666584167,0.010532567042579322,-0.02302154870048434,-0.10350386301367742,-0.03482223749512248,0.03508391877216299,0.03661468282944291,-0.05426455588049317,0.032581422484114775,0.09655514749489624,-0.08768977180614357,0.12414465296976163,-0.10606919665356318,-0.037930350137913016,-0.09421480334497545,0.054474437765342554,0.053040316878480986,-0.02149272855924278,-0.022459567520031753,0.04363933170915146,0.04719391547498608,0.02849383408296524,-0.05231800715797619,0.041209731360051016,-0.10435109353717653,0.031779682634549555,-0.05809449729046623,-0.09300254789528162,-0.02803171305989316,-0.007089528531086131,-0.014874516254041126,0.0714285714285714,-0.07197100235680431
2020-03-24,0.10762403512946128,0.10683354153362257,0.11963181492856911,0.08135480538252882,0.12889604144041544,0.10349283269315768,0.15295365611938871,0.1551723225305397,0.07068722065979727,0.09867440947273232,0.035040429199894474,0.027514590971569275,0.012577788422657665,0.12275615956522623,0.09396515611109146,0.17961171565782807,0.021853956770608418,0.10474441983629101,0.07275357453719433,0.09073613391684687,0.12806771750230883,0.1456204672394259,0.08917577716322755,0.09292028228308391,0.12068319644378,0.10695603077852711,0.14145910500482284,-0.0020827313207605336,0.09591436701337508,0.013277387170933741,-0.018614305557090205,0.10060183767888486,0.0420944411752322,0.18503318039956262,0.11051842637906306,0.05987476937949632,0.07601874529153418,0.030629959637815674,0.2571428571428571,-0.0140705459258752
2020-03-25,0.027888542276683248,0.033043218713259215,0.012328872218679399,0.02740431774330343,0.023466861279541895,-0.024619213620748592,-0.011893764185905487,0.026119230582711817,-0.015000012456154344,-0.004021476112061273,0.07421870658915108,-0.045575429001042056,0.019350899191735493,0.014440469079900486,0.07663827197365469,0.11316866230206957,-0.02227766862239866,0.012269959146016474,0.003782848167930064,-0.02036082202242362,-0.02087606922273133,-0.0028675095068780854,0.005081896365642047,-0.004790765652485707,-0.04464253908822191,0.04294289219971503,-0.0031176962166857836,0.032258550576656386,0.008320378671508255,-0.048045865332441595,-0.0022710376469692317,0.004687471597017101,-0.012807799571664003,0.02845244732346397,0.07861668186389292,0.035196599255805205,-0.035128746489169305,0.046462742365445564,0.1090908628521543,-0.03949553559489816
2020-03-26,0.06086492244177277,0.053919102685747955,0.07307171770481657,0.05268386967635941,0.12061637543078696,0.0757210886845392,0.07314797722953004,0.03757620992057942,0.01431680047548367,0.02288032540629259,0.09696971525694642,0.03400224724601397,0.001667826696013508,0.06964925439347147,0.07267313299554923,0.06469508157881942,0.050401009093804294,0.09531686568612363,0.020726692097980726,0.0415677829072143,0.053482594746652845,0.09073491113662668,0.09438261418891547,0.036409213622521586,0.10451321254844848,0.03417506416521876,0.09225963257304493,0.001837762091251749,0.05998069476040957,0.05264459387491982,0.004921714034541003,0.15357702500957493,0.07185621561490296,0.16869085662148686,0.07509535724244842,0.12893989817075124,0.031148720313138867,-0.008399989275938324,-0.028688504940866943,0.105735943123757
2020-03-27,-0.03181694870906415,-0.038015378539887235,-0.008827422041199351,-0.029272943288434328,-0.011003995632318797,-0.0581003711415482,-0.03580687441568586,-0.09696298979111373,-0.037033264509407915,-0.026315922223626886,-0.05709020829292477,0.028391737444055654,0.004097632847244181,-0.039923959887662286,-0.027890580885684746,0.0017360679943270174,-0.03080262951633672,-0.03319918783529474,0.010284895125999727,-0.04047895951048697,-0.011313101933072334,-0.02724072955492618,-0.08649926534538788,-0.0044485668706995,-0.08791661854968535,-0.01818153817071544,-0.0443809804392975,-0.0003672552950543251,0.01781437213747039,0.013764113436344871,0.026693105199518286,-0.020222459425381145,-0.06052138104120286,-0.009815209163051897,-0.05464071137232018,-0.03730972735207494,-0.045900530537513196,-0.016538855203242497,-0.07623063692354481,-0.08624980717986563
2020-03-30,0.02254032522471716,0.016847069097334133,-0.010178094306017127,0.022049223037386545,0.02764239713473504,0.01660695236704468,0.015660189699244542,0.08150084883754571,0.003945476312577023,0.07162160804367224,-0.02499998124651337,0.07408685352243172,0.00561155436845584,0.031683136904758546,-0.010992634787086453,0.005199343138218238,0.06096692367094514,0.04630580646399873,0.021404324339072023,-0.008318430088935513,0.08418140349541847,-0.0006022559651098769,0.06209637646680255,-0.02569318301684065,0.010408299154795797,0.024465792309269485,0.009737943368812285,0.008076840372078342,0.01382586088328952,0.05295344621954068,-0.008229546286560141,0.05056761703517654,0.012884054754704444,-0.059834134417864226,-0.05580085380763766,0.03348269624286271,0.02796079200890289,0.016406765895244924,-0.08160780428512238,0.02599145143045911
2020-03-31,-0.018747574067299766,-0.013704179859936994,-0.014138743759724681,-0.007455504974806404,-0.06868557552564214,0.002334260559273771,-0.003083745894162049,-0.06818187243223395,0.03230572746369842,0.020176517701654184,0.027644198814736898,-0.021961944655855326,0.0031705314050014533,-0.035988483421717565,-0.04723796757070653,0.04655171931853075,0.0008437977581516876,-0.0029836495006538843,0.03450034340073471,-0.010784853159521712,-0.044868798519633324,-0.004519360450480514,-0.01613788391865323,-0.031766416524896535,-0.01097277583383427,-0.004354025492130598,-0.0029674447068060994,0.0,0.005077161544526643,-0.00795187861416824,-0.008116731467025295,-0.06810746800362943,0.003913890490010452,-0.06427220313588633,-0.05082041054740405,-0.00943884743164225,0.01999980854171235,-0.020580924174407378,0.046087513152547555,0.04833342487879899
2020-04-01,-0.05143777746892808,-0.0630445969814254,-0.0795305805825246,-0.04586857390316834,-0.05994545284861219,-0.07334123285052663,-0.043747328693939824,-0.05391538080267755,-0.0844078582172445,-0.030204554356415114,-0.07095513410389409,-0.09780444901552932,-0.0059314900973965745,-0.056246941738806955,-0.11362573174365664,-0.10873151657071922,-0.01922265211672114,-0.037904717176732605,-0.0704051014414524,-0.027861863780339502,-0.0257092597128723,-0.0463075870158548,-0.08604425236394497,-0.01866810198772406,-0.07234238469560927,-0.032600249463890285,-0.07663697283382398,-0.007140432561168586,-0.082274657765957,-0.0038996468946022045,0.014010367949156333,-0.08573429576925273,-0.0575048868836322,-0.09360263890329767,-0.06922443888786112,-0.03914467730192972,-0.026666546486394993,-0.025134132065426695,-0.18700474678933665,-0.06931631790490744
2020-04-02,0.013722426579191538,0.007746917655919283,0.03965986951751188,0.02010048026632827,0.033429962267114366,-0.0037687529507072215,0.04958314129214747,0.017639244173230706,0.0347163207100456,0.02059195007893644,0.01510713061579283,0.06268446846491704,0.0019124638436816,-0.016877621850007518,0.017767812772778724,-0.060998139189211154,0.027336029013341534,0.030067084866971072,0.01913360046688739,0.008722573716300808,0.03613353998581692,-0.0038080458689768726,0.026183603184116944,0.022998226306636615,0.016231193531675903,0.05369892359031647,0.018533709964397627,0.0033105477257779903,-0.002516537191249779,0.03197041966823977,0.00634633423840647,0.011529561098394536,0.023784854231818864,0.060921120459892286,-0.005210325915134595,0.004288245492850784,-0.014907630203092492,0.01488721758570799,-0.08693955459653557,0.010249391498697635
2020-04-03,-0.01724877799300706,-0.030748919708924904,-0.05040847473638743,-0.014942514245981253,-0.031413609750349125,-0.03783122498882241,-0.009713099997516794,-0.014666692773655843,-0.01814763105212236,-0.026481861925731875,-0.034725282518517364,-0.017001968905071108,-0.0029276411215672926,-0.047210256951794816,-0.05922671308169325,-0.07480317325746988,-0.008534886237373085,-0.018621262433433317,-0.0020859979019661745,-0.02408887663218784,0.004895526320512822,-0.08824476492526134,-0.05045866960048562,-0.007354965268572489,-0.01236958406451838,0.0014300599404075687,-0.08544329655346261,-0.002748918375412801,-0.04966885441126867,0.04383572223827481,0.0023793414114576805,-0.06496957405506121,-0.023232277888761477,-0.058823534278442446,-0.08836324464179646,-0.05391000145162228,-0.03353767859697221,-0.0025146347234685784,-0.022630259817205678,-0.04294904343151118
2020-04-06,0.07909346842582998,0.08746885485194356,0.055953997235369535,0.06167679092183476,0.11737465190400731,0.05111429274926982,0.0628623569324347,0.1542622290889195,0.11373688538862248,0.03238348358950982,0.06509640576584141,0.07447924216326185,0.005233493069179529,0.1492116883095962,0.136907203910277,0.17021281344688965,0.023630712315287905,0.008205455362224612,0.045727723518879326,0.08101271517508724,0.07203456267847108,0.17819684685129134,0.09993983293201492,0.0620718931522104,0.11211076187337454,0.0563415994366383,0.05709344890005874,0.014521602524373511,0.08295997231279162,-0.03876448922489795,-0.0026110203152533984,0.09833399691992573,0.09927611484723942,0.15104167994388895,0.16855860897082175,0.064316200086314,0.0791367115684789,0.03319341944108389,0.04936658358436907,0.061484162567847944
2020-04-07,0.0067944197844007626,0.015419966631696314,0.004076121419473999,0.0010991993852704773,-0.013821803585271186,0.009975057398603271,0.0012583357266915396,0.028136342941259995,0.0385450827937619,-0.021329791468906234,0.028548484446806688,-0.04270696836024557,0.007110583055469855,0.005879512010315668,0.01245313493771083,-0.009090943769975102,-0.010141012017884532,-0.020020613586296032,-0.011494229865342764,0.01053870272764712,-0.02501915049677339,-0.027319028866540807,0.011528931058499392,0.02343028499006783,-0.0021861392520501344,0.015116339158102399,0.07610477155631346,0.0025366972554485834,0.01179720218185687,-0.018273447034479195,-0.010472918213943139,0.03144646760608372,0.011288794380732048,0.025210075048977654,0.03532765618387512,0.009541344500671789,-0.03529387932717509,0.05368006159657379,0.019150669263371167,-0.00798945254041905
2020-04-08,0.04560306842681494,0.04986653435448485,0.03788894752982208,0.024152873607762526,0.06622292194280321,0.020987536021753295,0.03644734759062085,0.05359184487906998,0.03486981887070506,0.034615246184854565,0.030492569648183032,0.03912148170016394,0.007311802630229458,0.03555769692259103,0.03331742281706518,0.05504590848330948,-0.007995994536016404,-0.00314301957836427,0.030586426756031182,0.0585167023119646,0.01178313739373582,0.02870366885046649,0.03364972353472084,0.017491969264971763,0.02892831888553049,0.00944292588230411,0.07224341190735739,0.00939828627259609,0.09176270929029706,-0.004957965548173404,-0.0072757553609053005,0.029053144284745702,0.04558137405750373,0.052332938727191136,0.041743237210128514,0.03911815879093394,0.011788523599779221,0.027016819675904413,0.12377454016768774,0.01543633109215703
2020-04-09,0.0230787406785824,0.04437061303276302,0.10951768485473701,0.014548426807646342,0.03680585588834795,0.08947988018556052,-0.018593424407269743,-0.006493668307914979,-0.01970582849839153,0.006195784038210528,0.01820939419147871,0.03929988614749802,0.014768518711457235,0.00611472997963558,0.020339791529635054,0.20173910389775807,0.002518917343420357,0.08512865437361494,0.025018406826371242,0.017514962658198074,0.014855190118836514,0.1080108431676492,0.07876101848371997,-0.005688243518775837,-0.030351439215065,0.018109586439286618,0.09574477060390607,0.025067031551362584,0.02635209455011256,0.03444559656425539,0.001816770390699718,0.08051584371017295,-0.04003557103456867,0.06770512579837096,0.1659805390691096,0.05785695363078691,0.020891972698863226,0.009394958274620224,0.14503815841227063,0.08327843153937531
2020-04-13,-0.02121979578508726,-0.030132929630450778,-0.08578157103023187,-0.008000091184284353,-0.03724251722336824,-0.027746774013947872,0.00947268396170875,-0.020697129504125278,0.018226766743807632,-0.009852183942573922,-0.013412846310781545,-0.009056327827344113,-0.001356583726589422,-0.012155223763478107,-0.04270024049572663,-0.052098359569728636,0.00502511278436657,-0.0634383671445955,-0.01627184231343537,-0.027434050847499836,0.01494358797306461,-0.08015178156619207,-0.03991236135609688,-0.001970587356660336,0.017901910720619307,-0.015784798556889523,-0.08025884094509317,0.001921337824508873,-0.020269845640560336,0.015706746359518853,-0.009129590282384581,-0.05741938552114756,0.007414265429924516,-0.02525240571477627,-0.08020935575362209,-0.03892957767519534,-0.03187716921628503,-0.019731956804783013,-0.08222222706628224,-0.03935332356741639
2020-04-14,0.026171676741570282,0.017367891474798336,-0.015423962490207388,0.025715224243092694,0.02946499205896158,-0.014840331049460587,0.04161598130173161,0.015572907228023736,0.03502766027854509,0.029850574329386204,0.02832325237192146,0.014911207738963261,0.0022228090731601924,0.03738764538117856,0.0021296771453498398,-0.03206107359264243,0.023166656494140625,0.00361943658930608,0.013378721208825661,0.025995517064610008,0.02683413997793771,0.0005888847844237599,-0.010899647719080807,0.031271917928101134,0.03819624290083001,-0.001915173114503288,-0.024630546882230875,-0.0010463987343504177,0.03613781697818852,0.03237101369349871,-0.00024412687497221697,0.0010267393628613508,0.030358778949433507,-0.012665564085040493,0.004798936838041001,0.012922410502862691,0.030894184741901975,0.04405618556718083,0.06883430583263395,-0.04172009954517408
2020-04-15,-0.031023699628841106,-0.04324726135795809,-0.06788537490669688,-0.02492204257629438,-0.03917492118423649,-0.07300109451107162,-0.014884530566482201,-0.053668994608934484,0.04736485212642383,-0.02053128323889941,-0.05141388416533266,-0.06793066024318128,0.00024652959414228626,0.023266433718373447,-0.04096804859897474,-0.06466881930308976,0.005864157255754288,-0.04945900883713794,-0.04872776732434336,-0.028032266903871284,-0.014877143759536637,-0.0653133611534128,-0.07970294217732277,-0.01599553092378536,-0.05664106749650488,-0.05396338548490398,-0.05339114703148251,0.007155510593377823,-0.040202471893808656,0.008588188947127762,0.026489411534676988,-0.06495727187344336,-0.037500007450580686,-0.08279886904667999,-0.05103534679453514,-0.019872350860421162,-0.050473023712432785,-0.023644915982031667,0.031067993646368475,-0.061955669155578486
2020-04-16,-0.0025536958534445597,-0.00753384997560802,-0.043417226465906955,0.0042597631565812755,-0.0021634667149457165,-0.0112501256490809,0.02544721946454409,0.06134245289980256,0.04089087850847939,0.032059257212134096,0.012388686488796319,0.021864508736319843,-0.0013550796527838083,0.06152470539414856,0.008001894246245866,-0.06239458621750804,0.0268825886220585,0.007046400626295357,0.008074682972483593,0.008319498986165685,0.02394432913464639,-0.026439922925163173,0.02311372753491092,0.0326993748522173,0.04197414645086894,-0.01178828730245518,-0.05030497583318294,-0.00363861077299954,0.00887631058865268,0.012079068050545816,0.01135719615095998,-0.03144421015699295,0.03525047531111403,-0.061029928678295264,0.02541602784398367,-0.021777265193148043,0.005398461377989605,-0.0011178410430847663,-0.11456376195714801,-0.03855811319057989
2020-04-17,0.03977957679112665,0.04934065850813529,0.0966323734241259,0.027268535686560957,0.017011075938743625,0.04424792996385407,0.006591675432320088,0.029443678569344156,-0.024824176898048278,0.04181598828983524,0.041682724039827646,0.01774752501158683,0.0014803755317704947,-0.024779511374278806,0.06191988110518132,0.1276978499017809,-0.01876673442000565,0.04198002216919505,0.0005006372310818463,0.002750251392791503,0.01848441161619152,0.0769477030484671,0.03266180945611907,0.0179895881527099,0.0087758758152654,0.02616692089881667,0.0906903402158119,0.0020868107775438016,0.04041813097623348,-0.01506550216378677,-0.013405279723756935,0.024915024470241853,0.004480303890546988,0.12593094981597774,0.049502158184711265,0.045547623401719806,0.01321771001666705,-0.024617588765469045,0.03084015836470777,0.052729599906680136
2020-04-20,-0.01628799474364051,-0.018656047279531185,0.03204291320622188,-0.014599554381620194,-0.030501392221306767,-0.018159829234016267,0.010400627460515066,-0.02224556094251673,0.0069288948091004166,-0.02522930589770589,-0.012481771453247803,-0.0462841622397302,-0.005543368510953051,-0.02497846429187789,-0.03542259125659952,0.003189789631157014,0.00731272914546377,0.008781419541423752,0.02376774879231469,0.001645665569522503,0.00462050715086515,-0.008705974999364985,-0.029257063842558884,-0.005492526381763008,-0.01069102015586143,-0.008374480463091416,-0.009565969875944158,-0.0020824650669980516,0.023520012042470118,0.019070162619864828,0.008044719997089445,-0.016574504000151258,-0.013380875826925376,0.003006726647748037,-0.015533117731227564,0.01027889028903095,-0.022013767249995597,-0.004971376093215851,-0.0443603511541657,-0.022575095269219525
2020-04-21,-0.031959787934103256,-0.0257999525513386,-0.007762031898364663,-0.030679491742469422,-0.014885033123878122,-0.016029441135849365,-0.036218051354000136,-0.04875438668850418,-0.046971626018157187,-0.040000167846692025,-0.03531593087348883,-0.025974047594248595,-0.001609831510024362,-0.06492930004347142,-0.051746796532232464,-0.06359302031690184,0.0030315507573854816,-0.010240778145486074,-0.0007331080312619198,-0.03504931115630572,-0.019677422227035835,-0.017262269903312033,-0.03964155161266991,-0.035178295989543584,-0.06971056010860521,-0.061767533953199005,-0.01931647514945789,-0.0017393194824436575,-0.05602871710254487,-0.016764010152334197,0.0125921931459676,-0.05280898471235829,-0.04882458782689103,-0.025179927963651427,-0.13813576952067286,-0.03924435092742784,-0.021259226635330974,-0.014219595197076496,0.0032385117766935423,0.010826749456390061
2020-04-22,0.02247410794850535,0.014535814480889142,0.014341514762071794,0.023467748297505198,0.02249305578128058,-0.0037594665314122366,0.05419300842480479,0.04214135857149515,0.04825766973825929,0.02941188082375179,0.05202305152008324,0.031052518782823224,0.002108627418096587,0.06187999344455908,0.030428746461584,-0.0016977508100767258,0.013600565010868149,-0.012933359567403158,0.03961846309772454,0.014188510727975334,0.04309549656806855,-0.025885865805168606,0.014701886837576561,0.023145851122753358,0.044755390501871606,0.023377587023129642,0.015151364568650294,-0.00017437293900757211,0.009299538905141569,0.007137042302085339,-0.010216725666165938,-0.015421159379184757,0.06939158844784976,0.014760377643505684,0.0020078523891178257,0.006303410002869825,-0.009795318878435322,0.034697586502770994,-0.07173601363713267,-0.003570233657714028
2020-04-23,0.0033067118414344954,0.011187619558344464,0.020565757097673165,-0.0010560868968144677,-0.029555105675530324,-0.0037735734303938617,-0.008630272925941762,0.00218595895206386,-0.023858191683803653,-0.01666664497948478,0.006959711969874549,-0.0018716600086963187,0.0007430683720952569,-0.010676146619453597,0.010616263318856678,-0.0017007191644904385,-0.022677333131543076,0.0,-0.0009408869068295855,0.016787767323073854,-0.012334300151456867,0.03005373651791632,0.023683765325717587,0.009121868023168389,0.01046436906607151,-0.007351843812914538,0.022388130904727133,0.0050533147551969915,-0.010665775175672576,-0.0051179026968366514,0.00530852484206612,-0.025702842884949506,-0.004444461398654509,0.021818087303424605,0.04463479177846752,-0.03031807066168435,-0.026236493913916914,-0.013941072016830591,-0.006182374520887324,0.012898498605256936
2020-04-24,0.014540686343197162,0.015333778123344466,-0.022670215241948455,0.010268962223857203,0.012459056200058827,0.0025251912650039454,0.02687342531449355,0.026172059529717684,-0.02631624118076825,-0.020581131339582948,-0.01164058856179373,0.007500895379265238,-0.00037153666205091973,0.016187077970166053,0.004588230558055795,0.015332223908436804,0.026736203292394567,0.010482494884922477,0.015304866788296234,0.011557597326210534,-0.004084421691067042,0.017813091232482536,0.02531267817849403,-0.006448157818947697,0.020496319274040387,0.02354166793309842,-0.005877726411352202,0.0,-0.008707858688899228,0.004155203441130295,0.002346569807580856,-0.02555649609655275,0.009821483234362605,0.015421154798341163,0.022228923047538318,0.015762297972354844,-0.003975352666939047,0.004585589520667455,-0.006220834046796964,0.011319405019792894
2020-04-27,0.02675302857589479,0.04129223703106133,0.12242278054659983,0.01629289217914831,0.012818166836110922,0.028967274590850245,0.01105804959555301,0.0828905580409649,0.03185875426616791,0.023485617120818647,0.030180383834257363,0.001692138450896996,-0.0006189381485095513,0.02477873701283384,0.05036060811411813,0.06208051731390918,-0.015248647091991252,0.058609842969329584,0.026669794860049167,0.036452714982049716,0.009899497254082013,0.07513599494664724,0.0666313138123249,0.020622364626484924,0.03657509894838262,0.03256238097629405,0.0827786966621884,-0.003987394339823425,0.013664285441617796,0.009655053086819798,-0.018613516922430073,0.04272418637122799,0.04155608275127021,0.07184543523923836,0.07277944980550077,0.045535189014195065,0.01995567553719857,-0.01635625607815938,-0.021909212740342965,0.06960470842867661
2020-04-28,0.008003035760757227,0.015788641087555844,0.022962133177997668,0.00014709726924166944,0.014006201201566704,0.018359719970157062,-0.020051231443481754,-0.060843684577668644,0.015386716499569797,-0.012077012912490637,-0.00750258826259409,0.02195927998180358,0.0006193214701935013,0.01640764553621943,0.02780638885624742,0.05529224468420724,-0.04303976936242848,0.019598238780355492,-0.04698445469950108,-0.03307091051841948,-0.014750459573285468,0.03732788531308273,0.017919331983805575,-0.004516608702252123,0.0032632567741934793,0.0027529888682256143,0.018430115848919515,0.0026108041275090255,-0.014167751940143969,-0.005074043826143848,0.01151098045167176,0.00405683854165062,0.0016978317671512144,0.012534090996886516,0.014919763136029829,0.01289593288286528,0.050434902115601865,0.04833708425002148,0.11360000610351562,0.047089776947612405
2020-04-29,0.03822023426486232,0.05241281280215948,0.05050504018120838,0.026470591319934123,-0.008321044231991648,0.084134959298243,0.03236630122642792,0.09926812304925847,0.006482449001318447,0.03300720247548039,0.050035888599023526,0.03719026722153451,0.0019806689031751645,0.054375477039704245,0.06245825684048434,0.13323358775356509,0.005559689296062764,0.0442092010217805,0.03176108547535206,0.02225840418260061,0.0015160747679363595,0.10416668226091086,0.060880121522797426,0.012476936691645513,0.09646279648076517,0.02383666760070291,0.09450394762088621,0.005729071024810128,0.08804241575561966,-0.015692626068369186,-0.005188583950595849,0.03353534623320997,0.07372880266918891,0.059741626929949776,0.13287826311244633,0.06173400499073112,0.034354210496737814,-0.015492147109243959,0.12104881154504965,0.10337278246327797
2020-04-30,-0.022052280815118896,-0.03228600746153676,-0.05128186061768092,-0.015472745065065685,-0.019466169809115863,0.031041864773138972,-0.036396421021414604,-0.06083647822908522,-0.03139001640214756,0.0011833088436081773,-0.018512174952700633,-0.03904383002601708,0.0014820927776961756,-0.061240953926387065,-0.03845748881074107,-0.07926028637566662,-0.0010727616198266121,-0.04325795766589269,-0.019297040573026614,0.03133292635093099,-0.008988167470205366,-0.05831903605963562,-0.05231618856202325,-0.03125001686923845,-0.051172800566812504,-0.03510494796783159,-0.08511931251750016,-0.0003453140560990553,-0.07373693991446861,-0.003985496734641991,-0.011677328816221966,-0.06059419390590581,-0.05682717148328642,-0.05078712126730467,-0.07057841746476068,-0.03981897346007346,-0.01600615566668373,-0.008617951509150679,-0.05222682501062759,-0.07302579618279004
2020-05-01,-0.03709760070782575,-0.04436535000771813,-0.03941464299362507,-0.02633878469756623,-0.042957424224516094,-0.04086039129727792,-0.04899026485805613,-0.01518225762865022,0.03772002090326709,-0.016548375905268697,-0.030387655458410268,-0.004809404846072285,-0.001372456044778092,-0.033476343555248866,-0.011660850805513934,0.08034439547684702,0.013217665706600323,-0.03751830808931489,-0.02857806149570985,0.14727081709347356,-0.021337445681211875,-0.033047226392427964,-0.02164395128976071,-0.008825300799205738,-0.06018564231881529,-0.046614553661283975,-0.04350741350358045,-0.005038903273678619,-0.06908485790813168,0.008603376698318899,0.008563408227212799,-0.03828546658776866,-0.050209157939083426,-0.049223922481187565,-0.03135738133190513,-0.05065975961756297,0.016266520119877725,-0.021163901914995287,-0.10006758255940529,-0.003969350905519864
2020-05-04,0.00472130774260493,0.005942202206627778,-0.021101943886458252,0.00328793573173769,0.012696830309007145,-0.005605389481564194,0.010617237057830575,0.0,0.0031047774180412713,-0.006009543580859034,0.0014408057874504276,0.017163953974413948,0.0012380750938838503,-0.003996454296556817,-0.011136863039374334,-0.06905710045654145,0.018426433820741606,-0.01249337367894765,-0.009163276029168,0.011220896555093285,0.018632308859900082,-0.029870882825458356,-0.0004969524763417388,0.004052737971043108,0.003638774725555516,-0.0067576543082653595,-0.025892067692650178,0.0006962247047652692,-0.02126711669524406,0.007339805432521995,-0.004703695782327544,0.029857131548961968,-0.01409698640606627,-0.007315851958877517,0.013386377429853491,-0.017126054499677634,-0.022008784056709474,0.004633310016642245,-0.051089427778948426,-0.024831614057849838
2020-05-05,0.0063909043738721305,0.006830652514577373,-0.028742524579331907,0.0070014539467098125,0.011654451997785698,-0.037203956334007526,0.022179036876964986,-0.00102745964520512,0.02229169819412724,0.0036276093985196933,-0.012230188660129482,0.012614593113345007,0.0003707745302319321,0.02006236511227244,-0.009478127466866604,-0.014265389187537503,0.0029620935580816354,-0.00809705873607025,0.008761270601477245,-0.04083447064359236,0.008188064957651342,-0.030235526532635726,0.014175345576956877,0.03522726413757038,0.016262651748848667,-0.025213380672406638,0.020114768338512334,0.0022612166012541124,0.019146015203974853,0.001969338195646708,-0.006401042447821248,-0.002520951107859104,0.014298552912094475,-0.015306075634992644,0.0004578035904854172,0.02702037838497806,-0.026595782327527462,0.009223715630847895,-0.0451306167584663,-0.040238796362520146
2020-05-06,-0.009899087021643549,-0.00788418690588677,-0.037594107381669684,-0.005325555748141753,-0.04119384950722227,-0.023418938212440232,0.01256184540733396,0.003086286198771271,0.19637968557664776,-0.007228994827461421,-0.016751569080369233,-0.01132488372838869,-0.001235309065850232,0.031468585975201524,-0.0069796547765608175,-0.052098359569728636,0.0195562308549575,-0.0285715618108644,0.02484918601540298,-0.0259139470496359,0.008881401479319706,-0.04090424661645453,-0.004414145649952905,-0.0007089878475066147,0.044031925913392334,-0.013685566897950197,-0.04366192341101249,-0.0034705308322020567,-0.03578349914634271,-0.006289405818632354,-0.01613598614388878,-0.01347933424759229,0.01057267678642515,-0.03396661947276325,-0.016242895098546817,-0.008114011410244149,-0.012189999732070356,0.017517062536747785,-0.05016587685408003,-0.026858792626793915
2020-05-07,0.01867584558824098,0.019219983368496063,0.005208506521717116,0.013236185286878754,0.01711271060544317,0.019184261718034445,-0.0060150518359457505,0.003076790343198521,0.0392257355924317,0.009708705328624445,0.018148085131402647,0.012600073319347427,0.0006184184708686313,0.06313558250143436,0.020292494434935637,0.016793840225049594,0.008220428989022421,-0.02310935908749856,0.01836155338281853,0.039905017073922355,-0.0030128070566594056,0.0077547954365355665,0.007142948724626619,0.02808158540583139,0.02499292237715478,0.02594717290319193,0.009572831195080678,0.0029600751373826117,0.002474132341070634,-0.006329031138756935,0.01670670531154972,0.0550810698637203,0.026155203465620724,0.03277706631192645,0.04581235699796493,0.017848250790333253,-0.014893576688791765,-0.0134729520730823,-0.006983843233424714,0.012117196756583626
2020-05-08,0.026666363493188072,0.03662729909152884,0.06088064591146458,0.01658586476202606,0.029174594561163447,0.030588550531337688,0.015506840188540538,0.035787491073086874,0.01619128997145647,0.021634716441753854,0.015642050582211908,0.003555254190509727,-0.000247836317880723,0.0075727593823078365,0.026777818467881964,0.07807807700304537,0.008308800546368511,0.04462360986787206,0.039066169833044784,-0.006852469959664376,-0.008216119400208055,0.06806740927389576,0.061873382702533064,0.014951156956700684,0.022287813406347556,0.027724974535249025,0.0751276751976806,-0.0032984841487697647,0.07157174504198283,0.020302514764704904,-0.013001251475832643,0.050182161124743496,0.062022048754875714,0.04443162492741304,0.057528642221710724,-0.009985088602234793,0.07257005630379809,-0.0007589626453646803,0.11736264071621738,0.04256720392542168
2020-05-11,-0.005952026466685134,-0.006821663578868931,-0.06471283303271946,0.0010109817292203171,-0.030260668948476788,-0.03881293329175295,-0.01899440804417707,-0.01085900617328106,-0.004346650301830346,-0.007058900923617051,-0.016833694228214013,-0.005313954601115389,-0.0002470092335250529,-0.024129770323693234,-0.0340872351590491,-0.020891312272493745,0.021101194498140297,-0.04323181054238012,0.008453861216139114,-0.009199638672898636,0.010045708946679,-0.036575184680551764,-0.01888534211857551,-0.005665722379603388,-0.003354201809821933,-0.016054928297424942,-0.07123487927396532,-0.0036580987142165178,-0.04922981699849127,0.013655743105493334,-0.00780582284309117,-0.026589607439302165,-0.03680000305175779,-0.050276116299125206,-0.022889054198928505,-0.008364404060643094,-0.012887667593453722,0.022399793225559073,-0.05704172929140494,-0.052312533757610025
2020-05-12,-0.02213785616473929,-0.034871336838719125,-0.05744139441502705,-0.01687604295337164,0.0060974372920235,-0.03444165509685582,-0.011009947707252499,-0.0059878686143418625,-0.024349910835582578,0.011848335740561877,0.04663004372552826,-0.010037294506323846,0.002598014905979884,-0.030401297027992102,-0.047053601580992366,-0.08677099791025955,-0.00731579491284684,-0.04895134812621649,-0.1769247768322244,-0.012070532236754916,-0.01550778084350457,-0.07794093718467454,-0.06877927190870503,-0.0016523833967682089,-0.016640088904601336,-0.025678726394573137,-0.06720216857701256,0.005419637189707505,-0.05299010164096318,0.008468130051838552,0.010264162672886323,-0.06373713704631512,-0.027408631623887958,-0.05235610622271669,-0.038734685273235425,-0.08260957361170551,-0.03508766163173771,-0.01262539238157434,-0.05047972962596314,-0.05318099886866945
2020-05-13,-0.030061120946686226,-0.03832104417362858,-0.05263155095312577,-0.013204319732911252,0.0074868016907367885,-0.03936061257790491,-0.010364544416375576,-0.04819284907283383,0.008463502925617261,-0.029274058637440814,-0.032022145045831785,0.001635133920141696,0.0007406197582371377,-0.022157219270695916,-0.05302133360313366,-0.084112142591243,-0.0018233569615416778,-0.04242086058171268,-0.050924724093927676,0.021146609510454883,0.015464797685803777,-0.07236440021081303,-0.04789507875930854,-0.034472965661063615,-0.034794383771027504,-0.03568958889264662,-0.06734534721172947,0.001217353829911616,-0.042206344828413234,0.00190836650523174,0.0069969530506643896,-0.05961944881092385,-0.03586678692790235,-0.0362184779423107,-0.02833482298750778,0.009735083489123664,-0.04862543504487138,-0.006393333717499283,-0.09007034814559367,-0.024528903970521543
2020-05-14,0.013965819238001664,0.013092820209367195,-0.0014619899457312124,0.006244702705659355,0.0028309284658480927,0.0038413812648088186,0.019394914542928632,0.01898717164979624,0.011359254890440651,-0.01930029859794491,-0.008989594057289496,-0.02252650421041158,-0.00012400961163072655,0.02351437190086414,-0.003352008221370828,-0.044217725139714115,0.0011416797907577436,-0.002953233113652143,0.008472161489785357,0.0013806021101652188,0.013532025401558512,0.009751276177629942,0.006883953263110643,0.0056748047777861466,0.0037431364997004835,0.028611808133762073,-0.01763236981869465,0.0034731411946924418,-0.02603913288131876,0.008952255918104335,0.009786567092379572,0.0274280337897157,-0.00620015013824049,0.04012731199030406,0.04031860099854345,0.01446149848152567,0.0022218845199268866,-0.0018928501964396993,-0.01979719292790827,0.005102209543897063
2020-05-15,0.0052832464595307105,0.010863461367485172,0.014641117477167453,0.000886130166174226,-0.002470175509800332,0.003826600374415401,0.0022830079763342948,-0.02794995885910645,-0.0028561911337068313,0.035670467413371654,-0.018505075892969125,0.010063600654365734,0.001972551054555627,-0.02923979729840087,0.01856001353295711,0.04270467132428535,0.007678814842313475,-0.007108893923193138,-0.003640360032226786,0.003216935220983208,0.010653115251614498,0.006993130471899978,0.03470918040535409,0.012225955277479716,-0.004710439854008097,-0.01563754524830674,-0.018803341994042322,0.002422928860458251,0.008397623225652406,0.010572513822333596,-0.002572205056663557,0.00568929468757462,-0.011586462686898225,-0.012859767831089997,-0.006991874047592828,-0.0044880292814176714,0.03104215027129853,-0.00265428950152935,-0.01871917118464017,0.014865782049209741
2020-05-18,0.04692165898901668,0.06633295208124435,0.11976918227411182,0.03395364915863053,0.04209408859996833,0.06988548277391304,0.04707674422225572,0.06602726621103461,0.025172582508105945,0.026128278367125723,0.0029574839496959715,0.055297289709885566,0.0014776336332844586,0.03872631787409753,0.10945340522275315,0.14334465129900287,0.02255926999112723,0.08591885120359799,0.015176983503097041,0.000458064306055439,-0.0007824548180873636,0.11441799899822591,0.08945362951504188,0.020324022202817593,0.06891467763604764,0.06762242405312802,0.17160286019839432,0.0020721659041460505,0.14191054692327132,-0.04838427387126698,-0.021954172774102054,0.06005224780883123,0.09648328945915563,0.10856109175115303,0.09589959719557584,0.07584205189264992,0.06494600826860175,0.025095043314957932,0.21134533475644002,0.08788867923269361
2020-05-19,-0.00986009301610613,-0.014769622962705564,-0.07087629386791339,-0.010136905302394084,-0.011555073661469573,-0.04513046024235212,-0.007614385548033065,-0.018980784589395228,0.014347594201936653,-0.005787166813105871,-0.020272716340605013,-0.03571993928974959,0.0009824952952677268,0.00911355535483005,-0.006503570980447848,-0.0447760779758305,0.04950938371064306,-0.03736268136964349,-0.015503808835924837,-0.015567733745272538,-0.02151287314383954,-0.056973481137703286,-0.04268719337715521,0.006544840091873949,-0.019276966253321315,-0.03384258672213036,-0.06394052649030713,0.0017228873123342758,-0.038101061115336954,-0.02591298082358462,0.003740667990253854,-0.003284107133167291,0.02384868137270124,-0.04700640936388856,-0.001773456600795864,0.012570829608292033,-0.05775442440612355,0.009644026750105006,-0.018648937888173678,-0.0591132977811607
2020-05-20,0.017381862128658332,0.024691327835119736,0.06380035668346506,0.016731304714775463,0.023726917522608026,0.03731347594345413,0.058092843032919506,0.02036648501546967,0.027730873711619086,0.006985010278711901,0.02784051998148196,0.017624059661824898,0.001842010450553877,0.03448276402057804,0.045378942548786716,0.07343746612314184,0.03233964192266314,0.04509128471667245,0.010967361490074712,-0.02186050075636059,0.016006838210326224,0.08621785196916387,0.03776814609808454,0.015379402981546386,0.0399700517058168,0.01894541171479447,0.07545663259107194,0.006535935180855601,0.03140966370508247,-0.02922189979277945,0.002994093010835419,0.09308072548889212,0.046586339967204404,0.03934253682253597,0.013950398267921216,0.015092819336882668,0.045864040956272056,0.017266516780765517,0.051942547566922403,0.08097711715556044
2020-05-21,-0.0055170323116555675,0.004819327509318239,0.002607481528496436,-0.008795627705560749,-0.007782015153752542,-0.005995363079368099,0.004834139439088503,-0.009979883155418534,-0.01641894414654277,-0.0023123634663730908,-0.0014642447947378345,0.0025657127381157885,0.000612397702622669,-0.03492067624892348,-0.019104256298420608,0.04221251334554088,-0.05890761449339754,-0.010922995236919086,-0.00890124306072626,-0.006657116973936228,-0.022010130805239392,-0.009269964190012359,-0.004696158156668351,0.003285423387208164,-0.030114028356270306,-0.010968435199089188,-0.0029540566093988474,0.0010253804479736228,-0.008100794255776145,-0.02055210819638842,0.0024980080939176474,0.03428789265757404,-0.03376819565620737,-0.014124415590448858,-0.022834932726774393,0.0062347322942755135,-0.02049199471671792,-0.029252471085516984,0.03733441633370371,-0.0022602878040015595
2020-05-22,0.003042345996436824,0.0015416448785048331,-0.01690492616589767,-0.0011450545304375614,0.02301778906213281,-0.00844378094317988,0.035395350276183235,-0.011088678167541999,0.03264962363115531,0.028968902956944875,-0.009164089321947788,0.02047330855596452,0.0003672137407224607,-0.007812522057640159,-0.008980760089796092,0.0405027888314613,0.016788421915061358,-0.004417358114009007,0.012910442623710772,-0.002393469092915934,0.012603050933338134,-0.019591023456566714,0.022882984110208726,0.012210673089862789,0.0002797442088418034,-0.0008116100800408255,0.003703531596231935,0.001195038591770059,0.0036297411606152075,0.02479835765890459,0.006015698509114653,0.030965318948002585,-0.0007942993455627434,0.009168947783232628,-0.015755484058826985,0.006673321018417999,-0.02343092011370196,0.010416767879733557,-0.017027884344402833,0.004207463542393208
2020-05-26,0.02444239463872422,0.03317936429954971,0.08201058760989399,0.018770883511818326,-0.0018331977711469882,0.0571773095644057,0.008961177499566153,0.06116183737856895,-0.008486782124492942,-0.007882839620664384,-0.0007400561321722066,0.024294794264499986,0.0006122379876465356,0.04144218958887991,0.04716680311113386,0.04832216680954704,-0.07337554595158824,0.05934547022185965,0.05901914821583887,0.0,-0.02573457286788272,0.0811216482653232,0.041743243561374044,0.011624776184340435,0.03178605711511384,0.0711965428753103,0.10553527184773781,0.0015342256334076598,0.06434582836167269,-0.020475694243589193,-0.013409618237141485,0.03851592345040489,0.0445151369644623,0.08972181339021046,0.054115384408565115,0.07315303921769711,0.0569836264624306,-0.008468179676737408,0.16299217949502576,0.06284227743252369
2020-05-27,0.022466130057033684,0.031948391998958714,0.0794621897343264,0.012517476674952288,0.01736521017235737,0.09205989778370283,0.00986864526087583,0.05379460785783485,-0.015991903441278876,-0.003405454368792027,0.021843835127517863,0.01790363026436559,0.000856213204009526,0.01949867468486821,0.054634528867604226,0.09731110852917602,0.03317978053360515,0.06492140349437947,0.04003136395684104,0.022552730514300512,0.008452542681847808,0.09572444969628435,0.041620670918938174,-0.00802217433064667,0.019152469078495438,0.047510779085417454,0.06942568149178108,0.0020428431695815874,0.07588832116691435,0.027449274077800734,-0.0018367138545187789,0.018033366666148076,-0.08599696232238996,0.09275659294695227,0.06997963736684554,0.05426903343641887,0.00891787995214055,0.03119187014473268,0.0389302499285229,0.08520321739703651
2020-05-28,-0.006983550584507392,-0.019249366044033045,-0.05322797702344839,0.0008336609276187179,0.02264892159578369,-0.034773212191590686,-0.023778676118519138,-0.051960075058665844,0.007711652745265862,0.02050136730820329,0.01630440286677448,-0.008718906465583265,0.002078050843196788,-0.035128864028008966,-0.05526449711278525,-0.0326720820235612,-0.003345204682946301,-0.03539820374902347,-0.01987423686861245,-0.00891602959541915,0.013334626377350167,-0.037260918134264354,-0.04250772260276048,0.009289176864970328,-0.032859605122245616,-0.0359470213973162,-0.06179756728417696,0.0010196943363247613,-0.01921274312593224,0.01767390122333312,-0.003679857157345867,-0.029411743016454883,-0.04746050271737623,-0.04005745254289028,-0.02722024752320429,-0.01674011888248872,-0.055042098486906776,0.00036005668737493224,-0.0586510626616531,-0.027381977780550404
2020-05-29,0.004288120143437046,-0.00637871238639709,-0.027511693396069736,0.002359392503883617,-0.009950488903773924,-0.0644109287668223,0.08842163154742932,0.017307933197954872,0.02963152299602667,0.020089312371019297,0.028877009984942914,0.029116915947991817,0.0013423998085979605,0.018203914864040938,-0.008685582072678888,0.06151993139066758,0.015663390243935815,-0.005606628029098615,0.03850102759878715,0.005681822165723771,0.0292790705766095,-0.017782431823350264,0.01791866072332904,0.007741825693268645,-0.005050515171696857,-0.011386274313971323,-0.024617639541892,0.005261346023880842,-0.03730060898966292,0.029482987452353004,0.007140910034889814,-0.028236938670944345,0.04807694151300268,-0.03676093848544615,0.006641631033198259,-0.010002058728907137,0.0314625036495042,0.00503952773553995,-0.029421893114530695,-0.03648402711244281
2020-06-01,0.01024795243297083,0.01761308801670558,-0.022140245804341818,0.01273868182931892,0.020587000000539257,-0.010501351568339645,0.011036305903395771,-0.010396945712813577,-0.008911862543725668,0.01422328668081696,0.023215365279986244,-0.008841367013417312,0.001635326554408012,0.003575691391143776,0.03673594008465053,-0.061363630698732186,0.0003672104900507289,-0.015889091887442808,0.014087980912559361,0.04849337710973445,9.13633584720408e-05,-0.003993601447991213,-0.004373626950559428,-0.011335557200334412,0.008952606240864025,0.021009954120640995,-0.006821117438261304,-8.492726172160125e-05,0.012961739806430117,0.014515388587462708,-0.006732574974509631,0.031183605918601698,-0.030859040252056325,0.02217648808234496,0.0643826647748662,0.012467722565645767,-0.03421270106969876,0.01575940914961227,0.050641873130574,-0.031305546396105055
2020-06-02,0.010143441826262478,0.012131854561814093,0.0050315327202994364,0.01093780166338365,0.001270656852690788,-0.0023809404129448986,0.049424026278253264,0.011461311610133418,0.018588287986607055,0.02912615575144062,0.03013892079207703,0.01531354615567837,0.0006090241741967262,0.00039589187613708887,0.1062010019591253,0.019370441038567554,-0.011892490843270487,-0.01927120048441222,-0.00926144929864603,-0.005388418826941077,-0.00748759732734583,-0.010425009373412397,0.021743919105551957,0.026245730930244626,0.015825085979381148,0.002355186758694394,0.002060313533887914,0.005247036978886177,0.029306512284509312,0.005607061034251348,-0.0036354999618128936,0.04398616978034564,0.012048222435590672,0.01967720605359502,-0.011863967100589012,0.005732404005226233,0.012803975071659979,-0.010578440928794453,0.015274975455672468,-0.004309232734162283
2020-06-03,0.022092038119880808,0.03004645272196882,0.07759691684177028,0.016364791522720967,0.00586954673477913,0.04892584300555036,0.03900581800437286,0.07743135121178013,-0.007269385833443609,0.031446641004553966,0.009533115742438536,0.02123289151930785,-0.00024319942156092456,0.0435298916321063,0.007363798382292952,0.06413301151544748,-0.039375949564829815,0.04036109553148037,-0.005658138949568459,-0.0027087638073788334,-0.015778004678535962,0.0551054255733614,0.03224415822762361,-0.004553640832215655,0.04025189459556233,0.052931066755917744,0.0411241211841904,-0.0013468653355449556,0.049725978595279496,-0.06133429899836096,-0.01329727842447792,0.06484529328188748,0.020408143405366452,0.05690258841146556,0.07088134494522391,0.009922001523140045,0.016434857447040763,0.01461177495911925,0.12504184879794944,0.06306034455641507
2020-06-04,0.0014736980271974343,0.002017292069179666,0.023228903955018865,-0.0054557090121801766,-0.01577075080451318,0.020478074338760033,-0.0019466154665452873,0.028045742746514613,-0.015852035086775906,-0.017276784002140277,-0.014978841608920157,-0.018497466286097497,-0.0007310859355705857,0.008722014975977244,-0.01854896504030812,0.08258925981781617,-0.013225109617226227,0.005615215720349953,-0.020039524871034553,0.02670895747640145,-0.017433305665872867,0.015873034610591086,0.010828875458515519,-0.022446815003740017,-0.0003461351806564039,0.03335693683049934,0.03159955094609601,-0.001517345177942997,0.017827789961642804,-0.0010242480953153166,-0.014478536918978158,0.013601319947023516,0.024166663487752205,0.06320209897102358,0.07548076377102686,0.004180435515847902,0.01741292896959279,-0.00175647796811218,0.16196126897797636,0.011049917625165051
2020-06-05,0.03319166382199623,0.04459563215680595,0.051078299392723236,0.022879235383066243,0.010415175724590275,0.06020071142584538,0.0,0.0699062288627148,0.03207181365802869,-0.005170688339593554,0.026776938784867088,0.021914101788772733,0.0014624767899416025,0.026691694522202436,0.10092166435438465,0.12680417732954874,0.010345696074189448,0.07512727267468566,0.008078760158882536,0.024691374146639467,0.004994556856994681,0.09072571320868561,0.04182121331673705,0.005169207501100503,0.03515758943504288,0.030915985324703632,0.07849430080152464,0.0027017756671818827,0.0616790394093929,-0.0120975400657799,-0.007123721535927108,0.06678853810612306,0.019528053040122062,0.034346193751537246,0.07877761557416307,0.04454658261601274,0.022004992435645132,0.009500337960318683,0.08465476988398835,0.07880323760702335
2020-06-08,0.02500376437440255,0.030388217861619715,0.0,0.01164161014105014,0.032349875381206594,0.01577285540231621,-0.02619104701829733,0.013545585035592778,-0.009308718572892616,-0.014552938092873724,0.00032191432819650423,-0.007577054949401862,0.0003659308155097296,-0.0025631525519256293,0.020972544244681535,0.004574495486232566,0.04569078599273735,-0.02266286887845126,0.04557975659690405,0.03356272462984533,0.015003766021619125,0.015711489432152392,-0.0037570278868378493,0.010339434343551224,-0.012297204380498306,0.005072030458874943,0.050295608952612536,0.0035366622148549354,0.011666019021004947,0.0354920621061281,0.003843320471019318,0.01915386420348031,0.011173211995716192,0.05449094002155053,0.013202012899653504,0.01972869579630432,-0.002392113950751118,-0.009062040773038627,0.14807825517311546,0.024260262831695245
2020-06-09,-0.02115146090650699,-0.02704650469693448,-0.0075597486806744385,-0.00879237446725789,-0.02350206127124488,-0.02588004475565131,0.006294700520620866,-0.00864761494070232,0.00881401794626635,-0.014767671703349583,-0.01673642437372236,-0.00965095016303652,0.0,0.0279001554797238,-0.054915967021148426,-0.07559198163108538,-0.002893170480854468,-0.012077438741161739,-0.02107786989497562,-0.0437135076962083,-0.004756313574190818,-0.014785841455737248,-0.017864561661612544,0.004339892634176001,0.0009317758781564045,0.009104349428743053,-0.008450810793119268,0.002181387396595902,-0.03622602843479539,-0.007216273916472726,0.011358384211500816,-0.035624137531748756,-0.017363872589112095,-0.02785610819024875,-0.025671936418930175,-0.05198355837043622,-0.020783512293680362,-0.0035175154231494865,-0.08317928427377097,-0.020822585677023553
2020-06-10,-0.01892773820905902,-0.03134686207576054,-0.06746452050905827,-0.0027393536071110836,-0.0022024800192600447,-0.06163658211972611,-0.0031275515054270953,-0.011895457160472245,0.023487225503640685,0.01284785864300475,0.006874033579116201,0.001454249398587626,0.0010949914936393412,-0.016785689762660483,-0.03567046230721316,-0.03251230897620849,0.021575729614401462,-0.027873092678124545,-0.032052791603372266,-0.0056596201454433,-0.001311951050494753,-0.05772371217522587,-0.030315247725553163,0.005601510103239615,-0.008123204106146975,-0.047396348592499304,-0.0943181681265588,0.004688367009239469,-0.04423499255492025,-0.011911451193676426,0.014827480760064127,-0.04421169796952917,-0.024096401231396558,-0.0697675468322585,-0.06623767082058485,-0.041228628443658044,-0.025714271621434803,0.006000507974633251,-0.11021501425213298,-0.05396049850267426
2020-06-11,-0.06961390215534169,-0.0780032752153893,-0.10151689900730787,-0.056245869366287504,-0.03909812036997229,-0.08833527911402006,-0.04962943636405359,-0.10834656676198018,-0.03583755638032726,-0.07399579108372845,-0.07509751791559827,-0.01699331237414481,-0.0030391997612827515,-0.09698510750815681,-0.08879393575804273,-0.08757634250544044,-0.0174058657937749,-0.08400411500199345,-0.06673415350607403,-0.062171552501756655,-0.04217680895083753,-0.10855158684202648,-0.08545209099677431,-0.02413794722417939,-0.050588694446379034,-0.05613697699075049,-0.10602245333147087,-0.009166562737821682,-0.11911965514947775,-0.019820447283685483,0.018901030717292766,-0.07790630294053069,-0.09465017733633341,-0.11830355871383091,-0.05544708316911762,-0.06751215999802274,-0.0402178382272913,-0.005613806037541136,-0.16112792873085446,-0.08597935816725633
2020-06-12,0.022118710176071366,0.026821220669195345,0.029870333357854495,0.01441431782156144,-0.014273987339798566,0.02484483281916905,0.012305124609123919,0.059405863074567966,0.04845613178453956,0.02054803921446302,0.04920913989454201,0.005318952022173917,0.0006097584962962976,0.012872071076738933,0.04029524066873558,0.0033481844691369833,-0.006818842139274972,0.016474734238632216,0.05037921729682182,0.04295045495822025,4.892903834385898e-05,0.03683324627155815,0.025068330574971265,0.006795324929261604,0.002965261024386212,0.019012759536750634,0.03999995969699266,0.0038686410936381588,0.05354551501017579,-0.01876142575193951,-0.00964121588369471,0.010231032846494958,0.02545452117919922,0.05367105899212188,0.0423747357354054,0.00023056004164501154,0.015713594077139126,-0.007762925607901039,0.19027611676637313,0.03350752761760467
2020-06-15,0.014200957408166515,0.01676861092252846,-0.011349399050946563,0.0068067520706158735,-0.012150263921093307,0.003636421690779823,0.01956736189973629,-0.0016990172027556705,0.030755337895293167,0.010066773130106954,-0.0022470286111397897,0.03703703703703698,0.005483936211386986,0.06473388169227112,-0.01390224865973555,0.07119025134782087,0.02350741713794302,0.004322284303430068,-0.005930880595053423,-0.012085890861737392,0.00822849662670011,0.014050793672913287,0.04313040536605062,0.019276497748628163,0.04237595892538226,-0.0010765176290695733,0.02024316993300146,0.009216257132875327,0.02466279658486714,0.02783059225466533,0.000554086011893995,0.010454080229466367,0.00886528225505434,0.031234951753070783,-0.008002758132193422,0.011756338817858092,-0.013751541545903079,0.01635831575323432,-0.016641448561558025,0.004461731407315872
2020-06-16,0.017502899180795284,0.023945484528082206,0.039540861518978954,0.016559396180664487,0.010446354195646101,0.05555550058677472,0.010177075225766385,0.030637841720829062,0.02841992398877169,0.015504049807242515,-0.01277311013471627,-0.01672328152233149,-0.00036331214247831145,0.08877288756154678,0.006806072805269459,0.010384156449328996,-0.010791073958458242,0.029047606459297715,0.02360570338318624,0.020842744606575092,0.007529663176162771,0.04444449400247685,0.0362317951178901,0.023096893106272054,0.010571669174286313,0.016882104927697483,0.03042326641311388,0.0026560075573822672,0.03444136654554897,0.016329122695770026,-0.015333208849746316,0.009376013092618152,0.025483300433804423,0.027027107374464565,0.011721726875915106,0.02939170184398554,0.01742923303940791,0.0020994177253363944,0.031025617550580975,0.03731138674334811
2020-06-17,-0.006225390835263966,-0.01657096305677086,-0.06257683444972828,-0.0005385267261809323,-0.001500711215576045,-0.05720830976107205,0.006908394903937243,0.009909417191331205,-0.01529058273267625,0.009814658499808893,0.008512204258649403,-0.011819204017877616,0.0004845922482190623,0.041795111032322474,-0.016996640119370743,-0.06166489784412743,0.02395518569958921,-0.021955198669221687,-0.014698378859964278,-0.017754117671127112,0.007714585495115722,-0.043053511553983737,-0.014603283701481562,-0.0019158616818815144,0.020751674008286702,-0.013069422543480869,-0.053273613248722596,-0.0018213503787402052,-0.024553322700562985,0.004880983870654498,0.00412723538514892,-0.016335695857866872,-0.005998260014274837,-0.02540845527642943,-0.012835352609437023,-0.009517654376108853,-0.021841716812481704,0.003491572349756389,-0.023874635820207324,-0.04881553701458363
2020-06-18,0.0008243525816309383,0.0007873408942034033,-0.013088937908492637,-0.001212338010326719,0.011356004344566628,0.003640911560173432,-0.014007839798870991,-0.012264895502046014,-0.010376883438784179,-0.012958857280669034,0.007765040322270211,-0.006709332064810614,-0.0004843575323134619,-0.018086130872090433,-0.008645222963975185,0.0076669982417088,0.01677225641927449,0.011223993311956448,-0.015689315678846794,0.07139630206878689,-0.00846894114006369,0.009154810241924771,0.012941006974036107,0.011568847529973558,-0.014164333993654021,-0.01431631485551943,0.004745722455169243,-0.0006633360484249451,-0.01581422584660397,-0.0072860992762512344,0.010588296318358337,-0.005210019629260265,-0.02068971697413624,0.005121090457637756,-0.010447849347921534,-0.012960484556206464,0.012697130872531881,0.01113430726904574,0.0022929975181629203,0.003601579894963569
2020-06-19,-0.007577093500311105,-0.007710640504220434,-0.00928383066159777,-0.005663995791947318,-0.019980038477830808,-0.021765534653422347,-0.0147870026125686,-0.02235096083793331,0.029092246250835174,-0.008752956418565105,0.01842525468096512,-0.00822302947477993,0.00012093075611385729,-0.012391186593115111,-0.04489154934390682,-0.011956484669322198,0.009628322905143705,-0.0026424874692337896,-0.009929476445515562,-0.022775176859900048,-0.009506251726419168,-0.01321948371838122,-0.017515026017408175,-0.00046162159158891214,0.0013522540972548125,0.000484003197109395,0.002024167943711186,-0.0009958952777812113,-0.010980187338766934,0.0018348706316488883,0.000800924109239709,-0.03993450002429333,-0.005281643288353122,-0.03705425603215695,-0.021232569494912812,-0.012451894560857268,-0.021617048182353882,-0.012044069866540053,-0.06354855084654953,-0.012858941583039352
2020-06-22,0.0018258216077957634,0.004757396449704077,-0.008032052467313755,0.010036497585860227,0.009603738412031548,-0.003708419138141128,0.021483330392657818,0.017781553099824654,0.0331388046996095,0.015452519848626167,0.022697491530253133,-0.015694409696768608,0.0008484770922592144,0.012546654530522172,-0.022099992883558905,0.0748075130650232,-0.010307841065926082,-0.013778687487151386,-0.0029031568256402407,0.00302117000033153,0.002387224006047628,-0.004202380654636073,0.02118302578273945,0.00944079863674574,0.008946662085876689,-0.01100894082540027,0.01414159399186965,-0.0008308940449179847,0.003926296398532703,0.013634689026472468,0.00012341742519494936,0.012955950343297218,-0.01858407385861427,0.011063320810163146,0.014493801350265345,0.005272778940818679,0.0379802820886197,0.016719064810076123,-0.008143301732301267,0.014238055323688714
2020-06-23,0.0016565591995232332,0.0036300933522455114,-0.006747645903374733,0.00469986310872228,-0.004672731932504948,-0.01612887588186407,-0.010083702461066602,0.02745416388194788,-0.007160692252532352,-0.0010870311505959407,0.011900920383454805,-0.0025570779036986346,0.0,0.005023429854796202,0.03989392186981933,-0.048106473388680904,0.015799884775276718,-0.011821503229731967,0.003176356550011139,-0.021084410522459907,0.006998739022553879,-0.03930391999283367,0.006777604677181026,-0.00030503616807564526,0.0024259846151235553,-0.0079510461536626,-0.013280183460200434,0.00016620912282339084,0.004720201354120324,-0.014254176085055525,-0.00683454070452838,-0.0050487578722909765,0.011722282475404855,0.002854327455837913,0.0019673427535635835,0.020980393895491112,-0.008609490645235196,-0.005481253816678633,-0.012588918252522063,-0.016726455003486795
2020-06-24,-0.03456821786595132,-0.039943394243243,-0.04755440158667723,-0.023522937424322765,-0.010060311999054772,-0.03909209817674686,-0.02124539834411432,-0.02914994940801452,-0.024266203173535894,-0.017410235797660767,-0.02415759354794822,-0.02382763010477229,0.0003635263554435664,-0.025324899136468737,-0.059279716981462505,-0.05698921743025387,-0.02441236046035422,-0.04241427539025233,-0.011081846087942604,-0.03252745500243692,-0.021526171641657488,-0.058758797690343534,-0.0410037531329539,-0.018354614022756288,-0.008178363285882617,-0.04833544746434537,-0.006056454717136672,-0.002161669254280296,-0.054228188544504285,-0.004887848948004536,0.010725371657690275,-0.03755070322747922,-0.04278079184375583,-0.05645194375116436,-0.03578690924934935,-0.04266244837385247,-0.0299610807442533,-0.021701875046202468,-0.08342577559515829,-0.027642629085608328
2020-06-25,0.014186140032632855,0.013257040744696358,0.019971493034729892,0.01067571485542329,-0.0010164481920058588,0.027559166473968943,0.00713629765230972,0.015846512372643673,0.018526460832602565,0.053156296241885226,0.01302927163697265,-0.01498526886784246,0.0,0.0020512637929019917,0.0007592158041340724,0.05017098716269608,0.003789224263951896,0.03009648005856347,0.0050693337521221515,-0.008178064486611958,0.011739856656948433,0.04988339573569234,0.006381683032378627,0.008546091230594799,0.021792370572244035,0.016325456277867634,0.025050766150874315,-0.0001668503487488593,0.010218766745900387,0.0151451050287017,0.0028827159754647447,0.015114149111822517,0.012104293967539093,0.030668838273501198,0.02395152698863634,0.0014032726001238505,0.008057623504562628,0.0,0.04898696543194436,0.03748853503861249
2020-06-26,-0.02339766301541002,-0.027885678212326348,-0.057342724073007,-0.01936615552551424,-0.014750594759957547,-0.03703717117836258,-0.018895822848979615,-0.03201942195405061,0.0017808412916930916,-0.025236328000943664,-0.007073958641945266,-0.03544543813069323,-0.0002420819875592617,-0.07130672776082536,-0.016798477064643436,-0.05103151629556035,0.005555547102601421,-0.020948289902999573,-0.00849481577856892,-0.04168571734803661,-0.007166909253218612,-0.03278681698722108,-0.033607995894248566,-0.021055906315800232,-0.04076088114049237,-0.028556945205569284,-0.040950927517983904,0.0,-0.03245304208864108,-0.02419353121278678,0.010703417011300731,-0.04085867660510478,-0.022079096011491828,-0.08487801600112121,-0.02670580673539802,0.007005841647772959,0.019982210471680473,-0.006338018346548346,-0.051888132266303066,-0.025293835450417412
2020-06-29,0.014756972684332403,0.028852487342904798,0.08308615598235347,0.011462898653567644,0.018413081652724372,0.06763925807037485,0.009930776415131737,0.007633605013497302,0.007871219123283035,-0.0032364670752216274,0.009715062339495706,0.07186980742314852,0.0003634822445597319,0.03232920978375975,0.030864146656606195,0.06407327623362802,-0.024011896624995144,0.036035967391618184,0.020883604440695924,0.04493297349909309,0.0022589017667973277,0.07239286500525721,0.0671477345605147,-0.026230196873765266,-0.00575154999803984,0.001312605587258986,0.0743798591452125,0.0016666969122127728,0.06577597690283965,0.017562176285027098,-0.003146596815512215,0.024187729657614288,0.007525862920487958,0.013520877481004945,0.022038427205258726,0.018321109905440336,0.04614708156756975,0.002834830187841142,0.0723624540067429,0.037071092481678836
2020-06-30,0.01847718966625278,0.012805952830886369,0.028767243753390348,0.006553743067326145,0.0018589199171872295,0.01614930181716434,0.04469626989706921,0.03619515669343887,0.00503655307783446,0.006493329012499549,-0.008659463389432132,0.01911410999339469,0.000726049375697313,0.04377222510813339,0.024593703318191107,0.053763439757573916,0.012918311378313119,0.01847819060628586,0.014948850743695896,0.0,0.013375807274229157,0.01794800867364077,0.01475696565784923,0.019502265225743276,0.019944556658794355,0.03984235774685896,0.033333444251062216,0.004659186681086336,0.002997267407757187,0.007715592199046828,-0.004855914317064558,0.009869544157181442,0.03921569325844865,0.02881519392343468,-0.002737038000906855,0.0034161584023564284,-0.0037454695596732535,0.0035335977109829386,-0.018712782502015246,0.028895208988251264
2020-07-01,-0.0013436414111794859,-0.007522473249726103,-0.049267863979139626,0.007460538911248316,0.029009711710029418,-0.02200516159709509,-0.019680434957464743,-0.025995279752399014,-0.00875458241965632,-0.0010750952817111248,0.024263980546119113,0.00044685372782882204,0.0005092318740773649,-0.00034095563954483765,0.019411402799785593,-0.06428572471218252,0.03252843052151233,-0.0336176978578312,0.007493563560987404,0.0009149560812613533,0.01764730615457033,-0.037894849751818005,-0.04362733919307049,-0.00824356780860036,-0.019300838117626062,-0.030249289927179346,-0.0738213892537678,0.000962507778218491,-0.041021326227138055,-0.006447720422963377,-0.0019422510008432203,-0.01745198327697961,-0.015274040839709846,-0.04408706901549997,0.0033173053112427464,0.02019969543369693,-0.032999044450756965,0.01486716003408195,-0.004622936856125137,-0.045165032760046686
2020-07-02,0.00605534730724,0.0037092543164090053,-0.01820721612130749,0.009290500803194046,0.007376116851534942,0.0012500726694837372,0.018911622574851794,0.023353042573392324,0.011543860749349433,0.0021530001091734086,0.01642461759190339,0.006546555174463453,0.0008478182496129971,0.07878579433785471,0.016072887898435306,-0.004362045967309713,0.0020123050787912433,-0.00828294793451978,0.00410361222170641,0.028793374683748763,0.001567784389170379,-0.015590626693540055,0.009292489001067272,0.004156085190355929,0.01579642014602589,0.009487818341582077,0.004018656377730689,0.00033187351916108554,-0.00424929827447007,0.0002025718333691362,0.001039955643155066,-0.0021314614266618737,0.014598526172921567,0.007596223047889428,0.003353957380067385,-0.01713022006451359,0.013390941100063669,-0.004883121857243045,-0.008998588285214493,0.030018115137116608
2020-07-06,0.012205397973109378,0.009800610212374883,0.00855930260469595,0.019210314996068067,0.0,0.0012485906149886095,0.0325528960023127,0.019559807785590966,0.007597994673796071,0.06659510361143584,0.024549378657042986,-0.01552111808065948,0.00036324395583164915,-0.0018969164569819785,0.00030225470324296566,-0.016429416245826056,0.008864257849030555,0.010579155264402562,-0.006385695791984669,0.03420710539144256,0.006593677303937451,-0.0038899309369906376,0.006696059766063023,-0.004457240617395608,0.027107478773076288,0.013261236596363135,-0.014009368363078423,0.002984184717654381,0.013655608585678491,-0.0002025308063323683,-0.004095683692009522,0.014595990322847863,0.030575553604944794,0.015616609291621897,0.026267791550636854,0.010411839124602418,0.014918969910044488,0.001051458321697618,0.03134152647784316,0.0029438405637489673
2020-07-07,-0.014536110802862767,-0.02132062368852372,-0.03536071733913593,-0.011649182674360437,-0.010087796336989974,-0.03491285419741519,-0.019911414571423758,-0.02877696488148973,0.011356217446777617,-0.0493456628452873,-0.01091912252163485,-0.03033033091992232,-0.000847225390959716,-0.017421578789267977,-0.05690976627063693,-0.035634711707850264,0.010914412936705364,-0.02258965098917931,-0.02750641781112484,-0.013316179551748797,-0.005136634432380327,-0.02343098677486921,-0.009769321051069424,-0.004103981631547016,-0.007280724156408347,-0.010800431728165472,-0.038565442766386515,0.0,-0.033118109371140125,0.008517703194916404,0.01405603042565251,-0.034736894557098275,-0.03664922119510372,-0.04241764813420268,-0.015408101831942855,-0.02844972328766293,-0.033599067932636895,0.019608173111909988,-0.07554671731261564,-0.04373374618877668
2020-07-08,0.00804579137602146,0.010730026682278293,-0.0029325546222083165,0.010329550679420096,0.008875585528813401,0.0038761125829707144,0.06038374773808508,0.014814849753408632,0.00770423120692354,0.010593459712347375,-0.0018399334379519683,-0.002168053045388252,-0.00012088723430803139,0.027079308194454033,0.002670084452991661,-0.002309411598353739,0.0037346576750296734,-0.019362180615055458,0.006344114516339205,-0.0021768141729846535,-0.001468469250767157,-0.011139728605880084,0.02308980562543894,0.005672986480966591,0.007917545490167877,0.029672414566945138,-0.02040813154124721,-0.0009917940882654408,-0.0031930930286279136,-0.004022206079465573,-0.003994667712535982,0.005089039971231335,0.013586922015269343,0.004429544541774799,0.0224532103064381,-0.03158857417961525,0.02781373039552615,-0.01751388991116254,-0.0006144534019190129,-0.011970337145768228
2020-07-09,-0.013302304691026445,-0.019462660366517448,-0.05294133039064752,-0.006160538463123921,-0.008308885719863768,-0.03732300882623052,0.01436904537704864,0.010543239390819137,0.00241380513008016,-0.01677154990936014,0.0021505567855228946,-0.03243311636460777,0.00036324722434910584,0.004080325118523742,-0.03142306172292508,-0.03819443409641621,0.0198889665603168,-0.030197117924054884,-0.006304120454252549,-0.008725929070288463,0.008586322721138684,-0.050260002731648545,-0.03508413992984305,0.025544159215647344,0.023234492672028706,-0.046781242629502784,-0.05100584949739262,0.0014890151099697935,-0.0489223763978226,-0.0024224763074659483,0.01592218887017749,-0.022061392436284688,0.0044682924584300565,-0.04134500914149075,-0.04247460795952818,-0.017380803443654114,-0.05285403484873363,0.013631643392455484,-0.07254837969760108,-0.01988199941818647
2020-07-10,0.014324261432095087,0.016732047052533172,0.0590063868020998,0.008045285703767169,0.018235603921483934,0.030748673576635577,0.006568803684677826,-0.021669231220953655,0.018064714361530898,0.003198083835978416,-0.0027590213778745376,0.02068959545322757,-0.00024225737523175805,-0.008440151912956217,0.011217383037975814,0.02767744050811216,0.02089419786447788,0.0341317222023263,0.0023789673152156965,0.007922499638256975,-0.012323015781545266,0.05200738474137978,0.030831507933482882,0.00825072016240136,-0.010666793465687663,0.04920793707736437,0.04996210482311758,-0.0004954985847589466,0.046386636186403374,0.017607600765370934,-0.005025241783378154,0.04400878622386806,-0.008007131176207993,0.057504011562083956,0.023964723996486414,0.017203355647923413,0.03749976854125747,0.006896612992582929,0.08286370852931291,0.04500824702429429
2020-07-13,-0.011796079864441866,-0.013229935387436553,0.024926432745508542,-0.008766360045810773,-0.006131148483541793,-0.0038912757592572955,-0.042808654586304895,-0.018867894432808452,-0.05199693737059574,-0.01062674399276009,-0.005533374794496004,-0.013827794058931309,0.00012110387809705081,-0.018284991685414975,0.039804282583821626,0.007025810290949952,-0.0460658577687767,0.026635443152173366,-0.0181961671948091,-0.009170291769297956,-0.04281157119572365,0.0167676193671622,-0.010313796497180672,0.02032937151930958,-0.024830451641730367,0.01746287393676771,0.010814684234679017,-0.0004958970441326649,-0.008339328536759116,-0.008949829930031017,0.0033069589722840576,0.0021254922936870813,-0.0017936775581693931,0.016857407999789187,0.004399936547892613,-0.004287335226204947,-0.021945072885556582,-0.00958912570072079,-0.027854239089871835,0.029117116106952334
2020-07-14,0.014794956483075383,0.012426407105712522,-0.025751016764609558,0.012407712804014093,0.012500001928357873,-0.019531071782939446,0.015270865185964322,0.023411102523235305,-0.00951145768095607,0.030074958922406747,-0.008346080382142018,0.004780151282741896,0.0004845734724510109,0.00834939736602136,-0.006066330167891376,-0.02790705978450958,0.02881075818364498,-0.01635633586584262,0.014235798705708014,0.016306733638464133,-0.011691576043257879,-0.020187431969628578,0.030846283930417773,-0.005548580597808939,0.016416942530038225,0.0009807992035835156,-0.026390781294115317,0.00231513051391552,-0.0011802359448244149,0.01677468814506544,0.0014381867526662706,0.021562299035084775,0.005390787540472175,-0.029412030264991507,0.0020971057153615913,0.020334560097401422,0.01935800672985799,0.014522801230630655,-0.0006297373305899079,-0.006547368995989844
2020-07-15,0.019052418111232372,0.03456064321082164,0.05286369365211985,0.009908738896355906,-0.018278052723001426,0.04249646299398302,-0.004834225208360188,-0.0049019177509536105,-0.0010281401920357869,0.008341995542681335,0.004052262169775389,0.015223458278113666,0.0006050445712919572,-0.018471335374277364,0.07534466751639313,0.07535886845853246,0.0015226462952155906,0.035550367776480796,0.024629246464914045,0.013443140642082962,0.00271839899904891,0.06674399232550532,0.025070662032585345,0.005630234058918493,0.0023896665057436817,-0.013472139134588668,0.07912081314597108,0.0013197888703906369,0.023042903631325773,-0.02186452069924627,-0.004667822543101607,0.04982703635446595,-0.0008935903112140542,0.05619833798774354,0.04448217688557765,0.05885150709763254,0.028485181380541347,0.002726529799052191,0.14587269042703888,0.05362470407052777
2020-07-16,-0.0027639431697152883,-0.00515126096559082,-0.008368299067449514,-0.006067700856719593,0.002939736982664032,0.0038218781753149855,-0.01241614369184163,0.002463284516587283,-0.015448277317697046,-0.005170688339593554,0.00869302949682571,0.010309305519977219,0.0009673344747469503,-0.009409442279372016,-0.02691065597710296,-0.013348152237400601,-0.006411959469395989,0.00498365867429218,-0.013181657783289058,-0.011981102013940648,-0.004016239594288318,0.0005437507020311649,0.007889783324923627,0.007767621242765532,-0.0053435818045382,-0.00757305640521988,-0.02172436912839948,0.0004942684963360477,0.007363360039572608,0.006909028971679332,0.004749724759236296,0.01582066880754973,-0.006261238514110645,-0.0005215339902459037,-0.003651048864675932,-0.01837925571908461,0.005035708403090755,0.00475878423501408,-0.05169088008330447,-0.0051179681029539514
2020-07-17,0.0026083877281046774,-0.00015695542210802937,-0.03375531376402052,0.0035069958910884935,0.029474227450227986,-0.045685445225418175,-0.0019127526041496923,-0.004095106716251573,0.008467286516361527,0.1320167927072533,0.01538936387532952,0.028602244809907473,0.0004834700372875478,0.010153929216188518,0.004625895747978337,-0.005637000155576888,0.0017963161256502325,-0.022589807076323853,0.006285957617894411,-0.01212654986011863,0.006603107166561761,-0.03724836911727769,-0.0033268736054694603,0.002302259499760595,0.007521284865399158,-0.027895622443085744,-0.033310235024083035,0.0031293535940402073,-0.01719913259843986,0.0010091567747367858,-0.0020937903771274247,-0.004217987631358167,0.004500467351933102,-0.020876803250099774,-0.03192934513932799,0.009925479719313346,-0.014196139792790552,0.007442556352363683,-0.0165266303793008,-0.033723992215283216
2020-07-20,0.003414760287872687,-0.002510915219280707,-0.024745112927305857,0.008801407501549008,-0.00885816807333173,-0.03856380671921378,0.009857375428543147,0.012335584243421849,0.06228759610607937,0.06427923095965005,0.01939980363477889,-0.006763538441377226,0.00012056602507759528,0.04247734652430246,-0.003703731140446309,-0.011337803997214624,0.027360838538240895,-0.0112736922960045,0.010931858502327252,0.00613770410491421,0.03985974165630268,-0.026263806350784624,-0.010013617398482055,0.026166012368412428,0.014766099543431999,0.0003860834293409887,-0.045226064116567266,0.0008209570597033089,-0.0058335326841572055,-0.00766139976271718,0.0024580529551876396,-0.021179533496549774,0.015232981955046077,-0.016524555592025036,0.0063241244809491,-0.028813992388962872,-0.0004238089727207628,-0.0003357988144171431,-0.046874894567250025,-0.026323664214000897
2020-07-21,0.005833849040876693,0.012901249226558331,0.05223866980624603,0.003079427846405247,0.0052665079606530885,0.04979254522571597,-0.01518412626006127,-0.00162481929133107,-0.0057669556715683745,0.011216540137936493,0.008028544018893413,0.013922265034329806,0.0009659242199935303,-0.014930059931679507,-0.006932607755138154,0.04357799344086444,-0.01060115980608023,0.05131110760383195,-0.0005149448425617598,-0.0030501312493673716,-0.01276114779841353,0.06612552257164483,0.018048178130031678,-0.01805356065142183,-0.01673378253231106,0.026884287381895522,0.0729323832121489,0.0011479572685078043,0.041513912287730825,0.0026413992661822316,0.0005978123513359357,0.012982660650843636,0.0008826327404392043,0.0493223989149143,0.013417445191549637,0.008279824756542098,0.0016950609987624876,0.00369495502064221,0.02288889025235763,0.056197201256978246
2020-07-22,0.006766538598516947,0.007145032964807729,-0.017021387470634086,0.0031976768315926662,0.01762194256320737,-0.017127797439228876,-0.008535385963292286,-0.004881891271773964,0.000480901190140548,0.007679118064746859,-0.0017700438144472308,0.002238886261896056,0.00012097474347361192,-0.0069466154980899475,0.022157046970333605,-0.028571452525570473,0.00646808773654306,-0.022776551520233723,-0.005409559147952714,0.006555969055541233,0.003902147938211087,-0.021218757931657617,0.022014597811189418,0.00936617004079321,-0.0180876772282893,-0.05273688970240287,-0.017519385856739622,0.0024581807054060434,0.013521043434509883,-0.00020274168860723307,0.002988773039639625,0.010187324723982982,0.01146385473471545,0.0030992756407786093,0.021115732586591385,0.00524619723554931,0.0076138259998543845,0.014056060345547738,-0.042334430947980506,-0.022145631268566723
2020-07-23,-0.00624094713694312,0.00015420577597513585,0.020202231039754714,-0.010327712167453207,0.004212281618445335,0.028150247174529852,-0.01888362517780595,0.0335238747751625,-0.03638453028035615,-0.01693469600414943,-0.005614626295489811,-0.0005957361273383199,-0.00012096011035533927,-0.004133579172068802,-0.008512329216496028,0.009049764968910745,-0.016682942377841292,0.049389767069311086,-0.00025905558332950385,-0.01780285825366701,-0.001603433621475192,0.04335757241319915,0.04231784804936267,-0.015416336913595119,-0.005861252932233829,0.024596543320487774,0.014265461773484533,0.0003264953179544783,-0.04769253410525409,0.0058776511725449065,0.011681389548321208,0.014638899532171123,0.019180410482368737,-0.0005150598956497054,0.020479677516624717,-0.002042387554591296,0.005037922640489301,-0.0009900365426088742,0.04925795586309745,0.007646803750122277
2020-07-24,-0.008373675284266913,-0.009406293334296434,0.02263076856781665,-0.005926247803743623,-0.00481598762623936,-0.01303766106764559,-0.009623705477613376,-0.04430354382202317,0.0068105492462005035,-0.01894909194298411,0.007429522714113901,-0.0023843649617015794,0.00012097474347361192,-0.048531304999177904,-0.018967770396425387,-0.007847499352634735,0.029971010516053997,-0.012163124771493616,-0.017098442318711493,-0.007073391303892396,0.014843371075287992,-0.020511403914368564,0.004206376018746738,-0.0030916282933294292,-0.007074835563377402,-0.018714735803515348,-0.015471256072379092,-0.0017973664408307277,-0.02459841129502527,-0.0046342702979155215,-5.848975654665356e-05,-0.010900917187049552,-0.025662895451593393,0.006697789356366446,-0.01109859632533694,-0.016825436147901218,-0.0037593550737590187,0.0023127560555178395,-0.010532605445156107,-0.018096802059734962
2020-07-27,0.006820314708626984,0.007316313921694295,-0.05670813717855283,0.011145623735810517,-0.0012489121713901152,-0.02509927665672196,0.016862256372900175,0.12913917663762642,0.08235669923471378,0.026338775723366625,0.0008848647264778631,-0.012994333553002169,-0.0003620171010187967,0.026845676674188024,-0.0004069735168311661,-0.019209047340822072,0.020638386953764964,-0.028907726463157535,0.03321038961091194,0.03072128319698164,0.0060422842537457555,-0.028011968288962463,0.050992353602722806,0.004701893007281299,0.03664437439228285,0.007628781481445079,-0.03499993846594662,-0.000982140093782724,0.011325826967370167,0.0018219975673465783,-0.0037118400520389505,-0.023338788866447246,0.043898154954237434,-0.006141330697929215,0.0030528972697521084,0.0048563958586214095,-0.00838567976208393,0.02043503450104578,-0.013990355359690065,-0.021997563673402
2020-07-28,-0.007580647864768197,-0.00927212799293009,-0.0014664650066125162,-0.006793323231235271,0.011878833698036217,0.029810404091389353,-0.016863548725912114,0.05058634860554401,-0.028847842478609942,-0.01881941510899532,0.0020630265218448685,-0.002421529913356424,0.00024114428902000107,-0.0352941147138045,-0.016593757783857854,0.004608290374042534,-0.01777192748951628,-0.013781678230206706,0.09311218469751736,0.0077754233899984815,-0.01606367420762156,-0.0016788389911742696,-0.021833319114540783,-0.005426647090403525,-0.027084565713602404,0.006395789143198272,0.002220441501695758,0.0006554290094560322,-0.017321209561565687,0.01495242552467646,0.006918812698566423,-0.0009956627158598241,-0.025231302108694953,-0.007723679899688585,0.01548057065397157,0.0011508073943959918,-0.040169094228793445,-0.0022613514767314546,0.03207899365409417,-0.028267346187643594
2020-07-29,0.016414826592710652,0.02183729690972025,0.02202664867156079,0.011872811399324723,-0.006333022806852551,0.027631602732463012,0.00371651560134989,-0.01186323656402044,0.04554809045856323,0.009590088997518453,0.0011765795905409604,0.02184462400739484,0.0012069415976889708,0.023373936856681654,0.03985505729746475,0.037844026789060736,0.00901479207912681,0.025153693884565342,0.017502917776133886,0.02700381586266798,0.011190791515909737,0.022982027937587857,0.04074420089622288,0.02618008517638115,0.03532380317191808,0.028015841425545585,0.03618941624692806,0.004257460225591592,-0.025679824189969724,-0.0005975693037854057,-0.001703319787390245,0.02524917209192612,0.006902495483418258,0.03788218873579141,0.033917699202102636,0.029655325227846863,0.029515451700017348,0.011978166465283158,-0.026598906575028836,0.017516167437823027
2020-07-30,-0.0051167420955385845,-0.0061058294530127455,-0.008620791128286842,-0.006504346611856171,0.0021762383781676053,0.003841209356399755,0.023639781777744062,0.0007061601797639927,0.018943578744170964,-0.0034540708138169895,-0.01468855216483489,-0.036520109946501456,0.0007227099391533542,0.02118508164159527,-0.027974093021044366,-0.02983430409648946,0.011025156213561926,-0.01690280241529374,-0.0038990407085958134,-0.016277159179596823,-0.0011977716123924287,-0.02136996691264903,-0.002723582065072283,0.0003414991425305658,0.0205525288343944,-0.016780425991736014,0.011403775180716114,0.00016303687882146534,-0.012008870661013749,-0.017728859996875013,0.006588749747691525,0.008101155605924726,0.013710355301293164,-0.015499745397090314,0.009384775808133572,0.010046931367840184,-0.018399809483223284,-0.01567484810439379,-0.025483571737274335,-0.014755597591097125
2020-07-31,-0.0003215520772987812,-0.0061434020878274875,-0.017391325319577988,-0.0029525266397576466,0.005584068655883456,0.025510153227631838,0.014746855894239408,-0.040225615359754996,0.015458234868792387,0.0008666103948182791,-0.008050214436625125,-0.012942945491900781,0.0006024157377315653,-0.06515397744011564,-0.015362556425405183,0.07403195808351426,0.027951910141070124,0.0022183543668605754,0.014966647969409275,-0.006788295130782829,0.015349242102470129,-0.008118782715712536,-0.0063149521470989844,0.0008289762660247391,-0.028655821639634538,0.005389447166317174,-0.028188961387341838,0.0008153529628986966,-0.022099509485477675,0.005272693306501042,-0.000643082715429566,-0.01157190010964737,0.004226558838319905,0.008633703116570857,-0.03318181313759039,-0.014146828473945439,-0.003923028393229555,-0.00584997597543635,-0.011342174320969733,-0.011232532026313802
2020-08-03,0.008842500624893113,0.015453567600466789,0.0073747347201595925,0.010557417142822878,-0.03316371533698337,-0.04726391108531103,0.02467781638728561,0.01176469880029396,0.042681083573477,0.019047326841441725,-0.011421702060325445,0.030596233190399724,0.0006990403211926122,0.05825243745794606,0.011441631798465801,-0.04878049027151099,0.02237530833646928,-0.001660408246497047,-0.00022690870723651724,-0.004698790779350537,0.0017479508531976773,0.009708866110113012,0.027310311199345128,-0.01412984348887103,-0.005736173888161722,0.011869787723428615,-0.007251616981159392,0.0012238779468458638,0.013559315934670302,0.0028242228327362007,-0.005034986397230212,0.0065040691772195736,0.024410770964599093,-0.01107734039231123,0.02149847738194466,0.001793587329702806,0.006126671269284678,-0.021902567088156744,0.01561509533369998,0.001893330911146629
2020-08-04,0.002549841954396781,0.0009131083020950115,-0.0029284484002706224,0.005223720254256881,-0.11614555731533249,-0.011748961143146053,0.0034785127693475193,-0.014534875073033193,0.001117206425956585,-0.0025487346651179577,0.019458854654680557,-0.0063617831469799935,0.0003611085742794007,-0.014744454658911499,0.019950663143001535,0.026755826529942794,0.05862008281912612,-0.004988858032517363,0.001361501559031364,0.0025750693122890134,0.010987961280171765,-0.006787407738177098,-0.005015863372256679,0.028170391674435358,0.0030493138394334096,0.0,0.014609416125967778,0.002282687077152623,-0.005096308393967575,0.014886255718955521,0.009532639783432995,-0.018739843621090824,-0.00575182369641658,-0.0076378724163150835,-0.00625520969534521,0.04498645610464291,-0.01565890267098835,0.0010026827933351523,0.013178539856732785,-0.007558787896529862
2020-08-05,0.008265535632619336,0.016420584382930148,0.0329342392290175,0.00684398634155281,-0.033754419128027346,0.014530717634885892,0.007200375617514965,0.011799251967906654,0.04388668413256536,-0.0042589415280267495,0.004175275104505882,0.0021342786838265404,-0.0001202185439792558,-0.008979064200328013,0.01572895295214405,0.04668841513515298,-0.008449751937239514,0.01894149608244433,-0.009743945043465319,-0.021404085233128978,-0.010355474389456942,0.032175354514165644,0.02604581201222289,0.006152730625814895,-0.00345095745140811,0.014001175742532013,0.021598144193623714,-0.0003252161122597741,0.037778136288918907,-0.014072941890890589,-0.008743238379010698,0.014817179775735712,-0.014049592639210795,0.01949762402822408,0.044188521931846525,0.003426962832064895,-0.004860678498528781,-0.000667713331590214,0.04459580631403859,-0.02411955915012709
2020-08-06,-0.0022069597376752625,-0.002991750151333239,-0.011594082371186087,0.0035247237561248923,0.02279091768234265,0.002604317958847524,-0.030182527214917654,-0.022594499661255152,-0.0044799791530654165,0.0017108827615692768,0.008019007248181387,0.005476108593104323,0.0004817923363185095,-0.04362413658869535,0.0025809225902710953,0.018672131233495648,0.0074991025644248754,-0.002186691747002145,-0.0022883818552050794,-0.01618546771194218,-0.0016967670884643349,-0.01296550168610422,-0.016541014898417084,0.0741926153062007,-0.007997877469446135,-0.004105112257990373,0.0021143472294422594,0.0017897208934658515,0.019743772258309367,0.002814386201228647,0.005585931811347367,0.01622320957944634,-0.017602685060776113,-0.005032662081219441,0.03655242919921875,-0.07662768836437828,0.0035521825470326007,-0.0033411590284641024,0.019863681966660218,0.03121964128456045
2020-08-07,0.004266076963022725,0.008102501330274237,0.058650961872607876,-0.004515795945301604,0.007488582794666687,0.044155865626510415,-0.015015104212411812,-0.029083039693600266,-0.021303969856848903,-0.006831842564603674,-0.00029458639874946346,0.05264781759376702,-0.0002401352152595626,-0.005614029733758241,-0.00326734486192759,0.036659941093613924,-0.013420489867885022,0.04383521390950329,0.006192671266351812,-0.00444646480409483,-0.006610093025878783,0.041922819107182985,0.015820166520035484,-0.030509230260787223,-0.010223836852881085,0.0398451601261951,0.040787638031916096,-0.0009746717226513102,0.009529639117317856,0.0018043730813792624,-0.0066660292890680095,0.03735643317884585,0.0008531804590183878,0.03439541361501752,-0.0010114553251342473,0.04854395901081077,0.05752225281604595,-0.006704501858494805,-0.002034874759280436,0.05707978699500682
2020-08-10,0.006765173232966548,0.007143475717296344,0.018005406239244515,0.002520167684088692,-0.01994180392332523,0.021144170879664914,-0.0202329497817616,-0.013056771043912896,-0.05834310227111705,0.0,0.00884182939859901,-0.0033057901339756945,-0.0002414830975808746,-0.016584308779955093,-0.0067547463747301695,0.015717076877764136,-0.0013146489340520873,0.009974101924974388,-0.017779776573688788,-0.00937917325341242,-0.019486647440428384,0.013412187395188235,0.008852331018541326,-0.008532504075788427,-0.01226047419095111,0.0049249821675323435,0.030405409691328877,-0.0006504150896300409,0.03775852063742713,0.008605163517910519,-0.004473176090718622,0.007386781273757137,-0.012787691763343045,0.02836189444322157,0.021027604799342514,0.0008816751102047604,0.05732202796222308,0.004387337491506882,0.09350419205538496,0.012231467135898733
2020-08-11,-0.004375610849596812,-0.0017730819268042541,0.0353743182881443,-0.003519407196092339,-0.012393644487707078,-0.007308201075969523,-0.018670818385010834,-0.00466937783439203,-0.021613298433457717,0.005159128275602276,-0.0023371605855659894,-0.021917938361960432,-0.0008432441314897288,0.01112305190554519,0.05360536778542846,0.033849073755362724,-0.043610114482401485,0.009874868820390015,-0.007194276449135728,-0.005861119452199914,-0.021812872072300094,0.016675219607925396,0.005037633812662978,-0.0021283796949739253,-0.0032308455833794936,0.007291209796899345,0.025573653284579834,-0.003416226169948078,0.029021220473269826,-0.012499933269386587,-0.011885069783920232,0.0036663390607074575,-0.006908456324104306,0.02139795498685415,-0.010678621446419512,0.009030950415587213,0.009893194120446536,-0.006384392517340687,-0.018913134447447133,0.024757127170876414
2020-08-12,0.008789746145997146,0.006661890802705628,0.01051245582135163,0.015767074000672787,-0.006555679714245977,-0.0012268331435786317,0.017008197205065523,0.058639519868382894,0.010572635502917427,0.02053039629332032,0.005856433223398794,0.004865241068161552,0.0003617568445073438,0.03867991982908858,-0.01879445425929871,-0.02151539300884442,0.005984082319116846,-0.00977830929877932,-0.00023371486251755336,0.014512481706400182,0.016947427994367992,-0.004685815095227919,0.02877915685763699,0.020540677758526638,0.014329637364689729,-0.0023730617156757505,-0.012148536805830168,-0.0008161861814212079,-0.016416323318600212,0.023909927943197573,-0.009096458907139615,-0.00761034003875638,0.04086958843728761,-0.008380000019515554,-0.006245042018507174,-0.01855512038301077,0.0019593473531318573,0.01826176712673977,-0.011675272435452633,0.011503963663682892
2020-08-13,-0.002022530677266099,-0.003088611370445471,-0.044213393395393985,-0.0021111074377433425,-0.00716438709709788,-0.027027121186056546,-0.016439901840311744,-0.009600819411812678,0.04084958582032394,-0.004191305377666876,-0.00698680212797087,8.818478580385758e-05,-0.0015662570748941063,-0.021865435155034807,0.0012575916606740734,-0.03154874976123956,0.01885669000913759,-0.01195456641841064,-0.0025719104319438246,-0.002682206817227417,0.02475396711941391,-0.029035076895932876,-0.00958658638912635,0.0025442868835285903,-0.010259058926633258,-0.01689076024637859,-0.015533820814943922,-0.0040841136886168306,-0.04108432599849654,0.00431716364952317,-0.010688608997005855,-0.007361918949856272,-0.0142021781538475,-0.026291105375331192,-0.03828776009373158,-0.00956385788283498,-0.05279626939856019,0.0016603768592418078,-0.016208794721297548,-0.022746861987448908
2020-08-14,0.0006237255423902077,-0.0005900410641468401,0.009523956768489938,-0.0022398120852118453,0.017280619709068246,0.013888898835163976,-0.03256470634774988,0.003728195656782507,-0.0005272956191418876,-0.026935939543960896,-0.0023454453021860555,-0.00706826911623426,0.0,-0.003492786484539212,-0.01294682452068241,-0.006910137614354994,0.01243580627039309,0.006312664776367605,-0.0046882504372907086,-0.004930548750785246,-0.014313016348218244,0.014008382475024783,-0.0036497726670735586,-0.0013142778034480607,-0.012064499656430194,0.00931649437021953,0.016534402868307208,-0.0018044005032009647,-0.013835348266347802,0.008792525951976327,-0.003906606641885801,-0.0033992635920645498,-0.011864435683033303,0.01060755234101185,-0.02077322483896915,-0.0002247875951334466,0.018167011461935223,-0.00895219204555553,0.010332279187253324,0.0037826572560144545
2020-08-17,0.002181296136274824,0.003099589458190888,-0.030997223276821084,0.007233627318772307,-0.006533387107088728,-0.008717423262848745,0.006255521499652472,0.02451725034555441,0.028907730106836338,0.006055380455353809,0.006464887680562192,-0.009194558770548977,0.0002409593111754038,0.025236568385065494,-0.0037197031048408213,-0.004970197678855426,0.01038004159935979,-0.013068644889338565,-0.007300931824728019,-0.021621554465251602,-0.0026048714906056203,-0.017268618719975315,0.008281679140770049,0.011117721383659296,0.01668370506514849,-0.010069516637009168,-0.0039037311566521016,0.0019719538279254767,0.01689573367241204,0.012589365531555208,0.002512447527758477,-0.015193805026052276,0.010291585517105739,-0.011450313401968892,-0.01802154351327201,-0.018867651124327978,-0.006083032914649289,-0.004683737953756095,-0.04919841802882008,-0.010434995122491686
2020-08-18,-0.0032649180745818462,-0.009122669425469576,-0.038943045579725166,0.001114359193499448,-0.012777105649387166,-0.016331498956138835,-0.011841387538680803,-0.015953544461141722,0.015774849024074555,0.004299224097736198,0.011094891255889694,-0.0038915253734108646,0.0008445550119475786,-0.00341881646050346,-0.011298895064565717,-0.04195804862043062,0.010102100027667982,-0.027012514478991556,0.009015355626610377,0.04051568139881789,0.0011607773396489218,-0.03514425119666431,-0.012478387601531304,0.0030966123325415484,-0.014295220744055204,-0.004359451080678811,-0.03135195311822092,0.0013118215880267847,-0.014241634741354203,0.0030604097939743724,0.007152082717072572,-0.0056675036325819494,-0.03140915907862751,-0.03088799443500878,-0.017597181409329865,-0.010073180250493086,0.013463832138788767,-0.021848642383896277,-0.012209359448039914,-0.033391723155845154
2020-08-19,-0.00421157495468083,-0.0007425854521242448,0.008683135995941171,-0.005442005503130787,-0.010089418848027387,0.0025541044951804537,-0.008088510868173415,-0.007369155021857754,0.0031522508582058073,-0.00684919362147296,-0.010684367079099033,-0.015927791033625183,-0.000361262264993889,-0.010634630188650851,-0.005068016702331923,0.005213784143827116,-0.024578997342860065,0.011431893477756416,0.014342831597928596,-0.019469121212029372,-0.00405823332443489,0.007564836967483668,0.0009597799900922244,-0.009440296461942,-0.016562180521788705,0.009486889639467089,-0.0047201764611728425,-0.0009826716836021099,-0.005266907456486392,-0.0011438151195436452,-0.006251741430265079,-0.005699807311223326,-0.01752846730409896,0.003983768945344357,-0.006639799679493463,-0.016651168741204425,0.01650576056364339,0.008247271889683327,0.013537348165672869,0.005757361796193461
2020-08-20,-0.002036409658843219,-0.005052946870517605,-0.02295573186657429,0.0009946344782960637,-0.014171949922798688,-0.014012670232211644,-0.009665226889970402,-0.0423163284028063,0.0048250219735632704,-0.006034598191038909,0.001459547497349778,-0.003817440687511442,0.0007235394442606236,-0.028085973011678367,-0.0007990594172992971,-0.026970977139220476,0.010426853629475596,-0.01937601796519839,0.003477086879952518,-0.003158784490706501,0.009750179099474066,-0.024749979674174694,-0.01566014372915414,0.011020788205382992,-0.008377247318698933,-0.0189155620224144,-0.01625995819416215,0.0024595495399615253,-0.00983349119044874,0.00038159222774214463,0.009039663699102585,0.0,-0.018733277201815723,-0.018848885692350326,-0.010015482449998503,-0.012229710593892995,0.011881235532673173,-0.005112372505216012,-0.011324024541220057,-0.015968394830019217
2020-08-21,-0.00204030820849177,-0.0035847860136497545,-0.010278975882260455,0.0016152822841974945,-0.007286210310657126,-0.01162793064554457,0.020433317971665144,-0.024031054857997614,-0.013149486078293693,-0.011274710016945133,0.0008743528003298806,-0.006897518777906453,0.0003615619605825682,-0.010702858974673934,-0.0010995662669419648,-0.02025592022809286,-0.0073954786464421884,-0.002195286257821394,-0.01316700583898045,-0.0036215507155366033,-0.0068697217380412345,-0.011405762706489964,0.006493701437470634,0.006835234115118993,-0.0031676779631722995,0.0036839034541209514,-0.0013776953244181156,0.0008176371177672781,-0.022765580162878662,0.0026718672680463573,0.005991886719085793,-0.01592354511088745,-0.02636363289572974,-0.011122493780184373,0.006708341736455736,0.014285747271346017,-0.027788814329491873,-0.008907090263983397,-0.029662212750768746,-0.006736173192692152
2020-08-24,0.012582194887275966,0.012441946188966657,0.038575756935006034,0.010667385476120561,0.006546208953869703,0.026143744006959402,0.037657109065001526,0.015091233677587468,0.008159443960135127,0.014034835580175375,0.018637082030346086,-0.00015455753058701838,-0.0002410617560203443,-0.012261094778239223,0.03502451705505227,0.020674705411650507,-0.0034076258517412583,0.02805285423398418,0.017322046877913166,0.011812778503296428,0.0027572621316964696,0.04009256017308438,-0.0024192471206151422,-0.03452100522632329,-0.001059438283652847,0.030955599589093996,0.042069045674697714,-0.00114402820518833,0.03142597248071688,0.002854745530552538,-0.0016241732371172768,0.03398058725100905,0.03081231769660664,0.04805731096657184,0.02794855019618825,0.019952890863503825,0.010467277058932467,0.00794999494860682,0.09927356805112608,0.02959299283397887
2020-08-25,0.0018642016718712906,0.0034052490153813064,0.007142838564404341,0.003927210645057633,0.009262659852619537,0.017834468127774228,0.01411242202461982,0.005477446451683132,0.009826031495629994,0.011245749215482936,0.0022870501050726855,-0.0018522525944769663,-0.00024090469126114566,0.002920771284729895,0.02542779895250913,0.013859287084738714,0.002723855186268276,-0.00267521097942347,-0.005292212312045352,0.02200268943001471,-0.0077183064290387016,0.013865637026598376,-0.013581294498810514,0.01989982032230353,0.015553360019759932,-0.003085484805795513,0.011250685837989494,-0.0024539409600418116,0.010307730974233875,0.006452711805039479,-0.007654303543993657,-0.015023508486641801,0.01086955488892416,0.010243812554089349,-0.013992936916191412,0.005523370880700984,0.0011949249439811016,0.004801214770371098,-0.03028630185472847,0.004790604245246355
2020-08-26,0.004031207333624387,-0.0019178845418506008,-0.019858104743950777,0.00819086718105888,-0.013473798659953129,-0.03254051415003001,0.011360472294748236,0.014785964948607067,-0.006593093373417069,0.027373828916841925,0.004563541300267593,-0.008815533879629078,0.0003617131622157821,-0.006916586511038547,-0.02093156017165343,-0.04311249606145551,0.01369780984085156,-0.020386342387374135,0.013879303612579275,0.023286545529783487,0.013660717445818982,-0.021608088999841346,-0.0009836009126210632,0.06353643754440474,0.001218255189330275,-0.015000303108083202,-0.03075913921459905,0.0013118215880267847,-0.0216055602568348,0.008486137468513011,-0.0038257968293843314,-0.0025421307305578678,-0.009856600195451981,-0.019314489077286945,-0.017957452002992036,-0.0036617953712351214,-0.007162484805013691,0.017064776056540998,-0.027541203494704458,-0.0318831087857403
2020-08-27,0.0035511694333449917,0.007244075024244401,0.021707703703986336,-0.0030315386960529933,0.04750598005901807,0.019404897771707175,0.008425002171053686,-0.03834373642324562,-0.01194972461822974,-0.013322186006502701,0.003407168015344908,0.019347908088207966,-0.0003615823731121237,-0.030791793674664336,0.0017334390555068246,0.028571347726199514,-0.015508302811840124,0.015881650788748036,-0.006844696309030285,0.00558169907212247,-0.0030694508184746505,0.032149691916437684,-0.007054871459040379,-0.0008897835355716754,-0.03354783453631405,0.018612502871272696,0.024307967994344537,-0.0036032554513378834,0.0042940322772828665,-0.00355282301270865,-0.01700903489569683,0.029308819036639067,-0.04705886414370186,0.031019625627580316,0.0015166223475473473,0.02756735478424166,-0.19278590026487907,0.004362455090076933,0.05751828381614965,0.025854024388259234
2020-08-28,0.007232074304309943,0.005724264622502417,0.008498560896837981,0.007662403738036394,0.0011335899472233457,0.0012688690894340215,0.06516269198140323,0.010367088419587889,-0.018728150110512543,-0.011814377946494536,0.022071210230388383,-0.00765351640314893,0.0009648195475346899,0.026096770528434288,0.0220150066278626,0.009615401270200552,-0.0093241479552012,-0.007008120092798942,0.00022977570666116165,0.011101670399919161,0.0012989126660052364,-0.004875415812975126,0.004957086363831076,-0.02412960646417206,0.01856205528333499,-0.004389894351361501,0.010547145188947837,0.0031231732003966783,0.0070238579839358994,-0.021580010797878302,-0.0007445279467841459,-0.001238081994141993,-0.012345690193501735,0.008118429848934294,-0.006122132631110833,0.01318987375898062,0.16881875830690474,0.00467755030473338,0.030922111930923535,0.0011999705200507194
2020-08-31,-0.0029026724387186675,-0.010215739459596196,-0.02668549902184736,-0.006034967806709868,0.004530202549430262,-0.016476630750019483,0.013855852036771088,-0.03709562230722474,-0.008745490185967486,-0.0051238819234527,-0.03349940956530173,-0.010797510429763402,0.0006020949895160221,-0.03685956619733799,-0.027560910285609586,0.005291025581380504,0.0007599958182389344,-0.01140086392352846,-0.007119921147738517,-0.013091244969032245,0.031997715838068874,-0.016875207975336592,-0.022160115858973928,-0.0011732531696534432,-0.009731245387320842,-0.024073659812411607,-0.013698458447157114,0.0022944309545862573,-0.025322072568678466,0.009014162213287547,0.006641195441797532,-0.022621591434679122,-0.03557691337794211,-0.021317193618984986,-0.15808720815070365,-0.009929346039174836,-0.013169283796069853,-0.007981376045244959,-0.03588645278821778,-0.02127643549611058
2020-09-01,0.005209254988715939,0.011795717563725328,0.0014432695677131235,0.008621510089781514,-0.010522360081489435,0.003906403539233105,0.010572688376448314,0.02459027944376313,0.03480266400949583,-0.011158773020870316,0.018332967318710036,-0.0004678548957869344,0.0006507309225485258,0.0256410293843381,-0.012091313921549496,0.0021053113435443027,0.007652301769445424,-0.005491198415887744,0.004163782259583915,-0.004278953689605514,0.0045623984844840315,0.004706626505910139,0.026621803739788064,0.01788122906771017,0.015186671242221284,0.0023204196821777767,0.01785713378040743,0.002883649940933708,0.002644574835572122,-0.02299940467295325,0.011437774016345159,0.001902302834502434,0.0029910954580474325,0.009196639404172036,-0.03291101569414634,-0.0004456047835137422,0.09169202865290771,0.004022759177184643,0.0002777311537001115,-0.0033681954937109237
2020-09-02,0.015546466038781626,0.01136701531881723,0.0028817458340884006,0.011437821096483392,0.011583818256264866,0.024643395382361488,0.05103340602326378,0.021599968038495287,-0.010998502158938273,0.013888841725611334,0.002531565124775037,0.020436866338420456,0.00048214692616843635,0.019403002707723438,0.007539452591488027,0.00315123230343195,0.001913054093070743,-0.0016567409275024536,0.006450098601268772,0.014611057632761382,0.018166638835487303,0.004133063288112471,0.0037748464504985257,-0.014446934458102634,0.013903718945081467,0.022417111861820382,-0.0077973859612952,0.0019604545516767047,0.011636871107411295,0.02042811300286762,0.00952033203843694,0.01677217206639181,0.03876733333807336,0.021102953578014727,0.03109045006308775,0.0196208038469583,0.055993461518736964,0.01502503184053583,0.024437687007305753,0.001535980037358664
2020-09-03,-0.03181759568102882,-0.029971160686570464,0.008620576121887158,-0.030472813327737214,-0.015581269579170276,0.013923884239874562,-0.06967698714600479,-0.0696945017005608,-0.0910063625666816,-0.04708911733763088,-0.01823793493816095,-0.013606350765327901,-0.0004819145725385443,-0.06698389253835713,-0.038969893846133474,0.015706766024549346,-0.036046957481543185,0.005531200984191242,-0.035706056480397264,-0.01185931181619826,-0.05425583281396418,-0.011251415947941878,-0.046272016068029775,-0.03543237966895085,-0.046693507898658115,-0.0030983081847278937,0.018336592707079546,-0.0014675578508677178,-0.025459990481887074,-0.07473808478805077,0.0028414228587090307,-0.00031127013259446557,-0.08133965964686307,-0.00845435068490874,-0.030464090298480406,-0.025584746591753915,0.0022403645205992806,-0.019736805559808834,0.013824942929480777,0.0018407711499397461
2020-09-04,-0.0058907102016027,-0.004010597641865177,0.01424506673308601,-0.004910694814030503,-0.010869474505067256,0.006242364357111008,-0.025052305305654388,-0.03198664191083245,-0.0034402736139278467,0.011680221867256035,0.00028580718784376735,-0.009609447156702866,-0.0015667090540749662,-0.054138845553471926,-0.0169885763529658,0.015463976820011327,-0.029351735957380942,0.018151782225923396,-0.030144800037160024,-0.03386202228423174,-0.020406176767008954,0.009436579240499565,-0.011315180937431002,-0.007508646829943899,-0.0076474440880255345,0.009442958478524277,0.01350479463632226,-0.0045719029182370585,0.014321606405694576,-0.01957547367057022,-0.018988639074366542,-0.007783239572466738,-0.02916673703325845,0.024632539593407943,0.0042785814512869,0.004488088176251903,-0.04955248342581331,-0.008724837529478946,0.021657687848843254,0.006429663409861064
2020-09-08,-0.024949154090841197,-0.02326647315639252,-0.02808998968852716,-0.023442528276654162,0.004627056203554858,-0.00992563665474755,0.005085766929644686,-0.06695642222775533,-0.05616678848759027,-0.03552396198812635,-0.013428551628568486,-0.024100099892084947,0.00024166684950310824,-0.06345917245595611,-0.03610741867387923,-0.021319800001432965,-0.03394969553664162,-0.04700176776602316,-0.015908015569491507,-0.019520783321341773,-0.03306478775507182,-0.04701649432796995,-0.035546860306415407,-0.02849510006520617,-0.058898916711021654,-0.03362908873196524,-0.02728427014791579,-0.00016403488354355122,-0.0330490454285115,-0.04960071952720069,0.0061447376141978705,-0.0272984689670972,-0.05472095406727784,-0.029126070383113545,-0.03509517535398521,-0.02435183297681498,-0.05527261056005661,-0.02301954706119813,-0.02433918679557634,-0.04563419628488863
2020-09-09,0.016312163283509262,0.015422376571130547,-0.014450739616142072,0.019583093759230286,0.011322103160853025,-0.05639091897218451,0.05059908158582371,0.03914242447421068,0.03404294790968043,0.02578265501201682,0.011004862155595818,0.026619458011066577,0.00048235672225804826,0.03410099470174366,0.0005336505163968663,-0.013485488569610293,0.015170881440714101,-0.016439852240626607,-0.0007460527227034497,-0.00588241945595791,0.017885309937768268,-0.021061824323258205,0.02804744037172946,0.028911154285250706,0.044648098574974204,-0.006371902250959294,-0.011089299885932102,0.00016406179540107146,-0.03770832417301928,0.008182224136971339,-0.002686893512658717,0.017741963139809913,-0.005675390278476189,0.005714362392468919,-0.00339426686901112,0.012823354913982898,0.0,0.022869000254757577,-0.03353004401636883,-0.005100610897226243
2020-09-10,-0.014791443600318033,-0.008571722767937717,-0.011730358075748515,-0.014746004829834125,-0.012144099033685074,-0.023904405899712877,-0.023827606532764722,-0.0161434448294554,-0.015463309923457569,-0.02603224217906963,0.0002864621539353518,-0.015307550755777943,-0.00024052471789126617,-0.03511775937592532,-0.02613330078124998,-0.024185119913260777,-0.02692470592265017,-0.011527376545774626,-0.012692935100967917,-0.00819295400899922,-0.011630795353920642,-0.01237851661029954,-0.01906259805198729,-0.03045547884245914,0.013624266801544715,-0.021644511205329064,-0.019789030947641395,0.00032784319956835617,-0.038852715663735715,-0.005922291998824103,0.005082540594796736,-0.012361367492133235,-0.0034247358289551943,-0.023200956862352462,-0.048291526095173176,-0.011530581087711655,0.00124460420322281,-0.03353673629373222,0.011657007989795298,-0.020826652621122155
2020-09-11,0.0019166412029369972,-0.011527180413617999,-0.0029672584385690426,0.003647396376147416,-0.0023050842922710535,-0.0068028174906269445,0.006491944132156924,-0.008204119271074561,-0.007694607864405678,0.0046083985300802155,0.006013921418443369,-0.01855969518233036,0.0006028539458391435,-0.004438543205593448,0.004928772543272286,-0.029094774984751992,-0.005119287891570012,-0.0040815261083247956,0.018149766925544153,-0.009637518429052583,0.0006565662022945951,0.0014923215314013305,-0.009270854859620759,-0.005048317717200046,-0.02301583570595256,0.015257466474851045,-0.007402404065356083,0.0013121509785980479,-0.007807200273505455,0.003971649246719888,0.002132509431479468,-0.01379972979117905,0.02176409438951077,0.02035897670934328,-0.017020674703938643,0.010063963886115745,-0.007873989749052068,0.010515266179223826,-0.010425269140230009,-0.008507726968797757
2020-09-14,0.018173129364442264,0.029307969904752484,0.004464460888273125,0.012280722057371962,0.01636503408627088,0.034246636787775175,0.011867671180310957,0.06066187155921887,0.0036690343802985304,-0.0027523762797626583,0.006547003309600896,0.03038627071177591,-0.00012129315911957317,0.030316553540967517,0.007411447467855936,0.032186454437972634,0.019214466043752765,0.004683757294636992,0.017826225094909276,0.005097337487145248,0.01953257460588187,0.013706523450690344,0.019254888682811444,-0.002818915134180533,0.018846587048267693,0.00814002771221145,0.020339026450470588,0.0003274570760172235,0.042140097759998385,0.007033190086362051,-6.087980102609247e-05,0.010087937046573181,0.05829590803158413,0.05748206333840411,0.016900965966916814,0.03940227600985313,0.007101134540981047,-0.0006935778788607072,0.018575048220438983,0.029372960537127124
2020-09-15,0.0025048724358656127,0.0002981128029022617,-0.017777914193739863,0.006684808670589737,-0.007956186375491003,-0.01986758413494505,-0.005354159749998644,-0.011265445359583737,-0.0065395692093223046,0.005519733831719664,0.0011313867293218927,0.0120784690819431,0.00012130787293473944,0.03288620548722143,0.018067707058655014,0.005376364484882101,0.02626534204095865,-0.015151314919595094,-0.011675979934562819,0.003688338235414701,0.011534716426442326,-0.016754749790342083,-0.007415334093752168,0.010789132090142761,0.017018156326108702,-0.021614829399681623,-0.025913806768044112,0.0011459883999200837,-0.014597120988072976,-0.006547546772456614,-0.002432084501533427,-0.02416240102959466,0.014830545502743542,-0.01752024101316596,-0.020258445408479542,0.010021769240902145,-0.004977130160778942,-0.00034710477867616607,0.001633030915970668,-0.028855460429390467
2020-09-16,0.004060862327489145,0.005365097831303123,0.019607885842550576,-0.0027053785192147073,0.0049648614721609086,0.014865026028903383,-0.02384004444898069,0.007011390841853871,-0.026204128671418858,-0.005489433619254469,0.008191929330009007,-0.010849388427853102,0.0004820570460313256,0.0,0.010201903294787762,0.01604273929523581,-0.021919105136945283,0.011242367119022267,0.006399170925379005,0.02939827510120585,-0.006557966341929622,0.0083706957999099,0.013696354122648913,0.011093525483792943,-0.009639875247896446,0.05662776805025094,0.019099804059062198,0.0001636005184020295,0.034735277568984424,-0.005711599108496834,-0.00298621352607098,0.010564522596273829,0.03444675640231032,0.008230350132235165,0.008704672081557119,0.022217353386267735,-0.040433498491616815,-0.012847185836274755,0.040760870410273764,0.007593416518446139
2020-09-17,-0.0077775507957206225,-0.005781057232291831,-0.0073965226563956765,-0.00542533230609199,-0.008170376007359703,0.005326107393831547,0.016544054018792664,-0.0008701658258181144,-0.02278163069385597,0.014719360782898594,-0.004763247017483985,-0.01598248860961593,-0.0003614491210429671,0.012568044680059565,-0.005049397642191145,0.0010526556717722624,0.01515241301995185,-0.004680879677012251,-0.0007336458729434447,-0.027666197990258712,0.002463206586182931,-0.01719525031381275,-0.020705398610933567,-0.0116632804750737,-0.01212144781511415,-0.0038449136421726537,0.008701363209160151,-0.0009810661681819433,0.00016439101154896996,0.0072910424925245465,0.003056590683639948,-0.006207155187332947,0.016145292621158935,-0.008163164430782688,-0.029010709330336337,0.006963550750704206,-0.020417027874744642,-0.004221083011256455,0.0013054631346354206,-0.00425951532980362
2020-09-18,-0.0083083951491153,-0.008647711473530273,-0.007451732437501191,-0.009422371854082123,-0.02413788906833647,0.01324497348080933,-0.005683301249016615,-0.02003507763210388,0.018272685505709152,0.01087933086732673,-0.00900894305776978,-0.006050865059312183,-0.0002416977364630979,0.0074472612580720465,-0.0032777033409455703,-0.008412189461688424,-0.00602064266824498,0.012345354095085748,0.0004894874563121654,-0.014226740103954527,0.005847852805841658,0.01870271587873451,-0.018276282993586745,0.011800917890291363,-0.004275820770802463,-0.013992958119055543,-0.026542542445402773,0.00016373439192296502,-0.013162262333183183,-0.0032901399929959885,-0.0031084133961368776,-0.03090072359858209,0.008937453358032199,-0.005944189089552299,-0.030453707384109907,-0.02912858123247708,0.04035478105516299,-0.009183963838008569,-0.03598428444134627,0.012504116583999414
2020-09-21,-0.017704673748260236,-0.02526698243616754,-0.046546338194850434,-0.013767087941175093,-0.018256929305138336,-0.045751634519799356,-0.002857538282036276,-0.007999838445907903,0.01395706942453967,-0.03587442465443147,-0.012215843448868169,-0.005286783304291109,-0.0003610225447834292,0.006160148508433716,-0.04327988062955168,-0.08801695618721228,0.03691078706523787,-0.049941662898415395,-0.00562621174723299,-0.021415327871148193,-0.008745371728494433,-0.06277768971737197,-0.03905823186198776,0.004149037261988564,-0.02427169551017272,-0.027404008987606532,-0.03544671201949823,-0.0016363225022897332,-0.08736235299146178,0.0138643637138407,0.00507415131357325,-0.020013544171342157,-0.030511758917136644,-0.04047817302374246,-0.03344388046397717,-0.03496648155529947,-0.03878944163089615,-0.006416861020521525,-0.0860156938105533,-0.056223605404041255
2020-09-22,0.006115314154602647,0.009720653552961034,-0.01574818719661164,0.004695215873820713,0.009198384425170625,-0.02876714072643527,0.01250631234231836,0.013440831127826458,0.04839966891115832,0.011162914353546327,-0.010066420673254473,-0.008375045454757757,0.00012027682372028892,0.002040785186144811,0.024392913723130905,-0.04883721600744484,0.011439728153255668,-0.01528129533052458,0.006396022429856041,0.01379646077005181,0.011829068346503657,-0.003159396033435513,0.03152874587527488,0.033789298981187654,0.007654113975316346,-0.021509537289090108,-0.003533602354007237,0.0011472276488881938,-0.021008271460703165,-0.008899470313932345,-0.0007907369020832,0.003807551727575964,0.010152225778948587,-0.03595445255787377,-0.008156722549540807,-0.002907456773153072,-0.03858089656299746,-0.0007179344802832333,0.008286438937863627,-0.00344358729435823
2020-09-23,-0.022552723791237628,-0.021699374329787746,-0.003199891512075559,-0.018567620023638542,-0.026748767255739048,-0.023977318111203183,-0.03319606840600242,-0.035366826235670556,-0.03771072682099885,-0.026678960497406923,-0.01597903107065124,-0.03134651029686597,-0.0009641408597866885,-0.028513192559863954,-0.04513473532301515,-0.013447506876248072,-0.02352306361084522,-0.021104747773247112,-0.02639936495687234,-0.03941814009796751,-0.025086444093587956,-0.03074495459281601,-0.01988559980589022,-0.038102792660710594,-0.021838318577916183,-0.023138874323726744,-0.018439642310962734,-0.004747892350655536,-0.02929671453456628,-0.010512466775257634,0.0013392207614966178,-0.036896564317272174,-0.0291457253680536,-0.027349372029281338,-0.0297620837880479,-0.041498584263089056,-0.01337658742670389,-0.023698209214867205,-0.029057759689969376,-0.020041428806334083
2020-09-24,0.0009357137974468355,-0.0037007710029567376,-0.004815598241287855,0.0005150374333704466,0.001221765533106156,0.026011496612827312,0.008783470496887213,0.0009164256398446202,0.013389342007479987,-0.008506764064968309,-0.013286113842535752,0.016599722377369064,-0.0009661470923179039,0.009224289720574541,-0.00634773918436915,0.006195810734284324,0.00603780261400888,0.01395043803137086,0.0002510248825899897,0.005373744008851933,0.009343354971275364,0.019293793202532106,0.014465465852931736,0.004339737562924828,0.01553096400990528,-0.010133416445487708,0.018786050360037443,-0.0027966188531961533,-0.0009610153121415443,0.036078272882742235,0.003830311700865341,0.007518769453776386,0.016563131463710468,0.002556271610585581,0.0017826470137198847,0.0004695003846884038,0.009460851533606096,0.0025743394153172616,-0.01027811770762077,0.0299718223568608
2020-09-25,0.0185335722336748,0.014796041638908797,0.017741892365906953,0.010933613957371469,0.022570248799006043,0.005633760007955235,0.0039579204711721605,-0.0009155865728338597,0.02645389655047503,-0.0009532446182973775,0.015260414414600465,0.015503830300588994,-0.000604089394462326,-0.005400879202942188,-0.0003423044425946431,0.022167525580375935,0.01524897786480306,0.005003037800109578,0.005773080857314872,0.012147701937690547,0.01767247350016632,0.006737113451051657,0.002222353131103194,0.028592449262981656,0.008602522634554965,0.01648499476956755,-0.020567353244399067,0.0009896537100584357,-0.028285443377906283,0.01602203986429962,0.0,0.011016428984805593,-0.00203660944102646,0.04385493314407918,0.018298456466700808,0.016881457470631744,-0.013589437014619343,0.022743992450013684,0.04459373884005946,0.0030811588007881863
2020-09-28,0.01787453766265168,0.023266556249267767,0.05546757842722094,0.01590529424841991,0.0009939358869244241,0.0350140686088285,0.04835728588696386,0.03391384567185862,0.029595154153425174,0.021946423985883312,0.016799262280510652,0.012993301771629495,0.0010879104243626259,0.03383456340320712,0.0067328995295858896,0.03734933238777871,0.010133960350710902,0.0373367213059137,0.02246073203726917,0.0240038127131732,-0.004183324457414095,0.03951559569496177,0.041759040689139715,0.0028602047075438897,0.029188840090431878,0.028119445981252156,0.04055029672121968,0.0031315763577706157,0.058811616885606544,0.00883093457232409,-0.002846584315020939,0.028470986591060177,0.028571400767513078,0.04250134646264292,0.05839292741638413,-0.0013834984061737998,0.019002490023183993,-0.0014348106957655649,0.050877129384601316,0.031058198647622604
2020-09-29,-0.0044297766620662316,-0.006214902542251433,-0.0060056142142296265,-0.0035068567265675865,-0.00377427172213729,-0.017591184557378736,-0.012283657563888162,-0.0017730033186543759,-0.009657735817586777,0.015873355211563744,-0.0020289417964542977,0.0017636067590822702,0.00036270911202773704,0.011717208708175608,0.00408071418465461,0.004645756498028009,-0.018631376154830903,-0.007198502656186601,0.00439346594612311,0.002812984927264006,0.0009282365482954358,-0.00889008268763991,-0.003192737410717794,0.007041006568759167,0.01952104348342809,-0.014628962494595776,-0.008350703094253453,0.00016420177440767958,-0.008789996577740045,0.0008336475392189957,0.0011542210373940431,-0.013328746732286678,0.00297616400776346,-0.016401019199255518,0.03738317757009346,-0.012930087916167232,-0.02517494734007597,-0.026221112077130848,-0.03978854646124197,-0.003310534232948914
2020-09-30,0.004449486895273136,0.006101305956848879,0.006041899531939565,0.0045250865603716495,0.013360072432782255,-0.006887235046042939,0.007614178531003768,-0.005328820865805883,-0.00036016756415468976,0.0009189690330699829,0.011617798551819103,-0.005281505777958495,0.00012093092713771902,-0.004392995460449467,0.028448821302495597,-0.0011559856241032396,0.005354782173678352,0.0048335375558150595,-0.008505523106681956,-0.01776536607760615,-0.00029287525910148826,-0.0021652225740823594,0.005516123127115691,0.004646442479907753,0.0007226016807957425,0.006583804437342744,-0.012631498331697633,-0.0011499799337689742,0.011132296066953318,0.007288506253179117,-0.009585438086420761,0.013162383399803135,-0.014836758024141417,0.01572187238744993,0.016936980926238743,0.02292391641792224,-0.005738860260181444,0.018074511751239752,0.00695455491567043,0.003985442594302668
2020-10-01,0.006169711951286905,0.013189811327728895,0.0015016863570145311,0.007507316810122733,0.0,0.008321841900315263,0.015365140397887389,0.021428563596751715,0.03035620606797096,-0.007866611712975646,0.01636535579087317,0.020434404179213717,0.000736685813182536,0.038507784706017345,0.013172388559123949,0.010416573534412832,0.005386753317230486,-0.005411634533791232,0.014950995631330066,-0.02237025003878812,0.011569369632553617,0.005269505253929552,0.013449021686194662,0.01616525652415235,-0.004151559024244245,-0.011799187205879913,0.023453941154029323,0.0032140662128075093,0.011009472470902226,0.0031014206799593325,0.0016496970216457463,0.005128225525070196,0.02309232342925971,-0.0009501145096620922,0.025070841799924137,-0.005030650249324808,0.0014426063250991827,0.02040063766798572,0.012374109501461339,0.0023156062354068307
2020-10-02,0.0015724857381065327,0.007182432003304484,0.029984928469529937,-0.007575575189162076,0.022825367111899864,0.02613487926060687,-0.013396004291101882,-0.025349574188340385,-0.03228612877611736,-0.010261241116270692,-0.009604654817289116,-0.006307238654606806,0.0002426220640525667,-0.025492462841694596,0.0011917725537873292,0.032073390759168596,-0.03587987894749167,0.021160764609794658,-0.02342432321365351,-0.020447875284308692,-0.024418417055686037,0.028677420025779776,-0.0008732500548034317,-0.01495447331547295,-0.0250137827810315,0.01765070037639882,0.030555635612391274,-0.0006572356482985597,0.016426568921718232,0.005976607496789299,-0.0037340569901579412,0.010204122011181704,-0.01079486371020133,0.04089410569967944,0.019589167451152356,0.0034471333685313077,-0.005282900830033466,0.0028561542652321137,0.02359289394989883,0.02475244735544746
2020-10-05,0.018681363778289217,0.02421656724398047,0.024745480126961095,0.016518476255523273,0.010581179516478967,0.024128457924184055,0.044002864015732834,0.03049321435828678,0.01042313329384692,0.015080065641474016,0.0196804694317263,0.0025390423266851148,-0.00012133534219094244,0.0332937046305406,0.01266094711156307,0.04328516978260244,0.028785518489194084,0.02782735248346202,0.024480754502621105,0.028330015125141328,0.006381066057548068,0.04526370997169704,0.012757892095254686,0.019229901505775526,0.04182952910033344,0.030863471032341216,0.02560652065188762,-0.001972550577900467,0.024877369445466035,0.0034830584429739186,-0.01953917470755928,0.031649762021149996,0.01884925947377991,0.03928695415601147,-0.011103870135643845,0.026340124975045898,0.04007720190833064,-0.014952142703012594,0.0052763801794635246,0.03124002036132656
2020-10-06,-0.009092239185910511,-0.0037718060843784373,0.0014202722595750839,-0.010710390707514672,-0.0022842810574970063,0.01047120718037764,0.013487434654256836,-0.006092140496600118,0.0007427778121655848,-0.009285075278664623,0.0022378502901050368,-0.0037987848544247527,0.0,0.0061373168118554755,-0.02949350376390525,-0.01063823743123149,-0.01553773758160415,0.009313009298321795,0.012551302291414768,0.0048332111804265665,-0.006684758691173576,0.012331452762335049,0.001898160036981178,-0.0022018587237164766,0.00571009150857793,-0.007917976307751151,-0.01379739036449934,0.0,-0.028880356652211003,-0.008166645981752985,0.005389166354250463,-0.015013018636685915,-0.0029211962325501606,-0.010109948264693691,-0.04311427525111611,-0.015621619018481914,-0.015320332015611338,0.013010704022630826,-0.03646407919901473,-0.004059975497083701
2020-10-07,0.01788465336631595,0.021403736787853234,0.03546107943446719,0.013688488252116215,0.0007631104558163404,0.018134942326407666,0.012832809823196456,0.03852896729413491,0.04912083181266014,-0.0018742479951708857,0.014233727223537995,0.006514106464193148,0.0,0.010293574627361579,-0.01860826301569085,0.0,-0.007644822797195694,0.01960771559236263,0.012634058871462628,0.009619927221053315,0.008560567632574179,0.02322954927983978,0.013606577877734338,0.0029856018328240364,0.003726025585590431,0.025564236745756475,0.04063927581919535,0.0001645716879947745,0.057471419229905285,0.00041472652784446673,-0.007293082486032221,0.0019880262492308898,0.021484401557245958,0.035968082055227946,0.02370786884412368,0.021310300229572476,0.02593108788907106,0.020335481948026146,0.04300458583905242,0.023204629222969952
2020-10-08,0.009625898297953794,0.009978614203628222,0.0013700313679561038,0.00810208413572333,0.017349835077067555,0.027989645008915875,0.004464321660272663,0.0345699853192194,0.01342357652156112,0.013145443686058078,0.001926327983908127,0.015311905576217422,0.0006042781863744295,0.037358481928987386,0.04499048872209732,0.023655942206107117,-0.0033549237226476736,0.011878011488849927,0.016949181460966134,-0.00905178214484581,0.00809536794885557,0.014673674505450318,0.012744258828790045,-0.00647109568702231,0.03323349303645484,0.02444092777636886,0.03329059027939585,0.0018115794012845132,0.03416153423248991,0.003523151110406797,0.005400218883915953,0.04166671365086372,0.016252397291966147,0.016288169236743366,0.03963831441142651,0.022419692330217345,0.011029372243867686,0.0034965037597465276,0.017042301090753886,0.012565233194363978
2020-10-09,0.004691119952043854,0.004940184112205204,-0.01094405320232461,0.008524182785501155,-0.008058423926224023,-0.01608912228548065,0.045613878153418774,0.034229851282040924,0.03401498734818542,0.007414143337777013,0.014831322550620696,-0.0006218983887676943,0.0004826364734387134,0.05783922029196931,-0.009662889540226205,-0.0063025647827326114,0.007605044474681355,0.0005587881245985304,0.014120384249503903,0.06105766359846898,0.019905588463022816,-0.02237431588628591,-0.006040284544114427,0.022014728607234302,0.03626999032261091,0.01151313570292789,-0.014250269412715011,0.0008219904689883428,0.04721398140267774,0.0010327479754586033,-0.00018741840116842656,0.0009523592414186766,0.01411097054707433,-0.013918311202107514,-0.007350451967349514,-0.012158009463748898,0.014091087238625954,0.019163764503967506,0.00324321437526387,-0.01573840617474276
2020-10-12,0.00873655905722015,0.0073034843597608035,0.015214169881403894,0.011711958962184577,0.009635383373160389,0.02515727809843149,-0.02483205532088273,0.011820303897677853,0.013260130211457,-0.0009198816577865587,-0.005412931576599389,0.04293723409540795,0.0007239812591604,0.0003438868262748418,0.011058155855200535,0.003171219117359403,0.03402623125939108,0.020111893993878027,0.01711937860055035,0.024467577048867373,0.021903071185036538,0.03153777432022031,0.006076991300743018,0.004461074366063578,0.02294874269824998,0.012790464283864988,0.012570830131347632,0.0034492981318905436,-0.021188528395812645,0.013410284674316708,0.003185707642657576,0.0057088459311382955,-0.00927638499744643,0.005988293672160916,-0.023260445469344693,0.01098891345744124,0.01120550533876763,0.018803493802102444,-0.019935287851905015,0.0061500976421235976
2020-10-13,-0.0022399427283980033,-0.005298473083374944,-0.044959016544179775,-0.006683273239015408,-0.009730551379419361,-0.030674747562560833,0.004358654097929016,-0.004673093841092935,0.043939990907104765,-0.01197062834708873,-0.006258633502880251,-0.02267337794424895,-0.00012091600039487727,0.01684426842722364,-0.02337551206562616,-0.0221285609285351,0.012085702284536648,-0.03614488520959935,-0.018626611433458895,0.0030959977908184833,0.008638734480598265,-0.03869032884202328,-0.018791966179132813,0.002960819531611536,-0.007424222628903521,-0.027575062498068514,-0.04096857857319469,-0.00032754724188455153,-0.02343744566826189,0.009975407813588522,0.007160457284235644,-0.02838220004842862,0.0009362616967973914,-0.01700692176495333,-0.0061054584158145575,-0.022173861038024767,-0.004432677080721925,0.0010065958000873287,-0.030786220827344724,-0.020476975549472143
2020-10-14,-0.0055375105151972415,-0.005046248382740037,-0.019971507019309498,-0.004806071289874203,0.010014948839506488,-0.011392376581600194,-0.01005036121348657,0.0007824923502404157,-0.02400788839824719,0.008387805822598349,0.01067915110255857,-0.013278286876902468,0.00012093062284201928,0.0,0.018774693127966202,-0.012931022522848834,-0.0013005510519056296,-0.018749669654749557,-0.005945536799790818,-0.027336837710812523,-0.017870299025727343,-0.013509863793722765,-0.008892106519251763,-0.009109263022094916,-0.013495680068081106,0.005480547734834973,-0.026536961645840407,-0.00016345118642768774,0.031999872434604226,-0.0030232875642202117,0.002287759664525213,-0.011359971333635643,-0.022450868151442815,-0.016868736655802352,0.009432834897935116,0.013783815884101713,0.004452413190626059,-0.005363569607338747,0.009926327438439353,-0.023013773745177102
2020-10-15,0.003762269400509499,0.005775947686671001,0.03784579190032611,-0.0051912838902958836,0.018147851873085985,0.01792555780536187,-0.008998335219030817,0.008600605869400813,0.015492099970140227,-0.0018484758356624997,-0.02221626806194199,0.017478841411054935,-0.0002412955500337155,-0.005747129030845732,-0.002802049074955404,0.052401801736520204,-0.00538654936047489,0.034163259075898234,0.009201695420959277,-0.00045337237555043153,-0.01668702935542965,0.021112695814473836,0.016390604891952876,0.0038729501928747023,-0.0019781389551702944,0.031164836516871297,0.03789889831109794,-0.001146451829763917,0.01921856344600381,-0.006065643399045029,-0.001727548821924274,0.014116860558878175,0.005741667053764221,0.02947664404928596,-0.008912079854094479,-0.004385889656462583,0.010638363398831396,-0.007752111820724106,-0.038191535721463055,0.029686920839900655
2020-10-16,-0.00029966021185567904,-0.0018207285296826248,-0.005609995303210602,0.0006069238592765203,0.009187904683346959,0.010062974001551872,0.0002324728272449228,-0.007752211642414464,0.010724300278466936,-0.009259072323316242,0.004156439942454737,0.016722460371755066,0.0002413537876286842,-0.01088064251902321,0.00940238579984376,-0.01867223016236308,0.0011307649990275337,0.0005599871868993134,-0.011397310512278103,-0.010884361279800192,-0.006040329912309628,0.003911736374296648,-0.026480851174043973,0.0020774388574544833,-0.0034681216115387548,0.004137515482896648,0.0,-0.0009834996061256485,0.03089827547469759,-0.004475044519283822,-0.0027801875772748286,-0.0012948663461698207,-0.01998097369873364,-0.005982781851569974,-0.029130197082291143,0.0061673316547872226,-0.004386017037602441,0.01086961053201363,-0.0026277416813982324,0.004074015160757671
2020-10-19,-0.011398024132905249,-0.0122087539377852,-0.007052166818988348,-0.009824265337000204,-0.005826559101530848,0.03237876042793064,-0.025837827156196536,-0.007812298251585026,0.009965583772477471,0.022429833554234557,0.0060706434223325445,0.006728506750654839,-0.0007234574894963153,0.009969027385959395,0.00417558226206638,-0.03382660608180088,-0.015990978610664675,-0.015109500132126197,-0.02305741352612345,-0.02430077525617025,-0.020111858997176713,0.005566411390699022,-0.015344432893723003,-0.013877131370904294,-0.013589684612339115,-0.02254553589784647,-0.0006406773047186176,0.0,0.005686892264430199,-0.0063341697792476115,-0.003779416762455745,-0.031118385155262884,0.0038834913701271123,-0.009028334729990761,-0.0018583871658223172,-0.023642731403940354,-0.004405236904168719,-0.018817263817205165,0.039227170918427534,-0.015293478639812785
2020-10-20,0.0016689630349155937,0.002841064702489682,0.01562495680369369,0.004777077041526301,0.01684979077276516,0.03015656123821331,-0.0054957898055341126,0.03543307530752293,0.03863555427363474,0.017367377504605264,0.001919753822554826,-0.012773039174843404,0.00024114814000797402,-0.002722938257019636,0.010662117392457038,0.00765860964932652,-0.006584887004946638,0.01193193830736372,-0.014396993762785248,0.0009398937715618949,0.0038883200245336536,0.021588750109823307,0.009916780830385719,-0.0006435951351252411,0.006216458669816793,0.0040981338792900335,0.010256493629200891,-0.0011493499820831587,-0.013754738246359421,-0.019741266185992146,-0.009515994589729293,0.012378753816729926,-0.01353968484107948,0.030368726987607397,0.021111107445336064,0.0024664951472739283,0.018584209729156642,0.001027353167473155,0.01577468657157799,0.0158478546451164
2020-10-21,-0.005149186833645958,-0.010199614652919742,0.0181818564978109,-0.0024379356870598556,0.0066640679649496715,0.016393428255864873,-0.02931273397201084,0.0007606310327032961,-0.02589117797033924,0.11769982702936899,0.0013687920089620054,0.014442410123102212,0.00012097436856906008,0.0013652189955264404,-0.007068236759934066,-0.003257299983380646,0.0006689407000632919,0.0016846782227379897,-0.002155176154341021,-0.012676086326458669,0.007844624070445949,0.01977754697123424,-0.012624968216165988,-0.02348339043451486,0.0005008576943883458,0.00011637308815459768,0.006345028433117461,-0.0008212835391410156,-0.014102317643691409,0.0016784892855625788,-0.0034539904798043253,0.01982816873063853,0.0009804146145917514,-0.010526365725906928,-0.006058281816278321,0.0214716927698686,0.016507256917193347,-0.002394770855884021,-0.01442042257238585,0.009360370988224176
2020-10-22,0.00882934546910219,0.014455264371504573,0.07967019604650583,0.0031770516984639396,0.012345641591189782,0.06912433356523251,0.01584155419134592,-0.0037996424625247327,-0.0037025229004574722,0.0,-0.0035537614798638595,0.017499761785272572,-0.00048244366571326136,0.009543308970324293,0.02135565712049381,0.026143765047899725,-0.007657306242824458,0.027466287005002865,0.005759579769928136,-0.03043273592887341,0.011189014982557532,0.03320932457098924,-0.030900181630906243,-0.01103494984409481,0.016689120047797656,-0.00011635954703470563,0.04981085069800795,-0.0003288287645171195,0.02382828526167491,0.0033505948353544923,-0.010397099144509148,0.026571636992155145,0.00195881528057118,0.019999911939057924,-0.005385115003240348,0.05846294416617703,0.020512747425069033,0.013374576379445946,0.04783344735921835,0.03493042104556099
2020-10-23,0.006186862509619306,0.008042243778471736,0.003816703956670331,0.004263700160802131,-0.003711413945248654,0.00862089417901113,0.009502815840670698,0.012967293376377365,0.013783367815488168,-0.006430756925518755,0.004389630298050395,0.015886992890905782,0.0006030503653362551,0.0,-0.013731402606248277,0.015923526254289166,0.006981440605798861,0.00927428990734347,0.009782864445355699,0.012751403063772093,-0.033965214391980525,0.004885800521381656,-0.023822603331267844,0.013958654955531724,0.011654540327633356,-0.015741782416141215,-0.009609424538384648,0.0008221534071759518,-0.008223202096129367,0.013358284850618851,0.006113036565364105,0.0041034840295264274,0.01270773414057258,0.01877328986690907,0.010382331742739392,0.01675617564993659,0.0041877517088024785,-0.011506010444773618,0.020676600654173427,-0.0005971751094050459
2020-10-26,-0.01904614535888971,-0.02099396241910001,-0.043092332881151774,-0.01686058252364475,-0.01206320218692547,-0.020299206309595808,-0.013034030995066281,0.008283186495377626,-0.02341184914433292,-0.02265374290494626,-0.018574190279900593,-0.013773127263153273,-0.00024124647158252355,-0.02160706545792368,-0.03385717927572818,-0.01567394183005022,0.003770664742405394,-0.01243237915868256,-0.02788280514378394,-0.003389855121701202,-0.01105573360335621,0.001023349154136266,-0.01914779880999018,-0.0043842343638719194,-0.013143059312844985,-0.025826402134283,0.001819394683407305,0.001150446754180301,-0.01752177433658253,-0.005355164055403261,0.009303198437839999,-0.04181072528868368,-0.02027027462415243,-0.03972146931414944,-0.015015916510292993,-0.03133273234767231,-0.0070893923066209785,-0.026360810119281708,-0.07024462738354609,-0.014943558479441066
2020-10-27,-0.006726841275700002,-0.012151490128629483,-0.041059656287011914,-0.003331423347391671,0.012569624810815139,-0.04689183588047885,0.014184708536967294,-0.1598209468083318,0.0008038061430679644,-0.02483431238754874,0.010019519870274163,0.003345478722379891,0.000603691081483948,0.006901337684563025,-0.035371156307223095,-0.036093434164987226,0.013995743810252259,-0.03065141000712135,0.032085554555364215,-0.018464496151809562,0.002417068484408036,-0.039365305378502025,-0.0327274152500624,0.013166610336790008,-0.02351194232176812,-0.018606222160685193,-0.06658604162386905,0.00229855116161759,-0.002707077051956941,-0.0010352468649373892,0.006708954153374247,-0.0416666831187521,-0.022660054273936248,-0.023027523403561068,-0.02977228946689292,-0.0014703071900327158,0.0037799598610885887,0.005625940379174743,-0.03310701693805451,-0.030339800208991075
2020-10-28,-0.0270894669502314,-0.02633857997274347,-0.015193416038965957,-0.03193877063376582,-0.01808826047669232,-0.021739335211090727,-0.046781193017988,0.027555615632978148,-0.006924142541867018,-0.03395594096686905,-0.023698037188869203,-0.031172448685709453,-0.000723155468127068,-0.04146679160954858,-0.0011317165395015039,-0.04074888641717789,-0.017746183137378746,-0.03444368718106294,-0.0579368614582062,-0.04108915817750192,-0.04636789524404028,-0.04310846188115902,0.0019785872464244125,-0.013821313931079326,-0.06499397876908275,-0.03593568723838003,-0.02723758043329183,-0.0031121580029096485,-0.030975734385781495,-0.024253747977595164,0.000934471284055105,0.008216383324554988,-0.03427420866663067,-0.020515068695531102,-0.03456775428205605,-0.05679401546816931,-0.018828530945502298,-0.030419853744926284,-0.04594673043474373,-0.02722116927447149
2020-10-29,0.008384632541577286,0.01099877740529398,0.02384294232106643,0.0079286332573838,-0.0007224007024114742,0.0058481822963842856,-0.03339233566072031,0.017301208987453798,0.021506148276533965,-0.004393583991055161,-0.004515883707151391,-0.007483039742934072,-0.0006035487636697479,0.030032183525539935,-0.0009064335952677638,0.030998794822829634,-0.009854584361592922,0.01754361389157255,0.004249954223632724,-0.018585358716631695,0.009271474207048325,0.01724124273775529,-0.00849109276025728,0.009431465170619324,0.051143354710160516,0.00629847447280496,0.021333362220888885,-0.001478627380918418,0.05849410631574892,-0.006373725074637515,-0.009707475315219982,0.03327675439161082,0.03862211779809144,0.029411737582151876,0.017424119951150008,-0.0008920639238991779,0.031129973332290506,-0.019473283947135545,0.029754640064573623,0.023801731490636913
2020-10-30,-0.012864678479970859,-0.00955604205175331,-0.006849296807534544,-0.008627209487439336,-0.00234966966248773,-0.02325621198745087,-0.01831982850467684,0.007653166003920742,-0.06681880808750318,-0.010591416738766957,-0.004536490284193895,-0.03287087016836965,-0.0006039132547680515,-0.01596664675459092,0.007484645389325362,0.06904241323368665,-0.04822759659313813,0.005747515117266566,-0.014438587074813602,-0.0015781420845906169,-0.004645371371022056,0.007927990739879487,-0.00597517588437102,-0.0034055134568680145,0.03152295777786618,-0.00025563950348317377,0.00718028263471826,-0.0034557687004731497,-0.02039214070406825,-0.0021381710776932072,-0.009865491653284653,-0.00722971857292154,-0.020100483728542673,0.005194881982641508,-0.06492695480676258,0.05334815142965188,0.013647932159934761,-0.010665782464380769,0.008638692825846395,0.004398467654405769
2020-11-02,0.01509860083896375,0.018257252081540942,0.03310335941009179,0.011005731996807988,0.020108700655982137,0.041666747104067925,-0.01652877804460018,-0.0033756116720098372,0.0014908252960283974,0.004460212729274771,0.008829254478474269,0.056126881315219146,0.00024216270969423803,0.031393276108389934,0.033205816065286387,0.0,-0.005744896721970427,0.02857122353632846,0.01742860884186892,-0.0100105681358027,-0.007865696618161278,0.034832542272735356,0.04548195743556649,0.005870549500252231,-0.006643481837489862,0.009965628507936808,0.04471816203708312,0.0027471529302571795,0.02717294665359904,0.02164133611221164,0.007490749865987967,0.03839789230952584,0.03897437071188903,0.03832875687619741,0.01680534632927122,0.010807347809154155,0.019991783085553383,0.005204718361916827,-0.002362723851523807,0.023459480876821814
2020-11-03,0.022232689662385452,0.027696681983194082,0.04272360431422939,0.01835450309998099,0.011898471303246838,0.024000015966699095,0.008132306690927793,0.02963577741339729,0.01489479509955749,0.021314422686693035,0.009881631869813834,0.002362064830636834,0.0002416742469708577,0.06874145843418278,0.03399066037109333,-0.01770834057695303,0.03148741246479525,0.014999990955883113,0.050893821099405656,0.03938262727714337,0.012209237621874314,0.03657580325833498,0.0256803773978862,0.026437246968944006,0.024745203420504014,0.04414930476923784,0.013647675044497598,-0.0011553226234454206,0.017172048796052053,0.0044044811096803915,-0.0058019156037215636,0.017213890068427995,0.030602118700912895,0.016590652047216103,-0.0047174237216605075,0.001467532788215209,-0.019200023863735094,0.028106253608779275,0.007104845682051719,0.030562331406578602
2020-11-04,0.011487149312703115,0.0,-0.09218934388012667,0.02113124096142327,-0.02123549556660953,-0.07366075219791313,0.052971277111834913,0.02549338928586553,0.06622525073001606,0.0017391746306041345,0.027956292418123363,-0.03446229939483092,0.002056796592754484,0.03840002441406254,-0.008850531396834338,-0.0190880487116194,0.030463218713144835,-0.08429136160804784,0.014174307776214423,0.00921664358580232,0.062033333853068084,-0.08003070799985568,-0.0031763429149683775,0.05236133760668338,0.019252639130286964,-0.04422128742703613,-0.10097926042790739,0.009748939199181184,-0.03847899287644274,-0.004176236716754711,0.02169274397078258,0.002193661639164013,-0.009578489637423804,-0.05752739073445101,0.012827295195904309,0.007117508231933245,0.03425800470655349,0.01546750556681964,-0.019988250911989636,-0.0646500825918992
2020-11-05,0.02241073160983653,0.026808814253363344,0.044540136118154106,0.020328649110248787,-0.01039985068334981,0.03614494679282232,0.05924432585080286,0.04170006393729131,0.09281070226269272,0.043402788788401425,0.01169431188827419,0.030506344829769994,0.0004820254159050297,0.03420648949935545,0.04666736902190061,0.07243244068042642,0.030295574261520963,0.025104785433128773,0.013510319409140381,0.005073429059898382,0.024239220588947452,0.028348982316121374,0.01218365121735232,0.021329820015685064,0.04274063839750908,0.03409808024351113,0.0496937178527066,0.0006548344951002871,0.04555501950744256,0.007758462737562866,0.001737832161638364,-0.002188860020902572,0.04158610240137772,0.03896076878161514,0.018129979692233622,-0.031178619256183593,0.007492008953004614,0.020191567538014432,0.06028789179166161,0.03994929638579392
2020-11-06,0.0005922834156475432,-0.008564989184246419,-0.02063280234425746,0.0013121951466448234,-0.0027179232869648517,-0.003488507947411734,0.08799398634704758,-0.021554876713356097,0.0334260223197298,0.012479327830758669,0.011559364929343285,-0.010509171080423152,-0.0006026701158028391,0.0071513067326789415,0.000609359731379655,0.03326612108548899,0.03859384662256793,0.03498554549688504,0.00022988132880530365,-0.015648604273896916,-0.007920496389232201,-0.022972903921443577,-0.01333329436046038,-0.003118865122004988,0.01765418823662568,0.0009808812636646902,-0.03566822618589638,-0.0011448918970959898,-0.01603607123589379,-0.0014565831396968765,-0.012084775564905725,-0.011281724349549882,0.0009284377699640967,-0.032916339445600906,0.004017871681577301,-0.018665614470916525,0.021526444862517202,-0.004861201192198017,-0.018953272924065345,-0.028048709205482414
2020-11-09,0.00444058273571124,0.029956822583672382,0.1502809326739718,0.014536068361224563,0.05359751153280956,0.08401379240980789,-0.06470192171871159,0.008654416810568888,-0.10441092443291722,0.002464765050464557,0.023651133545915304,0.02587867586648729,-0.0003624205878054454,0.038461516757525294,0.2121396897890555,0.12780491898699498,-0.08676292446154832,0.15661983656128564,0.03768380910841351,0.020000037970910434,-0.015532002996906269,0.1811893965074336,-0.016328802610432902,-0.052591972865206116,0.008146134413286488,0.11192747977599504,0.17955644971046825,-0.004584066328715886,0.08963689300316591,-0.03896651934302109,-0.021014808447533784,0.09160056036317443,0.01205938011698704,0.1443341905359521,0.015174865457296738,0.12374295305099547,0.04022977949413753,-0.03244959251405399,0.19146480193823567,0.11323719203132843
2020-11-10,0.0011788121275759789,0.012040085256725064,0.04029303340185253,-0.000822114830310583,0.010346599142438517,0.026910907894534652,-0.04477656554406728,-0.004680145613754405,-0.07867165422559486,-0.0565571375195133,-0.0072689047685498,0.07101230597946162,-0.00048354566401231924,0.004273547931618937,0.0009211238656690046,0.0,-0.03187702936689718,0.021919143987058076,-0.027900760092792742,0.04022124383019254,-0.01710419439111277,0.07728348829428255,0.02461375892304929,-0.027839269833476177,-0.00344181516943165,0.011563997973646156,0.0467500724384442,-0.00082258452862638,0.07012839860298525,0.02536872635103138,-0.005766974642682832,0.022648151605969558,0.010082549210819192,-0.008283183248125714,-0.004541161821788653,0.03035014513030876,-0.010313009683561192,0.023440636316947705,-0.030735732505892344,0.04029293590372429
2020-11-11,0.008978376993870052,0.001336765657271144,-0.026995116595452062,0.00834496525872952,-0.02201751965871479,0.002096190996780267,0.04836362730247101,0.04075241495584403,0.06399513801672252,0.02345786091849189,0.004445558187318177,-0.0025870980129119037,0.0,0.03148937901706561,-0.02660420260730878,-0.02508650097978482,0.04312743211887926,-0.04385153083072091,0.0075170388357022055,-0.012083206885988407,0.009600974713556587,-0.042826209234041346,-0.009869848801947412,0.05774602164009446,0.039189115205930936,-0.028742779661492635,-0.05664459759144791,0.0008232617309893442,-0.011735026867143672,0.02114611715643,0.003609194491845713,-0.013912612428314874,0.011796656566834818,-0.02353841862925643,-0.0023759741218365438,-0.05872357041392329,-0.0249349662960745,0.03594077467032264,-0.038451958673254905,-0.027085767029847996
2020-11-12,-0.010211365223733782,-0.016820264463800028,-0.03498212992924976,-0.010840320756343669,-0.027574201816062405,-0.004184003786036783,-0.015850383435561666,-0.010542125270384561,-0.006508283158883854,0.001697835811718118,-0.01510027265568048,-0.030101141321605684,0.0008465069728973429,0.00027498133568126804,0.00335195010539846,-0.048802144489353494,-0.008355548940507274,-0.024925283623123184,-0.017182869758057828,0.01565558864178307,-0.014512159384311163,-0.028162343448280835,-0.025390231179628575,0.0060975609756097615,-0.023551345421520042,-0.018383334888513625,-0.023094965939063017,0.002960309241125003,-0.033755749765919774,0.004969784986107895,0.017017166093319824,-0.028793512195820603,-0.008968558853510666,-0.03343669470103505,-0.032866552294797624,-0.01604803694277035,0.006488599956650631,-0.011904762776653532,-0.043105684751066464,-0.03368586591427658
2020-11-13,0.013411829012598853,0.020909943958306032,0.022500165248661164,0.013433894234186505,0.02494616449131626,0.03571424359774822,0.03990357382867438,0.012176476076562137,0.0043673103238328626,0.006779445228233483,0.019032473577026643,0.0038141714204338317,0.00012094982930310749,0.031619509476276786,0.038461586220034816,0.04011187880507805,0.010048686793690642,0.029141123077327302,0.033356266563701054,0.04142580384969752,-0.0023119203373798136,0.01238593015126166,0.020648364631964178,-0.04468685882260104,0.018792775385704674,0.036884667391494874,0.0314914865277085,0.0011480088052591153,0.060894718490059896,0.01359997604268215,-0.0013255657385456976,0.01245189675112468,0.017194531864588525,0.021319199460804406,0.028631472585382678,0.047094825823678965,0.020477653236804505,0.008605778495930805,0.05807335937472513,0.0198789479726158
2020-11-16,0.013380059232586117,0.02221059957081173,0.046454774910529295,0.012325446743631563,0.00910524800516277,0.0405681507079807,0.001155745194147073,0.03157897247652497,-0.011792614955418168,0.017676833437193507,0.007004056184603424,0.018294592642430496,0.0006031750422335058,0.07835817139764023,0.05708150084906349,0.07354266157424516,0.0034604063045020617,0.04520641730703323,0.019813073032602935,0.040703082351055464,-0.018286148051140483,0.0637119292251278,0.012667552726055797,-0.004821516570280626,0.024981862900398832,0.02577085187201633,0.028802094080109475,0.0008190659944971035,0.04919916809206848,0.014433804007458084,-0.0024027221315765512,0.033674938629576046,0.020462677988805966,0.033871636878259004,0.00791627616187296,-0.03271040093251887,0.0170942730777075,0.005119528166223519,0.0515516346500513,0.041243093801792696
2020-11-17,-0.0004305302861902227,0.0026016952805372195,0.018691674914758538,-0.0024120449343711936,-0.01839321671846339,0.013644905649412342,-0.00785015657244148,-0.01676367306943982,0.011272554313889183,-0.0016543017368940705,0.0005151087399930532,-0.008429961842307487,0.00036205116611220944,-0.015076634309308834,0.017479559889588936,0.005847927590864943,-0.0011700378232673003,-0.004753171544372936,-0.0026195752670725714,0.0031111338542799682,-0.0018986362501542953,-0.013237845396863457,0.015123441001072102,-0.012919713155520762,0.004392783348185825,0.006978733022499073,-0.00615937852836157,0.002291207834994591,0.0034735322316770123,-0.010420931941032885,0.006528092631248983,-0.001699677952167633,-0.009590288386284174,-0.007619101844531961,-0.0050038543228337895,-0.015700415905561815,-0.0018269659875135291,-0.008828582057338163,-0.009756134777534342,-0.002712902837868403
2020-11-18,-0.010624555363306643,-0.011549482314605508,-0.02752313095475123,-0.00840537948885467,-0.027576491977673645,-0.03749979609832954,0.0027926348752471686,-0.0007414600664128468,0.013283958801212803,-0.008284931189682099,0.001544859872780746,-0.029547226222345624,-0.0003619201325062438,-0.008531999136930701,-0.008589578360534977,-0.05232559106619439,-0.003945742303883448,-0.03247342017612154,-0.000656572120782184,0.010633509583879652,-0.0012852577407855836,-0.0321089728080417,-0.011403200899804067,0.006199958991921273,-0.03964484266513224,-0.01172815329398369,-0.018591116639679384,0.0003268344641440546,-0.03387313096716815,-0.006885149796819534,0.002896364784044536,-0.009931972262514854,-0.014084494035883521,-0.013435819000010008,-0.008148187721283562,0.0002047363078077069,-0.0025622304094914394,0.010962704159756642,0.011083763050540263,-0.023395018524197675
2020-11-19,0.007546147865154174,0.006170599760262574,0.008254946757693782,0.005109085767817323,-0.014410144895302013,-0.012987022697288575,0.0252955279512872,0.0022256511284075575,0.039610409275302905,0.013366803192308208,-0.0051413707092873295,0.0010051726286888218,0.0010856177611866524,0.008605420577874057,-0.011835741920969034,0.0,0.024882423453881142,-0.005429300799311809,0.015330721972815153,0.010960174308459303,0.016369815430136825,-0.0020453451577556736,0.009302270247282474,0.018399670979500016,0.011018101284903992,0.007228633639914772,0.01090702597286497,0.00326458335562263,-0.019705617669902087,0.005709439098823932,0.005148611670902081,-0.0005732937554443485,-0.008928520490927738,0.007004040537973655,-0.01290029226834477,-0.0008180035432772126,-0.001467771328196199,0.008471705248721317,-0.002679673870791488,0.005013911553698236
2020-11-20,-0.0015844125849373558,0.001826742692870642,-0.003509012966120051,-0.002425881762221138,0.015272752332882611,0.01113359710502615,-0.004979596031660205,-0.0007402109525466161,0.03407278679306702,-0.0016489404703409205,0.0038756803864532507,0.0027260407982923063,-0.00036165854317427026,-0.003513159222310991,0.006497647364409609,0.0008764442607862577,0.02699602108510657,-0.012407319627239066,0.0230802347009742,-0.01864696032455737,-0.005064816144422113,-0.0173040330823806,-0.004792386611367383,0.006428566299566674,0.005230991399873597,-0.02110180492678093,0.0022710463879875853,-0.001138968216947589,-0.01722994697315061,-0.00689361737284111,0.00886984741428054,-0.02581002622373396,0.0,-0.022797338951091373,-0.046456463788602465,0.010844859401847762,0.001469928847613211,0.002688056511699788,-0.025402958859690572,-0.006097700573783338
2020-11-23,0.011252155594379198,0.015238527876657804,0.0035213694973448284,0.0037058187675218512,0.008438933633663881,0.008008196617428132,0.01455875452436417,0.0362962188074929,0.024545007047736656,-0.004954426291632119,0.0023165841000236664,0.014594761541701695,0.0,0.028204552314381015,0.032433677618371126,0.050788084048268844,0.0067039069049674715,0.01155779834097248,0.013282754882177006,0.004418874849860366,0.0006618585869824223,0.010194646330490054,0.012779844180127897,-0.018912031070775437,0.007516881324484137,0.023744689278147213,0.01416427527475772,0.0006519224095864473,0.05087019227746725,0.0026541672894448975,-0.0045814834751516376,0.000588701976503403,0.00630627859626709,0.02846953054600876,-0.017114960470002494,0.021457616504829247,0.012844061492394587,-0.00033503412037128033,0.025814504759575696,0.00697155304030983
2020-11-24,0.012268271858360658,0.01744688637951386,0.05964882334534494,0.014884122767230501,0.015099045069686179,0.035749472193956855,0.00538132049984319,0.027877096136733392,-0.008603284312488912,0.01161817219462069,0.021315028862185947,0.01184586967382506,0.0008438183374006591,0.007837366653773437,0.027346613483531845,0.06916666030883789,-0.00794439272712233,0.03129665268669801,-0.00249693597904721,0.020677552949653677,0.004527526131094639,0.04862403073931443,-0.003291925943952889,-0.0014467929271941848,0.004304218307545238,0.04328765445799543,0.07206711705602453,-0.0009770226943831561,0.017441716610526514,0.005294374856932738,-0.009952311333735975,0.016475373393367354,0.014324068605127138,0.048058496094077974,0.06736266375714584,0.021601246061250245,-0.014130341841075422,0.0020112393509088555,0.09846075615072158,0.0481861683468372
2020-11-25,-0.0012686374590008542,-0.005799958473240996,0.0,-0.0010233319495319693,0.00681000150908373,-0.0019174413671964041,-0.005352516890972048,-0.008344919050847888,0.02854201768835507,0.005742370250929829,-0.011566533668107448,-0.007526507787209535,0.00036094946183329313,-0.00437424783721041,0.003666495694821581,0.002338248881495364,0.024436164704353835,-0.022158012227033952,-0.001460152207539256,-0.018534594324264186,0.0063810268338933,-0.01552946659581067,-0.008256847759672503,-0.0032387699384823776,-0.005142925694127332,-0.007478666964018443,-0.015112163496137976,0.001303448151733333,-0.014037672032868986,-0.009115050691442028,-0.003078373011210389,-0.028943521745900314,0.024713127524859102,-0.021276586771323158,-0.030450734059298212,-0.00446164350149747,-0.012863026463485694,0.014720804869210902,0.015124562255843577,-0.027476955600413633
2020-11-27,0.004515443244029527,0.0031704800499008368,-0.01766012854391319,0.006145523915713547,-0.007297877509695239,-0.018251855924191762,0.011434956807201857,0.026647987878738233,0.02233920714326887,0.013866397901501237,0.003561574939629164,-0.022609011692850678,0.00036135392975866765,0.014156651185656566,-0.0024840823410530177,-0.020995296368391814,0.013967168606992209,-0.015271026990255399,0.02172552619036372,-0.003952470523735041,0.009058008900232561,-0.025105482316880146,-0.0001849499002918309,0.024925190180359102,0.022580301017395943,-0.007638496484902113,-0.02486746512328275,0.0019528135447184347,0.007307807883441875,0.0012265383926970408,0.00970488976792927,-0.015499300676891203,0.006029341134241584,-0.014992437850889662,0.004055746698165663,0.006624999456967151,0.0074458459241462105,0.014177412137578838,-0.007449609052032624,-0.028524781623616158
2020-11-30,-0.006040273223830828,-0.013906412580561578,-0.053932361896235737,-0.012215880164277437,-0.006455032856728882,-0.03228967666749827,0.02615825478691791,0.0068304225194588675,0.026363889263276707,-0.015285801731291238,-0.0116603546752444,-0.015948219055588186,0.000962335912747081,-0.01323704565967776,-0.015307964231869198,-0.06274820907691903,0.023241260470577174,-0.05002501884993793,-0.023512605386764363,-0.007054678327611308,0.0009973426456515444,-0.05811300732293956,-0.004915110266258793,0.016643747400299613,0.004078453015267547,-0.03141211367368901,-0.037981640460056254,0.002436371031713014,-0.024640401673655554,0.021233153446345687,-0.0012484487496224883,-0.025128606242936558,-0.007705492314756923,-0.035768748234241254,-0.0035719474219445546,-0.014905104917209977,-0.011455998696347724,-0.010077940252666395,-0.005518763889856171,-0.03942974677621702
2020-12-01,0.006783578598795081,0.010512952318644242,0.019002316879049186,0.014199069927670838,0.0027071273248882033,0.019211576059585456,0.00756116171290655,0.02035280848873189,-0.020388406050855234,0.012255027459047385,0.023339359189302744,0.019856822269059604,-0.00061367095702336,0.009999996278344137,0.010413521801998948,0.03559322622924377,-0.0024929198489623827,0.015798121076799898,0.002093850341976955,0.030639431214844803,0.00014953285934748983,0.035567171123862984,-0.0029823429432471737,-0.007877885111311156,0.023252733769177913,0.001610704064247459,0.018048550903129623,-0.0026299114236327803,0.1229802341009052,0.004598227995969317,-0.014744433200915452,0.02546586060209166,0.028472814440159366,0.033938561654761834,0.07913426108212462,-0.005502084308202315,0.016075158239081455,0.0,0.005993350995254998,0.023580820571894368
2020-12-02,-0.0001403675569129348,-0.00025393634737591597,0.00699291406449043,0.002032286442014586,0.00971897781475306,0.01884920094742859,-0.021869681648926664,-0.006648831392151666,0.0007885803299827465,-0.011299629193342375,-0.0005012727863042965,0.00901949939458846,0.0,-0.007969041718749126,0.01148408127686773,0.052373107664755336,0.006886623958553217,0.0067392020377772255,0.021730064819564632,0.03360610670365949,-0.0025404517916035596,0.007243315462409861,-0.01589092915408885,-0.01344086004541667,0.013689240427476657,0.006754615662032837,0.01606637245189413,-0.0008144701238599339,-0.016786416960243633,-0.02348262735347273,-0.007936421859871867,0.002725619437701887,0.019295263486931002,0.014885254033307982,0.011269806935818139,0.05433706784085657,0.004414738483131675,-0.012151251178350586,0.031112088634306367,0.01820252395250721
2020-12-03,0.004773395949564163,0.00761426902955642,-0.003472176401055904,0.0016900278234002197,-0.010695077446754464,0.0009810962698664216,-0.002192083913791665,-0.005354818089620128,0.024611573505950002,0.0016326947496376754,0.00351045552868956,-0.012627855627477147,0.00048206918499626994,0.019230697799844654,-0.02256179754317933,0.008553702432989363,-0.00297853577403262,-0.008754043880273676,-0.0051124742780978005,0.017090525083819585,0.002846474110929309,0.03409860847502011,0.00531935457444388,0.0132886108924406,-0.008507709972807698,-0.009691090185209417,0.01635789045451097,0.001955159208216317,0.04378602645212504,-0.006725200856441238,0.008064140510755768,-0.015705270822990336,0.00905354846133477,0.009026084309635696,0.017314904800393327,-0.022676150971579934,-0.015018332202637485,0.0006647219409994243,0.06805051008617236,-0.0036311395187815787
2020-12-04,0.013133824261465366,0.018387764287640884,0.03600471775738012,0.008774010070650373,-0.010450490420642722,0.028431549743062723,-0.04701211374602199,0.04239572580817885,-0.0018969974507727638,0.00815016701329685,0.004247829990510654,0.01494464041143484,-0.0004818369062716821,0.04728921883799053,0.012136929165930566,0.01310717600570177,-0.00016595917353678935,0.02701288876305652,0.007605322102363088,0.025409815482797526,0.015836021099671527,0.026693633731827537,-0.00113367239736617,0.00819127799743491,0.026831879647780665,0.019571756706924903,0.04130870321360347,-0.002276419281492248,0.1051520291000485,-0.004923993873733767,-0.01466510408794186,0.04848115450611057,0.051386631539922734,0.02124486798467462,0.0022633310530568718,0.03068076617582638,0.007437797651217215,0.014285891081052382,-0.013424126848200157,0.027754494431437182
2020-12-07,-0.002068860710398135,-0.0017315072818471222,-0.006726575136510982,-0.002341576877614826,0.003641651265435142,-0.005719409712082735,0.017519555792785857,0.0,0.011699116879631433,0.008083909645818066,0.008708764543996272,-0.004530897412871826,0.0008437012226882867,0.011174497047154563,-0.013315659943504476,0.003044137047785833,0.014718108366026161,-0.004046385091685978,0.012239870838802958,-0.023581096177834104,0.006225730610350144,-0.0021850968341254884,0.012485695566517352,-0.016659817847498926,0.0007957902280293361,-0.004113352942487047,0.010304283044322515,0.001629681112336634,-0.04742253559445497,-0.003917688586138057,0.009020526659617945,-0.02692419586843109,0.019394879235166584,-0.00072992382206849,-0.008942554692183413,-0.0027905713639497787,0.00221483137675782,0.005895657865226278,-0.0008123662502805828,-0.005455790411412531
2020-12-08,0.004975243827864961,0.006565952996920199,0.012415417956591845,0.0034647219811452246,0.0061683780102028685,0.01821622038554427,-0.010421331492634911,-0.00645580786192379,0.02556488316896277,0.003207780111800007,0.002220011522231058,0.004551519882532107,-0.0004818763558445127,0.01939559331060048,-0.0067103633257517,0.034142625102096646,0.0011451372188566733,0.003555178436295492,0.008262794361904913,-0.006140014826839346,0.008087316533005318,-0.0035030611077816465,0.003923672509787979,-0.0018360976570143128,0.025182334332056966,0.002224052452790115,0.010198742206734002,-0.0003252124243648957,0.013212057096199548,-0.0010349121421162621,0.00472520016993716,-0.002105255410771223,0.005327221689137129,-0.004382742000202611,0.01342856907092771,0.012686456998592055,-0.009208083965141944,-0.01758365899884684,-0.003252029368516429,0.0021943006110096697
2020-12-09,-0.007700380779309457,-0.003199651791750191,0.0022294416151578123,-0.007017091894416461,0.0007212722893639167,0.0018834437243540059,-0.02564104392876909,-0.0376867594537571,-0.04910015940575141,-0.015187869998782633,-0.0002462381276921999,0.01883049026040795,-0.0008433964037876107,-0.050442534413927875,0.001276070915685379,-0.016140885193076326,0.00043565669720369016,-0.0005060834169057227,0.002998231651786032,-0.003706738014130684,-0.012130244814155255,-0.003515969865096058,0.009119779755748292,-0.004096972157366374,-0.05132497204510311,-0.014900082981601837,0.014639082029202166,-0.0030923841962046117,-0.015230504576380643,-0.02030653051927367,-0.003304954049671349,0.011151263475554174,-0.15897050532971102,0.01724121933703615,-0.008573959907494877,0.004053189853672645,-0.014126371263951998,0.0029831105754261067,-0.020799356417644632,0.006841942817112923
2020-12-10,0.004434380026063112,0.007284658661079746,-0.0033368605033398113,0.0026920239155798775,-0.007207104482905513,0.000939777031239819,0.00822346148299924,0.01890599682738392,0.03448005201418325,-0.004058544598494085,0.0066471285728932905,0.020845080517713166,0.00036255494856507475,-0.0027958745807121765,0.0019491304297591938,0.01640568751171645,0.0225392792547916,0.004050481829294572,0.028298090081893656,-0.0016535769649819176,0.016339629603135508,0.007497301096823561,-0.011066250572030811,0.01884814654586542,-0.016217088348135178,-0.008646627803634455,0.006964875706389595,0.0032651403756467356,0.014618626451975647,0.0006343979472509531,0.008863803957196659,0.021460496584574607,0.0,0.0018032595489754222,0.01554236273848919,-0.007523098433810271,0.0018852607332711102,-0.0026437830077062907,0.033735920792205,-0.00543625694051153
2020-12-11,-0.003725197608887454,-0.0034321528992492523,-0.015625228924485368,-0.002572922107584752,0.0005444885085268414,-0.020656961307289112,0.0006994301010503357,-0.017229777934751445,0.010764246528085941,-0.04971471624300372,-0.00024456815789308806,0.01524618831044644,0.0009637195963942968,-0.021728979480226118,-0.005686453733956598,-0.006603092577566194,0.012724945673773469,-0.009077229101315698,0.0071705960760366505,-0.00952375842424269,0.010782193773501758,-0.02122992007585034,0.009697926199732754,0.0014832540908622516,0.007895624683706526,-0.017662497612508488,0.0014826205661131464,0.0003256374716360533,-0.012841763973548415,-0.0021135743321010203,0.0035389340100038247,-0.015173549202973424,0.012601291417557503,-0.01583882896062805,-0.006520775350920327,-0.020891090217705077,-0.01016175690719845,0.005964173010460039,-0.02578563245437504,-0.008745567011155586
2020-12-14,-0.002492901668640135,-0.002460208545341569,0.03628149952518811,-0.0029839799338593487,-0.013060190210305134,-0.0009589358079042931,0.03237076479425616,0.010114540835039154,0.007114303651867271,0.004288273822927513,0.0007337796838229327,-0.014078887260113082,-0.00012054917034087786,0.029854311724094806,0.009556808475385203,-0.0022156375964336172,0.026234109974463404,-0.0066155603964436205,0.015201021402234893,0.027173833133650627,0.010095744467974122,0.01699457684429828,0.024935300882592992,0.007981187000293044,0.02721275559937042,-0.01687016288735721,-0.002959989284989639,0.00032545705920017376,-0.012797783836580257,-0.01059102215284169,-0.002771313720154711,-0.005333389912827169,-0.01066665649414067,-0.02633501137952321,-0.009770454144471974,-0.01378386175295876,0.009505595440202574,-0.0003291538851506459,-0.03391231118589755,-0.007168429098506457
2020-12-15,0.012078495158059699,0.01960566149843679,0.015317307604129748,0.012696893523771013,0.004594774591567985,0.02879034238040301,0.01872295456102724,0.03938574491422653,0.03147592165700441,0.024765005800520656,0.012710702775179383,0.010743968979353147,0.0007230618610336581,0.017857153915518786,0.02951693013553891,0.05033303774841946,-0.002561475449882167,0.019467023295019592,0.0022745024715637996,0.025640987005586258,0.006600287418294659,0.01473214414007673,0.018201487670636007,0.020693063294923153,0.03692837809776317,0.024271543306345844,0.032162217338024046,0.001463262058318593,0.03321217609113636,0.002355125334482011,-0.003347000645979481,0.040512376057927346,0.012578647069473758,0.017655994322579138,0.027239709946301538,0.03044224578097987,-0.010545985794697232,-0.00527181447628744,0.01583899495793717,0.025548457476584074
2020-12-16,0.0019202856026243609,-0.0018139682411560942,-0.0021551658297531695,0.002462791270029685,-0.018111994352710048,-0.0046639359157932825,0.0033217913114487185,-0.007706929256202311,0.00032956987839560803,-0.006666551240081087,-0.003861882201995126,-0.017222962974229206,0.00024052634078230994,-0.015721089913519615,-0.010208430735347274,-0.026074693199468535,0.0021571554983483843,0.0,-0.014561279164344687,0.0051587890398321345,0.009226786762678962,-0.00585081953172939,-0.028318494517102555,0.023992261265514125,0.008515987911235756,0.0006613990386361568,0.0,-0.0004870165922103986,-0.0348403906808038,0.006193859595599038,-0.0026618302828919083,0.013455482163199806,-0.02218278525692341,0.005906212396000976,-0.000530326101997991,-0.012263105667581042,-0.0026647294937225396,0.014905241055457541,-0.030762728879830892,-0.0013539755939989684
2020-12-17,0.008625449139777919,0.010055603314609085,0.007559338826407691,0.007146840509414165,0.0068939379139234536,-0.015932568051021723,0.039505204732126264,-0.001946763944588481,0.006259179730569997,0.011744977209072749,0.010419290856092278,0.007256705706433442,0.00048051026263884467,0.0018518059014955845,0.019384052127440654,0.005065170046621104,0.011685110887418304,-0.0015073356690920026,0.009211274930228663,0.009080166531592937,0.01136985896269005,-0.008936327341564465,0.038251112919917896,0.03385666152121458,-0.0033266236856266396,0.014428929914948707,-0.0043145091416058046,0.000700079140673493,0.020949729772322234,0.014221717442749027,-0.0026460960698847513,0.004237304942147357,0.002722298704630033,-0.004403734782923108,-0.004038662556032913,0.0020693315895166098,0.014885575267016948,0.015992256826226292,-0.00260867243227747,-0.0021691199653144366
2020-12-18,0.000135958980245654,-0.002159143540052977,-0.05573428749612663,-0.004545965494527349,-0.012768192535782208,-0.0038092301337968593,0.008705051727868396,-0.005851816412442035,0.026006145114273682,-0.013267145588175766,-0.0011990878345639056,-0.026369639758248575,0.0,-0.00670048773127041,0.03731341077402339,-0.035997119340631434,0.030344506982635355,-0.012078644912722702,0.015782430385039348,-0.01799684562919468,-0.0005046356202402791,-0.030569580938698993,-0.006140040179874351,0.0332388585192398,-0.009242721706888113,-0.002171514852735257,-0.03273985134013768,-0.0006504302426374453,-0.013679799666368564,-0.004394978796894655,-0.0029971691324340854,-0.03150491918418641,0.011764716035925549,-0.018429702866914255,-0.016723379589797194,-0.012577737785528842,-0.00338476222047579,-0.0064246031666432835,-0.024847414191554784,-0.035869748687680114
2020-12-21,-0.004207845493661044,-0.0012023036558677092,-0.021566304227152,-0.006348835605416214,-0.01068428122794729,0.0019116612757723583,-0.005472361231578016,-0.018966680187100016,-0.014962196149439833,-0.01512586081491274,-0.032172905417479525,-0.024570693616226436,-0.0007206324931037233,-0.011863273233737148,-0.04655503487270907,0.000746771841010796,-0.007964969379266051,-0.012735638878328293,0.032197702726673105,-0.049402421406646635,-0.013451495825273607,0.01429202267215679,-0.020123744782907016,-0.0071650211754406,0.00142516441515661,-0.009249095013351472,-0.027376423457907917,-0.0009769862811747076,-0.009282014930415028,0.015766403905958182,0.0039659415671722265,-0.001742743066167507,-0.014311256086284474,0.020277792792224858,0.010806731505034639,-0.0030416770697663242,0.016981113936883396,-0.005172958238458314,-0.015198933385446534,-0.008173774540653045
2020-12-22,0.0021806815141107716,0.006258568975279211,-0.0046403572950710625,-0.0016815186936386395,-0.002462986119921906,-0.005724868094787561,-0.0008475739884125089,-0.0006666585463659391,0.02031933735539604,0.005119486171474952,0.004217481705951265,0.009445995172354449,0.0007211521787962027,-0.0030602888304172016,-0.0008706023042398536,-0.015671645083972452,0.0004460342765770786,-0.019091888194546547,0.013601741173410398,-0.003352894080262181,0.006747544950565176,-0.012525180395660862,0.0007207122802084243,0.018446959877682412,0.02406545530407156,-0.004942521008665768,-0.03326535300124134,0.0029330813554087065,-0.008507391039694334,-0.011589588110131221,0.005160726248093717,0.006110074245782693,-0.007259607446205685,-0.008833149237103655,-0.02099531889318773,-0.012013875541742602,0.01113168508025919,0.009749617937494293,-0.024738994975352924,-0.011934819386937856
2020-12-23,0.0021763801960938967,0.008013457679689528,0.04195791537433302,0.004716089991988914,0.0024690673986538236,0.019193561586935415,-0.01569490488048919,0.0033355163823323153,-0.036008060745762016,-0.004244686437732126,0.017292219780552953,0.001701317663466817,0.0004941419019004467,-0.011570197908482904,0.02265627016975036,0.02426085357686092,-0.00019812387799411635,0.027880405102538086,0.010556453015405864,0.02144654958509462,-0.010770001344676094,0.027633171810875767,0.005040407652045831,0.002928407594794624,0.005179929936372396,0.015342156926767991,0.035468449518397005,0.0,0.016291895699284575,0.007328283814063363,-0.006909487227127142,0.014459204453726393,-0.020109627220550985,0.029706429583768124,0.031210105464534843,-0.0019337499240854594,0.01851856573499311,0.017380267195212573,0.026530122347289575,0.019844573394820708
2020-12-24,-0.0002862332752491259,-0.0018229956562573202,-0.010066843659903624,0.0012291467394718314,0.012315460349993756,-0.004708084869528895,0.013790279611876288,-0.003324427699279542,0.01225739401765491,0.0025577072914657606,0.00679958184129581,0.007784965800335275,0.0004814278316018772,0.01720022002400734,0.015053575868945401,-0.004441185684692317,0.0033693026018419836,0.004605674869370802,0.012747897070443548,0.002881865463765676,0.002710073098829424,0.005730585306639835,0.01038876636482211,0.008615349480224355,-0.0002513601082295702,-0.004348223289271647,0.0010227384265237838,0.0016245181881515691,0.022229218030194398,0.009145613001405817,0.003957676920910869,-0.006271389222496371,0.028917859908627053,-0.005409198207470323,-0.029498525073746285,0.004068929875022276,0.013454572460182446,0.008541438555060843,-0.019270058423415337,-0.003947936500541482
2020-12-28,-0.006265055492120641,-0.003818740898704487,0.01468918417230336,0.006585767160735223,0.007486323189199062,0.007568709770225723,-0.0014878334750710875,0.014676408267477514,-0.0158298294418161,0.0008503616803730019,0.011336158847903954,0.01657319524101286,0.00036071070021770346,0.01385618394831356,-0.013990906209841558,0.008921924703405582,-0.006814838927469147,0.00967914715362661,-0.011363662888271286,0.003694564810356793,0.010298790666928515,0.013806837223070412,0.00425463685555294,0.0044674769640264955,0.022504360417283653,0.009716966271995142,0.012767989569556715,0.0001624474868506809,-0.0003136347820973384,-0.002471492232792638,0.00044446242535234326,0.013482501104189248,0.011786048738724686,-0.0018129000448035004,0.01568390170853906,0.009455965213403639,0.004664449617011401,0.0034505617935789434,0.015256585136841805,0.006794839639831185
2020-12-29,-0.004385980060870764,-0.013058678514855093,-0.013363193577398347,0.001995934891618756,0.0024149432839799534,-0.017840161054313963,-0.015964210974052873,-0.026955891043389246,0.005872394214947674,0.015292923291257754,0.0076317625031376846,-0.008703880653647134,0.0006012517025348885,-0.025712227072846705,0.004966278562597237,-0.013264506672768683,0.00661297664749716,-0.015136190158149931,-0.0249336846407604,0.004907978897212395,-0.0053966126569959805,-0.021400797732966104,-0.014651481513265563,-0.002810809683883253,-0.027050245379714455,-0.006163288086000307,-0.01563269118019439,0.0008104768569547893,-0.002509769318644439,-0.00020660040620823494,-0.0012705548793746635,-0.0008491173630533755,-0.023297511867092613,-0.00908087958012338,-0.0006583708950566036,-0.020263902017087942,-0.004285636663276193,0.00031265159311288926,-0.004098280919460184,-0.01631057179619877
2020-12-30,0.005644439585226202,0.009711182373325578,0.003386168525167488,0.0033200536061932517,0.002038636857856657,0.009559962931094068,0.027471228569808437,0.023648566867109366,0.023573461091541903,-0.009204969118545181,0.006863872729143905,0.0023690714864199602,0.0006011032714150488,0.01949595026273432,0.005012402008192529,0.013442819035566878,0.019264061319153702,0.0020680473108414255,-0.0018135378169747973,-0.003662987380925631,-0.005240588683063763,0.017009216428371277,0.013794419473092567,0.009098650196655678,0.02388469505293145,0.0001088340270456456,0.015880953217490612,0.0012966152564770628,0.03166270847478336,-0.008260861759694094,0.0021634149654523593,0.007931981970412672,0.015596337820502404,0.009996101693129589,0.022069818120938223,0.004097757329633023,0.029053152903117718,-0.005625094960528099,0.020804751085780282,0.015151227497643083
2020-12-31,0.005201697214374024,-0.001683077961920909,-0.0022498504975626554,0.0006618498904777947,0.02663219371137182,0.0,0.000842206413771196,-0.004620338639331867,-0.022020603169635056,0.009290487771578704,-0.002350620888380006,0.007647260643570908,0.0,0.0032649110578624185,0.01798256214960703,0.005895351916372471,0.0069783723771483785,0.006192170217683701,0.005995603395136051,-0.010620960068732033,0.008857850239457399,0.011946034290556184,-0.01837783047058772,0.0025812771565010273,0.010367876918341956,0.013272440588741441,-0.0020171853974457754,0.0,0.005081346185926705,0.00687196999553108,0.0014609446990956343,0.013771731323661607,0.008130095308852558,0.010630558003525081,0.014151408175538727,0.017489109436921613,-0.0034856713552599006,0.005656915648233118,-0.03135501630537396,0.007603768723360327
