Date,ELTK,CODA,SHIP,AEHL,DYAI,VIRC,NECB,NAII,CRNT,SGLY,HGBL,NOTV,ANIX,TAYD,SBET,IBIO,CLWT,WVVI,AWRE,SFBC,SLNH,FIEE,INOD,CRVO,ICCC,BMRA,FKWL,WFCF,ORKA,SSKN,PRPH,ARTW,CREX,LINK,RCAT,AACG,ISBA,CZFS,LDWY,DXR,LIXT,BHRB,MGYR,BVFL,INTZ,TOMZ,SCWO,IPM,HFBL,BYRN
2021-01-04,0.0,0.03497619528824236,-0.055555746122392,-0.020161290322580627,-0.040892242072316565,-0.04347803143851181,-0.0036231044915531196,0.0009443086626765851,0.050359750483805366,0.0728155326321882,0.07894729058356886,-0.039024429956693085,0.06514659675332912,-0.011461306828900009,0.09677419354838701,0.161904761904762,0.021739058528521538,-0.006279428975141443,-0.02571426119123188,0.0,0.06157112526539277,0.03867403314917128,-0.0018868355701793238,0.050000000000000044,0.02521010086989528,0.016064241646516875,0.01063830918446973,-0.014285697575617595,0.037406419831699456,-0.020000012715657545,0.15250531789874766,0.06944437545758975,0.20155044777105102,0.008888959884643555,-0.09833335876464844,-0.008403453102266312,-0.0061319119802963895,-0.02678572016046632,0.24319724498416795,-0.007200012207031259,0.012618224023807523,0.0,0.059128572440926286,0.0,-0.028944329926547385,-0.02844641346997101,-0.04761900369272076,0.08904109029793172,0.03878112967152392,0.006896578032394851
2021-01-05,-0.01988089229961587,-0.0023042001221758035,0.0980392377875754,0.04938271604938271,0.05038764274619778,0.02892554232633482,0.0,0.0858490391191793,-0.0034246541787590346,0.018099529937821268,0.010453035193241922,0.04737736328892761,0.04587158906494282,-0.009661872249663306,0.023529426724302915,-0.032786885245901676,0.0030394208299604486,0.0,0.01759529069481669,0.0,0.016000000000000014,-0.04255319148936165,0.024574690997801074,0.23809523809523814,-0.01311474179619243,0.005928895286087643,-0.04000004208588326,-0.018115955433275377,0.024038492960992475,-0.006802682251218939,0.02457465559236316,-0.0032467502308325402,0.0,-0.09691647601715381,-0.2569315907005999,0.04237294385434165,0.028277655869316298,0.0,0.09439125343660315,0.0,-0.0031152174104217556,0.0046863809949611035,0.002938465869413154,0.0,0.0385738784879619,0.0,-0.025000050291418274,0.0,0.0,-0.0068493410175966
2021-01-06,0.02028415948982132,-0.019245573857194942,-0.03571411055302287,0.019607843137254832,-0.022140199975999808,-0.056224850660067105,0.01818203531188156,0.054735021886452184,-0.030927886575027097,0.0,-0.044827624195111215,0.0,-0.017543912239656678,0.001951264172065592,-0.07471267181757968,0.0,0.0030302935007706644,0.015797773434098383,0.028818416083016496,-0.0022045454830337263,0.08464566929133865,0.04166666666666674,0.027675293958666858,-0.09615384615384615,-0.00664451195677096,0.009823126208018618,-0.013157909157718306,0.011070062170104977,-0.030516352942082436,-0.0342465744476691,0.08948339279887674,0.026058685297797535,-0.07096772407269791,0.0182927986080772,0.39303480875686536,-0.008130073421291018,0.057499921504185814,0.06422022612899703,-0.05624997615814209,-0.024979812228364207,0.0031249523162841797,0.006414332727709082,-0.018554872993734484,0.0,0.03995501533735868,-0.02477480452630154,0.025641078544558438,0.06918239748170008,-0.03299983840390586,-0.013793090294147325
2021-01-07,0.0,-0.01726839225328991,0.09259229907585609,0.28076923076923066,0.024528232627428537,0.03404250703940215,-0.013571277771308288,0.060955498368266525,0.03546104447461973,0.06222220526801214,-0.03610104885239751,0.08723747283703709,0.10119052476285684,-0.020447909326841485,0.06832296664983084,0.0,0.10876148335040536,0.0,0.11484596456512142,-0.003788061866035086,-0.010889292196007205,-0.040000000000000036,0.12028717752390028,0.0,0.04849497674382253,0.06420232145486171,0.022222246902216858,-0.014598523722513135,0.00968519866331996,0.042553149756217934,0.15241320501439692,-0.006349200101906871,0.04166662527455389,0.05389222903328439,-0.017857126131349377,0.04098356651125812,-0.002363954744432295,-0.030172313503197046,0.07284770554175712,0.009917345601315297,0.03115264945592422,0.010428442053282527,0.008955553604454547,0.0,-0.012987062314069653,0.05311778825082025,0.0,0.02941173583166079,0.0,0.006992966885427165
2021-01-08,0.005964195972820496,0.02555908012174135,0.05084759157459784,-0.13213213213213215,0.012891376404112087,-0.012345875097007797,-0.0007245629823585675,0.013975178849103154,0.16780821805958634,0.037656888405658506,0.0149812586929019,-0.03640414336771591,0.056756766335297026,0.0129223812469339,0.08139536602982411,0.016949152542372836,0.021798293750864506,-0.02021767357299431,0.020100483246901613,0.024081133253224918,-0.01834862385321101,0.01388888888888884,0.03044872823551592,0.03191489361702127,-0.006379579262313917,-0.025594126481802038,-0.021739154053396992,0.0,0.01199038693916421,0.013605429378242606,0.013960352691001265,-0.006389846202502492,-0.02000003390842009,0.04147713151644972,0.03272724151611328,-0.023622025071121988,-0.026066709256581833,0.0008888179981592081,0.007407341125519329,0.0008182712756970023,-0.0030211020764631114,0.0,0.010847898305475834,0.014705949289741227,0.017543927160695638,-0.06578941176802755,0.09999997764825852,0.4000000272478377,0.0,-0.02777775202268362
2021-01-11,0.035573011425438006,-0.034252356481672686,0.32258059531262573,0.06228373702422152,-0.023636384443803227,0.012500201017456858,0.0,-0.10796330442444257,-0.08797659330902396,0.028225838083631327,0.04797043328133288,0.03700844505427958,-0.06649615978410373,-0.01864569069748223,0.053763441595309214,0.050000000000000044,0.034666701234592034,0.00317460005095338,-0.02709357060249551,0.0037129865481280167,-0.06542056074766356,0.013698630136986356,-0.03888024987157657,0.3402061855670102,-0.019261618810866077,-0.03564729079552187,0.013333348141330248,-0.07407406086024759,0.01658767739321254,0.006711435169794333,0.008695641215223704,-0.09646301042947159,-0.03401352011798742,-0.007092153748865404,-0.05281685263456315,0.016129016752173708,0.0,0.0,-0.007352875865728303,-0.001635282488792189,0.012121258359966802,0.0034404813787460853,-0.006829210495379212,0.0,-0.07165949684473572,-0.01173713334470583,-0.09090907243657698,-0.1836734852757067,0.0,0.0
2021-01-12,0.005725271919682751,0.011274017592854069,0.04878048210534591,-0.05211726384364823,-0.007448782626717443,0.012345675312634974,0.021739264389630808,0.057510738045712495,0.006430938913094986,0.01568625955020675,0.04929581307579878,0.10408926335004032,0.04383557348811595,-0.011999988555908225,0.14285710578525457,0.25396825396825395,-0.005154692871524702,0.004746793062713639,0.005063286249386678,-0.019728823592765843,-0.0020000000000000018,-0.013513513513513487,0.02265377786594369,-0.1461538461538462,0.026186553832377557,0.2723735664850635,-0.06578946148193066,0.04399998766991442,0.004662024252942265,0.020000012715657656,0.027298829482364173,0.049822102403921154,0.01408449285348734,-0.05274720714224579,-0.07434945852394259,-0.007936500427734305,-0.04233529767565658,0.003729965974306859,0.014814799988603022,0.03194105995940211,-0.011976093042061042,0.020000155376890705,0.0,0.0,0.1683110823352023,0.016627119008812974,0.0,0.0,-0.00034504984791461357,0.0
2021-01-13,0.018975305905141848,-0.041467265205040404,-0.034883661340990746,0.020618556701030855,-0.013133151186904057,0.239837491833494,0.0035462246562694144,-0.0064935004616650804,-0.03194892632424373,0.057915058768063465,-0.006711402952518042,0.020201968306673868,0.015748016714081325,0.019230726536692222,-0.06249995742525183,-0.08860759493670889,-0.028497389347700963,0.009448810028448884,0.08312346593109621,0.018553590111848317,0.012024048096192397,-0.008219178082191747,0.02215187700679966,0.12612612612612617,-0.0015948567902865918,-0.04128440099409614,-0.010328667731542951,0.007662826481723339,0.05568441339178576,0.019607855359147885,0.0951048035721167,-0.016949136104436047,0.013888875091518038,-0.013921038750516201,-0.0361445437046628,-0.0319999694824219,0.01626000120571658,0.000707701451215792,-0.01581509856664609,0.045238069648195545,-0.015151515151515138,0.0,0.0,0.0,0.1862891178911612,0.01168217557165585,-0.16249999161809692,0.10000002384185791,0.0,0.0
2021-01-14,0.04841723944079357,-0.008319498973491046,0.0,0.01683501683501687,0.06083644123571519,-0.11475418838442186,0.0,0.045751669124871386,0.039604001686713186,0.23722635028625194,0.057432457467253784,0.016501650580520222,0.1317830087760219,0.016881835297504644,0.0809523567320809,0.06944444444444442,0.005333316243572472,0.01872080581167057,0.02093015622293537,0.0021610497824593455,0.00990099009900991,0.005524861878453136,-0.06346746826486338,-0.06399999999999995,0.006389770030435393,-0.033492829152439785,-0.03984818696179426,0.005323209848363097,-0.01538461538461533,0.0512820011216677,0.021072894268834075,0.024137907220975086,0.054794466860145,0.05882349228776573,0.1874999130765631,0.041322273338813664,0.0,0.00088426590658508,0.0964152927391082,0.031131347383217545,0.003076876126802963,0.005602048306807994,-0.05009845290074122,0.0,0.04564486497984621,-0.006928344919118312,0.16417903277677137,-0.21818182212262105,0.017241546203241365,0.007142884390694659
2021-01-15,-0.005328671428526999,-0.02684561181007228,-0.02409641984746569,-0.07615894039735094,-0.04838709401759067,-0.011111018211375057,0.0,-0.007812529685906622,0.5396824627927004,-0.07079650200153442,-0.047923351400332104,0.01298706285023532,0.015981665067411388,-0.002929661488450974,0.008810550478192791,-0.045454545454545414,0.05305044610683085,0.0015313555472260543,0.011389565434062554,0.0,0.01764705882352935,-0.02472527472527475,-0.16363639946184394,-0.03418803418803418,-0.006349200101906871,-0.05940596318706948,-0.0069169466855770745,0.0022692644837483122,-0.0066963908755456325,0.030487805587205763,0.000625327780453544,-0.013468000494176735,0.025974001846660322,0.009999990463256836,-0.038596455711112254,0.0,0.011500295887274747,-0.005300257029997479,0.06200678667767501,0.01620031430521318,-0.03680978256926659,0.0,0.018614630605795268,0.0,-0.07729276446790789,0.009302316297383983,0.01282057748038623,0.04651158277636491,0.0,-0.00709222544427357
2021-01-19,0.03035720218021254,0.014655178508917066,0.08641983972984812,-0.02508960573476704,0.047080979791712885,0.01498120735152475,0.0,0.014960672197727565,0.33195879694277575,0.07301584879557299,0.020134208857554237,-0.049359002495814486,-0.015730269174051625,0.016650350211438347,0.1921398131586738,0.027210884353741527,0.0554156443325704,0.02446480861549971,-0.006756803923811283,0.0,-0.06358381502890176,-0.016901408450704203,0.06719370680489045,-0.07964601769911506,0.062300295882777856,0.06842111515316596,0.08457701213553315,0.0377358792343685,0.06741568034113721,0.2307692134060202,-0.25437489860653795,0.003412965950654101,0.03797474976107851,0.008800950463936585,0.20437954044906048,0.03174600171093722,0.015817458906062898,0.0035523602338538574,-0.007430965420093583,-0.0398550857342832,0.1464968292150901,-0.01671292998272289,0.02335014375864386,0.0,0.08550352746919865,0.06451606523659481,0.0,0.16111109418633496,0.0,-0.00714288439069477
2021-01-20,-0.006932416906383798,0.021240440975097474,-0.03409106497869374,0.003676470588235281,0.007194237817389482,0.0,0.0,0.004654729584508077,-0.15634678373338695,0.04142016442248475,-0.02960523529561243,0.002697232775374925,-0.04337900736441225,0.00192673447676861,0.16849810946587995,-0.039735099337748325,-0.019093081714520732,-0.0029850718650553665,-0.013605429672463698,-0.01417124316831897,-0.14814814814814814,-0.025787965616045794,0.01481480042466754,0.028846153846153744,0.04511273828502538,0.011494202474604753,-0.01834855671158453,-0.01818183219327918,-0.029473684472496986,-0.009615329948400753,-0.008382294589365458,-0.006802714468455484,-0.018292713656964943,-0.004362084740249905,0.439393960192622,0.06153849680748347,0.017031764682006845,-0.003539785640109483,-0.11550800851799425,0.002264130790278651,-0.04166666666666663,0.005665631851865971,-0.0069445106820476,0.0,-0.030387868524761275,-0.03463200246221376,0.0,-0.1961722408894725,-0.01694931382580067,0.028777020372816597
2021-01-21,-0.05410126119388148,-0.005823681017692595,0.18823558408672514,0.01098901098901095,0.008928605640421639,0.01845023870730822,0.0,0.0015444369156949467,-0.05321100403710477,0.014204545146670133,-0.013559308883548837,0.006052464914629407,0.05727918086888373,0.008653861143180341,-0.009404325237033384,0.006896551724137945,0.021897738922057597,0.005988018395350014,-0.01379309059654088,0.00781259460630257,0.11111111111111116,-0.02941176470588236,0.018248157716151958,0.08411214953271018,0.02733813847982658,0.0064935004616650804,0.004672902233012088,0.007407470305221819,0.008676826300192175,-0.10194176420301115,-0.06762475174610405,0.023972579251313464,0.09316776256944737,-0.034611306500746175,-0.1515789031982422,0.014492739851898806,0.004306361662819169,-0.014209522743679037,0.03506649888764901,-0.016566213688113618,0.011594247126924806,0.0,0.0029969234568423264,0.0,0.012371134020618513,0.09641251674008466,-0.05063293717874329,0.3095238787922481,0.0,-0.020979034037302835
2021-01-22,0.022140152635232946,0.002510437945608235,-0.029703103665277508,0.01449275362318847,0.03716814771722854,-0.007246432894728039,-0.01060066570825402,-0.0015420553085504496,-0.019379827052266485,-0.08403361164950818,0.02749138190599676,-0.020053488634350525,-0.04966135411209638,-0.008579614351916898,-0.02215196240414774,0.20547945205479445,-0.002380879772008737,-0.0014880583864411712,-0.002330944553285863,0.006511487917271408,-0.03260869565217395,0.030303030303030276,-0.014336904085998858,0.06034482758620685,0.015406181452570333,0.12580648932323113,0.0,-0.06250003098812162,0.002150483099202294,0.027027027027026973,0.10698101605121257,0.013377913620550297,0.05113635799198457,-0.009530150814172522,0.36476419693823225,-0.035714252262698754,0.0,0.0,-0.0841121766044316,-0.01607963486980779,-0.04871062145022764,0.0,0.0,0.0,0.009368647868667201,-0.002044939124275391,-0.05333336194356286,0.022727250560256484,0.02793110510759389,-0.00714288439069477
2021-01-25,-0.025270650325416644,-0.005008302857679614,0.23469398595646673,-0.02857142857142858,-0.027303808976760324,0.021897803752517042,0.014286007508170329,0.021621601320091388,0.07707507329957841,0.15290519520925372,0.0,-0.04706682043418331,0.004750589250663406,0.0,-0.03883493627438961,-0.02840909090909094,0.062052368921431844,-0.002980623071954125,0.014018677532314339,0.0,-0.0898876404494382,-0.014705882352941124,-0.021818161010742188,0.05691056910569103,-0.03448275862068961,0.07449856439907832,0.008372084124412149,0.07843135625349151,-0.03862658331206137,-0.02105261150159332,-0.016379966655722833,-0.029702942250534492,-0.048648643540093905,0.06414663971143986,0.054545489224520516,0.029629600849335302,-0.0019055794951973182,0.0,-0.04209182618410101,0.0,0.0030120021633468497,0.0,0.020916411216875153,0.0,0.016949140018230446,0.02868849655788064,-0.014084494035883521,-0.15555556615193689,-0.019120820711626574,0.0
2021-01-26,0.01296276308379607,0.010067104428777007,-0.008264394753439541,0.003676470588235281,-0.008771879924703185,0.003571369744613584,0.003520630155525506,0.10355259914104442,-0.02568804979545003,0.12466845272745286,0.0635451694362692,-0.03435937628745178,-0.07092197422306257,0.006730831833283046,-0.13131309931099977,0.005847953216374213,0.04044955708069464,0.038863938687722754,0.004608290374042534,0.0,-0.032098765432098775,-0.05671641791044779,-0.027881058025408523,-0.023076923076923106,0.07571431568690712,-0.029333305358886674,-0.003690023159397149,0.0036363944615778188,0.0066963908755457435,-0.04301081333343315,-0.0582848543331167,0.05782307298187184,-0.022727340459820944,-0.03121640742689491,0.0775861714597843,-0.007194237817389371,-0.00954643152597956,0.027026863294979497,0.06524630575026236,0.05447469171087094,-0.01801797260864013,0.0253521756541899,0.06731726161402385,0.0,-0.048015897236173166,-0.01593623984263237,0.08571429057997104,0.005263152941442195,0.0,0.0071942722456204145
2021-01-27,-0.03290666702843992,0.1071428543139703,-0.11666665602120918,-0.1135531135531136,-0.028318640982051613,-0.0035586604523427656,-0.012631511584707211,-0.018493181555416682,-0.08097925291380281,0.023584904811610574,-0.09119495464311556,-0.08821346186610524,-0.012722633961057661,-0.003820435609633299,0.03875968915836436,-0.029069767441860517,-0.008639280828297013,-0.008633085528945483,-0.03669732095175382,0.0,-0.04336734693877553,0.06329113924050622,-0.013384353997340503,-0.055118110236220486,-0.010624222883686918,-0.02197806588435247,0.011574086433846498,0.014492736425231634,-0.06208425953096186,-0.10112355697818531,-0.1105214760659129,-0.04180060463260349,-0.040697683014912056,-0.011111021041870117,-0.18879997253417968,-0.04347821955569664,-0.03855447015296898,-0.016666471391280524,0.13499999046325684,-0.03247236368000039,-0.01223246227970265,-0.019230714874953536,0.035648678257961475,0.0,-0.13588991944198758,-0.030364391423070236,-0.10526313725600922,-0.02094238877070942,0.05711337475801059,-0.021428585052490234
2021-01-28,0.026465012518144038,-0.0907726965545671,0.037735655778452726,0.045454545454545414,0.04007291005478497,-0.014285652362751144,0.0,0.0013957053642816852,-0.053278734177165665,0.16129031690991957,0.038062246056379534,0.00569103201127974,-0.07216500039941254,0.001917497939039503,0.07462686425532894,-0.04790419161676651,-0.021786659073121828,-0.008708264723108816,-0.03809520349480777,0.0,-0.03733333333333333,-0.017857142857142905,0.005813994320832405,-0.033333333333333326,-0.0013422486309653259,-0.05617978957818792,0.006864995805487162,0.025000005160471073,-0.011820311479292633,0.10000002384185791,-0.029821302328687183,0.06375840805515565,-0.006060552348919224,0.024718874383664602,0.005917106894566704,-0.03787884055965873,0.015037606631415512,0.0,-0.11784137707211484,0.02974831071975781,-0.02476777882219383,0.005602048306807994,-0.055604516954210204,0.0,0.046792073349947394,-0.018789176055248658,-0.04411769217479555,-0.005347588469389097,0.0,-0.01459852642697701
2021-01-29,-0.011049690199061102,0.011551183551541389,0.009090602923978564,0.1027667984189724,-0.02451836524523543,-0.003623216447364075,0.0,0.0013936936277145762,-0.03679655422185646,0.16468251955902713,-0.006666660308837891,-0.06628938580520916,0.01388894223872672,-0.0028707878965311684,0.006944426661166014,0.0062893081761006275,0.031180547462685615,0.007320672224507607,-0.007425676548133309,0.01663589136679433,-0.0027700831024930483,-0.015151515151515138,-0.017341069671604314,-0.017241379310344862,0.2567204717150007,0.011904821881092875,-0.02500002621170605,-0.03832751467151274,0.004784779994861266,-0.005681839733083893,0.03688531482285207,0.03785485257759813,-0.042682933920838106,0.0043861181548516814,-0.01960782480441492,0.03149603342816265,0.012345689241111568,0.0,-0.06367043874017841,0.0,-0.031746031746031744,0.0,0.028037586490201827,0.0,-0.04608294930875578,-0.05319149152031322,0.0,-0.04838711434753651,0.005366678460798635,0.007407435664424256
2021-02-01,0.07076353953201897,0.1345839794230379,-0.018017646839483037,0.0035842293906809264,-0.0017953731730053768,0.0436363495134251,0.0,0.009742543106311619,0.024719132186338033,0.05451449269758424,0.020134208857554237,0.022510841955691197,0.12602740441864735,-0.00863725066496357,0.02413791349564476,0.16874999999999996,-0.015118800433603807,0.015988321925512805,-0.012468874783282846,0.0,0.11388888888888893,0.0,0.08627452263690949,-0.04385964912280704,0.0652406023304739,-0.007352969019469913,0.06293704100389141,-0.024637693804976823,0.07619044067258018,0.0114286150251115,0.11363650277804416,0.03647420223983033,0.07006367750177023,0.0065502119472145015,0.06999998092651372,0.022900833518668895,-0.030243821965220907,0.01694895059142487,0.02133331298828134,-0.01851851851851849,0.04590162683705823,-0.005570840190948778,-0.05454555177798459,0.0,0.033816425120772875,0.06741577608840488,0.046153895530476774,0.10734466625304862,-0.05888065093895878,-0.014705938038939936
2021-02-02,0.03652171528264114,0.17038108305043043,-0.04587159350209025,0.050000000000000044,0.11330937426700216,0.0034842630918039408,0.0,-0.04410753502600551,0.04166667973786087,-0.23424878259393733,-0.0065789411768027994,0.11685005179799912,0.019464700999327622,0.0019361527503765075,0.03703707192224348,-0.06951871657754005,-0.013157971962830639,0.004291875649596877,0.020202000741265103,0.012121333683116076,-0.029925187032418976,0.003076923076922977,0.07761729806849971,0.0,0.08333332535413063,0.028148156625253273,0.041666712332774525,0.03640412490480727,-0.019911522361984124,-0.011299477645120626,-0.04436562528934296,-0.03519065130710364,0.011904750641601458,0.0737527175547843,-0.12149534709423004,0.04477607558580465,-0.010060188725366848,-0.02631563424570038,0.00652744017374296,-0.035471718266325225,-0.012539173144626603,0.0,0.004808051090765764,-0.054492798321082336,0.03691585932936614,-0.027368445145456444,0.04411760452090707,0.09693880281762102,0.0,0.03731343389805564
2021-02-03,-0.04194629465231825,-0.043931228134469036,0.03846165420728287,-0.06462585034013602,-0.06300482437486765,0.03819449097625616,0.0,0.05479453750198804,0.016842089201274613,0.5696202348276054,0.0,-0.04094010455134034,0.11455847554138376,0.005797049635843932,-0.03571431815218706,0.24712643678160928,0.03333341020489389,0.011396000558891117,0.09405943515569315,0.0,-0.07712082262210795,0.04601226993865026,0.07872701566941265,0.02752293577981657,0.017608858299817065,0.06195962893274709,-0.0534737566595852,-0.005734774301631718,0.024830670709968805,0.05714285714285716,0.013927482985768735,-0.0030395108143480565,0.023529389765297948,-0.0010100277768475552,-0.06808504421498096,-0.028571401810159047,0.011178575756450204,-0.009009037419135946,0.0038910159303191527,0.006259775068669482,0.02539680117652532,0.008403278311917228,0.04880354219062588,0.0,0.05002256155398421,0.015151552682972858,0.05633806009374043,-0.05581400867666164,0.0,0.050359768500013
2021-02-04,0.02802104927040805,-0.014442852209648582,0.055555332132368074,0.06181818181818177,0.06379308161922714,0.11036777893987137,0.0,-0.018455260126564288,0.09316776256944737,0.12365587042417081,0.016556275705983392,-0.01739125059199431,-0.029978557644199877,0.0038424555657385895,-0.04040402397051335,0.10138248847926268,0.06881709947048686,-0.01126759503952346,0.020362025120903127,-0.0053893564850228115,0.11420612813370479,0.008797653958944274,0.004658343587676805,0.09821428571428581,-0.07468121393538851,-0.008141104981169156,-0.015124520927009555,0.04542177080802712,0.0264316997086238,0.027027027027026973,-0.0128204145577272,0.04878051439826536,0.17241381830292912,-0.045096255224340576,-0.077625603585467,9.51470591200058,0.0,0.01818170855604495,0.03359176183079837,0.0653188316495592,0.04334370151540323,0.0022222276658565576,-0.03193432078695568,0.0,0.04935622317596566,0.0,-0.11999996503194177,0.3546798220481284,0.0,0.00684927569743965
2021-02-05,0.013628548163723053,0.057366307171655695,0.008772307281315284,0.15068493150684925,-0.0194489277269444,-0.003011925749066169,0.01634720627942121,0.06197774126748756,0.05681812537439157,-0.20095688671051626,0.03257333720705291,-0.01689461246911872,-0.002207555942311812,0.0028707878965312794,0.01403505202622446,-0.09205020920502094,0.014084517877260172,0.012820534591513333,0.0443458534623451,0.0,0.010000000000000009,-0.014534883720930258,0.029366315824073785,0.04878048780487809,0.08464573063656267,0.04377567362055279,-0.04697380236551152,-0.0062068961851936555,0.0,0.01052635594418172,-0.016697616935196447,-0.09883725201522608,-0.0637254695716335,0.08005082678733011,0.042079227202757474,-0.557342668582107,0.0,0.0,0.04375004768371582,0.007299298019120881,0.002967313704961727,0.0060973721956325555,0.0,0.0,0.031083869544031195,-0.008528776410449246,0.045454500299513256,-0.23272731087424536,0.0,0.04081635301053255
2021-02-08,-0.003361391992178664,0.05178792775264118,0.11304307932793889,0.032738095238095344,0.01322312746842047,0.0060422697074478116,0.0,0.013770494304719438,-0.09139780627558725,0.6467065115965649,0.006309142096266429,-0.00491001786461398,0.17256641882738788,0.012404591614435967,0.01730103867126398,0.11520737327188946,0.021825490790422064,0.009845245219372245,0.14225054583174468,-0.004816335780163494,0.1509900990099009,-0.026548672566371723,0.06756761207391815,0.15503875968992253,0.01633387876809511,0.022280481486782078,0.03080572088025102,0.0062456623630890995,0.05793997009761864,-0.010416705989173769,0.021698077220454248,0.01935489775611199,0.08376963655771497,0.22549039201067655,0.011876529758149568,-0.07582938781339799,0.005025250308003271,-0.008928436309275867,0.08982035517799436,-0.018115941778598432,0.09467458092220205,-0.00275482818688777,-0.0009426608025995264,0.0,0.029353406256744874,0.04731178186659091,0.014492739851898806,0.02369677403827186,0.031282244381493296,0.058823566077443434
2021-02-09,0.10118065504811757,0.016412701958431253,0.08593770350085594,0.025936599423631135,0.0032626395682111564,0.1471471285404944,0.013985887801015506,0.02328587682981631,-0.009861970225235495,-0.17272727272727273,-0.012539172769758689,0.013980269607497098,0.007547162342173674,0.08105566806595821,0.013605494548269759,0.0826446280991735,0.007767071223942379,0.020891378684355866,0.11338283340178634,0.034766690265625844,0.1010752688172043,0.06060606060606055,0.0,0.0,0.003571425226269964,-0.0025641000560834293,-0.050574766279152805,-0.022068927306436947,0.008113564363931847,0.0,0.005540209576493149,0.1329113374897135,0.01932365295039351,0.08160000411987278,0.2676055880834596,0.06153848536464479,0.0,0.00432431140519296,-0.0021978524093689833,0.0228781890463996,-0.04864862802866343,0.002652204611460096,-0.008490341081600294,0.0,0.06743737957610785,0.2135523585815513,0.04285718786473258,0.06481475042708373,-0.008333322253359365,0.006172745025411208
2021-02-10,-0.0612558091963501,-0.08419838669546242,-0.0575541241116404,0.016853932584269593,-0.003252029368516429,-0.08115183129631443,0.0,0.11630848217967271,-0.045816737041309064,-0.18681318681318682,-0.006349200101906871,0.2343877016386955,-0.00749062934645095,0.0008717763709442661,-0.013422869766834933,-0.007633587786259555,-0.025048349619659516,0.07094133510762735,-0.18363939009420516,-0.0053050129896005105,-0.033203125,-0.05142857142857138,0.007032308433022605,-0.06040268456375841,0.014234862159271389,0.02827760723120476,-0.0072639306320502195,0.036671311689064234,0.010060345183344532,0.026315789473684292,0.027548124401495455,0.0307262949325795,0.14218011156633703,0.3025147533391517,0.0018518059014955845,-0.020933995755611834,0.0,0.004664389765131283,-0.10462553053385804,-0.014430001025922401,0.002840865680502347,0.0028652755591680457,0.0,0.0,-0.09494585939262745,-0.05922164359882809,-0.04109593179530491,0.01739128812274293,0.0,0.0
2021-02-11,0.014681762184725278,0.01889169953229719,0.08396956614209428,0.058011049723756924,0.01794447873142957,-0.017094012365392763,0.006206406546018783,0.0,0.1273486718940231,0.05135139259132182,-0.022364271278590753,-0.019053873637653984,0.0018867456009075134,-0.012195069270984127,-0.0374149153803236,-0.09999999999999998,0.015810335131307474,0.0,-0.016359903045058743,-0.027851922436500032,0.06060606060606055,0.024096385542168752,-0.06005584322659463,-0.042857142857142816,-0.011403435536549766,-0.050000011920928955,0.0014634912931270616,-0.04557820017700909,0.05577689336847258,0.10769232725485778,-0.0697050594581552,-0.056910578561117364,-0.08713694505932401,-0.26178304600239677,-0.020332654303098496,-0.07565790196039679,-0.005000123436165627,-0.008928436309275867,0.0,0.005856509853564118,0.03399435662535666,0.0,0.0,0.0,-0.059832469814895095,-0.03597118908694685,0.0,-0.05982900496613697,0.0,0.012269986030718272
2021-02-12,0.07717051710894496,0.027194099243426306,0.4154928848902346,-0.07310704960835512,0.08814105944050499,0.037681101909581294,0.0,-0.030011364169019172,0.11111109148818321,-0.008997487791498227,-0.0326797080073582,0.09711981419639693,-0.011299424374029976,0.013227479410222287,0.017667844205430105,0.03418803418803429,0.167315279293061,0.019108292635635626,0.014553050414575663,0.0,0.7142857142857142,-0.0117647058823529,0.0014858472535419498,-0.07462686567164178,-0.03105593320793687,0.03421055686110641,0.010715961663275486,0.0035637534587049657,-0.022641493862838202,0.0,0.0038424892647845876,0.05172415683064435,0.022727287505283966,0.043923109242899994,-0.06603780544792737,0.01779357769908918,0.0025125649324175825,0.027026863294979497,0.050430484826666566,0.001455637416072797,0.005479472957245379,0.011111081948784518,0.0,0.05702023007709167,-0.01781924905652188,-0.05783580877940808,0.0,0.0,0.04201689936225539,0.006060629179983401
2021-02-16,0.06119404511918036,0.0012032821543443983,0.12437811451183922,0.014084507042253502,-0.05007366045626649,-0.027932977181947094,0.014393731186852943,0.0058377341721511655,-0.07166663805643714,0.11932561296644817,0.016891875564834624,0.02869360468765292,0.04380952744256872,0.013054880347486142,0.06250001655684545,-0.037190082644628086,0.19999989076147995,0.02499997615814209,0.004098356651125901,0.01310602902283109,0.2766666666666666,0.04166666666666674,0.050445128209772205,0.37096774193548376,0.01007322856306958,-0.0038168205214693662,0.015421722417333639,0.009943211847073918,-0.0019304530277349796,0.11111109148818321,-0.03636371201148336,0.08743167369903748,0.13777775234646272,0.11266660289396313,0.010101049022522401,0.031468585975201524,0.0,0.0,0.03629981510555358,-0.011627895694091173,0.021798343880919058,-0.0109889824640923,0.008563044247962281,0.0,0.0012959095108329155,0.07128705803570679,0.0,-0.004545450112051319,0.0,-0.018072357681633844
2021-02-17,0.13924057972737214,0.0048076878990646055,-0.23008837502283597,0.23611111111111116,-0.03720926794035173,-0.014367720082310464,0.0033782993967939046,-0.01799184411946575,-0.05565528424159394,0.09733480416503038,0.023255791848698415,0.01780410862129478,-0.01642338545157651,0.0,-0.03921575145793732,-0.12017167381974247,-0.08611106433072213,0.008536664649606562,-0.018367377721681843,0.0162451517329385,-0.1122715404699739,0.017142857142857126,-0.05225987140482968,-0.12352941176470589,0.0,-0.03831414007929013,0.04413861493626059,0.0007032273059484062,-0.04835592971532077,-0.08333333333333337,0.003972333878111245,0.07035181117248634,0.16406247138123264,-0.039735132746255175,-0.0319999694824219,0.020338963325323256,0.0,0.008771878081900164,-0.04406783350420451,-0.01764711162210597,-0.032000020345052116,0.0027776443040525844,0.0,0.0,-0.018550487468275367,-0.016635800053448113,-0.04285710271523857,0.0,0.0,0.006134993015359136
2021-02-18,-0.23086424780010983,-0.0023922852763973435,-0.13793128511303232,-0.101123595505618,-0.0354267738610925,0.05830899642976961,0.0,-0.037825022858310686,-0.03802286642577024,-0.0971488621406229,0.06168833179444966,-0.04314867566052927,-0.025974001846660322,0.0008590442364768691,0.013605494548269759,0.0,-0.05623102852221196,-0.014510378789730827,0.010395050172489206,-0.003256147035358814,0.02941176470588225,0.02528089887640439,-0.01639346242757722,-0.03355704697986572,0.035358146216173836,-0.02788845050408273,-0.0227272965560964,-0.08643712207193965,-0.05284557045421312,0.07272729006680567,-0.0019782546805076073,-0.10798127977713567,-0.13087244456074387,-0.05379305435842707,-0.024793462523359122,-0.04485049531261942,-0.015037486490110163,-0.03478240530883614,-0.020094571575342557,-0.009730547738146411,-0.01377410497269449,0.0027702523678867497,0.0,0.0,-0.03824174482743814,-0.03195490052791783,0.029850717057203102,0.0,0.0,0.0
2021-02-19,-0.00963078861242872,-0.005995226597130032,0.08000012604225448,0.15250000000000008,0.0050083824632183305,-0.016528854328700993,0.010101169661600462,0.028255470827467155,-0.005928801049494115,0.22807017543859653,-0.036697212923249456,-0.04143816645330556,-0.013333366030738425,-0.0008583069128701437,0.22818793263637316,-0.029268292682926855,0.06119160587231853,0.012269986030718272,0.0226336735916306,-0.0005942580517616092,0.12380952380952381,-0.04109589041095896,0.03787878842612158,-0.08333333333333337,0.04028021322888242,-0.04781425864233124,-0.023255838903517456,0.09615385042879288,0.01931332336587288,-0.029661048797655076,-0.05847386673400323,0.042105286273269815,0.05019303313294099,0.04956268654743945,0.010593261219791872,-0.015652200450067988,0.005089062248616161,0.0009008290531851149,-0.004825085891084435,-0.014361268855432208,0.011173227217972093,0.0033149384250263925,0.0,0.0,-0.00594151295075751,-0.025242740200695613,-0.20289853069367103,-0.0867580147288245,-0.04838717056381481,-0.08536583238382645
2021-02-22,-0.08752023454659452,-0.00241248542598127,-0.07407418213497918,0.06290672451193058,-0.0016610883847775204,-0.019607927129643543,0.0,-0.03942651472139325,0.003976139183357041,0.029523794991629382,0.028571400458581087,-0.08773040056747561,-0.04826254986193357,0.0034364227382495116,-0.06830600903047912,0.03015075376884413,-0.051593324348920166,0.0,-0.04426555321507708,0.010401346954427071,-0.1694915254237288,-0.042857142857142816,-0.0583941753191729,-0.06060606060606055,-0.011784540570212165,-0.040172129325629746,-0.014285638444130333,-0.007017536032378424,0.029473684472496986,-0.0742357591226862,-0.06105254149031614,-0.015151500555948827,0.025735299273758283,0.0006943941012860222,0.027253692863886902,-0.04770317812816982,0.012658237065158007,0.00810074500454605,-0.08363637057217688,-0.05674844887139152,0.022099425972376352,-0.0005507143477496701,0.01415122487287257,0.044083520001598764,-0.02160918137122847,-0.023904359763948557,-0.12727276569555535,-0.06999999284744263,0.008135555177292364,-0.04000002543131509
2021-02-23,-0.04795740211638366,-0.08101578186759639,-0.13999990121012484,-0.19387755102040816,-0.0399334839958857,-0.019999948678246393,-0.010000156385309933,-0.004975119657066318,-0.04554455651218847,-0.2506937914583669,-0.009259250401687513,0.008362361140703545,-0.06896545387209685,-0.006849308357518069,-0.14076247405968645,-0.014634146341463428,-0.1200000104868989,-0.02909088134765625,-0.012631566900956015,0.018235439508652362,-0.15816326530612246,-0.07462686567164178,-0.05426355271046812,-0.09677419354838712,-0.12010220399500193,-0.046337808688799775,-0.03381645966271385,0.007067129870892863,-0.042944785646851225,-0.09433961924644252,-0.15022422918096456,-0.10256412450927044,-0.10752689458457687,0.04094387552822387,-0.10612244302161,-0.1725417163961832,0.007500005392842235,0.021428757070733884,-0.06349206649557293,-0.05121952070500568,-0.06216214154217692,0.0055095773381115265,0.01581382431320022,0.0,-0.023496240264545,-0.04693877848919503,-0.1041666317420693,-0.016129016752173708,0.0,0.0
2021-02-24,0.07276115779602099,0.0013158196062266203,0.03875967226640942,-0.03037974683544309,-0.010398603635680903,-0.011661756824494218,0.010101169661600462,0.03312504291534424,-0.008298746976857507,0.011111129949122223,-0.018691570737231822,0.011748450114496878,0.09586057572838702,0.008620640043698113,0.04436861727164687,-0.004950495049504955,0.08545452216236282,0.00998750579526786,0.008528776410449135,0.03495077033845151,0.10424242424242425,0.09677419354838701,0.0,0.03571428571428581,0.1171345640932846,0.015673965962198277,0.05499996203671209,0.0014035612858007696,0.006410283531795846,0.02604166563186383,0.07915564614872017,-0.054285730634416884,0.04016066923171446,-0.09666673676172555,-0.029680390649376,0.1345291254485852,0.017369620494976923,-0.0034967076145788756,-0.031073417028582462,-0.015424190574036767,0.08933712985482045,0.00273989323984436,-0.01831534124873846,0.0,-0.03464868547883926,0.025695906552171355,0.09302323486045516,0.0,0.0,0.03472222314204698
2021-02-25,0.0260869650944755,-0.006570327182342961,-0.11194024941835279,-0.10704960835509136,-0.03852894318021827,-0.03834823594276682,0.0,0.00786443771122336,-0.04811715668998018,-0.07570213018466954,-0.009523875841295881,0.05259559330820296,0.029820996475860673,-0.024786321929969546,-0.10457522640933947,-0.07960199004975121,-0.10887769849597573,-0.001236122211769941,-0.03805493184202602,0.004186366361560667,-0.14928649835345775,0.02941176470588225,-0.04918028173572164,-0.11206896551724133,-0.07798956858798434,-0.03240741319889662,-0.028436050043308514,-0.025928578849234718,-0.06794052390764727,-0.060913741952586586,-0.056234761062360805,-0.036253742487473706,0.08108103463967287,0.0,0.08235291873707484,0.0,-0.009755637873621659,0.0,0.01749269434745715,0.026109677694594824,-0.002645462331730686,0.038251112736625625,0.0261197777113511,0.0,-0.06430712244652992,-0.07515660467252638,0.0,-0.01639349174618998,0.0,-0.026845612669198826
2021-02-26,-0.01694904150997978,-0.007936500427734305,-0.042016893323697624,-0.06432748538011701,-0.03278685534479753,-0.049079844135374584,-0.006666705762994107,-0.05702279819724643,-0.03296705254493748,-0.14663142564867493,0.1217949129420639,0.10577554083421803,-0.02316600184088602,-0.02979843620813072,0.0,-0.048648648648648596,-0.05263161677234429,-0.014851471125267302,-0.024175852506203577,-0.005558744152261208,-0.05935483870967739,-0.08285714285714285,0.008620640043698113,0.11650485436893199,-0.011278184369081234,-0.022328527418098654,0.013658626966120968,0.02014394571768241,-0.041002314401387685,-0.01081085205078125,-0.007771941207015631,-0.012539172769758689,-0.02142849519949841,0.11439117020724865,0.10869565442739693,-0.0019762356043001583,0.019704086267496868,0.0,-0.024355311723410433,0.009329911538011437,0.48010605060555034,-0.03894724288943008,0.1827274000705219,0.0,0.2988812307705315,-0.0428894050977231,0.0,0.1111111405455043,0.039004787338637215,0.034482758620689724
2021-03-01,-0.010345060744612278,0.02133331298828134,0.06140368570478327,0.046875,0.016949181460966134,0.029032568243848145,0.013422898037692255,0.04010185314520398,0.020454471318191336,-0.07894734666540537,-0.014285700661795464,0.07218306784922279,0.015810261780775825,0.008130095308852558,0.01459859637698413,0.02840909090909083,0.06746043056238449,-0.01381911218432752,0.018018000602490147,0.03018489303749372,0.12208504801097386,0.05607476635514019,0.0769231270834625,-0.034782608695652195,0.08650188287211891,0.02610111654568903,-0.023580334664868974,-0.00564175593666949,0.038004700070907615,-0.05464481102134877,0.02872063793209878,-0.009523875841295881,-0.010948923316814185,-0.07350986413456662,0.058823567910728514,0.01980196056547401,0.0024155764036326577,0.0,0.016152736334606566,-0.031092428354613677,-0.19713261918280023,0.04052560340862654,0.11222127901221612,0.0,-0.07260047878048859,0.08962267333818863,0.06382978993230615,-0.0899999737739563,0.011326959826742256,-0.013333320617675781
2021-03-02,-0.055749021934382914,0.002610963619440687,0.016528895081671546,0.0029850746268655914,0.0018518059014955845,0.03448249098178913,0.0,-0.07037947132592015,-0.06013362910690623,-0.09243697478991597,-0.02318845246925283,0.1023535240848954,-0.03696499263731867,0.0017921557380944364,-0.057553992373350016,-0.04972375690607733,0.01486984016759374,-0.003821622080974474,0.015486763707248663,0.0010848682855597591,0.05134474327628369,-0.1032448377581121,-0.022222276045109735,-0.04504504504504503,-0.04199479292168429,-0.015898236127033005,-0.014292807298909471,-0.009929107473420129,0.03432502140774285,0.13294804889251388,-0.0063452960865743036,0.01282057748038623,-0.007380125310222696,0.06862029631831468,0.06296290180483743,-0.015533965480508782,0.007228573309723263,0.0,-0.020231194355791682,-0.009540300019495351,-0.08705352182138859,-0.026315676223423345,-0.011057414432812718,0.010555574300977755,0.04024763643995799,-0.04112555452963318,-0.12000000476837158,0.2362637006348287,0.0,-0.00675678244466027
2021-03-03,0.01476016514407319,0.00911460588880253,-0.03252036995513019,-0.09226190476190477,-0.04990757644025978,0.012121234857007446,0.006622458042975232,-0.03818301117368561,-0.02606627065075051,0.09814813401963973,-0.03560827585582371,0.007944381939472445,0.004040400342860462,0.0017888643598780174,-0.09160301638698853,-0.08139534883720934,-0.37728931994314396,0.024296681975659373,-0.05010893495151847,-0.0021681734655879525,-0.09302325581395354,-0.013157894736842146,-0.025974001846660322,-0.037735849056603765,-0.05844743386268503,-0.04523428226494719,-0.0075000079290411525,-0.011461263679241163,-0.05530970442505878,-0.11734699487983946,-0.10600249071880319,-0.04746838332062897,0.05947961760376508,0.002675606837720945,-0.1428570953870406,-0.0867850182096298,0.01435453887606375,-0.004561444477618859,-0.02507375678956658,-0.0008756767788989928,-0.11002444577300785,0.027026907572419434,0.0027951735738431793,0.0,-0.21045918640421113,-0.01580128612566345,-0.02272725117600638,-0.11555555131700301,-0.04000015316953509,-0.03401360588350888
2021-03-04,-0.06909094316286568,-0.055483848817886816,-0.10084021119445696,-0.1672131147540984,-0.03891046973934731,-0.06886216687019597,0.0065787931677236955,-0.008213544721353827,-0.06812656951641638,-0.17200676044131868,0.024615361140324588,-0.033497459279984265,-0.07645868282604218,-0.02142855135761923,-0.0798319951795905,-0.09493670886075944,-0.12941182045910538,-0.006242220887157646,-0.07798168398536987,0.02009796995810631,-0.0641025641025641,0.023333333333333428,-0.07166663805643714,-0.11764705882352944,-0.09311348196653746,-0.01184428030990059,-0.08816120614098155,0.01086951741718778,-0.06791576526547449,-0.04046236337925746,-0.06428567491096004,-0.03986707174062598,-0.07017548164734688,-0.166777796132351,-0.06504068428844845,-0.07991358021894135,0.0,0.0,-0.03782148183816758,0.004382137721606005,-0.010989052448102776,0.0,-0.020209006952940034,0.0,-0.009693069904893492,-0.03899084199268488,0.04651158277636491,0.105527656854564,0.0,-0.01408449379940424
2021-03-05,0.03125013839653268,-0.04781425864233124,0.028037210231888432,0.051181102362204633,0.002024241281143757,0.06752401838034117,-0.0032677061117056816,-0.008971712663518261,-0.023498672574965518,-0.05702646281213897,-0.07507507679512726,-0.12079514464108454,0.0392156475718497,0.0027372019039029194,-0.04109584586996584,-0.006993006993006978,-0.05067569655936477,-0.01381911218432752,0.034825837599464116,0.0,-0.08630136986301373,-0.006514657980456029,-0.03411131981415849,0.0,-0.028877053128123054,-0.05821920268910019,0.005524867745770212,0.017921161060986845,0.035175879770126706,0.024096362008327654,0.03206098686796932,0.0,-0.05660375095112524,-0.019215439490568365,0.04347832396711104,-0.04225359049406152,0.025943407958792797,0.004582346597199249,-0.04402518929722532,-0.004363018374208272,0.030555513170030357,0.0,-0.02560449982872992,0.0,-0.012506731208829724,-0.0167064846552325,-0.02222220161814692,0.0,0.0,-0.021428585052490234
2021-03-08,0.017045302042408617,0.025825008693555862,-0.009090835188546587,-0.041198501872659166,0.036363699416486206,0.02710850156346689,0.009835930034244544,0.04805017761520447,-0.026737942346945265,0.05183588694225816,-0.0032467502308325402,0.08811596856601,-0.0985324511679262,0.0172884929949626,0.009523785303509502,0.021126760563380254,0.04982209864316811,0.034394902446709175,-0.01201916243550094,0.011182144322917198,-0.08695652173913049,-0.013114754098360604,0.022304810967750832,-0.0444444444444444,0.017621128717675738,0.00545458360151807,-0.06593413557028582,0.014084490799548766,-0.03398058287248529,-0.023529389325310235,-0.051775073478679046,0.06228367536498469,-0.12800000508626297,0.03395917629510414,-0.08333334989017849,-0.017156788267935763,0.0,0.0,0.004934245096184675,-0.03418049034741155,0.045822124874891346,0.0,-0.010948936114415386,0.0,0.07654181403805183,0.009708728874782357,0.045454570084564105,0.04545450112051319,0.0,-0.02189782444609789
2021-03-09,0.0223463000912254,0.01678320055363791,0.10091754086391114,0.12109375,-0.027290514658791842,0.0351906778348936,0.051947977764597475,0.05913617132020654,0.09615381718286575,0.1355235805076962,-0.04234523741015905,0.03835904612653773,0.11162790646096576,0.023255748489304784,0.10377356340356902,0.11724137931034484,0.07796612680000559,0.00985220749181659,0.007299204865363063,0.021326768972784516,0.12151067323481124,-0.11627906976744184,0.049090905623002445,0.10465116279069764,0.04653683071723114,0.06509939295096734,0.061764662649662405,-0.04861112272482593,0.020100513333673353,0.024096362008327654,0.06084239957104742,0.03257333720705291,-0.009174303230812364,-0.05337117649664769,0.11136358193129658,0.08977547035642686,0.0,0.0017541655269990297,0.05400980630032204,0.12976400109802344,-0.030927855323080733,0.013157933745265193,-0.03321024046290111,0.0,0.05831198924032921,0.03365392991777316,0.021739109308372973,-0.021739110153428554,0.0,-0.00746264407777486
2021-03-10,0.02732241616927289,0.11141677371453196,0.016666421821143862,0.059233449477351874,-0.04609209474668763,0.0,-0.0006173057378391356,0.010037691674931626,-0.012531316340044119,0.21518983499744038,0.020408143405366452,-0.08568497157032728,0.010460190732859864,0.026223793858287214,-0.029914509478816687,0.024691358024691468,0.02515723648525392,-0.0012195401359078595,0.004830913423070182,0.019850544361682543,0.01024890190336758,-0.011278195488721776,0.03119581090704271,0.0,0.09100311349513257,0.03565365753943106,-0.009972183059556716,0.007299332174247164,0.014778314724288366,0.02941176470588225,-0.01176471810600821,-0.009463713144399533,-0.12499999080175239,0.03419510017010441,0.03271990360283139,0.02974831071975781,0.004597592977532372,0.00262716503161875,-0.01863352243678007,-0.025702787126637427,-0.031914813748412985,-0.012987050988808146,-0.0007631935036906956,-0.10335349935689442,0.13291445534676383,-0.034883741561368864,-0.02127657550770312,0.0,-0.0019998614264594705,0.0
2021-03-11,-0.007092116281906535,0.043935705354291255,0.024590279801433246,-0.009868421052631526,0.08193274112031079,0.014164209717937082,0.006794647992191205,0.006211203670828613,0.058375638510965944,0.10714293012813969,-0.0033333301544189453,0.01234574772563124,0.06418218378390339,0.00936972849200357,0.057268746156594386,0.07228915662650603,0.006134865509704435,-0.03418800333541494,-0.00240378663737173,-0.016430537773095666,0.08695652173913038,0.06463878326996197,0.3142857852674783,0.0736842105263158,-0.01042659794908496,0.00327868544904808,0.0072747483267949775,0.0007246298409144813,0.046116556564067324,0.05714285714285716,0.09375000758206653,-0.0031847102322188903,0.11640208792439766,0.08467751669307488,0.0,0.06222226884629989,-0.025171748214068645,-0.0007925203966800964,0.06645563102039898,0.06924980582546403,0.05219773713006082,0.0,0.028265429264475506,0.012875483847751834,-0.040102364083830166,0.14216859329939258,-0.021739174096029212,-0.057777828640408035,0.028390116279758182,0.015037579428341719
2021-03-12,-0.033928589011863575,-0.0005927817655217993,-0.008000036790705822,0.013289036544850585,-0.03883500629100978,-0.030726159633479133,0.0,0.037654239152779434,0.06474819568024426,0.07526879515147877,0.0033444784051375187,-0.0121951889987858,0.13618682962747042,0.01097039296048341,-0.012500021192762611,0.028089887640449396,0.0030488541027811067,0.02149179261356915,-0.016867510856088175,-0.005911156350539293,0.08000000000000007,-0.0357142857142857,0.0626598768796729,-0.009803921568627416,0.03160928071304148,-0.0163398540036791,0.011111122976492638,-0.02244753812625222,-0.009280712708707561,0.027027027027026973,-0.01904754651286089,0.0031948850152176966,-0.03317536187646952,0.02847576587335232,-0.00990102749433508,-0.06485364142465766,0.03286387195362095,0.022030475890195245,-0.01632042439357495,-0.06322287059492737,0.14099220975058557,0.0,-0.02674567487040802,0.0,0.03822224934895835,-0.050632865550022665,0.06666667108182556,-0.028301861329449007,0.0003246622623627182,-0.022222236350730618
2021-03-15,0.01663590353818356,-0.003558800184987887,0.12903223812505038,0.05245901639344264,0.00606064867966194,0.03458205132222969,0.005520946018206185,-0.010707930451780645,-0.006756803923811283,-0.0012499809265136275,-0.019999980926513672,-0.0965207263080965,-0.01369861671503625,-0.015024988178577559,0.05907179560862352,-0.005464480874316946,0.021276609873701613,0.009900980750178201,-0.004901956201103785,0.008273051186999947,0.15555555555555545,0.08148148148148149,0.13718403514846278,0.04950495049504955,-0.025069679321047644,-0.0016610883847775204,-0.014285687127588598,0.018518533053727637,0.00936765118813998,0.05263157894736836,-0.04299587141762318,0.028662392089970457,0.0980392019366445,0.05544721324037538,-0.006000041961669922,0.04250560763724609,0.0,0.0001723685087460236,-0.007541506767994921,0.04526750683152647,-0.05949661884270119,0.0,-0.019084086676686818,0.0006053791427707012,0.15496567099151415,-0.017777760823567745,0.0,-0.07766988886684734,-0.008766129815561574,0.0
2021-03-16,-0.01090905683713439,-0.04166660043928061,-0.0714287213340209,-0.052959501557632405,-0.04618474260895222,0.04456832422930512,-0.0036603620538173676,-0.011425053295085474,-0.015872947221369227,-0.13016271999081797,0.010204071702683226,-0.1279503335905292,0.07986103177622828,0.027118617767097675,0.03984063583553832,-0.03296703296703296,0.008928542400477468,0.011029430670447038,-0.0369457780943121,0.0,0.06303418803418803,0.027397260273972712,-0.008465600563041242,-0.037735849056603765,-0.030476161411830405,0.06821960595638621,-0.02564111630267174,-0.0072727889231555265,-0.023201884626424363,-0.055000019073486284,0.017391282430447408,-0.009287916784092132,-0.06249994234669598,-0.11712331701497047,-0.023138787922107662,-0.08583683082144511,0.004545566463016959,-0.006896387674719451,-0.047112453856221315,0.000787419608820894,-0.09245740579414485,0.0,0.03891065101998481,0.0,-0.011489902617476289,-0.031674177391187275,0.08333331781129005,-0.052631592156154094,0.0,-0.05303028934695919
2021-03-17,0.027573537073855903,0.004968939242891546,0.030769378923814594,0.10855263157894735,0.006315833643863122,-0.029333366993003596,0.010409935015229355,-0.009732350499663811,0.032258032618297294,0.23309348126967167,0.0067340002470883675,0.014957267714925004,0.14790998510075481,-0.033003269167260596,-0.03448281573950851,-0.011363636363636354,0.0029499235612275854,0.05212124911221583,0.01023016904730567,-0.0015384359688886962,0.1507537688442211,0.016666666666666607,-0.09925296868029687,0.05882352941176472,0.010805466933170749,0.006230523579077385,0.020595054754428466,-0.005128150119366515,-0.01425177130140387,0.021164001407603106,0.00997151052292855,0.003124996973201677,0.07619047691131842,0.10162912670022717,0.07929963965646913,0.07981212616976219,0.0072398012397731915,0.006944278108677926,0.015948948155784848,0.0,0.008042875152728612,0.0,-0.01573043716401068,0.0,-0.03637049779923307,0.02570085310397019,-0.0769230636971937,0.20555562987739862,0.0,-0.0319999694824219
2021-03-18,-0.010733418620749946,0.021013606067679103,-0.07462683294556849,0.005934718100890191,-0.006276194245094513,-0.05219780934275953,-0.01212075330468465,0.022727206159657953,-0.05133928975318458,-0.0035005301405607314,-0.013377913620550408,0.05403511984306464,-0.021008417110974453,-0.0017065236610904755,0.0595238107252134,-0.02298850574712641,0.02352933427717563,0.01382487112212738,-0.025316491606066638,0.010272184944571494,-0.11790393013100442,0.0,-0.12203788912089186,-0.0092592592592593,0.013605475592007865,-0.026315801128494964,0.011210773927839313,-0.005891023617578983,-0.02168676689339122,-0.08290147862020225,0.04231306462965234,0.037383141474463644,-0.013274358377996953,0.03732403480706492,-0.06011442636305364,0.03043475421480002,0.008535300633810916,0.0,-0.03453685936327788,0.0,0.05053195752618489,5.451112557786075e-06,0.0,0.0889292093417875,-0.08677043989010824,-0.029612674614459822,0.1041666317420693,-0.1013824980992436,0.03177204798393851,-0.024793403411316528
2021-03-19,0.012658125221616467,0.04479417376592121,-0.040322561536506485,0.02359882005899716,0.12210524709601156,-0.0434783893509354,-0.009202686025101436,0.006006029054705486,0.01411763359518603,-0.011709601664315783,0.016949136104436047,0.094540614714826,-0.002861227694048174,-0.04358976386289948,0.04868915855396594,0.0117647058823529,0.04885057448713814,0.0011363896210325741,-0.010389600738664129,0.05465197237342179,0.06237623762376243,0.032786885245901676,0.005398105624387695,-0.04672897196261683,0.06999036633527922,0.07472182351020984,-0.0022173397889424518,0.07407406086024748,0.029556629448576954,0.03389821741575183,0.0987821799209605,0.024024073260518142,-0.06278027992550506,-0.011541182266670003,-0.013197980650384578,0.11603380111664396,0.0,0.0017242544495783552,0.04227638179071347,-0.037765577849724785,-0.0481013044526305,0.02631036859074598,0.012176331667435258,0.009999970800399938,0.14358754744966595,0.032863816658137424,0.22641511555879235,0.0,-0.01619054794648722,0.059322016775454234
2021-03-22,0.021428505039319035,0.0625724165344359,0.01680680026914594,-0.0057636887608069065,0.2889305785922478,-0.003030179989528481,0.02167159138187391,0.016716458904209475,-0.018561467463607983,0.0,0.039999961853027344,0.032238367523097944,-0.025824940280761988,-0.009830175228074278,-0.007142838977632016,0.005813953488372103,0.005479509246667069,0.061293976859597255,-0.0026246694523468506,0.008676443313196058,0.36999068033550797,0.022222222222222143,-0.0067113711648050245,0.0490196078431373,0.013440911671640743,-0.05325445581737076,0.055555508094029316,0.013793087870729748,0.01913876646780932,-0.02185790356319839,-0.08497536558402319,-0.002932548449136152,0.023923460258969076,0.0233516516918586,-0.016460889199236384,-0.052930006614425484,0.0,-0.0017212865136482236,0.05928239055954654,0.05805397095028386,0.005319169442975058,0.0,0.0,0.10011006065181127,0.022354694994196178,-0.0022727792420651483,0.0,0.12820512507010418,0.029364324174198764,-0.02400001525878903
2021-03-23,-0.034964988972929656,-0.019629258852583154,-0.08264500328232027,-0.09855072463768111,-0.18922849134689768,-0.08206692088002199,-0.01212075330468465,-0.044627140237158525,-0.05200940643017726,-0.07109004610811842,-0.05769225478877493,0.060695387644179366,-0.2930780239025337,-0.0279782913426857,-0.04676260736840321,-0.05780346820809246,-0.0762943257806703,-0.03422466689228454,0.03947370980254861,0.0,-0.11564625850340138,-0.02795031055900621,-0.021621665160441172,-0.01869158878504673,-0.061008002516148574,-0.006249993946403354,0.0,-0.04761899457111862,-0.07981219745310641,-0.06703904364045732,-0.09825037398253378,-0.01764711162210597,0.0,-0.05570469518367405,-0.10041840962444881,-0.12375256169092352,-0.020044451647356576,0.0,-0.07658320822502673,-0.04559499366661479,0.07407405538557055,0.0,0.011278420410485213,0.0,-0.011661741110170376,-0.03644643559868643,-0.06153840510802655,0.39545448486470125,0.0028213292883212393,0.02459017995287449
2021-03-24,0.06702899683879115,-0.06006673810914487,-0.027026585345306553,0.1061093247588425,-0.023339337600440824,0.03973525157466251,0.0006130686704370891,-0.04056550599367004,-0.05236914328658504,-0.09566326344425313,0.0,0.01944446563720703,-0.0979167184068076,0.022284100363724413,-0.0037736232925511537,-0.09202453987730064,-0.06784663072053199,0.0033223352749354174,-0.04303799347892001,0.027479069338902207,-0.1992307692307692,0.0,-0.051104958184541305,-0.1333333333333333,-0.017890732808920173,-0.07232704850475946,0.045263268966545755,-0.017857156372662275,-0.04846944160636335,0.005987932308542776,0.005970196228831437,-0.07784431052236152,-0.032710285927005645,-0.03980100944091858,0.008139499037121745,-0.06833706674753715,-0.03181820261702084,0.008275964518370538,-0.0015948567902865918,-0.01862352136083678,-0.16256154488104246,-0.012820641840906588,0.0,-0.09900000131398201,-0.115044287620509,-0.0189125114291554,0.0,-0.009771977863882841,-0.018130700869412486,-0.015999984741210893
2021-03-25,0.005093450355679652,-0.04142005156161632,0.04629614953792793,0.13372093023255816,-0.05514709330502232,0.0382163921124683,0.002452659888749764,0.02626526650249139,0.007894729412163404,-0.029619159787388494,0.003401357234227742,0.011444091558969083,0.09237877653934712,-0.028156259143709672,0.056818184007516814,0.09459459459459452,0.012658273794446062,0.018763699199345174,0.0,-0.008604541747058159,0.06628242074927959,-0.028753993610223683,0.001455637416072797,0.05494505494505497,-0.06519657576983373,-0.011864435683033303,-0.003021305936649399,0.01454543773170136,0.01876675709426401,0.053571521830400926,-0.043026720228991566,0.029220829486124256,-0.02415460458067742,0.16550703640148945,-0.02883506318339779,-0.02933988251852082,0.022349264863088747,0.0,-0.03354633074581903,-0.023102288417082395,-0.014705882352941124,0.0,0.0587358570993759,0.0,-0.0049999872843424775,0.00722885115223959,-0.2622951188096425,-0.003289470588401344,0.0,-0.008130112188539096
2021-03-26,0.005067464489315832,-0.011111129425843358,-0.06194673758313629,-0.19487179487179485,0.04085603961125339,-0.021472189815784137,0.006116064807367261,-0.021223479580059434,0.02088777120580798,-0.10465122468410648,0.0,0.021013001520432395,0.06976742544933323,0.007476628517019579,0.06093197478453116,0.0,0.031249898655666408,-0.019501555842748486,-0.002645500142578139,-0.011963597695469397,0.1936936936936937,0.05263157894736836,0.007267400154944426,-0.04166666666666663,0.0010256645007011844,-0.046312175722101556,0.02777790721831641,-0.0609318647438748,-0.03157884912939446,-0.045197802820677535,0.007751998730694432,-0.0031545710481332145,-0.009900980750178201,-0.015305456028361308,-0.019002357002653736,0.2392947206139644,-0.009302514486715152,0.016586681986311635,-0.0016529303415808716,0.018581103394726073,0.0,0.0,0.0,0.0,-0.034757131263347896,0.014354053886023399,0.022222267845531718,0.05610563627034337,-0.012098018501473962,0.00819675270763387
2021-03-29,0.03025218148364095,-0.001248467989523605,-0.04716984088094256,-0.10509554140127386,-0.013084055340562895,-0.018808921983097804,0.003039442973479467,-0.028061258003443945,-0.04859336395131897,-0.02110388424127463,-0.03728818024961533,-0.005277064772751694,-0.03754941884763907,0.0037105716923799825,0.18243239179620163,-0.03703703703703709,-0.006060587001541218,0.015469545491475722,-0.015915104266073565,-0.0030861061496613162,-0.018867924528301883,0.015625,-0.07359303963604047,-0.05434782608695654,-0.05122950699533779,-0.030575553604944683,0.05503674219951438,0.011450331440901573,-0.05434789242885696,-0.04142005156161632,-0.04769234409598666,0.012658215432457043,-0.08000000317891443,0.015156479438726445,-0.043583550065244725,-0.11382112481619477,0.0,-0.014297659190557033,-0.06622518177048375,0.019900477841425568,-0.038805947374941696,0.012987145380364051,0.0,0.0,-0.09154015663130421,-0.02122633976628685,-0.13043478542555031,0.0,0.012246172928130683,0.0
2021-03-30,0.040783102417483175,0.022500038146972656,0.06930692568393315,-0.05693950177935947,-0.0018939826675118399,-0.009584817163206805,-0.0012119864751550802,0.013779530269085072,-0.002688169458695655,0.06467657977654984,-0.014084494035883521,0.033952221575421326,0.0,0.02587806788751079,0.0,-0.038461538461538436,-0.0792682916675479,-0.013057659525385623,-0.016172491148951362,0.0002381809506299959,-0.12846153846153852,0.01538461538461533,0.028037356105847788,0.0,0.009719238700143906,-0.02782933192635406,0.006520859408713386,0.007547234007656778,0.011494301680494257,0.037036941102725374,0.012924084273679526,-0.015624984866008385,-0.07065214996977875,-0.03430746252541794,-0.05063292285300003,-0.020642236199966635,0.021126943644151908,0.0018770962681895487,0.0070921919858044635,0.008130034654042939,0.0,0.012820362296720234,0.0,0.008878979245517726,-0.061126973094833725,0.05783126881998668,0.0750000018626451,-0.00937499091960503,-0.013053132651654531,0.016260146842582035
2021-03-31,-0.026645817274446815,0.08557454561734201,-0.018518483471744007,0.17358490566037732,0.04174569088954194,0.0,0.0012134571688318108,-0.005825252666599945,0.016172491148951362,0.009345889907118599,0.017857126131349377,0.026167277315087167,-0.039014386383018684,0.021621600258574514,0.03428569975353413,0.026666666666666616,0.02649007281272664,-0.0022050170630951715,0.0,-0.008809706288052777,0.059135039717564064,-0.045454545454545414,-0.04545450276251273,0.05747126436781613,0.031016037435438237,0.041984785618008225,0.00416468940059378,0.011235905600671448,0.03693180530174289,-0.005952290396567306,0.18022330456429958,-0.015873075943202752,0.07017537010649355,0.019736751088482718,0.2426666259765624,0.023419181517389642,0.0,0.01601109674425305,0.033450715310326506,-0.024193487604002417,0.021739153613471895,-0.012658081110897168,-0.03441004535590986,0.003850396214331253,0.18870798419605506,-0.0774486756472087,0.39534886944545367,0.07255520931796955,0.012903164468828887,0.024000015258789142
2021-04-01,-0.006441231182267471,0.01351350045186761,0.0,-0.006430868167202619,0.03278694220038547,0.0,0.0,0.05338546007988132,0.010610069510715636,0.010802421532034145,0.028070233263726152,0.02499999999999991,0.014957302185677035,0.012345625023337359,-0.03867400559165779,0.05844155844155852,0.14193547420887076,0.011049660297000496,0.0273972334300725,0.00048058117684801616,-0.009166666666666656,0.031746031746031855,0.05079360081525519,0.0,0.026970878210353044,0.08058609050299337,-0.02672812129402302,0.029629595802233677,0.030136951251909627,0.005987932308542776,-0.07702711257887285,0.05806453944989287,-0.03278685534479753,-0.048387051000803094,-0.0847639471803574,-0.041189893147009715,0.0,0.0,0.0783645736141545,0.02809910646236502,0.006078934315090212,0.0,0.006545602824037822,0.0,0.07873345911659779,0.029629599977206045,0.14999995032946467,0.026470562248494645,0.023566821308750985,-0.007812529685906622
2021-04-05,-0.008103757902237274,-0.018888897365993973,-0.009434124845183911,0.01941747572815533,-0.02821866759421443,0.03225824385434217,0.0,0.021631667173563907,0.03674543490991211,-0.0396946331926884,0.023890761654579373,-0.017561005383003092,-0.018947400544819026,0.01655056982873404,-0.005747111737085198,-0.030674846625766916,-0.09039534859859533,0.010929003894951883,0.015999984741210893,-0.002641078841899791,-0.12699747687132046,0.0,0.027190378895388667,-0.03260869565217395,-0.020202001714301865,-0.03728818024961533,-0.016571987494467533,0.021582779182861556,-0.023936114607497894,0.011904807858458266,-0.08052700459716211,-0.006097555213709138,-0.016949181460966245,-0.016949232677312964,-0.06213361659585659,0.0023865756343954825,-0.034482833656310996,-0.010897135589285845,0.004739369695092366,-0.047427589936895775,0.0030212173241199736,-0.012794923775754863,0.005780283945697073,0.0,0.0571201648070232,-0.01678661160207673,0.2318840967810123,-0.10601722721106077,0.026757827205356133,-0.023622062617355444
2021-04-06,0.006535955417507067,0.07587769899014196,-0.03809511006005617,0.06984126984126982,-0.03811252802608123,0.031249864882157974,-0.003030232753827855,-0.019963696914583884,-0.015189858748160034,-0.01748811227557423,-0.013333320617675781,0.025322752946257188,-0.03218876039525509,0.011139684112341675,0.005780331950683282,-0.03797468354430378,-0.0807454137845608,-0.008648640400654606,-0.005249338904693812,-0.0009626445117060234,-0.020231213872832332,-0.06153846153846154,-0.02941180595477033,-0.011235955056179803,0.010309317880007551,-0.015845013815265707,0.008184909489010739,0.03521122699887158,-0.002724887577651658,0.0,-0.007961845451925575,-0.015337408730844548,0.028735651608507995,0.0006896792070487656,0.03750002384185791,-0.04999995458693529,0.019999990985005267,0.0,-0.0015723629987268728,0.012658195249076298,0.01506024061776956,0.012960755656455492,-0.03376433210337537,0.0,-0.024390243902439046,-0.009756088483765968,-0.11764708357286224,-0.1346153375900221,-0.021817881468439215,-0.016129017372408794
2021-04-07,-0.0016233994394189155,-0.0347368340743216,0.009900781593721097,-0.041543026706231445,-0.03584906610996086,-0.009090687082554894,-0.005471229078261697,-0.011111129425843358,-0.00257069156647316,-0.055016144873068384,0.01351350045186761,0.016949171328586976,0.019955581193628058,-0.020338963325323256,0.0,0.0,0.033783766952153904,0.005452583458981808,-0.02638519937706696,0.012047955132623356,-0.04523107177974439,0.06557377049180335,0.05909088971529419,-0.022727272727272707,-0.0020408629973885928,-0.044722717920546495,-0.03772691547698537,-0.0578230976012557,-0.008196594895354958,-0.035294140086454484,-0.08988756105454798,0.0467289268430795,-0.027932979248437184,0.00964848457960854,-0.055421690069412555,0.0,0.0037349255699499206,0.0,0.13228349058321687,-0.03333330154418945,-0.03264101673338993,0.0,-0.018587288216259212,0.0,0.04769228421724758,-0.0024629931491653156,0.0,0.0,0.009913073707762177,0.0
2021-04-08,0.0,-0.04689207214811342,-0.019607809985303648,0.01238390092879249,0.025440241527812324,-0.03669723408590775,0.008573354028583724,0.011235973784791575,-0.0025773785017727535,0.04794519116270535,0.006666660308837891,-0.03333336966378353,0.008695644061371466,-0.0025952150135390983,-0.017241408289746296,-0.013157894736842146,0.04901971808963235,0.0010845200561737656,0.02168019579010938,0.0,-0.037075180226570525,0.0,-0.0014305797384994712,0.03488372093023262,-0.0030674574427700385,-0.003745314673225475,-0.1399503607043293,0.003610069384552883,-0.005509746164956142,0.006097584377790843,-0.0546737624199406,0.008928634150297876,-0.017241317886610097,-0.010238898601801938,0.026785718630076172,0.01754384287606192,0.0,0.0,-0.10431154298070178,-0.03017244568619415,0.009202548030668334,0.012820362296720234,0.0,0.0,0.017254083378640983,-0.032098792177422064,-0.039999961853027344,0.05555550159250355,-0.031901759921300954,-0.008196674537606752
2021-04-09,0.016260140120079702,0.024027464948103372,-0.04000005876293666,-0.051987767584097844,-0.013358720969806726,0.006349101156627235,0.0,0.004320968612813614,-0.02842374634332423,-0.03758168641156856,-0.013245020564786825,-0.019704415446480272,-0.03017238588664739,0.02428453539724007,-0.03216369855205836,-0.026666666666666616,-0.049844326607507705,0.003250345409902211,-0.029177691154468333,-0.023809653360564065,-0.03422459893048124,0.0,0.030085965268356496,-0.0561797752808989,-0.002051329001402258,0.009398442158713438,-0.2348528114524927,0.025179862845809087,0.00554027165546267,-0.018181771943063474,-0.014925388268058115,0.011799398411569628,0.07017537010649355,0.0,0.031055899885286564,0.0,-0.0023257111717677192,0.00016957268303308126,-0.06677015908664652,0.026666683620876652,-0.027355668210865325,-0.012658081110897168,0.0,0.0,-0.020570234866403858,-0.017857186300760608,-0.12500004139211274,0.05263161417079765,-0.01774396583829474,0.04132231274684206
2021-04-12,0.0,-0.04469269576030488,-0.031249948020213858,0.022580645161290214,-0.007736936414457607,-0.034700356763626816,-0.0012143664698018863,0.07559923218375819,-0.034574435200017684,-0.07470291021886777,0.006711402952518153,0.031155821664241357,0.03333335452609587,0.033869568528199556,0.0,-0.06164383561643838,-0.026229513187462916,0.005399588498811614,-0.010929016211355558,0.0,0.12403100775193798,0.009230769230769154,-0.03477051432690059,-0.059523809523809534,-0.07708119581551609,-0.04283054450187207,-0.03846152173519124,0.009122844161501442,-0.035812739461262066,0.02469133331433837,-0.024621198864780314,-0.08163264313125473,-0.0765026624711943,-0.07103436860686207,0.024096362008327654,-0.07389161491241292,0.0,-0.00016954393301360504,-0.10149752250972799,-0.06753244329787012,-0.02187502384185791,0.012820362296720234,0.07348475242852381,0.0,-0.1267501645914001,0.02597406377356548,0.0793650988878909,0.009999990463256836,0.012903164468828887,0.06349200101906916
2021-04-13,-0.04959987480163597,-0.024561407422486026,-0.0645159495770593,0.08201892744479489,0.001949269360935979,-0.009803839909352408,0.0,-0.03428573608398433,0.011019272890350207,-0.06972475664331279,0.0,0.020955180096650095,0.012903213236342914,-0.026208001132224656,-0.04229611730673932,0.06569343065693434,-0.026936032199251114,0.015037527748489765,-0.033149140705165725,0.0,0.17142857142857149,0.0,0.021613846416524085,-0.03797468354430378,0.007795172835955766,-0.03501942276541248,-0.029019593240096175,0.00834490049228842,0.008571464759476122,0.01807224278111641,-0.007766945415149884,-0.003174600050953491,-0.005917200945284917,0.0007422569789399258,-0.017647013944738,-0.11968086404922385,0.01398613433877638,0.005084780147080581,-0.06851849611567573,0.010213523862754537,-0.07348240553109175,0.0,-0.03881465675979101,0.0,0.19198312236286919,-0.017721501872853374,0.0,0.003300326916725993,0.007006495334519469,0.18656716949027818
2021-04-14,0.00841736572075491,0.02637892841771028,0.05747108124738043,-0.06997084548104959,-0.0077820939478694395,0.019801813629442666,0.0,0.004141993870074856,-0.00544958597022982,0.021696222042765,0.026666641235351562,0.05011929349988353,-0.023354592913693684,0.009251442683012145,-0.022082003236756687,-0.047945205479452024,0.006920487487322102,0.006349250881240609,0.005714280264718097,0.018292582201950403,-0.095878889823381,-0.08536585365853655,-0.033850527897058,-0.013157894736842146,0.023204423615589054,0.03024195447858724,-0.030694747331542094,0.04275862554618426,-0.01983002761710062,0.011834364938100972,0.03131107862979032,0.05095536371550291,-0.07738092647568329,-0.0912462880851812,-0.017964139563091508,0.018126871243736797,0.03218374596903484,0.0,-0.005964256174353699,0.0027573283690844885,0.024137957342739824,0.0,0.0,0.0,-0.15929203539823011,-0.0025773785017727535,0.014705868173635617,-0.003289470588401344,-0.018975556011711858,0.23899378840113683
2021-04-15,-0.04340560029134255,-0.030373857025287165,0.06521741696211869,-0.13793103448275867,-0.0019607357316996366,0.03883502391087612,-0.0030392960049591133,0.005303485929847085,0.016438340058043455,-0.0675675685627406,-0.0324675023083254,-0.050000017339533076,0.06956525615122544,-0.006666660308837891,-0.07419356479439687,-0.07194244604316546,-0.04810999530574678,0.004206094730844212,0.028409063970008086,0.0,-0.028837209302325584,0.03333333333333344,0.02773723501688874,-0.06666666666666665,0.003239711903853193,-0.0684931302324362,-0.0033333210526628188,-0.01785707800995151,-0.017341113040444944,0.02339179003549785,-0.024667918773391917,-0.06969697648390827,-0.1290322349090528,0.0032653323614029173,0.01707321299746467,-0.08308604774427719,0.013362933638907615,-0.005059055959773406,-0.019999980926513672,0.008249326658720246,-0.03367003280511127,0.0,0.027900339701620203,0.0,-0.13557893451891445,-0.06459948511442493,0.014492739851898806,0.0,0.0,0.045685258054578126
2021-04-16,-0.006980810797174386,0.00722885115223959,-0.07142851090773938,0.07272727272727275,-0.015717076877764025,-0.012461005950257786,0.0,0.06682305584316728,-0.056603783285096965,0.026915098500934542,0.05033560215011956,0.07655504357287835,-0.0447155007352209,0.007550348323141387,0.3449477944713737,-0.046511627906976716,-0.0036100965577837707,-0.009424099559202759,-0.030386712313068664,-0.02299373238393032,-0.04118773946360155,-0.032258064516129004,-0.00994320625577838,0.014285714285714235,-0.030139906794503513,-0.0042017766390675115,0.061872962241545704,0.054545382601087544,-0.011764669068213163,-0.01714281354631697,0.04474700889006278,-0.0358305855009039,-0.10370371765778541,-0.0032547046689206383,0.00959231681563355,-0.09061487998942008,0.010989107006722065,0.0,-0.004081628681073313,-0.05454548922452063,-0.07665507681032302,0.0,-0.035714240533266106,0.0,-0.10034099268046381,-0.02486185552887432,-0.04285710271523857,-0.009900980750178201,0.0,-0.033980618930916306
2021-04-19,-0.015817264105915108,0.026315822495649455,-0.010988990934772125,-0.0847457627118644,-0.031936191005918824,0.00946371974035154,0.0,-0.06978024200689958,-0.02285712105887272,-0.11895157041708337,0.01597442507608826,-0.048444451226128504,-0.13617018988468044,-0.0016653170176944565,-0.07253887136880688,-0.008130081300813052,0.057971023096921925,0.007399544877584319,-0.04558407016108601,-0.006864550097901989,-0.0889110889110889,-0.050000000000000044,-0.06169294709932838,-0.07042253521126762,-0.05660379755008382,-0.010548463356974014,-0.024409414138643948,-0.061302698725661076,0.008928609124454256,0.0,-0.011173070146088482,0.01351350045186761,0.01652890933552542,0.010612264487804834,-0.04988124376345704,0.06405696456319254,0.004347863663638485,0.0,0.0389344370419602,-0.004807619124471918,-0.09433962264150941,0.0025317082240772226,-0.02222209935960362,0.0,-0.14889009450122637,0.03399436967429126,-0.014925358528601551,0.0,-0.02192106186019127,-0.05025125724469015
2021-04-20,-0.017857118207667888,0.013986000772276075,-0.03333327182624113,-0.025925925925925908,-0.022680440345851482,-0.06250003318683839,0.006097569137178738,-0.041937447077554424,-0.03508775476628012,-0.03661332404770279,-0.04402518929722532,-0.04297057836761953,0.02709362932628423,-0.0008340474622797744,-0.18435756769506972,0.008196721311475308,-0.02397271131972012,0.0,-0.023880574920442932,0.020982158288227915,-0.05153508771929827,0.01754385964912286,-0.029051996686346282,0.0,0.017647013944738,-0.08742000904262182,-0.031477091865095286,0.06122455265102755,-0.026548696482645573,-0.005813975408954342,-0.13182684627449404,-0.019999980926513672,-0.016260146842582146,0.001615478504368939,-0.050000011920928955,-0.04682277741058127,-0.02554111995331876,0.0,-0.01183430783985151,-0.0009662056534548435,-0.008333365122477177,-0.0075756692823133465,0.0,0.0,-0.09478367802634358,-0.06301370220932367,0.09090909090909083,-0.0033333301544189453,0.016479868962721023,0.0
2021-04-21,0.021818207372149345,-0.011494187354914032,0.0804595431131121,0.06083650190114076,0.016877722448569,0.0,-0.01818210844767998,0.0,0.039393974642233154,0.07125890994613937,0.0032894705884014552,-0.06198147740117643,-0.014388475223450214,-0.0075124542865194766,0.11301371801739912,0.12195121951219523,0.017543899995764667,0.0,0.006116202153874983,-0.013539397090817307,0.023121387283236983,0.034482758620689724,0.012598413371265105,0.06060606060606055,0.15722551102061688,0.028037355064628677,0.015833335068645482,-0.03782053637230087,0.04242424188147709,0.02923976542958573,0.04555326936586912,0.037414929576505385,0.024793364003288243,0.028225925420568343,0.052631592156154205,-0.031578918309091875,0.015992840347873516,0.0,0.04391213176466291,-0.025145089462765946,0.0672269089394868,0.0,0.011363667946781675,0.0,0.0983836943060914,0.03216371129880957,0.0,0.0,-0.013618880444302595,-0.021164001407603106
2021-04-22,0.030248984522152522,-0.05697682593692399,-0.02127655960120023,0.010752688172043001,0.0062240107682094425,0.016666797475492157,0.012345970091223624,-0.035141782919492326,0.008746347173728575,0.006651952592192645,-0.04590159628667356,-0.0166493083380016,0.05352792774815107,0.008410380564166209,-0.0738461225460737,-0.050724637681159424,0.017241418277715193,0.009443877765968223,0.027355669796786275,0.0,-0.03050847457627115,-0.06666666666666665,-0.04510108391837353,0.014285714285714235,0.04195804862043051,-0.027272700672307915,0.004922088547449688,0.016655575913026688,0.01744184797797299,-0.011363679466167786,-0.0041494098761142295,-0.04262291083762548,0.032258033504347416,-0.005490134436094918,0.04250001907348633,-0.003623184962974757,-0.027109612770519487,0.0,0.0019119984719329075,-0.002976164007763349,-0.023622062617355444,0.0,0.0,0.0,0.008317357814300985,-0.005665717022269479,-0.055555583150297405,0.0,0.042735117449545834,-0.016216174976245723
2021-04-23,-0.037996460452985104,-0.030826083075972566,0.02173909270276675,-0.007092198581560294,0.014433025368622232,0.009835902748176029,0.0,-0.023642165787722158,0.014450853111279693,0.026431649953980063,0.013745690952998268,0.11746038441855577,0.08545032149617193,-0.007506268082230094,-0.013289086789387006,0.01526717557251911,0.05084738544998402,0.003118475397928533,0.01183430783985151,-0.012254868263857799,-0.019813519813519864,0.07857142857142851,0.0439739392178613,0.028169014084507005,0.02109293450790406,0.028037355064628677,0.05306120431518746,-0.012450906876253498,0.011428535240523896,0.005747148486326958,0.08958335385545935,-0.023972660901509624,0.1406250552972792,0.04022069247013493,-0.01678661160207673,0.03272724151611328,0.0,0.014406709317422717,0.01717560238913629,-0.00199009526209859,0.03225811165403902,0.0025444069098088384,0.0,0.0,-0.014593927428195097,0.0,-0.04411769217479555,-0.0033444784051376297,0.008827301501161733,0.0329669477455663
2021-04-26,0.035906685085617784,0.033078848298750074,0.07446829835291857,0.02857142857142847,0.008130073421291018,-0.00974010007111914,0.006097569137178738,-0.006544465284225809,0.025641001257505236,0.030042952182850025,0.0033898272208872093,0.017518888124163245,0.03404262356220911,0.0016807107903202834,-0.020201969171594114,0.015037593984962516,-0.009677388663471898,0.01554410136105644,0.040935632562121294,-0.013647553136252433,-0.0784780023781213,-0.0066225165562914245,0.017160707665042185,0.08219178082191791,-0.010328606630732096,0.08181821038900261,0.0015504191309652082,0.005972129847641394,0.014124353922573052,-0.00571430751255575,0.10325045138663369,0.07017545767584887,-0.041095959012037,0.016679313787221428,0.021951257239347655,0.06690143062065301,0.05393261773018909,-0.012531146772170043,0.0,-0.007976064390418092,0.007812455180101763,0.010152258512958756,0.0,0.0,0.15840302872710166,-0.0028490001397227793,0.1538461961689801,-0.03355701476259032,0.005624955809953258,0.010638338885950116
2021-04-27,-0.0017330372415448325,-0.004926103745908295,0.04950498305443385,0.04513888888888884,-0.0483871463930442,-0.0032788730080760553,0.0030298192538666946,0.019104081424434982,-0.016666651213610217,-0.0687499841054281,0.0033783751129670136,0.00604937503489178,-0.02057611149904548,0.006711402952518153,0.006872834514855208,-0.014814814814814836,0.029315955986124465,0.006122394364758144,0.03932587279618516,0.005534428943853031,0.09677419354838701,0.0,-0.0015337043058175626,-0.025316455696202556,-0.02277037684884109,-0.016806806028663912,0.04489165986696264,-0.0006596235234164194,-0.011142108060370304,-0.028735632813895018,-0.031195801866057082,0.08196721439623,0.0,-0.05369130362637853,-0.040572810017267424,0.05610563627034337,-0.021322041448048834,0.0,-0.0037523416909558405,-0.012060290237125626,-0.003875909964270452,0.005025158664351492,0.0,0.0,0.0027793219397644897,0.0028571401323591594,0.06666668256123853,0.006944437545759019,0.02548145891499165,0.17368417037160766
2021-04-28,-0.015625039142448505,-0.0012376521010224462,0.028301771962492506,-0.029900332225913595,0.002118692653888754,0.05263167560552162,0.0,0.021331604266962012,-0.0028248560935074662,0.026845654193687896,0.02693600098835347,0.04856610528687555,0.02731084692285779,0.008333365122477288,-0.07508530556939719,0.06015037593984962,0.03797464853756494,0.03955378873250193,-0.0027027000903735443,0.00050033234209379,0.027058823529411802,0.0,0.004608253750606028,0.025974025974025983,0.029126231570822947,0.019230802540401104,-0.000740755770224033,0.029703032621318348,0.011267653472952777,0.017751547407151236,-0.02146687770769007,-0.009090900552502501,0.05000001135326615,-0.03073274739288856,0.06965179381513731,0.0406249606516218,-0.01307200729872815,0.049069519778101256,0.047080979791712885,0.002034634579745953,0.13618676638512617,0.0,0.0,0.0,0.0072062255861480295,0.017094000838336676,-0.0750000018626451,0.03448272460139301,-0.015151429686141249,0.0031390854066271068
2021-04-29,0.02292773784385549,-0.003717439170466408,-0.01834853192289798,-0.03082191780821919,-0.050740009933939456,0.021875095056587135,0.0,0.006962003503123482,0.005665717022269368,0.006535930873366125,0.0426229890076526,0.031760004893312654,-0.024539854567588115,-0.008264494075791107,0.033210293319709816,0.0,-0.024390166733636365,0.19512195121951215,-0.02168026040218951,-0.015253699989578595,-0.004581901489117968,0.0,-0.004587115159965793,-0.012658227848101222,-0.03679248389505052,-0.014675088457291818,-0.008154211367007558,-0.0064103106387432,-0.025069660813907046,-0.011627950817908794,-0.038391224317969264,-0.04281341507712444,-0.006802660773060132,-0.010569210929944006,0.18139527869134597,0.009009000623754648,0.0,-0.01612916179893087,-0.010791356726084111,-0.01015232259867238,-0.010274011526394844,0.0027499044238319392,0.0,0.013698692601885165,-0.026417188400532088,-0.04481788526723418,-0.12162166516044115,0.050000031789143806,0.0,-0.03889140843068528
2021-04-30,-0.001724339685055476,-0.004975119657066318,0.028037210231888432,-0.03886925795053009,0.004454445163299292,-0.024464797980004227,0.0,-0.05719672257320152,-0.03943658263833194,0.02597404205893583,-0.015723255115296708,0.009833324308967217,0.023060824728355245,0.015000025431315178,0.03571428571428581,-0.028368794326241176,-0.02812507947529319,0.06938778624242659,-0.030470885953559068,0.015489979489557104,0.0011507479861909697,-0.036666666666666625,-0.03686639623921262,-0.038461538461538436,0.07247794009337416,-0.00851063052687262,-0.014200300295792001,-0.12387094103851015,-0.017142845080174607,-0.02941176470588236,0.013307881270777644,0.0,-0.041095959012037,-0.04601480597027552,-0.2047244050142244,-0.08035713968937885,0.013245147969660254,0.004098450280274779,0.14545458013361157,-0.0030768956893529875,-0.04498267315640403,0.022189422023492167,0.0,0.0,0.035613359350618934,0.008797645347408345,0.046153895530476774,-0.15238095382263683,0.004515311126701116,-0.029767413472020388
2021-05-03,-0.0017269621487064901,0.0025000572204589844,0.10909083518854668,0.0,0.10643004830962832,-0.018808921983097804,0.003021462998219704,-0.048666636149088505,-0.02346045751055914,-0.01898737335245726,0.0031948850152176966,0.08044028581803975,-0.026639367088582833,0.003284069035370152,-0.02068969025008982,-0.014598540145985384,-0.0064309356499864245,0.0977099004349482,-0.017142840794154623,-0.03150777205356503,0.04597701149425282,0.05536332179930792,0.020733670627812062,-0.026666666666666616,-0.04748854001343161,0.006437813474395204,-0.07126610218249663,0.0,-0.023255825941145947,0.0,0.009380936692646724,0.0,-0.014285701310552956,-0.011197264211411095,-0.027227697062989997,-0.019417457749564604,0.002178564770438207,-0.01224509005631469,-0.04126987635083046,0.008230444599618192,-0.06159422968996808,-0.02439057250397869,0.0,0.0,-0.19213972453387607,-0.026162834619430586,0.029411736347271455,0.0,0.020936008657427507,0.001917497939039503
2021-05-04,-0.0017301280241242,-0.038042446828498,-0.040983485540725284,0.0,-0.03206409914849684,0.015974566018537972,-0.0030123612601349326,-0.01541697687256316,0.0,-0.07526881720430112,-0.038216598716108385,0.02938871420638378,-0.033684178402549336,0.0,-0.017605634433428774,-0.0444444444444444,-0.009708619451106348,0.029207237340155956,-0.026162834619430586,-0.007229667933495554,-0.07912087912087917,-0.032786885245901676,0.015624984866008385,-0.0273972602739726,-0.029721995258510603,-0.05543714833895452,-0.028571459954153,0.099410890544811,-0.02083333333333337,0.0,-0.039033457812373884,0.04472839021304709,-0.0652173888004769,0.0017422210093611668,-0.022900801796207904,-0.042904249917438686,-0.015217419934200671,0.0,-0.04966890606450025,0.0,0.06177607741449531,0.04899995711791694,0.0,0.0,-0.027027027027026973,0.0,0.3571428632249638,0.04868909075193106,-0.004825089588243459,0.023923445412730615
2021-05-05,0.03986128556995516,0.023992544061498755,-0.04273512952247749,0.018382352941176405,-0.08488609811354131,-0.012578636995636439,0.0,-0.024911058841161515,0.003003000207918216,-0.023255813953488413,-0.0033112551411966784,0.025885051135384307,0.021786470873249808,-0.01391162623397224,0.08243729722171533,0.1472868217054264,0.03267972281259213,-0.02702706534118826,0.011940358629948689,0.0054617645145458305,-0.005966587112171795,-0.016949152542372836,-0.029230778033916716,-0.05633802816901412,0.007905130890387913,0.020316062319497563,0.020168154642440816,-0.005358281179430935,-0.012158016213323242,-0.012121258359966802,0.0096711499942288,-0.018348606461624728,-0.05426351574634625,0.19999996268230968,0.0,0.044827541981810715,0.025607139804880275,0.0,-0.05226476060281526,-0.040816384124437,-0.02909088134765625,0.0004670773679493756,-0.006741818988153847,0.0,-0.2881944444444444,-0.04179100611077513,-0.15789471372673025,0.07142858967489163,0.0,0.02757010107967517
2021-05-06,0.1549999501839585,-0.025316491606066638,-0.062499950099407675,-0.02527075812274371,-0.061085967481000925,0.01910819605623426,-0.003020667178290415,0.04963505946298663,-0.020958064383725383,-0.0714285714285714,-0.01993353587031299,0.015584417974173537,-0.0895522539807514,0.023236491994952813,-0.07615895852194543,-0.06756756756756754,0.0727848366551267,0.079861152963139,-0.020649017550209092,0.0,-0.07563025210084029,0.0,0.03169576670617125,0.014925373134328401,-0.032352934301655645,-0.03982297103942167,-0.0032948805256481917,-0.04713812030551212,-0.049230793293321695,0.0,0.0727968786196378,-0.024922094316309096,-0.04918034495519652,-0.0978261511808095,0.007812492724042164,-0.05610563627034337,0.0,0.0082645688993086,-0.036764758087977634,0.002127708359077385,0.05617977367558935,-0.020953005888331155,0.0,0.0,-0.009756097560975618,0.024922094316309096,0.0,-0.029999971389770508,0.0,0.06866758729416089
2021-05-07,0.04617610369232894,0.03246753327177809,0.09523841387768828,0.051851851851851816,0.002409578750574015,0.015625046224524874,0.0030298192538666946,0.03616130041384036,0.030581010769374473,0.05128205128205132,0.05762706275508256,0.019364222252311825,0.023419181517389642,-0.00648823391736153,-0.003584174830362219,0.16666666666666674,-0.023598905133509818,-0.02958199565946329,0.060240979429287744,0.033255383946051875,0.014285714285714235,0.01724137931034475,0.03072193582694993,0.0,0.013171237684726167,0.01382487112212738,-0.020661178359139276,-0.020494683433278094,0.04530734710402262,-0.012269869015459345,-0.012499904162678321,0.038338620182611916,0.06034483821723735,0.01927717799700801,-0.007751930820906638,0.01748258481428655,-0.020663072766944568,0.004098450280274779,0.024809183228871934,-0.007430965420093583,0.0,0.012165486049130925,0.006787579621328588,0.0,0.0029556950912099644,-0.036474129772176234,-0.0625000139698384,-0.013745772883779095,0.0,-0.01787234367208279
2021-05-10,-0.09655166139043125,-0.022641488384546493,-0.0782609864438727,-0.017605633802816878,-0.050480722940178024,0.0030767976000456443,-0.006042041752073568,-0.04697985417359252,-0.05637977010505413,-0.07317073170731703,-0.016025626330215204,0.029032239319616515,-0.02745992876467307,0.012244866818797773,-0.04316544854023796,0.024844720496894457,0.03323277172570083,-0.00861498430260943,0.028409063970008086,0.009052037670639779,-0.0793854033290653,0.006779661016949046,-0.0551415623629804,0.13235294117647056,-0.05299997329711914,-0.06363640994079744,0.005907130561024543,0.015872983880355962,-0.05263143929384706,-0.03726710355611518,0.027124591442204915,-0.02769228128286505,-0.024390284875953183,0.04964542844622866,0.005208328482694924,-0.010309268214748757,0.01846142932140693,0.005714260994337916,-0.014897565253434997,0.0374330923546331,-0.042553217392692355,-0.009615360256062466,-0.011235985933577775,-0.04864874121713558,-0.10019650561749749,-0.05047321198103727,0.1333333651224773,0.02787462206084701,0.0,0.03986135525715451
2021-05-11,-0.05343523342111389,0.01828826997157562,0.028301771962492506,-0.08243727598566308,0.04050635035422667,-0.01226996103384359,0.003039740814701153,0.011267595039523348,-0.009433953069178047,0.023684250681023755,0.0,-0.06548238316675425,0.016470628626206407,-0.024999957699928244,-0.05263163429846762,0.0,0.07894726965584686,-0.006016052965133412,-0.0027624283920971715,0.0,0.025034770514603677,0.006734006734006703,-0.014195607322052495,-0.11688311688311692,-0.007391831734393173,-0.17233005326456385,-0.01845634769999749,0.007812484499649441,0.01960773140711014,-0.03870970203030499,-0.021126641295853843,0.003164553858114205,0.016666717440995127,-0.024023973954381495,-0.01036268469951196,0.0,0.0,0.010551955636725285,0.037807147581732536,0.0,0.03703703703703698,-0.026456417211542682,0.0015150151630898279,0.03579547636785829,0.08515287316256326,-0.08637873464685342,-0.02352945878843815,-0.04067800747050254,0.0006063527813393588,0.08208330472310377
2021-05-12,-0.05483865337093641,-0.020487587564687382,-0.06422030122155176,0.015625,-0.0754258323911643,-0.006211078519047675,0.0,-0.007660143405790243,-0.04444447640178384,-0.0437018173844671,-0.01302930381851053,-0.10622439021893415,-0.04861111800979656,0.0024813674600963065,-0.07142859305383986,-0.10303030303030303,-0.06504059143931085,-0.04505716754877798,-0.04155120811848967,-0.001993449798990188,-0.06512890094979651,-0.0033444816053511683,-0.028799972534179652,-0.044117647058823484,-0.0042553152634362545,0.10850436253550666,-0.04957266965252605,0.0,0.02243589834669546,0.013422870339588666,-0.03057548541981092,-0.009463713144399533,-0.03278691835069325,0.006923069876326959,-0.08376961749607936,-0.048611145604538386,-0.007336873149593526,0.0,0.04918041330057843,-0.06701027126922354,-0.03928572790963314,0.0,0.00907729712085903,0.0,0.01609656387887015,0.043636322021484375,-0.10843370552245668,-0.01060069688994325,-0.0006059853404427606,0.015017378024978267
2021-05-13,-0.12798630220109275,0.01935485101515244,-0.07843136518191929,-0.038461538461538436,0.01052630588288439,-0.02187501920095647,0.0,0.024561430278577268,0.023255791848698415,-0.12365597296979403,0.009900980750178201,-0.05379478869074272,-0.15815086964769165,-0.0016501241153628055,-0.021367522296417474,0.006756756756756799,-0.028985571490835138,0.04225354855837682,-0.005780341244511877,0.006242361022381626,-0.007256894049346929,-0.043624161073825496,-0.018121932521180995,-0.07692307692307687,-0.016025600858143862,-0.04761906564010443,-0.03776977344669996,-0.014799131370828111,-0.037617529882692735,-0.019867561798409983,0.031539831064672175,-0.028662468019451603,-0.03389827312208993,0.031321560574275376,-0.07428571156093056,-0.04744529707607459,-0.01304348810238154,0.0,-0.029513900961588457,-0.0066298804809005185,-0.03345723536405931,0.01007302941797894,-0.002998799892080406,0.0,-0.11980196509030783,-0.034843173735210176,0.06756758280615438,0.003571425226269964,0.0,-0.0015174853794061027
2021-05-14,0.04892365893033923,-0.002531643124693339,0.04255325510188768,0.0040000000000000036,-0.028645806654821526,0.019169479222245656,0.0,-0.010274011526394844,0.03896108017862199,0.06441725113838292,-0.04575159121030159,0.01983247443804048,0.07514450508575754,0.0,0.08296950263230785,-0.01342281879194629,0.059701547290419654,-0.04054056579305587,0.01744184354113676,0.0,0.15350877192982448,-0.010526315789473717,0.04865771140887287,0.050000000000000044,0.04777411276448018,-0.01388887601134181,-0.02336451116506022,-0.002861199573286899,0.05211719579915708,-0.08783784959331908,0.03417273359973105,-0.01311474179619243,0.08771928234615034,-0.03703697522481286,-0.03086416800562486,0.053639889092422566,0.013215869134195923,-0.008032230196060142,0.037567089877404314,0.055617354030011334,0.0,0.0,0.0030078197415968067,-0.013713641451324254,0.21934757778742586,0.01805052442619881,0.025316430864913864,0.0,0.0,0.0011398437307508225
2021-05-17,-0.014925294209154671,-0.006345201777755438,0.0,0.031872509960159334,-0.06166220318964433,-0.0031348203305162636,-0.006060614123546637,0.011072653946301081,-0.003124996973201677,0.12391928364604143,0.0,-0.09248052921754857,-0.002688169458695655,0.007437950088943879,-0.008064495454511378,-0.07482993197278909,0.09577472308226187,-0.03239436931871187,0.04285717010498047,0.0024812489760690504,-0.03041825095057038,0.03546099290780136,0.027200012207031277,-0.015873015873015928,0.024870542412418706,-0.03380278511857027,-0.014353990856620702,-0.01721666446690584,0.01547994273011355,0.05925927338776771,0.010434674446437198,0.04983391888461286,-0.0322580975953628,-0.029230794497493995,-0.09235674859331144,0.0763636502352627,0.0,0.0,0.06379308161922714,-0.062170723584577425,0.08076924544114328,0.0,-0.017241629472488307,-0.0005562215327240549,0.1374538866802668,0.05673762043203312,0.024691334404499887,0.0,0.02666689559668689,0.020493320696816975
2021-05-18,-0.011363794966804064,0.04086841608457625,0.04081625470369077,-0.030888030888030937,0.02285712105887283,-0.028302104988761956,0.009145862923419124,-0.02464063416406137,0.018808759154637977,-0.028205089080028056,0.006849308357518069,0.20238095238095233,0.07277627443404833,-0.005742386975703062,-0.004065081834040196,0.007352941176470562,-0.023136381059894462,0.0036390241315698013,0.07123287223834551,0.0,0.06928104575163396,0.03767123287671237,0.029595024137466952,0.20967741935483875,-0.04954506650986168,0.052478083042371226,-0.006796254114866618,-0.018248189809636717,0.02439025708814957,0.020979034037302835,0.04991395951251576,0.00632910771622841,-0.008333325606805109,-0.07369247841459436,-0.038596455711112254,-0.0033783751129669026,0.0,-0.02412956518709075,0.06645054170864428,0.03033713138610894,0.14590748490428607,0.02218942421558512,0.01754411866594796,0.0,0.030819102419390454,-0.1644295323491607,-0.0361445445698767,0.024911093625196168,0.003541667168271534,0.002603186924993617
2021-05-19,0.03256701595485634,-0.006134876000100209,-0.029411589737250665,-0.003984063745019917,-0.03631281530524766,0.0032361930755711033,0.0,0.004912259285910103,0.01846152085524344,-0.06332457596974328,-0.003401357234227742,0.06930693069306937,-0.015075362435176154,-0.010726082150859795,-0.02857140781117129,0.0,-0.04736841500063527,0.025380738392887903,-0.005115084523652835,0.013861298950239798,-0.05256723716381417,0.0,0.025718619192154124,-0.040000000000000036,0.03723408464610656,0.016620549291325615,0.004887685175390066,0.1524163667283911,-0.0059523181259094615,-0.02054795773263285,0.009836053596999017,-0.006289302046118661,0.04201683422194891,-0.0042773083491902675,0.0,-0.030508525807840914,0.0,-0.00016595119639895017,0.013677834898393026,0.06215918103400764,-0.021739153613471895,0.012194897220455081,-0.006746778177286861,0.0,0.02281669205896475,0.020080302058145927,0.18749996740371033,0.0,0.1882355878202009,0.0011127851507526376
2021-05-20,0.01855285139409557,-0.011888903776149817,0.040404093843131594,0.03200000000000003,0.037681122963931335,-0.019354758386365023,0.003021462998219704,0.01745810093071154,0.009063435621868399,0.014084507042253502,0.006825931901308424,-0.03481483459472656,0.058673473111493735,0.0008340474622796634,0.016806679588196483,0.04379562043795615,0.17403320127139166,-0.02121642032890969,-0.0334190516542725,0.04736295133723378,0.016774193548387162,0.05610561056105601,-0.02507375678956658,-0.04166666666666663,-0.01128201606946111,-0.00544958597022982,-0.015564237621426003,-0.06774195292529739,-0.0029941129110965248,-0.034965034498667724,0.01948058421901422,0.003164553858114205,0.024193525128260562,-0.04467352906639033,0.036496315432303694,0.010489584233828841,0.009565032549816666,-0.0001658270927652472,0.1034482832575685,-0.0041067723606769135,-0.13015874226888025,-0.007229044138045815,0.0007546491745404893,0.0,0.16000002347506004,0.01181101253556105,-0.052631592156154094,-0.09722229120907688,-0.15792097983649378,-0.0033345740404265856
2021-05-21,0.02732241616927289,-0.010457685492073376,0.019417314375572037,0.04263565891472876,0.02513970796254128,0.039473756704141216,0.009036114041632404,-0.00411801422094038,-0.002994009197675007,0.011111153496636383,0.006779654441774419,0.012663082519910551,-0.026506055659419214,0.014166673024495369,0.09090907180216701,0.027972027972027913,-0.12941173446684373,0.07080921469882218,-0.013297859692314451,-0.03449857623209196,-0.019035532994923887,-0.0625,-0.0015128939001275432,0.0,0.01037338425663803,0.030136956773079815,-0.000988162375069379,0.0027682030432434335,0.0,0.02173914395568488,0.014331148729869403,0.0,0.03149609600521841,-0.02428055289398301,0.003521123508970936,0.013840816747774376,0.0,0.000165854595950643,-0.009510892716241282,0.005154658940003776,0.04014599988263545,0.014563018198314959,0.006033404107847584,0.0,-0.009946949400824412,-0.02723732881754304,0.0,-0.07692300638503313,0.05702535773010897,-0.001115196272204022
2021-05-24,0.0035461495130097997,0.01893934559158028,0.028571560662023376,-0.0037174721189591198,0.019073550895804203,-0.0031644281253481177,-0.008955193888391833,-0.010337737411334924,0.006006000415836432,-0.07967036825031792,-0.030303001111897543,-0.014020422146349132,-0.02475245187544539,0.0008217114888369181,-0.007575738601520388,0.013605442176870763,-0.14324329471062647,-0.05398105624387706,-0.0404312921361456,0.0369387313413978,-0.010349288486416586,0.0033333333333334103,-0.012121200736670112,-0.05797101449275366,0.009240262289817114,-0.042553214424603025,-0.023738880019955833,-0.04485850536399816,-0.021021021820565755,0.007092157807799149,-0.014826920011999256,0.0,0.4732824080154747,0.06267271819164622,-0.07017537402020413,-0.05460753658199391,-0.0094744095144208,0.011618208557860887,-0.0754458427452529,-0.01538457625951517,-0.06315786796703671,-0.03588478013747687,0.0007496525566661472,0.0,-0.0006698332315570044,0.039999961853027344,-0.08888887269997259,0.07083326296674164,-0.0016683438799331984,-0.017119500463492088
2021-05-25,0.014134201942534341,-0.0334571888847186,-0.055555746122392,-0.04850746268656714,0.034759325051028966,-0.028571571682262875,0.0030119204697838242,-0.025069614574109722,-0.0268656467854983,-0.023880574240613295,-0.03472227051302046,-0.09300538177246198,-0.02030460938141998,-0.018883455677165095,-0.041984675399832194,-0.04026845637583898,-0.00315456407709902,-0.0156918872928411,-0.002808986130333757,0.00675206068696621,0.009150326797385588,-0.0033222591362126463,-0.0076687409326891,0.0,-0.02848420499942661,-0.03888885283175714,-0.005065861851851761,0.034682054773916615,0.003067588387621445,-0.02112677427918841,-0.04347841148371434,0.0031545710481331035,-0.07772017482382143,0.03035572282491672,0.018867905855434186,0.0,0.010869453382028382,-0.005742163157783531,-0.013353068072256224,0.0010415911260608368,0.022471852321214625,0.0029823622280065187,0.0,0.0,-0.014745288158453329,-0.011538450957754964,0.09756095610793869,0.058365797378898465,0.0,-0.017417610266201144
2021-05-26,-0.0017420054313436184,0.02564100056083385,0.009804155474061327,0.03529411764705892,0.054263577353216075,0.0,-0.0030028760459527293,0.014285700661795575,0.033742299207857984,0.1009174055066262,-0.010791356726084111,0.022881313536024628,0.0440415335058717,-0.004184116446269481,-0.015936315126201084,0.08391608391608396,0.03481010169467513,0.013768085344727954,0.016901392559285133,0.024514465973560773,0.03626943005181338,0.026666666666666616,0.004636817740524268,0.04615384615384621,-0.005235621961910741,0.014450853111279693,-0.052953060346844105,0.01256983165062886,0.03363910282590887,0.0071942722456204145,-0.03146841560309732,0.009433953069178047,0.0168538713818418,-0.03367012063528074,-0.01111110031850071,0.05054155446504627,-0.004301112917293071,0.006600501829921113,0.0,0.0,0.018315018826859042,0.0044484028528311015,0.0,0.0,-0.1374149452261373,0.01945523486967371,0.05555557027275215,0.0,-0.02228441986998675,-0.04508670681678295
2021-05-27,-0.0034904503670278864,0.05750000476837158,-0.029126405649972154,0.030303030303030276,-0.061274510949724026,0.029411916358821788,0.0,0.01408449379940424,0.011869496032629767,-0.03333335452609587,0.014545440673828125,0.007456516558694171,-0.012406994573640806,-0.004201616694398003,0.032388685226722336,-0.032258064516129004,-0.02752284843312447,0.0035739951074256204,0.02493079091502337,0.0,-0.018750000000000044,-0.03246753246753242,-0.012307680570162294,0.0,0.017894744873046875,0.04273507002136334,-0.06989254534770695,0.011724144620216093,0.017751466355532264,-0.00714288439069477,0.003610063418693965,-0.01557630894769324,0.23756906125864807,-0.061236797479657934,-0.018726662661472826,0.013745690952998268,-0.006479334159354311,0.0,0.04511273828502538,0.018730521499104702,-0.003597067513145258,-0.007389027672299431,0.0,0.0,0.10410091979930125,0.019084043098801073,0.052631592156154205,0.0,0.0,-0.02138824342047485
2021-05-28,0.04903674597131302,0.013002323425679307,0.010000174372627457,-0.02941176470588236,-0.01566578171664368,-0.012698510551974684,-0.022891300834918638,-0.04236108839143882,-0.02052790906142299,0.07471271108677113,0.014336904085998858,0.02302629411880952,-0.002512560405862674,0.0,0.02745096044602735,-0.033333333333333326,0.02201259265951494,0.023504268134093342,0.02702700090373522,-0.007223777225501049,0.016560509554140124,-0.01342281879194629,-0.024922094316309096,0.02941176470588225,0.010341301001111525,-0.002732237767417156,0.10982671162299429,0.016359939014088276,0.01453494490793239,0.0071942722456204145,-0.13669063072929732,0.04113920015548511,-0.04910713303707459,-0.03034258304194981,-0.03435111377881084,0.010169481662661628,0.0,0.0,0.04172661436140257,-0.044943777538076546,-0.010830365925857954,0.0004961080913916671,0.03970030674352465,0.001669512016481134,0.061428615025111544,-0.018726662661472826,-0.050000011920928955,0.0,-0.014814483078135265,-0.010309278350515427
2021-06-01,0.005008417910339791,0.015169208759649111,0.039603822018655865,0.037878787878787845,0.02917775439547099,0.019292598980328535,0.008014725180873095,-0.01450324944295811,0.06586827373166138,0.01604273929523581,-0.007067131259962167,0.061495206521476664,0.01259444633651241,0.00843877000643678,-0.003816735727572018,0.020689655172413834,0.05538460193987449,-0.011830207212790933,-0.013157882353605488,0.0,0.0025062656641603454,-0.017006802721088454,0.014376944482445753,0.0,-0.030706261686658354,0.0,-0.010416777209374173,-0.004694849633401388,0.0,-0.00714288439069477,0.03749996628341257,-0.006079021628696002,0.056338050240429594,0.0535885393432618,0.01976282722596956,0.006711402952518153,0.010869453382028382,0.0,0.0732044511828065,0.06737958663778931,0.0364963508730749,0.0,0.005763717128159929,0.0,0.013458949649078678,0.019084043098801073,0.10526312157057616,0.0,-0.0023135067877932958,-0.013749996821085575
2021-06-02,0.004983458666698137,0.04367817503124938,0.0,0.04744525547445266,-0.05412371957551665,0.0031546753447933007,0.0,-0.01398090742636493,-0.005617972260667625,-0.052631578947368474,-0.021352293238907083,0.013252570370765104,-0.019900478628265272,-0.002510437945608346,0.11494252425572493,-0.027027027027026973,0.014577211888972874,-0.022535190079046807,0.0,0.0,-0.01375000000000004,0.0657439446366781,-0.007873970810807207,0.04285714285714293,-0.0105597020749717,-0.035616468779251176,0.03684214626281879,-0.0033693008437857275,0.02005730513442905,0.0071942722456204145,0.012048147665542075,0.009174303230812475,-0.08888887476038054,0.010899367895129908,-0.0426356195149864,0.039999961853027344,0.0,0.0,-0.007722000376682914,-0.04408813632918318,-0.010563353559512212,0.001984162216593699,-0.0028654341554132934,-0.027777822838888966,0.21115528887237156,0.033707832059029164,-0.028571402621105912,-0.08455882965229367,0.0,0.0004224853759866587
2021-06-03,0.009917238372754156,-0.013215846538256693,-0.03809511006005617,0.006968641114982521,-0.019073615859993343,0.03459107998942024,-0.014067395001141625,-0.03731343389805564,0.0028248560935075773,-0.04166666666666663,-0.010909080505371094,0.020926736216466013,-0.002538068608636368,0.0008389453706232342,-0.030927886406097338,-0.02083333333333337,-0.0632183443504416,-0.008645524824904882,-0.007999992370605447,0.0,-0.005069708491761693,-0.07467532467532467,0.023809462537933257,-0.0273972602739726,0.01600859915012043,0.03125003809956017,-0.05786802387069523,-0.015551011146264448,0.03370783905125729,-0.014285700661795464,-0.013888820385340672,0.054545475563070545,-0.004878082820022667,-0.03863431281908769,0.008097158176053387,0.038461579608730645,0.0,0.0,-0.014267202719864258,0.002096484050696734,0.03914592051732191,-0.0019802331128710993,-0.04094813973590061,0.02742860384608803,-0.047697353285985344,0.0,-0.01960782480441492,0.09236948521790445,0.0,-0.00548990990033138
2021-06-04,0.026186610851558267,-0.029575931048495763,0.009900781593721097,-0.03114186851211076,0.06388889587955737,0.06382976996625356,0.0012406420763042547,0.02713181331935588,0.04507044731825771,0.040579754373301524,-0.007352934086817808,0.05417275105302122,0.048346009052019134,-0.005029372848437297,0.028368812874305815,-0.007092198581560294,0.006134865509704435,-0.018168604348948847,0.032258033504347416,-0.022282673924633345,-0.015286624203821653,0.11578947368421044,0.11317830087760217,0.014084507042253502,-0.012605129565465112,0.01652890933552542,0.05064654413522285,0.06318679337519884,-0.029891348866732947,0.007246335247339308,0.012072493313320942,0.0028735604621976663,-0.03921564960882995,0.028037252920950273,-0.04417666452792113,0.0,0.0,0.0,0.0,0.3755229122738377,0.0,0.026785743764135006,0.0,0.0,-0.054116258270777706,-0.014492739851898917,0.10000002384185791,0.0,0.04057970829264801,0.006369491751101686
2021-06-07,0.0,-0.015261641298234263,0.019607935226008344,0.02857142857142847,0.023498734825248446,0.0,-0.02416363146742251,0.04830191270360418,0.008086245574475681,0.025069573062075357,0.02592590074316825,-0.016666651213610217,0.019417457749564715,-0.002527357477710601,-0.013793068370599904,0.0071428571428571175,0.04268304156709335,0.012583277084667888,0.015625047536257375,0.0013954432069045453,0.018111254851228997,-0.05974842767295596,-0.019498589113196463,0.06944444444444442,0.022340430496720298,0.013550122368818363,0.00717943581993663,-0.03746773249791957,0.019607843137254832,0.057553972135968356,0.05367798439709137,0.002865326772472976,0.005101995303965046,-0.03000006924976073,0.09243688219037338,0.0339505848061874,-0.0107525787287992,0.00819690056054978,-0.0026315764707210976,0.06463881415418071,0.05821913736894335,0.0,0.032209491518356836,0.0,-0.08703592687854678,0.03676467043408915,-0.04545460949259217,0.0,0.0,0.011392343532631743
2021-06-08,-0.006379592798874012,0.03944032571259659,-0.01923085781169609,0.38541666666666674,-0.015306168375089801,-0.002857026541044916,0.002539574934324884,-0.015838751734413625,0.018716559642861785,-0.013586956803424588,0.010830314655719375,-0.065324872930978,0.026190509169011333,0.0050675223960423565,-0.017482516860694575,0.06382978723404253,-0.005847934070400518,-0.025584822636100735,0.010256400224333495,0.032280461275435934,0.008894536213468918,-0.04682274247491636,0.03267045743178487,0.0,0.017689914918553207,0.04812835997278464,-0.01731156989252358,0.0067114666699767955,0.024725216731608768,0.0,-0.0018868665683398067,0.005714280264718097,0.0355330022959186,0.044986103793202004,0.1192308432957152,-0.005970143730110733,0.010869453382028382,0.0,0.03166230215975774,0.010714258466448134,-0.06148866155295585,-0.009661659421464908,-0.030478880790695384,0.0,0.11333333333333329,0.028368852488815266,0.06666671964857551,0.0,-0.023955490361022735,0.0058406884024844175
2021-06-09,-0.0321026838539864,-0.011235891245119367,0.019607935226008344,0.14035087719298245,-0.04404140997292594,0.025787816945226583,0.000633563499031542,0.012435996733368926,-0.03149603342816265,0.11019283978155547,0.02142855135761934,0.0714016375528781,-0.02552207307999743,0.008403393670198822,-0.03202852289316038,-0.00666666666666671,0.04999991566143813,0.008252037307338922,0.020304548869091166,0.0,0.0,0.0,-0.02200823216394543,0.0,-0.0030674574427700385,0.007653053777012531,-0.004145062342259531,-0.03599999691747857,0.01340488309026111,0.020408176505266162,-0.001890335665031273,-0.014204531985004043,-0.00980391240220746,-0.009865428652090724,0.09621991860176937,-0.006006000415836432,0.0,0.0,0.0306905681185341,-0.06784452749311698,0.02758618058829465,0.01950692144001054,0.00449108784811747,0.0,-0.0035928509192552083,0.0034482724601392345,-0.017857125751218117,-0.11397056599956501,-0.01541089803229534,-0.006636244021636983
2021-06-10,0.028192253841129222,0.00227267086998606,0.10576953371600073,-0.09890109890109888,0.013550122368818363,0.0446926821264122,-0.006329215339015537,0.01300580225370318,-0.0027100244737636725,-0.09181143506168787,0.006993083943600098,0.022566973761447562,0.030952409605862208,0.0033333301544189453,-0.01470584522894025,0.06040268456375841,-0.0056022228969307974,0.037946446786071286,0.007462738793704071,0.0,0.007556675062972307,-0.01754385964912286,0.007032308433022605,0.025974025974025983,0.06564106085361576,0.17215191355654658,0.0031218115567934746,0.026970996372814637,-0.023809546147824823,-0.033333333333333326,0.05871217452705313,-0.01152736643320651,0.07425747365533697,-0.019021913159217196,0.012539172769758578,-0.027190306865605196,0.0017204248104738529,0.007535994867946538,0.012406876251771504,0.009097865280592421,0.0402684830087876,-0.019133682204391378,0.005961187097961451,0.0,-0.008413425167282718,-0.010309268214748757,0.3545454338562395,0.07053934930328842,0.0,0.010020866950849694
2021-06-11,-0.014516084791450057,0.037687112637374565,0.0,-0.21219512195121948,-0.01604276540816718,-0.01336889510575201,0.006369529462592505,-0.01212553999595678,0.008152165990639837,0.0355192105452411,0.0,-0.0027586180588294873,-0.013856799962293498,-0.005813928159966952,0.014925334893879816,0.03164556962025311,0.011267569228184504,-0.010752660973561312,0.0,0.0,-0.007499999999999951,0.02857142857142847,0.01117317394007622,0.0,-0.006737309546242853,-0.12095030862589129,-0.029045732510074362,0.026935994611296143,-0.0027099585128705916,0.0,0.14490146533225445,-0.00583089811581905,-0.009216653994957635,0.050784943687476325,0.05263160225698993,-0.00931676121838998,0.0,0.0,-0.03186271530717433,-0.057851272238039986,-0.051612915531281556,0.0,0.03185170698502415,0.0,0.03454543604995264,0.006944437545759019,-0.02684561181007228,0.007751930820906638,-0.005797338541054242,-0.0053741655744158345
2021-06-14,0.006546652712889456,0.08168344919087622,-0.0173916018571304,-0.024767801857585092,-0.02445656275957575,-0.005420096629467408,0.005063261125100693,-0.0028880838087589344,0.06469002885957265,0.03166218733323278,-0.048611145604538386,0.004495130028480343,-0.02810301782086755,0.006683368581570814,0.04411762918430462,-0.024539877300613466,0.033426229190193224,-0.015942048115080043,-0.0074074588630836935,-0.0033744806102078417,0.05415617128463479,-0.02777777777777779,0.027624349782459534,-0.025316455696202556,-0.029069694373247468,0.007370941451077417,-0.029914522015976774,0.05245895509094822,0.05978253711623327,-0.020689668326542288,-0.03437497901142372,0.008797645347408345,0.041860463397017655,-0.06107205959425199,0.03529408299799286,0.015673965962198277,-0.012451581529480116,0.0,-0.006329137991299971,-0.06937798151560148,0.017006802941754495,0.0,-0.04522615940410091,0.0,-0.004100743765416914,0.037930997061532246,0.03448272460139301,0.26538464712673515,0.004664850647647656,0.0012469113595772185
2021-06-15,-0.022764212927082417,-0.04141412759700458,0.026548682570719073,-0.053968253968254,-0.016713076382739778,-0.0027247509454877417,0.00755681480454129,0.002896448996207779,-0.017721501872853374,-0.08695646659505574,-0.029197052345843022,0.01342517408742383,0.0192770896066623,-0.0033194988564217986,0.07746486314459666,-0.012578616352201255,-0.11320754855869553,0.03019144695990672,-0.022388038456798376,0.0,-0.02628434886499398,0.0,-0.013440847293478053,-0.038961038961038974,-0.01796410149226224,-0.009756088483765968,-0.023127694085280148,-0.0031152313295582656,-0.035897436674650174,0.0985915909161581,-0.045307384244342,-0.002906973923522793,-0.035714252769540544,0.015442193715081043,-0.1789772384761531,-0.03703707519273092,-0.00869552155020914,0.0040648776113081375,-0.015286609811073437,-0.06598118703767841,-0.010033419427692092,0.012194897220455081,0.004511444258552322,0.0,-0.06941178265739889,-0.00664451195677096,0.34666665395100904,-0.02431608651478412,0.03946613061777304,0.024491496423859838
2021-06-16,0.0,-0.020021031081744023,0.11206893323909539,-0.06711409395973156,-0.025495726600212487,0.002732195497753498,-0.0012502211141666164,-0.0050541983083401965,0.025773170536872003,0.03921562132387946,-0.033834642738285736,0.03940216801525409,-0.0189125114291554,0.0008326585088471727,-0.06535947495140204,-0.01273885350318471,-0.03039512138757494,-0.013581099606273628,-0.027989855380631035,0.015575598465636054,0.041717791411042926,0.17500000000000004,0.0,-0.013513513513513487,0.0477642540386749,-0.0517241480558257,0.011273968886065022,-0.08562498032032817,-0.0132978501819353,-0.03846156197421824,-0.038983091611884735,-0.03790090726261208,0.15277774200681482,-0.0875575859149863,0.0899653913583085,-0.035256377926473514,0.008771796899180062,0.012145851253010376,-0.01034927859102952,0.010091799468007201,0.01351350045186761,0.0,-0.0007483410416343483,0.0,-0.01453857835730743,-0.030100305646238334,0.1930693606864755,0.04361366505354103,-0.03126737405451141,0.024311198300264847
2021-06-17,-0.0033278338185602774,0.005376364484882101,-0.06976727144099515,-0.021582733812949617,0.0,-0.005449568032128704,0.0006258472725688691,0.015965186595934266,-0.04522614720969398,-0.021563322640527405,-0.02723732881754304,0.026797375313785343,-0.004819272401665575,-0.001663931530947127,-0.003496538940410465,-0.006451612903225823,0.02194358789133788,-0.005072510690654397,-0.013088992981693415,0.0,-0.010600706713780883,-0.13373860182370823,0.03678473778114544,0.013698630136986356,-0.02618821016243078,0.005194800369332064,0.012263026116949849,0.03896101330779311,-0.013477145848232897,0.0,0.04409171108055743,0.015151500920837613,-0.08032127462980487,-0.0707070378670468,-0.03809527629987697,-0.01993353587031299,-0.00434776077510457,0.0,0.01699347880003832,0.08900994748987912,-0.009999974568684844,0.0,0.0037451707084097396,0.0,0.007697320423424969,0.058620631822367875,0.012448120465286205,-0.0179104311903322,-0.011527657846037043,0.01859174448530676
2021-06-18,-0.0033389452735599345,0.005347511766912616,-0.016666954094019415,-0.003676470588235281,-0.026162834619430586,-0.013698604628768152,0.0,-0.014285700661795464,-0.005263152941442195,-0.008264441966000402,0.007999992370605558,-0.08497772341854426,-0.043583550065244725,0.005833307902018303,-0.021052667272021153,-0.00649350649350644,0.009202423922364922,-0.0007282793547632727,-0.007957552133036838,0.04023116705858376,-0.03214285714285714,0.03508771929824572,-0.03679371943440979,-0.027027027027026973,-0.03187247968526463,0.025839831009891956,-0.04845807610609654,-0.04736841771714695,-0.013661179903020626,0.0066666920979818745,-0.04391898571174879,-0.014925359325276832,-0.10480346465581591,-0.1576088667760852,-0.07590759777069966,0.013559308883548837,0.013100342368538076,0.0,0.00771207469941948,-0.047539591801932235,-0.01683501640255558,0.01204806011762738,0.025373214082062612,0.0,-0.09929984403206538,-0.026058607637020947,0.01229506995337748,-0.042553151400872236,0.04723039959274544,-0.005825227904088237
2021-06-21,-0.011725200159763527,0.007446877802052443,0.025423958175681216,0.029520295202952074,0.12238808880672414,-0.024999993257277198,-0.005628278803938791,0.0036232021770863376,-0.05026456578268246,-0.09166664547390413,0.003968250213867153,-0.0052173780358355515,-0.010126572498773356,-0.011598955525116583,-0.025089588419216713,-0.0326797385620915,0.05775073893719207,-0.005102087983682946,-0.010695176938778084,-0.01709411077529699,-0.059040590405904037,0.01016949152542379,-0.025920881200281798,-0.02777777777777779,0.010288006692203311,-0.020151114138419857,0.03587957735809422,0.05179555410677983,-0.04432127271930941,-0.01324508330376517,0.0017668541276631977,-0.027272701657507614,-0.0731707770933635,0.1600003322478749,-0.13928566897401928,0.010033435215412778,-0.008620662396133127,0.0,-0.02678571863007606,-0.06917687885947899,-0.0068493410175966,0.0,0.0,0.0,-0.05653710247349819,-0.043478299005443644,-0.3238866648822275,0.0,-0.02561235767579273,-0.025000050291418274
2021-06-22,-0.008474608100472514,0.003167870340578638,0.008264289178647077,0.06451612903225801,-0.08776593737847227,-0.0256410877042198,0.005660135625306095,0.0137183808772674,-0.011142050921826518,-0.03058103904185072,-0.011857696335581758,0.028671317618425896,-0.005115084523652835,-0.002514726393803346,0.06985299858117577,-0.013513513513513487,0.02586206422989945,-0.0036629478723699815,0.04054050135560283,0.01847820652050758,-0.09411764705882353,0.016778523489932917,0.007002827964963876,0.0,0.0010183532782701565,0.00771207469941948,0.0033519159527530817,-0.019697942491518128,-0.01739129168467013,-0.0067113711648050245,0.04585535760264636,-0.018691570737231822,0.10000003346225794,0.0011122066032216438,0.10373443613958577,-0.06291392662928708,0.0,0.0,0.07470507028504603,-0.008466618214389765,-0.0034482890161974256,0.0,-0.017467334949318514,0.0,0.006741527314489737,0.031468585975201524,0.14970060264937302,-0.06349207670750456,0.027999949607410146,-0.001201874214632359
2021-06-23,-0.0051281012247874624,-0.03421050623843547,-0.049180245474536366,0.01683501683501687,0.008746347173728575,-0.011695785648972556,-0.011882379525391173,-0.017806267854647784,0.01408449379940424,0.050473136770130766,0.0,0.020394302512364515,0.02313622409825844,0.0,0.013745669029710639,0.06849315068493156,0.022408968085291026,-0.014705938038939936,0.007792262480903256,-0.03393814566620823,0.01298701298701288,0.0033003300330032292,0.031988875833528274,0.17142857142857149,0.016276688571100983,0.056122394364757966,-0.008908653074329753,0.01272604684173162,0.04129793356025946,0.01351350045186761,0.0758853484238382,0.019047600305720724,0.01913873778694164,-0.0022222399711608887,-0.05263161668675442,0.04947000306658533,0.0,0.007999897272587209,-0.03902435393506387,0.006641337293886718,-0.013840817432876351,0.0,0.0,0.0,0.04687502483526984,0.013559308883548837,0.11979174136649995,0.010169481662661628,0.0283488356118764,0.012434795914463947
2021-06-24,0.01890016533328054,-0.029972813786128483,0.08620674465456624,-0.0331125827814569,0.02023119435579157,-0.011834483131073159,-0.0056963308538179325,-0.007251659299953306,0.01388894223872672,0.01201205810941075,-0.007999992370605447,-0.021652218808083767,-0.0075376812175881325,0.008403393670198822,-0.016949152542372836,-0.0064102564102563875,0.030136964162580382,0.005970143730110733,0.033505183146019135,0.0,0.06837606837606836,0.03289473684210531,0.0,-0.03658536585365857,-0.0010010239350302097,-0.01690813939171476,0.011235967189697327,0.02116398442149303,0.0028327893271589133,0.0066666920979818745,-0.014106570221753767,0.07165109543308845,0.08920190666214656,0.044543487718857744,0.019841251069335764,0.01683500061772092,0.0,0.007936478805048663,0.019035484308608464,0.019792652680701295,0.03157893398351841,0.0,0.0,0.0,0.051883462758305354,-0.020066870430825556,0.13953485535311794,0.10067112429400504,0.0,-0.05348654491726723
2021-06-25,0.0,-0.0022471353872549615,-0.023809333108528286,0.010273972602739656,0.039660086696560626,0.017964286838169086,-0.003182551291101343,-0.03214021869027561,0.013698616715036138,0.0,0.11693546758978246,-0.04494387349180973,0.010126572498773356,0.0,-0.02413791349564476,0.02580645161290329,0.030898960461753555,0.036350203370347334,-0.05735666941749762,0.013256722686617817,-0.046666666666666634,-0.0286624203821656,0.044474382791499734,-0.03797468354430378,-0.09819635142154814,-0.0343980587222007,0.006666695143582313,0.007124400658928831,0.02259888279144695,0.06622516388987454,-0.003179693042170584,-0.01744184354113687,-0.06034483821723746,-0.040511763173191495,0.01167314092180427,0.009933765423590035,0.04487452537519343,-0.00015751972834632255,0.062266502693268944,0.007393708499300766,-0.010204055814730828,0.0,0.09407414744457565,-0.02669635996448949,-0.020270270270270285,0.02047779570392505,0.01632651472429325,0.0,0.07837875006524642,-0.048974470748664345
2021-06-28,-0.006745284306025168,0.012387348565273237,-0.04065059226657808,0.06779661016949157,0.008174378955344563,0.06764693787449483,0.0,0.091320757595998,0.005405400180747089,0.0089020543106475,-0.046931363508116775,-0.0046345513120314985,-0.020050106144070656,-0.004166682561238644,0.053003532616290094,-0.012578616352201255,-0.029972831137508926,-0.033643540303866404,0.037037065069791986,-0.03968589300430525,0.03076923076923066,-0.013114754098360604,-0.025806427001953125,0.026315789473684292,0.05111111534966373,0.030534382172842545,0.013244983233332341,-0.02700966490650314,-0.011049689026203291,-0.04968945166334415,0.07017539512408355,0.017751461759777376,0.004587188070846571,-0.03333324193954468,-0.03461535287326489,-0.03278685449048113,-0.03578922471122026,-0.007717683032516853,-0.032825292114477156,-0.022018328396099962,0.06185564307438107,-0.019047617415948404,-0.06567383778585445,0.0,0.04275859964304951,-0.010033435215412778,-0.0361445437046628,-0.02134144324798215,0.0,-0.004841492355955879
2021-06-29,0.0033955460766739165,-0.017241350046431902,-0.02542330862215192,-0.053968253968254,-0.062162166516044115,-0.013774145578884678,-0.0038316285131398953,0.020055322343566884,-0.024193525128260562,-0.04705877865062036,-0.07196971578429368,-0.044054424744815246,0.01023016904730567,-0.003347277195938858,0.02348991541698342,-0.04458598726114649,-0.02247190521582021,0.0,-0.022959222152102332,0.0,0.031207598371777445,-0.0033222591362126463,-0.005298008058610915,-0.02564102564102566,0.027484167847082297,-0.014814858857385205,0.0010892420491821486,-0.023793722163810926,-0.0223463802446755,0.052287593513842934,-0.08643808794335572,-0.01744184354113687,-0.027397306008024702,-0.02229908206183795,0.13545813364985704,0.04406775387153372,0.00043648103150872863,0.0,0.030303030303030276,0.004690449479415548,-0.009708713293337445,-0.004368748272581269,0.0,-0.05428572977938029,0.08399469050643948,0.006756750225933805,0.020833312637276835,0.04361366505354103,0.0,0.03847850103491157
2021-06-30,0.0355330608754143,-0.02093949279206797,-0.026087291702676096,0.020134228187919545,0.03458209929961975,-0.04748600018578275,0.0,0.14101694398007147,0.03856745511622606,-0.0030864902502700797,0.0326530294485865,-0.0003746807299264132,-0.017721501872853374,-0.005877388389675664,0.019672164500085465,0.006666666666666599,-0.008620632007300566,0.0133333559389468,-0.03394252705272793,0.04427768306257307,-0.013157894736842146,0.040000000000000036,-0.06790948246852047,-0.03947368421052633,-0.022633771706269457,0.005012586290047416,-0.002176218364358884,0.04739330836437161,-0.0028570704810476633,-0.031055899885286564,0.011419192258834476,0.005917153919925866,0.018779399828413146,0.02280767221622715,-0.08771930118089977,0.0,0.0039284528333012325,0.0,-0.024705886840820312,-0.01027074288379537,-0.009803958845400862,0.0,0.0,0.02719038696176912,-0.05979248418494887,-0.03355701476259032,0.0,-0.0029850718650553665,-0.022556760729145364,-0.032367983121751376
2021-07-01,-0.026143821670028045,0.005780369125999885,0.008928613182128231,-0.03618421052631582,0.011142117333688528,0.12316712327752999,0.0,0.019607838692930146,0.005305034755357818,0.021671850757701616,-0.01976282722596967,0.0014992131829529853,-0.007732012609147132,0.006756750225933805,0.012861703204623653,0.0066225165562914245,-0.017391336933825552,0.0,0.005405400180747089,-0.030006400818613943,-0.033333333333333326,0.10897435897435903,0.019999980926513672,-0.013698630136986356,-0.01999995582982117,0.04987526130912601,-0.009814602810068518,-0.014221044385967718,-0.011461365608654517,0.0,-0.030645116561285102,0.044117603747491074,0.05529948448850974,-0.01528735673999293,-0.03461535287326489,-0.03896100276999048,0.021739234325943713,0.0,0.004825085891084324,0.019811323640523737,0.03300330116104022,0.0,0.007246551519141109,0.0,-0.03958472330895291,0.024305531410156345,-0.05306127016765694,-0.04191612876745088,-0.025640840106118445,-0.05457745636415179
2021-07-02,0.0939597588181873,0.011494296972653917,-0.05309719556775083,0.0,-0.02754824790592303,-0.028720598831549093,0.0,-0.009324000514850717,-0.005277039875413392,-0.02727277351148205,0.0,-0.01908683540373224,-0.015584401107996193,0.0050335122112714625,0.06349206349206349,-0.046052631578947345,-0.005899741689417981,0.02192976830176252,-0.008064508376086854,-0.010311545988185733,0.009655172413793212,0.1502890173410405,-0.016806706975212804,-0.05555555555555558,0.0343716090656625,-0.07363419001677429,0.005506613991270504,0.013114738772737056,0.005797040119872809,-0.03846156197421824,-0.028286183375179297,0.0,-0.004366773430994009,0.01097216557972569,0.011952179881974168,-0.027027000903735332,-0.021276695261962297,0.0,-0.013205241018574565,-0.011100909766445066,0.022364242172588256,-0.000975239066889455,0.0,0.0,-0.0925675469475824,0.010169481662661628,0.02586214781232954,-0.006249993946403354,0.0,-0.02560517917977967
2021-07-06,0.06288337181772641,-0.0022727792420651483,-0.009345776540065964,-0.017064846416382284,-0.02832858511134717,-0.0241935420723719,0.0,0.0035293803495519693,-0.013262586888394656,-0.015576265308998805,-0.04435489220500077,-0.04311328501480327,-0.023746679439360263,-0.026711160855727667,0.04179101441036992,-0.01379310344827589,0.04451039554676606,-0.032904084373029385,-0.005420048947527345,0.04756515318752608,0.001366120218579292,0.01005025125628145,-0.02991453542985001,0.0,0.0020767916772259642,-0.020512861581634567,-0.01971520401129656,-0.029126211170922955,-0.014409112925225509,-0.04000002543131509,-0.0034246150168011358,0.05352114359790017,0.10087719909763448,0.016049031812592984,0.37401577242176587,-0.0034723015571050952,0.0,0.01587281366641613,0.03406322674882345,0.025257293579237894,-0.07499998807907104,0.0,0.05395671536543012,0.0,0.013402851905104596,-0.0805369154364508,-0.075630276513447,0.0,0.026315594045332347,0.01242237100290633
2021-07-07,-0.025973946781830737,0.010250587166866998,-0.009434124845183911,0.02083333333333326,-0.011661796231637989,-0.005509684979545182,0.0,0.010551014701678296,-0.002688169458695655,-0.0537974918486499,-0.050632865550022665,0.062200935832852355,-0.035135165612308894,0.0,0.07163323991028947,-0.0699300699300699,-0.014204523959919002,0.00961532221635042,-0.03542237377068269,0.0,-0.04229195088676674,0.02487562189054726,-0.01908959112088593,-0.05882352941176472,0.03626947101610689,-0.05497383293635394,0.01675979453380183,0.043999974826075094,0.09356720749699754,0.00694447111936336,0.012027430557347563,0.005347588469388986,-0.03984066167011413,0.026136237076553215,-0.1690544162054679,-0.04181180848225219,0.0,0.0,0.017647013944738,-0.03740874507163128,0.01351350045186761,0.0,0.0027303892784360517,0.11058824741851914,-0.10653936061079994,-0.032846683889073414,0.08636366050105404,0.006289302046118772,0.007692285949935762,0.006606861072203429
2021-07-08,0.031111090073430825,-0.0033821570866120476,-0.009523792722812785,0.0748299319727892,0.050147443249171086,0.04155130446476596,0.0,0.002900298438109461,-0.02425880098719424,-0.016722408240103404,-0.039999961853027344,0.006756768367109034,0.04481795205115113,0.0,0.0026738240634374133,0.04511278195488733,0.10662819762312403,-0.012454218391564242,-0.0028248560935074662,-0.05232419761361651,0.02136752136752129,-0.009708737864077666,0.011976108173510136,0.0,-0.006999969482421875,-0.019390563788628468,-0.015384610510079999,-0.019157127952629804,-0.06951877066626311,0.020689668326542288,0.03735141968683764,-0.045212786363065915,-0.06224063735518548,0.006644631559487024,0.03448272460139301,-0.03272724151611328,0.008695734402661914,-0.021874810704884506,0.024277462128102778,0.014217973063356482,-0.0033333460489909372,-0.004392377017833238,0.0,-0.046610170802194095,-0.03782893529476539,0.045282974053041825,-0.016736484734677592,-0.015624984866008385,0.005089380841551305,-0.00046883398582298064
2021-07-09,-0.03448287351479262,0.0033936348929144433,0.02884628671754408,0.053797468354430444,0.01123594452133525,-0.013297782543017722,0.0,0.04164252603988561,0.027624349782459534,0.07482995889404132,-0.004629625030506013,0.06599554354600712,0.016085775461857743,-0.006003404437415538,0.2639999728732638,0.03597122302158273,0.04947924084138933,0.017062351908098572,0.031161511163156463,0.0038786479181538436,0.012552301255230214,-0.05392156862745101,0.025147868890665226,0.015625,-0.0020141447279963254,0.05932204531353924,0.0033481748992860716,0.0006510973988902435,0.05747133855435127,0.00675671800720723,-0.013093297180144514,0.008356538191369944,-0.02212390718667423,0.025852482161687007,0.0,0.026315763527856362,-0.0008621778513737688,0.0023961863248178616,0.0011286940484585006,0.04485986023055921,0.05016722472031021,0.0,0.0,0.05555556456777788,-0.039316226274539234,-0.04332125862287706,0.004255315263436366,0.0,0.0,0.0014071616826893951
2021-07-12,0.047619186386477,-0.004509578621094468,0.028037210231888432,0.22522522522522515,0.0027777752022684066,0.0,-0.028846059134904345,-0.04219879062872289,-0.021505355669564907,-0.0537974918486499,-0.037209376081893564,0.0612102130346297,-0.007915559813120088,0.003451247741709018,0.19409287409170228,-0.0625,0.2357318975239333,-0.037199141317491025,0.005494500096186128,0.0004543881029104302,0.012396694214876103,0.002590673575129543,0.01154406962841037,-0.01538461538461533,-0.014127082926746692,-0.007999992370605447,-0.012235745391897868,0.008458006630705173,0.0027173223436880445,0.006711435169794333,0.04809296128276519,0.11602212419105618,-0.10859732346920536,0.02520120452914565,-0.009999990463256836,0.05128200201738786,-0.01639339631226777,0.0,0.013528735863283403,-0.0214669694312416,0.03503185970806744,0.0,-0.04016312753191331,0.0,-0.1085409645197184,-0.003773581171086837,-0.012711852848854677,0.006349200101906982,-0.09974718228472068,0.010304417303216296
2021-07-13,0.004261423528474806,-0.02604751350210599,-0.045454524339584745,-0.019607843137254943,-0.04709136920095491,-0.04851756765536486,-0.06155750425455497,0.0052174001500227,-0.019230815836259407,-0.036789310886412574,0.009661826846140142,-0.03724459665234536,-0.01861700356924023,-0.013757510390170924,-0.2614841032266947,0.0,-0.1305220516537572,0.0053030795083346405,0.010928951069668846,-0.01567476716490701,-0.013605442176870763,0.03100775193798455,-0.0156918872928411,-0.046875,0.004094161717386857,-0.002688169458695655,-0.014639719472570478,-0.0025806174153889527,-0.14092136667253996,0.0066666920979818745,-0.02531655008751632,-0.06683167907820298,-0.010152274844104081,0.04079493940115597,0.6026936643193275,-0.0243902216146471,0.0,-0.002390458341230639,0.023359292935872134,-0.025594126481802038,-0.021538485013521624,0.0,-0.024113635784527077,-0.02631575509742412,-0.0718562591569869,0.026515125174716214,-0.07725314773930059,-0.02208207254783867,0.06861671850488205,0.08020396693150844
2021-07-14,0.01697307186024677,0.030232472520319353,-0.01904746378323563,-0.25749999999999995,-0.04069770423704466,-0.008498649606516917,0.009424853764691932,0.02883506318339779,0.0,-0.03819439247434386,-0.009569369257348859,-0.027730211959265616,0.016260146842582035,-0.011333924273272289,0.01435403030670468,-0.014814814814814836,-0.018475746440005714,-0.012810856852268349,-0.016216200542241155,0.0,-0.01379310344827589,0.1278195488721805,-0.04347828791136965,-0.032786885245901676,-0.040774776258390655,-0.03504046175316189,0.0,0.0,-0.015772936834415385,0.006622478494644701,-0.014610377190583446,0.03183027177315001,-0.0205128012846727,-0.05527636619599241,0.0252100587791928,0.0642857392223517,0.0021931057232664752,0.0,-0.058695649244384085,-0.0196998162432388,-0.0691823556092066,0.0053922529121728235,0.023982608251151394,0.0,-0.03548390378234212,-0.00738006665866664,-0.11627912005583652,0.01935489775611199,0.0,-0.041201678794293706
2021-07-15,-0.0598052651809966,0.014672699715393867,-0.00970896724965331,-0.06734006734006737,0.04242427482640054,-0.002857026541044916,-0.010270703949370241,0.003923749676317367,-0.022408942633617035,0.05776167617517802,-0.024154567115350467,0.0031690194998865717,0.08533337910970062,0.0026454790623917646,-0.0660376894498067,-0.015037593984962405,-0.04470588736329262,-0.0015267524565848456,-0.024725315932445535,0.0,-0.006993006993006978,-0.020000000000000018,-0.019696987321116577,-0.03389830508474578,-0.04357065399154769,-0.00558658697003811,-0.05142851807793991,-0.0038810036563194927,-0.041666560103301054,-0.006578909805936672,0.013179579254086082,-0.017994902255433542,-0.0628272482226998,-0.0056383457732666065,0.030737723739708622,0.28523486550071975,0.0,0.011980786760639628,-0.03348729410655693,-0.019138738078044115,0.01013510922953742,0.0,-0.05197051681409637,0.027026990767481385,0.035674522703530887,-0.03717477357769139,0.031578980390385425,0.02848098472302807,0.011578958849836729,0.008057309934929924
2021-07-16,-0.04585809777950167,-0.005561756619337999,0.0,0.08664259927797824,-0.011627895694091173,-0.017192040252497542,0.0,-0.03238413895295822,0.002865326772472976,-0.06484640505133632,-0.06930692426574747,-0.03229203522937896,-0.022113058671236474,-0.00791558078221255,0.037878786905750195,0.007633587786259444,-0.027093605941605592,-0.019877693455533918,-0.01408449379940424,0.05700437966462357,-0.008450704225352101,-0.009070294784580546,-0.032457429384799674,0.0,0.013333320617675781,0.06179776183885566,-0.0469880355142297,0.006493499182331108,-0.030100459404810875,-0.019867561798409983,-0.03577233595240903,-0.034031381752402834,-0.04469269576030488,-0.010377598345277517,0.4115307372726906,-0.19060053097001384,-0.001313024860681078,0.026045783302066194,-0.01075270654939553,-0.06536586110184828,-0.03344481648020681,-0.005363332467058335,-0.017367238114864958,0.0,0.07642624712060164,0.015444093280765792,-0.02551024007777314,0.0,-0.03694071256690601,0.12833034329056248
2021-07-19,-0.03100771106023248,0.040268526537909244,-0.009803717131594558,-0.09966777408637872,-0.026470632371604186,-0.017492706005840852,-0.002830309398119013,-0.062319672732871756,0.0,0.010948947028681433,0.037234070547677245,-0.005077961233155959,0.015075362435176265,0.0008865451346249387,0.3844281648280836,0.06818181818181812,-0.0860759637850238,0.007020292880679735,0.04571431023733963,-0.017467167657206906,0.015625,-0.10297482837528604,0.02715648454331654,-0.07017543859649122,0.04166667973786087,0.021164001140624666,0.01643492326268392,-0.02580642274433531,-0.0068964793336953045,-0.00675678244466027,0.0,-0.05149052961359002,0.01754379605126788,-0.10162173604163949,-0.42253521694311247,-0.038709641693780994,0.007887789590622418,-0.015384768850731367,-0.0060386705733529444,-0.018789176055248658,-0.07266437402038017,0.0,-0.008372202852385824,0.0,-0.15000000000000002,-0.01520920096237699,-0.02617798596338672,0.0,0.06699094820249818,-0.05312870482394816
2021-07-20,0.030400016358901105,-0.010752728969764092,0.0,0.0,0.05740183096828333,-0.011869456506714782,0.0018922285242548575,0.020923086313100914,0.02571426119123177,0.003610053117936607,0.056410201233834556,0.035727288783566236,0.06930698328024776,-0.0017714352663357191,-0.1493848884351875,-0.07092198581560283,0.02216066045492404,-0.0015491482823963842,-0.002732237767417156,-0.011111219382508586,-0.018181818181818188,-0.03826530612244894,0.032659415824779714,0.037735849056603765,0.04210522300318664,-0.012953355874389949,0.03233836792999778,-0.0066225089517201186,0.03819450252257184,-0.013605429378242606,0.04215851719842645,0.014285700661795575,0.011494333721897787,0.007220339654847807,0.012195168755581687,0.10067112429400504,0.008695734402661914,0.0,0.009720641777658301,0.011702193065488808,0.007462715247501972,0.0,0.002814360938582894,-0.02631575509742412,-0.49882354736328127,0.019305093587580258,0.07526880893449261,0.0,-0.0399999642786697,0.009143858087550694
2021-07-21,0.031055857876722825,-0.024999950761379397,0.029702850703906103,0.07380073800738018,0.03714288984026237,-0.009009152170784906,0.0,0.001205573091001666,0.033426219177341565,0.061151108258778564,0.04368939567369812,-0.02182326417510494,-0.011574117765748682,0.0,-0.0020661367635204098,0.007633587786259444,0.05962061975357935,0.009309533154608696,0.005479446686014411,0.000674249471002808,0.008547008547008517,0.07161803713527859,0.021084389478587928,0.05454545454545445,0.015151573533783491,0.010498677809387624,0.03975903126167002,-0.002666702115662889,0.07023410875377745,0.020689668326542288,0.11326862821175698,-0.01126759503952346,0.022727250149756628,0.07885290669738931,-0.0771084733271662,-0.02743899846169129,-0.010775862286215854,0.0,0.030084234341293925,0.09253418435978178,0.044444472701461235,0.0,-0.002806462540034693,0.0,-0.011737089622285812,0.011363625074878314,0.1499999761581421,-0.052307715782752395,-0.023206886960598583,-0.018533803550794925
2021-07-22,0.0481928309291193,0.0033444517366918447,-0.009615244657520172,-0.037800687285223344,-0.00826452034781,0.024242616827984564,-0.006610085399906707,-0.02167372649746957,-0.010781660765967538,-0.057627144506422145,0.018604632594767967,0.04498020722631857,0.018735345213911625,0.007098484512566561,-0.2380951954715198,0.022727272727272707,0.007672649154671474,0.0015372408714457997,0.0027247929851148545,0.007859890737978104,0.04943502824858759,-0.07920792079207917,-0.001474959966427325,-0.017241379310344862,-0.030845812311773857,0.015584463034901352,0.005793748822991551,0.022727285898140215,-0.02500010389927032,0.02702700090373522,0.04360463650181945,-0.017094000838336787,-0.044444489577178836,-0.003322137559853666,-0.07832897083350143,0.043887104694155354,0.0,-0.014062266978819848,0.0,-0.017324379136470447,0.0035460450856623638,0.0,0.0037524812514440065,0.027026990767481385,-0.019002357863559194,0.02247188803935285,-0.06521733046028577,0.05194808110195215,0.06641479551926976,0.007133868100638541
2021-07-23,-0.04310346231847462,0.0,0.00970859517541256,0.03571428571428581,-0.008333325606805109,-0.026627281827009908,-0.01330813873335468,0.04369225135216337,-0.021798408845108197,-0.05755390352630352,-0.09132422030050324,-0.007920159859980624,-0.02298848432756806,-0.00881060600077066,-0.09782611324716495,-0.059259259259259234,-0.043147247431331026,0.0007674772898522697,0.0,0.0,-0.020188425302826385,0.026881720430107503,0.03397341502532902,-0.03508771929824561,0.051334703465049314,-0.061381075260451,0.013824832746618165,-0.01764705771247066,-0.04807684383749744,-0.006578909805936672,0.03899723558092827,0.005797095840604838,-0.029069694373247468,-0.008666753768920898,-0.08781868138585092,0.24024030302214539,0.0,-0.00158482329238252,-0.01752343047330207,-0.02448579814553775,-0.01060068004057324,0.0025733327525065963,-0.007476615061855152,-0.02631575509742412,-0.06295395937411996,-0.04029308891790284,-0.06511632497404563,0.0,-0.07240484814360149,0.0
2021-07-26,0.007507535856252412,0.0011111365424261166,-0.01923085781169609,0.06206896551724128,-0.036414531779627723,0.030395226929429642,-0.030828261556192338,-0.016509362878045275,0.00557102546091337,0.12213735734379427,0.005025120811725348,0.019784786719556857,0.023529389325310124,0.0,0.024096401231396447,-0.03149606299212604,-0.02122015514881659,0.02760733571552021,0.005434777327093299,0.002673793341067432,0.098901098901099,-0.04450261780104714,-0.00714288439069477,-0.018181818181818188,-0.011718739086063357,-0.016348822874878488,-0.06022718560313245,0.02822581136181168,0.0,-0.006622541651882585,-0.02412866417909776,0.0028818416083016274,-0.023952167048707396,0.20824934769584935,0.015527935363983447,-0.2203389977275766,0.002178567760091177,0.002380900458410329,-0.032104578952214635,-0.031124540002951062,-0.014285700661795464,0.0023229140829634787,-0.006591282348366145,0.0,-0.12661502401238522,0.0381679951981404,0.06965179381513731,-0.04629632559441832,0.0,-0.04041663805643714
2021-07-27,-0.03129662813584533,0.0022197007304447514,0.009804155474061327,-0.08441558441558439,0.13081396517397703,-0.023598859346218526,0.0168985693937036,-0.004796158407816775,-0.019390563788628468,-0.11904762059228102,-0.0350000262260437,-0.05105514100909392,0.03218387805859524,0.008888922797309018,-0.008823544371361791,0.008130081300812941,-0.048780443368245385,-0.029850718650553665,-0.005405400180747089,0.0,-0.06125000000000003,-0.1863013698630137,-0.04028773246841244,-0.03703703703703709,-0.030632358641104585,-0.016620483247395845,-0.021765508652709764,-0.030065361595585594,0.003366917931723723,-0.013333320617675781,-0.0480769648022672,0.011494241848790887,-0.012269927283794058,0.04730988860322882,-0.02140670753856222,-0.043478293062189755,-0.013043601603992871,-0.006334059096727573,-0.0282555879864691,-0.036269372189749016,-0.0471014900884561,0.0,-0.006635113817411886,0.0,0.5207101386416766,-0.06250002739184013,-0.05116285052796965,0.03559874969898691,0.05294752878698872,-0.01128963183368914
2021-07-28,0.0076924162487932435,0.0077520100297392425,0.00970859517541256,0.049645390070921946,-0.12596400933742746,0.0030210248516053806,0.029325377639086048,0.02228909177000915,0.031073484378464356,0.04247105782514082,-0.025906711748779898,0.0043041909198571204,0.07126952961551836,0.00352422559547505,-0.14540056548076996,0.048387096774193505,0.05413105958784259,-0.005384591909555314,-0.0027173886635466493,0.0,0.010652463382157196,-0.047138047138047146,0.022488769662919683,0.07692307692307687,0.02752288405099823,0.008450696279642456,0.10506798120196148,0.014150945821274297,0.02013431404916388,-0.01351350045186761,0.05627710545079201,0.025568157573007122,0.03726714451739932,-0.03888390458919533,0.03124996973201677,0.07142858248694739,0.004405431576418373,0.003984049062997652,0.03286981465200656,-0.0354838620363489,0.06083651817050595,0.0,-0.0019082680840828425,0.0,-0.025291887415670344,-0.04313721456971287,0.044117722681788374,0.012499987892806708,0.0,0.02810713117180552
2021-07-29,0.01221375415152215,-0.010989052448102776,-0.009615244657520172,0.04054054054054057,0.061764645246487726,0.0,-0.007597355212267121,0.043017176141574076,0.0273972334300725,-0.01851851851851849,0.02127657550770312,-0.03464283261980328,-0.049896002905038705,0.05443370209576415,0.15451386849944027,-0.038461538461538436,0.0324324244996812,0.005413742704723612,0.04632148074695297,0.0,-0.01976284584980237,-0.11660777385159016,0.008797645347408345,0.017857142857142794,0.007936500427734305,0.01396653402246506,0.0011185909602584587,0.006644480167978584,0.12171045180507667,-0.02054795773263285,-0.013661244326239275,0.049861515786117305,-0.023952167048707396,-0.036033599812376416,-0.054545475563070656,-0.04242420257834523,0.004386108873887684,0.0,0.0036719379058807178,0.02006681673835531,0.010752729337312639,0.0,-0.0028680729056109744,0.0,-0.10778438873548035,0.02459013990675496,0.032863816658137424,0.0,-0.002073926460757547,0.029901784173520074
2021-07-30,0.0045247947294027036,0.0011111365424261166,-0.00970896724965331,0.0,0.0720221601159785,0.0,0.004812484095204628,0.0005648768984314323,0.06666666666666665,-0.018867924528301883,0.0572916753978161,-0.0336662902070034,-0.032822776746833426,0.005828450748558867,-0.0030075493910557416,-0.008000000000000007,-0.007853418202929618,-0.010000008803147553,0.036458361467036626,0.0,0.02016129032258074,0.0,-0.005813947847045586,-0.03508771929824561,-0.00885828286806667,0.03305781867105084,0.0,-0.05346531262955645,-0.07331383433081695,0.0,-0.00831028964288838,-0.02638519937706696,0.02453995208030202,-0.0162525448931512,0.009615452214343234,-0.015822844739486586,0.006549972839932083,-0.007142773347071363,0.0012195401359078595,-0.006557318955606739,-0.024822721418482963,-0.0024391549481166397,-0.001917713834778012,0.0,0.015659972057983085,-0.04799995422363279,0.03636360089641055,-0.021604917603937457,-0.031331598071841715,-0.004562447431226246
2021-08-02,0.03003006604687819,-0.017758029228370553,0.0,0.0844155844155845,-0.10594311615926022,0.00602407083973322,-0.0009576997898219641,-0.01750420564471833,0.02499997615814209,0.019230769230769162,-0.004926103745908295,-0.0011485714273196113,-0.009049764968910634,-0.013245020564786825,-0.048265415481725915,0.0,-0.04221628125421284,-0.020978982633271914,0.020100483246901613,-0.022222071050837067,0.007905138339920903,-0.01200000000000001,0.05847947508874474,0.0,-0.010923501490648913,-0.013333320617675781,0.03351958906760388,0.03765690070481442,0.009493711728822296,0.020979034037302835,0.01396659702439318,-0.013550122368818363,0.0,-0.024392413116749112,-0.028571476147016606,-0.012861724502339578,0.015184425135900792,0.0,-0.01339825288259966,-0.035203486188404076,0.018181818181818077,0.002567216580925624,-0.0009605499708431608,0.0,-0.011013215488880346,-0.025210158955061512,-0.09649124182932722,0.025236568385065494,-0.022641276983297542,0.016666650772094727
2021-08-03,-0.008746253186026731,0.015819139391402892,-0.009803717131594558,0.0988023952095809,-0.0346821163741744,0.005988144063430401,-0.0038353042882949273,0.01839078746205436,0.021951257239347655,-0.033962249755859375,0.0049504903750889895,-0.024530447907450625,-0.03424659622105475,-0.01677850738129516,0.03961965070834883,-0.008064516129032251,0.016528813768911244,0.0007935932464118167,0.0073892143426512735,0.028408987275816866,-0.009150326797385588,-0.012145748987854255,-0.03867399748936007,0.018181818181818077,-0.016064241646516764,-0.0027027000903735443,-0.027027055108718168,-0.0020161110712678676,-0.053291485226409585,-0.05479453218030195,-0.004132322488789697,0.030219750529024036,-0.005988065556445155,-0.025799433944136307,0.00653594160147164,-0.06188919313792485,0.002136972309408236,-0.004796130562209955,0.020987662751578595,0.02622571610389368,0.007142884390694659,0.004755316641774421,-0.007692485483254297,0.0,-0.04231629089775879,-0.06465511261424439,0.019417457749564715,0.07384615678053641,0.0,0.0020492272619221374
2021-08-04,0.03529400352370127,-0.053392608949602516,-0.029703103665277508,-0.05722070844686644,0.06586827373166138,-0.02380956509149923,0.0009625176200294128,0.06659144192440714,-0.07398566552411634,0.011718720023055074,-0.00985220749181659,0.0161100131678249,-0.0189125114291554,-0.03242321721697827,-0.02439025903112113,0.024390243902439046,0.0054200881926669275,-0.0007929639555719348,-0.0024450436451716184,-0.005745787702240768,0.0,-0.04508196721311475,0.007183935411037012,-0.0357142857142857,-0.011224551858229459,-0.013550122368818363,0.00222226731067221,0.0,-0.026490079834766145,0.02173914395568488,0.0,-0.04266668955485031,-0.0240963624697752,0.030674816339994804,-0.061688254385818264,0.006944437545759019,0.0,0.0,-0.041112528489144706,0.013333320617675781,-0.12765958454160253,0.004854543160251579,-0.016472662073391264,0.0,-0.0023255459097928366,-0.12903229527865312,0.0,-0.005730653544946063,0.0,0.0028629731141081027
2021-08-05,-0.02130689803796637,0.01292592875660814,-0.010204194028483937,0.040462427745664664,0.01123594452133525,0.03963416123281305,-0.0009615920707179981,0.013227513494491916,0.028350487590559137,0.057915058768063465,0.014925358971198843,-0.025522035260429066,0.02891563440999323,0.026455042918707594,0.021874984105427986,0.0,0.04043127511212252,0.0007935932464118167,0.02941173720662249,0.0,-0.014511873350923521,0.012875536480686733,0.132667588869247,0.0185185185185186,-0.006191895618225529,0.0851648169904935,-0.015521058867654314,-0.020875448596185064,0.05442179742815556,0.0,0.011065013058196627,0.002785512730456574,0.07407400139656373,0.0823412619218602,0.06574387955192829,-0.010344899593718315,0.002132116208361623,0.0,0.020176586092409687,-0.02192980392267585,0.044715461967972825,0.0,0.009851959290872125,0.0,0.09557105660352527,0.08994706792135387,0.05238101833802267,-0.01152736643320651,-0.028130048313807277,-0.0077487981448001175
2021-08-06,-0.0275761384415808,-0.03596281555197223,0.030927915834400244,0.02777777777777768,0.025000043047800125,0.02346052307409985,0.0009625176200294128,-0.05430804328436478,0.035087745506153345,0.062043824328733344,-0.004901956201103785,0.08412693919448433,-0.0023418623160058605,0.0,0.013761452549637232,0.015873015873015817,0.0025906562209778716,0.0039651222915289,-0.016666594762647535,0.0,0.01740294511378848,-0.025423728813559365,0.06423170634374187,-0.018181818181818188,0.0145379378669801,-0.002531643124693339,-0.0360360077593338,-0.0027510290204931787,0.0032258199829047207,-0.00709222544427357,-0.005471959228777967,-0.005555550404536702,0.0057471668609487825,-0.010998974614354395,-0.00974025069249762,-0.003484317373521062,0.0,0.0,0.012360868468392017,0.016816100588262994,-0.011673195933978087,0.002415414855366338,0.004878326879741879,-0.010810796306992554,-0.07659571221534245,-0.014563093312173536,-0.0045248824844553726,-0.002915449057909525,0.0,0.013563498756303582
2021-08-09,0.031343263262443966,0.08243073782828736,-0.04000005876293666,-0.16486486486486485,-0.005420048947527345,-0.031518659318405584,-0.008654119821680517,0.006626114182247678,0.02179168843992052,0.02405494317575907,0.0,0.009516845965817922,0.011737021411106552,0.02147766259675521,0.028657679145016823,0.0078125,0.03359177408231395,-0.0007899075041363224,-0.019370441038567443,0.0037928948826537745,-0.04078947368421049,-0.017391304347826098,-0.018934893612266745,0.0185185185185186,-0.02251793825188475,0.022842677990056348,0.04906528939538535,-0.031034469604492188,-0.016077142612514805,-0.00714288439069477,0.07565342958951526,0.06145252326778916,-0.011428560529436416,-0.03521782318999389,0.03934430355860452,0.0,-0.019149115301319464,0.0,-0.0354089743435978,0.05843447678922775,-0.015748016714081325,0.0072286973589301695,0.0019415157241549075,0.024590050803312113,0.0645161091847184,0.17733996974785304,0.0,0.09356722985502475,0.0,-0.004055165534813332
2021-08-10,-0.03039071895742651,-0.031128375378938422,0.010416649340071249,-0.04207119741100329,-0.021798408845108197,-0.0059172056575478305,-0.004849300335398321,-0.00493692566362236,-0.02843599325241486,0.05369128934338696,0.039408829967266135,0.00978971930785244,-0.016241339348193495,-0.047939498068949926,-0.05425222762652149,0.007751937984496138,-0.015000028442690327,-0.007114561393483321,-0.02716052551455439,-0.02200479479058426,0.019204389574760006,0.01327433628318575,-0.0434258305393207,0.036363636363636376,-0.004188477597292017,-0.014888381656182004,-0.011135762829774687,-0.014234861676160282,0.0,-0.021582679517531345,-0.019181611761618922,0.007894729412163404,0.02890175216062807,-0.007684979135971104,-0.05047321198103727,0.006993083943600098,0.0,-0.004016049045678427,0.02278478812224005,-0.033333399560713795,0.008000030517578027,0.0047847750678016165,-0.0009688265743206248,0.04000002803161751,-0.0389610218038019,-0.04184106220160899,0.0,-0.04812835997278453,0.04937545125522469,-0.008143276056180704
2021-08-11,-0.02537302997492452,0.030407273093362663,0.07216509304812813,-0.04391891891891897,0.4707521827420673,0.008928641091904943,-0.008772100641194047,0.043550217315782014,0.004878044241882984,-0.012738841509227883,0.028436106247007764,0.05709156663587733,-0.014150930664724504,0.033568915608245486,0.006201534616238735,-0.038461538461538436,-0.027918791719829916,0.004777027383587873,0.027918815207329084,0.0,0.06325706594885605,0.0,0.0,-0.052631578947368474,-0.01156683572072803,0.01259444633651241,-0.014639719472570478,0.028880838087589122,-0.00653597485589974,0.022058766812190767,-0.12907433241727473,-0.01566578171664368,0.050561792736216526,-0.057599204342052346,0.02657804782708406,0.020833312637276835,0.0,0.0,-0.03465343262562359,0.02478453691043425,-0.015873075943202752,0.0,-0.004849734992568022,0.025641067875819656,0.031531478897937504,-0.06550212202950223,0.0,-0.04775276421567454,0.0,-0.000410518416719019
2021-08-12,0.01837666384032932,0.005567950254306009,0.04807696028091235,0.007067137809187329,-0.07765157347676499,0.05014737919935852,-0.01081587568373299,-0.0073956358896708485,0.007281604524675522,-0.06129031027517007,-0.055299594358818815,0.007472802627839226,0.002392399352277197,0.0,-0.021571633354255715,-0.016000000000000014,-0.026109688601475,-0.008716296170740656,0.004938266662867674,0.0,-0.01898734177215189,-0.0393013100436681,0.011349386049596566,-0.01851851851851849,-0.006382922167795124,0.02487559828533148,-0.04571422608710929,0.003508785314727314,-0.016447339959879126,-0.01438847588157588,-0.02844314859040209,-0.04244034128386576,0.0320855301345353,0.0015407203120938462,0.012945048991161556,-0.04761908237394186,0.01952296276635579,0.0,0.028205161749884633,0.002102997224817882,0.00806454714081517,0.02380969309535441,-0.004873066592450459,0.0,-0.0109170307495422,-0.06074771405057433,0.009090900224102638,0.014749248014462202,0.0,-0.00205343505650335
2021-08-13,-0.012030088938871142,-0.007751904417962363,0.07339447928471898,0.007017543859649145,-0.020533861803384457,0.05056171692696121,0.0009937672326654212,0.0031931592878635673,-0.02891563440999334,-0.01374569117823743,-0.13658535507447211,-0.017532045193487833,-0.009546530144813992,-0.03162392235819367,-0.06299212598425197,-0.024390243902439046,0.040214556197643914,0.03517182832398946,-0.02948405870181503,0.004090712186669565,-0.03354838709677421,0.022727272727272707,-0.003740733782186534,-0.037735849056603765,-0.0353318970358496,-0.014563093312173536,-0.023952235721942383,-0.042657384770301565,-0.023411369584592445,-0.04379557928093092,-0.004622438973942544,0.0027700805412327334,-0.20207255336829044,0.04102564158994548,-0.06709266149163795,-0.0321428270364289,-0.008510717911697552,0.0,-0.06483795861386654,-0.022035681430339404,-0.1040000152587891,0.032863696172859225,0.00195873127144619,-0.025000040149449343,0.02869755538532104,-0.004975119657066318,-0.009009000301245074,-0.011627895694091173,0.021632960738460216,0.00041153206567123846
2021-08-16,-0.04566211406688547,-0.033482164001966574,-0.04273512952247749,-0.06271777003484325,0.10482180335415459,-0.03743306206383412,0.0029794202083426313,-0.11989390892020901,-0.0173697687387232,-0.07317074305382854,0.011299424374030087,-0.013726823160894353,-0.026506055659419214,0.0,-0.05882352941176472,-0.01666666666666672,-0.028350591208769704,-0.015444000942922531,0.002531643124693339,0.0,0.006675567423231055,0.05333333333333323,0.008761032603726626,-0.039215686274509776,0.014428425209601858,-0.039408829967266135,-0.004907957662718232,0.008035106919154655,-0.051369873758686846,0.02290070445226111,-0.13467485248444155,-0.04143642588145724,0.051948106904829316,-0.024630449707388147,0.03424654178759057,-0.029520266634666337,0.0,0.0,-0.018666648864746116,-0.02038622173869975,-0.031249949442487934,-0.03636349496731839,0.01564012866582143,0.0,0.00643783393951014,-0.04500001668930054,0.0,0.04117643016432515,-0.04711466253147023,-0.01110648113313617
2021-08-17,-0.062200927050117816,-0.0011547608612053617,-0.0267856114293914,0.026022304832713727,-0.14231499102740852,-0.022222261180176117,0.0009898315157752524,-0.015672105273686676,-0.0353535615039251,0.03007515885668366,0.0,0.03375084624493563,0.0,-0.008826159059409422,-0.0535714285714286,-0.025423728813559365,-0.039787808050578244,-0.0015686633540135109,-0.010101000370632551,0.0,-0.05835543766578244,-0.021097046413502074,-0.008684943530296252,0.020408163265306145,0.00765860964932652,0.04615380100950084,-0.011097281283408034,0.014492739601511984,0.03971114318971569,0.014925430495003944,-0.03577828370298464,-0.07780979213266792,-0.2283950829260022,-0.015151608745583411,-0.04966890606450025,-0.01520920096237699,0.004291785615276433,0.0,-0.0013587267256014446,-0.014238785631042528,0.02304147384427413,0.004721690766621878,0.000962598467401321,-0.06358976747159983,-0.034115186284919274,-0.18324608898343242,-0.06363640994079744,-0.06214690140704682,0.0,-0.007071550325280729
2021-08-18,0.045918310110973026,0.005780369125999885,0.036697181043505056,-0.0036231884057971175,-0.0022123345324943644,-0.011363656738083594,-0.0009888527181903806,-0.0318432030936191,0.0,0.05109487730005191,-0.00558658697003811,-0.011107369029793146,0.08910894478060416,0.021371392215095986,0.02075473617457746,0.0,0.013812277228967496,0.00157112792481362,0.017857125479695757,0.0,0.011267605633802802,0.02155172413793105,0.0,0.020000000000000018,0.014115104658248612,-0.007352875865728303,0.008728116643963446,-0.017857142857142905,-0.003472236830830977,0.014705867915830284,-0.005565889804452051,0.03124996973201677,0.015999984741210893,0.002051353605076356,-0.05226476060281526,-0.027027002147700374,-0.014957307027112954,0.0,-0.02312926238091484,0.0077777438693575895,0.018018000215478835,0.0,0.005769339206381341,0.013143578566277236,-0.01103752777971223,0.04487183014081664,0.06310685342326261,0.030120525621057048,0.0,0.010473397201942847
2021-08-19,-0.034146235595769237,-0.010344845351840659,-0.06194673758313629,-0.07999999999999996,0.0,0.03160923528939508,-0.0029705696331473463,0.03668557587842236,-0.02617798596338672,-0.048611099153388904,0.0,-0.07998633564493862,-0.0386363801384757,0.014821279192348547,-0.16820703966993633,0.0,-0.07356947787339152,0.002352920233034572,0.005012586290047416,-0.018786880964152153,-0.03899721448467963,-0.03797468354430378,-0.026282799414952374,-0.039215686274509776,-0.039614548127878124,-0.022222258851686716,-0.044499394949126025,-0.003636377507990063,-0.02787457917051872,-0.014492739601511984,-0.009328339461660562,-0.0030303001841675004,-0.08661415450450294,-0.015864950638568853,-0.0735294285220669,0.0,0.000867687234060277,0.0,0.03621173190779836,0.05622935458011824,-0.02654868899744267,0.0009340098566781307,-0.018164494753125315,0.0,-0.06249998403446988,-0.07361963504258728,-0.0319635478686795,0.014619868772186129,0.012222224456060804,0.007462619882432353
2021-08-20,0.042087522662088483,0.03484322911699622,0.009433944073266032,0.01976284584980248,0.04656309327103503,-0.027855033605693524,0.0,0.04820017967946311,0.018817186210869252,0.010948947028681433,0.0,-0.03292642524558964,0.0378250228583108,-0.0034364227382496226,0.015555600766782307,-0.008695652173912993,0.014705858866920885,0.0,-0.01995016397965177,0.0,0.03913043478260869,-0.04824561403508776,0.0,0.020408163265306145,0.0312151309516,-0.010101000370632551,0.005174687269264622,0.0,0.025089606114433005,0.044117603747491074,-0.013182705975087194,-0.012158043257392115,0.15517240198084736,0.03796167054738486,0.03174600171093722,0.023809501283202916,-0.0008669350056230707,0.0,-0.03897848919659408,-0.04488520966599696,0.04090907356955786,0.0,0.029211237371304488,0.013513416465906314,-0.011904761904761862,0.05298016120569704,-0.056603722658898126,0.005763683216603255,0.015367911108248977,0.08230452933306065
2021-08-23,-0.009693105630949383,-0.04488209759545625,0.04672876331202036,0.0968992248062015,0.055084796703196215,-0.020057461439087154,0.003972200848138874,-0.02561120641686243,0.010554079750826784,0.05776167617517802,-0.02247188904267039,0.002295385412854234,0.06833717536648298,0.010344817380417926,0.03938726226173306,0.10526315789473695,0.0,-0.002347396995149742,0.00508905358442302,0.013379727288949095,0.06136680613668055,0.004608294930875667,0.03984574992539458,0.08000000000000007,-0.0172972808013091,0.08163257362146625,0.03603602489250757,-0.018978119160702578,0.03146856145711929,0.02112677427918852,0.04198480713806152,0.07692307692307687,0.04477607691359675,-0.03286571164266738,0.003846150319251729,-0.019379827052266485,-0.0021691166249969696,0.0,0.06853143560594366,0.06557381491630077,0.05676860987182031,0.013133401159940217,-0.016083246518554195,0.0,0.05542166836290474,0.012578604092237322,0.004999995231628418,0.028653267724730425,0.034594476042003164,0.09391639894888404
2021-08-24,0.0293637765741821,0.041115765619426536,0.053571336917279444,0.060070671378091856,-0.004016060411629163,-0.014619785293240706,0.011869454686444403,-0.04778973725645552,0.04177548016133281,-0.04778155819060437,0.022988483697581552,-0.010687048797402121,-0.029850717436572305,0.0,0.09263155753152419,0.0,0.03478252397205339,0.0,0.002531643124693339,-0.012520029993510984,0.030223390275952777,0.0183486238532109,-0.013597049621713153,0.0,-0.06050607057231794,-0.0023584322133207714,0.012422254205689987,-0.006696369175854366,0.03389824735297675,-0.027586180588294762,0.010988969296238382,-0.019999980926513672,-0.0071427938889455644,0.022585909322670572,0.06130271734160897,0.03952574868853298,0.0,0.0,-0.043193708046209034,-0.044102595402644273,-0.004132247037895498,-0.004629714429986165,0.00961533288741534,0.04853339745306284,0.07305937942190255,0.11801238280930981,0.02487559828533148,0.002785512730456574,0.0,0.0010427104212569205
2021-08-25,0.019017373108959346,-0.02595931728541223,0.016949449795683025,0.06666666666666665,0.20967741005130414,0.09792281810041881,0.014662726093967349,0.0006273669476217769,-0.010025053072035384,0.150537595448615,0.1516853849810491,-0.08603393270341275,0.09010985279670747,-0.019624615244906773,-0.003853505822007275,0.0,-0.019607857338931556,-0.003921583587048083,0.017676810855318248,-0.0011526498691832865,0.10969387755102034,-0.009009009009009028,-0.005012526536017692,-0.03703703703703709,0.016393482897905765,0.009456255714577644,-0.014723872988154807,-0.016479420280330226,0.016393512515841424,0.007092157807799149,-0.025362286207511242,0.008746347173728575,0.0,-0.007092119175516665,-0.0072202097704795465,0.0,0.002173831919954461,0.0,-0.005471951048718893,0.0010729859666616104,-0.05809126955892996,0.0,0.002857344718900423,0.0,0.012765924981299914,-0.055555504045367354,-0.03398055106173814,0.0027777752022684066,-0.008881980987023752,0.00347223555968168
2021-08-26,-0.026438461265348878,0.012746194115708098,-0.016666954094019415,-0.078125,0.050000031789143806,0.037837805212713516,0.008670690749233767,0.0075235038867760284,-0.0227848484813733,-0.09657316577819475,0.03902447023681255,0.07429295859878082,-0.012096762564130281,0.024369076781822985,0.0812378488000649,-0.031746031746031744,-0.014285619300841712,0.003937022951637115,-0.004962774165082395,0.013847379605588683,-0.033333333333333326,0.00454545454545463,0.0062971931407276305,0.019230769230769162,0.03686632299233983,-0.004683836303477906,0.013698669486519766,0.028179732089426368,-0.00645163996580933,-0.01408449379940424,0.0,-0.026011604507406583,0.0,-0.011224550902464658,-0.06181820956143469,0.0,0.008676669420295324,0.008064485460494542,0.028885837510031154,-0.022508042857899202,-0.03964764297930201,0.0,-0.0037990036790610526,0.0,-0.0861344244863822,-0.01176476445577379,0.015075362435176265,-0.036011047036024424,-0.01476015016122556,0.034602076581302654
2021-08-27,0.019169350377366,-0.004576654794112178,0.06779660833459444,0.057627118644067776,0.030158662639840017,-0.04166661398914406,0.0028653853792437456,-0.013690063318753443,0.015544088815740986,0.024137957342739824,-0.01877943573824914,0.033398760260898275,0.07142855057563491,-0.021240440975097474,0.22003583677262695,0.040983606557376984,0.02608685550514056,-0.01019608740713085,-0.012468874783282846,-0.008422517873260094,0.18311533888228304,-0.013574660633484115,0.016270352711502678,0.037735849056603765,-0.0222222010294596,0.0023529950310201553,0.0,-0.021481478655779762,-0.009740300863041118,0.007142884390694659,0.013011087108845132,-0.002967356321318615,-0.021582770009893504,0.01857583288260778,0.04651167733574435,0.011406832731696515,-0.0021502566386671917,0.0,0.08155081978060763,0.00986843790759262,0.009174347244904846,0.00744189794011163,0.0009534221712483859,0.06815863848474568,0.0,0.04166669918904331,-0.0049504903750891005,0.03448272554637244,-0.04494382813578135,-0.016387952420390373
2021-08-30,0.047021792913646054,0.05287356876227656,0.023809637264546435,0.10897435897435903,-0.006163322536779647,0.016304210884451553,0.0047616526311065055,-0.029653012978995696,-0.00765305377701242,0.030303016680501837,0.04306227573395005,-0.009505703697805234,0.04380952744256872,0.0451388440474334,-0.10410558365761369,0.0,0.07627126381605254,0.0023771579432041445,0.022727311040634524,0.0,0.06030150753768848,-0.00917431192660545,0.012315318088559568,0.10909090909090913,0.027272700672307915,0.023474154755812382,0.001228408106360046,-0.0007570195952276704,0.0,0.021276541059871645,0.023853296444588334,0.03869051145824831,0.03676472994420532,0.011144945049772703,0.01111110031850071,0.015037579158775127,0.01293105490428803,0.0,0.044499338675795475,0.03148750929987787,0.013636328957297605,0.006463497837190468,0.012380906144460413,0.0,0.02298850574712641,0.005714280264718097,-0.06467661484996656,0.022222267845531718,0.0,-0.012240755260773617
2021-08-31,0.03293421096178717,-0.005458536197354813,-0.031007698202115574,-0.08381502890173409,-0.02015498317023534,0.0026739477695230107,0.0066352360594224,0.023406999609787205,0.03856037349709718,0.013071882795547163,-0.05504592674447206,-0.000767698694846275,0.02189778925938235,0.0033222559783854244,-0.01145666158512093,0.0,0.007873962844521465,-0.0023715204644944032,0.009876533325735348,-0.001147981363609607,-0.05497630331753556,0.01388888888888884,0.0048661752498320165,-0.032786885245901676,0.013274323679807187,0.027522908689077363,-0.018404811753720773,0.0,0.013114810012673228,-0.03472222314204698,-0.03942658982885239,-0.03438398958445554,0.021276631721529826,-0.015731503912853495,0.021978000864594893,0.029629600849335302,0.0,0.0,-0.05207095743373347,0.01052635594418172,0.10313906830036079,0.00917431717670203,-0.006585179593370349,0.0,0.011235955056179803,-0.017045438382004785,-0.05851064605538048,-0.04891306073149537,0.008963648521030265,0.007917433928588125
2021-09-01,-0.014492658370565903,0.0010977200064443693,-0.024000110372117578,0.012618296529968376,-0.01740508394408602,0.026666550152423252,0.0009416720558050873,0.04701396327057217,-0.009900980750178201,-0.006451637514175879,0.029126186624347072,0.05301571741696498,-0.05178570835566021,-0.017384109227920108,-0.03973508316503327,0.007874015748031482,-0.0234374784314636,0.014263098796201579,0.0073348977633189705,0.0,0.09929789368104314,0.0,-0.05447945201367288,-0.016949152542372836,-0.05567688180976571,0.026785688626827175,-0.011250048204967111,0.022727287505283966,-0.00970868307849515,0.0071942722456204145,-0.009328339461660562,0.02373892131790445,-0.006944492735242669,0.006413491049291675,0.010752678064499088,0.007194237817389482,-0.021276695261962297,0.003999912362489644,0.00998750579526786,0.019791622170145518,0.04065040587370339,-0.008636295626207602,0.009469647354830135,-0.047618988028024334,-0.008888922797309018,0.005780341244511877,0.12429380281409363,0.03428568158830925,0.02276525503343807,-0.009562864756803569
2021-09-02,0.0014704571717507608,-0.012061366015083341,0.0737705252759695,-0.07165109034267914,-0.02415460458067742,-0.025973915433851635,0.0018811636942352994,0.017597143421278938,0.01250004768371582,0.05519483133278458,0.033018950679290615,0.061291510927695025,0.03201508062633951,-0.02611621473724901,-0.015517223840472383,-0.0078125,0.026666695166817966,0.00546872607665172,-0.009708728874782357,0.009653122207021081,-0.030109489051094895,-0.004566210045662156,0.0345710605511762,0.01724137931034475,0.0,-0.006521681215901576,-0.010113742852152496,-0.02370368109809029,0.01960773140711014,-0.00714288439069477,0.015065921819965356,0.002898547920302308,0.07692305982294556,0.03297603104698932,0.0673759084107397,-0.01071427567880967,0.11304353042749526,0.0,0.05067983185154268,0.12870278179688022,-0.03125004423782163,0.029344319401121366,-0.00938081435102478,0.0,0.020179407100229474,0.1494252810564518,-0.005025120811725348,-0.033149140705165725,0.0032573289902280145,0.0006896709573680493
2021-09-03,-0.02790016117755645,0.03662596174506527,-0.030534299037432655,-0.020134228187919434,-0.009900980750178201,-0.005333374760619902,0.0,-0.005366735249325849,-0.024691392183120553,0.0,-0.02283102785839375,0.0,-0.009124122365115728,0.016435949263538197,0.017513134539136832,-0.03937007874015752,-0.0363636607858242,0.003885018739663515,-0.002450919664624518,0.0,-0.03198494825964249,0.032110091743119185,0.0,-0.03389830508474578,0.05202321188262826,0.03282267240610248,0.08556828540547601,-0.04855844677571264,-0.006410189011204714,0.0071942722456204145,-0.02411863162587624,-0.02312136497804762,-0.0649350046166508,0.04083418476562195,-0.03322255978385491,0.0,0.0,0.0,0.037647022920496376,-0.022624433998618243,-0.020161290942816268,0.0,-0.000946807751814327,0.0,-0.017582400814517563,0.0549999475479126,-0.04040406168924138,-0.02285712105887272,0.0037877007665361173,0.0261888427599426
2021-09-07,-0.022658695996217948,-0.034796552886039,-0.05511796291980364,0.020547945205479534,0.0,-0.010723879258075497,0.0046949965135962834,-0.0797362049983511,-0.002531643124693339,-0.021538485013521624,-0.014018788942859906,0.08078378718264356,-0.04604051710927781,-0.004255335381690539,0.08089495466353847,-0.024590163934426257,-0.05121294382899533,-0.005417933003936781,-0.024570058681429363,-0.0006832313927328526,-0.03984450923226435,0.10222222222222221,0.013613819024244744,-0.03508771929824561,-0.024175852506203577,-0.06991524118111359,0.06235296645096655,0.003189789631157014,-0.00645163996580933,0.04285717010498047,-0.007604664564466623,0.017751461759777376,-0.020833367826760707,0.043371892811366886,0.024054959167747025,0.01805052442619881,0.0,0.0,-0.0034013303865300104,0.026851847845503984,-0.03703702250153407,0.0,0.0066350156096350865,0.0,0.0,0.13270152783378864,0.0578947450975964,0.04385960631655861,0.0,-0.0030221675793395963
2021-09-08,-0.021638239288587657,-0.0005546438436490053,-0.016666954094019415,-0.03355704697986572,-0.026666641235351562,0.0,0.004672853569308355,0.026710087115506154,-0.025380746598692716,-0.0691823556092066,0.02369677403827186,0.006679360079691277,-0.04633200368177215,0.0025640797829273865,-0.05573248588197499,-0.01680672268907568,-0.03409082812085995,0.0007781536895468122,-0.002518889267302482,-0.009111411597584662,-0.06882591093117407,-0.14919354838709675,-0.01831497267589033,-0.036363636363636376,-0.027027000903735332,-0.009111608899671664,-0.015503765409997317,-0.008744010917675737,-0.016233738818578702,0.03424657444766899,0.042145567261141936,-0.002906973923522793,-0.0567375906511961,0.0054103712148321215,-0.02684561181007228,-0.03900705592192455,0.005468710104100438,-0.003824718894252954,0.002275364943170599,0.0018033817686367026,-0.012820480425263736,-0.04231631987932283,0.01224100868151523,0.0,0.12304250349275203,0.008368192488977133,0.019900478628265272,-0.008403353487606458,-0.016172391373668438,-0.015493465259241668
2021-09-09,-0.004739240418939916,0.054383990973435825,0.016949449795683025,0.05208333333333326,-0.01369861671503625,-0.04607049243716477,-0.009302441153443697,0.09581219587259926,-0.005208328482694813,-0.02027028289652799,0.013888875091518038,0.011374366740660502,0.02024289544013369,-0.014492679390780139,0.006745431412040981,0.0,0.058823435467683316,0.0007776227953975035,-0.017676750648606854,0.0,-0.005434782608695676,0.0,-0.001243809568318821,0.018867924528301883,0.07523143434046409,0.036781684541848714,-0.02474697449409491,-0.04891744966232514,0.01320127796275039,0.026490040293054573,0.040441151970644906,-0.014577245289547514,0.060150378186241804,0.01345280476772115,-0.00689654492027858,0.025830233305333072,0.000388413202596416,0.0,-0.024971652275855405,0.04140414512708901,-0.004329020771356551,0.0,0.00279089491857043,0.0,-0.09163351033680356,-0.016597592882582446,0.014634132725648952,-0.0056497121870150435,0.013698691048417144,-0.04276428394033305
2021-09-10,-0.014285750511309647,-0.0347368340743216,0.04166653359844785,0.02970297029702973,-0.005208369551432002,-0.01988631309206179,0.0,-0.004632305824293748,-0.03664918034874143,-0.07241380625757676,-0.0091324111433575,-0.0159324694868892,-0.007936500427734305,-0.018166092605897632,-0.0351758952376392,0.0,-0.008333349493953479,-0.013209019254514232,0.030848360087799342,0.009425219449038735,-0.0480874316939891,0.05213270142180093,-0.01120793010505261,0.0185185185185186,-0.004305700970643311,0.006651825154924573,0.01960779749188335,0.011804413775335476,-0.006514685574535384,0.13548389557869212,0.0,0.0,-0.04964539886526287,0.01769916209686273,-0.02430561419438204,0.02517983236086274,0.0,-0.00815856023564343,-0.04889407087698516,0.009507399589713916,0.008695685345193604,0.0,0.010203775642074309,0.0,-0.06578947588567485,0.016877722448569,0.009615375798129211,-0.005681812794001595,0.024324265048028648,-0.016082875730985546
2021-09-13,0.004830819655153196,-0.018538721360910948,0.11999993868215686,-0.03525641025641024,0.005235638692580702,0.023188446176960698,0.005634016207622716,-0.030831917986008595,0.010869554654186597,-0.007434901800260629,-0.03225814248860648,0.0076190403529576844,-0.003999996185302779,0.00881052197660459,-0.046875034493428114,-0.008547008547008517,-0.005602203566236974,0.001574839217641566,0.03990020904730085,0.007287712261459189,0.03329506314580932,0.0,-0.036523924403414565,-0.018181818181818188,-0.021621601001636348,0.008810564358837869,-0.05882352941176472,0.10416666666666674,-0.013114713115711107,0.02840909029334049,-0.1042401845580243,-0.008875801417927431,-0.029850717942397798,0.0069565772289132966,-0.06405687971672136,0.007017537402020491,-0.003883713822913304,0.008064485460494542,-0.007343992540562727,-0.004280838135997889,-0.03879316794319254,0.0158139295074593,0.0009183069320091164,-0.06200002073171573,-0.04694835848914347,-0.024896339859439842,-0.00952380087370197,-0.02571426119123188,0.0021107023267377123,-0.031965166951198554
2021-09-14,0.0016025867343807398,-0.011111153496636272,0.014285780765522338,-0.023255813953488413,-0.07118060902036794,-0.002832951966480479,-0.008403323005547803,-0.037214822182670915,-0.029569928136667145,-0.048689180047276515,-0.014285701310552956,-0.03591680522587093,-0.0361445437046628,-0.005240128117192877,-0.0928961951138707,-0.017241379310344862,-0.03380280889964149,0.002358469523696005,-0.03597124523334372,0.004521901045177801,-0.040000000000000036,-0.058558558558558516,-0.01568625935465673,0.0,0.10165746485130644,-0.10917030749542211,-0.025240435709150133,-0.0475471784483712,-0.019933540790900706,-0.033149191647752096,-0.0335305627243091,0.005970143730110733,0.015384600336500354,0.0008634952118171668,0.0,-0.013937269494084026,-0.001948972053093856,0.0,-0.006165134300515129,0.03611350577481365,-0.017937203238353017,0.0,0.0009174644180740543,0.0021322245371431237,-0.0024630166965359246,-0.046808467897799355,-0.024038439495322916,-0.04105574820537583,-0.025802885468815595,-0.003752359583532372
2021-09-15,-0.015999978232107415,0.008988755857864295,0.070422408504756,-0.013605442176870763,-0.028037401503044235,-0.005681793889207976,0.012240918769282683,0.01870319326292158,-0.0027700805412326224,0.01968503966571844,-0.009661826846140142,0.025490155868403752,0.0020832815931923765,0.006145714900285704,0.046184802122912316,-0.01754385964912286,0.03790084650362591,-0.010980419084137605,-0.004975119657066318,-0.009678077025394027,0.02662037037037046,0.004784688995215225,0.013280199448375996,0.0185185185185186,-0.07823477088812136,0.00980391240220757,-0.006165116766053025,0.06973059607139076,0.02372881321972331,0.0114286150251115,0.010204060063025766,0.0,-0.015151500555948827,-0.04572900219140408,-0.026616033694073615,-0.007067131259962167,0.0312499286298753,-0.0004836023543730583,0.0248138708254122,-0.07219915948449673,-0.004566227543908896,0.0,-0.009165759650733407,0.0,0.024691358024691468,-0.022321407189022646,0.024630518729541473,0.018348606461624728,0.0,0.008286298569682549
2021-09-16,-0.011382190258395708,-0.022048993799204997,-0.05921046881261216,-0.03448275862068961,0.013461571967109176,0.0028571652484870036,0.022325717356937336,-0.03427175118648995,0.025000043047800125,-0.015444000942922531,-0.014634132725648952,0.03569155096198018,0.0020790496883160703,-0.008726036748416655,-0.030710191670107134,0.03571428571428581,0.016853892595864783,-0.003965046663111593,0.007500052452087402,0.015681734630559774,-0.018038331454340528,0.03809523809523818,0.03931844159869802,-0.018181818181818188,-0.020674601638597245,0.019417457749564715,0.021091762001178127,0.03703703703703698,0.009933718775844147,0.016949108707875915,-0.01212127045678868,-0.008902068963955956,0.0,0.012658182415031805,-0.046874956344253316,-0.01779357769908929,0.0018939573459191283,0.0,-0.03995162123474727,-0.006261238514110645,-0.018348606996750005,0.0,0.0,0.037233993397007614,-0.02650598732821907,-0.01369861671503625,-0.024038439495322916,0.015015072636763493,0.0,-0.09413524148942765
2021-09-17,-0.006578870973251272,0.030517036585606894,0.04195805820031939,0.017857142857142794,0.018975314040700964,0.03418802473078553,-0.052775325835032194,-0.0551330735285932,-0.005420048947527345,0.0313725191004135,0.07425747365533697,0.07969231238731966,0.016597493953715015,-0.0008802179145879219,-0.003960436326835848,0.06034482758620685,-0.027624268745302216,0.003980830843162808,0.0421835212422661,0.0008950527999078695,0.013777267508610747,-0.1009174311926605,0.021437649030406014,0.0185185185185186,0.08222219679090714,0.10714293012813969,0.010935590106480708,0.019999980926513672,0.016393512515841424,0.005555576748318192,0.040899818241858066,0.017964126568860372,0.02307690050475042,-0.016071412662919005,0.01229506995337748,-0.028985479703797723,0.001134226231448432,0.0,0.0630517638916408,0.012601291417557503,0.00467291510524781,0.0,0.003700315025654044,0.023589758487107204,0.06683160510557551,-0.05092598571453333,0.03448272622135784,-0.06508876365722238,0.024324265048028648,-0.04536084047297839
2021-09-20,-0.06953637892044295,-0.0033148875512626352,-0.10738236160295755,-0.05964912280701751,0.007448782626717554,-0.02479351553797504,0.024976022405165388,-0.04761905066486005,-0.04632154571114222,-0.05323192620315631,0.0,0.049016848481725495,-0.04285714980812172,0.0,-0.06958250778461184,-0.07317073170731703,-0.07954543701585626,-0.0047580862471008345,-0.04761900436850974,0.0,-0.08493771234428082,-0.0714285714285714,-0.01975312552025288,-0.054545454545454564,0.044147876312158996,-0.05806451083635489,-0.038461511803921655,-0.01960782480441492,-0.035483829143749146,-0.060773500457816376,0.005893836465598712,-0.032352979537936366,-0.04511279857818873,0.029945426055006275,-0.05668020375811378,-0.13059706504957191,-0.0011329412197982336,-0.008064519641098777,-0.07473310695541913,-0.015111117892795178,-0.004651180533475685,0.0027473686486787496,0.0,0.0,-0.06264494301231516,-0.08780485450476794,-0.028571402621105912,-0.06645570646931442,-0.008970918903754233,0.034557285425129036
2021-09-21,0.01423480006385791,-0.011086516230013554,0.01503727622809281,0.026119402985074647,0.06284661038401529,-0.005649625312559525,0.02061858712573983,0.01760563403929627,-0.011428560529436416,0.004016079638624159,-0.03225814248860648,0.3564248422279199,0.021321941026122948,0.01233474757207964,0.029914618159655237,0.01754385964912286,0.0,-0.0023904169334865166,-0.004999995231628418,0.05656141803038017,-0.017326732673267342,-0.03296703296703296,-0.010075557069209928,-0.019230769230769273,-0.04031463562795934,0.025114076210768888,-0.0037500160683223704,-0.012857164655412978,0.01003338762689876,0.02941176470588225,-0.015625009482790886,0.0,0.047244112719299736,-0.03453740185950116,-0.08583683082144511,0.03433483465415188,0.001512213223921366,-0.004878065556693678,0.0051282001121668586,0.0,-0.06542054408814157,-0.01598170227410567,0.0055297710293971125,0.0,0.012376237156320746,0.037433183034006445,-0.004901956201103785,0.023728790546210465,0.0,-0.04718167148720154
2021-09-22,0.01754401667743455,0.02242150308907087,0.022222421988884244,0.06545454545454543,-0.02260871555494226,0.01704545062729168,0.0009179259897991177,-0.015224932175275652,0.031791876844815325,0.031999969482421786,-0.014285701310552956,-0.3168435729647754,0.01461381465946765,-0.020887708955524942,-0.016597572987343656,-0.008620689655172376,-0.04012350703804968,0.004792289436792885,-0.01758792284103894,-0.005501469654279112,0.035264483627204024,0.02840909090909083,0.025445328588419525,0.019607843137254832,0.007172099711337587,0.02672613998070572,-0.03387706401230539,-0.01953686758694173,0.0,0.02857142857142847,0.003968307792470371,0.04559273468287439,-0.022556369412079502,-0.06369774171604203,0.04225347856046224,0.012448120465286205,0.0003774162586156482,0.01307191609055347,0.06249996958946746,-0.03971115373763734,0.03500003814697261,0.0,0.004583022276172022,0.002004034694274681,-0.0024450436451716184,-0.07731963450678692,0.024630518729541473,-0.0033112551411966784,-0.013844632226993614,-0.002629249200033601
2021-09-23,0.04137917676129965,-0.01864035947666287,0.014492634222333933,-0.04436860068259385,0.008896831272780181,0.03631299916397768,-0.0009170841744006175,-0.002108203368675343,0.014005589146010688,-0.04651158492543972,-0.014492740269210325,-0.011726810868408988,0.02880655609866367,0.008888922797309018,0.08649791361271797,0.017391304347825987,0.038585284926603514,0.006359294450813291,0.02046033809461112,0.004042676210439744,0.021897810218978186,0.03314917127071815,0.1017369295451247,-0.019230769230769273,-0.007121026995677515,0.00433839053086249,0.028571510594460392,0.02214023516693353,0.0,0.011111153496636383,0.019762805800127348,-0.01744184354113687,0.06923076264721884,-0.0438596078453517,0.009009000301245074,-0.032786950921536606,-0.002263907969533241,-0.008064519641098777,0.032413020436565354,0.0338345531072437,0.019323652356883825,0.0,-0.0018250724839079524,0.0,0.07598044967614803,-0.07262569720786527,-0.03846150319251662,-0.02657804782708395,0.0,0.025922677796777593
2021-09-24,-0.021523225847460692,0.0011173440329554918,0.014285780765522338,0.02499999999999991,0.010582000347830522,-0.02425888196972925,-0.0018367493654235512,0.0007042414800111363,-0.0027624283920971715,-0.008130112188539096,-0.014705868603311245,0.018095539214432632,-0.022000026702880815,0.0,-0.04854368932038833,0.0,0.015479772067821251,0.0,-0.012531316340044119,-0.02394591622033937,-0.02619047619047621,-0.005347593582887722,0.08108111010696084,-0.019607843137254943,-0.0071721974238677655,0.10799135802189408,0.021464596055162488,0.014440419043794561,-0.01324508884713771,0.0329669477455663,-0.015503885305332865,-0.026627263177704807,-0.02877695044690043,0.013251807305735719,0.07142860944173757,0.016949238156632296,0.002269044878316473,0.0,-0.013953585338433494,0.06181820956143458,0.0,0.0046403733403683756,0.004570550125278183,0.0,0.018223216611711335,0.006024090761646228,0.04499995708465576,0.3686007295282867,0.0,-0.030835169547770547
2021-09-27,-0.010152253280006684,-0.006696475375139399,0.09154935596024094,0.010452961672473782,0.029668425083432037,-0.01933696711711108,0.00827983229960716,-0.028149163790039955,0.0027700805412327334,0.02459017995287449,-0.004975119657066318,-0.048659620739949005,-0.018404842169334135,-0.0008810774049102799,-0.0040816741735756334,-0.02564102564102566,0.0030488391313436836,0.003949462190955932,0.04060909773818233,-0.006730203654423672,0.014669926650366705,0.021505376344086002,-0.05208333126372766,0.040000000000000036,-0.006191895618225529,-0.02923978401972782,-0.011124833887220853,-0.01138788934092827,-0.003355619835128776,0.026595745760156664,0.027559122948472403,0.033434691425482166,0.014814799988603022,-0.010563477576086222,0.4999999006589293,-0.012500086923436848,0.006481256195785656,0.008130084870218601,-0.010613113652343409,-0.015410984629513846,0.009478618577014819,0.0,0.006369468785435872,0.0,-0.05369130838737557,-0.15568862104472314,0.00478468462867454,0.34663336337843265,0.0,-0.01060538135300726
2021-09-28,0.010256378633630936,-0.0011235141164164242,-0.012903201879095105,0.0,-0.06949157925797189,-0.028169028530332096,-0.01186138103195522,0.034033258441243275,-0.04143642588145724,-0.04400001525878905,-0.014999985694885254,-0.03552838286519855,0.03958324434029081,-0.009700230059208503,-0.04713110781523111,-0.01754385964912286,-0.015197545456238748,-0.00786785060342976,-0.02439022120941492,-0.006994430002642993,-0.028915662650602414,-0.02631578947368418,-0.021978104896205664,-0.038461538461538436,-0.02596053967072187,-0.038152621785693897,0.0012500253789391458,-0.02807777780295273,-0.026936040002599082,-0.046632106430453235,-0.02681998761238613,-0.00588234716633218,-0.02189784663362837,-0.0238941607638975,-0.10833329911585121,0.042194155223580276,0.003409111235581852,0.0040323324032585095,-0.08104890075683546,-0.04086958843728772,-0.04694835848914347,0.009237797153216487,0.0027123881212500756,0.0,-0.05673753556664174,-0.0567375358864356,0.0,-0.029629689152511185,0.012419067162486641,-0.02858416288945176
2021-09-29,-0.003384055360770466,-0.010123751306206574,-0.07189549850759025,-0.03103448275862064,-0.01821491963599864,-0.005797076364817411,0.00277033806225524,-0.03571423562634801,0.0,-0.050209157939083426,0.0,-0.09114001120181192,-0.04809614872274526,0.024042784396222983,0.023655935854894672,-0.0535714285714286,-0.02469135211317064,0.005551201459507382,0.019999980926513672,-0.024873419472650315,-0.006203473945409432,0.0,0.012359619670380129,0.0,0.004264388205224678,-0.027139898846810673,-0.04744070122324351,0.0,-0.027681674699647774,-0.005434803453420622,-0.001968377708316149,0.017751461759777376,-0.007462679485599422,0.03958336802509743,0.05295952469585652,-0.04858304558206039,-0.0007550063738617219,-0.0040161379998656654,-0.024643327662826287,0.042611085984333386,0.004926127351136067,-0.004119166604065971,0.011722230111512966,0.0,-0.05764418455638509,-0.03759403752797941,0.0,0.6011451736251527,0.0,0.010574691597072583
2021-09-30,-0.01867563466237554,0.018181800448205276,0.021126587608991887,-0.003558718861209953,0.031539903618734044,0.0,0.002762284552403349,-0.019607875728968716,0.005763683216603255,0.00881052197660459,-0.005076137217272736,0.021663134650745652,0.004210522300318598,-0.020869545314622928,-0.03781518935483641,0.0,0.006329153283355149,0.0023659094833732297,-0.017156788267935763,0.014446732940009754,0.0012484394506866447,0.00540540540540535,0.05771359499220452,0.020000000000000018,-0.006369471245302294,-0.03433473232857809,-0.0484927673440021,0.0,0.0533807971408129,0.0054645019474759415,0.02564091039793004,0.049418556699887706,0.0150376393620828,-0.056112237806028475,0.029585769599628886,-0.0042553152634362545,-0.016622690462206657,0.008064519641098888,-0.003989389612292671,0.015652200450067877,0.01960782480441492,0.0,0.0204991139194568,0.0,0.07978723728046977,0.0703125276486396,-0.00952380087370197,0.2598330467574337,0.0,-0.005459460163053098
2021-10-01,0.012110628692236336,-0.007812465906941624,-0.013792992867130316,-0.0035714285714285587,-0.048561148148418165,0.023323584418087906,0.0018365499463512958,-0.01703700312861689,-0.00859598031741915,0.008733657915767745,-0.02551024007777314,0.04514362876733169,-0.004192868135531769,-0.00532863396066352,0.010917031052636528,-0.018867924528301883,0.022012592679625742,0.004720725368734691,0.022443808133105314,0.005563006971113671,0.05860349127182052,-0.005376344086021501,0.0052466098778445325,0.0,-0.027777701361563767,0.38000000847710513,-0.01652899564025201,-0.011111082854094345,0.0033783925453112484,0.027173913606849176,-0.013461471810424785,-0.005540161082465245,0.05925919995441209,0.013800220658657159,-0.057471277755039685,0.02564110401662978,0.019977070477866787,0.0,0.045393880237346584,-0.03681509365930702,0.0,0.0,0.021834129495611254,0.0,-0.02463054279761645,-0.007299263086460783,-0.0096153757981291,-0.04730369105354215,0.0,0.016010908707630778
2021-10-04,-0.00854686473865518,0.012373414221504175,-0.11888122445592253,-0.05017921146953408,-0.009451831965108126,0.0,-0.011915641126443721,-0.0015071934494147454,-0.026011604507406583,0.04329004257515834,0.026178048376628515,0.009162326293806311,-0.023157922845137735,-0.003571425226269853,-0.03455714905607521,-0.04807692307692313,0.04307687044494313,0.0007830285707970397,-0.031707287572239395,-0.004204506602919378,-0.01531213191990577,-0.027027027027026973,0.01774531081918629,0.0,-0.010989052448102776,-0.09339773271227281,-0.1134453956841408,-0.007490665064589064,-0.026936040002599082,0.005291025581380504,0.015594550175455524,0.008356538191369944,-0.06293705905066949,-0.05130867101272585,-0.045731664102818925,-0.012500086923436848,-0.0018833375241466,-0.008000003456098304,-0.03065131206343208,-0.0053333706325955355,-0.05769225478877493,-0.007352733410894374,-0.015384287050326018,0.0,-0.0656565296541669,-0.04411769217479555,0.019417457749564715,-0.16186694774963162,-0.0080001759257331,-0.010805933408883028
2021-10-05,-0.01206904502395123,0.0011111365424261166,0.04761927452909287,0.01132075471698113,-0.013358720969806726,0.002848955956811672,0.006493465287015887,0.024905654619324924,-0.002967356321318615,0.0041493933563012675,0.010204071702683226,-0.009403401883673723,-0.021551704204748168,0.008064529912046536,-0.013422840938339231,0.0,-0.017699148793942965,0.007824756147039258,0.030226731262686934,-0.00022208438235771233,0.022727272727272707,0.0,0.042051266401242016,-0.019607843137254943,0.04888884226481127,0.05328591612781808,-0.0015797350563623302,0.0,-0.027681674699647774,0.0,0.007677547192805223,0.03591163495875094,0.014925358971198843,-0.006622627917967749,0.0031948850152176966,-0.046413460087520786,-0.0049055152411383585,0.0,0.009222621003551756,-0.016085733534522584,-0.035714323944669335,0.0,0.006944243956467977,0.0,0.054054054054053946,-0.08461530702353648,-0.023809502184254927,-0.02843599325241486,-0.005376109523447914,-0.006827474884766871
2021-10-06,-0.010471171227320997,-0.020743633086253044,-0.022727376102591235,-0.014925373134328401,-0.011605404621686466,-0.002840862464770222,-0.004608251579492295,-0.03019144695990672,-0.020833314115565327,0.02066115637342092,0.0,0.035024603237135965,-0.02202641089709456,0.0,0.038548682744409035,-0.07070707070707072,0.01501507004527225,-0.003882002351754954,-0.022004926462152907,0.011780323404704252,0.0888888888888888,-0.0444444444444444,-0.011811012535560939,-0.06000000000000005,0.031779682634549555,0.11467121835757177,-0.12025317273805813,0.005282995835790061,-0.014234830156885314,0.0,0.02095231781951723,-0.04266668955485031,-0.007352875865728303,-0.02155548334121704,0.0,-0.017699098239742916,0.003033680534189065,0.0,-0.023498672574965518,0.03723885911796643,-0.07407405538557055,0.0,0.0,0.0,0.007692288129757641,0.0252100587791928,-0.043902398176946855,-0.15487805005697042,0.0,-0.027497726391446653
2021-10-07,-0.0035273862322506844,0.008715703972387301,0.06976756852358479,-0.0037878787878787845,0.03913890490010363,-0.017094012365392763,0.0,0.013667449060974723,0.03951371305417828,0.004048521094425883,-0.010101000370632551,0.04933584517830791,0.0,0.0,-0.0043667457887850425,0.021739130434782705,-0.01479295282246651,-0.0007794410710290078,-0.002499997615814209,0.002196922316986205,0.01611170784103111,-0.029069767441860517,-0.006972081184281165,0.02127659574468077,-0.0061601095844271425,-0.06656581669182504,0.012589924482233394,0.025525537565890932,-0.007220246649617401,0.015789433529502572,-0.0018656485681975976,0.022284168255515047,0.029629599977206045,-0.0006814260237609782,0.019108261393313564,0.022522500753112684,0.0018902829009344035,-0.006290453065625035,0.018716559642861785,-0.02802098885169768,0.06285716465541302,0.0,0.00172420014583885,-0.0015000564282261486,-0.005089078036186079,-0.02459013990675485,0.06122443021609958,0.19336228897804997,0.0,0.0042412891376131245
2021-10-08,0.02300889911782278,-0.008988755857864406,0.0,-0.011406844106463865,-0.03389827312208993,0.0,0.01666658958565881,-0.006741584270874901,-0.020467885994093882,0.004032273570407474,0.0,0.012658172546182733,-0.004504500150622537,0.0,-0.024122828787578765,0.02127659574468077,0.003002982949604105,-0.0015600237570543296,0.0,-0.00043831288204454477,0.005285412262156397,-0.041916167664670656,-0.014042160438625162,0.0,-0.0351239815980271,0.08752025205441849,-0.028419248139605058,-0.013177182078071725,-0.014545408041322538,-0.0051812682939942345,0.005607503956993831,-0.00544958597022982,0.007194180437007036,0.018409036752298436,-0.05000002607703169,0.013215846538256804,0.0,-0.005843228113641907,-0.015748016714081325,0.009909878639362768,-0.03225808436366906,0.0,0.006884483764027838,0.0,-0.04859329374243282,0.0168067058527952,-0.04807687899064572,-0.015719480924438978,0.0,-0.025809443962659606
2021-10-11,-0.027681691750476745,0.006802768899403677,0.021739136471904397,0.03846153846153855,0.03703704736489377,0.0,-0.0036429926534926604,0.010558023169826347,-0.011940287460221466,0.032128560508644766,-0.020408204226431526,0.011607238751694782,0.0,0.0035555521647134825,-0.05168540468823146,-0.03125,-0.014970037628892041,0.14531247101258526,0.0150376393620828,-0.003289601518897789,0.09463722397476348,-0.012499999999999956,-0.002034537563029293,-0.04166666666666663,-0.023554632059385128,-0.07004474878641032,0.005484572476565086,-0.02744806365903618,-0.007380213437844674,0.0,0.01115237413065051,0.0,-0.0071427938889455644,0.00022320816636622887,0.0,0.01739128812274293,0.0,0.0,-0.043999989827473995,0.0017840770759409708,0.08333333333333326,0.0,0.0,0.0,-0.013440859939393479,0.03305781867105084,0.005050500185316276,0.004914000020385556,0.0,-0.026974925807722205
2021-10-12,-0.021352337641604602,-0.005844584381113127,-0.021276601527636885,-0.014814814814814836,-0.015037668789816938,-0.008695720085494463,0.004570440343584892,0.007462715247501972,0.015105726036447331,0.011673121718080326,0.005208328482694924,0.019417470280097993,0.02941179008981365,0.012400384747191406,0.028436007247322204,0.010752688172043001,0.06079026041763669,-0.010914041546893571,-0.017283992188819042,0.006600645402484284,-0.025936599423631135,-0.01898734177215189,0.013251697778386085,0.04347826086956519,-0.008771921569070362,-0.05769225478877493,0.05818177433678273,-0.000762721240989972,0.022304928283693126,0.005208253653516293,-0.0036764250883406513,0.010958893372029044,0.021582770009893615,-0.03268626586292955,-0.0559210784299885,0.02136760366190571,0.0,0.008163417047236665,0.0418409638361914,0.0,-0.01025644938151038,0.0,0.010256604623043453,0.0,-0.03814717974863535,0.07200002670288086,0.005025120811725348,-0.036674838574888846,0.0,-0.0024753040851818175
2021-10-13,0.027272735790716318,0.0033641808400060036,-0.06521750198491516,0.007518796992481258,0.019084043098801073,-0.0029239286682347654,-0.020928195852953024,0.008148122716832962,0.008928634150297876,0.0499999706561749,0.015544088815740986,0.00606057937157134,0.015384547668098714,0.0026246484838330364,-0.004608224721887488,-0.010638297872340385,0.06876789429839225,-0.0034482890161974256,0.0,-0.00021844363280498769,0.05719921104536496,0.006451612903225712,0.03621736675542997,0.02083333333333326,0.04535396561307814,0.023809500639594416,0.024054976008106133,0.003816735542334193,0.0436363315914996,-0.010362635414346344,-0.014760155358389149,-0.029810333823480528,0.01408449285348734,-0.06008543969171831,-0.038327491108731127,-0.04602515844609745,-0.016603698956606183,-0.010526436994710342,-0.029451110625266286,-0.011576061092226309,-0.07772021032620802,-0.012963150898888331,-0.024535044936328076,0.0,0.07932009341577828,-0.014925358528601551,-0.014999985694885254,0.1065990025873862,0.0,-0.06550867095850088
2021-10-14,0.007079654250843559,0.009279962825454957,-0.023255922192881417,0.033582089552238736,-0.024344590023638313,-0.002932431913942324,-0.0037174777461456143,0.003673783394280372,0.02654864642603183,-0.08058604091842825,0.010204071702683226,-0.0005737365867324318,-0.010822449163687464,0.0034903980558358416,-0.006944514759934295,-0.053763440860215006,-0.013404736529719852,0.01660898091945162,0.020100483246901613,0.0,0.001865671641791078,-0.0064102564102563875,-0.02815533558085659,0.0,-0.0222222267074631,-0.061461775204546876,0.016778541888463172,0.01901140739561047,-0.01393734107231892,0.005235621961910741,0.07677904292583149,-0.02793293485019055,0.0,0.006134920060292037,0.0,0.0,0.022640018483097935,0.0,0.023448286385371775,0.0,0.016853997599312276,0.022509422289341163,0.01040783131301315,0.0,-0.023621988116166226,0.015151500099837678,0.0,0.02981642973000853,0.0,-0.10037171520478982
2021-10-15,-0.010544782357858495,-0.003355674986497581,0.0,0.028880866425992746,-0.06909791379626262,-0.01176479659412899,-0.008395383207754792,-0.010980938521656824,-0.028735604621977107,0.08764935546435249,-0.030303061318608826,-0.014925386207986224,-0.03938737383249247,0.016521702642026126,-0.020978997764296903,0.022727272727272707,-0.019021821613745993,0.004765190639760997,-0.019704414983633067,0.0,0.024208566108007368,0.06451612903225801,0.02397600056248672,-0.020408163265306145,0.00432900030777672,-0.019469049850918796,-0.03465345513981721,-0.0179104311903322,-0.014134231706285472,0.0,-0.008695724227725021,-0.022988483697581663,0.006944382356275369,-0.029268137590274357,0.025362294740822966,0.07894739869118661,-0.020637848656413493,0.0,-0.04312670732763746,0.013513478682458668,0.03314919164775221,0.0,-0.009442135050750311,0.0,-0.010752728969764092,0.05223875485010554,0.04060909773818233,-0.14142534174039412,0.0,0.06080275955281578
2021-10-18,-0.0017762238095090366,-0.01735130707971,0.03968262738890482,-0.007017543859649145,-0.051546392766154026,0.0029762136973017217,0.0065849922648175685,-0.008142161990227215,-0.02958584013766763,-0.021977966699229023,-0.031249970896168877,-0.0011655278520698031,-0.02277902224917905,0.0008554516031478165,0.009523785303509502,-0.033333333333333326,0.04432132090984808,0.021002673518648596,-0.02763822436865504,0.0,0.07000000000000006,0.0,-0.013658570080268717,-0.02083333333333337,-0.03017238588664739,0.025270734196678246,0.0256409708777261,0.0,-0.02150536153711624,-0.02083341197834765,0.0,0.032352909414826936,0.02758618119308176,0.026381816079181997,0.042402871806623166,-0.028455256974518672,0.0,0.0,0.01408449379940424,0.0,-0.010695227528323081,0.0,-0.0008666723409328503,0.0,0.05163047731711501,-0.10638296433266425,-0.02439022120941492,-0.08690013916718131,0.026486308657599267,0.05230943628133877
2021-10-19,0.0017793843944367005,0.001587678153587735,0.00763372103285076,-0.010600706713780883,0.028260895029584177,0.0029673821339495365,0.012149500464271323,-0.0037312864540238744,0.03353662636399224,0.0299625173858038,0.0,0.00554266184866381,0.03263400180197773,0.007692320859408852,-0.00943393849868146,0.034482758620689724,-0.02122015514881659,-0.011280695403884544,0.028423807950193947,-0.03804110286510198,0.040781648258283676,-0.06060606060606055,0.02176066018790679,0.0,0.030000050862630134,-0.03169011158073787,-0.0033333210526628188,-0.012158043257392115,0.003663019127981171,0.010638338885950116,-0.026315646014733796,-0.014245000698614008,0.013422913295959349,0.011015967647501679,-0.03898305345013098,0.07112963615630563,0.0022988642351269295,0.0,0.01388894223872672,-0.017777760823567745,0.0324324530524176,-0.008710908497241765,0.0026021824796862436,0.0,-0.002584038419816359,0.007936500427734305,0.0,-0.035511363828785614,0.0,0.023268140539822957
2021-10-20,-0.005328671428526999,-0.018165736805347277,-0.022727376102591235,0.050000000000000044,-0.008456651520450165,0.011834195867162833,0.008310512876993803,0.0262171848535091,0.008849548808677277,0.07272727272727275,0.02150535566956502,-0.036843644119191166,0.0,0.0,-0.019047631157769085,-0.022222222222222254,0.0352303980694566,0.014765118970553992,0.002512560405862674,0.0,0.059591836734693926,0.10322580645161294,0.012584715914913502,0.02127659574468077,-0.012945073711716715,-0.06909092989834875,-0.013377876969593805,-0.03692304171048677,0.007299192917842534,0.0,0.019819665307066137,0.02023119435579157,0.0,-0.03268768514061404,0.026455042918707594,-0.046874956344253316,0.003822564145128826,0.0,0.015068445726461377,-0.014479623950257037,-0.052356019896741546,0.0041646664188710325,-0.004325236488475825,0.0,-0.02331600380204768,0.0,0.04999995231628418,0.0824742188403067,-0.004739279567139265,-0.06253234976574107
2021-10-21,0.016071470804195576,-0.011614335863284087,-0.06201539640423115,-0.04421768707482998,-0.03411510564179687,-0.02923978351458123,0.002747107145133487,-0.008759115856186162,-0.005847947508874518,0.003389843439651763,-0.005263152941442195,0.0033132713199921504,-0.022573342778225647,-0.0033927024582229848,-0.04368933327300595,-0.03409090909090906,0.007853418202929507,-0.013888891516959712,0.002506263268008846,0.00568175804619897,-0.06548536209553157,0.01754385964912286,0.011472264351955141,-0.02083333333333337,0.019672165320231416,0.01562498544808455,-0.032203391349045485,0.034344994870572965,0.003623311002538543,-0.01052635594418172,0.015901138152346395,-0.01983000957794301,-0.013245125129748625,0.00212777399672448,-0.03780073205152623,-0.00819671330225158,0.007235382288757419,0.0,0.0,0.01010097825613876,0.02762430881006428,0.0004606572887169147,-0.000868841091826833,0.0,-0.03183025831975839,-0.06299206685632519,0.09523812226968142,-0.013605429378242606,0.0,-0.044101392722045274
2021-10-22,-0.03339193155872189,-0.003525344986911927,-0.04132239606636767,-0.028469750889679735,-0.006622562564874368,-0.003011925749066169,-0.008264457892734778,-0.01693663796233369,-0.02352945878843815,-0.08783784959331908,-0.03174600171093711,0.012608770688375959,0.0023095217224107234,0.0017021666181848971,-0.05076142263038552,-0.05882352941176472,-0.0727273215716484,-0.016096564290697835,-0.03750002384185791,-0.005649658056080642,-0.060181368507831845,-0.051724137931034475,-0.023629489773420276,-0.04255319148936165,-0.045016085715798515,-0.07499997707513584,0.003502613852623515,-0.015444000942922531,-0.03610112655649689,-0.01063823743123149,0.019130467206823987,-0.014450853111279693,-0.06711403310487463,0.009116897071317354,-0.05357137839404824,-0.03305791719112183,0.0,0.0,0.02429153966023967,-0.03727271340110083,0.005376364484882101,0.0,0.0,0.0,-0.005479472957245268,-0.025210158955061512,0.13913040864219672,-0.026206904444201262,0.0,-0.0028834623195250764
2021-10-25,0.00545462211644776,-0.0011791598758603694,-0.00862039915185786,0.03663003663003672,-0.006666713290744308,0.0,0.006481322053713212,-0.024719094702357225,-0.009036136142469231,0.022222236350730507,-0.010929016211355558,0.116513500104104,-0.018433161496169914,0.002548830229773147,-0.005347580128704177,0.0,-0.07563025514405675,-0.011588280532367379,-0.025974001846660322,0.0,0.025438596491228038,0.10303030303030303,-0.012584715914913391,-0.022222222222222254,0.02693600170912136,-0.09355505501422035,-0.00523562448758319,-0.0031372519100413276,0.011236002316026061,-0.021505355393904968,0.025597215784233907,0.0,-0.007194294786443289,0.20915846949694172,0.0830187857639102,0.02136760366190571,0.007561394155184642,0.006546766352001354,-0.030303032206799863,0.0,-0.005347613764161596,0.013358081953988465,-0.008695696046245427,0.0,0.033057872952082956,0.0775862379037251,-0.05343506587815028,0.0014164630259045907,0.0,0.015037496111391713
2021-10-26,-0.012658311600749816,0.009445091048871701,-0.0782609864438727,0.09540636042402828,-0.03131988211560821,0.027190397020379953,-0.004599703592318871,-0.009984647455476892,-0.006079021628696002,0.028985479203023967,0.005524922645682384,0.22543817612495842,0.06807510475865541,0.0,0.02419358973613983,-0.012499999999999956,0.03939399044309866,0.011724143192685776,0.013333320617675781,-0.00886375610270096,-0.06159110350727115,-0.0494505494505495,-0.0019607357316996366,0.022727272727272707,-0.007650240190443025,0.009174302896359121,-0.04210527558203425,0.0031471252346950696,-0.003703828566524847,0.0054944214246803735,-0.006655577627739051,0.026392936042225035,0.09420298451695874,-0.15557822606327487,-0.013937269494084026,-0.02092058097916616,0.0,0.0,-0.0013587267256014446,0.011331433789427914,0.037634346302927835,-0.010909226708471276,0.0,0.0,0.01599995930989584,-0.007999992370605447,0.032258033504347416,-0.1258840624771319,0.0026455609742739306,-0.03532757600214054
2021-10-27,-0.025641008700251544,-0.01052633340118736,-0.018868068918450054,0.0,-0.025404188326233257,-0.02352959318825787,0.002772774788848187,-0.022498056953369483,-0.0030581010769374917,-0.04225348139821283,-0.0054945655957939765,-0.013434511941117888,0.08351640036797159,0.0,-0.04199477623447001,-0.03797468354430378,-0.0029154323345523814,0.005453300837764186,-0.05789474509759629,0.0,-0.0264357338195077,-0.005780346820809301,-0.005893950669745407,0.0,-0.020925064094686863,0.018181800448205276,-0.07509151754497367,0.0,-0.033457172696364834,-0.016393401615722336,-0.011725234428350162,0.03142854145595009,0.052980079470750674,0.011515096186282658,0.0035335656299810836,-0.025641002128344415,0.0,0.008130084870218601,-0.02312926238091484,0.0,0.04145083813645911,-0.0027572238404651728,0.0070174341595228285,0.0,0.0,0.0645161631452178,0.01562498544808455,0.03074434668253656,0.0,-0.0005906809628809517
2021-10-28,0.015037611464921774,-0.004373487267940623,0.05769226635454183,-0.048387096774193505,0.0047393322087359024,0.012048287907200361,0.01013809813295996,0.0,0.046012299327067296,0.040441119237756284,0.038674063350848,-0.02503842346173779,-0.026369095766798134,0.011864354863177162,-0.008219192017158927,0.03947368421052633,0.04093562387967209,0.0,-0.00837988045505711,-0.0025223989060658702,0.055243445692883864,0.023255813953488413,0.021739157066863468,0.022222222222222143,0.0011247778201752823,-0.006696475375139399,0.00792076230699923,-0.019607843137254943,0.007692340043850665,-0.0222222010294596,0.0,-0.0221606443298612,0.06289312199883734,0.0005991177284334626,-0.017605617544854346,-0.013157882353605488,-0.007504648549505721,-0.006451731845213637,0.002785512730456574,0.016806751123683794,-0.004975143262281545,0.0004655849830159653,0.0,0.02003001988043951,0.034120816373282015,0.03787875024959453,-0.030769202554013275,-0.11616951089681471,0.007387978961724828,-0.009456255714577644
2021-10-29,0.011111076119002306,0.0020181935192267186,0.009090602923978564,0.047457627118643986,0.04716988134401512,-0.011904854789206554,0.0,0.0,0.029325484491361298,0.07773854495580412,0.01063828775385156,0.09011038646089253,-0.006250043461718424,0.0008375401367908264,0.01381215489019949,-0.012658227848101222,-0.0365168278177076,0.016949152542372836,-0.008450696279642567,-0.008735707888114619,0.03904170363797688,0.017045454545454586,0.02707927745060168,-0.021739130434782594,-0.011235891245119367,0.03146075265694748,0.029469485440765775,-0.06319999694824219,0.045801492274843314,0.03409093002642427,-0.0016949819055633863,0.05099152074109958,-0.09467455676953085,0.0119762079384651,0.060931927820184084,0.008888880411783928,0.0,0.000811703373153172,0.001388920714826547,-0.007346181926900175,-0.060000038146972634,0.004140784709978806,-0.01480808736821182,0.0,0.0,-0.036496315432303805,-0.007936500427734305,-0.04085257804587561,-0.004739498208082948,0.0053699374319098325
2021-11-01,0.016483653911224527,0.0017772919512482055,0.018018337355975467,0.016181229773462702,-0.06756760965509312,-0.003011925749066169,0.01368618973163338,0.01984126924056806,-0.0626780709994228,0.12131150042424443,-0.005263152941442195,0.05187026592042909,0.06708599013436922,-0.0016735986952777226,0.029972780177044855,0.02564102564102555,-0.011661804723024471,0.10000000000000009,0.002840906397000742,-0.0069572181831562,0.04440649017933396,-0.027932960893854775,0.03013179833074675,0.04444444444444451,0.007954510603070064,-0.030501163108637375,0.041984762226874084,0.053800180391853525,-0.014598493695435755,0.0054944214246803735,-0.023769069268633092,0.021563321531935076,0.026143765047899725,-0.003668753520200463,-0.01351350045186761,0.008810564358837869,0.009451764573268129,-0.0024329891458946262,0.018030528953274283,0.023126733607366834,0.058510660963288164,0.00045878943518795623,0.007957388128400966,0.0,0.022842580617427055,-0.022727340459820944,0.0,-0.0351851951601736,0.0,-0.030267075212810912
2021-11-02,0.01261250972062622,0.028976923450011238,-0.04424765355236526,-0.0286624203821656,0.014492740269210325,0.015105710935992667,0.01080100889249569,0.00389099109542812,-0.03343461895782818,0.08187132089466909,0.005291000285156278,0.07544204395820175,0.02161093386634172,-0.011735150020240614,-0.007936521285438536,0.0,-0.017699148793942965,0.0012121489553740261,0.0,0.018916592944031585,0.04987735077677846,0.01724137931034475,0.022851920437755746,0.0,0.011274000311153776,-0.04494377928932192,-0.010988970367880602,0.004051879263905711,-0.01851859554428481,0.010929003894951883,0.02782610136728403,0.002638519937706807,0.012738841251293653,0.0036822628349384434,-0.04794524015282309,0.03493446508240128,0.020599200768557813,-0.0040651887807345854,-0.006812014944881817,0.0,0.035175918409949825,0.0018339893198149326,-0.006140118561664076,0.0,0.07692313517384752,-0.015503861641813277,0.0,-0.07293668170030798,0.019576967488580177,0.022031860892886668
2021-11-03,0.0,0.028735632813895018,0.01851836518888006,-0.016393442622950838,0.00952380087370197,-0.017857282183809886,-0.007123697079641,0.0,0.02830185920753414,-0.04864862802866343,-0.015789458824326585,-0.05370848285090146,0.02500002292486414,-0.004240898294880502,0.01333333333333342,0.050000000000000044,-0.006006043547834072,0.04237281090763245,-0.01983000957794301,0.0,-0.014018691588784993,-0.04519774011299438,-0.002680941384822111,0.0,-0.0245262274782162,0.056470534380744564,-0.024074117580473064,0.02905566155785122,-0.003773600897625684,0.043243202003272696,0.008460219242236056,-0.013157882353605488,-0.012578604406595195,-0.003787215089134377,0.007194237817389482,0.0042195060610632495,-0.007339493807684394,0.004081781995106448,-0.009602218385140304,0.010849898825161297,-0.024271844210729476,0.0034323941434459826,0.007943341042601082,0.0,0.02995389841830698,0.05511815236486828,0.0,-0.002070342070938369,0.015568091435817388,-0.01497005919633243
2021-11-04,0.03202855231101265,-0.010938484808607152,-0.018181670377093173,-0.046666666666666634,-0.004716976888241464,0.0151515619605056,-0.008071550312954145,0.0023256346924547255,-0.02140670753856222,-0.014204545146670244,0.010695176938778195,0.01679534642275282,0.03189494910456592,-0.011073263796881339,0.1578947368421053,0.08333333333333326,-0.009063462045175719,-0.009291512996056017,0.011560682489023755,-0.0293378244415593,-0.024486571879936858,-0.08284023668639051,-0.19265229820131557,0.0,0.0011428833007811612,-0.017817355853925076,0.02466797736810533,-0.09333330042221966,-0.0037878949012249974,-0.036269372189749016,-0.008389244395374584,0.026666641235351562,-0.019108312496595836,0.04537904224036682,-0.035714252262698754,-0.021008482491862712,0.0,-0.004878065556693678,0.02631579816367502,-0.004472288852417572,0.024875621418442906,0.0034208156845747517,0.00788092307642052,0.004909245788043526,-0.0715883827365067,0.022388037792902438,0.0,-0.020746966371011144,0.0,-0.03161096861072443
2021-11-05,-0.03448288423822743,-0.03977591277835835,0.009259182594439919,0.0034965034965035446,-0.02606627065075051,-0.008955222150230036,-0.0045210740987875475,0.028615613056944378,0.012499987892806708,-0.02593664282682473,0.005291000285156278,0.03892164653551311,-0.09454545107754797,-0.011197253943599494,-0.10909092065059778,-0.07692307692307687,-0.015243801495227971,0.0035170794354828505,-0.017142840794154623,-0.008264396058873635,0.034817813765182226,0.019354838709677358,0.012208618632953971,-0.04255319148936165,0.026255654820420693,0.117913831954362,-0.03333338672755026,0.012110673405414829,0.0,-0.010752728969764092,-0.015228412161803928,-0.025974001846660322,0.019480552990749578,0.0022727454219722,0.007407400212333881,0.012875524623216839,0.004066568145952187,0.004901977725395579,-0.155195633226889,0.03324347544965578,-0.0145631620802803,0.038545453720642664,0.0034750943172372484,0.0,-0.07228915662650603,-0.02189778925938224,-0.09999999999999998,-0.04237284282951548,-0.0035770628730729115,-0.05021972224789828
2021-11-08,0.005357218284536058,0.0058941560633041234,-0.009174236662021773,-0.006968641114982632,0.009732350499663811,0.012048287907200361,0.012715793520873486,-0.018796992211636,0.006172833601125083,0.017751547407151236,0.0,-0.042214936435656214,0.0120481812348876,0.03571435691943914,0.03571432510316708,-0.011904761904761862,0.015479772067821251,0.01168217557165585,-0.026162834619430586,0.00047628752420081355,0.11189358372456959,0.0,-0.06030703921452374,0.022222222222222143,0.031145794635619062,-0.030425887171039223,0.03639847148918962,-0.06410256514757218,0.019011488024678558,0.010869606906841245,0.008591047250670947,0.013333320617675781,0.019108312496595836,0.011337715531607673,-0.04044122513138659,-0.016949137131806236,0.010309340734876438,0.0,-0.06389777647642036,-0.021739130434782594,0.014778382053408423,0.0,-0.004328892100725068,-0.022960414357587444,0.01298701298701288,0.1194029571909665,0.11111111111111116,0.07079649845391889,-0.012820431059261117,0.06675474339511211
2021-11-09,-0.008881027513207962,-0.0397773447564701,0.0,0.007017543859649145,-0.0120482384544226,-0.002976285940758605,-0.006278066167342389,0.045976966975172395,-0.015337408730844548,0.014534883076207317,-0.01052630588288439,0.004006851461248795,-0.023809501283202916,-0.010933566920704463,-0.0369458118821866,-0.02409638554216864,0.03353667861869414,-0.0011547608612053617,0.005970143730110733,0.015531605620420219,-0.010555946516537684,-0.03797468354430378,-0.02683775384207243,-0.021739130434782594,-0.03667746880240319,-0.09832641138056619,-0.14602582825463994,-0.08767123788757392,-0.029850761081651855,-0.021505355393904968,-0.013628627016008754,0.021052674507501035,-0.006250043461718424,0.08183871826956834,-0.011494242373779495,-0.004310340840949611,-0.0014577346786222023,0.0,-0.06996592404570123,-0.016000027126736094,-0.04854368842145884,-0.03230026846623857,0.0034781162475554517,0.0,-0.038461538461538436,-0.10666664441426599,-0.039999961853027344,0.028925591337169543,0.0,-0.02788103012901899
2021-11-10,0.005376327204008824,-0.0012180546693508765,-0.027777902631912044,-0.03135888501742157,-0.04634142029788835,0.0,0.004512524545989383,0.034432254957045494,-0.01557630894769324,-0.0229227225438543,0.0,-0.031166845741889437,-0.04878053744586641,-0.021258502987611783,-0.06649618796954437,-0.024691358024691357,0.014749316086389408,-0.05433518313083463,-0.03560827585582371,0.0,0.0007112375533429027,-0.006578947368421018,0.02877695044690043,-0.0444444444444444,0.003359432468754031,0.1090487873013064,-0.07142856399894948,0.14614615331303038,-0.04230775657359531,-0.01648357867215422,-0.0051813721763319665,-0.038659817253393514,-0.037735813219785475,-0.029741000341099166,0.007751930820906638,-0.04761900338554392,0.040146141725471596,0.0,-0.016513702550545184,0.0,-0.025510203585134117,0.00859308582518481,0.006932660465914786,0.0,-0.002666625976562531,-0.022388126755056525,0.08333325054910778,-0.14658634865011522,0.0,-0.028680676947101857
2021-11-11,-0.016042822503511855,-0.0036585041059751244,0.0,-0.025179856115107868,0.028132964880090316,0.026865811368922188,-0.0017968042324592037,0.01912184560566521,0.003164553858114205,0.02052788252969262,-0.1648935870030931,0.0011769590786541162,0.004273500354724069,-0.020851413235938643,0.005479438119827318,-0.025316455696202556,0.002906957078749439,0.030562346048057742,0.012307680570162294,-0.01223550249455796,0.06538734896943854,0.013245033112582849,-0.0011655278520698031,-0.023255813953488413,0.02790178559549461,-0.039748964201003045,-0.03729600935735511,-0.002620064058596383,-0.028112332540134455,-0.04469269576030488,0.005208358620774067,0.010723850307905236,-0.026143868933987457,0.0050197388594499515,-0.03461535287326489,0.004545450112051208,-0.052631643070037426,-0.004878065556693678,0.018656698160751883,-0.022583559791504615,-0.03141363191028157,-0.006277839616953718,0.017211699815072645,0.0,0.010695125531074101,-0.03816790419867877,0.019230843295715117,-0.023529389325310235,0.0,0.015748016714081325
2021-11-12,-0.0036231461239133456,0.04773565969165383,-0.009523792722812785,0.040590405904058935,0.034825837599464116,-0.0029069993080556022,0.0027003008229011805,0.0055594108267813525,-0.0031545710481332145,0.07471271108677113,0.019108261393313564,0.08836203449520652,-0.0042553152634362545,0.03283051202577347,0.008174400893297573,-0.012987012987012991,-0.008695668466912831,-0.005338087148860082,-0.012158043257392115,0.02310632922060729,0.006004002668445585,-0.02614379084967322,-0.0315051941311526,0.023809523809523725,0.001085801177026724,0.0392156475718497,-0.007263953226978259,0.016637441253412044,0.02066105962982312,-0.02339179003549785,-0.01381693284019303,0.023872656399110515,-0.02013415659397011,-0.008501434597135593,0.07569723423998576,0.0,0.0,-0.003921582180316463,0.03296700129689234,0.01663588819340589,-0.01081085205078125,0.009107387846945647,-0.005922203864167419,0.0,0.19047621450426644,0.0873015993156252,-0.03773590168014018,0.04819272401665553,0.02233767217000171,0.022609844432796677
2021-11-15,0.01818179262785069,0.014018677532314339,-0.028846041053106952,-0.024822695035460973,-0.06249994268783943,-0.011661756824494218,0.004488413704134553,-0.006219775461439592,-0.031645614030057834,0.11497323694185324,0.16249999161809692,-0.05040502746204378,-0.027777701361563767,-0.009450223978271999,0.002702730196016301,-0.013157894736842146,-0.005847913866280141,-0.08288612435184839,-0.021538440997783903,-0.022118705010189532,0.10145888594164454,-0.006711409395973145,-0.03132532806108479,0.0,-0.0021692469831258165,-0.014675088457291818,0.11463412661641392,-0.011197253943599494,-0.012145680927781233,-0.02994011839266486,0.050788004182275914,0.005181404116229027,0.7945205315405999,-0.011789989433304782,-0.048148189683345666,-0.02262441242227664,0.0,0.0,-0.02659576221956539,-0.022727272727272707,-0.010928899668246395,0.0018051499613387367,-0.004255472616263023,0.0,-0.042222256130642344,-0.007299263086460783,0.01568625984353189,-0.03448278130022209,0.003557069367730481,0.04990530128457471
2021-11-16,0.0,-0.03225814248860648,-0.029703103665277508,-0.0072727272727273196,-0.030769261805968173,0.005899607430360554,-0.0008937294758756265,-0.01599447107651064,0.00653594160147164,-0.021582770009893504,-0.06989247001710142,0.04113740604635674,-0.028571452525570473,-0.02081524515840716,0.11051208522108857,-0.07999999999999996,0.008823469690170116,-0.008452543138725677,-0.012578604092237433,0.0,-0.05177603853100543,0.0,-0.01368160871098456,-0.046511627906976716,-0.010869503246587309,0.004255315263436366,-0.0043763512782417635,-0.016550486756055083,-0.004098377781480034,0.012345607788387003,0.020000012084025798,-0.015463963770208755,-0.06488552420085036,-0.0184382375711033,0.003891046973934831,-0.004629625030506013,0.011111091106420279,0.0,-0.04007282319919703,0.023255813953488413,0.0,0.0045045045045044585,0.0034189272442752827,0.0,-0.04640371393982479,-0.036764758087977634,-0.05405400429540086,-0.03809520349480777,0.0,0.021660570687404013
2021-11-17,-0.13035713776291802,-0.013095197818174698,-0.04081638505625207,-0.01098901098901095,-0.005291000285156167,0.0,-0.0044724515318602664,-0.019081237552527885,-0.02272725161582778,-0.03186272699435977,0.0,-0.03313910698295219,-0.020362025120903016,-0.0026571951348587364,-0.0873786048195182,0.01449275362318847,0.014577237057576964,-0.0249180402912077,-0.01273891685835693,0.0,0.01777777777777767,-0.013513513513513487,-0.013871331533217957,-0.04878048780487809,-0.0043956000193668965,0.05296610404930746,-0.004395587915032362,0.29317984329500635,0.008230426399050028,-0.018292636831624076,-0.014705869908525293,-0.005235597192677299,-0.09795915639915154,0.008839850004937588,-0.023255792462719804,-0.04651169237927755,0.0,0.0006561210416349272,0.005692639452927528,-0.023636384443803227,-0.038674074485440024,0.008968609865470878,0.0017034624980110102,0.0,-0.051094855281889395,-0.015267161679471508,0.0326530294485865,-0.01980196150035629,0.012658143948704126,-0.020612508298314736
2021-11-18,-0.006160039330792455,0.00965017178216887,0.0,0.011111111111111072,-0.03191486326155479,-0.011730154760793754,-0.0026950608113299745,-0.01585016319992083,-0.03322255978385491,-0.045569600938241694,-0.046242798863198153,-0.002259866955424683,-0.08775978815655416,0.0,-0.07712769806969555,-0.05714285714285716,0.0,-0.001344956573185896,-0.009677410423445276,0.0,-0.07361197754210858,-0.04109589041095896,-0.03964193554661788,0.02564102564102555,-0.014348797838843574,-0.04225343464284459,-0.024282628382943483,-0.011643840537820083,-0.06530615691378683,0.012422288872800724,-0.031509074914172985,-0.013157882353605488,-0.17194575017271863,0.0054764067260517635,-0.07539684867402374,-0.05365848666071282,0.0,-0.011475327234946264,-0.04528306402231386,0.003724391313358666,-0.011494187354914032,0.02222214372897846,0.01530623617387361,0.002499996715044972,-0.05384611472105372,-0.04651158492543972,-0.011857696335581758,0.015151500555948827,0.0,0.015033073518716522
2021-11-19,-0.016528943218983905,-0.026284381127457235,0.0,-0.02197802197802201,0.06043950105804785,0.005934764267898851,-0.0036036114917469275,-0.0007320811854716336,-0.030927886575027097,-0.050397917438417705,-0.006060600368335001,0.0924877608194874,0.04556963660361335,0.021314366451127276,-0.06340056264037153,0.015151515151515138,0.022988500622871166,-0.03973064898530987,-0.009771977863882841,0.0,-0.02020202020202022,0.014285714285714235,-0.03595212377295387,-0.025000000000000022,-0.010078404200694946,0.06722682341118058,-0.05882352941176472,0.004850983599710146,0.03056775124408939,0.0,-0.013698637425691218,-0.013333320617675781,0.10382517220857435,-0.008714666716531982,0.02145931003093504,-0.08762890272153567,0.0,0.003316512208294986,0.0,0.020408188541593875,0.0,-0.04260857606496293,-0.003350031134828013,0.0,0.04065040482310045,-0.008130073421291018,-0.007999992370605447,-0.04975125587876761,-0.005500042543814643,-0.04561603013610993
2021-11-22,-0.006302609030047757,0.0024540440122473584,-0.01063827980060017,0.0074906367041198685,-0.04145073879804795,-0.008849625957929041,-0.001808761611956644,-0.034432185090793266,-0.014184383971608927,0.07262576380523522,0.07926829046681116,-0.09364205051178431,-0.04116224493542375,-0.01304344508958899,-0.04923080053084938,-0.04477611940298509,0.01966300785384356,-0.005610092736466066,-0.003289470588401344,0.023809600594016045,-0.06804123711340204,0.028169014084507005,-0.04005524461615262,-0.07692307692307687,0.006787269785828887,-0.047244050142243865,-0.05288459316993466,0.034482758620689724,-0.05508472639497708,-0.03680978256926659,-0.001736089569957966,-0.035135165612308894,-0.08415837571951468,0.04395604525164076,-0.0504202177342542,-0.0056497121870150435,-0.00732605080921489,0.0,0.03162052356155143,0.008181832053444582,-0.034883741561368864,0.0,0.0,0.0,-0.049479204436969626,-0.057377090828291566,-0.056451654769131054,-0.12303665885440118,-0.0070385881755711255,-0.05152084704745763
2021-11-23,-0.035940872715133576,0.0,-0.010752669709574003,-0.0037174721189591198,0.024324300813361788,0.0029762136973017217,-0.013586625595735424,-0.009863437893083082,0.0,-0.11979172151121609,0.028248628284956778,-0.01696529556196391,-0.015151500555948827,-0.00969168340568094,-0.048543690918485316,0.015625,-0.016529027463043966,-0.023272208505214387,-0.009900980750178201,0.03999968309597657,0.02433628318584069,-0.03424657534246578,-0.04604312282104284,0.05555555555555558,-0.01910113298656735,0.0351239815980271,0.0,0.004000027974446541,0.03139013304341676,-0.0445859756540915,-0.008695724227725021,0.008403353487606458,0.021621600258574514,-0.023157912330945996,-0.030973421919550215,-0.017045438382004785,0.0,0.008264617107080596,-0.009578489637423804,-0.02344456495080971,-0.018072357681633844,0.0,-0.005882303774178643,0.0,0.04931504759069982,0.008695644061371466,0.02564110401662978,0.047761221010612864,0.0005062727335292116,-0.04973817333043484
2021-11-24,-0.0021927874099216815,0.022031860892886668,0.02173909270276675,0.011194029850746245,0.02374674234663776,0.005934764267898851,0.012855513606228497,0.01762448573752673,0.010791356726084,0.014792899742192,-0.038461566172910966,0.07407406859472232,0.03333336186205149,0.001779400193144598,0.034013606619062164,0.03076923076923066,0.050420194238888216,-0.03321299822940216,0.019999980926513672,-0.026162579119333618,-0.010079193664506825,0.042553191489361764,0.036199059875642536,0.0,0.05383737590762916,0.011976035935817197,0.015228430729773645,0.011952147841045369,0.04782602969298666,0.0066666920979818745,0.022807099156062494,0.011111167036458314,0.01587304257087707,0.01864227952644204,0.0456620557167875,0.011560682489023755,0.0,0.0,0.04448743049891002,0.015697144736061208,0.0,0.0022706629243356424,0.00929829071094912,0.021446414183578177,0.05483034805876219,0.0,0.020833312637276835,0.1566951435357964,0.0,0.05234154622916409
2021-11-26,-0.010989164078271663,-0.043113843581429556,-0.02127655960120023,-0.014760147601476037,-0.046391768414455026,0.0,-0.018132217952386842,-0.01430719760570287,-0.021352293238907083,-0.011661741110170376,-0.07428571156093056,-0.002527521054181525,-0.012406994573640806,-0.021314366451127276,-0.029605230686295836,-0.014925373134328401,-0.023999977383750926,0.026885709294008242,-0.0163398540036791,-0.04707240293611237,-0.08145454545454545,0.006802721088435382,-0.03930130792200748,0.026315789473684292,0.0,-0.015779171170520412,-0.017499994894177973,-0.000656183007350708,0.08298759639017206,-0.026490103450292568,0.07890222573165273,0.024725250432837687,-0.06250002069605642,0.02084002490570125,-0.06550212202950223,-0.017142840794154623,0.0,-0.020491813860823105,-0.01111110031850071,0.0,0.01840497904607763,0.005890300593543341,-0.018425605115969468,0.0,-0.007425817832349302,0.1551724758074502,0.004081628681073202,-0.022167466856587215,-0.0005060165511466819,-0.0013088680915485096
2021-11-29,-0.01333329210626455,-0.015018759574042972,0.043478185405533276,-0.0074906367041198685,0.03243240108448231,-0.020649127235167652,-0.006463368693404359,-0.018334588870934088,-0.02909088134765625,0.011799341981630462,0.024691334404499887,-0.047782794382777105,-0.030150784774517714,0.017241340516410242,0.047457592635504975,0.28787878787878785,-0.008196666299064126,-0.03345454822887073,-0.01993353587031299,-0.0007229819851878316,-0.010292953285827355,-0.06756756756756754,-0.027272701657507614,0.02564102564102555,-0.021739110153428554,-0.03206409914849684,0.007633620455642642,0.015758419698366,-0.06896552309821069,0.006802747127023556,0.04769473695304072,-0.03485257741988146,-0.027777794947839718,-0.0010364166710767897,0.028037355064628677,-0.011627895694091173,0.033210530676604844,0.0,-0.003745314673225475,0.0,-0.036144600462750365,0.015765924873692105,0.025862082683344667,0.0,-0.009975005645942447,-0.13432840468172236,-0.06504068428844845,-0.09319902300030625,0.0,-0.04193973353365077
2021-11-30,0.009009019465512802,-0.02477759817786407,-0.01041658280594504,-0.09811320754716979,-0.01570679157803201,-0.003011925749066169,0.026951509262439277,0.006225674811762616,-0.0149812586929019,-0.04373177939838779,-0.09036143323751822,-0.011594765315998457,-0.05699476584731589,-0.02319359750196881,-0.04207113295442588,-0.11764705882352944,-0.0606060778742733,-0.02633561944878482,0.016949136104436047,0.0,-0.03920000000000001,-0.09420289855072461,0.01557630894769324,-0.07499999999999996,-0.0077777438693575895,0.004140782865927672,-0.012626275803209741,-0.006464148658281377,-0.0246913400069676,0.0,-0.04704093718174818,-0.016666651213610217,-0.034285681588309136,-0.06431515181193814,-0.013636350336153957,-0.03529415312110251,0.0,0.013221791406585082,0.0,0.0,0.01874995231628418,-0.013303923955827024,0.008403365689501285,0.0,-0.10327461486211786,0.4913793697014166,-0.013043466092057199,0.11666669095004112,0.01670854675201694,0.0068399714262994404
2021-12-01,0.0,-0.02280132721639805,-0.07368414895368691,-0.14225941422594146,-0.10638300435690928,-0.015105857605484108,-0.02805439230158735,-0.017788127647497154,-0.011406923385144818,0.015243902793602881,0.006622510282393357,-0.07615382854755104,-0.05494506646146946,0.0027397016889267878,-0.030405455910435086,0.01333333333333342,0.005865063058072106,-0.007727931301250268,-0.009999990463256836,-0.005304945013615003,-0.08659450457951712,0.05600000000000005,-0.053680967125222634,-0.027027027027026973,0.03359453827640624,-0.08659795557784944,-0.012787798752418866,0.010409879544790224,-0.04219414439014302,0.0,-0.04458609178817141,-0.0056497121870150435,-0.04733732541012459,0.06319272056855696,-0.08755762697711622,-0.08536584568052041,0.0,-0.017178760048911168,-0.024436110948530376,0.0072727203369140625,-0.10429441320007016,-0.017977607465077927,0.015000178605092618,-0.020507870560801944,-0.028089888844431754,0.08092484633026964,0.0044052821794189345,-0.1517412681567314,-0.01643395917679069,-0.02377719939677514
2021-12-02,-0.008928581699185534,0.01066665649414067,0.022727304069790177,-0.04878048780487809,0.05952382557381353,0.036809957561051654,0.024208678452318555,0.014960672197727565,0.026923143934218574,-0.02102104441373087,-0.0065789411768027994,-0.028934208225611546,-0.06395349562522712,0.0,-0.041811829708721104,-0.03947368421052633,-0.014577237057576853,0.0,-0.016835000617720808,-0.011393838781778243,-0.007292616226071136,0.015151515151515138,0.03727715011822785,0.05555555555555558,-0.046587147651935945,0.011286725208207171,-0.036269359096514964,0.016741805109618868,-0.008810544870883064,-0.00675678244466027,0.09666676823002596,-0.005681812794001595,0.006211223660916865,0.041293045263498085,0.07070700259442764,0.0,0.0,0.0,0.08285160377607248,-0.0072202097704795465,-0.0410959154652657,0.01830671846359011,0.0016420366777933904,0.001994044504208592,0.01156073825199977,-0.080213890789119,0.09649124182932711,-0.08504404485988781,0.0,-0.044537254587309505
2021-12-03,-0.022522490630185632,-0.027348246887410776,-0.011111090608747043,-0.1384615384615384,-0.04775276421567454,-0.03254434385260263,-0.025454509755798216,0.0023273647922539276,-0.018726662661472826,-0.06441713412312389,-0.02649004112957354,-0.08081458380386719,-0.04037270598939302,-0.02550088749039814,-0.16727276426373106,-0.09589041095890416,-0.04437870546745304,-0.016355142963502822,-0.010273962536277215,0.0,-0.07438016528925617,-0.052238805970149294,-0.03125004423782163,-0.07894736842105265,0.022727250560256484,-0.037946445439771104,-0.024193522342831453,-0.02786571130122184,0.0,-0.047619035261751486,0.006079030465594437,-0.04000002997262142,-0.09876543331005727,-0.02964139298248558,-0.023584884441207543,-0.11999996503194177,-0.025000144676763147,-0.004201682896751602,-0.12099641320027821,-0.014545440673828125,-0.12857144219534733,0.0,-0.00409848811775515,0.0,-0.025714329310825845,0.01744184354113676,0.031999969482421786,-0.02884612739438741,0.008607409742773076,-0.04806991037267061
2021-12-06,-0.009216481516927999,0.014553664406173894,0.04494366459486909,0.017857142857142794,0.047197593646278735,0.015290340994921436,0.0027984386767192504,-0.013157900564247482,0.007633671839197387,0.05245896636462599,0.06802722577930842,0.026585805999340684,0.012945048991161556,-0.0037383142585097895,0.05240183789568187,0.0,-0.0061919088271285005,-0.04275534101029821,0.006920408373887188,-0.003188067819537732,0.004960317460317443,-0.015748031496062964,0.08387096724574694,0.05714285714285716,-0.0077777438693575895,0.02552207307999743,0.0,0.0006514185641057768,0.01333332370105822,0.007142884390694659,-0.05740188099290633,-0.008928563192385108,0.03424659622105475,0.021671805029709112,-0.04347822080763086,0.053030250349432206,0.0,0.012658158626450033,2.0465587077751772,-0.0027675030026663716,0.05737703444335551,-0.011236034431370001,-0.006584365196449338,0.0,-0.038123146487737625,-0.02285712105887272,-0.011627896231359958,0.07260727085397356,-0.008533954499668206,0.15990820209548584
2021-12-07,0.02558115175465492,0.049465225215990394,0.19354805477233206,0.08187134502923987,0.09014082747635133,0.024096575814400722,0.003721039938344939,0.010196087407130738,0.03787875024959453,0.06542063516019714,0.09554138289604919,0.03521124990781721,0.03514373516739422,0.015009366763823362,0.05394182201752429,0.07575757575757569,0.04361357316376302,-0.020678246223717944,0.024054959167747025,-0.003444129077597391,0.050345508390918114,0.0,0.03422619438309926,0.054054054054053946,-0.0033595392631867727,0.038461555058724395,0.07713495996823894,0.00911460588880253,0.013157885356380072,0.049645375200491504,0.06410260134376689,0.021021073052599926,0.052980079470750674,0.020202072746058564,0.020202000741265103,0.10071941520553107,-0.010622943257871054,0.0,-0.3102990044590769,0.0009250022959641502,0.09302331770736694,0.022727354828941726,0.009113636257434665,0.0,0.12195122234882305,-0.07602338732840141,0.0,0.11076919849102307,-0.0050637215431476035,0.04221638191058452
2021-12-08,0.04081643623289266,0.017834378112919103,-0.03603558139417118,0.00540540540540535,0.0387597157114028,-0.04117664529239651,-0.002780283725051791,-0.01009317649734831,0.02189778925938235,0.04385964814437848,-0.07558139131931829,0.17270131631751195,0.09876541120398064,-0.06192237478661311,0.06692921663736717,0.0,-0.056716350171922,0.0050675223960423565,0.020134208857554237,0.0,0.0046992481203007586,0.0,-0.004316508459640267,0.02564102564102555,-0.04157302263122831,0.010893183493581038,0.048593352583928384,-0.0012903521137852536,0.012987003848617062,0.00675671800720723,0.1129517324054008,0.008823520749498215,0.044025165406013755,0.01683152424987644,-0.0049504903750891005,-0.07189543553075795,0.0070347322065831275,0.012500007500214405,0.8410405009307511,0.01663588819340589,0.07801414170463672,0.0,0.004105049597455501,0.0,0.09239134772738877,0.025316430864913864,-0.003921564960883028,-0.038781127577257046,0.0,0.001265791382780046
2021-12-09,-0.0021786798132207297,-0.030037519148085945,-0.037383165854418254,0.005376344086021501,-0.08955221313529804,-0.030674790895328097,-0.0037175810612719573,0.006274503820082655,-0.0321428270364289,0.008403339794098352,-0.03773588725110655,-0.06287419315117626,-0.08426965088152594,0.02463054279761634,-0.040590441917412234,-0.028169014084507005,0.012658224740787816,-0.07478986707382418,0.1315789803903853,0.003702949431086955,-0.014967259120673537,-0.008000000000000007,-0.0361271672317508,-0.025000000000000022,0.0,-0.03879306756854661,0.002439073845802886,-0.011627865427925044,0.012820567063591692,-0.026845612669198826,-0.04194855232412398,0.023323592463275977,-0.01807231972754786,0.012658251650877528,-0.034825837599464116,0.1056338731695392,0.0,-0.01234568632851285,0.2297226190181516,0.018181800842285156,-0.013157882353605488,0.0,0.0057235906517481006,0.0,0.002487524184658252,0.018518500803375026,-0.003937004178520276,-0.0864553169575728,0.007633629316476265,-0.006953202199696307
2021-12-10,-0.02620090431753397,0.021935493715347754,-0.00970896724965331,-0.08556149732620322,0.0,0.022151918667399073,0.018656660787729207,0.0007794410710291189,0.011070099987999793,-0.02777777777777779,-0.01960782480441492,-0.03594255163628268,0.015337408730844437,0.01538469297646361,0.019230769230769162,-0.01449275362318836,0.012499996969883798,-0.02361491584712172,0.0,0.0036893891299096815,0.0047483380816715215,-0.008064516129032251,0.0,-0.02564102564102566,0.007034047068580573,-0.0134529018534425,-0.024330924708663382,0.00849673940001927,-0.01687770763550167,-0.006896578032394962,0.032485913003355016,-0.022792001117782346,-0.030674866965842207,-0.007692163265659802,-0.015463963770208755,0.0,0.0,0.004166819171028235,-0.1191489037047041,0.017857126131349377,0.0,0.0,0.00731686778930718,0.0,-0.03225804619532213,0.06666667629974077,0.0,0.018927426288799065,-0.0030302973539193534,-0.031190309989073683
2021-12-13,-0.022421378546302106,-0.05050506205987393,-0.039215619970607296,-0.005847953216374324,-0.00819671330225158,-0.018575846274538788,0.006410296980825514,-0.006230523579077274,0.007299263086460783,0.0114286150251115,0.03333330154418945,-0.04101076206085941,-0.03323259728018424,-0.01988636645855313,-0.06415092420278101,-0.014705882352941124,-0.043209906100813544,-0.01860463342001273,-0.01744184354113687,0.007350951115858262,-0.023629489603024578,-0.008130081300813052,-0.010494778239983349,-0.02631578947368418,-0.06635619146671334,-0.0386363801384757,-0.019950169216386926,-0.04666236246199518,-0.012875464351002619,-0.006944404891978451,-0.028727768239498075,0.002915449057909525,-0.018987274281977773,-0.07364347290730011,0.11518332547862697,-0.09554145882553033,0.010026015437352376,0.0,-0.13768117277426706,-0.03245613139825554,-0.11333332061767576,-0.019555571254204263,-0.012913399747279009,0.0,0.01794873751126813,0.09659088523057857,0.007905130890387913,0.015479861306820109,-0.009625053299978759,-0.053876519981074344
2021-12-14,-0.0068808299121253524,0.035904252873847575,-0.06122451240809734,-0.02941176470588236,0.0688705212447367,-0.028391235794561598,-0.003639583020126791,-0.012539172769758689,-0.025362294740823077,-0.011299477645120626,-0.012903213897927035,0.014686831887277485,-0.03750003818422498,0.0009661135110121677,-0.020161289909090274,-0.02985074626865669,-0.02258057789544099,-0.005687243462743519,-0.008875801417927431,0.023595421033230757,-0.024201355275895398,-0.032786885245901676,-0.04696968897862419,-0.027027027027026973,0.057356491049493474,0.0,-0.06361323886388193,-0.004078886435153084,-0.00434790849058031,-0.006993033575937835,-0.01830985093613513,0.005813947847045586,-0.03225808436366906,0.008368043062584318,-0.05164325239638645,0.0,-0.016544125701247192,0.0,-0.0672269320613117,-0.0027198307975943026,-0.045112809989860225,0.0,0.00899415398856962,0.0,0.05037783278500663,-0.015544027049267939,-0.007843129921765946,-0.08841462328737504,0.0,-0.0256944371778286
2021-12-15,-0.02078539228851517,-0.04107832775717468,0.02173909270276675,0.0060606060606061,0.04123707285899503,0.04545450963134079,0.011872050651137389,0.007936462283165913,0.007434936989250351,0.06857147216796866,-0.02614376640588656,0.032779926150123595,0.019480578793626746,-0.003861000306814355,0.0041151634579428276,-0.03076923076923077,-0.03300333384506848,-0.01620591801746285,0.011940358629948689,0.05156837845643669,0.07242063492063489,-0.016949152542372836,-0.04133541393028595,-0.02777777777777779,0.007075521563162157,-0.040189143150685114,0.013586971247888435,0.06279864165527149,0.008733661649011903,0.0,-0.005738884009706902,-0.020231194355791682,-0.026666641235351562,-0.007261330665221277,0.13366335815640595,-0.056337976143534085,0.020560681684526294,0.0036799470112727217,-0.013813786636989178,0.0,0.09448817537695486,0.0,-0.004862155950818292,0.0,-0.028776996186674952,-0.005263152941442195,-0.0513833507875211,0.016722392025688038,0.04245521585222689,0.006414836372119481
2021-12-16,-0.00943391410596739,0.02008033461585712,-0.03191477145205679,-0.030120481927710885,-0.022277206687900897,-0.021738925585637614,0.0027076121903268913,0.006299206685632441,-0.00738006665866664,-0.03743319435188197,-0.013422805905036084,-0.07028029297692384,-0.028662468019451603,-0.0019379365000743443,-0.04918030907387272,-0.015873015873015928,0.153583646661827,-0.03585270314926925,-0.014749318344424278,-0.05084750321934994,-0.05642923219241447,0.034482758620689724,-0.033167542146512075,-0.02857142857142858,-0.0011709869937359674,-0.014778311237724773,-0.08579088627278697,0.0,-0.00865804521159208,-0.01408449379940424,-0.0057720088992828655,0.017699097617354553,-0.0205479795060185,0.035005268004546286,-0.04366808135300149,-0.0298508060193573,0.025641189237000095,-0.004166611784077068,0.13580995931028328,-0.016363664106889164,-0.007194203635955465,-0.011332649043741205,0.009771991050901097,0.0,0.0024690981264468004,-0.0687830667807291,-0.041666724615624595,0.029605313722777638,0.0,-0.01770538257976062
2021-12-17,-0.01428567134084735,-0.013123347261734364,0.0,-0.018633540372670843,0.16202534105777322,-0.009523959973660956,-0.0008998734753399296,-0.010172153142189,0.018587342473125545,0.0444444020589192,-0.006802714468455484,-0.06428733067260106,0.04918035990574876,-0.004854387360093471,0.004310388769180218,0.06451612903225801,-0.13313611640235923,0.01507543468140704,0.002994009197675007,0.012142713555856721,0.01764705882352935,-0.008333333333333304,-0.012006808874831187,0.05882352941176472,0.0058616872567529565,0.047500014305114746,0.09384164408842866,-0.006422570954105589,0.03493458206859534,0.0,0.05805518403170873,0.014492739601511984,-0.013986000772276186,0.023725513367501616,-0.07077624079448475,-0.02307690191550993,-0.00035736490935245335,0.0,-0.05040217443884831,0.01663588819340589,-0.04347828791136965,0.008711453861320662,-0.005645287675050681,0.0,-0.01231527139880817,0.062500008466569,0.08695654427396815,-0.04153358136989671,0.0,0.005046841773740818
2021-12-20,-0.04830905216139325,-0.013297859692314451,-0.02197798186954414,-0.025316455696202556,-0.023965169903618633,-0.028846069312754907,-0.011711810313502768,-0.012648209663005394,-0.029197052345843022,0.029255381209003506,0.0,-0.05614780818027998,-0.04062503515742666,-0.017561005383003092,-0.06008590108659384,-0.045454545454545414,0.006825981034558559,0.0019801488449493476,-0.06865672406600054,0.012467927408140733,-0.07129094412331405,-0.04201680672268904,-0.04687507761021148,0.0,0.024475529139196706,-0.019093060289627872,-0.01876675033311448,-0.025856532986435088,-0.01687770763550167,0.0,0.06310006311256622,-0.034285681588309136,0.02836876714373293,0.005916941888439942,-0.0663391174342085,-0.09448819415007159,-0.05001761261387405,-0.0023428858940887087,-0.350649317080841,0.0,-0.05303028934695919,0.0004546097127851034,0.004866099509522659,0.0,-0.017456283662802052,0.053475948442173626,-0.07200002670288086,-0.0033333301544189453,0.0,-0.03371587715224089
2021-12-21,0.017766484515064684,0.021563321531935076,0.01123593409050061,0.05844155844155852,-0.026785688626827175,0.0,0.008204285861523886,0.002401976556867691,-0.007518789579387564,-0.03617574930953493,0.0,0.06726908370761375,-0.003257325954627577,0.01588876387894489,0.036529705287043024,0.031746031746031855,0.016949125801446252,0.012845861256028712,0.01282057748038623,-0.02253754111155104,0.10062240663900424,0.11403508771929816,0.06375234900937721,0.0,0.002275364943170599,0.06326027824781488,0.038251354281941596,0.010617110195898727,0.0,0.014285700661795575,0.01806456010360402,-0.005917224457964498,0.041379381407362414,0.003921705573778134,-0.036842070590095366,0.03478267990573958,0.015419177121562155,0.0025162475979247922,0.05043477597443946,0.0,0.0,0.004089146786094844,-0.005649596870610507,0.0,-0.02284267743715096,0.14213196310829557,-0.004310340840949611,0.07357860465168198,0.0,-0.01336305134428073
2021-12-22,-0.007481337299082291,0.027044845088312952,0.02222211024777243,0.0,-0.05963307819265162,0.0,0.009041367085947938,-0.0015974805936423975,-0.015151590409901994,0.1340482601144961,0.013698616715036138,0.037394170636646296,-0.04901956201103741,-0.0009774463005824963,0.030836982689788517,0.01538461538461533,0.0033333109239410685,0.04097561719940934,0.00632910771622841,0.06370365470532868,-0.05655042412818101,-0.09448818897637801,-0.035958909702068276,0.11111111111111116,-0.006810489983984591,0.0,-0.026315754530792712,-0.0019697789804914434,0.03862671015143038,0.0,-0.012674310911920506,-0.002976187730794999,-0.033112602300249705,-0.02001954659772276,0.24590159449260907,0.0252100587791928,-0.025926005150381903,-0.00016743838252575305,-0.008278177326266678,-0.0018182234330610392,0.0,0.0,0.002435191007173154,0.0,0.04155840192522331,-0.03555552164713538,0.0216450015388836,0.012461047158154548,0.0,0.035364956236108025
2021-12-23,0.01758799256488497,0.022479151466269665,0.0,0.0,0.002439080271815719,-0.0033004357908300586,0.0,0.0016000366210937589,0.01538469297646361,-0.08747046878662235,0.01351350045186761,0.030151847607213567,0.09278349586351964,0.0,0.07692310200327035,0.015151515151515138,0.0332225405619746,-0.011246474667389372,0.0,0.0,0.06393606393606399,0.0608695652173914,0.021314366451127276,-0.025000000000000022,-0.05028566632952014,-0.038901620307982276,-0.013513527554359084,-0.026315764707210976,0.01652887212829679,0.0,0.003851176483923524,0.0029850718650552555,0.0,0.0004982199861482961,-0.0438596078453517,0.01639342660450316,0.0,0.0,0.00333897471250455,0.019125687331695618,-0.008000030517578138,0.0,0.0,0.019900471493636607,-0.02992511206743853,0.05529948448850974,0.10169492381566325,-0.030769201425405623,0.0,0.016715082733324893
2021-12-27,-0.00987655420627398,-0.04522614720969398,-0.010869476924474042,0.012269938650306678,0.026763905864690685,-0.019867465033666654,0.0,0.006389770030435393,0.0,0.11917104846266713,0.0,-0.019366137324236643,-0.05660379338946264,0.00978467956777096,-0.035714246067960365,-0.05970149253731338,-0.012861733928382302,-0.05687207304476205,0.006289302046118772,0.0,0.13145539906103276,0.024590163934426146,0.003478257552437247,-0.07692307692307687,0.040914462303872856,-0.01190469432579655,-0.057534228179436875,0.011486491493450712,-0.04471545496822571,-0.01408449379940424,-0.04347831557794113,-0.008928563192385108,-0.0205479795060185,-0.013944174573128021,-0.03669732095175382,-0.0483871463930442,-0.011406792748654637,0.0,-0.0399334839958857,-0.016979409071326557,0.0,0.0,-0.006477735213978986,0.0,-0.05912604014238132,-0.03930127321770138,-0.03846150319251662,0.04126980066239483,0.0,-0.005718364904566453
2021-12-28,-0.01995014712202181,0.04134209584364257,-0.02197798186954414,-0.018181818181818188,-0.004739332208735791,0.04054044634436149,-0.0017920706486115323,0.008730131218013026,-0.026515215484780308,0.0324073538531664,0.05333336194356275,-0.035233385243234494,-0.039999961853027344,0.003875965410453208,-0.05349796219818237,-0.07936507936507942,0.029316018525061605,-0.05025125724469015,-0.00937499091960503,0.007821258564719713,-0.11286307053941913,0.008000000000000007,-0.020797207271361695,-0.08333333333333337,0.05202321188262826,-0.05301205386857977,-0.017441864525993278,0.022712100636145927,-0.051063793397140955,0.0,-0.01203214415309617,0.012012000831672864,-0.006992944810711221,-0.025252536746533605,0.05238101833802267,-0.008474568565903118,0.0,0.004184045075594112,0.6481802877501526,0.0,-0.04032258188563265,-0.00452504634408557,-0.0016300760395704383,-0.01951217010861117,-0.03551910631853561,-0.21818182212262105,0.08000001907348642,-0.06707318003939289,0.0,-0.014378131664922078
2021-12-29,-0.05597964243125342,-0.0674988913846124,0.0,-0.07407407407407407,-0.00952380087370197,0.03246770953651534,0.007181442539056615,-0.004720725368734691,-0.015564187895738879,0.022421525430774247,0.0886075834761142,-0.04559206379728209,0.031249968955915364,0.05115836913217575,0.013043500375056638,-0.03448275862068961,-0.012658306566710298,-0.07724863036723117,0.009463713144399533,-0.0037694778500970694,-0.023386342376052416,-0.023809523809523836,0.005309687161915155,-0.06060606060606055,-0.07692315753797774,0.00254452679221151,-0.041420175549280125,-0.01698237895204091,-0.013452970958845678,-0.00714288439069477,-0.06495260845016093,0.008902139711311152,-0.03521128810051821,-0.007771902056956881,-0.045248932726261404,-0.09401710969221488,-0.03846148082624734,0.0,0.211356485857642,-0.013636328957297605,-0.016806707199696347,-0.006813526288651506,0.011428409264613526,0.0,0.008498562140069055,-0.023255860695907793,-0.01111110031850071,-0.02941173720662238,0.0,-0.024070016250026027
2021-12-30,0.01347706966679696,0.01693766911404304,-0.011236005857633402,0.08000000000000007,0.05769236941309597,-0.034591232654824666,-0.0008916285377724709,-0.011067145760491615,0.015810261780775825,-0.015350810782141844,0.040697634929319326,-0.014867185681208483,0.01683500061772092,0.0027547963292384736,0.08154501893868904,0.03571428571428581,0.03205140105125248,0.03899084199268499,-0.003124996973201677,0.0015579302201831347,0.04980842911877392,-0.016260162601625994,0.02464794851300267,0.0,0.0011905034923782587,-0.010152274434545583,0.11419755237935769,0.007308947194895277,0.004545473779701048,0.0071942722456204145,0.023154861495633172,0.020588215082162575,0.007299204865363063,0.027676023480404766,-0.014217996626207485,-0.01886790755296608,0.009999801067397174,0.011666885080768852,0.03081593126127724,0.021198113746533576,-0.017094001070560583,0.006860268911225376,0.0,0.0,0.005617999199770685,0.005952446419502655,0.003745314673225364,0.0033670001235441838,0.0,-0.0037369350005385105
2021-12-31,-0.01063831026588924,0.065956013059429,0.045454462974236165,-0.01851851851851849,0.027272700672307915,-0.019543967245076233,-0.0017936147545934977,0.011190998168427058,0.003891046973934831,0.06236078267050216,0.04469276235767472,0.04082141515648563,-0.016556275705983503,0.0,0.05158732281210199,-0.051724137931034475,-0.009316787643120827,-0.04415017148768663,-0.012539172769758689,-0.02222229519076213,-0.018248175182481785,0.03305785123966931,0.017182113691248002,0.0,-0.048751469066705466,-0.0025641000560834293,0.21052626324377188,-0.04287596471455324,-0.027149368767129922,0.04999998637608116,0.014144316225342068,0.02017289125811139,0.014492740269210325,-0.01575209146900458,0.0,0.028846242018708557,0.009900885852491825,-0.00016477186379193487,-0.02821052952816616,0.018953072165431184,0.034782575524371584,0.0,-0.008877926115664847,0.0,-0.03910608215131883,-0.023668686217741874,0.06343277374655654,-0.046979900673860486,0.0,0.0015004094432216064
