Date,ABM,ADX,AFG,AIR,AIT,ALK,AME,ARW,ASB,AVT,AXP,BA,BAC,C,CAT,CBT,CMC,CMI,CNA,COP,CTAS,CW,CXT,DCI,DIS,DOV,DVN,DXC,EMR,FFBC,FITB,FLS,FRT,FUL,GAM,GATX,HON,HST,IBM,ITW,JEF,JPM,L,LEG,LNC,MDU,MOG-A,MRSH,MUR,NSC,OMC,ONB,PEO,PNC,PPG,PVH,RHI,RJF,ROK,RRX,RTX,SLB,SLM,SNA,SPGI,SPXC,SWK,SYY,TFC,TKR,TRV,TXT,TY,UNP,VNO,WFC,WLY,WOR,WY,ZION
2022-01-03,0.0007344472261565649,0.00772796046961477,-0.012234202356711243,0.02152191080860244,-0.0012658598170829372,0.03781192472935779,-0.02291874896274304,0.007671101113595036,0.024346895361866627,-0.00315294842239644,0.028178328093031224,0.03248556054143381,0.0379859742538351,0.044874874950821875,0.0012575585255760746,0.01601445843252569,0.001377585792622149,0.006372019599782286,0.013838421081444618,0.02202843349092154,-0.04305377679609035,-0.003244995001560058,0.00579980052791762,-0.010462408445420679,0.012073115691289216,-0.018006520765404987,0.034506188916501035,0.03230820005889723,-0.01301523056231102,0.01927826070050087,0.0257175954469806,0.01372541094994939,0.0029339971329001013,-0.029506340333533387,0.003846283356397473,-0.002687441466710516,-0.008200948208087921,0.015526268957399614,0.0178062414716591,-0.01345219198722103,0.018299318620336402,0.02115525158021425,0.00588638734889857,0.0019436455460350999,0.021242196066444174,-0.0055124993176576265,-0.005928129090234213,-0.03791253950427875,0.059747157898732306,-0.018004067840228344,0.008461897222343806,0.01379693958663597,0.018159791777053735,0.03840017004124574,-0.01067012055464489,0.013408366785683468,-0.018561429928515172,0.027983437737824524,-0.02634389224331135,0.0035844383685339487,0.010574365780081862,0.059098445520319176,-0.0005081224617976554,-0.009564492638938438,-0.022948295153998988,-0.012902152376445208,-0.01426136615124629,0.005092218508001789,0.03159713800190711,-0.0020206146772880906,-0.004346813178485065,-0.011139800606463246,0.0006027853021066676,-0.016512415295592886,0.04586743434717255,0.05731569573902795,0.0015715751660767552,0.009147470643577016,-0.014812824796807456,0.017099365006772116
2022-01-04,0.02372795649146986,-0.002556016389604676,0.017177825948043957,0.04038125541719073,0.01394164300589118,0.025522490769448458,0.016844268723585243,0.005543237125523959,0.028090114682575384,0.029197116540063295,0.03210293653117979,0.027759089076869747,0.03919450900919719,0.007765530373394558,0.05352639844695606,0.023992863707470446,0.03467280126432426,0.038172446109148384,0.022152781574325875,0.0433778362193451,0.0024052316576110844,0.018448766548691653,0.02648549058351879,0.017223721539358694,-0.0065707507688758104,0.01760760191138222,0.04586386086335836,0.026482127000836186,0.04435491399113012,0.02052299693796833,0.04253412366483311,0.03288226391033011,0.019382719483978406,-0.005597246728053951,-0.001352228189031024,0.01414692891878766,0.010638494704008794,0.01415622758727153,0.014554819571663158,0.016839307093393874,0.02024773625042875,0.037910049771755494,0.022203205714174112,0.03540216964823051,0.04203122485425559,0.01336811053472542,0.026090022225368825,-0.0004786112765352568,0.07986991883896422,0.008106389402660286,0.022059758077054514,0.02449620628573812,0.024375796134454175,0.03683637416055263,0.003809805088410556,0.03192068923362079,0.02466886944212665,0.045012605830856645,0.010128073754134936,0.02904167833563731,0.0350692775252921,0.04854970248228674,0.02441470840761517,0.03548666086143126,-0.00277588834087783,0.006111027181871176,0.033614961986732306,0.024445911129627573,0.032284748288641474,0.05437476077270764,0.020866749786106364,0.01768393334460283,-0.003914418387602536,0.0171933160948865,0.034947334326333346,0.039818678412151254,0.004532664246740703,0.018491707282281222,0.012817186609071607,0.028487015469730093
2022-01-05,0.026527316945565316,-0.021527650419324806,-0.01920708077838762,-0.00771455396228693,-0.020673208670142884,-0.012263305605403452,-0.018208034862971068,-0.012789455745194744,0.0012608409150900446,-0.013238893879861435,-0.010656067925894241,-0.002621343190536085,-0.01687853666073913,-0.011636921338609052,0.007658024530627028,-0.008380295285003947,-0.008244902340112992,-0.00421231052846438,-0.0122593536553679,-0.017149194673512724,-0.04500020343267441,-0.006535362647250187,-0.007807565783100823,-0.005196831468453622,-0.003467418759764418,-0.011737395718698473,-0.022031055786594367,-0.018762807921328895,-0.0014607835207859354,0.0011828787512788708,-0.0030060733826683395,-0.01779042480890536,-0.02461065420011299,-0.011513389743837754,-0.01782891246421392,-0.00474486565199439,0.009856253748887989,-0.02959246442273733,0.0014488978682596354,-0.0038372002460107524,-0.025551673089027727,-0.018282057553764663,-0.010271073933467822,-0.0049179023977169445,-0.023815772782495026,-0.005469567987931079,-0.017193369869467734,-0.013879722632448854,-0.023427230358392004,-3.351732641265759e-05,0.0033103210743168354,0.004782375545655526,0.0005802965276930916,-0.016212316528061654,0.010802857286583922,-0.0185599528222814,-0.0013376046993440749,-0.02288599932260449,-0.016730030666055717,-0.029985980756677244,-0.004998591690274279,0.0,-0.01688167980136024,-0.00796787362745277,-0.008829472372953173,-0.013834987151865485,-0.00426710454215018,-0.008407588471531557,-0.010906319305151846,0.005074796069068244,0.004842948348132481,-0.01763428811541423,-0.012998778203577754,0.0030156373156833283,-0.018538983575733026,-0.008720191265006894,-0.01700790543405073,0.00943379654258325,-0.024823585720679886,0.002270308801411547
2022-01-06,-0.006782037304813526,0.0,0.016996631424966102,0.015549062002454761,0.011880422556511894,-0.00566005789118218,0.011992059635667962,0.0038716721160989565,0.044080784520716065,0.0021563200081986533,0.009163607513416272,-0.008119448664098639,0.020135601990038943,0.03277640892970246,0.010193119023059083,0.000172320682967797,-0.043174958543603426,0.014276248678759096,0.009530151455646507,0.03754115929286339,-0.00734026754973871,0.0032177251726861478,0.00230329443741506,0.001685203423862136,0.01101873369904105,0.011876798401406985,0.03776008335918224,0.007768100150901125,0.005643103185304588,0.037810154373098426,0.041783043060648506,0.0012711260919102685,0.00036764847169679093,0.006988327834354324,-0.005055187113705006,0.004099889645793331,-0.0011372422236971547,-0.0017260292538006095,-0.02083645232754272,-0.00012165808259467781,0.023930734536343312,0.010623900483836435,0.00986704925318449,-0.012944351156547018,0.023691907958056646,0.0029116110795444072,0.006283295297340397,0.011284482539742902,0.05003444371123189,0.0065484825061528085,0.026527835884061268,0.031200477043215935,0.0168216535902721,0.03851431859802923,-0.014326931655153308,0.006120943812901736,0.009285696914852704,0.014186355640354531,-0.006669593610391544,0.006276512791430822,0.005470262838568107,0.023752416691401823,0.019696985657749577,0.002783901161348634,-0.008337905261230905,-0.001368722498039987,0.005957585370071294,-0.0007523598251222285,0.03745748963438533,0.019787213042502527,0.016022867484947634,0.006027424384335012,-0.003369078621308308,0.0027692623201878153,0.01371709643586283,0.02562617062094441,-0.0028248136340245367,0.010580373126825915,0.007986053646675373,0.04107511172656686
2022-01-07,0.009653870478596005,-0.0015713676644798502,0.000799249185529094,-0.0031100734566514854,-0.01698029928981326,0.025706969324537976,-0.019083634385290704,-0.013721027059198088,0.0024125390997637997,-0.012192516173943013,0.008559909783230069,0.019683939311981202,0.021816109638397085,0.013402911438685772,0.009910465465511331,0.008967038224377832,-0.0019620241520778015,0.01807223346786535,0.026125233076730536,0.02739202008235364,-0.013845902330794968,-0.010477771877166364,0.0037335983666078043,0.0015140766438259678,0.00592742200393781,0.007990338783054884,0.010750478943186037,-0.011562389414209284,-0.005611437265795827,0.005692611973904471,0.008889952745814167,0.00412568475501196,-0.01191274358122052,-0.013751540753980995,0.0018475843465726172,-0.02288465406086715,0.023385046160743883,0.0495679011847836,-0.003767998825151886,-0.0019060259437814198,0.003977744607621014,0.009908168371037585,0.023922087906168343,0.00047709137519391653,0.013307416727708077,0.014516065330613559,-0.012120661080842643,-0.017277390430481376,0.005548276902346716,0.0005733309989199853,0.007842593948071741,0.008717681478663142,0.01312025132675898,0.014326337622671215,-0.01705537510024635,-0.028784209977202102,-0.026893152394371733,0.02393922573286167,-0.021574910297814776,-0.005537824793957147,0.004219795307353058,0.028781250389160018,0.007429498651278621,-0.003185645797274428,-0.011527543554946007,-0.024327534605617984,-0.016675590357276726,0.009915872963570438,0.015942362760344997,-0.008831835342677619,0.024086632889783965,0.019145570551995394,-0.0049171511344514585,0.005088834484393567,0.015306164995513294,0.021256737160594064,-0.0046034434778020605,0.01535476299819516,-0.001238050958894621,0.016681246526794924
2022-01-10,0.009328355487367102,-0.004197351931491844,-0.009293488893759028,-0.006239460834125188,-0.008291486345234023,-0.013605480270790227,-0.015100755285760381,-0.010603011344722968,0.004412434006711763,-0.015246743370326832,-0.003670166316406376,-0.02872390924086432,-0.005083481461575001,0.0038007545244653773,-0.011374319436075142,-0.00529818384110925,0.005897302417668726,-0.012673340590794613,-0.0019254276548478222,0.004836269225575229,0.004554408180478253,-0.012749369154996693,-0.02384556330894194,-0.019150086047238335,-0.007793130261765646,-0.019516614612621996,-0.007977125470930102,-0.013197319277001629,-0.004075545553422932,0.0007547470017523761,0.0,0.005688939827418693,-0.0014885272290734441,-0.0010421932462088002,-0.007146253171363859,-0.013313940657645351,-0.010614186124625835,-0.025261189669276596,0.0014831112909252653,-0.009303832585483174,0.003714944627539296,0.0009570203727811144,-0.0008227233946878076,-0.004051555041044819,-0.011628055788386105,-0.010810709978835487,-0.009914534773452721,0.00836294544535332,-0.03829918033519297,-0.029783606104625604,-0.00803674585886216,-0.00508380769738892,-0.0005631308283206016,-0.0057210147720037074,-0.009063438695339432,-0.043567721231009604,0.0031817551676744937,-0.012652442564065614,0.0069234720596969,-0.0030481544651785875,-0.007850648247529124,0.0025690787474890175,0.0034415581456148647,-0.006163207344660804,-0.025428038674629838,-0.004214252418816122,-0.006339327958737151,-0.014292778674697248,0.004461783237845296,-0.018496061678662024,-0.013113331277574414,-0.019169209552639788,0.0012353099501163367,-0.017662341540423565,-0.003495758826927098,0.010589412772097573,0.0007114003202957075,-0.014950899924540795,-0.004709838283697199,-0.007561662957184412
2022-01-11,-0.004851835232812407,0.011591259589180503,-0.0021985591555264694,0.014489217008741173,-0.004976591768057093,0.016152508693148437,0.016758470498180245,0.01307278153200686,0.01277942907309959,0.020889665676523617,0.00943935291001563,0.03205774588950927,0.0057225864448540165,0.016356351892036436,-0.007624988781852582,0.010309397960637234,0.0036293078942424284,0.004364970893260045,0.003858635655419773,0.031593400555594675,0.014703139823075917,0.018313396113213365,0.008598592271799266,0.00017124822517433635,0.008237313291870496,0.007694352038999597,0.026804110384212265,0.005167117357474771,0.011332479314178467,-0.00678734475883036,0.005123123822304176,0.004713998327850577,-0.0005214845272316637,0.006522400287144459,0.009519428302761757,-0.0055155384565674925,0.013351398760841349,0.018591931839853526,-0.015996409870938533,0.0011891609293501748,0.022205823797871282,0.0010162876436623502,0.006586505405810961,-0.00071793366527928,0.005674988283064009,-0.019286864298038164,0.004381242981680522,0.003329904723712307,0.059398989614432685,-0.005382310064176776,-0.0030863951719026783,0.0020442030977667613,0.03436646328829118,0.006248527268088333,0.015765266646829756,0.01564034587054941,-0.0018122400740679945,0.010771693067313626,0.014690302783623377,-0.01599230148155162,0.011033019471138772,0.03872445200001007,-0.0019601398657702607,-0.005696169447130139,0.012930930804797569,0.005642738493921717,0.007655744756564831,-0.0110957757840775,0.005666815098398725,-0.010178909540641379,-0.005485834333575967,-0.003257275001854687,0.010487458228451763,-0.015422831402029935,-0.0017539630930742955,0.012827875686398427,-0.004443603584428635,-0.0057570326991500664,0.014445944239755537,0.009488256765763037
2022-01-12,0.011841085061160772,0.005208395978027358,0.004553602688995406,-0.005950964293941818,0.0019005647850174334,-0.015002681325350764,0.00722406295151079,0.012454075667524878,-0.010646572072433136,0.0016851899715688567,-0.005188991913158025,0.0066197233936613475,-0.00711237995291325,0.0025328913964151045,0.011138858608468194,0.0006800956131918223,0.028372907837022066,-0.0031410796194861756,0.0,0.009690162569712557,0.0027399243500729753,-0.008454697155647173,0.00939774285650552,0.0053082044890737645,-0.0005699641927563448,0.0030986506364707456,0.0020078938385910128,0.012397939255992085,0.0056027035037604644,-0.0018982862379475218,0.003057802590608727,-0.0003128439782823511,0.0028336428173407757,-0.008812827635841458,0.009199738186074446,-0.002476255510808545,0.008968762265930241,-0.008296528096670475,0.00541890842794035,0.00864311300908649,-0.09268654380091257,0.005671803947260301,0.0008180129789028268,-0.00023962831807922136,0.0009633245135327595,-0.007865814921444447,-0.008350008215465832,0.003861769751916544,0.0012744340489150296,0.0061448156274726,-0.006707987853584285,0.006629080162825263,0.013071777883201685,0.004869524379154555,-0.002132738520323474,-0.008662094236822737,0.008352252563033291,0.006614596857704713,0.00029832057582046545,0.007230003831818488,0.0038579588186271607,-0.0008223979494601519,0.0004911783885646059,0.01113412570117367,0.015464317277704032,-0.012975589682778788,0.01830858357767684,-0.0030601935091582044,0.010204061095268502,-0.005836583200146128,-0.00116449309843758,0.0049671414965173355,0.0033575595159247573,0.0023538264228559758,-0.009444416282058055,0.006064743125530736,-0.017497032240572863,0.014037383490313804,0.007856532457706455,-0.0001425185933920936
2022-01-13,0.029830278755376805,-0.01398959311379,-0.0047718741003779375,0.02155176154341043,0.007088725576755328,0.02538527057927098,0.003133392772434185,-0.006965561042337587,0.0019926405634023148,0.010334071554294333,-0.00676310396351798,0.029661977644347415,-0.0020467273050303048,0.0074317029926487255,0.020683451168248768,0.01750519996764055,0.023803080883522343,0.018647715993603597,0.005551823889754948,-0.009241733486252679,-0.003618796271121827,0.004985845175256243,0.01372476414694268,0.021631857574337943,-0.01495549378466876,-0.005019652929949658,-0.005210287765561317,0.018219851215410587,0.0037143254052118824,0.00722724135447117,0.006910634878295685,0.004067660112135885,0.008774601553636296,0.007714361586721452,-0.018459578198688265,0.008538615890364198,0.005406519770012608,0.007808003458806612,0.008757963282872927,0.003126771275916651,0.012503378405131604,-0.0012465377877468597,0.005066877082592569,0.009581114025841941,-0.0005499224346804388,0.003303492697074306,0.008922763872079909,-0.014546149160621136,-0.024180623813789937,0.006523735689240473,0.024545474913868937,-0.0015197558335404704,-0.003225904618372022,0.006757811730945917,0.0021966634185173195,0.015048559492808034,0.011524117357558428,-0.010952033955513252,-0.015189315286316618,0.004923817047719048,0.005380532302705854,-0.007681916702430014,0.01766423034705511,0.0073107432652648185,-0.025835248786349907,0.005151908168602448,0.01253890152472259,0.028520540631400193,0.0066335464893299,0.033128369836742166,0.000490724095406625,0.0029916101746443324,-0.00790974919364218,0.002510144842206019,0.027494586094401807,-0.0070922065856559025,0.027803323397607382,0.013670099816778913,0.01485984502179094,-0.002136627847178274
2022-01-14,0.006461579059358513,0.004729260859585471,7.37630705458514e-05,0.003516210183202917,0.005849108192547359,-0.013439404629295382,-0.017492690726582993,0.007089114588261447,0.0127288679954769,0.003330091979074412,-0.02821880067358029,0.009200593450374273,-0.017432383362623316,-0.012540584785818765,0.008546125356067247,0.01987636060596465,0.0018493238379608812,0.006610912654194223,-0.0014865272369815052,0.03731143982654084,-0.018011421567270647,0.0012942606419212854,0.011361626007703629,-0.011670622063543079,-0.02251666408776054,-0.010533311474830498,0.015108732484109488,-0.0029333667842035283,0.0019530460242997982,0.009440822524044101,0.018369237924072523,0.012465023958814436,-0.020639864025060572,-0.0007785074501706069,0.004643597223824569,0.0018705236632574618,-0.008111942464906763,-0.0071942232487791635,-0.004081059236467843,-0.012833264964628888,-0.01129813133085844,-0.06146375574250451,0.002276863160618481,-0.015895648710974264,0.022423692766133207,0.00296319536474976,0.017563671894164523,-0.01677313673720482,0.03912617896320958,-0.006136969399195724,0.00899994639417856,0.01572797278826843,0.024811225337609377,-0.013321774492289884,-0.022627643242511986,-0.01769492012172269,0.018068545315827134,0.0006462027070552878,-0.015029938086362438,0.011865499619226894,0.008409898754581313,0.045341687072994796,0.0019288503308443339,-0.0014969626609037112,-0.008962553794069739,-0.002120939248824283,-0.014174637726865336,-0.007833963692583157,0.00958535874886568,-0.0002706949150566018,0.0009812714548407264,-0.005835683583732432,-0.005519825578939819,-0.005451868351151079,-0.0012947730072183639,0.03678572199862007,0.005127157215701228,-0.006657558771422156,-0.01632263051271432,0.008421332791388458
2022-01-18,-0.040956368076836225,-0.021443426552996026,-0.023972928864511744,-0.012613896243980238,-0.03636895662470707,-0.014518755332473487,-0.013989048693686557,-0.027860177671720998,-0.01610373935414522,-0.002133725709287937,-0.013242024315311407,-0.004204337842113159,-0.03443953678998979,-0.02435376029627845,0.004062329770385897,-0.016704848918427384,-0.03718352257785862,-0.006483102703492061,-0.015737962179928733,0.008877138842183996,-0.016077486735576407,-0.0065344154253245135,-0.021999919014696223,-0.025978348307470367,0.0021717763234851972,-0.00022430922094895944,-0.0005952873963237515,-0.04177704952989669,-0.011285212002145606,-0.013467537514395445,-0.016452210257027144,0.016620318691665137,-0.021375962512268032,-0.012985303205633958,-0.017795173697274125,-0.011005224698554472,-0.018653666489593324,-0.013377791424568963,-0.009463054380125624,0.0008610735547933679,-0.0005314558968899652,-0.041927779375785734,-0.011682451981361641,-0.018322189368018105,-0.02166294961199966,-0.0059091606924368545,-0.01334322796326981,-0.015260726988330253,-0.007530537198729426,-0.043256341896988904,-0.00891966984373127,-0.008491249904332476,0.003157707404269905,-0.02394223465980272,-0.007333555191278651,-0.01791624393535962,-0.02028326557936011,-0.03227617008461836,-0.023227164354690633,-0.016218588035136317,-0.017112644436136915,-0.007141002034306121,-0.025505429579910976,-0.02534856328328794,-0.018988692782903382,-0.036131791509156685,-0.015779800166983216,-0.010903852464480335,-0.0035605307735189218,-0.0025714646971362054,0.0022060260983691737,-0.018914735594354193,-0.015417775322787208,-0.033418578788733555,-0.020743225884450878,-0.023596176625511944,-0.028671857410618395,-0.00876427322778206,-0.04148369937905039,-0.017268176958856518
2022-01-19,-0.014081345257058064,-0.010155096039608846,-0.013225251111461445,-0.02081857247658503,-0.005318759907402493,-0.011094954809574897,-0.00515909766617173,-0.021036543986542533,-0.027544840632217626,-0.030173443199685734,-0.028765787965943423,-0.03524284640405306,0.0038911163126496007,-0.016232855426363435,-0.031036712856350457,-0.03264483665675533,0.004948868791939676,-0.020762712561828267,-0.019446893112565866,-0.0026283328193206223,-0.008234088258661787,-0.004119893142369602,-0.017038218793594795,0.0017318306969196229,-0.01418534355874157,-0.004707039837847704,-0.028395519278369252,-0.017193778892789058,-0.01504616375809087,-0.025028828784411372,-0.033252630542952466,-0.014834955691641505,-0.03384067679379832,-0.0026313554732948496,-0.008470479113868778,-0.022454203115461646,-0.013390212474061025,-0.019774152177996163,-0.010230094498450804,-0.007457462478491661,-0.03616045295105197,-0.015469010030135344,-0.021671581645134275,-0.00908644195137931,-0.018291975223733603,-0.013209889404205755,-0.015508759431715147,-0.002960787637480977,-0.011697879696637825,0.008157880742986956,-0.02433760363137949,-0.02921937485122672,-0.008394282825773036,-0.038546599809373805,-0.013675853826048634,-0.0015865779183460438,-0.01177954544873061,-0.026014886424182593,-0.005889834030329277,-0.006878896902167253,-0.01157032762506116,-0.01172080453989377,-0.06567887711854048,-0.00904224112526375,-0.0028290621650717274,-0.018926843328793796,-0.03918592109695329,-0.015585197962569075,-0.03855873109381158,-0.031207259656546693,-0.02139766263960652,-0.005318476350977819,-0.005950629587697875,0.006091443207329572,-0.026698961702758095,-0.019756561105617743,-0.010865775557791668,-0.007628366109319384,-0.0025459575662143408,-0.046953561682142486
2022-01-20,-0.016857676856024795,-0.009719293897062053,-0.009496897544346017,-0.013046651932601794,-0.00812334917538049,-0.01029975298133301,-0.015989672604098004,-0.008564357541315348,-0.022578030822870465,-0.015433705649789187,-0.002912266803558161,-0.013313061384151004,-0.014857673896614187,0.003424661091436132,-0.02269241529576771,-0.028753483449921347,-0.02735972159888045,-0.018952846255678724,-0.00022047503004352098,-0.018904676480646088,-0.019441149496167487,-0.010015948891639148,-0.013633227192447861,-0.02731668934014575,-0.016587819985061314,-0.0164417460843026,-0.006131263428693745,0.0006248190819246879,-0.013379715599782571,-0.019447582087382287,-0.028142732194515907,-0.023355768774579566,-0.01767248071517291,-0.008573881661933624,-0.010204293114576268,-0.01890415672843937,-0.008589074843401101,-0.0034580271636461823,-0.005775847328227557,-0.018825001279109133,0.0013793761421145856,-0.008527540733500483,-0.008390557230317675,-0.025526623871962917,-0.01190777947993038,-0.010375033221390773,-0.011972034189295044,-0.0005052933924315495,-0.024952061062549657,0.004135831728061978,-0.018578780851559062,-0.029060773929943884,0.004761764526148404,-0.007769204138886043,-0.011451703044638162,-0.02929481023603775,-0.016795854552703826,-0.005478722922671708,-0.005956382128042392,-0.017376557499144463,-0.014938820637718564,-0.0013475309166570693,-0.03805498406075136,-0.013593038251117906,-0.011750659975029776,-0.02884437035273557,-0.01278935281362914,0.004376457691050328,-0.022607765528916524,-0.01904790157457359,0.031923406498423734,-0.02098662124279127,-0.016068071150704855,0.01077284188762384,-0.026524695033245727,-0.010257437035116057,-0.02965927877073382,-0.047693834307790284,-0.022715544895361206,-0.029318504851953864
2022-01-21,-0.01714702884278485,-0.022355340300790227,-0.018479897835580017,-0.024969319000405443,0.008189878417469432,-0.03326520850853987,-0.0014637561547425904,-0.020967474836897315,0.021839507266775193,-0.025379253081127096,-0.013546882749132072,-0.040851579906927005,-0.018142625506374133,-0.018461011222936197,-0.011725340257282113,-0.013827295614000534,-0.052601849128970146,-0.014820209040078747,-0.014326567997844042,-0.033983458266171995,-0.0020770844510492603,0.005938264655278136,-0.016783461944744116,-0.0037327993033787754,-0.06936724165530117,-0.006583351395665349,-0.05161412980677316,-0.04651882362020621,-0.004805289983750294,-0.004363476373165476,-0.03389072657291092,0.0037759189609307686,-0.0014588650487440402,-0.03752011447583381,-0.024933949556343205,-0.0133636940344527,-0.018284664161773323,-0.014459365915560407,-0.011236917410559544,-0.000925769366845075,-0.028650375787119153,-0.017472247043445743,-0.015907892585200645,-0.007375482792563615,-0.038139914840176425,-0.019614276021627575,-0.01760200144257207,-0.00720665456050118,-0.033136581321555614,-0.009992521799126464,0.0007945383918164239,-0.00427563092776162,-0.03475513282371412,-0.028709441725621176,-0.03105792453672429,-0.015856638327843675,0.0011020242206687403,-0.03433344888577339,0.0015935707475129846,-0.016650112634734815,-0.013014692587910659,-0.01862369327121427,-0.05439567124352662,-0.01840547891893718,-0.0025123292615281123,0.0013500423699945863,-0.02357531872343477,-0.007945805414286022,-0.02614062690905805,-0.018846289589668053,-0.015558832285659574,-0.022255343770631986,-0.026256731132657918,0.017598162869419287,-0.02724732286384679,-0.024181731433049025,-0.012264309539614993,-0.05760402980492774,-0.007312686238453936,-0.03861133153017504
2022-01-24,0.02398825611063904,-0.000557754706673852,0.016227944966479724,0.006025554926849308,0.0293059122611119,-0.011918472249690892,-0.0006597306182417606,0.009464990154060215,0.009453418919352918,0.017870770478659148,0.0011966790585016263,-0.006035852211974779,-0.00823666034759829,-0.00900887726021693,0.0011212774383217994,0.003415398913767742,0.04661494552141909,0.0028653622271976875,0.010509759096939408,0.0036270354778860092,0.01794417629397871,0.013628615297169189,0.024299452344055394,0.029795012817376065,0.0005824111822947398,0.0009219959342752215,0.04791830361921012,-0.007203707076225752,-0.0017166921655697998,0.025896681616156325,0.009768978389817606,0.030093915382031877,-0.00162299880045369,0.00829433081506048,-0.00024581124987044234,0.0060897546021061455,-0.003169195427355609,-0.0023474739027951053,-0.004097465296825198,0.0019370924584234395,-0.014180215571344412,-0.0008963230355254481,0.013929563615568519,0.01998474709995124,-0.018868175330251202,0.005863889066219041,0.017267890171285494,0.005794391433802115,0.025110480839487748,-0.0003980052854568594,0.00013212288950059659,0.01771323629914945,-0.02891430113325766,0.015674648536883717,0.0018740599356086296,0.003638094826945215,0.008073683323640779,-0.005297492316320707,-0.007860011480469109,0.019527489852237956,0.010434731627802396,0.006600435233373503,0.007553712503895138,0.02389985341102796,0.00244648935341929,0.023882929934471164,0.017197111666301,-0.0031001851936746094,0.013502538055476077,0.011059393579402776,0.03825115412570024,0.003910029303282103,-0.001315409160406289,-0.004993355835641311,-0.00837925831911046,-0.0065214099768931,0.017000960029495582,0.025695912020487155,0.0220995468172962,0.016518346029447573
2022-01-25,0.005205767700498187,-0.011718756752857606,-0.012480505804469244,0.0047416677852765154,-0.034165659554315164,0.0153695929450961,-0.01789769715398748,-0.044179560000050966,-0.00570021908001106,-0.030097858674272393,0.08922158186299645,-0.000489671137222869,0.019753453381941455,0.022487915528315527,-9.350758446147189e-05,-0.005732867947575215,-0.03205655746292968,0.011875116344172598,-0.010400452843059793,0.04926514302176255,-0.013175649976003956,-0.03400929178520706,-0.0051953825154519295,-0.039154656224239526,-0.006911240753369352,-0.01738751172054609,0.0606250269257933,-0.029023719314773655,-0.01966878323213217,0.0038833858720910275,-0.012313167302088646,-0.0176505356483192,0.013981523016437736,-0.014395565667370547,-0.010083726014165073,0.06480891965684643,-0.010516010767621431,0.0023529975030267547,0.05651311458955499,-0.016728944568763726,0.0037398479428776277,0.010900241573048142,-0.010855036698551812,0.00979664825600457,0.02163484509957181,-0.004800921540563552,-0.007402595763903119,-0.008293262787370081,0.05627263916594116,-0.005428503216940217,-0.0017192428357666323,0.0058018757519520125,0.037078723995460194,0.00044086010520749674,-0.00670858130024965,-0.025996861393007165,0.0010918315992862748,-0.00850084308424004,-0.03255502933594401,-0.04091388899383852,0.024852211264198676,0.05983616288733229,-0.009803894766993504,-0.008729497909998662,-0.04407225885258603,-0.02219714651171556,-0.009908511205922954,-0.0012957886315434486,0.011717345821815384,-0.007340411076254161,-0.0013622304017069098,-0.009180890555337884,-0.002304942288717582,-0.003998332322796783,-0.011105846098643402,0.005063809345843273,-0.02535686676973925,0.007401588724117447,-0.009781297443683057,0.059104824789598
2022-01-26,-0.030838228683714997,0.0,-0.0018838505840182984,-0.007451546188964708,0.0,0.0022993437390246285,-0.0037341799302977874,-0.0040734712780793325,0.004913899231719254,0.014223133272173838,0.012766756798181289,-0.0481626728911958,0.010345259866881396,0.00998271291377395,-9.328637076155832e-05,-0.014414357444731851,-0.023446805928182934,-0.003573665478623922,0.012522036015039095,-0.0005742625305862337,0.00020978236827473573,-0.001339481544018306,0.0024633361195152137,-0.006491002377182253,-0.021317235677741464,-0.004394180267218051,0.010339435883065518,-0.004076115389147983,-0.006907264028861437,-0.014700165589918934,-0.002671293498782701,-0.00526630873123457,-0.009219112724782597,-0.0047292643642485865,-0.001242138015534744,0.016269795222393135,-0.008156201601941526,0.0005868000442066368,-0.01351954719353865,-0.0038898951506810553,0.00229283483415621,0.009486177662076711,0.00565860602179602,-0.04328360555303534,0.023823546535809426,-0.0003446470136809765,-0.022116523517137,-0.013547638547638519,-0.03572533865683536,-0.021033014428459396,0.0017222037221777953,-0.010487973343181856,-0.0021668889210439968,0.008864196578862726,-0.003246737406736422,-0.021161202926523792,0.010181812021093473,0.017043816631648445,-0.011901752740591132,-0.014851787625104862,-0.014726819735328744,0.026037602907966972,-0.002912065916435669,-0.0011008476739386985,-0.0049807934251245856,-0.02674104274508493,-0.01034742711226877,-0.00013003546240142327,-0.0025383626044878094,-0.014789025198942984,-0.0043891441330981,0.007300623113454252,0.001980388808064726,0.003113211989865139,-0.005371003496573601,0.010263149392914839,-0.032761645130069184,-0.007347207714345161,-0.010137612196982504,0.010830126303456034
2022-01-27,-0.018216943982249045,-0.0011292872045390867,-0.013291720364140946,-0.006506464651903188,0.02927147859591961,0.005543817496019843,-0.006972226741900789,-0.0004173877335896803,-0.029340053826043433,0.018612978117697354,-0.019507296066281432,-0.023266609219412482,-0.009368011083171202,-0.009266213348590457,-0.009893034169685011,-0.008226653289845953,0.00060036963435528,-0.007837064435542884,0.0008838480925623671,0.02986479791485719,-0.009414755876606895,-0.019602390924952307,-0.024771479195445867,-0.019237876913897223,0.013622840715099782,-0.007120948022271034,-0.0009654159564123077,-0.011255113476836387,0.0005518743529637771,-0.02669798288484726,-0.01272340934756877,0.002802737818161871,-0.008172197930353509,-0.006009984235773702,-0.0014924965411295954,-0.006461662134149226,0.0,-0.026979502425499624,-0.01295975813966066,-0.010513992788359516,-0.003145379075165211,-0.017644725837668296,-0.0064791047074515,-0.014820737778908466,-0.01723651281159,-0.00620490579608135,-0.040236633469273975,-0.04344143176012416,0.016574435760005723,0.002676550553155632,-0.03068373982179695,-0.022257195385541606,0.015743822522905404,-0.005097209788513468,-0.0006517454094477904,0.008690884730728765,-0.0010798899226668324,0.024883280143320308,-0.037109080816850715,-0.0028227897633679166,0.0033714053767839314,-0.02361799313039281,0.023364381896091357,-0.01739240397062347,-0.006188075570734863,-0.01719705335561783,-0.019196743229408342,-0.005190776401575059,-0.015269609353751434,-0.022957890407675263,-0.013106225827165918,-0.0710804289713175,-0.0036232765155445046,-0.0011842457171360454,-0.03141881727744711,-0.007019015738860546,-0.01773262158725497,0.01784016311830694,-0.004989779375526804,-0.0031250121926130747
2022-01-28,0.007174766956516532,0.022611676720325047,0.028854037308549962,-0.007304808814967645,0.004321552298143905,-0.006653963579358102,0.019099936450045485,0.010438413361169019,0.006297214289920694,-0.012515942816922143,0.030017248990127143,0.004321514225131828,0.008796813895123323,0.008417847781696297,-0.051892512470595564,0.025253399131080156,0.01139781791978467,-0.013789676012254004,0.00022046538699460605,-0.004907460382548523,0.022741672702842664,0.006158138965613347,0.006854136355613383,0.016099228340755944,0.02370409753774072,-0.009958063827596786,-0.0036724151433362717,0.023111420544454253,0.0008827321532800525,0.002823603324296542,0.0054261369250083735,0.01149087153189643,0.023413346504742583,0.00928013787192028,0.020428327595069184,0.01805487163975661,0.006678396037263168,0.011452816262433885,0.014941217870526824,0.005117547912293574,0.019793426231168754,0.008946470774838788,0.010640032293537383,0.019266231621952734,0.002192290945094877,0.010752800218630343,0.01904383999195569,0.020093552777026735,0.00383653565667319,0.008304093777773414,0.01828367530585706,-0.00975620746883954,-0.002672401057377982,0.015905651828980627,0.009387902325066033,0.002046238835101688,-0.006396504842237749,0.03151305845869112,-0.008293473746265212,-0.0009649736951833354,0.011760739596270664,0.02110139249506182,0.02739741759054115,0.007119150962820342,0.029209279783174003,0.004223633936380811,0.0015147985855339385,0.012653352334685453,0.010822138889121868,-0.011146358683659319,0.007002256858029909,0.00030008850886353855,0.0195041061511807,0.0054783917058327525,0.03467766458240207,0.007998543207904163,-0.0018254613536013986,0.01212009422685223,0.04645061372229975,0.017316009275201605
2022-01-31,0.02407259710915355,0.01934774218869073,0.009296578773352548,0.021821888192878003,-0.019611824842067804,0.04765553451611093,0.013186164461260974,0.024793388429751984,-0.0029200274719682895,0.02306734013774525,0.015588300990875048,0.05074249775566009,0.005886299862980726,0.006647091587988152,0.0019885899638720783,-0.011326734121622661,-0.008303671946962021,-0.0004977370274851234,0.012795146586210615,-0.0067249849999221345,0.013512486610207874,0.0033242735834699833,0.03624007781304006,0.013658785598582135,0.03130643586587367,0.01724224336614011,-0.019010560282779032,0.01416048814749371,0.013670189499929597,0.014078809956903138,0.0035980369849348826,0.001535148928113017,0.016261258486993002,-0.00013955742962679096,0.01342774778953082,-0.004099968039063651,0.012327182312224627,0.03337288575511721,-0.0069144734903875404,0.009363618149031971,0.030660715043610676,0.013573473664377333,0.013075265639198141,0.03184879764570092,0.020563088933270857,0.007892877143520272,0.025006478238276397,0.022426287235841835,0.006369297193140833,0.0,0.009781592794966487,0.0032840699022760322,0.005359051619538535,-0.010709595636083868,0.008848143354198701,0.021173976361895663,0.026929249740364147,0.017100704442995163,0.016233173127442102,0.020542367404013273,-0.0015499019143975223,-0.015372902064829108,0.018888835958219774,0.008279110661169042,0.021149960585278516,0.04506308804822434,0.015820421445115196,0.006698417443665505,0.0038351868209309803,0.01751719490282677,-0.003836580375535026,0.020849089958625555,0.012321601831665419,-0.005611160997831766,0.018123154885449022,-0.007197031541632093,0.03129444811650384,-0.001842031700340363,0.019672050926897056,-0.004842055142541546
2022-02-01,0.00959462412969958,0.007049815053080888,0.008136573560604488,0.012416190571550079,0.017860598862084354,0.0012787667643012757,0.0023398082715755386,0.002499980311239991,0.02677817181286657,0.006194347535398714,0.020686931911779283,0.040451411418898964,0.017338336041451186,0.022112698685508025,0.018803376868452792,0.130932887958211,0.03767934079500801,0.02105199977673644,0.004356333845824567,0.03294970019785848,-0.010752776201669811,-0.0006024743884267547,0.002028604001648615,0.0055695131009896315,0.010631619090399669,-0.0012948374290726594,0.0393512840742265,0.023603756436905377,0.00576373880408565,0.006743399743948553,0.029352480716106966,0.01164914674300288,-0.007922134500443545,0.0015328696303271716,0.009636343592549945,0.010818648797294328,0.004205891331896305,0.0017302125890534814,0.014673749876306541,-0.0037620811897528528,0.006277532267844332,0.01716003159714985,0.015420755444347733,0.006273620343743902,0.017004855685231135,-0.007490720552197683,0.02741350439192436,-0.0007809772809308502,0.040506332819299606,0.008860194264880716,0.013800272084309562,0.011456739052223774,0.03198269612742588,0.018204717466921094,0.007362474126489049,0.021365999284427284,0.01174270564310409,0.03032021445261046,0.003042944261056002,0.032243761876567634,0.005987579306824697,0.011517557225659614,0.05070872071858057,0.009363714243277865,0.005394627637574256,0.004982719816262859,0.008531287473829252,0.016762692324862494,0.019102221006778164,0.019461005539464615,0.010892182744839163,0.01190123394515652,0.012492147027745482,0.008832605037574881,0.015118281967047675,0.033457489799348705,0.02995061014823075,0.015319249909109933,0.004946741223958773,0.01813597340895945
2022-02-02,-0.006414724390764626,0.012923937678589681,0.014313737182537034,-0.002452840021965663,-0.0032083783810208377,-0.00839268176690977,0.019694845343830814,0.03893489206778633,0.0004074969122467298,0.02314681944310215,0.0033782933779891167,-0.003935836036493945,-0.001065087119186292,-0.004957737826354669,-0.0019965724359887194,0.021064410781077125,0.02478373944927914,0.0041679512339447555,0.012361776819460601,0.007318906146375426,0.010663171298938456,0.0024869383246295396,0.007809655345596189,-0.006967958539220387,-0.01294221262178652,0.0033592548034280245,0.012937702577231924,-0.003247820022613146,0.05493083007506905,-0.005122213187411129,0.015890389088883294,-0.006363725138132215,0.0022929081875850965,-0.0005564416238115211,0.014077709498987456,-0.009755604868527668,0.010762790718539028,-0.01093832529680816,0.012690870566021806,0.012572990372382353,0.004882128123692153,-0.008005158592393036,0.013370625624016252,-0.021196849004579743,0.00828999879189296,0.009948636548232859,-0.015447298701726231,0.00814188326231835,-0.001216480229232264,0.02069975687615333,0.009947428625424859,-0.009169434264336362,0.0020661559739272306,0.005387508894836079,0.0017158660741700693,-0.01009907518729658,0.02103158385107018,0.005775438301956148,0.014649955644127521,0.011003272861551672,0.01994930960082808,-0.00683201810540035,-0.001037558411859929,0.004091218582850997,0.011043238086677398,-0.008962574719948213,-0.010332765540469024,0.006669951063350332,0.008590922407820223,-0.01160058543309328,0.028156328594845847,0.013067906424429898,0.00917415858785331,0.018442509986884348,-0.006005233265035104,0.00593518372731161,-0.005165468681922691,-0.004908496990305267,0.020674582071469105,0.003620827458281628
2022-02-03,-0.011716877201239706,-0.024986719704006566,-0.0074312841413987085,-0.01008113759211271,-0.014284489616083196,-0.02042312468845464,-0.010944709190931046,-0.01130461884689149,0.000407330926152083,-0.009145606691734587,-0.0006517857400288873,-0.005445281705607874,-0.009810299845709247,-0.014646011784942625,-0.02122574188617421,-0.02157475444102719,-0.014623149248450651,0.0034443718436099058,-0.0008569886316400765,-0.014531940740111327,-0.016273081637815268,-0.007366091427733701,-0.027073704012857136,-0.014573714829086204,-0.01816025891351203,-0.039351645030031523,-0.004319999887509196,0.13750404822155127,-0.009942380615268864,-0.0035643639765118307,-0.010499483988786418,-0.0161633026659046,-0.01672331961400808,-0.01614702825634362,-0.021882304102615158,0.004017281766735881,-0.07617472001152548,-0.005820928314569707,0.00386174927133931,0.02322339101680071,-0.0013496533900458907,-0.008270325274730261,-0.004723776165566851,-0.023439624843681006,-0.06270919326796842,-0.01766308350278123,-0.020098437012710635,-0.01770354455107659,0.007612647220409885,-0.010830245277052342,0.006739400410415763,0.0,-0.01391746651008452,-0.013562779437651051,-0.005582794468894203,-0.003539236923994271,-0.008034483693408867,-0.015130617518105516,-0.032715853862360755,-0.02690637757015102,0.002917265259462898,-0.017069932095498452,0.015584247010200114,0.026864683790220223,-0.02113399596615262,-0.022128179697266992,0.00022970079595685533,-0.009501195266143125,-0.019513755060406868,0.003268637907759553,-0.0037635224476441076,-0.023792324188663394,-0.015046914290470559,-0.027501115388067987,-0.01884989875748244,-0.00915957281426405,-0.016730653074153556,-0.016806610598950722,-0.0036172055316281426,-0.005772063882842238
2022-02-04,-0.022017996682049623,0.007088256159995643,-0.0006807444114740324,-0.015151436191889744,-0.025716909236531915,0.0046957173575956634,-0.027267513269576105,-0.011433934188720962,0.01465794270809373,-0.0259897275518709,0.009834832412850547,0.00029069993105856895,0.0398450276518767,0.020540702513688558,-0.010867959350941092,0.005150496650721426,-0.01198623805284138,0.005940521214129912,0.004931413160427667,0.011004824869079721,-0.008491844242839774,-0.00196886460304746,0.005408211774428073,-0.011137466997612089,0.014211346502690736,-0.0025066618112745687,-0.002641058584155309,0.032082467395593284,-0.012527273726010701,0.0003974272194582351,0.025119350229022785,0.011779144261198526,-0.014520663333694617,-0.020656485925129364,0.00803504270162625,-0.013527769912537235,-0.0012517402089831098,0.022248232047940686,-0.004572734806228107,-0.0518948332443806,0.024324505412757436,0.025958616155121517,0.0027822419819356625,-0.011740279556673894,0.06378245117044257,-0.01383120008906158,0.0006615365922042482,0.008024931877130603,0.023269944373478735,-0.01957804849468403,-0.012100782490009343,0.007620839227103771,0.012545842053453438,0.011249439705676822,-0.023925055935798523,0.006999485861265198,0.019817433746316837,0.026931726006715895,-0.014189682077989207,-0.011246202680035733,0.0021551231702157114,-0.0018143681459938943,0.0199487551749169,-0.013980597839939657,0.0030011820935644806,-0.007870947034256726,-0.045251659322724236,-0.005932206316663802,0.010582974591169636,-0.014808475998243087,-0.00098804948946285,-0.012773578087020288,-0.0012730532510787373,-0.008021483202884094,-0.0012313043190080863,0.021025939342779854,-0.007040850411767274,-0.02211080566338741,-0.02008716777481878,0.0329463036645703
2022-02-07,-0.004453136421266324,-0.0048727269400488105,-0.007491942497063198,-0.004287565626740819,-0.0069130812456649204,0.03495978450562598,0.005725348277628939,0.005545408616229208,0.004414023352917296,0.0007478867665715594,0.010869043877716145,0.02649552580073178,0.0047640167633433705,0.004237039645402119,0.0071064987056173035,0.021777379357903692,-0.014442485973510943,-0.009011345817488081,0.0,0.011646845115869553,-0.005080825573061998,0.0037176376017455937,-0.005183755813886082,0.0009231151492710143,0.0034502397979343513,-0.0061294185251664635,-0.005296104490537967,0.036081129497700815,0.0036694934362226928,0.0003972693338116784,0.02070129491938988,0.00796589787314983,-0.0025234300114700403,0.004478695589100523,-0.0012077845031758239,-0.0022212193100539235,0.00511757831354509,0.02176428819870191,0.0006561270109899375,-0.01791018883366624,0.009498713801401104,0.003342944172397555,-0.007181143305241666,-0.012407557393152135,0.0,0.007012691989696895,0.0011901041568616044,0.000457021774392663,-0.012699469309014222,-0.023593050831723805,0.00873053030524007,-0.0016206271990698573,0.0046462238568592,-0.0030900114525258537,-0.0010457425901831963,0.0,0.007604095304782232,0.010003828999823439,-0.001460748986280458,-0.019606779224732085,0.010966653773768265,0.045702641911609554,-0.018054331095353482,-0.015863411669759353,-0.02205639938008963,-0.007735013958978021,-0.03315851406636461,0.01472842202085678,0.003594803111665046,-0.01954004890040717,-0.0033157630512417047,0.0034207369713685765,-0.0015934888779556289,-0.005115700991794259,0.009617651735145172,0.0177526570264237,-0.012014973685633534,-0.007980234014730692,0.012101788023882287,0.006744270747900405
2022-02-08,0.03131211425686331,0.006528807763810374,0.017003235354581703,0.039766963349242346,0.013817054261491712,0.04136562301805946,0.0014787055380394154,0.004963343984111468,0.02716751341598922,0.026414378617501733,0.03262892006399776,0.006370357281899386,0.01793431022974712,0.011452982698612058,0.008407658434775866,0.06911149594426047,0.04044557312791164,-0.013375206475039314,0.01856216540598621,-0.01732312357338406,0.009687628554881922,0.02479398609422967,0.00983101499823058,0.010145878465091629,-0.00021052850765312936,0.016466205377698273,-0.026620978947812346,0.039914218877160845,0.01452006403478201,0.03296286020731376,0.024420263485617877,0.027355388262712887,0.0021218541326450957,0.02145219583120994,0.0007255346589116751,0.012872679567092149,0.010806461973810633,0.018497544319252768,-0.0016028725739218874,0.0028911380441623002,0.01725050102676029,0.018815042477388966,0.01512396065171151,0.026463670021944496,0.018867894008846697,0.002785384752855613,0.024303315032383255,0.003652272541075696,-0.06132211211590011,0.022648032702426768,0.01950659322988324,0.022186094864072414,-0.022096500951624076,0.00791603884841341,0.00929110444995973,0.022616619111537117,0.02842532272152143,0.024181391546005182,0.002711779584979368,0.020062697458415713,0.01106020195681312,-0.031012916948977454,0.0005109961002249808,0.007988252345803248,-0.013497680485071717,0.019788161155751993,0.020813628833395992,0.017767725462368933,0.02554119392218368,0.014563897990162777,0.006828895868567386,0.02326962305382274,0.0003192496667157041,0.00746428100037555,-0.0075720132877599156,0.02476882503653033,0.021132347663445294,0.0375407180164411,0.019766024155571937,0.032379856299300736
2022-02-09,0.006746784269306971,0.017297477505112013,-0.003748512793975367,0.022411741796379614,0.011652055033586572,0.016305266293653364,0.007825046311474848,0.007290749077845771,-0.016724879250694435,-0.0019421045753064137,0.012371122905060261,0.012144212903854035,-0.002025088355724791,0.010726680049617965,0.010421602372725935,0.015244690582094433,0.01521113577662958,0.008903515042121946,0.0052364790600372135,0.01773808898215057,0.020909676205962624,0.019325970689035854,0.020249402438422548,0.005843650116153842,0.033338032217096414,0.016806271283628327,0.01816742969834828,-0.004894349000582721,0.013385580270153685,-0.021914865514783388,-0.0062624238459936254,0.022189266016234166,0.030132933154243036,0.006916343119504509,0.021507993294286987,-0.004204593209908403,0.01058786553583757,0.015410386377600505,0.005619585259590831,0.005677014729144947,0.01490213790640027,0.004167821001402672,-0.0027530180508158475,0.017447721894461532,0.010013707403492944,0.007639073061115331,-0.008124012786455137,0.016636026842772544,0.014021694456173073,0.014591500098708021,0.14191600246313674,-0.017469551221119595,0.030478249898746146,-0.0028389039981677744,0.017763588620904214,0.04575422355531655,0.015328076143706904,0.005749944324465295,0.01921469687977795,0.03776547416723064,0.009782305483289289,0.012853628642155446,-0.0035734250828264313,0.012925066595845802,0.020751428581377684,0.015484141678542951,0.02848421974095494,0.0006147844517143675,-0.005315159241548795,0.024478532067117698,0.0013334405819376283,0.0369352123957023,0.014358696312301467,0.014570759726501015,0.024858499803372514,0.005276685703808015,0.018156874690774538,0.019198825658259144,0.018664345957186468,-0.013924829961030394
2022-02-10,-0.025610135139316426,-0.020245129922480287,0.028898499799186794,-0.003812243096461554,-0.023035615334075832,0.0005120119340971119,-0.007544732837554746,-0.013775423743406345,0.0007909584124932145,-0.012162471202979752,-0.004531635549801849,0.013388304370781423,-0.004667171854668251,-0.0050116023953105104,-0.002603056408753579,0.012128196857065898,-0.023585065203713063,-0.010110940694798787,-0.007918300153723634,-0.011188685649155428,-0.025333803199770966,-0.013604554380690081,-0.017270815313314203,-0.01968654712681761,0.03348514055781826,-0.021779153390882766,0.0019188766290252346,-0.021227017140857285,-0.010571615189556849,-0.0011791591734457985,-0.001423072178187934,-0.029811541430513677,-0.019685551142682334,-0.00869076513007283,-0.014904129973888902,-0.020439290662836673,-0.024768510051426995,0.004877721672879698,-0.019316870427669497,-0.03051813937584036,-0.029113875990040894,-0.004150522367114218,0.008444299015304413,-0.019196138429572907,0.01032186047340189,-0.06409379711551255,-0.010044092378998948,-0.018729155504040418,0.002828241663151765,-0.005949865372051222,-0.0418333657135177,-0.0005385973672169531,-0.01588926542334701,-0.0006168001275902446,-0.020256149467385076,-0.008925209985849447,-0.015337483784676365,-0.015765613570155157,-0.03177004399716421,-0.01907338531142222,-0.009791701409291864,-0.005837710872911739,0.018442580707134892,-0.014250411737267044,-0.02661511996718202,-0.016213088792175312,-0.025801782530589512,0.01904408693939197,-0.006151890209627253,-0.021533842900512856,-0.0017368583406489613,-0.0135493423999824,-0.01258257619694736,-0.01772885297344995,-0.006964583950852754,-0.00016930836353268308,-0.02070941807552329,-0.02390875573415374,-0.017617837146677973,0.01617770083307546
2022-02-11,0.013509983649281354,-0.017944493090235714,-0.0010974410477720964,-0.004544425619838144,-0.0012632331558898313,-0.030365042847667056,-0.0345412964112638,-0.016650888494521565,-0.004742981863583018,0.0004925389871728303,-0.018924809941670895,-0.029485700334821452,-0.02303773038444701,-0.005185012562851865,-0.009011594749236185,-0.009842937080051795,0.013356312082769328,-0.004703923239792851,-0.004620850332896387,0.022634937316727388,-0.01603567963665764,0.0012470834476105974,-0.012720012283431115,-0.007437644918514508,-0.017678676417455463,-0.022752354078643733,0.03619305411262097,-0.025654620086534408,-0.021988286873725338,-0.0019676742154730587,-0.011807842049957773,-0.032518091623368384,-0.03040314930016985,-0.006221722228597515,-0.012007741131292216,-0.003134915917370029,-0.02482397428768679,-0.02588983329877259,-0.006216446826665112,-0.009598368452487738,-0.012352410347081233,-0.013017187407971309,-0.00740739447779315,-0.0023488346294419093,-0.019088494039521064,0.002577537968623256,0.0009223069597512623,-0.008468337155562833,0.08564234989068731,-0.01880042424119266,-0.017949733328756934,0.003773621210935385,0.02552070486747282,-0.015524759856758052,-0.025421095266125127,-0.039447970519040254,-0.013864090121408323,-0.020594967800380948,-0.028493090558850853,-0.041851811935399,0.0022091286727072834,0.03701802584205516,-0.004024053392070015,-0.012991838521382748,-0.022171896035713567,-0.0037277307603649223,-0.010751775402231156,-0.004461002646661605,-0.01609409659575567,-0.003467037312293697,-0.0038856589752096493,-0.012886118579809813,-0.013380121777795018,-0.013670870095346177,-0.000967322843555829,-0.01253179898384904,-0.009594542583397647,0.017071574836460934,-0.006217095733581313,-0.012142236860943845
2022-02-14,0.01454222949924966,-0.005537229111670761,-0.005491393716583914,0.006487276902759076,0.009202317636829882,0.002990819290797919,-0.004968831059923962,-0.0003210088703267111,-0.005957272735835795,0.007137252874529265,0.002815470145681731,-0.010645359082138262,-0.010434203534191777,-0.010275791603964857,-0.006708444378849321,0.0044660473211253215,0.004206395210310188,-0.012287789397444016,0.003376250884055798,-0.02106503496549872,-0.010892141474369232,-0.009012144060916105,0.0021636875795687516,0.003933907556364247,0.009232528199502266,0.005930015011424317,-0.03418954926848161,-0.004343101160407259,-0.008127313326331431,-0.012618174393532078,-0.006386463555902333,-0.000924899503958243,-0.01754967594194856,-0.014371216011327625,-0.012153555262406912,0.013954341060581354,-0.0016043031512454897,-0.007198205926993162,-0.019142303200036848,0.006659980524776232,-0.0007982694123870315,-0.009290424990888502,-0.008273918250238488,0.006277948937747135,-0.027819648497428795,-0.006977816223084465,0.005265795232517911,-0.0032849113073947223,-0.02494202792132394,0.01893633329064448,-0.0007079846922567468,-0.006981890473200414,-0.025901536083404397,-0.013454714602663231,-0.0042025960001497165,-0.009273307706770595,-0.011081747626107252,-0.01617538701990573,0.0001119725489171497,0.006893466434982454,-0.017843994511083205,-0.03249614134724166,-0.0055555218605757295,0.00856794934799443,-0.01792796523740603,0.012997240316618308,0.009088070753374033,-0.007024353467024014,-0.00912233049915423,-0.001966120877968436,-0.005763741544536183,-0.016496668149248106,-0.010332626878156614,0.015661115777849233,-0.013798036630795263,-0.007888866019250651,0.011071479333668144,0.0040140874157272854,-0.015640358120759146,-0.011745615627464345
2022-02-15,0.021739019985290042,0.015033146253415453,0.026137220484635293,0.027691569928711024,0.030919229856932073,0.05086829698754003,0.00960363846635004,0.019266288285771038,0.016380393920732095,0.02321618676945758,0.029269349537014877,0.0366120866845121,0.0078026882294868205,0.008125453625005497,0.017609638749078282,0.04345937409332712,0.03099696172312183,0.013397755560592195,0.02628793863952139,-0.020425835415187832,0.01956808115681885,0.02055438147657429,0.018351466056514498,0.012689075744755085,0.025654617813605674,0.0028539356683825456,-0.016073677250631357,0.018538721360910948,0.009683645171352007,0.02316277420367352,0.023844287738471026,0.006790134921453195,0.007365336046803339,0.029738810745407296,0.015255795862568977,0.020449851471353586,0.015212376827133278,0.044060242441632314,-0.001613385141385204,0.0026008057806161666,0.006125335119516739,0.01462388140447346,0.0052347891034363325,0.0181959851452953,0.02579625993759338,0.010724637833061879,0.014929306436014311,0.012062141565725604,-0.022010626692124502,0.010504289139160017,0.019825296426758898,0.023255838590206857,-0.013034449005568716,0.012807066719270566,0.015877191393089962,0.037337983774348604,0.02926905400902724,0.026306205228335378,0.014644076925065752,0.030136171534969503,0.00502295052949564,0.020101873574957407,0.035043237483770806,0.026149340015829026,0.012240196806644787,0.02138418192428193,0.009006221574484607,0.028784062896707763,0.028571579429813365,0.04274031813056545,0.004860437787482352,0.028879651446122923,0.010114098522958637,0.027911788945457428,0.06946489801068534,0.009161542639679165,0.018771958245338505,0.036162352770394035,0.022488741267530976,0.026948590075885237
2022-02-16,0.003273321145642827,0.006034254635238101,0.011623849227882621,0.031591187792188835,0.016266711982032778,0.006676707175724994,0.0029678647316710993,0.005749355914946852,0.003930896629076974,0.010986170783421345,0.002020417924178952,0.005511399310106135,-0.0023017462114408582,-0.0007464319190652047,0.0011307244591425292,0.024192473648718016,0.0010834385431239824,0.004181954274181221,0.003483891663233818,0.0059098415493443746,0.0021706225652564637,0.011519378838199534,0.0034689739225803873,0.000184260394846536,0.010534965133791818,0.008229374273531542,0.047257874720056714,-0.0002677231281333903,0.010434433692218192,0.001561342285663514,0.002632470401130238,0.022685327811638123,0.006050886385494003,0.001682199149150021,0.004604931614658803,0.023743905719672664,-0.00247995817325386,0.0315172210598178,-0.005849030059534965,0.0015471838832847862,0.00555848264314629,0.0018096911981462238,0.009926755286403077,0.007403494513481768,0.010169168276186857,0.01170882108421556,0.021806625457535977,0.002605484451926765,-0.014294470682841398,0.005924441380212864,-0.0009255678995321315,-0.022727296256865315,0.005282805842506733,0.006757170025774695,0.0015167962866731166,0.0044621068660561924,0.011456095317089021,0.003826803649428445,0.002607270596007405,0.005590388281270897,0.007550025705401087,0.039910310530682835,0.01570161849058449,0.009897632384452848,0.0030618668193640453,0.021507370265081427,0.00820212022717115,0.014463495670541393,-0.0013891201518437812,0.010610152532912753,0.003904259524659226,0.0235330427611693,0.0022610905012321325,0.018008697779080318,0.03282072489052368,-0.004111020417614575,-0.0021114396461865415,0.002805718604620422,0.0007175416391917988,-0.00027054490758415817
2022-02-17,0.0037289274780458737,-0.02126471029218502,-0.03808767306038363,-0.01080836622124648,-0.009903791893933422,-0.02354504976468863,-0.026403906198558813,-0.01989031595014279,-0.030931880681588475,-0.02055255980077575,-0.013458812765907435,-0.02443699366787766,-0.033766787864104475,-0.03345769314138258,-0.04370447442178038,-0.010736492842636447,-0.020292541625740457,-0.014288270516360058,-0.009189517217732202,0.010531335956698085,-0.020947021477923822,-0.01110158202006506,-0.017477862765898022,-0.017870413994573453,-0.02174590572345636,-0.021847181459606402,0.025998179697325874,-0.041767004613792236,-0.02795451335044019,-0.018316336817082557,-0.026661331955553536,-0.025179896165389515,-0.011026558416964094,-0.00783753033989143,-0.016405243321962915,-0.019667995689745532,-0.023643191502917715,-0.0005183013580304374,-0.032589999233676226,-0.013267810854940332,-0.03474590775681741,-0.023032458314348414,-0.017080164070280346,-0.022047602450693704,-0.043395658912186,0.0028931740628677094,-0.009218553044702427,-0.018123897094541985,0.013267629041244788,-0.012754787381664578,-0.021774531366686944,-0.04759347959353755,0.0026273108572569814,-0.03494882806033517,-0.01474078012808333,-0.0274432111512648,-0.02699017383012625,-0.033779377607853434,-0.023991565160501827,-0.026374481174975428,-0.004116102960163515,-0.013912288194040778,-0.02850246320159111,-0.009250824043860684,-0.01308999110532516,-0.017887071310319747,-0.02620095666500233,-0.015309154014298443,-0.033379757257611664,-0.018121462861066973,-0.009752147963836388,-0.028947703594263463,-0.010957102001212915,-0.011110523835175967,0.001777724281001536,-0.03422761989933898,-0.02942863253138306,-0.007170296226317596,-0.030685932754387357,-0.036395445575967966
2022-02-18,0.008590370899379085,-0.008356859134753813,-0.0071524685678718836,-0.018666052563801272,-0.00808350464621932,-0.0016980552752166034,-0.0007793396299735633,-0.01134552378388698,0.005656459934253011,-0.004341560130997513,-0.004241198200357954,-0.02130350694236316,-0.00238758859543875,-0.008808657197975744,-0.014326816034311851,0.005291017857340874,0.014913106275501242,-0.002926574917601843,0.0004335920879638966,-0.016784005162634674,0.0025089719919431097,-0.010647000270657014,-0.0028346477096143907,0.004877270737341899,-0.01039567614373782,-0.0022586517856619803,-0.008506650835980456,-0.0047499854510711925,-0.004506886164128421,0.006351709338755507,0.0008300720355565172,-0.014145074896800724,-0.0026185889858082456,-0.007194147277775453,0.0004904664296299099,-0.00028360724450393615,-0.013326903699438564,-0.009844494815839377,-0.004961209667570632,-0.006216698203460269,-0.003272438933501931,0.004688739981162815,0.00983599545196201,-0.0028503196344880077,-0.009527746440441742,-0.004327139426425597,-0.002294134666388059,0.0068806180009926,-0.0021315766304602635,-0.011016496468493675,-0.0040253420147534635,0.039182451231190685,-0.01257838299135472,-0.0006459648360817027,0.0039582069755308424,0.016341755809016423,-0.006191762453609306,-0.00422116173229492,-0.0070181774296224075,-0.006661270453189094,-0.010491836189031267,-0.02189270799609877,-0.003480919894841117,-0.004021552797587868,-0.007392061964123675,-0.013280227188348759,-0.006142974884545516,-0.008426330020755546,-0.003676856112379112,0.0017653819901575218,0.00023459623822952302,-0.008415288146916167,-0.006190912309852803,0.0007968346043767394,-0.013087809433994568,-0.009260985500128438,-0.003765364552433925,0.005636972223191261,0.00025536834779482653,-0.007020426224067733
2022-02-22,-0.016804687376252958,-0.015168355155944502,-0.006609746789022819,-0.019253115734250037,-0.004074287780137964,-0.016329291878257268,-0.006083100726009039,-0.015354788739940783,-0.0072318022875387244,-0.01090112566027479,-0.012520351154059806,-0.04922735179746829,-0.008703213355553796,-0.0038976825640946178,-0.003855121840797948,-0.019973001825116188,-0.02068001254299301,-0.018161101954965675,-0.001300325103796296,-0.02008239112178134,-0.004225168403128476,-0.006515242330727644,-0.015977369591071877,-0.011200238935199613,-0.02160411024151132,-0.0054706300704172595,-0.038517861662111796,-0.01347556307214437,-0.00032352436817106867,-0.010256460027639913,0.0020734122637986463,0.004678644554207745,0.0019478497857365884,-0.008809537577714965,-0.02279960784424173,9.456256679696295e-05,0.0023609103889881133,-0.027210806315855485,-0.003458097291097584,-0.004170339374647836,-0.0213406274860507,-0.001774528649212792,-0.00856397997726388,-0.04989622061558241,-0.01177311190839847,-0.020644726854106787,-0.012646653329633217,-0.006899433934047572,-0.016173354698646447,-0.04392691488913503,-0.00023800784384664375,-0.010382666061704904,-0.011146714400885438,0.009494690532597883,-0.019847479251221323,-0.014580932601782726,-0.015700180973011846,0.002211645340861379,-0.0024944124826390413,-0.014369524397563116,0.0018207285302020981,-0.016413846768430274,-0.02295417386462839,-0.024480196565581536,0.004172373836623278,-0.0069216844313039205,-0.019407885958267257,0.008258445509417234,-0.0022465517426732973,-0.013952256689303888,0.0026372058834231993,-0.021001100865491673,-0.014426285331462951,-0.019586711672547663,-0.030568717140398105,-0.006291541927450517,0.008553915641630994,-0.018742399204635052,-0.017866282870280803,0.002403824513496078
2022-02-23,0.006321702049881139,-0.018824826496221525,-0.0031399738879542838,-0.012535449257306985,-0.017592441778920498,-0.03475708235497754,-0.02095115821311666,-0.013296086390998219,-0.01740191005804481,-0.014205419125161378,-0.018135584065588906,-0.011673579853546667,-0.017120290687268835,-0.010486762432988073,-0.02374371642355122,-0.008950761627483872,-0.024729150778341036,-0.038581657021441784,-0.022352138408092248,0.004554011324807039,-0.016459472716114587,-0.014442566353652375,-0.009861418702133862,-0.009816844946816117,-0.014990932227735843,-0.020548854955072637,0.01670791551477846,-0.019920340782523138,-0.01973254216075926,-0.015543982718472349,-0.024001704739619822,-0.019559030380149056,-0.021299943324306736,-0.015768069249654126,-0.01304569059458971,-0.019971749088763757,-0.019719479160531406,-0.01344809897529875,-0.014929069848584997,-0.006607289553856144,-0.01285997456531962,-0.02093907414200069,-0.014096048134362382,-0.008205738259023043,-0.014528377869398201,-0.022189357640080787,-0.008151323415986678,-0.015879202849184648,0.0158189441408918,-0.01815380027548552,-0.015457571445388174,-0.01159537768847163,0.016640023053706487,-0.020041640046387865,-0.041317281079603974,-0.012465828133977008,-0.02641574948569958,-0.017101885777402237,-0.02549907902113957,-0.019827538598366834,-0.013897766255048571,0.004804439288780937,-0.02860050230195732,-0.025477697700767243,-0.018093384826244674,-0.025556624507800718,-0.01903563173311451,-0.0017805562164870947,-0.02540997342040696,-0.03410775903628538,-0.005494656518397201,0.007346563031727316,-0.010312611843580233,-0.0058878758325682234,-0.0301413778867039,-0.024059305391879282,-0.016173529094279937,-0.03248845186349136,-0.031185123830393624,-0.016645720827797472
2022-02-24,0.011633507357609707,0.014534694785371727,-0.020398852470318807,0.010059836381923759,0.024570796452535237,0.006807615015993473,0.022761792784477874,0.004075843110914468,-0.018945681473491627,0.015652376380053568,-0.003175461491462084,0.01023314594019653,-0.026351147508364647,-0.040335439364787784,-0.01060695396583744,0.006983355731253749,0.02022791187346229,-0.012437449183702931,-0.025971334531187606,-0.005666958943241429,0.027781581105139175,0.006953377405996886,-0.003018234219514082,0.006863394943372292,0.024199690164306675,0.0029048612729742906,-0.014939328310394129,0.018002403347983975,-0.01000995890858225,-0.021457562171350864,-0.029891920482540302,-0.05953127430130034,0.012695450324021307,-0.010486394273165778,0.013726619689145236,0.015239791389285218,0.024497078694214913,0.008178976522581705,-0.0008191045257234242,0.003044492504833407,-0.022090122238279775,-0.027843323833460998,-0.019118829035051577,-0.0035849886757164384,-0.024325595742985207,-0.001134832508497552,0.0307852849527408,0.02043817734767117,0.006106821383339067,0.0014980473537256067,-0.008091771566927308,0.0011171553441104987,-0.01319954236659282,-0.017084363318951468,-0.020624399550994488,-0.002873469547544971,0.01696682515987824,0.002525739964660101,0.03444770138682629,0.02492212361956936,0.027471940809199236,-0.035732253433654826,0.00525775295916131,0.007174635490154957,0.02225656768092721,-0.01688858052641451,0.004562426433132982,0.010346175846245753,-0.022937471814935995,-0.009714650687432824,-0.021394116116882023,0.013710337242418325,0.010083941139126917,-0.011151028017515663,0.012431307897224464,-0.022984244046884483,-0.006014471221069906,0.00719550542500258,0.02548271910651967,-0.03930569006380924
2022-02-25,0.024608905568593853,0.02234975385356064,0.04937973033872867,0.033436180301940954,0.022456867603491304,0.02437720486274797,0.017710211882689286,0.022533354662687577,0.04450059880671087,0.032044693109327005,0.028457737283426265,0.015370675625338892,0.03256919911335987,0.021592423991662946,0.012832424749416704,0.027322729970135295,0.05166152772744659,0.0028531564214013816,0.05104819982237463,0.04035146239172449,0.008823076603409197,0.02710122044112162,0.029707359169203418,0.02480598265097589,0.0008701825428460985,0.026863063642372342,0.04644562492089088,0.013405515904055365,0.03133349970654886,0.035995107999612364,0.05091777541187703,0.005050345205200646,0.026351711001354472,0.028554360826597458,0.023319855016178836,0.018739966375012962,0.034112033050696766,0.014061548703300897,0.018119218957716843,0.020033654754824326,0.043150780142019896,0.02365979895807646,0.047966128169461886,0.03265965100816404,0.04457519661220255,0.02650521653438731,0.02670230511793026,0.024509240394520404,0.006373248853413838,0.02515339448094167,0.025934703269145487,0.030133725043035353,0.021936524051771933,0.03609213390117172,0.024544398097321896,0.03128819520164772,0.034565245200523176,0.047774462237071935,0.012102740153225877,0.03057298475258352,0.041061101690695656,0.029488359332182856,0.04550197200592332,0.03488669984468373,-0.002069528684574329,0.021220680007570714,0.035499511944021345,0.02695383417518671,0.06350289509849416,0.030676007331578603,0.041681653884811265,0.028489387653481302,0.018635523284880717,0.022829924132707236,0.033057772131367624,0.026560468179524843,0.027026727243289583,0.0470782101010232,0.025372781402632327,0.06002707365837345
2022-02-28,0.0062849764043098055,0.0005604961965768318,-0.012256672925129997,0.03120690083783284,0.004770333916308767,-0.024839331470490555,-0.000616091013989073,-0.012557749719885658,-0.011750340735640297,-0.0028439578443569813,0.004284655347018607,0.019158232540224196,-0.018214272810621934,-0.04436917474284929,0.0027800020409163295,-0.012285213113513271,0.023632560125597335,0.00132461200383438,-0.009106335051893066,0.039333661821657984,-0.005300518927170761,0.06643521650415796,-0.004726474111843348,0.002771716602340435,-0.007155739323863597,-0.013583317390472582,0.07880412348064514,-0.04221784552590646,0.0010772691747809038,-0.00927053626648966,-0.005198387478753008,0.017420619161123918,-0.023016327709616036,-0.021608369607537425,-0.0004901733566009536,0.0007506490730555537,0.0063109950505571,-0.02559992885401796,-0.013448304435769165,-0.009568363086371434,-0.013325907483702881,-0.041697780667445894,-0.007924943120958816,-0.006164482091197021,-0.024735926386266982,-0.01254148618796258,0.024405068348123393,-0.0005788577674697981,0.04553670232386575,-0.015013543301442112,-0.004391575902181422,-0.009750571785876017,0.0167541789800143,-0.01687472788168698,-0.05414984332263284,-0.02305356966322014,-0.0052099189249921185,-0.02351044547640524,-0.010026850701022605,0.0035671577861249304,0.046677502643934776,-0.005323305089555808,-0.014507146756715161,-0.00905229099208904,-0.013626080228848148,0.003364377355026482,0.005003406836226132,-0.001719325312559361,-0.011910458990379458,-0.009518409595762112,-0.009282636939062061,0.023083235113567913,0.0016335736523975797,-0.001866821270981478,-0.010742904074545923,-0.013675896172490098,-0.011979408725510732,-0.0024489914956661307,-0.00816295445179771,-0.0014086218393432048
2022-03-01,0.0022308343312957835,-0.008403283989567356,-0.03257245205566317,-0.02803734668528346,-0.0297725572115094,-0.06768791019547504,-0.018491283047040508,-0.036347230103433104,-0.04100034717561751,-0.02750551604175111,-0.0847126496959495,-0.050793770633065116,-0.03914022375505555,-0.010805329988615275,-0.025322589317976485,-0.015856204192060575,-0.022308787764913074,-0.03943746279893712,-0.025820783363668554,0.022137602140517965,-0.008446115203665228,0.03179258232893334,-0.03828650548884904,-0.027086876047770714,-0.018590996087263334,-0.03308678513091956,-0.0050377511155934585,-0.11578015774440742,-0.03669822377317056,-0.044751876360810794,-0.07065221178618575,-0.0029635208984113426,-0.010035635994185887,-0.04621926992066838,-0.0039224963536586,-0.017724800443131516,-0.032411044221245744,-0.04652438240594925,-0.009468486932121212,-0.025330373955266827,-0.04586379357156811,-0.03772904669910648,-0.026573257007741935,-0.017529891371652062,-0.07623856464445777,-0.032872457524254495,-0.008181795592534069,-0.010745734361211401,0.016729396529425955,-0.005652531104386238,-0.02693973301880359,-0.055798823606031056,0.015962833271896404,-0.0605270054548136,-0.05207943386003122,-0.08632154411620863,-0.05586502177369779,-0.06356579529090489,-0.01673033409469038,-0.018833459934273322,0.0002921091964074307,-0.04000998748471318,-0.036040785949695286,-0.03891911323102604,0.039605995944842265,-0.03412227842609661,-0.028641886129480376,-0.010906963543054427,-0.06541291683502282,-0.06375827734790496,-0.02333687104789517,-0.028168918151414313,-0.009458641456190686,-0.01431177827841057,-0.02680201210639732,-0.05771022860891173,-0.01928035227614522,0.00017529894082723985,-0.006687403063189046,-0.0839330354328005
2022-03-02,0.014911798719536185,0.015253889384744923,0.058024189416023386,0.039377317048674865,0.037924394410222995,0.0053496136507564795,0.028259694170630345,0.04367820362799324,0.05515182791562134,0.04943412486772125,0.012636127581188594,0.014878630352455957,0.01624653428535039,0.016555778292354884,0.05349238383197452,0.017083629510167064,0.03290010846507352,0.056153407347301565,0.026505167553074083,0.011138648353014924,0.023753834292227216,0.008212191991948226,0.07252339230018334,0.008901655602375103,0.011256199013303103,0.036130891366750184,-0.010126438134975269,0.05051513625974313,0.04155962264063762,0.04216343602281247,0.036212193678612836,0.04986789532636249,0.025429410722104917,0.029903470535013188,0.01919768379213682,0.03694873054345971,0.015468521824838044,0.028702724105004185,0.020683758720234646,0.015697641922432393,0.027425519602232162,0.020740336940175963,0.02981083362495185,0.032940210948092075,0.038054161751228666,0.03051351122947299,0.02122999892233013,0.011707994454375648,0.016453942325229898,0.05547495817649528,0.025725707911629092,0.027810074385281602,0.019766824230229574,0.034777474195011315,0.01802365081602053,0.052102008909415964,0.034428035831943316,0.03028797861580479,0.025255593998504633,0.029237659006333017,-0.019371351019860428,0.041677503893902346,0.021590554953192287,0.03589103397043658,0.021865036049606434,0.029405729851201157,0.03967354184650973,0.025769294637769224,0.04368003457392433,0.05799924149531943,0.03491820593230832,0.033066072733455965,0.016792906689536702,0.0410014418774296,0.022791948700044085,0.03837744231866913,0.022699540633962068,0.05102585106808388,0.022527184153212643,0.05297182928772903
2022-03-03,0.005701844272133494,-0.00723397500998979,0.00021654232231282933,-0.02202643097776069,-0.004223528270778765,-0.022805032065713715,0.0004580724989733387,-0.012236906327243835,-0.008509401233257607,-0.01757654661963659,-0.0023290676296097157,-0.045295948464000535,-0.010710185583979848,-0.032572296859432304,0.01162978630167455,-0.007647415903907051,0.027998890591019565,0.009223508059043706,0.0032821102820885795,-0.006425704698447499,-0.006771561700868567,-0.0013685792680466768,-0.0003835988834341997,-0.006945693051176982,-0.012012938004933638,-0.0005086866775959598,0.0034098244939990696,-0.008541615075934317,-0.00010719105572276622,-0.003269294903999964,0.004992525000762749,-0.010380738702389425,0.006367380900421882,0.006253807306392245,-0.008693430713632155,0.026240641106649587,0.005792558156851202,-0.018415421934110943,0.016712549425573098,0.005369562665409111,-0.01349018419184178,-0.00710794149607985,0.0008130838576376753,0.004783203584098228,0.0020108804902672084,0.00449796580789652,-0.004276404157506408,0.0019287506076444139,-0.014792400562359309,0.010326165695640599,-0.006210370912619667,0.010227219679878718,-0.0004970086516691286,-0.010893150355430481,-0.0056685553242011855,-0.0486715856120602,0.0051925026580244005,-0.017581861911771912,0.006400215524669628,-0.003149689032650227,-0.009032902393303788,-0.018348430106912117,-0.03836198232028287,0.006690500217025663,0.003457764212808856,-0.007538208079061137,0.011198389239323259,-0.014597749787336523,-0.0023068892174409328,0.01755481206052867,-0.00046046357718809716,-0.014573607583686754,-0.006152820736216702,0.012244104221664331,0.007660261659370393,-0.018766913706966815,0.001585301006798323,0.0095093897993217,-0.0035614397627117267,-0.005557113404514813
2022-03-04,0.015918096481005506,-0.010089797473516127,-0.006853825692011095,-0.013288291268278574,-0.008483117991347267,-0.0443407012930207,-0.000457862764632444,-0.017013587354108628,-0.04209225066570943,-0.01956098544954943,-0.03857943680473008,-0.042414665113828076,-0.036243577754157985,-0.017875774215631135,0.004156728493478479,-0.01073308183795152,-0.006996598424701239,-0.0332552718027348,-0.015267239581916892,0.029360344498589486,0.0014267387829931533,0.017161545281527024,-0.024947048924850335,-0.04139900186325296,-0.03331755105876966,-0.03902719681728195,0.012234750746917378,-0.04275686490311781,-0.01759302061723289,-0.02911019636279344,-0.03779698674981824,-0.03496509953888405,-0.0004163736396801676,-0.021160085215135793,-0.0077954895574655625,0.026825829831908177,-0.000479698269225004,-0.018760646878076992,0.005479089112627289,-0.014815331791899311,-0.03986036128195847,-0.028129283463040555,-0.010724703820243264,-0.013488455957873846,-0.04769991850239741,-0.012686553116626476,-0.007277628488589927,0.004171228621277168,0.05807385563703882,0.04621321587997995,-0.04182193040831628,-0.01799793449502607,0.014917607088848595,-0.03507471270514728,-0.03201876238006951,-0.11572799999862537,-0.009061010187135787,-0.03887223089618097,-0.005176377560732748,-0.03710812325702584,-0.002404222895526331,0.010903327616794245,-0.05660374695014703,-0.01495349811108071,0.01760298104637026,-0.021187239345534237,-0.027023763042209437,-0.024345556781717015,-0.026259282686954655,-0.029661086133371706,-0.0011522615218760857,-0.01548057233504918,-0.0013034080401376213,0.0358959691978562,0.010366284594930386,-0.047814081166973166,-0.015433295070319097,-0.009089546630168699,0.0033188472240830436,-0.038382282435707404
2022-03-07,-0.023610027203919803,-0.03680629739069041,-0.021865427305824636,-0.004565185041545905,-0.016812308007605914,-0.11090762781099095,-0.011374957888718895,-0.03864895482997033,-0.04308850278615706,-0.05815107688207599,-0.07990721550791957,-0.06453217432685909,-0.06373631318449557,-0.018377866320938074,0.005315369434925499,-0.05424949952175817,-0.03195791598310205,-0.061572186365212,-0.035880267046983105,0.009973163855286238,-0.02092609655589517,-0.009237773456267973,-0.034146946408628476,-0.03667918641627166,-0.05130740759978536,-0.027030560973011708,0.005371602258729347,-0.034999974568684866,0.0006553663619912609,-0.032094401877399314,-0.0576878834491541,0.008563990817944234,-0.032980803874032905,-0.03280436984685786,-0.035109276850922355,0.005679168643017984,-0.02811707961727916,-0.03997663800802875,-0.004343469005883005,-0.026398865836410268,-0.07727257852251812,-0.03861633556542443,-0.019710808369794663,-0.040482632678399466,-0.05705968054083155,-0.027588776061493236,0.004806992333308502,-0.029906218640774584,0.003480520261013087,-0.021997936761723347,-0.058070850414474795,-0.038945818849383085,0.016168840792597283,-0.03337496144764718,-0.07624042953654775,-0.15373956737866679,-0.05528958337115564,-0.0510563614915962,-0.016799288359044096,-0.03969649202927372,-0.014057596178255527,0.08115063808199752,-0.019428547487120196,-0.016144626158816067,-0.05376021323332858,-0.02021649282802651,-0.05165644805441494,-0.08486356862753786,-0.04630240313679823,-0.07345607296408696,-0.020819157341147587,-0.0456266352034842,-0.03164755202720271,-0.011978831397435385,-0.014820047894147148,-0.06107819822116278,-0.003817977731181643,-0.03719158581615878,-0.021119599251380516,-0.04832539721926565
2022-03-08,-0.031215906775160618,-0.007054724540281221,0.012476722300898802,0.009401509783854234,0.021349646864743166,0.0682078195446445,-0.005173603057494258,-0.004719462717784784,-0.000891785473996376,-0.004391347127005951,0.005781367892047973,0.027368947998619886,0.006520660774401499,-0.012241076085820812,0.06761568362560322,0.011325008419774463,-0.0010392613092194969,0.01798550327816084,0.006891750434191879,-0.02439047862007815,-0.009460524593643882,-0.03587167691775062,0.015079062738130533,0.027021485496586006,-0.013108694416152478,-0.0045625476232774576,-0.006845796225179224,0.06597581337052016,0.022478923075714752,0.0026174715371314328,-0.0004764848808879174,0.07250173432669804,0.02230644165805673,-0.031103506079434684,-0.007124669041512988,0.006516117192738369,0.005928658227872585,0.05250451210980822,-0.0030936575618479845,-0.014574122738206796,-0.017077223113180273,-0.007042783338938041,0.006367186381175616,0.022352747338878487,0.021488882013755317,0.010493672272001042,-0.005740681715145302,-0.025558251007575028,-0.02081104045493609,-0.04541722438869289,-0.002796705212662731,0.021453998234889582,0.0057861368167513305,0.01622829394141556,0.028296870483900616,0.03522907451409618,-0.02894619635008777,-0.019305656118187686,0.033719133320300854,0.014203753719074452,-0.034015785490910666,0.0707836746582815,-0.015734283661962056,0.010776515300885192,0.006456648579316271,0.0029178697579019808,-0.022745409847770626,-0.03138264445012928,0.011025877078855384,0.01969376731144723,-0.007891763304831656,-0.0055901295379220395,-0.006064817206143158,-0.030559300041807513,0.029391434006479367,0.014189045317430704,-0.00665752465984315,-0.01004622538861899,0.0012998378302981894,0.0035353038751437804
2022-03-09,0.061720062187795355,0.03315564909652613,0.008581918924444487,0.031349410580749915,0.010699441433814627,0.041997063982619265,0.01477301304917411,0.03784690280943015,0.02275777776711263,0.03347148664904753,0.05373311145182624,0.027387769984206445,0.06348759064516285,0.01968288242547267,-0.0010476016516622888,0.0328678578256274,0.020296604219158576,0.028133117056699852,0.020990043192238073,-0.02621477539198236,0.018094742196157476,0.01678991357606785,0.033724726955819184,0.026509854301767666,0.01442130788722995,0.03427052478250281,-0.009078733382492876,-0.028515912207080496,0.0073640299169894785,0.025674568977053225,0.06625341603356483,0.014311796523701181,0.00589726788850542,0.05678344886617781,0.034085120586865525,-0.0066465121116927595,0.01178791350690922,0.03612377940981881,0.004296623115044085,0.020882583143303046,0.0547944493482464,0.04006224489288601,0.016150476439698913,0.010385474612518042,0.04796359555566099,0.0053522598175996805,0.018284640191106982,0.029675851642878337,-0.007084388494631555,-0.007076340021698657,0.03639344959491164,0.020420114441984216,-0.035954139691779186,0.028359176176656842,0.03643630542817844,0.08666217381096897,0.04489980039488639,0.03141142495282012,-0.008849868929730165,0.03236866615805711,0.03869282518481665,-0.05590058363562356,0.0467731824988844,0.006493609959923985,0.00870860042430821,0.0440565834089679,0.023945286229911877,0.05908902373209979,0.0293756780428982,0.030207836015703204,0.02267701099408348,0.035946776266768454,0.02440691192540867,0.0007890250709743363,0.036870458345852564,0.058114654629828566,0.011778988749087338,0.01644761559395347,0.012201364324871511,0.04291425552308481
2022-03-10,-0.01581542723613838,-0.006303657038563282,-0.005817940688713441,-0.0015418434465099828,0.0013723995544832057,0.010692997045904207,-0.017852801059999535,0.0030459480744153833,-0.001745245057745981,0.0047704465937135065,0.005633047901276278,-0.0009520506903542003,-0.009015785270479193,-0.019124269373172575,0.009581449406828924,0.01041992426756666,0.03366472293753087,-0.006248695229110757,0.0015642061157636888,0.036482974243672084,-0.01178646340613232,-0.02615579264402268,-0.008350536222250127,-0.0073785812164611775,-7.478936859772745e-05,0.005158953564323943,0.027655380269516305,0.0043362598432359345,0.003708123225486082,0.0025455737209649776,-0.005811172636435713,0.018612931386875475,0.0014239923091672324,0.0009157010091964679,-0.007434966581338243,0.017379355075174407,-0.005609540837502869,0.00996130664930539,-0.014815226436156625,-0.007556409152631671,-0.02122270543396465,-0.011840327975823017,-0.002129964795667072,-0.01595879335736705,-0.01589844978169319,-0.008102150898467442,-0.0054343833271085495,-0.005448439515155168,0.01893519834968127,0.022972930021530447,0.000650071287845666,-0.010291664760802788,0.03530576130641849,-0.009585050163129272,-0.006883525322189388,-0.014099573659296483,0.001515570989878423,0.00427603726731518,-0.03132377643573847,0.0023675693968279177,-0.00010152913023042665,0.019736860867147765,-0.015837057427595225,-0.0032256943129725935,-0.022375030508692162,-0.02488057241717323,-0.02004439153398374,0.002758401390125398,-0.014866574469614813,-0.011696705636258686,0.0030344275027875955,-0.00642741963017146,-0.01091996278426477,0.023573976071506797,0.0034691998062161833,-0.0030514069564928636,0.008631179516195742,0.011189601874288968,0.028468741801948694,-0.009365853287667592
2022-03-11,-0.001085685379986212,-0.01384084978685518,-0.00263370827964049,0.0,-0.011746408042644152,-0.006714177432546653,-0.01435489095950293,0.01105016891498356,0.014423150372673499,0.0192401792300676,-0.01002373683421598,-0.012108322604964972,-0.008359480524230967,-0.01311939730021694,0.014353750788542952,-0.022575580451278165,-0.0024674417888992384,-0.009685790393458182,-0.0013388528847585457,-0.01313660922152493,-0.0012171812882669775,-0.008885252817497413,0.004699869727560868,-0.01956184421041074,-0.01414255873099124,-0.008882931460290733,-0.015612066983038742,0.01494516261936285,-0.018366112696649117,0.01565800415033025,-0.010791377836477878,-0.003536594076863908,-0.00945047638706975,-0.005795219714980759,-0.007490595642456466,0.02434229479047567,-0.011499478920902861,-0.012602849204252808,-0.003136448691015148,-0.011348199883246646,-0.015857469052008133,-0.022523950502842394,-0.00032849869365725315,-0.007697017728216626,-0.011423053524223015,-0.020225164203410584,-0.0019004712558287062,-0.012542202925495904,-0.008079714401595939,-0.009301630022870988,-0.008967958055208669,0.009243150402556521,-0.01633034180405213,-0.01519263591377884,-0.00792157996051246,-0.023431310217670198,-0.031422458611522375,-0.0016616726284893746,-0.021100561737521728,-0.010979758192972144,-0.016140455445001645,-0.011521069516303162,-0.012643666121396668,-0.0063764814197626585,-0.008020825203301052,-0.009797986129577496,-0.020989408498560902,-0.027006811441562473,-0.008846605978328204,-0.005674500019248074,0.010704552771985787,-0.005319189358052867,-0.010705970411604704,0.007201857671578216,-0.001296370739667485,-0.011018049690132758,0.022288465442221295,-0.003405021359286331,-0.011969905621898036,-0.004804701627734276
2022-03-14,0.00043469175640398205,-0.008187098193684017,0.020098528946804306,-0.021839877310319555,0.0018820695457362202,0.015977033678260533,0.005936402428650567,0.0010011909391869356,0.00947852748890754,0.023045023794881603,0.02912469702702203,-0.004028777576411069,0.021572013285209746,0.0012922279298723804,0.0028396091486571073,0.007841603348815562,0.015830049799363977,0.012699317152231826,0.04267229761963631,-0.018900426400476178,0.015461877064109508,-0.00875907537266829,0.009258439516539596,0.017557936130472962,-0.020645086034231652,0.005244627117387379,-0.10146647577799117,-0.0019633333439436074,-0.0073117339911880075,-0.006249821201383177,0.04204527361834165,-0.011534893163826498,-0.017730712687532124,0.015186417419872367,-0.008805047037574343,0.012173688598314358,0.005268122657084318,-0.006659297932304464,-0.00016107962454481317,0.011232963078428693,0.050641154812631095,0.009931013950031264,0.01297624618017812,0.003643761714205329,0.02228470593816767,0.0103216116686482,-0.0024988893824966496,0.003007982441981971,0.007873887338905261,-0.004675745189095748,0.04327885238626217,0.0011449511775070143,-0.03613292393894596,0.006643085228897672,0.014306028463778597,-0.0005513970527286638,0.017002157376417637,0.024133892081128927,-0.002567979928380093,0.006454572745956844,0.0012380326023566646,-0.0314683762613257,0.012805575543055392,-0.004764027746891997,-0.007058938011291205,0.007421163117042662,-0.010036970206856788,-0.013621032033819147,0.01312568423579763,-0.0075004053165537155,0.01985825904041616,0.010116846980613436,-0.014879928409829324,-0.01475963025123106,-0.010385267727266223,0.02867759035900952,0.014989335512419988,-0.013388116760644109,-0.02145386331818766,0.012303404660801265
2022-03-15,-0.03042136358693681,0.02181598158792397,0.01656448012999423,-0.00947230451504777,0.006030754073462985,0.04314522722137282,0.01801881705236741,0.019253187981014053,-0.013230855860379087,0.01893135936650947,0.018808645777131483,0.024897419159151335,0.007281430899699792,0.016227104092549904,0.00473448030098278,-0.011175551125198635,-0.0007305193449050895,0.003539365322008159,0.0002142967670688556,-0.015536222617372086,0.018932881619073916,0.030307003988025327,0.00048285145406334884,0.01627460071746656,0.04006799687613327,0.005085227471418596,0.006073345818709219,0.02032789636830823,0.0035745021593971416,-0.0012580317204784475,-0.0013086043338798037,-0.009874559724700971,0.011885369850875183,-0.003777758104385631,0.011421192102840427,0.005025010149084963,0.025054577478671458,0.013966490455042724,0.013716108909947788,0.011157165082944287,0.008763788880999712,0.01774583331482149,0.016215344043185365,0.013683326979607946,0.0032292740168105016,0.011787652636497059,-0.017060500488240815,0.03505730645491778,-0.015894383729306183,0.007403441884782147,0.014833114652194501,0.0028588266310813903,-0.02836881166850569,0.010253010795031825,0.011644164955696645,0.03518203808329523,0.020513171712742473,0.010360862836041207,0.01821723412822074,0.0010258801205031975,0.005976954939796775,-0.05511434758753542,0.008045952932448586,-0.010404433149341807,0.027559999252844136,0.005524871366172857,0.005310861182365123,0.013418335882162014,0.002245679688770874,0.009692678346892913,0.016988368604761606,0.027328989656729696,0.016978751409386428,0.009586126694763442,-0.00655884942139473,0.005013968075584518,0.0030686974150540003,0.01722330690494367,0.018055335104517845,0.005538368531646354
2022-03-16,0.023531941754123986,0.021927358942926523,0.012777003304725643,0.018670390339435183,0.0024566807036223715,0.05701578764095627,0.015458422368477942,0.029928824967815792,0.028546955847792432,0.014346219853061282,0.025960117618230028,0.050586503609934885,0.031325389055773645,0.030666027138719132,-0.0017555190096480988,0.012875608280805695,-0.000730955041150616,0.03421172301621733,0.014995778979932206,-0.002419749104828006,0.01837173840752082,-0.017488443400018316,0.02972688220346531,0.013698527206976507,0.029359400785328837,0.02372043327730644,-0.010375497287828717,0.052699146467638736,0.011980549821661413,0.030226943133804474,0.03734458409177477,0.00906608563451683,0.009087655476599732,0.022145047491042735,0.018569869327127897,0.014754239174173067,0.017253028278946925,0.039118690534302836,0.011143032876780534,0.007387817444078459,0.027613925621889912,0.04468616028955408,0.010212353793523699,0.016529028438108995,0.060840250770200166,0.0058249430586194695,0.007161039094975896,0.017385790875774854,0.005475028971328122,0.019622793750861955,0.04124877917866132,0.029076253348759185,0.0062566110222863625,0.038598394864622465,0.03647556477190439,0.07543632926492938,0.027539327386252976,0.04342994260764077,0.02858035490813804,0.028701521575294153,-0.018643538682653005,-0.03514989373714361,0.04161943787904332,0.01791776317247984,0.012493769173927971,0.020553564281142966,0.018111967357582248,0.02943842471532765,0.02912785759724823,0.01919953038172384,-0.004994720629381777,0.024790768572190203,0.012947081800257054,0.015454006680655663,-0.0033009336115731314,0.02973459522099753,0.020841242647570812,0.014024199442064678,-0.005067288472281883,0.05354969571292356
2022-03-17,0.003941225042279006,0.01524567458353232,0.0033314767443399784,0.0015645885605299892,0.0010782812019540788,-0.006765385649581401,0.010427545897198742,0.005002023803711619,-0.0117747093918954,0.005564246322394828,0.03521402431712639,0.006349525971549808,0.005373711943366111,0.008626877914225783,0.02600885324304425,0.00042369600438374455,-0.018532319798804875,0.0007307949896890875,0.005065393179845223,0.042290508926715153,0.015033507494097709,0.015003595863005037,0.012090815069752514,0.0013323703452163826,0.009627972336001545,0.009820266627777796,0.09645441743462002,-0.004578684947094347,0.018451406085694178,-0.012225041819297844,-0.015789531090467546,0.019167418260062297,-0.0005946988017991872,0.0044515538343348204,0.016259995909434943,0.008723697871512615,0.004711609215129364,-0.0010605942852182082,0.007241690376765586,0.006619210231407768,0.00030189919439549406,0.012644395159409516,0.0077398033336772976,-0.0113822504504274,-0.0016688796454629173,0.003861493615791245,0.025668901284964907,0.01765818288305665,0.04519457875129085,0.0039146750856269286,0.00808939255788399,-0.03490313659592392,0.03316062960879829,0.0035345009052079046,0.0063344609972724175,0.01561541547383305,0.018614249542222794,0.009056800980941526,0.009385790820445772,0.006974835452825623,0.02035464157349942,0.043030175936062065,0.0016418465275387373,0.020027316626726188,0.026591542773376275,0.009371832337100372,0.012736026879559326,-0.004121120405717993,-0.01457060166885904,0.01628339598068318,0.009705000684421261,0.02106564411831502,0.010090718959775868,-0.0022337043449499605,0.002870232961830421,-0.0023255943422053615,0.011987155663647497,0.01754101234103045,0.006111448506025408,-0.007551755033930907
2022-03-18,-0.027917201842246997,0.012791737878764309,-0.008265107286350104,0.013612960878369496,-0.001272973784954723,0.016016180721143414,0.015141348043890002,0.008690144242447184,-0.001702170830367944,-0.00138341292001265,0.020056767065532277,0.013880852598767701,-0.0030210682160916047,0.001047285873990278,-0.0035632810075617583,-0.0008473843959028171,0.00496911389500676,0.006523667777497133,0.0029398662822344157,0.0077913688490114374,0.013646170922123835,0.037290919284260315,0.014910514727198398,-0.00114052315552704,0.005950944517313594,0.012330868077610413,0.013039072978280108,0.018092613969489024,0.01581325614340523,0.011963838340931732,-0.0012834117822559943,-0.005877084225239582,-0.0021253756231436327,-0.006795548839610421,0.01575761371480522,-0.012091596712695662,0.014536116739068516,0.010084981571532925,0.0062520411865389924,0.004494342890468683,-0.01237549225850365,-0.0003566378174566509,-0.008464064006688088,0.013706031082343806,0.003799255436516713,-0.0092308763241572,0.004699958463588061,0.009577823731445223,0.008074904563807328,0.0016035025803293745,-0.00613639701547497,-0.011481011998453305,0.005516514139198403,-0.0005179269478144954,0.017485168184375954,0.02172033168811227,0.018189359067489086,0.010025823362372677,0.0178229122224427,0.009153707625785268,-0.0023527975147036306,0.005568499546357186,0.01803288315612539,0.017304459694085228,0.01807987408238998,0.012445695010048885,0.0060545957513440385,0.018683330590204994,-0.004758523371960255,-0.018692857737143243,-0.003977253599617869,0.00026634509473288936,0.011322135419440604,-0.008498956783575928,0.015632052857945,-0.0011657538511481436,0.022395124458993054,0.005966904770861925,0.012148761932719854,-0.007169947202110394
2022-03-21,0.021763605516486928,-0.002745693783188452,0.016596694388573585,0.016732764572194636,0.003235632870721261,-0.026272820879188585,-0.0005194229661911187,-0.005560769758581219,0.00937771133566101,-0.006233982311730113,-0.008546567250307557,-0.035938432135897314,-0.0013987158964485769,-0.006451531971408242,0.012674808826752093,0.001130647833786247,0.015327676942495483,-0.002902031698116647,0.015494303123499753,0.03172697189784435,-0.022654128787100047,0.005570647419050667,-0.0024637821801980486,0.006850643813997914,-0.011974303454477475,-0.006969493066322108,0.05440186574834427,-0.006325273483339,0.012371013038201983,-0.022829447024497962,-0.0047118261703579245,0.021578606593857463,0.0,0.004016041149003113,-0.0016704890064422884,0.0058360252750315755,-0.008730210932296978,-0.03047794027085482,-0.005125879828702051,-0.001601337498915556,-0.014670038008907094,-0.003212038881016732,0.01153968279780182,-0.017306511276700798,-0.013171682929612571,0.018245259791238366,0.025844669458572334,-0.002957078602248475,0.060981982691284964,0.012080282098465123,-0.00510551855979835,0.0029037772301607756,0.03990031007984185,0.00020735265432825223,-0.015428002907131089,-0.029618806046964763,-0.018113700817022682,0.0,-0.01058610160626039,-0.012624924146279581,0.024815501782157856,0.03674801136396555,-0.019860285332771066,-0.005607890107973579,-0.01263606135851636,-0.011317108898628025,-0.01964284872066968,-0.006031419969850238,0.0010245475381738256,0.01808862969297853,0.012367456143612232,0.0018627978483578556,-0.0019758502284019652,0.012207155845563422,-0.006503304378652319,-0.005445000369703967,-0.0061549822655775355,0.013182073307561826,-0.0200049382478239,-0.0013263518118369344
2022-03-22,-0.006587612870331161,0.011013245498142199,0.012541986497526914,0.015374601121279863,-0.021598948099467385,0.014700354971269425,-0.0005198092210596528,0.0008663511797590839,0.013513477709744981,0.0004645095918629494,0.011846193748130007,0.027649271427682587,0.03127921053148208,0.009125805975112478,-0.004470165181323482,-0.01905427125902026,-0.004869899644745268,0.01707479339993223,-0.0006186327028206984,-0.00963416171334841,0.004344544030788322,-0.007214567185301668,0.008324316920020669,-0.0034020925798238233,0.01074858606519058,0.0077770723421835,-0.013183733194344627,0.014246662082246342,-0.0018330520025202635,0.014184451423609357,0.020227965856697505,-0.008969980044095438,0.010564025343139383,0.0010370509927979388,0.005737427787820382,-0.011926633205052717,0.01041346742982574,0.008129767861226211,0.007494277582275277,0.0024058986651984693,0.0111662866785609,0.021267513733461252,0.008438812445290322,0.0033020185549119674,0.02792252297788944,-0.007243641550154556,0.00022805529397396107,0.005869791746355935,-0.00121764054063922,0.0028762444239653906,0.004057676919295261,0.004053205036436802,0.003357315845049058,0.02258948960471474,0.012024051586329687,0.003569281304532712,0.00025388279785043544,0.01720558335414868,0.004543500745496809,-0.009496765487798209,0.014408458513794908,0.0002426421165953041,0.007119137773683448,-0.0010339829298036118,0.023520059804815086,-0.013222778629503495,-0.01558366926621002,0.004458302623664645,0.018594416136468173,-0.0009433093566970641,0.0008767035081855834,-0.0026564680219025583,0.012867198017669779,0.005103881746532091,0.0030548165679760153,0.04399665808222686,-0.005282186646093812,0.010570512388816677,-0.025261384162852618,0.026121715863735018
2022-03-23,-0.01282032373709463,-0.011437820381166364,0.0011764021356288623,0.07485609259797399,0.00199778467543954,-0.007518794362558645,-0.015376270406925907,-0.020144831217359105,-0.03583349640666056,-0.026706763499412034,-0.027752962280752858,-0.026172530233034452,-0.024671873929794974,-0.0200000813644855,-0.0024245437291946503,-0.006186909548794084,-0.006116991700675145,-0.00782173039169709,-0.006395959065861989,0.02554784463212334,0.021221333635769835,-0.004087653530583157,-0.024131528483413378,-0.018964564986706955,-0.017628942905495548,-0.009787233057272804,0.017153225615483603,-0.03556481348683638,-0.0074472039247142074,-0.039901339112440204,-0.036490047490731925,0.0008758120769978284,-0.013319891285691665,-0.00251593473037115,-0.005467133243267308,-0.004975343128205134,-0.013792532809995706,-0.01290309597317485,-0.005888911697418786,-0.014823623528050667,-0.029754378500724155,-0.01991302096822123,-0.009763013815863752,-0.018924719732665407,-0.02343268110879848,-0.018817287275777472,0.0010258351631391438,-0.0015356153174049814,0.010972873292888208,-0.006166285649613856,-0.01878019473396131,-0.032295178912782,0.015296274098894891,-0.02381331854781865,-0.013184157544481101,-0.01680175481035273,-0.014720860599046093,-0.017658177450851298,-0.013532438358022314,-0.016731177674225828,-0.0014793984333324461,0.02936913217465631,-0.028276166965443883,-0.025450252508481097,-0.020686522089431003,-0.029000015258789036,-0.03179830027221053,-0.00838363793715824,-0.025623801701657234,-0.02234814700422627,-0.005911212804742827,-0.019975914146296847,-0.008143267650632113,0.0068458235902095765,-0.014574821456983078,-0.04251734281482911,-0.030031377229402634,-0.16993860346101763,-0.001309139572427176,-0.02631961135909855
2022-03-24,-0.0011195694578464144,0.009366388200342524,0.01651937559796557,0.010515848477201661,-0.004685539808819028,0.033628967678193566,-0.00037750616402321135,0.011644752784511603,0.009507492797119266,0.0169410074057732,0.015428319054676454,0.01617936935202713,-0.00046411749901476007,0.0012422418627675569,0.0001799720799271487,0.0034743462426478633,0.06745420190759344,0.005816583716065971,0.01100515250940215,0.0016287300268991167,0.022599456499319492,0.011466507072317,0.00585663634139677,0.007925933547286768,0.00959032829042461,-0.003801761447221108,-0.0021077984288664364,0.015494266901372455,0.004933518667654013,0.011996663547725772,0.003721279590765736,0.0002933364325543586,0.005126429345595929,0.007418215697948982,0.0019120597718500498,0.006229590002669427,0.012217670732537211,0.01851838796694416,0.007404468714266921,0.006400952234699497,0.0161237277475208,0.006510337046233383,0.011111090937370838,0.004473016396056018,0.009322896763525934,0.0,0.0059204850613896465,0.009965930976752135,0.0024119972595650907,0.008368526370592377,0.017443541934574203,0.010726999117444791,-0.0004709904358829453,0.0030105490032645843,0.005980920424002667,0.016464969511712724,0.005666973484655946,0.013718210161781652,0.016861276491506816,-0.014722059375679275,0.00474169828141946,0.005423188081420616,0.016787851825279976,-0.0012066452619190482,0.004831184842828851,-0.010092644108539828,-0.01797837512063738,0.01367647548193096,0.01048480242781702,-0.0006438775970727395,0.014315600532966988,0.014539953328236432,0.008866864364346805,0.009451432341628374,0.0024282543053508743,0.004108211241043769,0.011893566428882396,0.041101002417187615,-0.0020968413265777253,0.01299837611726029
2022-03-25,0.008518171188664603,0.006550419193405155,0.01577439447939688,0.0,0.011618550818570217,0.026814444705470786,0.007999910139939281,0.005794996590180901,0.02611291009959138,0.007508071451957088,0.007358865145765892,-0.0005289928690889178,0.015323970396514008,0.005671863632452201,0.005175151407351697,0.01341795897283049,0.004382213547058145,0.0020071434419535183,0.009447727150502017,0.028314684710773586,0.007090406481414346,0.006054644460021796,0.013308836757014442,0.007863373706784804,0.0012953287802948132,0.006678140819801559,0.015599607968437068,0.02349711464777382,0.007568882696279422,0.016087965319106834,0.019847296741606568,0.02874761741604881,0.016491162388577063,-0.015316300122072746,0.005486696206496111,0.02394916249867962,0.015922820208479127,0.020855615506796488,0.01624784506578547,0.005031019827156369,0.006534108744915557,0.008742443131441346,0.013775055785935297,0.0011133994702832162,0.026196126401452302,0.0043054220797469345,0.01878915224526989,0.011817213078800792,0.03825816061958909,0.013629280261641785,0.020121534384914375,0.018278329736902688,0.019312444244448113,0.016662400361941332,-0.000385866499821641,0.027365466056228804,-0.0008536853698783986,0.02025195742305619,0.015199860888923222,0.0016820655443983146,0.007078858098955809,0.02439000450328943,0.004402815412989813,0.009230942377688178,0.014227198611912684,0.017686193296562625,-0.0030273300090399857,-0.007604595438585271,0.022452577128161844,-0.006443319414150106,0.01916191660831168,0.007366802811889395,0.005208321955966433,0.011731522308414677,0.027967396410991663,0.02396260266982697,0.01716432013763103,-0.022346307615431327,0.01392155381702831,0.036453786368786156
2022-03-28,-0.011113482954750342,0.0054229682985025285,-0.002008063191732745,-0.05046141133761273,-0.022574090971622773,-0.004352367792079814,0.0008237876755592399,-0.02793996346802541,-0.015435888145477916,-0.018397603685130326,-0.003048325974444932,-0.004180964799640696,-0.004116214663624551,-0.014451985297618042,-0.006760362048097157,0.009396457020545812,-0.013088353779551198,-0.009253099258460407,-0.005493639519532967,-0.0372093069255196,0.02400061087757277,-0.019207197624552363,-0.016417441938276434,0.00019029137276049823,-0.003018561255735852,0.0023375265465583883,-0.03280002338383359,-0.01818725681874278,-0.002943774610359662,-0.005416468221556947,-0.020530104017189688,-0.005987935189407323,-0.00242523452882093,-0.0007478670661318354,0.0028468744340923724,-0.005568921603745336,-0.00343791642918434,0.0005239080941692453,0.0009135211471527072,0.012089694056917066,-0.012055709455346175,-0.007398264351781925,-0.0024430744407344385,-0.001390123408978594,-0.007082617204093866,0.00896339498003873,-0.018109338729524804,0.018722416624868954,-0.08505230290359678,0.004446692340208891,-0.010154267823442642,-0.01158110379758226,-0.016635737202553402,-0.008958149131641502,0.0006951489547555312,0.007047039639196173,0.001025587590367305,0.01829486073487141,0.0037967662595328466,-0.008459353415223303,-0.00820094229132906,-0.04464271683985854,-0.0071233850364261775,-0.01417488110427878,0.0024910793666577113,0.006542623100031619,0.01930323027020786,0.000370746455925941,-0.009149875241728167,-0.009727591267437274,-0.005273039412517444,-0.006382324860406685,0.004533886217782612,0.007169483238426366,-0.01606679298179614,-0.014269524568871317,-0.008804048842382506,-0.02571426910108765,-0.0015542122076241949,-0.018992506336464543
2022-03-29,0.023151069464081298,0.012405438546682745,0.007579244269185992,-0.003101768486057477,0.030591306950071173,0.020982703125630442,0.017206424825820354,0.0006495144469109704,0.010169560400789424,0.007591991679437804,0.006536844689123189,0.029974485968742526,-0.0025258776789292003,0.009835660583836559,-0.0036511359854890513,0.002962157308649127,-0.035480911797995285,0.022434005147228264,0.00695592226475461,-0.027149803884508605,0.019539875600533163,0.0012401272100501792,0.02123509862353079,0.026255599213478087,0.026384070773344925,0.025780162513017846,0.0009923463876566618,0.030367445816355643,0.008552077957770132,0.015081670284912141,0.007423452653061879,0.01090080308251884,0.039651194878304485,0.0329289693579875,0.012301958649228562,0.011280189831690546,0.0021815157297848664,0.037695952855012704,0.0035749117465400104,0.019877677768500135,0.04349195228099001,0.002200311080336803,0.0042857621429828185,0.0389755750177565,0.012631838295270592,0.015063650166315501,0.012333074160940427,0.013178074705987308,0.011651521077343352,0.0036537212988618784,0.023228690051438905,0.008787503061164603,-0.01127817417011745,-0.003338307729731982,0.048938495321097175,0.04946056210294114,0.039695944594388965,0.012666077329727576,0.01659317926674242,0.025138509770425976,-0.005019869427600354,0.021567239459543197,0.029249664033503153,0.023656641480413798,0.007116868647884189,0.03717249335914907,0.03815840070022536,0.026686493053721394,0.016789932648019423,0.03601811581160441,-0.01579564309030901,0.017128410643088676,0.005157806108718521,-0.006283323523909923,0.022860772519938344,-0.004053253439150084,0.008512035217460356,0.008211110860278481,0.012454528688264022,0.00014335679477284202
2022-03-30,0.006151140100955521,-0.004794976340862789,-0.0166422708776639,0.0016594447744027185,-0.008452869190544887,-0.006507982053217898,-0.003971500231360725,-0.02190844689259719,-0.023489965056700868,-0.01765931337064852,-0.0061802395141964395,0.005727557238763836,-0.010128511829877285,-0.02656280689621915,0.009229216537735896,-0.01462533939184718,-0.002662423510336853,-0.013231026394662448,-0.00142204432594073,0.007072164409630766,0.0011587352904991466,-0.010509252544728565,-0.000726620855752369,-0.019651472621394883,-0.009973420227940344,-0.013272527495930886,0.0008264904014410046,-0.024462181656039528,-0.0008076447572322731,-0.023937366435574203,-0.034031409267297086,0.005107421039216797,0.0006451568497776172,-0.02782219022942678,-0.0007012973314547422,7.901672902588253e-05,-0.005062356867620799,0.007074686331058899,0.0014400921077555306,-0.012376287913955064,-0.006297037820625184,-0.004533249735000244,-0.0013716497892961588,-0.02304418327461244,-0.01702378245430336,0.005327192153205873,-0.010506303464923539,0.002274775468191992,0.015773441313553738,0.012217476187714293,-0.0050703453224011374,-0.02961664685987353,0.00665374069784308,-0.017159822726508955,-0.02170857947659177,-0.06543848672087704,-0.027506438209568995,-0.006564144114355019,-0.014637268509502976,-0.03456874179865421,-0.0024734488126225695,-0.009852226421347976,-0.03270770842731263,-0.008209326444039378,0.0035933887335843906,-0.001175114995637272,-0.022477066147776004,-0.0013238183056545338,-0.030052927179213595,-0.015486506624189933,0.009466077968144138,-0.010656649021492548,-0.0035278587852113352,0.011257063672161838,-0.01660263186037214,-0.02887597965436528,-0.026605427167640028,-0.0013572978711945405,-0.012301321526409725,-0.03398349623541075
2022-03-31,0.005240172763994355,-0.012847684170513962,-0.014216050953705817,0.0028991382686724965,0.01764495617615358,0.0,-0.016613803338238475,-0.015845392795773017,-0.022336759836759867,-0.027085641495318225,-0.014544435187001992,-0.017495272679902363,-0.04139545091736585,-0.02856099063998574,-0.0011654148239057527,-0.02369051789848453,0.00994923556560301,-0.0212815341144732,-0.010783583836854405,-0.010880222665021977,-0.015323547179035835,-0.009433281942246463,-0.01608340501422756,-0.017965021383697155,-0.026957888893690107,-0.02291704866743971,-0.02361295354275983,-0.014199318056564936,-0.009395759325406261,-0.025369913083392537,-0.028003384180271262,0.013551901060009808,-0.016357803022181816,-0.015203434702578011,-0.006781895466857812,-0.02444225941517353,-0.009972486138867254,-0.02508805331629027,-0.015969218645345173,-0.02450395659857829,-0.008750609896971295,-0.0300270624202712,-0.010834829285577108,-0.04552920288846318,-0.02418641385655884,0.008705447725987803,-0.00824563171695969,-0.008263574277218133,-0.0044366226253489405,-0.013591545723285248,-0.016909998330134846,-0.019748820419172808,-0.011803244233551613,-0.03292576741043984,-0.014066563830190448,-0.07352774120811223,-0.03596752251192037,-0.01857315357346556,-0.0024580609814125465,-0.018925124023185358,-0.017455119269428554,-0.021321883608388603,0.017738053571706436,-0.016842430313001144,-0.02093335236794769,-0.03117647358015474,-0.022994088498208387,-0.010542659652995612,-0.03472914584263198,-0.02568239505032066,-0.01519817412415203,-0.010904077552875369,-0.007402730406141145,-0.01257706942701653,-0.019047696390601665,-0.032927532283026695,-0.00037703860005822154,-0.001747588754043461,-0.01660611396082834,-0.026866383528746707
2022-04-01,0.007384880035100183,0.003796039728983347,0.017854715044305136,0.003923159725619074,0.00896174074600431,-0.0010342623742410906,0.009010470416476846,-0.012728606101290563,-0.012302400288259019,-0.017492039963065698,0.0009090530498063742,-0.00386425844994287,-0.007763377646520908,-0.020037342361181154,-0.013688331841135826,-0.005408611844585298,-0.002883254254170242,-0.01989174853560305,0.01707155587005116,0.005800018479217073,-0.0035499554804446776,0.022242983571304054,0.0038788939498595187,0.01848623078829781,-0.0011664630708085877,0.010516277419216236,0.020632405967179412,-0.039227724325644475,0.0037736339370899596,-0.0008677963154749557,-0.028810790293311683,0.0072421670279361194,0.01769474372526947,0.01907088248672184,0.0004709541223963942,-0.01240580759134946,0.0074519191593616085,0.006176404566963223,0.00099982259670095,0.0035816933676608986,0.013394184732697934,-0.0074089578795862865,0.006788368871540218,0.020976935984654554,0.004742951366321968,0.005628756432480397,0.018792386986589138,0.007393560547180877,0.02574898266873471,-0.0679476492222515,-0.025683170645751652,-0.006104851023957525,0.014811061732862063,-0.01794539529931294,0.022430702683279735,0.007570821238394698,-0.00481683118739884,-0.0057496235049040445,0.015891234708694135,-0.00208335666364301,0.01110317410235373,0.009198783383772335,-0.005991166144868054,-0.008662393715085814,-0.0056072928758318374,0.016393470467364057,0.007940185188090254,0.009307900922188583,-0.02416243161560372,-0.017627648915852112,0.013791109197356821,-0.01814999741990031,0.003242680161066991,-0.04849773280339609,0.0,0.0051587336872274125,0.03488596343771455,-0.006808190947411474,0.003166181755947184,-0.019219081874490507
2022-04-04,-0.006037172691641279,0.003781532561270673,-0.02955066213109092,-0.009872471262469484,-0.0033792097799796306,-0.013632457379233909,-0.002827948200410879,0.009477464005472447,-0.012010484254878717,0.010280852651037398,0.0026177409611598534,0.002201709902703186,-0.0017117004568633076,0.008981286189748028,0.004732168798825986,0.0004408220340563762,0.0016868505443632387,0.006267510837021373,-0.025076074623997524,-0.0002979847954860393,0.012598083779262303,-0.008534230349376282,-0.004692068686698803,-0.023633821763144214,0.011532787800990985,-0.003910495399247482,0.00828513781634177,0.016267949686638028,-0.0012191347673464747,-0.013026502623615488,-0.0031098605375905475,-0.009126021661336914,-0.010062155206001067,-0.006832002356552125,0.004236231376854915,-0.010755399292922685,0.00020382401898899616,-0.005115329563319837,0.0009220123280606618,-0.005710272978357689,0.004806193906460976,0.0044342438928421934,-0.021452933195897694,0.008161995920709542,-0.013857017456643361,-0.011940613101149244,-0.01106741317094162,-0.0033782212861629413,0.00555150443103436,0.003987453885228032,-0.007980470939139783,-0.009828010642706442,0.006591593530897999,0.009219121925351015,-0.00477590636490921,0.01127095166645864,0.021825352403886278,-0.009913857107848978,-0.011635430986120299,-0.013201476036214133,-0.008684958094280382,-0.0033583566188628566,-0.01863028567578262,0.024055176669127043,0.01574010109086066,-0.042214310932912946,0.004045482497096131,0.005702980716651318,-0.0010842728530084944,0.0011738891094232873,-0.01851549712513345,-0.008079129649386174,0.013574556930900927,-0.008539721590011817,-0.01985899179475814,-0.005132257736351398,-0.04134952327677455,0.01508051035968716,0.01998942526560299,-0.00311070360236132
2022-04-05,-0.003470533976107859,-0.008611145607763993,0.0031287092949872086,-0.022019060490924725,-0.015305714083264865,-0.005073493987080124,-0.01649227085559557,-0.03679274278951894,-0.014858346468831107,-0.024075491780779834,-0.012042870616479462,-0.04461763315245415,-0.016899069718431248,-0.023105903016797713,-0.021692919012412992,-0.029234524189905575,-0.011306384207239284,-0.010875360518582733,-0.005600539869239918,-0.02486371455774683,0.005078803578637769,-0.008738853425530158,-0.030224370232918685,-0.012393495424015133,-0.021359459863965258,-0.025390905790736662,-0.03911266236003008,-0.034212182413886794,-0.017701051415456304,-0.01055868659160053,-0.010559120494704533,-0.007535556134889876,-0.01235957570091517,-0.01644983428743596,-0.009608739185621551,-0.028632828375617314,-0.012444388856512556,-0.02262210953878685,-0.010593374550766033,-0.012060288989541035,-0.0281017247427916,-0.011637220005578097,-0.008769203601475373,-0.014517013657241895,0.012044491121553147,-0.007552660231751607,-0.017974092656675267,-0.0036644720460817792,-0.042246403661852394,-0.01742218096457826,-0.008776364294060923,-0.013647735912442283,-0.012161170948249755,-0.002297123629931286,-0.007197894754036427,-0.05713524366457534,-0.03048844849728405,0.007973467790006517,-0.007362033035381521,-0.020339842517604234,-0.004934757398421641,-0.026233449161127353,0.01228363023627188,-0.01121780497285041,-0.005841321129291144,-0.006444855892470236,0.0009190026883270086,-0.004584832637861247,0.0016282170489279046,-0.03400341622339187,-0.002365039985635975,-0.021672867163425535,-0.016900437169064086,-0.02184354026027835,-0.027239869998590294,-0.007016163747449511,-0.0022953660396088926,-0.021030369005192506,-0.02398123512903383,0.004680305031984799
2022-04-06,0.014537031414115775,-0.012486712815821699,0.009356066499487392,0.01635506824807531,0.0005903565257630028,-0.03217861879247219,0.0010619004892373773,-0.012996099080030854,-0.004570193229862962,-0.03102754035434163,-0.009115174565616724,-0.02151652234934398,-0.010961407964151237,-0.02035681674834633,0.0008797756765941411,-0.019521849696937488,-0.007299187188921197,-0.00789643515776095,0.0014601213895917287,-0.00520122939787393,-0.000579405353702489,-0.02545410864497577,-0.01906237991433024,0.005882321591678119,-0.022489085911316153,0.005392308532703227,-0.002223313197854737,-0.01202472647802777,-0.0039355298255004945,-0.01734090135933497,-0.00606362200238475,-0.0008437315629512554,0.007245105805983476,0.007602125105264257,-0.011121544195253241,0.002819312908505456,-5.1587596922364476e-05,-0.03629675673851507,0.003879365629556153,-0.006249068675010072,-0.014456959363007837,-0.013874478011061675,0.0009480092355906855,0.010481781586534122,-0.006255846645818797,0.011796070614303433,0.0012662138662895561,0.010238815869323625,0.01553861932217604,-0.02028614611275259,-0.01697029347196166,-0.018238882378292298,0.00804953760852567,-0.00784054161983716,0.01306547936775071,-0.02839707358513599,-0.012347917890627946,-0.01683217862384767,-0.02461481124540188,-0.03406962996931684,-0.0035421625235847465,0.007909192621010863,-0.04026462702114342,0.005381575511407499,-0.002427707560946235,-0.00041850716427116463,-0.013064988778757392,0.006545579644155364,-0.011199407320194754,-0.023929107779736225,0.006560390287240869,-0.006914133127627786,-0.0045411661950448545,-0.03641281086962911,-0.005785548753345915,-0.004779583279122646,-0.005559861388328757,-0.017934486058119647,-0.009511554419609047,-0.011335365104768402
2022-04-07,0.0273648526832444,0.0038484445091608865,0.003982391282233877,0.030094095868886006,-0.008160628240307721,-0.02979650004304013,0.0028049416657394133,-0.00800713090445726,-0.00550957555466125,-0.010498631478902287,-0.004367237911860666,-0.00419650847626063,-0.007808846406432868,-0.009895181097641315,-0.001434029768008438,0.0009260612214214703,0.030146852035264127,-0.012090141106023355,-0.005623871037837902,0.024810515602951222,0.007166882442114497,0.01020261353496954,-0.005829462391899964,0.0013647339709788042,-0.005280378670809216,-0.002067961956301989,0.03239632522827707,0.00032895490155659957,-0.0030150892080724745,-0.010407230111485921,-0.013177002555757045,0.03011536903261569,-0.02092533027972321,0.01931491708944688,0.005743103816062245,-0.0034932539543141017,-0.004751672065749446,-0.02019616425408577,-0.0064919951364244,-0.0010236150094405927,-0.004369339276584228,-0.003042068583523183,0.003156407168406705,-0.021306392112899086,-0.02625516970033248,-0.0022564347337694635,0.014945718169460775,0.00902851105767688,0.017275334206691584,0.006733365399449465,-0.013134704729535263,-0.006406193545959726,0.005166458721452827,0.002321203370314162,7.444758158792197e-05,0.0009791649310828543,-0.00341781856465595,-0.0032746249273497563,-0.004334706216737927,-0.0012261384844044487,0.025594415339090792,0.0046592195237697975,-0.0178160257366472,-0.010030455551763295,0.010002763708176987,-0.01674689615646696,-0.004579553184204221,0.0077069379233585256,-0.01571069136850456,0.001243542426047517,-0.0026837520818948635,-0.006820110721893258,0.002280977673897011,0.007944720603016986,-0.02583818686280015,-0.0031324156146551596,-0.00038548581748654165,0.0018060907268431237,0.010936475559117032,-0.007695770555101955
2022-04-08,0.015100578206243886,0.0005474503641413886,-0.0009576047519548325,-0.00872388511237221,-0.0129856554079687,-0.020786527689772294,-0.0036283738097747653,-0.01470851470536716,-0.002308564301833127,-0.015384784384127714,0.007182398544782975,-0.015564444869704874,0.007108198257895992,0.016989908619229555,0.005234109012208998,0.007710100822919674,0.00999309454538011,-0.0072408068361841105,0.014453652857891797,0.030912400696340603,-0.011790794534360938,-0.01737145039258292,0.0002929277403813657,0.007591914235439479,0.0,-0.022987668549325102,0.03553040618981229,0.009865150890031149,-0.01376577757348374,-0.005487096661377033,0.0027199315031043447,-0.026775677482976934,0.010018474277025513,0.00029623439907733307,-0.0023793004444887522,-0.0004274248843256778,-0.013181116056866227,-0.007242575691817521,-0.006378812168883141,-0.0062461398947216695,0.02006253636245936,0.018308234815888502,0.013687865579359082,0.01947844031657686,0.019691978791463782,0.010177184686882113,-0.020049864615176882,-0.0038098550713767665,0.02498789904565446,-0.0019717389878213254,-0.01242207180808963,-0.007736927346500999,0.016355087486441544,0.018303939523673707,-0.012075974020781866,0.017602573214114292,-0.003610080382716374,0.019523398387022217,-0.006050426053601954,-0.018776543513055022,-0.005743829323006877,0.03856456524559482,0.013458327242684254,0.015149336140719782,-0.004578570963855055,-0.025335371736838086,0.013011322261663683,0.022586017974196126,-0.0001853870162655813,-0.014016927225431797,0.015212248097146164,-0.023032840552967948,-0.001625593062584918,-0.011761891572546035,-0.00955796732568992,0.02073740160974591,0.011764528887183934,-0.0046074213402632624,0.020580470119729855,0.011237599918098473
2022-04-11,-0.025413187032480522,-0.020799033915203102,0.00047933194390403777,0.0018420006439545666,-0.010946853177365656,0.010135757697787628,-0.014716866949387564,-0.005461482530381145,-0.0018512493081404013,0.0,-0.033369731489214405,-0.0009703092003793268,-0.002016412126640943,-0.006485828341893596,-0.004515484624372124,0.005355637395155544,-0.006595925964889338,-0.009040105335605508,0.002890695844965263,-0.04919950207926993,-0.025889990078742264,0.0004796313481625347,0.0030289356121939726,-0.011205900236396338,-0.00925172762239268,-0.010935869718612823,-0.03751801803496746,0.005535658787430453,-0.014698237119556978,-0.0036781445148542646,-0.001479514453467612,-0.0286358246618742,-0.0031409557663053533,-0.004736080599602177,-0.013593986207534825,-0.008810215113729924,-0.004680358041831534,0.0016834764946080938,-0.01064749595615222,-0.013945549514442712,-0.01167796721378267,-0.003670591830441383,0.003569890043785273,0.010115442085872894,-0.00622953279212457,0.0123131968905561,-0.00473924840249107,-0.010604435607127205,-0.03692327902683501,-0.00906440211795867,0.0033368345609754435,-0.003898521840575375,-0.01793094945273077,-0.0038981993345762467,-0.00588536045134902,0.029654021465941538,0.008242606767242977,-0.004787439475321675,-0.012360271311472437,-0.005740766260794006,0.017031901460620835,-0.028672018438412383,-0.03810649290157997,0.011420500249302412,-0.01810719501646796,-0.01201396355889095,0.0005678494723846406,-0.010050131419597985,-0.004269736289383985,0.007377965460993119,0.004219355521622115,-0.006735927824024102,-0.014653139518833735,0.004669948863488926,0.003377722140763151,0.012312639866120412,0.004765598372974189,0.01529502800740734,0.008790003642416666,0.005321668837924287
2022-04-12,0.0069960283770855725,-0.005589611630951508,-0.002942169522303195,0.026149106421791357,0.009037081978710892,0.011927320555758403,-0.009162390263340203,-0.012081270995934812,-0.01622603320603122,-0.011044930402104747,-0.011431939929366308,0.007141632912745388,-0.010608753817835104,-0.004154408378142738,0.0030084159001539934,0.0018268479620553446,0.011145229051057415,-0.0018141656068814127,-0.001647202563555883,0.020616297277704643,-0.005358891547100786,0.00787618291001202,0.009448718599054162,-0.006838560712676411,0.001454344624447712,-0.009113291647052546,0.0371481004226053,-0.005828963818620747,-0.0038632576884500835,-0.00876803612317767,-0.02123967467452248,0.024566564886051356,-0.0004974950930056732,-0.010706081141809376,-0.0016925457500264196,-0.0005177466232457739,0.009087798549563653,0.02072813389394912,-0.0030863132835966534,-0.0049795971471291445,-0.01927859092148021,-0.010977633539002274,-0.002319545885285157,-0.006954109092309091,-0.010656613842567664,0.0018432635522964702,0.009407641645597042,-0.012299475057902298,0.00761868703574442,0.011375665081862385,-0.00319803115285755,-0.011089547476121564,0.017790433797028493,-0.014960427747298,-0.023074048546245063,0.021333228108061597,-0.002695135059883502,0.0007399858246115443,-0.011913623049992328,0.001110123916657102,0.004798629872518001,0.004838935889795559,0.003601528732131598,-0.0010440035768218836,-0.0204632041938817,0.0022109725808194813,-0.005106606858727769,-0.0016526471864748427,-0.017710655216507276,0.0,-0.0037706843972294957,-0.002211668987853632,0.0006610849110824102,0.00802103335448523,0.0024044034968164762,-0.018447027300973584,0.010244508352895476,0.012289228387729612,0.014351747421628591,-0.015724794516672524
2022-04-13,0.02252641388365828,0.010680148383724664,0.011642407697659118,0.010153337465225842,0.006038145908676906,0.052198332566944394,0.006604926300755487,0.017324393875223443,0.016022499945883117,0.01852363258202394,0.02307142913289595,0.03738368722217489,-0.008935637664785778,-0.0037743015376543454,0.007245208939381298,0.0226371475874787,0.02532855086623642,0.01048935664692574,0.002062105747902887,0.0023000088509441685,0.008682566342977927,0.020250066168274294,0.01611496005961377,0.0005905108521433444,0.011540868183453457,0.010414295210702473,0.02393185096952477,0.010097702222750637,0.005278770471077721,0.02467433420913312,-0.003028398777346397,0.01043714795080275,0.013522223944897771,0.03697564895037586,0.007507879211148927,0.013382779475142437,0.020210473767523718,0.08122945287371253,0.0012701593664863342,-0.002352343452732275,-0.003170585883955468,-0.032233435963551105,0.003874977743966612,0.0019607029907549034,0.021384514045027947,0.0018395619875830604,-0.00011499968665307225,0.007412122790941389,0.01853652423355978,0.008542155575778532,0.002438247449327857,0.017810042591956954,0.011499509436168509,-0.007287980980906772,0.014606574984051157,0.05352489064213817,0.0025222196884144843,0.031983620293128956,0.015708915504378806,0.02321799525162449,0.007504749877688566,0.025042200407340953,0.013756149315606647,0.00038015881671848994,-0.0025168946763787226,-0.0017648759722722618,0.008340424385407275,0.024831448033291403,-0.013095452981299549,0.031082734248615962,-0.0066507037900773724,0.022458773211204264,0.003962780901055174,-0.0017546212339312195,0.010074416891827642,0.002478154091035023,0.013145830936654113,0.03446230585199794,0.012127052792328286,0.012654260249434612
2022-04-14,0.015029742045241434,-0.01279197220402517,-0.001225711814255015,-0.004335853634717002,-0.020506227414530565,0.01546939733143482,-0.019221748834710617,-0.006738893363281151,-0.0027827946466746356,-0.006953493960053514,0.008742322080246279,-0.005085540004445721,-0.032199636987237934,0.015553435131299365,0.04370729632287773,-0.0029711794118484347,0.013723536787658697,0.0068858833528151475,0.0028813920326964393,0.011373891499889321,-0.0136152041012505,0.007859318861778153,0.0036087470657018006,-0.008061590648267725,-0.01420464569279034,-0.020213008051674697,-0.018666531155061228,0.007739431452652434,-0.00482230003462103,-0.010449887878331232,-0.012655071669138152,-0.0030707663047785383,0.00892219293846419,0.018988367228908176,-0.009615454242306032,-0.0006815884279263162,0.0017448043292991322,-0.006091280315443481,0.003329630849896237,-0.01540078781643106,0.00954186799977319,-0.00926967972429904,0.0060222717638664935,0.002795666653873763,0.006823635607031919,-0.0022034004137633234,0.0042575639811484045,-0.0007651546799762876,0.01628364899370327,0.008162917998837393,0.007425652308512998,-0.007777041309790067,-0.007731007852284977,-0.019278218804006708,-0.017765683286743772,-0.01685281470019384,-0.024530394096394348,0.0014333333285010408,-0.020146964175643656,-0.0036134299605540265,0.008706719203890767,0.015973937069115873,-0.008259993086289552,0.002468604763994353,-0.02200307933629575,-0.011491722823506523,-0.007988607671357228,-0.004615277003441776,0.002692315835803205,0.02148290401582109,0.0028851136777288122,-0.007947613878084403,-0.00361830295896004,0.0064587506180315835,-0.01638569965992287,-0.04511738347269456,-0.006116883947566376,0.01476449754953002,-0.00399373440169426,-0.017182076475923624
2022-04-18,0.016024372206789872,0.004506942628518473,0.0005453592749544711,0.00019790818374132435,-0.0011233198704354574,-0.0045526551120950165,0.0018102975609566307,0.008343299391725845,-0.006046456949439172,0.01588978059506041,0.018326205230896564,-0.011487283224389855,0.034069749247068515,0.02709582405484179,0.009261989434833362,0.00461921277630406,-0.014891507905312351,0.003929680890901288,0.002872900232552933,0.020716156836897204,-0.0011846018291538085,0.0020487523353733827,-0.004636712385528985,-0.006144582595364212,-0.02069458089336329,0.0015715863156899879,0.01566479383117647,-0.0019199829101562704,0.011953453727271635,0.005050675151852868,0.0015382657811646716,0.022682633308115374,-0.006733658708657275,-0.002133643192311685,-0.004611637732115481,0.006138689008312381,-0.015984473757270634,-0.007150264674856022,-0.003081539685302337,0.0018340836545411854,0.026465034397775478,0.0185539771321952,0.005372201011565991,-0.0002785492463730499,0.006315547563674917,0.010673303429147962,-0.004239513979133247,0.00406472019567139,0.03157380731783688,-0.0020907069643701925,-0.0011438745850113063,0.0032658970339451976,0.02154027210970466,0.004285705698846565,-0.013876903513812322,-0.028988887013611908,0.005711161646397844,-0.007871326214997199,-0.0007261378802615459,-0.0018853098205514618,0.0002878707755202825,0.009941882305717797,-0.0035690803575523233,0.02434177138280358,0.007662885818650711,0.0067068911274472676,-0.0010690878233190482,-0.004172861057593957,0.009973153625473685,-0.005766667711013751,0.005318873602125018,-0.002185250840169961,-0.00396169460921969,-0.016611962882792097,-0.01303715155063978,0.01769160904522571,-0.0022380036175948526,0.011192251097593253,-0.0020050935233142386,0.01207875195341046
2022-04-19,0.011180000646616506,0.014582178761849862,-0.004974540078095946,0.010488870112763449,0.02075451492873004,0.02497804787609592,0.02239150657017941,0.018639710490916617,0.043518797834456224,0.017232099964866743,0.01458169227436179,0.034083900005514645,0.018532594074726294,0.011661255577904539,0.009742578801835267,0.027291812154972117,0.03183663050885244,0.02323220441903784,-0.0042973244153556855,-0.018459475386811253,0.013989057172115515,0.017146800885209368,0.021770398251925727,0.033306517781154454,0.032323602859570366,0.0345106879221293,-0.008498529407078625,0.007053520666479907,0.01830364496182746,0.03334847109462369,0.04402349575544506,0.01533406352683464,0.019439619511982364,0.02209524824872111,0.01414283957975715,0.013473405583114939,0.026709194060094532,0.050925951158363514,0.02361881252216591,0.034379375022148606,0.03437687986776106,0.02070673978976556,0.002748089728105363,0.034857554446895866,0.0335221239612582,0.007283117624248048,0.001380608478175116,0.009445634363346,-0.010963764849800328,0.008952076698414357,0.02824435405626713,0.030598920946871555,-0.007178392266308675,0.013086798975828096,0.024903136573815488,0.03907074183382919,0.03590391404579263,0.0192031117892153,0.036103573060148886,0.023470333934208387,0.0023967675685301337,-0.005723417865365343,0.03283591366930949,0.04886707765922771,0.012264614707932164,0.020652905404993316,0.031319087484931174,0.025491845406399483,-0.012343295521201503,0.03804176905495882,-0.04891457940830224,0.02321145797812707,0.013589590799026219,0.014455636893129675,0.019814046047107015,0.013992021933280085,0.019813305712020224,0.04962153430160621,0.040431945292615845,0.029051435634830813
2022-04-20,0.0420531754800022,-0.0016583285731076591,0.0202714273015272,0.001566745284093729,0.03235188564987013,0.007207794159015624,0.01521565218752241,0.022672506857125185,0.004932760838870731,0.029971486250293333,0.006892076426612714,-0.013065881985185102,0.002274636906664629,0.003401388061238908,0.012577651980580473,0.021512928634683792,0.024195497994856874,0.017537856211002678,0.020756583246279936,0.010929398054226214,0.005967076168190033,0.024379516702550896,0.030238072832538432,0.015248285564240627,-0.055572290672402436,0.025316755649480438,0.025555618534291336,0.01528174290251938,0.015152986164645998,0.012820467188225493,-0.002942057530984754,-0.003236023417580336,0.0133802478729117,0.007411633634654358,0.0004809804340522028,-0.039799206085650685,-0.004361129814656639,0.0,0.07100274799496176,0.015487573122346943,0.01869431669624899,0.0035083051909383656,0.025578741594733723,0.009700634295295885,0.017031962133009948,0.014100118307892373,0.018386839938514976,0.013657791219875426,0.007159453382300285,0.011515486856543689,0.044543372602638076,-0.0018951829085437355,0.004066862483725231,0.008930153886268721,0.015890223635861123,-0.006621017654734773,0.017153040150959642,0.00654585826612708,0.0060167021476909,0.022577238543915357,0.0040171650770537415,-0.01726889908828899,0.0098266065691337,-0.0024241564010428762,0.004805702752356256,0.007180196641173975,-0.0019368433670884366,0.011350667687753946,0.010767102087805513,0.01298257679655368,0.008798622694185632,0.015266458016038209,0.01144532745258342,0.0059035975324504,0.01055408206753583,0.017143998779024727,0.006414812995862551,0.012829656318042781,0.01689588704833178,-0.0047305806916663196
2022-04-21,-0.0003790536435646086,-0.01605770780783755,-0.007987875355397467,-0.03226432794044243,0.00291065561753312,0.0015334836376521555,0.0010596841984555905,0.010648522509843827,-0.02409630001135854,0.007085034312571237,-0.014432950194832816,-0.013783703281026183,-0.018910797081449382,-0.008851133848141512,-0.01067727914354799,-0.007067138637618209,-0.05938430901723457,0.010009228738775855,-0.0020135351401107116,-0.03895968808985495,-0.006097750125189982,-0.01595056323652566,-0.012372468295197225,0.0024713590662452933,-0.02336023636941853,-0.0730454495320857,-0.05355198744893541,-0.03700220532330312,-0.004426584887800344,-0.010475630239303757,-0.02557123516129023,-0.015422437275777634,-0.009408646155525169,-0.010410739365668942,-0.013939027430128648,-0.020898622905005215,-0.0020374447659284867,0.010278963140282427,0.011061234170258283,0.008472737486347581,-0.03145926197275817,-0.00775206083439417,-0.010391774765765693,-0.023485250145440006,-0.016455489144372337,-0.012834124728944518,-0.00947864558605116,0.024597213505243465,-0.0745242202836286,0.0071292893357748355,-0.035536645498056574,-0.0056960026851344825,-0.02655276519697336,-0.011467451720733046,0.011009669093084096,-0.015090590425754558,0.0011300659859527773,-0.0354161337399187,-0.0028618576049902478,-0.0075678086317879645,-0.03086588472287355,-0.04756323652882921,-0.015455261552009825,-0.0005742250246187908,-0.016161209868937543,-0.008209139351901928,-0.00020777601263932688,0.007182858476121323,-0.008750200634419225,-0.00957159892809234,-0.00815937441057879,-0.028808591331885958,-0.011315814253064604,-0.01080674498712253,-0.004747272751839726,-0.017882892293830888,-0.008559431848598864,-0.03227499567601655,-0.009494495411700332,-0.04584481982908728
2022-04-22,0.014784054254345813,-0.026448994972332662,-0.023682256464433116,-0.012931969744187088,-0.03086019653312233,-0.03793806717501613,-0.038412158684387854,-0.024613511111380548,-0.036122435576737,-0.01658295485614325,-0.027995996351555696,-0.022649464184878343,-0.03469525122550021,-0.026600749169706672,-0.06549709742024779,-0.037010491634282605,-0.028802000418824303,-0.03702987814037784,-0.024813306711525485,-0.02695846175097638,-0.026021004673389858,-0.00874762713801247,-0.03968532876365449,-0.02484361475279362,-0.02786466458745962,-0.008046823060383956,-0.050368125850443035,-0.04168019594452077,-0.03215806119574616,-0.0476401779127511,-0.03028026072193668,-0.04039580386676911,-0.027935138924444103,-0.028335224655855362,-0.018522980976221404,-0.023657148469685696,-0.027099922811582466,-0.0038758364937184764,-0.01144067309713448,-0.023716722018958802,-0.03518796961892112,-0.02872235460275485,-0.02925320529109443,-0.010658620972329946,-0.03834776765959458,-0.015890313357783237,-0.006265257832964166,-0.04404018217431327,-0.040882303996051306,-0.0416204756112154,-0.02959932458812886,-0.02100604138877038,-0.011095495449031878,-0.024383345829529945,-0.0022529688674136628,-0.03868748532081523,-0.02370421041756332,-0.05685156269065417,-0.041323487089707345,-0.029522957810770967,-0.012189162468578818,0.02460012898666397,-0.027325601328688,-0.016844320635229337,-0.028580133961197185,-0.028316254440890143,-0.019133578736716395,-0.010474698431031326,-0.023412147333408018,-0.03767415746809355,-0.017871160039591993,-0.01765320264014314,-0.021255858921107817,-0.04132558843213041,-0.022418208067605194,-0.030138125042052488,-0.0378398748128953,-0.03370987936232028,-0.005032306189086344,-0.02394338739530355
2022-04-25,-0.07284257563833663,0.0017340557144851498,-0.003603626960719475,-0.003480003567152057,-0.012277804244906987,-0.0019451920749005147,0.003774434236780033,0.014609472824656633,0.003320448233937734,0.013285837692612823,0.019718641808682325,-0.005708763945789008,-0.0071886355488812725,-0.0019521498848602548,0.0018491872004047227,-0.013599478825892075,-0.00759193497459687,-0.015311295362187893,-0.00020667852139411025,-0.04530787480060494,0.004828505086879931,-0.030173318945688643,-0.0007616456747627787,0.007779244413549602,0.01420480806358504,-0.005314185509059932,-0.03254687627408637,0.02412501111485854,-0.014850117828546616,0.006021292054417815,0.009627679789035115,-0.026632042858629856,-0.009524757532206274,-0.00043315626103412885,-0.001986604965143135,0.0038257576773730317,0.00624227986181336,0.0179961426077615,0.006148255294969651,0.0037866780767936703,0.017456339122736475,-0.00031556025626422457,-0.00046346708039046725,0.027071818952346227,-0.009853722359249417,-0.015779945836686404,-0.015476762762589136,0.005092831589265101,-0.018599542041758066,0.004447073253397216,0.0011387978993138148,0.0013004694423726093,-0.028518155878282103,-0.004329201233609803,-0.02642076593025877,0.011953766219445994,-0.0023123942362255345,0.004347115406338142,0.002993910606183592,-0.0033163170761504324,-0.00875725440573083,-0.07106872849333035,0.022713764964425565,0.003957190429091151,0.004109010804015156,0.003586636297310042,-7.056135971739153e-05,0.010585579180666604,-0.0009824091589146766,0.007489414273878614,0.007682844096666752,0.006481319320190471,0.0053459453698643244,0.009047892715239314,0.010246355463209733,-0.011005808983526766,-0.014509286062555526,-0.02634994097382204,0.0024083911141994374,0.00576222711781349
2022-04-26,-0.03485095306155328,-0.023658493951440818,-0.029004907374643896,-0.01992607260932966,-0.02920676705714509,-0.045712226774160425,-0.01817461285658073,-0.01649358102844689,-0.04113474260631733,-0.017398008779238028,-0.029603473105118683,-0.05042356995804631,-0.02252617632675169,-0.017602160257667476,-0.02953381776382269,-0.013936737672020305,-0.04733442171311897,-0.028345617583386162,-0.01655296460626965,-0.003709186445091439,-0.02524646760333682,-0.020808075520442393,-0.056699397254618145,-0.030876153360246072,-0.03484788343814105,-0.022426978389185948,0.003915922663476179,-0.03251491579568211,-0.027546086585488183,-0.03591162155177119,-0.0270618305472502,-0.03412768357748386,-0.008703963682771376,-0.02700732401220096,-0.02786770484713097,-0.022867581863845188,-0.021634654240819895,-0.02436679574738987,-0.02092011966317131,-0.027043107530728472,-0.0352327035944916,-0.029581125351396342,-0.019171501047096196,-0.023937645297804955,-0.04882595656731703,-0.018642649628401342,-0.020260764064389147,-0.019336121116764304,-0.017636233484459307,-0.019634830314189666,-0.007585233741475794,0.0006493902090631831,0.0004809649444692532,-0.01762299300868142,-0.026596393378777172,-0.04830022280846824,-0.025138016477631697,-0.037895467162556984,-0.03482427752854289,-0.033704355075427794,-0.004216307053931501,0.021969925529398138,-0.026300439887437355,-0.016348846031014275,-0.0150044975057253,-0.04422603354905641,-0.023324884274354418,-0.02328937214247917,-0.006097460954814893,-0.042743590242843466,-0.01020399491778412,-0.026342910113584028,-0.020937031009464646,-0.01197008901794594,-0.014972246559732505,-0.027274515511682473,-0.02363423791911068,-0.05412610152805131,-0.018020008490668538,-0.08610249448493301
2022-04-27,0.00834890606085259,0.004728443987676467,0.008023177709020723,0.0016768357281466972,0.0019781557529581217,0.007983666919846533,0.008377826447666381,0.0037267596247827495,-0.0034514331601650516,0.003849025381662985,-0.00570943543210678,-0.07531122532264845,-0.005486876518842276,-0.012542362545626906,0.017403522607188693,0.0033434372322014294,-0.0037640718568919818,0.02245658683438645,0.010098815093349645,0.019053740600376567,0.0034783453219229266,-6.856828677648252e-05,-0.031417180285185364,0.0029868823873862027,-0.0048370724130178955,-0.0076231598846457915,0.0296099392767466,-0.010630983112638659,0.010482998616603512,-0.016236714737991154,0.011655829177312338,0.009747056476035576,-0.007191865318682988,0.002077966515831031,0.004607116704845815,-0.022288246389062794,-0.007033704481527181,0.031341880939351086,-0.008297310976829286,-0.0014603504249203203,0.004445868081929039,-0.013005930290266865,0.010561207399209405,-0.010195586966449288,0.007846935253958742,0.0018996693543857912,-0.009388935119726605,0.00023756575256750345,0.010182231602333225,0.030985095312092703,0.00038240051055216107,-0.01038265967763563,0.007215391476489197,0.005724089360897189,0.029467702895420222,0.001930897939629972,-0.08558892184107281,0.0038989185445978958,0.01815951571510155,0.005688656963390715,-0.003528508327054425,0.010369184547393662,-0.019207608352045935,0.0036884529828358215,0.013688378434677517,-0.002103298683390098,0.0069470557699127244,0.0007986551008964948,0.0,0.019060894864229017,0.005154451824830764,0.0028563190344270684,-0.0006789609573911726,0.013699177267762597,-0.025986666336803466,0.0,0.0005951374316259805,-0.020350608731836473,-0.00024448736151339023,0.003224137843652608
2022-04-28,-0.0028980257822525113,0.02588223320362837,0.013715148676146649,0.012764189132990156,0.09070119536691301,0.023024497677665234,0.013847180637933887,0.05507421831924675,0.019791906309610363,0.12014321654994808,0.02448880085491978,-0.0015538358327840118,0.015447945654420758,0.008467781009799724,-0.0071041453557715295,0.008330771180316665,0.043576799495565366,-0.002001287753716996,0.013330573106968835,0.048248527004001174,0.024189733679417458,0.017083549583025492,0.02962039503596192,0.007544192018339668,0.0006942819109907461,0.01087017696291337,0.03134158315924207,0.02530327669268262,0.018761618505722666,0.022329966914828026,0.020162190112670952,0.013876569973317654,0.02333207149389982,0.013331437907726285,0.018598911889508463,0.0061739868277506105,0.019157611521510187,0.008546768505052427,0.005034619748754077,0.022238036493995805,0.004109997770403995,0.01581274840176694,0.007331231560399054,0.020323053909351296,0.017193869744893675,0.008342760738582866,0.01655648146493216,0.01953449135926011,0.031564725811585204,0.012646071892291832,0.0017827002959709404,0.005901501838768031,0.02626554337700071,0.003813763001048631,0.009567237254948235,0.029731468117413673,0.01810005966346373,0.0360484845456821,0.025545977597520197,-0.03237571417537588,-0.007689123771321471,0.004004870210483125,0.034271621943694486,-0.0008166526085442438,0.01552637122041789,0.012177996451348871,-0.08631567941625762,0.006839902981666812,-0.005541371556449959,0.027190853230319778,0.005473956024421911,0.07988566847463074,0.01902192371475442,0.010388933881869677,0.01837393103759699,0.013234439867447101,0.022605616447693766,0.02406411747499848,0.025452505954878468,0.035350748694447764
2022-04-29,0.002076047133157566,-0.0361240526813531,-0.029232636975437876,-0.0293388830346073,-0.0027624402927872715,-0.0207058247555304,-0.014594395030917973,-0.012484272164382193,-0.032023238075026716,-0.0036513768775833233,-0.03994914871980426,-0.03488526027900374,-0.030698097467231622,-0.026257359999527052,-0.008943796134149196,-0.010815904929819653,-0.010379129909210638,-0.02720076019049278,-0.024871494183078102,-0.020809950353453344,-0.032724565746113266,-0.03984135553793444,-0.025222772288834072,-0.033694665059326834,-0.031746016694013224,-0.044375871437709935,-0.028719507805201272,-0.02974980267195171,-0.023074392383056752,-0.028964851809932912,-0.036704050059687576,-0.026777801988037364,-0.036463921807904476,-0.024996293094393218,-0.02876434937037764,-0.023978031863004068,0.018902594285475693,-0.04190203150866656,-0.026005472350814407,-0.027673579104800727,-0.03148609129098101,-0.032268455192489,-0.026943404759312672,-0.027831007094031635,-0.040822786863904836,-0.031214665589164192,-0.05735861378318807,-0.05829592722535992,-0.020827706183649375,-0.029979262185229616,-0.032287185259853635,-0.011734108789774766,-0.015356067409217689,-0.029108935571900196,-0.02185722344326957,-0.027135589167712304,-0.034377825364504955,-0.06324484788108131,-0.04055433876471892,-0.02130602034487128,-0.03232078778340142,-0.02742464579616477,-0.010059190814670438,-0.035188780467797054,-0.0259989517223711,-0.030541408087511046,-0.054904412973202255,-0.032155849902078315,-0.03781092690474852,-0.028157074900038048,-0.019713434528649265,-0.038862013689197505,-0.030000149871010295,-0.0207313416420003,-0.04325265176890292,-0.03409318555276952,-0.013185925350374106,-0.04458729761202951,-0.016229096153255518,-0.025521502421009368
2022-05-02,-0.006214980196127207,0.004759218594554193,0.0012998707105471574,-0.005747136236579409,-0.029993176063889626,-0.02445298825670783,0.00047504178717461265,0.01807226575926979,0.008020254602200572,0.009849056055905914,-0.017686677374121218,-0.0015452548588951176,0.012892209961995249,0.010371370511917277,0.007267146711722017,0.00637839577250543,-0.017073139378712354,0.030339760512636982,-0.05396285673639589,0.004187669051337162,-0.014600099543416678,-0.003078808007064726,0.0145482845232765,0.002854758790253875,0.01675174345030017,0.008026924174405092,0.0030945172587093506,0.023344949772932555,0.002772244602608609,0.017603887487788406,0.005595349504514013,0.004891217767918121,-0.01571838002653847,-0.008545929664712237,-0.0025754453826295487,-0.008898245876114874,0.01736348099174778,-0.010810954310049636,0.006277774252221091,0.01471261692831316,0.03576045872481526,0.009132199506677985,-0.020210056730124215,0.01571726194192191,0.016126288563984348,-0.0015530132275051178,-0.011769209528582292,-0.02331477130823756,-0.02048347626183411,-0.00492496210001403,0.008669416556232434,0.0006597419870439936,0.0037807115088051013,0.008669388230013064,0.02343947894222742,0.027342829138871316,-0.0035602643590034733,0.009952725673981977,-0.010408911868531434,0.022084362015979853,-0.007269865111049989,0.002563626924316109,0.011954949247437563,0.008141408498605118,-0.024382656458083796,0.03914079546358762,0.022138874466993697,-0.00397737513532781,0.012202794766748015,0.02723809594036708,-0.005670434246072054,0.011841515586551665,0.0,-0.006060831369678166,-0.02118302154230689,0.00091664406605374,-0.014541191251868257,-0.003994026677112794,-0.028384434574558415,0.008847976858126438
2022-05-03,-0.01375870739617091,0.002368254710525264,0.021996330844240797,0.0,0.05179693459111734,0.0,-0.01591189365356671,0.0021668650792514565,0.0034806090698178416,0.022227063508593048,0.002855354003782784,0.03344324877391158,0.027393732781708646,0.028536417454892993,0.007308769351413336,0.04949439473759787,0.012655121678409875,0.03693638193853688,0.009580893917325195,0.03138023546872026,-0.002937795066293103,0.010247683925539208,0.006453036824661584,0.022773636142645826,0.0004406788173845211,0.012428467469342008,0.10162809138825657,0.017705091438758425,0.0005529161018427153,0.0019220904778551873,0.01510332882822829,-0.04624253078218343,0.02516920600462602,0.013609821479305229,0.003614762224630752,0.01824902247216298,0.0008635403166392663,-0.012418936584958407,-0.003908307039377168,0.02094894718828355,0.019774176215750172,0.021419656592733594,0.019814775092340753,0.059408701167366074,0.021106032862367563,0.02488347395932422,-0.01735710514455735,0.009181302889208931,0.04289557722663706,-0.002065309376134361,0.01849221437815629,0.03427805775156534,0.022599018779394298,0.01265362643682022,0.01694797442165874,-0.023538790221738104,0.013679145005825788,0.019506221985117422,-0.14517668075450862,0.004613499043417235,0.012523836843853609,0.026591724869160727,0.02008247725008183,0.02595471351078671,-0.020935484478298738,0.008497908224728956,0.027929530792244472,0.007281958196325045,0.013690300169550307,0.027866830102521112,0.00981827633176513,-0.005708732828373475,0.009965420585532403,-0.003306685356502248,0.021641452905408975,0.01122056525468107,-0.006181318741675157,0.011186240860712404,0.02796530744811898,0.008068774544348178
2022-05-04,0.024096258644551227,0.030714654261364105,0.028720608643088674,0.036822976973144295,0.04053941022787688,0.008292472961195063,0.022685139675506116,0.036590449279658266,0.019326003785876678,0.0381630690375554,0.0331764728036581,0.0220731823755127,0.04012907211857386,0.04251486317663411,0.04199067992866179,0.017541133738609105,0.03798107531681616,0.03275118540673638,0.024719011968787008,0.04983315167656821,0.027465200424209746,0.02181617778579903,0.025646295213223924,0.039960210284805786,0.02324961487676047,0.016171870576912273,0.05382705860927106,0.03345600603612997,0.009504736962313354,0.02877722689758877,0.030801239265142666,0.04944188010802719,0.029884835847318936,0.04028034455981033,0.023154107645748434,0.04226593865588435,0.04471165963630086,0.012575106029285354,0.0368244823995203,0.04314393074144962,0.02554622026009623,0.03308144324272955,0.03280786055328888,-0.0054774322851349755,0.04262137694321222,0.01213960675708603,0.03442514659701823,0.02547378611096951,0.021079648000454476,0.033544244926753564,0.01802837230724741,0.019120522306771415,0.0349908164532069,0.023929880783544855,0.031003260547623368,-0.0075334047942701154,0.025579140513982912,0.028699594529744132,0.04028259444430926,0.040949085591004186,0.024737860755736474,0.061021154123795496,0.0509555434267539,0.037173320805862664,0.013041173122539051,0.03734910943628922,0.036834535300174887,0.005130426980372915,0.023180660448187673,0.04765036562104541,0.021483423343060748,0.036601106384738014,0.022116510096373165,0.021499307342287333,-0.015241499390997282,0.04121377751761668,0.027086515916423082,0.014819363747005543,0.025503989283948814,0.034974800781855775
2022-05-05,-0.03777091561077284,-0.03495674600756982,0.018726905174404118,-0.030559560869508395,-0.03347125429658537,-0.04411216094115067,-0.03901514789756644,-0.00144404575188406,-0.017014961401527362,0.006625162612537316,-0.03829728911077779,-0.04140918614672662,-0.027964454916919124,-0.017614568214986193,-0.029920598569152523,-0.029532022189666884,-0.058781962916719666,-0.022610503942006477,-0.018092069558733104,-0.00962823941093105,-0.03563302889310216,-0.06507109596185956,-0.031057925441182688,-0.0313515876109316,-0.030811618195685342,-0.021774045369491124,-0.00870981437766416,-0.03755260182364517,-0.023100165535547834,-0.020046722267958894,-0.03823753227679505,-0.03799400787972218,-0.03345668213229491,-0.031120178417791577,-0.03268796870617041,-0.008643671188447222,-0.03876621806132452,-0.018877056611273035,-0.010771762657299289,-0.022722018269147215,-0.01950782604800594,-0.025019767182969166,-0.01680813888618382,-0.03173357519286735,-0.0929767273783122,-0.023988008523807558,-0.03340397145394669,-0.01370538859939896,-0.06294047299090899,-0.02490217329489186,-0.021853809060533247,-0.018136358222563875,-0.02802534048578842,-0.027918310779633804,-0.04201217691085124,-0.07811201951622948,-0.030439998566040405,-0.038360821027178416,-0.035574508450085696,-0.034779201783915026,-0.01472984819098011,-0.012206943797795966,-0.04628130556400367,-0.02623365378116871,-0.04781492972303358,-0.0015367661031103763,-0.05561922079602544,-0.029814336930148788,-0.025807694377324997,-0.04532623515964995,-0.019606598776283235,-0.03461649803187217,-0.024966692510439037,-0.023661850993060063,-0.022035692479790092,-0.02121153737845538,-0.014260626616622196,-0.03311402679641795,-0.03718607821899922,-0.03480171289930378
2022-05-06,-0.00922345727560947,-0.004750738430176371,0.003972703519310006,-0.00042599483362437685,-0.019270301391496436,-0.017989796244141876,0.007857817324116834,0.0036956622476207457,-0.007418475887958631,-0.0016985043902180141,-0.022572006493670416,-0.010434022140505816,-0.0023975261888868893,0.006041679757256668,-0.005927994110620283,-0.025043775572732296,-0.015299594265795413,-0.011322003791134017,-0.00153538549024812,0.04695703640193116,-0.007240090713134029,0.029163628577841605,-0.016897104259298246,-0.008091580807324639,-0.02060216528970782,-0.016416465683993353,0.0378258472568338,-0.010427160131703972,-0.013672621223593584,-0.015223633727150077,-0.012375057981016124,-0.01295434809516327,-0.020751674760987604,-0.014357515160809298,-0.003639126341587695,-0.009090087520433499,-0.012331272022513495,0.024809831731324783,0.01287545321808281,0.005284345198932616,-0.017753135520514607,-0.0016139166623576617,0.010665054723047573,0.008938370357207459,-0.031175853506831275,-0.016897083236830257,0.004254961029647175,0.0035360210801140823,0.028210678176684212,-0.0043991679093257074,-0.006420103540037525,-0.017834448778626055,0.02883340652090194,-0.013323938451559103,-0.023105802017584165,0.013922402459351613,-0.01701432332159314,-0.020650832850677925,0.0003261766781690323,-0.035118593314948376,-0.010589651293627211,0.022576405602298344,-0.017908477463550176,-0.017299554057670474,-0.0032860822278835133,-0.010334239785263044,-0.020872169858467182,-0.013750913374156348,-0.007886899488929955,-0.030556996829376626,-0.0021511758069374665,-0.0169246152747331,-0.0027313778302390235,-0.008164904780887272,-0.01306116216441322,-0.004691503600621094,-0.013277725117158856,-0.026164627712493282,-0.012546241554099558,-0.02612788793187093
2022-05-09,-0.013206267549427886,-0.034009685929593525,-0.032863911250855415,-0.036650356051956656,0.009207236373727223,-0.05874155100026801,-0.010476622649651213,-0.0015208712154175519,-0.015944156377148966,-0.0040408899017027045,-0.036673584955285166,-0.10470112140319376,-0.028838554808590655,-0.03351394096735305,-0.038946900761500536,-0.01866773977156644,-0.029292035779116876,0.004907723371824435,-0.026142261584231608,-0.09740909122973429,-0.02529046820379266,-0.030103931449255716,-0.020312538894680765,-0.001989697096443477,-0.030011681377782318,-0.006841384495194114,-0.11005889262841784,-0.04180827800974196,-0.040904415399497296,-0.0038648249073984786,-0.01892816525738772,-0.04353380166352905,-0.03152680259715168,-0.0075085321348361544,-0.04122097321753315,-0.012168967578186751,-0.007521914126210949,-0.05582994385896045,-0.011615902059576855,0.0008119738217071681,-0.0021814060932393575,-0.015034029262729898,-0.021104843176368737,-0.008590350711532801,-0.024659115373443008,-0.0066407080640839,-0.033641226108486855,-0.029177383827979297,-0.12934426560033796,-0.024399772271041065,-0.0001291230168573021,-0.005836371279443697,-0.07028487230448377,-0.01770497458596121,-0.006252702171253399,-0.010778131448555328,-0.019369524346085187,-0.03692663076207625,-0.05263128984233734,-0.04097592399187722,-0.03725077234954943,-0.11596558097951115,-0.027647197128885193,-0.0007793067712745794,-0.04913838051905128,-0.0002221355677860526,0.03825503662174068,-0.016973811333234057,-0.009987705646788636,0.022877588914939295,0.0016311825132782065,-0.06215371718385421,-0.026360816087228067,-0.018903298479891917,-0.022332603345752933,-0.0132436809184594,0.005824333340827659,-0.03626033815594576,-0.02291999982117776,-0.013414395277166258
2022-05-10,-0.022378166952287337,-0.0030882692264320166,-0.008876425363121276,0.008847634018561257,-0.037528185069842235,0.004231029426753574,-0.007797193254733492,-0.0075356327409777935,-0.004556964897551641,-0.006406092153843357,0.005030620562111121,-0.002700477210595742,-0.01677200638789711,-0.022850278230296284,-0.015996919289131828,-0.01734900289017527,-0.023615998223062484,-0.026145663244042883,-0.008120854954646206,0.008230214075171105,0.01068874026310418,-0.0014571086318759807,-0.021477866613248908,-0.0165469007184339,0.0065431733156957606,-0.01627565852388768,0.02805555716314667,0.0035473706837612085,-0.009477783034174458,-0.017458646492587437,-0.005978059326683494,-0.03882208988457936,-0.01730798015365076,-0.018762292866435715,0.0016326300953264372,0.010044464199765013,0.004176118520456296,0.02040816450870664,-0.03949720098832554,-0.028074707686071787,-0.018113659555888728,-0.024372331275656745,-0.005548553506330434,-0.020850663763722577,-0.012192824847232275,-0.013369761692048732,0.002258668317814738,0.005794291933203022,-0.01380551829952048,-0.015030024540688247,-0.022489564040259813,0.0,-0.0019136476521040002,-0.011180853314289307,-0.016517340929452673,-0.014776193292539208,0.012502744339018212,0.001174996726517108,0.009349211273040892,-0.002140397118452042,-0.0006540333479784222,-0.003943331159280583,-0.03387776056759639,-0.0181684324642587,-0.0023724243227857267,0.002666642930772678,-0.033184836906942405,0.06129756078019888,-0.022853531358687396,-0.027004813520024262,0.0062239051879353635,-0.0007779577022222206,-0.0014065453161168362,-0.011764439930534443,-0.04653117243995353,-0.02001817088082891,0.0029953175118404562,-0.02243885798139178,-0.012748586500374137,-0.023024000088487595
2022-05-11,-0.00785450212062333,-0.015489441931799575,-0.0001399351566658824,-0.0026309785195997026,-0.003615555549894789,-0.03496945027859266,-0.003722274977021711,-0.004119564811458476,-0.004069165904759475,-0.017193294876559406,-0.015077591955603653,-0.02677696607980873,-0.005313122132907244,-0.022359001656497846,0.010936515888344323,0.007898371761582146,-0.023112033755821715,-0.006230980253631779,0.0006821308998916642,0.010612372412086124,-0.019273952628299007,0.0161985904291837,-0.029229568943061945,-0.017028348920545278,-0.02293832370725679,0.0010004691493405993,0.014429215334147427,-0.02615771136510059,-0.0057409242450702225,-0.006416568983470317,-0.01968303684391104,0.01392764943073277,-0.006935524343905097,-0.00046280289870281877,-0.013039959726180772,-0.011820840446935654,-0.014119112788914867,-0.01076924978396121,0.012545662476559416,0.0013264448276157914,-0.028308003063138742,-0.006308351039970073,-0.005579450075659964,-0.03069684897388658,-0.028680310937164943,0.0015941485161268254,-0.00848440959824115,-0.010445539897173228,0.006086312404598004,0.0032145462538613057,-0.01137114792701921,-0.01239411726634454,0.010066860868715555,-0.01241947687010414,-0.005918009710132455,-0.023178408081493185,-0.028639775535296064,-0.008427688918355214,-0.029836136254622336,-0.008497674975436076,-0.007525442311442365,0.012668152333297433,-0.010018811260311122,-0.014439288715288878,-0.00664655034553685,-0.009086876265911759,-0.022882505892923732,-0.02312605535570078,-0.012852952743779622,-0.01941074812838295,-0.003525976656114982,-0.0308265182448324,-0.015140773489992765,0.005750131982824369,0.00029567473691671786,-0.011838458992225687,-0.001991061150574125,-0.02086718390337694,-0.02401839967915631,-0.008164607089923281
2022-05-12,-0.013345567419784987,-0.0012587360052676022,-0.007068074029297766,0.00043958325628890016,0.020007761234130728,-0.02619516976568137,-0.0002491611866055621,-0.009246486991507985,0.012768113270142711,-0.00677873254445871,-0.03839603790963497,-0.048303578556937676,-0.014056909882289914,-0.02308017568780607,-0.010623409790844529,0.004302425403673649,-0.014305119735801286,0.01661755370765916,-0.0034091561205050747,0.0056542248331206135,-0.010190343661785284,-0.010052596133328207,0.011305185275377383,0.02495363301408049,-0.008554341455767833,0.009763158177150677,-0.0010824019961616083,0.020689713900466478,0.0016341396156900334,0.007451461345224786,-0.002230811269285149,0.0,0.03629839260645196,-0.002314031919293691,-0.0035783183309201494,0.009683747406139087,0.009840888118546554,-0.004665379510017775,0.016443362693701502,0.018446776690735467,-0.012765810163867353,-0.0008462245251903422,-0.007053524117932808,0.03823108085507476,-0.03046159338818133,0.009152323862023692,0.003890824628652201,-0.002175288387278651,0.004839687466163589,-0.0019470020824639,0.01016481426496818,0.018493968158345364,-0.009491865910387198,-0.0033162003565508913,-0.007884362068177886,0.0003101349638456874,-0.007263868490567482,-0.010220599213927262,0.024271235861379026,0.030454294890626565,0.00527484115295751,0.01720106607189331,0.009487699222834989,0.01820681078547004,0.011816751951721827,0.028629000675570948,0.014826099588118868,-0.017249729374558376,0.0021566500342808936,0.00677195312316492,0.005743011144139887,-0.004819224619137974,-0.0064353724435413096,0.009156649041132336,0.012714340888314357,-0.017852734996364528,0.003391372133375814,0.022495915397940047,0.011378596702668053,0.0005611455508494068
2022-05-13,0.015360122246593333,0.024574782773139292,0.01536423771986195,0.0019775907692201056,0.023345670164262478,0.03452142780670564,0.005232127646037643,0.023905019504454783,-0.007564263698709439,0.032584626766910985,0.03575380326311328,0.03297058290334087,0.00285163347393258,0.023196003972308032,0.006403045787059858,0.03671978405366838,0.014233693436951578,0.008423669158368341,0.0158804069058065,0.03323307799899311,0.026651149649405736,-0.003626614281864282,0.004980654589887834,-0.0008048138643472758,0.02895222532084274,0.011267536294805591,0.06330287918674471,0.055120881607441774,0.011238697865324054,-0.0039447555571582305,0.005310350793259477,0.02506871673968125,0.028376455756220276,0.005412179769058056,0.025690635670141182,0.01984026803119132,0.0031620200005668675,0.03645828816841035,0.005267395013637488,0.00024071050364060653,0.027796218870424383,0.008895171533849,0.019534950571351573,0.03160203256299288,0.0425982117361805,0.020110218389952417,0.009088337019094839,0.02551768697672263,0.041307378874610334,0.013248963395035673,0.01959452583301391,0.0019455037697417854,0.022520132971507678,-0.01167604117224208,-0.007784528357277498,0.05348816006893187,0.006025858920708949,0.03249994568477166,0.0054759525530385655,0.007913403076604597,0.004809702176607811,0.04381238701079471,0.04135334299566873,0.008102371229001815,0.021810481675517135,0.008045203704743598,0.009462854078242433,0.02566288530840577,-0.0034431543744575244,0.010577512115073073,-0.0034031960267892902,0.022760189859000635,0.017272199535913524,0.021378126544612686,0.011386776221345318,0.019851422585632106,0.0105368962220731,0.01875870306645333,0.012820474648660651,0.001496072489370448
2022-05-16,0.02032041561511866,-0.0043051532714889484,0.006594219186738082,-0.005482456323806284,0.005090636229331036,-0.011917725537872292,-0.0063614951542452225,-0.004157644873552524,-0.011178919179866464,0.005330607405058085,-0.014614427106452776,-0.02476410355391845,-0.01023623258381623,-0.0037786329612777836,0.013996980792337688,0.015495708199157132,0.010181530494439484,0.007806355725579861,0.0031716381789941295,0.029770484171002476,0.004681395291613377,0.0013105223134348698,-0.002863517659643988,0.0006040965835663048,-0.020031666973218232,0.004065383160913427,0.03333328867862484,-0.001348193981276835,0.009201677340895387,-0.00792086727756125,-0.007784458371386416,0.015075341808739706,-0.003535365201917662,-0.01430326021915529,0.0026930875723050196,0.018347654400025615,0.0022215798086018257,0.014070217925608919,0.010703353372903068,-0.002745024309872557,-0.0032584268273675443,-0.0069695053745969515,-0.0007916494607786984,-0.01225355120403615,-0.01238669547580351,0.024352674958365794,-0.002648782012835027,-0.00575188643659319,0.020633552784204978,-0.008904201792285793,-0.0001297434164605482,-0.009708630671139029,0.025304373024116922,-0.013783016407603266,-0.015446267017413473,-0.013980454988394397,-0.01572373102025182,-0.008843014387511672,-0.007016095320646731,-0.013379072251859081,0.006092327374611628,0.03436422798371175,0.021059059901886057,0.0016167661436079506,-0.0044234804258225235,-0.006255412245671721,-0.02606681170340963,-0.0022426139397502265,-0.004103004066656202,-0.010981406825613771,0.009954839300723606,-0.004261244871135217,-0.003183303226031109,-0.012436877439341743,-0.0014432578748371228,-0.010084719049819224,-0.0035411369093943934,-0.0027278171194887735,-0.013691500783773458,-0.011762660680200043
2022-05-17,0.03894655399916935,0.01920726153568575,0.007446931172262028,0.03947080431653838,0.011535928384923455,0.05307022071537948,0.009811262113057273,0.023042914868455222,0.04008243851079185,0.027359482451343897,0.03464816483438149,0.06449012336309368,0.033898615812895105,0.07564271273135104,0.028476321351480705,0.05042893773871682,0.049305512402491924,0.027184243555882004,0.026422945708747703,0.014407567563422319,0.009477564937113936,0.040348871337956504,0.03898828009392585,0.03562099680662989,0.03289591547740822,0.01896962531944646,0.02239759279419906,0.035774600179353966,0.02297226124450069,0.03343341879936501,0.04174831845186966,0.040264230652049315,0.025095151273118343,0.04587307609101199,0.019339385430999112,0.030783180253637576,0.02629415892795217,0.0267592297060244,0.024735368437204475,0.02496742531418583,0.05165095014240606,0.03314716060050227,0.026941083960978718,0.026159697255147663,0.048296451681947516,0.030943348122953296,0.026029194164088,0.001886550243787033,0.032175538541717064,0.01861590523671275,0.034285731847252254,0.03529421809701816,0.011478573517361035,0.0332323689182088,0.03204122908978291,0.03358193415300281,0.024559773840901133,0.029421196590864174,0.009140883229498797,0.02598448202051351,0.02670834437468117,0.01922176182682067,0.04419548150996544,0.03011411566979949,0.011689005064039693,0.04623401524255999,0.03807847472055759,0.016323656624601668,0.03837820647459811,0.043199077328922586,0.016561739154401733,0.040894192607660695,0.024130372850266646,0.018868716387501205,0.03180100662793417,0.03553710025129475,0.02033544301264234,0.03601545775713966,0.03143031094084936,0.03721912024602858
2022-05-18,-0.02854083710001043,-0.03829801684556122,-0.02470887975058278,-0.02078912929412402,-0.026147284469781762,-0.02998747632198684,-0.041827912583208726,-0.03649349860854256,-0.021739238734742816,-0.028488888171591786,-0.035526637840815,-0.04945101293282006,-0.030842188897779566,-0.033888311585843156,-0.0241683292039393,-0.023519620930430585,-0.042315824985103445,-0.019404319983263085,-0.02266229782714868,-0.023733792760149197,-0.06044935498871873,-0.006848643075515359,0.0010630638011737137,-0.027983237065761224,-0.03994841590820497,-0.047902754266980874,-0.03664913134172465,-0.05050508691549538,-0.03275846628991441,-0.01207179797632052,-0.030392693984770736,-0.03521576185018149,-0.04212397589091499,-0.002685308339204995,-0.041370237946607324,-0.034431283799290724,-0.02607236168002336,-0.0458492208129655,-0.03924276334741206,-0.04169809383261747,-0.03823436905131383,-0.017105859207980245,-0.02067886984890288,-0.021813241897344016,-0.04089292308539427,-0.01464118857701524,-0.007507192431421061,-0.04318051622662433,-0.0518621895014959,-0.05613835171979942,-0.033149187687252724,-0.011363917517130395,-0.02496601783285257,-0.028049670887032474,-0.038365590252524284,-0.05444054320549674,-0.04963921715063924,-0.05086682557383426,-0.04328245468905878,-0.040443442099709626,-0.024644411630957097,-0.04237492687955002,-0.04176076077614488,-0.03120370682300544,-0.026998589088335523,-0.01597511297874743,-0.0553071417882659,-0.0606378237074463,-0.03194821389027436,-0.035423344290196224,-0.017306517008088718,-0.0307602623938098,-0.026680352515766836,-0.031009193597499762,-0.042308599417287485,-0.03660498070196905,-0.015673453487892175,-0.026402637854585853,-0.03707495714075337,-0.027879956413207396
2022-05-19,-0.010085483251586425,-0.008849621742544556,-0.02081963688394106,-0.01538126271273077,-0.01970869269734743,0.0038642439545486518,0.002921646835740921,0.0002444115786583989,-0.012626470956027314,-0.010412237614135456,-0.01345304431581995,0.012906331978232322,-0.012328103860200779,0.009326847930906768,-0.005674597296534856,-0.01175981213253896,0.003524284517893994,-0.004094448119019378,-0.010805923805135231,0.001244160056452559,0.001507227677572054,-0.01533861440472406,-0.029945667003932197,-0.002998582581132947,-0.011121736993025877,0.001159316947344946,-0.005864032449124812,0.017158545314782003,-0.0031116752562586614,-0.01906143243795988,-0.011095456321460806,-0.007563469854998783,-0.019917212555399466,0.0013460288481816907,-0.0035734705546026646,-0.04894016542318114,-0.0062930506848782874,-0.0161864050828584,-0.02467258101435399,-0.012733979127006245,-0.010989032394206122,-0.01482210354460034,-0.008194166791189117,-0.0080603820565317,-0.018618385499674872,-0.004829306527492805,-0.020344199300300625,-0.003804810605870901,-0.0058190343874466866,-0.04015653496756755,-0.027272873175402945,-0.01851847638737414,0.0,-0.007567436048390941,0.02601193504503252,-0.015119082585479338,-0.00758915775969915,-0.004891541578499248,0.01699087087396256,0.008825520894853334,-0.019661293133119484,-0.006807655964730208,0.014134252513143153,0.00023268497946804523,0.005907189382555522,-0.008011829341560528,-0.0008610127164188075,-0.02019560994315428,-0.005176937288011829,0.010344849336919815,-0.028797724278965542,-0.013982603470928723,-0.011035890114594604,-0.03773503153929114,-0.022235302604592277,-0.0026122024305724745,-0.00393141683657261,-0.004519623615901303,-0.001582198489501363,-0.017735587060341285
2022-05-20,0.006644454107410436,-0.001275404742784203,-0.002429812078671212,-0.01320137026945023,-0.02311562023594249,-0.014114625130518421,0.005569482655318758,-0.03648211112051325,0.0,-0.005797680093137414,-0.0049348769401137416,-0.05065284310462714,-0.017125815616531703,-0.0006024648843711011,-0.04323845101937962,-0.007311856493847468,-0.010534961928161723,-0.02263738298691953,0.0011378668908970102,0.003919252783944671,0.01343349147931816,0.0028581975787085323,-0.016858311275470328,-0.0014037044587139613,-0.006980835165340982,0.009572225755540176,0.005898622160881439,-0.0013494942308494018,0.00408180748756104,0.014947922296299598,-0.0002808549163388907,-0.0016567604857360418,-0.01627526231984644,0.007170651515990167,-0.002758535307963217,-0.0004782380558245869,-0.015053202106867891,-0.04318755482572323,-0.0091009482513843,0.004830500183543585,-0.00980381215108117,-0.008198908225103385,-0.0023831797378723873,0.002437654384473298,-0.000569188153837441,-0.008212074231142119,-0.00971779527539296,-0.013300808055877189,0.030728901674827558,0.0036399059236851272,-0.0006673430980189687,-0.0052047703475951446,-0.0004655878218678966,0.00794818615361903,-0.024374246243412778,0.005892425655431799,-0.0034864006782870938,0.002512381345895598,0.003975315337642504,-0.01160973360605222,-0.0018835246360248137,0.0066092463057674244,0.019163929863217355,-0.023578166275385892,0.03116797160842344,0.022741757963332665,0.0025850336582842193,-0.026555223631537395,-0.009540056544169673,-0.012115889281134273,-0.006260778468339168,-0.00430204420035174,0.0032395316915208028,-0.013487138720777114,0.0026930169886942856,-0.007857131710268361,0.0025654765792846312,-0.02247458715903161,-0.006074782669413081,-0.0013450020498040338
2022-05-23,0.010561174063124845,0.01468704722931835,0.014995835474667318,0.039018953389926336,-0.0029829814205354355,0.007809124127274192,0.015166938307777489,0.0032116062744935725,0.02404096486153895,-0.001512087297462772,0.03784910385434914,0.027920487421612128,0.05936212067512581,0.06070324965160667,0.03199872658989067,0.011409585369283493,0.04149599313051611,0.007247652500401269,0.02091379723372122,0.03808796356344768,0.018315852925436804,0.0017101631530023198,0.010689179969191054,0.0020082388869926415,0.033294343934683335,0.00015318216782889138,0.01630413071367376,0.015540509410284509,0.015901487292139027,0.018654659070023838,0.03282856713894411,0.011284366037847215,0.0018278128874089639,0.019727414445350977,0.014661152271813638,0.013875461146720447,-0.0008958966933847456,0.006448049202974815,0.020937230570414522,0.0035684274104090807,0.03036298874813781,0.061871504330369254,0.02086337311482689,0.0,0.02562641810020283,0.009409296352641539,0.01855088752073253,0.016483125239996177,0.04684802036622804,0.01717206315652886,0.013493594825181754,0.01700462341266573,0.014438826565053686,0.03968450184944716,0.026153148503328616,-0.010174049851054967,-0.0021441883831428976,0.02637050537119645,0.015788700422004975,0.006452129891313607,0.01942720920471408,0.06541860976866398,0.029629616808814818,0.011240332238909412,0.023655166098264235,-0.006234398248536999,0.011774963148652562,0.020914269619795256,0.034807032688865425,0.013473792450946265,0.022943259029891694,0.027684506471753023,0.0053819187914965205,0.015497802620605627,0.013428730335373729,0.05159564272630379,0.008464466427079653,0.00905695515884819,0.015944611764300953,0.0444318407050992
2022-05-24,0.013934130550937285,-0.011327999272571998,0.00329993027814246,-0.0030042788461932535,-0.01775028625948205,-0.04842875687339332,-0.005455951979890683,-0.03942713079610649,0.0019981651308376147,-0.01816996655609493,-0.021441359243399516,-0.03764002724616855,-0.006133602439867825,-0.0017053999419501809,0.0073475779396317,-0.004284020593711246,-0.00943630522970984,-0.011221019805108368,-0.0011131758594328245,0.004219440254266571,0.0017826704242647207,0.02347366305797638,-0.006610208624729608,-0.0034069929856169745,-0.04006433197139003,0.0003824367384617222,-0.009428239167073471,-0.0206253806686596,-0.012710398290882718,-0.000963770236399597,-0.0054332768998367476,0.00984595402770605,0.014416276797021732,-0.011054843983915208,-0.011995655178399178,-0.004341544735654068,0.002004562362488027,-0.00961029384751344,0.020050363313359076,0.003605159980062389,-0.024983990167242287,0.014125161772823525,-0.001671025781290636,-0.014590542176215693,-0.019248431544294786,-0.0003728299395644452,0.02058853196253385,0.008403319232728634,-0.006508986671539874,-0.002061932522239074,-0.08423407545125494,-0.0025724341096250436,0.010100925298708763,0.006721398272475865,-0.010992821453322588,-0.03005766679915145,-0.021934273601016296,-0.011360245661113377,-0.022105888636870907,-0.02087607335447783,0.015027749159079562,0.0020544230567693944,-0.0011067952498347022,-0.0018840076787706161,0.0009987336101067168,0.012128854762779584,-0.014271173421559036,-0.018832036175166045,-0.009731159526349842,-0.014999149523473365,0.010517208542013767,-0.012768634176292704,-0.0021411636862598282,0.0009218677502442763,-0.0017667134560522824,-0.01209455307413887,-0.004879759656094107,0.007134771564436093,-0.017787282116756065,-0.013996379032543027
2022-05-25,0.013957438612869577,0.01718660059893007,0.00814739088660188,0.01571243126606725,0.007817360871758883,0.02148836875396154,-0.0037132490383690042,0.020435028062214755,0.00697912885155616,0.017404654206973458,0.03135650988411731,0.022278023439876726,0.005329634901574787,0.00037956067821043327,0.01779719893620335,0.014054154476047964,0.03281272956071257,0.031092861647587622,0.010031124705616623,0.015710593252570515,-0.00886957179005976,-0.0022933245984962936,0.005655972055425895,0.017494549778014346,0.0164386185699954,-0.008330561445922702,0.02201987849221454,0.00033968168140030564,0.004053001451616689,0.009647539276030459,0.022671205113350856,-0.017874718946585322,0.008094943821050693,0.0023532644007109305,0.011865375421306723,0.004360475937003283,0.0025267558392649825,0.0431269627686397,0.00440944551507827,-0.0063478589350727255,0.030551782603457367,0.006964176883959672,0.004223264523103509,0.03235528641212637,0.03245887691691318,0.0026107829550026107,-0.007629499199843126,-0.007226352289749438,0.0600598730747961,0.001291406253068672,0.03757011558943768,0.00773692734650111,0.016818298493190387,0.02676713593141633,0.016054706865445745,0.05523437273881471,0.015221798468396441,-0.0002147347118183207,0.003279796528936174,0.0023503348949176495,0.003754897194365725,0.026195605293233948,0.01828253053703821,0.015524771832633899,-0.00914892374258891,0.025619789766050394,0.02206125292055061,0.02632616900657081,0.017304010617897436,0.015054442338221286,-0.00184003758116702,-0.012618399450052054,0.01537911979996065,0.0015201399250917014,0.020648867856525754,0.019172644449469756,0.010200024741478853,0.02490868521495515,0.025033577691195186,0.026522279154038486
2022-05-26,0.012283024710004087,0.0206508578167246,0.013865229243889443,0.02479343118650501,0.01903910848119228,0.04362270211159047,0.02024574406276214,0.02406534669942939,0.018811693492789994,0.03031621857984912,0.030278621777224846,0.046452612745776944,0.023158531759227774,0.02637571700175445,0.017581524734024523,0.02914451413904895,0.0368950148992675,0.004589923578561805,0.010814315785837803,0.01753610694772223,0.04292130558652518,-0.0008359608131385254,0.040692653564870396,0.02331995925643393,0.022758131263944437,0.02543169266532863,0.02599372896459351,0.15993205305447145,0.02813721065338992,0.012900502082142884,0.031250207339882596,0.022501724332834705,0.009011363030539066,0.027292678652176328,0.022361590960796818,-0.007550623365956133,0.013967649398415771,0.05219623279457486,0.018602619522972708,0.011885360984049465,0.03379036846385031,0.017290263594313515,0.00903416283350178,0.03373168201290255,0.04478150495577382,0.010044776698342917,0.016418909105201607,0.030165732922807775,0.05356695220433649,0.017583138810702614,0.013318392651431532,0.014715288632018764,0.014751924723770848,0.031736687500990346,0.023417907145397487,0.0648204821817917,-0.005264875581424855,0.03254559790124967,0.029723883235337034,0.017921547037532903,0.015391343516174771,0.03640425517287649,0.03645268262215229,0.01886520401583547,0.01632037747804449,0.007856555085489436,0.005058981870597501,0.04675252092028637,0.01658958927416121,0.023184375117805134,0.007373433587764877,0.027795567076684735,0.020077487967208985,0.01779974979104959,0.012427717593335164,0.03354517400004986,0.017087342217251944,0.025863912793320232,0.01169143641172421,0.02601892435013209
2022-05-27,0.020293004087198696,0.025137932177044187,0.010896636283823202,0.026881704314583477,0.020166060252003515,0.02758326347546025,0.01677171521689358,0.018296267538882915,0.012633948125665206,0.014712138633450111,0.025578784308939007,0.03523050381538417,0.009544599898993145,-0.008689221085250831,0.019484518957947783,0.06561682601829344,0.021744252352503324,0.021714309847064905,0.006113592092233278,0.012814689947874491,0.035156612838517454,0.0073905525849200515,0.016506745270799428,0.013325908288368327,0.035129171176847995,0.01501196077766953,0.02696124991310689,0.026932142498597766,0.020785363009286018,0.007075478415787373,0.012950058617299476,0.025566576706039124,0.02493590771513965,0.015997675369908038,0.0184048879233516,0.015216371457312805,0.016830839389871732,0.016699579133686582,0.017386391897227016,0.011794652157520957,0.016034562516953343,0.014137810240267834,0.01775268268512553,0.022867580246086927,0.020293835036332197,0.011049777514901438,0.040384610930467746,0.026100085634557457,0.06282068625058757,0.0182931098833512,0.02683477069569906,0.007566324380077427,0.0207049675012021,0.012142254091727755,0.029532870892940544,0.011146131949938187,0.028305188305028928,0.03183191095681681,0.030673069982730894,0.029864047297159635,0.017999977322423755,0.03255503175168184,0.023097200199744483,0.016555002548158004,0.02317929475893954,0.011792927583121227,0.004026948525892582,0.019797347209051575,0.014873134236859098,0.011662972956187678,0.016926913961800683,0.0264218436100625,0.02037292273582958,0.011409390588339008,0.014559032705274921,0.006359580847399293,0.028255107050440875,0.024994546116059446,0.035952678138394756,0.011526746781798991
2022-05-31,-0.008611988891183975,-0.006578989236010302,0.022209579866383278,-0.028997153264873066,0.0020350069410262073,-0.0035102618742789415,-0.008084196822917833,-0.0056045520062106835,0.0029066763778085036,0.0035209868391223864,-0.004598836819340368,-0.006276955742817281,0.0048622921373251415,-0.00391637601478978,-0.005940738382687383,-0.019834312995713477,-0.03917774613027558,0.005529731982229835,-0.005208268163414909,-0.019546088269285278,0.0035773470642366245,-0.01737183648996332,0.0022002808045193945,-0.0036212801818449325,0.010245287578453999,-0.00475655957556409,-0.011873273957250241,0.00399086038600216,0.002941120942438369,-0.006628970201426054,0.008181731205433085,-0.0059957435786370805,-0.008109875950980228,-0.0007027479149778193,-0.0015715482371165823,0.011241247052016679,-0.01390384451445803,-0.03429959597970844,-0.003087597615254234,0.006433236501663053,0.0021244748087729803,0.007313174608748252,-0.0066738479132915085,-0.016076453596983065,-0.0066870120410550404,-0.00255021937783817,0.0029576222560010468,-0.0076932377493085236,-0.024379120478475236,-0.005683924591720624,-0.005199924274649326,0.0037877562050823155,-0.008200186061515513,0.0020564328940451126,-0.02722446382517929,0.0015545463255890457,0.0087276460174599,-0.0070571724627828125,0.010330805591507453,-0.001837195233445832,-0.016440900485209964,-0.043197721600657824,0.005130782004912016,-0.004576118360589132,-0.030945124454471173,-0.005728903732698631,-0.008272078470973776,-0.0035511144901534397,0.01241589520760189,0.005764124199701515,0.006804168399486166,-0.011356690544045311,-0.010152110965064076,-0.012224770717726763,-0.016319561757436762,-0.0026148451239867976,-0.01670994562275674,-0.011026503769899443,-0.020327306160241476,0.0
2022-06-01,-0.0010342020991674916,-0.0036122359340055032,-0.013234548760603593,0.007051019161772976,0.0007734741682163815,-0.03501862174651016,-0.008561766625309164,-0.00663077531404932,-0.009661769456127955,-0.014035055279264186,-0.01812602625365578,-0.005707762822202533,-0.014247379016682493,-0.019097353150040797,0.00796834747548436,-0.01983860693403583,-0.00654441487298707,-0.006072994798786757,-0.005890160765406494,0.03017070884264572,-0.01890376924441517,0.0016905188497806645,-0.024356930440677105,-0.024674674884393566,-0.011318331411943938,-0.008438371287381674,0.02109480485274995,-0.01845546573964396,-0.0010153016690395145,-0.01334588612830745,-0.01749918497040015,0.0019046308010426394,-0.011220284865936292,-0.008722622153404469,-0.0018362026105833706,-0.009633927721595215,-0.008831677080819444,0.02201071186191106,0.004249442307687534,-0.010044797496963187,-0.03210186730635112,-0.01754514103124627,-0.011299675003082377,-0.014296752078313046,-0.018643298990203894,-0.009130729056218256,-0.0015974980476417544,-0.02213168477331029,0.014144493321601281,0.009513423094066997,-0.02265110082613797,-0.005660262175735675,0.020017080300178458,-0.016931694585303303,-0.008854561868075761,0.0033864927293774105,-0.03527462748717547,-0.0076151021932384655,0.01787048029792815,-0.01656671450925873,-0.0032590993097988408,0.015666018320225295,-0.02807541342806441,-0.022174206711428113,-0.04998860670862959,0.007947500429750232,-0.03361695441844759,-0.011047959233454696,-0.01648569297403546,-0.018830903273112987,-0.015359527121193373,0.0003067212913741013,-0.0034189483936631904,0.007007085425982051,-0.03260878024531144,-0.013327528139447264,0.0035876167970567696,0.0008578464851771717,-0.02049612928169242,-0.0182326473142852
2022-06-02,0.014492701292509125,0.017522647007170544,0.010614960597929768,0.0323311295392128,0.017876122958779828,0.017607895645216365,0.023084024833111227,0.02903632374834797,0.02634167062784587,0.02407380950590632,0.020391016813492646,0.07539231966072579,0.006582391282149214,0.0007632398727916989,0.011168925928110696,0.052354414631102575,0.02761609461525505,0.01823428160361007,0.010533227186546368,-0.006824820243824026,0.019012296185591415,0.017578447975850064,0.03192946776591632,0.0517746730459272,0.015386046846931345,0.020710705292523057,-0.0022229759297542895,0.01619905635622154,0.01479044258453377,0.019323501114616004,0.01497168741090027,-0.008238211472615053,0.0020232460813787156,0.032500892634086176,0.019448066823620325,0.012253136033966827,0.02673120312013655,0.012726802092630995,0.0051636418862479605,0.015923685259081166,0.01846064879482401,0.01608801188242559,0.009575527510249371,0.016317273503136498,0.0005276538186682611,0.012532306834909024,0.029904086648252504,0.023527850569261988,0.007438448154285959,0.020129032293457083,0.0046624847354301835,0.017710143040078563,-0.0021327696966314535,0.017803438852348474,0.027279244025902427,0.019125177417280037,0.034034885486959654,0.006343530080352711,0.014515550940325195,0.023274787430056065,0.015082756816710674,-0.008140766436972813,0.033280260926558114,0.01627037667583897,0.03322193823672914,0.026020100664996493,0.014821089673545673,0.012852908833142385,0.016966393005891423,0.049733151793788455,0.01004029347357105,0.02189522615166739,0.012349887227415035,0.018389667562191958,0.007687722000830233,0.0037642437224072456,0.02314219988170807,0.03406174754868885,0.0049312603964184465,0.019642863163090718
2022-06-03,0.012653161464140084,-0.017814749649633588,-0.0080193759765812,-0.027727894674483333,-0.010822104110086994,0.031441268150602,-0.006493077562113259,-0.011189531033194311,-0.011406931534573395,-0.016966543314826388,-0.01365740103947799,-0.008896797153024938,-0.013896441012087979,-0.020980213142560822,0.013181635065833586,-0.029490695464015615,-0.013806858326474991,-0.0029296143176958944,-0.004126043081309483,0.02748771538710204,-0.005373764734602493,-0.012714010305573065,-0.013705624327444377,-0.00708560478963649,-0.019843200358595547,-0.015494414985622762,0.00930422187819091,0.0034158533514443423,0.004450542132835578,-0.01563992153826599,-0.010173112521659311,-0.00990412040065447,-0.017469711192558912,-0.009621925470045145,-0.012889914466712948,-0.0075771405703692896,-0.011266638682200236,-0.006283545585418104,0.007349412679767964,-0.006833265184160053,-0.019047679132421447,-0.013939282926703211,-0.00963742629228237,-0.01554546845397542,-0.021272805940950823,-0.0036401821022044034,-0.0028677643854917445,-0.01767770761260501,0.002768545602918948,-0.008711289264626942,-0.022249481872893884,-0.015537433372043052,0.011115521398274542,-0.012592109513564265,-0.025855948121910166,-0.007037443757568762,0.0006671312418231601,-0.024298482132624533,-0.00858457079289865,0.0220294868138442,0.0009351927442404762,0.025270235606828617,-0.010736296920986654,-0.0013604576745780417,-0.020726348760905844,-0.0007685094354211719,-0.01606518830379544,-0.0008297926728368932,-0.013266230881016083,-0.012241814910810556,-0.021734185534624695,-0.0023969008912876344,-0.010166023446398276,-0.0061671034132726454,-0.027582091250227925,-0.011250752736568725,-0.010298240600731146,-0.03086797870653346,-0.009814124787944523,-0.009807426968897803
2022-06-06,0.01451044022131942,0.007859761153121703,0.0072254939972375976,0.022568699963895877,0.02495212731674279,-0.0006138010093806878,0.00016337023124335381,0.0072980681584287055,0.0014422655283601316,0.018091012622188485,0.0011389848060985308,-7.177383724188413e-05,-0.0011051534076704783,0.001363614157960935,0.0032750158851215794,0.030915250734543598,0.03275024576941665,0.007724389280924671,0.005887705562859669,-0.006264944963226826,0.0033577269809728083,0.005599421163002605,0.018212184946401644,0.00037573218066144776,-0.00772980054517558,-0.001798681709532901,0.0003895465307954815,0.004255362436281107,-0.0003322092433761803,0.013481144037466475,0.013617766876674375,0.0222652793963789,-0.012955784357380873,0.00902118583089484,-0.0015671000854587946,0.027374139209629833,0.0018990954083797362,0.02918289722571976,0.012041519077253815,0.0016357651110134874,0.01409331133605507,-0.003303731460129189,-0.003861654780749957,0.008024767830668633,0.022094342173661907,0.006211051932809797,0.024086401409024738,0.004578556731182681,-0.0011503590757953042,8.184735515737174e-05,0.015356671625635254,0.00946959319657803,0.006765435554542343,-0.0012693023877863308,0.013311057525378533,-0.012367853153054775,0.008445320505524823,0.014483605380335662,-0.015622936636360607,0.020387437056156532,0.009135372170678835,-0.005266580676536736,0.009302521330409652,0.00622169960536878,0.008067156884441484,0.016343055494128622,0.057851377321830544,0.005578225855121799,0.008351800527850006,0.016256266250377793,0.016016957718889113,0.011414273854433166,0.0,0.005223229425282749,-0.0006034973985920011,0.0066933624983278595,-0.0057598136656592525,0.009191943014507098,0.01564952553058374,0.006190363000177834
2022-06-07,-0.0045690022030030475,0.011997699782282156,0.021308223166654594,0.05036112186694841,0.0019662635993387134,0.009826066979057968,0.010128259553086272,0.014409022510813774,0.009121299702373742,0.007597639704000514,0.009998656061044553,0.011347326692918491,0.005532461817062906,0.01361867737351341,0.015516784835271968,-0.005766738179069586,0.03752107182638009,0.012273642891479586,0.008454387298811206,0.04540828401214281,0.01555043101099085,0.02783905883770932,0.038564875608504634,0.0043175456388449,-0.0003710083112234974,0.021998616647541436,0.012848596476454421,0.008192008144917162,0.014182888581003361,0.0014252550871338698,0.002788188654233581,0.008207070172647768,0.016203600950003283,0.011554608377162934,0.010462997086515102,0.0011783051578300174,0.012449443945131033,0.0,-0.0006998896077627936,0.009463426225370775,0.0015442147542856777,0.002620848008385801,0.005582222533214276,0.007447475489638977,-0.001757356849130809,0.012708814675645552,-0.0018720619206906708,0.004241157205217672,0.043998967261797084,0.01929039200860916,-0.002612421271714127,0.004377661790907927,0.0230994833895386,0.0006932454000128097,0.012978840096002475,-0.0027030195814521374,0.014325208765324504,0.013249993184373698,0.011309673097764206,0.008998717312648896,0.03394709619611125,0.03621345826498379,0.031233933285321758,0.014081996069196911,0.01718629899741697,0.014755935873828285,-0.00024956667955211564,0.004603381841732146,0.005252579567399884,0.020747550735624287,0.009379735401074285,0.02034474693014232,0.010612818961402315,0.01589923089540246,0.018719845015001457,0.0077571576829653655,0.0050459211272766424,0.022452831461754474,0.0035954554374075798,0.008788858555098589
2022-06-08,-0.01716230898139126,-0.012448263636689605,-0.016481983780035514,-0.028271243273635616,-0.012802573611156332,-0.02473142459798361,-0.015525208614982966,-0.021266363156239088,-0.01998081269339469,-0.013654009899039421,-0.01618323453919812,-0.008450521087294272,-0.012654593006426462,-0.01324368205604054,0.01188894113798522,-0.022041601358474217,-0.04643006864281429,-0.006875314458801185,-0.02042144962114467,-0.006926822759175555,-0.010505646325292495,-0.02085565640564424,-0.03952182481980249,-0.009761754589286409,-0.00417475869532502,-0.01101979231550454,-0.0014091577920624099,-0.012608488807994145,-0.004151683533227257,-0.02134724494243445,-0.017188922922912298,-0.019098340390143576,-0.0269909818931674,-0.02012517561287719,-0.010095738723436942,-0.02344543173051361,-0.01568685813437698,-0.01039711366141205,-0.013657651775220159,-0.018083272367799053,-0.02713547702450092,-0.01591452643516067,-0.022204937231892985,-0.010705991804501158,-0.004929581976438779,-0.01561141230142249,-0.004103276598965699,-0.01456029362793032,-0.015445688456731221,-0.02642338496244412,-0.014199011618592383,-0.016811880524399747,0.005336565224442591,-0.019053203127798568,-0.013744358076237195,-0.0031054395079710417,-0.010320666442398707,-0.021895824721840706,-0.011137205190746124,-0.03378424850878736,-0.012735073343509762,0.01307997067222999,-0.02432967813692022,-0.01531070969579118,-0.016750788851243814,-0.0011185227307315415,-0.006982987991168144,0.0005875214676107632,-0.01426833444772424,-0.01380909014707099,-0.014946268780571037,-0.012516370614888417,-0.009823788763232755,-0.030907208202380687,-0.029342042429122084,-0.018473633442980475,-0.02212718330332153,-0.04412679870104386,-0.018168149354717444,-0.01498531809718373
2022-06-09,-0.11715746529720206,-0.02040824044191225,-0.01909209391935085,-0.056811469438365125,-0.008330178245095188,-0.04240284534705263,-0.022299035085320718,-0.0012299239669149031,-0.03349502958805539,-0.022933675164239054,-0.030007439357633947,-0.04225459391930231,-0.03845105507700042,-0.028010268550990536,-0.026675332085456138,-0.020298007127491413,-0.039638162865298976,-0.010665068184476656,-0.01931089768030414,-0.027080492062675376,-0.02113356988574011,-0.014038632196005985,-0.015547599941972967,-0.013459644727189746,-0.03763736791378869,-0.014188100583894192,-0.0010266210527111186,-0.021282632357486064,-0.013274912186532983,-0.030053367606993953,-0.03395038988715515,0.0009575815662881126,-0.037260870320671935,-0.006383645837992558,-0.01725943967921395,-0.01798274931837851,-0.012903385088698816,-0.049188170498707384,-0.020378858891285767,-0.014441997530952766,-0.045958709565499634,-0.021015561415288153,-0.029017593842764366,-0.005411214685991483,-0.037685885246280804,-0.01027911570758655,-0.028840540232161538,-0.021363823350979416,0.009188709698543018,-0.02207488595332363,-0.013557533647022058,-0.03229903355226538,-0.017149748975957113,-0.04061190002178472,-0.023777725267410732,-0.04134819545035062,-0.03819969798131895,-0.030054850580350068,-0.007306767195785269,-0.0008604165858577817,-0.018643459637443516,-0.028848250501553596,-0.018320675577760515,-0.011616317242354457,-0.006672885826639829,-0.007465500414504778,-0.01280874627962958,-0.03135268849154049,-0.027319040768165936,-0.004562661869546569,-0.02005279519500447,-0.01489021072184149,-0.01094778485626069,-0.022058774925470703,-0.03816798154019341,-0.04391669197491099,0.0007605839199520403,-0.03294321274459122,-0.013812970158716298,-0.031133755298315746
2022-06-10,-0.03449848356687302,-0.03186260064699231,-0.02580794263207853,-0.04522714025945507,-0.033123373348735274,-0.04493161946030522,-0.02827805703188979,-0.020852154719940286,-0.03616278682244378,-0.019877522533429004,-0.04075060830245514,-0.0503252519446028,-0.03882934201659938,-0.045226993483148736,-0.03795752114714468,-0.02044950484807362,-0.01146473559550909,-0.028368964713523903,-0.01790102586639375,-0.014591720141356346,-0.04133856121307922,-0.033597670420961845,-0.028216255685752367,-0.029400347902706736,-0.037754056271058656,-0.032401360434825555,-0.032907032375757095,-0.050739342268358856,-0.032021332258834745,-0.017491350458428756,-0.050053731650623434,-0.01913265180264312,-0.030524930675203454,-0.03659218623393612,-0.026077653581115023,-0.06088356739348644,-0.02984207440477471,-0.06378705434668708,-0.01282977070915381,-0.03240546939208222,-0.051827107121115934,-0.045966088905881275,-0.01997721303938238,-0.03549219914695745,-0.0601213923035927,0.005192988364206119,-0.017333098990759188,-0.019346723400099686,-0.01954241272147761,-0.034070366638558114,-0.026628434762993702,-0.014397793094328981,-0.01994193021000923,-0.028650334079621476,-0.06524725962444144,-0.030723715343700442,-0.03446691539872593,-0.045303875333303045,-0.02137828788738927,-0.03554368116648332,-0.019408624745060554,-0.019318714260556202,-0.05391383965228791,-0.04257556325133316,-0.010908546134237196,-0.035727745674608236,-0.06750328517479287,-0.007030926925444492,-0.03688954751606632,-0.05626678717863354,-0.013000566512817002,-0.0580664209957934,-0.038078129604960265,-0.0261542509990228,-0.006984093522706902,-0.060698435967480036,-0.021850838715382404,-0.021739146600885162,-0.0531180966529603,-0.036151301447012396
2022-06-13,-0.07336799897840895,-0.03987339629787223,-0.03174437056924673,-0.04038424434313559,-0.02655736736473746,-0.06977272033691406,-0.0324786857291649,-0.053659713898016825,-0.022928516027086898,-0.04422856166531508,-0.05264854243199668,-0.08771653062715301,-0.03466972159658177,-0.042339161602428455,-0.038572347150592545,-0.056036060800988774,-0.05231957632434159,-0.04525541776339581,-0.0259740800513093,-0.04339631475082695,-0.045122097118265314,-0.037523618914254375,-0.044203694574781904,-0.03345875809335175,-0.037122739437694174,-0.034654682800874914,-0.0650821205559442,-0.0791081834806373,-0.02044559201002738,-0.015259672120447987,-0.03475308674497901,-0.044538526183946825,-0.050318679835767766,-0.05204398525388665,-0.03852464293339397,-0.02130876507569779,-0.00998489845267947,-0.08100853299017063,-0.007930243843307871,-0.041419077197398124,-0.05150677710460572,-0.029778249184023053,-0.0336427125106864,-0.0276658111329382,-0.06611890714472968,-0.04022153711411347,-0.016652214058786474,-0.018194913711304772,-0.0557190645494392,-0.02742400206701734,-0.02912188041282804,-0.018592479327438016,-0.043662613639539716,-0.01768475548448467,-0.02243297174441783,-0.06888154249846279,-0.0476359724298282,-0.0436486519898972,-0.03430103287177122,-0.04643230638897289,-0.03707205833287419,-0.061215912729521094,-0.06849313974147575,-0.016335456370063173,-0.031253833966711,-0.022620902399093534,-0.03765016374326824,-0.026736814963124522,0.01501625661986239,-0.04069676960813351,-0.009391760892021317,-0.046552292691593,-0.04834608954616881,-0.014446812192466796,-0.06521748437235297,-0.02719557943681683,-0.04098682740536608,-0.038029816754364454,-0.04353903280637894,-0.03220303783600986
2022-06-14,-0.012339785552740179,-0.006591965842051017,0.008864916733595907,-0.01979069495003838,-0.008012252342030735,-0.008062590486053733,-0.003312400897100387,0.010365891206472355,0.009599718215106634,0.004288804285160763,-0.011551844669223876,0.0543759970530755,-0.017489199827244506,0.005909278618236868,-0.0009186060074809488,-0.02124284625895223,0.010062244704582834,0.002089763453653637,0.001169661276908096,-0.0024158538807727004,-0.015118044235431172,0.009426102826163518,-0.002720418507851874,-0.017410929848268086,-0.01556794503778225,-0.007744437495820988,0.019497386778659198,0.03217251187316639,-0.006801109085848633,0.00981443030366047,0.004065109857191329,-0.013269645585700207,-0.017145400787179077,-0.02416269314399322,-0.008809185719067414,0.00010325511541298127,-0.006181660588884363,0.0029190617785948003,0.004514915237158856,-0.014261582612030366,0.008127069264751707,-0.01663947935448018,0.003944538332049996,-0.038870237198524116,0.012149447694480342,-0.009996122392598505,-0.01128993052767302,-0.00033945903085608187,-0.0026384672265925557,-0.0011655095737117538,-0.01605818485503252,0.0006768579108853423,-0.017287184793534305,0.0008358943008677233,-0.015798869447144814,0.008838051068123187,0.010674034355228956,0.015564886254524346,-0.005754516847219393,0.003234752646852135,-0.006851504359880245,-0.02481931846280594,-0.0005883836827635935,-0.001796683836377877,-0.015293272771708666,0.012170802540929504,0.008977538251830453,0.0052684923848063114,-0.0085761642506611,-0.006808676488726406,-0.008347760131510285,0.0029994256907663885,-0.001909971272246902,0.0020185590914907348,-0.00957595083986118,-0.04001039656516803,-0.025521455415405736,-0.007192484521803988,0.004376962746462043,0.014288734391516122
2022-06-15,0.055440149963382535,0.02322497871354079,0.011059938851942563,0.006730121014165924,0.0026582993774439956,0.014285759922488372,0.008442726667628353,0.020782205608167015,0.006867558269498586,0.008990891009184487,0.01120295789600756,0.0946299706290803,0.018754068020712333,0.03524824056788489,-0.0033383872532377623,0.004905742547518965,0.0035005619422892043,0.01296991528734126,0.010046577228908893,-0.019373950417963526,0.006809598567754538,-0.007545015217900297,0.012843846983163987,0.006462425275023831,0.01761821276901876,0.008617867434559168,-0.030174435948282285,0.03920306171124599,0.00897263917253599,0.006649711008823944,0.0043377439705933885,0.018965480324697692,0.008091560831852807,0.0031343999879076545,0.012327868804466346,0.005575116557445137,0.009220717408536583,0.025029021281550268,0.009872967665231158,0.0025815926223904384,0.01942097930673814,0.011835932544414174,0.006320334143630868,0.021530313353764097,0.01593531855624919,0.01203886569249768,-0.011925991941711511,0.007673563109371173,-0.028860157654931662,0.0075849128254386056,0.007390202406455826,0.005408885225658189,-0.008118908109805534,0.005460616068271751,0.01892211764243057,0.028552810937347184,0.011175240543551013,0.013827979259150025,0.02614512783590972,0.010097635837740926,0.010512616519014584,-0.039333636296096874,0.009417474722455577,-0.008415450757106369,0.012317474695891173,-0.001774101190617161,-0.00196684748474929,0.007985932366887383,0.007352883660955989,0.010898168200002445,-0.0046297254083704775,0.019106242751942393,0.008419633668067528,0.0064751608726938414,0.016920066915750986,0.01977024236554592,0.032217852752019605,0.024873051114327804,0.002614808998831153,0.02508682856137745
2022-06-16,-0.0537609215280237,-0.04020755272712351,-0.029969366508108997,-0.07376672854191069,-0.055878434207310756,-0.06070908162877753,-0.03607045076834203,-0.08031961007968758,-0.040398724508181494,-0.06683025217638017,-0.05963602495117859,-0.002692197181163536,-0.006240268325441334,-0.014501985857109156,-0.054417308650936635,-0.0968934239643282,-0.04856444893989331,-0.05026120892138064,-0.030534327964339192,-0.06320310428209375,-0.016768041338478423,-0.05156047775118944,-0.049377177179194987,-0.04101072659412419,-0.01668735264852106,-0.0341771307015305,-0.07581055118121693,-0.0800865844269526,-0.052188126728094364,-0.029979865184080468,-0.04261453355042,-0.044670188824452395,-0.021682324771877814,-0.052804507841087145,-0.03851599249232329,-0.034086200409151,-0.027518009283724942,-0.0539467187416115,-0.010141377809635976,-0.038839184059353715,-0.05391808512200302,-0.017156223938043724,-0.03411977835772251,-0.04898881564025159,-0.04868622272195389,-0.021488791440991584,-0.03980448138793036,-0.027292886480220213,-0.09905903528409787,-0.007617012204201745,-0.05196385606331866,-0.039004748119374044,-0.06275587609133138,-0.032138645989620795,-0.045062481779092,-0.07223972328342099,-0.04882196926585536,-0.016935899779002228,-0.037197395653666865,-0.06577615965702921,-0.02990893170726583,-0.07321784328133052,-0.1276968812006931,-0.058968096918904145,-0.01652464875061066,-0.007701409841015083,-0.045608186552972496,-0.028967662443000974,-0.01588682192382218,-0.061554379299898376,-0.025129766625444194,-0.05559173635980208,-0.03529431820605722,-0.007863214304192345,-0.05398980282674193,-0.013622946147853865,-0.0706806575445168,-0.06456166936000451,-0.05042018557065164,-0.02692042596132782
2022-06-17,0.016679667614393878,0.0033781933367924566,0.013284995198952654,0.0002488382642424902,-0.02397656731107245,0.04498443252433737,-0.010071341619797947,0.005884596461602776,0.0049206384836166794,-0.0016708274293451009,0.04858168214440539,0.02579485922062319,0.0021978846926546947,-0.007890846841266841,-0.011037678411329077,0.007534778747590121,0.02820053634049491,0.012688490520404105,0.009305615583056648,-0.08474916655590714,-0.004413886897417507,-0.002940697698890382,-0.005548360278919362,-0.0006481166362179991,0.0006362878031944685,-0.021114735114412975,-0.08297776486485342,0.014789933917903175,-0.029012281020141972,0.012571895443773018,0.022556405653195277,-0.01558596516304478,0.009163401084625766,-0.005772547815563245,0.005596449709214246,-0.022215187765927347,-0.0010005942764136355,-0.027610797759804684,-0.004790983880287647,-0.005134482988704114,0.004939409274026474,-0.003526417879588406,0.01124761934443863,0.033542901827235516,0.023340556758776332,0.020784322130366517,0.0014708563928209628,0.0006928877068466122,-0.07531610419286161,-0.005924903023313499,0.017249696811639348,0.02099400097581028,-0.06113536778553896,0.017230299603550936,0.014009167753534113,0.046582697905444004,-0.018897032303724415,0.011677757843547631,-0.034947734404057185,-0.008452557701298158,-0.007149298708953644,-0.04781677655391847,0.04278082385834625,0.020383769032870758,0.012340745602038794,0.03203981314132465,0.015241019313020798,0.004206979351753848,0.009817033503006556,-0.0007411388713479683,0.00309813051235186,0.015018082567030522,0.003934063586577885,-0.00835775928709459,0.02081827594696839,0.02204483243438804,0.013001177367462091,0.017884240856674172,0.006713585948384004,0.011027391931134334
2022-06-21,0.05485786437522133,0.02626262569123461,0.02439198060040204,0.008211043601165535,0.015049113880114096,0.0022266243608353165,0.010733705607554489,0.014950325692745237,0.007073000944970431,0.017933837032003908,0.004022847548433406,-0.00036551937604045737,0.0291353481820793,0.030954413183972074,0.01936254694705597,0.020972238205643423,0.003291306743785638,0.0242233829450742,0.024350040241211124,0.05909965777002579,0.031869831494506284,0.04798710835619602,0.006172753020646127,0.015992996603932497,-0.011129859815153464,0.016454733027125412,0.04377787335837646,0.016230532045383494,0.01996197331107208,0.02379731293229015,0.010882308085868653,0.02302978835226699,0.011960771698692252,0.014100706838757082,0.024018734511224382,0.02358950861898168,0.004507623018167539,0.016666415118748557,0.020959711917248658,0.01699867643217501,0.022306154720435067,0.024772431957766017,0.016510408668755083,0.0040569069324492,0.021552527811806055,0.012677541118774283,0.02350092146183247,0.030877706341896793,0.01605218016721177,0.012326750581440171,0.006656065156102731,0.006853860734619799,0.04702830603187058,0.015575117577310449,0.005271878340250558,-0.016731622911448807,0.031754410180610426,0.028685709148914773,0.01203615385788126,0.004171649490210427,0.045454435276891525,0.05949760561886297,0.005128230461092231,0.009247383530933018,0.0002812080089538149,0.012919362920554622,-0.005811219809144896,0.016503970393542122,0.016418103770822423,-0.0025959099795100915,0.004633146251131093,0.014626030143495061,0.014890131681743357,0.014628264712671646,-0.00597743052104005,0.013253769516351932,-0.010481521588195708,0.013610329909822916,0.013640558423565707,0.01454248381113632
2022-06-22,0.036208862727235,-0.004592980243919631,0.003943687915895611,0.014560714361365301,-0.0030525068253105525,-0.003455921882228763,0.0020316946678737846,-0.010430003273729116,-0.0010805253661198,-0.004698002813133928,-0.0025558830642489205,0.0029981986260283477,-0.00761045229329238,-0.01584633396455115,-0.043489431694111014,-0.008439499535174977,-0.0620556004964703,-0.011825498805570378,0.0,-0.06265134815281181,0.002231906698970665,-0.005400332548586295,0.010736420410243364,0.007870881219403492,0.0022509753375437036,0.0016777254641784367,-0.0497026728387675,-0.004563213437283387,-0.02181512623644566,-0.004547773702619606,0.0026185749003839742,0.0031657060029413042,-0.0045378850010838745,0.005071324228411056,-0.0014301251164144935,0.001486955630529918,-0.015401044408175024,-0.0467516590148952,-0.005585668241036346,0.0005515696300852913,0.0018491742154733704,-0.005611902711762484,-0.0013677823998038408,-0.0017315303007553462,-0.018639552830406525,0.02010623226240371,0.010176287602071232,0.01067852357301824,-0.06612032417174796,-0.000267579693572384,-0.005824658261939786,0.01157241622379157,-0.040473628918039295,0.0007668525561619344,0.019348860975931803,-0.01206008248128232,0.01046922962120389,-0.014887205296241324,0.011737903918076942,0.008669758785098791,-0.00387424911120382,-0.033487933515905954,-0.009566282225715095,-0.004758483664079272,0.01609276231738055,0.014658299555627252,-0.006332185821388614,-0.022105764933141203,0.0038255891664549235,-0.014500947056145685,0.003197326967357972,-0.011230516513770161,0.008494402723184802,-0.002291324628726943,-0.006013600621849302,-0.010002706900052005,-0.005836637966965541,-0.013427576168283273,-0.005383072565141811,-0.008675725994890526
2022-06-23,-0.014305757234413075,0.011865372392172224,-0.02319891223824011,-0.028703485469631862,-0.011372523630267528,-0.011642244697575355,0.004146880670084174,-0.008136139543427068,-0.025959939809195753,-0.02100553218895873,-0.01897677831804434,-0.023257526656712213,-0.01595080099452917,-0.018008689886345075,-0.04876720226907272,-0.02746105401839649,0.0026230176393802207,-0.04116147439506046,-0.00738536765493869,-0.055555508307566615,0.02034971233793592,-0.018583604434266987,-0.009571776428130452,0.0033770347823840474,0.0085562270885442,-0.007034042379743921,-0.048827174379844185,-0.008185985347266111,-0.008665682858638113,-0.014720635179107378,-0.027568308686710452,-0.014124411069974863,0.029895314857797617,-0.03580726505088094,0.006015347252483094,-0.02078474451973411,-0.017779767212472652,-0.01910821884863012,0.009921173388533155,-0.0070573101424717954,-0.008121068611704363,-0.010939358168713498,-0.006677096784797998,0.024284241769049864,-0.04091016660923541,0.009297237209273446,-0.013948216597908014,0.027177724263817815,-0.017857112360923688,-0.0109306989614818,-0.009026204489155032,-0.020861277388114385,-0.027777802570525867,-0.005172032228891843,0.014369459720442901,0.02959869952524663,-0.06278861666916158,-0.009698723720530933,0.007768698186982226,-0.004476557334975428,-0.008643046683803335,-0.06769739444456857,0.00901466954169039,-0.003967391443979396,0.026355370768744057,0.003189530695609788,0.04352940267730787,0.03231150149110884,-0.007833796929611836,-0.022637206793899578,-0.02071714139641312,-0.012883523318335866,0.008422601443550226,0.0036363421962219977,0.016370105630934217,-0.01813476042604234,0.006523205715950331,0.09081908139428663,0.0009021982043531107,-0.03272453431636668
2022-06-24,0.051391941442606504,0.02866458905591407,0.043554456798105434,0.036563963769452146,0.05087949293108629,0.05062648034627881,0.0416668311182129,0.03523488835112065,0.03220418940518277,0.02892974612750354,0.03176841779761763,0.05643052541396454,0.007169554337426831,0.03257835532403175,0.03817084401186177,0.07562741873246237,0.06540704321106561,0.04911511594476181,0.04836092426499028,0.034361337237195366,0.0345127334640698,0.022363884366697118,0.04419558258590639,0.011358834825376807,0.03690340794755498,0.03912973055934299,-0.01772005605904392,0.061406423048276704,0.05450549497005608,0.017001436371872014,0.05102958616869624,0.04691976060398817,0.024498050127845783,0.04439545935192735,0.03302970986781473,0.015161396491719659,0.031219756980537028,0.04480535799286667,0.02614870167649186,0.04342058402898319,0.03572742279880137,0.0298457335585387,0.030162177999593753,0.03161156149839006,0.06594105085291857,0.025055254363224755,0.031172368327784916,0.02749384058542015,0.019138634844523494,0.03942446140076217,0.03227855812154812,0.0274914774309043,0.023809439739920668,0.04518628323363938,0.0581497785878724,0.028910018013467376,0.037559951889414744,0.05341051913336292,0.019677384527967634,0.05414134177789642,0.02659108456255832,0.0022874050026546744,0.037651693952072796,0.03089567961931361,0.023731285242076572,0.0179539753610658,0.04434428256252043,0.058641622397707316,0.050362685912278105,0.05925505908205686,0.04350009019085488,0.04104412609854258,0.022399279397589344,0.0287486033750175,0.04621856838825811,0.0754619781751813,0.028732037299808333,0.05240458745018528,0.031240553320559306,0.04897705495147786
2022-06-27,-0.01312523967671686,-0.004433084820375299,-0.00014564820787810184,0.000241655868034929,0.01957704377134073,-0.025047692817849243,-0.006960462859723293,0.02449127751212221,0.010220489732595484,0.02225875856070103,-0.012726381695720823,-0.019854430741398366,0.0012378673748270064,-0.000626816462444002,0.011321372360314275,0.009364604620147654,-0.015825419050373823,0.0018458749120757734,-0.0011089603493870115,0.022392203964935797,0.001925186038171045,0.006402695990918694,-0.008126252679509283,0.016222810900943907,-0.011965643637917966,-0.0012175279395743033,0.0747628776136331,0.005287656636920435,0.005607885778051713,-0.0010131512410654908,-0.009937610669149333,0.0020527274342947432,0.007435005605955114,-0.008404638091758954,-0.005512719115544407,0.0262426031984615,-0.009610170102104076,-0.004350631537335281,0.00520926341559913,-0.0032991667111184064,0.0046712462380631425,-0.00801242243176048,0.0003347034974963137,-0.0098492992541932,-0.004491556788226547,-0.004672730926572832,-0.004953717283337267,0.0006294713453007805,0.04006244909597445,-0.011717265882016492,0.0023221605860361816,0.004682194332718659,0.026873603490967346,-0.008536167584175636,0.002396340408243214,-0.021310165833322126,-0.004364480348036381,0.0009730892657835444,0.0011937387765728058,-0.000597158144561516,0.00647560047608664,0.023673347436590664,0.0012300022954065959,0.010898194882737577,-0.0034830342569516226,-0.001286049870140471,-0.01736234798807057,0.00619389130388992,-0.013205958900076586,0.0029153240539825376,0.0046185357010049,0.0028045592327874402,-0.0014851272403346716,-0.008944275324248796,-0.01639895759534693,-0.012757717679086178,0.02204953403527199,0.004742359644179794,-0.012816705859332034,-0.013500779320172018
2022-06-28,-0.014216843401625656,-0.013994998643588219,0.0006545600913887561,0.01111108858740284,-0.02467206525314436,-0.0022021080239783553,-0.022979286300587543,-0.021357007657289095,-0.01011708813716583,-0.01741942955048492,-0.01455416351422456,-0.00014420611508725312,-0.0027819529876313975,-0.012962697240615717,-0.0007997162994226592,-0.013536042608046417,-0.01892582412740862,0.0034803896071782248,0.0004441680427380579,0.03241896016855361,-0.0221630871910381,-0.006740480677436822,-0.000341654526411439,-0.009414595537216686,-0.007142127933642439,-0.01048181567731421,0.02889777829300466,-0.031250007376812494,-0.011759095271744346,-0.002535559081746408,-0.0008602569565194784,-0.006486789370063417,-0.019846517992463064,-0.014017891118722536,-0.0149667435180727,-0.01756751327428019,-0.013124515529357783,0.006866435307157026,-0.006582707825283696,-0.02301130982332311,0.010372003685070297,-0.004811957883997797,-0.0043487203425627285,-0.01823712699183111,-0.0020510245253906323,-0.006139521862882913,-0.008296863456943249,-0.02655217140852484,0.01113461567737506,-0.005884237230706191,-0.016833954715751,-0.0033289298625499564,0.01962724766941637,-0.010529679787438573,-0.01673544181622344,-0.01919343710238397,-0.023078932627282556,-0.008100261769877659,-0.018181941663942602,-0.012207538035193144,-0.01086387781165743,0.03009232040534715,-0.011056549169682572,-0.014504852084402109,-0.022821599030220185,-0.011589423492303408,-0.01611289775003444,-0.012195294166674975,-0.004118022547206945,-0.004542141823598245,-0.00011953750528359564,-0.012173212557446744,-0.01673512357340523,-0.0022914250728217622,0.0027220013957163225,-0.0014909946740793156,-0.011711448949863312,-0.02274168882738936,-0.014753702501439259,0.0015204677288882529
2022-06-29,-0.013259020229206109,-0.0012904867990435331,-0.012209475614463838,-0.008122315996904494,-0.0029638244418600523,-0.007356528838663223,0.003814090834665107,-0.008531629647601457,-0.0026893606678749515,-0.017727853273099226,-0.019129235347391194,-0.001802451373472569,-0.012399357754911411,-0.002330063810250249,-0.021126756263665114,-0.01773064801013724,-0.028085060229129044,-0.01178210323178086,-0.009986716291776387,-0.0394873074089952,0.002584042139528675,-0.008082295978595111,-0.016732834200879787,-0.0059918194589252405,-0.0028148284920725963,-0.0042698636245318555,-0.061217715916125015,-0.024912130073503236,-0.012389459963037752,-0.011692703251541037,-0.009554029046915269,-0.004811187956620944,-0.01373604563876285,0.00743915652132543,-0.0011254287788113881,-0.0024335814611819995,-0.015629544920248484,-0.02302434572299572,-0.00810666283453021,-0.0053916656007514385,-0.01238947856305661,-0.004489575638776722,-0.00823102475758497,-0.024486402485140446,-0.028154434543852247,-0.022529023156008687,-0.001930889366752564,0.002068033689423432,-0.06071413204991616,0.003268860676080898,-0.005341102639543238,-0.008015916595006223,-0.02615971223941027,-0.014898070240599415,-0.017271567912328534,-0.041111642375381785,-0.003299580579872674,-0.017530633406432017,-0.0023780642961784837,-0.01074899586855571,-0.005118205932178044,-0.021368807920195243,-0.004347823274677198,-0.011138214118333711,0.006161870896974175,-0.050251270909038914,-0.012840777473009268,0.002939679829327524,-0.020053553475679275,-0.025917108373451958,-0.009971813364971216,-0.002331417651152856,-0.00680776424746643,-0.0009842947546033765,-0.017305761078493576,-0.011697316562550797,0.0004156995718944678,-0.018002375868745313,-0.010482250179006503,-0.013664684673814431
2022-06-30,0.02357375650494986,-0.009043813952571367,0.02126274745008172,0.00770712165934917,0.020912752508051025,-0.010622537303319968,-0.005880126038371403,0.015307923810268909,-0.015102695661234566,0.018285372959360835,-0.0023751192966535717,-0.012495455151117163,-0.022912539534736487,-0.02356681062768251,-0.025724878297753717,0.0012556484106753807,-0.03385871443836885,-0.0011355243984261243,0.00650090041850282,-0.018040736463603824,0.002899777366680789,0.015143251966151627,0.01366048540932674,0.0006236492532118998,-0.013068362404845213,0.0004947512273369981,-0.012719240413657462,-0.0072060666804818485,-0.012048288736573265,-0.002057913601314687,-0.017831152617669432,-0.011395013262599507,-0.012277103913967746,-0.011978994618869754,-0.003943654517426398,-0.0012728371477883638,0.003521733938622429,-0.0012736840285386686,0.0034111541711643323,0.008075986974357408,-0.010035970702130692,-0.02333044188619593,0.0037262141541170024,-0.002308126572733049,-0.010996007158683763,0.0033455656820320367,0.02385855053460495,0.0014191794236897426,-0.0434094404768699,0.0007043653192224664,0.0045800366405672754,-0.004040417434373111,-0.0131780412880933,0.0025418053683572417,-0.024486092182104513,-0.02418119236787275,-0.008342422663065951,-0.005339776568659693,0.010853752476761125,-0.005257744249168916,0.030117746986520144,-0.011608681465263171,-0.005614589865010733,-0.009252413302173856,0.006900391130068906,0.03546935952554531,-0.011593768748784816,-0.0011792035541573487,0.0006329554155792838,-0.0059958439397312935,0.020084323624370404,0.019362365440054985,-0.0034270873886217412,0.000609970311601149,-0.01277614637849911,-0.01359868505626971,-0.007481223215027422,-0.014084594220705071,0.0024212880313532192,-0.020588963337002664
2022-07-01,-0.005066798616440105,0.011734062358363273,0.027303445881579513,0.0038240881173183805,-0.00415925754911306,0.02796501755856129,0.014286809030754188,-0.0029440111735341556,0.013143464253889903,-0.014225713211895918,0.012840911580644265,0.022820326867544205,0.01381283502909647,0.019134521380014702,-0.002629327394657488,0.013795328415288077,0.02145002828035647,0.0029971601999645436,0.004676929441208344,0.013027423367454771,0.008513405088161896,0.010979932557454886,0.0076519028266928135,0.008932142716598701,0.018432198482527307,0.008984590118551683,0.0,-0.012207157321151185,0.010309268760183787,0.019588042931372174,0.007142948171877439,0.0038421187482930996,0.01900996557666801,0.005314813562686593,0.006504517700004486,0.007115558410731637,0.007479694866607822,0.0019130735198000792,-0.0004958490889106493,0.0035115504761471517,0.011223869992118995,0.012787350666866093,0.01501870729184085,0.01764021297959628,0.01753252842526143,0.02519450381755095,0.010706718623002098,0.007729409268805165,0.006624789045794444,0.005543583925876616,0.011004474769686912,0.018255494140724027,0.008217695688947035,0.02237414248217906,0.03078530658337164,-0.0017573903425152082,0.006810265500245327,-0.003578901791461586,-0.003010590881130204,-0.006078127464877792,0.009468292561386038,-0.003075900470824844,0.03764131163301987,0.006141223705434573,0.0186022916695483,0.011355005154967124,0.023173582411530003,0.01900619388615077,0.016234080168676224,0.008482407624512023,0.01212070838333168,0.0006549489434535261,0.011081253620032872,0.009283572671781481,0.030779919748584295,0.019147299601869783,0.006490828075412791,-0.001813920867309804,0.025966287627177786,0.009430585151898319
2022-07-05,-0.010879583771766566,0.00257719659574418,-0.028962095110948383,-0.03166671026320689,-0.027044011300345394,0.008987193661357251,-0.00053819931361343,-0.02245885905738343,-0.0032432086827521855,-0.010882520763960235,-0.005341939943934726,-0.015303199697442982,-0.010139274809145005,-0.005547154964938628,-0.02540781823320304,-0.023194823813793897,-0.030759997003471096,-0.0001548301160024801,-0.02549329594995242,-0.06968578722000263,-0.0035836057329645676,-0.029510915384232894,0.004193543945619549,-0.0030881318037573324,0.010817426992906887,-0.005228550933448761,-0.05842892633300545,-0.0016700448736566287,-0.015306057201692869,0.0,-0.004137097162284831,-0.018093239806809658,-0.007174871467436672,-0.013546968185492503,0.0019668050363981227,-0.026679321215753116,-0.017246446064030807,0.007001947446629853,-0.024801521565435136,-0.001257585983907794,0.012173474813228946,-0.0038036326264555553,-0.027763984135673714,0.016766025940212925,-0.013027737983572485,-0.04119985004897597,-0.019067938469490286,-0.0015980332792454588,-0.08423827118107763,-0.01912045278398289,-0.00513138582504602,0.002656098929843198,-0.028527606548558126,-0.001301835357950032,0.007636364683377694,0.011971847131457602,0.024403001902165933,0.01795932461733063,0.004579730766052226,0.008951449949535117,-0.042259309452369886,-0.06507727572283906,-0.020556249253903536,0.0023204333174169367,0.0028835630666108614,-0.006175112740225419,0.028707231487605567,-0.012975165349207174,0.009128851698803064,-0.009719448927304697,-0.02325011349117423,-0.025200377509994376,0.00037791855106750205,-0.023645856274056132,0.02477101680461513,0.004509050095691913,-0.028341046040161078,0.006587955032448578,0.0064743280734773645,-0.00583891120016633
2022-07-06,-0.007875932537486419,0.0025709316376743008,0.005632963759258258,0.010081231388459733,-0.0022535014190214753,-0.011314424899962927,0.008438037602993331,-0.0031120946260011495,-0.00596517892317483,0.012676377769891278,-0.010741144585084572,-0.01009440392486649,-0.00832266725653752,-0.009869129250107966,-0.008344915784010531,0.0037992775227881914,0.0064081558302460095,0.0022672733559285785,0.005914638137997974,-0.015358998298496407,0.012681099075691815,0.01111371948058748,0.0046276525094659515,0.0012391458986265036,-0.011319123324613267,0.0025459029846015557,-0.017151616486313692,-0.01906991323063134,0.007835157072498822,0.0020219805096648447,-0.012463049020891681,-0.015946136873802863,0.002477717459565598,-0.001507253548328813,0.009814793126287302,-0.010292613011750107,0.006508461774359597,-0.022123805882079073,0.003342545091851168,-0.0023541630161556526,-0.019455428037182143,-0.006481910592076812,0.0008549523549541416,-0.012297013090710962,-0.004045324268153516,0.011308012567051051,-0.005717004105429302,0.00909094973567992,-0.01976282572013832,0.006958802006464149,-0.008596443870505621,-0.005298054641933558,-0.019926690785788237,-0.0065798611668329565,0.005388975247916594,-0.025748077361585908,0.008285917218340488,-0.012460212064241749,0.004759176163222856,-0.01247366607189515,0.01076204088373478,-0.018001783513045266,-0.010493838588609417,-0.00020107758264575892,0.01365013168723972,0.006966652751509317,0.00489276753334611,-0.004459966421014094,-0.020353510855256607,-0.003775093376054639,0.016148404419662254,0.011583045338037445,0.007933625823244306,-0.0021410811144428887,-0.023178767394316457,-0.014962420021923273,-0.003666094242418483,-0.007221890134556541,-0.007894569738242763,-0.013116785731231095
2022-07-07,0.026777373668749327,0.014743355653692891,-0.006032262205952876,0.024099265327226282,0.01323007667692555,-0.002434830164697921,0.009524698435474654,0.016251919782849233,0.013093208745069473,0.012753979090971646,0.02084704694797268,0.02685058856769551,0.028405274911710965,0.016901470314133915,0.046254090699359596,0.03627220141294352,0.04487592994441525,0.034752218829438464,0.009271846530811034,0.036117117955697164,0.002025749646980657,0.00251866399435996,0.01831240899632336,0.02537121912311835,0.014050866514939475,0.01253272504324876,0.05235296185159566,0.018758565829940066,0.014043886565634711,-0.0040363588183573995,0.019230703846480734,0.033489508484960906,0.003192636814908445,0.01912094518045815,0.010275052738521806,0.009085989778762515,0.003348393176037412,0.04137037400284749,0.019915718637928626,0.018712724401812597,0.018037478647117355,0.025292810808001054,0.0017085760895587665,0.014997010206998285,0.027362294988004354,-0.001118063586203033,0.020316771124557098,-0.007169094368741691,0.05388546551002982,0.013333717461829764,0.006463952175264298,0.007989303420606886,0.036918189050264116,0.014246773923832556,-0.002512531288795805,0.04785692374051442,0.024653360943175384,0.013064176420931162,0.01176619991690675,0.0235723928092324,0.00021279730527323792,0.05041260921057633,0.024329283076154784,0.013490247767572905,0.008050979246087886,0.017950618786271466,0.009016260173633217,0.014501397236304614,0.007555128057157967,0.034482742686103185,-0.0015893224072761614,0.02273477998556972,0.014992504369859105,0.013875667873556097,0.01796605098793491,0.01569589721672604,0.01125562132351754,-0.0002273257885747615,0.016209509848740034,0.02122602747063662
2022-07-08,-0.004615809198974086,-0.0018949792689657574,-0.0033236347264883337,0.00427859059856206,-0.00881125532514182,-0.0019526929136204352,-0.009346585003724761,0.011113149200778105,-0.0016153421775020327,0.015158736491601044,0.005176170348006437,-0.006429905612883924,-0.002196931128444657,-0.002343872396678659,-0.006545599644507294,0.003195526977886276,-0.013639163768236817,-0.0037261649883515435,-0.006946234765640269,0.00127389667875355,0.0004725869714212738,-0.001750911810778355,-0.006730020012905791,-0.014282763500584883,-0.01611425483573925,-0.014804650107763995,0.015092290923953477,0.0,-0.0024730431585984203,0.005065980353831767,-0.0017687107667659907,0.008013802714905927,-0.005030594742775452,-0.010039319377774136,0.0002747905879592061,-0.004230873459544537,-0.0025892945569143677,-0.009931732748011957,-0.002556155474397692,-0.018153363591784433,-0.0014172605535209826,-0.003138152607688016,-0.011939303373808885,0.00278795693192202,-0.0052511114826071514,-0.0022389422379122115,-0.00713846705925214,-0.00575120019046127,0.006956605233073843,-0.011147532518169467,0.00971168905302866,-0.002641922767866456,0.0010318703519605066,-0.005729537616725011,-0.010327291266112648,-0.00681658911962979,-0.016040093722404447,-0.0005512564542055065,-0.01379778724357128,-0.018075993659977363,0.012561366877119395,-0.0017452352022376827,-0.009135286528287323,-0.016489502529391076,0.0018473704718695583,0.00018372770908858804,-0.014565304818682012,0.0011620143520758575,-0.006456889629984697,-0.03516478673147383,-0.0037138714659133987,-0.009248761358780722,-0.005169805986211529,-0.013779743380188059,-0.023976121771152714,0.0014956638628991215,0.006635201932011281,-0.011368723980679674,0.015371400493585874,-0.008547113515519844
2022-07-11,0.0018548471418686763,-0.008227964641417396,-0.000144923541405384,-0.022011841542622035,-0.0009636523943574726,-0.013450702990222663,-0.0037383856612908106,-0.007416690232275536,-0.010787468761107588,-0.003216432320022111,-0.008323817343971696,-0.014956509106996085,-0.010380841007534003,-0.013455907737956352,-0.022780665813948442,-0.010012041658393533,-0.014709993452687864,-0.01865057606481435,-0.001804954349372001,-0.010525090863875985,-0.0007873833725147161,-0.0008388357764930188,-0.0003329839996295547,-0.0038776250261831624,-0.02315868518716291,-0.0036951840989404294,-0.02129221439927098,-0.020421847780812352,-0.005082480495076647,-0.007560668333508436,-0.009450777302565827,-0.018320020987257934,0.0047462517719123465,-0.012468854755657954,-0.016762882426427428,-0.003704202753375241,-0.0028845974951080544,-0.013166207488038206,0.0037731192620045206,0.00367578395906909,-0.0039035921570764742,-0.01311642031318605,0.00034533449627516255,-0.006672382943134547,-0.008445849515452797,0.0011219310352881262,-0.009838406055562188,-0.0013496674056261426,-0.003454159626161357,-0.0027850384787405646,-0.004809307954042441,-0.00927143616083348,-0.013917507119604267,-0.00718803011363045,-0.03139084051350338,-0.03225794970018547,-0.01120736642783593,-0.008160321676061177,0.003547599748643604,-0.0004425038957983629,-0.004310446958208813,-0.027680846516410118,-0.017209452160545702,-0.0006564901761572095,-0.002468121622441699,-0.008080852805161576,-0.013692321524039541,0.0022054413512551108,-0.006289453079962537,0.0017083968709330488,-0.002840067413185765,-0.011955449656721129,-0.00890876792462425,0.0008106603463375883,-0.020470805834873373,-0.009706250583616294,-0.008717979728441128,-0.0009201203903772548,-0.00942574786208461,-0.012343233221894456
2022-07-12,-0.010645577228289071,-0.01276308050461561,0.0001449445472825328,0.0031462020589394513,-0.0071828772361031135,0.03619234206619093,-0.014920028588088385,0.009272585184716187,0.0,0.00460950877082511,-0.009958965672979825,0.07416590989061111,-0.003178415624725761,-0.001298958137967099,-0.003028150298709509,0.0012258885874980585,0.008360654609704365,0.022257306042338998,-0.004746819792488366,-0.024547266339675744,-0.00869300156738384,-0.0007636360721926527,-0.0015555730834999615,-0.004712161034902795,-0.0004273134700397696,-0.004615475727069329,-0.026068948456282826,-0.0205058228563334,-0.015076004879194027,-0.00304705982154041,-0.0002980698291747963,-0.0017605151252253481,0.014582241732004508,0.0006732587067790341,-0.010340817092574728,-0.0015306639057830473,0.004454916420247423,0.012706387786845408,-0.01290764529616284,-0.0004372540844646,0.0032061548248578653,0.0009745119488007159,-0.0037965680614128194,0.03554424250285071,0.01788755992653268,0.0,-0.0045859979173293874,-0.014416431627701676,-0.03778167236872876,-0.014230699358870114,0.0009353801030149711,0.016042618550566656,-0.013068373208425577,-0.010269565380918833,0.016291510467376202,0.012056754108936696,-0.007470264188530806,-0.003113398369243958,-0.011800465895511758,-0.008322770100275934,-0.0022172217667958405,-0.019178807844399626,-0.021263248785162392,0.008439070940708726,-0.0158130398291898,-0.025180463579316248,-0.01369879291264997,0.000579055747480739,-0.00400855458320859,0.024256223665728882,-0.01922648953619721,0.009282261998347696,-0.007490678608258583,-0.016057575720549444,0.026471636300340995,-0.004775301898674589,-0.010296151976379897,0.03706276982011758,-0.002018555663063637,-0.004165859928686566
2022-07-13,-0.004912422242058678,-0.005817772950650002,-0.006016682591145739,-0.00675518911556916,-0.020623896920047735,-0.012918682425442918,-0.0061672284992658755,0.008563010251058767,-0.018538894106141846,0.009864556534679325,0.0015807965151728443,-0.02174649732227163,-0.016581773997504712,-0.013656894762985039,-0.003553145107777711,-0.005815809651096293,0.02665072796381973,-0.007854159957009665,-0.00249814357976752,-0.00407422848408856,0.00029168317335237504,-0.02238347360540527,-0.01936363617725012,-0.00535200303918737,-0.007051183486034174,-0.008694136328939228,0.012709517537627946,-0.0038381232008797284,-0.005186533836597729,-0.012735694250471274,-0.014613548011127242,-0.017636778095735495,-0.01842119061680736,-0.010126500459557874,0.003953533740680637,0.005475813804151519,-0.015782463523345558,-0.0043913927682941445,-0.014370101506414268,-0.024937213000591485,-0.0046163471432175696,-0.009382814413209428,-0.007794803910217807,-0.008918852544669287,-0.02092065820356548,-0.004108859197070935,0.0037111732359662586,-0.010121448258579191,-0.002161416843812991,-0.0040025890064221414,-0.0006230265167086468,-0.018421092281265206,0.0042374966208611475,-0.017697053481744995,-0.0027577067270667666,0.0015768048307969185,-0.017648569571695694,-0.004461422871819054,-0.002620118419085604,-0.006071698759218536,-0.028465652882353032,-0.013443315739707251,0.005111646673144232,-0.011976381344181108,-0.011645680100999867,-0.01899335177622874,0.006898111603268253,-0.0013891643808310317,-0.023299872683336664,-0.006290581973782072,-0.01185872701255819,-0.015273379589697433,0.0,0.001016993270523514,-0.02307420384850878,-0.013383734535560743,0.0002167722348713763,0.005327373172266281,0.006067789542132163,-0.012549860748060526
2022-07-14,-0.008932477200218503,-0.003250979376539842,-0.030462600190283795,0.007043986602508268,-0.010804925828114764,-0.011391115490195558,0.0013688674698106862,-0.003802956631611898,-0.020555633022016795,-0.022489857678057112,-0.02094678140122308,0.022229920222872623,-0.023021978950305777,-0.029890504665944673,-0.022603178447966887,-0.024938285967276097,-0.03172753039525977,-0.023848921439789783,-0.04804190644309214,-0.01804842760428038,0.025319697992321366,0.001172153517483121,-0.002723310016654601,-0.014693796822762728,-0.011835594284008377,-0.014951745111320913,-0.022247812789744414,-0.021015708937121125,-0.012334788221874171,-0.018575827006896084,-0.02512143173613912,-0.01759425897795963,-0.02041657478143355,-0.001193467885857613,-0.00787607334657936,-0.005010476232764294,-0.007959200902096786,-0.010081930025847674,0.013704718910697355,-0.013067886519419702,-0.019978610528461727,-0.034938911902116065,-0.029155026296181163,-0.01145333568740381,-0.025427188482659235,0.0011250882227309411,-0.005610123038730319,-0.016887467062073558,-0.0252705478276668,0.0010385657425073802,-0.0149601999039215,-0.0113940935597725,-0.02215196333716707,-0.021709386722472468,-0.007518880893982338,-0.03585799866998984,0.003170620574464378,-0.021958289897728855,0.008739789136081422,0.0,-0.018843268697240956,-0.029730577197683128,-0.016528794853468254,-0.005731074002106595,0.009210283576342126,-0.027686355526229556,-0.017682160219745224,0.005448070666465243,-0.019735611492703975,-0.010984794330934577,-0.046779483911664865,-0.015010016640754409,-0.006792432663531467,-0.005756865262205868,-0.0034734853079751993,-0.00844625911439345,-0.01105071266677582,-0.016118301404085433,-0.013210861127846751,-0.020778641257745867
2022-07-15,0.009487611152457998,0.01761261972135575,0.004078258075305596,0.00506510103979485,0.00813631113937574,0.01274823353989496,0.017953155439029533,0.009144165348704103,0.03686884303790028,0.004880564778698249,0.04396226558734706,0.004009593076128359,0.07036179118665609,0.13230642272096138,0.020242543792896583,0.01705076192215982,0.025022310810860038,0.007853218245262639,0.00813185116433246,0.01568449495590496,0.0029707158084264496,0.005541717681212033,0.020254774040571633,0.023104576017353606,0.03658542288529709,0.02204704557145787,0.02508776558448189,0.028264722240230356,0.02484874415146532,0.035225962841433534,0.047500929892958954,0.023026449521702075,0.021789553111675408,0.006486674638097156,0.012475064311114892,0.031089307783951137,0.019408866485717935,0.015913610898317554,0.0061843321966468245,0.026424870810089374,0.03167096744154829,0.04583332332505363,0.015105184801065707,0.01682742172849383,0.03179129767043731,0.006744196615364739,0.01410458628685407,0.013084581668704631,0.04703677621409641,0.027920586650810097,0.028160168889617587,0.03525418991900375,0.01618119575891419,0.016295585825859993,0.017067106025617784,0.033563053085549965,0.009480979729701966,0.03298972880252471,0.03340333726905098,0.03045278314721034,0.01276636766222694,0.030960813427790335,0.0180994019126115,0.009334877322672241,0.012399715298178071,0.034647507396957655,0.00961266919114534,0.010145320488467613,0.04889378817342571,0.02899089055813686,0.003211881234800318,0.018455846033805123,0.01823708360012688,0.01756520951460927,0.008016729302766645,0.06169327733917718,0.007230412539885656,-0.00740564204593952,0.012223558003181978,0.04305744375429077
2022-07-18,-0.010338675110016737,-0.0038462839791956194,-0.019482292323186434,0.005039666628217532,-0.007296893780178837,0.005325524054523578,-0.023276664297387395,-0.006422061575597882,0.015864540007310746,-0.003469075013133205,-0.0010525667449267084,-0.00013540186623228756,0.00031004259160427594,0.0018007741703147673,0.0006344234106765434,-0.0010867193179006085,0.004358999294794108,0.006416473303396897,-0.00972700793544945,0.026299940341773187,-0.024080699059202737,0.0001553836634182737,-0.00736120720793032,-0.008211817746687888,0.005252004250688946,-0.004563152365601786,0.036235972569381714,0.009394588027624273,-0.003015185927686348,0.013204974575999895,0.00088910609295767,-0.004287405699103353,0.014010488604633053,-0.007462608481774935,-0.005320480967190178,-0.0029726184777653097,-0.010705999558979773,0.024435966860429703,-0.012793055062547798,-0.0018268871169553336,-0.010585626137423199,-0.010270046204835626,-0.0037201204619561334,0.0027132577868269614,0.008499890994733805,-0.01004862946394891,-0.0058161609285836136,-0.017419535347822146,0.04563154445340101,0.005133972430551248,0.0076934612656820445,0.0019647835931213553,0.016454292427807715,0.008147637611037872,-0.016181412093147496,0.0036862479667783,0.01943647231353096,-0.006653188587765202,-0.007996116937965203,0.001569293319456655,-0.01567453696546961,0.025696534011872885,0.006984237099873392,0.012331220891956374,-0.011704454347120197,-0.00019242343551528762,-0.002986962870168308,-0.014494639923045671,-0.006538801423507046,0.010428133314830612,-0.007619465640806955,-0.00033270601336510275,-0.005223984238130863,0.005212033308475084,0.002420495448929083,0.001458833537909765,0.0013050623131087846,-0.006556749374892923,-0.013226180302802093,0.004740046682435661
2022-07-19,0.0379869903010186,0.02638341646256004,0.029382239402270027,0.05635149355686897,0.04365747169412937,0.03033956593465148,0.034830499509930224,0.03718785954888881,0.032848617150818216,0.0324900309290439,0.03829126622699497,0.056932057897456145,0.03378781514944751,0.04114250494950933,0.041789986517626554,0.04755272790467191,0.03414373997225284,0.037597774099416004,0.027071974717077785,0.04008478874871968,0.020478762695175456,0.044470030800489724,0.042584307081003026,0.044090174486626665,0.04085690141617393,0.04109022155184494,0.047418479792243895,0.0613581755464232,0.03629041406340572,0.03809503214831467,0.026650933944246447,0.045209946557214,0.025500368602879186,0.036910336446770886,0.030686852036212242,0.04472369224008199,0.03673597987493182,0.047094911136208895,-0.0524866604491,0.03976949675870434,0.04315254931873436,0.0247786398340879,0.02649351698537261,0.025432847465488795,0.033712607328237665,0.015789600028596862,0.03573705477775735,0.03323235917169809,0.049391070659172476,0.031127350929275543,0.0293173951030532,0.03398687900535946,0.029765099602304446,0.03568879689750615,0.042294087890436316,0.08184675566247157,0.04286627500823492,0.04621549182380069,0.05715698012144754,0.04700138597175729,0.04476628760043355,0.03290058318182765,0.05107196227998645,0.03614395144875959,0.03410940545486696,0.046775751096991725,0.05364668334183831,0.011696867125974286,0.025690072610619064,0.05486151330821931,0.02167901101450931,0.05055738525512288,0.022505672110315622,0.03177613029731874,0.020351857705417364,0.0415148135752863,0.02650465900352561,0.06008199491197974,0.02447548586222026,0.03400832646308638
2022-07-20,0.0016011124493371387,0.0031346250857258173,-0.009911900220060499,0.017631074812470615,0.018568028369130296,0.014255681170836532,0.008148563173214995,0.011866137928042919,0.005735320661455434,0.013486242033931894,0.007781599056356336,0.014411067249301635,0.00030006835485307803,0.006138468476040826,0.002674242541424121,0.013944316726522299,0.0033574743611608504,0.0030721905052226717,-0.0027988857534643197,0.025203163914108373,0.013964631414680628,0.011517313199030488,0.010777092715249514,0.007137126785142556,0.03754637243150971,0.00632457644406248,0.008215210684639818,0.0003247262499481707,0.004742329403651935,0.007242841523516619,0.000576709609305448,0.01064203835451516,0.014067679666738497,0.008734382081517778,0.007375035457906964,0.004484628124945544,0.005811678322625857,0.01285033138267111,-0.0129890941768811,0.004587499200361833,0.039658208962399355,-0.00017472735374257642,-0.0005194617460794193,0.011345450201219132,0.027313223815271792,-0.014063688709297306,-0.0055255524732658046,0.0011090383820309135,0.022243600814813913,0.007112806979107766,0.039311704954096305,0.0025283634197712512,0.012677446964726391,-0.0002495071324529752,0.0027553498021304357,0.024894897078591827,0.025644007568013327,0.018886172178785854,-0.002495533858552945,0.012968654837338889,0.010765135374955603,-0.002337840602763097,-0.0005998439356259544,0.0013010417338461533,0.004088145674137067,0.02077964750317962,0.015016935014820598,0.009958839095069782,-0.006002708163297288,0.0077238541432127494,-0.0009474515653282722,0.01313908339154879,0.010271745584693237,-0.011295558332261146,0.007775522496514364,-0.004195638181639372,0.006560776166525839,-0.0015027999360612831,0.0008533206588721143,0.012737663643711317
2022-07-21,-0.015072084497991134,0.013750091659694208,0.009183158876051367,-0.03309643854545641,-0.008695617027601688,-0.004838776308445536,0.015902362392531177,0.016367185196876077,0.0005181580218605042,0.010201817654686529,0.008393191939513267,0.01913119513753525,0.008693136768898935,0.0026691587477292167,0.00566738330288441,0.023116532604602114,0.006971537071878364,0.002187920607932936,0.001169661276908096,-0.019622959360755532,0.020148397795509698,0.004187414799055933,0.01876526697911518,0.013976541330808834,0.008030980557587553,0.013842517125582932,-0.02565862881400116,0.01525978027095487,0.0129492557563331,0.005752629202157689,-0.012683432429877572,0.013587000954993433,-0.0006839032146696011,0.019278164099807205,0.007321042509808251,-0.035920786909414804,0.00992932975106875,-0.0069205254065671795,-0.01571454423781371,0.012584604860252702,0.02005903771287887,0.0068099320928249885,-0.005199459939678408,0.013827260233470806,0.0019841514456315767,0.004504360701383936,-0.007161544710337697,0.030433387843600057,-0.027751471754390633,0.017824902665658726,-0.011847076499098885,0.0,-0.013520259302605253,0.009116286107332616,0.02373002672728397,-0.013564689068294333,-0.010647155383199047,0.010053418706906347,0.021495634613418524,0.012228123365965127,0.0006326153585902716,-0.014938329775308512,0.01500597422348382,0.019199174144741704,0.00842155621124574,0.019816291156176336,0.013218848664173333,-0.014847728430350093,0.006872131139942228,0.008857071383680415,-0.00865963656557045,0.006875088292317422,0.006172426848465973,-0.011890646675819738,-0.012747410151978888,0.013108486782344775,0.007779629121273279,-0.0055902293302220185,0.008809179829431857,-0.004129790446886217
2022-07-22,-0.0041734539881657096,-0.010480713457076574,-0.01611084726385592,-0.05031010080686149,-0.0009512544501641962,-0.010187511940250138,-0.0025944237504695877,-0.007138711726050628,0.026943026271747383,0.0019758324801169014,0.01884428729488774,-0.02013505932880988,-0.006538151821062654,-0.012930222404311076,-0.013094531337043191,-0.003432066646579135,-0.021600748296178973,-0.0045118472258220965,-0.007943935322682005,-0.008995822509543894,-0.00815017689015285,0.00014638152990387177,-0.008372657681618434,-0.006600938279419544,-0.014014186438556342,0.009416122036604246,-0.017971723097185532,-0.00863448844934811,-0.007168475680322528,0.022879008413557278,-0.018102410651202105,-0.0060322253682013605,0.0036169771469856116,0.0004804763078565255,-0.004845222923546055,-0.015998298794948407,0.007998570018422857,-0.017421477920965822,0.008651358238131346,0.004562537702992753,0.006447525259739129,-0.004856060122842676,-0.006097472325458431,0.0023160250772684687,-0.017029743441775436,0.007473986095699603,-0.005098728521913842,-0.008095280989909637,-0.024975648797235905,0.004089078918750211,-0.003899905822843497,0.001261195888464961,-0.00507622191961743,0.0009280589306492892,0.038877667146091754,-0.009753620262351603,-0.06831896512370916,-0.007464931522215279,0.004988534158523628,0.007297006766964875,-0.007165952091519601,0.0428187705419516,-0.0059137974175202945,0.006892812911862167,0.0008849586816024324,-0.0001766849694864181,-0.00034548982801307915,-0.0006902497289867915,-0.004343631611702148,0.0027014219147893925,-0.002614472766796716,-0.009466389412029486,-0.007939234459083733,0.007078746566555383,0.006795681745791482,-0.0025418772924852284,0.004172619183459236,-0.024648797958119806,0.000282125075532047,-0.005466735823320468
2022-07-25,0.013737140468201625,-0.0018690915396893937,0.01015848892001281,0.02370584273389209,0.008463081679136897,0.02315793399922339,0.0014740450910541991,0.0046818623504403245,0.02018171899884802,-0.0019719362643969562,0.005097574225360946,-0.00961054778241055,0.00897416003278706,0.004816021920112101,0.017859189654653607,0.022815169578637384,0.034248873544557856,0.0053118593285657045,0.009655808070581973,0.04447975054870956,-0.00015121290657871267,0.0048271731087699,-0.0002110321251292957,-0.0003906662884989309,-0.0002920796098631051,-0.015313959088258056,0.05037156006343646,0.005161285400390625,0.013116823936113686,0.022833138421494592,0.017246599100702253,0.00977752742671334,0.004286196425496325,0.005446997396675091,-0.009467221582039165,0.020323028791363607,-0.0011570834465787216,0.022458437596407643,0.0022612136807942385,-0.00031327068790254486,-0.008007740486920545,0.004008298502843788,0.013496802806048924,-0.006161606054272295,0.010676919301871868,0.010756867530340886,0.010874958983259964,-0.00012716027496439963,0.06952768728814718,0.015631407632668903,0.006380540954693759,0.021410358499151405,0.026530622806785864,0.01817525120450081,-0.006733040407249646,-0.0029066988799275606,0.012978370918967919,0.012639860649267032,-0.007400673327970342,0.004587668506475184,0.003821110967454855,0.03136585290449001,-0.008923096003817688,0.004267069779103849,-0.0218543574900536,-0.009717301270105505,-0.01192761196644998,0.011513049202754422,0.020149749520034232,0.006398471972368425,0.022759114937390246,0.00736362658474321,0.0029099885350427623,0.018556702478901066,-0.0023624234988646187,0.007644675394243627,0.01018111969863078,0.017512928449779253,-0.0014085713125494559,0.025208585413917017
2022-07-26,-0.000459392555638094,-0.006866460457572332,0.006904176225491332,-0.0009452012243807983,0.0023076489796740596,-0.03063557615836976,0.005454577456922571,8.323322279157885e-05,-0.010385892483239179,0.0004389816032841498,-0.025749415730909275,-0.0045965348793962635,-0.020160252489174635,-0.014570531272825704,-0.003190306113108776,-0.01907969406006993,0.00492616834586701,-0.008919382975264512,0.00653161404953595,-0.010429208533454193,0.00292426311363414,0.0026205896051256783,-0.021746002139210074,0.015053519060657328,-0.02833771834234644,0.004420838427258822,-0.0208728753506513,-0.021501928099322165,-0.0014253506762066381,-0.0004553702851839425,-0.030985034940091083,0.004006553953225689,-0.020077581459313154,-0.0009559898088179475,-0.0060075160001517025,-0.004927267717751094,0.0008828388694324119,-0.020809047015272086,-0.0035787288616589974,0.011801586127183405,-0.005812227494402578,-0.015622312758846735,0.0008648451440746996,-0.002841716689985452,-0.02212454682051823,0.011009127748572656,0.009645066749705222,-0.006441052059906305,-0.006531881002405093,-0.009275042079411322,-0.02348717457482119,0.022811468776834598,-0.017395668708413692,-0.01809359033916136,-0.005123236241276086,-0.06024293580337603,-0.03369629742934199,-0.02774947004430084,-0.0024096389108071437,0.0031248599795663523,-0.04578620760655994,-0.015758798961549747,-0.01860757305883054,0.00845094758813536,0.005903357589128078,0.009277439158640322,0.00647323820810386,-0.01912146100127954,-0.013031868762011234,0.002007591291709687,0.005500821917752141,-0.009020448334714382,-0.007254223858564557,-0.006395165111458989,-0.022665764838600055,-0.013793327262548782,0.024064075118580996,0.021786480172018008,-0.01043418692282394,-0.024958474649669604
2022-07-27,0.003216940921882072,0.019484397117810914,-0.009390833210988436,0.031930045595919276,0.01936175498632786,0.03278300329305539,0.02126923527775637,0.024463325294896254,0.01599220474564733,0.017994222411868988,0.012013856438421566,0.0010902909885948109,0.016338949153113402,0.018482399657308468,0.022181887897253727,0.02259711481506832,0.02287562118358122,0.023086278853774234,-0.006489228910811384,0.023932496578396467,0.028655617428166025,0.006098353165526538,0.011438478810859909,0.014060225255191572,0.03728205178774946,0.022557719669960008,0.04968301048486601,0.03935719160208584,0.0272390393959685,0.006380710124494371,0.01779776359563745,0.04223484204672778,0.014352147174493401,0.013716314108519034,0.03021968292031385,0.022861518201699127,0.012346716688075743,0.03837057652757769,0.008119943954853825,0.020953968256837596,0.03442689004378119,0.016046726244142828,0.0024191801812556424,0.001035920020718395,0.02568268315544664,0.006533264589827281,0.026699463430627013,0.01861902447881847,0.04007512293495563,-0.005600805754224614,0.018592260486940404,0.024110906609618343,0.02427939276437807,0.0079148068330408,0.005624907866870865,0.03532679083732804,0.029567856667534365,0.017188390916227814,0.09583927753691102,0.01709272545158802,0.0003323964711248184,0.020505547201730145,0.05504581370966122,0.015185770550715016,0.01347877295382105,-0.0012373995969920948,0.02077172795928539,0.0022045754603108314,0.022281650075478554,0.03439651198866445,-0.011811281462519418,0.023226380511482514,0.018633676458960302,0.018150688944991167,0.013845629191769904,0.018881253253970165,0.03213481913849958,0.042430678960297286,0.01909369180649767,0.015358507105956765
2022-07-28,0.01832320852646152,0.012330733482488032,-0.010759193912330267,0.012605987247212846,0.015503065741011124,0.005023918735015398,0.017285094017720715,0.017218933316230478,-0.024594349547853334,0.015736007446711442,0.003363107797503817,0.019219681404219147,-0.008038202368495284,-0.002292054051284409,0.013981240786477667,0.02153860639280003,0.01970167351177121,0.028780475993862797,-0.015161656892331954,0.008470015753164528,0.026366563405290755,0.021431732472188214,0.028379586373429966,0.012725608891600348,0.013526654027303131,0.013066998663473273,0.013259331531304541,-0.0012622567009538121,0.023506342064705477,0.000905979706535609,-0.009187955686599913,0.04339503484918383,0.022052985162826166,0.014317174716625303,0.001600113822178617,0.025337379018115502,0.036916024578172335,0.018192248321297955,0.0007744072106081745,0.02871295351291092,0.01569869252550249,-0.0037314213181750544,-0.004654254610631181,0.0383024724687695,0.001987399937184442,0.014064397356757574,0.018012423931598853,0.023148576891822925,0.005418309538359312,0.006536905277350513,0.00898177224690766,0.005885688356136676,0.014814585348411402,-0.0006132854753954087,0.027022943571920033,0.02613181603989223,0.006181537182055941,-0.005111142393007917,0.028154399978665978,0.035338219576835694,0.02348500293136846,-0.017065762724626787,-0.10086948888836833,0.010671702423679541,0.03787504212338333,0.033274355187880245,-0.16066403886350833,0.0105359573569892,0.00020176801563298596,0.019370497861545655,-0.020256836994273497,-0.006441559393484675,0.011118934285257787,0.017508835407360257,0.024581869388149657,-0.008922473658353525,0.015567076506709965,0.018817800901980597,0.017058312190235236,-0.0013071683215140073
2022-07-29,0.008547100723360623,0.013398208666595357,0.016732398306995133,0.00792210212094746,0.016984890582792955,0.007271154776775202,0.023621995193865652,0.023395084279408174,0.013615785205745246,0.0159171121935624,0.0123573050875041,0.0013828727498104154,0.014705930572682435,0.003480189152061053,0.055419372371078746,0.016703120545394023,0.03446479703708194,0.02843984365177521,0.004736827890335249,0.03582842440968825,0.013023148614149438,0.013352105049765584,0.026350866571560827,0.020442599513831983,0.011439419249984706,0.014263891483059954,0.041080028348790876,-0.0015797547444921234,0.019006626736036036,0.010859713468218901,0.020640199250262947,0.0348623433669919,0.008306319935099227,-0.004188190052188068,0.017837999304700647,0.007031577075164108,0.010607255531392301,-0.0055835618798358855,0.012149782992313174,0.020933586795613968,0.006800541752573386,0.004790676581115649,0.008832597378343854,-0.011964058698372582,0.018246609569968486,0.01600277967753483,0.0035153281672468673,0.013537700872188863,0.052095836686239405,0.025895541786619347,0.002727844889147457,0.01872448754991507,0.030656998970503224,0.018661716316715093,-0.008208200467064497,0.004379383301030826,0.012926990020295515,0.032396786058687344,0.032560644785162074,0.018659257528256035,0.008875541700149148,0.03696447140937842,0.005802762086284385,0.011010315061898979,0.006246971015854141,0.012846865129805929,-0.012680219929131042,-0.02726839506914225,0.01836148954475214,0.03531267665543236,0.019006008370037186,0.013275807317719712,0.006740108058379546,0.01591146451397929,0.012662384414864336,0.012696098537335887,0.0005750141552909316,0.02810671042450763,-0.0013746060928852,0.020007306670826175
2022-08-01,0.011596815554013817,-0.0012019078067299072,-0.019599049257783663,0.006961629952596082,0.026941146460441656,0.020527854947540725,-0.009068822383910047,-0.001170273064111771,0.002487489682382993,0.005848945301956121,-0.004479945534091256,0.06126426410894448,-0.0029575583877444744,0.00038525399090461043,-0.017099636445592314,0.0029626471158101797,0.03129746530708366,-0.01567927516681522,-0.030174534961179056,-0.023914815259310496,-0.003666534579405911,-0.005646763151444745,-0.005054112042690906,0.010108516367876907,0.0011310259775330067,-0.010472598456541915,-0.020366021426477143,0.0015822543182584248,-0.008104887705595587,0.0040286674034550884,0.00029306798943262713,-0.006796576735523252,0.0017046233199884409,0.0009347342116341473,-0.0020925459968480498,-0.008877870856397685,-0.00244220626383973,0.0016847344509536288,0.009557395749329345,-0.0019734964001332234,0.0021492615952427574,-0.009968879622147986,-0.044635253310609024,-0.004288495620014432,-0.008570216964711386,-0.010850277742398107,-0.006889178169802057,-0.012198191827630822,-0.017643530259831786,0.0073256739156311035,0.004009493897002336,-0.002871881659371134,-0.01746930341075459,0.000723010003572,0.00015479577872290484,0.005006601167222513,0.0010111961151391125,0.0019294486739798167,-0.010615660762992252,-0.01131817301571525,0.000321805152669441,-0.01701331745332113,0.016025611713094357,-0.00022311513364625668,-0.00225512233019054,-0.0010147365500957628,-0.002157520556747783,0.012956393514544251,-0.003367990829053813,-0.018507222340526375,-0.015311933345419249,0.0018281081309390323,-0.0028189648954896063,-0.0009679571956772159,-0.009542601953242968,-0.007522118766193242,0.025660771054776266,0.011521257713593469,0.015969166727389128,-0.011365582687934195
2022-08-02,-0.019400607630187583,-0.004211781565575112,-0.006409214054186485,-0.0013381216121060024,-0.023233281807474637,-0.01635724250689008,0.01985626456806089,-0.01827842438049765,-0.013895928282547265,-0.011007257275171267,-0.01128289502147517,-0.03424621928251659,-0.019875474285509176,-0.022534594933369734,-0.05824705984690903,-0.020945222275477793,-0.02594232010341735,0.0035347541586894238,-0.029168331222202415,-0.004100891491767289,-0.002759611008950169,-0.009184811448635921,-0.0023362826889185007,-0.007096077651750354,-0.014215771540755373,-0.008693949824214675,-0.015267071185972592,-0.016745617241226585,-0.002574287766427652,-0.020954354370408157,-0.012891863593190722,-0.0038681069746784313,-0.015880565235653066,-0.015717484140254756,-0.007339502950977628,-0.019524970457037605,-0.014948837977006746,-0.03026940454063176,-0.001741966879310941,-0.011815888833234922,-0.007046626370010189,-0.015585421387265264,-0.005570389764134598,0.005573773662952197,-0.013556184318929687,-0.010969791016783415,-0.005996517293241466,-0.0006792028661781746,-0.011298003613622765,-0.019722543819569283,-0.013691248902087949,-0.008640521000656709,-0.001441541194560192,-0.016560101601352906,-0.02057063435771833,-0.016551479179924278,-0.015400313514071118,-0.006588201916711944,-0.017064570625807463,0.005347378233423239,0.005469816344806588,0.007967029788234381,-0.030283996442858285,-0.010625100815074395,-0.016751706891156348,-0.005078707272904048,-0.03150751209296199,-0.006860343498844013,-0.013519057312063487,-0.010129411877239702,0.0028159176407520636,-0.013686024804464125,-0.0067136748491158915,-0.02016926661692031,-0.02491692979675386,-0.015158452758201268,-0.03902184114419038,-0.026254921330298164,-0.027913514549893215,-0.015390361847156031
2022-08-03,0.009217924701711233,0.015105590158792204,-0.008600792198142138,-0.0006699146966199221,0.016749241501232248,0.04044942105754035,0.011457298017236273,0.00970720255999935,0.01711173315198522,0.010919771557697633,0.025263942152623287,0.020578151858595017,0.018159796056178124,0.016946080976902866,-0.00348740021069327,0.0090511549782879,-0.013567805243395958,-0.0038425269625411707,0.0025036485224974037,-0.035793518302428384,0.007829431438626688,0.004599468839904253,0.007942919885781663,-0.0009164432615698104,0.04116116148067439,0.015556929025918986,-0.06481942917971062,0.0128534578323658,0.007967452986380907,0.010929151126009673,0.018403249075576777,0.004779172448334812,0.0005761643374886383,0.00031623676601699735,0.019804621882869577,0.022787930117159183,0.012584613590945315,0.0023123100370185945,0.004021015414036544,0.01776494343470225,0.012650413138104444,0.010495510207241043,0.0,0.017888534449842508,0.03146780677680083,0.003935589968370845,0.00615078376966105,0.021872221275328174,-0.06094333608712765,0.009192755070574377,0.01662828527047222,0.0,-0.013955785696989631,0.012491490055464016,0.012554223002734899,0.029901724173643895,0.027948564819433308,0.021426284151158104,0.011318820142771857,0.011611307402069171,0.008319889328581631,-0.031343681890963704,0.010410077538288043,0.0069490275744992225,-0.004380989977485483,-0.009018185726878958,-0.0038272292798804397,0.011591015493157109,0.01571953440146312,0.00393582446921692,0.008997175993297857,0.010638150899216159,0.0160085691396199,0.01406759041147021,-0.011584343718256118,0.02355405162433888,0.01651458766617231,0.0035685529269897653,-0.0094783696470645,0.016195748340099625
2022-08-04,-0.003341321307633649,-0.0017855668099581168,-0.025406550758101054,0.006703893565598751,-0.002924230406608719,0.01339090587691616,-0.006812427222951722,-0.06138692531015233,-0.013359878790727087,-0.015579419501704828,0.009264578508728416,-0.0008401307618891574,-0.00713418502275831,-0.00678192218333129,0.004210676968468885,-0.007203219410648498,0.014009109524577568,0.008127957923056872,-0.010239657564641735,-0.015768484778758696,0.002628589383228963,0.028597828316454743,0.016164681025267358,0.0022010071971334533,-0.008255243898193654,-0.005331197773242868,-0.038977049345754744,-0.1703680444557455,-0.002560439385421276,-0.004053974060545307,-0.015156174948222745,0.005945200611320534,0.008351683812502841,0.007112286368647469,0.0036251242620706225,0.0012045299144392008,0.0049086251255048285,0.019607954630594948,-0.005289352062823438,0.004219753157116868,0.006093981279589933,-0.011002716115310562,-0.017347442362119048,0.003465387384689045,-0.09171635107348819,0.06272288722019703,0.0015286651024799536,-0.00048374807026585476,0.01310452261012518,0.002517015239097642,-0.0001422588182260487,-0.012783288270285964,-0.030258489345611483,-0.007680592623101945,-0.0008577021250668615,0.011105934120852146,-0.014592309388200997,0.0021975717593063493,0.011510748741569987,0.012736799290357759,-0.018512587188361906,-0.044738130935822795,-0.010302824338065508,-0.00044823618946276955,0.026456023336211665,-0.014938233542388435,-0.0004268499784827462,-0.001272959751771885,-0.022420783663837707,0.00925202134384584,-0.0026561432249126993,-0.017391107247147652,-0.005602396289655975,0.007623040559464389,-0.01999308314441428,-0.018811659780931578,-0.003249424637674969,0.005531509837893633,-0.009569559269605454,-0.012045836064896176
2022-08-05,-0.006035132986714098,-0.004174359509522607,0.018041383749893836,0.0017758453365050997,0.011340139372006952,-0.007885740543989495,0.006938979041873683,-0.02804133951952048,0.02056175097190094,-0.016670208682065146,0.004079713632369586,-0.008768809092295382,0.016766148620736443,0.007803390839790536,0.009529385365960596,-0.015058262506087328,0.015573844590539343,0.0021861571759667076,0.009588324227901346,0.0330439591315006,-0.008380253900635903,-0.010477224840153898,-0.007655484644725763,-0.0007319345923554321,-0.013781058662363788,0.011852381778187926,0.03964026125842923,-0.02332691058896519,0.008929527613067867,0.008140951326596868,0.026043299962232203,-0.0005909277159565907,0.0067595046853510254,0.0025111708532925547,-0.005418045305615404,0.010324635236106827,-0.0008833734793594061,0.016402449413900122,0.006380987018927087,0.006398643400310933,-0.0012115085606985154,0.030260003017800408,0.013608020630747397,-0.00024658682013156685,-0.023384637164686528,-0.020791465204054616,-0.011856225698692824,0.0017540806697020628,0.0040036121018440785,0.00532678218970295,-0.01735403295084237,0.01648031792455118,0.010065246603411682,0.01803978673284723,-0.006009585647948512,0.010199211563478361,-0.0018983396133502861,0.01963538058314751,-0.006772843743945822,-0.0006578479338288368,0.002694436118911625,0.020912916952655847,-0.002602316120971615,-0.00026894154631351697,-0.0033078141002140793,0.03799896018412152,0.024663523061490444,-0.00046359132798146074,0.016846058542575815,-0.0003107463280458411,0.007990066908732718,-0.0001557667774195748,-0.0014080224947001785,0.005586081940920584,-0.008602195236799948,0.023146966996083762,-0.0057524544308958925,0.012770150500881705,-0.0019891776258370575,0.012943082360053149
2022-08-08,0.005172113307985837,-0.0005985853265777497,-0.0029665195763290964,-0.0019942421993753845,0.01295325489753174,0.005370569368365663,-0.004673154768098042,-0.020557979808497384,-0.002457148484200422,0.00557943851301812,-0.00146015980164238,0.005150303793589828,-0.013839492254776875,-0.003677920943415458,0.0022655375732081318,0.010980067138504523,0.014593267713967517,-0.0023176067772128217,0.008498145620514652,0.008400626435785652,0.004721162863534634,0.00311387539113106,0.0014027386109254358,0.0021977820363647815,0.02325801441384656,0.0035068368589150634,0.015357435507951989,0.02662483842801011,-0.003982841827543049,-0.0013458685705743934,-0.005191858334727351,-0.00029563855899672475,0.012954998386440986,0.007826944684611536,0.005447560434856502,-0.0225222501453769,0.008841727498819063,0.008347508676911142,0.0009812162539311053,-0.0068323826305207724,0.0033354528752731483,-0.012180319387298688,0.004535482597091134,-0.0004935143280154763,0.009795455225953154,-0.004452182794748127,-0.0009500773629091963,0.008273279375959897,-0.0018404525121313853,-0.005099353140168517,0.01664722289994125,-0.0017371222713352674,0.008968751517069995,-0.005986535449755137,0.00730207642562708,0.0307549564396572,-0.00380423824558751,-0.003323548301935819,-0.006660364879905845,0.0013902959173845986,-0.019670770882235677,-0.00028833228199032224,0.014350829359804473,0.006367769553168978,0.0039028967713661267,0.005373630544483143,0.010003102130378583,0.005680941617053126,-0.00698611311137165,0.0012434348648244775,0.006416338224264129,0.007453828469778712,0.012340825987900761,-0.003324042746266187,0.030007230821580633,-0.013025684341897326,0.002121225801524629,0.01338520828571288,0.01366750098801206,0.0016667094882838462
2022-08-09,0.002013480722267591,-0.005392423981107619,0.00015658521386252566,0.011323230709735288,-0.008302403091922206,-0.022863241715117222,-0.006525657199836332,-0.05018081375812844,0.003940880991166074,-0.032010219502953685,0.009664277885644168,-0.006269174091019458,0.012839334569200167,0.012045843461188088,0.0011839902498620436,-0.03381916910310434,0.021453073678938894,-0.006332517185067887,0.0014866191833966536,0.0200789326800066,-0.002067621635700845,-0.012280065249963279,-0.006003085411712128,-0.012061293106680915,-0.008981817359407507,-0.019702677075813524,0.02642559536738176,-0.017543825191420503,-0.0382094277384426,0.006289383184859609,0.0066685102928181195,-0.007690026818305884,0.002707172359769361,-0.003106364194912059,-0.01031986048218847,0.003349660280835609,0.000618788060932518,0.0055186590107358935,-0.01137747342418427,-0.0014332152147902288,0.003928635102179223,0.00900730014076312,0.012461739996508348,-0.017773644499496366,0.009269465924452325,0.01685607893628971,0.004280534686238013,0.0005389577185634931,0.027658092407403023,-0.0016017403582250234,0.0024207840302770123,0.004640407668085045,0.009876434172649384,-0.0007224682630393442,-0.003759670147235772,-0.043851709423380014,-0.01005590597059669,0.0164769868230914,-0.021551831091418783,0.001461188122451329,0.00811404712211039,0.009812443312044339,-0.03344051472785947,-0.013145014242620268,-0.002724055615455079,-0.01686985701607069,-0.053956388398247235,-0.05072621259756105,0.0008041072009956629,-0.0006209768778397962,0.018377550436234458,-0.006936299368603183,-0.006966100331082692,0.002764609750534719,-0.012284924135276043,0.004862530075003146,0.0019249176036746363,0.0038281911593296414,-0.010393395012337825,0.009983292453973558
2022-08-10,0.014065489632916872,0.019879475749620346,0.014405550749906793,0.023710249157940178,0.020400379755495468,0.019243408635997605,0.01778274550954695,0.034540402285163196,0.021589926102216328,0.023589126850354525,0.022921926578889584,0.025295711340931337,0.03390351444443951,0.021117413546822617,0.025211074873137784,0.03158796411077058,0.02649150853469795,0.017284084138305955,0.00717650730062247,0.004921086108911288,0.01659888425904854,0.006076495797193715,0.01952679009677105,0.032556241686640064,0.03976700061790761,0.030185839027772055,0.017107155192804147,0.022127317149055914,0.01097120688402864,0.008928395061728489,0.04147467499122626,0.02175847080808979,0.018247796283234585,0.024929972967905334,0.02476530904178853,0.015579314791010379,0.016178236572935933,0.028540201787561115,0.01567922930673804,0.021194184510087144,0.027393098052527654,0.026087824328135056,0.016589431033824376,0.02940495621966166,0.03395978154463686,0.03991869106538415,0.013734354933764736,0.0156829497821942,0.011363597091556654,0.03300736661089876,0.020454331820825233,0.013279387328398062,0.015158934705380656,0.02133546114548235,0.04992549294141946,0.03451545556894753,0.029316998938780703,0.023350095074817112,0.03446743013701914,0.03859625430814573,0.01609738842036723,-0.002000958677244702,0.051230981260366626,0.02402127507203633,0.042721796034460136,0.028372377703502982,0.035223516402954846,-0.0075297602119420715,0.022293881066518084,0.03681256894120821,0.012828289857684139,0.0400440243558009,0.02385147868798443,0.03181769818377389,0.04157779844821485,0.02142845742527766,0.02285814080588522,0.02612513220295143,0.02412725581887676,0.03221680917604419
2022-08-11,0.008146304772487456,0.00236255712882949,0.024851077472520355,-0.006648109933306223,0.12118076809191125,-0.0081527797283667,0.0009444265265761143,0.0006282507267507675,0.009125786219163157,-0.06310571104906038,0.0033858045957670946,-0.006744760151649043,0.023952152489735257,0.015228117586960188,0.017198093739324127,0.026896553529159872,-0.0037200696940018485,0.008968482261699329,0.017444876315836355,0.04563436413757316,-0.004956214752682153,0.0009720269967956607,0.01520398737053763,0.002149819922098839,0.04678470901813703,0.00478540750813039,0.07343883988821975,-0.000759607209328772,0.005343285477240389,0.01371693717328748,0.025442691131108086,0.006125876806976516,0.0043887041825718676,0.01915475898881125,0.0007631214218333238,0.0025897225679354374,0.01151580665210794,0.0224118735051142,0.00790877953316893,-0.0013117175122921987,0.011426834765919658,0.014781534430189591,0.009124215630319066,0.009521198226351002,0.035736275244078186,0.002602540277419907,-0.0011714300602402306,0.0032413135172013607,0.03311671849931774,0.010249437548061957,0.004732701887620427,0.007407351397615836,0.025048049769242242,0.014634677628222459,-0.001497926218760548,0.04768439746486286,0.013866427333196096,0.01301155395099629,-0.002720564820907878,0.011591081827265537,-0.0028901790500734936,0.05641485186450801,0.009493429144455057,0.008598291477752928,-0.017878746583418148,0.001156446328034022,0.035500025784595435,0.006607957769980466,0.01270303057247224,0.018127558835596247,0.023028951584124657,0.0004475688928646804,0.0017127921787392086,0.01480302445365167,0.040941585437570316,0.02075337553570722,-0.002441442237180791,-0.0007431158420940775,0.009700608765557561,0.015250828964498808
2022-08-12,0.030137457686804314,0.01885698138969838,0.01491079032368603,0.016839351995592278,-0.043188512925601,0.02401039630851498,0.01674792289409055,0.0260113156466506,0.017610780085689948,0.023448154974525348,0.017485733642418566,0.012568504580545037,0.010860371731064467,0.007037250547076379,0.014638973037351288,0.024445864591749356,0.02333734531734688,0.017330748606217083,0.016825089520582814,0.023814221061140506,0.01341919166346317,0.022749666498072862,0.025770641736458044,0.017161303850976806,0.032967990343277576,0.021981216583678354,0.0169097869886492,0.012542756761862783,0.01977374318637226,0.01876901642060802,0.011056836763762456,0.020295540240960808,0.016659309334946082,0.03192098231203966,0.01296382061172019,0.01987078608901882,0.011888463738555899,0.019311310486636923,0.01109125403687461,0.02012473575883078,0.01870252384525406,0.01656389588503826,0.020865950481701923,0.0033857711515421496,0.02114089585300616,0.012329321120572612,0.030025580516814365,0.014627129752976087,0.015566389982712092,0.006264442839472917,0.005126068607293588,0.013008994036822985,0.006578989044447203,0.015645041720419472,0.01657424400312113,0.00290822544511804,0.01429265024154347,0.017684068101025296,0.023669447806191846,0.018194432085216095,0.019967704468758285,0.006776803955257149,0.013793321384257595,0.011454051374743868,0.014889663686373789,0.025577608758847292,0.015869666628842927,0.030513059121499264,0.01430833396829767,0.007834449902945684,0.016290316334603094,0.015513388101341619,0.01675785837964816,0.0029258675814372026,0.00032776880717100276,0.015248825899701002,0.00677722298918515,0.02194514666519054,0.012627137610238925,0.016943463095351774
2022-08-15,0.011659910130562778,0.0028918486032678548,-0.006307042115810235,0.016772843760523903,-0.000528992571955933,0.02344741459175692,0.0018559264600099823,0.0022729446421694277,0.0060802704058526835,0.004941648440409896,-0.0026531506284196427,0.0028236702866533125,-0.0013774289644173932,-0.005700462031922204,-0.004521306890705956,0.0062935485772666055,-0.01892820823606367,0.013083954920243723,0.003117557875911059,-0.014859562308217278,0.01103098286530857,0.008815697331564287,0.0033181750648465513,0.0015881677667963778,0.022127131425220936,0.005735773683632761,-0.030206184983240902,0.0022523038538180273,-0.004259310439845065,0.01028285895384462,-0.006934823594662909,-0.007104214865564673,0.000984822716234346,0.011419600812550446,0.0032624336280180355,0.004578783687408272,0.006870209654741721,-0.017409267338023504,0.006864953352345271,-0.01595701721816234,0.004302996838527751,0.0027023175152849355,-0.003917466425147675,-0.010123039160670477,-0.01562509843099602,0.019871938955394075,0.008426420499409337,0.002547655308428709,-0.013908530016528364,-0.01825561096022621,-0.004135099412849952,0.010050286687537824,-0.017740211796844818,-0.00400850854839685,0.006197028700323015,-0.006959523548279889,-0.01190451397562664,0.006219189394442104,0.0041123075219999805,6.829860408652522e-05,0.011788134177129539,-0.0371566069557705,-0.016697614173889597,-0.0034144043939116075,-0.002117750053731382,0.02912304930258247,0.016823578043925647,0.004600664734373483,-0.006376848510025845,-0.004400203496280675,0.0034974214371821244,0.003671870658356058,0.0,-0.007418276852634853,-0.016382660409705263,-0.00413600841534878,0.0028048202919634946,-0.008735327255818937,0.0016264878620406709,0.0072137473862645685
2022-08-16,-0.003981472057584701,0.002306533423257484,0.008437756898995952,-0.0012528201995909427,0.024609684863656778,-0.004334346360491459,0.005866243374108349,0.00017441467771717178,0.01580675909440621,-0.0008941402574131896,-0.0003023008204355859,0.00944448054685676,0.010758626253802417,0.002034258689283197,0.008012085947906478,0.018501460890581578,0.01813098319045059,0.007194192141629641,0.010279649089556697,-0.0066488380416949155,-0.002778994317496397,0.002016573914714881,0.01672488940906791,0.0045807494412273275,0.005633258636316363,0.007484962898245406,0.00015736642936858836,-0.000749080793714163,0.012494497381512648,0.007209732820309345,0.010475174780917529,-0.0028619714372717375,0.011002938951992558,0.015721029645340723,0.0037519188524552938,0.014837070139465336,0.00702097220213771,0.01719642555555856,0.012080417643128838,0.01434649657083753,-0.003427597748979938,0.00955415383776459,0.006556198269139335,0.013635417411994366,0.014484314964255063,0.005342659092816948,-0.002032365940468406,-0.0013283808469850555,-0.015831953732661663,0.0021395093687262,0.019792694636392216,0.01492560270329113,0.007129039923562397,0.006381910986720474,0.006012108887710088,0.036355720954942106,0.00737660778696414,0.007362397541036181,0.002395501235657793,0.0017048670382806552,-0.011234551704865647,-0.005033599113741349,0.014465390515570498,0.012056860536933778,-0.005932264414194366,-0.008755434124602668,0.02009060922125161,0.013386479526627859,0.011474247411155769,0.013995272933007952,0.007899681806740055,0.0023415568220104266,0.0006727026308270823,0.01335191940089997,0.01199199820057495,0.0067758908531585504,-0.009696083067979422,0.017074027469889286,0.003788739820451248,0.0059687510224886164
2022-08-17,-0.01094057098330603,-0.005770262497764578,0.009404181289352387,-0.01463518160446653,-0.022038526345683818,-0.033167542146512075,-0.005141332027659207,-0.01639484855182549,-0.00732274422071566,-0.006487636571985922,-0.008769374781821826,-0.02835893090937791,-0.006277445762185141,-0.007752032683909227,-0.008049671906555478,-0.01854933253854041,-0.025114233170811295,-0.009165194069237104,0.0007100375274529114,0.012587407125522088,0.0029464124075428977,0.0036901469812733456,-0.023977563866241502,-0.009821094388011598,-0.01720537285525736,-0.015849643909244815,0.008807716092407603,-0.02848576537438796,-0.012117698219767048,-0.004631672922402852,-0.010366583011986008,-0.012055062694769081,-0.0031854058238637295,-0.015759088306472435,-0.004983901843100935,-0.018824593811721746,-0.004370004815790862,-0.00870903520730959,0.009006944199511535,-0.005021680986444954,0.0025795399370165395,-0.008412277331626528,-0.005612062258290584,-0.014172385047169889,-0.026794668859449144,0.0003125731639987972,-0.010523034594266845,-0.0005782030907481861,0.01667139454158395,0.0007374728622417948,-0.009093447984678926,-0.009803836993636073,0.0033190865712509066,-0.009712247855394818,-0.022010008784385304,-0.008312426079567059,-0.010129583652863983,-0.00027073966192026067,-0.013606124932775021,-0.013344304953600394,-0.0006313254041350191,-0.005058830010044257,-0.011779359965942149,-0.007585111261767086,-0.0026749567394843687,-0.0025236568385065272,-0.010040530479821674,-0.00845877928346983,-0.015574033135568488,-0.016562530386390883,0.0025356978192243584,-0.01197262626537099,-0.004705901604348917,-0.0019060087778789425,-0.02764970756688323,0.0017368833688071739,-0.0052720737194011935,-0.009025620852411764,-0.013750305825321996,0.0015363648143726927
2022-08-18,0.031057182402078887,-0.0011606531061872927,0.009169587874892304,0.00445574113544267,0.013292100994397149,0.001072024822359685,0.003779847040139117,0.020391837961645454,0.008298716978043297,0.030623736185353634,0.00457610980244838,0.008911516270094788,-0.003570450056516461,-0.003906257858241835,0.007247552549541458,0.007950964642413627,0.014285804118613132,0.0065588249678700805,0.00047288183897453706,0.03472774957192715,0.003051709822369242,0.005146592592225607,0.009331716025936743,0.004073540625747718,-0.00114010649853713,0.00977793857636855,0.058933724067152804,0.011959855903932004,0.01609258411877912,0.0016920138071321311,0.00214845430714683,-0.0011618214589530496,-0.00550313569473615,0.025017733508180928,0.0012522483506340887,0.00496693569911133,0.004635590262637379,0.010336140836385788,0.009289615390684736,0.002917178135605436,0.005145932575189027,-0.0077494884973073885,0.008209303476840235,0.007309639487022901,0.022307321358935317,0.0024999782155958883,-0.004459651623856975,0.0016200925173368574,0.052071701626585476,0.0031034537962302267,0.002876183144729927,-0.0005501548627662167,0.020321486823037915,0.0009230289246635603,-0.00529115955884496,-0.0026990766885300888,-0.0016028866854611579,0.0016245140900603694,0.0019146894416781635,0.021184381394187213,0.002858896691281032,0.04886991437319166,0.0006272495743149253,0.007603388127739086,-0.0009027911210915951,0.003478769768609391,-0.0006827189654027288,0.008764785475261272,0.004882599159558687,0.006795768046965911,0.0008623394980498134,0.004876599554193062,-0.0030395048189887364,0.0042343239597923965,-0.0006771339375730712,0.0,0.0026499250787661577,0.0009108124806345153,0.0032804245532720433,0.00204529448130919
2022-08-19,0.006189660067154046,-0.008715946249893691,-0.017954427287785735,-0.016899012135233704,-0.019720291767808207,-0.026558104524342152,-0.00945248927668374,-0.020679445035610033,-0.0027436069938741037,-0.015730867260372428,-0.014637115682027524,-0.034204779115259765,-0.022050784840088267,-0.017553465854033834,-0.008867702756722884,-0.030647953572248143,-0.02101108605102253,-0.007037555190803402,-0.013471816700389438,0.00247896330978592,-0.008900277031283932,-0.00691580058731478,-0.020377445557979268,-0.011289385397473817,-0.020624278145490504,-0.018369482502691215,0.008686643948366823,-0.011437256663976658,-0.017831425375283816,-0.013513526138750676,-0.02063760280981375,-0.020360708709627695,-0.017761684458321714,-0.01478388587504309,-0.012256136289175434,-0.02422730155185504,-0.010602671166694444,-0.03938644786882384,-0.005033483572907449,-0.013388889107062707,-0.030432376384774473,-0.024745119980748465,-0.012044225248636242,-0.008708130416005488,-0.027520999941071156,-0.005922663516674365,-0.011026821107524953,-0.007683039030556116,-0.012305487378213131,-0.011021082294144002,-0.00996997179240211,-0.009356249556058738,0.0018525476883823888,-0.015619506150871487,-0.011537152598329214,-0.03846139113630265,0.005063078696720957,-0.018832164074592095,-0.01868177577192609,-0.011757585229371204,-0.013831871007147556,-0.0002695446245726263,-0.024451120349895716,-0.00767531659571552,-0.019257430625686744,-0.027103646877087773,-0.033961173333757255,0.004170480433783208,-0.015937488960548474,-0.013499497744749789,-0.008442911797209796,-0.02867643688252164,-0.006436212258127627,-0.01401341649164578,-0.021002760966134626,-0.017121667845070077,-0.0003775602192442884,-0.012010752574658112,-0.01362382311031718,-0.01990132585273785
2022-08-22,-0.03731827524102127,-0.019929519578508637,-0.030940248559129357,-0.031800591171508796,-0.021534795921036687,-0.027722818813633365,-0.02133410120512158,-0.027060557600372293,-0.033012334714981995,-0.019533765965604077,-0.027983406672681954,-0.02418366367350766,-0.021420302093406507,-0.02585062944202343,-0.019631896951798344,-0.041488267888836305,-0.01792473597685562,-0.018286781221178883,-0.02419767225053504,0.0009509943757481931,-0.014271790683000218,-0.025780006749223316,-0.020512346818019722,-0.029259738233280652,-0.0349592981750495,-0.029230414792494774,-0.0013137113326316952,-0.04782104730136283,-0.027401949263841874,-0.021404254162519676,-0.028462176846857368,-0.04127089916956184,-0.02825979229578479,-0.03340884855059101,-0.022284282824563406,-0.008441565473205292,-0.01845618797947124,-0.02023455123264195,-0.02038022306174203,-0.03401957103074116,-0.032561049533819886,-0.01652191413209536,-0.02197797682962932,-0.03416297219352915,-0.037396706596156015,-0.019128064675576817,-0.0332171940894499,-0.020200131710709668,0.01550404741496414,0.0045357682975564195,-0.037660338911622904,-0.019444531313262736,-0.005085592446831488,-0.025352821413089144,-0.0356980987334129,-0.05170381727002249,-0.03120780717414051,-0.025622121698988587,-0.030642623261199486,-0.01586329434106193,-0.01734456191278999,-0.005387740007140374,-0.03856056495109095,-0.028158285154718743,-0.00913356726926684,-0.01814063356225426,-0.04778269377741995,-0.020881565311324124,-0.025281611873296916,-0.03138508577507537,-0.020273486074819935,-0.02225577918359878,-0.023525505460635365,-0.004234509859114,-0.049134834657659,-0.020727798105523276,-0.012464606369783415,-0.022287907443456212,-0.023757115681018903,-0.028115241047775186
2022-08-23,-0.0014906975349874285,-0.0005981530396761414,0.0017568737343576224,0.004438458547423307,0.00923821258981472,0.0070151930962869535,0.0018231415131937379,-0.0001824208626015622,-0.002370617516978868,0.0067917823706193925,-0.002346030414163258,0.006856281456616431,-0.008928715689560662,-0.005853789803449416,0.028421140240801224,0.03409833482968505,0.013688753872877157,0.002762992709244516,-0.010802801386924354,0.030501795721223468,-0.005298751366676124,0.0037116064589211017,0.002949377287643884,0.0005515015088841668,-0.009315172717073494,-0.005229920068384963,0.035954242052368635,0.01701093832357725,0.005565467492825604,-0.011373645192168769,0.0033802313401680717,0.0027872022028128107,-0.007667882001042625,0.0032222869941687105,-0.005956934067626207,-0.0005008955974161733,-0.0014658021948069644,0.0032610482762238657,-0.005975642146826554,-0.004989484383319476,0.004245093924849952,-0.009856947804783855,0.0007022160730509874,0.0022738941696567316,0.011339992495717599,-0.0015986963680335586,-0.0034838465685070874,-0.00843681649611705,0.02344586811755245,0.005410210521736625,-0.0007169020624696598,-0.011331323149831873,0.0278813268153304,0.00018026745153920665,0.003301169092029932,0.022340193462298208,-0.0031705819027186832,0.0037699053128044113,-0.001968181050866269,0.00444686937450367,0.007082147507609493,0.06608910530434864,0.0006684786524338016,-0.0024589185741354935,-0.009695900835544502,-0.01319695234504148,-0.020474893714854114,0.004831118054053896,-0.0016210553042129705,0.0033781923843465567,-0.005025359763799697,0.0030968174991001796,-0.0003492296704291631,0.0005474793375450648,0.017831020566488442,-0.00090061360115401,-0.0227576860312374,0.01224561800698476,0.004810751883457698,0.0033928234275091285
2022-08-24,0.009385523566572962,0.0023937099864792533,0.0024400175548673353,0.01502431132111326,0.0029614333075116406,0.02044943477330574,0.0015034859640821185,-0.011674560255586108,-0.00998111783034994,-0.006071264743949811,0.011441046828149393,0.022052843242188036,0.003196813005306387,0.0011775667797280231,-0.015465774579636049,0.008210266136052802,0.007107471898478934,0.0011998166413693667,-0.006949676989116527,0.019087083949414607,0.002593337985533628,0.03362308212185261,0.00039225190180092184,0.006429184456747228,0.01349473421992875,-0.001202153033570852,0.022150194848783222,-0.0031859785647745387,0.00242120368681098,-0.0017696810697573895,0.0,-0.002470669107602186,0.000754006930907547,0.004087526663312913,-0.009901028954066082,0.0030063089352827532,0.0012149375700241105,0.013001165255089209,-0.011206933741755187,0.0010708013495004387,0.005132947893463635,0.002424043896035455,0.0033333211459349865,-0.0027728365412859057,0.005606074782463111,0.0016012562906497774,0.011091046785689507,0.00826885344246664,0.02637202000060901,0.00588491845682948,-0.0017212390730171334,-0.007449800396251538,0.006781035943826286,0.005465818795016286,0.0028201619413710244,0.009779721749710868,0.004989229764275294,0.006197303447436964,-0.0011501145821122272,0.002282311055240349,0.00952060687317946,0.013973367010394533,-0.006680181742571012,0.003809827831694701,0.00780587941686961,0.01638247320688513,0.013104903660295264,0.009029131449181271,-0.0032473747825418897,0.004285655541867994,0.0011883296024819412,0.008181650299740495,0.0010479777330043571,0.0027351981356227295,-0.007150382212376405,0.006085209484782528,0.0007828396212230526,0.015261464516846512,0.014080131102699678,0.0016017130461474238
2022-08-25,0.02641598433956105,0.01134347072215558,0.016581566388394364,0.011536843923325657,0.011005796916974786,0.017397069327943715,0.005846459021690009,0.02787003161734858,0.018242919020458714,0.03552022114869424,0.019480638195796596,0.035330064570044506,0.01796058981916948,0.020584155850654096,0.024309865258123287,0.03917350717153045,0.02540553219218178,0.016334585423874115,0.017495750653346187,0.014115143838423938,0.009810687069506496,0.014045428274779281,0.007153449030293357,0.010768203724170311,0.009019832240337422,0.014964789367304832,0.017529341516325125,0.021574070849579297,0.011847209790928348,0.007978565352746436,0.017405983992541563,0.016718353627600102,0.010546030107794424,0.026024809962379214,0.018684229778613837,0.028074722303405242,0.013347567117208081,0.022994583343206587,0.005629621480275571,0.010699398609520294,0.012015617051883032,0.02374787371168008,0.013289190567115527,0.012385999555426741,0.02291973523782831,0.00479528681418695,0.024680952459649852,0.01247996926232453,0.0140150593592272,0.012200516516362336,0.006610114311714987,0.009815296041584931,0.01167498347266327,0.00896054360216203,0.03241931911644014,0.024818544946022758,0.02902231033036773,0.014464172168351386,0.01529978228755402,0.016770092280051996,0.03022206040191966,0.00651445683429186,0.028245055861637614,0.017771893099945313,0.012697997471266653,0.018585544116692,0.01603605225259863,0.003951025633871508,0.010588632766555861,0.018134537221328184,0.002908370055447529,0.025263848661293276,0.012561100528721392,0.003273284680591626,0.006121701799447932,0.01680101747414242,0.01466554202069581,0.016865547452814766,0.016939943828506276,0.01830146263267074
2022-08-26,-0.031295200727398775,-0.02774520067190467,-0.014515519639556218,-0.035506810469886685,-0.035401399830505054,-0.028355007611642002,-0.036524775390608166,-0.03761891646018278,-0.029231373669174165,-0.02403326432347852,-0.030327140766154725,-0.028633876276430326,-0.031587727790623465,-0.04379544939349844,-0.034996043873653404,-0.03240393698258848,-0.022252817469876174,-0.02825685660201882,-0.01277317232433206,0.0003568435129586156,-0.030715471564073726,-0.03214455618372192,-0.04524244743656047,-0.035933282638428654,-0.02886095328663718,-0.051715251046305144,-0.012886378123189157,-0.048494320919728495,-0.0376265634029459,-0.019788918462503302,-0.03559595609583932,-0.04415356780960622,-0.024133336958590546,-0.04662007811282187,-0.024799710674878295,-0.03644313635405738,-0.036770775714078496,-0.046523798926854765,-0.02686995312270568,-0.04017891251546524,-0.03829041989122273,-0.03272885030578032,-0.019844811152626707,-0.027465502144685905,-0.03976594133309841,-0.010817816647256673,-0.08983001920102174,-0.025884845301465953,-0.010749928353758875,-0.038023965552437256,-0.022841061528735884,-0.017724513306310863,-0.011984050353600617,-0.039727651372675865,-0.04630750560054331,-0.05448912376469073,-0.03797614846791353,-0.017753720293604114,-0.04042781317288857,-0.0314259468345609,-0.027150977430902667,-0.01867037645022418,-0.02943113571390721,-0.03369459171093103,-0.040988401744341596,-0.046342627446183116,-0.052293779227329695,-0.03194813864596402,-0.029014923617413202,-0.029935542483363276,-0.012664349743001457,-0.03494594907742332,-0.02377681192573111,-0.03262640070464806,-0.03185401908029295,-0.03128447739248341,-0.03912103000412481,-0.01694655419906166,-0.03386144665672375,-0.015180765000516239
2022-08-29,-0.009351877605833558,-0.009107386758837599,-0.006301376414070803,-0.0029005147032664658,-0.00247726157536865,-0.005569169155695053,-0.005788359611625826,-0.0026121725246711636,-0.01651303291203421,-0.009402197591250272,-0.017608616018058743,0.005409344169766239,-0.0038202836713125965,-0.008236395625771609,-0.0007296536399734599,0.0004004468004892292,-0.002580692844329713,-0.005438498408376735,-0.015924425577647616,0.011594826778014156,-0.009571087986565141,0.004860387751234985,-0.010190277257727365,0.0014982646081176387,-0.004733906207865957,-0.004375245460437771,0.01882621955960695,0.002466069302528906,0.0018902549633432741,-0.02332868631515672,-0.014878259923976622,0.002229935442745745,-0.010503308913513032,-0.010404234740332696,-0.0045033944858337005,0.0013110963427667155,-0.0033152114900592,-0.014802740674031756,-0.0005367246071887877,-0.0146890363268396,-0.00679018057908376,-0.0024419388214853566,-0.005633825019031757,0.011296486704994502,-0.007567708994433042,-0.005789368513082094,0.00473040022489668,-0.009701104324526866,0.05355760936537268,-0.004506228144072422,-0.003798031763593057,-0.018044153583858025,0.028301876658772374,-0.01276265582939129,-0.0007934975807538658,-0.013587328548310351,-0.0038576955630708065,-0.01123784678062989,0.004390586618406855,-0.014155350106176745,-0.014969806690941612,0.02435296856879199,0.001347838462048001,0.005312092459796247,-0.00840529400313128,-0.009820552278499983,-0.0014433191327504202,-0.006576523975669879,-0.005187667204120006,0.001542960424903761,-0.008870614530406384,-0.003558904443392019,-0.003882859204702438,0.00492929093364558,-0.015526767466022884,-0.0011371984414602077,-0.043321144411390566,-0.010085832603575318,-0.01554531201381848,-0.012225304543372228
2022-08-30,-0.015661591220789695,-0.010416549939227582,-0.007564414442310374,-0.024390248066296638,-0.0212471197680405,0.005152319564987851,-0.013120280123632533,-0.013375738997216002,0.0024691734148567512,-0.005649855440758467,0.0007763824981912304,-0.019405099084813915,0.005604646396270674,-0.005873853444136379,-0.025237020629438445,-0.02614059209556774,-0.038108769661938324,-0.014144231276092767,-0.0222503457159422,-0.025744952539270782,-0.01514396963621334,-0.0005373848618446253,-0.014070276101620594,-0.010660256027316684,-0.009689070277228207,-0.007051528076746916,-0.041273072132157695,0.004920083732528946,-0.01768467073188007,0.00872733222326505,-0.0017427044228567334,-0.014621694208458935,-0.008781351402468163,-0.00781032125096548,-0.010910053299665101,-0.023871590314328173,-0.008938762277395429,-0.005564532412478229,-0.005601938670847351,-0.0019332378241488923,-0.0034181636503520796,0.0001749870369134321,-0.013102086177047667,-0.016501609997003452,-0.009108261274155871,-0.016499750387859557,-0.021249653989892647,-0.011013013114906767,-0.047396896534051214,-0.028111923563423624,-0.0029331860026706735,0.005334931759638728,-0.0415028279801154,-0.005121378207769145,0.014610262625924353,-0.005066318596995911,-0.013166160787563497,-0.010039853986307246,-0.005422170777948265,-0.01435916339439458,-0.014003450470227663,-0.04210004743233864,0.006729350315370031,-0.014271578600998258,-0.015069214223240368,-0.019322863833114545,-0.010229256932728803,-0.00577743004794784,-0.011472804005036252,-0.011862672699251897,-0.011490151822153183,-0.014754264100673264,-0.013465571308576951,-0.02539922728469557,-0.00901243869130619,0.00500925577911393,-0.030608359700372012,-0.03278993722642609,-0.024117161134646126,-0.006277853517168364
2022-08-31,0.011333670042709798,-0.00495376868662889,-0.017014203331782385,-0.016513702550545184,-0.003665327558032283,-0.02919539981675512,-0.0015785564248649298,-0.006351969823821579,-0.002985095185574771,-0.0025000728431617825,-0.01719883816941914,-0.012083143041382027,-0.014080270038249632,-0.0055010817154610425,-0.01192891996848,-0.014379455460237889,-0.009293187880308529,-0.012788796462155694,-0.005430762507850351,-0.009502493487687058,-0.006980883542236138,-0.010686954296377893,-0.009863510542092113,-0.02930062245476084,-0.0031129980291546566,-0.008489975893175794,-0.00647160900125654,0.011015930446443223,-0.018963179929451734,-0.006902499810096829,-0.006400920771023055,-0.01709678225093758,-0.014116020068821955,-0.01816527838175419,-0.0026903269655210726,-0.003096070373510007,-0.007079205747647865,-0.005595994257629244,-0.008720565650796042,-0.006780246400903578,0.0006235218351315908,-0.005943764090867387,-0.007714255170301332,-0.013422648068851517,-0.015391118646721269,-0.008223589620350524,-0.025220980728476894,-0.007198306449469616,0.004640336008011836,-0.006700270084067039,-0.016031496623834518,-0.007729081709499486,-0.016408467090157197,-0.008160661873416575,-0.00626070102343701,-0.10486967145576287,0.00680177855513997,-0.0014350371671155715,0.0013100698023706947,-0.007716637090559919,-0.011890451124259793,-0.013702077094519316,0.021390272706294455,-0.0018325367193529063,-0.009506092629178342,-0.005056619155115349,-0.010334578279933115,-0.004600556250655696,-0.01160566632268678,-0.01792949393266674,-0.011134573408228654,-0.016708749051561833,-0.006824524955485356,-0.003241030816441781,-0.006441900612437879,-0.009741596741929537,-0.004541520465512261,-0.0233671863962176,0.005001245793524234,-0.006678753093749656
2022-09-01,-0.0275862351576307,0.006222864607847489,0.00626533353863179,-0.02098884103219234,-0.012167254711274333,0.0029843262010931237,0.0022469981351691537,-0.014788621872610541,-0.0039922628389188475,-0.02187247552440852,-0.005855285747261907,-0.041123222077320554,0.0023958540210633483,-0.0012292837547626112,-0.012289609850111627,-0.019869614955417614,-0.03678125759899398,-0.0020893709284885986,0.008060548898378928,-0.01754213857922793,0.0017204536771640022,-0.016984729321119607,-0.010915551026148052,0.006426537848649216,0.004014964303222346,0.032810486797468785,-0.03483416798500161,0.07748184112556045,0.0033031297191585818,-0.0046342927927987,-0.009077581212205699,-0.003938178814656523,0.00019752942816109176,-0.015726249283462113,-0.0048557482401518914,-0.014905169365745707,0.007288099125811298,-0.02250974670798711,0.009420168656627759,0.01236982009075338,-0.006855638487531346,0.006858506981936907,0.003615892202439186,-0.01098913734278828,-0.0002170798822043185,0.0033167666098905535,-0.01026951779147034,0.0074365853409101845,-0.0254040762161174,-0.008226095892173602,-0.0038866100963388384,0.0011983761097538181,-0.017608868773300257,0.002848237245195673,-0.01921568998850287,-0.0067554019996863834,0.0,0.0018203774755496394,0.020384896765587524,-0.0001452171139576519,-0.019164253993325442,-0.03407594638949796,-0.025708565873467593,-0.013127821789631011,-0.0005963244744076057,0.003855545052770415,-0.004767316490369211,-0.00450018425174048,0.0006405442460568622,-0.003175084050499155,0.010269848715891428,-0.0057711216292842815,0.0014464544938646018,0.006904062370654884,-0.022501860244687477,-0.000228830701843874,0.0017381319691383013,-0.020788451554051512,0.0017660388735150079,0.0014538004573501073
2022-09-02,-0.003324014963747235,-0.01422399640987726,-0.009806801705437906,0.014054315364970149,0.0021960937177896156,-0.0016021903644882762,-0.021589330577007293,-0.0054232536936176245,-0.002504477510397396,-0.005124867046314763,-0.008735433847328222,-0.011974465013919189,-0.001195188538263503,0.0018460176537251627,-0.008824941789415286,-0.009923178172871805,0.002819199437330999,-0.009538336653280632,0.0038688475093764385,0.025388334565064286,-0.004293978802164311,-0.020734153873734673,-0.0022502985685041166,-0.016253797789089308,-0.01181914370124848,-0.008445605219540075,0.031983241494183634,0.029213436592089526,-0.0031702716202538506,-0.0023274761015076306,-0.0050236413981672445,-0.007578261512521944,-0.00513386446555264,0.00047000260164331564,-0.005963546638696471,-0.022275816571894258,-0.02013298854820833,-0.006333057351986859,-0.014422573265702066,-0.009328901227228847,-0.011609591302311428,-0.006986299617982361,-0.0014409789924785255,-0.0023808542397912857,0.003040293232713376,-0.009917313929609817,0.008489515973809869,-0.014148033299067664,0.030805793912030532,-0.007755040591533646,-0.005702243273052465,-0.008378210973221334,0.015094212647618122,-0.007573430305581219,-0.0062630594770408665,-0.0230894483125067,-0.011822840573801674,-0.010137640699154349,-0.01555201885983537,-0.012502675062347257,-0.004998330489675573,0.03310703626509337,-0.006765825463793895,-0.007395293978832651,-0.012330440151279265,-0.00418990692884369,-0.012776331856090284,-0.013072636638333801,-0.008107583284281183,-0.006051978017459825,-0.0036740261232196536,-0.0027409423007935807,-0.00469478653177724,-0.009378130884084346,0.019508341672944463,-0.00732253970266783,0.003469947553681685,-0.011415920434990068,-0.004994191690138594,-0.00127035730371583
2022-09-06,-0.0024463595568554597,-0.001254407899853316,-0.00817493192492591,-0.006342505513254659,-0.0033346432951918414,0.00641913344453271,0.014257755485986623,-0.021032094419666025,-0.015570278758999745,-0.034184014214626024,-0.007944181249798565,0.0037543936104049713,-0.011067708577230606,-0.012694503046344119,-0.0009400568738897608,-0.008734218341235556,0.008177776485033927,-0.002020090216549697,0.018499566701421832,-0.014783289069684957,0.019369645900055188,0.017714859897704605,-0.0025771042392980226,0.006491004660815092,-0.009982046880360196,0.0026569452501559176,-0.011373257156389704,-0.03930130792200748,-0.0029357115756355467,-0.015399099343257894,-0.011880118285231833,-0.002988074565572707,0.02401519934438401,-0.012525549481634313,-0.002727079320533732,0.0068780239029999635,-0.0069026978098375436,-0.015063568878965095,-0.008373074298323901,0.011003022660220907,0.012380902139011107,0.0002636822419246343,-0.0018041363264784671,-0.03500412058305691,-0.003247546754404307,-0.0073459297784155275,0.0034740115662266202,0.008111502239594781,-0.010217341776911693,0.0027167414447897276,-0.004678725180005339,-0.018104859456752997,-0.011152370232839992,-0.005596164170622031,-0.0005655880095342125,-0.012870803728987967,0.013673311211564565,-0.0009664052094124909,0.0010504481287965106,0.012219274082122089,-0.004909353589237053,-0.014117917422336257,-0.007493238865256213,0.01733756680335552,0.026349972148745238,-0.014551224013545694,-0.0054798846751304975,-0.004332903632531138,-0.010109854482029945,0.025316440923409456,-0.005039990429365426,0.0012933784841504536,-0.003991181807809663,0.01804054210429684,0.008036841758207736,-0.011526071310736574,-0.0034579486532118064,-0.0008104444703975755,-0.00915269460503243,-0.0069040805330040644
2022-09-07,0.01961656771846121,0.011306481437392879,0.0233001221474618,0.0030733113583920613,0.015486127934423388,0.04988607176740034,0.026106543878948507,0.006763480196773752,0.02346954825385361,0.0048486441842916506,0.024562528270610562,0.023361097006707965,0.015426516642588428,0.008502767568890457,0.0011068418752899767,0.020944644036390736,0.02027896285032904,0.01675771799629233,0.004288623754920451,-0.01721425332690385,0.03515036034259755,0.03065200436348503,0.021963495690202173,0.020324196221571,0.023617148926613707,0.009274262799258137,-0.01696875670462572,0.009848493660558288,0.008955897940645885,0.008530829387977334,0.02314417166458793,0.01565084546926032,0.008915722193509446,0.04138270958792223,0.015586572519809216,0.008005067826648338,0.01880394244385286,0.03764690421349903,0.007812521897135438,0.02652499313178347,0.020696246842069943,0.018990931957455937,0.016266155547335792,0.03874696008065093,0.03496978054385225,0.025007006182322877,0.014114669988959605,0.0246949753764234,-0.02219340651727819,0.013796758046394242,0.02092511288580634,0.01782406635788525,-0.007518827969987596,0.020720170732905663,0.03355153003285105,0.04847703673156145,0.0032424538012207904,0.022533947538779575,0.019894182686419182,0.028798014234723057,0.0033270766535740126,-0.008029946111487551,0.039121427463942426,0.02929399432729074,0.01889043575451277,0.025796135679710286,0.02555705202634906,0.030709843502521483,0.023468086233159102,0.028442016716492935,0.013219602954436693,0.033586381924549435,0.011293109438631044,0.0035528127547983512,0.015186054830752749,0.022387901385799935,-0.09824328745577282,0.015206839318570253,0.009833157904557188,0.030918581276698553
2022-09-08,0.006996296939256741,0.01490685222518473,0.02005874637343008,-0.012726865699821177,0.014873277608427271,-0.008678705240933837,0.011090376661291312,0.012843266218983018,0.020937109257118225,0.026296497724835888,0.008341298625378135,0.011798630162854762,0.03217128505199085,0.026115558912991332,0.012662092541207093,0.007356963673155192,0.002732847911890879,-0.005555583217504267,0.008791886276526384,0.014612101541399802,0.002802575613245928,-0.002085897461070685,0.004951801483681351,0.0026814541155812943,-0.0031945155699630856,-0.012741337972351885,0.008045771890785591,-0.0022505426213723645,0.017388175146472395,0.014567783601745488,0.03760261931658637,0.007868946838686552,-0.01584861564465989,0.0019790924207128135,0.007000554900240541,-0.005294502729447537,-0.006716414055983222,0.001700707447741312,0.005951091743459758,0.005769667149644997,0.02242691177749201,0.023295760132233667,0.007824725060486148,0.004761825913450535,0.025603306573239726,0.006942311287308822,0.0022319615412060845,0.004288575262472838,0.012140250004199604,0.011142150331776124,0.008317218913692637,0.018115920433307453,0.003787988858123814,0.02029944972044495,-0.0006256925561592963,0.02533212289363096,0.009308515346509783,0.016267819125878935,0.007942491700468679,0.008977157166841998,-0.010177233744310121,0.029951296801211447,0.02179664730000308,-0.00501187916676904,0.009710427554495693,0.02133193800713351,0.006515766196889539,0.001689023306441273,0.02016978900180666,0.010940531282341848,0.008706773918655708,0.0023441631629452786,0.005043248397839095,0.006774907900768623,0.036649104792178644,0.031706108024769586,0.10822502486475383,-0.0025964468116129735,0.0011803578027520523,0.033895147155120764
2022-09-09,-0.0013028655323953364,0.00979173521126242,0.0016703477444988124,0.027214118077312444,0.010295968684199686,0.01904142641128148,0.014436690707322786,0.016874789441876148,0.009277084583952266,0.0037613293917073687,0.03204796616113281,-0.001711065499459652,0.008369712869229495,0.015430745391530776,0.03461649237947295,0.02893275653991756,0.03344902736779232,0.017085544422970056,-0.0024901294581680666,0.03369650863308227,0.004564549113454275,0.022452830483321362,0.006499694635140552,0.008405164348147753,0.02537155956892989,0.012671021333300114,0.017072390960439554,0.006015031771336776,0.012429689458989257,0.012968854914833017,0.011891478597606087,0.02277167636394184,0.014444690289720175,0.023856694019823266,0.018983975123151753,0.022354925037211038,0.020604725062800533,0.032258053927955554,0.005604423984512552,0.012502434838329135,0.023437472989264352,0.0048062899615726185,0.0033529362811350882,0.02001056570959725,0.039697032108082064,0.004267796821793013,0.021878721889586616,0.002946873850854015,0.038592053571710805,0.015939580308421908,0.037118792215491414,0.009489964605102319,0.02641498178820534,0.00914951374601558,0.002739594257921807,0.04682098371797849,0.03074172970647404,0.009027508612901025,0.042665197322791615,0.028863559412669826,0.017098167230955585,0.03877399239264201,0.021331688019919026,0.004857106367536224,0.006429628109933416,0.0078111579086468375,0.016467839585059263,0.010236060472234909,0.008949171335524087,0.014429670742852396,-0.002188331591752246,0.027283974019537416,0.014115003247449298,0.006685825919654276,-0.0007213665599415942,0.002210945309433221,-0.009331537775784216,0.042050589432131025,0.020335921711842175,0.007037454937305787
2022-09-12,-0.0463043369649333,0.008484952885438934,0.01106655670162282,0.013479011097107918,0.01845383869815187,0.005584156225612702,0.008347873591385335,0.009784140461068569,0.010643519281851033,0.0021078072740416953,0.02530908314615088,0.007618060663371784,0.009444608827166912,0.003947083873227175,0.015356938657670627,0.022522672438107794,-0.0009590038120905753,0.005218153408817594,-0.0042436603923736715,0.02161272175570028,-0.005656582616694217,0.01167241919662243,0.03135073872053051,0.007198255049760016,0.01050528389718175,0.007801135456314112,0.039118272972405554,0.05979074618029556,0.010034339301552953,0.011431454864116564,0.021824141723764567,0.01463086383387302,0.012410946247623178,0.015435063386175063,0.00708468856817257,0.02561422023222204,0.0017739446130420333,0.013706295538547408,0.011378656630267603,0.005181225375308074,-0.0014679568523590092,0.011831712216086698,0.010376241763432992,0.009808999231138538,0.016728867111731605,0.0003269247752697435,0.011923108200500243,0.0037778439899263105,0.021842846474030342,0.00292178496614115,0.01590672446313479,0.010575892547300514,0.009650794433750276,0.011804700192469486,0.02708615804969572,0.011718156534621826,0.009693033447837784,0.012728329817349504,0.006578464413332874,0.0009532173752493378,-0.0027260271165449046,0.012610499030581757,0.001898627988531354,0.00635541428751174,0.005630246531409311,0.011794452922263776,0.025139833992768867,0.004171970225031352,0.021864479196281428,0.02148471670178287,0.007188463365345399,0.019122838411608667,0.00999286425089796,0.009832633010365743,0.021299591440100407,0.004412135628294456,0.01796266691202697,0.028631489077094896,-0.0017331404339435696,-0.0008522431913252637
2022-09-13,-0.04855252965875201,-0.0366585617827232,-0.02631378638025994,-0.05365742077133684,-0.05688256792729285,-0.04015380351066222,-0.026538194286680916,-0.043412176693797044,-0.02872186551913003,-0.04188240360650208,-0.04370556139441295,-0.07188762332633525,-0.03600795573874649,-0.03676029193524755,-0.04204783328475481,-0.02336137956973272,-0.041516801706224515,-0.03155588364972928,-0.02657301293522185,-0.018008529360771797,-0.047259339909835885,-0.04465186225640294,-0.04988885287300482,-0.02444981392809764,-0.039779923859124766,-0.027973567394954824,-0.029779237000749803,-0.039139653965536425,-0.0358811330361245,-0.02802904673549833,-0.04216866884320081,-0.034796022893355594,-0.04038789139682508,-0.0648934943150713,-0.04377285108660889,-0.02030459452643163,-0.036713062839450084,-0.032991076461402646,-0.026098338274477606,-0.03444477039163241,-0.030873259061170666,-0.034748626389546344,-0.02785014652067308,-0.03144155741736876,-0.05013541028545232,-0.029084986682598957,-0.047383783515638545,-0.04122106636703038,-0.026535742747072488,-0.0290526842562826,-0.036767579434271,-0.029651345898574655,-0.025944549460054867,-0.03265576130249159,-0.053883636755170494,-0.06508969969014655,-0.03360004053450749,-0.025136637860238564,-0.03676184343360489,-0.02455783626301178,-0.046469418591820744,-0.04184324404964679,-0.049273523925742024,-0.03397805363096862,-0.040349952208178386,-0.032805952223727175,-0.04752059241605566,-0.04249732231625236,-0.049051243179902726,-0.03408780093146391,-0.01881058137326963,-0.05748325924034059,-0.032862230542501814,-0.033609587008310515,-0.05266879615865605,-0.0507356236510359,-0.034215618484640276,-0.02876872941385389,-0.06365728666151727,-0.022518024646731027
2022-09-14,0.005270545491852463,0.0018713518740689494,0.006852738131162495,-0.006542293549039235,0.005830539742529561,0.02269694011867318,-0.0015417165288427181,-0.01569011171343171,0.017742853383424073,-0.01399797815753967,0.006115085854035529,0.013237370039779872,-0.003823490193776924,-0.011632649746020851,0.001844350295301389,0.005330708487357283,-0.05082623295268973,0.002726901488845801,-0.012361496435900676,0.04789451411792878,-0.01407111607921363,0.017740622007401896,-0.006483745053529444,0.0032773051889631866,0.006621281970354165,0.0018134138391157073,0.04488177051715936,0.013944923330884373,-0.0023032059802903238,0.003255556556805761,0.0,-0.07664818091900139,-0.006337938755753503,-0.018912055139837514,0.007902087074179942,0.004167444872463566,-0.0270838453974942,0.024608507794811274,0.0034577695589110835,-0.008980545784515015,0.0,-0.002319790092249474,-0.008594551258352845,-0.016822625237721933,-0.0012228739190021098,0.004711955450332095,0.008511864150114956,-0.01046786365354302,0.036345225106136025,-0.021619277587816788,-0.011175575857531594,0.007789285735407159,0.021028113525754177,0.00969864668258813,-0.0347818912353548,-0.03193162124777282,0.001783062459278284,0.0019619043057055308,0.013650478796438215,-0.00453290182173316,0.03201154352082103,0.046009940822273165,0.00199331289413629,-0.002209797142255554,-0.015006598297798712,-0.015495893552084694,-0.00984097967744646,-0.01549727065293982,0.005094498757770793,-0.014416426817237316,0.0062876981953070565,0.01121818843316924,-0.004018908365366336,-0.036855282623925234,-0.011567191769999652,0.0013882605237562906,-0.004679141908721762,-0.023413197234783967,-0.02101367864017223,0.011518535751883219
2022-09-15,-0.01882718031749464,-0.007472121234036955,0.001223221167296451,-0.028048817704363516,-0.00218588293697497,0.006527398673554341,-0.013164277620842268,0.006961206546531429,0.022760232740790753,-0.0009962617049832367,-0.0010875414629017977,0.003483882430647789,0.018895758815236308,0.0002063393523088486,-0.011697630033214002,-0.0069341610200923665,-0.005011797688667885,-0.008205784945325534,-0.0013040272626647642,-0.018265170766929795,-0.010722496890829158,-0.014280010686743339,-0.0070611258705727264,-0.007494177388353007,-0.015377882237959106,-0.03588865731237911,-0.03727294865953079,-0.005790801747084462,-0.02162847497458198,0.012517674769624065,0.02287035403220017,-0.03236035813257532,-0.003587589520845591,-0.019754757567257863,-0.013517229080531434,0.0013489832747066721,-0.017280799867122942,-0.010371155882786143,-0.0172293407815316,-0.019332250526002404,0.01274273954802263,0.015070565173578743,0.0009029063421817085,-0.0019009512978493959,0.006325288640833815,-0.004689857052830648,-0.013319206042102016,-0.012090074832113662,-0.01242093044198811,0.0034446437312256606,0.012035870996078835,0.002377975126983456,-0.02151044266958224,0.01625520440368189,0.00233020051048749,-0.015681485938417672,-0.004576744620660045,0.006340307837324977,-0.02318818910808562,0.018425078952195362,-0.009143676372323828,-0.015158973487192084,0.027188366238765527,-0.008766730341739915,-0.011675349615174468,-0.002098617195598451,-0.010516409004170835,0.0031480516859179186,0.01626181359957357,-0.018131960512874135,0.005635844337244844,0.001093600424735497,-0.008070491494242327,0.0018812519890771817,-0.007550032014283947,0.019870429316777072,-0.024848738737741627,0.010897501979310276,-0.011047903933601555,0.017425774511464764
2022-09-16,-0.02526137013159191,-0.009410117378177985,-0.01749021559809605,-0.03814295360772735,-0.005237752793799677,-0.04063980375336207,-0.02050390845993344,-0.03707040415535623,-0.020359780208301426,-0.05609589304877405,-0.019534913340153337,-0.03665379581991901,-0.01130101648906634,-0.006812437820720052,-0.016548684833075367,-0.04572850472657397,-0.003446106600768273,-0.0015129384793372003,-0.001044490795262587,-0.021028127485649195,0.014451672642175728,-0.013806818169884827,-0.021226232951109814,0.0003873405004957142,-0.02274984330058627,-0.01297946843318798,-0.0382844840152865,-0.01565338218330803,-0.028688517518180134,0.006868233068858309,-0.02096151600739804,-0.012358923155772694,0.0036005066608115754,-0.02811650522857334,-0.012606249556630367,-0.0011397871066866072,0.002770440118852413,-0.019856334337452264,0.014184455424035347,-0.003747772913559988,-0.016177378159571654,-0.006702308659754852,-0.026344298941842204,-0.01278939122588496,-0.025952855585415935,-0.007405100345198035,-0.004945464973766023,-0.0035055529596517143,-0.02959291180426671,-0.02043034883104533,-0.02842671802484331,0.004745045252553259,-0.01777334621876492,-0.007391610578173169,-0.024576583462408208,-0.0036622899138989418,-0.020306716238061795,-0.010006421516659647,-0.02965285173904586,-0.039691974589057155,-0.004789065749192245,-0.03179431929624521,-0.012911547052218086,0.0029324320819146266,-0.002852547845311637,-0.02138102333229508,-0.0019857913926295545,-0.018453358802928976,-0.010390618703361665,-0.03848560775536891,-0.011147586080691108,-0.0193537400841457,-0.0025887579359373802,-0.029126340222121683,0.01711684412639669,-0.004530990618299757,0.007805177122116591,0.004508026309663515,-0.019150978849784894,-0.021536392444839403
2022-09-19,0.017194308947527714,0.0,0.011971323015596669,0.035481260910153134,0.011201343677190279,0.03154568899250143,0.013282962677541033,0.013422129927532334,0.02029969344585858,0.012414158295873667,0.014894149570530368,0.004089068016724262,0.01670561885404953,0.0027021418054813395,0.014709882818320308,0.03902434887669903,0.02394208048158797,0.01856150055183714,0.03816014454935357,-0.0022980320331551507,0.00868098146608709,0.007379298161660275,0.00858648539158402,0.014128055188625588,0.00849892934684715,0.03399220380178414,-0.013768143293528823,0.02625736170241577,0.01777272035661026,0.020463648911859034,0.011704087500268301,0.01877059242941237,-0.0008967631610194982,0.03478276539407488,0.006105960932137888,0.0334025049192197,0.0072174649375955635,0.002813644901602741,0.003614459635493672,0.01746893856091103,0.022229070901755854,0.009224332144000646,0.02131207080364028,0.020948393615458194,0.021856805043369176,0.007460344948148956,0.017192833316451273,0.0056287403336552355,-0.009402552989215662,0.009018036284234698,0.015077049998419412,0.028925692066556374,0.0033331844692694457,0.00903354783360344,0.014896110813636287,0.010475962560106744,0.020727626262870613,0.024520140919170652,0.017906534600919732,0.03760729651426997,-0.0029341811704585163,0.01563726334963733,0.009810259166326052,0.024412937266169887,-0.003987772127825973,0.02883238907507324,0.011819992914820387,0.02046304110858621,0.007769779207922767,0.03340873249216125,0.012074015100522528,0.020054236571032114,0.0007416809327303042,0.019811490523913733,0.0018698220365340745,0.008648151952054484,-0.014123056143797497,0.026146457470628715,0.03189060855380044,0.01178506910233268
2022-09-20,-0.013718890734321199,-0.011399835023327531,-0.018282171383909862,-0.00428314877367908,-0.009467783379578099,-0.009829553522087253,-0.01385551699263532,-0.009445566268301064,0.0,-0.011479125451624994,-0.01210077275796173,0.0073163826813171795,-0.014989938094233879,-0.020522491287731648,-0.022623622315129266,-0.0376964903373157,-0.026759948039421055,-0.011250057208699982,-0.020392651765451686,-0.007087841064638445,-0.00451156509352546,-0.006572212256156895,-0.013861602597871725,-0.010877936907843111,-0.014656100839547492,-0.01863700154884884,-0.011836188033176875,-0.025225252718538815,-0.01984939965317789,-0.0017825576267945786,-0.008465010191479827,-0.03323710244630218,-0.039600914476952576,-0.01955412561694747,-0.013517182165795671,-0.0043164062595202335,-0.009069094412504475,-0.006733853313595106,-0.01119558771426754,-0.013218402455733136,-0.0217456845383458,-0.019718772490105896,-0.023770500528304983,-0.019438579109996357,-0.012018916048175732,-0.006395275821191704,-0.01029975966365737,-0.011130871976963164,-0.004361460616671531,-0.027532050381097184,-0.028083234485330566,0.006311087761293965,-0.009017420326040138,-0.008952673429935332,-0.02155486657197081,-0.022189696768529554,-0.02158357229959107,-0.009774188856546906,-0.024818186094442085,-0.003382720787432514,0.002354272135511204,-0.012060543442369731,-0.011010329126658669,-0.0157666352391318,-0.015492384837021533,-0.02541338668553139,-0.024288687636361606,-0.0032586104033330843,-0.01458644420430455,-0.014524406452842586,-0.020330008131209998,-0.02870971813287826,-0.008521629088979354,-0.013552374826776403,-0.025009351517063627,-0.020532470177269446,-0.008779859356459085,-0.02034617624771995,-0.05960273045938136,-0.011647798986388125
2022-09-21,-0.010680645925021826,-0.01537460594271911,-0.016041023947770294,-0.014423069033953961,-0.01051437715288095,-0.040591221669162625,-0.010937257638448106,-0.0057006947825555265,-0.014211370428691472,-0.003694952952541075,-0.03107886973884777,-0.01815820961314152,-0.02985060677482554,-0.019470759938907123,-0.033934599170551416,-0.011766537995373527,-0.005339248262259622,-0.009074178333046912,-0.016448282388648816,-0.008744608790900221,-0.015172450594194364,-0.014678566598650522,-0.010514686913971172,-0.006559747076432809,-0.02863247903578514,-0.004727456512766293,-0.009828015170367688,0.0181146651492492,-0.019225708697116928,-0.006249995113450035,-0.02504264945619572,-0.02167394558847424,-0.02006312459470061,-0.013680434061452806,-0.019295210502810356,-0.037604696144362126,-0.01530978400305505,-0.05084766756253556,-0.010847094081561925,-0.010880817261866293,-0.014616345851548584,-0.02883547191245106,-0.017100402734595344,-0.014592446805008707,-0.010515172962610064,-0.010840322613311804,-0.007204674031755731,-0.012028032489081242,-0.024993716149345535,-0.007404579164671299,-0.0064210861862539215,-0.01026241217877244,-0.02250966407183075,-0.03283912134773048,-0.02880167884173368,-0.023251567854584265,-0.02245165608322164,-0.013099706286646806,-0.02155407862082659,-0.012468458453704256,-0.00974742189296629,-0.023895879191018654,-0.011132906086810612,-0.006674617059338583,-0.013171967721691047,-0.0010716444274387893,-0.010668592660172171,-0.013579944689535273,-0.027278499403984635,-0.01045958911418332,-0.024168942404434235,-0.011405609261994076,-0.00971604127045067,-0.006470714972000913,-0.036753477678052704,-0.026261407899839107,-0.012121233136850762,-0.022127356002613396,0.004694818283146773,-0.01039861705413092
2022-09-22,-0.01506394041049508,-0.007807383126086864,-0.007236522173353577,-0.023876772450815098,-0.015649036047834075,-0.03702001720429282,-0.017437967824112,-0.015532136547790065,-0.0067276866028915805,-0.019602881590747412,-0.03819536445374638,-0.03196305943793254,-0.019607766591471676,-0.016188111892094903,-0.008141867999157726,-0.010744785012514968,-0.005099335946209704,-0.017650535291021674,-0.017507151740527194,-0.009271702878859589,-0.02768620718170045,0.00559538624417244,-0.017785149928538302,-0.011652806146824957,-0.022298837242672342,-0.016051096884934002,-0.021091960238455054,-0.045025477024137284,-0.012937759814749095,-0.013477387431837906,-0.030648013208836478,-0.02100860686391115,-0.030335523770208317,0.03041449616239733,-0.007413760836332273,-0.012465990668141136,-0.0060239939164715706,-0.036309481518705056,0.0030415852744669625,-0.01987351432206763,-0.04233610661752185,-0.011378879699485256,-0.020045373550876322,-0.02710247710225644,-0.02708930271081811,-0.00787654679797023,-0.00752595254941224,-0.015559921323482828,-0.03250546403349508,-0.013954067562122807,-0.013232779006504436,-0.014976833081968843,0.002939771777175526,-0.02385612711734808,-0.012180214038685189,-0.029518202952741435,-0.023233849373712645,-0.014582105466307671,-0.026227054246529047,-0.005681969503815609,-0.010317800406392741,0.017296085154851815,-0.025827673640153592,-0.022568075401707466,-0.03735688361301592,-0.01841585506305743,-0.03223110085879599,-0.013639094866435553,-0.02608705890147278,-0.013613002318917156,-0.0003820221991928108,-0.007637242282029666,-0.005283102061689138,-0.012836992644804646,-0.006359278596378859,-0.017742922979086306,-0.02406791146797871,-0.0198490136331253,-0.01835783052184048,-0.02364279744163289
2022-09-23,-0.02472602328367457,-0.021639295279505588,-0.011454314681138111,-0.07127824965397322,-0.02001968168916446,-0.02626557451680278,-0.009349884201719671,-0.01228296942102558,-0.013545978351310106,-0.019454162614139126,-0.019366646185042247,-0.053709262824846005,-0.023692308206102686,-0.028960148499369898,-0.03699770630804322,-0.03654787550279881,-0.03264085941016093,-0.014682908444362597,-0.013298080779674648,-0.08604384251512076,0.002880851397816686,-0.035331900147796635,-0.016057333320196543,-0.02416980094258314,-0.02603752141453497,-0.003329072189840132,-0.08602667627519167,-0.09315585272483251,-0.022375288527785697,-0.006375124910578789,-0.012345706229952902,-0.03472482918838038,-0.0004422143772079279,-0.012487737056503745,-0.025854715756972624,-0.036915152591135536,-0.010793844772420402,-0.02285361860783164,-0.02074856288753546,-0.006141088481421586,-0.03259130483459516,-0.01861346205578429,-0.015824049722513833,-0.021251987473459688,-0.043906602214185186,-0.024853239489667778,-0.017874160135669892,0.0011243507537794795,-0.08931960662984262,-0.03141818438281385,-0.013878008374004436,-0.016959354588081288,-0.06448462798513088,-0.01777959568097265,0.003574131659105362,-0.0480769571194849,0.006561780986172883,-0.03272629081007328,-0.02328862922615771,-0.02857141262805818,-0.017016408302188424,-0.08448847858719166,-0.034670460361525546,-0.021193003445597602,-0.013990073359797628,-0.013843390074811168,-0.02216154266109449,-0.03179137926118225,-0.010267587755649843,-0.028251579675455663,-0.009681628885316096,-0.026854480788757185,-0.00910455132793997,-0.024860151751103343,-0.02239983899510789,-0.026734132221338247,-0.027804758847069677,-0.024706354684408183,-0.014280730797269214,-0.02206266028578807
2022-09-26,0.001829820137010163,-0.01005362156060563,-0.027145332491554486,-0.00962900423008961,-0.03334677701492095,-0.048307931951336536,-0.0066415810846962575,-0.011256383320154217,-0.01324187509011876,-0.02094236561217988,-0.020033920758264157,-0.029864378584452567,-0.022061290872822936,-0.028694268427957748,-0.009863855835329671,-0.005179574832002598,-0.010317888277265541,-0.0064709847118910035,-0.02344988615346011,-0.013818648919214138,-0.007027460976273603,-0.006488622868610738,-0.004629683969940568,-0.007450641484904819,-0.013869286660622926,-0.01503136229012858,-0.04350813357641892,-0.011740070531112257,-0.009479957682377416,-0.00641592756098841,-0.021646165408763296,-0.0020212115014726084,-0.02643198579261008,-0.009361243551677667,-0.0053081697030360475,-0.021588206008866795,-0.0076439163269229615,-0.018963345982847435,-0.005704490250266869,-0.002610068799274168,-0.025350252543778762,-0.021532086969923037,-0.026078487682453244,-0.021420622667879252,-0.014112875590976182,-0.012389279255251906,-0.012822099123966813,-0.014466758711146444,-0.0353928434324885,-0.013278212304401404,-0.020872832028424826,-0.005948791149067545,-0.02976489500304591,-0.020932287331253074,-0.010238702864434401,-0.05009264854232853,-0.0005433403789009139,-0.012062285572654208,-0.01974892830757391,-0.019172298859514658,-0.011459172530122741,-0.03257148698914736,-0.02042246358139732,0.0009202128526168973,-0.00764484567428203,-0.006464692982394382,-0.0017726819942223138,-0.017351584571188794,-0.020748623623014883,-0.00918947442791429,-0.03138661007154897,-0.01800425008647688,-0.011102663562010617,-0.015247084319947368,-0.04541751459700538,-0.009898746973793782,-0.039791027223521125,-0.014327345997289798,-0.027250902253340703,-0.018158443195056218
2022-09-27,-0.012522864674985645,-0.0013541531585312683,0.013243249028023207,0.001143754630651861,0.021444230961920496,0.006183917940665085,-0.01636314657429283,0.005312781588798332,-0.006958298372017668,0.010976528437579569,0.0002907389525885762,0.0013350542110017738,-0.014824284004168353,-0.00930453236838158,-0.0011067248133993512,-0.026493279940118075,0.025359344805581996,0.0024179127677026457,0.012972649390674329,-0.004435369781846443,-0.009350396382659998,-0.005515405352712999,0.0009303101495745647,-0.00892688659995755,-0.02313502147651114,-0.010852094942382262,0.017941051141261433,-0.009758147866537059,-0.0010936555573893836,-0.010608811608521118,-0.016204480231774454,0.0008100888417894581,-0.001363465517886464,-0.008952274768250224,0.002371868828895174,-0.0002252171610009901,0.0,0.015463864744922118,-0.0022128813593980112,-0.019921052987886267,-0.005133479166851251,-0.008802180077019828,0.00906001569844328,0.0011995441258714212,-0.009543230737163344,-0.015412262903144569,-0.011173306559395968,-6.734634784333338e-05,0.022077021783790673,-0.004283951332836988,0.01469640265854455,-0.018551929804147438,0.01184033320433131,-0.004773446528136938,-0.0009894356223348888,0.006076399808296884,0.003125560472440281,-0.007345742959015911,-0.015272573993524663,0.007404248321150941,-0.0011097865824729602,0.003544088721130656,-0.0014380067251175133,-0.011227159163754385,-0.006847923507640186,0.0007436496532164938,-0.014840046239893323,-0.00869331763071779,-0.00875178364868645,0.02782479461668652,0.0042499854233981615,0.009081341053081005,-0.0030972346912683246,-0.01797285119946923,-0.012001628376016815,0.0005000889626454175,0.003107790644717223,0.01516761233460473,-0.013829709091512599,-0.014384595397874289
2022-09-28,0.029590430748877905,0.01762701007418621,0.015125453152112112,0.02599257043815406,0.01115601210487549,0.033290634121876606,0.022806575535027074,0.0165012808364291,0.01801814285643588,0.01531203526832181,0.022328888529252522,0.04650615799410174,0.016355851055403825,0.019018777237354678,0.03275047214105409,0.03287715777050493,0.02280862852861021,0.02165684802687129,0.015258572145889104,0.05792909157887283,0.028733127524713353,0.029334706086216578,0.021375382288033373,0.03377706309882056,0.03703711549126498,0.02699933251750619,0.06907622575005656,0.03170521706428153,0.02682730923694776,0.009790150552932309,0.030725390687508458,0.00242821648738345,0.03310211303555133,0.033957813261009884,0.015380024670557768,0.0156513800711362,0.022108557173993182,0.05012682093719789,0.00837859887278225,0.027028640892514222,0.022703858116795317,0.020217398041403323,0.015961367768748014,0.038634349928432954,0.04152343528545854,0.01783775679177313,0.024576432409474158,0.011864926447086921,0.06571351681589799,0.01346816345008306,0.02673888685649417,0.024390370176942344,0.045744902900993534,0.02404935793450913,0.020169352608340407,0.03990494599452643,0.037117364615054216,0.009700138332702002,0.024513499553841633,0.049904605592464346,0.028395073028891105,0.04296632546048795,0.02519819395947498,0.018402589664682667,0.00478825327879373,0.03195239360020952,0.02471966606015963,0.01068758280895854,0.028113189418572215,0.0024608494435089945,0.011108029197866465,0.027678794362390624,0.017475827965528934,0.02321927196971152,0.042082291810050076,0.01948517312828013,0.01884857493576053,0.01888355409063891,0.013664321015750769,0.009666496291763416
2022-09-29,-0.010264354514858631,-0.01665519743890398,-0.0018625005524995908,-0.004175883040866135,0.009628840787731852,-0.029987586870633964,-0.009443906037486127,-0.01294431003398544,-0.012291027735565008,-0.013435756824798473,-0.019706741559744834,-0.060776382358900816,-0.013195961226744823,-0.023271880489708963,-0.011087408404178545,-0.026347839568301223,-0.03788308585768263,-0.014356771899706855,-0.0029520611782506423,0.006407937960983601,-0.012672593877613214,-0.005395383232345896,-0.005687006375171388,-0.016039863060350212,-0.0196178713440589,-0.016024059410223113,0.015320500412156823,0.024501667543904482,-0.010930380419814423,-0.01431200545858402,-0.00496749710787292,0.0008140883261025245,-0.022352003811467958,-0.021679276946529713,-0.00903008680513473,-0.023170553682776984,-0.021630341531549968,-0.03895293409663314,-0.009205040939088582,-0.01752511568351567,-0.02119060386850058,-0.01694595966597512,-0.0029456673867439553,-0.033737078886657446,-0.01960347972317178,-0.008583933593583337,-0.017783485873273275,-0.0019871876771212493,0.015129966134698858,-0.010012915394075672,-0.016276536550507092,-0.009523857657010026,-0.004069226307131801,-0.005673337446135962,-0.01491627479602775,-0.03650683704952995,-0.007314725675574452,-0.026641595755510727,-0.0071322003914053855,-0.013965285461425059,-0.011524583344953654,0.014955110657394632,-0.009831540518874915,-0.02556709523906031,-0.013787770087673179,-0.007020691179204341,-0.029903090458824222,-0.030910870104890686,-0.006327611255960042,-0.03682484321596802,0.01150897170532228,-0.024289648994400115,-0.021374046823100512,-0.013030780411102283,-0.0449625082295354,-0.007596002949689651,-0.03142411410742141,-0.12443988499292147,-0.015608508309544522,-0.027970646282531653
2022-09-30,-0.008815038828759558,-0.012872837049270336,-0.0026773243403659386,0.0013977980548136593,0.021061054025276693,0.0002555476848862259,0.0011476700492707437,-0.009029306126117631,-0.0004977634550624721,0.003890984213741122,-0.020901391732389474,-0.03391047584702833,-0.015003179955239587,-0.01698521318898427,-0.010970379895988036,-0.000625879983211397,-0.009215510438780106,-0.00527891734357222,-0.006729443978070182,-0.01273386239976737,-0.003491373540350229,-0.006780153823178536,0.001372667042778053,-0.013684836823521285,-0.03201635696192595,-0.011195936897285819,-0.013777275507481868,-0.0077016835618169965,-0.0132076778942265,-0.012646454214575553,-0.0028081324216604475,-0.011793439343150913,0.014979332129115619,-0.006118909725875921,-0.004997003313801374,-0.03359450153387833,-0.018227677068936243,0.0056997772132016955,-0.023185235668819804,-0.01756588038328666,0.013745625031983622,-0.01563687446018691,-0.018317778009711683,-0.008654056963169343,-0.013480066454033657,-0.013347607154511554,-0.012631609258820453,-0.009027595500829766,-0.010967579129881,-0.02283842675814296,-0.0058305143107271196,-0.010216262746250648,-0.006128778848820016,-0.008691086433845863,-0.008242951421184364,-0.035522222504123624,0.006579117141274349,0.008985052092138623,-0.003104971837186832,-0.0010673072981334242,-0.0058294739306478105,-0.0019463234324255119,-0.007801471951767058,-0.006954034509461193,-0.01636436349277859,0.001087769642077463,-0.02590340222722176,-0.010772009698906682,-0.009779360785730828,0.003228613119654611,-0.009567856115217044,-0.013378369819157965,-0.0031202714742163407,-0.021987831577218397,0.009590270675582824,-0.006913446839560522,-0.017268581162297125,-0.11281702779124614,0.02918928533392129,-0.017767600014112483
2022-10-03,0.028511668213706765,0.02676725963371851,0.023590539045380998,0.030150805143941417,0.028993943856644666,0.01941247233492005,0.0365047395175262,0.031890603472760626,0.022908412528919397,0.029069793650028597,0.03787685531436069,0.041047250954272974,0.029470147090514986,0.021358218813022356,0.043576347590393194,0.03459079635927065,0.05890648441557533,0.029875589989994067,0.021138215201335075,0.07455537373626653,0.032587080113420486,0.025366374376762924,0.031985363802678135,0.03183040529043191,0.029683047099003268,0.030107973620439932,0.08647941935801007,0.06413397566104662,0.03168537404411098,0.02277042508511351,0.027221745182201218,0.027571968802195812,0.010763121679622234,0.060066594314194255,0.025701754815968147,0.04310031343850729,0.03635382180560831,0.03085638362751686,0.02272548469900193,0.03487396718480973,0.04000011701160466,0.030908895226130717,0.03370791824171948,0.02438284944679725,0.041220493713484796,0.03436912283485771,0.0321253351247468,0.03744387499092361,0.11174301123354824,0.03410438046966169,0.007608246670375296,0.02428663910068729,0.04676276451340189,0.02931328500208452,0.03162004981430333,0.04441989258934709,0.006274550561959913,0.026310333911149453,0.04895161679100424,0.028854270620039202,0.01526989965787795,0.06685256737339684,0.046461804145257135,0.027861831908176038,0.030915296665472658,0.015574078075701436,0.05079132077447812,0.01951620723516223,0.026871768988551592,0.03404451422423471,0.025261211774223913,0.03810507557777365,0.018388330482908,0.02792309502664403,0.0008636674495725583,0.033813751196618114,0.013312309666681399,0.11064480019228551,0.028361207707731317,0.026543526694534192
2022-10-04,0.06790422542022134,0.03008031620329099,0.03647783464348997,0.03821137639854144,0.03763245621562494,0.06865451488205077,0.030370051397964115,0.03584572438308209,0.049659215307823024,0.04842627277519229,0.03885164003231667,0.05918279472008381,0.04149233680398545,0.043468180407636225,0.04905680593608497,0.011648996527656275,0.04338598139384753,0.056968365907398955,0.03795132102456278,0.05137769127813008,0.025396987502459778,0.05452371846914472,0.05069715734188196,0.031837000235633406,0.044373531579910974,0.03605644039877354,0.057247778178210806,0.05182343266824829,0.03587500615361483,0.04081632238617572,0.044775873789388854,0.0692832637028189,0.02700643920086465,0.03578749002586212,0.031970071897589714,0.01778887629847037,0.029761784777833977,0.02932202167715703,0.032836673431416274,0.0335920009426498,0.06779661994881758,0.04678377972355152,0.03241457965417993,0.04496049262207258,0.0776465059243514,0.02297649476563457,0.03291528781315667,0.02472883482572419,0.05549890758247389,0.0293818637921488,0.05206853312026327,0.049792432182958146,0.04123709995606584,0.04447328355428892,0.04343605663586736,0.06326119717865564,0.0392308302306732,0.06014600485235855,0.027433107470256513,0.05532853348673261,0.029118094217417845,0.021410028578423557,0.06625690054667643,0.03604566359202588,0.02782808782076729,0.054921503491318635,0.0530176128233395,0.040366135900324895,0.04137772944748774,0.05094193205267916,0.028012791065877618,0.051421980277835955,0.03265452024724547,0.02556678135002244,0.03537521951015821,0.04713824751185225,0.02863893470570744,0.06492008104239799,0.017704990839129797,0.04424440656618689
2022-10-05,-0.003469217413971215,-0.003244556388107056,-0.00874093473572679,0.0002609846299868046,0.011117239701821324,0.0002344272256857849,-0.0003302764023600524,-0.0034504157106374223,0.002318819310041187,0.0015398031563125247,-0.007493398811148633,-0.010486060625316651,-0.014206352782477616,-0.012835138065598106,-0.006958602964736493,-0.020637005809851172,-0.001275690550065156,0.012775149100170635,-0.010739067106035782,0.0026810793290465984,0.0022382529261815165,-0.00970266800825903,-0.00042108058840217844,-0.0045994098797609295,-0.00630914340807065,-0.0027326262728704087,0.026205056153142614,-0.0032846771474779324,0.019424675565177907,-0.0057932147302944825,-0.005830696772906374,0.004868675662534683,-0.005237769333170883,0.011516695329100823,-0.0044657771591518625,0.01780974257448431,-0.0021324726709650577,-0.007121802866954852,0.0019125819981222758,-0.0021735750260531983,-0.004273736056779054,-0.012346991817672848,-0.0073323876166990765,-0.012373637905065848,-0.015019253490769158,-0.002764513985357153,-0.0051997448574993,0.003276553735440446,0.03828409243392161,-0.009633944007342299,-0.008522654666201723,0.0,0.02121654386622751,-0.008777223636802,0.00906425425150914,0.016683374449499633,-0.004249853157275885,0.005766389242668701,0.012422936757870762,0.018963149690835346,-0.0037412722830024725,0.06262760043329907,-0.008328081643547591,-0.001958927072050587,-0.005872228065211038,0.0015213007576069248,-0.011054956142135364,0.006666765857718637,-0.015034143056211646,0.0177681914861747,-0.0057596731069968765,-0.004245963430052124,-0.004092250591894997,-0.02317642635930095,-0.06375004997679334,-0.00528241027722931,-0.005875043403461677,-0.02216824350328861,-0.0026762740645563943,-0.01834189816393883
2022-10-06,0.00480201753489129,-0.008463760718530833,-0.004176831323268293,-0.005219226631843266,-0.0063085134932723275,-0.0046882504372907086,-0.011314914388892205,-0.006822792156484958,0.006015775663211764,-0.0017936216256343451,-0.013784246508985576,0.0006812227497905443,-0.014411016301611679,-0.017791781957914976,0.0024103629770722,-0.017254674309615914,-0.0056191639358039724,-0.015956557125338833,-0.010855514849937187,0.014836630850781019,-0.0032286826451943806,-0.002818953775139077,0.013068960944506713,-0.009626424762913866,-0.007539618595484354,-0.00467443285729463,0.01918756056919868,-0.015378985152223024,-0.003760622986377693,-0.0017930426647598807,-0.016715702321683623,-0.011926792057590285,-0.012035299219708917,0.006891465760855864,-0.006167514317891198,0.004347523203883652,-0.015578307950627868,-0.010161314236288743,-0.027914567965536152,-0.004719642481627262,-0.00429174010460831,-0.02038226973944457,-0.012310500227138421,-0.00427102013893188,-0.004159818911386504,-0.018710856800870146,0.008577822331411467,-0.008320858142730425,0.015402791163518392,-0.00945615229513419,-0.007691251993441228,-0.003952356932391821,0.011080344981607038,-0.02210630615381659,-0.020793393708948615,-0.018979686549544295,-0.0010042006751156407,0.0007397244275773041,-0.006774311821722279,0.015584006188441135,-0.010914342539735777,0.022131335543890573,0.02583984384783511,-0.0008876693253478951,-0.017037234347130115,0.011645546442345722,-0.015066896303348898,-0.02319695386160925,-0.021369386132557455,-0.008269514374006137,-0.008408821509713449,-0.010896862442407396,-0.007471155455813228,-0.012012714188357032,-0.013796113842401092,-0.024705818423772175,-0.01130533152401858,-0.02833820390564834,-0.021469317574072888,-0.020739912323149756
2022-10-07,-0.031063354508424568,-0.02823361183550188,-0.013282797520294376,0.00419726788812369,-0.021403848370710743,-0.022844970016981936,-0.028568863289808455,-0.02040395661516159,-0.03035869415255299,-0.026950845565995807,-0.02373913125483318,-0.018229982736330363,-0.022568304096640235,-0.020204518610104527,-0.0070463567884709866,-0.02687991409999191,-0.011302658287555722,-0.012410773745616388,-0.020381502984890387,0.007309679728005891,-0.029711948301358704,-0.006325968619518063,-0.027049276824004265,-0.014774568506457642,-0.028788538508025874,-0.022510227394546,-0.0027687958108640887,-0.012272217597486867,-0.020636546073839912,-0.02110474379481564,-0.012824420881095144,-0.03319513873878843,-0.015118374854123151,-0.038535887908690114,-0.030465520200084195,-0.02348238974030492,-0.020738233775855708,-0.01570044765040901,-0.027898505941139184,-0.023397588543744408,-0.030480210535351437,-0.019973804921444294,-0.015340498365089217,-0.020017170910024307,-0.022556422708882806,-0.022598924171655543,0.001594806041926633,-0.03260867226393427,0.0011492740735550289,-0.019914921366283145,-0.01231015264022739,-0.018707626246739828,-0.004109699802603672,-0.0280650668364143,-0.02853977471489544,-0.04010478282652141,-0.02613746101133574,-0.010164453476610658,-0.03307298351219745,-0.04292703593648439,-0.0032035385739317412,0.0023535831819034847,-0.024559190346746473,-0.019924171144306002,-0.03681585115879593,-0.02786116461806476,-0.0436713842688351,-0.014740116170304907,-0.030080451250232176,-0.016831460331551806,-0.014511210044589662,-0.021235917358733203,-0.018065431672737997,-0.013067267439062835,-0.03790614635953693,-0.010653175943317161,-0.025503238644561832,-0.014465610826038255,-0.017483878151306365,-0.03892394753891937
2022-10-10,0.015536301407737652,-0.00945948010919928,0.004329829026737508,0.0015674340440017254,0.014643150469243249,-0.007471712719932411,-0.006535485324674406,-0.01130418485142759,-0.0018974420234155742,-0.013452803683357106,-0.010719498034843067,0.016257036131436475,-0.002926757481654052,-0.01398412603851995,0.006307835157923547,0.023311462411684136,0.03611335202792443,0.005503681401759497,0.01040274169846378,-0.014429085857523116,-0.0017569362585201365,0.00528266127912147,0.0075918864918038675,0.0,-0.020584466026440373,-0.0008282888607282768,-0.02345902380728193,0.008283178656883328,0.006938035797320108,0.013302751832931836,-0.0036251163763406646,-0.0179475078305551,-0.015019362697206717,-0.0037143245220492282,-0.005237126480578169,0.0032135466884872788,0.0028003287178730574,0.002454036446990937,-0.009005103560331351,-0.006829808472833432,0.005398571239652705,-0.009341439619743541,0.0015579420434135294,0.011963841349619697,-0.020298985778690715,0.0018061721849482737,0.009287512348508775,0.011827384812030939,-0.024104863167351165,-0.010859156869277298,-0.0027695745801016303,0.0011552079978334184,-0.020174053861389152,-0.003237910003490607,-0.03165174189477182,-0.017426187137842608,0.012386950806822838,0.002147155246171817,-0.0003551056209194492,0.008082796677552295,0.0017853871839657032,-0.010800652099396957,-0.004518948024355263,-0.001241034323570811,-0.019078300149403038,-0.012699531022025257,-0.003612137333637966,0.00844999304840921,-0.00505387535299473,0.001570650581977695,0.0038246052442472145,0.002120606074799136,-0.013415019187171473,-0.008025598216616525,-0.0032832784293881367,-0.008136201468416426,-0.0005377695921573444,0.022490438561845627,0.007327447908303197,-0.008338291088755945
2022-10-11,0.0009713249333676011,-0.004092846479499701,-0.006270850555380014,0.0031298625823470427,-0.0026488902720922525,-0.010684765018170284,-0.004068199602436096,-0.02170225960440708,-0.010456240308988618,-0.020588273050945793,-0.001163030081037797,-0.00250179368866843,-0.029028069249090738,-0.027644156526437702,0.0060447526149551845,-0.021220007955757736,0.0067703449004947736,0.003785815076257748,0.01240778215730809,-0.010445209082717843,-0.01058566613583678,0.008825969736297123,0.0006366713452778949,0.0009864485763571018,-0.021647823490929308,-0.008705034679688084,-0.025302077037113402,0.003734072873678551,-0.004721240723415399,0.002716400279072717,-0.01697998056223038,-0.01470008421498592,0.017602718857465227,0.0026408015791048456,-0.007604506241329467,-0.0006626957368361941,0.01006441550598769,0.011627714398978028,0.000424569375857331,-0.0005374705514634703,-0.015161180099197757,-0.028859967873067216,0.009527617303244362,-0.07237594646346746,-0.007851666152501102,0.012982550985125574,-0.0009203180594506977,-0.01058550761897159,-0.01834855470475949,0.0025916339669180832,-0.0007714665777114327,0.009809866920685417,-0.012634625381850006,-0.021013975558520026,9.028980051017932e-05,0.02927373508012887,0.013127830038108135,-0.025337812175270535,0.0026626562390563713,0.001708576610691681,0.005109438679247624,-0.008782432376512106,0.0045394616154539325,-0.0011944436582229656,-0.013390571541060936,0.015470179185345545,-0.007638289910686602,0.009065869661726733,-0.020318610892539724,-0.006899796600102981,0.01257321357228447,-0.00032554712356935855,-0.005439090773569744,-0.007266236566626838,-0.0028235931607084597,-0.029433163129554907,0.0008074970090974354,-0.0013892041247823839,0.020436388777270498,-0.015415390583224275
2022-10-12,-0.02620102286407333,-0.004109379860089635,-0.01309336040158593,-0.007280259645401799,-0.02133907711351324,0.011536509245022364,-0.009299414528040617,-0.008440713967975189,0.002401447665348444,0.0016380550319017306,-0.00444176821618425,-0.008740663458652431,0.003023243617386484,0.009641320132874442,-0.0013908276192098334,-0.005260780566140766,-0.013200489977657104,-0.008951601055425806,-0.01303814555597771,0.006229515581902323,-0.015298474825933273,-0.007479601928162993,-0.00392399635242191,-0.010447303377344452,0.0033297973074590814,-0.01839934377942043,0.012104491182378885,-0.006696369175854366,-0.006410212078936883,-0.0027090414381540917,-0.00616901424479499,-0.010080744768091177,-0.003966578698713308,-0.008520715596874617,0.0020630295400700938,-0.003647735571777666,-0.004780412903518716,0.0054448942882530105,-0.0019525138569946865,-0.004730414622430845,-0.0009622277869016926,0.016182913287193568,-0.008474646824055299,0.001243406888504106,0.0028575554770915446,-0.021360077049525028,-0.025526391143289362,-0.0024282853345298783,0.018212468177543295,-0.006908313599856997,0.014360608885307213,0.002285877099127198,0.006160960863103693,-0.010563443658474503,-0.009660433911155675,0.012455656820950178,0.010190070391048911,-0.012615637908617527,-0.0026111916985777084,-0.015352203642459927,-0.018915012602509496,0.006226167796603788,0.0,-0.005979680501473794,-0.012045295429666147,-0.02310849908308832,-0.01213309856463185,-0.007486881693137715,-0.008484464835092465,-0.017527155222234803,-0.001881668414022597,-0.015469770860876308,-0.002734289732674422,-0.0026992482366309245,-0.00471911713979245,0.0069603660029191605,0.006187759487958244,-0.006955607523669527,-0.0023761311022447718,-0.015046887432483613
2022-10-13,0.022421775624395845,0.019944808076432174,0.048116208574424446,0.031953934283697194,0.034156839151770146,0.016743568472104897,0.015878488447495176,0.045509177380056,0.05031137501116034,0.03706700991512246,0.03912812627201245,0.015181688048900188,0.06128593562737428,0.05166506825706829,0.020278484200197733,0.03685892597252027,0.06133266195759579,0.028610641971985595,0.03883778142480443,0.05537399774924112,0.013781344879821633,0.0220695463728251,0.022891808811050574,0.030478021144053624,0.0345785669231371,0.036721374233754656,0.04106617847004701,0.028464355798375474,0.04245173082694942,0.05794495052801829,0.06610794449167257,0.026476776477417863,0.004646137021514951,0.01796886721668689,0.017646962098660346,0.03516763738785067,0.027547895725076987,0.012635282133276249,0.03589357533288107,0.030461806940263125,0.012520085846415618,0.05559297904852745,0.04234654351154332,0.003414952289014339,0.05699258876526536,0.024372728819685996,0.026735165014919016,0.026317572888280072,0.052482850704706374,0.02030109273434033,0.03318638297015464,0.04503934297810486,0.029203943048525582,0.04687948641195283,0.023064892100312262,0.008817107072056851,0.022042306530366762,0.031071482646030102,0.02946645772682066,0.028185074036765068,0.022653730356552604,0.051641990382373715,0.012265983048738827,0.02204158022909719,0.003812220326624427,0.038198708898424805,0.017432819166879776,0.021396097769788902,0.04777753000510132,0.02957231866566623,0.03989711459016565,0.021336379491039503,0.014492619270548568,0.024047502550510913,0.026552874004556637,0.046161352953882684,0.029411519208341286,0.027317134890358696,0.01395043484062608,0.043972111128122826
2022-10-14,-0.0358187112518098,-0.020229269954512907,-0.016707380830498275,-0.026142196804677997,-0.02959006214710136,-0.0016706370471367693,-0.021934474016214733,-0.02661798507856128,-0.015054648169360751,-0.024178555409162028,-0.03348661514123963,0.005664652829111105,0.0003155638376883818,0.006519187158837925,-0.027028162747173012,-0.02009255028038459,-0.0197382647989095,-0.022688751048144717,-0.011190248355233301,-0.03894411959555699,-0.02917387463505905,-0.023963143931838404,-0.014260460681929765,-0.018364659807870387,-0.022661392209441855,-0.017258276212370305,-0.05854675224388495,-0.012017477593167625,-0.03181098258270609,-0.004278960216133387,-0.011354025823970493,-0.030555690165277483,-0.018167815049961455,-0.01442812965701723,-0.021676183828854168,-0.022827177341449012,-0.01909297443723823,-0.0011886514034119555,-0.014368989107797936,-0.024581966626779583,-0.02219405381791284,0.016640719929255532,-0.012299623969382445,-0.012685602171408905,-0.012442933343572493,-0.020596608780714898,-0.017622395252168355,-0.02621974917571146,-0.05098402842412064,-0.009832465934709433,-0.017680985579673236,-0.007637459683078829,-0.031121241870675442,-0.01168571026444587,-0.016841897117444993,-0.00792689068752439,-0.013037570502483331,-0.05567045640871471,-0.034916822334338904,-0.045557743646468474,-0.02686479166599931,-0.04593815659351397,-0.03571424803607015,-0.013043115118105963,-0.019364970398319414,-0.031223602938752593,-0.006619826140183638,-0.009802721871775444,-0.024501038208704196,-0.005151389699696751,-0.01335264270725478,-0.03093117892816577,-0.008108024869979524,-0.014994457812464446,0.012932931590391883,0.01864052134934302,-0.025973907506631422,-0.03545453421749012,-0.02684581569737965,-0.008503183908855627
2022-10-17,0.033358734440522175,0.024088003538004443,0.022213346932454803,0.03153512986325446,0.03991035861386161,-0.007171958848328108,0.0326683376154584,0.0239142451145693,0.01806383810684431,0.027471045974501562,0.034573723588296135,0.022080379843591347,0.060567826501094046,0.008327437604509491,0.014647072362288682,0.04463719504477326,0.03153778328115098,0.0039224635751833326,0.009259199765225379,0.003390990628384438,0.033275816640294664,0.05335225055009096,0.01531154628787701,0.02520706356778457,0.0304923834978017,0.01647424752481519,0.026168922717820564,-0.0007371378928738848,0.023651159194352678,0.02320590713949322,0.022674079619312337,0.03765867092777819,0.02915797477160975,0.029123347328867677,0.02658789219592017,0.035205071342379934,0.01653606276037256,0.033908659764576354,0.012329269714880908,0.02616862637740147,0.026264493169555703,0.04200032164548828,0.011320763235288522,0.019429635322414818,0.023519558662765006,0.02102975032082921,0.03132543963340706,0.026201580512173805,-0.002120625063062209,0.026277421029592185,0.01274923696347896,0.014843314218764947,0.008502765869638607,0.04108235162175178,0.027009831720295807,0.017004667500736925,0.012345777305936334,0.0027836409797188377,0.030507509412730505,0.03102935138253482,0.022763043173166686,0.01660344960841531,0.029761814810983056,0.013835575885817297,0.037575876802259156,0.05557488748969397,-0.0007842222102000251,0.024952555337299565,0.03325583085781192,0.012866777411570052,0.009185609773349146,0.03191845435080087,0.015959372451608278,0.024820667988671996,0.04514370963808245,0.018300087409317545,0.029066818452947674,0.037700137739324235,0.026207078959696428,0.03470287234056424
2022-10-18,0.020298384317592344,0.008736505799225025,0.006328666298311081,0.025517894765248572,0.006546038107338559,0.01950400667227581,0.01846787183986054,0.009844939033964328,0.00545964627314377,0.014940963446954614,0.03143980398823376,0.00918509834401382,0.037477701452741874,0.012847141622140734,0.015209983532358473,0.03925682758559135,0.015757430779955284,0.017400430224180807,0.016564743509122515,-0.003971172837800019,0.020378258034407182,0.02759823270049111,0.034633321860439326,0.018632071662610716,0.011815408314929998,0.01530241455882253,-0.0004299264567118044,0.03430469510283496,0.01910829585848095,0.0,0.0037433282226726483,0.021696017851975835,0.014274670943005718,0.0204293988183748,0.01237413538960408,0.019281783261215546,0.016041778269712204,0.015534942804674046,0.011685233383162963,0.012567342550240168,0.02969994261610176,0.025720655477083243,0.018843313202588474,0.008914903992278234,0.01661893675635029,0.027343504265170182,0.031801604000853745,0.010328522077216018,0.022668446027370726,0.014787694886185587,0.02606643994039337,0.003791951270948113,0.0023416378361387213,0.0019891062599730613,0.03027087775208459,0.008259525109978627,0.007682827804657233,0.018737278986388883,0.02635336749530115,0.011327021606061027,0.034213457756309795,0.01166594014416611,0.009633905226723805,0.019482464120730958,0.011499930723308793,0.026737067631705136,0.01124628142706019,0.018787884310514258,-0.023857839913606016,0.032997631635249824,0.0119538477324721,0.012955456902773,0.003448396593399572,0.015307173576876831,-0.0052357202664822244,0.016150787895172103,0.008033232656232903,0.007947521318013795,0.003024114429414748,0.0019275677911625433
2022-10-19,-0.00527343428339766,-0.003997225063823273,-0.0037882787962281173,0.016260158781251643,-0.006770707950824129,-0.011573020233842546,-0.009486290481745874,-0.006430150684105573,-0.006787376206072948,-0.0056816448067357195,-0.013836433808102289,0.0076452823631547595,-0.027522996719934856,-0.01834646821178476,0.004685562415652322,-0.020920978425002512,-0.015975731956595185,0.003661731627633502,0.007019173095167863,0.02731380551561613,-0.0045516034655717075,0.007228176870641034,-0.0071369882690485165,-0.004337095269682623,0.005178737369448294,-0.01661122538541937,0.03110240487559346,0.00356627927446751,-0.004901846876479876,0.0037797964683956575,-0.045898183472657283,-0.0100385137755864,-0.019875245487470328,-0.03271846948913981,-0.007106416136205884,-0.012888748167684816,-0.0033354175249130646,-0.006798676814628424,-0.003497676248693904,-0.007343246584887497,-0.007057346439368284,-0.019606281726286867,-0.0012817597189216379,-0.0399145850498972,-0.021796381789431996,-0.007949865615793139,0.003900003162324417,-0.0033018808540961064,0.04109884849804479,-0.0212287129643558,-0.012557745507284501,-0.015110850438538992,0.02243006224999955,-0.02856057821549951,-0.017988601835289053,-0.03676333660066056,-0.021783622933098212,-0.026858839751598862,-0.012078137487231966,-0.030409631115786095,0.0030905928253812665,0.04866244638206818,-0.02417290749680956,-0.01357104528524844,-0.013097868845778904,0.0024112124752682096,-0.041898561758884734,0.005844448085188247,-0.021443386511258433,-0.005848806344317281,0.0443724277925881,-0.011350783994516278,-0.0034365460198118036,-0.007835754955527907,-0.05307009871481172,-0.02350544616742134,-0.01054001821910433,-0.028159526092305986,-0.02680063232471952,-0.05309729539890096
2022-10-20,-0.013012171269205952,-0.008695691961728147,-0.030803381418108233,0.010181773792613535,-0.02932982618890201,-0.047072819064116644,-0.024493617984024496,-0.0028184161154468645,-0.041002557016318386,-0.005194902086191444,-0.010766232137299103,0.00534724688509125,-0.0064858061339693185,-0.009691033792452175,-0.020985859988850275,-0.005193324540847644,0.010352763809523546,-0.019932617120928642,-0.02041303150375806,0.005779675674605356,-0.018862963569923563,-0.005939060596466428,-0.024805109012958404,-0.024621299713448508,-0.004040927406408379,-0.01862224963960024,-0.003614186165061928,0.007462721974988318,-0.012930984155895664,-0.0326361041413229,-0.06343944078462571,-0.00936019230581775,-0.007453706388757753,-0.03551660530770151,-0.005153091599164883,-0.02958811631611935,-0.00914788872763328,-0.016543331526826632,0.04726146879487936,-0.01547292296724545,-0.015142153550423254,-0.00326150769557354,-0.016501767167015458,-0.017772242524571102,-0.014235568250587582,-0.031010663963392027,-0.005639257301197409,-0.015353264539102685,0.0035486347814797092,-0.05858850324777343,-0.006431610004958288,-0.03123274236523399,0.012797050536088816,-0.02452237607878316,-0.05434391884556378,-0.021987119365120322,-0.012248127287404542,-0.01940008111050695,-0.03727613948743835,-0.024244525941598205,-0.004450696291471878,0.004838317134708392,-0.008474529435068656,-0.049414993072379065,-0.016303510069120675,-0.02469533195084206,-0.02618411394203446,-0.0032282422232481345,-0.04759654800874813,-0.03213156146065832,-0.018946946622613647,-0.01455379138271884,0.0,-0.06802960944180858,0.01157940686445591,0.0006878129118268461,-0.012730619554039646,-0.006258702082393652,-0.00378645938376021,-0.042462429742622154
2022-10-21,0.02099615731388038,0.024291675313321326,0.01781359038110475,0.02495802642733036,0.03049325148638804,0.028334935384979776,0.03544745400328164,0.03370670220714955,0.06935905777445783,0.03655366511707703,-0.016711077776689454,0.015740691184844335,0.03709199162258692,0.03122104442607121,0.06066693501768561,0.04027431366479095,0.021192504799530276,0.05679148904718234,0.02592111696154986,0.022001649921616684,0.018436332523709353,0.02458306111904829,0.032495727862332346,0.03242725527057444,0.03499345825616551,0.04827856761992044,0.03641178885669971,0.021869450565863646,0.03755457304084131,0.025519225963840597,0.060032022267531904,0.035432874969061334,0.018994845666572502,0.03809976369855228,0.018992833343556947,0.022894856270926356,0.029103712053090813,0.03480314997446721,0.012470793416403003,0.035136084524536315,0.03074992722048342,0.052527286913887083,0.03467559179289581,0.010339218803868455,0.05441610981691469,0.02912615754564496,0.022054236686636974,0.0023940336364072223,0.047955571711652434,0.015473330919675288,0.03251438581020882,0.018099639865743145,0.0230143649604162,0.05669708828003639,0.03855705592398673,0.04008485091250136,-0.08554597583822154,0.02987971478007201,0.029572396132702794,0.01521091745920411,0.014901411906039552,0.10330481205884645,0.014464061544535278,0.022693659851536596,0.013388986965207073,0.047024015532754815,0.02494778722829749,0.03691727868900263,0.026966679229201596,0.04036774780484964,0.03136902321590318,0.03281917507274712,0.009578702173343778,0.02188265309384807,0.025183242677862205,0.027033116794100254,0.011842101209642797,0.06391419962463019,0.035245134160327485,0.014640365352766693
2022-10-24,0.009564797860488694,0.00922249721714774,0.02444105221094972,0.008428953829747066,0.032550393778835174,0.03828343266956735,0.010656201203476767,-0.001417715338212,0.02443345679793274,0.0035264929703600068,0.01135378359198147,0.005165551158402559,0.0034337901288685746,0.0033890429545604395,0.0056776260801132405,0.00043000940652926367,0.007981513589484068,0.0033076566323184675,0.0004955615729886897,0.005221285150204036,0.01595247389794885,0.007106848111598119,0.0020111133195641617,0.025766484964247827,-0.003135869809362868,0.010412646145576243,0.012787850523510835,-0.0065584615537563895,0.00877810258692402,0.02825798501592769,0.04088433624533416,0.019771903480581887,0.006827914727555839,0.003992506964220599,0.013273056464614186,0.013365868114803892,0.02237307545501377,0.0,0.021478021249947465,0.026377737718373373,0.010654395784449378,0.0012271712058204987,0.006306514167683019,0.01886800924297427,0.021437200771278864,-0.04192865710344751,0.009124444930243891,0.009810667048159027,0.007170109844837347,0.02494700029106589,0.016528912976176757,0.01888885089040282,0.007940107457246048,0.026028064015947594,-0.005684404911940333,0.0002039127610327096,-0.010683505365892465,0.01198135976592063,0.014663415242281763,-0.004678038724454492,0.01344030470595814,0.03451720355547261,0.010369456617986383,0.02392298250292857,0.015036872123289857,0.017744931658332908,0.02691010196383581,0.018238820756167007,0.027704378127870077,0.008239975097061203,0.02020085206268285,0.006355163288107146,0.01024670380880921,0.015535407038458349,0.018311600179027776,0.00825325546472877,0.01196376545128941,0.010085485262692373,0.0033378333900933033,0.040987064533637874
2022-10-25,0.02131685459041921,0.0163185429148609,0.0029351029940973827,0.007894129440375819,0.008510493816723308,0.019492672162171765,0.02150268389872667,0.014805791252772815,0.016912518459609505,0.013302946399435411,0.03805681453665288,0.032382898598393606,0.009124089763425935,0.02049078885679667,0.018504838833419246,0.02608575123876089,0.009728724026406788,0.004795365957832365,0.009903292810778286,-0.009589290740542156,0.010016868508557542,0.015621285838692156,-0.01705980833761389,0.013934723451989983,0.025953614082351306,0.009036870319834911,0.0035884008169260184,0.0069492303967741975,0.007867652359954791,0.005742497923741041,0.028513084727117555,0.024608570778108296,0.04036590078662328,0.02860181096635639,0.013377952358702982,0.023343474861489133,0.01471352437711304,0.008968335167619301,0.001808684597827126,0.025351056541499606,0.0,0.002614869439514056,-0.0016117331742698804,0.030445625203639137,0.024873611073315427,0.014223182157637959,0.006720504701434926,-0.021348554128520103,0.0060720613287441605,0.011912278225630013,0.005186312579976038,0.03435109423619909,0.003938779396960745,0.017327236680722446,0.009022110284412577,0.06014270513667741,0.034888466763363324,0.025244606303848727,0.02711766703145413,0.029085251439116888,-0.015267911449786009,0.006136024577210186,0.05195626412438892,0.025949700968859846,0.03874954002126296,-0.02607620259792609,0.038846620148720756,0.012390849374584123,0.027894956832717366,0.018127615895457305,-0.0205796700391635,0.01626168486387214,0.013899277429547885,0.0057884628336442034,0.04166678865427409,0.0037612403544475814,0.03495228046333221,0.0054266304711139135,0.028276730713035825,0.03475282091922183
2022-10-26,0.017161337660720477,-0.007707095579443934,0.014333157000557817,0.00023032300318703847,0.005597165519773073,-0.012669874199350728,0.005689105324289345,-0.006795246400015276,0.013219517986421181,0.0032202840145925116,-0.0009519551310587238,-0.08769179096883584,0.008759788276904601,0.0019859229988783422,0.010880799336336455,0.005866741341164161,0.014841570189276787,0.009758026301308176,-0.002696899303239575,0.021219937747829043,0.003679162652689305,-0.020429026029014863,-0.009800800737212678,-0.0016275128530739424,0.002587107027092639,0.0021209503323491585,0.018672917185508453,0.0024154484447869162,0.007687433512148623,0.002854854963171949,0.004526379027242955,0.008005795239837799,-0.009415366233350153,0.004907472264489288,-0.010451015367670013,0.026698321435200123,0.003269528452778392,0.005555858730218022,0.015647530878799998,0.00820900091386334,0.012951741383723014,0.011491695886651998,0.003766389577447571,-0.004264502029848183,-0.016685755262402457,-0.0007191115463933695,-0.007889393938097844,0.008686243790708481,0.00437044418746968,0.029429388991752292,-0.004462318178755642,0.005271662019237233,0.018308624345793723,-0.009190014396296298,-0.0012393266130952263,0.006730615908862703,-0.0013377323244774253,0.02042371405052168,-0.0028551092407843592,0.008406011340046149,0.02444539231247944,-0.005526953271755564,-0.0268292639873694,-0.009118360414196447,-0.0016023600664635262,-0.008713549530539044,0.005197245022049435,0.012482145172647119,0.008209816087182631,-0.008172689944825229,0.001760305540267293,0.0023300865557573935,0.0007409688634749667,0.0060120209788978585,-0.01557903553232165,0.00727337475961809,0.018127825995954305,0.004965446293888398,0.0016176586044267527,-0.021549301544801835
2022-10-27,0.01254015446894785,-0.003236246831950562,0.007176313543135304,0.018194402322484704,0.037592192067670505,0.009566025235032027,0.007111792203427392,0.0031190015142110727,0.0008417566023144474,-0.025431967708173686,0.000612654951235303,0.04462218043419175,0.00476183293031629,0.0006606623084866037,0.07707149636623689,0.005415841330190574,-0.01661893287727867,0.008271025652286879,0.011061909609394904,0.0005530622047478229,0.006676638736614171,0.004728895243771625,0.007010789219452418,0.015576785247420677,-0.0018158700323677168,0.0036845850872475605,-0.004680190438191456,-0.011703964251886578,0.00809874006915079,0.015046723605380619,-0.004505983239211808,0.00794228487490356,0.010758152068083726,0.008582548852799077,-0.0038911140809770872,0.01773417294066082,0.03269020216033036,0.02265174424042149,-0.0017777965422316466,-0.003372411880159132,0.006541834090097121,0.003947855824772972,0.006967847065510346,0.006424148840542765,0.010412800475541495,0.015113205865200818,0.013090144338777865,0.005115555591274523,-0.006630898977211586,0.006617911997222059,-0.003361754826153307,-0.0015731384139184845,0.002568410967591417,-0.004452165231671579,-0.004077418084949547,-0.01623660460321641,0.0016076894538057385,0.06584362758350593,0.023613622051188665,-0.12806012359046492,0.014140761640266009,-0.009582176380299123,0.009398619834200428,-0.005919210598585911,0.024973496632548997,0.034840983151804394,-0.045775646150100546,0.0023936157379707,-0.000678545715408374,0.009858721704061102,0.006802767579372926,0.02045875621499116,0.0011106303527024242,0.001328020574423494,-0.006415706901015894,-0.0010939665294270595,0.001951303080662603,-0.00365205221713949,0.0016151159964439277,-0.0003966438995086641
2022-10-28,0.008781481845878902,0.020779371471695285,0.05597162297358649,0.017416884725385717,0.04728878026940975,0.026808408484866986,0.03739382948793568,0.026178542530011395,0.022287604262495986,0.015454714597613162,0.02361020820331472,0.029192916366744148,0.008641984360494126,0.015184819997225762,0.03393996832323354,0.0053871215479079915,0.0047319770072167255,0.024484325385022432,0.024556371098760854,0.0041851659875551395,0.03132747077962805,0.020575492285981323,0.02764424726785686,0.022828725438255537,0.014457979785865493,0.030149218297291114,-0.007183913028300792,0.041100673730566806,0.017580740717902943,0.03565705669347996,0.017821786483982915,0.027220643301223424,0.021701130233752863,0.022446943146702703,0.02315852574647126,0.002741023617075289,0.04295404663290059,0.0075634431362809895,0.027750866537646912,0.034757733384299216,0.014180232130964754,0.011878137461397209,0.0289212424235743,0.015805429171821705,0.031106865060425593,0.016306321952425762,0.01920107940467064,0.05482199608825966,-0.007300698007205897,0.024822408863154566,0.020238686776060222,0.0178571050318852,0.0008538680836769341,0.011614904862211839,0.016019948603682055,0.016116536261796544,0.039988893615010124,0.04633197991715954,0.042286676940262335,0.0073772011826045425,0.0357294868954281,-0.023800348265259896,0.04158914629680566,0.02130539236600626,0.02386390883631484,0.045096496817688125,0.03753145096084465,0.026626825210150917,0.019692225989055068,0.026810165833208277,0.02454996080394034,0.040401148497530404,0.0147929488013816,0.013313609217561195,0.0245372527996508,0.015333949791899615,0.020934495319480995,0.009702590008741074,0.00290228332006337,0.02302477338189446
2022-10-31,-0.006473034014744972,-0.004452891240027457,0.00939074082889868,-0.014673184840572673,-0.01985812268215137,0.0006751919669327755,0.0029390085981004788,-0.010262881902249443,0.0016453343251918717,0.002744531015710816,-0.013227943627360461,-0.009246397837291531,-0.003869165372348715,-0.005852874643713757,-0.013130373286074248,0.009479071730366995,0.020407943947245766,-0.0011032310183056726,-0.010441401245411375,-0.008492488077451843,-0.00021045060286950523,-0.0077449269210804195,-0.0002988904860921071,0.0017437932212958085,0.005568720117161696,-0.009098581029402752,0.017629155196734914,-0.03813982646126268,-0.009153384628620365,0.008510595773885354,-0.008059854088111718,0.0,0.0011126025426528852,0.00028706464250927155,-0.0070903505403477896,0.022259271186938934,-0.004440578508345561,0.012332253413436245,-0.0015882124291975996,-0.0024292905821522437,0.0023304133770214452,-0.0015863735152786829,-0.0167270136831974,0.00987439309865068,-0.002961308771842197,-0.006626974909194172,0.004146685713289022,-0.013741395876321172,0.019331636105712313,-0.004669640664252461,0.0022040816036750233,0.009287629323743163,0.005119517753396696,-0.006385306986201877,0.00017518563327723058,-0.0193006550407977,-0.016718037275407438,-0.009225001007272748,-0.00692391035107387,-0.054401465130622384,-0.0027343816674867405,0.031318025673774175,-0.011323253007631262,0.011387010256616925,-0.017373508317543807,-0.02704303059807822,-0.00025496377715539253,0.006745704541540443,-0.005771348912212648,0.01163638518472232,0.013739072667433128,-0.0008760639935798675,-0.004373064452986797,-0.00760118957020528,-0.008823465996906754,-0.0077669824247411645,0.005960791043564839,0.015588002936187673,-0.005466311330884488,0.0077609661016275755
2022-11-01,0.018422995231634376,-0.0038339375189500036,0.0002755554678253169,0.013989145671342795,0.042933024149056864,0.0013495585813443345,0.01827876580706045,0.01491205288347186,0.01232059462850521,0.010699077372731569,-0.009228759179522816,0.006104907792518599,0.004439608330358391,0.007849965277076931,0.009424315564176666,-0.0025857082862096314,0.005714300759507962,0.008956725962676604,0.01678669022002688,0.013403077695469445,0.0016840328643081826,-0.00029804076782435907,0.025712381157508846,0.008877030968597044,-0.005068560543758149,0.015380052331444238,-0.000646412928807738,0.0024347719938859758,-0.008660636517051068,0.0,0.0030821243250238606,-0.029288802234253786,0.018387452820085803,0.007889719960785246,-0.0032956817209313094,0.01642610217193985,-0.004509366603760223,-0.0010589773920952616,-0.0006507283327604751,-0.001123941418218588,-0.012787151951642928,0.018033009068918693,-0.00929491119044279,-0.013333433865564848,0.0016706835941435738,0.008075475813080102,0.00035398619315252233,0.004644184423441278,0.028241826811893134,0.008418367273077765,0.004811112845384491,0.007668758593522007,0.010186770808876977,-0.00012362920446007397,-0.0015765388170202455,0.01929071983516506,0.011378413862117576,-0.002793445013104301,0.0013709666568417767,-0.04923347663153488,0.007698790355161078,-0.009225346455095429,0.013260905751515173,-0.000810724472522284,-0.015937935338581677,-0.0031895366973433426,-0.024206949277766676,-0.028304044337284506,0.0006695539944470141,0.012624683378262613,-0.009107725678383138,0.0010227098185624506,-0.004758602301647485,-0.0016231656862858435,-0.01695627764276486,0.020874142247250704,-0.007110379680647982,0.030488071611731726,-0.017458741602049854,-0.006353223406328046
2022-11-02,-0.02117803470401103,-0.021167454239906847,-0.030864636960655223,-0.05117933483187953,-0.03546106115498693,-0.021563321531935076,-0.014693608209781606,-0.024131515116735947,-0.03651122200293455,-0.014524962469908642,-0.024340361437304336,0.028107118440891865,-0.0030387975720986837,-0.014496057948291119,-0.01812348882658943,-0.02524218448529536,-0.05310284283636124,-0.022091695587133753,-0.015330261633571318,-0.009938995326263522,-0.029093795906308895,-0.016867391043226654,-0.037698995901840116,-0.023291890545730443,-0.039433996222034584,-0.014468688610301483,-0.127554796607125,-0.022900758306761526,-0.010483253460518038,-0.028385037432618,-0.03044711324314009,0.0007183950515914361,-0.01617063063935853,-0.03686304868777057,-0.023146898217014877,-0.02856333779289344,-0.012949307311409974,-0.045599382086617735,-0.009913081731304785,-0.01744092726299795,0.007359556940146561,-0.009207869515033273,-0.01734832216635851,-0.031231282508979774,-0.0344700468695448,-0.02438155516050633,-0.028662550697205802,-0.019600763567273582,-0.029470881067444332,-0.0199572625339427,-0.02010959383774069,-0.02333821839229,-0.017226769324091507,-0.01903487477158461,-0.03438580686723369,-0.04989492487552394,-0.017069528373966802,-0.0036497390695702236,-0.0792881722402411,-0.03673839715219629,-0.014651936961718626,-0.007953563909251393,-0.033908039473088625,-0.008293174636874734,-0.017049789497356693,-0.03763518984266334,-0.04321715691804473,-0.03162530699588639,-0.020080143209572632,-0.041003118307342934,-0.002571488695958135,-0.019121182628030198,-0.008458948169629665,-0.021796550719804464,-0.015092781924966325,-0.0014907413258505864,-0.022201176523557686,-0.0352989647055143,-0.024021064204327924,-0.04107752220176564
2022-11-03,-0.02501688557017223,-0.007208554061776895,0.03469129244473512,-0.004221395585185639,-0.0003996928702258984,0.006427887292688617,0.012529386045623703,0.009073646668737334,0.00463151770931014,-0.00249796494755794,-0.029198815295515823,0.06336066824406039,-0.005541706462486418,-0.02129531737978707,0.022000407598716576,-0.006299295480487022,0.014539287262228529,-0.03519159050543763,-0.015329285773075574,0.05778212879774247,-0.011712114107215177,0.014246792468915581,0.01797258936283086,0.012188740028076017,-0.02524063562486345,-0.003670443639368859,0.04878433002780391,-0.08700286847354533,0.024249570059289738,-0.0071063038197247685,-0.022183701097103325,0.013280731150215885,0.002419982269755927,0.008423318228936605,-0.0042313602564092445,0.005222954825401471,0.01955412216850405,-0.056110891211739955,-0.01724773548685965,0.006823338860067141,-0.023085997584760376,0.0018113295991466494,-0.005224261480885062,-0.002479876335310216,-0.3314777972912749,0.018207843863875084,0.000607266390249217,-0.00018829330462244442,-0.032224804264370466,0.013606294165305455,-0.006840682967494405,0.0015585389386629789,0.010260807497778357,-0.034145948047071606,-0.0033612802750740967,0.023742405867983596,-0.055650711997731306,0.005452227576499213,0.031650984806758986,-0.030977582300384165,0.006903695892283457,0.012905730481666433,-0.01046820068621268,0.002954240192162061,-0.004634253258936627,0.0063331464035032425,-0.022106740095248267,-0.0024553302816746614,-0.028688557568301798,0.007655766279769383,-0.002687583998169929,-0.00639862641619493,-0.007047362934842427,0.0034278694377105623,-0.008318835383139045,-0.022327390660843216,-0.005371112873924888,0.0025379206887310435,-0.00910329614520744,-0.027682253210221663
2022-11-04,-0.004854504204406029,0.00990099374838982,0.003022937475020804,0.01436647723750517,0.005197206153312317,0.023266433718373447,0.026799728834771663,0.029644269668647638,0.019279167540013464,0.03531200656109723,0.038834511986414855,0.02079741312176031,0.02507647202097596,0.024052667896922175,0.03917732717761857,0.06212184552048727,0.04276649919108477,0.02410210244109745,0.02821688275530221,-0.01120912083452097,-0.0007298823169169522,0.02689777358486034,0.02717696945284631,0.022338542224312974,0.003325047727732011,0.0211818847342109,0.010603583089969337,0.07545704407392462,0.023905209901030622,0.026242415358587623,0.03506199997269355,0.06128228738530539,0.05713723868025222,0.027403136647471626,0.011898067312554383,0.017511938294335394,0.016928404911697337,0.01235998206295541,0.018517154922984558,0.019668227156127482,0.018845448773717743,0.027358554724771,0.00452728465310126,0.03729034847663493,-0.011771828818658236,0.016830287043581915,-0.007160273109730886,0.008426039806903152,0.0010673409025292457,0.02900397910068908,0.015181365135997549,0.021784160185245094,0.020313297743939973,0.02080752426907595,0.05241096175093474,0.040094244958427394,0.0397044679887808,0.02050509584551663,0.018943324765588132,0.02840603167775413,0.004430391461752947,0.025096586820920308,0.017423721638384793,0.038335978971987705,0.022954993579918037,0.05490877286125029,0.041585114655308786,0.012307489063834387,0.023441106743606888,0.030676599584359865,0.006819767748169392,0.026209169970137225,0.0029883148335594356,0.018168547095634535,0.045660021344308355,0.02635054150030469,0.0274916331223527,0.06751063689338777,0.030282586506430675,0.0340811841806854
2022-11-07,0.006504119740943892,0.006536041341307808,0.014247450888448476,0.018110025187453305,0.011294854899843942,0.004012490029575488,0.008502748278552907,0.0008637617074966908,0.0012333802887019019,0.018141914345070287,0.015616279847678438,0.03062314432530089,0.005980017136338667,0.013295026534523968,0.0033355349388135558,0.01538452493238962,-0.0030543493335173366,-0.007635209731220449,-0.0009460303752520938,0.01980045381001916,0.022452625369962176,0.012340012484422624,0.00975297882896986,0.01058376814010753,0.008535701324011713,0.010145907285300737,0.007834053629236504,0.04882460759836649,0.024133026127904245,0.0038746953942507822,-0.0025621807862510337,0.035380376998502605,-0.01113335100585544,0.018827754083230674,0.014557632917952867,-0.010685515316198657,0.009237429398370134,-0.0017440870594699343,0.010075569937058715,0.0026493578877193613,0.009101514387581888,0.00528003572490765,0.0023437143426467966,0.016476802233420962,-0.03370131037252355,0.0010345479257500845,0.06343971166517237,0.016461994872776886,0.02921122680542476,0.007827141679733085,0.008861970808493158,0.0035531622616153946,0.006636220764672185,0.0012778385252392166,0.007621592889014872,-0.002645399211262056,0.009915660362974865,0.008800963964335384,0.013983716006717106,0.027534852667717047,0.009976862137653253,0.0322034881412141,0.019572018715502182,-0.00021828182191485634,0.009007841145870499,0.04369873485186915,0.02451774582088695,0.011793307557587118,0.00732938401678962,0.008344974539048255,0.005845191811124861,0.007005238089597965,0.007448895809970546,-0.002033475060382983,-0.008646683955219836,0.007060332565587801,0.021500019265435766,0.029446710619777106,0.022456939476517945,0.003014712209155057
2022-11-08,0.009462209746725625,0.007792264301885732,-0.00013489366834562588,0.010034263551136124,-0.011247312750875538,0.001776154856378831,0.00601170615738944,0.01879373925847605,0.007392248489569431,0.02090763515575067,0.021907533282261138,0.028560980840971917,0.002701918617137533,0.008528293339774784,0.00524907348956849,-0.08477029612091891,0.026477096994784954,0.01107592048050643,-0.0073408963884548095,-0.003705362001841128,0.02658025556729382,0.009372238322403748,-0.013292625810550684,-0.004729754156891253,-0.005277240784287152,-0.01897158216260819,-0.0006939365680064258,-0.0193103264118063,0.0002191074015931438,-0.0038597400771508417,0.0019979123987146075,-0.01192769664572546,-0.003945225757432613,0.020439652402203246,0.005518803838627573,0.0017204902960279433,0.007579636776369636,0.004659248131354543,0.012288862857189775,-0.00482104488091728,0.0043644076989768354,0.0006090606147579614,0.00089931016330147,0.004715768250681984,0.03788358952593396,0.016190118135420928,-0.012183952927227959,-0.007852356552442874,0.007872224579330789,0.0029284079540043972,0.01701877283947062,-0.00505812766817304,-0.0032965095028339997,0.012508175095478524,0.0010315594899721336,-0.0032207336025726896,-0.0022554029982724266,0.012757213755007601,0.013711237159136358,0.03286426806748821,0.0010397587362263039,-0.0021895846143208386,0.00779833546778641,-0.002313386730680711,0.0021611453203849162,-0.0077165031383760185,0.00026119196680429724,0.0024033099935831803,0.011596228987065915,0.001103306134299542,0.004181929597844247,-0.00014491565209995283,0.0007394063054255717,0.03927662349844141,0.00566935690073378,0.002336856499041806,-0.013330331965480169,0.013438112663777924,0.0019380272195825832,0.01602885760450845
2022-11-09,-0.01417474741869007,-0.022551461310154508,-0.01472480576067181,-0.01625651853284804,-0.002386526933206068,-0.019503485688163513,-0.011149854720943653,-0.028141156364889675,-0.008968582148686677,-0.03397717016936075,-0.02889483184067465,-0.005188006422329305,-0.015898521245162556,-0.016478769661356973,-0.018580687504667015,-0.06778929861063843,-0.030910374606356927,-0.006188063244196629,-0.014790245710725403,-0.06828342307645763,-0.02549774356154688,-0.002278682230766882,-0.02083741703809172,-0.007807134293593365,-0.13163163519187193,-0.012513595729786164,-0.07264878228764593,-0.015822811339281317,-0.006832665214092093,-0.020921930172021153,-0.017943669465581236,-0.01696564403219558,-0.024731955059911104,-0.015777396458849013,-0.01756317412848607,-0.01164133853616045,-0.008082474192777855,-0.026086876412796278,-0.007225994105408029,-0.014253835416775273,-0.020278111647845876,-0.013008877079787706,-0.021383601739693225,-0.007626817666746777,-0.04953662111345836,-0.016610276965556947,-0.00581780388131814,-0.014963284487291006,-0.060431795025877366,-0.024458399760570182,-0.009986279023481925,-0.00915102421996039,-0.042166268369159265,-0.01960193844612368,-0.014330195682580538,-0.04504866046278211,-0.014494486841408083,-0.012433880069053216,-0.0034602067306601647,-0.031900073517009964,-0.011841690912202663,-0.029621297053247453,-0.02023821817374849,-0.005206445411467198,-0.018253398560974632,0.009936560883533119,-0.034383245051635924,-0.0055142696540183556,-0.02911082223098649,-0.036924593013278884,-0.014873075103985056,-0.010001517062850906,-0.019948329182322366,-0.0029408372502697233,-0.024284454901048913,-0.02564645831568446,0.0009482356055636743,-0.03826467218537699,-0.03094782791458972,-0.011729759492813296
2022-11-10,0.06447123166899393,0.050757768801626746,0.019126642486577472,0.05141156057278762,0.02376216463371872,0.06103067011311558,0.03677484962274957,0.05539416136324249,0.033730935457935374,0.04577205556959152,0.06094895144846513,0.05238826626830195,0.044085304182266194,0.06746051387469598,0.030637774916481675,0.11328854873338412,0.05345345181797523,0.018679920625495283,0.027603104965854275,0.03353036756005956,0.058281701048414236,-0.0100483786369151,0.029694248057965833,0.02942184009766291,0.04276647671666156,0.054834416646627915,0.033253261768004805,0.03644160293335097,0.043053833726433455,0.033240972752357933,0.05249422537916004,0.07202122306847403,0.0606241338351019,0.04126005374768793,0.03706887214051857,0.04952697251313465,0.02957367431225011,0.07916652671941482,0.02794984962164282,0.059682415300467806,0.08472543174853242,0.04115922283597295,0.039111169189436135,0.052320395257142494,0.05547101660221876,0.04274400104115661,0.04342229997353941,0.05699570832821088,0.05939297849703551,0.05396030532959473,0.023854947308128205,0.015392709980838193,0.005179290314879514,0.05335952514744702,0.0930985941365381,0.11962584031356527,0.07394387100081179,0.020243416306488626,0.05260269558735353,0.07550978202973879,0.028487346914316092,0.0005651871320044854,0.06257606176810726,0.03808755878734149,0.1022285199562365,0.042064803838174125,0.10276204276368883,0.015429165913267928,0.07847276258079616,0.03590838666623131,0.006313535253292146,0.047144672661181275,0.04183953672092011,0.047096856437852,0.11511117054637166,0.043071745265206074,0.07198685493767876,0.07346861967942275,0.0931470514840429,0.08368542505570664
2022-11-11,-0.02396526854775649,0.008155621898355392,-0.04634714223550718,-0.019428141839450186,-0.0121506024578939,0.006604204992767704,-0.013008428341233724,0.015782653132017543,-0.03382408593335218,0.0191200986516189,0.0009047122522138906,-0.0005067932028531841,0.007343350147725358,0.036554982442278616,0.017379983482722627,0.015401502027170055,-0.03821232014831655,0.024945022301664732,-0.008482449376707724,0.03475968373610727,-0.0014623708869534457,-0.03598842330439156,0.001922572559379887,-0.011299492812667955,0.05029861940321689,0.026137699922284652,0.04088150527246914,0.015511852879711796,0.015319165711585425,-0.015319694102476134,0.015431122091281946,0.014241506478970711,0.006537558312720071,0.0062918642990283935,0.015516903984695851,-0.0011040387942705676,-0.009636783309083574,0.023717434513967017,0.01373633384381745,0.00972113680680553,0.032728093902927524,0.0016287766964158124,-0.01095585536445931,0.02134821961267419,0.017614798936097742,-0.00033059932359358335,-0.024789774647276164,-0.010629893257852019,0.05336402102597515,0.032636468397832186,0.03195301837972697,-0.0505306845424619,0.02576187668886387,0.011656762709118196,0.042304254825420884,0.09724445650392144,0.01583126664895884,-0.0046781196671473735,0.030089286972391216,0.013399177980623955,-0.042824705666505536,0.03239188166197793,0.011435335332779184,-0.007287035494379701,0.028855431973586754,-0.007799667221436768,0.033762908359050936,0.002730246664386149,0.026498488479130167,0.017953244112708378,-0.0085651767010414,-0.008948136094912074,-0.0025328785827740674,0.021174666960533495,0.027102487685799037,-0.008342162333647263,0.030042012903265247,0.015229176478170015,0.006999435764412532,0.028216069642578834
2022-11-14,-0.014508673354966417,-0.014934597070103028,-0.004436278331853005,-0.014024872642437125,-0.0017391466903009523,-0.020740731052620753,-0.007705866797865446,-0.007678396545200528,-0.014826939102343673,-0.0006782358394086252,-0.004906650173402416,-0.022198446782728865,-0.016923099496082727,-0.0233114336784348,4.241888292266793e-05,-0.012459376974450542,0.020191064010891102,0.0036265814539369057,-0.010556786990553957,-0.0031471396630887716,0.002642904903878751,0.014896984082104714,0.010937547239612488,-0.01008388293386886,-0.0076833904923908625,0.002270492243124922,-0.004178152044973071,-0.013238268899132155,-0.0068107215114221464,-0.007001270589605646,-0.02170951841796709,-0.017704434854125317,-0.021248875362392394,0.009046327433816392,-0.008185703672868638,0.0025786893386623433,0.0012691850326069787,-0.025323041954178227,0.007194020053421291,-0.0031796547738600633,-0.017576392026512844,-0.010273473588490845,-0.008576055763186874,-0.03547857349154626,-0.05703748252289109,-0.011904870872594842,-0.004831061033770512,-0.007863211145830107,-0.034102239065307294,0.00306872989170226,-0.014449674975675841,-0.008515097420459639,0.0037674251894694866,-0.014901045494531973,-0.01637325086835051,-0.04034350753346916,-0.02980826554356819,-0.01264178024516105,-0.02244724875610804,-0.022732558480060172,-0.007474862701935869,-0.013681270799510648,-0.03109121984769725,-0.0023900417261034645,-0.02394713450218089,-0.0257895833883538,-0.0359855651028862,0.0020125785913380767,-0.025602805273574947,0.0017633864925759024,0.005337549514263351,-0.021162519194857343,-0.008342119748270704,-0.0025286757078274436,-0.03220802189051719,-0.014300575945041083,-0.0010723634740336108,0.035423977454852595,-0.02266543267127219,-0.0375517693942129
2022-11-15,0.020384995344744805,0.015792803497769015,-0.00359326302851537,0.018062750519837634,0.029856476917865304,0.012535076953086755,0.005806011045051296,0.013290843010950182,-0.0016724358937849626,0.023976379447339102,-0.001556863968274702,0.010371668223025043,-0.0015885761376163154,0.00020396645842257755,-0.008076294558140518,-0.002331431921827609,0.0036178062830107827,0.006584494401548957,0.0009698695136417523,0.007968330356720843,0.0020951369049202473,0.03248040343932712,0.002751918839437373,0.023938675201970572,0.013046301989215303,0.006371448444717043,0.029650362494742177,-0.015823842081242212,0.014663987263691114,0.0066590178469601025,0.011095670674431624,0.028899946051396563,0.021425969547993695,0.0023727078973907467,0.011004304399673703,0.008725962884031047,0.011408430632731337,0.02598095886553997,0.0009708898097651186,0.00952550986563061,0.02114404361880462,-0.007243614772561746,0.0016219114393232203,0.026518253090827004,0.02798674456864103,0.005689505373941639,0.010748898423231124,-0.010103591976497905,0.009591847118891161,-0.01406550874967527,0.007985452823266126,-0.0016101786259156148,0.015846624624970662,0.005205442157344864,0.012035125617255948,0.04254602372310834,-0.005609287687475595,0.008371662185278073,0.00804095837917096,0.026426173894341654,0.030554124197885724,0.011096605142799865,0.009334931660996748,0.010951835519156905,0.020105197916870043,0.007502814041282946,0.05137344254131615,-0.014059555317753825,0.006080330057892436,0.007177910291246148,-0.01751493134878812,0.011818770103683818,0.005120622172626543,-0.02899286748960228,0.006816291596916102,-0.0034139136553096305,0.010948769902792588,-0.014487636469612375,0.012368565276175358,-0.0035640073227160007
2022-11-16,-0.005993352105349348,-0.007462567355146388,0.011107158345183166,0.008205786884734056,-0.00861260538086428,-0.024973280833543554,-7.209564929788748e-05,-0.01733896637774901,-0.01758778664727223,-0.02208945638226234,-0.008577500588782816,-0.01516968103519245,-0.0090185429081997,-0.013460959945336248,-0.009250025764029779,-0.016632145897877537,0.0016964546088527044,-0.0029515828352156825,0.004360336916719998,-0.03617004531451318,0.0020233241149871795,-0.004167830926726346,-0.00927499377216956,0.00132655348237809,-0.016333456330208773,-0.0058386394054958934,-0.03097015869527997,-0.005592444739557889,-0.009877286954699582,-0.019844309684829642,-0.01810692378172274,-0.0289942438146491,-0.015407517199321763,-0.0059182541150361034,-0.007619182925078571,-0.007375649178354093,-0.0066376944577257735,-0.015085890651211353,0.0012472794717370839,-0.0009216910763367725,-0.01300776297332673,0.0013539058477365362,0.0008995642581559604,-0.03805524437138519,0.03600691678806811,-0.003993227577403502,0.00034341520375669177,0.011551284358866765,-0.02789562241203869,0.006367477677206912,-0.010649483756380418,-0.015591722668351404,-0.019704567274632545,-0.015170109152760403,-0.003938293883437138,-0.03692307596668298,-0.014359140938739912,-0.018964537730810305,-0.019403589406152166,-0.008402104513054343,-0.01503293504427694,-0.030729653111501887,-0.013294693328126828,-0.009859944041064495,-0.002791421220579293,-0.007587479688357934,-0.042652927014935504,0.010305659240626985,-0.017267492118140382,-0.015059639183267692,0.00913639896622298,-0.00783466143214362,-0.006914085813069737,0.007642594066097352,-0.02986861305341071,-0.01070412748841032,-0.0012740265693973463,-0.01753454235091667,-0.020464361024942757,-0.023343349093786214
2022-11-17,0.005806133715275941,-0.00062663651277306,0.0002140112474198208,0.012758509519037675,-0.0006981304134334732,0.0043783003853612446,-0.003896712832238469,-0.02084475074555392,0.0012788747850083215,-0.0027107276215732057,-0.012650203092313572,0.000521143879890662,-0.005085708047462001,-0.002481018598621487,-0.008519021711788533,-0.012440409142359887,0.008678897365578253,-8.042370517502562e-05,0.003135761671881676,0.015088343577478014,-0.00545197929419039,0.003382573052235882,-0.01776833200422323,-0.0069548629381988025,-0.02660982633543274,-0.016627949420480514,-0.004906087195124864,-0.0031634499182555675,-0.0065106822293832245,-0.0063519070712579895,-0.012852692603387617,-0.01897382795623359,0.014234458790292281,-0.0029109936575052453,0.005484047835196959,0.010824623328676841,0.0023830047578186075,-0.02242882513125044,0.010863462657787482,-0.005271145314017289,0.0032275843974565177,-0.004357033102884711,0.007190462407935527,-0.005198046944212109,0.021475129378327962,-0.0006682678831250177,-0.003325015721405533,0.0008458544464187145,0.0006237566392788274,-0.016658747736004398,0.0006564365395442806,-0.006553626625639852,0.0008375313740498491,-0.017630508627872965,-0.018063325616873294,0.0043719651502782675,-0.01677943390352976,-0.008047922264296292,-0.021338697291589548,-0.01889003052610183,0.0077823705831963075,-0.0030194566403723977,-0.016403118556735374,0.0016667925378959225,-0.01950968819352694,-0.010901835948027627,-0.014687852797227396,-0.002490586457848276,-0.009005129776705423,-0.008328063316217382,0.009881910112895076,-0.0037329741247589254,-0.004763672904792515,-0.011541808007531018,-0.01272574841786378,-0.004761142117826744,-0.006378904257802409,0.00811236654812686,-0.001558943769315757,-0.02158841619870211
2022-11-18,0.009547189276966739,0.004657470293342847,0.01369277547596326,-0.0006516636272269061,0.004890266204203186,0.01743677459538051,0.009345763739716961,0.009056967642604663,0.021285329114152596,0.0013589532570574825,0.012347160247224487,0.006424358248603879,0.0005380800884648984,0.008497232246247988,0.004296004524025454,0.022363549764565782,-0.003987302044897056,0.0077702829507031446,0.01033897869824707,-0.01981862912900567,0.013738427493888095,0.0022857135808724838,0.019159760290689665,-0.001834109089274727,0.0038272514306081362,0.0035259445107962417,-0.019298257861265156,0.0052891260684784225,-0.009618421494538065,0.01518174520668758,0.008491467785551654,-0.006023906996364792,0.007621548336023354,0.02415074664493755,0.010362637147723897,-0.010527293013168681,9.344633732832897e-05,0.02574120210457509,0.010610180297589533,0.0018989641089712794,0.008042589955264523,0.009808443705780823,0.010529949749338963,0.007547182787329021,0.0437067737927308,0.022066106517026007,0.010928305555333528,0.011168298186652548,-0.01787202489748574,0.004886808525318642,0.012724396388925197,0.024738545845790494,-0.003987617398604315,0.014861313932922338,0.014290225627719755,0.010379985049983498,-0.0011905684353625823,0.01697895898975199,0.023466320935976892,0.028127934682123046,0.00878022898496189,0.011546572190688664,-0.017867827694403204,0.015596125904532743,-0.0025954439245983174,0.014027994832193746,-0.003726754909719854,0.01141453623652855,0.011968059972904177,0.01106048747608157,0.008910585914995828,0.009799651928368291,0.004418227927438068,0.0036220589760251887,-0.002910579207041075,0.011089604836477696,0.0006418742505436281,-0.003934193253094076,0.007807498362596865,-0.001576048157651888
2022-11-21,0.009236755631433224,-0.002649210516274092,0.0009850400582958052,0.0010867866459889353,0.0047889324385670395,-0.0081405541052042,0.008325843652210896,0.005644495346295297,0.01292214199014241,0.003619177703938936,0.0020328482294182937,-0.005463206346406735,0.003226856534140232,0.004521339658017709,0.0031975236561556653,-0.009968092194169165,-0.0008429076156256654,-0.013822768270239538,0.004045897246756525,-0.024107547441449162,0.0006453947339453148,-5.7225693123164056e-05,-0.007061947649731781,0.005011551367158251,0.06296289743061467,0.006022830978290816,-0.03490397170173953,0.005962822691307101,0.010352241425964692,0.00787094812104483,0.005051525809811164,-0.0006380270471876281,-0.004058613978658587,-0.002461734219865397,-0.0002698529452148657,0.019077366022868913,0.00946243848690953,-0.008728783430364095,-0.0065026558918772626,-0.0038347502882505324,-0.014627225069936856,-0.005902539711340804,0.003355828670812855,0.005474140352853096,0.011396669447638175,0.00032713870436595904,0.009217007062969351,0.014149020048639382,-0.025814694343096023,0.01013120810363577,-0.008160685405449675,0.009656803138096581,-0.010675921453361048,0.009307593440550876,0.004514626475260464,-0.02651195570866638,-0.003840991875949995,0.012007477715420878,-0.004343816777486631,-0.019420565749881713,0.008808931404116205,-0.021893800074629377,0.010309372074353895,0.0008884803856952228,0.004481603235899634,-0.000988138035613928,0.0069825369311793395,0.001998915230057463,0.010293626912228904,0.01422143795188191,0.005363923595314457,0.006564872050500492,-0.0029325287047374804,0.008025449189021705,0.007923241085249444,0.007311834284705387,-0.012403926662976295,0.021005319444920012,-0.007747013566858585,0.0025651850120489428
2022-11-22,-0.003922430727183679,0.011288243774843165,0.0034439477653269712,0.013460679839325529,0.004996883268097552,-0.0073434159436387425,0.008257763114102312,0.006440899395257382,0.016872455036702316,0.010818191287391477,0.01158325621062306,-0.002544249075949523,0.004824436411549282,0.00920617900438958,0.021923631987246006,0.03034542296490428,0.02446216359988229,0.01385439151020118,0.005925296073294506,0.03577958399725012,0.012587208122621707,0.014896761930481617,0.00345994352991541,0.011469491434977996,-0.014039825895851399,0.013113777068967325,0.02053885138350009,0.029986073960967197,0.014259983005312726,0.01718070237195035,0.01452130491753656,0.004787674195336988,0.019357266685501306,0.02026216621376964,0.018358571182122807,0.016200029586900033,0.010158711739241655,0.019813020403126602,0.01649862104893196,0.012123519443044906,0.015654587124086072,0.014956766123895848,0.006220463481118488,0.022062910651808654,0.019130230360993705,0.01602355859389215,-0.001014670823125563,0.005592698717922007,0.043006153623696086,0.007381985126692303,0.01998182511842228,0.00956432842396282,0.03417250279773287,0.0142629746364209,0.02278194403230538,0.04476595074042011,0.02499646439896419,0.003819656931437043,0.012822697455107113,0.022477269005087397,0.006756611796244094,0.026210059593801516,0.01800700352000506,0.012891477618938163,0.01390219997318587,-0.007489032138435214,0.018697390068398434,0.011498228619839068,0.00628641261679963,0.013752038072337491,0.008515223667624472,0.0076562317323336515,0.009926333388548203,0.00438114426152314,0.021514339591885312,0.005764165778186614,0.02880060449028199,0.009671414785902499,0.009056790129471803,0.00885643995967822
2022-11-23,-0.008969538205415462,0.004596135863403461,-0.002171331193353332,-0.004712965279880965,-0.00022932851126566955,0.008268082586703418,0.00310665080294914,0.007405423371072306,-0.015378229208044547,0.008026738107294928,-0.004204965029533381,0.013623223788496341,0.0032008115329431597,-0.02209618628544141,-0.0014331428299523274,0.006683935179789602,-0.010292201189558536,0.002357564444419813,-0.005654797034622683,-0.024926883988868553,0.00017582990646669572,0.001293221354627283,0.01474962254254808,-0.003779723148220948,0.02775183820590099,0.004291080656747104,-0.01122934332936909,0.00236965784206955,-0.0013537136567660646,-0.0038387449785545202,0.0,0.004447423608013867,-0.004815760441750028,0.010693938345387233,0.003446236208624498,-0.008148036119517199,0.0006858433600407388,-0.014031454466257864,-0.0023473987016847664,-0.0003060591013375191,0.0010628012003428555,0.01066330254916048,0.003677837999725986,-0.0005607624007026857,-0.0038572619735437463,0.0009655333631954921,-0.0003385671419090519,-0.0019317474401822077,-0.0118700881311673,3.981838631306189e-05,0.001152801901408207,-0.007368249239496083,-0.014347727057534065,0.009213349652317016,0.008106455617628905,0.005702178261364654,0.006261596530635405,-0.02550186018679923,-0.0013483092580076628,-0.008685763637234833,0.0028912490373425026,-0.04138707282240661,0.011792446504097054,0.006384539744224593,0.017090377143591295,0.006264271850628944,0.0001214423469784176,-0.0017400889168777134,0.00021546918243475766,-0.008245863484124927,0.004702702787407809,0.0011259895230832928,0.0014562824487531767,-0.003189354538016942,-0.001215210093636676,0.004670096954852765,-0.0004209820828455779,-0.014106773031305475,-0.0049521138072134985,0.0050722362749726635
2022-11-25,0.008167735293081124,0.00130733340527045,0.007089793496510399,0.001937153559220972,0.009257855344684707,0.012084621740333423,0.0034486274601150946,-0.001089052944216462,0.006165179560041922,-0.0015482573608943673,0.001429056904168613,0.020074317325204705,0.0023928660225900344,0.0010365882037450813,-0.005149305558864725,0.010433652522149561,-0.002287897522921356,-0.0017539372811429255,0.015402550394487458,0.0005523716439350679,0.0019102709235634396,0.007189086540324796,0.014157340848209632,0.009237855824121066,-0.0001011671578393658,0.0016112858489352178,0.008112033897740956,0.0023640558386124333,0.002398545719576317,0.0015415331966175394,0.004128747526000787,0.0028460913603680638,0.006573745091879246,0.0039046469122394623,0.006869390964964639,-0.0007142040021873575,0.005207489334497328,0.010399643852821105,-0.002554811444533178,0.0012680679585344024,0.011680497251329136,0.0019052884699237715,0.00174470001209448,0.003366031443943207,0.0028393733473000005,0.010610889091061448,0.0019193438352902437,0.007800753923493886,0.0016860585941433914,0.004818748234314496,0.01227734122982782,0.0058322885035710925,0.00441105494013927,0.0069066685405161365,0.0022548434955738106,0.025109423597190483,0.008685151059994345,-0.006729354908596719,-0.006563847751543284,0.006590855946784213,0.0035004762836703396,-0.01147401579735674,-0.004079047066354091,0.006675818299885394,0.0013709005887845294,0.0016978317213340866,0.009723056585368539,0.004531863727494034,0.010553663862523432,0.006705246137289178,0.004787097798347517,0.004638137668603548,0.005816101487398306,0.003811343743905571,0.017031740719754662,0.0023240190655411386,0.0006316934259147367,0.0010598207217638045,0.00497675928558694,0.004464150054538596
2022-11-28,-0.00788256128693876,-0.01370766159328507,-0.015543527756285425,-0.0337271690774652,-0.015086053643549202,-0.023880654800491286,-0.02251527452648394,-0.037975836438312816,-0.010212487967620199,-0.03012869833964149,-0.021277995820183415,-0.03661134086651208,-0.02228109949486412,-0.021950823806797914,-0.01442511885106501,-0.03084378313485281,-0.005419984491497165,-0.019087883909632453,-0.013535454267114888,-0.023421056278645325,-0.0042297861420347305,-0.00914509920596751,-0.0200090328215623,-0.02321015330284759,-0.032163432531146396,-0.0255963480301602,-0.026627669030218626,-0.024595671655334383,-0.01976707379265663,-0.00500199796901224,-0.024396708969747327,-0.031220269815749546,-0.02340141628581327,-0.020953463012739593,-0.014431894957985358,-0.0159949811612754,-0.019450126738578932,-0.014084350648722821,-0.014760334536348618,-0.02100700800233557,-0.02020452201487255,-0.017478373197923225,-0.011147854671700874,-0.018451280723437824,-0.033204597290725,-0.0120902412279833,-0.023439184061171847,-0.020020965973354787,-0.04544496265504383,-0.014941419454042926,-0.012634031961156755,-0.014232883211515501,-0.021958635298037654,-0.030062493584570582,-0.02294551002736034,-0.014064611435763541,-0.02287596679369075,-0.031030467232320613,-0.015668809945965534,-0.02541992488137923,-0.005847974837163483,-0.018689795260400044,-0.01930954768847204,-0.016681849802158366,-0.019278644393989075,-0.04562151437440365,-0.03887828020674722,-0.006015257175439603,-0.0341007207181252,-0.018782509117795776,-0.013710422263137234,-0.025741705062608866,-0.013372075848380849,-0.02254729266849731,-0.012360496447287317,-0.009696647442047124,-0.02483162206773948,-0.014646025665233653,-0.03404522078936878,-0.02937197504032718
2022-11-29,0.007503976953419755,0.0,-0.009062414182319234,0.00711426629792955,-0.0046182385317098396,0.018567110342579518,-0.0025116880533173624,0.00321091669888518,0.014444911883081168,0.007994525494195992,0.02353016053553425,0.020310804027084073,0.0037978980071737833,0.00719895690911887,0.01213956121455606,0.008856010821250537,0.01404308928881104,0.003175246610909399,0.004494996940754614,0.003311033360953397,-0.008033726526042728,-0.012606301824672261,-0.004388150904335197,-0.010207565019363818,-0.010450384340679797,0.003925853770917698,0.014579964976851878,0.005526764877220147,0.0009553095233905129,0.007347194605928253,0.011519847124422444,0.0035807830800937968,0.022197517637196462,0.0033323596118342014,0.006389720210408623,0.0076279204037592585,0.004402927906841381,0.025274464952158127,0.002120799979760557,0.0009366088832578612,-0.0005357625936218691,0.01644941946275824,0.017791079341641813,0.0019937231056068594,0.014110714635806598,-0.007085346416752403,-0.01984773883155322,0.0017816783043929085,0.026008247028945553,0.019352045689832842,0.0078053937087319,0.003208529562435114,0.01347118842731021,0.010823420799806138,0.01174209113009117,0.040544064260736645,0.0023676708189972473,-0.004143245073646495,-0.004142299215158629,0.009484720993961693,0.00546949206377656,0.023456224036003448,0.020286393752144916,0.0018850457607388904,-0.011025184099216045,-0.01331954313961381,0.008265580408151063,-0.009775216257759012,0.013018538816450764,0.01045348732008411,0.004776745657420589,0.009908165699729521,0.00805874760701486,0.02038186263649444,0.021800587943861194,0.012558655790335216,-0.006473792419849689,0.0055514816370323405,0.017622574846200445,0.01592695137700173
2022-11-30,0.03351566905656167,0.02845801460789965,0.016147430214754843,0.027814617162281285,0.024513074568134785,0.017370738581166556,0.024530800901372496,0.023627924574212145,0.009437721079954997,0.023566686155307437,0.020528531493972935,0.020305711897503187,0.022973196339226787,0.017658122734659942,0.005486565066607829,0.009737924556795674,0.01736255841513934,0.019235588771756795,0.0028260662209564913,-0.005955750708507068,0.024606832645843735,0.006839732833333612,0.015042680223605442,0.029923820333294993,0.033583255206975915,0.01851199228872824,0.015111185578542852,0.019237356722804355,0.015480786928369517,0.02362510170627874,0.010000010370733614,0.017190916144754764,0.009449305536902486,0.025801190485059022,0.015343945493700772,0.01613192619911996,0.013058387927135318,0.015005412237210303,0.01645152720518883,0.013816522469427106,0.01795290800840288,0.011863115589108686,0.006403688370779426,0.01222294771366994,0.022315688750292884,0.021407720365036464,0.024605542412561077,0.026677739149381097,0.013963498312008493,0.012393520620918919,0.012696918436607474,0.026315726944009077,0.004873691216095155,0.0236661100656963,0.025715098795442204,0.03545016657067812,0.033722467397073075,0.013261722275331511,0.0176787912399734,0.02654248583171337,0.013240409214470672,0.00979436118455057,0.02105266467361666,0.005937074417664556,0.016304526511080164,0.003449877954859959,0.025216344695031978,0.016688271827636658,0.019603695307927937,0.020824827609204233,0.013888268865231312,0.014929371820926463,0.019985569543183868,0.021901480963065323,-0.0007901605731525096,0.00798835363686945,0.029756642803981714,0.010507530811365573,0.02991183775986528,0.015480894212858365
2022-12-01,-0.006358667865317358,0.0019305025841900303,0.0008436260688917674,0.00794671222018084,-0.003019260506335164,-0.0006323520270926641,0.006108572981931459,-0.0012874691226666402,-0.003251990328603238,0.011069502593774816,-0.0005711193666758652,-0.01733008731493768,-0.028700518486737825,-0.013013748729243435,-0.0030456417149492543,0.004482387434936008,-0.003250663060786474,-0.007565129935820147,-0.008689602695283072,-0.0036434191790132298,0.0014507590741477117,0.010415601281139386,0.02397574654127732,0.000656668280161643,0.007356572215074353,0.003804221670149266,-0.0035028870856836924,-0.007751922536060052,-0.0013573322159695644,0.006810508655247238,-0.016226604090333274,0.0035076413463936973,-0.018721863786566817,-0.004980784975771035,0.005732134271664968,-0.0008868270190603988,-0.00983831314655359,-0.013199536844276216,0.0017462983867064796,-0.0001758438721941591,0.0007894896961664344,-0.014039907266552909,-0.001891798361979502,0.0036507277244990366,-0.005393016581151655,-0.0012701486671657936,-0.003562028640127668,-0.0008660082993082741,-0.025423740410776885,-0.0005458495019698972,0.0012535143362086831,-0.004709450486936495,0.0026453329061801867,-0.020563352906540766,-0.0019229001619401886,0.09437342729799525,-0.0038078489840569496,0.004362716951204382,0.00957533971730018,-0.018915473228065305,0.007901163363716268,0.0040737707445897,-0.002305468473633443,0.006400506139217388,0.0277209791097921,0.0136023320173293,0.00734197006164683,-0.005432743273220519,-0.012604243574349527,-0.017241265937649963,-0.0035300547742554977,-0.0072847866097908165,0.006056142866076142,-0.006898657279897025,-0.02016611568650195,-0.022523440552690066,-0.009702462274273738,-0.007930905934563581,-0.00768526425100835,0.003280574405978065
2022-12-02,-0.012585193000575146,-0.004495854987638714,-0.004215174000590571,0.013424271553770906,-0.004693818807426475,-0.01497572425137672,0.007676812972140512,-0.01740330954147129,-0.004486219754133547,-0.014889482537506882,-0.0047619466482817785,0.040334488492018705,-0.01285895303597362,-0.011301642788250521,0.0018669494519483187,0.014469173864471996,0.010803187373705114,0.00196605638772418,-0.006159251151442446,-0.007151053465097257,0.00017298314354996513,0.01042102091176722,-0.02544260606992399,0.0013172262172365112,0.008520266891108852,0.007017913030117784,0.002636205916454859,-0.019701084007627045,0.012860690468069702,0.002630642496165958,-0.014537356896108689,0.01715910691135103,0.003852602589356824,0.005256368174927362,-0.00544044730138038,0.005414985312517828,0.007774001271916298,-0.00642055029573807,-0.003285058956357001,0.0037814902370552073,-0.007627482239823569,-0.007926975226825062,-0.006374803029107423,-0.012031305098265,0.002323955248437093,0.0031795860139756105,0.017412480902865735,0.005085780626149505,-0.0069563564946650835,-0.008932536295953586,-0.015151115892785727,0.0,-0.008355393167422176,-0.00345887248440091,0.01733835074588863,-0.008025209114947751,-0.012742205276545238,0.014905014795122185,-0.004723246224051181,-0.020446170767331018,0.015175769735974676,0.019899430236192117,-0.00635477786469496,0.011646227981281676,-0.0076673089096512825,0.024775112308832004,-0.004615974432265912,-0.008252101022444114,-0.025097277639333115,-0.011249259405949119,0.0021148211902448644,0.006209566102922004,-0.0031870801539289895,-0.005557600889964598,-0.01775632192752763,-0.019842239735414435,-0.003620982081264046,0.011191845000245726,0.004336999478585346,0.005001099709550205
2022-12-05,-0.009721517718258688,-0.014838601973303112,-0.0325949789602733,-0.013456753277242717,-0.02335131866991802,0.00021409681734185781,-0.015998122230795886,-0.006091289770927322,-0.049569642576646866,-0.01578127388063366,-0.004274247521537822,0.012194515480240975,-0.04462312726596762,-0.03386972927572518,-0.015076536637414928,-0.022260668847889686,-0.007662952489002062,-0.017617784912486778,-0.010965656987830918,-0.02299894905797517,-0.006745447415462902,-0.019462177611031417,-0.03272763411502755,-0.020720141693667427,-0.03520062566742821,-0.01728337160409843,-0.027899266465993833,-0.05162854260591143,-0.017755679792406887,-0.052473750193663626,-0.06524811851787615,-0.023742405479068363,-0.022204112875023885,-0.02838310704908642,-0.010158920179220265,-0.021720065776287267,-0.015884678555050158,-0.0479266014038191,-0.008475283848246251,-0.017959580605028558,-0.04346680247983814,-0.02804099507213531,-0.023235661933101226,-0.011045233749559347,-0.02782062509612271,-0.029794097329267966,-0.015414186747163883,-0.01288007582654438,-0.031085819024600836,-0.026607094923758123,-0.018436515914910023,-0.04521560589505624,-0.02705088198247485,-0.06770980420219652,-0.019737730520517638,-0.02413279110837474,-0.024780623777715727,-0.025092397557675894,-0.010621956128953225,-0.03682551670411538,-0.003267015452100064,-0.026709803431283485,-0.027325589382660165,-0.021554626631735463,-0.026375649696234738,-0.03252258708176259,-0.04051735504185028,-0.002344176857395519,-0.05481581522873835,-0.0334553521883717,-0.012292816943512364,-0.019635341359424352,-0.016340867559327066,-0.017091011019779723,-0.059161826418635544,-0.04963001041847914,-0.007695555911462315,-0.0245955104608252,-0.02776056133669802,-0.07330139132006719
2022-12-06,-0.00327213829485129,-0.01768173344996815,0.013783399904849114,-0.015558388122859923,-0.015887805787087372,-0.008777560596193612,-0.01438079958230154,-0.0022628499839153493,-0.0021554610051618406,-0.014094128051637789,-0.008841476789848146,-0.036034647259839736,-0.04264589347379322,-0.014461172481813223,-0.018403108356061293,-0.02603931537623949,0.010770338989859018,0.0017526486251462359,0.0038562843218403753,-0.031498580730684456,-0.014779805933990864,-0.011931607065681193,-0.010757017312231665,-0.005373511294145872,-0.03794432406638448,-0.008793670069626391,-0.036363788681762266,0.01607594494766218,-0.008407758748064431,-0.007516009049492567,-0.021547780803591432,-0.025600018934174962,-0.0026165066819270333,-0.0074313466933383365,-0.008157938163476541,-0.02193131519596858,-0.011178038904305354,-0.01527172947009936,0.0006104773524051588,-0.011597443272781005,-0.004987596788618931,0.0016747115027540005,0.014024545521053922,0.002863780576084496,-0.010334141753353121,0.0026135088621659364,0.0040289416548096035,0.0016309114672070635,-0.02846808827767322,-0.019246936587236307,-0.013859936216099822,-0.006607868696960839,-0.018231402234964555,-0.008164032226653406,-0.018946220142762038,0.0064633738375883265,-0.022631210936219226,-0.0008607926083178397,-0.022461628067401485,-0.009805551468482387,-0.019368368065616592,-0.006346742685391149,0.004183995842840016,-0.010764226749385264,0.003939379455543568,-0.018146677967959768,-0.011320164051191295,-0.01021949170995129,-0.016435683593733375,-0.012331833880924292,0.006890747132423325,0.05250342563657684,-0.015529129800659791,0.0003789302837315933,-0.038864529256038116,-0.005954951741605874,-0.027574476145571625,-0.005403609527131037,-0.015862843829568596,-0.02643551154097934
2022-12-07,-0.005033953953229253,-0.0020000005262005294,-0.008919978897127478,0.004762962269843296,-0.00435283491944205,-0.04362852032504516,0.004720404333443451,-0.0017010045898212534,0.0030240133043786255,-0.011067444285747796,0.0004525021950885222,-0.010816526116706027,-0.007878817681824635,-0.006891920568687815,0.0030224269420022765,0.0,-0.00944916973847576,-0.007486282574286851,-0.01224491082601531,-0.006314362229711934,0.0014581915579632287,-0.012819858470370371,-0.0018781893555436247,-0.0001688907558294872,-0.001516966750183868,-0.010159725965483313,0.0018713384119772858,-0.042790314619254866,0.003815541698136915,-0.0003984249113899718,0.02264253584521514,-0.005911364564510024,0.004310066967945225,-0.005808864174511319,-0.009286186125743612,0.005997989468194742,0.0012195560754015844,0.009764764353599631,-0.0015592730372637753,-0.006724090016699602,-0.01002507306488365,-0.0006839294295255538,-0.015406213413769576,-0.008566369774435145,-0.055421589277340755,-0.002527238090702766,-0.005388828325727624,-0.004129183532163183,-0.008139874902110766,-0.0041227416570459585,-0.006042347542562387,0.002216962925461363,-0.010677997017699337,0.021335331017033665,-0.01969098735029262,0.01647349399926279,0.0005417335258703915,-0.01860947118674383,-0.007789078030408292,0.0006656748737019491,0.0031399713659696626,-0.021226570991873417,-0.006547386191579907,-0.0036694990718491027,-0.00048331316928085233,0.0027268641016600093,-0.006175320282381436,-0.000830821100443746,-0.0011938501934036783,-0.01234391741101415,-0.002387413291627949,-0.013592527029263057,-0.002567945776021041,0.005115189599629533,-0.03271237241846181,-0.02188964745605715,-0.05183855335842258,0.0010864984998939509,0.021598928233132364,-0.0019091886746304132
2022-12-08,-0.0059392988722165585,0.006011849881349951,0.003846819199978979,-0.0038784810551085735,0.01804315355795927,-0.004968324572509175,0.001993173679722071,0.012873917249234923,-0.007751812887663356,0.011657700395011128,-0.004199802742305803,0.014617574113624299,-0.009163157676565836,0.0004479449913210587,0.008472328343205326,0.011898129065710528,0.010554114516113877,-0.001475778826351748,0.009722760950365616,-0.019846780289654586,0.0041034464002427384,-0.004058214985472541,0.0030701865386317806,0.004896899681435585,0.004340702890149428,-0.007878550132115691,-0.011673227050433277,0.00413218255203085,0.002322718728972717,0.005582075412523757,-0.004549578657233155,-0.007598158940688049,0.0048509475129316915,-0.003375436737323989,0.002945993073271147,0.01596029575965141,-0.00046849493522171937,0.006257037209919991,0.003463241612285506,0.005543012831404903,0.007313821788818675,0.01049441050138622,0.002489408344470423,0.014976918489811641,-0.10855996515001154,0.00921355310424632,0.0028818612395513643,0.005606128852948755,-0.021101828795546118,0.01705635572288422,-0.000792987565328418,-0.0005529273219276876,-0.008446786797280392,-0.004900067687843901,0.007107392338716156,0.04051660627818876,-0.011909663423692707,-0.0021946420463144767,0.009420344809992098,0.0014968705287703443,0.004543552953553354,0.0024097120141202133,-0.0023966988036265846,-0.008762414475711355,0.0036697291896670148,0.01888502725327057,0.01320365948010993,-0.0033255489450273457,0.0052582438348092175,0.02470917848536658,0.0032066026177812734,0.00620261670221578,0.005516954124219708,0.0038168096767414728,0.007515162324884361,0.0030627371794884617,0.009579393879103337,-0.018270489876576312,-0.0006312812364027698,0.007013994162021309
2022-12-09,0.009515590387501938,-0.007304003588366803,-0.016847205641211116,-0.01752112008028439,-0.004294136227504408,0.011348161244114197,-0.011721870423263892,-0.0024299265068268294,-0.00911459269039816,-0.01014067925832629,-0.0014277083916458544,0.00256863664493423,-0.0018494771734267612,0.0038038659319792334,-0.015719532985205453,-0.013833428924091007,-0.03655369002423381,-0.02233363230043539,-0.003129479335504448,-0.022912966911641353,-0.0036911275201093607,-0.01187485088519391,-0.016982796548181134,-0.0003359228848206497,0.008968060471083561,0.00021832950765476866,-0.040707990131134464,-0.015338565448318242,-0.007795049889072647,-0.010705892525517458,0.002132853614134289,-0.009653951904143532,-0.0005570067751574648,0.003126660778330459,-0.011481990547423715,-0.012639888596947979,-0.008061775956246353,0.0,-0.00494017796689894,-0.007048626218731258,-0.0022341236668289577,-0.005418442853997063,0.001773684430770306,-0.0008514694945397361,0.006677169839259367,-0.0022822252435273915,-0.021149351223358037,-0.006620205471437601,-0.018682596265853002,-0.006594290637437217,0.0005290400620898694,-0.003873798466640377,-0.01940363813391277,-0.0016843818539554745,0.0003835699089627109,-0.031018938772848004,0.0,-0.0017597449161530498,0.01026547242934539,-0.004816018652645693,-0.012262503063341423,-0.05909444944000675,-0.004204222215187903,-0.0013667880233061425,-0.017176425629107595,-0.016162573069776864,0.012265435011735493,-0.020021472239733162,0.00047571784485467283,-0.010374578627710518,-0.01102704715480185,-0.017671310582444977,-0.0286242659219208,-0.007886357971054303,0.02983689859836547,-0.0018788865961071322,-0.04929400171122522,-0.040353929858068516,-0.005999259048336425,0.00232150058409486
2022-12-12,0.001095852112723783,0.013377901406556925,0.005662900831457485,0.017833584454981954,0.006900469594656178,0.02670553388766872,0.021278071420432143,0.018175027920482423,0.013578456922222815,0.006984733919105812,0.022157498234024242,0.0374847456722498,0.010809162544010542,0.020285399997273634,0.02538592625138647,-0.005049726740957272,0.012507944673853189,0.016712833054429277,0.008452267047273976,0.015997171856404258,0.008732802978193233,-0.00023573445847080432,0.0344519003355781,0.001848803037634017,0.013707589651394514,0.02192478832496003,0.024488422901168372,0.037234025592676634,0.020808927481554162,0.0,0.01155368674985846,0.010084229788238419,0.0,0.002986905428184583,0.005132298887819742,0.028803993009894224,0.013561403341880718,0.023177004199797846,0.014689307768365412,0.02043129193508575,0.016512573294860555,0.015511285710323008,0.0037180742378060128,-0.04742972334187834,0.019583010533126277,0.003594647342915369,0.0,0.011516554611427754,0.022211380127947766,0.03687783412704193,0.03489784093885673,0.005555719420367922,0.023166054256080537,0.017003787939408932,0.014645960870012464,-0.00395052298414833,0.026160999093942428,0.009871405488886653,0.017859164749770562,0.04422196914603638,0.013127064699057112,0.045347993555195476,0.016284723840192195,0.007868703709875913,0.0012689464841511011,0.008289420714490792,0.01312635077210711,0.010944841902618796,0.03279447873460373,0.006516512745579295,0.007864130925472335,0.006972597512455048,0.012927652050440885,0.021197014710214512,0.023087232749683828,0.008470515332932083,0.013388290939541303,0.01152062223401007,0.026683771025019842,0.01916190982353183
2022-12-13,-0.0013136551124715012,0.006600691302520945,-0.004460983649320238,-0.006056646810931987,0.0036600614709354495,-0.01027325072575136,0.009643136477452519,0.010213476327149973,-0.027657656673779174,0.00878644151276431,0.0013347811514647923,0.004616957054951465,0.0006110088360107291,0.01791557103202268,0.010426620111762874,0.02819653683223078,0.004735419328423474,0.0026021454831439694,-0.012212836837953378,0.014582069092264227,0.010930916587938544,0.001590902098395297,0.005339942401417774,0.005537115241164736,0.00042254398371865953,0.016321929150574732,0.014734912667529798,-0.0018314739361849908,0.019968824279096298,-0.009619158515393855,-0.00991880628431785,0.028951608229969006,0.00836050027919466,0.01929298038042848,0.008599830168142697,-0.0045331486313839875,0.0021443491750974264,-0.0016576821207642256,0.009114621134258094,0.006332351086236532,0.01651992314034323,-0.0009686333722686014,0.0010583912493811187,0.005963220874438679,0.006195841163267213,0.004558773632716839,-0.0018787538174219742,0.0024851312277103244,0.01910199837872595,0.01928461787049396,0.033848534770885674,-0.028729460997633183,0.020754334924574014,-0.01703879626880833,0.0132255952298026,0.00437637863639706,0.0150826433925213,-0.026706316966763288,0.027528688651561994,0.011506107449601899,0.003314514450615036,0.039714874395017974,-0.0005936224124897249,0.0022488103896689537,0.03024290214239156,0.007025429147730522,0.03139392660753937,-0.007458396411935575,-0.0062126478417199316,0.008022811428488374,-0.0003205561111380151,-0.003877358901564487,0.015014938200450967,0.010146935699836712,0.020354010858693483,-0.005599740129184738,0.01345168648343864,-0.002657273809720029,0.01763587883940554,-0.0024792559122693847
2022-12-14,-0.030695188342794166,-0.004590107878016059,-0.008301112488438234,-0.010010861302175766,-0.009078268757848007,0.010159074902189369,-0.011782017997389427,-0.004645251224862146,-0.012000096437645658,0.0002290055872040675,-0.02164798701652526,0.00598511776820021,-0.01435123866162491,-0.013092909910242367,-0.004289007832806946,-0.023309873454638974,0.0010245800191595045,-0.003748816620370077,-0.0016968756480654212,-0.004761441590834248,-0.006790520290497315,-0.002117924146183836,-0.004925294250055279,-0.0011680921130944322,-0.005807896915766886,-0.013254404663268327,-0.0009681563483064926,0.0014679235055905515,-0.003569053026345026,-0.023472183865249963,-0.019732727779429693,0.004851224493564565,0.002118860310281967,-0.005208353948846334,-0.0031974140863160194,-0.015787320732390198,-0.0011164250114080732,-0.027116544282238864,-0.004715483042784574,-0.006425494596406289,-0.018418108521443988,-0.004996756441511652,-0.00881053408347765,-0.00480500122722527,-0.003078808379625153,-0.005186434358444125,-0.007764676618469135,-0.0062840363619535156,-0.008903225598155817,0.0018997540173089078,-0.0006179381622499758,-0.008532255612574646,-0.002772350832232817,-0.02863092352287322,-0.009696360372410617,-0.01579522045806181,-0.006048673558995521,-0.011118977103670158,-0.009421154424384959,-0.04005063799258135,0.0006007450320673069,-0.012144933401196378,-0.008313392830887611,-0.013589644843154614,-0.010763619303369776,-0.0010390335753366342,-0.018238965473617696,-0.004484275718674602,-0.022458844356763707,-0.0020944626862161586,-0.002191920245025014,0.0012509816524108874,-0.011464304827040195,-0.002018039853002307,-0.003902880908994266,-0.010323791190612552,-0.0054515069002201155,0.0057438941581957614,-0.006688903172793581,-0.015327430473287329
2022-12-15,0.013797727692566042,-0.02305671725916081,-0.017703434860299794,-0.04418558061258382,-0.02654457464122384,-0.04394407657349797,-0.024691447621473017,-0.028275955091573657,-0.005847619669225201,-0.02016508007230322,-0.02524174354177766,-0.024063738535441526,-0.01579918463162333,-0.029578100646533212,-0.016291466871692473,-0.03930931111032876,-0.028454432542165398,-0.024478954771223638,-0.007284956946813748,-0.0028349625782974064,-0.032159027310858845,-0.023287315346209092,-0.04522977673933892,-0.013698601705131153,-0.03887411816276776,-0.042786253086628534,-0.005490883195147345,-0.010626636342922935,-0.025276186718887428,-0.022378816406228186,-0.011149039955872908,-0.030897956976160712,-0.039437418817363845,-0.029498049266764914,-0.02539437191397631,-0.024425984410598844,-0.026778965249007913,-0.02616628622855066,-0.050046888110162335,-0.027740467976815064,-0.0372516304309346,-0.024810647860039503,-0.006044532863022534,-0.023234646230842038,-0.04817795844559558,-0.02085371571920336,-0.013161200591805033,-0.024772062795231697,0.006383039369982635,-0.02372108385983218,-0.030782536673940375,-0.01319568852281272,-0.007877683953012027,0.003742824334471262,-0.030127301097511827,-0.02338126766195492,-0.02976595030549445,-0.021944024928189698,-0.04465553495340313,-0.0237818999157573,-0.014607440652535164,-0.006345594685505995,-0.014970044592446774,-0.011459183701124864,-0.026170017117565725,-0.04279353272239228,-0.03949291548274392,-0.04687106013090203,-0.017290430934971734,-0.023086656084615464,-0.016448676673688323,-0.031796514381280616,-0.014216312220265759,-0.024221002991895224,-0.0161079758710283,-0.01920325223550401,-0.03860810524696212,-0.05025716026933824,-0.027854300722895298,-0.01367261965463984
2022-12-16,-0.020749554238916224,-0.010114724496924965,-0.002413222946784588,0.02322912021306145,-0.007721927476434076,0.011205160841438744,-0.010705106783865825,-0.01007627526343291,-0.003167785060238737,-0.00982227296226923,-0.026095101379302932,0.005334180933091792,-0.0022032494516533996,-0.0060511101049781635,0.008931044893795814,-0.020605102285149335,0.014538431513672068,-0.0013564519070787817,-0.005626430579963704,-0.018747408594937287,0.0017322385664728657,-0.001931576128374357,-0.021449463198072394,-0.0050814672764761815,-0.004530878502675972,-0.008910135694574661,-0.024358526613056264,-0.025925954182942745,-0.00304456298299427,0.0029673262973544112,-0.010335066000891624,-0.03188314646169832,-0.018757689039932024,-0.0022370405131401094,-0.00521112810833424,-0.003643406028112417,0.00368463185614476,-0.007009350823504179,-0.015453707071231837,-0.005550594730456493,0.002006342302023123,-0.006226114093383028,-0.00196731642856085,-0.007723190761948939,-0.05353665780007688,-0.018302749957182063,-0.006848475933852405,-0.017311187017070018,-0.008926734400696246,-0.0066987381469446605,-0.016199077146272556,-0.005232540478143366,-0.017748752827239422,0.0013985728966821043,-0.020191025211390712,-0.009916457066584394,-0.0034087205966105705,-0.010291333670202962,-0.015866152757276875,-0.031948213464150776,-0.0015229200549295996,-0.014567865665068291,-0.024923966332778713,-0.020014753006191932,-0.014452244868840669,-0.006674891380015646,-0.02254386083960158,0.00498152699384713,-0.00457905653702062,-0.004010111320551735,-0.00419451737661769,0.003872119826164644,-0.012523611332451279,-0.003791326369933734,-0.04203534159309397,-0.004351142054525581,-0.03520080188984953,0.02826212642256931,-0.01448353333786101,-0.017487644473696662
2022-12-19,0.025746253546222952,-0.01021780870062683,0.001058097284491577,0.002247661729567696,0.002432008087694726,-0.02985073854331366,0.0015349740807164558,-0.030631669868443012,-0.002723449164309555,-0.01913068163896159,-0.008817436644504295,0.005305878417603216,0.011356559722161652,-0.00947028209991041,-0.0018477388865387745,-0.010892152751807105,-0.0182764891326731,0.006748761253402291,-0.007133782300940195,0.0,-0.003974945583789191,0.0009676571676726642,0.008622485705827465,-0.007660687210973349,-0.047735406641655986,-0.008240756158549689,-0.01364851509164089,-0.012547525980192265,-0.004001640022014197,0.01014389214966993,0.0015821350852163185,-0.0017151017057751572,-0.011509000346516807,-0.025056030330130152,-0.009925471559276255,0.008907711118637529,-0.0015734135394986914,-0.012940960023995918,-0.009203830685527215,0.0023062954753609866,0.0011440333395040803,0.005955339126329173,-0.015233093460466529,-0.01183063087912617,0.0023996380445934218,0.002711796646083231,0.04621333403104222,-0.008838517026899195,-0.01825066013123733,-0.014365383613781035,0.002333708512946897,0.002337956709321354,-0.003328484872779258,-0.001529420588917585,-0.0042799049666157885,-0.013306541741703759,-0.013955262221799658,-0.014988333685421296,-0.009523073303275398,-0.006269546814169025,-0.00813490629175595,0.009113215892983417,0.0024935015557643325,-0.007044194146177518,-0.011601967694016335,0.010939220887300038,-0.019918634742557506,-0.0097865321416577,-0.004358708592131055,-0.008053209400247008,0.003883716758173561,-0.010285861371865157,-0.009608266435271573,-0.01817237944879646,-0.01570432727390092,0.015295147671977372,0.007708450676610301,-0.01988290111010871,-0.015016100185541226,-0.007162913450718511
2022-12-20,-0.0002224386902217601,0.0013762515709285772,0.015404585489456446,0.013904438882330394,0.016901012498092616,0.003962661139831569,0.005621736394555876,0.013248267457368401,0.013199880174169953,0.003852563543679244,0.004758215553863243,0.014056445030719678,0.004054652957319771,-0.0027312890346683494,0.012269155319503788,0.014331049889318992,0.02009762900269374,0.001138592691115381,0.0113970292914356,0.020010935224322735,0.000969552537800844,0.0019940263894182575,0.003913963075904192,0.014067563108664638,0.014455687483823976,0.006571789290013452,0.0016874134232311988,0.00731615475861469,0.004863534651395662,-0.0029289282987712273,0.0012637780990787384,0.017525698979637738,-0.004637403600570522,-0.0024345451232693494,-0.004455613172864803,0.008736007060077267,0.00993289173519285,0.007747127691004385,0.017354372680156827,0.003682024046845145,0.005714194052009791,0.004844017348418328,0.015104621291089027,-0.004725810041659062,0.0,0.001352277794292478,0.013066736316924787,0.0068405009718628396,0.014244412980791266,-0.01651822912927814,0.01566386001907638,0.011661780002189204,0.020992399878263956,0.010122309296226373,-0.006925189510290086,-0.01696644751709042,-0.004717548637321212,0.004279565365715499,0.014920438035245898,0.03399930332158507,0.0065613509784971935,0.03873157909723712,0.015547250927114842,0.0024094068296331983,-0.01057627627826796,0.004328316103411556,-0.002139512221404738,0.004748929922236522,0.0,0.014062090579007869,0.01242442380828046,0.0037528704741522922,0.0031045884007672164,-0.004748203217165181,-0.00703901398740181,-0.02008604281757409,-0.006119587999036447,0.02386631057160926,0.002594794572996717,0.008526403513698488
2022-12-21,0.01621915067468116,0.016495033642483836,0.017624441420407644,-0.04622871477353552,0.009383807690626522,0.0183422549599479,0.01894719333213768,0.019564132136236312,0.016621560532927404,0.01703053896927753,0.00960896468020489,0.04094751175730704,0.015222291981596525,0.022825876660983457,0.028025778800029766,0.01903614577845336,0.032973893721360614,0.020045176167944323,0.015433684664869274,0.032223498735645784,0.04606478071811959,0.010492037631203877,0.02657218611812895,0.022669645703008223,-0.0011491938233928467,0.012007439197561087,0.0404311596727307,0.02408260977790322,0.01830816841958738,0.019303249177680337,0.00946682280691813,0.029381964370230218,0.008723388152799938,0.014101588287917632,0.009510371129442197,0.012806319346720496,0.017069223387509602,-0.06091068914719555,0.006087164280540902,0.019349687198308985,0.013352252903354511,0.011248157107508927,0.029401387753629438,0.014878039920687813,0.03590984991056345,0.018568454500579312,0.018605075615202304,0.016621364030782626,0.03903842956561343,0.015560684500074418,0.012337720584052692,0.02363089260495599,0.010747737620751208,0.014636297653836339,0.01915680027959854,0.013866344739801972,0.01993599655702405,0.010795589282832863,0.019496788720579472,0.011525584395428279,0.016093034437787423,0.02994572723562161,0.018371043553663924,0.02034086280300662,0.016079123320138722,0.034169634892906586,-0.01822327518100908,-0.01456281147913785,0.015320996757225203,0.01858491696311715,0.01953841252950328,0.022289283869443066,0.010058138539172257,0.014653710332563463,-0.0037806187856963547,0.0034159226532237685,0.012827196624469961,0.0073814906674640746,0.006470441592859588,0.03121592389847616
2022-12-22,-0.04394422300364398,-0.0175794206137192,-0.00533451947462138,-0.024814464780355427,-0.011187294845362628,-0.022343810501567418,-0.014533934965252349,-0.018333811786085064,-0.0022094638331824346,-0.021462248139801576,-0.012168739859383493,-0.039540816326530615,-0.008873976691404772,-0.018299770218583866,-0.017333457609032044,-0.028458841419074954,-0.01706475858543155,-0.006357819501625839,0.0,-0.029067501128588136,-0.02560357620078313,-0.026136788728666094,-0.009094580213923842,-0.017866112159813374,-0.0028762001312051533,-0.008305385777445995,-0.02671620058572599,-0.021276654822452112,-0.017565794688596204,-0.009468800446797099,0.004376383237933101,-0.020997363780024147,-0.005011826840021771,-0.025270809028452468,-0.010252006842372263,-0.0069135881718265235,-0.01297075882973353,0.010705284832005502,-0.008864465162572999,-0.009536191963275265,-0.031679201884275976,-0.011350036568686162,-0.004005720155491499,-0.004366974130081469,-0.023440085892501128,0.002320321493312072,-0.0359703833630568,-0.011277454584172952,-0.03619718315416964,-0.005066935685826834,0.0001269662616605327,-0.009572034065691182,-0.01849304080910419,0.002534193890321168,-0.010145461888825369,0.005529020800558726,-0.016539407280968033,-0.0060896465396276245,-0.013070569659294873,-0.007456400487499071,-0.012530199532832853,-0.036015614360524695,-0.013228943285836348,-0.017318038303879568,-0.015824676396852366,-0.03110587723386027,0.00027309087667859444,0.0010370712975902308,0.01748507870849525,-0.015719526078721957,-0.011720040054966518,-0.014347831938563704,-0.014936969698178704,0.0011514847109472814,0.017552092720524604,-0.010700188721878834,0.00607895825810556,-0.042036275957435754,-0.0019285978282009841,0.014925526467760353
2022-12-23,0.00868969215715798,0.004129388471156625,0.012563539688938308,0.01997622277832445,0.006533233827537233,0.010027991941808034,0.007663239797597088,0.005709347669764053,0.0066429726385979215,0.006025533844444819,0.011767859401126124,0.004302775875663967,0.0024700109229414124,0.006137965696686898,0.009809086998274985,0.010215039514381852,-0.0032680066407382302,0.0024098300022912245,0.009650107387209284,0.043226314685829825,0.01047512493597802,0.011029366657285378,0.003429026526027723,0.005558363014163792,0.015460897745706692,0.007403004905362609,0.03992669419176753,0.011823088535823256,0.004838301350071461,0.009143563882295869,0.008714627924293783,0.008042873900688585,0.010765329254902145,0.01001385930753429,0.01539745264719028,0.003480969996362937,0.007347666266228625,0.018068607931828407,0.005465734384036969,0.00808410441306262,0.011580780948878378,0.004745155089566522,0.011540518000765276,0.01315797773875782,0.01859350879787791,0.005290873075838531,0.009647998876088248,-0.0006638447428243266,0.03803166224266241,0.008352072643888597,0.021833047704514552,0.010801562601901793,0.02826197916106543,0.004731172167740549,0.006833051638987175,0.013746047454855637,0.019874920490611236,0.011876792327051078,0.003008201355933604,0.0013504539132958016,0.00801952041008236,0.031134548799148565,0.007312592513198046,0.010964581935708706,0.002499369563696563,0.0030722670095948423,0.008868764468442869,0.01126631667918021,0.0025894580333745143,0.0075574380111635975,0.012179343686934407,0.004852193209026856,0.011664204560987379,0.005990645078807644,0.0,0.007374806696571978,0.000698502623887709,-0.002012950435684724,0.014170703562100373,0.003521202775290666
2022-12-27,0.010881937133487618,-0.006854041298445801,0.0038454924361164267,0.03310799729191172,0.007994985191464687,-0.024243893291708396,0.005381344545502209,0.0016356987245851329,0.0017599098441567484,-0.009582951805522932,-0.004284718742695648,0.0017983515406809758,0.0018476401781148954,0.0029369228283815385,0.013632216972987665,-0.000594969438356574,0.011885079124891895,0.01173013153130431,0.0026285824677627634,0.01213163994802735,0.0039148663396642025,0.007030208210326627,0.010151939110151442,0.0035175758627083997,-0.01863420997549381,0.00861050354252968,0.011678165003096375,0.006030902497965229,0.011722624824119787,0.0,0.01203311376300098,0.009973259543200719,0.0017589625374030415,-0.003123940014275295,-0.004962838406678216,-0.004655488552757214,0.004769313190660984,-0.011015989076333499,0.005435841221268056,0.007973833784929996,-0.009730824053231224,0.0035039781606294174,0.012964540084658083,0.004947636476256179,-0.011284245593882747,0.01052641569381052,0.007368022518001505,0.005133028473170764,0.0020608657470209124,0.008161501627146128,0.010931433501662147,0.002249974701411528,0.006413127465045854,0.006063913246250774,-0.00236752697977316,0.01598644790090531,0.0012265876995838365,-0.007545379332641544,0.0031549048678995995,0.011295696354654439,0.003625473576815752,0.009624182921070368,0.0006050521199416625,0.008606305243779477,-0.004865918828774074,0.009188337612259012,0.006356546353609938,-0.0015367363668962186,0.005869970681033232,0.009765198228038452,0.005277601966079626,0.004828871826826786,-0.008070803687508565,0.0019532643442310427,0.0032634716264496877,0.0014637789576412708,0.0005075580664752888,0.00826945432453785,-0.0006350169997061395,0.008049488236180347
2022-12-28,-0.011213593720070136,-0.010351969693173202,-0.014383557515325274,-0.013992388340474116,-0.019868036678203693,-0.022716496038843847,-0.012631155099212421,-0.024399624906419004,-0.0035132532983870313,-0.02443187775182054,-0.016258532697474015,-0.005385369833904807,0.00737782388962005,0.005181500893448598,-0.015464253974268094,-0.015771306275690677,-0.021263543336249913,-0.01143017385369538,-0.0038132102833018378,-0.026673696311883766,-0.01740625732761536,-0.011494841022206992,-0.023781210952256382,-0.021866143731805843,-0.02547180993663145,-0.019134569065019202,-0.03716002561447451,-0.026601760120435247,-0.014483454398708684,-0.011120015106705461,-0.002438870881455113,-0.01711629150071814,-0.018045227372999628,-0.01566745066144659,-0.011637574849620025,-0.02567870261197447,-0.012564437647084259,-0.019802017592022825,-0.016851344853882955,-0.01479401375659839,-0.0075145702710502915,0.005465583488843295,-0.012286664856672846,-0.016307800066499123,-0.008727734146731447,-0.012695364648923957,-0.01908568221373641,-0.011055048812551704,-0.04707482157774012,-0.014948543587685936,-0.009215813383152027,0.0005606397772384142,-0.02594435371394921,-0.0006412995808733335,-0.0170067648061063,-0.02964334421765069,-0.015925088959312106,-0.002628105633679101,-0.009163301082800057,-0.022088996858259713,-0.005217841363750586,-0.016822364001440104,-0.016928668389561752,-0.014105379598135293,-0.0051912256986018646,-0.0148710672874377,-0.029969121216934735,-0.012568862622474808,-0.006769404224238662,-0.022144594410684615,-0.012337270527721378,-0.011448887707967814,-0.009686191575025371,-0.016403870055427316,-0.029275230886323222,0.0019492903653632876,-0.015727953439553577,-0.036407158787131744,-0.026692180260579956,-0.017813245566878133
2022-12-29,0.015422958135632214,0.013946882917719616,0.009239890653267135,0.023117467795318758,0.016905697468157177,0.036561795741523184,0.014527047730971798,0.038499446200296994,0.022917522592850625,0.03297792846501757,0.022985100769011835,0.002813455598042802,0.011290848586744229,0.012102220209956327,0.0034255073261713065,0.016024026099068722,0.008897027972923466,0.001781996884503645,0.014832455769018926,0.009366135197952818,0.013102987007244327,0.013028761251157261,0.02497202979178903,0.016552854351582935,0.03576090297511625,0.022959380135064267,0.0024635767524214813,0.02925328107286096,0.01154713546891828,0.014993624666220118,0.012967115059536738,0.03573818270404261,0.015496343953155023,0.0019376996874003183,0.0156994702260147,0.015530843846888187,0.012064671093004797,0.018685539747856472,0.007427333862759511,0.013006729569757569,0.0066976147606685466,0.005737365307727504,0.0136489742721837,0.00907094360880123,0.03792741363049856,0.009561557931101916,0.015612237667040896,0.013244287928925624,0.0309353211862764,0.00984569379812128,0.011906107841979097,0.019069504956672256,0.012149575661737355,0.012639543273141873,0.01714013105580614,0.026060780568134323,0.021715304298588922,0.016280833855835786,0.017398944341099343,0.027101050922274217,0.012003272380577634,0.005893643714023344,0.02521508090211233,0.016559277206287915,0.030976742186083372,0.02988297128964268,0.05167650614956143,-0.0019484747820279757,0.015276228139619041,0.017056084319245324,0.006963246216425967,0.018301533549200055,0.005868524969228517,0.011360003169367694,0.016275765679606202,0.005107398649837558,0.03221641904872041,0.030101588830759418,0.022526929210345603,0.023139451394701416
2022-12-30,-0.007817527133482716,0.0,-0.0024706637939576614,0.004474289922278274,-0.007012289782910797,0.003036609419477143,-0.004630398175378803,-0.00853324656738741,-0.005170164316648851,-0.0019201715580250411,0.0029186867617418955,0.008363780638534823,-0.0006033870073920422,0.001550180586095129,-0.0026644167088109016,-0.005504966246055121,-0.00943377220345798,0.0023164474228807297,-0.0033002068633588566,0.013832953412805216,-0.011664210460982427,0.0036062187254923828,-0.0010941592993840565,-0.011750841787085964,-0.0034411649208093698,-0.006821097940661658,0.0076998539094494944,-0.008975309393135733,-0.003113392089469258,-0.0057447940614067106,0.0,-0.0013021077997301678,-0.0010876709695016862,-0.010636571928058669,-0.0022080271585217526,-0.014366448327114978,-0.0020955455635288667,0.015180337427264323,-0.001205154673148412,-0.007523756606021337,-0.008388496856018612,0.006605508585374453,-0.005795012901023133,-0.0009298061460897289,0.002283843090351345,-0.00914443585231961,0.006768404867175226,-0.0077947049010047564,0.0004653699079757434,-0.0072116039700466095,-0.000245155850790435,-0.010457056324440606,0.006463460712931246,0.0006968610228199612,-0.005221577221356299,-0.003951040615363666,-0.000541586763590951,-0.006693400292878571,-0.007934481684181649,-0.0013317691910016416,0.005880615641413955,0.010394941800194513,-0.004198994058286609,-0.007471591903706054,-0.014331423534922116,-0.01809750334171134,-0.01040735800485515,-0.005075421946232006,-0.003935372487484323,-0.004086844421913871,-0.010293274770681982,-0.00589726008258229,-0.003111495567330036,-0.010276147573414218,-0.019783356850906597,-0.0009679565162914461,0.0002498212458159621,0.0018138724285943209,-0.010217071489159624,0.0016299077542880624
