Date,ACGL,ACIW,ALNT,AMAT,AMKR,ARCC,AROW,ATRO,BANF,BANR,BKR,CAC,CACC,CBRL,CHI,CMCO,CNOB,COLB,CRAI,CSQ,CTAS,CTRN,CWST,DENN,DHC,DRH,DXPE,ECPG,EEFT,EGBN,EWBC,FBNC,FCBC,FEX,FITB,FNX,FWRD,GIII,HBAN,HBNC,HERZ,HST,HTBK,ICLN,JBLU,LFUS,LKQ,MANH,MCRI,MEOH,MLKN,MU,NBN,NCMI,NRIM,NTRS,NWE,NXST,OCFC,OSBC,OXSQ,PAA,PENN,PLCE,PRDO,QTEC,RICK,SATS,SBRA,SCSC,SCVL,SFNC,SKYW,SNBR,TBBK,TER,TILE,UAL,VSEC,WYNN
2020-01-02,0.011890893251338852,0.008181614628785416,-0.020412380898555904,0.01900384356092588,0.01999987247389079,0.0005361670837005228,-0.005026801631832334,0.00035772169088676975,-0.00016002615481236493,0.002827358514035039,-0.0007800635376040699,-0.00021713444749127397,0.0009947379892010222,0.0054638932383854755,0.006363374617254891,-0.015488032923194783,0.009331375755444737,-0.0009827475996512236,-0.0033046645676713116,0.005882242989406317,0.0063552648099991504,-0.02032870109293128,-0.0015207407490895886,0.005533230130545075,-0.022511951990065726,-0.0054149896837112355,0.0,0.01640265855050993,0.006917976356817901,-0.0010283851824960388,0.01765900101828133,-0.0012530071349055039,-0.0022566978521951775,0.004752159356465002,0.0091087007283992,0.0012418522821502354,-0.003716884432160894,0.0035820576682019656,-0.0059679951923652386,-0.004766989604969685,0.024169065979359194,-0.017250701008283076,-0.0023380758184521344,0.015319219508128867,0.009081200989824234,0.011395727070021566,0.0028011957989919622,0.011661445832925166,0.01544793880011519,-0.027957459715051813,-0.005762572407841504,0.029936853573191202,0.00045488609734167795,0.023319536157671683,-0.007832661041902278,0.012613023681473656,-0.01688264882572954,-0.019019377611570354,-0.012529681090928335,0.0014846410027016255,0.009191358641621461,0.01576916447610932,0.022691703279527742,-0.004798452253102825,0.012506787173820255,0.02207775587756311,-0.0029266083225077955,-0.002308988354824404,-0.017338528862031355,-0.0046008654974938334,0.0010726155926115144,0.002986117394464305,0.0063438493803584795,-0.02680754395869034,-0.006168074175713301,0.02185007224065383,-0.005425305563016902,0.018730861556060407,-0.012880732691939012,0.03406064514996454
2020-01-03,-0.0011521090880184381,0.0015706166857452075,-0.0029465742890880664,-0.015916631655304103,-0.027149157485580555,0.0,-0.013028232206462986,0.020743986053160635,-0.00720831856153048,0.000704635830432343,0.00117118531050453,-0.004994224366378974,-0.015606305381045127,0.005498744075082218,0.0,-0.009135243925158631,-0.007319035241992733,-0.003936369419953789,0.0007371275170986458,-0.010233755609452166,-0.004505561670046787,0.0030904526649457864,0.018929564053798087,0.007503732878826552,-0.018181619081724554,-0.012704241232432634,-0.0065310757915448825,-0.013355580427863889,-0.0022060564651198433,-0.0032936425317504625,-0.011904459725883054,-0.010536708513411486,-0.00904688570852652,-0.005034972255459458,-0.018697395991541188,-0.004546872308106353,-0.003443919838121423,-0.010707930451780645,-0.012007902780485358,-0.004789368172688158,-0.008849291302463258,-0.010422430959310613,-0.0015626441921039458,-0.005029389129763473,-0.0169401643813486,-0.012766184308061646,-0.01145271435567663,-0.0029746884340818847,-0.002433785882920314,0.004527034960642551,0.004588216084640662,-0.015526218384061985,-0.011818519886786505,-0.008043013374724683,-0.013684254591840861,-0.020542933004975894,0.0,0.012954452705685737,-0.005551200281976865,-0.011860433442248852,-0.003642829458455288,0.009636235293613016,-0.00803363004498836,0.0,-0.0010741553066212495,-0.012022185421363796,-0.008806554273128042,-0.003008499332847303,0.006676197171423981,0.001087572508291057,0.01098642899092317,-0.005582389762585072,-0.0156827099081287,-0.02399828370458701,-0.018619140294810377,-0.020809089510384293,-0.005454424368843469,-0.020503636970036987,0.004793458129135786,-0.014832929051785237
2020-01-06,0.003921633587995466,0.004704660561223095,0.006755397927342033,-0.021564830856111716,-0.0038759868261348807,0.0016079104820450052,0.011045415425523286,0.013314616278090607,-0.005646922396437937,-0.007923784617073548,-0.004680054473820361,-0.00371040620980867,0.0026614135297915453,0.0050184225868306065,0.0,0.002048861647531597,-0.005820815615551811,-0.012101697063645833,0.010859123085540823,-0.0014773845064161018,0.002596875330283188,0.0004401691524029694,0.018364227248097276,0.009433989067312076,-0.009876503868465503,-0.022977878533661622,-0.0068268132230623335,-0.004512122152935172,0.00037901173365195717,-0.00970659047289324,-0.01858319615978199,-0.00862087613367113,-0.007499005719634466,0.00015319553160075827,-0.00821320289202665,-0.00041525035490275197,-0.010655057401050216,-0.007817147764703103,-0.016205380460115437,-0.002139489691653451,-0.010416641347856914,-0.02605326810947506,-0.002347326028619978,-0.002527405872503441,-0.0048465349524466905,-0.018951746389954782,-0.014975762318532593,0.011934349270711797,0.05754340325449281,0.01431608288670616,0.008894439734853599,-0.017605033949473436,0.0027598200713159216,0.010810948844232948,-0.0069372811510091115,-0.0012338758723489107,0.0036899795763294385,-0.002918359602126497,0.001196413515221817,-0.012753139396814439,0.009140422769793988,0.02173927785866092,0.010798255919842292,0.029090284845437964,0.0075267396475271475,-0.001187240988811178,-0.011352465204703344,0.001624876783866691,0.010421737688840915,-0.01439431786229417,-0.0053007780911826785,-0.008233694277241299,0.0012496419797289882,-0.014325464551740441,-0.014229198176242908,-0.021691496046754688,0.00792248626523917,-0.002275364893797316,0.004240866201449922,-0.0019791459538175404
2020-01-07,-0.008272146513201628,0.0031218197416544857,0.005032413687836801,0.028886157458470008,0.014007814948268749,-0.002675187748703345,-0.00852638931090699,-0.017980652019082166,-0.0069770025227331445,-0.007632233113216813,-0.016849588546464456,-0.004600135913591874,-0.013729349116368028,-0.008578117013476438,0.0045170248702930405,0.0015336069417037912,0.0011710836913749745,-0.01025009402199395,0.0009107642221530821,0.0,-0.0007401279049960019,-0.015398215310456154,0.003145345569267821,-0.003935067585158714,0.004987578157833905,-0.02257787025531821,-0.015020370950185935,-0.009348385934551673,-0.005556989640191912,-0.0054224515350794755,-0.008114792285457972,-0.002557482084141971,-0.01281204473045916,-0.0001531720663247027,-0.011261890603820768,-0.0020768879701529297,-0.006258368077244114,-0.008484811493844724,-0.01098140378054846,-0.006966680968793826,-0.0015040076220015353,-0.0028454839401369503,-0.014902098746199521,-0.0025337236690152753,-0.0037878623678661016,0.02422722710128422,-0.005450506827227697,0.0,0.014420418727383533,0.007318146615023613,-0.017869910056606986,0.0877356655020074,-0.025229134835046185,0.026737821070301093,-0.00107452019346288,0.005511221180654724,-0.005090679900125683,0.06283918794913257,-0.0011949838204285967,-0.008358731030070121,0.021739333283291362,-0.0015570255510204412,0.009538344476635485,0.018116565425961628,0.006403448625481811,0.010697259461969866,-0.02196689399519247,0.005561943343746822,-0.004219550140121986,-0.0024800261867555795,-0.009059344328949948,-0.012830064581037748,-0.005928211577710285,-0.026464152850042333,-0.018444305612308254,0.02202227221623665,-0.0024189836235164464,-0.01060433680202566,-0.01847471262173428,0.004745265050012382
2020-01-08,-0.009962918946472055,0.004408666050075949,-0.005216032185478614,-0.0006490759888663211,0.0015351149494482463,0.004828182038743023,0.002418517988873381,-0.01091547429951778,0.01062080935392995,-0.002018227337786449,-0.01275387280707918,0.012324041668709151,0.005080976514378666,0.011880774133609329,0.0071941529461432285,-0.0017864512772086671,0.006237777964716917,-0.002273492807527866,-0.0032744542519630437,0.00443837544513026,0.019291289166117664,0.00044685627794560645,-0.00919729567946459,0.011358002085744667,0.0012404895854050135,0.0038500351563464097,0.013440177726051772,0.010580466656252785,0.004064004362533291,0.007968017119450277,0.007761654650940919,0.0,0.0006653463820502914,0.0029137524343756382,0.00234501039885604,0.0022197838934068237,0.011130740874406131,0.00275061580776903,0.008327391780473592,0.006476171415441989,0.03162631005736394,0.0068492015643593085,0.0023886511839312785,0.008467343086565382,0.004888655803033215,-0.0005728643843546655,-0.0023076306486883302,0.01351349451475592,-0.01213037352144164,-0.019200602550439205,-0.008248462229977993,-0.012871096943658622,-0.0014117289126380772,0.015625105209154944,0.016675835147065055,0.009166640391639502,0.0,0.01652214689814313,0.004386263222309061,0.00689676586850041,-0.0017729220854929562,-0.019750463387037898,0.014739278552202695,-0.007669887732392855,-0.010074034484539807,0.00558616959888103,-0.020418605981897597,-0.022355409872039322,0.0,-0.005248686116072432,0.00537774491878551,0.008792021971136599,0.007689852022642052,0.03008017918876993,0.001634024357652919,0.0011730080142164923,-0.005454424368843469,0.006108175973218222,-0.009948803102461934,0.006273853212903191
2020-01-09,0.020360408723467227,0.00516397534994395,0.0046141980775389335,0.00633337155449798,-0.00919570930156599,-0.001067753921627057,-0.0034852440509033356,0.00854395762956428,0.0,0.007538195805320447,0.010900130025078614,-0.008695750757200305,-0.0008079363597779388,-0.011358493065159458,0.0008926493700069926,-0.012013878579065773,-0.010073552608179437,-0.007847985742228336,-0.005475504017202426,0.00736337985419655,0.014784838415951462,-0.014738729787758476,0.008227834959783964,0.0,0.003717591022340816,-0.009587721843857255,0.004845765004914071,0.009054886628255598,0.020111358669177237,-0.002496113225322838,-0.0010406914329081918,-0.005384752333364662,0.008979025482453773,0.004892683499291506,0.011029494950661967,0.0012462094086660436,0.001883168759454712,-0.03535512667503393,0.0020647194375642552,-0.006970741566860061,-0.008758984133925063,-0.011904729248267132,0.0,0.0016793354957505002,0.011351301863386842,-0.006099479922552331,0.0017346646699891721,0.008727287523674132,-0.012854729769705586,0.008465566416868908,-0.010029428011344432,-0.0036508329827991126,-0.012252853728341617,0.002564057602878256,0.005290928591430433,0.012547890766404501,0.006111516529700767,-0.018644131616242565,0.010321494450897806,-0.014459937563086611,0.021314477488819428,-0.011665076010384023,0.00037244799775626447,0.007265438289770332,-0.013390604745752155,0.008673756114757847,0.0036478322307627042,0.0009429730611498766,-0.0004708093103712452,-0.0019438960868365385,0.0056163164481342065,0.0011368578040962252,0.007319743121941835,-0.002163064570868789,-0.011419277382470505,-0.0005854731172743044,-0.020718876993102264,0.007445519745274298,-0.023085701583252072,-0.004203252305700622
2020-01-10,-0.0016054987204039417,-0.01078864578346117,0.0014614134683694768,-0.008068308306732774,-0.0170145687200145,-0.002672508566218035,-0.004304651129699133,-0.00917755840388379,-0.0012933942670684262,-0.009124335348433044,-0.007188428961325544,0.0004384358379292408,0.006399343032367,0.02188076638505354,0.0,-0.02380366476259521,-0.009819302614148984,-0.0010205585331194422,0.004037263604184771,-0.0036552208457534263,-0.0018254261581315268,0.010426173611907563,-0.00983471880517206,-0.0019530766148807555,0.009876636645727688,0.0,-0.019289393573532765,-0.007010656227418477,0.004277758390276221,-0.0075078856011794315,-0.014794658498696434,-0.01134325860001606,0.0013183851102511746,-0.003195029599559862,-0.016198568950360648,-0.004286578788712636,-0.001301308265161838,-0.022748793745101636,-0.012362532737779874,-0.0016197524696779375,0.0,0.005163591281106994,-0.011119918698549891,0.0016762634982570024,0.0,0.0024127557803961253,-0.016161513594558308,-0.000360475593088716,0.0007772503244536377,0.006558412371674871,-0.007659973580945945,-0.01116754605988779,-0.009541500775205769,0.012787870940867974,0.0005264225430561265,-0.010542875462432377,0.006215672503851577,-0.015831602958519708,-0.01728881776701252,-0.004633163954210984,0.015652039762618752,-0.005364565955590761,-0.019731968525765864,0.028545010380940372,-0.01520091026476944,-0.0038648628010546915,-0.008307728343479814,-0.008007540271290914,0.005181561535391399,-0.0038953643572038343,-0.0014659838402094616,-0.012869093182233615,-0.008812607651386584,0.011489242727618532,-0.007425755234133691,-0.004834759736297878,0.006844871596841662,-0.007276855166067464,-0.01723639867329929,0.0060501325331823175
2020-01-13,0.0036755730555049215,0.014282084542451834,0.007921540581470543,0.005530968365737632,0.00550729027550223,0.00428730929510035,0.010267603588081764,0.001068781153248155,0.011979982433700576,0.0023941741418704865,-0.018101509803465143,0.022578097280912646,0.013291115120684704,0.001136980633120066,0.005352689974054359,0.016697559291057873,0.007139965443244689,0.011749754101384902,0.013891533000203182,0.007337372016739785,0.01438107004775624,0.016150747180406766,0.029374458973220774,-0.0014677439266951309,0.02322728919199113,0.008712512892548707,0.005176003263422269,0.009319453049328574,0.009136339757711331,0.007144499427945927,0.002326567927773082,0.00730158922109192,0.002304321022894129,0.0064108560075972765,0.0033602042113591857,0.007776456083775418,0.0081065801349689,-0.003556437415655478,0.005563292759632743,0.0005406834793386661,-0.005891003482617618,0.008561469075283545,-0.005622269571629257,0.01506291796972059,-0.005879139945774603,0.012767409408561026,0.0011733837646741296,0.009255879558469182,-0.0013596686109267342,0.01641933730186307,0.006723113801141212,0.013763994848734251,0.01926729840895658,0.00505023291751594,0.01893717706363418,0.01579579257095598,0.01474105117621205,0.005774550398047085,0.01279501005681305,0.006981975744182245,0.0068493117124279745,0.0021575827493118815,0.007595927213026155,0.00014924107328351255,0.012127809012139723,0.010960342725141237,-0.005758865772163224,0.006172890380432783,0.022024121542441044,0.009776600454673545,-0.011745869577583279,0.007285285783439566,-0.00031203172065308316,0.011144459054097222,0.010806327292312456,0.019726402280184407,0.003708663869569806,-0.004810424701517713,0.005657733573703805,0.029368496627062868
2020-01-14,-0.00045772965357260276,-0.0506912307379036,-0.0037225478565160453,0.008736340324073222,0.010954572603591117,0.006937057196427343,-0.01016325135203311,0.008896797032247106,0.006398827816585628,0.0005511491163219251,-0.015976859133382537,-0.002374777749847401,0.009469422655585147,0.023911398381757154,-0.007985877730975255,-0.03050012554077286,-0.01024028573175062,0.0010098016319759484,-0.00973504116599666,0.0007282494439493359,-0.004702330323239301,0.009713056572760559,0.014165519490354495,0.014208766178120058,0.011947447958915891,-0.006717735562634997,-0.007723976207053562,0.011191877235490866,-0.007585523239153291,0.010689595044161893,0.005275483176365725,-0.008024924653074583,-0.0013137042049515824,0.0012134948589350714,-0.004018821659653504,0.002618360597693492,0.00488237991338325,-0.01135627465721567,0.009681769101046678,-0.0016216354871767535,-0.0014814782642685875,0.0005659542771538906,0.004846335609484775,0.00824396726468346,-0.004301071078780971,-0.0008779560006334508,0.006152935941487581,-0.001071895412958268,-0.003500495598179887,0.02589690504835973,0.010635672266063212,0.0012184951951683676,-0.017957991607901347,-0.036432135328016035,-0.018843813895513484,-0.0062567711914506274,0.0031821718165334634,0.020751110236730597,-0.010659701916538311,-0.007703909262118058,0.020408153333626666,0.001614765408258334,0.016961886315266295,-0.004475539725892652,0.009804082785306312,-0.0016311494485715672,-0.015271004945994648,0.005662998058536983,-0.0009170096304544906,-0.013554679330124442,0.0027012083658231045,-0.00875511625227321,-0.0007800535555406718,0.0044510191418887235,-0.0057565539229110785,0.014435818588919513,0.005541625170026654,0.011048441606814174,0.0025316791530611837,0.019156429314957757
2020-01-15,0.008701672824120266,0.022923366562760394,0.005189557308831194,-0.006735989125137287,0.004644238602371953,-0.000529647854349613,-0.005944141987335172,0.009171083787772316,-0.004450809510107678,-0.0025704695720203397,-0.029142660793041064,-0.0010820330156213753,-0.002131984277420673,0.002095264520815654,0.0035779595830109923,-0.0059158356629517295,-0.005173028581945127,-0.009583825678583846,0.00819236209506169,0.006550136106009186,0.011082810874783133,-0.04678625688089222,0.01720644631307966,0.021255971521350947,0.028335251216202284,0.013526438535025331,-0.005448860391387589,0.003873807194599399,0.005486034722846034,-0.012857957472076853,-0.01679273127375136,-0.008872843770747374,0.0019729843195219754,0.00030299039076009393,-0.023873374708069828,0.0009622759088885324,0.005858692138996924,-0.023629777800452056,-0.009588931282444202,-0.005955412508763858,0.00890205779073594,-0.0022624062858896954,-0.004019240670050328,0.0016353119943874894,0.009719238700143906,-0.01018742753156876,-0.012230741417469715,0.006557713179348834,-0.005854681188321331,-0.0049986734038348635,0.002202718391677294,-0.023470358868463936,-0.019730683878491306,-0.011733887627515927,0.004472749183868974,-0.00907429014954031,0.012549624243306523,0.03720395097333218,-0.0011968794288230722,-0.02096306418609284,0.005000021461366355,0.0069851251338397535,-0.023721252798634795,-0.023078088386868534,0.01132659294733629,-0.004516659340620288,-0.0016043661731827141,0.0028156440541873273,0.011932209717037123,0.0036455711910123867,-0.014816848338770394,-0.007680123561240371,0.011711434610173876,0.000633019195679152,-0.0033085162405448454,-0.015938127281180714,0.015309349948778195,0.005008565157071265,0.005050347608076544,0.0
2020-01-16,0.01157776181607173,-0.0007908984723309365,0.026848549845168268,0.0206685438473182,0.019260408937774587,0.007422934752247867,0.01658022497501599,0.01083535334949337,0.013092904700199304,0.011413507354268715,0.008147483932258615,0.011481638352924373,0.0072416535812496186,-0.012087072237670804,0.004456261460903388,0.0332702924448276,0.011200145863026645,0.014769351970780553,0.01372331783144154,0.00795293165133093,0.006569628856007537,0.03899087323911976,0.0063681531308301675,0.010406869775542837,0.009184993931042218,0.010486439922590796,0.02269759692993012,0.01874311819337282,-0.0019616973700851137,-0.0029411169403154025,0.00768556679311283,0.011585176273346987,0.011486672032147593,0.008935540400001107,0.012401088378263259,0.010984221480327738,0.012075500143630569,0.01714286483636429,0.013831197755173052,0.01416116141616408,-0.0014705850652192431,0.013605348872599787,0.012913769761662586,0.008163377146408468,0.01604273929523581,0.004806520950529691,0.024174580523912415,0.010305647541485774,0.03140938398106963,-0.00979671059785403,0.007325964784224093,0.02688293690469079,0.006381741026704413,0.03298152588492265,0.01676294376194032,0.0085031099627626,0.013211873170047683,0.006972462251203515,0.00958827184036326,0.02934188016179151,-0.0005033989393885552,0.008004648842048878,-0.0026575434479388926,0.001994128678470375,0.019200317747428475,0.013804423795810594,0.0005357530673804067,0.012400532486733562,0.01269818684560553,0.015926227444630348,0.019141245963850917,0.013931641842764186,0.014662663224751293,0.02277523983039642,0.00912860206938615,0.019522542877043803,0.03498189192007195,0.014157888628814952,-0.007816607236099227,0.014530324230610736
2020-01-17,0.013689305389402717,-0.015831194318255193,-0.006034036890930516,-0.005695441845421811,-0.0022677850528383114,-0.0021054272614610126,-0.008021347614418639,-0.0006915787590217048,-0.011189938585283277,-0.0012739635993893605,0.004253661170795731,-0.002141922222051784,0.006497429374227037,0.00018831795780061,-0.0008872536286799182,0.029581063644377403,0.008702342164941035,0.0017567353141971775,0.0,0.0021524893816493584,-0.00795780835859472,-0.00971305657276067,-0.020170070474967106,-0.00046817549607136577,-0.04778168000136551,-0.005660589401841332,0.0012754907165160034,-0.0010822758798213483,0.00927515035952342,-0.028023638940997908,0.018644187673150903,-0.000780846897184051,-0.004217999328766986,0.0022513414490554773,0.0020412585817197737,-0.0006788537716121423,-0.0007016444358108886,0.007600777941065617,0.003410626390714322,-0.0026855256652785764,0.00147275087065446,0.0,0.0031870205764956694,0.011336037739979599,0.011052583393297732,-0.00785136575068801,-0.0037422828794013707,-0.000586270972224967,0.0022839435763206684,0.025621751806176984,-0.0029090088779970547,-0.00034670485727605893,0.012683388077347368,-0.006385707549938613,-0.01597146390327908,0.013434826566852909,0.004167118224292388,0.008770388815648067,-0.008310276979813125,0.018490061920696244,-0.003355594127131045,0.005293729206018005,-0.01027790076356383,-0.008726266036241048,-0.014652264268012916,0.002094766106700563,0.004282365673679678,-0.007626573320164587,-0.013434480736136178,-0.012926325984970344,-0.0024149376821194224,-0.003435305670418942,0.006997327313304158,0.001237141717340462,-0.004111857842292954,-0.00297875996296193,0.01282017270424074,0.0017868665521434401,-0.029262949351839485,-0.003876182238182757
2020-01-21,-0.00044264328022824984,-0.009383337299732175,-0.009510334018574262,0.005568827873340565,-0.007575483294266161,0.004219294037597132,-0.012937722686874431,-0.023875451320601315,-0.013229208857978292,-0.015673449985398102,-0.03727246230940229,-0.006653536522675196,0.0044367540827365826,-0.00934704270991682,0.0017759341932028772,-0.03737601469906271,-0.01098036124469437,-0.023296501133476144,-0.011400284779830794,0.0007162803161337994,-0.007705193543066868,-0.006241615041692072,-0.0006054244149097388,-0.019672134369537297,-0.0011947383711853332,-0.0028462085828425687,-0.01732484853951033,-0.008938191568898635,-0.0018866627910648637,-0.004552259823730309,-0.01705491317776109,-0.015629141910648348,-0.0052133175035173895,-0.005241948018183118,-0.014600767870256881,-0.007882652233853205,-0.01194013548313666,-0.01311904301518474,-0.006798237487674608,-0.019924497691415688,-0.01029409545653448,-0.0162190061343368,-0.014296918922030666,-0.004803728623967163,-0.00832898776874158,0.00020985780076143712,-0.010979268489125005,-0.011731581711184491,-0.012533186010466046,-0.006430810116355268,-0.003404127015848357,0.022719450415397136,0.0019265171704136996,-0.00642649839606213,-0.010209253649156813,-0.007405537527303219,0.008032082027131793,-0.009761960069012088,-0.007581572985928653,-0.012859179057431724,-0.0016831601947191466,-0.02106381854772521,-0.031538449800931456,-0.031042445120203932,0.007966160865441108,-0.0011400182490753918,0.00319836618717817,-0.02258960030339907,0.009078164880392148,-0.017274977498706434,0.030124047466779436,-0.01991581459415326,-0.02039281504162993,0.026565013680984073,-0.004954539029181526,0.017926068230768033,-0.07652453281711524,-0.04358970084437075,-0.022029175150059865,-0.06140337597298606
2020-01-22,0.007308892051434368,-0.005142149864224677,-0.017772933483223063,0.010917683444287896,0.007633309301358526,0.006302571075132324,-0.004369437894063299,-0.005317250031845466,-0.005492049176595293,-0.0035178993199442843,-0.00219966541057226,0.0015125759738729982,0.005786463899136507,0.00506591853300864,0.001773083114924523,0.003169571267136906,0.002379221197832848,-0.001539116866670187,0.03981999598798125,-0.0014309940695085288,0.0010636330003699346,-0.005383582393468922,0.004038787582605785,0.006211139936507903,-0.011961610459788607,-0.0028546311479407116,-0.025667562136444166,0.0010932198786699487,0.01981707317073167,-0.001088693138128094,0.0038086797981295994,-0.010585014588722186,-0.003930622004094109,0.0006023644669077566,0.011026674254154267,0.00027406403716701,-0.008245435295623382,0.002326344116625023,0.008213569444900592,-0.008241493626357066,0.0,-0.003979565998191936,-0.002417310256355054,-0.0032182448356359306,0.03884523402117357,0.005134540852726355,-0.009056453682224186,0.015669512444182132,0.0009614915084881215,-0.029872889366904576,0.0,0.003391403544547922,-0.008172992799349688,-0.04139741923858853,-0.019571426273076398,-0.03232926589537333,0.001992335720250926,-0.013093031240722364,-0.0008041467165684768,0.010728057897804621,0.011804181057441188,-0.023130863742344188,0.0031771216336964336,0.003825276655226917,0.006849421114741183,0.004185692625508608,0.009032920604411965,-0.008101027941361472,-0.010346369360546448,0.0158775550332535,0.02088757322863133,0.007815647115720248,-0.010639801235067248,0.025877652056439437,0.0033194988564217986,0.02851126272913085,0.029906685566081448,-0.028558160059341864,0.029638784494995685,-0.01559976987119105
2020-01-23,-0.0052770129698526125,-0.004352553175128504,0.010191352317166613,0.0,0.014394069486766803,-0.0020874937283187345,0.0013711324922609514,-0.001425481430506026,-0.003897759358992059,0.00687478079692605,0.012345560878871398,-0.0008631579804629919,0.009200708163291438,0.00522924646170253,0.0026544721635406443,0.000789757016469661,-0.00949385598283381,0.0274854427864486,-0.015075501542416436,0.0,0.013034184418118544,0.026612522167887676,0.010056315119151726,0.0028490681297521636,0.009685255403210302,-0.004770939801090779,0.004257579553386126,0.007643974095884021,-0.0035276313177317054,-0.0017443535872982974,0.07356669781595482,-0.0363731686602935,-0.0006577982075983702,0.0018056330012741206,0.0006816610273419066,0.0019170272378365993,-0.0030104771686256804,-0.00961535177871009,-0.031228721610523813,0.0005541338561390052,-0.008915222957428748,-0.003995597740369838,0.0024231678047423877,0.002421332428644618,0.0646790661991623,-0.005264889599720157,0.012676765987469807,0.003973866023690764,0.008261456212811158,0.00846767012128602,0.0021957328351376315,0.0005070604719645821,0.00339318560270252,-0.0053981467488991575,0.016455207161420793,-0.009422975100584874,0.0001322888892569818,0.003979984229012912,-0.0020120833490314682,-0.02122829876740495,-0.008333528269667156,-0.0005507038742229575,0.02533647600353839,0.010797083361675064,-0.004709599947843146,0.007389222414215579,-0.0031596285803301427,0.0024020771452173406,0.006363771855987466,-0.002511865698814564,-0.009207216986056532,-0.0034896411629019575,0.014339104837622907,0.03304658704685748,-0.0016542975608970778,0.03560245623504765,0.007864495774128955,0.018478533515691842,-0.013816800163265142,-0.006995528565988396
2020-01-24,-0.005526075409053144,-0.020491804133005775,-0.012765099262713409,-0.029582038878355643,-0.04480968911022154,-0.011506423619964012,-0.007668897919926421,0.001070620228650343,-0.013370430595220473,-0.024358739475263458,-0.004355064150354915,-0.002159184413075277,-0.0042211589827120255,-0.011156140693208139,-0.005295111161819133,-0.02657176631875957,-0.0075877682855811646,0.0024998901956285735,-0.013370748759448325,-0.007879524087367473,-0.009020611720214622,0.0035149961613891723,-0.008960588450841023,-0.009943228384308722,-0.01709412676199462,-0.029722108185738283,-0.020667794364174208,-0.02546731591966911,-0.021420900310650803,-0.014195087455297184,-0.03337926004749425,0.012489771825726192,-0.019414207085970414,-0.012165776436760423,-0.01771111373490708,-0.013121725866153122,-0.015528435196197954,-0.016739202743619064,-0.038542407774499576,-0.002214835010699301,-0.004497803747897655,-0.02120332159512206,-0.04029041217333962,0.0008053529189731012,-0.01993355872696656,-0.0053448564369592555,-0.02154277067972321,-0.0003492290892199712,-0.011623636034146956,-0.03816778240180296,-0.004868412516347287,-0.024324455107027187,-0.007729889707467685,-0.0013566972837790736,-0.018046590863882495,-0.023541917900749665,0.0042407651949658565,-0.029071038965782003,-0.005645409390265144,-0.017041114813353908,0.0033616140617471757,-0.02093641018988268,0.0023165817307371217,-0.0036129365816465198,-0.03890643555440043,-0.009779957299114628,-0.025356526657947076,-0.009585375403054819,0.0022584237605196567,-0.008114183041632805,-0.04026855915895211,-0.026069971308032014,-0.023663208036754257,-0.02309296192350274,-0.02319799006219192,-0.05392979477637416,-0.016806918661302572,-0.03510833911365452,-0.024518571124276245,-0.03134233533308228
2020-01-27,-0.00977996592527186,-0.012831216291535275,-0.013764341715676975,-0.04758069158222722,-0.0734946899414014,-0.005290927846424043,-0.008556257567460923,-0.0017825040435112127,-0.014873587257083543,-0.022129844098231488,-0.035433168977731855,-0.0030297343342942096,-0.008237712365237404,-0.010331947756563209,-0.011535412934444045,-0.014594861224579314,-0.01730374066132101,-0.005735505355150106,0.006241255745273122,-0.018772623443207737,-0.017005032200158143,0.01225914329377753,0.01627489181918751,-0.011956002000207633,-0.017391352264000348,-0.02964415194645742,-0.024350588026928244,-0.014456503756368422,-0.0006744779742570151,-0.008196798287411378,-0.036969212939657936,-0.015351146118927073,-0.0110739173368134,-0.018093303702116148,-0.01178897595689854,-0.013573408832722178,-0.012705941982981916,-0.030643564867613327,-0.01676390491411861,-0.006104604049670281,-0.010542271550109006,-0.024590162275711647,-0.019311191821376195,-0.023330859191508013,-0.029539889310968626,-0.0276589772901773,-0.016364049902118483,-0.010364497044153875,-0.006940417369673657,-0.03359784228735929,-0.007827787361024185,-0.040685428838576176,-0.026289880067164817,0.006793358707988695,0.018648482937128508,-0.03109645627805635,-0.002111362569535924,-0.018653336449857894,-0.0024326864324136777,-0.00945634351322211,-0.0016753653325931595,-0.019696353484225826,-0.020801195193481226,-0.012770004247105726,0.0016410361209622248,-0.028015366658973306,-0.017344173614448177,0.0014516708428662373,-0.0027041278464282614,-0.017771538915560714,0.005110593361712601,-0.009189325457451547,-0.027384311272320994,-0.02111994070329981,-0.014419005669549345,-0.03619950117109749,-0.004273554955863457,-0.05213680333219162,0.0,-0.08059358244228654
2020-01-28,0.0024691395822975526,0.0016954330128799988,-0.0021146369134865672,0.019305582618029504,0.014345917809624575,0.006383118083332917,-0.0027842469078277476,-0.00392859322684147,-0.0013417806902683571,0.006576796006288799,-0.006802706442297191,0.01736461478763851,0.008438324074783843,0.004611595679256508,0.007181766278342883,0.00713159790954232,-0.0020474243800112646,-0.003511257697396575,-0.011164329326941447,0.012508896274120218,-0.002369016119622258,0.009515602748994212,0.011071521121415406,0.00048403818759412687,-0.0012641783618408953,0.014256696149470338,0.009983271823193585,0.0087446418031627,0.005828917493839736,-0.0011167658958912696,0.017928907873442146,0.0055681582952555875,0.00407217185801545,0.012542413557617094,0.012631534259113453,0.010531050832987221,-0.0008879228933134087,0.0038637377240808846,0.008154414145031152,-0.012841778316634134,0.01978712355826917,0.013805190298449066,-0.008561870423791418,0.019769224582596667,0.011477022541357185,0.011974201205921853,0.011494214461542196,0.01871024094000462,0.011259978042361674,0.01396124558362044,-0.0014795247600543071,0.019130191664447294,0.020000036472071825,0.010796228276007458,0.007429124825961919,0.013101923798070736,0.0033059345749084645,0.0034262000462343956,-0.019512338004505025,0.0007954700238705925,-0.006711473125572853,0.006314721449804717,0.031077852313440513,0.01948261324677092,0.006553939767423689,0.01709820861753264,0.007722109138148081,-0.003382444834813203,0.01400826146974965,0.01522110235330243,0.007224977748271577,-0.010080695349727109,0.007766943545774119,0.04038006526213023,0.012908827339233042,0.02388814571264386,0.01532806468956771,-0.007471263972441022,-0.012901269642209834,0.008717374771151976
2020-01-29,-0.011867412027645519,-0.018335726710574263,-0.02013134308838127,-0.006147014566880493,-0.008319420381162401,0.0010571202446862937,-0.015075255183712444,-0.020795981943310005,-0.011590943333350423,-0.004612137704882779,-0.019178205779185498,0.005974350828063191,0.00834591203061752,0.0002548625286509232,0.002673697104076389,-0.028595329852761364,-0.00902775186305449,-0.008809558633796177,-0.013620098232237643,0.006541059382860537,0.008238595447935593,-0.0008569530821469495,0.0021509701146735782,-0.0009676080159578548,0.0012657785316714243,-0.005020234565335624,-0.006315199170779828,-0.02013415659397011,-0.005368081884587594,-0.014535049683187973,-0.014090425352596858,-0.012735606602420457,-0.013518264749108888,-0.004281832602141211,-0.01351367425920269,-0.0025014217268939376,-0.000592042146700722,-0.007697666687955795,-0.008823729950465875,-0.014706164440935532,-0.01044786204854009,-0.00710461242164262,-0.008635468327225837,0.00484665952494967,-0.01628021293801507,-0.03432034016804486,0.0014951919790158197,0.00577567288624925,0.006335206370039481,-0.00027041841269170863,-0.01999991137393664,-0.02071907495856906,0.0019606090346475646,-0.024032009642640295,0.0013169372369263854,-0.0011029777635259697,0.00408589611218968,0.0024391630551630072,-0.0223879982795111,-0.011923463329984507,0.0016897072308570404,0.0011408146619209525,0.1072110443130736,0.011591504960809518,-0.009766843384525603,-0.01056669008176736,0.00985211529575003,-0.003393924597537845,-0.005793151077190806,-0.013578488343860218,-0.005313651399825758,-0.005295092794244782,-0.022157956168751047,-0.013888879816644883,-0.016992417600759646,-0.01574132763085112,-0.006642455478497178,-0.023880647558821577,-0.01063846670491686,-0.008962140197156798
2020-01-30,0.007931083164422592,0.013505782500207397,-0.0021627816267394406,0.00718818036656943,0.004194478110408184,0.004223570378025787,0.002834404968657278,-0.03478575152575669,0.00917734943476134,0.0036680775072968075,0.04050287899021754,0.009755996424484659,0.011505205669486651,-0.007074515213899457,-0.0017778855449760433,0.0,-0.0041407225092595645,0.008633834350094904,-0.01017448632618223,0.0007221584430918693,0.010526513446224905,0.006432249991602967,0.006243896484374956,-0.00242127060456121,0.003792802127846606,-0.007063347015641708,-0.001105197633264332,-0.0011415786096516944,-0.007114404418263942,0.007715155522437733,-0.0033631178881285972,0.012619303397717552,0.01575887262101583,0.0032252158377357176,0.02528986312588244,0.0018107585423041694,0.00251840737791742,0.013046506485254294,0.020029830753005795,0.0017222431416830108,0.0030168372594499004,-0.013118655432626025,0.044425064950332604,-0.010450213513360174,0.013039128481353579,0.014748328973117841,0.0035830906340679203,0.008613759074637795,0.019458164131670896,-0.04671881434001768,-0.0032756597017212785,-0.004882273560393946,-0.013209435708338324,0.0054721909245820655,0.009994480138084239,0.01415132369721972,0.011813891821977451,-0.010786685651494321,0.00424080090967105,0.0024153512881104344,0.0033722823112316558,-0.011634499391038333,0.06374915066463416,-0.02183344103640683,-0.0010959328945411295,0.0010678116487345957,0.021680137353847995,-0.014351742734815875,-0.016584333393171558,0.009176934460173314,-0.013888626951386374,0.012285012525768302,0.010344781123750924,0.02874778721070337,0.0034572137344930365,-0.016850265134050968,-0.0006078161905628265,0.033772117357354636,-0.005836871875045002,0.02236591094281737
2020-01-31,-0.0071942309784035485,-0.023249211346231147,-0.006501901499495144,-0.037510528421209166,-0.06015051992897191,-0.010514916233733351,-0.009044599949661447,-0.04400606299517984,-0.02660822211592695,-0.008463105742989141,-0.02300422652114198,-0.007351201968940124,-0.0810984184057788,-0.01835796156902325,-0.00890473771490996,-0.019063639448895997,-0.0182952846084683,-0.02567991696883376,-0.022026416618833644,-0.015873291406314993,-0.014936453128460925,-0.007669287095501742,-0.007368645925227235,-0.006310731345042786,-0.027708101066853397,-0.017276399648566643,-0.04094061672097293,-0.02999997820172995,-0.026252393699568777,-0.015987297632765296,-0.027680319017300725,-0.017446651594683393,-0.011467185902855337,-0.020208225020988624,-0.025351143370713203,-0.021273467142875035,-0.03280622057028959,-0.05290638642472312,-0.013090888279160273,-0.03037256262589816,-0.036090577774217314,-0.012688857379785423,-0.03252714846867666,-0.015434627353992036,-0.01831687253756109,-0.03338444010655717,-0.027372684512066647,-0.026873156667645226,0.004491117213558882,-0.08073644419387083,-0.023002479250735508,-0.035253689026986335,-0.004957891941843373,0.004081297172470855,-0.020051784623289826,-0.03206366598425647,-0.0014265458261312203,-0.00672306606646933,-0.01773664514527795,-0.012851465470326229,0.0,-0.020011810009689435,-0.03368969508434816,-0.05540604878029931,-0.024684494940171553,-0.027058357706631453,-0.05941639885289207,-0.015054309068614158,-0.02005481076651594,-0.008525127842228697,-0.02871088191142579,-0.02993552733663185,-0.10336421899034476,-0.03244560300333721,0.018949205300129446,-0.041539217281954754,-0.021897853780089016,-0.03794208293559087,-0.03862827089709875,-0.0036330073703454424
2020-02-03,0.011775305788124024,0.008708250520077732,-0.0006545026621244121,0.0298330134034972,-0.007111109008805627,0.001593702415130016,0.004563716679471863,0.04722216629687814,0.018165892953603713,0.02133839836922591,-0.006925015612084806,0.006982322345377101,0.013450484558488629,-0.005165691935294259,0.006289351283640832,0.006287453503274643,0.011012413486540584,0.021188759663605783,0.004128950998779413,0.008797435993863623,0.0108971108225131,0.011592880571473785,-0.006641925409439087,0.009770433299866932,-0.01036260782127496,0.011375238703391632,-0.012691048455350074,0.0053019234500952805,-0.011862440525423512,0.01761988764816569,0.013961472832949351,0.008173615968663839,0.008870862209050756,0.008437279619323945,0.01862906813396603,0.009944081305377939,0.005347465346464686,0.027930917105966735,0.011053654205918972,0.010047246637831853,0.03900160919280382,0.0006119498383045929,0.01982771768742775,0.013201316520387918,0.009581469227868178,0.001413160857961282,-0.0033649167860166918,0.02059445536022997,0.006333837396009789,-0.03081636121159892,0.04346694003955953,0.012996745255872133,0.001993324977200839,0.0,0.007706479081080575,-0.0015334487382407946,0.004806729824355038,0.02558810864573413,0.007308683258992366,0.011391397564453953,0.01344569531346762,-0.007807791093135119,0.002681861344641767,0.056309715325250975,0.013498382492131533,0.017942682836278978,0.006768341748534246,-0.011275388741166181,0.0032555932481854732,0.01003159343482829,0.04238736828369172,0.015012754105456994,0.0032626580470536126,0.023454139966928356,0.021132713576694773,0.02742840419026149,0.0,0.0014705963350756246,-0.005142896603077207,0.019181889664138474
2020-02-04,0.004252484940948875,0.02273383929575079,0.0028380144411495056,0.055090342063345066,0.025962597690820877,0.0047748420108779666,0.0011356933167705474,0.012125793945631624,0.008326412791090032,0.014624534031977943,-0.009298088653245995,0.004622808424249669,-0.0056814289147858466,0.003417746672496502,0.015178182948810237,0.05481423465412116,0.006702795088653568,0.014864045801046943,0.0007479346285124144,0.016715319750058022,0.014006599529625463,0.002546771762965694,0.003539829116561144,0.0,0.013089102220629645,0.028629903869732187,0.011685700590949422,0.029592683560644817,0.017589973417362348,0.0033731162236176893,0.013984498665435385,0.014537430412700614,0.00033824217701039494,0.016733822617119865,0.017253552307930464,0.014911176156741313,0.002431699966957357,0.01966396703294082,0.010932989407776095,0.011702945287866973,-0.01201204921407939,0.029969458567815188,-0.0008547266092393535,0.03420214248173159,0.019980000468738934,0.03810095120072554,0.02087151696032885,0.02029347189055386,-0.005923914725169621,0.052782089919462205,0.0017354924788095527,0.03198233969661568,0.0,0.021680494012399576,-0.005801654927510835,0.02826150076399614,-0.004913502680967796,-0.013038204928096153,0.00429943759607232,0.012067537173796827,0.003316545221751621,0.015738464831803745,0.07388830142919156,-0.002538471370947648,-0.03218636304183753,0.02653723499066496,-0.011204658931789457,0.0007603293129814226,-0.00834455529497713,0.015607242079009875,-0.004280711292413142,0.014790409960588669,0.04372179796126119,0.026136384243479416,0.03559605197777693,0.03938059731380883,0.01865662216368058,0.05313036354251577,0.0006461531447987667,0.03204242282733616
2020-02-05,0.01894366039777018,0.0008440849331483591,0.008924464645664099,0.012537465062561814,0.03228630868020699,0.006335489159505769,0.008508177543071094,-0.0014975293728842765,0.024266651216182433,0.029202674948808127,0.02534014149482111,0.007320653701589963,0.006176583314689843,0.02456439867449478,-0.003518097343119808,0.022617228869290962,0.016646157151648966,0.018687046769626292,0.00018647576384722697,0.0028588619691645167,0.018813848303779857,0.010160884454236019,-0.0021556067603942797,0.06579586866626697,0.0051679145821075245,0.01789259101618379,0.038694776530678876,0.02931129189490811,0.008832308395626542,0.00896448558740448,0.03755581554910847,0.019840206571793084,0.025692820335181832,0.01142995304567962,0.023744582423787408,0.014553113461001299,0.014402677192583369,0.037868159409936375,0.015861467387204398,0.02660474924594669,0.00607920553488972,0.011876632442598956,0.02138588836292521,0.012598258835362142,0.013222353416008081,0.02495817719486082,0.02435386511927584,-0.12214850408051303,0.002607266176309242,0.06584115358176379,0.016336785459291514,0.022882666760180248,0.03530561930830878,0.027851094364632623,0.00928368528581558,0.029874415750180683,0.008576127369396058,0.020060275643554837,0.014982985550294536,0.008744003179726345,0.011570238965981527,0.008939125169250106,0.004670035207566592,0.061873759669699435,0.0229356252300994,0.008585303168426206,0.03796010303012398,0.0010128412035972367,-0.0009350151394825756,-0.10533669632090104,0.014777041664075563,0.033198461284494885,0.03375455702482899,0.016057566020383662,0.010391695608509055,0.011494249044394556,0.016483386815662415,0.03752058698660665,0.008072181369229048,-0.003165156638719968
2020-02-06,0.009186317621577844,-0.012088847592493845,-0.020280250401544797,-0.009561026170615827,-0.03296725160677083,0.0031481557198960175,-0.008999094516417006,-0.004874359219899427,-0.004935509442279162,0.007275284383009284,0.017391573858307918,-0.008720680185923313,0.03165878521028187,0.01329819441597424,0.0044132215518459805,-0.003955870476042178,-0.009414696920755139,-0.006693229638911391,-0.01755342762784362,0.0035641451762276066,0.007928714045692065,0.018859943564804915,-0.004516880410584956,-0.024058133006177873,0.0012852343239762032,0.0019530625608161767,-0.019460682212503078,-0.004976403085169556,0.007191506911064183,-0.004664285606520324,-0.01717796024103657,0.0024314315727205216,0.000664744429537123,0.0007529007662490095,-0.017229817874051867,-0.005874490269398569,0.009714394306889806,-0.033108092216438956,-0.00851651823539512,-0.010140863230063357,-0.0015106971070962816,-0.0023475143393099085,-0.008375243326379733,0.0031104785132471946,-0.029482870691445617,-0.003925898862983224,-0.024948865461488667,0.003840187043214094,-0.0072438047674734385,-0.02380289551432424,0.006332181828870631,0.03364467632128698,-0.01008638492008096,-0.002580226259950913,-0.010512459731980672,-0.0074453485923888785,-0.0011596974174935548,0.007594586131666636,-0.006748208892366048,-0.008668208338452499,0.017973816015963262,-0.019491835415790137,0.08149987700054395,-0.0052426372516718445,0.004484365644526367,0.0070936407203026075,-0.0174670401012903,-0.003035642185438503,0.014973734107363468,-0.007182996219494475,-0.033889104904488265,-0.0097964728384633,-0.04437373945171652,-0.0010898739223480503,-0.003164553858114205,0.0012625160627723897,0.003003224196820531,-0.016493567492831818,-0.009288673314585938,0.014439067565693131
2020-02-07,0.0002167557309851187,-0.015936185780319412,-0.008148035460946335,-0.023421675970515143,-0.03146852020854318,0.005753211809982117,-0.012485610250901669,-0.038432570556804935,-0.01306235029644398,-0.014445305267359654,0.009896527681387157,-0.003560825626591102,-0.004390268352968296,-0.0005677675627070444,0.0008786777226246212,-0.020916019317385293,-0.010743926869299258,-0.020713840640958936,-0.014826047718151658,0.006391860133715621,-0.007049145795293477,-0.016865468723240018,0.005721067732965768,-0.02418606780296151,-0.012836727426620564,-0.012670364903858866,-0.03770915264510366,-0.007224287971790533,-0.015522165887842498,-0.00937303875057971,-0.008114904875526907,-0.0035035098779662155,0.001328359089795006,-0.008130180801906417,-0.0057317270090486705,-0.010306740418657756,-0.05609811004715004,-0.030048937286285438,-0.0007157985531182076,-0.016505294082155064,-0.013615641044632865,-0.017647040485267995,-0.016047340913780683,-0.010852640220436194,-0.006972081184281165,-0.01954636401269494,-0.00872977559881416,-0.02231573630274586,0.010290204881023834,-0.04412200382578535,-0.016699250932872833,-0.0306748102608968,-0.00485437435757774,-0.0038811018362833183,0.000796814128358303,-0.013541249736970573,-0.009415672596714941,-0.03038718088876513,-0.002547977858979533,-0.015103048590397905,-0.004815250081507738,-0.0222892677622617,-0.01661896291393017,-0.003011663403217568,-0.021205390236867405,-0.014462810963638328,0.03777812109515044,-0.01877700282496675,-0.009220616787920632,-0.06134006627181332,-0.009317548217075422,-0.017807444910948544,0.0005256166740685853,-0.03164214630581019,-0.0023810068045417854,-0.026902199983662833,-0.036526796806419015,-0.012670765752377688,-0.004203000978264759,-0.054251283856510124
2020-02-10,0.01365108707736895,0.01821854309019133,0.014431429348696678,0.019608091995002352,0.04241901088407496,-0.0015602497452215092,0.02068948521237579,0.004702152418976979,0.008879264637567497,-0.00952748035016504,-0.01336345341010381,-0.006096409663754465,-0.020615537672250994,0.013825740335061898,0.013169625294889409,-0.02514871229870097,-0.005012676117036374,0.008154971458147697,0.010804304620703586,0.00423488773083891,0.0035669225646188796,0.01338910035098384,0.026481018064739237,0.0019066213727418901,0.013003651759811996,0.005922707556493156,-0.004124908524252735,-0.0025188959905108055,-0.003973290189914991,0.004730916187308143,-0.006502631609199505,-0.002434535180938724,-0.0016583076806766517,0.005313015108201702,-0.003051749822941874,0.006526216072436863,-0.017563008496249144,-0.014048969251905019,-0.002149113389742996,-0.008101873423212003,-0.004601152414281828,-0.0005987580685564708,0.004291863226312254,0.0031347749332182318,0.004012032174693925,0.0027707124809870365,0.007895698020133235,0.02386855190764714,0.03444425348349278,-0.019435199313965867,0.00418412167235882,0.00791136555223626,-0.007317081388631963,0.00779200759511256,0.006369501832244717,-0.0019751791866945423,0.004296736502925169,0.01137386492849135,-0.006385698686586561,0.007263846197502533,-0.0016127583535187062,-0.03327194903907016,0.057983732405653576,-0.0027186272113692844,-0.003990974950461412,0.014198510634752637,0.016595045615865223,-0.014481447765970379,0.023266756771734398,-0.008042887730928872,-0.013001701753485695,-0.002417251111252905,-0.009457002827088279,0.0020657391615317433,-0.0031821768356523616,0.015838756750891525,0.007457960858571644,-0.0001258446880726405,-0.008116863894892523,0.00764320341467517
2020-02-11,0.02073534254469611,0.0039761259099315716,0.00875462764339452,0.024316459297466286,0.14632028096170435,0.0005208081206005133,-0.018299220586562304,-0.011310414004759739,0.007306503023912114,0.0036996772787285526,-0.0004513198219503467,-0.0002116728356811315,-0.005256703994214851,-0.0008092268388923962,-0.002599339450181093,0.013592254825272265,0.008396642724443737,0.0025279940990035055,0.004772147954487105,0.00351319844610698,0.002973032312018953,0.009909170418517022,0.005923897338940831,0.015223581724805646,-0.021822768791329716,-0.000981220406223171,0.020118352678250462,0.018518514554290544,-0.08098520787238772,-0.00269092916874758,0.011613025438077962,0.010032385072378469,0.004651418254598694,0.007247301879533596,0.0037412796290108297,0.00758741867784174,-0.00814054830324229,-0.0036536491926730807,0.007178630330898272,0.006417601000988649,0.0015406348739874787,0.014379700467834322,0.011111001155387656,0.025781115183677983,0.024475512483224993,-0.00048754150747520875,0.0117505104680109,-0.0012738659123706642,-0.008234623260351293,0.03964082598185947,-0.007352900747056634,-0.0013953540687942079,0.00786222819261706,0.0038660988051191225,-0.005801654927510835,0.018108202647721727,0.0028525381011803574,0.009546807140399682,0.008140638916780407,0.00881398324577698,-0.004846547777567656,0.01274736302587498,0.01377031068822232,0.01817362713647319,-0.008586077314559293,0.007798547640014641,0.16113734245071476,0.03909729309646903,-0.002728580575317441,0.03885133796316431,-0.024943681073866464,0.00807725340719112,0.014674655024458305,0.015367310446865678,0.030327224464418157,0.02622259624444867,0.02097456325564173,0.013338335753260377,-0.013093506313903935,0.03213957958340119
2020-02-12,-0.014869079878488622,0.005374892492437944,0.010848343326610665,0.0142748560781909,-0.018882338919340547,-0.011452253504690257,0.013478478619667333,0.011834289252312669,-0.008077611039786659,0.007187730920533708,0.000903351058690216,0.0021156408359530587,-0.004733015358916015,0.008413133042473708,0.002606113624135986,0.012041559083501685,0.0008324782218493976,-0.0017652611374447957,0.010068351559785249,0.009804191669430473,0.012368276921272958,-0.016353263116719807,-0.0037994066348485678,-0.04826619865420201,-0.006561589661903011,0.03143410494719778,0.013051066383809706,0.006887052486347134,0.017982641734375804,0.002698189806400464,0.00814003310621425,0.0018792424632687599,0.007605493495690396,0.006595719833575542,0.004405556915923148,0.008625267619949861,0.013195985201890581,0.023468990792269384,0.0014258323778808535,-0.008115399145617874,-0.0030767876692412433,0.009450865496266614,-0.0067622329312782,0.022086949291947544,0.030229104093899117,0.006395192345919343,0.004764628732574661,0.003954050415310606,0.02220207491966142,0.010426128867309759,0.010123422871506582,0.0352838836103071,0.0,-0.007701985014553436,0.00928368528581558,-0.004470763559355273,0.0014221475196485311,0.002564654621407314,-0.0021253611506026893,-0.015091295257134263,0.012987131110783867,0.022026242999460433,0.012224855513553567,0.02156770602172875,0.02713632099256391,0.011467437922893842,0.07165537305534708,-0.002525214090259187,-0.015048005404458498,0.04487808351594258,0.018683291009872427,-0.011217777876628143,0.006447082914298186,0.030454070073552275,0.025561574562853684,0.009668482758762309,-0.003625335877403768,0.020737590888609825,-0.004311802128119879,0.036593747427013934
2020-02-13,0.01679429011533662,0.0036577729338542753,0.004078120733925106,0.030594960718834052,-0.021554876713356097,0.009478657409455415,0.004527278294143011,-0.007407428338531252,0.006647748537928155,0.004940373113772489,-0.0036101430082521313,0.006755144946702707,0.0019161020912270565,0.02027077301934499,0.006980775915393256,0.001893150531926624,0.008319337664329352,0.008840764305173776,0.003949485359565408,-0.002582841324831553,0.0032985287499101013,-0.004987453957248866,0.02383676645184618,-0.015263391141994709,0.010568011154196588,-0.005714302789916137,-0.007729758242334239,0.009028778055898634,0.0020981222239848663,0.0011209144622807976,0.0026915274894296903,0.001875365838189591,0.016737877303813598,-0.0001485853056629738,0.0064101125938873516,0.0013574140087211362,0.009053385044787365,-0.03547114928450845,0.007117316794489792,0.005259625237531207,-0.003086477402790777,-0.012872880390413344,0.005106425475594811,-0.005216098099227073,0.020350228218380062,0.0005383973496269068,0.0032601370476679215,0.015881082639303434,0.004414555256672115,-0.0005897751534313933,-0.005621912792738715,0.0010121459492040685,-0.0024375577536638326,0.006468065408032464,0.04336388053431306,-0.011910608519460908,0.012651714103200984,0.00947479025368314,0.00042620555915884317,0.002419247108740974,0.005994290676661462,-0.0024630919583142896,0.027375214807086934,0.016744343633793513,0.01854984149109251,-0.000645130507217706,0.06898009939520922,0.012405105783969583,0.01371159406593181,-0.007158463801397397,0.022855432407847154,0.007698356964438435,0.020083092700680094,0.0010746472617948477,-0.0060422904145789325,-0.007113304270498277,-0.006670771219642435,-0.014720184055901364,0.003997355763932786,-0.023388558343083066
2020-02-14,-0.003136203159402662,0.007849806794717251,-0.023514354221210954,-0.007718468209872875,-0.006294333586072898,-0.007824874717619168,-0.016337881005287436,-0.01060481383048062,-0.00709917365516477,-0.00965020769895264,-0.004528826085177018,-0.01342004419700904,0.006912282971584194,-0.0012117623292021706,0.0,-0.021862789357821044,-0.007012991825805059,-0.011266788835394781,0.0039341037619866626,0.007697680459361145,0.009325664633248909,-0.012531413328810914,0.018625442830660255,0.007499980926513716,0.006535788448122748,-0.004789319817808058,-0.008078441446322748,-0.028741901914082213,-0.01864105465585797,-0.0038075756643999314,-0.013008318819520026,-0.014442317669908,-0.012911511386267116,0.00014860738653688088,-0.007710292708805522,-0.002440387594881077,-0.011962959145053631,0.0,-0.0049470281345288525,-0.007557967622915607,0.0015478545407017208,0.0023708968923465967,-0.011854715895164958,-0.0007491732384589112,-0.013450789209749847,-0.00570538772642204,-0.01920219361105635,0.003251652566376162,-0.0031645517560495717,-0.00796457842004794,-0.006637284778218566,-0.01398958853372545,-0.014174106441632417,-0.00642649839606213,0.005289682407458418,-9.88077411142596e-05,0.006119163564361374,0.002386348764785051,-0.009791508232631307,-0.008044914829754335,-0.008052079726164507,0.011111188752225054,-0.03683385298786068,-0.007733078925499792,-0.016004532036667296,-0.0010147151458278492,-0.002375350353897465,0.01625400559889556,0.03964560273168205,0.0009404604076572731,-0.023723911770878958,-0.002412199256837444,-0.02036654191670839,-0.0025049094860853938,0.009118532443044058,-0.03334281769084613,0.0012208873502461692,-0.017779909247977566,-0.010948680444881953,-0.011076440876798599
2020-02-18,0.004404346375629364,-0.07538244859416998,-0.023423670664564522,-0.02220904217998676,-0.04513072158626763,-0.0005255595688424819,-0.005727463528408583,-0.03533153148582757,-0.014299935992620694,-0.020959838483047832,-0.04868041748691676,-0.005100971841438207,-0.003386675255154681,-0.011037299395787015,0.005199719720982099,0.013245576859024943,-0.0191111068822839,-0.015700254880296582,-0.005971259191876022,-0.004861161644534651,0.005417472311221694,0.0012691171607550622,-0.010605193470861973,0.030769273001039377,0.005194967474273504,-0.0028871992144305914,-0.03868533419820519,-0.02289223064797241,-0.006882312312435301,-0.0011235057016777406,-0.019874585497339448,-0.009226440970237282,-0.0026158855847482343,-0.0016378180942244747,-0.012162282940638258,-0.002989314010350741,0.010196008996385286,-0.007057969298630673,-0.012073954025259459,-0.00585825597590639,0.0015457860467693596,-0.0035482060840171803,-0.009425829698531563,0.0037481392379272727,0.0014103798143514368,0.0049803297312081,0.0015059366811605024,0.011842395085840618,-0.0017637321989596444,-0.015759770747353796,-0.0056914733156049335,-0.012820225898335424,-0.008428368569806555,0.018111120829773952,0.009521662636832406,-0.0036561568618902474,0.010390304400713202,0.015711698893200454,0.004729255830763224,-0.005677261905573494,-0.011363855320067895,-0.003663243983843989,0.001356095430133264,0.012844557337117868,-0.003365132195735754,-0.00609347934128579,-0.005555395700237553,-0.014271604947542316,-0.006729757388069801,-0.003758247356294153,0.002825739196137045,-0.004836932090152457,-0.0053707616548637205,0.008609857259844533,0.006024090761646228,-0.039481158628541846,-0.01829241481184929,0.008673724519693504,0.0026835872653214743,0.00998981227950968
2020-02-19,0.006055629700044918,0.023766457910314953,0.015691473107186438,0.03453045660746468,0.026534071406781656,-0.006312515667044494,-0.0005762378311133798,-0.003292178033653781,-0.007085102573006763,-0.0037558659108185566,-0.00478255237042835,0.007904330881890687,-0.00236493188111897,0.001348857029410011,0.010344568482556271,0.002450629213247568,-0.005082362602641277,0.005917079312425244,-0.0024405228685873137,0.00837448764961346,0.005784966706505967,-0.028728413680613074,0.014415057669536546,-0.012036590972079209,-0.00904374817834186,-0.00772216441490714,-0.0027231514270950052,-0.013428606305803559,0.0008315669760898814,-0.0063023515421505305,0.008324394720465866,0.0013697538505414997,0.006885013562865749,0.00581719741337805,0.013680091941173478,0.007360297811526362,0.020501626355854174,-0.030303010842274603,0.00862681472599669,-0.0011786561163669163,0.015431934593436614,-0.008308742213267828,0.0034604248999792198,0.05601199485290498,-0.02300468491405383,0.011503026281267648,0.02255668116557219,0.0049279479475452526,-0.002473452561036038,0.023263092926689044,-0.002737798661585189,0.03878772400047481,0.005500102264123896,0.007623692405796412,-0.008190631268993664,0.02221552715876296,0.0060194663782386915,0.0029688332582693544,0.00042779508230350594,-0.0008155965129089671,0.0032843726522793215,-0.0024507410210709013,0.004875414791520427,0.009404332143700067,0.03489036813304991,0.015420260543776765,0.01237021027081786,-0.010983585280144537,-0.012194839366485799,-0.0012574350471629137,0.013524975910273795,0.0,-0.01062533478848049,0.00533521677934945,0.011227588028388968,0.00875507188248914,0.00993793483035299,-0.010219338442859938,0.007694847437186736,0.020305569222550224
2020-02-20,-0.005811518490264178,-0.009697267945780408,0.03156039689526513,-0.014983014362836555,0.049272936603404816,0.0074114158682363485,0.00518777736973508,0.0016515655103792604,0.010023904302183029,0.011875387138553295,-0.007208302640522746,0.0010597870907018692,0.0006213786275532929,0.019842163735791063,-0.001706264756942022,0.01847325147353729,0.005108324962392219,0.005115211578372136,-0.03029724233397524,0.0006920781707080437,-0.021560520587350585,-0.007829494778920698,0.004190190285914053,0.002436609938847756,0.027379265075057724,0.020428178961058308,0.0018204300654631744,0.013032168515721532,-0.016825873885821574,0.004756633209297645,0.009102409166286352,0.0027347431935229594,0.011071298131646312,-0.0010380422949455292,0.0064101125938873516,0.0032470594843827527,0.012826349922588909,0.022376540200573336,0.007840559715126538,0.005899515213436901,-0.009118394582072198,0.02812706650125585,0.00948259503679183,0.0070721604823984485,0.0009610984275325585,0.0044847805558390075,0.0005881510435870041,-0.033835995421802045,0.00885577082797373,0.014762157489463412,0.003993124060279962,-0.016502967714649652,0.019393261593648292,0.008827206364311113,0.0012512935641382228,-0.0035897343976439844,-0.003988820759886491,-0.032014479618507896,0.003849758173828599,0.02693857892214213,0.0049098815041979105,-0.007371120128231157,0.02884096331083663,0.012704708814299082,-0.030451412591325222,-0.013539483636252458,0.01694916039793304,0.010853112487838379,0.01143129251852204,0.004721423241075717,0.01167627076710076,0.005670176129591642,-0.0036972114329413275,0.05643025845198735,0.0014803481680629726,0.00014722996999005922,0.01844996852698566,0.006169799854712998,-0.001992074971570834,-0.02085636608360819
2020-02-21,-0.016283971737029,-0.01928787866953774,0.00128386237820588,-0.03207835739570264,-0.05157825559333162,-0.0015764702879006443,0.000286620051641151,0.011953792474967306,-0.0075694272604780455,-0.011549850096635672,-0.006291924728309417,-0.002117432726810753,-0.0003909720414279061,0.013631404215891374,-0.005983236634379718,0.018138073342337746,-0.007623732258207339,-0.015521752516327592,-0.007956293453729724,-0.011756984068778231,-0.014578641453066532,-0.013590480962529572,-0.028664696062674522,-0.0009723120107145711,-0.003807174464166896,0.006672908061069904,-0.008479672180956688,-0.019439688795727994,-0.01147971561203276,0.023669813657554606,-0.033144499504753844,0.0,-0.009661922001767742,-0.012618798575749435,-0.014414930054802433,-0.011732811399887022,-0.001831116112891884,-0.030943384710347854,-0.016266054073483582,-0.004691788947200126,-0.009202497533536969,0.01164138561137551,-0.005977644104317115,-0.009129187823259777,-0.01056165694480471,-0.02939293416498512,-0.028806707725605563,-0.02144391402569501,-0.012464950959344967,-0.01978478203227041,-0.0009942548464207945,-0.03406763038241589,-0.004877867073582953,0.1712499806682597,0.009747518263135024,-0.007400261460511204,-0.01113912436102249,-0.025911202682384782,-0.008521622264924256,0.007154221456732612,0.0,-0.019801911766367808,-0.009431407202612485,-0.03568438297775045,0.019068931927812116,-0.02587387089796389,-0.010852855910369663,-0.024219661035805085,-0.005877092134616513,-0.020989977277335092,-0.03929679266536723,-0.006040935541767434,-0.01961473989295104,-0.0579370868795368,0.00886917131762055,-0.02783928721259421,0.002415470671967679,-0.023776766847776076,-0.006985980504490175,-0.04035107007700112
2020-02-24,-0.0311969141422066,-0.02208773249887841,-0.00790609444504109,-0.0496341063651059,-0.09821403281174479,-0.016842086385640553,-0.023502485158646058,-0.021995886963757316,-0.030847500640641012,-0.022238680331373883,-0.0511446468694694,-0.031614691550648666,-0.023791983876382594,-0.016410180721247336,-0.03009446664676685,-0.03091397694132414,-0.023047564475243698,-0.031274271676510645,0.0009778971064247077,-0.03288988838847284,-0.017725410320919677,-0.016000006809237965,-0.011953667887645292,-0.028710470778211317,-0.012738812369414654,-0.022727340255833117,-0.035125273882782526,-0.036734645759752604,-0.016813911371396206,-0.007927729219864621,-0.05749617822003006,-0.02236749441743513,-0.036422674032512425,-0.03202548692700591,-0.03707490692119586,-0.029476000674065972,-0.026138486532039873,-0.025311511324213942,-0.029474965328153968,-0.02003542869482744,-0.026315796298063576,-0.054660525644340985,-0.024055035435437744,-0.03543583844118692,-0.0596798356700281,-0.03926397753342048,-0.021489117506646616,-0.035658712422982686,-0.035555560596505664,-0.03739960851547719,-0.029858559196498935,-0.034743122135544646,-0.009313922352943371,-0.06830293931174469,-0.020544568091505733,-0.05307039598842378,-0.007088049954406039,-0.03593561812611523,-0.018908576326120752,-0.04104168129653718,-0.00977196707067396,-0.023358515416120884,-0.049457886238084114,-0.08499567855126644,-0.07539899295645547,-0.04198421220375148,0.04192822129948581,-0.01893555895073573,0.01637094676681805,-0.01920001220703127,-0.03003401283309215,-0.019448965529344053,-0.04758470444941254,-0.054034788331419725,-0.0029304002176473443,-0.032120971892351524,-0.0301203323887016,-0.03255993905873367,-0.015075369168121133,-0.06080483536159431
2020-02-25,-0.027601387539091915,-0.04579206547682413,-0.02584528727538482,-0.0363459351217138,-0.05670580172837825,-0.04550334918361332,-0.019665470320148093,-0.053311148456624546,-0.025533504447592836,-0.025250969857165906,-0.04414807783469277,-0.023444195075213337,-0.03924485935702615,-0.03674019868147127,-0.04344020741587018,-0.057853608582937754,-0.03669734038993133,-0.04108867245130898,-0.023060512731018057,-0.042691732981049,-0.028734224001062958,-0.023035240314979166,0.0032135758798068625,-0.051102134128278576,-0.028387126579450306,-0.07170517142235755,-0.03861979447488384,-0.05417678165638673,-0.0589130788609602,-0.01842411729689508,-0.059852518121380816,-0.02734371518999934,-0.01721222122166277,-0.0344824845652999,-0.043800799995251216,-0.03965153579244751,-0.03343282010547344,-0.051538189378301125,-0.049629649844179835,-0.031268738010790775,-0.03020674406102375,-0.06329878442452808,-0.030809985468673307,-0.027185820737317123,-0.05830749276058811,-0.025649990886042362,-0.03124040115468074,-0.015597735905189092,-0.06027638072170027,-0.05303723631274093,-0.03641950219892942,-0.05289931434603279,-0.012865027949084062,-0.03780052215620844,-0.01794271223342614,-0.0559413032517736,-0.013001428965797368,-0.02399312416850563,-0.03854578953751664,-0.046090534771115244,-0.11019775568654533,-0.05559163322435878,-0.10767944017139608,-0.034439183751197366,-0.06785719291935777,-0.029215987230473472,-0.048138612458856755,-0.022952557762466186,-0.050559224749472054,-0.04926591346412046,-0.017694040473144712,-0.030165556228149093,-0.04825891135289728,-0.0030063856396506106,-0.014695063505531736,-0.035222276104817984,-0.024844837075882698,-0.06492648001355439,-0.04421776200684879,-0.04430647254875886
2020-02-26,-0.01261540800124783,-0.033722467911209586,-0.032721655596313126,0.016139927920560737,-0.004770819617768041,0.008412947572292273,0.005089930868401371,-0.05411348732985111,-0.005025210509217448,-0.015423861758248614,-0.04618673029919096,-0.0044873909396137,0.005863484051736645,-0.022134839026789033,0.003707663448317522,-0.04132012965867371,-0.007255942728522813,-0.014468371324985685,-0.04740942371244827,-0.0015115687508672204,0.014399152123883319,-0.01664355799214834,-0.01055212693633445,-0.029039130353780918,-0.039840648626237485,-0.028183903197167792,-0.0013171193421789296,-0.010880004882812488,0.012320059780335457,-0.028720015390605202,-0.007835434238536165,-0.014629953549268437,-0.006181390420616939,-0.011261349771444551,-0.01551545639313634,-0.016837478895266655,-0.015102358793045556,-0.02106149978182792,-0.010132691425288609,0.0024828497614646228,0.0,-0.03248869158347478,-0.0018168216940042115,-0.013595304098895977,-0.06191776223378642,-0.013396463551312854,-0.024904182460446678,-0.011473792492763257,-0.02883476233574145,-0.0403778618725632,-0.011711204704998646,0.005182369337524362,-0.01603983178570112,-0.013095408782176743,-0.02213092386506743,-0.01931280625880205,-0.0038746707391612567,-0.06040382347583484,-0.009111843046003987,-0.006902312607262706,0.03512026341310048,-0.036960936623488316,-0.07514810945885542,-0.004908364566479806,-0.042145491933255896,0.00040963780369485114,-0.012643225154045923,-0.029631624065139417,0.0032987027297857185,0.01441318068260311,-0.03272273349609667,-0.009799410603929637,-0.0707894265716692,-0.03222772059766077,-0.0007457292315902198,-0.0032451811680979104,0.02929937905836133,-0.05724813565251652,0.008896635625662341,-0.02757062819735623
2020-02-27,-0.03216983733718415,-0.05335571118439819,-0.06742873180936781,-0.04698193362282688,-0.042186076234154046,-0.03281433206786866,-0.03634212909180712,-0.08418602167173872,-0.050504745127450845,-0.03615171550287066,-0.06137387526020366,-0.032228904295783845,-0.006853652581935932,-0.04885225722614184,-0.05355511025864457,-0.034720084230569714,-0.00867996161200335,-0.030208955615992683,-0.06551856109430676,-0.058289414369942616,-0.05057948469528162,-0.04936532546765493,-0.03827839241634379,-0.022838504090998524,-0.055325075088345055,-0.009666828623024593,-0.020771485735289863,0.119702386968767,-0.07416140495528212,-0.07264249039394066,-0.03800620110532715,-0.03173210409046179,-0.042501696684760115,-0.03904982074971519,-0.054784245118926544,-0.036783308344744414,-0.007254857195101216,-0.0533562729488144,-0.027559234198433424,-0.0278637113751089,-0.06065560860586283,-0.007387580366060353,-0.029117025766017157,-0.03828497259360608,-0.049649552558537646,-0.04227693943680799,-0.026850090012097372,-0.04477000649716134,-0.014138724616251541,-0.06006126022193781,-0.04062838118213319,-0.03417981517953994,-0.031074915752350663,-0.027744308039227783,-0.03289502478924833,-0.018910055132429493,-0.03409819846213069,0.04531873441582057,-0.035401987013666925,-0.03822781786732099,-0.030357223552352264,-0.037668788722513113,-0.034052603981046925,-0.03206183447425104,-0.048000043475565524,-0.04594293587280973,-0.15686270050572892,-0.03603844879185858,-0.053076499934179955,-0.026386968653214993,-0.06983255038200076,-0.0391567167536927,-0.01241172055034978,-0.10223953565735444,-0.05074622170594123,-0.049161704543105644,-0.04950488437223699,-0.0238989383295376,-0.10088179022796673,0.003702088308077167
2020-02-28,-0.046911746514985864,-0.01205240185301526,-0.05539198858387129,0.019649011226785973,0.045044946298308464,-0.011500983772697482,-0.02102001543880494,0.02945657226889531,-0.025456135251817336,-0.048968782130270894,-0.03479329707385104,-0.04494630219267737,-0.009798841352813281,-0.0364369316578016,-0.034146535993503146,-0.03596899062868697,-0.03179708118170865,-0.03347873526233813,0.04516860948277279,-0.03135100127522039,-0.010424622746332157,-0.02225510870455727,-0.04059404429822866,-0.031163020998349,-0.0790631386639239,-0.010846092546955566,-0.04410778921344927,0.07367810436553013,0.019060135323344163,-0.060507365019987436,-0.00615676183170466,-0.034876778992099844,-0.055936536046442775,-0.00931243322461095,-0.031361503671806346,-0.014532883339924862,-0.019930146569674734,0.016363664106889164,-0.006477341227874134,-0.043311948486775775,-0.05410153760333625,-0.020297757081862433,-0.03842555425306071,0.0,-0.030116823048930152,-0.011391623337573709,-0.004710531303064647,-0.025603887073478715,-0.03134616167199278,0.041516444543551634,-0.03331459336418674,0.03914564955189337,-0.06414317294068306,-0.045905682943422677,-0.04897949129909018,0.0009123340583014894,-0.05583881089024367,0.02780029458353983,-0.025738923782906542,-0.03884381277700588,-0.03867376313575399,0.009601608063683154,0.03211169593520369,-0.02157296553093402,0.04551813606792132,0.010724996831690259,-0.04366387423140439,-0.0034247358289551943,-0.030257912648041563,-0.012161236036110745,-0.0020019210635275897,-0.04254361102151427,-0.016251360130705494,-0.04446853155995967,-0.04323900779786183,0.005992056877551333,-0.05013009397400525,-0.05158611276371572,0.1553550680917859,-0.028607442861057764
2020-03-02,0.05095225966133832,0.04915675962076671,0.022314316784366683,0.03509971675683987,0.009578589317027264,0.03257707376069896,0.056351419151124515,-0.0024667559585588306,0.0456140565458345,0.040534489952873454,0.06712258930573589,0.05754668888317216,-0.01346731902024656,0.04165234691758313,0.059596080465707635,0.05082000801895403,0.04616849975791015,0.05090351019164685,0.00021501849783622795,0.04979302214615311,0.04821163843392284,-0.024377929739245352,0.020020585980007555,0.016082750666257306,0.07472204421451245,0.013157703100409979,0.01232829830906379,0.03902047279046039,0.025072561975144625,0.06146468067642519,0.04362418672227908,0.0442367379605384,0.04625389600775387,0.03589122980728687,0.05409837646231441,0.029180910696440465,0.04168784378573376,-0.012522391726406346,0.054604851492823236,0.05259629542604283,0.03690068407807856,0.033839744222704304,0.05750490054457402,0.010350372214886772,-0.01330798743349737,0.021856092915401026,0.010818225299642492,0.014400255521287209,-0.042089249356044856,0.027036222669569066,0.0005841798849282043,0.03862252434443891,0.06629210564354104,-0.0013332362975624346,0.06180269035810326,0.008317996743182787,0.056724561169023247,0.0034785791011096023,0.04501004423845445,0.03477468888654256,0.005747115341507403,0.04462299171583983,-0.04565439281035988,-0.06041666031987558,-0.00602809529606485,0.03469869047603469,0.08982628733242892,0.010882047194755273,-0.0035805623013713817,0.027787513179691636,0.003008905185961197,0.04677268370514054,-0.03964759160315112,0.05153236088716784,0.04272797870414702,0.029441867036793967,0.001370539249800462,-0.005358042380859129,-0.02648546917488037,-0.0003702921593506936
2020-03-03,-0.02047541151076393,-0.01812587861813242,-0.037055716372270564,-0.03523912983417188,-0.020872807609043198,-0.0033802132131564022,-0.01959020830895397,-0.02769532566564059,-0.04921681278058598,-0.024847106861696,-0.03727440496561951,-0.03435555261469159,0.05882802891210126,-0.035700105424434136,-0.0076255680765294764,-0.0012239650428268467,-0.030482477881119463,-0.02579539061147329,-0.0004302121499831779,0.00395277961459084,-0.025858727404212134,-0.029672031337312554,0.006677495817109413,-0.06500845584013637,-0.007396347665680536,-0.05303014439176679,-0.01774531081918629,-0.01113701886501639,-0.04671649524280408,-0.010322270797701427,-0.06356684170421179,-0.03908102296685556,-0.01096109385421351,-0.025903316217046446,-0.04976655128171381,-0.026067114742795994,-0.042459718998572704,-0.04302539702092534,-0.027821145476663478,-0.03099320255737059,-0.03914604352188522,-0.053440036547721115,-0.03225796008533666,0.00788024877582627,-0.035966568845119395,-0.009437920646397924,-0.03913044837636792,-0.03409925023587146,-0.03135365012797464,-0.050961633140575446,-0.021015853499494197,-0.05110818495977787,-0.06427806336281194,-0.04138852256110659,-0.04715694482596544,-0.05706841478979974,-0.0076684771345664204,-0.054515594136949064,-0.0397941304651418,0.0009081004909925472,-0.028571587010134514,-0.03291308488363365,-0.0768958231429524,-0.056171418344930224,0.025606511135914944,-0.03374030399958294,-0.034608499647184376,-0.00991497115256701,0.006160063175326025,-0.04106772360676891,-0.03599993872113805,-0.03932105654483464,-0.01330274563709788,-0.011442115345179915,-0.03782502427961698,-0.03339383751272473,-0.023956008829393527,-0.04848183949365026,-0.07045685289067494,-0.050954320915563955
2020-03-04,0.03507932507061651,0.045628750089355075,0.005534650913704864,0.04272898648634116,0.05329452242863786,0.019220016134046114,0.019981653054651938,0.006612465367457521,0.007843123375531169,0.015763100236638516,0.04537200686944498,0.00286551161827564,0.03105631017225763,0.02229619879247946,0.03073873601828714,0.027275336594234867,-0.00046912038050506144,0.017652224791689042,0.021720206051709212,0.043307015774436186,0.05044609959333002,0.004828334524403122,0.06613067166889142,0.01451026347240747,0.03278676010020387,0.019428607628904304,0.030818308655363058,0.048978494419531504,0.025245421843961946,0.02391224015164517,0.05441102638992201,0.0021730215798509978,0.012190745766632372,0.03827883888118455,0.02986891236772049,0.03083430545454502,0.011929090459218195,0.032655019472920044,0.005564424736677953,0.014360570291648278,0.037037192152669096,0.007057209440661127,-0.002856981080786025,0.03831136415957559,0.035309775142533306,0.028027043171827026,0.03202220514258225,0.040454517711292715,0.00455879783703117,0.040896044465080106,0.027131704322616912,0.06737462292701801,0.019143948761638052,-0.015320333896111538,0.011877642174466851,0.019295278725248277,0.05612795668461157,0.005500345226181258,-0.0004874485844951204,-0.014519029926547189,0.005882562165067329,-0.005068812811643508,0.0,0.042090791584007414,0.049934244844572984,0.046062589717373204,-0.0014149875533416845,0.028898377667682107,0.04387765088202222,-0.0014275843994948634,0.03526972752752178,0.02837219950488934,0.05183636270452996,0.050447641677387134,-0.037674040680575116,0.0684111903986,0.02594658465271138,0.02024361445603362,0.05440891022525696,0.03143314100698125
2020-03-05,-0.044336193747949615,-0.020319806830442766,-0.017037641537992032,-0.022967538185080016,-0.05059792991779155,-0.015529854276987609,-0.034960721179475684,-0.07832243924723825,-0.05661507538024568,-0.04953236576632625,-0.018518435609920503,-0.03452380815209566,-0.009395478577468364,-0.06760443465355537,-0.021434996658370675,-0.05131268978017722,-0.049295790821093366,-0.06707135519166985,-0.006314174116890836,-0.03245307843754852,-0.038690788849356283,-0.057127587879079234,-0.015837106675878343,-0.050059658634622584,-0.018759126078841448,-0.07511210696607973,-0.053608228367438726,-0.017727817677850366,-0.11515247400943884,-0.05838494508941605,-0.039328584850902626,-0.04956616862044505,-0.0277374201132764,-0.03474693112259908,-0.059197399919634464,-0.0390221620461535,-0.040080967571305304,-0.09899174507891806,-0.06877457591608516,-0.05598431972118645,-0.044643056132045444,-0.07848649236939798,-0.04107008308101545,-0.010542173418453094,-0.10810812801156877,-0.07005308380226682,-0.04789224670852321,-0.01645547231030786,-0.11209432581408452,-0.07960370689814855,-0.046153731595037883,-0.028395733578598592,-0.04861842236371949,-0.07637916766087371,-0.04779208004622726,-0.04891261706574224,-0.01566117243920062,-0.06718957534306813,-0.037073357562959486,-0.04235743240717771,-0.03898642370380845,-0.046579487282577436,-0.12284065064532823,-0.08040576396963584,-0.03942423286121899,-0.031960208455273365,-0.11620200073020437,-0.0417130155225085,-0.017106696538950472,-0.06719082171279911,-0.09953244031130637,-0.04206249596184586,-0.12861881481182702,-0.08648648605779652,-0.051914864398063476,-0.029614366806052117,-0.0539985230246931,-0.1325037986609624,0.01743767532460727,-0.09540040374001069
2020-03-06,-0.011415982511935208,0.01292081163164882,-0.005599980612064903,-0.022662124068945855,-0.044573770054512685,-0.02028156437662587,-0.030605953478032077,-0.0016447745077832199,-0.030521553301133597,-0.016550827750184682,-0.051886621878545314,-0.03057967915868076,-0.018202145304019757,-0.03403033506347197,-0.013333441161602178,-0.01289304632882482,-0.015802267531069503,-0.013634950331598006,0.022029129402611147,-0.0163807670067192,-0.009889806376761734,-0.022650035220067588,-0.04080461756673914,-0.030112895537779294,-0.07794118286597551,-0.012121331211565778,-0.16376180388356665,-0.017793613630512572,-0.03555834908393496,-0.026385234335300267,-0.0388528877974027,-0.03194273338644882,-0.017642413736080997,-0.02382973096954255,-0.062499987327576445,-0.01975029672545392,-0.009824312391493728,-0.0233977155667785,-0.05602690263167187,-0.01908678221662663,-0.009345618805248423,0.023574153547889498,-0.03486057816027288,-0.030441425240380626,0.0014430345064284644,0.01274930789471429,-0.025150418426038934,0.006662673114337103,-0.017122335830784485,-0.08537467844326563,-0.026476007552199365,-0.041883919756322,0.0029033802128921593,-0.02909638184607055,-0.00792487480551285,-0.04017788001394007,0.0029994446559213905,-0.04368639019837073,-0.036473994983321156,-0.026922834690371045,-0.028397550028652074,-0.08473274025747779,0.04638947257094972,-0.04004083869098918,-0.007817695287491655,-0.021905623403029484,-0.0630683020939462,-0.016831051415168607,-0.0676280818481736,-0.010727995500118825,0.041913853723739125,-0.03635509322212749,0.03525238603192404,-0.0038688706021483554,0.005385948302806476,-0.028043463143187286,0.033959519235090774,0.009885604187338304,-0.046519658584358914,-0.016216717828945515
2020-03-09,-0.09950859430174408,-0.028533076715237193,-0.11048557855818497,-0.09897891000863179,-0.12677462018740315,-0.058654270341746084,-0.09020606304121181,-0.08456886796286778,-0.20867894618477423,-0.14532607795637853,-0.22263699795678582,-0.10811471106577697,-0.024009054834453702,-0.08562160733391933,-0.07625454438506785,-0.11277480560203401,-0.11540432833589565,-0.12786676717645273,-0.04060776495480212,-0.06502801385858747,-0.07887779322000665,-0.11935112353994182,-0.025364499011469976,-0.06274257856632404,-0.17703323048339192,-0.13374223697037524,-0.24663483004016862,-0.00905793166795077,-0.07609617597922791,-0.1444442790847288,-0.11964169125497204,-0.11414128929977296,-0.1111961087012524,-0.0931439653124071,-0.1756757165927616,-0.097678972247072,-0.11197743011028471,-0.09739587317324183,-0.15018019448450837,-0.13273101487097516,-0.11509448007157419,-0.10326884022132365,-0.1620225181604239,-0.11302993882693924,-0.03458216800814329,-0.09278584595714734,-0.05886627749876394,-0.0879541069293509,-0.15418641025065394,-0.24959458604454765,-0.14754599958594394,-0.10685835140856181,-0.09669941964961226,-0.13722408780657236,-0.11538453847355856,-0.08771252636453952,-0.04693785495927083,-0.13949957601117935,-0.0972659966755437,-0.1373520967324694,-0.14196236497870696,-0.3452877750074318,-0.14554577852132378,-0.06873809835196798,-0.15627030268813535,-0.078439622175832,-0.16123484415539113,-0.07526567485291513,-0.1439998973743254,-0.09876062227730042,-0.03666766347205541,-0.13620773966617894,-0.14184224814430024,-0.11514738091882692,-0.16785715593367234,-0.06517320333164689,-0.09084564638924175,-0.1021113215092847,-0.07079963025920744,-0.1286825710987214
2020-03-10,0.032196410792142416,-0.02798898957647833,0.019596212446708394,0.07874001263839481,0.09639944555654845,0.0030542191915428063,0.039305905516287654,0.004799035593276324,0.019085716939561514,0.03326196462914366,0.10080024081852468,0.012264360205286984,0.055628316343339757,0.025162996818549832,0.014629164553526364,0.037342946490718454,0.0045380414664855095,0.0749278756641305,0.04037343081606526,0.015267868624794678,0.07008474086536554,-0.014473701959832108,0.01372954905978263,0.006901337684563025,0.0,-0.014164297136030735,-0.020172932206015237,-0.024810674855696102,0.08430286001058218,0.044345754213514166,0.06471504879101442,0.040668994571686046,0.03224437989174911,0.0507828003089954,0.052459165426870236,0.03697735042847339,0.0307262468020153,0.054818278541359344,0.05502637104469965,0.020832952515921654,0.03411533642141129,0.04556720202276954,0.08743849388687863,0.023008876403977085,0.08805972677372398,0.0587449989442721,0.06486494201980375,0.05950651066906443,-0.007070117572485102,0.020552295595442693,0.007334016736730176,0.04111382157641841,0.11794877975931128,0.0018282791185999514,0.00033455638017754197,0.04983753995319384,0.023192189277972064,0.07363455648882544,-0.019802126113020235,0.0034366262472578235,0.04136228979001233,0.12356703733057373,0.12726384447537353,-0.021252205807807067,-0.13540876558212978,0.05104644125240276,0.06884789001664449,0.05298441617628891,-0.028660394710583792,-0.013751598131896747,-0.009977885850225188,0.01304611047210269,0.0770768205699317,0.08313971749965066,0.009656669048806021,0.07135079930690691,0.015372939189747248,0.12355713434845494,0.015002139993328223,0.10057385948791908
2020-03-11,-0.05154638300661096,-0.07074297299992993,-0.06091059631975204,-0.0655151729748219,-0.0836865850286036,-0.03166880482190304,-0.04088605152849145,-0.019104459392490725,-0.020838441822625065,-0.07829003557542458,-0.0763084409526068,-0.03916579197570613,-0.05791375433605872,-0.12151940067465683,-0.07003112219964502,-0.043959901558381365,-0.057594484762253595,-0.06534872681118853,-0.031921791266743105,-0.019215283455338517,-0.06709640413202744,-0.06542053218848276,-0.05376995718162436,-0.13708019047863074,-0.07945764538032174,-0.0905173495481143,-0.04529414457433367,-0.05463312552734312,-0.07586594240079902,-0.052168831017030404,-0.07496396854750798,-0.06135869406293604,-0.048729796075719034,-0.05414275969265625,-0.08307393140396502,-0.06304881698072284,-0.02439025702734121,-0.11433260799135225,-0.08425250103942894,-0.056514829778139375,-0.07216487278343675,-0.08478591629170984,-0.06455275990851894,-0.061418582053393456,-0.06927299274121712,-0.07551038674924815,-0.02791879365272565,-0.024961940119120785,-0.18049540287976118,-0.07737208659371109,-0.03931570823176478,-0.08650218903835416,-0.11066530219471027,-0.12591235303887738,-0.04768368136866563,-0.0388649755707563,-0.05386669115512088,-0.09103965303693351,-0.027332154857634183,-0.06050203064526172,-0.04439240233449104,-0.04081643130243717,-0.13981767801554257,-0.12654685388578957,-0.04050389965052115,-0.04613344305190337,-0.1556121588498235,-0.03607160899852235,-0.14432319039173414,-0.045751682331303556,-0.07913405171039078,-0.06550922898999345,-0.05300826882528975,-0.09058400877116646,-0.054197687263735084,-0.06998811231429836,-0.07721436725308461,-0.061263339736886024,-0.07078985027674589,-0.10313846031708862
2020-03-12,-0.14492756620943092,-0.03022184493590896,0.009760534655225417,-0.1405984106836652,-0.14797688086944472,-0.10377355087685347,-0.10124331048592927,-0.21241635179355778,-0.08324371217198745,-0.08885161687971199,-0.15814303886576675,-0.09472144922202996,-0.1012611421211076,-0.143184379554272,-0.1519553368259512,-0.11259963781135618,-0.1306171644266142,-0.04732860596398514,-0.041163876449271664,-0.1997930856704464,-0.09871829202555993,-0.12785714013235905,-0.07220681411993735,-0.1660047757948826,-0.2694735902392831,-0.18957344522897557,-0.20147871819587138,-0.05694046359703486,-0.1284375694760188,-0.08767987774048036,-0.06821022661472453,-0.0805450298950322,-0.09019273462374988,-0.10353435916556175,-0.09966018911007879,-0.10682135367738144,-0.04960313067111666,-0.18221128262063802,-0.08214688960794359,-0.11896822424594877,-0.0933334884489293,-0.09004301851394103,-0.06416461544676666,-0.1281105249795481,-0.15327929038195887,-0.06829328079209818,-0.11115266355807873,-0.13721507080592898,-0.19493768801514733,-0.15450852003380422,-0.15611976551622475,-0.11230573067577687,-0.11669891737211546,-0.27766191866818435,-0.07208804645342459,-0.10922713808539508,-0.12293924459283156,-0.16952676552173007,-0.07147230612653632,-0.09113029476839485,-0.3056235617460695,-0.24822699021201722,-0.2211004179125171,-0.0946271299108874,-0.026266392244350234,-0.09962885473516214,-0.16842890603719252,-0.07578616054189813,-0.27736113918097716,-0.2269406118687427,-0.07134150843953313,-0.08807700217902159,-0.26784212990100387,-0.049017108041621515,-0.15168533546727792,-0.09201899311542994,-0.2592288297778327,-0.248479900357077,-0.1117622484701456,-0.15889694521308073
2020-03-13,0.06812259489827999,0.05404334955695722,0.01683805723499754,0.12813140951009605,0.08955227403771215,0.05776172259576429,0.11818177061927426,0.13678520209899747,0.1674989914165108,0.09475613304818764,0.18971942443027734,0.10592798329362152,0.06392157574140067,0.06147777848729308,0.10803687546317997,0.12566301589013018,0.05444516969828994,0.0684983601951834,-0.022476970670738172,0.09549325882775994,0.07926825648487235,0.29320228603777854,0.009210258417410966,0.02285712105887283,0.09221907126616458,0.09746603915086172,0.11805553460399154,0.06488434328653403,0.0726890410527763,0.01718702650223114,0.07320345056687061,0.05543830369316516,0.10009657835822994,0.07949454335572481,0.10880511477325605,0.0679292403571039,0.06743206989678341,0.1465257226279979,0.13365174634942312,0.13125581520724294,0.00490205286744172,0.08563251441028186,0.060802134411512165,0.05285397350361287,-0.026979936650792014,-0.00023159347977963485,0.044901565183526726,0.03962364046626954,0.1257624905543182,0.04415756317981456,0.02245162965328329,0.10770406471415561,0.047445241929706894,-0.03468194193972196,0.11021822259148206,0.20637672371320437,0.09415004916886738,0.12543975211056346,0.044079128607597884,0.05614984199322115,0.07042287256456348,0.05345886986507398,0.0025923500364164465,0.10746972259930576,0.06262041641975813,0.08991371515801494,0.009082760124082156,0.05852334999737807,0.08609928871936168,0.08328410053135382,0.0004363209020326053,0.13554828526506868,0.04740059548387343,-0.01653799598426342,-0.005298008058610915,0.09432066477845269,0.07862668224286873,0.12297727436395989,0.10744569502247603,0.06615686083992633
2020-03-16,-0.1687519548811891,-0.14520955316145545,-0.26126935532174234,-0.20357653442672785,-0.0933995529468784,-0.1556314851021775,-0.12159769076378302,-0.11964651422961814,-0.13163831638575996,-0.12212872738612035,-0.08798111078092241,-0.10808427656177555,-0.16840576972740662,-0.21897663988553562,-0.1260402206382797,-0.17071384027780456,-0.16470591056371142,-0.10320545878345944,-0.2685675029254798,-0.12144943270536923,-0.16861003296039712,-0.11779605200575105,-0.09080545723622713,-0.23556795036204992,-0.3245380552724364,-0.3143872147497996,-0.1476880209421355,-0.026798328420139628,-0.10665650743959465,-0.11448274682115334,-0.0710261357268469,-0.0821972706779045,-0.14566944734018994,-0.12683581625264106,-0.21781061090699338,-0.1368543569597509,-0.08233925732265512,-0.3050065890224173,-0.1126315561070057,-0.19282147774787828,-0.14634164529022253,-0.15688003156872665,-0.17804897725351787,-0.1184740165287902,-0.05098395643465714,-0.09556545169942143,-0.18232925188596183,-0.1876087530640066,-0.2780325848273446,-0.15589617394161603,-0.14404916502608212,-0.19818538425699705,-0.1163763798079771,-0.0688623365040254,-0.20372279191624776,-0.1818538075786258,-0.15610165336449322,-0.18268244789547405,-0.1499686166552806,-0.09240505762478834,-0.08846274298409174,-0.18955220030745557,-0.4479638128995823,-0.23647025669933985,-0.07162296507108334,-0.12539891286485738,-0.21332135534003616,-0.08936035461601655,-0.2884432922004925,-0.20610685395429562,-0.2591622518886233,-0.06846112007237126,-0.16240870690059928,-0.22365469377753178,-0.30093211185139035,-0.11699949037015978,-0.20841884121869403,-0.14817479009087486,-0.1357445864130583,-0.24434640923277673
2020-03-17,0.10939793408965603,0.1133975540842731,0.15566571588484934,0.10683473785983777,0.09615371504427594,-0.049312585337044745,0.1983906301956142,-0.04787643974446243,-0.0008696820960963914,0.18219493612612458,-0.031007662102626177,0.13136287628275078,-0.09746591559243623,-0.10523611885602113,0.03809526803163932,0.04326917431285926,0.005477292502190867,0.14100567303757794,-0.04338234945683783,0.03455945677638228,0.03264034947736061,0.032304364637948835,0.1706399827386138,-0.09500611524776537,-0.050781624687718296,-0.12435234389039862,0.08016192231083541,-0.11449277573737549,-0.012926799495045715,0.08839598571313201,0.12596807173670377,0.09480114842368881,0.1213519985467395,0.05433013831648892,0.011602484156313597,0.046449303895565786,0.031756195326979375,-0.3061611337135436,0.01086923156906705,0.08273009137537146,0.03428588386193221,0.04677768309836794,0.07418419762970818,0.07858793410098852,-0.10273319832085004,0.11574253007591073,-0.03290775085497044,0.0017137535525797443,0.03233270642971786,-0.038673912769528695,-0.14520253162094077,0.08442107146424505,0.08123046404362655,-0.12861731777849905,0.14242411031226987,0.10173569848344166,0.1321514533781869,0.03249966093935064,0.03706450892907465,0.06694555614956088,-0.07749080137423525,-0.10865556344895544,-0.14168618776954,-0.2912011288520585,-0.05859366016667755,0.08067563111145892,-0.07551505024690841,-0.008824567619952761,-0.005369142190876919,0.0865384092647361,-0.09658425882244526,0.18844188747537727,-0.04705878913086514,0.03249096006287511,-0.11809521629696795,0.07414311917076999,0.10894929998294822,-0.13532565489756776,-0.11078291297795373,-0.0076640607017327556
2020-03-18,-0.09033752776114723,-0.16673219505448433,-0.28124967854552474,-0.126616202013634,-0.2756893381203729,-0.2355442750046023,-0.12088656236776163,-0.24979723785596686,-0.21032777271758474,-0.09041818772448151,-0.13777778663674112,-0.11407844559094915,0.003637130138138822,-0.18247331849505477,-0.23328968369276604,-0.1713447498319176,-0.2536965616134843,-0.05266789927005633,-0.2589549710353545,-0.1885774840252793,-0.1489094390694078,-0.3310153123087719,-0.16270096257933386,-0.32705247435812934,-0.12757223914203042,-0.3639052746345872,-0.16116945634273483,-0.38723404972642195,-0.1508524674596059,-0.08801458703042442,-0.08525265480688993,-0.2294491968545288,-0.14977177226792626,-0.06813283915640689,-0.16344075603545516,-0.09517707391995411,-0.14728364394669013,-0.38524591605594705,-0.07765820824313419,-0.1537725338460646,-0.19889487965108554,-0.07547171754153126,-0.109116161704644,-0.10242893729468516,-0.1953782059784157,-0.19001677237734305,-0.1924835769101284,-0.19931565503355275,-0.2058166035034784,-0.17159292363207912,-0.09063625329628067,-0.07196356169482243,-0.36834419682816555,-0.3136531068476034,-0.23607417892689586,-0.03457319175244622,-0.1702061085304215,-0.15244574574999747,-0.13867053920620187,-0.11111121532669399,-0.14400003766994318,-0.32024788781587255,-0.3833560671251416,-0.28128075364890837,-0.17427390916992747,-0.06452403386851957,-0.10519825400382243,-0.0484330703008089,-0.20107953264935774,-0.06510744328953266,-0.10104304155061583,-0.037526225061804586,-0.448102483918564,-0.14090911303821496,-0.2267818930414115,-0.10711544679089524,-0.3461988549029238,-0.3029018875910585,-0.23421928468356468,-0.2089004971102938
2020-03-19,-0.015642036446133156,0.12647476345592112,-0.0004998874413539856,0.025778277212803236,0.12110731207729497,0.18131242874014397,0.061497369513319855,0.09729725605732686,0.2549595844195869,0.006231463972628415,0.045360907918627236,0.14646144112695403,-0.030583209647878862,0.23307466586150127,0.1162387550670958,0.10616755860443727,0.120959476371022,0.011264638185852771,0.15121922765796247,0.07038485562231989,0.028205161228063602,0.10810810542879601,0.04275468792193249,0.19999999999999996,0.10849079515594573,0.5999999513543202,0.08132268411177668,-0.09455120808430562,0.12774622945527803,0.0757158576519652,0.05918889458534449,0.11237690752622154,0.15735736318491944,0.009486681411527309,0.11996562545321021,0.04410375194582605,-0.015261350409298435,0.6911111407809787,-0.005181392996689627,0.015801396050215466,0.07074544868602395,0.11170786562182933,0.07131797017526353,0.02352949649095648,-0.00783289085832184,0.1087903024152368,0.0930819484179426,0.2118055714756002,0.08943667118654841,0.04658091600879155,0.1570955936755296,0.04612277136792553,0.23210140492457487,0.6236558615242538,0.12152769474988845,0.01858564765741666,0.07024093525584818,0.12616093262602335,0.15352714941148982,0.2132352043384298,-0.014019410132957266,0.3920973264897538,0.34734517218727,0.226182261997798,0.06658296190451396,0.02245673207713006,0.2282162002238146,0.11564372125726541,0.3530406674871931,0.025693043639014812,0.23857874479791596,0.04503019840433509,0.4366197004121246,0.014245029947780319,0.2793296148913851,0.01775672865497957,0.08407886190969349,-0.004677197289352342,0.13449028299751165,0.08275234734395842
2020-03-20,-0.04028087962457472,-0.07457061684387745,0.07399996069618031,-0.05473970220323465,0.07253095400551768,-0.021657015562694615,-0.1086724042608217,-0.2738916096012364,-0.12295093465366091,-0.1079326397961261,-0.013806725306594658,-0.05887396312009652,-0.09729939221798056,-0.05862179202401019,0.08728980936448316,0.024680397548290323,0.0018608290571047181,-0.11354643085233829,-0.0138674755749022,-0.040943468831122765,-0.04322410049246117,-0.1726078967097341,-0.0022096772305278956,-0.0883333683013916,0.06382958642641823,0.13372082152218723,-0.08595040736078918,0.18348074118101665,0.010450232696034734,-0.08059815370928436,-0.08768130125184448,-0.025605297550844064,0.04222746271166167,-0.03460927828879745,-0.01224182642242344,-0.03456055879078568,0.062484448056582265,-0.2036793907412261,-0.007812369162488508,-0.11444454776105528,0.017857257260970094,0.028019253225104457,-0.05065134385265935,-0.0011494762389587798,-0.05921050196209077,-0.03597305939213258,-0.062140542057717685,0.03989423442589057,0.014220996667811958,-0.057765183938113696,0.10553340272172229,-0.004959855176019601,0.045923202691506626,-0.1059603455232051,-0.06147715529174813,-0.042278704541743095,-0.15779366786247429,-0.19091510761818342,-0.0388489344637345,-0.12969673317652164,0.09952669909368428,0.23799137070935017,0.29556644807846366,0.020123008531787168,0.03180204516566554,-0.03255325313493507,-0.05180204455390225,0.006709183714275202,0.1323345855691236,0.08767303342235544,-0.0322016086677549,-0.10089331152794123,0.16666668509446114,-0.047351536980864584,-0.1288209441042728,-0.05765955264294975,0.0033002648452622463,0.1513157523239761,-0.05353724105879398,0.11571486214374693
2020-03-23,-0.10435109353717653,-0.026708924785533328,-0.029795187674229395,0.057383163016413,0.001438958666584167,-0.22232923274480965,-0.03471933039884734,-0.02985071826428687,0.06375195391703614,-0.09421480334497545,-0.06700001435151981,-0.07197100235680431,-0.09300254789528162,0.2188642968573784,-0.06901420906923195,-0.04014306581276006,0.04363933170915146,-0.10458043301629594,0.018359505600449744,-0.03880960330818817,-0.10297554714973045,-0.007936473610684613,-0.11122048537517881,0.08043877040167913,0.05600017236411747,0.15128210749564364,0.056961947275263825,-0.16051841470989903,-0.05426455588049317,0.010313582631670482,-0.09543145021714461,-0.01624435238524058,-0.09528042978230777,-0.031576237308329924,-0.05809449729046623,-0.02760864271385899,0.016901935287038095,-0.009900980750178201,-0.08136485589274478,0.02258488503140632,-0.06315776222701319,0.0037594453099190073,-0.006097447912695286,-0.041426711405613825,-0.04055943468321377,-0.0032717668755062324,-0.1472392610048362,-0.09665115183966566,0.22370929645945847,-0.038191028438755326,0.0020643380565066316,0.05926318595443414,-0.05376341497945836,0.05555552645972206,0.03864290260207137,-0.022459567520031753,0.014093266462592346,-0.07572420490348497,-0.004491110658650044,-0.1337046299942688,-0.11206914150268443,-0.18342138389055795,0.24207862567430305,-0.05753420477044091,0.012556989364665982,0.011486649100862945,-0.013063955268478367,-0.006664470556950297,0.0330761169794096,0.11151516076290235,-0.029642868110787757,-0.09234362416738506,0.02965893438532241,0.009267030980435909,0.032581422484114775,0.037931786421185665,0.03125015128263464,0.0714285714285714,0.09090904820911194,0.10775442818037861
2020-03-24,0.10060183767888486,0.05348835435024535,0.134836840297881,0.12372445733771031,0.1551723225305397,0.22153448458652125,0.10204928566207427,0.05594406853597067,0.06871658770789058,0.1456204672394259,0.20578773981164233,-0.0140705459258752,0.11051842637906306,0.1828037293970941,0.08472077567489489,0.12732362797951224,0.14145910500482284,0.10049774798313216,0.14882988733715208,0.10498009187746593,0.10658345807940894,0.08571428571428563,0.09551497411296928,0.3011844764408551,0.20833348335499635,0.09131401821069596,0.06501285339284135,0.37470305277715177,0.09396515611109146,0.11817820232420373,0.10924051722235162,0.05779491038035833,0.08956672893708562,0.10762403512946128,0.18503318039956262,0.10683354153362257,0.12363416457362364,0.13499999046325684,0.061428562009191445,0.10429439955358455,0.16104876065472862,0.04026221329388213,0.11963181492856911,0.11404544842431852,0.37026230839366137,0.15019491001585017,0.22014381693342022,0.12576257026467563,0.1661460433216515,0.20167209749069137,0.10453115398089818,0.13124186890464795,0.08617424552123909,0.11228080040619015,0.1333938107323056,0.10695603077852711,0.07541388012752481,0.21681809056870938,0.07819570742353488,0.08360112084719917,0.07281596943834345,0.13606855806662632,0.3479591613310373,0.21046504484376038,0.0845545558958436,0.09579154484700925,0.2009627165000376,0.049312353137831666,0.09071480752988559,0.1128680304035945,0.2512469679281706,0.12363188428650917,0.2093134925887139,0.0313021714798829,0.17961171565782807,0.14901028970983976,0.11483237079694719,0.2571428571428571,0.14074090567412267,0.156157727784912
2020-03-25,0.004687471597017101,0.05783662198698902,0.11388684000749016,-0.00908278299266807,0.026119230582711817,0.13475175066640155,-0.02770376533508767,0.09006613699638577,-0.045801562837429644,-0.0028675095068780854,0.03288900095477487,-0.03949553559489816,0.07861668186389292,-0.027286054231734358,0.09483929457953666,0.03009079057998254,-0.0031176962166857836,-0.05183052853735581,-0.05008342698947399,0.15225327146395085,0.10661666603354747,0.012631566900956015,0.03285315256726129,0.23016904652225434,0.06269596965300095,0.02244911462869048,-0.0016063858952408694,0.2025918190643743,0.07663827197365469,0.054072778627579865,-0.031028588011663638,-0.05785140070341255,-0.009936386957599241,0.027888542276683248,0.02845244732346397,0.033043218713259215,-0.026545160249108357,0.11160062191889497,0.028263650728730827,0.0011113463597205442,0.11935465204459472,0.0927092507655487,0.012328872218679399,0.04956907285111134,0.20638304391345752,-0.029772293358228286,0.17924534329209707,0.0358482958964812,0.20053583235193018,0.2582607727488393,0.02890424317072604,-0.017795162527266428,-0.02702705641328451,0.10094637763392367,-0.01841478150347864,0.04294289219971503,0.01368279601792688,0.12897480201770106,-0.029288880054654576,-0.031157251188618118,0.027148977107001926,0.1159698088248533,0.10219533516815171,0.058117243494585136,0.005197602851003014,-0.006217970156335406,0.17334654477916045,0.05083114483172246,0.07436404537094021,-0.017148475457441248,-0.002989623439846878,-0.020057480066351996,0.026597861609955142,0.013759618178275979,0.11316866230206957,0.026883816564640117,-0.008583592192768608,0.1090908628521543,-0.002705470381742181,0.12770418373030323
2020-03-26,0.15357702500957493,0.0442404596742223,0.05625236068165118,0.09993297050432282,0.03757620992057942,0.06428585125744335,0.10304416800526073,0.18347512914581832,0.07476929892129025,0.09073491113662668,0.06712569476333008,0.105735943123757,0.07509535724244842,-0.0760319620112796,0.06878974250305658,0.0792316710050811,0.09225963257304493,0.1379607940105294,0.09349737121997204,0.06659638116373756,0.0013000728426868502,0.040540576711252996,0.07193546655839533,0.06342498721461465,0.09734531126390356,0.043912016475252225,0.0981495803219321,0.06501434827665165,0.07267313299554923,0.05463033961753072,0.06996171913480254,0.07748531715082163,0.07208003958035958,0.06086492244177277,0.16869085662148686,0.053919102685747955,0.0818068143246411,0.05416114109837955,0.1125656862535036,0.08435041756834827,0.0172911744888542,0.026359090169711052,0.07307171770481657,0.0369610482169489,-0.03615518887965308,0.10000772307009442,0.1125000610834872,0.1088531139711022,0.043154791455706,-0.08915004962137763,0.0761214748104293,0.0538822551214746,0.1263441412491917,0.06017172221456524,0.13743866183377684,0.03417506416521876,0.10798659898707319,0.06325722359908914,0.10488519069919477,0.14088810538360597,0.19383302095671073,0.010221429267052606,-0.0892857248124369,-0.014071782280013156,0.05997946029361301,0.0662338349644851,-0.019641344386247428,0.09126863697856469,0.02003644868695509,0.11166499654804118,0.2488755033664951,0.10350876039896328,0.15390563592276707,0.0,0.06469508157881942,0.06028748181674448,0.01966497856759286,-0.028688504940866943,0.09495364174820531,-0.04729542345869564
2020-03-27,-0.020222459425381145,-0.0739408612159187,-0.11335065395516875,-0.08434967529408066,-0.09696298979111373,-0.052852334454652095,-0.0852793065214501,-0.039014386383018684,-0.04208434832925079,-0.02724072955492618,-0.04193560316749734,-0.08624980717986563,-0.05464071137232018,-0.14230437947760444,-0.04409997372197538,-0.06080828110163705,-0.0443809804392975,-0.03278662922656783,0.007714620183937759,-0.018830533696234886,-0.057171346649727006,-0.07092907311814145,-0.04154301843810926,-0.16501001310591146,-0.06989285662826683,-0.049713002315939225,-0.0608058569158717,-0.0694772172831648,-0.027890580885684746,-0.05337959113682711,-0.08360452531674689,-0.04658524591948088,-0.0617022587431183,-0.03181694870906415,-0.009815209163051897,-0.038015378539887235,-0.04810448128674549,-0.02882205745911648,-0.023529399840010568,-0.014329555745875688,-0.05099149414274173,-0.09470297925978333,-0.008827422041199351,-0.0603961803239591,-0.10795976873093083,-0.09409543250114472,-0.04000010312873481,-0.02721829038989787,-0.11198294856933444,-0.07283747018084885,0.025263459633099394,-0.0292476771716923,-0.024661767109920407,-0.1702700614497238,-0.09465757087635762,-0.01818153817071544,0.015059284712696464,-0.07473710139294543,0.0013002323301132268,-0.06040275058779554,0.003689552302734933,-0.06745345533985547,-0.112368004932064,-0.04235727925314825,0.021463557646510756,-0.048777593142977915,-0.07578409786219187,-0.10593809172608415,0.0,-0.05829593190748039,-0.029611705512388675,-0.018547998232234186,-0.08947722135627156,-0.09660679241513292,0.0017360679943270174,-0.04625265303499326,0.015714351169839436,-0.07623063692354481,-0.09018837944105851,-0.1146691109038025
2020-03-30,0.05056761703517654,0.01899009635773785,0.00811734690251642,0.049944421232652525,0.08150084883754571,-0.05757312940296633,0.05415866934415181,-0.09294870913146247,0.017501488635762286,-0.0006022559651098769,-0.07744105329043782,0.02599145143045911,-0.05580085380763766,0.04687705782760787,0.009974510726842967,0.020134197374914065,0.009737943368812285,0.050453050854721626,0.055183609227009045,-0.006060521602886504,-0.00616804145680605,-0.011828022375865221,0.0047629659501715604,-0.0654761593898664,-0.026011344330395092,-0.014084684878061138,-0.0686427562705948,-0.023559246644995202,-0.010992634787086453,0.006339659276666021,-0.04543845070027008,0.07129201225570947,0.05941067914241982,0.02254032522471716,-0.059834134417864226,0.016847069097334133,0.04487549227219856,-0.06451612903225812,0.009638415754225749,0.012461164163942717,0.04179096333970578,0.03068584812203734,-0.010178094306017127,0.008429869595684147,-0.09846154237404847,0.056801089019483,-0.016853811322338652,-0.011564986473159067,0.028112616155491876,-0.005728440060726148,-0.06529792482799879,0.023919001976179688,0.0008156614510448357,0.029315895647175294,0.07722781784734312,0.024465792309269485,0.02617100929448446,-0.041906765432415005,0.017532475842485518,0.02857167332463373,-0.08823492112570253,-0.09584082517666037,-0.009345845885588289,-0.07355763631812007,-0.02005740684172208,0.04048972386991556,0.0018853320777352245,0.0012473001530399763,0.000892808538340617,0.09190477643694206,-0.010309319203475997,0.03185732167684985,-0.03218642142711181,-0.08219172655682594,0.005199343138218238,0.007110214630598133,0.06610380306116559,-0.08160780428512238,-0.11328961467724208,-0.03490764285151504
2020-03-31,-0.06810746800362943,0.02287162194913095,-0.045893630410405506,-0.031289782050730075,-0.06818187243223395,0.01315766056621026,0.022752290012853393,0.08127214990098186,-0.01037943804605268,-0.004519360450480514,-0.04197078873206006,0.04833342487879899,-0.05082041054740405,0.08642309312156571,0.02962973904229771,-0.03250782353913395,-0.0029674447068060994,0.005628462638375131,0.009975897796469901,-0.007114150855526802,-0.04006660129270123,-0.03155603646294525,-0.07418813356956311,-0.021656060937481292,0.07715122487818604,0.03673469169953725,0.026800725271739267,-0.13214555689375185,-0.04723796757070653,0.0016578255691821475,-0.04276667954080415,0.03081732055527109,-0.0025685582785361927,-0.018747574067299766,-0.06427220313588633,-0.013704179859936994,-0.020119883701177788,0.062068939208984375,-0.020286300310563776,0.011281748941031955,-0.0028654014462052846,-0.033274862499728775,-0.014138743759724681,-0.0020895304078912824,0.018202485563876936,0.007171282876101692,-0.023333232834352513,-0.05982264357864231,0.09648438918069879,0.001646187457148729,-0.02460448191916642,-0.0552561589807663,-0.049715032623323,0.03164535201340968,-0.007352866341288067,-0.004354025492130598,-0.028102712676079666,-0.036226865698851585,0.015316052641099587,-0.040278020689610505,0.028225854969255115,0.05599986838529514,0.084905641858811,0.015049247601957028,0.05165675851066909,-0.015263004852979156,-0.062088397049219535,-0.004360052766611777,-0.025869506438960133,-0.06716096358619472,-0.1345835031413245,-0.03715318149262892,0.0011468152454319203,-0.0775156752463988,0.04655171931853075,-0.01937022200919325,-0.0026384698195723866,0.046087513152547555,0.0067565962976710026,-0.014893686174160314
2020-04-01,-0.08573429576925273,-0.06997931928582235,-0.08987347890376096,-0.05499778223770024,-0.05391538080267755,-0.08070485719122023,-0.11230714578532786,-0.1928105009719583,-0.12196608602064818,-0.0463075870158548,-0.06666686599332694,-0.06931631790490744,-0.06922443888786112,-0.1184812665335665,-0.11031173399163718,-0.14280003872173674,-0.07663697283382398,-0.03582064063117707,-0.029332827026969932,-0.07267108451520632,-0.060789682697586334,-0.16516852283128558,-0.08218133093474245,-0.05208328482694813,-0.18457290016049588,-0.06496091787281966,-0.07993478610236737,-0.08982029724128682,-0.11362573174365664,-0.047666258218103885,-0.05322471204432988,-0.06109192774860206,-0.065235975006251,-0.05143777746892808,-0.09360263890329767,-0.0630445969814254,-0.07699908381001741,-0.1688311358571024,-0.09257009707270736,-0.0831641715850081,0.0,-0.06884078918396297,-0.0795305805825246,-0.03769649862646196,-0.09385476765243206,-0.09016625330719852,-0.06728446012943845,-0.0897230278619916,-0.07552541222320208,-0.05505338756025413,-0.06936936764943935,-0.0515928029317535,-0.11921096027280398,-0.15337415063459459,-0.14740744282796103,-0.032600249463890285,-0.06886168595339792,-0.07119364926387095,-0.01131387207356227,-0.09696072729705518,-0.08627488408505024,-0.03409078727537984,-0.19841892101963088,-0.12781186443041415,-0.06858188329417414,-0.04992902943477817,-0.1323975112207264,-0.044416643940958234,-0.11904780492483547,-0.07059374810513508,-0.2026961948875452,-0.06684781728105105,-0.17373047161615496,-0.07411273943646413,-0.10873151657071922,-0.03747452676857521,-0.03306866836781952,-0.18700474678933665,-0.13544846576134806,-0.10284092717021232
2020-04-02,0.011529561098394536,-0.011130899830393726,-0.016690102469198886,-0.0013854214368175244,0.017639244173230706,-0.026236120785715467,0.026677211389727562,0.0526316263635227,0.09556336181032021,-0.0038080458689768726,0.05714294867042469,0.010249391498697635,-0.005210325915134595,-0.0411669461321752,0.001347662735362798,0.0018664938116312868,0.018533709964397627,0.04102139150937156,0.009250748344956206,0.008830089849993783,0.0153667083360578,0.0,0.11520226621757157,-0.08241763244200817,-0.11148633460190549,-0.03578932975223148,0.03014185821246773,-0.10150374895277336,0.017767812772778724,0.018421855672692278,-0.005744663160230257,0.0004615993757799419,-0.0018366317063107651,0.013722426579191538,0.060921120459892286,0.007746917655919283,0.023101690080400195,-0.08281253154855173,-0.010738184515276195,0.04147988621014198,-0.054597664975765126,-0.07101135766915134,0.03965986951751188,0.008705054820130398,-0.05918613595021893,0.0654912691723728,-0.03240997060706707,0.015876543438341884,-0.014643729110475068,0.09130420412036089,-0.023717430600707967,0.03008285563407531,-0.028237619489539623,0.010869628331702463,0.027367460310713687,0.05369892359031647,0.007179956967583667,0.03692664406013346,-0.033693520049763115,0.0,0.021459238561795546,0.019607548638391314,-0.09171600332224761,-0.05861664896275898,0.046766374609853,0.016687816110966036,-0.008092437858065571,-0.018003248798557636,-0.07588363855722546,0.041247567242916894,-0.012681152107217875,0.009318594406872771,-0.005545237304496742,-0.015783578932248132,-0.060998139189211154,0.024741149779861527,-0.021887783609789713,-0.08693955459653557,0.09033196178838687,-0.024629676534085654
2020-04-03,-0.06496957405506121,-0.0207113508975445,-0.024987942738845526,-0.022201963371190736,-0.014666692773655843,-0.05388617110190874,-0.05708679312581755,-0.055128242905243985,-0.028660355749249855,-0.08824476492526134,0.0038610406324850466,-0.04294904343151118,-0.08836324464179646,-0.005686533808139993,-0.010766791878708104,-0.06427561026654793,-0.08544329655346261,-0.11486989710717754,-0.025970167709633896,-0.02407055177482542,-0.005811745150568037,-0.04172273888852274,-0.017258595162814916,0.014970117371185365,-0.1292778429116228,-0.028384288700074367,-0.033562852595844905,-0.11401674735821754,-0.05922671308169325,-0.021501600235894314,-0.05984287729080284,-0.034132889687433776,-0.030358646777288167,-0.01724877799300706,-0.058823534278442446,-0.030748919708924904,-0.027806884462532433,-0.032367983121751376,-0.07327011168456543,-0.026910716733703044,-0.11550166838829756,-0.05130890108194619,-0.05040847473638743,-0.00755124447890021,-0.019659252046868803,0.00046396466201392705,-0.06266860268249153,-0.014108997833397696,-0.11184985263566216,0.053386520238520196,-0.11799693900944808,0.003163792758258621,0.02404822236826787,-0.1648745416772749,-0.048203024770227976,0.0014300599404075687,-0.05827845862989811,-0.08723040680097427,-0.0532894192387402,0.07532049373484573,-0.1092437182611784,-0.0019230340820619585,0.060803519793401595,-0.12453294600457365,-0.00665415262248692,-0.015556015004393964,-0.043123238079329385,-0.023333358764648482,0.0067493031336809395,-0.030917935913456818,-0.08638153937205262,-0.03346787612960478,-0.07156137931083384,-0.10939284042897646,-0.07480317325746988,-0.010668165389834394,-0.05734282711541716,-0.022630259817205678,0.0,-0.07917226419035128
2020-04-06,0.09833399691992573,0.07816095461790584,0.15183745818666394,0.09153289761559669,0.1542622290889195,0.06352701418166995,0.10981247504629454,0.15061053920125578,0.049069948530999774,0.17819684685129134,0.12980773791915023,0.061484162567847944,0.16855860897082175,0.11266847526668644,0.06938737662039651,0.17023405816932047,0.05709344890005874,0.052499146944617436,0.023525926313593404,0.10201844483637545,0.09291856518531016,0.21910118605208417,0.08602690696507964,0.20796450249885878,0.07423587482517569,0.06516869671655212,0.06856638371779789,0.21310499345883027,0.136907203910277,0.07743266163480134,0.11632982411009118,0.07736352884258557,0.07874754476366919,0.07909346842582998,0.15104167994388895,0.08746885485194356,0.07612917166108057,0.3080986008606743,0.09663277343989685,0.04535382543075461,0.10652956952093207,0.15011018708227053,0.055953997235369535,0.06739118115660525,0.03342245980782321,0.04528581566210188,0.15619603437537588,0.11404668678999341,0.1677676524893379,0.0015126366285742598,0.06801559454924289,0.12493928498931517,0.03913917506999698,0.07725315593756465,0.10128835365277022,0.0563415994366383,0.11525377183794383,0.15133020463548763,0.054204331460044886,0.08941876337290156,0.06603787411997541,0.007707320591354261,0.12896614290394104,0.3385490137373186,0.06507168306213429,0.08858996986953671,0.07795349916115213,0.07986348851600322,0.1296089318007705,0.095712867767205,0.22005378822688004,0.059701478832825616,0.1256256399593938,0.3073954774495278,0.17021281344688965,0.11993934550291296,0.11869451499086625,0.04936658358436907,0.05695747521474459,0.16969079082377458
2020-04-07,0.03144646760608372,0.029850696495375084,0.0432408156218953,0.03055247894653257,0.028136342941259995,0.1338826570794609,-0.01166281152459081,0.002358544674920804,0.04463440509354211,-0.027319028866540807,0.056170170861337354,-0.00798945254041905,0.03532765618387512,-0.008352982602881642,0.0305342509757649,0.05529558184754024,0.07610477155631346,-0.00917815087503715,0.014097292760120617,0.014241637560349352,0.03571208554791583,0.03686632299233983,0.015936262815935187,0.023199089596134703,0.07317064793556005,0.016877759093604006,0.03500000635782885,0.14939181100485444,0.01245313493771083,0.0016188035403617018,0.0625244550122055,0.002216657745044648,-0.025065836852595225,0.0067944197844007626,0.025210075048977654,0.015419966631696314,-0.004996069539586534,0.23283984643917832,0.08544709463297795,-0.008465631717219924,0.08385079800294304,0.02591154544585672,0.004076121419473999,0.019348399924073778,0.1332471160759201,-0.0009610502116943476,0.04386847253539061,0.007509902758388032,-0.01168936082924621,0.010574253527986466,0.021052725501434555,0.0036660797859922045,0.06685477997932843,0.06374507603282309,-0.0024203543890944923,0.015116339158102399,-0.02087236835288986,0.013349315725602384,-0.01516150904570146,-0.005472226504885103,0.039823424512761774,-0.015296599973954494,0.0,0.06057382614952722,0.007187787678106794,-0.0021717531697097447,-0.02372878023195224,-0.004740822421739677,0.0979227811954182,-0.04504093683968469,0.035851948885898155,-0.002253491311894562,0.08937306577757709,0.019675337925793457,-0.009090943769975102,-0.0001688830671857655,0.07559694032133946,0.019150669263371167,-0.004286377907241734,0.07262484225894661
2020-04-08,0.029053144284745702,0.07287785741956654,0.09255530812483981,0.08200177919455953,0.05359184487906998,0.06630334577162778,0.039588655844046805,0.06823528514188881,0.005560668797515156,0.02870366885046649,0.039484390390133184,0.01543633109215703,0.041743237210128514,0.06129326180499506,0.05061769582014364,0.024989877716348197,0.07224341190735739,0.05275882264462073,0.039588951005216755,0.05917795017789662,0.035019071093681964,0.04666667514377165,0.06482125656748328,0.07398566552411623,0.1401516378965122,0.02074687266059816,0.033816431055874174,0.09356473352878947,0.03331742281706518,0.06011623376446451,0.01961500930819704,0.03494020433865441,0.03022081435759949,0.04560306842681494,0.052332938727191136,0.04986653435448485,0.02490445949794995,0.029476032997964863,0.08364073659910876,0.0725724642638268,0.01146138936477259,0.05332108690444093,0.03788894752982208,0.028971189338734327,0.030821860392099554,0.021238981842659932,0.05062087963655837,0.061004327937958625,0.051125542656994094,0.04260074651196999,0.04793823880513948,0.03760208684763344,0.11562211509046416,0.11235948907155113,-0.04609792163023285,0.00944292588230411,0.060832075478504555,0.0893428670384111,0.036144674458040704,0.03438815815400109,0.08510626648336506,0.054368893341370406,0.16863106576436215,0.13727463948624674,0.04817143381429445,0.029897016047753633,0.13541679514143046,0.043505901847923356,0.12072079942595648,0.05431154845542463,0.1432377494314021,0.05646512633357159,0.046938759940011066,0.2638688539070284,0.05504590848330948,0.06065226541866142,0.0850802549511076,0.12377454016768774,0.019065175275039925,0.13508618031385833
2020-04-09,0.08051584371017295,0.05596297844379494,0.046409371912855324,-0.03633893755894757,-0.006493668307914979,0.11584324660274326,0.05346065381398679,0.05396473295543469,0.10419069826760641,0.1080108431676492,-0.003100891216143542,0.08327843153937531,0.1659805390691096,0.08315018378618633,0.04112792543843713,0.042862807398966085,0.09574477060390607,0.07498104008667394,0.10872097022683103,0.027462113855954096,0.0328984640940293,0.10615711166675745,0.032712268772198794,0.10444439782036685,0.16999983333143276,0.09959338143682528,0.03193145191119595,0.11033683274826789,0.020339791529635054,0.030792931478852426,0.1292198460624474,0.11153846011250712,0.08975475064169736,0.0230787406785824,0.06770512579837096,0.04437061303276302,0.04546363311698132,0.09756098054302198,0.024971809322820837,0.11542271032121443,0.04249259083409518,0.05772631531974204,0.10951768485473701,0.020388158621342134,0.05204875757777705,0.00036211093117399784,0.0240906457493677,0.06766499976127283,0.045735031061836295,0.06666672081694447,0.07919332009348357,-0.04472975344019625,0.1162975336826575,-0.020201899169760895,0.05977096983995489,0.018109586439286618,0.05538310122437706,-0.02635661364605857,0.10529719072319699,0.0957447091276813,0.09803858206074167,0.04972404101272487,0.0791310688069713,0.09427309769708248,0.04425522621038458,-0.005338729197964742,0.05504587155963292,-0.014911797606979804,0.06270066685965081,0.05603261299101847,0.054494293928042614,0.05558546769536332,0.10643273227435457,0.01412209622559013,0.20173910389775807,-0.025963706720128377,0.10454531799532685,0.14503815841227063,0.10863018754076759,0.02287513922582196
2020-04-13,-0.05741938552114756,-0.06359648144378482,-0.05526275725461671,0.00584769409035224,-0.020697129504125278,-0.012977221951513629,-0.055266113695398245,-0.07001045952554252,-0.04586166824819382,-0.08015178156619207,0.033437157386075,-0.03935332356741639,-0.08020935575362209,-0.017472692105837684,-0.012528726779584276,-0.04751132042775841,-0.08025884094509317,-0.062277709767650125,-0.07131620743556344,-0.02854007710320683,-0.01841613266737141,-0.016314786473054288,-0.06167398237124855,-0.06338019993581412,-0.11111096949237531,-0.12199655632158002,0.04830191270360418,-0.0763598504447155,-0.04270024049572663,-0.06684429901534017,-0.062038013283454374,-0.06151470800134484,-0.0831660611657814,-0.02121979578508726,-0.02525240571477627,-0.030132929630450778,-0.05810681105493931,-0.07632849591652335,-0.0343300873001664,-0.04281902002350757,-0.04891274397491974,-0.041981556530043096,-0.08578157103023187,-0.007611649859641023,-0.049473712318821916,-0.02796118883356491,-0.05281845740538549,-0.029090914375338173,-0.032280430887028144,-0.0625000475930153,-0.04375568085924075,0.000867109882519479,-0.002834872163895552,-0.05498294060440667,-0.03559971816758534,-0.015784798556889523,-0.020123760868507867,-0.06735661198400822,-0.07656350608514428,-0.03155340137954232,0.16428584627920606,0.1105260126665657,0.012221429055268684,0.06964571383290008,-0.00163013683799218,0.004137464305678851,-0.12850256239264324,-0.054062346320549404,-0.03176970410505353,-0.007702195066831008,-0.07022957226517212,-0.05012690256506713,-0.055673008119404566,-0.016936351552856,-0.052098359569728636,-0.003107220478099082,-0.059670826539339084,-0.08222222706628224,-0.03756140113542539,-0.019108096974017053
2020-04-14,0.0010267393628613508,-0.01170964615855008,0.003353568994019618,0.05192486343184677,0.015572907228023736,0.01933500569443014,-0.013613176626428136,-0.008988755857864406,-0.05773494552207725,0.0005888847844237599,0.0045147993291285715,-0.04172009954517408,0.004798936838041001,0.006539837734756082,0.03344910891656849,-0.039588360868389794,-0.024630546882230875,-0.0007587819146388508,0.00028262730529560187,0.029665579484382754,0.03393490716402492,0.017561005383003092,-0.015202332039679356,0.015037527748489765,-0.006410329402367521,0.050526695436142965,0.007919341537678593,-0.010570052437327337,0.0021296771453498398,-0.02713047270142188,-0.021247602219781614,-0.015567485016894311,0.0013148868859989005,0.026171676741570282,-0.012665564085040493,0.017367891474798336,0.03502486014587314,0.09518826437965733,-0.036697145407461496,-0.06244155956630426,0.03999981441054623,0.002629179207703336,-0.015423962490207388,0.016299073611701465,0.02325581886566397,0.018854139955627014,0.004686261703457983,0.06349208833007425,0.017216716297412837,0.005018106253035448,-0.011916054936719656,0.03140552238252603,-0.06823015172415114,-0.029090849256407147,-0.018249403432475497,-0.001915173114503288,0.017219452365342613,0.08570950250147602,-0.019620183721466566,-0.017544083874034833,-0.0416531464077764,0.06635090470594451,0.06960230832534653,0.038389178377084,-0.01142860382047739,0.040868290906744154,0.03547706158314301,0.010124084175242132,0.04453113822214405,-0.003880989672928825,0.03610435739997597,-0.013326147486273698,0.012313430339569331,-0.027182272932963936,-0.03206107359264243,0.03854982536664808,0.013129050956140809,0.06883430583263395,0.006222080246574668,0.07474740495794752
2020-04-15,-0.06495727187344336,-0.039494471250108854,-0.03416249499312474,-0.04002295182356708,-0.053668994608934484,-0.07738984599414678,-0.046251131672249035,-0.029478376893832925,-0.044268594770860537,-0.0653133611534128,-0.032958938014597594,-0.061955669155578486,-0.05103534679453514,0.008662767992430487,-0.012277031581295117,-0.009068396297563286,-0.05339114703148251,-0.05962800192302853,-0.06407031514997508,-0.009293575440548651,-0.07253338566282819,-0.01246405662868555,-0.02542562885999955,-0.02645502698898372,-0.11290299167265494,-0.02204411484834079,-0.055000032697405166,-0.03052267321651614,-0.04096804859897474,-0.06791336852605523,-0.08753488142501209,-0.08322898868167783,-0.052954236842592706,-0.031023699628841106,-0.08279886904667999,-0.04324726135795809,-0.018650220366575154,-0.06876793205976983,-0.07976213640884555,-0.0725649612393825,-0.038461366873625336,-0.014859910362733597,-0.06788537490669688,-0.03207573375108197,-0.005411276187598069,-0.04505569876465565,-0.048974002758269686,-0.07261448521707281,-0.06981674887190414,-0.062054292280006695,-0.07139430681722803,-0.024989263291503416,-0.11975603420204373,-0.04868921196836362,-0.08111569315534539,-0.05396338548490398,-0.042708621715027095,-0.05897162694041447,-0.06520353456308348,-0.09183658460482647,-0.04248378555715859,-0.04000005366553494,-0.07636125764688784,-0.042044213156820276,-0.06358378956955901,-0.01893646063663945,-0.031049292000569384,-0.04978987715268923,-0.04786865747504454,-0.051082263449759524,-0.030261084166293473,-0.0750946165554397,-0.001842950188249648,-0.10586385478989213,-0.06466881930308976,-0.0349076563328089,-0.08855307762500719,0.031067993646368475,-0.11410913906625986,-0.03531156610184927
2020-04-16,-0.03144421015699295,-0.014391463234442958,-0.018070296464889668,0.03692692555530219,0.06134245289980256,-0.023026240615386717,-0.03128690448698168,-0.12149537239587593,-0.07423308529802075,-0.026439922925163173,-0.024786958779419166,-0.03855811319057989,0.02541602784398367,0.002408762908908013,0.004520201625901388,-0.011647285106726524,-0.05030497583318294,-0.04644586605739809,0.016586492806147435,0.006566383694311728,0.019083748142397994,0.0009708959899661362,0.007686885954147904,-0.011956484669322198,-0.08363663019002221,-0.06352459082270534,-0.051398289873751724,-0.04525775778969143,0.008001894246245866,-0.010207704321411382,-0.022640046201787833,-0.06218825487312818,-0.032809612411292655,-0.0025536958534445597,-0.061029928678295264,-0.00753384997560802,-0.0033308927483503004,-0.08615386180388618,-0.07115117532956317,-0.031082318595410552,-0.017142962577397225,-0.02395745876875166,-0.043417226465906955,-0.0019491060672277571,-0.05005441340050498,-0.004442340894258878,-0.026974315787367753,0.0101266072516637,-0.04814251816399906,-0.060076174654310255,-0.03792195521138131,-0.019384120475309463,-0.07105735820309145,0.055118090510077655,-0.049195590113810916,-0.01178828730245518,-0.011518380171508635,-0.01169766106087522,-0.04765187370710522,-0.0856742550664894,-0.05460766282662355,-0.023148271079911797,-0.03810206605212829,-0.07604995102812084,-0.053791843378323656,0.017884396548197845,-0.023204381095695226,0.005444023502377604,-0.00628414678108935,-0.01642338545157651,-0.05673766809644265,-0.02336432064752436,-0.0686853993940858,-0.023767562698001843,-0.06239458621750804,0.045171984974814006,-0.03199031584736678,-0.11456376195714801,-0.010787033910885868,0.0061239550019254185
2020-04-17,0.024915024470241853,0.0851064236114012,0.058731419351299996,0.018571502321986788,0.029443678569344156,0.023568944809623904,0.06378687239735892,0.0757978953599876,0.10536789025723059,0.0769477030484671,0.03494834229768928,0.052729599906680136,0.049502158184711265,0.048970175069597,0.032620591620843076,0.03872062935959408,0.0906903402158119,0.06522674160817221,0.06348230742514183,0.040075219070270895,0.07091898620028325,0.07953439975269228,0.02496536923158188,0.04180419230606214,0.09127015870065347,0.06564547065499449,0.0756971948069356,0.11582850121316324,0.06191988110518132,0.0689899725598011,0.09972525866097182,0.13117146942645186,0.07548996387446505,0.03977957679112665,0.12593094981597774,0.04934065850813529,0.03951253858426784,0.04826041667112646,0.12256279752698562,0.11172591220499228,0.03197688939301169,0.03363640086066311,0.0966323734241259,0.02734376401093419,0.02863688580858259,0.0393137708321476,0.055443986782232724,0.02935910081863713,0.07925131734192559,0.06796142477896905,0.09503226174394497,0.0037338027560904763,-0.01958931006657738,0.10447748856332528,0.009188250957270494,0.02616692089881667,0.02806501327900479,0.11954683283380807,0.06961560601215222,0.10138263178546247,0.05415143549046131,0.14849924646088164,0.051569474923889524,0.11343163182266691,0.0885369595238712,0.013713399744737842,0.035067634229169586,0.04839256656840529,0.04031617870621873,0.05287575720017501,0.1248119080474761,0.07117212582448484,0.021015095205211276,0.05410274297024231,0.1276978499017809,-0.0004696167276548868,0.07711158521250927,0.03084015836470777,0.16164213950544126,0.08535066302329408
2020-04-20,-0.016574504000151258,-0.008458258801174567,0.010355098720442601,-0.048308084955344666,-0.02224556094251673,-0.037829204268656214,-0.02087278019262684,0.0,0.0032973568321283953,-0.008705974999364985,-0.003837420581502271,-0.022575095269219525,-0.015533117731227564,-0.05682828122075567,-0.013072150994607012,-0.012560633183235415,-0.009565969875944158,-0.0015906759704269469,-0.045467080976307916,-0.004480995716759528,-0.050205731056850444,-0.061994656510592216,-0.03315293675336917,-0.047518457927807733,-0.09454565185083885,-0.024640942402170296,-0.06370367827238865,-0.02696710566922922,-0.03542259125659952,-0.02561540898140613,-0.00035721163187729665,-0.020967010713989098,-0.024433691649872302,-0.01628799474364051,0.003006726647748037,-0.018656047279531185,-0.04519659111246055,-0.025695906552171244,0.00992533816042629,-0.001990458709794418,-0.04507048546488279,-0.05013193137378835,0.03204291320622188,-0.0133078944469186,-0.03897543938050674,-0.029609525348401444,-0.028653352983403102,-0.03739133088485058,-0.07343175409515612,-0.028788165750475603,-0.04881634285447789,-0.05032807824346275,0.039961984780037874,0.02702721424249188,0.03497804038446928,-0.008374480463091416,-0.06928478365371682,-0.06736161416133735,-0.0027117007934516213,-0.025104628231584325,-0.0034242666362287455,-0.020632537374415172,-0.014214627832487392,-0.029790414026525158,0.021404074179766752,-0.01543014137872012,-0.07759582388954933,-0.016139445041576828,-0.06458968217905803,-0.009251144703225855,-0.05303000625402332,-0.013400292298673122,-0.028349496785876838,-0.0260906212531673,0.003189789631157014,-0.021306659595846877,-0.044318358028089255,-0.0443603511541657,0.018774344831927303,-0.06589329184141846
2020-04-21,-0.05280898471235829,-0.06708031749403243,-0.015373347615373234,-0.045427772507734554,-0.04875438668850418,-0.041025427961698724,-0.007364243056599329,-0.050679890793093985,0.001792658835696237,-0.017262269903312033,-0.01771939141479406,0.010826749456390061,-0.13813576952067286,-0.05076885800208297,-0.02428224452980965,-0.020106963434262992,-0.01931647514945789,-0.013142146760433904,-0.02191683514166387,-0.033303286966098855,-0.01758553665197682,-0.04693484586329588,-0.024492635017996367,0.0033259125774622866,0.016064440388877888,-0.006315809406293171,0.016613926617328634,-0.05163252097467974,-0.051746796532232464,0.011949606443241612,-0.022856771267586118,-0.010489568823996986,0.0009108451430270836,-0.031959787934103256,-0.025179927963651427,-0.0257999525513386,-0.029312822621603285,-0.03736265256430438,-0.04176906944639747,-0.04486531111693037,-0.0029499264467924835,-0.022222268793971045,-0.007762031898364663,-0.034682137171446414,-0.03476247818732481,-0.01685891376309334,-0.020157261170408725,-0.060523912673410174,0.002389369490854776,-0.01248043278399158,-0.017107496342078643,-0.04585288226839024,0.051235098855304306,-0.009868477921360252,-0.008796565960655145,-0.061767533953199005,0.01389368108848843,-0.04777304212848088,-0.006798264185696956,-0.01716735113515988,-0.02405536057471025,0.0070222611146584235,-0.021629429935843936,0.023881769831600286,-0.010897066511179831,-0.044654204805539166,-0.021327020256719287,-0.035433068895210806,-0.019496212280011194,-0.05602491070275328,-0.03294143051326237,-0.003961431364437162,-0.02917663984333818,-0.06016692190123707,-0.06359302031690184,-0.024651913081040977,-0.027348624115091424,0.0032385117766935423,-0.049864814375355615,-0.03943265978264965
2020-04-22,-0.015421159379184757,0.01870327402028593,-0.024535121501151336,0.07821268917838209,0.04214135857149515,-0.005347811201668828,-0.004685768027682724,-0.007812492724042275,-0.016403258156546863,-0.025885865805168606,0.018823353121486086,-0.003570233657714028,0.0020078523891178257,0.10136431477849306,0.010180754502074452,0.013400239230311861,0.015151364568650294,-0.010088614415046937,0.029578723697762044,0.017690974198996123,0.036430490034573104,-0.019095435580448905,0.028455251922353764,0.04309385430154,-0.01976317187669674,-0.0148302601300484,-0.006225674811762505,-0.10008006588522889,0.030428746461584,0.030026762489262504,-0.013888930392447651,-0.0075089679300403,-0.004094735372406344,0.02247410794850535,0.014760377643505684,0.014535814480889142,-0.018771577055079702,-0.06278540826077894,0.030769187072223314,-0.010438362865136108,-0.023668675415627782,0.005681616024094893,0.014341514762071794,0.024950082322167333,-0.05642254435730476,0.020872098502294323,0.01103844068073423,0.11538461538461542,0.0139056099901389,0.05055313827985075,-0.023734162881154708,0.06037199504711288,0.0008700724871157917,0.013289009491802783,0.01821585761174327,0.023377587023129642,0.0013533597940800224,-0.03401397761130742,-0.009582399274435827,-0.0029113520348690303,0.010563590720128468,0.006973819101930179,-0.02137066826638445,-0.055905228289009457,0.010169630296442689,0.046965950232330744,0.006053520382607758,0.019047601129539737,-0.0074567911418033095,0.01742820759356567,-0.02871049476634502,-0.039204465860335214,-0.03705234631356402,0.07663557599211313,-0.0016977508100767258,0.030362805507146984,-0.041564618454641655,-0.07173601363713267,-0.004563250125449558,-0.0052555503995208586
2020-04-23,-0.025702842884949506,-0.011015930446443334,0.04878003748460524,-0.023220277264303868,0.00218595895206386,0.017025308715201914,0.019223373813126,0.0564304870910417,0.03972147363015277,0.03005373651791632,0.04464963660715027,0.012898498605256936,0.04463479177846752,-0.02256635554210451,-0.015677602442724314,0.015702777680884905,0.022388130904727133,0.015083455194954132,0.06035974759268736,-0.009149163323878717,0.010028467993537848,-0.035860693981748515,0.01581028439229981,-0.013771098150972882,0.056451523049237284,0.060214929936007744,0.049334309959526035,0.037811405639609275,0.010616263318856678,0.01670491483101455,0.09451423291375072,0.009791025310124324,-0.017816130030840704,0.0033067118414344954,0.021818087303424605,0.011187619558344464,0.02224961901139344,0.035322772290568905,-0.014925276028511347,0.06540096858015665,0.06969712228404545,0.01789099167491104,0.020565757097673165,0.003895011518238789,0.019083981274738537,0.003876335595710545,0.01588083694276632,-0.03258619637324889,0.01959251809007112,0.020300434975021542,0.07077225985981928,-0.0031881000383426894,0.0817390726938807,0.01967224616718899,0.057339507791929645,-0.007351843812914538,-0.02939683903246082,0.034331056361208256,0.04284720415222876,-0.04233558292307005,0.04529612590477794,0.06925166380494274,0.022590376262586087,-0.028627433028875604,-0.005872541442630608,-0.008370769740933981,0.016847068168732715,0.02336451216055746,-0.01919851344868051,0.027777794947839718,-0.03256482583587872,0.005322049031554199,0.06028216691771804,0.28906248189095063,-0.0017007191644904385,-0.025167443896765285,0.0459181889835818,-0.006182374520887324,0.04928346951459206,0.0859632697542676
2020-04-24,-0.02555649609655275,-0.004125428317407698,-0.023619044427431568,0.016502852075392482,0.026172059529717684,0.026431638201979135,0.0050036079719575355,-0.008695673292274386,0.04170247924856385,0.017813091232482536,-0.011053818456251308,0.011319405019792894,0.022228923047538318,0.0026030952138313967,0.009101276926668955,-0.010170992189318162,-0.005877726411352202,0.002409614818075001,0.01915704871660573,0.0009232619409635934,0.003810929645851502,0.019128619351177045,-0.012130894849075813,-0.015037630183964867,0.003817240136586575,0.026369177823983403,-0.010447715942830227,0.016288005229716074,0.004588230558055795,0.023195986708251848,0.028445724715568277,0.017628690877213415,0.024651171250069437,0.014540686343197162,0.015421154798341163,0.015333778123344466,0.01891820256273813,0.04117651546702672,0.0303030632674961,0.013861435934925836,-0.02549585405521182,0.026826999339199853,-0.022670215241948455,-0.011639400927245247,-0.007490688876681251,0.025817206139253646,0.042012820721737176,0.0356442697958379,0.054957649660573704,0.009580332141662096,-0.0005044306500706641,0.008910050544156833,0.10128639134422701,0.009646281782855093,-0.012581089457575856,0.02354166793309842,-0.011314228967717943,0.009702245801740839,0.02253156931802658,0.019816840693373416,0.053333671782764824,-0.011657723513098683,0.03829163922570644,0.0012110932072055824,0.005907231906814525,0.01807349835537786,0.0035503734909148044,0.007175450569125275,-0.009361776335453653,0.009459417894400524,0.07405452264835355,0.014117672111997104,0.03911295365096534,-0.04175089719237002,0.015332223908436804,0.013072058151717636,-0.007316571891027301,-0.006220834046796964,0.0043691829531009585,0.0073634437421565835
2020-04-27,0.04272418637122799,0.10314829470069964,0.08224822391218956,-0.013722397500877781,0.0828905580409649,0.05236050396859304,0.0857909811164026,0.05889721667522241,0.040593552544777145,0.07513599494664724,0.013413112657731041,0.06960470842867661,0.07277944980550077,0.06806621839510463,0.012401606250960429,0.05425391421586512,0.0827786966621884,0.062099424117954216,0.03168597478309909,0.011070083267924247,0.06139494481946284,0.07299267967959722,0.060009271588150614,0.06543079350902437,0.06083628313625278,0.06324116064009666,0.057315250057572875,0.043863389105250006,0.05036060811411813,0.0673801347812053,0.05762253728541511,0.07925520643122197,0.054016889995735395,0.02675302857589479,0.07184543523923836,0.04129223703106133,0.03813121110330253,0.10960443746256687,0.09191179575977704,0.08105457167062635,0.03197688939301169,0.04234216112073952,0.12242278054659983,0.02158974812861625,0.02138365790849739,0.0467200226965776,0.06751065359514885,0.08690413326481616,0.12313291504298118,0.014598269576290512,0.08228137091065046,0.02536226817783649,0.17153270078986127,0.047770675299522836,0.07117724483955135,0.03256238097629405,0.030281640678338828,0.0871544531608468,0.028515968243668643,0.09267586567753616,-0.0031647881614843554,0.055046017653774815,0.0936169971001537,0.07137098839578293,0.047818699160771194,0.013607063570335365,0.06839621798609019,0.014248722345065357,0.033505101718525276,0.04016062582143243,0.047251806894506254,0.04466371128785429,0.05199845280500148,0.1303583697758015,0.06208051731390918,0.028225609782994265,0.06511028047225298,-0.021909212740342965,0.0810224252489895,0.08040725185427444
2020-04-28,0.00405683854165062,-0.010138886929175084,0.0371384317789929,-0.011953926574065799,-0.060843684577668644,0.003262642086170553,0.016931055350210222,0.04615388782555141,0.033360366670071695,0.03732788531308273,0.04411748096226731,0.047089776947612405,0.014919763136029829,0.026527192712189063,0.0022273819930069827,0.04288493341633948,0.018430115848919515,0.018106291298344956,-0.00728757942657543,0.010036634776033448,0.02682713712663376,0.07094271123584983,0.008087408347208003,0.020470808586933842,0.11469523468434217,0.06505582640063667,0.019971449631168925,0.06303028145221745,0.02780638885624742,0.0557526418981098,0.052304277747924566,0.01926148538445327,0.0038761747259807855,0.008003035760757227,0.012534090996886516,0.015788641087555844,-0.005384745392891244,0.13034630615316134,0.02581376216890252,0.009033487711777477,-0.06197189091893596,0.01037157701767688,0.022962133177997668,0.020172922242814417,0.11083751045430246,0.0076858066652005785,0.05357915987689199,0.06158966456212056,0.061952721995638615,0.0453238579255002,0.05503778492153044,0.0006626052998239818,0.033021850276064635,0.0030395073635578473,-0.022559273104010513,0.0027529888682256143,0.03810658604540884,0.04853470426861084,-0.01890359747878445,0.07387134189019884,-0.18095236392776315,0.006210898880217641,0.03177689809946682,0.07564923793632494,0.015212275857090063,-0.013214563912055222,0.15231785578323365,0.014048548478444944,0.03408176622248571,0.04676105437842071,0.003223014726742246,0.012215340672198538,0.0796753891103692,-0.004351861909136945,0.05529224468420724,-0.008784227233696762,0.044982997639376965,0.11360000610351562,0.013643131534652353,-0.007369791328332931
2020-04-29,0.03353534623320997,0.0644916091133636,0.06034514291509274,0.07774705370431989,0.09926812304925847,0.05772369898564933,0.052722845157676,0.08936650997927376,0.08305132735909537,0.10416668226091086,0.04295783767053085,0.10337278246327797,0.13287826311244633,0.048800713725668965,0.021111012384819494,0.08747673285817004,0.09450394762088621,0.053353132685326043,0.08390151605385077,0.027100167471744374,0.05857812036411558,0.09709615702151764,0.02428453539724007,0.17953860721274295,0.03536975886674609,0.09424074786607162,0.1034964701046115,0.09920184961349543,0.06245825684048434,0.03744023927879003,0.0772186096774794,0.1318899088397183,0.07850715953774223,0.03822023426486232,0.059741626929949776,0.05241281280215948,0.03441622552258883,0.013513478682458668,0.054704428849089215,0.07967779381787254,0.10810809584764325,0.07527825969691704,0.05050504018120838,0.04143117529070017,0.12305982265464843,0.09390486292979627,0.05460598058205646,0.0738254544809065,0.080329775036877,0.12663470304743774,0.054376696538297686,0.09975728322821942,-0.0018094112296671572,0.05151518765650609,0.007133866935430611,0.02383666760070291,-0.01580230626269241,0.12747694647466767,0.03339741357917814,0.11974526908955707,0.05038733949281027,0.10370371405585233,0.16970463789027823,0.09832048542490002,0.06466872953163949,0.038792687596196807,0.29789275860690156,0.03463477246670199,0.06430890812325218,0.08811473984194174,0.12345113246632367,0.06801963695629643,0.0864365814735002,-0.010614994011770684,0.13323358775356509,0.0653584814014112,0.09712986700634363,0.12104881154504965,0.006480434927297329,0.08361748218845011
2020-04-30,-0.06059419390590581,-0.023521021381813667,-0.09881199859787415,-0.08575651946964691,-0.06083647822908522,-0.013066867520589831,-0.06095525389643042,-0.06749746256283684,-0.07427900379190844,-0.05831903605963562,-0.058068887565708494,-0.07302579618279004,-0.07057841746476068,-0.043879784797909216,-0.017410270527477456,-0.0690958208918806,-0.08511931251750016,-0.05065075617073678,0.019109709377894246,-0.000879868350730284,-0.03948913281576649,-0.060380519991506065,-0.01820492336569013,-0.041666646392978346,-0.03416147570840755,-0.006379298668309885,-0.05449934545184676,-0.10165976923587805,-0.03845748881074107,-0.055211214983372336,-0.03680297891856532,-0.07513048526782151,-0.062450513040044675,-0.022052280815118896,-0.05078712126730467,-0.03228600746153676,-0.03551410721321702,0.007111104329427187,-0.04149363077472479,-0.056384855177656346,0.024390139061240657,-0.02068424335931307,-0.05128186061768092,-0.027124686050895463,-0.03849953987332988,-0.07093905603449524,0.03359682267593844,-0.01472218831380212,-0.05739317473180572,-0.02993289466489213,-0.0549267675211228,-0.03893250695943207,0.012084839416966364,-0.04899138715372908,-0.022916655687256537,-0.03510494796783159,-0.03512310638634708,-0.08132208888128689,0.04723463088616375,-0.06264232705018591,-0.014759748540182693,0.007990908823850118,-0.042450343343240715,-0.058298819983715555,-0.03703720269611133,-0.018518578227295746,-0.07527666139513922,-0.0398661396518154,-0.03172215789733901,-0.023728782631646905,-0.03513085260590987,-0.039547904504712905,-0.02672951240610355,-0.056484723425725636,-0.07926028637566662,-0.071004290793383,-0.07042263574383778,-0.05222682501062759,-0.04804359157901561,-0.03931287264817496
2020-05-01,-0.03828546658776866,-0.03357664558767948,-0.013879330423599234,-0.056159419556088386,-0.01518225762865022,-0.0350467816271961,-0.028421133026559464,-0.017817355853925076,-0.025188132023069576,-0.033047226392427964,-0.017921074357846623,-0.003969350905519864,-0.03135738133190513,-0.03767947126464999,-0.027685662671876332,-0.03145805606099594,-0.04350741350358045,-0.09929593629230593,-0.0367906955862497,-0.028168542000842733,-0.04516976620158175,-0.03169011158073787,-0.030401030938773332,-0.023070116976146804,-0.04501591827423301,-0.08186218044252558,-0.05160860950578061,-0.09314858040546503,-0.011660850805513934,-0.05530231135212127,-0.026584446119620186,-0.049642641076695915,-0.028849780461354557,-0.03709760070782575,-0.049223922481187565,-0.04436535000771813,-0.0594959577831895,-0.11297438142898963,-0.07251096746315377,-0.04657286210191647,-0.047618947710843296,-0.07067431474616137,-0.03941464299362507,-0.0343866226520021,-0.07392190249218411,0.003097652907413373,-0.0512427375186556,-0.028756707715259955,-0.07588487383138676,-0.031486312020913565,-0.04436537403570262,-0.05909357985036623,-0.0388062392476779,-0.04848481948519878,-0.012793503759374047,-0.046614553661283975,-0.02808092557053543,-0.04911469341604491,-0.0575540669502721,-0.038882368587168537,-0.0561800664037444,-0.0645526449738939,-0.127946115152483,-0.05209739634647237,0.0,-0.044094663075160634,-0.0917800028853073,-0.03930268783213109,-0.04914207192092124,-0.022762351498891276,-0.049957802684791,-0.0470588399040337,-0.1205170067088136,-0.008695659939764733,0.08034439547684702,-0.07499196308303258,-0.0238096264908102,-0.10006758255940529,0.040582784541185246,-0.05495136402184797
2020-05-04,0.029857131548961968,0.003776449516557756,-0.02287087602459803,0.014715449638595945,0.0,0.0016140060927984923,0.009389662633774387,-0.10430834821872659,-0.01624914931411081,-0.029870882825458356,0.01970804938834192,-0.024831614057849838,0.013386377429853491,-0.028059273293941533,0.0011387805437277354,-0.044707811155727306,-0.025892067692650178,-0.006581623047486551,-0.016756970197799315,-0.009057869225217452,-0.01024479689425517,0.0027272484519265117,-0.024238383878141367,-0.10626703469312915,-0.01346798900430557,-0.020978808723572828,-0.0014133925532524572,-0.014006788250699787,-0.011136863039374334,0.005129811060824441,-0.003838164557810053,0.0007914210337585104,-0.0074272985604486585,0.00472130774260493,-0.007315851958877517,0.005942202206627778,-0.029878527800145327,-0.005970190893330951,-0.01633580505637222,-0.0055300369449424736,-0.005555799747832713,-0.02884602258124702,-0.021101943886458252,0.005774744602397464,-0.04434595919119966,-0.03713353770551453,-0.007658049117018617,0.026995654124230217,-0.008763305371432217,-0.06111825816071914,-0.0023215832995127084,-0.013315764933140128,-0.034782475535104274,-0.019108315153487543,0.013823169364544752,-0.0067576543082653595,0.003923745363571651,-0.03228249626636748,0.017811498403420778,-0.03666239515377445,0.0,0.014527765699357431,0.0045044848774806745,0.009279094383804587,-0.01769206628043385,0.008288103701587612,-0.01405946180637585,-0.011217425225293343,0.006562835703504577,-0.008290528428944843,0.02317276339018992,-0.00617265918816412,-0.03857455046096947,-0.003373767752371082,-0.06905710045654145,0.012619000649491952,-0.00886921878315039,-0.051089427778948426,-0.0564997675923099,-0.004701206531658952
2020-05-05,-0.002520951107859104,0.01918736758260775,0.007922014728122484,0.026691586008820156,-0.00102745964520512,0.02336851408551177,-0.043649563057973295,-0.030379777855453316,-0.028973909431334377,-0.030235526532635726,-0.02648533150044141,-0.040238796362520146,0.0004578035904854172,-0.04621267870302026,0.030716751488135463,0.0319999692705033,0.020114768338512334,-0.046377118122759686,-0.03408541397038789,0.019195779965541337,0.005247221792948897,-0.04805074757952177,0.04968095378556958,-0.04166665051364671,0.02730379380977377,-0.07142861144957013,0.0,0.006887638853423139,-0.009478127466866604,-0.026118291894743906,-0.013930241254652809,-0.04705415716335992,-0.05457737120050199,0.0063909043738721305,-0.015306075634992644,0.006830652514577373,0.009133390727022128,-0.017017025043927214,-0.01779380135901787,-0.041705354526192284,-0.002793050339676806,-0.012601321463623028,-0.028742524579331907,0.009569411624117174,-0.03828305430245971,-0.000997868979238814,0.014621977141364928,-0.010457963126391245,-0.014079971945483383,0.022853141134327126,0.012563936830302769,0.021367559683917348,0.0141571542274197,-0.01623365617665007,-0.0639114873512614,-0.025213380672406638,0.015455355753065003,0.012567938283735591,-0.03937494679564724,-0.05643041233823509,-0.03174570240070551,-0.01670644222924933,0.007687372722506858,-0.037482367310958886,0.014095450261520481,0.019792318817242638,-0.059714870726217284,-0.002335658873139468,-0.002445226510530807,-0.006767518734650424,-0.062281856596607676,-0.0400905810558696,-0.051203674003873156,-0.041299972338925905,-0.014265389187537503,0.014680728828957879,-0.02125256500504169,-0.0451306167584663,-0.04981442045185025,-0.009695327615258265
2020-05-06,-0.01347933424759229,-0.028792937698488563,-0.018220722174391413,0.03377729379779271,0.003086286198771271,0.039370001487794015,-0.014589924708729218,-0.0678851163557389,-0.036252170411937845,-0.04090424661645453,-0.049264670177655234,-0.026858792626793915,-0.016242895098546817,-0.03728884692959833,0.0033118428163443348,-0.03372080967970492,-0.04366192341101249,-0.01867104538639619,-0.022833540270306485,-0.006278213284991341,-0.0027048973325513037,-0.03333336966378353,-0.011941012491518133,-0.018027579087207313,-0.00996671495945356,-0.09038463221001236,-0.04600145555131929,-0.03548524777103601,-0.0069796547765608175,-0.03298405000070048,-0.02524775010457736,-0.05767636475426363,-0.020018478808535134,-0.009899087021643549,-0.03396661947276325,-0.00788418690588677,-0.023363490720488933,-0.042769866532207046,-0.006038644560347972,-0.04642149467572576,0.0,-0.04010930695782178,-0.037594107381669684,0.01042651855995147,-0.0325693010050393,-0.003852899476560756,-0.03923122276365565,0.02285070237394904,-0.009631304749246672,-0.012863660624262807,-0.04319831864047052,0.014754443601692868,-0.04571448363171948,-0.03960395192484867,-0.0487026388670434,-0.013685566897950197,-0.051959120417032434,0.10327926058629755,-0.004554294086767108,-0.05006938169372788,0.02458954331209151,-0.05461171539616039,0.0019072274328395533,-0.03343129575193082,-0.013899530125971449,0.00721167308418913,-0.029383970139074234,0.006688988812411312,-0.04983656665730962,-0.04609224411676616,-0.0557365459806789,-0.031176378030677188,-0.0330245548668463,0.019067829143587067,-0.052098359569728636,0.017833003788765733,-0.033142885959170476,-0.05016587685408003,-0.0211937422424745,-0.005271823179489932
2020-05-07,0.0550810698637203,0.021284735258771947,0.03311500087672137,0.01485108668626034,0.003076790343198521,0.003030178074661327,-0.00227804487373362,0.11904760791696622,0.00028943540451464855,0.0077547954365355665,0.08430007908319004,0.012117196756583626,0.04581235699796493,0.0407653726207311,0.01760143895815869,0.019253762233322202,0.009572831195080678,0.018583999010924,0.010090620056029787,0.014440616775351023,0.015368402328252095,0.06600986221425709,0.03911234145556808,0.009719238700143906,-0.05704726642554181,0.05708250175013907,0.048219628655622016,0.06648936327611477,0.020292494434935637,-0.0035062700299878236,0.015726163766540013,0.010127917871876502,0.004807658392538938,0.01867584558824098,0.03277706631192645,0.019219983368496063,-0.004956976514787437,0.039361793005184165,0.002430192350846294,0.021297944455638707,0.011204551130880258,0.049382786371400256,0.005208506521717116,0.011257055938051819,0.019950104523650314,0.01045790834197291,0.05000001770535745,0.058084276363887355,0.05097243270420515,0.06241393874112777,0.040825986640688816,0.011067711867166707,0.030605592835455386,0.013745755398200554,-0.001913856039111539,0.02594717290319193,0.030448434942889957,0.010555661582834164,-0.010457328874956762,-0.010248728072088764,-0.02799970354680925,0.015404282682199621,0.15355330210332374,0.04370960250375222,0.02270948539210038,0.012951309286382218,0.07324187936014992,-0.021926904951749426,-0.007738447959384165,0.06092440375718833,0.07968562772334642,0.010321697811650266,0.0024989365002257014,0.05959803454534773,0.016793840225049594,0.031901095985879646,0.014184457456679844,-0.006983843233424714,0.044444386668594404,0.004416386288700336
2020-05-08,0.050182161124743496,0.00483807803149694,0.07115181742277565,0.049951647461108806,0.035787491073086874,0.02492440629891579,0.04680370247974586,0.09887359004798446,0.04570444846157584,0.06806740927389576,0.07061342470227494,0.04256720392542168,0.057528642221710724,0.09005264509212485,0.02486491618288489,0.051948051948051965,0.0751276751976806,0.04908789054862339,0.05914811292486877,0.014234264480340597,0.022539803544495696,0.1247689851706284,0.029816024954847142,0.07486628670651485,0.15302508167119733,0.0939995964986795,0.13588104084000552,0.2905236877088342,0.026777818467881964,0.06429930082343382,0.06527038900147653,0.07192650932829414,0.05550240051840105,0.026666363493188072,0.04443162492741304,0.03662729909152884,0.049166084557139555,0.08290679918021104,0.04848459938652505,0.0774580181223481,-0.00277015236151823,0.0009051499529706408,0.06088064591146458,0.032467456261958016,0.1112469209611544,0.039557796300191406,0.042857081430393906,0.01306410503717248,0.08136562729951735,0.02840570280628274,0.08814027356919985,0.03562989581404885,0.04841824075122814,0.08135590999661035,0.08964528001587002,0.027724974535249025,0.03921907968084559,0.07669032176930446,0.047555837948646706,0.07100556584472462,0.04526772175378424,0.05941861401066806,0.013751374906678437,0.09213404118706281,0.1286369400659817,0.02131022163870555,0.08917252639390294,0.04313853693534564,0.08318865768414518,0.06178215706702517,0.10478362669438845,0.03605772084933645,0.2235147958590169,0.03760626623281249,0.07807807700304537,0.042607492024647975,0.05128181311010227,0.11736264071621738,0.10529151402697767,0.0922109873899033
2020-05-11,-0.026589607439302165,-0.03259256150987411,0.029595285852759723,0.003716706421476923,-0.01085900617328106,0.017686191966144404,-0.022537255874759188,-0.04783600103274899,-0.038174399276375226,-0.036575184680551764,-0.025982844181741016,-0.052312533757610025,-0.022889054198928505,-0.023709164225803714,0.004219462780965744,-0.03628880726246175,-0.07123487927396532,-0.056314698058711365,-0.051873851079623834,0.013158302640701391,-0.017551751679819927,-0.028759275207524082,0.02094456759310548,-0.03482590794300611,0.02160469660961062,-0.0932356449758539,-0.12772581523411908,-0.0779388127457823,-0.0340872351590491,-0.04688925904545138,-0.03790264752853245,-0.06791370746732994,-0.04805080982256427,-0.005952026466685134,-0.050276116299125206,-0.006821663578868931,-0.005573803957641843,-0.08317581481916159,-0.04855474295933071,-0.14654392660580584,0.008333332459136589,-0.08047035055683194,-0.06471283303271946,0.004492745625641392,-0.058305800228210414,0.025231810450439207,-0.03386614603751259,0.004559152257657795,-0.038064287227495,-0.04519793812139772,-0.061068411991978655,-0.0010362031210829903,-0.025246373758921803,-0.009404441750626602,-0.0637926088997931,-0.016054928297424942,-0.00982268305505618,-0.010083977777844866,-0.05359381748402248,-0.059392155809040004,0.023621452915707053,-0.01670644222924933,0.01247962769548816,-0.0023341012123525573,-0.0006783840395133689,0.0014246155415620354,-0.0442773383008348,-0.03451642779365405,-0.036799827939619556,-0.05445725899127085,-0.03628864385564179,-0.05916478524323543,-0.050254716850378744,0.033406914232066987,-0.020891312272493745,-0.030419265420721264,-0.048780272302429206,-0.05704172929140494,0.016288798859591225,-0.049114231335135816
2020-05-12,-0.06373713704631512,-0.05627875855559383,-0.07026480242399524,-0.03110532290980217,-0.0059878686143418625,-0.01665477322666553,-0.045370216246244044,0.020334938190836427,-0.044866364048196106,-0.07794093718467454,-0.0034200815908334015,-0.05318099886866945,-0.038734685273235425,-0.057204509304117135,-0.00953395025755377,-0.05434777628085208,-0.06720216857701256,-0.06011411579674408,-0.0376965091868795,-0.03203304745684554,-0.04025562502225977,-0.03976305630196397,-0.026347573232672006,-0.041237074886146474,-0.11782439198292494,-0.09274192485567723,-0.09000001634870258,0.06741181843346244,-0.047053601580992366,-0.07726267384201557,-0.04117312695294251,-0.054537588368463674,-0.07380953212758101,-0.02213785616473929,-0.05235610622271669,-0.034871336838719125,-0.06892253543015092,-0.08041234518645657,-0.0449574368634158,-0.022678140191796703,0.024793281813699775,-0.03343169534142876,-0.05744139441502705,-0.008050443532733653,-0.05841121208991584,-0.061128144746991464,-0.04489950914801555,-0.03578840816824003,-0.07515342055775787,-0.01117673742181069,-0.06458935329037252,-0.052074628876981444,-0.07580533451294502,-0.037974750572876026,-0.052631390069756034,-0.025678726394573137,-0.025408796135379053,-0.033269063598053816,-0.04530307971821168,-0.029368712173435174,0.003846643713379283,0.013349622166789477,-0.04876740915613209,-0.02072195313009484,-0.006109942620007969,-0.023681378834720768,-0.11101442069684953,-0.04654297398048357,-0.08720941773861235,-0.1431953062520931,-0.08729175961243385,-0.04562253334814481,-0.07365032236374847,-0.025007672439086415,-0.08677099791025955,-0.028680428990273232,-0.07808850890781238,-0.05047972962596314,-0.014084635961269965,-0.048506200034180935
2020-05-13,-0.05961944881092385,-0.03529407486200353,-0.04843673741271037,-0.016052193662395853,-0.04819284907283383,-0.05080959218149772,-0.008959555428362687,-0.0832355900980205,-0.0445647525636218,-0.07236440021081303,-0.06588874877364959,-0.024528903970521543,-0.02833482298750778,-0.03491708498273305,-0.023529695379155946,-0.04064030953407938,-0.06734534721172947,-0.038315873724173555,-0.0176820127228704,-0.03065790976426186,-0.030522482206294055,-0.02378858578758114,-0.005370756503877638,-0.05698921743025387,-0.09589076157664345,-0.046666511721144555,-0.06828884624718667,0.010471194385354599,-0.05302133360313366,-0.04032790053121493,-0.030892743371270903,-0.04891532153619316,-0.03136255077259853,-0.030061120946686226,-0.0362184779423107,-0.03832104417362858,-0.04392426823434992,-0.04932741371011595,-0.05979654862689188,-0.07182324998076361,-0.0026880366835081437,-0.03865723581028391,-0.05263155095312577,-0.027953062465133183,-0.02109187894300235,-0.03535252402459854,-0.06474238549838696,-0.062130213941107515,-0.060033058662691485,-0.10571796948439205,-0.025591297089156417,-0.04727511170351395,0.03144218369398599,-0.0625000242265884,-0.011904936650871334,-0.03568958889264662,-0.01857119721482048,-0.08256616697905617,-0.033496314786009895,-0.03630861134683405,-0.056232897231133894,-0.025149651068783085,-0.06816896250550175,-0.04095559340742183,-0.008196763007274344,-0.022693953256138988,-0.09439534857564835,-0.03608066647496477,0.03730655335361077,0.01749544567810335,-0.06610384333960462,-0.06266155390418782,-0.07410266644543095,-0.06693773649080181,-0.084112142591243,-0.02561147717236656,-0.03666248063003241,-0.09007034814559367,0.01083756936745095,-0.02402746623374974
2020-05-14,0.0274280337897157,0.0037846993267092177,0.016967180046837393,0.05709846437050703,0.01898717164979624,0.016291437359160943,-0.015723533442739468,-0.014066512928353925,0.007563856933852975,0.009751276177629942,0.028655424773969873,0.005102209543897063,0.04031860099854345,-0.008184947820237376,-0.004380811424317899,-0.02011130524706395,-0.01763236981869465,0.015248194694912787,0.000830536477157473,0.0027905111568597984,0.1465884461956013,0.005415200363704464,0.0004152989082597536,0.0,-0.003787523858928221,0.01631691885570019,0.12805395723827173,0.012629576023194033,-0.003352008221370828,0.007122416848351465,0.012751025038417074,-0.004367112305261545,-0.012207944854030428,0.013965819238001664,0.04012731199030406,0.013092820209367195,-0.002565066235500457,0.043632176793233945,0.04330172589172343,0.002381084081100049,-0.09703502726125057,0.062434100551757465,-0.0014619899457312124,0.00742119505345773,0.043092481812953,0.02005013512380227,0.03791888752627348,0.024089480307376787,0.05045864812863754,0.044609603645997975,0.0029730329025516866,0.05053975920921494,-0.012590960587515077,-0.031578964777562946,-0.014557997446167148,0.028611808133762073,0.0005457188795738865,0.06039253686971002,-0.029602739861813943,-0.009419189242339643,-0.004166574139024881,0.0012284035759062562,0.07134209991000628,0.11281138908397925,0.006198378898314649,0.02066465021316377,-0.007599859883023585,-0.0011009426291929136,0.03684237550221203,-0.023529432071850986,-0.006526376233169762,0.018607898513608667,-0.03876616565438318,-0.011733167360539642,-0.044217725139714115,0.027791780995389148,-0.027558978036935522,-0.01979719292790827,0.033625522089048454,0.019929787079153938
2020-05-15,0.00568929468757462,0.019689957973608063,0.033723970272016235,-0.04390938310711989,-0.02794995885910645,0.021374041789051335,0.021565754013354477,-0.002594031235740535,0.008445458808417072,0.006993130471899978,-0.01714269880019048,0.014865782049209741,-0.006991874047592828,0.04592742859421928,0.0033000209345328546,0.037554573631572774,-0.018803341994042322,-0.004360129978085103,0.024626648724352718,0.014842241106768572,-0.005640424557768808,0.03500892079255635,-0.0070582593069271615,0.04560998832972385,-0.05323213548120609,0.004587248944792455,0.026885709294008242,-0.00863448844934811,0.01856001353295711,-0.002828801798146041,0.001888734687844229,0.0360625418621201,0.005373351720860953,0.0052832464595307105,-0.012859767831089997,0.010863461367485172,0.002103961062560167,0.0,-0.025940168477399328,0.03206641934538479,0.008955109802315064,0.001991960693719097,0.014641117477167453,-0.006445769510473043,0.0012150947069333728,0.00489589564353432,0.00254903038555776,0.012601533869406323,0.019146785185710113,-0.00498238919924654,0.018774900672834827,-0.028864921601811533,0.007382442160896563,-0.029739782665498482,0.018339271136441404,-0.01563754524830674,-0.01345726856254914,0.0074649147695724505,0.022321496974133215,0.0031695305781369587,-0.05857762996919169,0.03680979702494391,0.09198651982377903,-0.004157373399812592,0.010266923902881864,-0.006470511416105329,0.018599536383379522,-0.004775869362451557,0.015624858126339625,0.0027803274399678113,0.0722589105758964,-0.0027064845085940092,0.04249789558895434,0.00949798816123959,0.04270467132428535,-0.07330205654692623,0.012145470466223163,-0.01871917118464017,0.004714746473994946,-0.007662904768301448
2020-05-18,0.06005224780883123,0.052588359844747856,0.11435406674587667,0.044580968422999856,0.06602726621103461,0.028400776485371315,0.07271275071701888,0.15604685008754515,0.11662530263866322,0.11441799899822591,0.1148255887383347,0.08788867923269361,0.09589959719557584,0.08484849585354204,0.02192985185636953,0.08670044421975853,0.17160286019839432,0.09780979296535919,0.07183336314796063,0.031079133179602314,0.039618424105695604,0.08152650093907554,0.029270283453609602,0.10250813223146693,0.2409639636554719,0.18721456880346188,0.1076363303444603,0.05612908640215464,0.10945340522275315,0.11702115478613884,0.09644969440136353,0.11335816625283579,0.1084983855850119,0.04692165898901668,0.10856109175115303,0.06633295208124435,0.08516100995659426,0.10847457590589893,0.09986695572139559,0.10011485952909527,0.09467458993085476,0.1709741327048948,0.11976918227411182,0.056533781699108276,0.08980579996032523,0.11270327661125612,0.09237290111614871,0.03443028034121709,0.07877383238361868,0.22460692605331256,0.12948596940362322,0.03400113979248598,0.06329116511266353,0.09578552558556086,0.07503710874205982,0.06762242405312802,0.06377901116949602,0.07807319986755767,0.12227063557402329,0.0979463830868541,0.05333366619098978,0.06508875428951288,0.14987077836481189,0.12395634829828239,0.09078587210465794,0.032457974330643236,0.2384528687567029,0.08711703938938942,0.15726514347221587,0.10859521477592349,0.13949111338082099,0.08412486023320853,0.12104824195462283,0.07694889081204659,0.14334465129900287,0.06609265419703259,0.13866694467783036,0.21134533475644002,0.12106996286268279,0.04852006042214896
2020-05-19,-0.003284107133167291,-0.017564432014004483,-0.0015406498160528415,0.0204194435763998,-0.018980784589395228,0.010174414967862866,-0.05357157692407677,-0.029246368823497404,-0.060555888525282486,-0.056973481137703286,-0.05410711992491535,-0.0591132977811607,-0.001773456600795864,0.019184171313469278,0.009656968607044236,-0.024787052731703674,-0.06394052649030713,-0.051861369238997646,-0.025447081356221757,0.004432348367029659,0.010785238380887074,-0.009623086045664864,-0.006703189506924612,-0.021760565858099823,-0.04854372818223884,0.0307692493351861,-0.05252785693407036,-0.035125273882782526,-0.006503570980447848,-0.08222224753227036,-0.060744916266947,-0.06844102840495558,-0.07232414329971959,-0.00986009301610613,-0.04700640936388856,-0.014769622962705564,-0.027090709317186823,-0.068297660309389,-0.04600505223518869,-0.057531046149226106,-0.03243263436229826,-0.019524594590985545,-0.07087629386791339,-0.004385891117995477,-0.006681455345312948,-0.005923988617938081,-0.03335920046178431,-0.01791199547682243,0.008249299871861737,-0.021028248113700743,-0.04894845358060029,-0.017421424269243424,-0.01691727065038018,-0.020978983349235536,-0.06375048084739299,-0.03384258672213036,-0.018887821560383156,-0.013618035824384367,-0.04928665257778175,-0.012949506852590442,0.01265805482265292,0.004444256014781711,0.0665168333589361,0.0634286063058036,-0.005589965865003599,0.0024418194006128324,0.11014748624232196,-0.02716472406397763,-0.024372401270894573,-0.04210088530712641,-0.009925555540180597,-0.06570705511128039,-0.03562155712965487,-0.06021836018003468,-0.0447760779758305,0.007749282368280985,-0.02107748353490535,-0.018648937888173678,-0.06069483635131612,0.00687347533364413
2020-05-20,0.09308072548889212,0.05085421862398243,0.035526464535823976,0.029502254341231993,0.02036648501546967,0.029496333466535907,0.059299540174402754,0.0625724165344359,0.057067079282563826,0.08621785196916387,0.07580981143692478,0.08097711715556044,0.013950398267921216,0.019650499565802892,0.008501515576720076,0.04646534950036196,0.07545663259107194,0.06545077509354336,0.0341262361535799,0.025595692902174783,0.006486000956185789,0.055060674534209264,0.03762781380720659,0.057633940853101695,0.05102045109177311,0.03544779413995758,0.07553708451391561,0.015511290791388577,0.045378942548786716,0.08682125033289534,0.049725208340118954,0.04988672168433106,0.06392920938442392,0.017381862128658332,0.03934253682253597,0.024691327835119736,0.028508110426033184,-0.030634647278767635,0.04187824929771833,0.0776911263189628,0.03072650744757155,-0.0008657699865881607,0.06380035668346506,0.016740110835480104,0.030269002441705606,0.016958903361493638,0.024077012336058523,0.0031304712633413168,0.08787894742642055,0.014916454872158758,0.007223914043761326,0.03368792974777968,0.07074537099781475,0.010714307102069665,0.09791258716333684,0.01894541171479447,0.020840860743610135,0.032774148615645204,0.04706673184739141,0.030612323331387303,0.016667058548443858,0.0342920194724583,0.12979350961318192,-0.010209593112637028,-0.01623991114699963,0.02699686656050515,0.07734384147418671,0.01919724787896504,-0.01816781745833851,0.05047867147604057,0.016708519855495485,0.08640307239098588,0.05886882262868465,0.043824689842133946,0.07343746612314184,0.03943069796792731,-0.019138838307020123,0.051942547566922403,0.033422426681431805,0.058880958928726246
2020-05-21,0.03428789265757404,-0.02003783256551439,0.002983571437394472,-0.032700487581976856,-0.009979883155418534,0.006289134521647588,-0.0025447013470993873,0.016357646377566315,-0.0033565409447154915,-0.009269964190012359,-0.012171800218453321,-0.0022602878040015595,-0.022834932726774393,0.020488792809495227,0.01685969816685584,-0.00872854213461649,-0.0029540566093988474,0.005704353455506794,-0.017750024081951143,-0.0025817094798314955,0.008439683646588758,0.09363010683275097,-0.004927079064447448,0.0057361777627038535,0.003236112280951664,0.039639402467772866,-0.022551570305827107,-0.006857893022005901,-0.019104256298420608,-0.01718647197632439,-0.02150546677559062,-0.009935140755400473,-0.009281764035140028,-0.0055170323116555675,-0.014124415590448858,0.004819327509318239,-0.016824833067909384,0.14672688951574986,-0.004871999908851898,0.015448289934533843,0.013550065884580409,-0.009532114399494418,0.002607481528496436,-0.006065861333124478,0.025027258586779233,-0.012970364753445263,0.0,0.041926785552721224,0.019498482495652114,0.016461026963543013,0.0049303461500735946,-0.030445842644206356,0.03750011270634812,-0.014134357644490114,0.004074389973159009,-0.010968435199089188,-0.004152184636273759,-0.0232385577395946,0.002606169700176242,0.015558382256114944,0.05327834141990695,0.04278076261988728,0.10593063070350439,-0.001085801177026724,0.031111227545771003,-0.01452712590284655,-0.042784639136426605,0.008219170029021727,0.009251997327744732,-0.03231146640506333,0.04437126092074961,-0.019728546761727306,0.023982552195994433,0.016857467248537317,0.04221251334554088,-0.028175648903413508,0.0012195175432618832,0.03733441633370371,-0.006468247755874734,-0.04271233517202733
2020-05-22,0.030965318948002585,0.010416684296641332,0.013682353717650475,-0.01145025738016825,-0.011088678167541999,0.022222561250175188,-0.001822166126558833,-0.03433473232857809,0.0011225553524381038,-0.019591023456566714,-0.007873792460477258,0.004207463542393208,-0.015755484058826985,0.018785436753489648,0.018652702856892134,0.008039620204251419,0.003703531596231935,-0.01876104949772117,-0.01536102040035503,0.003451442387033321,-0.007874389891839972,0.003508785314727314,0.008714569460920307,0.009505648616356499,-0.0741934648656839,-0.013864647600189461,0.03295978889158646,0.0018832223726601427,-0.008980760089796092,0.006476679723970147,0.0,-0.008725942221587957,0.0069034975477986205,0.003042345996436824,0.009168947783232628,0.0015416448785048331,0.0004387328838846294,-0.021653569914653614,-0.008567986682063933,-0.019269862370595692,-0.021390003363535137,-0.01749778314812378,-0.01690492616589767,-0.012205761120672176,-0.019108312496595836,0.009774725023323105,-0.007053281749133999,0.01692922785341988,0.010929125586281563,-0.04858305118674344,0.05575414592213179,-0.0061921746876364425,-0.0034422512329663757,-0.025089465273181677,-0.004959722162596436,-0.0008116100800408255,0.0048645711988111184,0.02264003862545305,-0.00909706169508362,-0.023676749539187747,0.011672993532375386,0.0,0.024620558233670264,0.05434782721369835,-0.0024630251868585917,0.003610166182338448,0.014394031692377185,0.013926624999133441,0.0038195271711447543,0.019263649136696204,0.0011801217303535338,-0.0012580682892682216,0.0,0.012198977334170857,0.0405027888314613,0.016358868569966933,-0.0012180321317089016,-0.017027884344402833,0.009982434689765673,-0.05892969477460963
2020-05-26,0.03851592345040489,0.021382186121537305,0.04313376079118325,0.013789074381141075,0.06116183737856895,0.042119435075115286,0.036874715354102916,0.05111111534966373,0.047379362163419314,0.0811216482653232,0.05886229048424596,0.06284227743252369,0.054115384408565115,0.05639030492868735,0.0020349205262535364,0.06646407206785532,0.10553527184773781,0.07914648740808716,0.07176287667672088,0.019776208440620335,0.050197509945928864,0.05454543514457866,0.02100922223468915,0.052730736878649154,0.11846687052007554,0.06326888536442321,0.08359919971692853,0.022556369412079613,0.04716680311113386,0.059845621202547106,0.08850662548374366,0.09903153757955141,0.050930047681425616,0.02444239463872422,0.08972181339021046,0.03317936429954971,0.07149129442922586,0.11670028672593702,0.10987622645878736,0.08893471842686629,0.010928613291729672,0.08370419891522696,0.08201058760989399,0.03706974784906558,0.14393938924796168,0.0535930617521605,0.06708757067120774,0.055064710634022296,0.030270167370836987,0.0668692272534035,0.06337105945256405,0.019136653046742502,0.05584336693056313,0.011029263980472992,0.06796613701186205,0.0711965428753103,0.022129895322544835,0.04940568401938816,0.05704915521325282,0.05706124603488272,0.08076955540505515,0.014359050902867265,-0.03587881090684508,0.07061860134908549,0.011728101323698503,0.00719420592700204,0.0836444324185166,0.036850933581648704,0.06088283807514139,0.02267958536915371,0.0027503988168107174,0.07178860000607923,0.08836053031059876,0.03955496771181832,0.04832216680954704,0.03511588907732177,0.0975611664082594,0.16299217949502576,0.07047713102445452,0.08485629930678718
2020-05-27,0.018033366666148076,0.02242992080260664,0.09198311177295704,0.02285118794045249,0.05379460785783485,0.008474626992008627,0.08239429836402667,-0.010570864806181857,0.06477434214671396,0.09572444969628435,0.03435352078702447,0.08520321739703651,0.06997963736684554,0.043128779198614575,0.008121835099451857,0.12250739348968231,0.06942568149178108,0.09229498463681662,0.04075673550094616,0.010961018276773649,-0.004550390062632248,0.07095488728366361,0.0005768996018629124,0.0608228383667091,0.00311513633414906,0.08595025006523804,0.07361602083031449,0.022977941606146635,0.054634528867604226,0.07559181964004069,0.03601637390141632,0.09211063129073005,0.07642136969491986,0.022466130057033684,0.09275659294695227,0.031948391998958714,0.0458451634016932,0.03693692192088216,0.05895466674844618,0.04653400153637932,0.04864884947507253,0.02875952431300055,0.0794621897343264,0.008510667856807874,0.031220428877367423,0.009856917701717371,0.04918642830854214,0.08144191205462858,0.06741839563958507,-0.005697578282713556,0.03019472405230217,0.07969425057591684,0.016357679904525524,0.02909099687008032,0.1213403868284808,0.047510779085417454,0.016914891565941836,0.01597160908835349,0.10111661840490327,0.09176792338367457,0.06405634096664348,0.01415586200358021,0.10583811462012305,0.11916226898996474,0.03233681754962858,0.010515816884815177,0.09097184299507721,0.030694631087970103,-0.0035866296984178314,0.05749484996294574,0.06622273818708391,0.0722680480878255,0.11803067591223915,-0.008917932297967335,0.09731110852917602,0.04225126592956996,0.08777771550317004,0.0389302499285229,0.0774789008197565,0.024030911059045756
2020-05-28,-0.029411743016454883,-0.03071298504101705,-0.04482231937408532,-0.030673894773126653,-0.051960075058665844,-0.02521012767157027,-0.0419646414864836,-0.0032050997939716552,-0.0017593305940764026,-0.037260918134264354,-0.010265609282122057,-0.027381977780550404,-0.02722024752320429,-0.04090290576616362,0.007049229559781711,-0.03521595599554206,-0.06179756728417696,-0.050169517692394194,-0.04825154506809903,0.008340441971553147,0.0005564888830229542,0.024148687690963788,-0.008841035849797008,-0.04974698279872225,0.22360269107383468,-0.09132415148419382,-0.02194183371225711,-0.017070970507442662,-0.05526449711278525,-0.054755671224834934,-0.03924181167930585,-0.05683911447173384,-0.03593056278680473,-0.006983550584507392,-0.04005745254289028,-0.019249366044033045,-0.034833625373475674,-0.02867071391345344,-0.043067295675584205,-0.033575527541935934,0.018041297319520755,-0.03913742553150712,-0.05322797702344839,-0.012658271441333357,-0.06697243741140235,-0.021268960815244875,-0.02326397875746511,0.0005612014883742411,-0.011550606249772666,-0.024069053623592684,-0.06478967844012495,-0.06026284336778842,-0.05633059858924572,-0.010600727650516673,-0.034430515804912076,-0.0359470213973162,-0.0006654766727056671,-0.03683716915306934,-0.04112659318369971,-0.027194026074731426,-0.0033442337961413493,-0.030907404448790032,-0.025007702414506783,-0.07593036064847392,-0.03309678272777705,-0.0090319570035019,-0.08338605948374378,-0.02758618091817855,-0.013679063491534471,-0.04349517822265625,-0.03381112897885641,-0.04054812074951042,-0.04724417332542141,-0.03569282007386598,-0.0326720820235612,-0.044829199342919956,-0.06741572029789267,-0.0586510626616531,-0.017511145650219495,-0.04290801453806814
2020-05-29,-0.028236938670944345,0.04036211563885561,-0.02400202187846756,0.027620211062939548,0.017307933197954872,-0.021883445065361107,-0.006791286365006699,-0.02143620695611892,-0.04004016225258489,-0.017782431823350264,0.007321666678611116,-0.03648402711244281,0.006641631033198259,-0.01107719841651078,0.008999968946332926,0.0,-0.024617639541892,-0.03256561423887083,-0.010776509820992097,0.0033082177874455,-0.014937196555830479,-0.018137915828501883,-0.012022473057082261,-0.03726708600128015,-0.09137066076758815,0.0033501518324969837,-0.011217092753519342,-0.03199266443704851,-0.008685582072678888,-0.03374136516951998,-0.04194075270331932,-0.011663867309279263,-0.04041326570391002,0.004288120143437046,-0.03676093848544615,-0.00637871238639709,0.00729938072812053,-0.076028654585655,-0.02414905989113847,-0.03661970780322776,0.0050631301783861105,-0.007481405610188729,-0.027511693396069736,0.01880337974954638,-0.0098328791267982,0.0003083579882610099,-0.009022103032987117,-0.00841278729291206,-0.0019889632000564816,-0.05402240324633678,-0.050721684799546085,0.0309877334790174,-0.02444538287428999,-0.017857205848561652,-0.0960034420501108,-0.011386274313971323,0.0006659198268164079,0.01473821252476526,-0.018801495079786568,-0.021600894603529652,0.0,-0.0020576022110055936,0.03894874770603285,-0.030726250534332866,-0.004889979911792963,0.02189400171972089,-0.0013784572180686183,0.004513197536507363,-0.017518019877639457,0.0008120364776760258,-0.011411160829259304,-0.020559749214233758,-0.018365427234441234,-0.030482158726994668,0.06151993139066758,0.038103988650207476,-0.07009876815782123,-0.029421893114530695,-0.014031146923840998,0.000961629084388127
2020-06-01,0.031183605918601698,0.0054387098964907565,-0.0035922684289670936,-0.008721965861466452,-0.010396945712813577,0.028474682674792806,-0.009914627555556499,0.032858728036635254,-0.01836322388507683,-0.003993601447991213,-0.010902439356707982,-0.031305546396105055,0.0643826647748662,0.005227152243969746,0.020812828940812933,-0.015455222295298277,-0.006821117438261304,0.011083709147064358,-0.015102920398060493,0.008243878534748061,0.012018193392978382,-0.00738909689507361,-0.001570202744979765,0.03041473844274223,-0.008379690328704115,0.0033389657901365943,0.00397059588798121,0.014793868867832183,0.03673594008465053,0.008034478566014469,0.022889698688387083,-0.021636714789209477,-0.007487354475332997,0.01024795243297083,0.02217648808234496,0.01761308801670558,-0.005233542160615889,0.09099714820911409,0.023621713116742216,-0.003898850911305929,0.03022688571298926,0.025963171623117676,-0.022140245804341818,0.01845642380437451,0.012909644327768532,0.02443204214333794,0.021485820290170876,0.06685515758712635,0.0124563239248201,0.09497180627505797,0.007384721110957226,-0.032769781772435946,-0.01981359547798467,0.0,0.04421360417635167,0.021009954120640995,0.005488843023507828,0.03156878029860222,0.0005985302261009018,0.014285491086194702,0.08389260509358709,0.017525755905523743,0.010362698517430324,0.006003842547177118,0.006756585089607636,-0.0018418937153257264,-0.0034506638196306616,0.014120684730817068,0.051262817550741024,-0.0044624220975744144,0.0007697064768408257,-0.006414014240672006,0.030558140054940175,0.021174201020104144,-0.061363630698732186,0.002089231413575421,-0.0011776326047282515,0.050641873130574,0.039615441929782724,0.03830436325874076
2020-06-02,0.04398616978034564,-0.0036062164846923928,-0.0041598373745761474,0.0017954431416973282,0.011461311610133418,0.017798227245296117,-0.009059234511188952,0.014846170213970833,0.012293140281894432,-0.010425009373412397,0.04776476823205322,-0.004309232734162283,-0.011863967100589012,-0.006128593249491887,0.015534152693278847,0.028390133892401526,0.002060313533887914,-0.01177441021560055,0.0005030383557973472,0.003270828942014914,0.016179076588497265,0.006203378964951156,0.022999842897760248,0.0017888643598780174,0.09295760782478801,0.006655534373977368,0.07966100489466577,0.0077543420280581365,0.1062010019591253,-0.022991995757819073,0.007552539102493094,-0.015681404852946335,0.007072492121850349,0.010143441826262478,0.01967720605359502,0.012131854561814093,0.006879887382038152,0.053238633844250094,0.010989210152253293,0.0029357013676187815,0.00977973233921059,0.0024489846446289487,0.0050315327202994364,0.008237344989340034,0.010784373765541089,0.003124019753926177,0.005704117293018562,-0.035309026485673134,-0.00418297151313507,0.022676025890431717,0.02414835278466887,0.010358249829303556,-0.0023782110180640137,0.1054547070411167,-0.007887331757214233,0.002355186758694394,-0.003970079703289331,0.01547579475044869,0.0023939860487505182,-0.007682292375069233,0.02786421331118638,0.030395199858068267,-0.05761694319288879,0.06731916294849793,0.01281269665913487,0.011072203211218046,-0.013850313113729418,0.03101270372640985,0.007773942069137396,0.013447429152182888,0.048442866762780756,-0.004694774726837658,0.03055982328428941,0.015708511107354495,0.019370441038567554,0.03409749732449874,0.01297152389646583,0.015274975455672468,0.005919540951173419,-0.027408335996049527
2020-06-03,0.06484529328188748,0.022801342281971948,0.031189241309312443,0.03620763573911656,0.07743135121178013,0.009067249403512445,0.028833047446605198,0.19226752468790842,0.05596605280859013,0.0551054255733614,0.01285786877709838,0.06306034455641507,0.07088134494522391,0.10996911047704128,0.033460557695856874,0.060733864908184776,0.0411241211841904,0.07929349067033775,0.028894276416041365,0.0211897009994777,0.061999666394148,0.04870536060238351,0.029592638132868387,0.11874999521034102,0.36340213317677517,0.09586780602706457,0.06750387059014229,0.025854112317409195,0.007363798382292952,0.06746142144920819,0.05913397820109578,0.08741811672612032,0.062265789016024975,0.022092038119880808,0.05690258841146556,0.03004645272196882,0.020699215038294083,0.13142379398963433,0.07608684891408757,0.06048762041659472,0.01452756894086904,0.026872835163964215,0.07759691684177028,0.01143766361221088,0.09311348196653735,0.058569838821139975,0.06947906330434317,0.0035172530558038595,0.04348898082829966,0.07649643375611781,0.05347373743986261,0.04485259053467927,0.04529235615643801,0.03618407829831782,0.0941425971989247,0.052931066755917744,0.03139000276064974,0.06393969180666437,0.05910443451677172,0.046451592191463664,0.06325276886426234,0.03244842112228152,0.047055035983499804,0.10735851790092155,0.014457725413737021,0.018827878802198494,0.10955055061253849,0.017802270833655376,0.06171116837574431,0.028950514236359304,0.03080287834434836,0.03242927567800136,0.08367581794509227,0.07021331625431437,0.06413301151544748,0.041324724076663655,0.10593737737904463,0.12504184879794944,0.06436155709556401,0.11177164597749512
2020-06-04,0.013601319947023516,-0.017692851944459576,0.01917354213550837,0.005535151683625061,0.028045742746514613,0.0032094001255600357,0.004100873433322327,0.09728313980681791,0.012749847322988561,0.015873034610591086,-0.010386572371011593,0.011049917625165051,0.07548076377102686,0.0570707990402497,-0.02127642977686106,0.008573255923003176,0.03159955094609601,0.010277946872955246,-0.015628582717813977,-0.00239403657674897,-0.005907907245725097,-0.004115208341112453,-0.03266143971995372,0.07501999633600298,0.011342283655391139,0.031674216710404046,0.06176471825702001,0.028802851237115457,-0.01854896504030812,0.019106484996765927,0.019396963901506137,-0.0030052221693084302,-0.0004407089626558003,0.0014736980271974343,0.06320209897102358,0.002017292069179666,0.02283918480931102,0.16604612744326674,0.057575968736711,0.02391892801742057,0.0023871459513742366,0.035686131198198856,0.023228903955018865,-0.0008074606795575034,0.15527949679846387,-0.0016405966557916374,0.009280540505709922,-0.04249731383484112,-0.0035520051954132104,0.09474775993415085,0.01438864250398697,0.04701563965826017,0.005130719997411326,-0.0063491706992808705,-0.023327154373725123,0.03335693683049934,-0.021578077041463306,0.012493204984333595,0.016911057808168373,0.01726259980035194,-0.05665758986137159,0.03428552836010024,0.14246407758611634,-0.014542464762975271,0.019002815769816994,-0.002922569341901937,0.04493657661151684,0.005729753545937077,0.02972234197088408,0.012114086131063795,0.022056259330514694,0.014848869171564916,0.08452990909734504,0.046820890694365236,0.08258925981781617,0.012029990673221747,-0.004214943175150809,0.16196126897797636,-0.03282629607980414,0.02010721171059804
2020-06-05,0.06678853810612306,0.04322762412452463,0.07366185542892323,0.035437888671181916,0.0699062288627148,-0.008957341154438136,0.05411856240786017,0.22284343928461636,0.07208086326269658,0.09072571320868561,0.03498532817475053,0.07880323760702335,0.07877761557416307,0.032170493163123925,0.020793738474064183,0.05828753037292467,0.07849430080152464,0.10738520150058184,0.07690409337093418,0.023200119689862353,0.06422463713585791,0.042502909719922544,-0.0003858857236560542,0.0007423366747805193,0.14018652053746594,0.07894720344272588,0.1269621430920076,0.0869057877711199,0.10092166435438465,0.06316702796611584,0.050141463813923925,0.07987929801622173,0.06393280759203313,0.03319166382199623,0.034346193751537246,0.04459563215680595,0.03638109539721168,0.06641129793492362,0.04966560949635879,0.07906597358876111,0.01666645086502294,0.07274111048759169,0.051078299392723236,0.017784841139114604,0.05145922419842286,0.030883336167802478,-0.0055829619394439645,0.00011441473850348771,0.002138779931168955,0.14111005281540523,0.11071696166351952,0.048809056011793084,0.06182654603615312,0.17891353427269685,0.11237285794831364,0.030915985324703632,0.03373932417438974,0.06297210428066169,0.08702878616428067,0.07272755478472392,0.033033251434331,0.0460406147192014,-0.03558999342712432,0.0690715078632489,-0.020979241622132272,0.02572090371465685,0.06178067503298856,0.013493276867423187,0.06478530601414967,0.05096523993304691,0.017403280547896083,0.05796272136387226,0.06470147967947004,0.09304248532047255,0.12680417732954874,0.04877706907381807,0.11428578767140873,0.08465476988398835,0.08324395155331521,0.06531757786162506
2020-06-08,0.01915386420348031,0.004143675518889722,-0.004442289810315581,-0.004818001484060308,0.013545585035592778,0.04583617957677544,-0.013561539835410419,0.00979749277720976,0.012203737215655153,0.015711489432152392,0.07380271363766,0.024260262831695245,0.013202012899653504,0.024842006255541227,0.013888565653010554,0.018072484836102465,0.050295608952612536,0.04831555251417852,0.027643180066123207,0.021110269724878172,0.017487578093993816,0.022083770839079975,0.01814318860824371,0.022255207783567377,0.18360669571158117,0.07452577281382089,-0.005325651846752599,-0.011805704891461266,0.020972544244681535,0.027129531960045083,0.0546034836744298,0.00907197424470163,0.002072146073832437,0.02500376437440255,0.05449094002155053,0.030388217861619715,0.005200664991501069,0.07904189428263697,0.03275705665482542,0.03580326575432102,0.0374706909908189,0.05781572491754017,0.0,0.029388326191887693,0.13878748213602154,-0.01110400809714096,-0.020805715486564735,0.0634793895960819,0.027507776118392835,0.021022331041271825,0.024831531437217835,-0.0003721896354207388,-0.024038499456163653,0.01084023576702009,0.011967621648769855,0.005072030458874943,0.006846012532638834,0.009606594605013452,0.027026963956166883,0.011299225215156916,0.07848823234338864,0.07834497770828541,-0.04827973458006052,0.023964723996486414,0.03214278311924024,0.003687849081846606,0.04563627702171469,0.04349116135752218,0.043975874377730095,0.04004409184731772,0.04789609922764915,0.01542573807451797,0.10793060544581623,0.05026526069201642,0.004574495486232566,-0.02423132024447494,0.0066475260354597054,0.14807825517311546,0.03891807589365692,0.07076070486548458
2020-06-09,-0.035624137531748756,-0.027166403378656945,-0.016360907959845683,-0.001836351570080219,-0.00864761494070232,-0.01851861597264781,-0.013093086798643738,-0.14941787929604522,-0.016151059004882007,-0.014785841455737248,-0.020461584471651362,-0.020822585677023553,-0.025671936418930175,-0.019497121974300535,-0.001825894154265706,-0.014934003836406862,-0.008450810793119268,-0.015579588675790457,-0.045953930015178224,-0.0076568319662598805,-0.02950185897649582,-0.045983377218204335,-0.025213304854117324,-0.013062362481095158,-0.08448748101286774,-0.09709961553605984,-0.032537104332202915,-0.004344383767433402,-0.054915967021148426,-0.022186753056162134,-0.020199914178513745,0.00414943889692676,-0.024813524859795377,-0.02115146090650699,-0.02785610819024875,-0.02704650469693448,-0.024020622520481205,-0.0410654690521578,-0.03083720456625294,-0.024919541964937175,-0.03386021179596921,-0.02496621527974252,-0.0075597486806744385,-0.017746755466833464,-0.08851828742361123,0.013618755571856322,-0.03878587654885757,-0.036136808873335036,-0.02377127153681602,-0.058942039806312296,-0.05918998280485477,-0.010242228030652334,0.0,-0.06166209916762766,-0.021217487275558833,0.009104349428743053,-0.016129036049944867,-0.0715629523790694,-0.048659574976978925,-0.02234653040712098,-0.040430660217786296,-0.07102027664045885,-0.05276960929602814,-0.1069088017372336,-0.0034599935345666077,-0.003306819519229731,-0.03273319157551502,-0.02835270731559858,-0.05943450866138966,-0.025785925680236632,-0.07639562471130579,-0.01571525798340334,-0.07030918274031295,0.0004809197254886932,-0.07559198163108538,-0.0005339143410162395,-0.043396252683465364,-0.08317928427377097,-0.02571431090599463,-0.05551463389753275
2020-06-10,-0.04421169796952917,-0.009897514230613802,-0.061743781146258,0.0011705726876027889,-0.011895457160472245,-0.018239043385962272,-0.0394693831872025,-0.08060832674464025,-0.0543352907216722,-0.05772371217522587,-0.07552215394228778,-0.05396049850267426,-0.06623767082058485,-0.08261032170942484,-0.0018301984977565633,-0.05863838667725274,-0.0943181681265588,-0.052753077511068835,-0.046522263952767484,0.001542955924631606,-0.016718958225256375,-0.06097556788206426,0.02197590642462699,-0.09117652132436749,-0.1527987777868639,-0.06703915266009774,-0.12260532945205338,-0.041723448478178105,-0.03567046230721316,-0.06374945575588509,-0.0710899715584421,-0.08712101889992108,-0.05852449973123264,-0.01892773820905902,-0.0697675468322585,-0.03134686207576054,-0.02328669000106498,-0.059027801923176915,-0.05454521245438915,-0.06512780976411048,-0.028037120116783054,-0.08027693834047822,-0.06746452050905827,-0.005499064508256768,-0.1111892976400084,-0.039539241860056085,-0.036491228802585485,-0.02811877031053811,-0.044917082729441504,-0.05148024325753475,-0.04635773546602262,-0.012794129574110191,-0.039408888708841516,0.0,-0.09568339246924173,-0.047396348592499304,-0.024429435690222823,-0.022953224869122102,-0.07672211995617606,-0.08342850436308469,-0.036516909178278545,-0.01581733283159803,-0.03354884591030782,-0.014255771368962056,0.006365578492474988,0.004607916924183053,-0.12746747809366565,-0.06302888294601039,-0.05766874114162546,-0.04242204784374515,-0.03534820688590257,-0.03831831802335861,-0.14624149796117902,-0.04759614458803563,-0.03251230897620849,0.018968565492855305,-0.10256400927039888,-0.11021501425213298,-0.027370303004368046,-0.037271392906454426
2020-06-11,-0.07790630294053069,-0.07997142994695305,-0.09320434337077077,-0.07434014971704728,-0.10834656676198018,-0.058296013577949224,-0.049033435227686994,-0.15715471862900598,-0.08801988026093366,-0.10855158684202648,-0.0944380695548993,-0.08597935816725633,-0.05544708316911762,-0.07063363252137356,-0.05817179805962214,-0.07930698960578031,-0.10602245333147087,-0.09502260006552954,-0.05495347016080565,-0.06572496197709399,-0.050974480815204504,-0.07606682066216497,-0.05366317289754463,-0.12864071545945466,-0.23928585090112398,-0.11227538581783614,-0.10189230078988853,-0.006545234667934663,-0.08879393575804273,-0.0954991801220908,-0.09413255279076105,-0.08374225768128585,-0.07792785835963179,-0.06961390215534169,-0.11830355871383091,-0.0780032752153893,-0.07578989680193426,-0.12054120606133334,-0.08846165180062904,-0.10670189669592156,-0.09615379552544823,-0.08427380005552021,-0.10151689900730787,-0.06714043869417952,-0.12034841203411628,-0.07234245897066904,-0.04224325785615002,-0.04454646752457503,-0.12153471746708744,-0.11126203921594202,-0.10648152769855534,-0.07528106449707817,-0.1304842444806299,-0.11142865712033545,-0.11296742742093324,-0.05613697699075049,-0.0690278544104409,-0.07943580006187623,-0.09609952117775455,-0.06483781864159577,-0.06414001896874721,-0.13035711456082988,-0.11273882328615159,-0.038919647240295285,-0.09545720910470246,-0.06017792912787767,-0.10084049969918962,-0.07848023699355766,-0.07747379382024855,-0.10980687751932883,-0.08721124066279762,-0.1007194838085208,-0.17582711400947593,-0.08909638754321259,-0.08757634250544044,-0.07170943703317789,-0.08901059307996728,-0.16112792873085446,-0.09313240100288933,-0.0928938423074882
2020-06-12,0.010231032846494958,0.027551380359357225,0.0343599750843564,0.02057397123090432,0.059405863074567966,0.03426610745946057,0.01452428193624633,0.09028460394297078,0.03404828135855342,0.03683324627155815,0.01983379693062992,0.03350752761760467,0.0423747357354054,0.0301667476965366,0.01078443185450606,0.008580803085098454,0.03999995969699266,0.02500023516037264,0.013037826118282414,-0.0024914567652996045,0.008333421483718295,0.02811245569547527,0.005027146637869295,0.07892287759214334,0.05868532086452949,0.08431697850447484,0.04484062201203942,0.02291604813970949,0.04029524066873558,0.02009584592874525,0.028442742411574518,0.032523684865169766,0.01758669834240001,0.022118710176071366,0.05367105899212188,0.026821220669195345,0.009228170378986933,0.006992966885427165,0.04324927547747337,0.023692243598419482,0.02659560363800284,0.038619486294790395,0.029870333357854495,0.022862042304319763,0.0999100490236684,0.013233359621341645,-0.015589386479030298,0.011896152958998485,0.014370263273261408,0.042748099766430014,0.033246935420007784,0.0035037110388445036,0.037352458251673326,-0.003215637609207622,0.056950817956290756,0.019012759536750634,-0.005902363646568487,-0.01127622761579794,0.04065038507323604,0.02266667367447761,0.05949683532147154,-0.001026612667133886,0.06424978352346566,0.04204473519846341,0.007628838739128119,0.015031642720553684,0.06038812422741602,0.023318706674534173,0.03599131393624466,0.017014020188688805,0.028903624495323355,0.017412846763177336,0.11880874251076978,0.05985036958380907,0.0033481844691369833,0.013274898366985921,0.008443483936416696,0.19027611676637313,0.01071262683758678,0.028638260630134527
2020-06-15,0.010454080229466367,0.026435074586120377,0.009163836932850389,0.008841896997574317,-0.0016990172027556705,0.018931786733471956,0.025411579442768284,-0.005400492150899661,0.024371361737987263,0.014050793672913287,0.025721135864936295,0.004461731407315872,-0.008002758132193422,0.015034790227790529,0.016488839950490775,0.017670316703892297,0.02024316993300146,0.015384471318868886,0.016731016458998438,0.015820072487698456,0.0012396521066717625,0.022135427095539395,0.006402554977092301,0.019793502424770404,-0.006651495524513051,-0.05287715624773548,-0.015511852879711796,0.05096610869462581,-0.01390224865973555,0.015634647970246496,0.026834648913853565,-0.0031897533551431545,0.001920599263599998,0.014200957408166515,0.031234951753070783,0.01676861092252846,0.03678307027590866,-0.020833280903320373,0.023255497043189965,-0.0038576089255364376,0.041450739182297136,-0.015031739352320272,-0.011349399050946563,0.019373084770790694,-0.017184945463019408,0.00668191071074542,0.048667375264000556,0.02660014117233933,0.04527781325477642,-0.0030314391915921,0.03593841031267453,0.011296194016978234,0.03663958921604915,0.0064519484884435485,0.01484949154332682,-0.0010765176290695733,0.016192699395178867,0.04657870237133466,-0.006009417492148894,-0.007822782381959992,-0.00900890174161706,0.08016461530861574,0.06408093230945067,-0.025695457221317497,0.01009471009177676,0.011539732296955485,-0.009491402254749093,0.013210026732485725,0.0381470770011334,0.008364732924124318,0.054233673422722894,0.007335131110477455,0.024884165552115034,0.03843140446282689,0.07119025134782087,0.039302952402294755,0.01674638981203702,-0.016641448561558025,0.029971180553189036,-0.0033584060190091636
2020-06-16,0.009376013092618152,0.02133921696813257,0.011350551934974584,0.026117270448833496,0.030637841720829062,0.0013271150128244535,0.013263657654337901,0.009049721816227319,0.047583274986697566,0.04444449400247685,0.029969586553615812,0.03731138674334811,0.011721726875915106,0.010506543271568303,0.01240437254573834,0.0430865559310698,0.03042326641311388,0.0720622946749725,0.003038065782454913,0.02131113090879433,0.026638750532966382,0.04968151225778272,0.016898654109562816,-0.010126652773872369,0.03794650409591083,0.0738916696076739,0.10136545719665446,-0.007727074613976592,0.006806072805269459,0.04833739747774146,0.02986659064900965,0.04879998230196758,0.03497838590121671,0.017502899180795284,0.027027107374464565,0.023945484528082206,0.014832639498405742,0.05744676908001267,0.03109317993265015,0.04549885226556216,0.029850555577319193,0.02891609458560418,0.039540861518978954,0.014681835701306323,0.021648644789912908,0.007301528791595624,0.028361052558430355,0.0320416931202363,0.018602175027367274,0.06817081854984175,0.032271036466276604,0.03614922857961944,0.050578536847327715,0.02243576859836094,0.00794272133393159,0.016882104927697483,0.0060200705479867,0.010208757516229294,0.05985491658781372,0.027595209183011393,0.006060869143936776,-0.01998107052033271,0.005071310658675499,0.01046206475722844,0.0,0.0214848158530474,0.07118406733616411,0.016297261897864068,0.028215650081194532,0.026959751226683926,0.0470021168784891,0.023665124192921994,0.03557318468003712,0.04179254270885746,0.010384156449328996,0.03298920990545673,0.005882239390398114,0.031025617550580975,0.032292351151300025,-0.016195589993724835
2020-06-17,-0.016335695857866872,-0.014409208041508248,-0.026094195176725843,0.024940192497406644,0.009909417191331205,-0.009940487917064367,-0.03651394511824835,-0.06816137230574171,-0.04034803105150275,-0.043053511553983737,-0.04394292527352217,-0.04881553701458363,-0.012835352609437023,-0.03425957333091756,0.004712690849755896,-0.02743523799527181,-0.053273613248722596,-0.037573299561153184,-0.023220564482241857,-0.0008022386010005933,-0.0012788473643343679,-0.009708728874782357,-0.014662756160829127,-0.030690509013320266,-0.07741937345987238,-0.0779817159313454,-0.09632802177197153,0.00026848338030505126,-0.016996640119370743,-0.0713653269709359,-0.021232471562234956,-0.05949645336567955,-0.041666822341395515,-0.006225390835263966,-0.02540845527642943,-0.01657096305677086,0.0011849948368416463,-0.06103285424044158,-0.01556418236983692,-0.06111135507603194,-0.02173894997675241,-0.03903228824414473,-0.06257683444972828,-0.02009662705141002,-0.02689493602843085,-0.00545120942349242,-0.03653297827240498,-0.011880716701310523,-0.02556752390720496,-0.05693297608089898,-0.04572109686350534,-0.0011760413573139727,-0.07018555182016695,-0.01880874379659825,-0.06511794235129009,-0.013069422543480869,-0.016191657922943525,-0.016577827836804393,-0.05134078081035587,-0.04092057312814845,-0.054216895318786484,-0.047572771342414666,0.02365184552677113,-0.0666522888676998,-0.024359898150192794,0.0037226419970814995,0.001280481957966817,-0.028223253993014175,-0.049138940152314126,-0.0508885386605159,-0.03888296880626596,-0.013040941731367495,-0.05806982143930561,0.02706618905207736,-0.06166489784412743,0.01804499901557821,-0.05029242043816906,-0.023874635820207324,-0.009968949966003837,-0.01999788570290273
2020-06-18,-0.005210019629260265,-0.008040980109477402,0.014117014551739526,0.006333442943762924,-0.012264895502046014,0.004685320769400425,0.007150625354026774,-0.010587161377935472,0.022155156717987845,0.009154810241924771,0.0006211002711462577,0.003601579894963569,-0.010447849347921534,0.0024708946969898005,-0.003752241948897672,-0.024722570348844397,0.004745722455169243,0.02220618290394394,-0.019896518920767714,0.0008028827044981313,0.009257791299979834,0.005514715335223519,-0.009325420763366288,-0.010554079750826784,-0.013986232332260928,-0.02155879133468286,0.0,-0.020134228187919434,-0.008645222963975185,0.007589989724796409,0.004232660984143211,-0.038118572801992046,0.0067631906258800445,0.0008243525816309383,0.005121090457637756,0.0007873408942034033,-0.006510069743444702,-0.017857142857142905,0.0039526688602506965,0.006903497523577773,0.011553290425116991,-0.008935599368310898,-0.013088937908492637,0.007383199064059376,0.008375241623460372,-0.013913993556955218,-0.03420067214545508,0.0011342839152361783,-0.015260983625300373,0.0014605698695318026,-0.004913844217600882,-0.009418948330682353,0.004990472636191123,0.031948848026776,0.004436514538619818,-0.01431631485551943,-0.003398920362550295,0.020321055015343426,0.009020089903994943,0.002666631354580007,-0.022293100780984787,-0.016309948880367298,-0.022489204030370025,-0.0406748813868959,0.011523747224162717,0.002410814234031111,0.007672505025881016,-0.0036303203225295233,0.02684595302237036,-0.020425512435588433,0.011033292946561968,0.02462470253758431,0.015340162248849598,-0.016705860811121354,0.0076669982417088,0.015174907175087515,-0.008620620078913732,0.0022929975181629203,-0.013888855403822675,-0.003720303213428422
2020-06-19,-0.03993450002429333,0.0,-0.011931867836027177,0.009440175179357135,-0.02235096083793331,-0.010659468338815148,0.0024845877431489694,-0.018482449933720613,-0.02093612998949068,-0.01321948371838122,-0.0384853459662724,-0.012858941583039352,-0.021232569494912812,-0.014084561473501789,-0.002824875455838427,-0.02664918363464408,0.002024167943711186,-0.023475757686781673,-0.027946344248676036,0.0024082351942915636,-0.02048535624016823,0.029250429414965806,-0.037252165010677074,-0.04177780151367183,-0.06382964692391646,-0.040677905409879034,0.03482848658786719,-0.01452051450128422,-0.04489154934390682,-0.008788472699670757,0.006849474091654706,-0.021500498741054863,-0.018234063148818258,-0.007577093500311105,-0.03705425603215695,-0.007710640504220434,-0.03673556181769577,-0.05527274391867898,0.012795030144126418,0.00783529827870777,-0.012690322574697932,-0.04344283394579285,-0.00928383066159777,0.0008143521859380609,-0.053156174862998395,0.009956821547388417,-0.0019245274161945325,0.0030591053311970207,-0.028276244882854962,-0.035974646401595645,-0.011934207867836277,0.006933458401959358,-0.0037242983718707157,0.015479789194676963,0.00176687166140721,0.000484003197109395,-0.020642445486149352,-0.023876864835857492,-0.0023839264920711978,0.013297764794253375,-0.12052134851233498,-0.030051879857462604,0.012921520747781745,-0.06648996466235613,-0.006329167540613301,-0.0026824387533872507,-0.03997446183366615,-0.02815503035552558,-0.0549021041531671,-0.004344065138191633,-0.048381195245242536,0.020515683981596533,-0.04446982017857304,-0.06317299190743808,-0.011956484669322198,0.039442004514270934,-0.008695581382376472,-0.06354855084654953,-0.021831184014834748,-0.017879300951060273
2020-06-22,0.012955950343297218,0.010316900992720868,-0.005462739105918324,0.005250191727689257,0.017781553099824654,-0.011447812315677486,0.007082260439521315,0.01883048340039606,0.0002516449548828348,-0.004202380654636073,-0.00903818815307078,0.014238055323688714,0.014493801350265345,-0.01446433094421229,0.0009443939963720283,-0.01135242103153733,0.01414159399186965,0.004305522984085597,0.03146205344963482,0.002401866553460197,-0.0003702146647549531,0.03078747640940538,0.005408823338487911,-0.020408100074586488,0.025252278900014247,0.003533548010195231,-0.011728783397566556,0.0008339943919604131,-0.022099992883558905,0.012666234961316913,-0.020669974147044634,0.021542236171804063,0.03665657585493909,0.0018258216077957634,0.011063320810163146,0.004757396449704077,0.001030705969572665,0.023864543885978362,-0.016520753387409326,0.016520989338546288,-0.012853716936817694,-0.03256203610985209,-0.008032052467313755,0.008950419816700306,-0.01666663041588734,0.011370291405955912,0.008869994798598846,0.040664164958318816,0.013989839678853144,-0.0070601379445368595,0.00791321817274393,0.006295459572777551,0.011214781328847678,-0.015243818103906404,0.0030864418910343527,-0.01100894082540027,0.000733055933776372,0.012868272958064253,0.022699873486728972,0.0026245703480387572,0.05185211712756432,0.012820443945279925,-0.022090824454132685,-0.002322584582913345,-0.0006369673355047789,0.007790649438454977,0.0033046852468201493,-0.012610798817625835,-0.005532362390976209,0.012216434804252607,0.035550502718212806,-0.008615564162878786,-0.025358063162600253,0.015325630925569156,0.0748075130650232,0.013293185056604928,-0.03508779613977664,-0.008143301732301267,-0.01403903822411845,-0.03998158647528416
2020-06-23,-0.0050487578722909765,-0.0007294112949679521,-0.01098557336885464,-0.007017996545499616,0.02745416388194788,-0.002043884469085433,-0.017229138340647543,0.03307394566338395,-0.008551634831061361,-0.03930391999283367,0.012377858157907262,-0.016726455003486795,0.0019673427535635835,0.03361120958126795,0.011320289110080761,0.01756152272654332,-0.013280183460200434,-0.011075237218246547,0.022613480340136105,0.007986727869090382,0.009220300728509878,-0.00919011193649677,0.04572727086164963,0.11837120741756291,0.019704466385469077,-0.019366313239505883,-0.0005159092861801717,-0.03499995337592232,0.03989392186981933,-0.010006291374086373,-0.009884925003218581,0.005904630912314746,-0.021687553808993565,0.0016565591995232332,0.002854327455837913,0.0036300933522455114,0.010708419021649318,0.03082705575430933,0.0079050381760426,-0.02103240070299417,-0.023437349996883516,-0.0044287408460877975,-0.006747645903374733,0.012096741823183876,0.011596798750984405,0.002272621358924143,0.011850163616187848,0.01302512334105388,0.026490184367260916,0.02133038711514823,0.0483473258037217,-0.02561101594817694,-0.010474061230792309,0.021671775986773945,0.005714282161179973,-0.0079510461536626,-0.008424821122409054,0.00434904871145303,-0.019859443454718573,-0.007853234044868485,0.010563431660193245,-0.025316165403211466,0.1714921838152459,0.017847869359346902,0.01083496161681019,0.003221110383299086,0.008563996414243213,-0.01449775927679553,-0.01599461989769102,0.0004309621208795633,0.0716132228524049,-0.02201608619748152,0.0076522808084402705,0.04075469011030863,-0.048106473388680904,-0.0013121492666320345,0.033766265370604565,-0.012588918252522063,0.013508776224774088,0.014282322861683516
2020-06-24,-0.03755070322747922,-0.03248173000143195,-0.041508698710541636,-0.014299843079187302,-0.02914994940801452,-0.025255943492284105,-0.03148467393406329,-0.12429375791417241,-0.058599459411831756,-0.058758797690343534,-0.07915060337873836,-0.027642629085608328,-0.03578690924934935,-0.04215981714859851,-0.024253182952467145,-0.02256880869180733,-0.006056454717136672,-0.051300739459559264,-0.0609408564803573,-0.02139436438825293,-0.04006598794524807,-0.048115937606148074,-0.029283726067001914,-0.11769689195048028,-0.07971010853862481,-0.03411134834884855,-0.06453277985761152,-0.018998267574097505,-0.059279716981462505,-0.04927363263459705,-0.0542365397463882,-0.05450727537555888,-0.038072269674913506,-0.03456821786595132,-0.05645194375116436,-0.039943394243243,-0.023838688499748684,-0.044493045585701774,-0.06470555928436361,-0.03515648372507896,-0.029333453173061907,-0.023131555252070113,-0.04755440158667723,-0.015936158886646123,-0.09523808722873683,-0.019451156055287244,-0.06384588143545278,-0.023893745989315707,-0.04569898036243847,-0.07608153255150385,-0.046511740369260646,-0.031099484979079217,-0.07036111395993472,-0.06060621036387792,-0.04720306129662022,-0.04833544746434537,-0.023642665512741523,-0.039544365534530446,-0.03814095789822325,-0.0554089166254913,-0.05226461426514961,-0.06168852631408783,-0.09342744853940188,-0.06759847396592622,-0.011979842979510935,-0.022291556023870895,-0.04768138504609554,-0.042381755404811594,-0.05795047053110791,-0.025850861602251807,-0.030657797330451153,-0.038507359877560265,-0.09750909061412927,-0.00531780062088183,-0.05698921743025387,-0.028421138537375712,-0.05276381526471552,-0.08342577559515829,-0.024135541911446512,-0.11004617327801292
2020-06-25,0.015114149111822517,0.01546585604950046,0.0308021913645129,0.00016656996874475638,0.015846512372643673,-0.0007001555218637545,0.047654002958324115,0.08387093730904072,0.047965591587290746,0.04988339573569234,0.044724011190585555,0.03748853503861249,0.02395152698863634,-0.003568642038962233,0.009560540613368973,0.04753815593532518,0.025050766150874315,0.04950503706021103,0.030667800624951225,0.004048334271757881,0.0035930825941321576,-0.002436109338701753,0.013860584715474245,-0.02591175199489082,0.041994748661989156,-0.03717460519885174,0.014900581562360626,0.012910757132297057,0.0007592158041340724,0.03455149031754279,0.03709004444908137,0.05011085314360586,0.03356693495792218,0.014186140032632855,0.030668838273501198,0.013257040744696358,-0.005635383759568624,-0.03358782604922739,0.036687498728977364,0.02834037100704645,0.030219907412026847,-0.010929087345915023,0.019971493034729892,-0.0008098185606696395,0.039960997881653304,0.019167757755219617,0.016545721493773202,0.016794717946471804,-0.0222535142755782,0.008611553198412558,0.009921406847763548,0.018637417499388187,0.033489596283183376,-0.029032101027843704,0.049082701809981755,0.016325456277867634,-0.011728855247216896,-0.007593171125922837,0.038414258937409906,0.020949836806657185,0.018381779337957704,-0.0011533963398366875,-0.05032954617789176,0.0166258008499216,-0.03382248786115649,0.0104142965330416,-0.06172852725836897,0.010607132646678563,0.036008862555591215,-0.004422838512615712,0.003198154412699772,0.02279736132447918,0.05419053045992839,0.044957433913037415,0.05017098716269608,0.042649989327674165,0.006631300759408099,0.04898696543194436,0.0177188526113623,-0.02193869372242685
2020-06-26,-0.04085867660510478,-0.0245170819294801,-0.042307766961396154,-0.026675493672063677,-0.03201942195405061,-0.022424698148836963,-0.034203257663581677,-0.0049603364199709565,-0.0442274859128422,-0.03278681698722108,-0.016722375551884827,-0.025293835450417412,-0.02670580673539802,-0.059785142079119336,-0.017045775437702693,0.0359805870625034,-0.040950927517983904,-0.04354115822407478,-0.01833148485234548,-0.021774294036881692,-0.023117910769464234,-0.062271035186159174,-0.0030157121193633563,-0.058128002077600716,0.05793470918100807,-0.02509652957903341,-0.008700372633082987,-0.05996522790771486,-0.016798477064643436,-0.05619768706690875,-0.06987650548836688,-0.04011825871470631,0.006786376889831525,-0.02339766301541002,-0.08487801600112121,-0.027885678212326348,-0.01952152990853262,-0.07819903499608138,-0.11021243573469452,-0.04330728065510148,-0.018666910220252908,-0.011049643730141279,-0.057342724073007,-0.02674221440740543,-0.034676652569209265,-0.007343854060763433,-0.01667325820414467,-0.017165026287766172,-0.06856803916419618,-0.0368196607371547,0.015145198284866934,-0.014230574975960475,0.02462728400503389,-0.006644481257327861,0.07520749395669446,-0.028556945205569284,-0.001914262801861244,-0.048660949771263784,-0.04713623385514598,-0.021887742985783665,0.0,-0.04388001312614209,-0.03312306369521412,-0.02734585733584194,-0.002641977017206254,-0.012279043979541937,-0.0767543709485986,-0.015924670288581244,0.010861821620955503,-0.004442486914834398,-0.04038265223303983,-0.07048207589510513,-0.02362706827358152,-0.04116280134334116,-0.05103151629556035,-0.035129200620363066,-0.046113441978666736,-0.051888132266303066,0.06819000489449634,-0.061310259315931814
2020-06-29,0.024187729657614288,0.007235359192748536,0.05591604562748609,0.011647881333878729,0.007633605013497302,0.017204211088565735,0.05220929197150981,0.07676973861050884,0.05970160876219066,0.07239286500525721,0.010204091632387113,0.037071092481678836,0.022038427205258726,0.0676890708767166,0.01059733746461311,0.003441864791627447,0.0743798591452125,0.050834636664179866,0.026251615725502386,0.002473271951143996,0.027719178761950403,0.035807304884656554,0.019762039508386398,0.0700835871560026,0.04761927139529143,0.061386245447435206,0.08447619057583511,0.0502311565421234,0.030864146656606195,0.07825789454452492,0.04288702379461751,0.07937915747025248,0.040442852567725396,0.014756972684332403,0.013520877481004945,0.028852487342904798,0.04988244297398059,0.13796055236946803,0.00795464269076085,0.06481499312161176,0.016304508206388624,0.02048417936730962,0.08308615598235347,0.03247288442894125,0.07378642862215457,0.008781368445895055,0.04279349425321466,0.032073793273076356,0.05320119463431516,0.004432376972374197,0.06088719618622007,0.013611099849953012,0.05502854078289032,-0.010033542192932066,0.018300286501962804,0.001312605587258986,0.037590852671523844,0.05177815629662175,0.06637452457849169,0.05314678405113904,-0.010830011529541106,0.01328522207931826,-0.02838495734788804,0.04988978594795013,0.03841047870905734,0.006498536221517082,0.06492489506137167,0.027951460608832024,0.028653201941857054,0.0580097833963471,0.06939840305286271,0.05832797114898236,0.07455855763027719,0.04123213150167415,0.06407327623362802,0.01197323585899257,0.11740348365500419,0.0723624540067429,0.05195253991355275,0.07487297382768632
2020-06-30,0.009869544157181442,0.02041584093015736,0.032767520460346145,0.02353549307700975,0.03619515669343887,0.01832309913553498,0.03157520491212562,-0.02222220063700142,0.03892457645361325,0.01794800867364077,0.03636364179063056,0.028895208988251264,-0.002737038000906855,0.014637326442860754,0.014299030621401032,0.043030758803234814,0.033333444251062216,0.02346555696000685,0.04166667117795675,0.02220452971975151,0.01043209603252615,0.2708987748132152,0.030650568447980087,-0.0127076409172725,0.0068178385945059095,0.031716277935760484,0.007081405483400527,0.002934227369376874,0.024593703318191107,0.03344903633662999,0.027793634685813418,0.030402455591111766,0.03887080628014883,0.01847718966625278,0.02881519392343468,0.012805952830886369,0.015905123129645427,0.0007530292984123665,0.019165832664285842,0.03285019165403047,-0.010695064087742012,-0.01551080937665883,0.028767243753390348,0.009677491758756318,-0.01446661799421256,0.017350239645175236,0.014324437524799949,0.0025542557057047777,0.000881264173769658,-0.002757869284822023,-0.10262261418668694,0.04821948794902431,0.05215811335529574,0.003378437365628928,0.003993666400616824,0.03984235774685896,0.007763578286342776,0.0,0.03523183961223442,0.033200325625494465,0.021897823166467933,0.0536352514163978,0.025520490643327953,-0.017589970621122664,0.015943981151447684,0.020679213617097236,0.030483248559502574,0.00035772169088676975,0.004874812045262633,0.01602703849803566,0.01035551921570188,0.04776507574965194,-0.007303763664301077,-0.030048937953811694,0.053763439757573916,0.02028242856048945,0.006180710628707731,-0.018712782502015246,0.013234333101201479,0.0036379253746749995
2020-07-01,-0.01745198327697961,0.0003705160787936812,-0.03880998676735159,-0.012737902762163356,-0.025995279752399014,0.014532709661468912,-0.03868138746101435,-0.04261370691837407,-0.0569385145590785,-0.037894849751818005,0.0012994360086269197,-0.045165032760046686,0.0033173053112427464,-0.014516450019972815,0.005639207229537924,-0.02600869745685208,-0.0738213892537678,-0.0571428621729988,-0.033417788145920335,0.003217752009205821,0.0060446663646211984,0.026211706461110706,0.004988529193376667,-0.10297028936366126,0.006771967459769046,-0.012658390642512174,-0.05173283247309446,-0.0155061080914215,0.019411402799785593,-0.052519090391824896,-0.0405630874821038,-0.07894727585436823,-0.044988655887108764,-0.0013436414111794859,-0.04408706901549997,-0.007522473249726103,-0.0232837073840525,-0.045146755695405494,-0.04424795557270955,-0.05487209318299491,-0.0027028921289347085,0.00926761400971321,-0.049267863979139626,0.012779539236907889,-0.021100876172997607,-0.04541993210911832,-0.042747899826809155,-0.015286569624868629,-0.00498845568230033,0.007743161780444874,-0.03091905333505285,-0.0353259373044319,-0.010826129024645414,0.026935954283564767,-0.0652347182135099,-0.030249289927179346,0.016323969137436833,-0.005615984114072936,-0.045377273472762436,-0.030848186281964063,0.03928599586314152,-0.022624562326313935,0.04485916472871554,-0.002137841268624374,0.012554780678285304,-0.001558475175957974,-0.03246746252353072,-0.024320401290884863,0.009009009935317724,-0.036944764799133,-0.020498905097724673,-0.0625365797719899,-0.037400348047283094,0.0038424555657385895,-0.06428572471218252,-0.018932458862880086,-0.07985275114449619,-0.004622936856125137,-0.0477860610458557,-0.009397092516667205
2020-07-02,-0.0021314614266618737,-0.008148122716833073,-0.0005894348592411225,0.022117788472356237,0.023353042573392324,-0.012278297487454015,-0.003149067804022243,-0.01978237547545758,0.0026135595830039104,-0.015590626693540055,0.0,0.030018115137116608,0.003353957380067385,-0.030832379733140125,0.012149629371652537,-0.004604184386227561,0.004018656377730689,0.0018704238964624142,-0.004452216021353594,0.006415329711440876,0.010000680699518094,-0.043855414333113685,-0.009163794052087448,0.017660026490250225,-0.03363237695781984,-0.02014616686000803,0.013241526012326865,0.005051951299751778,0.016072887898435306,-0.017402709539301564,0.0005753624925572964,-0.006493479880011477,0.002798533424766214,0.00605534730724,0.007596223047889428,0.0037092543164090053,0.006987259831743531,0.019700552266877835,-0.004629605914409973,-0.01001023892899422,-0.005419942968794111,0.005509653897130873,-0.01820721612130749,0.014195448650966114,0.0,0.011174000015025332,0.03269518375363356,0.0008623781782872708,0.013270653051167036,0.02908890547714016,-0.024912504150800374,0.002615778163139515,-0.02476958207225588,-0.013114681997203226,0.0012767340649022518,0.009487818341582077,-0.0018044832808323807,0.013097782502754285,-0.006535911701042951,-0.009284001614561777,0.0,-0.01736110457316864,-0.030711361545675664,-0.023567248648076022,-0.008059454346708406,0.008906319041779076,-0.014914209894612784,-0.03005870900048291,-0.022664994247109105,0.0004309621208795633,0.01854447141591309,0.006857803398006901,-0.014012756031944518,0.006459341212721403,-0.004362045967309713,0.02014213092888517,0.013351071245313761,-0.008998588285214493,0.010706004671896974,0.0478384798706164
2020-07-06,0.014595990322847863,-0.016056769759166256,0.01415495191583016,0.04032815885259389,0.019559807785590966,-0.0034529743987556927,0.0010528631431392377,0.04641776440259959,0.00026049865691391005,-0.0038899309369906376,0.006489251695984244,0.0029438405637489673,0.026267791550636854,0.013499326131529488,0.0036930444158207454,0.0024669972035762378,-0.014009368363078423,0.014936480608705116,-0.031044357151876367,0.019123422854000482,0.011010887308192219,-0.04435489220500077,0.0,0.03145335720760034,0.01392121328057816,0.018691378676849668,0.035023528786558344,0.013601392330676365,0.00030225470324296566,0.009839325815284905,0.010634776955781966,0.006535920749898283,-0.007906955106261937,0.012205397973109378,0.015616609291621897,0.009800610212374883,-0.00040819183530749203,-0.0007727415403225857,0.019767481125897657,0.013144394706475548,0.02724798795325234,0.023744274870697524,0.00855930260469595,0.03888025301018305,0.03186505624712077,0.022829539212444017,0.0015444268192952304,0.003446869203377556,-0.001746378613224575,0.07840017407150524,0.008964429338754076,0.021874192667447945,-0.0005906331360705508,-0.009966798197939108,-0.0012751060935162206,0.013261236596363135,-0.009944017694486385,0.0188587782026286,-0.000598246502479971,0.01338691076498466,0.010308710144531386,0.01177884883383884,-0.03718071798201161,0.020021929801616878,0.033750047567126185,0.021386909026869683,0.03633601210562709,-0.0003778655283125376,0.024596107063064254,0.008617008652673785,-0.0075572816844003965,0.011145400599494648,0.032622747375608885,0.0743998357694382,-0.016429416245826056,0.04197208784766371,0.05138344547208984,0.03134152647784316,0.004303194597789606,-0.008018794372895544
2020-07-07,-0.034736894557098275,-0.04022768313460112,-0.044780334684575984,-0.02017019543968801,-0.02877696488148973,-0.03187821011101177,-0.02769981315747516,-0.07810988185933943,-0.02267364785486614,-0.02343098677486921,-0.018697582888213993,-0.04373374618877668,-0.015408101831942855,-0.04014519060682653,0.003680048371300426,-0.009843396730334408,-0.038565442766386515,-0.025386048149809715,-0.021721619128794223,-0.003909178354084775,-0.013339408025460409,-0.027426085206981532,-0.016763058208162485,-0.06414306999688524,-0.03661308903329619,-0.05321113206393935,-0.06717171590676807,-0.05163362079326117,-0.05690976627063693,-0.027281352694351835,-0.029578701155270837,-0.04415579359020361,-0.035161781917040225,-0.014536110802862767,-0.04241764813420268,-0.02132062368852372,-0.0010208155426940646,-0.0696056110566623,-0.043329515234132865,-0.04391210570615889,-0.03713518549721784,-0.033006282969030964,-0.03536071733913593,-0.0037425305631633154,-0.04632154571114222,-0.0069451632595071144,-0.013877997659125008,-0.03220266082084944,-0.06413997404742011,-0.06330337013747245,-0.055086383792114835,-0.03593836164468722,-0.07092211240039292,-0.013422744298339784,-0.04978701033947919,-0.010800431728165472,-0.026661734796848635,-0.03282857788922333,-0.03710332444651232,-0.03170401622933139,-0.017006106958299072,0.025610946390776768,-0.0396239179975888,-0.015057746148760875,-0.022974642843517912,-0.009801258617710973,-0.056245469558641514,-0.03894142370266762,-0.03635138046366437,-0.030756058011426446,-0.04742138743618818,-0.025719330812777774,-0.04973413158391016,0.011504434712090283,-0.035634711707850264,-0.020310836063498594,-0.06390974493443102,-0.07554671731261564,-0.05042842333595188,-0.043415737291408685
2020-07-08,0.005089039971231335,0.0019770357948010187,0.027092779936402467,0.009488326720821672,0.014814849753408632,0.02433775923150483,-0.012982119745650555,0.011506239733162671,-0.012533670595376356,-0.011139728605880084,0.019711000843907422,-0.011970337145768228,0.0224532103064381,0.0017466193637896144,-0.0018325030265070597,0.00031062723643993095,-0.02040813154124721,-0.006040073211181496,0.022203924315949974,0.012559081269330141,0.004926552531906658,-0.030368837151426575,-0.0007837958414043111,0.021348375528244423,-0.03325415587873848,0.0019382268604088981,0.0037900165010962272,0.025838209657227607,0.002670084452991661,-0.007011764536767662,0.002637523344503956,-0.01494555114874807,-0.01846471961553464,0.00804579137602146,0.004429544541774799,0.010730026682278293,-0.02636409926460781,-0.004156291923916311,0.005959516821791411,-0.012525877512135963,0.002754613660206351,-0.01014765887663327,-0.0029325546222083165,0.03305797422862233,0.009523845854259694,0.008069562003646613,0.0042999510285661735,0.014196969025133344,-0.0037382017252239885,0.007391352449863442,-0.017866034629219874,0.012629671452281999,0.026081314950114676,-0.006802839079010359,-0.02194362331415478,0.029672414566945138,0.005065491979836967,-0.014443984284249756,0.0024860090419924763,0.004092750193895878,0.010380314727779005,0.0034052869829317434,0.009440575320362798,-0.033033111217219524,0.0068069448361773865,0.013047897641172534,0.0286379515807047,0.006294250469390139,0.0021353619465427354,0.003966511699847741,-0.006540883627917382,-0.01822773200936756,-0.011520687419013798,0.01771648156096206,-0.002309411598353739,0.016330799898004678,-0.02409653039076154,-0.0006144534019190129,-0.001388555110798606,0.011039782715491553
2020-07-09,-0.022061392436284688,-0.009865824723543581,-0.042679338821977275,0.01147064366224293,0.010543239390819137,-0.03563920341352811,-0.019364657877375846,-0.08479831317007458,-0.04968910265578119,-0.050260002731648545,-0.05605674225141166,-0.01988199941818647,-0.04247460795952818,-0.04911378953580525,0.001835867258815238,-0.01770186970220544,-0.05100584949739262,-0.023927228045871662,-0.017920759387162644,-0.009302565012628938,-0.019055920340229515,-0.022930641311871836,-0.004902921980204145,-0.06050607057231794,-0.06142529988375667,-0.04835586615985554,-0.05663436313694026,-0.07436275107514989,-0.03142306172292508,-0.05346346844345018,-0.04823113209814345,-0.04597704674473402,-0.023267143367431076,-0.013302304691026445,-0.04134500914149075,-0.019462660366517448,-0.022460525387065,-0.07011679724628517,-0.04502360425167462,-0.04334061615419882,-0.054944923366868736,-0.020503168109567316,-0.05294133039064752,-0.012363642273563902,-0.05849064310575369,-0.015061582495854764,-0.009342227337318376,0.012248415215268427,-0.020325207306873594,-0.059224205968785526,0.0028726285758096104,0.00543161008700177,-0.0371976355523983,-0.0034245600123974373,-0.04304052258286961,-0.046781242629502784,-0.0214669764135742,-0.07132400617577506,-0.027278434718504663,-0.05163030890085352,-0.03424691255496448,-0.04977356867100868,0.03394525506575463,-0.1182947160732094,-0.046711813304167515,0.011280945996205105,-0.10383765823516689,-0.03909304155522131,-0.0262785029415763,-0.018876220026975865,-0.043160101282888275,-0.0358512882197054,-0.06460208090905395,0.005372877854259439,-0.03819443409641621,0.008091183420368742,-0.04389574421967479,-0.07254837969760108,-0.04379551272658322,-0.041116254481608494
2020-07-10,0.04400878622386806,0.025109571818859422,0.05232214316039463,-0.014175431844256958,-0.021669231220953655,0.0166669344039434,0.03912094249613629,0.03954795623831209,0.05115074762050442,0.05200738474137978,0.02730373206474135,0.04500824702429429,0.023964723996486414,0.013244029210194297,0.003693408374479734,0.01928550659764494,0.04996210482311758,0.04630358091357634,0.07492404517583862,0.014424215324919665,0.002780945555454606,-0.005151697545808798,0.013598711152621235,0.03864167742155944,0.0,0.05894300431341337,0.03887937759145599,0.038224760795194435,0.011217383037975814,0.041918262311331445,0.04760399064661902,0.055421694992727755,0.04713634399048772,0.014324261432095087,0.057504011562083956,0.016732047052533172,0.03586039428246601,-0.0332136332276558,0.05583104255340765,0.047513910536854054,0.04069746571142363,0.03139862900327195,0.0590063868020998,-0.0014727899623492302,0.0621243354380423,0.0031905992142100548,0.008251714052891934,-0.019662918569893995,0.021385294655488662,0.044568054617596164,0.02052514926781157,0.014405602443718912,-0.0006438776373209887,0.027491412732236764,0.0674642088011046,0.04920793707736437,0.017168739667655197,0.04931608834320356,0.04142771836157633,0.03151842394678517,0.02836893843255317,0.001190117351433928,-0.014070354134892216,0.04194689056973355,0.0393296257581095,-0.0019324527107107414,-0.05205716593737275,0.020341741316190154,0.03209341294865875,0.019239386927809354,0.012232421472233579,0.04515262612644855,0.07119971481437481,0.1323215605586061,0.02767744050811216,-0.012209352010343788,0.011477987268070589,0.08286370852931291,0.058160753910886376,0.042176354726226384
2020-07-13,0.0021254922936870813,-0.011275233900497672,0.008237435091327683,-0.017255091329801076,-0.018867894432808452,0.002138007424369537,-0.005019847092076368,0.0032608406079508434,0.008650856540894036,0.0167676193671622,0.0006645065234660574,0.029117116106952334,0.004399936547892613,0.010154738469418723,-0.014719342726489892,0.0018611832677557505,0.010814684234679017,0.03235408379391891,0.006944627040317508,-0.011655307534545245,-0.001948823955510215,-0.065592603262137,-0.020610565175990136,-0.06764367931641657,0.002617762273787516,0.0,0.008255344958747468,0.010608429350436266,0.039804282583821626,0.01738837500580015,0.010554538606499797,0.019634613693561453,0.005324248887920824,-0.011796079864441866,0.016857407999789187,-0.013229935387436553,-0.0020730314913977033,0.050139270092951715,0.018801242420991127,0.010548453545084158,0.02513980904827795,-0.001844952959545898,0.024926432745508542,-0.011799473448207087,-0.04056606506613736,-0.0010801843898620156,0.0015587890165071894,-0.052898341804786586,0.007187414269399728,0.0282666592967038,-0.011225596693366757,-0.024457613058079253,-0.01997430242829701,-0.006689002521157228,0.018377391991885705,0.01746287393676771,-0.003563108970975337,-0.0046372072277219845,0.003059911561937634,0.02777791010647168,-0.031034195019914557,-0.04399509958011605,-0.02650359084462295,-0.023970518275963193,-0.026054721783093426,-0.022353273555342668,-0.01594291742934839,0.004385989261809664,-0.028975182838105407,-0.014047479917788097,-0.018126700783986927,0.027954195241585378,-0.0116317839712482,-0.0639984767137115,0.007025810290949952,-0.006065002513282902,0.011347462644389239,-0.027854239089871835,-0.019924541582137967,0.09631732664675963
2020-07-14,0.021562299035084775,0.018875325854346592,0.03297356381974459,0.01674508161167143,0.023411102523235305,0.007823580977029287,0.01189199987324252,-0.004333690556536651,0.001340506225459226,-0.020187431969628578,0.03320061348591796,-0.006547368995989844,0.0020971057153615913,0.007066684777550902,-0.0009336044951471223,0.03436529305339553,-0.026390781294115317,-0.008285304374787805,0.002298840690476478,0.011792755729249427,0.014792227396104085,-0.02155168920740147,0.03593411577670813,-0.01934713328053339,0.02088783215307144,-0.03454894221862126,-0.002183352011190909,0.02778640144607536,-0.006066330167891376,-0.00573927685897091,-0.02930120355029875,-0.01836095694709383,-0.014925374891677001,0.014794956483075383,-0.029412030264991507,0.012426407105712522,0.030951340050982212,-0.02740940832141947,-0.004613517315532167,-0.011482266628417448,-0.024523298018850004,-0.01940844013299181,-0.025751016764609558,0.02835814525753033,0.02163227781498489,0.011655371745737497,0.01167305299620125,-0.0046544276764668435,0.014272379947168234,0.02904553516861963,0.01135304135688231,0.0050546605795815935,-0.008546891102713894,0.006734046575679553,-0.021126870178628132,0.0009807992035835156,0.006399375400583995,0.019894361034960006,-0.007931441590538157,-0.01891908270795495,0.010675933051751407,-0.03233831692304778,0.017102959080014912,0.005037778534604964,0.033758050870979384,0.00945171933077793,-0.03870402248375193,0.0115124653445966,0.008005590966425391,0.024488030580082087,0.013845828753753509,-0.014833102186020741,0.012104929829259037,0.04336421201652674,-0.02790705978450958,-0.002763335905069053,0.009817590641956198,-0.0006297373305899079,-0.003516061199282494,-0.024240187625092502
2020-07-15,0.04982703635446595,0.05055960917241098,0.035028326580711866,-0.007035655787483663,-0.0049019177509536105,0.016937214363254904,0.042023001337198496,0.05658329504972448,0.04684135430813963,0.06674399232550532,0.0025704780587827436,0.05362470407052777,0.04448217688557765,0.0974502149747063,0.014019169956003052,0.031128445677137684,0.07912081314597108,0.049763912603788985,0.07441378831938605,0.00932413369814955,0.029966475786794122,0.07488983981572783,0.01973934023137036,0.13810110147624322,0.07672654755102193,0.0914511709202328,0.05798683950360939,0.06158002945876673,0.07534466751639313,0.0899829648593693,0.061864739165241156,0.07025529559434318,0.05425204781483739,0.019052418111232372,0.05619833798774354,0.03456064321082164,0.01692531675485842,0.11363636363636354,0.05561985989709162,0.06652607820983869,0.04469283604872443,0.09519323586476425,0.05286369365211985,0.02249662890753168,0.11164579490679194,0.030524436980427172,0.09500006905090319,0.06499880171949468,0.10981962306041515,0.03477856286735004,0.07811030033241817,0.01609301600826507,0.02188316188954742,0.06688964109961115,0.056654777787141786,-0.013472139134588668,0.014774664337845245,0.06246904277732401,0.043665213097556776,0.06336096720891504,0.021126683178474437,0.0565553437137003,0.1808510833269188,0.0639097432112401,0.06962417610872818,0.002675352559343702,0.029962679926280877,0.03335951321587527,0.010830559659081862,0.06953500067598561,0.08383936337236109,0.05520698036597649,0.07707633747751808,0.03672920051599071,0.07535886845853246,-0.000923904564630762,0.07777795008127852,0.14587269042703888,0.05045865541836947,0.0938208586479472
2020-07-16,0.01582066880754973,-0.013592907465770576,-0.013373323828309247,0.0038649510852213353,0.002463284516587283,-0.013185264184518486,-0.0205059445852821,-0.02059730262403836,0.006136283301186873,0.0005437507020311649,-0.013461369073664686,-0.0051179681029539514,-0.003651048864675932,-0.029178594411800596,0.0,-0.004354088386554045,-0.02172436912839948,0.0031142062431095408,-0.04554070216872175,0.001539833166933624,-0.0034123633405073184,0.009953166103823907,0.003382828571186769,-0.042253457095399294,-0.06650862430006088,-0.03460803654834832,-0.014994876589416117,0.02037354888495657,-0.02691065597710296,-0.024610481534021567,-0.005629073281740005,-0.005967073282582724,-0.009272073838278216,-0.0027639431697152883,-0.0005215339902459037,-0.00515126096559082,0.0015850542443311966,0.028571459711814517,-0.004390624345930183,-0.01485150323331419,-0.013369048612135503,-0.031841783408672386,-0.008368299067449514,-0.007807144956034295,-0.045887422010290946,-0.012793346120215543,-0.000702318778844413,0.015257951843361317,-0.031146462802079,-0.006332118186585078,0.006073585612298871,-0.008117026559398055,-0.015574270345303676,0.006269485257611729,0.00042567834648599145,-0.00757305640521988,0.006266104209518675,-0.004880290149254063,-0.0005892912913547654,-0.0038860585510893664,-0.019197199520081032,0.004866153345003621,0.015693139143328372,-0.00588930413225186,-0.02016131510056307,-0.006581449316384824,0.0,-0.00873526558688853,-0.009285715572594055,0.0036570560892239534,0.008400441365972178,-0.0011889252469341471,-0.04503390397693385,-0.09192616459049119,-0.013348152237400601,-0.004969012866474221,0.032216243809152,-0.05169088008330447,-0.005374564076864652,-0.024671335865114274
2020-07-17,-0.004217987631358167,0.008938538834576626,0.0011065550663791335,-0.0006418499269736921,-0.004095106716251573,-0.00421955503893745,-0.00942108752152171,-0.019979025182416565,0.005591183738006045,-0.03724836911727769,-0.007797480086342956,-0.033723992215283216,-0.03192934513932799,-0.014935158111890723,0.00460741910084117,-0.008163454809538284,-0.033310235024083035,-0.012418238369194645,0.01540745411387312,0.006149085060102477,0.009407112444456356,-0.01971015377321106,0.01798087835638351,-0.013574647453366007,-0.022900425992613993,-0.04339660228473896,-0.02729651292601709,-0.03854695372738537,0.004625895747978337,-0.014052995827277592,-0.029153470364307932,-0.027873283310916763,-0.013102641458736408,0.0026083877281046774,-0.020876803250099774,-0.00015695542210802937,0.008704315062945334,-0.09841275295642815,-0.016537885520418127,-0.024120776373060426,0.008130160523424745,-0.02133327995092571,-0.03375531376402052,0.016452113943695057,-0.018148888805040952,0.011324524106543388,0.0014059234738810211,0.02789492799918558,0.0,0.012254741123091994,-0.006036919862678403,-0.012574762623575375,-0.0468027762729577,-0.05295928131269312,-0.021267741042972577,-0.027895622443085744,0.004578759841904478,-0.012260455070942755,-0.030070511678490064,0.0039012189162184185,0.0,-0.023002564265775183,-0.035765378332279885,-0.0459123019586144,-0.01352156620706535,0.008684067865720513,0.0227270408835345,0.010344844973847689,0.023071322700066954,0.005263123755107513,-0.005553665175967337,-0.03154785514332725,-0.02260978282592685,0.006981522531035234,-0.005637000155576888,0.0037163302428095957,-0.004993734650256765,-0.0165266303793008,-0.015197579554202978,-0.02174950777424889
2020-07-20,-0.021179533496549774,0.004429639394937457,-0.0016580382182683762,0.02295356950290639,0.012335584243421849,-0.012005540585532382,-0.016555101113208348,-0.03648070426190109,-0.03967656592793689,-0.026263806350784624,-0.014407216118909383,-0.026323664214000897,0.0063241244809491,-0.02796884959139978,0.01376179638830366,-0.036743103776581854,-0.045226064116567266,-0.012923492318793306,0.0007342112920831756,0.016806113868346184,-0.007998255169274326,-0.04198693618446803,-0.004967739662310455,-0.0034404456108726444,-0.03906259637238252,-0.033530431618323475,-0.026443591633070196,0.01442169098375845,-0.003703731140446309,-0.041140353002296126,-0.020116603279756506,-0.035730095677122264,-0.030346058717736768,0.003414760287872687,-0.016524555592025036,-0.002510915219280707,-0.0358895741219315,-0.051056332855180964,-0.021300743315684656,-0.023686839782447122,-0.021505421486831877,-0.03723878281988435,-0.024745112927305857,0.018296920890762847,-0.026802215344955083,-0.003001583596026869,-0.029835160086128187,0.016619352436378687,-0.04495048837629867,-0.052300225252587595,-0.013882923798565261,0.03517291470845074,0.011065092841400448,-0.006579060706704998,-0.011733968702586028,0.0003860834293409887,-0.029717423670511,-0.03712033246911106,-0.03161106641356226,-0.037564702158698116,-0.010676053847745726,-0.027261225686258883,-0.0038575983730599894,-0.06892267545653796,0.0017879119376453811,0.024940232271835505,-0.014222156689701837,-0.017823329759013684,-0.03453144720867918,0.00684655967846548,-0.034206087463128476,-0.02274102900404007,-0.049570389578791785,-0.0487357125821688,-0.011337803997214624,0.038417089146950856,-0.04893348580127099,-0.046874894567250025,-0.012688646612405985,-0.03371199672978986
2020-07-21,0.012982660650843636,0.014700534338024429,0.019651318444716237,0.0012553241045185626,-0.00162481929133107,-0.007147944007068974,0.038682200718431314,0.03340759532601867,0.036315474968264594,0.06612552257164483,0.08372082715121376,0.056197201256978246,0.013417445191549637,0.017729365911557604,0.0,0.01159595566160676,0.0729323832121489,0.075371528707463,0.018341915940817355,0.0022541109583484875,0.022532405294173996,0.04074072940304929,-0.011279596702995609,0.025316487646953822,0.03252019474475576,0.04489790908935687,0.05598660034789016,-0.009098655430319957,-0.006932607755138154,0.05000000401041449,0.061589223231295565,0.05031997444732239,0.05721277837772809,0.005833849040876693,0.0493223989149143,0.012901249226558331,0.029292070606245835,0.06679037892984829,0.05612856816849998,0.052742707150156054,0.019230922738653122,0.027358369097337798,0.05223866980624603,0.0048377135413719685,0.0037986669389724614,0.0002897085781516928,0.011215640201690524,0.009932737395928593,0.04289544049102645,0.02401643483595106,0.019357664428418353,0.006053223308214228,0.02188773070519856,0.03642386422997146,0.027704584105171737,0.026884287381895522,0.01597138408527643,0.017434083342595663,0.044569921541661284,0.06460272422047675,-0.0071943564363545764,0.05605092649374788,0.07268390375008504,0.05568523137843551,-0.005949010177597414,-0.007534063311991246,0.032461569445992655,0.015057965356804148,0.01313873150631406,0.005999984741210884,0.10552957880528768,0.08616356757875909,-0.002781638493372318,-0.020793165894432364,0.04357799344086444,-0.00022272444856352713,0.019788921754364974,0.02288889025235763,0.01736713199193418,-0.009753423979877884
2020-07-22,0.010187324723982982,0.004708408471308045,-0.0008143524856943918,0.0064254228737239405,-0.004881891271773964,0.01511873891401172,-0.017241551175858016,-0.0021551190371589257,-0.009649304412531201,-0.021218757931657617,0.009196890294038251,-0.022145631268566723,0.021115732586591385,0.00999503569312643,0.0,0.013272881462721875,-0.017519385856739622,-0.017768869934493337,-0.011287143102371,0.0037482577867624656,0.018586398620614952,0.062277532565205185,0.006545697889110524,-0.007856307073287994,0.047244221753060645,0.0019530625608161767,0.005774310485932466,0.0020085996524847882,0.022157046970333605,-0.027992311615168908,-0.008969041359970342,-0.027874465846708496,-0.01665084023371466,0.006766538598516947,0.0030992756407786093,0.007145032964807729,-0.020157954376831655,-0.021739130434782594,0.0010843957224400125,-0.01002033082082665,-0.005391017652968899,-0.0018364820187501962,-0.017021387470634086,0.008253016690115356,0.004730387150280402,0.007523811565044891,0.02003580194556487,-0.01208892836591835,-0.013424506173270734,0.00349261535086387,-0.002589663201298942,0.002523525061159493,-0.013386936781018433,-0.01597449739963186,-0.008130154297395387,-0.05273688970240287,0.016090385315560063,0.016290579819299156,-0.02403846606171789,-0.015170536916226607,0.010869460715978052,-0.024125408128303993,-0.002221550127359584,-0.026847769600959248,0.01735512990118937,0.0027923601401469433,0.007860279350285326,0.006085958228993826,0.04322763490069659,-0.009542734582840051,-0.028113728661789406,-0.013318068499101998,-0.008368192767238325,-0.0028459077768548946,-0.028571452525570473,-0.002563814726757041,0.031047845798608975,-0.042334430947980506,-0.005462642035816034,-0.03902011795797877
2020-07-23,0.014638899532171123,0.0018024926035233868,-0.002716747057992741,-0.009187234819462708,0.0335238747751625,-0.002836826807877557,0.018245700228108452,0.006479423807706386,0.023076912256661863,0.04335757241319915,0.013973409186675001,0.007646803750122277,0.020479677516624717,0.006974659929974258,-0.01357498027380033,0.01131329331619435,0.014265461773484533,0.034170956108575457,-0.008743994001405908,-0.011949591419805117,0.04717304164275782,0.000558360076327924,-0.0024154787969599134,0.002262387301373625,-0.012531338569465422,-0.021442320659978198,0.008872655409593255,0.011741228052926767,-0.008512329216496028,0.06256205071314946,-0.0016969769567641846,0.010752528537996131,0.0014109408304374682,-0.00624094713694312,-0.0005150598956497054,0.00015420577597513585,0.013513662310521424,0.0524444580078125,0.05092111232768115,0.015182390284870007,-0.01896984960482595,-0.012879650901179929,0.020202231039754714,0.0027285796966647347,0.008474590730483067,0.004940218939019747,-0.012276352634098986,-0.008192480690938475,0.010712062134147216,-0.013923064841234511,0.027693668228868207,0.019167423891782276,0.0006786468144153179,-0.003246660509044208,0.006902537873945125,0.024596543320487774,-0.003276515585916906,0.007242660750791163,0.01908874593187493,0.09499384134519251,-0.014336600050633419,-0.0037085353716689307,-0.0581686650385812,-0.0019474023687896524,-0.014706035573240461,-0.017401951212021927,0.020797300746896008,0.008695634616335823,0.005525028879831417,-0.0076274803380762535,-0.006390812248384337,0.026995392332572532,0.02039380846746086,-0.0002195021229565164,0.009049764968910745,-0.03788097522124567,0.015056513393509219,0.04925795586309745,-0.005492646396911716,-0.028909316682033448
2020-07-24,-0.010900917187049552,-0.021230663301570307,-0.014982217621742677,-0.047304928889775555,-0.04430354382202317,-0.020625959075222355,-0.018608100738352285,-0.03218876039525509,-0.0107770373030871,-0.020511403914368564,-0.01917314007574422,-0.018096802059734962,-0.01109859632533694,0.023305912538414963,-0.006421756289617386,-0.010892148378592537,-0.015471256072379092,-0.02915461723302648,-0.01911327775520344,-0.004534936527716638,-0.001352598945089989,-0.028459834079828328,0.0005588115992094522,0.016930087812310868,-0.050890505703043654,-0.043824753488496127,-0.041386406633113215,-0.014435383804089819,-0.018967770396425387,-0.02087224326839021,0.00878214202557781,0.01684431238355688,-0.006106419706686017,-0.008373675284266913,0.006697789356366446,-0.009406293334296434,0.018905298499989565,-0.05827707138219951,-0.010309161721439142,-0.0179460549769368,-0.002762523787312343,-0.021434890591691236,0.02263076856781665,-0.01836738036057306,-0.03921569325844865,-0.013261413739652617,-0.007102539370779759,-0.0023003055427344155,0.01546820063301202,-0.016641405594103875,-0.03199986249747233,-0.049771948635322305,0.029830199217466102,-0.04560257101194953,-0.014995622114322815,-0.018714735803515348,0.0005479855353307528,0.002004382658546744,-0.007855053131302858,-0.024619171700135722,0.0036361440882746177,-0.0074439456288104555,0.027777737070639352,-0.057235779801035336,-0.022089627207199314,-0.017356023647675634,-0.04244481034060321,-0.007121459216054005,-0.03571439125589104,-0.08899671993123048,-0.05382527371222967,-0.006857231313501133,-0.028945559591235903,-0.030303053148264425,-0.007847499352634735,-0.02984924919074794,-0.004944412488057326,-0.010532605445156107,-0.00759395544492647,-0.00663055510532351
2020-07-27,-0.023338788866447246,0.004044069849909793,0.004424754498818961,0.03942608364796252,0.12913917663762642,-0.0079882325007673,-0.01825834562375539,-0.003326018306316847,-0.012667725615897796,-0.028011968288962463,-0.0024434242299873343,-0.021997563673402,0.0030528972697521084,-0.022226182717666187,0.017543929538635705,0.025892644917405505,-0.03499993846594662,-0.0400400125336855,-0.04871325838985885,0.0045555958658141105,-0.014276523694806587,-0.011487694698008921,0.004839879293096594,-0.0432852756288058,-0.002681017031358257,-0.018750053111205367,-0.026443591633070196,0.00919011193649677,-0.0004069735168311661,-0.03245302128605887,-0.015445324257674864,-0.04838719057108609,-0.009924190372945896,0.006820314708626984,-0.006141330697929215,0.007316313921694295,0.010351592545864374,0.011659203487762504,-0.034375131241780155,-0.006091414291632513,-0.011080504644175537,-0.017143213741731667,-0.05670813717855283,0.020097088636144234,-0.005830944590780596,0.026532215211497512,-0.00822577452411144,0.029972759015230777,-0.017489169677472494,-0.006154077827919879,-0.019573813171113952,0.03138736734349612,-0.02567462225186945,-0.006826056293640859,-0.02827314462487729,0.007628781481445079,-0.01368873463013065,-0.009529540652184476,-0.02923256057516377,-0.02043269888968724,-0.01811585942310645,-0.020000073947678332,-0.05520408960129719,-0.05795102857674095,0.00854715610683443,0.020365997332601804,0.005319102463525516,0.010947562024652413,-0.004273659626856552,0.01287739796997811,-0.023971600590236175,-0.042002235222701856,0.009936081485614645,0.015851466606843223,-0.019209047340822072,0.05734484256835448,0.02236002333760978,-0.013990355359690065,0.028173933715075705,-0.03705234295275084
2020-07-28,-0.0009956627158598241,-0.01940676637353378,0.018722746087322273,-0.011268163850712498,0.05058634860554401,0.0029282029847121915,-0.0075106170024952235,0.004449384079133534,0.0028226887564142267,-0.0016788389911742696,-0.028169223393567644,-0.028267346187643594,0.01548057065397157,0.012254094557500927,-0.0036299461714102144,-0.020597492581111543,0.002220441501695758,-0.0076470368317788084,-0.005777321117060197,-0.004534936527716638,-0.01582422235347558,0.006972739431559072,-0.015190805886958425,0.03944317367770345,0.06989220642191829,0.01910833541510537,-0.0332594429611861,0.010529281113014433,-0.016593757783857854,-0.009207483156776441,-0.009982465433466925,-0.009620064616081558,-0.011933265045860564,-0.007580647864768197,-0.007723679899688585,-0.00927212799293009,-0.012951702100910123,-0.008865197709456818,-0.015102598309563842,0.0030640999720743523,-0.014005364570536805,0.019380145464315213,-0.0014664650066125162,-0.025135860798826237,0.007820222967759971,-0.028724700494745847,-0.011539653552187668,-0.03205129797521389,0.011197183906965114,0.0025800947746608127,0.013753487631470662,-0.029075431357089343,0.03243235960075386,0.01030929950817594,0.03804834373073662,0.006395789143198272,0.03441896699274927,0.0036821223605336684,0.011292275677580399,0.008589063338076519,-0.003690187618418994,-0.015306415999109646,0.010346930805618548,-0.01428046126968241,-0.02300251917587315,-0.014660644620585916,0.011463802533034917,0.018297227727948284,0.04291874827339792,-0.021043382440802616,-0.027125863087359203,0.004204287818112107,0.02600146529416203,-0.01136875009566507,0.004608290374042534,-0.014945781670803071,0.004860599580121194,0.03207899365409417,-0.03281459315995139,0.03791219596042206
2020-07-29,0.02524917209192612,0.037341298519782073,0.020810588067855296,0.01524899722943207,-0.01186323656402044,0.015328414469747642,0.00036040077055909947,-0.024363158345532376,0.19651989838113648,0.022982027937587857,-0.0037806106289454133,0.017516167437823027,0.033917699202102636,0.041216261826714895,0.008196988512093606,0.019845708229001113,0.03618941624692806,0.029422487958938648,0.04675141449713838,0.006074493723583041,0.041695054121748454,-0.0011540945096204513,0.027840473033943658,0.008928562875609058,0.0452262280913962,0.010416659857537702,0.01720179058909399,0.029850786352987102,0.03985505729746475,0.03418506480612371,0.025064484077168547,-0.01618851851269454,-0.006280114019783345,0.016414826592710652,0.03788218873579141,0.02183729690972025,0.03505653414958898,0.03667261504655772,0.03504924165781764,0.023422056559261106,0.019886207105049847,0.047528433258704705,0.02202664867156079,0.005574836286035056,-0.034917613549907744,0.06007793056299282,0.03538835844741883,0.039840229422388296,0.04344127564253286,0.03551232455928677,0.03894964383165278,0.005989225588910241,0.07002662698615358,-0.0782312430885227,0.03492876367890063,0.028015841425545585,0.0091235793938238,0.044496779801761255,0.015508808926671946,0.03406324230848434,0.040740819778955384,0.050518352345492845,0.12710835268162302,-0.005572051192613614,-0.053903191580636056,0.018911930282553113,0.10462086578068464,0.006233959422085267,0.029492387506949047,0.033139264381840006,0.032027087480018146,0.04007168373455583,-0.0136986820351932,0.03382187264054304,0.037844026789060736,0.020344992272986584,0.015719304704638448,-0.026598906575028836,-0.019237393650134882,0.026168520448947463
2020-07-30,0.008101155605924726,-0.014398902663497637,0.0074131921887850005,0.018497821684968718,0.0007061601797639927,0.0,-0.004322901111186828,-0.019296261997379327,-0.01325939059055703,-0.02136996691264903,-0.030360644357831812,-0.014755597591097125,0.009384775808133572,-0.001331282714689186,-0.0018067752266678339,-0.037467008381448674,0.011403775180716114,-0.011908893302263301,0.09689594256133471,-0.003773826590115048,-0.01304774940601594,0.004621601743169057,0.004941443279276925,0.03761063650692731,-0.04807672771185234,-0.01855675371964771,-0.023675314639954648,-0.02378996278766432,-0.027974093021044366,-0.031129608336582293,-0.018549846697544226,-0.001410391006678502,-0.018473517530742445,-0.0051167420955385845,-0.015499745397090314,-0.0061058294530127455,0.0,-0.06988786962490567,-0.014814803884464878,0.04875574188935006,-0.0167130496504988,-0.01633407509577034,-0.008620791128286842,0.004850912164644949,0.02512562862234513,-0.025925014031409233,0.029245956160038222,-0.021532524189700752,0.012788952482006621,-0.08250534221883898,-0.014321787654064888,0.006945920196760991,0.14373045038925647,-0.044280615138838186,-0.03999990962403799,-0.016780425991736014,0.0,0.011783603441783752,-0.024435016746143456,-0.002355620098079325,-0.010676053847745726,-0.027742693402844743,-0.016301358244333874,-0.09525592457244969,-0.047806156810690004,0.01046822558726812,0.040252674829677204,0.0014576897740605776,-0.0066622033854577545,0.003034230418300421,-0.05768546264289698,-0.027027045221542756,-0.014236106190048448,0.012649985831123978,-0.02983430409648946,-0.0018024955291343625,-0.04404773325412081,-0.025483571737274335,0.05884454243052262,0.015008888151699207
2020-07-31,-0.01157190010964737,-0.021548512173976908,-0.009198473879111324,-0.0013969422210385884,-0.040225615359754996,0.013659213559875427,-0.012300987395886698,0.006944382356275369,-0.05591636507409392,-0.008118782715712536,0.010437187992123231,-0.011232532026313802,-0.03318181313759039,-0.018218921428893364,0.0027151406617402785,-0.0003016019615960097,-0.028188961387341838,-0.0037882264376646324,-0.03910751236625165,0.005303020761402877,0.00019907009342490234,-0.00977573791032671,0.009105809531769093,-0.052238780931760154,-0.015151609558985313,-0.02941192303580953,-0.025404188326233257,0.023249243658813867,-0.015362556425405183,-0.0036435851487494064,-0.007445324370323636,-0.027307050974242353,-0.031203794693064446,-0.0003215520772987812,0.008633703116570857,-0.0061434020878274875,-0.01627226320541053,-0.08256024227220782,-0.004296303358324205,-0.04079677002703619,-0.01416447529388809,-0.005534754478855097,-0.017391325319577988,-0.006896440605538401,0.013725524111832366,-0.0003939139033579675,-0.034919570884697326,-0.010331645733454908,-0.027673314897788792,0.0021671893876227255,0.0012817707998198369,-0.013401734707317203,0.018181786488693286,-0.04633214631878124,-0.0008680471170613435,0.005389447166317174,-0.002659175463510799,-0.018476914924057786,-0.03037969548138708,-0.01770971127315968,-0.0035975418357980793,-0.009079193078989745,-0.08041300702905352,0.007844778672345232,-0.009628636529751211,0.004526862633444928,-0.0834599612376099,-0.006550229555103315,-0.011401775898318145,-0.008210831102872906,-0.04881807778602998,-0.019503608173739195,-0.07326523312517097,0.0015076393358630646,0.07403195808351426,0.003950023943140701,-0.006226410429107543,-0.011342174320969733,-0.052543172740585176,-0.05221155659418064
2020-08-03,0.0065040691772195736,0.014557647492366987,0.014058526534627802,0.010570547217738424,0.01176469880029396,0.02340438672057399,0.006227360039451346,0.004597696865513701,-0.016529301913477124,0.009708866110113012,0.00903797353893565,0.001893330911146629,0.02149847738194466,-0.013397507704712708,0.016245433869552794,0.012375570527883628,-0.007251616981159392,0.0020741862539030986,-0.016040086406063914,0.009043295804093354,-0.01036883522897114,-0.024390249305540124,0.027070925900211096,-0.06974126677337666,0.046153734322523565,-0.019480465825168936,0.024289204688688004,-0.009854930807049245,0.011441631798465801,-0.016954761807980723,0.0271923136332739,0.002420403459593823,-0.00562354610347604,0.008842500624893113,-0.01107734039231123,0.015453567600466789,0.007116566060370699,-0.026289203221046997,0.0,-0.007912975749787221,0.014367990338054248,-0.043599376791825906,0.0073747347201595925,0.024305584457156915,-0.02224376136523365,0.021615525743780672,0.016672454980783957,0.014928492447106478,0.037579489378145814,0.0037834629390030017,-0.0034142511425345745,0.006592072727880316,-0.03781504353955112,0.07287465883420974,-0.007384964483920009,0.011869787723428615,-0.009598050426782856,0.01209329080628363,-0.007180366111801506,-0.03365375573942475,0.010830589056173068,0.06806269195158388,0.06646972234637372,-0.011061059379412375,-0.07986126229118773,0.012652632213094428,-0.0033111218703185674,0.03553118123850796,-0.023744884693917112,0.02135075184439361,-0.010590650510305277,0.00964453651267938,0.027366067476935818,0.004731209047379004,-0.04878049027151099,0.01461296582380256,0.016290801600318483,0.01561509533369998,0.02595126737227149,0.008559846261532833
2020-08-04,-0.018739843621090824,0.010301647393416546,0.010462891141908903,-0.0024610301945275914,-0.014534875073033193,0.008316074033196452,-0.0007284137885538167,0.04805492989620652,-0.010970860311470987,-0.006787407738177098,0.035828506292204354,-0.007558787896529862,-0.00625520969534521,0.020735970144879046,0.004440151823859484,-0.008348851443149896,0.014609416125967778,-0.00174148195379642,0.028466928268479297,0.007468197727636294,0.009707268969429972,0.032738164844429596,-0.0233701989092151,0.08222482634364292,0.02450983293607667,0.06181014764488291,0.06593402714193375,0.0008294884023494209,0.019950663143001535,-0.004396340943000565,0.005095913072050928,-0.01207175729315857,-0.0015425565688944598,0.002549841954396781,-0.0076378724163150835,0.0009131083020950115,0.03724236306710349,0.011422601803741772,-0.010787626280099882,0.005982156768534086,-0.008498664598452499,0.058195716227485095,-0.0029284484002706224,0.030508391937454027,0.01780418509281545,0.017301576796644902,0.004885048353794552,-0.011314528495262377,0.006391505811448317,0.020463076589508633,0.01113476150912529,0.018059175349777856,0.019650348801331763,0.07924536348301303,-0.00437632539514099,0.0,0.015792981538497175,0.00901816442865111,0.005259780896512689,-0.028607176378093624,0.017857333037537337,0.022058959703423087,0.036565090044823334,0.08077882403657566,0.043773688832474233,0.008558139376069418,0.04817254934759441,0.04421648318922178,0.0062542093061908055,0.030290062640615067,0.009880548629386032,-0.006567254266656941,0.018867932516694497,-0.007705492314756923,0.026755826529942794,-0.008087362320884917,-0.006165168477114125,0.013178539856732785,-0.010395289475139458,-0.004106867745341303
2020-08-05,0.014817179775735712,0.03532415342473971,0.025886683385072606,0.0003083799993226499,0.011799251967906654,0.015807373456665275,0.014936420653782978,0.052401801736520204,0.01675730276067422,0.032175354514165644,0.03520721585470832,-0.02411955915012709,0.044188521931846525,0.008000147102891653,0.004421018515522901,0.04089034405956293,0.021598144193623714,0.027564364639002026,-0.012538261468047596,0.005930291188367631,-0.005536111824642531,0.04380404681106165,-0.00953585060333706,0.03016764955504958,0.0,0.0,0.03364074452623034,0.0878453104462742,0.01572895295214405,0.022418443910382724,0.02394363401344024,0.016129240894312558,0.03861996717955418,0.008265535632619336,0.01949762402822408,0.016420584382930148,0.005339507108076846,0.12114993150973308,0.023991219878248593,0.037660986947407604,0.028571461185271874,-0.0018331155350317374,0.0329342392290175,0.025657854025191273,0.04470359959691739,0.006878536797254808,0.04201385149042225,0.015917589841634605,0.005027877188427121,0.04485504675839258,0.023295508495353667,-0.004873210294321528,0.008565533149445859,0.02097890303491745,-0.01230809121213039,0.014001175742532013,0.002473438817170992,-0.03440951554657967,0.02485288602258051,0.038412361847874,-0.014035216837684716,-0.04796162175532459,0.0259220007527452,0.04407817599863839,0.03470711936301374,-0.0006790602873368856,0.017432780031527484,0.013550122368818363,0.0117403661657276,0.024016560367190243,0.016306464236118368,0.03185106237630464,0.037036983170176674,0.0019413319974761478,0.04668841513515298,0.012509663571767637,0.023573055874869908,0.04459580631403859,0.009453857956634115,-0.020205893475508385
2020-08-06,0.01622320957944634,0.08828702785574305,0.05324244371324838,-0.019423680818257072,-0.022594499661255152,-0.014884703436797486,-0.005743121525100148,0.04979248186114482,-0.004642772831594755,-0.01296550168610422,0.0005965754335353068,0.03121964128456045,0.03655242919921875,0.026395480067866517,0.0035210925859217035,-0.004629622673674394,0.0021143472294422594,-0.01799670660134922,-0.022760105550406307,0.018423106515236265,0.01020064091008166,0.0,0.017438675708942863,0.028199486732911616,-0.004784719642733193,0.012474158714282257,-0.05301828671826492,0.17445400572747038,0.0025809225902710953,-0.0043190092804630265,-0.016781098568999342,0.0,0.006024415566339147,-0.0022069597376752625,-0.005032662081219441,-0.002991750151333239,-0.005494383676696413,-0.0943223192101621,-0.009584680833040204,0.008596136092642537,-0.008333413203617246,-0.011937548803636733,-0.011594082371186087,0.003848715195661878,0.006511599518532085,-0.001882643991908517,0.0013328399196670393,-0.01689709677517648,0.047919852489519243,-0.016666829374580527,0.014072907451119887,-0.04603332962806794,0.010615704986275176,-0.006849277352860894,-0.002224906169395635,-0.004105112257990373,-0.006520828949545865,0.039711468813885764,0.00446722388415588,-0.002466183837281144,-0.02135210769549134,0.013854058658549828,0.14248505620393592,-0.051762109370760534,-0.0076868081232713825,-0.001698152801958619,0.012461000951821788,0.027740639090561903,0.03208208236087051,-0.01253536076347006,-0.02727612754858555,-0.0011649623030444145,0.012254915546728196,0.008180862473061934,0.018672131233495648,0.0023164208904742356,-0.012121566599594624,0.019863681966660218,-0.0027749349035145476,0.07421417362130556
2020-08-07,0.03735643317884585,-0.014221090060204777,0.024197433306657468,-0.0006288461608749962,-0.029083039693600266,0.021290917192702263,0.04837579508910528,0.05632408115316179,0.04570898046946992,0.041922819107182985,-0.0012057211192887385,0.05707978699500682,-0.0010114553251342473,0.011468082929029233,-0.0026315009331988604,0.026744406932064813,0.040787638031916096,0.04322288320054413,0.03652867613354882,-0.003617757893917606,0.023034215779798917,0.05300933473872593,0.010533836284031262,0.028481062320808714,0.074518984742721,0.09650915866398524,0.0443458534623451,-0.07070271260029559,-0.00326734486192759,0.04804813797126628,0.03217663211640964,0.05050504423251034,0.044910014017544464,0.004266076963022725,0.03439541361501752,0.008102501330274237,0.04475116309617633,0.07583417330277076,0.03870967868111963,0.02935565854455202,0.02801123782403736,0.06877320839548351,0.058650961872607876,0.014696519755340587,-0.005545237304496742,-0.0021021742048664693,0.00299514556208047,-0.015312512715657589,0.01356792463577361,0.00513633704983385,0.04448961806028495,0.001026547882857276,0.02415987130633357,0.024137955615822992,0.07939348026938009,0.0398451601261951,0.026609841433976378,-0.012769065610707009,0.0514610466657921,0.0568604389668641,0.0036361440882746177,0.012422243647678632,0.11719104692477655,0.0634920400500385,0.04788726005927013,-0.013693954551618814,0.06307702596474707,0.008130081300812941,0.025132171163238626,0.026208001132224545,0.04453597559037825,0.05772592793889042,0.02455901056965404,0.026478706284124964,0.036659941093613924,-0.036209643254500934,0.04171802572044725,-0.002034874759280436,0.025739126391379985,-0.03225814387944059
2020-08-10,0.007386781273757137,-0.00032787635678155347,0.02947366769748716,0.0262702642645547,-0.013056771043912896,0.010087773442690962,0.007575852633709745,-0.008419008647926218,0.010927607692907904,0.013412187395188235,0.04164160674171802,0.012231467135898733,0.021027604799342514,0.01408720223378479,0.004397758011231101,0.0319930861948039,0.030405409691328877,0.02552205924938411,0.05037850395458632,0.00508329301806798,0.020612324405654858,-0.006816946137753965,0.006713799971019174,0.04102560190054083,0.024608694498133854,0.04119855762253333,0.07059447520882123,0.028617951496895833,-0.0067547463747301695,0.027380000713534525,0.027649926626351018,0.051739734840312135,0.008596096606981796,0.006765173232966548,0.02836189444322157,0.007143475717296344,0.023444567585824583,0.05827066405577419,0.021739272330801418,0.02759915754343001,-0.0027245909699270543,0.0330433868696578,0.018005406239244515,0.003778237716633548,0.08643116465789413,0.020738983966393842,0.02057033332005731,-0.02708132435895494,0.04412478261667219,0.045477614565647695,0.026572734340561288,0.008205243974374055,-0.014359218721468947,0.12457920426247027,0.06074375161295764,0.0049249821675323435,-0.0167615946408447,0.012706932519182423,0.027794749675842167,0.014034956568178991,0.025362532819664052,0.025766729867515936,-0.07387752922213808,0.007280697777164669,0.04368279478987924,-0.002673237728190614,0.05209844499040872,0.029032245759041064,0.005806327420849744,0.00997605767469234,0.03592564112504393,0.014333205680388206,0.06887234808841103,-0.009569359005471068,0.015717076877764136,-0.00536684327484882,-0.0388693363438255,0.09350419205538496,0.03967429400783895,0.09959518561548819
2020-08-11,0.0036663390607074575,0.00819940970405697,0.0070438524652887136,-0.011955664816694633,-0.00466937783439203,-0.007323642521468554,0.0068350381216431,0.011320743513260512,0.011912637123562497,0.016675219607925396,-0.004635288734753273,0.024757127170876414,-0.010678621446419512,0.022022635021026415,-0.007005533906546235,0.020575858857048823,0.025573653284579834,0.0032322488716605147,0.03625327648741883,-0.00216778961086328,0.006099860536133983,0.01267158206709662,-0.026149488868722703,0.009852254702272356,-0.05240168490706487,0.01798569473857281,0.04313340783056918,-0.013119159203084596,0.05360536778542846,0.01797309873120123,0.027169545287853758,-0.006530043163294974,-0.001420758140970424,-0.004375610849596812,0.02139795498685415,-0.0017730819268042541,0.008784018576585506,0.06571933890552417,0.022289774812278118,0.0277527463610856,0.0027320346468553414,-0.01767671282986305,0.0353743182881443,-0.016311056217391373,0.001710903206295633,0.01232811734891559,0.02275696096983193,-0.001957163235692838,0.04273517996505061,0.022971835626174997,-0.023981666308334648,-0.028280834959271917,0.0015608832248650284,-0.020958240731647537,0.02726910778666669,0.007291209796899345,-0.022671642497144928,0.03607451780252213,0.01822466614296947,0.003460190470303992,0.021201205170015003,-0.020334803045381267,0.02688403211305901,0.02168414816824571,0.05408881432886514,-0.014094391508162496,0.13823926221283545,-0.01003133851570126,-0.0051313642768995305,0.010667738580041775,0.008384017083679307,0.01847806162827781,0.020214762878489223,-0.03087589165843263,0.033849073755362724,-0.009529400320978598,0.025735683433686596,-0.018913134447447133,0.04011751755674742,0.08357885561825373
2020-08-12,-0.00761034003875638,0.015289502825438506,0.013312123550254018,0.031647558784085206,0.058639519868382894,0.006035996699450319,0.006449403549324106,-0.05503732629583391,-0.0056682115110517906,-0.004685815095227919,0.020372981321199246,0.011503963663682892,-0.006245042018507174,-0.007790557148622312,0.01322740269974454,-0.003225936339189328,-0.012148536805830168,-0.006121438914360011,-0.003259616009972044,0.018102728756474784,0.0049006259426183085,0.014598476269122695,0.0014416654160682718,-0.004878067388767171,-0.04147467834780627,0.005300368211501816,0.010456240674026507,0.013751970190978735,-0.01879445425929871,-0.010045503034017411,-0.0017976200636383721,-0.009202528031512558,-0.021811105399175856,0.008789746145997146,-0.008380000019515554,0.006661890802705628,0.00990269872754368,0.001666704813639397,-0.011892721612312362,-0.0026132856639726754,0.008174465661108465,-0.008569064053472575,0.01051245582135163,0.01721928893076341,-0.008539742198459543,-0.0009934154354794833,0.027018557804980414,0.009478186489862539,0.014344238679919519,0.012899991196892557,-0.035881159465932955,0.015075457890684651,0.0036366505044396202,-0.012232278635683547,0.016306298235609917,-0.0023730617156757505,0.005574819559225341,-0.028546724126779832,0.005195955694215826,-0.0068962825806682115,-0.013840697316506723,-0.002441997483312308,0.06781115774428592,0.0024761122635565957,-0.05742212443823058,0.02218920058905982,0.015105352588328458,-0.022165952014901236,0.000644752788484082,-0.0027365009786159966,0.0075586911912692845,-0.011206012222775619,-0.03281732170216756,0.003467703717568771,-0.02151539300884442,0.03917911156358511,-0.016726843834652283,-0.011675272435452633,-0.027280991327072512,-0.02820240412012953
2020-08-13,-0.007361918949856272,-0.01313681061964811,0.012692109144853969,-0.021503924479478687,-0.009600819411812678,-0.013333085242964615,-0.029342420575186545,0.003948663514426354,-0.013374066204269175,-0.029035076895932876,-0.023388787072263106,-0.022746861987448908,-0.03828776009373158,0.008697881584941669,0.004382772110661071,-0.008360029347572406,-0.015533820814943922,-0.026580260351737883,0.0028341137648209003,-0.010524474729939892,-0.002844732143848394,0.0,0.0014396586556422175,0.016666674458123643,-0.03365381035714066,-0.05448172909134075,-0.03245533991670646,0.0022609606568697593,0.0012575916606740734,-0.026752797565327113,-0.013378180932667738,-0.029190520791559482,-0.021812758612292704,-0.002022530677266099,-0.026291105375331192,-0.003088611370445471,-0.010819971250809135,-0.006655646783166214,-0.02006037602479649,-0.023580779580469002,0.0027026958048286254,-0.025928893637807482,-0.044213393395393985,0.016927931548768482,-0.023255771927096602,-0.0062779236320174014,-0.030331166780713015,0.021476341302836488,-0.012794655676887312,0.008962296315746077,-0.00040471289748267303,-0.04826750162778559,-0.008804017638801565,-0.0278638338930971,-0.017537192340820296,-0.01689076024637859,-0.007868468955067875,0.008125664216603434,-0.037909199957077644,-0.023148599684394533,-0.017544043215021676,-0.02447975433159344,0.0721463077508655,-0.031404353735233315,-0.009073194141713703,-0.0046332364057213304,-0.020237616208400033,-0.008743476611167589,-0.019974171058565027,-0.012936100382015536,-0.0007500276442534703,-0.024824688729504607,-0.018565938794989134,-0.007775391280425814,-0.03154874976123956,0.0036810798275068723,-0.0012148549700521372,-0.016208794721297548,-0.028046627223703102,0.01013981932426078
2020-08-14,-0.0033992635920645498,-0.0035713865496000974,0.0002199678491761059,0.03918875730211324,0.003728195656782507,-0.015540894041073172,0.0006950893938981739,0.01573253158424892,0.012888893265083468,0.014008382475024783,0.006425370872655156,0.0037826572560144545,-0.02077322483896915,0.002176701336403797,-0.0026179806497202973,0.005439290137441155,0.016534402868307208,0.009324121743431446,0.00586953937285184,-0.0014470291219157438,-0.007962913687970863,0.02209662514932398,-0.007367472348072557,0.0327869003220882,0.029850741395764047,0.013011223600704724,-0.005347623334153062,-0.0011279731489381994,-0.01294682452068241,0.009478733067381784,0.0028684694085887585,0.005922421338675488,0.0014864593961407824,0.0006237255423902077,0.01060755234101185,-0.0005900410641468401,0.002392785754331328,0.025125644998157837,0.013305907480128942,0.011628215213163706,0.01886777860566391,-0.0017747604640726555,0.009523956768489938,-0.007398391803709825,0.012345625023337359,-0.010792993048266086,0.005106873670487566,-0.021236155349462993,0.0036379363151768374,0.010285024303205548,0.011331403586296362,-0.011703405754431406,0.0026122282400005137,0.0325733613868433,0.0212685808064057,0.00931649437021953,0.0007207233004054014,0.014684864146144783,0.011940487695994761,0.015403033035752856,-0.005424602421761016,-0.023839438720664297,-0.016307384381778034,0.012021854809985744,0.004578267020818982,-0.0043100201188506215,0.02004836591062875,0.007513869246985605,-0.0013412773369392283,0.01509130882291898,0.01876857569833046,0.014388601536098111,0.029354195140553374,-0.003482800439595257,-0.006910137614354994,0.0008891284945438116,0.015815159014999747,0.010332279187253324,0.025870665432056628,-0.019499262892053282
2020-08-17,-0.015193805026052276,0.008797606572714667,0.029017320180896755,-0.010056362150916875,0.02451725034555441,-0.015099240232590017,-0.0017363899284322803,-0.02420135545463864,-0.014041404107081101,-0.017268618719975315,-0.03250141768738146,-0.010434995122491686,-0.01802154351327201,-0.014368167624094319,0.007874002084055753,-0.0016228944697231906,-0.0039037311566521016,-0.005278813991829168,-0.0015127047947897099,0.0021736370410145867,0.014378531237722036,0.008547012645079288,0.013758115467789045,-0.03361341320214717,-0.01449278302798973,-0.03119271935437784,-0.04740954822870136,-0.003387482279059384,-0.0037197031048408213,-0.027543139584117582,-0.019760698678695454,-0.012681197729526694,-0.0054430382015919765,0.002181296136274824,-0.011450313401968892,0.003099589458190888,-0.005285557858316414,-0.0563725157913354,-0.012121028029456249,-0.011494554064719775,-0.002645400206139792,-0.031999970223883234,-0.030997223276821084,0.011801279502962059,-0.03048775625013911,0.004311205818816832,-0.005080926023158239,0.016839351995592278,-0.0006795261432555044,-0.007403911958849374,-0.014806165651816583,-0.008333159066997498,0.0010422088596142576,-0.003154580837054888,-0.02342869051895391,-0.010069516637009168,-0.008465203714469904,-0.005223211597934041,-0.028908567884239456,-0.0011666366152179863,-0.010909376680811489,-0.01670947740293882,0.016958829981165602,-0.002879766800888306,0.014973880998199407,0.0109081778619462,-0.006551249193646802,-0.006160847377352341,0.00671568692569946,0.005868529799077038,0.011053881987909575,-0.014184506326578639,-0.025348518713501744,0.036041974003395705,-0.004970197678855426,0.021319174661931006,-0.026347238687994823,-0.04919841802882008,0.02877458742850747,-0.01741597811664808
2020-08-18,-0.0056675036325819494,-0.0038759346070184053,-0.05169844104246768,-0.007618680342142414,-0.015953544461141722,-0.006968843646302458,-0.026086844106900764,-0.02480158748930661,-0.019581418343617818,-0.03514425119666431,-0.012597771318326512,-0.033391723155845154,-0.017597181409329865,-0.0036443270257869864,0.006076462602069066,-0.00731516696202783,-0.03135195311822092,-0.03913792637052127,-0.016233870392259542,0.00650739081634133,-0.00691622680677817,-0.04685935452315948,0.0017856870378767375,0.005797049635843932,-0.04166664522116059,-0.039772746405819404,-0.025654181932877163,-0.011783377411685225,-0.011298895064565717,-0.02510471697075134,-0.02307675000216347,-0.019724781644292477,-0.006467564219187816,-0.0032649180745818462,-0.03088799443500878,-0.009122669425469576,-0.013369886867580005,-0.08051950561193977,-0.025562423467491602,-0.019677699136392612,-0.007957636088823827,-0.010100755023566,-0.038943045579725166,0.0036832691571899723,-0.007187773843978396,-0.015686312655083468,-0.008937130645799152,0.0006369977699813845,-0.00816130492939382,-0.009323851556552465,-0.05889502627276466,-0.01813368262840387,-0.006246742747050393,-0.04430382085817608,-0.028560765223593187,-0.004359451080678811,-0.011262434396655863,-0.014657602628378896,-0.02794635974779136,-0.04672904956234225,-0.011029336881912433,-0.03267995416244962,0.037661648425284744,-0.13249097383434494,-0.020525932685326098,0.0020553001169218987,-0.03417276750500109,-0.010440446943129955,-0.015343535707095346,-0.04084011180283109,-0.0342565793566475,-0.039291514286400986,-0.008452543138725677,-0.009065998364095718,-0.04195804862043062,-0.008154023746981598,-0.05412063932745914,-0.012209359448039914,-0.03425529454048126,-0.022395311273112006
2020-08-19,-0.005699807311223326,-0.008106355342511917,0.011947851238469642,-0.005135150008580558,-0.007369155021857754,-0.007017525402589153,0.013928485507110011,0.002034634579745953,0.018156878046762248,0.007564836967483668,-0.007897656011073617,0.005757361796193461,-0.006639799679493463,-0.010972970169101481,-0.0043147026212896344,-0.0035481044671318296,-0.0047201764611728425,-0.0024159384541833084,0.013861234450758264,-0.0021546934764113956,-0.0008468881519213545,-0.037656965957120425,0.003565076085193075,0.005763729154291575,-0.035805587623113255,0.011834354925234436,0.00684576459621411,0.05801418811941805,-0.005068016702331923,-0.004621824171279765,0.010317388889794499,-0.0014036904341532264,-0.004506756900170217,-0.00421157495468083,0.003983768945344357,-0.0007425854521242448,0.015161974275179402,-0.016007540313169755,-0.0010493124693998768,0.007299177330349904,0.008021468012162636,0.0009276105765663178,0.008683135995941171,0.00366969034456055,-0.006334900207262351,-0.007988778141439501,0.00933960147448154,-0.008062827487867685,-0.0013716530290451834,-0.00047068664414062766,0.01812696849398754,-0.00788308122771475,0.00104796947506558,0.03642384524563691,0.005096223543273659,0.009486889639467089,-0.006981340303113037,0.02009289064518227,-0.0006252144613683175,-0.0012254422003417087,-0.011152247023032302,-0.00540510223594004,-0.011737116528391378,-0.009155273175892598,-0.015717238003579048,-0.0032475450297282382,0.03476115688413417,-0.009231806374871088,-0.029810249768236763,0.01419304069892191,0.015094405113595055,0.003456232152629246,0.018032761870837577,0.006170232245262586,0.005213784143827116,-0.010851810839975662,-0.022106748967400613,0.013537348165672869,0.0110643309792966,-0.0045324379999002185
2020-08-20,0.0,-0.021902584928142455,-0.02940509036790162,-0.03157756000415113,-0.0423163284028063,0.009187108292574075,-0.005283630295278008,-0.02335030324905696,-0.008916636517788623,-0.024749979674174694,-0.03674237928577062,-0.015968394830019217,-0.010015482449998503,0.004300266773086703,0.010398784860476962,-0.009860270531654614,-0.01625995819416215,-0.031141872950770644,0.010850707437898732,0.004319312764418992,0.004803843886020953,0.040217379698906264,-0.00248666770063255,0.0,0.02917773065282292,0.009746685465365168,0.0041840962444885665,-0.024490704010905362,-0.0007990594172992971,-0.01625212611818072,-0.023918390756089813,-0.02014986081500858,-0.016599747582660807,-0.002036409658843219,-0.018848885692350326,-0.005052946870517605,-0.013047196829898855,-0.030621980924870673,-0.03361352458259481,-0.004529170950733463,0.0026524169103812056,-0.004634069213693359,-0.02295573186657429,-0.006703270249811655,-0.014571935708798889,-0.01588855475643003,-0.012444009482389773,0.012085532122117382,0.004577872706634123,0.00047090829438545256,0.02119523030488546,-0.024063568582798456,-0.02825773217897576,0.006389718361620389,-0.02028098322889338,-0.0189155620224144,-0.011656045905347745,-0.017085324936193413,-0.011256951628675793,-0.013496842446701462,-0.003759559679409663,0.012228136197794282,0.03380234431375562,-0.0873582515901048,-0.02461724790240627,0.006258956968133056,-0.023995435762465767,-0.017970017367345936,0.007681576799771328,0.008396604660168894,-0.03382909851888094,-0.025258470749927597,-0.010305948556748268,-0.0019031539616304327,-0.026970977139220476,-0.016733073446636326,-0.003989182032413274,-0.011324024541220057,-0.036369427307004765,-0.012060102979309928
2020-08-21,-0.01592354511088745,-0.0070187497087500494,-0.007114924950810231,-0.023828037243165068,-0.024031054857997614,-0.0028010688288951924,0.018413859938605226,-0.031185051382921936,-0.00517331924547848,-0.011405762706489964,-0.01780026177122007,-0.006736173192692152,0.006708341736455736,0.010019608777123379,-0.002572600538648495,0.0002766730988006394,-0.0013776953244181156,-0.0064285723742890655,0.013740037357924617,0.0007169266864222035,0.0011249063712917007,-0.0339602737334368,0.003205133647878222,0.015281742438533419,-0.03608243307714565,-0.04247109665092563,-0.01718749534338726,0.02155079442069363,-0.0010995662669419648,-0.02258939161090323,-0.00798428366250159,-0.026303432996549136,-0.02557528200837267,-0.00204030820849177,-0.011122493780184373,-0.0035847860136497545,-0.0013914763038822553,-0.00888451644335031,-0.009782756110589874,-0.01546844266582681,-0.005290800412279695,-0.013035338973817368,-0.010278975882260455,-0.0006134496785558108,-0.02402950855274899,0.0016035238989347,-0.0009693726035985284,-0.0052837368119224015,-0.010936672040549489,-0.006117668370873575,-0.0037358217946796834,-0.007675912773718485,0.0199248036498465,-0.006349149087117811,0.0043790801641596655,0.0036839034541209514,0.00037439573730391196,-0.003875134681532,-0.015180427386941808,0.007462584050183851,-0.011320865235606603,-0.02281884249339372,-0.017320666758898984,0.0018408152954441093,-0.010914198315654211,0.0016190282234853637,0.007990016662285715,-0.016265657015025914,0.013860045501661311,-0.015463893745703783,-0.01038846918818681,-0.012956324303991074,-0.02375527344974393,-0.006144087094063111,-0.02025592022809286,-0.00822716658376954,-0.028037346834056898,-0.029662212750768746,-0.06312635608310924,0.031265741546105286
2020-08-24,0.03398058725100905,0.009761054340755804,0.014794019158173244,0.023606904008423912,0.015091233677587468,0.028792050753501774,0.0073018663056052535,0.027897021179756454,0.04431365470108428,0.04009256017308438,0.029773618834785687,0.02959299283397887,0.02794855019618825,0.022977868596633533,0.0017196725063537421,0.022676942273500034,0.042069045674697714,0.04960460835109948,0.000638364284987647,0.009312444055947333,0.015512330944774444,0.07733911967968088,0.00461480867641173,0.02916269638805047,0.06951866440772991,0.06048404739575841,0.02543717651767885,0.011309274966086358,0.03502451705505227,0.03139008825606204,0.04718284003973028,0.04567799244178006,0.03307109524786056,0.012582194887275966,0.04805731096657184,0.012441946188966657,0.018289493360824638,0.1035856539645923,0.04829893088090875,0.03327151997930211,0.026595675316966494,0.04622647492220677,0.038575756935006034,0.012277584642421902,0.08238634952541601,0.026828591514459488,0.023609511501829106,0.008180221979481539,0.012209259715772358,0.06581433253299207,0.033333107169309706,0.025785271090079664,0.010031772050713927,0.022364121891043753,0.02734855332574493,0.030955599589093996,0.017963994389193605,0.05323985799488451,0.041104572024483366,0.0197530064583753,0.0,-0.015109959417019425,0.002518043312732532,0.07073950279268426,-0.017931034865685147,0.007145916097658134,0.009756292016438017,0.04099202888604858,0.031442084115103075,0.025775247346553787,0.0501554556057453,0.047732640717121466,0.10433336893717438,-0.003197644987568249,0.020674705411650507,0.012386117796266527,0.03846148716754594,0.09927356805112608,0.07914422931851095,0.04831491172922764
2020-08-25,-0.015023508486641801,0.007999992370605558,-0.006150520080156374,0.004863603299859021,0.005477446451683132,-0.008873339147430936,-0.013117229277857634,-0.013569949423405281,-0.0023811072573569625,0.013865637026598376,-0.016342168264939616,0.004790604245246355,-0.013992936916191412,0.012432535464231176,-0.0025752166688584044,-0.011898224576990635,0.011250685837989494,0.0003422824160026483,-0.027860614294755948,-0.0063872083783670375,-0.0019364114817342903,-0.05572292199298401,-0.003003501299086442,0.0018281954781365073,-0.03999986087872276,0.02091227365525361,0.007235110433512215,-0.007956966277091748,0.02542779895250913,0.0043480580833670235,0.0021200940040158045,0.008454394709626056,-0.003557138960673556,0.0018642016718712906,0.010243812554089349,0.0034052490153813064,0.0011972468180170281,-0.006317662031247173,0.003141217535408858,-0.0035774537799551087,-0.023316097034512873,0.01893571022281404,0.007142838564404341,0.023044092189427712,-0.005249380403737125,0.0017741022001664941,0.0028433961173617295,0.012855650169514954,0.002958629139781843,0.000888588520938205,-0.02096756828178692,0.030621623192967018,0.005749925140575041,0.02499998596385633,0.011959805622574038,-0.003085484805795513,-0.01433830411968462,-0.008653521941412667,-0.00370129395713803,-0.00726394784958273,0.0,-0.025104554408277635,0.007893767733397228,-0.18833116646195336,0.007022461190099527,0.00870002709685136,0.02777769266721153,-0.00496358775441752,-0.0092776221713744,-0.02316451387882612,-0.0029618480287251225,-0.0022780451052930584,-0.008149726805276925,-0.04127452009744281,0.013859287084738714,0.013694339299465508,-0.018518494736117552,-0.03028630185472847,-0.0029731780260656704,-0.00668286140385943
2020-08-26,-0.0025421307305578678,-0.008597891231803434,-0.015356253254525942,-0.004527805038159305,0.014785964948607067,-0.01652927420069683,-0.02413430262188143,-0.024338576389263844,-0.03971387453026343,-0.021608088999841346,-0.03833857959621456,-0.0318831087857403,-0.017957452002992036,-0.0024558823518288087,0.0008607128813815645,-0.010399613818578679,-0.03075913921459905,-0.03012645309200579,-0.041128533090215136,0.005714208925962527,0.003757056909122314,-0.006911173017414507,0.002303758061530825,-0.029197052345843022,-0.020833257855220833,-0.011173120705637585,-0.021549516738134322,-0.016041657518587882,-0.02093156017165343,-0.040959052016352415,-0.016133342828588026,-0.037727029787382405,-0.017847893645079882,0.004031207333624387,-0.019314489077286945,-0.0019178845418506008,-0.006663091618722583,-0.0490463170415274,-0.01774552705486765,-0.018851200827721626,-0.0053050264996025165,-0.025663608155966244,-0.019858104743950777,0.0,-0.019349188148034102,-0.010894133733747813,0.0037807132749356764,0.014877239537185005,0.032221339991659326,0.000887434545655541,-0.02141699027146049,-0.003104325223474369,-0.03222450975597346,-0.039634098955909414,-0.03431197453216295,-0.015000303108083202,-0.03748574505263824,-0.007344983597574739,-0.029102201899905422,-0.01951199344846488,-0.007633536162141685,-0.03290398067111344,-0.017799928703593704,-0.0005285533214328675,-0.013946910072814345,0.014486821158748997,0.058166761395265665,-0.013967412057082185,-0.0193981412254961,-0.027331126236508907,0.015967302578083764,-0.015410610500808719,-0.02008520496509658,0.02007579019455208,-0.04311249606145551,-0.004871948305067653,-0.021563304756549995,-0.027541203494704458,-0.027170158091785246,-0.016355256124423567
2020-08-27,0.029308819036639067,-0.008672456065769607,-0.007681380279940031,-0.02713311800266449,-0.03834373642324562,0.014005790885916136,0.017921242760537304,0.00867678106172498,0.014689555295611667,0.032149691916437684,-0.02126242773892817,0.025854024388259234,0.0015166223475473473,0.0658185999658023,0.004299385923831167,0.009402626518629997,0.024307967994344537,0.0010589918387227115,-0.008442154657558931,0.00355082117265737,0.008682280799845898,-0.003211962792407319,-0.004773699632390271,0.032894682002059916,0.04787214584329891,0.030131653146027837,0.022024126010234735,0.017625010967569965,0.0017334390555068246,0.021180355762049352,0.018817144262356145,0.019361248861530234,0.0025957103533600367,0.0035511694333449917,0.031019625627580316,0.007244075024244401,0.011007763957987304,0.06303723310213494,0.024442283777951213,0.010979037000932612,0.023999842710356267,0.029064583829712776,0.021707703703986336,-0.002963552679423387,0.04035881420045917,-0.013889637978056979,-0.003138683308147927,0.0030752989541589226,0.005495913127546714,-0.037250420024614206,0.024410980589789633,-0.007562365896849554,0.0016112725471373324,0.07619057328706114,0.026845753773657055,0.018612502871272696,0.01123806438404129,0.022948958142803733,0.016581552790764453,0.00995017566540879,0.019230830142944244,0.028106555711244985,-0.0007249169138476841,0.0988895216458352,0.012729766999101555,-0.0067685901898033585,0.023320611791277646,-0.0013490390790330542,0.03206012263864255,-0.0070247963196053975,0.041666717145896204,0.017391153862206687,0.061490667556604706,0.015088533426983686,0.028571347726199514,-0.05663756484669824,0.05371905053917647,0.05751828381614965,0.006811903574504896,0.020282936260663575
2020-08-28,-0.001238081994141993,0.0037012319277589523,0.016889318077395243,0.016766130986835437,0.010367088419587889,0.02140899198590529,0.0024648085201490755,0.040860226521231,-0.0013362710368939323,-0.004875415812975126,0.004752192386430432,0.0011999705200507194,-0.006122132631110833,0.06783696675019657,0.007705261945214259,0.008219179281456768,0.010547145188947837,-0.0063470550752039445,0.005062485992638699,0.006369026033476555,0.01551200709593914,0.018796909685612206,-0.0012435546932973995,0.07916286657670835,-0.007614294700720059,0.02925077145784738,0.015905565396761245,0.012340327165427212,0.0220150066278626,0.0037402997051061426,-0.0036937821009440652,-0.004748454320699036,0.01242882841303894,0.007232074304309943,0.008118429848934294,0.005724264622502417,0.0052740149665018166,0.04761902313761257,-0.0072614991241044535,0.011764476520001788,0.010416925785350806,0.03177371724344247,0.008498560896837981,0.02259209676398566,0.03189654080961346,0.010949069895438868,0.02707795901017862,0.014511989689206528,0.04634898642365637,0.04974683957950421,0.012736201028376026,0.023980299907026215,0.010187659185386,0.06194696772962627,0.021530154144468128,-0.004389894351361501,0.0005745941811159394,0.035957876449618675,0.0031369434892725145,0.020935831932995308,-0.011320865235606603,0.038849044062285065,-0.02575259674761421,0.021655382132880208,0.0034916850402266775,0.014543434482299444,0.05968537224259163,0.002026324373711974,-0.00528738646437521,0.0262171927908732,0.09017539681882014,0.0,0.02047983489436822,0.05945717891210278,0.009615401270200552,0.011205346572900954,0.024836449010305017,0.030922111930923535,0.013531831686056206,0.05813679634702673
2020-08-31,-0.022621591434679122,-0.015085510026496385,-0.01753162269897579,-0.023307340776320573,-0.03709562230722474,-0.005409174353081636,0.006322300281105919,-0.06611573586217279,-0.018733579531931555,-0.016875207975336592,-0.0351351485477428,-0.02127643549611058,-0.15808720815070365,-0.03583772836175958,0.005947059742655636,-0.011413175378948592,-0.013698458447157114,-0.009581220856235584,-0.02678607423079815,-0.002812752450617295,-0.0019170697628320132,0.018977365491949616,-0.0012451030470351787,-0.03372678162811504,-0.028132803460020117,-0.058614358439057046,-0.028282802400022677,-0.01753634996275444,-0.027560910285609586,-0.025067631946132818,-0.025953258583223837,-0.02433167404602954,-0.015856610604622956,-0.0029026724387186675,-0.021317193618984986,-0.010215739459596196,-0.0016922985234083532,-0.05145792758552892,-0.01671901859239855,0.0,-0.01288675137828621,-0.03934954614624364,-0.02668549902184736,-0.003488575081964318,-0.03759396818934535,-0.01578319869225875,-0.026977237137929766,-0.02034851124584469,-0.0386546487663072,-0.02369468413900211,-0.033265596107196926,-0.003939699561876342,-0.00955433579636078,0.002777533964809953,0.012796174972097951,-0.024073659812411607,-0.011106416341553849,-0.028435519639513518,-0.02376489091840628,-0.014475383835172662,0.019084316656019285,-0.019390837495542157,-0.04877145731657784,-0.059349988509190044,0.0,-0.0022936053706554826,-0.02099347435035781,-0.00977421350797536,-0.014617964086439117,0.0012165728641988505,0.05825539853763084,-0.027350381511453192,-0.03526374726406489,-0.023993499346351088,0.005291025581380504,-0.008864687704807195,-0.035714241486298204,-0.03588645278821778,-0.03104147569833271,-0.04478426573942196
2020-09-01,0.001902302834502434,0.020762444784754974,0.03521959653035123,0.004707564226766436,0.02459027944376313,-0.007477766735745073,-0.003874381978247854,-0.008849549119871458,-0.0011362089864952463,0.004706626505910139,-0.028011221469412484,-0.0033681954937109237,-0.03291101569414634,0.01637862791728728,0.009290982609930332,0.022539812096500578,0.01785713378040743,-0.011823853146017194,0.011762233027978963,0.00705247544065446,0.006211975025380179,0.04655973213049669,0.014247537227435991,0.025305406709223544,0.026315676768960516,-0.003773956493481445,0.019750575500820267,0.05420117006749625,-0.012091313921549496,0.007644019760181253,-0.0087002461657677,0.0024446260734301006,0.009355439674596067,0.005209254988715939,0.009196639404172036,0.011795717563725328,0.014070215770316752,0.04430377509290784,0.0031882752394170044,-0.002683196794131315,0.02088758212887143,0.004452301691130867,0.0014432695677131235,0.01633610123459195,-0.006076444940708248,0.014709224235346818,0.0025205201426068413,0.01501284405627401,0.0382526315283469,0.042696594322234604,0.01888365406424053,0.005493204169298105,0.013397839165540493,-0.03878106607013032,0.011891465766904918,0.0023204196821777767,-0.0027113906226484685,-0.021456189701488437,0.01729666713149336,-0.00856772255384397,-0.01872692606892601,0.005649808101997111,0.13365953101767025,-0.005508197635708978,0.022964416699109647,0.021510476233072895,0.018305603107407586,-0.015997254144993978,0.016183331850786464,-0.13325236307666688,0.0942824361251493,0.0046865308547721085,-0.0014859747248260335,0.04395834604899096,0.0021053113435443027,0.004471619361011037,-0.03174594511014239,0.0002777311537001115,0.02376880616849686,-0.013379110675409978
2020-09-02,0.01677217206639181,0.008669564216943648,0.0015875752771532525,0.051543287181685216,0.021599968038495287,0.0,-0.001414601248686309,0.03683034847110367,0.013424571567054011,0.004133063288112471,0.016570455593543754,0.001535980037358664,0.03109045006308775,0.0046358989141792595,-0.005020734714169306,0.0032258289654594208,-0.0077973859612952,-0.01196515022189959,0.013717705451393503,0.00840330134149303,0.021084969274856258,0.03262480782731392,0.027216843130741797,0.006808504145196181,0.007692120789032364,0.018939384185268526,0.017838861322636346,-0.004336136344195163,0.007539452591488027,0.002068962468372515,0.008502436553855519,0.015609908572649767,-0.0010299414289602904,0.015546466038781626,0.021102953578014727,0.01136701531881723,0.016215244453873012,0.010389600309733682,0.02648336434941756,-0.00269062920010521,0.002558003267496556,0.012411306781944242,0.0028817458340884006,-0.004018409791032629,0.020087379890131762,0.012970067815386122,0.04305473446169539,0.029176347686452386,-0.016118739858119402,0.011206759013376866,0.02429994241445499,0.04523626553540194,0.012691585879180511,0.03746412410390354,0.027910390500612392,0.022417111861820382,0.014951478624498193,0.03395429210451906,-0.0037783592651771114,0.0185184238274132,-0.015267167574416263,-0.004213677268190108,-0.006904911509954981,0.07351455385714667,-0.014285651692660939,0.01937002150011402,0.030816367625784657,0.013836029769681124,0.03848716234025251,0.03925234427857349,-0.0038911419920205637,-0.001749071963836557,0.025595257422822204,-0.007184206864232157,0.00315123230343195,0.036598504810158916,-0.009563027346743413,0.024437687007305753,0.025571840420068437,0.035350157817672034
2020-09-03,-0.00031127013259446557,-0.04033055581337164,-0.05910319134468911,-0.05562391282928203,-0.0696945017005608,-0.02534253578508716,-0.0007082599700227732,-0.03982775964245322,-0.0029187811968603983,-0.011251415947941878,0.031183605113329405,0.0018407711499397461,-0.030464090298480406,-0.009668280404020346,-0.029437252661878133,0.0050913445216618225,0.018336592707079546,0.008073335617672095,-0.03440367939639033,-0.043055716093826746,-0.034114120457025,0.0004787089121118804,-0.04358973054804349,0.010989020733669808,-0.002544378852360474,0.013011223600704724,-0.014020970902569485,-0.03193697379804605,-0.038969893846133474,0.008602959618760897,0.00108790036176587,0.002881956067480651,-0.010824320846883007,-0.03181759568102882,-0.00845435068490874,-0.029971160686570464,-0.02056252153363114,-0.006855177650646582,-0.004128194775712579,0.0035970772556548347,-0.015306357863074882,0.01313468114534122,0.008620576121887158,-0.06224778486259541,0.005993124400279326,-0.04051011411561367,-0.04760467482882025,-0.05925777005684463,-0.020425617866614898,-0.025148844428690142,-0.03256932150931735,-0.03136101941329905,-0.013054721066658392,-0.002777845879054497,-0.007145426197790239,-0.0030983081847278937,0.0036348716163046024,-0.01955913681794974,-0.001896382360691784,0.02787875121689276,-0.023255753218006547,-0.007051968545372933,-0.06274988157397077,0.04033774027493742,-0.02622502492680312,-0.05274779947787722,0.0,-0.03207091927112604,0.0,-0.05170861647326608,0.01116076279913747,0.0017521365767998454,-0.0020313318828775184,-0.0830150968465374,0.015706766024549346,-0.07287542961485294,-0.009668418670684353,0.013824942929480777,-0.037073623003352374,-0.02205314828066629
2020-09-04,-0.007783239572466738,0.0027557671999249855,-0.014440499797048312,-0.008135362594350437,-0.03198664191083245,-0.00983840965249505,0.009567902577261256,-0.010089703118621896,0.01080830840841851,0.009436579240499565,-0.0013743943891075805,0.006429663409861064,0.0042785814512869,0.00798748887095968,-0.014731222294479984,-0.017062302374708738,0.01350479463632226,0.014561553285132867,-0.005463300943587823,-0.0021768968381428166,0.0012395387982380157,0.08468901866363487,-0.006434327175023458,-0.07023412624654446,0.00765307642770896,0.06238534275625285,0.020822744352034794,0.0006426473671969912,-0.0169885763529658,0.02422385811838601,0.02444973964143493,0.024904077750582676,0.007295305115926354,-0.0058907102016027,0.024632539593407943,-0.004010597641865177,-0.010581225580583387,0.03451247741709129,0.030051908069672173,0.001792039008283508,0.01036266797393437,0.031979493748492516,0.01424506673308601,-0.01044874696759901,0.03234043527156749,0.0095879854929517,0.006010635312558188,-0.027309831732613365,0.005430072595279611,0.001311406838773177,-0.024522318268074383,0.003237519459491134,-0.007936400099452179,0.28133689505713866,0.04282139354262693,0.009442958478524277,-0.012008769337377823,0.004094700108977278,0.0063330333448956555,0.016509512464200737,0.0,0.012783755211531744,0.0042656410375410125,0.05635707767363329,-0.03827057171166581,-0.017479402589680726,0.052316975472592064,0.0024673843057281264,-0.019808254689429372,-0.028923689233672722,0.0173841721167034,0.015160330231449137,0.03053210979051668,-0.007672040383948198,0.015463976820011327,-0.040644368999557146,-0.022315080303917822,0.021657687848843254,-0.005451474786078436,0.004120952679081968
2020-09-08,-0.0272984689670972,-0.03710064929789125,-0.010012215346736353,-0.08743444911698217,-0.06695642222775533,0.005677679621986176,-0.016496998080170466,-0.038505113876058594,-0.016484598578619614,-0.04701649432796995,-0.03716447371548093,-0.04563419628488863,-0.03509517535398521,-0.021938525784867324,-0.0343008631771935,-0.014374613786594437,-0.02728427014791579,-0.05202743434983359,-0.0026273170521317057,-0.036363866142520185,-0.03723811851825998,0.022496701683523357,-0.01690949134968156,-0.008992754390696911,-0.020253093728863525,-0.048359138987817185,-0.004975143262281545,-0.017769172182093396,-0.03610741867387923,-0.03397745286388232,-0.05515773657024958,-0.035514021698594744,-0.028970563576921404,-0.024949154090841197,-0.029126070383113545,-0.02326647315639252,-0.022916205179514204,0.015012536164460188,-0.022132984302710046,-0.028622611096260075,-0.012820573711966099,-0.02512568053259734,-0.02808998968852716,-0.005590010032137993,0.025556427289174177,-0.034877280718528025,0.010062857364293354,-0.01645867894110631,-0.020954836262604304,-0.028384114586724074,-0.020451448564674846,-0.03119640027629389,-0.008000094851069006,-0.11739117741226635,-0.0055210773524373424,-0.03362908873196524,-0.018908265980740024,-0.013698740609333404,-0.037759520503742205,-0.04872394787213519,0.0,-0.030855382236425255,0.021421972571094683,-0.005975219284035216,-0.023581671566181184,-0.04439190433004614,0.0023675114813495046,-0.009845312285075347,-0.010430195305426104,-0.02197260086177144,-0.017087126567474575,-0.03503717898320646,0.0005643470242291393,-0.026065833736332866,-0.021319800001432965,-0.039058658376029065,-0.02139815556630531,-0.02433918679557634,-0.030147357815148323,-0.05745557744555918
2020-09-09,0.017741963139809913,-0.11130933866583448,0.0,-0.007729623198464486,0.03914242447421068,-0.008468550905455507,-0.011777398230284675,-0.027090641747571698,0.003850481092689817,-0.021061824323258205,0.009292413458919402,-0.005100610897226243,-0.00339426686901112,0.021305183711948006,0.027322491238918944,-0.02559155837225502,-0.011089299885932102,-0.020060580151300744,-0.00023920935877019822,0.02943414009947043,0.02242886142221656,-0.008628160496391146,0.023238730239833805,-0.009074444402520476,-0.002584165109287606,-0.01996372630156329,-0.025000000000000022,-0.0782476039453015,0.0005336505163968663,-0.01620679080114007,-0.007016743871176678,-0.0033915348923712063,0.0037292093714560437,0.016312163283509262,0.005714362392468919,0.015422376571130547,0.013203461216292789,0.08792109187480457,0.007201671630619577,-0.004603803006286489,0.02337675471411904,0.0008591731831408822,-0.014450739616142072,0.03497829737716529,-0.015273278681046887,0.019967835369135933,-0.011830597678913368,0.028546435542380788,-0.0008826632272364021,0.014382072981146132,-0.037842608436800096,0.0026650496020173,0.0010751648963966964,0.01477824555697338,-0.014401118444517857,-0.006371902250959294,0.013176105125736859,0.03021621489029913,-0.006540130632739172,0.002439240816617172,-0.007936255646065593,0.0,0.05134695501850617,-0.013739870742534355,-0.02113198421329343,0.02313844724772096,-0.034010278065287114,-0.004616447495419562,0.01910403521604076,-0.03744383296502052,0.008278209864270414,-0.004761919362342049,-0.04371120352733637,-0.028577870654855175,-0.013485488569610293,0.017741542778734853,-0.013119502005605077,-0.03353004401636883,0.01801499097720627,0.003265399430425253
2020-09-10,-0.012361367492133235,-0.02890402720854668,-0.007646558865227804,-0.001449285222429486,-0.0161434448294554,0.014946681508196669,-0.003611378720458136,-0.04116224493542375,-0.01940450253622572,-0.01237851661029954,-0.017705439344187224,-0.020826652621122155,-0.048291526095173176,0.0070518748884857985,-0.007978783264741551,-0.025134431192774365,-0.019789030947641395,-0.008883756925549213,-0.008143969400493778,-0.013196072448579232,-0.025925621061825832,0.007832911608416149,-0.020565052733143352,0.014652000576396595,0.038860184667226294,-0.020370395297946153,-0.08205130161383212,-0.027429648198144196,-0.02613330078124998,-0.014721322675525284,-0.024307690945792437,-0.006806257694265794,0.010085246620373134,-0.014791443600318033,-0.023200956862352462,-0.008571722767937717,-0.003943737668212544,0.06495473000139884,-0.021450411324603347,-0.010175937961813153,-0.010152350242394248,-0.021459239558330623,-0.011730358075748515,-0.02232950287774582,0.0,-0.020141196032101738,-0.013547712092793485,0.008506969529720632,0.0,0.009747486117808846,0.0013558413416545623,-0.00620143014445218,-0.0010740101583760486,-0.09466018253199582,0.006414549572591577,-0.021644511205329064,-0.010481195661453113,-0.0147165292745558,-0.01711643924099393,-0.0012166838022988902,0.011999715307350778,-0.03328513253058196,0.07411861471191261,0.0687853709593913,-0.041634446247184376,-0.01577008446124961,-0.004401082010196733,-0.026757045366657017,-0.006464279630087222,-0.048755212685688276,0.012041524515921997,-0.019138814942816884,-0.00914188660235793,0.03245387182403969,-0.024185119913260777,-0.018602987754421818,0.019202388223862332,0.011657007989795298,-0.027064420468029815,0.004581150222324748
2020-09-11,-0.01379972979117905,0.019429487514593946,0.005468206043527601,-0.002177155530389663,-0.008204119271074561,0.021738948083738663,-0.0018123212718984538,0.0277778112259508,0.002070917666652239,0.0014923215314013305,0.005767657647333113,-0.008507726968797757,-0.017020674703938643,-0.0022611343276339735,0.0036003924555398914,0.005504083977547758,-0.007402404065356083,-0.005456028199865126,-0.02318256237034444,-0.005760687765857808,0.010930115898785786,0.018998296068934772,-0.0020084098855611687,-0.018953072165431184,-0.07730673561569557,0.0018905951860552772,-0.04636871180973823,-0.0017019132751369126,0.004928772543272286,0.0028459577239805522,0.003186537745933693,-0.002936551034396495,0.0015762240008549977,0.0019166412029369972,0.02035897670934328,-0.011527180413617999,-0.004820101740731442,0.02340424927503837,0.010438549049086587,-0.014018378675646148,-0.012820573711966099,-0.0236842599007544,-0.0029672584385690426,-0.0006172362663049435,0.007346951231664622,0.009500438050018545,0.027147934009975616,-0.01623780415012044,-0.019213781748527725,0.0114083711616777,0.0243797531812584,0.0271895515920626,0.020967621617789867,-0.08311003950410223,0.01062351787930127,0.015257466474851045,-0.014711762013430607,0.01305619638245803,0.0,0.0024361450052798883,0.023715845442192407,-0.011975808083989792,-0.05235351434029367,-0.002036628864129142,-0.03620275707311038,-0.0038734825386954608,0.0,0.021994078409785844,-0.010409838663965942,0.016357646377566315,-0.015954529529218275,0.0024391034344324325,0.03154766135205134,0.01289008772250666,-0.029094774984751992,-0.00689304622877529,-0.013043586701800058,-0.010425269140230009,0.010342350615016649,-0.014640623276527154
2020-09-14,0.010087937046573181,0.0620438238488501,0.014338818887949856,0.026545492450643415,0.06066187155921887,0.005645850461914792,0.011619408200775228,0.0,0.029161996189200456,0.013706523450690344,0.04874571969109076,0.029372960537127124,0.016900965966916814,0.009576617873750637,0.015246844214944044,0.01757446997529777,0.020339026450470588,0.010971822657274366,-0.020519286879229548,0.009029242903900947,0.02137391357529439,0.036864360924666384,0.006403192006918079,0.04415827975751219,0.008108266294163169,0.08679221788838998,0.011716506532808868,0.01875305484681622,0.007411447467855936,0.01631790131540889,0.01674886617808169,0.019145699820321882,-0.003147993719471831,0.018173129364442264,0.05748206333840411,0.029307969904752484,-0.024736230238159185,-0.009702033289114897,0.045454303467239,0.011374150083500956,0.01558428302175674,0.07097924943806788,0.004464460888273125,0.027794731655117033,0.02350080699085,0.01494295238512211,0.00559720609415848,0.01596996586316246,0.04503490513299058,0.009110750791204492,0.080211402352937,0.06378827445279933,0.01474459200630851,0.05263183124371529,0.01857032247619106,0.00814002771221145,0.008260888960950563,0.024332401170076512,0.011386388253638469,0.018226094455372488,0.00386059054596144,0.04393918810844211,0.10728167656947663,0.08040813523895896,0.003338859176351905,0.019089564895142352,-0.021161528032248023,0.008967001704641486,0.04667972946598997,0.020386324064273653,0.02748025112777497,0.014136717889084327,-0.0028851262135409783,0.06519308125160217,0.032186454437972634,0.025360656591937092,0.024963444196313578,0.018575048220438983,0.011295360282706612,0.020582258389229002
2020-09-15,-0.02416240102959466,0.022909521543899247,-0.013648519205334164,0.013106643359488634,-0.011265445359583737,-0.014035057929363659,-0.003230425653595659,-0.019656058661043696,-0.024096468350735756,-0.016754749790342083,0.0054681139704932935,-0.028855460429390467,-0.020258445408479542,-0.04989148178874403,0.0017665911839257475,-0.0022649452118030933,-0.025913806768044112,0.002713163108683636,-0.008076608678193375,0.01789731584930565,0.0010980115934817736,0.02492850950014769,-0.016360620589754626,0.00881052197660459,0.06434300128375225,0.013888806927153663,-0.030110043079350834,-0.03992354555439592,0.018067707058655014,-0.029319406002950132,-0.033797321330564456,0.006743758227587104,0.0026316123988636697,0.0025048724358656127,-0.01752024101316596,0.0002981128029022617,0.020042705339244682,0.006997927343364241,-0.011857527309618088,-0.022492690561585538,-0.0025573530378912857,0.008389438564131435,-0.017777914193739863,0.019230568490568034,-0.0007917837522741777,0.0034281619711096223,-0.015151515151515138,0.015402458807588282,0.016160437350456247,-0.002669985118420093,0.015095764532684575,0.0004079511415140402,-0.007784015523277565,-0.002777845879054497,-0.008255820102004985,-0.021614829399681623,0.00019992401919122216,-0.006341258145909023,-0.027152407810592916,-0.014320038724543016,-0.0019492191365557687,-0.004354232691765048,0.041043674150589515,0.057801311912902165,-0.02995006954228685,0.012314736808274551,0.013574655759495124,-0.008887309188003067,0.0056533759966905794,-0.02839121464410499,0.031291870365829144,-0.023030465763959174,0.000578716926184164,0.05072316139344002,0.005376364484882101,0.004946619397572682,-0.015759411822718894,0.001633030915970668,0.02059342846927037,-0.018138353464475343
2020-09-16,0.010564522596273829,-0.009331839919986762,0.008154136302495285,-0.012762045732567229,0.007011390841853871,-0.004982339196716312,-0.01800496328161527,0.06766922774429784,0.010974157777842386,0.0083706957999099,0.02039443281847264,0.007593416518446139,0.008704672081557119,-0.047557362178459406,0.0017636842342536596,0.028376765500301993,0.019099804059062198,0.006957963893716057,0.02493641533766544,0.005860460033052295,-0.005972479177975942,0.002791056420939464,0.020883405199944916,-0.007860275466124,-0.03526451027471578,-0.0017123635730310616,0.03641794688666056,0.004482079329175548,0.010201903294787762,0.005034237579236045,0.011169847740387207,0.017703247709365044,0.006824170108534977,0.004060862327489145,0.008230350132235165,0.005365097831303123,0.020344213153362656,0.04794993494933952,0.0040607279445052935,0.0057525062086785095,-0.0025640029886671023,0.0033277624264786976,0.019607885842550576,0.005896132339380911,0.030110944365042913,0.000895865868167034,-0.006279336831267024,0.006337668678977337,-0.00954214875928705,0.019861985065638077,0.040594951268432045,0.023649366276309758,0.008368093894409734,-0.025069566091008078,-0.0031218158492176684,0.05662776805025094,0.00659356040355874,0.027350294587332513,0.010891691383828617,0.00847443042814211,-0.02343737001985824,0.03207012080656879,-0.005716063313125019,0.13321426936558312,0.03773592722448127,-0.011650714155754471,0.0019843016130722813,0.015423253878030563,-0.01186775111671523,0.0027056896995534263,0.020746541535687557,-0.0006206185658887975,0.018507789351060344,0.0005984196819808218,0.01604273929523581,-0.011269664454676254,0.0524018326962552,0.040760870410273764,0.018467728648874138,-0.03184255227324284
2020-09-17,-0.006207155187332947,0.0026375166695364882,-0.012990144230666245,-0.002302122623705216,-0.0008701658258181144,-0.004291770257040195,-0.019801991559775023,0.0023473595087817323,-0.01334259892099543,-0.01719525031381275,0.011992000220852894,-0.00425951532980362,-0.029010709330336337,-0.012082835392965507,-0.012323707193016231,-0.010486032841004134,0.008701363209160151,-0.02226481656717827,-0.003227429345780908,-0.00946815164125192,-0.0036785518328529276,-0.0019880412651659407,0.01973208036691254,-0.024647864562796107,-0.015665759660872802,-0.036020509339298346,0.0028801402824105704,-0.01289044263254202,-0.005049397642191145,-0.005724753154793816,0.0008720756728759493,-0.010813132599617137,-0.008863133774570708,-0.0077775507957206225,-0.008163164430782688,-0.005781057232291831,0.002044920370889436,-0.02055699386676102,-0.010111125099744545,-0.01715915283596947,-0.009370829098728217,-0.03399669087577306,-0.0073965226563956765,-0.01875695810827338,-0.00692308866060698,0.0057635077523541245,-0.0012639106192053884,-0.014557130427673037,-0.014129684448004554,0.01100749289688463,0.3344921157961078,0.015335602766440859,-0.0015560155148285348,-0.060000187362429735,-0.026792032997599913,-0.0038449136421726537,-0.008138198789569118,0.0060144783566049576,0.003366956362111262,-0.008403217942317465,0.0,-0.01129951407626495,0.07606137884219444,-0.06996531186202548,-0.0008266445185708404,-0.00840782004011642,-0.03762378891562512,0.012009896114513197,-0.006952960685359555,0.03399887411880331,-0.03887198114698176,0.004966018101672409,-0.020159082185169375,-0.009370040313653849,0.0010526556717722624,0.017162358679667866,0.047026229775740225,0.0013054631346354206,0.0030222976129081758,-0.004519188816249242
2020-09-18,-0.03090072359858209,-0.04284108496238059,0.0009932516484489895,-0.003372546272080834,-0.02003507763210388,-0.00790204829703034,0.027684282788643877,0.05386417332572924,-0.0038964699255312762,0.01870271587873451,-0.0013167032521812505,0.012504116583999414,-0.030453707384109907,-0.04195688956538657,0.0017828977455662809,-0.0025093043530660664,-0.026542542445402773,0.0011779049903524186,0.027397166878444734,-0.013970631493055552,-0.020737693624933273,-0.009163328236685087,-0.014734631707345458,-0.0541516593502861,-0.026525019793154136,-0.05160144666726463,0.0166571463566354,-0.009794058077281398,-0.0032777033409455703,0.003958338049912191,-0.004356705439473085,0.008555157577299743,-0.002104562918554209,-0.0083083951491153,-0.005944189089552299,-0.008647711473530273,-0.02942162173944396,0.014217947052416857,-0.010214343219255961,0.00387967926353161,-0.00540565504241286,-0.04291867339880184,-0.007451732437501191,-0.0011948329527537993,-0.020139444767999337,-0.01702365613224177,-0.018348753965221287,-0.0017810180657993335,-0.014983720154386093,0.05318271298541255,-0.0008683106699234333,-0.004707702356074317,-0.005714281732069115,0.04863232839436282,-0.07436536975847485,-0.013992958119055543,-0.02561535597006037,-0.016073767256406413,-0.033556979896597894,0.0,0.019999476095167834,-0.054285607744391395,-0.03287673323121787,0.022704170487881203,-0.004135559997459515,-0.013111897140528517,0.015431901787752889,-0.006980762940794749,-0.040101782489690097,0.03862211779809144,-0.007665554073923997,0.0,-0.02202255457830571,-0.024149667567049837,-0.008412189461688424,-0.016357510478056336,-0.08322323926443542,-0.03598428444134627,0.01841295836259116,-0.020176563864093944
2020-09-21,-0.020013544171342157,-0.015312108369156974,-0.047630795769637246,0.02083711481132866,-0.007999838445907903,-0.007965437280268106,-0.07135049987762554,-0.08222219679090714,-0.0522319264661103,-0.06277768971737197,-0.055372641731676886,-0.056223605404041255,-0.03344388046397717,-0.02181258395892338,-0.014235064241438167,-0.06681593463684299,-0.03544671201949823,-0.057255069044297,-0.04703008395314501,-0.016405926038423946,-0.005278693277175006,-0.06151992903160153,-0.029189169943869664,-0.07156488862211896,-0.07901909754072733,-0.08818013742068564,-0.0740113738319107,-0.00557953890439733,-0.04327988062955168,-0.07275983027865895,-0.03996475122253418,-0.04759679281019702,-0.017922820095874537,-0.017704673748260236,-0.04047817302374246,-0.02526698243616754,-0.031890796433441615,-0.05073426558289873,-0.05469592196898787,-0.05797108782381988,-0.040760866990136924,-0.0591926567997183,-0.046546338194850434,-0.008373046232004633,-0.08774701107905725,-0.05065390679441206,-0.06799864373412423,-0.005457563494211448,-0.025352620342126375,-0.07037784917852186,-0.07966393040447106,-0.031336260712907515,-0.03187050621196463,-0.1536232580293081,-0.03862491530491852,-0.027404008987606532,0.004723655130390636,-0.05239553051546564,-0.03888867606386148,-0.06779649580336322,-0.02352880749123276,-0.04229609395641665,-0.007365391704038271,-0.042412215828440236,0.003322220536565501,0.0009744927425130445,-0.04761904761904767,-0.053427079683727396,-0.05901869996712095,-0.030150773516147478,-0.016782379814611725,-0.050648510031698235,-0.0654814543547454,-0.017941899700291808,-0.08801695618721228,0.007201833256995194,-0.08357328270792119,-0.0860156938105533,-0.03879012646167357,-0.06949799773088627
2020-09-22,0.003807551727575964,0.0011961996306526501,0.02292269177834161,0.009944240295546747,0.013440831127826458,0.005109398807546572,-0.011760173165973775,0.00726385766099491,-0.030590041542322588,-0.003159396033435513,0.004885072880975949,-0.00344358729435823,-0.008156722549540807,0.02463271846234072,0.011732454425370742,0.019173126893269776,-0.003533602354007237,-0.01622281196778197,0.027219416819431963,0.012130665046202749,0.023437245061119993,0.009854307657784167,-0.00816634062144872,0.054470782279573804,0.0,-0.016460917305467282,-0.018303797939737576,0.03391996587884072,0.024392913723130905,-0.020873566197318616,-0.03190528195833453,0.004453201248774352,-0.03327962122234018,0.006115314154602647,-0.03595445255787377,0.009720653552961034,0.010316820809772587,0.0267229330031733,-0.029475718835655695,-0.019487392833499873,-0.00566549149711959,-0.008579617822026098,-0.01574818719661164,0.005428175010949499,0.02253034919768626,0.014009926574140907,-0.015214412249345166,0.01794002648710591,0.0522504685269205,-0.008981969939391043,0.0034624714269224643,0.011190152036453238,-0.0474904229617249,-0.020547837214884623,-0.003214191474111505,-0.021509537289090108,0.003474935287512748,0.00725329101170713,-0.02745686000531844,-0.04675333765287082,0.008032312760884786,-0.03943209570725614,0.061073040346301344,0.006920441715549952,0.012417116406134188,0.015662116196441644,0.05531956554170536,0.001856637077383816,0.02325595458890861,-0.004145073931010157,0.004063971032798541,-0.016916304938982107,-0.014267620478029652,0.03863923128641411,-0.04883721600744484,-0.004680243153827424,-0.022012824782271623,0.008286438937863627,0.01778382386638322,0.015490947455867543
2020-09-23,-0.036896564317272174,-0.015133455152469444,-0.02470105716559412,-0.011055524000726069,-0.035366826235670556,-0.02614378201499834,-0.023006855354829936,-0.050480722940178024,-0.01828191297615389,-0.03074495459281601,-0.060416910114818756,-0.020041428806334083,-0.0297620837880479,-0.02817392521520945,-0.036574602655279675,-0.057613107603227465,-0.018439642310962734,-0.02283319276055229,-0.03863313922346201,-0.03220958042187394,-0.022530057480472543,-0.030122999306977816,-0.0239520735814005,-0.01851857015780245,-0.08284044071787311,-0.03765679482152606,-0.02858918792943499,-0.03231379732873341,-0.04513473532301515,-0.011053974720998117,-0.03170121853773156,-0.020689612774363098,-0.03997762086816492,-0.022552723791237628,-0.027349372029281338,-0.021699374329787746,-0.027230424204984782,-0.02054795773263285,-0.022497167071920843,-0.0020915886761389,-0.028490251821083445,-0.015384829669783828,-0.003199891512075559,-0.008998054074606854,-0.02542374456658214,-0.018931439751897483,-0.020716388136763464,-0.02674685730398263,-0.04492700541061645,-0.011653052418179377,-0.06336274472349135,0.003018151133552305,-0.006798535947178719,-0.05594417455353884,-0.05360732513942568,-0.023138874323726744,-0.022000169547878534,-0.03788368489484506,-0.013372858395260478,0.009536759684969365,-0.04382510995193101,-0.07881792173524027,-0.07208177200586796,-0.07594505026977838,-0.01717073528783719,-0.02221648370520013,-0.09123030189808012,-0.05782058904412701,-0.06542731409736502,-0.017169611628277348,-0.042363534624967225,-0.00860350350949024,-0.05178515929397798,-0.035179900848720025,-0.013447506876248072,-0.015020739776014036,-0.03697748055885253,-0.029057759689969376,-0.00033611033030911397,-0.03718339552767369
2020-09-24,0.007518769453776386,0.008087374308190842,0.0036556111500933852,0.009432238688396932,0.0009164256398446202,-0.010439786623891778,0.013398309285637122,-0.03797470722953333,0.0158162378836586,0.019293793202532106,-0.0155207788374494,0.0299718223568608,0.0017826470137198847,-0.0048605483434414065,-0.0037032266421676008,0.016219717484768692,0.018786050360037443,-0.002596279546489,-0.010561612969802181,-0.0015480619476460067,0.006093890003965319,-0.003499559123801066,0.03680985408856041,0.02482621723697709,0.051612896670310215,0.019565158572789176,-0.0019193686981149316,-0.029059378102237243,-0.00634773918436915,0.019161643957138708,0.01166941681469047,0.028168882983617083,0.013302441905360007,0.0009357137974468355,0.002556271610585581,-0.0037007710029567376,0.005524892373429013,-0.014685317157060895,-0.002301734320457216,-0.0020966587701730655,0.011730340833774111,-0.004882529300259564,-0.004815598241287855,-0.0048427938163054796,-0.017391287762185792,0.011805886640622099,-0.024739942606447407,-0.011397525842868128,-0.003375932725266595,-0.0065501189031753615,0.015740265817472343,-0.007622865822179858,0.0028519221914027337,-0.033333241838471195,0.028534838469123525,-0.010133416445487708,0.007706833172097305,0.019850518027589636,0.00451800864897467,-0.01619431941192262,-0.04166670940901285,-0.026737787332710816,-0.07275362982266187,0.0007437879590050933,0.0,0.004674848203654047,0.03272339679931324,-0.01770262634102482,0.016949446833248727,0.007411397645348261,-0.03522108582446104,0.006675625455593082,-0.011194027436576492,-0.010268266260106684,0.006195810734284324,0.011802219209047893,0.01669445028496619,-0.01027811770762077,0.0026891219718294668,0.0053756736802961225
2020-09-25,0.011016428984805593,0.012434795914463947,0.016649046442272386,0.007613826119768019,-0.0009155865728338597,0.03240381044732277,0.007211607547050525,0.035526313725601,0.013058808618181983,0.006737113451051657,-0.014264409277104373,0.0030811588007881863,0.018298456466700808,0.014740384761838143,0.010222550226751004,0.010435448698670635,-0.020567353244399067,0.0017355014699651505,-0.0075499719345144545,0.013177933332559455,0.02677002333691436,0.047848995598445576,0.01960054590798954,0.01841090500738174,0.015337320811290134,0.057569238128316824,0.0051282001121668586,-0.028091354437852933,-0.0003423044425946431,0.006266940221071771,0.014418445664532209,-0.0034244051767152728,0.0005704387029288327,0.0185335722336748,0.04385493314407918,0.014796041638908797,0.012454126734083415,-0.0042583689827483395,0.017301249705368615,0.007353067577796635,0.023188266335338437,0.04416092259116722,0.017741892365906953,0.021897850357604387,0.02035394144726732,0.004205223105480993,-0.004411992953371691,0.015838824042367472,0.022583511618821994,-0.021538631747584747,-0.002637663934667356,-0.006670771513751617,0.00910146250222521,0.0,-0.006210962088182503,0.01648499476956755,0.006407490436129315,-0.00659449097711684,0.02698648558972283,0.0,0.004347605953360034,0.034798725923681495,0.09174740503100032,0.017837218318768944,0.0024959368081145517,0.019357038655283265,-0.024704753514699695,-0.0016018826303018097,0.005072385410231028,0.0,0.004964619207462828,0.005304901209967294,0.015094358141188868,0.008680919995467162,0.022167525580375935,0.018610625837059525,0.016420481239296514,0.04459373884005946,-0.0026819099887522846,0.018150936002723217
2020-09-28,0.028470986591060177,0.018225079080534057,0.05117714799545037,0.019405799159786685,0.03391384567185862,0.029926931600469553,0.01113746923400627,0.015247762046257884,0.02999509805049705,0.03951559569496177,0.025895001656451866,0.031058198647622604,0.05839292741638413,0.028021446229918423,0.013800007826461291,0.018226250552219714,0.04055029672121968,0.02901687828341526,0.02413451389502197,0.014537266592756115,0.026989086721561195,0.04566393828724569,0.007435615740849721,0.01998097369873375,0.06948650258500111,0.05645160184990439,0.06186219990278352,0.06537001996275782,0.0067328995295858896,0.033865544416764815,0.030953998295194962,0.045655244097083214,0.034227062231924066,0.01787453766265168,0.04250134646264292,0.023266556249267767,0.021526947474753255,0.008553092504847148,0.034013540497858985,0.06256493658205664,0.008498780589124566,0.027255625202686318,0.05546757842722094,0.04523792781475433,0.03642672038342831,0.042818942272464966,0.043574805180866205,0.011561348975372532,0.015680197575618227,0.06783477530024085,0.0029749983334581565,0.011803146328633662,0.03833120101340204,0.0,0.05083327801954107,0.028119445981252156,0.009447509260449571,0.012205712538845281,0.027737359711915488,0.038408748841436635,0.11255376744327816,0.04247758629162557,0.043951320857388954,0.050748496822617506,0.014107927066018267,0.02073160075106295,0.06883290268304498,0.022864006732718822,0.02451332090232272,0.049921115150431516,-0.005521196001855966,0.04881284860697832,0.05474818937245196,0.014693551047600506,0.03734933238777871,0.019042810329470417,0.030694513580171057,0.050877129384601316,0.060840337653849774,0.01741297768806649
2020-09-29,-0.013328746732286678,-0.0015564558108895898,-0.00438153795869356,0.004885410649166699,-0.0017730033186543759,-0.01204809078983915,-0.014555298486601198,-0.03629536547689327,-0.010434381836077034,-0.00889008268763991,-0.02524137617849853,-0.003310534232948914,0.03738317757009346,-0.04765910871586221,-0.0009077346584157597,0.0002981426854649083,-0.008350703094253453,-0.006733938789372229,-0.03560457620479418,0.0,-0.017023794013005245,-0.008814075377564845,0.00936094446274538,-0.046641789882956974,-0.005649679810447394,-0.03625948180124883,-0.0156156297200436,-0.019776846005482795,0.00408071418465461,-0.009789408166966718,-0.0055147281757431665,-0.0075757047704625435,-0.001102758347919286,-0.0044297766620662316,-0.016401019199255518,-0.006214902542251433,0.027093948159967907,-0.07420489507897299,-0.0076752519909235595,-0.014720218092878712,-0.002809020682683294,-0.01829843824225319,-0.0060056142142296265,0.023918003613730976,-0.04435144279753622,0.005203599894567423,-0.02158527539688948,-0.0007339802118935257,-0.04066115485411381,0.0042070348255423,0.002966541581135962,0.019911295048897326,0.023887061864964032,-0.030651406931277214,0.0031718567916863005,-0.014628962494595776,-0.015056058923524351,-0.03321367160110855,-0.0205968075680234,-0.00528387674237063,-0.023345325412270634,0.008488885770750576,-0.048134868279943954,-0.04933982079273724,0.003273283873085564,0.0005973685568447795,0.004636515302427036,-0.01019608740713085,-0.020408215486092618,0.005005024212254572,-0.02542423006131278,-0.018868013893389435,-0.044536989119617676,-0.011170891887107959,0.004645756498028009,0.008333136558086096,-0.03134811649384783,-0.03978854646124197,-0.011723730589740078,-0.035859896298457095
2020-09-30,0.013162383399803135,0.018316419179631893,0.00929100855385756,-0.0033527808195057407,-0.005328820865805883,0.0007172361550666917,0.001597003065527014,0.002597400184666032,0.0014713459079218616,-0.0021652225740823594,0.012185942066931243,0.003985442594302668,0.016936980926238743,0.006672755988802459,-0.0009083447520339405,-0.012824355405001153,-0.012631498331697633,0.01059330908774081,-0.004781116267319696,0.015083361988103672,0.007720581874442356,0.009700880086439767,-0.003923688637427092,-0.02152644435231188,0.0,0.003960269315710363,-0.015863345855036792,-0.0018106491231376642,0.028448821302495597,0.018631422614478144,0.008626051186499062,-0.0014311667816214735,-0.0033133942880523293,0.004449486895273136,0.01572187238744993,0.006101305956848879,-0.010689745532952655,0.0007633034287284346,0.013259456766113953,0.0049801652855332446,0.01408447106955446,0.005592127883709663,0.006041899531939565,0.028364923860265456,-0.007880923991823496,-0.0021945088215423736,0.002893356521781909,0.0019936495900061413,0.010879564936942199,0.022203528083408974,-0.00887278859269025,-0.07394964861059983,-0.0243900233255141,0.07509906965113755,0.00751006626149997,0.006583804437342744,0.004751277236631379,-0.016083154988633108,-0.007251530744313062,-0.00398404318385015,-0.015936421452698468,0.006734176210548615,0.04739941092855471,0.03618420135354827,-0.00163130222128971,-0.0002557595408014812,0.04615396908472724,-0.013866893210919384,-0.009339086839966315,-0.012450199250491734,0.006896634835040993,0.016666677806898234,0.0013414123385886434,0.02322177046168128,-0.0011559856241032396,-0.00500859777898921,-0.009708638096938449,0.00695455491567043,-0.017633765120645295,0.011693501388826633
2020-10-01,0.005128225525070196,0.02755458261874666,0.024709239228067448,0.020185030679958915,0.021428563596751715,0.029390942994352853,0.0003983503383770959,0.024611407044577316,0.002448708704301694,0.005269505253929552,-0.039879772643962474,0.0023156062354068307,0.025070841799924137,-0.0029653060242714746,0.014545440483699323,0.010574222014555934,0.023453941154029323,0.010062686351560712,0.004270237340932015,0.008172118206766443,0.027341232931311188,0.040432355780236184,0.015577489173704384,0.015999984741210893,0.025568233933751294,0.03747559478886542,0.013019281013484374,0.017361963366055555,0.013172388559123949,0.0059723676965732775,0.00244328995080334,0.008122044115386418,0.006648216607247903,0.006169711951286905,-0.0009501145096620922,0.013189811327728895,0.02056473927275526,0.06254772463559055,-0.0021810558326458285,0.01905732993782472,0.013889047646078678,0.032437330776972084,0.0015016863570145311,0.03244999714332164,0.011473973108235835,0.03659633418160224,0.010097302209191916,0.020316289504728413,0.009192757714783228,-0.025409893652511784,0.05769226360027013,0.02044281446389884,-0.00217401516009208,0.0073527906158001866,-0.00039224816032601417,-0.011799187205879913,0.0,-0.004447860958300853,0.003652510866237302,0.03199976601450705,0.02833953457820715,0.003344232700944305,0.018844605283235172,0.04761906043402098,0.0,0.018512300323478392,-0.014215624871109056,-0.005624724511108736,0.0449601064657279,0.01613715058272236,-0.004169123096046112,-0.002522002322573935,0.030140643005153622,0.011245128578540431,0.010416573534412832,0.023156350253784153,0.02941193477850179,0.012374109501461339,0.003589865658216951,0.003620761099832448
2020-10-02,0.010204122011181704,0.015270012722050641,-0.01512997918294079,-0.040230971214365585,-0.025349574188340385,-0.0013928408520276214,0.02350616247718218,0.017699158789308722,0.032486513066760425,0.028677420025779776,-0.008620444511188152,0.02475244735544746,0.019589167451152356,0.034814617252819646,-0.0008961359009574954,0.002989218370683222,0.030555635612391274,0.027397267300919736,0.012755805555422883,-0.006632281031728748,-0.02012091204276767,0.021546728390690273,0.013928016287519496,0.018700840247159345,0.002770209795874168,0.0038020598509020953,0.033659683716308786,-0.005603602022702936,0.0011917725537873292,0.03265291847434293,0.022851927617802303,0.03127979720458618,0.012107757164560473,0.0015724857381065327,0.04089410569967944,0.007182432003304484,0.0110996643089456,0.03589375370036585,0.01967227858447984,0.027558646334293835,0.024657334524930796,0.013464917248725117,0.029984928469529937,-0.0005237940525217866,0.027050647345968404,-0.014633164937117638,0.01785079423040714,-0.017448393132683537,0.014441381592605884,-0.002523159611212744,0.05485910591693122,-0.028589422031288225,0.03976010661928031,0.02554749969796677,0.04317099270230851,0.01765070037639882,0.028577239643073904,0.004802875374944504,0.057496150326227236,0.050387743621809866,0.007874297372177708,-0.009999921065464434,-0.01782097610723299,0.013804708312456393,-0.002451074905411521,-0.02563039151162827,0.019393371902225676,-0.014949528857915118,0.02637074969589137,-0.002481351762139372,0.02368806881802077,0.024020185433493824,0.03088422784531808,0.047108812660414445,0.032073390759168596,-0.032964398775199966,0.04761900731258839,0.02359289394989883,0.017886409338696785,0.015679357125011117
2020-10-05,0.031649762021149996,0.025311831557747633,0.04776755385755038,0.04105831331427079,0.03049321435828678,-0.00418445885534513,0.03075127620818119,0.018633492543629337,0.029335025040440277,0.04526370997169704,0.02450573012144508,0.03124002036132656,-0.011103870135643845,-0.010819979954408865,0.011659226786563837,0.027422110199187832,0.02560652065188762,0.024242530152003283,0.04224586266366526,0.01854582884958189,0.004029170753009348,0.055367279206968156,0.0033038158051050814,-0.0193237444993265,-0.011049937686931077,-0.003787658944898853,0.04854942122299777,0.018186451532337777,0.01266094711156307,0.03808842064170892,0.0607688208530468,0.017922526649357895,0.028820115355583376,0.018681363778289217,0.03928695415601147,0.02421656724398047,0.013342443825311578,0.024254984088245113,0.03644139185921458,0.02203070345746494,-0.0026738274568214315,0.007971573141233534,0.024745480126961095,0.04559737160772892,-0.0008496370852083546,0.03036338917354975,0.03577694602132464,0.011699520295758825,0.003942174852780811,0.05775718438929989,-0.04071339709680277,0.022556457258245732,0.02828714464006632,-0.0854093502239629,0.03085034075894799,0.030863471032341216,0.016789901908246696,0.006336274724220825,0.0,0.015990099405326585,0.011718540754511508,0.048821575462359545,-0.03106532146021268,0.030222511755753967,0.015560875287489617,0.022522113898360452,0.09121943368519614,0.018867965859553637,-0.006761487655124743,0.04079600394337213,0.026069131537503454,0.03827153562806873,-0.00473035707540348,0.050975079030302295,0.04328516978260244,0.03319755780470435,0.027272734617830308,0.0052763801794635246,-0.002236381111286101,0.008879745237846626
2020-10-06,-0.015013018636685915,-0.01180679480136615,0.006185679460804616,-0.003300286516214279,-0.006092140496600118,-0.010504019127405506,-0.0026436251326653615,-0.05609756693252854,0.0009194158640695171,0.012331452762335049,-0.015432151239886616,-0.004059975497083701,-0.04311427525111611,-0.004956465220339434,0.005319126648971828,0.0014503243066983362,-0.01379739036449934,0.006705936639949783,-0.031721906770534325,-0.008740095965404038,-0.016884645803536547,-0.0007137921997474317,0.00034662837953569614,-0.013793043833504104,-0.005586481581240199,0.007604716212514795,0.0016939970748959254,-0.03723269288644848,-0.02949350376390525,0.02076856391431403,0.0044927440455169165,0.0036118580832011915,-0.009513798476765922,-0.009092239185910511,-0.010109948264693691,-0.0037718060843784373,-0.001166648931412051,-0.035182646379170235,-0.013443738027375196,0.03842558097497095,-0.01608560189416164,-0.007029925738820442,0.0014202722595750839,0.00701781755405495,-0.021258502987611783,-0.006858206456743288,-0.0023704194446630966,0.0022715665892540926,-0.004799345600296712,0.008768459435493536,-0.010532884253123154,-0.00588240268636786,-0.021905232100819516,0.003890971699553436,0.006204495211775907,-0.007917976307751151,0.010025667010372885,-0.012923802559719255,0.026152830621884116,0.009685098720506158,-0.015444186472054588,-0.070625921892567,-0.03617528017650751,-0.06382977153505409,0.012903401739509768,-0.011685513281540216,0.008940461497942032,-0.010064412176501336,-0.0013613647072289181,0.0,-0.02397952569415207,0.0,-0.02946769077671818,-0.022965276373168364,-0.01063823743123149,-0.0014774003126513113,-0.007374613340456748,-0.03646407919901473,-0.009606217340975998,0.00636422615737553
2020-10-07,0.0019880262492308898,0.05792897992415491,0.005009119341196744,0.01192041178942893,0.03852896729413491,0.0035385082676611113,0.023476066378011584,0.042635650318421314,0.019976955949998043,0.02322954927983978,0.016457805818905324,0.023204629222969952,0.02370786884412368,0.002147034148221927,0.023809528771219224,0.051854423180839326,0.04063927581919535,0.020376214407890725,0.000779840284120592,0.02130774075304398,0.015057968390107535,0.0007143020629882812,0.020097017028406494,0.03796204852668272,-0.03370771024433372,0.0037733644848285675,0.010710289543912399,-0.019074981277880654,-0.01860826301569085,0.006442609572063329,0.031590679416131806,0.027890249468971895,0.028815733996236936,0.01788465336631595,0.035968082055227946,0.021403736787853234,0.031036206582623738,0.052594669562554985,0.03563960866552618,0.026173343538574256,0.03542217373609757,0.027433657211382467,0.03546107943446719,0.0497755955240653,0.06776713444487625,0.02168773716603556,0.029191914529643315,0.02544556740979176,0.017755435359236182,0.059660214059464645,0.010331988279890902,0.023034635327130237,0.013020724420967689,0.003876151856017751,0.057308731686672054,0.025564236745756475,0.006617308098300967,0.025738455227049872,0.018779398247054768,0.02637915579932737,0.003921950652472583,-0.0051810867107086045,0.007506542368404645,0.06095036138475618,-0.029458534549000492,0.02015980464120548,0.024811725121697936,0.01301340759815095,-0.003408447942176429,0.02055450782063084,0.03656046585998629,0.024970381024017607,0.02677119244662518,-0.0030086469818342287,0.0,0.014548480251352025,-0.002971832956148668,0.04300458583905242,0.010022660110679649,0.009956691759943626
2020-10-08,0.04166671365086372,0.02703630849047589,-0.0031718178230046856,0.02421469515004704,0.0345699853192194,0.014104563046666074,0.004809372380644605,0.002478371563817916,0.011931701741847656,0.014673674505450318,0.031611245752212636,0.012565233194363978,0.03963831441142651,0.00796963694456787,0.0043063993905052556,0.0035800200034057372,0.03329059027939585,0.017281348188130208,0.014029795961216562,0.005755777606611501,0.006791657554510833,-0.014989295839842653,0.009171146247184625,0.0019248800219924256,0.04069739181991161,0.0357143208204278,0.02175122046907374,0.023708027915372742,0.04499048872209732,0.023584711717259177,0.015447261142847557,0.00962790704622929,0.02385877711483042,0.009625898297953794,0.016288169236743366,0.009978614203628222,0.015536476977859426,0.01798797468169444,0.015182309385800785,0.021107914963864882,-0.0026317926758929744,0.0206719784461582,0.0013700313679561038,-0.0009481474231977094,0.037428807125693186,-0.007022958193560025,0.013192759311063451,0.00944346426321574,-0.0019383070725810247,0.054809902309133296,-0.017663403190443572,0.030778779259764466,0.0035992651898468786,0.034748846933700284,0.00171515184490878,0.02444092777636886,0.007347245862356022,0.027820237980631823,0.015799880572402225,-0.003504535353078597,-0.011718925435624916,0.10590234353742933,-0.04032132403048727,-0.010386228509284723,0.02461012937126683,0.00900529872681921,0.06528326789540695,0.026495377416900112,0.019151852909312872,0.009836022516183096,0.021444916608931885,0.014500982612301927,0.0015898008218639958,0.022067109748091118,0.023655942206107117,0.002308713682573016,0.03725780756181041,0.017042301090753886,0.0032011108933485133,-0.009858533381855272
2020-10-09,0.0009523592414186766,0.0023325456278020518,-0.0027273516537317244,0.011022311844787414,0.034229851282040924,-0.0013906881171832364,0.0011046793593709747,0.01854136164413922,-0.008676148914671278,-0.02237431588628591,-0.013452830663257975,-0.01573840617474276,-0.007350451967349514,0.005441621867726898,0.016295378116573556,0.007135046425538194,-0.014250269412715011,-0.015100162852394017,0.002818492535155759,0.010014380292633351,0.00458628618949275,-0.00036232712839201486,0.005553716614336013,0.007684911131477401,-0.005586481581240199,-0.023593658651400506,-0.019104824634282536,0.0005204386574251263,-0.009662889540226205,-0.01152033217693682,-0.007205911375799623,-0.011269912949325445,-0.009118838356124148,0.004691119952043854,-0.013918311202107514,0.004940184112205204,-0.006055927252703319,0.007853395789016115,-0.017946293001542934,0.005168173814336097,0.007915843805670564,-0.022784953499812244,-0.01094405320232461,0.015662124134186106,-0.0007843316770067554,-0.0029248176098802814,-0.006510453768958868,0.015127354620669609,0.0032367856721959853,-0.027571553359892365,0.0015770827333014825,-0.0002001843324902497,0.005122848114656575,-0.048507321043146145,0.003767000915648744,0.01151313570292789,0.0011515567309996477,-0.02175971967968615,-0.014258123688958513,-0.002344873268522618,0.0158098674366145,0.003139824877660846,-0.015070870092402933,-0.0678911023405464,-0.008006393124973421,0.015535817661597617,-0.00933442658793504,0.05983577258138184,-0.024160955903849368,-0.00927638499744643,0.017679238016268917,-0.009719653754889257,0.009206378270709248,0.02417422783704115,-0.0063025647827326114,0.043889510692070255,-0.00862059958813477,0.00324321437526387,-0.022016794484257085,-0.02220141383882357
2020-10-12,0.0057088459311382955,0.02160902992616065,0.007520595910308181,0.02196267269173169,0.011820303897677853,-0.013927868450151037,0.017285657423002032,0.006067984481033406,0.012118319750290318,0.03153777432022031,-0.005303015140521339,0.0061500976421235976,-0.023260445469344693,-0.00414376047161269,0.005063468852407604,0.017438446667201513,0.012570830131347632,0.019164307839560024,0.04292276832836728,0.009206534478976236,0.027891384021347942,-0.01087347718018794,0.024267795195639374,0.028598684202152835,0.036516827421490206,-0.009293578398991253,0.01669455514036855,-0.012743866547308191,0.011058155855200535,0.010656151083866083,0.005376627619658958,0.01841288364032545,0.03118618393079542,0.00873655905722015,0.005988293672160916,0.0073034843597608035,0.007696126733490516,-0.035064933456444014,0.010152245486791278,0.02570719942065791,0.015707076806899867,-0.0077717450100665,0.015214169881403894,-0.020560679703125917,-0.029042377724203705,0.007733346146444164,0.010812636975778167,0.01725492290422026,-0.0051625142619168285,-0.01454004557327715,0.006614202968624472,0.015834649101230447,0.005606714929998091,-0.023529461498301707,0.017741338372856408,0.012790464283864988,0.01016112724239071,-0.002061672097027456,0.021696419947750067,0.00822565518991758,0.0038916220057123585,0.007824597041569348,0.003400328146524023,-0.04996481606199621,0.003228535090784579,0.021401243618054178,0.0008195281158545065,-0.01070114064373362,0.012379480419528743,0.025749027216506848,0.0016289825415201076,0.02136269679288305,-0.0217049548344177,0.035495517490146344,0.003171219117359403,0.006155645630080864,0.017391261582388795,-0.019935287851905015,0.027732442349411857,0.019815635749261595
2020-10-13,-0.02838220004842862,-0.0009762050030506231,0.0024882627591764628,0.00015454655010649354,-0.004673093841092935,-0.004943306643625411,-0.018076651015645484,-0.03860074464823626,-0.02084259226864482,-0.03869032884202328,-0.020563380657985464,-0.020476975549472143,-0.0061054584158145575,-0.004584963951130838,-0.009298054831293978,-0.02624515754978307,-0.04096857857319469,-0.03798413831192715,-0.03160202580296467,0.0016245618702157572,0.010544523804964623,0.000366373074304871,-0.01372549251823807,-0.042632070414574286,-0.010839964007873681,-0.05253282068751153,-0.05090313529688972,0.016596445819539785,-0.02337551206562616,-0.03130181751504657,-0.024331780340782205,-0.03357714338406048,-0.02578071092673495,-0.0022399427283980033,-0.01700692176495333,-0.005298473083374944,-0.007478098733240901,-0.04104977596033432,-0.039195663641355516,-0.04010032942391539,-0.015464179747844864,-0.027850490799352756,-0.044959016544179775,-0.003339824366993316,-0.018593334225074032,0.0010054537579662348,0.0029173378919837845,0.0026021264216236073,0.002594652059218827,-0.025452017785219994,0.0015644625577311277,0.023086077100415325,-0.03142429367533606,-0.08835342452113415,-0.02246054437596323,-0.027575062498068514,-0.02353409669543416,-0.018484469486706567,-0.04054058198380028,0.002330910922992313,0.0,0.03571466665439105,0.046364790836828984,0.0007407576949507444,-0.016090321161952192,-0.0011949703543925327,0.0004092292068631487,-0.010443818906172186,-0.0258150924063697,-0.03240525282598383,-0.050406476934130584,-0.04974568789361722,-0.024437306095168587,0.037410782417159893,-0.0221285609285351,0.011543451989833864,-0.017093975778147863,-0.030786220827344724,-0.004126820080275095,-0.03197957645331306
2020-10-14,-0.011359971333635643,0.003908759899108105,-0.04106504680481882,-0.01097543268663348,0.0007824923502404157,-0.004258153691155786,-0.02945507330022601,-0.007528223884444851,-0.013134066942247835,-0.013509863793722765,0.022550377150946987,-0.023013773745177102,0.009432834897935116,0.006141706280853532,0.00170625189306306,-0.018151554322892727,-0.026536961645840407,-0.006254727011122174,-0.02099683929106111,-0.0070516651480253545,-0.004224676906182778,-0.0014651651756975026,-0.006958283290185219,0.017425005470010024,0.0,-0.01782183323687403,-0.0034601767828374985,-0.0033687760456387883,0.018774693127966202,-0.006853909192849894,-0.010687647975963555,-0.02049003618806844,-0.027989865511599987,-0.0055375105151972415,-0.016868736655802352,-0.005046248382740037,0.0008015538727776939,-0.016140318753426586,-0.010460457918639032,-0.03046143538227053,0.013089154597449193,-0.019695622047984362,-0.019971507019309498,0.011967498118955477,0.01317955872218013,-0.001004443836136626,0.0006462512790603725,-0.007305605547903937,-0.006685214131307848,0.03785010907974762,-0.0043733740004107124,-0.004242947565694433,-0.006279629752756977,-0.008810690796861143,0.00548697228455608,0.005480547734834973,-0.008746166537052291,-0.02570062262997086,-0.018108636958563462,0.019767500902857726,0.019380198920573966,0.01948999369188864,-0.00824374438507225,0.01628418279995114,0.016353453480561386,-0.003908472342296521,-0.0028643092657081315,-0.009423294139824234,-0.004881476940653107,0.008490490157991415,-0.0008565081707907485,-0.013682318210010536,0.010217516953965555,-0.024320710984850336,-0.012931022522848834,-0.007988551731423432,-0.005797157451633894,0.009926327438439353,-0.018489035289145583,-0.000557566863985115
2020-10-15,0.014116860558878175,0.005515901297120873,-0.01858822334032817,-0.007346219612769711,0.008600605869400813,0.006414599931036102,0.027693528000772183,-0.01769909850648088,0.016750897506707663,0.021112695814473836,0.02281368092258096,0.029686920839900655,-0.008912079854094479,0.017719350041920157,-0.010221672849552887,0.028851384478437048,0.03789889831109794,0.027537406341346493,0.009043930512935283,-0.006392696912846496,-0.008001564258423244,0.013572961437203324,0.021354731787127212,-0.015223581724805757,0.013698463646813597,0.016129149593323566,0.016782349343471337,0.046541886587043946,-0.002802049074955404,0.035541789744767405,0.01939045454460553,0.03183287891380182,0.02513076366842215,0.003762269400509499,0.02947664404928596,0.005775947686671001,0.00016013184504415356,0.030670423499405075,0.02114144031498988,0.04308817237084761,-0.007752115411353899,0.006392776839120984,0.03784579190032611,-0.007568678994083311,0.0008130267257531187,0.016830004032013957,0.027131886681849293,0.010554894961917638,0.011506628907154592,0.022246507387363,0.026984458392689925,0.0060040572557509275,0.014217999434654738,-0.008888809482434867,0.013642455133547005,0.031164836516871297,0.021960594402077094,0.003865871244412844,0.032103861436701076,-0.0045610579359539605,-0.0057808278601566565,-0.010294096849576828,0.029241405833377865,-0.008011628575723129,0.01287193307475687,-0.004404074393233093,0.004513724272882547,0.0068492539240538886,0.030834070656880597,0.02151548222066424,0.008283843901858656,0.03558508803246374,-0.0013050247529049486,0.11311676187343411,0.052401801736520204,0.00414167200241744,0.026238933344037152,-0.038191535721463055,0.018512452514428013,0.013947166903038655
2020-10-16,-0.0012948663461698207,0.017425005470010024,0.022776271181467633,-0.008030097800489244,-0.007752211642414464,-0.007790450192649345,-0.002584008488485612,-0.003861030872843396,-0.01105850404392228,0.003911736374296648,-0.023048224848357557,0.004074015160757671,-0.029130197082291143,-0.02557478043447059,0.0025816739463169203,0.011706685806255113,0.0,0.003828231721042741,0.025608202660110102,0.004288846255085854,5.736284557533722e-05,0.004343135826214262,-0.005063727002772134,-0.031884049424469096,-0.059459484385746886,-0.023809486753041176,-0.006829762889530078,0.011180143178620039,0.00940238579984376,-0.016661102182460863,-0.0035326763102291325,0.0057292787668214995,0.007660852429185905,-0.00029966021185567904,-0.005982781851569974,-0.0018207285296826248,-0.0020820122729144908,-0.03391001921010295,0.001035242316620888,0.015490362499096744,-0.007812316952033105,-0.006352168841274208,-0.005609995303210602,-0.004289759654936831,-0.005686486280454095,0.003382857242204107,0.0028301180847212226,-0.023093174089827695,-0.003863483905741205,0.008205667721800314,0.017415359513984985,-0.006353394176574545,-0.012980360452244377,-0.008968529028305139,-0.00336459331913308,0.004137515482896648,-0.004796498765971879,-0.002944887916716765,-0.0013236869068463664,0.003436525950597291,-0.0038760737304227577,-0.020802442388802578,0.02264216047212031,-0.08516885882224023,-0.034154055755152735,-0.002895698693483828,-0.040849770315467104,-0.024943305753907352,-0.018355014360417643,-0.010531114497683514,-0.048442465679180424,0.0,-0.003920314826547755,-0.024710401144727334,-0.01867223016236308,-0.00801957849810997,-0.01562482677317989,-0.0026277416813982324,0.003188861937374776,-0.02173327904710176
2020-10-19,-0.031118385155262884,-0.0009514965427265265,0.0058602550775455065,-0.015079403028538496,-0.007812298251585026,-0.013561724306901168,-0.007772197749028376,-0.029715704010040422,0.008215247664711933,0.005566411390699022,-0.002283396064850063,-0.015293478639812785,-0.0018583871658223172,-0.0018809048817586271,-0.0077253468504572265,0.007804476930105109,-0.0006406773047186176,-0.01296723569678182,-0.02921377772405076,-0.022775692616188392,-0.020321406252432506,-0.019099123843081323,-0.009358064295717394,0.014970021125503052,-0.07471267012166771,-0.03048810170906069,-0.027507245191896734,-0.015479141432569676,0.00417558226206638,-0.006777343176071815,-0.0002727168445889605,-0.0065731409415450415,-0.03699947454448027,-0.011398024132905249,-0.009028334729990761,-0.0122087539377852,-0.007061522663371345,-0.006447002316759098,-0.015511896154982274,-0.0008473598193574627,-0.02362222165473904,-0.025570590601424303,-0.007052166818988348,-0.007659257145707921,0.001634024357652919,-0.008455120709431108,-0.013170256141095016,-0.02030406823724684,-0.020900838416338496,-0.013446947682865917,0.025825934815066676,0.019763692885714113,0.036822904233148934,0.027149277584537668,0.004726647352148117,-0.02254553589784647,-0.020435687612068043,-0.011246119050883685,0.003976245172308657,-0.013698559771670449,0.0038911561385122084,-0.009104466672547717,-0.0857425118749997,-0.010433395990603223,-0.013157825043011107,-0.010405717713990015,0.014480482906730874,0.002713240474530698,-0.051246485918847284,-0.028227699820580376,-0.010717108764728311,-0.03378004153357905,0.005247617206073807,0.010451303744492213,-0.03382660608180088,0.0009240253705617985,-0.005771921686653858,0.039227170918427534,-0.006675335955911743,-0.02038799773483857
2020-10-20,0.012378753816729926,-0.019682566324869755,0.002563511261427287,0.0033843903261925323,0.03543307530752293,0.005065145993040865,0.018649946235748116,0.015978679347783187,0.012222934625967241,0.021588750109823307,0.03966456847060029,0.0158478546451164,0.021111107445336064,0.02835149776211754,-0.004325281120598712,0.008010681050276247,0.010256493629200891,0.016615136204294334,0.01286030030906038,0.008740433169333484,0.00685576123816678,0.0014695413863481388,-0.00397748886078686,-0.005899746230735969,0.01242235872944919,0.0398324439312725,-0.018267500205402465,0.014225098556660098,0.010662117392457038,0.018764769201097042,0.025914099830439907,0.011909864115555946,0.02105251784386386,0.0016689630349155937,0.030368726987607397,0.002841064702489682,-0.004848839939010863,0.0036049164489844188,0.037815223043768276,0.017811542644919465,0.013440920191050365,0.010309334115654822,0.01562495680369369,0.020260695415133423,0.0032626395682111564,0.009050456509274163,0.01874810245465497,-0.023428077715636375,0.001320639073618901,0.044835270580748654,0.012587612598125908,0.01710038096720412,0.022323870655846845,-0.06167414304587904,0.006720375094488418,0.0040981338792900335,0.0017710946671314343,-0.0029870770514016654,0.021122049140522625,0.009259013763824209,-0.011628221191268162,0.010719731237148533,-0.0027764969935503148,0.0028385926706144815,0.011666782260459474,0.00032608557135072047,0.020990855442200473,0.0143022388821743,0.010219033275927547,-0.009999956403459853,0.011736308505352788,0.00964453186706904,0.013050558678912472,-0.0028208791929461574,0.00765860964932652,0.014653248001329278,-0.0029028909861639196,0.01577468657157799,0.008320049208742963,0.0397588190977618
2020-10-21,0.01982816873063853,0.0032383544102156936,-0.013714744822164837,-0.002409139418796946,0.0007606310327032961,-0.0021597891064931707,0.0161111819191615,-0.024901710926695242,0.020125158694542344,0.01977754697123424,0.030080628031473378,0.009360370988224176,-0.006058281816278321,0.00016645756221023156,0.0017377913259577493,0.008211966525319525,0.006345028433117461,0.0022806903336549667,0.0,0.00288789230511588,-0.014461767422215499,-0.008070407612154162,-0.05158067475585615,-0.02769532566564059,0.006135089363163759,0.012096914910833867,-0.03181276659662369,-0.032234192378640225,-0.007068236759934066,0.004353657556885437,0.019409707467633375,0.029642409792381086,0.009794437997691086,-0.005149186833645958,-0.010526365725906928,-0.010199614652919742,0.011044328280650273,-0.0028735604621976663,-0.019230586737285837,0.013333755407539893,-0.005305100146345332,0.024118609856502715,0.0181818564978109,-0.04349901266315459,-0.03008129104240087,0.01845718818395592,0.0012476810177928233,0.01199506005703821,-0.04021977695314627,-0.004119444219309987,-0.02081535446450966,-0.004109713155294625,0.00694788421080661,-0.004694530263351315,0.00500649881684212,0.00011637308815459768,0.0243618223072537,0.009910251477940113,0.021978097302296273,0.024082801076940274,-0.011764360695485587,-0.016666849258640037,-0.023511220756201046,0.03962796443091676,-0.011532238148999285,-0.0033409128718598913,0.006167645301411895,-0.014862781747342124,-0.007225397078944984,-0.002886068814273224,-0.02706740080731218,-0.0005970684437430762,-0.018679547116180917,-0.0317460384072803,-0.003257299983380646,0.046964077260923665,-0.045123759214816817,-0.01442042257238585,-0.015867907353191435,0.005659725999610732
2020-10-22,0.026571636992155145,0.018398957496662094,0.0068351230692991205,-0.006601428145963983,-0.0037996424625247327,0.001442975928019008,0.04324327934801597,0.010752677834782398,0.03266094298931477,0.03320932457098924,0.029914600986529427,0.03493042104556099,-0.005385115003240348,0.052298217069163266,-0.0026018935286601375,-0.014188165596639601,0.04981085069800795,0.04664387323402441,0.007618186996201315,-0.004319925640440259,-0.0005612528673892836,0.009985153153600601,0.00035088522392401345,0.038657183864722944,0.018292638520858606,0.04780879357703349,0.017978978959448444,0.007373432172105732,0.02135565712049381,0.05101711371604534,0.011215121017882579,0.0372568053757425,0.034711086560515136,0.00882934546910219,0.019999911939057924,0.014455264371504573,0.004337392445768362,0.07132563133685821,0.07120734142709262,0.026315547685511698,0.018666694192903233,0.03985508583443731,0.07967019604650583,-0.0034600415164812715,0.08968982962724681,0.018937018199131517,0.004049728293909816,0.04872857464498126,0.014197571927004438,0.04722510347933584,-0.007381327560183282,0.020071224707809865,0.008871262372805555,0.03301882844944504,0.05745619893995202,-0.00011635954703470563,0.035673100643490496,0.039251087735727275,0.056925717213153426,0.034714456332768595,-0.003967782695720845,0.05084757848089194,0.00902898281609743,0.07662393196633333,-0.01583344228782113,-0.002943334651855367,0.000817359574377674,0.004642124956051763,0.023289546876596123,0.015436550983623398,0.007031598388561822,0.03823167970039054,0.079422386965178,0.01233563242986735,0.026143765047899725,-0.012273273665438622,-0.03658542713567836,0.04783344735921835,0.004514654691700315,0.04914221066950386
2020-10-23,0.0041034840295264274,0.018700480724412882,0.0191945587644895,-0.012155480747638281,0.012967293376377365,0.011527509237764022,0.008290095555488985,0.0,-0.018679499557075485,0.004885800521381656,-0.011756427295471328,-0.0005971751094050459,0.010382331742739392,-0.010842006943763027,-0.0017390299764271644,0.0031981026641949573,-0.009609424538384648,0.020289828857485315,0.01436500586795364,0.005784857003436894,-0.0012703951110007994,0.017209858289790603,0.021045260492909446,0.007835447934099626,0.0030029510812117355,0.009505497591836498,0.04933005250784395,-0.007319462611007244,-0.013731402606248277,-0.002220861610874092,-0.010574847075869864,-0.006938895363944986,0.003947007674657721,0.006186862509619306,0.01877328986690907,0.008042243778471736,0.004638463392938608,0.020847372024377364,0.00867055514957027,0.014422918353873104,-0.005235661838979611,0.013937179185121495,0.003816703956670331,0.002976061513668915,0.03307694655198312,0.012040237248868157,0.020167564009243133,-0.058056363038323955,0.025062013292884266,0.016458058491741978,0.03539589260111797,-0.02813542276115255,0.0019539838717455016,0.027397008822746427,-0.010678443925441816,-0.015741782416141215,0.04296268823359961,-0.007465842353443608,0.009575328105773107,0.012986945430369268,0.0039835887100716505,0.0,-0.014128752199364603,0.019508634473451858,0.016934775906418453,-0.000246090980514202,0.033483180828215886,0.007701223266363577,0.007112236773328062,-0.011401414718135494,0.027625983157775202,0.02186444179411473,0.025843791565587138,0.04216772668198221,0.015923526254289166,0.011655717117764253,0.02689882568943025,0.020676600654173427,0.007383675401176015,0.0017008961490034835
2020-10-26,-0.04181072528868368,-0.018668278951938566,-0.019981402034934592,-0.023626016850639697,0.008283186495377626,-0.002136935082932556,-0.026721597767350613,-0.05053193023999181,-0.009950283438269425,0.001023349154136266,-0.02729191531302555,-0.014943558479441066,-0.015015916510292993,-0.03872298994942369,-0.01306640020517591,-0.023113681726905422,0.001819394683407305,-0.01846620542402877,-0.022111866635104893,-0.02372395081577472,-0.027035582981676076,-0.021598285336190126,-0.006011719022326223,0.0038872655006136903,-0.029940152134871556,-0.05273058997020519,-0.014509576705859395,-0.03966441140766108,-0.03385717927572818,-0.01526227626098653,-0.028936660670939363,-0.009864428235672906,-0.02899292922831309,-0.01904614535888971,-0.03972146931414944,-0.02099396241910001,-0.01401043080010611,-0.0335968523470942,-0.018147197394704828,-0.018167125477971058,-0.023684115133358552,-0.03865987650540037,-0.043092332881151774,-0.020771520210234984,-0.06478033252343207,-0.03253193965851442,-0.03527980283725152,-0.052610037641527385,-0.02709258882957688,-0.010686327520135541,-0.027865611432455806,-0.013434230563229455,-0.004875760199422041,-0.08888869369983976,-0.02063495689904704,-0.025826402134283,0.0014206208427056666,-0.04137159751445041,-0.00948451080291235,0.009615225979771491,-0.01587315511262788,-0.04545476713513885,-0.03375794518535091,-0.044649194172218465,-0.02747691152093612,-0.01976698826028045,-0.025286441020864414,-0.029423020845199654,-0.011299483193650595,-0.024987917528112802,-0.01979322233933134,-0.01970747193288247,-0.0657973061726298,-0.025384638859675457,-0.01567394183005022,-0.026195516987048806,-0.004622485098901952,-0.07024462738354609,-0.01338439352276044,-0.03970746936931746
2020-10-27,-0.0416666831187521,-0.01997466866924158,-0.029997972537823325,-0.011426527824203836,-0.1598209468083318,0.014989361638526821,-0.03238272154428301,-0.01960782480441492,-0.036049792112225365,-0.039365305378502025,0.01942449322608475,-0.030339800208991075,-0.02977228946689292,0.00957133248041897,0.007943607211730264,-0.039162302390943426,-0.06658604162386905,-0.037626349084941224,-0.0015244321760028434,-0.012518586213476901,-0.014957745010772405,-0.002207485845059254,-0.009158437689288812,0.026137508205015036,-0.05246912159226469,-0.015904687070172008,-0.054770337470415265,-0.024622724223044568,-0.035371156307223095,-0.04746528039060993,-0.03006729629755922,-0.040680756032280274,-0.031376122590363376,-0.006726841275700002,-0.023027523403561068,-0.012151490128629483,0.01081857475431125,-0.016359902513292557,-0.03307398827893271,-0.031376141771820354,-0.00539089689270511,-0.029490581102941116,-0.041059656287011914,-0.007575584239000732,-0.05414014987720306,0.002653318459016951,-0.02585111985170907,-0.010933043265473508,-0.049128468084594146,0.0,-0.022754104273807862,-0.0034521877209992002,-0.02792746817002345,-0.04390231130468902,0.005834584086672923,-0.018606222160685193,-0.008687810059583967,-0.0215787442766896,-0.034709628547744176,-0.03386251780328298,0.004032269518516651,-0.012288763278811787,-0.04828609575543896,-0.033753704685257735,-0.04280823452210103,0.001004140774136797,0.014187395006945103,-0.04448815660383809,-0.018571132045246186,0.0059141905603825595,-0.014768012362179617,-0.029293479280775414,-0.057106634462812056,0.02178381872220947,-0.036093434164987226,-0.02377482398828379,-0.0015479088559567922,-0.03310701693805451,-0.017118791003350453,-0.022986747214856718
2020-10-28,0.008216383324554988,-0.05143966872976258,-0.05774340558557123,-0.02566721335411426,0.027555615632978148,-0.022503663912242344,-0.02219001362696782,-0.054285730634416884,-0.02402556833112013,-0.04310846188115902,-0.03316874405031989,-0.02722116927447149,-0.03456775428205605,-0.09752670276978181,-0.030648271263612692,-0.024341838984296427,-0.02723758043329183,-0.03120302976892353,-0.02264648383184853,-0.04250557298577429,-0.02614102045973221,-0.034660785581457576,-0.02895011934068137,-0.1575471713391008,-0.013029347338328057,-0.03434339507349282,-0.025545103627860444,-0.056731817153401254,-0.0011317165395015039,-0.02440662667444149,-0.030445476488373036,0.009952569619519291,-0.00261261471002594,-0.0270894669502314,-0.020515068695531102,-0.02633857997274347,-0.041213921471031756,-0.051975050875847084,-0.01106616411908301,-0.014949908122889877,-0.032520413562651895,-0.037753340189493056,-0.015193416038965957,-0.015267237130675015,-0.06481485272274412,-0.020712218389622894,-0.03656936856160986,-0.04082306276468972,-0.016428377136600503,-0.04288050481411354,-0.029634237394299157,-0.03772141783834304,-0.04889080618929553,-0.03061230452670649,-0.06928747843440008,-0.03593568723838003,-0.0640315693163589,-0.04446287279737149,-0.02479845951783921,-0.017524184943381593,-0.024096063482989094,-0.059097752799007086,-0.020086577444365483,-0.038771529793225845,-0.021467014044385224,-0.034105193270555945,-0.06195064679975493,-0.05191595406331262,-0.037118085823148905,-0.02204805322409209,-0.051085820249346825,-0.030769388973706957,-0.06460296502871066,-0.02873481119400545,-0.04074888641717789,-0.02195324067808513,-0.015503762356264605,-0.04594673043474373,-0.027275712000174646,-0.03925931292568974
2020-10-29,0.03327675439161082,0.0030695823166662084,0.014615510536847731,0.03803228792106328,0.017301208987453798,0.0014389353016970308,0.01897311193961415,0.045317250139125465,0.02717148254998225,0.01724124273775529,0.04744549494085626,0.023801731490636913,0.017424119951150008,0.03343363892031204,0.00722674774511356,-0.0002903893186789741,0.021333362220888885,0.0679086127521813,0.08044800960555465,0.014018690557481284,0.013880854329198167,0.018334588870934088,-0.008800317452966167,-0.007838818153003135,0.016501625650197527,0.04184108978308654,0.02877236568970143,-0.05467630290299008,-0.0009064335952677638,0.029186761491395874,0.021410168729621315,0.025278250800914615,0.006809870554767894,0.008384632541577286,0.029411737582151876,0.01099877740529398,0.024658418831152495,0.06067250768934751,0.03153603532508353,0.02782457935351923,0.02240922188400085,0.006698868858571627,0.02384294232106643,0.02067181427861242,0.04050412032812245,0.03939058956821473,0.06415835145440951,-0.0031948742725567136,0.0024204997767300895,0.028385764653611867,-0.0037394298285340355,0.009600182713230598,0.020137459711065286,0.021052319284545762,-0.0013853849029739074,0.00629847447280496,-0.01184795380541348,0.01777343901324091,0.016528919985987267,0.012276524612562012,-0.0041153365889881055,0.0477001298408255,-0.01502029460733656,0.016373795224498888,0.015539263174249696,0.01981827335613029,-0.027268931785928485,0.012603172763758108,0.01360537561792774,0.0015030404820433052,0.011927784293612076,0.031135856811994822,0.048920886607022984,0.016223961747935833,0.030998794822829634,0.03507155545433838,0.001574875404750431,0.029754640064573623,-0.0033784029808675564,0.04607997579593048
2020-10-30,-0.00722971857292154,-0.008160481889267435,-0.0452360528484802,-0.004538113573636315,0.007653166003920742,-0.006465514839907649,-0.0007298880683030973,-0.07514450508575765,0.0049741861070071725,0.007927990739879487,0.02926812461975703,0.004398467654405769,-0.06492695480676258,0.006099351262996544,-0.02331767706144594,-0.01654065564984042,0.00718028263471826,0.032339953570033275,-0.013253212860558583,-0.016896983454953163,-0.0167854459262895,-0.020630129040077105,-0.02174301464217565,0.011286725208207171,-0.05844115014493301,-0.008032081281428294,-0.027967669670454276,-0.028006033841069367,0.007484645389325362,0.01012822170202532,0.027461075392431367,0.006686211580963608,-0.012486898306986682,-0.012864678479970859,0.005194881982641508,-0.00955604205175331,0.02390246029466092,-0.07098557342509992,0.0295853283626919,0.017227175526416172,-0.021918055319089524,-0.003802468296448591,-0.006849296807534544,-0.00962023102955245,0.03546711354061549,-0.010349165295746587,0.009785362109099749,-0.021291215629080096,0.04781466985402383,-0.01330238712302656,-0.04691898347261059,-0.0027736311031922867,-0.0031169805001803885,0.02577313978541418,-0.009708644563487745,-0.00025563950348317377,0.008122162693402935,-0.0007276456405967968,-0.06378978996163809,-0.05733187203988965,0.03305793751667552,0.016260141270821427,-0.03157520780826217,-0.007072703331227337,0.01620161421010713,-0.015020308567968765,-0.06263649479281885,-0.006008557692386396,-0.018642551211539127,0.005502781971538306,-0.013061465740490608,0.005920507971489686,-0.00445813310860288,-0.008295488877133161,0.06904241323368665,-0.007793180689668722,-0.036163654203917095,0.008638692825846395,-0.018305231908816944,0.0033247649977856675
2020-11-02,0.03839789230952584,-0.003085366895868913,0.05717289678540127,0.018571797538604384,-0.0033756116720098372,0.030368789588753664,0.018268005564041623,0.04843749033752842,0.022047065414664724,0.034832542272735356,0.0636424463082752,0.023459480876821814,0.01680534632927122,0.0069406162139826755,0.004591029175405215,0.020064618348541785,0.04471816203708312,0.046110635983484194,0.01880350800071473,0.0031249010669385235,0.018502560380265543,0.01838374304924484,0.0118540353723251,-0.03459826097063401,0.07931003208617926,0.018218568409637648,0.06202047607006178,0.056686544190155175,0.033205816065286387,0.021390469513410615,0.01891468094839288,0.02241601897263279,0.029504600772837675,0.01509860083896375,0.03832875687619741,0.018257252081540942,0.012227984154949523,0.03931755969166595,0.03544103809335852,0.007257985505463527,0.04761910808936887,0.04389297418043192,0.03310335941009179,0.017893733755358632,0.002506243300079536,0.02131946608520119,0.030009401827020277,-0.0009356939304642209,0.05876917171298923,-0.00539244140688111,0.044634115933207985,-0.012514657456484168,0.05158963815099615,0.03517607561450675,0.02030822906713592,0.009965628507936808,0.02915812603481971,0.009708752656382158,0.029391939941258327,0.056140263470718654,0.019999467520396053,0.03999977999340887,-0.017599125064759025,0.013058959941754544,0.019486402652490575,0.0010338346795479847,0.01728943905842706,0.022020735416318438,0.05319110842328478,0.016915430155978406,0.02194972514242388,0.01942329787865904,-0.009300738938248787,0.039614932324044005,0.0,0.021058816308182404,0.027732393114240583,-0.002362723851523807,0.07942007200991741,0.04721770588924401
2020-11-03,0.017213890068427995,0.03129297970424938,0.018527816273889552,0.02486342005829334,0.02963577741339729,0.003508492362745974,0.0254756879983542,0.03874809993540307,0.022672498487259496,0.03657580325833498,0.010821141519935074,0.030562331406578602,-0.0047174237216605075,0.003751883600350725,0.016453216816981087,0.03297674234274117,0.013647675044497598,0.03196502413347435,0.06232015780820288,0.03271024118428856,0.030121462940561727,0.04174503963827658,0.022148985187900205,0.024277462128102778,0.044728412867057754,0.047713749317213505,0.030102346877000974,-0.07231779253180903,0.03399066037109333,0.013088888767230689,0.04358330200755556,0.02760865412975999,0.04247707323524641,0.022232689662385452,0.016590652047216103,0.027696681983194082,0.04518350928373693,0.04782298824754694,0.025901973921467425,0.04243394889165697,0.024064260626007306,0.04021950721459966,0.04272360431422939,0.012054129301494854,-0.002499977747599247,0.021913405605615166,0.04370258121213477,0.048349390907783674,0.02067897099727878,0.02033191669294654,0.007540089311850462,0.027559792091224056,0.02180365250187255,0.033980438577403405,0.02539443171956579,0.04414930476923784,0.03746505691353663,0.05408663354864718,-0.007138044722221459,0.03986726297420251,-0.007842684850901671,0.010769683249371997,0.057137519587819874,0.05937501699663672,-0.004344129099780547,0.02013928568908052,0.05512183683330796,0.036332936526386916,0.03823993482126209,0.07240702072244654,0.06569786586953552,0.03117788324697579,0.0243393202371347,0.018217654443690723,-0.01770834057695303,0.0014492635277627564,0.08888882390999098,0.007104845682051719,0.010586995272829025,-0.01687524564523646
2020-11-04,0.002193661639164013,0.026675596882785646,0.0063912450801244525,0.049005143271684704,0.02549338928586553,0.007692499595959301,-0.06857968657140812,-0.030129062787825456,-0.07145957369756684,-0.08003070799985568,-0.013853923148583802,-0.0646500825918992,0.012827295195904309,-0.004780749717933741,0.01888485791764527,-0.05376626005915952,-0.10097926042790739,-0.07662234181429983,-0.05009007391204712,0.021116114265686825,0.022271489421813007,-0.0018050954163176813,0.025429766566350986,-0.01805867422258045,-0.02446488907541855,-0.058823628641572756,-0.05084750486256839,0.039616668009326395,-0.008850531396834338,-0.06363047817255418,-0.07991736420064943,-0.06874748272744302,-0.05547389624468213,0.011487149312703115,-0.05752739073445101,0.0,-0.028519904832623566,-0.04495911673649022,-0.09107326135537541,-0.06221176074424428,0.005221809444837522,-0.034270626931424686,-0.09218934388012667,-0.012903339636309408,-0.0041771252814912785,-0.013698641850434123,-0.029950544443586358,0.0543829698629128,0.040947083167980125,-0.030554458376740312,-0.017461877610912335,0.01722785944510119,-0.024248284589541313,-0.06572774655588598,-0.02443075068700895,-0.04422128742703613,-0.03341735595096862,-0.06636258911533655,-0.07320258923587575,-0.061767812753273144,0.01185793028132287,0.018264363812416473,0.0654655383346785,-0.06010328236263096,0.07417117978432408,0.04226780001149577,0.0400519473295593,-0.057480628126510114,-0.006254564051872413,-0.007755477906124519,-0.02667463220469224,-0.0834266709135103,-0.02376099379988661,-0.030565126898547068,-0.0190880487116194,0.06701542767825286,-0.03061217134641181,-0.019988250911989636,-0.027301422475186854,0.020786178897303387
2020-11-05,-0.002188860020902572,0.06333227362640548,0.024670252048351493,0.07847669644632482,0.04170006393729131,0.016654916046754176,0.03531203186810017,0.00739640713088785,0.05006962037106022,0.028348982316121374,0.00446990430803873,0.03994929638579392,0.018129979692233622,0.036160252741991306,0.02559580679634621,0.03083295663883856,0.0496937178527066,-0.00035300565332663236,0.0028500465772218764,0.031019062476585813,0.015605372171499488,0.05786619904318013,0.019734563416679007,0.05172411714146308,-0.025078430085649583,0.0403224522565806,0.0652709039951791,0.005531662572568985,0.04666736902190061,0.042428523831458564,0.057158776906694575,0.03606287187200263,0.017377499318685707,0.02241073160983653,0.03896076878161514,0.026808814253363344,0.01823245706397114,0.07774601735551157,0.04861123947404211,0.04094983482213976,0.012987162382916972,-0.005459417662802446,0.044540136118154106,0.07038742828333922,0.05201341288513195,0.036906158513781984,0.04436440094786076,-0.008260948892428788,0.013112211611382651,0.04522066278204284,0.026023669620089285,0.0504233890104937,0.009443332764369927,0.04522635068909997,0.028130423767225077,0.03409808024351113,0.0,0.0537384019442908,0.0479546891918905,0.04199738160614852,0.007812138971583282,0.03139019566164136,0.0952619901275149,0.04864651950774701,-0.02924466408736115,0.02922144185283071,0.041440143174912736,0.05709341033345683,0.0006994498481642797,0.05747126436781613,0.046894189719731916,0.05314595178238268,0.08796942512207595,0.06551833829854159,0.07243244068042642,0.036202449895956335,0.03759396468229914,0.06028789179166161,0.0019582513024385406,0.052679653143534955
2020-11-06,-0.011281724349549882,0.010384854464180027,-0.045292006437809285,0.008291693239677489,-0.021554876713356097,0.0,-0.03628447797959011,-0.0029368547862792527,-0.01743914026371718,-0.022972903921443577,0.001286276398824615,-0.028048709205482414,0.004017871681577301,0.011042772674916712,0.009466631589855501,-0.014380443065300397,-0.03566822618589638,-0.022253495182543048,-0.03197519276863481,-0.004298163962958346,0.005485252900168991,-0.01948716905381942,-0.009590641624377727,-0.007650240190443025,-0.038585219826391404,-0.05426335927297388,-0.008092450625577285,-0.04217607019042702,0.000609359731379655,-0.03044340153973779,-0.015107337362536333,0.12162140674450073,-0.02070384497598543,0.0005922834156475432,-0.032916339445600906,-0.008564989184246419,0.00030328033467585946,-0.055592271211096334,-0.039735150971675015,-0.029897599666299346,-0.017948742939718487,-0.040256191388526874,-0.02063280234425746,0.007515161624115363,-0.015151481735349637,0.009513304336352002,-0.025258492641411223,0.006941494341260679,-0.010313631274844637,-0.01933795694961904,-0.01206335704928796,0.010626509140156948,-0.04135881090410942,-0.004807702689454407,0.0013343771487117628,0.0009808812636646902,-0.016356808832458825,0.008752568751920098,-0.029952278564449042,-0.034858230702430215,-0.019379709567990178,-0.052173895361014466,-0.02384588202777227,-0.0022446489700673755,-0.07782408243717187,0.008887164294827388,-0.04019301817250387,0.004091668546830629,-0.04053109649564124,0.006086929984714606,-0.02937762678520428,-0.023781818470181237,-0.007670235584675167,0.010681262656007329,0.03326612108548899,0.009464364899313571,-0.02463769083255496,-0.018953272924065345,-0.006514704009260575,-0.0007487802933251464
2020-11-09,0.09160056036317443,0.03143884653155471,0.05493154410385581,0.010917470377046268,0.008654416810568888,0.034129947224034174,0.07115925913606724,0.25184094959557335,0.17029861130505242,0.1811893965074336,0.13487459447029115,0.11323719203132843,0.015174865457296738,0.14465539810957484,0.0025572632733823486,0.07761912706739826,0.17955644971046825,0.21131382129733178,0.07438217866697894,0.015108614669725906,0.06608402771680111,0.07112967177376772,0.01590866574123595,0.36563873598240537,0.31438121674722397,0.4118850151122475,0.255244819758887,0.003509910970516783,0.2121396897890555,0.16075058960248834,0.22497302469879377,0.14603885837563046,0.1279072514414239,0.00444058273571124,0.1443341905359521,0.029956822583672382,0.07751835402448481,0.17799572016108867,0.17733993973562234,0.1459856124138308,0.05744126966726015,0.3002860843555075,0.1502809326739718,0.001864847343444831,0.21700398937012255,0.006470216554309571,0.043580777332933085,0.013150894598892071,0.03780154531995583,0.19084211978808896,0.11145899491278422,0.014503397691719266,0.06834520158807722,0.4444445408817095,0.09330218270412116,0.11192747977599504,0.08352219401365657,0.045580723572826276,0.13052647483349933,0.11173811723220961,0.05533601581799896,0.11926615542782204,-0.015972446727448575,0.24109480237844294,0.011796548577590604,-0.013408253904074519,0.13442247153364706,0.04074979473074358,0.16533124776419417,0.05617982621860951,0.11087806434975844,0.14319663420015782,0.17004839689954165,-0.12010848951601072,0.12780491898699498,0.012666956203015722,0.16790499642792267,0.19146480193823567,0.032786730504342776,0.27688281826079475
2020-11-10,0.022648151605969558,-0.004103147539011531,-0.014674909272780146,-0.02678822781587098,-0.004680145613754405,0.030363115911262506,0.05483320396324309,0.04117651546702672,0.05471298627826471,0.07728348829428255,-0.003961189432543311,0.04029293590372429,-0.004541161821788653,-0.018136593461393735,-0.0017003826842401093,0.028973721666439856,0.0467500724384442,0.04639958344322448,0.027328638433437913,0.01204795927077007,-0.01315133222120779,0.023112011969109725,0.016170225752160983,-0.10564512147119343,0.030534627680341986,-0.02467333632980906,0.05710304038797287,0.032114413260154295,0.0009211238656690046,0.05733617754936349,-0.005931602043667938,0.03217573984762789,0.07778798526100994,0.0011788121275759789,-0.008283183248125714,0.012040085256725064,0.02787570929872829,0.02379533796777844,0.01506272428748967,0.04317014234876626,0.009876483254873891,-0.01906165024466644,0.04029303340185253,-0.014890725686187434,-0.0059880342107031526,0.03093105722980205,0.044300488811811256,-0.024494885039166858,-0.004922323030976616,0.02217265898702858,0.000563445630575643,-0.009828447045026834,0.0293410467573354,0.1471570494591945,0.05150864115889897,0.011563997973646156,0.03958847700465262,0.04879392550555495,-0.003724578040416038,0.010152185293871296,0.029962350201896193,0.0314206018891674,0.016549982702132704,-0.07280960879643872,0.04215247389597532,-0.027812831454039122,0.030269432691507836,-0.009397089657928959,0.033750197939178106,0.11743039562889401,-0.0037765954304309624,0.042619449914699015,0.0022019821724599264,0.019477369762236796,0.0,-0.03329061497853181,0.0038167225650438397,-0.030735732505892344,0.0019048508561687605,-0.054577553996690176
2020-11-11,-0.013912612428314874,-0.04149499312557414,-0.03507055365017153,0.02550776413125555,0.04075241495584403,-0.011530965242755209,-0.017327686687010235,-0.050847541643237903,-0.04113571208300171,-0.042826209234041346,-0.002273154505852415,-0.027085767029847996,-0.0023759741218365438,-0.03657274245909903,0.013628164023686384,-0.014473465383414763,-0.05664459759144791,-0.04894907951120664,0.0,0.014005754269837078,0.0037919089849207666,-0.0257715385961671,0.004522620675262656,-0.016230865888110735,-0.06913589309532164,-0.06249994649969903,-0.06368031329771273,-0.022181125497902632,-0.02660420260730878,-0.014738572329773603,-0.034253849352432364,-0.037036878510920634,-0.05695639245433359,0.008978376993870052,-0.02353841862925643,0.001336765657271144,-0.02177790582824435,-0.04938980356413769,-0.040395620245053165,-0.018317306414950885,-0.004890031419594432,-0.041853460237508466,-0.026995116595452062,0.03212084664740633,-0.05689420693903413,-0.0012200242161709562,-0.03269389301583292,0.021461529644851263,-0.04827850692453306,-0.020867568644994172,-0.00422292873710417,0.017145019026510777,0.008411184587693743,-0.04373181030401874,-0.008115864150984198,-0.028742779661492635,-0.00520037668129214,0.00854510772452488,-0.01246091630734536,-0.011054943827468966,0.03636364760619548,-0.006622555939927444,-0.004383259068758805,-0.0586510626616531,-0.011187521040204262,0.027064327754920736,-0.07022582055933813,0.007114636782759698,-0.010883004818356468,-0.04650306024351347,-0.04224215223555838,-0.027916331056555888,-0.05575388046702123,0.04203145227240501,-0.02508650097978482,0.030871244283893207,-0.02027890701207191,-0.038451958673254905,0.03992412827365199,-0.05121030990053055
2020-11-12,-0.028793512195820603,-0.03899295270688907,0.0059745623568696615,-0.019111542349751764,-0.010542125270384561,-0.0064811681824642475,-0.02678843348545612,-0.09047616506649947,-0.0396733154059401,-0.028162343448280835,-0.0176534127575938,-0.03368586591427658,-0.032866552294797624,-0.02156010652492557,-0.0059224512945363905,-0.04245669114283934,-0.023094965939063017,-0.021192857626417094,0.003103489782149804,-0.012998375178639887,-0.02880231991672999,-0.02906601151547694,-0.012506252871995582,-0.05957833433741577,-0.029177769837864465,-0.04603168226165544,-0.005628467804992376,-0.05482040906318719,0.00335195010539846,-0.008185080126233313,-0.023112404945360043,-0.0019234478952339096,-0.03319514387570044,-0.010211365223733782,-0.03343669470103505,-0.016820264463800028,-0.02268283304108787,-0.0537897943327964,-0.03006892034102271,-0.03800999933760385,0.0024568593020064533,-0.04758197185843838,-0.03498212992924976,-0.011441695468480506,-0.04968061048151007,-0.007645635979090737,-0.026256963546116507,-0.038974671597012844,-0.03014547085768038,-0.03841851058775769,-0.03618895502873243,-0.0019519878933758061,-0.014828373514888193,-0.05182924846172421,-0.02951489513229033,-0.018383334888513625,-0.037436866407185354,-0.002615120597295739,-0.023974804570751185,-0.04573176966840653,-0.005328547448330112,-0.009333071171215512,-0.01147798049921911,0.03115270145008675,-0.028720684947200592,-0.008942019328103568,-0.03236993568884461,-0.02080058040889421,-0.02078202961281861,-0.06835639877355437,-0.04551863057760153,-0.029230602687154716,-0.037812658425604107,-0.02902976011876912,-0.048802144489353494,-0.006918418984191543,-0.014230175042686088,-0.043105684751066464,-0.030164582919017136,-0.05495587475450192
2020-11-13,0.01245189675112468,0.015335509945208603,0.0009895941193132085,0.043122860933993534,0.012176476076562137,0.01565570798136351,0.018118514768425076,0.1400523809372234,0.04664921755744289,0.01238593015126166,0.035941877738349115,0.0198789479726158,0.028631472585382678,0.02093324636081295,0.017022092534036082,0.025655343260216013,0.0314914865277085,0.021342372401159437,-0.010607667363256468,0.01126795388047297,0.018102592412496676,0.027245253473356934,0.010300584224545828,0.016569207846155454,0.09562848348395914,0.10648889803093109,0.0,0.016666666666666607,0.038461586220034816,0.02361971924110784,0.01124396684060125,0.011239748716240783,0.032904038196517105,0.013411829012598853,0.021319199460804406,0.020909943958306032,0.034097582345860245,0.05361756771642301,0.026572196303701556,0.02442568514906074,0.02941210659580884,0.08517611227586253,0.022500165248661164,0.004629649223938381,0.05750556268456952,0.025438716328914257,0.03384940939992864,0.018911190031213998,0.023365528951986736,0.020996970685211114,0.03813432362642222,0.02986678427901923,0.0014109151676893195,-0.006578844276759366,-0.003914280380433177,0.036884667391494874,0.02172401720410022,0.04792901055310628,0.03813835927510745,0.030883743193920843,0.0214284575812258,0.0309555170945377,0.03387945131704129,0.0832493946297157,0.040322607552909506,0.01101889265978695,0.009159629866809738,0.03006011932128061,0.050890326737002445,0.03957127268819094,0.005924101730535369,0.032224118241417576,0.07617885440080885,0.059795425376567124,0.04011187880507805,0.01801341178264293,0.05643043342033227,0.05807335937472513,0.03078838501250858,0.06368987598219933
2020-11-16,0.033674938629576046,0.02108244373246637,0.007911159429351722,0.022936512282721866,0.03157897247652497,0.027617422960950266,0.07494822133563539,0.0631458310362849,0.06175640488345535,0.0637119292251278,0.051483100710715046,0.041243093801792696,0.00791627616187296,0.047868804402681375,0.011715194419275932,0.05057088201439264,0.028802094080109475,0.06723183055159798,-0.006924318808866792,0.013230848503647419,0.03556178971122015,0.03503600729364109,0.02039106415959724,0.06327898639510021,0.059850383178957633,0.03759396722456243,0.07311316892828423,0.026885235895875992,0.05708150084906349,0.049763793372378684,0.03752616704835687,0.0641474716697441,0.05817169942266753,0.013380059232586117,0.033871636878259004,0.02221059957081173,0.03200316274879844,0.09442066008298067,0.037963890522542565,0.04628324044042631,0.05238079660013839,0.03622640600533811,0.046454774910529295,0.005069389189578333,0.044491533985154375,0.02885346718177817,0.021087850342112358,0.0027894232248069084,0.04252178146123953,0.013424962109657379,0.05792616398615702,0.06784047947368,0.035697503130724506,0.04966878126392005,0.048065298784223165,0.02577085187201633,0.044067263835300574,0.04663686411082746,0.04545460879263796,0.033058119859797896,-0.0034963594689755295,0.06527407132783947,-0.005538470928485584,0.0743724101994625,0.02928501767144054,0.012162494720734829,0.028018851507942255,0.04396883763505999,0.03208236268314568,0.04678827665752339,0.03945846005586229,0.05066509469258329,0.03764045533771543,0.04959174525547372,0.07354266157424516,0.04780529684483814,0.06583852742038965,0.0515516346500513,0.014019928702855289,0.02766024129478173
2020-11-17,-0.001699677952167633,-0.01910634282454282,-0.013745921824969809,-0.0014771847427167417,-0.01676367306943982,0.008749746979850759,-0.018783595918598794,0.003239711903853193,-0.002490080215155843,-0.013237845396863457,0.02501313515162673,-0.002712902837868403,-0.0050038543228337895,0.00890082450107621,0.00496313661440273,-0.004399757341588151,-0.00615937852836157,0.004824221716759336,0.026765606585171353,0.0,-0.01966587391804464,0.018981286382025786,-0.000982761004808097,-0.029756530132152292,0.02352955882777641,0.04492762190593114,0.015824202652815922,0.00670501257559053,0.017479559889588936,-0.003178081391633558,-0.00781434311909912,0.010742906563841803,-0.006107955225038597,-0.0004305302861902227,-0.007619101844531961,0.0026016952805372195,-0.003490318242185819,0.08571421549577019,-0.0008308946260011663,-0.0026808920289672633,0.009049640593540742,0.029861707546656513,0.018691674914758538,0.0018337861522366161,0.004732907032100497,-0.006956910829587937,-0.008423862556853012,-0.006205219037979659,0.0006027433410662475,0.011556005706715222,0.0018693682421884183,0.002101587047274256,0.013605480588251284,0.11356468799377639,-0.029997366018086447,0.006978733022499073,-0.008375852288640018,-0.0018167497118773968,-0.007147322703801695,-0.005000358554821838,-0.007017506344211277,0.024509775684853352,0.012066812912467029,0.06259019608447214,-0.029288658530577272,-0.004681777109163177,0.012284328357874186,-0.023108492023721117,-0.00175967812505462,0.0003787965540278382,0.022096056036609468,-0.00584517773401283,0.019220436533978758,0.028433928949174847,0.005847927590864943,-0.011849342361971438,-0.002330996536049623,-0.009756134777534342,-0.0075140661293295885,-0.0053832153375613645
2020-11-18,-0.009931972262514854,-0.02419102920544458,0.0014936742763955735,0.021038556666029162,-0.0007414600664128468,0.002478175059085652,-0.02076563790310404,0.0,-0.026747565928363137,-0.0321089728080417,-0.03530633998084254,-0.023395018524197675,-0.008148187721283562,-0.0017497332419741385,0.004937794004260754,-0.01195717278527697,-0.018591116639679384,-0.036148136029259814,-0.027601273000277704,-0.0068725204066348855,-0.0025455592429056706,-0.00931385425605824,-0.022462743218217174,0.023234200249267145,0.04827574174389526,0.0,0.029424503990328477,0.071043441875563,-0.008589578360534977,-0.016205944825815166,-0.020026814054931785,-0.015057520571407301,-0.032484867536595186,-0.010624555363306643,-0.013435819000010008,-0.011549482314605508,0.0067359461302816115,0.04024771519209147,-0.01247944759425934,-0.018817401041601678,0.02242170593841064,0.0007070282643233394,-0.02752313095475123,-0.014645202841847116,-0.015477762284670016,0.007238489949138893,-0.02274619596367955,-0.018516538185000764,-0.003614452377582844,0.060462396109143945,-0.019194671917646233,-0.020164572964987082,-0.00984347928632201,-0.031161574561644922,-0.017246527965339875,-0.01172815329398369,-0.029314367692510168,-0.004598045945650386,-0.027594525692417382,-0.016080328957445822,0.0035334227060814793,-0.020334846620731817,0.026750230036397538,0.024701407265010245,-0.037068838224074474,-0.010661680617834568,0.03526721439688929,-0.03739029288318063,-0.030552142928239157,-0.04354409788620128,-0.008592032879720768,-0.02155817925754111,0.023904320709337012,-0.011416702015146662,-0.05232559106619439,-0.010291782730829757,-0.04439252601087851,0.011083763050540263,0.0009087319483804812,0.014963578770722075
2020-11-19,-0.0005732937554443485,-0.00740500792630483,0.0049699930680875415,0.020341038390100596,0.0022256511284075575,0.003708408858307699,0.015573209093715956,0.022604955759879752,0.006595755628607369,-0.0020453451577556736,-0.01453177755339341,0.005013911553698236,-0.01290029226834477,0.014973676616634846,0.010647386291986694,-0.025519921149558256,0.01090702597286497,-0.014942638646626705,-0.015543918890312036,0.004844152577264227,0.020527670031505352,0.013162080402724818,0.005702786962078488,-0.012715743906662191,0.02631567771051313,0.01941743629437953,-0.028163095860019416,-0.03227717316590384,-0.011835741920969034,0.004320425742722289,-0.0041334445549701115,0.005995529973524816,-0.004990870332767239,0.007546147865154174,0.007004040537973655,0.006170599760262574,-0.00695853292329307,0.07093255535710474,0.006739573056398385,0.0013699466552905548,-0.004385938414239066,0.02120146034065651,0.008254946757693782,0.014398629009338082,0.012303506751042859,0.004155961900548899,-0.00925381646347112,0.040035116805806625,0.007658257409783875,0.0034157550650526503,0.00027157165044200404,0.01794538684473812,0.0040668632268179294,-0.005847733625312435,0.0018155647256152818,0.007228633639914772,-0.0030712798795955454,-0.0036569273170911076,-0.012337776989818083,-0.002042630627772879,0.02464796942872849,0.008547195240892647,0.04957573205047727,0.06913908901593535,-0.0008953797665255392,0.013787620508689313,-0.016849907270896303,-0.028933791338928483,0.016969705042724215,-0.022961200255370295,0.020967164330833565,0.004506933346421826,0.015823621852763425,-0.0018088893536140072,0.0,0.015741385982986023,0.011002654656529831,-0.002679673870791488,0.04841118081654816,0.032517641551383036
2020-11-20,-0.02581002622373396,0.04216675795089997,0.007665802710754566,-0.006861062757252512,-0.0007402109525466161,-0.004926021803778213,-0.015008157708685244,0.18736839294433594,-0.013833056847920022,-0.0173040330823806,-0.005461399994815319,-0.006097700573783338,-0.046456463788602465,0.001294956796209279,0.00486214476245328,-0.028347515523370337,0.0022710463879875853,-0.006841178959268723,0.006636213563395499,-0.0013778284701964072,-0.016418041878316747,0.006804744619424596,0.00933958275252933,-0.02759891388162905,-0.010683464831824141,-0.02176865395224714,-0.07179938125018615,-0.006425920517491468,0.006497647364409609,0.0077981066303041136,0.0004614101015172345,-0.023242302428445827,-0.014135709858473344,-0.0015844125849373558,-0.022797338951091373,0.001826742692870642,0.003503380997014416,-0.007410831231186021,-0.016736138214815233,-0.008207871721828686,-0.011013187435112815,-0.020761290660105458,-0.003509012966120051,0.011446652749147246,-0.020256595694453594,0.0022417283154620993,-0.007076269081643161,0.011600912019209098,-0.011999839395337109,-0.01047396523106714,-0.0019021220602273292,-0.006954561638608414,0.00405047704545769,0.011764648912600206,-0.004832309749521535,-0.02110180492678093,0.005819049789017816,0.010045416123489526,-0.0018741416927630095,-0.009212115585043423,-0.020618529500255445,-0.03995183245521894,-0.00879436519974508,-0.003964317269387618,-0.013440839125197002,-0.006800053694565267,0.00223548480543756,-0.019591818050462395,0.005959350773871108,0.0012155096809534083,-0.04107325450577237,-0.010966927912161029,-0.031154270312995114,-0.041678254151155336,0.0008764442607862577,-0.0013149644742955768,0.05199490580033217,-0.025402958859690572,0.024531061649132768,-0.035037994404171435
2020-11-23,0.000588701976503403,0.0018673375847872986,0.003680879895707756,0.04927004134713764,0.0362962188074929,0.022277122236751934,-0.009605915395322517,0.13652482254513187,0.014211720428363162,0.010194646330490054,0.05766055426411154,0.00697155304030983,-0.017114960470002494,0.01832674164107906,0.012096797443871488,0.01417060226804523,0.01416427527475772,-0.002395845491522053,0.012805714503310472,0.017242007039911744,-0.009893412699835236,0.009831020040697247,0.005452710077021861,0.07947021540589172,0.023757456954001777,0.04589706845299668,-0.01677533636352324,0.08253773342844828,0.032433677618371126,0.009071508861991706,0.017284950592896253,0.016168653860310078,0.00370009535259741,0.011252155594379198,0.02846953054600876,0.015238527876657804,0.011548343051390075,0.06672889803134563,0.0365954129181747,0.023448244202196378,0.015590144227221936,0.03957600598366007,0.0035213694973448284,0.019013226240295777,0.04272914374770198,0.013120066730547775,0.02194990021506249,0.007714819717371979,0.01558696971176321,0.03281265907423836,0.021508341074544912,0.04527684501603102,0.0008961695918958679,0.04651159674153171,0.0048557743552799515,0.023744689278147213,0.029436776157179878,0.026585178667502873,-0.0018772184588751184,0.005165555477932848,0.031578904831231824,0.07314017570111386,0.030194629268511575,0.0935322947804409,0.016348674715138012,0.0047218173387892914,-0.02230476838394635,0.012489560005965128,-0.013625579343941263,0.024686387412085287,0.029411896582606234,0.015624647796932845,0.040854061883561554,-0.0030545321377840606,0.050788084048268844,0.01871544653483337,0.04252863136258389,0.025814504759575696,-0.010422494404261018,0.0019939878059247462
2020-11-24,0.016475373393367354,0.007766387408061792,0.05036673807077907,0.03043487210912943,0.027877096136733392,0.02058122190131262,0.056187447030968896,-0.014040511371785414,0.04786175889793198,0.04862403073931443,0.05192094919660928,0.0481861683468372,0.06736266375714584,0.026183949253453465,0.005577522315074246,0.052876733398352194,0.07206711705602453,0.05733990133311195,0.06118780519050704,0.006779521896342011,0.010299387335508614,0.017036854015465064,-0.007066562300057533,0.028045547686558203,0.082279078565487,0.07313832774127049,0.10853075671931345,0.018776666252096508,0.027346613483531845,0.04521420710681823,0.052559949312756205,0.030021039899717605,0.07373283735326619,0.012268271858360658,0.048058496094077974,0.01744688637951386,0.03407852569471892,0.0406824269617323,0.06157651626100158,0.049191242171665595,0.0350875073139123,0.008157810555262213,0.05964882334534494,0.013771406617361537,0.0482484822679925,0.026197466716556317,0.026499304468375895,-0.016759804316219706,0.0412596485588117,0.061747453274840325,0.03571432818038378,-0.0035837577398523113,0.003135071862266914,0.013888822828586722,0.04318937508045284,0.04328765445799543,0.02099173695342471,0.022729228037545957,0.06645780942102486,0.07913648596055833,0.04421781976210393,0.01762625765080794,0.017780230827608712,0.02729756114492976,0.037533617913437345,0.009320978035194605,0.08288980282829161,0.0316612034303414,0.054053956753131516,0.07187992562244205,0.05159463295324884,0.057072147772562865,0.08153956113305671,-0.0005836141668080774,0.06916666030883789,0.007115005918320927,0.031973250153396915,0.09846075615072158,0.010532266897059772,0.07624627379965188
2020-11-25,-0.028943521745900314,0.022503069455597657,-0.012104198490718199,-0.021820466960855045,-0.008344919050847888,-0.003558931994729675,-0.021216186766655376,-0.007120265042985907,0.0029522203328204988,-0.01552946659581067,-0.023691758944932362,-0.027476955600413633,-0.030450734059298212,-0.0028885632986290766,0.005546647689494089,-0.004683803816432741,-0.015112163496137976,-0.025269685338278336,0.014042464496979656,0.002693377151390841,-0.004061268559459763,0.002093918462016342,-0.0062892629085394836,-0.010230169671106792,-0.03118925387071325,-0.012391566663623177,-0.03334753311887961,-0.03211397603398691,0.003666495694821581,-0.009359906459353584,-0.01937125887865232,-0.031186473687938254,-0.01888431723852313,-0.0012686374590008542,-0.021276586771323158,-0.005799958473240996,-0.031410657716840595,-0.06263142585649495,-0.01856174510295483,-0.02055231528994217,-0.006356079812839588,-0.006743153273497837,0.0,0.01709047057260893,-0.0025220657452024176,-0.008192525509848836,-0.015760924099558427,0.010101000370632551,0.03771051561997241,0.0067567406893058735,-0.0194456530848649,-0.008131247404633335,-0.015178802385941603,0.010958792555904706,-0.012449236827063226,-0.007478666964018443,0.004209204061378369,-0.004007580519084786,-0.004703462761477706,-0.01714282489883756,0.01302932334364626,-0.003464336629438014,-0.01214684632761831,-0.026350722558232675,-0.01981058060431451,0.00093122140707802,-0.023174244757200313,-0.03347947977199395,-0.008546831307365332,-0.02247600282686779,-0.0036930241399801833,-0.026291154890720536,0.008428953829747066,0.0033577132399065235,0.002338248881495364,-0.005963725071352788,-0.05448675585181739,0.015124562255843577,0.023662188446093246,-0.022966272614751593
2020-11-27,-0.015499300676891203,-0.0009043949639092608,-0.004476899346193219,0.01873353723992066,0.026647987878738233,0.0017859601045095985,-0.006793917800751559,-0.019920318422350647,-0.00865781319790171,-0.025105482316880146,0.0,-0.028524781623616158,0.004055746698165663,-0.013243150784453595,0.003940037208502556,-0.011503176841538232,-0.02486746512328275,-0.021555490658284993,-0.0161562181631012,0.006044411214727097,0.001664472746064627,0.03194028939773785,-0.005662893860815421,-0.0017226102222882567,-0.00402439130989285,-0.0037640607685160976,-0.013268515537847025,-0.02654351335820926,-0.0024840823410530177,-0.014300622730815005,-0.0399474439066595,-0.008122707302946175,-0.028871176770666085,0.004515443244029527,-0.014992437850889662,0.0031704800499008368,-0.013955220736744267,-0.02062776234127306,-0.018124366345068976,-0.011147565914395585,0.002132592989486204,-0.007467794559742447,-0.01766012854391319,0.01637247881655801,-0.006953202199696307,0.01118019772193568,-0.006626281634273923,0.0373957951863606,0.04242780116705691,0.011505316372826035,-0.009493446356127144,0.01261244364763292,0.0018135200236106819,-0.032520057249826206,-0.006449648225834603,-0.007638496484902113,-0.01724977120113036,-0.021490659908771637,-0.03425862526928858,-0.011628148683986206,0.04823128749438821,-0.04055627607549184,0.012572584921815677,0.04161923960774816,0.023725869456558968,0.01209473436159203,0.013299641589406885,0.018969034411243646,-0.01666669537463028,-0.022238979921507585,0.01191452099203505,-0.012053967452388514,0.005107992158392305,0.037392689790476386,-0.020995296368391814,0.009783911201786344,0.0282486259454926,-0.007449609052032624,-0.027242970769832286,0.008167377569666234
2020-11-30,-0.025128606242936558,-0.016897935090749328,-0.03976345613877552,-0.0021778175080297,0.0068304225194588675,-0.020796290085621005,-0.030618940933206495,-0.07154472364185727,-0.05275124727713287,-0.05811300732293956,-0.05358942804494149,-0.03942974677621702,-0.0035719474219445546,-0.02432556504199146,0.010989295889228812,-0.0005289563530863628,-0.037981640460056254,-0.05894606523923818,-0.022179504458542665,0.0020026672783997057,-0.016034883015163204,-0.019670243308610447,0.008040193234541748,-0.006902495483418258,-0.10909074375159666,-0.05289681054660256,-0.0560286880288009,0.011855296125753423,-0.015307964231869198,-0.047150035092654474,-0.02331962917859942,-0.04822577986796783,-0.050900786798561026,-0.006040273223830828,-0.035768748234241254,-0.013906412580561578,-0.01509657232824091,-0.06730766039762626,-0.030497592141482954,-0.0517240209491211,-0.017021321429898983,-0.040355636650803106,-0.053932361896235737,-0.0025435983925450323,-0.039465301340140035,-0.00767353249137348,-0.021122661947651777,0.026609113598999867,-0.022827828554121576,-0.009478691892064406,-0.05111846785199847,-0.002179928328322922,-0.014479730171875427,-0.056022444273635674,-0.06255544178183392,-0.03141211367368901,-0.04855662328709809,-0.016355084761492833,-0.035473696638985586,-0.05294098795402746,-0.04601206629662491,-0.04106272559487234,-0.04489017429975661,-0.06157204676419137,-0.026609521622763088,0.007047797629286423,0.04682523369296554,-0.03804122466761495,-0.03682048769395918,-0.03238242618711673,-0.04317137198982801,-0.048316292892773616,-0.008316022239270415,-0.02678826900922948,-0.06274820907691903,0.008592438398027147,-0.08241758475921623,-0.005518763889856171,-0.03253197956993603,-0.007113113604629517
2020-12-01,0.02546586060209166,0.025782574913484346,0.00468332626043777,0.021702264161185703,0.02035280848873189,0.020024201769381467,0.01694902504341167,0.05253943760606705,0.005163219079553194,0.035567171123862984,0.02724324166615344,0.023580820571894368,0.07913426108212462,0.01805436956956319,0.005434680622532717,0.016935561471597582,0.018048550903129623,0.03891172188107528,0.07873503018212924,0.01798816914348822,0.01063896748890647,0.054293307339212005,0.0048188918919365165,0.04430931526848303,0.045351168186862356,0.03989359538248527,0.04415955977015806,0.055360264306902884,0.010413521801998948,0.03235449010030389,0.0360486407935916,0.009560376344930344,0.014712673952292477,0.006783578598795081,0.033938561654761834,0.010512952318644242,0.0030108920408125073,0.060382891092832125,0.03476815970197755,0.014685099361277043,0.01948051506922366,0.034212394924108436,0.019002316879049186,-0.009349907963489335,0.02186878199928044,0.004282084854971391,0.02612140361071047,0.013791115919115526,0.015573920626721804,0.013875768459858273,0.01767678639397996,0.04665330456511785,0.0013774056228261777,0.09495522731262573,-0.010387333455660341,0.001610704064247459,-0.002068664872531878,0.03562939137294108,0.02663258825839443,0.0351968918601675,0.006430678889377317,0.020151234766430992,0.0004285539899553381,-0.032573236996102484,0.01763683581317599,0.010573554221994685,-0.010165982963589837,-0.023138457459706996,0.03458732866613734,0.018725071960615347,0.012305368111330539,0.021538732834536223,0.008851643731980552,-0.006773327926750783,0.03559322622924377,0.04332065190281087,-0.009580697734797972,0.005993350995254998,0.01783666199331213,0.01850731086538615
2020-12-02,0.002725619437701887,0.10831846035065995,-0.00981339161672401,0.01210396184923046,-0.006648831392151666,0.008923472611133354,0.0036667970300066077,0.039933404655263516,0.041460440559698775,0.007243315462409861,0.022881167671814362,0.01820252395250721,0.011269806935818139,-0.003096543911345062,-0.006949797264322655,0.009107292557209101,0.01606637245189413,0.014616347056761736,-0.0072788176388480785,-0.0013084684405464397,0.005096304758650971,0.020151167924086222,-0.03323965760963643,0.033277837212719596,-0.006507255022222935,0.023017904181529936,0.034561174933708916,0.007216268249774949,0.01148408127686773,0.024756281461454144,0.032083218780595724,0.02493683293062743,0.028531190739112144,-0.0001403675569129348,0.014885254033307982,-0.00025393634737591597,-0.006003707566298422,0.00879632086583726,0.026400111831033524,0.013783629917236695,0.0063691291774574665,0.026878073160284233,0.00699291406449043,-0.009008837843533457,-0.029182866863726398,-0.006623427336549859,-0.008300922826426693,-0.01736616522198886,-0.06383736673924378,-0.03798954495479545,0.01764546896065644,0.030262307746535155,0.018340263583105143,0.07588088714147911,0.020674265406842363,0.006754615662032837,-0.0032827756311579748,0.005963303576870915,0.005559189012426469,0.010999869449270117,0.009584805850092915,0.024691501307614327,0.025846031559961125,0.07239052883555042,-0.006932502416748143,0.0037636898420523313,-0.05443351550407183,0.01162792703479476,0.009970700212438732,0.005866234662514902,0.009994817468980344,0.023594164366753656,0.026552705488733563,-0.0007254124157218822,0.052373107664755336,-0.010076478253842391,0.01813768149669026,0.031112088634306367,-0.004883683121406079,0.027061401699324028
2020-12-03,-0.015705270822990336,0.02429799376177555,0.05426136972343176,0.009497048378789508,-0.005354818089620128,0.01886804704386358,-0.0029889875734765425,0.015199966430664125,-0.005284758946000112,0.03409860847502011,0.03812922386917039,-0.0036311395187815787,0.017314904800393327,0.020612762645802807,0.018662593970933283,0.010314824062555905,0.01635789045451097,0.015306107464567953,0.03767829399589484,0.003931378600661617,-0.0033801323743544165,-0.008230431571501384,-0.009066007314352587,0.061996739078854946,-0.0043667368704473075,0.05249995947205943,-0.003956050663204036,0.010746745103596078,-0.02256179754317933,0.003341109472417836,0.008318641787754322,0.01755470366708778,-0.013187735935677902,0.004773395949564163,0.009026084309635696,0.00761426902955642,0.005490754022381861,0.04130333091858396,0.011691117377842897,-0.000679811229461369,0.01898756388284073,0.014093989347953917,-0.003472176401055904,-0.006926311823601372,0.06145624982520759,0.010335074478693196,0.009486553749964877,0.004516436832245452,0.008571333899305866,-0.0004907641075294622,0.022487240422543353,0.01143125801518674,-0.006753949196999898,-0.05037770756221338,0.004674479650514707,-0.009691090185209417,-0.01490713753718409,-9.121427809666294e-05,-0.0018429872396610314,-0.014836749678866612,0.01898746719952782,0.08433715081643278,-0.001531082775111714,0.036330991844384375,0.03141351187513952,-0.0030746490302498986,0.028240458965634874,0.008514293950115714,0.0313591065124057,0.022161804719679434,0.011767603994745635,0.000490366876245929,0.014170064801806381,0.04806152790168183,0.008553702432989363,-0.0019306326246103511,0.041617219822647655,0.06805051008617236,0.03435332601880203,0.031960604508984636
2020-12-04,0.04848115450611057,0.02372170686493713,0.13231487702902434,0.03182326339366104,0.04239572580817885,0.0,0.023317818060769158,0.03624901917712098,0.021073389726782743,0.026693633731827537,0.06709088570158528,0.027754494431437182,0.0022633310530568718,-0.023792923631818175,0.01145010769404009,0.02348118165492985,0.04130870321360347,0.02601247217704228,-0.026692869580134504,0.0156657713922137,0.010508939313393473,0.03374819791176198,0.014155009330302892,0.010614127958803676,0.046052751648840484,0.03562962274265025,0.06443075911971063,0.029171201906267097,0.012136929165930566,0.025614799058092164,0.01801989569520135,0.015133122388031106,0.03732714317634489,0.013133824261465366,0.02124486798467462,0.018387764287640884,0.0068258286262818935,0.07888933301221956,0.010015390597840845,0.03265321698730528,0.016563120539417442,0.03573784616638265,0.03600471775738012,0.003051291181914717,-0.017621188206151883,0.018891305783380163,0.025151825642572456,0.018766551110904306,0.006610169110313757,0.05030670939844972,0.024907099669807975,0.0492131060210792,0.019039181705311492,-0.01591539181965962,0.02915637464251364,0.019571756706924903,0.007918436025555087,0.010580034386777015,0.03323103556073126,0.03614450664298152,0.06211205486881033,0.07555556075223491,-0.013383614511909725,0.024020788408207094,0.03976338003034119,0.019407316367342498,0.0024647141390401472,-0.0029548203143171525,0.027589554310777364,0.04640544963366433,0.013745328354614061,0.035294108292861504,-0.0026613202811860415,0.017317816496467575,0.01310717600570177,0.020133476194915456,0.06849254645593095,-0.013424126848200157,0.019257539402954382,0.0461793289702368
2020-12-07,-0.02692419586843109,-0.011586013418423469,-0.024491343513302177,0.0033768447951698644,0.0,-0.0011574764947895888,-0.008463452412197703,-0.0509505776220569,0.01959771368112606,-0.0021850968341254884,0.010555571470176828,-0.005455790411412531,-0.008942554692183413,-0.06908039336664307,0.0022642850732794706,-0.004987194195417821,0.010304283044322515,0.005473872868312357,-0.0068563731714700316,0.003213392728216302,-0.02842055919588138,0.041744752953685405,0.012765957446808418,-0.04426107696659731,-0.035639778765936714,-0.027523073876585147,-0.04145936837503783,0.0034437369037148002,-0.013315659943504476,-0.009240922771657667,-0.004478071946308448,-0.004174035752132044,-0.01599274371230286,-0.002068860710398135,-0.00072992382206849,-0.0017315072818471222,-0.005016676931444586,-0.02042483698324138,-0.007627555477975778,-0.0032937373126344927,0.012220028844253994,-0.030670920002499158,-0.006726575136510982,0.004345954352999781,-0.012171658203850577,0.0021454492633687927,0.0,-0.017077677745013675,-0.00562856169078052,-0.01682206087369953,-0.008531683790294342,-0.009953544654054292,-0.001779211151915927,0.002695583021306236,-0.011151412780422532,-0.004113352942487047,-0.0026188832954422425,0.005144447395310614,0.019654471008608176,0.0029069876785612347,-0.008772265223270126,-0.03409099227169765,0.02232587121663343,-0.018385438239551077,-0.0097640848397762,0.00199202466296855,-0.016157242224409285,-0.04614733758931011,-0.018629877482431945,0.006179573786970316,-0.011733251961064117,0.0009470547879752989,-0.02935289435163546,0.028462431284278722,0.003044137047785833,0.009739202548024517,-0.024572177693987562,-0.0008123662502805828,-0.0030121617122529365,-0.019207248043182412
2020-12-08,-0.002105255410771223,0.023964626159661995,0.014680756700719666,0.006843124977321313,-0.00645580786192379,-0.0011589076648226282,0.00952054846029915,0.01121797663925772,-0.007824628761022745,-0.0035030611077816465,0.018165076571615257,0.0021943006110096697,0.01342856907092771,0.01194924392947816,0.01656607380726749,0.020300487628611252,0.010198742206734002,-0.007736398703354297,0.041015519178353665,-0.005125122189373887,0.018746003490691887,0.07192394593144358,-0.0016806466238838969,0.018053414446055127,0.010869948625753079,-0.005896038430749706,0.0,0.01795143310458247,-0.0067103633257517,0.0010083751687852693,-0.0017143059520602355,0.007484877417605729,0.022573383837927175,0.004975243827864961,-0.004382742000202611,0.006565952996920199,0.0024530303005942944,-0.0008340474622797744,-0.008455130979251102,0.0152014626958763,0.010060336901792644,-0.001977591572620563,0.012415417956591845,0.026828251998572306,0.0,0.010502883682112163,-0.00350483082821329,-0.006637387266290706,0.01999998555482585,0.02661589612177906,0.004172425685360359,0.007987754040945871,0.00846684983012258,0.051075322752616614,0.005790917359960623,0.002224052452790115,-0.004376040289013394,-0.015713334878874052,0.012266340472387727,0.008695980881021415,0.0,-0.033155186703560546,0.08873529100683641,-0.01808396423661829,0.04026284265875191,0.005670718609707137,0.0,-0.0031070395046345345,0.003349965889937856,0.01770230367470549,0.015303139182911707,0.008041581878298176,0.0,0.0011917898740190225,0.034142625102096646,0.012888217877184527,-0.007667028394331199,-0.003252029368516429,0.020598697996606186,-8.968975383405464e-05
2020-12-09,0.011151263475554174,-0.01628092551481186,0.00020978357063716757,-0.021504224283409257,-0.0376867594537571,-0.0017402884652064632,-0.007804843829792962,-0.033280513478811224,0.003943132331216903,-0.003515969865096058,0.013826811092422453,0.006841942817112923,-0.008573959907494877,0.016095212880173015,-0.014073642101069761,0.004175845443180615,0.014639082029202166,-0.010106845184690183,0.02223504491759032,0.0,-0.015899681393616305,0.009345779868837667,-0.014309802474466893,0.021588259614996552,-0.006451950589713151,0.022538450281795797,0.015138341756768758,0.026452293087058543,0.001276070915685379,0.009821279161261742,0.003219137160456631,0.010995636972030542,-0.009713125485708907,-0.007700380779309457,0.01724121933703615,-0.003199651791750191,0.0009515030679798642,-0.013772952266926874,0.0007752279622030844,0.005859311444002646,0.011952119830051622,0.002642063419687979,0.0022294416151578123,-0.024441716703159533,-0.005836585742061917,-0.002958230750454982,0.006763906638957318,-0.021813831822110386,-0.0012948729780591917,0.006018115365554966,0.0031161149106138097,-0.02432036658629333,-0.013256946390044044,-0.03324820389384098,0.0021212975393456457,-0.014900082981601837,-0.0031643521152576737,-0.014139806948172629,0.013271870922139994,-0.0019159436827429488,-0.014749218065944869,-0.03871665989301798,-0.05205025579345368,-0.009866273995122965,-0.018167364944706832,-0.023432899981031707,-0.009639479958862829,0.008014261465407735,-0.012242435582786038,0.00461480867641173,-0.0018192131068393014,0.0014080249484318408,0.004581831414681936,0.07842878266507936,-0.016140885193076326,-0.03918433962092094,0.003311058306243453,-0.020799356417644632,-0.0026908201578238478,-0.0013476530133735842
2020-12-10,0.021460496584574607,0.013705782753818951,0.024947349935030116,0.000797136513642327,0.01890599682738392,-0.020336838033430005,0.007210692641156369,-0.006557370898096271,0.0013661063538883411,0.007497301096823561,0.01715819207746616,-0.00543625694051153,0.01554236273848919,0.00977013711018948,0.0075130063119295265,-0.006360028651730132,0.006964875706389595,-0.004084000303454238,0.030147083097556093,-0.0025754449171517813,-0.018895800168261423,0.03347578070199675,0.005636239715709701,0.04603770993790546,-0.045454447610483784,-0.02900236360897568,-0.016190846692968663,0.023749332572578608,0.0019491304297591938,0.010473813761467055,0.028235161377084594,-0.0017636953076034523,-0.0035662642202607397,0.004434380026063112,0.0018032595489754222,0.007284658661079746,-0.003123547904335555,-0.0012695209632797022,0.009295159332438185,-0.0045306024424711655,-0.007873900615353313,-0.023056651919860616,-0.0033368605033398113,0.015118852854275389,0.01108937228571416,-0.018603684060441772,-0.01719973268664088,0.016474126965076774,-0.0009260521918446063,0.027841801901488106,-0.008801546402119942,-0.0018202581044994837,0.008061307004494145,0.04232831027194539,-0.0015119849935366636,-0.008646627803634455,-0.01904783469074578,-0.00018509569266000891,0.006833512678386278,-0.008637267696477657,-0.038922338292807224,0.0195627984470923,0.01165130263715275,0.015278977613825795,0.003217902304988085,0.0008248636452237168,0.019827077229115586,-0.02826852503984878,-0.014084452683674864,-0.02897525501521503,-0.05232995030728882,-0.0032804101929753138,0.016419640724230522,0.013858195250556982,0.01640568751171645,0.01455894313717021,0.027502728358608453,0.033735920792205,0.02833260899269252,0.015473272927336579
2020-12-11,-0.015173549202973424,0.00204076568368472,-0.03477166281716404,0.0046649775793004,-0.017229777934751445,0.007117312003108722,0.00748457485727938,-0.03630359608398659,-0.005798209711660451,-0.02122992007585034,-0.01946378913644098,-0.008745567011155586,-0.006520775350920327,-0.010042351598730237,-0.01125264199242304,-0.003200368762893202,0.0014826205661131464,-0.01552429520167009,-0.03945180512438129,-0.006299962710444418,0.005066514792633869,-0.016540257895626076,-0.004755478751948705,-0.007214966109124976,-0.04988647490638487,-0.0167265570697801,-0.017756597864992063,-0.03800594516608102,-0.005686453733956598,-0.005923099728386005,-0.007905226006761357,-0.018256716324142608,-0.012528411121054073,-0.003725197608887454,-0.01583882896062805,-0.0034321528992492523,0.015258734006634356,-0.036440703239429606,-0.00767447643754704,-0.006501888039581627,0.047619037734476954,-0.021577953115228587,-0.015625228924485368,0.005531833632113514,-0.045161278017105566,0.00800733447508395,0.0024614955584087994,-0.012649458922960877,-0.02855010686872661,-0.012760168559491025,-0.003656143061264938,-0.010521921473880425,-0.007108039269678956,-0.01776680036795253,-0.008479627156531055,-0.017662497612508488,0.006292815836928645,-0.031189205291320854,-0.007918454745486803,-0.005808247820683343,0.0031155099940591846,-0.011286747134486075,-0.014826618122952828,-0.0510359919402974,0.01283088742364491,-0.003596344468637991,0.03075284832678382,-0.02545452117919922,0.0,-0.02147016602678864,-0.003022056208361046,-0.015514568200565848,-0.03589855250339835,-0.004354670597861432,-0.006603092577566194,-0.0026798991947112327,-0.05567472801014184,-0.02578563245437504,-0.013907264551066723,-0.016832036839798503
2020-12-14,-0.005333389912827169,0.0007638135164595994,0.017800445805551623,0.0022651777329041334,0.010114540835039154,-0.01568154700408264,-0.011627932966146837,-0.0034246541787590346,-0.031046055100313552,0.01699457684429828,-0.04366992457697039,-0.007168429098506457,-0.009770454144471974,-0.000518516739730357,-0.0007589324912317119,-0.0002468741420459386,-0.002959989284989639,-0.003570499457932197,0.012726650610237478,0.007189748597052015,-0.005298770450246737,-0.0032703387025129205,0.018941990430968447,0.002906973923522793,0.028639495603696385,-0.014580592869216535,0.041005303909257274,-0.025141086550667158,0.009556808475385203,-0.0042204593294650206,0.019501244946154017,0.0017996674425997394,-0.0009062171138507491,-0.002492901668640135,-0.02633501137952321,-0.002460208545341569,-0.017042570646844446,-0.06376424231245814,-0.03248254588523325,0.0,0.013257529099440557,-0.03308062743399909,0.03628149952518811,0.014406895432891531,-0.01351350045186761,-0.014590875779256662,-0.0013641525875780491,-0.00960871462995716,0.010305244124844348,-0.03333332091917418,-0.005766766513163213,0.01431996935108093,0.0026843826896825185,-0.04134370618747696,0.019242577853681775,-0.01687016288735721,0.005959686338311565,-0.011845787216374859,-0.0022805022463561198,-0.016553160163678582,-0.03416156311490659,-0.019406154082222238,0.06167702338375647,-0.011721405221953418,-0.00870959922855441,0.010602427745504794,-0.03537093595920926,-0.0037313396321504433,-0.0034288581259794837,-0.004090691911479705,-0.020942620608174534,0.002406910780749394,-0.001861806580916281,0.0015794543393097271,-0.0022156375964336172,0.01568877654305334,0.023809853198099473,-0.03391231118589755,0.007982973909384183,-0.030996665371894383
2020-12-15,0.040512376057927346,-0.008649202256678201,0.03685155501550441,-0.0003391077675843901,0.03938574491422653,0.01041675076926607,0.024836700793808175,0.03865977628800299,0.03593550928160982,0.01473214414007673,0.015221190421135011,0.025548457476584074,0.027239709946301538,0.014669198967165231,0.009871034824433744,0.042242942970007746,0.032162217338024046,0.024485133480828036,0.008758647675934705,0.0025955350404494038,0.01632765378540091,0.018982924960154524,0.02863840413150065,0.02318838336241935,0.002320145603861512,0.035758211110622495,0.0076239009115850465,0.04578951785438945,0.02951693013553891,0.026427278543367905,0.03187968739290836,0.01437122015287362,0.029025142712708396,0.012078495158059699,0.017655994322579138,0.01960566149843679,0.01610925620801984,0.06575855135399356,0.006394877911019892,0.024214402138085678,-0.013084066704368347,0.034212394924108436,0.015317307604129748,0.04678342302052396,0.015068445726461377,0.02426683359607762,0.01748161612151966,0.0013138442326632305,0.0389118394498571,0.007975701210027442,0.06327446617842458,0.022504837097778507,0.021865363414707906,0.005391047701097662,0.024572818016046494,0.024271543306345844,0.032495629553023875,0.021751706653095004,0.02571427494562828,0.013861471257253122,-0.0016259349704704773,0.03608817139157683,0.05163895825018905,0.07418601457462759,0.025559293930272453,0.013243831515919346,0.13207539592359918,-0.008426980338593681,0.024656040820428382,0.04219563598928899,0.03630739729608834,0.023535305386699124,0.029610642943263654,0.07666180868099959,0.05033303774841946,0.027820495027278014,0.027685683059687438,0.01583899495793717,0.06098194539620816,0.06100061391252343
2020-12-16,0.013455482163199806,-0.008724663637096897,0.004618952227521955,0.0009042039133362323,-0.007706929256202311,0.006670876280966409,-0.001275479147365477,-0.011579846282531836,-0.008885974672926733,-0.00585081953172939,-0.023171093532515008,-0.0013539755939989684,-0.000530326101997991,-0.0034316646808448814,0.013533697278681256,0.0023704003322833067,0.0,0.0014573316911314915,-0.018686371553331416,0.0012943625533876624,0.0033434050082457034,0.013109468740231334,0.00781509884798881,0.0,-0.01620360666296561,-0.003571376988795061,-0.015552787935872003,-0.0568697040960382,-0.010208430735347274,-0.015545141683906083,-0.017141812890654307,-0.0026564434149655147,0.008814442325964622,0.0019202856026243609,0.005906212396000976,-0.0018139682411560942,0.010614081963753685,0.004847893363326472,-0.00556002217975371,0.008945858035566356,-0.009469805171538725,-0.006202554273714744,-0.0021551658297531695,0.0,-0.011470990539447667,-0.02216598253656732,-0.0034900040256992115,0.02543395838206952,-0.0005454279289259789,0.009503386312964102,0.0054547193890890355,-0.002187167654751243,0.003930033443551695,-0.02949053488981157,-0.0008863695612028044,0.0006613990386361568,-0.025560718655253556,-0.009366958814975845,-0.012256106383237042,-0.011718792475160944,-0.04234539744301269,-0.014606465327617224,0.06787829182357319,-0.022948638019244627,-0.029595061846446447,0.006095004545394689,0.007547450703978997,-0.02266286757885594,0.0011191548954940789,-0.01469006985502097,-0.004073826261073665,-0.0032848913333745067,-0.020606880673833095,-0.033799007748958165,-0.026074693199468535,-0.00556295096119952,0.03555996901948677,-0.030762728879830892,-0.020900616875929257,0.009903829676638498
2020-12-17,0.004237304942147357,0.009319197525176959,0.01998807387493029,-0.011857753739438537,-0.001946763944588481,0.000602076236956961,0.010855761450260903,0.0259414581225641,-0.01879289554828012,-0.008936327341564465,0.0,-0.0021691199653144366,-0.004038662556032913,-0.0046159264728111715,-0.0022254397008539817,0.0026009725998892286,-0.0043145091416058046,-0.0002912130761933973,-0.0042316349869531145,0.010989080569615561,-0.005958629908489499,0.028830884898067843,-0.001938654985846222,0.007790344020451867,0.016470487971604664,-0.010752719746964012,-0.008112746944434868,0.007737484500247582,0.019384052127440654,0.0049345434904828345,-0.001216782281408979,-0.004439345498192804,0.0008737530923725867,0.008625449139777919,-0.004403734782923108,0.010055603314609085,0.03070979563609022,0.0026316392674909928,-0.0024254626933787327,-0.008866539234309467,0.012807841372240114,-0.009015327775949156,0.007559338826407691,0.01995229113242214,-0.02525596554221632,0.029690829118403705,0.0,0.029232295918386608,0.04093143046645187,0.015228300509471548,-0.13144250235973853,-0.010001381421064659,-0.003044486106642097,0.03867396681169355,-0.0032534731656131965,0.014428929914948707,-0.0005352033464833816,-0.01222537771330312,0.0033839289581518717,-0.011857650057248703,-0.013605246758197298,0.001140081288787842,0.031669079818356316,0.012186998095356172,-0.008025669607430674,0.00613079582994458,0.08895093156386458,-0.01642512753896197,-0.0039127031460858275,-0.01927275224165481,0.010635387225184978,0.0,-0.00924859019373192,-0.02530323862274131,0.005065170046621104,-0.003506775389053862,-0.008324631820711192,-0.00260867243227747,0.04599741904757315,-0.003645141472319202
2020-12-18,-0.03150491918418641,-0.011541439947872045,-0.02586767348191732,-0.016114117767029867,-0.005851816412442035,-0.002408041210886669,-0.0180038963723822,0.011419199595007257,-0.011421700768134313,-0.030569580938698993,-0.015349127864572876,-0.035869748687680114,-0.016723379589797194,-0.00802285852631468,0.011895943919187246,-0.04080203468044585,-0.03273985134013768,0.000873466385966637,-0.007726478002924364,0.012787903872454986,0.006676431549490491,-0.011253272836880601,0.01683394198893806,-0.005621920328852115,-0.037037005625006225,-0.016908178540957497,-0.03831250138555786,0.006089476818871731,0.03731341077402339,0.0007367147774084426,-0.03086276275076094,-0.010404261048724273,-0.016150216764847736,0.000135958980245654,-0.018429702866914255,-0.002159143540052977,0.008641900037160255,-0.014873147135172404,0.004052170814673461,-0.017252210914361576,-0.01750951103656817,-0.013995857954004154,-0.05573428749612663,0.013693167038126397,0.004902006289041472,0.0016352268708712536,-0.02613127798538961,0.0006694051355886632,0.00314574827071179,0.03454562813258888,-0.007098028950675239,-0.011071070648790649,-0.009598762741821254,-0.005319240238650047,0.021364796965342325,-0.002171514852735257,0.0,-0.015567654373167983,0.06576728476827332,-0.0430001211527119,0.044827219774555394,-0.0022779654841366126,0.004369691084534999,-0.010288993379228839,0.04449839300999847,0.0006528961760543517,-0.011751142953824179,0.0014734174065604844,-0.011784698120826609,-0.08194286765807779,-0.018618465733256984,-0.007532960149812973,-0.04247374001479587,-0.010168662655339777,-0.035997119340631434,0.010389644105490259,0.010493192122063011,-0.024847414191554784,-0.015063150944540582,0.009755278152488112
2020-12-21,-0.001742743066167507,-0.011676200110263935,-0.020317719640479903,0.0037171741998793806,-0.018966680187100016,-0.006034954585655061,-0.024123596563729643,-0.03387097493666913,-0.022395977044287196,0.01429202267215679,0.0037792347054841358,-0.008173774540653045,0.010806731505034639,-0.006529854647370215,-0.0007348410232238534,-0.043766565376959,-0.027376423457907917,-0.00930756294460211,-0.05002920603235028,-0.014520399506663617,-0.023197431565778137,0.002901076755946086,-0.01528174290251949,-0.04310951753513936,-0.00961540760186097,-0.003685450254580447,-0.024619482242789203,-0.029736870213558753,-0.04655503487270907,-0.009813975112585083,0.025560301036270383,-0.009912878898092226,-0.021739252287917954,-0.004207845493661044,0.020277792792224858,-0.0012023036558677092,-0.015473056147095265,-0.00976914814525598,-0.010492514632860606,-0.025357661574544443,0.0,-0.022710978938289883,-0.021566304227152,0.017367838524027013,-0.007665547555915531,-0.018116695716848707,-0.0063627610739136475,-0.010990075808359312,-0.009581858231831442,0.036467399508384624,-0.03231344088441224,0.00013989662525371038,-0.023348074197558355,-0.05614970374308659,-0.040964481242477424,-0.009249095013351472,-0.018925436491046832,-0.018563637985964943,-0.03111804247986183,0.030302858868422655,-0.023102255966644725,-0.02168940062655933,0.008483780276098862,0.06016370882071764,0.0061967524442885225,-0.0015220600368125448,0.003480379724557059,-0.02206958651598956,-0.01873914305660529,-0.0032310146593915734,0.028869957318186534,-0.012334148733745276,-0.02924681900911208,0.020062892252457498,0.000746771841010796,-0.007131516524419568,-0.05503621955076399,-0.015198933385446534,-0.04292086776610271,-0.029241872123302426
2020-12-22,0.006110074245782693,-0.0036754893433342817,0.02669401227251944,-0.00891111802390987,-0.0006666585463659391,-0.009714591013713636,-0.03065250894924154,-0.0025041514288398625,0.016727330450804878,-0.012525180395660862,-0.002823499413534547,-0.011934819386937856,-0.02099531889318773,0.012398332719395055,0.007353132471468848,0.0015424929906022733,-0.03326535300124134,-0.02113944939960455,-0.008196550081691734,0.007687560033150076,0.005402445748940776,0.05674239273879911,0.006951184948805533,0.024372224862317715,0.004854412410099318,0.0,-0.01789817717351072,-0.0008136365653901301,-0.0008706023042398536,-0.02329012098445682,-0.000612865483874514,-0.010618782310237274,-0.022675544766703415,0.0021806815141107716,-0.008833149237103655,0.006258568975279211,-0.015586390303563236,0.0026906446342518375,-0.010603774896121632,-0.019346351776000748,0.013861360529457523,-0.010893350754454079,-0.0046403572950710625,0.036418882029993105,-0.025280875173004147,0.009570106523266508,0.0016704950076202874,0.026476041643859194,0.024274417466052967,-0.017592202922947386,-0.018617297106032216,-0.014411820803382103,-0.006765962296160777,0.028328788948703387,0.009088169130182955,-0.004942521008665768,0.02729761972668543,-0.00290253148806352,-0.001633177822814691,-0.003042504619391706,0.010135271060674578,0.024504045137031305,0.032355478435111884,0.0014604567990512685,-0.016936062172055344,0.006752209867251668,-0.0005782200917259228,0.03761283750815325,0.010995272578726567,-0.008103758527811311,-0.0005345778325889228,-0.01536973627184457,-0.0057746258187280075,-0.008530819996281136,-0.015671645083972452,-0.009688565205577038,0.008791281997309053,-0.024738994975352924,0.0221652247264732,0.0006220684266899923
2020-12-23,0.014459204453726393,0.0015809633040202442,0.002800117585837869,-0.018799907791694825,0.0033355163823323153,0.005518005134772963,0.029241731801004978,0.09539751979233357,0.04202420764050241,0.027633171810875767,-0.0028319032666767052,0.019844573394820708,0.031210105464534843,0.0011066193491182652,-0.0014602526074610767,0.018485605507201797,0.035468449518397005,0.03869231723165267,0.03305791018825088,0.0019069389590937735,-0.024654918902086154,-0.006738334348524222,-0.010113999981627764,-0.012256674671709433,0.016908363266870508,0.029593115696113337,0.02757010107967517,0.01927250492757615,0.02265627016975036,0.030948756915498032,0.04170067435368341,0.025758968918948355,0.02273761298370558,0.0021763801960938967,0.029706429583768124,0.008013457679689528,-0.0026388274589984606,0.03220032619414015,0.026381161949822207,0.05306126759397123,0.0019529609310657836,0.030836904843017043,0.04195791537433302,0.016105414340859214,0.042507215253841935,0.011046229258629303,0.007504041428062491,0.009884170094914602,-0.0018888952679886328,-0.0051779026706177955,0.023185818087702703,-0.0069560848320998625,0.005903732341169254,0.03581255722425625,-0.012308697138840197,0.015342156926767991,-0.007263018816470734,0.045769459339238594,0.02508176196759182,0.017294202420523153,0.05351188719306088,0.022779095517700076,0.0038653898084934912,0.0656250317891438,0.017227833837008655,-0.00980808085050977,0.15529236301147198,0.03383271326835202,0.0,0.028186296852952708,0.03369011909640407,0.032194929332264755,0.025505105433034636,-0.01708891371845911,0.02426085357686092,-0.011048456297463205,0.05228748586164689,0.026530122347289575,0.02218864244122809,0.023887730656177775
2020-12-24,-0.006271389222496371,0.013680623013053061,-0.0025926498035448997,0.015470989619039921,-0.003324427699279542,-0.00182908736519527,-0.0013215658659677665,-0.0007639594167505592,-0.0024026200841369416,0.005730585306639835,-0.005679173423679851,-0.003947936500541482,-0.029498525073746285,-0.004789936272400097,0.011696280928496616,-0.002521077577485986,0.0010227384265237838,0.0023101986144884457,0.010599914221380402,0.005076409404387361,-0.0030053770920404066,0.004028035802031038,-0.0014596197341973927,0.005109536457890584,-0.011876650821268986,0.007185649293393936,0.03910871392918769,0.00612515437841421,0.015053575868945401,0.008120185659243884,-0.011185071776008915,0.0017937492593282922,-0.00907418187214315,-0.0002862332752491259,-0.005409198207470323,-0.0018229956562573202,0.006482170337759996,-0.00779897338694957,-0.008032356147376962,0.004521898157919146,0.0019492862357739504,0.011396171457718207,-0.010066843659903624,-0.0018010660363837472,-0.0027643373265286986,-0.00019883261127318086,0.0002759399041807331,-0.006618186917892399,0.023743838312519916,0.009759076930878852,0.01765761516460862,0.009006313134981347,0.01760750797076782,0.002659620119324968,0.0015198643865057537,-0.004348223289271647,0.010171429275161126,0.008062237805456007,-0.005851268908897089,-0.003000010828151267,-0.02857187829776897,-0.014476494816720753,-0.014881805914039425,-0.02795699437960497,0.008467992349351583,0.0050440438442436175,-0.0062579303746335135,0.0004675188951466236,0.016027648553585516,0.04092175937717224,0.003621164944335842,-0.0023626587818686984,-0.004924914058939245,0.03185413673655968,-0.004441185684692317,0.013815412481573697,0.010352078330298387,-0.019270058423415337,0.0041933169200070175,-0.007892423840873852
2020-12-28,0.013482501104189248,-0.008045615583053722,0.011797567871676407,-0.005391169528907835,0.014676408267477514,0.0036650631514232312,0.010585649443237033,0.04281348798800533,0.007913325587552311,0.013806837223070412,-0.006187277324605556,0.006794839639831185,0.01568390170853906,0.017919374786075082,-0.006502991324656149,0.005812438521703545,0.012767989569556715,0.016133553419739766,0.029487383626070507,0.008206871212839362,0.04666074837974854,0.024493239705714043,0.005522172393586544,-0.016703012945868734,0.019230626472652723,0.011890598731497892,-0.0030634439236589817,-0.012969769179506874,-0.013990906209841558,0.0026850414822918722,0.015280574168974992,0.017606707865433835,0.008241625403783148,-0.006265055492120641,-0.0018129000448035004,-0.003818740898704487,0.0035488590471921544,0.022707443948728034,0.008907098838717653,0.010289488822303516,0.007782304820731278,0.025352086185313816,0.01468918417230336,0.00793929673276228,0.02633403370785925,0.0035760690126491745,-0.0002758637823550014,-0.017359467762210645,-0.0013446150419318403,-0.016752417224733973,-0.029786148735333695,0.001133680875865739,0.0004434274374509606,0.02652495428438728,0.0321700308478694,0.009716966271995142,0.013248322593120587,0.03341892133676705,0.016586559215339802,0.005015097444346361,-0.019607643996324864,-0.022598917977603605,-0.06285658511989256,0.01146419309794533,0.015267228937987598,-0.004496574281945387,0.004785812782241328,0.02943930277315121,0.0016900410517797226,-0.003816808341898237,0.04510310650767835,0.022738048901312702,0.004206928589074677,-0.015553194911112178,0.008921924703405582,-0.009673428865933476,0.028688512797442556,0.015256585136841805,-0.007369298130298518,0.009441416427239835
2020-12-29,-0.0008491173630533755,-0.00968086694831416,-0.009881228232790917,-0.007069329348197484,-0.026955891043389246,0.013998688625415534,-0.015711877471724867,-0.0652492903901164,-0.013995455882586105,-0.021400797732966104,-0.006226109467877938,-0.01631057179619877,-0.0006583708950566036,-0.016294661835123736,-0.005818310367343815,-0.028894346757807443,-0.01563269118019439,-0.022965582874257984,-0.014609880471854075,0.0006261522392871921,-0.01925527461422749,-0.018342938607825765,-0.009045410671478571,0.009601190163011308,-0.03773569765964091,-0.01880142267019136,-0.02370504386524941,-0.007776908243694591,0.004966278562597237,-0.02093478143653149,-0.020132789319885935,-0.025220052610912203,-0.024069172646142056,-0.004385980060870764,-0.00908087958012338,-0.013058678514855093,-0.0041909714095459405,-0.020495283547082077,-0.011236027417122929,-0.023551706096555214,-0.003861071457781806,-0.014423107565138094,-0.013363193577398347,-0.009667082289554263,-0.008777860280728023,-0.01270974921941792,-0.02510349797786693,-0.0111726332630524,-0.04123189984713316,-0.0008738779579966494,-0.015797185499203836,-0.006368724291671013,-0.00044323089671016724,-0.00775184564241882,-0.014701647169279242,-0.006163288086000307,-0.008542325897971548,-0.011055927704166302,-0.02526322771576306,0.0069858149918691215,0.0,-0.012716900085994798,-0.004960009536098209,-0.026247756428587787,-0.05639096350484374,-0.004444137985513796,0.00451249182913549,-0.033590546893026096,-0.016310489769822523,-0.018390786790069003,0.011343991004781007,-0.01806386641216906,-0.01626425905196227,-0.01795332070868716,-0.013264506672768683,-0.004501977686838798,-0.00498013280804277,-0.004098280919460184,-0.022766632114987306,-0.010045995713665046
2020-12-30,0.007931981970412672,0.01690893606728383,0.010179533461974755,0.03215839569067147,0.023648566867109366,-0.0006002716904398575,-0.0033256114775772616,0.0313725191004135,0.011143939301182959,0.017009216428371277,0.022168513163628667,0.015151227497643083,0.022069818120938223,-0.01767354075413019,0.0051509233074955585,0.018887610941644706,0.015880953217490612,0.022634719936491132,-0.012680465269438446,-0.0016996059268076236,0.00823348777388544,0.02015534459257662,-0.00488996323589308,0.0321872405214052,0.0,-0.008383341012530465,0.02203236403601494,0.0481080751161318,0.005012402008192529,0.0062156910166708546,0.010572486031607431,0.01633392606270223,0.0065149492083103056,0.005644439585226202,0.009996101693129589,0.009711182373325578,0.004077126083355198,0.03618133846482707,0.01948063267971656,0.009126255646937365,-0.0135659331593454,0.017421614053694023,0.003386168525167488,0.023294585556250746,0.012261535950922386,0.0153199243853126,0.0008491359963080924,0.014871977216293075,0.05511672464281636,0.018583637354938842,0.015444950924935696,0.024355580453236936,-0.003549374047529641,-0.020833235672062522,0.0026858451954607787,0.0001088340270456456,0.007560973081509825,0.014812693811586897,0.009719575956072646,0.011892907040314205,0.0,-0.019906241805646152,-0.013368079189436277,0.02103326023323482,0.0,0.010610952079636249,-0.013975463405579536,-0.018788234320233133,0.004574126429980563,0.019125673499893026,-0.054133221771420215,0.007075359194031572,0.014779563618488867,0.008896961613500176,0.013442819035566878,0.026365343145225983,0.026025684659784165,0.020804751085780282,0.0022793891548653633,-0.00796070904989643
2020-12-31,0.013771731323661607,-0.0015588820648085866,0.009681710126317133,-0.007817713690616346,-0.004620338639331867,0.014414536846417914,-0.0020021522320410323,0.006083644564774282,0.010848873050329999,0.011946034290556184,-0.01697284938822552,0.007603768723360327,0.014151408175538727,-0.006925612936880543,-0.008784550471808927,-0.023870297665670615,-0.0020171853974457754,0.018729004673295524,0.0063228736690017495,-0.004413393791407372,0.009222232570808675,0.02243260237013689,0.014742039920166983,0.04039692858736488,0.00980388069261795,-0.0036230728465260764,-0.02199736075977088,0.0043837542288251985,0.01798256214960703,0.020509000898308205,0.0009869358593939115,0.006845482157974647,-0.0023117384094301086,0.005201697214374024,0.010630558003525081,-0.001683077961920909,0.006549437076455167,-0.001262123940587001,0.005573049204940617,0.024548011511999146,0.003929408791012667,0.002054798927123569,-0.0022498504975626554,-0.0017674328983375842,-0.021534300283811203,0.005885320595678589,-0.0036755063912892183,0.0008564465736184967,0.018466092922643673,-0.010946910438523583,0.008052432572430046,0.04532808133097488,0.0026713208467583627,-0.010638363709502774,0.010416578765291895,0.013272440588741441,0.017626643668337216,0.002386838173222161,-0.003743646297763248,-0.01077362579266905,0.016666467651950345,-0.015531783264632448,-0.008267236440281489,0.0019999694824219816,0.006374507806572893,-0.00021724566869918416,-0.0017719269934965975,0.014360993450188264,-0.011382963359000131,0.01034080980863683,0.0100542361174214,0.011241277145499495,-0.004936977450721858,-0.011113773647160263,0.005895351916372471,-0.0033253516953721807,0.024390324554631748,-0.03135501630537396,-0.02753936739745677,-0.005026365977613523
