Date,ANIX,BANR,BHRB,CACC,CHMG,COLB,FBNC,FCBC,FITB,HBAN,HBNC,HTBK,ICUI,KRNY,NECB,OCFC,OSBC,PRPH,SATS,SFNC,SIMO,TCBK,WSBC,XBIT
2024-01-02,0.01288658526843589,-0.011389207999792483,-0.0022258557424290615,0.01385318107368172,0.0028113892663550466,-0.0037481126382036267,0.004863599756032455,0.012129254985618232,0.008408252771985758,0.011006123830575643,0.009084407244415171,-0.007056480509755159,0.018448004879630497,-0.004459122405113591,0.005090760123244609,0.010944444300204692,-0.007124452134329329,0.026548647359614375,-0.05190100618685434,-0.0030241636523362647,-0.02660357908762767,0.006283523961171378,-0.002550169452444684,0.08500003814697266
2024-01-03,0.012722633961057772,-0.04249278647781429,-0.04094957842817992,-0.03314133021861276,-0.013416156787579125,-0.03498883153473398,-0.039257811312851665,-0.03675084419452168,-0.02300162407063333,-0.026438426928565795,-0.028393157199160246,-0.023350149304501744,-0.0610356809005419,-0.026875796017081233,-0.013506142208531413,-0.037606715092354026,-0.016960151550991287,0.012931022522848945,-0.0884786976414742,-0.03791692222146892,-0.0031856761506882103,-0.04694744873216261,-0.04250570699772438,-0.01152078087026076
2024-01-04,-0.01256280202931348,0.004733616899611048,-0.020767504459545894,-0.0020298299802626874,-0.0004059125410660336,0.0007797244140554938,0.01399392161228441,-0.006911786328182901,0.012948570563169781,0.016773116046059133,-0.0043259656003143965,0.012473936058678081,0.016670203533982297,0.004602924969900668,-0.006274892550539257,0.004736456159434743,0.02654288935982918,0.027659599939695356,-0.05726254974157552,-0.0068315049850932175,0.050967078647586206,0.0012133443796500387,0.010681170263821205,-0.011655056218990323
2024-01-05,0.0,0.0029446422653454096,0.021377661948511317,0.025175082994457254,0.004467013501078032,0.010518162199302239,0.0013799699771424034,0.006403109796494055,0.028472250948763822,0.02120971701345087,0.01882699825746248,0.0,0.006703119703994842,-0.005727246934326136,0.0005740042706574577,0.015321270833661416,0.0019390914887444932,-0.016563131463710468,-0.06370367827238865,0.009523935245688842,0.040332762239273734,-0.011391141982194708,0.004623358103069686,-0.04952820109573586
2024-01-08,0.07379127697413468,0.010961166696068725,-0.006478483478376651,0.009583160068909802,-0.0014149097846472003,0.007709907494048762,-0.00027556993294830523,-0.0035960558594512193,0.00677942806605536,0.006923069329800802,-0.012082455292340866,0.0010267607306337911,0.018643716898358198,-0.012672862078151548,-0.004589633935432547,0.009285982742071486,-0.0006451761430167346,0.10736846923828125,0.010284818901100223,0.01257849024990465,-0.0009229413346744098,0.004657923780861495,0.00262980979185512,0.004962774165082395
2024-01-09,-0.03791465766988655,-0.014133612891595204,-0.022905933729883365,-0.010066913602989835,-0.014170117341705368,-0.021805507727134188,-0.012406908007529638,-0.012770606407390472,-0.009259200073782337,-0.014514898485509686,-0.022302138349968192,-0.0143592506370529,-0.03489542573923188,-0.023337138224082232,-0.03573484337581745,-0.010925626513814901,-0.023240703032121113,-0.030418311271305787,-0.008613986406295404,-0.015528011804956443,0.000769932527391326,-0.016105301735056976,-0.01639349217732755,0.123456784309256
2024-01-10,0.09113297802309184,0.00490966426369388,-0.0029088974795808964,0.007678431749984949,-0.010267079054562589,0.00391081951609995,-0.006700381884124806,0.0014059259948857594,0.00141604824725583,0.002325711503064376,-0.0022074716563267316,0.005203252681254433,-0.01990209063055992,0.003584095227120443,0.010161196843806453,0.0075581040331218485,0.005948388853292297,-0.011764694882648974,0.3151658624967344,-0.0036802274051942474,-0.0027696871716554883,0.007192473604173744,0.0003334419196421301,0.0263736001162016
2024-01-11,0.00902933711129017,-0.009575975275071813,0.0003432050474680981,-0.004386100736480603,-0.0045642415420651394,-0.012855429139961738,-0.01967386481265021,-0.003369833010184786,-0.01442324506907433,-0.016241332463029945,-0.01991165495506264,-0.013457657600445927,-0.010206241860410747,-0.02380950366187151,-0.0017749979175192276,-0.01846522203042744,-0.015111720571843956,-0.019841251069335764,-0.034234216689701835,-0.009498695965915016,-0.001697249261691569,-0.01477475113140303,-0.011662946311681743,-0.053533189703585005
2024-01-12,-0.017897075494633263,-0.009273863508934777,-0.020415103224189268,-0.02185929009859844,0.0060443520868638245,-0.015785349606849963,-0.007167130683908063,-0.0019723474171962074,-0.014059886686980994,-0.01572328769865161,-0.0060194460792608595,-0.010493301977662517,0.025886183690747133,-0.009756089103995724,-0.007113160771474392,-0.014697122986027988,0.0013343189274019895,-0.008097158176053498,-0.001243809568318821,-0.0042621519181677,-0.007418770098544636,-0.003749003246445226,-0.010788782988881973,0.1312216999309126
2024-01-16,0.14350800309824674,-0.011949816239921973,-0.013310029239431698,-0.005229088886124389,0.0029001690177343775,-0.016439397965106073,-0.025123066736263078,-0.030208983685092616,-0.021828050623559636,-0.021565552055894832,-0.020439060311809643,-0.019087903427460473,-0.023871832565188322,-0.014778312186491616,0.0,-0.016109883604247588,-0.009993501552769679,0.020408143405366452,0.08655051950311554,-0.00909564600623225,-0.010121528802239488,-0.03161078690497732,-0.00920252277545297,0.0479999542236329
2024-01-17,-0.08565733664788988,-0.012094423752266659,0.0275115947567377,-0.009573122751798557,-0.00619693611173322,-0.008153428506074256,-0.007997535027246427,0.0066958324724339935,0.005355548079470029,-0.0008163442493781536,0.0030910895225240154,-0.0010810361459155926,-0.0017162249956893527,-0.009999991114885698,0.005373105458849725,0.00181929570925643,0.002691852192747257,0.006000041961669922,0.002865285666160844,-0.007019629996524279,0.0003146740462469655,0.0002592459378742973,-0.011351858676747706,-0.07061066826728657
2024-01-18,0.07407400096904948,0.004285042258125982,-0.012782864040259856,0.0003292583328959875,0.00020772513052635944,0.010686624771789166,0.005374674163043158,0.015905078218466207,-0.016276801763609683,0.0,0.010785872000835806,0.007575788137965889,0.02353070214448527,0.005050431480339457,0.0,0.0024212379111798743,-0.0006710906011787587,0.0,-0.0160000392368862,0.0054376090438690294,-0.0006290223690650354,0.014762968919938002,0.004871169157150579,-0.014373654305780859
2024-01-19,0.0060852354671296904,-0.01015855871500182,0.016622872597304994,0.029665216082515045,0.007481288675472486,0.01179319466435591,0.029997129624711016,0.002562105306163742,0.029181555288131156,0.03921578330457165,0.026676945878471026,0.006444529174149727,-0.009447842805964113,0.016331850900972,0.004156720458474483,0.06219824639924321,0.019476145142452328,-0.01590465153206444,-0.10685245483643047,0.023256075455743597,0.013217975772125579,0.006125539134448799,0.02423814223241072,-0.031250018626450715
2024-01-22,-0.022177446102500387,0.0034892276553326607,0.04354558157582811,0.013446214224847264,0.020833400355576792,0.022106207719419624,0.03748533424205758,0.02782478511350961,0.010230944218308391,0.016509468225264223,0.042316066386447915,0.028815423026832265,0.02861378688827587,0.03461059531964983,0.01892362027522565,0.036952940122078504,0.028326622004264612,0.032323299073625744,-0.052665826631311696,0.032769632460730724,0.008230995210749992,0.026382568500886494,0.032116488530195,-0.03225808436366906
2024-01-23,0.010309317880007551,-0.006749699782138352,-0.004783172357908705,0.009519399982195642,-0.011921472281989032,-0.012583519072276839,-0.016953675348276964,-0.01712697031725563,-0.01331033899889189,-0.013147843628990685,-0.0035611013680106884,-0.006224028799169945,-0.01329075775783517,-0.014337034165609053,-0.004062693121496985,-0.013158088307972271,-0.01281215630362198,-0.031311217234592736,0.03706245526174268,-0.017400278330396368,-0.006777493526132328,-0.012605082993131567,-0.014739664867044033,0.011111153496636383
2024-01-24,-0.024489772086439876,0.027594705196843705,-0.006463181053730782,0.00950312047450419,0.010224922284080895,0.0191159086120678,0.0036753621459451047,0.0016863672636933114,0.01759542581679674,0.025078271039128186,0.011436589355071858,0.009394514930234799,-0.02756603823938386,0.010909147785874262,0.004079265927119824,0.001666618721776869,0.0006489441695538556,0.01616169770218434,-0.02581068156914834,0.05572922509695011,-0.002636571519711084,-0.004755964582176531,0.028922889292171794,-0.00659345242873588
2024-01-25,-0.052301252934468745,-0.03446909936440101,0.01434514252772412,0.0026765671348363274,-0.0030365346687502015,-0.21141071745951034,-0.02225337980383235,0.017957174872695658,0.005763765791620967,-0.0107034404812828,-0.03321530962497721,-0.006204939897836215,0.02824014775449779,-0.06834526101026417,0.006384384291219902,-0.007210114414682667,-0.07286926460406029,-0.019880790715421592,-0.0509510860322413,0.0039466455615444485,-0.016171606864668675,-0.03747469236173551,-0.008723678244776045,-0.06637172389398305
2024-01-26,-0.033112602300249705,0.0010378604082414977,-0.02581808501744498,-0.0002723289512054361,0.006091322992935577,0.011397383092438984,0.014981219490598274,0.014884412034641414,-0.0011461703479798135,0.008500958937300407,0.005116678758348536,-0.04370444106205318,-0.0015664319395639614,0.0,0.019607711634730185,0.015083715658380292,-0.009122783486788855,0.0020284440628888234,-0.00858982700539379,-0.0063882790858672545,-0.015331134058527374,-0.012019850898236206,0.0009777443636957983,-0.004739332208735791
2024-01-29,0.013698616715036138,0.01389184320336967,0.029540939333064342,0.012896852673918824,-0.03370325939331764,0.02400786119285514,0.034345627934427636,-0.011135379715357718,0.01921947875704655,0.006130322633530083,0.013818297212427888,0.0010883260430591957,0.005229578462588869,0.010295929782393687,0.014706023205739438,0.008805816871821914,0.009206774900820669,-0.03238863270421399,-0.0036101219752859848,0.010385859806882003,-0.018458983994394718,0.025918962694953196,0.016606987632520998,0.023809615716916754
2024-01-30,-0.033783804827546615,-0.010429569180898324,0.0036070903466618454,-0.005917986840258904,0.008145458287267093,0.010047811722735167,-0.004116270297577773,0.0,-0.004502931462424531,-0.0007617874945190506,-0.010043085367780313,0.003260734045446023,-0.02882118671178735,-0.014012726165117506,-0.001114846472914821,-0.01527552185800407,-0.009122783486788855,-0.0041840962444885665,-0.010869606531259235,-0.014684446666158535,0.022730987817119797,-0.004382447223967745,-0.0070467781799145035,0.009302316297383983
2024-01-31,0.05827505879324413,-0.03740430752292523,-0.04590757501655407,-0.023903160313407446,-0.036254515306995305,-0.045002416438221005,-0.047671496644841715,-0.05850037348589221,-0.03194798849576597,-0.029725476221942992,-0.049999910259869496,-0.03683626176756549,-0.019391446642461396,-0.06589155364210553,-0.03850461829081797,-0.045429331930949,-0.03541080045399636,0.01890749399646019,-0.01904756648158168,-0.05563814907610587,0.007035414578534072,-0.05877799590435118,-0.053548322862269626,0.057603684610685546
2024-02-01,0.008810564358837869,-0.010304961460991358,0.017979562526258874,0.07451902115886133,-0.014617380774086808,-0.042162661145735525,-0.0008680833465583015,0.009918310741421354,-0.013434615318355658,-0.021209797658456098,-0.02364620728330835,-0.02924638631928822,0.014749246062772281,0.004149525393637443,-0.011026996956946977,-0.02959965552764854,-0.0022026540754803703,0.03298975822585892,0.004480915937564056,-0.022093741537489664,0.008891607861468032,-0.029711140662186608,-0.019768244715389294,0.008714588349299834
2024-02-02,0.004366808135300104,-0.006941417636303848,-0.04121109723480909,0.0017715616638884768,0.004363025876916948,0.00983953885093114,0.012163266581187937,-0.019064118582028056,0.0020722717336836283,0.01043344899597276,-0.007812408036080409,-0.011587436251576322,-0.019810469340026948,-0.0041323779862473264,-0.013498123955154484,-0.010895825792168634,-0.01766005986365915,0.013971994336583471,-0.002973974901135157,-0.009682529048761435,0.0055084053169165426,-0.0034021325782163103,0.0020861817308066577,0.1727861110418798
2024-02-05,-0.010869503246587309,-0.014853673418736668,-0.03105269535640709,-0.030167246728773578,-0.011728961210572764,-0.022051314528215626,-0.01773959252199775,-0.017962142554275085,-0.015952607991218226,-0.015091343500994392,-0.003936920534711952,-0.01406803468532869,-0.045694240117256646,-0.02904561899084912,0.0011898496906768141,-0.01652387397651156,0.0007489942046454701,-0.003937004178520276,-0.022371379131130853,-0.013036375658761479,0.006886820203127808,-0.02475134088327824,-0.022553712367462175,0.007366475712259124
2024-02-06,0.01978014768746572,-0.0017928790334342803,0.022994800912303326,-0.018305685168148456,-0.019780241415045863,-0.025694944372973705,-0.004369149842132103,-0.0077962028413974815,0.004803095788410872,-0.002419407317649447,-0.03557314606909323,-0.011890555750368126,0.09346228134534829,-0.03328504514681918,-0.0421864039496771,-0.019912960309094063,0.0067366340819254855,0.025691722512057424,0.01449279473938403,-0.012108015651682735,0.00932686291334317,-0.0005831207545302641,-0.001065086380670044,-0.009140715871207239
2024-02-07,-0.03879306756854661,-0.011225915086280569,-0.014690368153544298,-0.005464336519652169,-0.01748872506481436,-0.011302437826344214,0.0005850014538018034,-0.010577262248963937,-0.0032864842658479887,-0.0016168500305617783,-0.007377104996584616,-0.004890111076670922,0.018947400544819137,-0.08832332410482946,-0.04218359754719625,-0.022857021866940608,-0.011895896898885039,0.00192673447676861,-0.0037594127832941693,-0.010027756037369606,0.031110441912401754,-0.00992429849027987,-0.010305472342153732,0.00922503933466623
2024-02-08,0.00448430061781413,0.0013624370845755074,0.008083355868445663,0.008069218039880255,-0.0036513573403005317,0.022319039680127606,0.009064192404668825,0.016641147782877397,0.0008991584664514995,-0.002429119575909078,0.008257710727618273,0.013513551803172152,0.027582624842663384,0.05747130195291916,0.020077738735821526,-0.008447038899850656,0.0007524491543549061,0.00961542164785767,0.019622658783534863,-0.005064782248176858,0.01418971138088354,-0.013561373151017575,0.011490105303770148,-0.005484412088092694
2024-02-09,0.006696475375139288,0.008843608622014276,0.013898810972029274,-0.0073030734302574896,0.004122808037950509,0.0031948771986261004,0.02839752093543635,0.020006075358313335,0.007787026005324993,0.0073051870269371655,0.025389085613414908,0.007272897784608157,0.016990071586070243,0.03571422900420651,0.010158712187870345,0.030799380401870025,0.00902260080391426,-0.0019048055013021203,0.0007402093791573083,0.029411865009716598,0.008247326970455715,0.03765714640360951,0.01419944093936465,0.08088236260888482
2024-02-12,-0.011086516230013554,0.02337580213891588,0.03743406627627932,0.016235747643344123,0.010948892458611414,0.030254787616842638,0.013243109061049418,0.02555704733114128,0.013669988279965795,0.020145068983129066,0.023162883861634675,0.021660397048615776,0.028271973877243672,0.022488724652355296,0.012570800437180507,0.005085942472913052,0.020864264868671212,-0.009541930549938904,-0.03846157101755632,0.024175543979726877,0.004528139525694641,0.04349075638069411,0.0297514968415189,0.023809500639594416
2024-02-13,-0.03587440494251337,-0.04985708192868554,-0.0965610680493788,-0.009236297127354742,-0.028429705742281763,-0.047398307144728036,-0.05645152129759279,-0.07765860306108918,-0.03781863579941247,-0.025276442976302493,-0.06947708362772376,-0.055359169522314566,-0.04883670799463313,-0.06451621049415124,-0.03724402179281627,-0.048070848656275644,-0.03649638993160731,-0.05202311713867569,-0.03461536994347203,-0.04291822275781776,-0.01774009046404279,-0.04830267257085685,-0.059823218987025806,-0.0016610883847775204
2024-02-14,-0.004651158148691992,0.015025486310498604,0.06515150663470282,0.0015657249688865171,0.0099862336026586,0.008653413280450994,0.014736305684838413,0.019164304381506847,0.021023696203108955,0.030794251611026224,0.021812064993520952,0.014962552116251526,0.005761064086912571,0.015674102043674143,0.004513164102340372,0.001993333168638589,0.017424330133545496,0.02235775036761045,0.008764912749440024,0.011771299468529506,0.02087330386066899,0.003190448404115198,0.02349964035684793,0.006655567442543919
2024-02-15,-0.04672903651825999,0.04691410916778049,0.0467638745310095,0.01771721592309916,0.02322370931627904,0.019302882258278586,0.044147425309439825,0.04099886664759467,0.011638191989408186,0.009433924194150789,0.04761919690525329,0.04422618124606226,0.07637421677186373,0.052469102220832786,0.03722720798951973,0.06498674395854986,0.02010419817997322,-0.013916534541068004,0.00868883188604852,0.04099712781207465,0.0037703758973004486,0.03873928193129217,0.04733296947610932,-0.04462809461394712
2024-02-16,-0.007352875865728303,-0.017620254063894114,-0.041956783873788095,-0.009251721793143486,-0.013483219980141237,-0.026827894183237944,-0.009735689622839216,-0.02043248639590467,0.0008850155939748028,0.0023363393150475087,-0.003134774941049634,-0.015294248675260302,-0.005321629087631008,-0.010263999972221494,-0.006188100374134309,-0.019925229445416637,-0.0036495819338954183,0.004032254188043316,0.0783085328232731,-0.000532118949885585,-0.0037834401527223616,-0.02031724869382967,-0.018549712726938616,0.020761225121661564
2024-02-20,-0.04691365103480727,-0.014171704888410241,-0.02163123443160464,-0.019300026387583324,-0.018223244791904403,0.0032432319280646382,-0.012359576220821511,-0.02357913937350753,-0.0038314566711126208,-0.008546955368505471,-0.02358511002360486,-0.002389270995223347,-0.01267128273437379,-0.016296158562149055,0.0006226758432008594,-0.015883207145061307,-0.008058576277864549,-0.006024138492660258,0.0007261637527311571,-0.0005325129607676171,-0.016505843788823027,-0.007102082966418566,-0.00824730108751437,0.027118617767097675
2024-02-21,-0.02331604057390191,-0.004941650266226394,0.0003624325375559678,-0.0026893577716483597,-0.00904873715915877,-0.01508627035217791,-0.012514134218823969,-0.0006192689847167587,-0.009171515555258636,0.008620635555849576,-0.0072462666234252016,-0.009580914783099304,-0.00950660687128535,-0.003012184424602382,0.015556955064280231,-0.016139555041006837,-0.013294081274940917,0.0,-0.019593578325210803,0.0021310759590837947,0.0056436751161987875,-0.02117326095407468,-0.0017326302618280165,0.13861388787449513
2024-02-22,-0.05570292817226041,0.00428897108035442,-0.0057970406051366385,0.001184270828247902,-0.0025753738084155486,0.01004487338601101,-0.013249082290170633,-0.01425017627542613,-0.002687429337911995,-0.0007770176974335463,-0.02189789330725933,0.006045688933578708,-0.011901386544850179,-0.021147938742432593,-0.021446076056720775,-0.009842411329955225,0.0037426801354976114,0.002020248336801478,-0.014063695842982393,-0.0005317741992354463,0.023039375195632594,-0.01607713275743816,0.0013884954378058367,-0.11304350710546096
2024-02-23,0.008426958391001493,-0.00022486691966849826,-0.003280020073500589,0.0023477453380549296,0.008685474524379178,0.0027624354456812217,-0.003210459232839691,0.016970421908829803,0.0035928744682656166,0.0,0.003316984308290527,-0.00480751177968286,0.006216604260514957,0.004629673080678298,-0.007514091716581683,0.010603227891743172,0.004474294774298615,0.0,-0.048798771277963726,0.005851080183254975,-0.0025984718857077205,0.008615462331824641,0.0031195831995134427,0.05392155716942604
2024-02-26,-0.0417826909568495,-0.015062929189156526,0.0053017968178961095,-0.013907863369554518,-0.0069817459623156,-0.02314055675431903,-0.011420338312266187,-0.0027811836165356763,-0.007458332913621302,-0.006220815727872364,-0.024793602007662785,-0.010869629901054334,0.0194034386261992,-0.023041524563637727,-0.016403748740545843,-0.011147664070321528,-0.002969648964525673,0.024193525128260562,-0.041831075752149505,0.0010577043703090538,0.01056605843846592,-0.019145699155188822,-0.013130691922605076,0.0
2024-02-27,0.03197671315875095,0.0034238821244916284,0.0067284272780889776,0.01692107066574633,-0.003984067105523237,0.01015227762176063,-0.002369587799559536,0.0027889401712473116,0.02104001285349244,0.018779430218045512,-0.0008475613174449004,0.002442102471275076,0.011458324829135114,-0.00628933904522655,-0.0006415133748078894,0.014588856683937612,-0.005212310012504218,-0.009842463513508926,0.07578254120890238,0.007395668367493169,-0.006158721262852662,0.0042041697580128545,0.0028011525077138444,-0.009302316985087988
2024-02-28,-0.01126759503952346,-0.0031846211322424933,-0.023121511665225025,-0.00519644247803841,-0.0016470491482890592,-0.008375341342675924,-0.0038597850083265106,-0.0027811836165356763,-0.011480775637652596,-0.009216632011320836,0.007633734787894975,-0.007308331712678973,0.053084972642466255,-0.009493590038372912,0.0006419251783955637,-0.0254902498318762,-0.0059880541712942215,-0.05765416035663251,0.013016777730288753,-0.0068167409406216795,0.00907909662302897,-0.011363500203057542,-0.010824036140893778,-0.007824681524634225
2024-02-29,-0.0028490001397227793,0.0004563334460867541,0.011094888359847177,0.007589652850671591,0.004006696709430546,0.019144345412162922,0.01698928394248589,0.02696006111724758,0.022632556082875732,0.010852710217094774,0.013468097120270972,0.01717797582340852,-0.028894024742218027,0.015974389528835342,0.0,0.019450002601279825,0.011295311648428452,-0.05696202404305617,-0.009070286448309095,0.013727384986455426,0.010996768359640141,0.010586785543781563,0.022943879065745243,-0.012618284192532747
2024-03-01,0.0028571401323591594,0.02623186102073216,0.010607098518343294,-0.0028901294373144815,-0.00422548776822107,-0.012707412793407591,-0.004102910288413697,-0.01116477830742324,0.0008736758332141825,-0.006901911732242194,-0.0049834835321326265,0.0012063220430915678,-0.03515521238919206,-0.034591322436754335,-0.002565857197709409,-0.02171055823158985,-0.0044675591744411935,0.020134263268954733,0.008390588347234385,-0.007812422168155364,0.01991796307825866,-0.010176727087083726,-0.01656311930395815,0.022364195106523654
2024-03-04,0.05982907085970002,0.003334079950175317,-0.0009048799656382611,-0.01121377253877942,-0.006129067716893477,0.011751749644099085,-0.007357310025536967,0.007933934780110397,0.03229565753206898,0.031660366948039975,0.0008347405042452571,-0.0012048685835600592,0.01499195217957161,-0.027687238740921494,-0.015433959315766743,-0.006052387723057384,0.0022438404562343806,0.010964954246114766,-0.012859309596077062,-0.014173304315074464,0.0012467900350625616,0.06259446170711369,0.0,-0.001562535739503268
2024-03-05,-0.0430107754301452,0.0363313798946856,0.014127999296589921,0.0042505768208647154,0.011859552484464686,0.044247394294061326,0.03468715833839786,0.008477321803873172,0.02452079199429269,0.022455115357714828,0.028356989549399136,0.031363171730357076,-0.04178742796758983,0.028475650885285475,0.016329079706316474,0.03721247931328153,0.007462650106723423,0.023861096202049126,-0.003831432184220329,0.05324808549966109,-0.019781560221657224,0.03215725533386293,0.04315783514575999,-0.015649437671673483
2024-03-06,-0.016853916782002765,-0.001710181594464344,-0.02232552641120067,0.0031378882524277785,0.0007032574920780021,0.032309566458829986,0.0005729328000505518,-0.0030023325702147607,-0.00852817735403677,-0.008052807780718374,0.010543340211735641,-0.004678186034070331,0.009853679377858304,0.016286770867592226,-0.005783965884671338,0.011089356236617887,0.004444466319509344,-0.027542297326771936,0.043076955355130675,0.0065721600043726625,0.017781500688276886,-0.036393669285248675,-0.0016817164347414648,0.01748809764412118
2024-03-07,-0.014285700661795464,-0.0036403615675868473,0.017354779133652798,0.021514990661293254,-0.010306976026142611,0.0035916135229063784,0.0074459057739271195,0.004215846711178806,0.009433997404967753,-0.0014759710906351309,0.001605084321384842,-0.0023504567403299648,0.018162469467865483,0.0032051870882736644,0.0058176147700312875,0.0038710582669905236,-0.0007375388009542849,0.02832236019218093,0.02654864642603183,-0.009542780285167085,0.00873553326517329,0.01761951539727513,0.008526526551826175,-0.001562535739503268
2024-03-08,-0.057971027512881634,0.001074693407024041,-0.0016161200547161192,-0.009204498963060859,0.0035504103369472517,-0.0025562417391458148,0.002273828929064914,0.0023987059302053026,-0.0002750812300335026,-0.0022174188937534867,0.0024038095779932434,0.012956580033856469,-0.008255078770476598,0.01757181988413903,-0.0038561083764575566,-0.015424257603605218,0.013284271054714747,0.006355976936840424,-0.01005749587323479,0.0,-0.013883262995812995,0.004541720198971477,-0.0033817758194139014,0.001564981078369776
2024-03-11,-0.006153840285081147,0.0025762001867304374,-0.007913650441914943,-0.011212718773922825,-0.005660370596103581,0.0010251387634445663,-0.005955723643535693,-0.007478287586250354,0.00962333366478929,-0.002962951584338458,0.0015988342476382922,-0.0058140080614832446,-0.009663170104042829,-0.0015698453161619996,-0.007096700991629512,0.01174935167109381,-0.002913413744890625,0.03368417840254945,0.10667636397057123,-0.007099391159942181,0.0004182989431122941,-0.012715544528031364,0.005429201653934124,-0.007812529685906622
2024-03-12,-0.04643965773426173,-0.014989291323098008,0.0,0.00875934932512723,-0.0009488286997584305,-0.013312940108238358,-0.02396574037259802,-0.009343104066474317,-0.0008168271941304539,-0.0014859165134886165,-0.022346301536123936,-0.015204687038942954,-0.025794664701347614,-0.023584873327629152,-0.0006497839069147249,-0.01032255478085986,-0.018261523308925276,-0.02240318942885977,-0.0006557527135629959,-0.021450458676531503,0.008917470000077587,-0.009444721158899383,-0.02497474567532787,-0.0031496033428162207
2024-03-13,0.03246757971695691,0.0,-0.013234211385776407,0.0003782466398998263,0.004273451932305772,-0.0005190079833321537,-0.0017538134632918423,-0.0042591322689388145,-0.012537620512038106,0.0,-0.0024490262193235246,-0.0023753940650882432,0.0039666951646706305,0.009661926185005498,-0.0006502064005700081,-0.00586688134006319,-0.005952483083992988,0.05208333126372766,0.014435713276435669,-0.01252607994888566,-0.007733917594573425,0.004333998968017783,-0.005191990589302087,-0.003159554686819721
2024-03-14,-0.03144658520498789,-0.021739139986184597,-0.04721659247299148,-0.008463915559788426,-0.005910103910393039,-0.04153683360529148,-0.02284056049691474,-0.017109723659669007,-0.022356991216759936,-0.028273663347036293,-0.029460041817576554,-0.03214267728841114,-0.025385220753189497,-0.060606221878714894,-0.024072824834863726,-0.03541004728130781,-0.023951997267518732,-0.03762377228599878,-0.08602845539614035,-0.03420644880538204,-0.0005567283767147213,-0.038550008914368994,-0.027139920448952193,0.007923960568664956
2024-03-15,0.19805199630667936,0.01155561823388429,0.014461976544082322,-0.0029240563438986955,0.006229026915448577,-0.013001267736427846,0.020677325925829937,0.009014732674773596,-0.005081987943027277,0.011235887047644555,-0.00084292548658782,0.0,-0.005979490714902225,0.005093426700791603,0.007333256983494074,0.020394415714334757,0.011503049440729773,0.03703700069828186,-0.03963201805245398,0.01881574776343542,0.009330282499377729,0.03201693712522102,0.009656640604294164,-0.07075476048042695
2024-03-18,-0.04878050513982635,-0.018673291109172374,-0.022619295833140818,-0.001894347885832648,-0.009285604987229745,-0.011525657517994614,-0.017909486394688923,-0.014479424245513073,0.015039628489476708,-0.002298745678677605,-0.008438891691237571,-0.013530236178060817,0.011113339289778645,-0.0033783495071664227,-0.004632639561482077,-0.01332448511790052,-0.005307003055655013,0.019841251069335764,-0.06411200479915347,-0.015209064751350976,0.018901760493210906,-0.026964430352787394,-0.015940347413710754,0.12182745949546603
2024-03-19,0.025641001257505236,0.000447831194876791,0.016724988442254674,0.01476405810765069,-0.009613138136712829,-0.004441844682990137,-0.005082335422519235,0.01156613896452674,-0.009504981483277941,-0.0015361319409248342,0.011063777163528465,0.00997514367712804,-0.0016133511714124804,-0.005084793383574593,0.003989431242541253,0.010128248538027629,0.016768300630180644,0.017509757767645073,0.0023621837339955487,0.0011030989857545581,0.00866619847339578,0.003277696696170729,0.010439070747674473,0.0723981916724239
2024-03-20,0.03611114385687353,0.036697398730895836,0.051836433782387115,0.010718693274178959,0.023295204427127292,0.04852190514055765,0.04477172280634134,0.035846751843781055,0.03330502255810375,0.02461522206699751,0.038720583764062066,0.02962941583294776,-0.0170690072209162,0.05621803699115557,0.013245060403898723,0.05882359049522745,0.03673159470319898,0.05736141293322783,0.08719565202408197,0.03801651001425976,0.022150490253660893,0.04692602519131883,0.030281537774714096,0.007032308433022605
2024-03-21,-0.010723850307905125,0.0036691719929498046,0.01963986556010089,0.007935982157751376,0.0052170288520843044,-0.006382901148385911,0.017256238170874072,0.018496417410089894,0.010925900203903716,0.021771871829439737,0.025931921367754684,0.010791369845595922,0.012330424907574411,-0.006451558018274461,0.008496679296961629,0.01893924757303922,-0.002892277500375906,0.01627480512407642,0.02167631412047122,0.011677352699769772,0.026398827514349632,0.014751841765461071,0.0024203768590327357,0.01256985398127064
2024-03-22,-0.06233062750864482,-0.01225806950748054,-0.0495809358609659,-0.021802132793212192,-0.011795244931269822,-0.02141320249174683,-0.009612787479640006,-0.027826786490022792,-0.01729265803706348,-0.022042429576900502,-0.02922589523730801,-0.017793454011648002,-0.0042630753477077565,-0.02272725287011057,-0.0006481655210056614,-0.023543901350695284,-0.015953597830480226,0.039145955784467557,-0.021923650077072976,-0.020986258238622213,-0.005630123254272701,-0.022365213093033298,-0.018282145895301416,0.034482758620689724
2024-03-25,-0.06647399321898984,-0.0021772008636989915,0.003940777483590896,-0.008157150413425573,-0.007638955222296517,0.014770174301832695,0.004567698322471614,0.012353224024811649,-0.003299198588691099,0.004507682205051156,0.0016273703198723677,0.0,0.00030579795885299355,0.008305576555422522,-0.00972753173102714,-0.014593921471989457,-0.0036845446783715374,0.061643775217663066,-0.01301520651979482,-0.0005361592355467293,-0.015056119793071976,0.0025737906600331595,0.0007027344019618909,-0.0013333638509114287
2024-03-26,-0.03095972261364044,-0.013964612503633789,-0.02224301075350532,0.0028020487128466165,-0.0050518805134385225,-0.009703498955860534,-0.012219471072223098,-0.0163690183679569,-0.006069000995078233,-0.002243878840557878,-0.01462228509117458,-0.008454072179822414,0.026801232614126924,-0.009884771943214798,0.003274317500907342,-0.005795237304837886,-0.012574026293156404,0.014516154089778688,-0.051282038741954694,-0.00911518680389245,-0.01032122054154272,0.000570395780887134,-0.0059691204421661315,0.06408545176788816
2024-03-27,0.03194885015217652,0.057977304369488,0.02619003021077604,0.0008527401864555362,0.0171664217990648,0.03973886834530127,0.04053265293269903,0.031165004591161116,0.029708549735417256,0.033733268989972975,0.04863981236279913,0.03897685399132378,0.02113931330150387,0.05158080194693593,0.01827688149381923,0.04274617559159988,0.03220960536576434,-0.004769432933725115,0.08185331546169738,0.0465367929245224,0.007260681659597701,0.044184665203833795,0.03602978880186081,0.00250940796148158
2024-03-28,-0.034055768688805554,0.003974178576619192,0.0437778975127161,-9.062326900155515e-05,0.009745711895258191,0.013088806068953351,0.005008386783683205,0.016138342492705293,0.012792575882693447,0.011602570685464109,0.00864771952268506,0.005861658445108775,0.043055693764747716,0.01898743555548732,0.008333346956644894,0.019254593379805396,0.004354300479777251,0.03354625457375171,0.01713060436811409,0.006204823273365578,0.008388031683821406,0.004094995626255038,0.016365418815450283,0.017521945848962384
2024-04-01,0.07371795753520427,-0.021458360052948877,-0.02106021167313732,-0.012709654466090403,-0.01577216701803874,-0.024806116718868787,-0.021040957977215724,-0.043892565732515654,-0.013706067817844891,-0.015770664783347543,-0.031176879919800782,-0.019813596501276454,-0.017610877702411987,-0.023291975687350308,-0.007628931847076137,-0.03656298072751085,-0.020953790180111453,0.05873263164814757,-0.014736844782243685,-0.008735881967175674,0.03587199574354738,-0.03262636020769005,-0.02046288748130387,-0.0344403697253336
2024-04-02,-0.0447760779758305,-0.0072386128658377125,-0.030993449564791775,-0.016160407220875972,-0.011241290017781957,-0.018547992479271858,-0.03054300294022627,-0.015101191736998643,-0.01961850803224463,-0.00946823048487977,-0.022526325630222277,-0.009512376042769,-0.027032139484696405,-0.0047694345473401345,-0.009609066399864363,-0.015180292130503648,-0.00738003840917012,0.005839410570790848,-0.07122507141859125,-0.016588762783154354,0.0013802077799600632,-0.02782483313186168,-0.01917812220012316,0.0789809388443885
2024-04-03,0.024999975785613415,0.0,-0.0028222551436450916,0.012095383183762687,-0.007015037834402826,0.0010799383263313533,-0.009334924157836544,-0.0036797082251361912,-0.003891170827807322,0.0007352356520891057,0.0049384513405277275,-0.009603919119393733,0.007603809371942827,0.02076676657054577,-0.0006468417553739947,-0.0025691030109602497,-0.011152398802091956,-0.03918722585755774,0.04217792886072269,-0.009488820007116483,0.01415855160713031,-0.01069646420944581,-0.00733248107054385,-0.007083874583837191
2024-04-04,-0.0426828864959643,-0.0019301433061622575,0.01679244159857829,-0.01294669852715058,-0.0036538514166181146,-0.008090743003273948,0.007067309611401784,0.010464704061468488,-0.015624810318494053,-0.006612781047853011,-0.012448288496623161,-0.00969698525406093,-0.02380030059932381,-0.01564948627618834,0.013029326714457667,0.0019318569133488506,0.018796938069831404,-0.0060422904145789325,-0.005886675703297928,0.009047379829211222,-0.013590431398900371,0.004675531733256744,0.0038691907441432694,0.11533891612700709
2024-04-05,0.019108261393313564,-0.007950118402784812,0.015401787566701852,0.012742913244890852,-0.0007336443128541648,-0.001631186852150024,-0.0046784370980484935,-0.0015230823612218947,0.000566829338922048,0.00591721481606422,-0.0008402098393476276,-0.004895840444375743,0.007829543147476858,-0.0206677208366276,-0.01672032299908499,-0.007712195360263019,-0.0044279942000436945,0.033434691425482166,-0.015544044011045366,-0.0005273504343944468,0.007014293437285657,-0.008725985286122007,-0.004204587578421681,-0.12473348209161317
2024-04-08,-0.00937499091960503,0.00844702345359405,0.0067616268888142095,0.027176081948945052,-0.007585035411044827,0.026688431448117944,0.010575759855987688,0.00366081864320722,0.024645732643267637,0.03014704862222195,0.010933540537232167,0.014760040776849115,0.012783905901785575,-0.011363626435055285,-0.001961995525571081,0.017487120615299334,0.015567018538421795,-0.02941180595477033,0.025563920880598445,0.013192561466354169,0.030721302421447216,0.010563310756446898,0.022519296495039143,0.18514001181812723
2024-04-09,0.025236568385065494,0.0038660036586002366,-0.0038118695407926007,-0.0008262630851482156,0.005670549306326711,0.013262735100094236,0.003197661264871199,0.001215757634485115,0.0060824821151457265,0.002141302195281858,0.007487496196557641,-0.003636258279429039,0.02291485250318437,0.0,0.0032765758367840903,0.015913406765356797,0.0,-0.07575757685224327,0.0014662392658331136,0.014583273766823224,-0.029443710616203878,0.0014519532749501796,0.001720562794629954,-0.04727637267359319
2024-04-10,-0.015384600712702867,-0.060119808245923445,-0.05630477642783105,-0.022452301367473226,-0.019857731558456937,-0.0549740234687075,-0.05128942671351,-0.035822681889001506,-0.043967918584907006,-0.03276360213428464,-0.06110658589970286,-0.03892949872830853,-0.05249168352532352,-0.07717574328673249,-0.01436987625899433,-0.07957397679625522,-0.022627707551294507,0.00491806725858579,-0.016837448375221054,-0.06878865382009192,-0.010816810199609228,-0.060307433234842556,-0.05530746063866421,0.06688240074894813
2024-04-11,0.006249993946403354,0.010015945940226256,0.01911571253745281,0.052758372720539404,-0.0022511828812797896,-0.00720220616201217,-0.0018326950926885743,0.01164989915498138,0.0020119605991530953,-0.006627315169813075,0.008795186000366995,0.0025316163408888315,0.009316773272080026,-0.016014194149060246,0.0,0.006807440773382911,0.0037341484776831635,0.044045673064581736,0.07594932843718993,0.0016540200008001715,-0.022121574490398643,0.0012342548584913793,0.001818165669178251,-0.03943380483157044
2024-04-12,-0.015527935363983336,-0.010142096670411882,-0.004926022995759061,-0.03140662854452547,-0.009526296405355406,-0.015066956995485103,-0.020807775976197873,-0.005913424991398686,-0.009466522905319796,-0.013343058996928114,0.006974733064264216,-0.0012626117219768362,-0.025310203987670588,0.05063296436689746,-0.0026507780729131403,-0.001352226552250868,-0.0014880298911739143,0.01874998183921006,-0.017301038290651327,-0.0022014542837550666,-0.032390975950289946,0.00523857348382184,-0.0018148659422280167,-0.02631578947368418
2024-04-15,-0.0031545710481332145,-0.002049147323706868,-0.01485153611768708,-0.012822104608296803,-0.0025308463857625085,-0.003965917415496567,-0.0062500692693895354,-0.006261759148773471,0.002606484840014023,-0.003756732104172378,-0.012121152265174406,0.0012642079257227934,-0.011201614137532623,-0.03098117076188367,-0.004651039380865307,-0.0054165106530973395,-0.0052161936385286545,-0.05521474456557396,-0.0021126572798696452,-0.017650377613225854,-0.019128604825410123,-0.002452371427606126,-0.008363637348999253,0.01729728080130921
2024-04-16,0.003164553858114205,-0.019621367433873438,0.013529154950561395,-0.017409625268241413,0.003298649617516247,-0.013083167968679033,-0.01761009819861703,-0.005041026031273099,-0.015309085598618988,-0.016591233653938664,-0.0008766493410669041,-0.005050513072932361,-0.00792993465670988,-0.023090485285349516,-0.0020026651684565966,-0.012253167791052788,-0.0029961964005825736,0.19318183225611474,-0.020465769957065172,-0.01796739552305493,-0.006500475210316825,-0.015672936786618297,-0.010267754060305778,-0.04782144703104252
2024-04-17,-0.03785492778850452,0.004189184091655029,-0.014492746881455632,-0.009890879529466323,0.00657560860621853,0.008069228093483094,-0.008322623923887273,0.003799925044521091,0.00029318984166337714,0.008435534499457331,-0.009649012933190204,-0.003807129307292323,-0.004671489349973745,0.007272664644829341,-0.0020066160910015007,-0.002756641094708079,0.009767067039502031,-0.14693876703662956,0.00936600240411134,-0.0017153723317213654,0.011859380407342357,-0.008117364574462327,0.012967881546599003,-0.09486611359942765
2024-04-18,0.01639342724524062,0.01344140011563466,0.004837422787290047,0.007229437065709776,-0.009045257104626114,0.014293847951814431,0.009038138976150023,0.0069400236142174165,0.0035193733885043876,0.002281496121456561,0.011514687335927754,0.006369487147007025,0.010638342737588902,0.0,0.008042806569207972,0.008292926656325417,0.02232139351778195,-0.13237638376888894,0.039257686063489894,0.013173197035898143,-0.012528592595682952,0.009442850631877109,0.008046745959591872,-0.02466088997925786
2024-04-19,0.0064516069489635175,0.02766975542152772,0.04236477753827583,-0.0017152198050652823,0.10294116314945145,0.03213074238387059,0.03358932487415367,0.03696732426307303,0.05932191517553109,0.007587111392981738,0.03677749009805931,0.027848045160096868,-0.011661556914534299,0.054151647345563214,0.01994682571600781,0.04043867821568692,0.0502184483729482,-0.033088203390680304,-0.0006868288869251726,0.04013559924048238,-0.01991816691603432,0.04708456300468833,0.028302011498267277,0.01643490732600328
2024-04-22,-0.035256377926473514,0.006230618980168412,0.007020170842233497,-0.030439957398033846,0.02735624940171122,0.02621509425746993,0.02816460877744764,-0.008761129443895177,0.008275926909037112,0.01882533341644299,0.01858103981427739,0.0024630258848179487,0.006369433347951592,-0.0034246281822385427,0.009126289476300897,-0.013175401532570463,0.0048510285022809185,-0.06844108704362784,0.03505156166297474,0.00489116072321516,0.008769354755239434,0.017569852256719587,0.007410027640428529,-0.011194048882451457
2024-04-23,0.01993353587031299,0.018354700638869348,-0.007338118904153368,0.005932464912543622,-0.021257375567990233,0.015433816739407025,0.026791021609209764,0.006705105122930322,0.01395345351170807,0.00739107038975062,0.01658378854229703,0.019656051933252483,0.014318374373719633,0.006872885601193257,0.008398065791275888,0.03070770974260295,0.0,0.053061172853952954,0.015936239338051328,0.01730661604049466,0.0013799135773480131,0.020778646478225582,0.01576182466736409,0.028930880682864313
2024-04-24,0.03583066316168049,0.002171439435773248,0.004989705464016003,-7.666499780056846e-05,0.0013716559646523852,0.006813408037119828,0.011433571478826066,0.021495647131455797,0.004587072191763575,0.00953776971991993,-0.006525301201616429,0.007228958881885905,-0.010638307004924963,0.025597048633657637,-0.01024990090511535,0.0019430506660120805,0.0,-0.019379827052266485,0.03790849127291396,-0.030834612670879724,0.015984606271955082,-0.0022938193605701596,-0.024827719805801896,-0.013447506876248072
2024-04-25,-0.06289309543558141,-0.01668467899387771,-0.0022065865644492755,-0.012829749047808536,-0.00684933865704207,-0.010411044450875706,-0.08550721591761212,-0.007409515502624808,-0.011012786843736966,-0.013081534329314581,-0.027093452711051125,-0.021531040176928862,-0.022642704856970952,-0.04326104621662641,0.016181343564044104,-0.015513992551489442,-0.02214542427678856,-0.021739157066863357,0.008816142463087262,-0.020844477783337978,-0.01085054352254855,-0.01609191462833859,-0.018387536579972608,0.017348246420944013
2024-04-26,0.08389261691270988,-0.0004406463918257275,0.007556105637268606,0.021492775517742757,-0.01011503844059547,0.005786504649861968,-0.0009508790947800883,0.0005970748515435886,0.0021729247665829288,-0.0022090303565381886,-0.01603383476741005,-0.022004955153635986,0.0032793564222666216,-0.005217439977116323,0.011464874486676102,0.009192463107780435,-0.007077098842246943,-0.04848480411432454,-0.001248467989523605,-0.019608019302203683,0.005759081943951028,-0.011390093430140191,-0.008645381860752144,-0.041412929477236626
2024-04-29,-0.065015491302446,-0.008244263680273534,-0.008048196666864738,0.0045575855019590605,-0.008592584480119014,-0.007845311400024424,-0.015545536519386838,-0.005968196403920989,0.0027101575775838604,0.0014758974064887909,-0.010291532120278668,0.0024999711698034943,0.02699288577434822,-0.043706201752358065,0.0006297426556349794,-0.02472345894881889,-0.0128296157236919,-0.021231402085489348,0.0,0.000571464019384571,0.023994556242267873,0.027473831003067106,-0.0054506826309256295,-0.013977084914459481
2024-04-30,-0.016556275705983503,-0.01977082505370764,-0.03411398733457405,-0.02888474347235348,-0.012180912073652461,-0.0084343404021604,-0.019980838977948445,-0.0039027844929837574,-0.01459479452147272,-0.007369060248212378,-0.005199495204237237,-0.009975012957575635,0.00533877448583242,-0.012797160935549945,-0.00692255449168433,-0.015343575234112783,-0.010830435575564401,0.0,-0.0006250143051147461,-0.023986312893244266,-0.01730802949678112,-0.0002872043787603973,-0.01351840584636943,-0.01159795746563519
2024-05-01,0.04040400148252998,0.018106655551881845,-0.00229107228501102,-0.041150792915302103,0.019207989089630173,0.038277488356301514,0.027622515974020212,0.027727538946613617,0.01755348993646022,0.013362945256726322,0.06010454584571323,0.023929524662228863,0.003778622891144723,0.02037039510286065,0.02408116206162525,0.023035207248874423,0.010219045756123535,0.12581342883040114,0.008130148216139998,0.014043268814032395,-0.02858692519175121,0.026459481713129174,0.019259316502217017,0.06388523679844949
2024-05-02,-0.03883491549912932,0.01913579902333029,-0.01128966381592611,0.017418525566882614,0.00046539593288841274,0.011264654255784379,0.014400050137790554,0.024633329902458367,-0.005660389651285791,0.0014652336964511292,0.019720673172883174,0.00984004867638033,0.0076304811579417375,0.025408227733112687,0.01670787817849506,0.025165534207682416,0.022398759540346536,0.02312136497804751,0.05397015425503793,0.021350279381771253,0.023710007162627722,0.041748388113610924,0.015988227783129805,-0.017156788267935763
2024-05-03,-0.010101000370632551,0.02142684617666646,0.059222102891582695,0.010216288370529014,0.005813958318851231,0.02126588274894048,0.004731898158711667,0.01631372122303265,0.018162346027118526,0.009509936114114437,0.004834904411907814,0.02801448411667229,0.00959205310440625,0.019469052007046406,0.010346879835844591,0.011125675028891724,0.01484095024858667,0.020715656252309644,0.02707480859436262,0.015819028694771475,0.007629385759622576,0.007800064657346839,0.011444893673159928,0.05860340231022243
2024-05-06,0.02721085787382216,0.0015138654087765158,-0.06559478001631025,0.03138576315314068,0.003468357808894318,0.009915629263983483,-0.012244993152100592,-0.0008448439244442829,0.0117144442393462,0.008695622131028369,-0.0016039346465647197,-0.007108861392201793,0.0072007324340988,0.0052084759251183055,0.014457856777094769,0.011003256374212844,-0.007660034199959753,-0.014760133317333168,0.0063036503262823285,-0.0011124162485957045,0.062466347088037555,-0.008540311805206424,0.0003537500469361632,0.10482925410085575
2024-05-07,-0.036423806553163685,-0.0017275660171770513,-0.026397993273280518,0.01231398373369852,-0.0011522757354309743,-0.014236483059911542,0.008582394311021257,-0.0016909375864382348,0.0007893844645829873,-0.00502877306463656,-0.0032128591591478184,-0.009546616561718069,0.010525246432627311,-0.01584535959716349,-0.013657843022313876,-0.007042204666940499,-0.0035087851172350693,-0.05243449472050199,-0.011958945948714272,-0.007238185731294089,0.008398970657329752,0.00349947904792125,-0.0021210180242631216,-0.01918979775902807
2024-05-08,0.037800650120745516,0.009517710122928902,0.001204839248477585,-0.027639020102806056,-0.0039215061440592835,0.00747002719858747,0.003151595448235067,0.006211084351635421,0.011832910456994528,0.014440457539461882,0.014504467025897805,0.022032018002674292,-0.011496494129294321,-0.010733273828920087,0.015653037823420313,0.004513143804669717,0.003521140041006676,0.06521737696399654,-0.1095101170276539,0.004486868213265938,-0.0002540320721597933,0.007778816120585619,0.005313522462255138,0.014130447514792088
2024-05-09,-0.04966890606450025,-0.001071357169245002,-0.010631747197379138,0.01912491931090199,0.000463240288133715,-0.008403293009106139,0.0021992415810669907,0.012729782916574228,0.004417798667813555,-0.0021352059820712865,0.007942830710477411,0.0023950517300648233,0.05745525712690491,0.03435807325928697,0.0017783003737974479,0.0070602849506675724,0.007719163254484185,-0.08719847900443478,0.010355977306624853,0.009491919475901556,-0.023119840253037927,0.012243708125716957,0.006342511214032953,-0.07717044725792566
2024-05-10,0.0452962089284521,-0.0036464524725420278,-0.009529674934406818,-0.01695239730947551,0.002314669537506253,0.012960991804216393,-0.0031349234486962585,-0.0058658938063020916,0.003363451418770147,0.002852984885692189,-0.003152015462396296,0.003584147859152731,0.0067682011589824675,-0.01398611661863125,0.003550407212552509,0.0019121453021935242,0.014623985229067715,0.02642278707825585,-0.01921840125936336,-0.007743161306800861,-0.008972764280849144,-0.0023663786481317173,-0.004901917084877749,-0.03484311835342413
2024-05-13,-0.009999990463256836,0.0047362291133612455,0.013715413615090988,0.00633085359492136,-0.0013855945290559557,-0.004921268934674039,-0.0018866833797692717,-0.021354289205477772,-0.014956032354336513,-0.007112315596712104,-0.007905236992058362,-0.004761837778716527,0.011858116625163229,0.0,0.010613120939046539,-0.008905902720289571,0.0034317890817137098,0.04752470535713771,0.03657736450646043,-0.0005574480979605445,-0.014171342356842254,-0.007643709729562742,-0.0024631049558170304,0.030084234341293925
2024-05-14,0.0033670001235441838,0.0032140715077351167,0.03286386287067322,0.013469664809582005,-0.0020813674010972116,0.008902177125015953,-0.000945311072710231,0.013781277187594698,0.007068001980951477,0.008595813847158462,-0.00956169472499524,-0.007177055493325146,-0.028790280220606812,0.001773144753336675,-0.0029170668872343652,0.012837024886744874,-0.0034200521839699016,-0.041587862339905746,0.05545054321277432,0.01003908899971706,-0.0031944332297002553,0.01195216693092549,0.008818336614460076,0.02920560604495792
2024-05-15,-0.01677850738129516,-0.0012816464116591764,0.0013833513588448199,-0.01009175495426895,0.012746170321026318,0.002450984699929437,0.003153645622168355,0.0011327783967920446,0.013257156285156224,0.012784157532440998,0.015285430207072626,0.014457875964764888,-0.0073158825944551475,0.05486729765523002,0.008777040400954172,0.01774401510937218,0.01647229352289581,0.013806645454467636,0.041791090324743374,0.01104351090846567,0.014821760811615903,0.0068241262183617035,0.008041958826450424,-0.024971652275855405
2024-05-16,-0.006825931901308424,-0.004063185068047148,0.003552388562978903,-0.04129799380444099,-0.004576644696204446,-0.005379044416204182,0.013832133265867741,0.003960416504812159,-0.009748623646512522,-0.006311286217921985,0.008716466159564007,-0.0011876010043011531,0.01713240073335065,0.011744974766641825,0.012181061501068458,-0.0031134016051280744,-0.0006752614451883687,-0.005836524075963356,-0.019484248580091013,0.0038229476121989237,0.017236768821026427,0.00234644138812512,-0.0017342173050245435,-0.0011641709783699605
2024-05-17,-0.02061861836027834,0.010521794040641463,-0.012979343519262443,-0.0028290035347390274,-0.0020689270643894364,0.003933123116054649,0.010852512936663228,0.008734773072320845,-0.0010363610347872143,0.0028228556595173426,0.0007854277981276248,0.010701547164921665,-0.021454774172571023,0.00995025572612529,0.0011459352289298064,0.004372324125631044,0.008108086413441518,-0.015655561960041475,0.028053741970408108,0.0027204052317602034,0.0010348199337644193,0.007542008277681145,0.011466192952502174,-0.01748247317763174
2024-05-20,-0.0035087687010102453,-0.022099502448663766,-0.003586282259991691,-0.006458735322088738,0.0,-0.017139986992250833,-0.011656192691962386,-0.03575429308871303,-0.020746947790631798,-0.014074547880447597,-0.0015697027150141096,-0.01647065779375423,-0.007212232093537718,-0.026272682915495227,-0.02175144461588341,-0.01990055507691435,-0.015415595704079799,0.04174941402593224,0.059692963499268004,-0.014107416099161552,0.009561904477878969,-0.00593691408610586,-0.019580868205637314,0.013048594625757026
2024-05-21,-0.03873235859867963,0.004563220743239782,-0.009598081204114872,-0.0006277922866588792,-0.00023025577319712998,0.001992964881257997,0.006828028599983327,0.012746336827120786,0.007415377426227554,0.009992719442202924,-0.0015724107648082963,0.0011961862021423464,-0.00484308417615209,0.010118051952688667,0.015213576231205339,0.003807109726982727,0.004084466802645403,-0.0057251401300709714,-0.031652369737498076,0.0005502787037727774,0.005119693372277245,0.005193375657555732,0.009460467107254233,0.023419181517389642
2024-05-22,-0.04761908920610103,-0.006272961503787422,-0.0030283511224193926,-0.014164749526494602,0.003456095486505495,-0.021879638860787587,-0.008939488478463042,0.0011442393865070954,-0.011829587099732697,-0.01625427403521551,-0.002362170309632372,-0.007168295718305351,0.02783726562019062,-0.0016695385503335824,-0.001729102251279424,-0.0126422138397293,-0.004067851797022404,-0.009596965521836531,0.011080375146432564,-0.009900926273689992,0.022666558904153256,-0.021441250679596124,-0.012842863132943028,-0.017162428198906343
2024-05-23,0.023076993614966845,-0.010448444133439594,-0.02632654557302272,-0.021542026925777225,-0.006199837333798364,-0.023821836637120564,-0.023017243719782754,-0.02114303478214652,-0.020484427374743208,-0.024425385884819573,-0.03393847754141677,-0.01925419420759189,-0.012405280090177162,-0.04180596868651287,-0.012124914638620754,-0.04161336075789812,-0.02586782573418911,0.03294575219400553,-0.0032876419694456427,-0.026666721494628565,-0.02652222838567264,-0.018743457357528248,-0.030590664017562275,-0.02677537739523239
2024-05-24,-0.09022556458369202,0.008358932089989057,0.014558982093460182,0.011092201153283687,0.012014860246090109,-0.0015914725454235779,0.010824516668666684,0.012551225803415056,0.011678650029459225,0.011782142635443638,0.0,0.0,-0.02502637441211264,-0.010471120728458794,0.01344255796709204,0.002004112158441984,0.005590503622344256,-0.05253278367338177,0.016492535912731254,0.007420082549415952,0.006523397923583252,0.014527748180061195,0.005440722879010762,-0.005980770228933174
2024-05-28,0.024793364003288243,0.0037086744926200232,0.09532608652632168,0.009204414380374004,-0.0050227879287055854,-0.0026568656378490596,-0.008188875600283363,-0.020178649139892424,-0.015302014438984712,-0.005822396313806322,-0.017973816371778084,0.0,0.03166798988039754,-0.01058201846508211,-0.01672433470365786,-0.012000008995968758,-0.009728974460080142,0.013861325184233886,-0.0016225358040495852,-0.024929211932258277,-0.018680878417710822,-0.003977823263988434,-0.018037580426970456,-0.06016852606371115
2024-05-29,0.0,-0.006302868887549273,-0.03930375381607931,-0.015152795541965691,-0.01330893289432944,-0.023441598639590833,-0.01492538527477616,-0.017358188276123676,-0.011450625233044853,-0.013909231677176392,-0.01913494787112724,-0.018404744845770593,-0.035843680472234074,-0.03386811819150681,-0.005865048599785427,-0.03171386671596366,-0.018947384965258607,0.005859416109161408,-0.019501555842748486,-0.013945350916512722,-0.009712367107073683,-0.03141617324162049,-0.019838329734247595,-0.05633803590834152
2024-05-30,0.024193525128260562,0.007436377990294618,0.0011688777159735153,0.01887705822684671,0.004651240507740795,0.03273320518088907,0.015473881671370204,0.025149895815665957,0.013513767246207564,0.01410542733386877,0.023749086686555065,0.012500016124226132,0.023630605142094252,0.03321035798451355,0.0047196724332549955,0.01951209052332281,0.010729584586621543,-0.040776705681204506,0.022099425972376352,0.017089011825066613,0.022100082663751408,0.023639302188187994,0.020239854644457544,0.016282209962338312
2024-05-31,-0.04330704596372359,0.016717511291778786,-0.025102195545949946,0.007057945014137035,0.00462970662873019,0.0184892240165333,0.0015872722979513032,0.014602834005142729,0.018231205208377066,0.019033646367412782,0.012427493909534792,0.006172656268512933,0.02714186797764806,0.012500009428276782,0.0017617119445640927,0.02870822758354974,0.023354570901134686,0.04251012868715054,0.03783787907780822,0.006952446310744653,-0.0008957099737039176,0.022556060677375367,0.013960351173021524,-0.03204269405235716
2024-06-03,0.05761311219732734,-0.007046781033703264,-0.01497012646187501,-0.008190186263365207,0.0025344029491234377,-0.020228251638668593,-0.019334333423824845,-0.013817219891758437,-0.01523249826428752,-0.017959799694433065,-0.02454989415892983,-0.012269829897180395,0.03977810327821474,-0.008818441839684499,-0.007620283431365449,-0.037873748059896184,-0.022129976667221607,-0.03106802355075533,-0.0005208452335657698,-0.020138039184881995,0.004353978548340631,-0.019432603160608686,-0.02173908641418476,-0.042758612797178075
2024-06-04,-0.0077820939478694395,-0.010752653028927583,-0.025734463210068448,-0.002054189529827055,-0.010342531641689301,-0.032821627219304594,-0.01939239604459264,-0.020140011271699176,-0.018453291131726224,-0.013899131689224742,-0.021812047276980162,-0.011180190549345714,-0.02631813367772906,-0.03914575267766107,-0.010041242656759097,-0.026933686006780144,-0.019802109748605412,-0.02805608675493476,0.007816551034694363,-0.017616038772996556,-0.008542586949342623,-0.020889063130779317,-0.016296303451665994,0.06772331214935035
2024-06-05,-0.01960782480441492,-0.0028262567222169244,0.0006239862523924611,0.01813465676471826,0.0009289704081856254,0.02134639555966511,0.018457452933059892,0.012511298853389974,0.005806041093926906,-0.003709054836321668,0.01372207194333086,-0.0037687587974275516,0.004922893937104655,-0.0018519508940177953,0.01073976926902942,0.00922625108802011,0.0,0.00206190290277819,0.02585315388082332,0.004781880323582399,0.028163470707679883,0.022702264109519366,0.007906633577661193,-0.03643724513986446
2024-06-06,-0.056000041961669966,0.003924222263666177,0.006235636950258083,-0.018822525677288815,-0.00023200403036771622,0.012325933882060047,0.014239487607233814,-0.0014711166643388562,-0.007421597123360102,-0.0037230142086217555,-0.0016920514596647784,0.010088324813777083,0.0013863933182329813,0.012987121120398681,0.0005903971084662007,0.004922636428199789,0.007215175813001684,-0.012345666899427288,-0.027217787871685384,0.0029744823077990645,0.0471545188101663,-0.006953710220655385,0.0082180036145576,-0.005602235658404231
2024-06-07,0.08050850240090557,0.0043430392172785215,-0.004131412912474541,-0.01151840342463939,0.0,0.0021175066581056168,-0.004786190342368268,-0.012080186739293008,0.000553912165037973,0.001494725246148132,0.004237427844874242,-0.003745361778835221,0.035351688762381706,0.0,0.0,0.007697709315541701,-0.005014359276198421,-0.033333399560713795,-0.025388590180731696,-0.007117513234897843,-0.014094724990758034,-0.005434580898725394,-0.0067592689737175915,-0.050704244838019386
2024-06-10,0.04705887302807965,-0.014270131838571398,-0.023231642562235977,-0.011235751343954825,0.00023205786872848577,-0.008980305235220976,-0.03494703452801584,-0.015806644462808883,-0.01411565839473361,-0.06119408634589074,-0.021097137438959468,-0.006265672425028068,-0.013461661152580628,0.0,0.003539814119098761,-0.006944403033072977,-0.0028797383761506312,-0.03017238588664739,-0.05209992397983465,-0.015531642423654013,0.022292178877640456,-0.017486384590472803,-0.01890346965643186,-0.01632042439357495
2024-06-11,-0.018726662661472826,-0.005922396785057238,-0.013591025766737874,-0.008053416218201992,-0.0013920241822065194,-0.015458552779703094,-0.010299061278874588,0.011515138250120405,-0.009545250763298818,-0.01828298816612184,0.0025861691271198417,-0.005044129873770231,0.016085294780324944,-0.010989018427493114,-0.012933615567242596,0.009090904541713574,-0.0036101920640739804,0.028888914320204018,0.0016825960052653244,-0.007888340089411972,-0.013984196881202338,-0.0033371611086184805,0.010404505449930435,-0.006033176645940386
2024-06-12,0.007633671839197387,0.04368915717321564,0.037244384200140424,0.022549967336184196,0.010687707655903766,0.035733522856888245,0.034911073925380176,0.035949685800439335,0.02182521330893361,0.007287363395305668,0.0292348081529481,0.01901149735430252,0.03157235276843062,0.04629623020783091,0.013698757480151924,0.03880804681043859,0.023913049920976315,0.030237551409326713,0.045912635319225625,0.030580925540041326,-0.012980841007621757,0.05468754091539729,0.02326480417789556,-0.047040961396306535
2024-06-13,0.030303000199675578,-0.023044206082540764,-0.015981682745411008,-0.012595605296174983,-0.0064368343481314705,-0.025614272819171835,-0.009082112241534879,-0.02284560664423274,-0.012205010381489023,-0.008038436670197324,-0.017543858156373493,-0.018656803582356885,-0.02146734985454557,-0.017699128275880605,-0.003525314846386407,-0.026017263597340246,-0.018400608603072244,-0.02515720881319028,-0.02462532035900633,-0.011275811268380176,-0.0026789490541022642,-0.021693075631367242,-0.016399590984579104,0.0063694204644377805
2024-06-14,-0.04044122513138659,-0.012335154359063405,0.0010547023333422612,-0.0084410596266431,-0.00856077444479142,-0.012875331011072189,-0.0173485726108612,-0.009470191251818805,-0.01095209834330424,0.0024310894689096862,-0.015306158240281587,-0.013941729848566786,0.0009691683731414269,-0.03243236198320876,-0.010613359974647851,-0.01095900539653083,-0.01586164680383184,-0.012903213236342914,-0.042810033407913894,-0.011550155089124381,0.009890164728445061,-0.018658676832797205,-0.010231109100332425,-0.03481016788817204
2024-06-17,-0.003831414124593202,0.025416390270746714,0.037926652702403585,0.025199078531730423,-0.007992428060273116,0.022826083654117868,0.019986765583059896,0.01822527121260431,0.01220885064749666,0.014326790430567948,0.016407594296326877,0.017994869693695126,0.04313001936057059,0.03165727914682592,0.018474531698073227,0.01246538425678434,0.016117293622708972,-0.008714588349299945,0.007454080090922854,0.00922505205334545,0.006891435904103904,0.027004645761765866,0.017228111185687567,-0.00327868544904808
2024-06-18,-0.049999954150271586,0.013247858281141944,0.0026389780818663056,-0.0007868899035996524,-0.003554713593181824,-0.009564496265976108,-0.007838203420200474,0.017605424894341137,0.009256747036978652,0.005649627529958456,-0.0016992393876715806,0.005050433650499508,0.009281904094952331,0.0036099204479433933,-0.01813941450972878,0.014363931767793048,0.007930858505393656,-0.010989052448102776,-0.03016498511681831,0.006093921999876795,0.019212278768428126,-0.0032197564116260846,-0.0003763372713718738,-0.13486837255162154
2024-06-20,0.0,-0.015183556495659944,-0.020651924734628513,0.005450335384092009,0.0009514302005237951,-0.008583516981534478,0.0032917733036699204,-0.013840584294791958,-0.0016675166788057139,0.004815470863860805,0.0034040900742065006,-0.00879387856236058,0.00785889504731685,-0.0017983729368518109,0.010727211734308462,-0.0020228935912199875,-0.004291833834648595,-0.03333335452609587,0.009976417829320905,-0.0012115005804197443,-0.0189679529465836,-0.002153437819644166,-0.004518131929267755,-0.026616033694073615
2024-06-21,0.02024289544013369,-0.006423842948215963,-0.00020680382075666248,0.007461291953334337,-0.001187876413663802,-0.0027057474445251195,-0.008530271445171822,-0.02105265096633191,0.0038975581044804475,0.00878589424363141,-0.003392541557165507,0.00633714398606644,-0.0369141805473544,-0.009009015865381165,-0.0011793418979391124,-0.0006756646614534123,-0.011494268151041598,0.00919539373102718,-0.0005809600270242354,-0.0036384793879415955,-0.009366936379514024,-0.005934949548619506,-0.008320746389180789,0.007812492724042164
2024-06-24,-0.007936500427734305,0.021336170134274912,0.010752696220861946,0.003334775372485277,0.04257836986114283,0.03147058939176817,0.008272645079845597,0.03614088651797753,0.016084161238658412,0.027711595981335657,0.010212790301567853,0.010075553982935803,0.003014629446348449,0.01090890729300753,0.02125154374963434,0.007437336421383334,0.029796383617699984,-0.009111608899671664,0.019767449855030428,0.03225803063608734,-0.04582379087954169,0.013297406269910494,0.014874164156845948,-0.1201550201343572
2024-06-25,-0.011999988555908225,-0.014138003816077882,-0.00777408321303763,-0.0004894187540910311,-0.0018253125289124927,-0.023671818227760766,-0.015425021787110138,-0.006053649215550183,-0.01992353004235814,-0.0177194124357547,-0.01516440128183616,-0.012468844455398753,-0.013653897634684498,-0.008992529411820605,0.006936398846683067,-0.007382430799916739,-0.008468573703811488,-0.006896490489400442,-0.021664826013711114,-0.0159197781841367,0.02312297923758888,-0.019817835699184716,-0.0071401971818360055,0.05726877336265779
2024-06-26,-0.04048588740600689,0.01562514311776786,0.02536081015666425,0.013913271504595537,0.0034287757743682867,0.01400868331986671,0.02333342966055163,0.01566142177391172,0.0005569971916796757,-0.003137295078425306,0.011120687086495051,0.02777777596810016,0.022113885617535356,0.02540826967746912,-0.0011482579247018565,0.012846308364207637,0.017081944555240147,-0.013888875091517927,0.024475529139196706,0.008987256695102142,-0.005464082276890658,0.01912551491519121,0.011733542895763227,0.018749931703013978
2024-06-27,0.0042195060610632495,0.012855494821752966,0.009450973740977586,-0.002173011211802023,0.02437346803480711,0.013815041225973435,0.01563510836682669,0.021987307227719022,-0.0022266363517922105,0.005507545181636875,0.0067681196721640635,0.008599545510729945,0.011243608838737984,0.02477887303463988,0.0011495779366776926,0.0153539672513483,0.011896421628824205,0.0023473595087817323,0.011376607725109178,0.01425191433999129,0.0027470512525078483,0.02225196560046605,0.012719793813361635,-0.05725966065770571
2024-06-28,-0.0714286000502482,0.03287554615950161,0.015537940507187376,0.03782863917586288,0.0673782302452115,0.04245286499569412,0.031007727444925637,0.02933778005505916,0.027887481423422456,0.03129899089293087,0.03949593914268634,0.059683315635570944,0.0002526851329887059,0.0621760231138202,0.022962016726306045,0.04470750868491957,0.024204727217677968,-0.021077319201383782,0.0016872203677362752,0.02927407566592022,0.008467143903328145,0.03776564574283392,0.031030771310771366,0.11496740078555034
2024-07-01,0.0045248824844552615,-0.008460814220129897,-0.02353876149170364,0.004935062686502789,-0.034166620484684995,-0.003016724709296703,-0.0084585443679015,-0.012757848796187021,-0.006029312971424394,-0.0015176219484249742,0.009700912011866736,-0.017241401806292966,-0.03258949681332235,-0.02439026274777556,0.0016834976620425657,-0.025802548814798265,0.0054017628071518775,-0.028708107772046687,-0.005614844720290724,-0.0062571481890022485,-0.013828904279075127,-0.014657507881522758,-0.006449276470561149,0.07976660212047815
2024-07-02,0.022522500753112684,0.0022348418705555595,-0.01727604053085674,0.010208479169312001,-0.0010785517722277094,0.0,0.029383864576926433,0.00769869267243295,0.01957546386414255,0.0037993648543450664,0.009607626933027191,0.008187109163829254,0.023067562580395773,0.019999927842251797,0.0039218620986709585,0.017441842419830378,0.020819328707934792,-0.06403940742059633,0.023715420553702016,0.00915860269283586,0.014273262618700988,0.014875546318934507,0.012982279249218465,0.025225200301670414
2024-07-03,0.0,-0.019460914846792465,-0.01185598740930316,-0.006698564593301426,-0.01317206234068169,-0.0136156070525969,-0.013505231490716918,-0.015006939456294499,-0.005408321533587945,-0.012868977013086647,-0.022997635347233758,-0.025522100232446276,0.003828848654050976,-0.03758164549699905,0.008928396706225694,-0.01333324765742927,-0.026315824877386595,-0.04473680000225866,0.014340884772045426,-0.018718207219692418,0.006542522588257826,-0.028557065434326234,-0.01886802192810988,0.01757467550561298
2024-07-05,0.008810564358837869,-0.0206739892988278,-0.004757942197280207,0.00493255791636571,-0.02494531299112568,-0.021983765958136003,-0.008089588533072956,-0.007756157221169957,-0.020935289650936384,-0.015337312797648384,-0.022203864087081415,-0.02142839285548659,0.0031360832908957637,-0.023769029705213995,-0.027808767968658277,-0.01222644513114679,-0.017567476698923445,-0.10743804204101015,0.007612903841414775,-0.014450902663615484,0.013980736376637104,-0.01795010238070327,-0.016327950708241112,-0.015544067906882564
2024-07-08,-0.00873361627060032,0.009288742797507465,-0.008522020444689415,0.0011887321115302552,-0.0033662711359252473,0.023000569302269236,-0.0006273699354973905,0.012283620459937916,0.0061095719322610265,0.011682079486759589,0.016820827785305692,0.020681252988670185,0.03058726483527252,0.01913054065876918,0.02917632335726128,0.009771894124882774,-0.0013755343347139348,0.03703700160674983,0.0010792525458163116,0.004692165285383076,0.013062384670542881,0.018013508068120743,0.009959386801727588,0.03684211318842956
2024-07-09,-0.026431693076513496,0.019242776440654863,0.0029348240547470983,0.0034088423950402458,-0.007881103622496388,0.030148147074484877,0.0034526086553905433,0.008273540097716747,-0.0005521930321497059,-0.0015395885947832033,0.01488833623104524,0.014302783726252377,-0.014101838185528903,0.025597015470004925,0.0011117771963538026,0.020645156099194706,0.015151451135807292,0.04166669918904331,-0.04312664528105481,0.02159963260892117,-0.04763609160358517,0.014571882936515568,0.010226453992108642,0.005076177763606138
2024-07-10,0.06334835478237455,0.0287297904343351,0.004389648363195331,0.017214974650421766,0.004993070844111935,0.030257943843839508,0.0381607309167431,0.020787838913803425,0.017674871988995422,0.007710044613808531,0.028524745800926565,0.018801202276766293,0.022869022869022926,0.001664070674246343,0.006107760008202012,0.020227490448535113,0.015603845349400514,-0.008571420397077256,0.005070431131712239,0.022857195889157023,0.010028873648428194,0.019748603666674525,0.026391925341140876,0.05555554217628633
2024-07-11,0.06808514566969959,0.04348688406332446,0.08054113690145837,0.05124019392731216,0.037262958612574115,0.03659146495551746,0.056041056793682875,0.038317220796385554,0.03826298083397606,0.02983940434162169,0.060221898198615564,0.0449826907248827,0.04252029046779726,0.06312279246776309,0.039735047765915965,0.055142562550499985,0.02939212399941349,0.0,0.06165921368056493,0.05418988558903637,-0.006081627931565192,0.045523161847017546,0.04156396532185358,0.062200935832852355
2024-07-12,0.1035856539645923,0.011087707280001746,0.006163380240664651,0.029413414749856592,0.005878603415980566,-0.0041803020061198515,0.001711831755986104,0.002838732162288027,0.005750175323574469,0.005943612484563099,0.014947733196854163,0.011037429281199662,-0.017546537047277266,-0.014062511601200867,0.014331192301572981,-0.010569471810339848,0.007138223451044645,-0.048991376049651536,0.034846875860711224,-0.003179786729651357,0.007617227822230621,0.0,0.001352832297073503,-0.06606607617137272
2024-07-15,0.16245489197916863,0.03951596999278317,0.056087124937278965,0.014199771423733853,0.037662273742692154,0.04011197615233986,0.025633707381820248,0.03911483431969165,0.017671597525478644,0.014032378941480905,0.038291628087253615,0.03930143696882271,-0.0016669845076300316,0.03328070232689284,0.03349030143064535,0.03323430366392799,0.026417474309434086,-0.024242401473340114,0.016836730473640316,0.044657185593681925,-0.010782054770847926,0.03391868653389829,0.03917589201343619,0.011254047270509604
2024-07-16,0.0,0.06365967362067426,0.07812219772298001,0.04470384709491926,0.028368866036161622,0.05246608675758724,0.05248537949740517,0.04507184008604104,0.02706844951131515,0.03933000172254264,0.056028317269717354,0.046218486484048915,0.0566907644408452,0.05521467871721408,0.04708841436653333,0.04939703728634659,0.043314506697559985,0.01863352243677996,0.017059716376401246,0.04376582133971341,-0.00225485244064505,0.0614238977796564,0.04224889081934813,0.04292527544737412
2024-07-17,-0.021739109509576693,0.013850789661879581,0.003866895851113661,-0.006807241321933333,0.023935021978100268,0.009799915416215166,0.02480212727121045,0.013033177713498878,0.019393358349790724,0.011912975826360972,0.012088649828693843,0.02510033284550528,-0.03739649224649111,0.02034877452197348,0.009187828050553959,0.02298846587226966,0.009025246433639111,-0.012195110427418387,0.0029600130531521884,0.03754259590245912,-0.05198394258388994,0.0013152161952276753,0.0314935723069063,0.0030487776068546246
2024-07-18,-0.07619047691131842,-0.013492997309036414,-0.024953936515684116,-0.03001899888267301,-0.0033676105609803386,-0.009704809107828005,-0.016220412566346765,-0.037660862945409046,-0.018780582017943748,-0.009695207844239606,-0.021897809732072337,-0.018608970956198845,-0.037051495759105046,-0.038461642600296164,-0.014854021324512079,-0.021936835251560205,-0.02206307175625566,-0.009259250401687513,-0.019675337925793568,-0.025845643553815134,0.015893890712783687,-0.022985964362877143,-0.025997565494928376,0.018237064886088117
2024-07-19,0.010309268214748757,-0.005642071635998391,0.01013400852860058,-0.01070098007910636,-0.02603859459972635,-0.007243082046800575,-0.0015701594941245345,0.008750463031342859,0.01889154715935648,0.039160850819519144,-0.0033921756470309816,0.004989923035244148,-0.007224607289635809,0.004444526488309286,-0.00437742723325063,-0.047593115408817055,-0.002439057119585031,-0.028037430379547534,-0.031610690339609504,0.0009646308548685312,-0.020338795336313886,-0.0011202361775347613,0.002482941543147099,-0.10895522982911154
2024-07-22,0.06462586854508068,0.017022118163784183,0.027206213201055096,-0.02298991263640382,-0.003265285901114745,0.018883889511811525,0.017562098220938793,0.020963857616128623,-0.003171524714301932,0.010094274527272518,0.024506535974995636,0.009930499619807742,0.010057201118944592,0.042772816792056245,0.03273087803576713,0.003446239381992733,0.012836031121604918,-0.0032051252660429963,0.007253953499036125,0.022168748489630685,0.01184442746548009,0.018842400067438314,0.015479901413935737,0.04020104797149715
2024-07-23,-0.07667731653729093,0.016906183154926646,0.0670418991978925,-0.017169195264562398,0.0018426193597518292,0.009267210365335066,0.02189605918509807,0.029030035113828845,0.009789315130656284,0.003997252589578393,0.02126243526003435,0.02949846191686678,0.022342768262805457,0.050919419480979444,0.06386000471436515,0.04121366248025837,0.02474352577788519,0.006430938913094986,0.018518451291821503,0.013672713447886675,-0.007365480299324378,0.03324526909330294,0.022256053613830762,0.02576487060052446
2024-07-24,-0.041522532741098295,-0.02726525922658063,-0.011014691413427702,-0.015180485164377089,-0.01062736231283623,-0.024207047824318484,-0.008318587387728615,-0.007798192043794505,-0.0067861280975946014,-0.0099535448506759,-0.01821732784531982,-0.02196753643243754,-0.0034048642177412214,-0.04037681110604441,-0.019119636612713875,-0.023089570561525274,-0.013545273502764799,-0.006389846202502492,-0.01666666345564194,-0.01860460241326989,-0.022657957760701786,-0.020456053999407753,-0.006263085148087377,-0.00941914346271211
2024-07-25,0.04332134469456683,0.026662210000567343,0.004862865612413891,0.04203123233872419,0.003511771668007313,0.03464511590865027,0.12226743012736274,0.04253357480811171,0.020741820339704953,0.009383498344517127,0.08018550893479715,0.04589841978539466,-0.011044012258920266,-0.007012701964794643,0.03445144728993177,0.033764680664869484,0.019701439087318473,-0.025723449004679044,0.00975863075286787,0.03364929306667608,-0.06887209565731811,0.04307177502698312,0.028811661474194672,0.11251981689150692
2024-07-26,0.055363266991097504,0.022140727006800143,0.07274432005509213,-0.0015158558156742608,0.004322699008667996,0.11575012541455698,-0.02174421103708346,-0.006430155313870367,0.010518751639129187,0.00464793387506246,0.004294622606553888,-0.004668444203945077,0.028601249487266944,0.011299444297326655,0.009202591368036694,0.011431607629367235,0.004110588396806669,0.06270629010379558,0.03306203578713829,0.0041265387488056415,0.020384590836222127,-0.006882269982240619,-0.04375730129398825,0.031339001536950795
2024-07-29,0.0,-0.03078180311042289,-0.010622892128854589,-0.010505042328721403,-0.004509092859365849,-0.03223405827936765,-0.03125726469105117,-0.007810750190754057,-0.0066238853036419965,-0.007270218619664814,-0.029321865950657333,-0.008442729603900467,-0.011325446864541067,-0.026536186892602287,-0.02257917833183143,-0.035522042337794546,-0.009356712927108157,-0.0372671189165964,-0.03348105972706039,-0.028767062842132818,-0.01826504800112616,-0.016379716364016916,-0.019219023662134016,-0.0013811812653045097
2024-07-30,0.013114741796192542,0.0033608632584507525,-0.0020590551157811943,0.024425150179492094,0.009676735703562755,0.005359956453227399,0.0,0.013945083518151158,0.006429878413735324,0.008654969980209204,0.014474362214597525,-0.006622544358247939,0.003792034449325632,0.03012906961056716,0.012882917775802749,0.01729905506266305,0.008264279969664168,0.025806504705075506,0.0005094360320616609,0.008462605104898824,-0.03154071560351779,-0.0019214399135658589,-0.00031114665419196275,0.027662490835064446
2024-07-31,0.07443366519811612,-0.00820632965561463,-0.00221079248973155,-0.010311745912864767,-0.005709669826615693,-0.003808083863944378,-0.0009559559788911987,-0.006654897177502339,0.0018931348727619923,-0.013201225862120247,-0.009305148363591864,-0.014285634256902768,-0.0006295781772172049,0.002785443833366097,-0.0008770545466922908,-0.003291224959027894,-0.009367557157788031,-0.03773588725110655,0.022403286544373735,0.0037295746963603715,0.0421732056005788,-0.004705895216948863,-0.008089662019937216,0.03903095135304624
2024-08-01,0.021084389478587928,-0.04474840717057227,-0.0503692125070625,-0.1489128756889413,-0.023995132598384594,-0.05313453300630855,-0.04186604203285316,-0.009155954976438174,-0.03802557003541218,-0.03879594709172107,-0.053851070961528524,-0.02318857312869005,-0.005748963125174922,-0.03611099357774028,-0.03380163910707912,-0.04898171966507381,-0.04255325253506448,-0.01960782480441492,-0.006474061815763599,-0.046446741048890794,-0.0659561675169229,-0.04921552336779078,-0.04046421781408571,-0.0544040946724379
2024-08-02,-0.026548716755993906,-0.029874451163492743,-0.043863829298446344,-0.018945859039340873,-0.023324210030509995,-0.0363342937920309,-0.021722838025908908,-0.0362857365944147,-0.02897118483856087,-0.04314550432515318,-0.028457931129184044,-0.025717004044409242,-0.002772265141553265,-0.021613923730429918,-0.02589726014600291,-0.0422456271372702,-0.02839508762550791,-0.026666641235351562,-0.022556428357406677,-0.03214817015213822,-0.036386134714520124,-0.03390587872932804,-0.004903478048383203,-0.0821918309305314
2024-08-05,-0.060606075931405656,-0.027514605968606887,-0.02244993718121535,-0.011978667829677048,-0.04539580403263521,-0.02806881955467655,-0.0160796536474882,-0.051215948258548916,-0.008091112848011783,-0.03418189219950474,-0.038828405466619365,-0.03451774703322108,-0.04940429821539438,-0.048600843684998396,-0.032182923527066754,-0.028746030598901684,-0.04383733651660138,-0.13356167627199578,-0.07282051673302281,-0.030699437172217237,-0.06159990014143424,-0.031352445153590924,-0.0055848248743197715,-0.07313429627872003
2024-08-06,0.03225811165403902,-0.0018907314442704326,0.007322277815893896,-0.007379762753445318,-0.005183695079393202,0.0012932500486608767,-0.006744319484603523,0.006901583626570673,0.003568641591605637,0.009789207462511218,-0.0007085985145364182,0.00630900415265101,0.03342245980782321,-0.024767820076302627,0.00963868413702662,-0.00881609215212309,0.007308864607078025,0.0790514031404721,0.047566405640519394,0.006230269854683224,-0.019437363182713274,0.000241546546135174,-0.007928612262779078,0.04830920916135484
2024-08-07,-0.05625002002343504,0.004925168964828641,-0.02461575386718029,-0.02608492271358498,-0.0009062912199120365,-0.006026777796059313,-0.002350471305212043,-0.013708556504029246,-0.008889879186405047,-0.011931398381015201,0.0049645624181755554,0.001044998220774973,-0.015281366308092958,-0.009523732900353354,-0.010024014605437115,-0.004447285553678126,0.005936765065381211,-0.054945089494299326,0.02745504412631794,-0.0020638630588835083,0.015475610778254989,-0.004588276094325439,-0.007991977554017704,-0.05069130398477639
2024-08-08,0.02649004112957365,0.01526865267980293,0.016598884764771782,0.010120209267961533,0.006802769112894014,0.016024245389337333,0.04528779755100443,0.011417134446318311,0.016401820893285457,0.018113213538207606,0.017642858587051613,0.004232720565146897,0.24271290718267502,0.0048076955620282025,0.012054140362635968,0.010848825955460883,0.012458969885315696,-0.015503861641813277,0.03186027072982256,0.00568783371476167,0.046804731170106306,0.018680206094874086,0.009734864375195329,0.06634309638152347
2024-08-09,0.012903290807148471,-0.004641663189668965,0.005664792542352748,-0.00852894903242285,-0.003378224550881437,-0.012787672547044382,-0.02128718105657257,-0.01285864150585636,-0.0002520674104298237,0.008895443893744082,-0.015950045369191423,0.001053773671426228,0.0089857981863668,-0.025518442706468525,0.002858436608809356,-0.011363716784763223,-0.009067284366191197,-0.003937004178520276,-0.16533863084853362,0.0,-0.01138434742188188,-0.009287856205287492,-0.015292538925931853,0.0
2024-08-12,0.015923551161094673,-0.005595866935014349,-0.012259844302069722,-0.032993584516173624,-0.007909599387558863,-0.009067401170324674,-0.004350196418657304,-0.017534867212293248,-0.01841119461482066,-0.01689926198349445,-0.011980314174106388,-0.008420993754198358,-0.03038438337798255,-0.003333382012664532,-0.0028502892377065825,-0.00702420127836223,-0.000653625712594863,0.04743087957892067,-0.07517901024312212,-0.016452626066745468,0.01568773697550463,-0.0016827928312967977,-0.00911549586030358,-0.007587282181659494
2024-08-13,-0.03134800666376181,0.010691985497684797,0.02616573534849498,0.01227397297933508,0.008428058398367355,0.02135089633960785,0.0172193753772949,0.01529821287971922,0.012846898178968669,0.007473787502855211,0.01854498316403186,0.013800421875270086,0.013507124340317977,0.01672247965016771,0.013339690963473982,0.024437291976893594,0.020928623489756104,-0.06792455104883477,0.1258065008348035,0.013591379080533761,0.04682872960345197,0.0009632580103458022,0.006814167679252803,-0.016819592378596426
2024-08-14,0.00323624295826086,-0.0033407248817616253,-0.0017980048188290798,-0.011746904534665648,-0.0020329225382360594,-0.0046929516951652595,-0.011622006451760258,-0.008789659667165717,0.007356585046808695,0.0,-0.00910366428119036,-0.006282811469395244,-0.013793611136078687,-0.013157916055841823,-0.005641710578702552,-0.004394241846041869,-0.01281222366336332,0.012145737264080303,-0.003438473963763178,0.0010313990927122152,-0.009260696875904584,-0.009381790932933676,-0.0010151555227522202,-0.029548998801381177
2024-08-15,0.029032308179557154,0.019925470184383398,0.030723553354321087,0.025213825712893323,0.013580811407342797,0.01200180228935488,0.021216729490374897,0.025589105857345862,0.00705111088474375,0.021513406754343656,0.03604240111981083,0.01896749702473044,0.06837834538640197,0.030000006048910954,0.016075492529682878,0.02648175491477356,0.02595720341834329,-0.09600000381469731,0.024151816620761712,0.022153540101381042,0.056400443355517194,0.03254015635443497,0.03523031049262304,0.02083335243738693
2024-08-16,-0.02507842027888252,0.03414270981884315,0.011217843859329779,0.005643406584680211,0.009379217363028047,0.014824092972400615,0.026282723138698394,0.019021724023835507,0.017254414606124868,0.00944078874382881,0.02319238196071116,0.017580059104082446,0.0020238257911757707,0.038835014989301975,0.019543984024348093,0.014742098419488592,0.009487623966524694,0.10619469493340472,0.00786082544610922,0.01512090131307775,-0.042141521168407525,0.014816501956423256,0.013416268964545175,-0.04709571731356077
2024-08-19,0.025723525666604186,0.01341828447600002,0.003169642106769066,0.020809220590639166,0.004424838557606003,0.012520991098728507,0.01975628833881582,0.008000123657010638,0.009586982031040137,0.00935256589127631,0.0033333107708131138,-0.004064960329549949,-0.016283778031427443,0.012460998054092176,0.003194935797670384,0.006053134509603542,0.008771919685465868,0.1760000228881835,-0.012813450685742245,0.012909583422752169,0.01831844286424955,0.013209676390832925,0.01162417414611272,0.060955498368266525
2024-08-20,-0.03134800666376181,-0.02351924369864533,-0.007582891161263983,-0.0083636441970254,-0.005506703718871742,-0.025144357860357847,-0.019851859976550923,-0.014189576884470978,-0.010469987237787692,-0.009265905895842974,-0.016611317206277953,-0.014285950223849597,-0.003913772667540005,-0.021538456875226708,-0.007734274705281652,-0.019855595448501573,-0.014285667764268428,-0.030612296202803035,0.007900750701020698,-0.023039113779651288,-0.004458794296823387,-0.02333025621107654,-0.01819335525428467,-0.034161531843799664
2024-08-21,0.012945048991161556,0.0016056582074328585,-0.004616500533410339,0.01259733036524402,0.0022149130788888804,-0.0021140834658501806,-0.0007319653747722699,0.014881621088662644,0.0009843487759346736,0.0028776626901674263,0.00608108094339932,0.0020706689272258494,0.013204528513737879,0.007861627657577142,0.006418984147928075,0.011663625347503315,0.0031505030857139626,-0.00701753740202038,0.03471438469746846,0.00852981370458239,0.011582943123560119,0.0021077340540183176,-0.006827154313274297,0.05627015969062321
2024-08-22,0.006389770030435393,-0.002493686536641282,0.008156166527126807,-0.003067555256105692,-0.0002210366444442835,0.0033898049322460544,0.0019535603960705306,-0.001201923438138186,0.007866261782084383,0.020086125999317472,0.001343228322620016,-0.0010330898989067139,0.009726629050308633,-0.006240259831124972,0.0077448459300688555,0.008495117444653921,0.002512621043272878,-0.01766782814990553,0.010281414435285408,0.004477703595474836,-0.01068690789644866,0.0,0.008510628341151127,-0.0684931924421095
2024-08-23,0.009523800152860362,0.0562500526390326,0.06234143742988407,0.02773565943115064,0.03890364582902328,0.07075462707050684,0.046795178921284375,0.06570391065094605,0.02731693600410212,0.028832647536103373,0.058350029247628,0.03826259304029578,0.02971731515638787,0.08006286526455653,0.038878902990653996,0.07099876270157135,0.03508773957643685,-0.03237407017825222,0.045527604606119265,0.05497765899758145,-0.011265454066602176,0.048375733007721244,0.05355397112224458,0.07516340633149388
2024-08-26,0.0628930954355813,0.00405735183951772,-0.0071674028917050325,-0.009293721457384607,0.0021275625247141328,0.0028034933428056075,-0.01583252586127415,-0.015808402957999346,-0.004273451251581073,-0.0013670715022353619,0.0031685465724362594,0.0029880394269932165,-0.004157798360634124,-0.0029069436645712265,-0.0026109046761896293,-0.003932543087650009,0.0030265426663407258,-0.08921933250244307,0.018442556073801075,-0.00938969373506049,-0.02668947673318034,0.0037895780017169756,-0.0021564084112826176,-0.004559229987694979
2024-08-27,-0.008875801417927431,-0.0069035004803607025,0.0015038087252687848,-0.006799559778331576,-0.004246174894981469,-0.012380377252293573,-0.01774308571733252,0.0,-0.005483993454401315,-0.0013688743814181947,-0.010107348907955171,-0.0049651957147160974,0.006385513453067704,-0.005830988404306736,-0.011343859640482123,-0.016356530137633274,0.0,-0.03673475544336369,-0.015593535162424454,-0.013270135613777656,-0.004169384718095581,-0.0059960191498704685,-0.011732055495065175,-0.007633616683796363
2024-08-28,-0.0179104311903322,0.011698913106441111,-0.0033036869335391073,0.0009931141676979838,0.0002131762769506107,0.004448220691110949,0.009633801330295011,0.014226789809450802,0.011747789644067641,0.003426979904100236,0.017868495458748468,0.012973947263033248,-0.004941721313505121,-0.005865188248975639,-0.002647775335853586,0.008027554944561865,0.015691049431364457,-0.008474568565903118,-0.02248342058860564,0.01440915895689443,0.0,0.006925845787153273,0.0024992946568356267,0.029230778033916716
2024-08-29,0.009118532443044058,-0.007709087459969899,0.00015067080046149428,-0.0029553213467468087,0.0,0.0064411800799433205,0.0019085433708010413,0.0042985113466331715,-0.00023699012147282428,0.010245895890673484,-0.006896530860437733,-0.0029555566320053073,0.005456771038276909,0.0029500487621794136,0.008849408337303188,0.00853246516595596,0.008912617100257592,0.02564110401662978,-0.04025084078384156,-0.0004734091146778585,0.013526486669616533,0.00355004303310702,0.0,0.038863938687722754
2024-08-30,0.006024090761646228,0.00608006194727051,-0.002109133497704696,-0.01227952481920469,-0.004903017485802019,0.0071999004311604775,0.011428608161486942,-0.006082340287167809,0.011851085756202862,0.012170405728052947,0.011363699827074747,0.005928836857806985,0.008171207348038445,0.0014705714161540318,0.001754462744411489,0.007896252000179516,0.002944780505210076,0.12083331263727692,0.009803937864484302,0.014685037677652168,0.010009582467732203,0.005085134414092085,0.003739404701791571,-0.07913665165349981
2024-09-03,-0.032934101174425634,-0.013093889363052003,-0.020229452241973034,-0.018283923438184302,0.0,-0.020254040341753377,-0.005414439204585286,-0.019719027984516524,-0.004684838239732869,-0.012692079152268776,-0.0018726590585199654,0.0,-0.013548693330645789,-0.026431720744839016,-0.014448173145076848,-0.015109172033196616,-0.0017616805406135416,-0.05947958454544211,-0.02427188461261487,-0.012138235864733282,-0.06638351641862117,-0.012098493273348776,-0.002173208813130878,-0.10156251338776179
2024-09-04,0.07430340808653813,-0.0037421492764838638,-0.0052387787958199095,-0.012139732660685021,0.00192805089487047,-0.01743025324115066,-0.016331281793678376,-0.008323644014940013,-0.009178687538939245,-0.003382925491123623,-0.008755450663635589,-0.018664127598952085,-0.005334448076048992,-0.0030167132136902364,-0.012883275982886633,-0.015909038744032267,-0.011764806669876449,0.023715392671163515,0.01768931410309804,-0.013232507285832584,-0.00724506284509685,-0.009351884507080799,-0.021157440724413168,-0.005217427792756468
2024-09-05,-0.03170032639984166,-0.0056341729983443445,-0.01672859790259329,-0.0034258416245356305,0.00021368455794545937,0.0004125963608074823,-0.0021656272716513714,-0.01585453467111264,-0.009501079838293403,-0.00543109443866896,0.001261744981766677,-0.011010946751892958,-0.006349394473838865,-0.015128500599779549,0.008550865333419422,-0.0034640334228379643,0.008928764415415458,-0.02316600184088602,0.2102118887185871,-0.008141917887387162,-0.0071285012010513515,-0.008990986572315895,-0.0034964469765267348,0.09440567456246218
2024-09-06,-0.04464281596192565,-0.017857187820763842,-0.008034043117689627,-0.01933953056712112,-0.00812299602956812,-0.025154634598378856,-0.013262566683408195,-0.018716008130947426,-0.024220707167773026,-0.023208145993123486,-0.024574732530615373,-0.020242823628321638,0.007010390630295182,-0.010752645353050871,-0.007585960243645884,-0.009849541342808243,-0.01710915211270414,0.08695653403086001,0.005385948302806476,-0.014485792309337664,-0.027008537768451135,-0.026279820139408105,-0.005162975216259635,0.04153350519782961
2024-09-09,-0.012461047158154548,-0.007517451821359988,0.01365732566327682,0.01135307429546506,0.0,0.016497594591349696,0.00830888675949204,-0.004345647611362802,0.02236416149835585,0.024458382284515023,0.0019379846219753638,0.022727136497528777,0.019775698067006964,-0.006211350643307245,-0.00584530719450449,0.004681067624272117,0.005402183392167359,0.0,-0.033035704630369866,0.006369701712791054,0.018095652065885925,-0.003520194560470591,-0.008108999049952326,0.023006149663533648
2024-09-10,-0.018927501499705457,0.001937581570347957,0.010496653315660298,-0.052147872709373266,-0.001939685612616815,-0.006242266216031522,0.0024237695182769414,0.014306461594179698,-0.015144090569187418,-0.025238794057297675,0.004513303989998052,-0.007070618892253577,0.003322679005701712,0.007812574050219068,-0.002261427759217227,-0.002911991714575457,-0.002388172656072274,0.0036363601684570312,-0.0073868812806674455,-0.002921254807231377,-0.009663603866757797,0.005887903547118434,-0.006213185320559922,-0.002998497855734139
2024-09-11,-0.006430862251169733,-0.015822701237987236,-0.010697696241730448,-0.006936094734880771,0.003886910609820937,-0.016750434207109755,-0.003626768991200846,-0.013148561338433673,0.0036611857447346186,-0.004898523180781877,-0.014120688726270592,-0.015259366250885864,0.02613196224736014,-0.009302300531435992,-0.00634623988256755,0.004088859818425217,-0.014362524609999316,-0.02173910977784832,0.01813950649527607,-0.007324236465175438,0.01637925114879457,-0.023413849055665237,-0.01217515330963459,-0.027067714675850008
2024-09-12,0.07443366519811612,0.0003572590963185629,-0.0015672182017513192,0.0010928705026029828,0.0038716914961891558,0.0029812243653131176,0.0009705701335194217,0.006540780946429514,0.0012157817630988887,-0.001406487793015887,0.0013021269644473144,-0.002066390117418271,0.022063106133286547,0.0,-0.0018248970621584926,0.0034902299646064616,-0.0078931585119828,-0.040740789471011896,0.017359574175910275,0.005410756224681457,-0.0039430446085184645,0.003836199380114813,0.0006662587202250769,0.054095887607340964
2024-09-13,0.00903613614246912,0.02767854115954793,0.018992224144118275,0.025985384818832502,0.0062139304889936575,0.034819592799244736,0.02860614355138824,0.03393506838035032,0.02186059847273869,0.012676077997821444,0.028608559540983958,0.030020905852848445,0.027672565891024625,0.04225352798357562,0.023308962415818257,0.024927643209538664,0.012239767968015958,-0.05405400429540086,0.08980691328646873,0.034602129393897396,0.026505941057521687,0.03080964506962469,0.025965378151667107,0.03519058138963338
2024-09-16,-0.014925359325276832,0.012858388992092795,0.004159158329187562,0.008835655633473438,0.0004258078138168475,0.01395143362263207,0.006599010471195932,0.00977651937750701,0.007368827595833016,0.01808069036186466,0.015170669716593421,0.004020020919577538,0.0028491313231058246,0.009008984461850833,0.005359679501411474,0.005090476542999989,0.010882637746169932,-0.020408143405366563,0.08941079667758256,0.010033411745912435,-0.06254184754531256,0.004170457281810647,0.007138282040878519,0.002832858511134795
2024-09-17,0.04242427482640054,0.00428890012765315,0.00030667381301063834,0.013664690492104947,0.0019157390232968918,0.006879899685080071,0.003277874507400469,0.008529259245098286,0.0030674095896860987,0.005868110852433439,-0.0006226858579265748,0.008008053907378132,-0.017937726696217515,0.03125003134400539,-0.005331106479294467,0.020821535830800597,-0.010167482521989957,0.09583333747254463,-0.020045411344179365,0.009933837464147333,0.010552655703487401,0.0023072677378981332,0.005154593579246081,0.04378530312430717
2024-09-18,0.002906973923522793,0.01691145042850395,0.0029137920734754186,0.018049423401927278,0.004886351287155755,0.014067517231380888,0.005834399590031403,0.013714384887305364,0.0025875055566195737,-0.0006862264328191259,0.002492295348773821,0.0019860580684682994,-0.0003970280112046698,-0.0014430598495006608,0.013398883642439241,-0.0005511666974169493,0.003625432587357924,-0.06844108704362784,-0.007719056893758736,0.007025778094995383,-0.02318579509879304,0.00667592936201733,-0.014743613677189904,0.014884998038128039
2024-09-19,-0.008695643760907257,0.02956492039391745,0.03058091838046728,0.0313485562324507,0.038306099030289475,0.04161726402278765,0.03341069164284227,0.030665112856109733,0.023932536249803738,0.02747239918535649,0.029832066469417384,0.018830607861678672,0.028657377237405912,0.0476879211463761,0.024239744463805835,0.04302250924938833,0.007224672611198191,0.024489772086439876,0.007779104241985024,0.026511672808659847,0.01213979442521329,0.030642543958837365,0.025699529601282745,0.059999974568685
2024-09-20,0.017543842526623443,0.0,-0.033531110364931505,-0.022942190156445608,-0.0012298775755451574,-0.01826494859302641,-0.020655548034590243,-0.031284299711293206,-0.009165798861224705,-0.006684428473614168,-0.048279945202663765,-0.014591398268975264,-0.024990338569684023,-0.039999974254882664,0.019793455745541477,-0.03701749028456969,-0.02869105623302637,-0.06772911431866946,0.005017409065257716,-0.02129603008576242,-0.015932653790247553,-0.0335033272644667,-0.03203302389704288,-0.14591193399278013
2024-09-23,-0.07183908006602824,-0.009136859343310433,-0.017807774437999302,0.0024473407600220654,-0.00923451635183703,-0.0023256547290644303,-0.008711527302113997,-0.012646647075293505,-0.009250680146870582,-0.017496694687870074,-0.0006340728852980426,0.00493578644136905,-0.009618717631515561,0.00718390066079877,0.023206742979982042,-0.003294842664469,-0.007999961282703971,0.01709410330718164,0.004992287104301996,-0.0018518813088078678,-0.0005457721197602572,-0.007575856153367644,-0.007863659437800319,0.0
2024-09-24,0.04643965773426184,-0.010867691749444353,-0.0226634412202652,-0.015505791238346944,-0.0062137790396131765,0.013209113844153242,-0.025208135043768065,-0.013723794446103499,-0.0004669923911435614,-0.006164365707154396,-0.013959410937594452,-0.020628725243414858,0.01468240072437399,-0.008559251575089744,0.020206236128313515,-0.013223160729587513,0.009305230384754726,-0.075630276513447,-0.03209782767057778,-0.002318960030813888,0.03658547078846475,-0.021512886982891555,-0.023117689004516162,-0.007363798382293063
2024-09-25,-0.06804734061718531,-0.022806725959236496,-0.01519261290777163,-0.0183190692527182,0.0008336787615501606,-0.017254558508234208,-0.017556413093012035,-0.01785712905061454,-0.01681454991551079,-0.009648467375571124,-0.023166021667445635,-0.024072149470151905,-0.016215330628429947,-0.021582638280526756,0.012126151279163722,0.004466860447150722,-0.0596188910078983,-0.018181800448205276,0.014607218331932126,-0.016271665085838327,0.002458269890285081,-0.014657181825124543,-0.011156076067027731,-0.02818984967884941
2024-09-26,0.009523800152860362,0.0088585239061445,-0.00032478144591452374,0.004414846535311767,0.0,0.013265564759068482,0.0,-0.01180637892808356,0.019239996998132947,0.013222043005487238,-0.003293851571984807,-0.001027885782796445,-0.0014307789510269453,-0.007353085821074745,0.03474439258133466,0.015564150347278538,0.004575126152935427,0.05092587533556592,0.002334609500436402,0.007561462341674652,0.07672097559706104,0.0031191552689606716,-0.00034200240996085096,0.02290070445226111
2024-09-27,0.003144651023059275,-0.006585604831585212,-0.007472400152961134,0.014342072910849879,-0.00020822569774159305,-0.0003850325958671963,-0.002656507545827025,0.0031063529822730196,0.0006991134646279207,0.0054944662229226005,-0.013218748214382958,-0.0051438792790169385,-5.728167744534218e-05,-0.0014814647536284253,0.01080656458673035,0.002736777099206389,0.0032530550493197197,0.05726877336265779,0.08850934263925958,-0.007504715716400101,-0.014315973421630601,0.006696911476196776,0.004788014731779366,0.07611943931350251
2024-09-30,-0.012539172769758689,0.012408645528481532,-0.0018003310917728,-0.009537825259412047,0.00020826906471294038,0.005778263355660895,0.012414928572876738,0.027870501645999024,0.006342530657748036,0.00409828074898666,0.04152710228283074,0.021716586945035976,0.04442024385725962,0.019287846496638172,0.009927424660714168,0.01473804049496441,0.011024788237791183,0.00833332505491069,-0.11483598842965892,0.017958508670076645,0.002475680677777481,0.01330481657696092,0.013614755803312839,0.07212204967756941
2024-10-01,0.0,-0.02854260515662488,-0.039514626451171764,-0.011095605247272378,-0.015618557915564546,-0.03178868787146394,-0.03053614203191035,-0.03847040139567515,-0.022875812468133416,-0.02585037756239894,-0.04051446858032992,-0.01821877823695295,-0.016902655089570673,-0.034934404220758775,-0.062003820971015644,-0.03819262189146788,-0.033996201393528214,-0.0702479631960542,-0.029411746624177337,-0.014856130730816153,-0.019262411896720733,-0.04150057801684692,-0.03122897772536304,-0.042690805031279755
2024-10-02,0.00317460005095338,0.0027652761488099475,-0.0022192600324778544,-0.008141407808936685,-0.009731184456608144,0.0019778701479289396,0.007440477914191224,-0.012774385218712214,0.002866651663559372,-0.007681519200268161,-0.00536184033884024,-0.009278430791452852,0.006921991165506958,0.0030164786082453876,-0.008464292646645721,-0.01342283850412318,-0.00996030833728645,0.06666670905219174,0.011207989043315436,-0.010367553304006627,0.008561401178202921,-0.005381577847636487,-0.005199413606914449,0.01351350045186761
2024-10-03,-0.003164553858114205,0.010341274702742487,-0.008041009523761411,-0.004851321792230134,-0.010895269867627344,0.00039484147859236707,0.010093453287489007,0.00097662390304043,-0.00571691492344284,-0.0028149341396501715,-0.010107951050304376,-0.019770844296656764,-0.019181764165684845,-0.0030074068298767687,-0.009756032006156934,-0.003968326668501776,0.0013415104192204819,0.0,-0.028325144366556643,0.007142874911950647,0.015146404732368834,0.004672833876729454,0.003135953282315418,-0.05999997456868489
2024-10-04,0.0,0.015011937556895338,0.010175943725735603,0.023058038676280868,0.009287341906160318,0.01302285587931129,0.01706081933518422,0.010243885234089367,0.008624678940911457,0.031757211725259804,0.019958774038839833,0.012738817711845263,0.012887173880250957,0.0015081220014003804,0.002909271396202895,0.004553299457956461,0.010046905894009583,0.02499997516473229,-0.016054041383260498,0.017021356639269625,0.002459443990704635,0.011505587695029407,0.01979852812900207,0.06099288180214946
2024-10-07,-0.006349200101906871,-0.008067237011290751,-0.011268590539824652,0.0008581862992060874,0.0,-0.004285253015321122,-0.007668463756410282,-0.0031384003042517206,0.001425248925379874,0.001368098115839933,-0.003373816537538099,-0.0010481439859391095,-0.011160714475780154,-0.009035964890910297,0.04600092445096893,0.002266216009763955,-0.000663161354561792,0.00406503671064562,0.030914524905598872,-0.005113981241916421,-0.015374568172816128,-0.0012101270801307962,-0.00238422239301439,-0.0387700482772122
2024-10-08,-0.01597450124815547,0.0011860009580142439,-0.005871260396213218,0.000609277349412185,0.00042794769922815945,-0.000391208779286667,-0.008210535892592907,0.005327945335193984,-0.004032145346344773,0.006147522671642758,-0.013541018153695683,-0.0020987011189191884,0.0054740476151726725,-0.022796407309720768,-0.020998505972167236,-0.008479294390441483,-0.005972155155168357,-0.06072878284614058,0.057476016143747755,-0.006074768855983903,-0.00016616299745375596,0.006057486090448316,-0.006145431070027962,-0.04311542980701755
2024-10-09,-0.0064935004616650804,0.018615684075530714,-0.0013895463698680999,0.017995219864881618,0.0010694953398944218,0.01722111994300035,0.007548055956254851,0.0048181178579573825,0.015241567902185782,0.014256509652086802,0.006177017120520656,0.0073607952103613705,0.022338192560147796,0.009331234263223243,0.013355073294615272,0.005131107642365462,0.0066756244495231876,-0.012931022522848834,0.030720783985663136,0.018335691656580222,-0.006645578455202195,0.011079066499410928,0.004465749571255895,0.029069739235228154
2024-10-10,-0.0163398540036791,0.0006645411271741786,-0.002957042158865497,0.007531608337167484,0.002564180427218954,-0.0015391020816634127,-0.0007250727894450026,-0.0067129409451430755,0.0009383838515968357,0.0013387284931907217,-0.0034105032839082394,-0.001043979981086185,-0.028108675754868195,-0.0030817889171118606,0.02236407550223074,-0.003970692171911816,0.004641807558944944,-0.02620084881180096,-0.026366088347193117,-0.002308346438607556,0.007693652899142478,-0.0016673538832331358,0.0027360577362245397,-0.015536742189232178
2024-10-11,0.0,0.05163547079984343,0.04745292548755109,0.0050128594125458115,0.014492719763222084,0.03660896024326665,0.029262559407292388,0.039826224106124464,0.027419608674753793,0.028743386940069948,0.04243662589807062,0.020898761072301264,0.009546418420943281,0.04327673694382694,0.06640636605170624,0.04271103700972945,0.02244228314201191,0.0807175180348152,-0.02080058040889421,0.03100418990868259,-0.0053112865019488975,0.04008597444864814,0.027626143420372617,0.06886657582815903
2024-10-14,0.01328902391354192,0.014840509373832633,0.01132573971804085,0.0031940277382769278,0.0,0.009665429087277078,0.022556377913498293,0.006267391821251467,0.010948997954375539,0.00844703997792906,0.008535739110865803,-0.0030708238910160945,0.008840654768704548,0.04148147397101676,-0.0036630482757775695,0.006553584090926101,0.005164553667732497,-0.004149373488428698,0.008416796715476904,0.01750440385474028,-0.012180901692575241,0.01169977716182391,0.012611962475421512,0.03355704783899305
2024-10-15,-0.006557370898096271,0.012445587127526192,0.0062582476696393385,0.01681311758714088,0.008193361252903264,0.010677465702096711,0.007123220145161646,0.015455579233095706,0.0074459498710346406,0.004510253359540695,0.016927123286252455,0.0041069045137385185,-0.004437066213072494,0.022759787398902276,0.008823578712765068,0.018990906375948358,0.014772137206628067,-0.04583338714307994,0.025039788232750437,0.01676224088603062,-0.03260130975092723,0.02154193064945953,0.005244268793639595,-0.03246753327177798
2024-10-16,0.009900980750178201,0.011985355116738594,0.04860893947786482,0.03135454052385289,0.0075015449252011646,0.008743222247873828,0.013232835461463033,0.025897478717292977,0.007390740321160383,0.01603595867115204,0.011523704533310752,0.011247481543986249,0.02412257287495656,0.03894281829357715,0.01239069080876587,0.02023433910444261,0.02025307821495792,0.03930137733061967,-0.003102048399173274,0.01084589754548615,-0.016588094415445176,0.018202101155456063,0.02249755785449281,0.03489936047494768
2024-10-17,-0.02287579560515074,0.03143020693015264,0.008272156519708806,-0.011124986840127193,0.003516081357570311,0.0025280312055853127,0.004728604763625022,0.0035428112454543026,0.008670422396017896,-0.02588386654827568,0.004430351228679852,0.01112238274928834,-0.018060203944674558,0.0066935035181550084,0.0010797762270198241,0.01565748392120847,0.05707207567777828,0.0252100587791928,-0.0066121421625402466,0.0,-0.0019531491090740705,-0.003706221500699103,0.016900558302587187,-0.02204929642708575
2024-10-18,0.0066889568102752595,-0.017370970689324028,-0.013467643135293583,-0.0004205271676721578,-0.0076258440985339515,-0.010086552066978172,-0.021515005874651383,-0.02846422578644714,-0.0154287080594816,-0.0045366251807106295,-0.011972215908136907,-0.01800015167409008,0.0023821835225530386,-0.017287244219504005,0.020136731520579598,-0.01849941081340345,0.00528148409406759,-0.01639342660450327,-0.006264751332231477,-0.0008582103227559035,-0.0048033787969326,-0.018599522981960326,-0.013483980449301436,0.0013262903093407274
2024-10-21,0.016611279891927566,-0.031310701777115924,-0.04519062187391465,0.0052592825663193565,-0.02014531242301043,-0.030931634535841135,-0.03870821603888308,-0.029298175673961757,-0.02910227567206103,-0.00585929346106695,-0.04591836928814508,-0.035641519676802846,-0.011108708624428698,-0.03653586496558159,-0.022559049874007142,-0.06596852426604793,-0.044950133939335446,0.0,-0.03033879337574341,-0.021907217273406165,0.021630300856801066,-0.035451391101394725,-0.030514929733070906,0.0026490040293054573
2024-10-22,-0.00980391240220746,0.012990984500225178,0.010682028028430546,-0.005441050686002091,0.00042394892365593684,0.015771724798053555,0.0076245211722807404,0.014740215571776849,0.006686677701095212,0.017681740994187845,0.012032036246119482,0.012671667040379697,0.004694638300252851,0.009831567449481105,0.009015509079446149,0.016815997150498863,0.012224685525297208,0.0166666501098216,0.010971090764681612,0.014931987346072484,-0.002624698005760595,0.0097086640297388,0.011803390587127316,-0.00792601603949139
2024-10-23,0.04290432860343918,-0.004274854889289248,0.026178982631606562,-0.0005680989240860468,-0.0004237692671312798,0.0011091299774601548,0.0023646566747481668,-0.007378355197653286,0.004809770923993595,0.0,-0.0019815964313006917,0.01251299899171232,-0.011514753713202541,0.005563146438957389,0.01072200401000667,0.0011026674352565546,0.00362336047335865,-0.057377090828291566,0.009646370038679741,0.008221330718523712,-0.021754458740934512,-0.00022894896815517374,-0.003240420179106307,-0.04926768989610664
2024-10-24,-0.003164553858114205,-0.010426161956030855,0.020757260128850596,0.011516276673084302,-0.0038152083896911826,0.043943784820503984,-0.01934427650373105,-0.019976718916001723,0.0043311331794604335,0.0012870399477937777,0.06022516196064087,-0.0020597963665687224,-0.012492972756492082,-0.02766256241905951,-0.0007072644137509077,-0.009361293012052685,-0.004813588670032787,0.004347822030685622,-0.006767518734650424,0.006437784710110472,0.008608422060256249,0.006869860402635819,-0.013003884185889603,0.014005589146010688
2024-10-25,0.03174600050953447,-0.02060751807299943,-0.03508216290148469,-0.022104330034212416,-0.004468137159149399,-0.013088023412747174,-0.015155062989819279,-0.025835571434356885,-0.01906495907413086,-0.011568215662480896,-0.006866461262464374,-0.01857580065633946,0.0004559028550406019,-0.03556191889704441,-0.03857037389873186,-0.01723177397294573,-0.007888283404338448,0.034632105673722435,0.007214364421764596,-0.01961617458290843,-0.003200544297376706,-0.0398000087982715,-0.0023056905597422794,-0.009668466441596024
2024-10-28,0.221538470341609,0.028634806226184084,0.04681457547344081,-0.009024520263827052,0.009403780974605258,0.031182791298244528,0.04225683773261757,0.0374695572141861,0.0192040796624926,0.02535759710059704,0.021998726705933835,0.04942170226644671,-0.010936421711355448,0.030973485502839182,0.016194250398087195,0.035067943090121956,0.025688047555968874,0.0041840962444885665,0.005969022319471051,0.025663390503412042,0.011416377254634291,0.039791550232486594,0.034334692719713455,0.07531380140962907
2024-10-29,-0.005037778534604964,-0.003691176634633697,-0.015829079787329503,-0.028243720870113176,-0.002752543549680353,-0.004518631799368955,-0.011717717809203498,-0.0023451188055072514,-0.0009081340077197186,-0.009511766085946505,-0.004305015483685337,-0.010020045803533995,0.008235475348979726,0.011445014803328712,-0.023904372127502405,-0.004918232725342198,-0.004770534069301724,-0.06250003725290154,-0.002373471980272268,-0.0021203894481568453,0.01992936054909067,-0.010706224753792792,-0.0031918088848045256,-0.0719844131767361
2024-10-30,-0.09113927320722659,0.007101037516382469,0.013585350233525473,0.020975135229347908,0.008492632711153192,0.01850563628409274,0.007588359814143297,-0.0007053363396335444,0.0015906565976304687,0.007682499577255308,0.010500337814205452,0.005060680149312713,0.0021134123591044496,0.002828822158652322,-0.0048237992714397215,0.018122022870345367,0.012582547609999883,0.008888880411783928,-0.001586003539561176,0.004674871587478702,-0.03147148821394874,0.004835422589521521,0.008965772123638027,0.03284411597292469
2024-10-31,-0.025069614574109722,-0.018393706271275123,-0.024187446769367016,-0.07994716355580234,0.0058946405734709995,-0.022625929192108263,-0.018592709729825407,-0.02470007928870732,-0.009074441426868085,-0.009529895192939675,-0.020782392075845757,-0.022155058448406817,-0.026846823120857177,-0.014104431868690037,-0.032065704599517963,-0.01833873589087076,-0.028402337599118144,0.008810564358837869,-0.00476572032482192,-0.018612560412095025,-0.039278616300322144,-0.0208524545017994,-0.001904196613554232,-0.01759129092725986
2024-11-01,0.04571431023733963,0.013429175559427797,-0.006946526164073541,-0.01804709041819852,-0.009836750098367486,-0.004910640531701205,-0.0014387374577140566,0.00241206472619937,-0.012362616965942319,-0.007055826901183226,0.005617923481069376,-0.0061792842647933055,0.000527216065906444,0.0071531435238634256,-0.006163235667664302,0.0,-0.001218143336515598,-0.06550212202950223,-0.015163574176569217,0.004741454456548944,-0.019141650755218897,0.004680596895303646,0.003179630235425668,0.012396649161620532
2024-11-04,-0.0573770582574481,-0.010015456075133988,-0.0028617544098085146,0.015072026327618504,-0.0004227012763129423,-0.0215015091678461,-0.011767537415271145,-0.014677518253518262,-0.0071859266031647495,-0.005167922425013516,-0.008690198795086701,-0.009326294132489643,0.0069078130499176105,-0.009943216340425609,0.01317831736570696,-0.015000019421451571,-0.009756088353144565,0.023364462553857157,-0.01661263542716107,-0.013728144078838711,-0.009283757338551912,-0.006988186459111145,-0.01838355651762369,-0.006802682251218939
2024-11-05,0.034782575043628805,0.022110705277164078,0.03794638103417114,0.02214249797207435,0.00972723410300591,0.015129571020937815,0.02478733211506623,0.036385701317680264,0.007704892692734555,0.009090989830695229,0.028177811332426916,0.01569033201681691,0.008081391800281557,0.021520857659464987,0.01759767577206106,0.010152222495759311,0.026477985982740204,-0.0502283701553945,0.01400907071178592,0.013919229263636312,0.03155480170567393,0.025334309001749933,0.021956751939158803,0.021917786744058088
2024-11-06,-0.03361341395042561,0.14728452548948878,0.09124437398194218,0.05775983779590077,0.07246077012458918,0.12455640900130205,0.11833060514169991,0.1543356822372257,0.08595914812762251,0.12741306437387334,0.1144946374077409,0.12976318736714143,0.03241245248843927,0.17689015110140183,0.08157882130683469,0.17476285192704877,0.1031791342957944,-0.06730763058690403,0.10402273069695034,0.09523813218007371,0.025769404494814907,0.1310912881270998,0.13775666939848596,0.10589811766934787
2024-11-07,0.04927531464514101,-0.04359468252166321,-0.03885142985304424,-0.007663609289720874,-0.02694783662051725,-0.03976020903533484,-0.046649742967187824,-0.050418531091209196,-0.020055484339571272,-0.007990994927462247,-0.03169409191960393,-0.04059047233202551,-0.002569641188724603,-0.04727272794772608,-0.014598483570841037,-0.03992402531033834,-0.0315387464123692,-0.2628866467165215,-0.04048584388593679,-0.034469322208791175,0.01373581282688896,-0.05056634281504535,-0.030824624266619693,-0.10787877169522375
2024-11-08,-0.04972371105774864,0.02390960532523878,0.009519761876898958,-0.00990099009900991,0.01745933997692317,0.0016432007618372158,0.009119130419501742,0.008439715143041315,0.0071848590474485885,-0.0051782943437715945,0.01636574333334151,0.007692303228326258,-0.009857237387527862,0.03180656462981113,0.03174599718902371,-0.001980229939664513,0.010106671209072271,-0.4545454545454546,-0.00997315810991184,0.0016225806890726169,-0.03512222249844166,0.0087346462450959,0.007163393895611936,0.025815224697520955
2024-11-11,-0.03197678246647617,0.02826705699179488,0.020020234144569438,-0.004444444444444473,0.022879630531955186,0.03346455099510348,0.03372290046711002,0.029613717435357456,0.02031994272734683,0.02660508828733632,0.04164338692715841,0.035305371170178956,0.008371576687220772,0.045622800731523805,0.03589743205770968,0.04513892432698463,0.031684290440422425,-0.05128200425668883,0.012398283667013343,0.019846163949805762,-0.043976313834426906,0.03315720755521245,0.03157867530201419,-0.03311258194493727
2024-11-12,-0.024024001663345507,-0.010624183723578762,0.003555575819770729,-0.018727711268833658,-0.0013496526709089185,-0.003809514439025552,-0.0019190350602104056,-0.021258763847746498,-0.0006356247833002593,-0.006197257590116245,-0.010127988500751584,-0.005529950584682752,-0.0014585166286730233,-0.012971662051989186,0.026732756867503316,-0.013289061113411771,0.0021551701671242984,0.0,-0.12897049522086157,-0.007942858086735116,-0.011789738001727224,-0.011038324784277687,-0.005515685774281187,-0.028767127761654576
2024-11-13,-0.04615387549767125,-0.012214843106879925,-0.016298107921324134,0.005436670521772102,0.0,-0.013703005022275727,-0.003845366528308025,-0.010221512230924379,0.0006360290591331808,-0.005668880220857986,-0.0070003413964873085,0.004633870876773694,-0.017976501584124782,-0.0023895626955725557,-0.04018007824424674,-0.003367057718875577,-0.0037634889560634877,0.04054050135560283,-0.05448153596873151,-0.00800629132968289,0.028554643990174267,-0.011161775157867093,-0.00499167196208572,0.001410402232647101
2024-11-14,0.009677487332666601,-0.0024459157334026926,0.0,-0.0005203868468962591,-0.006564995725514611,0.005492738660628049,-0.0012867089955198585,-0.00774534741222066,0.0012711657774120422,-0.0005701425661546189,0.0016269182828905215,-0.015682694491913618,-0.016303362991417547,-0.015568841848681014,-0.027126675409843926,-0.012548272971069752,0.00431731897707488,-0.025974001846660322,0.021840116326992565,-0.010492336256511137,0.037051336313553174,-0.004807597503711403,-0.0022295505247749148,-0.018309875519307628
2024-11-15,-0.01597450124815547,0.0014983912201840255,-0.0008714388195950606,0.008035897410036519,0.0019435918539287833,-0.007712063229168953,-0.017607985333211507,-0.00910656434130852,-0.005712942007391697,0.009127145798569547,-0.0108283612365081,-0.0018743190015145794,-0.023842788691778916,-0.001216615045450009,0.0010327080884866557,0.0014663970607617927,-0.00806022671934803,0.0,0.03638022522673734,-0.001223592321851652,-0.05220289081276297,-0.00042001719531248316,-0.004469403416357931,-0.04447632024548698
2024-11-18,-0.00974025069249762,-0.008841096862323927,-0.017296330635707124,0.0014371331185070169,-0.006595560632147057,-0.010686567948655523,-0.005683016913532235,-0.008533899723689009,-0.0036178580422057127,0.006218165698826272,-0.006020946397511384,-0.0028169469036912753,0.01262954312807718,-0.010962251241724008,0.0013756148913666166,-0.008296766083374818,-0.008125617069801416,0.05333336194356275,0.039052187533790805,-0.007758228077514806,0.031249949565742785,0.0006302488812603979,-0.0036474737831094783,0.0015015359025454256
2024-11-19,0.02295079814333678,-0.008233932963781831,0.0035496159312051745,-0.002152640311849252,-0.010935338479222123,-0.013093302141959695,-0.003737066378509013,-0.001324194255112876,-0.00811631075555197,-0.014606625582736621,-0.006607902983198355,-0.00847461881311573,-0.0016472454779071777,0.003694668533772205,0.017856991462556593,-0.00984238344605426,-0.003823096511630486,-0.037974721746286244,0.02322631883329551,-0.009465088154227641,0.014393961581573356,-0.012599618692793024,-0.007040225996769345,0.0
2024-11-20,-0.022435876862301307,-0.00041509834499542375,-0.0010316767195291954,0.005775297357794917,-0.010858905953147757,-0.005638483110486314,-0.007722790575287686,-0.000883997207948406,-0.0027991379040180897,-0.003990997963082332,0.0016628817779793525,-0.0009495238290837538,-0.012433710361203554,-0.009815952226723379,-0.001012017183468772,-0.006958461011023598,0.007675431268989286,0.013157882353605599,-0.03301689030848043,0.0016619296648727744,-0.009148633240668391,-0.010633873081738465,-0.0051048107728478564,-0.026986552191434865
2024-11-21,0.00327868544904808,0.013012251629880511,0.013425765003066248,0.02781683644059374,0.010778535483263019,0.0230153557446946,0.03824755143888847,0.012165418486531854,0.017490750170265246,0.008586293360219877,0.011621728757877259,0.018060680989036237,0.007458679081773889,0.014869795592100665,-0.007092238162731301,0.00800813771405351,0.007073056530555899,0.012987000923330161,0.005975219284035216,0.0037328666861065063,0.0325985370903783,0.019561503385317147,0.02793587315976831,0.020030834980834022
2024-11-22,0.045751669124871386,0.03129257405304986,0.01019072026086465,0.028433584196827066,0.015007862925561888,0.031626964290498716,0.030627603287928462,0.023164345232548955,0.016553546665798224,0.015323393808295949,0.01312893883123123,0.018674220594942392,-0.0022505900987049854,0.009768136631375546,0.024489933570838396,0.0367425972944444,0.010804853900488576,-0.012820501064172207,-0.028425968814970837,0.026033055552534323,0.002372244495273401,0.032047298007078506,0.010815531860693728,0.03172206069143124
2024-11-25,0.006249993946403354,0.010467754724365008,0.010376140065406547,0.02538570934919626,0.020622481315232255,0.01169407298205849,0.02244393061414507,0.002349364216350125,0.011273467262640668,0.017328195294237903,0.002699674668908081,0.0009166358340071401,-0.003858536918958433,-0.007255247803738429,0.016268173275730602,0.01867827336185779,0.01015493564659442,-0.03896100276999048,0.06593887572207513,0.0012082350308855183,0.01602042072838028,0.013687298063343345,-0.007681950180924102,0.004392417297725437
2024-11-26,0.031055870727966672,-0.009703579458734679,-0.012979580110442424,-0.003937196104399021,-0.008196646682526842,-0.009059668156991996,-0.012601571992709615,-0.006818551088104918,-0.003922436618313152,-0.003296911308936168,0.0010771980129611336,-0.01739948646501399,-0.059948737887807524,-0.01705230101016686,-0.0016335055840276391,-0.005641746160398697,-0.011110947318895503,0.01351350045186761,0.018844776513591732,-0.006033803979850316,-0.04300304500056651,-0.02136220684410528,-0.016311714396135324,-0.007288657399667997
2024-11-27,-0.003012045380823114,-0.00331039241943476,-0.00404631454176374,0.022847636068795474,-0.0038439271519182805,-0.00315255605938658,-0.014820965904447814,0.0006435417354044848,-0.0018652136426164923,-0.007717547339721187,-0.010220604556504309,-0.006523621774866872,0.01267828843106189,-0.017348189739950448,-0.015706764327456435,-0.014657258230185932,0.002140179589162905,0.026666641235351562,0.006433447608079845,-0.0016187221763067638,-0.018348652240666508,0.006589782604596639,-0.0036538509332770808,0.07929514924968162
2024-11-29,-0.0030211452072894662,-0.009034203309137179,0.005223392911893443,0.007000692054512703,0.009646937628132735,-0.007997464459224335,-0.011700754290584259,-0.010077208182510566,-0.0020764601470504296,0.0005554621342542809,-0.005978191500341956,-0.003752343091318888,0.026353719648620988,-0.0012610422465889615,0.0023271627128154115,-0.00767747584792855,-0.006940780907320865,0.0,0.010387543817390155,-0.008512497694058485,0.012206686858919902,-0.011047518618299557,-0.003102874139397249,0.035374181259235415
2024-12-02,-0.04848480294668034,-0.0021449994752472668,0.014578827219063673,-0.024653444304409522,0.0,-0.004514571730954375,0.0,0.007147587977089698,-0.010195628451184269,-0.01277062783114391,-0.002733732022066837,-0.0028248097937094707,-0.01829714489604417,0.027777765245248,-0.034162534134006606,-0.0033848709665859067,0.0043010707947848115,0.025974079255291826,-0.0035587247659066845,0.00163543118242937,0.016581906248954947,0.0014480652544450745,-0.0016978277858771262,-0.060446784504133544
2024-12-03,0.05732478417994069,-0.015316396836089763,-0.013515629194335355,-0.007251280445752961,-0.004395342298784244,-0.010366154155371787,-0.01183936511348005,-0.013978555312778695,-0.010931247802053012,-0.00843647641960632,-0.013706238019470685,-0.011331437763195562,-0.026839010586637624,-0.02088459438124146,-0.007898372779730045,-0.0164968208428643,-0.009635964323534196,-0.01265829088137238,-0.025793710563486782,-0.00326527579504321,0.05949955783274219,-0.011774513943593856,-0.008503462088698122,-0.05874126862824358
2024-12-04,-0.024096363046584468,0.01541819741694983,0.02091145950993245,-0.009317072067927312,0.017658385328403137,-0.010801882718287525,0.01925546180533355,0.0058886936413973245,-0.004038233519540468,-0.0017015837636482622,0.015008415448344525,0.0057305593741885374,-6.380558525842517e-05,0.015056497010496273,0.004845971541934446,0.009866759620258181,0.016756582356653782,-0.08974358386541947,-0.022403228275065357,0.002456876712346734,-0.016794975529829115,0.014841287556222493,0.015723287500774896,-0.03417533706116549
2024-12-05,-0.006172833601124972,-0.01195913161662776,-0.009182103163294375,-0.01225337425952111,0.03055462352163496,-0.002316428216706523,0.00020995944678214862,-0.011925382503886084,0.009816483502386397,0.005681763788509375,-0.008762467422133047,-0.0009495238290837538,-0.006256853449384425,0.004944471317447574,-0.005167097372420604,-0.005373608986800837,-0.003189687014661713,0.0,-0.002499977747599247,-0.011029423231514235,0.0,0.006179173330032706,-0.0002814959858127297,-0.029230778033916716
2024-12-06,-0.012422348291186713,0.023527791681637433,-0.0005702820132533759,0.024450237717026146,0.008418613465955405,0.0013267465799036149,0.005876078542327967,0.00504726829162383,-0.002324602381752139,-0.005084786952197495,-0.009392237028130301,0.0,0.0005782948937316235,-0.014760243058030031,-0.001731357606625905,-0.00442050291535967,-0.0031998936739618955,-0.014084494035883521,0.002506243300079536,0.001239177118670387,0.013879037220646984,-0.0026793516846866927,0.0332860138379969,0.014263098796201579
2024-12-09,-0.05660379338946264,-0.01966513046718965,-0.0021398906839874554,0.023845971575507274,-0.007259440829293862,-0.011262002952312944,0.008345533931467086,-0.014847215171007178,-0.014403744650251293,-0.018739242571204295,-0.018404806591095224,-0.014258689014114423,0.03576468388961351,-0.019974971141995645,-0.043704376701367176,-0.019240368506984185,-0.009095815014114494,0.028571486959652947,-0.011250019073486328,-0.004125395306520452,0.0008774994352913623,-0.005786321286504359,-0.024229041207170288,0.024999975785613415
2024-12-10,-0.019999980926513672,-0.007047995340436319,0.0005718310763951351,-0.0011725902268229227,-0.0036562986247994367,-0.011055260160950153,-0.005379640184268508,-0.0006648852598140076,-0.0030087625460017975,-0.0023149990972179957,0.009090947096626723,0.011571835677954612,-0.007439073624722514,0.019108209428373657,0.029017040364573532,0.0030181574789682752,0.010799229257782539,-0.06944445824181533,-0.018120535755191902,-0.003728144666429234,-0.015956598306510972,0.008937809714938627,0.005078968787139093,0.010670757968286981
2024-12-11,0.0,0.0036855073796062676,0.014144956813899823,0.0034815018843696866,0.009174326425512414,0.016260119853674704,-0.00041608162357176237,0.0215126577502176,-0.012287228632666403,0.008700729201890578,0.0005629954132893022,-0.0019064807977340337,0.037973904240067746,0.017500051206309042,0.011984510597277342,0.002005950227629283,-0.000534342458531345,-0.0298508060193573,0.006008639552845363,0.005405323666092476,0.0005346941554338347,0.008858714046806604,0.0019652108655889844,0.06636501502648362
2024-12-12,-0.003401357234227742,-0.020399797730048408,-0.020428187088537775,0.0028642546437489536,-0.008545523450059211,-0.013333332437425072,-0.014984363512037246,-0.012158139941197299,-0.006329054379184851,-0.012650875015245644,-0.00787839606151819,-0.010506249689564262,-0.0036103622041113725,0.007370930022257305,-0.0184605460362125,-0.010510380804465091,-0.01068935696024298,0.046153895530476774,-0.00042663091527261887,-0.010339038049491434,0.002137143101411887,-0.011435495983414756,-0.012608591679164727,-0.01980202827772426
2024-12-13,-0.027303808976760324,-0.009162699826143816,-0.005321387670624178,-0.023311469706401966,-0.006785150610369883,-0.007770203342499116,0.004859462886062982,0.004395609594463723,0.00043917679367577733,0.0,-0.002268812936181641,0.006756704274035297,-0.02385407956759733,-0.02073165736349314,-0.02093678762480311,-0.01871522263525538,-0.006483184110554485,-0.04411769217479555,-0.0038412356558104044,0.002107848739014484,0.05420285833722249,-0.007643024614701455,-0.0017025979926442725,0.00288600020518448
2024-12-16,-0.017543843505051004,0.00728576808125414,0.02096565318567989,0.021829127831002104,-0.0012925540400862134,0.012597851261621162,0.007989915469057696,0.0017504947582078767,0.0013173861281055022,0.005241743134729582,0.010232987745490085,-0.009587722622936279,-0.01596140708238525,0.01743467076125893,-0.01051101717053482,0.0072165077963368685,0.011419397193862535,0.06153849680748347,0.017137944126616622,0.004206997692561165,0.01685776010773421,0.0056202385626547,0.0034110035530907634,-0.004316508459640267
2024-12-17,-0.02142855135761923,-0.02642928966379776,-0.01671145185926992,-0.01098372030918704,-0.008504288877292043,-0.03732356299303996,-0.012307084044378969,-0.0072082973409768325,-0.012278068656565999,-0.018540075301398562,-0.024760881167264936,-0.02420119625203576,-0.011882304907946506,-0.017135911781160362,-0.0087914033777029,-0.03735924929001666,-0.025268946951241045,0.0,-0.02948605148861172,-0.02010899044787906,-0.0028183108008936752,-0.029393502958908746,-0.02181305768002839,-0.026011604507406583
2024-12-18,-0.07664234942191761,-0.06358035467484802,-0.06582162760350796,-0.044565341224265254,-0.04717525125972055,-0.06391896776715533,-0.07307281545776911,-0.06776689026229621,-0.054606069767935916,-0.052129763589209066,-0.06116549640429758,-0.04761911414574871,-0.019723807856728004,-0.06475713966864849,-0.05284543932577834,-0.04625199192662377,-0.04522886134452386,0.014492739851898806,-0.034288232818382336,-0.051303895350159,-0.0826267097878095,-0.06056737471940077,-0.046046921858155954,-0.09643911581653342
2024-12-19,0.0632411413596965,-0.010222835853799794,-0.008634011761210925,-0.016806374826444204,-0.021460750892988045,-0.014925297918143898,-0.007746688886628661,-0.01722908582721694,-0.007748218599661794,0.0,-0.005531783201180085,0.0,-0.005646851006800735,-0.011984031532367379,-0.04213812421046126,-0.0078039155425794204,-0.0017330447198190546,-0.07142858967489152,0.016179802712429803,-0.002703929664440219,-0.03533897354499094,-0.003859108703993197,-0.0030357193760921497,0.041050902091318564
2024-12-20,0.0,0.014336385267105678,-0.0015552551117300473,0.0004338753796575556,0.007042205551381908,0.029924303132902175,0.02617683510778046,0.018491866408097968,0.015854211479638725,0.02576997823275118,0.01854145761075965,-0.001041613622013604,0.02362931101884791,0.0,0.026069420757844464,-0.0005618068318224978,0.021990830547866214,-0.06153840510802655,0.00619192330248497,0.016267474339050292,0.012586881594429888,0.01298988289088654,0.014311910263506311,0.006309142096266429
2024-12-23,-0.040892242072316565,0.009270494257370476,-0.0026479473417322374,0.0003685745771946358,-0.00919066039012817,-0.00404559889416789,-0.00537026096068316,-0.009431943786669228,-0.0009317342094128378,-0.0024509516324724423,-0.014563168302112461,-0.007299317540923722,-0.013518749374839212,-0.020215696749069645,-0.025407073079509512,0.003372848106738102,0.010192404756528495,0.03278685320900654,-0.0026373391623025766,-0.0031125049160078966,0.040259763203371435,-0.004274407010169234,-0.002701990752414174,-0.29467085904678914
2024-12-24,0.0,0.017467230284177848,-0.0023426272787332447,0.01610461121308049,0.003831254372691273,0.018094500516454115,0.010573572923583852,0.009521752420247553,0.0034974001174559177,0.011056411162167601,0.006773565803117387,0.0042016780085698535,0.014156447864307031,0.0013755951128773258,0.006110014154244281,0.007282693980135813,-0.002802633620996753,0.0,0.014543848212375643,0.0035681658524209237,0.007490638543970141,0.005196672002220293,0.0042143171675554925,0.013333320617675781
2024-12-26,-0.003875965410453319,0.008435575053715061,-0.00015654187117319918,0.008596596996180761,0.007231862751650553,-0.002539007834761353,0.005565350565619687,0.003772582296954985,0.004879056408243265,0.00364524746193573,0.0,-0.0010459718352539005,-0.002740727117433006,-0.008241741867766827,0.02672071721904956,0.0011123650957343134,0.015739163052565397,0.0,0.0021719911410202908,0.003555567829971462,0.00460254916416325,0.001348510439739714,0.0020982257846891006,-0.07236840522960708
2024-12-27,-0.0038910469739347198,-0.018784904969346483,-0.02238917819124464,-0.007656180070876761,-0.014758628653879668,-0.013090929881903857,-0.017046527674381418,-0.020202026095474945,-0.008092399921725946,-0.008474625641269551,-0.015902175785062256,-0.012565436423460863,-0.012782819341543239,-0.02077568770340943,-0.0232650871307295,-0.01777762191290444,-0.012728319504418328,0.01587300085546861,-0.02167316890394999,-0.010185952149963429,-0.03330387004498814,-0.011672382540039439,-0.01854621835129755,-0.10165486165917015
2024-12-30,-0.023437478172126713,-0.002093751294400259,0.003683433872881503,-0.010635167566345527,-0.00809709933958458,-0.007369159100632183,-0.003603616238976426,0.005514361436905979,-0.004195827919614592,-0.003052422492012541,-0.0018645971140365258,-0.006362881247799268,-0.0016833468491728176,-0.007072182251616765,-0.010496520598099468,0.009049805965019253,-0.0033631169641323844,0.12500006984919465,0.019494928666681233,-0.0022371440407981114,-0.00473937150555892,-0.011582942536476737,-0.006095616899130629,0.07631584313437623
