Date,ADBE,AIA,ALNT,DGRW,ESPO,FAD,FCVT,FIVN,KRMA,LKQ,MRNA,PDFS,PERI,PLXS,RCEL,SCSC,SQQQ,STIM,TRVG,VIOT,VONG,VSDA
2022-01-03,-0.004743770417570792,0.00496339883732877,0.13757213534413015,0.00015140908805744147,0.00392512016798463,-0.00963313590436321,0.0010867867666439768,0.011870008280548294,0.0014502345826279406,-0.023654610506151585,-0.07453340024498889,0.010066048619329138,-0.0024947803678065927,0.01971007823212556,0.014190324105989971,0.01453814979797774,-0.033669954125561063,0.01345290185344239,0.027522919622726683,0.02479334736755856,0.007384726170860834,-0.006512754231353224
2022-01-04,-0.0183744621558668,0.00025986724032356356,0.016863200661304978,0.005010075555967219,-0.023909752703840548,-0.008761940116135958,-0.007959577289347819,-0.01432162848565055,-0.005503756895415601,0.015014394605801673,-0.008466307029682762,-0.014325785832373872,-0.0191746181267769,0.0006135974569725366,-0.024691296006545627,0.014891789183044901,0.040069849294755766,-0.05309729471922886,0.017857102585764117,-0.036290263931620936,-0.010743279407585127,0.008035682304259772
2022-01-05,-0.07142600600039484,-0.020010316214155055,-0.019900460546098397,-0.009818703887625957,-0.03712836201721059,-0.02927595591576404,-0.024556470901307526,-0.027307281759832103,-0.017768647199083443,-0.012943295625051254,-0.0765039132319223,-0.0505529352528955,-0.07267322320104319,-0.012060432542394417,-0.060759514249020485,-0.02242518224104173,0.09380196334974267,-0.035046749536058686,-0.039473618907675534,-0.08786616678083714,-0.031940772861999145,-0.007657072920036256
2022-01-06,-0.0006026039752878853,0.007292363486619768,0.0294899238267754,-0.0009153071831008441,-0.002400090937139665,0.0035088939967680144,0.000996880013661272,0.01178495759678544,0.004448291016167838,0.010899189825280597,0.0038563483135751753,-0.006322749801426331,0.007332715382670774,-0.010242142102795504,0.0008984931517530548,-0.0033985483408336403,0.0015315564652760294,-0.05569007571434936,0.013698668055107,0.004587223603540913,-0.002111455515081073,-0.007061471714248202
2022-01-07,-0.006652110290666147,0.01118866548598807,-0.03005387403681259,-0.002901076167024952,-0.005934212971287378,-0.021062406815100188,-0.007469932045707783,-0.00571250873228657,-0.006200121108131285,-0.01836258700408311,-0.010182342743226047,-0.054923016191383844,-0.022292983681668876,-0.02968533910573956,0.014362642951623705,-0.010798444678811525,0.03058114545905566,-0.03589746191813492,0.02702691878635366,0.013698607113500572,-0.010977258594072059,-0.0011922840753820774
2022-01-10,0.0296260123774561,-0.001562072989281127,-0.038247560588802965,-0.0027564964232011935,0.0075831439867131145,-0.005017394152810883,-0.0005012210275020523,0.02417542255697991,-0.002971204453969367,-0.010125216895807698,0.09277095427507587,-0.0021261327924266826,-0.019078634331264,-0.0018312847742338878,-0.03716814771722865,-0.007756404685776208,-0.004451075283055439,0.14893621878151242,-0.03070166420583753,-0.013513491108079312,-0.0008026448499872663,-0.00831397623790553
2022-01-11,0.007721121705952516,0.02855297612297858,-0.017870644171187222,0.004146110789301716,0.028022375695943236,0.015213812048855191,0.008282605034523494,0.008086847259026309,0.009237453255045658,-0.0010402478051886321,-0.052674359090043366,0.012428990886585334,0.009013308099870887,-0.006151600493102927,0.012867678478875488,0.03503181969890168,-0.04172881702985576,-0.009259250061012025,0.03167411216143612,0.02283104920504453,0.011242068459197618,0.0017195287621338817
2022-01-12,0.0046801796602931045,0.01926732769040651,0.0010252505150811775,0.0010703566032459477,0.011526604955686803,0.00016829402123219595,0.001742757251613103,-0.03794175171830927,-0.002361806638762287,0.0013883434950365814,0.006775373793465711,-0.01894075451393018,-0.011753643376568368,-0.008578491883463824,-0.004537222201260183,-0.02853148133604677,-0.013996915000708654,-0.030373857025287165,0.013157932052756838,0.0,0.0029117865897243522,0.0017814802328206536
2022-01-13,-0.02905868257980937,-0.01542104144764922,0.0066561133971903,-0.004582453795094477,-0.042192858160006286,-0.01481470630473869,-0.01590458161825814,-0.05829323010419807,-0.011246249916638806,-0.003466119998686068,-0.05706851476304442,-0.03217732000803308,-0.009990532219219195,0.010843349733606233,-0.03828624120970059,-0.00287931112695472,0.07444802285656071,-0.03855423666358315,0.0,-0.05357155767988253,-0.024281008598605935,-0.004434699571578715
2022-01-14,0.007157962849912991,0.0025262115360960014,0.001271785418337723,0.000920283376783404,0.0016076733533083587,-0.008373318492513215,-0.002525293425612918,0.023931078377422033,-0.003591723974352923,-0.014260954789454106,-0.025883820187471818,0.03841894818071201,-0.0024026544134407857,0.006176180400582432,-0.018957327549697922,-0.009529362427843746,-0.01644162967192242,0.005012586290047416,-0.025974011205634917,-0.009433870539850231,0.0017581495947225356,-0.0053797945562061855
2022-01-18,-0.01394534973286854,-0.022426701738291643,-0.03301989687183138,-0.014565870913468726,0.005938975266895241,-0.02834740893633103,-0.014607571694834065,-0.025397336559124017,-0.015319762658610458,-0.02258286377294849,-0.08850679184940802,-0.03379582861302444,-0.03516375405529781,-0.08292049211319763,-0.01642512753896197,-0.0408162607090955,0.07164186376917936,-0.059850432482953964,-0.026666651100126337,0.0,-0.021871317603716633,-0.00930309791915318
2022-01-19,0.006311586988885232,0.004510975296416309,-0.030207422845743515,-0.007312944754757744,0.005425295626944271,-0.01268068802353517,-0.007527994307512054,0.02254196426235433,-0.010067040162095475,-0.011913272457885982,-0.06719893491837436,-0.012886612055819868,-0.02496255531001368,-0.03698921313316539,-0.015717076877764025,-0.01823715078999011,0.034818875672655736,-0.015915104266073565,0.009132445370071185,0.014285807765455516,-0.010903778972780942,-0.0030574601928502476
2022-01-20,-0.011092204105393355,0.015781378266520818,-0.03412761645531426,-0.009561201438606504,0.006348212178263646,-0.01580725138599104,-0.006989318723628846,-0.023373967374675897,-0.008936958595557876,-0.022469874536167223,-0.037628556190946405,-0.018276754228981895,-0.008192516220519974,-0.013412979459430319,-0.010978104323970617,-0.01269349402775466,0.03930007290084103,0.0,-0.004524899289469531,-0.028169080610700448,-0.013815551655740999,-0.009200602146804071
2022-01-21,-0.02141529276832277,-0.020588618757775734,0.0036452601194731926,-0.007912711690551966,-0.022393926785228557,-0.018981823307180568,-0.019104783817716964,-0.024413696024232268,-0.014054661913428301,0.0044850963015625744,-0.044472282463205004,-0.01519755407174006,-0.0366546701631113,-0.0002472410277531978,-0.035317803550401594,-0.008466558657341361,0.08236202983921581,-0.0404312921361456,-0.01818186828074264,-0.019323718456705774,-0.02532880847940977,-0.005438566689187074
2022-01-24,0.0395070499444754,-0.0030949214537170366,0.04582272208963434,0.0022333683842026275,-0.014034587268212828,0.013209325035470565,0.002348108983071917,0.051362014090092334,0.003847432933005379,0.028651115299338947,-0.017304954992913513,0.04282409749553784,-0.010718154586008222,-0.018296399291708454,-0.016736484734677592,0.0192915460725116,-0.012443142333913193,-0.002808986130333757,-0.009259285245071025,-0.014778301304634756,0.008275194715818612,-8.92947467520111e-05
2022-01-25,-0.03259818496568456,-0.005821612941468102,-0.02457914356160895,-0.007243524710663252,-0.015870378063980062,-0.007436450892183699,-0.013256044413043733,-0.06773841381707524,-0.01759341232873557,-0.01193697431825369,-0.03026070993818586,-0.024787275592818125,-0.006500484173138532,-0.0008815932626905498,0.010638338885950116,-0.029785885761947073,0.068088138297842,-0.028168987598808592,-0.009345726443107716,-0.01499997546156795,-0.021598105658602318,-0.011115916786556101
2022-01-26,-0.003799338911265715,-0.015354673976330724,-0.007943121068169412,-0.004489956696500985,-0.004987590404699982,-0.00786233317415641,0.002967431111807528,-0.01280762423424242,-0.0057562284575264355,-0.007138957234098409,0.015864779954427588,0.012898336294209889,0.01035989817212779,-0.0023946914643476758,-0.0031578666285464463,-0.01375120879056535,0.0015880441402209566,0.02028983544211682,0.0,-0.02538077230789426,-0.0005888434411203125,-0.0082959189405305
2022-01-27,-0.015494917840008005,-0.020351554066529,-0.028713461151354203,-0.000966435390858722,-0.022890532924520257,-0.025638769085279844,-0.016003341147270755,0.004663809466077584,-0.0028949041638968165,-0.011615177256470655,-0.04091385726632346,-0.013483168541749913,-0.045331900780407164,-0.057864835663423264,-0.05702216965432583,-0.02561611256869767,0.032842749362637536,-0.03409087676400968,-0.028301869707869298,0.031250077880768945,-0.008835201199570819,0.0006574809091297595
2022-01-28,0.05092786933017046,0.0029677955745366358,0.016770902626473294,0.018219685550634246,0.010943962671150942,0.01004686231249119,0.006970249579136167,0.017893273608381,0.021612885772754886,0.010445810611381612,0.07300502260789576,0.06036447013580126,0.03617859640062093,0.011532796216589647,0.04031351000834715,0.013976708384603187,-0.09385971186639164,0.014705867915830284,0.009708666439228297,-0.04040407608128194,0.03521043610297303,0.01223369697977672
2022-01-31,0.031148709828915155,0.04102214162099238,0.0022365894208735693,0.009659444334956913,0.057002682437226504,0.0429138320868947,0.032030008214872785,0.042288545096586194,0.021787306285349084,0.01329150988209471,0.06182981460384851,0.06444680334382191,0.11838516559334522,0.027707759902358298,0.04090421054911619,0.023301641215006663,-0.09535328097983198,0.037681122963931335,0.06250007893190412,0.07894736842105265,0.029994050794672766,0.010295917780534403
2022-02-01,0.003144287318292527,0.00503901696976361,0.04490932174512241,0.003293655627727654,0.0028804076434902903,0.013171245599740145,0.007628207849077695,0.010103455077917545,-0.0003090932816571801,0.014938982608235785,0.020138213105977743,0.0,0.05512191028129765,0.010062002611827658,0.017580152528716253,0.016356646051641555,-0.02140197081190298,0.01117317394007622,0.013574606435983183,0.10243897651037637,0.007384908328326167,0.00575961175060602
2022-02-02,-0.0053919058893837635,0.000642354921549293,-0.010945106708330266,0.01031734256158967,0.005744394024170818,0.0003585751027821438,-0.010180756480614894,-0.017720721259890215,0.008346269065298673,0.025309664026814893,-0.018119745185120828,-0.007399909745775424,-0.03328707079473481,0.0030651066975169172,-0.020325183553227655,0.01325339442145368,-0.0237832722232022,-0.035911569097262896,-0.040178593577829824,-0.05752199609947495,0.0071920109629302065,0.009250990422849936
2022-02-03,-0.04175662488849796,-0.014516699550436885,-0.04102551293778822,-0.013615807476062947,-0.026019343855231525,-0.022315805774039577,-0.017405162307271183,-0.013951233537036645,-0.022992020491497844,-0.025210120756893217,-0.0333706953702112,-0.019654351718316865,-0.07699668207079502,0.005984227339246306,-0.05497932238276504,-0.0015571235163548414,0.11901400217927516,-0.06017193053671299,-0.023255785539710416,-0.028169080610700448,-0.03611626191867212,-0.008511660975536461
2022-02-04,0.00530507512541023,0.00860371955406003,-0.005629133660048469,-0.005804056205880648,0.029646582630828533,0.007975017437628074,0.012077420280040885,0.016262806516562422,0.00502029099286716,-0.01185328869189295,-0.0057334703196304515,-0.0024196230240514094,0.09222801849792228,-0.01113789215313754,0.006586215354324576,-0.007486015851101646,-0.035285173538566306,0.0,0.05238100232462117,0.03381644802766126,0.011255082446971265,-0.00638300021209337
2022-02-07,-0.012540351675376704,-0.005299286106534851,-0.00877414478938987,-0.0026822845318025257,-0.0018984192252602394,0.00718453550740783,0.0042434804878885846,0.0004000273725428549,-0.0031220392822007836,0.0003633337847130935,-0.016808725395424107,0.007969491939436413,0.013282765069208002,-0.008959387851655953,0.004362045967309713,0.00879945889321987,0.021011575009092898,-0.0030487776068546246,0.013574606435983183,-0.018691633793960216,-0.006903394111719918,-0.005759888965995885
2022-02-08,0.008302093086977269,0.007796373304062465,0.02455719933360423,0.00838496802503741,0.004913624100176817,0.007133145859448131,0.00897769046165986,0.04550909779220458,0.007516348290821373,0.013989919208541313,-0.04342675814767616,0.04400139841634343,0.02668537820864958,0.0173059064007397,0.003257299983380646,0.022118471430530473,-0.032520367045395515,-0.036697212923249456,0.02678569898259031,0.014285807765455516,0.01092353713031935,0.007263296689079768
2022-02-09,0.0204181465084885,0.01714807677455865,-0.00027895935319410814,0.010354569686073178,0.03138794036555459,0.022592878300041974,0.018581570755889842,0.016141375387451973,0.017096735333387958,0.020784767530405368,0.06992369311470403,0.01580505528390508,0.03511173949149193,0.020185400978116164,0.025974001846660322,0.016763158001824152,-0.06355022641744212,0.006349200101906982,0.0173913532408434,0.05164314164710704,0.01922535229082656,0.009158285681121203
2022-02-10,-0.051231453735176125,-0.010140921103570455,-0.019235971337644986,-0.017236170294298914,-0.022939261653839194,-0.015518227511167826,-0.008710120805426325,0.00790486363986731,-0.017420494160512723,-0.03668604883021931,-0.022008173122093577,-0.04181526416778236,0.030836952954365282,-0.015928307237120576,-0.023206679744479652,-0.050059953409465674,0.06646098025743075,0.006309142096266429,0.07692311677823738,-0.03125002053998127,-0.021065773225535933,-0.018773826271269334
2022-02-11,-0.04252351068673188,-0.012549495792617549,-0.003695218338602313,-0.012166204232206601,-0.02864299004847881,-0.021284253537983355,-0.010912375401886054,-0.023528600540690836,-0.01897349033833473,-0.02150148194369217,0.005610330167973299,-0.03010823429390963,-0.022649520852007776,0.0015173889024922005,-0.03671707820561754,-0.005680034778867582,0.09439904078486183,-0.047021972625960085,0.035714222711955346,-0.018433111458418527,-0.028129180017183564,-0.008023740611068919
2022-02-14,8.441155520144683e-05,-0.007132646657139752,-0.0019969682581801873,-0.004478531652793105,-0.009829201057569348,-0.00673326767395277,-0.0060273420989005455,0.03992963658916038,-0.005073005432426947,0.0013035183097642733,-0.11684853240572413,0.02790370543884424,-0.032794052141588814,0.014015159761646911,-0.023542604972064396,-0.003490974597034069,-0.0024025937657696783,-0.009868411765204144,-0.022988492398885674,-0.014084597907298213,0.0007235492774602115,-0.005655793104063722
2022-02-15,0.011582013293536919,0.015804572686104912,0.05059991842061429,0.013014127489687333,0.034011401547216824,0.027116216984680586,0.02135519580390355,0.005663878556423141,0.01497774403696317,0.020643527005062667,0.060714493032708594,0.033932813820828356,0.05967448665205222,0.027269362569815048,0.041331762927734106,-0.0019108110404872924,-0.0739402607747982,0.059800686819769355,0.04705887480328319,0.0714285714285714,0.02299356847909828,0.007636696652803421
2022-02-16,-0.003753884865419721,0.007715063790329824,-0.0029931709890940184,0.0023791773958836693,-0.017469284565108434,-8.938791521118095e-05,-0.0018070887997546636,-0.047469320035240736,0.0003140426633370108,0.013119553531216743,0.004565924190714776,-0.023629777800452056,-0.027730358520506204,0.0013333407315341272,-0.008820278544409033,-0.024250166725639843,0.0007801795008408607,0.0031347931924397,-0.007490657112215415,-0.008888910700828534,-0.0008484843784364315,0.0009668884988083271
2022-02-17,-0.04184638945181696,-0.011739280875633251,-0.03411536233801549,-0.01265818202082769,-0.027550895609664394,-0.02809741049165604,-0.025083922938621828,-0.05782077114592532,-0.02165737200632123,-0.14316534489027188,-0.035900118805671344,-0.016470580541787072,-0.02193944624457378,-0.002784207181143361,-0.0378198177134772,0.006540247332846194,0.08861737407917047,-0.0625000139698384,-0.030188685863311027,-0.06278031445506249,-0.02886243246309239,-0.009660575586386777
2022-02-18,-0.033099548140345214,-0.0171721111422094,-0.012997872874433547,-0.002403894632766468,-0.009553574752565575,-0.008351812582621854,-0.0061248745946782535,-0.0620211964109636,-0.007058080699374969,0.03211560192209251,-0.004236096710863557,-0.11346547056917411,-0.023777508518463386,-0.006676322416853009,0.0289017353786285,-0.0048733438119767936,0.03342091412480297,-0.0366666316986084,-0.03501947299703001,-0.0047846423687643025,-0.010635141940058768,0.0021094554277760746
2022-02-22,-0.009399863713526413,-0.02141378548762629,-0.022044325869867265,-0.01198253798819826,-0.020954729643186343,-0.004719934585444174,-0.00884235196841232,-0.00642973227314203,-0.0077544096080008895,-0.021760980194473256,-0.005283410480570128,-0.01542018543928314,-0.016544145522284337,-0.025051973675745853,-0.03483140216061886,-0.001958846476862952,0.03026101880940235,0.006920408373887188,-0.032258072401105564,-0.028846166324092093,-0.013547339283175197,-0.007108200734093795
2022-02-23,-0.02041510450286732,-0.014498402319368608,-0.033079901695304836,-0.013185588067143428,-0.014438501184526165,-0.031151068507975554,-0.011625098720845939,-0.08928726909238494,-0.018235174190598502,-0.0542618080783861,-0.06373736231882232,-0.03758813458920607,-0.03831774343183536,-0.004136398045926359,-0.0034924019136546303,-0.011449145729922394,0.07645739111854999,0.017182113691248002,-0.07499995579813534,-0.03465343016620115,-0.02418249005622053,-0.011377396513969629
2022-02-24,0.08003258619216957,-0.015529355476310513,0.04329418020442599,0.000494730803902943,0.02637016717656615,0.027929635375977258,0.018326182517923284,0.02832722263810017,0.016915515097206235,0.00967210544143482,0.151035148053428,0.06509358773132523,0.05928082205428864,-0.014977908844816423,0.04556067412738529,0.015221740644382198,-0.0976878862970445,0.12499995972659184,0.040540469200096796,0.0,0.031512896980623095,-0.00163739939440255
2022-02-25,0.0037083377032953724,0.010515944696678492,0.012188189794316573,0.027370539363359647,0.020990817836407105,0.02455668275212264,0.019607904071113236,-0.0014940334128877852,0.02087405596225622,0.04572188279548106,-0.031363976384085945,0.02788386301477641,0.03532112315190594,0.04255039753082923,0.008938539152060887,0.016949167294367573,-0.049630640755812805,0.006006000415836432,-0.025974011205634917,-0.010256435424032873,0.016906283156298274,0.03005371253867506
2022-02-28,0.004596778132019308,-0.008900147350939913,-0.001720520967399275,-0.0036912841786481687,-0.0032895127552083903,-0.0062882982426962775,-0.0007902677331289576,0.02871036833500895,-0.0047923433460766995,-0.02248597830521948,0.015000358454995366,0.016722436473099123,0.013292031389702474,-0.0014707086968182015,0.018826144110860366,0.012179459983154173,-0.01068750181392164,-0.0029850718650553665,0.0,0.005181423567295562,0.0020418030688198474,-0.007176265172604834
2022-03-01,-0.0021382141970166524,-0.009118651235185626,-0.0468122398549331,-0.009987438461840359,-0.022607169407645067,-0.008620639288614673,-0.01555520453183723,-0.0223636280406605,-0.016693326799425923,-0.023216076072947844,-0.0265625108654296,-0.012061400451182758,-0.013554934932892948,-0.016202279060341773,0.1489130341263032,-0.002216583122018112,0.04713979572868099,-0.014970045988375258,-0.031111107917974667,-0.025773257815679962,-0.01455403597078564,-0.011971933115608735
2022-03-02,0.009642581791858174,-0.002649234170718384,0.06869582919429829,0.01871135098410881,0.011480646148164242,0.024051737068302215,0.01713997493114472,0.014227252801482626,0.023832815139960495,0.039245607687287576,-0.011102217861661212,0.024787275592818014,0.0035460959929021207,0.020586419144934753,-0.057710470604454445,0.03141858977870582,-0.0485346312393109,0.009118532443044058,0.013761506156699799,0.01587299011250476,0.01683660505977902,0.018929465903390508
2022-03-03,-0.025680220492387607,-0.010205336627962192,-0.010713597603675296,0.0,-0.03271574990216686,-0.018247413940243318,-0.016061186300535324,-0.057577691362136196,-0.007334267341538525,-0.008649692598493242,-0.04287837354064483,-0.02924192602820208,-0.051236743758150904,0.003911976563396147,0.01506020260600116,0.020923086313100914,0.041646114447777105,-0.027108408427407582,-0.02262449644734743,-0.05208327142810676,-0.014088667763691554,0.005699508764643424
2022-03-04,-0.0151389341568674,-0.02796620380699022,-0.012253724144559275,-0.0030344455027471184,-0.026229576661678577,-0.011869721722572946,-0.007760085944538475,-0.05224246228964513,-0.009636965277894038,-0.043413410251971984,-0.03575464532103889,-0.015991086460987902,-0.053072598414485306,-0.020214364425096942,-0.033629991143374394,0.005424963939729244,0.04352970461242012,-0.07120743582517408,-0.04629623912751035,-0.12087914458488724,-0.0147318807404333,0.0005801145440214039
2022-03-07,-0.03131843387783895,-0.040976469354912504,-0.023369935388489638,-0.02483187672917131,-0.03296118272849491,-0.037526858072180036,-0.029261549467950565,-0.061794259456118605,-0.03567959364567663,-0.04649612788134183,-0.0732816000101979,-0.011715777651870707,-0.030481850274446276,0.010688548597280967,-0.09928354366227321,0.003896914440549848,0.11108587894933986,-0.05333336194356286,-0.03398067585274156,-0.06875001533652003,-0.03962320248240425,-0.013779795087399904
2022-03-08,-0.014704209017642245,0.00015166043562953035,0.015952657794483294,-0.012156904995326068,0.0034817937253603937,0.0004837664995307467,-0.00041590122512358274,0.0045951658854883615,0.008745426679123147,-0.007233001611729684,0.022299539105172128,0.032122377240596744,0.04310346912102081,-0.003812070336412954,-0.029545479914373063,-0.012839662096889692,0.013466657306002494,0.010563370526912585,0.04522615769672744,0.046979817139271685,-0.004670702707319951,-0.00904402494974943
2022-03-09,0.044817269697585704,0.029086370236404147,0.01831932561174754,0.016963144864427848,0.043279810382620854,0.034716151874008006,0.021956617108312537,0.028425186441148442,0.016672174886766866,0.059694474320123314,0.10218136477877704,0.024824011929444723,0.06222657781407648,0.015553567135044188,0.01170964659442797,-0.000302544942982097,-0.10690543717562684,0.06968643054309931,0.019230823408880937,0.025641090173395442,0.0364458438230022,0.007985638102477877
2022-03-10,-0.02643773823773321,-0.029736492808227988,-0.08395223780791727,-0.0060506862596446664,-0.03238232804182195,-0.006355364255913654,-0.001632248235682976,-0.03198132620254668,-0.009839250074861416,-0.01419373767430021,-0.020843575733075603,-0.02169198788068194,-0.018306618377430306,0.002795713702669511,-0.09953704853484613,0.005143781772071865,0.03178528444003659,-0.006514651909255265,-0.03301886387817954,-0.06875001533652003,-0.007394919653765042,-0.009733017656334164
2022-03-11,-0.051418172221336156,-0.02518586708046089,-0.05922683319066879,-0.008884330675619001,-0.019898651707006,-0.014860652202046132,-0.006265136346998101,-0.04408714853122686,-0.013580652468971222,-0.00899882466803692,-0.009461061380423796,-0.013673279349116219,-0.05594408952249419,-0.00036362156723479533,-0.06041134374730128,-0.007826674493570773,0.06051992924855054,-0.02295079814333678,-0.019512150405457063,-0.1073824862290399,-0.01946166049129372,-0.005129792820519841
2022-03-14,-0.01172007499300054,-0.03237359302433762,-0.024188246342678354,-0.0024900705751454977,-0.02953118186976811,-0.018617350331163407,-0.02138168718581457,-0.04875251362713107,-0.006715910181186557,0.025198586041023763,0.08589009144784598,-0.03109778595346746,-0.05283949110243058,-0.016248380592345235,-0.047879604291691025,0.011529158940245532,0.058714654921570464,0.013422805905036084,-0.039801103057303555,-0.12781957869728422,-0.016126716233077598,0.005294169651160363
2022-03-15,0.02469016685810299,0.002895316418828564,0.024787820245063985,0.021634030286039607,0.019018640609334225,0.02140262557033612,0.014005627205125881,0.02297877730512199,0.022988496546028747,0.006421487510901436,-0.012994016871194947,-0.008894100702104946,0.06360788810964046,0.013311991465760675,0.04166666095740945,0.008398283683725305,-0.09243052992745937,-0.04304631683555704,0.041450894376187764,0.02586213187989661,0.030102675058352624,0.016716392142783976
2022-03-16,0.049091641392767116,0.11676014834498805,0.039098629893575154,0.009610770987552808,0.08435977019315666,0.03247953083609256,0.016298019625790694,0.09678940932711666,0.013879780472919823,0.035423667444060225,0.14339728728967138,0.03940695520692428,0.03725491387713031,0.02907188196404986,0.0579310450060615,0.032123791355342046,-0.11277890083494391,0.0899653913583085,0.07960200505425519,0.2605040977116162,0.032282732647035184,0.00786059511342585
2022-03-17,0.00452120459858163,-0.010483870630033088,0.007334224324427208,0.010648478914297321,-0.013941390689699795,0.019741465822077586,0.01304763925345731,0.0362427318892895,0.018904849313553074,-0.008712184173488291,-0.006495076166458058,0.0187687691987819,0.016068060257073746,0.014302589908944174,0.04172095067029513,0.011239175247078625,-0.03528262588798259,0.1333332778284806,0.018433136382954185,0.019999967282090525,0.014969631036111153,0.011329753464356385
2022-03-18,0.020186338816278404,0.0219156135642693,-0.015194661549462696,0.006385732983355208,0.03106985721750566,0.010584611812055389,0.017708425953909757,0.07595202828686465,0.015035175856558558,0.002143565393717406,0.06341375560018703,0.0401621288541234,0.008837234142214712,0.010371744726373144,0.010012506382695241,-0.003134813618501764,-0.06087182966651272,-0.016806706975212804,0.018099505725452714,0.2091503655825544,0.020005818825755473,0.005966089128914387
2022-03-21,0.0005735551878909284,-0.028262863514558534,-0.0144649032512848,0.0007932003189115022,-0.020653470586105116,-0.002775214767224865,-0.003164006754180493,-0.004039293948645883,-0.0022061770594525854,-0.010053432656186079,-0.019840093546537374,-0.019837034184309488,0.0,-0.004613539914230413,-0.040892185400911885,0.014293882405466585,0.006668527801716229,-0.05128207044053168,-0.022222194282278007,-0.10270268943868532,-0.0032924324547528583,0.00028587882009922794
2022-03-22,0.028351630267350325,0.028061968724871544,-0.021380679563661187,0.006181515531797688,0.029040604767825995,0.011669663081360415,0.01401777135478266,0.042487462626574546,0.0101074308738347,0.008426786496193772,0.06465957362395969,0.015178896824571186,0.013831223129270542,-0.015295476803547259,0.03617580037797041,0.010992091169115481,-0.058558668585691254,-0.003003000207918216,0.05909088821635722,0.13855418525495988,0.017379576498349092,0.0029637745758794853
2022-03-23,-0.09336481331512425,-0.0075348310574535615,-0.027018121060647715,-0.010554685759242233,-0.00957494823187055,-0.014995451578684094,-0.01147636124575302,-0.004446051608091417,-0.0162601952082313,-0.027640734910408193,-0.04279137446941139,-0.02954787893191191,-0.005002301568735712,-0.020357769929323477,-0.051122232025856196,-0.021745157583585417,0.04221812237974709,-0.05421681685481505,-0.008583714808161225,0.010582036685995222,-0.01369461012775719,-0.010158268020312944
2022-03-24,0.021849186297729917,-0.0017189289774085514,0.011313017626343846,0.011145016523745,0.004409835070301238,0.006125580060084346,0.01266451953552461,0.02102711607972929,0.011125180261865264,0.00044052557083573696,0.005315263083709665,0.023110754052713567,0.01736750834966294,-0.0027628030862894004,0.03416553843404557,-0.0014248856324630133,-0.06589266362548551,-0.0031847102322188903,0.021645082233292756,-0.03141362500920997,0.018280806908563374,0.0064364602367714685
2022-03-25,-0.001203358896706308,-0.011048945740599558,0.020000097048378462,0.005918181777875731,-0.009118569884251304,0.002813065433734163,-0.002615520152499884,-0.031164554724986138,0.006916076240663704,0.008810709872733025,-0.07658056026117943,-0.012549246388689372,0.0017969006184830327,0.011202124099982669,-0.04320199246439749,0.0188356115915409,0.0017346539608087408,-0.04153358136989671,0.021186413105088286,-0.027027027027026973,-0.0014080830799867439,0.007010713176633043
2022-03-28,0.042606957176403615,0.007689954755977224,-0.014290526662265157,0.0025100892236271655,0.011077092883774675,0.007057294406930037,0.007343179434348146,0.006019557858215396,0.00530761463274021,-0.00589526912186511,0.04315334945229932,0.016702943688476912,0.017040407224934162,-0.025134016522388225,0.043824689842133946,-0.014005601941584733,-0.04588754271828743,0.0,-0.016597472451993944,-0.01666670756405353,0.015510312974539753,0.007005855875203526
2022-03-29,0.03626580843199556,0.01943867291762902,0.027983728258021978,0.01126778907026127,0.025619350772222882,0.024305850920027572,0.012497033101214194,0.0481488553661229,0.01863358224110634,0.0390953572166588,0.0436792089127267,0.03321429661342079,0.044091710165091724,0.024437928757262473,0.08778626533075418,0.002840865680502347,-0.051118983694375175,0.016666650772094727,0.025316354247867823,-0.016949125520254626,0.018050698802092313,0.010597672935954705
2022-03-30,-0.01344539101969211,-0.007627253463916794,0.0049197086469665585,-0.0035595211504285684,-0.018570257001887525,-0.0164545619904789,-0.00025738829829402565,-0.013112132840068846,-0.0070123349186882455,-0.011414393869252581,-0.031665197298660464,-0.016591757247595096,-0.033783831676485354,-0.013000911086610056,0.0011696173869881754,-0.022946106971678204,0.030283649513306532,0.00327868544904808,-0.020576106706643005,0.06321840579868554,-0.011456651010132934,-0.001286692026337355
2022-03-31,-0.009650920455958056,-0.023199498864786006,-0.026109676893513956,-0.011181853672922903,-0.02729400986529218,-0.011886989200967868,-0.0033437334955692677,-0.0021691781009895994,-0.0047589352794858986,-0.02907841839789438,-0.015206972844467037,-0.02038664000535262,-0.017045428494472437,-0.011359546119713015,-0.009345896432088385,0.008698150839692387,0.04176978719701285,-0.00980391240220746,-0.008403299987120416,-0.05945947272347685,-0.015452317469763055,-0.006828610977615335
2022-04-01,0.005640681602566033,0.013988050855332501,-0.002345666927483614,0.002984404219386949,0.011878045764757372,0.00026756373977865344,-0.002322315611231418,0.055253608603358595,-0.006015722949608948,-0.004624362940863547,0.025136433119315127,-0.024757822507356475,0.01734101350011019,0.010878858528396984,0.014151043126324536,-0.01868357311795299,0.0032669491954000485,0.029702942250534603,0.0,-0.022988491968775504,0.0025223633172515303,0.00752425540313606
2022-04-04,0.023178146752657725,0.02371023229460123,-0.018475141760342928,0.0021922565093135393,0.03538624875241414,0.008819425008740112,0.009312162822956216,0.015708170223645457,0.0062073184466375775,0.0039822875802209,-0.022934498758403365,0.0029433378516490194,0.15865389865659463,0.0010883188706944935,0.02558131437162725,0.007908625149112947,-0.061278753014008314,0.0032052016822570195,0.0,0.08823529411764697,0.01817147701015842,-0.003648093041462075
2022-04-05,-0.02182123043365669,-0.022459311967813922,-0.02874744155707709,-0.007968798906778485,-0.025961247981999835,-0.019162717817530983,-0.017171210541388482,0.006422669611051202,-0.013510054116905534,-0.024680558691385968,-0.06079744199931003,-0.04548788557251704,-0.023764657211464923,-0.03490758977762509,-0.002267517548905529,-0.03080503859318484,0.06496381599717505,0.038338620182611916,-0.029661098216582138,-0.02162167467769105,-0.019769335550599676,-0.0006247890709587534
2022-04-06,-0.031074186439129292,-0.017662153093048083,-0.03276964609016697,0.0009450139260653856,-0.02884611458978792,-0.011164158031929383,-0.010690678972039458,-0.03274829134614321,-0.012569644551190029,0.007907844614180704,-0.0458500943822705,-0.02536509745583737,-0.022024718443125924,-0.0027534570275554726,-0.026136419423354318,-0.017691159807569967,0.06544246182778068,-0.01846152085524344,-0.030567595424633054,-0.044198802524448966,-0.02198902937642444,0.008512917062186265
2022-04-07,0.018882395746371516,-0.011986719255763889,-0.002549968746410447,0.006294080716896966,-0.007469229273341371,-0.005007837139635929,0.001581046534775421,-0.02916920339558715,0.005699785313772576,0.006949165188072426,0.02832754508556845,-0.005126224960032899,0.020545257555749652,-0.005020099452144766,-0.029171529626889625,0.0003053155293935017,-0.006670314509788278,-0.043887179433520496,-0.013513550413743136,-0.02312137211530707,0.0037234056858246323,0.005086010137877572
2022-04-08,-0.016301477431775124,-0.005030162114431858,0.005843713361101344,0.0,-0.016975873194274294,0.004850080225982767,-0.00684157812185382,-0.01636414022257937,0.0022039068291599406,0.014470298082819966,0.011572304011890688,-0.08125244844450918,-0.01161437235565832,-0.01601913045687453,0.021634652857951187,-0.008239257064145189,0.04085068911798562,-0.01639342724524051,-0.03196346652782267,-0.005917246538338916,-0.010842868555714702,-0.001339775579407565
2022-04-11,-0.024475667997747697,-0.013829062735468245,-0.006898974762620358,-0.009382419747980375,-0.008901585528684586,-0.015208254638899854,-0.005856246797756981,0.052636371959339456,-0.013037892735723866,-0.001975161405802228,-0.005222558797663535,-0.027178647964666514,-0.009009065546373929,-0.014741718938433457,-0.04705877865062036,-0.0006153987004207107,0.07096750925148654,-0.023333311080932617,0.014150887196938466,-0.05357141553016964,-0.02293392480276668,-0.008228550533364909
2022-04-12,-0.017654942879641533,-0.00557895902434391,-0.014625341916691181,-0.0020519914092341773,-0.013831420123031624,-0.0001849621333831486,0.0001336162751204295,-0.04162708054852304,-0.01002702964643376,0.010553993529232697,-0.0031250000000000444,0.030155225196558444,-0.0245058873747539,0.013661241782717326,-0.032098792177422064,0.013238925838549243,0.01380536284313627,-0.003412965950654212,-0.013953433730212295,0.0,-0.0036905420056893012,-0.0029238765837553693
2022-04-13,0.011481651803556314,0.022441160026487106,0.027829451772354075,0.009332454440154736,0.02295082200337517,0.017850711535750463,0.012951588450163865,0.05163553811397126,0.010610918195067098,0.0147955392648913,0.06369908252106193,0.04950493504915343,0.005267388944859119,0.010011535651823111,0.026785718630076172,0.01914315013783785,-0.060163488395961084,0.030821887608831533,0.03773585804848989,0.09433962409745056,0.016743448874759537,0.0037945568175312694
2022-04-14,-0.02601526776704899,-0.020465525312538868,-0.010830530883099376,-0.006425276245658584,-0.023148144930199677,-0.004452781640908232,-0.006393103071894668,-0.027506419609388044,-0.002545348775814915,0.007718581188458584,-0.024578557579488125,-0.0401968652982313,-0.025392953419101194,-0.012708094662274516,-0.06211179977057324,0.0074537863200909715,0.06796640608305649,0.0,0.00909093414037132,0.0,-0.019091031623619137,-0.004080684157794834
2022-04-18,0.011963654148246405,-0.008024286650893608,-0.029926952005372875,-0.004416326072417487,-0.014947130569320843,-0.010222569681347049,-0.00680499115510258,-0.04053219279854792,-0.010207313494706494,0.01680837855777062,-0.06489821219812397,0.002991439998519807,-0.010339123111859028,0.006821968884562768,-0.021192095391681653,0.003255418981093161,-0.003946732865567015,-0.036544815762240446,-0.009009033609162054,-0.03448277320953175,-0.000594393887961453,-0.006599287884794136
2022-04-19,0.025689220495974663,0.0003052886910821506,0.02708807505220645,0.014892263503040182,0.008697176635639847,0.015031421015834878,0.011810649511108329,0.02204060555910936,0.017402438260525566,0.04122220262691223,-0.013117924260399816,0.016617013566555983,0.013372323056552782,0.011761674182917403,-0.0013531464445659669,0.015044197598158782,-0.06463594532363848,0.02758617968111432,0.00454546707018566,0.0,0.02081173889228083,0.019429669510525827
2022-04-20,-0.018996353485028483,-0.0071712684540963245,0.006593433534835658,0.00764932518778183,-0.028435131108430434,0.005814371004881691,-0.005875650925171061,-0.020217449739333038,0.0012670619276518025,0.019694687317823867,-0.017024660049329343,-0.0037720096515355683,-0.016494829630114394,0.007455192972396274,-0.0013550445429219016,0.01307761595277368,0.04421492376195868,0.010067104428777007,-0.02714939573681685,0.011904791464948827,-0.009902181488185113,0.010391489882803917
2022-04-21,-0.024830008009519067,-0.025971968349454255,-0.016739475714318552,-0.009295458163752102,-0.037009003598476364,-0.02312345890890133,-0.014901942046875893,-0.03750920701526461,-0.015501367396839716,-0.01497858431140453,-0.037436685984437945,-0.02608333307923416,-0.05241090062921716,-0.00840343371541541,-0.037991823245456025,-0.01606429614131233,0.05983778866524503,-0.03322255978385491,-0.013953433730212295,-0.07647055936655045,-0.01867902474685068,-0.005015942461768286
2022-04-22,-0.021102800916813824,-0.002366777572396783,-0.026276836003683246,-0.022986622774569088,-0.0027450387580582047,-0.03032825660663352,-0.017827826939928237,-0.020009514389569216,-0.0244215931783357,-0.01220476978523688,-0.028788952678957647,-0.014686831887277374,-0.006637151150371778,-0.01593719384954595,-0.047954886497962756,-0.013994156061604146,0.07990433538913555,-0.02061861836027834,0.0,0.0,-0.02832761967400299,-0.022982399441220824
2022-04-25,0.012919956458294246,-0.005377146308011893,-0.0045609730722896424,0.006652108953593139,0.01101053245101502,0.005626076694444038,0.006875378410770683,0.033057866566078786,0.006916998423697862,0.01012759466984492,0.07175436502060051,0.019728223300107928,0.025389740554716544,0.016452425823753947,0.02370368109809018,0.03163807523593709,-0.03898994261096689,-0.017543843505051004,0.004716898856317764,0.012738806216256782,0.012494412411383937,0.0017562717169268272
2022-04-26,-0.035825623028190035,-0.02416924372052176,-0.05727360735581055,-0.019426781321277953,-0.03383898069169089,-0.02636065334302551,-0.02349067389597892,-0.05035292681525738,-0.027150866029185594,-0.01744519031515568,-0.03071611105306038,-0.038693018472663154,-0.02953954351232191,-0.016691953265811077,-0.05788706618858741,-0.040126045734383387,0.11111120134594277,-0.05357137839404824,-0.014084452260180513,-0.0503144353193542,-0.03778201446936269,-0.01919699173150613
2022-04-27,-0.003056727890430322,0.010102705591219507,-0.008100546688183052,0.0029232847686035957,-0.005434721543103538,-0.0015583040280121585,-0.00475510034882054,9.912919800991737e-05,-0.0013448956763694175,0.00979600024422167,-0.023046853454181226,0.013416781255437993,0.012981155156577717,-0.002057660207223977,-0.010752714162868826,0.0017915065866458413,0.005394300961599097,0.003773581171086837,-0.0047619180496698554,0.0,0.0030082329804370644,0.00015467403478641728
2022-04-28,0.03174165638740445,0.016454253538537023,0.008574831138013606,0.018782455384625196,0.015988681675602523,0.02331258234157385,0.011523016767706729,0.02110788996252677,0.028282770702860782,0.0331444123458009,0.0006319708018562853,0.04060018016279976,-0.008837775652133284,0.06443299095769262,-0.02018635299469651,0.04083454435287792,-0.10544804052092516,-0.007518789579387564,0.03349282019094346,0.0132449841454918,0.0344120252024358,0.01703232205725902
2022-04-29,-0.03551503328774741,0.02237743903237166,-0.014574958394517834,-0.027495128242238764,-0.004581696355949183,-0.031932198422196745,-0.014726156167057747,0.06851705644278439,-0.034708600957664926,-0.029146949664128452,-0.056904296710848845,-0.013994907751220587,-0.060187265408026325,-0.017675534036844853,-0.033280513478811224,-0.019472981848070114,0.1310267343173932,-0.07575759080925315,-0.023148119563755176,0.026143855841037178,-0.0425758982977259,-0.02887358652539518
2022-05-02,0.028639969663547538,0.0032597498774191713,-0.009860326675327324,0.0008168665027530331,0.016810035150712554,0.0012800705334690132,0.00225612387628793,0.054223445081212907,0.0020353363248029055,0.013298392760793476,0.057064191354586624,0.032688181887390755,0.01138518842442049,0.0204585121345362,0.04098360719811489,-0.023948699454567346,-0.04874566981458239,0.03278685320900654,0.0,0.03184713276244744,0.012910314688530766,-0.0001560243401683703
2022-05-03,0.0007119694106412222,0.007581670448854716,0.011618261058225166,0.0009796388858684946,0.007282071603631479,0.01042378450838477,-0.0036579629326730645,-0.01438785365155626,0.0037236702048604187,0.010141036403327863,0.03139070521959475,0.01707621172443452,0.005628557267875145,0.006642456547006237,0.015748016714081325,0.013764300549763853,-0.002358640359118147,-0.007936500427734305,-0.009478699310007999,0.03703697532630423,-0.00031465775044026145,0.0085790574120852
2022-05-04,0.03869183976346657,0.008138757252526663,0.025020621543967225,0.02740635970318217,0.02559594945884558,0.025790738702907046,0.012426029748561884,0.006555943968500122,0.03406412403942727,0.037795516253704475,0.05807295042663485,0.03153155017846054,0.006996250690012751,0.013437345735882289,0.03410856954023278,0.027154608616914544,-0.10186971929982191,0.019999980926513672,-0.03349272350880372,0.011904791464948827,0.03305488247458088,0.02600542399027317
2022-05-05,-0.05395062243675952,-0.04265033122827133,0.043217229765269094,-0.02746874345819772,-0.0491522510790543,-0.03946849541725739,-0.025104732173231947,-0.053669129164422014,-0.04240044628525963,-0.036419039841433354,-0.08403739776094865,-0.04446212050369447,-0.06206577781924061,-0.03220079532846587,-0.07646180255596158,-0.020689581085941322,0.14740378911541874,-0.04313721456971287,-0.0544554925895423,-0.07647055936655045,-0.049672074162739444,-0.024353122155124418
2022-05-06,-0.023719756731072295,-0.017820261370549373,-0.055619450535491,-0.0027756208126824555,-0.01903433123266829,-0.013433714730900048,-0.015450561417395092,-0.025144515307658488,-0.007833943490601403,0.0013781233071645804,-0.05365448631699665,-0.01994181754557911,-0.018271646381896267,-0.002813496720900255,-0.06980516866721531,0.008509304144632468,0.03879038838879434,-0.00819671330225158,-0.06806290864738407,-0.03821657494451114,-0.010742376913910667,-0.006550435160153301
2022-05-09,-0.03606047352078612,-0.03482902401348276,-0.06783093223954562,-0.016535877965126122,-0.05902774926343979,-0.04665584836087433,-0.041557953713658335,-0.11813991014939262,-0.029866024831160187,-0.015923053724455905,0.010416735259316523,-0.02246717605838444,-0.07545271948302024,0.004048108987290577,-0.07329844239020744,0.006982882918979305,0.11644247548930631,-0.061983508528291376,-0.06179764439096891,-0.02649004954406864,-0.04100494635608498,-0.011471119739183355
2022-05-10,0.04276881738495497,0.01107753780073617,0.007407315002769366,-0.003995284219189044,0.005860665822069233,0.003990628896302306,0.001516189164968429,0.010354410947301496,0.0024770002064691266,-0.005992817562299968,-0.025625888433984167,0.02992196661048019,0.02774756540633949,0.010995742732523794,0.03766483771327578,-0.05374170983964821,-0.03524542434335387,0.03964753961477019,-0.03592818102614381,-0.013605475108265375,0.007943246617078126,-0.007057197709676055
2022-05-11,-0.034857421188158155,-0.005478085204440264,-0.027249245395986832,-0.008858599570588543,-0.01575311424922754,-0.019246894616772647,-0.014229733060710403,-0.0268357197525545,-0.01376637031896255,-0.019493516621062912,-0.06718565996796022,-0.03242107190583876,-0.04129162543670106,-0.014501473694769618,-0.06896553514627213,0.0781679808638478,0.08909610939152923,-0.11440677666451782,0.0,-0.0551723799469902,-0.02951028390868371,-0.00999103270939472
2022-05-12,0.02414785012089804,-0.0038390881414755995,0.0391286741539556,0.0026983827185589337,0.019074768377995932,0.010025840572207567,0.0015359989000789387,0.008793806896389533,0.0,0.027259692156755166,0.054605832027101675,-0.003916455804208074,0.007730501652684296,-0.005763350130162825,0.0994151541262216,0.0699517788145485,0.005647589075064019,0.08133975276334549,0.024844726343476342,-0.03649634905757204,-0.0010367839985118144,0.004564134229358974
2022-05-13,0.04365626502351927,0.037533486615753286,0.016687907652905176,0.01530411001051224,0.05572286462578435,0.03294608077016381,0.021465850902648853,0.09147654076085399,0.02397993670295606,0.019353582113172063,0.059460748267956776,0.04674529154020446,0.06410959322158605,0.013443467109951923,-0.005319101716554586,-0.0021174700619963627,-0.10755614249154666,0.13716811685295482,0.060606043906419105,0.10606058352761139,0.035282030919811413,0.012100683282619817
2022-05-16,-0.006388030034504499,-0.007267414286946328,-0.02020196839274524,0.00231903503037878,-0.01161606965075579,-0.0041914323452462154,-0.0018014630772373863,-0.07069609838684421,-0.003844850585204007,-0.003131891961875355,-0.011964390627645094,0.01544243962317915,-0.03759008956583065,-0.005111332339107211,-0.012477748662284793,0.038991972845022316,0.030701848674460575,-0.0194552348696736,-0.04000005311440347,-0.013698579485316498,-0.010524447184331431,0.0027295122410244677
2022-05-17,0.016854512217182593,0.03172271554061701,0.0004295919557784078,0.014542921771538486,0.04494847392049084,0.023611676618354283,0.012631704836911561,0.004137924558604178,0.022456230138833133,0.030237854365992245,0.04418027678812897,0.01520759722127596,0.05457455972547254,0.039143693556479286,0.019855619904663557,0.03012510493583087,-0.07585570535597796,0.007936500427734305,0.0297619287457489,0.04861105667593568,0.023467657246461826,0.015073144108271208
2022-05-18,-0.02873181786656165,-0.029485867730304927,-0.009241480331226848,-0.03746505024599345,-0.020126321646503964,-0.04212221150955131,-0.014850201588196055,-0.00887570100705748,-0.04529870196705921,-0.04040608736495099,-0.03211970835421929,-0.05708501230201224,-0.017757406919253427,-0.01801058074468287,-0.044247786863752636,-0.031226725382438758,0.14534505376698004,-0.0708661690789496,-0.03468200294501955,-0.019867516844780164,-0.04734405600254854,-0.04266378777169111
2022-05-19,-0.008796621989161868,0.01705928081981578,0.015184623819431975,-0.015061856108437799,0.019734239330494452,0.002198595692121552,0.0018089433720327452,0.044136452611457155,-0.0010781790838364502,-0.007583420720021716,0.041173465198693915,0.0017174326580657873,0.010330519074667865,-0.01678256481189999,0.02407409484167289,-0.028396024712680323,0.018353695196264397,0.059322080986147885,0.0,0.04054047220396817,-0.004502053982102128,-0.01007063635400507
2022-05-20,0.011942774473258755,0.002236436819162746,-0.03376083871861191,0.003951818741905866,-0.005331770679285031,0.00041800434682337517,0.0019258375212687362,-0.00816829724132817,0.001439265754350716,-0.02754868979789782,-0.04972802789789277,-0.004714985456977572,-0.008179951522529372,-0.013411345027335875,0.0036166329417204324,-0.04160079082150481,0.008067325030748806,-0.039999961853027344,0.0,0.006493522531021423,-0.0015655217184152859,0.0004675159906202264
2022-05-23,0.019218756416135685,0.003506444703817113,-0.029190546999169342,0.017628161642423867,0.0059559195460689995,0.012740278425554807,0.01519799242362918,-0.024809512537135814,0.012217027419482829,0.019230639339069544,0.010055010034403677,-0.010335907761208851,0.018041257131542254,0.0016065853405122787,0.0,0.009340663141076178,-0.049719172932067734,0.029166637692187747,-0.02395222151526133,-0.012903257468944607,0.01829258110089471,0.009584064436193085
2022-05-24,-0.02052809003600653,-0.026207105435905986,0.007744828432542095,0.0033673882759150953,-0.022103794881023764,-0.012373839051861069,-0.02020803496576773,-0.0906788099111413,-0.00958458889502889,-0.007303554692846492,-0.04040108818387367,-0.025239335738020285,-0.0946835867966278,0.0007402536253506842,-0.018018086132081,-0.008165569897990554,0.06325031375238588,-0.04453446649403359,-0.04294472177167219,-0.07189544318093788,-0.021043659257410807,0.00409787163546893
2022-05-25,0.010265797294988,0.007829031396092034,0.021247721514719098,0.006712582910702203,0.014732658303796109,0.016913746516009187,0.0027301081180748366,0.07696769561638406,0.009677342242015108,0.013692941618999033,-0.009162437357620457,0.012946469663662086,0.014541400508135682,0.003698718400940715,-0.0018348169531452463,0.03128439207761469,-0.0411188734798108,0.021186522439583966,0.044871725540420515,0.09154935236248529,0.014680211389573872,0.005741950625774317
2022-05-26,0.015155294667119623,0.020229862493454265,0.0039840804439355,0.015836049546103625,0.02883845740462898,0.023922216762324755,0.016938989712240504,0.06392153195813433,0.024139286321442244,0.026612803952926756,0.037829550763079256,0.03085054381290675,0.030871080051445787,0.014617304489393801,0.012867678478875488,0.01889300292385676,-0.08330419901539077,0.06638997581485984,0.04907989453906958,0.032258064516129004,0.026696532237902915,0.014307102518731352
2022-05-27,0.04801760847800107,0.019828663935509416,0.0586418982605843,0.016901847665081515,0.012951898553837049,0.02797532682013215,0.017548734649045272,0.03394129895740883,0.02564982415760375,0.02788724733216541,0.08733431770123978,0.036767876562329826,0.051336847342553504,0.028329346374241116,0.0326678440765058,0.014625164408566427,-0.09873452575052899,0.11673150198791937,0.029239727383890246,-0.08124996932695994,0.03220923704263101,0.0181057193711589
2022-05-31,-0.02741579141774897,0.020843021035193088,0.022074238480581876,-0.008229799847273234,0.00019078235889691264,-0.010729672731651818,-0.003800013719753137,-0.052327327854922334,-0.010138516941729514,-0.018150839881793668,-0.01577950543998652,-0.014433005421432,-0.0010173172898729765,-0.0016482150414937058,0.0017574256492296492,-0.002831320462665321,0.006381486824916571,-0.06620203009689929,-0.034090888216357196,0.04761899595082508,-0.0040628885499616185,-0.004462643854873161
2022-06-01,0.0040337894531903284,-0.007313570004150893,-0.028524914426910297,-0.008786210621031132,-0.010112515542333056,-0.006211664209230694,-0.006748921555747689,0.021300771151847586,-0.007511175748874166,-0.01634550984967198,-0.013280175533293748,0.0012552588754959348,0.029022388622101714,-0.014858515222710866,-0.02105261220606125,-0.00025818626218665486,0.025153164047880816,0.0037313396321503323,-0.0058824284536022065,0.006493522531021423,-0.00832243386674425,-0.0131581652583318
2022-06-02,0.055289829047996175,0.021181801227054153,0.03775167452042005,0.010669838370038764,0.03450264065332265,0.02133140101114117,0.017430226765123402,0.048597784903283925,0.018919847567113734,0.018990988432563416,-0.02245468171377707,0.02256577523159975,0.028698755929202457,0.011252123905968636,0.023297511867092613,0.01575008049474258,-0.08247416564832066,0.033457216451626026,0.03550299855295869,0.032258064516129004,0.028467934928410932,0.014644073853640638
2022-06-03,-0.026105848997324488,-0.021343747159063176,-0.018997637382176635,-0.008933082015519678,-0.030557093645313005,-0.009034374265508793,-0.008130064922013958,-0.021917511342619433,-0.013504309443763352,-0.01611328910995702,-0.02161505876451919,-0.01838981888917479,-0.023088091796401256,-0.008167642211032389,-0.022767095196571274,-0.017031062049919776,0.07775305556402201,0.02517983236086274,0.0,-0.03125,-0.02287997042317802,-0.009309809206995867
2022-06-06,-0.000698106626324968,0.01397637826759679,0.016069263382686216,0.00032773707035671507,0.011916148737700194,0.003038887391502154,0.0008780348745558442,-0.005626847755700326,0.0034222761830497994,0.031767999627171584,0.02078021312685374,0.002497896119855847,-0.001969424383579388,0.01157657489085162,-0.016129059824093184,0.018877770662007354,-0.010634096295860984,0.02456146456271613,0.022857090732448793,0.06451612903225801,0.004257433018063583,0.0020233091336647746
2022-06-07,0.009220933384828323,0.007270618103173421,-0.00648820657322613,0.008683018437402712,0.011965851001014549,0.012118873906508343,0.00906677858982552,0.0032760269101832495,0.008185571107947043,0.012048170578518036,0.038142830984932985,-0.002491672181581528,0.014800159362879706,0.030556822470672707,0.04918041330057843,-0.0007614871277209501,-0.025289684245070054,0.09246574447669076,0.03351964766970861,-0.006060620932383132,0.007989473594228302,0.007852629472279382
2022-06-08,-0.010567156448596737,0.019999756962948867,0.0020407810761269296,-0.013967726149759163,0.008445899907891352,-0.015063740292749817,-0.01072454818511015,0.002572750272230362,-0.012686090925718485,-0.01662904824672151,0.021948551821826312,-0.017069102397939018,-0.01944577659040614,-0.02701775216459512,0.017361093864397548,-0.026415979909712672,0.020540691923517596,0.08150469774279645,-0.010810949555673965,0.030487880146515378,-0.008087911130946868,-0.012377510130007763
2022-06-09,-0.005643090501869841,-0.029147749502531073,-0.04480621721919609,-0.018613264132830043,-0.02828952716891786,-0.022549226710636083,-0.01230568848405389,-0.027240447537935197,-0.02381374304580597,-0.014411787001073928,-0.09755608706827634,-0.017365516171666262,-0.01834411689805915,-0.0004706543891371817,-0.006825931901308424,-0.024002137743108554,0.08114385829689619,0.05217393167227691,-0.02732237239248314,0.005917101340524367,-0.02576655371283354,-0.015643396238777973
2022-06-10,-0.07640358347149934,-0.010405462154442935,-0.012793446844108436,-0.02047664824351947,-0.022026394170197694,-0.024172366798988043,-0.013349366455969625,-0.04362820138877277,-0.029132896860485924,-0.03392476446080006,-0.05162631219160685,-0.03534489548305331,-0.04444440377146419,-0.013066517365831753,-0.04295532519351031,-0.019780852218260203,0.10758385440781604,-0.041322339018860954,0.0,-0.02941176470588236,-0.037161011862484994,-0.02184382282874997
2022-06-13,-0.056342683952212425,-0.04128658805902796,0.0030236223837536436,-0.02878692766836688,-0.04954964666207351,-0.04923406327991442,-0.03788352336173817,-0.09091873011458584,-0.04085317356565321,-0.03269446623282968,-0.07858720325139912,-0.0705987481213084,-0.09355182085762337,-0.03602095390003668,-0.021544050035540163,-0.0692663547221315,0.13605786976124845,0.0660919591416329,-0.07303363133480156,-0.06666668153844368,-0.04502792819577506,-0.02814882880262437
2022-06-14,-0.002233247910389591,0.019677349026959945,0.01205869635193313,-0.004410793548813241,0.00020615709105986646,0.0006483713028713201,-0.002187464746724488,-0.006068435729319921,-0.001507770163227673,0.012309838417152497,0.03782122777302899,-0.01923075159625831,0.03848395697332796,0.009774819580677718,-0.044036656792199924,0.0049809013661041845,-0.005917851270231145,-0.03504046175316189,-0.018181807048723853,0.04545457804691444,0.0018207502277274301,-0.010813910707437091
2022-06-15,0.016450045798586554,0.012179802704431753,0.004681016917376768,0.007265783679518023,0.0189533753175557,0.008102913171436743,0.004697873983062983,0.01326764009752579,0.016232632448668793,0.004740344384642992,0.0573379513054324,0.01127448757535321,0.03874231076632473,0.0161744845601286,-0.021113269233972498,0.00787173363758975,-0.07300664795635359,-0.00837988045505711,0.03703695157259479,0.049689485960244806,0.02198795908820106,0.006637346452900372
2022-06-16,-0.0314125714572564,-0.03313026645631745,-0.04955539143134102,-0.024982550941606174,-0.046906549632722006,-0.04372525378741199,-0.02462607118966398,-0.04716106084472871,-0.033432392654603404,-0.04758963241971714,-0.05796309825720003,-0.04556464687098194,-0.0632432473672403,-0.08682017269681386,-0.08039212844684318,-0.08099506108701993,0.11695113618118413,-0.12394367975508569,-0.041666604022297715,-0.07100594207536459,-0.038051224763818614,-0.02676109481900224
2022-06-17,-0.011750789375288284,0.007596566408906824,0.011586510554081109,0.00018068333911314127,0.006576167864975835,0.002465587159385052,-0.0015978357087063078,0.05508936634276451,0.002690163317802474,0.0109840067082696,0.05740003999950094,-0.004570855771802496,0.028274655122639825,0.01875080029050724,-0.01918979775902807,-0.011961002915956032,-0.03222875232144673,0.07717042367596227,0.049689389933640804,0.03821649679664074,0.008872351362586128,-0.005479570263623446
2022-06-21,0.006097679085753205,0.016522445513168504,0.0180617859835841,0.02255078932853971,0.02908331034666589,0.01866977080099863,0.013444410614824598,0.018672142430838035,0.022614069817094684,0.01768231990152902,0.015308964559516358,0.011734670293872762,0.03030308219837874,0.017239167916394127,0.03695653909095564,0.031538760679086675,-0.07473404382277737,0.0,-0.05917158454460647,0.024539862985219374,0.0252840070077045,0.022790272862198924
2022-06-22,0.0064464486648232455,-0.01877876085644259,-0.014279784816157437,-0.0015879229308967124,-0.007987051369392706,-0.006474965313751024,-0.0006317936998269102,0.03654676914813648,-0.0018742643870981457,0.008791907983681124,0.04677284078870536,-0.015128554625051138,-0.0010893495151843569,-0.012742099353027725,0.06079663794814061,-0.015132849360814382,0.003548446338095701,0.05074629287566834,-0.012578587977804312,0.011976151287815817,-0.0003574754278465875,0.0008326160624170242
2022-06-23,0.030958389652842477,0.001608318983907786,0.008779819376830034,0.010779315430521352,0.019198964382183492,0.01082517319136378,0.0018963213610068141,0.0528326198629423,0.017273877538438898,0.00456546326152063,0.05284035272729404,-0.002560222357973041,0.012540869156092871,0.0003871809240725277,0.06126481151880281,-0.01536531139844488,-0.04276802048162187,0.034090944496560915,-0.019108333130087862,0.053254347658162615,0.018412756274178266,0.0057246062862990055
2022-06-24,0.02941797509913524,0.02665377812005043,0.004786603698493153,0.026135933261136834,0.03342119027108614,0.03174768565854125,0.01993677417211792,0.04199070170972807,0.03137691596050618,0.03119180915053632,0.007050187102839889,0.07751541398180573,0.0037695043605050493,0.04502641939856433,0.09683426294382036,0.041082771460208445,-0.10272661275554928,-0.07142856675002807,0.03246755845422111,0.028089957343105265,0.03668590427747431,0.029970117390134554
2022-06-27,-0.017151536870802175,0.003440803574355167,0.024686087807291424,0.00017080937632085735,-0.01666010208912705,0.0042410983400256175,-0.0006206821204354229,-0.0028855812490282684,-0.0025053696834519412,0.02003196147844899,0.007555252690171876,0.04811816292973847,0.004828334524403122,0.008518548659336433,-0.06112048639010381,0.009483064738881053,0.019408099580897398,0.03550292351955475,-0.012578587977804312,-0.021857976253905398,-0.007958106512403584,-0.00040170607624490096
2022-06-28,-0.04051749585285447,-0.008728200759054672,-0.026627247930499975,-0.01623636257114891,-0.028901688229698408,-0.013303654461543246,-0.00838245487170819,-0.06785745419108513,-0.026193009514509646,-0.019245697544277074,-0.02180791246309044,-0.00545458360151807,-0.0165509596112553,-0.025951801728768986,-0.05605793993766284,-0.016666643547289306,0.09173078356228737,0.011428560529436416,-0.025477713154661408,0.033519567240754,-0.027991036436413208,-0.01637424048852365
2022-06-29,0.007849451847113498,-0.004874255960215068,-0.011723887546734035,-0.002085013922006551,-0.007389105726154366,-0.011128749708578578,-0.0018785072341476194,0.002033987844588747,0.00129509917691073,-0.01601911620907248,0.004360328479795728,-0.05758676279076502,0.04614551454663962,-0.017594590062188664,-0.032566974384982794,-0.04961480963015308,-0.002113747914901487,-0.028248560935074996,-0.006535965839544522,-0.016216189688181504,0.0015486269692748245,0.00108112391491888
2022-06-30,-0.006621444888483707,-0.00869012444236783,0.003514962809789912,-0.0022630499860034625,-0.014061260086696614,-0.009414655075749012,-0.008782908308821114,-0.02628204192922934,-0.01237992641867125,-0.0010176112970279316,0.0002801522694897418,0.04316194730482481,-0.05656461477398367,0.004221591899509436,-0.05940597611961829,0.00972760167238107,0.038658415154540604,-0.06686046954874991,-0.019736830735570865,-0.05494505346344458,-0.011070083111879514,-0.00599872990769057
2022-07-01,0.006610974823456406,-0.010200825687946447,0.03021022844178778,0.009771074455919182,0.005872438028254656,0.012235177730985258,0.007278540619968021,0.039389993321559125,0.015528535285435296,0.00916697789412102,0.04970241891051508,-0.03533241379799579,0.007700736375047201,-0.006496842499751243,0.04631574530350524,0.0006422754706385536,-0.02073433858016749,-0.009345785368615966,0.02013421635577828,0.0,0.008884133790886262,0.011466500540885827
2022-07-05,0.021737893533508634,-0.0067633349313209745,0.005949748156070855,-0.004320010596516322,0.017723150120618536,-0.0011871749613643345,0.0012564529018055381,0.03979728184809006,0.002947580003803685,0.001614642809412592,0.03727906936750469,0.0014458162238799588,0.021288176645473333,-0.004744135495859281,0.0724346375677658,-0.024069319758430296,-0.051371129108322755,0.047169765345890236,0.0,0.029069695279761554,0.012680607423948276,-0.004152714659789947
2022-07-06,0.016839747409868266,-0.0087548426909545,-0.004647234370627307,0.003818429478073204,-0.015570619892933402,-0.0028094308514123867,-0.002509943904608014,-0.03157361025737626,0.004776083504693274,0.007859760205155553,0.02584547027120987,-0.020692988015737934,-0.026723678485636504,-0.012754515049378301,0.06754223990008779,-0.02729365103159276,-0.01847775459414125,-0.0450450031187728,-0.032894762205264994,-0.05084744587837153,0.005739180236206787,0.005487934420504548
2022-07-07,0.02105380549820235,0.02764153524675872,0.028438032857877493,0.008644429736536008,0.021644117461403045,0.02210436685266881,0.009751425702321681,0.04287665366867577,0.011334476951364802,0.025994775454752928,0.08047127434415713,0.07027028394937562,0.025260901424949855,0.012919294384026614,0.026362055159750986,0.032116320669024034,-0.062814632962229,0.14150944598645943,0.040816372818042845,-0.017857114166373256,0.019021230846515635,0.009176844859245081
2022-07-08,-0.00370951457620472,-0.0027057838522988042,0.01568300665088107,-0.0010284301805860707,0.002240824725282309,0.0,0.0032710492402003855,-0.0010052885016177404,0.0,-0.0017539243342841182,0.022215788669658343,0.005968739975582782,-0.009105520921223853,-0.0023189938006502597,0.0376711959663496,0.011136591711136568,-0.004772936357812396,-0.005509702125222393,-0.01960783148410228,0.0,0.00016964615032399877,-0.005597750680888858
2022-07-11,-0.013557926114925234,-0.036067535550104335,-0.013002699300104115,-0.004976059955213552,-0.03455293664099557,-0.011449195106298937,-0.009936349328357741,-0.03290397196055406,-0.010845872340770168,-0.018352168753680176,-0.005504177746237904,-0.006846171591735062,-0.017837833713840845,0.011880141269900113,-0.06930694393724757,-0.011013934024769356,0.06394846058802606,-0.04432128865972229,-0.046666660829214224,-0.006060620932383132,-0.016117955671515638,-0.003901868211349746
2022-07-12,-0.022438554339377026,-0.0014900966369382207,-0.01193918073349598,-0.005690610140827945,-0.0037894859679638015,-0.01243974216575372,-0.00611575882269666,-0.03610447610723855,-0.010965010553941168,0.004176547369739714,-0.011468644127782035,0.020680094248967107,-0.0038524873159216932,-0.0010209524046904672,-0.03368795420536985,0.00786111253587829,0.028925585655432906,0.014492739601511984,0.013985981871318831,0.0,-0.013278332644130586,-0.0029140491379300304
2022-07-13,-0.009586211912451903,0.0034819665564795876,-0.010416809243383396,-0.005723178518543315,-0.005705768702340408,-0.00043416536992568755,-0.0009466953636640962,-0.007987887183127707,-0.003325957967384774,-0.0013866962424421425,-0.011601699895156914,-0.027465048543355852,0.003314887551262524,-0.000894221971331044,0.034862397040354764,-0.005524864275751162,0.006206747601875007,0.057142870766776044,0.006896570945604585,-0.024390229304918187,-0.002621353758934908,-0.002395316521420443
2022-07-14,0.0027423482469663973,-0.012392600885482441,0.020210669169344442,-0.0010465483529340514,-0.006376271184753257,-0.008582429636976974,-0.002527041691304688,-0.01871600861963829,-0.005932537466577514,-0.013288128441913849,-0.06610609063937833,0.005092532456494547,-0.0016520202036115483,0.0001278882028838968,-0.0017730057236523544,-0.0075163248159829665,-0.01070391640369539,0.0675675666967912,-0.020547932882090225,-0.03750001533652003,0.0014016750468257566,-0.002281357186980526
2022-07-15,0.01850062755944548,0.0053538892878990385,0.00288893083720132,0.014318212221240856,0.008984014391122619,0.019723715346390946,0.0060166874909779455,0.023730310295037915,0.01864968292534197,0.004020115814756364,0.04370938952725334,0.04283741798224816,-0.024269092502836043,0.015213531358156951,-0.01776197204260599,0.008231807477497188,-0.05299830690027507,-0.012658215623466695,0.006992955609494755,0.012986965391807548,0.017672778196223815,0.012466924638060428
2022-07-18,-0.012188634085660066,0.010983497134756437,-0.031687096128286574,-0.011362044248322212,0.010599918056032998,-0.0032235080305164088,0.0009442474603220674,0.014406432359739929,-0.009520184102602691,0.004404261821053579,-0.021029355272980665,-0.02959364374366047,0.015828082014910594,-0.01926717463962857,-0.01627489135140736,0.0022860774952861984,0.02420605470870818,-0.06666666259113552,0.020833321639718072,0.019230817630046637,-0.008596957823996831,-0.008438580792096584
2022-07-19,0.033579338584398544,0.014320918065108712,0.027624241335253208,0.022462497143298954,0.020767764047607384,0.029754069945655992,0.014151118105098615,0.0,0.031792890227947845,0.051624675780185036,0.022888651363924817,0.05689576873314639,0.043405715996096106,0.044042121547779756,0.023897079609102256,0.039752339267658865,-0.08962002585093776,0.04670325081758242,0.03401363256006551,0.012578647412279542,0.027575573141314758,0.025843219067255285
2022-07-20,0.03522162838113618,-0.004381717214819614,0.04135649832347266,-0.0006810912540288205,0.023633496101662432,0.014342711715140233,0.008681826290052763,0.07047515607671695,0.008599062330072238,0.005875570303371491,-0.0014957520695999538,0.029285113061338075,0.052266642252604134,0.03332922353760703,0.012567269778618329,0.024757158235819032,-0.04963637662889098,-0.047244050142243865,0.03289476220526488,-0.00621119527081937,0.012995695180089362,-2.349429828185645e-05
2022-07-21,0.01848119158189432,0.010269025159849399,0.027799821577599415,0.0069869434748306425,0.0172655155591519,0.007740570300007299,0.004008484346925245,0.04109728425518244,0.006749626816134668,0.00584140744880246,0.011983941562193179,0.0531380953152405,0.031424270330374426,0.015115500157137252,0.08156029238234863,-0.019266087260439657,-0.04283237488185632,-0.041322339018860954,-0.038216537555930796,0.006250015336520143,0.014328516555034643,0.007244535561921506
2022-07-22,-0.017143160360091114,-0.016941073621824954,-0.010046194575413336,0.0,-0.02151167529474629,-0.012085221864385765,-0.004913788679121178,-0.0408163459243559,-0.00599864747731782,-0.005432723699360875,-0.03179581465210568,0.005164845465735146,-0.06240788373252848,-0.0042209005333241345,-0.04426229264716308,-0.0174617858207452,0.05205504646926995,-0.0028735604621976663,-0.019867604171036723,-0.02484470487696755,-0.014290450951768063,-0.002668075817701121
2022-07-25,-0.024732526977759628,0.003446671737217022,-0.021858146056504824,0.002456492562031398,-0.0014119078320927736,0.005598229575174196,0.00030895302167754934,-0.022675099976237734,-0.0035497918412888962,0.003013745763288167,0.013270536400730615,-0.006324104831502697,-0.009958099309085977,-0.0008242045752112626,-0.025729004687890078,0.003490974597033958,0.016275856673327427,0.025936574474714646,0.027027034407073547,-0.012738884364127179,-0.0023328881744952845,0.00355963647125912
2022-07-26,-0.032401219426265504,-0.004416184875741469,-0.011572181886443711,-0.0035490386337913016,-0.023429667986799352,-0.005567063873550326,-0.007096716667266301,-0.04047423582066367,-0.008193963826413575,-0.020281955043911615,-0.028909460283313093,0.021479750542463982,-0.03546850703770266,0.011194873219530832,-0.05457745636415179,-0.0018975765875555162,0.05957735531015329,0.07303370636019069,-0.046052627205988794,0.0,-0.01803907653730108,-0.0015301901089777026
2022-07-27,0.03564833798856615,0.015771414787760785,0.04481228043788543,0.013738022915286363,0.03205805191360844,0.023014782995836036,0.01771275239145509,0.015977844523694662,0.026580525226119533,0.02875239256101647,-0.017899252537425747,0.035046713700734644,0.06256867947088773,0.037757902171616786,0.013035413995002187,0.01330798743349737,-0.12394203300532791,0.05759163153269253,0.0344827850502063,0.05161287156331351,0.035890541884959104,0.013883491210231247
2022-07-28,0.027292635200415916,-0.0030729232964543662,0.005023321283126325,0.011711643343347733,0.004208403962973062,0.01732874878203039,0.004885651396862034,0.03145313573483555,0.012946147220289861,0.00894353101287848,0.00031643494751198986,0.00827687411534872,-0.006198390260857556,0.026614205906427824,0.009191123781578048,-0.005628527446914222,-0.030825861262958276,-0.002475186173044208,-0.006666685077093781,-0.006134909292855095,0.014942582372783342,0.014014257924835238
2022-07-29,0.016406431517193232,-0.021576833885693092,0.03575545141310332,0.0047953834247631555,-0.00199571115681918,0.012451507487198477,0.007899975505337276,0.09900392117388135,0.014162468630106284,0.012742388269776583,0.03808432172286946,0.0067164294888064635,-0.026507288718756405,0.027674456683114412,0.025500974345986194,0.004717029228858971,-0.05459300948915857,0.03473941915557699,-0.006711428054349655,0.024691342129502525,0.01925236359961846,0.011833432227891238
2022-08-01,0.0023651644207836053,-0.014922997764706625,0.030809172946870467,0.0008232390133720013,0.00679862769192674,-0.005608158136735986,0.0009047319351054295,-0.008694066014865776,-0.0013624858959722097,0.007841033249059937,-0.01572309030796737,0.003706463423514217,0.012813656005541407,0.0006386928146611126,0.05150976127143925,0.016588380802533553,0.0015063706572528979,0.01918463363126688,0.027027034407073547,-0.06626507404360904,-0.001904671616247633,0.0004014782673571471
2022-08-02,-0.0027488017049281943,-0.0006733088863135617,0.0032409208846790882,-0.007728943500312169,-0.002780476410102928,-0.0006924936724771458,0.002409134578264638,0.04805002342988618,-0.006821321896578025,-0.009951243166655965,-0.0043340782121849,-0.005539129208008697,0.026357407385250164,-0.007446064905118677,0.0709459579191214,-0.006157659044279784,0.00977693955532466,0.0,0.006578965734846953,-0.012903257468944607,-0.004134901655394763,-0.008455349867698247
2022-08-03,0.035564487739631945,0.01280114006998856,0.019741569448875618,0.011766628336988383,0.015933037100845038,0.0062375298933154966,0.00871419601542045,0.030891134729277736,0.014766545986098167,-0.00018260000985703684,0.1596916132357591,0.028221322698454232,0.10118137083609957,0.006323052006454777,0.15299680865081866,0.0040272947035739914,-0.07994036876817878,0.01411763359518603,0.0065358998050133454,-0.006535963960259239,0.021079462161522677,0.0118577089816021
2022-08-04,0.014250689384269322,0.010144718810076725,0.1439636849146706,-0.0013104747858757593,0.014114925281532464,-0.0008854212138436068,0.00238336764235747,-0.0006908620807111188,0.003722462534338611,-0.0051181735806838935,0.04123538503997248,0.011195357889614233,-0.022388126755056525,-0.0006390328755399022,-0.032831706292313134,-0.029003410628916537,-0.015110762696202262,0.02320183432950995,0.0,0.0,0.0029715730722597034,-0.0029350235968390592
2022-08-05,0.006595592935378036,-0.005103696699107263,0.014153359233335827,-0.0008199391483945107,-0.0017397329345819612,0.0063028929786859145,0.004160328371357824,0.012875888766435306,-0.0026972775025950746,0.011942164529342492,-0.03779996196696789,-0.011785711560930556,-0.014312941324639117,-0.012894278896983358,0.025459663927607012,-0.005084202443697339,0.024109755767983465,0.056689344365103755,0.0714286417204344,0.0,-0.0037424642595028645,0.0031219217663160936
2022-08-08,0.0020995401275565317,-0.009432479965710505,0.01243928331980615,-0.00032808553529672935,-0.014136465104374274,0.00694861397380131,0.003846907982515635,-0.0029007451629241565,0.0030426108331027546,-0.009985494320249755,-0.020873442372753126,-0.025659594863159274,0.01500481453203939,0.003346704061106376,0.08137933139143327,0.0025550918259540367,0.009898277002374778,-0.0836909612136959,0.04848479838592401,0.026315774604481312,-0.0009390390787262781,0.003268202301097034
2022-08-09,-0.01788918607354617,-0.009522160748508757,-0.0047944122710456005,-0.003284454628052047,-0.017481794158673014,-0.011177141263359003,-0.009433787415438766,-0.04637636408798973,-0.010448129872830392,-0.0001834666237425786,-0.06450203834198165,-0.026706206891867756,-0.02718167446296582,-0.015924287906777912,-0.035714311780456365,-0.01178715957563159,0.033642287321843156,-0.0023418623160058605,0.005780363024411539,0.006410351192174701,-0.010026626528114257,-0.007520102563688846
2022-08-10,0.027732813768301723,0.00944505351811209,0.02198112306224065,0.015321530016445761,0.023990455417762346,0.023097985287040323,0.019047866221317156,0.058950200760214955,0.027588415356425422,0.012530020424680766,0.01828914861502451,0.03696643756918583,0.072058884715265,0.03772145869420229,0.03042328317649745,0.02675692815788855,-0.08175288199507336,0.032863816658137424,-0.022988453688987498,0.012738806216256782,0.026428126594410184,0.01783615742700273
2022-08-11,-0.008006339637120607,0.009523751639299194,0.02357128558620092,0.000324174645252695,0.003514187222933174,0.003939036730265633,0.000583990025971648,-0.015759981646011223,-0.0013258411174994489,0.005459490697367064,-0.014116065034468606,0.006247706064457681,-0.01646093262629167,0.00842898947945847,0.012836958295540324,0.014756650164059026,0.014233952564088659,0.015909021206140128,0.029411726250480275,-0.025157217659677045,-0.004162630205950979,0.0012520619634539543
2022-08-12,0.024787873752427636,0.00794443866716299,0.01727107800842176,0.013138851360190662,0.01225684915771752,0.015980890946341475,0.00992440381656845,0.008694856017513963,0.01377365160723687,0.017556538895364904,-0.0036668697501007763,0.03652301061546126,0.016736429870799485,-0.01264234767576089,-0.0823827764723345,0.027537110088245553,-0.0564115987129058,-0.002237081099336957,-0.005714301549635814,0.00645154957823979,0.018578751077371836,0.015133125823708626
2022-08-15,0.012004342730599804,-0.004269328742928735,0.014714058377250927,0.005443497860477375,-0.0019219159109084005,0.003390674702187235,0.006647180150245902,-0.009985475695393542,0.0060566201417067145,0.0010671137590572144,0.03271413917000321,0.025722391514166665,0.01600358759443754,0.004232820379670876,-0.01933699874468009,0.009033400943416758,-0.024497105819935472,-0.0134529018534425,0.005747142454670451,-0.019230738981220852,0.005927804252397362,0.005508968134382508
2022-08-16,-0.0076714813963006945,-0.00412273816890707,0.02704987156392402,0.0044586555964394314,-0.0017331828941304916,-0.0014079948977567813,-0.0014353604529432351,-0.017586214789028776,-0.0009761001875473463,0.0005331362551244112,-0.04989247723913104,-0.050841683907717594,-0.022052195601269364,0.017175945492197586,0.0014084829600224946,0.022083011504995476,0.00717500100492674,-0.020454579690270425,-0.022857090732448793,0.013071927920518478,-0.0004532434333673896,0.0049424246643658964
2022-08-17,-0.02176242355774849,-0.003808511544157067,-0.01616654226909775,-0.0038045851259018715,-0.0117669799422645,-0.01071633028079444,-0.009776020330577118,-0.020533488563439728,-0.009120599017365172,0.001953445835369383,-0.05929987089625943,-0.013391203153207076,-0.002761135168261819,-0.005386891636198099,-0.0393811820745984,-0.004087573420392343,0.0353219351952927,-0.002320128115414488,-0.005847969110187923,-0.006451628734472359,-0.00831445044571244,-0.007953800077743267
2022-08-18,0.002763673278599388,-0.008144915582535384,0.031206727316728022,0.003659762987758164,-0.004294364232705905,0.00722156020574527,0.00203268453089378,0.006987983874787718,0.005917123072529895,-0.0026584754512894992,-0.05063291139240511,0.01027148511718834,-0.011998164650043774,0.014685928563090478,0.013177182078071725,0.029903267062801664,-0.006880674100522843,-0.018604743487125486,-0.0058824284536022065,0.0,0.002286491751396502,0.005431240011551042
2022-08-19,-0.03182015183369269,-0.012233911778033235,-0.021960286718050948,-0.0077689572967587495,-0.028033639878092265,-0.013867839299043005,-0.01072140381129727,-0.02642349804612154,-0.014705888018628377,-0.003554452777915884,-0.025999959309895848,-0.01815540970872276,-0.03176087389173776,-0.019400527870784945,-0.024566484742727046,-0.018218029325063556,0.05831407851153414,-0.014217996626207485,-0.06508870115114662,0.006493522531021423,-0.015513078031215932,-0.008145774340248324
2022-08-22,-0.03225425006781124,-0.008143995022233619,-0.025739068124161935,-0.01597934348243457,-0.02198467962297268,-0.0192288914255051,-0.01288826271602761,-0.02339392809517038,-0.021890499343026337,-0.02960590927183704,-0.02484602827627913,-0.010724885566139708,-0.02170761531730714,-0.003140326873198873,-0.042962957311559635,-0.023195216376497907,0.0785596113930116,-0.014423063697193705,-0.025316525307029547,-0.05806450029778576,-0.023945722081124776,-0.020056189199004648
2022-08-23,-0.0022851645252429664,0.0034212523657446425,0.006745116734556467,-0.004222352966045895,-0.004743270036333014,0.0007804438740488528,0.005496771068989936,-0.038177240817795166,-0.006781932693575521,-0.0005512296097716085,0.009194901013332757,0.00037384033203125,-0.0004931079163336127,-0.013126115257130144,0.006191944522728088,0.013653989846269532,0.0035408423832499203,0.02682930148123064,-0.006493459206253216,-0.027397327042082864,-0.0023741953278287875,-0.00324212424490955
2022-08-24,-0.011598181630932958,0.002557137629434436,0.006420999516974835,0.0019568590441110256,0.0020722148975580446,0.005847781691485032,0.004137850466310988,-0.002529449692719954,0.00443841055488825,0.0018388031620546474,-0.016344457667737955,0.010463403746286515,0.015786861746303282,0.0023408553250745534,0.0076923370361328125,-0.16837486531270796,-0.008568541189807322,-0.0023753512568226443,0.013071865644557867,0.007042271166796565,0.004125061484194781,0.0003319424062551146
2022-08-25,-0.0042401115409409496,0.035368069020123905,-0.0013868007422839224,0.010759996781127157,0.02936300355186039,0.013953472292367097,0.013536848369084087,0.019116347486667795,0.016995171867156822,0.02404542508739871,0.004383867694866428,0.04031058462772985,0.039825142726924945,0.03014866304980446,0.0351145057062483,0.03063383277884779,-0.05185549913243448,-0.004761900436850985,0.01290326197221181,0.05594410934325711,0.015958336229666026,0.013050331914529423
2022-08-26,-0.05671775821930192,-0.02020041354097546,-0.05500001126429477,-0.030322895132708028,-0.033145764720910575,-0.029529804571101104,-0.019453839295301756,-0.039621011333984546,-0.037433149110171815,-0.03226367317234635,-0.03766283694880512,-0.03732667146769775,-0.046240064370566936,-0.028544973684328512,-0.016224207980889416,-0.020840471500223834,0.12225186871274674,-0.007176969905071773,-0.025477713154661408,-0.052980180341222316,-0.038413736379418695,-0.030349603136539227
2022-08-29,-0.015117262647971419,-0.008883664363276256,0.021457843269809374,-0.005156289839800987,-0.015998396729613895,-0.008862561782759015,-0.002961612564246874,-0.016043852863303787,-0.005555574127730001,-0.002593136457455625,0.0040965440460527525,-0.011078258416017395,-0.0029382696238104966,0.003712804879381082,-0.03898054361437131,-0.0062805410374778825,0.030100474011560685,-0.0650602348727437,-0.02614379732364691,-0.034965036165017005,-0.009704008239902695,-0.004818863157017073
2022-08-30,-0.0005063221138988938,-0.018264796131193584,0.019856131898542184,-0.01036602993443192,-0.00654561975104806,-0.01440639358077389,-0.007127708251541298,0.014279964478576712,-0.007332482625667991,-0.014670277359314476,-0.009689653826909117,-0.01904407079183379,-0.0034380988568649684,-0.00665826320571794,-0.010920389468102698,0.0017556581886537526,0.03269939931375232,-0.046391768414455026,-0.013422856108699421,-0.05072467504802336,-0.00996249996812304,-0.010769685089807246
2022-08-31,-0.004345868373856643,0.01981051885465357,-0.01185094034351053,-0.007433664621549707,0.004038288490471276,-0.0064518050887001355,-0.0029914916450090034,-0.020369454662466535,-0.0077382189407432245,0.0030155281157302483,-0.026925539619869432,0.004187236432667163,0.00788565008341946,-0.0027661933476451628,-0.025236643595971775,0.015422313919359443,0.019312723249898855,-0.035135165612308894,-0.013605411786133392,-0.007633513431701822,-0.009237780405826346,-0.007777394199080079
2022-09-01,-0.00779242620791798,-0.014358130872027197,-0.0585383100546476,0.006808526424551431,-0.020745261035548412,-0.004261326637049145,-0.009001037971326897,-0.02028333351737399,0.0017724836676649147,0.0030063053930684536,0.05050270250253597,-0.040561020806079706,-0.010268996771964134,-0.02123125383433433,0.0016181600581894884,-0.005177757061979871,-0.0015420174032391154,-0.016806706975212804,-0.006896570945604585,-0.007692326568024654,-0.0004995579958170238,0.004149684355517547
2022-09-02,-0.0064501771482285974,-0.01576693242897076,-0.01273854163213528,-0.011665431388280467,-0.013618553095185115,-0.007030682834976876,-0.0018163622953281111,-0.04868914036045635,-0.01415429352883113,0.0013113066305323606,-0.002734722075344753,-0.012248102429220697,0.002964400524747113,-0.009919294243565968,-0.0016155458464287564,-0.010756400736466887,0.04214432087324327,-0.008547000419168338,-0.0069443937721114235,-0.007751957153994571,-0.011161135953736245,-0.011708139397864414
2022-09-06,0.000434544298815176,-0.019327866336800392,-0.016589882583177173,-0.003934189183796621,-0.014464100029471294,-0.003078372345045155,-0.0024262028184420803,-0.02941822363937463,-0.00358943139372625,-0.0407856912232869,-0.06126870927631256,-0.008799972534179634,-0.0024630166965359246,-0.011560090615332586,-0.017799297691375116,0.0,0.02244372534251249,-0.04310347544405113,-0.006993026261824076,-0.031249982027514833,-0.002695268007691598,-0.003949171967013498
2022-09-07,0.031007368466582363,0.005859323967065899,0.0012494033045031827,0.01562757107660029,0.0051144594675180954,0.017704483099380663,0.010337225384641657,-0.003943644778829247,0.023054761774492505,0.0354983164994116,0.03705405902199943,0.039144442553516345,0.05629626615547845,0.01804413865681176,-0.009884669041635097,-0.01718694378058172,-0.059432748773370014,-0.05105100353460923,0.03521122301169344,0.03225804536542731,0.018749915514337134,0.022621706934534247
2022-09-08,0.01029707060344398,-0.011297510648240139,-0.013416238568105476,0.001690804738429863,0.0013273802445230576,0.010518990523330274,0.006018810894331095,0.0011312044388576137,0.007394378036625904,0.000565013494447486,0.04729433040381159,0.004271868363167508,-0.007012605086976542,0.0030634439236589817,0.023294486048903718,0.015346191939716425,-0.01607219070510224,0.04113920015548511,0.0068027402579773355,0.0,0.00547177692067069,0.00045607108940948216
2022-09-09,0.029064446874770278,0.022138950702092375,0.006641262104231327,0.013842081800920392,0.032478999434994105,0.017615736918538127,0.014058902076099722,0.033333298850194204,0.012932434080690003,0.009977497758604015,0.007078142756514083,0.016628008315036746,0.031544260052441375,0.01603404467506464,0.04065040587370339,0.016520186318122576,-0.06377253427464302,0.033434691425482166,0.020270327004377142,0.023437462557322597,0.019294227310356904,0.014346736941884375
2022-09-12,0.00400219508878652,0.010829788988431677,-0.012252496405799285,0.0053280991811623934,0.010913822892021585,0.00954066078825333,0.006194923525009166,0.011372344999813988,0.014492913789747375,0.00018624245551013274,-0.013775593701813582,0.004944813854678154,0.03696939623840545,0.007407351591078859,-0.03125004423782163,0.009681904768562788,-0.036567983248597224,-0.032352979537936366,0.03973507452375569,0.0,0.011163137319295968,0.006081458725376132
2022-09-13,-0.07056708985978055,-0.03594256526829909,-0.05184486916281972,-0.03809227464009901,-0.04339544530565698,-0.03848396391304254,-0.018469873184311925,-0.05503293821444122,-0.04659859651510001,-0.05926184813975166,-0.0642816690539334,-0.045420165006592295,-0.042693633040047696,-0.02962488158340182,0.07258069353967156,-0.04041096829947466,0.16497144396151464,-0.036474129772176234,-0.03184715753135736,-0.007633513431701822,-0.04687996544301498,-0.03467663343518146
2022-09-14,0.008496360489633092,0.0008960798543926618,-0.011740951532056565,0.002410745569505268,0.004647031776153998,0.004154331681193835,0.004420680842558866,-0.014416500162844792,0.004994515846354464,-0.01782886600798561,0.06169071330130582,0.0011895593759838619,0.025747101882408474,0.005710567608200767,-0.003007515885668388,-0.011420402912076133,-0.02384991860934571,-0.03785492778850452,0.0,-0.03076921189351378,0.004364722406053456,-0.003408862487824127
2022-09-15,-0.1679317021312774,-0.010207674943900846,-0.020706114313094326,-0.00875988615475587,-0.012114509226396897,-0.010191693465767426,-0.005144468194063445,-0.008822871390939402,-0.013489460097258155,-0.014118689407750185,-0.025394501012399928,-0.011485184773360135,-0.0013446337971755318,-0.00840799581857865,-0.021116190181930228,0.002166045642231884,0.05017420683406226,-0.03606553993952921,0.0,-0.015873054513781182,-0.01370570527230186,-0.009610606220386342
2022-09-16,-0.031151957851723644,-0.004704292580971603,-0.008665503725032053,-0.0029459764443575676,-0.019843967602872103,-0.017025292028931216,-0.010611349246856139,-0.04216442480591642,-0.00791649874500655,-0.003273317537129339,0.013837810057165889,0.016025702746429227,-0.04308801446297561,-0.009360186069519938,-0.036979935220677884,0.003962557977111203,0.02035733460961553,-0.027210938968575293,-0.02631579647041793,-0.016128973210067232,-0.009320403635204144,-0.005427293910195807
2022-09-19,-0.011485817834411494,0.0025451862420926563,0.01468542332832734,0.00695177353100318,-0.00022741119131231002,0.009852850362112475,0.0015108725553638624,0.014428959681942466,0.009067647847173843,0.036945864439196896,-0.07143896888964119,-0.006309142096266318,0.006566575593452084,0.017007545518761047,-0.052799987792968794,-0.007893836170733914,-0.02442993549867789,-0.006993000580457598,-0.006756775668125714,-0.03278696438085815,0.007868532859873767,0.010866866179596979
2022-09-20,-0.016888468692939362,-0.007615799380860322,-0.022053907318400068,-0.0075940395956412,-0.013652038399932898,-0.017151025663451613,-0.007843120963178074,-0.018804213787482205,-0.016319148151752727,-0.02632635752230028,0.014112590177026485,-0.01984126924056795,-0.007921629832142618,-0.012241721973315522,-0.032094603846593794,-0.014466532515327923,0.024207036437371876,-0.04577460561662139,-0.02040815204411084,0.008474701395342565,-0.00797684364011042,-0.011451220669786766
2022-09-21,-0.016354050043124735,-0.017723239877554087,-0.001409414883255189,-0.013217395235150864,-0.01268739976605704,-0.013061802920575238,-0.009729276457031588,-0.02100735936631415,-0.014470436519091079,-0.017483150980603157,-0.030415170110114298,0.004048521094425883,-0.015500320190874661,0.0,-0.0034903980558358416,0.0073394775390625,0.055012209728830586,-0.029520266634666337,-0.02083325147802617,-0.01680686564652778,-0.017792831375330498,-0.013428371474247025
2022-09-22,0.0026545923787275605,-0.012090679984548047,-0.02399441543482239,-0.00458211008104048,-0.012616772523152964,-0.02001061782521807,-0.01596613672967584,-0.02635219022686941,-0.011865147786705443,-0.018415343275992035,-0.011450400898104007,-0.02943546631829863,-0.014312941324639117,-0.013610748252191662,-0.01576184798364688,-0.013479083021846083,0.036693862508858865,0.007604555154464343,-0.042553235701705217,-0.01709395525049595,-0.012018902884729843,-0.010111549964684885
2022-09-23,-0.008708980774967512,-0.02297126288319784,0.05133796597170104,-0.014518424529375129,-0.026029282365349182,-0.024297732695947483,-0.017028787967255044,-0.02268326575466606,-0.016135006632602256,-0.006955888776426278,-0.0054697579379425765,-0.023680918240592486,-0.04259434497899239,-0.019519832574416585,-0.04626330201763207,-0.03545048327833511,0.04806240062723521,-0.11320761507114863,-0.029629636836361217,-0.008695673511680102,-0.016749012439168043,-0.015323454558086369
2022-09-26,-0.026707921593760564,0.0030833849872944352,0.006533533739923714,-0.0076615402888742246,-0.004373191667415899,-0.010754994960917585,-0.005721218632361524,-0.008835528850942631,-0.008390598045930675,-0.0033961246078033636,-0.03194756525187181,-0.008510670763380968,-0.047522775602948264,-0.0022883818552050794,-0.03171643135435542,-0.008039853946170572,0.012619932461167993,0.004255315263436366,-0.06870232657791309,-0.008771951538317557,-0.004303464750394559,-0.005850798208438257
2022-09-27,0.002202541478773634,-0.009413909520272434,-0.003758203050368336,-0.006721051622399887,0.006588600714870108,-0.00011216490950327618,-0.00031978575776647755,0.00997871159468966,-0.004230722376404983,0.005750672776331012,0.021221496062470147,0.02961375779618547,0.023354592913693795,0.0014908817358063597,0.01541424331869834,0.008876863897754994,-0.000702074934440744,0.008474669590729178,-0.008196661576930442,0.026548738865685984,-0.0012605846013812316,-0.0061574929352239405
2022-09-28,0.013798272404092815,0.004848694266252007,0.0408094665120613,0.01664232191208148,0.017696857286156442,0.028135799362741576,0.008602505074002842,0.022921851927640624,0.02510627056073811,0.020541941065343572,-0.0006545187667308383,0.026260986833092748,0.038381729500182704,0.0326348152337681,0.07020870719131067,0.01912777397378229,-0.05708748149724996,0.2184873764380746,0.033057858830415565,-0.008620710626632166,0.019002458891658858,0.014182414245473618
2022-09-29,-0.011194008403721312,-0.02721487467342132,-0.05041182622761775,-0.01583034792363902,-0.03001420454017123,-0.015154817605686488,-0.010114418594868502,-0.017256972839061246,-0.020346742307616572,-0.02033589392149726,-0.033401570037559836,0.008935796338557012,-0.007992000187495574,-0.017298708730479118,-0.02659576221956539,-0.003753696562018294,0.08327120484637196,0.0034482724601392345,-0.04800005108219907,0.008695673511680102,-0.023953135643902113,-0.015726191255421407
2022-09-30,-0.010961321807614555,-0.009523786090449682,-0.006939752384296116,-0.014622373724402449,-0.00294693221298592,-0.008081506018791318,-0.0022421546450568375,-0.017428832973542363,-0.018846034443096626,-0.0012711248572014888,0.0015245219415687128,-0.012479849598957649,-0.028700890096001297,-0.011961240748541546,-0.04007282319919703,-0.004898306843658662,0.054514108855755916,0.09278349586351964,-0.02521006976444662,0.0689654734748546,-0.014542817293650034,-0.015254370733053024
2022-10-03,0.036482476678782794,0.011418199463255618,0.03843476282500302,0.023186994968705354,0.017733853742770478,0.032477879135656806,0.012199197199124212,0.02160569544756763,0.03175217159029353,0.03117715612563554,0.023171229291919948,0.034243788384612506,0.04665627661042904,0.02306994436710874,0.017077827877348017,0.0242332220123489,-0.07093945090958742,-0.0283019341819285,-0.008620713682005787,-0.056451653598467155,0.021582679565176566,0.026653594599328256
2022-10-04,0.03411166498194462,0.04297885397909784,0.04172267951519659,0.025924460894927392,0.04356248814976271,0.033401571229898064,0.017126312705894264,0.03276765256174863,0.02849547686459042,0.03414248248683016,0.03868088592286201,0.03153327593995936,0.03813761912072078,0.030252277618654677,0.0,0.031053610953046817,-0.09320673447756844,0.05825245040681226,0.03478261862704635,0.0,0.03250272592373693,0.025887509219868265
2022-10-05,0.008170334787048983,0.0026584531738360617,-0.05006461688920827,0.0,-0.010667958194335636,-0.0020918874887158045,0.0024946989460450375,0.014536740197274467,-0.0014775284801308297,-0.00099453841222219,-0.0003978310105174909,0.001910555480121534,-0.028625882649278234,0.0029255243296999467,-0.03731348528365808,-0.0025098492777378967,-0.0009679127160044931,0.018348606461624728,0.016806769777326203,0.008547030057798555,-0.0012242117090358606,-0.0005048199203090409
2022-10-06,0.003463577787292005,-0.0009467456547795905,-0.030601874844553012,-0.012016211553450784,-0.0025784855535632145,-0.005345864690345703,-0.0031105664586350557,0.014826747823802222,-0.007769302314762139,-0.004977144587568927,-0.0037414520810931107,0.008390588347234385,0.13015714828529745,-0.004753617368379759,-0.013565832731434191,-0.0039540119179809485,0.026351345047974872,-0.0630630759634545,-0.016528971164311512,-0.06779657139862627,-0.007704447724644292,-0.009185144849113591
2022-10-07,-0.03230459612658598,-0.026919466502083655,-0.056471460934458984,-0.01949555872259745,-0.03572268323277217,-0.02676809150111259,-0.01185631527319897,-0.05500301897354154,-0.032438364594417846,-0.012605018537675039,-0.04658411314401101,-0.060136161893786455,-0.04867452534083805,-0.02247068642104466,-0.055009862753341965,-0.03969680658479269,0.11515957408483657,-0.08012820806729026,-0.016806684875783517,-0.09090909090909094,-0.03352745775775812,-0.023952078430940826
2022-10-10,-0.010561997122299105,-0.01967664641532585,-0.017100458743421365,-0.002006935705631596,-0.007555366123296325,-0.00844605107000429,-0.010735821782689059,-0.2555541337103657,-0.004200409069491484,0.007497651361534574,0.034361368459665975,-0.031388357129649935,-0.0009135930092577516,-0.0027762353306785004,-0.03326400193669243,0.009394964083644153,0.031488150878639765,0.00348440044620002,-0.05128202028359308,-0.08000001226921605,-0.010407099075242066,0.0023371782560812626
2022-10-11,-0.003114988956443465,-0.024642255326975615,-0.02004524026330845,0.001279448509972969,-0.021119920517860935,-0.003603913298673489,-0.008298772597079673,-0.047120432790392464,-0.006617459874758702,0.010257272729482958,-0.02187649480067444,-0.024096382678009398,0.010516668194347822,-0.013251697115426286,-0.004301071078780971,0.0003723093318912518,0.0372558627863937,-0.010416739102864003,-0.009009033609162054,-0.0869565362348963,-0.01143901958484439,-0.002261559885103348
2022-10-12,0.004634369225319679,0.00040730041353298496,-0.00964870152731856,-0.0012778136132495233,-0.006271928712093255,-0.0018631452850080832,-0.0019311624051082665,0.0009158068343446679,-0.002337318828321777,-0.010949734690326007,0.0828363146030604,-0.04129413890191447,0.026696839022798846,-0.0031599004330010727,-0.002159876594958421,-0.0011165123077221395,0.0023732516836894035,-0.01403507480404087,0.0,0.04761909282874521,-0.0011200247270071184,-0.005180572152176932
2022-10-13,0.03001920853088702,0.0032586762771531497,0.042478571374818364,0.023579248567191957,0.006059029863403342,0.019984782603518658,0.0029026746059179764,0.013357722266313932,0.021475975996942065,0.01650579152198972,0.030599754916208477,0.004884489376864476,0.004407244562186108,0.01777425180888259,0.00432900030777672,0.03800299746515923,-0.06692981111398022,-0.024911008778724986,-0.01818186828074264,0.022727258468111744,0.022421611103085493,0.023884779099311082
2022-10-14,-0.023071140728346484,-0.019894446876576266,-0.01757013471964597,-0.018214394028968184,-0.03663745582055844,-0.02992803293439461,-0.01254050776561011,-0.008306299933149797,-0.017583997024468556,-0.01782188891419345,-0.0053444270648691505,-0.0525850053398178,-0.019306736129081736,-0.016685205501005496,-0.023706823241906982,-0.011127112939682826,0.08915605085260103,0.0036496315432303916,-0.02777776218629069,0.0,-0.028326073876777436,-0.018730182310664034
2022-10-17,0.019309569741790877,0.027340620923504977,0.047184319218820825,0.01691529271526626,0.039333347704316735,0.0253024522387848,0.014002061540106858,0.06882743481465647,0.024513425728137417,0.020161450613245258,0.03917910447761197,0.03684696774721585,0.01655476177045312,0.027262398089544337,0.06843265528075015,0.030127039807301692,-0.0990991894793839,0.09090909090909083,0.028571412076271896,-0.011111138376035612,0.03347757357167391,0.018140570264669753
2022-10-18,-0.0017716831811648293,-0.006854933071624769,0.04324106576125697,0.01162583216391977,0.012531378831264872,0.013962423756173958,0.008349341465971216,0.005110719474640257,0.009874748170638936,0.016600537638350454,-0.03705568159504036,-0.01169591696967165,0.029049289936561307,0.009910819844458185,-0.002066162926976145,0.015856264138356613,-0.02431016522424878,0.009999990463256836,0.01851857049014205,0.0337078798835444,0.009281261727329904,0.013755128529827854
2022-10-19,0.023380351317746184,-0.02984154444260112,0.018460532051437717,-0.006188137824772899,-0.026237662507065496,-0.008966676668409335,-0.006050841366126658,-0.05779660758325611,-0.007521668329667053,-0.005637532312205873,-0.07882765294578054,-0.008648094339879786,-0.021813444817783356,-0.014502255417423338,-0.026915137990554894,-0.015261898550884778,0.010072264315074353,-0.04950490375089078,0.00909093414037132,-0.032608709423151416,-0.00576982850769947,-0.009174120469782387
2022-10-20,0.008504880848307916,0.0020925116419314715,0.018809832627141088,-0.00889540545273515,0.005083844992291198,-0.009155263120790402,-0.0016023203740022085,-0.0053966403352596615,-0.008715372966082935,-0.02091872896340785,-0.04161269049011884,0.0215793984635948,0.018364672535273296,-0.004204439753992095,-0.0021276069043588697,-0.00035224477269568677,0.018019773543537898,-0.017361176648623022,0.02702691878635366,-0.03370781095536257,-0.007073098355548035,-0.01072157073719271
2022-10-21,0.0131952846416592,0.008561193044566817,0.056059082665313564,0.023873738598711558,0.004299435386890371,0.021306332950921547,0.004017389715035735,0.0016277835250064765,0.022171224651725607,0.02815489194264842,0.08396697331832192,0.03820226433571805,0.006869894423466416,0.031666649712456696,0.021321941026122948,0.019732254751620326,-0.07063099348354585,0.060070699956528584,-0.01754382077837824,-0.02325587035604837,0.024292314392626357,0.020936054731846898
2022-10-24,0.03215068792800024,-0.06211173798544978,-0.030514875806306074,0.014200743179819453,-0.022412540437541817,0.008834802200303526,0.004801616635416339,0.02798842916514399,0.011593190149833399,0.024276749274701137,0.03662715617188961,-0.0060606621075806055,0.00895518454756461,0.015078099611052886,0.012526084187343134,0.007256360767012415,-0.034023468519399525,0.06000002225240064,-0.05357139796518062,-0.11904754949423801,0.011768962496554236,0.013510013743575078
2022-10-25,0.023939052858757526,0.010154439534360016,0.022950924500522163,0.011851911807624127,0.027563179067952026,0.019096678826384217,0.011149975661761458,0.05023714377341304,0.019223668858084908,0.02199443598641726,0.026687738217828105,0.02482585474310106,0.0012679918359672637,0.029708255191064348,0.028865952420302543,0.027101232448220935,-0.05991585567152602,0.02201255716141537,0.009433893026628226,0.09459457330943266,0.019739141496163404,0.015258262422243485
2022-10-26,-0.01022266738083899,0.030594393039360845,0.032051248328227144,0.0020520343969345767,0.010779537012744811,0.0025882387659081907,-0.0012600568654425048,0.0013379831933846287,-0.0039898705294709735,-0.008719911352349952,0.03975977436166045,-0.0050999080208912195,-0.020683822713035482,-0.005151983351647571,0.0040081079521152585,-0.004342052965809251,0.06536344916563408,0.04923079564021182,-0.018691547309429457,0.04938268425900527,-0.01693746916735095,0.005603778521332536
2022-10-27,-0.005710237852936895,-0.01272252854962963,-0.009937986012565236,0.0018771337728880066,-0.009920560004817447,0.0008262326383168261,0.0009462986655939254,0.005511973224354705,-0.0036415742952209396,0.027512609477902128,0.01485915922782799,-0.01708669889523695,-0.008189677922818439,-0.00652516688657967,-0.001996053577839385,0.017443826470301182,0.055046069239313766,-0.04398829665451198,-0.05809522700682723,-0.05882352941176472,-0.009142098641145235,0.0013991358735694348
2022-10-28,0.02206181990883893,-0.014175311275154812,0.051129199670102876,0.024357086119697335,0.0045090325371599516,0.015682982837978976,0.007248627958055254,0.004651142454291213,0.02046772286511067,0.009836232368793496,0.04760252988201574,0.042590157865632916,0.02129507893281657,0.029712244876207716,0.002000045776367143,0.022090342168786803,-0.09094204601999445,0.0030674817461688875,-0.021233546537470005,0.25,0.02466280394546283,0.023725339452984384
2022-10-31,-0.02204615830647305,-0.0017429751903863533,0.00925115757601458,-0.005154677065699942,-0.003990091792845818,0.002742601541997347,0.0028159909615315115,-0.0036375863486818316,-0.003581788222689619,0.003607516844326808,-0.0042392487545444,-0.01709044815855787,-0.03106381030792882,-0.0037460274350781253,-0.023952167048707396,-0.0006451760568926268,0.03427678004346224,0.018348606461624728,0.033057775332208106,-0.13999997546156795,-0.008484900534803441,-0.0022517947236444513
2022-11-01,-0.0077865337090364806,0.03077274082135939,-0.01655836881533468,-0.003844208206292943,0.012268431846220729,0.0009119616458215241,-0.001559962332048248,-0.006803847640759031,-0.007188903326744711,-0.03846173152261556,0.028537173111685465,0.027141619665783656,-0.006148497768226235,0.026422748311007993,0.02044987880632343,0.006455802643469566,0.03063561253915803,0.039039074300109,0.040000012123940554,-0.046511669379447285,-0.010303795111993086,-0.0008888082407244591
2022-11-02,-0.046832441957741056,-0.008469288632442895,-0.019242291587803995,-0.020134117764943116,-0.013109001882162796,-0.030060728721134522,-0.015625005916507062,-0.08588136208342512,-0.02932664057286838,-0.02542048737554181,-0.03880481302209693,-0.044591245017524095,-0.024745889823683642,-0.008613888580020101,-0.01603204957424842,-0.011545882194613166,0.10375781121020622,-0.005780341244511877,0.10576923730796839,0.012195152058606107,-0.031939404327114174,-0.020373533882656503
2022-11-03,-0.05076026984582249,0.003630245781065078,-0.004292172731152899,-0.005308257710313624,-0.005263239765822103,0.00041755114738872834,-0.0003175425018425715,-0.025955002608441413,-0.005968015797447435,-0.009397766787191397,-0.0075359652401036925,-0.012964530897729865,-0.006343425083112697,-0.0017976661351565282,-0.042769866532207046,-0.010058386405319863,0.05775738681297349,0.011627895694091173,0.04347829524746816,0.012048148246422308,-0.015676191940052875,-0.00563668191542499
2022-11-04,-0.0006294991095436853,0.0521275428069663,-0.025246098359439362,0.011534018113411149,0.023683613432113226,0.007823028974890622,0.0,-0.06736723758512564,0.013883858977134178,0.001355389963141107,0.07396612652277534,0.025831880413583974,-0.0027359537212693352,0.012006049167346378,0.05106388461595435,0.01704360714069808,-0.04643709808001695,0.028735604621977107,0.03333334175273617,0.023809582929897655,0.010555785131712403,0.014849411479119334
2022-11-07,0.04825899753253493,0.00970675112398367,0.03190126633820989,0.012763617486794665,0.008614330444340013,0.006623868227774832,0.0031754716984762066,-0.054325970251348665,0.010362491969124976,0.017014708409323287,0.03554061924038754,0.009389641932949333,0.01463190135092085,0.0014829611825613043,0.012145737264080303,0.02094745743302595,-0.03173808121119204,0.0335195884175985,-0.07258068327201017,-0.046511669379447285,0.009162332705137555,0.009693357018685456
2022-11-08,0.008780145582516052,0.01241749267815817,-0.008570559868848915,0.007729960639418332,-0.009028844369645905,0.006991533961234309,0.002532655640022252,0.15106379732172548,0.0036631333724290727,0.0013305933201996911,0.0034748070443071377,-0.003805503342053873,0.0018025690498437719,0.016584405277040304,0.04399995803833012,-0.03156565626158225,-0.021852032319146786,0.005405400180747089,-0.017391265386202837,0.0243902293049183,0.005447685864583551,0.0028614327617397795
2022-11-09,-0.01092106484396771,-0.01938675195957651,-0.0018522076821547717,-0.015007802819040239,-0.041369094135675244,-0.029099495759002503,-0.011051396143537229,-0.005914966799440702,-0.016423363421989134,-0.007974059179495119,-0.008504913986351892,-0.012733414425336376,0.03328833946722254,0.008254014822421052,0.04022989398228738,-0.03911345342252204,0.07038981660061827,0.07526880893449261,-0.008849582050417526,0.011904791464948827,-0.023839748405474648,-0.013490309685717405
2022-11-10,0.10399176095832985,0.0518458428269426,0.08382314179143302,0.037582640948000456,0.07731829909428178,0.04827004612596708,0.030012543860633345,0.13871333336738045,0.05862712915759327,0.03578947553174783,0.03277979673210818,0.07867583429486613,0.07226817139898678,0.0256187613002552,0.12707183775944486,0.05427409790754534,-0.22014252465295236,0.07500004768371582,0.07142859075883323,0.05882352941176472,0.07030545999064386,0.0430364268863741
2022-11-11,0.03394448030032371,0.04641352017343858,0.047945114889193396,-0.0021212252354330108,0.04721017060400423,0.005718385872118814,0.004029988281132546,0.037557138700557324,0.010164725256690321,0.003141167931865807,0.015662075390875163,0.18732565700900072,0.026796661682882528,-0.006573358646674743,0.1437908710615159,-0.0025740001255609712,-0.05756150567877116,0.09302316297384028,0.06666668350547234,0.022222208589759873,0.013655992699289188,0.00046616969251500606
2022-11-14,-0.0022863807511412926,-0.007698003925447061,-0.022331071849799322,-0.005232000746471233,-0.011611911913041784,-0.003990100428176824,-0.001265944642605099,-0.03131888022967433,-0.009368469924753042,-0.012156926549604985,0.04573599281909968,-0.0010070723639982182,-0.001977111213882221,-0.012855663092748437,0.008571420397077256,0.006451637514175879,0.02591858565456695,-0.0042553152634362545,0.0,0.03260870942315153,-0.01074351799294293,-0.002882380398391615
2022-11-15,0.016423293527874083,0.05005543084887076,0.009470721403985305,0.003780390428524294,0.044459843235669316,0.010816266894647653,0.005286387229815448,0.03720553929996617,0.009457068183607475,0.019019206451103,0.035971638749466184,0.00638442649853288,0.030110944365042913,0.01292730508643114,0.0694051348338125,0.02724354017102315,-0.040641529334773496,0.047008605790250124,-0.007812521582941323,0.09473681627533459,0.011894419053941396,0.006181732404047624
2022-11-16,-0.02182329743163114,-0.01706246406237588,-0.013668268320837784,-0.0036024242890078106,-0.020511725118346313,-0.014069220133297256,-0.0021527677684226587,-0.059993762874379186,-0.006592781013532445,-0.0011954039190668064,-0.001186182235699329,0.007345552846420134,0.0,-0.005483095459897114,-0.017218557769104414,-0.027145053123082574,0.040760148339729296,0.020408143405366452,-0.03149607113538866,-0.1634615305210323,-0.009539959548385601,-0.0032269283840079543
2022-11-17,-0.0017139478253216378,0.011632126912661356,-0.007839013312698095,0.003779901323123891,-0.003377657673906964,-0.006833450569900479,-0.006471489716569745,-0.03666050674513632,-0.005937749403627457,-0.020438287985810266,-0.007287482340165297,0.01027508999530835,-0.010000008803147553,0.009315621533865226,-0.03504046175316189,0.006093666844066092,0.007480741508833155,0.13999996185302743,-0.02439022987844841,0.03448277320953186,-0.002923917676052268,-0.0031038742156819232
2022-11-18,-0.020631683088357722,-0.01379802235853489,-0.0042322506340916055,0.0073671725806350175,-0.011070882008665794,0.005160488083657544,-0.002171402148250512,0.0064002581403797,0.006324696278571018,0.015413609714763021,-0.012561161692555722,-0.027887152041845553,0.002719490887593601,0.007346004681249241,0.03212290837640408,-0.008925746864989592,0.0008733638452884662,0.014035158459685393,0.024999985266045188,0.011111138376035612,0.0003449121561924784,0.009496835546019655
2022-11-21,-0.028320121900601625,-0.019910302503461375,0.015585156404388067,0.0022751948569126323,-0.02330367633038688,-0.004932673294037571,-0.0006216071967323211,-0.030422833421783424,-0.003142404346841765,0.005738593525185465,-0.02665343045045654,0.005737431019540606,0.006974053037595018,0.0007479602817825892,-0.0284167851070396,-0.00450303599103663,0.030765969710559782,-0.06228375786275986,0.01626020801264305,-0.02197807531599638,-0.0074150684846900905,0.0035474145237539556
2022-11-22,0.02920779785893779,-0.0020132604962537215,0.008370459939178065,0.010540319166205459,0.007251475017497455,0.017703525942651455,0.009500387317104897,0.05211839451624933,0.012259213439285821,0.012331973699789778,0.016067871784388288,0.007718169646760309,0.011158173069690136,0.010089703118622007,0.0,0.009369919257836257,-0.040643293534027736,0.011070099987999793,-0.032000007112711226,-0.01123591400906021,0.013898547421346663,0.010756933862397622
2022-11-23,0.014808975532443647,0.011920180094418198,-0.0002766921121604149,0.0044179647865461025,0.02275890265416125,-0.0005963211948413205,0.0018509097371317562,0.021567019829870304,0.00588227455473489,-0.0029090022821973704,-0.015479697288185434,0.012320976471016376,0.0007609798284822222,-0.010081427484236904,0.002785512730456574,-0.0006402195233741192,-0.030450524497064646,-0.05109492861930498,-0.008264485582155756,-0.06818184511578895,0.009252997446588695,0.002823888887698578
2022-11-25,-0.004407680599525232,-0.015585368037069447,0.009963993365242452,0.0009597171133008953,-0.007947326514645026,0.002486629273366736,-0.0009237450997661156,0.0008246616556113473,0.0022359664060933593,0.00036476178778799273,-0.0023188941110272587,-0.005263152941442195,0.03726241361269689,0.012706723590233615,-0.07083330077153582,0.0009609445004912232,0.020255085068110246,0.05576922547887753,0.03333334175273617,-0.024390229304918187,-0.002207323282111817,0.003509038674379461
2022-11-28,-0.01594372350251616,-0.005706971172395048,-0.049054420216761985,-0.011345528595823717,-0.005722201310160324,-0.01815654318205906,-0.006319513954124667,0.0023071751638816806,-0.01458724175422943,-0.019686703508563608,-0.0057822508444667076,-0.006944414221630502,-0.04655426780782235,-0.022695812328859533,0.0014947312345512387,-0.037119995117187554,0.044613008438350255,0.06557379754518311,0.03225807240110545,0.0,-0.016845253066640864,-0.011914152247231913
2022-11-29,-0.0066571493852930486,0.03277166736657744,-0.018732114918747822,-0.001131281753840252,0.00437397322831834,0.0018189236783883178,0.0010861327480566896,-0.009700758887673966,-0.004876357522718422,-0.01580503737558947,-0.012715309181444034,0.00466198423067965,0.022683588904114815,-0.003115282074048653,-0.0268656467854983,-0.010634752183498963,0.023275618279082755,0.025641042361154165,0.04687497163384857,0.03750001533652014,-0.0064036098782497275,-0.0015290871299559194
2022-11-30,0.05554193636172533,0.04338474526431613,0.04082215104943954,0.02459558953194052,0.033921621730194085,0.025317677067404842,0.014874267221486326,0.06441974261338612,0.032201632491485555,0.026450084047625833,0.015939993432948274,0.03977463572770601,0.031203004203122386,0.04375002664147032,0.01993866791736476,0.0030231827747393414,-0.1364775491689728,0.04666670163472486,0.03731338613429913,0.09638555552607331,0.04058527830156011,0.02143946396394769
2022-12-01,-0.002377315228106358,-0.00395182130381122,0.04006797039820342,-0.00031626535810946876,0.01529593394612716,0.001377221020351982,0.007633497534761835,0.052097899018758165,0.005086316264145685,0.013804564389886753,0.03166387328448139,0.013707312283185002,0.009114108538774923,-0.0020867660532233323,0.05413535764686528,0.02813128383851038,-0.003141466154230055,-0.01273891685835693,0.05035978230112548,0.0329669781474482,0.0023435026743507947,-0.002784310887896768
2022-12-02,-0.007497563808355534,0.009832754608831928,-0.006782498310605289,0.0033176199048063904,0.004366778730416687,0.001571878255643533,-0.0012124492134113485,0.00889556902391031,-0.001686770469286114,-0.0003631724054633523,0.004793973972110566,-0.005974799725389723,0.011199402547853898,0.00981909129948666,-0.01711845342056162,-0.0016287017318104002,0.013090848220576712,-0.001612863282630106,0.006849264826983337,0.08510639825275912,-0.0016699424914611294,0.0021476014551680134
2022-12-05,-0.02178433071179242,-0.006833081977071109,-0.008467654369922806,-0.013068717929659801,-0.017826162961404046,-0.023933351871183173,-0.009708553713435819,-0.0268920168844492,-0.022980697688085194,-0.020523042256220148,-0.035207091926774514,-0.002530842206939332,-0.010360807808149741,-0.026919941226117294,-0.053701000396072396,0.008482878698786278,0.04929401936174416,0.001615468812962817,-0.061224456132332405,0.07843138552108586,-0.019404543542904884,-0.010930185299971917
2022-12-06,-0.008800031349734838,-0.0015479483250313564,-0.018457404778571496,-0.01244421891040981,-0.016821561707658028,-0.018792125283222272,-0.009650444255436041,-0.027031121753705367,-0.010377058099305336,-0.003893894602135517,-0.013584945655360392,-0.028227125836189026,-0.053790672831327435,-0.009992614847868841,-0.03220859490204031,-0.005499840735462724,0.06225783912966154,-0.027419291078484176,-0.050724632375927614,0.0,-0.016547268270239224,-0.011917415499738016
2022-12-07,-0.013498418550780378,-0.011197156906957106,0.0075780552362574305,0.0009692650193116048,-0.0009004005490632627,-0.00020482608979854877,-0.002939010341655557,0.0017072886827649292,-0.0017477023290977112,-0.0199181025005003,0.03146252693962448,-0.018603123569799762,-0.0022891822982904486,0.0012149276020370081,0.03486533581993956,-0.025374127926258483,0.014169126341518457,0.034825796683759735,0.15267179399297337,-0.03636372559429857,-0.005550713007109187,0.00021929041838775198
2022-12-08,0.018060469048497563,0.02264797798539142,0.0013926017949017488,0.008231131173996209,0.018251434102192876,0.004302467128675103,0.00620563847927591,0.023551233676861072,0.006092443102982292,0.01538453903298187,0.031843558370068026,0.013302282094772355,0.0007648358721006332,0.003080386815226488,0.019908060249139714,0.0036715825671895796,-0.0347162164748791,-0.006410250532086104,-0.1125828226659058,0.018868088321696064,0.012907746997728564,0.007893084710897114
2022-12-09,-0.005833098809770343,0.0008517984136240386,-0.04311545065054978,-0.00960453229831204,0.0008851447963686976,-0.014993925716054068,-0.005858926220263516,-0.002421980602904661,-0.008839683423208844,-0.004302150904772151,-0.039794212052890465,-0.01772231770094057,-0.011463478646769332,-0.010701670720980605,-0.004504464513291007,0.003658151362418982,0.019517401218236863,0.03387097493666902,-0.014925339374192048,0.11111103537521472,-0.007921531379416868,-0.007614014643491207
2022-12-12,0.02277400933248619,-0.005957443934233475,0.039534976083061,0.013253649887209118,0.0046429221178014846,0.01843222721415394,0.012406675642452125,0.04552351943151178,0.013693931196359088,0.014653253905635877,-0.06890330307386938,0.006682220299083497,-0.02319290150774911,0.01194623555287877,0.04826541316752353,0.004307460551758346,-0.03699695622521404,0.023400951472407616,0.015151480360595437,-0.06666662576927984,0.015448762162990182,0.00854911993876617
2022-12-13,0.012685861717483427,0.014969527111046599,0.033836703977244253,0.003668704408918755,0.012984120087132345,0.008235964282994335,0.0003065790681751057,0.03759065719204413,0.007966633177156401,0.007961553063812188,0.19626952973398537,0.02821109874362504,0.027305050028085587,0.004926554845473996,0.07769783837017474,0.003629185492898701,-0.031941284734793074,0.03201220121626913,-0.007462631988277124,0.0,0.007179330810211715,0.005629305188415312
2022-12-14,-0.007416860628161714,-0.00017155461326046062,0.021098396024160193,-0.004449931713232269,0.0008689918651267892,-0.0062524327145239145,0.0021442839477654463,0.025318299651335918,-0.0044674576928771526,-0.011756007309221439,0.05776047408072049,-0.008069722520788414,-0.006163322536779647,-0.000924969693428368,-0.014686202942410076,-0.006903385644135507,0.02515004943223209,0.01033975950643895,0.037593935842482384,0.008928483400080012,-0.005431136024456551,-0.004949700870075069
2022-12-15,-0.0329784111844873,-0.0312177647801698,-0.08927168250324136,-0.020913125838696422,-0.047102152910099226,-0.0202963949180055,-0.012394901217498977,-0.03901774203654662,-0.028995359415856514,-0.009851230887346962,-0.008135903197276861,-0.04490723011140585,-0.011627877749298965,-0.024164434392470735,-0.03794040724477166,-0.021516042311446437,0.09790691318757161,-0.030701759278107588,-0.007246396971474889,0.0,-0.028808897243607245,-0.02265413596659427
2022-12-16,0.029904832056761865,0.001947596402098073,-0.011634829028238869,-0.010924563401325083,-0.010478501612415703,-0.011290615816907268,-0.007127472722788464,0.0028392524320048906,-0.011731326144445497,-0.012014365540516825,-0.0673582953624472,-0.01635432831337813,0.00862742405311745,-0.013662262054642271,-0.016901392559285133,-0.013193484326607496,0.02993031080191888,-0.019607860059875803,-0.036496305148072894,0.03539820991044351,-0.013563446940417778,-0.008008196447292781
2022-12-19,-0.02888875327123752,0.0014135759483415722,-0.024131804088853404,-0.0059348015526949904,-0.012729857123164767,-0.012781628096486974,-0.004681690550204731,-0.044875399155366424,-0.0050359088836284815,0.0018999200991751675,-0.01759011855027215,0.022514707295988146,-0.027216130415188777,-0.0029818926637529275,-0.048710623446820756,-0.03153925518984202,0.041202032940916844,-0.05846155606783354,0.0,-0.03418801536609295,-0.012321296952056415,-0.0065209806967149175
2022-12-20,0.028774763274347803,-0.003529094941637778,-0.0006027663004406492,-0.0006632113729134748,-0.004941081296378935,0.006685671668953619,0.0009408307868024046,0.012301790663077794,0.0,0.004741225727744824,0.05935017277732069,0.007791312285560625,0.004796120291338024,0.008490084326706393,-0.006024090761646117,0.0198229899448632,0.004205739916253393,0.02124184916206784,0.007575778450309434,-0.017699050666652782,0.0,0.002240756012561018
2022-12-21,0.009343041957022846,0.012927154946482666,0.0030173960861659133,0.014437134855945999,0.023409636951814194,0.013915353627333094,0.0025062715148085335,-0.007759976354463238,0.011569020475960867,0.026047474421999617,0.04414391261863004,0.0026890730657498363,0.001988907940458029,0.011384315079911111,0.019696987321116577,0.016313822610747764,-0.04245176093759295,0.0016000366210937589,0.0,-0.027026982216158624,0.01699499261389481,0.016960674187954883
2022-12-22,-0.014236381157733402,-0.007517370362808418,-0.021059044322950582,-0.010305773808660046,-0.011783647937251618,-0.01362032592529594,-0.0037502604697183806,-0.01372289141570926,-0.008934847675573065,-0.02281088261291353,-0.008093682168073157,-0.03352329877833138,-0.020246138073411357,-0.011445318487526723,-0.01634474490381177,-0.011612026796944841,0.07180591336910758,-0.030351445730601334,0.007518741589776612,-0.06481491264034756,-0.019377813726029647,-0.0077724892834563075
2022-12-23,0.005735240866422853,-0.0014093087439102092,0.022126437497324014,0.0046457099617607245,-0.009586158754943508,0.008224884709552294,0.0006274805396067062,-0.013464900445755767,0.001442432645615721,0.009789092776161024,-0.044446552124431604,-0.00971212928846632,0.004862193290151584,0.0004783793066822639,0.021148088480809735,0.003800922632101411,-0.004651251945554602,-0.016474526959091684,0.029850754146021785,-0.02970292278854514,0.0029007349941365668,0.004028676183054802
2022-12-27,-0.009927657698192927,0.021344129252632627,0.04028898240930223,0.00016523352013564363,-0.002832845667945172,-0.005137851552554862,-0.0034483790497241706,-0.005611203107109608,-0.0018004968542071342,0.0067114374185659464,-0.09498695744516306,-0.014010494893850534,-0.015322547276482967,-0.002582217381127072,-0.01775153229781612,0.006884708027265596,0.043177561258072705,-0.00837516175123687,-0.021739117702226363,0.03061219443627361,-0.009942203640804226,0.003343181145433194
2022-12-28,-0.020173714045490287,-0.025561377744909408,-0.030058092576685347,-0.011723831189085931,-0.007812571546630731,-0.01644183638111596,-0.0121105835029639,-0.0003049663437467709,-0.014430168571111457,-0.017407261987822276,-0.020369640929362443,-0.015275321882872284,0.003685509922469743,-0.02090325329406728,-0.03162651240505532,-0.024615361140324477,0.04049455160610327,0.06587835497626293,0.022222208917487052,-0.03960387680516164,-0.012598144825453295,-0.014441120923987194
2022-12-29,0.028172876003709435,0.02552291149822583,0.0408224895600664,0.010860381339030889,0.04104034809213797,0.016395176460978655,0.013532733342033199,0.03386717754316049,0.019230173122765315,0.017338800735424487,0.013371108273946497,0.023448829075755295,0.032231701379088484,0.010185103411133545,0.02488341034537922,0.025587084636069735,-0.07249870486182619,0.03961965170634785,0.014492793942949778,0.12371125805499283,0.021634730862698737,0.014652722663841322
2022-12-30,-0.003110337800620755,-0.01935708812405945,-0.003435544103496335,-0.002313925131246841,-0.017648362677523677,-0.00031648960510366475,-0.004398187780106588,0.001328079854558517,-0.0010822290121345057,-0.01055945170851269,0.004249102673836935,0.0052872616881574075,0.0,-0.0021328280896625307,0.0015174130217205928,-0.0013670852773219888,0.002785138695559519,0.04725608925054203,-0.03571431148796678,-0.018348556729310572,-0.0023531174712312364,-0.007997645637515483
