Date,AMAT,BIIB,KMB,VTRS,CPB,ERIC,HBAN,JBHT,LULU,MKTX,MU,NTRS,VOD,WTW,WYNN,ADP,ALGN,ALNY,CHRW,DLTR,ZBRA,ARCC,BND,COST,CSCO,CTAS,EVRG,EWBC,HST,MDLZ,MNST,NDSN,ODFL,PEP,QQQ,RGEN,ROST,SBUX,TLT,TTWO,UAL,VCSH,VRSN,ADBE,ADI,AMZN,AVGO,BKR,CPRT,EXC,FITB,GMAB,HAS,IBKR,INCY,MELI,MRVL,PCAR,PTC,QCOM,VRSK,AAPL,ACGL,ACWI,AMGN,CASY,CDNS,CME,ERIE,IGIB,JKHY,KDP,LKQ,NICE,PAA,PAYX,ROP,TER,TROW
2023-01-03,-0.006674786292384716,-0.015491868904019879,0.010018309939398007,0.022461788944012184,-0.009691503982523386,0.01712344591269188,0.0,-0.010093782664869044,0.009363880249322554,0.021442234104362967,0.00780309490539044,0.014577813973609022,0.02371528770388509,0.0024531955349476053,0.03807439429241466,-0.0050236605272437895,0.006543408832386355,-0.017083937146500472,-0.013979778621381111,-0.008342816135478714,0.0147810478951369,0.005414228074348992,0.005290141150894767,-0.007053629047845789,0.006297577655045794,-0.0058235250568041685,0.0,0.001669262170252317,-0.007476473938160644,-0.00600147722428146,-0.002068345188589449,0.001304081123636669,-0.004440197632754828,-0.006919085179031947,-0.00675940215139359,-0.04317522688560638,-0.0020675940607588483,0.01643159229502933,0.019083840302059674,-0.00979541601815348,-0.012997391738742037,0.0010636390472451573,-0.017133919625643257,0.0011589298126533087,-0.009632398789306218,0.021666663033621747,-0.010104907112855832,-0.026413803192466667,0.00936113812674999,-0.0016190835720506502,-0.00518149526069811,0.015337368919291272,0.01540717545130299,-0.01340697911461719,-0.009586611628386588,-0.023787584036577214,-0.028347633696689467,-0.0054562470645863614,-0.0032489119183103377,-0.024922718209353434,0.005214883210750365,-0.03740460422222491,-0.005097155358281813,0.00023567151487835503,-0.0037694037264848212,-0.015154810171073452,-0.006225099625245867,0.00469784287281394,-0.01716784870949961,0.005049500426877573,0.0030758599698834654,-0.0030845268190909936,0.008425364339659902,-0.006500259907242789,-0.017857227110081086,0.002163539557657135,0.0054849691530241,-0.016256356318126497,0.0008251386552655671
2023-01-04,0.026672092355992882,-0.006675741083601805,-0.002187989319839767,0.032513263488352706,-0.0012538541698697836,0.011784582439593017,0.018439685988893117,0.01378890443823022,-0.0074215902660836885,0.0066696197051498984,0.07603724436205606,0.02116303675007014,0.023166017359735003,0.0053431037866245035,0.06179178650445771,0.0047125103248855105,0.058177907360719594,-0.003125115539978518,0.005759791636669176,0.0018537699686871356,0.010722436189295248,0.015616715804373404,0.005676952516870948,0.007236105229405654,-0.00021038627162695,-0.011492498448699706,0.015254977530794855,0.008180395039270927,0.015065929035034342,0.007245304377678563,0.008191885447637715,-0.0011763435345020223,0.022193238733510867,-0.0024523276924287574,0.004763629311858919,0.0558024276921778,0.01847533880085872,0.036001189347237395,0.013699799695202186,0.03549603346959351,0.06745504428883109,0.0017273841594522832,0.018026880356526442,0.01332657620630795,0.021298913533372987,-0.007923564525679994,0.012213609962960392,-0.029913144910522438,0.008460795078258476,0.013206575410716015,0.025122527803284722,-0.012084603126083726,0.002582785370811136,0.010367107884451165,-0.005908248933659044,0.013714901515228695,0.01722698166174541,-0.0022350347212104493,0.01938988437306821,0.04039190112651947,0.016409068432924334,0.010314288228289392,0.004963213451897985,0.01272072675694802,0.01047210681685029,-0.006245736795783663,-0.002568301576528098,0.006688278816120663,-0.004234056113012197,0.005827964232553606,0.006189648515550816,0.008157412352018278,0.013553783362166838,0.001465578512558352,0.0,0.010879691403836711,0.01905810208127745,0.01733957819065024,0.020247509706858624
2023-01-05,-0.013996653790782743,0.002880243662821691,-0.009282990345964914,0.007659721652450324,0.006814760707999135,-0.0016639804954455828,-0.006963649276596207,-0.033032174171115924,0.015421464016536435,0.03996247042416057,0.009409722494841288,-0.0018542011042230744,-0.001886744882311886,-0.00020289694240149814,0.0048405515899074825,-0.0215679652245081,-0.021412978916610426,-0.030834011490812996,-0.008700436367372832,0.014517458184653664,-0.011141080590824193,-0.013785856687491549,-0.0011015872383599579,-0.013952187488160517,-0.014090244989111822,-0.023206966290786224,-0.014086739061297093,0.0006010985012756542,-0.023500282495038993,-0.008092274587064963,-0.0173275011847408,-0.03369083170590048,-0.025312585898125572,-0.010448861838224799,-0.015654146245321465,-0.0800982079397271,0.0036448233625774318,-0.0002872399484868948,0.004180847751375616,-0.007586378046836373,0.038267885474570607,-0.001989376721521663,-0.02685341132422958,-0.03798951724197108,-0.0374901893459858,-0.023725589118479662,-0.009317436173991389,0.03262818095969666,-0.02307196379053389,-0.021724351297911504,-0.00986235155105597,-0.00917429793100899,0.019159535511728887,-0.0038824107375086125,0.013657078983912774,0.022270281285455384,-0.05116276666507791,-0.004378256676157988,-0.015741560627445583,-0.01909806088178745,-0.014479867705714189,-0.010604672314663222,0.002708281072997254,-0.010234749222716055,0.009342109625994244,-0.00897215965453213,-0.015260897701330434,-0.0019401369864937568,0.006398636584649786,-0.001798404327715608,-0.019244830020949344,-0.00982033568091445,-0.011906957972814602,-0.03083682171541069,0.005194740635796391,-0.023148616669733113,-0.015404035850938524,-0.0034314026647337403,-0.028286845048339115
2023-01-06,0.06484884912191213,0.028204292372313366,0.021469410298961433,0.021959570146881102,0.015497149400277133,0.019999965751013926,0.02384286371669897,0.04042528577023807,0.010216970406759396,0.05287840896976981,0.037652960800089286,0.03453173740666027,0.016067873597884086,0.028363858100637795,0.024414351689928893,0.027950327244497197,0.004321703742103056,-0.0030130835601281936,0.0366626320505008,0.022937740800093254,0.05137282163563239,-0.005376250101095104,0.011026971311171918,0.0725917362507218,0.030716380374602004,0.019398855361859146,0.028417350375701034,0.026430513720836046,0.024065836450095635,0.027647636982515156,0.02042242586022791,0.026247066598926283,0.06828185503346496,0.022586278470782428,0.02760145694850502,-0.019575453811758847,0.026773665815581493,0.021641424531808617,0.018396804040487602,-0.011419395006865063,0.024248301631911495,0.006245866089691576,0.02634468808905588,0.013122632829606795,0.03650830798034166,0.035611152390083056,0.06019604676359824,0.040277746676121495,0.030388111903751902,0.02080413866713049,0.04044676965458893,0.01828111294610646,0.024644733425166043,0.025194782681344785,0.00885727360324795,0.020301537574844764,0.04094573771776244,0.025976547344996437,0.021990831508019504,0.054296121286509846,0.02949780667390911,0.03679383919416135,0.015252656907129847,0.02314922468359626,0.031252495659087165,0.02463239057982225,0.018239799455919137,0.0314581022238285,0.02953493101904381,0.013410914306620114,0.026009843522738052,0.02748638329248876,0.025769353677399298,0.012889040300057442,0.02497850433383375,0.02701993430022176,0.019375767721081294,0.047290889807186653,0.037704721373097216
2023-01-09,0.02129084435361306,-0.016222018905270863,-0.0103282255451137,-0.007438247999539183,-0.01859328594611065,-0.0065359367393992285,-0.0130137050393212,0.009088887400361623,-0.09293568971615296,0.016242238733020553,-0.007222046445022889,-0.004859185314462167,-0.0009300977422025403,0.006431761894351684,0.008122228703854262,-0.0027067216581785347,0.03125421824954455,-0.023466661241319464,0.0005359115871086395,-0.012754581272695797,0.02146878366216942,0.004864977686399374,0.0027264740270509513,-0.00853228589113797,0.005380931124406407,-0.0014254797557624599,-0.007718535176604591,-0.014776996327015457,0.0018553995152990055,-0.011467249140823754,-0.012496327008525765,0.023200605429443133,0.01885597468614919,-0.009773771415648946,0.006473019006506986,0.030273553320646407,-0.023360872818774858,-0.01827742602113247,0.005324008844919792,0.003341274215953094,0.02627833218624498,0.001188514048880096,0.01431985630514121,0.027738575466049964,0.009545784504378485,0.01486987397850048,-0.019611505530271134,0.01935919949446996,0.0008013982617356419,0.010991849660619168,-0.0072528248556931185,-0.0027978301140691997,-0.017884747697682557,0.016021755136579774,-0.02534936295454071,0.02729347047418007,0.022714599401034707,-0.005283075518710656,0.026652511027767556,-0.006329186075040072,-0.004538423156238536,0.004089072093891755,-0.01924888986742823,0.0021819252423807,-0.018459303815729577,0.0021529938603179755,0.03920828237035523,0.004054904607162957,0.015299987663603298,0.0021727272921423513,-0.0005609163628295111,-0.006343051906924413,0.004337552999440497,0.012565143539200463,0.003361370432002353,-0.00034039384385819993,-0.0005860414625732391,0.02159152150229393,0.022798157976164024
2023-01-10,0.014555388191894725,0.024534035397591136,-0.00846618860287185,-0.01415474781254833,0.0008936677825075456,-0.003289468125272643,0.004163797034965944,-0.012722378761954256,0.03622851132239324,0.006330117680350966,0.015081616670891584,0.006687229932950789,0.0,-0.006586676342325681,0.03328734557140356,0.0053024920405786435,0.020116843975445775,-0.0010012798993302985,-0.005998413218910481,0.013266678099011608,0.0273550212936835,0.010758282001495978,-0.003942471068360431,0.005535237075342314,0.004734309812193249,0.00829363004960948,-0.0015557418812019996,0.002821475231119086,0.015432036803496807,0.0010408266555943513,-0.006129537688869036,0.0008704689909413421,0.0007507658835046449,-0.008252914002005673,0.008464357329078576,0.059900614806431385,0.008927588605669667,0.012029791531815714,-0.016549933940817385,0.00409134454251836,0.05536335894709765,-0.0005277513764615493,-0.0012004584536200458,-0.009591200286346524,0.012686757110280666,0.028731709234134817,-0.003397647097804324,0.010805581389860874,-0.0131326027043418,-0.010419207437870504,0.0070133828457839,0.010521411225698607,0.012244987929087126,0.014299140061934335,0.009261651354478984,0.02058378017467155,0.002437666525423765,0.007014830357183532,0.01143222016412171,0.020068125080966448,0.00818450417058214,0.004456401385071418,0.006382707554658751,0.005615463891611938,0.013919739540813048,-0.019065719745084087,-0.009643146470489916,0.009670046230743745,-0.006906718517109667,-0.0019708546055524634,0.0009540929831761691,-0.009436363267002701,0.01079723631352425,0.01056898644986104,0.0016749537139977289,-0.0008519504163718716,0.0001126749057598353,0.01684346125862146,0.020461369609585
2023-01-11,0.018696743651024805,0.012683889123149328,0.0033123065795186424,-0.005912213290696133,-0.006607041077963727,-0.009900973311936734,0.006910711355323951,0.030220160483782177,0.008013378508182845,0.01912077892487396,0.01485760855511753,0.015183535674591964,-0.006517861267561154,0.014997301083622627,-0.01261913714160412,0.017734102275771546,0.00822391243104148,0.026059231073818356,0.023491338306514287,0.014121178294781211,0.0448193503551646,0.028206490736945256,0.005323160285205963,0.00604472836106873,0.008195113148643962,0.02020342367147543,0.0035839237679986535,0.0050350057550736516,0.04923989492709224,0.0038631428210547103,0.01153888069426956,0.010022712305779669,0.021134824231221927,0.0011246699425728757,0.017300326586695336,0.05247845947190366,-0.0020869569108379338,0.0028302816372116624,0.016251753588174545,-0.0025584823859523542,0.04284151004311809,0.001979887592171714,0.01764416543969194,0.012488870139645725,0.0033685708342159337,0.058083825879343465,0.00558334993931453,-0.0012958101519410237,0.012009115405613668,0.010299908467610308,-0.004062652260339306,-0.06732993441051016,0.02248732838102785,-0.016996146044500393,0.0016341577426890463,0.022953064954072566,0.03809783064867678,0.005672262673872552,-0.0014913849225319797,0.012659318127425934,0.015963897733856314,0.02111243941190888,-0.003488256639413545,0.01048441340294648,-0.00354155362210562,0.007938821746438895,0.025255560561752155,-0.010478828338608137,-0.008100902985654246,0.006121620335866718,0.015305404550770563,0.0022414043399412442,0.02350010902310351,0.021853358108586685,0.004180584045301083,0.02020300005220621,0.019505668147056898,0.016459281067786824,0.02619448223890264
2023-01-12,0.0012721128688784056,0.010700585222716885,-0.0005134059516345157,-0.009345849132647244,-0.0161783980588045,0.054999905815288574,0.00549071426168779,-0.005700638303371086,0.009712780043248603,-0.011153306949354014,-0.013606640633381017,0.01090578774054407,0.05716988733691242,-0.00952654921854712,0.024625916297706274,-0.0032238836948466076,0.006064221672093639,0.020513254116627744,-0.015582096363060072,-0.008922585524098192,-0.02264921562222255,0.015010475683931768,0.007739047127453436,-0.003881696112907118,-0.004267371819965948,-0.017027788124284404,-0.007607767953475952,0.01679671134996119,0.008111392257938332,-0.011987783553736198,-0.016225798861885576,-0.00705285301656966,0.000543176107308696,-0.012749381478298072,0.005404354561790337,0.0021997823025410312,-0.006608483333358617,-0.004233324848056164,0.01968181354015175,-0.00921528786829895,0.07524628424812252,0.0035561491830526926,0.005999916375951875,0.004694882056183403,-0.006596565223017992,0.0018929468094222024,0.006572931770575385,0.021732018938673603,0.003207196295412773,-0.017218009305051796,0.016899929888130494,-0.007690433210861158,-0.000758334765854074,0.0032166468672796267,0.009663612451271453,0.09341382572703538,0.02316512767504464,0.003264991528249883,0.030500725425219866,0.027029312768846125,-0.01882344346574727,-0.0005993003559948695,0.0035004671672507204,0.0069921968008404,-0.0072917854462254406,0.0007242681513999205,-0.002433689435143105,0.006092021262177338,-0.012868039430126599,0.008831994398647458,0.0027054691342560666,-0.005591324078606408,0.008871053092348147,0.010336568998451146,0.008326559914301868,0.001420398517217425,-0.001946385933449979,-0.0020761429414348775,-0.005820069886407153
2023-01-13,-0.0020870768519961613,-0.00013877405306572665,0.004330594765374229,-0.010291604855754533,0.004202400208890733,-0.0426539592010734,-0.004778121076917552,-0.01586419472167866,0.0015238928258354267,0.01671781232851144,-0.005936803344123831,0.008938596849958458,-0.004432830762398421,-0.00031402214070241907,0.01663102619485124,0.0045034216474175714,0.01774341049024586,0.024756363261689618,0.0013903802510921714,0.004365021217855869,0.0023891201605161783,-0.03620622457510958,-0.003368115883884526,0.0058452994991815554,-0.002449008980570766,0.006028204042800356,-0.016113854445389708,0.0027531369134354833,-0.02241382424449878,0.004493722229539143,0.020391852227689355,0.006979119567656955,0.006703889694460008,-0.0030719753482915113,0.006880607707512532,0.0021387038410447534,0.010610537719131896,0.013037279178676142,-0.009372502807172056,0.0070955782651580535,0.00682265680357963,-0.0015750220506444146,0.00455533889969284,-0.0004643979164715706,0.001837918393030824,0.029915043601747016,-0.0050521411347753675,0.004126863316745277,0.0041559833092363885,0.0,-0.007450073038911542,0.003999996185302779,0.0021250815596156603,0.03152968585517946,0.004723491575232552,0.057218988391099845,0.03459660966696698,0.012624866693799364,-0.01067963945071615,-0.011102763006274219,0.005411037128623786,0.01011875004208651,0.010940166612738667,0.004479742452772939,0.0029896142704552986,0.01669081017783025,0.007140288978189524,-0.006168311517548486,0.011623138417710566,-0.0038910126031919123,0.0009361941178265276,0.0033737963856541597,0.008965529521224092,0.0029734721466345704,-0.00330308049458361,0.0038382668752019455,-0.0005540234362704233,0.013522241205177865,-0.00886517008433696
2023-01-17,-0.0050924014747287805,0.0053811545166893016,0.00021940903709172233,0.025996653270836445,-0.005458362877944323,0.0,-0.005486873884448018,-0.0028847256891674222,0.0264684631540415,-0.002978646380343841,-0.0014053534445905846,0.012219870606480887,0.016919183053027753,-0.009621074343988067,-0.02234397388015874,-0.03496884898715025,0.026192855034945506,-0.007642351552188065,-0.010146377280494279,0.0031916422533977418,-0.00040866744901946195,-0.0005289641333265926,-0.0013518679874207074,0.0031324845362858955,-0.016366668134478735,-0.008999396973531693,-0.005088158097671713,-0.010548992060761209,0.023515604238725007,-0.0005965640015294094,0.0008816255512962279,-0.007340912309566905,-0.0024417533625402665,0.004679122664500435,0.002028619772162843,0.042738406799356365,-0.00208326204010445,-0.004476353076844242,-0.006463791002889296,-0.004665313429158324,-0.00871250241326682,0.0006575466537532826,0.0026645690318090054,0.0,-0.012249969774593139,-0.02109661268732821,0.00041444930100720256,-0.004742304516355045,0.0044571598321727635,-0.005071388225523554,-0.015300130565291559,-0.003984059960658093,-0.009088141415848017,-0.0002589185800495608,0.005319810657366197,-0.011930745965548883,0.00885198036620749,-0.010324610194387351,0.004163723309179357,0.00033254148702965836,-0.01293822163384073,0.00875675100366391,0.0037641556943284193,-0.0006690090431382689,-0.008501011274669623,0.02304559639527337,0.021918981651138703,0.002106987426773177,-0.010611853803701887,-0.000976531811790915,0.0001650716148791087,0.0011207021699706221,-0.010765646630879644,0.03582737088396626,0.0,-0.015709445980718995,-0.013126995746419068,-0.008210423884436935,0.0010969178542594715
2023-01-18,0.002650607709127728,-0.021133309833143432,-0.02937338086298691,-0.03125007220441822,-0.03805338689874915,-0.004950486655968422,-0.029655266065945485,0.049520760077166326,-0.017756778055541544,0.0022557475280549077,-0.005980528322532708,-0.004325896507298643,-0.021891494559448388,-0.0036081407771129115,0.003570809332460456,-0.010685119243383445,0.003088968404990844,-0.008214598913455107,0.005934478127491927,-0.022879508033407214,0.010082505988287638,0.0,0.009205283876919657,-0.014996811648997355,-0.024542310619053542,-0.014992803130488563,-0.03276337793888995,-0.03782704864341757,-0.015508258279932186,-0.03655609869062726,-0.013996283946400512,-0.01462502971439994,0.0034331158461053946,-0.02521859464441445,-0.0129999731093563,-0.007378656383358773,-0.019873212363301862,-0.016393224642117343,0.024231688684455577,-0.012626742713450212,-0.04570312729920256,0.004072295597153053,-0.010070767790192336,-0.008914592254748999,-0.005452190935216095,-0.006142675153973931,-0.008545627116332222,-0.025095206645002754,-0.009033275889190229,-0.02154782534769628,-0.04075038807388087,-0.014750003814697266,-0.01910716615180874,0.04845181239715424,0.012429171551616491,-0.0010093047240069541,-0.013161089773703227,-0.018403550484067055,-0.006526843834847917,0.014632461134402863,-0.004846688677033861,-0.0053700994467080765,-0.007500017237672352,-0.010933780717665265,-0.018669750802367324,-0.006305617137332353,-0.0029484563984317758,-0.0011934272295917037,-0.0024598064214164106,0.010166027241766962,-0.009571525602049546,-0.022390102918516286,-0.030229756985819423,0.0027651466280511627,0.0033140269925009402,-0.010048934111808738,-0.016289835101087946,-0.007553762735804659,-0.012137565541410322
2023-01-19,-0.03226978901138122,-0.011782538975932733,-0.005118854515012483,0.004359344962959755,-0.0036136562932017613,-0.01658371966949146,-0.0035535123339136554,-0.0010269453114444271,-0.03184834989011298,-0.005018217577368644,-0.0026544253029563425,-0.08598565430549387,0.00358103759215056,0.0017111555575997084,0.005795096237269259,-0.003970097301448705,-0.042544569976354474,-0.014020102817949076,-0.004719591941191537,-0.010668572773163021,-0.029743060194464932,-0.005293847339938984,-0.002012195952232898,-0.02081466808406507,-0.009381716641415072,-0.02423498082491138,-0.020984793828238923,0.003036058676810116,-0.003500730588642198,-0.011305613769714618,-0.008735331269392965,-0.042513983874428396,-0.015586295212451473,-0.011595186526609402,-0.009823992843096985,-0.0010309410648945416,-0.013886412566060713,-0.007047874740776061,-0.00625998158602048,-0.009300514174767405,-0.010028687522426805,-0.0005232471805176608,-0.0032027823755047535,0.0035744667001549324,-0.017288960001487275,-0.01864654092151996,-0.019275874165369355,-0.006516784927351416,-0.016312177797473182,-0.0044992394847591655,0.028117170875608277,0.0015224910815359038,-0.040984947521298665,-0.02570109576755475,0.01956971771053606,0.003573650162797426,-0.04741937924985118,-0.017345213076010002,-0.013989837066614053,-0.03654522244504854,-0.013171738390107657,0.00044367163075609284,-0.0020465739732757893,-0.003947960695658059,-0.008926179211635299,0.007527229431677496,-0.002957263978721536,-0.008590264470484832,-0.017462226165694594,-0.0015479039094199454,-0.017828295857698073,-0.016318508428397105,-0.020128229167082234,-0.020318378746148502,0.0,-0.014586787164374226,-0.012859562297025118,-0.021478544056455995,-0.02730373585105872
2023-01-20,0.032875031202902694,0.02013345244190723,0.02247268607164088,0.006944354732689728,-0.006680597997897775,-0.04215862535935677,0.006419240940593651,0.023102249310448242,0.015782247558068452,0.02705328534869933,0.03726044856547306,0.03205835377801192,0.021409450216274273,0.005283680289729364,0.003436839456506968,0.016500747871249777,0.02839607011603973,0.0047689724778334774,0.008190388925769287,0.0348714782765529,0.03235783928504943,0.012772824206918498,-0.004435461084997261,0.022620179609086133,0.006887579868031901,0.020954563306074148,0.0065822106864092955,0.030417457975190576,0.031030503821985578,0.0031327557558258334,0.0014019566272056583,0.02386478507076717,0.02020970686697421,0.0014736391109659852,0.0273667328721392,0.011895075955385748,-0.00017277016841443782,0.007481463766155327,-0.01621119484050415,0.042342989548266985,0.022534632554423784,-0.0009163293825162899,0.015450750963121873,0.040434432466861514,0.012505399687212204,0.03810845093076898,0.013422691620016192,0.019022683050432754,0.0320273333516492,0.007136041485129585,0.028834876282513244,0.02330879504667327,0.02892417857930063,0.0008879565787365262,-0.008106823169311328,0.023631053020032322,0.023593758587438174,0.012039461713221344,0.018656402438750996,0.04524574004218995,0.018507156795412705,0.01922102315939611,-0.014671129232179392,0.015515252442050098,0.0046174672214240875,-0.011988495195538573,0.03669670061403418,0.004533134358757351,0.0020159742055947394,-0.0036831867508898553,0.011422708716573915,0.010186228632486971,0.017269664484331315,0.015258563431423067,0.0024771609643656767,0.020862199015481586,0.021773424692253407,0.039211675793320744,0.03342086959362289
2023-01-23,0.04113080164915783,0.02155581026324871,-0.006660210496119423,0.018965344675529794,-0.008839333253846449,0.028168968492611857,0.044649386153355675,0.023902484084064257,0.01048593001054643,-0.0057742008321519656,0.05747529954449493,0.012746386452215264,-0.007860377736476187,0.0021735082553948626,0.0102749669329949,0.015980157254282146,0.03444307051223405,0.004093196021724976,0.04820971502627125,0.021652428123707823,0.06979096748315716,0.023121140565104836,-0.002429986145527141,0.026035809644306296,0.015391290494192855,0.002794783033387871,0.008383821772293354,0.024526622467800907,0.01987500664577113,0.004996998716953138,0.0011000061035155717,0.018304700941798258,0.01842151167400541,-0.00447371518781281,0.022215938895328913,0.02420823635511682,0.0004319660017828575,0.011138470109099075,-0.004708105282931974,0.03827753045530713,-0.003639310725994105,-0.0013103383551053005,0.002791830274252005,0.024131561775873278,0.027184071080661454,0.002776315095798454,0.01900894668352615,-0.015448969066017004,0.02173914741755878,-0.012281336069416171,0.02600377492172723,-0.012626846477841513,0.02668995976600419,0.01343114036221138,0.0033654617663698705,-0.0028139459575192705,0.08282659542512039,0.030850121840485967,0.03870718659039496,0.0661513081344931,0.020648648787502832,0.023500294624355433,0.010726899621376296,0.008809885786806637,-0.008623093619926414,0.0011430792112290256,0.028890437080519193,-0.00399847777300999,0.02557889813162384,-0.0013615725207553053,0.00894558634910747,-0.0005759944196542799,0.022873375526075268,0.0208657254804403,0.01400325438028327,0.017467962649144964,0.003260953916631504,0.06121199347746509,0.007300001438842685
2023-01-24,-0.010248887528558903,-0.00017123212490288697,0.0029801457316664948,-0.01861235494870439,-0.0034898229647769563,-0.018835401591485446,-0.004070650928993724,-0.008986433990185505,-0.015407476980748624,-0.013531405267102725,-0.009058572427058431,0.002326675699126257,-0.003521143847962427,-0.0033912000630967887,-0.011566490276744279,-0.007511593207221168,0.0049725514190466225,-0.010755001374409323,0.01050368893085829,-0.02960461658441027,-0.024169256537422856,-0.0005134133377000527,0.0044658455775443695,-0.0010150704330172955,0.006526212830066935,0.005642132792336163,0.02011959617348813,-0.020068874533352155,0.00946548189720331,0.007457815513476129,0.029067985365829108,0.01826964467600245,-0.006070570793978103,0.009283195385208609,-0.002041892293832337,-0.0357423203851539,0.01675599890604973,0.004048728740891017,0.014380438080213498,0.005421509750141551,0.00040585345493293623,0.0011806057123728841,0.0,-0.010027956468680377,-0.004715307953095937,-0.012305137300550828,0.0058458211652370196,-0.014383914399676345,0.0037002445499703107,-0.007412822134709951,-0.010137814449790894,-0.021815514625891375,-0.018304855338487802,-0.013253135637228297,0.0019165791360926665,0.013616469570490786,-0.005614190978419198,0.08635691127197642,-0.010075571591339871,-0.002518546921586262,-0.010843700177151638,0.010063175434080751,0.014414710505718409,-0.0013265407159828158,-0.004866412250583596,0.0032057555223272693,-0.00561582661104143,-0.007054274301244834,0.005764836277642349,0.004675395892372203,-0.011249079188147881,0.00835969593864161,0.002970078075592353,0.005717265957080997,0.008123344156881318,-0.011417667484701188,0.0071099976913682195,-0.004637878574295651,-0.010027770463009289
2023-01-25,0.008496292648554116,0.0015759608311052276,-0.01908953920140588,0.003448278789670578,0.0050582077951939475,0.0017451031928754634,0.004768503664364099,-0.017041797560501393,-0.0054304247543742745,0.10245226837858068,0.004570658565862695,-0.0044317507280067225,0.017667930564826406,0.00328406177144136,-0.0054474503593296975,-0.046581606562503985,-0.002177108978060449,0.003989319449714923,-0.022706658841995075,0.0207479743208292,0.0015803043510482784,-0.004624783965993973,0.0012127086394548847,-0.0024993546790533783,0.003555878077909247,-0.007654883372715582,0.009454074872011553,0.007899240251742823,0.006618780608779851,0.002467894153596273,0.004853426677272621,-0.030645472324549505,-0.001059395176739586,0.007264800528392179,-0.0022195169871380704,-0.011794108941563852,0.021066994969789476,0.003188298661543909,0.0024249306316710406,-0.005122671987244476,0.019878287168402897,0.00039344364877913485,-0.0025984347683741804,-0.008718016806796514,-0.002428032403718805,0.008928577793566816,0.001111073219949743,0.02819249343718666,0.012749644401061522,-0.0021681256341130606,0.01735379263020409,-0.0053832118305100485,0.0043872133532489865,-0.0034214315184578625,0.015901504552369605,0.01867717187012463,0.0054107938442122805,-0.0024307022374971954,0.0035174467735230586,0.0035960290341696677,-0.017671208919604497,-0.004701030990573396,0.011867646499640117,0.0023246401972580877,-0.012167874124735412,0.00971766338212876,0.0005482555217104501,0.0014438832683114633,-0.008398722805314507,0.0005816314010171908,0.0027461318296306825,-0.0005719010720470763,0.0033095713082540446,0.004358321971225321,0.008058081559390695,-0.025290759920210015,-0.004370377104803924,0.004077099509717463,-0.007150126031811643
2023-01-26,0.014304700591499797,-0.0014366248731522147,-0.0135544317627867,0.0,-0.019163695214085452,0.022648139428359082,0.011525250394950337,0.000583265749696471,0.0002261803008001273,0.01670880353563664,0.02047453929473453,0.027451200744202264,-0.005208410272841801,-0.000276112043124388,0.04320940376646831,-0.011315310265541556,0.04312127220334472,0.011221692504957748,0.0066089074717270435,0.0059507849971698334,0.002253861200197438,0.012906492462112062,-0.0018840242484735592,0.015115577920695289,0.007503043787487673,0.00965955881303393,-0.008558109405188752,0.083019109517803,0.0049316853100915825,-0.0073847625559999575,0.0037674558702671668,0.0010636888395714195,-0.0040866997984772,-0.009946132830283005,0.019497511453868688,0.061709303211646915,0.004242895695814264,0.016638528535117825,-0.004652035005745958,0.010749796515013843,-0.016507518625859197,-0.0003932889117547189,0.013677572787753167,0.021358554903222915,0.013594559466214129,0.02099198301215366,0.022025665230938962,0.025806532996691667,0.012437428955386354,0.004345673233761671,0.007271147232023933,-0.003092756037225586,-0.004992105642249722,0.0031787041022832696,0.01223962458028005,0.051245259901991025,0.0386053257288852,0.012814686064192893,0.012528958016650993,0.02127005299815443,0.004885804212456435,0.014803415089261529,-0.0007716904924945922,0.008503530490326039,-0.006470714850200232,-0.00013006865930420553,0.017262216292336596,0.019552261046675623,0.005981089367268266,-0.0009689618713503156,0.013357850052649889,-0.0008579308200061808,-0.00017360579818881394,0.005141321753322048,0.02158285520454739,-0.004497543759240719,0.0004952454274793627,0.0022233521226173725,-0.017661208877960077
2023-01-27,-0.026648309022542893,-0.00630318844488631,-0.010363057997568759,0.021477540387724092,0.009078329950239272,-0.008517964779342746,0.006032240065219074,0.015313526909892072,0.0040699304904212585,0.008176514156720938,0.017038156096279566,0.0026819069934274076,0.013089095028226971,-0.011400439356458847,0.0013612002373171173,-0.020538558283166863,0.023768776230666644,-0.0009499599472428955,0.0053343661706504175,-0.0005317503002821855,0.018729775743294264,0.001019234028152738,-0.0010788292393175691,0.010014058031190265,0.0035168912223348947,-0.008660294301102378,0.005537615795797146,0.01768943970057224,0.015812351104291134,0.0030998656644440903,-0.01077858442026447,0.01831940436583257,0.04554418527249604,-0.0035247534904352396,0.009954313962673433,0.010930380665855166,-0.010189713208941464,0.002390461930911192,-0.0025238926505924963,0.021360259207129362,-0.014560186240537565,-0.0007859933614066117,0.002891396965541304,0.013367186137868803,0.0005270107606973884,0.03043737760442866,-0.012679999896217709,-0.01572340730460453,0.00494384765625,0.0021633324735250703,0.002220870440762468,0.004912063733452543,-0.0810599725039095,-0.017617357813046408,-0.0036042922949504064,0.027503461849611055,-0.0031537486091701705,-0.014256223630675136,-0.005008528490620723,-0.004180287447267839,-0.00464114849802133,0.013684125811541659,-0.01065637595735025,0.0005476291979118475,-0.004825935042210627,-0.011186216363393675,-0.003232268963707652,-0.00616621846745502,-0.03076494732958046,-0.0019398033381733404,-0.004412397686133218,-0.006584804834436908,0.000520979845411329,0.002111670273831967,0.014084427282337941,-0.017984271466092272,-0.023264734090859163,-0.0022184197942589634,0.014923959057784097
2023-01-30,-0.03822235735180357,-0.014271870940768983,0.0005429018401654773,0.004205172513125355,0.015059900293085349,-0.012027564209417974,-0.01132583035959378,-0.030374275789001093,-0.026572332647387342,-0.013991464273773069,-0.033818709813252634,-0.01872426072120581,0.0008613047486960568,-0.003192350774730901,-0.03524607693115556,0.007019991134476822,-0.012555738222675417,-0.025802832461829572,-0.01418380651726392,-0.010108326548041058,-0.025449407659690615,-0.02036656610964127,-0.0028343144319286084,-1.971139983536485e-05,-0.0059782270818447,-0.0028128979958280675,-0.0008100483104827028,-0.010402991892949354,-0.005367736565817127,0.0018539564703554667,-0.004085982733772586,-0.015068041640982077,-0.035681168534027585,-0.0008254575846798895,-0.020218677843082733,-0.07676144604690627,-0.00401749820203845,-0.005686865728165347,-0.0036547403120572586,-0.014175666210113569,-0.01067105402521018,-0.0013113176013243022,-0.010662627146007075,-0.019664908406514137,-0.011122180641436441,-0.01652968356145279,-0.01614245204525777,-0.008945666587889534,-0.01177699603403426,0.0014393130595964365,-0.008310045864772908,-0.008747109903030958,0.005630325378340295,0.002967339457030871,-0.023920600879383414,-0.04869518595564215,-0.0510734963830064,-0.01672243170833354,-0.013398457381452067,-0.013268280319351122,-0.0041076603039337245,-0.02007805313170441,-0.0010926589575176449,-0.012039065880572353,-0.008121425581583464,0.010172691621676666,-0.023185393257500353,0.0015939798266846328,-0.010374710894698769,-0.0034984322793257805,-0.00792167117395881,0.0005765159287856036,0.004512183745485343,-0.03380941754870037,-0.022218728930892717,0.01468625129183554,-0.024486974502087477,-0.03161274870301345,-0.02433556869772857
2023-01-31,0.030406780770932507,0.01734626639409953,0.007907490431495301,0.01842547921166182,0.0005777664827009144,0.003478349356061061,0.022237132169743656,0.017546843782747068,0.014177628463736047,-0.009015216975566398,-0.02284882332998317,0.016670129574512194,-0.003442357300536769,0.017533585954294884,0.04307551083203687,0.01556098757984703,0.014709215086810223,0.004436557351723991,0.03684941248987328,0.008935079057643458,0.023136892614722404,0.00675692159505048,0.0046021350984792875,0.015617548849223173,0.009332232000015761,0.017658878450942384,0.015561751606847807,0.04484348315470399,0.01726954944767134,0.009253828995756441,0.01670410314148163,0.03106332242521126,0.03529275089576789,0.00908683898400442,0.01498607878933833,0.02847313612115432,-0.006806655402281314,0.006826438432964155,0.007994849297307871,0.005059468101330511,0.015556938689956556,0.004333388388570558,0.008603566959990427,0.019041281862514303,0.015036012897961193,0.025658817736008643,0.006122674008478768,0.023210872829009244,0.004827269428340886,0.010538872637907648,0.013687169024247048,0.0160914291779104,0.01596862040556779,0.028299537981790968,0.017812287347162448,0.017119893047161883,0.02762562687573955,0.004872317838334972,0.012004847825405118,0.012003121300443453,0.013265712707453359,0.009021090478983362,0.005625813353421494,0.01085626170952625,0.0032195782827724173,0.02569564568600824,0.011563551368651837,0.003978219825909068,0.01651552633997344,0.007996542601070189,0.0056399583822255295,0.016128999784093878,0.0186592271004824,0.005331221029248212,0.0040292500902130435,0.010201567577845294,0.007721716205453921,0.01527415225180162,0.026529148885985787
2023-02-01,0.06745010699893994,0.002406367211132965,0.0,0.00822360236150499,-0.00500658414794497,0.01906409262240638,0.0032961276503984394,0.0365511077963232,0.028773417726050576,0.03614117951549578,0.03814259384625007,-0.002268697707810907,-0.01381678524247365,-0.003776830067839465,0.006561375156990845,0.0040742325223321885,0.04745481508031957,-0.006581229127842869,0.0194668255028696,0.022373157372602703,0.03937634415659508,0.016004181285533603,0.0064284955528697285,0.013244614964285528,-0.002054607660337937,0.0059043424493199215,0.0038307023520027794,0.01770281634225146,-0.0026528345466839687,0.01971264507790882,-0.00038432854365499924,0.011138510969934456,0.10316893817592931,0.003157575985636818,0.021383528309552924,0.029627577679216532,0.0027920223777961883,0.007788204851784553,0.012020834847710216,-0.008654979492002113,0.025735338231043237,0.0026475272278541073,0.012290731201693772,0.03666905336752668,0.029859321552478058,0.019586971068148662,0.03032428885786853,0.007876468956267813,0.043537028964209856,0.0026071649354164617,0.013501830107053747,-0.0007663497528680452,0.018083505080988882,0.029146695563512237,0.005402855153515462,0.02758769158807839,0.06882969817990436,0.018753737021633743,0.023947179793960993,0.03941162041586033,0.01303711951223252,0.007900682410708626,-0.002641784089509991,0.010191881947202663,-0.023732130970659848,-0.014030690457160988,0.03314553135646481,-0.006340065320011745,-0.001882483026463766,0.007316138899096769,0.005941355984196539,0.0017007643182629373,-0.010515564880464123,0.03630147184093846,0.004012701167149357,0.015967466809202246,0.016778088924539913,0.06184858939014215,0.03065170388459637
2023-02-02,0.04411382334423086,-0.013991827861606354,0.0013074877881915636,-0.0057094970281929,-0.024966223800485743,0.020408221449320862,0.01839684737829006,0.007093301355749704,0.022330678475058763,0.0077985141735734675,0.009105453186327717,0.013850145183073925,0.017513006752271965,0.006041973310418891,-0.013036982572863343,0.009967810749929695,0.2737762589378656,0.021519702365760285,0.022130898381831132,0.022665176100684636,0.048900000260016396,0.005081018183688446,0.0006711097772971186,0.012417886102693121,0.015441495877263511,-0.0034725288735046878,0.005565341123757506,-0.012639367521674716,0.022872754286457075,-0.0010488427823228674,-0.014033055282824058,0.020242990078343626,0.010309437606414784,-0.0092680206985567,0.03588997761484114,0.023009589308306433,-0.020502866054246782,-0.007637084696827556,0.0012944570463073735,0.02200446521784527,0.04161688772970984,0.0007836208018130453,0.007429930283475272,0.021645127286801236,0.015346277488215376,0.07379935352944922,0.005010377780819697,-0.01875593685091448,0.0034527097740433277,-0.00969256528448803,0.029092136716848183,-0.019171779664562072,0.04996665402664746,-0.016166066031363724,-0.012967297081052376,0.010121072064196435,0.057241892649765314,0.0022451005853394435,-0.041995532735687346,-0.018850179456704752,0.01552999709100189,0.03706259423675018,-0.044094750323143694,0.008136242959677853,0.0004870367528047037,-0.03581269217034655,0.0017470582461802664,0.002620450204932956,-0.0002460639883916649,0.0017334363115026896,0.007231211324507436,-0.003678849055602673,0.0066850307790951025,0.05033490755251124,0.023181424040207288,0.024551960106658166,-0.0031342730792150997,0.032873386294329565,0.0725590350923917
2023-02-03,-0.03444382285799674,-0.013529438924242632,0.008296442567091944,-0.0008203902019610076,0.009924714833990933,-0.015000064442170946,-0.003225951547629169,0.0027361868175466153,-0.010348234715682358,-0.08959312361786365,-0.012031035617200758,0.0008156002266899165,-0.05593797094298536,-0.009302996457100754,0.0,-0.016070470817767135,-0.0466266493042895,0.0157562355481502,-0.007281113567794484,-0.04528085859693587,-0.040295950555681914,-0.004549773170154148,-0.008850648183650778,-0.01648740751018285,-0.013990164156609253,-0.005373123182887407,-0.0253004678030605,0.0006374443656229634,-0.0083204535124356,-0.011251217697180627,-0.007603809371942716,-0.009323109944627594,-0.0010768303588624129,-0.005000827127727869,-0.01777222137338852,-0.011630234136972284,-0.006632544281467534,-0.044434283092346205,-0.01495575338306454,-0.047419825518834724,-0.02274904244246212,-0.004701265578338165,-0.020866194381248815,-0.03288892754948358,-0.0026769850555545815,-0.08431497620839845,-0.013454029977080006,0.0054488684862781245,-0.01591398724518367,-0.023633138643978202,-0.005548120607587359,-0.0028668390256366694,-0.02403145744409907,0.04002946594836798,-0.010415401534710211,-0.032064730766670047,-0.044708887498248195,-0.012812601635541876,-0.013302052296210842,-0.0061098214449424315,-0.036947968150281674,0.024399930123943703,-0.0014670246725628777,-0.011513998246877266,-0.0055165859988896004,-0.0021848833392597022,-0.017809930744354996,0.003125346019066999,0.004757428186564994,-0.009615269776940827,-0.00970019754135576,-0.0017036787806387066,-0.021283896680817982,-0.023607059349242232,-0.0039061144543399706,-0.016749660166230917,-0.005109270139806998,-0.03182712104943519,-0.02275737180611004
2023-02-06,-0.019086486046148043,0.016394576795235816,-0.006628117021383995,-0.010673200438212183,0.023584907224562857,-0.030456711127215375,-0.005825238902869012,-0.004093199968061012,-0.02535848025486409,0.013934644496547799,-0.03893593259130279,-0.007232328126129062,-0.0009116632703705108,0.005309373264664963,-0.00019424943899803981,-0.008166619203569203,-0.0018653880415391288,-0.039550910231215375,-0.006465967285235408,0.007070892753648028,-0.018469772366780712,-0.004570889492512165,-0.006223658695132639,0.0015345980680552262,-0.021797179478379225,-0.007933484240230215,0.0077870112559315086,-0.0022936532064470327,-0.028841088568405504,0.003944888063125207,0.010019613089282675,-0.01878149914664473,-0.003881203164616709,0.01596505196850151,-0.008459333413525894,-0.0046135471087715985,0.0033817508219580183,0.006903154763674646,-0.007403958850161763,-0.03404100715828229,-0.003912378073519629,-0.0038051461517731866,-0.01837132852312129,-0.010808466852267773,-0.007102206842841574,-0.011703250716856073,0.006157778993625795,0.009244488025829778,-0.008595517819593668,0.0014670092435247195,-0.01062688326525274,0.01751181424557169,-0.019439650512563245,0.004395414693074917,0.008970218807857977,-0.009947406690882343,-0.03327590971749894,0.002359621877961793,0.006127943569948835,-0.015479232349499217,-0.017655998561922015,-0.01792872840226134,0.014691538014369288,-0.0082734677791384,-0.005384020858482774,-0.0010724096980164743,0.00032282785377102385,-0.010139018354196172,-0.002775618890851095,-0.0075727275620250944,-0.016657405621900767,0.0019913292596600574,-0.01896304390602077,-0.014561086411952973,-0.010196223544045813,-0.01619158690502176,-0.0006042665324909047,-0.009630586138187347,-0.026148300820114656
2023-02-07,0.024046070358912486,0.010926855521794065,-0.0009202620252934945,0.004979257859828223,-0.014976975694082184,0.012216288605017,0.013672054233895947,0.014308933905365251,0.02499035910401526,0.016685854752792162,0.035845159807276206,0.019905486133542594,0.010036462628594034,0.009655958720480529,0.00582861537520718,0.014767159763680482,0.007621374567145622,-0.014232187249455186,0.02204957323999568,-0.003974339926237858,0.019864433159739292,0.022448932562703527,-0.0013614274478893629,0.0018231328433067073,0.005675674783739426,0.009477940766475568,-0.0022536186584926066,0.02133105073852959,0.010259048240728319,-0.01647284955702677,-0.0030149538952911614,0.006066209127336908,-0.010471847363993203,-0.0015131957275973384,0.020718608247522807,0.009530266588568814,-0.010543576906984042,0.017234923104459732,-0.008025418348074798,0.07853354591947359,-0.0033385344669747408,0.0002632368994257561,0.009965891926623005,0.022892615426231444,0.019543826495420413,-0.0006850625818668465,0.021869272057172262,0.027163577498311886,0.012343810436742153,-0.003418042041271274,0.015037598298398569,0.007963045745206454,-0.005947455597234752,0.016558403264465893,-0.04030347915220023,-0.0013866151345427458,0.03886297381084036,-0.0013579616709312736,0.02953931818598976,0.027834494432511292,0.005312792679531109,0.01924450129762234,0.019465859736276236,0.01064756069789885,0.000615015044796996,0.005368151397943333,0.01301704115580371,0.017395441142208368,0.007040273907947148,-0.0017609067066259865,0.02121654787278371,-0.0005678872155441272,-0.005674885600922885,0.024489007231207616,-0.0015846936379090293,0.010371994804727835,0.010393467177754356,0.03038811178124501,0.010609728972948096
2023-02-08,-0.037918825774161946,-0.02051944075434542,-0.002072545998083153,-0.015689572865944967,-0.007797299003982183,-0.015517215337305545,-0.008349375137405413,-0.010855390862969716,-0.030774074385423678,-0.0022763482504943866,-0.030259111724753596,-0.012676134796486105,0.010840160917350072,0.00366904505088117,0.0007727968826127807,-0.012303296174022704,-0.029675197886241844,-0.014482901074634458,-0.01701200036187256,0.0010640664182017812,-0.016940919386869036,-0.00449099584878343,0.0017721879589245315,-0.024625943628871272,-0.018394582834733608,-0.007538306303747522,-0.021942484075674895,-0.01350670894283279,-0.008551702696938612,-0.004456108870080522,-0.004097217730828606,-0.00839228658417146,0.0005469916393270324,-0.0023316121196694795,-0.017780928934659213,-0.012432311510077731,0.0,-0.004961149337537996,0.004758912894715195,-0.02986386975360167,0.0003940976899245996,0.000789951007576839,-0.016214203871337984,-0.014225475140601684,-0.018009239974820845,-0.02017429777965274,-0.020733970568487692,0.001537690211960152,-0.0014515673538548768,-0.014208847757164134,-0.003174886665690768,-0.00713564174355763,-0.013295651223207972,0.00488655244441305,-0.005681806937679168,-0.005886841852391189,-0.03591287309740698,-0.02144361458337629,-0.005028416011720438,-0.03264304126599871,-0.000899451734858614,-0.017652640409466236,0.012624278410988676,-0.008580412071502397,-0.015573718588468455,0.0002224557042314057,-0.015292331836730177,0.05416181745623616,-0.0017477961093135264,0.0017640129688936135,-0.09324372535032477,-0.00937499598433078,-0.0023185337197457745,0.0010334100020759074,0.009523722022630965,-0.01836347376816727,-0.015280103350837737,-0.023321332751770285,-0.028426159755471803
2023-02-09,0.0011211026810409308,0.005429979774688398,-0.013461695347028235,-0.01677844863175071,-0.0076621745175207145,0.0017513104996236262,-0.01165816162254707,-0.030408922045410902,0.0037830232551485654,-0.0076613857294204335,-0.0011618036658391784,-0.005502218842696527,-0.01251117710064431,-0.07058938416560068,0.04796359675578987,-0.0003123800008093536,-0.04016958524875203,-0.009965548422251724,-0.017016236136061846,-0.009765503438675993,-0.027584968822930267,-0.006516321910982614,-0.004082730067891949,-0.006311922966377614,-0.004897807436542001,-0.003729620241041065,-0.0075882165793876855,-0.012170588819070849,-0.005390650051546375,-0.007717241847278733,0.007444432985530325,-0.006080662782642077,-0.029789573386400203,0.009464881481545673,-0.008837891122759567,-0.028102824980161367,0.004629105926074795,0.002647313854039046,-0.009473634624438954,0.0038931671983410965,-0.018711852558082498,-0.0021052464249935454,-0.020107408536220728,-0.006739581064840627,0.0042757401637629755,-0.01809100582487666,-0.0038224847050645216,-0.011974419299926597,0.00625091291543689,-0.00621249460715434,-0.011146418087009557,0.017197176575643347,-0.04278247215750752,-0.00023163839271689302,0.00919252004682658,-0.01992458609440395,0.00022184960528126574,0.0147326377340542,0.0034931342255142273,-0.012408425952409985,-0.008384472554669564,-0.0069115222181632685,-0.0010908484386469297,-0.0043820795925461065,-0.000832644007945138,-0.02428933699931557,0.004421716568955292,-0.024062265501505586,-0.02809450175108319,-0.005674173359864532,0.018293578896883878,0.0,0.0016089659015039448,8.978981580765044e-05,-0.015723189254788328,-0.010267139585916185,0.001752721341947927,0.0002787221687083896,-0.02717983852628869
2023-02-10,-0.011285305065693252,-0.0024390669234538587,0.005302188989576795,0.010239010777650659,0.018214257679081136,-0.005244840860389455,-0.001965827834351508,-0.003711370879007525,-0.003382245995360633,-0.0060173336380661135,-0.005982142156906178,0.002254053360098318,0.008144808354388244,0.023977883751541862,0.0004605180412333709,0.008530158312282987,-0.017331530398880246,-0.0014844017139842292,0.014261813329427442,-0.013551618848423042,-0.009792791658528532,-0.00403637093657172,-0.004235893032370597,-0.0012783920423820039,0.011341805724389475,0.010888126062241543,0.015126268896474393,-0.003850055335017699,-0.01463419787599729,0.018821171372124246,-0.0004861003704911271,-0.0016120973550416418,-0.01690146680958471,0.019793818775461602,-0.006563176111120894,-0.01198535825432756,0.0013911392264529532,0.00980656612218933,-0.011189267543798787,0.0019841380425029698,-0.019269351472364415,-0.0011865451589978537,0.010043688213029034,-0.012825649545066264,-0.0003361188973103335,-0.006412838631079665,-0.010276695754784182,0.02299577370662731,-0.019069628308954978,0.01800417032793744,-0.0024154171109876943,-0.023719465457257782,0.009678001793695712,-0.0016214852179566863,-0.024372178478626938,-0.03383908749708209,-0.012414158076529125,-0.00027411695633727806,-0.016590174953956316,-0.01179795014010554,0.003177998539530824,0.002456349894445431,0.0018720948593149433,-0.0008801855823337146,0.01041668853400135,0.012720663361590168,-0.013260327288607376,0.006450913528801561,0.009509832540713914,-0.00511581053798249,0.017069578904592708,0.011757949472668727,0.0024986590665385666,-0.006328278253037389,0.016773032491700146,0.004131758978318523,-0.0029394835364323635,-0.019505904866086277,0.004955691514788141
2023-02-13,0.015334919537906444,0.014530226473909558,0.00907470645305164,0.011824056894770951,0.007194215692457817,-0.0017574664048017885,0.009848926785142487,0.00661062683575353,0.02482221340427926,0.010508659519540053,0.005015033394753399,0.01257428365948754,0.04847393079409823,0.012341636907658105,0.0058910650410082255,0.006819466944314678,0.029923093885835472,0.03289046739629953,0.007273061786757795,0.009589252764488299,0.01751426306900772,-0.0015198135281798697,0.0027448741348798933,0.012920395982883193,0.01269579021534084,0.011583931710050788,0.004584873456554561,0.006055327836186564,0.015401465806972547,0.011755423683107225,0.013813211350104382,0.010764734770470463,0.019942717216338668,0.00891037355340174,0.016016136541495474,0.023499929404341202,0.013891313656772653,0.013353347370603785,0.008414728534444249,0.002520241072389462,0.00675395031181214,-0.00013197001012410503,0.012798547896075707,0.010808943290064654,0.011150685938318583,0.019772567289289666,0.01326580935305044,-0.004252945149061715,0.013696616852377108,0.01179085135828406,0.007533017517763252,0.014991001593220421,0.02317867600073842,0.0030160790989703923,0.010345693574608017,0.006669980942911602,0.023569072505828625,0.0035743065830227128,0.007606525953616883,0.014342190070138816,0.012953919374299128,0.018806592727967253,0.01603858505634892,0.01057258599427513,0.004783378800940596,0.004186774269798521,0.010337289798354021,0.006029528365914194,0.011993323617817575,0.002373245229881249,0.0007627664873495199,0.010770924576137597,0.017981169756983606,-0.003748810276181347,0.008641058711336136,0.01129413132406687,0.005334677741782645,0.011273443392555649,0.03179728626100098
2023-02-14,0.016390618765750764,-0.004751101437066363,-0.011683314090281893,-0.014190013053631878,-0.015057852775388514,0.02112682157606338,-0.001950560193865969,0.012978403427086116,0.00883063715504706,0.00624501217300466,0.032435150708264304,-0.017364981417995917,0.03167810670121618,-0.025189722208835974,-0.00183022551975498,-0.012183251241699278,0.01924607716933191,0.01155890692879713,0.010590145145186858,-0.010171738214062809,-0.0005957122876136811,-0.0050734139130471645,-0.003421671657422576,-0.006377857037027201,-0.0033431813171322933,-0.00843702383090783,-0.01140994156663444,-0.003457695805374361,0.0037919349783164247,-0.009204569559922104,0.00028784090333444645,-0.0055707921035105246,0.0076694378398745044,-0.011250434272676468,0.0073889020450037535,0.001116166466541113,0.0001713813294654809,-0.004976143909004582,-0.0023021627698860403,0.0063745654693923015,0.0176865779807045,-0.0017167352083935494,0.004462910596885639,0.007733317057291744,0.011582222960174748,0.0016073541414833858,0.001979695599609199,-0.009761969428661477,0.006537802357563738,0.020393325598481615,-0.006942507223007377,-0.0022918296801317517,-0.01021966056674295,-0.0017345615102576373,-0.008991024028971895,0.01797154889775987,0.035307038451733996,0.0027399749092442693,0.004260463060190789,0.011464395334446209,-0.012564905245636027,-0.004225057624474449,0.015785470906276133,0.0005448293840011331,-0.0020700748670414715,-0.012329086246110288,0.07210554447871353,0.006370966664532185,-0.0233741859802431,-0.00335443506558164,-0.023337590759650362,-0.007571306686063761,0.004197215831116097,-0.006709937603405103,0.021028006860174697,-0.013591922599965223,-0.006795719047053339,0.011803192911757243,-0.0037903404865450296
2023-02-15,0.008611982340198443,-0.03493834251791994,-0.006299625929178654,0.003386870214295845,-0.0013719808360856955,0.0017240418006712055,0.003908815265973198,-0.010033385689271146,0.01672504070854819,0.006880553040778947,-0.003705441461853143,-0.002876847430338225,0.0298754631258209,0.0038512112552773203,-0.005683879228144395,0.01451539569732252,0.020722809671914755,-0.012493875384997577,0.0020006042961457915,0.014972076437248294,0.025912846640079534,0.004079595499844713,-0.0021976621084367487,0.016016900476694573,0.015723394090651377,0.0035208661989720724,0.011541630900796074,0.008481153651440199,-0.0053965864640468375,0.0004568380690319618,0.008153462581497406,0.011368813792015153,-0.00412629040661272,0.0013652295845749673,0.007661118407976231,0.04056062521178694,-0.001370005847832867,0.009446280324403977,-0.009324770232367774,0.03443662000590808,-0.002996434713622209,-0.001057715245052382,-0.0011225399896772625,-0.005186534762461559,0.07472349442568382,0.014643999584324163,0.008932218385635515,-0.009550261404050686,0.006206701973907602,0.015227358712839756,-0.002420192806587229,0.013782565373181122,0.004646390686868118,0.008340937060008269,-0.00012603498177343742,0.02410109915130465,-0.00995552156479973,0.023360662035458057,-0.007219419591371956,0.005516219615989915,0.003393236568823399,0.013903595185099427,0.025648763682779574,0.00065373462301066,-0.003982907210770104,0.014207882466319877,0.015922438230222546,0.01019345024198448,0.013226293558888491,-0.0025736893839880537,0.011227033404034303,0.008759503366322585,0.008533640172531998,0.01583824582913196,0.004576662544099275,0.011321811824945183,-0.012114622519719065,0.00416619476121638,0.009346416975569483
2023-02-16,-0.03407001191237591,-0.026704465960453172,-0.010174415396503433,-0.016877744280625717,-0.0011775755636512786,-0.0034422422685905785,-0.004542610660390745,-0.0231289925357282,-0.010454214860895594,0.002816977284549438,-0.028945778120319843,-0.013704320845334239,-0.01692179863109844,-0.0002061814651277416,9.219952237171647e-05,-0.001623944807912614,-0.03611218029999741,-0.010130571536100419,-0.013785955599776911,-0.015354655327239897,0.019631868520018747,0.0035550862960445073,-0.003853188802650731,-0.014043175175670886,0.052425106716326164,-0.007354444257302473,-0.005541987787027636,-0.008792002763930662,-0.05860002395652464,-0.00015237614791230314,-0.010085609647794147,-0.012422200072400247,-0.014781156457999045,-0.0028406377163715524,-0.01876415688577371,0.010714316854671502,-0.011316702433677328,-0.01339460822772598,-0.0141681815409066,-0.029581719667546524,-0.0184331430927267,-0.0005297555217128602,-0.02884164416036883,-0.02867478509679755,-0.011978914632545634,-0.02975486385196624,-0.011765873854498343,0.003421496823682535,-0.011189195087374704,-0.0042185680186348495,-0.011859786494820113,-0.015609333522851654,0.0013701903962735074,0.004710430826416312,-0.013988665805879985,-0.03446012571473922,-0.02246482599024202,-0.0005339552389749258,-0.014468795896336317,-0.021868282021489716,-0.006763698202397861,-0.010429394344410814,-0.012945003680615796,-0.010123097898372624,-0.02436780703744057,-0.012889769079388325,-0.03777316126343622,0.001115557895406516,-0.0028593309118144505,-0.004168489357057603,-0.01941454385774921,0.005602286711575921,-0.00017267646661123237,-0.005391790804303298,0.0022778612178342428,-0.004946630807278418,0.0032733118275662942,-0.018920142093616588,-0.02417425199396661
2023-02-17,0.000433364413758186,0.025227437610248815,0.0060092927095387605,0.003433385852154691,0.028689171029415927,-0.005181338439579908,0.003911293038731056,0.0021283479722471466,-0.004567632855967729,-0.012154264362383316,-0.017318887076449685,0.010342679160590729,0.01475421849410452,-0.006065438178015969,0.004978242846349401,0.0053630480699318195,-0.029003346669549623,0.013372695478720553,-0.024679392204650874,0.008103419360965924,-0.03256962508884642,-0.004048562776861275,0.002210555563134431,0.006704917092419382,-0.0043146365210611215,0.006208102478411304,0.017865856694716964,0.004756456288956601,-0.02363113970702635,0.017813758363094845,0.001345630415383381,0.018153355256731674,0.008268869511727894,0.004387224543423773,-0.007055685182017601,-0.04088846973221716,0.0032084048203311344,-0.004091377695181975,0.007776212329721144,-8.882427243261937e-05,0.013063877683632485,0.0011918209638095423,-0.013065243999178966,-0.022757140637678308,-0.005778087633444562,-0.009679109147912035,-0.008242662717243943,-0.05176684142558463,-0.00768894207094728,0.013179554955931483,0.007910430661001833,0.023017942736611285,0.015395120983211719,-0.008347548438578878,0.009713729000271343,-0.01676433432681812,-0.03392409189197665,0.010952434768842556,-0.008900147329833907,-0.0187461219955799,0.0051639718583917915,-0.007546651174798913,0.010581260245170254,-0.0025291818043801095,0.026940457069474677,-0.014690573600688706,-0.0009248416416456351,0.0007428765418129313,0.004447047960404404,0.0019935086749864883,0.023250330765544946,-0.006406886242977139,0.016234820954580842,-0.009035055992435148,-0.013636374619209524,0.0007848916322619193,0.01113538765222244,-0.00987769890495116,-0.0029392629280623472
2023-02-21,-0.036036091086873556,-0.02316981138694374,0.015719334512102723,-0.0162528977397981,0.019102308032391768,-0.026041716542692495,-0.024025903664463888,-0.023095387494647124,-0.01950930292727182,0.0002251044506937916,-0.023894141225014764,-0.02750500219491836,-0.004038766974248986,-0.015608771972316693,-0.017062516453138277,-0.017577532486491076,-0.04013132454926327,-0.10292200442921995,-0.013640409043934487,-0.01094295589473826,-0.0482980569805912,-0.018292848349260482,-0.008684856883852232,-0.011310634131439956,-0.021272334938597037,-0.018892192101375493,-0.015619815420224392,-0.023157834746408867,0.002951685748571853,-0.0037396245567719033,-0.017277817685592667,-0.13934698417782565,-0.03421259323645287,-0.0005673910961743189,-0.02367525416422578,-0.06315789473684208,-0.024029685817692048,-0.021662078046536082,-0.019437233234885443,-0.0043552171705654175,-0.028813223340720118,-0.0037041489710422093,-0.0041034328232519846,-0.028443305934931273,-0.0349748540014021,-0.02695468312187932,-0.02358986599698587,-0.01503766751206026,0.009356716014199185,-0.019047605833329317,-0.02408657303617001,-0.018500041961669877,-0.05003351630532216,0.0038052665676191477,-0.006455723243423694,-0.0013989290918371422,-0.03488911020802199,-0.02417795668152134,-0.006523838272520899,-0.03147509213259214,-0.013775259771460324,-0.026679820259019382,-0.003834194769995025,-0.0170874134365685,-0.009520585613014276,0.0026228308513214227,-0.009205968537576492,-0.003976043687721975,-0.006537480164692355,-0.011339019587084609,-0.014319652587516107,-0.0033642226683566756,-0.0426580225487756,-0.016001069005605717,-0.0023041947103956684,-0.028148234829205143,-0.010451502561209858,-0.03885990676626694,-0.04632361589577394
2023-02-22,-0.005494431577288794,0.002279980634305012,-0.005416525507987768,-0.0008698037646203138,-0.0069353043582487395,-0.010695169639491131,-0.006653299037754357,-0.007717378644137685,0.0076724834436956435,-0.010724949507733839,-0.01076394345915721,-0.0008504561639282038,-0.026764188681401957,-0.002445719450861028,0.004852916991582745,-0.007788941679218064,-0.004210522300318709,0.006204370506240453,0.0009018026902214427,-0.015230130825203303,-0.00693812665411242,0.004658297033738323,0.0022247689060468367,-0.008669885594025373,-0.007647491402163364,0.004269063785101279,-0.0032718167975696044,-0.0074656133417316806,0.0052970371627896196,-0.005555714824807989,-0.0004883319369459738,0.04308439076184789,-0.0020134381945104973,-0.0003404175565573375,0.0007480743338323936,-0.04505620377787045,-0.002214261514079552,-9.53678941179037e-05,0.009164322286710158,-0.006963031625346505,0.012033153675868435,0.00013298464315480985,-0.00416926350661917,0.005826330956301362,-0.011883915118769184,0.012793392483054111,-0.009234117623776794,-0.002655071371379436,0.0044901152155696344,-0.009235398031601671,-0.0036048822497555255,-0.032603128732046516,0.021457523424146974,-0.010913133566250455,0.0002548639700010735,0.01721962874447125,0.00868553646154746,-0.010289603871219577,-0.007571042251661608,0.002020844360257179,-0.0010875423039445886,0.002896007761017394,0.005773487993002702,-0.00269185397271432,-0.008730750071256232,-0.006608982313113909,0.006955679414138549,-0.0047366591698853044,-0.000749614248149677,0.0016096282304616238,-0.0027015217740387065,0.006469849856546972,0.0065683089255166305,-0.0013898681643489397,0.00615877071933113,-0.007532242634733288,-0.003804294180869805,-0.003855267993743583,-0.008831614851056435
2023-02-23,0.022642859353557032,-0.0022013414522449315,-0.010192112839639278,0.004351662065769535,0.0013211445790277665,0.007207292705686541,0.010716637164516873,0.012980435468737728,0.004043974547343954,-0.010186489832475498,0.031063640983529206,-0.005427313879921347,-0.00999994906647339,0.0027476273590050226,-0.01699631091215914,-0.0006728205998202119,0.009051236202847868,-0.024167083355780217,0.010712870378584816,-0.019626893565000803,-0.012693919307145807,0.0005151958999167761,0.003607795085670107,-0.008544626087813367,-0.0020280245410574382,-0.0009370844808195278,-0.0027899524105488016,0.007125977095073566,0.015808084447582305,-0.0024157896257394063,0.003518035804845665,0.0071028634233025745,0.009560873614380627,0.0010787067571502718,0.008734296277081555,0.08018593496531223,-0.01038535160953713,-0.012026383893631643,0.009772133960876506,-0.007820883979635984,0.03690043248877184,0.0013275231553997457,-0.0050241689905157205,-0.004875006311884311,0.010285265827275847,0.000313172345862478,0.013242576566950381,0.013976723564529836,0.003604902746945138,0.0,0.003339650004489325,-0.015797748324189786,-0.009201347278766092,-0.00046472954901777275,-0.010826626557036367,0.016096435393207598,0.05306021881475376,0.00465117133636439,0.013233666973323288,0.018152566262342074,-0.0034384396413663643,0.0032902994171430944,0.006476194120254908,0.004835918894554814,0.006182116117904535,-0.01062666146684943,0.013557345994900327,0.0005346607837859452,0.004042762123523502,0.005423949137470352,0.002588533947979199,0.00922314063263907,-0.007230893673560557,-0.02546975372505933,0.005355735028041764,0.005782466716905299,0.022390883493670133,0.022030327955947726,0.003831593330377858
2023-02-24,-0.014170653688795332,-0.0070969777779972265,-0.008017573300792336,-0.0025996084324981794,0.001507921457686523,-0.017889153245520983,0.013253760711040563,-0.0076235339944976666,-0.030522284650848386,-0.0035646703863201346,-0.009702149795951298,-0.0004280475019277086,-0.01683499747450823,-0.01053957398019556,-0.0029290117894671397,-0.005386481433132473,0.0026844999252195745,-0.032918908138189096,-0.00604260902030318,0.018675717163622485,-0.030166068346397457,-0.005149240949674283,-0.005530384386158715,-0.009186165872864027,-0.014834261242473334,-0.004872347888556283,-0.002139567055338576,0.006682458338800545,-0.021325693449996685,-0.007870422364367524,-0.014217538706416066,-0.010287061928158092,-0.01662410286852889,-0.001985005535350415,-0.016744177003091387,-0.05538912986840838,-0.0002689514626038614,-0.01845232245645656,-0.013001161921265547,-0.009694660398632204,-0.007315198362742303,-0.003050124024462364,-0.017920761049432965,-0.07630678723728146,-0.010011288544300778,-0.024212061179431754,-0.010363080242556943,-0.002953766906002797,-0.005316021915217073,-0.0038570398931971894,0.0072122382141242,0.0013375932485779618,-0.011214274197035912,0.0037182133977866627,-0.008241140727053953,0.018147250576424634,-0.030939289765267164,-0.01552272939248689,-0.02435468430508858,-0.014738473155011755,-0.012765782405724568,-0.018004846232327676,0.0115531360599046,-0.013318529313859906,-0.01666524097574429,-0.007051394063390837,-0.014647491076921981,0.00037394398446810584,-0.021793207498270295,-0.00559443126470438,-0.0078052162363136945,-0.008862020340672294,0.0223839874258156,-0.028896468323230007,-0.004566213329624702,-0.003054243917698485,-0.006032060525081873,-0.022817659236729848,-0.02219074223236317
2023-02-27,0.006827876574853953,-0.0030367263165805847,0.00039594187678893,-0.026933173511874964,-0.00018807737133097469,0.0091073543716218,0.00130814599751794,0.002669715229805636,0.007140479214122308,-0.012261364702451871,-0.004812758307824683,0.008884663229890677,0.03253424956215545,0.008180663654402176,-0.0036955426259290824,9.02706884673421e-05,-0.005354525719588832,0.0012119070977891777,0.0061789678619548205,-0.0012499491373697547,0.01476430994910416,0.006728811346140784,0.0016681424334112904,-0.0032335789136562765,0.00515669227245219,0.0034479196019006064,-0.007257342432193559,0.0007808707809706661,0.0058892070671516805,0.0013729392394534745,0.010767522490810588,-0.0008169776387573213,0.008393754841672152,-0.0002841635863130021,0.007161118902768271,-0.0009225303266668927,-0.004844974671874391,0.008267664337215264,0.002773358625908884,0.0071363106817803335,0.009759045755854734,0.0014634688988528488,-0.0005040894714198885,0.005553125138347381,0.0012571131316110318,0.0027807715104863906,0.01332739469935551,0.02172483801003655,0.010544499380931383,0.002662391771235839,-0.006609634523737529,0.01175523973073922,-0.020202093702027746,-0.0008103713892487763,-0.005323241373469401,0.022569311632460343,0.01049045304873375,-0.002628223570719901,-0.005433457938568642,-0.0073990785158414285,0.0018056113625799508,0.008247318569954531,0.0005782335492845458,0.005898492051687576,0.0033811143634843166,-0.008982690391598047,-0.0028905378419769034,-0.016188274783286993,-0.0017398944627586843,0.002009183700880657,0.0029650747109106756,-0.011735013293776242,-0.0019113231392255958,0.007990536693613048,0.01070346195826799,9.01103077293186e-05,0.0012837439721580246,0.0032790934397419758,0.012617927565134135
2023-02-28,0.03640585361660387,0.0024516088952615256,-0.009504733108664731,0.017856964898276706,-0.011295102692172154,-0.007220107717404667,0.0006531122619384266,-0.01760592498221203,-0.0035448779542698317,-0.002686917551685708,-0.001381609163760955,0.010822113292862978,-0.007462498945406293,-0.009551239297588943,0.030720968966523765,-0.008032409769275883,0.015953207451000928,0.007578561565372954,-0.009904780655525913,0.010151518430859374,0.013570498817074395,-0.004627291830573088,0.0002777169023473469,-0.0058517851046820946,-0.0063616535348091086,0.004444196868398587,-0.022927212853388612,-0.008843893415828807,-0.016393493071905962,-0.007007901382280024,-0.005473001957231993,-0.00227138095054491,-0.007982827996825592,-0.013529763295702213,-0.001292668019925225,0.006290375955501526,-0.0034258598085890046,-0.0034165928095747367,0.004542902834714813,-0.004814669063235355,0.02485203752608678,-0.00013334130367792518,-0.007312867292942005,0.00505710115963387,0.0016379426908728068,0.005012811540044737,0.015099567085433252,-0.014175204337664837,0.007146941202733181,-0.025102739572183563,0.006376536563003077,-0.008185834891395904,-0.005064035078873319,-0.0011599856607767967,0.004829692515784023,0.03128514194637644,0.018957261463121933,0.0012481367292926926,-0.007680136162036444,0.0008912576353927726,-0.005116473275405431,-0.0034478205188658295,0.01141458525314376,-0.005187365296018043,-0.011900141457700242,-0.013145393045047027,-0.0012423141291747486,0.006625303465903398,0.0006377123546934538,0.0,-0.009109898803378202,-0.02318358799840825,-0.002611557470402426,0.008705420617784343,0.002269245698298006,-0.005315804806207747,0.002820688082198819,0.0016835791700429148,0.0065443059861054476
2023-03-01,0.009556546614807981,0.008708242166596714,-0.002638943285510731,-0.007894505963690457,-0.011614642237986028,-0.007272616794045006,-0.0013054427443216499,0.007522556605318531,0.0009378331691318742,0.01704487760194562,-0.008301659154252627,-0.00892200670380483,-0.000835600966397676,-0.008405863297448746,0.03552636553759081,-0.0011829888399923494,-0.003134091181593246,0.02063200319251024,-0.005802611454997053,0.019548433106783225,0.006960853748178675,-0.000516461077733954,-0.005924465581447547,-0.011380101594961944,-0.0016521728966002458,-0.0212783914686272,-0.012923089820060518,-0.004986038227050793,0.01250010428920656,-0.01518869052460814,-0.02525549961549378,-0.0008195070496606061,-0.0019158115529951392,-0.012677897636665492,-0.0080393743531465,0.011469863256323931,0.0011761142903841115,-0.006464768920616648,-0.010743200361735039,-0.007759069647072736,0.008275602631876877,-0.002875357512541088,-0.0028451151766090144,-0.0017595533345881043,-0.0019621077746558857,-0.02186145722806776,-0.0012114928862316798,0.016012936651387255,-0.009366960563306215,-0.015845559570605516,-0.0030305245364078415,-0.015175710169956114,-0.009634645311448864,0.014051937867841202,0.011041808743238235,-0.009245925653176279,0.004651206465097646,0.011773108338011928,-0.012128016039686274,0.007330180138309217,0.03278576189448801,-0.014246062787254599,0.013857132967132202,0.0021539351175867694,0.01955429265564068,0.011637280020961205,-0.007826317749133338,-0.0060963467674217675,-0.0044606679255809745,-0.005953717294076788,-0.001826706371763298,-0.010419483408044439,0.0022693051109172746,0.006267793398603949,-0.007547174857668648,0.002717361071645108,-0.020920336800964612,0.002372970983485656,-0.010242312027678446
2023-03-02,0.010148415119539456,-0.012710743777563094,0.015634978322800253,-0.01591523074443235,0.00982468907661227,0.0091574928317808,-0.021568634259808817,0.020313043172677903,0.00697923593740013,0.021625589604792994,-0.01587021648846576,-0.01556853577209849,-0.004180597063531577,0.022505343276377987,0.010604267992643246,0.013618405621932173,0.01516867952645673,-0.0049129553995108655,0.025615185506459692,-0.010329454697094675,0.012304032763649664,0.0046511399824051836,-0.002098183490457539,0.014665741398637966,0.003930447068483778,0.014307551617279701,0.013092282563579305,-0.01899010881747576,-0.001763646176886846,0.018227192089562694,0.02984170795056884,0.006561577051745093,0.04772459686521624,0.018451191747220097,0.008276184369260253,0.023303286977020665,0.003072196948814776,0.015577059164042284,-0.008867184407223672,0.06053359720136675,0.0032449319645566632,0.0009348454223800928,0.003719327137983841,0.031294436775257006,0.00808238879626999,-0.00043399062951077205,0.008558429095639974,0.019942199615349265,0.01790830867260995,0.01584912735731847,-0.015749993535866702,-0.016355861840519625,0.010829562479392374,0.015345913734896133,-0.006681283055725795,0.008107790940546922,0.01917983067838258,0.02381909151613426,0.006946132196994581,0.0008085741942627234,0.027557767740736372,0.004129173075539505,-0.0009862721186275625,0.005429107827048751,-0.006138971704090279,0.004135632916233645,0.006320883665897226,0.012321574342700092,-0.00844926164621207,-0.0008090060231320528,0.011650574937029479,0.011406684965406644,0.013932290961281346,0.009870142745086019,0.018251052696587555,0.01264675277162186,0.012939187622086123,0.006608775693253577,0.0002699756492396954
2023-03-03,0.00430550288939191,0.005655773074128012,-0.0014208981525490882,0.0,-0.00019086613798136032,0.03448269770372492,0.016700094136758326,0.00425076670226554,0.01662118651445188,0.04154704791161201,0.006202393891500346,0.02183965997802395,0.015952981871318883,0.013593165495247694,0.02133848838076058,0.00988524941881952,0.06816515017394553,0.04186381036536657,-0.0031589492705922373,0.017463657974947644,0.011076307506630245,0.0005144007813373541,0.007710381097136398,-0.021474590789557046,0.015454480989063546,0.01509370312904812,0.012242705814870192,0.011560781454136748,0.005300286360436557,0.005354826443154881,-0.0013705275335994527,0.009461254495747973,0.0008172560013797181,-0.0009808347648236904,0.02067370158605364,0.041666691325799254,0.012791662639922041,0.01495010976643929,0.024226142249440086,0.01231781908381091,0.009512937346574768,0.0020008839218954577,0.018578744921351698,0.03160422352300407,0.008993122371072193,0.030066258059702422,0.05697806026318375,0.01797537931355353,0.005207531334206594,0.024764647646853488,0.01712493028326878,0.008657481268037559,0.009987384109063413,0.006428969799304962,0.0032337344185080497,0.006745864303720817,-0.04737181769683574,0.018719095383084916,0.0013635852365614376,-0.0014542576744455138,0.029351910005208426,0.03509000092743486,0.005641695632025767,0.01507489352103053,0.00029813949325641076,0.009183816440687664,0.020037378647121074,-0.006487848391538598,0.014245099973905218,0.008100180295206316,0.0012664443457486296,-0.0008675964154568616,0.0018893988567150188,0.012335677715153315,0.0014935646155929128,0.005620082899424617,0.008109558930156968,0.00960317042454073,0.020960842842547178
2023-03-06,-0.0035305231175642993,-7.395942755172857e-05,-0.002450873419238664,-0.02425873599222894,0.0032438146197570905,-0.014035158624037036,-0.0026280396370212955,-0.006215253134672971,-0.03860108255870687,-0.007036115952256949,0.0008804874097045889,0.0034743904245568835,-0.018181855998725904,-0.007639654567423104,-0.003712389716958975,0.003426148426297182,0.00370633143060628,-0.014216629760001376,-0.004951464345294587,-0.034126694912393174,-0.011762851849565381,-0.002056675332092417,-0.0023649504249507736,0.01645400893321436,0.0028409290964859224,0.0062012887130475924,-0.005207451676647712,-0.009302247572710698,-0.007029724438240459,-0.0004565528996534063,0.019311843735404066,-0.008834518420653859,-0.005942572360718157,0.002021291452058538,0.0011344498575647233,-0.011861679401803493,-0.00026670280662632884,0.004208385599128395,-0.00775354788843563,-0.008483272404956499,-0.011684936497082798,-0.0003997167062936846,-0.004136318083198143,0.008661726528125246,-0.0039196747157056455,-0.012118034851298809,0.00025292972738655273,-0.00030984978747083947,-0.011901407111638451,0.002658531337254244,-0.0019321457491024985,-0.006539555135626984,-0.02589008483156008,-0.011879466822404483,-0.022047436027583855,0.02406379490865862,-0.04019071298142618,0.001181408640577919,-0.0012014891131396643,-0.00962773565442765,0.004172861524940563,0.018539608994186274,0.0056100454630414465,-0.0006650051702981052,0.0012775624165808352,-0.006848484055924087,0.004580121610607613,-0.002104780182906052,0.017482012040158645,-0.0022096920354006677,-0.00812975098634483,0.007814791081895311,-0.013543503312869243,-0.005014726015445725,-0.00522003257862691,0.003548237126809184,-0.002720040528055856,-0.013394152998151831,0.009692224659638482
2023-03-07,-0.01830614843014533,-0.01987047221901017,-0.02044696578620031,-0.011970495750826649,-0.00855858786468977,-0.019572825496335322,-0.04808977935940717,-0.02399182086634899,-0.009159581382193749,-0.02074023498580957,-0.022347347222989034,-0.0282236927899282,-0.027777786184314368,-0.0051044169788498905,-0.019410735355463782,-0.018801088263778576,-0.0030374897282626767,-0.02684026385709337,0.005672780597526295,-0.014160719982679981,-0.011935495652934058,-0.011334244616499456,-0.0011155906166394614,0.004285033756591172,-0.01031985273833469,-0.019208887823427445,-0.014184307767688198,-0.023340149332341964,-0.0017701473944884416,-0.013245956862806274,-0.007309118212100785,-0.006379390439927524,-0.008924729294188971,-0.004956762272551041,-0.012265725744858846,-0.004091132842470757,-0.022598012253508437,-0.015715582069683043,0.006132662472298378,0.010111469866067146,0.029938972843995826,-0.003329138982253732,-0.009408069497537142,-0.0063973295227545135,-0.003126242951076774,-0.0021333007812499583,-0.012276478991063655,-0.016114092855102347,-0.0021255707315797068,-0.011810351322422696,-0.051714499389149515,-0.018650584812147653,-0.04042061841721711,0.004423298569139478,-0.019380372449244954,0.006885536709615003,-0.027442631548618146,-0.006423667814951517,-0.021894324352238814,-0.0263050172739282,-0.01891318019649535,-0.014496511318585092,-0.009902295249783144,-0.015748103235236344,-0.02717870402377509,-0.009540972465809539,-0.010384943547889658,-0.014494309195501653,-0.008132090106698686,-0.002617355550746603,-0.003288982587812961,0.0002872054800506785,0.0006950752516450276,-0.010833740078642795,-0.01274368148889804,-0.009193003707132053,-0.01576003563540862,-0.010526330179120191,-0.02897277506798912
2023-03-08,0.01959275959721074,-0.00702210750095511,0.0016179818972157367,-0.004712510737485687,0.01937477121572595,0.001814780682513062,-0.0006919826879767665,0.014141266722831558,0.013452163915827597,-0.0006121910889228532,0.02393818909661216,0.0023751585778595263,0.0034632202625519692,0.005424841403647074,0.003357994184776114,0.0031183031680526163,-0.007527298592689191,-0.02022225352391349,0.015932786747153038,-0.002182773899929158,0.0162496809723367,0.0015631747413114017,-0.000837539249734065,0.0018345424586336812,0.004089220900875379,0.007224053609840686,0.01788212968260905,0.000961409698976512,0.0029553694237667294,0.004320228318348329,-0.0009687897010123292,0.003506219387537479,0.001829640837285762,0.0027224350183054913,0.004994251255473259,-0.05551045521106923,-0.007464071259935423,-0.00812861368714668,0.0009828267133471513,-0.004876794218161673,0.00462877259339467,-0.001068991829767163,0.0019197321938988487,0.0030162661883454955,0.00881371950053711,0.003955051898638651,0.011373307119677767,-0.01007872091918005,0.011360452606637539,0.006097694967103662,-0.017497821222353438,-0.018725494460692604,0.014618052833428763,0.006775314963329393,-0.007932190907193326,-0.009755704008331145,0.04962293201844781,0.0022428222212844684,0.0057396243267588964,0.016863763577689372,0.003909838614866601,0.008377008215723514,-0.009860507359807147,0.002141072060231952,-0.0012679085717097749,0.038721847631578044,0.020220101483636954,-0.0016463391850171094,-0.011099810436162927,-0.001412830101170215,0.0037888399121823735,-0.0014357331441847698,-0.0006945924576176044,0.011380949474516289,-0.0015185143494224063,0.005352856348621593,0.005495325238204396,0.026545968541283882,0.012402308260869965
2023-03-09,-0.013569338447546375,-0.01532202474195754,-8.13172005897922e-05,-0.04071954482410378,-0.015242748339789669,0.0036230844054347955,-0.048476460013631484,-0.021678608406971556,-0.013306330758789953,-0.015984827195430484,-0.022675412219020696,-0.056249113420133945,-0.0017256855823410966,-0.019114848277003715,-0.034437274443446575,-0.007883447997951265,-0.031962904969149886,-0.023423174350553855,0.0067212603297013285,-0.014607347584129293,-0.03308692942903402,-0.04006231091474477,0.0033533181826364,-0.013414526231991464,-0.006108850910489516,-0.011225058095123308,-0.00034010969834086247,-0.08356202323729378,-0.051266931927453796,-0.0050697927409053545,-0.010861159006506638,-0.009982849569624364,-0.021316172063085892,-0.007567457525669008,-0.01732607662879959,-0.006523974784314879,-0.03191482978571902,-0.021463324728951627,0.0024555734732552015,-0.028802326063444905,-0.039439724582504665,0.002407464878504184,-0.011294310734752178,-0.02159958738087897,-0.016133412720348517,-0.017781071140368643,-0.015405013240971321,-0.04358876076978513,-0.02218480488589758,-0.016000021328713254,-0.05936463560942151,-0.0011393026155502861,-0.029194262095475043,-0.04071355332064597,-0.012603337764427125,-0.04054057609876882,-0.05191191670784323,-0.021721941511448795,-0.017120544927591075,-0.03283827294235053,-0.009195572659693951,-0.014914421445510362,-0.027173242433204625,-0.016078346617690364,-0.011557061163011362,-0.00022938079273604473,-0.014550973963208147,-0.01852681312230564,-0.023554471611661132,0.0010106045688922372,-0.008888016749696526,-0.006325197361669477,-0.02711168301627631,-0.009463696561100465,-0.015969727253332122,-0.014553180370443286,-0.0040047440038059046,-0.010750661383326143,-0.011806513241482852
2023-03-10,-0.02264184676846981,-0.009382573718707099,-0.002202232304165941,-0.01283337716302746,0.0034396453198761723,-0.02346566732236277,-0.026928673102955436,-0.023161243846485657,-0.018356455438772623,-0.01873491872780375,-0.012050310330906866,-0.02289724935466242,0.01815045187352715,-0.015351155464692012,-0.011766878242841838,-0.024751068414741506,-0.027515252146686264,-0.017692892391111825,-0.009966278254482375,0.004654783008632313,-0.02936917285759999,-0.042276354079500145,0.011976044393571472,-0.01747562982823636,-0.005121829337697559,-0.013746939374790434,-0.02075535739959955,-0.061086942869050476,-0.012422473465432349,0.0021618768051623327,-0.017941194422104734,-0.02410857487536533,-0.01924369295261319,0.001338700994450992,-0.014043631077282681,-0.042223511367182165,-0.013167953139324617,-0.009172656395366574,0.03448620791754364,-0.021069380955272332,-0.02206442315328061,0.0046708263665158345,-0.024937585391802686,-0.02680499883294185,-0.00980599038515595,-0.0164769283801236,-0.012353123863556026,-0.03293432692403375,-0.017805828182615557,-0.010101001680061339,-0.0416536666304419,-0.005417696845233411,-0.03905488005590807,-0.06126501220102154,-0.011666188127925081,-0.028083108449066474,-0.054509935336488735,-0.026779471086666007,-0.018082285578317703,-0.017317734725097123,-0.016542119121120136,-0.013878783067516998,-0.025884701431637014,-0.0131414804545269,0.009212013898238114,-0.02778157084941002,-0.003716882638620689,-0.01577756371432726,-0.01240960934370583,0.010702565774919348,-0.029052005750585863,-0.006944668363440543,-0.02465142927168018,-0.0279019404873877,-0.010819082979653394,-0.028995885413969247,-0.005842062453573771,-0.008321773844473745,-0.0565037624387309
2023-03-13,0.012675977869401889,0.0077564322314920275,0.006048818126002553,-0.016999846783889994,0.01466379262286277,0.011090655233588098,-0.16828716692416423,-0.010829403253873271,-0.011341442511254796,0.05075958888678955,-0.018751043215349927,-0.03191253979545272,-0.016977909002094616,-0.01481096651216618,-0.019290901570569896,-4.6604582885190204e-05,0.008376211022134372,0.012044218242280413,-0.010066445010151193,0.014256184301904007,-0.011346642791110417,0.0067910663256491866,0.007981272171890152,0.0018250917986142312,-0.003088850455381431,0.005976990658471015,0.023106435186514895,-0.17365642500649148,-0.0081760658906187,0.009861311458084776,0.0014974695879090838,-0.010332394524535715,-0.021256185729553456,0.009765755519744124,0.007416464635364051,0.016960317513486478,-0.00428552359603207,-0.0030185505519113587,0.002272976335518706,0.006782419855136723,-0.0419854686756258,0.0005311884639982445,0.00031379542245080216,-0.015274822246453379,0.004346420745358737,0.01873687738723384,0.002667502961391399,-0.03199161980903764,-0.007017592781075943,0.030114384995370003,-0.13566018504820576,0.03297011685681639,-0.03210728714411226,-0.04857380832988778,0.0162477174591924,-0.0048886021170948535,-0.017838673433313135,-0.012444888093158468,-0.008869703047175603,-0.006597876451876039,0.004551947012678026,0.013265749478030608,-0.02146828080482388,-0.002547405506005185,0.023302792454352073,-0.006234704294300841,0.0030664185063136173,0.028854738355726273,-0.011948367670386761,0.00499498319714653,-0.10633862978988029,-0.0020394885822426767,-0.021795038521887355,-0.009877214160329717,-0.038281047546695035,0.004636979418285669,0.002736035340696219,0.01421643568737685,0.015328979205601723
2023-03-14,0.03884664332440679,0.014697422123221004,0.0046309604927587955,0.0020346211415231963,0.009196733041247462,0.005484451477245855,-0.0062950132204052656,-0.030135307079495965,0.0075111377701453375,0.019735094779348872,0.006864525230885876,0.04938570942078746,0.010362847661523622,0.0004835432649241689,0.019576317170749258,0.0001871860875648501,0.016962068550136822,0.012117307615320927,-0.03465298178228016,-0.00562223508831039,0.026463490355183916,0.03061811424902583,-0.006279813625256314,0.021017097373205784,0.013220282398626937,0.025275004840363824,0.013584469899627472,0.10729453661897304,0.01204817854885376,0.011443363978544063,0.013157891734845384,0.007071007285789799,0.013273583081277351,-0.0010363354147061576,0.0229797458234533,0.03039800994126951,0.002805019457305047,0.0038351835927805666,-0.01644186761478672,0.022276077308455378,-0.05365559386311092,-0.00026528418370963536,0.00418284108068856,0.02793967331405356,0.022076189339319097,0.0265065123894086,0.025938008818453984,0.007818059327260318,0.02046524480449685,-0.0012079455839931752,0.004952485003820728,0.0,-0.010077636998166772,0.04699567512518654,0.011205243118401986,0.04527974574573923,0.01632009771869658,0.015822017494402818,0.022415385769830154,0.01852665386455099,0.0015501705625884377,0.014089352200401306,0.03313892273497365,0.013814658554866854,-0.011150223890458721,-0.0059410965113678715,0.036938909880164905,0.031495163759788225,0.03908976608355452,-0.0037772375238759315,0.003680556753519859,0.01109495907644309,0.02059538682220774,0.021235555712965315,0.0024369004008721884,-0.000830831454290637,0.015635324204106515,0.023751698227260754,0.010908786625214217
2023-03-15,-0.015456099581513949,7.61921601175608e-05,0.01754956782391437,-0.03553302336249742,0.010600575323531203,-0.03636367390493611,-0.018099577703340808,0.0026733412113988386,-0.006336818293834701,0.02247519086994698,-0.002579716254735853,-0.01924169145061627,-0.027350452388968827,-0.03462224914917167,-0.032031774407273006,-0.0015918464675276356,-0.008074561226579013,-0.007215425224351479,-0.0018409232881729798,-0.008339867755728703,-0.016138963819357532,-0.02522417138392752,0.010303613801125877,0.00776047380747058,0.00020407960435342432,-0.02130174039907906,0.010052091767900562,-0.011502395101373963,-0.012531443704730694,0.0016594833394028008,0.006985429838018753,-0.027425799942355056,-0.003357180455302089,0.01786461802357575,0.005246048742823417,-0.02037538391098459,-0.013310179922433996,-0.0012065310438984511,0.019310343474642222,-0.004393287151619352,-0.06643583111118889,0.002124189324291592,-0.0008331476729406262,0.0008400047717764814,-0.01956276658443412,0.01391230747297123,-0.010150824281460746,-0.05324406092584211,-0.017602095854522992,0.01209457640537992,-0.036770395148485346,-0.00888147948004081,0.004029538644088726,-0.04963743863049841,-0.0206756591796875,-0.021399882165612727,-0.025641038438847907,-0.02563745368411996,-0.020340133878194333,-0.009094864984919515,-0.005140876013303708,0.002621481840119122,-0.06830996882044194,-0.013855382843268815,0.018735401209929448,-0.007172013773240393,-0.0028498517043966665,-0.01456558530254426,-0.025809560802462217,0.008780475332299753,0.02588359269418361,0.00837406193597423,-0.01594923502381007,-0.0064799863697296844,-0.04619142251603903,-0.011455992879807475,-0.01667947777062162,-0.024151439049882706,0.0008445340414189317
2023-03-16,0.03671491858219378,0.010976883547701988,0.008663238865290968,0.0,-0.005152707397229617,0.011320838268316757,0.025806655346941376,0.017301616414601373,0.014220859918566475,0.022323409706285435,0.04507665683873863,0.011937020548320243,-0.012302395017877554,0.03973242624151996,0.024604288155831933,0.011957769600914325,0.02586661257007261,0.021049817831006123,0.006250190598013683,-0.009265220400384688,0.024987845573879897,0.023001754886463388,-0.004759498157982933,0.003294525968116746,0.021605961512696892,0.007563507633596256,0.003980735655448209,0.029442799486304683,0.006979816099164093,0.0081323679202141,0.010258945455903445,4.845102825679071e-05,0.015159273008250596,-0.0006795633059688555,0.02636083980771531,0.027009613359361806,0.009188522430784385,0.010972487052687274,-0.007822713181564356,0.01976882482947495,0.010431172213865025,-0.0029147379531120343,0.011881211307659845,0.058991109551533194,0.020226249001946917,0.03991688242309577,0.016708183218679062,0.01675978839186909,0.028198059944253506,0.0074092203946098945,0.041322523201202666,0.008400986971489166,0.014364286268619963,0.02486513113011246,0.02069821960443785,0.021682840586614294,0.07283381134766231,0.0022633235659719197,0.0165929597799368,0.04346693271978985,0.005000816306676814,0.01869400638185481,0.053076193014964135,0.01625632397731369,-0.0014048510200955766,0.0025524145232767026,0.024046539982778725,0.02485355709142456,0.0246418624577438,-0.004945492414799468,0.018217992098962243,0.0051547769621329564,0.025670090298995252,0.029642231337802638,0.009345952908930588,0.015607544940712037,0.017793911559511155,0.032544308819129064,0.013969615591566287
2023-03-17,-0.0018724909604708184,-0.0078793452889373,-0.012134480262794622,-0.007368427167175562,-0.012578531456784003,-0.013059779983895847,-0.05785886570830612,-0.0244042941264625,-0.008944195415939493,0.003656529669851638,0.0015908701573534856,-0.04543342554600327,-0.025800702257793406,-0.022368025266436997,-0.003722993503025629,-0.011955659708831834,-0.0169423985376993,-0.022197651758815606,-0.0234193306828675,-0.013380337269634945,-0.02108975477289221,-0.020236106360448036,0.007241782559001653,-0.00043085309433821273,0.0013965756324876288,-0.0066113500139519665,-0.010903831462855118,-0.06456582965459412,-0.033396335305548974,-0.008066766011085691,-0.003965219110821372,-0.011531014938063522,-0.01762925581619601,-0.007818159323899398,-0.004726128666231122,-0.028923454045398533,-0.011429766954707321,-0.017225862782773493,0.015008872869193945,0.00631757428177715,-0.01261755529101305,0.004651017967908899,-0.004274351812350807,0.013728115673271146,-0.004179423744976929,-0.010895681300578386,-0.008688033547157303,-0.013919446794160573,-0.004142278341358163,-0.0002370323866320856,-0.05706734803570146,-0.004443206189110871,-0.0004163825001617383,-0.027085937336097543,-0.004731627258958815,-0.011187551187551215,-0.009663203583419322,-0.030486935067741583,-0.006361447463505754,0.0018255212067812554,-0.004422936763074481,-0.0054540126666223765,-0.044195534707224704,-0.01085462726252362,-0.02037767102395427,-0.011912709911062191,-0.004523156617638691,-0.006570030311508379,-0.013810162681287985,0.0059642571954281465,-0.011140331832669936,-0.0068375934201651,-0.012787878605125869,0.005530932518050147,-0.0016837017215957095,-0.010490632540099187,-0.006442183296058279,-0.008209975114664814,0.0001848878321728531
2023-03-20,0.011745545184691952,0.018049855349975052,0.024806479777835566,0.0010603479217135003,0.013113633580005057,0.009451882607374618,0.029013626453075148,-0.010985311704777456,-0.004376664416382625,-0.008158651411015128,0.01729609797244014,0.03132284121899831,0.03013710324387575,0.019074017214346206,0.005605432299744528,0.012428675929362587,-0.014055567158835935,0.011162077963239092,0.0006255202722449393,0.028654816693149288,0.007377662518977646,-0.0022949038697801516,-0.0043409219325063475,0.00459896381242153,0.01494341809369848,0.020936875900599228,0.0028395167370318664,0.0036617180262665805,0.02281609112530769,0.020030135787521886,0.01514715234824826,0.020292201339058735,0.0056399971056801945,0.014046595019066244,0.00354875233793428,0.012337011446691415,0.0007839540322551741,0.011651420994774897,-0.00879708838320259,0.00025798744076199753,0.0011616922861752421,-0.0007940208244341385,0.024980595918256965,0.013235019937741122,0.006510667084251187,-0.012531560404374087,0.020191176409332545,0.001114479402881452,0.01161786495140249,-0.007593760655560944,0.05050097756837424,0.0030683574625802734,0.007916634062264283,0.03747177572897664,0.008149938219731423,-0.0153186729717949,0.009507072641444347,0.02416630361658978,0.003453825838357627,0.00902847678517027,0.03015493626561261,0.015483833245746093,0.03895487032438805,0.009703038110924433,0.02145429431814705,0.010549338883751869,0.0009184185852755267,-0.006452238949168243,0.016141036608175563,-0.0011855922123594764,0.03789425756408682,0.010327060950396705,0.013138475661919724,-0.009872624875333247,-0.014333758894605753,0.02018053542883136,0.01531734436415455,0.013320589834395768,-0.005546813646325477
2023-03-21,-0.02934533247286575,-0.006569406672267242,-0.003580259032505251,0.02224566885270507,0.0,0.009363279760641996,0.056390839936436565,0.02849235162431496,0.018265411922290253,-0.005406196117000439,0.01717566038574181,0.035116762420539516,-0.0026597197062983025,0.009578241024124523,0.00510960418178108,0.010330342534307313,0.0356556765051681,0.015518282513966808,0.006773241673839969,-0.0007088609456880057,0.012343544158623487,0.01782650338695202,-0.002724589341373429,0.0031882152417006537,-0.0053004370370755005,0.003010508800253664,-0.018154480557271868,0.09996346525166233,0.010197728423819497,0.0014762934339485057,-0.007269269383514243,0.0030263083735833085,0.008157648535707995,0.00236500222611169,0.014282615994553494,0.010039436246564781,0.019580959677955923,0.006910353699600025,-0.008592302074990177,0.019602775575231934,0.027152428981252807,0.0018537379932677123,0.01221116762717922,0.031249989487717178,0.007163493374155561,0.029679680207260972,-0.0036928460711591615,0.04044530757004594,0.009074144346026936,-0.02725969437439646,0.04502087952135936,0.022525066571560837,0.027904093782084027,0.04718302783381656,-0.009835668888805715,0.03184954043146271,0.01933081922582547,0.015494161462520362,0.010661489370246358,0.01625354588048844,0.003234489890503678,0.011944398537411693,0.024386479800772465,0.013270759034565982,-0.007540791995222507,0.009381060001366404,0.003911708745562015,-0.01120245695662836,-0.013995540769250137,0.0013849603682700717,0.001052585992767252,-0.0019873717481481146,0.008584395535517375,-0.000949608032204563,0.04191624995629617,0.005378163415824533,-0.004026002934342965,-0.0013144034494446677,0.0270520789587938
2023-03-22,-0.01279063975085859,-0.018523361971966468,-0.004765133215457906,-0.025906714255263585,-0.009060685486937392,-0.01298689050741908,-0.05160140266902824,-0.019838166806386504,0.01646535747777178,-0.018309575685986346,-0.007845701554670126,-0.039770873145519525,-0.01688878387631887,-0.016842326185499634,-0.022553043825494945,-0.02219171997870195,-0.046789208901400814,-0.003623311501103399,-0.017180803856107207,-0.016668966633168303,-0.021465229363294425,-0.022034008406678685,0.008879481121929045,-0.006784061603565483,-0.023879840338499547,-0.01597771321950825,-0.02374884648210185,-0.08573789701805379,-0.04858058068708182,-0.006929148203203672,-0.01387419239526011,-0.00502880509575121,-0.01585593666772489,-0.00842648095362808,-0.013598040144455648,-0.04481472516514862,-0.014691858846913264,-0.014123821949077242,0.013333398158873688,-0.04241503444325301,-0.0325349905403951,0.00528529629382013,-0.01714855660138559,-0.033429559416432664,-0.009501082553918572,-0.018984232685839597,-0.009155810150266896,-0.03566332814958906,-0.009554592140940898,-0.024582122631430336,-0.05439930586538755,-0.013870060644037507,-0.016087027489034456,-0.03400529806831498,-0.01673691336634875,-0.027687220666472556,-0.023583696752313865,-0.015397463630606123,-0.01511753222070955,-0.014781973319051844,-0.016980119426064255,-0.00910367361776554,-0.019937453420442175,-0.010725856242223886,-0.013393449902803223,-0.004384894273957274,-0.018664637250705107,-0.017678654099247404,-0.02133484417063214,0.006915734251149663,-0.030294893592195615,-0.013655848655232727,-0.01213313409243355,-0.014875741781930074,-0.020525417002393187,-0.029195844464107612,-0.004321392771078458,-0.018710171868162484,-0.02127083706954691
2023-03-23,0.03297983711722763,0.015121400308446997,-0.00031370462709678915,-0.02127660064298187,-0.0016794258798764616,0.007518681586320186,0.0018760645951958477,-0.006227414735562431,0.014782833674533036,0.015233312633131879,0.05449522129663875,-0.0066839619882851364,-0.0018083809664570794,0.0012394650024187825,0.004255302724744725,0.0016880300367188017,-0.002657572856308965,0.0039527773705425595,-0.0009478823165527395,-0.02286660937237217,0.0022214247370029305,-0.006932296728215048,0.002301977488735174,0.0004923455630398976,0.005458875383465678,-0.006627839405639158,-0.0069506097723861515,-0.02720845317790932,-0.014588820315977635,-0.002375202710951263,0.00039082477893215284,-0.0028882458604412298,-0.003990184148867648,-0.004872046101040639,0.011858109116706261,-0.021714289385573293,-0.009550755512497178,-0.0070620615038989865,0.0,0.034519248702142846,-0.027090141421750702,0.0015771298980824522,0.01754909295362439,0.020154291330454654,0.015218995712785066,0.00010133876939955044,0.013171263206622541,-0.01146455092459353,0.010498021217055786,-0.012096548959912301,-0.021621712134267557,0.017098807922829806,-0.005926850501059344,0.0006285806211370204,0.0,0.004146232545163331,0.052788934856522474,-0.007534952509672843,0.011891740454907929,0.017873111569352895,-0.006122130725821684,0.006969559876218279,-0.004099072021983563,0.0026249237401212433,0.014227819531444696,-0.010387814663610606,0.014705882352941124,0.003064550134945776,-0.005561410840775993,0.0047095410391111425,-0.0059639695251152425,-0.01615243767055441,-0.01796522107372389,0.018284487491517787,-0.03185249325821948,0.007565092153441366,-0.008236505698366647,0.031043514279162965,0.006658719488263021
2023-03-24,-0.026470174076344888,0.01832780897334363,0.024416962271992748,0.014130667450749756,0.019439275915355214,0.01865678530960646,0.009363358495567686,0.0008434408529776061,0.016968434772612673,0.007254571857641778,-0.0029343181582678346,0.002523389345796323,-0.01721014571415913,0.00013274777049798736,0.0035782884939850046,0.002387472443485361,-0.015346085176254465,-0.002677357083930021,0.006429960814490432,0.014247693637414294,-6.922602137449108e-05,0.02036056353682314,0.0020262976187903625,0.015396806586817302,0.015684594128458018,0.007387872773360948,0.040244930855371175,0.020510833978764742,0.013459000684139966,0.02738099186695253,0.016505542059580325,0.013565823551695999,0.0,0.019584072927757434,0.0036803785555088453,-0.014695028274825161,-0.0029517057216116305,-0.0008128259100929069,0.004229066576252105,0.005447730433782549,-0.00720113389724808,0.001312168260568125,0.006280671913666547,0.016151738360645318,-0.009290075697006905,-0.005875816395847999,-0.004786983709163639,0.010849142215379137,0.0028077627238061176,0.026530346007316075,0.005524906595261836,0.013015171592587471,0.008223811072544995,-0.03266731369961706,-0.028092979785272587,-0.0035835838666193887,-0.02861882559687845,0.00128937862483669,0.014335668804673407,0.004913565228295891,0.026784646433327897,0.008305546651750984,0.006859844798258852,0.002390347528276493,0.021149718113502525,0.013979648040621129,-0.012173933683386151,0.019552426545911272,0.002997480426275345,0.003124864853289999,0.003817974873368879,0.02228093396598485,0.004293457215216678,-0.004737764558201407,-0.0008659548525279392,0.008898940630879482,0.010681284182280093,-0.011802015280572675,0.007349469638360473
2023-03-27,-0.005521480660392708,-0.0001851194059724337,-0.0012262025114122554,0.015005370741185464,0.0027501593174408256,0.010988892355385138,0.03153985960927641,0.01908506831950829,0.012027401074662603,-0.01269452438456764,-0.022400314448083547,0.0176194652530115,0.00552981465224156,0.0054371833417858895,-0.0022518943028848604,0.0010740482375442006,-0.002445386273717265,0.0027897609812401747,0.010263812586442489,0.009753230539657265,0.00045015883451249294,0.016533550849764822,-0.010381300445024833,-0.004138998625354051,0.0005939694029690745,0.009923090923846578,-0.005550850350025116,0.018454389925147918,0.005312017399590863,0.0017381278473505013,0.005668681086769434,0.011526480895746039,0.015144086452812289,0.0022336293098510485,-0.006851166082358251,0.04243371639162441,-0.006908142256398242,0.0032541145687750017,-0.02349070085105831,-0.00965119677565729,0.014023162664370536,-0.0060286427287062905,0.010154408615202115,-0.004827175164928477,-0.015557642520227732,-0.0009171134251457769,-0.014665882265494146,0.008882461756663629,0.018199678653278983,0.006958445263972601,0.030612383501476437,0.010706576676843271,0.023042198434227723,0.03338086544936969,0.0082584959979628,0.0037986066086665993,0.003408877627627538,0.01487835187433073,0.012078892831265176,-0.009297940343589217,-0.007766969627257758,-0.012293258602849022,0.004996100990747321,0.003520543128623377,-0.005335487978349485,0.01073375210009564,0.0038635003982223637,0.00800869741193777,0.01199891703626843,-0.009929959791778797,0.014873653317518665,0.006595899865152743,0.010594791932010184,0.004427060710032293,0.03812817842727623,0.0022050929343084835,0.0015596141651430528,-0.009309623324650351,-0.009940642786002485
2023-03-28,-0.020779151579100374,0.0010000333457484967,0.00959173612658204,0.006335785792373594,0.0010970466738444706,-0.005434773557469574,0.0,0.011992410099328277,0.009740862259630223,0.003804788501600598,-0.008529905298905516,0.0007066036520799734,-0.0045828366396690745,0.008529292461634475,0.008181347054263988,-0.0009797321132910541,-0.002157227114809701,-0.010288129292911119,0.0005185348884464425,0.021120219309490595,0.004465861006507588,-0.004486701628749201,-0.0017711952941268372,-0.013077405593991065,-0.0029679205779614692,0.006694159747590467,0.002029757918826869,0.011302364709001367,0.007265502162118409,0.006217445174359071,-0.014044150629776708,0.007675209878868383,-0.00735441498883227,-0.0003344142362200486,-0.005311808901704795,0.003172695418225624,0.02494275524104017,0.0006079502213967025,0.0018208885022592547,-0.01222431410616831,0.011206514928300715,-0.0011864228628689633,0.0009316814956537023,0.0006699718721403514,-0.006332157770628788,-0.00815996577200262,-0.0034139993463023766,0.011738712421925479,0.005224766064605646,0.007403703521989158,0.0030462966473325803,-0.016949137131806236,0.006179246656573101,0.0056561929564096225,-0.0070611497986038385,0.0041533751832401045,-0.018442106838316263,0.01268662526893194,0.0005683177386119898,-0.018284751249454834,0.013226262788935905,-0.003980467199252047,0.006477909156129558,0.0009052759173591163,0.007264668380710049,0.015858662628979614,-0.009694575202145339,0.012431110797791467,0.006611192098103125,-0.0021628572307919036,0.0019408376514244985,0.001139540327215638,0.016185372263941566,-0.008483380502999127,0.01252102712968095,-0.0009167988670344407,0.00404411266515714,-0.010821192927464196,-0.004053050436912398
2023-03-29,0.02963933073844216,0.01391307961378363,0.00691656363553772,0.0,-0.002374278348196257,0.014571826095521878,0.019784188917192802,-0.0014009300394991486,0.12715810089217539,0.0051760489002281584,0.07186221944156634,0.024717496708954734,0.014733035732809263,0.0044029694833278565,0.017162510264589148,0.026850367195927483,0.0030134720574088725,0.03903474140136298,-0.0008290394427905579,0.0020471077130881365,0.020575569003227434,0.006197226977425974,0.0010918384244613666,0.008422742964479202,0.015479160621891586,0.04850888648531648,0.0150236645569084,0.010466616468856937,0.03344255933805518,0.011208539525627614,0.0106589741864751,0.01411217284000954,-0.0019577151818006566,0.006910897148283857,0.018234266229809393,0.0102637617968111,-0.006495979388629336,0.019246427743859762,-0.002008860147682201,0.00969273117791114,0.024994137635105274,0.0017160190241418682,0.006123964644440427,0.015425843223826563,0.030337544230542246,0.0309543624265336,0.0012804820972058817,0.021392430047388222,0.012720562131196322,0.00808428287415297,0.026196012844419192,0.012122865729743193,0.03011081222081069,0.013873194080571638,0.01180489062544754,0.02351389180445662,0.05562414817683159,0.007099122354698784,0.011927955584095873,0.030904867416774895,0.01363935765655544,0.019790775494644253,0.014818224096059263,0.012210081135125339,0.010692794727924948,-0.006876297878017579,0.013380564920488114,-0.0014413413982532486,0.003240194422823528,0.001970449527546325,-0.008014875981869896,0.004268734001316554,0.010316738850526974,0.0517661021209066,0.01648805820904875,0.0646908896761218,0.005416567509137771,0.030515208044700204,0.02339990098568623
2023-03-30,0.018856763951861977,0.004087424098650594,0.004000356263061278,0.0031478914009825942,-0.004027762182559624,0.06250012135851635,-0.017636518517924915,-0.007658051584104264,-0.008170873413504753,0.008685971203768128,-0.007081985067299845,-0.003560607752991607,0.0018148362427843345,-0.00243940501740858,-0.0004585034906727792,-0.0018643957973988323,0.018418780594443573,-0.0040325074276678086,0.002281601735804717,-0.008030992702762085,0.043867318818623824,0.017357037945037845,0.0013633956115581825,0.0012428328570865954,0.005081230989082419,0.005353305100963546,0.005321890116206207,-0.031601021642304605,0.009590811364450946,-0.005786925844554092,0.006519657576983473,0.008248146819161306,0.006729581856001143,0.0008857308145222564,0.00946494650099039,0.0015948273336912067,0.006440917982827754,0.006956863922368939,0.004601295794580684,-0.0006857103995051572,0.0055209997016338885,0.0005270583075733803,0.0035545975633153315,0.007226474859982179,0.026642911755551557,0.0174563591022443,0.013189569932892997,0.020589249833217194,-0.0075634461327553915,0.007290457051267296,-0.014232224420633988,-0.0002661251427845679,0.006922983892585721,-0.00012326751141034098,-0.001405657506030944,0.03422379643573592,0.012880679062641454,-0.0019350279388656855,0.0077780549099844,0.018466813420364492,0.003731924117189367,0.009889970459279418,0.0008849355404101367,0.008153637319220364,0.0019500477255429693,0.0031812534073212273,0.004902885955514247,0.010050815377384836,-0.008510589490623555,0.0015735809567527514,-0.0036362078806631004,0.0011399302548651402,-0.003941270901477112,0.01981458254582824,0.004866183545165992,-0.02146005599886358,0.006124321301917979,0.0019555171779708225,-0.002530418298985815
2023-03-31,0.005896371103356612,0.010540449405798569,0.009097257236190037,0.0062762529190032446,0.010661651535205596,0.01211076758881613,0.005385685737007373,0.033637538600999495,0.01703484086653928,0.008843430454571255,-0.04358863497462284,0.01590761086688275,0.0,0.014759865823154028,0.02669735992558042,0.014305974145557565,0.07147669747847596,0.026650329731241262,0.02814261800696416,0.019458884601030402,0.028760037105648895,0.005503635530912154,0.005173551265215792,0.010966817769953119,0.01652722876723911,-0.010606556917958865,0.01108342583137234,0.0061638746474195205,0.04433180277883797,0.0020122359877279283,0.028957831862481465,0.015767087644838362,0.021672028268824306,0.008129149143318859,0.016630779616678915,-0.007135735457943659,0.02908964049496765,0.0277338259837705,0.01498086838765933,0.02324390427128309,0.012354173572132865,0.004083416741203605,0.02537589577053212,0.00908615154794612,0.015498577958308557,0.012647067799287592,0.01229188211985921,0.0038261255112146397,0.023543762227874465,0.01061504198830221,0.0121578775362019,0.005324732186628767,0.02540117767055272,0.017876947623279404,0.017314128824430064,0.04046416781641571,0.001155893403298247,0.013710140254040715,0.02028958797080982,0.0014128082466102754,0.004713175098771005,0.015644068578012593,0.00014731944234736005,0.009971233919320754,0.0010350969272869825,0.009467052854702285,0.014878517524683943,0.013708746569760955,0.019764859365585474,0.007070115759815199,0.018516019334416933,0.004269842003275848,0.020863259267681844,0.020008937679540706,0.006456824633104485,0.009247885657188704,0.008443852422951315,-0.0008362688719216749,0.02292286984862213
2023-04-03,-0.004151973207457416,-0.0024817553660961833,0.005885758023263188,-0.001039742831240864,0.0030920314154627704,-0.00854694681543644,-0.0026782745596087842,-0.011626562609674984,0.008814057040444467,-0.0054434626860744295,-0.012098038368381414,-0.004651857063203035,0.007246411423003529,0.004174273707017839,0.012688717031047236,-0.02614217187785217,-0.02032084828890046,0.0018969129898662729,-0.023749603170750033,0.0310692536416739,-0.01996857265256491,0.0016419253731172478,0.004250060872376782,0.00032209639395763823,0.0005740179287356817,-0.003933748572857554,-0.010961930092226457,-0.016576661924412095,-0.012734805031474727,0.007171290151919196,-0.007961423881531204,-0.008773481126462035,-0.019452071064140597,0.0010971032783395618,-0.002430278630634164,-0.029163718486037382,0.023555819314594606,0.006914525089163792,0.004702989977310557,-0.00511316508589621,-0.020339017533986592,0.003958229833914251,0.00951118850890409,-0.013727089840798956,-0.004766172320927353,-0.008519675143944028,0.0014497517783864655,0.0363825105817801,0.0035900049959805003,-0.0019099468395604724,-0.009008978321527028,-0.005296529585069876,-0.014900341303302644,-0.0015745274611642657,0.005396527427131037,-0.0033534465417518478,-0.03117780669243586,-0.002185944498431125,-0.0012476675399744064,-0.02226057945852289,-0.0014595971424514742,0.00770173827445042,0.010903224792077948,0.00581409592125226,0.01112735481036542,0.0037420916116974734,0.0061878388996066125,-0.0063181153965372605,0.004359855749035191,0.006181037551725277,-0.0008623163351776375,0.003117896783164431,-0.0010570248128559667,-0.017431978259442094,0.041699920361643494,-0.028449279503110048,0.0002270222165798863,-0.006604197984482085,-0.004871615883465741
2023-04-04,-0.017985666699951608,-0.007535863436532009,-0.004073603606614129,-0.008324460874256978,-0.003082500227919782,0.005172248627806075,-0.017010063322308255,-0.013147043294901128,-0.0016331140813373723,0.008042885190094218,-0.03925509252123405,-0.008208175937008066,-0.016187073232398874,0.0037710225036005074,-0.010853286803383155,-0.012776290984073846,-0.0015274171091412825,0.009965122224270706,-0.02412128223933263,0.005945577430393367,-0.009433667572548599,-0.009835874130140865,0.004056050170737624,0.0014083507735391798,-0.0019262479998097826,-0.012910521031911149,0.004466403232251448,-0.024367981088872503,-0.007371127259547028,0.0042724855320661614,-0.007838782554858925,-0.025691147684177684,-0.016426724222680322,-0.003561586434007724,-0.0033733850841821678,-0.0036707914097823258,-0.000920620828843699,-0.008106931957069796,0.004971725144359729,0.02485463718562575,-0.018685065446479743,0.0011788049821510604,0.0023906745798842888,0.013339316731571182,-0.005910052175137848,0.015037527888523972,-0.012545362236342061,-0.022066216543345174,0.0025171542602251407,0.001196114887730415,-0.029924052968276382,-0.001064987062428302,-0.00983173005613358,-0.018076094163209988,-0.000137656698683708,-0.008936991948678474,-0.0350415882511399,-0.030667967943717178,-0.003669936934631357,-0.01956058204953992,-0.005167584967653016,-0.0032497109258488033,-0.01049409165028703,-0.003489987554523455,0.012641162232879699,-0.013669658659861028,0.0005676480322340804,0.014345162131837785,-0.01175045885576742,0.0015551614853921425,-0.011820241287060496,-0.0008477869963477991,-0.016931311660282056,0.013961758447595507,-0.010007570470164873,-0.012844741936291815,-0.008575636504682294,-0.034737718938605,-0.01557635215506481
2023-04-05,-0.023309936360572547,0.03175291638283384,0.008924427878999497,0.028331817387555525,0.017396177045285954,0.005145905905195036,0.005464751181517125,-0.005142155499324952,-0.005425273447659418,-0.13905509582793796,-0.0043652429335848675,0.006206984819972172,0.021023784020403724,0.007812741710059523,-0.03122214071872642,-0.0040645154449920895,-0.03007500965666343,-0.009274739281340372,-0.015738842709950962,-0.0012761262823905994,-0.02772828154426399,-0.011589436592830071,0.00269337396976721,-0.0012053598816488265,0.0,-0.006968456540089818,0.04001980799092042,-0.04112665683975092,-0.004950396843409255,0.01247863629130297,-0.006772020530189771,-0.013696525676134441,-0.011407904997458806,0.009843150779976328,-0.009872448229092723,-0.009763656967068157,-0.019072920079129974,0.008653921256554176,0.010454819339625443,-0.005425814173187216,-0.011988766461081934,0.000393100183265771,-0.006593439496391795,-0.008126716688080071,-0.024343916989083114,-0.027417013542964663,-0.008511898778322702,-0.007179565885193084,-0.013083096177155973,0.025561205801143405,0.006247344579844549,0.02025581855705827,-0.008210855386984184,-0.010995685420276513,0.015553988020433174,-0.03982638805869387,-0.008164300975347816,-0.032768389447530466,-0.01144199923144018,0.006050698594050941,0.004564903673878851,-0.01129019953909205,0.010310758667147368,-0.005143936737443289,0.023592925343847826,0.0020064788677223167,-0.01867522599795879,0.011137486189840562,0.0050271653394138305,0.0019408709924815248,-0.011020719505647314,0.001131226166835031,-0.026372302075585274,-0.022890660040339017,0.0023326788605284587,-0.009736101499702055,0.0024591593128320266,-0.018042452635912754,-0.009132009653661566
2023-04-06,-0.02446319200368774,0.009894706346074589,0.0061183463474827615,0.012244431526281074,-0.0016199109237511333,0.0034129806646732153,0.013586608089519059,-0.001350881399432069,-0.0013157835298935883,0.016432695138254738,0.02908352294191463,-0.009252948376099912,0.014324043078024928,0.0028382600849696793,0.004788267216664366,0.013791830660947912,0.019304857254605734,0.05064235533328176,-0.005473355957333559,0.0022864582708026493,0.0003665363031077895,0.0072585976540273656,-0.0002686928802027033,-0.022428834113475293,-0.010613623816234319,-2.193291530716568e-05,0.002216839849913166,0.038386257765762544,0.0,-0.004902016735820913,-0.004545414152223648,-0.007982685906994136,0.0024617026352111715,0.0039206431072094095,0.006741985116091254,0.006697270667517685,-0.002254216387650554,-0.0020973278740080703,0.002586583353260119,-0.016366368837764766,0.01498931921039115,-0.0009159134930226687,0.0029184066253336027,-0.0037170382466699126,-0.016809311810439653,0.009495540049077267,-0.010127089106944265,-0.01825067666406799,-0.004017180644508067,0.0030283900731153945,0.01202952559544701,0.015674041482542034,-0.00019247871728789168,-0.008120067192948888,0.023448134800173603,-0.004039877309599871,-0.020703509618878346,0.00014580836796618257,-0.006738532410289877,-0.0003251779572490676,-0.00543202758485839,0.005495798585979816,0.005102824433151021,0.003960358335433289,-0.0001973077187660266,0.0015367371491383786,0.004625201026976278,-0.00046098883103573574,0.010177786477035156,-0.00038753851511719173,0.009784606822181852,0.0067795721397780895,0.0025796038762568863,0.011578792242437963,-0.0038788418642927702,0.0019297003416725023,-0.0038865064511292013,-0.008298052071702866,-0.0033761546854663704
2023-04-10,0.017911783227535727,-0.013737805471074171,-0.006740360464076445,-0.007056240607867914,-0.001983120364665747,0.0017006859241608385,0.009830453672675654,0.02417214870495199,-0.0026349504308169625,-0.022109572009127665,0.08043017702894595,0.011645429812900954,0.0035304670303226704,-0.00827939104963038,0.007331349294123823,-0.008745586365178082,0.023271611910562262,-0.02630457797650343,0.026653646508892903,0.026100372818591566,0.005661698641720836,-0.005543226583412775,-0.006716757921179872,0.01615278027695166,0.001170241600665367,-0.0038076237718163153,-0.007110018321075162,0.006412506351596292,0.011815955155029867,-0.007318762107655696,-0.003995488844805051,0.016950738603030757,0.027688349855985006,-0.00629204430943997,-0.0005659269874314088,0.01909576304944194,0.0039539208297108,0.000573221970732396,-0.016124673347178597,0.01714286483636429,0.011017375114492411,-0.0022252603296298856,-0.0022528718426924055,-0.011429337976238796,0.02019546407502215,0.0010778033801970288,0.0076288107938720096,0.0112242522821846,0.007932293480396035,0.0046444885242400424,0.008052261044994236,-0.0010288301036119885,0.005391773342433348,0.008312382719811717,-0.020924404533907204,0.005317265154367368,0.02750899647198901,0.017375200809642388,0.008380520509942313,0.010487810109269358,-0.0008402232509369112,-0.0159721837398481,-0.004206615646492051,0.0006574122620759404,-0.009553207957637588,0.013298601313894043,0.024410110462302903,-0.0120962574785487,0.0043919666867136,-0.005619701002001376,0.000740175740359339,-0.011503773596594491,0.0213197115638033,-0.002173869776589399,0.013239839134385978,0.0023843991128524866,0.0012394151353480876,0.02330902954404146,0.012085754546427241
2023-04-11,-0.0010300401068594756,0.002934374364801595,0.003097822215248902,0.006091249889324857,0.0077674436380712475,-0.010186880682175325,0.008849520680136669,0.007924695571324136,0.0067149254869525166,0.007953320998683955,0.0047417122703414805,0.02507404083688325,0.005276911918765226,0.008817164226427643,-0.01764927291847973,0.004621431413354138,0.0252222713528214,-0.012801814892708707,0.005781130763909514,0.0009155473428572591,0.0068552370605252655,0.015607372211539294,0.00040553301521528695,0.009760621018588322,-0.013832125222868474,0.0005554315012381572,-0.004296600612201051,0.0001875946524008132,0.007990139963704124,-0.0031193615685087828,-0.001337147982130693,0.015357241447652381,0.015532050164516864,-0.00152832614399534,-0.006417503497869292,0.029920193878111956,-0.014159916034153675,0.009547446812092852,0.002060430116773926,-0.005370138144104364,0.02759097141754352,-0.0005248368134139758,0.00522165175709155,-0.013661168500830545,-0.008065003320129605,-0.022022120390757682,-0.00927646158213824,0.011099455064528696,0.010270730032398312,0.0,0.009128833548192272,0.0041194605248076055,0.0038307429685959793,0.002748177951052755,0.0032462851721741792,0.026717425102681824,-0.006197307952237163,0.019517524825096277,-0.0026119535477712175,-0.005792900477186058,0.006254680670198631,-0.007591328548354759,0.005243988825508472,0.001971203088943163,0.002112462800669901,0.02280651867426431,0.0013107943377970166,-0.00601851835555256,0.011917463529242722,-0.00019523227252116193,0.0314012694664505,0.0005676421461353609,0.016195720968971816,-0.010048507086506953,-0.0007686854996732384,0.0007318868816774682,0.0056618854700394294,-0.004380240889577669,0.021440022244092694
2023-04-12,-0.027667819002529237,0.007402467783295785,0.005441543769154178,-0.00908166598825677,-0.007707575479944606,-0.00514563412874447,-0.0070177962617271605,-0.0002848730361906249,-0.006205377187123662,-0.002305072019347154,-0.025326536639705743,-0.011452165212543552,-0.0008746590145710664,0.0015199858078782658,-0.017781074755909954,0.0018585526563557053,-0.019911504424778736,0.00039446690014166563,-0.010032444260780538,-0.018945639357884847,-0.008617554608778666,0.007683931673641231,0.0010813236455151642,-0.01865029418937081,-0.010074944418261733,0.008173090138896777,-0.007511656213507356,-0.0024359546630050577,-0.017683037979917438,-0.001422338915858079,0.0036343237536855533,-0.0004151515125109251,0.0002059480983442885,-0.0019681291877291507,-0.008834014979374083,0.05463934263714387,-0.021306869564463482,-0.0013240326007415426,-0.001027938104483761,-0.0058974922175613065,-0.06498197400600536,0.0011809471342745237,-0.005100889819569798,-0.0032873561781672223,-0.01119261434768748,-0.020916697119598093,-0.007835058707282738,0.003430572804642207,0.00528124553948861,-0.00416062727772637,-0.0052770929176737535,0.0030768956893529875,-0.02117923051236914,0.013826533866025503,-0.0031009266983554884,-0.022582617315961673,-0.013968571697632659,0.015061790598016822,0.0030156118322031134,-0.02670551803155541,0.0037607435192701377,-0.004353099134208338,0.01767869894486096,-0.001639393991695548,-0.007676047413599618,0.0016151420329943988,-0.00799479507572498,0.0008350570254882506,-0.00491433428388055,0.0005850591827218921,-0.011604370626773441,-0.001134872207984139,-0.0028332325736027952,0.0062879370925306155,0.002307739628233829,-0.008868103061775212,0.008593372232680974,-0.007821664627514435,-0.022141449765629928
2023-04-13,0.0027394183806315198,0.013681386840697751,0.0053392299466870075,0.010183134894224954,-0.0007225951367106909,0.029310167730195014,0.0008833888052641736,-0.004844221603356069,0.0023106021844823132,0.008619932035872635,0.01678505405259223,0.003486613649259729,0.0017512691926793167,-0.001264765672653656,0.03960029591264003,0.007606493731549868,0.027389032666713664,0.021883791486830617,0.008973056575037885,-0.008590219763348061,0.015792474396308043,0.014161382336939976,-0.0005397942588757365,0.01745162594514671,0.013769558515898117,0.012865172376564704,-0.000966108677994626,0.013899193353152484,0.011793817837724596,0.003276120397424531,0.007623360050996508,0.008765100352273514,-0.02143725272403474,0.009969220909249454,0.019582221012655054,0.0033945499204837137,0.012634977935715108,0.013162865968779691,-0.007858638201804324,0.01946859813764501,0.012789638309798068,0.001967292908807927,0.02008463815281969,0.02408816889258225,0.009664175269863406,0.046713683014299345,0.012226472992584947,0.006837688421339472,0.00788020066890982,-0.004410514855933689,0.006820782198458275,0.041922275931141506,0.0261210003571537,0.007986188069547318,0.01879901736208267,0.03190977580985632,0.021755591940463725,-0.007211068628312667,0.016377936025121054,0.00715062641884745,0.01269720269485708,0.03410370725565559,0.0038444230503613674,0.013355231306068305,0.007775525220765189,8.970104369554477e-05,0.02276370062108124,-0.009439894965433626,0.0,0.0017530656728648175,0.04419226790834374,0.00085246957800722,-0.006393270562418785,0.021825482361269133,0.0061396823980843784,0.007748322185670675,6.794906828955227e-05,0.0045329368024762395,0.01874840364830055
2023-04-14,-0.005023305482895979,-0.005419424432390962,-0.0009458302801159668,-0.005040187445059741,-0.009761331033312226,-0.0016749591876328296,0.007061061678835134,0.012312766294276134,0.010620766961217054,-0.013215910237448392,-0.005872966593940432,-0.014570668518834928,-0.006993144717292288,0.0023638901171145754,0.006620688751812764,-0.007134590977227018,0.00269513078572281,-0.016447227280150467,-0.00010479865782431208,-0.006582556113559512,-0.01009251958045887,-0.01987130545991822,-0.0044589138158576125,-0.01323576334954435,-0.005117937772560199,-0.0025447982379812606,-0.010960858329350454,-0.02760259542653154,-0.0006132848198973084,-0.008943930159943658,-0.005863392563959291,-0.0036584824855758757,0.01772984410274625,-0.004718272278108282,-0.0018799327852202508,-0.034828899474950714,0.003934957480830947,0.00448645996515884,-0.009146735009493145,0.008687792312389364,-0.007148035335529768,-0.002224607823669622,-0.0018905078224666916,0.0015311961682553665,-0.003120106985733173,0.001074224694457282,-0.0075291989538064374,-0.010186877934705407,0.004951849014735332,-0.017719918831002324,-0.0048926730947617125,0.020117849442802482,-0.004559208997027442,0.014139341476383516,-0.011018210684717089,0.004444040511159875,-0.0024758163886391404,0.015784328681183846,-0.005682728621987487,-0.00800794663004023,-0.014130827758135012,-0.0021140181702248295,-0.0035460944479535073,-0.0029166624303791355,-0.0057270460496187114,0.01424273478044058,-0.011335844050263888,0.002895848060986417,-0.016475708292273294,-0.002916968676681342,-0.02747746946264773,-0.0039729465567796,0.0066129689155574045,-0.007119790623876132,0.0022883763241487998,-0.01217399548147935,-0.005875690622812013,-0.011673520673494031,0.0070234374457252
2023-04-17,-0.00983185425752886,0.01412559350031617,0.009466271047081198,0.004052641474373564,0.00784968377556372,-0.006711431996062611,0.026292713442585658,-0.000679055758368019,0.0003530343049897855,0.012470427367824888,-0.0014370005543095088,-0.02502261465688005,0.007922652780002037,0.002147674445142078,0.003153354260458263,0.011404489020184538,0.015835491283805903,0.00975875593876463,0.0020926849201428066,-0.008248825362068724,-0.008644566560856659,0.009315092628830568,-0.005428923609650527,0.005373356537550444,-0.005144346938275479,0.0073482762345578045,0.011408110222410839,0.023623478317034374,0.014119009974212116,0.006446075624443548,0.006088274095571666,0.003717814174488243,0.006348319882176767,0.005122440694583785,0.000847699260380752,-0.0036775233818169273,-0.004015233443988353,0.007816313666219932,-0.01189554214184696,0.010644328933469893,0.017038707232270855,-0.0020985212177642154,0.003095306426092126,-0.0038483616328939263,0.005623025581914742,0.0022436418178335416,0.01262237800394117,0.0,0.003889981997913905,0.012817571614096357,0.033282921715610536,0.032707954203084366,0.012786161834431597,0.007091336296055184,0.006711409395973256,0.009878011263196429,0.004219353261108338,0.007426000582933856,0.010647404252833281,-0.006491363639649195,0.0016156531721482903,0.00012103823282316739,0.009964376312503465,0.001841737754275874,-0.007719954511572702,0.007948821030777209,-0.006478673362279586,0.008609743937387337,0.013029240669371278,-0.004681121338868777,0.01968014699004872,0.008262052175128654,-0.0026632436546285554,-0.014781578665432282,-0.0030440523212730275,0.01528908816079988,0.00684234576531928,-0.026203567909350967,0.0046790186463208094
2023-04-18,-0.004651472843989701,0.005578283015537755,0.0007213368434240142,-0.0030272947868424938,-0.001630332006747115,-0.08952706289382806,-0.009393551572727366,-0.009793360519349759,0.011184089968450106,-0.009847526730477063,-0.00975370019507149,0.0031496395758712215,-0.01135384406372919,0.001849005191514097,0.007275197271439771,-0.003850147334989451,0.0010353629642347872,-0.020591546878517608,0.0015663000867036647,0.018407501648839864,0.0005658438147155831,-0.008686115000901218,0.0015014930686609862,0.005992651942233085,0.0005965600301680585,-0.004545563409144804,-0.005156177885230817,-0.013400368567899501,0.006658529144114356,0.003416112181082731,-0.0037821626115670526,-0.0005486644639913774,0.007569872969646507,0.0020600352347948103,6.276814312689005e-05,-0.018974527352868975,-0.0047034119515521056,-0.003693176250669006,0.003563276978945318,-0.0005627890044216377,0.015573379678573529,0.0002629780736604914,0.0038685713613291206,-0.000979110980150244,5.291799710693823e-05,-0.004282604839014548,0.007905994985120346,0.012006760478427303,0.003745814032370731,0.004218354411557712,-0.005490560492142027,-0.029576164377744574,-0.005652957334990938,0.011337812094652344,-0.01599995930989584,0.005118868003361143,0.04399402928458418,-0.002457087196689689,-0.00728176053972307,-0.008544253296109194,0.005047607139891719,0.007504679017000138,0.018322760675866023,0.0018385245019294505,-0.007981673269128686,-0.008587141964078726,0.0028617029455417775,-0.003851548777102809,0.026235866869895652,0.0015678244291994492,-0.015351143342253515,0.0,0.0065871412848577116,-0.024559053694790278,0.0,-0.00246406010937239,-0.002709320243400537,0.01569667890831261,-0.0033392233427481655
2023-04-19,-0.00835805934087197,-0.005309184323874616,-0.0023788665810277054,-0.005060592845473,-0.01614645566348949,0.0037105878647862856,0.020689569359027216,0.01995201986295525,-0.006389274853187965,-0.0030579665664453026,-0.020668642643240198,0.01162935626427064,-0.007950542286948137,-0.0023488520387091594,-0.00026749781826906904,-0.0012885416609946798,0.023904633288387656,0.003123939547441834,0.0008340536679096733,-0.005957955285559424,-0.026178342112775033,0.0076670982946056565,-0.0013629368387670926,-0.0017508541394583021,-0.04512015901825717,-0.012068291381326923,0.012147713120025383,0.05055650175334048,-0.009621041415507792,-0.0019859767844169207,-0.003606655763255917,-0.0058107932456544775,0.007600464888061875,-0.0005951834503148401,-0.00047053721008838423,0.007760094168523413,0.005497041503068845,-0.006950194747230354,-0.0009595337550470928,-0.007722621698388776,0.07504645616935979,-0.0018395837160236628,-0.010781260603258236,0.0067805526191608845,-0.005433217645690602,0.019550341547772243,0.003447627303597489,0.03593225085917773,0.004761327383105973,0.004434387121344141,0.03128458555586411,-0.026637793242849872,-0.005116331528454143,-0.007552381179583456,0.0001354269162960886,-0.00997368985510294,-0.02864574507126383,-0.0023263365580579176,-0.015528601866204195,0.0015208519459271042,-0.0016567805770283384,0.006968196998768272,-0.001660861904707489,-0.0020510809824422216,0.00048773647185784696,0.0045075464906820795,-0.00046782102969022965,0.004650257558862059,-0.013157314843184498,-0.004304621293211297,-0.0038169494051762953,-0.001130151594204598,-0.011319409578615436,-0.03538565271470595,-0.0007634043469502139,0.004300053727892772,0.003033597463431459,-0.010938397800049238,-0.005730996596309379
2023-04-20,0.03670466221807622,-0.006842987905632869,0.005346911019183276,-0.01525943841198285,0.0027660402599736233,-0.018484156263158025,-0.017736414412971246,0.011994745527604378,0.017805026544983393,-0.009261064737217661,0.013355412203738481,-0.012990164540356952,-0.010685715572420706,0.01530388127968818,0.014002728199692838,-0.006542511311598775,-0.011168113262288615,0.0027681539799604415,0.011562424726015541,0.009158869688466575,-0.007651389114744278,-0.014674192332670755,0.004366800216368816,0.019252796847759823,-0.030391378536699154,0.010036714973984395,0.004160617925119903,-0.0008978408493961476,-0.02246523422149227,0.00952235339767582,0.00781100846449978,0.006581157327911535,0.002543402311206755,0.0033025448510521915,-0.007624483263813042,-0.029751434483742067,0.016976809137618565,-0.0010265856348405933,0.00854928360433993,0.014511560094610632,-0.02982496335557483,0.002895656170200933,-0.0016232109094849179,0.0003946868533952763,-0.008326595116119773,-0.0046980391066805405,-0.0023325406778569313,-0.015379519726203994,0.0,-0.000929506129354829,-0.006423998029155498,0.0032050603800908295,-0.023047750961225133,-0.026516094830895454,0.0005419444093002213,-0.011098471361636886,-0.038020996255191064,-0.00452616999646549,-0.003884000308659097,0.0008437031810986095,0.009023815415437175,-0.005846359455941363,0.000831923712628857,-0.003677585801707961,-0.011169332234286289,0.004751207527037726,0.0002807954280334979,-0.009985871205665298,-0.02329020569986473,0.0035370359919713046,0.012663360869765938,0.005091783262280547,0.013416783784019115,-0.01129463206636816,-0.005347732565002095,-0.0063768740502165855,0.00029345481155829134,0.008624359515513769,-0.005586562930290806
2023-04-21,-0.00813002461271961,0.012815659081200748,0.01746452997367398,-0.00309933591248035,-0.01305635769177993,0.0,-0.016337267540292078,-0.022874430637486176,0.0028934627767116528,-0.017102480022346267,-0.005369390510259531,-0.006522039871093344,0.005400728510996711,-0.0009524518426322626,0.0036943110688765213,-0.0019015537349434952,0.00780385336044076,0.03164743246391222,0.0028832474247637574,0.007607603224660142,-0.009018295526178721,0.003861241906744306,-0.0017664421406617947,0.0015230940229922219,0.00966060969388538,0.0021355510261766852,0.004302900194149251,-0.014917270002750116,0.007453403739715148,0.004082868520045357,0.0032135758798068625,0.0005484920464693399,0.005650235466687192,0.00043159429125361193,0.001043371622290179,-0.0013829423773398242,0.002735178681049666,0.010649254558281918,-0.0056191441818852494,-0.0011986697028170124,-0.009801707121663394,-0.0003936716011953001,0.010637773788843896,-0.006811119421910816,-0.0034226255925354776,0.03034391291745231,-0.00018956034055406246,-0.014290477365949017,0.003970255524128996,0.005116253082136479,-0.012930913591619131,0.007372894123444107,0.0077987421595648865,-0.00903870553483177,0.010020282722535745,-0.009159259688387933,-0.011401251571386939,0.00785356027487527,0.007320746258852484,-0.007417453361082349,0.011461843118749648,-0.009780817626055094,-0.007064751198279207,0.0006514321766277753,0.0016430544963617066,-0.016638137712321033,-0.0034155043378639727,-0.0032571118837045887,-0.013823431890968796,-0.00039154422271669986,0.007951623538924535,-0.006191801895481963,-0.0008827221525308238,0.003167916260490733,0.012288887243705249,0.004125744586872093,0.005009206286348933,-0.014284315357040667,-0.0016050173787843791
2023-04-24,0.0013220136289666673,-0.003265388234180322,0.006074524402012393,-0.03316038344619199,-0.003353835107283598,0.0,-0.020979032089536775,0.0,0.00944946384216161,-0.02091692960934144,-0.026500897087333497,0.00973010179358047,-0.000895339865970457,-0.004145091185933314,0.003242472607888791,0.001208228699517866,0.02230101532770523,-0.02145453707642242,0.012116435051821028,0.016358706741122386,0.0010073239009034118,0.014285741341530267,0.003946407500380333,0.01001281064047932,0.007654732044707568,-0.004153458926456799,0.0011106382091434774,-0.01970444498892021,0.008631416757096444,0.006870316323194681,0.011871133818315727,-0.0023302810534974183,0.016024077565971462,0.00048537923659908166,-0.0020846661138869127,0.012703959641608975,0.0008465458785003044,0.010167217518600724,0.009673851182413262,0.02240181694226151,-0.011698547780391144,0.0017075086684668062,-0.008825164520717577,-0.0008738239153500693,0.003327053125952162,-0.007011967150520215,0.0025913157532082565,0.017869240344078552,0.0020411234003723244,0.005321667994897972,-0.01528390282232528,0.013661808628027794,0.0007738057958170952,-0.002465141838500662,0.008848420626267117,-0.006474700873371431,-0.006662994427039437,0.008475607111160466,-0.0039497591789592335,-0.003481743713167895,-0.005030694318159612,0.001878487077529023,0.01157923827622831,0.00043389001173776975,0.0024193405249095523,0.007791908306898021,-9.391677211711968e-05,-0.013229344698526657,-0.012878400133487844,0.0047013786579643835,0.008461555422055289,0.0014158320992423423,0.010424055461005777,-0.009569377990430672,0.007587258854363732,0.01250915294170607,0.00527593715091057,-0.003979907760489287,0.004823258098592742
2023-04-25,-0.02640612144127419,-0.036242006488851786,0.015727119109224086,-0.01607719950465325,0.022060212664566814,-0.015066062285550075,-0.02321419485516596,-0.021936349991276027,-0.022445388122270704,-0.013773927869267455,-0.023021419095265117,-0.0925344610117027,0.007168493422240907,-0.002788578682532905,-0.024895149466818478,-0.01754304927266881,-0.031785403576607085,-0.012891251898034972,-0.02749332088788925,-0.007168031118144236,-0.014192013266394188,-0.01841824616737231,0.006506669484234839,-0.016131548901284876,-0.006330441939467746,-0.023888410233898538,0.00935177783018859,-0.046901174843763216,-0.026894796340641736,0.009608807685956622,0.00949717531261518,-0.019145536021345277,-0.042517729166081875,0.022695490472400826,-0.018863747096770633,-0.11087987059966042,-0.022272460880461975,0.0004575355469638165,0.014704746888005493,-0.006103754391648231,-0.03277939031881416,0.0032766643556858543,-0.01303102158872338,-0.020538506586140537,-0.03112963604473007,-0.03427172037496595,-0.019730791213681376,-0.029811146796556942,-0.012985413530650525,0.003682259685705791,-0.05173695737823969,-0.010589618165781522,-0.013338455742394117,-0.024218493013484,-0.022591321571324707,-0.03460211559022164,-0.047729660635106086,0.013962306789782275,-0.01490996358172647,-0.028120945916735085,-0.015781401285761,-0.009435627496355847,0.0011031971805068874,-0.016050341243937116,0.0017181215549377793,-0.012900932389767084,-0.04263312054278823,0.003044306192535373,-0.016507732974521683,0.004679128407973021,-0.016276255374070403,0.014988891250347747,-0.011190614283469236,-0.03869562563688855,-0.013554137561980872,-0.02651288332171431,-0.023226710083844138,-0.03329926635371239,-0.0280001549715857
2023-04-26,-0.002712224593263479,0.019935571721278578,-0.007327035620521505,-0.008714856569139728,-0.002377767631246197,0.007648108831270761,-0.010054902048166836,-0.04016235114750355,0.00034871619233345363,-0.01653148807358895,0.0495357796997864,-0.021494332810322092,0.03825611810009111,-0.007596336515202418,-0.01952886423426481,-0.0040624657811170195,0.008619705490429563,-0.02290373368200216,-0.035051074691207385,0.005710128076281906,-0.012953159439357376,-0.017108325917882028,-0.003501529840717388,-0.016912690678044906,-0.011679632086669334,-0.01653184895055293,-0.025910851398452173,-0.004100694665649773,-0.007537742981578832,-0.0023449701676989676,0.000922324993635204,-0.015316367211014259,-0.09974360618377465,-0.006167437096463724,0.0060648555581783725,-0.006084945794313623,0.006343798057574457,0.019480457905708404,-0.010658372378114844,-0.042595099371045,-0.009178705317475888,-0.0013067170633949132,-0.002960067153675916,-0.017668223826401763,-0.0026500601061860696,0.023496184744855597,-0.009372626730524192,-0.018095037471788866,-0.005417234303600527,-0.018802915601767167,-0.00311770950947865,-0.00656775611177407,0.007249069498660665,-0.025199456587891023,-0.0002719819392374978,0.004944862602772604,0.03169860069972841,-0.022727313535477633,0.007970355616026215,0.0009646034037340545,-0.012921052341199779,-6.109847118784817e-05,-0.004132706865521474,-0.0025349480602012697,-0.0247886896504651,-0.0027750116546885195,-0.001422232931895251,-0.015229615702754828,-0.015701805749485764,-0.0034932724455544184,-0.007439527327267603,-0.010866662626153989,-0.005835698925484412,0.00432182816528992,-0.004580245735765431,-0.02389993572119986,-0.014427569510369831,-0.01081081125308847,-0.008230556254719357
2023-04-27,0.012419498328826162,0.01971945739230674,0.019288274744719835,0.01758270818081309,0.008067359017871478,0.022770478352621915,0.029547732581563402,0.026868850013143764,0.013782335220708708,0.00843700818913673,0.01442147263260285,0.007191411648644008,0.027420871393344592,-0.05030065809852102,0.007035292065739496,0.025280909027093568,-0.10384988880084467,-0.007492967569434517,0.077621683663051,0.0009136552473536508,0.013194428044653872,0.028635673308982534,-0.004324805640296692,0.01336261450470344,0.00042960806634084747,0.0254533187446635,0.008060614179284498,-0.0013727961062569571,0.006961955710976353,0.02060020950511432,0.018798387197127564,0.024707214113406595,0.025170059262161537,0.006099471360806241,0.027190603624168697,-0.02347958495354452,0.008118404124971779,0.011482963997420326,-0.009922348096300437,0.01932564558889549,0.01733974782403669,-0.0024853573292450415,0.02214890712691342,0.023026540862000067,-0.016827070182180104,0.046103983455159314,0.003602552469958331,0.0027816179433037824,0.008429535997068083,-0.00023398134732721676,0.010164306943672319,0.003917723967049813,0.14627522954291505,0.012340805907922636,0.0016320243244152266,0.0075184634767597736,0.01444342640973395,0.007797693798040184,-0.014856235269082974,-0.0021024059706964415,0.009883411097075356,0.02839514823942535,0.02199468609644728,0.01712706378902129,0.006448948093245921,0.01974871353044949,0.02087323799057006,-0.002811894373734858,0.011918471859074797,-0.0035053512262928077,0.031659941737846475,-0.05521113510479103,0.018498602370882855,0.015411491009263756,0.009202370068893906,0.023441142114262403,0.050875883208484574,-0.031715471619455315,0.021945678046099815
2023-04-28,0.012088250636288267,0.03578241087411582,-0.010178612608332527,0.007559401179230596,-0.012368181573638393,0.018552939323931872,0.004484094663176563,0.030693176719251758,0.004893160625316639,0.016636787074463477,0.03974145671043394,0.014669581164472811,-0.0033361293503019196,0.025641098985171196,0.03683527316885438,0.01776459015916454,0.023825186620367367,0.016119178587693295,0.011938236465232732,0.002216936868387309,0.013761803918434845,0.00873352820764306,0.005565674664613773,0.003890118741261661,0.014819605106441758,0.010980031585452021,-0.006716736123897116,0.024579093849282474,0.01634200943781816,0.039284802703280386,0.013024624395845175,0.0010644729845705747,0.022923846625442,0.0063260838593601765,0.006898836661449748,0.04464354983679453,0.011179548022590469,0.013658486712600837,0.01613057526190964,0.0027430736236897513,0.02264761532890125,0.0024915497206043913,0.022591058894191995,0.016531107395627798,0.012723906470603952,-0.039792412663683385,0.01308204667325219,0.013869580599733533,0.016589517490847694,-0.007947439069534878,0.013932002198857152,0.0002438615008097944,0.017001598195117706,-0.0010263082174727378,0.010319105505563586,0.026162279615841166,0.022003630676767916,0.013845550644700166,0.019863828850172238,0.025280955919556813,0.010463214404633048,0.007541126593015868,0.016107196691615755,0.005866278111596124,-0.002496402862250058,0.008817493114496866,0.0076493617493593735,0.007374972314996064,-0.015492710560382927,0.0064492371263420445,0.022984919602930365,-0.02504499869864918,0.008208387447303123,0.005322041443031944,0.0006206135061619378,0.018731591707772388,0.003973554569112636,0.01117639280134819,0.013534255619857882
2023-05-01,-0.0007078668903079954,0.02261438423819251,0.006625620155102263,0.0032152543430403746,0.006077397899044046,-0.005464403071132828,-0.018749831152048535,0.006731628117621513,0.013318236665015748,-0.0033922130470512846,-0.03123039151111251,-0.014457495757030037,-0.008368190766107397,0.007081112889741004,0.01155053310152776,0.005090864185487209,-0.024500465784755843,0.01340360547113395,0.03539210801013981,-0.0002602858836402433,-0.0020136325199585636,-0.011904581886434062,-0.0102842424195011,-0.019136729382832618,0.0019047943036505366,0.014371316288968483,0.005796202630979463,-0.021861221584992263,0.0006183496830967083,0.006517294950272978,0.015000002724783856,0.005640090419665178,-0.008271121428003347,0.004138514076207578,-0.0011470504677234539,0.012596375003723459,-0.009182075583722416,0.0023623889844326396,-0.028834590826709028,-0.0012068672039100559,0.013926954816826154,-0.0031080537209404735,-0.01082055768557233,-0.009031686842248643,0.014787672693771015,-0.032242712137328766,0.01827598005935438,-0.012311729942712124,-0.008222662881534837,0.017436483680331127,-0.014504072207355945,-0.0036575888154299907,-0.009794076590019296,-0.008606425304440446,0.012498221072589688,0.01108426233311599,0.01342445499249112,0.0013386513753290696,-0.0013514442142302796,-0.008219196170439869,-0.00793369275823641,-0.0005304601714644086,0.011056452365360903,-0.0012959380044760271,-0.00350396066087022,0.017568422815204654,0.005729276513375847,0.004629447445536394,0.049509978368457164,-0.011492024756381336,-0.0012857208736894998,-0.003975457296687801,0.006582340371008577,0.0031370982151905924,-0.0007752408768133545,0.001911457147076634,0.008465789163177195,0.010067901351902275,-0.009080332475061903
2023-05-02,-0.006994098707580942,-0.005882120981098304,0.00020556086836065468,-0.02564109974486639,-0.0014645017461514254,-0.014651966109269443,-0.0627841901572227,-0.006629806158273022,-0.011013247985470431,0.005609995723845129,-0.007217453608209801,-0.03141634884163447,-0.014346034831094867,-0.02465272456347878,-0.02076109883173627,-0.020712845314276307,-0.03305704055165337,-0.014117951719729849,-0.00038308491793970223,0.006637627933980594,-0.11135852637421462,-0.012048143223440277,0.00984351936232386,0.0024716461639324727,-0.02070120878532644,-0.007440743997329302,-0.016487906870210955,-0.08821213351676438,-0.012360896011996969,0.00492062037979446,0.012315284325480125,0.001792749110249403,-0.006829219373966411,0.0029737174812125566,-0.008721556072372794,0.02403284227406255,-0.009267167415377475,-0.0008728334162363405,0.024920069312936777,-0.020299634730597038,0.0027020700809967657,0.0028942699677678707,0.0009571890799906502,-0.014673233526482199,0.006135522643524016,0.015482549283793778,-0.04014409537673136,-0.05297788461917885,0.004081628681073202,-0.01412700314339388,-0.05073581960829954,0.0007341845043751238,-0.0015347271343719715,-0.039518084041749946,-0.07140957678427995,-0.027801674990079128,-0.012996731651767734,-0.03155480920060805,-0.0027066069085435185,0.0023307646711798746,-0.018642609315654424,-0.006191348253558826,0.001712705628799327,-0.011246870670000964,-0.012264443941332082,0.01305610517399236,-0.00797527996419889,-0.005894013186528713,-0.002674391002397525,0.009458004293650513,-0.019432287617141664,-0.0009209397225744542,-0.015315666545233197,-0.031908130828481096,-0.03646234565634676,-0.022440202888549976,0.004557008994720224,0.00010831201454575279,-0.04725543858521508
2023-05-03,0.010074851655150763,0.005561307641916091,-0.002056694824226435,0.0021928999776354985,0.0,-0.005576324412634448,-0.02233041726426932,-0.0020536238728718903,0.006224543971601992,-0.06428057594294123,-0.01599348340179152,-0.0188982916121595,0.02397261574114684,-0.005890365300569744,-0.03418721337103847,-0.0025859177226915664,-0.012156208547925651,0.0024117963884773275,0.006417662902072241,-0.015385641251857929,0.011979320111757508,0.0027714768128166423,0.004197446637431268,-0.009599648465565047,-0.008628263460151997,-0.0018959098817874498,0.0039061566262079683,-0.02212577922964165,0.018147800271579362,-0.007474176242184827,0.014250950326331058,-0.010875558400501362,0.016161170091659516,-0.0003641823840001557,-0.0065439131267717165,0.03949632311018059,-0.007444923338783216,-0.0917350607822478,0.0055816038052807215,0.004275584865344184,-0.0011228214334421116,0.0030168889046477965,0.013523942342944961,-0.06350025343016463,-0.00691498096328691,0.00019303553981586674,0.0014043418505105265,0.004021829621835726,0.0022865892071206595,-0.005637916416232236,-0.022439821640686697,0.0014673850375797048,0.02015361232750079,-0.02131380372530789,-0.027444228045615415,0.019311322557684862,0.0007597504556944301,-0.011045103980064308,-0.0021551456393454904,-0.02824914369046949,0.07932064287370433,-0.0064672134329085695,-0.005392520626655184,-0.0036093061720845476,-0.02822394147079843,0.012887971277063093,-0.0072737917575814715,-0.022638066120782785,0.0005716004436278066,0.0023422428812698293,-0.012440734030414347,0.007682723769814048,-0.0015729708920694252,-0.03952151233611356,-0.0048309318278548785,0.0006504321135294422,-0.009333239062943366,-0.0016250060422359214,-0.0027345744327237353
2023-05-04,-0.007414716165750179,0.00826368914539799,-0.008036512816266939,-0.013128906098319737,-0.004032825732973477,-0.005607396736868497,-0.06256203211803824,0.0001713828642067039,-0.0027667508146358433,-0.004923666518473757,-0.0065671163845579805,-0.021857787656454075,-0.009197293499036752,-0.008224653857264896,-0.0007318702724403714,-0.010047235946242128,0.003299132487635248,0.029523806464403224,-0.022175665042318937,-0.0041363330898231965,0.025145067698259194,-0.02432293663888041,-0.0013482642918839494,0.002658371220234601,-0.005656991093847874,-0.00017469907061462564,0.008106423446810673,-0.08185448474259649,0.06392111970963299,0.003505777994481596,-0.00925292854489046,0.0027837425867685006,-0.02628877030572374,0.006244119825174144,-0.0035299417720223714,-0.037995635224574165,-0.01115496397219018,0.007310547368723608,-0.009878693429419272,-0.015228431469185066,-0.03507197368133297,0.000391953811314405,-0.00813189331545705,-0.02728461528670345,-0.005811615107234269,0.0033767339022539034,-0.004957499410681243,-0.008740061105875885,-0.008491738352191969,0.005433758370523956,-0.030049891290801156,-0.01733819465798936,0.0030137265850398443,-0.015713306410329086,-0.027189865508936317,-0.052039458011203465,-0.004554652519315305,-0.008516122741856313,0.0016798582584121036,-0.055392950061424306,0.008775713972738908,-0.009913355118775335,-0.035704979146923055,-0.0036224680043051016,0.01125121355584624,-0.004227241816611271,-0.011665452902123175,0.014338506385396022,-0.012082171548136955,-0.0007786458153467013,-0.06248019031720742,-0.009149104136711328,-0.016278749091594102,0.003363284524825705,-0.00728143409385551,-0.004365152162150054,-0.006441314178156965,-0.023654507435586503,-0.0008509201800749322
2023-05-05,0.03210321795712412,0.014318940362598287,0.005331877518861772,0.028825005795542813,0.007546398370158691,0.01879695478590726,0.04343248425945201,0.02371833681480129,0.012170847317694466,0.010905785802548307,0.011898900246585242,0.019971964917909313,0.008438808324001235,0.015738424213358027,0.014004666018704315,0.007810482624308834,0.03133744288553353,0.03242613409562645,0.017130503733429503,0.024986871887731965,0.03320750110554238,0.03172825725483541,-0.003644945519817644,0.017783560363189288,0.012034785742087939,0.01843069616775672,0.0065937666266844275,0.06813249488241047,0.02599677305077397,0.0034932141239349956,0.03268764094818244,0.0185980538389372,0.015148639322611679,0.0046026072759079995,0.021254384454742148,0.018635171495187564,0.015656958512387575,0.023777593793170126,-0.003325537387359301,0.03516796973614267,0.0440354912622809,-0.0027446998471117867,-0.005797920902836151,0.03742967521309737,0.011360209276811695,0.015961573674128537,0.032712752997820616,0.036737914078764033,0.008436610052328986,0.006813680552297807,0.07228916428482957,0.0032305479124155045,0.007845023746584578,0.0719787312345348,0.005589894297330478,0.024897361762952208,0.04143358120999907,0.02450004467791489,0.030665998246738102,0.02064162329041297,0.024883460732701534,0.0469268040773585,0.025918886888429693,0.016966017702723102,0.02000942741721512,-0.017863971514351595,0.0010242731069478594,0.006524430256993341,0.014097620048432624,-0.003508260560342369,0.032612997586011216,0.022776264058429918,0.015480501087492993,-0.019378814697411983,0.052974646732731,0.005876971080344573,0.010231904039557094,0.02945089232934972,0.0170340475537456
2023-05-08,-0.002671035835566493,-0.011601592371660807,-0.0030307115053229694,0.05818954887676542,-0.005115149804423846,0.00738009825189434,-0.010152458377221785,-0.004633832301237595,-0.012541713973477808,-0.0027969272071465268,-0.005879553704760121,-0.00013704204070341675,-0.0008367990191078256,0.006057615390658189,0.017873191403250832,-0.005615237662504269,-0.024135974271981997,-0.009856148586710911,-0.014736742936852454,0.0004501965966432486,0.014828333599721244,0.011532022410194465,-0.004742752724380739,0.0,0.0019462452591745283,-0.013144080097353794,-0.008627661813769838,0.016286049533965397,-0.019144434166903257,0.007091456344446634,-0.011220870527856697,-0.010537252386513596,-0.01681538398953586,-0.004735791011902801,0.0024776988870502947,-0.022290255011172544,0.0037343741853768098,-0.00037305366162565523,-0.014014796858163536,0.009477152718098125,0.023432251838456652,-0.002097382507380341,0.0017312660991337658,-0.012456935746044007,0.006162137177695426,0.0016089169321718,-0.001682270962268917,-0.0038979118329466322,0.006718199814898407,-0.0018669596996122584,-0.020465689688856203,0.0,-0.015071224924115167,0.02037874808803153,-0.011568459605013737,0.03289672263695209,0.0009762504281016771,0.00027492431793851857,0.004106607696596765,-0.004320616116679443,-0.003603913135418413,-0.0004033631595159459,0.017778360263027926,0.00043331839112115134,-0.008075135200837136,-0.015193125765370352,0.0015591115614170814,0.0030248938982917473,0.021970841001377917,-0.005476145067992766,0.008304427089315558,-0.01143549386528886,0.0019275089739401174,0.006889967282801779,-0.018575725499799134,-0.013910784325119274,0.00028367273804286164,-0.013062649513157165,-0.010514482286142712
2023-05-09,-0.016501224317073238,-0.0011769415750049195,-0.0056653406836093545,-0.008146772363736399,0.0025707245433570503,-0.023809505384540186,0.005128293979786758,-0.013348825536369402,-0.001099834824980661,0.003347139928718157,0.0009857212183008723,-0.012051407296871375,-0.005862699610066691,-0.0014399189042951788,-0.009400529595536056,-0.0028467740330935243,-0.010879919659414039,-0.010144812415229465,-0.013306224311300241,-0.0023787780195339003,-0.02771173287046247,-0.010314669669993837,-0.0010891845728663307,0.003466537915770118,0.0028053006493347077,0.0028246297007099574,0.0017727303618639834,-0.0011128277081187132,0.004592519120160787,-0.002816650414620203,-0.0059282229571631095,-0.004865639390990495,0.0016364377079487458,0.004085772754043093,-0.006333219695497827,0.008493529996544735,-0.00715449348196362,-0.00429221330269991,-0.003577484399409525,-0.008672161238864606,0.010902747347263153,-0.00013127176373217697,-0.008641439989381716,-0.004098133093398237,-0.0265556184577862,0.00746481056277859,-0.01677092228099375,0.002845938185545016,0.001007326024920152,-0.0035072083055059933,0.010651321068820163,-0.01956891557423668,0.003026686766538278,-0.0015362120948441138,-0.015503940694127638,-0.028376762298073177,-0.02487184253863961,0.0075571297301118,-0.0036268325795584255,-0.023451276332051463,0.006091799601680714,-0.009971021365391963,0.006172839506172867,-0.004223002807533405,-0.0008098017443837202,0.012993967089108382,-0.007443076461706832,-0.005708372447050691,-0.01158599073969313,-0.0005900835873317023,-0.012840282521313084,-0.0042618126192743855,0.00034972948287381733,0.00010603126044372857,-0.001577382647257708,0.008652300826735626,-0.0015274928096820073,-0.01236053485305022,-0.01109650251193428
2023-05-10,0.01379139758149961,-0.002356656797372625,-0.003543515249466389,-0.01540033060936108,-0.004578775799975565,-0.0018761787429364407,-0.022449104721831148,0.003979112224967274,-0.005557873069469532,0.004703387142628079,-0.015427525947520615,-0.010119159744685469,-0.01684928089306592,-0.003495301796481498,-0.0017904331043554489,0.006318337350401215,0.008324039150886753,0.015108499071279091,-0.009154400901668414,-0.006766791674603145,0.005959377145908329,0.0043881865315904545,0.006133058068028996,-0.002256404859018679,0.005164474226998728,0.024894917344142176,0.015443924754251714,-0.011363888774591269,-0.010285572633423112,0.0,0.00715627864151025,-0.001799013716843989,0.00723997923065034,0.0006698159768736556,0.010881674122678486,-0.0195035579202556,-0.020465152304733114,0.00243647824195925,0.009704197328838093,0.0011235906208899582,-0.01811907121503209,0.003941333461181973,0.02280124657774052,0.0039982347631424275,0.010076847665540845,0.03348339526223332,0.012546105505851335,-0.010642198338040365,0.0062893081761006275,0.007039104215780911,-0.01742992482971739,0.01945418411937161,0.005532336689814343,-0.016156037712781957,-0.013123336701794996,0.032747080259772465,0.011002785341077903,-0.01363707388436819,0.009835845109104069,0.0065237268080613475,0.014522190632698884,0.010420691059102927,0.007962400311592122,0.0025010418839517268,-0.001364989461843935,0.002359285764176544,0.0007842163557647552,0.0036830455059284617,0.010593068181474319,0.007083838568056944,0.0070949192219633694,-0.0036685547043212585,-0.005769096193927403,0.011509565635982044,0.0031594752081058886,0.021248615071948196,0.0038246417071508,0.007420507993019632,0.006561520946552601
2023-05-11,0.0004330900002622595,-0.00861907719740973,0.0018825873653691705,-0.023983369839307156,0.002023909965877646,-0.031954991906465446,-0.031315114266295074,0.0008512989571298757,-0.005272592959460032,-0.003087526159387677,0.02700443230517835,-0.012463149006184726,-0.033418801909117724,0.0011838081459925043,-0.04125565393298036,-0.02418494039786423,-0.030072799907225556,-0.02313127389949321,-0.013510914073562863,0.007072486576779946,-0.02388045220860835,-0.004369014481088174,0.003251403917302609,0.004463045008530342,-0.0072789524179646126,0.0025370143696530345,-0.01093135965265879,-0.01239569655639794,-0.026558988973773845,0.006034148482051416,0.0028759629028922706,-0.0007394299934229132,-0.01269046642585614,0.0055076612057489704,0.0032601564028973407,-0.01614569916770414,0.0056891249068806715,-0.007609998563661624,0.010571625391980533,0.006653854780093393,-0.009666050577421315,0.0007848625440378676,-0.011079155276978225,-0.007092618217917845,-0.004629817839979733,0.01805969525073481,0.0022355419413639943,-0.0190032148240894,0.007250022888183549,-0.010251579690554458,-0.02392749596108157,0.03990088404548886,0.0006669809198027732,-0.011338151172724409,0.0039111390356931786,0.0058963902544912905,-0.017314042266736163,0.0015211309777678483,-0.006979090930048892,-0.02254369099633957,0.004009803124065403,0.001094855160918451,0.0011654746449261122,-0.002494802278959818,-0.007774193415344688,-0.013567182794193222,-0.013369879498985049,-0.009875632655571787,0.004940212368889529,0.0017586696762650345,0.010958789287180082,-0.004909374916294618,-0.004044465171399225,-0.0557391039200229,-0.011023654189969978,-0.01850495970836019,-0.0018287201284944432,0.0024186473312937107,0.0018893804416888482
2023-05-12,0.0054565221822919785,-0.003091162617931853,0.006751171283857271,-0.00854680204430558,-0.002386936509658266,0.0038835082884514094,0.0,-0.0018713002034882464,-0.0029682897684911724,-0.003397339548480871,-0.011199420471130428,-0.00836633943457954,-0.010638453848008989,0.004204180087602261,-0.01412522239884495,0.013965030637401732,-0.008004577224638099,-0.0035421211146134945,-0.000604248016719322,0.022614485890118496,0.0033172681199558074,0.0010968609302837162,-0.005266097024163585,0.0043434976977354545,0.007332324055880468,0.002705513401320747,-0.0009612082251194698,0.020994970780440436,-0.007117425336193417,-0.006125567583269209,0.004386001038874321,0.0003237081441547218,-0.007570400349722672,0.003993007696297068,-0.003586902903845224,-0.0023631391558726067,0.019311523400081132,0.004638988544995115,-0.008369021417358846,-0.0024687230974527186,0.0,-0.0024841852722827795,0.010250874177258229,-0.01794594123253035,-0.00011083298028025101,-0.01711533396079623,0.005544357950133971,0.010965044073492747,0.015264280213320047,-0.008784413110871747,-0.001690581488141607,-0.0064347107639376455,0.01949328863286892,-0.0011866379785210324,0.017297812716609018,-0.012996309607335998,0.009816415278895319,0.004002909943101374,0.004788464600209208,-0.0042283621333266685,-0.0014860475445832577,-0.005417642505733955,-0.005303238337909022,-0.002827332616627043,0.002841415232330613,0.024210301966973935,-0.0014891444542831644,0.008011846750643814,-0.006326592694191335,-0.004681163554933865,0.005355567840289899,0.007400519760512925,-0.0012357961220540448,-0.00016658584513462582,0.006369629799703125,0.002626408806502223,0.007088787608487523,-0.0027418236564754617,-0.00697795016542857
2023-05-15,0.04324244004300959,0.007332005713568623,-0.005530648890692769,0.00969808324832333,-0.018406120526297642,0.025145050309816952,0.03017240386099851,-0.0026702438282624197,-0.001302553790677341,-0.018915272172130626,0.061063476990281806,0.013012733541817978,0.005376423760043103,0.0019625447661510975,0.0030363289972099583,0.007755969864258638,0.012154871907940512,0.004090360028214279,0.007859726406278078,0.002709127220729579,0.017057440947008118,0.007671367822144282,-0.002579031753048966,-0.004027295801794395,0.00834941499843267,-0.01117296954187097,-0.010581948651949946,0.04850254819256805,0.010752539492798752,-0.0019258678988983702,0.0030231827747393414,0.002219140285164123,-0.005160993414010995,-0.00943283534206174,0.005415258801046541,0.013488637382468083,-0.0011483262509606185,0.004899960354796562,-0.010357962681781907,-0.001516864427318243,0.002661910537059997,-0.0002626572677000283,0.015085499307733619,0.030466540017281663,0.021044474292625903,0.008525256609829501,0.013705006008417842,0.008315112763982446,-0.0023223911218874793,-0.02371266341935019,0.025402112633082563,0.01079397404084248,0.019120914909279918,0.01108599239350938,0.0140931094691914,0.013386267002077679,0.04860399078481503,0.0009625743253958152,0.005226692112836773,0.025670767460360677,-9.305229278977478e-05,-0.002897195341648562,-0.023407114094996073,0.006870141829209864,0.002489770430874616,-0.013259353312349287,0.005716811868904381,-0.0031359622837141554,-0.004517159630529011,-0.0027434797452012827,-0.00680317156334409,-0.009488832305933448,0.0060100945369852,0.03210218651112906,0.05221496707903239,0.011974945043099261,0.0003683818767383773,0.03618173533605007,0.009306048321305882
2023-05-16,-0.0015688925519410368,-0.013659569154846896,0.005630840819035754,-0.023479227475780684,-0.0058128869768533376,-0.022641586146707082,-0.008368278047152011,-0.025692203042124162,-0.011152225218123424,-0.007187294892348706,-0.014077684602932239,-0.016798552288366797,-0.08734417664900274,-0.010272053348521104,-0.025163229901181472,-0.009562090187763772,-0.01675192077091381,-0.07386031015006222,-0.020495708290818704,-0.0020734312593204685,-0.015958652121946804,-0.015225731097968875,-0.0024495508491613194,-0.01173218170565793,-0.0038217210403076463,-0.006608907277874443,-0.022686742442931007,-0.012577426614549636,0.0023642764836762087,0.0009004166261699087,0.0036838144927833216,-0.012039430405787033,-0.026266214238462093,-0.004323799589386779,0.001132013046448055,-0.014153039622527452,-0.01398603504005469,-0.012753191211560044,-0.0030038933463630846,-0.008155406137005161,0.0033185333772078884,-0.001835207270207584,-0.007165283727194716,-0.0016201233963528683,-0.008569610425156027,0.01978421437062372,0.0025633695657010236,-0.01613468113702332,-0.005145868466139403,-0.03410203229282649,-0.018166771340802468,-0.014000953040659514,-0.00865939234881663,-0.022712330132709124,-0.022658611316443977,-0.016509896185641804,-0.009507886357993822,-0.027980747655318328,-0.008028773983472681,-0.023428805662946584,0.014512382629671583,0.0,-0.007723038541155636,-0.008014783712104623,-0.0241940140423883,-0.02605937356287047,0.0007414816721056372,-0.015078260680772004,-0.0012531865491538507,-0.004126666649873156,-0.044329529404402046,-0.015451169681860333,-0.018450085501457325,-0.008932915276073428,-0.02481188595548256,-0.019506239607565257,-0.004438463059735276,-0.008384577745280786,-0.020604110039433965
2023-05-17,0.03953020028329579,-0.004421135256738151,0.0013134925432032318,0.01639359383446015,0.010562018849989974,0.015444068982801262,0.059071602899845255,0.00637315611015743,0.0018841845061678963,-0.006175720177364452,0.01867231279040893,0.03531953154328926,0.0,-0.0024187598548771616,0.0569625662160127,0.007629429332182802,-0.003215882588650798,0.011834290686441706,0.02796767447590298,0.0006295859470806242,0.019858879975804156,0.016013372721165986,-0.0017739468826418747,-0.0023177277636449167,0.015132378709291183,-0.001330534954144924,-0.00447691414692053,0.05462006021118726,0.004717015284839032,-0.0073265353046882975,-0.004838123247818293,0.01316638888668309,0.017860045486219223,-0.007082887947575944,0.012104174782674004,0.007770777927903705,0.008355262073122427,0.003894377801174631,-0.002916094580897477,0.007819375795612649,0.05292175538326571,-0.0011823335947301894,-0.0022719993395334814,0.0333807192495883,0.028283835133852797,0.018518504813616277,0.024990728068947643,0.0014576394620935407,0.009852254702272356,-0.002794016194811566,0.06265766449333054,-0.003610053283655712,0.0027498318963781188,-0.004674827994096575,-0.0023182983548571956,0.03509515462057555,0.04607634567741603,0.014322284618870418,0.014568715423515899,0.009827740614468894,0.004630608127581981,0.0036029140324176367,-0.019860383744978782,0.009389713881247763,-0.0032336155758230234,0.0130036625792469,0.008347264282202671,0.005066198993578741,-0.011639550612395189,-0.00039442762632480033,0.0023666972588878288,0.008160605636712948,0.009445022468062003,0.020578859654682535,0.025443179216548373,0.011785649656030461,-0.011743420718156372,0.015947680555584265,0.012872422587979493
2023-05-18,0.033572112287051814,-0.002612205038265314,-0.0072489759397109665,0.007526771627891726,-0.013624447155359709,-0.0019010467655696806,0.018924547697346528,-0.008308174682273517,0.01740908861715318,-0.00562740850226795,0.0408194481134303,0.010817091625215713,0.0009766550763241622,0.0029095909967205014,0.012669944255243148,0.00687041511444364,0.00707038776682456,-0.017388607797152122,0.007745002033457737,0.011074720155514362,0.028195872808644884,0.009782482668267534,-0.0040993865634844084,0.0062626249311061866,0.011967075948825512,0.014741953170766875,-0.0031467527887234503,0.013101464043652866,0.0181923164415263,0.0005180208248802831,0.003352840622399933,0.002718987059575184,0.008789963435442028,-0.0026034653333791846,0.018573326119167843,0.023524839131101594,0.015319321861859247,0.013246289363400221,-0.007409061586261645,0.11686137123693774,0.007958137552151578,-0.002235261494487828,0.00875152237067911,0.010655266637526584,0.02287694944498564,0.022943736154795724,0.03107370742405835,0.02547308032525697,0.0776829603241711,0.0033114068447563927,-0.003957261971560877,-0.017391333192416814,0.00016142471538471703,0.016237416913954306,-0.01425254748485294,0.009347396577740863,0.02638225837224084,0.0011180402578696569,0.016562893294665093,0.020513292345162526,0.006891300128495592,0.013666194495477901,0.030941977229232087,0.004975745033141132,-0.003510807847124209,-0.003350542549851787,0.06216019015822649,-0.003835397419010844,0.0,-0.003947941326363225,0.016594590457288616,-0.007783183676960959,0.01015858653445556,0.012396182640132425,0.014285800051004216,0.013512310214663703,0.008978234467480695,0.03845348366157175,0.021339126884653226
2023-05-19,-0.02286030701820385,0.009919786080228254,0.008553561918054786,-0.004268782481247402,-0.003216564319276305,0.0038093352556061166,-0.005865078120043776,-0.013591929075157938,-0.026855064958842823,-0.011943283741188582,0.008879807257729633,-0.009466274272193487,0.009756086154090848,0.009538512547689448,-0.00018139410299089498,0.0034813307085090894,-0.00828172272563088,0.004582137243115181,-0.010444615427998238,-0.003734073139629923,0.005262597255460966,0.007534784657163618,-0.002745208647930375,-0.003172046159595876,0.019294650339706454,-0.0036426432650751295,0.0006753052452175279,-0.020004162357020072,-0.01613819701704633,-0.0027177529979343085,-0.0028404038977347668,-0.0019302709783168837,-0.016382347359941263,0.001461802099564924,-0.0022535657345578164,0.016727287464159524,-0.0058833915332309195,-0.014753872780664756,-0.007070939699094114,-0.015756013250000644,-0.012258469551099771,-0.0001320556228081582,0.006595250144503684,0.030019719624031715,-0.008998097722901277,-0.01608126535201726,0.006416589699629105,-0.00035478641756558904,-0.001471142681587434,0.01218572368279558,-0.002780988265753792,0.023598797376373604,-0.027096927163739237,-0.004093473526508573,-0.0009429730046175422,-0.016217746857341453,0.016092883810337133,0.0019554367426317665,0.0030643023375027667,-0.010284220414443879,0.006753453127389619,0.0006285240888650456,0.009561641511910857,0.0006457371817047974,-0.0036124644992271415,0.0005239257749540815,-0.0005994725429753212,5.504232988395863e-05,-0.0002189309358222591,-0.0011888650957794233,-0.012607681777004331,-0.001255231843271476,-0.016231511911865115,0.004939841686750102,0.0,-0.0059764681061436065,-0.0017230093329784202,-0.014913312100169884,-0.01002892716335535
2023-05-22,-0.0031507559609170732,-0.005219190261284035,-0.029855971970627282,0.015005370741185464,-0.020691013770203104,0.005692719806802415,0.035398081231988066,0.002850997123903687,-0.014679954630638647,0.007062903617681915,-0.028458084073119005,0.011495650834837612,-0.02125596771842242,0.0012190496050024091,-0.014723275405991831,0.00161903976365263,0.03381558358748049,0.012163112082498317,0.006571861276139623,-0.0004997615575936809,-0.002385979128497029,0.002671198892853166,-0.00027498830867311863,-0.009365115819155001,-0.006309804639013872,0.0024230365150053057,-0.0035425297521376464,0.029072247589337685,0.0029291207029329414,-0.015442393148436762,-0.009383400979011913,-0.0012932034667192394,0.0024554429705707648,-0.02710592094658104,0.003358431656606209,0.047033001526932905,-0.0013363919292967985,-0.02473714954845052,-0.003561191238146577,-0.0013097044704490912,-0.0027345617503505837,-0.0001320730637988099,0.0049689197164872745,0.0021548492739897895,0.004093874270228559,-0.010666648290490577,-0.005686871134869542,0.007099691501500249,0.010426176570858647,0.006270603177515266,0.013944139030759084,0.01753120924439311,0.0014920536267000184,0.003712445241201623,0.012899161534697612,0.021924196057093948,0.021557352290820564,-0.005017619848489696,0.0039490258012342405,-0.005478948073868284,-0.01742307730203474,-0.0054807014239772744,-0.03314905231655074,0.0015058049673719598,0.0025514086890947585,0.0015709542614334993,-0.023441473276137437,0.0006048725826202084,0.002671250883530485,-0.00019847894419033896,0.013306471038716294,0.0025133619498118875,-0.01076030816327811,0.01720445860182629,0.007412919745911406,0.017389577885704277,-0.0009612848447998479,0.0073119895639774946,0.0021574531123893514
2023-05-23,-0.016278125089210227,-0.012122401277070205,-0.015138421340795682,-0.01176469647277345,0.005427472323196403,-0.015094390764471388,0.0,0.01593109650593738,-0.025501238957211902,-0.028297269234385136,-0.0033218233839718003,-0.0010955362469911023,0.021717596243087334,-0.03713841454249289,-0.06023433437100356,-0.004525863811445707,-0.0607652148895923,-0.006371054299665335,0.0037591412391722034,-0.024187469482421897,-0.03180667371150303,-0.00159831838803981,0.0006880635278929681,-0.01423157511875428,0.0018434540624401308,-0.02340853528449527,-0.00541719800083551,0.016229363655213547,-0.01752339607536768,-0.0028999169350014675,-0.019959410123388532,0.015445889216121778,-0.0028130933275666292,-0.003054019191645607,-0.012676565896479475,0.019851250147220778,-0.026189895574925237,-0.024878530693884127,0.002878882644965275,-0.010710391407673048,0.009702575109747924,0.0006595615486086892,-0.024153266145179653,-0.004381062810681735,-0.017719838531786047,-0.00017393506729301844,0.01198466885584204,0.0010573744533712848,-0.029497586078837124,0.007975824461404324,0.018467734285394055,-0.013452907934705549,0.006290474924635303,-0.012549577183859406,0.010715987699126739,-0.02970248220206595,0.003229999909672321,0.0,-0.028796235153852323,-0.016337496016744613,-0.011409007927505321,-0.015155077541873951,-0.004489911807526004,-0.012565600025218893,0.0020089849913669244,-0.010020943517981551,-0.02773713670340372,-0.01566515760579079,-0.04725300549836242,0.0011905164707899374,-0.012534765442153484,0.0034472406314522974,-0.011240113841615607,-0.02164305275240641,0.004414853328553514,-0.010364402921616667,-0.01596401538479353,-0.02200602023276821,-0.007674972477353492
2023-05-24,-0.019650455062178107,-0.005244916278750011,-0.00663936812019672,-0.02272742250695947,-0.005205451192816901,-0.0191570528457794,-0.016144486980021577,-0.019179052360521864,-0.026225058394430012,-0.00840265887974756,0.007877548991223948,-0.021932810080147136,-0.014492852632801423,-0.0035681715511535206,-0.0077541385987127676,-0.00719085995224944,-0.004671657631101334,-0.03080854718082282,-0.021188527668210333,-0.004995828827920157,-0.03624359017780021,0.0005335381124693672,-0.002750707442492062,-0.004351591219574402,-0.01022279019227168,0.0037125423559916104,-0.009361804892317194,-0.015575796762933747,-0.014863220690535583,-0.002379187682734707,-0.006385898181816785,-0.02632298491761942,-0.0027215493418798475,-0.006341868418506147,-0.005129484732868783,-0.028168235571650935,-0.00412266310956888,-0.007275185498528569,-0.0049491543829489615,0.0004418733181112966,-0.025276772748509813,-0.0019762674278493986,-0.0043941702310478226,-0.01258032366822559,-0.0783312098060559,0.015305697616548875,-0.010152974788785407,0.011267655287278355,-0.0008089644725728373,-0.00717119202516403,-0.021990723025011594,-0.026794233309261783,-0.004441622938952117,0.014047102063105,-0.012292609545933808,-0.012078465416759832,-0.013093003892233335,-0.01330710238261601,-0.0038972528233015558,-0.00521436589352442,0.004171430799469356,0.0016320816296475638,-0.01913345588219173,-0.009245266454112278,-0.013901260971474705,0.010914392732775058,-0.010157447480983461,0.00552809315262226,-0.0038046914868257176,-0.003171500203279609,-0.018268716413424313,-0.0031229962120407073,-0.012834530185829585,-0.01219059479371487,-0.002930326972436892,-0.004777251265103533,-0.01797846470741682,-0.012035709100552405,-0.020939444321694145
2023-05-25,0.07179824034775284,-0.014690253056261149,-0.004431457772816283,0.0,-0.002713129231424083,0.00390626329728927,0.005791689482882223,0.016166520444484522,-0.006500639391908591,-0.00546771240388666,0.04629478318880498,0.0060268801404606,-0.02941161611088028,-0.0046685583495529315,-0.0006925841359962659,-0.016822458364818882,-0.00408926632697959,0.0004303024518212961,0.0010067948153154038,-0.1203089907119308,-0.0065037381375020464,-0.004266619709885622,-0.0037237614139221664,0.007850655985227162,0.012807300200077476,0.004131679294708368,-0.014089383695176427,0.0002002287042208728,0.009655812316066159,-0.0038427751432293933,-0.004168800851862886,0.015668869914848838,0.0323147733711735,-0.005895237886641924,0.02433290529146248,0.015732822158650572,0.008673406169944498,-0.011745648421773058,-0.0024866746490634917,0.006551821360732735,0.017573932651216984,-0.0023765292145810912,0.008151669832763053,0.0719050390714433,-0.0046767942398980855,-0.01498929336188437,0.07250579999155171,-0.025069569987542062,0.014920205056525582,-0.01594025727910975,-0.011834485036735565,-0.0036873531158705397,-0.013218618413308514,0.01860118880354289,-0.021935281179038202,-0.026648369380830594,0.0759026834891603,0.008233835610923279,0.004449455658675161,0.009706891968150666,0.009323268044690636,0.006692225139244501,0.008499365800728853,0.0040619001749220285,-0.017440801223062463,0.009621394938694294,0.10222422306376444,-0.016937697647525285,-0.0039571673724678735,-0.00397681833460839,0.01826320784356361,-0.011591554521443448,0.00018563727315767942,-0.018830833775631772,-0.0007346284731283292,-0.00415410090017676,0.01708555396928424,0.030402407582230673,0.002793682308159351
2023-05-26,0.04284496651300396,0.005149257073180147,-0.005399788685391149,0.008859158288865299,0.0009716166466735565,0.02140085077716991,0.009596992201616583,-0.004094326980583984,-0.006075791886767101,0.01689460093216355,0.0620600431705256,0.011702226751226119,-0.008080786193245038,0.0065121427848877644,0.0010889789699997099,0.009885799618774893,0.018958970046943247,0.012150508101268498,-0.018909593594576224,0.04236787012276477,0.019369243066766906,0.008034330908486265,0.0012450425371166585,0.04256509681981946,0.016928316798561438,0.00973715733791658,0.001394317056127914,0.007008401540904208,0.002988843961611476,-0.0006650472107637695,0.0048839834354446054,0.01690082350934552,0.01818239230391505,-0.0011968555093317956,0.025550275213980678,0.018825233233762395,0.01006447717640313,0.0009140975261270334,0.00807731571961523,0.016455789295009904,-0.00463355566184076,0.0001320209784800852,0.00956003946821049,0.059506241991334585,0.024015251974619067,0.04443478791610045,0.11516195346476454,0.002876451125913615,0.0014814501814013337,-0.0030369667103440356,0.008383267937030814,0.0022205811818050147,0.0058606863017416355,0.014635525829909346,-0.004612646822918953,0.02588184325375753,0.32423702088130457,0.004646684591898209,0.0007638135577023863,0.06085366227657585,-0.007362334801371273,0.014104858404594856,-0.019066049776714,0.013120540100354905,-0.0024373529977872455,-0.007114843443308483,0.01710542226347611,-0.0019773645085635616,0.011687795871328621,0.002994671712611252,0.0016856066163728478,-0.004437418059133558,-0.004828189667169358,0.020276527812649103,0.008088130371931568,0.002688259613387034,0.0011570875730311236,0.0662075694672748,0.024402039673062426
2023-05-30,0.003748417283969907,0.00010044458223079644,-0.020029243624731463,0.007684073580413564,-0.022131665429804825,-0.00571440528506284,0.010456230193781169,0.005755292253666999,-0.010638908520813173,-0.0012889209799599177,-0.030298665767046873,0.0077112457544643576,-0.015275113315945443,0.0012215687500218841,-0.016018928102421004,-0.011106996589269946,-0.0015417583616170738,-0.009561180524221169,0.0001026089843219058,-0.027869437035829447,0.011559374223644614,0.003187882488173255,0.006637569540332233,0.0015179495710289093,0.006217505449836569,0.006123043322891375,-0.007657659190411614,-0.010538998706570823,-0.011323101528475932,-0.036736229785001795,0.0024301230370631366,-0.0004981358301082706,0.00554079501973237,-0.010731009578660688,0.0045351191635860655,0.01356561810005319,-0.0010640005691696652,-0.007916290159814765,0.00999108232175172,-0.005036674124055174,0.015869657779024493,0.004234508500257528,-0.00504454828013301,0.00438136869558825,0.00509829433903719,0.01290486257498391,-0.011553571432046272,-0.0032268528187838763,0.00819300458814154,-0.0012694881821435633,0.007521740514363717,-0.03298868015321521,0.00615942291741578,0.0076590043007684905,-0.01134552378388698,-0.025377098883749616,-0.03220893008057257,-0.002662865431734329,0.01266888252746945,0.05120080055822518,0.007232745371410498,0.010659652023334631,0.00281687498756944,-0.0041010184931892235,0.007375766569988063,-0.0035178454036275397,0.02811719054640749,0.008660345227171184,0.0075796893354069805,0.006767309756008588,0.0,-0.013053120701435827,-0.014554995790266756,0.04452949027099162,-0.021881732982135804,-0.007673225253279847,0.003933748637288126,-0.009545753614064512,0.01969435395786734
2023-05-31,-0.023943914381688414,-0.007633328068100131,0.005315228371678193,-0.0032681621100575375,0.0035736455534838285,-0.011494191236032014,-0.030103457154696867,-0.024992475752180332,-0.013991271886008683,-0.023340031628152236,-0.0486820633017615,-0.01721764837188633,-0.019648277015931637,-0.011026338756196408,-0.008139973866772454,-0.005377762989767443,-0.00803652727432791,-0.007776531989813651,-0.030856066770807433,-0.025996468484946966,-0.01945623825090903,-0.007415059386917333,0.0032969589047182613,0.006948329584582247,-0.00996629299163776,0.001166220196310297,0.014556357048672197,-0.038384197990494306,0.0006028262943882368,0.01437054108895719,0.015064916569433207,-0.012595829209476439,-0.02248230956151842,0.004074575390379254,-0.005686016294749741,-0.03126801824998393,0.0034862247099187726,-0.0011254029847694857,0.008716865782139482,-0.00397745918869763,-0.011247596744611399,0.000658681608358469,-0.006804547463674648,0.0013902281865803001,0.0014656782941646629,-0.00887721353399118,0.005750896273616135,-0.019784116564579124,-0.011399572840009475,0.007880021121420278,-0.0463653599050593,-0.001782069679215792,-0.018034515707285426,-0.020421217099711675,-0.0051721302787886,-0.008577898212744128,-0.07744461200664221,-0.03344593029803511,0.01288711601187309,-0.015538155107104212,0.0021496068129189805,-0.0002821384579456687,-0.021067387716719232,-0.007152120860366873,0.009701147249769448,-0.016561271326434035,-0.016357811875998385,0.003086466756543782,-0.029728904116927413,0.002174739131837855,0.029146398029161302,0.0038709825481983984,-0.0011361696883269712,0.04766747096739343,-0.03653995493181483,-0.022451862714089943,0.005512086285073936,-0.02463008072924544,-0.014439507840092403
2023-06-01,0.011477970696091466,0.02024223179336304,-0.002606403451940187,0.0032788780149495267,0.0019782152649294726,0.0058140754813427176,0.014549024923096843,0.014134347496490118,-0.010785366346097058,0.01806084939807029,0.01304987815803793,0.015572830588104214,0.001054888992354508,0.0062601157117934125,-0.02249226553140249,0.013493326168579678,0.05143992201423364,0.01978273482935622,0.010007532504847205,-0.039442520252285895,0.01382490300322159,0.014941169244635066,0.002704290419729416,0.0020329264487681797,0.0014094539164788422,0.00817556068751868,-0.011235766006758352,0.025914205668824852,0.009036030213888546,0.0027244399056232105,0.012623706788644995,0.017620428740855898,0.023225040537410147,0.00610206484624265,0.011551995419120775,-0.005061879787965351,-0.026249739722074006,-0.0012289216148351212,0.003923511056199924,-0.001016477121841941,-0.0012639850800097996,0.001914124770369563,-0.00017913123213342264,0.02144616020446244,0.015307491446065136,0.01816217265513176,-0.02229051105477542,0.04990829052333923,0.0022834180385757907,-0.004287512775061786,0.021425611329930927,0.003060513883805571,0.0112891360325853,0.01605596871742465,-0.0006498930304333905,0.015351105352098493,0.04462284434970876,0.018028652605103,0.004985219182751077,0.021338428398448572,0.003924959995613708,0.01602265063684216,-0.00043040627520607444,0.011896874083472175,-0.0289145537755795,-0.0021715210404772423,0.006409404980586064,0.007104728657418402,9.34000089996001e-05,0.003265651506706213,-0.011249932832912313,0.001606657079848084,-0.012701322101116297,-0.0037389737949528046,0.018575815067122692,0.021633492962949807,-0.003126332505411833,0.029044895535244697,0.011384782441541619
2023-06-02,-0.001483195979590235,-0.007307931048297633,0.01612788445531721,0.016339879549437386,0.016189537697378187,0.007706950665298695,0.04110881433515279,0.019252167511844887,0.11295871980644234,0.015072490509432379,0.0011577401056193093,0.029298868226576014,0.008429840141422895,0.01957124829741197,0.04011184193811301,0.02223727319271651,0.016150698505439598,0.026501298820826413,0.029513863168938004,0.03125967218335424,0.04436512778748036,0.003680433709184472,-0.005613194989539272,-1.9341345016909983e-05,0.005629138663385547,0.011680577090728006,0.009265646329955635,0.06090872720980811,0.05074630254796797,0.008966190536503271,0.0020215453276770656,0.024574893889844907,0.006359161631643184,0.010264031261190354,0.007499732234142353,0.001137171091687872,0.02378596393656296,0.020303447563498,-0.010958010654005812,-0.0005087002492376591,0.02299093347597614,-0.002371626804101079,0.016526386401179538,0.022542460731546532,0.0013923370910176036,0.01205508998453797,0.02791294413497236,0.03390425729197033,0.0027337721980487117,0.0053191014711744256,0.046793267619472445,0.006102157452228418,0.0,0.025742337270981297,0.01674528730451219,0.010055503265183452,-0.015057280235336368,0.04684378890489738,0.021174096368392625,-0.001812966573559338,0.006364458215589286,0.004775302892221056,0.01765471643487193,0.014885114163170732,0.017734640385542733,0.017276753068057538,-0.01161838700173623,0.02933022307744415,0.016766399976082313,-0.0035510397474965982,0.010385641224630815,0.008983030937681269,0.03206604441542926,0.006921080965142101,0.022796418734453816,0.02845141429439746,0.01338354599243785,0.001163854585266133,0.02343605424792261
2023-06-05,-0.00668522295527918,0.006429022642578275,0.003894614228126647,0.0,0.0017484724675416174,-0.01529631864767178,-0.011019239390118729,-0.01790365894047541,-0.024627845719881303,-0.02706835861300072,-0.02023986926492105,-0.011039987618124414,0.002089936914310586,-0.0038302587069976024,0.002192186980048305,-0.0012933772883966244,0.010430443365842201,-0.007073863428203264,-0.06419564793539445,-0.025222626313844976,-0.032013323626604695,-0.0005240785629039291,0.00013783155074653664,0.011041897006148993,0.0037986457087797465,0.00558606262644723,0.008314445177841856,-0.020353228712198246,-0.010795425813330706,0.0002692782782518499,-0.0036987428109662712,-0.011750570737565247,-0.01898835067774185,0.0007062919025073722,0.0007050290646506419,-0.013930419153274975,0.0013109354914773164,0.004321609098688173,-0.00186302984697162,-0.0058173576709088515,-0.004948488215810287,-0.0005283552505803701,-0.008855792878555868,-0.005018682461928048,-0.026807554749260665,0.008450728786783213,-0.01194569726828898,0.003042491706892081,0.005566260031401704,0.007306808060397962,-0.01772675185450634,-0.01036138111130025,-0.0021661186201309413,-0.0006210475732820742,-0.0027182919915879067,0.01481104113435161,-0.035726223631488696,0.0004092550997967237,0.009787618177352853,-0.02499570337869561,0.007950467042873832,-0.007571193311321722,0.005641695632025767,-0.002657111407523116,0.01747143276109364,-0.004933570454336067,0.01149374966950023,0.0052345194893994584,-0.010105459378993653,-0.0009897090329648028,0.01630224717894757,-0.00445165726938801,-0.00483709562492507,0.04327413040263739,0.0014857163687409525,0.012698552520584938,-0.008651932500431725,-0.016469781233648728,-0.005679738963705994
2023-06-06,0.001570515919845361,-0.007744998179833984,-0.007319741363025489,0.019292685133128318,-0.018812839307783102,-0.0038836108422776183,0.04642536419826748,0.012094572170830542,-0.0011783565953807917,-0.0276024300684119,-0.0033937758747495383,0.016274217973861527,-0.001042789093734453,0.002503713450710432,0.021577074451839984,0.0023122935064028294,-0.0015402301494475967,0.00343215627475435,-0.00010932874638502899,0.008061945244803193,0.0036788703721259974,-0.000523837205926303,0.001376400025445923,-0.003839848403457302,-0.007966502941307185,0.0007228785025836792,0.006700000795906602,0.05586036374492043,0.011487610011859495,-0.013595221344969266,-0.015693495052641393,0.0031617238642294154,-0.018103389738872266,-0.014278625547862744,-0.0001690842720550867,0.022979498655361308,0.0055288018726353805,-0.017111901266361973,0.005893866610048093,-0.0076068500265957795,0.010982233991451595,-0.0003964759180683508,-0.0026671746217329373,-0.002971067412373851,0.017087538977606842,0.010454888481148839,-0.015330863952713436,0.031007854384845546,-0.004857662917788441,-0.005752754401687432,0.05060830691145379,-0.000255319754141059,0.0008349256204500666,0.009199273974860755,-0.01058200831673739,-0.027173564221410706,0.01912813647680567,0.017182366974919816,0.012420991834444228,0.03220093305568583,-0.008111816350681589,-0.0020603197146289443,-0.0014025676305080559,0.004795542825087429,-0.0029745714279555413,-0.01605822778112076,-0.01528000268488483,-0.010307348289300688,-0.0022270082299824523,0.0005943968349255702,0.0010950424745441723,-0.007345826956781432,0.009721290457493259,-0.00844426333103343,0.01038587372830313,-0.0021495958293963335,-0.002022476086051328,0.015268059805882528,0.01568582995313972
2023-06-07,0.007988523303537942,0.017045215670677738,-0.00457156102953149,0.02103035577415313,-0.08914822058756422,0.009746622811153793,0.01330961613718018,0.022150795805724988,-0.0058704466108232545,0.019637361190673497,-0.007106885903973237,0.002911766128994797,0.02087680217289667,0.0012486951336088126,0.005061336856402088,-0.001245844691376341,-0.009682229750452631,-0.014458999004177464,0.005580464888212067,0.007997586300956261,0.027619367961876584,-0.0020974798803767847,-0.005635540863501265,-0.009743106389312639,-0.0006023537485181363,-0.015559196254890995,0.01860065004065481,0.012622985545138521,0.0062464505648025526,-0.01487459703442251,-0.024515691072967805,0.03564779451806266,0.027867288731444395,-0.007986295818049771,-0.016965504030988954,0.024300652405474965,-0.016205264620289705,-0.003054450958077548,-0.01484365878804228,-0.025280018137806892,0.012297570462437735,-0.00198272033774749,-0.01573362959133351,-0.033657526926444525,0.013485461864363835,-0.04249267220189956,0.0033290342857801303,0.0016343180493265663,-0.021228234702322824,0.014842349689991652,0.012696010101205024,-0.0094508999274866,0.02002000211763666,-0.007021309014877408,-0.005185540424108348,-0.03679693403969886,0.003212749535358217,0.02145076552198666,-0.035883963943764585,-0.010140938391681065,-0.012786907320028962,-0.0077562188411605115,0.0007022687947333406,-0.00532485921466086,0.00013560440014281916,-0.029340968917582866,-0.02758107173818536,-0.009764024946323335,0.0006044743184632217,-0.007724171371410904,0.0052125046942474995,0.007400187453260765,0.008702127805160664,-0.0012634142715761687,0.01908962930116509,0.004487818067179905,-0.007489500682447914,0.011157433121537608,0.00928419452381024
2023-06-08,0.008814405855735341,0.013053496444737078,0.006725407813747086,-0.01956737408167908,0.014974032384577285,-0.0019304066629567407,-0.019264649846411963,-0.017735929592554767,0.0028819810481119923,0.017933599260122834,-0.02594699233341924,-0.007597099815874642,-0.0002151792807351116,0.00721575863528745,-0.001936783219753213,-0.00013928212793135053,0.01667052860553797,0.0013671688980350094,-0.007399387094327414,0.004080463653203692,0.0016933319816876402,0.002627101928980302,0.004976157811890758,0.01733080540530496,-0.002008808874442658,0.012765641503893255,0.0013402857481810138,-0.014848825966178425,0.0062077359582055625,0.012467227453888174,0.011072007671764972,-0.002271938936139306,0.0024675185788596288,0.011048709872066631,0.012413353691722362,-0.049704960262872855,0.012255917728301258,0.01256136059643187,0.011697214209702267,0.006578412984404647,0.00971855736319216,0.00225171836378113,-0.0014491386891453129,0.0495075327320571,0.007262766959808653,0.024911297199049942,0.014596895163172974,-0.011422945154875963,0.005915125597423465,-0.005205497539373383,-0.0055309735374053925,0.0018050463390315574,-0.0008178556297603334,-0.01439036500502755,0.0019546983723377487,0.0012000025862994868,0.006573311775593282,0.006825191348448056,0.010886324095340072,0.010157835018327122,0.006499068811346431,0.015465116440654736,-0.0036490773369043383,0.007216739979310827,-0.0022147703333925683,0.009785091520676525,0.025216885780416476,0.022044564662634825,0.006971594865830877,0.006387180038462059,-0.0016004615951297207,0.003193945685163291,-0.009728245422311432,0.006699740720691905,-0.004322862196657673,-0.008488978955160209,0.0036620566590701564,0.004317792869948267,0.007164265894090249
2023-06-09,-0.0005875396918566533,0.0,-0.0016330004096825057,-0.014705943413196865,-0.015394511913654818,0.0,-0.02232124574515093,-0.012772811093450742,0.015354223135719547,0.0007957693046045655,0.0016841691644904344,0.004969241228131027,0.008611352463652855,-0.0019015786900014042,-0.008247586880215207,0.00013945131673653854,-0.007562939269663338,0.0021005575311578983,-0.01633415019669915,-0.008353405851621365,-0.012120976628362423,0.0015725439364504545,-0.0020628931222488323,-0.005402872477665799,-0.0004027025226808201,-0.005629695903750287,-0.006190328952383806,-0.01804985125332126,-0.005608474470077396,-0.0016419766205096886,-0.004867004784252393,-0.002620723112360279,-0.03373515962464435,0.0013728518277298374,0.0038228539080824575,-0.012421563290528237,0.00048451659588821805,-0.01200201911241805,-0.0013718476478929986,0.0068359652605778365,0.011028659491486348,-0.002511123058058118,0.002086155638225229,0.034097900513237134,0.004293338077805187,-0.006599595129369917,0.0005224106088388414,-0.00924396259469129,-0.0114147982802415,-0.00124607876580618,-0.020763843266402682,-0.008751613022954796,-0.01309535236742021,0.004405212997656616,-0.007640992014810721,-0.0009836340171076596,0.004855869858847006,0.0015643586642024587,0.008295239097676266,0.023721595042547783,-0.0025008969081776744,0.0021597838026650162,0.006338889515526969,0.0013902829807612704,-0.009059455219490364,-0.007506497685003,0.005349005659894823,-0.0032894811603475516,0.007107847923297772,-0.0033716249960297207,0.012375005838840769,-0.003183776874751576,0.006487481713879584,0.004886689978212955,-0.032561474891643405,0.006579010318004785,-0.0009288122418891209,0.0033436406696505383,0.00526915664976646
2023-06-12,0.028577747804168885,0.014665885482019192,0.0011896359564254055,0.0021323190410327264,-0.0015199228993498792,0.02321090996946018,0.0009131406227771421,-0.0065279895375436325,0.021587122394711944,-0.022917150972272538,0.030872434432026585,-0.016571066695116987,-0.02241194098046695,-0.0024368711334075144,0.013403833151791833,0.014589725832907074,0.022500348339847376,0.011842972725204737,0.0065751548382779745,0.01859297919711933,0.019405761673340072,-0.0031398277562164623,0.002067157447129153,0.007133312456500729,0.016512335637949738,0.008533953772118519,0.0015149859603333926,0.007580044550423715,-0.006204172714351919,-0.0021924933432793114,0.011528381614185346,0.003963056023563727,-0.00016348291194101527,-0.0024679094762675158,0.016896830921142136,0.017633643056296222,0.029818787410155423,0.005104124978833058,0.0029433804962335497,0.014698211136650485,0.01765178969986314,0.0014578204941719797,0.013304947068657702,0.045440539389454804,0.02849934146429156,0.025439515368102628,0.06306074783346705,-0.007330721092547843,0.01399585499807654,-0.0042415141202949425,-0.0185534672106481,0.010386952565906604,0.02471397936480413,-0.03521296403198082,0.017365621603785186,0.024492138835821686,0.0339945308467311,0.01210465278716133,0.01479387807328525,0.02543876562973857,-0.0010942012147161506,0.015638683186365077,-0.013857804260732909,0.007261828696525141,-0.006399844280231104,0.009580139002769883,0.017095499855098062,-0.02970121382993207,-0.003024866517434832,0.00218926955325216,0.007727109168137236,-0.002555039018033445,0.004972240949241202,0.0374675639426445,-0.014210917898513808,0.01253453681157124,0.00489174606261944,0.04227792017057075,-0.03328378630422224
2023-06-13,0.01271317587629528,-0.028110135144543413,-0.001485122234251901,0.02446790108780328,0.00587199162141161,0.0037807307928581224,0.025547538179222506,0.004913431472867602,0.0004888714198540978,-0.008619543256056406,0.006227210055119503,0.015763297846952407,-0.00218329836417952,0.004619128811944595,0.00405462581339,0.009754428104278512,0.03446940208234017,0.023046232495934627,0.011293332792446042,0.013485304292446765,0.012143378451552556,0.0,-0.004401566718182481,0.002015602175057918,0.006339017285799553,-0.0026003953038443717,-0.004034232388047121,0.027459079628979532,-0.010215645536915785,-0.0012360503607413698,0.004662415100588735,0.006736024033420218,0.019468467261415823,-0.001978956300164758,0.007684167358183114,0.0010299797988613246,0.0005641345600082559,0.008125128295841888,-0.009880461963199028,0.0034558913286995008,0.03663997667317509,-0.0015880142932434005,-0.0020544091913466955,0.009186071901710058,0.025098590848973812,0.0007111003199982147,-0.004957129638711533,0.012755934210754827,-0.002415448338803361,-0.002756211959299093,0.027777596851182418,-0.011565170000106817,0.0176432102727222,0.02324991386632158,-0.0024154221395698006,-0.02312321149964136,0.016115996672901645,0.022119198843213894,0.00248902087661107,0.018748871396785827,-0.009036127509523872,-0.0026115920098175316,0.0017034108533136028,0.007739600395907598,0.021301201118880453,0.0018613974598507,0.02478346089119121,-0.008976704560996862,-0.005148420434571754,-0.004567217994037143,-0.0032055122323317864,0.0092860773646668,0.006047241079822685,0.026963120811725805,0.0015175428799809598,0.0037139120399902747,0.004206858523640333,0.017631906434693034,0.010663154781099582
2023-06-14,-0.00437254212965521,-0.015134654552744653,0.004908286240755233,0.013499593915015318,-0.007351334585369629,-0.0018833448164153888,-0.0364770044940389,0.027273584723871647,0.02402542744991476,0.03048704302144989,0.018417658671467496,-0.006688987615643516,0.010940751662016801,0.009770665451242166,-0.004807468210068611,-0.019955502405529235,0.0013663823874845438,0.004809214535383521,0.035800132116739825,0.012938282162976877,-0.010621439041735847,-0.001615408664530471,0.0008290362199920853,0.009922911201191376,0.003149624349582769,0.005835207314283997,-0.005569610082817089,-0.024894607225416032,0.0011467661245136984,0.005637864772607637,0.005156397997369222,-0.0035798749733684243,0.02761932203944606,0.00897870769879705,0.007267468263458365,-0.0229391630366782,-0.0017852717180464328,0.014104374664045238,0.008003151975715772,0.0011724456706834196,0.0030080814352901886,-0.00013241475158387583,-0.011904228881252643,0.0011273900414028315,-0.0024951333146485677,-0.001894879884926648,0.041192824841304265,-0.007623525042250723,-0.00449679469557851,0.008040480810256989,-0.02590063443721291,0.0002600659508207315,-0.015269738847446868,0.012693406064778978,-0.008232479902333889,0.0019180718397382446,-0.001427498639917979,-0.017866194520670176,0.0029084461840038767,-0.008277712254410208,0.016051646734676517,0.003491352709610762,-0.006943491471563812,0.0024196998957444205,0.0013063203946894753,-0.0015407265645490664,-0.012301265445214482,0.0212106202305391,0.0032808156337564842,0.0017955235701869743,0.014438830608527242,0.007614176982024157,-0.007832244929403931,-0.010606400387037973,-0.00227286514964653,-0.017355168821703404,0.0011405058676321467,-0.009246681790396782,0.004700883730119676
2023-06-15,-0.007508784871666951,-0.0072002524498294695,0.008881144232062432,0.018442480743360523,0.011544331539929287,0.022641586146707082,0.02014060344905033,0.014565185451580032,0.014368689988371708,0.01470234819608729,-0.0043406171842638175,0.01872027356418493,0.025974101191773125,0.018695257365607842,0.01033791611672985,0.02258308998674985,0.03327547996856817,0.019396396484351763,0.007927463707080307,0.004717390136768751,0.014872611589757057,0.005933374602679065,0.006212044316928456,0.003755615127676304,0.01903466575215762,0.01294004391795811,0.011710694096052965,0.023465138028554433,-0.020045979924580903,0.004512353558296933,0.005471951048718893,0.011890614805190491,0.023852666942655754,0.013866873514415845,0.01191594709799726,-0.002291984971656391,0.01543670316256951,0.007152792730092283,0.009605623081500925,0.004171792761908932,0.004311215810908875,0.003578240012863665,0.01775448560790771,0.02373158073901882,-0.011621218334717187,0.005458016543269828,-0.003103086891519058,0.010020011264310513,0.008918280114902144,0.017447462286613424,0.031213656316194216,0.007278366790022028,-0.004522559471470844,0.014539981604189789,0.018554740068794873,0.009844578531342574,-0.014771315276406516,0.013066925838275623,0.015631570085953506,0.0017017497122704395,0.019475226625295772,0.011198776904757901,0.0009989120159441534,0.011335193874813854,0.027712780267294956,0.010257697957941625,0.007243949553302542,0.003911496811645154,0.0026712400694184346,0.007367085238783266,0.02784487744323827,0.0,0.0009179032213684213,0.004437390730317459,0.013667378331723379,0.015868729173492024,0.010297089857303154,-0.002446596387198463,0.03194174388189297
2023-06-16,-0.008421752043731079,-0.0011750851214324953,0.009976409223890093,0.0352113652433923,-0.0004307842872265377,0.0018449271179243887,0.0027548665244088166,-0.0014129267939910761,0.0010192199406284796,-0.010920367351986204,-0.01685539307838968,-0.012294911806777775,-0.001054860302625138,0.010014152618884609,-0.008032705093218961,0.0015841327660794935,-0.008703724227122844,-0.0038054217041006977,-0.007760069061692465,-0.01603583633020178,-0.007555768718038536,0.0016083500365764447,-0.0021949889493817487,-0.01045001594001238,0.0026959124181422656,-0.002071656190813509,-0.00503249645921966,-0.019992453811443434,-0.003506715462047394,0.0014974721697937898,-0.005952355079292149,0.0022401450045097526,-0.00886218433682806,0.0017768413600205424,-0.006292947582978825,-0.022351862034624026,-0.0003706077895151427,0.004833140970310845,-0.0038833854793105527,0.010495644850119668,-0.001493128561416368,-0.0014522287182345828,-0.004539282361857078,0.00869810959609385,-0.0068543783367994715,-0.012744888197649074,-0.017341546987149847,0.010912814384304914,0.0019515344708320725,0.00955415714230523,-0.008221131465472209,0.0005161408455141014,-0.002920746300679067,-0.008154028243060552,0.010386668139390931,-0.023721801346297533,-0.014670346987497362,-0.0056904540261498715,-0.0030642973231286286,-0.007523628809095517,-0.00022255136054105673,-0.005859939816430404,0.014397657249702212,-0.0029058706042408566,0.00534052757707193,-0.013298516571132457,-0.00811712116705321,0.010372284396015896,-0.003307300800467039,-0.002767257706462023,-0.01106611223748677,0.012909272372129577,-0.005319122094424977,-0.02195778637427881,0.000749109251716007,0.0024711094970037983,-0.005117792214332506,0.008810997272199472,-0.004446830543768598
2023-06-20,-0.0029510455198462626,-0.012404202988871904,-0.009369426687545257,-0.009718213846178436,-0.013571627069028036,-0.022099328215671288,-0.0183149345332001,-0.015508286822469741,0.001227093191437545,-0.009669853442067278,-0.0112327531771792,-0.017400459917813027,-0.014783518674391316,-0.01004263822429019,0.02352264176199803,-0.004699224303581606,0.0034514641719909367,0.00014882560999573968,-0.020714574204950598,0.0023490828260326335,-0.017174242947375684,-0.007494673298990562,0.0013746561348755293,-0.007543278398413178,-0.009986533842579859,-0.01408325580090819,-0.0077559828729987235,-0.007112185510352864,-0.025806324140902448,-0.004213637327877273,-0.0015397801781544818,-0.00691671076685596,-0.014901899238354721,-0.003923698021295663,-0.0014316601414129382,-0.040010178985995126,-0.00519297450573053,-0.005889781760137214,0.006920241816348094,0.002813036579381034,-0.014953256767486822,0.0011898138651089685,-0.008940921439646754,-0.01882145373817845,-0.0020175352948212932,0.002310948445805039,-9.209003107646385e-05,-0.025188269536150387,0.005614091093293583,-0.01140503195322251,0.0056518460001375725,-0.009027657587975857,0.000325547507452173,0.0003734875848622199,-0.0234066037158156,0.0025110065993618758,-0.004744768838048308,-0.010937072945133686,-0.009849727303096634,-0.023312677276501992,0.006458187060958576,0.00048673858671932635,-0.005199507053131547,-0.009159070333570885,-0.004658981310289634,-0.004963134141485415,-0.01403492880762891,-0.0077128831007570176,-0.027051892624024743,0.0023787342374876896,0.0013453384355852638,-0.00746045903331205,-0.0003689073497369355,-0.03488373362631658,0.00074854850710393,-0.011884994414745997,-0.00660451447072774,-0.021339773328178713,-0.0151515425013512
2023-06-21,-0.013355665034393893,0.001940082337937854,0.012904042608439914,-0.007850657805277605,-0.0024022603481104188,-0.018832453527335202,-0.0074626124688250695,0.013912781978702382,-0.012203689261670148,-0.027580582811202237,-0.01644254924264066,-0.006266424004382487,-0.005359036335137679,0.00034387271373392814,0.0016952321871350762,0.001270983166057782,-0.0021724081604390655,0.011408669262578108,0.008202136413233418,0.045627737605585805,-0.024031645481935815,0.002697135560479902,0.0016478277648190875,-0.00015395773780868538,-0.013579085573725003,0.004252220175502863,0.00271868840798839,-0.025636047389674843,0.0018061049566413523,-0.0016380554829693583,0.0008567381175057509,0.00377982493105522,0.018839105492019392,0.0006474535570892836,-0.013627733365352834,-0.011378679406146786,-0.0003728995200780183,0.005924676813568341,0.002419719899932282,0.01028560704255188,0.0028462563379529904,-0.0002644351132881084,-0.005999299035701955,-0.01724771460479657,-0.013512015117803089,-0.00755284590127181,-0.018264291940077504,0.023154406547688966,0.014127897238127796,0.004173005975687705,-0.007118897246563782,-0.00572611703515602,-0.020660536590880185,-0.005478758792729299,0.002267196593497056,0.010987388153510969,-0.032549521565578776,0.009643627969565305,0.0015521462690626375,-0.033884217732155775,0.0055317820806635165,-0.00567532550250216,0.013843711800811453,-0.0034663381789582504,-0.006780723142944978,0.01130291637586689,-0.019438370516447034,-0.005966297047618752,0.008289133303647,-0.0005935249935337117,0.0031144920797343545,-0.005950444146421763,0.014204159829161345,-0.030537517352629884,0.011219136598540347,0.005523817066043657,0.001272600877959329,-0.016561157561288842,-0.01965314502327775
2023-06-22,0.016462908606597493,-0.0013927611256048245,-0.0047771864068375525,-0.005934742245066182,0.0021892069501749933,-0.026871389671796475,-0.031015049230244784,0.001247451027829083,-0.0022438850848548464,-0.005470215957607327,0.006839032487956587,-0.01644957310118278,-0.010775943382770214,0.011516046728409002,-0.00968495401303715,-0.0007252184807443607,0.011157819650899459,-0.023688017247895043,-0.014772006367446577,0.009105575491031637,-0.010964268927815435,-0.02259299582723151,-0.00479787573708057,0.008814188042920224,0.005309824857305578,0.0015826955712145985,-0.012031875155807836,-0.03849876329938273,-0.008413490423990089,0.00820338127905984,0.021914034970736074,0.0006768871534126308,0.01304148355926027,0.010354346455141883,0.011799054215484217,0.0023420157856581802,0.006713964965334052,-0.010012605069156466,-0.012070210223847133,0.005125914335037507,0.003784309720224144,-0.0011888255519010293,-0.00040847664474719103,0.00020938171994044907,0.003613029954566027,0.04261789623803569,-0.00617015199758153,-0.011151139107507202,0.0032580710995095963,-0.009044331494811986,-0.03245278499204729,0.007329810829965311,0.0011627204949475889,-0.0038813147152133576,0.00032316138246746284,0.025278705701880178,0.004587735812596305,-0.005221463121938497,0.0052831781102384845,0.005528748510361892,0.00347666538580782,0.01652524209132511,0.011704123513801568,0.0002108042811661548,0.011539760080029549,0.011493102899907237,-0.004429606294322541,0.002753178511913257,-0.006717804496912394,-0.0031655767816913816,-0.012236138113853934,0.005671163831052484,-0.006911682275622555,0.005735848715321845,-0.00739638563642353,-0.014088129641596003,0.012469018464374315,0.008513663313594932,-0.033381846945383487
2023-06-23,-0.02051519410282776,-0.0320803633330613,-0.0037822047622936283,-0.028855786337026346,-0.004150397953528229,-0.0059171794881944795,-0.009699479678981882,-0.007928587491057515,-0.009815831143384579,-0.009192222534002537,-0.014641473245432302,-0.0065505475472190655,0.005446602623937258,-0.012234539465076577,-0.010634201018760225,-0.029809501677658723,-0.016656720771182187,-0.03204905132907132,-0.017275106472184776,-0.0027764915314625327,-0.01336276003474246,-0.008255380926872169,0.002892834025345792,0.0004578478179597667,-0.015453819381861633,-0.009604345378389945,-0.016981029869176267,-0.006438696132178845,-0.015757592681736043,-0.008678950343128489,-0.009716837488716212,-0.0032977753243109698,-0.012934026064319926,-0.006832096003073884,-0.009913630862233958,-0.0014686292260781553,0.006483912888362031,-0.024888452199915978,0.009969643541650086,0.004745810047412702,-0.007540013514311328,0.00026493133853522366,0.004812253157763902,0.01495040589888097,-0.0009135880696589105,-0.006300361919969633,-0.024073173079553478,-0.012603625500660076,-0.0012318097042819387,-0.016527013011868652,-0.0039000738285580594,-0.002598712975849571,-0.004479803398295568,0.005656223206762512,0.008722353688552342,-0.0120981864125973,-0.021989176938541632,0.004224585231108691,-0.012963394411611762,-0.025515629986348487,-0.016051912684370007,-0.0017113121108387475,-0.0027544154682190847,-0.010327731986023436,-0.011103426728147792,0.005010287426818083,-0.00740084879198788,-0.002361125229904837,-0.0016078504167783558,0.0017866138970374923,0.0033281199557559926,-0.023182980949503773,-0.0032966893297293742,-0.00670121970233728,-0.00894198946956326,-0.025972894382562006,-0.0026187628207121616,-0.024489811392664707,-0.002158130289853011
2023-06-26,0.027412274919494273,-0.010333201725468144,-0.004234494943397005,0.00922140456073417,0.00526423020684641,0.003968267275187509,0.013711963810481453,0.007763404114798034,-0.0012825944858466665,-0.0009124911115439005,0.0026039174680942967,0.007014733130918049,-0.024918687093948177,-0.00313954256503024,0.010076589808794223,0.007997019583216414,0.007998068881210463,-0.0069541560066049835,0.023327719064275776,-0.0018096645795888655,0.033216052757209624,0.013873432638544125,0.0012359802954806653,-0.0019450080281485649,-0.002384277019015779,0.0057604711596217495,0.021811301673154704,0.019441016580199033,0.011699610233811608,0.001778211832411003,-0.023684681296276877,0.02579109206106356,0.02421700768091206,-0.006341902595785154,-0.013405482566907767,0.006685832393070079,-0.00966321389542335,-0.0011185684174631616,0.0010647551896498797,0.011702420386989099,0.012725510912207527,0.0015866041979102352,-0.008494100716242459,-0.010748455689794989,0.002151438564195862,-0.01546431587167707,-0.0006322856595621928,0.025529076964105224,-0.0010091261892754,0.017557078783163593,0.016444692513087222,-0.0046899504993843655,0.016333344295309304,-0.006749234333605525,0.00784624271870804,-0.05787244986417395,-0.0012105791357870377,0.009816252935203051,-0.018174056137307826,0.02821144179376689,-0.006017334859172663,-0.007552989311631175,-0.016434298595464636,-0.0017038420520090192,-0.010479504024604402,-0.007121870846923173,-0.010252142474231674,-0.015302667491856492,-0.004405571708743006,0.001981239283442404,0.005405232108934621,-0.0019243177733225814,0.015802954808622927,-0.031196192691200664,0.018797178600386877,0.02094484796243523,-0.0013238057308202489,0.007892723604864926,0.006488959021364371
2023-06-27,0.04828317715912123,0.0048654936433631946,0.01378405943487837,0.0,0.008073345280978694,0.015810225109732512,0.01835748713566665,0.012631928913870771,0.002006581646587291,-0.012901527689270331,0.020473917613307524,0.00794084474220269,0.03666669196970207,0.005608593191241296,0.004845763941114134,0.0003246586467058332,0.027846531178044254,-0.013326380822681116,0.02031122622014281,0.022801680009550518,0.035516871324001054,0.0005473332594185809,-0.0019204664147086659,0.013202061104148122,0.012945475404609441,0.0119908374738531,0.002732079010438815,0.025824467508785753,0.01217274447362815,0.009559035059848231,0.0072778026391544515,0.010875755139035936,0.07392220040456232,0.007193624505689389,0.017194115901391527,-0.05691709442349402,0.012173625470844884,0.004988128210202447,-0.0026103689132577212,0.019719893661621413,0.05082518942204195,-0.0015840908726817426,0.009068149116060686,0.02035406779686899,0.032413877259296564,0.014529104045574393,0.03258135094527104,0.014411918861399364,-0.0013467465683779656,0.006162202518326998,0.008474641717755027,-0.01675391038916807,0.026566214844044866,0.01786853177566683,-0.02001903954599893,0.0056944171829564905,0.04917744378158484,0.01451861905990004,0.01062907583706263,0.027094290306108215,0.007309588665637801,0.015058974753328958,-0.0011232919675893127,0.010560021371010642,-0.009433359957237375,0.020935977835095487,0.025963000258019342,0.0003356012728910063,-0.006566089316336177,-0.001977321735943116,0.005987429778886666,0.004177295268977366,0.03111436167684034,0.015853451114186345,0.00811780480306079,0.0037957347131696295,0.023185567975868127,0.04057000480247108,0.020650552548144185
2023-06-28,-0.01719520936311114,0.003781504719843287,-0.00947447473323726,-0.013198294370261321,-0.01904762509330382,0.0019455318888337292,0.0009489823261914498,0.0004476545371228102,0.004619275438099368,-0.005706055133668508,0.004192149128181777,-0.004561292445772747,0.002143577921946749,-0.0016301405202892028,-0.014277620681890202,0.0,0.012856276531231003,0.04110166515573943,-0.005929632220862735,-0.00695383872786548,0.0024044152669686625,0.018599676059854353,0.003161106388384516,0.004657014977095475,0.00019663944082481954,-0.003766390119405494,-0.017370462569799683,-0.0013557423235125432,-0.0060130446979522745,-0.009603673206578511,-0.016858756652833873,-0.008467980900830785,0.030673387101638472,-0.013532493216441455,0.0019516699779806856,-0.0204929835359815,-0.005325054229872506,-0.0011140160632920892,0.004264807262857051,-0.002460028832584782,0.0048188553211863105,0.0021153236950015586,0.006186793509093791,-0.013980003865921797,-0.012891182045113192,-0.001083754432466999,-0.0005420771260696844,0.00516636689473704,0.008204042481441132,-0.017883504011533602,0.005729483852323858,-0.004259846686956892,0.01070290062961643,-0.009024731488202264,-0.011835271378477508,0.039239625955937774,-0.008582325795046586,0.003982007057725445,0.006224476572896043,-0.01878282942310394,-0.006499797998083756,0.0063278903982513235,0.007590719211171493,-0.00010542177083738835,-0.0058399184193866915,0.03385592541668192,0.0024475417444249636,0.023414114096488303,-0.012021707467079645,0.003962731738833991,-0.00248994531715796,-0.011199880046144584,-0.0003509077279088002,0.0020418987989703208,0.009516993578500887,-0.0032411948072118557,0.0005734864603339496,-0.02393697611951695,0.011168898884517331
2023-06-29,0.0013883473695155413,-0.006654405337535585,0.0014604888153144646,0.019547575905387804,0.0035305185082741275,0.038834980330688884,0.02274878827530169,0.020240281084920264,-0.01592023982558144,0.01585946487258738,-0.0408529195426065,0.018467049772640243,0.006417100251778773,0.0029325991646909078,0.0023981197262945564,0.003942477677992384,-0.009505314022308142,-0.027981278328824133,0.004260654253380736,-0.014073891255098725,0.018307533317544644,0.009666938658609459,-0.007535337459137925,-0.002083151265674932,0.006683781709130532,0.0014100739814142393,-0.002426356457236656,0.004266213632014182,0.018925384634095543,-0.007619866815947507,0.004724350583685366,0.018029579797573803,0.014745375214196166,0.000980144542146233,-0.0020026076247776636,-0.004817011910171365,0.00489221526498973,0.0007097848320563038,-0.018048416929480893,-0.0034935917369651737,-0.04582589789200364,-0.0026393515225501263,0.0005384855892414109,0.002777597492349848,-0.0022117224728930296,-0.008834406537251538,0.01725365409448454,0.007388363128422393,0.006130900204780021,0.0004986987488173611,0.009615497903177062,0.0013368779417282095,0.008850825737529933,0.03305884259164982,0.014766164067530063,-0.030007694021345177,-0.028300265797690294,0.023921912500467934,0.014149640939990826,0.00442374971049353,0.00044810327943833883,0.0017965650231681618,0.018833611803820594,0.001688926479856745,-0.0006776717660212928,0.01728682690831329,-0.0035751976021827225,0.0012014294902840117,0.009404560886717706,-0.006117960820943069,0.013576863477841705,0.0019542592968240236,0.012811655235041242,-0.005870684150618644,0.010152397572662064,-0.012464919577171218,0.010591161527437443,0.01625640746460677,0.006609467601463859
2023-06-30,0.002149338872534212,0.009640949823231049,0.006561697451456627,0.007063331959569208,0.005057161949860722,0.01869155280297763,-0.0009268969375578751,-0.0078918181701213,0.02225460491828679,-0.002137555948297898,-0.018964603036614736,0.010770321954770123,0.004250889930440982,0.012685373878397854,0.010622019451719256,0.015383810137238552,0.03467042864700409,-0.0058620073877265755,0.0007425265653375757,-0.000765967619831831,0.024767888589059872,-0.0005318392811309858,0.0034513792884247607,0.012582429137303786,0.010349538853669182,0.014386871957863923,0.014940907827849292,0.019308734326242583,0.00838823548843659,0.009131164837304473,0.0003483186764448032,0.005795444314109943,-0.01596817059606148,0.007286996579495497,0.015420160992691834,0.021962206221181058,0.029943784232047577,0.0038506669599505106,0.011794601472144617,0.011617532324360358,0.021407254003159792,0.0010587797220884543,0.013636686572660928,0.010790254334184457,0.02812946495275237,0.019233769000189582,0.0056340054838199816,0.0079719804136682,0.010525115508066785,0.015707088218674725,-0.0015238114290699878,0.01495320553231938,0.01472654098146653,0.0031397747649957175,0.006467284328976586,0.011225425722121374,0.024156318575519364,0.01258914144019907,-0.0023136915077989206,0.008300999396053887,0.012361708432152785,0.023102479603419823,0.024921285331787058,0.011065433071141273,0.0038885544050870635,0.01824559527973424,0.026166146678936464,0.01052552311780941,0.008596809497584124,0.004169800169623539,0.005105789368050395,0.016579993312298313,0.009703609258797874,0.007808717184852432,0.01220370280528238,0.02323252823451627,0.009808310644476181,0.017641647160854035,0.007555301448139318
2023-07-03,0.006434295290337566,0.0020712526777204587,-0.004201366843545329,-0.00901780803529284,0.017501612024349633,0.003669737217626423,0.014842252492014651,0.007623109720385601,0.00240423688800373,0.002792260765183796,0.012517870239958206,0.016455530406352503,0.0063491336723136005,-0.008577471828738026,0.009563423623493827,-0.004822787914873117,-0.025591047210943407,-0.0013162051004875774,0.01240055937918938,0.02766551373312276,0.0014873490226749997,0.0053218614955687915,-0.0028416528173074163,0.00494068483577581,0.0015461218882009131,-0.01941338881957355,0.006504647210760384,0.011744636483405735,0.0291147960042224,0.007814512742735147,-0.008530603681833782,-0.004754715080857008,-0.005084669986230916,0.0020517748134749603,0.0023551039898754844,0.004029351324594588,-0.008918141388483458,0.0009087045879372369,-0.005668741281895873,0.0038732811310500104,0.0034627746510824675,-0.001166020752051078,-0.013541642187890113,-0.007730217089893965,-0.002463718552482397,-0.0010739443770555468,0.010387162833412678,-0.0003163802417341932,-0.010525151782794895,0.0076091267931464035,0.020984363516206805,0.003946370231590501,0.00030886051176159945,0.00746369215345255,-0.002730894280245977,0.007724147056086705,0.026262832659017077,-0.00011960601618266065,-0.0137737643839283,0.008820663705271903,-0.015617355289399226,-0.0077845879951208286,-0.011489634974403029,0.002397253256351206,0.013467231899741972,-0.002665260207606157,0.0037523009039395205,0.0046955443645961825,-0.0027141942786055306,-0.0014880657848380663,0.005438229882511969,0.006395910130275517,-0.00017173553094673721,-0.021743368005637143,0.007092301607643625,-0.003575712172054435,-0.007092302719550081,0.0017964316561511762,0.011069423852096971
2023-07-05,-0.02206637390955979,0.0015765562050946702,0.0011638497880657184,0.0020222531017026757,-0.0034676615674010813,-0.020109660618277903,-0.013710993590663634,-0.016007803460966752,-0.009014030718020094,-0.014380906782745395,-0.02879499474712366,-0.015392838710993395,-0.027339610880816267,-0.006338802413833,-0.04567615061335495,0.004434797774208743,-0.02254850429857791,0.0151826920013991,-0.00910780801938893,-0.013765503237901155,-0.01154346723251276,-0.0015879797108069305,-0.004148834105323407,0.00016638555197334703,0.0015556044926814394,-0.0013745322860925224,0.016156417098770026,-0.011421118658588858,-0.008083306433121384,-0.003945003745172926,0.0003511932835071896,-0.018461547654038735,-0.00038027817950514464,0.005280231257905443,-2.7153488897480038e-05,-0.022882489811537843,-0.0045892608055351225,-0.006959153939133156,-0.00950237008654331,-0.01820891165777505,0.010352337097846886,-0.0013267122967687284,-0.0020635564333486567,0.004225012564970321,-0.022281655264863476,0.0012287180203460757,-0.01663543568122139,-0.001898818257949575,0.0026592561082496857,0.010475210147352199,-0.008221197016938686,0.008385736271063537,-0.008488932114251502,0.007169182010206887,0.014658502264361939,0.04490888825261785,-0.02510177075946285,-0.016260162601625994,-0.014892378455380828,-0.02464837281174881,0.015955114638970036,-0.0058713078836433175,-0.00500063436432896,-0.004887140854298977,0.003866509056986267,0.009209387508220201,-0.01223445071663809,-0.012408955784831144,-0.011188571310980056,-0.005960880650549005,-0.009866971387610612,0.008897380328382276,-0.011156762407521281,9.902615219492539e-05,-0.001408454721517849,0.012648983670475733,-0.0008797116429378748,-0.030843756045412674,-0.011919298255191668
2023-07-06,-0.013215297248517222,-0.003148149176071313,0.0016712644319987202,-0.007063547564702288,0.0008699546202599606,-0.007462613032943488,-0.011121591199772851,-0.002507290877134083,-0.02383039891432448,-0.030110704373069952,-0.01337416609370412,-0.012938054386608555,-0.014054037352941973,-0.003232718885122998,-0.021818355345467833,0.008875548225183882,-0.017516756036422443,0.009451067124723433,0.0030638122699779835,-0.00804454173064717,-0.005839137508754866,0.005832383369512195,-0.006389329882774852,-0.006948514287226204,-0.007765467690695971,4.118767577621085e-05,-0.002510494480127523,-0.0020832601462111855,-0.0005821065814773929,-0.004643651944773564,-0.006319125902014888,-0.007053222258293967,-0.0045414187372941894,0.0001072338016618879,-0.0076158831669781435,0.01621271090784626,-0.011661415400117003,-0.022953652446482065,-0.014143169875183936,-0.014892364198191288,-0.02175090555343251,-0.0022583736672826538,0.0030567946044095518,-0.012252187951099724,-0.020052663866419462,-0.015493205988729275,-0.016081438916021762,0.001902430627960472,-0.017128914343624624,-0.01012537127271318,-0.008289423876678415,-0.0059771191520903155,0.0009340265699944172,0.0033218831946355554,-0.002063836555820764,-0.0751747856532542,-0.015564843778251292,-0.005590740775948788,-0.005280258427045714,-0.016306561764473315,0.004246860461768254,0.002508592158191547,0.0033958116615435685,-0.012330161622683411,-0.012838819834373294,-0.006314336614831495,-0.010536714705076888,-0.0032633639324328723,0.003642137670539114,-0.008394376685752825,-0.018729555282157362,0.014173187847100754,-0.011629832295000031,-0.00975103317629189,-0.014809510860960828,0.007441642883531552,6.284086544083856e-05,-0.009621512328409798,-0.018765348009459948
2023-07-07,-0.005770011386455054,-0.03480818011186315,-0.018205655607718807,0.0020323115717446605,-0.010430200853122296,0.011278232437575975,0.020618602521878637,0.0031838439066760316,-0.008963868228384908,-0.009976054217864072,-0.007608689552363601,0.014746209831047352,0.0021930614459848563,-0.0017730741974635311,0.017984683429772996,-0.013128759816376845,-0.004170206777517449,-0.008796783369701688,0.0033705529755447827,-0.0050600330263348425,0.014013829659218713,0.005798437403925494,-0.0005588524926557481,-0.02292639186708878,-0.0023478168989468085,-0.013435276425497689,-0.015268470148442126,0.03397236366162759,0.016307724958726455,-0.012074359849694516,-0.013071924933551138,0.0064802044227372235,0.010599461815451017,-0.018863912009316586,-0.0033201378166601847,0.0036162129422836475,-0.017104307312911016,-0.0015591676422723744,-0.006019265162581111,0.0021696356942877415,0.01782435232158197,0.0002663187365301578,-0.003047479086779936,0.008269401811981547,-0.004726415089498781,0.011062622017709689,-0.001474139622995696,0.04778482609665913,-0.00933215435429624,-0.0024356085666007443,0.012537871248285981,-0.014901952805861929,0.004043538730381879,0.018209683578894964,-0.012567625005674099,0.00019936067022441328,0.005610413161084349,0.005989016370748335,-0.0019633817922662944,0.006248913370104026,-0.008986525366066811,-0.005891205101572483,0.012454281442322301,0.0020100981033792653,-0.01941854061516468,-0.005329709324541354,-0.013821914344919306,-0.00709394008032449,-0.005951408507128608,0.0,-0.0027530563710455036,-0.013664515720444137,0.004390427253187834,-0.00694791265925776,0.02863269832313109,-0.002462055761195292,0.00019526182384010937,-0.006632392749100657,0.003824937979368448
2023-07-10,0.007093374885986048,0.023666626948439795,-0.0013297289570795012,0.0070994764239069585,0.009881366649191925,0.0,-0.0045913474333105775,0.006736832271891036,0.015890468286350767,-0.0036276472734652065,0.030173080390766716,-0.007938672834937988,-0.002188262451967682,0.009140605221611864,0.056948117216647276,0.025235468833797015,0.0429689970715017,0.03700438630807934,0.010182504915312585,0.009474715577285409,0.03705711806845913,-0.0010480062723140504,0.0034964134043364847,0.0037331078828963804,0.00804067867494207,0.019261209129304735,-0.011245434984334834,0.013215747368256814,0.01948409304369192,0.001388743297658479,0.009128372041893984,0.01642662383936022,0.013001956941922188,0.00666368102774717,0.00032784021468335034,0.013282499448844298,0.019728236422826173,0.03206664009867599,0.001312410347025228,0.0052377958461653495,0.016970616569133234,0.0026621426909376744,0.011867722399486302,0.022832685599132763,0.030975172155418562,-0.020419182854096718,0.036587052617430116,0.0036240768654933753,0.024741803314885846,0.0004883110478914876,0.0007506655705906695,0.004777078124148959,-0.007434910792052052,-0.006851546794992003,-0.00289995659836928,-0.05778191137137567,0.019272947507364746,0.027942900496630063,0.013479097293374265,0.010177675278766785,0.008934515261164178,-0.010855760074508392,-0.0010696731516115499,0.0025340918213558883,0.02780674730364674,-0.001071666212172917,0.033187883113196426,-0.0035726361110238747,-0.0023850148151761674,0.005643568796087628,0.0012884805390105392,-0.009445944348856483,0.0059450384608426,0.01731515816736917,0.009742466459437216,0.02679823461674191,-0.0015952788054749423,0.028963633171691816,0.025492095028406103
2023-07-11,-0.021343538830496223,-0.006179381764862879,0.00022183382337659374,0.03222560841455935,0.004566268644738303,0.026022192795357002,0.01752757608323474,0.02516296795969719,0.02695394638661286,-0.0009708137418924512,0.01792577248347893,0.01437660914102512,0.020833428271733956,0.009143591049800781,0.010925445124608357,0.00945331816900663,0.01862087189170447,0.011711107384426267,0.020575773841413847,0.018012427331198788,0.009798797896902744,0.003147946827092518,0.0020906083654077534,0.004990359048727466,0.014007819378376807,0.006659968161077945,0.015509137149606556,0.011413133341119597,0.0016863192050504683,-0.016782244150242653,-0.015076308490867718,0.011085409208427155,0.008432340092295654,-0.0017363354314766655,0.004940480739471953,0.03256169452355007,0.01295857783480181,0.009684337329651127,0.005140064683235357,0.04731136197782049,-0.0026629064619737575,0.0011945994331927778,-0.05046864686197827,0.016903362602376237,-0.0005234942746928928,0.012978852839820476,0.004921776524480004,0.024074870753879374,0.0031011050665381568,0.01781347721363602,0.01462309185841093,-0.0029054571732227696,0.01139206388540126,0.005612636115403413,0.01534982666518414,0.03166989915598961,0.03085093174791642,0.017964943336404193,0.012940242372306177,-0.0021344590102101435,-8.800707934686347e-05,-0.0028100711877058204,0.016195983318813667,0.007898874581667492,-0.0038711802256309324,0.009283723763427565,-0.010877924544304585,0.005681364851753079,0.005659953969151754,0.0028060339259849965,0.009863900165760553,-0.0022250844962666827,0.008169755616100227,0.009351340279752707,0.0,0.014251451175552488,0.0026700235351322377,0.0,0.01645438720096659
2023-07-12,0.009668756854193106,-0.007933109097180702,-0.004067644186223851,-0.0009756659876645202,-0.006060683484025775,0.021739107554843873,0.01087950508843094,-0.0036683623463198423,0.01011910041825348,0.015468109706296529,0.002987477629969204,-0.002139331712995851,0.019333949044979315,-0.014165432583820303,0.0056346647771601255,-0.0061400370109387925,0.021422450354892097,-0.0012367054541095879,-0.005803841234446883,0.0010846970921822852,0.02189801052360907,0.007845076742996504,0.007927830746181641,0.015784308389914292,-0.02647730579669172,0.0006087228722051474,0.02070256139651372,0.023284816651552687,-0.010662142740084035,0.007194246249751846,0.012245638756060995,-0.005180691774502644,-0.005689180317985265,-0.004402537650810556,0.012630005369535846,0.014450668124575294,0.004684736502357456,0.010490479038480105,0.011131222544740638,-0.005505816458074242,-0.013883922660374526,0.003844857728451556,0.00982546132173856,0.005190781725004312,0.02330456956922733,0.01568569880112225,0.00895639910630397,0.01204806253375068,0.000993750332211718,0.008151618146829964,0.004804164307286252,0.023311286572589074,0.0012342179869231362,-0.010000106141051401,-0.0030235300166714385,0.01743081152849335,0.011745834972620717,0.0011610383727358453,0.01632365614896747,0.015487115257844852,-0.001982894124105683,0.008985494060526511,0.0060589420545236194,0.012016738870501698,0.008130041770725072,-0.004987561437447274,0.003752147299338482,-0.005594437278371833,-0.02421047345029481,0.008395225236860204,0.002730078311097728,-0.003822798265812666,0.017413644537278117,0.011176464604396363,0.013094336131585393,0.0035550174302441118,0.0006500065901824392,0.016633125007884164,0.0137511012114504
2023-07-13,0.027071563273583843,0.001260738094055025,0.0008912602659425506,0.004882885550308247,-0.008492959492985785,0.017730462582664197,0.017040357049014743,-0.003356698897778343,-0.009861209190940246,0.0053831938196649,0.011600546832005065,0.02076898671623373,0.010537427457662618,-0.0003882445089682385,0.007072707493457342,0.009644916614560906,0.027852324622709812,0.009806889778031902,-0.008091071166031027,0.0022347249620544574,0.008039782875342683,0.0025947739843315,0.006071362347407794,0.0008365107750807343,0.0155694777920794,0.0029003619065313124,0.005985090765656009,0.026080862925380144,0.009075425906672097,0.006022323505761928,0.00942897353898986,-0.000524874327427538,0.004204713648933156,0.02380291401302781,0.016978744848981986,-0.007322045370496633,-0.00035872182105955996,0.004548071854475255,0.010512971899992785,-0.0042022738160825135,-0.0030686277790653582,0.0036989153918618456,0.0026872915329065883,0.019552278917776,0.014687802303354536,0.026758409161619312,0.00046064609061091666,0.006968832920901447,0.0015442243987791038,0.0030914968775344054,0.008458907009887051,0.002847543549315601,0.0073972325043834,0.007164748883074834,-0.011332847276574132,0.0048986231160284,0.03959930635914488,-0.005334641066908841,0.015851985480707764,0.03741158709564707,0.0003974351781788066,0.004057501494798332,0.006546312860370662,0.011357774208211824,0.008773529795626622,-0.0015200823924297335,0.029088205095323394,0.010534437841739797,0.0018894425059621245,0.006541128080156611,0.007078896799169732,0.0076751960841052735,-0.008303531236237172,0.013767676724339983,0.0020409405141335046,0.016616072178538666,0.003394735878780475,0.024990991857803957,0.01897318013764382
2023-07-14,0.0006310683327483968,0.0034535793461967224,0.002596820815006007,-0.012633626089269434,-0.003075026258907654,-0.12369324882529842,-0.0079364533563413,-0.004183369291647754,0.0022922355946686235,-0.0063063890940905365,-0.006973609721024565,-0.06550247712482327,-0.002085521458727535,-0.007727047274185939,-0.0011857917279437524,0.010168883306475252,-0.0018500181747140854,-0.03325484901373199,-0.012906630930113905,-0.0006080833641258776,-0.028856728753668293,-0.006728753487717398,-0.004663501946041371,0.015321683346230186,-0.0223170651575757,0.0038019900671306672,-0.005784269899065775,-0.029000457554581582,-0.021922331257157368,0.006264926602395304,0.010045817376853172,-0.004523734768130172,0.0011395221390528842,0.0036260619212988843,-0.00021100936894657973,0.009119563909491424,0.0008970561188021975,9.85851393415782e-05,-0.005888623888693267,0.004755889515691614,-0.03422052155193467,-0.003947854782120341,0.0010166444772072847,-0.00473633635221038,-0.031774832678761245,0.002829408900884234,-0.001999248216944638,-0.009515495915452865,0.031277491656820366,-0.0037931008082064954,-0.016046626597725933,0.03304075177695065,-0.019427985660441016,-0.013061206152766958,-0.0029060430927773107,-0.009592577334512797,-0.029371405288282082,-0.0012824637973900543,-0.005499436619540998,-0.004548472340804466,0.00966452740587509,0.0007871955574676459,0.001560838523865904,-0.0027564919064071436,-0.001010321330283226,0.0006582545476570001,0.005135530936238419,0.01588275207547407,0.025955293738652685,-0.005907638555584738,0.0018024014398749788,0.00476031505268093,-0.0056390621322705,-0.015110885984620959,-0.026476536490643743,0.0027379093027939394,-0.0025480275854125045,-0.008156439376468372,-0.018619901394343663
2023-07-17,0.019335821408498433,-0.0019001139827689029,-0.0043664773655121,-0.014763894198961403,-0.009914022855509241,-0.02186885845953246,0.013333365808117614,0.0004364206199904963,0.00862227267348703,0.01899908051883803,0.016854089682931006,-0.010113817596974606,-0.008359460302929667,-0.0010005378949630162,-0.02273772023369547,0.018521055998680813,0.009485336956047918,0.029071514713854052,-0.007845030146718224,0.00811302088115351,0.000743698225672329,0.0072953669670325905,0.0011025303864979907,0.01145027376227592,0.008535223853132212,0.01472722614019828,-0.011801877227750723,0.01440634583211664,0.0022988623830773047,-0.004703817843731528,-0.0003489872148736417,0.003286511637684786,0.014585588545964479,-0.013707885208138149,0.00933860472966419,0.010831215127422356,-0.011919683062673658,-0.0066923357170251,0.0004936254319014566,0.018066711425781312,-0.00018744509757406824,0.0007923895074126719,-0.006093387558987917,0.013926893677811636,0.022868036308566042,-0.008315972513331604,0.02449986385915559,0.008733597731764187,0.0010679034042384572,-0.005711614234430562,0.012231162852955002,0.01649175012150894,-0.001559977791321221,-0.009807333169350674,-0.011010306168376727,0.038257734620346096,0.017494201450741542,0.022180571989298237,0.012995126194838447,0.006853850322401156,0.005157571346979362,0.01730557098867913,0.04688316174298501,0.002559371162893287,0.0018027533593241163,0.02315161749960426,0.015369265032052493,-0.004728064936234233,-0.005175742570673214,0.001188481951465148,0.009415275335290296,-0.0015792325530280538,0.007389558153579445,0.02398517683814272,0.004881343228418267,0.0014064838401108837,-0.002302908835261852,0.027942246390399328,0.011933365316070699
2023-07-18,-0.006804277452247431,-0.00800998749151971,-0.004756755570154314,0.016983250478664447,-0.0017801741977401253,-0.0020324197409972156,0.021929815641304362,0.026120640578203513,0.004508876893638325,0.00646304084423055,-0.0033764175696251453,0.01745406679474848,-0.011591116211179031,-0.005617496353764295,0.011586652664371755,0.009327339442380067,-0.026298711036856104,0.02756000733336661,0.011070108488690611,-0.0015424567540581746,0.011825154426769346,0.015002565488238861,0.001239009357056453,0.001139477368726105,0.008462830146289457,0.00011910505059264942,-0.008242123578160232,0.049186124246990426,0.013761538415467012,0.0022239100474306106,-0.012916768487365005,0.0006067019131588136,0.02849093557240523,-0.006356755336043518,0.008180659546876301,0.029384705260209865,0.015056737498975403,-0.0016842555986246177,0.00453914658726462,0.0055005978715234605,0.027376692937266744,0.0005283591972669033,0.00069671451139941,0.01959766373323757,0.0007130406647262166,-0.005465676406731013,-0.007601585014284762,0.011255587107546372,-0.002453549528274035,-0.011967475065334354,0.022702376613918718,-0.004916439563399044,-0.012500055054562753,0.029474783591853182,0.00982315743507467,0.025009107368184402,0.018587200317095487,0.021242687421371143,0.001569401042303964,-0.004376077148774193,-0.004304865794888979,-0.0013403546175797532,0.0028532121579125658,0.00561633925649585,0.020760188985752492,0.027892793288205153,-0.0014318691704298114,0.009716740381616518,0.00024308034973841153,0.0017808587046830304,0.01039701217170741,-0.0015818589856697596,-0.008017633371601218,0.029065932006718143,0.011797277063433365,0.009584440543712214,0.0077015433452942705,0.007742075509845625,0.015610371583366422
2023-07-19,-0.01889109382852938,0.002607094129325249,0.010829079358753546,0.024557899873543176,0.022960153437676434,0.034623114518439246,0.019742362003972502,0.03751919241591084,0.01320636230750627,0.016306624406737802,0.00030809483576810237,0.13361222066409661,0.017057515589791183,-0.00713809926109954,-0.008867514991447667,0.006061815087619937,-0.05002498139089484,-0.014873768697635792,0.025234703155498472,0.013164907246079771,0.016604340985708843,0.0,0.0023369710027418833,0.0009392906730427697,0.023223937710296738,0.000655123559559101,0.013907697400581842,0.017167267353320526,-0.0005658878009731083,0.015395426785903998,0.01237843982994602,0.0016167004259250994,0.002536839895671106,0.009812762176602874,-0.0002332297914967585,0.012772207974795391,0.006344352437399836,0.010619295082683555,0.011296506878615942,-0.010029361864634878,0.00018248441989654474,0.0007914549041483365,-0.002088616877284566,-0.009507163715462341,-0.0036131472272409315,0.019046892602732513,-0.002280182644458173,0.004565872382378711,-0.014009252037870734,0.00557168947767539,0.02040813433459987,0.010375543191505132,0.022310179628497906,-0.0498434208043913,0.01977952682663564,0.014139597022343242,-0.0019767851108536405,-0.004585264753596663,-0.0009538042704234639,0.012697311017948909,-0.0033626372659528725,0.0070718164569105735,-0.0072983333578149345,0.0012183804927639041,-0.0022358143852850842,-0.004848483456137975,-0.006554921826913862,-0.003581943457371728,0.0025278654950380286,0.003752432054248578,0.01581680279397557,0.010456244154684713,0.002407422759734601,0.02750772360633036,0.004115476858221001,0.009166100032701463,0.0050603517288934086,-0.015706353103488224,0.01303149963575212
2023-07-20,-0.05459190409548198,-0.007909286451470154,-0.0035464945371833645,0.0038351069926430004,0.014382405925555508,0.003936917005252338,-0.0016835296105783826,-0.01628850846140928,-0.022150583077893526,0.02205697800652584,-0.004156456852186019,-0.02091523391176331,-0.001048225973768524,0.02377382135154682,-0.010344837905011173,-0.0010532324457523945,-0.03383150444325733,-0.018897354102883956,0.002440866618372617,0.0070272976950973565,-0.04343998110492475,-0.007645274621740916,-0.004663501946041371,0.005143415523790162,-0.0011443537478963428,0.005991470536111709,0.015891629731931145,-0.016390797030029547,-0.011318557600578871,0.009151593215474207,0.0057642241232260805,-0.01351795605671191,0.007995922375681364,0.01632147615948365,-0.023051976650401484,-0.006683886645254211,-0.003729511331789559,-0.009329355544048457,-0.012141571762202541,-0.0024340183577261643,0.03229927887602302,-0.0015821012250037958,-0.0065577246567440906,-0.019519279095785436,-0.031360128172805535,-0.03989357175040831,-0.014455748179800332,-0.015340956918974191,-0.010737504300843748,0.01204511543168274,0.026666702738487258,0.013447413607369674,-0.011917666895095769,0.019153440142102074,0.01764706809895511,-0.02236184717902301,-0.03672110527447925,-0.002022043136669649,-0.020730996309233585,-0.029737915602667697,0.011612041896194025,-0.010097343978276108,0.015576302185161373,-0.006693618801324019,0.00508502980019343,0.006325833715613571,-0.015258411164230656,0.005526240710826524,0.014449777397489205,-0.0055094510981812395,-0.004804453854132529,0.016933351523774176,-0.0192142550904546,-0.0434529257462164,0.00546425885895796,0.0043791672287101235,-0.0021548284782797467,-0.0263638062826822,-0.0084108873520502
2023-07-21,0.01760684345546748,0.0074262029002252206,0.016905276600806207,0.0009550627662964217,-0.004725983157178204,-0.011764642528453217,-0.00674511921208254,0.018432673834263058,0.0028806529767786415,0.013900344100147066,0.014840222361482747,-0.010429692445111716,-0.0031479777133094355,0.006376351490171128,0.009322980955569049,0.002572909409986668,0.01927552213375039,-0.0068010082435636665,0.00040579307322841096,-0.002172393584758847,0.006304534236174275,0.002568243288677774,0.0006894548218128183,0.0016158412958577895,0.004964754663534965,0.0006703488095036736,0.013666966336330244,-0.028873022307779106,0.005724128621382718,0.0013534046290299973,0.00903085492411293,-0.00458121857729632,-0.009714854330416522,0.0045429546718447344,-0.002999311552645878,0.11305781563260187,-0.0015151187294389912,0.019230934928824883,0.00029499777985808606,-0.011078822754835294,0.018384318917054943,0.000792526082831424,0.001357601346129389,0.006481147566729684,0.012180382709115811,0.00030773533446226686,0.00946717804993824,0.02221567805332625,-0.000767456370209918,0.01285426936211942,-0.03520166904017086,0.003377548542136788,0.00187962392268326,-0.0010773869398849056,0.0021871486482765157,0.018934579604903856,0.0030054357027347045,-0.010356999007318457,0.013440059845053254,0.033134586314989445,0.014077811262705575,-0.006161611064734784,0.009447768858128258,0.0005105314751159273,0.006817437434345708,-0.00019529640530857595,0.017044295986648805,0.009871388222217226,0.002485575491118608,0.0017808587046830304,-0.001861246435301278,0.004625270654023295,-0.002798770511879267,0.011344982404214665,0.0033969458147442566,-0.003552598527126971,0.03694007561621149,0.024761855047697567,-0.0045738756329464225
2023-07-24,0.014296309130280793,0.0009395453306362267,0.00014566298406260003,0.013358630580575737,0.001726585505365863,0.015872964308648818,0.028013414733537134,0.014060134942917468,-0.006710823229538532,0.002586778353797614,-0.0025896614057920875,0.010539617413220626,0.03473686677046639,-0.005736600866924513,0.0030789552771115503,0.007614842878562067,-0.0010670342851250014,-0.03873644082713967,-0.006693652536492123,-0.005080188924276086,-0.012628059861297669,0.0051227753344966764,-0.0016526561479968116,0.010881100206440841,0.009120271565989269,0.006207971118730837,-0.006660117482097272,-0.0011893722113784921,-0.007968107955880877,0.004595948100994951,0.004819321882062688,0.006410435490629807,-0.012750522410916232,0.003996596766858707,0.00159731804748664,0.006672739782032755,0.005980538798666002,-0.0003892664228043463,-0.0036371777956929474,0.0021338493671865244,-0.026905037678163768,-0.0007918984826289499,-0.009397350667881277,0.006977692595766305,0.002135728547881355,-0.009230745755709147,0.0053971600375966045,0.011572219781242898,-0.016348451544303644,0.0065805004401489064,0.015232098554549989,-0.043520109801644,0.01594763059548132,-0.0039545250018493405,-0.010756078331937258,-0.018508943304982872,-0.004731195886715889,0.008986333749970932,-0.0167663193971892,-0.004971069423043151,0.00021354856416055945,0.0042200271819090585,-0.013127404165687806,0.0035717356134084,0.0025550827120326414,0.0021869620374692644,-0.006546966704663926,0.009404948325296703,-0.005959980828779687,-0.001382510272400106,0.009789535237585634,-0.0067525688165022135,-0.001578555841809104,-0.011310445880172826,0.01692613131548959,0.01490955458869414,-0.008450449932808524,0.0007821753563421741,0.008270748381409954
2023-07-25,0.012359690676247093,-0.024151633362477387,-0.030983527860823923,-0.0197738453453683,-0.003016540597605144,0.00390626329728927,-0.011560710744740965,0.007159352328139024,0.004547912411288824,-0.006892386102155368,0.0030543630723149917,-0.015455996447451215,-0.00406920686490142,0.0032293068040845085,0.012370821016307598,0.004091922744089427,-0.014450594866824207,0.005927617232910132,-0.00020413947744768457,0.0074270231732229686,-0.0038335823264099567,-0.010703372237802156,-0.0011037096095058985,0.002234172709593807,0.009226038204194875,0.011516505603078153,-0.002453017939818003,-0.005272896270750671,0.0022948440608823173,0.0010765099827785285,-0.005138732983415384,0.00028585581699269724,0.015174745527662514,0.002304645237997782,0.006777734323734741,-0.011444048929442618,-0.0016857407582553385,0.001362370253933376,-0.0018743649626086212,0.00499068409696668,-0.032821978371633254,-0.0005279437860283842,-0.003917354107526472,0.002825261606711482,0.017102307915542347,0.002562125956798944,0.018190226607060378,-0.0027899451891265636,0.005800297091085982,0.004436168497044424,-0.02198172061774717,-0.006787342032403276,-0.020314112863339395,-0.0026467238381600033,0.005200154992366368,-0.013843184121804852,0.012517986312735818,-0.02694458355378626,0.008036964041552075,0.00781611226266854,0.011786872942568527,0.004513657473547372,0.0020938391342961715,0.003254095297920312,-0.00046724850664370265,-0.008066010228377718,-0.012351352980301988,0.0009424189854139176,0.00489250418843068,-0.001186937241784869,0.000750430426036397,-0.0012361321929583724,0.005446245254897342,-0.003375619975514721,-0.006657808592876013,-0.0018363485300931792,-0.001615735963204079,0.018151774512011443,-0.010937253069507213
2023-07-26,-0.007425178537738053,-0.018719239407698596,-0.00774892857839482,0.006724280190143039,-0.0017290042712190257,0.0038910637776672363,0.016708450191470492,0.015368390371407026,-0.008217272508590945,0.018334257914548013,0.02588291260037412,0.019144617030130373,0.024514765174513897,-0.00030053508179495037,0.006339647893277789,0.05393381075919135,0.02321307615777335,0.007650137889884556,0.0036764223943173135,-0.0012506743265949805,0.015559176443502798,0.02060785015620059,0.003314211847340376,0.0017338785110367905,-0.007089573486703471,0.0001355374315747948,0.005246010567414139,0.07387127761767531,-0.0028621567695610306,-0.009811977326616761,0.0015495236751612573,0.008612895071995252,0.06419309244122262,0.0012543150731088026,-0.003326358158096343,0.008768403525305724,0.00862134554469618,-0.011562458389080987,0.0009881720639521863,-0.005164528806205548,0.006455154301757027,0.002906612632572081,-0.0009949864874956305,-0.020539152759948665,-0.021159151163196666,-0.007589335934878205,-0.02712450095471397,-0.005876000465085296,-0.006543155704463843,0.0041840628909946,0.01783793938850553,-0.009364691156747429,0.006283375210425435,0.03160440824993649,-0.01551970001972236,-0.004746823185716731,-0.0029735127412452433,-0.01969649154366493,-0.00034666562571772364,-0.008395200598958374,0.0003797760302586273,0.004544983572093875,0.008849553158608359,0.001317630812570414,-0.00042499542169760485,0.0010214610069090302,-0.01817108017232716,0.03937866492237774,0.0023867750237609453,0.004950608246407029,-0.014704390094872344,0.0068069530542458345,0.003844041617104832,0.027661426454462568,0.0020107684113672697,0.02183663546297776,-0.0010314914489470972,-0.022093343962193868,-0.004775004023354401
2023-07-27,0.05121550969159361,-0.009274237342424607,-0.011903775839831487,-0.014312782072309016,-0.003247497946355704,-0.017441817023717054,-0.01396874693126604,-0.01341009975797447,-0.02171621391035583,-0.017785431651094252,0.05476412133873265,-0.008515897432075925,-0.03190430456885063,-0.08878201482249826,-0.012599276899376122,-0.010140004101403255,0.13376486873221172,-0.00035912241377855647,-0.006308497392896628,-0.003163486067718546,-0.021854183157311247,-0.003028585593101485,-0.008533049907947565,-0.007665473958737734,-0.004133704202869515,-0.02317430317093483,-0.024461894263890782,-0.024522343029544036,0.006314645809395003,-0.017781858149210406,-0.010486450315550289,0.004087657213247109,-0.020487203646132768,-0.01602313360784302,-0.0023842276140007,-0.028576290519292114,0.0,-0.009338526247905765,-0.019452502941925576,-0.0026621889949043354,-0.02400588932778136,-0.0034253233668236627,-0.006592738657716146,-0.0011272317629071882,0.020520239263668527,0.0007803832093540297,0.00049258159610166,-0.02448632654017846,-0.013172586303371925,-0.028703803304178543,0.0014019616214284714,0.009708765305084244,-0.018420139072926722,0.015551730117311813,-0.0019108110404872924,-0.005381563265514533,0.0028254230018072146,0.008746072621866219,0.0076287594569779404,0.014755713230397705,-0.023416733774628717,-0.006581054177191903,-0.029361581374716672,-0.00627602522877746,0.0035711568765961488,-0.02130919651054064,0.0040177259174334345,-0.0004528028137903428,-0.006952635275347063,-0.009852273615116425,-0.008017646740718254,0.037492229522626985,-0.040034797329002614,-0.01496912024785102,-0.0040133892653970715,-0.005479447465639553,-0.005386298666160139,-0.03506615700156779,-0.014225530081568794
2023-07-28,0.03961928765230627,0.009284989391022291,0.0007672581578721527,0.006776147909716368,0.00456130996965709,0.0,0.014166637099779944,0.027135082853330994,0.019447043708909373,0.005454478539802743,0.001829125596198189,0.011241675350980085,0.004119496110459142,-0.014840971001851666,0.00767469461616388,-0.001076196484069314,-0.008850026429928826,0.02268177903061619,0.02805660884959993,0.007867784736570238,-0.0008349197011493503,-0.010126661497966927,0.003470552778565672,0.0026521723491441662,-0.017169896117863015,-0.0037855569551189516,0.0055165395645928594,0.023343243172404993,0.03707945894957154,0.037037057784178096,0.010250176138141276,0.008706076863546741,0.037512303622763365,0.009441481895298587,0.018214661234146057,0.018889967973410027,0.009957757602844675,0.004663705468678003,0.005135490177589519,0.011678344536009577,0.0170859909142016,0.002511412455916906,-0.005585990321869239,0.028990068026112148,0.015195672801611382,0.030877245332297854,0.007005862734667634,0.02192748840564418,0.002375555213210978,-0.0061961562061864095,0.009800648591748118,0.06895238974081974,-0.0028625486266490308,0.0016120727225699127,0.006541158988766949,0.04711513288906377,0.015965018959697375,-0.00011732172439604671,0.009223013687120751,0.028843821398788272,0.0030243778067942095,0.013507955160731333,-0.030375344268000704,0.010492003683493012,0.0013558059248286458,0.008300172158699493,-0.002809656962405649,0.0038255323691906984,0.04991867310653464,0.005372902061568263,-0.007551625722916455,0.00473918280366914,-0.01269249586746335,0.0038107972494183517,0.008070003342618648,-0.0041715491614892075,0.002463304586176829,0.015277472221827182,0.08265725242517963
2023-07-31,-0.002237641787986022,0.018700717300553782,-0.010120982276781265,0.012499898560629275,-0.00929723704296892,-0.003944682153435797,0.005751770751482477,-0.007784430681741172,0.001508115507210972,-0.006458178511789758,0.0026684814476565233,0.0007493375552518611,-0.0133331433659174,0.010664706445817629,0.0,-0.013367432134068324,-0.010500076753428234,-0.019519291086850132,-0.0021912422004765064,0.012398316448301694,0.029346878114311803,0.0025576723879967567,0.001798003031189488,-0.0047042880759325945,-0.0009598656469350653,-0.001193739282849493,-0.0029924747189308265,0.0,0.012101094784801258,-0.012126956875148975,-0.011349954085871916,0.005394452180629727,-0.018943339898131795,-0.014975382155944406,0.0005218090866099256,-0.015268072801467025,0.00026171940904995417,0.003160333870539267,0.0024049244132264835,0.008839025619666874,0.0025845155820212184,0.0011867879438569595,0.012819229990437275,0.03271122951328587,0.005594143743870461,0.011118568090654923,-0.0012669100541939926,0.010446089840640882,-0.0024828035118805714,0.003836862199228408,0.008665322486860694,-0.020949185558275518,0.041290195752273995,0.0039085801484359806,0.009985751570637635,0.010636584781578362,0.0033891169425404044,0.009257348686474876,-0.005592356931816922,0.020775435285199206,-0.0138696819029418,0.0031660104624637864,0.005695801807700462,0.0019153465380419288,-0.009392182779140001,0.0064933180349722175,-0.0009819457860917868,-0.0023067098075366665,0.013747320699408982,0.0015835845682476979,-0.003863831890129954,0.0026535343641802545,0.006244200195397509,0.008564843071831696,0.009497960642186554,-0.008299140904033164,0.0013201165530483117,0.005609560936731706,-0.027841281962032394
2023-08-01,0.006860621671871403,-0.003294032497114685,-0.0007747686807576537,-0.029439467952523835,-0.00698393917137019,0.0019800998552654825,0.0,-0.0003432110370283903,0.007080000751390481,-0.02197394962163668,-0.00882480744348535,0.0012482358521064274,-0.015592631862267115,0.0060096507378883945,0.0014680588157724994,0.004286987521119778,-0.0033608179153173934,-0.03249739530744589,-0.007885764953909247,-0.008423527741423409,-0.17271719917675077,-0.003571410422417931,-0.006188708174507229,-0.00927463334730283,0.011913972964996411,0.0034060740442725113,-0.007837325423572628,-0.027969717812630468,-0.0005433348139850525,0.002967798760103557,0.003826707246179506,-0.0037756679054624653,-0.0163531537344781,-0.00341413167197957,-0.0023197427858491215,-0.025880173144032792,-0.005669968819816962,-0.0030520033050572826,-0.016387336180079926,-0.0075193483517435045,-0.019333511788018343,-0.002138977056692748,0.0021331975994303143,0.005364616817953527,-0.0002505032409804153,-0.014886223394710907,0.023757935453107004,-0.0005589717449892007,0.0050910391599672256,-0.009316786677445954,-0.009965595233116575,-0.03094774565783054,-0.00015477283847886714,0.016718083005431872,-0.0004708504930849289,-0.02233352717867476,0.01228321848351488,0.0034830179926954585,0.0048007472735942525,-0.0006808495377413903,0.0012229721926977355,-0.0042757387673610925,-0.007594249871733738,-0.006942359738206005,-0.008669712296386689,-0.01788966338485054,-0.0016238179263421415,0.004372756752652807,-0.007163401172115447,-0.0067814900199361094,0.02422859775517816,0.003528304101006352,0.01204591730280824,-0.007115001185821868,-0.011424682681857479,0.0027096795691905484,-0.0008112312126853372,-0.015140889858932916,-0.017605087470155323
2023-08-02,-0.03472438051856008,0.008392164381984424,0.003643475244603067,0.020547872175842308,0.015604505241953559,-0.01185764273782397,-0.014705696224056708,0.005003219859763375,-0.011961904621618724,-0.00495061056070667,-0.036602280200611625,-0.0011219190110464128,-0.004223956949677921,0.002634023236994798,-0.03646691567014093,-0.003866040100950041,-0.02448091269778241,-0.010790841110768778,-0.019619721029141335,-0.010912881018536935,-0.05346002334486277,-0.0076806893836701695,-0.0032040831762062405,-0.005616897269286936,-0.0015191922639125055,-0.008317585160826924,0.003529431430577379,-0.009260860304059704,-0.013050637828580403,0.013449908731477223,-0.0013862072019845684,-0.011330095668011797,-0.009815216894686896,0.007975630492341068,-0.021944006148207573,0.020105317786752286,-0.019475325952002076,0.008591746093072894,-0.01069879954337094,-0.030107334261587293,-0.011077735095409325,-0.0005292348745704611,-0.01660361005215849,-0.034237823035609405,-0.03519147306072168,-0.026425663778747666,-0.030108692371767498,-0.005870847237277599,-0.004614993804766487,0.0007234080295357437,-0.015272422111508033,-0.012475049330276988,-0.002788632236177757,0.002477969274470526,0.031245120448664565,-0.0376652056351221,-0.05794022424945011,-0.004165191853475525,-0.018838267765460603,-0.02127494655019091,0.013960428752628262,-0.015490117326620867,0.003372201673581987,-0.0165147078892548,-0.007366772585292614,-0.005964375355733242,-0.02093052813186913,-0.0008005666145414203,0.16994155406642086,-0.003193973289763785,-0.010371336208757853,0.009669004767135059,-0.010279500272222242,-0.03458157938975703,-0.016315379792463225,-0.011286784199038502,-0.0030243775322916777,-0.030836960427371607,-0.021141345126868938
2023-08-03,0.0032578666574341053,-0.014030039743875289,-0.006256195472069015,0.001917655924263073,-0.012551466165088954,-0.01799995331135018,0.01243775312302664,0.018437837098292276,0.019514154314670407,-0.048258765099287504,0.014815820606095764,0.00848613915477725,-0.01802746831197055,0.002955610973670364,0.0042791571386038285,0.002587428069265041,-0.003157331740283653,0.01652324307494024,0.008004959838465053,-0.005219300230888013,0.03483313028354962,0.0067081699919069315,-0.006149773507066247,0.00966792278323858,0.010840694659559169,-0.005304771754320203,-0.02227430721529411,0.014021070585629403,-0.07382928772684039,-0.0007961576142470062,0.00607319916075344,0.0036314986768026802,0.010916035514108247,-0.00631941129077096,-0.0016026908348643065,-0.008739971091718535,0.0073363679877338495,0.0019582889231797296,-0.023071357929554948,-0.009985064587109904,-0.009682899929051136,-0.0005296260986245027,0.0011545602575837588,-0.012332600750307732,-0.0050400557766834275,0.005459768439170398,-0.00820368075229938,0.0025310173245947087,0.009951342874375824,-0.02409633805595346,0.003877321620324725,-0.007579662402198983,0.011185328158223484,0.022806373050659134,-0.01065768795660349,0.13590192288425507,0.0038640293003651127,-0.013709784723810348,-0.0021565047554348293,-0.08176702970513128,-0.008691200442097924,-0.007321750512588321,0.00038778848964104995,-0.002369428090285397,0.0012585828817697209,-0.007013862958146544,-0.000655806381354318,0.015876145345841808,0.03669215426364869,-0.005607680810059135,0.007712827585592219,-0.015380184766392024,-0.0009111954101130859,0.01814956974045301,0.01727700378532049,0.0022509963111740916,-0.00038690569120269913,-0.0022263659990048312,-0.012739272985280214
2023-08-04,-0.014545673672836212,0.004369798049428164,-0.006917529553601698,0.013397183286352643,-0.010519256976197933,0.022403115817844155,-0.0016381149533941652,-0.008355796300659302,-0.015104134877522823,-0.023482962124746987,0.010552110550227756,-0.006929657806342693,0.012958999800000814,-0.0048177897199290776,-0.01354040959151337,-0.009032399522256096,-0.013106126913931537,-0.023776981206405923,0.003054272350175191,-0.0023909184621103696,0.007453418503728937,0.002050061984697482,0.008297242058799226,-0.010131281359228361,-0.009783635381330202,-0.013724668455418532,-0.018499505281006967,0.007571964158519906,-0.013087388994757587,-0.018196360124997257,-0.049499809495411884,-0.009247204025745859,-0.01435692792710952,-0.013467137950777364,-0.004681791154670711,0.022723215652217688,0.0,-0.01612430756333738,0.017712139945639027,-0.024494046821397997,0.004026056079121654,0.003311917194185998,-0.01451016803313998,0.005956917403036721,-0.01639775573508173,0.08269337801006271,-0.0037624804979027315,-0.0036468478781847002,-0.010749066293981535,-0.014321134780151734,-0.00035121549463246193,-0.047606898930719344,-0.02058690729688928,-0.019112640804404335,-0.02077565741883436,-0.020368640151040895,0.005453094391820734,-0.011662021619424867,-0.015476862680687486,0.023588942635176302,-0.0027779205226848847,-0.04802015792203429,-0.008657425209626868,-0.0020652409375742087,0.0545297745283333,-0.0046951140929362145,0.0017936203188144706,0.010993988809109734,0.025853063256123132,0.00906329838407216,-0.012386068045711407,-0.009726057918991282,-0.010030867953653932,-0.007666642576234173,0.013587094348624484,-0.01347564424156611,-0.00867669232215762,-0.0013946194487650665,-0.012476545611886491
2023-08-07,0.032404089540845504,0.008589905708949797,0.0063396320977662235,0.038715469905868494,-0.017940335186973133,0.0019921437886987192,0.006563038200644744,0.003002372670897646,0.011369613046481986,0.006300257011050636,-0.007581219636205505,0.007476457264484537,-0.00106616679956828,-0.005452145378148643,0.00815892003009,0.020589321370800162,-0.0005256818285824805,-0.00695122605988685,0.0150224179747529,-0.0027295362744399476,-0.012648692924901228,0.003580544920241513,-0.0015343139244322623,0.011538962056873325,0.00722016021774774,0.008773931629994625,0.005933694128126277,-0.0014703710204635456,0.012055518085126948,0.004599567811711225,0.06133190039341696,0.007264057198532958,0.005526656168090671,0.012404832088133144,0.00846696395561386,-0.008389729403923685,0.0077270786231031785,0.010528490068143492,-0.009841544479196718,-0.007033338384538679,0.025014347909284362,0.0006598648859685863,0.0006825842266611204,0.005409154948993411,0.009291419075844187,0.01898684357254843,0.017478511281226128,0.007644508721502241,0.012790095102757526,0.0012526339931224761,0.003863776250413231,0.005078819232396503,0.01615687397843657,0.008958516962458418,0.020116337773182114,0.04833509964972227,0.013718371567992271,0.008819884533275868,0.011896279997588355,-0.017777839407556173,0.016408542435364604,-0.017253523337950383,0.019682000383389076,0.006726025823716952,0.03970718689189057,0.013413887234373867,0.015021844722298061,0.016043189610763786,0.00288124161275527,-0.0009980913129402635,0.01751073140731263,0.006547822888333554,-0.0009211162573388165,0.04246851310698774,0.01005347238417853,0.01691200280627614,0.012307155935746827,0.01405835458073379,0.009172710428473785
2023-08-08,-0.015760002174194043,0.010728914737447859,-0.008088523038812245,0.013636470468720185,-0.023229419162815512,-0.011928573251078767,-0.02200507729532375,-0.009752540622011474,-0.004705850439133963,-0.03007619840719422,-0.024935159343386415,-0.01558447611995406,-0.009605074163278271,-0.03856347988515019,-0.018661384743600462,-0.009887659538048155,-0.00968858131487893,0.002984443387025637,-0.02080006005337043,-0.020026701861704632,0.02195543263121258,0.001019467810646324,0.003631826848506048,-0.004100813276347481,0.0009432069065531401,-0.007443533996654206,0.007633598481524562,-0.021924066643622453,-0.001786755001121465,-0.01158109418714992,-0.018464725595183085,-0.009749915823036304,-0.0006349976492912024,-0.013109196354833874,-0.008502659518765054,0.008752479619928089,-0.0024677037971300164,-0.010222216331400857,0.011613421281051917,-0.007366435331393917,0.02198212180453374,0.0006595403568905311,-0.009939089266650436,-0.0172352051411806,-0.018358912770140345,-0.016031491771390738,-0.015495130267257906,0.001685879351484676,-0.018104634396579944,0.0027519693574136195,-0.018544551473917648,-0.0015956798145895235,0.013893201602997562,-0.013318375921061776,-0.00585433463831897,-0.02240936696752205,-0.02501979919912689,0.009215503584213192,-0.0004198569710032185,-0.014077287891959833,-0.0042822423049705405,0.005311668945345405,-0.02403170039695235,-0.005755862517937915,0.031074479398704113,-0.0024692391630665167,-0.015100712995861354,-0.015693905804846864,0.0001454186590588158,0.002997180943904443,-0.008604782942837619,-0.011531484264804215,-0.01678043833946863,-0.019323451636008016,0.0026543974651225266,-0.009354797401011639,-0.0028821171053518,-0.024329882047233187,-0.015520547363159443
2023-08-09,-0.019255361955865746,-0.010396169662318488,0.002117021696512067,0.009865559877182184,0.015238784006608608,0.006036344098499402,-0.008333470921815911,-0.00814246317621714,0.004281519077934615,0.006539149203539152,-0.014042790740065647,-0.007412813155739273,0.0021552500255057616,-0.005652770279492736,-0.01474712719485538,0.007932830492637821,-0.013836512109101973,0.008223351561219117,0.00040844528451033923,0.011035388852249195,0.01659579822692958,-0.004073290511796279,0.0002782891316464031,0.00643747196257749,-0.0013193680654943751,0.0029753175595204073,0.00034432315763877064,-0.025426525540667155,0.004773165723620076,0.00544979441917115,0.0017418302453731105,-0.003132709086868468,-0.01872409153226784,-0.002494093174318701,-0.01099443317418014,-0.00017352370690415508,-0.0013253385380879168,-0.00774602342804831,0.005171124587592724,-0.005280473072548975,-0.0315348071999455,-0.0010547016792548103,0.006889360234630271,-0.013100166363601229,-0.009645901123455092,-0.01493494570121734,-0.03672052294678663,0.012903284000784776,-0.005577030051964305,0.0042415141202949425,-0.019607703294274526,0.00692590077763322,0.005785641714078693,0.011248443287637189,0.013792025515022566,-0.011819048559882583,-0.03260172923551974,0.0,-0.0011201600826905578,-0.009264080558366139,0.010751380336185834,-0.008954348515678445,0.009168269936061124,-0.004238757693262318,-0.0056745249513232565,0.0008520705552501617,-0.015856330494730564,0.006972464605405904,0.038470074407092714,0.00039850862697843326,0.008092914878055968,0.005683358533701943,0.0007501758188475094,0.02480407429259457,-0.004632841605792026,0.008292029840147652,-0.005536573736311778,0.001976153657883284,-0.015678016369386705
2023-08-10,-0.00378896031569409,-0.008220026230560062,-0.00023469123823749438,-0.00888122065905872,0.0009096283351068823,0.01000003274543304,0.005042100753100298,-0.004964988477424548,0.0058065056330167675,-0.008173287398961282,-0.018890295248463862,0.00987345490578262,0.005376200588075086,-0.005585969669380408,0.026292448698483906,0.0009986805518309438,-0.015787916664864565,-0.007136734421006485,-0.015516242610162823,0.0014822882591112307,-0.00957779029505812,0.0,-0.005565390972475437,0.0031979782131368317,0.007171263214758916,-0.004084009493076302,-0.0015491037730535062,0.003604541372788983,-0.010688892151516471,-0.001084094967993443,0.010259088329115373,-0.01024415378431287,0.011234493357793918,-0.0012498033210427417,0.0018481227863920147,-0.0023141980974757947,0.007520172358445265,0.022839647594427026,-0.016462745676740775,-0.00674309342735846,-0.0033879221072292687,-0.0018476213617693027,-0.0031279566020375738,0.003990010658402321,-0.0005409113537793164,0.005150463718840648,-0.00920384792367468,-0.021600601102020334,-0.004120414318810828,-0.0014906699751913166,0.007636240573859254,-0.004761912931450563,-0.014683642221952287,0.0061180902155215655,0.0013757867594663686,0.056678821992593775,-0.016850210622020412,0.0007024720788648686,-0.0011914646598812917,-0.008235323894479007,-0.00825425347845532,-0.0012348101536808764,-0.006099935053013983,0.001557354312491821,0.010565956813014088,0.009324995441010397,0.0013759323319784134,-0.008328468576829562,0.007387939126762166,-0.005774809475773024,-0.0005235955567395312,-0.006543986800621959,0.005622139554312122,0.007193320869411268,-0.0006649041669091194,0.002257454273308923,-0.0011871462151755718,-0.0005634190002992145,0.006459515448192121
2023-08-11,-0.03996953764969591,0.017170873259156227,0.0014086093134868527,0.017025306537556517,0.0009088961039389609,-0.0217822488383006,0.003344537009492665,0.003655820584607117,-0.008893467738185112,-0.010057819013042923,-0.016351121294616355,0.0016293835586922434,-0.0021389928241537515,0.013471740651396003,-0.035214030456762746,0.009019808575337018,0.01627161742280059,0.0041074123755600045,-0.012546952194076089,-0.009216867080281466,0.02552660057631173,-0.0010224721789529045,-0.0032183291908948197,0.0026182384691055827,0.007869693342363648,-0.00030590606718150504,0.004654521656219934,-0.00017106136748545886,-0.0222087750376877,0.003391294756727836,0.0013769678684298903,0.00020620344115673817,0.011897952318969729,0.001577751943137251,-0.0063757523158591844,-0.0013916511372686902,-0.00430279471901851,-0.0065906917189998415,-0.0023012708510670166,0.012566735158194398,-0.013031207393092159,-0.001851817363916597,0.009756362965166465,-0.014307048132732314,-0.008120906271174455,-0.0010825194798443905,-0.015589057593513811,0.004245543891194137,0.009654020426013155,0.007962247883456008,0.002887198756922338,-0.005316341536893088,0.010446966235081678,0.012935172842713838,0.006411206766134825,-0.041137410193758606,-0.031223345379683187,0.00397748930712738,0.005262788779098804,-0.008649837795058679,0.006778555550347454,0.00033765610086256004,0.0002611937718328683,-0.0037317894493897885,0.0017171356621501488,-0.00538260832148163,0.00203894646789915,0.0047363070223458426,0.011365621464808573,-0.0034047087468567216,-0.0006402445851791949,0.011976239081336493,0.0,-0.01989852148142457,0.014637473074256446,0.009412152292160414,0.0023157159729720878,-0.04407065373376606,-0.012396612783943217
2023-08-14,0.02204131181344926,-0.003434677238243866,-0.004141854347652019,-0.01409716226956692,-0.008399371483690854,0.014169980536416604,-0.02500014929814065,-0.004036147185864314,0.010206449455627098,0.011696958318797801,0.060742550903853276,-0.01489170678512819,-0.009646375239572902,-0.009613895047677179,-0.006364869658030736,-0.0034016192146034685,0.021565362860640702,-0.023897881172637914,0.001680272529011484,-0.011203973025089242,0.007329857571432674,0.0,-0.0012633158744830286,-0.002646736024204177,0.0016730926467676266,0.009802234109412833,-0.011153083854013812,-0.02514532994693619,-0.0067526770551632476,-0.010274410986960691,0.014266036644960067,-0.0056480327392618435,0.012683257092313882,-0.0022818159646936786,0.011222339696187245,0.0152139539808549,0.006437947879766481,0.00019802916573552487,-0.002201802454463442,0.0155492723396784,0.0009568131145003544,-0.0009273488274257335,0.011167284243965625,0.027141287170133088,0.01189889636208763,0.015605834874352187,0.02933387554914746,-0.004227595449160515,0.008651134313387043,-0.0017435514427394105,-0.03598421081442238,-0.0032068128743082402,-0.0022805509126763157,0.016262962602404896,-0.010465682363300144,-0.02517291764567664,0.043440197621106735,0.0020974962417990017,0.017660190397230213,-0.005147926754969001,0.010525419061373942,0.009393144190605884,0.009791108972946994,0.0019770083442469666,-0.0058664246886893645,0.004725210613172104,0.008094778223460386,0.003304661092806027,-0.007595277211861706,-0.001205842225225795,0.0015142999358976894,-0.0017750226940659308,-0.0037271130351005377,-0.0025664416426485204,0.00262291773908796,-0.0039051213554441855,0.014516041039258187,0.029588187646948372,8.906511294304309e-05
2023-08-15,-0.01275647008769698,-0.009239528869625424,-0.007298177164351882,-0.0026809290577729517,-0.015796714406723034,-0.01995993633499482,-0.03418788329432365,-0.013838199677726482,-0.004778963145794735,-0.018650572655907194,-0.043204332420586966,-0.022484946064517675,-0.014069309946755149,-0.026794033476585155,-0.04423999487047081,-0.003929288666986053,0.0015534344191627802,-0.006727329361140177,-0.008701196190912253,-0.007691217928459504,0.015614438958132082,-0.009723673288606238,-0.0022489175200209877,-0.005271865395705233,-0.009836736935151857,-0.009707146022193691,-0.016310954405530098,-0.048078561361675654,-0.009888603876695323,-0.012703268462532336,-0.013557011689807497,-0.01724780477129073,-0.015264727773998232,-0.012362439455260277,-0.010611535356260804,-0.010238566185291398,-0.0009637354641885976,-0.00960303293416953,-0.006095474381394572,-0.020157397651016762,-0.0185433224094389,-0.0009282096015112984,-0.010227648226252994,-0.006797487396780766,-0.021953721642043122,-0.020630355012962953,-0.013558273750853833,-0.006227010082882289,-0.005981252405441895,-0.012225451090935868,-0.034714431229087794,-0.002949078085831891,-0.02423040827745604,-0.016432241605835896,0.00260585229777055,-0.008083161317122611,-0.007554234770455137,-0.010814056551797124,-0.00535015306411335,-0.020522781660645806,-0.009951932257380225,-0.0112002436632892,0.00012924496048372092,-0.012253418954359607,0.019312549378103006,-0.0010853478780993298,-0.007634884953815924,-0.006200063876426909,-0.0117740273679382,-0.0032194614298032276,-0.021225913998717538,-0.008002347307050295,-0.010288077855143074,-0.013232884078704377,-0.003924269863657237,-0.01120097025914113,-0.0028213523997384637,-0.027401352847468696,-0.022788012643520594
2023-08-16,-0.013063838354682833,-0.018355382402011844,-0.0011858071919159663,0.0035843405585895827,-0.001628499790491622,-0.014256772717317956,0.0026547245563559585,-0.03427872247807451,-0.005271645316254903,0.05486513094355372,-0.016990753701285888,-0.005587851588775505,-0.003292984848007663,-0.0003053141924287406,-0.007121232525177712,-0.00027882587208694076,-0.006951888472258139,0.012768487928843664,-0.00264377025763618,-0.0017301038062284002,-0.007612539970475507,-0.002067075550429953,-0.0028174246300556316,0.0009667460019215923,-0.00731014326526036,0.0032946666970397054,0.006173962306477376,0.0036865354503479164,0.0006241220867497788,-0.004427346993572945,0.001546128740824937,-0.0035438445861764034,-0.006200616245325863,-0.0007721010724837107,-0.010589075140335913,-0.02924178083055473,0.010700687067174197,-0.010595698589485614,-0.007823727569996719,0.005447708376103089,-0.012076332879666252,-0.001061812438059584,-0.006112635393294652,-0.0081164871285484,-0.022887792410435592,-0.018885675014943426,-0.01131108148779103,-0.003987420774497763,-0.00715264384327452,0.005556838822800669,-0.004640457608783954,-0.011831100913055392,0.009526809618938259,-0.003275721573126833,-0.010395968003433897,-0.030014693542814386,-0.029600767722115506,-0.0028302991677945366,-0.004758204322148685,-0.013699602119431109,0.0023425946681514542,-0.004959060114871239,-0.005299914311085785,-0.007674590076371501,-0.003721714849351465,0.0002415539952993484,-0.012911204994972891,0.004045409560021529,0.011914306741583669,-0.0036334214991005087,-0.07034634944597895,0.01135325503387885,-0.0010448495235857447,-0.01522624835775821,-0.005909185262762406,-0.008819389844601067,0.001677429820583054,-0.006086195479487966,-0.006285269422442341
2023-08-17,-0.004774030429860243,-0.01417480821533268,0.0038781382705044276,0.012500052462314004,-0.012814511285520358,0.010330504336249602,-0.00794336600855483,-0.013751918814899011,-0.01275059246103094,0.015693154785618724,-0.010277156803298437,0.005619251130130731,0.0066080423482524075,-0.0002038446816994277,-0.00021079961448122742,-0.002471271223124738,-0.02610591745988622,0.008003106794297388,-0.010391374857369517,-0.01435013742959268,0.00033840842695509465,-0.007768008987668051,-0.0009884208192242339,-0.021357676230433276,0.03342124724747131,-0.012952101413795991,-0.004207660481605924,0.00973359637264859,-0.013724204097464332,-0.010561399654705261,-0.018010278744447716,-0.011346851571920724,-0.03176112905612538,-0.015231021106311249,-0.010922995276950842,-0.030122619879101475,-0.01883178436823585,-0.024348358357533795,-0.0042626122038526,-0.015612763774872196,-0.023462192680715255,0.00013277017393775736,-0.018353094441983964,-0.005481111120074433,-0.009482287163074532,-0.008069975106044458,-0.007070950859894287,-0.0028599212173947564,-0.016695244544568277,0.0037678972771340025,0.001165482482707647,-0.01850340966464714,-0.014851628108024428,-0.007559259525113604,-0.008033434968225395,-0.04078744084075314,0.00331183189135964,-0.009578854452475083,-0.021757306603951143,-0.0006354602014780886,-0.01975956049241645,-0.014555197910615991,-0.03456788012369827,-0.006568416178248437,0.0036517964425288874,-0.014523147908671818,-0.013124923232722407,-0.009563029249861743,-0.018180510715991915,-0.0018232928360021328,-0.010417509615282872,-0.005317862678234642,-0.013503323506566245,-0.07645750507802584,-0.005944611532396227,-0.012244959761672392,-0.017976658366759435,-0.006222166981091792,-0.0038500248169039963
2023-08-18,0.03684865286061423,-0.0013384554627748901,0.01103771260921027,-0.007054608755748926,0.010856780742567462,0.004090209699121772,-0.00889666268496625,0.005051126848630627,0.013260751830527662,-0.003932932616740659,0.00047193362129926975,-0.0027289482782193453,-0.003282487110921717,0.012932989521398097,-0.006981235209107428,0.0030767639765743038,0.0033793249915006207,0.011637388638595647,0.017786243009684233,0.00443103752473184,0.02236594457141461,0.006263096265253232,0.0021213997923390515,-0.003966318138454272,0.005664384985144988,0.0031410518286081324,0.0037909675745058102,-0.003455594311561283,0.01897522531343232,-0.0009830659657302787,0.0019214080410754342,-0.005053223409222984,-0.0017252826634694962,-0.001513051465726667,-0.0012549083351797163,-0.03142643736024442,0.05006171342058052,0.0068344852999995265,0.003531376871224845,-0.0044901152155696344,-0.008681613482201755,0.0013286391794644636,0.0011436595774774183,-0.006918538221942994,0.0014816219536648578,-0.005672447612115605,-0.001523467099196929,0.011184426436906314,0.009884852834485702,0.0012512858473006094,-0.006984754287477579,0.00609928534972215,0.0012562218362286437,0.010266053036406708,-0.0026475342060302554,0.002532181485418672,0.0005213177550273951,0.010865722085918295,-0.00885394577736387,0.0001813198119722248,0.0011270849593780774,0.002816149350316044,0.012787684838713842,-0.0004266385822228047,-0.007693794302946477,0.007878736208746018,0.001089399009685188,-0.0014703381546388172,-0.007900821835289507,0.003450402969246147,0.0012272353994529084,0.002376318136588118,0.01002501528606925,-0.002252725910847797,0.017275870426818996,-0.004297475990879929,-0.004910450144818834,0.004372878222928422,-0.00975420827100848
2023-08-21,0.042829157049864675,0.015010582115074556,-0.012008939264779084,-0.0008881505292280822,-0.01797789663325655,0.0061098917836741595,0.0,0.00319367907495427,0.009467820479584388,0.008621921707787639,0.005818516462829271,-0.007166869994348235,-0.0010974533033962786,0.009952661792792084,0.003408620167359988,0.00023893575626088293,-0.0221771587468107,0.01451377178927693,-0.0154752267826056,-0.00721237166098454,-0.016361541390094825,0.0005185983677844508,-0.004798092400466802,-0.0031745064820639657,0.007267354164916862,0.00119477511831656,-0.005673846949340922,-0.00036517555657633594,-0.00993163785663731,-0.005623487236800395,0.0010459825306019521,-0.0041442051477510455,0.024447923840561048,-0.006341633654520118,0.016111516789603986,0.020088707906460446,0.003706367604721761,-0.007919413179070967,-0.013330119091423787,0.015277104191460111,0.010794350518635643,-0.0015922514876474114,0.002930304304889164,0.024285056386619708,0.008364047957486909,0.01095925117625085,0.04758793493156044,-0.005955631270923023,0.0016122411900871825,-0.006748229153463625,0.0035168606869746544,0.009920104747022096,-0.00799861486900244,0.016608433353560104,0.0131167446265128,0.024108274301491095,0.04236835991636556,-0.0009449931075784512,0.007432349027070906,0.0052681575052573315,0.006235438692815842,0.007736782856003321,-0.0038542808013756202,0.005227816275219288,-0.004277736258186948,0.005184443655585236,0.020176816534424935,-0.005546588830491195,-0.00206173625213224,-0.00444978289828124,0.0006451591248415323,-0.0035556658622556414,-0.0007635009136748305,0.003951092951454349,0.00718473688945287,0.0007469858942830143,0.003406698039220668,0.01662379210714393,-0.0012080732620061152
2023-08-22,-0.00618413646685001,-0.007884695665829389,0.009865841404044895,-0.008000175489926042,-0.004041995326452219,0.0020241912937215556,-0.04398588420892602,-0.006158023159305692,-0.01423741375850418,-0.004074338012880263,-0.008599112018549127,-0.025331501744883078,-0.005494608963158343,-0.0021400280878686173,0.008917346492206324,-0.006292161974634558,0.02638725193833702,0.0034441221320844484,-0.007057164001357585,-0.00754684775456449,0.00684030419248538,-0.01140480562174817,0.0012759154109576176,-0.00891020751843219,0.0003608634884841866,-0.0008435270986839605,0.006419454225682131,-0.032134382175943,-0.004388838670227879,-0.0073520714399675224,-0.0012190821500596138,0.02171746241875283,0.004688607759801844,-0.007625170599829034,-0.001428954123414261,0.005218340880416061,-0.011497301899097923,-0.004043210566864519,0.007673820646190599,0.006592133742042039,-0.0040298359587975785,-0.000531262734319804,0.005249471672297723,-0.001902108267721192,-0.0031599302621208025,-0.0031926989840012077,-0.010807504894029707,0.003708919170195779,0.006898119693775184,0.006542413664050839,-0.031152528654754708,0.007639802664105355,0.07051379039349714,-0.018164351928259492,-0.0013871199398961531,0.011574973415021672,-0.007329576225030943,0.004137984341893386,0.003901560949103766,-0.010932523846932773,-0.0027540513504501485,0.007904995852124674,-0.0050700740064664185,-0.002228756922285857,-0.011814297538345508,-0.01615821378562654,0.0022666422526040897,-0.015350384841407605,-0.014606109775054055,0.000406271295179339,0.00960477233949164,-0.005352349413835555,-0.008213906146852135,0.017991333413091448,-0.0058364472671385,-0.009289284890627636,0.0032510913264636176,9.734650100501341e-05,-0.0006515090536507451
2023-08-23,0.003185954243252853,0.006920589895082374,0.005939880513840867,-0.0036231103667307973,-0.0023871361549674397,0.002020315615231194,0.02253528903776969,0.0005776572067472951,-0.004506936672126649,0.00445206647806029,0.02807130196143781,0.015082089597087567,0.015469415498856387,0.011371985305861587,0.010942699581113935,0.005570592747236702,0.022324619612970054,0.005280388500458644,0.0035535732798726016,0.010731251757428284,0.002710168644297184,0.005768030554414771,0.009062713198326522,0.004625065513426341,0.009375984201700716,0.011552471117381558,0.0019489677667161587,0.018864389048846242,0.0018892126635023931,0.01808868593159807,0.009764627518581648,0.015146279226837533,0.018888879546703485,0.013773567167479461,0.015768573209414383,0.027872256558139075,0.03472286956874426,-0.009264062061973943,0.024777483523994892,0.02897214869021303,0.01942138536406479,0.0038555690804136233,0.01083795732726811,0.021617852325652498,0.00464175650166343,0.009459994580714559,0.024293299331641816,0.007959089282474352,0.02945880083482555,0.006250068845946588,0.02210611615864444,0.011372817911578847,-0.012848912940699786,0.006568108067826817,-0.0021608178371685938,0.012987547497928409,0.03205231639779149,0.008477704885068382,0.009468600179737052,0.015529439556940527,0.01557781373616951,0.02194873042655554,0.011130586987319724,0.011807210924769107,-0.0010092230912630562,0.006921690536683345,0.035785586097267785,0.006315977178477539,0.011098844250605033,0.010357343473559766,-0.0005746780423654396,0.005979320033068891,0.0007704910655137454,0.005372331847445899,0.0013045036881620398,0.01816659591173786,0.01128043245124477,0.02501208832798474,0.027558234501880996
2023-08-24,-0.03702698740329824,-0.008950133030370289,-0.0013208566206943662,-0.004545548437924096,-0.0004786889908990899,-0.01411305629409898,0.005509636274780183,-0.006245145763375981,-0.04630534174379952,-0.02048469043262191,-0.023009570942073676,0.0,-0.009792957674058744,0.01173739449350375,-0.006140935273408976,-0.00446364399985566,-0.024396403870098782,-0.018962078567934082,-0.000536230985747066,-0.12895516671262253,-0.015439234946486025,0.0015641572245794766,-0.0023853344805961907,-0.015059801022844543,-0.013218863340450415,-0.006758626216314401,-0.005658722833364438,0.00666538654572868,-0.016970514006875548,-0.008813502961121933,-0.015196012267897796,-0.010782709168273175,-0.009572429003859684,-0.005277315631446955,-0.021375755782088723,-0.01893944815149573,-0.02477840144457144,-0.0036772652386839466,-0.006594181963984647,-0.033829119933657226,-0.019646713152628115,-0.0010595623251480335,-0.012768634612219665,-0.0344444772852186,-0.021354557081214254,-0.027154721211281152,-0.025234464169065496,-0.006485984535339773,-0.045252902233070214,-0.004223656981798607,0.0114036426165387,-0.0013386677136062453,-0.013315332633423105,-0.0015224909186449809,-0.006496491245668312,-0.03460241064795777,-0.0684551963017892,-0.016579114212432966,-0.018339598949978275,-0.02392731244854296,-0.0028893141600888628,-0.02617045089058423,0.00013258749497735423,-0.01272076170846037,-0.0028753744629371747,-0.016392060342591663,-0.023717820453348915,-0.00318801084197462,-0.004505391664974767,-0.0030149995590190715,0.008624522882980434,-0.006537790095120011,-0.010970081531500031,-0.009438670284659723,-0.007166089246601892,-0.007071101295120008,-0.008842600753418584,-0.03047850146861364,-0.007792119676749754
2023-08-25,0.012910351522056551,0.00762108011972118,0.005212410645764276,0.0018266377366986664,0.007421789954199731,0.012269981057803525,-0.009132378781213202,-0.008977574252623577,0.014907542887651504,-0.0030574386736775816,0.00047097031319953686,-0.009418980160498691,-0.005494608963158343,0.0021936892144558406,-0.00010453683311961726,0.013010451845779647,0.01608170507215201,0.013331852960406732,0.00665654744688271,-0.004601224632401202,0.00928851194336433,0.0015615895204712515,0.0,0.004325609178463585,0.00832718358989859,0.016622183304591198,0.011737479222077685,-0.00018396098804129846,-0.012787653877107896,0.009174151315484602,0.005435759774267357,0.008069524088759827,0.0008319730956989346,0.012642395181230448,0.00775148850333629,0.009805761607345254,0.0011777957659313554,0.006854400191413923,0.003266379007549558,0.012601993847100479,-0.009311799290713463,-0.001060686188271931,0.015648812417050184,0.024647278776290582,0.02573563756539121,0.010770617478674804,-0.003089659499529329,0.004541464826637975,0.017657953191609232,0.005488903961552216,-0.011663808084786287,0.00348528339877463,0.056558081609994426,0.008822544339585736,-0.005760590491111772,0.018538402662964915,-0.06615477461285812,0.006529623283653585,0.03287222211764873,0.016680597375955175,0.010738325946969995,0.01264311128949469,-0.010476109006944956,0.006069632542323955,-0.0009351276172847589,0.010669068904528345,0.019601830171492862,0.015541392602058446,0.00887194539136349,-0.0004031587651330826,0.0031036440326537296,-0.004487216954576323,0.0075890689998538985,-0.0077136311178048755,-0.003936995544250754,0.009191712809164754,0.012441091125720671,0.016354902339856148,0.0017350298487870397
2023-08-28,0.007342600528523979,0.0023446474846280374,0.0021669343353309944,-0.0009116536074671444,0.003564486658312438,0.010101151286482812,0.015668170089637057,-0.00447630591730519,0.0006838261508910204,0.005438518385690871,0.024952760341244273,0.01151738759174692,0.007734802111573069,0.004377316865244341,0.01372013496641622,0.005295351923567004,0.0064823839456389365,0.01268101672266897,-0.007679252527106217,0.010137053156667353,0.0057006546286790805,0.0062371180123852454,0.0018280417463873988,0.004082121751308954,0.008976772310307357,0.006209471201974015,-0.0029881286352017034,0.014164842815680423,0.02525916460976041,0.0006993408984150573,0.00645271940879244,0.01659687250967523,0.01796896983002161,0.0046259420265155615,0.007527157795291561,0.008193183284102235,0.007815115044690346,0.01633858629222895,0.001050032501005882,-0.004384069616850339,0.0051082960158392865,0.0017255147531622939,0.0038398241368624575,0.00925605716329625,0.01217995531388727,-0.0009004586682715976,0.010870961328907303,0.01723665399607488,0.0022831573187276355,-0.0012405229236815973,0.014948753968550665,0.02244189542450359,0.013920739630433276,0.007557720862195971,0.015189495951020815,0.009387316162059012,0.031214933807964584,0.004718179997647232,0.00441835942479063,0.012327550030138301,0.0031622218020359583,0.00884607443627572,-0.005762470685246157,0.007726493543761981,0.0006629674909839345,-0.0015548531134640386,0.004472962752107845,0.0004922045354163185,-0.007085108583734456,0.003428658330049794,0.001957385568515546,0.012620217395284739,0.006179884132004654,-0.007773671279086791,-0.003952481882087411,0.0027077985281500627,0.0017178038631557868,0.007612415405119588,0.006289852714879363
2023-08-29,0.03135752487046983,0.011130022044503862,0.00015447411865188165,0.003649652632601974,0.001184106109135108,0.023999867328180713,0.010889472352906493,0.011990042966940395,0.024300280826120124,0.0019114684777463697,0.020977028042535872,0.006884817369772422,0.0175438673153816,0.005472238134679008,0.013224477424334191,-0.00015724136061034955,0.024981852906908575,0.014609219442018428,0.01440229556559669,-0.011721251710733682,0.013226054494089645,0.0025825253334057496,0.0061783888070372495,0.012271814626647393,0.006405746829875492,0.006511999741825036,0.006346945551448657,0.01632515945284818,0.019582932608747994,-0.0009783703669461463,0.013515900300958616,0.007997962108618584,0.0274020866026643,0.0037725126907437456,0.021839840997313065,0.03593788463870151,0.009088649020062789,0.021743525571218836,0.01038632941598494,0.004190314808968809,0.022158979122151257,0.0030474384511511854,0.003970388022611848,0.0200974199077677,0.012366104726459382,0.013294308852149106,0.03350445613194397,0.002777649064021448,0.013667390734995788,0.006211248117592438,0.025193851200883577,0.01567803676363355,0.004812436214612248,-0.018859882208734247,-0.003702074446789494,0.04417914536514611,0.01721948459594813,-0.027236426158755878,0.007560593877207866,0.01880386657741151,0.005043123916675274,0.021810296275119656,0.02102704537092892,0.01417909754648572,0.012044432116360193,0.01053201805980386,0.018154528704653394,-0.0030001165021332765,-0.001721011125672578,0.0064323676064363955,-0.00737333151283126,0.0059347211412754675,0.019961755160422756,-0.004352454677394424,0.005952248979379959,-0.001800257236919789,0.005064161980319559,0.02677617791202036,0.012229262259640938
2023-08-30,0.0064676007130664015,-0.0030597288217117935,-0.0003859960778445082,0.0,-0.007568785378686993,0.0058593949459340156,-0.012567436032086432,0.005024950844757958,0.005337175943650241,-0.012502504823263427,0.021145681280638984,0.0007887402064938875,0.008620632008312645,0.004430911491316358,0.013459816438295746,0.002280294932844873,0.008813422222428757,0.013884587344558774,0.002648812574990611,0.011291628000634324,0.020549180291283387,0.0020608715704948377,-0.00041848251765208566,-0.0009394330153621455,0.004420103133581321,0.007265997518393297,-0.028731710378490094,-0.010887130473856699,-0.008674080611504986,0.0012592338713610651,-0.005812961922226467,0.0049080022494023545,0.005867210908651721,0.0008291848069976737,0.005576696269536496,0.0027311362118940252,0.005205775082715025,0.0009077093931459945,-0.0010382357246728757,0.00311197710803901,-0.003579958423744034,-0.00026410769747142737,0.00853618406279577,0.00886097630731264,-0.00542274838236434,0.0011860029483812262,0.0026405547887278225,-0.0013850332234274232,0.012808981906162309,-0.0019753219212289563,-0.002268551995095125,0.008232562480513073,0.006198058997269218,-0.014307420412898675,0.010218357323581229,0.02948658631005996,0.021739215323457906,-0.001689511842986935,-0.001091504646337338,0.002566737986198886,0.010579664275149447,0.019172262792921835,0.017689719198533238,0.0024856227748752957,-0.006778489512630825,-0.005434185227759514,0.00878931685811013,-0.0012827183415665688,0.008081600121511379,-0.0007989176499618722,0.014221401849782378,-0.0038348371746014243,0.006209981693837463,0.006017270902359151,0.0026298904381667487,0.0045088605013798855,0.008973205762296654,0.0,-0.000984351364865299
2023-08-31,0.011990654458095218,0.0006736757269083515,-0.004866284125040976,-0.02272735788555902,-0.006196259798354586,0.0019417541442257047,0.008181761394816967,-0.011209700496209507,0.012024523258544528,-0.009619024870617277,0.027169940314827112,-0.0005255571720420571,-0.00427359758988588,-0.008583153129894772,0.02002205794635392,-0.0012550134633256826,-0.001941354504564563,0.0033475535090803366,-0.03818320538204967,-0.017109786247637704,-0.014689462223192229,0.0020565097182609904,0.0016750951468436082,0.0129459083702268,0.009505267479411827,-0.0035969288852998327,-0.008477607294823941,-0.0014434392172434363,-0.013125035249606287,-0.004331604172865933,-0.012725737902817946,-0.006349145264238465,-0.006832237635341243,-0.010538569473874548,0.0029985162573828994,0.007823401266896957,0.0013152087028716064,-0.018137805503117055,0.004469018635661071,0.0026087225016624416,-0.005788365462323863,0.0015857294100523056,-0.00635998490544154,0.02563452009573841,0.0011564639512025021,0.021766395374215985,0.034305477750015134,0.003883449462918964,-0.0053250025603415185,-0.007421964019656113,0.006062910873157135,-0.022964984504191044,0.007979830718895409,0.010316299842894505,-0.011034501466714586,0.021762584680922403,0.015870243447748233,-0.005198184239415871,0.005053646999781947,0.011123877709850793,0.002275807473997915,0.0011724580119896189,-0.002983492645137975,-0.0030991819797375753,-0.005971902957512598,-0.0034250088647806987,0.0023344903584912036,0.0011360512567140102,-0.006876444615300459,0.00139918146531115,-0.018591521324218596,-0.0035533193986531098,-0.017580020899165216,-0.004140880098493671,0.0,-0.0024482725484248347,-0.007082893793687872,0.005687100113990429,0.005375032137567182
2023-09-01,0.008051827103056075,-0.0007105473303281595,-0.010634251613940271,0.0037209484314042474,-0.01942451084139163,-0.00387598208417661,0.011722276087706707,0.020491655746036175,0.06014266403097768,-0.008674577807008865,0.006434242436798021,0.016037922592524456,-0.0010727252891092887,0.005368559905100767,0.0025647485561781647,0.004477252464742287,0.012859942345244457,0.016934540090457473,-0.023001272929307426,-0.029584853943485312,0.00341806628132324,0.0005130722914117314,-0.004807613201388339,-0.00915739509528124,0.008544009982251133,0.0021620133465594105,-0.024922641645814037,0.012106928318231125,0.0018999808092390325,-0.022031874848693844,-0.01497997931784234,0.005611535111432975,0.019889097445770165,-0.014613346530646054,-0.0010582028770285135,0.01052269445413967,0.0018521441556709206,0.005747077824504343,-0.015578403672404817,-0.0026019347758647893,-0.0018068691047286034,-0.0013228879522088066,-0.01270508973963147,0.006918859604852612,0.008346231840260065,0.0007970481467276525,-0.05457869938394311,0.017131968560328614,0.003345922486171604,-0.0032404301578823347,0.018832299478269032,0.0023504870837283143,0.010972272812856954,0.015919857742062504,0.0024795237120120994,0.03590896690583034,-0.005150170459019332,0.014946933319957001,-0.0028538300888144574,0.007508919279082704,0.0025596362881403767,0.008463336215414508,0.0019516602891831436,0.0027978287291259285,0.0014433122458878955,-0.0047871396138218225,0.012976189841571006,0.0010361920238417532,0.012807816281568574,-0.004345387902640052,0.00829184127193261,-0.002971799593241231,0.006472539473835637,0.004568785296229949,0.013114737729090775,0.001390824024293913,0.0009617417841956133,0.005469624523901873,0.005969847746615464
2023-09-05,-0.002467656546036867,-0.003293801095123783,-0.0034520948036168564,-0.01575528334866838,0.008070537050847815,0.013618723221835438,-0.0053475880577265045,-0.02409641106188709,-0.00588833189449689,0.013314343305428133,-0.0014207635794001305,-0.011126967402027454,0.005370425893449049,-0.018040052439896814,-0.041617327157124406,-0.011339250684257007,-0.016724430823552128,-0.004125872836950761,0.0033956100911023412,-0.02080176238117304,-0.009784425032043687,-0.006666580921541376,-0.005476346941028165,0.0008816924219063882,-0.010027710591772876,-0.016862782601289483,-0.016231412170276238,-0.0155327981019997,0.005056916517041543,-0.0018655342632116767,-0.010433247755045616,-0.019999183823899758,-0.027625223268329502,-0.006616541947842447,0.0012712050146845844,-0.03601912844654431,-0.008956412383106516,-0.011836699929016259,-0.014021933074509718,-0.004583015912583255,-0.025140787797879316,-0.0019872926664404877,0.005361998483541797,0.0029651157561207953,-0.004878584413913534,-0.006154002858205887,-0.0004008855360462249,0.0070631673110825854,0.004891089883105604,-0.012003082158995593,0.0007395651972943451,-0.009901017653460298,-0.002060726149813008,-0.004755280471608114,-0.021796314869310773,0.009432791734554247,-0.0010354858231720332,-0.02227013567138536,-0.004361154273583856,0.010052867440015323,-0.009182919524629352,0.0012665962450333357,-0.014933166858229763,-0.0057867923640058105,-0.010517565844634591,-0.00896227546559325,0.00800622831248421,-0.001774419246225012,-0.02174971994104591,-0.005229300709432061,-0.012462010384327038,-0.014903105928187221,-0.026669294673102528,-0.0044969332711618515,-0.008414151886044108,-0.00841519876113872,-0.012311378476024148,-0.01696486449649981,-0.00965459526589696
2023-09-06,-0.0027992317995975124,-0.009651159419243438,-0.0033853140559331196,-0.047081057246189384,-0.002911245431642673,0.013435745522288212,-0.02150535400516118,-0.008176868524482295,-0.0069933490347859895,-0.054375704363677,0.0017073200951607248,-0.0013082837207722964,-0.016025458746775967,0.002057569496416889,-0.016220285275468038,-0.007118702512796338,0.0029026593333305595,0.005540584160136808,-0.014326076208461047,0.009460790705038802,-0.0031838796603385067,-0.008776449645349405,-0.001130007265670474,0.0035981849584074688,-0.0017463988873992475,-0.002033105696019777,0.010999478516307226,-0.03409516031027382,0.0044024370933837265,0.0018690209858995832,0.005718364904566453,-0.00436404000326629,0.0009917415494351545,0.0032729352050167027,-0.008807680882977453,-0.009739738619948368,-0.005472210199181871,-0.009190400656844622,0.002459043396400018,-0.0014874023655772062,-0.0026820933534391633,-0.0017250619422286562,-0.0032485334024682233,-0.005204649511388104,0.0035254817649179593,-0.013914209970579572,0.00011453312645226532,0.004046591262728549,0.005973461354121357,0.008858656548259125,-0.017362396267955882,-0.014999991969058435,0.003854616650525333,0.013682370280619471,-0.001422252754804676,-0.006327359894113038,-0.020383516265305435,0.01334801366692484,-0.0007528616103761321,-0.0160446762267481,0.01188646241745972,-0.03579309449372714,0.0076456652106315914,-0.005820720432017978,-0.01968431166028195,-0.009831618415156673,0.004847063125868356,0.005579536046181888,-0.007966475490119973,-0.002426092724458928,-0.015437908925852284,0.004538625887393843,-0.01243670750927206,-0.01704220577504556,-0.0352482993590868,-0.00823913167442547,0.003263306734351268,-0.009754216601451704,-0.0027725534566017673
2023-09-07,-0.03231511263821296,-0.009024741664629077,0.013715042297613556,-0.011857661279795262,0.017518372037591323,-0.015151565165924308,-0.0210625221425933,0.0025863536075378946,-2.5087131892198578e-05,-0.006860065550988059,-0.00766946243489286,-0.0003969295883073931,0.00108566075373151,-0.0033244444089719494,-0.014296161151687081,0.0012808291802570704,-0.07781990419610496,-0.0017373584017302823,-0.013618581432792931,-0.006901296490017028,-0.029884773120331,0.010937382322122602,0.003392684806149626,0.0035303450873864772,-0.0064730230071872175,0.0035704521065222927,0.005627534981622384,-0.011077770171418644,-0.016280477304078556,0.004448340102588766,0.006396599469792319,-0.023752966327070024,0.0209739836383942,0.009557567054168548,-0.0071516695181871315,0.0026228091071398563,-0.004418459692876686,-0.008858785354442733,0.002773780810323423,0.00893803288589945,-0.013653286001836684,0.0026586985737171442,0.010555493288105344,-0.002633698370502313,-0.020419280248882288,0.018395430569861038,-0.017471695748286775,-0.000537493375828868,-0.01913355450243326,0.017812228374362693,-0.019173093460624346,0.007213477305965554,-0.03524412134651389,-0.004070754207831095,0.0041146089868813185,0.007279259098067925,-0.002292180276239897,0.003625468916619967,-0.007602743906517606,-0.07220082601900535,0.006941230057433856,-0.02924949112182551,0.018707511732999116,-0.00376369949968125,0.02160556887959264,0.004818050607864555,-0.021240333600305417,0.013477281063718927,0.0020807075279745124,0.0036478184932500213,-0.014362179126462982,0.003313079868509483,-0.007477335652584904,-0.007415521062251962,-0.0013530478405977542,-0.0014954728175243792,-0.0013333583189666376,-0.05578708231701157,-0.013183946694882653
2023-09-08,-0.004722393967701355,-0.00899214102872059,0.0027531825582078895,0.01100007989681906,0.008608132729012619,-0.01538466694976981,0.01683844870805351,-0.007685485187754915,-0.006591656300118154,-0.002903855776040909,0.004436970073616431,0.011118333394892987,-0.0010844833726957326,-0.005101512428189459,0.0026466305425481007,-0.002998520070157995,-0.025430390685519,0.0016409078182511028,0.0015084281208761485,-0.004632815089549824,-0.029783512746147878,0.008243300807247778,0.00028186512712791156,0.004684420532892641,-0.002113137259974418,-0.004763811606785295,0.006155474815845441,0.0153788611688086,0.021642173923325236,-0.00257159914554117,-0.004766957285896711,-0.004532522606885303,-0.026574307790846907,-0.0007368651472233756,0.0013975310091485227,-0.04030914924084805,-0.0005022822449505249,0.001892731506570433,0.003829235629390526,0.003796727561999891,-0.005033592217505545,-0.0005302188729762181,-0.005728014974203055,-0.0001784901994287269,-0.00554755041948074,0.0027565441218631026,0.0006066441948280321,-0.006720389442218977,0.002017940710022925,0.0002465148527248662,0.012265332984129795,0.002387271903621979,-0.005827920940636444,0.016026756141935827,0.00835301454569004,-0.005681090485178397,-0.014846324337113526,0.017579703481631404,-0.00862723449006586,-0.002443655136930678,-0.003181609322117862,0.003491758289961844,-0.007833561848282877,0.00041983316043969765,0.019812140127845712,0.008463835129720154,-0.014370914951622238,-0.0014612623754997056,0.006884331116377762,0.00020218497745183583,0.002781830233204996,0.0015010058129218962,0.0003964278249086739,-0.013837032574667507,-0.0027099930908610625,0.002912143417097557,-0.005724845873623763,0.00010037656279116014,-0.007179867337293366
2023-09-11,-0.005557932949883493,-0.0002701911628989473,0.004471255589965972,-0.009891191871790661,0.012802244142092967,0.009765658243223285,-0.011039546465887895,-0.0024917121995846614,0.0027248388580038974,-0.00820711713012856,-0.002137522279584525,0.00903268559753756,0.03257309881874204,-0.001232811245368448,0.006440560745675006,-0.004691847101383706,0.008788246627140062,0.01136875653174374,0.002664363841404338,-0.0006033416380761825,-0.006240944241525659,0.00204389944274741,-0.0015492958568860127,0.013770462164783837,0.0029999743628761344,0.005493481385263843,-0.022803005365298445,-0.0009348845908019321,0.005607540091405738,0.022199941944847534,0.007273369792104134,0.008891740974088513,0.011371078487805164,0.015090334649784376,0.011782679687546649,0.010159827829585133,-0.008126862257343825,0.004093199259467273,-0.0072058234231267,0.018281155230412738,0.0052698146550798075,-0.0001327636806484067,-0.020817236440476727,0.007388133979338463,0.0010142560211516827,0.035231212663680456,0.001854141821716615,-0.005683451805209794,0.006936705813764377,0.0,0.0034078243059010305,-0.007409436020391569,-0.0027167113343097293,0.00010585336380564137,0.006720914706934034,-0.0036829048733766356,0.01040550730003642,0.008401330667052509,-0.0025062699239853936,0.03900511776068316,0.0025781049105748632,0.006622499932267045,0.019932724717482087,0.008601767064787325,0.008826994452592496,-0.010212038603573559,0.022059749900509074,0.004536624242767795,0.023587513591191156,-0.0014133057654411862,-0.00013213522426136493,0.00509599016967921,-0.0005945275295228258,-0.0018138942246167522,-0.0013587171548462562,-0.005392446223315028,0.012919400369620027,-0.008024142351358843,0.007872488670060962
2023-09-12,-0.018676280318731586,-0.0018538968076413642,-0.025146476973908594,-0.013986028013864948,-0.0032770986716771366,-0.011605352827631865,0.01860456543973754,-0.01227129354394596,-0.02345009879973714,-0.012056865568145891,0.003998390562781395,-0.06785155207000171,0.025236545469914384,0.0049860727817070405,-0.00010488715125844816,-0.0007250463588387435,-0.038456902000495674,0.03892594064531818,0.004968103360723175,-0.015782615349934193,-0.013580902994243083,0.0005098714153490835,0.0007054988913421933,1.7766005190322787e-05,-0.007916935576370854,0.028000421453428403,0.005691513143541771,0.013475481957455182,0.013011254354387214,-0.004343629727374787,-0.011095408012718688,-0.011240387063576995,-0.009834750778812795,-0.003688579697613159,-0.011088300574932153,-0.03176740312362558,8.450799557135902e-05,0.0059579679512491435,0.005763875460329082,-0.015063986572098176,-0.0018871913436685483,-0.0007959113562184816,-0.01868878021013398,-0.03948623211221214,-0.014635520585092543,-0.013067856717097759,-0.017016830706832242,0.009798657189445503,-0.017333306206597232,-0.0004927033300087258,0.03660376210094607,-0.015195940291391596,0.008745422046627871,-0.005080996244648195,-0.002794601691377796,-0.016719050244568656,-0.011896393141279327,0.0,-0.022054743781628083,0.008614509361727363,-0.0019999380138759904,-0.017060522845636195,0.0,-0.004784198661094474,-0.005387482645900277,0.11161251707880493,-0.0278736993347396,0.001116982341549111,0.01820151838577888,-0.00020217439370495693,0.010701668476974957,-0.00805264894853297,-0.0023794438087560987,-0.022341035800168108,0.014285708763937643,-0.001084281946565846,-0.008375949441850716,-0.010818996357423338,0.0016350193980130268
2023-09-13,0.0042370077708386855,-0.009789501452548866,0.0012818293202643272,-0.012158005892584312,0.0032878733570882446,-0.01174161845254107,-0.026483879216764317,0.04089954159465847,0.002190060069590105,-0.007205194362276068,0.007680151252853262,0.0008350713569158508,0.011282079190253036,-0.001866717309373378,-0.0003146125094981578,-0.0008468675566513095,0.0003723203140217901,0.0,0.00448409103521441,-0.012092576670165167,-0.004496458134535808,0.006625990300621387,0.001550138440698401,0.0017358323434901735,-0.001950878873386186,0.005861813857837461,0.013393681466680407,-0.004432102600524734,-0.020795082823954036,0.003237024606931538,0.006589473229386078,-0.004262878256462654,-0.014483940873004308,0.007909321699251848,0.0038090242954138542,0.006903954295540249,-0.013344604511593583,0.007169583074034369,-0.00021243115866675932,0.008170948732430405,-0.03802516001293155,0.0011948735119311493,0.004987870569570729,0.02093280302094791,0.006398263063463583,0.025632022130484877,0.009958311294974376,-0.02318069070663986,0.002035281549150003,0.014053168706380958,-0.008008633493673867,-0.017054609551676037,-0.016770667526036065,-0.02032131354176836,-0.01759310016742377,-0.0012007759719170341,-0.0008984534165893399,-0.02276456956425632,-0.010276923291368423,0.012676359196038378,0.004253164030684875,-0.011854855162050981,-0.005964466526991119,0.00031337295573230506,-0.011831997983935638,0.03596097628880335,0.019749632226799152,0.0061605843310863495,0.002013327755036265,0.0016178074985619961,-0.009934793799926123,-0.003908384773885554,-0.012919834747583736,-0.030231788949556804,0.005365459119527571,-0.0038410329796920717,0.0036258292973621042,-0.001737742259491748,-0.011062791605877975
2023-09-14,-6.922432794809197e-05,0.0016021400345518355,0.007120507287098121,0.008205058722149605,0.018024383217495332,0.007920608590221923,0.018761440807157026,0.00702408870595006,-0.0005913334848607343,0.03891857836240753,0.013267446994664533,0.021554904625020743,0.011156329381940777,0.009990281250461086,0.02550376592217729,0.001936995896866467,0.03235009012534262,-0.08783367292220567,0.028842609435862032,0.005321966342824558,0.018426735731525312,0.0015566252117507062,-0.0016884746232265213,0.008950252914426526,0.0015991424575974023,0.01668633317677437,0.013402783213061431,0.018178395671863523,0.015615152670805932,0.015289354548660317,0.006192471183411374,0.006530010141259979,-0.02107088608611951,0.008626507165995223,0.008177284114862848,0.04025912969327505,0.00838900789052266,0.0023729320520307073,-0.007217795756161438,0.00027703855613547823,-0.008080426712910649,-0.00026512431070169207,0.004712563489624344,-0.0025291285863088264,0.019867083794854246,-0.0008975138235036706,0.0219362381538053,0.012141518467328805,0.012186799460484288,0.017262430110897897,0.009908249696518379,0.06114010801549696,-0.01517788274435894,0.006733212201081251,0.006022204077724025,-0.010039577246385267,0.004316454532951486,0.031100042014770457,0.015287067262347742,0.012428922360078865,0.013335097033040144,0.00878256533030064,0.009319400923018417,0.009193435383817672,0.01970997430220467,0.015488559412469627,0.007008677506673555,0.0018802953791330346,0.0014549750234200687,-0.000606006575047835,0.008384133057237397,0.016299011020197263,0.013491678379563998,0.009527044631721715,0.015343806643777214,-0.0030175659502234,0.007951900323019734,0.00307191903164461,0.02049333908997175
2023-09-15,-0.04371587464641202,-0.005969155720843222,-0.006911288490694667,-0.006103739598146363,-0.010347148613583546,-0.005893826045749173,-0.00046686609317792005,0.01929926467016485,0.003061178348769289,-0.019254267967275696,-0.026605391912153276,-0.010073486949516264,-0.0020061472664673063,-0.0007796912532775924,-0.006857144684313976,-0.012002071400541103,-0.0022533349604973996,-0.04180043596540728,0.007231157092889795,-0.008734761741284514,-0.013383525621788683,-0.0015542058956691251,-0.001974329277444564,-0.014891122000503354,-0.005854064447772145,-0.015858475632954838,-0.005510725262171112,-0.0005464331131671551,0.020910252275365693,-0.0060787723686626105,-0.012836285492297539,-0.008421220709429966,0.00643771328302245,-0.0076697832084795525,-0.017123052613477796,0.0007861455321467314,0.003140931238972522,-0.009571884902188299,-0.006094184660338509,-0.010318492363947884,0.006164742520522237,-0.00039818012826053906,0.001546718003255343,-0.04214350845384929,-0.008515700911761459,-0.029919857618376344,-0.022899527574914313,-0.014176838105282363,-0.021627590613309766,-0.004541114376691802,-0.0029071317108158024,-0.014274571878680531,-0.025833101499555422,-0.010355941573207517,-0.014650288466952599,0.009563172661502861,-0.024176047674058898,-0.007569755123520094,0.004616433823836141,-0.007891787895346614,-0.011429128380659126,-0.004153921156062945,-0.0007587985672438124,-0.008074459180585136,-0.0060236368903634485,-0.0040006761706203875,-0.0359937617557774,-0.004764012689617236,-0.012487586261246242,-0.0020201107951108854,0.011391180389745736,-0.01098860131007573,-0.007748901597074198,-0.01463030539646304,-0.004599433003892206,-0.02497066354422306,-0.007228325640858957,-0.025214426901092435,-0.003816494965160344
2023-09-18,0.014611066964228314,-0.005847915042337282,0.0008798972502364055,0.005117596549067516,-0.007435039729931314,0.0019762911859542154,-0.010280317485190205,-0.00010294681025213581,-0.01825967545694196,0.01108484972834134,0.008872339883464475,-0.013201402952195296,-0.0050251066513429254,0.015994535299947765,0.001751879457170924,0.008030704276599021,-0.02038600707135918,-0.02821774726038384,-0.030041933967440815,-0.013974185279458262,0.007240003302084963,0.003113554226384263,0.000989351731582211,0.011431296467131258,0.001249063656132865,-0.0006794890237712403,0.0,-0.013671326648049598,-0.010843429766514423,-0.001112236745282047,0.0023156585238439664,0.002513262254018933,0.0005858688641393606,-0.0025578195588412678,0.001042399825660345,-0.015468263193919918,-0.004231217088091932,0.005507562759471174,0.005700884793963024,-0.011055921842884953,-0.02341355967092107,0.0002655221732652535,-0.004981974772349629,0.006674295532059116,0.00886943011745256,-0.0029204620264398073,-0.001972480580421654,0.00829652135257919,0.012534166446504402,-0.0038415622060219423,-0.0112973725507588,-0.015534496042628243,-0.005424007454550295,-0.012099439281745616,-0.04860113433424562,-0.00925783898336563,0.00532196329214818,0.01255566626864102,0.012866789420184377,-0.0034471214275637596,0.00232037958164244,0.016913154721917012,0.019873336652360685,-0.00104365383322369,0.009320364055210861,0.009934086441354184,0.011748120208854074,-0.0013053260627482466,0.012260167117267962,0.0012147760616805225,0.004531010921096312,0.010510561065043555,0.0034039869549959967,0.008047138812863563,0.0066007650286668,0.002931800238785698,0.006756490032644669,0.01329988825467221,-0.00529048972853996
2023-09-19,-0.01825030257749305,0.013304422958447137,-0.00599422460963106,0.007128479003827515,-0.009363222455388787,0.011834150632334728,-0.0018887241871172744,-0.009725335993990725,0.004284147903390378,-0.013076786398155904,0.002978773831393111,-0.018255369912343222,0.013131240289241397,0.02404603030715813,-0.02561466675076629,-0.0058234419103904145,-0.022500944176247706,-0.02286254943912891,0.007742963359274935,0.005506414669374182,-0.0040679257176587935,0.001034872320015312,-0.0021169243845421404,0.0028969339424673723,-0.004811889597218899,0.0009907495608498795,0.0012930542407130208,-0.002587229650236167,-0.006090100353788985,-0.004870523254370984,-0.004620617275907568,-0.002722934327782145,-0.008686217851074152,-0.005909312652471521,-0.002131302289708037,0.015711289555886188,-0.011642661296922485,-0.015192069192058621,-0.00738030643101073,0.01825516024643381,0.013667949714376348,-0.0013270365929536343,0.0034046865034214058,0.01741110369408183,-0.005397285616908887,-0.016788047695762587,-0.0009412738399900977,-0.007679778589535835,0.0031510103238088227,-0.010123139161980488,-0.008109076963030426,-0.00080232093572008,0.004090206811005803,-0.011585668475405098,0.018316252450531145,-0.029695075195518172,-0.01259584988878193,-0.01297951289355359,-0.003978553131992357,-0.018004456867148577,0.00036549117205253445,0.006180973939087231,0.007819308946004133,-0.0021938308128103268,0.004408299646259328,-0.007102042113906082,-0.001140076301031967,-0.0003390977240348425,0.016022013298701676,-0.003437135232328692,-0.016109176474781717,-0.007132343168066102,0.009179924814451068,-0.0005060242534791204,0.012459064181937984,-0.0013756252083442222,0.007212269275892691,0.01064477016394516,0.014213714120364429
2023-09-20,-0.005373632601409217,0.015038707872469415,0.004502728564887315,-0.0010111004121446943,0.00850662748926756,0.003898752078119516,-0.006622355792359813,0.006391265019537684,0.019326290648626898,-0.003926022765858406,-0.014566572450394721,-0.008232771998818,0.003988066451880989,0.006655515774147691,-0.010874201024245855,-0.008013326146770638,-0.026729559748427723,-0.0007969907020936029,-0.010395390957431805,-0.0008079391182669315,-0.06479754315159802,-0.0020671813673760475,-0.0012729429618132393,-0.000921436966607958,-0.006088984679223031,-0.0013778071364507483,0.002582536139373426,-0.007967447207708811,-0.007352847539264462,0.0018178279093437055,-0.0044634887964973835,-0.012828405498188533,0.003938191413017655,0.0003365650487607841,-0.014410502670820335,0.01861028296709777,-0.011607957781527567,-0.0013643129350078276,0.003125056384533531,-0.022166648323463045,-0.019451835443545007,-0.000796968963196143,0.001746567656608411,-0.010910249622283819,-0.014937065585684306,-0.01700219075536713,-0.01661137076412078,-0.010503155568423406,-0.012340122073736914,-0.005843418252415633,-0.003716056917226984,0.0018736534711090158,0.005733203722752878,0.01216812165016301,-0.003795372079663517,-0.01214029721316856,-0.021260834641340876,0.0009393346839492445,0.0013314817482104058,-0.013547642963737783,8.111379354192039e-05,-0.019992260415903185,0.0014777988780545481,-0.006491473673725046,0.027051431588309693,0.006258653855602203,-0.00997633004188303,-0.00276047876667862,-0.0034062926101834368,-0.00040591450981797284,0.001244318871274075,0.010775185994154945,-0.003757150375274798,-0.01079924765987983,0.011010168112339347,-0.004304636180893051,0.0027646692319940325,-0.018406698019585943,-0.01735988612903605
2023-09-21,-0.012995736688344639,-0.006141350750440977,0.0027214904529930806,-0.01923077951607821,0.005154705436221763,-0.011650524865354561,-0.01047633021147465,-0.0192069505738085,-0.02036340432504191,-0.036950627684253834,-0.025545313440680673,-0.004723164270592162,-0.008937336540059793,-0.011453650674836391,-0.035542668234109676,-0.021117644022419002,-0.02978998778902464,-0.009514574568679768,-0.009477052469680558,-0.052111436592329974,-0.030318488316832592,-0.01191108162916965,-0.006230295513438122,-0.015518843516954095,-0.03891887904512392,-0.019629612641706262,-0.009015709433310981,-0.00522969913592819,-0.017901359427542562,-0.012981551888298748,-0.018113313341746706,-0.017824079021783512,-0.01900073142439096,-0.016818057647137064,-0.01832453079369123,-0.040692849305022705,-0.015832984664505445,-0.021647818651468254,-0.02567387699159296,-0.03396815476003301,-0.015103741533453285,-0.001063954551543289,-0.0020921502999180497,-0.04087502933396525,-0.01272140251790943,-0.04405345369833069,-0.02674078346699804,-0.020670135642151144,-0.01999093727769441,-0.009062151696514142,-0.01603879294531263,-0.025113508390193662,-0.0025500865740801792,-0.01775672173948839,-0.025840609345610388,-0.0249256882665001,-0.020778304236721223,-0.016891374388816938,-0.007698272154904262,-0.011536435953582447,-0.021921753463846616,-0.008889358397598857,-0.012665986082658898,-0.016545438842283544,-0.007551751208752067,-0.009844892499132674,-0.0239965635799283,-0.017968920376155495,-0.011721926819854733,-0.006291747464529207,-0.02793051452527584,-0.013029359062450063,-0.01568083179201829,-0.02103825013343963,0.0038437512216467074,-0.020233532589323366,-0.016899776370953745,-0.00395868630261953,-0.023095275041641772
2023-09-22,0.007249084178652998,-0.004827559708639795,-0.010377601060612696,-0.005159955793932025,-0.006759993210360249,0.0039293903016932585,-0.0076995241888419,-0.0024741769599774255,0.010810091071799866,0.004418274557308033,0.014432968393552903,-0.0015819379239697673,0.003005977613584454,0.002967230493444495,0.013280199741091625,0.002638907044828498,-0.0057279913004372185,-0.013229812890477088,-0.009452442413644735,-0.009478672985781977,-0.006690566854556823,0.0073376119500987436,0.004132037592504245,0.006323456456820864,0.004312016102710148,0.000634289427560164,-0.0046415677379425535,0.0022531586964702477,-0.006913825376602123,-0.003959971952300578,-0.004200904881028866,0.002056053434017935,0.0013246108081346186,-0.0006272071273913937,0.00013976222293576868,-0.00723471531111719,-0.01299384860903674,0.006229972067540945,0.008048263180135073,0.016919251217088815,-0.014190866362393084,0.0019967474260842444,-0.003044960632794913,-0.001907021988476587,0.009434054287678961,-0.0016238050792075631,0.025632122305507155,0.00969757907336155,0.0004636174790597636,-0.006179010063904422,-0.025777058470098035,-0.011235950357712743,-0.018950173714689433,-0.013361708374610926,-0.012072825753960514,-0.01261912964684675,0.00887349040939367,0.013363485001077535,-0.00804005531862828,-0.0025934824027781245,0.004233546823121603,0.0049444107382183855,0.00834472698115074,-0.0006430015039466941,-0.006347225650493615,-0.0026204689340681986,0.009099666700466802,-0.00242322039206877,0.003319979174398746,0.0042889348323960075,-0.0048450098101482375,-0.0063006733410052584,-0.0032264415318677964,-0.00162629251480928,0.007657994220335196,-0.0031771580379761355,-0.0013315388169392595,-0.0021964089627923844,-0.0068757769211217346
2023-09-25,0.003084472997944454,-0.010322836382051448,-0.003952625089520767,0.008298684677609192,-0.014785256959876647,-0.021526386626815164,0.009699285083029086,0.005119222389921241,-0.009586396953290999,-0.021669861033203897,-0.004355282469562849,-0.003024623418944161,-0.01398600603147504,0.004461229277198608,-0.009938826376496124,0.002799323317086211,-0.0018087103072671473,-0.004546772168004809,-0.003956680724177208,-0.0009569231973310943,0.004402377402024982,0.01612900179874477,-0.007378941520276516,5.376894251551967e-05,-0.0016799637843748494,0.0015254570149214608,-0.005969128276220759,0.007118645921532218,0.020253201308507496,-0.010222676911290196,0.0023844656460696445,0.00035690458490056365,0.019592617929090617,-0.005363133793448327,0.0047497841929178275,-0.009716583799072476,-0.01782208966582355,-0.01003424246049578,-0.024608827851107185,0.0036891962280858337,-0.00325050825726525,-0.0011959053568851852,0.006108521472999673,-0.002534642715277702,-0.00028511337885273047,0.01665124873434287,0.00580171782253136,0.014124208784851433,0.004865595116197552,0.0022381871046266433,0.008171155681788278,0.004850311202310387,0.021922209534656734,0.0006827523255261703,0.011187634129946389,0.010626855010718028,0.006309763943449953,0.006240554581558255,0.0015641751173132157,0.025538547631883013,0.003058555233376836,0.0073803463303465655,0.002346949777930707,0.001286661122007704,-0.0031378777928964263,0.002483031580575279,0.0025578614780346065,-0.004312907041824077,0.019093938790355924,-0.005897639134543997,-0.0010141628953458381,-0.01932359772784764,0.009306044813603975,-0.003316028084551892,-0.007599795033889967,0.012394874880019335,-0.004808401678386698,0.01090140937417683,0.0048367907283863865
2023-09-26,-0.018376086199953123,0.01188135624556974,0.0004049090186599713,0.0,-0.005240658208928939,-0.020000065490866192,-0.01825183359077831,-0.020896805661052342,-0.00954904128841938,-0.026456390819769693,-0.009332152129813087,-0.003756132739073381,-0.0010132365634540896,-0.00308555136232902,0.0003309579496426629,-0.011582203398663227,0.0033219944582565386,0.025062942391616883,-0.0074775054297238075,0.018678131415149624,-0.018365054984477713,-0.0158729863729834,-0.0010006393566323046,-0.010132467099987053,-0.01439800506267852,-0.05271796269771345,-0.03471560506280058,-0.028645638904512327,-0.017369749590524508,0.012336880905675196,-0.006587385183897676,-0.03571751423077718,-0.023255239967793107,-0.010382568386505753,-0.0150163118627481,-0.001949888714206871,-0.001094158288612257,-0.007979232509340961,-0.003476087162031294,-0.009873838682432412,-0.006522217034858002,-0.000664829074213058,-0.003234875839014051,-0.010359691648390013,-0.017613775924418817,-0.040298626825268746,-0.021225839164955795,-0.0052923133423018465,-0.014756730583590616,-0.02853594674838489,-0.024314787134320892,0.007585097312919009,-0.020852030863833804,-0.01853738304287822,0.009021255817819096,-0.016977546963106938,-0.01748058984517531,-0.01872215843443137,-0.018953632863578762,-0.006429400042505584,-0.0052742007283893555,-0.023398342305373854,0.001355516477484331,-0.014564097603770865,0.00816909503819696,-0.014036621803737992,-0.008605429159628364,-0.005078538223198703,-0.001758522776925009,-0.002045906228952732,-0.0013539799767540162,-0.00985220966351641,-0.019042047370330106,-0.027317346103736262,-0.030631831842197976,-0.014254500750908172,-0.01853475959459816,-0.006325238915795173,-0.025011683526664164
2023-09-27,0.007309095290932488,-0.002053860896603088,-0.015137939025667069,-0.013374413670675711,-0.007183901467912923,-0.006122469436964928,-0.009784599752937884,-0.004772914857792521,-0.0039930357774626835,-0.01905696045359284,0.003974031757995267,-0.007395399604695818,-0.012170362674243984,-0.007643971611575706,0.016872582000414305,0.02271934731068148,0.00892940979550838,0.010339888757720184,0.015773944329837475,-0.009402915038530413,0.008706898061195067,0.010926123539224397,-0.0035778848157201892,0.019115603046521823,0.00929612956459347,0.004615071146091498,-0.0075816154081808085,-0.01168146061618991,0.012626259879508384,-0.008218939517170343,-0.021550966364193735,0.017711063469524557,0.0022054585428361584,-0.017099496956025306,0.0023434020224826213,0.01462066694796893,-0.005750836988324903,-0.009021754691676098,-0.005176172723983297,0.002911587438256147,-0.01453699236577588,-0.0018632939110813096,0.0008987391139791967,-0.0073078842161973245,0.00272716747835533,0.0,0.0007596831567240336,0.015121699849211856,0.00748887662654707,-0.008939903674130556,-0.01661398443982498,-0.026827253626729775,-0.004289927983354036,0.020973206643004838,-0.002867715459614395,-0.00953790388966691,0.01624454082239213,0.011328273729707128,0.001953721262107244,-0.004830473450160522,-0.007373413925905736,-0.008897659426936655,-0.0022151601273942,0.00043466644198320026,-0.0002230351668935926,-0.0020027231279394764,0.006062982739917011,0.0026522959797175005,0.015178164316789422,-0.004305107389059648,0.0061002653900901205,-0.015236317210014061,-0.003064713047387535,0.005760962058229735,0.005266781511794605,0.033623140835195464,0.006556866876345602,0.006782859509841588,0.002323241647957719
2023-09-28,0.023396964604104342,0.001203780567796242,-0.0004930912565225265,0.022940616061594143,-0.004823788561712394,0.009483639591112647,0.008893268663227927,0.004256915362372604,-0.00036929536062646484,0.03791262088175351,-0.04412864208185496,0.011102911881998079,-0.01950710128137534,0.005266358926450554,-0.009109623132681044,0.0028027224066902168,0.01932516982029142,-0.016001367303450365,0.009850527464287495,0.01414331167869487,0.04851485670139177,0.010807973368353263,0.002585255624279581,0.009050268272042583,0.01278198496824734,0.0058410325491558,-0.012340902037758505,0.01491968306543745,0.035308858015816735,-0.0025155586340138703,0.0007530292984123665,0.013585990833130168,0.015404313736864017,-0.00041280730277726274,0.008365239154877635,-0.004906790597098198,0.02653319103019869,-0.0009872486366946376,0.003054099279816924,0.017564219700870964,0.006661970072006307,0.002400072057899605,0.010575175613100729,0.004118597889138043,0.02083222138768992,0.0,0.018596576282299493,0.009379342891571163,0.008826970379783416,-0.02371128851757287,0.021215744465190145,-0.006188394113283535,0.00907845783575345,-0.003064367861654982,-0.008458805529303892,0.014022852675089625,0.02759276461499538,0.010611829849676235,0.01971543080430682,0.017492498496986864,0.0037975320368732746,0.0015256675304484713,0.006906733273293497,0.006191605817505774,0.0068407033159676445,0.00010936445846576603,0.014567529587100392,0.006488501384654288,-0.0011681422332002755,0.002265104196877088,0.021759599801645546,0.0001588610642946353,0.015371927812221298,0.0011932991703988982,0.009168225253300744,0.005235458524643022,0.0017673860470921454,0.03316754974485736,0.0057948878063693865
2023-09-29,0.0016640692681642033,-0.0031803003891900383,-0.006167877695695156,0.005096621313570582,-0.0043626345807995515,0.014613772650010182,0.01860905747902053,0.01148199322132637,0.01744059459515168,0.02010211255847283,0.04340491064056451,0.003901162509537315,-0.007329897989495793,-0.013781295920865744,0.011382313982399417,-0.011220287496716996,-0.00712172733198313,0.017640678881530647,-0.011590542825484773,-0.0036503126452291923,-0.0014353710680933274,-0.008655871260175196,-0.0004297055008954942,-0.006454105914901587,-0.002227265527771194,-0.005951821755841413,0.005553323463204363,0.006300109360827033,-0.021315429567372313,0.00014422152426130097,-0.0039503213896807665,0.0004480874700427684,0.007609912774186434,-0.0003540783113745727,0.0007261310623853934,-0.007490245033036302,0.010195976583425859,0.0020860146350165643,0.00011262701811709519,0.0013552242905996437,-0.00023640122679791098,-0.00026567782765618553,-0.00029615323688725326,0.010363168663871658,-0.00748283852152154,0.009049050319664742,-0.0017066598567011537,-0.03470899157028273,-0.007828693304139156,-0.002375857834355788,0.011985692914791679,-0.0016983122043960908,0.008539169058997098,-0.014571854941036633,-0.01433202770585762,-0.004913125475736857,0.0024074271841203476,-0.008050304479241821,0.0033994032430113563,-0.0003600261593551535,-0.0178763280276244,0.003046596471850238,-0.023640391037234587,-0.002806726187320474,-0.007606384794116683,-0.009484724491952923,0.0012392998236381292,-0.007140897162566273,-0.018376695408131916,-0.0006165879752435544,-0.0034943656527014477,0.003496504393346589,-0.0006055683593830796,0.013110827820209225,-0.005840234768632824,-0.015283342390278731,-0.0065847988683213066,0.007824902221566177,0.00700980665158224
2023-10-02,0.007656257307627312,-0.01614726663392585,-0.015225339607033317,0.019269897648732215,-0.03846152678733039,-0.02057600227353995,-0.03557685863040727,-0.005834989238515109,-0.007131558062462573,-0.01727204038695318,-0.0010288998271648087,-0.023603985313892406,-0.00843888242100077,-0.003924255171160906,0.002380603419785521,-0.0050295108406605005,-0.018210393767905342,0.010502544021734117,-0.005573085598988614,-0.016815343705487762,-0.012260575451109368,-0.015408397956948816,-0.00686855981545853,0.011239710083192245,0.011718867393915255,0.00802479949475332,-0.05128213421226091,-0.03016519021749997,-0.009334117023617416,-0.013112745695631478,-0.007743150925487274,-0.008065399185666733,-0.014542767826271175,-0.0015934785221261016,0.008345612125376212,-0.025470020331298304,0.013457308619870156,-0.001533742602861432,-0.01673998397912413,-0.009900985794511818,-0.016075657622707684,-0.0022019632457349614,-0.0009381217364949901,0.022023948069722854,0.0019419495127521724,0.01840783446134786,0.005261441223489038,-0.02151744823751367,0.012299809176608889,-0.03122523722763426,-0.03276743856698394,-0.029203253924828032,-0.028122264909176242,-0.010282012628539672,0.005019922333900029,-0.006680419811421978,0.008498020599290612,-0.0030579782995157068,-0.005928828213683346,0.000360155824873587,0.00046556825661681067,0.014835389202294103,-0.004265432372775546,-0.00443874797048871,-0.009116228381461644,0.0010310027342947947,0.009347001335388239,-0.00034981840346293147,-0.00864571179859508,-0.007466643873136336,-0.00840288864308758,-0.011403106028437748,-0.007675180398587278,0.016176470588235237,-0.00913845072925723,-0.013439753850008063,-0.0008259858981598533,0.0020904479518180086,-0.002670086752920242
2023-10-03,-0.019998623216080258,-0.006129886292875253,0.012940030931526847,-0.03980107925576859,0.009366998408388838,0.016806636384068874,-0.017946139004276773,-0.003254852943652131,-0.03792506286688291,-0.02472021755988174,-0.0019127172220079203,-0.015035288026726934,-0.01595738688704862,-0.007639133226507555,-0.025909422719021746,0.004386481461309266,-0.030524499986561482,-0.03380645297712215,0.0007006812299044096,-0.009745884165588081,-0.014124911110681482,-0.020344074226315456,-0.008103685733532595,-0.010975108198277295,-0.006481543556870584,-0.008249554903544731,0.018711087587319986,-0.020148651334453316,-0.02826632476848967,-0.01299450568196392,-0.03559198161394361,-0.00438191294784418,-0.00823437650061476,-0.008689549286267528,-0.01754965658510188,-0.02445797870879096,-0.022363845369102298,-0.018105995058309454,-0.02151168260636649,-0.010359729794289563,-0.026189336390223916,-0.002675054710693847,-0.005090498813200783,-0.027056600025719746,-0.022344918272343528,-0.03661366636292884,-0.02409729877106992,-0.0008683526851765988,-0.022925264201898776,0.012018542153970468,-0.022857133752476222,-0.003504752940987732,-0.02006843479887377,0.014240671451469789,0.008611780712599382,-0.024717926678334723,-0.03718627902125493,-0.008494608708176643,-0.021300767381466468,-0.008190829282828882,-0.006769697052635637,-0.007769557798824156,-0.017764898270617224,-0.013375443181540159,-0.019901521940350442,-0.011405107157350769,-0.032982379257390115,0.007544714008624442,0.001544976672799736,-0.008104945400184027,-0.021551979503206087,-0.003844921996574824,-0.012009064210254827,-0.023328502340358215,-0.03425561653604392,0.0040429805377923955,-0.007977158204723778,-0.020959428659142354,-0.04292945633411116
2023-10-04,0.018870583836757993,0.023278047671588142,0.0038987225757081134,0.005181344880482719,0.010632990145109877,-0.022727277560066872,0.004061025701654453,0.0027300279073050326,0.00477822061987121,0.041609811627183246,0.004127960644275452,-0.004938876081152177,0.0010810892652912685,0.009924956886107728,-0.022387333584142688,0.014807428393244004,0.0037508238202830224,-0.02162978089152412,-0.0023335606402276055,0.01090309976913062,0.0026483767008302905,-0.0015976139970064196,0.006564874216918426,0.011963830757955929,-0.003727901732811567,0.006384281995237107,-0.006326406646845695,0.006987415319233081,0.026502859382290245,0.01597632783446179,0.032761076023222646,0.012432015246654382,0.008227719159240587,0.007215337485069195,0.013608741458632112,0.019646763621600893,0.0007147219033196706,0.018663278947533835,0.014107558210553206,0.015048032574564552,0.021712338875389925,0.0022796997288707654,0.015846309916152324,0.022464122750688098,0.013293500695463312,0.018280939360016735,0.011020638423212548,-0.040254711554949085,0.026044125719608013,0.009716665415719028,0.0033416739299314546,0.01230955441941961,-0.011112850578589017,-0.004833437559360831,-0.0068306269893864124,0.0026704246740480997,0.014269394201569696,0.03129437838704585,0.012986133143343848,-0.0030855314400216605,0.022066019932580616,0.007308477436617,0.0320676826835955,0.00429864542806202,0.01697244371349882,0.014998091676284853,0.02781057563712741,0.00783487272957073,0.037692427184298216,0.006285557799006858,0.005864748451856361,0.019620394397335872,0.004532323098353164,0.0074087244603848745,-0.017053320637279046,0.009103546439166221,0.01693679608629317,0.017349771129614444,0.01708279829322179
2023-10-05,-0.00014369639878497598,0.010149266271561652,-0.020905622758768838,-0.0010307966431395421,-0.01878747706454198,-0.0063424763139005025,0.014155576472160147,-0.006512681734956227,-0.026317267201635408,0.0578112599552536,0.013801069694926671,0.0027075384064858543,0.018358424222906677,-9.58622797069264e-05,0.014510794304277486,-0.002541132704217519,-0.03949269471772865,0.05639302859951889,-0.01356572426895164,0.01565340337492027,-0.036373123176893896,0.007466691944676418,0.0007245665632393816,-0.003987388713781237,-0.007109441279661621,-0.004318775309766432,-0.007188340248392988,0.014076074074091949,0.012594463336143225,-0.052562551071227204,-0.042805304798164356,-0.0057363163441133125,0.00029772877667921804,-0.052157858003685775,-0.00294655109341746,-0.019138425846135676,-0.00241078616191448,0.013384547847433703,-0.004985074092581754,0.004082160320112216,-0.0021733917633306454,0.0009367288144987995,0.002836176522145406,-0.0038192595463534262,-0.009724199392913468,-0.008188983586829512,6.086963623119779e-05,0.006336739919302614,0.007088986428906763,0.0,0.012073116302526055,0.01273881340608729,-0.03820829504085421,0.016652963006551724,0.011176092289962858,-0.013949830210111314,-0.0028169162382817303,-0.0050764459144241325,0.0013607565334234906,-0.0004552811926094025,-0.005418207271422282,0.007197989426334983,0.014665704582246253,0.002524061112952447,-0.0013562372213345997,0.0047664179037745225,-0.0011912306984110943,0.02046831897965329,0.003947507313610821,0.00020817487599633644,0.007322152662807779,-0.04700322718659222,0.008613744861979633,-0.01694419522344337,0.004857736204554319,-0.0035565129813504015,0.0035140107544766597,-0.007280263965267042,0.0012770415274121483
2023-10-06,0.007251564515433184,0.013396508963724019,0.002700620721155511,-0.003096017102203419,0.0074033433416111905,0.012766029662622191,0.0089731730742042,0.0028477070540444682,0.019036563847254273,0.05815359249191632,0.01486932499930238,0.01184925933383707,-0.011664928323847135,0.0028766688119687966,0.032629461040715846,0.012409483432617385,0.01591841705063257,-0.010016274845693784,0.006046384867588239,-0.009961518198553843,0.005886639960928086,0.003705769799342784,-0.003910173774258285,-0.021052513541482853,0.007160347348678986,0.02367957897578865,0.009308919392977621,0.011730205046149633,0.004353305029522803,-0.026279249953966355,-0.002395666430808907,0.0041017047794280614,0.025143806365941046,0.0011866506797448828,0.016755481758534474,0.01594023165019376,0.005907514812130588,0.005196485918278038,-0.01211684074205055,0.005064242006576514,0.012100677727319376,-0.0005346134938317704,0.010386164569642142,0.019828034594467248,0.010865499456236938,0.015878056641289273,0.02597512966769755,0.011394548927052162,0.017938258381116734,0.01790963182719718,-0.0057587976536491725,0.005431636054756828,-0.01919551610000514,0.020020489074471293,-0.025165779759843354,0.019063245706434806,0.02693024536407207,0.014495978523759945,0.0037189886027262364,0.009836161899358098,0.00561536740457802,0.014750475697352217,0.006614450664191862,0.012370036270354712,0.009016235667146377,-0.015837661742198028,0.03910206801856786,0.02184187422531103,0.0031720299768289717,-0.0035387612419688352,0.0026246411016153104,-0.004634228314976063,0.007116596765166738,0.016877176288376372,-0.002762396468992012,0.02202507108928886,0.011549922944548374,0.01135205885063817,0.00215798075110496
2023-10-09,-0.0009981109562980928,0.003646691187381368,-0.002020027749932707,0.0,0.019767120187108578,0.021008268452991752,-0.004940898709164143,0.016717598057049754,0.014759581203957595,-0.006367088867339721,-0.006861283427117892,-0.004298895807835157,0.01716751410803874,-0.0006694742679937971,0.007142063829754797,0.015423254817371168,-0.0024592895271448034,-0.04860948979048829,0.017558255877760054,-0.006074982429218112,-0.005673460968652622,0.01213077501237092,0.010177640926903875,0.0025824132328433613,0.008793349816123897,0.018164934519130815,0.011477876326593472,-0.008309083262719286,-0.008049600757075837,0.0064708732493237164,-0.006603998859178839,0.011491617245078523,0.02116488920439008,0.0066754790443510625,0.0051000510614998,0.00807285276759262,0.006139903283283843,-0.0018309458834046,0.023469886011819208,0.015754745319761065,-0.048780510052940596,0.004814652543893905,0.002702591681651212,0.004955543001173401,-0.0037360041043938974,0.0023444468936362206,0.012564304182104191,0.03172247399450945,0.008476405038974066,0.01628134990002228,0.007033377815780062,-0.007392616862936796,-0.00034031549078739065,-0.018735301041900465,-0.011337894734320564,0.0006868322915933867,-0.004767902275116587,-0.0004572652411976019,-0.002850177475573923,0.008297175662570933,0.01708564108751842,0.008451077511296479,-0.0013385271963635148,0.0035682889450061595,0.015216760797917228,0.010159979789472251,0.013896287895292181,0.01807208706376895,0.010803267493046054,0.011489380606650501,-0.00785404962170233,-0.010974328939375222,0.015344328631395676,-0.03690191358555761,0.024930750756394282,0.014991313125998218,0.009558830916248429,-0.016092147169917026,0.018304668069805352
2023-10-10,0.008919117328574089,-0.0002648529915739717,0.009614571003039307,-0.0041406970523462094,-0.01689856511905219,-0.002057642580929442,0.01688193375083835,0.009380832151262952,0.0010465438909648128,-0.014923474207053644,-0.0059008323512455,0.008337038981797384,0.015822844484705056,-0.002774454050717856,0.009884829313538068,-0.00411688866594162,0.00905123371881733,0.004396329623189921,0.0017371755473658546,0.03256617029820075,-0.0008087336377459176,0.0020841730368206246,-0.0010076111713339664,0.005581947904685247,-0.000927233663482685,0.008800875047819678,0.007092119425218257,0.01013259030831093,0.014981385426225069,-0.0021954006388205105,0.015310276905220022,0.006124366611631515,0.006964027263288708,0.01883978989314561,0.005538035224573967,0.0024541778080597876,0.000265245173573847,0.005394802655996678,-0.0013829097170564575,0.014741846841122674,0.015334354677482676,-0.0002663901209539743,0.002502695455529391,0.006480365807349564,0.01528954622743739,0.009511938819224852,0.002955948146417642,0.002873545627037233,0.008847634018561257,0.014987237636876927,0.026705055223997576,0.015181861403994468,0.013959842042731818,0.003864092759302551,0.009880052404302342,0.01609364947136993,0.014372656797412064,-0.007662529783044381,0.017150163317234846,0.0045617540092373066,0.0015568279616016145,-0.003352274465317606,-0.0025588306689356966,0.008404187742498515,-0.0010680983968703872,0.014682600702860205,0.009743687627524089,0.0015293880473805643,-0.008667677667349438,-0.0002064981558386192,0.0069014434785623635,0.018493682894211494,0.01809512445363115,-0.0014666676488587216,0.0013513728297125382,-0.006126155828645952,-0.004744082474695821,0.005451702129678271,0.008074695792884556
2023-10-11,0.0055164173768083025,0.009010275737290518,-0.0030072265370851836,0.007276458856670498,-0.0032862952059455885,-0.030927747544528428,-0.00781251268100358,0.011643159071143883,0.0008846113539004996,0.012496273969448302,0.016504996158429375,0.00915403651393043,0.0051919696212254784,0.010265802341735464,0.007873308394237055,0.001244201375386167,-0.031377684707446285,-0.007334616421872608,-0.005896098217229251,-0.010081427484236904,-0.0235611078155602,0.00416052900555175,0.004610357926356334,0.0061019530006865,-0.003898310754507417,0.011586077362565117,0.012072506269830585,-0.0027006766942284655,-0.005535145238627859,-0.011472606078994585,-0.015873075943202752,0.00524901035549874,0.0015289125993820374,-0.01082731077199428,0.0071352708491252415,0.007280021092164413,0.005039841138174683,-0.013200053418340185,0.020886201203102583,-0.0033737639399024077,0.015102763544678321,-0.00039930322807468777,0.008641833627946571,0.03226836496990626,-0.005966926717980492,0.01814956889912689,0.01881392057881759,0.0,0.011839528794147514,0.01934829405563465,0.0,-0.004514668555645085,-0.022162676141725957,-0.010302463006784057,-0.004891729311382487,-0.011412216984042378,0.0016347463045902622,-0.001037049309767779,0.00829006579267566,-0.01059561490473393,0.0043362368195341006,0.007904221478320927,0.01417053908287369,0.004594574347861258,0.04552995794143988,-0.01642371266766951,0.012932915825982327,0.004673887478285232,0.0035172113012886808,0.003305173808125339,-0.011020077620696456,-0.03301426710306421,-0.005468803168642622,0.0026927934996434644,0.020917704113356583,0.001942084377867248,0.009734664517277336,-0.0003012773929411683,-0.00686562503998045
2023-10-12,0.019833923242896567,-0.020748908176689174,0.003351433623945077,-0.02373584027793152,-0.03474498044456542,0.027659530206779914,-0.012795270961265426,-0.0045417514651058255,0.0015535063011575811,0.016315093498742606,-0.006551919849722032,-0.018288126393576243,-0.010330539870221256,-0.0011870101049905601,-0.01245632338304481,-0.0072556899320881385,-0.03430379572839659,-0.015075759311570569,-0.014536444554249517,0.004111019774124758,-0.028964857427009605,-0.012946783040836518,-0.008604542622690725,-0.0030768054177178206,0.0035406957889265733,0.004838881117795069,-0.02107362930881862,-0.008317118093760678,-0.006802766330563648,-0.029570667281554663,-0.04153221012029984,-0.00175525677181676,-0.0039693222717465115,-0.027917844771810918,-0.003475076821933265,-0.010425358613247004,-0.004134878714392776,-0.005764011149267723,-0.02712768682033273,-0.0216235225064767,-0.02878049524818982,-0.0018646405312787717,-0.0055214986416226575,0.017675678225473,-0.0075463075668467106,0.0037927633547389927,0.03549203774751808,-0.0037250899081194833,-0.0047670902151488725,-0.005244608960568886,-0.019607744802276672,-0.07312919800528517,-0.04464277038496989,-0.022305887161406468,-0.006846899506969151,-0.011246425325388332,-0.009430451067599543,-0.015920527907846815,0.004319921256485504,0.0030597074811595792,0.0019144341057339975,0.005061172055659924,0.0003613504785551225,-0.007657983006202351,0.00507756812498128,-0.02030223543953169,-0.0030832429143407003,0.013634430251787455,0.0016048846550187346,-0.007206065915998705,-0.01848073223342861,-0.04745647959060684,-0.010212048253083195,0.003417953925236139,0.007931312977455862,-0.0008427987225322342,0.0005379071720812423,-0.0017073919929683212,-0.01545854434371241
2023-10-13,-0.026620549157045148,0.004866161840572758,0.005511557528313338,-0.013742220915389902,0.043352326300363675,-0.012422324513997163,-0.007976084795693228,-0.007621370772930236,0.010028346728129467,-0.006945313338300618,-0.00774193719193228,0.004768991602920991,-0.014613830441319142,0.013738899295963503,-0.0349548709500036,-0.0006055687198114335,-0.0075000364388992935,0.017121434726878437,-0.008732598717285822,0.004373324791705491,-0.018731906101894902,-0.0015738987254744208,0.004628253318332165,0.005427888688578797,-0.0014856225501296283,-0.004582582792180934,0.014419238516653943,-0.014628453924035334,-0.01307584776678583,0.008027430668424484,0.0037862915799184993,-0.02153824091784784,-0.044780357068362475,0.012145913387739515,-0.012569952884702307,-0.01279728355686005,-0.010247060556520138,0.0006562775354830297,0.01789215662509247,0.008544038663932607,-0.02762427128456435,0.0008007516543102611,-0.006987987115670835,-0.01942353880661507,-0.014573734049323162,-0.019194502454286222,-0.024757049323017255,0.002301005348820162,-0.003919013803174276,0.003012615582132394,-0.00938790560286451,-0.012844097059428461,0.006290500180382352,-0.0044460613328275445,0.018384318917054943,-0.005252171731326971,-0.036616673840506264,-0.017936977305370028,-0.008880246876071474,-0.025121079568912963,0.006585889072060924,-0.010292763128696869,0.013365524642272364,-0.005680697880703356,-0.0032977725629684818,0.00041293397761688055,-0.0077319467559009425,-0.0030902164911721375,0.002387305960834807,0.0041475280567178086,0.006714636436660593,0.00752702796603355,-0.00734139624152419,-0.034671515570926514,0.013770485793069165,-0.004891997478913113,-0.00887930254977587,-0.03813259054202878,-0.01843177342891722
2023-10-16,-0.0009918792505565488,0.021657868009908654,0.010713208801744312,0.015005489205317968,0.009821336356272026,-0.00209635803102437,0.023115642001344083,0.02805486299551685,0.10312693466932266,0.013652600962211991,-0.0018780452365099176,0.02121027958033883,0.019068002964556463,0.008581893229566928,0.0004433165615937984,0.007110997019434073,0.023948251254021446,-0.005174846195903582,0.02083343342923971,0.020011080080226673,0.038903939314677505,0.023646619717157424,-0.005183519459523889,0.009526614215740414,0.007253110284637376,0.00790035783616938,0.009609548184315475,0.02157550310592904,0.025867525348181042,0.017714987702117657,0.019907731013008245,0.008580232622578121,0.01811996289654627,0.006749974242053813,0.011306440228326053,0.002749758765486776,0.03882520095786113,0.023720996541366945,-0.016093822172743133,0.005320972464418761,0.02091935777524334,-0.0014670738611672896,0.017882131178262428,0.0036080990478799535,0.00982063484828788,0.021265196921155027,0.021954759347631025,0.009182314813917625,0.019453538571550633,0.005506868967400269,0.017305374430006903,0.008364326764994878,0.01482403044940872,0.00987191250732855,0.00034716989327843173,0.0022067439083570672,0.01976437903001682,0.01575765129100226,0.010919764468212634,0.017025542033199725,-0.020516937367575983,-0.0007268774246135257,0.018298410554445477,0.009162627272305546,0.009785320200096592,0.007843086372999464,0.004675317358422859,-0.0025525255021335846,0.015985994082295063,-0.005369559654617717,0.016984000743447858,0.014229740709966299,0.012392587423847079,0.045998759874825934,0.0012935344959070783,0.006356972550173312,0.00817534140001408,0.014644420242372336,-0.0037755549794155074
2023-10-17,0.012198406781060545,-0.0019034476411805556,0.0005753004259394512,-0.004223773389334884,-0.011720618025162222,-0.029411856915968593,0.01964629445134336,-0.003912845038001267,-0.008880597342896479,-0.005536242241819256,-0.0011583745243146648,0.02556288492512082,-0.00935563829804864,0.0013018433791107675,-0.00022138710088059899,0.00028088490711986047,0.016155179360811456,-0.0075934485647888295,0.005364243191952056,0.04786561621705787,-0.009210567596853902,0.0010268435685807376,-0.006512965944122762,0.003669624613203304,-0.004062003197440878,-0.004664363180856501,-0.006741972480506231,0.03352068007290665,0.0036899003768151584,0.014691727217110762,0.023012179755878215,-0.0014698669603053771,0.011444602144260907,-0.004407730995847459,-0.0032752584393412887,-0.04753198358076227,0.013832738736520023,0.0056593792448471625,-0.011020957090453365,0.008844657043324933,0.014925377455283106,-0.0037384095058247135,0.014632085998809163,0.016977224800971413,-0.0008105114203215136,-0.008147882355257097,-0.020131422044629144,0.012510676144992017,0.0004288262869940329,-0.0027383547230539484,0.025111322954064264,-0.019354813380434766,0.027983093748827015,0.00605140606279031,-0.007634954593983001,0.011784434690588208,-0.009131688412309158,-0.0011752230983474998,0.012117435411907573,0.015292804732838006,-0.010762035613141263,-0.00878470874714321,0.010735190032692632,0.0004271534670061694,-0.008574984611970149,0.020478833733746482,-0.005568347413413055,-0.010602444832941371,0.0012200406310713952,-0.00809795211951525,0.007640346717416646,0.009470362616978534,0.008094729497815978,-0.002831332654838148,0.006459977817065088,0.0034533069243696257,-0.003944898638140737,-0.004948512817515405,0.004787147372696365
2023-10-18,-0.00889843249254596,-0.014695407334306632,0.013632234724685333,-0.006362758129120016,0.0052988465498842174,-0.030302905417492143,-0.026011628666884667,-0.08846481639307813,-0.01775080410351826,-0.01769830080606616,0.002029060300647867,-0.06613791872572017,-0.005246569782592081,-0.018249374699928156,-0.03964571604138645,-0.004291521426510125,-0.015753778419190345,-0.005422303407946472,-0.02818693541863282,-0.01404180209772965,-0.01816991537708923,-0.013333471834630406,-0.004370863448055928,0.0005223940244729608,-0.0031516804355589123,-0.011822540902181267,-0.01756850270606214,-0.034870628003005666,-0.017769572623520413,0.009600381854408369,0.001004202372789198,-0.029931313150498906,-0.03663042065505884,0.01035092086101308,-0.013118158318000228,-0.023101249404836155,-0.006440525710409761,-0.004565703488981665,-0.008797817882722492,-0.01629159602656327,-0.0967098045043665,-0.0016085865766031215,-0.005740414892810852,-0.003963705175657695,-0.007763166230401297,-0.025405007278304192,0.0029739359340199556,0.0030887975102693588,-0.030647241959969596,-0.0037444866954871037,-0.026471748083335633,-0.07957396332883249,-0.006848178524780257,-0.041179937058511085,-0.006469644007159769,-0.02333460095312545,-0.03197272681441932,-0.015766538317987355,-0.007046581324482104,-0.01087346344277429,-0.007419450495314894,-0.0073947710394800525,-0.013507335041005097,-0.014306945424412576,-0.0029535285434519887,-0.018462536962470022,-0.013838919505403391,-0.0023556762037667545,-0.016388730283294906,-0.005652017459042424,-0.013084636832127017,0.0003473934695075176,-0.01253437424572268,-0.034434827464972395,0.007702304754233058,-0.007302512558126861,-0.014061997994231246,-0.025279746114728163,-0.026798958212086776
2023-10-19,-0.0496287669110449,-0.023529458091200217,-0.004617967302423698,-0.006403389274590832,-0.0015060205162350515,-0.013393046362674577,-0.007912868334367329,0.0007833854104104532,-0.023224238185338253,-0.006809286029585082,-0.023286163847470287,-0.006672656658664122,-0.014767864072737225,-0.019203361764133398,0.017297098073632666,-0.008781132734084207,-0.007745908218941944,-0.027744134845248736,-0.005609845627360999,-0.005626368260645553,-0.014967433517150908,-0.01663188277559935,-0.004389446816212783,-0.01567937330482516,-0.00836890982274796,-0.01056681979913976,-0.014021329885609557,0.029137405956859652,-0.01746733505456277,0.0009352586481279346,0.011235982575773296,-0.005977874457221866,-0.013462378094099225,-0.009072360738621055,-0.009356743342873064,0.026454314909682308,-0.008358954394245055,0.007146598440308072,-0.020473349416695763,-0.015578955934758776,-0.005794781717537889,0.00026890272580981645,-0.006477623454838932,-0.0038181026071586466,-0.014888680960432055,0.002107149015711185,-0.021645422137941628,-0.003919214311636554,-0.019898247187493556,-0.0035078648872098883,0.011363758594527651,-0.024846819710299783,-0.023961321988909434,-0.02038848020571382,-0.020767340927727362,-0.026194595620539718,-0.015154611538151341,-0.01314999449225851,-0.026319361178818723,0.0027030797091518455,-0.015453806121941027,-0.002160947382067069,-0.01954364821339316,-0.008990574802923312,-0.010508442231892512,-0.018400817533593905,-0.006083711935645719,-0.008657745172872322,-0.008542763342350268,-0.004842153751056566,-0.00999447173436463,-0.011809588541958682,-0.031931706661812,-0.009948046797692567,0.005095477042124763,-0.0006763104058187253,-0.010894649432810155,-0.0142432595417753,-0.006935261882153765
2023-10-20,-0.0023060139305657312,0.0005830719828219255,0.0018719807130982424,-0.0010742040837917743,-0.0015080850084198127,0.015837098014113593,-0.03888343927202098,-0.014204856402226684,-0.0009338830230634088,0.002342226222335597,-0.0045904774340360666,-0.018626163346552538,-0.008565374710456819,-0.007282125846016174,-0.0070280500465798035,-0.017880372202017103,-0.0015169027679439173,0.008037341346621929,0.024246592185038995,-0.022809670383986957,-0.006990642278778103,-0.006870983574407852,0.0036741915824562987,-0.02245290725972604,-0.007314247418629072,-0.009208155858794753,-0.003091721564120964,-0.028312454477124605,-0.016507869677153897,-0.0017131014646977194,-0.008333372439024989,-0.003932018431300199,-0.00862666167384385,-0.0034876770457304973,-0.014917961851527162,-0.002119206734896628,-0.0051607555779873415,-0.002436012627728079,0.00567853954887676,0.002138601756261904,-0.026089332738171378,0.002549582043066545,-0.01672501719100694,-0.026595113760817357,-0.013039449074564557,-0.02515573116103942,-0.01636260167863668,-0.020798389271510676,-0.014437247415075904,-0.011818008315981343,-0.06540931349674461,0.04153579580810707,-0.0098905498820826,-0.012438304271258138,-0.009166037511281644,-0.00872056453848824,-0.02406776384082976,-0.011750583847159546,-0.02526186767050176,-0.02381378320710359,0.0,-0.014704236786725056,-0.012174658193464083,-0.01191383755274733,-0.006378904874014046,-0.007877086677414491,-0.02619765866687518,-0.00611804816377115,-0.01374670639462583,0.0046541035064795455,-0.017100502782648186,0.007029948882703918,-0.005941293913402146,-0.012259873445783276,-0.005069644783518568,-0.018529508513838278,-0.011096729019136387,-0.010782742694358305,-0.010680792373304437
2023-10-23,0.0008201580385467366,-0.015770101475535814,-0.010398783922767496,-0.040860241935942065,-0.005287254534949937,-0.013362991175538852,-0.007261558011265268,-0.020366568097699322,0.016775261502687266,-0.0003825103883758896,-0.005057942909390878,-0.0015556271161993873,-0.011879200989457939,-0.011270326435932287,0.025570878286014675,-0.0021514761282692696,-0.01541427147934038,0.001298020412769274,-0.01335974785689431,-0.014113793321473778,0.0036176495885349436,0.0010643638206280226,0.003807064421334605,-0.0011576309585030753,-0.013791855756275728,0.0025893459153811804,-0.0010335381836726887,0.02020188019339031,0.009683687827236387,-0.0017160412174207496,0.006402554977092301,-0.010867586402244833,-0.013663004354798836,0.0004999980920039615,0.0030174847893014167,-0.01507156901996487,-0.010807567667581175,0.00010629158690500518,0.01201341142024015,0.011310259760854535,0.008264488864812902,0.0017404432958285643,-0.008168320639366455,-0.0010168012529265802,-0.015914101009278148,0.011104892625885654,0.010062784723819718,-0.00487946589732946,0.01052879179741395,-0.022900551820016046,-0.011593021833081862,-0.008042887730928872,-0.033178705487931226,-0.0004988572151548576,-0.0005442153711745501,0.008942659506110395,-0.009096547013446199,-0.0026966915084882803,-0.011978177106964583,0.00027625137858566795,-0.015269761495870227,0.0006939897047935073,-0.010874861486646958,-0.0007742539977576568,-0.020623643876158337,0.010611466115000523,0.005363722689283534,0.0037593445844983364,-0.0073362016777879235,0.005264169126013574,-0.0001396699112470312,-0.011169355667772884,-0.013808672397885413,-0.006334008149930903,-0.00700640759965665,0.005430986078994948,-0.00891889863283346,-0.008938271281504373,-0.008927641901384287
2023-10-24,0.00499112967648796,-0.005051496832471969,-0.010754467533789835,0.021300463041181272,0.0022779510967454453,0.0,-0.00417962759370516,-5.798112962984714e-05,0.002261103417557919,0.002677526192339741,0.017793025216948033,-0.00981618582722621,0.01092910829001581,0.021421855339389673,0.01758685140204297,-0.00294421902856401,-0.0009785103282798913,0.01209880687572329,-0.0052261576332246484,-0.008626249709793199,0.0030201685238129272,0.009569400625514923,0.003355502114603226,-0.000814704057262805,0.015517158104230377,0.012693293193091426,0.01283113421956883,-0.0017135826630331197,0.008312020112128504,0.024378722261334307,-0.004970179001827946,0.004178858648909989,-0.0045399013721904025,0.013180756188739373,0.009728161124704426,-0.027752697882671984,0.012236544801147886,0.004458625443295672,0.013176527465298626,0.0036576231213212296,-0.006783540735477489,0.0004010200613626669,0.00218001173221527,-0.0015728347517194319,0.006468543388205017,0.015802781594350668,0.021908701148843468,-0.005480302377182222,0.008606959009848092,0.011979192939437944,-0.0017376125601479275,-0.0027027000903735443,0.01457563475864343,0.0029943479621485913,-0.0027222815850365123,0.035470655926352235,0.00958805271396046,0.04265000204474512,0.026157218214127642,0.006718222295823084,-0.003161838554588847,0.002543488255511983,0.019056884553398934,0.007306439914600782,0.01120625561286337,0.004645685854018922,-0.010461797790897176,0.002995992077568843,-0.01797177503945313,0.003351823694760281,0.003214503979007022,0.027532726030195853,-0.012121323878109935,0.021762957542622585,-0.00064151985610017,0.004201236466362612,0.00989911613534411,0.00758896837103773,0.004713320513888952
2023-10-25,-0.03550781083685317,-0.021379554070046436,-0.01427402392671484,-0.015367628190404048,0.03282830829906125,-0.002257368595661835,-0.006295646297063362,-0.015231377118107403,-0.016535644670889527,-0.09257377568532876,-0.023064419684791004,-0.007710448811913184,-0.02270262837942716,-0.0007214601878895444,-0.027127669299947033,-0.0919941423253805,-0.044338090079625525,-0.027262753340233092,-0.012179305233422477,0.0024993453254826825,-0.03399543429413332,-0.0047394092533654675,-0.007560244742321531,-0.0033522226235151997,-0.011507145509612626,-0.008520750565188528,-0.0008173722093448577,0.004959036333891831,-0.010779935536848417,0.0021358463685356988,0.0005994524365930953,-0.01477532476772403,-0.03858522472309489,0.0009865954470305027,-0.024475807502595037,-0.1098869705572395,-0.0023314011545595426,-0.006552442985727103,-0.022261434275928416,-0.03938604682199287,-0.008252729668879022,-0.0014692607163333538,-0.0019335316591534424,-0.034138896496225035,-0.031164646455620004,-0.055771610960691276,-0.03572770176056195,-0.01334089532681626,-0.020211042799311074,0.0036026468757841545,0.0021757740399295233,-0.015921450318931663,-0.00436437609881235,-0.008210041888380815,-0.01273886721056361,-0.02537664793774408,-0.039199886956978514,-0.003536573509799301,-0.012100833431846425,-0.04214286341497686,-0.008733882274620797,-0.013491728046529872,0.0008391723538827556,-0.012748625575276562,-0.014341279085612446,0.010789807602829438,-0.02687336162924603,-0.000793367240123688,0.006841536711427176,-0.006889554095283579,-0.011145148002459915,-0.00034359388671767466,-0.00740432454863571,-0.013926565504233324,-0.005134723959171361,-0.04209341228096675,-0.0027769937711518144,-0.040388447676621975,-0.025541953262661732
2023-10-26,0.005610835932127856,-0.022859919592020383,0.011702438326977926,0.0022296060675823792,0.0007336455782072093,-0.006787311088273795,0.025343007850443966,-0.013290922849650832,-0.020368078752735053,-0.006913187325317982,-0.029624138428559377,0.029971460355783686,0.01548658981584139,0.10272451707120589,-0.015740978833692743,0.0023358874367112037,-0.24884703486647397,-0.02401405542128998,-0.020669611504968266,0.004801446245739305,0.02976219425847315,-0.0005291155741182774,0.00673872576348411,-0.004345667691566191,-0.019656522276872757,-0.005762736601452989,0.005112626358249717,0.01840963096712711,-0.004487320938012185,-0.0006089499761915418,-0.0003993701484106271,0.009918864966897534,-0.003288470596081172,-0.005789836546357341,-0.01906726118284685,-0.015431588146611386,-0.010818591478118367,-0.014149019397490026,0.015338803157726622,-0.029401136811450956,0.0020085996524847882,0.0024075797166482893,-0.009396097534356551,-0.01316342088256317,0.006696289543287159,-0.01499299533713827,-0.026929243796795732,0.029394531630768883,-0.011001593639361817,0.0038459398603465367,0.024316191854975022,-0.026161732925749415,-0.11652965184948405,0.005267882817010294,0.000368672032510009,-0.01341750552554255,-0.019347913960275243,-0.007334418218494343,-0.015365623674933881,0.008016807335126552,-0.006312186388486962,-0.024605521211203962,-0.012456618252344787,-0.010241583921019148,-0.009002282262816519,0.009596339667435005,-0.002553765056520829,0.006305921306162476,-0.008663334535641276,0.005676045223177217,-0.011482200502514361,0.014089279707793612,-0.05924976950340721,-0.025114984554473696,-0.010967622361175211,-0.003921983632679371,-0.001724734105096215,-0.03173698811440229,-0.007489308677312123
2023-10-27,0.003515861766222761,-0.02721087402011424,-0.027544268921411152,-0.02447163482325676,-0.011971678519933193,-0.006833576271851993,-0.027806351785205963,-0.01072846322056098,-0.0046317426163982045,-0.030997317363168353,0.01735654868847858,-0.02170902616208381,0.003268184836448418,-0.0006983367001188734,-0.0029698764322616533,-0.018278188730113665,0.0019941482351020223,-0.02505466441937887,0.002962192961272425,-0.005329919432836339,0.011472883970703007,-0.012175790854923485,0.0,-0.008345679918995819,0.003698692294992645,-0.0044322089356075844,-0.016887192959058717,-0.019008591473836156,-0.030907811684123265,-0.009748706780719929,-0.0031961614666969895,-0.0031485100063898264,-0.00359665056427505,-0.01108993277502679,0.0048012887097217405,-0.023836719746492374,-0.013124514850602842,-0.007014252771895491,-0.00424861347555594,0.010447981507778037,-0.029209527392630275,0.0002672124534797149,-0.05818216161849532,-0.011977976644571453,-0.001802711554821479,0.06832816082460003,0.014042769092358132,-0.005996674368013433,-0.009733533459800325,-0.018390613483370788,-0.029673514523611888,0.004595233529852916,-0.05230529892035096,-0.01147847846747696,-0.03187764008925564,0.021659532912233992,0.013510437401532904,-0.007389205642008401,0.001545759629323129,0.007952973484758097,-0.01252809319749515,0.00796915326267933,-0.013220092306027498,-0.003599232147232234,-0.030180643996721712,-0.010831334522952485,0.0018659636834996718,-0.02970798492725002,-0.06350468620535676,-0.0006270926515775654,-0.01589099236812197,0.012199325353442925,-0.013366682945378905,-0.0027531836154917055,-0.011741867496583458,-0.019507914227299916,-0.010013027914471229,-0.015037743001881543,-0.0472134455984492
2023-10-30,-0.002056556732715986,0.011470247281255563,0.02276229614600145,0.00798158333457355,-0.000989218989461138,0.0,0.012711885389997901,0.022472862798328608,0.012744926793947009,0.03951267058914931,0.006397444631953908,0.024866240755242686,0.018458087270113,0.01690531567111697,0.009165714179347306,0.005771751796012303,-0.021996422407772,-0.002306212818891429,-0.007875851438365,0.014874359221421107,0.012501263096059922,0.017685014769356355,-0.0024739734360840204,0.021822044284283137,0.00019387228784495392,0.012892495039288354,0.0033112660576259945,0.024696031484288117,0.021926914905832318,0.014920802933504618,0.01563123758407814,0.00014139579642691302,0.028985682423630754,0.016664412972676068,0.011265271008853661,-0.04524170914257675,0.016933905570839958,0.012280139300248072,-0.0045039417527260595,-0.008033821551045817,0.0265486038546221,-0.0012008002220763592,0.028552189961943197,0.03703850961401023,-0.029208346217471925,0.03890722509168976,0.0034473317984071716,0.004308965132439724,0.009127062808951036,0.000520592499811956,0.021406617485166146,-0.007037324503960218,-0.01745182384719912,0.008708847268551922,-0.007232604900905715,0.021483643726524226,-0.00909857026878369,0.00396229055956443,0.024547967057343634,0.012868839849508484,0.0028590478026155886,0.012305359286803652,0.018682400958778933,0.011626684129968812,0.0061934266921255254,0.007970342718298218,0.012344636218617255,0.011003233546028612,0.017821832436669904,-0.0023010755523908966,0.012237491079911456,0.005021761642493905,-0.003673827317265621,-0.0019720176305055848,0.0018815180679441212,0.009126658100038654,0.019408275894576388,-0.004532374933593375,0.018440964952242567
2023-10-31,0.010074231617996032,0.0013911157325823265,0.0010038400323810759,0.006787483542971984,0.00024767703404005026,0.022935632553996,0.009414322784232487,0.01272745027531541,0.004416109728980544,-0.0018678142953918453,0.01210821416534813,0.012131425239517046,-0.014925485465207666,0.013316857015420958,-0.00340596942076532,0.009903785962450229,-0.011513382735506839,0.0025757835031743337,0.015008598869376666,0.011288100873862561,-0.0016208780557493974,-0.001579761980144312,-0.000291355381495495,-0.004397167953537506,0.010859052864381935,0.008571883536812486,0.01361374149146588,0.002992846047166431,0.006501918355987568,0.0034858436754694466,0.008287256638047413,0.0020267800900068966,-0.006541059721013265,0.00616237025003441,0.004782443454477869,0.17859332326059896,0.01107261530487369,-0.009769246984058677,-0.004881828956436629,0.0029995791389305637,0.006034456582660441,0.0,0.007722214984482667,0.009716466947784719,0.009301822920611658,0.002863308000901066,0.00014255640742222297,-0.01544622530871298,0.009276473464453927,0.012743609546674861,0.01411446160681562,0.0063784659658230325,0.018267854393505978,0.0018768653718435058,0.03393405795516857,0.011824765229870415,0.00832795657834362,-0.013035242843400963,0.007317104140035946,0.010757527708344927,0.012784537336064883,0.002818813841179324,0.04584937665092004,0.004463331183437669,-0.028458368156910607,0.006291452483028426,0.02622798584116004,0.010078992015104982,-0.006975228286712043,-0.00020970319596480547,0.008584431601941223,0.010326383221673563,0.012214832682823307,0.016597538313047,0.01609650822438069,0.004341187287823622,0.0077764360612637695,-0.002276643891305552,0.005332323617935453
2023-11-01,0.022213670908465932,0.008756427927272048,-0.0014208079512998406,0.002247142445604311,0.006433830460073953,-0.006726438255293621,-0.0020727035152314777,0.006283567273321244,0.004599973335511098,0.016327496415669218,0.0378345321009288,0.014717195387559556,-0.004328975788937206,-0.0019925067905429694,-0.009569271552972936,-0.035972926408876504,-0.007475971891225175,0.03425557868051676,-0.0045215719394435805,0.0036006979842024833,-0.05462439756815274,0.01213077501237092,0.009703133885053061,0.007892103707132447,0.0011509022867759455,0.0037072510809570414,0.013634622042068445,0.005967981171760561,0.007751996103057657,0.009213173637755645,0.010763269436032452,-0.005033063699047435,0.03714199708142174,0.009737736115062345,0.017356866864271403,-0.023037982319943806,8.606940426636456e-05,-0.009648724679905185,0.021682438959852446,0.0004485798773363747,-0.005712566633263139,0.004649188532706905,-0.02569368842097275,0.023380826407713995,0.012140189666665968,0.02937864429857373,0.013751338774622868,0.012202299692469776,0.006893364749655628,0.015151377674057498,-0.002530524785590349,0.019366237739324443,0.019490448980163055,-0.018858467067141893,0.00815869876171238,0.04776989538320109,0.010165319306901122,0.007512258230352842,-0.010895875226091811,0.017432940947845976,-0.022475441946938624,0.018738667657969943,0.03830179267518208,0.009997805571532847,0.020101541912605825,-0.006252117582340677,0.020971434860526994,-0.011899147153291878,-0.0011950009260490724,0.010543320988801064,-0.004539410253409315,0.004286252663693091,-0.01821484984607502,-0.014512506670468106,0.015181620868633283,-0.019720870259179124,-0.002906395473027845,-0.00612440508309986,0.005193320969623771
2023-11-02,0.023800599139556677,0.00934815766133612,0.013225078619158115,0.0011211705385338888,0.014998886777642051,0.027088190824719582,0.0737279779004738,-0.0028330282560452558,0.02076953952188032,0.019149356248880256,0.014985778328178823,0.04814576874244403,0.036956555505410105,-0.001741594617686304,0.03232117377471111,0.03893144772159651,0.04972436153326121,0.028853495409534302,-0.0003682121901025237,0.022602962783622615,0.04550731984876388,0.020844231937177105,0.005798244096242078,0.00034182070743038473,0.010730283581974032,0.0041060847709557535,0.024693799719718523,0.05469034998829314,0.04487163955151763,0.017210355298657998,0.01955466198828959,0.026994926600378166,-0.004658745911899742,0.01188831164515669,0.01815318945871036,0.0386428290949552,0.020175814289254523,0.09480017422151388,0.02279645581105605,0.027576433067270978,0.02901460159976188,0.0016002287624439226,0.029918216262843522,0.026097377360250196,0.03202702934023782,0.007810272439553012,0.021525498921450392,0.019230931196565715,0.032633507876192125,0.029598004766419272,0.05919673469699793,-0.03488774446509846,0.010428098211797021,0.02278490699212954,-0.00735695639212286,0.01499218474316888,0.025157201311068356,0.014912790846355772,0.053495629398959244,0.058345971104529326,0.03428574333219814,0.020693237416500976,-0.04511103652364146,0.01979759097078193,0.022044219643680973,0.0019984452734544966,-0.0016334904740992195,0.007822892779360435,0.007576635780773611,0.007913310878026936,0.01125740180971202,0.013131978101890152,0.007653213717883078,0.04082576220464884,0.032509783411335036,0.0331618466161292,0.01416400214712299,0.037940801414809044,0.03649540464504275
2023-11-03,0.008952575823707454,0.03158851968233001,-0.013713318478182468,0.03807391201797827,-0.007025325906871882,0.026373546832181738,0.027079248097608755,0.018729064275871288,0.01097891617293989,-0.006007180215264141,0.030380392823390334,0.017831750394017742,0.022012506741259763,0.005319055159850095,0.03353758937833762,0.003431504941157293,0.026622269770175677,0.036030504353378845,0.0031929094828846427,0.020524482887865902,0.035265715225883065,0.0035731138172094834,0.005908335789645225,0.008867386643986341,0.0049286500051854976,0.014400743490262435,0.0033306980684142395,0.03902273230040043,0.028221062156257748,0.012505690224194899,0.05507029119411255,0.01984067044497717,0.009026948168962212,-0.00023976412907067424,0.011748904721339049,0.10121581956766024,0.02476347855085148,0.02639736773683965,0.006778669526650294,0.010254572088068237,0.0471803082386173,0.0031958975303250092,0.010681382059518851,0.008859606910930351,0.021784108222170584,0.0038386235328597973,0.013060971040594005,-0.0033988240290723226,0.015027631053608381,-0.0034397753851185264,0.056287425640823674,0.041159613333882294,0.00924518925936857,-0.010578527147818484,0.016305303567056395,0.051754482048124384,0.05030669508306196,0.028557893944253676,0.008132771480665602,0.0184048832876198,0.0032625756365358694,-0.005181102330744758,-0.004538039644922276,0.011540183593171882,0.012265960500670303,0.01041558638189466,0.020696979904371693,-0.018582162524938828,0.0011870951891370662,0.005991589088449878,0.02057363242256538,0.00842521229236537,0.03429202510235174,0.061457777143815395,-0.0037784787405389375,-0.017871367016779938,0.017184511684432913,0.02095467207455548,0.014635909297798788
2023-11-06,0.0043649523397102374,-0.003486954377505014,0.011726261901554347,-0.00647246571381932,-0.007074728927629836,-0.006423963992832293,-0.01129925873466453,-0.004894902901637743,4.907589931968381e-05,0.0001362782997564871,0.004684309730329073,-0.01443596435733141,0.0010257072627033459,-0.0014815507948313655,0.025657631209843323,0.005608411073769304,0.0016714030944799951,-0.0011951729891633844,0.003794772235606425,-0.011688875188546333,-0.038637417925267536,-0.006103580414609455,-0.004297834535791578,0.015903283335810814,0.005282073389874631,0.0005013861888736315,-0.005467654228219931,-0.015395138488947469,-0.0053700792644003625,-0.008427689833476415,0.010439128906073902,-0.0014442774524893176,0.004333054012018334,-0.0005395986668133013,0.004079205854551793,-0.042631043070560315,0.007340260569781432,0.013443832238039688,-0.009699923189128934,-0.032683092831565896,-0.01999466898321478,-0.002123921176547583,0.004049527467713476,0.003175742731054365,-0.002084231688721294,0.008225103459209127,-0.0020957645738592934,-0.0071039909788571665,-0.00043545520641807833,-0.013313646913393207,-0.012849649365488047,-0.008250249909222296,-0.023647113894642358,0.016729483225952135,-0.005104809244962594,-0.009381836707839097,-0.0023363860555878357,-0.004953847034733672,0.007796143977350178,0.003430478889414834,0.0008240469792673011,0.014605096626928216,-0.004558727330277512,0.0008529267839130217,0.011005784991853451,-0.0026318668374526455,0.000921739971613933,0.02118679283651481,0.006863771546834041,-0.004723472825065578,0.0035209980218662285,-0.004820181376041011,-0.006897962834426674,0.0002975486512928338,0.0012643875326971976,0.009324604734567199,0.0013132971598559529,-0.0010261063340238907,-0.010243673005916998
2023-11-07,0.009831856283387674,-0.012146580111617511,-0.0031459090004790635,-0.008686366504561116,-0.00663394044123744,-0.0064654981199505634,-0.005714442881146087,0.0005146981109300786,0.014070327399480442,-0.012991191638576205,-0.0016453229113720935,-0.011376658143182228,-0.015368794007691644,0.0024162284554674063,-0.020601288168538234,0.007753857823665555,-0.0012640946280992882,0.01824710238186822,0.009390183412447906,0.011653221951292592,0.009804819783424845,-0.0015353556029303883,0.005036040260328223,0.0025444610565206194,-0.003002392573045687,0.014555451958364607,-0.011780779961421683,-0.014604787152294296,-0.005398817223098762,0.003663110927330404,-0.0028500151256077855,-0.0032999855497812813,0.005887691646081938,0.002879314294176538,0.009452647275904447,0.04862799686280561,0.008350944283491701,-0.0033645115337592735,0.014749855952635116,0.014809894808945456,0.00734495294047699,0.0017295040614495605,0.0027052249611114743,0.03492793275025852,0.0032226284410128425,0.02125376487729147,0.019288453412052542,-0.03091025835936667,0.013504659855051449,-0.006996548621396093,0.0015315448608297366,0.023223572528071168,-0.008509753126895392,0.009649977061420234,0.002748791033860609,0.005782749884657656,-0.001170966242761029,0.0010420451156392119,0.0039687631061251505,0.006587079134453111,0.010311416332586587,0.014450792440048987,0.002935646325043617,-0.0005327511144751496,-0.006304417589386269,0.00553393635154209,0.0158545517369586,-0.0031918869259908167,0.005995883647174516,0.004952341908019298,-0.013277581057257182,0.0009686144175944378,0.008066375500126899,0.008685255217534493,-0.018308177351399224,0.009328167052588876,0.00767094772821153,-0.006620444745818244,-0.006125212537754554
2023-11-08,0.017567404476716453,-0.05667520921116209,0.0020761631207710796,0.009857863046985216,-0.0039575493076809964,0.002169116522590997,-0.007662848211325457,0.000457194699756025,-0.009789909761095505,0.029926512770211522,-0.007143103251108118,-0.002445334865149862,-0.01144649610973758,-0.010191161634677037,-0.0030050427448867767,0.014533020323240553,-0.019744881890007115,-0.00470037054114103,-0.016551688896200734,-0.01341017075073947,-0.007690784927713246,0.0010250843499608475,0.0031496930975962734,-0.0068095867845293645,-0.002446851979486131,0.0018051456577419245,-0.014901672751988393,-0.012903151673268831,-0.02714125551754787,0.007738656719121995,-0.005716321854965067,0.005125086255304723,-0.01566768150633968,0.0012562252341665747,0.0006440472092406058,-0.020337808065556517,-0.003004045832261326,0.005980096428480186,0.017033767288136215,0.052141394679722675,0.027275240872952855,-0.00013263931265905526,0.005690236696934026,0.0001879448893853386,0.004758505627304954,-0.004414580990635519,0.014824820859813626,-0.0035439016726054318,0.0019342393068777497,-0.004026092670316839,-0.02561184998277677,0.05013548507066812,-0.030809752275256064,-0.015929575068359236,-0.012061400451182758,-0.011123007701256848,0.00781559341446214,0.0015035237179443772,0.0025460963672530035,-0.0054670809795166475,0.012093205189150469,0.005884765012326154,-0.015103648826473082,-0.0002130793884823623,0.007930609804149835,0.0010572425326278445,0.010522989847098874,0.0008947866831547913,-0.00943705761356961,0.0028745368046996234,0.04538785457908934,0.0016129687214478938,-0.018448726057569198,0.0011205617135054968,-0.019292537331647264,0.013507530796416534,0.007888580708855564,-0.007468793946577956,0.007969387849015908
2023-11-09,-0.0073495425017172655,-0.030385465366388753,-0.004475427721446157,-0.017353659735946936,0.009188112429627804,-0.0021644216398500893,-0.01640936958588668,-0.016152929573316266,-0.007470041906912028,0.01726379567523706,0.017847157368398037,0.0007212151720450422,0.0,0.017473376572586297,-0.024219496517713268,0.0046124611624795975,-0.032434660353626854,-0.02880749586688569,-0.01572480744106719,-0.010107136591825605,-0.018988559012723005,-0.0035843909808693786,-0.007421076063088283,-0.0072436127403130435,-0.018867953296139883,-0.001668956778749453,-0.005042335639651285,-0.01642821622049806,0.007439609897573085,-0.001159140039269979,-0.010420374019896594,-0.0006769172694500725,-0.011661949947283756,-0.00734808167926404,-0.007695759388401502,-0.006018388965795096,-0.0034206233220639426,-0.014460719278544532,-0.02300126240652911,0.0198648224664848,-0.01892747642940329,-0.0022578161626881643,-0.004780111923583075,-0.012933329954715078,-0.010538064567823247,-0.010416636461610618,0.0002744076174043819,0.005334876831324387,0.001501494989875285,-0.008337521050169161,-0.026284736562629085,0.005161285400390625,-0.017711260664895923,0.021292575842756456,-0.02848688265642918,-0.018985739893827902,0.01764236436763711,-0.007044560044353276,-0.005881206002109729,0.0003331576316298879,-0.0021609335862585732,-0.0026243620405258516,0.006538193190928077,-0.005970187947960892,-0.03366767045029695,0.0019661382071713973,0.0001950792189451267,0.018019213457324934,-0.003975581604850897,-0.006961155271902109,-0.004868378742887147,-0.004830918816004837,0.005661297679581123,-0.02002941912509204,-0.007213067186982114,-0.00026308112126438576,-0.0025829266446295573,-0.016786126132537382,-0.010014788317587175
2023-11-10,0.05245523155824383,0.0006231889314580741,0.005994062957452195,0.01545243666040741,-0.005413473437068217,0.002169116522590997,0.007851052249174817,0.011993422768560746,0.01743820918300054,-0.01727926327850149,0.02433075061874823,0.018731712884953566,-0.0021052192525713442,0.00860772357389994,-0.05692235473177676,0.008696786094090525,0.025568531218942203,-0.015985927635018493,-0.0019970789836023517,0.004136970497122805,0.018072231513467374,0.0077082187145463,0.0018687844485272276,0.024588496018469685,0.011346185464413239,0.013584287162841546,0.0016216496795182778,0.014906678821402508,0.00984618408767024,0.0026108287330011137,0.00363102653583125,0.01643564049900048,0.01823127296153837,0.004573887409038191,0.02248230453471889,0.003877760692077681,0.007845075523116751,0.020541792680671023,0.00559994608691472,0.010661546476942618,0.017952893599179065,0.0009318058383873673,0.01578123927397601,0.03371755599062376,0.03105367373980905,0.021052569890351647,0.05062641935440393,0.012382185941709922,0.04369246038830177,0.004585858881106297,0.009669748808043943,0.009306833021420102,-0.0034673427975511206,0.004267257403189895,-0.0015232640966753586,0.0246089919675736,0.04057922536808456,0.026517666175366994,0.01922689485950624,0.034221428917528884,0.010318518316994707,0.023219920520842097,0.015117582354269965,0.011475824203274865,0.0123076524675243,0.002688838938357252,0.019925853415195816,0.0033737049091959737,0.0009349230372710515,0.003298867272335526,-0.008176444282576578,0.0022653726119787887,0.009457284194995808,0.022302322326152924,0.007265473535740696,0.012366274903253593,0.014536906047998732,0.0375604172877817,-0.013736554630777054
2023-11-13,-0.006238289004362296,-0.009786898945460809,0.0031446761518727495,-0.027173900557228348,0.0,-0.008658020712597247,-0.0038948455428977624,-0.0010928656072924925,0.008001540965385967,-0.006459194875629848,-0.007696323377087033,0.003960735945226723,0.004219381155829094,0.013821159484019407,-0.01111229885939613,-0.009365810891596826,-0.004736395352013978,0.019272315331091416,-0.012381268489731756,-0.01595371375887178,-0.017314929635503074,-0.0005098986919666038,-0.000287023621831084,0.0019233593729237608,-0.006845473613042552,0.005229890189208497,-0.02752485784183034,0.010617462190605442,-0.0012187889712056421,0.002604263204512014,0.004703367257089086,-0.0068855798865099516,-0.004125912729596393,0.005092438353835105,-0.003118417826677655,-0.012605046361653605,-0.007865132392627316,-0.00785945399845056,-0.002272875070702396,0.014944491358581224,0.0031586977252697768,0.0005319963655388005,0.00414934123183297,-0.011519949407512775,-0.009633241368768974,-0.006756765374750118,-0.011059562058728267,0.0037855813394258586,-0.008003270948328423,-0.0159777638341404,0.00199526488397761,0.022257575388180406,-0.005335225896247686,-0.00922659165366535,0.012967206769327388,0.002837640242213224,-0.021420695840405846,-0.0033989451790532588,0.0034958035562508982,-0.0028984315500100166,0.0024376205695968434,-0.008583560121114386,0.007213456381104599,0.00021197228152658454,-0.002319449520577721,0.011561150780193374,0.009099269402919052,-0.00013809353380889178,0.02108787880735208,0.0008219836166125649,0.01574436919465816,0.010009688749729184,-0.0008921642989215828,0.011466523440177845,0.005901640352243609,-0.0005238359886509114,-0.0002900470804086952,-0.01702218350970186,-0.003023143172242948
2023-11-14,0.02898354277049142,0.011995140001225701,-0.0006600699896360807,0.030167772447938335,0.003711076005236791,0.048034945782599925,0.05767352536719983,0.028220696146402213,0.03201586463187844,0.030112955834794564,0.031960281130378076,0.04029295203069028,-0.04201676702197432,-0.004886435570210401,0.030518258726072167,0.017980985863555787,0.060140152319771545,0.03018005667603263,0.054704322767984426,0.03964009320828277,0.06440947145967812,0.0076530394324692,0.012202006191833314,0.021738617892035794,0.017997338861899248,0.02172277208663509,0.03933404643166161,0.054806619463054096,0.03599749916131989,0.011544102480506524,0.00252069476666672,0.039049842553776415,0.0353442473053216,0.0020264776821887764,0.02152629377617621,0.05552502750404642,0.019941293080320888,0.020191268622550274,0.022667980104411845,0.02205341887771195,0.033324598200576094,0.006113269333319238,-9.599609034105505e-05,0.023698190192006363,0.040548462689595555,0.02251214528584833,0.027488781480135893,0.006672486810463507,0.02792715080388386,0.029916824561941002,0.06252469477483324,0.007464940976016576,0.05223883563656728,-0.024261924480899366,0.027296701658423794,0.037887504968580066,0.0669783281128713,0.03398317303886511,0.017681099330865813,0.028340820437344316,-0.0018867243848518234,0.014285598787839193,-0.012359875151914945,0.021838227108790242,0.012486731839120413,0.008347710706924971,0.032886233975496726,-0.02450718594946777,0.013862055822739139,0.013347230768860241,0.018759904894197765,0.019181524895725666,0.035945623410516214,0.04005580843951839,0.009126419790423279,0.015548588977573052,0.01489362223109958,0.046524967659992145,0.05068217785243756
2023-11-15,0.008372179947923941,0.01939985120546539,0.003384664239825197,0.01518428033251129,-0.0017253578272772296,0.014583326856214551,0.01663574185840333,0.019100496746803364,0.004322301320333954,-0.002717297441236277,-0.00038875217034184395,0.014084366560360051,0.0032893112553535886,-0.0037137901588560895,0.0039025376895054364,0.0001735695475222343,0.011542996861681365,0.006235646357670044,-0.00048029194307352974,0.017222193059702295,0.006028021096552649,-0.00303794238509425,-0.005530843469705449,0.010122382631447824,0.002068855775713363,0.0012809331858167905,0.0066079981302582524,0.027556368330837744,0.01060069275442177,-0.0015693341554148255,-0.004669578570499766,0.0054243008516410285,-0.005162594017273592,-0.005115776630293722,0.0007526557411325907,0.0139150756425801,-0.006650708271142558,0.004071917860603458,-0.014034471111865399,0.003520264448551913,0.014220354073254837,-0.00198087713643591,-0.007448399366690395,-0.014925652004985634,0.01802004891079645,-0.017832688951265996,0.002507783657146101,-0.0011527809053960558,-0.009458591648123571,0.002020596667372976,0.023613119917843095,-0.02099414380949649,0.03789905000358451,0.006907162323651628,0.007513282933937715,0.008416605951937939,0.0024549960597373133,-0.002426317443703141,-0.00096886361492865,0.012248723860814215,-0.0011341875071264607,0.0030411346995540267,-0.03321639883213767,0.002074964438425253,0.011147149068400086,0.004618631873082757,-0.025053138781437223,-0.0033055687728156258,-0.0357426974459778,-0.004255521727829392,0.0045710570323100885,0.00031373964494640916,-0.009327765597279103,0.0010620595186614512,-0.0025839558501437043,0.007569239927881943,-0.007280536448935115,0.007942561613359933,0.013811835545286755
2023-11-16,-0.003604141155783669,-0.0007403133969015041,0.001316282298512883,-0.020299043969801533,0.015555566852558877,-0.00616014647914942,-0.00818171404146828,-0.017972905024559838,-0.027557332642658805,-0.003735485330556454,-0.006092786017273588,-0.003205121900201946,0.002185995875646274,0.004928863868191247,-0.016007346773721065,-0.002386549817714023,-0.009460657683134532,-0.012160197567639308,-0.016696710649299118,-0.04228440212975271,-0.006821584349782972,-0.003047318530950527,0.0059896727347972245,-0.030497301328744175,-0.0983483096911556,0.01132956625727588,0.001193620341411794,-0.0038772270296628664,-0.005244655337880211,0.009001273857485614,-0.005774083460788226,-0.007835498305571953,-0.012290951118415161,0.0027505607086772965,0.0008556742474337131,-0.028346042304610575,-0.03081382477597805,0.011128848132309965,0.012426621532706239,0.005911417745077419,-0.016524783928528963,0.0027793263089903597,0.013410825221994216,0.011338630339960964,-0.005199603023243959,-0.0025837648398919777,-0.016249792376240024,-0.04096933820916926,0.0018285280446119767,-0.004789408655026972,-0.006590854053083017,0.00788394850892371,-0.036301643500926906,-0.020953073915149,-0.018006509130815918,0.01871685493472741,-0.043904305443591696,0.005085849152068889,-0.011960117224754874,-0.0017064691722283865,-0.001009282496335473,0.009041999320014815,0.01270263916479486,-0.000724717408438047,-0.007013591646171546,-0.005092729003570717,0.0045147735086901175,0.0053540398686131585,0.011228134372142984,0.007122591980225801,-0.0027949801702586985,-0.003449294560241234,-0.013575703307898479,0.08967557031099171,-0.01036267219909337,-0.005548885685659366,0.00810193075130794,-0.00689508301263797,-0.009048574088346029
2023-11-17,-0.04017856649113327,-0.006362793825277713,-0.004190339313265401,0.030534147039424253,-0.006078322894272015,0.016528948465770466,0.015581940659795679,-0.0033022766129570114,0.005139439584046501,0.0065283161714506655,0.011608058693710399,0.009914235525696258,0.02181016632288202,-0.00247302949270356,0.012352994724931898,-0.002261618756851158,0.01732967879617231,-0.031011454431604912,0.00903983035354905,0.01143362433289763,0.011787676792668789,0.0010187583959588853,0.0014175045982123269,-0.0024715747630366103,-0.005828532153564381,-0.009883770455054952,0.0011919466908776322,0.011676890128285988,0.011130758073194302,0.00014159551330483744,-0.005626090148429852,0.007509119881832227,0.005304420674520749,-0.005664911259825378,0.00023340631950019564,-0.00600612788801369,0.07215973138281573,-0.015297021954852608,0.004686447703451391,-0.0029706599660039856,0.012219947992700098,0.00013229023688188235,0.0038218744016256245,0.0009965378672731617,0.01784902304425562,0.016453061783939793,0.018946413609746138,0.014139518396140138,0.018454670899786585,-0.013424624269280705,0.015849568592027463,0.02628285909419792,0.00044321132631108817,0.008789835463249407,0.005186122811486227,-0.014664385772577004,0.016831410764605037,0.00494973994844683,0.007262975836240582,0.00598285165471002,-0.0018101790224447356,-0.00010538692835104779,-0.0013140624619607522,0.004455017428409036,-0.013420036660330537,-0.012761659209628462,0.004794182651466583,0.005796669678809652,-0.0034876878298256697,0.0016163960882908945,-0.007235625987569105,-0.0015734437082056685,0.01065489832081079,-0.003228232865626457,0.01701566100352192,0.008841893111178889,-0.0007238415653699759,0.014877640006445203,0.003283140245017968
2023-11-20,0.02678534765013829,0.009254388641892763,-0.005445413330251725,0.0021164682703662674,-0.003669216325620339,0.024390277065966526,-0.0009025989167125159,-0.0012352487870858075,0.014534570815676995,0.0016215966286643457,0.0136670736686888,0.006234954872488041,0.004268915099269188,-0.0005371363751466296,0.003453239835207622,0.010113773485281197,0.041618302985469535,0.009344645570277255,-0.006900649256735947,0.0052173780358355515,0.011558521990131743,0.004071601361077537,0.001415848233953465,0.006324326446438766,0.010678494945131733,0.0052374868077977865,0.001587703955458819,-0.011542114129744818,0.01448446851387164,0.003964455317196913,0.0005475228836575585,0.0015847086910070196,0.005926318812239817,-0.0014389910161520802,0.012174868885627355,0.03346608952106256,0.004735184987242791,-0.01202983354263154,0.006108236457326388,0.00965091974256449,0.006539289416661154,0.00039583110548102596,0.0036170120654239746,0.016659541880827966,0.004206588261083777,0.0065436854591447435,0.01838945305227102,0.004746306761524766,0.012544747871456652,0.0033377785592372256,0.0039912200464671255,-0.010365858551719898,-0.010631346527954166,-0.001641442490527445,0.008107584724481809,0.02347375016186115,0.014393604181481612,0.005254033521716606,0.010393600229644973,0.0003090671230234765,0.009109339419192342,0.009278193974610272,0.010287070961758182,0.007013819157885681,-0.00015088430311516188,0.014042880989710627,0.007380665252971097,-0.006653525762102319,0.012071206061492479,0.002219528164403295,0.008995555929772747,0.001575923334861562,-0.001757124434485724,0.0032386881050086025,-0.0006434768379585121,0.010636472476956316,0.0,0.01075035768442656,0.010635006436682692
2023-11-21,-0.021760434949567253,-0.0023466745673830225,0.008378928629156679,-0.00950360172432807,-0.0019642502213560453,-0.017857192085065976,-0.015356823795259822,0.013831098573287237,0.00417660320361235,0.022708325777034855,-0.024294040925314064,-0.00382322063048135,-0.00850153785522123,0.0044234314734592495,-0.003556073830747075,-0.002157955475428741,0.00027874724522636285,-0.00956070364016215,0.003413390085080348,0.004065754558018719,0.008479234755169207,0.0005064412514499406,0.0014133802875171408,0.006025947042040514,-0.009736989536283214,0.004357053379224762,0.0074858188731241615,-0.012650034903659124,-0.012564512271629136,0.0008460984814997463,-0.000364838706220616,-0.0016250486048402513,0.006488256401992354,0.0076866363100340784,-0.005809560027482008,0.008738117551303493,0.009966835346183256,-0.005848648911865317,-0.00044123455334776907,-0.0008981228205227065,-0.01449279921090485,0.0015830268473195908,0.00815629858328415,-0.0027909612185195165,-0.013981069641878174,-0.015260459261028925,-0.01457249624393675,0.0011810304419801465,-0.003933076779618183,-0.005117677606016446,-0.01120337030738583,-0.04497840806073994,0.00917851217747212,0.012142523648335901,-0.02705171937493911,0.009102618994236034,-0.030152424101614117,-0.004464221057784545,0.0032146073137613307,-0.019226268039904126,0.00213146707295353,-0.004230747167842774,0.019772634932402333,-0.0026629832869069503,-0.009534488688973553,0.0045095734861069214,0.0005180930561978769,0.016792211724365513,0.0049751607400938536,0.0008050225313582793,-0.00488069769249333,0.004090560074102356,0.0019803338215782507,-0.004253069937096066,0.0019317453799299056,-0.003452014802853287,0.004631116522638923,-0.01418119008152563,-0.01851656459450357
2023-11-22,0.0036929004432211254,0.0073179972216868006,0.006334813717811638,0.011878927151435903,0.0076259053875975535,-0.0020201268338586598,-0.0027522269516956355,0.004547527298774057,-0.004043010093910504,0.002053604904793671,0.005083882302683307,0.007808565595741612,0.006893388774642073,0.006173600566885096,0.00771361367768808,-0.00025960345520203987,0.009242871370961359,-0.004887511172812498,0.005224121295482442,-0.004307745337422397,0.015511878474151253,0.005066000958987349,0.0008474364233574949,0.008180903656292315,0.005857712504055312,0.002855997600567317,0.012549812969576024,0.0016426000166325228,0.005783723153773623,0.007326995040781936,0.0076642698812035,-0.0026986065592843334,-0.002790932311641514,0.008462621194001096,0.004093024395042555,0.020445902636096802,0.0019891821899813422,-0.0024110240741246347,0.003533822708168044,0.0008989301702226893,0.009127804839926368,0.0009221096476379476,0.00733765711462997,0.014288254485807839,0.00783448344364035,0.019527539517508297,-0.009376360113969917,-0.009731653741104962,0.004738358470668613,-0.0005144532554552939,-0.006213406790149811,0.017741910872920874,0.011978687135594912,0.007873139059323409,0.0031937250630198477,0.019739494955992143,0.014996350061993402,-0.002078272977614093,-0.010830474591973616,0.0037788919972312485,0.0010008643652594795,0.0035143703627815714,-0.0020898166571075016,0.0027729112430008307,0.006734770093344666,0.006044969552886581,-0.00014796605922706707,0.003665023039510107,0.0145719295291733,0.002413293429595509,0.0011116256289054327,0.015669009009100066,0.004391667826715295,0.0006689461667555019,0.000642649731361189,0.004984760946097566,0.00252294926759844,0.007410529108235586,0.007835074397751995
2023-11-24,0.005753277794166012,0.0030270138302364025,0.0008991795598110031,0.006403532086305397,0.0046387114149879505,0.0060727521900012515,0.0009200364382977444,0.010544223890067261,0.007302346655988945,-0.012039985145999577,-0.002983106110836742,0.002757601646329322,0.024691488207677192,-0.0007772297085040236,0.008911097056760298,-0.002119755097697129,0.010078708219767751,0.00024553834070406566,-0.0027797437902324917,0.015142338016968626,0.013548204862855684,0.002520291991755297,-0.004796019467790291,0.0038702966863175536,0.005823683568094484,0.00014400317880314262,-0.005508499698413827,0.0008199202062062483,0.001724973903134197,0.0018186787641414348,-0.0009055242783853057,0.010265482036768026,0.0014118578903865586,0.0008863191581751639,-0.0014099958831890191,0.009799588038428064,0.000839459135012488,-0.00638058339892289,-0.011775119409648704,0.00282269968965565,-0.0022613104098777592,-0.0011844929520427039,-0.00434252387450218,-0.00046791783555844013,0.0020801674336545783,0.0002044767086364363,0.007068006341728772,0.009231674574276427,-0.0015719791180366371,0.00849184113068846,0.0022067981018136784,0.002218751311113376,0.011617807939031444,0.01425912134509777,0.006367043874017764,0.006885245901639303,0.009549460719444403,0.008329675850600404,0.0036928541813430193,0.001960777789420165,-0.0020415064620733503,-0.0070042866595053654,0.007562488570572734,0.0024579672399875907,0.00328808250296464,-0.00867897694659947,0.0009616395124005805,0.003882681570740676,0.013289266028710944,-0.003812212928687053,0.004637733943595235,0.006479545499390005,0.0021861439749453204,-0.006274112830291556,0.0019267826880207117,-0.003783045068057489,-0.005468349697212216,0.0017329010705571246,0.005319091182075075
2023-11-27,0.0031264176297638446,-0.013623641749021087,-0.00024489320938358983,-0.009544181655986583,-0.007776309349633359,-0.006036096471932262,-0.007353048592030231,-0.0186288516213301,0.009055965290143186,-0.004840177920758193,0.00832577951773561,-0.0017023513882603591,-0.008762377853784642,0.003111145047177244,-0.014154701902512334,-0.006503059056666816,-0.012438471754519509,-0.022833300162731107,-0.013331714616901746,-0.008267995424704355,0.011270320861834993,-0.0020111177774240208,0.006094162759477939,0.005986328429344656,-0.008891647871561381,-0.0002523046413658303,0.0033631676644518826,0.005407184867835868,0.0005741234089666758,-0.0019548831069681194,-0.008156551806729695,-0.004804212516270501,-0.014023632623340831,-0.006199422049794179,-0.0008729842427415146,-0.01434041341905723,0.0,-0.004086374077393318,0.01670389706350206,-0.0003198762117129217,-0.01259128711981028,0.0021078123402114013,0.0034236417589732504,-0.00025825863523365467,0.003933352224367415,0.006746559883569869,-0.02924799623554175,0.0023607848132318754,0.007675642178853526,-0.0012759073448738167,-0.002201938867300912,-0.029095510812018333,-0.017118245495149953,-0.011613747304832,-0.016189109032548332,0.04149134544936506,-0.002320129320256492,-0.0028259714310679973,-0.0010973287564844947,0.0035225182578140224,0.006094989737668088,-0.0009475896261517125,0.00461898707109798,-0.002656262099584472,-0.004482839648247916,0.00180771335458485,0.0034736428524064777,-0.0021181208072345026,-0.00044384702722710667,0.006243750977365181,0.0012354408340222722,-0.0021457994570225347,-0.015706733506216652,0.00564100616250407,-0.010256388606022626,0.0037974108444238652,-0.0011226414396035,-0.006054703211564094,-0.011294371934922665
2023-11-28,-0.018234940257233156,-0.006031686981596174,-0.00334982155156216,-0.021413109990744195,-0.009551726120180404,0.0,0.010185323054323403,0.005455397723674871,-0.018224808218808675,0.0030834666545582756,-0.01793300684007837,0.006165431032687518,0.0,-0.013752842511465802,-0.024350994108542467,-0.0007418315085883087,-0.012041525307273648,0.013567862459266333,0.01203789917580278,-0.0026643537830617348,0.010323971445565627,-0.0050378083363081805,0.004226371097075132,-0.0015130063269148675,-0.0016691168121285571,-0.0007389907816798269,0.01064657865065044,-0.007496773504043985,0.009179726288115031,-0.0006996849895757329,0.010233873284013706,-0.010381096300909332,-0.02827038250884517,0.0032082609901933345,0.0026210028872468705,-0.016054262571156608,-0.00602613140773578,-0.011527782739140902,0.0019714806674284713,0.002623589890005329,-0.0063759246579273565,0.0031555598919934535,-0.002196779093241119,0.00653993841980971,-0.003101789988431247,-0.00473835354015173,-0.004093736910184442,-0.004415825575242782,-0.009179711205069552,0.000511246421722289,0.008826663470883567,-0.010423504697731234,0.007716183049841341,-0.05491635343187429,-0.0032153995154100556,-0.0063281216127836215,-0.00572453793839145,-0.008720148127433602,-0.0019386303829260765,-0.012558580348946191,-0.0038587171780114504,0.0032140828493705254,-0.029310414948447217,0.001638926609830449,0.00472991241348808,-0.011392569328578794,-0.003056478031950416,-0.003645082693466417,-0.01664055588618485,0.004002974380544755,0.007467893527842717,-0.00952393406794183,-0.0033245461333396564,0.0005145679341176379,-0.001295288838710995,0.0052964266893662515,0.001657213176497363,-0.00750569964144987,0.012555436676588094
2023-11-29,0.008780030327332655,0.02044762245109255,-0.0018033603991841618,-0.001094225909365587,-0.016815093638766987,0.01416992872534606,0.020165066021266664,0.007917197768187334,0.02482873505344707,0.026407941542638147,0.007488075230088098,0.02059969748502022,-0.003314863857172723,-0.0037240861306515605,-0.014951841354059026,0.0007423822311187767,0.010927413582517032,0.016422867417331677,-0.009952852023934033,0.043778023017706946,0.011672135339959588,0.0010126869842748132,0.0051897852389413135,-0.010336568294602722,0.004179768552282637,-0.009506674131043669,-0.012095216323399827,0.02495903096056562,-0.008527711339150312,-0.013859559829476287,-0.010311137977768725,0.004100954686356406,-0.00895750466661449,-0.010067570902051237,-0.0009739134345265743,0.016507404062669817,-0.008442177500733505,-0.013145088488272338,0.012571030307901188,0.002106215512388765,0.00744355550159459,0.0024900618627126114,-0.008384480502865554,-0.009513560620711403,-0.0026745001715843264,-0.0048288883967405605,-0.005833040288425573,-0.014192726137739808,-0.010053189949441932,-0.019662991653663253,0.03572735330054799,0.029624804171857422,0.01575133168133669,0.004842173774191494,0.013092952878934527,0.013523457259565275,0.009355932540664025,0.004068329729604692,0.0067336261927566365,0.016853637381504916,-0.007539499407614447,-0.005409699972025672,-0.02451155875944988,-0.00010222493458333926,0.004067602938523596,-0.020292028275147866,0.016585365743680525,-0.005093892508377329,-0.002849255424969721,0.0057818597562757645,0.005607847927959986,-0.015818924103166432,-0.01289743001730903,-0.0032918392947021147,0.01102459665544786,0.013129368426890942,-7.597721435126381e-05,0.016659441152508947,0.007826053409763611
2023-11-30,0.002812085081744131,0.00870466385293689,0.01609594177099516,0.005476437116219923,0.01056335402568842,-0.023952129636268027,0.011680044801194667,0.0176873774901789,0.019276791540542737,0.012779922104946495,-0.007432420704709508,0.012391495358220261,0.004434558209577721,0.022967923104231458,0.008963836832311722,0.003316443796483881,-0.012379862937332509,0.02585211654883235,0.013463578831372613,0.020392945304637422,0.0015214293710608118,0.002528978545435212,-0.0032096845501315974,0.008301210760545574,0.006867911829382178,0.007594576912870243,0.007898856730615078,0.008010243182235977,0.001720211736965016,0.008801697173573597,0.00804245016942673,0.01177988148508291,0.013414462610245703,0.01443681666632779,-0.002513990720535486,-0.014044801655361816,0.009133130041737658,-0.005508097840648207,-0.011551568047584282,0.007579150901469767,0.003821694926851027,-0.0009151296804923437,0.0023618628332435776,-0.01033383231253826,0.0036670136178333923,-0.001571972217158657,-0.01604956164103133,0.01229752093064973,0.0,0.0031256888867912114,0.019007424982166565,0.010549869452111116,-0.00043071227452973204,0.015127687890684083,0.017793608799397065,0.006134439240765621,-0.006595536639147248,0.005585490489170342,0.012026465053213364,0.00891238240476988,0.013304781717907277,0.0030629285116861027,0.015902076517549046,0.0025570152048082218,0.011402863300436383,0.006027132963410287,-0.007049171547694022,0.016384241731351556,0.030212250489018544,-0.0029736312791843744,0.02058027368442894,-0.0050425477683681,0.0031539375899605204,-0.020796773685021974,0.0186016951549397,0.006768398328661052,0.02361966979931096,-0.00571375438412558,0.009782004684106171
2023-12-01,0.012084438321196878,0.0023923340490996647,0.002505430537821818,0.020697205515845196,0.010452935962508514,0.026584931851816096,0.042628843247711545,0.024450850819263126,0.04433750693783134,0.0002081816159680283,-0.0024960924639820803,0.012996715325829244,0.01766003809810801,-0.0036133269186127137,0.008647198507691245,0.01313502165619318,0.03110380636839616,0.01878159680302738,0.014747172635146688,0.020713692562861707,0.017891828718061387,0.005045552340590342,0.008156806423604834,0.005921812777055946,0.0018602070363495926,0.009037512994823693,0.01410663061981321,0.04386509759323087,0.014310297908493919,-0.0033772502103127655,0.0012692600704893309,0.014702151405531882,0.04287259094369644,0.0023768564538293457,0.002854813143295276,0.04890303619336245,0.01349890999464698,-0.001007158880466652,0.018834397300921513,-0.0022756044076874815,0.021319800001432965,0.0034908566871800772,0.026248872172325077,0.0023894222912321794,0.0030134962632042406,0.006434406632690459,0.0046126526149661284,0.0011853479669547973,-0.0017921176901681823,0.012464546157125778,0.05630390728098478,0.0113887597612079,0.04417151060967295,0.0038541723775522563,-0.005888842361532087,0.019469810787470454,-0.05257471499131683,0.014811698267431117,0.013027472317021394,0.004804449357713736,0.0053845433951813515,0.006791219662506842,-0.012665852539430866,0.007447370294869415,0.01042119147763998,0.0033044587698092265,-0.010685340606539029,0.005403887011296682,0.009538556322479463,0.008259301590600066,0.013233280640775114,0.01900551751857682,0.021558458011280646,-0.0066402872560523685,0.002518868669253882,0.015987450312186624,0.004328842416988055,0.01767331594743715,0.023169820454223666
2023-12-04,-0.021901183912301003,-0.00762867921406829,0.0010480775416550348,0.03308435904719098,0.010098548297550414,0.04581677084500435,0.003407160301560852,0.0023182745102030555,-0.012537184735834317,-0.006703569375484442,-0.02159880725984198,0.006103625448319994,-0.019522755357216037,-0.005745702509239892,-0.01479725448244773,-0.001545501846134667,-0.0038557081265286897,0.00851753937276678,0.029545851676287427,0.016409034243250353,-0.007669372747506786,-0.0030120159711376493,-0.00403813619763127,0.004746165315002271,-0.008665153410952309,-0.00573229234690964,-0.025309115137318816,0.01933628733029691,0.020880582263853142,0.005648052018238259,-0.0009055242783853057,0.006448820241266251,-0.004534875327136145,0.0026677079002073167,-0.009283578908756973,-0.020856083366606493,0.006411077828030853,-0.016129006125681467,-0.003979087989109953,-0.0017739406094351429,0.0069582198712161425,-0.0014384734539119037,0.004408291631144312,-0.01291487505167066,0.0010378121180094624,-0.014894936132684111,-0.006483782720264841,-0.0011839445806530735,-0.020746078064395435,-0.006668390403601565,0.0026161458505846724,0.009383833307868183,0.011762199685255714,0.014077279515193553,0.01740093703708756,-0.03170683263005403,-0.01496219847641822,0.005795113583066502,0.0030737734340287037,0.002159178834845843,-0.014130883436995645,-0.009464595657969421,-0.007745453376726608,-0.006177107627459488,0.0003305286850403544,0.0024248370781214668,-0.02541148497165935,0.0010931312374624635,0.017556866555554107,-0.003561523457740412,0.011754364295285535,0.0018650292252293532,0.00483616278506438,0.028118136975495922,-0.007537689851618956,0.002098155766424581,-0.007084941851180249,-0.007457929005932673,-0.004294642977031193
2023-12-05,-0.014298187493943959,-0.014086316054630954,-0.021905517398347896,-0.007231428897541803,-0.015606011786166163,0.04000007841461328,-0.01188461251857964,-0.009619416211962273,-0.008312390417284599,0.05327814315444046,-0.008076560419520096,-0.00012370679038831156,-0.0011063361547632988,-0.004221132059996524,-0.02002640479359985,-0.004385539124971638,-0.019353369225302397,-0.014461734659651393,-0.007582765643064038,-0.0035875766658344244,-0.020929918573893147,-0.004028311374178362,0.006431535651263864,0.010465945878519456,-0.002497422483411671,-0.007152362110082633,0.015064365093306886,-0.005526480381624843,-0.022664644440146486,-0.007582193509643287,-0.016494469414797597,-0.009777735222650685,-0.021586180739965655,-0.007094734530574076,0.002510872664793995,-0.04303403683122098,-0.003090799790548271,-0.021106549379423578,0.021485550563093092,-0.0050774502675421385,-0.022951636097466865,0.0018332934689042624,-0.007086416806256213,-0.003870628002048626,-0.014351200255599106,0.014084566393959497,-0.011742909728032491,-0.028148254119466087,-0.0061112087212884525,-0.005938540939301684,-0.017938694561593582,-0.030368748941264845,-0.021619344027950405,-0.004669293820073528,-0.0025472960695152036,-0.009395941093250593,-0.025187374481599134,0.001600739998524059,0.005253356027164591,0.006156315573054627,-0.0029251219609200962,0.021063169587372643,-0.0017075191612733187,-0.001936033890770017,-0.006127768469096573,-0.005090656347146116,-0.00493403012122362,-0.00655208340962854,0.004214543906803536,0.004567280919018479,-0.008298583002967708,-0.006205399862096672,-0.023408285009277052,0.02998097434682445,-0.018354457387946055,-0.00918037941850891,-0.002254398550742165,-0.02060978937534108,-0.014312097643682908
2023-12-06,-0.009921376726652387,0.018730616612717688,0.008233881238967733,0.008324705078711636,0.0710924799349808,0.01831480599736035,0.005154513586287823,-0.0017516571892749466,0.008185106716351864,0.0429019051726216,-0.007599473042502969,-0.0011144108173439804,0.0011075614900835085,-0.0060502443829500985,0.002311332882523276,0.003411710689149583,0.007058226006927626,0.027293592114473908,0.005172123477773516,-0.013541040450898656,-0.000981377909797243,-0.003538851180368785,0.002917462035304741,0.00343607606702534,-0.004798626536040573,-0.00027217610536933723,0.014450340173219889,0.004806174518403372,-0.005656080461144186,0.00863067752306268,0.0007372081969170274,0.01310979935498846,-0.05547247906280639,-0.002560457744353428,-0.0057838588460854545,0.010676116880643516,0.0014368459375964093,0.015490729442235729,0.013317753774382934,0.0035724217721786466,0.03384693476694256,-0.0001307485914736617,-0.005525370118579009,-0.010826539824777548,-0.00033218480408214734,-0.016067541747663228,-0.010381974626180512,-0.02865839362476319,-0.02234064628273047,0.02363635955222998,0.004981730901238324,0.028123912677205487,-0.0025014829316388765,0.015468381596725589,0.010944882843144876,-0.009686971994469218,-0.005325622706255584,0.00905479852158897,-0.0055368878887234185,-0.006042057700218373,-0.015674891880858577,-0.005687013876540026,-0.022968748621522206,-0.0019397893887675988,-0.005611435071951609,-0.0032296067530154238,-0.017163781088226693,-0.018732137643077462,-0.011738458054128653,0.002569489987419793,0.02522786033271518,0.004995317834277202,0.015232967171040945,-0.00516031436773956,-0.019342435915779443,0.011215964903066533,-0.00031733212242834874,-0.0002191687760642047,-0.0067629965003956904
2023-12-07,0.025501257201739902,0.02244836922055482,0.0018140994710844627,0.007223965986828063,0.004625335448715573,0.005395853411600093,0.013675326140915045,0.004306712707225824,0.00868300493500107,-0.00446475885826747,0.007110555769548554,-0.00075087031773724,-0.022124035203733516,0.0050517465592661015,0.0015775676328602106,-0.004156810211167095,-0.0011988495997127258,0.012798481200399836,0.005964261090728895,0.005633572096719552,-0.003844057303650228,0.011669118276917745,-0.00027717540272143015,0.005794914012478447,0.011739900184970953,0.005118596603109982,-0.004812276779186497,0.006128479193088232,0.011376689061816103,0.0044884711665007515,0.0,-0.00012446578564107025,0.005631727589010316,-0.0002985760445028962,0.013972204818910816,0.03629960486378314,-0.005814435730895906,-0.005978055008343919,-0.005736839419864692,-0.01976862741903007,0.008062497285534986,0.0009148181251861232,-0.006435841625901606,0.021957389326522136,0.02109978351020958,0.016329923474831087,0.02060554243710855,-0.004080378629027881,-0.0004192968017562304,-0.001776319206201915,0.01817582232695747,0.005906199944694546,0.017972657100550293,0.008989821351160554,-0.004330528179338988,0.013821852098932608,0.0348998949276349,0.008446066180584744,0.021207377292517204,0.022930110638056167,-0.004726133156053969,0.010139302786880577,-0.02038274713295818,0.006444395825171201,0.007276799878512152,-0.00010918057119957414,0.006946633793078805,-0.0113535180088572,0.015328373671798179,0.0005915218114307397,-0.0015114392972134238,0.005281269545228451,-0.0026478994879993722,0.012438867254918051,-0.017093899793631406,0.0032953216038904554,-0.0010648764930129007,0.01523780428247945,0.0007009624714691132
2023-12-08,-0.004515327400749225,0.0007109324707956777,-0.012758232822875692,0.00717194079182959,-0.012200753974385359,0.012522262715834565,0.010961122438557958,-0.012017528156994528,0.053737061783924345,0.0030665651539478755,0.01778679849223419,0.006636724338236144,-0.012443443889056938,-0.00024715975628519793,0.02011398990818347,-0.003130638382158879,0.02132863258468931,-0.04073113756316116,-0.017670188336161297,-0.018384047979585927,0.012434117430852432,0.007021145290121655,-0.004849636217481912,-0.00027830866021338885,0.0024867228823548526,-0.0007585977680960587,-0.002708021808054184,0.019462439352812444,0.011810735514476312,-0.007261624157165025,-0.006998178148331924,-0.007964204456832435,-0.014773879408118695,-0.010629508827738054,0.004456628265265161,-0.016062216118832073,0.0031901340987667837,0.0017628210336255723,-0.008183229754238686,0.007197980429448636,-0.007028529147533491,-0.0028731333671188075,-0.007549204424643352,0.0020204021314078613,0.0027118203852514178,0.0036764247561378305,0.023897841258197605,0.01607308841955879,-0.006082233927667602,-0.0033044796336986204,0.01428108735516287,-0.002472244423539882,-0.00020519048274647567,0.028957010548157358,-0.008698795570526774,-0.008146103193590437,0.01322106717456184,-0.0014656148820136883,0.020644419283167847,0.0002256245465146467,-0.003550904876942762,0.007412448822864404,0.012254407697994907,0.003252361332288567,-0.008072032075624569,-0.02417631770818307,0.001772811704297439,0.004223440263664502,-0.0008821328211863211,-0.004925995759908597,-0.00278533013308202,-0.007725712307906862,0.0044247926666911575,0.01074414909592214,-0.00535112172252572,-0.006488843767933239,0.003365811740400293,-0.0034552405977851253,-0.015008901187640755
2023-12-11,0.05023013924012831,0.028501013479755866,0.008587608514484257,0.0,0.021440171258816143,0.0035336193432065066,-0.003336032495299235,0.03241881977343852,0.02675429947314112,0.006076102290234697,0.03775361441893743,0.005473348926523514,-0.01603654362332252,0.008777725767829425,0.021498977479195602,0.017533920371995304,-0.01152647968631848,0.005175281801685916,-0.0009468587271989071,0.018165697615233123,0.014906995895836328,-0.0009960441618063198,0.00013930168762210648,0.021415168799754802,0.020876343417903787,0.011331440630701684,0.0042669260098928685,-0.002768836685715814,0.02056708331533108,0.009284085700438371,0.02485163572130178,-0.006271806105519695,0.02552451228129282,0.012916628611170156,0.008542308377639696,0.00922961751283946,0.024303320769246683,0.01562993114345712,-0.002115216509773532,-0.01776982768139901,-0.010007318408497556,-0.0001310226168701467,0.004789438936261714,0.0249012347309554,0.02839689289939029,-0.010378502226973785,0.08995007670501942,0.008374569466012671,0.03418440499576425,0.007906232214075937,-0.011520085479385322,-0.011152376599029457,0.0039014682070039886,0.00974141744203938,0.0427787956115222,0.023270238632696172,0.030257124226418464,0.026735306519931834,0.011824027450251018,0.023539337329095522,0.030868960449308425,-0.012927300178749435,0.003909183743777245,0.0035456831952980217,0.011221904075940703,0.021641005506681354,0.03393224165254449,0.018003984085729563,0.043826577344991735,0.0,-0.0018822986983207945,0.020242918795113862,0.007488983397367033,-0.00999015162295469,-0.00269010527706548,0.009514600619583646,0.00672768536896462,0.048109156300464084,0.004266438520594162
2023-12-12,0.01340723038144609,0.011905215832411775,0.0066132088741668316,0.004069356843993566,0.012776606397829626,0.0070422630913242745,-0.00836808407985501,0.0016090034967013445,0.001810088076910521,0.0018994127629492485,0.0047564288643462405,-0.004577668919393263,-0.02561124610998633,0.006944727424622155,0.002674314966582658,0.014531322306533978,-0.005533160305488338,0.017318082995422035,-0.009713290251094131,0.0022104585406517163,-0.0011265972065431784,0.0029909950294055854,0.0029237835203077545,0.009040871794015803,-0.0012147506345761006,0.008791966216857405,-0.008304473582104399,-0.014905879791360155,0.013616664433932169,0.0072473427626464915,0.009772003835130771,0.0007573720599136635,0.008868127048631491,0.0038730501423813735,0.007964137208575472,0.013748857655551783,0.0011825279310033743,0.0003057403675403858,0.002968195358313608,0.030414259726678106,0.013313537538134135,0.0014411119469526223,0.013178180380664095,0.013531607121431977,0.004417884850932419,0.010898597193382598,0.04181740737683581,-0.006459363218187408,0.007345452411358089,-0.002024279685301944,-0.011654211501514355,-0.05200500762670557,-0.010636062418664993,-0.002501245429595067,0.08450209708029877,0.0013749258937094666,-0.004038200212342469,-0.003063593265782427,0.0046861625195881995,0.004261378745026523,0.013202272030599094,0.007920074636808438,0.008416004134531141,0.0032304436254868563,0.006797750751604381,-0.0041633951944113345,0.020390738553779153,-0.006034524614214831,0.02349997384401359,0.004356282669640832,0.010585315251217864,-0.0027473148344347997,-0.006121611290504592,-0.01048864457700871,-0.0168576999752732,0.01086269487364011,0.0060163967989215195,-0.004031824753071844,0.0050574504519484975
2023-12-13,-0.0014629916653239317,0.026180551109193928,0.01519265836232031,0.026342402287979905,0.021401305011244265,0.015734129529545893,0.04050612737395132,0.015701158793546055,0.001687692075482028,0.027902974146700066,0.020854592853808418,0.029704367978235613,-0.002389405022795388,0.004503186768172629,0.020758608325426753,0.010731834124422912,0.06387087557677407,0.03818725099601594,0.014952132534151064,0.027806213975224203,0.02109611366847841,0.0044732298712220064,0.012770337951966804,0.01985690722571487,0.007297614009400766,0.018387540451918705,0.038558900755173875,0.04539404263618718,0.009134907726343844,0.011623027216094872,0.013440860398827192,0.012108913745463301,0.0047614624904182,0.021012682985249276,0.012717412125423877,0.07345812485351044,0.017128243035116064,-0.00040758380993266563,0.023461931982521556,0.03765902216203254,0.011678914227596149,0.007456784678851358,0.014805586297341078,-0.014834396643769399,0.0068073105572783454,0.009221593773735215,0.016236448317147767,0.009287715943680386,0.01012760807813362,0.039553625668967474,0.05961356206450796,0.05188366434068037,0.03080418219886316,-0.03044763510789661,0.03766572596290585,-0.0029438745493007845,0.05436778932751474,0.004404340681933627,0.002656977150645057,0.015510879135651523,0.016236452632902854,0.01669162091720744,-0.0236671919624154,0.013785457418524771,0.027847810908296466,0.02002423748073978,0.008532969566220405,-0.004529940565272672,-0.011541352968105212,0.014392764887646958,0.012340535223867244,0.017447327073394803,0.012098564415345292,0.007937314630929837,0.021262058668670702,0.012326076547268583,0.013450283493387616,0.018891508516656552,0.03874817952209031
2023-12-14,0.030256737504452014,0.003834758943850103,-0.02248829856114609,0.025666393530082265,-0.02051168456992314,0.03958704426260473,0.06893764724100615,0.029182110548849005,-0.03012886463237119,0.04805799910454889,0.03007905756188567,0.037175732469373335,0.011975963101656495,-0.03905497535218805,0.020222576461994102,-0.013585753908196385,0.11090935483932673,0.033015684212385876,0.0022393129387194843,-0.004904961761225457,0.11344766115961047,0.0005065792736311803,0.0075387260119792465,-0.017476649792004584,-0.005031079456139564,-0.01996880218585395,0.0007501056818501883,0.032354005779122064,0.03620852607653191,-0.0329640608779902,-0.01750659375996466,0.038550983259965754,-0.0040097009646902215,-0.021859164841927736,-0.0008670067767472256,0.03138580808731528,-0.02308210013658263,-0.002752189649457004,0.026013166550632905,0.004720477535005818,0.048340505844615134,0.002337458301947759,-0.04331422717436151,-0.06346713628518763,0.04108807652550572,-0.00954043404920335,0.015417072402398757,0.028834642447748582,-0.014236998188879357,-0.07560957431998494,0.0862438734537998,-0.009425046741426968,0.028680227087688026,0.0016010063359783722,-0.0054525981540169965,-0.005365487439628724,0.03635727161878188,0.010014841983781553,0.008361783698632497,0.019452336360551215,-0.046417420327304004,0.0007576173731147495,-0.04733348394607706,0.006451565377993962,-0.01881963184243618,-0.024449077636678918,-0.02339371967083348,-0.014073958363985506,-0.004459978768763251,0.0071577479460094295,-0.007552117264905456,-0.030986888078253783,0.013692732158271825,-0.0030900873159566133,0.010745368678028555,-0.010068652057853011,-0.02167839004866956,0.0736551419038014,0.05225985865084781
2023-12-15,0.0012985163476024741,-0.03278242528255282,-0.01158570157371308,-0.011549776806738743,-0.011934266079863698,-0.008278263477364822,-0.012668024289023694,0.0024289694815424756,0.004414477245037851,-0.017454788395180665,-0.009490299533044477,-0.005586170517786648,-0.033136054518707714,-0.0050434344112035845,-0.011581322239621716,-0.007755310696750617,-0.00782038204323876,-0.006649454433636515,-0.0010584166877690704,0.007470742822410781,-0.007275172544406461,-0.008105217857768188,-0.0014965308710096492,0.044452880542976914,0.008697330717179375,-0.008359676829624796,-0.030166693111075893,-0.01883156851932366,-0.01593004624728589,0.0,-0.008459345015946362,0.0078400947293642,0.0275278481563761,-0.007429430484628963,0.004834056287248423,0.004489759670482485,-0.0048293821662355185,-0.011140496799101007,0.0011106146304911135,-0.02251511657299643,-0.00022937190865346402,-0.0007773715629946221,-0.018243246504187627,6.838058692881788e-05,0.0035469781144390478,0.01729753821347546,0.02101246032024906,0.001192411988709896,-0.005085435329047483,-0.06358863872498921,-0.0031301049254015556,-0.02124960550913413,-0.017742232661346224,-0.01893532750519078,-0.024122821300853636,0.001671290870842057,0.005059966834712659,0.0045924347416475,-0.000992747976477415,0.011519412589104494,-0.0018264618373914354,-0.00272573096091544,-0.016740300924625084,-0.004240536636831882,-0.003148559862816813,-0.013378615593753751,0.005257248715544449,-0.01632090935429975,0.008679915026535312,-0.0009681423891734209,-0.015218796118808164,-0.007451104008876608,-0.0008576530085251388,-0.004099626570859161,-0.012624637598603439,7.882461944097585e-05,0.0050478019799256035,-0.002182366974209149,-0.00969054102425726
2023-12-18,-0.009818024359004474,0.008866307600651657,0.00962831626631111,-0.01655286361289665,-0.002734724412374878,-0.0033388601570419896,-0.013219333208958517,-0.018593620414500966,0.020693471705852895,0.00984956637390888,0.001842525720458843,0.0016384247365417437,0.03916767533315735,0.00840624011805624,0.005858466544977903,0.0030323975158357275,0.02619508285347316,0.005344365175002919,-0.006356662882130437,-0.0031343450023819663,-0.012954327096307394,0.008682376432618932,-0.002043426137397053,0.034030556924971034,0.007419361686165082,0.0034900799459796072,-0.005796074230939308,0.005463722913173319,0.005222017475744023,0.0050920127234785895,0.003811927462171072,0.01392862799037875,7.633008714291734e-05,0.011437221246538565,0.006298580439608736,-0.02461100697397889,0.008212578032229079,-0.0019638304020681563,-0.007967883750713112,-0.01017471694802874,-0.0286828808508508,-0.0005187225200889989,-0.0019355157304784543,0.024714394862223488,-0.02135599840160196,0.027338841569267247,0.01527789963052717,0.014591971029593864,-0.0036802352430451712,-0.029303921554975965,0.0005709076175990369,-0.008425153069978264,0.03156032290169186,0.01679407711400427,-0.02696629736355427,0.008330275603082082,0.0021815210326892043,-0.00519491392234428,0.004501017014704178,-0.010340364208975883,0.009914901360324802,-0.008503281368489546,0.016752874178704635,0.004456742309431494,0.00010877984138657482,0.013896227211270817,0.00729232125237167,0.0215741336987203,0.016531171790558075,-0.001938403041273351,0.011681925934453163,0.013450302176522877,0.010944201130624664,0.005271099738172413,0.008748445678544936,0.007095574317703024,0.0026220049317957628,0.0011411642992709137,0.004610539854384532
2023-12-19,0.012285060118224722,0.005432831064609678,0.001492695037475178,0.02871287681002377,-0.001828054993525119,0.020100617730631765,0.0070922725957378585,0.0020154871382163098,0.010425972166421271,-0.00017751857541459248,0.007479188836310602,0.003154603116657606,0.009422911390746691,-0.0010471863930869851,0.027329705214074407,-0.00489686682646584,0.025297088369548026,0.006819547342518328,0.007700540788948773,0.024539972061436766,0.010274564373804917,-0.0015190092027209667,0.0019110281068599466,-0.005137777772836527,-0.0011941985226165963,-0.0006598518851583801,0.007578751328241706,0.008499347409929525,-0.0010390885579346643,-0.00014060536733773166,0.005063338116765959,0.0036894216337688412,0.020326856487436373,-0.005683613506525131,0.005109616090720026,0.030210521399813617,0.006146268734898985,0.012013232149182151,0.005388558913580477,0.005234196467990282,0.0021260650601861997,0.0009083430285963257,-0.0053818340191224,0.009196684727386994,0.006307570633309334,-0.0018174467759756174,-0.0019005570652387282,0.0,-0.003488573169346476,0.027866491731178167,0.0019970951556345096,0.024182998754675777,-0.011352909138967027,0.016886329955312807,0.02111518668009893,0.006433833851503534,-0.0010046938442439535,0.010548314827945271,0.0008147078249067796,0.011154465818075332,-0.012092844802555125,0.005359991941966458,0.002411305135698427,0.00719778250473091,0.010745053795384818,0.009026497963394053,0.003034685821812211,0.008333613750853619,-0.004186936981328215,0.0015536534239015687,-0.00619451996497089,0.004320987923362329,0.013585285956687843,0.007290919919436645,0.006003929392467855,0.008219845512605461,-0.0025966097245883057,0.005699098391847457,0.013580541876179852
2023-12-20,-0.033327366036987716,-0.014025184731438323,-0.016311944388133548,0.0057748884033694825,-0.024725400333625136,-0.0032841188694539003,-0.024256536431395803,-0.006436664343371312,-0.003373695901230156,-0.012273679323589803,-0.042351227039822636,-0.032261798816400455,-0.012835476107727395,-0.012370592079590126,-0.03456163011942692,-0.006290035692165463,-0.02321945154118832,-0.04506665039062496,0.0021160531836019736,0.006062855700516678,-0.028988299632264458,-0.008620852553674285,0.003270487593553195,-0.024699756624109837,-0.007572810093086413,-0.01183325236580901,-0.015429049899435499,-0.0226582617477743,-0.006240241144773284,-0.024208391034058585,-0.02195036308943521,-0.0026200758188827944,0.002393488454147219,-0.0134563044541538,-0.014859692950064618,-0.012520585957590757,-0.009273401414191751,-0.030802150999224454,0.006774913748754496,-0.009033796974624253,-0.02923144548076162,0.0015550252209646231,-0.004192297034981918,-0.01419028989477733,-0.028509259768663253,-0.01085895208954335,-0.025623488509856185,-0.0011740974946721217,-0.013385533515170356,-0.016944267959824955,-0.03160581514472338,-0.024888343422075576,-0.026858644793263498,-0.012605855974045177,-0.018416852604908218,-0.019969477741053288,-0.03553469106842688,-0.008887990902149534,-0.016339095408779536,-0.019479213372267212,-0.004222381297022126,-0.01071382482748584,-0.016303607184883995,-0.013914653975519942,-0.011708224648026344,-0.016212032082161154,-0.012904087050692237,-0.008922151208814233,-0.005240545113073147,0.003296603773097928,-0.014705007015743954,-0.007990228440942992,-0.006282784368472627,-0.01839277472797851,-0.0013261369338721796,-0.007221015491385208,-0.012224126740578045,-0.02143941091179624,-0.020698644882140016
2023-12-21,0.028486028981421718,0.022969039587874995,0.005303011877086261,0.019138502801077983,0.003990649015725323,0.014826974965290285,0.013632766718773892,0.015487503844667572,0.01164011670564813,0.02600174704242142,0.08628790868475011,0.008545011251934742,0.036642989791422,0.012015976514918814,0.02450598621356881,-0.013951712127042049,0.04586393523770882,0.011672696466173527,0.007156287080440249,-0.0005952074166726273,0.014143237698129196,0.003580575878682435,-0.00013587727145036865,0.006293485477222083,-0.0020080513528911714,0.06554580140484423,0.00039151883205579274,0.009471506694593845,0.024071115497159568,0.0162989340800912,0.018763805119778487,0.016153760361382385,0.017859382598927942,0.007725193863729718,0.011635486489847802,0.012623673235531818,0.00943474410986811,0.006546162541413603,-0.0063276555343557694,0.015383594406798151,0.03399712276599831,0.0010352168904845804,0.0008811848609804329,0.0068449771945024995,0.02128094035535799,0.011306871390431628,0.015229073944190263,0.0002938694050000912,0.010436234639792152,0.0074690149569585085,0.011467124670230033,0.0166884894566246,0.021600052086187427,0.00797919783232448,0.015306127894447075,0.0005571506166635043,0.04709771928643125,0.010427580442089468,0.011940676800407779,0.01424085026899391,0.006596014219101942,-0.0007701050302776347,0.007471822074934353,0.012527594632226746,0.015081086883944383,0.016961833129935933,0.01765205003309389,0.012888001566953244,0.00958692750599166,0.0009665926295563398,0.002763912149689185,0.007434882671880638,-0.0004215061901023942,0.015454533124210856,0.0019920321678172925,-0.07007667720081134,0.010019872820872688,0.02876163647755159,0.008586601538125072
2023-12-22,0.004089351345264891,0.01619002836394068,0.006531055582521983,0.0,0.005377636058351509,0.009740231803749833,0.0015821502266260001,0.005282969926096559,-0.0020155348644057547,0.008786091207753755,0.011815691168021392,0.0004772417227874026,-0.0045610944065269665,0.007300096006078949,-0.003306947973151897,0.008646713259142791,-0.008135756791942339,0.05454347419732364,0.01654047394661662,0.016600876179125645,0.01545364344067024,0.00713571871092622,-0.0006676422424695128,0.009681933547677657,0.007847076475420156,0.008966963834055486,0.006070271543518357,0.0014003283676051748,0.010219783173326613,0.010644234703551136,0.011375898181061661,0.008450040228246802,0.009188403728909833,0.004252433040804471,0.0014957751892912263,0.0034598544427637545,0.003973988646434723,-0.0005244245176427853,-0.004548642921088808,0.009726276978179405,-0.000704617019820275,0.0005314273790186785,0.009439460603971828,-0.0023161505890451073,0.004177802222246507,-0.0027300973670256745,-0.004710518075475956,0.002350029730564973,0.008262787174957875,0.005417616554026727,0.002035010202524612,0.01190862062657283,-0.0011746715038302158,0.0,0.01880369384397884,-0.005787290643561871,0.0,0.0058822689721578225,0.016239258949998447,0.007371688165283219,0.005063640586669749,-0.0055474313490041505,-0.0043151485461622174,0.0014846247896884712,0.01729143704003966,-0.0006934929773290133,0.0009072104850142981,0.002525995852150853,0.009647461270818836,0.0001927303245827794,0.011085900403121851,0.009532597099991769,0.007800981613108826,-0.0019397164746050022,0.0,0.008073966890046025,0.004719532794484005,0.009757045812906373,0.009355374054814458
2023-12-26,0.013761309611782568,0.010582668424273578,-0.0009983213163378135,0.00563390602397873,-0.0004652108828320234,0.0032153973727311325,0.013428168615254199,0.005354555536199124,-0.007215671913296529,0.011832556898963675,0.006590268891511153,0.004890240348176755,0.0057275534901948255,-0.004165169710103944,0.006414565256937399,0.006797424158701659,0.008533517364498922,0.0009422713420346174,-0.00022894880460544442,0.025263598490926187,0.02260493766047622,0.009109327432059722,0.0009541404712889445,0.004496825438593088,0.0037932893641090537,0.012078961568626756,0.007979797955316226,0.01300507877084578,0.01719784054873852,0.00702145655648434,0.013926131358126925,0.010024581631104201,0.0073370968257213676,0.007037062755867796,0.006121910799586905,0.004980317732212525,0.004251555972405452,0.004093180456037571,0.002843346725586171,-0.002037677290973705,-0.01104576767175347,0.0,0.0021319282260525707,-0.0008183552974947439,0.008980113097310838,-6.514474615582078e-05,0.008832648442518964,0.019343754619866482,0.0038926167048409788,0.007657387978450947,0.014215128161694013,0.00731550694432026,0.0074481182337431395,0.012300788060206402,-0.004773257666570552,-0.007828392371857396,0.01493777367072946,0.0025650695920236277,0.007702456334357732,0.013729168082502907,0.003514016842443901,-0.0028407834216507277,-0.0044690210965090404,0.0048428064794401315,-0.0009149657621845275,-0.004054092843960522,-0.0031180329428738274,0.002286497854199432,-0.005649090461262718,0.0009653928656792043,0.002907766945615009,0.006701189173192734,0.002510349268495471,0.009069653365354924,0.0033134777661070203,0.0026698117866235105,0.0012896619099600493,0.0252718544219257,0.007415023133350962
2023-12-27,-0.0004259258261283261,0.00471799160397901,0.0018319248063554117,0.005602245535173189,-0.0030247032924246575,0.016025706047937627,-0.002338240368101263,-0.002613647121599394,0.004917819162497672,0.014506173205090622,-0.004594474399057691,0.003798311506578278,-0.0045558991544834004,0.0008784873016276507,-0.004066085398748087,-0.0039993181157814695,0.003975332171797685,0.028085828774517374,-0.004470115109389439,0.013070508555482752,0.0010526625949978108,0.005516781993729847,0.006401014517264159,0.010884963452022722,0.003182049250002983,0.006274656947047541,0.0011584952834238216,0.0015185371809747217,0.002983638908532038,0.006972611818090391,0.009684790072087557,0.0007954642098473297,-0.005769229483736593,0.0031979492158991096,0.002035674007018873,0.000435668621289631,0.0029926611904704803,-0.003971999278276517,0.01771954819532673,-0.0038979683396639375,-0.008317544524441112,0.002073403805080254,-0.005221701088179986,-0.0036438883431892943,0.0024137394695340486,-0.0004563413242133496,-0.0050535251941501436,-0.008337978056984774,-0.002448957793566686,-0.003377292535219123,0.0031464555771483216,0.0028418109368828492,-0.007782038535120606,-0.006015543131786871,0.0020783544316689273,0.009031858954531291,0.001798739048883835,0.0007162239075755306,0.0023387351994705874,0.0017873254424021212,0.0008015723179406464,0.0005178179645652925,0.0004080984457004444,0.0028524018215678737,0.009263807721703543,0.006710859442108585,-0.001163721328864331,0.004724336066175283,0.002931205297317385,0.007328754492740286,-0.014013159450727786,0.001815431497339759,0.0031303754231524206,-4.9433381171692936e-05,0.0006603300249246047,-0.009236105109398096,0.00036787039510155495,0.0036247668064595118,0.0
2023-12-28,-0.006638193933026337,-0.005154072237869567,0.004239031509390756,0.007427982388984011,0.0032673957037123724,-0.0015773095982856145,0.0007813471220006196,-0.0019283332471724535,0.0008058089740310415,0.0019943997594407126,-0.007616060147865866,0.004611435908575823,-0.0022882516214318693,0.0036065160336424817,0.01246839054951443,0.003799557087674321,0.005049457478208952,-0.004375034737283623,0.00034541317133740534,0.003172567398903592,-0.001595425605618317,0.001496052523860314,-0.002436304081009033,-0.005548708953861836,0.0007931091384179023,-0.00844587127574925,0.007521745886612807,0.004272884144735256,-0.002535453591222203,0.006617136062537998,0.0013951520081014746,0.0012490385192700515,-0.006141190379591155,-5.897162952239743e-05,-0.0004862243061380944,0.008927109736612149,0.00574930234261628,0.006716227213884762,-0.007262894447572998,0.002981525008764807,0.005751298372862035,0.0001291726974859131,0.002575892050276307,-0.0009394670892135526,0.004464382147693735,0.0002609139551152939,-0.003338832133413905,-0.008408316255413717,0.00061372296729445,0.012425796503871656,0.002304459553383875,0.005982384530489826,0.009215727690478959,0.006415011650326097,0.000797690440604848,-0.005833267919888474,0.0006529580989089734,0.0004091306110207693,0.0011381569932440438,0.000960789714342658,0.0016440114269706818,0.0022263420652810506,0.007071002637647261,0.0,0.006735748536284447,0.0017484050421159303,-0.005097670912429297,0.0022797533200700215,0.0065986063546701335,-0.0024888471285212654,0.0039207555084681545,0.0072484448556184855,-0.0037446267873032513,-0.0063216061156938785,-0.002640166562149049,0.0036113087015563483,0.004413843512240501,-0.0027990535878079648,0.0029441626638484486
2023-12-29,-0.006436892893271096,-0.006946034430360126,0.005711127725603671,-0.0018433516498573832,0.005582583695173726,-0.004739241713196396,-0.007025832444298552,-0.010502236507352491,0.004065055023872777,-0.012043637768849758,-0.006345635566049945,-0.006826716612774453,-0.0022936235716635167,0.007855499995768511,-0.007083747204750024,0.002064535007247681,-0.009650534203742955,-0.021971298882251467,-0.0057543758971763115,-0.0016866276315889994,-0.007336188438254787,-0.002489999755223793,-0.0023059309170317954,-0.004554455703548843,0.000792320533876234,0.0026117202338660217,-0.0007656772536882572,-0.012489797268977032,-0.010168017212298985,0.0023523913503031846,0.003308994208728544,-0.001361037911221108,-0.013939608958535632,0.0026563935252292836,-0.004327575968580022,-0.02994336589694102,0.0013746551383386763,0.0008341160413993798,-0.009019787975681148,-0.0032204388959542474,-0.01691691395090289,0.0003880021861444316,-0.001551279410045181,0.0018134672542788888,-0.008389973214757651,-0.009388462612883952,-0.005488058998490142,-0.000584817192036069,0.0018401176215225856,0.0013946634508574807,-0.008908373024297145,-0.0034428985203392992,-0.007966045315455195,-0.00300654730316563,0.0009565020521100642,-0.0063606074094118,-0.016150042271119713,-0.0018399648957418968,-0.005456977404900809,-0.008432677418433121,0.005260787316458071,-0.005424112630959987,0.002835474139962324,-0.0018635154074463367,-0.0015254691450654612,-0.0009817823339252074,-0.0031839962973254643,-0.0019902950845565037,0.0025143950454948882,-0.0019194280846693834,-0.002868082265189531,-0.0008994295164590493,-0.00208808287652551,-0.008399614647315312,0.0026471554935678654,-0.003263607700512927,-0.0017944133704261844,-0.017385078481671257,-0.01210902968573968
