Date,ACTG,AMAT,ATLC,BMRA,BYRN,CPSH,FLNT,HALO,IBIO,INO,KG,LFMD,LINK,MGIC,PETS,PRTS,RCAT,ROCK,SBET,SNBR,TOMZ,UONE,XOMA,CYRX,ENSG,EVO,FIEE,FORM,IDN,LULU,MASI,MKTX,PTF,RICK,WDFC,ALGN,BCRX,BLDP,CRVO,HAIN,IPM,KOSS,NOTV,OMEX,ZBRA,ZYXI,AMSC,ARTW,MNKD,MNST,ODFL,PGJ,QQQ,TTWO,ADBE,AMZN,AVGO,CELH,CTRN,ESCA,FLWS,GNSS,HIMX,IMMR,MELI,MRVL,QCOM,QVCGA,SLNH,THRM,AAPL,AMTX,CDNS,DRS,ERIE,INOD,NICE,POWI,SCWO,SMID
2021-01-04,-0.0355330210332383,0.006604619578011173,-0.08160773000491817,0.016064241646516875,0.006896578032394851,-0.017985594543473482,-0.011299453969081052,-0.007024098419370239,0.161904761904762,0.09943507995706269,0.0,-0.013782565037701922,0.008888959884643555,-0.044089391588933435,0.024329393643439223,0.01210650640628197,-0.09833335876464844,0.050458675705141065,0.09677419354838701,-0.030539946021987507,-0.02844641346997101,-0.011876529758149568,-0.09766601561233756,0.07224243600232594,0.03318692142965385,0.0,0.03867403314917128,-0.007438393570878499,0.021910605025704966,0.02404963694665674,-0.00924066972653581,-0.013635697572040972,-0.014714177015575536,-0.061865762044245765,-0.026460423986451653,-0.014820881840242217,-0.009395932431724874,-0.03717944213964086,0.050000000000000044,-0.012702418850513486,0.08904109029793172,-0.0726744173957955,-0.039024429956693085,-0.01408449379940424,-0.016131922842526736,0.031203521627430453,-0.002561890083130902,0.06944437545758975,0.028753965136958826,-0.020328771783846955,-0.023004204178525445,-0.008611036282117013,-0.014119871048187904,-0.02858649297147653,-0.02955290514996034,-0.021584740620304466,-0.028845493019187485,-0.015305192833282688,-0.05273749830496288,-0.004251458608933278,0.04346150618333078,-0.02453985396935121,-0.033829614220259874,-0.047829785232426425,-0.02102408717605153,-0.025872986369471662,-0.025206662460387608,-0.039197844292279904,0.06157112526539277,-0.026985619492318924,-0.024719102981850316,0.14056221015745485,-0.004910930183347095,-0.03794885615037802,-0.014944989499633188,-0.0018868355701793238,-0.01661148984521532,0.005130645153514468,-0.04761900369272076,-0.0158729758262226
2021-01-05,0.050000015685433,0.03142646682004213,0.08355434657501504,0.005928895286087643,-0.0068493410175966,0.03663000144099149,-0.030476161411830405,-0.011789672289529873,-0.032786885245901676,-0.04830420766066734,-0.03212848390829681,-0.06832298964456307,-0.09691647601715381,-0.004010732185103283,0.03410474313833389,0.05661882299097365,-0.2569315907005999,0.08402803360810385,0.023529426724302915,0.04070055068923151,0.0,0.0552884681514032,0.0062782521827216,0.07502662383071024,0.069949588261486,0.0,-0.04255319148936165,0.011475359602213686,0.023156128756176342,0.028338962616394348,0.011620896610827103,-0.015156428272558031,0.010821745242805658,-0.01027040842449578,0.007152461376390251,0.032652056612000546,-0.0013550445429219016,0.024411860643508865,0.23809523809523814,0.0141271791602815,0.0,-0.02507842027888252,0.04737736328892761,-0.014285700661795464,0.006452813608807562,-0.02665708188038285,0.056934926753241966,-0.0032467502308325402,-0.006211174145593357,0.009050769410977821,0.005558742086905655,0.047852030909872,0.008244065188947047,0.014317559089725096,0.0007211565215241578,0.010004358381754175,0.006772960313566001,0.052684753137711926,0.0346365747099846,0.02941192281021321,0.015112486820628268,0.020440194162688607,0.03221287415073504,0.022325343144490972,0.0060975609756097615,0.02807186953560059,0.02646452777357533,0.06546490210769407,0.016000000000000014,0.031515915992021526,0.012363698380169375,0.07746480114756582,0.0027990932394548196,0.06076762083257092,0.007969668961343768,0.024574690997801074,0.0016856193499164007,0.007292205854829703,-0.025000050291418274,0.0
2021-01-06,-0.022556369412079502,0.013727483820716202,0.004079982886001421,0.009823126208018618,-0.013793090294147325,-0.09540635625633953,0.05304515007598165,0.03793844329221763,0.0,0.008639300402664807,-0.1286307191867635,-0.001666704813639286,0.0182927986080772,-0.017449544606768508,-0.007950500977169539,0.030943384710347965,0.39303480875686536,0.12585455833050374,-0.07471267181757968,0.05061146011043083,-0.02477480452630154,1.020501174333734,0.0012477972907747326,0.028271973877243672,0.06822989084587405,-0.011445651245081012,0.04166666666666674,0.012502915783688007,0.021793735838776085,-0.008867667121418843,0.01996354999124139,-0.016545392714072404,-0.01869959732353188,0.06826861036345089,0.018234324220038456,-0.005996522798170756,0.02442337964325847,0.0532928746231478,-0.09615384615384615,0.005223857723561487,0.06918239748170008,-0.01929258675350931,0.0,-0.026087000389555248,0.03744383352800584,0.06735752597062095,0.09072497864179008,0.026058685297797535,0.04374995762482348,-0.007875751860906388,0.008083629395404301,-0.027882247439789398,-0.013852509197492036,-0.015678453784032764,-0.03990200495253249,-0.024896614147709384,-0.006166845508943197,0.0036433467966912048,0.06736501718024068,0.029953798447927005,-0.013435033657707263,-0.007704116434674502,-0.0067842313350667816,0.0036397782518575728,-0.04728486032196966,-0.02310470888891869,-0.008134745618345929,0.01157612201217928,0.08464566929133865,0.04750993971659345,-0.03366148053777873,-0.0326797080073582,-0.04039958883985573,-0.04623107045678132,0.03352156551697405,0.027675293958666858,-0.03258136764647068,0.02931944916429008,0.025641078544558438,0.026881719878786958
2021-01-07,0.0820512017946684,0.041065876281453084,0.01219013529541968,0.06420232145486171,0.006992966885427165,0.17968751891749024,-0.016791014015572703,0.03126438184716229,0.0,0.01070661071232859,0.057142893473307366,0.25208685919531537,0.05389222903328439,0.019125597469856537,0.003264988310181627,0.03367496656554647,-0.017857126131349377,0.02916615758541541,0.06832296664983084,0.012446719751498136,0.05311778825082025,-0.21645998884620354,0.02442670908092892,0.06133440769763543,-0.00836153767895187,0.0,-0.040000000000000036,0.0400182944962022,-0.01804752427625389,0.01112184045401765,0.02062984387047795,0.007577072776606686,0.05054904824289186,0.005879193141299366,0.016625772828956942,0.033253706056755705,0.025165506699782902,0.15713697156496975,0.0,-0.002969535568866144,0.02941173583166079,0.03278693266050836,0.08723747283703709,0.026785760535068093,0.03616837676508733,0.05270462370117057,0.11622722336787472,-0.006349200101906871,0.07784431052236163,0.03087103799304014,0.04480056824010892,0.025426283615709755,0.02419225619453469,0.0321540007283756,0.02451157542326765,0.0075771277744003385,0.042142791772940225,0.0764234217746913,0.019819102464953442,0.003131867580400627,0.005152719516205995,0.012422348291186713,0.060109492664148334,0.09519493419656144,0.01653328322070946,0.0539671461789577,0.02982991682539593,-0.006161974265093351,-0.010889292196007205,0.015021128538441841,0.0341230410759088,0.043918876468569845,0.04906616420741727,0.040042063323550536,0.02613820156034463,0.12028717752390028,0.0196520996250924,0.07056627792719605,0.0,-0.01989534348302424
2021-01-08,0.03791477066447935,0.010575087689026708,-0.042151715916996735,-0.025594126481802038,-0.02777775202268362,0.18543044580011458,-0.0037950928541565787,-0.028756150200088815,0.016949152542372836,-0.023305079608907264,0.013513478682458668,-0.002666664123535112,0.04147713151644972,0.06836455197157609,0.005621512672270734,-0.004957485509317183,0.03272724151611328,-0.030235937342511066,0.08139536602982411,0.0029596145787875727,-0.06578941176802755,-0.116546757555262,0.01459859637698413,0.02536227702593763,-0.01709790204106254,0.0,0.01388888888888884,-0.01627084149555258,-0.02339186970753593,-0.0049824853583512185,0.01332051686547997,0.005243794729444584,0.0018693625805072944,-0.048792726802526665,0.11677642950450484,0.021796053199711007,0.0,0.025239993352418555,0.03191489361702127,0.0024819675316154477,0.4000000272478377,0.03809520061144145,-0.03640414336771591,-0.004347856433870367,-0.008873147955646754,-0.042160821126729475,-0.02262143437315134,-0.006389846202502492,-0.055555504045367354,0.015935806029620636,0.01782525208193153,0.041124834291873524,0.012857775454282239,0.011634047559506921,0.015405902833317109,0.006495514374673217,0.005074487931267413,0.03904854384905998,0.016415074186505008,-0.025869773957947872,-0.005492479731364797,0.0015337774403512139,-0.03608251278781782,0.011589347074541623,0.07573986465066085,0.001224137040511275,0.0060371570079940096,-0.018600477008234084,-0.01834862385321101,-0.0020114855275534804,0.008631445140728555,-0.04207115845739007,-0.00627508640059482,-0.04255320602356394,0.006834373173070896,0.03044872823551592,-0.005843765424386027,0.015110186527167668,0.09999997764825852,-0.0064101995879434215
2021-01-11,-0.03424659622105475,0.025115104678436362,-0.027242309692016797,-0.03564729079552187,0.0,-0.10614521902809393,-0.04952379256959949,-0.018820282317367765,0.050000000000000044,-0.014099761091825425,-0.008888922797309018,-0.01737969439965592,-0.007092153748865404,0.04077799663513093,-0.004413227306982015,-0.018505354117595685,-0.05281685263456315,-0.005105933787300954,0.053763441595309214,0.010214521843655122,-0.01173713334470583,-0.019543955727765794,-0.019424493008904142,-0.01501764129039218,-0.005600250876538038,0.0,0.013698630136986356,0.016986998055902758,0.011976077703004018,-0.010397821599675283,-0.013497750034416334,-0.015160569279405678,-0.0064268220046730384,-0.006144748129242483,-0.0026894407947304355,-0.02364476991010711,-0.029715704010040422,0.004160850598122989,0.3402061855670102,0.008417929134087343,-0.1836734852757067,-0.02140670753856222,0.03700844505427958,0.020378507373346233,0.02051941524445855,-0.06808799453118086,-0.008168814771058797,-0.09646301042947159,-0.020588285205272117,-0.021581171370308794,-0.015664581765679086,-0.027737408027543542,-0.01444993409563644,-0.018485955068401005,-0.022387169104308824,-0.021519462280005563,0.00026924380952930704,-0.024427682974009546,0.03879710774137135,0.006410322250549383,0.05154637799689343,-0.009188425373490183,0.08155068078075023,-0.015548279953368715,0.02475279163939792,0.023634860900787036,-0.003383055559985526,0.02166064822742375,-0.06542056074766356,-0.004606963706334843,-0.023249035378076544,0.02364862579076843,-0.011014024327118621,0.006349252295888563,-0.008291897571604978,-0.03888024987157657,0.0043446603429133646,0.011756862730789353,-0.09090907243657698,0.02473113306658492
2021-01-12,0.026004759578818648,0.020927078379987973,0.029297730805629252,0.2723735664850635,0.0,1.1375000158324835,0.0721442184881198,0.013567294293676868,0.25396825396825395,0.0011000652289441248,-0.008968558853510666,0.009523833002672122,-0.05274720714224579,0.01265810306243953,0.0047281783112425035,0.031182038170071147,-0.07434945852394259,0.04051101780186461,0.14285710578525457,0.033704077384567155,0.016627119008812974,-0.0049834235719935505,0.03081443274732476,0.014887925220711917,0.005392011876008906,0.0,-0.013513513513513487,0.020879137647020984,-0.006762461895349903,-0.013078612338751405,-0.0064662331714240295,-0.027661213825046604,0.013214840619133028,-0.012365897295102402,-0.054338678938296026,-0.007467997466291454,0.07057253219952342,0.1864641469817656,-0.1461538461538462,-0.007120081482608898,0.0,0.012499987892806708,0.10408926335004032,0.0057061284660482325,-0.014113430042515418,0.06051659297655165,-0.012354108117476947,0.049822102403921154,-0.006006000415836432,0.011297561811721035,0.0049918554303554075,0.013741730591328327,-0.0015902316623914725,-0.035779992397940164,-0.005461362160982253,0.002125797051401035,0.00814340613302389,0.038522163183809965,0.08434598459478515,0.020473088294987063,0.022058861340894076,0.02782075904371073,0.0037082978748277373,0.010806477790523905,0.02755523013636707,0.00796173117314991,-0.010633966687509488,0.0441695824360846,-0.0020000000000000018,0.015909726407746794,-0.0013954669473035253,0.05610563627034337,-0.007201731406346279,0.05993683311578191,-0.0005443795766939541,0.02265377786594369,0.003489735969529617,0.03155659920496712,0.0,-0.013641145654092024
2021-01-13,-0.009216580748084957,-0.01959803086072498,-0.027626616336293708,-0.04128440099409614,0.0,0.09064325610058743,-0.04299063010483173,0.04154163768741137,-0.08860759493670889,0.014285762194001572,0.0,-0.0471697979829917,-0.013921038750516201,0.021428567052268477,-0.007353020423031875,-0.04852324339666059,-0.0361445437046628,-0.007346044400369567,-0.06249995742525183,-0.009564230652984396,0.01168217557165585,0.025041753105013997,-0.04033216373422199,0.006185904255821217,-0.00488629284892006,-0.015575531843966206,-0.008219178082191747,-0.01270183300101535,0.03659577065325803,-0.013419937034248486,-0.006616074340389688,0.014450910749144397,0.003363354606337854,0.057158654431038736,0.01521029803597207,-0.0031471390157142842,0.013681549402880133,0.0646100460206136,0.12612612612612617,-0.016073138804518772,0.10000002384185791,-0.04012349199329335,0.020201968306673868,0.0,0.011030763243895292,0.033402972220372806,-0.10041699888972166,-0.016949136104436047,-0.045317178109342104,-0.022555539582629347,-0.011753291540266053,-0.0016208318442937353,0.0067532415559468095,0.0017574999459832874,0.0008480735750251434,0.014438406874172749,0.004049785206271528,0.004889546475534301,-0.01779831617704475,-0.024966406721934287,-0.02226788648982314,0.010526269747421768,0.046798017091990385,0.0,-0.00657427235041852,-0.007898842710906573,0.019229715494395228,-0.03891711256158692,0.012024048096192397,-0.01523348131216462,0.01622664917111538,0.04374995762482348,0.0029912794857382963,0.015873003739208746,-0.012412520420501116,0.02215187700679966,-0.003803614705305547,-0.01994601222091541,-0.16249999161809692,0.044680860993440596
2021-01-14,0.18372091321187067,0.07904117253508947,0.03314681329905644,-0.033492829152439785,0.007142884390694659,0.32975871656403166,0.029296925325374534,0.042543720884195,0.06944444444444442,0.01516793312363296,0.022624433998618354,0.03394621857014268,0.05882349228776573,-0.005244637562700438,0.04562956441231547,0.020694803560356023,0.1874999130765631,0.006448891362386133,0.0809523567320809,0.0828487136981082,-0.006928344919118312,0.07328995047028641,-0.01161931302443242,0.1830317602861138,0.01461079516672048,-0.003080386815226599,0.005524861878453136,0.08024422713036605,-0.01231531760642468,-0.01252343806060252,-0.0525210114202046,-0.04519670591702485,0.007115050781955734,0.04402662806551305,-0.027774848801015217,0.006350473395100087,0.05398779811684995,-0.05549487403991227,-0.06399999999999995,0.025383219358988907,-0.21818182212262105,-0.012861724502339578,0.016501650580520222,0.007092157807799149,-0.001139534990405644,0.11380469980812857,-0.054074918946890094,0.024137907220975086,0.06962026032742874,-0.005551345607741842,0.032593586807039276,0.00974040230954798,-0.0053472726007930405,-0.020200495134320207,-0.01859972250046449,-0.012135545173177387,0.0019061831828719455,0.08758388053597144,0.047315432332581286,0.02514845942581334,0.050105057882081194,0.07142857649699375,0.015294081445399899,0.02384852751013633,0.030219325911771566,0.021297574763494476,0.021788652606606673,0.08978877664102969,0.00990099009900991,-0.005349069350613522,-0.015127098440237852,0.04790421854561089,0.009543683461802122,0.0009765382499742348,-0.015996230339218376,-0.06346746826486338,-0.00545454545454549,0.014868268779489213,0.16417903277677137,0.03054991853950706
2021-01-15,0.013752395427459652,-0.02514174630483712,0.006666660308837891,-0.05940596318706948,-0.00709222544427357,0.015120929171032138,-0.12903225222700443,0.008076537179110277,-0.045454545454545414,0.030949801244912978,-0.008849591131132817,-0.04514362876733158,0.009999990463256836,-0.022847143154044347,-0.015868296068906607,-0.057929048980946196,-0.038596455711112254,0.008928635827349263,0.008810550478192791,-0.0377989799898486,0.009302316297383983,-0.10470410337539915,-0.0012506062439476828,-0.04914621579190681,-0.00023612127567385066,-0.0028089460226743412,-0.02472527472527475,-0.014533734505391527,0.02078138034490662,-0.009288847336375361,-0.001489970331169821,0.0213245968137854,-0.019427942840612555,-0.06214529867220031,-0.004576516529240737,0.02269934640091331,0.02444703543849247,-0.10767002591896391,-0.03418803418803418,-0.010784280268057334,0.04651158277636491,-0.05537454122866958,0.01298706285023532,0.01408449379940424,-0.006699377863059963,-0.001209194262740021,-0.029808066519348864,-0.013468000494176735,-0.07100591757714814,0.003174265691658462,-0.0005782934732061484,-0.011692481739032257,-0.007921256418792377,0.0041438458767859565,-0.01120297572578799,-0.007424600125642833,-0.013759035903195271,0.006633759753166268,-0.012656153861009045,-0.07493303876959057,-0.015682326463886898,-0.009722180094246857,-0.06488992458024156,0.01767072984021767,-0.00040485173688908915,-0.01052408729833576,-0.023375663737991048,-0.04442649398135734,0.01764705882352935,-0.008721018559610272,-0.013730483256006454,0.03428568158830925,-0.005612958206017149,-0.01756091583634145,-0.0074073699286412165,-0.16363639946184394,0.0007313060586151554,-0.04384847468429853,0.01282057748038623,-0.0029644005247470018
2021-01-19,0.08527133144027754,0.05894920354884614,0.03932122387994186,0.06842111515316596,-0.00714288439069477,-0.04865936305539453,-0.008714657606691656,0.017710313033589165,0.027210884353741527,0.04554864443322071,0.022321428951560307,0.11031518321238099,0.008800950463936585,0.01558762854930551,-0.12669168424899457,-0.01306687727157374,0.20437954044906048,0.05132743517477234,0.1921398131586738,0.0124275970837473,0.06451606523659481,0.08983046176343912,0.026546490488095875,0.002186124104418763,0.0014167891102898622,-0.0232394581109705,-0.016901408450704203,0.021302763663015867,0.030944635399350773,-0.006531204644412147,-0.001415599051534655,-0.013594529230379404,0.025285733352444106,0.09045476300338806,0.004454252545755155,-0.017312214908146495,0.03068176116332655,0.1631527959485266,-0.07964601769911506,-0.008176457533800141,0.16111109418633496,0.24827578155662988,-0.049359002495814486,-0.055555504045367354,-0.008259627761912802,0.09261503002343696,0.053030312152531955,0.003412965950654101,0.022292971625532454,-0.01713038372815412,0.0005786280900541563,0.040224727475633104,0.014590000472324727,0.012482152860603168,-0.0034491499707035578,0.005318518294228358,0.030099717583764063,0.06636012285605242,0.025636832532440756,0.017357971590917343,0.03152543407375519,0.0350631130417034,0.035935585950975124,-0.02209933907896855,0.033173449690971246,0.0598776262279721,0.04252333622785831,-0.009298464641653514,-0.06358381502890176,0.022727318491438275,0.005427044234127765,0.1325966945436392,0.022133064030362526,0.004965215466687711,-0.02214608775857363,0.06719370680489045,-0.008732241658175988,0.011845195932153052,0.0,0.0654112822032844
2021-01-20,0.016071456092961345,-0.012635175110820351,0.01911587138864701,0.011494202474604753,0.028777020372816597,-0.11377872247061782,-0.019780184002556545,-0.012430128094640502,-0.039735099337748325,-0.03762374317996953,0.1353711979523904,0.09032255603421113,-0.004362084740249905,0.014167645270517948,-0.018463672490065197,-0.030373858153276534,0.439393960192622,-0.03674001377038427,0.16849810946587995,0.0055134341395455255,-0.03463200246221376,-0.05132191796517038,-0.057331109846059936,0.11639141765633032,0.0058949815376103665,0.01773616992064664,-0.025787965616045794,-0.026273593206074697,-0.04502367311961186,0.03760407631026297,0.009693481913014779,0.002868709301979022,0.023108095024719333,0.022908300572482387,0.011443041164087342,0.012486360682412156,0.01874311819337282,-0.016731798064865577,0.028846153846153744,0.006245316203439266,-0.1961722408894725,-0.052486139449845814,0.002697232775374925,-0.01617648976896824,0.0017494368753321332,-0.012742311169728016,0.050359720456794044,-0.006802714468455484,0.0,-0.005217597814713759,0.006987794385379553,0.022462102433810083,0.023260947808532384,0.041865885890852494,0.028981404132153665,0.04570048462239673,0.005683159110669633,-0.057487730660216174,-0.029900323003053342,-0.02511858558542468,0.04699310847304061,0.06233062750864482,0.011961670411320569,0.0758675703946865,0.037178358013543855,0.0050176429177526405,0.005068190520464366,0.005119558206117647,-0.14814814814814814,0.017060966901881747,0.03285590401252514,-0.03658533181412238,0.01802071700566721,0.06521748441135289,0.0010313869633977735,0.01481480042466754,0.020972328674240703,-0.009343858239014735,0.0,0.012093033901480643
2021-01-21,0.07381372092623728,0.0012055146941218897,-0.0035170047694895734,0.0064935004616650804,-0.020979034037302835,0.030624291624402833,-0.006726468745747893,-0.0035661459088550673,0.006896551724137945,-0.0637860294953545,-0.03461536994347203,0.17159761443725263,-0.034611306500746175,-0.01455174916827362,0.016459543833432067,0.03614456354692086,-0.1515789031982422,-0.021075310919211443,-0.009404325237033384,0.0016552454650646808,0.09641251674008466,-0.0196721126942887,0.0005176101987474091,0.029309119740389855,-0.024261717501899205,0.017426972168168353,-0.02941176470588236,-0.004531357558455462,-0.02564106002515998,-0.016614085316534855,-0.008424093010232059,-0.006262432197218226,0.012680011871256003,0.006836343535134848,0.0015556738116042634,-0.036429997583986795,-0.009740276495374789,0.010493555422436573,0.08411214953271018,-0.010923501490648913,0.3095238787922481,0.03206993963700455,0.006052464914629407,0.03139013996275253,-0.0008608426920325707,-0.08417514670277959,0.0776255310075149,0.023972579251313464,0.0623053100644726,-0.004575423047837979,-0.005934331744333554,0.006952293243495999,0.007999263543542856,-0.007196355813583799,0.004875094147242853,0.013363421550624865,0.010695207256236072,-0.036596574660219705,0.007338564337557196,0.014584220319716401,-0.0018832822392200743,0.006377514403644646,0.03900718652245039,0.009752423640426278,-0.02224922401127527,-0.010909527377270467,0.0009113329889121058,-0.011035699526525944,0.11111111111111116,-0.007894067785673142,0.03665864656869533,0.02025320535667996,-0.010563960898292812,-0.04081629188510616,-0.009643265370894105,0.018248157716151958,-0.02176894866172152,0.008889842770488876,-0.05063293717874329,0.0018381896947601284
2021-01-22,-0.06055652280050283,-0.015189362509864468,0.037647022920496376,0.12580648932323113,-0.00714288439069477,-0.0514285496303013,0.027088010361969284,0.042105263157894646,0.20547945205479445,-0.010988983349614512,-0.015936239539883656,0.11919195461049537,-0.009530150814172522,0.009450607724356352,0.020158573951454706,-0.04341081259707702,0.36476419693823225,0.012287315206323868,-0.02215196240414774,0.028093381835122333,-0.002044939124275391,-0.011705714287309044,0.016813283198251705,0.11335594047934316,0.02318304300377738,0.009748010046449984,0.030303030303030276,0.01986341916204526,-0.002546666693652333,-0.00816106206274958,0.009069668743370896,-0.008616469439167163,0.011934063445873111,0.00632150067103221,0.01994512960575512,-0.017892242717920337,0.0065574231823122275,0.04041534054282181,0.06034482758620685,0.00301202137111356,0.022727250560256484,-0.056497189220031774,-0.020053488634350525,0.015942048115080043,0.006499222184941367,0.07475484907489971,0.036370081135055576,0.013377913620550297,0.03812312983876964,-0.011210762715387124,-0.014972130570472197,0.0011045551497004258,-0.0028801052266191896,-0.0043782540726478025,0.0008898212734846922,-0.00446331304512726,-0.003855783244219757,0.02374169101041934,-0.008094544217170374,0.04168698625514877,-0.004088024021557168,0.00760455561405049,-0.011376588506063712,0.0037146807074897037,0.012813233844443328,-0.016264745092179678,-0.014142868032528066,0.006866912518572299,-0.03260869565217395,-0.02870128902950908,0.016073809446914833,0.09181138121495969,-0.00865673777601661,0.0705994342379912,-0.016103493528575652,-0.014336904085998858,-0.006163093405952891,0.014076848253826046,-0.05333336194356286,-0.0018348169531452463
2021-01-25,-0.0243902216146471,0.016834484788326387,-0.03514733295561201,0.07449856439907832,0.0,0.034939753637204696,0.16263738674505857,-0.014141429554332396,-0.02840909090909094,0.07999999434859673,-0.06477734137848323,0.16155234423993625,0.06414663971143986,-0.019894634798703348,0.1363784464425395,0.10372769182687214,0.054545489224520516,-0.007262132510370778,-0.03883493627438961,0.01024710301069831,0.02868849655788064,-0.028764819066515845,0.007885971706029338,-0.11947384588567411,0.007161540851646109,-0.003309963951085626,-0.014705882352941124,-0.015621838982784575,0.0008510833090924486,-0.018419623445310118,-0.024992401854294743,-0.0006865392710644347,-0.013597791689801797,-0.021870416058415998,0.04378167342006112,0.010092033854122828,-0.005428902337433983,-0.04504985656038407,0.05691056910569103,0.02902902587560008,-0.15555556615193689,0.796407231792476,-0.04706682043418331,0.05991434889350655,-0.015189295349532839,0.0621435984831511,-0.04020443917679739,-0.029702942250534492,0.05932204531353924,0.002947870127286256,0.03181655813791506,0.018758950811109676,0.008266097140346096,-0.0032737132656924794,0.0021166708890703045,0.0005376354551673845,-0.0004947487102494597,-0.027210859077453686,-0.0582666830121078,-0.017479351911214747,0.0502051860249102,-0.022641488384546493,0.013809035605013342,0.08438192579540571,-0.04328136521451209,0.03439744128637545,0.0121907032665034,0.03665817347906963,-0.0898876404494382,-0.020772354538719617,0.027683640972550494,1.0,-0.011061012172276619,-0.003613366873285284,0.0052443786947713456,-0.021818161010742188,-0.0015223659974556991,-0.015153003524853381,-0.014084494035883521,0.011029401130226768
2021-01-26,0.06249998403446977,-0.023955081596976013,-0.0007834099970915887,-0.029333305358886674,0.0071942722456204145,-0.06169961857468875,0.09073721428905812,-0.003073723637842307,0.005847953216374213,0.08847736410173623,-0.01731600051622262,0.37684533573597023,-0.03121640742689491,0.007164039733747352,0.10490308517408153,0.4816446750907899,0.0775861714597843,-0.022154903255229508,-0.13131309931099977,0.009745459235543041,-0.01593623984263237,0.015679469717184036,-0.028016169618275133,-0.06901805370038283,-0.013637755715223299,0.10696006248777401,-0.05671641791044779,-0.044723865687749775,-0.03571429150676808,-0.027736089139802633,-0.023454816854762806,0.0009032323873796599,-0.01927350219942292,-0.04329201489388479,0.022614314927712265,-0.008100534514445368,0.0,0.05395479562383132,-0.023076923076923106,0.051070095899005574,0.005263152941442195,0.6666666666666667,-0.03435937628745178,0.03230151460299391,-0.0185530167402137,0.014492808081484343,0.011714587249282982,0.05782307298187184,-0.021333312988281228,0.0038435899932631745,-0.016957111652120327,-0.0104253943093493,0.0014630984740413577,-0.02063829893866187,0.00599864042591558,0.009754137082109926,-0.0019793370218066375,0.031627490083499854,-0.005199293467830213,-0.014981329366432705,0.11545400921147353,0.030888062875735534,0.10783197588600801,0.01638229556690063,-0.03843617540724731,-0.007900181457728306,-0.011253000555507153,0.07072374369276058,-0.032098765432098775,-0.014640025712449156,0.0016795814054084701,-0.0011363896210325741,-0.015231730378195696,-0.027198486154372814,-0.007236322481706026,-0.027881058025408523,-0.012681778706315372,-0.02625339983399677,0.08571429057997104,0.022727272727272707
2021-01-27,-0.048739490949470166,-0.06585818667337451,-0.0564484720163696,-0.02197806588435247,-0.021428585052490234,-0.12531019557066814,-0.012131663255439795,-0.03309353668766357,-0.029069767441860517,0.181474488671016,-0.03083703697853135,-0.12471778612356454,-0.011111021041870117,-0.03260222728261897,0.3364295391719485,-0.12834490155699385,-0.18879997253417968,-0.02714546247527505,0.03875968915836436,0.06608232247363088,-0.030364391423070236,0.19382506504778685,-0.05842638530425204,0.026593388507689886,-0.038052601514492634,0.09187498092651358,0.06329113924050622,-0.0718446197623217,-0.010582000347830411,-0.0031763909750834873,-0.00023897697433761245,0.04829234881127986,-0.04116983688772469,0.021630952627354816,0.03761357369869445,-0.04757982077951173,-0.04366808135300149,-0.07879931206625201,-0.055118110236220486,0.03540024840545297,-0.02094238877070942,4.8,-0.08821346186610524,0.015645356501360563,-0.00961640417889098,0.1486773504064851,-0.07333333868729441,-0.04180060463260349,-0.02997278780045287,-0.03231984963907297,-0.06365030189801035,-0.02640574442962973,-0.02787677881672579,-0.02202419623270291,-0.03418157138872602,-0.02812581228312927,-0.041325983969486724,-0.12432601115406638,0.0357142714732559,0.01188209876923163,-0.02021563425462558,-0.0149813182231322,0.014344145753244497,-0.03290804155705784,-0.04925489259711291,-0.05296284356464853,-0.05462949991531785,0.03225796766622313,-0.04336734693877553,-0.032443896594173904,-0.007683950902774961,-0.1058020287115643,-0.040349765234930945,-0.08294492638931761,0.027630563369384964,-0.013384353997340503,-0.04572854507325863,-0.07093909874016846,-0.10526313725600922,-0.03288887871636281
2021-01-28,0.0,0.02607055792458346,0.11632742749935576,-0.05617978957818792,-0.01459852642697701,0.011347506601658175,-0.050877240925454426,0.018494874892691415,-0.04790419161676651,-0.12400004069010417,0.009090943769975102,0.24629269106720142,0.024718874383664602,0.014092975628817284,-0.26370679628050475,-0.07561113770146166,0.005917106894566704,-0.0009886448324449848,0.07462686425532894,-0.009422601783523388,-0.018789176055248658,-0.048850596368446575,0.04219532997290676,-0.04819105505916643,-0.0004914087315572857,0.02404119646027536,-0.017857142857142905,-0.00046491068226062193,0.04634576574988425,0.0022153514221592285,0.02617532798493527,0.003966617738293321,0.033696918546515464,0.013141838051005994,-0.034312375819053775,0.05286084621905163,-0.005707784181330444,-0.01076517146881606,-0.033333333333333326,-0.06011170115550801,-0.005347588469389097,-0.2765517399228853,0.00569103201127974,-0.01925546804903333,0.004267205361412119,-0.0654076872935142,-0.0242332220123489,0.06375840805515565,0.03932587279618516,0.032584697332872725,0.024134307043152115,-0.003794180597445296,0.005916935192948003,0.02518168720435998,0.012326116147248545,0.0015591193708615059,0.01583064162840997,-0.013722742514982067,-0.0038687895590358012,-0.0018788506825864193,-0.11609346858735725,-0.020278814970801418,-0.04343424966462872,-0.08749986463035597,0.0733286977816825,0.020336338538845977,0.012234260374653916,-0.051339292206526776,-0.03733333333333333,-0.005484150357172091,-0.034985331380165574,-0.1361323350490775,0.03519430452566952,0.051829247104313136,0.0140211238058916,0.005813994320832405,0.036788535008061896,0.001189332522564035,-0.04411769217479555,-0.021139751240017657
2021-01-29,-0.01060069688994325,-0.044191828595151805,-0.04242654489733144,0.011904821881092875,0.007407435664424256,-0.0673211797151737,0.0018484711948041355,-0.006679183799694899,0.0062893081761006275,0.16438361572932725,0.03603600043095767,0.07708224402478381,0.0043861181548516814,-0.022960549538425634,0.008980658673248376,-0.03382534950755567,-0.01960782480441492,-0.014405158926978578,0.006944426661166014,0.004756080302807941,-0.05319149152031322,0.04682778672787857,-0.041545373294212595,0.03694694281897859,-0.03785650691680076,-0.1198434204252844,-0.015151515151515138,-0.049534908560819435,-0.013628607370651635,-0.004723829956167935,-0.0064060609090890175,0.007846566917478315,-0.019021358098251562,-0.07566660767304556,-0.01491833678198462,-0.020872958086987303,-0.02181395861666635,0.004999946145450407,-0.017241379310344862,-0.011174541259087678,-0.04838711434753651,0.5252621877125654,-0.06628938580520916,0.04581150664254774,-0.013230573297666415,-0.10941348636037773,-0.04074509607130594,0.03785485257759813,-0.048648666064176505,-0.021413292618008617,-0.0252238535834437,-0.018620488644240596,-0.02103830232114423,0.0007488462016929098,-0.014817411933554347,-0.009704654514695155,-0.0027449923727830283,-0.04744919336606035,-0.0037149816982140482,-0.018823438764948408,-0.043573030791717704,-0.037516165735764995,0.0010558789313925843,-0.03729092835676173,-0.035354751857262334,-0.013798406243308081,0.0046927496613504704,-0.011764616996248312,-0.0027700831024930483,-0.03481964481905586,-0.03742063633627779,-0.0029455053076400395,-0.019255341236227075,-0.018357588446586415,-0.01134636887525442,-0.017341069671604314,-0.005253958971948247,-0.043121790949670835,0.0,0.03380287542219129
2021-02-01,0.06785716444862167,0.04685545993018736,0.060241009404793155,-0.007352969019469913,-0.014705938038939936,0.09473685795580566,0.05719558991911122,0.0014708908300016255,0.16874999999999996,0.33019610635595376,0.008695685345193604,0.14073008396365005,0.0065502119472145015,-0.016697636153046647,-0.08717287391271533,0.04964988740147658,0.06999998092651372,0.028896619955953273,0.02413791349564476,-0.0306292508612811,0.06741577608840488,0.004329034711612945,0.016565390775805433,0.004252213027918783,0.08329087357552933,0.00838303066904067,0.0,0.03963794443161062,0.03972366504124758,0.014573471618781753,0.013910647244662178,0.05172318428854927,0.02021233914475906,0.010654815694242092,0.015078625913899968,0.03363276627571232,0.39084504046847335,0.03980101501988287,-0.04385964912280704,-0.011060328992185231,0.10734466625304862,-0.453125,0.022510841955691197,0.02127660590285041,0.024495269393589814,0.005534054450916592,0.03276704675527342,0.03647420223983033,0.03693185089356166,0.01635377333871535,0.026288829702225014,0.034066256064816836,0.02498747700706616,0.0024445273166584514,0.02447852138382456,0.042629902924745666,0.036048900826816554,0.04681651712552681,-0.012711864406779627,0.024460461338455808,0.020175751658611185,0.03763437242173873,0.16244733054264326,0.03557317718202979,0.06590579915440964,0.027399847528797316,0.03391370565937768,0.004761890516074008,0.11388888888888893,0.04293178485430649,0.016520319076628764,0.16248152256006754,0.03075385018488075,0.02165357428547754,0.011559071132293042,0.08627452263690949,0.02258111575340327,0.049906706018019165,0.046153895530476774,-0.0018165719662026625
2021-02-02,0.07357860465168198,0.02351540775662575,0.04472138132869352,0.028148156625253273,0.03731343389805564,-0.04670331631719027,0.045375145727977406,0.037347855329326496,-0.06951871657754005,-0.1102594436435097,0.051724086902089406,-0.07831581517269737,0.0737527175547843,0.02767287707895072,-0.0008601868285835756,0.05457851006805958,-0.12149534709423004,0.004554306694706689,0.03703707192224348,0.019341215969423953,-0.027368445145456444,-0.00862068138659311,0.07197179651936336,-0.037377684894745244,0.017216859993073985,-0.030230527073059066,0.003076923076922977,0.04730520692240492,-0.021594703463921006,0.03133718825914733,0.01765063349140572,0.020009661345143925,0.027871083813194808,0.0023142118776204867,-0.021586085103192376,0.027106218707610097,-0.11139245620301141,0.02758231285972812,0.0,0.0004862741853701724,0.09693880281762102,-0.4285714285714286,0.11685005179799912,0.024509781005518594,0.019782085759366907,0.0737479695707346,0.0411280536161438,-0.03519065130710364,0.05205474351713768,0.0248158916873229,0.027473825136298924,0.03322249189339588,0.01631400681152173,0.030705673803027134,0.031765941863364455,0.011104214562255077,0.02172526655927376,0.027907001501550788,0.02369100546120584,-0.012640706420121162,-0.08325360697265816,0.055699461143113416,-0.009981795857912479,-0.0022899617631885194,0.006959099794935142,-0.0001891291144962004,0.01980427006402219,-0.042654011711729445,-0.029925187032418976,0.015182363906240504,0.006336692484206097,-0.0419313759218195,0.009821483513127394,0.026011656167554298,0.01927497558807345,0.07761729806849971,0.001572024250498627,0.05120021728888502,0.04411760452090707,-0.0036396690342203053
2021-02-03,0.10280371332847493,-0.03591087180288588,0.03614037497001776,0.06195962893274709,0.050359768500013,1.3832854148637836,-0.026711160855727667,-0.035800981127201426,0.24712643678160928,-0.03512260076231588,-0.03688523084429807,0.028323474487011113,-0.0010100277768475552,-0.007343869971142225,0.03903552087941908,0.012651019460879542,-0.06808504421498096,0.00701642411659531,-0.03571431815218706,0.0030058209428529548,0.015151552682972858,0.014492739601511984,0.0,0.010010557100862405,0.031416528624316875,0.03948566047379942,0.04601226993865026,-0.04292134488566535,0.041595987767385934,-0.0335252335692281,-0.020184755818922984,-0.028097983749677313,0.00209075308746165,0.09440763986438983,-0.005689039329885404,-0.02077922163189949,-0.021842312257251195,0.015338301808705657,0.02752293577981657,0.0014580208109109538,-0.05581400867666164,0.27950000762939453,-0.04094010455134034,-0.03110039304844403,-0.0037019669561489943,-0.04100476014900978,0.024078231432861585,-0.0030395108143480565,0.33333333333333326,-0.0003316981256862306,-0.033338438779902724,0.019507508121113126,-0.003967481869142642,-0.022741570662869193,-0.006207038734474257,-0.019961565909300982,-0.0245135131441222,0.02801950195894931,0.00016767267070449954,0.008060594264598153,0.08141963017478648,-0.014723913027706592,0.024747864350832316,0.06885991771076094,-0.0206650144267414,-0.03310606323139986,-0.01505032485245561,0.0321781790452671,-0.07712082262210795,-0.001233454059541228,-0.007778355534922454,0.0384615335968459,-0.006631254703725165,-0.006572786767170324,-0.00626342580821182,0.07872701566941265,0.01102384761647568,-0.0685039987135263,0.05633806009374043,-0.009132367994271307
2021-02-04,0.031073484378464356,0.03374411392334875,0.009820487688300572,-0.008141104981169156,0.00684927569743965,0.2575573207818884,0.015437419170784228,0.01174745950915157,0.10138248847926268,-0.13461540812806483,0.034042520725980685,-0.06619279235752273,-0.045096255224340576,0.0036992417203165484,-0.017127118220359616,0.07836451521503118,-0.077625603585467,0.010397697622293478,-0.04040402397051335,0.03586815765910334,0.0,-0.027142865317208442,0.0977958067132485,0.03889479065508539,-0.026525725213051743,-0.01849301199692044,0.008797653958944274,0.05447287359737785,0.0627546434688313,0.018652731478744133,-0.008193968788868689,0.004239083533852384,0.01988666712332199,0.15283623229757026,-0.008682250237584177,0.12629532643773955,-0.06310685050173914,0.029134120311457012,0.09821428571428581,0.005581158634943684,0.3546798220481284,-0.2653380568597097,-0.01739125059199431,-0.04567905493469926,0.009041576146078034,-0.0293960415022414,-0.1495224025530163,0.04878051439826536,-0.013671815700944112,0.011724339294966635,0.033426043183376164,0.014647693333475598,0.011827068789186601,-0.004495990270561578,0.015479729513654616,0.005575845147329783,0.011694037882117536,0.003893645313177707,0.049295816088095634,0.05597385454551396,-0.022844243443228218,0.0,-0.02862250935744859,0.018611207529471985,0.012205138579809871,-0.015848357270730418,-0.08829326479079347,0.04876097720152517,0.11420612813370479,0.017289329541327003,0.025757941031216536,-0.0574712405683071,0.016911427499138654,0.03213603254788833,0.0042555830371049375,0.004658343587676805,0.009942718768350955,0.04262752870781261,-0.11999996503194177,0.021198113746533576
2021-02-05,-0.02054795773263285,-0.024505943250320628,0.002012054545821984,0.04377567362055279,0.04081635301053255,0.0836539299177732,0.17060814457186946,0.014306419930705916,-0.09205020920502094,0.019047651725802472,0.020576132333265162,0.052806787765456775,0.08005082678733011,0.003685326765405783,-0.022203455360616964,0.00684576459621411,0.042079227202757474,0.0024400140285023575,0.01403505202622446,0.03688637382281024,-0.008528776410449246,0.0014684624032101912,0.01153934869307216,0.023272630865124544,-0.032213268996903355,0.018459540317099288,-0.014534883720930258,0.016032091363826106,0.014570520010668941,-0.013319973461721202,0.014340919696938625,0.009643033568572434,0.034266683920987084,-0.024400079034488376,0.05872485515883352,0.008599452652061856,0.014507808171714265,0.013892496935743237,0.04878048780487809,-0.01544400122725742,-0.23272731087424536,0.06276597622672453,-0.01689461246911872,0.009055649610433925,-0.0005646658525948478,0.04625544588505104,0.06565876815596128,-0.09883725201522608,-0.06930700361395337,-0.004045072063454724,0.02490694840788743,0.012745403718125381,0.0033913054229122164,0.02977815195009037,0.0055989010728607624,0.006349415177487883,-0.009816413693338633,0.07858347229960438,0.010386668139390931,-0.006681456891767912,0.04346393343259258,-0.019925261859617516,0.15653790962462155,0.0007027796114682516,0.01308792860084207,-0.004970040809263443,-0.014394825631033337,0.0,0.010000000000000009,0.023672193057251212,-0.0030982464490988404,0.017615191385504048,-0.009482151669462868,0.040293096510618964,0.02954326842705357,0.029366315824073785,-0.008088096669826683,-0.0017373020885125268,0.045454500299513256,0.0036101048852397177
2021-02-08,0.004195766793154032,0.05441364278996996,-0.061244979086508944,0.022280481486782078,0.058823566077443434,-0.0958297101608705,0.03751797714998273,0.030253544814584865,0.11520737327188946,0.08021807154379479,0.04435485545604023,0.2042476560856361,0.22549039201067655,0.040391774787240875,0.02960616571382446,0.07897480414513125,0.011876529758149568,0.02783368549340315,0.01730103867126398,0.042287892326089205,0.04731178186659091,-0.007331406081575342,0.003650464082316063,0.03333805028718273,0.007635537413323679,0.017500019073486417,-0.026548672566371723,0.013587528322851705,0.1345427625271578,0.01685226625089875,0.005878054205191718,-0.003393682378798113,0.02373595842525722,-0.03438920806719448,0.0296356193660392,-0.02902733404994351,0.046986725223633785,0.05972082096860576,0.15503875968992253,0.017647089072715394,0.02369677403827186,-0.04904902726172122,-0.00491001786461398,0.012820500280416924,0.03242370042982934,0.05210546095456681,0.11147142243597097,0.01935489775611199,0.0765957761965721,-0.0024149420898795793,0.013368484024237848,0.011300832207251421,0.0066994998999572175,0.028194084967236188,0.003332550322502126,-0.008713780773966562,0.014355737813157576,0.0025015611273038196,0.04096157158530134,0.026457079669282013,0.08299145208092096,0.03176620122431428,0.20302528957875832,0.10252814101898156,-0.00898791541266164,0.030969051929023772,0.01055956574585526,0.015243893030875144,0.1509900990099009,0.03276014103862224,0.0010966144575030867,-0.014647154482281821,0.0131075017621205,0.11531690961846985,0.004582095473719239,0.06756761207391815,0.030808420252826485,0.016011107284006343,0.014492739851898806,0.002697817741001085
2021-02-09,0.0431754805280089,-0.007627867615173534,-0.028163958276866574,-0.0025641000560834293,0.006172745025411208,0.08145249377420982,0.009735790208271533,-0.0051587723880716085,0.0826446280991735,-0.006488835707839535,0.0038610186464320684,0.055909935926683474,0.08160000411987278,0.02941172315372209,-0.02010040725788409,0.06010672461998867,0.2676055880834596,-0.03346375523155942,0.013605494548269759,0.039735653033469376,0.2135523585815513,-0.025110794205745357,-0.031598162112053574,-0.018318577434493832,0.01397084120696479,0.006756700393776072,0.06060606060606055,-0.0036756360853040793,-0.007328488252778431,0.0028848459302903695,0.017187380162385857,-0.019856877239086468,0.011290939456270355,0.020073313539226367,0.01542233263995163,0.020848545096099125,-0.03414637867997328,-0.0021956611100889534,0.0,0.019749510736599474,0.06481475042708373,-0.05684210124768707,0.013980269607497098,0.0582277918679468,0.011800793423636602,0.0,0.024070016250026027,0.1329113374897135,0.1422925445001686,-0.0040712492118124555,0.015406372620552888,0.020063726699506512,-0.00020976969396602207,-0.06107621169478128,0.004637836159373743,-0.00539885256244832,0.004082870789732462,-0.03555833943583764,-0.011090904896965514,0.012669700538208373,-0.02797200154455226,0.002463110596742979,0.0119126060670105,0.013375998973425895,-0.01204173543553011,-0.006783268700984002,-0.0086171151413178,-0.01876873115617128,0.1010752688172043,0.0160758256928053,-0.0065735081482646285,-0.005405400180747089,0.013882858240217288,0.0071033687635135845,0.007073770403302371,0.0,-0.009055761812152952,0.02089776789541009,0.04285718786473258,0.0
2021-02-10,0.07476641344851442,0.004744564065298551,0.005135707574210002,0.02827760723120476,0.0,-0.08030854737926496,-0.044077179134797584,0.009174293778863252,-0.007633587786259555,-0.05805518909096241,0.02307693774883557,0.08386640588271344,0.3025147533391517,-0.001142758852263892,-0.004843351205863544,-0.024234141120594743,0.0018518059014955845,0.03920315540109831,-0.013422869766834933,0.013275416475379442,-0.05922164359882809,0.0075757865844463534,-0.030046920778047825,0.002645905136693827,0.008407428642077663,0.015985420826990948,-0.05142857142857138,-0.002170188473190615,-0.04697985417359252,0.0020546896064308484,0.002065138847413772,-0.006759710568903343,0.0008357668736889146,0.2225981466479503,0.001061038718050078,-0.014991822281504086,-0.03535347891734264,-0.13276283869427297,-0.06040268456375841,0.0243268487384245,0.01739128812274293,-0.05078124126885086,0.2343877016386955,0.0035885990284156843,0.005173212932644722,-0.024011986520152462,-0.07264953752569203,0.0307262949325795,-0.04325259358568245,-0.0006629674795274321,-0.03029890165475435,0.029627422099727907,-0.0022789460044237986,-0.002446159654271196,-0.006813777740974469,-0.005573405440383872,-0.009649507805013835,-0.015685568017167584,0.014134365495489964,-0.03408125103694559,-0.03836926726253398,-0.07739558819032577,0.0,-0.055311325011429324,0.01452077717318967,-0.012878002670338784,-0.004174916862221156,-0.002295379407341591,-0.033203125,-0.005650537091477448,-0.0045585193724703155,0.06657605465072036,-0.011685460023100891,0.0,-0.011514567956889321,0.007032308433022605,0.005562609756078807,-0.008053870246004347,-0.04109593179530491,-0.003587440647670581
2021-02-11,-0.023602491020949246,0.06724588953617072,0.01861314729861996,-0.050000011920928955,0.012269986030718272,0.03305377706774193,-0.017291095851507454,-0.016995984616365867,-0.09999999999999998,0.0015408673704950804,-0.011278238349882397,-0.10393442873094905,-0.26178304600239677,-0.005720920068463364,0.026338187781513422,-0.017338370974122497,-0.020332654303098496,-0.003997943387469838,-0.0374149153803236,0.03993964333641409,-0.03597118908694685,-0.003007515885668388,-0.0614714650117848,-0.01708337995741105,0.02130589286376039,0.0,0.024096385542168752,0.05219664092589449,-0.007042213319620072,0.013181404865148405,0.014688850374554141,-0.01492754842695776,0.023146314052774786,-0.03755634582931455,0.006299074520819348,-0.01119222980121104,-0.03664925387219231,0.03411330822752845,-0.042857142857142816,0.016601365885065666,-0.05982900496613697,-0.06407996107708125,-0.019053873637653984,-0.0023838446895403376,0.09967947512078856,-0.011788868542840336,-0.005376393704870752,-0.056910578561117364,-0.018083250935932993,-0.005638413753930482,-0.0045457295139893494,0.006287110378976335,0.005499613770752809,-0.013512221539709657,0.00801749970933141,-0.007439273910078148,0.017742812061395385,0.05372095594165871,-0.0021208814591386904,-0.01965126797467165,-0.010910295163373163,0.0013315248655014766,-0.0013079364440151675,0.007983982820187974,0.01940931211306629,0.030045613137370752,0.0004124093759303449,-0.004601213528983128,0.06060606060606055,0.005966730680311283,-0.0019205180878747452,-0.0662420365915728,0.0443203291984664,-0.004702228195222702,0.009551840420117808,-0.06005584322659463,-0.015230505868924937,0.03856581203924536,0.0,0.0009001106382415802
2021-02-12,0.017811687545480792,0.03274359761279966,0.012898624590459873,0.03421055686110641,0.006060629179983401,0.24068762557963952,0.02199417317085639,0.002010423617745616,0.03418803418803429,0.09384614993364382,0.04942970274224523,0.06952065948899677,0.043923109242899994,-0.008055266950110829,0.03486778067662266,-0.01764420333810579,-0.06603780544792737,-0.021716761329996004,0.017667844205430105,-0.009009757376285177,-0.05783580877940808,-0.009049764968910634,0.004899495806783838,0.03843438391585141,-0.017573361871936477,0.0,-0.0117647058823529,0.04175279894929451,0.021985777131593887,-0.008760094736920077,0.01820596225936222,0.012515258409557584,0.008629175344800233,-0.014205985034196678,-3.016434027081072e-05,0.01766279981609964,0.040217379698906264,-0.018811303734139306,-0.07462686567164178,0.00045362798127590587,0.0,-0.07160806142333498,0.09711981419639693,0.007168509012792201,0.0162951069624655,0.008817349372986394,-0.0038610186464319574,0.05172415683064435,-0.003683237856129562,0.019902166632622453,0.020044335311729,0.008530684493351481,0.0055894056619296695,0.013900190549087199,0.004470221180239209,0.004775969497859078,0.016576398043049334,-0.03741811358573799,0.01335960553703841,0.021867326733925108,0.0012606654933637884,-0.01595743163077734,0.03863781770210273,-0.015181454477649292,0.00038615008366593706,0.03281521730936765,0.016625236474322458,0.011556260174231836,0.7142857142857142,-0.01468720451044736,0.0017761882363407366,0.04774896429406894,0.011877415021041449,0.018897622746496312,0.0010384769822813222,0.0014858472535419498,0.01269382113370443,0.004885774150783062,0.0,0.002697817741001085
2021-02-16,-0.017499983310699463,0.014138626893060113,0.0339582267042029,-0.0038168205214693662,-0.018072357681633844,0.035026938546811826,0.02725966996574436,-0.015048154047027196,-0.037190082644628086,-0.030942327696803607,0.02173914395568488,0.03147451559020986,0.11266660289396313,0.02842228471003616,0.021024235824544935,0.03883491370127201,0.010101049022522401,0.012309291229672059,0.06250001655684545,-0.05609054261874413,0.07128705803570679,0.03957378162121583,0.09725422073676016,-0.01932233242920489,-0.027813260964542064,0.08131151176274654,0.04166666666666674,0.010317393399272179,0.01596117268189623,-0.008779033356606236,-0.007979153479221957,-0.02720092885711023,-0.0009827548329675029,0.04943458344550922,-0.01567960033911675,0.007595401346842445,0.08045982051390399,-0.06223955470963516,0.37096774193548376,-0.017456369238475378,-0.004545450112051319,-0.01894450189647623,0.02869360468765292,-0.06998815317072371,0.017310712312764043,-0.03650377327375676,-0.008527105420936376,0.08743167369903748,0.012939033943755396,0.004905668066872204,-0.00951891979384778,0.0116749363117985,-0.002704863592298934,-0.02036429156304098,0.005613058958989781,-0.0026726192693009576,0.005777906036446234,0.008260450773769135,0.015430693322799671,-0.041016534192353515,-0.014793868867832183,-0.0527026839810103,0.005674677642431458,-0.06568367650111173,-0.0016109134754567211,-0.01635080924455745,-0.005541115140952679,0.026656521522775423,0.2766666666666666,0.014046200431213407,-0.016104073168295208,0.1985677251893021,0.0021280397650262906,0.10123648996378165,-0.015522345648868896,0.050445128209772205,-0.017361262253527965,-0.01415459429071686,0.0,0.023318406975524786
2021-02-17,0.033078848298750074,-0.022306649740773454,0.045501195502389624,-0.03831414007929013,0.006134993015359136,-0.06917064876241519,-0.04888264708739509,0.0032593164985694756,-0.12017167381974247,0.11538462603186694,-0.01418445088854714,0.013266985857088853,-0.039735132746255175,0.010716281683570417,-0.021119286694331385,-0.06915885834665136,-0.0319999694824219,0.02036997567664689,-0.03921575145793732,-0.02040649707294928,-0.016635800053448113,-0.0014640925558387918,-0.08956964842603143,-0.07242959959493389,0.005579185760200556,-0.015439291441688652,0.017142857142857126,-0.04104470567646756,-0.06762299874152777,-0.006856016030595713,-0.02244802711860472,-0.003367512755294566,-0.026154358121828536,0.008864977277853958,-0.014400594990010451,-0.0239006075293815,0.030947745657830428,-0.048888934100115744,-0.12352941176470589,0.009690774514689027,0.0,-0.07655170046049975,0.01780410862129478,0.017857125479695757,-0.013230227905100533,-0.04002137649020765,-0.02736515891427871,0.07035181117248634,0.005474490821885336,-0.0002169303862030736,-0.01046681764313151,-0.014366408531202302,-0.004798204796351513,0.0007150487483997825,-0.020751940351897535,0.012141589169594624,-0.013595412674157648,-0.0486747098256306,0.007966965554037309,-0.01906058396852306,-0.001916915891529536,0.03708983502931362,-0.044514188063715765,0.00860841973852522,-0.025579031193886714,-0.04797879618169054,-0.016376923408259803,-0.028931716629064685,-0.1122715404699739,-0.004946974899238121,-0.017643731136250507,-0.07658880277559121,-0.028837636519332244,-0.03438585311325304,0.0016001342454166068,-0.05225987140482968,-0.0005498108494068621,0.013261999117620382,-0.04285710271523857,-0.0008764442607862577
2021-02-18,-0.016009866536096262,-0.019704388048642052,0.008507861041411102,-0.02788845050408273,0.0,-0.08669596551196768,0.14684287592692669,-0.023553296394154488,0.0,-0.09108654754596912,-0.007194203635955465,-0.040589191557618975,-0.05379305435842707,-0.014508766240790671,-0.0334411178323496,-0.035140600414580225,-0.024793462523359122,-0.03014869703882672,0.013605494548269759,0.010249110121195004,-0.03195490052791783,-0.07624632959500932,-0.05779604372879643,-0.010620779366921185,-0.017707182667487942,0.0,0.02528089887640439,-0.028466171456534628,0.019047636347833796,-0.002044330599271005,-0.0040765813373679904,0.014895942818579089,-0.018894763509145984,-0.007408747375454272,-0.009244360984655642,-0.007572663320675632,0.013133240649786826,-0.0604360971628396,-0.03355704697986572,-0.0011425785872560823,0.0,0.06422700781379032,-0.04314867566052927,0.016290681365042525,-0.00402433948417158,-0.037798738393164055,-0.026929264424995325,-0.10798127977713567,-0.036297691069766325,0.005316816886922426,0.018270041284234484,-0.024372625186859898,-0.0043721420269918765,0.0015311747204229675,-0.00582215215922588,0.005920814274298136,0.0016166756009265981,-0.007598764957927662,0.04888764610955043,-0.009478845958039717,0.004481414554230234,-0.01925720314345225,-0.07086602310736001,-0.10099569014649634,0.0004443675811731662,0.0013887081880845642,-0.005803061044553304,-0.01986257298683669,0.02941176470588225,-0.012926188102067804,-0.008636454169565044,-0.062352965859805876,-0.01586965735203938,-0.030523263037651738,-0.0035067803606047,-0.01639346242757722,-0.06293553668170082,-0.011465675195161507,0.029850717057203102,-0.010526306103030625
2021-02-19,0.063829817708551,0.05316043848668328,0.05061652786300952,-0.04781425864233124,-0.08536583238382645,-0.01006130548749029,-0.030729885246483457,0.033063009930190734,-0.029268292682926855,-0.009305640445439356,-0.032608681380110416,0.003070629622237586,0.04956268654743945,-0.004529944950829812,-0.01729915104429014,0.014568194414604108,0.010593261219791872,0.016488129328892098,0.22818793263637316,0.00569121126331229,-0.025242740200695613,0.006349200101906982,0.004907314713145761,-0.018445739824032525,0.005167618837902621,-0.06295128462857746,-0.04109589041095896,0.03625635055846632,0.026599560720190762,-0.013656668851692588,-0.026061820641819167,0.011992247388183275,0.024103665704983346,0.057802470968106645,-0.016594542578661886,0.0071598007286592935,0.06759254901334,0.06763928799231689,-0.08333333333333337,-0.0066346584672055675,-0.0867580147288245,-0.014035074334395548,-0.04143816645330556,-0.027126978977183636,0.027823738542331222,0.03235117518838604,0.073110306678982,0.042105286273269815,0.1563088385405118,-0.03237992391356892,0.01817857425617797,0.030369658198517113,-0.004361584839206345,-0.00698157848960923,-0.01894055755366464,-0.023535055745747435,0.013864241708118064,0.034881696677630414,0.04507389844367182,0.02535884860397486,0.006692192397629082,0.02805046368233044,0.06426537914372776,-0.041930526288762815,0.010205780357865235,0.028135668556860116,0.007157030139518961,0.02883870213761952,0.12380952380952381,0.04763282903645094,0.0012332021457235331,0.07026348275049021,0.0009317342790071681,0.0652173504942335,0.0016422088570573479,0.03787878842612158,-0.02731896566551495,0.041580106256364546,-0.20289853069367103,0.023936211361288207
2021-02-22,-0.023529389325310235,-0.03540917261689047,0.02130940716331331,-0.040172129325629746,-0.04000002543131509,-0.07644717659714328,0.019815093838869036,-0.019927569895035968,0.03015075376884413,-0.06936418681028012,-0.018726591225196487,-0.10034009843086833,0.0006943941012860222,-0.05176345942128424,-0.04400929328775405,-0.04307693090194309,0.027253692863886902,-0.008471946348464932,-0.06830600903047912,0.03895677838195133,-0.023904359763948557,0.08517349351050219,-0.0037981385602343654,-0.05853356968944412,-0.0025108255841989058,-0.03142307593387983,-0.042857142857142816,-0.03478435902726462,-0.06722689468476828,-0.03232706377147576,-0.03597455797757243,-0.016611771545486653,-0.06209345788046938,0.03199876979612015,-0.002897303310616328,-0.032891150559292814,-0.029488305330625963,-0.05900625716958707,-0.06060606060606055,-0.004836460002959009,-0.06999999284744263,-0.052669022140380495,-0.08773040056747561,-0.05323194973398948,-0.005357080029603778,0.06435366476307203,-0.05196306409763396,-0.015151500555948827,-0.0846905524810948,-0.005354192401157198,-0.017993154561536162,-0.04647005649763247,-0.02591962169557649,-0.025710738433456615,-0.02460763204432359,-0.021280609604111933,-0.027757713484892088,0.004603791584678385,0.004272929595836583,-0.040597313152680004,0.0015827552016156599,-0.01773535004011162,-0.029197006364811817,-0.046242636256179304,-0.06363625617135937,-0.04239744330516926,-0.03780828181746232,-0.008333291027531775,-0.1694915254237288,0.01991753966289389,-0.029798840337698085,-0.012895622522948291,-0.04654159981068007,0.01618571983415107,-0.009056901910456272,-0.0583941753191729,-0.03215035150411616,-0.025527845320265863,-0.12727276569555535,0.0
2021-02-23,-0.02048193643220797,0.007897135765509988,-0.1263985589280181,-0.046337808688799775,0.0,-0.09856456954745374,-0.10880831063758645,-0.030396376750449816,-0.014634146341463428,-0.09316766384539654,0.003816735542334193,-0.18601133967404748,0.04094387552822387,-0.019196085905467064,0.002970112664322677,-0.028403038101793565,-0.10612244302161,-0.008961139933444495,-0.14076247405968645,0.01089356844090239,-0.04693877848919503,-0.11918606947988575,-0.022331145630842042,-0.01701565966958052,-0.011506661257465467,0.0,-0.07462686567164178,-0.01264493739032746,-0.05030030718050904,0.004230352142998717,-0.007199436129103676,0.01491485859586894,0.0005044336664299376,-0.05740188071005725,-0.016349067781607607,-0.020240157561997485,-0.008936499691270305,-0.018151790459051576,-0.09677419354838712,-0.027771367469680563,-0.016129016752173708,-0.10593544377416564,0.008362361140703545,-0.07362780847997774,0.019884891776996705,-0.049947384534566486,-0.007308095978901585,-0.10256412450927044,-0.06049816417690357,-0.00953233701441436,-0.0006609260950167783,-0.014583342839234126,-0.002976970871017448,-0.02054258114243601,0.0010057159484895273,0.004326059526709614,-0.009362673619934037,-0.08543370344949464,0.09440232097525603,0.03258772797102161,-0.0037926338242606494,-0.016666651213610217,-0.04647982821305585,-0.06580084842402956,-0.007284079794388054,-0.01710595832110362,-0.016779096372967595,-0.04736440022409982,-0.15816326530612246,-0.02626258516151092,-0.001111072534360269,-0.02494062188172852,-0.004205448657201405,-0.05678669149860849,-0.002678812731228275,-0.05426355271046812,-0.030474376868809938,-0.010780497008514356,-0.1041666317420693,0.015584359179998675
2021-02-24,-0.03936041416444469,0.05943745028020753,-0.04672892013299279,0.015673965962198277,0.03472222314204698,0.07430995791886796,0.06104652452236814,0.0898115179134018,-0.004950495049504955,0.028253362953847283,0.01901140739561047,0.04273107510231511,-0.09666673676172555,0.006116030617436152,0.03879179980887182,-0.015995533458505018,-0.029680390649376,0.02744191560931908,0.04436861727164687,0.04060594289690611,0.025695906552171355,-0.0016501241153628055,0.033983213207565255,0.01664447352734788,0.03601288446722628,-0.04437538632998328,0.09677419354838701,0.039060872799505875,0.030039535644275972,-0.015951661140229723,0.012005461739118317,-0.0067012023307470026,0.016763167181108596,0.12095139800842114,0.010453104038704142,0.009598302654875157,0.06492337755836686,0.012773081034171518,0.03571428571428581,0.019043158384220993,0.0,0.5495799264853318,0.011748450114496878,0.050578020343030605,0.029456675939430355,0.01936907318205905,0.03517376998639965,-0.054285730634416884,0.13257571618364472,-0.0009058178366295744,0.026887781743052397,-0.0134073645097883,0.008242840672834983,0.005592947362141443,0.01885422735009179,-0.010946968676518232,0.019029768020526028,0.05350747685428381,0.01555095149147201,0.014601618807402739,-0.017766540772783612,-0.015536742189232178,0.03082444301284548,0.018535434381122817,-0.03479580226450707,0.008599504686367831,0.02902557318568255,0.009623066519780288,0.10424242424242425,0.007468786491561241,-0.004052100477716203,0.17295981360487844,0.05143281863882865,0.032305477631981994,-0.03570872893832966,0.0,-0.002315580159517161,0.011224761533941807,0.09302323486045516,0.010230250973268129
2021-02-25,-0.032010243512374026,-0.0723066183825708,-0.04175749773597581,-0.03240741319889662,-0.026845612669198826,0.03656125392719223,-0.14794519760524105,-0.08046645924698548,-0.07960199004975121,-0.043297185996301946,-0.014925359325276832,-0.08641427474961061,0.0,-0.04802428787708557,0.04561001822814581,-0.030269109355865687,0.08235291873707484,-0.07613592251808121,-0.10457522640933947,0.020786465455833625,-0.07515660467252638,-0.05289258868973823,-0.02478443414380238,-0.024230571587526062,-0.052785555836260656,0.015868903021440728,0.02941176470588225,-0.07908788927661026,-0.07444354053975921,-0.023859039340874078,-0.020262724521208364,0.01156816026224039,-0.0555347600090349,-0.08517680866411448,0.0032768282726394204,-0.02991665932021703,-0.11346317569660014,-0.09492196424376409,-0.11206896551724133,-0.012613896243980238,-0.01639349174618998,0.16757050233707083,0.05259559330820296,-0.0068776053460857245,-0.02939399491399497,-0.05428878624315858,-0.048202265472037875,-0.036253742487473706,-0.061872890364372934,-0.032751580457993645,-0.00819109447157218,-0.03474361031343487,-0.03486279353110955,-0.012353669979796145,-0.03663293951984792,-0.03240038681954516,-0.04932621366076251,-0.02700869863742017,-0.03947835347454631,-0.010677497656550572,-0.09883719497514654,-0.0028694378089735295,-0.08484002169246596,-0.08189256580349569,-0.058891447728267265,-0.054811384140935115,-0.03947559934767875,-0.03891979116512534,-0.14928649835345775,-0.03171331239334663,-0.03478279924690342,0.028037331347947836,-0.010041557272062906,-0.07467993053036093,0.007045790418111819,-0.04918028173572164,-0.018138060492906227,-0.0780270829300811,0.0,0.020253144590059335
2021-02-26,-0.0608465663529949,0.03739137553865102,-0.004168196496665222,-0.022328527418098654,0.034482758620689724,-0.05672062214840923,0.017684883515785232,-0.04354261918187119,-0.048648648648648596,-0.033942615091636874,0.022727287505283966,0.06972210088823294,0.11439117020724865,-0.0031927193991315717,-0.053707733283008374,0.02485551006583986,0.10869565442739693,-0.03245458955242797,0.0,0.008086496459507764,-0.0428894050977231,-0.03141358250252291,0.0,-0.0026845612669198493,0.013468587446336944,-0.008322682952347171,-0.08285714285714285,0.012045440079728298,0.009121032574619381,0.005030303054158969,0.018772073892689978,0.007557514829135803,0.026775100323837675,0.05691733917206587,-0.0017288777837363156,0.01978025982224718,0.029608353203065763,0.020168655219217735,0.11650485436893199,-0.002129173210627666,0.1111111405455043,-0.2238737319299099,0.10577554083421803,0.0,0.003637308742321599,-0.16647537591828687,-0.012453268375273052,-0.012539172769758689,0.01782529451918613,0.028002336641788084,-0.0035259749723207667,-0.008633482697529171,0.004187744942719673,-0.0011911737634745512,0.0011107451902545584,0.011700387973209825,0.02780196639745558,0.03928072840209751,-0.02989166145861588,-0.07273586166960833,0.013620110154512366,-0.011510780705260681,0.023556164641565847,-0.01783949250038297,0.015529444563676664,0.03694167447829688,0.0048697211355202,0.026446241133377013,-0.05935483870967739,0.0036864049444276237,0.0022316923994001314,-0.007070676517319963,0.022243094989109702,-0.01614147115352793,-0.015213020156651491,0.008620640043698113,0.004815228650720593,0.03441405909093853,0.0,0.013234064962179604
2021-03-01,0.0028168987598808926,0.03435131118199508,0.03120242288429287,0.02610111654568903,-0.013333320617675781,-0.04244568538290572,0.020537092909373555,0.026961352943715378,0.02840909090909083,0.04504504607707638,0.03333331920482485,-0.028714724374654388,-0.07350986413456662,0.035233792602666236,-0.01238844256848104,0.08121830633031069,0.058823567910728514,0.008128209466231384,0.01459859637698413,0.04309770431621307,0.08962267333818863,0.027026957364917115,0.024861814702032525,0.05131230017201438,0.014630636783591555,0.016010400800825497,0.05607476635514019,0.066563820340787,0.12571895837137181,0.010106500162046395,0.021337657782837693,0.041605414447196676,0.05777836908213363,0.07906613416775898,0.00933401937769629,-0.0035266527687044524,0.11131723923840875,0.07081240986029314,-0.034782608695652195,0.003319094088087393,-0.0899999737739563,0.13405157397933443,0.07218306784922279,0.013850468750092881,0.024127542372829547,0.011707959549739355,0.08827231581779627,-0.009523875841295881,-0.29772325707668923,-0.0021654298682194373,0.027703826591866543,0.05171502103941039,0.030082169889756205,0.016209422777551108,0.02153717581588732,0.017203798394717307,0.04194779494487033,0.09910972343187052,0.04634742121761182,0.05566792723464675,0.008840169516617369,0.04366815076161368,0.05419447898908425,0.0665996814480716,0.04588827650005434,0.025683695577922272,0.024230983710207488,-0.05475039243997337,0.12208504801097386,0.08263876816588556,0.05385129248742504,0.5188199817957833,0.045006777718728186,0.007031225367854388,0.025815694309807347,0.0769231270834625,0.004312997830970389,0.03372173791482558,0.06382978993230615,0.02530615670340408
2021-03-02,-0.0014044595794108217,-0.03885462721833144,0.0036900509248001256,-0.015898236127033005,-0.00675678244466027,-0.06543544213949959,0.06191954669269384,-0.03141818077937708,-0.04972375690607733,-0.13620689296079813,0.0071684862248750925,-0.11403098855349125,0.06862029631831468,-0.018564385252413218,-0.022753706753153136,-0.01043300793654034,0.06296290180483743,-0.044969329937100344,-0.057553992373350016,0.0003495739241108353,-0.04112555452963318,0.07719299507786914,-0.024258699412330942,-0.055688962449376156,-0.014299293917399925,0.0,-0.1032448377581121,-0.06426949058852127,-0.04598541045342619,0.008385524762684948,-0.018626949639915624,-0.0003284551334068464,-0.032688733694604344,-0.019760534075646152,-0.004417319107675399,-0.003362112558892849,-0.020033370641795778,-0.053037992027423764,-0.04504504504504503,-0.016068060257073857,0.2362637006348287,-0.14564644420909856,0.1023535240848954,-0.005464475534834423,-0.019277421712193155,-0.02995231658782005,-0.03321740916482141,0.01282057748038623,-0.05735666941749762,-0.007652835807941072,0.008570775986081136,-0.017069959526112788,-0.016038874543680692,0.0038410308478262767,-0.006346254956336117,-0.016404262105025436,-0.018525991437878586,-0.021855452354281324,0.0013497007405098849,0.044103696373668955,-0.022082055834303893,-0.044630427929755356,-0.03521129607173046,-0.026490130922458333,-0.04136509730185345,-0.03412782773463463,-0.017564028763831452,0.043441277525983146,0.05134474327628369,-0.05493213880480918,-0.020893553225591832,0.1366375731065126,-0.035879058988921075,-0.0007757758861027808,-0.021421334675356563,-0.022222276045109735,-0.014618466728982371,-0.043787523012353335,-0.12000000476837158,0.027069999009120327
2021-03-03,-0.03516174336222233,-0.017532054631063776,0.022794077738759633,-0.04523428226494719,-0.03401360588350888,-0.07284015103703334,0.005830944590780485,-0.0684291964277618,-0.08139534883720934,-0.045908156529747224,-0.024911058841161515,-0.13665254440622,0.002675606837720945,-0.004413671818438325,0.008656660334975363,-0.05640483571715049,-0.1428570953870406,-0.006420938469975268,-0.09160301638698853,-0.012299913004958918,-0.01580128612566345,-0.05700324303637172,-0.0013811943648281977,-0.06778512309396845,0.0037786746209926836,-0.03291401559192619,-0.013157894736842146,-0.02672259534216015,-0.04284617283993852,-0.06765997071765961,-0.040070001843368064,-0.1201110952427985,-0.05984148930173272,0.020158884397714294,0.00012756337072361568,-0.06352875108925549,0.011073263796881339,-0.09358381692048856,-0.037735849056603765,0.007925116135729882,-0.11555555131700301,0.04508953169585661,0.007944381939472445,-0.01785715806240895,-0.024062053829012497,0.0,-0.07790654052917612,-0.04746838332062897,-0.04232806535494815,-0.026243080701837562,0.0015734537696341366,-0.02851215696780074,-0.02901998275372608,-0.042621057291292064,-0.03887778193539093,-0.02893170479822993,-0.03631540567923719,-0.0975000022351743,-0.03320670339670251,-0.030762226211727195,-0.05663082241250894,-0.010218933693251442,-0.060583980945195015,-0.030126463028763983,-0.06965984851452178,-0.047459556051679286,-0.034679820842006825,-0.030204124521325815,-0.09302325581395354,0.03134055824246906,-0.024456831070291063,0.0247495635408439,-0.059162777097581776,-0.04037271237835627,-0.0023043523950159184,-0.025974001846660322,-0.03477728925829904,-0.008357019673703947,-0.02272725117600638,0.006976756220876901
2021-03-04,-0.06268225900973712,-0.06237009287289763,-0.01150250533193764,-0.01184428030990059,-0.01408449379940424,-0.1577344787182524,-0.12753628984031895,-0.036250905001210865,-0.09493670886075944,-0.04288701287127794,-0.025547403844393468,-0.11165642822155297,-0.166777796132351,-0.01836585029317961,-0.05297427019195189,-0.056983267011232575,-0.06504068428844845,-0.03937291780340635,-0.0798319951795905,-0.1288473703286357,-0.03899084199268488,-0.11571676696169075,-0.022130097316458208,-0.05308122628686396,0.00242908829486832,-0.015768685575601737,0.023333333333333428,-0.0648967694612318,-0.11670663560631045,-0.03665656253221983,-0.045722096369333,-0.04794359548745186,-0.06159052716784219,-0.06101272919491518,-0.004340587259995643,-0.013233946809393271,-0.08003368310229697,-0.07782556882552372,-0.11764705882352944,-0.0007148580681799466,0.105527656854564,-0.09574467365569406,-0.033497459279984265,-0.0335664677977866,-0.02024302602724648,0.02035087849882955,-0.09488737180662687,-0.03986707174062598,-0.06629828141033156,0.0009456481382699167,-0.034745796568567355,-0.045891252484683065,-0.016367011315527313,-0.033971664304935256,-0.020938821257301066,-0.009128157985388907,-0.0420468238624897,-0.08171737866483142,-0.021546318691503696,-0.017527313885878693,-0.03571430641932971,-0.03539826556467118,-0.09867905575596991,-0.033066272332538005,-0.04539266057039426,-0.11984207403739855,-0.029317947681358203,-0.016835006547410547,-0.0641025641025641,-0.03614453893636638,-0.015811821500422707,-0.20644044421591845,-0.03686262697830012,-0.007281450314596483,-0.05769784364074182,-0.07166663805643714,-0.013408680362461345,-0.04236908940979822,0.04651158277636491,-0.1239414692105617
2021-03-05,0.013996913684388712,0.048133795470507224,0.04836363358931117,-0.05821920268910019,-0.021428585052490234,0.031814933946847646,0.01661135953934667,0.012373175003414838,-0.006993006993006978,0.00437154566664999,0.06741569983619655,0.10220998223057043,-0.019215439490568365,0.0038708552073187796,0.05562523526374075,-0.042653989878622345,0.04347832396711104,0.014326667172948504,-0.04109584586996584,0.06587063677743599,-0.0167064846552325,-0.013671815700944112,0.04526173572510017,0.007870989560589292,-0.020474918092199257,-0.062082796143498986,-0.006514657980456029,0.04149476152541243,-0.01900452801105401,0.028407011186852626,0.0,0.04008835408126443,-0.012390262500187932,0.001536053425451156,0.02439469421221352,0.030761858757064164,0.021062228995367027,-0.05089061776175141,0.0,0.03886507204311607,0.0,-0.03398695760007675,-0.12079514464108454,0.017366188863402465,-0.003106539709880729,0.01444296982673432,0.044040215566010454,0.0,0.08579880237696269,0.02054791990433169,0.022463119130476494,0.001118454789714729,0.015060731538065752,-0.01850256417450591,0.004031314680257747,0.007687481916645478,0.014765982415883894,-0.02205878862650623,-0.006476684193850724,0.03134062097855694,0.07565012371087687,0.027522909692437203,-0.01465508564591067,0.0,0.007952596575881987,0.03516199733901759,0.015258054573393132,-0.006849334716993893,-0.08630136986301373,0.04166666666666674,0.010738362761880227,-0.1188406029460658,-0.01645831191187741,-0.06275468968128817,0.02647945311746125,-0.03411131981415849,0.02348366494205867,0.0020494268983279884,-0.02222220161814692,0.061511406170976723
2021-03-08,-0.01993866791736476,-0.06848832117980364,0.0038154911773382594,0.00545458360151807,-0.02189782444609789,-0.03293624750888513,-0.014705906796726453,-0.03422149917136863,0.021126760563380254,-0.030467905763001735,0.01754385964912286,-0.0325814822381445,0.03395917629510414,0.0334190108546093,0.002367999757750816,-0.017326716312811796,-0.08333334989017849,0.027143197422909937,0.009523785303509502,0.04678807886572178,0.009708728874782357,0.08118808553004175,-0.029499326930492287,-0.07619047619047614,0.02968462748065015,0.0,-0.013114754098360604,-0.04962715154445474,0.012915072663999494,-0.014663715510056963,-0.024238745790013283,0.017050938029780083,-0.06315852636278452,0.03650320769275894,-0.021748546932850332,-0.07528988739909537,-0.004484236661089436,-0.054959767129597825,-0.0444444444444444,0.010328225065214136,0.04545450112051319,0.275372173344441,0.08811596856601,0.008534842245925933,-0.0366202645018493,0.10101688816301224,-0.010087084765776133,0.06228367536498469,-0.010899171940459529,-0.01481137244176478,-0.005458368365438782,-0.07178745229642991,-0.02831398981538824,-0.05380248564346335,-0.04452958048037958,-0.016167463748385735,-0.06417986100357354,0.060535866756977974,0.05488926833606178,0.016830061013674236,0.0007326175209749763,-0.01041662157882628,-0.07174114510455587,-0.0010359993391791944,-0.06849218620139841,-0.03493127293459253,-0.05048174954316098,0.062069024448570875,-0.08695652173913049,0.015199991861979179,-0.04167346904313396,0.08141445588330787,-0.05533192833801215,0.026956602726490475,-0.014155928750467561,0.022304810967750832,-0.018382981832116063,-0.06376340719158036,0.045454570084564105,-0.029801296270770217
2021-03-09,0.021909287362747998,0.08081005386082873,0.05908773506967524,0.06509939295096734,-0.00746264407777486,0.06739125642373933,0.038142649432698184,0.059478673466244913,0.11724137931034484,0.09427611301608119,-0.006896578032394962,0.12370471845822473,-0.05337117649664769,0.04353235838948266,0.023331465197992785,0.013853920997692226,0.11136358193129658,0.06062417626848604,0.10377356340356902,-0.013103209266573934,0.03365392991777316,0.012820544170753179,0.04935862876847619,0.10474230579494193,0.03315334386079227,0.0,-0.11627906976744184,0.07207645405052765,0.06010936508217757,0.03256732741260926,0.026087345781827587,0.021677712742205868,0.0880776349773853,-0.00014804902241594142,-0.02581474161237196,0.039913696656988185,0.08738732252422299,0.11063830708241396,0.10465116279069764,-0.013403001963936512,-0.021739110153428554,-0.050397917438417705,0.03835904612653773,-0.047954886497962756,0.016737563411555634,0.08189659535961535,0.11857338804305328,0.03257333720705291,0.04683190978398888,0.038759726044337306,0.023645215091881555,0.07929576815277484,0.03944135738382015,0.04300218052841753,0.04268751174658636,0.03756837366056898,0.05305626085579651,0.08598443012644252,0.03485353562213267,0.010574721931894127,0.015373355819382262,0.04210522239935699,0.13100847792828363,0.07053926851105041,0.06021727612985939,0.09485764004616226,0.047970767949491844,0.027597395790897705,0.12151067323481124,0.004334145438666059,0.04064966779497792,0.2121673036341012,0.063669808883285,0.04233692119096211,0.0032004649573358357,0.049090905623002445,0.034003585917204315,0.04985875547100993,0.021739109308372973,0.057167240702102884
2021-03-10,-0.007656996803730665,-0.013482795162793382,0.034583996056611,0.03565365753943106,0.0,0.13238294796602568,0.00638971924905718,0.02293356594541618,0.024691358024691468,0.023589761848123558,0.02430558269038685,-0.06570612518341057,0.03419510017010441,-0.017282557859457315,0.022222271706420216,-0.07018634084887909,0.03271990360283139,0.04092452094367793,-0.029914509478816687,0.01851437907525688,-0.034883741561368864,0.018083164708602162,0.0138187733989803,0.008958557779632725,0.022671601590939172,0.0,-0.011278195488721776,-0.01257716082364313,-0.012027520549263926,0.035696308626148365,-0.005640171030306895,-0.013929174907128195,0.0006329810500540489,-0.021902985667515584,0.009226845908738124,-0.007908943359535403,0.12758906385999325,0.0,0.0,0.023716296846862495,0.0,0.6916201861423128,-0.08568497157032728,0.0014815153899017108,0.004611943277378794,-0.047239605830025844,0.010766055196221869,-0.009463713144399533,0.013157882353605599,0.010854806173356657,0.009427149076011387,-0.030391746811837872,-0.0028547121941784326,-0.022245950270307846,-0.004940987627726989,-0.0017010173123747085,-0.013548239491177005,0.013558681427641828,-0.020661689807400796,0.022293063325830254,0.04181686578886912,0.062049107622975,-0.008333405806869587,0.013566029586989048,-0.011322279712945083,-0.023255679911183935,-0.009604021680394315,0.01895728952708664,0.01024890190336758,0.024061675278128192,-0.009166727362841742,0.01066505862255318,-0.0032993384781702106,0.017059266803702844,-0.00047404008674512,0.03119581090704271,0.006229947885721954,-0.010771106481023418,-0.02127657550770312,-0.00484264874528717
2021-03-11,-0.0030864168005625414,0.040025012545438665,0.024913306160080584,0.00327868544904808,0.015037579428341719,0.004796158407816664,0.053968279277827325,0.028491387888790465,0.07228915662650603,0.05911818700208826,0.006779686879303526,0.10672433974670037,0.08467751669307488,0.026076315564615538,0.00959906411801148,0.058784241733054854,0.0,0.017329128586488718,0.057268746156594386,0.009269979449036958,0.14216859329939258,0.04618112731077573,0.040629074051520275,0.06085825041165349,0.010004541461438698,0.0,0.06463878326996197,0.049096778992626655,0.019999960194463373,0.004336557727801393,0.016580143161913474,0.013603407632712061,0.061006386651620614,0.053747246255885006,0.0165611391158782,0.06293595208443947,-0.045554731902943235,0.11238822543090943,0.0736842105263158,0.0020242949716866576,-0.057777828640408035,-0.16710704288466693,0.01234574772563124,0.042899401188481345,0.021763596994410106,0.01433697025055869,0.035231487739756595,-0.0031847102322188903,0.02597406377356548,-0.0005593182427781063,0.016553693512760814,0.059381891888550475,0.0230313827265336,0.035129189593732235,0.03215026539209931,0.018298429776605563,0.03679238941570917,-0.2176713133839463,-0.021219486143530863,0.03560316664249785,0.024913537377400985,0.058423888660080525,0.031092501367283365,0.06405354749322001,0.09418564616606084,0.0807654300028553,0.030265088945078622,0.024031063793589658,0.08695652173913038,0.012131331978728399,0.016502728647682874,0.031657368687753706,0.02561481478363592,0.03913740477042582,0.0035365833018017323,0.3142857852674783,0.029630339429111308,0.04355344628900215,-0.021739174096029212,0.053527968491157374
2021-03-12,-0.010835939821674745,-0.024746257259376847,0.0009230393629806599,-0.0163398540036791,-0.022222236350730618,-0.026253014800046492,-0.006024138492660258,0.007493142813288944,0.028089887640449396,-0.006622487875614147,0.0067339680287277215,0.011148207895040896,0.02847576587335232,0.0076831628772671134,0.0,-0.020820183959860294,-0.00990102749433508,0.03247102141859304,-0.012500021192762611,0.020594109533710103,-0.050632865550022665,-0.015280081118988709,0.03047856577378738,0.000348743823815445,0.013169987982776687,-0.028185101166314452,-0.0357142857142857,-0.0052979661768556285,-0.04433073524146258,-0.013726911825399424,-0.011116406436394,-0.00925890416347075,-0.0013248309089386456,0.018103374120385984,-0.025765251867467254,-0.01389705433565025,-0.026943759350450125,0.008802198889095392,-0.009803921568627416,-0.012570091317260834,-0.028301861329449007,0.10547184456121639,-0.0121951889987858,0.0,-0.01643264461047189,-0.0064782331291899364,0.025722184675725845,0.0031948850152176966,0.0,-0.004588651815518374,0.018025928872757335,-0.014793989228382265,-0.00811217748966786,-0.0021100791809605113,-0.01498694143177004,-0.0077402727850476305,-0.005554264059079328,-0.046020735017755277,0.052329888318632944,0.0017188834492474214,-0.008777860280728023,0.02182285970814135,0.015484919196081748,-0.0035938994026262217,-0.0131336052776575,0.018574561210085383,-0.013359716271083122,-0.013626106000857563,0.08000000000000007,0.002901788056272725,-0.007625374941913066,0.2533091980678168,-0.03373554794681177,-0.00461187005356134,-0.01130401157093075,0.0626598768796729,-0.016837098635923864,-0.021460669346381578,0.06666667108182556,-0.006928418335156228
2021-03-15,0.0,0.0051621930929890425,-0.05625570504238975,-0.0016610883847775204,0.0,-0.03615197081008559,0.019697035960844156,-0.01803018382508137,-0.005464480874316946,-0.004761892651754751,0.036789310886412574,0.08103645370252766,0.05544721324037538,0.0005865940224694111,0.020134378376558848,-0.015463963770208755,-0.006000041961669922,0.014332845344751766,0.05907179560862352,0.03332634209062468,-0.017777760823567745,-0.005172449796859158,-0.02224394648756456,0.00871535662034173,0.020664244200491844,0.0,0.08148148148148149,0.0046604322696965905,-0.000892081074737372,0.0269211353680181,0.019097262464556675,0.01240913059908988,0.011143525458022996,-0.007479519214521058,-0.033345155444568064,0.04177535799444598,0.06645563102039898,0.013277635281375932,0.04950495049504955,0.012730109961961444,-0.07766988886684734,0.036585383374008185,-0.0965207263080965,0.021276541059871645,0.011123991075714157,-0.032009475272458676,-0.008487627805051634,0.028662392089970457,0.012658215623466695,0.004160052923668944,-0.007783909598576999,-0.004821405115310262,0.010682646381993788,-0.006343623089895334,0.0074049260304165365,-0.0025279442445658162,0.04344243871944786,0.07545927841059563,0.07080278737574575,0.0064350499749892265,0.04189371650771223,0.012562861933478775,0.10192622447502075,-0.01983793158686542,0.020107680794819727,0.02544529660792616,0.01277113549274711,-0.0222562489024396,0.15555555555555545,0.015473687130317826,0.024456636826417855,-0.07777248416548099,0.02902816596063107,0.02007724046626902,0.020519023738653663,0.13718403514846278,0.013062497041901322,0.009450958558940181,0.0,0.010852740113391102
2021-03-16,-0.04381842548068582,0.03151132087787234,-0.03908797176279144,0.06821960595638621,-0.05303028934695919,-0.05848691350240387,-0.0638930600002362,0.017902198410837622,-0.03296703296703296,0.0019138585394673502,0.02258066977224038,0.020907691721115063,-0.11712331701497047,-0.008206362191565897,-0.04002202103419694,-0.04384817329860413,-0.023138787922107662,-0.027142479656305785,0.03984063583553832,-0.03313598065413559,-0.031674177391187275,-0.031195810907042598,-0.02449998855590818,-0.007948835198944626,-0.04256024615711085,0.04350375518884353,0.027397260273972712,0.030041983578516396,-0.005357095264657774,-0.017720816984053256,-0.021422481745828947,-0.01617782327767381,-0.01672788031268524,-0.07592803343542731,0.008360350845685094,-0.029184930251617502,-0.034866419088655176,-0.03444396108123182,-0.037735849056603765,0.002244720326171512,-0.052631592156154094,-0.0761245288799316,-0.1279503335905292,-0.01041664045166013,-0.008805487406799206,-0.015309237517494911,-0.0443580258036802,-0.009287916784092132,-0.03250002861022949,0.0008957768809947364,-0.012974903229996504,0.002768385884072133,0.005489023184971131,0.022699038715220166,0.006590880562943324,0.0033034103914528767,0.015740356577278902,-0.03395068632758402,0.0032065558126805893,0.03130354807849178,0.003595966322421207,-0.02109187894300235,-0.030589985762355276,-0.018399024054043478,-0.019496342993103433,-0.008271407088194294,0.015268889969134225,-0.005494507300823792,0.06303418803418803,0.001610471400545821,0.01274295524694713,-0.041124364696990656,0.0,-0.0492052330578483,0.0012355247796591584,-0.008465600563041242,-0.006468584259554544,0.002520666131640592,0.08333331781129005,-0.016104297451020155
2021-03-17,0.03927983074856645,0.01181440097659392,0.06915257340770653,0.006230523579077385,-0.0319999694824219,0.1296420707778292,-0.08412699389840173,0.0013529058704708774,-0.011363636363636354,0.004775537066506352,-0.009463758270943368,0.002996976252271466,0.10162912670022717,0.008865364717040691,0.014848537078190338,-0.010266914582829467,0.07929963965646913,-0.044514050602738164,-0.03448281573950851,-0.03363827286407561,0.02570085310397019,0.0644006523882803,-0.0030753185668117577,0.007315833213009659,-0.010686549734263084,0.0,0.016666666666666607,0.001072254684007179,-0.14093362658104258,0.02095546954073879,0.009748836631080948,-0.007564087065848324,0.010741254241702247,0.04077547708356821,-0.011425731471662592,-0.004663192325324306,0.017678673189085448,0.0011631941927854328,0.05882352941176472,-0.004255373682263475,0.20555562987739862,0.02771534644093765,0.014957267714925004,-0.03719296371727654,-0.0013082826021789673,0.013681575713305083,-0.0248370812812444,0.003124996973201677,0.007751992427776466,-0.008837687894858948,-0.004629311746743081,-0.0040032008683571485,0.00411736554049047,-0.02369799997054256,0.0010431953029454988,0.014188848597238346,0.01131369841177543,0.0636848489605315,0.024798852824334805,-0.047401354073154156,0.012377822518666814,-0.012674259356750928,0.006010511853523193,-0.002811579072316217,-0.008300598648329216,0.0029192878815695877,0.002020234616259442,0.030781336274344318,0.1507537688442211,-0.008657971075487936,-0.006450509201524901,0.030944608711364507,-0.00695566814073556,0.0382166845755052,-0.004297283112838168,-0.09925296868029687,0.01571246636910284,0.014368072055199965,-0.0769230636971937,-0.021044388596641816
2021-03-18,-0.04881888935988554,-0.04687253062628571,-0.05485102724690383,-0.026315801128494964,-0.024793403411316528,-0.10878659561403292,-0.1507798808320272,-0.036027887404154746,-0.02298850574712641,-0.06463875293724741,-0.025477683018455766,-0.012450199250491734,0.03732403480706492,-0.019332239283603392,-0.04670793475634738,0.03388656776109911,-0.06011442636305364,-0.034558219354097974,0.0595238107252134,0.0020390239175838154,-0.029612674614459822,0.010084104460519328,-0.04267351625443416,-0.0850769812876011,0.02045510114249849,0.0,0.0,-0.05548415029253362,-0.07001045952554252,-0.028139061870560478,-0.03995512793910583,-0.022573153208479413,-0.06013197600386688,-0.02601983058843438,0.005250667467698866,-0.04749916473806681,-0.04154080062256782,-0.05073584358736383,-0.0092592592592593,-0.015069684722042731,-0.1013824980992436,-0.07033528672057887,0.05403511984306464,-0.029154560088883508,-0.02571419341430814,-0.050306801641689436,-0.043841382503584936,0.037383141474463644,-0.06923076264721884,-0.007674947143192168,0.009564870589824581,-0.021899135303186656,-0.03063073101120639,-0.010005342518297322,-0.02623005439722148,-0.03435878370750434,-0.040199314468152725,-0.08930722228944155,-0.028070558357932485,-0.029681277059100508,-0.05662806413134536,-0.06290112625387057,-0.04406269780363614,-0.04981210388292889,-0.0659785587427556,-0.05301472876622482,-0.031137975021900965,-0.01761106303064308,-0.11790393013100442,-0.027323797875401623,-0.03390509231250105,-0.004212739582426184,-0.03471092320954461,-0.06595097258433857,-0.020467419952862387,-0.12203788912089186,-0.024186951566955273,-0.05217204078951265,0.1041666317420693,0.003980830843162808
2021-03-19,-0.036423806553163685,0.005075320579613907,0.0013418623362622117,0.07472182351020984,0.059322016775454234,0.05767945131809182,-0.04285715119831779,0.030833909191317233,0.0117647058823529,0.02743900587336734,0.06209149002758996,0.03328289712311605,-0.011541182266670003,-0.009557942756326265,0.0035420043586791294,0.0,-0.013197980650384578,-0.01064796618038355,0.04868915855396594,0.04527612973252548,0.032863816658137424,-0.024958417579850734,-0.06578949120606814,0.006048000297619982,0.010585632743250972,0.0,0.032786885245901676,-0.009299157314428874,0.014606755057635201,0.007703559015974193,-0.010909616030537861,0.01735073830299294,0.023316120876233137,0.0013659967137711337,0.006850858681228145,0.029356942707689404,0.04334123001746004,0.01631985372480438,-0.04672897196261683,0.023521323538763683,0.0,-0.0003920121047475966,0.094540614714826,0.05405407533969986,-0.002515610551454106,0.04005175925983018,0.05152839846429291,0.024024073260518142,0.024793364003288243,0.0,0.0022163672177955007,0.0007088065672247179,0.003525395560232125,0.015069993147141192,0.005282588831252655,0.015511909856343209,0.030202954524461534,0.01649076533748617,0.052229649749425455,0.0008998649478715315,0.0013642877197712622,-0.017808234389625643,0.028125121343626658,-0.005934733254881697,0.008856869530701195,0.0318332618241044,0.009788025508294274,-0.024941506703741956,0.06237623762376243,-0.010005115295752098,-0.004480094223456743,0.050238010079596274,0.011690757009656272,0.027914630482671843,-0.018539443562111124,0.005398105624387695,-0.00223345632578531,0.025031339754995052,0.22641511555879235,0.024583697704745555
2021-03-22,0.008591015880233588,0.03891670850455009,0.025795659896931555,-0.05325445581737076,-0.02400001525878903,-0.03170576952988269,-0.008528776699492369,0.0004532167976338819,0.005813953488372103,0.020771485735289863,-0.018461550199068477,0.0409956155183524,0.0233516516918586,0.0066345495294555246,-0.015294252969554556,-0.013377913833897748,-0.016460889199236384,-0.011792979419327443,-0.007142838977632016,-0.022248466297045355,-0.0022727792420651483,-0.027303808976760324,0.027306718538068653,-0.006763115037525247,0.011588970889004235,0.012071878665635527,0.022222222222222143,0.010989000432297447,-0.009966794601252715,0.015840156728937904,0.043983489395795994,0.02187727016531582,0.026765533807229014,-0.05457022375369325,0.02499435433520647,0.0021530494578874126,-0.10876129949220448,0.0216780778336072,0.0490196078431373,0.0002231623449033826,0.12820512507010418,-0.06666669658586089,0.032238367523097944,0.0028490001397227793,0.008305199924467432,-0.022360329467801754,-0.006229220058369012,-0.002932548449136152,-0.013440847293478053,0.012852649071273925,0.0027753679107538343,-0.010478759845649721,0.01875317503421381,0.012607513375711754,0.02471122007272797,0.01167821172408301,0.0017281709658072408,0.04996758373706167,-0.05710372157851851,-0.045842656742268506,-0.007833836675870787,-0.0027893975890794787,0.09042548182365628,0.0626866757643798,0.018786774998742484,0.014255499913567782,0.02343138639451814,0.00639490238017415,0.36999068033550797,-0.035630992344212076,0.028335612995089354,0.12185297089228575,0.01984378225338923,-0.027955267141323348,0.023512052958911678,-0.0067113711648050245,0.005354640275247569,0.005102774661814857,0.0,-0.006191944522728088
2021-03-23,-0.032367983121751376,-0.024721355984247628,-0.0881776841586478,-0.006249993946403354,0.02459017995287449,-0.08840866673211856,-0.06666662109083255,-0.02400909029798526,-0.05780346820809246,-0.07848832266425565,-0.03134796275731344,-0.07079232228236576,-0.05570469518367405,-0.0011982877374809853,0.0002988087617998847,-0.04881357742568193,-0.10041840962444881,-0.034294973562746134,-0.04676260736840321,-0.027092351747897814,-0.03644643559868643,-0.04385965059044994,-0.03805261741694199,0.008889752793614702,-0.02698854260544714,0.0,-0.02795031055900621,-0.04347821955569664,-0.04250550096226169,0.0013711500874120652,-0.009086940599524418,0.009284564742294998,-0.02947658315524493,-0.0561167032651535,0.001905766612601889,-0.02208814783713986,-0.07966106092063352,-0.07269156487270978,-0.01869158878504673,-0.008030350114823781,0.39545448486470125,-0.12815123255597383,0.060695387644179366,0.004261393461776786,-0.0024149797177895893,-0.040025359145050676,-0.06811538016414831,-0.01764711162210597,-0.08991829843716947,0.006400894725325568,0.0017295593556454492,-0.01659972578767821,-0.004362460608539176,0.011461491533272028,0.01721891311391066,0.008560288075996736,-0.023607043085206114,-0.014833171833483094,-0.06981933839554333,-0.04286409287638804,-0.07037416052594891,0.05454543514457866,-0.11428580519327625,-0.06179790523301054,-0.01995783595385925,-0.03188595196930766,-0.011708340236550763,-0.04130268304599427,-0.11564625850340138,-0.062206062534383766,-0.00688875506631037,0.06014363156600244,0.0021880032556533813,-0.04026288761824204,-0.01684898384503064,-0.021621665160441172,-0.009517125203075238,-0.03311990303183021,-0.06153840510802655,-0.06542057185401118
2021-03-24,0.00704224701794165,0.04055700701991305,-0.050501427061574344,-0.07232704850475946,-0.015999984741210893,-0.09841953146912841,-0.062212011608164364,-0.03666748260523722,-0.09202453987730064,-0.0557308136810577,0.006472516679887352,-0.10191727996298472,-0.03980100944091858,-0.01640345020347378,-0.0489698554633381,-0.06343545307109988,0.008139499037121745,0.011517685687429502,-0.0037736232925511537,-0.04027195929443328,-0.0189125114291554,-0.012843981151195227,-0.00814434512201978,-0.06280462063250603,0.022529338664106557,-0.008321754324813968,0.0,0.0042612803817732026,-0.06308410460068736,-0.021399233343391555,-0.010047863227262921,-0.04787853495919836,-0.05585407662470121,-0.014438543850607721,-0.01577734056332536,-0.024495049598121654,-0.030386734266897975,-0.0639830595116202,-0.1333333333333333,-0.03777828331593691,-0.009771977863882841,-0.20867469511836412,0.01944446563720703,-0.06082040943921729,0.002507302879958262,-0.007941789412856837,-0.13542594859806445,-0.07784431052236152,-0.03892211956977576,-0.010042417968049389,0.01061960096257275,-0.07392321850013694,-0.016865469597143523,-0.02065005159989519,-0.018883099111037915,-0.016073304438495972,-0.014631658410873327,-0.08490166594463033,-0.04232612367760591,-0.005905334768563475,-0.0520679413362104,-0.03713524328750506,-0.10306835047038798,-0.047904212396587154,-0.04064566262454583,-0.019501436409035566,-0.040295947464034976,-0.05053851309891255,-0.1992307692307692,-0.06160462555523516,-0.019993385074677184,0.019051602015329294,-0.009980497304459046,-0.01712343706693431,-0.0005742297947343156,-0.051104958184541305,-0.024770849149440943,-0.014251755201455274,0.0,0.04083331425984693
2021-03-25,0.059440588297031915,-0.011395540907842672,0.023764585263195803,-0.011864435683033303,-0.008130112188539096,0.01513940856539353,0.02211298142881346,-0.005059000071404918,0.09459459459459452,0.00890867729622924,0.03536978675167912,0.05337083166618917,0.16550703640148945,-0.0222359445402589,0.01978019437576517,0.029680318071423795,-0.02883506318339779,0.04530897646117715,0.056818184007516814,0.04257098805744963,0.00722885115223959,0.007434936989250351,-0.026099690013882793,0.006201191201945511,0.03199739003824176,0.0,-0.028753993610223683,0.0023574326528748024,0.04488773517821332,-0.003579467353013399,0.0014626444384209236,-0.0064281383591517915,0.005325013333261852,0.1085831480680266,0.006398849926515959,0.023114727026640747,0.017094046509058325,0.02037124308877547,0.05494505494505497,0.02991350203108767,-0.003289470588401344,0.5712545138357699,0.011444091558969083,0.003012045380823114,-0.005497914677112137,0.02735159759193695,0.0062240107682094425,0.029220829486124256,0.1651090233929473,0.0007889956476678783,-0.010038170082215636,-0.013827849712314988,-0.0017315618484704531,-0.002760491224403583,-0.0011517342251613494,-0.013219634289670767,0.009687809494141497,0.027193708574091868,0.04695129424119715,0.02623762911440597,0.018309283675792987,0.0013773762712701032,0.0456140374968117,0.019916140126374104,0.010555913587041221,-0.011049929847445239,0.0007864870513232258,0.025305437654585816,0.06628242074927959,0.04045803856303665,0.004163576176461792,-0.04029909952857502,-0.010238662985425306,-0.014808246311383555,-0.008176178132178968,0.001455637416072797,-0.009717047590444339,-0.0015218526618141492,-0.2622951188096425,-0.0256204724330088
2021-03-26,0.0016502028013631875,0.07450721252118209,-0.02137066826638445,-0.046312175722101556,0.00819675270763387,-0.05965465012054172,0.0072115509526504695,0.00266345308434901,0.0,-0.0033112638549438467,0.006211203670828613,0.026133321126302178,-0.015305456028361308,0.002526831489138459,0.02894092243323465,-0.015521067427312962,-0.019002357002653736,0.040735323716873495,0.06093197478453116,0.02863413880572163,0.014354053886023399,-0.022140199975999808,0.20415545862403017,0.029224676799200378,0.031326808972826914,0.0,0.05263157894736836,0.0677328559997552,0.005966609791412836,0.02544008609224191,0.015534453697864103,0.040364866658507914,0.006385143845890173,-0.03031714641842609,0.015497489817141608,0.020217490561336815,-0.03361341320214717,0.009316729190014916,-0.04166666666666663,0.025867923701899276,0.05610563627034337,-0.18100776024774834,0.021013001520432395,0.0015015359025454256,0.03403716202805129,-0.03376621927566004,-0.0273195252432189,-0.0031545710481332145,-0.04010697726870094,0.03221084109541228,0.017216308140104664,-0.007807475118895568,0.01500022216058361,0.026503328688025407,0.040133941984187294,0.0018941122432061253,0.044054496251850095,-0.03248047264228626,0.023439356853558246,0.009165406014889133,0.0015302569419026746,0.0,0.02852342823522913,-0.02055503911965828,0.021012456829322623,0.04960906762180217,0.04486183675279576,0.018723428220818628,0.1936936936936937,0.02494492898282097,0.005141227854198238,0.03203462159731285,0.05498530884690456,-0.009725919078275358,-0.006906434076927592,0.007267400154944426,0.017479812972414965,0.05576018600621935,0.022222267845531718,-0.03286767592626694
2021-03-29,0.01317955872218013,-0.022776927527997204,-0.013930682956496687,-0.030575553604944683,0.0,-0.053422321711455445,-0.04534603887531674,-0.023182784062063977,-0.03703703703703709,0.0011074450526586954,0.055555529391652314,-0.019230713944195732,0.015156479438726445,-0.010712019862563982,-0.017354962705204535,-0.027027001871263723,-0.043583550065244725,-0.042302712943452336,0.18243239179620163,-0.03273682978681902,-0.02122633976628685,0.007547162342173674,-0.0015004093716586286,-0.06026654248207319,-0.05034822262662908,-0.033426564890187915,0.015625,-0.061453762593752015,-0.07710558384776689,0.006878992554488539,-0.012856324068315161,-0.0021629509243477063,-0.03763527200092054,-0.029982522609686812,-0.010467478651063122,-0.023356221804569866,-0.05990346052000406,-0.0654944954337654,-0.05434782608695654,-0.012386586373236197,0.0,0.0033129013229129534,-0.005277064772751694,-0.047976037181573616,-0.02073545854587855,-0.00403234400515573,-0.09062008032696822,0.012658215432457043,0.013927630064145324,0.002945953503232346,-0.0017391958558646836,-0.014613731753599257,-0.00028468948298687735,0.011475128102831356,0.0004903344520748032,0.007765307334585803,-0.019542070096019826,-0.02115433360105945,-0.0641505652687645,-0.03871897222056786,-0.02902980213990236,-0.07840442546861381,-0.06280589402054704,-0.03252877851121938,-0.01993751778453423,-0.009793830993547359,-0.012933178956921476,-0.030910653997107795,-0.018867924528301883,-0.0050107155585803476,0.0014852235941364977,-0.1157718209402877,0.0012822308538051885,-0.018750048374072237,0.006909702522232886,-0.07359303963604047,-0.0186149148193544,-0.04752179829762726,-0.13043478542555031,-0.021240440975097474
2021-03-30,-0.006504058737032858,0.008352645494629884,0.0580373623298871,-0.02782933192635406,0.016260146842582035,0.07231037775930615,0.03250002861022949,0.015821987084727374,-0.038461538461538436,-0.025442496781173496,-0.011695950788175535,-0.15315321507502788,-0.03430746252541794,-0.01273877149633973,0.01035332821943502,0.060956787000594925,-0.05063292285300003,0.018670390339435183,0.0,0.07290207904211421,0.05783126881998668,-0.016853960677187363,0.0017530602126027972,0.019116141336215087,0.015487041884020725,0.05498485050206514,0.01538461538461533,0.004928399001750794,0.016709464537014718,0.0029415253827462795,-0.0016775843593602735,-0.04050854444592322,0.010863139206469752,0.033223229683222666,0.004943412728719121,0.016143443972565397,0.026721504739359636,0.07196616510695009,0.0,-0.0031355699789743507,-0.00937499091960503,0.07783016788446084,0.033952221575421326,0.08661420456614755,0.0166141673118827,-0.004723292836855686,0.06293705905066949,-0.015624984866008385,0.002747250048093175,-0.01338115483072988,0.022393119570927267,0.03243152046486264,-0.005033130889403603,0.004537994680499757,-0.008224699158146054,-0.006645597502498379,-0.03482709738024392,0.07399578729984002,0.041578249261066125,0.051715609983547406,0.022029876642865265,0.011940358629948689,0.12010438913723531,0.017353624789691047,0.01753572314841567,0.017630896703788812,-0.008837071649243966,0.03879317036853558,-0.12846153846153852,0.05683448846391648,-0.01227463531924955,0.06499055238101437,-0.014161995350753243,0.05368523436512662,-0.007976549132261868,0.028037356105847788,-0.00964395390602768,-0.0005050984261287805,0.0750000018626451,0.05381943237174491
2021-03-31,0.08837969722636085,0.05396021408966756,0.09455073712728912,0.041984785618008225,0.024000015258789142,0.0764802892142884,-0.007263934632285474,0.014602055777390932,0.026666666666666616,0.053348461261121916,-0.023668617015333404,-0.010012506382695352,0.019736751088482718,-0.018709682918799153,0.0599758592332984,0.038545435125177496,0.2426666259765624,0.022686619391365737,0.03428569975353413,-0.018133255149528127,-0.0774486756472087,0.026666641235351562,0.020250034332275346,0.049011625670341896,0.012844013038669777,0.013029720210203433,-0.045454545454545414,0.05347970415338743,0.0594184925531418,-0.03273520137088015,0.01561048380610175,0.004377197040558833,0.06544130260750225,0.01727729352710039,0.004033257509040489,0.0328037908310026,0.018018048978957424,0.06801224988124055,0.05747126436781613,-0.02044484119811496,0.07255520931796955,-0.015754949861773615,0.026167277315087167,-0.031884096230160086,0.021797288284657323,0.03525422275985424,0.039473647060816575,-0.015873075943202752,0.07397259558135261,0.004410562197777024,-0.0008311063753217995,0.0023677592865409824,0.015302812932110887,-0.0022022666311670713,0.02129077438241178,0.01269600564306872,0.016442004323025117,0.050962378799193964,0.004315519278992097,-0.011347610848813305,0.06274061188743674,-0.013274358377996953,0.060606122037327514,0.021321792042431564,0.03088869592839094,0.0348613125490469,0.019060802764888862,-0.024066414559205884,0.059135039717564064,0.00898575479280761,0.018765588712411407,0.09220488305022156,0.04676404526871414,0.037132976274127705,-0.00768121605275196,-0.04545450276251273,0.005953519422774445,0.02969806642250039,0.39534886944545367,-0.014827042840635962
2021-04-01,-0.03909777821852345,0.05928174862034985,0.0029673640888323582,0.08058609050299337,-0.007812529685906622,-0.03361348578522583,0.08780487048443941,0.01775010081177375,0.05844155844155852,0.021551737722025566,0.009090885971531737,0.09102405574184291,-0.048387051000803094,0.032873006995436826,-0.03326695533334556,0.08053225446141599,-0.0847639471803574,0.023713234819018547,-0.03867400559165779,-0.010384036769968907,0.029629599977206045,0.01298704515683391,-0.004165694141677667,0.012113076109337317,-0.0009591341346376625,0.0,0.031746031746031855,0.1028596614246926,0.038186120579255745,-0.01838865471614548,0.01746056972434662,0.04490658505214706,0.01968565125559474,-0.010536213476637468,0.002808912183551948,0.006500024570500917,-0.02163227781498489,-0.007806102418508654,0.0,0.015596337820502404,0.026470562248494645,0.03156963090471332,0.02499999999999991,0.026946154161885616,0.013603211598063547,0.010478100133066937,0.017405160706201794,0.05806453944989287,0.06122443021609958,0.0029641484610383184,0.013643352453812874,0.02566910111858678,0.017046233609683714,0.019524601062968605,0.0167658903644905,0.02162845443110406,0.02650608433244428,0.0314256432925355,0.004177589868950671,-0.002391018679057,0.0036218207863276675,0.038863938687722754,0.00879124659892061,0.005219276026042552,0.026057294122749042,0.013883536783054762,0.03921853263787867,0.00510202567407414,-0.009166666666666656,0.041694728274756176,0.006958622352300825,0.06647631037260049,0.03284911175673,0.04412991385981324,0.011633778555989016,0.05079360081525519,0.03472951334144736,0.04810981672502468,0.14999995032946467,0.06521736876951056
2021-04-05,-0.010954569058968966,0.010810808381056747,-0.07133465058683575,-0.03728818024961533,-0.023622062617355444,-0.06166005980178957,-0.07399101365101379,0.011784114928205858,-0.030674846625766916,-0.036919870769755336,-0.01801797260864013,0.0011587750578476719,-0.016949232677312964,-0.007638397844919931,0.004999918303048023,-0.010369400145665564,-0.06213361659585659,-0.03597355610166286,-0.005747111737085198,-0.06253524565360913,-0.01678661160207673,0.023809544603050625,-0.01820860912606259,-0.0431231095000747,0.00511999166056043,0.0,0.0,0.027537666972557995,0.028735632813895018,-0.007705873277906283,-8.560907526722339e-05,-0.0005380829174885804,0.0211473961741242,0.07326732526445379,0.015567898084372533,0.005302292841322442,0.012060290237125626,0.02567291300318164,-0.03260869565217395,0.009033458376379366,-0.10601722721106077,-0.006034538465219064,-0.017561005383003092,0.023323592463275977,0.002074075839203937,-0.0032404525057517786,-0.041990737939209266,-0.006097555213709138,0.0048076878990646055,0.022767095196571274,0.010710174970552044,-0.019652842054546094,0.019965119558194022,0.017929564783577545,0.017130795800123666,0.02079404593469847,0.026326437876923015,0.04741723989111035,0.04504934077331568,0.030680243066904644,0.028148708495720598,0.0014388818929900182,0.029774873531321466,-0.01972989914902923,-0.004667361024908945,0.02839291389507559,0.018433980973825426,-0.01353635873361514,-0.12699747687132046,-0.00932634222500428,0.023577319983803857,-0.021414893847476746,0.030956176789710188,0.036682468015115655,0.001955526575973643,0.027190378895388667,0.028819722415056148,-0.007025649081448204,0.2318840967810123,-0.03218209221177437
2021-04-06,-0.004746868511629088,-0.024536711903837882,-0.011327422825636035,-0.015845013815265707,-0.016129017372408794,-0.022746377985886412,0.01694915515156925,-0.00861865663299699,-0.03797468354430378,-0.019715188762756797,0.04892961580399868,-0.03877315102260037,0.0006896792070487656,0.028864741857982823,0.003804460203619797,0.013752395427459652,0.03750002384185791,-0.005868661207226844,0.005780331950683282,0.00015027248493604262,-0.009756088483765968,-0.010733442064713383,-0.019799520935229853,0.020250158415588082,0.0037145741355057993,0.0,-0.06153846153846154,-0.011150229004967649,-0.03910608215131883,0.03270289209597288,0.0036807217325782737,0.025115552616326253,-0.002872640811518723,-0.010661658879419278,0.016002813542523642,0.010767646800332598,0.004965262388296088,-0.01332256429582035,-0.011235955056179803,-0.015219344237493382,-0.1346153375900221,-0.0164787150722977,0.025322752946257188,-0.0014244661071007858,-0.0033278899583665256,-0.005851776915522078,0.023809553298526298,-0.015337408730844548,-0.004784684628674429,0.0031036056073434626,-0.006942597314015253,0.030540498774457303,-0.0006950963868253002,0.0033809308576673303,-0.0005695431066227163,-0.0009018902147276409,-0.00943747731458311,0.008861510174791976,0.015354851026349703,-0.013488185007705766,-0.0228150096087123,0.028735604621977107,0.018335547558116838,-0.010593359153897475,0.029492227430692797,-0.0043076445993678325,-0.0161763734589625,0.007718673447328683,-0.020231213872832332,0.011898483169095586,0.002462350539660818,0.016803450668690045,-0.01652148134634679,-0.0007691375856815341,0.011844957717529914,-0.02941180595477033,0.0010774004793721037,-0.005424788943776182,-0.11764708357286224,-0.00648823391736153
2021-04-07,-0.011128803193308001,-0.002866591354820036,-0.02398854525503835,-0.044722717920546495,0.0,-0.024137989434275475,0.004761862232212533,-0.004934278486694588,0.0,-0.005586577891961375,-0.008746333636544312,-0.02167372649746957,0.00964848457960854,-0.011845467383145292,-0.02303204062694786,-0.01937979624883157,-0.055421690069412555,-0.03987527154968318,0.0,-0.02358419260960709,-0.0024629931491653156,-0.019891524293127794,-0.01304019760346109,-0.0027242535767890708,-0.028547503373852146,0.004061779708620428,0.06557377049180335,-0.017210661622462098,-0.010465133557646444,-0.008038313746472014,-0.0048185137115360765,-0.02260560990908478,-0.02324787121628724,-0.029336952906369285,-0.038414208782254766,-0.002311189576063355,0.028656123036804315,-0.048281517160011056,-0.022727272727272707,-0.011136401783336303,0.0,-0.054673710512922025,0.016949171328586976,0.009985690804376057,-0.01191059137531092,-0.03335511796827262,-0.05866810813295675,0.0467289268430795,-0.01923075159625831,0.0053344711628351416,-0.004865279232034281,-0.03130698104992957,0.00241812618972026,-0.0019022070843240924,0.004212983554457539,0.01723733655641202,-0.002913953702721739,-0.011647974322578913,-0.02598857154773304,-0.009901127454391201,-0.02765806226808143,-0.01117317394007622,0.023545840005767316,-0.01605983143472045,-0.0037408426959557595,-0.009636154624532822,0.009923319746275583,0.014468141430362902,-0.04523107177974439,-0.024421752223210857,0.01339023905387915,-0.05073019491167485,-0.006273589245457956,0.005388774626935877,-0.01472170446762433,0.05909088971529419,-0.014809020112975135,-0.03533277597857576,0.0,-0.007346951231664511
2021-04-08,0.040192927400773515,0.0015091955315742478,0.03374908542074073,-0.003745314673225475,-0.008196674537606752,-0.004416893852338899,-0.0379146562418361,-0.003541858715137902,-0.013157894736842146,-0.011235997596883651,0.06470590479233684,-0.08676922137920673,-0.010238898601801938,0.013880072062151472,-0.017905106252524616,0.02964425561386208,0.026785718630076172,0.003944361709076416,-0.017241408289746296,-0.006538508488581729,-0.032098792177422064,-0.011070099987999904,0.018134735508053446,0.052292688881478755,0.0396169598879581,0.02009166383753591,0.0,0.022745593018796972,0.03642766834368394,0.021304368159808185,0.016753742058081,0.020095585986760867,0.023046737365494563,0.0578256866555249,0.016018920565921135,0.04196829763983634,-0.0009606367942763816,0.034823708425273825,0.03488372093023262,0.006205480767165428,0.05555550159250355,0.0037313396321503323,-0.03333336966378353,0.0028248560935075773,0.036244867046586915,0.031799702221811055,0.07299276717526793,0.008928634150297876,0.05882359128509962,0.011355191093129546,0.00649130012731014,0.003922186166505304,0.01043387883522473,-0.00027219055066740605,0.013031743637254234,0.006071242952548017,0.006259612270316239,0.054868741719145575,0.044508371275569836,-0.004285477214033717,-0.017731789717312152,-0.0028248560935074662,0.04871433379227019,-0.02502732537414809,0.0298313878080414,0.0015902973327766023,0.00652654551250631,-0.007550371434096204,-0.037075180226570525,-0.01086092311025455,0.019234010944448876,0.06032387550990692,0.0203423765778441,0.07733529116328874,0.003375446658833603,-0.0014305797384994712,0.012497271287193579,0.004424410464135553,-0.039999961853027344,-0.032894705884013775
2021-04-09,0.013910379521855365,-0.0031574132447471648,0.009936081485614645,0.009398442158713438,0.04132231274684206,0.005323821074119772,0.009852207106110678,0.01350710152888901,-0.026666666666666616,-0.009090900552502501,-0.0027624941080316434,-0.022911061259564658,0.0,-0.0012445822269638862,0.006077270643388033,0.049264203355823044,0.031055899885286564,0.03455047182964677,-0.03216369855205836,-0.0011613929815946777,-0.017857186300760608,-0.018656698160751994,-0.007887978743302826,-0.03040977897956809,-0.02177553438718327,0.0,0.0,0.0007871895246809313,-0.00566884793543565,0.01778857691970459,-0.013148447913795103,0.005795332538816034,-0.005766005470634661,0.022740626625059157,-0.09514740656248977,0.029196695716185328,-0.018269191091581205,-0.031990048505453283,-0.0561797752808989,-0.027866547282381027,0.05263161417079765,-0.05715611134165133,-0.019704415446480272,0.011267595039523348,0.00916686403875655,0.026229535333563314,-0.02616431104293937,0.011799398411569628,-0.01851861050099135,-0.0001049542068224385,0.01755239751605364,-0.015315066849254322,0.00605855964858848,0.002287571650234632,0.008402713343875767,0.02209562242522667,-0.0008032534967175042,-0.019413978685065558,0.02873817021715208,0.009086508614714273,-0.013162857444950493,0.026912189626117078,-0.00838699344396876,0.011160744472988426,-0.0020592062539357414,-0.015482322076897481,0.0016391490645846218,0.02282332173700219,-0.03422459893048124,0.021692591590278143,0.020251359798820978,-0.0034364318729529497,-0.0007562258027936641,0.0042644917245449054,-0.006503558577531043,0.030085965268356496,-0.001812668488905822,-0.008076230323538325,-0.12500004139211274,0.002550997651982412
2021-04-12,0.018292665641127526,-0.02814757910234844,-0.016514382588680987,-0.04283054450187207,0.06349200101906916,-0.1288614340669303,-0.03414634713667042,0.004208564490279398,-0.06164383561643838,-0.05504589229575507,-0.0055400819029274295,-0.07241380625757676,-0.07103436860686207,-0.004361290099246684,-0.010872862460263977,-0.006097584377790843,0.024096362008327654,0.0037976541038866607,0.0,-0.03240310314089756,0.02597406377356548,-0.03802286642577024,-0.02590413164276084,-0.012430704044717134,-0.015411097600346313,0.010442840708431378,0.009230769230769154,-0.015732532174365543,-0.023945271058802398,0.018074940551541907,0.002306053504481209,0.00166489507457257,-0.0066087798378791085,-0.01140258689887208,-0.050380239067760124,0.014428898049472672,-0.06953967046956366,-0.04206006756762293,-0.059523809523809534,0.01856196135665189,0.009999990463256836,-0.05914246963001013,0.031155821664241357,-0.005571025460913259,-0.003960532259360217,-0.022364231327016593,-0.006985548836732636,-0.08163264313125473,-0.014150930664724504,0.001364227643708471,-0.001043085951059064,-0.01269632597086312,-0.0013050929797331356,-0.006847134748238726,0.003948079915560232,0.0021321218730274705,-0.0029274017355254145,0.06630562415990182,0.027507221303967544,-0.0004741373440355634,-0.005716448926778361,0.008275854176488462,-0.17176323465493648,-0.01766009138941449,0.00562874688763948,0.0010081982581580107,-0.02226646239609953,-0.010743789066042564,0.12403100775193798,0.010484867501520334,-0.013232902257104384,-0.09501913816051355,-0.0038528571989462357,-0.03680116852390969,0.004153459761971678,-0.03477051432690059,0.0022915562863554673,-0.0030844497476391064,0.0793650988878909,-0.0670059342162087
2021-04-13,-0.05089815636047601,0.000740512725545095,0.010718154586008222,-0.03501942276541248,0.18656716949027818,-0.037487324199510175,0.0025252300237543768,0.03562278817506037,0.06569343065693434,0.0594660704504546,-0.0027855789573232315,-0.11970257840213394,0.0007422569789399258,0.0006257605145609801,-0.006412025981710201,-0.01963188403694216,-0.017647013944738,-0.00556359168486853,-0.04229611730673932,-0.014580994225877109,-0.017721501872853374,0.02766795811635747,-0.011848361462959534,0.012587171447744128,0.0,0.04225530644134867,0.0,-0.01478517232866583,-0.016355179492972827,0.0004014107042100701,0.019215177784618342,0.007899811781837629,0.0004073984874737313,-0.008938847717185339,-0.03440354502629217,-0.009116435597963046,0.01999995582982117,-0.009856600195451981,-0.03797468354430378,-0.0013840267752158741,0.003300326916725993,0.016238840411971323,0.020955180096650095,-0.03921564960882995,-0.0018595498346315464,-0.017647054337786794,-0.011904725043508813,-0.003174600050953491,0.007177083980951515,0.004925605006520506,-0.0027708196755846792,0.01527081252653173,0.01167286136597423,-0.000547115603698578,0.017449531833223952,0.006098747605224553,0.002667011883948689,-0.008933266955331476,-0.04833332697550452,0.0,-0.010732107512760325,0.016415853146156678,0.021995314577227143,0.01797757704295333,0.002855035100624015,-0.01812694352914579,-0.0010186880902096629,0.013366671576896305,0.17142857142857149,-0.029312609350946373,0.024306326390142408,-0.04995767414266017,0.009392918526240468,-0.03600296215482046,0.002652579499442309,0.021613846416524085,0.01600375868287074,0.0007426697934040938,0.0,0.0009091117165305196
2021-04-14,-0.06624606722170312,-0.007105827793505326,0.01060442655892202,0.03024195447858724,0.23899378840113683,0.03684214541786601,0.007556687971532305,0.03304858893506224,-0.047945205479452024,0.012600225925040398,-0.041899442233707784,-0.2398648746610993,-0.0912462880851812,-0.011256998414366004,-0.0021513383722955304,-0.015018759574042972,-0.017964139563091508,0.00514713069638173,-0.022082003236756687,-0.006341453490218529,-0.0025773785017727535,-0.01923075159625831,-0.0047961713570605635,-0.012430704044717134,0.010108967818667436,0.0,-0.08536585365853655,-0.00811197555746912,-0.0035629136222521396,-0.0030864197530864335,0.001379490968024255,-0.00896807486324458,-0.011874877146570317,0.005673605962924988,-0.0008566776774072693,-0.0011752467157342128,0.051599589437776094,0.001357410804482484,-0.013157894736842146,-0.013629016865561394,-0.003289470588401344,0.0005154757256946585,0.05011929349988353,-0.010204106457577522,-0.007749333441074646,0.01064534440932241,-0.022453441526447127,0.05095536371550291,0.0831353685181011,-0.011367153455298595,-0.001771806132558007,-0.010924403898721069,-0.012008229214891641,-0.006679082427699545,-0.008215787960024978,-0.01970591825597423,-0.015795064487226118,0.021739121640700132,0.012915940206791987,0.007586744147288549,-0.0015497485085766982,-0.03095558874661719,-0.016910075805758984,0.016556510129245527,-0.032311284041937394,-0.013948910041196028,-0.01857250556181067,0.017312455875795996,-0.095878889823381,0.02405135141417003,-0.017853090715691966,-0.0017825719507730264,-0.01053707389973324,0.0007621761531364513,-0.0008072715290960986,-0.033850527897058,-0.00696301701756985,0.0,0.014705868173635617,0.031789229838277366
2021-04-15,0.016891875564834624,0.0020127723369178785,0.04686953988933773,-0.0684931302324362,0.045685258054578126,-0.09847718065611633,-0.06000002225240075,0.0054406963188047275,-0.07194244604316546,0.019230777529362086,0.0029155186892921847,-0.03555552164713538,0.0032653323614029173,0.0088551332794915,-0.008623499065505857,0.0139771455036799,0.01707321299746467,0.0033395905181821117,-0.07419356479439687,-0.0019636545685852713,-0.06459948511442493,-0.0019607357316996366,0.01338688140366151,0.02498065319082743,0.004088991611525206,0.005522812244493913,0.03333333333333344,0.009405010957017845,-0.029797376611428228,0.008761568335187597,0.018952173777062598,0.008058158532635362,-0.0071418445386493,-0.007377300956785016,0.006761254599809252,0.018993810922433907,0.11285580172333365,-0.06778129493376983,-0.06666666666666665,-0.002576126660096767,0.0,-0.011849538590645192,-0.050000017339533076,-0.03534606369168036,0.014381328862095089,0.009216623970861315,-0.06610645826096184,-0.06969697648390827,-0.05701749019895719,0.012130736914180318,0.008874880976059929,-0.006563300749981571,0.015155485222451137,0.005842138141152642,0.024714558479742577,0.013828409714570444,0.0056568457124235305,0.027676845461213073,0.0887183812756489,0.07247025565805898,-0.0011641709783699605,-0.005555550404536702,-0.06489439121124363,-0.01737269282687981,0.03421782528324102,0.014770342687304483,0.022931456412384366,0.004862335645294147,-0.028837209302325584,0.009525096069249006,0.01870810757369301,-0.08437497418905959,0.020607120634544396,-0.04036545149045567,0.00578908035877812,0.02773723501688874,0.01509255970117862,0.020774349388105184,0.014492739851898806,-0.007042247017941761
2021-04-16,-0.009966767935156495,-0.0050589165711819595,0.08219174939491225,-0.0042017766390675115,-0.033980618930916306,-0.039414456864763525,-0.002659550858277293,0.004545434653782765,-0.046511627906976716,-0.029966753707527882,-0.0029070431506559302,0.1486175019007563,-0.0032547046689206383,0.003761695782739105,-0.012736640183648507,0.008145370559536236,0.00959231681563355,0.012981314035216851,0.3449477944713737,-0.0033612366849149478,-0.02486185552887432,-0.02750497821725484,-0.009246987800023199,-0.025694324627059784,-0.013288979192600747,0.000499324868587836,-0.032258064516129004,0.0,0.007370941451077417,-0.005309457508651749,0.0067598393216792285,-0.00778976955103361,-0.00636327351903343,-0.028854445102902693,-0.000310663821925794,0.00016501430862336797,-0.008818375672323575,0.038293792906678226,0.014285714285714235,0.0030523847769305945,-0.009900980750178201,-0.011991633919539724,0.07655504357287835,-0.022900777251825155,0.01110561004839239,0.0019569543386315225,-0.007798389932311411,-0.0358305855009039,-0.02790705978450958,0.02313706400533455,0.005118190731469241,0.005961847195908421,0.0011711032970220803,-0.02027395588077907,0.003497404853977537,0.006022342354579324,-0.002520824161556745,0.0227233895007537,0.0020843581585374693,-0.017551238941837854,0.019425019597748117,0.006983267011232641,0.03678931006191255,-0.01325970478801719,-0.004751529046152947,-0.017835376803522207,0.0026840575484907703,-0.00161293591264966,-0.04118773946360155,-0.003102048399173274,-0.0025279842409438036,-0.07411021164315901,-0.0022359363049185843,0.022222125394455228,0.014233552036698738,-0.00994320625577838,0.0009266330654529309,0.0019379607053160441,-0.04285710271523857,0.03014185821246773
2021-04-19,-0.028523502551318747,-0.021236955419381642,0.07965427229613442,-0.010548463356974014,-0.05025125724469015,-0.059788896972201355,-0.024000040690104196,0.024779175385906127,-0.008130081300813052,0.008009191354720224,-0.05539352050855806,-0.17251757482062646,0.010612264487804834,-0.0031230104703658945,-0.03303978570227506,-0.018023614611736627,-0.04988124376345704,-0.009638607375660468,-0.07253887136880688,0.008719236335071656,0.03399436967429126,-0.022222153720360738,-0.039733378092447924,-0.02055461275089754,-0.04149017672321709,0.0,-0.050000000000000044,-0.03038282423440064,0.0,-0.00564645805424413,-0.011231422250870704,-0.00248622400328824,-0.035361235661996004,-0.038565609729916406,-0.019843105465730093,-0.004304662994001229,0.02402139352862398,-0.05415498801495855,-0.07042253521126762,-0.007256586246087937,0.0,-0.01319261160606,-0.048444451226128504,-0.00937499091960503,-0.0075171579290195245,0.009765660741001048,-0.018742524554517637,0.01351350045186761,-0.004784684628674429,-0.0031577627011896148,-0.013764578618514767,0.003043509150982615,-0.009151875402571674,-0.004977625136789343,-0.016968907384953713,-0.00806900981526193,-0.03506760134193143,-0.057603658643967326,-0.007527754983382873,-0.006699526547488732,-0.04039632146297134,-0.01386961221962335,0.0008064901309636774,-0.051511546971189204,-0.013122857617635098,-0.026299024808584814,-0.021416511022083973,-0.025848102995913003,-0.0889110889110889,-0.0045377737143065255,0.005068432294051073,-0.02685625250283019,-0.03612652630638746,-0.05124223126393124,-0.010778065909618606,-0.06169294709932838,-0.01157212593445156,-0.027928854516722557,-0.014925358528601551,-0.010327012628305932
2021-04-20,-0.05872196111018235,-0.017571886245633883,-0.027738095134204888,-0.08742000904262182,0.0,-0.05361599509131254,-0.0573769751394988,-0.015349022732499051,0.008196721311475308,-0.02043136244011301,-0.01851858828892705,-0.08727270184141211,0.001615478504368939,-0.007518748580457091,0.0006508107586937761,-0.06962027646776658,-0.050000011920928955,-0.014930308576192264,-0.18435756769506972,-0.021935862939414186,-0.06301370220932367,0.08471070960460358,-0.015828928669607056,-0.017818209089069725,-0.007025683402860028,0.029320005357234225,0.01754385964912286,-0.027992483444476468,-0.04634142029788835,-0.01855580932947598,0.0021812445000253256,-0.008432892207102416,-0.020565808707141864,-0.031059763318528333,-0.007329255285654868,-0.012456037336872616,-0.03475243824938212,-0.046396866902182476,0.0,-0.006602187698757089,-0.0033333301544189453,-0.03689842277574085,-0.04297057836761953,0.0315457104813317,-0.0197594474966879,-0.04448752032360481,-0.06839184768851203,-0.019999980926513672,0.01682696495888658,-0.0047005832986271034,-0.0010889048281434999,-0.022356980669680282,-0.007288713259424928,-5.626308481232467e-05,-0.003797123045493178,-0.011067567276491497,-0.010259724995993702,-0.03230877463672599,-0.03712568567472252,-0.024280367048491125,-0.007545692285736871,-0.025316498142850086,-0.030620562149770603,-0.023612811103855713,-0.023921193825735987,-0.017363429411375808,-0.013678533546655935,-0.02653407117033091,-0.05153508771929827,-0.03633760041527434,-0.01282987172914063,-0.06168828018869543,-0.00704523025785353,-0.016366598566104784,-0.007604805368503165,-0.029051996686346282,0.014687713215576936,-0.026243730467653936,0.09090909090909083,-0.044347845989724854
2021-04-21,0.06055053432886437,0.05023723492565102,0.03264707677504597,0.028037355064628677,-0.021164001407603106,0.007905130642070324,0.03768109906031292,0.042921166836263014,0.12195121951219523,0.061413680574423646,0.059748477090043384,0.14873829714679787,0.028225925420568343,0.018939378006698204,0.027642328180704556,0.04013606532266922,0.052631592156154205,0.023240144851426336,0.11301371801739912,0.04160411674334652,0.03216371129880957,-0.07238097417922251,0.04881488739484685,0.052005603398825206,0.021682298096330044,0.0,0.034482758620689724,0.042123424684936905,0.047314501355479655,0.032849548990365074,0.014578469598126365,-0.011094039167121372,0.040963783876193594,0.03882081250498248,0.040429252094967394,0.0333445227705047,0.04950496919271341,0.03881987638959039,0.06060606060606055,-0.0035604443882255588,0.0,0.07551363648350162,-0.06198147740117643,-0.006116202153874872,-0.016394432063079,0.05263163168350049,0.08531745844026695,0.037414929576505385,0.09219854958086238,0.006057457172974123,-0.003796028875517665,0.027278607713412617,0.008560805138814187,-0.008150629555872313,-0.0036366368551388195,0.008195669633476843,0.005532995557880449,0.04800580858418435,0.05970143352427648,0.010598865397767554,-0.006402554977092301,0.02020207024396381,0.06816304094761994,0.03385727662037019,0.028420288822487816,0.03577657778099419,0.020914583706165057,0.018739376950767328,0.023121387283236983,0.043384229992585066,0.0029299444841484057,0.07151094349518217,0.003973304589848903,0.024958421728478175,0.01882140358582518,0.012598413371265105,-0.012712926180469042,0.047643404520057775,0.0,0.02001822307648915
2021-04-22,0.0,-0.024435468001875238,-0.010538277569145826,-0.027272700672307915,-0.016216174976245723,0.0,0.0,0.009418490643642752,-0.050724637681159424,-0.003275114777551602,0.005934740605685551,-0.003468177375051562,-0.005490134436094918,-0.0006196271518155161,-0.004746835884578027,0.03858732204446569,0.04250001907348633,0.004608274871165108,-0.0738461225460737,-0.11846636528940002,-0.005665717022269479,-0.002053337223750229,-0.012644536700529896,0.015711816754188757,-0.027365045411847033,-0.0012121027166193121,-0.06666666666666665,-0.018766752235775175,0.015873030659524723,0.03694749478030568,-0.006880907330370278,-0.03892985654944048,-0.0016279221519549525,0.004341848598827802,-0.00813205636392067,-0.0012498693512043024,0.03344771427328208,0.012954670295729276,0.014285714285714235,-0.0009528565022278723,0.0,-0.010325284164900861,-0.0166493083380016,0.00461541689359235,-0.008181185366666788,0.033333251743007386,0.012797135513344049,-0.04262291083762548,0.04112555452963318,-0.004898415532229916,0.01641672214894907,0.01892190125853843,-0.012054317882237209,0.010937987916975977,-0.009856770983797225,-0.015758395892332966,-0.010178429631458985,-0.01618736936451881,0.006651020338261926,0.005927985127625268,-0.0004027478418269226,-0.0183875687813978,0.00933835786378956,-0.002339249103687324,-0.00857965451947107,-0.04991597518690816,-0.02364332466637664,0.01421398533450291,-0.03050847457627115,-0.03277200620866716,-0.011685422713316962,-0.022066730306548266,-0.01017669569898405,-0.004870242952376591,-0.0015835038974665316,-0.04510108391837353,0.0029747862628228816,-0.0013411475582966181,-0.055555583150297405,0.007136478450831429
2021-04-23,0.038062246056379534,0.02360539979306786,0.0060448783628821445,0.028037355064628677,0.0329669477455663,0.05751634663206184,0.016759805308360853,0.023529409033745008,0.01526717557251911,-0.24972618857278783,0.008849534618207366,0.018561467463607872,0.04022069247013493,0.0030998466074052544,0.012082667362393273,0.06297223168256183,-0.01678661160207673,0.014198373595694758,-0.013289086789387006,0.023517697556328265,0.0,0.06172833449713644,0.016076298101434627,0.03546502787478034,0.014928569974518746,0.0,0.07857142857142851,0.02900372426041531,0.015625014328040088,0.006583058262223274,0.0037495849635504896,0.009107591612227406,0.040124654093599554,0.008954433730383737,-0.0014696737523250958,0.007817193898488117,0.006638997712843597,0.07771765517144336,0.028169014084507005,-0.024797261203718057,-0.0033444784051376297,-0.01930103483363832,0.11746038441855577,-0.003062784116985573,0.02064224362902123,0.0037221641256650617,0.03068581803734305,-0.023972660901509624,-0.027027051140835368,0.011998750316000617,0.027956185954404855,0.019506812843432142,0.012589279573207879,-0.012277174467199892,0.01685430062987292,0.00962218974677076,0.024213777950801596,0.04375987999428288,0.05373104234047177,0.008613137423490791,-0.03384368101999047,0.02305473286641302,0.06553597216586948,0.021102235603800645,0.023953330547544782,0.02194656472115608,0.018500291725267237,0.010717333241871962,-0.019813519813519864,0.024240059359490473,0.01803888446347468,-0.0049532279697297454,0.014422421160016574,0.0032626403055533437,0.008987201636921238,0.0439739392178613,0.012668978275313991,0.04272976479693358,-0.04411769217479555,0.058458799791154537
2021-04-26,0.018333355585734123,0.01809252692540375,-0.07467812742136404,0.08181821038900261,0.010638338885950116,0.058096447239059934,0.054945089494299326,0.0003963626263685516,0.015037593984962516,0.01459859637698413,-0.014619882714792864,0.08769937143302164,0.016679313787221428,0.016069222209806666,-0.01131023829257738,0.04680100443153501,0.021951257239347655,0.01830709602701286,-0.020201969171594114,0.01437185148725817,-0.0028490001397227793,0.015503861641813277,0.011263023830348828,0.028420502653261348,0.0027156727832746697,-0.007888367886434655,-0.0066225165562914245,0.012459163026108389,0.15147926175900217,-0.009326127898702241,-0.014658115268169403,-0.004433776330324823,0.048391621656582284,0.048202169078571666,-0.016576822973601635,-0.004644270311374599,0.021434478683335145,0.02190778391507031,0.08219178082191791,-0.0048899940214649495,-0.03355701476259032,0.0765957761965721,0.017518888124163245,-0.012288847577652695,0.0021913438207226132,0.011124820773586785,0.03619386279092218,0.07017545767584887,0.03205130360457309,-0.015606008418775463,-0.016565954262772298,0.008265801487583602,0.006511368371576509,0.0013621103981471538,-0.0002714303682306296,0.020389780364207244,0.012271398368588482,0.08586273730464877,-0.035592445541457685,0.013932267263640385,0.013761464971040693,-0.009859112079500965,0.028943526589720436,0.010332734307944236,0.013804633061258675,0.026464246555164994,0.02606504281002242,0.011419253307461297,-0.0784780023781213,-0.01046029048958308,0.002977775343717237,0.03816374651378762,0.0151322766665003,0.012195210763327635,-0.025629738138539526,0.017160707665042185,0.01673640167364021,-0.010537145937197123,0.1538461961689801,0.02761505681784171
2021-04-27,-0.003273319229047167,-0.0037871816134047442,-0.01855288740379657,-0.016806806028663912,0.17368417037160766,-0.03154210800561641,0.03906248189095063,0.012480211446676437,-0.014814814814814836,0.03165466836147779,0.0089020543106475,0.001047144364618724,-0.05369130362637853,0.019464731893702014,-0.023514333381342012,-0.0005659439071113992,-0.040572810017267424,0.011527115010866451,0.006872834514855208,-0.02020288291568062,0.0028571401323591594,0.007633671839197387,-0.02413152663763407,-0.0067316397339132195,-0.002934003787174788,0.0,0.0,-0.018357874783427208,0.03597126391943117,0.004381323386060121,-0.05501294327876649,-0.01892280187589701,-0.026199449287499843,-0.0014598357869191059,-0.005868232767769377,0.00732295315074083,-0.007263934632285474,0.005806211329123068,-0.025316455696202556,0.0036854473800951304,0.006944437545759019,-0.02223314529049325,0.00604937503489178,-0.004665588456001957,0.006519558676028048,-0.008557424003434622,-0.003943644778829247,0.08196721439623,-0.002070342070938369,-0.001235358733127745,0.01921188637652871,-0.0018218436939276828,-0.004332295035682443,-0.012186102055988468,0.003141351713866536,0.0024729175512423485,-0.0116565422935474,-0.03289571241552358,0.009274321203429636,0.028369068217882543,0.0,-0.025604594566674743,-0.014064635933790703,0.011363607109640794,-0.011133676471893339,-0.029374475429409075,-0.0068365943257587825,0.012903149537150771,0.09677419354838701,-0.003964099505127661,-0.002449501682551092,-0.03835914774340443,-0.07959506390907489,-0.0048192344184302405,-0.0020164513955860386,-0.0015337043058175626,-0.019753098978427253,-0.01325319436064254,0.06666668256123853,-0.017100980676989175
2021-04-28,0.004926064403864228,-0.007969060896303337,0.008506570647827338,0.019230802540401104,0.0031390854066271068,0.0072376863561876,-0.03759396818934535,-0.0017609108102741855,0.06015037593984962,-0.01255232240309967,0.035294140086454595,0.016736384977954266,-0.03073274739288856,0.015513127215283973,0.00032540537934688807,0.003963742663025904,0.06965179381513731,-0.011604815396173751,-0.07508530556939719,0.015085266980459533,0.017094000838336676,0.026515125174716214,0.01657610388581854,-0.03459958332919455,0.004413869019660233,0.016513742802704456,0.0,-0.01417999648320345,-0.048611088772509525,-0.0035958536462290525,0.013605420449757544,-0.012670160081013182,-0.005274106442255788,0.014620154929491092,-0.0009509223700316927,-0.013510075080623074,0.003252029368516318,0.008436883785385652,0.025974025974025983,0.0034272511523933957,0.03448272460139301,-0.014653911172879619,0.04856610528687555,-0.01874998183921006,-0.010264063570472048,0.0024661002762200734,-0.010746636356221972,-0.009090900552502501,-0.004149373488428698,-0.00566888725410597,-0.004412469710954103,0.00806079562912454,-0.0033810274232640714,0.0005738243299064916,-0.003556844563167183,0.012017786731569835,-0.015331721439538204,-0.012935186635376628,0.003410388581637891,-0.01681063115023096,0.020567668078334878,-0.03795616871014018,-0.009272631366309736,0.005618052021885367,0.010629717756791557,0.01894191009991064,-0.010433787490717439,-0.005573250620099168,0.027058823529411802,0.009020964844157708,-0.006027568541391304,0.022160750292865128,0.003917169660722752,-0.004035645023379497,-0.011180440300711303,0.004608253750606028,0.007304809048936045,0.004556764783806289,-0.0750000018626451,0.018227031697701568
2021-04-29,0.003267970800735931,-0.0022108278643775403,-0.01405807182714236,-0.014675088457291818,-0.03889140843068528,-0.03712579706039898,0.005208286767206527,0.005684063365844594,0.0,-0.026836144113301486,0.014204545146670133,0.0,-0.010569210929944006,-0.017038850144173834,-0.040663659797511076,-0.007332158156965418,0.18139527869134597,-0.004548342511229597,0.033210293319709816,-0.011607454103543469,-0.04481788526723418,-0.04059045460000055,-0.011226895767399103,0.033437973820028555,-0.02332405975155505,0.0,0.0,-0.1824056655688312,-0.0166840297045181,0.014316974421239248,0.004216123374831238,0.013077803639470531,-0.025369134488121836,0.023198763832048996,-0.0183598938402747,-0.014705815037679315,-0.017828222391283455,-0.025539407621668064,-0.012658227848101222,0.0051231782355103395,0.050000031789143806,-0.01128201606946111,0.031760004893312654,0.0031847102322188903,6.040833453124783e-05,-0.014145193123595523,-0.027444228045615415,-0.04281341507712444,0.004166662527455456,0.015237910252950737,0.008125583131351144,-0.02549780675318747,0.003598838089945433,0.011985298081022222,0.00118345311133905,0.0037039347600635875,0.01544003251303283,-0.08154022188319288,0.011234917503568642,0.002192459551615622,0.20475614804746622,-0.018209462764445683,-0.020878202751352326,-0.007821308633472523,-0.020819987380548688,0.009828901872093176,0.04473894598045991,-0.014411487072181539,-0.004581901489117968,-0.04141459371015277,-0.0007484803669194351,0.05040641514201116,0.0014256954702109859,0.07374404314304428,0.0004993071024255169,-0.004587115159965793,-0.0010419271378521167,0.003939391873721387,-0.12162166516044115,-0.006509351013374021
2021-04-30,-0.009771977863882841,-0.01979441422678918,-0.00950567940865421,-0.00851063052687262,-0.029767413472020388,-0.05845768562458131,-0.03626943687919548,-0.026505565658774266,-0.028368794326241176,-0.01161101936295661,0.04201680582475409,-0.0010288301036119885,-0.04601480597027552,-0.0203226772347459,-0.0020345285266450963,-0.018181800448205276,-0.2047244050142244,-0.023908192385587057,0.03571428571428581,-0.004537385492054846,0.008797645347408345,-0.009615329948400753,0.028926727393124185,0.011262085870242355,-0.009575365569300831,0.007220198377114739,-0.036666666666666625,-0.001784795834918751,0.05726404500290849,-0.022251399879335887,-0.0032130923052152704,-0.014744727541539326,-0.01666440151487658,0.025348330265971386,0.00480711059193939,-0.014577881932517966,-0.03960392300071269,-0.011748681942751471,-0.038461538461538436,-0.004611709657470708,-0.15238095382263683,-0.030082982523325197,0.009833324308967217,0.030158662639840017,-0.0179006797032637,-0.07860258050206748,-0.031746085141754365,0.0,-0.051867218069792886,-0.009087189784183325,-0.005784869541793025,-0.0182691389480939,-0.006554418564684528,-0.006176666460875779,-0.015016818993381809,-0.001120636171800582,-0.021638895903678845,0.00933599670042451,-0.02343387285900078,-0.036745501312748785,0.06992305772049301,-0.03400305986488039,-0.03529417294260806,-0.03491000518419307,-0.010861147448500419,-0.04337690167101693,-0.027193314992783324,-0.03330625074709603,0.0011507479861909697,-0.02345366380437941,-0.015133489473441064,-0.05933950816976108,-0.01266298783447195,-0.004528334365451969,-0.028638668545920676,-0.03686639623921262,0.006424937504472261,-0.015338640731909159,0.046153895530476774,0.042588001839865
2021-05-03,0.018092127449790052,0.001054858577947515,0.010556619363078612,0.006437813474395204,0.001917497939039503,-0.002642005346497167,-0.005376296304905104,-0.013413452921099633,-0.014598540145985384,-0.02349483774186356,0.01881722442427547,-0.02986611335877709,-0.011197264211411095,0.030506449391887625,0.0016989718003341814,-0.024884275931082445,-0.027227697062989997,0.006858232628260685,-0.02068969025008982,0.0005362191341589106,-0.026162834619430586,0.011650474110381559,-0.035995866977121094,-0.0012373995969920948,0.018404097791536955,0.0,0.05536332179930792,-0.003065204135501931,-0.007021128046508673,0.0003281411183395644,-0.016160203448773558,0.00045041491359754104,-0.019607739086632714,0.006729664677568747,0.006472599994216344,0.007119691746495294,-0.039518902455260685,-0.07361685178645827,-0.026666666666666616,0.0078030607807526575,0.0,-0.005347613764161596,0.08044028581803975,-0.06317409273829144,-0.01781687500594409,-0.009478707700947275,-0.0358226608081994,0.0,-0.032822776746833426,0.0057701961976766025,0.01497260759037089,-0.009935407732812762,-0.005325479481549267,-0.028965684169350414,-0.009599883774576656,-0.023340170719312603,-0.013283586431176775,-0.015008736355592078,0.017399614927092966,0.02225245273796639,-0.011569697848059834,-0.01919998168945314,0.009146480605004559,0.03733972365949989,0.0003501310232869592,-0.019907247016383245,-0.009870956134370945,0.015126005464466186,0.04597701149425282,0.033005705115745076,0.008215210634948011,-0.012067982385012388,-0.01631637766989713,0.0007581312349849156,0.01280253390572006,0.020733670627812062,-0.006052279902732938,-0.02741222788040021,0.029411736347271455,-0.010212031849277214
2021-05-04,-0.04846529692433876,-0.03108778176584892,0.013928414833291436,-0.05543714833895452,0.023923445412730615,-0.05298014374334714,-0.05945952958598333,-0.016436639177313417,-0.0444444444444444,-0.018045142685925386,0.0,-0.069002082087668,0.0017422210093611668,-0.032563718461697366,0.026119235566669508,0.0005934853801448092,-0.022900801796207904,-0.013731178207366912,-0.017605634433428774,-0.02242067508046819,0.0,-0.040307108754199295,-0.03461435010354996,-0.02265484565127207,-0.010179322258285772,0.0,-0.032786885245901676,-0.013323096951760593,-0.03030295440608144,-0.03124816874515224,-0.02372114738412856,-0.03004003225136831,-0.023357167858720995,-0.01214184995400025,-0.0013980237860394817,-0.02937791910799148,-0.015205730917130955,-0.1974333640084447,-0.0273972602739726,-0.01717887412810215,0.04868909075193106,-0.03440867117587121,0.02938871420638378,-0.013157882353605488,-0.017597313204450904,-0.022556401879691657,-0.03778339906459449,0.04472839021304709,-0.02262441242227664,-0.01710888391048948,0.01177011101958847,-0.020229288137919244,-0.01799595569873169,-0.01626543877171316,-0.025344574473869397,-0.022034541333801894,-0.012440674009858932,-0.06555635591652342,-0.014846850763391095,-0.014216088507676305,0.05726028230448743,-0.03915175260599668,-0.00302129210881541,-0.035995655818302,-0.028392709197641697,0.004062406659899098,-0.02408503356821401,-0.0480132392928565,-0.07912087912087917,-0.028416096268743862,-0.035385301936886715,0.013881176947409868,-0.025227563387192342,-0.02272721800104649,-0.019099552391223407,0.015624984866008385,-0.014597322173889649,-0.028929996367073718,0.3571428632249638,0.011111062334119293
2021-05-05,0.008488996921607317,0.012196882551469335,0.009366314804598819,0.020316062319497563,0.02757010107967517,-0.0335664677977866,0.0057471668609487825,-0.01361666661419847,0.1472868217054264,0.0,0.002638482060556502,-0.042189375133481755,0.19999996268230968,0.004283955323626687,0.0029752656357038276,-0.051008338031942047,0.0,-0.08375355500340065,0.08243729722171533,-0.014711262558802951,-0.04179100611077513,-0.026000022888183594,-0.03303213521820891,0.11553779631257921,-0.002542391146169831,-0.006451532924986014,-0.016949152542372836,-0.021033435312845294,-0.15208333126372764,-0.008648807668149794,-0.009620520572703017,-0.03666664447994017,-0.009581054539072653,-0.029691611460183953,-0.033919979550839474,-0.022159278318413578,-0.029972744490993408,-0.04120541616622231,-0.05633802816901412,-0.0017232815525574097,0.07142858967489163,-0.05011133988911887,0.025885051135384307,0.009999990463256836,0.025073346719169054,-0.011888007630920905,-0.03206804840845923,-0.018348606461624728,-0.03703711062301529,-0.015530596781817452,-0.002341699122446639,-0.0078036479168230866,-0.0033622108291559982,-0.00035813023954467393,-0.00817201888296093,-0.012479432999494278,-0.001597169438261492,-0.014031163993684315,-0.00791677060904461,0.007661190027203224,0.033512950566908284,0.011884579498835146,-0.06969704217050599,0.001167171820220636,0.002377353479612543,0.006742934548236157,0.003951719076299209,0.024347896287398196,-0.005966587112171795,0.009935615639084627,0.0019554930827194728,-0.04983569748114036,0.004273849798565266,-0.011627915658748211,-0.005737894599929461,-0.029230778033916716,-0.0018199852998455057,0.030686544644724645,-0.15789471372673025,0.0007849473360672654
2021-05-06,-0.005050540323123798,0.011052236483146238,0.01886782434600298,-0.03982297103942167,0.06866758729416089,-0.008683059928288106,-0.04857145036969868,-0.002509992535768224,-0.06756756756756754,-0.0030627598506912657,0.015789433529502572,-0.02023810523978209,-0.0978261511808095,-0.03107863375154729,0.005932806718717876,-0.05437499284744263,0.007812492724042164,-0.010768144366616994,-0.07615895852194543,0.032180294554198685,0.024922094316309096,-0.03490761402234188,-0.08729926339031135,-0.000649303600987583,-0.012163903134851939,0.0,0.0,0.014854046346445937,0.01842747078669582,-0.0025148174976040716,0.0005421547742954225,-0.0394420169242683,-0.02156247276298706,-0.021634186024430013,-0.003519377881183172,0.027176057449495028,0.20973780029131706,-0.028223253993014175,0.014925373134328401,0.00863137596556296,-0.029999971389770508,-0.02168809750688505,0.015584417974173537,0.0016502028013631875,-0.02282245648847714,0.004246149670207755,-0.01622716509379185,-0.024922094316309096,-0.01923075159625831,0.006034936085139053,0.003142480349892285,-0.003276953751938705,0.007537513824495301,0.006986314924566139,-0.0063284987864827835,0.010955401769447537,0.010702267403875254,-0.04307688515566932,0.030670077362689785,0.009391797503251809,-0.08048641033462645,-0.0016778907412465793,0.012215144012305057,-0.03846151248303953,-0.055013309742463545,0.016745036883018205,0.010026219114725121,0.00424444967748272,-0.07563025210084029,-0.0008313365680472362,0.012802551261063444,-0.04322766475561701,7.882525241220684e-05,-0.03137259790079305,-0.008656590340709203,0.03169576670617125,-0.016409409673000974,0.0028537317316570388,0.0,0.002352920233034572
2021-05-07,0.006768183229402647,0.009261331753247726,0.03916214235908799,0.01382487112212738,-0.01787234367208279,-0.04379557928093092,0.03303302615282422,-0.002516228461737935,0.16666666666666674,0.052227266490190605,0.002590732973354992,0.00607535765685796,0.01927717799700801,0.008805152409051775,-0.030799441530966143,-0.007270301113365907,-0.007751930820906638,0.013425261323832816,-0.003584174830362219,0.004492362859751964,-0.036474129772176234,0.02340428467625899,0.015674976568472276,0.02387909962983925,0.012548147646002095,-0.02248680452420504,0.01724137931034475,0.011238900262412477,-0.022919129222870427,0.02788841972460654,0.012237555887167462,-0.003282975969860713,0.02513220853789555,0.06837374425417186,0.009016509183789267,0.02329329736414798,0.015479861306820109,0.016501650580520222,0.0,-0.008312961855826861,-0.013745772883779095,0.031755468084938565,0.019364222252311825,0.019769338083270194,0.03642261041720096,0.016208658181969815,0.030240520592122344,0.038338620182611916,0.051470598547516566,-0.039675823787155506,0.01739879361513119,0.0027945998500533697,0.008114226693076931,0.008479648599062362,0.010587096606459845,-0.0044640578502762596,0.008917126732525649,-0.013866532354973815,-0.012033519802763015,0.006202839713207453,0.06328716040291416,0.010084104460519328,0.034593592637911286,-0.04242428422343136,0.024143731605665186,0.00922241628227849,0.013602915160893625,0.158072718780097,0.014285714285714235,0.017195920860823444,0.005327179042242891,-0.21265063888709201,0.016942486209824414,0.021862350198941893,0.003626490867437493,0.03072193582694993,0.008061366156602023,0.020286793666231873,-0.0625000139698384,0.01721441875004337
2021-05-10,-0.06890753958910578,-0.0621284566506517,-0.13292431486732303,-0.06363640994079744,0.03986135525715451,-0.09465654112090649,-0.12790695095526383,-0.030901854743191515,0.024844720496894457,-0.026277324974536165,-0.07235140004808294,-0.1014492394735027,0.04964542844622866,0.01122183646000674,0.0060850889943053765,-0.04926768989610664,0.005208328482694924,-0.02697221758606838,-0.04316544854023796,0.003488366538486387,-0.05047321198103727,-0.051975052593354776,-0.0355905247485544,-0.13628431411947606,-0.027449434512244797,0.0,0.006779661016949046,-0.0604807504689987,-0.04691365103480727,-0.01810798402854219,-0.03247679630783051,0.005993005925993167,-0.053375630287048725,-0.0059912730626798805,-0.00877116511182574,-0.07326942020888483,-0.090701188320368,-0.0662337356724364,0.13235294117647056,-0.0024655395816680636,0.02787462206084701,-0.06504059097239234,0.029032239319616515,-0.0016155458464287564,-0.009292189922053273,-0.022884892718169736,-0.07138090134503072,-0.02769228128286505,-0.05128200283167916,0.003835599716395466,0.002077305463870527,-0.05081967968132539,-0.025254276326842517,-0.006173946060672009,-0.019131229704200003,-0.03072052637375966,-0.03641356567262577,-0.0354595431412178,-0.04390521541963177,0.00044022023766032703,-0.009179785877667879,-0.06655575376606127,-0.04354573197576306,-0.0392405390827526,-0.06534980232365917,-0.035683088176936884,-0.06463546844085022,0.02408757019053387,-0.0793854033290653,-0.03885478573154455,-0.025804401962334245,-0.1025248801741393,-0.038047295978289375,-0.05150556271708795,-0.008082634056954974,-0.0551415623629804,-0.025615764318263512,-0.05370995095549802,0.1333333651224773,-0.012307680570162294
2021-05-11,0.04693144957980655,-0.009142869970147682,-0.0064016351787059556,-0.17233005326456385,0.08208330472310377,0.011804413775335476,-0.07000001271565759,-0.07418651371247176,0.0,-0.026986552191434865,0.025069573062075357,-0.04838711434753651,-0.024023973954381495,-0.016029594296801286,-0.005712198869145868,0.11414566841184182,-0.01036268469951196,-0.010670858950244666,-0.05263163429846762,-0.005169817438569035,-0.08637873464685342,0.008771921569070251,0.029719132020601613,0.03912566351664504,0.00035704608886755196,0.004059562398056826,0.006734006734006703,-0.015680872592883977,-0.03626939644829197,-0.006846361419367564,-0.00650130777556579,0.020289984289443286,0.013765849474317582,-0.00958913257913896,0.011382885189962222,0.021208313373534793,0.017602685060776224,0.022253107946978545,-0.11688311688311692,-0.006673269003292903,-0.04067800747050254,0.0416149105850383,-0.06548238316675425,-0.0016180829000712604,0.0033675003182329633,-0.0035486291293369554,0.014367802310988553,0.003164553858114205,0.08108105891586459,-0.0006549951920654662,-0.022174259783919292,0.014335149965924332,-0.0013815700405361842,-0.00609394600201596,0.012119816219731572,0.010474816917876772,0.009103555410383768,0.031058510790705096,-0.02241758072853861,0.014084896081800968,-0.028392133560467103,-0.007130117807674474,0.007316998153515941,-0.019762896606277947,-0.0021957420784700643,-0.0022562663498673086,-0.004420695305069833,-0.015680704036077464,0.025034770514603677,-0.001985806945367874,-0.007410139654313808,0.05967611170136489,0.013613681728011695,0.0451128672612644,-0.03101173548014058,-0.014195607322052495,-0.005442200833651545,-0.012427904910065735,-0.02352945878843815,0.05529595246958574
2021-05-12,-0.05517244157552914,-0.0701740339572331,-0.022041357191425526,0.10850436253550666,0.015017378024978267,-0.10166668891906738,-0.03584231718478981,-0.004686053456171124,-0.10303030303030303,-0.029275794295136714,-0.04347822030685711,-0.028248560935074996,0.006923069876326959,-0.027568815551044512,-0.04123020159258939,-0.04462602419587447,-0.08376961749607936,-0.041656340910011025,-0.07142859305383986,-0.0454260341107281,0.043636322021484375,0.058695649244384196,-0.047890903774112314,-0.09368922159540793,-0.026785597956186513,-0.013722160118757598,-0.0033444816053511683,-0.07574061422385303,-0.034946267054058455,-0.05226064042752654,-0.0025061889908690738,-0.007186654495673239,-0.05661684298515768,-0.017704239983997616,-0.015609108519292536,-0.031116439115099093,0.02883026506567754,-0.02108839931732487,-0.044117647058823484,-0.009703891589318392,-0.01060069688994325,-0.026833676246629135,-0.10622439021893415,-0.0194489277269444,-0.04381575594735221,-0.00569795124418826,-0.06019826024678143,-0.009463713144399533,-0.08636366050105393,-0.01911732556803114,-0.029378371512131518,-0.022816280374728604,-0.025882615439413503,-0.02220376727399953,-0.02699974450750897,-0.022323796765424953,-0.04019825632987217,-0.054713078087870404,-0.0886958174438992,-0.023437888960692543,-0.06490307019195873,-0.02692999833834664,-0.10088779201745257,-0.017473093247778793,-0.05713689623723328,-0.061284652737343515,-0.029212280627093468,-0.06227366587335781,-0.06512890094979651,-0.014070464115713444,-0.02493849621961708,-0.16251008915281806,-0.03218630686499979,-0.09352523358499243,-0.006579183808229638,-0.028799972534179652,-0.020210943112479174,-0.04449920834878485,-0.10843370552245668,0.044280399951999616
2021-05-13,-0.014598526172921567,0.04387202271007373,0.02184463097896594,-0.04761906564010443,-0.0015174853794061027,-0.051948003693320643,0.01115243568665969,-0.01671372627409584,0.006756756756756799,-0.011111062894771928,-0.06818186005284876,-0.053779052239034564,0.031321560574275376,0.014175128523154168,-0.012112509984257502,-0.05789474509759629,-0.07428571156093056,0.0033634475623740556,-0.021367522296417474,0.01070020067441435,-0.034843173735210176,0.05338813860197611,-0.024317106299295177,-0.018529369113660654,0.01394496606457496,0.0,-0.043624161073825496,0.0036286341999436367,0.09192205292879296,0.008911900975900666,0.01949473123430856,0.01663577443062314,-0.002602363975783173,-0.010841915284604431,0.014813451916432241,0.009076954534461112,-0.04243392655592848,-0.038915942060873565,-0.07692307692307687,0.02135684183699338,0.003571425226269964,0.11825982483246422,-0.05379478869074272,-0.003305781867105062,0.01632245813468658,-0.034384003574077004,-0.009043016962609896,-0.028662468019451603,0.002487619136637642,-0.0035638678200401452,0.029604280172110586,-0.04269033130894773,0.007731048251271355,-0.00925355573178599,0.00438477269223303,0.0030235440044839024,0.019461186645306272,0.120745709209926,0.03580538066416583,0.029333479910484517,0.03750004313494082,0.012915072663999494,-0.03141829115373751,-0.012312005520690894,-0.004483693436493574,0.0021681219074456415,0.019980577228588592,0.01003859788438799,-0.007256894049346929,0.02565948837856391,0.017919614462198474,-0.13448603641222034,0.002381350947891825,-0.013227523788419071,0.013693479107695472,-0.018121932521180995,0.004593993055302503,0.013984914324053799,0.06756758280615438,0.0
2021-05-14,0.01481480042466754,0.040943882769445494,0.00916187526483303,-0.01388887601134181,0.0011398437307508225,0.17808215726723597,0.033088292011341336,0.03016514981385421,-0.01342281879194629,0.05136431551852083,0.033536655926975634,0.34869422799993544,-0.03703697522481286,0.023507034920373426,0.02740709154855847,0.06284920330898358,-0.03086416800562486,0.026946931834367804,0.08296950263230785,0.03333949041341211,0.01805052442619881,0.01754379605126788,0.021509018131598,-0.0059618290715411915,0.012908813097156413,0.0,-0.010526315789473717,0.0183790489783473,0.04846940140881051,0.0218231461063898,0.0036509815150824743,0.009022260515337832,0.036771452830312246,0.10434174343785507,0.03815790626147475,0.027853009367720283,0.07357860465168198,0.0585683603821483,0.050000000000000044,0.0004919223201917955,0.0,0.016438314359481954,0.01983247443804048,0.031509050376855585,0.03127319475273782,0.028931779052108197,0.0775665769850169,-0.01311474179619243,0.0694788383111542,0.029842384402778865,0.02121457420913342,0.04259169857059697,0.022076566305332834,0.026115275018707917,0.026151496964557763,0.019430851184491837,0.02559204248708946,0.04738872170381936,0.05329618576007511,0.02720205119613084,0.04724152886869426,0.09107468503558125,0.025949742111773366,0.018005588779243187,0.020398681736675472,0.04230783812438865,0.023916236786837963,0.00917428450848723,0.15350877192982448,0.021082220208448188,0.01984469154391788,0.042175372340481854,0.01810435889241968,0.025022321453548546,0.0012279494463658391,0.04865771140887287,0.025375492421741752,0.03146760060999254,0.025316430864913864,0.013427599942038126
2021-05-17,-0.023722648538037294,-0.010093603466888479,0.10255552010364077,-0.03380278511857027,0.020493320696816975,-0.046511662906227436,0.04626327111862483,-0.014176170756599049,-0.07482993197278909,0.03816793967226029,-0.020648989127775685,-0.11958994827239933,-0.029230794497493995,-0.0012414218521088483,0.03439787412884665,0.021024946728643412,-0.09235674859331144,-0.014940394458368034,-0.008064495454511378,-0.019322314742051816,0.05673762043203312,0.04022989398228738,0.027740639090561903,-0.004398265067768081,-0.022034294274970168,0.0,0.03546099290780136,0.007988179404087914,-0.05231147094977029,-0.0003495482399363814,-0.03128412577344242,-0.0026517047987043574,-0.0056622920567462875,0.008378493256304242,-0.0373099539915851,-0.016729858821336263,0.11993769030778734,-0.023907129321165677,-0.015873015873015928,0.0004917742479502163,0.0,0.013477089503083794,-0.09248052921754857,0.0032154311255849777,-0.009697370439801567,-0.0036049159000803854,-0.012702914905195928,0.04983391888461286,-0.018561467463607983,-0.008573919261563367,0.0024485631458928125,0.004364677244405479,-0.006066100311502676,0.007365684694162322,-0.007851050935930526,0.0147351540352203,-0.003803988334803443,0.009787710503140534,0.011481456043849647,-0.002942324639384042,0.012110249490218772,-0.035058358820373337,-0.03252011730108517,0.021768836896113086,0.010339395331693924,-0.012684392605795458,-0.0026891086098128625,-0.029545419931616856,-0.03041825095057038,-0.022298729697961095,-0.009258590651263776,0.08306706117703722,-0.019633106415935297,0.014821324353715193,-0.0019133491933323032,0.027200012207031277,-0.016352609782584127,-0.011553896675850606,0.024691334404499887,0.07391906936284709
2021-05-18,-0.028037401503044235,-0.014242983093375239,0.06465382350388604,0.052478083042371226,0.002603186924993617,0.02787462206084701,-0.030612189731457407,-0.0014143696648641901,0.007352941176470562,0.045588251106192024,0.009036121390558316,0.14618365262814081,-0.07369247841459436,0.0012429648958920403,-0.004411120452572415,0.03796648650977352,-0.038596455711112254,0.007774670118142923,-0.004065081834040196,-0.02877565350635758,-0.1644295323491607,-0.02025776430105375,0.0029268342305004413,0.03253009953219399,-0.0008527617042130009,0.0,0.03767123287671237,-0.013501587572439466,0.020539133272864607,-0.007979937996557052,-0.000375453317622787,-0.01843611154551361,0.009411498911326754,-0.01597857212501741,0.0003291805440344131,0.017836681656379305,0.0,0.05808257004350792,0.20967741935483875,0.012779564396995235,0.024911093625196168,-0.029787206844054115,0.20238095238095233,0.0016026008411285098,-0.009252965461910012,0.04269175486175625,0.022873527786552605,0.00632910771622841,0.0070922481496633605,-0.005911340170195234,-0.019280315268531578,0.01998968714338689,-0.006750757354760495,-0.0031506287923606102,-0.004391587935688168,-0.011653058569779051,-0.014092791520480263,-0.029078310087784387,-0.02842794318733788,-0.020236158127481585,0.011067871029228904,0.006920408373887188,0.02334281051618947,0.022636401550506724,0.006942076552232779,-0.008409402851184522,-0.006856672724017576,0.010148309372546738,0.06928104575163396,-0.01942837219673721,-0.011245677898279127,0.2094395377052065,-0.005745214783993702,0.009450101940852162,-0.009585085582428654,0.029595024137466952,-0.02444770400567453,-0.017993131852171107,-0.0361445445698767,-0.017532435764769372
2021-05-19,0.07307694776523843,0.024546587506602213,0.059581834435581627,0.016620549291325615,0.0011127851507526376,0.011864354863177162,-0.04912281484497216,-0.006846102723059855,0.0,-0.03656824610574039,0.0,0.1659142577867887,-0.0042773083491902675,0.004345116676830685,-0.01601910007653562,-0.06695592227051361,0.0,-0.006829403283312385,-0.02857140781117129,-0.02877904279249366,0.020080302058145927,0.1296992546909974,0.006485109012642765,0.018864279565240283,0.007191670919239668,0.0,0.0,0.012793820213241602,0.003773611387183573,-0.005512294418587915,0.0026765216353299426,-0.007969562700938293,0.005719796367980479,-0.1295141811714574,-0.0006168335098089006,0.0034942760919667304,-0.0278164512532163,0.017195782463606868,-0.040000000000000036,-0.012618307918371263,0.0,-0.056469336599249575,0.06930693069306937,0.012799987792968759,0.015014163147341053,-0.011103441280676196,0.016072643989656132,-0.006289302046118661,-0.007042302393543309,-0.0008808964190153423,-0.003282626997073823,-0.00426054270868903,0.001148316527668447,0.06953308779504352,-0.00031208417878625383,-0.000148514828115065,0.018398153136179207,0.009606333159088765,-0.017886717691265708,-0.003011859003177464,-0.05946740730482947,0.04639174793175993,0.019160424950866117,0.01562497213146119,-0.017644086419748573,0.04852774964089046,0.013575334753557655,-0.013137608652918464,-0.05256723716381417,0.0035893753700366737,-0.0012814122141273643,-0.03739837650518685,0.009740798341762336,-0.015319096333983206,-0.020199577649077427,0.025718619192154124,-0.01444387912386036,0.029022268581111454,0.18749996740371033,-0.0019827979341888735
2021-05-20,0.0,0.044150352017191974,0.006758583094240045,-0.00544958597022982,-0.0033345740404265856,0.10887774174386777,0.05904053326933267,0.014737317242268455,0.04379562043795615,0.040875921351520406,0.005970172028043397,0.1742497777375669,-0.04467352906639033,0.013597050283827627,-0.0006926680093909399,0.02259137197866634,0.036496315432303694,0.006112356607601788,0.016806679588196483,-0.009326717979465382,0.01181101253556105,0.5906822055804386,0.008376234338419275,-0.000572605070554788,0.008592411516443077,0.0,0.05610561056105601,0.02732080729033015,0.006265628293007142,0.02855214443249654,0.026553637434362454,0.017601888576236346,0.028201889279437564,0.0871510782217857,0.00366269070473213,0.028714473499277915,-0.0007152557607251753,0.018205444140945604,-0.04166666666666663,-0.005652483411128895,-0.09722229120907688,0.0075538102865169154,-0.03481483459472656,-0.011058403739006017,0.01889751534708939,0.03298250445669293,0.01513069240756515,0.003164553858114205,0.018912511429155288,0.01950839388932013,0.0017038163571334586,0.029437005522124915,0.019343509112256907,0.03194867874290375,0.02331053380768,0.004913709794237331,0.030064119701264103,0.06809693615403156,-0.0031581790621105776,0.015537360205427841,0.021704894836035216,-0.018062418843727057,-0.05908691759066531,0.020512874548104687,0.03983931854579481,0.039316985257057846,0.015153840264084062,0.02114329725761488,0.016774193548387162,0.006151649439043005,0.02101203684535813,-0.08614868620088056,0.023953566975848828,0.020743451301847626,0.006888882070648306,-0.02507375678956658,0.03402681695104004,0.027943967808856884,-0.052631592156154094,0.07152317194848545
2021-05-21,-0.012544748347904533,-0.012661940902440105,0.05424265714344534,0.030136956773079815,-0.001115196272204022,-0.08157099262659917,-0.010452869047884117,-0.01124384065770423,0.027972027972027913,-0.009817629287744767,-0.03264101673338993,0.047815327142129105,-0.02428055289398301,0.0024390086033565517,-0.011091882198083991,0.01819361447205381,0.003521123508970936,0.010251835675148202,0.09090907180216701,-0.012258507257389417,-0.02723732881754304,-0.1286611340922892,-0.0009584274769359746,0.017379676027585944,-0.008039057419407802,0.0,-0.0625,-0.025164456316754458,0.0,-0.018704768523170934,-0.005839410570790848,0.011198525036148377,-0.005985732406634803,0.021962877914221357,-0.006888606987533019,0.006548690978155136,-0.007874059287685142,0.04661555232115555,0.0,0.0009886533967493616,-0.07692300638503313,-0.010957354808861397,0.012663082519910551,-0.03194892632424373,0.0009111154227834373,0.0040761019356945205,0.01558262457112125,0.0,-0.016241339348193495,-0.005297274202913815,-0.006274031828992888,-0.01911905097210531,-0.005534877944222583,-0.0038902161961310577,-0.007321996471612691,-0.013732853548741542,-0.008263649687854202,0.048733643693125606,-0.03125989025403486,-0.004675230481388959,-0.021859578031994342,0.03177258471813471,-0.014272122024970746,0.00502513859935072,-0.005723674479874541,-0.0008646750393835889,-0.008896200201547022,0.034509262060721024,-0.019035532994923887,0.004407757010136626,-0.014767097576186883,0.031423305192007644,-0.01429142447526821,0.014394383567553959,-0.0008050146191453944,-0.0015128939001275432,0.002011968795824659,-0.010873650556048164,0.0,-0.043263334347128035
2021-05-24,0.01633387876809511,0.0460127137538886,-0.023688143918448312,-0.042553214424603025,-0.017119500463492088,-0.03618417647241512,0.010563285689916269,-0.006396599469792319,0.013605442176870763,0.014164269723227374,0.003067555015309198,-0.11408338354942571,0.06267271819164622,0.003649714506504198,0.0028039200905327633,0.016592228948050458,-0.07017537402020413,-0.006389402883742901,-0.007575738601520388,0.0299840806837246,0.039999961853027344,-0.03121251275668202,-0.05660378739534744,-0.018396837503565355,-0.017297702465346787,0.0,0.0033333333333334103,0.0275740282341308,-0.028642534232217964,0.01593227982084655,0.0013308028054270782,0.0008992361990929343,0.02149543220643446,0.049563489092005364,-0.004294067878367058,0.021461786577154696,-0.01731600123110688,-0.00854175685551628,-0.05797101449275366,0.0022222259898243557,0.07083326296674164,-0.013994156061604146,-0.014020422146349132,-0.024752491218445583,0.01474725131580934,-0.0060894039290732005,-0.02668443126336595,0.0,0.0,0.013259441282229112,0.006655785278155912,-0.01915247676762133,0.0168192546187651,0.0035799721193552347,0.01999708874051631,0.013084215261017773,0.017618001653956217,0.06412399037430605,-0.019840833186742124,0.020495574991921783,0.008183768265249247,-0.021069710345774206,0.109073415469636,0.011249963038601596,0.000153579011535232,0.030289985319656543,0.011029942477198684,0.00963675646877249,-0.010349288486416586,0.003397478282038291,0.013314193349916792,0.013440911671640743,0.023246418012836223,-0.015859693864219482,-0.009566052591166607,-0.012121200736670112,0.0024095010693951924,0.022497746421416,-0.08888887269997259,0.060077540870613566
2021-05-25,-0.026785731771771126,0.021697285006221145,0.019305969956150415,-0.03888885283175714,-0.017417610266201144,0.01194534014152615,-0.03832751879962415,0.0069146620177202855,-0.04026845637583898,-0.016759716511867695,-0.0030581738986287244,0.03374778922883315,0.03035572282491672,-0.018181870445378445,-0.027612615699964982,-0.011927214715487744,0.018867905855434186,-0.016517432844780133,-0.041984675399832194,0.013302534328414994,-0.011538450957754964,-0.04213131209519061,0.0,0.016255468717513155,0.011816912285095738,0.0,-0.0033222591362126463,-0.011704249548944445,-0.014102580874942316,0.01860518201305328,0.0029787538448531325,0.004645119412925336,-0.0007461570214584157,-0.05029438660419061,0.0007463726019765193,-0.015716766991719644,-0.024963300693444435,-0.007384667029747605,0.0,-0.006651895953404097,0.058365797378898465,0.22885871520724232,-0.09300538177246198,0.018612544222411653,0.000598098786865009,-0.03812102517892113,-0.04249485120458407,0.0031545710481331035,-0.03301883821769058,-0.002145281244611774,-0.012694331967327721,0.02004480751144433,0.00138314517515159,-0.002161977872859544,0.014563204699497456,0.004332851226203749,0.000762269428359108,-0.02034751957062353,-0.07251700597147959,-0.028870385569116253,-0.04995312316887379,-0.0711920250090039,-0.0374238190570122,-0.01359700367078076,-0.001396818742189998,0.008609696686902701,0.00631987754095964,-0.009544775788945414,0.009150326797385588,-0.005361135272894613,-0.0015735634456786052,-0.0035366896877960796,0.009182268787315762,-0.019508061764200613,-0.0020331488998264202,-0.0076687409326891,0.01669263343816496,0.007750577090410493,0.09756095610793869,0.0
2021-05-26,-0.02385314534924521,-0.002622973724460742,0.018940406558662692,0.014450853111279693,-0.04508670681678295,0.035413160915015895,0.065217388800477,-0.00544635436252594,0.08391608391608396,0.046874987300147275,0.06134969612307395,-0.05498284574277423,-0.03367012063528074,0.013580333144703971,0.04565062048420332,0.03494289405381035,-0.01111110031850071,0.017307672745142222,-0.015936315126201084,0.03405626054149402,0.01945523486967371,-0.03363521710741202,0.03694915771484375,0.0073390928514840414,0.009853732183223274,0.0,0.026666666666666616,0.0031773718586181054,0.024707419480713755,0.017432429327760124,-0.013935863306460905,0.00924707376851508,0.017847918095853954,0.023043050141309918,0.025855744870521002,0.002924599039707987,0.024849392344996835,0.04091765586486096,0.04615384615384621,0.009920672839941913,0.0,-0.00481233773654266,0.022881313536024628,-0.0049834235719935505,-0.0011755396072758995,0.029723948476307438,0.04080169534208955,0.009433953069178047,0.014634132725648952,0.0040847563989978575,0.005128012106677904,0.005251828152510241,0.003483986080258905,0.0056873744964152095,0.00376182874906017,0.0018747562447005706,0.0020672060842990003,0.023006848811000236,0.01906708213122421,0.02585084383904257,0.03943473031732814,-0.007130117807674474,0.038878812708984745,0.058896998633176656,0.014684072382502356,0.012284050283064119,-0.00493451886386187,-0.000741304880803928,0.03626943005181338,0.00510639163619242,-0.0003940724267074147,0.11180117338323026,-0.005176845586114864,0.0008650303523003444,-0.00545036675369015,0.004636817740524268,-0.006611184532344105,0.018856559721734723,0.05555557027275215,0.015234613182487422
2021-05-27,-0.003759394789693782,0.006720332534174478,-0.0032655378957724412,0.04273507002136334,-0.02138824342047485,0.01954403338854238,0.003401438512873556,-0.005952380952380931,-0.032258064516129004,0.02713697230022616,0.020231236815314135,0.10363639484752318,-0.061236797479657934,0.007917036211343653,-0.01650063284305492,0.006752528963830828,-0.018726662661472826,0.0034027004115064763,0.032388685226722336,0.013799448409499204,0.019084043098801073,0.03748329553850849,-0.009480252176553572,0.025966736808259228,-0.009757583567988948,0.0,-0.03246753246753242,-0.0011517683862534156,-0.022842677990056348,-0.0050037128978593914,0.00454101171690624,-0.0015774541519608665,0.01716793475738343,-0.012118254500242953,0.010420816881385742,0.005161837934675617,0.08376196708891581,0.019654550667765003,0.0,0.0,0.0,0.1034815937170388,0.007456516558694171,0.09348922220612432,-0.00644282320081091,0.04192440563972499,0.02544703483698818,-0.01557630894769324,0.06250005731216057,-0.001070614490899402,0.006281613880226855,-0.0011795946481236719,-0.003741226044798762,0.004362565662637152,-0.017160463960118277,-0.010734558114025683,0.015613916853086218,0.02530068445609679,0.017298111711461228,0.06509887368382428,0.011381619345665506,-0.010771982213717668,0.07658825181688123,0.03076956649146756,-0.021992516147904317,-0.005347615800358696,0.004132575628809088,0.02967357145046856,-0.018750000000000044,0.015946898725440972,-0.012376756857229165,-0.006384670822900729,0.0023653348421683873,0.012100207845759048,0.0343662861479308,-0.012307680570162294,-0.009431880626758371,-0.0030485741836855373,0.052631592156154205,0.012605101665346563
2021-05-28,0.009433907943081188,0.0022491169120344434,-0.0017641051987362655,-0.002732237767417156,-0.010309278350515427,0.019169310091305958,-0.020339016657295206,-0.008143716229650044,-0.033333333333333326,-0.00264198451612474,-0.002832818024996131,0.060955498368266525,-0.03034258304194981,-0.006646499994234278,0.010136333587642543,-0.0036585041059751244,-0.03435111377881084,-0.0021352146756505874,0.02745096044602735,0.011705997742751384,-0.018726662661472826,-0.051612915531281556,-0.027392737445711357,0.018208303593233888,0.012165153550781849,0.0,-0.01342281879194629,0.01614302091265718,-0.025974001846660322,-0.015177777852185992,-0.005489124126899059,0.009761382098661953,-0.003317912021004621,0.03333333333333344,-0.02142618300838106,-0.01603947313789711,0.06915257340770653,0.01168217557165585,0.02941176470588225,0.0009822470439844189,0.0,0.010955302512852372,0.02302629411880952,0.007633543884232319,-0.002108047174624317,0.003957728075038691,0.004024173053704949,0.04113920015548511,0.0,0.010288276814816477,0.004275052686506742,0.011978866898143314,0.003154178780394812,-0.0049334952274960875,0.012643469150683595,-0.0021794289420000723,0.00994269088573807,-0.0016755614773913408,-0.03597456009412614,-0.030531460853819636,-0.047514863039667454,-0.010889367899150737,0.059822272617404026,-0.01836985654239154,0.0027085195168357057,-0.001240730866469697,0.006734513608653181,-0.01801149099953514,0.016560509554140124,0.007501054751372749,-0.005348018099698759,0.089959831543579,-0.0011012301791319956,0.0076858767798708705,-0.004109772353914076,-0.024922094316309096,-0.010634035104108763,0.005382137350832927,-0.050000011920928955,0.052163551688749754
2021-06-01,0.026168199809568193,0.0005791481384851416,0.009845982924487018,0.0,-0.013749996821085575,0.047021897886595054,0.034602097819484756,-0.0007244332143785392,0.020689655172413834,-0.014569533300833992,0.022727250560256484,-0.014751594128061485,0.0535885393432618,-0.013382011763190649,0.006228522352979882,-0.0024480364231214136,0.01976282722596956,0.01497800487244172,-0.003816735727572018,0.004664133845408536,0.019084043098801073,0.1646259225420521,0.03155752720884353,-0.015021394230966045,0.00865397121123368,0.08633536581667323,-0.017006802721088454,-0.01134756101784129,0.034666697184244866,-0.013957260846948039,-0.012152181362734438,-0.026171429162008653,0.007309347735770633,0.03212894356892915,0.01486907730047382,0.005642558530762898,0.011414035908467568,0.0023095217224107234,0.0,-0.0073601386019208626,0.0,0.04681404152546875,0.061495206521476664,0.010606086768613965,0.01180972895871113,0.030223362528357445,0.0060120341337677186,-0.006079021628696002,-0.08597287508635931,-0.007213326926810648,0.009801928694894713,0.04001332507163746,-0.0033238635082715184,-0.015089475579852074,-0.01718257390479072,-0.0013714148069622345,-0.008510892920475244,0.014189870826165185,-0.015838729935533702,0.01676897042022274,0.029537300497556984,0.01834869448980969,-0.041189908579864376,0.02222221948359171,0.007507305557614474,-0.011386905296168481,-0.004459516505641803,0.009537772876719641,0.0025062656641603454,0.03240036555456127,-0.0026483241125895285,-0.015475316350012092,-0.009764531731859316,-0.011017000479795036,-0.0023864973767290243,0.014376944482445753,-0.006161158092404362,-0.02372558711153272,0.10526312157057616,0.06873235568194325
2021-06-02,-0.02003636817180454,0.005788358933849436,-0.04624996185302732,-0.035616468779251176,0.0004224853759866587,-0.017964055186050376,0.0,-0.05268246130751186,-0.027027027027026973,0.06989245014658896,0.0,0.1284476097982412,0.010899367895129908,-0.013563518933103702,0.5839064882415737,0.0717791491446067,-0.0426356195149864,-0.03298606216329292,0.11494252425572493,0.004999531719610761,0.033707832059029164,0.3329438420661932,-0.0250000078427165,0.0025417462780386035,-0.019184891459438136,0.0,0.0657439446366781,-0.0028693968005579773,-0.010309329662834377,0.006779247050439974,-0.012442454454147267,0.013492329769330569,0.003592189635409415,-0.02012735475508909,0.013725764227391801,-0.03031271622703413,0.02194353805522309,-0.00864064058785008,0.04285714285714293,0.01359365421418457,-0.08455882965229367,0.6861284415697755,0.013252570370765104,-0.02398798284587278,0.00367846881520717,-0.02551016370168291,0.0026560398896751103,0.009174303230812475,-0.08168315020347017,0.013249337981457332,-0.01653921744394904,-0.014107088120356881,0.0019529970663574314,-0.03200914325102888,-0.000282338826407047,0.004765962837133042,0.011573469196330732,0.1504437447676683,0.020848656228416695,-0.01246986401252037,0.05004774451622085,0.014414400172383157,0.04693721329281453,0.0,-0.004690031900920544,-0.004817001376576702,0.004202192140620342,0.02470929642673636,-0.01375000000000004,-0.03766025371609505,0.006276022536300552,0.03068868350468179,-0.00970179897179424,-0.027420796269689518,-0.006977426671199827,-0.007873970810807207,-0.022670752708678354,0.008349977513094409,-0.028571402621105912,-0.011597223053119277
2021-06-03,0.0018586899315924388,-0.018919521739085732,0.014416755309628382,0.03125003809956017,-0.00548990990033138,-0.028963423609414507,-0.043478297849810055,-0.009183688860840866,-0.02083333333333337,-0.008793931819632173,-0.04166666666666663,-0.0509776227509402,-0.03863431281908769,-0.006874973488708136,-0.28332611157125176,-0.02404121882093535,0.008097158176053387,-0.01833803851777638,-0.030927886406097338,-0.028782072244408985,0.0,0.11744085631095036,-0.01248309512496093,-0.001086587684980378,0.0018225452897449035,0.0,-0.07467532467532467,-0.04143880940169742,-0.00651037955928202,-0.010661554463336165,-0.005467642016174001,-0.035290756051671424,-0.020688749351087887,-0.03380956925287415,-0.011951655974478004,-0.014822096659309114,0.0036810660183710375,-0.021499067493768176,-0.0273972602739726,-0.011460556577469472,0.09236948521790445,-0.24287821710498214,0.020926736216466013,0.016897028081386045,0.002516036133074495,0.023560226687188823,-0.1549668936074644,0.054545475563070545,0.024258736723427043,0.0023199537747038423,0.0028850207415649365,-0.034308924913559635,-0.010405715091438061,0.004635080258071911,-0.0053048276892812,-0.014526941142032901,-0.018850621624264208,-0.03844643197473585,0.01707870832250924,-0.0171080638585831,-0.04098356194303132,-0.031971634372454316,-0.02355626376948794,-0.008008993721875801,-0.028111070593726972,-0.007154981379685399,-0.015244179235704869,-0.0404255603549637,-0.005069708491761693,0.00874278246124316,-0.012153913083241763,-0.0493827365700914,-0.004737784820316837,-0.014096905233877854,-0.011543304627488538,0.023809462537933257,-0.007546947200053111,-0.019651408472021292,-0.01960782480441492,-0.09333333333333338
2021-06-04,-0.018552858461900246,0.025443749993452114,-0.012919896386121454,0.01652890933552542,0.006369491751101686,0.03767664870754661,0.0069930559615649646,0.016220418785792834,-0.007092198581560294,0.0063371194781067786,0.011594247126924806,-0.0007358520065896546,0.028037252920950273,0.013215898165052309,-0.009391224641463358,0.004105666000306485,-0.04417666452792113,-0.007838093789623302,0.028368812874305815,0.020122536462057194,-0.014492739851898917,0.024313758401309782,0.004783033394565761,0.02121105850034688,0.0020613075909470258,0.0,0.11578947368421044,0.048033575747733925,-0.010484917759652879,0.038316121197947695,0.009752407574102007,0.013552008548285643,0.02814330338236304,-0.03789775885602087,-0.0174408876799248,0.027144689249400944,-0.004278709792952418,0.009501178501326812,0.014084507042253502,0.001973310669728612,0.0,-0.12585141648940323,0.05417275105302122,0.052870077142457506,0.02080862896507929,0.005754496777218732,0.3746081975630482,0.0028735604621976663,-0.050000015685433,0.003366645813256408,-0.014800303735284959,0.009766038523447929,0.016969700080519345,0.03781016925811964,0.023036024281382073,0.006027657821926935,0.02194516626745413,0.06255947818801721,-0.007750160095437275,-0.002900958235201756,0.03007283185662235,-0.02385314534924521,0.042801466751401396,0.002306628523246035,0.0009591205738277431,0.032217186001226805,0.01942614773199014,-0.03030302717621569,-0.015286624203821653,0.01870959643243686,0.019021979712046777,-0.04354466678226354,0.022672240626445017,-0.007149234701013918,-0.01051033134555468,0.11317830087760217,0.008024264855268859,0.023701059120484258,0.10000002384185791,0.02058825773351325
2021-06-07,0.08695652957733468,-0.006292844418123056,0.009162263537456639,0.013550122368818363,0.011392343532631743,0.19667166227522026,0.07291667701469495,0.020015127347290385,0.0071428571428571175,0.06297229299822082,0.02578789890637334,-0.03240055838404032,-0.03000006924976073,0.005590008308173244,-0.029357742599163683,0.04380840906743688,0.09243688219037338,0.007636627443842414,-0.013793068370599904,0.0523626291688728,0.03676467043408915,0.3560488909228099,-0.007820453703829777,0.06941238630062552,0.007624412746169096,0.0,-0.05974842767295596,-0.03265538225812814,0.003973474465339244,0.006342547971509793,-0.00998958715158249,-0.0036424622407885687,0.018556704060561646,0.0016468453658942117,0.01550112829057948,-0.003571659898490953,0.058317912964958696,0.06470590479233684,0.06944444444444442,0.004431322252805181,0.0,0.024118723566944222,-0.016666651213610217,0.0028694378089735295,-0.02011346865114516,0.0012714604465620116,-0.08209808773629268,0.002865326772472976,0.0886427094073039,-0.011219457523425125,-0.022976103773104217,-0.02117723517312098,0.0029796281628931,-0.0010301027083213787,0.00985134037800428,-0.0025606925929613222,-0.02362113251331832,0.04876489714854926,0.009349123260678605,0.05860347172358482,0.08543327292810021,-0.05075187447638663,0.07686564643185045,0.011507571185329413,-0.0001736072576491443,-0.00882963926774949,-0.007592711357845894,0.02362810336397403,0.018111254851228997,-0.011613782240501136,7.955851848628903e-05,0.046325870806689595,-0.01435897195127589,0.03690381249117336,-0.005439092935905165,-0.019498589113196463,-0.004767038474434715,-0.010713872486533327,-0.04545460949259217,0.10547549760635988
2021-06-08,0.1339130401611328,-0.022378515674488453,0.01815825620734368,0.04812835997278464,0.0058406884024844175,0.06068274401644702,-0.012945073711716715,-0.019870821421089424,0.06382978723404253,0.017772542194439245,-0.016759734271166393,0.20624048457685862,0.044986103793202004,-0.008029648577061677,0.08790155998373228,-0.015109146339315704,0.1192308432957152,0.015418794250588785,-0.017482516860694575,0.012268848754488637,0.028368852488815266,0.04856017249066791,-0.006168619029926936,0.042330663446380035,0.006605861612188679,0.0,-0.04682274247491636,-0.005034112565535764,0.034300822097464545,-0.0018394661756515607,-0.0029649233196779035,-0.01745460893054096,0.003978777714997772,0.015895035997474993,0.016835092161012977,0.01635443830450023,-0.011600861847218535,0.017679540777901126,0.0,0.00686280880465806,0.0,0.026449258411113563,-0.065324872930978,0.0028612959110974057,-0.0012050759816443213,0.022222235691101044,-0.002484528855874024,0.005714280264718097,-0.015267221419573263,-0.0014846170213971277,0.0043652315290581,0.0059624960931918825,0.00047554414299311176,0.0030934947422762704,-0.0005299409445599368,0.020669153552085318,-0.0005391282710570655,-0.115816470790995,-0.0008207256896801685,-0.014526689288830719,0.07134769194612844,0.051485097470232555,-0.02425500896848698,0.0068258362854178856,-0.010307889973024897,0.050963447850445265,0.006600410753089925,0.023082598921340125,0.008894536213468918,0.006694874264580264,0.0066718969231980285,0.06259539472870013,0.0023213072506118593,-0.008680672986263072,-0.008409853694674396,0.03267045743178487,0.018043178031770912,0.0018671108493855115,0.06666671964857551,0.015641252986820398
2021-06-09,0.006134963492337775,-0.00890633796875473,-0.0020382632115844013,0.007653053777012531,-0.006636244021636983,-0.023837992223519455,0.009836082660115597,-0.0020273192654203243,-0.00666666666666671,0.16763677214148998,0.0,-0.014511071947956422,-0.009865428652090724,-0.004981288000673323,0.005212983129516902,-0.018181800448205276,0.09621991860176937,-0.004889940263734904,-0.03202852289316038,0.013382745559783471,0.0034482724601392345,-0.1260097033410339,0.016551708352976924,-0.05207836295723056,-0.00835216078583123,0.0,0.0,0.005952403929229133,-0.043367365557468895,-0.011419935889114385,0.019809053264948195,-0.016199365996027004,-0.00709166810022599,-0.033045744812389644,-0.006337448767994802,-0.00722329370436281,-0.002934339302976041,-0.016829504053115785,0.0,-0.00730289772117354,-0.11397056599956501,-0.07094953174355301,0.0714016375528781,0.028530642330241163,-0.00043515481044353876,-0.0012422405259889802,-0.00435863618630028,-0.014204531985004043,0.054263577353216075,-0.00977066442819241,-0.022043932952157563,-0.003895185590977901,0.00023742619203037663,-0.006708897261698321,0.010761940961073524,0.005220349302289318,0.0008628531047853993,0.0038647701644860533,0.0010560471321463538,-0.02470116872991701,-0.010042311484748878,0.0,-0.00355112083409459,0.024858823655476092,0.0039114658210019915,-0.00749064989669368,-0.009761245623542747,-0.013100398079124442,0.0,-0.013436453035681972,0.0030772879970975,0.07758620099042357,-0.00023956859131479824,-0.01838875577434529,-0.009782246650498316,-0.02200823216394543,0.04143069340435135,-0.012300983929049103,-0.017857125751218117,0.05544147582572623
2021-06-10,-0.047256089250542144,0.0186410246857045,-0.030380359518434652,0.17215191355654658,0.010020866950849694,-0.024420002382439243,-0.016233725351285533,0.05942102816453487,0.06040268456375841,-0.08773676890198967,-0.008522705413586351,-0.10115236461472621,-0.019021913159217196,-0.02878590234701528,-0.056467803568259645,0.03124994136117354,0.012539172769758578,-0.031165183047254907,-0.01470584522894025,-0.0470930074508894,-0.010309268214748757,-0.048059134625441646,0.03833110874022472,0.01310481809976416,0.0037299103832948433,-0.028473389944693173,-0.01754385964912286,0.007396449871095889,-0.005333328247070335,0.007884562565371622,0.02826643732313383,-0.001683535754229526,0.008472810941275721,-0.022889281723422195,-0.004145535939680367,0.045516694131618296,0.012948753167641325,-0.010491470328775954,0.025974025974025983,0.012506183214732847,0.07053934930328842,-0.06458962292180881,0.022566973761447562,-0.0013869942897262177,0.006490548609244584,-0.001243785606875436,-0.05003128218799968,-0.01152736643320651,-0.012254832066831978,0.00568424272243373,-0.005445068600381298,0.005270433568206778,0.01042043328701725,0.007516776024509841,0.0404912317401791,0.02087684594544914,0.010217044417272447,-0.15096940802198877,-0.05403822227500665,-0.027369403080899857,0.008809445785370462,-0.007532949582686688,-0.00641485301003708,-0.009922906515335228,0.04305586858764898,0.028798450043020063,0.010008342818221383,-0.0051622436342194655,0.007556675062972307,-0.014307344622331852,-0.008023279308936093,-0.07866668701171875,0.026519626173691968,0.0,-0.002521920489412577,0.007032308433022605,-0.004166902864782496,0.007547870085757413,0.3545454338562395,0.00048639246797654856
2021-06-11,0.028799972534179652,-0.002478930766798282,0.028172714789906905,-0.12095030862589129,-0.0053741655744158345,0.03879855175181257,0.01980201343830945,0.025647163555049035,0.03164556962025311,-0.005464536310010759,0.0,-0.04131053598874124,0.050784943687476325,0.005154532657694499,0.002137318394371812,0.04377108305293942,0.05263160225698993,0.018019200575483563,0.014925334893879816,0.027281418651059486,0.006944437545759019,0.33203884645775417,0.030708873177581753,0.014262033519612416,0.010908765021587108,0.0,0.02857142857142847,-0.006754759101022079,0.018766738038833886,0.02577319683024326,0.015414147381068943,0.018411188380394794,0.00833210827730757,-0.006284517784414967,0.013208980797830394,-0.0009965635259145955,-0.02905287778028498,0.016741028782550682,0.0,0.008476591580541148,0.007751930820906638,0.027213649612320978,-0.0027586180588294873,-0.0027777752022684066,-0.0002948978531436275,-0.020547953800307828,-0.0006582801503453029,-0.00583089811581905,0.004962774165082395,-0.0028793500344693745,0.010547118049530235,0.0043970770811643245,0.0026148303793300798,0.007839092494312583,0.010718535302189691,-0.0008418265339896758,0.004331644742766594,0.03336040996353273,0.05080552984587117,0.004619997567007372,0.004763172818601946,0.015180251232560726,0.021520803174802428,-0.018930774099360725,0.014126060187815925,0.00579129876577289,0.002980034664161302,0.015567092024364682,-0.007499999999999951,0.015212788760331497,0.009832556977759088,0.02387843205449891,0.005991785116915338,0.025869801912821844,-0.0006849068449098494,0.01117317394007622,0.008720978879843244,0.007866308942799272,-0.02684561181007228,-0.00583368661473338
2021-06-14,-0.05443233498856892,0.016152686264351068,0.024327804903971684,0.007370941451077417,0.0012469113595772185,-0.003614425576119795,-0.006472536855858357,0.013320861945048001,-0.024539877300613466,-0.020879110284018898,0.0,0.004457683465575846,-0.06107205959425199,0.010897564758899136,0.03747712122923974,-0.0021505868122021488,0.03529408299799286,-0.019535832297758238,0.04411762918430462,-0.016375363101824636,0.037930997061532246,0.01797866086516331,-0.005705179149916195,0.005395713405461189,-0.00225331398465789,0.03848875126763707,-0.02777777777777779,0.034299227021862944,0.013157882353605599,-0.002010028673714803,0.015450417458474197,0.031415862225455005,0.008538792088239822,-0.009055788401593934,-0.00312097611321116,-0.009435128860595499,-0.02573299948452501,-0.021405016703957003,-0.025316455696202556,-0.00144086358004758,0.26538464712673515,-0.0003954222427764442,0.004495130028480343,-0.03481894233663896,0.002831974532514936,0.01462172770544412,-0.00592886368765122,0.008797645347408345,0.019753066651470697,-0.0010695023970170858,-0.0035851426953417143,0.006566669481052667,0.00958268424913844,0.0017702061704540917,0.028987921069949962,0.011067127216432215,0.010898389325921798,0.011596894653559398,0.01686321053907247,-0.017976685120098645,-0.0200158575664221,0.10093457410820528,0.10744391968311806,0.037457528812414154,0.028634000992864728,0.0326296415455396,0.0199822025422689,-0.010218981523800186,0.05415617128463479,-0.018421726384983184,0.02457780308531987,-0.004240245057237302,0.012995111002734205,0.06608681464819832,0.009066927742445108,0.027624349782459534,-0.00406081528783786,0.04112986355901338,0.03448272460139301,0.02885086213087673
2021-06-15,0.004934245096184675,-0.0028053982219841123,-0.012499999999999956,-0.009756088483765968,0.024491496423859838,-0.03627577399834225,-0.04560261395812637,-0.00945571590499994,-0.012578616352201255,-0.03142537100536036,-0.020057327574051542,0.0022189150854625694,0.015442193715081043,-0.026632922828011885,-0.024669636484987434,-0.06303879902803322,-0.1789772384761531,0.011634163690610988,0.07746486314459666,-0.027257859516871652,-0.00664451195677096,-0.12505970137567624,-0.021039264810452263,-0.016913333666268904,0.014975349928785464,0.0,0.0,-0.01172097921033588,-0.0012986691288804364,-0.007197419320315479,-0.003726196004001703,-0.004816141890509051,-0.0182302525391852,-0.02262858518701716,0.015574320730995073,-0.009442579780867155,-0.041154852684856746,-0.040381341359245315,-0.038961038961038974,-0.000721563075346765,-0.02431608651478412,-0.034414589224793346,0.01342517408742383,-0.03318903676345775,-0.00749138536167715,-0.037593989459583144,-0.025844952907828178,-0.002906973923522793,-0.0072639731179307,-0.01295502210604782,0.013113150399485907,-0.02308451200160644,-0.006530889407000973,-0.04364119891022422,-0.01524372034885435,-0.0002186996793457352,-0.01069714012171541,-0.009450018748454303,-0.057636565316258825,-0.036611329436564644,-0.013437248382213607,-0.07300506588893907,-0.09511730164645427,-0.008752986985917977,-0.019439754501173967,-0.0039030983767657235,-0.012599086971531559,0.012536818565050734,-0.02628434886499398,-0.0022409476006997053,-0.006437527198247084,-0.022711120749380864,-0.011453878459836475,0.025285482008772675,0.001410483696307585,-0.013440847293478053,-0.019860576316491185,-0.01689680562400664,0.34666665395100904,-0.00950573926980458
2021-06-16,0.009819957687141612,-0.011973089148379579,0.03696200213854817,-0.0517241480558257,0.024311198300264847,-0.005018815922963271,-0.0068259863341398885,0.003492379709363558,-0.01273885350318471,-0.006952503260689524,0.002923931926617218,0.016974135719466377,-0.0875575859149863,0.0013029599209057885,-0.018970018650948606,0.01782641657109818,0.0899653913583085,-0.005684075300760982,-0.06535947495140204,-0.04761900573770805,-0.030100305646238334,-0.03436983979207919,-0.0022793779521671498,-0.005459087293461229,-0.005503726233119788,0.014394158389960054,0.17500000000000004,0.01330630860669424,-0.018205444140945604,0.006175623703396749,-0.0003562127982509322,-0.006983164822437771,0.0025732993463307707,0.016028489556650927,-0.005697057002219674,-0.0007499578638213711,0.030108922316840925,0.00526009055390908,-0.013513513513513487,-0.002888060988885277,0.04361366505354103,-0.04956981122639936,0.03940216801525409,-0.005970143730110733,0.0011855485008489541,-0.022786403620379425,0.04149664069839587,-0.03790090726261208,0.05609756693252854,-0.007267662225800331,-0.0038277159064366018,-0.010616454531459874,-0.003652266071125454,-0.038913840814781664,-0.009353470950100085,0.0094941835711142,-0.010600129211990605,-0.014544950142402313,0.009475715269801732,0.008837970573165377,0.0029964754316240683,0.062271089782497624,-0.030833926021541558,-0.02980122976796762,0.015981114981476363,0.009703196429780458,-0.004646850530031443,-0.009468306740315513,0.041717791411042926,-0.020353691630016324,0.0039340293630296674,0.026143765047899725,-0.009732810909008238,0.006364354831516872,-0.00620786822670194,0.0,-0.018965782253883456,-0.005083454750954619,0.1930693606864755,0.0028790530471725084
2021-06-17,0.011345169199133087,0.0024820720248253103,0.01147463943380056,0.005194800369332064,0.01859174448530676,0.005044131490404835,0.0034365049505860057,-0.003712293574863579,-0.006451612903225823,0.029171529626889736,-0.023323593436006873,0.01306243168823129,-0.0707070378670468,-0.027976634107748866,-0.0018416419562297115,0.028248586352996652,-0.03809527629987697,-0.01183195127898351,-0.003496538940410465,-0.010428330825602017,0.058620631822367875,-0.2282486294569186,0.00554830547259666,0.024284812460227956,0.012716446803573644,0.0,-0.13373860182370823,-0.005138461645684211,-0.019867561798409983,0.03599591940739111,0.02445327881827053,0.026103783477690268,0.01116803195453775,-0.03856231066247251,-7.858064576704571e-05,0.0228986692177382,0.017412978107836707,0.016860406704374498,0.013698630136986356,0.002172342551893358,-0.0179104311903322,0.03017236347289365,0.026797375313785343,0.021021073052599926,-0.009098116751686702,0.017987931492461806,-0.017635561748105544,0.015151500920837613,0.025404188326233257,0.01147293586398268,-0.012874433591235634,0.005538128727788472,0.012697562065507872,-0.006699644260855009,0.014779172895192705,0.02166464377780497,0.01163717519528129,0.025710249782165295,-0.024747029251562247,-0.013578659705788199,-0.02688750331273615,-0.05517244157552914,0.03543012300439963,0.014789271993908448,0.024768240626733107,0.018665456173936557,0.002964226529154068,-0.04044117722539553,-0.010600706713780883,-0.011892847401726026,0.012600538236839487,0.02972399666612202,0.021138898427285335,0.022924941272569388,-0.006246820337607151,0.03678473778114544,0.035017291716701315,0.004014529872615524,0.012448120465286205,-0.03492820840001831
2021-06-18,-0.01762815075512969,-0.04434909871346848,-0.10330675229954511,0.025839831009891956,-0.005825227904088237,-0.04893348516339391,-0.0273972334300725,-0.035631085892611214,-0.00649350649350644,-0.03741495863086097,0.04477611940298498,-0.048710623446820756,-0.1576088667760852,0.004016151682686209,-0.00430513771966945,0.00494506312170917,-0.07590759777069966,-0.012780903460704818,-0.021052667272021153,-0.0460105329865792,-0.026058607637020947,-0.27964858986055685,-0.012982785636605931,-0.017700554078876385,-0.03057787358335462,0.0,0.03508771929824572,-0.03558100195299374,0.056756766335297026,-0.005237511746516432,0.0436956654424252,-0.02504937419613773,-0.0258626651319126,-0.03615933424817619,-0.027002611822068867,-0.019059889644523653,-0.028728621607228,-0.032018266053218,-0.027027027027026973,-0.02890175216062818,-0.042553151400872236,-0.045188282047866735,-0.08497772341854426,-0.030882357684798634,-0.01724791118180624,0.03534030532285626,-0.03656916171076241,-0.014925359325276832,-0.04054050135560294,-0.008750108688171832,-0.011396815848582431,-0.004130463658594263,-0.007847315109190234,0.004574772899101909,0.0258089848410612,-0.0006706583139327593,-0.01627873688203496,0.011913949565428128,-0.028874969482421853,0.005772583067739312,-0.020932178667932955,-0.007299263086460783,-0.022346344286564457,-0.07399082771464704,0.003746873814574281,-0.015420692378932288,-0.01736230515396342,-0.0176245583724034,-0.03214285714285714,-0.01435611770465417,-0.010091751059509657,-0.016494829413884915,-0.003361106325700969,-0.010046266956722727,-0.0007922193603130401,-0.03679371943440979,-0.017092532523403037,-0.044953224279337456,0.01229506995337748,-0.0029746884340818847
2021-06-21,0.0,0.013868717778730888,0.01965005416561838,-0.020151114138419857,-0.025000050291418274,-0.01978893098643897,0.0,0.01835301435241843,-0.0326797385620915,0.017667874953711138,0.01714281354631697,-0.08057226779663673,0.1600003322478749,0.021999912368942942,0.04725140362292235,0.015308844465894422,-0.13928566897401928,0.01621698672591343,-0.025089588419216713,0.015287533889817295,-0.043478299005443644,-0.0873984346560589,0.03551463101365204,0.005290125408248025,0.01163360570879246,0.0,0.01016949152542379,-0.003272853566021139,0.002557542261826473,0.01358000149966987,0.002541139773366563,0.012590597081586496,0.010422545551689977,0.03625456450345199,0.01488446740105398,0.016454961667885737,0.05223404355560746,-0.0005906809628809517,-0.02777777777777779,0.002728189761511457,0.0,-0.00306747133042673,-0.0052173780358355515,0.03186646939067295,0.021684965174101123,-0.012642204604063734,0.02967565990117338,-0.027272701657507614,0.061032802365112104,0.0030514251610540555,0.02049901198974924,-0.014345204218500829,0.0062151753032082535,0.012786095615449966,0.0031117039673658198,-0.009446804682075038,0.010241381669163552,0.031498551377411976,0.03938727587119839,0.0211922172773793,0.003135598344151891,0.011029401130226768,0.0014286397163891795,0.03631977135225095,0.005640033034134628,0.010134424661332853,0.007217902894195882,0.014040629748358402,-0.059040590405904037,0.0219214041048994,0.014104115334646616,-0.0775681745494522,0.0127232593437423,0.010148218670622988,0.005180718390500383,-0.025920881200281798,0.00887419787405519,0.0022835988295015763,-0.3238866648822275,0.05171551350641801
2021-06-22,-0.0032626395682111564,0.002931130659936887,-0.01795143310458247,0.00771207469941948,-0.001201874214632359,0.041722738888522626,0.010563285689916269,0.020867941814692426,-0.013513513513513487,0.006944456197760962,-0.008426945222445026,0.0139230201279954,0.0011122066032216438,0.00978476464337219,0.011206050420730307,0.04577277304461336,0.10373443613958577,0.015019481710682792,0.06985299858117577,0.03380605833499839,0.031468585975201524,-0.013363016890443835,-0.024769790165603767,0.084689978537702,0.007824560406430425,-0.025139664804469275,0.016778523489932917,-0.009253772337045274,-0.024234700704405254,0.019358984476481433,-0.009016862527734482,0.005733857654067309,0.01777249847978779,0.0199273113792231,0.004809118177677485,-0.011168453903404707,-0.004186584790605186,0.0650118425833166,0.0,-0.011872360588997544,-0.06349207670750456,0.05494505494505497,0.028671317618425896,0.016176419645858697,0.004582146542003063,-0.0032011039703847555,0.039544245949792556,-0.018691570737231822,-0.013274323679807187,-0.0028248819387680646,0.00608613325747398,-0.007539947510417089,0.009321633570472887,0.00438112931047363,0.014788076160173746,0.01490466106187549,-0.00034439091238480657,0.025941240884889805,0.01263153737543532,0.0056203440542066385,-0.03267967479569034,0.0018182234330610392,-0.05563476467726214,-0.011682271751022433,0.01941289597464957,-0.008391105920918185,0.00836065628341176,-0.007692356431594605,-0.09411764705882353,0.013964889626955967,0.012698288596802332,0.014393980060837253,0.014455372229905672,-0.008500710327822625,0.0026821533787864116,0.007002827964963876,0.030253209124579294,-0.0059495457540316155,0.14970060264937302,0.0023641203456747917
2021-06-23,0.021276535967763577,0.015437539930210686,-0.0005376467030505649,0.056122394364757966,0.012434795914463947,-0.009043888487622831,0.0452962089284521,0.0018583468634725264,0.06849315068493156,-0.0011494515788132986,-0.011331380165065075,0.09127626041964287,-0.0022222399711608887,0.0006459724003824441,0.03382935437030965,-0.0041194605248077165,-0.05263161668675442,-0.009512500957580161,0.013745669029710639,0.013813204717119554,0.013559308883548837,0.0462754872430986,0.04168025805291187,-0.008338317616695567,0.0028227840148193906,0.0,0.0033003300330032292,0.014763534159127012,0.04575162095024243,0.0008075758312260373,0.005073552044984053,2.1696400096749002e-05,0.008149098803832855,0.013124485409743647,0.004825832035871613,0.001835566323080906,0.020420430052712657,0.02164258489130133,0.17142857142857149,-0.0022528197964737373,0.010169481662661628,0.03250002861022949,0.020394302512364515,-0.013024555389019032,-0.007029455693531306,0.019910226215196003,0.0915538398026392,0.019047600305720724,0.01345290185344239,-0.016016574855683197,0.00011867693719747052,0.016431234605188916,0.0004888471986070897,-0.013487866052648512,-0.002622728647023953,-0.0004621896804161141,0.004758538274653112,0.013003950948316856,0.022502189590601906,-0.013757530660009065,-0.005287905415233829,0.05989109074375176,0.06646507640921051,0.02127664874442381,0.018445189213039948,0.0031270569569710194,0.0032573614525130967,-0.0007752095706510254,0.01298701298701288,0.004685529314564452,-0.0020896301839721243,-0.020911178451547774,-0.007758828246975158,-0.021044503191261388,-0.002674978675693329,0.031988875833528274,0.017808587636610973,0.008277391653791044,0.11979174136649995,-0.006603834526355823
2021-06-24,0.03365385350155914,0.020369190702757667,0.03227543714604009,-0.01690813939171476,-0.05348654491726723,0.04693606950408191,0.016666624281141518,0.05610939274319526,-0.0064102564102563875,0.023014974625751305,-0.0229227225438543,0.01702439217910845,0.044543487718857744,0.03163330762533234,-0.009309177640597799,-0.002068299649004457,0.019841251069335764,0.009870586257442637,-0.016949152542372836,0.03281120526048498,-0.020066870430825556,0.060409863893089666,0.07158483978003072,-0.01681709282876609,0.020645462726513797,0.0,0.03289473684210531,0.0406769275377421,0.03750002384185791,0.006983889282835998,0.007634550915116778,0.007077085777489778,0.010935980315001537,-0.008980073706180813,0.00747931133883184,0.019098093797398796,0.0005885949980315441,-0.02770234834920582,-0.03658536585365857,0.0037631136197897597,0.10067112429400504,-0.05205814688385191,-0.021652218808083767,-0.010263954530711494,0.014933999548013555,0.011334986684798709,0.04489073923108511,0.07165109543308845,0.04203541106686304,-0.0018823848249471808,-0.0033997154558491616,0.025551733759304085,0.006182972337091197,0.018501236824779888,0.007018145053285574,-0.015622946391951387,0.007285799494969325,0.044501453608541075,-0.0095682698949624,0.012641664896125393,0.020377986245459168,-0.03424662343778684,0.02903683099045673,0.005786807242933012,0.006282787143099489,0.029525138080850777,0.017709434303379012,0.013188570158581436,0.06837606837606836,0.02501408408183381,-0.0021690338858955105,-0.04805492989620663,0.015188002048578397,-0.024681452220210343,0.011044483533371396,0.0,0.029486556989645862,0.02626910923901371,0.13953485535311794,0.04463440445845013
2021-06-25,0.009302390913331626,-0.014971697340846468,0.10161536223670464,-0.0343980587222007,-0.048974470748664345,0.0037360756716249277,-0.04590164959606935,-0.009001094495705853,0.02580645161290329,0.038245236402166816,0.03812325835569763,-0.07933043455205135,-0.040511763173191495,-0.006883648330081593,0.004271245318427042,-0.020207223060379587,0.01167314092180427,0.011227030569274099,-0.02413791349564476,-0.028986837907991725,0.02047779570392505,-0.04069172142775235,0.034714191475553546,-0.017726627786134985,0.00620644913726931,0.0,-0.0286624203821656,0.01626247381544932,0.01686739595557074,0.0049183464432742685,0.010806113623742952,0.014965456902369167,-0.004501882264469348,0.0016340823685558892,0.00941664751829041,-0.0039035846426183074,0.007647009456858811,0.011173227217972093,-0.03797468354430378,0.01399653578564708,0.0,0.05065987848670672,-0.04494387349180973,-0.04592591744882091,0.0005093736957726414,-0.006226672680235801,-0.006218236689127465,-0.01744184354113687,0.006369370005991248,0.021965868319730353,0.0059895855412264165,0.007118716092956223,-0.0012290135306106675,-0.0070832300449448216,0.002420992901573271,-0.013806561613952328,-0.016721337168010164,-0.011743829246585569,0.010989055536023695,-0.01549729615360007,-0.025180866891352904,0.02659576221956539,-0.026840956297558893,-0.011507449932386282,-0.0004344192707090855,0.0028502164250545636,-0.0019575709356383086,0.01914238080414865,-0.046666666666666634,-0.002619639385137873,-0.0022489399168096336,-0.031249952239866263,-0.0019257129121423855,-0.0155102106285393,0.00790664984359224,0.044474382791499734,0.002222194593139104,-0.00726063181944181,0.01632651472429325,-0.008181832053444582
2021-06-28,-0.016897101328258834,0.035244923595140865,0.016792878894726693,0.030534382172842545,-0.004841492355955879,0.013647599373509456,0.024054988448851455,0.018165700175269972,-0.012578616352201255,0.023835313639677835,-0.06779665035111382,-0.015019730127499797,-0.03333324193954468,0.01827347913369115,-0.01190821407957765,0.0047593946755217775,-0.03461535287326489,-0.006400181287813167,0.053003532616290094,0.044085068456542365,-0.010033435215412778,-0.012725332097096365,-0.0890893639317859,0.05667250173856475,0.01873197591468534,0.04595990987083631,-0.013114754098360604,0.026108936919234438,-0.013033135325375311,0.0002749762238287712,0.016629792613843675,0.0035474580271619427,0.024095757187066358,-0.010677503439504465,-0.009444871585239767,0.010634556034677889,-0.08756562287295266,0.032044194004539506,0.026315789473684292,0.0007394325738854235,-0.02134144324798215,-0.01580224411774611,-0.0046345513120314985,-0.013975178849103154,0.03227261565319606,-0.005012483191869088,0.04550621390969267,0.017751461759777376,0.11603380111664396,-0.0071646074949108796,0.007767630068186593,0.020700078672276634,0.012161719698670526,0.02456557837848461,0.01576788992149125,0.012474089136242261,0.022933689761279075,0.019621391422576462,-0.01063066622875719,-0.006996219002946336,0.017220843560036725,-0.010362684486156515,0.06647802431285088,0.017462150028985546,0.018810160438392787,0.040852611274514894,0.015038295762909382,-0.02329070831347846,0.03076923076923066,-0.005805891487518977,0.01254636230853623,0.020678246223718055,0.017364289789734144,0.0016583334691051554,-0.007483237005871501,-0.025806427001953125,0.01650654669985907,0.01214828025117587,-0.0361445437046628,0.0792850397081668
2021-06-29,-0.00937499091960503,0.0065958694770698045,0.02302856071451176,-0.014814858857385205,0.03847850103491157,-0.00856789402332192,0.0067114566479797855,-0.004351626782495344,-0.04458598726114649,0.0010581579856514534,-0.009090885971531737,-0.07223110881018258,-0.02229908206183795,-0.003712812476939442,-0.02123377455722386,0.017894744873046875,0.13545813364985704,-0.0022347596901184374,0.02348991541698342,-0.027972060086428163,0.006756750225933805,-0.0687433205668001,0.16620237399073168,-0.012883904274929803,-0.011297468994329374,0.0,-0.0033222591362126463,-0.00027355189444344674,0.00840332478575534,0.007889153219646783,-0.005277991840051954,0.005366068989460349,-0.003361367048251185,-0.0061462137683016005,0.007776635108109664,-0.014030170331211345,-0.00895715561725452,-0.02087791131033212,-0.02564102564102566,-0.013793043833504104,0.04361366505354103,-0.0411692038826047,-0.044054424744815246,0.00787404590327423,0.016940778542413826,-0.014483679443960895,-0.006528777876166125,-0.01744184354113687,-0.011342144274519739,0.0010933574800140455,-0.0021517605918812688,0.00857375669649274,0.0036186102435582512,5.620622062352254e-05,0.0033118414528854334,0.0012340341405479016,0.009200584030329306,0.010434998790685546,-0.007002315806266646,0.013650715196368735,-0.010215951292125713,-0.04188485988768442,0.07712053219028925,-0.0034323225442829397,0.007818089491392843,0.0027302336150849538,0.020755628893652567,0.0007692463823243401,0.031207598371777445,-0.0015294857223600022,0.011500214585657309,-0.044570517336624205,0.009117432125102853,-0.004138969880482568,0.00681177653434939,-0.005298008058610915,-0.006301492866288005,0.016901432552657747,0.020833312637276835,0.0021231909141845584
2021-06-30,0.06624606722170312,0.0033823155325871657,-0.0973169355126201,0.005012586290047416,-0.032367983121751376,0.18641965482642786,-0.023333337571885826,-0.00764856833389338,0.006666666666666599,-0.020084556436922085,0.030581039041850833,0.019031081779302017,0.02280767221622715,0.008074534379319154,-0.06625625490947884,0.05274045758614876,-0.08771930118089977,0.005401792153786111,0.019672164500085465,0.001274923893644031,-0.03355701476259032,0.0,-0.09766455083256176,-0.04234331372547662,-0.016566445259236562,0.0,0.040000000000000036,-0.002189431555834731,-0.0035713969444727267,-0.004609181324733869,-0.017983727378114378,-0.018109128223954274,-0.011969185022130069,-0.0015082556720751317,-0.006204319317887674,-0.00293731695304289,0.020658531518844336,-0.009294700261585187,-0.03947368421052633,0.001997952410795145,-0.0029850718650553665,-0.0030056504689178754,-0.0003746807299264132,-0.006249993946403354,-0.012256104454988037,-0.007667691917309982,-0.04764517132137369,0.005917153919925866,0.04206496929050196,-0.0022935680436019235,-0.004822996517214184,0.0009809822905453291,-0.0015775441871680451,-0.006064019056950309,-0.008649996363203516,-0.0023143032508132766,-0.0006498084414316985,0.020520396147319264,0.05775075987841949,-0.003040838500789178,-0.06015921608252073,-0.001821448535805903,0.04451409016798369,0.00688859035071121,-0.015925433314908366,-0.007317830047740559,0.002173576264481225,0.006149133468271062,-0.013157894736842146,-0.01058340805840885,0.004620907480304526,-0.05258692854665936,-0.011058899254056453,0.012468756650395818,-0.0013944571822835927,-0.06790948246852047,0.005934986641736639,-0.011682576513105336,0.0,0.0
2021-07-01,-0.044378724937482183,-0.031249742186839735,0.04937025306816478,0.04987526130912601,-0.05457745636415179,-0.1040582763502158,-0.04436863993347928,0.020920518963480905,0.0066225165562914245,0.020496213799725993,0.011869368015609227,-0.016128997002564316,-0.01528735673999293,0.004929111579856649,0.06750393593532067,-0.05746562088505469,-0.03461535287326489,0.0073385559678242895,0.012861703204623653,0.00291041112965984,0.024305531410156345,-0.04844291494787134,-0.014999950633329484,-0.026782863194554474,0.02526849553979771,0.0,0.10897435897435903,0.007953947416604601,0.008363165565269615,-0.002027537145244729,0.02701589249001346,0.0013373501218953976,-0.0047521362135602985,0.021147944755871784,0.0031993657785756024,0.013027859202383363,0.029095510812018333,0.005518679331657506,-0.013698630136986356,-0.0009969367371615023,-0.04191612876745088,-0.056847533757894975,0.0014992131829529853,0.009433953069178047,0.004778238198148266,0.07469400096205137,0.02300181368131682,0.044117603747491074,0.005504625845554889,-0.0021893481289859684,0.01654859734332348,-0.02678424878307295,0.0003952301877718778,0.011015686934685798,-0.0015539139350541076,-0.0020900020900020966,-0.015099322539901205,-0.04415819257644049,0.045632197939116326,0.002614012930209686,0.06620642131911803,0.04379557851876448,-0.045018010802790887,-0.03192710449983016,-0.008216799765794036,-0.016115253085946968,-0.014902479498413834,-0.005347595293902829,-0.033333333333333326,0.011259611372296696,0.002263775799605794,0.00268574151891543,0.0008038689202951588,-0.027914630482671732,0.0034134615302312543,0.019999980926513672,0.012365624648721374,0.005849518907233842,-0.05306127016765694,-0.014830524398827594
2021-07-02,-0.006191944522728088,0.0015220889329887743,-0.00023999811737451804,-0.07363419001677429,-0.02560517917977967,-0.06852488065502027,-0.02142849519949841,0.0012941664754928528,-0.046052631578947345,-0.04651161852918684,-0.029325514508715123,-0.056945628880318844,0.01097216557972569,0.0006130995168180942,-0.050000048114906104,-0.005211067154075932,0.011952179881974168,0.001691131114519795,0.06349206349206349,-0.009159286638097841,0.010169481662661628,0.05575758038145118,-0.005673407939194464,0.0029311236870710466,-0.0025884436190674043,-0.03243479087425449,0.1502890173410405,-0.005986427774234748,-0.005924080514975172,0.01164096891108235,0.012168669796372988,-0.0007322854438273074,0.0038332964643195133,-0.010354985712147546,-0.005406064405124256,0.008417281815545463,0.012907134515318885,-0.0016464753253249143,-0.05555555555555558,-0.005738606447751815,-0.006249993946403354,-0.03242005008401483,-0.01908683540373224,-0.023364500558389678,0.014886625727231761,-0.015578058289805297,-0.023608772044939275,0.0,-0.014598526172921567,-0.0031815788334902395,0.0,-0.020641023516348778,0.011478707974451607,-0.009331162527545067,0.014263039580735937,0.022723749230608936,-0.003129936690582369,-0.0050872944384752206,0.003957355232723003,-0.0008688340723639332,-0.0235432386061738,-0.012237709334229407,-0.07353862244460463,-0.0035334540048118646,0.004511337126571036,0.0005227543679231506,0.012642167692458628,-0.009984734137340467,0.009655172413793212,-0.006680525229404766,0.019595944901970697,-0.04910716072333132,0.007376103261879763,-0.02111482735051695,-0.004482313479415745,-0.016806706975212804,0.010019138048976473,0.011993978348672885,0.02586214781232954,-0.01032257080078125
2021-07-06,-0.035825547716544226,-0.009988394272975931,-0.012725151850590644,-0.020512861581634567,0.01242237100290633,-0.003740733782186534,-0.010948923316814185,-0.004954751213027797,-0.01379310344827589,-0.02660751395286165,-0.015105740877629392,-0.005489516737550937,0.016049031812592984,0.02022071759477906,0.012383865804987737,-0.031953934283697194,0.37401577242176587,-0.010649346686028793,0.04179101441036992,-0.007596575277564077,-0.0805369154364508,-0.04707231292955716,0.021321294316501982,-0.008442936458440964,-0.006656808397750291,-0.018912862294704014,0.01005025125628145,-0.016698621153452553,-0.042908295067958124,0.007870366344280288,0.02071182496522672,0.017095231874953765,0.004756362655172985,-0.03916292636010088,-0.0008995005202659945,-0.031241489552385038,-0.015169903333994594,-0.002199060712090084,0.0,-0.011794163713985562,0.0,-0.02218033076250825,-0.04311328501480327,-0.006379579262313917,0.008167524400101822,-0.03895327533345716,0.010938319949866493,0.05352114359790017,-0.033333389258678014,-0.002751485783850205,-0.013449795834251987,-0.03015778959772597,0.004321918263572977,-0.018217685684958296,0.006457951072460721,0.04692710742205475,0.010914722704471025,0.007739074716109906,-0.06930911753143443,-0.002609962066204563,-0.001506908878863067,-0.02300886942418079,0.04681136854971002,-0.02836886499256508,0.0012886930399877983,0.0013931705484842016,-0.009748784854012538,-0.027928545674450356,0.001366120218579292,-0.02325912285590981,0.01471859770695727,-0.03286379721426802,0.0052921249428652395,0.031924107611062125,-0.012336553730545763,-0.02991453542985001,0.006481442507055846,-0.00299292658769168,-0.075630276513447,0.03563666608725047
2021-07-07,-0.033925692440343935,-0.013964082907026998,0.03404673059933705,-0.05497383293635394,0.006606861072203429,-0.10137671664365833,-0.04428045860355567,-0.0123403271654271,-0.0699300699300699,-0.06719819466628862,0.05828225812302379,-0.04691814482531664,0.026136237076553215,0.012612580717098254,-0.04006114323114063,-0.009740276495374789,-0.1690544162054679,0.0024941249756511574,0.07163323991028947,-0.006271329920334967,-0.032846683889073414,-0.09036144370661714,-0.019994017172531908,0.014900930931054823,0.006928631153301668,0.004271069586896825,0.02487562189054726,-0.018652511222134738,-0.004981315464904323,0.017368156533475343,0.01554907677356665,-0.0460364805077369,-0.0060007327713378356,-0.03655874356750388,0.019766102731708868,0.012486129634932785,-0.02094881136803317,-0.08374658345512165,-0.05882352941176472,0.002793311512645502,0.006289302046118772,-0.027027002147700374,0.062200935832852355,0.0064205396036221,0.0042253126320970225,-0.03799867479523411,-0.08485192576503309,0.005347588469388986,-0.04406130810688058,0.002538304006067804,0.018229584555804257,-0.032862168383585466,0.002109820070751889,-0.0021830577745924895,0.014860101783199964,0.005669564076709488,-0.007902402768187322,-0.03867253874739929,-0.016352933995864016,-0.0013084457461106647,-0.011168208109058164,-0.016304375525157955,-0.03434881351587038,0.0012164199451594193,-0.008404294094912501,-0.014260790022419312,-0.008641069958788883,-0.008778997169600178,-0.04229195088676674,-0.01664031054295656,0.01795498963394704,-0.025242740200695613,0.0031009442579383872,-0.015050274691955079,0.01781381000164317,-0.01908959112088593,0.00918840701105017,-0.008285363309054272,0.08636366050105404,0.03608898921967829
2021-07-08,-0.016722392025687927,-0.017350107970640516,-0.03927568122444958,-0.019390563788628468,-0.00046883398582298064,-0.0013927231592972822,-0.02702703200289225,-0.016659323527559833,0.04511278195488733,0.019536001147669513,0.008695630059726067,0.00482627339689512,0.006644631559487024,0.0011861314051950789,-0.00414137904677192,-0.014207559146049764,0.03448272460139301,-0.024747928789789486,0.0026738240634374133,-0.031368884022440535,0.045282974053041825,0.1920529500177408,0.043804350562991035,-0.0356566489318324,-0.016356399663150945,0.005747126436781658,-0.009708737864077666,-0.018723399926584672,-0.016270293032257133,-0.011354635704192595,0.00034448359001193474,0.01986312772733756,-0.012476479380719163,0.020668211415616033,0.004835854642484705,0.0074646492158205735,0.022655736242858104,0.0030066835196926878,0.0,0.009622619328101267,-0.015624984866008385,0.05257933898637668,0.006756768367109034,-0.03604463043713191,-0.012457691858503428,-0.015799856980050153,-0.018046046506549063,-0.045212786363065915,-0.020040061967810496,-0.011008366802221947,-0.010533562909751715,-0.029959726992712876,-0.006039583712367902,-0.017387323565037804,0.0002971303794805369,0.009422227593882448,0.002044560938991191,0.009843061668390218,-0.022126521476093064,-0.007423508028323922,-0.021062230221649547,-0.02209942713677715,-0.0033555163080414285,0.018226051433166246,-0.0090661110271818,-0.006181593907489069,-0.012002534518264496,-0.008051468790554184,0.02136752136752129,-0.009044532734942545,-0.009199477502360942,0.009960197395386228,-0.012868500836655472,0.0042445401993409515,-0.029463706080832264,0.011976108173510136,-0.007937467286905364,-0.01804079908745948,-0.016736484734677592,-0.03037667005982614
2021-07-09,0.04081628681073313,0.017882971421972815,0.04773563857474317,0.05932204531353924,0.0014071616826893951,0.05578801828607305,0.03174606478463571,0.014266593422666007,0.03597122302158273,-0.0023951883341224445,0.0028736290520334773,0.040345829245939546,0.025852482161687007,0.013625722332405887,0.010556605340920067,0.039911268116110676,0.0,0.0174542879131363,0.2639999728732638,0.036792145605422766,-0.04332125862287706,0.0011111365424261166,-0.007185972791636797,0.017400048645846322,0.003669716342516116,-0.008685738699776735,-0.05392156862745101,0.01850243963067899,0.033078848298750074,0.010414196078360805,-0.0038647347508153906,0.0038124223763422727,0.014264386575537191,0.048410228253938925,-0.025859185059985967,0.01686153274948543,0.006769268329327005,0.01858509953661036,0.015625,0.00401303866813385,0.0,-0.03251643020905959,0.06599554354600712,0.03077429942453702,0.01461535495846733,-0.012709006039670734,0.022813666842151692,0.008356538191369944,-0.012269927283794058,0.00445237691656275,0.01614400727040044,0.03107325882587575,0.006243517440568391,-0.0017577960682980676,-0.002392956808021096,-0.003234704202571881,0.02057410933011128,0.009323402618399923,0.061276839235989256,-0.0070391094603246,0.027440008621429923,0.007532949582686577,0.02020191738444721,0.0083530554061364,0.018363589690334026,0.012973302947677956,0.022705936823711914,0.028409100566969547,0.012552301255230214,0.024289732348980797,0.013055006870022812,0.012820523672518735,0.008666538945195423,0.021978044345758008,0.0042148633524439205,0.025147868890665226,0.0042749983632275335,0.016399592854356326,0.004255315263436366,-0.022556428716830057
2021-07-12,-0.00326797080073582,0.014084782193216183,0.027803795855581015,-0.007999992370605447,0.010304417303216296,-0.014531060900922377,-0.007692361301217643,-0.00021974333040009064,-0.0625,-0.020408172611160347,0.008595966302124447,-0.010156939746275073,0.02520120452914565,0.0005845652080938013,-0.03165556533190805,0.005330510674289357,-0.009999990463256836,0.020849852949408332,0.19409287409170228,-0.0013862076254321787,-0.003773581171086837,-0.12208660971435281,-0.03387382607499023,-0.002302305561321605,0.020566680542952964,0.0,0.002590673575129543,0.005109290590821214,0.002463110596742979,-0.022547849777061257,0.0004993849710679399,0.002278905335712178,0.0002009187669969048,0.01478801981601685,0.010547578983483463,0.024984427126005126,-0.03422985322276617,-0.0017657849940944104,-0.01538461538461533,-0.006245316203439377,0.006349200101906982,-0.0019484127710411858,0.0612102130346297,-0.009630809405433038,0.0006755064180909987,-0.010162567009855183,-0.000619592890954479,0.11602212419105618,-0.031055920856482455,0.010305854689621752,-0.011358953454586374,-0.0009130717447056735,0.0039057797886223877,0.010154434676940438,-0.0071132965971361095,-0.00021234814297532711,0.011599834602953774,0.0005597914532577963,0.016480354506156925,0.030571633204010906,-0.0030349707588122055,0.018691571292548614,0.015841708059395776,-0.02011815024721142,-0.018630566023101647,0.005789503638957028,0.00735349146282771,0.009471163439991326,0.012396694214876103,-0.0017246729437203623,-0.0042034903678715985,-0.05647525331334491,-0.005559597635097058,0.013234066416186296,-0.008660047103841384,0.01154406962841037,-0.013629580050184886,0.0007279929712098454,-0.012711852848854677,0.06880344600846122
2021-07-13,-0.004917989088558561,-0.0037284706005775714,-0.0038645596080028044,-0.002688169458695655,0.08020396693150844,-0.08579086638243083,-0.015503861641813277,-0.012969886366638095,0.0,-0.01838230653617534,-0.031250064345921924,-0.09328357976591384,0.04079493940115597,0.017523148800131727,-0.023210232045276724,-0.033404085245334,0.6026936643193275,-0.03839194929253542,-0.2614841032266947,0.03498055584581361,0.026515125174716214,-0.0847029189909716,-0.015882493145376375,-0.035437576661773273,-0.01869697253232694,0.0,0.03100775193798455,-0.004236134609581721,-0.01597052935600396,0.005041840375969109,0.0038393612562659385,-0.006106256109162156,-0.008838265514512833,-0.04148690789960985,-0.02448377772420196,-0.0007154916280074364,0.004430360378430143,-0.04540086037622448,-0.046875,-0.01558569509578367,-0.02208207254783867,-0.03611516736868081,-0.03724459665234536,-0.0194489277269444,-0.02641850230566134,-0.004791328868676614,-0.03967758356771178,-0.06683167907820298,-0.023504201006839698,0.009323225745227814,-0.00015539557226784684,0.015904878425728075,0.0,0.008425316076805078,0.008013991104243168,-0.011076947823728367,-0.0035821700080609364,0.0037767584085621753,-0.01383212736418249,-0.006878912756338784,-0.02922371777974153,0.0018349044462047104,-0.028590047153717824,-0.03381638608299564,0.014554364965596367,-0.0097680600167932,-0.009054606739794746,-0.02580138541609478,-0.013605442176870763,-0.010077698783020339,0.00788905197509604,-0.026831711709654704,-7.25659416682678e-05,0.014693825817621242,-0.010289929243999185,-0.0156918872928411,-0.008274979356502898,-0.006788684785531185,-0.07725314773930059,0.009596152295952676
2021-07-14,-0.02800660156281609,-0.0046959688100260966,0.010725723961121814,-0.03504046175316189,-0.041201678794293706,-0.02199414832725599,-0.019685052181129592,-0.009576843887810216,-0.014814814814814836,-0.017478154985128946,-0.038123146487737625,-0.033950608502084756,-0.05527636619599241,-0.02927678012595014,-0.001338655055353688,-0.027975877218221368,0.0252100587791928,-0.026347615278316527,0.01435403030670468,0.019313338097612043,-0.00738006665866664,-0.05801099623404016,-0.013702824629980737,-0.03195486871594311,-0.004106884631895902,0.02271156639635996,0.1278195488721805,-0.003686819614468928,0.011235973784791575,0.016775902594623915,0.0012239246335083998,0.001002029972097418,-0.012362461143348491,-0.03428484594149228,-0.00011939984891229383,-0.011379198755886222,-0.015122859032692948,-0.04508959060100093,-0.032786885245901676,0.00791627616187296,0.01935489775611199,-0.02835440333885486,-0.027730211959265616,-0.003305781867105062,-0.006521458154853721,-0.018569459685659595,-0.047772742546964286,0.03183027177315001,-0.019693686916246178,0.010649895595355119,0.004581247719960491,-0.017635311435705625,0.0017933998218271352,-0.009622576430881824,0.0063139572280772605,0.0011747744165069296,-0.0049997847740558266,-0.09239134551724038,-0.051506129961266245,-0.005194573591013163,-0.042332972717437745,-0.001831543738455732,-0.010702338443341564,-0.0275000706300218,-0.026611346142565107,-0.013387490376500222,0.01820400297597402,-0.008828317394996454,-0.01379310344827589,-0.012798209067373167,0.02410051149215886,-0.04878049027151099,0.008059835902649581,-0.000804407729722123,0.0009206440158049389,-0.04347828791136965,0.005748971837945094,0.0006103140426920728,-0.11627912005583652,0.009504941430422242
2021-07-15,-0.016949136104436047,-0.018061100385558193,-0.018514330049081984,-0.00558658697003811,0.008057309934929924,-0.013493276095717488,-0.016064242159236186,-0.035304691965992174,-0.015037593984962405,0.01651839811801814,0.015243902793602881,0.013844527123298978,-0.0056383457732666065,0.040804248712946745,-0.01977210458751244,-0.03329572096220357,0.030737723739708622,-0.003589702266118766,-0.0660376894498067,-0.05307020220840186,-0.03717477357769139,-0.002932548449136152,-0.0033961288182894345,-0.050132393223158545,-0.006759260926055499,-0.014767191659491807,-0.020000000000000018,-0.022203318254438886,-0.033333388277530074,-0.0021750625424585834,0.01612041118642127,-0.010425218154324067,-0.013885090949756651,-0.02216878569709857,0.0205456794483434,-0.021083648116371312,0.010876524315369451,-0.016170763220125117,-0.03389830508474578,0.004813747677548275,0.02848098472302807,0.004168833844693021,0.0031690194998865717,-0.02321730322579929,-0.01418496873177344,0.06447093462574549,-0.008813567080740214,-0.017994902255433542,-0.004464281437804529,0.006666696199806754,0.0001929364983279669,0.010075096146101137,-0.00702354817330797,-0.021177561590891125,-0.004369091708720685,-0.013711143174944485,-0.008824997248569444,-0.03730997236760403,0.002303059895833348,0.02262822054787783,-0.04616901481636371,0.007339442798699913,-0.03380662832404446,-0.0025706331588449816,0.0009754219902982086,-0.00553468618580133,-0.01593065426199347,-0.02024287470502617,-0.006993006993006978,-0.002357042415861099,-0.0044920153821591535,0.056856104796577656,-0.00921990032712483,-0.00563616276557477,-0.009413672026747477,-0.019696987321116577,0.010241353802029174,-0.024762343583039192,0.031578980390385425,-0.2432325975387346
2021-07-16,-0.044827624195111215,-0.037687661505906966,-0.03979754988855155,0.06179776183885566,0.12833034329056248,-0.004559229987694979,-0.016326515253891172,-0.01981357246119453,0.007633587786259444,0.03250002861022949,-0.003002957249614635,-0.008403453102266312,-0.010377598345277517,-0.040340733044048616,-0.018803438689085183,-0.02860477496347036,0.4115307372726906,-0.005126716455241764,0.037878786905750195,0.000926411360285373,0.015444093280765792,0.06029409351645931,0.009603512546903836,0.018398027104695958,0.00288347760049823,-0.047940530529231196,-0.009070294784580546,-0.014847113367921438,-0.02937420451016093,-0.011909537779222212,-0.01710521726679981,0.009721293599949776,-0.01262400941393238,-0.02037116627133928,-0.013760114312182048,-0.008975417372174,-0.012025350111643296,-0.003944800753860389,0.0,-0.0002521008969155192,0.0,-0.057602521223830916,-0.03229203522937896,-0.02546690980774724,-0.008208599111064974,0.10664915681283516,-0.05608753086476925,-0.034031381752402834,-0.00896860123562837,-0.005874845499060699,-0.018816842614923335,-0.02702216146566916,-0.008099405828047357,0.013552060775399388,-0.00011549124204834893,-0.01585423166667732,-0.01942023606213472,-0.018819781925252244,-0.024186720775793757,-0.021276601954072882,-0.006522438454611534,0.001821535391393958,-0.019594094412733853,-0.023195868239576645,0.002671582884131274,-0.031059201408071724,-0.012370906410731353,-0.029752093387210965,-0.008450704225352101,0.013290040012636117,-0.014075962421305488,-0.024261556259745465,0.0008723745149052942,0.007287424069509996,0.01589294480016834,-0.032457429384799674,0.003104099356121104,-0.02101328516583556,-0.02551024007777314,-0.08035256976901006
2021-07-19,0.04873645898658152,0.003432513410074556,-0.04168667006461679,0.021164001140624666,-0.05312870482394816,-0.012213801253987078,0.024896241751558135,-0.015695597131674233,0.06818181818181812,0.08111380844170313,-0.009036121390558205,0.010593261219791872,-0.10162173604163949,-0.008288907617131303,-0.0031360010457643916,-0.012620137750924076,-0.42253521694311247,-0.02033435448205656,0.3844281648280836,-0.014622876320492417,-0.01520920096237699,-0.016643534663548065,-0.05676589054335501,0.001277366711656347,-0.008740813172282924,0.0,-0.10297482837528604,0.0035460677111016636,0.015789458824326585,0.003632075371003296,0.00527815758578587,0.007819736039096359,0.0007025217870475498,-0.02247187423762531,0.0011494472466273553,-0.033370119005281085,-0.013452917537838949,0.004620504967730588,-0.07017543859649122,0.020680949893255862,0.0,0.019273148921287175,-0.005077961233155959,-0.015679386644505078,-0.022032321206963634,-0.016061863619126426,-0.02101448969890085,-0.05149052961359002,-0.013574647453366007,-0.00881056943712255,-0.014924663398541815,-0.013793211243968373,-0.008193315817344504,-0.009148472434361121,-0.00668204579459597,-0.006727030092302577,-0.005127409863496024,0.013654130034612244,-0.05638868402639885,0.002608529445997654,0.0017276861139552402,-0.03090910478071729,-0.007851640997723064,0.007915518134032684,-0.010075959918266264,0.015378779228869544,-0.006585364267301608,-0.012776793867567027,0.015625,-0.02594005155122303,-0.026914605828925575,-0.003243214375263981,0.00036320950405221986,-0.013665487491840267,-0.019192478341114594,0.02715648454331654,0.03799599358902528,-0.0005108158772941795,-0.02617798596338672,0.010146578776671245
2021-07-20,0.04130813258502464,0.0260459526856216,0.07150001525878902,-0.012953355874389949,0.009143858087550694,0.029366315824073785,0.012145769830119946,0.016429096767414997,-0.07092198581560283,-0.03807392396065523,0.06382973789436597,-0.033542945084253706,0.007220339654847807,0.024477502017341335,0.023768015085033234,0.06208158483371129,0.012195168755581687,0.03269836752207578,-0.1493848884351875,0.05419363742755756,0.019305093587580258,0.012693889113370771,0.05530250059364206,0.03572084813785126,0.008817888689895304,0.0,-0.03826530612244894,0.015312145812201416,0.03238342056921151,0.027503696689443302,0.015941873665371142,-0.004711643289897927,0.026395308030965348,0.015096807987088123,-0.007205666260691745,0.033833743865713695,0.054545465804891835,0.038764792525399105,0.037735849056603765,-0.010378106522707986,0.0,0.04754182333253065,0.035727288783566236,-0.04955755842162346,0.025172080163863297,0.022974562736411297,0.04811248020119918,0.014285700661795575,0.0688072717226933,0.015826548341167035,0.011552966872044212,0.008505031328292167,0.011616549280626387,0.00627365954352066,0.011078785890533016,0.0066486136498793424,0.006270558253903991,0.051795984658016936,0.06987128628145878,0.02168287468579866,0.039323884051361224,0.030018733527646724,-0.03740999635976572,0.0157068474412827,0.029974556557849974,0.03211696116467189,0.005476290906683667,0.01725618404363849,-0.018181818181818188,0.052962314624193985,0.025974017426942275,0.07049887198536275,0.015030438912881028,0.030154802970900674,0.011565523302980107,0.032659415824779714,0.030567215374253998,0.022369957913906946,0.07526880893449261,0.0212053102203551
2021-07-21,0.02975203680394589,0.0456921502131018,0.04059724309358237,0.010498677809387624,-0.018533803550794925,0.039039074300109,0.03599999745686855,0.00047540903039600124,0.007633587786259444,0.01862629156809814,0.01714281354631697,0.12255966179110178,0.07885290669738931,0.009906811180289354,-0.0030726824448487067,0.03438386520849779,-0.0771084733271662,0.009498932367895563,-0.0020661367635204098,-0.1288310705602772,0.011363625074878314,0.038997244638254935,0.012947040734359927,0.03061759295630906,-0.006670529660376956,0.0,0.07161803713527859,0.05568451302589694,0.02634887333906466,0.0008348743397079694,0.003595318748242038,-0.010097674280618585,0.02120227861790913,0.029745027610922126,-0.03768560365204121,0.006399120203993025,0.017857199483653385,0.04680574306156715,0.05454545454545445,-0.005493068918769994,-0.052307715782752395,-0.011346019612148206,-0.02182326417510494,0.018621956566793774,0.027132674745101504,-0.015366361718635813,0.06355936312874144,-0.01126759503952346,-0.008583683082144522,-0.0038416456500767193,0.005414285810292352,0.02754880425925177,0.0077203475474993954,0.0051758005052937595,0.005815546117882375,0.003361110852517335,0.022258054390338122,0.012654367219262719,0.022710514300432028,0.011035434214629714,0.03385331849234996,0.029143958273185833,0.04484291838327481,0.019329810992002372,0.005200544307806476,0.03129408959018454,0.01877446078132583,0.021204487149504292,0.008547008547008517,0.00738852362537834,-0.005131605435894637,0.05167175631157028,0.0069389889640931735,0.03955696696874034,0.006827435153771599,0.021084389478587928,0.013109294144243444,0.05651396245320717,0.1499999761581421,0.04262299011826598
2021-07-22,-0.04654895039569451,-0.0059421189845708655,-0.018834084783103666,0.015584463034901352,0.007133868100638541,-0.030346825987238923,0.0,0.00902829809307737,0.022727272727272707,-0.012571425664992586,-0.011235891245119367,-0.024154588481715478,-0.003322137559853666,-0.0167339925693889,-0.028424664364594787,-0.007202169875978992,-0.07832897083350143,-0.019637289041992356,-0.2380951954715198,-0.009408858462167435,0.02247188803935285,-0.06568367901470362,-0.010651317173381303,0.009048980400519158,-0.018061697974049773,0.003364965537526743,-0.07920792079207917,-0.008791200038733793,-0.017114955757907557,0.03188053579582606,0.010038071240856539,0.018800129948348454,-0.0011386160236425136,-0.025603259104454157,-0.03145314091984297,0.013346176341901606,0.026618185628053626,-0.026586020966314683,-0.017241379310344862,-0.013557642247114199,0.05194808110195215,-0.009389687243578804,0.04498020722631857,0.003656303783114545,0.004589900298309191,0.029411680442167354,-0.03851267338776965,-0.017094000838336787,-0.030303002154437042,0.0002142932275086551,0.0036554979277538813,-0.012037071397484334,0.006610330861431368,0.002223551178373251,0.01865217836867683,0.014735635895966048,-0.005615372310040168,-0.008581690693172161,-0.016564605615879247,-0.013853886513702007,-0.003852293205595436,0.005309687161915155,-0.035049935395941145,-0.030341287701402098,0.026480918605120918,-0.006000241757991742,0.001899110761655276,-0.01661128489460384,0.04943502824858759,-0.02820874410376406,0.009628714052306586,-0.04142584782610492,0.016055767645793972,-0.03348558540913371,-0.01829840424179452,-0.001474959966427325,0.029204417465270804,-0.026035375877008327,-0.06521733046028577,-0.007861615258389243
2021-07-23,-0.015151540693756349,0.00911216115969804,0.018510086936919246,-0.061381075260451,0.0,0.05067066328687897,0.007722000376682914,0.009889290248962235,-0.059259259259259234,-0.050925914002271644,-0.008522705413586351,-0.003960392113094846,-0.008666753768920898,0.013497647759586062,-0.021149193467782545,0.04073658142457437,-0.08781868138585092,0.010710867700630677,-0.09782611324716495,-0.033966558897334354,-0.04029308891790284,0.0028694378089735295,0.027376291919283258,0.010152323253969087,0.01721468375050539,0.0,0.026881720430107503,0.006651825154924573,0.004975119657066207,0.017531899291145736,0.01429783472568058,0.02319011070609256,0.011666969601858534,-0.011285175285207005,0.023575224559819752,0.016498991382156936,0.017089035195135605,-0.021725659106730966,-0.03508771929824561,0.013234931169425534,0.0,-0.03317531165665233,-0.007920159859980624,-0.001821448535805903,0.023106216339147112,-0.018658837674160877,-0.02417123196547799,0.005797095840604838,-0.024553601126357516,0.03127340776534582,0.0224797474165912,-0.08454869648539909,0.011677262455611848,0.01173513849346719,0.0035114200665800066,0.005115384934792466,0.014317857611179097,-0.00835236192317046,0.005858700782932491,0.004683032316708857,0.010634866787098574,0.021126825004031735,-0.021497429418813385,-0.022164128187534993,0.014196709635716065,0.016212237058882417,0.017129890406505366,0.012668940031742126,-0.020188425302826385,0.04499271996324605,0.011988881562456699,-0.024120580474251252,0.018528833850654847,0.005511825594662234,0.006962403203192746,0.03397341502532902,0.008849829723167169,0.026002388521048747,-0.06511632497404563,-0.03275228891908044
2021-07-26,-0.0017093593517427674,0.0003609107612303486,-0.020866060389131635,-0.016348822874878488,-0.04041663805643714,-0.03829786859883333,-0.026819928504874913,-0.01678715856724633,-0.03149606299212604,0.009756088105549177,0.005730571332321688,-0.029821091274496614,0.20824934769584935,0.03590033581122376,0.016204491704414403,-0.021447701164178157,0.015527935363983447,-0.008395273597676223,0.024096401231396447,0.04691674045063898,0.0381679951981404,-0.024320401290884863,-0.01706585834681995,-0.024288119671844077,-0.013793896549883056,0.0,-0.04450261780104714,-0.008810564358837869,-0.0012376521010224462,-0.018247736904069445,-0.030378072697284098,-0.017340444544982625,0.0005965242247887304,0.15315129976085284,0.012205777065580126,-0.004230137374038767,-0.0005793875289238359,-0.010152274434545583,-0.018181818181818188,0.0,-0.04629632559441832,0.04139434660221841,0.019784786719556857,-0.014598526172921567,-0.006015179965880524,0.014854417894046845,-0.003538583887466751,0.0028818416083016274,0.0022883819550847395,-0.003011744862083332,-0.008809541025201262,-0.06916727168036318,0.0007875324968840136,-0.0022505592057152635,-0.00810073555814006,0.01180863619816197,-0.001883732920099912,0.024655446082116006,0.011406319260290454,0.0016950007938354439,0.022002506801011457,0.0034482724601392345,-0.0037879567179387452,-0.009333426526170308,-0.017412270735712276,0.000509365334349976,-0.009524914585069766,0.006672129160460116,0.098901098901099,-0.00430552164713538,0.002894452506209788,0.02059730262403825,-0.004805361138470965,0.007830809500937619,0.002068632868660103,-0.00714288439069477,-0.020572993657990812,-0.00011830134109402923,0.06965179381513731,-0.06335335233459582
2021-07-27,-0.029109601344550096,-0.025851697755089775,-0.016269456791996872,-0.016620483247395845,-0.01128963183368914,-0.019174057583781767,-0.007874008357040663,-0.024424918757890324,0.008130081300812941,-0.0024154374224564235,0.0,-0.0061475838329537735,0.04730988860322882,-0.0022358716092972797,0.05386257623701507,-0.04602740562125429,-0.02140670753856222,-0.005968081706629325,-0.008823544371361791,-0.001837487820110728,-0.06250002739184013,-0.01906159987811984,0.021017319166162673,-0.013905602974953024,0.005171864031200402,0.0,-0.1863013698630137,-0.03361108567979598,0.016109060639035055,-0.010140627505734412,0.009767000250606506,-0.0004924162527515374,-0.020335212695447913,-0.01876190076020212,0.003592808391604141,-0.015843807315287672,-0.026087000750113276,-0.004487220947871573,-0.03703703703703709,0.0007535488134144952,0.03559874969898691,-0.04131803770145748,-0.05105514100909392,-0.020370394735505948,-0.00940750198195528,-0.011124162537768711,-0.026988644637783277,0.011494241848790887,-0.029680390649376,-0.008541663487752316,0.0018934654251596683,-0.053509637144087074,-0.011017969244676795,-0.031231891770437947,-0.004059211574814259,-0.019846876786293155,-0.014266729570508452,-0.022866547453813557,-0.03215357353615167,-0.023266001643780454,-0.011856448356079685,-0.02061861836027834,-0.03269943783366114,-0.028263938479939577,-0.0036008860877206894,-0.016454577560168326,-0.017909281591851678,-0.014912964045727506,-0.06125000000000003,-0.01283311154985356,-0.014900009574884576,-0.06559027533184214,-0.011726542967010811,0.006993057758117427,0.00043465910920281736,-0.04028773246841244,-0.023279741732942116,-0.03908609961219389,-0.05116285052796965,0.011661852325836497
2021-07-28,0.014109333797107215,0.01712388093285644,0.027719511256689033,0.008450696279642456,0.02810713117180552,0.051127770056362154,0.011904782178450812,0.011424434313953569,0.048387096774193505,0.04963678402556315,-0.0028489595005202206,0.04845363672892855,-0.03888390458919533,-0.027450914398892134,0.03429720434842465,0.019529015253749726,0.03124996973201677,0.017173913437161348,-0.14540056548076996,-0.02321534742693243,-0.04313721456971287,0.026905803706885,0.013424843579774581,0.05501392623541501,0.011576054747240772,-0.022996744736754837,-0.047138047138047146,0.04340322741581959,0.036585389964996606,0.004240869869888364,-0.015401727376743835,0.00904169830586099,0.01751182968422027,-0.00993641038984805,0.004732093646038882,-0.005819274818322118,0.0011905034923782587,0.05730845837899312,0.07692307692307687,-0.000502019520257746,0.012499987892806708,0.022913261213425518,0.0043041909198571204,0.028355405755974283,0.010292860961125694,0.019538197869821916,0.05839417531917279,0.025568157573007122,0.04000001795151653,-0.011872213172881452,-0.0009255373574461601,0.09338549454438061,0.003841700778579593,0.022567156891324602,0.0042698348453587,0.0010837371680696428,0.004817450886685171,0.03548491188898151,-0.011156582946661997,-0.0021651039265726535,-0.02178719710752719,0.008771963580347819,0.045597329732586456,0.07756239033963563,0.03609495525118667,0.017419690084602646,0.010714323880581134,0.005887302424878227,0.010652463382157196,0.019358524962092893,-0.012196370897255782,-0.011879115295102438,0.00921331769432654,0.01543208614945657,0.002769703226415565,0.022488769662919683,0.011971939063899484,0.01651695834821698,0.044117722681788374,0.013256457474316585
2021-07-29,-0.01217394289763074,0.002113560456715069,0.017905732879708314,0.01396653402246506,0.029901784173520074,-0.038626607978174965,-0.003921596004491157,-0.01297767141567896,-0.038461538461538436,-0.01960785176447344,-0.00571430751255575,-0.019665664480311262,-0.036033599812376416,0.012672891248147522,-0.003250895299189094,0.019718331350407237,-0.054545475563070656,0.013040557275703968,0.15451386849944027,0.054339804166363415,0.02459013990675496,-0.023289643388267445,-0.05181048198366944,0.02128714435658341,-0.03583388573868207,0.0,-0.11660777385159016,-0.005785098867392202,0.05529414906221275,0.024879795645804892,0.030756381841706926,0.010277293132164633,0.0051830457830752685,0.0039535710651916744,0.014948658526556358,0.0886197851388173,-0.003567150239654593,-0.021924519407969245,0.017857142857142794,0.0030135342241190965,0.0,0.004266662597656179,-0.03464283261980328,0.022058802260453536,0.004324376798095608,-0.027874544285799163,-0.0193103264118063,0.049861515786117305,-0.04751132002763503,0.005635287209987627,0.034590644755943645,-0.005233502220086006,0.0017768544221210547,-0.00753148817915994,0.0012562476942989953,-0.008373940689987869,0.013524653875324422,0.028508042939515477,-0.006769378323394304,-0.015624993798581954,0.0003227962888832092,-0.04347826086956519,0.0263158503044143,-0.003856051314878761,0.002742765956653459,0.022376727461415058,0.0600253805907236,0.0008361373838039476,-0.01976284584980237,0.12947053016783605,0.004552566614238529,0.03387982869298667,0.008368536859490128,0.0007600058903383111,0.0039534571487716,0.008797645347408345,0.013268616901909613,0.030799238456079125,0.032863816658137424,0.006257145098347294
2021-07-30,-0.007042247017941761,0.017672380498899187,-0.03184146760263651,0.03305781867105084,-0.004562447431226246,-0.025297560232801608,-0.019685052181129592,0.006330707040721917,-0.008000000000000007,-0.011764675963158666,-0.028735632813895018,-0.016048128698776032,-0.0162525448931512,-0.006826086330920411,0.023809469606209888,-0.02707180998845793,0.009615452214343234,0.011924081531552222,-0.0030075493910557416,-0.01479640425942974,-0.04799995422363279,0.008941869215862264,0.005898865160099964,-0.0027467792958767445,0.019901783478170287,0.0,0.0,0.03241890174559647,0.0033444517366918447,-0.006701868399675015,-0.0015028341747668206,-0.0012820738030216994,-0.0015865542656890996,-0.04937910201174034,-0.01948997178157419,0.02779994662646823,-0.038186120579255856,0.006849353300716787,-0.03508771929824561,-0.0007510961524374027,-0.021604917603937457,-0.03664368225455705,-0.0336662902070034,0.061151107209889366,0.007991251738572291,-0.17025088810875189,-0.01195499810841183,-0.02638519937706696,-0.026128297510139897,-0.0027490180925868746,0.0043283657162231925,0.0018941054846111083,-0.005211935129685874,0.020177613771058978,-0.0001126062776969361,-0.07564890713277761,0.0026646353534571787,-0.014361571517276572,0.0065631278686661965,0.0008815762656204651,-0.01581154484469638,0.018181800842285156,0.001465118963493106,-0.024516058070040536,-0.0443613647673754,0.003316088446612131,-0.007881232631604118,-0.00918971063118379,0.02016129032258074,0.017795739917808806,0.0015104660848384022,-0.07293864456669263,0.012688551481510046,-0.010630319986870918,-0.0026431078863980995,-0.005813947847045586,-0.0111431014344745,0.1409246282743224,0.03636360089641055,0.0005653040463500236
2021-08-02,0.019503570233760925,0.014864722279894993,0.012879516540634572,-0.013333320617675781,0.016666650772094727,-0.016793913024613638,0.004016092456621045,-0.018872551643780988,0.0,0.022619034824097772,-0.008875717273141515,0.009174229873997408,-0.024392413116749112,-0.004582001357448018,-0.05479449103960088,-0.018171475510120993,-0.028571476147016606,-0.01446172772685217,-0.048265415481725915,0.00020163564807518242,-0.025210158955061512,0.025110794205745357,0.0015431862563528576,-0.007291003791952355,-0.008111106614045571,-0.003923007184276406,-0.01200000000000001,0.016908241988597972,0.0077777438693575895,0.0061973171040659025,0.006240983876179218,0.010164900063888371,0.0023173604760156064,0.003505498274553487,0.01584419985570329,0.006036234953601172,-0.0012407231217379522,-0.02040815845077526,0.0,0.0020045560350929748,0.025236568385065494,0.026460940779241326,-0.0011485714273196113,-0.02881357178746935,-0.00273314838366423,0.058315319434759205,-0.01281140944713155,-0.013550122368818363,-0.017073096695716106,-0.010178107374668843,-0.008768162087358866,0.01785318656889756,8.250233004636343e-05,-0.0012108837348363544,-0.004632988852195763,0.0011690369463182027,-0.0014832959025528059,0.009325358876407952,-0.018181779915262486,0.0,0.023606534864081707,-0.023214306545501162,0.0234090141107981,0.0013227547334249135,0.006342878531203189,0.000991705242423091,-0.006275023539341951,0.010118132180204187,0.007905138339920903,0.01278183473644079,-0.002330787335419915,-0.007981829514793981,-0.002438202676824708,-0.06907142719334292,-0.0001623989602904663,0.05847947508874474,-0.012022272301789871,-0.0058769363695627685,-0.09649124182932722,-0.00960452367041098
2021-08-03,-0.019130458002505124,0.001056219661493163,0.018392314753748584,-0.0027027000903735443,0.0020492272619221374,-0.0372671189165964,-0.015999984741210893,-0.006165228229437658,-0.008064516129032251,0.002328267942436346,-0.026865717190415084,-0.021212125882702715,-0.025799433944136307,-0.001725867387733837,0.011122402297158107,0.005783601435861652,0.00653594160147164,-0.027717404318216676,0.03961965070834883,-0.01743427691633459,-0.06465511261424439,-0.018732004808222458,0.003081617003698245,0.00603882698091085,0.01042907957509942,0.0,-0.012145748987854255,-0.0007917334330986847,-0.017640557088818065,0.0120700756061356,0.010325138194226424,0.0012517159109157738,0.005416895815315348,0.0038108547604713827,0.009682436855162013,0.00191432407924097,0.04099377837106988,-0.013257578038132989,0.018181818181818077,0.010252558894811914,0.07384615678053641,-0.033834642305052176,-0.024530447907450625,-0.01745199027917943,-0.007677333963141186,0.0149659693130344,-0.026676271709584642,0.030219750529024036,-0.009925607491099497,-0.0034275888253233466,0.026349922119090596,-0.024556391113495613,0.006061186758265391,-0.07707410418596117,0.004088936237373719,0.01043374884144277,0.004353246395069954,0.037245587036307315,0.02234993527194651,0.009251217469524509,0.001601574167485298,-0.036563037831145784,-0.017869999557741267,-0.02245712519956744,-0.001868731635615295,0.012712630760313814,-0.006113433059880546,0.009181923063476649,-0.009150326797385588,-0.008334289392143757,0.012644195898654509,0.03333332967940872,0.01738076538851896,-0.011541583678605805,-0.004381565970823065,-0.03867399748936007,-0.0005448380063030056,0.008400723619349293,0.019417457749564715,-0.013690802151593573
2021-08-04,-0.0017730057236523544,0.004220644304346877,0.042140541106957974,-0.013550122368818363,0.0028629731141081027,-0.043548385360114406,-0.016260146842582146,-0.003970219613924186,0.024390243902439046,0.017421632375866025,0.003067555015309198,0.0030960462275191336,0.030674816339994804,-0.0023055904857862686,-0.018000136689099167,-0.013801022400324325,-0.061688254385818264,-0.019284478766059432,-0.02439025903112113,-0.002564102564102555,-0.12903229527865312,-0.013215881548327424,-0.06298000875915455,0.020765716936587575,-0.020642692298831755,0.0509538386418269,-0.04508196721311475,0.016904368180951757,0.032547695490394046,0.007263604289819758,0.009280574469245684,0.025399048745457842,0.002233916132000635,-0.023094043955736,-0.03643216780438663,0.009510341139463918,-0.02983293515344765,-0.026231595931551,-0.0357142857142857,-0.01930699417163384,-0.005730653544946063,-0.06892716992186443,0.0161100131678249,-0.014209577634084813,0.024252862425411248,-0.006032122790250116,-0.037777794731987835,-0.04266668955485031,0.010025112826065108,-0.011070494079552184,-0.012636043034200073,0.0038079761372711296,0.0014451384233171716,-0.006943579420202295,0.007082093695955249,-0.0034222398904129037,0.0020749134489743692,0.006819706900651701,-0.04459712128325555,0.006983903464091501,-0.0079948831576665,-0.03415556527326158,0.010189401556789823,-0.010810696898590266,-0.0036174089918806773,0.008966336682769915,0.001825031710011249,-0.03391232060542104,0.0,-0.017289019397018657,-0.0027823006657587968,-0.06785313372720758,0.008208179362297674,-0.0008340879192771933,0.0011409971816287445,0.007183935411037012,0.007995683284873767,0.019952777803701194,0.0,0.012724077600072325
2021-08-05,0.0319715496766908,-0.0034323615704058286,0.01240902857358317,0.0851648169904935,-0.0077487981448001175,0.05227655172907353,0.028925558497145953,0.00697555514584991,0.0,0.054794466860145,0.03363909628307349,0.03086421630588765,0.0823412619218602,0.02541899465030495,-0.00137165933834138,-0.011078748587978082,0.06574387955192829,0.01225421212043143,0.021874984105427986,0.02550131986564108,0.08994706792135387,0.058035767187372356,-0.023606534864081707,0.03544188528019099,0.009221419885017346,0.0,0.012875536480686733,-0.005194825011414328,-0.038043416853436485,0.009550060701334129,0.0012523028220872146,-0.002844808343814509,0.009177908949663749,0.05116566713694115,0.024942801243326596,-0.012415133884067231,0.08548581611822192,0.0006569825908071536,0.0185185185185186,0.008581528565218433,-0.01152736643320651,0.04477611940298498,-0.025522035260429066,-0.019819843195327813,0.0164642333984375,-0.019555027499212674,-0.034642018259743335,0.002785512730456574,0.0421835212422661,-0.0006521594021858812,0.006768772034950299,-0.0069547011896149424,0.006342814604150204,-0.012409456508366112,0.010228910128150526,0.006340362999381677,-0.0002663442289877471,0.04547966668488579,0.029288673711419966,0.022106608536998973,0.0,0.047151230633292185,-0.036743566583380516,0.012294897019639484,0.13764967219844748,-0.013572476064126815,-0.009377715502629225,0.005136971155650594,-0.014511873350923521,0.007819174118259609,0.0007485536115372504,0.0178997155706222,0.004500878127746244,-0.00834711843475755,-0.004884248902560562,0.132667588869247,0.016910049894341084,0.0017141053077183166,0.05238101833802267,-0.03198169381052851
2021-08-06,0.018932897521128034,0.0026712087705096366,0.0038038948929974836,-0.002531643124693339,0.013563498756303582,0.017628227171343713,-0.008032121079618038,0.001979263599179326,0.015873015873015817,-0.014069242399315285,0.014792899742192,-0.018962128281182045,-0.010998974614354395,-0.021408467765305805,-0.008241705079938155,0.175118005956866,-0.00974025069249762,0.003096863990257104,0.013761452549637232,-0.008121980955813957,-0.014563093312173536,0.0014064348603233245,0.05406308481802413,-0.04896396572053985,0.007594619454155849,0.01592693078899865,-0.025423728813559365,0.009138441143353493,-0.022598955290241363,-0.014165461104910237,-0.013507714511019175,-0.010250066052332585,0.0034429621139169253,0.05160192699990396,-0.00784112713198859,-0.007937398852306488,-0.0022662328069807947,0.017071584812645257,-0.018181818181818188,0.002252256122369678,-0.002915449057909525,-0.02914287022181916,0.08412693919448433,0.009191123781578048,-0.01220960530125137,0.02407154342917739,0.011961692104192734,-0.005555550404536702,-0.03809520349480777,0.05459493680338734,0.001947429714902471,-0.014006815596320443,-0.0043823048655567964,0.009695141499526994,-0.0011074740350979217,-0.009197334693852421,-0.00459348314958119,0.001190031246926404,0.021849608664014752,-0.012298452186474407,-0.038039983486861995,0.028142607413610188,0.041136759727934846,0.0,-0.016706678796400642,-0.008353661737974027,-0.0037460944040544897,-0.03833050052020459,0.01740294511378848,0.01879019386468661,-0.004767078587362916,0.08675272543469603,-0.004546568315710542,0.025252462193504854,-0.008017214283553176,0.06423170634374187,-0.0282230241508038,0.002818757855031162,-0.0045248824844553726,0.002949807363423096
2021-08-09,0.001689147283075343,-0.004556824474838406,-0.0014736777857730088,0.022842677990056348,-0.004055165534813332,-0.007873970810807207,0.008097158436581653,-0.0014815153899015998,0.0078125,0.053787022226787995,-0.011661741110170376,0.015259371281227896,-0.03521782318999389,-0.0023029357473579593,0.019044253535339006,-0.03211236226033731,0.03934430355860452,-0.00813923398354488,0.028657679145016823,0.004953553399052568,0.17733996974785304,0.0912921496931165,0.043325920254718264,0.004841821199053742,-0.0035331903353437166,0.0,-0.017391304347826098,-0.016817632605879318,0.021965380628525377,-0.002154054609075473,-0.004709077028419606,-0.002182423536361555,0.0023305677955891557,-0.03720512246996799,0.0025387373886049946,-0.010249809746320504,0.0022713802834963825,0.060038755256137,0.0185185185185186,0.025218530723362775,0.09356722985502475,0.012360270432626885,0.009516845965817922,0.007286054709987555,0.0030411739521973846,-0.021490870650451854,0.07407411860838087,0.06145252326778916,-0.014851471125267302,0.015468701465580104,-0.0019436446036460442,0.0281964615892476,0.001847688809875514,0.014339887736570356,-0.0034211317478899383,-0.0009177334401756498,-0.0015449222761946269,0.013998911360354471,-0.042764822687716864,0.010304782327154038,0.0445710427917243,-0.009124122365115728,0.05244261686054741,0.0323887514741501,-0.00030179260078500025,-0.0009912135558837187,0.004375162632087148,-0.02568641423048801,-0.04078947368421049,-0.023560249111893694,-0.00034215948218940806,0.03667736592491999,-0.005163262065725038,-0.022988565738050526,-0.006157553435693464,-0.018934893612266745,-0.013682137272767458,-0.007528823127469053,0.0,-0.0952941109152401
2021-08-10,0.0033726781628116154,-0.027746389700283314,-0.0004216836946022706,-0.014888381656182004,-0.008143276056180704,-0.0317460761979701,0.0,0.019782469805264657,0.007751937984496138,-0.1072916748071161,-0.032448443637344115,-0.0661322522730513,-0.007684979135971104,-0.0011540931698744705,0.013251753607572248,-0.016588988438837715,-0.05047321198103727,0.0074985678693901825,-0.05425222762652149,0.011568190867321082,-0.04184106220160899,0.011583031249526199,-0.03358779790747257,-0.025698659127135204,-0.004254898053323575,0.01844378644519984,0.01327433628318575,0.0013157693963301575,0.01696828234628045,-0.004342114286244758,-0.03151842828036189,-0.03526334259011121,-0.010527722404142348,0.03544800646933921,0.008863213297042316,0.0011943709612192155,-0.13824360527586688,0.0066991845213431045,0.036363636363636376,0.009985383187999908,-0.04812835997278453,0.0668604399720818,0.00978971930785244,0.0036166329417204324,0.00554985104295902,0.016472190316255686,0.06529716330521551,0.007894729412163404,-0.022613043652764286,0.003249717587664014,0.0008084103101890783,-0.007745462098588729,-0.005125920515518412,-0.005542844913996925,-0.011887703532981408,-0.006340816609805455,-0.004992959374486072,0.0018234084748733892,0.011558433631797982,-0.014874747381124043,0.02502408356549002,-0.003683237856129562,-0.010238855923096257,-0.022222142640846543,0.06993634578324359,-0.012070233485828696,-0.007146974670732331,0.029090928705417074,0.019204389574760006,0.015354645061143035,-0.003353883456367779,0.020811734660207692,-0.008250650673822468,-0.010924341112953928,-0.015987150541751816,-0.0434258305393207,-0.020826303572982874,0.0023263310576282503,0.0,0.13263978847032565
2021-08-11,0.011764735110138203,-0.023468136226179825,-0.0033748122321676233,0.01259444633651241,-0.000410518416719019,-0.011475359986654832,-0.02008027078223318,-0.011881708499605792,-0.038461538461538436,-0.0023337015977810127,-0.0030487340380210837,-0.06652359504940686,-0.057599204342052346,0.002310918517533622,-0.011401634539092043,-0.0258302471720816,0.02657804782708406,0.01867717803895741,0.006201534616238735,0.02764517548518275,-0.06550212202950223,-0.010178107168846151,-0.015481825498388946,-0.034454338243409266,-0.00842721360524834,0.0,0.0,-0.02365302836340255,-0.012235779697196247,0.007268367315941937,-0.01781292988813088,-0.010801082950721463,-0.007180217024564617,0.03305933462066135,-0.022914810519343742,0.0005819552666952443,0.024326093664110093,-0.03690263672187133,-0.052631578947368474,0.009163184042258132,-0.04775276421567454,0.01580376033515285,0.05709156663587733,0.12252248738185822,0.004284870198987711,-0.002025665737794835,-0.06060606657697398,-0.01566578171664368,0.0257069156647316,-0.0007085706465785879,0.01439015296646362,-0.009282835241259169,-0.0017172158964688933,0.0015656313343375139,0.006900053285751717,-0.008603643493863333,0.0026746843836138456,0.01157047995558047,-0.019771484498586456,0.006039797711502315,-0.0009389886049802065,0.018484359388210025,0.00551710709583908,-0.008021340279785183,0.004812229163869697,0.0006695895669242002,0.005553051617412708,-0.011484146931716066,0.06325706594885605,0.01404222483474138,0.0017858277540949707,-0.04179416753811371,0.00992952497307309,-0.026338147277256696,-0.008545165591792303,0.0,-0.011031406471755378,-0.003027348149655884,0.0,0.0901262737054036
2021-08-12,-0.0315614713990775,-0.041536861521185964,-0.013544960627480118,0.02487559828533148,-0.00205343505650335,-0.00829190530599544,-0.012295102524220836,0.020613500677003405,-0.016000000000000014,0.1333333382907047,-0.02446486623070243,0.0471264202759496,0.0015407203120938462,0.1585014540522105,-0.012550891692167387,-0.05735927988091871,0.012945048991161556,0.006203431797115799,-0.021571633354255715,-0.016934391929703807,-0.06074771405057433,-0.08354756784555972,0.01765081000493729,0.012805190437217506,0.007182080407877711,0.06621390577425568,-0.0393013100436681,-0.05248992416813414,0.011261196678678864,0.00022013682373245302,0.009909806399724275,0.0017514936280960125,0.0032874417535901923,-0.02745019414810257,0.005220855285200443,0.02397567468080286,0.0680359095720866,-0.010050241623450806,-0.01851851851851849,-0.010991615322449966,0.014749248014462202,0.003218957899984609,0.007472802627839226,0.057784932971467695,-0.0020015339699762658,-0.035182664535653996,-0.021260993735604417,-0.04244034128386576,0.02506269243411796,-0.011142610013363807,0.009843183856866888,-0.02150766001847526,0.003604434181260885,0.0027512190430611927,0.013290011500577847,0.003459810192938395,0.0014683758883717868,-0.05770463815174309,-0.020956103550721306,-0.014579711687855657,-0.015350869985807813,-0.0145191283520959,-0.021947781842360792,0.0013476412408608418,-0.02378714623636735,0.0011707704966614774,0.0032041927774535406,-0.006255587796937689,-0.01898734177215189,0.001065261800932582,0.020772950528680445,0.14468092186627168,0.011492697412929243,-0.0034903986092531536,-0.015763124051306865,0.011349386049596566,0.016464197336281128,-0.00991896570515638,0.009090900224102638,-0.013164823750036247
2021-08-13,-0.013722114022807652,0.005262316640530562,-0.016090967392809574,-0.014563093312173536,0.00041153206567123846,-0.020066870430825556,-0.058091296706216045,-0.002885283275895767,-0.024390243902439046,-0.047471591855995254,-0.02194353805522309,-0.18770577670180888,0.04102564158994548,-0.047263889271241255,-0.021298569647719257,-0.005740550001823053,-0.06709266149163795,0.0012331000125953562,-0.06299212598425197,-0.014568321497094638,-0.004975119657066318,-0.009817695727606046,-0.069063345630349,-0.033883990759841165,-0.0065367339290033355,0.0,0.022727272727272707,-0.00653407776281878,-0.051224844980125805,-0.0004646558893268704,0.0010228793376987344,0.00023737370727983098,-0.0007864007741217316,-0.013015590888893147,-0.004699203495951432,-0.01857244625939014,-0.029447102709810657,-0.040609158250511146,-0.037735849056603765,0.010388990372474538,-0.011627895694091173,-0.002673857880705288,-0.017532045193487833,-0.028831570989546362,0.004697365931517261,-0.004908928176810323,-0.05393260273072309,0.0027700805412327334,-0.017114955757907557,0.005121901105636928,0.006988144106319538,-0.02720340906459162,0.003509992019955499,-0.00012464310207949136,0.004666228559277785,-0.0028848279463596915,0.003923609097396863,-0.009410861070336285,-0.037859556268290184,0.001305101205778536,0.0006363492704255513,0.01657461426024165,-0.051893449711520434,-0.02422617220480372,0.0048461913569211035,0.008853909488630185,0.010125981258906958,-0.008992800336066309,-0.03354838709677421,0.004965691178208331,0.0014104224561051204,-0.09107811106547581,0.002692786528972091,-0.0122591424023486,-0.0036294595926139595,-0.003740733782186534,-0.004246701861642221,0.006951703702633427,-0.009009000301245074,0.01387407855162004
2021-08-16,-0.034782575524371584,0.013779974196768574,0.04709986521292264,-0.039408829967266135,-0.01110648113313617,-0.056313978871557535,0.004405317189489555,-0.004822781698873069,-0.01666666666666672,-0.0975081513493854,0.003205079220378604,-0.05135136615455005,-0.024630449707388147,-0.027153873660861083,-0.009126139621266849,-0.027713599924586996,0.03424654178759057,0.002189327157992249,-0.05882352941176472,-0.00819098681275432,-0.04500001668930054,-0.04107648218179072,-0.014227644640279369,-0.02233471581437929,-0.002870874505878751,0.037473529968700126,0.05333333333333323,0.017729451250854122,-0.024647890477002776,-0.0031806317016200847,0.019907689581877275,0.014306718783205996,-0.006951781339847529,-0.020595541127350514,-4.1208551403659754e-05,-0.0006365868138313857,-0.05448911340882656,-0.007936500427734305,-0.039215686274509776,-0.002152084008719579,0.04117643016432515,-0.02895437100396392,-0.013726823160894353,-0.05781248125713345,0.0031870126269570864,-0.03805488627015041,-0.03246237875669711,-0.04143642588145724,0.019900478628265272,0.0030574338969200365,0.002419816108633288,-0.04026846340610546,0.0004337526870621389,0.0,-0.0005805575286829123,0.0015239472057770875,0.004072751383632278,-0.0033044166349168735,0.03253620727003237,-0.006518391612775565,-0.004769523759620031,-0.030797115377056872,-0.056952678840276216,-0.0013793139531765863,-0.03056814448705447,-0.020367654902001098,-0.003431153122396835,-0.028130673403209294,0.006675567423231055,0.0072941499597884984,0.013547982044010975,-0.0633946730559597,-0.005240080312783668,-0.018617154809571823,-0.0010987720289800107,0.008761032603726626,0.007925747928896998,0.0012181197390017662,0.0,-0.02578946163779816
2021-08-17,-0.014414486088985212,-0.021945409560303997,0.057684307191959494,0.04615380100950084,-0.007071550325280729,-0.01446661799421256,-0.021929838014795866,-0.01332685318536464,-0.025423728813559365,0.014405786860695713,-0.006389739950984241,-0.02991453542985001,-0.015151608745583411,-0.020397408349259516,-0.019128503791782436,-0.018408519188448103,-0.04966890606450025,-0.03113051400599165,-0.0535714285714286,-0.04713465869697564,-0.18324608898343242,-0.044313174531768085,-0.06494849732718844,-0.016062782987498303,-0.018236587416304628,0.0,-0.021097046413502074,-0.029783685550614947,-0.020457288533059614,-0.03666978044527558,0.02311852536278125,0.009530898283065525,-0.019284118373468107,-0.06384249795320274,-0.03031693930055046,-0.014274318279496878,-0.05828423815601491,-0.015333302815755179,0.020408163265306145,0.0,-0.06214690140704682,-0.011595857799212572,0.03375084624493563,-0.029850795839607813,-0.017821958336840193,-0.032967075662126866,-0.030278222379208186,-0.07780979213266792,0.012195168755581687,-0.009144498502570486,-0.00667421033770943,-0.024009268291376062,-0.00880808702472513,0.019457405665287864,-0.003030101215787284,-0.01728702615047184,-0.01935907651977431,-0.09048207704819256,-0.04901695778261406,-0.003499838593608362,-0.02939297439996824,-0.03738314258509734,-0.012549016849840444,-0.10773479778504302,-0.015047359200905275,-0.010817916165150931,-0.025112934707460344,-0.0018673864293911047,-0.05835543766578244,-0.03048353803580972,-0.0061539262045055,-0.03493446508240117,-0.01501283237375206,0.008130227729382211,0.0004055368742217347,-0.008684943530296252,-0.00018717813759350221,-0.01845475446260636,-0.06363640994079744,0.025391642762982558
2021-08-18,-0.003656303783114545,-0.01110258298325828,-0.06300454233622899,-0.007352875865728303,0.010473397201942847,0.01834869448980969,0.013452937491495787,-0.0294695659863915,0.0,-0.03195264117370489,0.019292616530873774,0.07195304729405416,0.002051353605076356,0.03671242021036658,0.015167872373239355,0.0018148081095430424,-0.05226476060281526,0.0,0.02075473617457746,0.013634931901545633,0.04487183014081664,0.03709432082504183,-0.022050661312351227,0.009613618157598758,-0.024685318595331407,0.0012278227060860125,0.02155172413793105,-0.0017375488188468013,0.0036854707255387087,-0.0028027060556568006,-0.009212499024568666,-0.026742434835444473,-0.0038384590619519043,-0.011150544532637086,-0.012813526331770131,-0.008268596633362879,0.013212766263645426,0.03656059208645335,0.020000000000000018,-0.041696570401550614,0.030120525621057048,0.008938539152060887,-0.011107369029793146,0.015384641718817926,-0.00977465001704636,-0.0037878927889738456,0.0008438206654537428,0.03124996973201677,-0.016867510856088175,-0.017022109206900504,-0.011901395131403536,0.015524189981926062,-0.009624554315663558,-0.011317098487189092,-0.012976158025314155,-0.012566487390164305,-0.020305488488145063,0.03037664167703924,0.0048144480978100646,-0.014925425558679817,0.0009875144000743852,0.0038834913701271123,0.007942771832422313,0.061919584683812756,0.009129019246482128,-0.011620085400204205,-0.015442200524644734,-0.017773654657254667,0.011267605633802802,-0.009516936455812197,-0.02550109769153408,0.0520362025120904,-0.01049530118232922,0.01792113148627461,-0.01706907695657467,0.0,0.005393065386088969,0.013326544301502041,0.06310685342326261,0.0031612947701866734
2021-08-19,-0.011009164198049981,0.014367601728367596,-0.023534333437564836,-0.022222258851686716,0.007462619882432353,-0.039639686390655626,-0.01769916794731663,-0.026568806298034264,0.0,-0.050122306589104215,-0.02839121464410499,-0.008219235349178677,-0.015864950638568853,0.007928201581915983,-0.035218617117201534,-0.0477052556555595,-0.0735294285220669,-0.003945867853853202,-0.16820703966993633,-0.041605816478457736,-0.07361963504258728,-0.04619969314711814,-0.03043973523908594,0.008084814304223809,-0.0023803836467334305,0.0032703086337690923,-0.03797468354430378,0.008122969810883118,-0.017135904775445354,0.013056327067839213,0.017827707573312424,0.022583915554597267,-0.001013878249234157,0.006700415543871907,0.008956089465745665,0.006812154606244292,-0.022649274579139678,-0.018941865049294848,-0.039215686274509776,0.002750607427794316,0.014619868772186129,0.0005537225458225326,-0.07998633564493862,-0.02525254106438879,0.009942887577026438,-0.014448642151405622,-0.035413160915016006,-0.0030303001841675004,-0.026960759106070542,0.013770078097429916,0.010995927751848544,-0.052916509242902365,0.004831363327794991,0.004021836251152822,0.017374720031161806,-0.0042078187123096855,0.009723355199938943,-0.028744087647845196,0.020434112124361636,0.024064370788521083,-0.03387046010568007,0.00967112440229334,-0.05122138066502857,-0.02040821498735923,-0.013547243686930832,0.01970958094136921,-0.011042353164515961,-0.01238093832506515,-0.03899721448467963,0.0,0.002322867371958637,-0.10537639524856901,0.03546817895192267,-0.029049419522027997,0.018719298031411036,-0.026282799414952374,-0.0023468238188293356,0.006626397233783665,-0.0319635478686795,-0.01785715001256205
2021-08-20,0.020408188541593875,-0.015480049254031902,0.056165279573712645,-0.010101000370632551,0.08230452933306065,0.009380898958830874,0.04054053860548179,0.028073771304592654,-0.008695652173912993,0.0398970539031791,0.016233766635888935,-0.006906038049498853,0.03796167054738486,0.009963242887813806,-0.016961819824369728,0.03551042800805315,0.03174600171093722,0.011318662256700973,0.015555600766782307,0.015123483127674753,0.05298016120569704,0.02031251757871333,0.031007797211870303,0.024594565195221962,0.02474244417289828,0.0,-0.04824561403508776,0.011510835277090736,0.031133251346634472,0.003379647332580893,0.014242523857635137,0.006839151009443878,0.011165222750113557,0.04269500864682452,0.0016722557993673615,0.002515256096109253,-0.002106722854872345,-0.012649835437215873,0.020408163265306145,0.00523698022845176,0.005763683216603255,-0.007747614389198798,-0.03292642524558964,0.0,0.015585051158379493,0.04861104461436505,0.0026224377400285714,-0.012158043257392115,0.06297223168256183,-0.0045277057010135735,0.010733106710050455,0.01638972045629039,0.010358482876953401,-0.008072949553844744,0.015180588587365262,0.003827154714335368,0.003463246965841993,0.001517744681944988,0.04640233132200833,0.006962429917587221,-0.002722938257019636,0.003831414124593202,0.0,0.04464281584317109,0.015102660693963266,0.0147507090238308,0.010525268950905442,0.011571875151456412,0.03913043478260869,0.023473610757984265,0.010157112685500458,0.026442340757015792,0.02218303517784448,0.002720049460207763,0.021957666144739374,0.0,0.026809022774348934,0.012760880685537934,-0.056603722658898126,0.004812842188020472
2021-08-23,0.06181820956143458,0.033726660856387536,0.03402604129261966,0.08163257362146625,0.09391639894888404,0.026022279462375897,0.10389614500198618,0.02907715671461486,0.10526315789473695,0.034653471968623784,0.01597444128394665,0.05424198378050682,-0.03286571164266738,0.01505711824144984,0.04426131027984037,0.012247444205380154,0.003846150319251729,0.020005599300759735,0.03938726226173306,0.0026795283153562277,0.012578604092237322,0.06738125057368327,0.09022554827488571,0.05635758860976159,0.005882871623796859,0.06560051504048459,0.004608294930875667,0.03470831729858226,0.026570081415916214,0.016414043686248547,0.001418418072639538,0.002692018283257047,0.0252960544412546,0.0014009712247080586,-0.006378558452644345,0.023372496595501557,0.06403939795701619,0.09170604297695073,0.08000000000000007,0.0009922376449378323,0.028653267724730425,0.03625206957429006,0.002295385412854234,0.0017271552586739514,0.012948650965920905,0.029433439135401418,0.05841325725334978,0.07692307692307687,0.061611431708158415,0.00010339194181652189,0.005769360120794653,0.03396040157937752,0.014956594997519002,0.014910498237930447,0.014706271976318464,0.02060035500127988,0.015321021141841085,0.0691013093417272,0.043156980564023506,0.0004321245799159268,0.018088761107376783,0.015267252678933252,0.04983395490965847,0.03133903860873555,0.013131505829452772,0.035923202502609275,0.014427633561840514,0.027645338741490777,0.06136680613668055,-0.0033273769960748822,0.01025701764775544,0.018735345213911625,0.010531749374849353,-0.01898738972508307,-0.02267308289611203,0.03984574992539458,0.020000000000000018,0.01770012981358593,0.004999995231628418,0.006918528708488525
2021-08-24,0.0017122862642813264,-0.0003805027562453489,0.04098525775477224,-0.0023584322133207714,0.0010427104212569205,0.028985479703797834,-0.019607855359147774,-0.006142506027362105,0.0,0.002392323210721692,-0.01572327081748126,0.06464376992745291,0.022585909322670572,0.040409017355811816,0.01867803779749111,0.04779183154039113,0.06130271734160897,0.0019201670911612734,0.09263155753152419,0.036237298546883734,0.11801238280930981,0.04447638865828085,-0.015517267687567338,0.008397861684088737,-0.007797735472220846,0.0,0.0183486238532109,0.009348368506269633,0.009411755730124094,0.003561189270877785,0.010056644473340981,0.008326581408153677,0.008680941182818369,-0.016791095041789106,0.01365791305984665,0.02199287004368289,0.021825391944694017,0.03088326025364796,0.0,-0.006195787099232186,0.002785512730456574,0.04413346061309653,-0.010687048797402121,-0.006034538465219064,-0.00031092724218184653,-0.005003592569760573,-0.0032948896805450323,-0.019999980926513672,-0.008928562875609058,-0.0012403384659641636,0.004891902537953685,0.08034014961610247,0.003054453999348672,0.002815907885336033,0.0005785173268075816,0.012220318769066596,-0.002114306965933177,0.02565561020855167,0.0643977262010722,0.008639252334602832,0.022125372078449335,0.011278184369081234,-0.015031710673798604,0.03591176905487092,0.025022121029005584,0.008870889203167698,0.0022201179790097836,0.020408189695420242,0.030223390275952777,0.028615641086075616,-0.0006010963129702285,0.13678167358007487,0.0016422087847904887,0.009216448725764215,0.009082682409347953,-0.013597049621713153,0.026844915434213412,0.019160833179602488,0.02487559828533148,0.0005285533214329785
2021-08-25,-0.0205128012846727,0.012347705482514959,-0.0035964875037077793,0.009456255714577644,0.00347223555968168,0.010563370526912585,0.007999992370605558,0.014091463141490346,0.0,0.007159916847488068,-0.009584640395305044,-0.006195692559023858,-0.007092119175516665,0.013766280258401098,0.010931027195447474,0.014434180392896234,-0.0072202097704795465,0.017385305818078844,-0.003853505822007275,0.020734417745149614,-0.055555504045367354,0.01373625024046543,0.004553452595069896,0.0014696301456753602,-0.0104387411760688,-0.047318582538583454,-0.009009009009009028,0.014709913620121862,-0.005827528109495161,0.006210003960216204,-0.016337133016588457,-0.0175144270335148,0.008606230997721509,0.027988845086504455,-0.01134855548371727,0.005695524108688899,0.001294528026575037,-0.025763947957839983,-0.03703703703703709,-0.0024937276290828425,0.0027777752022684066,-0.06391751523199796,-0.08603393270341275,-0.01994792259869893,0.009331034842803287,-0.0035918912363842592,0.0049586333926292525,0.008746347173728575,0.036036001204980295,0.0051743766347081,0.0018564456518650463,0.0015309032412917922,0.0011485647209190653,-0.01928948553796217,-0.0006694699773964752,-0.0019965141547840792,0.004112592742359089,0.014648943086126298,0.01818621726662717,0.003426297785183774,0.009511345283841122,0.04646840049853407,0.01044169384619864,-0.006666753303223638,0.008974285418016592,0.010391804131869131,-0.004084205788431605,-0.009090903321936183,0.10969387755102034,0.00034781975030728773,-0.008421244058413935,0.04448933924257825,0.0003153175128038921,0.020091353601841888,0.0020066873218358428,-0.005012526536017692,0.01614413052873509,0.0076166120492047185,-0.03398055106173814,-0.0005282741004024594
2021-08-26,-0.013961592223343589,-0.0024846263372538813,0.0037994066348485678,-0.004683836303477906,0.034602076581302654,0.013937352566762984,-0.03174600171093711,-0.017796185618963456,-0.031746031746031744,0.030805714693786124,-0.016129032258064502,-0.04239409102475988,-0.011224550902464658,-0.005334824125286963,-0.010115280795733761,-0.008537257890474548,-0.06181820956143469,-0.012917102911930045,0.0812378488000649,-0.03921169654454337,-0.01176476445577379,-0.03929538717561343,0.013598304933701622,-0.03179521775184524,-0.008687047392289426,0.0029098261637237055,0.00454545454545463,0.0010738500812710328,-0.015240342146603525,-0.009502362885029147,-0.015182762320610776,0.008892188861911343,-0.0030796115835470816,-0.014767007223535078,0.006534672312830336,-0.028372194396412587,-0.008403368597089678,-0.010455109096000004,0.019230769230769162,-0.09099998474121096,-0.036011047036024424,-0.02312775769950226,0.07429295859878082,0.005309687161915155,-0.008902453882724592,-0.042537854675852804,0.027960539214994196,-0.026011604507406583,0.006521784876155623,-0.0029856987926264456,0.00013983713446008572,-0.011137697018757997,-0.00635015109654713,-0.011079290045582613,-0.006714331952639041,0.005098257262930783,0.004820150296975356,-0.011577206118739025,-0.027317346103736262,-0.004694828809546636,0.04288491741484246,-0.019538211594748334,-0.034181253500330966,-0.0067114971993469386,-0.01937021957449825,0.0006329760959269404,-0.010356250429838787,-0.006422020639995196,-0.033333333333333326,-0.01935116731500308,-0.005527447316682088,-0.015488852719633628,0.004664881873524873,-0.011638286581802104,-0.004462818199851282,0.0062971931407276305,0.0033484044377907196,0.007654697498648444,0.015075362435176265,0.001057106642865735
2021-08-27,0.01238932630843892,0.030644022516250757,0.0777819946722742,0.0023529950310201553,-0.016387952420390373,-0.005154675072764792,0.045081955733227375,0.04269042856593708,0.040983606557376984,0.00919539339503439,0.04262292580526372,0.016927098612844693,0.01857583288260778,0.005622546213202684,0.0,0.0028702202549693023,0.04651167733574435,0.041303145502827654,0.22003583677262695,0.02461348453556944,0.04166669918904331,0.0451339475228949,0.0020639651383644875,0.020545594207827422,0.030420587585256786,0.0,-0.013574660633484115,0.05256098247121588,0.016666708295309363,0.0037830055633987225,0.003474201757499573,0.01729168614603771,0.032563342650656635,0.04324726966740022,-0.004741213144252465,0.007594432706277798,0.020860475335147566,0.017402155623999382,0.037735849056603765,-0.006600706117658062,0.03448272554637244,0.014092446630524558,0.033398760260898275,-0.042253482107650564,0.015632912279895272,0.006024198388254298,0.003199996948242134,-0.002967356321318615,0.060475102818653426,0.005059949521831308,0.01286267230444893,-0.01148415615880305,0.00972028469738917,0.007238128531860122,0.009396227325943807,0.01014175672465778,0.020998835228096535,0.04120156811020381,0.027004320790219305,-0.0012863673005079068,-0.05109032609364761,-0.016304375525157955,0.02469144653516464,0.024324388399948438,0.01597225302404448,-0.030044307911018975,0.017347476526008876,0.02954757291177823,0.18311533888228304,0.03958414524680043,0.007184528234449372,0.05014751475475765,0.019451629531870962,0.02445661159169865,0.00511511806713183,0.016270352711502678,-0.0007491698493481413,0.029816823489160038,-0.0049504903750891005,-0.010031706900744841
2021-08-30,0.029720294148515958,-0.003661863985554903,0.03283580170031675,0.023474154755812382,-0.012240755260773617,0.006908456324104417,0.06274509975028075,-0.0011901746978866257,0.0,-0.01594533310026125,-0.02201254315676282,0.012804085194010772,0.011144945049772703,0.015203386356110515,0.011275625825837299,0.006868966453917658,0.01111110031850071,-0.013090718785049638,-0.10410558365761369,-0.008110059396647329,0.005714280264718097,0.06207827903095353,0.07929974046831467,0.040429056512034656,-0.011541637176924135,0.0,-0.00917431192660545,0.008152858466859092,0.01405150891043383,0.02106063937547109,-0.002993315695036025,-0.014955645002418638,0.0011841449940750426,-0.010775327450609828,0.010686118087642082,0.0003704634532586404,0.002554276005285905,0.007330416965964259,0.10909090909090913,0.03931345585918833,0.022222267845531718,0.0011117541977838652,-0.009505703697805234,0.009191123781578048,-0.005408518533474571,0.0014968525527194743,-0.015948948155784737,0.03869051145824831,-0.04073315997566673,0.004931631752892018,0.014010616312278179,0.00647919818852527,0.011222260854263588,-0.01181028184756161,0.01134357419906884,0.021476998866989616,0.005948325013447331,0.05359980377229445,-0.001752968638703667,-0.0051524893211880585,0.060407098092325695,-0.009208050732665174,-0.051405610258732914,-0.0013192646064194014,0.007453096200569664,0.01010752290912853,0.007525366367590491,-0.006278029039452737,0.06030150753768848,-0.0012502910451741567,0.03041706930604926,-0.042134901692968296,0.008740063755008798,0.012378457947248123,0.008748891727664132,0.012315318088559568,0.008724091934619427,0.013294024038428054,-0.06467661484996656,0.004800008138020839
2021-08-31,0.033955906729354446,-0.006762318544491164,0.09146544170912962,0.027522908689077363,0.007917433928588125,0.0017153051479765757,0.003690004003555236,0.0007150284711336941,0.0,0.0,0.006430831290599848,-0.0037926338242606494,-0.015731503912853495,-0.006763336402396458,-0.040418081142032714,-0.01819213712611245,0.021978000864594893,-0.009682925234766548,-0.01145666158512093,-0.042537781965618415,-0.017045438382004785,0.007623881023129053,-0.010178107168846151,0.008247430040538628,0.0038101464925350825,0.0010005613463641705,0.01388888888888884,-0.017437418044742525,0.01847573328305807,-0.034618295778889974,-0.017760909550737503,-0.003350654087770466,-0.010769421438694082,-0.022541574319783764,0.01753740745612653,0.009813298190008757,0.014012756031944518,0.018799240160411568,-0.032786885245901676,-0.0034630011972499597,-0.04891306073149537,0.01887840912087535,-0.000767698694846275,0.010929038637187194,0.004086927551467223,0.002242240093377479,0.20745538365374427,-0.03438398958445554,0.019108312496595836,-0.002453715057356587,-0.016755501082812096,0.0399555149045856,-0.0008152878291493026,0.019476424958531302,-0.0034384571253659457,0.01438520002272603,-0.003367465413069981,0.02700660453899606,0.008428953829747066,-0.003021349839495091,-0.016718235942220216,-0.009293715552282866,-0.0033868780035154478,-0.009246912360163617,-0.006094030067277378,-0.012427563135184783,0.005139096323868442,-0.004512663922616178,-0.05497630331753556,-0.023329953199956566,-0.008424488841049738,0.08699905993624268,-0.002501700308965127,-0.0034935307431966933,0.0038546307405029623,0.0048661752498320165,-0.017905364165434978,-0.010204101764804574,-0.05851064605538048,-0.008492560834195695
2021-09-01,0.03776683305594819,-0.012358173361077918,-0.057788091061225066,0.026785688626827175,-0.009562864756803569,0.017123270893795395,0.0,0.00047622391681545473,0.007874015748031482,0.011574044605614064,0.003194900444320803,-0.002538068608636368,0.006413491049291675,0.0029185584807989162,0.009803759398673062,0.03068898466986525,0.010752678064499088,0.005491508339195539,-0.03973508316503327,0.0031348060623790364,0.005780341244511877,-0.022698591706821536,-0.017994902255433542,0.031933282822748765,0.01567288962730795,0.0,0.0,0.0038579657165866976,0.030612297857800952,-0.011595108310821556,0.013257737313947526,0.007606557775115652,-0.0017620014174332121,0.0051078668221269385,-0.002462144469127292,0.01370940860807468,0.014447207357669134,-0.00952380087370197,-0.016949152542372836,0.012028889729348125,0.03428568158830925,-0.009264309142228422,0.05301571741696498,0.14774768768352864,-0.007476461231079257,-0.002982938569008886,-0.06107381682616919,0.02373892131790445,0.0,0.0023573163641794626,0.014443335536150181,0.0290287767365649,0.001658046315623496,0.0044038670741985975,0.003299687209773694,0.0023654092095504176,-0.008145495259369695,0.02862037870063494,0.010332010633324673,-0.010389246147020637,0.02204026607513243,-0.013133151186904057,0.04163109560326417,0.0039998693427059084,0.015561358726381869,-0.0076809086831360895,0.0030134327127169236,-0.007252967279754996,0.09929789368104314,0.01561412225646941,0.004478567581784221,0.05665468713350119,0.004098349562364545,0.010516997200020306,0.005759744422844548,-0.05447945201367288,0.007911894380419726,-0.002669311394143614,0.12429380281409363,-0.026766594851792447
2021-09-02,0.01107590077894205,0.007417777160342087,0.0006612183785790204,-0.006521681215901576,0.0006896709573680493,0.023569000864809286,0.01838242340803009,0.019043158384220993,-0.0078125,0.009153309588224356,0.01592356707243181,-0.020356275003996394,0.03297603104698932,-0.03443275870507456,0.012585534065384207,-0.02415721439649665,0.0673759084107397,0.0022645287016969107,-0.015517223840472383,-0.010452599017288011,0.1494252810564518,0.012903213500976562,0.029123079599164603,0.014329305842546214,0.002893395566239798,0.0,-0.004566210045662156,0.01255448869567255,-0.016501712836812787,-0.018102302440287543,0.012575384425631997,-0.0001461321536726512,0.007627754354260219,-0.0009242282421940695,-0.001045974770839675,0.014345028681565175,-0.014860667293316365,0.013822203006091494,0.01724137931034475,-0.0010565482008050298,-0.033149140705165725,0.02420244921185999,0.061291510927695025,0.0015698946721343088,0.009385995449646023,0.013463027012129647,0.0014296253102850098,0.002898547920302308,0.0020832815931923765,-0.002045036517339116,0.02389990176824619,-0.0041485375091893095,-0.00047295511742373453,0.000617588513796008,-0.0018771868814700943,-0.004564478889317991,-0.0025549017011752273,0.019738405202503362,0.01367347418243714,-0.008311629140513976,0.004004962162103665,0.03992386923421409,0.003262772793697133,0.006640123431222333,0.018360011869046566,0.009881475971180054,-0.00908175951013146,-0.005479435986686987,-0.030109489051094895,0.0037860737470758465,0.0074749876397237625,0.030638268653382594,0.006335720886945229,-0.01387666580094482,0.011790588878780817,0.0345710605511762,0.005256001859801573,0.01670525247674126,-0.005025120811725348,0.009901006719154726
2021-09-03,0.03129894996575211,0.01026412939886634,-0.009581992863938349,0.03282267240610248,0.0261888427599426,0.016447352942006832,-0.018050609462124223,-0.013781829798211298,-0.03937007874015752,-0.03401359220221645,-0.0031348082340301175,-0.05584413493377227,0.04083418476562195,0.02661980589187518,-0.006392118801882396,0.002878482132690152,-0.03322255978385491,-0.020600684029387195,0.017513134539136832,0.01012741246468396,0.0549999475479126,-0.0012738537791289195,-0.08171706008991042,-0.027351963777919264,-0.003967160878160514,0.0,0.032110091743119185,0.011639652812359458,-0.041387013750085466,-0.00010301657034494927,-0.005814770573212336,-0.008863946010906232,0.021083632450790146,-0.013100944025667305,-0.0033500355010297467,-0.010328832824811673,-0.0157133879571133,-0.027860177671720998,-0.03389830508474578,-0.014278184026565333,-0.02285712105887272,-0.004296451133207757,0.0,0.08934164335421313,0.003994858624628117,-0.027306295246465107,0.011420402912076133,-0.02312136497804762,-0.01871105065666223,-0.00020488364117865476,0.004201365685592373,-0.00645695383321454,0.0030756217319665158,-0.009072401603269942,0.0029339374158245946,0.004311086264728647,0.011750478672222675,0.019356341883175032,0.005100849490087933,-0.025743380395343518,0.016569527861277633,-0.007312607566229201,0.017073146092328795,0.010554047346871265,0.007601007619084443,0.0030985161447101284,-0.00337643693914802,-0.013774128168760669,-0.03198494825964249,-0.04057601450500625,0.0042303588920646895,-0.0016514867594011884,0.003147916125525674,-0.0017591404185595128,0.0036623635668404653,0.0,0.002240794605017804,-0.0029957859360347783,-0.04040406168924138,0.010348508735988915
2021-09-07,0.02124428880788698,0.004859016877701627,-0.03636364099136824,-0.06991524118111359,-0.0030221675793395963,-0.03559867254086857,0.05882359128509962,0.017290372362148698,-0.024590163934426257,0.003521132803927074,0.03144654163496252,0.01788172142805844,0.043371892811366886,-0.003914111084858285,0.0,-0.0011481318987415223,0.024054959167747025,-0.027547818049144523,0.08089495466353847,-0.03406644662931857,0.13270152783378864,0.06249996958946746,-0.1253462270456892,-0.005871521564355886,-0.018464541496902465,0.0,0.10222222222222221,0.011005468527936157,-0.009334880578160343,-0.004815479571108283,-0.016246659764274862,-0.05033452209223821,-0.011886506574099842,0.030298197764235812,-0.021681701110550566,-0.007331916877815314,-0.03575986407400411,0.033536655926975634,-0.03508771929824561,0.011534343327676666,0.04385960631655861,0.03937429914714574,0.08078378718264356,0.07625902508684956,-0.016017543732735007,-0.004552288424856887,0.007762855051869355,0.017751461759777376,-0.002118591629062694,-0.02459521911092144,0.0026896889768206478,0.033962209260559595,0.001415184158279903,-0.009030873008783136,-0.0078009151015376865,0.008982024369138308,-0.002190347667561432,-0.01795925212033811,0.014773939495208888,-0.007289358358639864,-0.025958363496077275,-0.016574526444924187,-0.06474824121920286,-0.009138336306402595,0.004018451215471508,-0.004389553419292369,-0.006084603786791543,-0.019553015437405286,-0.03984450923226435,-0.011198503860687992,0.015489283669290588,0.0463192273676285,-0.004405352463648371,-0.002643106084990965,-0.01658655213542426,0.013613819024244744,-0.0026084671389171588,-0.007557281525605752,0.0578947450975964,-0.03665759707788008
2021-09-08,-0.05497769457807811,-0.02146686177949586,-0.0311580270520605,-0.009111608899671664,-0.015493465259241668,-0.06375840805515565,-0.08680560729569653,-0.02095463352483795,-0.01680672268907568,-0.032748544447581684,-0.030487805587205763,-0.04459458370988967,0.0054103712148321215,-0.0014733400031166077,0.01572557123147722,0.004597696865513701,-0.02684561181007228,-0.007954330101718199,-0.05573248588197499,0.012388399880075562,0.008368192488977133,-0.04561826145513992,0.004750551496336186,-0.027354594451530212,-0.0034430401038310077,0.0,-0.14919354838709675,-0.02597722129208957,-0.02237922090759692,-0.014516341861003701,0.003633258200450795,0.0012185957483583643,-0.01500584612381306,0.05366107983231494,-0.0013313413270887864,0.019142375164953318,-0.009271545681188043,-0.08731565954537368,-0.036363636363636376,0.01034206839344698,-0.008403353487606458,-0.017644013726575092,0.006679360079691277,0.002673794234694604,-0.0023918756468325197,-0.016768272841622966,-0.06232488839572681,-0.002906973923522793,-0.021231402085489348,0.01744059705182166,-0.007384883742423409,-0.03325196524938667,-0.003480606782857998,0.0021368634063627656,0.002766833508456079,0.004619174430729789,-0.00445030691988868,0.020384413506960852,-0.0473438761647057,-0.03533746931819848,-0.003098924307399553,-0.009363331330736413,-0.047008638715310025,-0.04874847829548545,-0.024408440078659055,-0.014206286565048742,-0.008556378780730567,0.0037986149394244606,-0.06882591093117407,-0.0044578644166509696,-0.01008345158927626,-0.058498007386038164,0.0035155888354643228,-0.007067131795992387,-0.012200013475053395,-0.01831497267589033,0.0013585365160975194,-0.012293451407527023,0.019900478628265272,-0.04196977978609728
2021-09-09,-0.009433953069178047,0.010781730323499383,-0.018402761685364144,0.036781684541848714,-0.04276428394033305,0.08960573599218202,0.0,-0.018073682171755756,0.0,0.015719520572035517,-0.01572327081748126,0.036775070117654574,0.01345280476772115,0.018691637026426955,0.012315247921167671,0.012013787032080447,-0.00689654492027858,-0.016739272377447767,0.006745431412040981,0.025024851674257276,-0.016597592882582446,0.0025157209316162277,0.0,0.00031953727199285353,-0.01209122915458527,0.0,0.0,0.004826071794794329,0.01807224278111641,0.10466058740387285,-0.0030350187170833376,-0.018191755191856895,0.0002517475966885563,0.006473491931500597,0.0029676098868707257,-0.004808759655586803,0.01938502413860621,0.014867455608680524,0.018867924528301883,-0.013910729672518718,-0.0056497121870150435,0.0047543661456403985,0.011374366740660502,0.0,-0.003932780158473426,-0.010077555838328922,0.01120236106678485,-0.014577245289547514,0.019522705671186635,-0.005059870738324368,-0.03363053105262592,-0.004195007825521069,-0.003440103615338308,-0.01517716033403782,-0.00232197173693538,-0.011726004336084506,-0.001800234108818799,0.00045658789708946657,0.009216062812380521,0.0014273872662917686,0.009636350355477052,0.01134214427451985,0.011659227136758155,0.0069252994236457255,-0.011924612197463547,0.014576595325091812,-0.006595655037910153,-0.00851463921469131,-0.005434782608695676,-0.01234414470495715,-0.0067050442379428254,0.06213264320729239,0.0021140741041130173,-0.020462551647824512,0.0010814807638741541,-0.001243809568318821,0.020791660149908076,-0.0009287614559599922,0.014634132725648952,-0.01752343047330207
2021-09-10,0.09682533939829807,0.013629710145778073,-0.014561326120449358,0.006651825154924573,-0.016082875730985546,-0.03782895098019845,-0.04182508609509583,-0.0012109284560888334,0.0,-0.053571442087220644,0.0,-0.020463860426835012,0.01769916209686273,0.004345751897877115,-0.014250957421828692,-0.023176926796737995,-0.02430561419438204,-0.015307577560324859,-0.0351758952376392,-0.01667028388682268,0.016877722448569,-0.0087828979506831,0.026004798131790352,0.04185308003905375,0.00012496260260830283,0.044477729260439025,0.05213270142180093,-0.0025278636336417692,0.010650905872117145,0.01157565833020513,0.006271975363862481,-0.011586215240359299,-0.008055918846539,-0.013157845044092342,-0.0073753896279910025,-0.007901860446005937,-0.0032787010317942844,-0.02675159754117251,0.0185185185185186,0.011977662139865508,-0.005681812794001595,-0.010515286967714865,-0.0159324694868892,0.0,0.005472205205475644,-0.012529411491096987,0.008124051476156025,0.0,0.0,-0.004462898930831627,0.006249095722509201,-0.011583637419579462,-0.007589746164091915,-0.01967774541113998,-0.00414095977618234,-0.004308001431212238,0.00944287988162662,0.0434733158355205,-0.08368980828093109,-0.0019004703145953927,0.006773436693465529,-0.009345741082053105,0.05496451544875147,-0.004126558220864496,-0.019114265798036767,-0.0013060027724207668,0.0077693662452960055,-0.010496196616569642,-0.0480874316939891,-0.0058816732427852125,-0.033101518269347374,0.043478277258538256,0.005786218033200896,-0.01998194712772472,0.0034680808530040963,-0.01120793010505261,-0.002890733459225747,-0.0004649242781146201,0.009615375798129211,0.010107020177072767
2021-09-13,-0.030390744252421498,0.018999972554269773,-0.02142593019005279,0.008810564358837869,-0.031965166951198554,0.02222224214704216,0.003968281750716507,-0.006304610224257767,-0.008547008547008517,-0.020125766648174337,0.003194900444320803,-0.026462404145269014,0.0069565772289132966,0.0,-0.024330132292629703,-0.02835646710922013,-0.06405687971672136,0.01467375388591452,-0.046875034493428114,0.033577596900111084,-0.024896339859439842,-0.003797494866606632,-0.02764981549112766,-0.013799471159672616,0.0037461973648786895,-0.02669857335432868,0.0,-0.0035478812188702857,-0.0023418623160058605,-0.0010808578166069394,-0.0166575805451028,-0.01461827525260162,-0.0017130117135325529,-0.016811241126697074,-0.00012965584102742067,-0.01386208732329075,0.019078945098160993,0.016361256830427218,-0.018181818181818188,-0.008942665662658111,-0.02571426119123188,-0.0031880694428960688,0.0076190403529576844,-0.09533335367838547,-0.0012572214019448413,-0.0031720132724754047,0.007326035477244419,-0.008875801417927431,0.0063830236225137504,-0.0055254252441016005,-0.005455411243091901,-0.010228049476026069,-0.0006902845999228191,-0.006561061125157752,-0.02092751688507477,-0.0034532897607970625,0.0016261756649473824,-0.04920721664798111,-0.06030022684143732,-0.0019037645660157088,-0.041284414372239064,-0.028301903767787184,-0.02689075232231275,0.0013812190879369801,0.002814724980198635,0.019781042522101444,0.00511640214000475,0.0038572917171522114,0.03329506314580932,0.010230517184193877,0.003893020076408904,-0.009848493660558288,-0.013423565050157293,-0.03892503224962163,0.013597741003297248,-0.036523924403414565,-0.012329573576611574,0.01664964384111034,-0.00952380087370197,-0.00412005272320326
2021-09-14,-0.022388003403051693,0.005020062977794115,-0.03265382327640731,-0.10917030749542211,-0.003752359583532372,-0.06521736876951056,-0.031620585392675093,0.01024895042299101,-0.017241379310344862,-0.033376151417848776,0.0,-0.040057187716674436,0.0008634952118171668,-0.008173207594320386,-0.025298268573034632,-0.014889814554375658,0.0,-0.0320732815181185,-0.0928961951138707,-0.007089927713706978,-0.046808467897799355,-0.03684878857306695,-0.055687198436275454,0.02378729456710471,-0.015551074635115514,0.027430940326822473,-0.058558558558558516,-0.003560513497838813,0.016431852362269073,-0.010867508398220482,0.006820358611521415,-0.013516201142802498,0.0025422931062035747,-0.03744104526233272,-0.015899123851925823,-0.005952018506703238,-0.0006455925777663074,-0.0012877980961516489,0.0,-0.003715482710046736,-0.04105574820537583,-0.049040515195600376,-0.03591680522587093,-0.015475316350012092,-0.00536307338469455,-0.025457446333640887,-0.025454573197798314,0.005970143730110733,0.006342539045956608,-0.004507813271067529,-0.004174160735953447,-0.022389685977508456,-0.0028433028902666857,-0.005100364981710959,-0.00021702649482913117,-0.002073980962099431,0.005832067586377887,0.023576803148592784,-0.04658345174138967,-0.04673341811611054,-0.03253589937327628,0.029126231570822947,-0.015543831671654962,-0.023448337204001746,0.0020133651973393007,-0.0012824689493029506,-0.01582876570735814,-0.014409246443872759,-0.040000000000000036,-0.021595859722279287,-0.009561899623213854,-0.0030604409171384184,0.0018221939140576904,-0.016393407602039,-0.014812855904852928,-0.01568625935465673,-0.003272718960703469,-0.008600183801677375,-0.024038439495322916,-0.06146571850848492
2021-09-15,-0.036641258162833146,0.007777833688491942,0.010341439596036617,0.00980391240220757,0.008286298569682549,0.0017888643598780174,0.004081661251375213,-0.0036232251292344086,-0.01754385964912286,0.005312037674821246,0.02229295745525195,0.09239938629423627,-0.04572900219140408,-0.0009694075455557449,-0.006673840377306672,0.025997483314736503,-0.026616033694073615,0.018195316341678147,0.046184802122912316,-0.017265295907154754,-0.022321407189022646,-0.002638519937706696,0.017147630699649863,-0.02186780327075688,-0.018197959228371197,0.01531099018297688,0.004784688995215225,-0.0033180466335540615,0.011547388363939648,-0.0036860589606866334,0.004123389799430166,-0.00105572015357569,0.01046022927066348,0.027258738158070672,-0.008956039459137255,0.00546391858569506,-0.026485779039815083,-0.021276590511684734,0.0185185185185186,0.03622803881683012,0.018348606461624728,-0.012331799970448976,0.025490155868403752,-0.022455033291157944,0.007264346817772882,-0.004898063581227463,-0.021641788814083185,0.0,-0.0189075941723289,0.0018955381940943816,0.007344150151294526,-0.012552340476669643,0.0074350240051310745,0.00354918545241123,0.02491435339128767,0.007475391332653958,0.015681250581186745,0.021348245112890796,-0.019571943893975652,-0.022011090730155836,0.030333006218535186,-0.011320833482532322,0.0070174851129443105,0.009886957722700318,0.017733844312706637,0.00256816928851733,-0.02054691941879372,0.02339181246762778,0.02662037037037046,0.0018704812559890982,0.006143637479569808,0.08902531628430044,0.01582489981359725,0.0009804622384170791,0.023943515953502192,0.013280199448375996,-0.012050734257524232,0.010797281024705896,0.024630518729541473,0.005667515865194872
2021-09-16,0.06339145784385414,0.020251007377712016,-0.03167244936869629,0.019417457749564715,-0.09413524148942765,-0.037500007450580686,0.02032521585926772,0.0193939208984375,0.03571428571428581,0.023778112606642754,0.018691660976310587,0.025920881200281798,0.012658182415031805,0.011159816902432285,0.02500914894170858,0.0029464435139858747,-0.046874956344253316,-0.005666124934962213,-0.030710191670107134,0.019086890290695546,-0.01369861671503625,0.010582000570312333,-0.0008223872538916099,0.021269912114497025,0.015703551591562448,-0.009896281220205583,0.03809523809523818,-0.00025603896872072873,0.021689449248742054,0.017878004573666617,0.004473129223385053,0.00429790980511191,0.007842350247271312,0.0008941738374437236,0.011296037759324085,0.025312864144597436,0.009290003062895735,-0.001976329778812902,-0.018181818181818188,0.003341831576317178,0.015015072636763493,0.026674193585052075,0.03569155096198018,-0.026033701505644324,0.006506298708993663,0.006562780912282573,-0.017543825191420503,-0.008902068963955956,-0.023554632059385128,0.0077779889480433795,0.0024762412947658685,-0.010035709186571817,0.0006872871030199068,-0.005239393797670577,0.006096037026590562,0.0035819053548502566,-0.004688556296436164,0.05874596167702162,0.012781838643613375,-0.028132667910460762,0.018880004882812607,-0.0057251401300709714,-0.02787466749120404,-0.008391557585383014,-0.004186842540889191,0.012648098659916007,0.0011572801450940862,-0.009523803825476906,-0.018038331454340528,-0.0038585707334360952,-0.0016105166823104922,0.03523608278968626,0.00041785440506258986,-0.00587672823167229,-0.004377595126632605,0.03931844159869802,-0.008086018878948997,-0.0020085808801260097,-0.024038439495322916,0.006887893227174757
2021-09-17,0.035767476863449055,-0.02283274660085588,-0.01675309459140739,0.10714293012813969,-0.04536084047297839,0.0055659017720737225,0.015936239338051328,-0.0002377722167564711,0.06034482758620685,0.050322583926621256,0.0366972701817021,-0.01063828775385156,-0.016071412662919005,-0.007677646211799782,-0.020757353682317237,-0.03584022291099942,0.01229506995337748,0.007451702054986908,-0.003960436326835848,0.012876440020797464,-0.05092598571453333,0.0013089305047901956,0.05596710506383018,0.019610838240595285,-0.011785722582837943,0.0,-0.1009174311926605,-0.022797114978920452,-0.023463691913108042,0.0002579151836901161,0.0017886580786869999,-0.0037884924176853074,-0.011516463076616468,0.021745462504045854,-0.0038984659707098634,-0.012234100994585884,0.032215632471350064,0.045544590853564326,0.0185185185185186,0.0,-0.06508876365722238,-0.020453335329600142,0.07969231238731966,0.03773581227671219,-0.026694686864478068,0.026079880097990005,0.05590064135337647,0.017964126568860372,-0.006578888892025958,-0.012932810797773864,-0.006346675771855104,0.011264094862157403,-0.011841990297795202,-0.0015142256136893018,-0.015982326407554592,-0.007373319866162298,-0.002661090813163236,-0.03075653005263046,-0.005813897507539911,-0.0010528201967372475,0.03266334518038039,0.028790805042063328,-0.033154093681968755,0.01833565880361232,-0.0016583810336595617,-0.01818185164643693,-0.03468208407282869,-0.002884606930104172,0.013777267508610747,0.010995937726293592,-0.018347710927006156,0.0013615015884942405,-0.023745574327581398,0.03448294841018562,0.019701780239402167,0.021437649030406014,-0.013851501781088071,-0.019394410938222917,0.03448272622135784,0.02301000254906227
2021-09-20,-0.058992785419293536,-0.03742932845686464,-0.01805272623573173,-0.05806451083635489,0.034557285425129036,-0.05166055458800034,-0.1019608104685763,-0.019267396661541092,-0.07317073170731703,-0.04299751162080656,-0.06784663837414229,-0.08333331731057947,0.029945426055006275,-0.03529971035598023,0.00855345095920823,-0.02803169058039423,-0.05668020375811378,-0.027556112843784786,-0.06958250778461184,-0.01313301109468501,-0.08780485450476794,-0.031372581040967296,-0.06936869435815785,-0.03787089499157037,-0.014747265718568436,0.0,-0.0714285714285714,-0.00917437155489853,-0.05491985752934625,-0.016457599846607218,-0.004882589892027056,-0.0012203610324518221,-0.02248240589573769,-0.045772258407083655,-0.01662263718760837,-0.01353942307023348,-0.04331206113137487,-0.04924240691018922,-0.054545454545454564,-0.013579267124599781,-0.06645570646931442,-0.04345364448376343,0.049016848481725495,-0.004545414152223648,-0.030308353263726606,-0.02144558698843313,-0.027205943298173163,-0.032352979537936366,-0.011037569187436924,-0.01954774393546166,0.006352441721468649,-0.054355159570226186,-0.020663133859466165,-0.01859427176661277,-0.02015340856103698,-0.03084174438431353,-0.022094822773757627,-0.03870067349979245,0.00684632325432033,-0.04373045540492593,-0.023418504645681626,-0.04477616454795885,-0.04726605777317461,-0.04016616749043822,-0.030629917472895007,-0.022866339654739054,-0.00628731447485853,-0.013500487353053647,-0.08493771234428082,-0.024595296046142634,-0.021361160309003036,-0.10129162251897994,-0.01650071580065604,-0.04000010273936161,0.0016917109487812887,-0.01975312552025288,-0.007916141810056176,-0.014460159531276995,-0.028571402621105912,-0.11246202405276662
2021-09-21,0.02446480861549971,-0.002582503425292648,0.04668453477910961,0.025114076210768888,-0.04718167148720154,-0.04280151671328203,0.04366815076161368,-0.0014552843550131866,0.01754385964912286,0.00898583983446466,-0.0031645689956499856,0.05865096898272237,-0.03453740185950116,0.01654126065137862,-0.022861406717155752,-0.0031348082340301175,-0.08583683082144511,-0.01566000005916901,0.029914618159655237,0.023208775663717818,0.037433183034006445,-0.017543811104012486,-0.015494093169511114,0.029133812465151676,-0.0007808930733912423,-0.015326040586198908,-0.03296703296703296,0.0031745749816607383,0.06537529623363314,0.011107676866180194,0.008384931594405343,-0.008625846016603655,0.001481678623307392,0.01695700127520694,0.002057122315667348,-0.0006904771775274599,0.019973317437915306,0.0026560398896751103,-0.019230769230769273,0.022077882444703656,0.023728790546210465,0.00412977531996761,0.3564248422279199,-0.01674279005179813,-0.016126153325525583,0.008928604482399072,0.006046929716435168,0.0,0.022321407189022535,-0.01066923002480391,0.023019742959949685,0.005653737601676978,0.0012304617766094594,-0.020962074670471065,0.007173099188675591,-0.0036057473697842513,-0.0004680371391427851,0.02185793500439792,0.02124946986567333,0.01873307989874129,0.005294243715788349,-0.007812492724042275,-0.0019452913444815145,-0.008658031695484403,0.009825899449781739,0.005767929381522929,-0.007607401174467787,-0.022482872973415557,-0.017326732673267342,-0.012544321930294866,0.00342779329680587,0.024205725292026692,-0.00037281775507580495,0.021825427918277907,-0.003378066569491911,-0.010075557069209928,-0.017477004607644453,-0.003123890351190539,-0.004901956201103785,0.030136956773079815
2021-09-22,-0.0089552155951661,0.021601044819703263,0.023287948447153983,0.02672613998070572,-0.002629249200033601,0.08739833773793881,0.025104578301714975,0.006315330284046183,-0.008620689655172376,-0.008905813619682568,-0.0063492305695064255,0.009695314916279063,-0.06369774171604203,0.003451647484302711,0.030188483713462055,0.047798757680227455,0.04225347856046224,0.013939366196141112,-0.016597572987343656,0.05285612109867732,-0.07731963450678692,0.04532965854333981,0.03870692635273487,0.014455639685808208,0.004689020063636029,0.014694476094269326,0.02840909090909083,0.04008440219304865,0.020454471318191336,0.016478441722210357,0.004248414864432171,0.009103710258119735,0.019298838177295607,0.024485387786321366,0.005042891777101266,0.010519580738453493,0.004569233021733288,0.029801311118995866,0.019607843137254832,-0.0010164447873202143,-0.0033112551411966784,0.005287905415233718,-0.3168435729647754,-0.02941177338985901,0.008434653940780468,0.0016090163624573606,0.04507884364234216,0.04559273468287439,0.01746723254120064,0.008387762717527059,-0.0049293210584618885,0.023424403473960353,0.009340461434761416,-0.0032253720612538395,-0.030670852791208514,0.01089234819407503,0.019552354390656834,0.0247735301888663,0.02885284972557889,0.023255775376211707,0.04182163382497395,0.023622025071121877,0.02729034405539088,0.018922903774197142,0.022245321237687854,0.026871981213870244,0.009563458512632517,0.03500001291384591,0.035264483627204024,0.031181833641214407,0.01687233147356837,0.01698674272958911,0.008454035255989423,-0.013592268962193343,0.0062870123699985125,0.025445328588419525,0.025406092264022018,0.008545990476495735,0.024630518729541473,0.06050530915692853
2021-09-23,0.07680726493022783,0.02179573122943279,0.006750285421764257,0.00433839053086249,0.025922677796777593,-0.020560772986024767,0.02857143413221186,0.013034055311360593,0.017391304347825987,0.030808698652066813,0.028754043061230083,0.008230444868793985,-0.0438596078453517,0.015724699536769915,0.0010991116713432447,-0.00840332478575534,0.009009000301245074,0.015540958517389347,0.08649791361271797,-0.008894174366682606,-0.07262569720786527,-0.010512473364321706,0.015151549470820092,0.02790555405630224,-0.015817170194165397,0.0,0.03314917127071815,0.024847859441168074,0.0033408338724743025,0.0016930539420390023,0.02964884648479038,-0.0012920293208904532,0.020637447468187187,0.04956014134694109,0.0017759109315265142,0.014652321645851396,-0.0012995748744313307,-0.0006431015279211305,-0.019230769230769273,0.021622957120999153,-0.02657804782708395,-0.0011689337843490133,-0.011726810868408988,0.043062198045910716,0.010738165563568769,-0.008835373732611451,0.0007189237233311552,-0.01744184354113687,0.019313338097612043,0.005617334393223317,0.009907899596952374,-0.0018308970898849308,0.00922684122723072,0.009845044239457756,0.007602877644539152,0.01063594079605279,0.007411223233599884,0.0328009128948592,0.038694928103472526,0.021141417894922077,0.019625329362176425,0.0057692713286059405,0.024667939760482094,0.021428477349282105,0.0037244146211852236,0.012286645928138773,0.006766269293790428,0.016425116993474598,0.021897810218978186,0.02177700331891952,0.00671934027556409,0.07843136440109122,0.005362820679831071,0.02952758406177103,-0.00983340213945294,0.1017369295451247,0.013457144754703831,0.0031071261522215288,-0.03846150319251662,-0.05329150081253653
2021-09-24,-0.0013986333913919013,0.005740128952445023,-0.008237553618602012,0.10799135802189408,-0.030835169547770547,-0.00190834971020315,-0.039682502138671416,-0.040028597958368994,0.0,-0.033623887953996845,0.006211203670828613,-0.06258504001572074,0.013251807305735719,0.0009677476152243347,-0.008415665013384088,-0.03874093980560289,0.07142860944173757,-0.02148321224457217,-0.04854368932038833,-0.004985541882895572,0.006024090761646228,0.006640068061694926,-0.01210169960991303,-0.0018772166558551628,-0.006718391141667834,0.0,-0.005347593582887722,-0.0014843533229015327,0.008879014614185277,0.0016206656097752514,-0.004284163597887303,-0.00258785472280465,-0.005627161968620675,-0.025146941402141798,0.013164459204551893,-0.002571818782385882,-0.02927780173166661,-0.051480063880223415,-0.019607843137254943,-0.00273905903310534,0.3686007295282867,-0.012287945579069426,0.018095539214432632,0.05504589229575507,0.010876952728468448,-0.030794107223853562,-0.01795977001650706,-0.026627263177704807,-0.014736878244500429,-0.0037597860982903075,0.011012190689567491,-0.028434082519434578,0.0009385234027123879,0.004635996512989848,-0.012887585658345024,0.0027868730462519142,0.0012294798912080296,0.01721994722359832,0.028686384452355718,0.0015528680726561994,-0.010207123927484907,-0.028680706466613914,-0.013888877357310037,-0.01258729953583193,-0.008942530946104643,0.0026798949524240445,-0.0002241432275223998,-0.006653994792260365,-0.02619047619047621,0.004749718508701095,0.0006128865778369796,-0.01010104837382797,0.002759024717366332,0.017208445574069975,-0.007078257902218055,0.08108111010696084,0.005152288190449772,-0.002534251236561591,0.04499995708465576,-0.03311258194493727
2021-09-27,-0.00980387901024904,0.005777936781024007,0.03824607928778567,-0.02923978401972782,-0.01060538135300726,0.0152963524692733,-0.004132260173905,-0.00347479241665849,-0.02564102564102566,0.0012886073201057169,-0.0030864902502700797,-0.007256852665689317,-0.010563477576086222,0.00048324411986433446,0.02804425768897767,0.035894247127881806,0.4999999006589293,0.03007518796992481,-0.0040816741735756334,0.04469384751532446,-0.15568862104472314,0.04617413036350593,0.03511639928089294,0.013744168265230172,0.020291703971098585,0.0,0.021505376344086002,-0.012388503281433594,0.0011001351720536512,-0.004368794514355678,-0.027719928372211378,-0.015990404258394264,-0.016292382839260267,0.029091794640289326,0.008049794387788411,-0.03336828157974381,0.030831101594822163,0.03052915985432203,0.040000000000000036,-0.007490617797139443,0.34663336337843265,-0.001777178956655412,-0.048659620739949005,0.014492739601511984,-0.019482311716987444,0.0,0.07095832199086449,0.033434691425482166,0.02564110401662978,-0.01024365937163041,-0.014655173478474004,0.02076951925817494,-0.00798216624882786,0.008754026063991338,-0.030608143254567177,-0.005756835077931344,-0.00013894438153083666,-0.06477443363052782,0.03974765332339314,0.021188529763145336,0.015026580933009459,-0.001968455156468263,0.023473998264464058,0.03682729165390297,-0.054273045307672185,-0.008489396246291081,-0.0029875782800556916,0.013397134044685455,0.014669926650366705,0.010424249822443166,-0.010549889131016732,0.15646260003930168,-0.03295627813557844,0.007518790866757552,0.009891600567713876,-0.05208333126372766,-0.022842934836129203,-0.0008467205597246785,0.00478468462867454,-0.0410959154652657
2021-09-28,-0.041018381161493034,-0.06900636999810605,-0.03274415481922244,-0.038152621785693897,-0.02858416288945176,-0.06026368646133573,-0.058091296706216045,-0.04034875927807502,-0.01754385964912286,-0.04890602384243126,-0.03405568111775592,0.0014619520207019843,-0.0238941607638975,-0.028985280577662698,-0.017588077747767605,-0.04863228615840065,-0.10833329911585121,-0.025547445255474477,-0.04713110781523111,-0.00019181432197989956,-0.0567375358864356,-0.0037830685524083973,-0.04536487578796633,-0.05251891424580113,-0.019628414031195085,0.0,-0.02631578947368418,-0.04340189452448351,-0.05714290505114106,-0.03756499031836358,-0.013928674612372904,0.003930630341170138,-0.04614712854779013,-0.04024532005255432,0.0010847499739234934,-0.03383540375239458,-0.042262715693628494,-0.051349555926156865,-0.038461538461538436,0.02515723270440251,-0.029629689152511185,-0.007715196746119868,-0.03552838286519855,-0.0028571401323590484,-0.03171829791826486,-0.014214098506302841,-0.025273215634030843,-0.00588234716633218,-0.039583343681361516,-0.02494826116882587,-0.016815596540995736,-0.029826518595869933,-0.028297755615693032,0.0030945626152365513,-0.04121594280885266,-0.0263784679831095,-0.027393872832000565,-0.016800277208512293,-0.02063112313296267,-0.009615185614267663,-0.04005808527005339,-0.009861970225235495,-0.04678877163028683,-0.0382514624778062,-0.048717593789578406,-0.0367845329253198,-0.02682070607698428,0.000944306234174519,-0.028915662650602414,-0.011636290950106765,-0.023801242012045365,-0.0523529052734375,-0.03597624120926479,-0.013059646007410164,-0.030041077866350574,-0.021978104896205664,-0.027812961761811028,-0.04030894213755476,0.0,-0.0035714421953473297
2021-09-29,0.03244834563181653,-0.03476560615805424,0.0021157297961744703,-0.027139898846810673,0.010574691597072583,-0.006011970811066636,-0.017621128717675627,0.029068330705056766,-0.0535714285714286,-0.01623818714987313,0.028846079781212453,-0.1211678737608064,0.03958336802509743,-0.01343291092613852,0.0230178951470279,0.00447288499711207,0.05295952469585652,0.032359605424859605,0.023655935854894672,0.012472372450295977,-0.03759403752797941,0.05189877459491332,-0.014049592639210795,0.003614970115618732,-0.0024809470983887527,-0.09441688375720358,0.0,-0.012326283963735474,-0.024475529139196706,-0.010421207205988159,-0.0052235181013520204,0.01145963068273037,-0.00437399311337483,0.011607591401964434,0.015476671874879333,-0.00628950823770047,-0.02376099379988661,-0.0444135597796953,0.0,0.06871163771927713,0.6011451736251527,-0.0400717765436035,-0.09114001120181192,-0.020057287407311386,-0.010373150046312452,-0.017811680569536192,-0.04975473128038288,0.017751461759777376,-0.02819959016830076,-0.0018994208820705127,-0.0011584007907381455,-0.014537701812769366,-0.0016393943033330416,0.016699117986531675,-0.0018487607998171063,-0.004475351789266391,-0.0031364005696572494,-0.0014331923564924187,-0.012267631985221517,0.03270294687808595,-0.016631365047960034,0.019920299803290353,-0.019249425294371125,-0.03409077387623016,-0.011307911023609396,-0.0098762755591707,-0.004772821165328844,-0.012264202135071622,-0.006203473945409432,-0.00801063281471226,0.006482845147436356,0.013035324426848183,-0.0014429147959713617,-0.0009451560071846998,0.0029897581698528075,0.012359619670380129,0.016332219196079523,-0.02011784886776835,0.0,-0.03225805128443526
2021-09-30,-0.03000000544956749,0.0035859899739543177,0.01842615983274487,-0.03433473232857809,-0.005459460163053098,0.0020160790257601757,0.01793720247125674,0.025977269600471864,0.0,-0.015130670875135421,-0.015576265308998805,0.0315614713990775,-0.056112237806028475,0.008572780358336862,-0.040357061178741716,-0.006997494178309749,0.029585769599628886,0.010738613037927003,-0.03781518935483641,-0.11418549760020724,0.0703125276486396,-0.02286408236624149,0.03730089551055227,-0.0018009173365430842,-0.00385753030828917,0.0,0.00540540540540535,-0.008762560214935822,-0.02150541309879095,-0.013456167415645037,0.0010353835997494176,-0.0070101252734647845,-6.649082010157237e-05,-0.017355024914394557,-0.011782719849381174,-0.011336292322361996,-0.0006954262032162761,0.02033403948169976,0.020000000000000018,-0.017680837457016763,0.2598330467574337,0.018691660976310587,0.021663134650745652,0.02339179003549785,-0.019498925815119028,-0.01640765942355016,0.07522120003873778,0.049418556699887706,-0.029017882564162045,-0.0055972236622766625,-0.024525016982956838,0.020314285420162337,-0.0036739841469113355,0.016292883385615076,-0.0034274562265314,-0.0048710792439015105,-0.009295816426259762,-0.005409538166830319,-0.08468197312167436,-0.06432439420596159,-0.06180812424933335,0.011718739086063357,0.047105057769488035,0.005882367525091636,0.009867788907962582,0.0026597072702707614,-0.0023204756958982165,-0.02674308589689578,0.0012484394506866447,-0.009788364357016022,-0.009311926319897745,0.12009810223482353,-0.005320181008825919,0.006622442329393907,0.0035437014694699176,0.05771359499220452,0.012079154541823733,-0.00861288501285229,-0.00952380087370197,0.027407398930302307
2021-10-01,0.013254808997573031,0.00310736431493841,0.0269506269914197,0.38000000847710513,0.016010908707630778,-0.006036163830508867,0.017621128717675738,0.0017207397811969116,-0.018867924528301883,-0.06424577235456153,0.0031645689956498746,0.014492778105480664,0.013800220658657159,-0.006500025006966226,-0.008187637839967787,0.013452917537838838,-0.057471277755039685,-0.0034457696843029906,0.010917031052636528,0.01133929739546935,-0.007299263086460783,0.023399080878747425,-0.014141429554332396,-0.017290655374260777,0.009747413343792255,0.0,-0.005376344086021501,0.017947981143358716,0.034188119779171355,-0.008228359252285378,-0.0009234974987669675,-0.006822380864339173,0.011782651055214588,0.05575818737342919,0.005097664653820111,-0.005064387169619877,-0.044537254587309505,-0.0007117600531016954,0.0,0.008415161772416413,-0.04730369105354215,0.007951018821622524,0.04514362876733169,-0.014285700661795464,-0.00861427975446205,-0.023704999566045437,0.0,-0.005540161082465245,0.03908047816573568,0.011820279193062166,-0.001573790596879232,-0.01374715164857565,0.0062016670963847,0.02901269390159511,0.003039672217489242,-0.0005418778291703674,0.004990502911908612,0.04551004870376185,0.00397479329997763,-0.0010575307797685563,-0.008194034681236806,-0.032818456581167665,-0.010309178097864802,0.017543748842714812,-0.00702634789602441,-0.007958856773714551,-0.0020932920375816844,0.029440679023834626,0.05860349127182052,0.030396627643597407,0.008127397440010897,0.07768052641985568,0.01036708954120047,0.015037672258098711,0.0238202263362981,0.0052466098778445325,-0.020701326242505536,0.014748837348359523,-0.0096153757981291,0.12040375559286676
2021-10-04,-0.08866280862903364,-0.030434414184421055,-0.02477522934912757,-0.09339773271227281,-0.010805933408883028,-0.03441297051109704,-0.03896103717382671,-0.018404907975460127,-0.04807692307692313,-0.05074629046793522,0.01892739620443651,-0.020634938175415174,-0.05130867101272585,-0.04680412347965224,0.010881833409323471,-0.049304661695182106,-0.045731664102818925,0.0060509745971182305,-0.03455714905607521,-0.01798185488865922,-0.04411769217479555,0.00842354889164354,-0.040983607198115,-0.05477358931492571,-0.001057786364205504,-0.013150972749778167,-0.027027027027026973,-0.052631578947368474,-0.005903210054136521,-0.021924877046176405,-0.01497444324825925,0.0,-0.03862091013138658,-0.027512846297028992,-0.0010745170291391881,-0.03271602758723435,-0.030589886134200106,-0.055555536687355245,0.0,0.015530876057530563,-0.16186694774963162,-0.023058202143313666,0.009162326293806311,-0.010144952274475205,-0.016947832549052633,-0.02607904293603802,-0.028120702987486146,0.008356538191369944,-0.004424774559935729,-0.015353774984294244,-0.007599715760081338,-0.0334054172500744,-0.02098940415672923,-0.008893581828123165,-0.03286747611419527,-0.028471678341373097,-0.023391702176220774,-0.03790212877840915,0.016518758832391178,-0.0010587706089223436,0.025776625272495357,-0.001996053577839385,-0.03219709444937957,-0.01724127229189698,-0.04488485049277946,-0.037439413780288255,-0.015771825901737313,-0.014299356739890912,-0.01531213191990577,0.018707249910202117,-0.024605715978135656,-0.15126910325765452,-0.03241612726714094,0.006481408813467482,-0.005202609523392465,0.01774531081918629,-0.01315790772908998,-0.031358890859724986,0.019417457749564715,-0.04118406337797953
2021-10-05,-0.031897896311569474,0.022923136041604453,0.02578093616146404,0.05328591612781808,-0.006827474884766871,0.016771472542126853,0.0,-0.005249977111816406,0.0,0.02987419796139612,0.0,-0.02593190363592579,-0.006622627917967749,0.023231126389686718,-0.008537416290765543,-0.029920200160006738,0.0031948850152176966,-0.0012889011159259445,-0.013422840938339231,-0.007216697494330515,-0.08461530702353648,-0.019093060289627872,-0.056410244288163214,0.05438654381258323,-0.0033094902759331912,0.0,0.0,0.001666704813639397,-0.0071259405074861615,0.011590258318463276,0.00900864781162003,0.03281340274619238,0.024226602864076074,0.03454676105206622,0.010283533755114815,0.012773254784407051,0.03155515472415926,-0.0030165883229702484,-0.019607843137254943,-0.004565185041545905,-0.02843599325241486,-0.004347807028923123,-0.009403401883673723,-0.008784764780346288,0.009097800719829019,0.018467189664900463,-0.004234327402515614,0.03591163495875094,0.05111111534966373,0.011864441262800174,0.0220213300479275,0.02734944733298561,0.013499032226914842,0.031120723208119205,0.014700392336863377,0.00978753803838428,0.019896784107046983,0.047450863936101983,-0.007520783850110568,-0.0047694573645090665,0.0016108001155223928,0.026000022888183594,0.03718203435093792,-0.008772028469290372,-0.0045895831698320455,0.031255455797219334,0.006709696765920148,0.0,0.022727272727272707,-0.011300754784694833,0.014158744290535097,0.06937798415371943,0.014589690088383511,0.01287960717787362,0.02412961600622232,0.042051266401242016,-0.007978150970514575,0.016135947047808408,-0.023809502184254927,0.008724840118736976
2021-10-06,-0.02471171188227106,-0.012102695756493143,0.01119061876966887,0.11467121835757177,-0.027497726391446653,-0.035051562811695414,-0.004504464513291007,-0.020356907631407628,-0.07070707070707072,-0.02137405009910931,-0.003095928064492215,-0.02662234911079786,-0.02155548334121704,0.001031933723057099,-0.0037440132485319078,-0.05071965478951057,0.0,0.0021508679448474233,0.038548682744409035,-0.012910869433136907,0.0252100587791928,0.0036496024326815313,-0.03668475854806197,0.011513662987832074,-0.02178232013167003,0.0,-0.0444444444444444,-0.0036051320899705974,-0.003588484952535831,0.0025433364676763492,0.006882207210735736,-0.04426117096163684,0.01135907168373329,0.036690698158415636,-0.013245271822209137,0.003191598984974675,-0.014566628982753849,-0.010590040884637553,-0.06000000000000005,0.002980992118683412,-0.15487805005697042,-0.050530279782926346,0.035024603237135965,-0.08419500343681963,-0.000986407278799506,0.005439633597158711,0.018426664437146023,-0.04266668955485031,0.07822407696978351,0.006141768884646348,0.011188059752917257,0.00629243564369486,0.006407542245301157,0.0211084932647827,0.006370187530971183,0.012732016728672857,0.006921909597617848,-0.004846136521796551,0.01271982128014626,-0.003727583927498168,-0.012865860938150453,-0.02144252067456187,-0.027358460467930112,-0.025073810608912783,-0.023255371682187276,0.07341295886243748,0.0041558422795962,-0.014506794570608328,0.0888888888888888,-0.01250143408821558,0.006306652041328187,-0.026845613241949895,-0.0011318382273840522,0.003632969954687537,-0.0015671308176093968,-0.011811012535560939,-0.026844396548535987,0.0002019906871748578,-0.043902398176946855,0.027944117349024022
2021-10-07,0.018581103394726073,0.010749146134203968,0.023766353386723837,-0.06656581669182504,0.0042412891376131245,0.06623930644236564,0.018099529937821268,-0.010005115295752098,0.021739130434782705,0.03432136573703515,0.009316746271814669,-0.011965759994079117,-0.0006814260237609782,0.015979462244287923,-0.003006288353949005,-0.0028880838087589344,0.019108261393313564,0.02890262255117615,-0.0043667457887850425,0.04385576738347585,-0.02459013990675485,0.039999990752249026,0.1123648019845751,0.03566548028364802,-0.018329792669734224,-0.03646061500075559,-0.029069767441860517,0.00890619794339731,0.006002423912702559,0.003993661161907802,0.01987735465166418,0.017966779717268233,0.01843292523999973,-0.013388063061973265,0.009365948408936786,0.016537229427077138,0.03178125008590471,0.037461756420203995,0.02127659574468077,-0.01326021510740416,0.19336228897804997,0.03153742009296501,0.04933584517830791,0.024193564513223853,-0.0039100514011967125,0.011722316042110492,0.07306890738322447,0.022284168255515047,0.029411783955364257,-0.0003329498313531243,0.0030049544853905097,0.05387221897981931,0.009175219589209194,0.032217128580751764,0.015167232647318007,0.012391203105561077,0.010515955295045565,0.03345331092976145,0.022447894005644287,0.03527520870339429,-0.007168498431890935,0.0258964372380186,0.007759516611884898,0.012102906266080238,0.003532351113067822,0.02292363026506483,-0.0017179765283991122,0.02453387635218962,0.01611170784103111,0.02990108095657562,0.009084428724650984,0.10229889227985267,0.014729450898152363,-0.015384667684065323,0.013368850594946302,-0.006972081184281165,-0.002830188679245338,0.012336948777152745,0.06122443021609958,-0.012297707619993714
2021-10-08,-0.03150912945432516,-0.012980798542319039,-0.037745898575156867,0.08752025205441849,-0.025809443962659606,-0.022044020385315055,-0.004444475527162872,-0.02928222502324751,0.02127659574468077,-0.012066353870431423,0.021538485013521624,-0.12110731153857612,0.018409036752298436,0.002029425824854325,-0.00301551613461859,-0.003620578509457517,-0.05000002607703169,0.006396871937791815,-0.024122828787578765,-0.03559023733144562,0.0168067058527952,-0.003496472405355555,0.08960274103574362,-0.0389800134229944,0.002904299395792842,0.0,-0.041916167664670656,-0.01710341881061428,0.003579920353401267,-0.006254378045545073,-0.016338246725170147,-0.02308030495222413,-0.017320883198276293,-0.03345404572601429,-0.00705545012160691,-0.026987762977134455,0.03581661881330267,0.007369225034534743,0.0,0.01853566357481151,-0.015719480924438978,-0.027388494058943058,0.012658172546182733,-0.006299206685632552,-0.01126066619326238,-0.005347518764339032,-0.018158218650183522,-0.00544958597022982,-0.02476192656017484,-0.008882014593853516,-0.02059787184553752,0.010953760718000582,-0.004986629806843723,0.017099010926336256,-0.0036272567040784853,-0.004181805261295635,-0.0021662594496431042,-0.036058208011426784,-0.030580193943365197,0.004646343940880371,-0.024286176166529616,0.04854368842145895,-0.0038500083498835824,0.01793718759489482,-0.027573354983890908,-0.008135135000039262,-0.010090615936154457,-0.012452092933690984,0.005285412262156397,0.018613954593401205,-0.002721491815218191,0.0020854539907342318,-0.013990179854269313,-0.00919112488366347,0.01682423312025283,-0.014042160438625162,0.0010217181217477833,-0.005593618216709451,-0.04807687899064572,0.02948884682278341
2021-10-11,-0.015410984629513846,0.010141051818685742,0.003683255354503645,-0.07004474878641032,-0.026974925807722205,-0.018442653786331253,0.017857197342682873,-0.0064067770858278195,-0.03125,0.03816793967226029,-0.02710847907219216,-0.007874008357040663,0.00022320816636622887,0.031898579339745936,-0.0064272005264525145,-0.01598839123323814,0.0,0.016719621922769656,-0.05168540468823146,0.009717295060910125,0.03305781867105084,-0.004678358007099592,0.069433629189388,0.0033546998255640226,-0.016687241136143838,0.0,-0.012499999999999956,0.006735836558374508,-0.013079626477174644,-0.02814559347823331,-0.004824503975557115,-0.017529984562775325,-0.005875293698363815,-0.03044236601919381,-0.015890903295691206,-0.018195695843556625,-0.0027662490835064224,0.0065837711840226465,-0.04166666666666663,-0.004777049336810224,0.004914000020385556,0.0052390256259213785,0.011607238751694782,-0.03486526025145109,-0.01122853243268962,0.0008959655413953715,0.0528401069299429,0.0,0.023437478172126713,-0.01366633401126438,-0.0025025783993275486,-0.00022571072935984038,-0.007669684667537036,-0.017099436806704227,-0.0065700137357143085,-0.01286860335091844,-0.0010347028318024032,0.005844817507782096,-0.039363685048968255,-0.011818931889949202,-0.03498146734584451,-0.027777794947839718,-0.0009660054572810939,-0.004405220567773815,-0.03432394148211404,-0.01826066850514041,-0.012722171787834302,-0.027158108914903778,0.09463722397476348,0.0013790956699395451,-0.0006298512136181378,0.08116552700431634,-0.003996741701584705,-0.039888671224951544,0.010610089153946678,-0.002034537563029293,0.006578031242331583,-0.012456167715268474,0.005050500185316276,-0.004455741225604437
2021-10-12,-0.03826083307680872,-0.005803941435220006,0.07339449541284404,-0.05769225478877493,-0.0024753040851818175,0.027139898846810562,0.004385925775139299,-0.017463769601311907,0.010752688172043001,0.017647089072715394,0.012383948462139527,0.09920634995722666,-0.03268626586292955,0.01913659472626983,0.0068493122550128405,0.01698674272958911,-0.0559210784299885,-0.00964934855672972,0.028436007247322204,-0.013732744662208307,0.07200002670288086,0.01762627667402339,-0.06420023494218452,0.032370777425990926,0.01528761629670039,0.0,-0.01898734177215189,-0.005854449142065343,0.012048123553905166,-0.003807898632693374,0.0028494893427337686,-0.012805298269431775,0.012550675258397037,-0.002723587795787963,0.007001538197767498,-0.006995304393352941,0.02011095425233589,0.0857557653977854,0.04347826086956519,0.02217145647321428,-0.036674838574888846,0.2495113894804568,0.019417470280097993,0.004926064403864228,0.0028592939957983177,0.009847843094654474,0.02321203860095622,0.010958893372029044,-0.0057251401300709714,-0.0012492970646111878,-0.004112317425179035,-0.006547953886950175,-0.003487761528628064,0.003690281620827962,0.013296796237455943,0.0003172745113595443,-0.014339781102726823,0.027152665155538713,0.03536340959194528,0.0067602716395978035,-0.006971096522010667,-0.011428560529436416,-0.0019344365446400946,0.0,0.0013225706369912604,0.0023644260667539108,-0.015927797452565895,0.01096711278957585,-0.025936599423631135,-0.001032897288276824,-0.009102820035577497,0.0178055303011877,0.004280359626543495,-0.0057971429895553594,0.0006237658356509357,0.013251697778386085,-0.00022533447154371444,0.0011189904741408796,0.005025120811725348,0.08567769625949317
2021-10-13,0.01627480512407642,0.011439059357470027,0.016923105614817135,0.023809500639594416,-0.06550867095850088,0.052845477238391725,0.0,0.009023840136957784,-0.010638297872340385,0.010115562724344329,-0.009174288381074036,0.014440419540959093,-0.06008543969171831,0.027443549857412597,0.0256991671378084,0.0341321203870768,-0.038327491108731127,0.01564428909949389,-0.004608224721887488,-0.06863284945801684,-0.014925358528601551,-0.005773694181969824,-0.041472857614941794,-0.0011777098586085444,-0.0016579009795459898,0.0,0.006451612903225712,-0.0243970537186613,0.016666708295309363,0.04196891027243388,0.028229915088177737,0.005731515467207737,0.021445458187847155,0.009919229292408627,-0.0029114429591552415,-0.04974263636896892,0.01903465209007993,0.07898268353363802,0.02083333333333326,0.0011180508876507123,0.1065990025873862,-0.027632986351021405,0.00606057937157134,0.0,0.004691181232164832,0.02393616396067788,0.0367872716809472,-0.029810333823480528,0.030710143232362874,-0.02967933293031899,-0.003499385089810958,0.027045520660616607,0.008008040288371543,-0.00437700597189894,0.017961378070795453,0.011378601203982708,-0.0005564492062373194,-0.017280378961657572,0.008945563472882334,0.014462704201788856,0.002105983377479914,0.00192673447676861,-0.022286747734211132,0.004424712401853048,0.039130917851796454,-0.00267343506868134,0.016998890272075462,-0.013806711138283356,0.05719921104536496,-0.008846556346067014,-0.004240142514829293,0.001418472207404875,0.02224291593256944,-0.0029153793044575105,0.023529930895446416,0.03621736675542997,0.012960110936320879,-0.004877113415134082,-0.014999985694885254,0.010011783326088208
2021-10-14,-0.01779357769908929,0.030106924299657445,0.023701459197007946,-0.061461775204546876,-0.10037171520478982,0.009652546793790018,-0.004366773430994009,0.04119231924693545,-0.053763440860215006,0.024320469507933984,-0.0030864902502700797,-0.062277564370048055,0.006134920060292037,0.024835895990419354,0.00700083130148399,0.019662969883848636,0.0,0.01770027727039425,-0.006944514759934295,0.009770475113264343,0.015151500099837678,-0.009291512996056017,0.031136290821542012,-0.005305830780362841,0.0063651664791968265,0.0,-0.0064102564102563875,0.04052888215886208,0.018735345213911625,0.015672179165018063,0.023363404054728365,0.007723370807089847,0.021829689264959873,0.016370153344637428,0.01923662606662946,0.0025158499777038212,0.030687127763222133,-0.026675014668953723,0.0,0.016305551368600346,0.02981642973000853,-0.029490576316906658,-0.0005737365867324318,-0.01797380044676211,0.029163187173747662,0.06753253193501885,0.002365518384878307,-0.02793293485019055,-0.013035325198509029,0.0031641466925194095,0.037960261837650666,-0.011285480774819057,0.018416549196442755,-0.007151237849093994,0.027727051671104785,0.004743759227551214,0.025958377316982695,-0.03181916322414591,-0.024583581018755796,0.007637485615077821,0.027320515148490543,-0.009615329948400753,-0.0009910879527873506,0.017621114360971024,0.003832870848965886,0.029486188401213198,0.028950537813588362,0.01599997598722691,0.001865671641791078,0.01808282425746044,0.020225526489591417,-0.03682722735631394,0.02495115199384168,0.014619799594412397,-0.007865932754390625,-0.02815533558085659,0.02699795640303848,0.012456531201108456,0.0,0.033236134548268126
2021-10-15,-0.005434820636233795,-0.0036345356841968046,0.022988467587915062,-0.019469049850918796,0.06080275955281578,-0.043977058935887325,-0.008771921263311722,-0.017178549684200295,0.022727272727272707,-0.019553076594256646,-0.018575804591124068,-0.017077827877348017,-0.029268137590274357,-0.004572522537192536,0.005122503141131496,0.011019272890350207,0.025362294740822966,-0.015799288983375126,-0.020978997764296903,0.009559334419367405,0.05223875485010554,0.019929669591528976,0.011372584922640927,0.04104318210310609,0.0015121442497560977,0.0,0.06451612903225801,-0.0063535783809097746,-0.0126436389757274,-0.008550530853955296,0.003401722747556013,0.006448839517021021,0.0023877796585383138,-0.011764607344604494,-0.0002573781923121965,-0.013568202083029557,-0.020711954613249928,0.005098845093685966,-0.020408163265306145,-0.007692274156507528,-0.14142534174039412,-0.04033146557188372,-0.014925386207986224,0.03161390568177236,0.008761143899197021,-0.021086856397448117,-0.011799454509568319,-0.022988483697581663,-0.039622647281047585,-0.0002336056474633308,0.023445356707060716,0.011414296599652651,0.006300599098965742,0.0069665405701082594,0.004246871736054425,0.03308023939004423,0.011354466566517285,-0.03881075220100827,-0.03814907380769306,0.0045478497765338854,0.027275800857194943,-0.02718443959089034,-0.028769746588178657,-0.023088008497621715,0.02548136186341643,0.005513925660928898,0.011969494277378034,-0.012795260983914702,0.024208566108007368,-0.011841066763585317,0.007512784028784525,-0.11715683501667762,-0.009851922924543288,-0.013448457433712369,-0.005319662867820485,0.02397600056248672,0.0035026947111458373,-0.008269451519057447,0.04060909773818233,0.014672699715393867
2021-10-18,0.001821535391393958,0.012842784498195314,0.07287314857829652,0.025270734196678246,0.05230943628133877,-0.030000019073486373,-0.008849619138639464,-0.017213923201129244,-0.033333333333333326,0.0,-0.003154586090314493,-0.02316600184088602,0.026381816079181997,0.0022967632704129493,-0.016745550889735616,0.02792914433847482,0.042402871806623166,-0.031026514334009825,0.009523785303509502,0.02228637805060152,-0.10638296433266425,-0.024137935948381428,-0.09422257537465828,0.010816887044243773,0.012356070227140581,0.08010628140277198,0.0,0.007228198852091028,0.01979046254646799,0.03437336071351438,-0.030162187299345722,-0.0018975570752431947,0.021249974180451492,0.012471633489438805,-0.017634106442379727,0.009362154082174445,-0.013879711603342115,0.0069752475259499125,-0.02083333333333337,-0.004208248836876427,-0.08690013916718131,0.014968238858454663,-0.0011655278520698031,-0.014516077180557141,0.021499264201177537,-0.0008285034721043916,-0.0065672006180037545,0.032352909414826936,-0.1827112529069267,-0.0017527637610365021,0.017057584680807647,0.014162497019886588,0.010056012735727204,0.006977031299484127,0.02088214800041821,0.011064772529006062,0.00021847862271329177,0.04622648424854203,0.08061290346543193,0.008550984079731982,0.008961183713381837,0.009979982357977812,0.05822253305689684,-0.008862497055471041,0.018892085511775125,0.023152907406322587,-0.000614211025387057,0.01994016711061808,0.07000000000000006,-0.017628744822644093,0.011806236187414498,0.008328684987450874,0.011297949163097787,0.01850030494492838,0.0022625757927117185,-0.013658570080268717,-0.006477106270247779,-0.0026439463554066567,-0.02439022120941492,-0.04226920179261073
2021-10-19,0.03818182511763135,0.009903967258338975,-0.01735481891487267,-0.03169011158073787,0.023268140539822957,0.018556732857236913,0.008928634150297876,0.044462346646294115,0.034482758620689724,0.015669512444182132,0.0,0.017786591621669512,0.011015967647501679,-0.019248438266969314,0.00851537000665914,0.011928449526550366,-0.03898305345013098,0.003201945171601439,-0.00943393849868146,0.004179405305363648,0.007936500427734305,-0.004711420839974778,0.03681501200911086,0.032103724534799705,0.0017631433826694742,0.02335585653706307,-0.06060606060606055,-0.005796276211040063,0.00228304835237525,-0.001772941266275474,0.012613067581442428,0.015283902154301865,0.007856576100710333,-0.010638477135650581,0.0014412193427000286,-0.0014450377976352735,0.008042887730928872,0.049118370739926975,0.0,-0.005782880934777301,-0.035511363828785614,-0.005672063464621568,0.00554266184866381,-0.026186631874464017,0.003245316230392037,0.03897186363633964,0.04026442913878614,-0.014245000698614008,-0.00240378663737173,-0.0050333642003946855,0.0011699493285459717,0.030765911374283972,0.007567324242690132,0.001688461636872196,0.021257790843540958,-0.0007514424560826072,0.013966264670535855,0.016448083320666607,-0.011130302818316729,-0.00897729907310274,0.0042763509785044285,0.021739157066863468,0.03088808602837645,0.02980617717079137,-0.0008539295976014438,0.010123558200993976,0.018290717937083256,0.005865153665593148,0.040781648258283676,-0.0021111928297652405,0.015080177718955534,0.009361237760041607,0.00818845118635303,0.009560268003899086,0.009800082219541206,0.02176066018790679,0.0006519111619061047,0.007136923257958561,0.0,0.015098736309484106
2021-10-20,0.017513118032310926,-0.004606029267941181,0.044153494403232685,-0.06909092989834875,-0.06253234976574107,-0.02226723324701685,-0.0044248095693196765,-0.015221882820880217,-0.022222222222222254,-0.012622653488513103,0.0,-0.007766982740254447,-0.03268768514061404,-0.02663563332115748,-0.008076346076173024,0.00982315743507467,0.026455042918707594,0.021926198786919926,-0.019047631157769085,0.00911133346109061,0.0,0.03431952288745044,-0.014037991834311092,0.01459753956720422,-0.024096639137058284,0.026226176948644042,0.10322580645161294,-0.0074958482601983345,-0.02505687016462399,-0.005376393704870752,-0.0007473271731244235,-0.013375744165999293,-0.0016443315592229446,0.011177351336941754,-0.087618300613853,0.02344051057256591,-0.04720744946461397,-0.003601408552936003,0.02127659574468077,0.004474289922278274,0.0824742188403067,-0.001711391070758017,-0.036843644119191166,0.011764735110138203,-0.002969954996343449,0.0023942625059456546,-0.006354633529559228,0.02023119435579157,0.036144600462750365,-0.0008235258214613905,0.01671910641932617,0.010372504393212356,-0.0013049689844814027,0.008486437868193475,-0.005816988954716273,-0.008446195751808605,-0.001959305131118194,-0.006663112199910337,0.013533460718226253,-0.020130802535919923,-0.00032755416498275736,0.01740815304830834,0.0028090104953326644,0.015918923054624834,0.008012518332486618,-0.00972726406299318,-0.0025661426426415446,0.01652088998453638,0.059591836734693926,0.023154691799548877,0.0033607029326967464,0.054555373931382656,0.007932975459990166,-0.003787875678434194,0.009654073791425688,0.012584715914913502,-0.0006153663981669499,0.007187841905802017,0.04999995231628418,0.04977121636252013
2021-10-21,-0.022375235063896604,-0.004776963087232411,-0.013998236495204375,0.01562498544808455,-0.044101392722045274,0.028985480061493263,0.026666641235351562,0.017291163053980707,-0.03409090909090906,0.0,0.012658215623466695,0.029354225332332673,0.00212777399672448,0.012962150503379677,-0.0033308645761361833,0.023994804392245328,-0.03780073205152623,-0.005567572462154002,-0.04368933327300595,0.024523515774034887,-0.06299206685632519,0.013729964382336535,-0.008793931819632173,0.02232077412140665,0.019142751529359403,0.0035115160177476845,0.01754385964912286,0.011468527200338752,0.00700928306088433,0.02326258395371883,0.005983306086918994,0.012423274873532009,0.015494473353478533,-0.004057804892838357,0.008173958186056929,-0.014320982896809498,0.019539409243679584,-0.018072357681633844,-0.02083333333333337,-0.009799608606976262,-0.013605429378242606,-0.025142887660435265,0.0033132713199921504,0.021594703463921006,0.012427404514304019,-0.0183120839587807,-0.0029070431506559302,-0.01983000957794301,0.02558131437162725,0.003767805176903005,0.017593739421334575,-0.0031425372565954124,0.006106882206696973,0.049337161721001443,0.009946673744661405,0.005841756945129006,0.009344438937785249,0.014799822831035758,0.0211528091886799,-0.0025683680675649967,-0.021625158503043806,-0.020912572001501206,-0.009337199996603207,0.0014245802152661469,-0.012512433362125708,-0.0017860394652752243,0.006734380968482556,-0.023900591350159206,-0.06548536209553157,0.00712228713902352,0.0014742414356754274,0.026901213648012012,0.0334811714220955,0.01711029783917728,0.0029690487948226263,0.011472264351955141,0.01426968472867629,0.02713839808309837,0.09523812226968142,-0.02506817342008394
2021-10-22,-0.026408384342178404,0.01942394640778211,0.042295186249398986,-0.07499997707513584,-0.0028834623195250764,-0.04426555321507708,-0.004328965903940496,0.0010300566300280867,-0.05882352941176472,-0.04261370691837407,-0.00937497615814209,-0.05133088327280699,0.009116897071317354,-0.004739281828488484,0.0044558881900764735,-0.0006333267198224135,-0.05357137839404824,-0.008876164086879856,-0.05076142263038552,0.00413444933388285,-0.025210158955061512,0.07562077903569753,0.04393743155160745,0.020912850096192814,-0.017966738715078368,0.0,-0.051724137931034475,0.027378365117378456,-0.006960494981316456,-0.005447593415820462,0.0031509405769385435,0.01144308426658358,-0.010812843015934548,-0.019387392695521255,0.03375846000217608,-0.014895982954260867,0.006160174859878076,-0.04110424257544032,-0.04255319148936165,0.00539814852471765,-0.026206904444201262,-0.028722144575465625,0.012608770688375959,0.004878005285526621,-0.010663223323411852,-0.0008111189622219683,-0.0005831037378584147,-0.014450853111279693,0.05215420114094926,-0.006099667367347905,0.009539154022481178,-0.00987826003560488,-0.00840242513853895,-0.007195416764586904,0.007703698606768672,-0.028954833317208384,0.002450711028819219,-0.010701924699053733,-0.01009837908945288,-0.006179136823125542,-0.026121924671867025,-0.029126231570822836,-0.03298752334931232,-0.002845032404651504,-0.050607923958409406,-0.011331475543825409,-0.010747660080646648,0.014691503785342563,-0.060181368507831845,-0.0029656041093432117,-0.005285011321296662,0.005541496266449286,0.007917785329446536,-0.030841252650887108,0.015504322903846735,-0.023629489773420276,0.005320552818786961,-0.0018591594131874833,0.13913040864219672,-0.005030752132946792
2021-10-25,-0.007233352110771807,-0.001250554338200649,-0.0019864786091726705,-0.09355505501422035,0.015037496111391713,0.014736878244500318,0.04347821880453617,-0.011062524234418114,0.0,0.02967361037808991,0.012618224023807523,0.012024132739239413,0.20915846949694172,0.02476189423095021,0.034380898083903766,-0.00570343181944688,0.0830187857639102,0.0031688581115556502,-0.005347580128704177,-0.0021671316031276477,0.0775862379037251,0.026232949318462984,-0.036017783189951524,0.013140899342615864,-0.03769891627217603,0.0019440569884936476,0.10303030303030303,0.024764418066159033,-0.005841143491100653,0.014725040412832957,0.007481895435050845,-0.019690541766337222,0.007712282652568847,-0.003581633117438421,0.035224681405831904,-0.001269981040200041,0.05170069651312659,0.05374275065663503,-0.022222222222222254,-0.0015659886718001337,0.0014164630259045907,0.018708477468422302,0.116513500104104,-0.016181214791303855,0.008599862118257029,0.008928604482399072,0.006417772127693011,0.0,-0.01939648240095737,-0.004130840194130347,0.009231340599532789,0.01146281812636385,0.010237801738327335,0.012392838136453976,0.005267338207003425,-0.004550989805058192,0.012921918006663757,0.060133610286258854,0.010724557999514106,0.017098543735550642,0.012723550213346924,-0.022000026702880815,0.02144234630075026,0.04707550463915844,0.021765138405285045,0.020509709546731925,0.002354938049495825,0.02220075080340944,0.025438596491228038,0.012241158334238111,-0.0003365013637381953,-0.009017956216599843,0.0036579553276883114,0.021215074563914138,-0.0075103890183205735,-0.012584715914913391,0.007210338558233609,0.010294039246855125,-0.05343506587815028,0.014606755057635201
2021-10-26,-0.009107416390205292,-0.02769593661496128,0.02104070847294537,0.009174302896359121,-0.03532757600214054,-0.016597592882582446,-0.033333302427220435,0.0010406065805514952,-0.012499999999999956,-0.01440918546867831,-0.006230494239806816,-0.01980205498867016,-0.15557822606327487,-0.025557688025885095,0.01572557123147722,-0.035691490179676766,-0.013937269494084026,-0.014695779847583967,0.02419358973613983,-0.01400796326888376,-0.007999992370605447,0.08282213105650249,-0.0092359074799776,0.004069172142775246,0.012818581238874138,-0.04074509607130594,-0.0494505494505495,-0.01576040133781942,0.034077550417543456,0.011193177823047185,0.012400632394943045,-0.006654439561589842,-0.001325694858531845,-0.004601201645730302,0.0012847452734883191,0.005917143230567801,-0.00517463929551476,-0.028536692953799903,0.022727272727272707,0.00022402691673573116,-0.1258840624771319,-0.010071095067887725,0.22543817612495842,-0.009868411765204144,-0.013240522362610418,-0.004827049087372193,0.0,0.026392936042225035,0.006593347629364921,0.01422143418697619,0.0032644941272907957,-0.04155332222095465,0.00314877115611667,-0.002459217408177339,-0.006909085282995497,0.01677526160393561,0.022602312461982743,-0.010404209081131932,-0.02484469719556559,-0.017320006583283032,0.005093365522728099,0.05725975817041973,-0.021946551880826948,-0.002724587740927098,0.005304244269326741,0.0008867427095231584,7.598384800489022e-05,-0.036827218061705635,-0.06159110350727115,-0.018987344500864922,0.004575104057166657,-0.05915065903328676,0.03321979877397263,-0.021718517944510407,0.001692732365673466,-0.0019607357316996366,-0.013330037315882337,-0.018437527459497338,0.032258033504347416,-0.009413072055430183
2021-10-27,-0.007352934086817808,0.0012123346117960399,-0.017265356015573663,0.018181800448205276,-0.0005906809628809517,-0.0021096524319702548,-0.004310374948839346,-0.02754681356291444,-0.03797468354430378,-0.007309922767254173,0.0031348082340301175,-0.070707054165428,0.011515096186282658,-0.00286117610181158,-0.07178050185516505,-0.03106412845167228,0.0035335656299810836,-0.10607751375742369,-0.04199477623447001,-0.02037451587376138,0.0645161631452178,0.07932012658022658,0.03135592199817072,-0.017350592229824935,-0.015215964037481822,-0.031148809538965594,-0.005780346820809301,-0.02054978469918567,0.005681839733084004,0.0022415852750590215,0.0012455809120743844,-0.0026449463448526833,-0.012732271655974792,-0.03307797036700644,-0.018097257643593156,0.018692107000916725,-0.02925876501409208,0.00937497615814209,0.0,-0.007168452042999429,0.03074434668253656,-0.04189101699241127,-0.013434511941117888,0.0033222559783854244,-0.014407694326312614,-0.024252226794277965,-0.005797123563462403,0.03142854145595009,-0.015283776417091333,-0.008179534501747465,-0.0057402687751394454,-0.008758343065550567,0.0023212281219358033,-0.00892949317396119,-0.0037665103660019517,0.004863638245470758,-0.020154835864329534,-0.034472262710641854,-0.03954356864116393,-0.009850042754068755,-0.036486483438769146,-0.01740815304830834,0.0,-0.02322424616510499,-0.028912532979080252,-0.0004430357865304879,-0.005608476791935324,-0.0343137385735216,-0.0264357338195077,0.019700449589304725,-0.003147802749675188,-0.038151583478528206,-0.04527836063085777,-0.025096457611644474,-0.015605506641042655,-0.005893950669745407,-0.013545903817767546,-0.01967391067332991,0.01562498544808455,0.001117968610733655
2021-10-28,0.03888889526634043,0.029206904236018794,0.0410881475013356,-0.006696475375139399,-0.009456255714577644,-0.03382660608180088,0.02597407065433277,0.02057724466706934,0.03947368421052633,0.07363769946984688,0.00937497615814209,0.08043475939781275,0.0005991177284334626,0.015303569540857653,0.06899174907835448,0.03683492274717537,-0.017605617544854346,0.007796663362142242,-0.008219192017158927,0.027431169478578266,0.03787875024959453,-0.06649170678829197,0.034100243159522314,0.03028748826436045,0.1000721929368742,0.03632563274198364,0.023255813953488413,0.07166215295480516,-0.006779708139033391,0.02250398656522945,0.0008639458278967282,0.003940785502912103,0.027871141235373154,0.002390069562626662,0.04100739172781176,0.0453514659081109,0.02076352710019136,0.09659439645759882,0.022222222222222143,0.01353787180172672,-0.11616951089681471,0.03123048050292998,-0.02503842346173779,0.0927152229000574,0.027460161373531466,0.0240266006910288,0.06122455788714265,-0.0221606443298612,0.06430154038482772,0.0002356771101348354,0.03436329216630041,0.006626985119513762,0.011105204141174774,0.0011055051914969916,-0.0012498246650566314,0.01594115275917063,0.012349299912439049,0.023348415985974258,0.034125467179214164,-0.00471202500740775,0.03225806667347042,0.0,0.040975614816060935,0.11608408519753843,0.011246663411458302,0.011521516344157101,0.01897845461556491,0.04365485981930317,0.055243445692883864,-0.13682070181980577,0.02499162533137067,0.08044695892434062,0.02313744351429392,0.00594044563069418,0.01095554307705715,0.021739157066863468,0.015579665916553465,0.0789632769348636,-0.030769202554013275,0.032942499029286365
2021-10-29,0.021390353423023534,0.004631689465702582,0.0545725955857288,0.03146075265694748,0.0053699374319098325,0.09628009643170343,0.004219371646672965,-0.003142155962290172,-0.012658227848101222,-0.020576165782864586,0.00928790229556209,0.0040241412013706235,0.0119762079384651,0.025907017476882732,0.008155956152452681,0.0019736666676077874,0.060931927820184084,0.008200625579685816,0.01381215489019949,-0.03337348804166074,-0.036496315432303805,-0.1096532397308404,-0.006754075318976982,0.02001499155937414,0.02402181175859819,-0.033037860793979634,0.017045454545454586,0.011441569470939328,0.011376607725109178,0.05085017531470171,-0.02099297933419797,0.008912262265772464,0.00862229701936057,0.010432663749554871,-0.017358457628257495,-0.011760039283533419,-0.02034117261142443,0.023150862561038377,-0.021739130434782594,-0.001113072998634168,-0.04085257804587561,-0.019987881231447124,0.09011038646089253,-0.04242420257834523,0.0035522584992482287,0.01375400906516,0.009890021444047381,0.05099152074109958,-0.01875003104408457,0.001177838307701462,0.018894443401506145,-0.027430437495563065,0.004918869764476197,-0.0006073690573731305,0.017331928962138976,-0.021511245053778105,0.003965324481334465,-0.012482185200848872,0.03353376335870317,-0.01578119069086148,0.09103255262263987,0.0,-0.010309178097864802,0.0012531360586485185,-0.023634178078107415,0.0002921224097063302,-0.004861839247593869,0.015564178819486463,0.03904170363797688,-0.03625659970075601,-0.01815563436070322,0.028955504732374626,0.02480465597220527,0.006889782254592136,0.027816583241957682,0.02707927745060168,0.009703893468279823,-0.0353302900399296,-0.007936500427734305,0.08108108108108114
2021-11-01,0.022687628971760132,0.020929273278363247,0.060394895266398185,-0.030501163108637375,-0.030267075212810912,0.01796400631518913,0.050420187709555364,0.0252166822213864,0.02564102564102555,0.019607846629224435,-0.003067438000050049,0.04809624428129844,-0.003668753520200463,0.02938453506060612,0.02567710726259942,-0.00590933694147433,-0.01351350045186761,0.029005513864749366,0.029972780177044855,0.024111444092271395,-0.022727340459820944,0.10105263559441813,0.0036000061035155184,-0.025141072219039384,0.0034611465139096076,0.005833307902018303,-0.027932960893854775,0.040472615881262275,0.07986501807958324,-0.015300111013491935,0.02123153287807744,-0.00014673072861148828,0.006131257193713324,0.023156271728907996,-0.018502136835079064,0.0594039225868106,0.025452116990860585,0.05242819048517289,0.04444444444444451,0.00445733825942507,-0.0351851951601736,-0.014833171833483094,0.05187026592042909,0.026898670069513297,0.016181317447161003,0.004788440361116919,0.049510435055035495,0.021563321531935076,0.036093434164987226,0.0054117539349725075,0.010487591236608695,0.03971129362155956,0.003418930336822168,0.015469630120208855,-0.01562207603999366,-0.01610709978002456,-0.006808684916730701,0.050559482364691766,0.03167007405522626,0.016034229930983468,-0.013387248198202695,0.01181101253556105,0.04734836147455468,0.1476845899122894,0.005833827047909912,0.0067153817751191,0.013304067117657858,0.04693488383288624,0.04440649017933396,0.04984389427190261,-0.005607105590160422,0.003015048597614811,0.004216947172117402,0.033235697035603806,0.0041788094286181465,0.03013179833074675,0.009716628177337538,0.010367163207850139,0.0,0.014500045776367099
2021-11-02,-0.056313978871557535,0.012185315942333963,0.012169891959154633,-0.04494377928932192,0.022031860892886668,-0.011764694882648974,0.007999992370605558,0.011785880439584506,0.0,0.010989000432297447,0.0,-0.04206496929050185,0.0036822628349384434,0.0602143474375636,0.014060358633434689,0.06340819130630759,-0.04794524015282309,0.03728560605836484,-0.007936521285438536,-0.02752291179586852,-0.015503861641813277,0.051625235170523975,0.013551221622962961,-0.023399178014059663,-0.03193669142280087,-0.04846727861955358,0.01724137931034475,0.0024160978568017466,-0.07291674324207531,0.01255232240309967,0.0014505229702848066,-0.002059088211229021,0.0012890968349816845,0.0018738500458694851,0.012881476019335203,0.008466083209740738,-0.011103858369339026,-0.039328789302684575,0.0,0.0006656041601953433,-0.07293668170030798,0.006900856936823185,0.07544204395820175,-0.006163322536779647,0.07917572902412262,-0.004765620471704368,-0.05443240511015157,0.002638519937706807,0.02049178325562906,0.0050315973529411195,0.005740807318148411,-0.028645973581680195,0.004181391430841508,0.0007616941638952657,0.00031242143582876913,-0.0016154097805501921,0.01708192184487478,-0.002465445670075894,0.01829343602473843,-0.014729043586509949,0.010728881019546055,-0.009727571049898076,-0.026220528746958793,0.028353399367511356,0.012788103540887885,0.013776193606774845,0.0031156892041313,-0.01280878784008177,0.04987735077677846,0.046571776610547344,0.00711582753177975,0.046593203799255134,0.009836670213357879,-0.0028382416406416144,0.028015431380096434,0.022851920437755746,0.0005249830977014369,-0.019179226182656772,0.0,0.0009856357571544905
2021-11-03,-0.0036166329417204324,0.010905974837579713,0.05013825009920869,0.056470534380744564,-0.01497005919633243,0.1130952730110355,0.05158728431712212,0.014180742841019,0.050000000000000044,0.013586922015269343,0.02769235464242792,0.06586824523553081,-0.003787215089134377,-0.022297211298709096,0.08217784632247271,-0.07080747306284763,0.007194237817389482,0.06340756059252795,0.01333333333333342,0.03193904809475434,0.05511815236486828,-0.31363634629683057,-0.005505284623214979,0.05706557338543172,0.033782159978823945,-0.000435360434513421,-0.04519774011299438,0.03639426995532968,0.014606755057635201,0.006112250878864689,-0.0031726787808755708,-0.006312897429488595,0.011821160922864227,0.00187045704838118,0.03744393128439638,0.009819188404253554,-0.18097758670137098,0.0005458640310274099,0.0,0.011308251740254738,-0.002070342070938369,0.02492221463508071,-0.05370848285090146,-0.05426355271046812,-0.012057036471307958,0.10534712700773641,-0.0038377026152740523,-0.013157882353605488,0.006024138492660258,0.016649206139686124,0.0040930155467537865,0.00915998664788753,0.010615683925884412,0.001196048808215,0.023079274981667508,0.021507811127532195,0.00986826169097288,0.03657934460824319,0.035314419406056174,-0.001067875894953274,0.06275373752214031,0.009823126208018618,0.01021357505932774,0.015906441452328224,0.015390693622125085,-0.0094406335871835,0.024032978694086493,0.04911958254406934,-0.014018691588784993,0.023609344829293555,0.009798901168613261,0.03398760232482889,-0.014696677790965507,-0.005692731753673019,0.003718504595048966,-0.002680941384822111,-0.014234775927105314,0.004986409292071725,0.0,-0.04037418593729003
2021-11-04,-0.018148888805040952,0.05169862469291764,-0.06801001901845483,-0.017817355853925076,-0.03161096861072443,-0.024955497324569587,-0.045282976769092875,0.004744130961940929,0.08333333333333326,-0.0509383124395697,0.011975978829573242,-0.02247197733469819,0.04537904224036682,-0.004733288825347515,-0.016249963313912485,0.01604276540816718,-0.035714252262698754,-0.007436390334931042,0.1578947368421053,0.005727465996505643,0.022388037792902438,-0.07284770554175712,0.009094485326614388,0.014989073769534622,-0.012381817206420398,-0.04181180848225219,-0.08284023668639051,0.03279069412586311,-0.011074134081121012,0.013818754392189492,0.013042237063285445,-0.03957565097467752,0.027877432159963522,-0.01306908941566498,-0.010080247808092024,0.008387679127282777,-0.06370967630293067,-0.003818859526217966,0.0,-0.00964706063403098,-0.020746966371011144,-0.009118633369115003,0.01679534642275282,-0.02459017995287438,0.032705808621668275,0.025992798749430612,-0.020363282205822952,0.026666641235351562,-0.02594812544947378,0.005267969377923842,0.019894862401335534,-0.013504582618739658,0.012818333054739783,0.0475130312011407,0.028847071988376882,0.02748232410840923,0.011523476646907227,-0.008583668970292613,0.009745658435613258,0.024051466327437154,0.007344300625031996,-0.009727571049898076,-0.01470593602779191,-0.24217108596093606,0.016032022130477497,0.03306814385127943,0.12731078321655898,-0.2738515960981711,-0.024486571879936858,-0.019200535983177502,-0.00349880271595171,-0.03009257440050317,0.03809907088733877,-0.007633490266994336,0.02297759132774524,-0.19265229820131557,0.012737258329425405,-0.005739833140502193,0.0,0.01898413769002172
2021-11-05,0.018484359388210025,0.021048503886475167,0.04963145994835072,0.117913831954362,-0.05021972224789828,-0.04570384087551138,-0.01185772737530233,0.01167985552687889,-0.07692307692307687,-0.05508474994829771,0.035502981953434265,-0.04980838361971118,0.0022727454219722,0.015996656933754183,-0.01667729362424386,0.028289494116551017,0.007407400212333881,0.0299686260522245,-0.10909092065059778,-0.04468288589146019,-0.02189778925938224,-0.07571431568690712,0.03252350739882348,-0.024252662387525104,0.07444729461278388,0.024999965320933848,0.019354838709677358,0.0,0.024635980496773513,-0.01272312686887489,-0.042686885131947405,-0.0005662794876741817,0.008721608016436955,0.07770656668080145,0.00655865032609837,0.011674458324901993,0.06890613388388522,-0.028477571262085055,-0.04255319148936165,0.01527568008361424,-0.04237284282951548,-0.004294460006173728,0.03892164653551311,0.0218487594299559,0.016889619037256498,-0.00985225278322488,-0.008426945222445026,-0.025974001846660322,-0.014344297135205464,0.04385963234974577,-0.018099549894227462,-0.018626402520775964,0.0009545636804630941,-0.02959932924924169,-0.016852667485623862,0.01207642928374364,0.01877444815407947,0.03963442761378322,-0.009533869671872308,0.051147968878713757,0.028579746750387436,0.02161093386634172,0.06809694230276664,-0.016528896232775092,0.04707387775761873,0.004473063263102484,0.04432773866603501,0.17396590089126507,0.034817813765182226,0.028195036704131704,0.003582295016907988,0.06252980516639273,-0.00868789028627992,0.01538460256119234,0.02832924106506418,0.012208618632953971,-0.03125004677494503,-0.007142795481887787,-0.09999999999999998,-0.018126918393140512
2021-11-08,0.0,-0.0021528350589267164,-0.057818378982304575,-0.030425887171039223,0.06675474339511211,0.09578544446294757,0.031999969482421786,-0.031441876887319364,-0.011904761904761862,0.007473822661240748,-0.02285712105887272,0.07661292570934819,0.011337715531607673,0.017872380289835732,0.023157173192806635,-0.0268714058361329,-0.04044122513138659,0.012961191900914937,0.03571432510316708,0.009629672194938044,0.1194029571909665,0.02009275404274269,0.009108150574712814,0.02387107815356071,-0.019367283193298945,0.03991137722079241,0.0,-0.013960795631952627,-0.007650240190443025,-0.003782755230320012,0.025612754743625787,0.004506556717313259,0.021922150006177255,-0.006751228482805627,-0.0021860982555199637,0.03445916353796252,-0.015310200057973566,0.0901916799387239,0.022222222222222143,-0.0010902580984540888,0.07079649845391889,0.00800992432420733,-0.042214936435656214,0.02302629411880952,-0.017596711837705725,0.01208248954949398,0.03569411227940278,0.013333320617675781,0.006237049930402527,-0.00873071533714842,0.007510967088187659,0.02218155553954837,-0.001354869285264071,-0.011004260641966246,0.004979552411290333,-0.008527948857282919,5.350893936029166e-05,-0.038123427390485576,0.009982130988224647,-0.044190674304588895,-0.022115077095928415,0.019230843295715117,-0.04366812617911564,0.021008310041639167,0.012419000413002923,0.015864440385962908,0.017297357607557906,0.03834195257064921,0.11189358372456959,-0.013291828307473996,-0.005552808266281017,0.00808626699573134,0.006966322995303642,0.022727345280980416,0.01685018429592655,-0.06030703921452374,-0.0005786332578707754,0.008672349852068661,0.11111111111111116,0.15384615384615374
2021-11-09,0.036297604529450966,0.02177049885490412,0.053788842621797395,-0.09832641138056619,-0.02788103012901899,-0.08741259061886208,-0.04651158492543972,-0.020796340057765095,-0.02409638554216864,0.04599408193656829,0.005847975394087879,-0.05992512406695294,0.08183871826956834,-0.007943210112781651,-0.04749765059857414,-0.029585786202270148,-0.011494242373779495,-0.009792401564967301,-0.0369458118821866,0.008856577517879938,-0.10666664441426599,-0.018181801105005113,-0.027830002514916963,-0.025357536757205645,0.008955036446727238,0.02217477754784758,-0.03797468354430378,-0.004338945819452489,-0.02312775769950226,0.008795588143252875,0.0009738748905652184,-0.0073576547528881875,0.0015284451041719382,0.014817606073378231,0.0001715709101102192,0.000211043390624166,0.05891974612284967,-0.1256463436403139,-0.021739130434782594,0.04671467639152138,0.028925591337169543,-0.01772621666920049,0.004006851461248795,0.04823154354569836,-0.001826421909699505,-0.011938245819144822,-0.05689282693994202,0.021052674507501035,-0.00826445466776271,0.01023891100327834,0.0013942696449176228,-0.013646670785601778,-0.006883309007575056,0.009020191068655148,0.002852712115535949,0.025007238016599764,-0.0020574307433037786,-0.02347288262292624,0.004824140162546842,-0.03688292313884056,0.00028989043336125064,-0.0018868355701793238,-0.07488578390559442,-0.03155000841216005,0.03635150331439396,-0.0008221043683800389,0.005366389899225554,0.008982079312487734,-0.010555946516537684,-0.004733002213913262,0.002459649354989324,-0.09759360436439435,0.01746256152699588,-0.0037037895840840163,-0.009600772556616732,-0.02683775384207243,0.042046700863670905,-0.009574968355226421,-0.039999961853027344,-0.0022221883138020537
2021-11-10,-0.03677758962242017,-0.037686392185431794,-0.07709537633339025,0.1090487873013064,-0.028680676947101857,-0.06704979285443957,-0.016260146842582146,-0.01113701886501639,-0.024691358024691357,0.009929125087893675,-0.09593026157067497,-0.003984059960658093,-0.029741000341099166,-0.0054782247552191965,-0.00903612259085751,0.01084009789505469,0.007751930820906638,-0.01938282782556211,-0.06649618796954437,-0.04400670905868043,-0.022388126755056525,-0.0478394972017091,0.02746611504816876,-0.049938292214094515,-0.01155026638083756,-0.0196078150529041,-0.006578947368421018,-0.024311871460796386,-0.01803831448437776,-0.02739027975139441,-0.005524848989475695,0.004003003680601358,-0.042729461136726044,-0.02371055475970929,0.005412231593029171,-0.03011171780198585,-0.016228751542258668,0.005322303571851483,-0.0444444444444444,0.002919695253824628,-0.14658634865011522,-0.01306783087336394,-0.031166845741889437,0.010736222678858098,-0.023366654795417663,0.01421461820212011,-0.06206494831959153,-0.038659817253393514,0.0020832815931923765,0.002397572096570988,-0.019690880953577072,0.005897106825190734,-0.01469709129073482,-0.021733299136307282,-0.030572498851113128,-0.026334994227121156,-0.01618866383436679,-0.07506646784092907,-0.02634660374471043,0.012945099621239686,-0.01594200687132019,0.0018904024487615967,-0.03158939258833249,-0.011331325107452717,-0.06886630902739799,-0.02700825746617752,-0.04162159697003054,0.02176059144564646,0.0007112375533429027,-0.006462611455813283,-0.019163231981941253,-0.005925967369550533,-0.02681361803243021,-0.001858779319524717,0.017395762972015616,0.02877695044690043,0.003993311523760479,-0.031468937858468715,0.08333325054910778,0.0690422799280832
2021-11-11,-0.014545440673828125,0.023271192178544675,0.05326348346124843,-0.039748964201003045,0.015748016714081325,0.036961049159268455,0.012396649161620532,0.010214756064199637,-0.025316455696202556,0.014044907700759168,0.025723447821473622,-0.035999965667724565,0.0050197388594499515,0.046610194747231715,0.0013508675776399137,0.022788213863893292,-0.03461535287326489,0.015059769743506868,0.005479438119827318,-0.043207036647679664,-0.03816790419867877,0.043760126027209134,-0.028614467024232315,-0.022842337008711078,0.007995005594941818,0.0004255416545462243,0.013245033112582849,-0.0025858158905542883,-0.1928817245672525,-0.009532940115456467,0.03773580479499161,-0.015485831736886335,0.015372309813098006,0.028265591851158067,-0.00260603073588217,-0.005365369245842633,-0.029065192369526427,0.054705900304457655,-0.023255813953488413,-0.12351837404578037,-0.023529389325310235,0.00882726017360369,0.0011769590786541162,-0.013657078983912885,0.005603317005886677,0.024526996501930354,0.01855282842579342,0.010723850307905236,0.031185051382921936,0.003152786209492442,0.012637238342349644,0.05231113310538804,0.0027727352600666055,0.01619702716206395,-0.006687285080839822,-0.0027425987825921982,0.012081739832044747,0.04068588491539149,0.022248928925699518,0.007986928050806918,0.03711335178845254,0.0,0.04383277246874129,-0.030086110302856017,-0.00950874560488757,0.034521377730468705,0.028910831811505666,-0.0367860649255527,0.06538734896943854,0.04258705753984615,-0.0003380760523670201,0.010432240465791054,-0.0014086094546891248,-0.010241920910592284,0.003610928924391077,-0.0011655278520698031,0.06778959558853015,0.03381553559774497,0.019230843295715117,-0.04583334922790527
2021-11-12,0.016605193970666843,0.018973342075977007,-0.04887216619016099,0.0392156475718497,0.022609844432796677,-0.013861419607429926,0.07346938351831489,0.010111469866067146,-0.012987012987012991,0.018005512114305677,0.0,-0.012448120465286205,-0.008501434597135593,0.003238774391146837,0.0016864327090775344,-0.023591127454258287,0.07569723423998576,0.004371464305115147,0.008174400893297573,0.009474643832492857,0.0873015993156252,-0.02950311421308649,0.0034883781104384504,0.021782432855705025,0.0025625867407856884,0.00595488678372913,-0.02614379084967322,0.0063634328499107,-0.10099573498680292,-0.0009050853468197673,0.009629580308291308,0.015938681442671854,0.018335848870995264,-0.012142748545945103,-0.0006853018826999957,0.0027554850088749028,-0.008899648845687502,0.018962640647013584,0.023809523809523725,-0.010913472894834686,0.04819272401665553,-0.003750026226043701,0.08836203449520652,0.015384600712702756,0.011588605143348474,-0.001367994117683291,-0.02610797909860807,0.023872656399110515,0.006048333213803492,-0.002275919498350154,0.022927098369242893,0.010927959452366132,0.010522548180170066,0.011415621348040084,0.022435737144463452,0.015162029225161966,0.014079743555082347,-0.1469655178068009,0.0037647022920497264,0.0036981679048402327,-0.0008519960260409132,-0.0018868355701793238,0.01464861457829758,-0.0014769531419319692,0.012726094376079411,0.0008174016575510645,0.0031629599249747287,0.010344827586206806,0.006004002668445585,0.0284874147766514,0.01433727063501311,0.02212393114865341,0.023754481833534236,0.0037628409848118327,-0.0027744120588010235,-0.0315051941311526,0.009684805907992589,0.020591120875730784,-0.03773590168014018,0.020087379890131762
2021-11-15,0.0018148369563149025,-0.0035069551494743,-0.033405619487280935,-0.014675088457291818,0.04990530128457471,-0.0240963624697752,-0.01901141925294425,-0.01976387258362522,-0.013157894736842146,-0.001360488904074586,0.0,-0.060924458980185614,-0.011789989433304782,-0.01815973135458826,-0.006397338276424525,-0.00536912253383981,-0.048148189683345666,-0.026378264416381025,0.002702730196016301,-0.007679147323104596,-0.007299263086460783,-0.011200027465820273,0.012359973054003381,0.0003899490338992173,-0.009250467516842664,0.004228346007725703,-0.006711409395973145,-0.0009367895740662879,-0.0458860686671142,0.02070305396275729,-0.0036016361802974073,0.0011571015521052441,-0.008589797076080319,0.00040506153819519497,0.0013287483962238777,-0.01106424176595533,-0.031020417505381093,-0.02517794090288683,0.0,0.008635179232673984,-0.03448278130022209,0.0006273669476217769,-0.05040502746204378,-0.022727287505284077,-0.0018248463112271462,0.004109676916436822,-0.024314293936201326,0.005181404116229027,-0.040080123935621104,0.010210758921734397,0.006435563397977573,-0.012929247143645406,-0.00022804281146970862,-0.05446411983076338,0.003239058640345238,0.0058238044631160335,0.004527564447800669,-0.0669466338717114,0.03164553396506853,0.02736800391592431,0.002273962923918793,-0.034026432823559216,-0.017324482764934035,0.022189248580249066,0.02257767646885056,-0.007621479430383937,0.021644202221338338,0.009101251422070522,0.10145888594164454,-0.029300733747412266,6.668203885018542e-05,-0.04665710331829109,0.004960283754267492,0.018744126804159933,-0.010172139186803819,-0.03132532806108479,0.010586384511888536,0.02133418479711313,0.01568625984353189,-0.0025685518717164513
2021-11-16,0.050724675865189583,0.010174576609435881,-0.008969797217711406,0.004255315263436366,0.021660570687404013,0.018518451291821503,-0.02713172706973821,0.001309323214346625,-0.07999999999999996,-0.0027248579493039937,-0.006269556676566368,0.04250560763724609,-0.0184382375711033,0.002877082124263186,0.030498060347420086,-0.003373767752371082,0.003891046973934831,0.008669728966326673,0.11051208522108857,0.025672475664847205,-0.036764758087977634,-0.03721683259905806,-0.013353624049855073,0.02403844199751748,0.001965918779091691,-0.044631556460731914,0.0,0.014533495876755786,0.008291826228525867,0.03452682592012346,-0.000870238190934125,0.008503322389881385,0.020660918024812736,0.00904669650387091,-0.0014982877756938295,0.013040466759802971,0.019376621577769315,0.0016844855443638451,-0.046511627906976716,-0.03709863464679575,-0.03809520349480777,-0.02758618091817855,0.04113740604635674,0.02325582942684168,0.02410452637107996,0.02319229936074474,-0.019169280790610088,-0.015463963770208755,0.018789176055248547,-0.0072042813865087485,0.004643230662106035,0.015889815403526297,0.007121222010896933,0.0117679969936062,0.01712829363931001,-0.001404486161877938,0.005302560326905237,0.02250227572183716,0.024539919841948032,0.0005124743806457221,-0.005672063464621568,-0.023483436254572054,-0.003917695460859516,0.06222851046410538,-0.056122552703976925,0.012342440493114948,0.0789267827018354,-0.027057497181510737,-0.05177603853100543,0.005070160565429749,0.00666640909590388,-0.02522704377894469,0.02511792214017361,-0.021159158443367465,-0.014361063608792968,-0.01368160871098456,-0.010507261996158923,0.02930049968369408,-0.05405400429540086,0.05236056912665532
2021-11-17,-0.022413812097555663,-0.011909438157965191,0.0018634286538865563,0.05296610404930746,-0.020612508298314736,-0.04848480411432454,-0.011952211166031512,-0.03713394145696891,0.01449275362318847,0.010929038637187194,-0.009463758270943368,0.025751151572007247,0.008839850004937588,0.009426110811934896,-0.009536196508148187,-0.023696707557361862,-0.023255792462719804,-0.00644635688209616,-0.0873786048195182,-0.038682674933336436,-0.015267161679471508,-0.016806707199696347,-0.052590896297472045,-0.07042247930837664,0.006497924971295754,0.016747428462869474,-0.013513513513513487,-0.003696854249650383,-0.021381598038191507,-0.025255816433489953,0.005694801921466652,-0.02483591384952588,-0.011264152117503867,-0.018600265869522348,-0.024007458969696693,0.004731097113713556,-0.007438028905000671,-0.0655829633568823,-0.04878048780487809,0.007162190387961953,-0.01980196150035629,-0.007736936414457607,-0.03313910698295219,-0.022727287505284077,0.0013719290741218693,0.009999966058424237,-0.0345277311709592,-0.005235597192677299,-0.02459013990675485,-0.01007256890211583,-0.0011626048700139613,-0.03212849815709484,0.0005281692497767221,-0.014747671652670546,-0.0005365577857908699,0.0023441312596286235,0.0015296133493529762,-0.03143865634961818,0.04579726368864212,-0.007168523410514549,-0.017113584293109718,0.010020078763181894,-0.012782793218769406,-0.008174265662629132,-0.035172450492058416,-0.002438497420912955,0.009515433940435525,0.011587485515643037,0.01777777777777767,-0.002580962297239031,0.016489987370789327,-0.04037260826178146,0.004386942714805775,-0.004699312185161175,0.0035646666530524396,-0.013871331533217957,-0.013891074046272989,-0.023048775440132063,0.0326530294485865,0.13050566051590828
2021-11-18,-0.026455042918707594,0.017694734787755184,-0.07931438631010657,-0.04225343464284459,0.015033073518716522,-0.04458599499918303,-0.07258063947579707,-0.03856594733065466,-0.05714285714285716,-0.02702704328151928,0.0031847255632038163,-0.018828482978560213,0.0054764067260517635,-0.009338088950713752,-0.02091642319514908,-0.03328713546262396,-0.07539684867402374,0.0044605864650753,-0.07712769806969555,-0.004983105932631515,-0.04651158492543972,-0.035897443003490515,-0.024081638881138345,-0.003276078162238627,-0.0009744159552174114,0.04334633780789998,-0.04109589041095896,-0.0016233695862283293,-0.052100832389409435,0.015885269523136625,-0.0011324906285663516,-0.041794005826975233,0.00913592234175331,0.012271576497443926,-0.004436558882078501,-0.01226310108700801,-0.021648644789912908,-0.036592717910003625,0.02564102564102555,0.02942620889799219,0.015151500555948827,-0.03443799056674213,-0.002259866955424683,0.007751967785028402,0.001865217719386969,-0.02178218903147977,-0.04318484499510167,-0.013157882353605488,-0.010504241245931412,-0.021991270269961172,-0.02474169037332441,-0.03428683460254989,0.010361197636763464,-0.017171223460337393,0.00043246167249266776,0.04143700734081479,0.009075869484896915,-0.0002595797096927033,0.02428163476628864,0.009283219935810605,-0.013058641175130448,-0.009920672839941802,-0.0009958323681754644,-0.035714306391052,-0.02772080283928202,0.020505399319245443,0.015146877596284192,-0.01718213058419249,-0.07361197754210858,0.0036462620586750205,0.028535976874763946,-0.0005393866444450834,-0.009001823756033644,-0.017941372525639543,-0.02544077390045263,-0.03964193554661788,-0.01272042292926645,0.011749349128395536,-0.011857696335581758,0.1641414594919255
2021-11-19,-0.03260866466677248,-0.05486956399341092,-0.02380954477947972,0.06722682341118058,-0.04561603013610993,-0.028888914320204018,-0.04347828791136965,0.0036722386388299277,0.015151515151515138,0.02083327998349782,-0.0063492305695064255,-0.031982962374701884,-0.008714666716531982,0.006147515294210315,-0.002034655493210913,-0.04662838149901871,0.02145931003093504,0.011438650672076722,-0.06340056264037153,-0.025040690261971865,-0.008130073421291018,0.019503570233760925,-0.056461747807825424,-0.010545010660987453,-0.0203633070776571,-0.01703364572539945,0.014285714285714235,-0.0018582582526169844,-0.03900705592192455,-0.0005071216281957724,0.011371227179491239,-0.019191327828421367,0.003981334777205303,-0.04135246631367007,0.016148077798678218,-0.0007897270505881071,0.011914922835978947,0.01307602732282942,-0.025000000000000022,-0.03311099106254045,-0.04975125587876761,0.008748325534617685,0.0924877608194874,-0.00923076042762172,-0.016821572431530263,-0.01619432068320592,0.008462615160542697,-0.013333320617675781,0.008492560834195695,-0.0010067830686331103,-0.0005109502629604412,0.002713621397544941,0.005575943780950832,-0.02011494252873558,0.025947854677459192,-0.005273114275827329,-0.010594711603678642,-0.054025994138544586,-0.058799175930602465,-0.0030659448053312888,-0.002058209299584113,0.008016120345677225,-0.0029911136975063757,-0.12250706905341513,-0.03100059249812459,-0.0075851083180830114,-0.007084715524085072,-0.006993006993006978,-0.02020202020202022,0.002226588631603299,0.01697601905899293,-0.06529956540656423,0.011125998556709593,-0.021153782214834105,-0.016947590344195684,-0.03595212377295387,-0.040102854907505536,-0.007989488522966548,-0.007999992370605447,0.01518431536469489
2021-11-22,-0.018726662661472826,-0.016530005425890115,-0.008721418388430546,-0.047244050142243865,-0.05152084704745763,-0.0640731671175706,-0.022727287505284077,-0.0011257276162188745,-0.04477611940298509,-0.02448975178516588,-0.0031948395066633273,-0.08149777283435578,0.04395604525164076,-0.05132394317008593,-0.02650350423709913,-0.003009778929107698,-0.0504202177342542,0.025545477320316312,-0.04923080053084938,0.05599075968368239,-0.057377090828291566,-0.04000000331712805,-0.024379399383003153,-0.05716259174280924,0.022653800748033692,0.005071886728964747,0.028169014084507005,-0.00861072227300197,0.011070099987999793,-0.02551798588629761,-0.015265932778417701,0.020734285228434013,-0.05328920767216205,-0.025572597430474353,0.012722178627741387,-0.019918315487158944,0.04709835574200549,-0.013521893946729757,-0.07692307692307687,0.010101006303789628,-0.12303665885440118,0.010006709439289052,-0.09364205051178431,-0.0372671189165964,0.010423076167783929,-0.006172862408503232,-0.04475526816687858,-0.035135165612308894,-0.029473656102230628,0.008846509060866925,0.00724780514972867,-0.010599891211289125,-0.01160931999267456,-0.03278590227501832,-0.021500047791085386,-0.02828730052206352,-0.02714858569613121,0.008237184923179264,0.008469030883944129,0.0,0.0008839892518595072,-0.007952373165350135,-0.003999966950361977,-0.05844162286420784,-0.061686942753173435,-0.024537270524824017,-0.019459423635940443,-0.035211267605633756,-0.06804123711340204,0.03823672124437638,0.002927335646182083,0.039260988288526866,-0.01918988254333487,0.003929269552678916,0.0021318720330614216,-0.04005524461615262,-0.012392672512324898,-0.013485825776987537,-0.056451654769131054,-0.018620171761527415
2021-11-23,0.007633671839197387,0.009284752604211466,-0.014017221089076215,0.0351239815980271,-0.04973817333043484,0.0073348977633189705,-0.027906950955263854,-0.013525030550360029,0.015625,-0.037656878536653005,0.0,-0.01678661160207673,-0.023157912330945996,-0.013310405548378257,-0.01326344287628467,-0.015094325227557492,-0.030973421919550215,0.015179010653239677,-0.048543690918485316,-0.005958962339294938,0.008695644061371466,-0.038043485303006275,-0.0063607173190634025,0.0020551876688739146,-0.006085565161603301,-0.020605540663139688,-0.03424657534246578,0.010563398569434668,-0.05109492861930498,-0.004707836210785743,-0.04185361229065654,-0.01225307083817484,-0.011533162024179866,-0.015861491478782352,0.0050161585065027214,-0.018546145989117635,-0.006425696781659385,-0.023675961297814685,0.05555555555555558,0.002438987173685181,0.047761221010612864,-0.04227214853433048,-0.01696529556196391,-0.001612863282630106,-0.007015242340870476,-0.059351205512344074,-0.008784764780346288,0.008403353487606458,0.03253798069916325,-0.016316945843745545,0.0016369873976431748,-0.0020514048562270126,-0.0045579277241657445,0.001334068375584474,-0.012485761076412305,0.0020909577736383245,0.0033255042927640144,-0.025054442805641286,-0.005562243675981793,0.003075373731447728,-0.05357667440161917,-0.1462925001442934,0.00401603094139924,-0.003448284945586577,-0.0226873109464254,0.006460350405398607,-0.002535778408626621,-0.0036496350364964014,0.02433628318584069,0.0038292187677089196,0.002422264008007158,-0.032222217983669754,-0.01587985888576182,0.0029352531871458254,-0.015445900516574018,-0.04604312282104284,-0.02384516601524167,0.0007592513775327436,0.02564110401662978,-0.06531888613218195
2021-11-24,0.009469642407366585,0.0022196274486372403,-0.019963696914583884,0.011976035935817197,0.05234154622916409,-0.014563093312173536,-0.02870810668041257,0.007426510959600785,0.03076923076923066,0.002898524817921855,0.006410219573724785,0.04390251447869553,0.01864227952644204,-0.012184212640851011,0.006367157467442652,-0.006130262263356334,0.0456620557167875,0.005367388740515233,0.034013606619062164,0.0,0.0,-0.009416142078437106,0.07498853802997485,0.005273961310945818,-0.006122920277990662,0.0017174326580657873,0.042553191489361764,0.009291557095651548,0.0,-0.0019618632725252327,-0.0012929658668315858,-0.0036665321682537444,0.020549087813941158,0.0036630882804276066,-0.0005545382574422275,-0.006177155917399424,0.010509306034245158,0.015315875555178993,0.0,0.016545020204902228,0.1566951435357964,0.008275854176488462,0.07407406859472232,0.033925692440343935,-0.0012024763918694337,-0.03815112109685703,0.01033975950643895,0.011111167036458314,0.01890749399646019,0.005303470737329841,0.010930845426179614,0.013476563753346493,0.003220267932843024,-0.004965828740819633,0.004750788242335879,0.00010331533981333685,0.006503031506580381,0.023603359288458803,-0.07863564537121759,0.0010218655070819427,-0.008398206914390638,-0.03051645714935569,0.01000007750012033,0.01730099264523921,-0.009338521400778177,0.00874096826796511,-0.001271343886579901,0.00366300366300365,-0.010079193664506825,0.001122025205849475,0.0032836200914965197,0.06429396293502632,0.010408631845961303,-0.009756137440477763,-0.004039569979772173,0.036199059875642536,0.007442320818296766,-0.004268499863283259,0.020833312637276835,0.05324460639241724
2021-11-26,-0.026266391836690883,-0.03838663583617652,-0.031944497099299585,-0.015779171170520412,-0.0013088680915485096,-0.022167466856587215,-0.009852207106110566,-0.04026090062978738,-0.014925373134328401,0.04768784972077467,-0.03503185970806755,-0.009345896432088385,0.02084002490570125,-0.031718139755117836,0.02144097030396863,-0.00848115713853892,-0.06550212202950223,-0.07969997189527667,-0.029605230686295836,-0.014680657934957875,0.1551724758074502,-0.007604645807912647,-0.07018288398412109,-0.03002047661810814,-0.0420159953991035,0.01714529017738342,0.006802721088435382,-0.05362489735655096,-0.03461535287326489,-0.0027956118032765875,-0.005738530387355056,-0.0024902685504966104,-0.015016154836700824,-0.048467225715791096,0.01088446308313995,-0.02905701339437594,-0.0016000366210937589,-0.036455055265157466,0.026315789473684292,-0.0035901798842552513,-0.022167466856587215,-0.01162791228622806,-0.002527521054181525,-0.007812529685906622,-0.012207030851320022,-0.01906940118347289,-0.029239807257405603,0.024725250432837687,-0.045360782374761155,-0.02289811841944356,-0.018866834210809702,-0.03696208938739998,-0.018958756085970196,0.032560441744317936,-0.009306966228924796,-0.021184701669844985,-0.0217278755386493,-0.0260608777582384,-0.06987266512698387,-0.026033521755972178,0.019761580218041974,0.009685220519283666,-0.017821855514192464,-0.030612147984400373,-0.011225482374312645,-0.02531814730894366,-0.0275025284993764,-0.009732360097323589,-0.08145454545454545,-0.059285001866093534,-0.031678595980583424,-0.04315000565826155,-0.027851968040293107,-0.02561569847611367,-0.01344064606252382,-0.03930130792200748,-0.023681648130356225,-0.02467355809281846,0.004081628681073202,-0.010742501001132054
2021-11-29,-0.02119463050127901,0.05534235884870253,-0.0027099979305890143,-0.03206409914849684,-0.04193973353365077,-0.030226731262687045,-0.024875636840516635,-0.016838987312214893,0.28787878787878785,0.0055172799647540405,0.013201370823457292,-0.05896221110301891,-0.0010364166710767897,-0.0113740969645576,-0.011699952396920676,-0.017107256549595884,0.028037355064628677,-0.008287271567344212,0.047457592635504975,0.005959718426654881,-0.13432840468172236,-0.003831414124593202,-0.0324794589202837,-0.009915806143680261,-0.007073943269457872,-0.04171933376383308,-0.06756756756756754,0.033803487980409885,0.007968119921316186,0.014630565048435518,0.014569821352682144,-0.02096966009643153,0.028469204193360964,-0.017029728028379987,-0.01853654323023657,0.00039418500133758805,-0.0024038248454787414,0.0,0.02564102564102555,-0.018496287244955667,-0.09319902300030625,-0.029065749608152003,-0.047782794382777105,-0.0251968267425301,0.027898229823329457,-0.011664116979661743,-0.02786143772581995,-0.03485257741988146,0.0021597736063738715,-0.0022975826608276906,0.014656845365702331,0.0,0.021702528209574634,-0.0003536340757910317,0.03834770515731889,0.016267432688752415,0.03247406495221661,-0.008405748050893003,0.0014077375378906964,-0.06918229332815118,-0.02706856986159023,-0.023980792039083765,0.008064514046251192,0.0578947942452368,-0.019551752282338963,0.042089261563313274,0.04552193264325788,0.0036855036855036882,-0.010292953285827355,0.021205607904757784,0.021873622777418555,0.03551302571834958,0.04670330680953838,-0.023255820748100953,-0.023901787252661788,-0.027272701657507614,0.032908537751499045,0.014575086293049822,-0.06504068428844845,0.11465992082949628
2021-11-30,-0.03543303760668293,-0.026649943623549888,-0.05003198528463493,0.004140782865927672,0.0068399714262994404,-0.018181801292662225,-0.0510204396081696,-0.01201916243550094,-0.11764705882352944,-0.0068587800696291445,-0.02280132721639805,0.02005016589810027,-0.06431515181193814,-0.01058462065807897,-0.04735362397463494,-0.02136079512895761,-0.013636350336153957,-0.054317567689621815,-0.04207113295442588,-0.015304837264216942,0.4913793697014166,-0.024999931225407335,-0.030260018968875535,0.008194247390347797,-0.011269287984717158,0.03649955725858134,-0.09420289855072461,-0.013879091411044153,0.011857696335581869,-0.01910375581089563,-0.03527702357450824,-0.0007649054410164835,-0.027961831871605614,-0.0118621054485607,-0.034804636638175235,-0.036156071154680114,-0.031325252660502456,-0.01108937228571416,-0.07499999999999996,-0.03499755956473238,0.11666669095004112,0.0,-0.011594765315998457,-0.0016155458464287564,-0.030335939624249852,0.0070810645530847705,-0.008520500230625228,-0.016666651213610217,-0.0021551190371589257,-0.03534829877675816,-0.005182005210636054,-0.01965821885091046,-0.014686348377494496,-0.021933968672339654,-0.02565857670512961,-0.015302274022490625,-0.01888932501684959,-0.03348399447973727,0.08370610928763988,-0.042230102488232335,-0.05848872978839048,0.027026941532620086,-0.004999974700373944,-0.003316932730150879,-0.03702288494459849,-0.051319932244542676,-0.01730734029589298,-0.020807833537331732,-0.03920000000000001,-0.014815728585806487,0.03157766915250826,0.021230232543893113,-0.0494402250084921,-0.026914944181829603,-0.09001415263928081,0.01557630894769324,0.023378127246888925,-0.0355768361366855,-0.013043466092057199,0.06017187341851282
2021-12-01,-0.03673475544336369,0.03043689545278694,-0.0006730761454136758,-0.08659795557784944,-0.02377719939677514,-0.10052906849166632,-0.08064512821108816,-0.0215937614387256,0.01333333333333342,-0.08839779636242606,0.0066666920979818745,-0.019656058661043696,0.06319272056855696,-0.03581376245350787,-0.00694447918164709,-0.008892454138634376,-0.08755762697711622,0.023564041799193136,-0.030405455910435086,-0.04462268254029578,0.08092484633026964,-0.09270221915491483,0.01803992821822309,-0.06336548381199625,-0.019651523405254334,-0.028425968814970837,0.05600000000000005,0.010257641315793986,-0.04492187972937256,-0.013159945727723832,-0.011002436402691607,-0.02540477697624166,-0.03829726105728859,-0.039172337429908,-0.004056191376266449,-0.015109726140767443,-0.06550579886946106,-0.06926122699889758,-0.027027027027026973,-0.025615067928312696,-0.1517412681567314,-0.05702068467291721,-0.07615382854755104,-0.03883491549912932,-0.013162810581831552,0.0023436756802981407,-0.04765629697358165,-0.0056497121870150435,-0.06695462961494425,-0.03246599737806721,-0.013373997318725017,-0.022200882840698433,-0.01701308319090533,-0.03333734396260479,-0.01857132625932334,-0.0180634873037836,0.0019508285418050608,-0.08039763075012918,-0.06686327351756283,-0.03762467221837662,-0.08797853521905075,-0.01913873851469783,0.006030132962639101,-0.0016638980324433783,-0.07085945135589455,-0.003090912438528437,-0.023626694936165427,-0.050000000000000044,-0.08659450457951712,0.013735982285710602,-0.0032061585688991645,-0.09434970342050841,-0.013580545311232983,-0.009574433639051194,-0.0015607209602349625,-0.053680967125222634,0.0171929201479033,-0.006298043558532362,0.0044052821794189345,-0.03297300596494934
2021-12-02,0.055084796703196215,-0.034153193570299556,0.028456010418831834,0.011286725208207171,-0.044537254587309505,0.032352909414826936,0.08771925910847256,0.03139577848050523,-0.03947368421052633,0.001515186252601275,0.03311258194493716,-0.010025053072035384,0.041293045263498085,0.013989407884341665,-0.0025763384087478247,0.006525279136422313,0.07070700259442764,0.0030215695607576087,-0.041811829708721104,0.04185256350454858,-0.080213890789119,0.04782614599779689,0.06321847007796477,0.02619317178379421,0.02111440033023171,0.008733657915767745,0.015151515151515138,-0.016056678386690115,0.0,0.005017505601207173,0.023522145270596262,0.02135386703937381,0.01783892945320864,0.046523178184361136,0.01194952030910379,0.03758989103984334,0.053238633844250094,-0.007087131837603344,0.05555555555555558,0.01613750068013209,-0.08504404485988781,0.009070358532538014,-0.028934208225611546,0.0016834599239645698,0.027416814747180496,-0.02338261845016054,-0.015586512462974711,-0.005681812794001595,0.02314812515252984,0.02343944711453383,0.01892035819442861,-0.020752130271586844,0.007207020901306427,0.006423440848714046,0.02201066659982054,-0.0018468889124809706,-0.004164207899758909,0.04148788115025592,0.012131923642031861,0.00977406428226546,-0.010677430405300337,-0.02439022120941492,0.02597397112914024,-0.011666610616311801,0.022658957288212545,0.0011277013907042832,0.007971322582468687,0.04078947368421049,-0.007292616226071136,0.020441537057861003,-0.006130006359382878,-0.025897618598299643,0.05489860292953064,-0.011815370430681815,0.004689570082745176,0.03727715011822785,-0.010404028073705773,-0.0026156252346601905,0.09649124182932711,-0.0321407979434325
2021-12-03,-0.03212848329303353,-0.004505512521624677,-0.07678458252798759,-0.037946445439771104,-0.04806991037267061,-0.09116807239665081,0.03763441595309147,-0.02350810042564111,-0.09589041095890416,-0.06656579424623221,-0.016025640633762994,0.005063286249386678,-0.02964139298248558,-0.01998101406397501,-0.0007381107473865001,-0.03241495682807616,-0.023584884441207543,-0.009754702540617943,-0.16727276426373106,-0.028837688073549583,0.01744184354113676,-0.07261418444080403,-0.08198205133448244,-0.007986253231381912,-0.011778469991616691,-0.02597404205893572,-0.052238805970149294,-0.017278556218954688,0.012269927283794058,-0.03319426577216689,-0.01619719951112042,-0.00566826116085839,-0.04260585760417157,-0.03235941170029666,-0.006899233332879562,-0.008288916737060337,-0.03622580533458264,-0.0556745663028273,-0.07894736842105265,0.0,-0.02884612739438741,-0.07265919395591958,-0.08081458380386719,-0.0436974387192105,-0.014523659250517795,-0.05426978083321932,-0.0616666475931803,-0.04000002997262142,-0.05656108499654566,0.008919935775506094,0.005405448338608565,-0.0932436713310647,-0.017388452470592064,0.027264802102834773,-0.08238074534691875,-0.013839076006382012,0.010263379903195258,-0.03769843106602799,-0.0776625530742584,-0.04575963681420747,-0.010792739355032221,-0.06000000238418579,0.01557929170648209,-0.03709941529196359,-0.06754221631748103,0.17682654259877784,-0.0029376235242132287,0.006321112515802696,-0.07438016528925617,-0.016025658380238283,-0.011724404433018365,-0.09244706041259121,-0.03677032606013708,-0.027173968804224735,-0.016417323249531934,-0.03125004423782163,-0.02058459472343177,-0.014525207809937712,0.031999969482421786,-0.09644816776119358
2021-12-06,-0.045643207301583555,0.01062915349635496,0.008334832874451248,0.02552207307999743,0.15990820209548584,0.09717866370499473,0.1036269272168604,0.013271613732250165,0.0,-0.01134527224335835,0.029315947757784455,0.05793445314795709,0.021671805029709112,0.0009710359454551121,-0.008124031027340606,0.06783923350780352,-0.04347822080763086,0.04679129963859019,0.05240183789568187,0.0557572000677069,-0.02285712105887272,0.040268526537909244,0.0387635401402846,0.030150019070475986,0.034697240632570736,-0.0035555521647135935,-0.015748031496062964,0.027594653163911742,0.02020209804504458,-0.027953714866561286,0.012708917926699925,0.03701144925543032,-0.014546433212085375,0.04383117149196125,0.056245846564005,0.030931799774354563,-0.02272721020491575,0.025699180978990377,0.05714285714285716,-0.0028176385187483888,0.07260727085397356,0.049272992814087146,0.026585805999340684,0.022847120058628434,-0.006918369301252225,0.035442989028332095,-0.0017762395521423446,-0.008928563192385108,0.02877695044690043,0.024014363315609133,-0.016296186976818894,0.03161977294717255,0.008012921442345444,-0.00832431471211259,0.008937032210341256,0.011086219388703134,0.012291495860860424,0.027597141826694926,0.03695675681649235,-0.03196932944751707,0.012791578388405167,0.039893642486140246,-0.024927980940579908,-0.012259133800197719,0.05621355830890851,0.02201219183014924,-0.006005148377448144,0.022613065326633208,0.004960317460317443,0.0005817013993760778,0.02150297913417254,0.014647090988654243,-0.0037105100435038674,0.050279478711049874,0.04456446314078244,0.08387096724574694,-0.02296250152132029,-0.07789124794219604,-0.011627896231359958,0.08117612148316988
2021-12-07,0.03478267990573958,0.06452698865679674,0.03921912624514379,0.038461555058724395,0.04221638191058452,-0.008571420397077256,0.056338050240429594,-0.014620875119158439,0.07575757575757569,0.07049185624635856,0.0031645689956498746,0.08809532838073597,0.020202072746058564,0.036857073185732725,0.017870475298196853,0.05960786108877136,0.020202000741265103,-0.0005535692547024018,0.05394182201752429,-0.011176566607464355,-0.07602338732840141,0.08602152412124298,0.049126074843206746,0.05347835963112835,0.020606712141474137,0.025423715115278522,0.0,0.053231886081250845,0.04950494862528321,0.026939612390594725,0.008877396123378567,0.05160221697849687,0.060733024373295974,0.0105754542444767,-0.00708318858097734,0.04351090674350999,0.0921287750318176,0.05305823752548977,0.054054054054053946,-0.005908028266975118,0.11076919849102307,0.028483440498723978,0.03521124990781721,-0.029209634240511928,0.036321989665540455,0.03585986755143211,0.03647685549475077,0.021021073052599926,0.025641056991266398,0.03103492813583819,0.03078192393180057,0.0437098892441683,0.030113927221326442,0.017579072365830672,0.0448846455719043,0.027986504263362688,0.04499255395636048,0.058496726051771475,0.05704964534768786,0.07595764300989516,0.013372979544252761,0.04092073716583977,0.09832854881549657,0.02659553152250349,0.05945294139793078,0.0711692028875015,0.04713603517862408,0.029484029484029506,0.050345508390918114,-0.007906060786962099,0.03544628561235075,0.07874020872451815,0.0313751895939558,0.026595592071746,0.012689510349523925,0.03422619438309926,0.05795551215277772,0.06504615980356787,0.0,0.05527634734468667
2021-12-08,0.07352938819391319,0.0025494002389967463,-0.012523297961683721,0.010893183493581038,0.001265791382780046,0.08069163374096955,0.04888887758608207,0.027511692312989666,0.0,0.016845325223872498,-0.022082042463476115,0.06783368296173253,0.01683152424987644,0.019177030714620624,-0.011704459408185763,0.005921533852755179,-0.0049504903750891005,0.02243139144011952,0.06692921663736717,-0.01726492799362278,0.025316430864913864,0.025742501523518202,0.04412433543367844,0.014690940163352373,0.006897405176364835,0.03262287983761558,0.0,0.006317662031247062,0.0830187857639102,-0.020577105312900024,0.012332992080290817,0.01100685718615435,0.02281977002987201,0.002923757134292604,0.01796172370579585,0.012748980641806629,0.0024569805796450517,0.011196630359638027,0.02564102564102555,-0.00878553348540212,-0.038781127577257046,0.017964126568860372,0.17270131631751195,0.0460176544524058,-8.256440401555043e-05,-0.003933841299767371,0.03347642541570783,0.008823520749498215,0.018181800448205276,0.006336964367871012,-0.019753070142281448,0.013789485606902296,0.004474153257016722,0.019487177335520967,0.004830994995278948,-3.689871657430732e-05,-0.0031165617349948604,0.04782730802528179,0.013955751962234642,-0.008594327087248832,-0.03299125744961906,0.03685494157339142,0.0322290870632953,-0.0051812703020363005,0.027277523112093638,-0.002404062053999123,-0.005932962779361839,-0.0035799522673031214,0.0046992481203007586,0.0032813638027484604,0.02278304455643787,0.035888085974548956,0.007878767892676608,0.020725472380692445,0.005930002539693335,-0.004316508459640267,0.014484952900057246,-0.02470039100953514,-0.003921564960883028,0.008403339794098352
2021-12-09,0.007827780980020682,-0.029499591167775563,0.0006855341315061825,-0.03879306756854661,-0.006953202199696307,-0.06933333079020187,-0.04237284140261244,-0.04271967244100561,-0.028169014084507005,-0.05572292199298401,-0.02258066977224038,-0.06352457694871516,0.012658251650877528,-0.02248749667109018,-0.025536734485200552,-0.017660027109893894,-0.034825837599464116,-0.016522124212004607,-0.040590441917412234,-0.030839261333464263,0.018518500803375026,0.003861000306814244,-0.09012505840689589,-0.05131883201585197,-0.024909591619290294,0.0016849585473042161,-0.008000000000000007,-0.04215240622729677,-0.031358856361689114,-0.021314522470107122,-0.03386048160609367,-0.013225312458624017,-0.03430189707081088,-0.016725292315876827,-0.01943855439203901,-0.0024139449636818577,-0.03758170316574694,-0.06851209579140549,-0.025000000000000022,0.01590199688857541,-0.0864553169575728,-0.060294163639568854,-0.06287419315117626,-0.006768183229402758,-0.01263652228969292,-0.034755175708718444,-0.03239205519588151,0.023323592463275977,-0.07366069694220723,-0.00708419263753568,-0.005773120781453089,-0.015869016335859354,-0.014714274984800602,-0.02445029665393683,-0.031434648643647534,-0.011279643604146683,-0.008733019226895622,-0.06582240078289947,0.001096272459901737,-0.034674831177685994,-0.06292645565663735,-0.042653989878622345,-0.04076326336752467,-0.04861105712077729,-0.06490421101220634,-0.01380233205520598,-0.0020258826541301733,-0.02754491017964067,-0.014967259120673537,-0.03410814330250389,-0.002970202497870944,-0.03875512746923515,-0.024917276094611585,-0.016243738708896727,-0.02737347129104406,-0.0361271672317508,-0.00354461292838959,-0.04317170641100121,-0.003937004178520276,0.0008332994249131698
2021-12-10,0.0019416993901946178,0.0005240217759239219,0.01507109226432446,-0.0134529018534425,-0.031190309989073683,-0.022922614179784362,0.022123836856712042,0.0842237690408183,-0.01449275362318836,-0.03668254366292267,0.019801993286384434,-0.054704593131145396,-0.007692163265659802,0.010328687120541247,-0.03759960658874517,-0.038202263244107026,-0.015463963770208755,-0.004406495217865847,0.019230769230769162,-0.00899846685785255,0.06666667629974077,-0.04038462420187083,-0.028436036522381025,-0.019039016778788498,0.011878672758394604,-0.02649289528696408,-0.008064516129032251,0.00936324203539085,0.008992840152776571,-0.017605359826989964,0.0020956646777736676,0.015956580480794402,-0.004536949074473884,-0.006554312847055543,-0.00029772714391607114,-0.008120713668842594,-0.01103566361525965,-0.022288275622929676,-0.02564102564102566,0.0010263561605645677,0.018927426288799065,0.026604081353047482,-0.03594255163628268,-0.02896083127908844,0.028122591483301207,-0.08101476489748172,-0.033476343555248866,-0.022792001117782346,-0.024096362008327765,0.014156284901454708,0.004341168379300875,0.003071316648061595,0.010870404150874924,-0.004688055994746865,0.03458906465604539,-0.011247564604614624,0.08271912406386761,-0.012513064897529125,0.028105578415581256,0.03399629462626885,-0.04935272440300642,0.047029717577846686,0.04882462454490555,0.0036496445100884234,0.011185357084039671,-0.01121810523088429,0.008888381484188024,-0.016009852216748777,0.0047483380816715215,-0.0012094098508037554,0.02801334164992486,0.04642628482411215,0.025164260078684553,-0.0010318666996408377,0.021871903010929117,0.0,0.008643924431177785,-0.019209246326405083,0.0,0.018873170363983283
2021-12-13,-0.015503861641813277,-0.036862343334186254,-0.013834987151865485,-0.0386363801384757,-0.053876519981074344,-0.04105574820537583,-0.012986966519493937,0.004637676736582774,-0.014705882352941124,0.013245019867687668,-0.009708713293337445,-0.0416667356535213,-0.07364347290730011,-0.022304823456979928,0.03354386187581326,-0.04283490531143108,0.11518332547862697,-0.008851996716933486,-0.06415092420278101,-0.003816303772599672,0.09659088523057857,-0.012024037180686342,-0.007317054562452352,0.012630926031302225,-0.007826183274565968,0.00691144060685156,-0.008130081300813052,-0.03965675154987558,-0.07308383502522686,-0.014234061144091092,-0.0013701275444381045,0.04154578577803658,-0.02254865751340529,-0.027175600830702917,0.0072340063656484155,-0.05719035839655462,-0.006008557692386396,-0.007598740802043036,-0.02631578947368418,0.037426376877437884,0.015479861306820109,-0.04649387667668048,-0.04101076206085941,-0.022806954728744055,-0.01557238225418811,-0.12021368383123476,0.01865009181867716,0.002915449057909525,0.02222214111412235,0.0025683497454056514,0.007381595936868379,-0.03444743937652117,-0.014446786811486256,0.003985437071226672,0.005882764938691221,-0.015356076499860039,-0.015862517513913543,-0.043747195191858546,-0.0824852215467825,0.0018608085052596035,-0.03446806238052691,-0.10874705344510338,-0.008620756294261955,-0.05090922257654873,0.031017911751856753,-0.027297509775738527,-0.003045616828153741,-0.010012515644555742,-0.023629489603024578,-0.04128824535557474,-0.020674205763483333,-0.1517804760755782,-5.42766746446377e-05,-0.11157024752271805,0.00851010950119968,-0.010494778239983349,-0.003955345097371832,-0.017991305561103177,0.007905130890387913,-0.02015793740737326
2021-12-14,-0.05511805849928453,0.00428269094403233,0.00872537750002178,0.0,-0.0256944371778286,0.2048929908874524,0.004385925775139299,-0.0005770472548102257,-0.02985074626865669,-0.03431378252569517,0.013071882795547163,-0.0362318506730257,0.008368043062584318,-0.010456322385781425,-0.004963768482776798,-0.011391403072196993,-0.05164325239638645,-0.026793269609544534,-0.020161289909090274,0.0026420685032981783,-0.015544027049267939,-0.026369095766798134,-0.015233388704241069,-0.0649527955859529,0.005216206955275471,-0.000857938690400184,-0.032786885245901676,-0.0004829861829840354,0.026923143934218574,-0.021448925478908643,0.005524059546353932,-0.016050032430228733,-0.02625940537900262,0.014057070779339043,0.017532668958317288,-0.03838642616670118,-0.012953335018871748,-0.053598831581048056,-0.027027027027026973,0.011119271921642193,-0.08841462328737504,-0.01119107440138456,0.014686831887277485,0.005385948302806476,-0.03160434350633057,-0.030364375946743016,-0.06015697628543781,0.005813947847045586,-0.01690813939171476,0.006571663792684479,-0.01905749252202149,-0.013213539811719799,-0.010350332192303302,0.008240168538681258,-0.06598815623108878,-0.0028071293797337082,-0.010858047957465256,-0.00993843316674492,0.0019347546529171478,0.008668829846412596,-0.01939182563690023,-0.04244034128386576,-0.007826092283906072,0.0038314280653468646,0.008813580011917344,-0.015013021630843282,-0.007309618813914787,-0.017699115044247815,-0.024201355275895398,-0.020585971800146874,-0.008023114967781964,-0.006194091826695947,-0.043827769023059626,-0.0034885089648117873,-0.011455564245406946,-0.04696968897862419,-0.00694929046808157,0.011131702330460458,-0.007843129921765946,0.029468933072586356
2021-12-15,0.031249919285380123,0.040140710371687094,0.04172318729089852,-0.040189143150685114,0.006414836372119481,-0.002538068608636368,0.03493453449101347,0.0661085726292383,-0.03076923076923077,0.028764819066515734,-0.016129032258064502,0.07769428081633323,-0.007261330665221277,0.010566812382644342,-0.0065235006940025375,0.05102887725920735,0.13366335815640595,-0.005018618939518493,0.0041151634579428276,0.00500655132778105,-0.005263152941442195,0.05416661285692004,0.050399115538494854,0.028306455656674112,-0.01265657045480495,0.07771573185021485,-0.016949152542372836,0.042522400632618584,0.07490629346450928,0.018704636201715807,0.019281849612881485,0.04751915468765855,0.0387499438439638,0.03202678501753575,-0.009424885278525474,-0.0061413019382766665,0.03849515036181228,0.02912626378246541,-0.02777777777777779,0.01930598609182943,0.016722392025688038,0.013742932729725155,0.032779926150123595,0.0,0.021046013378853257,0.04697292103147577,0.02782933192635406,-0.020231194355791682,0.058968000244628005,0.009295079255958072,0.0042322916015720136,-0.03347607448014467,0.022797448173069723,0.020998561779752123,0.025160251287837276,0.024977573145925636,0.040575019521968736,0.034576164250798014,-0.01055612373330006,0.00736652656358916,-0.0008988969781426048,-0.0027700805412326224,0.011393547226738354,0.11832063025832351,0.016565835264352957,0.03611192197611013,0.04011441875886668,-0.01029601029601035,0.07242063492063489,0.018955429187120787,0.02850909058412987,0.04293634745500041,0.04663186883854675,0.009334994456367207,0.008018699686249908,-0.04133541393028595,-0.0044986707987278995,0.02970184090797634,-0.0513833507875211,0.08533621257311075
2021-12-16,-0.008080800685720813,-0.04529477133664961,-0.0286551347118581,-0.014778311237724773,-0.01770538257976062,-0.06870228405601564,-0.07172998865047109,-0.034930974949018534,-0.015873015873015928,-0.014802656861388819,-0.016393442622950838,-0.039534899710060856,0.035005268004546286,-0.010931740005140411,-0.010428629387689292,-0.03367269301187514,-0.04366808135300149,-0.015420085087705648,-0.04918030907387272,-0.024252733399665494,-0.0687830667807291,-0.0632411413596965,-0.01092634444524787,-0.09935135058148636,-0.024612049265539948,-0.05019921154312179,0.034482758620689724,-0.046118229619836915,-0.08885013456112534,-0.029467341347154452,-0.03554442706678196,-0.014075078329424118,-0.053378588016284145,-0.03365747223900539,-0.021125077424278493,-0.011544678816448606,0.005054795298666814,-0.009433953069178047,-0.02857142857142858,-0.003596205094079763,0.029605313722777638,-0.031100505941717982,-0.07028029297692384,0.0,-0.010281055164683917,-0.018943238598810308,-0.00812275750971192,0.017699097617354553,-0.041763301793117935,0.004495161344422849,-0.006703288015127096,-0.015516957086960437,-0.025714692212468804,0.00929016449536868,-0.10191485173268944,-0.025641174633125208,-0.029975245118067262,-0.018789425539377458,-0.09172525365304662,-0.014625246714167095,-0.01079621124877539,-0.06944444628409407,-0.015598041478222413,-0.0460750297855691,-0.026518003131751344,-0.05409067063397743,-0.05880183239786918,-0.013003901170351106,-0.05642923219241447,-0.026448955032624788,-0.03926390528040635,-0.07702528345055315,-0.025234759035431265,-0.018497205214675905,-0.016628231703854413,-0.033167542146512075,-0.022996570066825317,-0.03820029836917327,-0.041666724615624595,-0.03732271836912049
2021-12-17,0.01629326399026665,-0.003749201256420309,0.030170956112374636,0.047500014305114746,0.005046841773740818,0.08196719816420295,0.009090900552502612,0.08108864868521382,0.06451612903225801,0.08514194463594005,0.020000012715657656,0.03631963467578192,0.023725513367501616,0.004805541807162195,0.01639348504055982,0.014586734436792703,-0.07077624079448475,-0.024151076306341168,0.004310388769180218,0.0233776414971818,0.062500008466569,0.014767969418037374,0.06195969906032395,-0.004567049619475072,0.02365610781364036,-0.04194630845635494,-0.008333333333333304,0.014577222457371253,-0.032504794583932184,-0.015257773615224401,0.023011132372921628,0.004995310127988928,0.016275775833439754,0.01725503282382901,0.014044819422405208,0.023527039386682214,0.09220447608188076,0.02142853142182699,0.05882352941176472,-0.002406214762125325,-0.04153358136989671,0.0641975893938227,-0.06428733067260106,0.023214306545501273,-0.005945474337429202,-0.005081319435626397,0.015468615089575088,0.014492739601511984,0.03631963467578192,0.0,-0.0301251394813844,0.004784922874432995,-0.0049891108941299,0.017367140816252347,-0.0166934794091399,0.00678920370502567,0.02300691519036624,0.06733637922316338,-0.015327313167804335,-0.059369207524984535,-0.00682126512467196,0.04179107728050213,0.052817092788838726,0.055456223832746065,0.008081304631030628,0.0052636841782072175,-0.007577852259980311,0.010540184453228019,0.01764705882352935,0.007799278197594406,-0.006501782174922699,0.07194244801754435,-0.00261664198574596,0.030624297112826326,-0.021345364845891224,-0.012006808874831187,-0.0013019662492539386,0.011695370083834034,0.08695654427396815,0.0814164289916608
2021-12-20,-0.04809614872274526,-0.0078002851603081735,-0.014155531155947587,-0.019093060289627872,-0.03371587715224089,-0.02020200074126499,-0.03603600249501826,-0.009343384940489585,-0.045454545454545414,-0.03384614602113378,-0.03921571071829566,-0.07943928409366019,0.005916941888439942,-0.028694606660708333,0.0003839141057269124,-0.036741215761036616,-0.0663391174342085,-0.02669864749037887,-0.06008590108659384,-0.011815695779363145,0.053475948442173626,-0.031185051382921936,-0.054726411506962336,-0.027704248201027237,-0.010912815959913003,0.018826633200659693,-0.04201680672268904,-0.018438617672773328,0.003952565445193956,-0.0366297410797809,-0.006105368241428821,-0.01695821741114556,-0.010466636613964408,0.01900427970230112,0.028333664829818472,-0.02482513246280449,0.01151193977579501,-0.06216007753290753,0.0,-0.0036178898816671134,-0.0033333301544189453,-0.04640374070444153,-0.05614780818027998,-0.04013961925093956,-0.030143392995372942,-0.001021454222317808,-0.025985660019545165,-0.034285681588309136,0.02570085310397019,0.0002182563028481077,-0.01987560398362953,-0.04929983872240862,-0.009700337047745311,0.014851488157334058,-0.012341899497696818,-0.017283556389377508,0.015859276155378854,-0.03058828855468032,-0.021384947139748367,0.012491769794020335,0.005494456549742566,0.002865326772472976,-0.03344485975582723,-0.022034133954640156,-0.00016004670855773728,0.001666081040780254,-0.000735502863864812,-0.10430247718383312,-0.07129094412331405,-0.005546244188650795,-0.008122064736198586,-0.18053688921158784,-0.010214829107518808,-0.023999953326972245,-0.002453065900297813,-0.04687507761021148,-0.01602107470792158,-0.0159094296481892,-0.07200002670288086,-0.030353739319599837
2021-12-21,0.04421053434673117,0.04420376071061716,0.05958073587329582,0.06326027824781488,-0.01336305134428073,0.0,0.07009342740146929,0.026460628364719074,0.031746031746031855,-0.025477682502587196,0.02721092363228994,0.030456823303636638,0.003921705573778134,0.026588157460641026,0.004606514693383135,0.02072968418751886,-0.036842070590095366,0.01541069516729765,0.036529705287043024,0.01501268677041434,0.14213196310829557,0.038626676195224086,0.07942583146940962,0.05317605056834829,0.04023869456938489,-0.03738722914133574,0.11403508771929816,0.04976816338853052,0.06496061587837731,0.03437944243347402,0.016884047452932816,0.020076199254943194,0.042436679388949905,0.06350181707970592,0.03909183586866294,0.058558049834587234,0.022761701829607572,0.0389395425776482,0.0,0.0024206843572207593,0.07357860465168198,0.022708818710765355,0.06726908370761375,-0.03454546494917432,0.01652123794064364,0.038854948999788474,0.04967800989312088,-0.005917224457964498,0.0,0.012549121928615126,0.01674396904681208,0.06953456623750598,0.02238022297707598,0.006111557614738583,0.014096803617279496,0.019978649621920752,0.00828482631197569,0.06689924051819585,0.08859829063900349,0.000649342337917691,0.03005472596888281,0.008571420397077256,0.031141888450711308,0.015598055735177585,0.031287920152591964,0.02530614997203262,0.016471504283422256,0.03202328966521106,0.10062240663900424,0.024383980804403294,0.019086999456689346,0.04586408008739751,0.03220161977907976,0.05386417944771349,0.017427632570840457,0.06375234900937721,0.03695699683716103,0.016980724167997785,-0.004310340840949611,0.007641148031129141
2021-12-22,0.05241930444456444,0.0059437615214843476,0.026012552612521,0.0,0.035364956236108025,0.07474225600501416,-0.013100389701594328,0.00893309013259147,0.01538461538461533,-0.021241900001745306,0.026490040293054573,-0.032019674348403804,-0.02001954659772276,0.007673857418744046,0.0015284367683134903,-0.05036562291625846,0.24590159449260907,0.017149753587575534,0.030836982689788517,0.007591646851711431,-0.03555552164713538,0.014462746408549387,-0.0035460959929022318,0.019300409618164815,0.024956408837369937,-0.003571425226269853,-0.09448818897637801,0.025331168568666573,-0.018484271248252138,0.014296551149805214,0.024093005785693622,-0.006171518084272076,0.012469371521947492,0.040579862082867235,-0.001067028547551363,0.027309525298059967,0.026706277639223064,-0.002392323210721803,0.11111111111111116,0.00507121674103983,0.012461047158154548,-0.02537666166031749,0.037394170636646296,0.043314505000369596,0.0003791225501019735,0.040354160755183166,-0.010517080382459354,-0.002976187730794999,0.004555804449835721,0.007436172374159167,0.013522319824356588,-0.012947750727743013,0.012178800910270127,-0.010142706751316788,0.011586957797374398,0.0036381058820253998,0.013864850652269833,0.007962455306939509,0.015157625700858768,0.01232964454144403,-0.015915145755748927,0.022662868089077692,0.051174409012693545,0.027303827908637723,0.002801064599938563,0.023058938701227882,0.010023439719890392,0.04090267983074747,-0.05655042412818101,0.030640644037562836,0.01531879790726598,0.015661691628487295,0.019286449231491476,0.01888884596190965,0.001418639294854973,-0.035958909702068276,0.026696158850646245,0.01429551183521216,0.0216450015388836,0.08047937903299474
2021-12-23,0.0019157527363558025,0.020811743911484326,0.028692869452574987,-0.038901620307982276,0.016715082733324893,0.04076740364116049,0.004424739239357489,0.017961116142046762,0.015151515151515138,0.015025067784116164,-0.009677394743888623,0.09923666622885818,0.0004982199861482961,-0.0047596892535466395,0.00648616727880813,0.023096703802859997,-0.0438596078453517,-0.003580988895712789,0.07692310200327035,0.006625025780672367,0.05529948448850974,0.014256654549240189,0.03736655559132296,0.005917133813901243,-0.004139027234422499,0.013440911671640743,0.0608695652173914,0.00883951493857782,-0.02636532353940335,0.0071246404300326915,0.011901002156411211,0.0040341408118476085,0.007244707198542644,0.01239545419658783,-0.03061940746748748,0.01252529941141134,0.005780341244511877,0.012789755754178067,-0.025000000000000022,0.00048054921376627924,-0.030769201425405623,0.0032546755066871214,0.030151847607213567,0.010830314655719375,0.0034112304562730067,0.03689691460187228,0.03277235489895913,0.0029850718650552555,0.01133791212355817,0.003851015918158174,0.012440766450784402,-0.0033490465671915937,0.007538928199402939,0.0019142641933715954,0.010000380942156495,0.0001841364158221559,0.0146519948900381,0.05233464566134671,0.027172509711725024,0.005769157038949979,0.008535513571607867,0.07756238724237341,-0.004788442798156711,0.013289071434797517,0.028332036355668944,-0.006908950204200903,0.007498104636572744,0.03794037940379402,0.06393606393606399,0.012653547420013345,0.0036437942541034385,-0.02775640731995388,0.004931379615055853,0.030534326289153313,-0.0022563014896983535,0.021314366451127276,0.0032748233166459695,0.0076670564894476545,0.10169492381566325,0.06452348668699104
2021-12-27,0.009560265880022012,0.046498154245641965,0.05563749297833387,-0.01190469432579655,-0.005718364904566453,-0.02534565199238814,-0.03083701026600305,0.0032305479124155045,-0.05970149253731338,-0.05921052287600148,0.009771961876388735,0.03240737521354187,-0.013944174573128021,0.02391204764086119,0.029946909088197193,-0.008361235882171414,-0.03669732095175382,0.013027894017448638,-0.035714246067960365,0.001806676906799698,-0.03930127321770138,-0.026104440550806296,-0.054459711594487814,-0.010252111098345562,0.02860599223933269,0.035366896877960574,0.024590163934426146,0.03190298892812149,-0.015473872828915214,0.023470228058807274,0.004704455239792571,0.0071591531821224574,0.028470351389738413,0.043059573448941846,-0.007468222268247726,0.01084135152025123,-0.0064655281677162835,-0.0055248377586982755,-0.07692307692307687,0.006724274337200908,0.04126980066239483,-0.022708818710765355,-0.019366137324236643,0.01964288131923131,0.04107080072163605,-0.04379558794354044,-0.03945111871069773,-0.008928563192385108,0.00224209685182708,0.010230250973268129,0.0209296312235554,-0.008681054092491869,0.016527388414653288,0.008990732661069867,0.014149779901837078,-0.008178022851368039,0.014260003128441001,0.006702387266683818,0.02501304370675861,-0.0019118780159800286,0.03608015315881552,0.01028276626589264,0.1275061301764937,-0.008196656181607476,0.028810597234182556,0.03569769528233313,0.019645524597608155,0.018276762402088753,0.13145539906103276,0.0377289894314885,0.02297487352984695,0.0,0.02224236325994733,0.020105829705009626,0.013146820305327322,0.003478257552437247,0.0035253203469258754,0.052814142987336776,-0.03846150319251662,-0.021692906164046066
2021-12-28,-0.003787875024959475,-0.018928254529777644,-0.011184054746479655,-0.05301205386857977,-0.014378131664922078,-0.07328603815170709,-0.036363602210010226,-0.009908291349141396,-0.07936507936507942,-0.06468535082877414,-0.025806427001953125,-0.07623321741700095,-0.025252536746533605,-0.015880370524250287,-0.02245123008077754,-0.020236068976869026,0.05238101833802267,0.007390982834031945,-0.05349796219818237,-0.020481726061385652,-0.21818182212262105,-0.022680440345851482,-0.004988603483398246,-0.019018491144383254,0.011053335504492612,0.005550775420286591,0.008000000000000007,-0.014805144799860837,-0.02750497821725484,-0.0016968001890985684,-0.002443000874460366,0.001377857667659299,-0.024010740791420737,-0.006726403919797841,0.004070462899132377,-0.007109704199189548,-0.01301520651979482,-0.013492069138661078,-0.08333333333333337,0.006202341306948744,-0.06707318003939289,-0.03983406542015766,-0.035233385243234494,-0.04553419039314266,-0.014859910464056658,-0.041030481428687704,-0.02767852421621808,0.012012000831672864,-0.011185618846653589,-0.001054916669791961,0.002924733059938678,-0.017514389955298082,-0.004634789093042713,-0.0009467485590148872,-0.014402450196831174,0.005843719029521299,-0.007830496791372599,-0.02063913806329387,0.03487930847094822,-0.002554317456785027,-0.010748065242474736,-0.010178107168846151,-0.014936057373206912,-0.029752054168964204,0.013216774667978548,-0.031053649353457002,-0.008103811026419994,-0.01538461538461533,-0.11286307053941913,0.00748187260695099,-0.0057672873050393925,-0.037271952906487105,-0.00819197555663731,-0.010373485649243785,0.007837865759705576,-0.020797207271361695,0.012067367374501536,-0.0242321338529784,0.08000001907348642,0.03543480582859204
2021-12-29,-0.01901147853960916,0.00839393133937194,-0.023469582685190837,0.00254452679221151,-0.024070016250026027,-0.04081634763179798,-0.009433953069178047,0.008005996623749567,-0.03448275862068961,-0.028037313207575854,0.0033112076687034087,-0.08252425330423852,-0.007771902056956881,0.0018984328365405645,-0.03652120886556376,-0.042168655416866097,-0.045248932726261404,-0.004402098973451785,0.013043500375056638,0.02564435724308356,-0.023255860695907793,-0.016877621850007518,-0.020054718475261746,0.005885410245694445,0.00011726377998710902,0.003821662654080127,-0.023809523809523836,0.017458583768560132,-0.014141353034639925,0.0023245748462907834,-0.003401360544217691,-0.006856827237326835,0.0026870867157586797,-0.02549469703005036,0.004176950192740225,-0.004616250414033352,0.0036630177386223206,-0.03620279580782271,-0.06060606060606055,0.0,-0.02941173720662238,-0.04235088885415983,-0.04559206379728209,-0.06238526378894993,0.006361728631845587,-0.0079603331086745,-0.012855862158773546,0.008902139711311152,-0.009049764968910634,0.011510073943095112,0.011692428521633325,-0.03162704507150871,-0.00014935189914677682,0.0050727669613999105,-0.0001229579282350235,-0.0085549217086347,0.00539610291627568,-0.005982280406858886,0.07814817075376168,0.003200911130061712,0.00999563406990478,0.0128534578323658,0.046931446674729926,-0.01192516230967311,0.0055307602750487295,0.006250807952286053,0.007466522981993906,0.0013020833333332593,-0.023386342376052416,0.013460153499734728,0.0005020624705436294,-0.006589779361090065,-0.000789189571908655,-0.04297688141982259,-0.0020601809897534684,0.005309687161915155,-0.002828233649605272,0.014377730324219407,-0.01111110031850071,-0.07075378272115973
2021-12-30,0.009689959731285613,-0.018635940002926787,0.04922544579269328,-0.010152274434545583,-0.0037369350005385105,0.026595719384628902,-0.009523875841295881,0.0007445713232860918,0.03571428571428581,-0.0019231208917881437,-0.0033002797570629294,0.07142862999700594,0.027676023480404766,0.004736930393797856,0.015631292166262245,0.042228235597140173,-0.014217996626207485,-0.012969746104763868,0.08154501893868904,-0.006026429459891847,0.005952446419502655,-0.0042918415410722055,-0.012558160826217302,0.013250739109896159,-0.01546605711125959,0.0029610700774751475,-0.016260162601625994,-0.010208540646327702,0.02049178325562906,-0.005760592415445798,0.01443689756425992,0.0032091100454072485,-0.004466384884608154,0.05586581898423004,-0.0028547020423008718,0.013591611538627868,0.006569354294955865,0.056761296423959884,0.0,0.004504471914042796,0.0033670001235441838,0.010830314655719375,-0.014867185681208483,0.0273972334300725,-0.005955578119050675,0.026078331807217747,0.02046514111895892,0.020588215082162575,0.0,-0.004175817121367942,-0.012582706810752797,0.09501170086433208,-0.0029883404050617957,0.002939538382285667,0.002178241875657516,-0.0032890070546229833,-0.011195288741494003,0.005607933505618279,0.06103288353715941,-0.0012762360675167006,0.018502595069306738,-0.005076137217272736,0.04689655879168897,0.008620712363966332,0.024857128416752916,-0.012423780995086453,-0.018635775189567827,0.0039011703511053764,0.04980842911877392,-0.008930602381517216,-0.006578251437820093,0.030679923108231755,-0.008845325859876518,0.023001155606887647,-0.00464457547323216,0.02464794851300267,-0.011473870128112407,-0.004724532414041693,0.003745314673225364,0.05286941349587537
2021-12-31,-0.015355071616181437,-0.0039245522161832636,-0.0158686560853869,-0.0025641000560834293,0.0015004094432216064,-0.01813469822414593,-0.04326922929968824,-0.002728189761511457,-0.051724137931034475,-0.03853560947691359,0.013245020146527287,-0.04444451770337343,-0.01575209146900458,-0.013201210346050152,-0.028087627750976396,-0.0344828068146934,0.0,-0.004330310739753873,0.05158732281210199,-0.011867881950270998,-0.023668686217741874,0.0021552218037907966,-0.017899160101751632,0.004925222411164665,0.0029866708030277245,0.0016870905555428362,0.03305785123966931,0.0032916727426695047,-0.07228918315975852,-0.018159447666207806,-0.014971611353323033,-0.0033687744832419098,-0.006101678105710495,0.005033139089221095,0.0004907785194074865,-0.007610730950914135,0.004351009411361684,-0.007898849052186296,0.0,0.005664424935498014,-0.046979900673860486,-0.046428527941508424,0.04082141515648563,-0.009523845854259694,-0.0039159987722284795,-0.02541553700026611,-0.008204206964187,0.02017289125811139,-0.0022831572193035,0.006814147500135537,0.005922438673858776,-0.010574687808424521,-0.0062445841793510315,-0.017198476905713744,-0.006082119362862848,-0.011429400216389607,0.0004961991540326505,0.01428184392154419,0.022555539124646806,0.008945716241713919,-0.01267423895621378,0.01530610755402484,0.053359545039668665,-0.023931596375169173,-0.005941890476344747,0.000571773135175313,0.0007660590458113958,-0.015544041450777257,-0.018248175182481785,0.003927957218979872,-0.003535234586305558,-0.010458576930749253,-0.010092929064990042,0.008565199860163464,-0.0010890147336088951,0.017182113691248002,-0.010139824062490588,0.0021575596584124668,0.06343277374655654,0.008583724012374061
