Date,ANIX,ASRT,CPRX,CRESY,CVV,EZPW,GIFI,HALO,HNRG,MGYR,PEBK,PERI,PRPH,VIRC,BCBP,CALM,CPB,ENSG,NRIM,RICK,USLM,WTW,ADEA,ALNY,CNXN,DXLG,GGAL,HROW,SGA,SMCI,TBBK,ZYXI,CTAS,CVBF,GCBC,HTBK,HURN,MCRI,MNSB,MNST,NWE,OVLY,PEP,TAYD,AACG,AMSF,BELFB,BKR,BSET,BVFL,CELH,CFFI,DXPE,EDAP,EXTR,GLRE,GMAB,KRMD,NBN,NXST,PCAR,PRDO,VALU,ACGL,AMGN,AVAV,BANF,BANR,BHRB,CASY,CRAI,CZFS,ERIE,FRAF,NECB,PAA,SCWO,STRL,TSBK,WSBC
2023-01-03,-0.014117633595186141,-0.03023258341267676,-0.029032306690989107,-0.049327323280972224,0.023593399673985216,0.022085928049189407,-0.02923978401972782,-0.031107212834759812,-0.08908903003396373,0.0,-0.006142429622562728,-0.00790509334474021,-0.006230573094877179,0.02876112634310113,-0.005558841674371706,0.01910022249339849,-0.009691503982523386,-0.0010568301000262181,-0.000733067689092759,-0.030046169186281557,-0.026570202725926362,0.0024531955349476053,0.052742662579420285,-0.017083937146500472,0.07228150719146664,-0.031111116762514435,-0.01849923092309924,0.001354979930841882,0.00805093158880621,0.021437227844176787,0.03347430553319963,-0.0021567026096533937,-0.0058235250568041685,-0.019029341119559673,0.015325370873767952,-0.005384639276451608,0.0001377704743896757,-0.012355099244274137,-0.009093943044353514,-0.002068345188589449,0.007583309328944132,0.00353210507363233,-0.006919085179031947,-0.06412965992402997,-0.007874008357040663,0.005003075952082492,-0.005163923157458172,-0.026413803192466667,-0.02243964610385607,0.0,-0.03431368558931025,0.02093711513962937,-0.014882027541422649,-0.020637924031698507,0.006553841765894353,0.0,0.015337368919291272,-0.005602235658404231,-0.0028504993957282343,-0.004513449075081222,-0.0054562470645863614,0.03669069571486716,-0.026926177260351625,-0.005097155358281813,-0.0037694037264848212,-0.021246874228465717,-0.011453690715926279,-0.00427216031971045,0.004243220158519856,-0.015154810171073452,0.005799222492849587,0.0036496272586261647,-0.01716784870949961,-0.011357522052963143,0.0020105387243374295,-0.017857227110081086,0.013986084524057807,0.019817120152383128,0.0,-0.0005409253990783514
2023-01-04,0.014319795217220932,0.021582770009893615,0.02713177107464526,0.047169957638925064,-0.02127657595741339,0.04681876913502303,-0.014056259315918695,-0.0223108927699206,-0.028571452525570473,0.0039002777513450493,-0.0030903266905595306,0.0756971948069356,-0.0146289858007157,-0.006451715285959003,0.005030776590818409,0.03135689633735983,-0.0012538541698697836,0.014495667672608903,-0.008252119827877435,0.011837528071941605,-0.01693167969120679,0.0053431037866245035,0.017034054204044802,-0.003125115539978518,-0.05726784696833931,0.039755386911067836,0.03560218940499604,-0.01962110738108447,0.011769688476543028,-0.019198581474790366,0.004773248892349313,0.01657057207060353,-0.011492498448699706,-0.005146494009210745,-0.03876484357580634,0.020108352572141497,-0.03401736950751366,0.0223861211313805,0.00036706327241975423,0.008191885447637715,-0.006857256478801643,0.03387589404143165,-0.0024523276924287574,0.015060226904115348,0.007936500427734305,-0.012827946381941624,0.003969435570522428,-0.029913144910522438,0.022366077627210545,0.0,0.004379326916122084,-0.03597253414950918,0.02247607310500621,0.004789290492771103,0.01899079629268563,0.05889576912608563,-0.012084603126083726,0.028169054758972578,-0.007860690121576752,0.027433304722598084,-0.0022350347212104493,-0.0111033419183999,-0.0557463011053968,0.004963213451897985,0.01047210681685029,-0.013716530853003506,-0.013536774530488183,-0.004608214072072903,0.014084664097163913,-0.006245736795783663,0.00657786877873856,-0.012986969445245022,-0.004234056113012197,-0.007845315270655018,-0.02274234955999721,0.0,-0.017241444513996895,-0.002690587459944216,-0.011426957403430582,-0.011093245194812917
2023-01-05,-0.03294114505543433,0.025821514264594114,0.015094377259385672,0.027027024227728624,-0.012681190562183198,-0.0045871514481795606,0.008146631995133324,0.006122412003995548,0.019230777529362086,0.0,-0.0065096921435443544,0.02629626238787619,-0.0572640450029086,-0.008657971811283915,-0.007786339090042671,-0.023938432706071655,0.006814760707999135,-0.01762619899032647,-0.002588904624380106,-0.03181717361634062,0.03541194256290048,-0.00020289694240149814,0.028571417249289688,-0.030834011490812996,-0.019194235280889704,-0.01617648976896824,0.06774492887508798,-0.006901271868529069,-0.018280043694833048,-0.02431620105332022,-0.027146225167980376,0.0021262003809696672,-0.023206966290786224,-0.015519008466773454,-0.030157036843665108,-0.028809635214653295,-0.027944098966757647,-0.000772978893019749,-0.022752478575029378,-0.0173275011847408,-0.016167170382208385,0.0,-0.010448861838224799,0.04896148542279044,0.03937013565078695,-0.012024874770278915,-0.04774930735701555,0.03262818095969666,-0.005181253961711096,0.0,0.003171139702755177,-0.008195203717780819,0.0007207372167088444,0.047664443366017606,-0.018636867341469965,0.0023174396088232463,-0.00917429793100899,0.013698616715036138,-0.01392553446874678,0.004133716286652822,-0.004378256676157988,-0.005614040489765437,0.0986095978939856,0.002708281072997254,0.009342109625994244,-0.002902472923907884,-0.030701336877725027,-0.006066535752417446,0.02361118156054376,-0.00897215965453213,-0.014925205481969961,-0.01315785004170178,0.006398636584649786,-0.0031065629042422716,0.019849412670821076,0.005194740635796391,-0.09122806988191001,-0.052458032613374006,-0.0005926816746462116,0.004377772993545914
2023-01-06,-0.0048661752498319055,-0.0022882728390274387,0.04089221778457253,0.019005790009613888,0.06422025572821433,0.02534554212207918,-0.006060552348919224,0.023049972534601615,0.0665926096063898,-0.0015540028332856615,0.012792650214503931,0.03969687541729705,0.04049489794987915,0.0,0.020739951851244998,-0.016290868470645425,0.015497149400277133,0.02006570437948829,0.010382021780174666,0.0571426674173805,0.031046184607596672,0.028363858100637795,0.021072768888592552,-0.0030130835601281936,0.014408538686499606,0.0074737987249702265,0.05113651480999737,-0.009729002083569527,0.047397634182472004,0.05158885119613932,0.03243809915245732,0.1067891965024299,0.019398855361859146,0.016976360251808265,0.0005519141209366918,0.020296630188505915,0.02361397188537917,0.013921422793685911,0.009388083645044398,0.02042242586022791,0.014207448296279734,0.03319160156612133,0.022586278470782428,0.0021216217993487163,0.06818175044926988,0.018649247768074417,0.030022441437386194,0.040277746676121495,0.004050923670775308,0.0,-0.03921763694812752,0.03709548313321909,0.03348938746292962,0.061874460358300354,0.03201302999556632,0.006936465001474046,0.01828111294610646,0.03243240108448231,0.01631363741989955,0.0235314065140797,0.025976547344996437,0.02117152730390459,0.0473131895038128,0.015252656907129847,0.031252495659087165,0.04439058578021449,0.021475902682472237,0.022325866934968186,0.07191320801400258,0.02463239057982225,0.012366767495933795,0.012799873329925715,0.02953493101904381,-0.0031161224567374246,0.021476528182264865,0.02497850433383375,0.1389961951523333,0.011705122579580118,0.01037970563774726,0.03159891043201979
2023-01-09,0.024449853521226528,-0.06422022964083118,-0.02959183226620743,0.0,0.04310344685839129,-0.008988755857864406,0.012195110131936637,-0.007930761181315749,0.028095782248656942,0.0038910145298989285,0.0006159399986971348,-0.01006591508346022,-0.019459492451435856,0.03930130032322321,-0.013728676133453077,-0.04167411503705187,-0.01859328594611065,-0.014987418725557977,-0.0007340091535997795,-0.024035730886696527,-0.0031293881322717043,0.006431761894351684,-0.0028141180376920483,-0.023466661241319464,-0.007631938801635596,0.0029674270686739224,0.02702695501512742,-0.028771919116639233,-0.022626534791914676,0.004502915775269178,-0.020945974028484526,0.0,-0.0014254797557624599,-0.011128878473814607,-0.03438756043579938,-0.010711685817472949,-0.02335574196926704,-0.0068650848237730155,0.005952349025990511,-0.012496327008525765,-0.01130797115989135,-0.0037067412127813615,-0.009773771415648946,0.00564572500178695,-0.0070921919858044635,-0.010213719739874061,0.04930218956984933,0.01935919949446996,0.03170012517753218,0.0,0.004215581944926328,-0.006102693750483668,0.0013936936277145762,-0.029134545875330042,0.008937963838195007,-0.018369672412326343,-0.0027978301140691997,0.03403144416564441,0.0009580866616536454,-0.006576275701496992,-0.005283075518710656,-0.002764377359939285,-0.023982252292690576,-0.01924888986742823,-0.018459303815729577,0.04203928371760868,-0.019497304113748837,-0.0172820881505662,0.0,0.0021529938603179755,-0.043443081583885435,-0.002764777113423156,0.015299987663603298,0.0,-0.003285234702332107,0.003361370432002353,-0.03728818024961533,0.006566575593452084,0.0,-0.017955985586203038
2023-01-10,0.031026279872453433,0.04656864234641289,0.03732907820109155,-0.014347212660866693,0.04132231274684206,0.030612297857800952,-0.004016060411629163,0.011991276097997217,-0.013157906167521771,-0.0031008560812619823,0.005234153454558799,0.021388453478684122,0.017640557088818065,0.01680685467712828,-0.0033409908053029236,0.018040300060034875,0.0008936677825075456,-0.004754836061268142,-0.00018355850157170117,0.014338726629681942,0.01130110929161221,-0.006586676342325681,0.008466746511351486,-0.0010012798993302985,0.015808542402656833,0.038461500479517685,0.015789552459219314,0.028901706222559387,-0.01488200434443343,-0.0754984458495368,0.02449968954576809,0.05686909384606431,0.00829363004960948,-0.0024114368225430782,0.013140345974871126,-0.0007732740440470343,0.03433093034282586,0.01203250846222903,0.008505951597796546,-0.006129537688869036,-0.006316099469208636,-0.0024804101799247302,-0.008252914002005673,0.018947400544819137,-0.007142850452539706,0.0038940756288914358,0.017139244329165138,0.010805581389860874,-0.012849192157559308,0.0,0.03655161060327239,-0.0025583551004793037,0.02087684016172786,0.01235660584867504,0.008858784344077275,0.02339179003549785,0.010521411225698607,0.037974646870400086,0.022499020463194075,0.006510451411584128,0.007014830357183532,0.008315981492113211,0.11238103440647151,0.006382707554658751,0.013919739540813048,0.0010029681770169496,0.03126474228153264,0.011510949823439809,-0.025316515714496446,-0.019065719745084087,0.02275033189540432,0.029703018661984437,-0.006906718517109667,-0.007104134637740622,-0.001318384220549973,0.0016749537139977289,0.03873244254888619,0.022677837010860458,-0.00880566007522443,-0.0008069248044801913
2023-01-11,0.03240737521354187,-0.025761155504861688,0.004054735203353532,0.018922796568415112,0.22222215494361297,-0.009901006719154726,0.006048333213803492,-0.09228005959146035,0.0030768956893529875,0.005443279193207751,0.0,0.004119493398236029,0.007584035966438973,-0.004132263320172358,0.013408186781214804,-0.020705321866930637,-0.006607041077963727,0.01635002023227039,-0.0016528799611941203,0.04640138351393275,0.02317709265174228,0.014997301083622627,0.01119374774760229,0.026059231073818356,0.013459307489315453,-0.004273534172344884,0.06994838273533288,-0.009129221666462795,0.0020979916225909445,-0.0352175611394443,0.014146179479254561,-0.014510378789730827,0.02020342367147543,0.005640577205781261,-0.0075187728856815905,-0.006191852628844363,0.008226976327016855,-0.0008853066321066194,0.015034825949185704,0.01153888069426956,0.007730671864219829,-0.00580195965506114,0.0011246699425728757,-0.018595072262501566,-0.007194237817389371,0.005042483113033125,-0.0008713032406120202,-0.0012958101519410237,-0.006791070819230471,0.0,0.05264723190654452,-0.004617077419888704,-0.001363357713678015,-0.04097648265796927,-0.006198390260857556,0.006857190813337022,-0.06732993441051016,-0.019512176967531936,0.013810882366203536,0.006522664909404119,0.005672262673872552,0.007560291953637499,-0.03767125278771244,-0.003488256639413545,-0.00354155362210562,-0.0010019632397728628,0.0074342985296631525,0.002212653567279732,-0.012337731042239453,0.007938821746438895,-0.0035558198363683235,-0.012820361478016462,-0.008100902985654246,-0.006296579439173389,0.0013201246520604393,0.004180584045301083,0.0033898272208872093,-0.0030376208895244172,-0.006514456271248803,-0.0018834763246350361
2023-01-12,0.03139010432469913,0.014423063697193816,0.05855627858074386,-0.0371427484636605,0.07272732902445922,-0.014444457160102009,0.0020040539760575182,0.0023733965313568195,-0.009202469841024019,-0.0023201486780553005,-0.0003063719543165977,0.0027350401267027813,0.009677435563663073,0.0,0.004409946765048245,0.04266686643490325,-0.0161783980588045,0.021101041243927865,0.00018389615975844542,-0.0051562246302777615,0.004853990025738497,-0.00952654921854712,0.006457766959175215,0.020513254116627744,0.0147335654289662,-0.005722455388096348,0.037126554001375656,0.018426664437146023,0.005025385959297912,0.06401272507553024,0.004649597702110597,0.01963200105220131,-0.017027788124284404,0.018830283323534314,0.018939332755801175,0.02570076752087891,0.008019128870860426,0.00835561932845974,0.01661856400383188,-0.016225798861885576,0.006989350986585041,-0.00041682028893685885,-0.012749381478298072,-0.0014035408956962758,-0.02173910977784832,0.01061372024936369,0.008741102212135976,0.021732018938673603,0.034188027199057336,0.0,-0.0015952142070388975,0.007558992510114493,0.02764509878438748,0.011818192221901613,0.005717287508323565,0.040862615156709525,-0.007690433210861158,0.002487619136637642,-0.0032326717024251383,-0.011070802657221823,0.003264991528249883,0.02319229385710786,-0.023665490075997497,0.0035004671672507204,-0.0072917854462254406,-0.017051224244417407,0.03205344216608541,0.020343632033754444,-0.0006574246617420121,0.0007242681513999205,0.012199249061852546,0.0006491976000364552,-0.012868039430126599,0.0,0.016479905248522053,0.008326559914301868,-0.07094595791912128,0.01066418273539127,-0.0029808186456489194,0.01051486296151638
2023-01-13,0.08695654427396815,-0.007108941815807235,0.0038149702587308987,0.022255156738823834,-0.008474654547075189,-0.015783578932248132,0.0,-0.006708763822820374,0.004127963218285791,-0.0031008560812619823,-0.001225410322818199,0.022161596325300792,-0.003194961187284906,0.0020745538052455714,0.004390898349419636,-0.011691685675979335,0.004202400208890733,0.00797938759579564,0.0014714497428092166,-0.01420132057933543,-0.019121164222048348,-0.00031402214070241907,0.0009166978269579129,0.024756363261689618,0.01758688577718881,0.005755390352630396,0.01478596114899755,-0.0048712383703332085,0.06749960011329681,0.0016158526393603712,0.0006611721574767415,0.010830227962578709,0.006028204042800356,0.006291814160701348,0.003717460332908873,0.00607440159252759,0.013119257389997419,0.013810493398972445,-0.005685969931433554,0.020391852227689355,-0.007956762465411882,0.001251066035369952,-0.0030719753482915113,0.004919230551678089,0.01481480042466754,0.006301314330219077,0.010687519485680586,0.004126863316745277,0.022589686364578032,0.0,0.03552626795480096,-0.011935247647241187,0.003985351360089595,-0.013477140221226702,-0.00878553348540212,0.0,0.003999996185302779,-0.10545909891033844,0.0018531433271922193,0.005297005668487564,0.012624866693799364,0.001999876014127988,-0.026608540248776236,0.010940166612738667,0.0029896142704552986,0.0012471724961182762,0.003239708449504386,-0.003400141073034657,0.0,0.01669081017783025,0.008198797307370498,0.005451218468896624,0.011623138417710566,-0.004608151198693178,0.011024615421017625,-0.00330308049458361,0.10181817141446192,0.021103430858637084,0.002092811343027412,0.001067301041496549
2023-01-17,-0.035999965667724565,-0.09307878271555226,-0.043230398118493385,0.05950658351518667,-0.0940170382833303,-0.013745692079193628,-0.011999988555908225,0.013508150637953964,0.01747174555928832,-0.001555211417657465,0.00797549049658608,-0.012341525601543335,0.016025702746429227,0.035196814312035585,-0.003825341364879553,0.04177432192333619,-0.005458362877944323,-0.039581883627525793,-0.006795190638809734,-0.004626619090919659,-0.030095486463683097,-0.009621074343988067,0.009157477619899268,-0.007642351552188065,0.0048231841353556515,0.0,0.05521464632696893,-0.025874117526152873,-0.05152203606267736,0.05274264225080394,0.0006607352976943925,-0.0035713969444727267,-0.008999396973531693,-0.0011723495669717643,-0.021296284121269937,-0.007547008563014268,-0.00799000180355991,-0.01894765274143817,-0.00964975757672959,0.0008816255512962279,-0.009214767130941603,0.0037484248453445446,0.004679122664500435,0.0,0.007299263086460783,-0.007020721517207562,0.0348670577167558,-0.004742304516355045,0.002693989359652038,0.0,0.02269021336927146,-0.003451333918361721,-0.01455503252966417,0.016393471100192736,0.030761217059453116,0.010905166917963838,-0.003984059960658093,0.08460473374299449,-0.017340983761280904,-0.003585271633108067,-0.010324610194387351,-0.03260132153693818,0.007302259102976549,0.0037641556943284193,-0.008501011274669623,-0.010417825777142564,0.00913136690533256,-0.01209686289712708,0.006052554643140695,0.02304559639527337,-0.003903337019918407,-0.01123021638113575,-0.010611853803701887,-0.008969963061470243,-0.01988446422388135,0.0,-0.023102288417082395,-0.0448774876202539,-0.00954652827246627,-0.01519203255722168
2023-01-18,-0.03734446032472605,-0.06842105098048068,0.014399251455608164,-0.08767123417114486,0.048517537710621284,-0.012775802678684056,0.008097158176053387,0.03234021357070693,-0.05252520445718489,0.0,-0.011259910733084855,-0.021614362843793034,-0.06203997249085891,-0.022000025244752752,-0.02358738946283101,-0.018097744588640996,-0.03805338689874915,-0.010144738839028,-0.006841760296884103,-0.02355807535667853,-0.011988717076484856,-0.0036081407771129115,-0.019056397055005947,-0.008214598913455107,-0.00039993773200364124,-0.031473504634529914,-0.09883723381433684,0.005742995115106453,0.009053458632607425,-0.0702581317516332,-0.0409376573452378,-0.09139783476048358,-0.014992803130488563,-0.03560261500212114,-0.0387890714159137,-0.04942979443712936,-0.055131247089710844,-0.043675540365889276,-0.0021653176179015077,-0.013996283946400512,-0.02721325235655203,-0.0016597544253313945,-0.02521859464441445,0.0,0.036231849629747126,-0.011465960464621006,-0.022645616926643464,-0.025095206645002754,0.005373265288423967,0.0,-0.09629043048288322,0.00346328687783215,-0.01477007453961765,-0.01702505223845141,-0.030349032249723962,0.0021574437002973568,-0.014750003814697266,-0.015345314547575706,-0.00329392322560762,0.0007634465202119856,-0.018403550484067055,-0.020632842002680007,-0.022304962895997815,-0.007500017237672352,-0.018669750802367324,-0.037189610054911726,-0.058044508874314005,-0.03736260014452775,-0.04525222056350475,-0.006305617137332353,-0.03853378190040646,0.017623911333455977,-0.0024598064214164106,-0.008759029765742055,-0.003926679461868865,0.0033140269925009402,0.02702700090373522,-0.01545589231020672,-0.0027108917795162224,-0.02841652148666074
2023-01-19,-0.021551704204748168,0.05367233312652431,-0.00783161258062115,0.004504331414555196,-0.03598974322074566,0.0011764975155101887,-0.014056259315918695,-0.02563126107942537,-0.02025592022809286,0.011682293299761781,0.0027701461435292174,-0.015188078603307176,-0.02914800747287216,-0.004090011425067708,-0.011235970215504487,0.0068666415568965355,-0.0036136562932017613,-0.00010680089945358517,-0.013405382183263037,-0.008222507510296406,0.022626642571259348,0.0017111555575997084,-0.024976921711674094,-0.014020102817949076,-0.004001679661521096,-0.031019208085467764,0.039516311909961965,0.002141308528271546,-0.011419077512805131,-0.10155954225084307,-0.02581755661608376,0.0,-0.02423498082491138,-0.009330733138420921,-0.017716362968519195,-0.00960002930617887,0.0014697012459661263,-0.0010561390806941295,-0.009764853445679456,-0.008735331269392965,-0.012748020451591513,0.002909419996249607,-0.011595186526609402,-0.042657384770301565,-0.05594400464366045,-0.0009662982396836384,0.004521145090601308,-0.006516784927351416,-0.0058790967794769555,0.0,-0.039477565904674994,0.003451190937898252,-0.006473612660583661,-0.015496816057962493,-0.027647401384255477,0.009687852847949818,0.0015224910815359038,0.015584463034901352,-0.009206853055236275,-0.007136410600818599,-0.017345213076010002,-0.00912921368166486,-0.019961929070872353,-0.0020465739732757893,-0.008926179211635299,-0.023175623513043364,-0.004334673134569145,-0.0003262046648236927,0.013013303330083215,0.007527229431677496,-0.003226706546700542,0.012828474012694269,-0.017462226165694594,0.0,-0.005913340740247408,0.0,0.0032894705884014552,-0.012558857574237026,-0.0006040225597683246,-0.0025069631393218605
2023-01-20,0.04845820900381992,0.07506707999371542,0.026146954480895435,0.01046356220158784,0.03733336130777998,0.014101043752245523,0.012219947992700098,0.0027279694170099233,0.0032644927111364908,0.0007697847896117604,0.012277187507456988,0.04100946540956807,0.020785255005468795,-0.06160162633477251,0.012500030051741717,-0.018844385374366945,-0.006680597997897775,-0.005338485661963155,-0.0015096894621915435,0.024435517195279477,0.02868697901657269,0.005283680289729364,-0.005692600344614607,0.0047689724778334774,0.001807908595450325,0.05182929200511999,0.06671832678404122,0.025641001257505236,0.0008252127432546441,0.015805812743234116,0.011660775003622614,0.013149231345400025,0.020954563306074148,0.012694636752804023,0.0,0.004038777070110022,0.009245630452906495,0.017705829338744206,0.025566090882472636,0.0014019566272056583,-0.001793322255429275,0.006630763483935098,0.0014736391109659852,-0.012417759520111593,0.01481480042466754,0.008707254040130286,0.027566726032265843,0.019022683050432754,-0.016666589511750596,0.06599997360356125,0.021163438623816644,0.012037944742879114,-0.005486963245862619,0.002777753003831318,0.012875524623216839,0.01705755282089849,0.02330879504667327,-0.005115084523652835,0.026923929101992705,0.020026326436735742,0.012039461713221344,0.004252325370077914,0.008729390423044991,-0.014671129232179392,0.0046174672214240875,0.008760204396105475,-0.02600280793572618,0.05106041411165996,-0.012846132708528635,-0.011988495195538573,-0.004940873475052232,-0.03280524318850908,0.0020159742055947394,-0.001767273053236984,0.011897032688580111,0.0024771609643656767,-0.0622951017019413,0.018759940803662722,0.006648709807299369,0.0055849418809668094
2023-01-23,-0.060924458980185614,0.012468755871280157,-0.2903845783521424,0.013313505916082047,0.1696658272575926,0.050984886969703824,-0.0040241412013706235,-0.0007773205643024639,-0.024945823129001177,-0.009999892887397221,0.007883789625369397,0.0666666495412025,-0.06334846266408267,0.026258092019698198,0.011784437670463666,0.004572994138476449,-0.008839333253846449,-0.00042937763219230707,-0.001323036221735907,-0.005750258549901077,-0.012823929434039427,0.0021735082553948626,0.03625957860655693,0.004093196021724976,-0.006416701424027393,0.034782575043628805,-0.012363545212340177,-0.016666651213610217,-0.0045342969489780005,0.024590170450405013,0.011177143260673539,-0.012978573085367318,0.002794783033387871,-0.006065506845050805,-0.011022067346911801,0.029766747283031414,-0.012650794818312883,0.01804754510091522,0.009615319948409917,0.0011000061035155717,0.0007187758312536818,0.02264296371588892,-0.00447371518781281,0.05399404715383249,0.05109492861930498,0.0072895807172483895,0.0262797873801901,-0.015448969066017004,-0.009841506110517928,0.05403383450367305,0.03524237403277186,-0.019541269736568445,0.0003448354786839136,-0.0073868812806674455,0.039724578036980596,-0.0429769233806655,-0.012626846477841513,-0.02185090896008257,-0.0041765433576759214,0.00801469961468837,0.030850121840485967,0.02046564164218312,-0.013269227691261265,0.010726899621376296,-0.008623093619926414,0.03196229380575266,-0.003865828888186429,-0.017228032689547423,0.0,0.0011430792112290256,0.024056275379318315,0.021477087755629176,0.02557889813162384,-0.006491536550920052,0.007184703847361806,0.01400325438028327,0.08741259061886208,0.021223479580059434,0.0015007679142224895,0.00610929755761358
2023-01-24,-0.002237081099336957,0.039408829967266135,0.09214096133212535,0.007299225235235518,0.027472526320885926,0.012127961858072966,0.008080800685720702,-0.003695033712073026,0.005561756619337999,0.0077699357645899525,-0.0006016136669134697,0.01799241443602817,-0.0060386705733529444,0.02345408472748134,0.002773350037494904,0.003005475835809346,-0.0034898229647769563,-0.02147752712300588,0.0007571495316467391,0.0034272191969353383,0.012990518932136652,-0.0033912000630967887,-0.006445688220318213,-0.010755001374409323,-0.012714340432768867,0.008403353487606458,-0.0036820842952546284,0.09604524187901853,0.01449261126304835,0.06101692329018804,-0.008290213200064511,0.0341880014980398,0.005642132792336163,-0.011391391475837676,-0.021074149687696164,-0.015625106011739054,0.023564041799193136,0.012115915897345841,0.022927815415399566,0.029067985365829108,0.019748422591800763,-0.0028180615580981616,0.009283195385208609,0.032280704431366436,0.0,0.016187394513150766,-0.007735299178311061,-0.014383914399676345,0.04472659239451349,0.0,0.0059960842170039275,0.026863030045420677,0.00620476745107279,0.0,-0.016301564366023258,0.012048155016258999,-0.021815514625891375,-0.003942208841262507,-0.007455572413010647,-0.003361770135941966,0.08635691127197642,0.013139788412638298,-0.016760801740470566,0.014414710505718409,-0.004866412250583596,0.0018700755805864944,0.007518740759288933,0.0004737178162970146,-0.002191935203801787,0.0032057555223272693,0.01797347216558709,0.001923175578582681,0.005764836277642349,-0.00029721739431110006,-0.01361870189065617,0.008123344156881318,0.0,0.043704164175610405,0.0011992448889912577,-0.009936394656288483
2023-01-25,0.00448430061781413,0.016587719227871833,0.03784110863805257,0.031884103465281255,0.12941176350591466,0.010893183493581038,-0.004008012393562077,0.024595005806932857,-0.0442477455993574,0.0015420214258590192,0.0,0.007751937984496138,0.02916169357735665,0.0020836028315800448,0.0,0.004839193779889062,0.0050582077951939475,0.007462586036329988,-0.0032149451451553013,0.004482861447168585,0.017777186870798545,0.00328406177144136,0.01482870188213492,0.003989319449714923,-0.010425155246603035,0.01944449264326331,0.03843324781121593,-0.03028352146688873,0.012245166103709515,-0.012012762295482537,0.017415535212274458,0.002542969910452886,-0.007654883372715582,-0.004938342277537977,-0.02918650005620449,-0.003968169428866797,-0.01007189853585877,-0.00655242065149253,-0.008965425295778262,0.004853426677272621,-0.011091454538083023,-0.00040361370042751865,0.007264800528392179,0.005438472025737218,0.0,0.007870935881530983,0.0008065201529898758,0.02819249343718666,-0.013213415690069064,0.019935873147543193,-0.02489898679847724,-0.006919868432580523,0.007879394930739192,0.002790672834529495,-0.14552043209004029,0.019480552990749578,-0.0053832118305100485,0.02374674234663776,0.02816908105892746,0.027788182671490524,-0.0024307022374971954,0.010239098460336438,-0.011100142171249328,0.011867646499640117,-0.012167874124735412,0.0012832548855004067,-0.0039720876057312005,-0.01341743725842226,-0.011532121162538655,0.00971766338212876,0.0038598179400783916,-0.00588607280627762,-0.008398722805314507,-0.004753458754484741,-0.007231941765562633,0.008058081559390695,0.012861801164264719,-0.018155277273185222,-0.007784618670512167,0.009757530754532562
2023-01-26,-0.015625038250748458,-0.039627057763542584,-0.04423190623825013,0.01825837294615229,0.17234844910075098,-0.022629315106643455,0.006036259773603003,0.015050430092749645,-0.016203742796254694,-0.006158744382357639,-0.008127627523357273,-0.008923105093149086,-0.030696602206016443,0.0020789676660877277,0.005530980168320321,0.014817503230003082,-0.019163695214085452,0.00294119490534972,-0.0003795490372890953,-0.007331792250046765,0.013066709286682965,-0.000276112043124388,0.03470294987149658,0.011221692504957748,-0.00020653672628168085,0.012261535950922386,-0.010676087146781588,-0.038538200422290836,-0.01491954731615075,-0.013452346691394057,-0.0013693601312015913,-0.02980344029079751,0.00965955881303393,-0.012406858338559923,-0.01066082103021726,-0.009561782132785135,0.0015988460097713375,-0.014332826756739081,0.00034797612141934664,0.0037674558702671668,0.00854550641099161,-0.0016156743524530226,-0.009946132830283005,0.04868155976239774,0.027777750183035854,0.006508145528831832,-0.006177992588938919,0.025806532996691667,0.025709425441223566,0.047120409776902905,0.007197039316653608,0.006798119603730335,0.013256267458771731,0.00092766503984687,0.06484846635298291,0.003184685002995735,-0.003092756037225586,0.015463902322123246,0.03904091347623884,0.02229636801983137,0.012814686064192893,-0.008108148723466324,0.10483062217318029,-0.0007716904924945922,-0.006470714850200232,0.028777830222641798,-0.0016915930718340855,0.0076799470096362565,0.0,-0.00013006865930420553,-0.0016361246379842376,0.001158487362640681,0.005981089367268266,0.0,-0.0006622822047077648,0.02158285520454739,-0.022222276045109735,0.006263134709673324,0.006035012538009754,-0.009111269720164406
2023-01-27,0.01133791212355817,-0.026698946537062618,-0.029393328335340252,-0.012413603337848245,0.09046848749642855,-0.003307578167649816,0.0,-0.048235731113095426,-0.04000001795151653,-0.0007743987584608591,-0.002124436384815187,0.03166719921626382,-0.015834362221301412,0.004149409773981816,-0.00825102375875153,0.004380378770916682,0.009078329950239272,-0.007494159483493079,0.006073222382257271,0.007921285055947358,0.0036849931276878856,-0.011400439356458847,-0.016769389892730358,-0.0009499599472428955,-0.008677704161712652,-0.009421224285528829,-0.04224543671949055,0.017968159668936057,0.004093243209521091,-0.0258292946698645,0.15975323080468073,0.0032679862818003613,-0.008660294301102378,0.002093892570620648,0.0344826465990371,-0.04022521890636732,-0.01712378816523863,-0.018916490253093055,0.004869406022448564,-0.01077858442026447,0.0014121184761806127,0.009772116352077864,-0.0035247534904352396,0.010315915219276883,-0.04054058190241916,-0.0014782619523897589,-0.02108089277324754,-0.01572340730460453,-0.028198159913356724,0.0,-0.030638262406886496,0.012829156777781403,-0.007044585314822882,0.0009268052749944466,-0.0034148814447650944,-0.01164017554470198,0.004912063733452543,-0.007614205825909215,0.01713919593976465,0.0413268956337105,-0.014256223630675136,-0.013624229816878164,-0.024968142741551902,-0.01065637595735025,-0.004825935042210627,0.0033974565344854213,0.01271014224655631,-0.00460462312658394,0.0,-0.011186216363393675,-0.05072104997664495,0.0012857063989146766,-0.03076494732958046,-0.005671444873026843,-0.017229993350808104,0.014084427282337941,0.025974079255291826,0.02252514178202425,-0.005398764285932445,0.004458216379820801
2023-01-30,-0.02466370685505792,0.0024937036094550002,0.01288658526843589,-0.047486101335154296,0.08148150973849821,-0.018805318253463654,-0.02799997329711912,0.008085187434713426,0.015931386871550712,0.0015503107113641335,-0.0024331237913168824,0.006018680881570537,0.0037128382740665433,0.004132163015215129,-0.012756458765945777,0.020352308950472242,0.015059900293085349,0.0035016796459717003,0.004150201281936772,-0.05203915267799175,-0.0064251878672079155,-0.003192350774730901,-0.01615816878479981,-0.025802832461829572,0.003126059615792931,-0.0326087287502157,-0.04607253014028867,-0.004752185811242149,0.015083561980863802,-0.029205923639693654,-0.03310678941654421,-0.07622150144741047,-0.0028128979958280675,-0.0020895173457741167,-0.013125136460198084,-0.009220425459340875,-0.014764505395490013,-0.018887915692695656,-0.006576727278299166,-0.004085982733772586,-0.014278081308021884,0.0064516170550241725,-0.0008254575846798895,0.029355397717486742,0.021126825004031735,-0.00018473107497873897,0.014080321889523573,-0.008945666587889534,0.005910686726129377,0.0,-0.01312725107307866,0.001333379273040114,-0.007094628010638648,0.0,-0.0011422305826519485,0.023554632059385128,-0.008747109903030958,0.023017880356437592,-0.01490599051074415,-0.0140445474403047,-0.01672243170833354,0.0013813386328549448,-0.01869145413554485,-0.0010926589575176449,-0.008121425581583464,-0.010270835760574415,-0.005139824144813843,0.0027118068125897565,-0.008333153022197948,0.010172691621676666,0.004833929320607222,-0.012455150321008301,-0.010374710894698769,-0.0018014211682599868,0.03573834182676938,-0.022218728930892717,0.018987323148685453,-0.0008695298346920177,0.0006029845861628136,-0.0008321367310123451
2023-01-31,0.004597696865513701,0.022388097764902914,-0.01463107455494439,0.00586504598670623,-0.16506854370669677,0.027057471726566584,0.008230444599618192,0.012715210083337647,0.06634501728175213,-0.0038698555194585094,0.012195162795179293,0.002093918462016342,0.00863139968703952,0.008230516803214183,0.010674197403394148,0.01905622365436499,0.0005777664827009144,0.01690291436770308,0.005636011496643389,0.017141036892572625,0.0017156314513211424,0.017533585954294884,-0.0009122406678596651,0.004436557351723991,0.0186996083679003,0.0014045265509228244,0.06096595457403198,0.024556658533329445,0.01405619157552529,0.0027727688096002012,0.03729750091256512,-0.003526106463947909,0.017658878450942384,0.014237908672671606,0.03335475393274834,0.0253806438180344,0.019631312643379806,0.024331844905044475,0.0,0.01670410314148163,0.015736631520696154,0.014423106126605134,0.00908683898400442,0.009299537116143064,-0.00689654492027858,0.019244924991517864,0.07378166518615181,0.023210872829009244,0.03418791524103004,0.00700002034238878,0.026501508587225553,0.01514653571333513,0.030962908006477274,0.018518500530834592,0.030874838341568456,0.030334722711722995,0.0160914291779104,-0.004999995231628418,0.035087634009971946,0.016329166478386448,0.004872317838334972,0.0324137991345419,-0.01504787209862235,0.005625813353421494,0.0032195782827724173,0.014596861029307906,0.03484310230212606,0.03133938762304078,-0.004902097256336169,0.02569564568600824,0.02087445946929467,0.022753764751032524,0.01651552633997344,0.0,0.009765671526063446,0.0040292500902130435,-0.00931676121838998,0.05570055413262165,0.003616489698703429,0.0319266073434088
2023-02-01,0.02974831071975781,-0.019464700999327622,-0.01162035856430943,0.018950481585171763,-0.05168163924963742,-0.008781550682871675,-0.08775516261363203,0.007726438239226585,0.006787269785828887,0.0,0.0012047405423603053,-0.0008954859491604461,-0.022004926462152907,-0.006122545832153881,-0.004446908062376909,-0.0008738071366971578,-0.00500658414794497,0.007935819729478322,0.0063516548982138765,-0.011455155505981529,-0.02371541677391864,-0.003776830067839465,0.02465739536821987,-0.006581229127842869,0.012237329250591511,0.036465602787029594,-0.017164056436588693,0.009986658718957653,-0.009504835911566922,0.10244714444876624,0.00530504873435933,0.007077100282059545,0.0059043424493199215,0.005367392696960627,0.0286002753140151,0.005775603048707056,0.010728920013469256,0.01487844841004704,0.0017423766070692182,-0.00038432854365499924,0.013028222595921957,0.001974690274286095,0.003157575985636818,-0.01228505863046514,0.027777750183035854,-0.00036308135276152953,-0.0035494761087194737,0.007876468956267813,-0.003099041959830684,0.0,0.0012959019951301887,-0.01114937808209615,0.008580865855726705,-0.03181821649724792,0.01053791566684259,-0.011167574222484378,-0.0007663497528680452,-0.020100483246901613,-0.006779677486748237,0.029789456749523158,0.018753737021633743,-0.020040049443658003,0.004834799909765541,-0.002641784089509991,-0.023732130970659848,0.017646393989920295,0.0035993233205202646,0.01227675391065719,0.009148323570185024,-0.014030690457160988,-0.003450140871322005,0.028985527857736004,-0.001882483026463766,0.007218109284426122,0.013539675622254999,0.004012701167149357,0.034482725116836255,0.006870019351281398,-0.0030027549151095956,0.005649855351622879
2023-02-02,0.026666641235351562,0.029776644990494594,0.03200520951588781,-0.024320445231901133,0.008650469218471457,0.0,0.0,0.013417688087176138,0.023595510915499496,0.0023309650490093148,0.010577176686676015,0.015835039138541784,0.013749957084655762,0.00616026232054967,-0.00901406022527007,-0.04250481094696201,-0.024966223800485743,-0.00010643727583592444,0.005197755569886331,0.03465196784850488,0.019500724766102984,0.006041973310418891,-0.01693424204223981,0.021519702365760285,0.03546232362359003,-0.005412714827564669,-0.003037392831185981,0.06526036691754733,0.00039990319099492133,0.026837189471311085,0.025212565082469496,-0.001405446572924629,-0.0034725288735046878,0.04065704509957668,0.02085429465530697,0.013945799499617273,0.013087124760964297,-0.013760108975538476,0.016055789597473336,-0.014033055282824058,0.022245420707515118,0.0011825734950672295,-0.0092680206985567,0.003109405304588142,-0.033783831676485354,-0.007809700928606889,-0.01348613593400294,-0.01875593685091448,0.015025857777192009,0.0,-0.06291687055074624,0.007295580721520922,0.0143979234864835,0.010328696177619445,0.032382007399717416,-0.03490761402234188,-0.019171779664562072,0.0051282001121668586,0.01407863463936665,0.008915493689295229,0.0022451005853394435,0.014314933475749303,0.019822948952711528,-0.044094750323143694,0.0004870367528047037,0.03821514302502371,-0.014345380644924521,0.013662807120654374,0.002789478770919507,-0.03581269217034655,0.027442455268592125,0.01927369475830143,-0.0002460639883916649,0.003919165838631056,-0.0031806765099410272,0.023181424040207288,0.018181801105005002,-0.00873361627060032,0.0,0.020599240350458237
2023-02-03,-0.010822449163687464,-0.0120482384544226,0.018987353614766667,-0.039589439700839835,0.13550599866060287,0.03433005855856197,-0.02013415659397011,-0.004161101010977775,-0.0043907753414358375,-0.0023255442865575127,-0.008074386311359039,-0.002058814553653532,0.02219485977753166,-0.020408420056023946,0.01989757879962717,-0.004932333141971279,0.009924714833990933,-0.016812022619022593,0.012926840891185787,0.0062459502138654255,0.011317756337836604,-0.009302996457100754,0.013599415378477975,0.0157562355481502,0.005448517981558654,0.005442171751297131,-0.060929228964890614,0.08292080230449272,-0.019984210087397036,0.030044003195996982,0.021446953783804235,-0.040112575179032106,-0.005373123182887407,0.005130160431736863,0.03677049790761888,0.019417444720740473,0.010334451551974544,0.01877675089965991,-0.001030619965248336,-0.007603809371942716,-0.02023123074836264,0.03307074752641315,-0.005000827127727869,0.022938676905412514,0.04895108742634546,0.01720689973200562,0.0012896339399153245,0.0054488684862781245,0.008677997276010485,0.0,-0.021247251588258242,-0.01860085792304933,0.003870994813980566,0.011152405483875416,0.02498677480316336,0.007446877802052443,-0.0028668390256366694,-0.005102035851341613,0.0010516779815243904,-0.01584021462420171,-0.012812601635541876,0.049731145343022254,-0.027929950669068893,-0.0014670246725628777,-0.0055165859988896004,-0.021702137399227106,0.00798123782558302,0.006209473456262993,0.0,-0.0021848833392597022,0.0004108160807156924,0.006060429055262828,0.004757428186564994,0.0,-0.007019776397469535,-0.0039061144543399706,-0.032738065038745545,0.01486786674186824,0.025903576092568326,0.00864992930002284
2023-02-06,-0.04376373710935477,0.019512176967531936,-0.014285744749134466,-0.019847478738003632,-0.03927488769476317,-0.003211962792407319,0.0,-0.015384641022144652,-0.022050696361022637,-0.0015540028332856615,-0.0012055880448271772,-0.0055997236958468255,-0.04825091643040502,0.00416690224058347,-0.015607460812036789,0.0044060281247408906,0.023584907224562857,-0.022077956044019964,-0.003099243352082448,-0.00246150951938795,0.018913597173623842,0.005309373264664963,-0.042933726869935906,-0.039550910231215375,-0.06444739264899857,-0.0324762889653879,0.031630291311735004,0.09314280918666284,0.0,-0.013398140369008882,-0.0005599232105311103,-0.05058654814443575,-0.007933484240230215,-0.010208037236026923,-0.028711004246107286,-0.011904687311184992,-0.012643832893388551,-0.009087573478735678,0.008596942805112251,0.010019613089282675,-0.006420293233452057,0.040396302580884225,0.01596505196850151,-0.012121258359966802,0.11333330472310377,0.009897390645081883,-0.004636682646334878,0.009244488025829778,0.003036419492034481,0.0,0.07945302879022043,0.025662518734764328,-0.004498756208919152,-0.010110262455902408,-0.022821603650791777,-0.002111980696907323,0.01751181424557169,0.0051282001121668586,-0.018281225115548194,-0.008453390616675938,0.002359621877961793,-0.05889887328729548,-0.01106559728514278,0.014691538014369288,-0.005384020858482774,-0.0019573761088278463,-0.017349727311066432,-0.01971712330227282,0.001390859612098616,-0.0010724096980164743,-0.002628689116603189,0.010722936934926874,-0.002775618890851095,-0.003002964007462361,0.002570612916215742,-0.010196223544045813,0.04615387549767136,-0.00027135474945327864,-0.0017615255488357962,-0.012214053969953675
2023-02-07,-0.004576654794112178,0.06220101424864777,0.021424020249865006,0.012461155590167472,0.051100597868313,-0.025778809234721978,0.015981665067411388,-0.0032793592427119433,0.03156705034766105,0.0038910145298989285,-0.0039241124963032,-0.005927704593657324,0.040557690377238664,0.01659753837476341,-0.0016989060051629812,-0.008408010200658622,-0.014976975694082184,-0.005533619523413913,0.0005486164144465899,0.005364055721833738,0.005202629509083678,0.009655958720480529,0.03457964503427369,-0.014232187249455186,0.006826711669324137,-0.02937063431412179,0.00471700546417364,0.00575016284251384,-0.004893905223810058,-0.014781894422833397,-0.0005602369001749263,-0.006949818835016441,0.009477940766475568,0.009123637610526147,0.002511557286604571,0.004016068986665511,0.010791366906474753,0.04675841463795183,-0.00034103216492853416,-0.0030149538952911614,0.0010478062968652946,0.0018315442576548602,-0.0015131957275973384,-0.0717790906369773,-0.04191612876745088,0.0007125327124752889,0.02639756191252607,0.027163577498311886,-0.0035318397480904595,0.0,-0.013273074544589591,-0.01717074616927783,0.0006455925777664184,0.03806869359198184,0.02176219979254035,0.04550267871478608,0.007963045745206454,0.005102035851341613,0.011344297958207905,-0.02697365883060099,-0.0013579616709312736,-0.03401348575159113,-0.013545404795988314,0.019465859736276236,0.000615015044796996,-0.006101520658551962,0.02997985467959685,0.005373873105062099,-0.00902779428166589,0.005368151397943333,0.00971900996178654,0.012039529218289768,0.007040273907947148,-0.006024145616357335,0.0025642211417482574,-0.0015846936379090293,-0.04411767387060073,0.008955273940823627,0.006176311991209049,0.0021046060552012413
2023-02-08,-0.020689581085941322,0.03828830497816904,-0.05613812122972106,0.0,-0.02767388846118979,0.007717822585868506,-0.008988755857864406,-0.026127318017450052,-0.10601085833818857,0.0038848502417061503,0.005757620039265721,-0.08437691573659256,-0.008526150365282814,-0.008163328391716074,-0.006239280194814345,-0.015852549675567373,-0.007797299003982183,-0.0004448045378599996,-0.008773675344601939,-0.04033714560152024,-0.015399256203810663,0.00366904505088117,0.002709799642690136,-0.014482901074634458,-0.004725769255514711,-0.024495688024825713,0.014867011725332002,-0.02754681356291444,0.012704834100986995,0.03952187855461231,-0.009248930163456737,-0.017107256549595884,-0.007538306303747522,-0.013758197054672627,-0.015224462494027757,-0.009700904638794583,-0.008540903546207734,-0.025419661751368783,0.010572981107219048,-0.004097217730828606,-0.014131116617700945,-0.0010968883252000516,-0.0023316121196694795,0.041639134810026235,0.03124996973201677,-0.025462807856421965,0.00731196351542307,0.001537690211960152,-0.03291146315711224,0.0,-0.007337140644661733,-0.014309613272754262,-0.008387104157478564,-0.014311256086284474,0.0036363477830763102,-0.019230823062431623,-0.00713564174355763,0.005076137217272736,-0.01926333867293606,-0.004455279007071988,-0.02144361458337629,0.009859039638213885,-0.02169169122940906,0.012624278410988676,-0.015573718588468455,-0.02422713280967459,0.00851366108435947,-0.007025212933962632,0.0,0.0002224557042314057,-0.004731099253320603,0.0011778829244579736,-0.0017477961093135264,-0.00303032794498459,-0.007033241132348933,0.009523722022630965,0.00923076042762161,-0.0021517436901029585,0.0008772399010805731,-0.009451183677629982
2023-02-09,-0.07746482262777998,0.00867678106172498,0.011764663350165572,-0.058461560665853174,-0.05769230769230771,-0.0054704801812607284,-0.004535143224154603,-0.018680417973167662,-0.08679712573297682,-0.005417945801062807,-0.0033141132128649,0.01172258616359212,-0.01228505863046514,-0.02469145051745647,-0.006849409888534663,-0.004869838541913918,-0.0076621745175207145,-0.009129469242727062,-0.006638184911508804,-0.021127422167834142,-0.01265498556752287,-0.07058938416560068,-0.02972968712801538,-0.009965548422251724,-0.0026837978484697267,-0.004431345626716543,-0.02081724601088919,-0.03527524744562072,-0.00930789511172403,0.0208870558467944,-0.005091946617976628,-0.004746868511629088,-0.003729620241041065,-0.023515311132396577,-0.03913889782678981,-0.006530561965808812,-0.0034457696843029906,-0.00468498540694573,-0.0067498101073820704,0.007444432985530325,-0.02442032791074944,-0.004026315964340221,0.009464881481545673,0.03997456545794087,0.03636367445806554,-0.03179238433756315,0.0037548198675947386,-0.011974419299926597,-0.01636744377231225,0.0,-0.010265964395846927,-0.0200876923861254,-0.013662982414481273,-0.008166982654205346,-0.0036231726671802633,-0.006191895618225529,0.017197176575643347,-0.010101000370632551,-0.01813084126024611,-0.008860659749712507,0.0147326377340542,-0.027893960505311677,0.019121367904341602,-0.0010908484386469297,-0.000832644007945138,-0.02550279988744053,-0.0021673472386126713,-0.018301939833295866,0.006587144315415072,-0.02428933699931557,-0.028850127605685283,0.0,-0.02809450175108319,0.0,-0.007083191474834272,-0.015723189254788328,0.0,-0.03180593945304022,0.02087603020438844,-0.013782043428902102
2023-02-10,0.00508905358442302,-0.012903213236342914,-0.0006459480299232379,0.021241880159998283,0.04244901696029979,-0.017601743094202038,0.018223217799343328,-0.009315570863098754,0.06291837754077778,0.0031128901541872533,-0.004836932874817679,0.02027682891223792,0.02363178871701277,0.01898733788274254,0.0005747640790167985,0.009222782191387502,0.018214257679081136,0.016516802038184286,0.0037125690660182453,-0.07395214827905827,0.026094452930573997,0.023977883751541862,0.027855341234862552,-0.0014844017139842292,-0.1399296499018332,-0.007418355429618995,0.004724611592904715,0.03157903746624635,-0.009395450205124667,0.03471264970083676,-0.008529975907858978,0.0007949307585439769,0.010888126062241543,-0.0004081103670083852,-0.005106276474595384,-0.005751850089638522,-0.0076358792786050955,-0.004325155047215423,0.003737713196107828,-0.0004861003704911271,0.02503160798589832,0.0011025319523847443,0.019793818775461602,-0.021964534253143264,0.017543842526623443,0.013021183181866292,-0.01521204425623024,0.02299577370662731,0.0,0.0,0.0074681575047059745,0.024806268712894042,0.012533016884564985,0.01555352896133444,-0.03844154655159293,0.0020767916772259642,-0.023719465457257782,-0.02551024007777314,-0.007913809210239542,-0.011313690917375219,-0.00027411695633727806,0.009325609194924311,0.01097815804486535,0.0018720948593149433,0.01041668853400135,0.017293060144592642,0.012118309732767063,-0.0025067496398574196,0.00250638360316624,0.012720663361590168,0.015106824325542334,0.031058876792978696,0.009509832540713914,0.0,0.008430730611336257,0.016773032491700146,0.006097555213709249,0.006681561545130776,0.014688853260127255,0.005105844108137747
2023-02-13,0.06835436436672016,0.05664482427044959,0.004524867072782657,0.09120003231589768,-0.005481648080597923,0.03807392396065512,-0.02237134436829158,0.0036794830726312178,-0.002518889267302482,-0.0038789791009340435,0.008505630653004248,0.04006310495892573,-0.0060752417790488344,-0.02691497444415758,0.00919003125404827,0.013427793121226328,0.007194215692457817,0.008068840902931473,0.0005548057455715405,0.06722284239572285,0.03452684460194999,0.012341636907658105,-0.004516786914479987,0.03289046739629953,0.017328640609542312,0.010463403746286515,0.0619118626612456,-0.0016112075882560584,0.0020618658634343756,0.005665473885140271,0.022942336150433285,0.012708486534785512,0.011583931710050788,0.0,0.047013004540346515,0.014049616278970056,0.005952434356246039,0.01405420902986787,-0.0047393439599857645,0.013813211350104382,0.006370432243154589,0.005873572417461892,0.00891037355340174,0.03181535914135769,0.01724136277318622,0.007824196552099538,-0.022030911646042983,-0.004252945149061715,0.006441169143120318,0.0,0.0075156565377481055,0.020339492954215554,0.006188880195024282,-0.0009009214899244888,0.017828196630227167,0.020725468481408438,0.014991001593220421,0.00523559719267741,0.0017727938255260867,0.008633340294840863,0.0035743065830227128,0.02061124181798535,-0.0007897179118504516,0.01603858505634892,0.004783378800940596,0.02912511057391387,0.0007905303546738018,0.0010995128298125767,0.013889041611435227,0.004186774269798521,0.01005984700030016,-0.014376868970873646,0.011993323617817575,-0.009726369353212916,0.01864931140942505,0.008641058711336136,0.0,0.015210155956344895,0.006812343120804254,0.006684695129666629
2023-02-14,0.01895744182953618,0.045360880691702965,-0.0051480002511219425,0.030791719004551465,0.1692913861806582,-0.029126261535137754,-0.018306619176448713,-0.005906254782939047,0.025252500926581378,0.012461335918308558,0.002108299566418559,0.022141325908654697,-0.022004926462152907,0.0,-0.006829596487765155,0.011409639405791427,-0.015057852775388514,-0.012171008025454233,-0.009796739661873222,-0.01160930814947747,-0.0018574908248772948,-0.025189722208835974,-0.02087130939309756,0.01155890692879713,-0.00922653409245533,-0.023668686217741874,0.027306373805464634,-0.026358244599043346,-0.004526834286374126,0.02595820667100046,0.003924956869428398,-0.003921583587048083,-0.00843702383090783,-0.01592483117010035,0.004117685837602192,0.0016299791729432744,-0.02540052118596614,0.016504864046036127,0.0006803026837609583,0.00028784090333444645,-0.008088581542920692,-0.004379328845593333,-0.011250434272676468,0.021765337549949804,0.0056497121870149325,-0.017375109871187844,0.0012947428721421517,-0.009761969428661477,-0.013333386266300429,0.0,-0.017167307692532607,-0.012685406585084436,-0.015538994876030388,0.010820548594048462,0.0010615954141022232,-0.004060909675524194,-0.0022918296801317517,0.013020883294910135,-0.005751024692613349,0.0022284738415190297,0.0027399749092442693,-0.013231149895167715,-0.03675163875438703,0.015785470906276133,-0.0020700748670414715,-0.003523837720816436,-0.0023700793259711084,-0.004549828779591536,0.005933245334061921,-0.012329086246110288,-0.01242892670261897,0.01354453752965612,-0.0233741859802431,-0.00429716292127702,0.0006314732552425983,0.021028006860174697,-0.0030303001841675004,0.009806609080081241,-0.0005638836090392507,-0.010624233494847202
2023-02-15,-0.03255821793320157,0.005917106894566704,-0.0064683299626765445,-0.0184922197954277,-0.05656566538786545,0.010000016954210045,-0.006992944810711221,0.007990153220152285,-0.023399022154958704,-0.005384912565154831,-0.0027051937431616935,0.011869368015609227,0.0012500286102294922,0.01489347416957787,0.002865195705129109,0.030021965127796646,-0.0013719808360856955,0.013208900526279876,0.0013068959049422624,-0.01093148546736411,-0.0011167476201723314,0.0038512112552773203,0.030583830686323754,-0.012493875384997577,0.0033429232952646437,-0.007575714336391148,-0.006465590980746061,0.0016573910864436936,0.00868138009574615,0.0012919986848987097,0.01480030044601377,0.021259878883360006,0.0035208661989720724,0.0037345829027124466,0.03495404480911102,0.0024409445887052517,0.002073143672132849,-0.01512157123730995,-0.0010196914980977745,0.008153462581497406,0.007800164667541187,-0.0025660706518448873,0.0013652295845749673,-0.010059176339125231,0.03932587279618516,0.02426639044990586,0.021980670155579585,-0.009550261404050686,0.007027135773541193,0.1585568264238888,0.004990637572005907,-0.01551812872450331,-0.0036172512628579456,0.01784119612707835,0.011664862472684279,-0.004077467904388787,0.013782565373181122,0.0462725094866383,0.004671825411533881,0.021680081312546173,0.023360662035458057,0.008468639330281524,-0.008615468543414662,0.025648763682779574,-0.003982907210770104,0.009061771623187553,0.001696922731615258,0.0077226118145683476,-0.0020576286736682103,0.014207882466319877,0.023420480272449806,-0.006282021101921553,0.013226293558888491,0.004623991764817426,-0.0012618879114459913,0.004576662544099275,0.015197554071740171,0.028864302768624395,-0.005077697645745283,0.0077852671645304294
2023-02-16,-0.01923075159625831,0.007843129921766057,-0.009765600383009554,0.007246332621303253,0.013561711440347679,0.002200165429443013,-0.004694942884761688,0.0012194625541335213,0.03909204911603226,-0.0046402505610732,0.0,-0.024046912947709553,-0.046192303598459494,-0.0020964017063109797,-0.009714312619202636,0.03232619404475523,-0.0011775755636512786,0.013803797126314965,-0.012117924728502927,0.027630895361671293,-0.015712253793551234,-0.0002061814651277416,-0.027877626687445534,-0.010130571536100419,0.03593561901495268,-0.03816793781985395,0.008676834657604271,0.054054136511251905,0.002868992002595938,0.03096775278547237,-0.006604338950441768,-0.006168074175713301,-0.007354444257302473,-0.0004136081732261099,-0.0005660004345008351,-0.0008115461693942727,0.015516522538339128,-0.007802608270503497,0.0,-0.010085609647794147,0.001231101869865192,0.004777589582737329,-0.0028406377163715524,-0.049013730858393556,0.08108106714865881,-0.0051424852804351495,0.002024431493726553,0.003421496823682535,0.0,0.0,-0.02948481461661223,0.006949119789863012,-0.0066006224629272525,0.00262924920003349,0.011530362381246828,-0.010235453099724512,-0.015609333522851654,0.009828000040771334,-0.02147931172582762,-0.013058518406785069,-0.0005339552389749258,0.00489843813382862,-0.00931097489417565,-0.012945003680615796,-0.02436780703744057,-0.02935056813966097,0.004856626923884777,-0.010791328487873009,0.0034367231244627483,-0.012889769079388325,0.007899680283862232,0.003448353627017564,-0.0028593309118144505,-0.003068385862920797,0.005685539322153765,0.0022778612178342428,-0.005988018395350125,-0.012585200574665056,-0.010206749548864136,-0.009589769911425572
2023-02-17,0.02941173720662249,-0.03501942276541248,0.020381355610730623,-0.014388402095135921,-0.028168987598808592,0.0010977200064443693,-0.03066029354276978,0.01563135371498947,-0.04247571776146708,0.007769935141945794,-0.0012056682252293838,0.0,0.02879584697296722,0.004201815660050068,0.015002984835674527,0.04996589150752451,0.028689171029415927,-0.013183509471046295,0.002075883578989579,-0.049542379168005635,0.029591786420505972,-0.006065438178015969,-0.019426318959990585,0.013372695478720553,-8.958300190542445e-08,-0.012698475892249372,-0.0465949381880959,-0.06436428102041447,-0.015120544578941741,-0.04067587935125083,0.02936292016884412,0.012412710872811816,0.006208102478411304,0.007444365128801866,0.005097187444251805,0.002437069275273984,0.020517986141857847,0.0021565381019508223,0.0037426622599487924,0.001345630415383381,0.027407012543345877,0.005852235273240192,0.004387224543423773,0.00691392906389332,0.07500004768371582,0.027136841522911626,-0.015151439823508417,-0.05176684142558463,0.0010733910885272202,0.0,0.010979606191984237,-0.006059411295564421,-0.0063123100215835,0.02010493919117251,0.0005181465946710873,-0.002068299649004457,0.023017942736611285,0.009732350499663811,-0.004978303692955266,0.003157502132376644,0.010952434768842556,0.0041784349111453345,0.05472026485040016,0.010581260245170254,0.026940457069474677,-0.010154506649831418,0.00809270639165005,0.015810237165553964,0.010273815599000757,-0.014690573600688706,0.008564984321658642,-0.01638024210182354,0.004447047960404404,0.00030774383838716446,0.0018843136504236302,-0.013636374619209524,-0.009036136142469231,0.016994142120062117,-0.0017188468677004076,0.011296197387332452
2023-02-21,-0.04999995458693529,0.04435479606847759,-0.017396936198452728,-0.010218854908614183,-0.018115941778598432,-0.019736875815185018,-0.01216549613396456,-0.007395541493354529,-0.0823827764723345,-0.02852730030086459,-0.004224361521275255,-0.005408663214487741,-0.007633580376634641,-0.00627635141839733,-0.0034111405333070444,-0.030312973158800882,0.019102308032391768,-0.0073366938529240144,-0.004708268216070732,0.004213260244005257,-0.00018413160656183258,-0.015608771972316693,-0.0396226390036204,-0.10292200442921995,-0.01081714844558701,-0.06591637640545267,-0.010526284451759516,-0.05145414538456283,-0.004149397356235651,-0.04261798220430035,-0.07454253146227019,-0.03371651552695032,-0.018892192101375493,-0.016830990836081194,0.007700989282359627,-0.00324164647421199,0.009125900680357457,-0.012150732519372709,0.006101695101275562,-0.017277817685592667,-0.0066688822988805185,0.0021818106373205914,-0.0005673910961743189,-0.001248467989523605,-0.1348837526506046,-0.02066870853276559,-0.009743692330625886,-0.01503766751206026,-0.012868407935844983,0.0,-0.08361451341100012,-0.01693485566960906,-0.04814445140099888,-0.006855177650646582,-0.029000491011409446,-0.023834150396718656,-0.018500041961669877,-0.03855423666358315,0.01523750261806045,-0.026928344540136595,-0.02417795668152134,0.0,0.009900794528558077,-0.003834194769995025,-0.009520585613014276,-0.032828049385739355,-0.009031118477394129,-0.017120567322840063,0.016271077829702385,0.0026228308513214227,-0.005127417948985968,-0.01024809873081034,-0.006537480164692355,-0.002461715060916747,-0.0031348111097269094,-0.0023041947103956684,0.009118532443044058,-0.060313253384049914,-0.011477767956832863,-0.012499799502579068
2023-02-22,0.030075218970135653,0.03281854863467615,0.008524597668256861,0.02802350458220526,0.03837634662506639,0.0,-0.02709357060249551,0.00845755104577317,0.009668532303084065,-0.004761860248617689,-0.0003029018224008917,0.009969844298110653,-0.04487184268091049,-0.07578946077404303,-0.0011408094400187085,-0.00016798738664425272,-0.0069353043582487395,-0.0018752559561888704,-0.009082133208183185,0.026971950518143384,-0.018939376510649808,-0.002445719450861028,0.022593302285170314,0.006204370506240453,0.011865788704140012,0.022375235063896604,0.006078972223442447,-0.03183956588023018,-0.009166731764502112,-0.015330482923532784,-0.009014177496236342,-0.005551125831090187,0.004269063785101279,0.015448922531990483,0.013979533773226027,-0.008943065823251106,-0.0005651164056785785,-0.005637354942249373,-0.01111841690804427,-0.0004883319369459738,-0.004820124046317931,-0.007619712460921857,-0.0003404175565573375,0.04062497615814209,0.02150535566956502,-0.0005505190194710075,-0.008803611805839995,-0.002655071371379436,0.04725690698041962,0.0,0.02450814665687595,0.008613221336501331,0.016859903799147702,0.008628078212154389,0.006933288574218821,-0.004246280417097847,-0.032603128732046516,-0.005012526536017692,-0.014560849557376687,0.006006866436482072,-0.010289603871219577,-0.03744803836745825,0.031372501160202404,0.005773487993002702,-0.008730750071256232,0.004007118130813669,-0.0005624924416768318,-0.00031674283959259864,0.000667304353140441,-0.006608982313113909,-0.0016105642619089755,0.004941747382110062,-0.000749614248149677,0.008636676758208894,-0.001257919773845595,0.00615877071933113,-0.0361445445698767,0.003889952295617727,-0.007546921641745641,-0.004039839739033546
2023-02-23,-0.060827306641668466,-0.05420560131261243,-0.006501975339768151,0.045910902373358375,0.08173422865301339,-0.006711349972995273,0.005063286249386678,0.005391306573375276,0.0013680203775807698,0.007974406758244568,0.003940574240762995,0.01884538026814475,-0.009395932431724874,0.0250570904389964,0.005139861676566548,-0.0015128363772277664,0.0013211445790277665,-0.008289335041232193,0.0019094938484849333,-0.011205861246763038,0.022644652220099593,0.0027476273590050226,0.023054753929748095,-0.024167083355780217,-0.00758777507127828,0.015151540693756349,0.02265855554581475,0.033495690286542645,0.01471810745981883,0.08718724023069435,0.001173623787591227,0.007177045682749128,-0.0009370844808195278,-0.004934369606905076,0.01011020904403015,0.014766179121136203,-0.004100111717284638,-0.003092234000960814,0.009539772147500125,0.003518035804845665,-0.002940768086580614,0.008409452846165566,0.0010787067571502718,0.0024024574440726365,0.02631582744894323,-0.002203289030400568,-0.11546506237401333,0.013976723564529836,-0.0015560316752316616,-0.008571500557378653,0.030772640703590648,0.021349415881634304,0.0210707663878138,0.023096703802859997,0.013771199175799165,-0.005330510674289468,-0.015797748324189786,0.010075617124267078,0.004319117277746143,0.004542252149562387,0.00465117133636439,-0.01152738796911812,-0.005513200406018104,0.006476194120254908,0.006182116117904535,0.010799367796451076,0.01204539331532195,0.007920078323371271,0.0,-0.01062666146684943,0.016292927110609368,-0.00011717561824242662,0.004042762123523502,0.003364156198541135,-0.004407938087434893,0.005355735028041764,-0.003124996973201677,0.02324938078480132,-0.001169804456905399,0.004056226243000394
2023-02-24,0.010362746465985007,0.011857696335581869,-0.0013088680915485096,0.0013719420024032036,-0.05847571141314423,0.0,0.02267000340572234,-0.016087340280855678,0.03278685320900654,-0.007120146995144405,0.0,-0.01761603830377023,-0.024390284875953183,-0.008888742167249108,-0.006249979473690659,-0.017003418680049398,0.001507921457686523,0.0011144772951863224,0.003620944370217316,0.0185338373161954,-0.004465158219073229,-0.01053957398019556,-0.042253566340812676,-0.032918908138189096,-0.003938737365652645,-0.01990055691889503,-0.006647048143641587,0.00471419722704991,-0.004558515448085054,0.04126444649155703,0.005275507350839037,0.015043513749937176,-0.004872347888556283,0.005371918677800291,0.00909930159027228,-0.008084012008676034,0.0008517540674939372,-0.01008159278941001,-0.0006748171041447426,-0.014217538706416066,0.0015616533771183327,0.0010878856840463857,-0.001985005535350415,0.01318150427290643,-0.04102566203030167,-0.005888946726315902,-0.0038392471039764287,-0.002953766906002797,-0.021818393564732808,0.0,0.0031597814350465825,-0.019565376732016193,-0.013870089811215736,0.007525096346223226,-0.01567394183005022,-0.01500539597723205,0.0013375932485779618,0.0049875261309126895,0.0006790603762605318,-0.027790513694380126,-0.01552272939248689,-0.009475144826497583,-0.02217545114889652,0.0115531360599046,-0.01666524097574429,-0.0113808309137996,0.018353782998789425,0.0034575571772235136,0.006666452568529824,-0.007051394063390837,-0.007539583630248536,-0.014051436350463686,-0.021793207498270295,0.0006094201115356412,-0.009487776133196402,-0.004566213329624702,0.0031347931924397,0.028942376507821832,-0.0032214196724573707,-0.004309209812611181
2023-02-27,0.07948716287155233,0.027343817666407366,0.007863688319739603,0.058903893418805975,-0.1786461604725752,-0.0011261518865943732,-0.022167466856587215,-0.01998388494491332,-0.007936500427734305,0.00159353026391984,0.004227038377660586,0.017334185502827504,0.008333391834189907,0.03811650138170153,-0.0022869016671811515,-0.005137788362507556,-0.00018807737133097469,0.00890572213870211,-0.0030382193809417313,-0.04404258074189171,-0.014439506578826866,0.008180663654402176,-0.043137287762982646,0.0012119070977891777,0.006745618308808599,0.0,0.019331040750471207,-0.0005864118463695389,-0.008742820642567373,0.030256716768248815,0.006997133638635189,0.000780049073314304,0.0034479196019006064,-0.005753999732062365,-0.0014427886781106514,-0.009780056965129624,-0.002269555490913122,0.026113238779980508,-0.009794154902698415,0.010767522490810588,0.002944614072276197,-0.007968195426278912,-0.0002841635863130021,-0.0011827591924391534,0.010695176938778195,-0.005923831856534667,0.024607282385869844,0.02172483801003655,-0.01009007152913477,0.0,-0.022265700185557846,-0.001364465475066412,0.0034305448637521607,-0.006638997712843708,-0.008492560834195695,0.004352553175128504,0.01175523973073922,0.022332424581936294,-0.0002261998553946265,0.004912215435010747,-0.002628223570719901,0.005150674673660038,0.05122185624028042,0.0005782335492845458,0.0033811143634843166,0.005520982448807166,-0.01092306576524582,-0.010023462595256993,0.04609286115020206,-0.008982690391598047,-0.005357998459220359,0.0,-0.0017398944627586843,-0.0018275987949960548,0.0,0.01070346195826799,0.015624984866008385,0.007886415085181842,-0.0029375526320484235,-0.010819648667735882
2023-02-28,0.04988124376345704,0.05133079261935891,-0.0078023332032624015,-0.011642861464485343,-0.0025489112556251747,-0.005637000155576888,0.010075617124267078,-0.011534450409759756,0.017333348592122322,0.006364300206478601,0.012928397612800513,-0.008813138337011694,0.006887012716445318,-0.023758230023764204,-0.005730651209479021,-0.022206978596333915,-0.011295102692172154,-0.012688833567432334,0.00019049286544303712,0.01564017568311149,0.005611108261298403,-0.009551239297588943,0.010245867648751128,0.007578561565372954,0.012014762993659334,0.011844360993009007,-0.028446492596312267,0.051643140462787285,0.007980030052195941,-0.03124690866840263,0.0014475748620512707,0.007014820976077862,0.004444196868398587,-0.010748276297760428,0.016795920179499824,-0.003292155817317788,-0.0021324126285684475,0.0004077410399527803,0.008526711210369076,-0.005473001957231993,-0.002072600643833966,-0.001460406175148865,-0.013529763295702213,-0.005328606029615934,0.005291000285156278,0.015642565455867397,0.027777566789655372,-0.014175204337664837,-0.004828255607673304,0.0,0.008664748935856448,-0.022544865996374952,-0.011623936840611693,-0.016708421453927036,0.002141274492786227,-0.005417035703171091,-0.008185834891395904,0.01213596896206659,-0.002714925945797586,-0.03328131236052789,0.0012481367292926926,0.009516911586589627,-0.06527805822033483,0.01141458525314376,-0.011900141457700242,0.0016355069175704173,-0.003313153263566959,-0.0036387183857913286,0.0002531734695176979,-0.013145393045047027,0.0007235949382062845,-0.004513083844899346,0.0006377123546934538,-0.0015256365939584349,0.0,0.002269245698298006,0.00923076042762161,0.0031298625823470427,-0.00471430179884913,-0.011484803332786786
2023-03-01,0.11312216999309133,0.07956592471784907,0.013106147199565932,0.024869210517548312,-0.014480415639544275,0.005668956061779085,0.017456282002192847,-0.00770999653346649,0.002621229439913275,-0.00632405204076969,-0.005343000627354488,0.0011854504694823742,0.010943902097437785,0.00663727388442803,0.0017289997375928845,0.004225369107374588,-0.011614642237986028,0.011175737329190083,-0.002285234529314284,0.021248805449119335,0.017421006871506828,-0.008405863297448746,-0.0010141138665079596,0.02063200319251024,0.0015983651282336364,0.0033444784051375187,0.007507461470901644,0.023995552642023688,0.0,0.04113502916752121,0.00028905237031207065,-0.005417933003936781,-0.0212783914686272,0.006268190982011701,-0.023800905689476792,0.0016515149532194684,0.1617039190673335,0.011817290478718157,-0.008116356871701202,-0.02525549961549378,-0.016441645737455657,-0.004753207056234943,-0.012677897636665492,0.013690563097025654,0.015789458824326585,-0.007517395112519476,0.03519135684060837,0.016012936651387255,0.010242371597108058,-0.12824203927994293,-0.022246722269660846,0.023589033577283924,0.026980307532423975,0.045029712179968095,-0.024038401287215794,0.037037052427568495,-0.015175710169956114,0.014388475223450214,0.0029491837947466237,0.0017214322799368187,0.011773108338011928,-0.007251693164936013,0.005969090440130609,0.013857132967132202,0.01955429265564068,-0.011429854816373486,0.005096961001454847,0.0019055200980864218,-0.017721615402743973,0.011637280020961205,0.005463300407734462,0.002743903471925435,-0.0044606679255809745,-0.006723809437432449,0.007024392064929108,-0.007547174857668648,0.0,0.03744156203029192,-0.006808900335166901,0.0
2023-03-02,-0.050813007342129124,-0.03685088742433407,-0.01034927859102952,-0.06641121339715705,-0.05272253005763916,0.0033821570866119366,0.01960782480441492,-0.03338933616655926,0.019607855359147885,0.0007954974826465122,0.0003003629270310615,0.014801658320557465,0.017591355451910262,0.0065932975503735225,-0.035097821345662084,0.006136032496272037,0.00982468907661227,0.003757558295952812,-0.002290550470525843,0.0021040288285862907,-0.016147735372861516,0.022505343276377987,0.001015143337443014,-0.0049129553995108655,0.012536716774612877,0.009999990463256836,-0.0700445696864257,0.010899119969108195,0.0020830244507470397,-0.03558822773182113,-0.0008670167809201601,-0.018677098651185386,0.014307551617279701,-0.007890508121669026,-0.015283914764108952,-0.01154163565424482,0.015697801875461215,-0.008323090092223873,-0.009546485864654897,0.02984170795056884,0.010381775913278934,0.0007348001682139227,0.018451191747220097,-0.006459225244648481,0.031088115865008925,-0.001662719946448954,0.004351569069833694,0.019942199615349265,-0.0021341812112377623,0.0,0.06341519786529903,-0.009900924279099721,0.015493401017119712,0.007317085462785977,-0.002189431555834731,-0.00525212062296565,-0.016355861840519625,-0.05437352672255169,-0.004297797252497237,-0.013049120279308157,0.02381909151613426,0.0014609769770788095,0.02630534991649336,-0.0009862721186275625,-0.006138971704090279,0.024893824412135723,-0.022489386800782607,-0.004595909063063175,0.030927959677981454,0.004135632916233645,-0.12592888229198795,0.0008327847301641267,-0.00844926164621207,0.006153700660040284,-0.003804802278714159,0.018251052696587555,0.012195110427418276,0.02431071100026716,-0.011028217687937603,-0.017427263409834137
2023-03-03,0.05139181310434249,0.0800000066342561,0.009803896513747024,0.02325570642206687,-0.005474490821885447,0.017977618870150813,0.08413471017011176,0.007386490584501582,0.02564100056083385,-0.00079486516940519,-0.002700321472518419,0.014585764813444868,-0.01063828775385156,0.0065502167205371276,0.011329687206962369,-0.006621502752113373,-0.00019086613798136032,0.0069368131578047,0.0024870583400125046,0.019829661202262816,0.013563417872716643,0.013593165495247694,-0.00304254556450112,0.04186381036536657,0.005403069321922693,0.023102288417082395,0.02884602833304939,0.005929952284407403,0.0,-0.005489468476589376,0.020248792858515996,0.006344165415079317,0.01509370312904812,0.008790415722658818,0.04212860618324066,-0.0050041317109583705,-0.0315141345081974,0.018004369270185228,-0.007573141708980935,-0.0013705275335994527,0.00487636773292488,0.0036710102242827336,-0.0009808347648236904,-0.016548503864241004,-0.04020102639796852,-0.005366446656382418,0.002978512873909489,0.01797537931355353,0.021924953067129715,0.0,0.003919065140957523,-0.003793215911378267,-0.0029850797255923656,0.008070978613757829,-0.005485484584793365,0.011615591718642904,0.008657481268037559,-0.004999995231628418,0.006133670934951985,-0.004516045613281561,0.018719095383084916,-0.005835235739295785,-0.01715180571369923,0.005641695632025767,0.00029813949325641076,0.027627418218066024,0.015225074646710857,0.005731427859633431,-0.01250002244861459,0.009183816440687664,0.00996420306624235,0.00035681535746401316,0.014245099973905218,0.003669858935300141,0.010821105695470568,0.0014935646155929128,0.012048181523292234,-0.0036701178150660985,0.01115119549938548,0.007038376633645482
2023-03-06,-0.024439895985400084,-0.016103044125327814,-0.022653684926618567,0.021390353619110458,-0.02385314534924521,-0.019867582432562036,-0.008869276421323513,-0.019193431316567477,-0.03874999284744263,0.0,0.0,0.028177101110759217,-0.029569928136667145,-0.013015075874325488,-0.021226376480077525,-0.005262155724954365,0.0032438146197570905,-0.012903321604286644,0.0019084006870504489,-0.005261342394057289,-0.04527937369694446,-0.007639654567423104,-0.04170903757872402,-0.014216629760001376,-0.017241268111432673,-0.05483865906618979,0.015576493064803687,-0.013397642124561515,-0.012057997686591992,0.00480424525933798,-0.015310487908102077,-0.022064597496443294,0.0062012887130475924,-0.015352588166871683,-0.028368679429398913,-0.0008380761633288714,-0.004862229074927615,-0.004654145874885995,0.008671491118291241,0.019311843735404066,-0.0010398924317625013,0.002560439581287488,0.002021291452058538,0.008413539791603863,0.020942451183951105,-0.009116145964433664,-0.005399471579663362,-0.00030984978747083947,-0.012035891606633098,0.0,-0.06741926243079499,0.0032884036002580608,-0.026946090496777986,-0.006405118108252172,-0.01654711808866194,0.010438453263686531,-0.006539555135626984,-0.015075362435176154,-0.004741444391239247,-0.019512535484051963,0.001181408640577919,-0.013206010275254587,0.009804053102755228,0.0056100454630414465,0.0012775624165808352,-0.01904331816029281,-0.0132190683285629,-0.005540411134875023,0.012658250868632592,-0.006848484055924087,0.03530041454884203,-0.018419442282181953,0.017482012040158645,0.0,-0.005037690151932228,-0.00522003257862691,-0.06249994234669598,-0.0063851210323214724,-0.003576796842682639,-0.005032333176010706
2023-03-07,0.01670144558312403,0.009819957687141612,0.0033112076687034087,-0.007853373124022012,0.04511273747632516,0.004504500150622537,0.013422913295959349,-0.045734345586916136,0.014304308543030553,-0.0047732251548588955,0.006016808336137602,0.016498886473174545,0.004155153833813818,-0.030769255391851158,-0.010843319202568757,-0.007935150953772174,-0.00855858786468977,-0.02315260172288114,-0.01104760805518279,0.0008048292960354253,0.011264778242538798,-0.0051044169788498905,-0.021231564833300687,-0.02684026385709337,-0.024379402708668785,0.0017064422895636255,-0.028374245769586137,0.01249318545044198,0.006312947371528654,0.0021363080987033545,-0.03167286175121742,-0.2135374416690976,-0.019208887823427445,-0.028234460760803493,0.0036494664421018452,-0.015100833273407166,-0.022926607843289037,-0.006947404199963536,-0.00481431302185209,-0.007309118212100785,-0.017522479657751666,-0.005107655383991938,-0.004956762272551041,-0.010131112594604419,0.18974352641610537,-0.009388123091031542,-0.0038000860297981998,-0.016114092855102347,0.003707818993031742,0.0,0.009050789032523099,0.00017258935197306258,0.0054700802534053405,-0.0008058202260108338,-0.013460447119748475,0.02582644546677626,-0.018650584812147653,0.012755089628354144,-0.010435533416931153,-0.027147422689106637,-0.006423667814951517,0.01858718035033813,-0.056310691423007264,-0.009902295249783144,-0.02717870402377509,0.04236609680714576,-0.005966478871309189,-0.02483290359054713,-0.00625001122430735,-0.009540972465809539,0.018709596789715954,-0.031355915693439096,-0.008132090106698686,-0.01279695983398954,-0.010126525145481846,-0.01274368148889804,-0.04761907645273733,0.03336634501646474,-0.017050427655895484,-0.026411918515604427
2023-03-08,0.014373752218957314,-0.0340356621637371,0.012541289692524105,0.005277085193966746,0.01978419687886057,-0.005605402500807766,-0.002207555942311812,-0.02050698555425179,0.01410251974197485,0.006395065553224111,0.021232165073262532,-0.001925713831158915,-0.0193103264118063,-0.002267536252178015,-0.010353255893459479,-0.006932078434758293,0.01937477121572595,0.005329984812114219,-0.007599251671647433,-0.012523000122667272,0.009303745753707071,0.005424841403647074,-0.008676718141896744,-0.02022225352391349,-0.0011675331961575885,0.02896083127908855,0.040252544959235026,-0.0016093766244185126,-0.004600566120122718,0.03898079698169954,0.011894073698406116,-0.010245940484079563,0.007224053609840686,-0.0004335951264994309,0.006363649112562042,-0.017035739010778483,-0.010001266837567413,0.011300947414523588,-0.0031098125686772615,-0.0009687897010123292,0.011124827611785015,-0.004767224181559171,0.0027224350183054913,-0.013245106117938166,0.043103511176128206,-0.008908157011506379,0.020980673066202105,-0.01007872091918005,-0.022691092966750093,0.0,-0.010987752550477348,0.01379783463820039,-0.011560698889898413,0.005645213762259127,0.01762361928671008,0.0010069763242914753,-0.018725494460692604,0.007556667801907446,-0.002980372258753583,-0.015585617798309137,0.0022428222212844684,-0.012408652743572723,0.0174896222344052,-0.009860507359807147,-0.0012679085717097749,0.026511812021345005,-0.004756625237888001,-0.0013059912166430987,0.0,0.038721847631578044,-0.010899227329253414,0.025996493346672755,-0.011099810436162927,0.010802457929143916,0.0038362289956455076,-0.0015185143494224063,0.03333330154418945,-0.005261928090814827,-0.0036517115801001365,0.0005771087847201706
2023-03-09,-0.02024289544013369,0.1174496316753002,-0.01890482131475757,-0.0643044982949551,0.036155188879652966,-0.01691089294989534,-0.026548647359614486,0.00541057083074703,0.029077180827745908,-0.035742911067265126,0.0,-0.05429982007414058,-0.03234880657587269,-0.011363889633653201,-0.0369229608226358,-0.0003579684745693701,-0.015242748339789669,0.002368871336180911,-0.022383810961108308,-0.031297345940343946,-0.038878806816236566,-0.019114848277003715,-0.006564551903790461,-0.023423174350553855,0.01098904199150219,0.014900687608660146,-0.04704103772556523,-0.004298759864712509,0.008403618024962256,-0.03702977262297713,-0.0528944843264475,0.0,-0.011225058095123308,-0.06941440390792852,-0.05239369614291767,-0.06412457735467336,0.004403626101758817,-0.01889041113744816,-0.05199308691922511,-0.010861159006506638,-0.013447385759431163,-0.0294767349209345,-0.007567457525669008,-0.015253203740684396,0.020661136669406943,-0.010009648524399006,-0.02108361059020636,-0.04358876076978513,0.00485953993250221,-0.04132230846534524,-0.013717276705772607,0.003572528574660616,-0.015479836956136639,-0.01122697195868716,-0.01564239023821079,0.03621736675542997,-0.0011393026155502861,-0.10500001907348633,-0.04782700916510296,-0.05407450598159114,-0.021721941511448795,0.015520995197869425,0.0008088820315075296,-0.027173242433204625,-0.011557061163011362,-0.02379931483637998,-0.030496210280123837,-0.07061127058959393,-0.012578745389022927,-0.00022938079273604473,-0.0038178258511034624,-0.05152847702223906,-0.023554471611661132,-0.008244477161445496,-0.019108305065275166,-0.015969727253332122,-0.009677410423445276,-0.01755228515407703,-0.025962206673086907,-0.04632859746443341
2023-03-10,-0.14049592639210828,-0.13813815275858177,-0.027242514432957665,-0.04908825049471366,-0.08425529966963097,-0.018348605792718242,-0.03636370926848953,-0.025971000626113683,-0.007371058610079473,-0.03212519780244105,-0.013470105709529445,-0.011658452633880989,-0.03779073031352176,-0.052873371311330186,-0.04025563705146906,0.0041183586884931955,0.0034396453198761723,-0.014292220313718795,-0.0164690442524007,-0.028104685154951903,-0.02068240633633911,-0.015351155464692012,0.0,-0.017692892391111825,-0.006706708517881688,-0.021207196087103863,-0.06767510136362964,-0.048030289477457466,-0.0004170512753064459,-0.05884739517541038,-0.05398696232799982,-0.013457568995277391,-0.013746939374790434,0.007459449139075813,-0.04690180830128576,-0.08333349696274528,-0.020502951704901573,-0.024949256344752535,-0.049726012508505835,-0.017941194422104734,-0.011506505585045845,-0.0318906252248472,0.001338700994450992,0.014250400141432085,-0.19028341018873585,-0.012444049505286214,-0.07006515427253657,-0.03293432692403375,-0.008060261083520759,-0.01206900006373568,-0.04586206633469159,-0.019325220286484424,-0.03983232926514502,-0.030819149780391908,-0.0028377492637710056,-0.05631067116171329,-0.005417696845233411,0.05586593629775094,-0.031634882169137235,0.019629630675628285,-0.026779471086666007,-0.021834028191354715,-0.040007965679282775,-0.025884701431637014,0.009212013898238114,-0.010167271157369262,0.02171378753405495,-0.005627766574387905,0.01847151333148811,-0.02778157084941002,-0.02708813846098934,-0.016408653093217485,-0.01240960934370583,-0.00831281782772697,-0.01168824639150512,-0.010819082979653394,0.05537461888944617,-0.048702928260912604,-0.02163685477421451,-0.0006109863168489715
2023-03-13,0.0048076878990646055,-0.0871080174107044,-0.0006830757272759946,-0.030973684521103717,0.011152405483875416,-0.03154210800561641,-0.00943395377648304,0.030747027298955176,-0.03217818743807899,-0.0646808495326111,-0.037399731537425596,-0.011206165432767867,0.0332326693099676,0.009708459867394437,-0.10585895573834425,-0.024786051943335163,0.01466379262286277,-0.009475942406856785,-0.05370656632123694,-0.020266799809693703,-0.044636953055048334,-0.01481096651216618,-0.05726857903757154,0.012044218242280413,-0.02677533195588,-0.05666669209798181,-0.03757481642839988,0.03458053466314315,-0.04960387521901932,-0.037516124611387536,-0.14726139077807876,0.14795381814481012,0.005976990658471015,-0.16288769290188243,-0.04000797258746547,-0.16363644357920326,-0.022248584278244277,-0.02461387849721408,-0.08272396738691201,0.0014974695879090838,0.005730725000268055,-0.09764710622346684,0.009765755519744124,-0.025656750668067163,-0.004999995231628418,-0.02441430510705478,-0.049838988485079394,-0.03199161980903764,-0.013542848942637575,-0.13612558294735166,-0.016504045722875782,-0.04926543207798861,-0.057496359171244515,-0.016736385979694512,-0.0278884336726829,-0.008230444599618192,0.03297011685681639,0.002645500142578028,-0.09875327096035202,0.003319174735494368,-0.012444888093158468,-0.023065395683997347,0.0,-0.02146828080482388,0.023302792454352073,-0.0074000238808304974,-0.0614589519949984,-0.08171217336696246,-0.0931833300264785,-0.006234704294300841,-0.033321440044509876,-0.06475735284616058,-0.011948367670386761,-0.012107989780716588,-0.054533642958140005,-0.038281047546695035,0.1820987384051489,-0.02572678228657499,-0.08076924315918244,-0.03852033331035243
2023-03-14,0.03588519175299831,0.12977105627443097,0.015037612119473076,0.013698841561013309,0.0018381896947601284,0.021712944029440795,0.0,-0.021207174333443657,-0.03196930876113868,0.014558737560018686,0.0009250440292198903,0.0405607115974993,0.05701752306804275,-0.0336535919925377,0.037230121054161236,0.010605236241826743,0.009196733041247462,0.029852501583924607,0.006689905927818929,0.025877140720480973,0.03214800098963333,0.0004835432649241689,-0.0035255236304764237,0.012117307615320927,0.0220095607343902,0.042402871806623166,-0.024844547792049143,0.027397260273972712,0.03508767219255837,0.03573020546403649,0.15961536994347214,0.01645341061059491,0.025275004840363824,0.06301830925019591,0.04500920778133555,0.035024222476630396,0.029217798524600047,0.03236378189112732,-0.008808866466720966,0.013157891734845384,0.01801161504511506,0.03302911882988546,-0.0010363354147061576,0.023824458870537413,-0.03517590558624317,0.0343088468075341,0.05769818986911779,0.007818059327260318,0.006040836828816509,-0.040404103564073424,0.035276791706874144,0.04948675622022081,0.03667956667689576,-0.001702166618184786,0.022248194523653675,0.02178423554646769,0.0,-0.005277039875413392,0.0013835496841307915,-0.004330866459582916,0.015822017494402818,0.018278690591553737,0.018311833965764635,0.03313892273497365,-0.011150223890458721,0.02993206553689598,0.018604717278469796,0.04429900564254874,0.003448224009015899,-0.0059410965113678715,0.03586356109952371,0.02542147402173489,0.03908976608355452,-0.010056557602994731,0.0,0.0024369004008721884,0.00783289085832184,0.035648331843012526,-0.0006973102049169233,0.02384740190122714
2023-03-15,-0.03464205496776229,-0.04054058190241916,-0.03434344887413132,-0.039039230635460886,0.0036697213993499567,-0.029515937676315773,-0.023809502184254927,-0.04642858959379648,-0.07529724686073291,-0.013452924515048648,-0.008626022745771955,-0.01375751076621512,0.11479950184696897,0.009950205497049947,0.022254002263331296,-0.008684673225375694,0.010600575323531203,-0.012423179941501883,-0.0259379226794042,-0.012427653753224521,0.006756217032805489,-0.03462224914917167,-0.018868079114760405,-0.007215425224351479,0.00023398029918686447,-0.030508525807840914,-0.06187463727134579,-0.0725333658854167,0.0016949670977293163,-0.007786260612682394,-0.006633461297555043,-0.010791356726084111,-0.02130174039907906,-0.022361138537180025,-0.012362806915978686,0.03267205419496966,-0.020538980176350363,-0.004557361994841691,-0.01988984038339292,0.006985429838018753,0.0031846346423092253,-0.012200182121081093,0.01786461802357575,-0.026944248771523793,0.036458361467036626,-0.03395113286226037,-0.051050168754699476,-0.05324406092584211,-0.01255454709012771,-0.01473688455387867,-0.012304700987208705,0.010478700887414538,-0.034636882382229395,-0.04518326970626174,-0.027491384158387255,-0.006091412923148187,-0.00888147948004081,0.018567621643752474,-0.015197491363309945,-0.030689358889691154,-0.02563745368411996,-0.014210867612251321,-0.052914327739333133,-0.06830996882044194,0.018735401209929448,-0.01750210846928757,-0.007209853283292045,-0.001291146700294843,0.01704467832996448,-0.007172013773240393,-0.0006278366074502495,-0.016847404726595183,-0.025809560802462217,-0.016190494711766368,-0.025017235319976905,-0.04619142251603903,0.005181404116229027,-0.03646099593747398,-0.013956739375567184,-0.007453529374826795
2023-03-16,0.07177038350599663,0.09859154220139099,0.09832634814565555,0.0140627169107852,0.07861066209670109,0.010948923316814296,-0.002438963970067154,-0.09937577073792825,0.06999996730259483,0.03545444328848513,0.00714729587182239,0.03051436331638091,0.003722051043344443,0.0073892204348824375,-0.02106723273834632,0.0009123935159613961,-0.005152707397229617,0.015979432174725305,0.024648076777358696,0.015948207769990397,0.03476272159943283,0.03973242624151996,0.024038617217643887,0.021049817831006123,0.014509852611408247,0.07692308974817585,0.055286143806584365,0.060954652702402745,-0.0012688045323480113,0.05972745183944794,0.06811348768655234,-0.021818161010742188,0.007563507633596256,0.033510780021294595,0.020795543207520195,0.06214691901856395,0.008948819879346148,0.008740280979280035,0.05785835878004986,0.010258945455903445,0.008818346619891004,0.05621802882856897,-0.0006795633059688555,0.014474543168105924,-0.06030150964487013,0.023833413175389007,0.03873369012691885,0.01675978839186909,0.01160837216839572,-0.017093995763312497,0.020244306948405955,-0.03024547774985875,0.0073302674960786796,-0.004464302820210819,0.04122501659662947,0.0030643241152283895,0.008400986971489166,-0.002604164241347462,0.06453431820345701,0.022623985690089832,0.0022633235659719197,0.014415727608834805,0.014622327458488016,0.053076193014964135,-0.0014048510200955766,0.005388144387671989,0.05168237433341494,0.05835646641111358,-0.016083177877957544,0.0025524145232767026,0.012295904530963186,0.0700755898714076,0.0246418624577438,0.011294092926745991,0.02280821296915181,0.009345952908930588,0.01804121937581038,0.004763172818601946,0.008492601880436323,0.02847319479934063
2023-03-17,-0.08928573519295568,-0.06570510616198955,0.010793655637710842,-0.016949174160082348,0.005932177431588581,-0.009627060570480794,-0.012224985053662207,-0.08289431353110255,0.05740992233856734,-0.024582917232356283,-0.010799163243087273,0.0011280574326033577,-0.04449939761734678,-0.04156475923653735,-0.011477811761838264,-0.006381939199296749,-0.012578531456784003,0.007026914484194791,-0.02276656680892042,-0.04034835915193691,-0.004474977492329391,-0.022368025266436997,-0.03403766541406272,-0.022197651758815606,-0.01568634598942742,-0.11850649953833492,-0.0404411787642428,-0.05907859661325199,-0.05308231831824051,-0.017792799508479562,-0.06470771208610937,-0.024163589530783347,-0.0066113500139519665,-0.05558405805334399,-0.044699544968508254,-0.02446795563283999,-0.004898103549082378,-0.0012378085606747913,-0.0379592404782052,-0.003965219110821372,-0.013111970798531436,-0.034677431615618315,-0.007818159323899398,0.03846147019892143,0.01604276540816718,-0.02978872521922804,-0.037585459537337496,-0.013919446794160573,-0.02349700119545417,0.010869614895351098,-0.01632029375991295,-0.03475321304582557,-0.025277664955336898,-0.02869952518136487,-0.0033936348929144433,-0.028513211982966746,-0.004443206189110871,-0.013054818097203102,0.0007907455276949804,-0.029741721455002534,-0.030486935067741583,-0.026177969485719266,-0.0023659652114007557,-0.044195534707224704,-0.02037767102395427,-0.011374832243858934,-0.037403519613353975,-0.06403762143875935,-0.01098905436273967,-0.011912709911062191,-0.01950538646990907,-0.0006510791531160187,-0.013810162681287985,-0.008615332463271286,-0.05505220943872691,-0.0016837017215957095,0.017721501872853374,-0.02739006800348176,-0.008421084958482705,-0.055673892944045344
2023-03-20,-0.03186271530717433,-0.008576280369129163,0.030150724870352308,0.020376113523860262,0.11204717241186479,-0.002430073536057731,0.0024753042020448923,0.052599690672811894,0.039141346332845384,0.0009000363439624071,-0.005302478014071799,-0.008732433050451127,0.034928846088007504,-0.015306302846988529,0.014513605219772296,0.00495496191344702,0.013113633580005057,0.0146214804777971,-0.007472347998824125,0.00971240400375839,-0.004364781325100542,0.019074017214346206,0.01093555946854985,0.011162077963239092,0.0014060742150672212,-0.04235727925314825,-0.015325966934644053,-0.0005760500305439509,-0.0036166713958704078,0.03162304081096878,-0.030414433325256396,-0.0019048055013021203,0.020936875900599228,-0.005449708351083271,0.006211098739796528,-0.06215921370275246,-0.005188231996120396,0.003993449549354988,-0.036911188743526724,0.01514715234824826,0.013994684510605815,0.0004178205898053289,0.014046595019066244,-0.01075270654939553,-0.052631592156154094,0.019113359926089757,0.005535290354646838,0.001114479402881452,-0.0005597045553837887,0.0,0.00023870315954188648,-0.03397337714197912,0.011787788922089426,-0.0027700584656076277,0.0227014528648386,-0.004192868135531769,0.0030683574625802734,-0.002645500142578139,0.0,0.009987489211754186,0.02416630361658978,0.021505357228157607,0.026088849903261657,0.03895487032438805,0.02145429431814705,0.012058900040328835,0.0035866807024895753,-0.0003730562977082297,0.026111291612985532,0.010549338883751869,-0.01112215338271405,0.03282981687585318,0.016141036608175563,-0.012874261321962122,-0.042773001610446726,-0.014333758894605753,0.05721393536436703,0.025724363798781402,-0.00990809727233355,-0.0003221961790059735
2023-03-21,0.025316491606066638,0.025951490153189205,0.007926894581652633,-0.0015361100294305485,0.018181801105005002,0.014616307551950536,0.019753066651470697,-0.006605386107183531,0.009720641777658301,-0.008093495709004195,0.0034493281931220476,0.03410061977179679,-0.02875000238418579,0.005181513976051599,0.013590926583848084,-0.006939266300182156,0.0,0.0017465929335431785,0.056465750273408055,0.017086352229800372,-0.005430979217169396,0.009578241024124523,0.004807867627290907,0.015518282513966808,0.015913952557745636,-0.0076923006385033466,0.07490297080782615,0.039193100301141204,0.02586216175674072,0.09876162701945512,0.04274387319320461,0.060114517362515274,0.003010508800253664,0.035068564164838056,-0.018929854329265527,0.08255807532298998,0.0303557677121733,0.008915108346266631,0.029955955854587213,-0.007269269383514243,-0.02148837270847992,0.0075155471963404,0.00236500222611169,-0.02355068854020903,0.05555557027275215,0.009776555242434704,0.032110109613554094,0.04044530757004594,0.0190368119438471,0.0,0.06443918383411362,0.032301254138976,0.032621365149044346,0.03981475406550028,0.018312980872532636,0.024210478130139768,0.022525066571560837,0.02917775439547099,0.021332555591249136,0.015299414159236857,0.015494161462520362,0.009022602588028006,-0.03866368739780701,0.024386479800772465,-0.007540791995222507,0.0007651912139869932,0.032284796805574834,0.048676032482711795,-0.012587981345037913,0.009381060001366404,0.022951631725792287,0.013496368777594636,-0.013995540769250137,0.005869142200964683,0.025423948079476677,0.04191624995629617,0.07529415803797113,0.023759178611512777,0.017512594094627687,0.04157263031014735
2023-03-22,-0.024691392183120553,-0.018549689689968174,-0.01935883780279446,-0.05230756136754222,0.040922634516866285,-0.02400958116409635,-0.0072639731179307,-0.05001444159019164,-0.009627060570480794,0.0027199666470500983,-0.00937507004428395,0.023632883340915845,0.0180180008789268,-0.007732081305720229,-0.044459947135326416,-0.008275228204645213,-0.009060685486937392,-0.02659115027911063,-0.024313523765346345,-0.031109885666463333,-0.01236827593882639,-0.016842326185499634,-0.031100321701282407,-0.003623311501103399,-0.017277121864125777,-0.007751930820906638,-0.028053985852813712,-0.04215198002985954,0.015037542790118819,0.039630476524414204,-0.0555372001711002,-0.030602989146739534,-0.01597771321950825,-0.05558479025626861,-0.035234981312476155,-0.06659519949955395,-0.01972750437712356,-0.019847771631675837,0.02865696077602342,-0.01387419239526011,-0.019817893117611396,-0.009117277041160499,-0.00842648095362808,0.0037105420939573808,-0.015789458824326585,-0.032602433540285136,-0.03644468632088094,-0.03566332814958906,0.026923201610860703,0.01075261119772608,-0.007511211553400732,-0.0027772732471178507,-0.007521653320486599,-0.014247538195379716,-0.024523201830223162,-0.010277433967116778,-0.013870060644037507,0.007731951161061623,-0.04744716077153244,-0.010964544872103965,-0.015397463630606123,-0.0230999931833209,0.0382512454987618,-0.019937453420442175,-0.013393449902803223,-0.024358310022915663,-0.033929401842805906,-0.04855061767248836,-0.01644974372288177,-0.004384894273957274,-0.038526930471715404,-0.0021158854513232406,-0.02133484417063214,0.011021035749244179,-0.014275094199034055,-0.020525417002393187,0.03719903568296479,-0.01830838336311902,-0.013347355439503938,-0.03620043387100813
2023-03-23,0.09113921284809345,-0.005154675072764792,-0.01172107572115666,-0.024350720065934417,0.00857754735684968,0.001230040435555857,0.02439022120941492,0.024954342044835487,-0.03888210359939648,-0.005424994952921591,-0.0034700027454995785,0.025771787502621546,-0.05436154698274798,0.0,-0.020679557388113445,-0.001297959155823314,-0.0016794258798764616,-0.016681550197064743,-0.024060153245459626,-0.0188799691471907,-0.01778595108548109,0.0012394650024187825,-0.007407520767759301,0.0039527773705425595,-0.0011720031664614883,0.011718739086063357,-0.014897863565847103,-0.0011581040667940634,-0.006100139186367315,0.012973157295930626,-0.03325162288198846,-0.009285086092790329,-0.006627839405639158,-0.03755614112417671,-0.026086958017177975,-0.0230149764990788,0.0014563830548044443,-0.014840612449799173,0.007900226302518298,0.00039082477893215284,-0.025500986714225404,-0.011292390162371824,-0.004872046101040639,0.003696942389608271,-0.058823536911562724,-0.0112335934037473,-0.007379932097431041,-0.01146455092459353,0.0016052691812915576,0.004680944650601981,0.003953466381510173,0.008169300771399657,-0.006062896972815812,-0.0036133661206629863,-0.009497211168538744,-0.01765317489861884,0.017098807922829806,0.0306905681185341,-0.039523479679963947,-0.004521569363998723,-0.007534952509672843,-0.020594842887434073,0.015579077077941372,-0.004099072021983563,0.014227819531444696,0.0013435148566058874,-0.02759516251286176,-0.009906622661045805,-0.027874438669591717,-0.010387814663610606,-0.005113253941588791,-0.016088858029182918,-0.005561410840775993,-0.009939048764929792,-0.007621987469811575,-0.03185249325821948,-0.09282692017504146,-0.004465410304913209,-0.012816035485857857,-0.011556983600979898
2023-03-24,0.011600972482291416,0.012089839744830355,0.006242220887157535,-0.0033278122303125324,-0.02480506281442607,0.028255470827467155,-0.002380893452094579,0.02404992179191101,0.040455082300527634,-0.04272728570602302,0.003482085592064088,0.0018319732138560862,0.06818178485885196,-0.04935059694641852,0.005278993823537803,0.011139908630220186,0.019439275915355214,0.03256287381841627,0.0343385370335576,0.011519797330264314,0.01722627230940499,0.00013274777049798736,0.001243997138744346,-0.002677357083930021,0.00657137561508736,-0.01544400122725742,0.006616345218025899,0.06782609137935913,0.02279684946743732,-0.027806968950203625,0.021361268186537608,0.029990599113038252,0.007387872773360948,-0.005241775264373638,0.06785717628158316,0.03298011936492351,0.03516662722862751,0.006194689074604964,0.002062715431422113,0.016505542059580325,0.031214909212777586,0.0029610164063498257,0.019584072927757434,0.017802270833655376,0.06818182126057049,0.012807348090447146,0.046468593874438247,0.010849142215379137,0.017093791188678154,-0.015671378982286988,0.017776776605742617,0.023756884626187302,0.008387389422133795,0.019038988506884014,0.003384172297809851,-0.008456651520450165,0.013015171592587471,-0.0024814462434759044,0.008737466938048,-0.0028617134280448653,0.00128937862483669,0.010903299456876736,0.015754678143360845,0.006859844798258852,0.021149718113502525,0.0069319666845231165,0.03009820793397311,0.0281293173150996,0.002867303561171708,0.013979648040621129,0.008223416003721562,0.019140465523794337,0.002997480426275345,0.010038825137514085,0.025345759512590993,-0.0008659548525279392,0.04186042333822804,0.0034300065483956477,0.01117923151306588,0.020785932444711053
2023-03-27,0.06192659923358268,0.023890761654579373,0.019851096660329803,0.04173619878398882,-0.028343047735141402,0.01792121556218751,-0.002386689438011569,0.03508260439511934,0.07047398659061987,0.007597270114654053,0.009463793773798024,0.021421100338898214,0.02127660590285041,0.054644705817435524,0.018754750734184977,0.014873414487410752,0.0027501593174408256,0.009703499619624134,-0.0019153873712978164,-0.0020706914614693206,0.012800935642533373,0.0054371833417858895,0.04347810429092225,0.0027897609812401747,0.010491824999818489,-0.01372543061434861,0.05070416790108445,0.1650379476431767,-0.014144866618614582,0.0006315951788120611,0.026586317771729817,0.03548683816606424,0.009923090923846578,0.007611329069161288,-0.0029262285641479258,-0.009122126924544172,0.023499313744270944,0.008674785646364258,-0.004116938789672675,0.005668681086769434,0.011963071735508146,0.001265452892043717,0.0022336293098510485,-0.00241248542598127,-0.03191486326155479,0.0014276439786666817,0.015985778229610892,0.008882461756663629,-0.01890751857705042,0.0,0.022772489977405996,-0.026623406339017497,0.037051021322065836,0.006227815829534578,0.00955582688008394,0.011727042146608913,0.010706576676843271,0.02363178871701277,0.0005589384887925153,0.05004059515520298,0.01487835187433073,0.021571787150696187,0.003061079853141413,0.004996100990747321,-0.005335487978349485,0.005996012993182864,0.003100576156970458,-0.002570913367015648,0.03745537725587478,0.01073375210009564,0.00926871444358035,-0.013432638903666527,0.01199891703626843,-0.017313396563064187,-0.017977736068038763,0.03812817842727623,0.011160756812943928,0.010255046073279095,-0.0007130766640677244,0.005727082570911257
2023-03-28,-0.019438477400288035,0.043333371480305916,-0.004257888841256774,0.012820389519900388,-0.09573670485619956,0.0,0.011961768609626056,0.02268900675863894,0.03972751545120112,0.0,0.0021875707998637584,-0.01969300954259734,0.015931386871550712,0.018134858717653968,-0.01620040726357652,-0.01809297212580585,0.0010970466738444706,0.0037128308483662664,0.014285827667446238,0.0040200388348423655,0.01836611100772667,0.008529292461634475,-0.003571572657065092,-0.010288129292911119,0.0,0.03180911346685722,0.01876690429182104,-0.010717593292105199,-0.021304294106661237,-0.07321914007987818,-0.02140880357338093,0.028998235534926975,0.006694159747590467,-0.009878013836888022,-0.010901576261487245,-0.009205849317962755,0.008984292814907757,0.0023582406550171076,0.0020669790209451033,-0.014044150629776708,0.010567838482510084,-0.007582196908550332,-0.0003344142362200486,0.010278002390297525,-0.0054945655957939765,0.0020367100377218783,0.00728425184344661,0.011738712421925479,0.011777573222188753,0.0051635171345993935,-0.033181990621336754,-0.00942530813375908,0.006562169273538698,-0.007957572877874464,-0.0050110384090757965,-0.005268724124423474,-0.016949137131806236,0.01822607297057388,-0.01731399906714215,-0.013369735030485552,0.01268662526893194,0.0022623790476483663,-0.017090539234070667,0.006477909156129558,0.007264668380710049,-0.0040838313843148955,0.005825749165689231,0.009204845905572911,-0.009370200175779275,0.015858662628979614,0.004224617049714219,0.0064297602161782486,0.006611192098103125,0.0,-0.019069347408455894,0.01252102712968095,0.015452470547938413,-0.0031233455909365215,-0.012134391114803078,-0.0056944698717581455
2023-03-29,0.02422910450191007,0.006389770030435393,0.021380479913126527,0.009493853602142721,0.07113313861233994,0.0,-0.16548464409629948,0.04601480094248411,0.010917072394709626,0.003770088279935635,-0.0037419076771801896,0.007044002874209587,-0.06513871704920049,0.007633585428801659,-0.02544900413639206,0.06799317674703476,-0.002374278348196257,-0.0034816550144062264,-0.007988281091959037,-0.0021956976987215215,-0.022301246960328758,0.0044029694833278565,0.014337020302816361,0.03903474140136298,0.009690541232444616,0.017341069671604314,0.02017529261497919,-0.020254371853391295,-0.013771607831178034,0.027923691950016316,-0.0031757287262990097,0.0034158805911803647,0.04850888648531648,-0.008216037352515526,-0.012717252362550946,-0.010452945186270046,-0.013480138004668962,0.0035980993269864037,-0.004537990645194445,0.0106589741864751,0.011166055241443873,0.010186806237893586,0.006910897148283857,0.032316035015772515,0.011049779429876505,-0.009146321461022122,0.028348422565194653,0.021392430047388222,0.00052902833006363,0.0017122890630434373,0.013079912062808008,0.00373133098144085,-0.028250658073258772,-0.008021403783061043,-0.0011192197439499063,0.003178038980833353,0.012122865729743193,-0.009546530144813992,-0.012503597044179804,0.026800521339934935,0.007099122354698784,-0.025583150748892836,0.014282903518324952,0.014818224096059263,0.010692794727924948,0.007757917790085056,-0.008983437033527775,-0.002189004257973526,0.021699554290736334,-0.006876297878017579,-0.009145032484984106,0.0,0.003240194422823528,-0.004893762841787774,0.0023329228579853645,0.01648805820904875,0.006521784876155623,-0.007832878408265298,-0.01047684759427081,-0.00572694392245221
2023-03-30,-0.05806451083635489,0.017460262436026275,-0.015550253562161998,-0.006269748046711099,-0.05637062185236841,-0.0023474714423807885,0.005665717022269368,-0.023042610239910388,-0.010799176997623228,0.0,-0.0006260264149767769,-0.006217561483336187,-0.03741934991651963,0.002525272183786953,0.015361050629183692,0.03485149310030056,-0.004027762182559624,0.016147491089969268,-0.008688214744329237,-0.01618091658234211,0.004958585247787806,-0.00243940501740858,0.011189753166516825,-0.0040325074276678086,0.005941844269261587,0.011363625074878314,-0.019776299976119294,0.021153872605612634,-0.002702813927716652,-0.021864643234170145,-0.02371681685996263,-0.02553193112637131,0.005353305100963546,-0.030769267146338763,-0.025332702796088458,-0.04812221464092703,0.0007522275355831276,0.0030335964852061803,-0.02652301855589878,0.006519657576983473,0.006485668786285537,-0.016386580296422815,0.0008857308145222564,0.21159418078436376,0.021857902139337693,0.0020512336011750953,0.020253040573080527,0.020589249833217194,-0.049180393348673634,0.00427349894082818,0.009048750605623157,-0.03754630687755678,-0.005218016774004464,-0.02875109537591347,0.020728231035158196,-0.011615692423425306,-0.0002661251427845679,0.01084339162887682,-0.029927956449472992,-0.00234613385934479,-0.0019350279388656855,0.0030888449156145636,-0.0006124010368757649,0.0008849355404101367,0.0019500477255429693,0.00021991249311881234,-0.023370111614964495,-0.022851977747356034,0.0006809321060754492,0.0031812534073212273,-0.01790497479844355,0.008267599631417655,-0.008510589490623555,-0.016393506424549842,0.008533578091072913,0.004866183545165992,0.008639300402664807,-0.011052583393297732,-0.008397395213549763,-0.026879955600054628
2023-03-31,-0.018264822286715,-0.006240243807365542,0.007290452363791333,0.0047318977520141026,0.08837969722636085,0.01176475076114425,0.04225354855837682,0.023586095444315003,0.0032750800732455065,-0.004694933755391206,-0.005011021102872548,0.03180399377715082,0.02144770061581025,-0.002518911247280764,-0.006807874909788736,0.01517180377959959,0.010661651535205596,0.02720139856542847,0.008550605307697579,0.028552278179482693,0.00453957919126613,0.014759865823154028,0.03203252706571491,0.026650329731241262,0.021353809750761954,0.03183521937008926,-0.03684229172254894,-0.0037664747913432883,0.004065151397878886,0.031062522794422787,0.00978971930785244,0.048034951956052785,-0.010606556917958865,0.01831501783198175,-0.0008811733318649928,0.027127140558833363,0.006764385608685863,0.01938426591169473,0.0,0.028957831862481465,0.007662891307343989,0.010679187714651928,0.008129149143318859,-0.04114826405261951,0.03208553081633436,0.0020470346549081864,0.03611827644326859,0.0038261255112146397,-0.01001109821017998,0.0,0.016404199721431922,-0.0013518091161714985,0.008617442399180053,0.024051735903331206,0.04939635344658022,0.0032052016822570195,0.005324732186628767,0.005959384387908884,-0.0014831699208968097,0.015109790857852579,0.013710140254040715,0.033872356764167444,-0.013069222258089042,0.00014731944234736005,0.0010350969272869825,0.00780656116207723,0.019757141128571076,0.017212523444252392,0.0,0.009467052854702285,0.013250670314296942,0.03801692909988219,0.019764859365585474,-0.012000013566043743,0.009230877913323443,0.006456824633104485,0.010706576676843271,0.007982948974010862,-0.0051543454986536785,0.009536400723430427
2023-04-03,0.09302316297384028,-0.040816288338419326,0.021712944029440795,0.025117932522303876,-0.18646620002594283,-0.0069767926692168025,0.021621600722988132,0.014401756259115439,0.04787818869946725,-0.003773360202332321,-0.012905168149076607,0.03916117143391351,0.03149609600521841,0.0,-0.00456975071897614,0.00197088841440185,0.0030920314154627704,-0.003977441796490178,-0.006358494581894192,-0.009082753370762031,0.015194131674962197,0.004174273707017839,-0.013543887654716702,0.0018969129898662729,-0.005338087534627611,0.0326678440765058,0.03460835466096279,-0.008979231352917783,0.0049481879255586225,0.05790714174536449,0.0,0.0,-0.003933748572857554,-0.0029976018408289784,0.006172868573158574,0.007202825176431116,0.006221226613324582,0.019824554939294803,0.015325670498084198,-0.007961423881531204,-0.008123047941044459,0.0038038750554278966,0.0010971032783395618,-0.00798411913428454,-0.01036268469951196,0.000817101776807494,-0.012240907686869695,0.0363825105817801,-0.007865510646903662,-0.008510627723095854,-0.008607695813228067,0.03190851015467655,0.015973265377307477,0.0009033630675265858,-0.00836829224570046,0.020234246372356157,-0.005296529585069876,-0.040284267276958,0.039512805835958176,0.000926816359224425,-0.002185944498431125,-0.001489335570496464,0.011586949283451053,0.010903224792077948,0.01112735481036542,0.003163793089097311,-0.010108181978546238,-0.010115993479195007,0.0,0.0037420916116974734,0.01604529427647594,0.0027529915028725593,0.004359855749035191,0.013495315933150343,0.017530586981361562,0.041699920361643494,0.0466102281372931,0.0029039231058562986,-0.0007402275548776815,0.00032548054157244266
2023-04-04,-0.06808504421498096,-0.026186631874464017,-0.009445091048871701,-0.001531510689834703,-0.09704244608831347,-0.0011709869937359674,-0.013227500712890472,-0.03278266398397156,-0.0643821264995984,-0.003787938369141708,0.0,0.0009724556234229631,-0.020356275003996394,-0.017676782691553816,-0.04743695703505835,-0.0680216605001216,-0.003082500227919782,-0.0034679341576729916,-0.03242333106198192,-0.03162924290948754,0.009612248951369251,0.0037710225036005074,-0.0434784846548375,0.009965122224270706,0.0008944994593573785,-0.01933218495750577,-0.023767482116180627,0.014306206687290102,-0.004028870768403525,-0.02892123887298914,-0.029084361035819684,-0.015000025431315067,-0.012910521031911149,-0.019476557096515523,-0.039000904186166196,-0.02264596545054043,-0.007666659150796673,-0.02763810996888627,-0.041509518807684276,-0.007838782554858925,0.019341428599926047,-0.011368381264371452,-0.003561586434007724,0.0,-0.01047119438535471,0.016534227956386927,-0.05091571263143169,-0.022066216543345174,-0.027745955175400683,0.0,-0.024202316739275864,-0.00674652732449077,-0.033272388838014644,-0.019855619904663557,-0.012130778129872732,-0.018789176055248658,-0.001064987062428302,0.007407341125519329,-0.035724454009359086,-0.01325082135263067,-0.030667967943717178,-0.017897108007938756,-0.04888522382616023,-0.01049409165028703,0.012641162232879699,0.10451333256444739,-0.004619786932616554,-0.01709395550514914,-0.0006804687530542752,-0.013669658659861028,-0.031857767806969806,0.011577829788441907,-0.01175045885576742,-0.006324930645988158,-0.017228560208070398,-0.010007570470164873,0.0,-0.06343773995614554,0.001851862192107312,-0.019537519612229493
2023-04-05,-0.01598177393433975,0.010084104460519328,0.008939190249834139,-0.03067497449209544,-0.004094259329901817,0.015240342146603636,-0.04825739030476284,-0.0010675450820439858,-0.03662596174506516,0.004752759293176867,-0.00414536151203837,-0.01627394216040301,0.01298706285023532,0.0,-0.03293148765982967,-0.026028772603049588,0.017396177045285954,0.02604677997284921,-0.008156846903226489,-0.012398168247220509,-0.04805116770738649,0.007812741710059523,-0.007177024910654195,-0.009274739281340372,0.00290432948408359,-0.021505356128998288,0.0,0.0028208493018853087,0.008539736578027979,-0.013064100836116088,-0.008875801417927431,0.015228452607710441,-0.006968456540089818,0.0012415429202612405,0.017327981621384048,-0.003658508200864996,0.002616811021466159,-0.009384071841783026,-0.024059425844410676,-0.006772020530189771,0.025469968856503655,0.004684793254047248,0.009843150779976328,0.04225353058593884,-0.010582000570312333,0.0164657440605267,-0.031223486197838435,-0.007179565885193084,-0.02154927152107622,-0.008583680230027646,-0.017239453593290266,0.007735725735869892,0.0022692687114396204,-0.03775320997915699,0.015483231319540991,-0.00851063052687262,0.02025581855705827,-0.012254832066831978,-0.002964041670319162,0.013018079658311033,-0.032768389447530466,0.003796501179113898,0.026881637028802308,0.010310758667147368,0.023592925343847826,0.001969324364362368,-0.0006105880365827598,-0.016068194981048833,0.008168999110346853,0.0020064788677223167,-0.010842799407987935,-0.008849605757805357,0.0050271653394138305,-0.00402003405855289,0.011433060208692059,0.0023326788605284587,-0.02024289544013369,-0.01714447945359987,-0.008502866477887783,-0.0033210436242460117
2023-04-06,0.03248256806131389,0.019966702327631758,0.02657996736439805,-0.01107581690657522,0.008222084393026075,0.005773694181969935,-0.022535190079046807,0.02404492435321881,0.03801842305342773,-0.003784260034493947,-0.007684975722475285,-0.00913577609592009,0.0756410433539112,0.035989748343703054,-0.0008308271710043558,0.005958822388587137,-0.0016199109237511333,-0.0007194957178934258,0.00022216668838503928,0.01160892659434376,-0.019130052938953535,0.0028382600849696793,-0.028915567602495917,0.05064235533328176,-0.002227649841989532,0.005494456549742566,-0.013525717500488366,0.07360523677636444,-0.00044570732560422766,-0.06794410584186628,0.02052243134576681,0.013333320617675781,-2.193291530716568e-05,0.004339648078500735,-0.013895260401388887,0.019583827444066282,-0.011061389507524777,0.013042306738397569,0.015239762774162946,-0.004545414152223648,0.01800299317012999,-0.0029673768672638934,0.0039206431072094095,-0.017374455353910245,-0.01604276540816718,0.007902114175066366,-0.03955450356077517,-0.01825067666406799,-0.053571554234084995,-0.01125543494954595,-0.018673582338175843,0.02864636133908882,-0.013962295820128201,0.019138738078044115,-0.008937963838195118,0.003218957899984609,0.015674041482542034,0.0,0.013079827660610555,0.0012157266916510423,0.00014580836796618257,-0.0022693767134893683,0.009424331530675456,0.005102824433151021,-0.0001973077187660266,0.019948886956382195,0.007943468176301538,0.01690691224533669,-0.0006755287733143378,0.0015367371491383786,-0.004765884421139455,0.030833243545401956,0.010177786477035156,0.009081674035093412,0.0015069941305887458,-0.0038788418642927702,-0.01652890933552542,-0.009436712025600924,0.0014914952216174004,0.005997928158744781
2023-04-10,0.06741577608840488,-0.03262647346957448,-0.00690442679396952,0.03199991258814583,0.04485214694827633,0.00918483620616306,0.005763683216603255,-0.034698715562730076,0.04994448366634319,0.0009497065651453696,-0.008067100396543236,-0.019686042723657704,0.014302727133328919,0.05707210258457551,-0.008312353817794493,0.014539689344160944,-0.001983120364665747,0.012136383586367261,0.005555471479541163,0.006138127521897241,0.027852009972193725,-0.00827939104963038,0.01736976644097532,-0.02630457797650343,-0.005804855458256153,-0.010928951781599139,0.01736760036825924,0.027947655356255652,0.04681214853814142,0.05819837864951616,0.014625214367502526,-0.02878284804172071,-0.0038076237718163153,-0.003086449026563187,0.0018184215960308503,0.007202825176431116,0.007666213556505097,0.01639810557509036,0.011037577884855487,-0.003995488844805051,-0.00392979612004174,0.01955786820729344,-0.00629204430943997,0.023575615316646203,-0.005434777327093299,0.002547884496658215,0.033251784964795306,0.0112242522821846,-0.010691813680625106,-0.049474531817178535,0.003344470128723298,0.0010921342397549605,0.013394580662491551,-0.014084471727988102,0.031299742209442316,0.01925126675483302,-0.0010288301036119885,-0.014888381656182004,0.02992945092730559,0.018269875354312015,0.017375200809642388,0.012130490497196167,-0.008298933318031443,-0.004206615646492051,-0.009553207957637588,0.031698630759286806,0.01151774383732862,-0.00018891077804483736,0.026351553989867105,0.013298601313894043,0.02078338646188893,0.026446723681287088,0.0043919666867136,-0.006666509338242754,0.010581987472857435,0.013239839134385978,0.004201676463198689,0.013856799962293609,0.005212225049691099,0.006293507291893041
2023-04-11,0.03157896744577515,-0.01686339081405752,0.01680179631130274,0.009302397210499969,0.03414637867997339,0.0011376824715854106,-0.002865326772473087,-0.007026981663059595,-0.00739954487758443,-0.011385188185643047,-0.006180906881302128,0.01347226174990257,0.025851857513216503,0.025821394537643316,-0.014250017955381722,0.01840036602646755,0.0077674436380712475,0.007214537179839997,0.015027824405477785,0.009284161771856203,0.0,0.008817164226427643,-0.0097560844777973,-0.012801814892708707,0.0074109109433726506,0.003683237856129562,0.046720606803157594,-0.02676300100310003,0.02044291403962739,-0.017550382512467766,0.003963985958614913,0.018628222314799325,0.0005554315012381572,-0.006810946034907284,-0.034029210453797254,-0.007151315501095268,0.0036168734649981715,0.015599864184619783,-0.003493430179246193,-0.001337147982130693,-0.005096337947215868,0.02335276721265167,-0.00152832614399534,-0.0023991956187360275,0.07650272262936864,-0.000977399899632081,0.03483913145907258,0.011099455064528696,0.004450185212132141,0.003224262540310052,-0.001264374831627113,-0.006363558924360357,0.010196392085770833,0.015238080705915147,-0.027777824109690652,0.03147955919630774,0.0041194605248076055,0.017632224871117375,0.01196573082625263,0.0075517592733524985,0.019517524825096277,0.005992665721952006,-0.031171541568508543,0.005243988825508472,0.002112462800669901,-0.007190925096133394,0.0,-0.00982617243197692,-0.012508063176356776,0.02280651867426431,-0.0018766902215975323,-0.0129388180711687,0.011917463529242722,-0.002013495906749929,0.015706849517842292,-0.0007686854996732384,0.01464428697734843,0.007687940375150193,0.006666595318904234,-0.010533477242348877
2023-04-12,0.11020407170268331,0.017152642528509565,0.0,0.03840253881467226,0.018867905855434186,0.017045410827172702,0.022988483697581552,-0.010887357310964574,-0.046858415119281904,0.01631467468614023,0.006219348092725729,-0.026084703503675644,-0.003436395709535911,-0.006864986778831961,-0.025510078695308747,-0.008165349220732088,-0.007707575479944606,-0.0096852504386723,-0.00827351397100029,-0.028121096048892902,0.03302251144207591,0.0015199858078782658,-0.025862064720257538,0.00039446690014166563,-0.0026751231249908525,-0.055045820990249905,0.06094407381030398,-0.03186379515924742,0.02253754519548523,0.032766473520597694,-0.006819832372402024,-0.03325017684198073,0.008173090138896777,-0.00997508872082098,-0.003757663539785794,-0.03001203954566345,0.01640362464024192,-0.011027850459607969,-0.007449674505151438,0.0036343237536855533,-0.005948372776489852,0.002037536885847846,-0.0019681291877291507,0.004809931203341611,-0.04568529546778388,0.006653613747030551,-0.0008561030909803868,0.003430572804642207,0.015189881836844554,0.0022957482538557006,-0.009437194075677224,0.00823402021859776,-0.002616811021466159,-0.010318917284407925,0.0015873379497899354,0.03255337714220197,0.0030768956893529875,-0.009900980750178201,-0.012950189493451947,-0.013975768118829723,0.015061790598016822,0.004467407230505094,-0.00021593185454127362,0.01767869894486096,-0.007676047413599618,0.004891395770885376,-0.017499517747881166,-0.010114344886884341,0.013333355869979302,0.0016151420329943988,-0.0015038933782660635,-0.019719729919608686,-0.00491433428388055,-0.003362573328659635,0.002945490754927782,0.002307739628233829,-0.032989659908917224,0.003673384299442972,-0.0011037281853443215,-0.014969774285672921
2023-04-13,0.04963234891296464,0.033726862039105354,0.023931629319221104,0.023668511651856017,-0.026851847845504095,0.012290571250927806,0.008426958391001493,0.004402857642825664,0.0044692695760304435,-0.01416422219928104,-0.008458007914140309,0.02704092679750536,-0.024137935948381428,-0.00230410957708882,0.004362996222085913,-0.01769125767812796,-0.0007225951367106909,0.002444973452319976,-0.0037321651907016307,0.016630697722259447,-0.001288988782198297,-0.001264765672653656,0.010113703094243087,0.021883791486830617,0.017881033692858095,-0.034951514920882554,0.0064726166131805485,-0.002254334703390981,-0.025306034658587273,0.001202524136270089,0.002891215160298888,0.03439377597542714,0.012865172376564704,0.015113289703403199,0.060348829869001586,0.00495045675484973,0.015160751312989884,0.009956168622435202,-0.00882988362679027,0.007623360050996508,-0.009142263239440673,-0.007726717848198228,0.009969220909249454,-0.03255147558849336,0.01063828775385156,0.010108887783515819,0.007439255596031646,0.006837688421339472,-0.013092464150351368,0.0018322982612661853,0.014987810985410466,0.0078039860669423256,-0.001874105840976359,0.031279613055918754,0.024828278171024953,-0.0029556388274559753,0.041922275931141506,0.0025000572204589844,0.008556575678163147,0.01263061357229911,-0.007211068628312667,0.009636693485035597,0.030237522924345228,0.0038444230503613674,0.007775525220765189,0.013666564255812252,0.006831426076968183,0.011952712849310654,0.00013143905414580992,8.970104369554477e-05,0.016945971751715305,0.01046519377354338,0.0,-0.0016869591883029722,-0.0022027249393161696,0.0061396823980843784,-0.03411510564179687,0.015484212555530341,-0.004419868112721215,0.002701757231262425
2023-04-14,0.04553410688400872,0.02610111654568903,-0.015581457428815448,0.013005880173411644,-0.03425314962051751,0.0011036727090949494,-0.033426152765479555,-0.02328762942797513,-0.031145688553934847,-0.0009578936599183852,-0.004593187332407878,0.00952851663090315,-0.03886925001207542,0.011547378031436129,-0.028670724362996447,-0.012838851907377102,-0.009761331033312226,0.0007114526263791721,-0.004627828415121882,-0.0003990464424871165,-0.009099077841345782,0.0023638901171145754,-0.003754719830463382,-0.016447227280150467,-0.005489678220307659,-0.012072423604111981,0.023311786355443953,-0.008585568635981922,-0.005443951951266457,0.008407206232152298,-0.027027027027026973,-0.007481309608114328,-0.0025447982379812606,-0.041563202754230644,-0.07069809218381118,-0.02216745450621771,-0.002408731195742919,-0.006046396363053486,0.0031179997786248137,-0.005863392563959291,-0.017111409975070213,-0.007377104803796941,-0.004718272278108282,-0.0029688010222860273,-0.026315764707210976,-0.0032718369175619433,-0.015620465973712472,-0.010186877934705407,-0.001263251940206489,-0.0009145069209528511,-0.0050366578379745786,-0.01080500930995465,-0.017649242514694907,-0.020220612565693297,-0.009793842154313004,-0.01976282722596967,0.020117849442802482,-0.0024938225214576892,-0.015837032679097196,0.007619692696763103,0.015784328681183846,-0.0051394045472813454,-0.00083847163290518,-0.0035460944479535073,-0.0057270460496187114,-0.018191903260208142,-0.011874121562261197,-0.01809856926055664,0.012892899143345682,0.01424273478044058,-0.016478613571474843,-0.016685929796890986,-0.016475708292273294,0.010476620357419586,-0.028697500509662355,0.0022883763241487998,-0.121412840013562,0.018020558119721253,-0.0029596600488887015,-0.024250736989033794
2023-04-17,-0.2445560490150277,-0.01271858890162647,0.02204631870403806,-0.01283889899156887,0.0,-0.006615156335299743,0.03746394090792138,0.009817628587393656,0.00803670430742165,0.0,0.0013184933336136684,0.03949329902821863,-0.044117605809933624,-0.002283178156505694,0.037567097680029526,0.012283216402348751,0.00784968377556372,-0.0016250324290166818,0.005977595231783095,0.002394823018443848,0.0035819329605126793,0.002147674445142078,0.010050238634455644,0.00975875593876463,-0.003974458613763443,0.0285133090984806,0.015710910502135134,0.059708269555821536,-0.010526272165417794,0.011727005024898096,0.012962977091471428,0.0,0.0073482762345578045,0.029126070773339396,0.017224786841760542,0.027707875485422973,0.004949849374035864,-0.0037027213611587895,0.01687383928163877,0.006088274095571666,0.008875347944695022,0.007431930937215281,0.005122440694583785,-0.012406948125700978,0.0,0.012936815672423663,-0.008944064610237668,0.0,-0.020240435006399715,-0.011441633071534785,0.0058674669631175735,-0.010376791360991011,0.013379219553181665,-0.005628467804992376,-0.02082246942185395,-0.01713710433331528,0.032707954203084366,0.0,0.014367801261703894,-0.0032488859744996823,0.007426000582933856,-0.016236196455258756,0.0,0.009964376312503465,-0.007719954511572702,0.005737402295922456,0.014346863762952689,0.027357321048058658,-0.013508159967929423,0.007948821030777209,0.01082457745092702,0.016851944991939094,0.013029240669371278,-0.009364653198172035,0.003787993378945975,-0.0030440523212730275,-0.042713586803831194,0.017973851456192014,-0.006679196926913655,0.025888955575912753
2023-04-18,0.019955581193628058,-0.022544261775458985,-0.014380543693527925,-0.04335253518120841,0.009852254702272356,0.017758029228370553,-0.008333325606805109,-0.008055580986870647,0.03644654421763249,-0.01629913007153838,0.0,-0.008363165755848834,-0.0051282001121667475,-0.006864986778831961,-0.03965529791376099,0.019807308064223372,-0.001630332006747115,-0.0018307569507348687,-0.012763924963011597,0.005309239959503609,0.001622396937094317,0.001849005191514097,0.017413162347656996,-0.020591546878517608,-0.004211987917822846,-0.031683231327954586,-0.04253664776368693,0.01720428466796875,-0.008935948066748911,0.0493525369351242,-0.0168190488265203,-0.02763818553630648,-0.004545563409144804,-0.03836467313440761,-0.026340208616692284,-0.03431379991462191,0.010571899392077366,0.0035836905288268994,-0.004366920271871466,-0.0037821626115670526,-0.006259493369793034,0.0020492275743093646,0.0020600352347948103,0.017085435130927973,0.021621600722988132,-0.0022875685540462154,-0.025618315110670697,0.012006760478427303,-0.01872160920471111,0.002314811842033082,0.0029737884093066214,0.014164913333822193,-0.04187101474040167,0.003773581171086837,-0.021796909040558976,0.03589747502253604,-0.029576164377744574,0.0,-0.008215323731342372,-0.012081896689657756,-0.002457087196689689,-0.02250566758179451,0.0,0.018322760675866023,-0.007981673269128686,-0.004301871160196646,-0.026474818563257285,-0.019263373366443348,-0.012508063176356776,-0.008587141964078726,-0.020765294546543966,0.011739080652486411,0.026235866869895652,-0.008440133874234701,-0.004528391634814888,0.0,-0.06561679888572791,-0.014713729838004008,-0.006350303639267474,-0.024226112336821926
2023-04-19,0.06956525615122544,-0.004942373799000865,-0.027497181790664293,-0.04229618583671613,0.009756134777534342,0.0010905374916723165,-0.0028011178292021155,-0.015121840643287698,-0.020879178691521116,0.04191028414227582,-0.0016459809135597192,-0.06674699898225711,0.01159789601754957,0.006912440592106162,-0.012567330982751534,-0.0104987694170251,-0.01614645566348949,0.002038035516587433,0.00668742648220122,-0.012278773990553105,0.02494319754612162,-0.0023488520387091594,-0.009780058967301719,0.003123939547441834,-0.05520919046057671,-0.042944794249636264,-0.0597739464140713,-0.006342478687092479,0.0038642070400087825,-0.05229547212926389,0.03793233473096813,0.031869069466017086,-0.012068291381326923,0.03270106870689271,0.0019321438494137588,0.045685209805668814,-0.007608171288064347,0.014019360108854517,-0.02324559706306384,-0.003606655763255917,0.0051072996836052376,-0.017995981401457306,-0.0005951834503148401,0.018774756542116355,0.026455064499479652,0.0007643632216474128,-0.011054848231230041,0.03593225085917773,-0.02960526007821207,-0.004157065527814807,0.020526869341983556,0.015055217647223618,0.03464571186344578,0.005639047369019767,-0.12391297970466986,0.007920784226189692,-0.026637793242849872,-0.002499997615814209,0.03227635566020215,0.0031283857446402497,-0.0023263365580579176,0.006907096238328414,-0.0033572199472036157,-0.001660861904707489,0.00048773647185784696,-0.01577909538756639,0.017633198237501757,0.012901890336610933,0.011866558265399396,0.0045075464906820795,-0.000760707682345263,0.012285109355261392,-0.013157314843184498,-0.004085734089735338,0.002274456509409495,-0.0007634043469502139,0.06460674796918942,0.012489792603941341,0.013909727323593524,0.019655123965886645
2023-04-20,0.008130073421291018,-0.006622510282393357,-0.047893821544146786,0.0,0.018357446703429092,-0.0250545194188031,-0.005617972260667625,-0.03611022772778527,-0.02244666809093454,-0.021515376668823194,-0.013188109211385801,-0.018848426306853905,-0.030573219622146985,-0.006864986778831961,-0.0009090692719440074,-0.012378482914972011,0.0027660402599736233,0.0008137900652427366,0.0019927226051454916,-0.004277565557577856,0.017572812000501425,0.01530388127968818,0.001234411954567749,0.0027681539799604415,0.006126467404917069,0.012820501064172207,0.019759406169134852,0.012765924981299914,-0.006415841891963092,-0.016481579288785797,-0.016839817840345606,-0.005843046535805807,0.010036714973984395,-0.021532547533157476,0.021214885139319906,0.006068117904808101,-0.00431241729605969,-0.0481282916889082,-0.029187199884274317,0.00781100846449978,0.0028793492713410362,0.014993616776432628,0.0033025448510521915,0.01794369140765384,-0.010309329662834377,0.018327670751470126,-0.008157316414696303,-0.015379519726203994,0.004745635214164379,-0.000927588442727445,0.0059224358101732655,-0.01840603661246265,-0.0022831572193035,-0.006542027670281447,-0.019230794260395423,0.012770148383475233,0.0032050603800908295,0.007518789804026538,0.017709224485773722,-0.004026052903730926,-0.00452616999646549,0.022103826096481427,-0.0008420020436100684,0.000831923712628857,-0.011169332234286289,-0.010878894738892142,0.002806577823152301,-0.0203420316931332,-0.012386433288075871,0.004751207527037726,0.00647120043409477,0.015956928328786812,-0.02329020569986473,0.0,-0.004538434088037446,-0.005347732565002095,-0.03430075919018705,0.013408420158868894,0.012235778799168484,-0.02096716648071073
2023-04-21,0.0,0.02833334604899096,-0.0012121489553740261,-0.0063089793991465415,0.013282765069208002,-0.02905030552209409,-0.01694913656104502,0.010914422278191172,-0.020665936209809277,-0.024856749477264795,-0.012028154424684412,0.0100000281082957,0.021024946728643412,-0.05299530329892155,0.0009098964308298374,-0.023455743148168784,-0.01305635769177993,0.006198379944797328,-0.008397753407462627,0.006175312450052539,-0.0029818602654625437,-0.0009524518426322626,-0.006165128255634977,0.03164743246391222,-0.049414656833190684,-0.018987274281977773,-0.01769160858035579,0.034873947492132906,-0.014205865213002156,-0.006388231900473218,-0.002915449057909525,0.0041981688812302576,0.0021355510261766852,-0.00906157315755507,-0.0316334046482164,-0.02171307415223478,0.002406122974417446,-0.004795830661555089,-0.011563232658403533,0.0032135758798068625,0.0010133664534974773,0.08329907473123166,0.00043159429125361193,-0.029537824613884545,-0.02083331393077925,-0.002249647563946078,-0.0021320272671360163,-0.014290477365949017,-0.020917636547570617,0.0004642248309516539,0.006220833980893348,-0.023848402107305322,-0.034324929141850924,0.011288794380732048,-0.006325134649942776,-0.01551899074436447,0.007372894123444107,0.02487559828533148,-0.010603900678677447,-0.01668195637116132,0.00785356027487527,0.0007457409762490208,-0.003160581072365498,-0.007064751198279207,0.0016430544963617066,-0.008876007288003862,-0.002311899994781652,-0.02154116767214098,0.012008208362232375,-0.016638137712321033,-0.0017964776809922256,-0.023337953873447614,-0.013823431890968796,0.0030767812622811697,-0.0045592821945399375,0.012288887243705249,-0.13387978088681673,-0.018258862786180496,-0.0007324822273350184,-0.007253911825921167
2023-04-24,-0.012096762564130281,0.03727715011822785,0.0024272400872844546,0.019047434474453784,-0.02996260668114914,0.0034523231408700727,0.011494241848790887,-0.02130141617990411,0.011723374513505913,0.009804127666247942,-0.0010145139996354802,-0.05966651515884913,0.007722000376682914,0.0,0.029090937940438266,-0.003666893983338748,-0.003353835107283598,0.009493098504611552,-0.024292342974081227,-0.005336763407408629,-0.008411178572326872,-0.004145091185933314,0.0,-0.02145453707642242,0.009115789514061001,-0.010752728969764092,0.003430452349729274,0.02436055224985445,-0.021397327455572435,-0.081345519605862,-0.0021930326006028844,-0.015050192692446673,-0.004153458926456799,0.0006532437038089256,0.0014627975013836725,-0.009864289636550505,-0.011401787706693867,-0.01803659390547574,0.007019027364027375,0.011871133818315727,0.005230328413596164,0.0,0.00048537923659908166,0.042709813256812224,0.01595743163077734,-0.004509711354755641,0.007325980187219194,0.017869240344078552,0.0027566456737109224,-0.0023201826282567284,0.02097599229614744,0.018090185351107957,-0.008293802804254513,-0.00186050769894619,0.03564611191959943,-0.011822649267888119,0.013661808628027794,-0.004854364437391179,-0.0038470100745775504,0.0077588321280530614,0.008475607111160466,-0.01639347581567485,-0.037624227508272434,0.01157923827622831,0.0024193405249095523,-0.010318360297383755,0.005732331557466219,-0.017254922157544983,0.03361878513365779,0.007791908306898021,-0.0057781211631502405,-0.006228773087484041,-0.012878400133487844,0.0,0.008396836891858772,0.007587258854363732,-0.08201892246236897,0.00754724004070928,-0.016128954264133633,-0.004175315330163687
2023-04-25,-0.05714289884873025,-0.1609375303843985,-0.026029073441925954,-0.014018585146967855,-0.027027002147700374,0.0068806724891106175,-0.02272725117600638,0.0008944179629699622,-0.041714907520666755,0.03883488028901838,-0.038930330165155125,-0.021335562607595504,-0.01277138002643008,0.004865981456470436,0.005300427298141619,-0.045856524990699365,0.022060212664566814,0.019307662648317958,-0.04111477581035694,-0.017706080596899154,0.002199222779824206,-0.002788578682532905,-0.019851028758606115,-0.012891251898034972,-0.030517755190475837,-0.039130398276171485,-0.005982888875932235,-0.04280618086806065,-0.000892382941746428,-0.05385943059482712,-0.04468862078568514,-0.023769078040595915,-0.023888410233898538,-0.04960846983897915,0.006328984729979892,-0.0535492639273093,-0.00012142935409675815,-0.029164289629655782,-0.04507440497879345,0.00949717531261518,-0.005035293227162008,-0.008711991490676252,0.022695490472400826,0.007532949582686577,-0.03664918034874143,-0.0024537164852136417,-0.05151510800068271,-0.029811146796556942,-0.021993066391408855,-0.002325578394849037,-0.02703289161549538,-0.023264201915885185,-0.01433694152134557,0.015843437422786044,-0.0325753332350156,-0.022931161351905205,-0.010589618165781522,-0.014634132725648952,0.013792983493642774,-0.020741325136798827,0.013962306789782275,0.0,0.01251933541400474,0.0011031971805068874,0.0017181215549377793,-0.006884990270964675,-0.052146536206640004,-0.025832330231992717,0.04579075776719432,-0.012900932389767084,-0.019817213002002898,-0.03418812000971361,-0.016507732974521683,0.0020449921389247283,-0.02271005092321121,-0.013554137561980872,-0.13058422791504598,-0.015783845257595686,-0.03614016534021691,-0.05660377789419002
2023-04-26,-0.08008655729962366,-0.06890128369538329,-0.004350509270378056,-0.006319163527045202,0.01884925947377991,-0.007972630632476219,-0.023255860695907793,-0.021149809083320426,-0.022974670319304447,-0.037383111624259224,-0.0021134361224557363,-0.00651187837552647,0.0,-0.03147689468800985,0.010544762605900315,-0.002813885074113065,-0.002377767631246197,-0.021395678665557583,-0.020009356588913785,-0.004233457106528116,0.002758649616424913,-0.007596336515202418,0.005063284091388676,-0.02290373368200216,-0.004784660386446649,0.024886907605358388,-0.01203770128940973,0.03064181295267443,-0.00848588631320002,0.017259889642461168,0.023389594023621507,-0.029565230659816533,-0.01653184895055293,0.0206044438229942,-0.0014513788098693414,-0.007894603123505761,0.0023069747449997458,-0.016897715814437442,0.01070588198222966,0.000922324993635204,-0.019568053734880242,-0.011463391988256966,-0.006167437096463724,0.013084144469005299,-0.005434777327093299,0.006811789270638746,-0.021405871113290287,-0.018095037471788866,-0.0021080887018861683,-0.007925411288960182,0.0208935434299653,-0.022505858387608657,-0.009292910797427445,-0.014678885597399938,0.03684878857306684,0.0,-0.00656775611177407,0.02475245187544539,-0.0019046103903530565,-0.006160519992966851,-0.022727313535477633,0.002272586400482446,0.0,-0.004132706865521474,-0.0247886896504651,-0.013469353212929414,-0.03966219776037283,0.01139428941510845,0.00012214568217583377,-0.0027750116546885195,0.00048600771450058033,0.01746332027469566,-0.015701805749485764,-0.008503507301121482,-0.005422141173089257,-0.004580245735765431,0.08300396858566605,-0.030171258024706438,0.003865341149379642,-0.022963009648558685
2023-04-27,-0.037647022920496376,0.015999984741210893,-0.016229726682425505,-0.012718588923691043,0.012658145566909695,0.004592418103081641,0.029761948265863092,-0.01886789167281555,0.0012376521010224462,-0.0048543722531791955,0.012707399354698445,0.005984584883427679,-0.01811123753430155,-0.032500072366272725,0.0017394831734323102,-0.03003440673252411,0.008067359017871478,-0.035904111350195556,0.011181194930317107,0.021393514717457318,0.01094161917597769,-0.05030065809852102,-0.01889169296947979,-0.007492967569434517,0.01442299026953675,-0.03532015824256152,-0.0008705725791888774,0.020088389403815965,0.002251947049175085,0.03888707648228551,0.04158856053923721,0.009856685650140973,0.0254533187446635,0.0040377230407202536,0.0009689283682909888,0.03183028741477978,0.01732283770212817,0.016012712811457552,0.024554382597007818,0.018798387197127564,0.014624786124102451,-0.0027059300275334985,0.006099471360806241,0.005535006005332743,-0.01639349174618998,0.039654203452225145,0.2115574155253026,0.0027816179433037824,0.0035211091169944364,0.0014097588961015095,0.012954459903602222,0.002686376485859343,0.008564399696255443,-0.0018621512584328093,0.04595588321229305,0.0051020601797675535,0.003917723967049813,0.014492740269210325,0.011995574897178063,0.019953976831466047,0.007797693798040184,-0.004535019059966006,-0.0043383988669608575,0.02199468609644728,0.006448948093245921,0.005822726909956666,0.0648813638303658,0.02539924804051119,-0.003048940425437574,0.01974871353044949,0.01126988639562887,0.0219180944193218,0.011918471859074797,-0.004459502961791428,-0.002336294069604561,0.009202370068893906,0.018248157716151958,0.016255549646766232,0.0069312433335986245,0.014404762239075719
2023-04-28,-0.0024450436451716184,0.08464573063656267,0.010152274434545472,-0.006441273201157727,-0.01346148026765237,-0.0160000392368862,0.005780341244511877,-0.0034119294238447173,-0.006180493175747204,0.01658535761333324,-0.021261765636902186,-0.007648738345586326,-0.01185772737530233,-0.038759619906099885,0.02430526245574982,-0.012884209414079972,-0.012368181573638393,0.009986657605312477,-0.16947099973654567,0.005638971505573798,-0.0048857221939778706,0.025641098985171196,-0.01925558955886353,0.016119178587693295,0.004489978449656817,0.004576654794112178,0.0034846347327057714,-0.006301687721873006,0.0,0.06948675526479886,0.1478417526311464,0.015084216123746552,0.010980031585452021,0.0033511663144385473,-0.005324330409450795,0.09254483741623942,0.009645124151175466,0.0028918923588117096,0.009868390397886895,0.013024624395845175,-0.005935165820578514,-0.00038754400174745296,0.0063260838593601765,-0.002293543064696424,0.005555550404536813,0.005965169056087127,0.09485299613803422,0.013869580599733533,0.007017585638043444,0.008916017919867514,0.027082219005112984,0.018943619041148052,0.019005306486173268,0.004664196780726604,0.0415934976282728,-0.007106664546960184,0.0002438615008097944,0.06428571266381922,-0.0072737159097003845,0.003936019343904196,0.013845550644700166,-0.014426826743818788,0.003945648350478059,0.016107196691615755,-0.002496402862250058,0.004990517894162272,-0.0005002277252812437,-0.0027967145088533263,-0.021406613700712396,0.008817493114496866,0.010087443193740775,-0.017362977154963488,-0.015492710560382927,0.0,0.02029639857757415,0.0006206135061619378,0.04301079771268568,0.01820187197913259,-0.015296372777611533,-0.005231545473376231
2023-05-01,-0.01960782480441492,0.04355712543534107,0.06407038020574674,-0.014586710611342313,0.0155945266903319,0.019744492807512115,-0.011494241848790776,0.015561779750333793,-0.021144288196584093,-0.017274696728872496,-0.06232194684285475,0.019126520325160712,0.034666697184244866,-0.005376320932030443,-0.023728534204225826,-0.015158086989099595,0.006077397899044046,0.0016478929428676015,0.08422566494380956,-0.003471345580704943,0.003107123072624507,0.007081112889741004,0.0,0.01340360547113395,0.0004964309840593817,0.015945369883898275,-0.027777916897810506,0.02497031627212598,0.0008991405251039808,-0.003035240540212203,-0.03666562462828815,0.1660839721937235,0.014371316288968483,-0.028056162361244863,-0.0068123960856005805,-0.04117648256051187,0.010968278041443735,0.0034601722460652073,-0.01861311225862361,0.015000002724783856,0.005458819447868635,-0.02442814131161486,0.004138514076207578,0.028046005073635083,0.07182326991750188,0.0017970760245056283,0.047255743423469276,-0.012311729942712124,-0.004878375122949197,-0.05813952777727416,0.08140632645011392,-0.012018739688567592,0.04960317310141993,0.02971213381829929,-0.01912261751729083,0.040899855125360984,-0.0036575888154299907,-0.06935122087919598,-0.004342158749647385,0.0006917992631587655,0.0013386513753290696,0.0169492668707647,-0.00218346158002114,0.011056452365360903,-0.00350396066087022,0.009633540542096863,-0.0053826337499227606,-0.01921517467561429,-0.0006249694302689068,0.017568422815204654,-0.0016168768979122339,0.015013536090329849,0.049509978368457164,-0.0075810111043636,-0.005355764929612206,-0.0007752408768133545,0.0,0.018147400240288825,-0.030679686209099444,-0.007513221311644447
2023-05-02,-0.02249997854232788,0.006956515104874272,-0.018890182097743402,-0.023026379980821687,0.05566218037038073,-0.005694782717031277,-0.005813947847045586,-0.024823823070067808,-0.003811910216954262,-0.033202919741325165,-0.06380546962795886,-0.019607864089071114,0.08505152421976292,0.03513508141006638,-0.04427113924344539,-0.008122998286071548,-0.0014645017461514254,-0.022622196615788015,-0.04618270280255887,-0.029072841666353377,0.0014252627403850138,-0.02465272456347878,-0.04450262790575199,-0.014117951719729849,-0.022089685184550123,-0.00448430061781413,0.016964423608478496,-0.00966743983369922,-0.0067355127829119565,-0.006469397950312428,-0.033181537584851095,0.07571216021957095,-0.007440743997329302,-0.08865982586996268,-0.06810392425255174,-0.09079753441791028,-0.006532869232606764,0.0070402249356216196,-0.04599331619685265,0.012315284325480125,-0.012215734526032196,-0.03815567075351689,0.0029737174812125566,-0.010286289951105032,-0.03092786609233189,-0.004843090203170752,0.02420705688227831,-0.05297788461917885,0.024509918531264496,-0.007407397794370385,-0.03715537200716523,-0.0484698865457458,-0.006427223871091181,0.00450858341270588,-0.037844026789060736,-0.011787807658323102,0.0007341845043751238,-0.026442226132694646,-0.019896084846024342,-0.03485623088926859,-0.03155480920060805,-0.057575848371644756,-0.002188060226519073,0.001712705628799327,-0.012264443941332082,-0.00019677623195279992,-0.06682610270181888,-0.05506292854460271,-0.01188247920460428,0.01305610517399236,-0.014099278021593942,0.016611659784844912,-0.002674391002397525,-0.05451390000563039,0.008461508604975743,-0.03646234565634676,-0.03780073205152623,0.071029480130542,-0.059695416124840195,-0.08099901662630582
2023-05-03,-0.012787772285749344,0.025906752393038968,-0.001203396916590882,-0.005050195961027737,-0.023636384443803227,0.0011455016501953352,0.005847947508874407,0.018227587574396686,-0.029336736555746867,-0.010131624585365206,-0.03813393215938343,-0.03057141985212053,0.08432304414651237,0.007832832973990289,0.017257141621857652,0.02413776309704252,0.0,-0.013887467215815574,0.02015109533164794,0.019180149731305995,-0.01905594823547374,-0.005890365300569744,-0.0041095497407249715,0.0024117963884773275,0.007868046256125583,-0.020270304375678894,-0.007901658101695075,-0.0046857023183706215,0.0013563516058585634,0.28267745506758324,0.010767214319182816,0.01463414861076573,-0.0018959098817874498,-0.010558008696118226,-0.06151429316823376,0.017543950816386822,-0.12012685435669224,-0.005706927990335564,0.0014909194117023183,0.014250950326331058,0.011164464520738493,-0.008264488017465155,-0.0003641823840001557,0.014008196341941392,0.00531914387692578,0.00396545551156624,-0.014456349342813257,0.004021829621835726,-0.008885763279860237,0.0,0.003215869325508214,0.005393448261990619,-0.031582949087510026,0.0278275993167445,-0.018474455340024676,0.010934359054573184,0.0014673850375797048,0.009876533325735348,-0.0033370331190150093,-0.013849150068701355,-0.011045103980064308,0.0,-0.0010966986916699506,-0.005392520626655184,-0.02822394147079843,0.0025580690455706545,-0.004989725139416867,-0.009820986986139868,0.03784798395590294,0.012887971277063093,0.0022223358351978195,-0.01096799950980576,0.0005716004436278066,-0.039294913231874506,-0.007627602427112468,-0.0048309318278548785,0.028571486959652947,0.043219119498476344,-0.0076693722934068065,-0.0889622793388255
2023-05-04,0.033678787039886915,-0.0067340002470883675,0.0036144255761199062,-0.010152476818941158,0.003724391313358666,-0.016018237221363973,0.00872092177056838,-0.047222241191052006,-0.014454682205584213,-0.001023768775771372,-0.07085618187770581,-0.05128210028932334,-0.09638555349512234,-0.036269340122284666,-0.05797117728329604,0.024410903800187622,-0.004032825732973477,-0.014296374937761702,-0.0005485539910232706,-0.010289575188540456,0.011352916726685702,-0.008224653857264896,-0.015130620380805593,0.029523806464403224,-0.0027700510626468278,-0.00459769686551359,-0.0327436769071896,0.009415448147241712,0.013543776805011731,0.018290397699619376,-0.03428763832404247,-0.3564560703628227,-0.00017469907061462564,-0.08841465497414269,0.01848750575449376,-0.0928382149371132,-0.04724410651420774,-0.027407085172763135,-0.007481259192651413,-0.00925292854489046,0.00781391472203019,-0.03291682608861535,0.006244119825174144,-0.03297681610992176,0.0,0.0026928478866596883,-0.02654237212118493,-0.008740061105875885,0.006896593375939508,-0.004975117873409096,0.002103566789506628,-0.03238616603956679,-0.05422400890945378,-0.004366828957883873,-0.002428598047741204,-0.000983306667336814,-0.01733819465798936,-0.007335014349416968,-0.012001319536345423,-0.05211848754281789,-0.008516122741856313,-0.00964627155614739,0.03183333391794618,-0.035704979146923055,0.01125121355584624,-0.01089303821128662,-0.029547315766159987,-0.03901269885146996,-0.024271120122289935,-0.004227241816611271,-0.08551864631296902,-0.028063999420732122,-0.012082171548136955,-0.05727550241050405,-0.02382793935975336,-0.00728143409385551,-0.02777783296726144,-0.032619022187732494,-0.026191573038960803,-0.04159121426747736
2023-05-05,-0.020050106144070656,0.04237288067101819,0.033013159789793134,0.035897475202460116,0.047309855428101066,0.06744184860221303,-0.005763683216603255,0.004211180992304442,0.022666676839192768,0.028688835613071673,-0.00045391405476247204,0.011494338688011974,0.013333291718454099,0.02956986300440234,0.03269232793712318,0.03574359016204687,0.007546398370158691,0.0009741568365122522,0.021136319250426805,0.023666291676021967,0.03511078011007762,0.015738424213358027,0.011173169537622263,0.03242613409562645,-0.02550512998296195,0.03695146656611614,0.06678885583451555,0.0532452725848096,-0.015590001399592768,0.006084987341791637,0.06101345893825583,0.0,0.01843069616775672,0.022575285895750197,0.017601685737643535,0.0555555328921975,0.026194183535084736,0.00014772071172464152,0.029648232867417468,0.03268764094818244,0.006404737282511785,0.016803216725791437,0.0046026072759079995,0.010138216848831538,-0.01587300085546861,0.01217545932072106,0.03372394308365867,0.036737914078764033,-0.006849356151674479,0.012499983575225304,0.04218309882517324,0.046611859762984986,0.022434604170080696,0.04561407676877738,0.0012173132922810304,-0.001968455156468263,0.0032305479124155045,-0.012315200640981905,0.030791051326764407,0.04898101677848299,0.02450004467791489,-0.04139615468501234,0.01404247355546695,0.025918886888429693,0.02000942741721512,0.020140874698455713,0.0515362631399825,0.035780096750841706,-0.01625015595184609,-0.017863971514351595,0.018344694434108133,0.02456632084946664,0.014097620048432624,0.031198649676110968,0.01811039359893929,0.052974646732731,0.03214291218592291,0.05193208355604506,0.01058205210325891,0.07641498981793982
2023-05-08,0.015345253570958395,0.017886200294088272,0.009297022851390002,0.003300241374188051,-0.03985826490572264,-0.018518526213784248,0.0,-0.023225784301757812,0.019556726711261074,-0.0049801857183428,-0.030881027348633294,0.03624079408497005,0.0011961996761384874,-0.028720598831549093,-0.009310900764896046,-0.03609685598399481,-0.005115149804423846,0.0017300384010823233,-0.02741937868056321,0.006681702468819495,-0.010422998306209186,0.006057615390658189,0.0027624273156721113,-0.009856148586710911,0.007773972699459675,-0.008908677926962594,0.023156062732928584,0.007380031467732806,-0.028054424208026618,-0.004372183036535859,-0.03378820312952646,0.019210278268326997,-0.013144080097353794,-0.03434158261390308,-0.012432467623960441,-0.030470910487541025,0.0481845301168935,-0.01180122384454696,-0.0073206072401253985,-0.011220870527856697,-0.0021770716006721536,0.004237385919702907,-0.004735791011902801,-0.004105846362894128,-0.021505355669564907,-0.005483718909804924,-0.0050901502032432155,-0.0038979118329466322,-0.006896593375939619,-0.009382732711980313,0.025225407771225283,-0.02315083731135381,-0.0060951451506998655,-0.04949665677949622,0.01762911822059343,0.003944769279950577,0.0,-0.022443927045108114,-0.011784041903654785,0.010654039779207425,0.00027492431793851857,0.02624910716887796,0.038606920869109995,0.017778360263027926,-0.008075135200837136,0.002625915618243324,-0.041041326970684855,-0.016164766090507876,0.016010329632898168,-0.015193125765370352,-0.028160172050482712,-0.06034104897362469,0.021970841001377917,-0.016719699831398538,-0.012374408081423316,-0.018575725499799134,-0.013840899245549543,-0.01099675250925225,-0.007417181250041094,0.023225295786024835
2023-05-09,-0.005037778534604964,0.11501593671990284,0.001727045356792134,-0.006578998124370572,0.013837602990666387,0.00998891790250922,0.017391287521814514,0.009907504301770231,0.13810734311524286,-0.00800797844205181,-0.020618678936649815,-0.031120420851310615,0.040621285213456204,0.00806457927628057,-0.02161644434826593,-0.039506228225413276,0.0025707245433570503,-0.008959343634724726,-0.011055642395921161,0.010088884277406063,-0.007854027266480434,-0.0014399189042951788,0.10606057059342477,-0.010144812415229465,0.0010283937770316776,-0.02247188964466096,0.017602725872125635,0.028571454521750805,-0.005586352596768096,-0.0320573608956819,-0.016476118859759525,0.010471144062638604,0.0028246297007099574,-0.005080577472640124,0.009304799207527248,0.028571446793878907,0.020966279348305195,0.004627518527374752,-0.023598878170020487,-0.0059282229571631095,-0.0008393251294075421,-0.010548597259122272,0.004085772754043093,-0.003664678148678324,-0.0054945655957939765,-0.002134575521631543,0.025581141146629793,0.002845938185545016,-0.009027764263438764,0.0,0.002151776125349114,0.0012049334422434832,0.002453040700606701,-0.006178260838092031,-0.01732371637657082,0.046168889908140054,-0.01956891557423668,-0.028061258003443945,0.010538011625279342,-0.010902975904197976,0.0075571297301118,-0.004125488793282894,0.009696718698324558,0.006172839506172867,-0.0008098017443837202,0.01387137798015603,0.019944502369479977,-0.02160704873996544,-0.01513254479021453,0.012993967089108382,0.0028763956298141213,-0.04921977878395423,-0.01158599073969313,-0.0008097022538662291,0.0031324843646471923,-0.001577382647257708,-0.02105261220606125,0.015377281858113934,0.010109818946048454,-0.029122170327711805
2023-05-10,-0.04050635035422667,0.08166191548765034,0.006321874296733698,0.008463794466041952,0.0009099389526938673,-0.01318690485747176,0.0028490001397227793,0.12786140498743603,0.03258426677336379,0.005045313943642382,-0.03875562650905706,0.03426132742835142,-0.02181395861666635,0.013333242711144111,0.0048028139705620365,0.022279542800261343,-0.004578775799975565,0.007079884276711024,-0.013415366966050835,0.004336982250835453,0.01141410436706436,-0.003495301796481498,0.084682457280439,0.015108499071279091,0.04341142363049699,0.0,0.017298229873587978,-0.012464401083357779,-0.007022582596221683,0.015349721195394794,-0.005811968420305846,-0.004145073931010157,0.024894917344142176,-0.012765986042313715,0.022234417910659054,0.0,0.016198936458530433,-0.00044584941651959475,0.012084571929127375,0.00715627864151025,0.0028557955246018008,0.0017056941686102167,0.0006698159768736556,0.010574691597072583,-0.033149140705165725,-0.005704034303213867,0.026077190314418575,-0.010642198338040365,-0.018220091233549174,-0.052841451554936913,0.19762872706173917,-0.01765273759891972,-0.0371125542587003,-0.0008881197760711723,0.012765901199577323,-0.05446008868365537,0.01945418411937161,0.020997418195830786,0.004390837017262728,-0.02551766568205649,-0.01363707388436819,-0.0008284490884433726,-0.04961980542969291,0.007962400311592122,-0.001364989461843935,0.013203261836346902,0.019690344634612167,-0.006901529976804044,-0.0135872376465902,0.002359285764176544,0.031017468868532294,-0.023276692384460396,0.010593068181474319,0.012965904119296434,0.010148159013520175,0.0031594752081058886,0.04301079771268568,0.0,0.005222089847353839,-0.024261088040477774
2023-05-11,-0.02638519937706696,0.014569490582561073,-0.19189038072137865,-0.025167860859796387,-0.02636363289572974,-0.012249405599619068,-0.017045438382004785,-0.04349086480145048,-0.007616942113211622,-0.00401615045489534,-0.02439040384174418,0.007689982578308774,-0.0023474714423807885,-0.005263199247614314,-0.019120390070012983,0.0037719127626556492,0.002023909965877646,0.0010814663761971044,-0.01416439064295727,-0.041742751635797326,-0.0034584281793255123,0.0011838081459925043,0.01492543994255846,-0.02313127389949321,0.03052693683176333,0.004597696865513701,0.03238855382203831,-0.02380093250296833,-0.021688120239163777,0.016011259435981362,-0.020288863622276776,0.013527587834052834,0.0025370143696530345,-0.06379324205913162,0.0026523448438595665,-0.026874121245285543,0.012300782972975988,-0.018284427479795196,-0.004974899108581288,0.0028759629028922706,-0.00988278754398364,-0.018731366448417996,0.0055076612057489704,-0.015013645613228266,-0.02285712105887272,-0.003944042003909187,-0.017016586966335123,-0.0190032148240894,0.003610195181817266,0.02631575509742401,0.014966078512234082,-0.01163980259265407,0.10376953800317334,-0.012444474962022611,-0.0024009008730527803,-0.02879840820671342,0.03990088404548886,0.01799484096531212,-0.0016393526467153308,-0.009327995704740855,0.0015211309777678483,-0.007462808002197008,0.0,0.0011654746449261122,-0.007774193415344688,0.012181311585836907,-0.01611381279948143,-0.022469121857303542,-0.010041072515750371,-0.013567182794193222,0.0017518029239176336,-0.00625058555027358,0.004940212368889529,-0.002399957588689161,-0.005409490746499879,-0.011023654189969978,-0.013745772883779095,-0.005591749161424242,-0.0026237224026463,-0.02396037232114434
2023-05-12,-0.08130079882499053,-0.0013054506845787683,-0.0494699525184753,0.005163457400982674,0.012138199250969484,-0.013528735863283292,0.034682047467071264,-0.000303186896683183,0.006578993461579419,0.007056603678138762,-0.045918495265698356,-0.028177255446776406,-0.06705884372486792,-0.013227425057359743,-0.017543806160645103,-0.017745277418193206,-0.002386936509658266,-0.0073464741711681825,0.005747270689113959,-0.013792307650078661,0.022770171503706083,0.004204180087602261,0.016968104866228684,-0.0035421211146134945,0.006211074432375563,0.018306619176448713,-0.028235263219164253,-0.18581451185825504,-0.013493864973778691,-0.014146437348635743,0.010880992222985109,-0.021560579371847854,0.002705513401320747,0.023941296309305526,-0.01593182586580877,0.03052324099550008,-0.0016119637985473334,-0.005753989002584392,-0.0015001733641052395,0.004386001038874321,0.004229405324932545,-0.010845977973275134,0.003993007696297068,-0.000923808688964245,-0.06432749231065238,0.00359971370860257,0.004946046826341366,0.010965044073492747,0.007194105700709441,-0.025640993005048407,-0.0029182830644924884,0.015289161813267782,0.05986191117654349,0.0036003567136915215,0.0036100759875261623,-0.014314866408069449,-0.0064347107639376455,0.0,0.009031244952249828,0.016604930017201536,0.004002909943101374,-0.0050124733818233125,0.02947374667233138,-0.005303238337909022,0.002841415232330613,-0.005317657261327158,0.008933429501928325,-0.0014219449848862364,0.007594248100531331,0.024210301966973935,0.010798748089711152,0.011531765631708657,-0.006326592694191335,0.0024057312416387866,0.0007770562204825193,0.006369629799703125,-0.003484317373521062,-0.0007028767357631915,0.0026307153144511375,-0.006947427188306876
2023-05-15,0.017699097617354553,-0.04313724439113287,-0.02304828775750889,0.011986446827304986,-0.027675293958666858,0.0,-0.0027932934850189994,0.027895754894246227,0.022875820388434276,-0.00800797844205181,0.0,-0.005436433157887222,0.013871391664008303,0.024128679522757546,0.013888870416944199,-0.007013834708993305,-0.018406120526297642,0.0016326066724672295,0.017999962776784173,0.01703138064989629,0.05899151599432528,0.0019625447661510975,0.03114579316289734,0.004090360028214279,-0.009038793065607287,0.0,-0.011299402013352,-0.05217792550401945,0.001465558150553603,0.02483275778437566,0.032986138475898485,0.00839453577624738,-0.01117296954187097,0.03597126996352862,0.034538547972680744,0.029619167992770645,0.006954858561044164,0.010660849797556216,0.0340510857534988,0.0030231827747393414,-0.007749339537009292,0.0,-0.00943283534206174,-0.01756815420759983,-0.05000002607703169,-0.002152012226906308,-0.009619662544733898,0.008315112763982446,0.0007143802376547992,0.0026315755097423565,0.013325054591480034,0.006104944120739031,0.10499636243351995,-0.012555999501181248,0.007793714531663554,-0.004149373488428698,0.01079397404084248,0.0,0.021155414696981456,0.010388693921337122,0.0009625743253958152,-0.0008395785579274895,0.0,-0.023407114094996073,0.002489770430874616,-0.020915431433949028,0.02884354209985318,0.04318949022515528,-0.027939902427446928,-0.013259353312349287,0.004985898707379421,0.02772371131415685,-0.004517159630529011,0.0104000674694944,0.0007762926474270682,0.05221496707903239,0.006993083943600098,0.009144182314080318,0.002623540874636232,0.0270522165278948
2023-05-16,-0.02028983544211682,-0.06967216078166893,-0.047945212936091,-0.003384135335263161,-0.26470587969172255,-0.0011428833007812722,0.0,-0.01769918176435259,-0.027689054246597844,0.022199664921801032,0.01604301396553831,-0.004555163209498336,0.08706465330676494,0.018324623465357126,-0.010763218698892518,-0.006635241134810732,-0.0058128869768533376,-0.008475550565886447,-0.006455155285697067,-0.014295488083935548,0.017144486719544272,-0.010272053348521104,-0.016181021423000708,-0.07386031015006222,0.011281761953498615,-0.011235891245119367,-0.07346939491696414,0.007180542377288823,-0.020000086177286325,0.058038248261398584,-0.021512584525997913,-0.01456809517689861,-0.006608907277874443,-0.027777942441048142,0.007824525068030885,-0.03013700110903439,-0.006413471395134707,-0.012055651458724115,-0.003874345386375655,0.0036838144927833216,-0.007470269502462212,0.007017460967440492,-0.004323799589386779,-0.020235308478860348,-0.026315764707210976,-0.003774381517497094,0.0036142594549379847,-0.01613468113702332,-0.014989189986660323,0.0,0.005320772088245773,-0.008090505532531211,-0.023918726451087946,-0.012715743906662191,-0.0017845794318823716,-0.0020833809342630794,-0.014000953040659514,-0.0075757502779744135,-0.01460824019972673,-0.014121858119115815,-0.027980747655318328,0.0016806526544341782,-0.026584706371030054,-0.007723038541155636,-0.0241940140423883,-0.002778052660436181,0.0009126941190007454,-0.0034122062754622373,-0.023930583198705002,-0.02605937356287047,-0.03006994949821551,-0.0037816276882995936,-0.0012531865491538507,0.003958923741689491,-0.0046547833125841764,-0.02481188595548256,-0.03819448928589997,-0.019981426395400126,-0.007850118163128417,-0.0163489722794945
2023-05-17,0.014792884799814443,0.044052891814330364,0.0015986813527935073,0.03565350628354791,-0.06322577691847275,0.004576654794112178,-0.011204471316808573,0.004804800332669057,0.0076669982417088,0.000987188054667909,0.07789457465015048,-0.04636969515005096,0.014874155359879015,0.010282794155417774,0.06330384566295866,0.028873124847423437,0.010562018849989974,0.0004382555412942857,0.05480219730717195,0.03218230728587601,0.017960835650885132,-0.0024187598548771616,0.018640296911852428,0.011834290686441706,0.029670233301301252,0.03409093002642427,0.04317187826585678,0.027091239069460427,0.011448578128039566,0.05807735486415755,0.09962204226647797,0.015839452407675036,-0.001330534954144924,0.07232144379753302,0.07246406225299973,0.0564971685819875,-0.002358426238450839,0.009609694658144097,0.045211627248179065,-0.004838123247818293,-0.0017105872266572897,0.011324061036106947,-0.007082887947575944,-0.04130646604021593,0.006756750225933805,-0.007937804782864877,0.04073825017418309,0.0014576394620935407,0.0021738866202305474,0.0,0.006577973367782652,0.03323808245209925,0.0537092455504804,0.011959532273190243,0.058402830878086176,0.013569949423405392,-0.003610053283655712,0.012722633961057772,0.021563417533903673,0.02582144958377408,0.014322284618870418,0.020134162458927962,0.008403229712779181,-0.019860383744978782,-0.0032336155758230234,0.02151775116813659,0.056800447945262844,0.07669477707506522,0.050266929687823314,0.0130036625792469,0.023695389695537417,0.001391900005747626,-0.011639550612395189,-0.004731941937320516,0.010911900226701965,0.025443179216548373,0.02166062931143853,0.019440485748967617,0.01934063230409655,0.06740556132572517
2023-05-18,0.0,-0.004219438712376067,-0.026336786172285298,-0.009835963995065033,-0.06749314497346659,0.0022779565343908903,0.0,-0.004781824620143427,-0.06521733046028577,-0.01183427677291704,-0.020507966056906968,0.003838737396229863,-0.04396847219329725,-0.012722621792870314,0.02511624939100532,0.004397800203312485,-0.013624447155359709,-0.004819874916729305,0.021692510395510345,0.017529873471281654,0.026058562571014576,0.0029095909967205014,-0.009688011404673902,-0.017388607797152122,0.013369984889920028,-0.0043956000193668965,-0.026182612795918936,-0.030541408087511046,0.009842552935688254,0.06642470577067217,-0.0071851810980251285,-0.004158000242086568,0.014741953170766875,-0.007493736932137063,0.018822289133998193,0.016042815615825656,-0.005972419317280764,0.017676355598429172,-0.009302373060850577,0.003352840622399933,0.0001713294584184677,0.010766572171954536,-0.0026034653333791846,-0.016533063068262854,0.0,-0.003091643197670968,-0.01600346269417774,0.02547308032525697,0.01012285057656892,0.0,0.0018778350732140403,-0.012827960151567175,0.01847721997399354,-0.05454548922452063,0.03716215309157467,0.01853762146947746,-0.017391333192416814,-0.03517590558624317,0.0039576018603944,-0.0009801522017913733,0.0011180402578696569,0.0074012714141047375,0.005833311000160268,0.030941977229232087,-0.003510807847124209,0.02745914894581758,0.016272332092789776,-0.01038808230667132,-0.02190913759655555,-0.003350542549851787,-0.004180870783449753,0.00555996934488201,0.0,0.010300926482794681,0.004626151963471381,0.014285800051004216,-0.014134262519924334,0.016744214434956328,0.007330868017646708,0.03979237873869623
2023-05-19,0.0116617962316381,0.031073484378464356,-0.002458994544279336,0.03642383365911428,-0.03692762196519028,0.0,-0.031161443622481966,0.017117108344850918,-0.03139540067293922,0.005987951978592365,-0.04636101104633783,-0.023900574252968765,0.021226452227886883,0.023195868549112486,-0.04083486624976751,0.003336064382702064,-0.003216564319276305,0.011117461090109915,-0.024377482370196102,-0.023803249247226765,-0.013756425502014835,0.009538512547689448,0.00869564178032789,0.004582137243115181,0.0031846131793054067,-0.07726277378793633,0.006071199748034939,0.01766104622484277,-0.010360404958235536,-0.0022483440803283683,-0.01667717668955948,0.005219226631843377,-0.0036426432650751295,-0.03439602789965979,-0.01563237380525684,-0.028947382272509703,0.014520010902136615,0.00460210063816624,-0.007511567820114862,-0.0028404038977347668,-0.005310750853051438,-0.0029824639990806423,0.001461802099564924,-0.034640775695305326,-0.006711402952518042,-0.007843773462134163,0.005274705511485234,-0.00035478641756558904,-0.017179773415691102,0.0,-0.012820506220462047,0.010395806216631165,-0.00750703084994786,-0.002884589814574512,0.010857804674867966,-0.018200232449669063,0.023598797376373604,0.04166668994973155,-0.013140538765904597,-0.01728775288868023,0.0019554367426317665,0.01142860382047739,-0.005799480824869363,0.009561641511910857,-0.0036124644992271415,-0.02507784586849715,-0.01273679283402629,-0.0239929867108295,0.012400036615845433,0.0005239257749540815,-0.0015357133283445679,0.0051517041149242715,-0.0002189309358222591,0.007451095794782647,-0.00690723425148132,0.0,-0.05734761634399543,0.00503196248543758,0.0008561106662585694,-0.02870213429519808
2023-05-22,-0.005763683216603255,-0.035616468779251176,0.023007373148386856,0.02555909061895667,0.024539853969351322,-0.004545450112051319,-0.0263158335029684,0.03336289057427355,0.03961583754243736,0.006944494227906217,-0.09304728770009096,0.037544941475281535,0.023094666603822533,0.017632134158666934,0.055818357231398386,0.0008312659456675142,-0.020691013770203104,0.0010883631527309756,0.01370243494920409,0.02923341657022349,5.342360203175467e-05,0.0012190496050024091,0.015086350605249876,0.012163112082498317,0.013605481130445796,-0.0263157084197696,-0.019827737454927497,0.04549724364858254,-0.035892165236278806,0.003776129623961122,0.001280029296875096,0.013499492512567324,0.0024230365150053057,0.05212852053430628,0.08806555509841019,0.048780518592666855,0.02800736036514162,-0.0022164698897332302,0.0269631755259514,-0.009383400979011913,-0.0008613733901075005,-0.004273517753807576,-0.02710592094658104,0.05277044642423978,0.02702700090373522,-0.001287130335343889,0.051158764172432036,0.007099691501500249,0.0014568570051973762,0.0,-0.003417582895137161,0.022754197598296333,0.008824418006188939,-0.0009643422364702392,0.01450045855240445,0.02265708199428529,0.01753120924439311,-0.04500001668930054,0.018375593430572046,0.0020584684099176354,-0.005017619848489696,-0.007263960278978909,-0.0010416931606378466,-0.03314905231655074,0.0025514086890947585,0.025535123041896757,0.05897561483451552,0.03094826695129904,0.10865254554938542,0.0015709542614334993,0.008306577398993209,-0.05475670625597817,0.002671250883530485,0.012067146214176372,-0.0069550367479837005,0.007412919745911406,0.026615943040625423,0.005689576873314728,0.0017108454032390696,0.028693770008655806
2023-05-23,-0.002898547920302419,-0.06250000846656889,-0.029718866765261476,0.03271025531875971,0.0104790678832678,-0.00456620557167875,-0.039039002702936476,-0.028285762241908485,0.01501156082349886,0.0009850450542916445,0.009798122754647087,-0.04657021452510168,0.00902933711129017,-0.03960385153156587,0.0250894697484636,0.013081449829453806,0.005427472323196403,-0.0025008472749844524,0.04956260279086666,0.0002615815086464135,-0.004827977456444255,-0.03713841454249289,-0.022293255895050823,-0.006371054299665335,-0.007830035959186521,-0.04422605876297203,0.007915858162881761,0.02960968238239725,0.019648291394634976,-0.017596074248295124,0.008628908357783294,-0.009221326893165571,-0.02340853528449527,0.04046254845196895,-0.007076593715084067,-0.006460009240721654,-0.0015602166813983853,-0.02132691162239475,0.011515185803149919,-0.019959410123388532,-0.005860872983052601,0.006008619849696251,-0.003054019191645607,-0.006516344017226006,0.019736823530408287,-0.011045395960096904,-0.015391097237682727,0.0010573744533712848,0.013090907488239267,0.10236214799920673,-0.012269475297743027,0.00019352000566730254,-0.0009371690368598085,-0.03571427585140985,-0.019057634443344962,0.007049314468573931,-0.013452907934705549,-0.02617798596338672,0.012552164570559965,-0.010770147384388307,0.0,-0.00081279420220981,-0.03441086636813817,-0.004489911807526004,0.0020089849913669244,0.0009154016484493877,0.00812141644753539,0.013412619714423979,0.009741181021736267,-0.010020943517981551,-0.011798065318750162,0.008596665105343959,-0.04725300549836242,0.0,0.003112741232627503,0.004414853328553514,0.01111110031850071,0.020592891506950428,0.00042709149804665003,0.037052326754299925
2023-05-24,-0.026162834619430586,-0.004545414152223648,-0.027317874651510143,-0.006033255593135611,0.026666641235351562,-0.0275230180553947,0.01874998183921006,-0.01646567439667268,-0.035267397151540814,-0.008858163002724906,-0.009703051069176682,0.020132033851850917,0.040268526537909244,-0.010309358325838458,-0.037587356845027675,-0.00942805667797919,-0.005205451192816901,0.000981082197687666,-0.008585971713644835,0.004187446925991933,-0.016441183395455528,-0.0035681715511535206,0.004343426350778445,-0.03080854718082282,-0.01420504740344708,-0.020565593821906702,0.026177648682884636,0.020915012038319913,-0.01724131827966202,0.03526645334111156,0.01140686363889376,-0.01240950202816049,0.0037125423559916104,-0.018254055155861315,0.011135834395034072,-0.011703465369323651,-0.00012023243102454728,-0.004691666224680202,-0.0027320986427255,-0.006385898181816785,-0.0008672740151118852,-0.005119521023968843,-0.006341868418506147,-0.006054436616167114,-0.038709641693780994,-0.0167537667747526,-0.01732141988099678,0.011267655287278355,0.00789658187417186,0.004761898802802422,0.014042123545151997,0.0032880906872010396,0.0003127025961531249,0.003003071805090629,-0.005396674461096818,-0.013000011444091797,-0.026794233309261783,-0.016129016752173708,-0.01652914251447357,-0.020956347907367112,-0.01330710238261601,-0.006509444483840721,0.0,-0.01913345588219173,-0.013901260971474705,-0.0036582578185596626,-0.01956500679229667,-0.02668061697210955,-0.0001176994264719955,0.010914392732775058,-0.010086419781140887,0.02360341294654189,-0.0038046914868257176,0.009999740695268544,-0.0023273916562921437,-0.002930326972436892,0.003663000144099149,0.015742858607352916,-0.0012805505491423341,-0.02248083787904065
2023-05-25,-0.020895503055387565,-0.027397306008024702,-0.013617008290392252,-0.0136569153362609,-0.03318903676345775,0.0,-0.0030674817461688875,-0.009267604371312244,-0.010613113652343409,0.0009930700375500034,0.01440900759582009,0.03267551710992311,-0.004301071078780971,-0.0052083109453862075,-0.010899182284823228,0.025656812687952613,-0.002713129231424083,-0.03169251500303483,-0.011716617906682991,-0.030622876447662484,-0.009382331180939563,-0.0046685583495529315,0.010810849950702472,0.0004303024518212961,0.017612011121804105,0.049868782171646586,-0.00850315857440298,-0.09859152521786751,0.003612107542126042,0.2341010558009311,0.013157897095553706,-0.017801054753786794,0.004131679294708368,-0.0040420755393704155,0.10616736394264636,-0.023684189085019125,-0.03077659953355949,-0.0009122002974824017,0.004566095013722737,-0.004168800851862886,-0.01943753070012222,-0.013293293111753646,-0.005895237886641924,-0.02284267743715096,-0.006711402952518042,-0.020257257280174135,0.030954311562015446,-0.025069569987542062,-0.0242164880935819,0.0,-0.017652008192934998,-0.01657997597555061,-0.0037511388791289235,0.00498994359045235,-0.0010852120147851751,-0.013171237684726056,-0.0036873531158705397,-0.00819671330225158,-0.007352713241675524,-0.024169319474807938,0.008233835610923279,-0.01638015503344381,0.0,0.008499365800728853,-0.017440801223062463,-0.1551312754464883,0.004578044586319718,-0.022015952455145094,0.0,0.009621394938694294,-0.009461662182390196,-0.024596224528520838,-0.0039571673724678735,-0.0038080857458345774,-0.00544330259546999,-0.0007346284731283292,-0.062043823248996044,0.014625587183150435,0.005982885614310929,-0.015605740630430631
2023-05-26,-0.018292665641127526,0.01721441875004337,-0.007765327989904702,0.013846009110427104,-0.0089552155951661,-0.025943316654528314,-0.012307680570162294,0.0018105423776730856,-0.03456495232253787,0.001984070088741907,-0.01704510958113592,-0.03602755688538817,0.05615545261732091,-0.007853400978869662,0.010100915802961241,-0.019164775057433858,0.0009716166466735565,-0.003823990376427444,-0.018814382133205076,0.004704950195412616,0.008031087559371208,0.0065121427848877644,0.0516127783743745,0.012150508101268498,0.02877057935508298,0.04499995708465576,0.0017151776632213789,-0.04782197863390314,-0.006683909704893631,0.059557110825194215,0.021645045134096597,0.002132143267095099,0.00973715733791658,0.022727402640212002,0.08004777594366197,0.0377359535650208,0.01364423761654776,0.0018263693845870232,0.01000015192931003,0.0048839834354446054,-0.006725695079788485,0.012603230084897277,-0.0011968555093317956,0.0,0.01351350045186761,-0.004251367478519064,0.028982469844351932,0.002876451125913615,0.007299286793455151,0.0,-0.02068002599584251,-0.0007840768904535667,0.02039534362766937,0.003972190969736333,0.02064101419146125,-0.0041067723606769135,0.0022205811818050147,0.01928372755811303,0.0042326576099254165,0.004676929991385359,0.004646684591898209,-0.006660955193594331,0.023758173884590228,-0.019066049776714,-0.0024373529977872455,0.0030421422915223317,0.005608760086514453,0.010593656447901889,-0.005765383210056929,-0.007114843443308483,-0.002212542830151154,0.01759900465327302,0.011687795871328621,0.0,0.0015639141079171193,0.008088130371931568,0.0077820939478694395,0.013769350171074501,0.0025488695517394966,0.01960792512501408
2023-05-30,-0.01863352243678007,-0.006153840285081147,0.004347842672596913,0.0030350407763510834,0.024096434859411042,0.038740882077134886,0.0031152617895386925,-0.010542237372749064,-0.016049454957493214,0.004950601798215271,0.0005778374411102849,-0.022424456411846427,-0.04907970913517634,0.02638523830052386,-0.0018179618900344696,-0.02344730610701684,-0.022131665429804825,-0.005871013090170019,-0.00919391701730743,-0.01685837816232938,0.021978142563126246,0.0012215687500218841,-0.001022490417393107,-0.009561180524221169,-0.011142713136696458,-0.01913873851469783,0.03681521261793086,-0.04724021551995594,0.023291956623328502,0.0680719331002535,-0.010895901948428155,-0.011702091610770182,0.006123043322891375,0.0,-0.0003686494519336003,-0.005194981726078685,0.0028144361735618073,-0.010937150046590904,-0.04995497669907123,0.0024301230370631366,0.008731161664518705,-0.008583546940234221,-0.010731009578660688,-0.019220822817319405,-0.006666660308837891,-0.002328853919461471,0.00040524749841064356,-0.0032268528187838763,-0.003623196645304416,0.04265411369798966,-0.014868720593282592,-0.03276436433324226,-0.0033825525462224393,-0.009891140572825252,0.04789779535276906,-0.005154658940003776,-0.03298868015321521,-0.010810800361494066,-0.0028976683194771313,0.0005901278245601382,-0.002662865431734329,-0.005029532114830482,-0.010548445529084294,0.00281687498756944,0.007375766569988063,-0.006282515521793264,0.023704533468291267,-0.013103350309567552,-0.02366854795599249,-0.0035178454036275397,-0.007497204132889679,-0.005549692241328175,0.0075796893354069805,0.006116340366870032,0.03747041680954322,-0.021881732982135804,0.019305093587580258,0.011672310049404055,-0.001694809100318495,0.0008181423808450994
2023-05-31,-0.031645614030057834,-0.020123856605766877,0.0,0.00668990850644402,-0.04264705201746288,-0.02797200154455226,0.006211174145593246,-0.012785332981862463,-0.022584671653334443,0.0,-0.005199406103153281,0.023271302018447848,0.02043006198780395,-0.02056552591031746,-0.0336978219305879,0.001474486832196753,0.0035736455534838285,0.006359868471521812,0.005037318433097848,-0.01701152085854074,-0.024623942973589052,-0.011026338756196408,0.004094249670151706,-0.007776531989813651,-0.006407485961119064,0.014634132725648952,0.018359524614697698,-0.015657580347061772,-0.013656859627190099,-0.043357513723377594,-0.055691544609195454,0.009687852847949818,0.001166220196310297,-0.04682541356056413,-0.013279327179593348,-0.04960822546251198,-0.008175694861446647,0.0012342027008958034,-0.001894865035934279,0.015064916569433207,-0.00035317476276042203,-0.0004330140106890701,0.004074575390379254,-0.017478810295278424,0.0,-0.006807854250481027,-0.003645906126013454,-0.019784116564579124,-0.0174547269569012,0.0,0.007787421403409933,0.029411897103375217,-0.013576073314691794,-0.006993071618176638,0.04621634447587186,-0.004145073931010157,-0.001782069679215792,0.0013660863128652778,-0.0531042307301397,-0.011074054140679301,-0.03344593029803511,-0.00673960243874383,-0.02132206498951783,-0.021067387716719232,0.009701147249769448,0.018203682550982148,-0.04006828210712565,-0.04248715328275643,-0.030303088876737383,-0.016561271326434035,-0.014043980094130215,-0.02504886758001612,-0.029728904116927413,-0.014057740030252952,0.0015051539059853791,-0.03653995493181483,-0.01893946543486147,-0.03356405570754595,0.0,-0.013082605806797099
2023-06-01,0.042483698324135455,0.015797773434098383,0.007792220874601075,0.02531633243646736,0.015360967913474965,-0.005995226597130032,-0.006172833601124972,0.0018501810893118975,0.041720129763367586,0.0,0.022313579450986776,0.01429495181590057,-0.035827203455014445,-0.005249384633664755,0.015080289254645107,-0.010515242813781134,0.0019782152649294726,-0.0015798541470760652,0.026905739033333154,0.016752126286577074,-0.00666956482068648,0.0062601157117934125,0.004077453782758811,0.01978273482935622,-0.011340939170580211,0.00721158916075737,0.018534165921253454,0.0344644537377965,0.037435758508885364,0.031569493664741044,0.017174295813821017,0.01918979775902807,0.00817556068751868,0.03663603735220988,-0.038504717120459775,0.031593371231709355,-0.007012791626288872,0.01695164391009185,0.016136547856522743,0.012623706788644995,-0.010249071175280622,0.0,0.00610206484624265,0.01778975403118932,0.006711402952518153,0.0017625528105358335,0.023988625873928138,0.04990829052333923,-0.015543855517614502,0.0,0.06181787748887113,0.006502339582206806,-0.0012511419780357746,0.009054341688857548,0.012135922105364738,0.005202933665051868,0.003060513883805571,0.0013642877197712622,-0.006138565948279995,0.008945315815572119,0.018028652605103,0.01357083648698132,0.03159032498044212,-0.00043040627520607444,-0.0289145537755795,0.044855953835181595,0.024713340351549817,0.034897076284522655,0.025000112780886097,-0.0021715210404772423,-0.008093327743153744,0.037140635884181705,9.34000089996001e-05,-0.003082958284451931,0.015026127339420992,0.018575815067122692,0.11196919300463293,0.008031233651740965,0.004244391867260555,0.012841919328903773
2023-06-02,0.043887104694155354,-0.012441668093593816,-0.007731971643756719,0.018518727366511056,0.14977303345254267,0.020506643796889268,0.006211174145593246,0.0332409344587139,0.032655619321876994,0.00788174475783876,0.0528432536757697,-0.009929515463178773,-0.062295051211791796,0.03166226034184039,0.08077990788270673,0.0108395542041968,0.016189537697378187,0.03549216895509599,0.030824679562192703,0.042347320220402995,0.033239159143440666,0.01957124829741197,0.07309622297737306,0.026501298820826413,0.04026102658631636,0.0525059157964769,-0.022332663313505363,0.0025627491785740197,0.023232799362142842,-0.03930391597626204,0.06148456013708126,-0.03347286971263186,0.011680577090728006,0.07309255059273512,0.04976682406827315,0.07323564436194241,0.030231724310298747,0.04925010155682008,0.06305471162495646,0.0020215453276770656,0.028923470390553208,0.019055945385150208,0.010264031261190354,0.03125000947107748,-0.006666660308837891,0.03870972664073569,0.04427234653012713,0.03390425729197033,0.06240596193596293,0.0,0.03661190662912461,0.002349248319385211,0.05699967671247408,-0.0069790325710689105,0.04892088436939268,0.017598351861205064,0.006102157452228418,0.08991823347298045,0.03312755789311117,0.035463362193017156,0.04684378890489738,0.04267787747526053,-0.0008447080077246261,0.01765471643487193,0.017734640385542733,0.012704896343808114,0.05619666787162658,0.06855740012479994,0.0,0.017276753068057538,0.0509138135755014,0.08201778199895138,0.016766399976082313,0.017781142838181108,0.0162841760103678,0.022796418734453816,0.05902771913895144,0.059431572305067126,0.016483579068152787,0.0752555170390885
2023-06-05,0.07207207658720916,-0.023622062617355444,-0.0008658206681120273,0.024242401284592985,-0.03421049411937427,-0.011820376006952182,0.0,-0.015192085974663705,0.005966609791412836,0.001955076217853735,0.013638832408447987,-0.003235211322011655,-0.05477858638788846,-0.010230259051132728,-0.04209620789280266,-0.009882264551142494,0.0017484724675416174,-0.0006549674165008401,-0.006229764175867736,-0.01306314526838448,-0.006122430878874319,-0.0038302587069976024,-0.04919553494945672,-0.007073863428203264,-0.021405410291013838,0.01814057289661819,0.04314746741904396,0.02351743376180737,-0.03864722459597336,0.007749796150720689,-0.016806764058224233,0.007575827947240654,0.00558606262644723,-0.011976159813112064,-0.05222226730610535,-0.028535882299590254,-0.015033072484201493,-0.021230684387378518,-0.03383130817900837,-0.0036987428109662712,-0.013881861158124176,-0.025074509232718367,0.0007062919025073722,-0.012840267530390914,-0.02684561181007228,-0.023339118345313103,-0.015018929487995991,0.003042491706892081,0.00849261940903201,-0.04090916933776634,0.0417601256439839,0.008593641450213019,-0.012740749782986116,-0.006024138492660258,-0.023319625482909334,-0.02238049529362207,-0.01036138111130025,-0.02499997615814209,0.032608655030788025,-0.005708202121047612,0.0004092550997967237,-0.03370787696622479,0.004438834275178438,0.005641695632025767,0.01747143276109364,-0.037029503928783236,-0.036600063486893486,-0.04346913375047601,0.000609618045021687,-0.004933570454336067,-0.011076618066033883,0.0007119587145125728,-0.010105459378993653,-0.0026585176537515798,0.0007283842285426001,0.0014857163687409525,0.0,0.014634093391075798,0.0020789148061264306,-0.027767418037881852
2023-06-06,-0.016806706975212804,-0.014516077180557141,0.045060698395372745,0.06360946198463835,0.023160772855571166,0.020334938190836427,0.0030864168005624304,0.027828134625807133,-0.014827994718250914,0.007804751666057763,0.054897811511577466,0.011035383267816279,0.01972882957580535,-0.031007620657270585,0.043946175220999306,-0.002760823598218387,-0.018812839307783102,0.01998909626274825,0.027081189474776224,0.030443139456814983,0.018048143255327664,0.002503713450710432,0.03283577039279706,0.00343215627475435,0.020548041037369513,0.04899783479811193,0.12976461035018572,0.07192800168746039,0.034673147504710844,0.04243053497608984,0.05586086461585138,-0.013963491791794125,0.0007228785025836792,0.06742431425690709,0.11996881866826703,0.049808250266977216,0.011355314869950561,0.019330259348192325,0.026830555120111788,-0.015693495052641393,0.012493418449359917,0.03138629059307885,-0.014278625547862744,-0.002081113923397382,-0.0344828068146934,0.026980446014736037,0.06909868937222785,0.031007854384845546,0.019649061254804145,0.018957391553925396,-0.012018920198965333,0.025368109728481025,0.014705932861785564,-0.019191877545901126,0.026217202712578214,0.019771128079656197,-0.000255319754141059,0.007692300168250066,0.04105274290490413,0.02864078489312538,0.017182366974919816,0.025747501710384313,-0.0025252305368832495,-0.0014025676305080559,-0.0029745714279555413,0.037507876480118885,0.04626917912521478,0.04216748340705334,-0.0006092466372776828,-0.01605822778112076,0.013922345237059597,0.04243716992917923,-0.0022270082299824523,0.005331367883439908,0.014556105142620845,0.01038587372830313,0.02950824721146006,0.03525645434268765,0.02489634087124859,0.07903008294333769
2023-06-07,-0.008547000419168338,0.016366596145235945,-0.006633571691278095,-0.00834501613599814,0.06924094384039425,0.021102029403356592,-0.00923076042762172,0.021777565875096494,-0.015051173438500487,0.0038723003636595976,0.04183676602463349,0.024719116121774132,0.009673508981605128,0.0106666200609693,0.07646052974826323,0.021294807132148152,-0.08914822058756422,0.007924761076910425,0.01783956863165459,0.00449594125931041,0.013800398659610025,0.0012486951336088126,0.020231122786746436,-0.014458999004177464,0.01298977547218505,0.04670908458807643,0.040919136559685265,-0.022367174404197998,0.05828093893109676,0.02843663270961705,0.033535699401415764,-0.013071882523949863,-0.015559196254890995,0.06103608747700884,0.06454974808398894,0.0450120867010555,0.027767661131464116,0.011001472341601648,0.018600453407731976,-0.024515691072967805,0.024504746779542508,0.027895083739804205,-0.007986295818049771,-0.021376425489496476,-0.035714252262698754,0.017826832418192273,0.01751214647114341,0.0016343180493265663,0.0027529165252522247,0.0,-0.029393154097545948,0.0638338628489592,0.007394261752307729,-0.018537621469477572,0.03421532834806462,0.019387711906672322,-0.0094508999274866,0.022900741129903812,0.05358924012574273,0.033176216884248655,0.02145076552198666,0.027530370640790336,-0.02130812617339639,0.0007022687947333406,0.00013560440014281916,-0.0058734362638449555,0.03143274645383598,0.009014581399407584,-0.012195226801249404,-0.029340968917582866,0.031179059197683046,0.03479625272920317,0.0006044743184632217,0.006818299159884633,0.01506452816102355,0.01908962930116509,0.028662392089970457,0.03250774565122305,0.025910817410828457,0.038796194720901234
2023-06-08,0.0057471209243953325,-0.030595822230808478,-0.010016685320897833,-0.012622547510101056,-0.02490657732452184,0.00918483620616306,0.00931676121838998,-0.016129071244303184,-0.013447506876248072,0.0019285849642960429,0.03574902681865688,0.022869719543864075,-0.02634733616504159,0.013192587126776623,-0.03910613230068649,0.010842416304134739,0.014974032384577285,-0.010306150984676132,-0.0034080188990323057,-0.00664961480064008,0.004973924898479476,0.00721575863528745,-0.004721414480757025,0.0013671688980350094,-0.020089853767804478,-0.0141987215540752,0.012413678130190897,-0.02240225565345233,-0.040844552189088446,0.06076398307329556,0.011748200529938746,-0.019867582432562036,0.012765641503893255,-0.023411236608474995,0.021304591299749598,0.009313346137546974,-0.01315629218045733,0.002577509188847582,0.008260862637792687,0.011072007671764972,0.003053433874411926,0.0049343577193610155,0.011048709872066631,0.05487473384002217,0.037037001061669184,-0.012721169766004126,0.00975863211948158,-0.011422945154875963,0.008922434608796603,0.0,0.021517098773799814,0.017397383322885762,0.03875512746923526,-0.05246589863692619,0.0066166571691868015,0.011011072359539131,0.0018050463390315574,0.004975119657066207,-0.002159228778253919,0.01032358955438517,0.006825191348448056,-0.010244207472660638,0.008191541315369477,-0.0036490773369043383,-0.0022147703333925683,-0.004889434007251503,-0.02564114591980382,-0.023478074486313005,0.018518576083649707,0.009785091520676525,0.00590701682594541,0.012341741243260707,0.006971594865830877,0.03837450729958336,0.00282698421958405,-0.004322862196657673,0.027863750352276284,-0.006371816879663483,0.007892738536561472,-0.013427559472619977
2023-06-09,-0.02285712105887272,-0.01993353587031299,-0.020236068976869026,-0.0014206067842191805,-0.002554276005286016,-0.021615424483260925,-0.0030769201425405734,-0.005854823297213985,0.002478371563817916,0.004812326603765182,0.0,0.027258785545324127,-0.00615008487466695,-0.03385405275152398,-0.019102994811408536,0.01918325524400233,-0.015394511913654818,-0.0031131199284121225,-0.016121229298709405,-0.009268731610952874,-0.006616217185277495,-0.0019015786900014042,-0.014231530288557948,0.0021005575311578983,0.005016508876205972,0.008230444599618192,0.008855529543428498,-0.01218917587567625,-0.007177142074646037,0.028739961298106964,-0.008847102875967572,-0.01351350045186761,-0.005629695903750287,-0.010274214879318788,0.0,-0.008073792465863483,0.0011903162906594655,-0.015281374869666742,-0.0021560908350510832,-0.004867004784252393,-0.00016924560703113212,0.01841229137112954,0.0013728518277298374,-0.003535338258660037,-0.07857144012743134,-0.005415515342595656,-0.008434474547237336,-0.00924396259469129,0.02176878821055217,-0.01860469506483975,-0.012836862117686199,-0.025475507282107235,0.009609953146505257,-0.003322229663158649,0.016652106625637764,-0.013861419607429926,-0.008751613022954796,-0.009900980750178201,-0.0014426619933701756,-0.01675307333098086,0.0015643586642024587,-0.014331282916639654,0.0,0.006338889515526969,-0.009059455219490364,0.002661423895366166,0.001510062094372211,-0.012553086955791826,-0.02400000000000002,-0.007506497685003,-0.013536239578133102,0.006393253083918804,0.007107847923297772,0.011956690612465959,0.0035235686647590025,-0.032561474891643405,0.006024090761646228,0.0088646023509098,0.0019577124691081416,-0.014326596321022067
2023-06-12,-0.014619938485219475,0.016949136104436047,0.024096362799380433,0.012802373374637854,0.02176697535716543,0.006976681776859284,0.0,-0.008244958387672585,-0.027194099243426195,-0.007662711859192761,-0.026477437719803154,0.005068520104500429,-0.08292080230449261,0.08625331548369397,0.015241271333489959,0.0038452234797758944,-0.0015199228993498792,0.006138101715486455,0.0019860880708062467,0.006496775219493323,0.011380106848125404,-0.0024368711334075144,0.018286829442327512,0.011842972725204737,0.0093315618187515,0.01836728040797797,-0.014179700016189845,-0.001480784121746459,-0.0009638060318134523,-0.011503500377591735,-0.01841003836830124,-0.019406400896366693,0.008533953772118519,-0.0055362376416014936,-0.033376151645878704,0.0,-0.003685620691287861,0.003625928632497555,-0.001296432361541311,0.011528381614185346,-0.001522216601835824,-0.0032141045175075877,-0.0024679094762675158,0.08312221667751651,-0.023255792462719804,-0.014269771785506702,0.024277942132688635,-0.007330721092547843,-0.024633906474586853,0.0,0.0353473531334727,0.010205930265363206,0.005879033518927823,0.0022222730848524552,0.03749995272735229,-0.006024138492660258,0.010386952565906604,-0.014999985694885254,-0.018781701560824593,0.012748619517366055,0.01210465278716133,0.0032308989207032734,-0.011759710945793422,-0.013857804260732909,-0.006399844280231104,-0.011128089554373277,-0.007753612868906301,-0.013790268243557446,0.0022354220690756765,0.009580139002769883,0.002017882821713446,0.001971422766380515,-0.003024866517434832,0.006444643600766353,-0.008426988071307706,-0.014210917898513808,0.02095813576653538,-0.013834392507874882,-0.008987849265763237,-0.017441922302799284
2023-06-13,-0.03857563217714233,0.013333320617675781,-0.019327693244475475,0.004213484789975297,0.035087745506153345,0.006928455043175186,-0.0030864168005625414,0.005047451526275282,0.01016517469750533,0.023165937885293753,0.02719755940508195,0.01987546727496614,-0.02968958093413243,0.04714646715007875,0.059216015131821065,-0.01612915138181037,0.00587199162141161,-0.003210797773326113,0.0227948437215042,0.004005268230208303,0.005963291607120391,0.004619128811944595,0.005671052454744752,0.023046232495934627,-0.006880214946575314,0.008016120345677225,0.03972614223128201,0.02273855670935121,-0.014471759318248512,-0.05571235250310291,0.03296390715206443,0.0034924019136546303,-0.0026003953038443717,0.01809342179164619,0.037516619465335355,0.039534858974114684,0.004653930494579628,-0.0007225199240081803,0.011250535726312405,0.004662415100588735,0.004065752288428204,0.03264825409849048,-0.001978956300164758,0.001403779977481312,0.023809501283202916,0.003428784537910623,0.002595121286626645,0.012755934210754827,-0.004778197838043896,0.0,0.037332626882426334,0.003190311034566129,0.0005566506427441276,0.01662966861616577,0.012048230959874173,0.009090924854121551,-0.011565170000106817,0.0253806860863639,0.02748474608685636,0.00405681022536597,0.022119198843213894,0.01368764572542136,-0.017741157053948298,0.0017034108533136028,0.021301201118880453,-0.004955640655677329,0.017907537114773664,0.013109075432368833,0.009913407577200939,0.0018613974598507,0.0038264067150612924,-0.06755574799819952,-0.005148420434571754,0.0035573153147865355,0.012747835503134297,0.0015175428799809598,-0.008797645347408345,0.007582967315239886,0.006703499332102458,0.018860855611908756
2023-06-14,0.006172833601125083,-0.008223637257420813,0.013710355301293164,-0.006993039595844186,0.019370441038567554,-0.012614748507231766,-0.006191944522728088,-0.025996965822339457,0.007547222774366924,-0.01792453482247458,-0.028368697239779972,-0.005526539717954249,0.02364396035341132,-0.021327236123094617,-0.03070863627394982,0.01393451726534356,-0.007351334585369629,-0.004939432899196627,-0.0019379754951207584,-0.0077209115343864765,-0.0019588230432184828,0.009770665451242166,0.012217991448219001,0.004809214535383521,-0.006494887736092525,-0.023856929898778745,0.023056706462903254,-0.057515732399270325,-0.006363291969566198,0.014453023417811961,-0.014855491705577983,0.10208818168491685,0.005835207314283997,-0.03691051080627472,-0.014400008776917606,-0.05704691486731195,-0.008670903144843756,0.008821322892293093,-0.030380813017768626,0.005156397997369222,-0.010063108976950619,0.004293479352692975,0.00897870769879705,-0.007009328093650513,0.023255884873024435,0.0017083511667637108,-0.0053493949919626305,-0.007623525042250723,-0.00891624126200341,-0.004739330590139201,-0.04301291102347182,-0.008190824441049571,-0.010848383348310953,-0.010905166917963838,0.005747101237302266,0.0,0.0002600659508207315,0.012376284952223093,-0.0004776410608174908,-0.013309627351866027,-0.017866194520670176,-0.015091367858446336,0.02422896736007929,-0.006943491471563812,0.0013063203946894753,-0.02241124812480988,-0.01386071026451341,-0.016821124485090544,0.006134918782070287,-0.0015407265645490664,-0.0040122857042445,0.009378782792680118,0.0032808156337564842,-0.021623528491428234,0.00979025974541381,-0.00227286514964653,0.002958576959962933,-0.01693323612494524,-0.0007835053488510768,-0.027586204741480547
2023-06-15,0.046012299327067296,0.01824206514923854,0.045646658101064386,0.014084573169553583,0.02137770825947638,-0.012775802678684056,0.012461047158154548,0.03609337526993284,0.02247182850912255,0.01825168783667186,-0.017031536636255118,0.0152091394749998,0.01494560525567823,-0.03631954812402283,0.013809871052026246,0.0038401410926940382,0.011544331539929287,0.02082652502179627,0.0014562533207027606,0.004279503246219063,0.00924474044963719,0.018695257365607842,-0.011142012933465173,0.019396396484351763,-0.0008718155936469074,0.014256654549240189,0.027688255068496703,-0.03230764927008212,0.023152751767923085,-0.015538613320540184,-0.0005585159730987499,-0.0031578666285464463,0.01294004391795811,0.03832511020048135,0.05032472777072261,0.015421167808954861,0.0023964124111035545,0.0057342139766976,0.02559570354152152,0.005471951048718893,0.0062027077476052295,-0.0007774292298659002,0.013866873514415845,0.037647022920496376,0.045454500299513256,0.017928550560566858,0.032269190040903784,0.010020011264310513,0.006228373184152591,-0.0190475952112098,0.011813188527366458,0.02226212301329622,0.016872847327046303,0.0,0.009387736417809212,-0.021021025321151465,0.007278366790022028,-0.012224985053662207,0.006690535485653015,0.0050584615322153414,0.013066925838275623,0.021774307826333494,-0.01075278574840044,0.0009989120159441534,0.027712780267294956,0.0033963032336907784,0.015028630230489837,0.0339985086051906,-0.01109779149588963,0.010257697957941625,0.02205638720959935,0.0030197874153412574,0.0026712400694184346,-0.0018115623192610508,-0.002770137933089556,0.013667378331723379,-0.020649017550209092,0.013779927668959413,0.003528173009200275,0.014184396023581014
2023-06-16,-0.002932548449136152,-0.026058607637020947,-0.013742932729725044,0.038888784025237655,-0.03255821793320157,-0.018823511460248188,-0.0030769201425405734,0.024004675014257737,0.008547088166671157,0.03867922447073191,-0.026732760846538972,-0.030826843072516152,-0.021418989545648248,-0.025125520872817608,-0.005609011155986443,-0.039259143348175374,-0.0004307842872265377,-0.000528419957060211,-0.005816643939587585,-0.011492762270134071,-0.007215368677302658,0.010014152618884609,0.0,-0.0038054217041006977,-0.0026172205622635447,0.006024138492660258,0.05701759502881343,-0.010068920275964177,0.015407127409325483,-0.053911139855836954,-0.026264387185260807,0.016895442756128753,-0.002071656190813509,0.011619921599334004,-0.04853177725706348,-0.014018911161431391,0.012072608924512673,0.0005695643781780113,0.00043042904626688916,-0.005952355079292149,0.005650556480569557,-0.008945879026444725,0.0017768413600205424,0.043083936317908744,0.02173910977784832,-0.002248247130495984,-0.019831748513211345,0.010912814384304914,-0.036451224061282095,-0.004854362739268425,-0.0021416066224093644,-0.020372295757474346,-0.0058074968296131235,0.013230417816613604,0.006469868595785799,0.007157530716748628,0.0005161408455141014,-0.07425741464083657,0.021362561265819924,-0.011204254637578792,-0.0056904540261498715,-0.009471161010134344,-0.006521638646874162,0.014397657249702212,0.00534052757707193,-0.006981210659169568,-0.0023435366031446803,-0.014849385036650564,-0.006289210532471445,-0.013298516571132457,-0.007784717412110509,0.0035896381887792206,-0.003307300800467039,0.016333954293746622,0.04236119953712825,0.000749109251716007,0.030120525621057048,-0.020955268732705368,-0.005859452657253406,-0.022819317522812188
2023-06-20,0.008823520749498215,0.03344478405137585,0.03442623630001873,0.11096273183333705,-0.102163453823363,-0.00959231681563344,-0.009259250401687513,-0.01172097921033588,0.08958834753184242,-0.03996370871880439,-0.04476077100856979,0.0,-0.02188780419487546,0.005154616601577899,-0.026591389587691028,-0.03436711785890911,-0.013571627069028036,-0.0017980642630794907,-0.009019922229436372,0.006662344789335695,-0.004175206223809069,-0.01004263822429019,0.012206612570247133,0.00014882560999573968,-0.007872265140989154,0.03193609582884571,0.016597703205973202,0.012847953276085677,-0.0075864975261935585,-0.03626987499952472,-0.019799100628981714,0.016614729544206064,-0.01408325580090819,-0.03243244802071743,-0.02664069776746414,-0.004739303567670938,-0.014172634630838066,0.005271005752488067,-0.005591438077967026,-0.0015397801781544818,-0.004767657091760746,0.0,-0.003923698021295663,-0.026086973107379396,0.028368852488815266,-0.005070696160225707,0.021262021773128303,-0.025188269536150387,0.0206996113956619,-0.004878042527152737,-0.021323771764690913,-0.005736873744110804,0.020027743831040334,-0.021762765875642742,-0.011651226006028748,-0.0020305032476239937,-0.009027657587975857,0.04010697726870105,-0.006042474974169321,-0.015451894716189574,-0.010937072945133686,-0.004780981091865755,-0.007658659018854763,-0.005199507053131547,-0.004658981310289634,0.013954039479273428,-0.0012810323970472437,-0.01098181214059435,-0.007197791198331971,-0.004963134141485415,0.0034760195608896094,-0.01926858309236268,-0.027051892624024743,-0.015714157951866703,-0.04130578757149239,0.00074854850710393,-0.08479530859171303,0.014462012942018765,-0.0015717736303857421,-0.012052802661874362
2023-06-21,-0.05539360161006912,0.02265377786594369,0.04992077021821695,0.016847125852095468,0.02945117445889034,0.004842610259641944,0.012461047158154548,0.044836541820757025,0.05888885921902132,-0.005676375209711648,-0.012247275642437438,-0.014268714356280077,0.02657343422184888,0.030769221193766905,-0.005794739806398108,-0.022569444610731515,-0.0024022603481104188,-0.009112121005587559,0.000983800058197426,-0.0009084444938108893,-0.0061080592406898004,0.00034387271373392814,-0.006493569982144565,0.011408669262578108,0.010800219655615395,0.01353959260952231,0.03790075450146935,0.023784395408290138,0.010033284672089193,-0.011196067980170143,-0.01375881799773282,-0.010214543601571036,0.004252220175502863,-0.03701114810405337,-0.01034719362708103,0.0,0.004073275822671141,0.004109396503170437,-0.003027944738963395,0.0008567381175057509,0.0027374055439277623,0.01530622590932773,0.0006474535570892836,-0.031249949442487934,-0.0344828068146934,-0.0020759662521991906,0.0,0.023154406547688966,0.012587259542947038,0.004901954469521241,-0.006295950729524491,-0.0010817922591230822,-0.010089963194983342,-0.002224638998724715,-0.019918689573975135,0.009155661575423357,-0.00572611703515602,0.02056553253178528,-0.008183319650998166,0.0009233588310801899,0.009643627969565305,0.0032025250200793387,-0.007717766762878608,0.013843711800811453,-0.006780723142944978,0.021010609819356763,-0.010263023477257383,-0.014587575400514363,-0.011250076979511747,0.01130291637586689,0.019398280737689566,-0.0117647058823529,0.008289133303647,-0.0021771814548324775,0.0020847147236446872,0.011219136598540347,0.012779540060870564,-0.015206219877958671,0.0,-0.023255628857811295
2023-06-22,0.006172833601125083,-0.026898745518428746,-0.009056595136534451,-0.014201264323936869,-0.04421328349258602,0.042168604789444286,-0.012307680570162294,-0.019102952577883192,-0.022035681430339404,-0.013320646730275998,-0.006468913206973292,-0.01598307544438171,0.020435914906267172,0.0,-0.016652725908192667,-0.00022224817948557352,0.0021892069501749933,-0.009944328517413004,-0.020398064325738097,-0.02091181711521639,-0.005780855549019304,0.011516046728409002,0.0,-0.023688017247895043,-0.013955548304027787,-0.01908395209933933,-0.07303379068930793,-0.043882309997017366,-0.007095542407800304,0.029784944287394755,-0.028495076390759544,-0.023735763900541884,0.0015826955712145985,-0.04205954765705966,-0.013828039112003365,-0.03571416689069962,0.025295344330488412,-0.013971115857589145,0.0,0.021914034970736074,-0.014673149013780806,-0.0154620496976553,0.010354346455141883,-0.04331799543818482,0.0,0.0020802848533496565,-0.015782554802028836,-0.011151139107507202,-0.0193368092990428,-0.004878042527152737,0.05268029801076324,0.0018051114154307157,-0.0041321684389596935,-0.0011148526849652507,0.005391918601229229,0.0010080875811415702,0.007329810829965311,0.007556667801907446,-0.037953606794906,-0.017094103904284785,-0.005221463121938497,-0.013567321934772836,-0.002444324676672549,0.011704123513801568,0.011539760080029549,-0.016359748197801838,-0.013069797512762382,-0.022094685023881233,-0.010113720332188714,0.011493102899907237,0.004563035749627131,0.0,-0.006717804496912394,0.018181801570126055,-0.0055478170595696374,-0.00739638563642353,-0.11671927920274028,0.022775531246831626,-0.009051518032424988,-0.021467820992227438
2023-06-23,0.03987733583472952,-0.06991874772484719,0.0015231914634454835,0.0,0.11836739778022243,0.0034682876264224838,0.009345785368615855,-0.0364098477114293,-0.06866946465715607,-0.002892925837696181,-0.030385005403511745,0.0024516706631552143,-0.020026651951136176,-0.03482584000485478,0.013547618058861843,-0.01354643059473426,-0.004150397953528229,-0.018144649098895127,-0.07175095193107517,-0.03236911854995461,0.007281111961455977,-0.012234539465076577,-0.031745986062325704,-0.03204905132907132,-0.02211411111928241,-0.05447465763508619,0.01696976240247272,0.0,-0.004287832492153365,-0.04592418141761001,-0.030247472806732567,0.001057106642865735,-0.009604345378389945,-0.018167903107316863,0.007182096538752347,0.019753013755810622,-0.022692853966215232,-0.011879544150323662,-0.05466347205459865,-0.009716837488716212,-0.028051976482455054,-0.021986627405969572,-0.006832096003073884,0.03131019322562323,-0.028571401810159047,-0.014911142374133046,-0.053565256573036235,-0.012603625500660076,-0.010563479835667189,-0.08088239188239665,0.015080785055240797,-0.03333336027353806,0.0013831047012475839,-0.006696475375139399,-0.03877890028603148,-0.011077603924566581,-0.002598712975849571,-0.0899999737739563,0.0029405644277358256,-0.010509743434336416,0.004224585231108691,-0.014563181499043676,0.08086428761059561,-0.0027544154682190847,-0.011103426728147792,-0.049267773636499035,-0.03130132719302314,-0.012652284046097306,-0.0295017572233095,0.005010287426818083,-0.040494802688943676,0.0017856240267071222,-0.0016078504167783558,-0.0017856827724086477,-0.00767111049196767,-0.00894198946956326,-0.0321428270364289,-0.007548622630850987,-0.015091302445659704,-0.013163021975800326
2023-06-26,-0.038348115167563646,-0.0472027955996599,-0.019011407395610358,0.013205313523939388,0.0012164567983807828,-0.04953920392368849,-0.015432084002812485,0.02050383056397176,-0.05299539423664301,0.003868651999431316,-0.0027980518948474975,-0.0070314750435290785,-0.02588556584068602,0.0,-0.0016707350058042802,0.02003610373743636,0.00526423020684641,0.010889923106142119,0.023243074333229474,0.01069353451457733,0.014093350081480382,-0.00313954256503024,-0.0038571677187653197,-0.0069541560066049835,0.003165976280129046,0.04938266759770915,0.04707996595012154,-0.02753780865421318,0.013875660895215747,0.0020364119424418625,0.0015753353739680342,0.004223860689032133,0.0057604711596217495,0.02004603561668339,0.03599315628032107,-0.0024214231631194405,-0.0010717309322151314,0.0020281122076621916,0.026158855396336333,-0.023684681296276877,0.015677868128452177,0.007226068657943285,-0.006341902595785154,0.12097151662992434,0.007352934086817919,0.007856050699890593,-0.01928630518449226,0.025529076964105224,0.04270457096635116,-0.03466662347721161,-0.019586933088582725,0.02516313160076744,-0.0030386908296471393,-0.015730269174051625,-0.015879783004295267,0.006110022554106864,-0.0046899504993843655,-0.0054945655957939765,0.024676089055349237,0.0399569527133079,0.009816252935203051,-0.004925968765732369,-0.05605934631611398,-0.016434298595464636,-0.010479504024604402,-0.006931425433475358,0.013896751549782316,-0.0013729458118704185,-0.12409538391904817,-0.007121870846923173,0.01903693122722161,-0.019607654696730203,-0.004405571708743006,-0.00822898466389932,0.013352304533886805,0.018797178600386877,-0.07011072123466688,-0.008176465182128778,-0.001612885698690003,-0.0008082654472132411
2023-06-27,-0.03680978095402687,-0.011009164198049981,0.017829496334268002,-0.04383877904563871,-0.0400971403674254,-0.016969738584576177,-0.06269593858815847,-0.018369672412326343,-0.0048661752498319055,-0.002890428267603329,0.015712615561585652,-0.040948274090230496,0.02797200092273,0.06958760564733724,-0.005020780074313724,-0.019642543694309955,0.008073345280978694,0.016322098759355308,0.001849156111291883,0.015599708056274197,0.02035911125326928,0.005608593191241296,0.012584551553346035,-0.013326380822681116,-0.0011272249029562476,-0.03921564960882995,-0.04553227186268194,-0.03553577909577699,0.021708178103204467,0.04466517220979771,0.001258226078225011,0.00946373821470159,0.0119908374738531,0.024187521644824406,0.022615538747477126,0.02548555989186041,-0.008105856599394445,0.012864709553234155,0.02459736572831761,0.0072778026391544515,0.00912124542542303,0.00956553025107687,0.007193624505689389,0.0695833365122478,0.014598526172921567,0.0011405336164844737,0.014887083319673478,0.014411918861399364,0.027986355181884193,-0.005524854748121144,0.02412342386136701,-0.021091102289458763,0.0030479526153084358,0.03196343900175114,-0.005233355326485167,0.0010121689034414683,-0.01675391038916807,-0.005524856784194343,-0.0019075575147901036,0.020669820727592603,0.01451861905990004,0.0024752600621480436,-0.017467334842286242,-0.0011232919675893127,-0.009433359957237375,0.0006647192241719946,0.003454482873480158,0.01191563721580513,-0.027944855897958476,0.020935977835095487,-0.0010872802727929232,-0.0683636457207345,-0.006566089316336177,0.0075758502749312395,0.023578258281689468,0.00811780480306079,-0.05555550299414003,0.014570520010668941,0.0197898731008348,0.021440147940546828
2023-06-28,-0.04458601918054628,0.0,0.015993909848942556,-0.028500734550100604,-0.025316491606066638,0.0024661477941252397,0.016722392025688038,0.0005848086934940877,0.008557419585904835,0.0,-0.00441978938617571,-0.01958262312915271,0.001360575375726647,-0.033734851247222974,-0.02102615467300084,0.005177889600621377,-0.01904762509330382,0.006852318001207447,-0.0005275592281658303,0.0005341627903665547,0.007538720742469973,-0.0016301405202892028,0.008604168876812368,0.04110166515573943,0.0024823250948056153,-0.010204120359535218,0.005962996269759158,0.023603904870634684,-0.02909919785911519,0.043197561913140614,0.004398347156267857,-0.0052083529945868845,-0.003766390119405494,-0.013284100877711036,-0.0048076324939270165,-0.007100606604721116,-0.011897582918664718,-0.017125745670755976,0.0026188071608912455,-0.016858756652833873,-0.01077698219948453,-0.0023687244573162847,-0.013532493216441455,0.019088421100967423,0.007194237817389482,-0.006836223777863748,0.015755006158823415,0.00516636689473704,0.007304076595654241,0.0,-0.002388672209734821,0.004829322606520803,0.004972384016081577,0.01216810366608656,0.06225340243493416,0.027300252246365897,-0.004259846686956892,-0.03611107762948873,-0.0019112032449022376,-0.011257354722427726,0.003982007057725445,-0.004938462215115069,0.013111081169168148,0.007590719211171493,-0.0058399184193866915,0.04860495354828931,-0.007551551666386991,-0.00475539676080905,0.01020118870525688,0.03385592541668192,0.01128059783655111,0.011709447349684599,-0.012021707467079645,-0.000716138146519385,-0.0006774853193454167,0.009516993578500887,-0.04621854127105551,0.01662889453068117,0.0,0.016237539368988196
2023-06-29,0.04666670163472486,-0.005565813305066336,0.014242846942279952,-0.0051020157856108694,-0.028571402031326354,0.022140258627555864,0.0756579019603969,0.013150114909111554,0.020606069853811526,0.0028988070614761607,0.009988473117252816,0.0108054981602268,0.010869554654186597,0.022443639084327005,0.02061836276624507,0.004255250164978852,0.0035305185082741275,0.014555957210843795,0.03059875440858817,0.006407768852546791,0.026737122701667948,0.0029325991646909078,0.036966758625512686,-0.027981278328824133,0.01620920803921866,0.0,0.021932568587322843,0.007311538568400833,0.01522376358809252,-4.2360375070438216e-05,0.02095715016215438,0.009424099559202759,0.0014100739814142393,0.017950645182863934,-0.0093397254865204,0.013110786847725597,0.011919188919840229,0.022796829532576224,-0.01741393096945809,0.004724350583685366,-0.0021086479154961424,0.0019786764924722977,0.000980144542146233,-0.008027487985380444,0.028571486959652947,0.016252179883621265,0.03333937087198757,0.007388363128422393,-0.008569537160817431,0.0,-0.010109771937185097,0.014417583272380297,0.013743814879604743,-0.0032786594778033695,0.06108128642992661,0.01771656573613334,0.0013368779417282095,0.02305473286641302,0.0009576143415570559,0.019096434077987334,0.023921912500467934,0.014888498786393534,-0.004167417384697614,0.018833611803820594,-0.0006776717660212928,0.05659381968287147,0.0318086293022668,0.014561957664539271,0.01820673824211827,0.01728682690831329,0.0069472473000669055,-0.02816335011740323,0.009404560886717706,0.003224593572478174,0.012881297501069922,0.010152397572662064,0.03083697525593232,0.03698887930645123,0.015841659756488102,0.004286871286836469
2023-06-30,0.019108261393313564,0.011194018896451219,-0.006651896109692412,-0.008974499639407552,-0.014705900164961427,0.00842354889164354,-0.006116202153874872,0.040380778766031744,0.017814681374242358,-0.0038537432080640865,-0.0016481870113318475,-0.006478806527444814,-0.024193525128260562,0.017073246975424672,-0.011784309141549931,0.0035683870807714513,0.005057161949860722,0.001153632677280525,0.006654744928825451,0.00795850853279223,0.014866766344439952,0.012685373878397854,0.006398782811576131,-0.0058620073877265755,-0.0008862147433359446,0.010309317880007551,-0.002320437815500287,0.06309330417322778,0.0009372756621999212,0.05645737302647058,0.0003064380029873526,-0.005186741592752786,0.014386871957863923,-0.024246948610336272,-0.031209457936374863,-0.02588243060735007,0.020552966064782074,0.0001419376755156243,0.003987609487973387,0.0003483186764448032,-0.0005283327938545579,-0.005134289260018687,0.007286996579495497,-0.01502895127286663,-0.006944520329984494,0.0031986882829320162,-0.009489375974870984,0.0079719804136682,0.0,0.0,0.0024188456038787276,-0.02150138393708645,-0.012744067437391315,0.010964954246114766,0.013224432699152855,0.019342341036143962,0.01495320553231938,-0.028168987598808592,-0.0035868189223264846,-0.015487431699542475,0.01258914144019907,0.0,0.011013134168193162,0.024921285331787058,0.0038885544050870635,0.02208453173990521,0.002178533038678321,-0.020632366495350607,-0.03531187547139658,0.01824559527973424,-0.008842687518095804,-0.014556194258274813,0.008596809497584124,-0.00928555041652468,-0.004015937219158605,0.01220370280528238,0.02136760366190571,0.00017921350365890376,-0.0027290758392451986,-0.0062086808282049155
2023-07-03,-0.01874998183921006,0.022140199975999808,-0.05059519142351576,0.018111375438516264,-0.0027137016603897557,-0.002386689438011569,0.0338461215679462,0.02245637316729021,0.0863478122688146,0.002901319138796099,0.03302146100749881,0.014672343065537774,-0.002754883902634897,-0.03836914039420425,0.0076661217465017195,0.020222161303563357,0.017501612024349633,-0.016446649984649064,0.012713041793738,0.005922058054955492,-0.00914359478604665,-0.008577471828738026,-0.005449656983996909,-0.0013162051004875774,0.007095403540577916,0.0326530294485865,0.0063952068013970464,-0.0357143000251241,-0.011236192418759283,-0.00020056814120850142,0.01684530509515003,-0.01564135243148168,-0.01941338881957355,0.04518082986056937,-0.019798812302683877,0.016908294728303908,0.0032975947146476337,0.0001421426193541908,0.0013238942519584462,-0.008530603681833782,0.008280653564197937,-0.003969841652997519,0.0020517748134749603,0.026995326622639926,-0.013986001160915085,-0.0016880131852295976,0.023340947984090477,-0.0003163802417341932,0.019946784207659496,0.0,-0.0061666465052026,0.01862188158982825,0.025817045609677347,0.013015171592587471,0.011132473091007622,-0.015180251232560726,0.003946370231590501,0.02028983544211682,0.009119103361358905,0.003422533688968832,-0.00011960601618266065,-0.013854891821248771,0.0,-0.011489634974403029,0.013467231899741972,-0.010461475436004841,-0.002391332343184005,0.02724967254102717,-0.01869154357864178,-0.002665260207606157,0.0026469846631997918,0.0008056528276580988,-0.0027141942786055306,0.0295599772357773,0.011471037468033796,0.007092301607643625,-0.05857744717956315,0.0430107806217479,0.006645846445248127,0.024990045564338814
2023-07-05,-0.01910833732279482,-0.03971115373763734,-0.00783702035078171,0.04320202465326517,-0.027210858756485212,-0.010765454857607604,-0.023809501846360326,-0.011388339790632251,-0.02792698358358836,0.007714630204696871,-0.014384649616144496,-0.0077121359895410135,0.029005531047764155,0.00249366369105819,-0.0016906011096470275,-0.015682866392518702,-0.0034676615674010813,-0.02236660762562981,-0.0022596710972014877,-0.004709734789268616,-0.015846934964987902,-0.006338802413833,-0.016438464634254468,0.0151826920013991,-0.01034791096719978,-0.005928801049494115,0.007510504452770794,0.019607771842881094,0.00047381465772922127,0.02327447519784731,-0.01746993426886101,-0.028601643653716424,-0.0013745322860925224,-0.016812915285680297,-0.026702976946466506,0.001187802889411449,-0.00692574187553241,-0.03959724104715978,-0.004407205404576953,0.0003511932835071896,0.001747218122072347,-0.013949784623702777,0.005280231257905443,-0.013714308965773858,0.0,-0.006011603254868048,-0.0481701748264336,-0.001898818257949575,0.050847552085651726,-0.03333337118466673,-0.0029001167795998928,0.006398592059266184,-0.011244931354851828,-0.014989329875327972,-0.008352289752469044,-0.019267804148372925,0.008385736271063537,-0.014204531985004043,-0.027586050259692962,0.00029913984686991135,-0.016260162601625994,0.03223123490327873,0.006318064996088335,-0.00500063436432896,0.003866509056986267,-0.027566455298539516,0.0017435004352914785,-0.0115914913212255,-0.01793649925592089,0.009209387508220201,-0.013884907514857603,-0.03126269475463195,-0.011188571310980056,-0.024509739235288763,-0.010673802416906075,-0.001408454721517849,-0.004444440205891964,0.004123674581158365,0.0023301120632308603,-0.018666708208366578
2023-07-06,-0.0324675023083254,-0.007518789579387564,-0.025276437494557435,-0.07064563751503372,0.03916080129182187,0.002418319586739548,-0.009146332820563763,0.004114139595323918,-0.05635361526334104,0.079425713615344,-0.0005405982464092851,0.07998702657002199,0.010738309072668928,-0.002487460800377317,-0.02455532378395664,-0.009736694549836056,0.0008699546202599606,-0.012637534358546976,-0.008807127340827114,-0.005783457552743898,-0.0402063799419663,-0.003232718885122998,0.0018570944794393807,0.009451067124723433,-0.007563931844407179,-0.04174950882456796,-0.07626159408603506,-0.04700850390196476,-0.017984336597849815,-0.017529431511374094,-0.014101750445584038,-0.01744818386923863,4.118767577621085e-05,-0.011895922814231796,-0.03341545036089788,-0.015421167808954972,-0.009929034905923562,-0.0062065778570973285,-0.018592309313847588,-0.006319125902014888,-0.012907704214130233,0.017380806218275202,0.0001072338016618879,-0.02626497957538254,-0.028368767943217854,0.0017010936920571762,-0.03934194289699977,0.001902430627960472,-0.0024815161785255446,0.0,-0.012107638869536697,-0.019255138117069803,-0.014080705482442002,-0.028260895029584066,-0.00842271108861048,-0.011787807658323102,-0.0059771191520903155,-0.014409208041508248,-0.0335045719265622,0.002093655201354405,-0.005590740775948788,-0.024819850917327746,-0.025546684556881916,0.0033958116615435685,-0.012838819834373294,-0.01900015395222332,0.007831190426910828,-0.012855241022351804,-0.04638768466507881,-0.006314336614831495,-0.017154210769135703,-0.023130253149964752,0.003642137670539114,0.0007178624113579612,-0.005394515480066087,-0.014809510860960828,-0.035714251502436234,-0.033880896453878484,-0.010461088522512929,-0.031055793718893332
2023-07-07,-0.0033557014762590764,-0.003787875024959475,-0.0008103913094149595,0.05504590085013095,-0.004037649214576056,0.021712944029440795,0.04000003521259021,0.0002731035609537802,0.03161597880207556,-0.037233954525030755,-0.004867232931606069,0.04137934426552037,-0.01859234255271247,-0.004987690581100268,0.019964989117649434,-0.014301761073294394,-0.010430200853122296,-0.017654309715120498,0.024625395116611104,0.0033051196775644165,0.007672334081711529,-0.0017730741974635311,0.010194395252807631,-0.008796783369701688,-0.004034954627661569,0.02489624093057241,0.02979515677638056,0.02017940623724379,0.010120744278843352,0.037839778600466056,0.005907917525200812,-0.0011099032883240545,-0.013435276425497689,0.023325906943417296,0.016375628591548397,0.02530119113751539,-0.018266460605008472,0.021561349159451737,0.020748617350698995,-0.013071924933551138,-0.003003984870124543,0.028208136577155374,-0.018863912009316586,0.03371679541207362,0.007299263086460783,0.0007545871311058772,0.0338794107667888,0.04778482609665913,-0.004975042347587388,0.0,-0.00027393730972880004,0.009446009724406679,0.01208455447824619,0.01677858828245693,0.05057913070412323,0.0129223812469339,-0.014901952805861929,-0.0263158335029684,0.03719635590840564,0.016774214580273394,0.005989016370748335,0.019704370816101324,0.009775581498327801,0.012454281442322301,-0.01941854061516468,-0.0036251278348277127,0.016727657019828257,0.018277303570255032,-0.008474437633629983,-0.005329709324541354,0.004237293508617901,0.01261912376270291,-0.005951408507128608,-0.011836458298208785,-0.0027118522197306927,0.02863269832313109,-0.06018523577554524,0.017888808937445377,0.009005607228122159,0.03004801328871798
2023-07-10,0.0067340002470883675,0.01901138788616108,0.021086798904349724,-0.017391180395839645,-0.0527026839810103,0.024793392151879923,-0.023668686217741874,0.01911525896659616,0.017026062586362523,-0.011049868252175132,0.0054345749245949815,0.021883159984099843,0.008119072241346892,-0.00501244899307518,-0.012765838496383575,-0.005214079435314489,0.009881366649191925,0.003032787915184798,-0.010654192558867126,0.019501950256101575,0.007664506110053537,0.009140605221611864,0.027523002732304347,0.03700438630807934,0.009903268751106697,0.002024241281143757,-0.01760165273438774,0.06373625268050587,-0.0023854922676675994,0.038152401861148544,0.03122108760031117,0.02000003390842009,0.019261209129304735,0.0007352223061560803,0.007876703220403458,-0.007050543469196868,0.0034050683189381648,0.012809409739998667,0.0,0.009128372041893984,-0.004608428578744439,-0.02163830597602201,0.00666368102774717,-0.05026859143471629,0.02173910977784832,-0.01338596569600925,0.0241267522442703,0.0036240768654933753,0.0237500291675925,-0.017241357610284447,0.024039491014181236,-0.011743074565395917,0.007869767368674507,0.0011001351720536512,0.00845282827356697,0.007850920576520926,0.004777078124148959,-0.027027001871263723,0.0009757906980212283,0.012505118478553623,0.027942900496630063,0.006441311776943737,0.021122110188315224,-0.0010696731516115499,0.02780674730364674,0.018399213395123404,0.0029721107604645525,0.0031411638117770924,0.0,-0.001071666212172917,0.0026120185683915498,-0.008820964984128321,-0.0023850148151761674,-0.006896582123635975,-0.00271915649629062,0.009742466459437216,-0.13300491858710095,0.01513831413616451,-0.00620894316922127,0.0003888435307863869
2023-07-11,0.07023412624654446,-0.046641789882956974,0.017474206859607433,-0.015170675775512343,0.012838755037400063,-0.008064590557306128,0.02727277390556293,-0.005894995243894252,0.031249970064631594,0.004655687426672328,-0.0005405982464092851,0.012679541475345113,-0.040268419003798184,0.020151106549022524,0.007758354843922843,0.0027347660185330636,0.004566268644738303,0.004255236631844683,-0.028048957808925468,-0.08090972102823024,0.05898680685800772,0.009143591049800781,0.009821475497625576,0.011711107384426267,0.011811856048123737,0.002020248336801478,0.01239919437005077,-0.049070285794903246,0.015303609578759092,0.003778730882880721,0.0029975561238468895,-0.013071882523949863,0.006659968161077945,0.022777464791779556,0.0117229634430851,0.008283868104280279,0.004605468956243142,0.011066108125219243,0.008837782016384077,-0.015076308490867718,0.007656750149589664,-0.030015953997272526,-0.0017363354314766655,0.02585856119791674,-0.0070921919858044635,-0.004777581316300017,-0.024613230723172674,0.024074870753879374,-0.026862010406044523,-0.005847945726992765,-0.02494646680122714,-0.025250514717895856,0.009693069904893381,-0.0043956000193668965,-0.0244169119261628,0.007789670899729817,-0.0029054571732227696,-0.04320990879385589,0.012673657826694606,0.015249836467530642,0.017964943336404193,0.011199950663280278,-0.006679500497510982,0.016195983318813667,-0.0038711802256309324,0.0173522193228568,-0.0034923898486300953,0.011630566069625203,-0.051453082256022964,0.009283723763427565,0.010420854807311253,-0.02316742431454688,0.005659953969151754,0.000731057812263014,0.0006816951574983854,0.0,0.017045438382004896,0.0029139212975777262,-0.005076026669457723,-0.0003886923902649553
2023-07-12,-0.025000050291418274,0.00978467956777096,-0.0007806579667649638,0.0077021852428382775,-0.03521126807859265,0.011614446626855957,-0.020649017550209092,0.002425880223436483,-0.02705627772648167,0.003707029515411131,0.027582627030730666,0.009182021248310468,-0.009790233668210857,0.014814870310474015,0.008554432585056171,-0.006136517041082534,-0.006060683484025775,-0.0018956485096683906,0.015975242744669327,-0.03093814424366037,-0.005898424587005735,-0.014165432583820303,0.007957613317349121,-0.0012367054541095879,0.014537304625259484,-0.012096762564130281,0.022657775198500207,-0.0043454603133687986,-0.0061234476045736175,0.021000194078623968,0.049013730858393556,0.007726235273969317,0.0006087228722051474,0.034482638784221864,0.02844104422521987,0.019953139438309897,-0.02195680671040645,0.008671080817872268,-0.016206595194167228,0.012245638756060995,0.010249265534487684,0.002035959107316687,-0.004402537650810556,-0.011027915952256051,0.08571429057997104,0.006720538819567468,0.0027037103572418175,0.01204806253375068,-0.01568391860826901,0.0058823453634255785,0.02777965080567446,-0.022285737010252382,0.00506663004557284,-0.022075138374873737,0.010459423776949306,0.0038647304713768094,0.023311286572589074,-0.0064516069489635175,0.008423691481736384,0.0106802613952246,0.0011610383727358453,0.0007912495349278181,-0.013015159707107316,0.0060589420545236194,0.008130041770725072,0.0022072963253216837,0.003186065017132478,0.028962919484289307,-0.022706693804375733,-0.004987561437447274,0.0023800888001448417,0.009833624687131559,-0.02421047345029481,0.013878804326921346,-0.001362531537813183,0.013094336131585393,-0.00558658697003811,-0.007520058781937289,0.005886885651501306,0.015947105225245117
2023-07-13,0.019230828012472445,-0.0058139019105275525,-0.014062523632309976,0.04331209119583135,0.0014598874483302549,0.003444286204340008,0.018072344097764814,0.054315690571522524,0.0022247450804089297,0.005540192645943964,0.027368401575197376,-0.012682632441880504,-0.02118645437624711,-0.01946475267064951,0.008481969714384752,0.010061670386052768,-0.008492959492985785,0.0036866159840787116,0.02815126010447666,0.006675232158958044,0.0014833096651274413,-0.0003882445089682385,0.032456173250309917,0.009806889778031902,-0.0008682606370995494,-0.02857140076751319,0.0401198534490681,-0.027277686965691328,0.01090062260409086,0.0629338185728352,0.028490029728556632,0.009857628856492218,0.0029003619065313124,0.03194446797658568,-0.004096856412784455,0.020713319418639964,0.004317237886253933,-0.0015500967399810772,0.03472839120681348,0.00942897353898986,0.002973433272264847,0.02234858728154565,0.02380291401302781,0.009956192509885442,-0.0065789411768027994,-0.0015259467552861672,0.03365729156018804,0.006968832920901447,0.012109708540994468,-0.020467895423423643,-0.007541384589992761,0.016754278160468372,-0.01034755648338137,0.011286725208207171,0.020702454310008722,-0.01443701320962798,0.002847543549315601,-0.04220775300082302,0.008830624672740095,0.008589380938601732,-0.005334641066908841,-0.007114581363502515,0.007472537129483925,0.006546312860370662,0.008773529795626622,0.00020026301514830536,-0.0017996328654864557,0.015685453436036,-0.004425707361011777,-0.0015200823924297335,-0.001483974820533862,-0.013604324836091752,0.0018894425059621245,0.019452406476160755,-0.003410520746020107,0.0020409405141335046,0.03932587279618516,0.00843812090652496,0.06398755035526227,0.006891378817944105
2023-07-14,0.14465409700951892,0.003898631672583086,0.019017414682609646,-0.040292977789577855,-0.030612249862944085,0.0034325729326272203,-0.03254441709763056,-0.025248607163614434,-0.03329635772629658,0.005509575862561178,-0.02510238254281627,-0.03546496534654997,0.02597407065433277,-0.004962697251735926,-0.008410630996989577,-0.009961441643664304,-0.003075026258907654,0.015138096592135053,0.015046769654286418,0.006631191623364119,0.0005733428336915924,-0.007727047274185939,-0.025488587151238584,-0.03325484901373199,0.001955664017833536,-0.008403453102266312,-0.06275185250466353,0.016825532156154344,-0.009376332413266963,0.004523020474759498,-0.016897418876390957,0.009761404553287889,0.0038019900671306672,-0.027590986072662305,-0.022626078784903414,-0.01803827009247816,0.021370738544522982,0.00804519661217884,-0.02323571743199515,0.010045817376853172,-0.008545336550021876,-0.012321128444193974,0.0036260619212988843,-0.053233452246790436,-0.01986753084718018,0.003820605631461582,0.009402693147323449,-0.009515495915452865,-0.010705273880502797,0.0,0.029587798755748462,-0.009005623944177366,0.0005362053129427391,-0.02790178559549461,-0.03223474383638336,-0.012695323959633464,0.03304075177695065,-0.013559308883548837,0.003785058972034072,-0.019497929611024478,-0.0012824637973900543,0.011146526671041546,0.006980711861195532,0.001560838523865904,-0.001010321330283226,-0.03463123398102108,0.0061511765958877085,-0.01480845899890304,-0.046304656302193936,0.0006582545476570001,0.009214317702769259,-0.023664370056049266,0.025955293738652685,-0.010600741222517751,-0.0020534138004432156,-0.026476536490643743,0.048648666064176505,0.004439861943920542,-0.011001170777259706,-0.020532474596787975
2023-07-17,0.06318675110614103,0.0349514223311449,0.04743395230456593,0.04834601737923072,0.055639079737282104,0.0011401681511507,-0.015290505384687236,0.05363681767624051,-0.04018374052087703,-0.011872126866748989,0.016290066200264297,0.02229300629281461,-0.004219438712376067,0.022443639084327005,0.008481969714384752,0.005030784728739857,-0.009914022855509241,-0.013815696116856957,0.006804443652157044,0.011313274658961703,-0.00487066739889741,-0.0010005378949630162,0.02789909243947486,0.029071514713854052,-0.006506156203862634,0.04025425120045267,0.054668147759901586,-0.006067220523703454,-0.0056790716875729785,0.022581075715438104,0.03634818370867454,0.0010740359566956403,0.01472722614019828,0.022145499559365067,0.041739637779459215,0.005740582953166484,0.013347678355896786,0.014001559984466727,0.004845488463236736,-0.0003489872148736417,0.00017564731412988976,-0.0048288767649391495,-0.013707885208138149,0.017909217037762826,-0.027027000903735332,0.009134043888517906,0.052785866526889214,0.008733597731764187,-0.0050924199692462535,0.0,-0.00783753231567541,0.005413765337063614,0.012057898355284813,0.0011481318987414113,0.02881738314187876,0.008902092546407614,0.01649175012150894,-0.024055041098527963,0.01814751129543235,0.005257156968653698,0.022180571989298237,0.003937001322476874,-0.006932319337371484,0.04688316174298501,0.0018027533593241163,-0.006428150718555292,0.04774957453681683,0.012239579808104528,0.009904679441058217,0.02315161749960426,0.021303620649193666,0.032564787691711894,-0.005175742570673214,0.017500139833617423,0.04869686858529709,0.004881343228418267,-0.010309329662834377,0.007140462186699725,0.014460720899962087,0.013198779170367159
2023-07-18,-0.015503861641813277,-0.015009366763823362,0.03118040593673932,-0.007281556041670356,0.0612535369668008,0.033029609416046046,0.024844696582373427,0.035510312612874406,0.008373283657090225,0.005545313082052417,0.037228233584731596,0.017841892634263834,0.03813559093729224,0.004878205888753984,0.0370057240360655,0.010921743887882585,-0.0017801741977401253,-0.002001174465354638,0.053101666576124584,0.0011326187865949855,0.006093968414272677,-0.005617496353764295,0.01696336682252908,0.02756000733336661,-0.0030563440446578216,0.03054991853950706,0.015142985916468898,0.013873473565439998,0.015230647779240991,0.054130118623129775,0.04812399446734039,0.0042918415410722055,0.00011910505059264942,0.05416389841938085,0.06397315488781863,0.04223755625071424,0.0027293623602215877,0.017398801498373473,0.033318877057183505,-0.012916768487365005,0.002989872253597703,0.031944918709664094,-0.006356755336043518,-0.00900168641144461,0.0,0.009805799425303574,0.01736857717758178,0.011255587107546372,0.04734515954936991,0.008955300115691456,-0.04851553755290938,0.009038529732496858,-0.0005295328970418289,0.005733966651803701,0.033102941250955586,0.0019608292291832807,-0.004916439563399044,-0.024647864562796107,0.03124998618266761,0.04052967891456616,0.021242687421371143,0.016470592506890425,-0.012652847462656158,0.0028532121579125658,0.020760188985752492,-0.021392079855867108,0.010261565047338994,0.02885041344433148,-0.0007693310878840176,0.027892793288205153,0.004517933320556722,0.0309621837104892,0.00024308034973841153,0.0301858607873291,0.032046908445978906,0.011797277063433365,-0.03645829937886369,0.011816288460650526,0.022660683402883297,0.04521086824852394
2023-07-19,0.013123347261734475,0.017142886207217156,-0.023038203066162444,-0.034229893614937,-0.016107367601519318,0.019845679297927354,-0.009090900552502501,0.006954458278693343,0.027283455979843163,0.006433777321714462,0.000997321746779134,-0.0027823727863689474,-0.006802682251218939,0.016990128811399163,0.034063395479403846,-0.003151113896560309,0.022960153437676434,0.028297638753362664,0.00779271794419123,-0.006930506993007013,-0.003099966808639665,-0.00713809926109954,-0.017514767304042778,-0.014873768697635792,0.019487729148058408,-0.005928801049494115,-0.018932926391950766,0.17843460028467195,0.01031393059108665,-0.04626254917383166,0.002853452983879956,-0.0021366992332193524,0.000655123559559101,0.06101475664085321,0.006012691200593334,0.02957277829335303,-0.005443776147605384,-0.0010859992613655445,0.003394196566284702,0.01237843982994602,0.0024550011465229726,0.02978064267997249,0.009812762176602874,-0.004128756273992007,0.0,0.005602216108080871,-0.0405861829629538,0.004565872382378711,0.021991243959456508,-0.037869807967707,0.005258074798786261,0.024966554843450783,0.0010596269013865012,-0.010262274559885265,-0.025704209578933268,-0.0019569919022601745,0.010375543191505132,0.0036101048852397177,0.017733005740871555,-0.005517574388775426,-0.004585264753596663,0.011573899535287424,0.0185595460550827,-0.0072983333578149345,-0.0022358143852850842,-0.007570900977974859,0.016032511184273845,0.018556427524871077,-0.006928341556860618,-0.004848483456137975,0.0019138780438723302,-0.01173336069611286,0.0025278654950380286,0.0017035474949826934,0.0012674866362609727,0.004115476858221001,-0.03783786570268233,-0.021354668145196043,0.018584797998429048,0.04288855865397112
2023-07-20,-0.05699476584731589,-0.005618016657510938,0.008106161593615768,0.017721553705499105,-0.006821243440399027,-0.005405426025390625,0.006116202153874983,0.013812764781451659,0.03464205496776218,0.0,0.00448182854732293,-0.009207640336208467,-0.021917852064214927,0.023866537870669502,-0.023529451967832515,0.0,0.014382405925555508,0.00487526557321849,0.00045490083370358647,-0.009970433198966844,0.00229625977189718,0.02377382135154682,-0.020373344038538743,-0.018897354102883956,-0.00751698765113995,-0.0039761391833571524,0.017543484841065604,-0.01114722542795965,0.019953728238603974,-0.002371011366458564,-0.011898579572897972,-0.009635990483678247,0.005991470536111709,-0.026634391660698697,0.014155465416507473,-0.003191612776478059,0.009400296369837191,-0.049728463560081204,0.011416535305363462,0.0057642241232260805,0.014692878793767239,0.03843218137244664,0.01632147615948365,-0.0008292063460934029,-0.02777783296726144,0.006313949168935906,-0.006882652312149351,-0.015340956918974191,-0.03287515212012149,0.030135207973968958,-0.012319371594142314,0.03941999245256533,0.041016120653854626,0.0011519901907788288,-0.006505251343674412,-0.004901979575474669,0.013447413607369674,0.057553988301194625,0.009925061760433618,0.007745628934791915,-0.002022043136669649,-0.012204359870059633,0.13882869605617265,0.015576302185161373,0.00508502980019343,-0.0055871563852097905,0.012839448215529625,-0.0748986969778076,-0.0122092888025227,0.006325833715613571,0.0029609943298816166,0.01837434288469897,0.014449777397489205,0.0,0.005696274532645873,0.00546425885895796,0.028089928274849907,-0.0034094913648090586,-0.0007017830730912111,-0.008787352470210785
2023-07-21,0.016483500288558606,0.007532949582686577,-0.0014620217337352193,0.016169134097265836,-0.07142856675002807,0.005434803453420622,-0.009118532443044058,0.007517023657933608,0.0033481844691369833,0.002739876695008192,-0.04115000558792681,-0.045057689376201915,-0.014005589146010688,-0.011655158584302217,-0.017670785438034464,-0.004064224796753835,-0.004725983157178204,0.006792571666162317,-0.000454693993027111,-0.0014384379561800387,-0.005727680931314816,0.006376351490171128,0.00433282275656488,-0.0068010082435636665,-0.003679011307747282,0.0,0.025862145315535656,0.022076058860650782,-0.016833525545809302,0.0006601900549034756,0.008900527376893397,-0.008648640400654606,0.0006703488095036736,-0.00808457251848338,-0.01426811189018895,-0.017075656405342032,-0.013320816437832783,0.012439469110257617,0.016304383052451854,0.00903085492411293,-0.010687735377357899,-0.03737627118891873,0.0045429546718447344,-0.014107889925566663,-0.007142850452539706,0.0022144030448505436,-0.020115027379945305,0.02221567805332625,0.003708437998985792,0.0417911681052483,-0.000905894253592221,0.003935592864008797,-0.02846972362838407,0.010356749934839593,-0.014550731970195407,-0.014778288095344094,0.003377548542136788,-0.003401357234227742,0.004586010536252516,-0.017007352116972352,-0.010356999007318457,0.005405459174161686,0.03809511175445812,0.009447768858128258,0.006817437434345708,0.04235546234129339,-0.04877095276223187,-0.026258036372938,0.0,-0.00019529640530857595,-0.012760778583813415,-0.027064460783797872,0.002485575491118608,0.0,-0.007551885012354598,0.0033969458147442566,0.0,-0.00855285678806661,-0.008075809113136434,-0.013120665320726532
2023-07-24,0.01351350045186761,0.061682229829631785,-0.008784764780346288,0.007343865857438292,0.04881655510840699,0.008648640400654495,0.015337408730844437,-0.0030310345060674537,0.011123513238675997,-0.003643156574838713,0.05997929602418872,0.010026545388316821,0.024147738240782424,0.009434036796567735,0.03761253474069792,0.023350690918056305,0.001726585505365863,-0.008353037286092824,0.023197572750008666,0.017720844446284634,-0.012049877737628,-0.005736600866924513,0.007765366076089686,-0.03873644082713967,0.013032013190737546,0.019960059893028514,-0.026330255140134318,-0.022977940934777896,-0.014345164639971486,0.02051788651304154,0.024390207690168086,0.008724091934619427,0.006207971118730837,0.047648799435554334,-0.006293291060200934,0.020629754793631605,-0.010394207274887712,-0.006919837157644437,-0.009461145097727441,0.004819321882062688,0.0036589888699720685,0.07118370890383763,0.003996596766858707,-0.008838425496562885,-0.007194237817389371,0.010863521116295738,0.02173538023175725,0.011572219781242898,0.014778212203951258,0.0,0.00013951927309507894,-0.00926587684502278,0.013867052913901556,0.023918000516374383,-0.0022148196974687284,0.003999996185302779,-0.043520109801644,-0.030716774927414536,0.015217498183736522,0.0019406789506855038,0.008986333749970932,0.009216636879811224,-0.06330256133321,-0.013127404165687806,0.0025550827120326414,-0.0006219296966368804,0.016988734722029886,0.012808925051900344,0.0003923976939925744,0.0021869620374692644,0.0169768908876331,-0.02995701387645422,-0.005959980828779687,-0.003061241857905017,0.008243429860106843,0.01692613131548959,-0.010929016211355558,-0.012077308039968204,0.02442467636336998,0.020840715636541773
2023-07-25,-0.021333312988281228,-0.028168988071767043,-0.00960119016301142,0.0012151972485334728,-0.012693956368257653,-0.012861724173671374,-0.015105726036447331,0.0011693885341579335,-0.0055005709456042995,0.0009140964889209346,0.014146235809805674,0.0014598317389939997,-0.018030528953274283,0.016354984619597168,-0.009456351771285454,-0.0015507267051467766,-0.003016540597605144,0.00809945003274648,-0.00022234006245536175,0.00877689700416684,0.015598252295511372,0.0032293068040845085,0.002568396431010145,0.005927617232910132,0.018868023542172985,-0.0058708823922705156,0.01726128522332604,-0.0014111329408525997,-0.009859115365753457,0.03872379468724163,-0.002532889444796349,0.02054049517657308,0.011516505603078153,-0.011370334646618296,0.030082309764738246,-0.006382992367248819,0.009054690129426168,-0.001280070032334879,-0.003322225522344735,-0.005138732983415384,-0.028819297579100955,-0.015991345904901366,0.002304645237997782,-0.061571078665215495,0.0,0.004735984431360141,0.0011818118685691381,-0.0027899451891265636,0.03337360351786045,-0.0401147268134896,0.022594180926625018,0.03453245862770937,-0.010322620022681472,-0.033370433634343666,0.009988847338373796,-0.009960197395386228,-0.006787342032403276,-0.04049296232826827,0.001712798155760309,0.001992705695252006,-0.02694458355378626,-0.006849579457741006,-0.04133226974742776,0.0020938391342961715,-0.00046724850664370265,-0.0013484584366175723,-0.014704365992688762,-0.01375647554403836,-0.00019612188921924734,-0.008066010228377718,-0.0029402687773140146,-0.018529340093649593,0.00489250418843068,0.0037531336833942497,-0.007547264934090414,-0.006657808592876013,-0.005524856784194343,0.015717805662953666,0.004146393388463787,-0.01689529607278928
2023-07-26,-0.032697580785567726,-0.005434820636233795,-0.007457078965941055,0.0,0.03857142584664475,0.003257299983380646,0.018404890477013325,0.021957453785447667,-0.009955769133592196,0.008219171804374703,0.027416969570488225,0.0058309261629183595,0.028248628284956778,0.025287725512026737,0.026252916052526887,0.0068783520080049065,-0.0017290042712190257,-0.017139821568298963,0.03423769880232119,-0.003227494804049935,-0.0033970330630034296,-0.00030053508179495037,0.0025617317575004073,0.007650137889884556,0.010311409875967348,0.013779561557613063,0.004524692433739208,0.0028262541019676846,-0.0023707878649610326,-0.012416314963075159,0.030726232901307826,0.013771199175799165,0.0001355374315747948,0.041162282167581665,0.01967418919055608,0.055674364174407964,-0.030988321494901272,0.004556716969079888,0.012083221156463875,0.0015495236751612573,0.017161233897535766,0.017695880648896267,0.0012543150731088026,-0.007239811975128574,-0.028985479703797723,0.01504712792818319,-0.006070854209241694,-0.005876000465085296,0.0005873403654892417,0.01791060023138291,0.004841809081117754,-0.002955530642167581,-0.00573656883335516,0.04487921313634313,-0.008791200652942033,0.017102624091598795,-0.009364691156747429,0.009174347244904846,0.04253972049374699,0.004087531492771079,-0.01969649154366493,-0.0015324723818355146,0.04556615803399122,0.008849553158608359,-0.00042499542169760485,-0.005400879202942188,0.037258773249573496,0.06929122587400416,0.02412698349981035,0.0010214610069090302,0.0029489394519106593,0.042253144233342255,0.0023867750237609453,0.0061182496264919894,0.02534856045312739,0.0020107684113672697,0.005555550404536813,0.0006877736525496836,0.06469389857360208,0.042606542170006145
2023-07-27,0.0,-0.02732233602620393,0.0022539242693768724,-0.041262202767949785,0.013755145102465782,-0.01406927680315151,-0.009036136142469231,-0.00548575265066964,-0.027932961489138486,0.005434808794421153,0.007022544116124907,-0.006666653398154421,-0.006868157870036584,-0.01345301730373405,-0.0077520393574135316,-0.009696122543022878,-0.003247497946355704,-0.014823039815498706,0.02085121309087201,-0.03294390693789484,-0.01099427721554036,-0.08878201482249826,-0.00425875635472206,-0.00035912241377855647,-0.006456964614872551,-0.015533965480508782,-0.069819806290078,0.023015488494450675,0.003802085388382448,0.03144697178955891,-0.037693983088081584,0.01880880991805367,-0.02317430317093483,0.048255990483363265,0.00813997405045419,-0.018255286569150986,-0.020990208582320147,-0.006803958842690916,0.004117065720690372,-0.010486450315550289,0.0014058358267994286,-0.022001460595633016,-0.01602313360784302,0.03509564866326076,0.007462679264300887,-0.005179652359885378,-0.030369806809582234,-0.02448632654017846,-0.002934088897794007,0.002932461672530806,-0.019816801339583856,0.01133391846512688,-0.019407334323040315,-0.05506607975784239,0.0103474017801779,-0.0009890480264176382,0.009708765305084244,-0.039999961853027344,-0.019889248986432517,-0.00825184487774111,0.008746072621866219,-0.007674508467292562,0.12370515312707164,-0.029361581374716672,0.0035711568765961488,-0.01566416005156379,-0.02329452750252481,-0.013675512022497616,0.01379057405787365,-0.02130919651054064,-0.014037618929185425,-0.008194193955617823,-0.006952635275347063,0.0027027256438858505,0.006180442236509043,-0.0040133892653970715,0.049723776919236684,0.00945015858849918,0.0035551457988340918,-0.030219864281599618
2023-07-28,0.022535257239210793,0.06367034944483296,0.047226394845182984,0.026582371131243177,0.12211676881679034,-0.0043907753414358375,0.042553223868526224,0.0034475185397713215,0.003448245244700221,0.008108101754443764,0.015806557866907767,0.028596426295474764,-0.004149406601549943,0.01590904827948414,0.00468771888175179,0.028705141587020755,0.00456130996965709,0.029428144970397252,0.008843968537030511,-0.00029139174138903545,-0.011407712144759885,-0.014840971001851666,0.03165109892797169,0.02268177903061619,0.0025157954964254436,0.02366861567970302,0.022067359515247853,-0.015151511170906184,0.010890064493800367,0.02187326870855233,-0.014336952217158472,0.01435900957156444,-0.0037855569551189516,0.029949834939300368,0.03169845731919585,-0.0010331353978001445,0.18110733313838878,-0.01912336649462354,-0.01148012170613133,0.010250176138141276,-0.0028080267336115794,-0.0025547672714435476,0.009441481895298587,0.026420097122767494,0.01481480042466754,-0.05242353737060579,0.006824194941526196,0.02192748840564418,0.0005885318830141095,0.0,0.021117491037983882,-0.006034533488279092,0.016047132886139348,0.06060611449738351,-0.003657658409349396,-0.0019802432681454984,0.06895238974081974,0.00757575004991895,0.010460278466562167,0.011814938594032487,-0.00011732172439604671,0.013921029535702178,-0.05627395373068311,-0.030375344268000704,0.0013558059248286458,0.008168858748311525,0.004008442962410097,0.014718542626145803,-0.031362184278520666,0.008300172158699493,-0.019721117645369657,0.00739236832603396,0.04991867310653464,-0.0037063454702820353,-0.004913920073852385,0.008070003342618648,0.005263152941442195,0.0,0.01867958169049677,-0.0021245775061528027
2023-07-31,-0.011019338570397608,0.00176060372958875,-0.010021498972564435,-0.018495611630808706,-0.03990331103711331,-0.001102455958540527,-0.011661796231637989,-0.016032999665274716,0.05612837920801983,0.007149304595121864,0.010526303834014206,0.03801418872589757,0.011111167036458314,-0.00447441628297407,-0.0007775976809849539,-0.000865441053201188,-0.00929723704296892,0.04105329424131021,-0.0022960693221023565,0.01572759091659237,0.009624407014151792,0.010664706445817629,-0.0033168994418819597,-0.019519291086850132,0.01233788781041123,-0.00578038718258056,0.01375613381979024,0.02937058920086799,0.013583376031828465,-0.012645749657561045,-0.015584375951197216,-0.013144601610523443,-0.001193739282849493,0.01615509726991826,-0.0011591621729333257,-0.007238973743348809,0.009823792354035188,0.008583943492018742,-0.009954441487309396,-0.011349954085871916,-0.0061596944804875875,0.002195409278151539,-0.014975382155944406,0.021021011683594937,-0.029197052345843022,-0.012504806680742053,-0.06760520978228113,0.010446089840640882,0.03529407121528583,0.05146199070069568,-0.018850005342593734,-0.02463134397919542,-0.00026328338480008373,0.002197747609997913,-0.023861953891036736,0.019841251069335764,-0.020949185558275518,-0.02255645836920439,-0.013664587430541109,0.02362801701718409,0.009257348686474876,0.01830673171564512,-0.00796281623320716,0.005695801807700462,-0.009392182779140001,0.00242032368607914,-0.002894354286452905,0.011042773457709654,0.053052430690865515,0.0064933180349722175,-0.017762534175916556,0.013957098772652499,0.013747320699408982,0.0,-0.0006173128892026369,0.009497960642186554,0.041884839954660524,0.021106411548371007,-0.010749336432798517,-0.006032618159488967
2023-08-01,0.011142117333688528,-0.05448153596873151,-0.005784520907258006,-0.021356897031875377,0.017632224871117375,-0.001103777971155906,0.011799398411569628,-0.01582868528089798,0.05314530986191279,0.0,-0.023550710384847573,-0.03033617397438182,0.02747250048093086,-0.017977452090601864,-0.0054474196677958275,-0.011474327264137885,-0.00698393917137019,-0.022401342261281876,-0.0012551806173953794,0.012186365637485874,-0.006663252104868178,0.0060096507378883945,0.016638944880729145,-0.03249739530744589,0.017764939273464453,-0.031007723283626443,-0.03303850516414142,-0.04347821955569664,-0.005083032737187021,0.022072851973300445,0.01451185263633814,-0.11680331112588094,0.0034060740442725113,-0.008479019634462848,-0.021764774026408307,0.0031250067784780455,0.03563500853819357,-0.002452155572737702,0.0062841753384288435,0.003826707246179506,-0.00849993148721695,0.0010953000072773111,-0.00341413167197957,-0.021008404034795758,0.04511273747632516,0.014198087916742486,-0.010624376574431937,-0.0005589717449892007,-0.027272704914051316,-0.1281192558454214,-0.015687659022060818,0.0017783214478823695,0.00868883188604852,-0.03728071895332574,0.047386243762740365,0.012645925857757145,-0.03094774565783054,-0.021153780906155717,-0.0012594523074456188,-0.024260817326679285,0.0034830179926954585,0.02921340674546724,-0.01344046803930532,-0.007594249871733738,-0.008669712296386689,0.02855344488459366,-0.0019020466244094036,-0.0010502546730863926,0.013706281487340322,-0.01788966338485054,0.01508644116470026,-0.003831521823589923,-0.007163401172115447,0.0016909440567363099,-0.008029643735618541,-0.011424682681857479,0.08542717360766239,0.04984160326907916,-0.0028762377037906406,-0.013923571803487689
2023-08-02,-0.005509702125222393,0.0055761584262175035,-0.02036361694335942,-0.032092493373039654,-0.014851471125267302,-0.023204423615588943,0.01749269434745715,0.01348154473228913,-0.03810503440839241,0.0008895568307838442,0.0009276468990877529,-0.014937959022968683,-0.026737942346945265,0.004576583790610211,-0.0015650178688098038,0.005913421386371409,0.015604505241953559,0.02428722708080766,0.015710130736015904,-0.018272018466677475,0.0059733502323298104,0.002634023236994798,-0.010638332497403535,-0.010790841110768778,0.006088796493022297,-0.0100000381469727,-0.03538750536913715,0.0,-0.004644905142107025,-0.05317573316466517,0.0023407061326936596,-0.03828305430245971,-0.008317585160826924,0.016034213757066373,-0.0014830263276335298,0.015576130052713744,0.023075295594239043,-0.010267866202999243,-0.0029144911858185463,-0.0013862072019845684,-0.000714534560447011,-0.006199909280558358,0.007975630492341068,0.00042919438666455534,-0.021582713452168112,0.013620895636189845,-0.0391861188415763,-0.005870847237277599,-0.012850395882786136,-0.012695323959633464,-0.021694842477210874,0.010296562962169409,-0.007308864107463897,-0.020501065714788158,0.08509870374945017,-0.004803092360015082,-0.012475049330276988,-0.025540296766950465,-0.0027323615308290083,-0.01251435700286374,-0.004165191853475525,0.008733669872112992,-0.10406816562584564,0.003372201673581987,-0.007366772585292614,-0.010512414507061973,0.005114950697669096,-0.006097690260414401,-0.024118401825020563,-0.005964375355733242,0.010629857092313566,0.005697956808114579,0.16994155406642086,0.011478669923101092,-0.0012452604434061154,-0.016315379792463225,-0.03703711062301529,-0.01953000240038827,0.0012820373969544274,-0.0050689126664140716
2023-08-03,0.04709143524488457,-0.01109056274895126,0.0059391181974861595,-0.025199007098517856,-0.02763822436865504,0.06561084996545619,0.002865326772472976,-0.017502917776133775,-0.01070667878329945,-0.017777726765734414,0.0032437071716708843,0.007439150668314243,0.021978000384744734,0.020501245760378373,8.75535379751824e-08,0.016546843613233886,-0.012551466165088954,0.015464026648740692,0.013611117533846251,0.005194009362613938,0.019711903736245207,0.002955610973670364,0.0,0.01652324307494024,0.04861809726566313,0.014141449365382641,-0.008222551165668057,0.014204508766081814,-0.014465772802862764,0.005006036664944258,0.02802278128442648,0.025331729687973592,-0.005304771754320203,0.008416685687706593,0.011289308927155739,0.001022684064921453,0.009281440454096623,0.0010230620498543619,-0.0008385326871794829,0.00607319916075344,-0.025379766421553263,-0.014678884926459634,-0.00631941129077096,-0.00557696970163124,-0.029411736347271344,0.000373254034569781,-0.02411762420295427,0.0025310173245947087,0.0295856730236832,-0.022749708214324538,0.028850297497929223,0.0021085303800485455,-0.021036004805134456,0.0406976060779658,-0.017538014273304925,0.0627413700526187,-0.007579662402198983,0.02822577931630388,0.0,-0.02429005664744377,-0.013709784723810348,0.00577201132517513,0.09778242488332145,0.00038778848964104995,0.0012585828817697209,-0.012274315105414657,-0.0003992273264691315,0.01311625530521976,-0.04119081864951801,-0.007013862958146544,0.02980136326215299,-0.027478733884965578,0.03669215426364869,-0.004385796022641997,0.0,0.01727700378532049,-0.01923075159625831,-0.007287461748007318,-0.006402112125650894,-0.003275121226164246
2023-08-04,-0.007936500427734305,-0.4560747406161788,0.02730626423253324,-0.014965936080960751,0.005168015487474253,-0.02016990791069806,0.019999980926513672,0.0073634533141746505,0.02705627772648156,0.014479631942731608,-0.012009183077140828,-0.01789256659469196,-0.036290319737898535,0.01339263654230094,-0.015079432064764364,-0.013823881119046422,-0.010519256976197933,-0.01583769840198701,0.003662113412137291,-0.011626107092532978,0.01379409714272195,-0.0048177897199290776,-0.045492108457248714,-0.023776981206405923,0.001731578435988812,-0.007968119921316186,0.042729566662120355,-0.02801122219106633,0.012310800223852114,0.052551284528498776,0.010853112487838379,-0.020000008975758266,-0.013724668455418532,0.008868033769757089,0.004994054669258174,-0.0010216392507396144,-0.016414477185786147,-0.006568402945064666,0.007973334933160992,-0.049499809495411884,-0.004217926602628541,0.006704044402392251,-0.013467137950777364,-0.006039662976931814,0.0,0.005223874665587713,0.009443243974564641,-0.0036468478781847002,0.0017242415147153967,0.006072820369170451,-0.005231584799155198,0.008066014791078269,-0.004297605409062544,-0.0044692695760304435,0.025261030195660394,0.020890057897817726,-0.047606898930719344,-0.007843129921765946,0.005479615060685061,0.03526274779409189,-0.011662021619424867,0.1427547723222995,0.03886116183409638,-0.008657425209626868,0.0545297745283333,0.008980791469992866,0.0029946086746299727,0.0045938780682774905,0.02714317451131598,-0.0046951140929362145,0.016455551853416184,-0.009612587427173414,0.025853063256123132,0.002033076449542648,0.00748113458449895,0.013587094348624484,-0.09313722625689835,-0.004893951725845613,-0.003543759631033816,-0.0021905885939781378
2023-08-07,-0.04266668955485031,0.18213056898878976,0.004310306437753875,-0.009668483338634126,-0.07069411001319392,0.008667484436406303,-0.016806706975212804,-0.009431773810848365,0.021074796005139618,-0.004460312620125584,-0.001869942280360859,0.03788309685447455,-0.0041841296358613445,-0.015418251592981935,0.017727597311596455,0.002649051820422743,-0.017940335186973133,0.0008251869178785842,0.006284284405396745,0.005082671663853011,0.014500929871336998,-0.005452145378148643,0.012131834787502127,-0.00695122605988685,0.02688678273933598,0.03413656137406473,-0.015290517083270005,0.0033621371686005652,-0.008419232365822649,0.04495845907388918,0.007740359031122024,-0.03601442898950136,0.008773931629994625,0.013443522036381106,-0.00029213193996224796,-0.0010222358141808163,0.021011323135035953,0.0038201282501582057,0.009158910069834159,0.06133190039341696,0.004419847443259073,0.006659179364042922,0.012404832088133144,-0.026041682188708948,-0.022727340459820944,0.007609370260912129,-0.005174966546413473,0.007644508721502241,0.0040159119093334805,0.005030200487486924,0.004277430912545288,0.008871076939860112,0.021580772690759975,-0.02244666809093454,0.0022995957160349967,0.025800708875297174,0.005078819232396503,-0.02766795811635747,0.0115278267993848,0.013206399543530978,0.008819884533275868,0.06654090617049824,0.05259254701479321,0.019682000383389076,0.03970718689189057,0.015317694943777216,0.003284195057098982,0.00997711030434889,-0.010076063525090384,0.013413887234373867,0.007257026434660974,-0.020147152957832426,0.00288124161275527,0.014880051310811604,0.011757596732295816,0.01005347238417853,0.06486486660641755,0.013278711037557622,0.0006467149507842773,0.017197309074494793
2023-08-08,-0.016713076382739778,-0.0726744173957955,0.02503579348570839,0.020920422036605935,-0.026279399269601544,-0.01074117905075711,-0.0028490001397227793,0.03094508697210463,0.013415905064030564,-0.008960502591068176,-0.032318557610653276,-0.014210039849716471,-0.0028011178292021155,-0.026845846052189426,-0.010292889799495608,-0.0030823950329864624,-0.023229419162815512,-0.00051515863971896,-0.003021931103900366,-0.005346282816552805,-0.0007425323454290922,-0.03856347988515019,-0.14083921438227087,0.002984443387025637,0.009538096731377177,-0.02330094822076323,0.039130403658494295,-0.03015793102793407,-0.0047169739210563,-0.016671768550476473,-0.003964317269387618,-0.03362384969712229,-0.007443533996654206,-0.009693789403085185,0.014327290065890619,-0.023541540116585935,-0.01792043854445935,-0.003659132273859944,-0.011138554586114013,-0.018464725595183085,-0.002567004307394427,0.006615200930669252,-0.013109196354833874,-0.05570409849602509,-0.05426351574634625,-0.003315442540117619,-0.007803175637967952,0.001685879351484676,0.008000006925823921,-0.0070069766194182925,0.0009774861753186759,-0.012931022664021019,-0.002904690083287753,-0.04362802672521704,0.01999346462718532,0.006071175205526025,-0.0015956798145895235,-0.008130073421291018,0.002694336873880543,-0.040188995452699716,0.009215503584213192,-0.015303180110207704,-0.03237154468564929,-0.02403170039695235,0.031074479398704113,-0.01264014151943793,-0.007538879876672566,-0.019551355383386704,-0.00268859580830505,-0.0024692391630665167,-0.014686811576115177,-0.029116058513302123,0.0001454186590588158,0.0096633906165835,-0.0055047192107327,0.0026543974651225266,0.020304548869091166,0.22277948797642133,-0.007754559059547805,-0.005036015223631951
2023-08-09,0.01416429255567353,0.025078345539517377,-0.014654573570483498,-0.0027321834890923213,-0.035511363828785614,-0.008686202320814629,0.014285700661795575,-0.015700768497207473,0.04684318252977371,-0.0018083400305538566,-0.007744359171220294,-0.005370334529963605,-0.019662902912336522,0.006896774161867292,-0.01759995820292337,0.015459340152664813,0.015238784006608608,0.00257806902179869,-0.013133884843476218,-0.008279895107563218,-0.00366895549414914,-0.005652770279492736,0.016940832677136308,0.008223351561219117,-0.02111899936255368,-0.01590465153206444,-0.007172637847648544,-0.022704885815624576,0.009952685869976774,-0.23393783581056216,-0.03706471766638464,-0.009020640411947944,0.0029753175595204073,-0.020607978660693194,-0.009801186257300532,-0.013815117188105797,-0.01704428498749455,0.004553847888481455,-0.004171924129252158,0.0017418302453731105,-0.0031247595699471775,-0.01861995530023175,-0.002494093174318701,-0.02878719183471179,0.02459013990675496,-0.0064683204102273795,0.001209965666428836,0.012903284000784776,-0.007936514752834412,-0.0010080875811416812,0.20445034353030422,-0.0013974811861779957,-0.15042364255719298,-0.0012005076798832226,0.005784010056973488,-0.015517267177277083,0.00692590077763322,-0.028688594270410817,-0.012195158536113637,-0.05810248837223497,0.0,-0.004183781777561402,0.003818216683555864,0.009168269936061124,-0.0056745249513232565,0.002581044790673781,0.002498815828588352,-0.009236057536699094,0.001347921921380335,0.0008520705552501617,-0.010124622636271119,-0.030762039413258724,0.038470074407092714,-0.006600594635970958,-0.004304992401969354,-0.004632841605792026,-0.03980101656463497,0.03664986207936627,-0.00976880086102938,-0.0072306325593534115
2023-08-10,0.01955312099250328,-0.04587158906494271,0.06373941781154291,0.006849259732682578,0.005891010615280079,-0.009857628856492329,0.039436649798495926,0.03284066798273577,-0.005350131607986808,0.00996384293258945,0.0024388809434483516,-0.003410029456315078,-0.09885387612248864,0.018264981894959176,0.0016286197238972733,0.014789291504316848,0.0009096283351068823,0.005143036972159232,-0.01699437924176772,-0.009960350508744664,0.0014449153115103641,-0.005585969669380408,-0.007839357144847625,-0.007136734421006485,-0.014761417580167469,0.014141449365382641,0.03612266676603637,-0.1545454335278379,-0.008446537802760723,0.04129556936537182,-0.00749162806474124,0.016905086277451353,-0.004084009493076302,0.005786526730821473,-0.013973558756267157,0.012931221270359838,-0.00407998288600131,0.006581123730529326,0.0012567449976954581,0.010259088329115373,-0.0075605033612867745,-0.0011160813929250724,-0.0012498033210427417,-0.07094261855612971,0.0,-0.018229102669990338,-0.016918427879183406,-0.021600601102020334,-0.0011547574752674983,-0.007063541463373291,0.0017953179766749816,0.012244145385941874,0.017456282002192847,-0.050480722940178024,0.013099036977823664,-0.012259224377184741,-0.004761912931450563,0.042194155223580276,0.002510878047267795,0.0014529118940416197,0.0007024720788648686,-0.0018009105009156867,0.016120154501828576,-0.006099935053013983,0.010565956813014088,-0.0012357403545236734,-0.009571361220088503,-0.004025530840338187,-0.003076920842101538,0.009324995441010397,-0.012785316857208295,0.0062200497617417305,0.007387939126762166,-0.0073090210382182885,-0.0012353883995873671,-0.0006649041669091194,-0.06735751231330078,0.019655404537576304,-0.0019879772437209065,-0.0058268087439360405
2023-08-11,0.021917786744058088,0.057692331204988845,-0.009320928033020759,0.014966110517252496,0.014641274633910628,0.0022124400274412537,-0.02168026040218951,-0.006359272928904369,-0.005379002750499184,0.0008967370764019211,0.019464886450216712,-0.012831501763767239,-0.022257530577846296,0.00448412139902854,-0.0032521226468188447,-0.0036434389947083146,0.0009088961039389609,0.0038885860085706714,-0.01562169563425242,-0.0041426764940654115,0.0007447443990207248,0.013471740651396003,0.0034569223246709857,0.0041074123755600045,0.012485472333666703,-0.007968119921316186,-0.025566299917573088,0.011350091795427009,0.005678953702953127,-0.08187785466501674,-0.008068651050699982,-0.007672626785479197,-0.00030590606718150504,0.008368152508482218,0.06214852747607158,-0.0063831847519351115,0.004916052436850782,-0.0033416191296031794,0.0008368622773862189,0.0013769678684298903,0.0014864487859227449,0.003724428074623587,0.001577751943137251,-0.022489554722897265,0.031999969482421786,-0.0022737413751823254,0.016594857572827637,0.004245543891194137,-0.013294753993561614,0.0010162834071913984,0.012024500068573252,-0.0012095194145658184,0.01838242340803009,0.011392363881553402,0.01766008796781171,-0.0017730057236523544,-0.005316341536893088,0.016194316352106997,-0.006470302037512976,-0.004110459681116341,0.00397748930712738,0.0030066704827973467,0.024064236993128763,0.0002611937718328683,0.0017171356621501488,-0.01371269441131695,-0.0037245676398929284,-0.0025525546249767217,0.04533173179940975,-0.00538260832148163,0.014677759979550453,-0.014106719423796599,0.011365621464808573,-0.0003346271046429372,0.011131866913838051,0.014637473074256446,-0.03888885283175714,0.011265509234632987,0.0016599704098765322,0.010256501626165315
2023-08-14,-0.008042887730928872,-0.03939390239417773,-0.0013441167748554639,0.004021449333845961,-0.007214966109124976,-0.024282589055124593,-0.024930724871093823,0.0025142996651785765,-0.01769914491892266,-0.0044802064495205185,-0.007159976861586093,0.004910513832685481,-0.06178863553630809,0.024553600454960467,-0.03017929467189151,-0.0040869695004869255,-0.008399371483690854,0.0020387294549308876,-0.0029622782017456606,-0.0044567017514864915,-0.0026044869522438008,-0.009613895047677179,-0.010826722912738562,-0.023897881172637914,-0.02318066057799595,-0.020080302058146038,-0.05784156404355845,0.02067338305733668,0.0014116919960946994,0.05907315588487094,-0.011283135615038131,-0.003866006304573566,0.009802234109412833,-0.0311205628079656,-0.005293856871645741,-0.00963582435882504,0.019771654685153406,-0.008600327873703018,-0.006689048718642732,0.014266036644960067,-0.017439670042634692,-0.008905386041239582,-0.0022818159646936786,-0.006955648175522633,0.0,-0.0015191002403454057,0.0008061561295511499,-0.004227595449160515,-0.030462843349715052,-0.0030457548714359906,0.045355892563340605,-0.05484428218660342,-0.006919474889274468,0.03379229856046506,-0.006507563727726318,0.0008881197760712833,-0.0032068128743082402,0.023904359763948557,-0.009243729102994536,-0.016145731596134083,0.0020974962417990017,-0.007194341833956508,-0.056570806487655334,0.009791108972946994,-0.0058664246886893645,0.001254391726884574,-0.014650805484404339,-0.008103936560382774,0.0040997752135865095,0.004725210613172104,0.010588877155983223,-0.05980715957198701,-0.007595277211861706,0.0006694782348493078,0.011008998431120132,0.00262291773908796,0.040462388711583364,-0.008045568987658958,-0.016572808480337486,-0.015953518425163904
2023-08-15,-0.0027027000903735443,0.01577285524066596,0.00807536260642916,-0.018691710367843006,-0.01744184354113687,-0.0011312475915408182,-0.008522719191002448,0.003647967286492637,0.0020020478700604194,-0.0018002016701575974,-0.016346108053177044,-0.010635318679077521,-0.01213174556200547,-0.010893489523342903,-0.03027773182506155,0.005831632467884207,-0.015796714406723034,-0.0039673637601298495,-0.023132385738076078,-0.012535596376345937,0.008300510893664903,-0.026794033476585155,0.0059700231445869445,-0.006727329361140177,0.006613548516244849,-0.05122950699533779,-0.009493750396805556,-0.005208341956690177,0.01221811965467512,-0.019446236068978884,-0.027866221564661675,-0.014230288905948685,-0.009707146022193691,-0.03372577420204026,-0.014005750308681564,-0.025946083661832597,0.00829504148816973,-0.012351328170566944,-0.030723810607220292,-0.013557011689807497,-0.02832323578900897,-0.02171468431644552,-0.012362439455260277,0.13954742602986303,-0.08527133144027743,0.002282208162255772,-0.013491695942736137,-0.006227010082882289,-0.0060420933256694065,-0.006109925438593122,-0.0014207558553727129,-0.017938818705868997,0.016964598659967578,0.009685220519283666,-0.0015596709175275114,0.012422305586686555,-0.002949078085831891,-0.0077820939478694395,-0.019083921243402413,-0.0015424077514374357,-0.010814056551797124,-0.010265733878155436,0.023985183785566244,0.00012924496048372092,0.019312549378103006,-0.014303561648025709,-0.01271536170399401,-0.03139107889550807,-0.04027459940114553,-0.0010853478780993298,0.010010450441975793,-0.029582780112784257,-0.0117740273679382,0.0003346537684862927,-0.011494171407696041,-0.003924269863657237,-0.02222220161814692,0.026828070155396233,-0.02595211122886143,-0.032424477421001185
2023-08-16,-0.027100309349716856,0.003105587072796734,-0.016021347026178523,0.05034030776143816,-0.035502994057593495,-0.02491509274401804,-0.028653267724730536,-0.016583360623468102,0.059940001406217025,0.0,-0.01515171577498986,-0.0058104868937102205,-0.017543843505051004,0.011013464584408883,-0.013876846669436227,0.006012276116584836,-0.001628499790491622,0.0009191380746511602,-0.027373458411054208,-0.003626949659101486,-0.028720662574512,-0.0003053141924287406,0.003956264521514763,0.012768487928843664,0.0040579436818641845,-0.017278600805329503,0.019169422969158578,-0.011052968479039804,0.0037139448798220176,-0.03970182645481346,-0.020748078462165753,-0.007874008357040663,0.0032946666970397054,-0.02049871076118226,-0.01960210316198041,0.0033297418706161874,-0.01268707292140403,-0.0068482858628465815,-0.006079246474334776,0.001546128740824937,0.005052447350571532,-0.004975168560723775,-0.0007721010724837107,0.01749412983011256,0.025423806722535414,0.0003795776161290565,-0.005919634999432488,-0.003987420774497763,-0.02613987925433725,-0.005122970242039782,-0.019645398487543764,0.017893684507273022,-0.0062555581287370154,-0.013189521383573322,-0.08872222412235442,-0.005258498400067091,-0.011831100913055392,0.011764694882648863,-0.018374436178749343,-0.03262466790674334,-0.0028302991677945366,-0.023184663299912422,-0.061261403938943526,-0.005299914311085785,-0.003721714849351465,-0.006990823392736045,0.0,-0.010876806524689475,0.012956887094093705,0.0002415539952993484,-0.010374369519735915,-0.027312805019115483,0.011914306741583669,-0.0010033483277896993,-0.003059930408784828,-0.005909185262762406,0.0,-0.021873897578462254,-0.00865051188756627,0.0
2023-08-17,-0.013927563652283204,-0.03095972261364044,-0.03392130310474695,0.01683935661834779,-0.04754600363288486,0.0023229336307999393,-0.04719766397624081,-0.01871105003835849,-0.009425017062321683,-0.0036068964813850135,-0.01786575849189287,-0.055230839340385085,-0.035714252262698754,-0.026143782554128414,0.024626312918553994,0.005336270297870094,-0.012814511285520358,-0.01663257628740411,-0.006477684247431892,-0.010617452647965653,-0.04723573822780125,-0.0002038446816994277,-0.007881544270916474,0.008003106794297388,-0.007120928193251164,-0.008791200038733793,-0.03949846855084749,-0.007647009456858922,-0.0009250218052385684,-0.038111342165937145,-0.016448290219028716,0.010582000570312333,-0.012952101413795991,0.0016969049804589353,-0.0226024055263514,0.001106031188429224,-0.02951513325360544,-0.00824478965235187,-0.028396495737052385,-0.018010278744447716,-0.015274631067960343,0.0019230940867489554,-0.015231021106311249,-0.004182163135383332,0.049586728006576486,-0.0013277905824382596,-0.012525494470660758,-0.0028599212173947564,-0.043071280863204,0.0,-0.05470275832314131,0.01080395644277976,0.00629493646974022,-0.036451972124434184,-0.04902297913732001,-0.01497797978681048,-0.01850340966464714,0.0,-0.0019819624927644997,0.007473014647954912,-0.009578854452475083,0.005621389238963381,-0.0191939193941304,-0.03456788012369827,0.0036517964425288874,-0.013440022786458283,0.008724467130255098,0.0011220488251690863,-0.007063718086574022,-0.014523147908671818,-0.020123647911157616,-0.04347820115188372,-0.018180510715991915,0.0,0.0030693223214908194,-0.005944611532396227,0.0,-0.06522549558127333,0.0006981428910786125,0.0030464149220401637
2023-08-18,0.0028248560935075773,0.05111816024348248,0.014044930651669008,0.019108205873975326,-0.11594207127310296,-0.0023175501156951217,0.00928791678409202,0.01836155338281853,0.01998097369873375,0.0018099766390633487,0.005558328275557578,0.02412615945315677,-0.040740789471011896,-0.006711407209242792,-0.008583645063005019,0.011464793869168322,0.010856780742567462,0.0064334208720637776,-0.010791223654090909,0.00950482939317987,0.016142606201697607,0.012932989521398097,-0.016881850938894383,0.011637388638595647,0.015119216144908965,-0.015521101576248086,-0.009791135310145083,-0.0314167552032909,0.0050925612802834586,-0.0020896744573383197,-0.00028339914623443097,0.00523559719267741,0.0031410518286081324,-0.00169403037188387,-0.04239539272239423,-0.0011048092349581484,0.0048619140333665545,-0.0028718170823831546,0.03372296308544431,0.0019214080410754342,0.004515987648037401,-0.004990371388852055,-0.001513051465726667,0.010265950080334818,-0.015748016714081325,0.003608729793117771,0.010189120216736347,0.011184426436906314,-0.013698554529744444,0.0020596811545607885,0.03212279148797448,0.0,0.019064623040408124,-0.029003786135222698,0.015501092599989219,0.0125223064245914,0.00609928534972215,-0.007751930820906638,0.013018489823829471,-0.000760655378892916,0.010865722085918295,-0.005589965865003599,-0.044814012064724906,0.012787684838713842,-0.007693794302946477,0.010703919515948845,0.0008236139936919074,-0.00537994619312665,0.00961347399612933,0.007878736208746018,0.02158764837057703,-0.0015151546577782948,-0.007900821835289507,0.0003347391174246539,0.005508025681981055,0.017275870426818996,-0.028409063970007975,0.02365761336835437,0.02162539312209799,-0.0030371624649861984
2023-08-21,-0.008450696279642567,0.04863224549722234,0.011080388208860148,-0.02250001021678738,0.29326051013413634,-0.006968579365256078,0.0,-0.014794253686548853,0.0251865202764765,-0.004516540303001526,-0.006030274102234556,0.015403150472119265,0.036679548941490614,0.006756754540376164,-0.016450290048936056,0.009655916926556873,-0.01797789663325655,-0.004639678374619427,-0.012954555142444368,0.0033409680888802917,-0.011115496648935963,0.009952661792792084,0.0010100965462271905,0.01451377178927693,0.018522097240732727,-0.01351350045186761,-0.0092287341657461,0.02386777148142616,-0.021188335902329825,0.03732294862712404,0.0017012013754540423,0.028645868742994463,0.00119477511831656,-0.017533832221494183,-0.02074304931752957,-0.004424722673053383,-0.011941486926120515,-0.0015158516923154952,-0.000434862848130102,0.0010459825306019521,0.0064505431704116045,-0.01003087671443359,-0.006341633654520118,0.03279450366426784,-0.0319999694824219,-0.010787261068947895,-0.01070398907605885,-0.005955631270923023,0.025793668361919764,0.0,0.015618740131115638,0.001811577742156345,-0.0023384395936371094,0.0012987310557857068,-0.007454774272365405,-0.027385112570641024,0.009920104747022096,0.03515631039044953,-0.027880468896563926,0.021508772343153293,-0.0009449931075784512,0.007495164698822165,0.04158999802714858,-0.0038542808013756202,-0.004277736258186948,0.006311471081551501,-0.0053496568609081585,-0.012846578753825444,-0.011235872363035027,0.005184443655585236,-0.0009350175302933472,-0.009863409979945503,-0.00206173625213224,-0.017737593563180387,-0.0024345598664539114,0.00718473688945287,-0.03508775476628012,0.005063711192437204,-0.006486945296532709,-0.018659516784664376
2023-08-22,0.02272725117600638,-0.014492739601511984,-0.012328787703611122,0.020460340235368246,-0.012676010839381857,0.004678358007099481,0.024539853969351322,0.001877096036124959,0.015468615089575088,-0.013611731792831594,0.011122278463252089,-0.006841152574166176,-0.016759716511867695,-0.008948723958339011,-0.022887376944078164,-0.015384605662673079,-0.004041995326452219,0.005800797255441248,-0.022334853999887883,-0.014227394884980149,0.013080624885507763,-0.0021400280878686173,0.009081695526758526,0.0034441221320844484,-0.008623819290976775,-0.03652975344035825,0.03393215117599202,-0.03167954535556605,0.0009410106790224138,0.021572200665397778,-0.009623553211622893,0.010126572498773356,-0.0008435270986839605,-0.017846996390206038,-0.04204860452731496,-0.03777777724393183,0.003021392748387086,0.006224457339299327,-0.023933795306359196,-0.0012190821500596138,0.016508039515596984,-0.01909580691465229,-0.007625170599829034,-0.019230782354125342,0.01652890933552542,-0.003443752275115508,0.026425387881848117,0.003708919170195779,-0.016118539375926333,0.0,0.00276026187321321,-0.017179125782684324,-0.0046879531908829986,0.06355379619893364,0.006795441354757958,-0.010899171940459529,0.007639802664105355,-0.030188739337966508,-0.013892074357159223,-0.025962838190573878,0.004137984341893386,-0.0018598356850864084,0.055271519764114485,-0.0050700740064664185,-0.011814297538345508,0.01647712402238999,-0.025030993255027223,-0.029452076897078183,-0.05026971637981459,-0.01615821378562654,-0.00804867641406537,-0.0017242120835733177,-0.014606109775054055,-0.022146428433553522,-0.01586338459084391,-0.0058364472671385,-0.08484847740474577,0.0031003468856183325,-0.019587548034567526,-0.02677533277911215
2023-08-23,0.01944449264326331,-0.00588234716633218,-0.01941745710747278,0.027568989148846645,0.012838755037400063,0.01164137671933374,-0.005988018395350125,-0.017330249771542516,0.05197132003909033,0.007359609884135976,0.002999906834549204,0.027553219540572993,-0.005681857692471315,0.006772336804688361,0.029729861347840947,-0.006334383532216492,-0.0023871361549674397,0.004737321466645739,0.016486076780387382,-0.01627504915506195,0.05601664093232661,0.011371985305861587,-0.009999956249569952,0.005280388500458644,0.011913686075017527,-0.004739332208735791,0.06370680988958943,0.027160407776990025,0.0032912028889446887,0.07563251823598671,0.024578358228074748,0.005012586290047416,0.011552471117381558,0.014654273795896122,0.03135314452033766,0.004618816416824378,0.009244905474992127,0.012975291356999152,-0.005795787742258418,0.009764627518581648,-0.010126028262777864,-0.008740562504442217,0.013773567167479461,0.025991777788060055,-0.016260146842582146,-0.002687699236457397,0.034664443750931584,0.007959089282474352,0.02228035131997652,-0.0020554475878997724,0.013201497086002822,-0.011591364885578659,0.027377105438812555,-0.013414592589741092,-0.001776171855705222,0.019283749451462162,0.011372817911578847,0.038910562509224755,-0.0013633982166820768,-0.0006373977787711427,0.008477704885068382,0.0006212045530080701,0.0,0.011130586987319724,-0.0010092230912630562,0.019347400344926546,0.011457581263907723,0.02070118805820864,0.013587520320099022,0.006921690536683345,0.024341949718769795,0.052389278326649524,0.011098844250605033,-0.0013937575453699669,0.008679503958078927,0.0013045036881620398,-0.03973506169436036,0.027817076500571192,0.000700935084901877,0.006778362445531094
2023-08-24,-0.019073615859993343,-0.026627263177704807,-0.020509190580746517,-0.03780486775226699,0.061971839877542845,-0.004602987777274747,0.006024090761646228,0.0066730838918858115,-0.012776799101758995,-0.0009132073643455252,0.006979293460326108,-0.024774184051186143,0.0019048055013020093,-0.020179580381155193,-0.006124307596326539,-0.0012748973840013278,-0.0004786889908990899,-0.0024599068406788716,-0.009962810028689928,0.023880065955621976,-0.0083761022855261,0.01173739449350375,-0.009090868916043937,-0.018962078567934082,-0.01812727586819085,0.014285814843214784,-0.03215973137429873,-0.022235513549053287,0.013589504101384264,-0.05442886412615966,-0.008089180283770925,-0.033665890567662116,-0.006758626216314401,0.00346623061849205,-0.011200119064011416,0.0034482634363421916,0.018423149636323854,-0.004319452676443958,0.0,-0.015196012267897796,-0.011581078855058546,-0.020841708282063443,-0.005277315631446955,-0.022222222222222254,0.0,-0.008084550870263274,-0.010579947200152318,-0.006485984535339773,-0.012820562111794831,-0.0010298896851234085,-0.01519178466985327,0.013030409577257318,-0.010028718438846673,-0.001236122211769941,-0.014946621729261977,-0.0027027644697734665,-0.0013386677136062453,0.011235944019676314,-0.00273025850682318,0.010145208276300721,-0.016579114212432966,-0.00558674538535342,-0.00913340379078087,0.00013258749497735423,-0.0028753744629371747,-0.034369533519709616,0.005873851891304405,0.0018437062486469369,-0.0024008186528876596,-0.016392060342591663,0.0021184515326884146,0.03227553683175666,-0.004505391664974767,0.0041870361750906415,-0.015365729100573877,-0.007166089246601892,-0.0689655314160863,-0.02430766660013295,0.006654939752437583,0.003168186021931474
2023-08-25,0.0,0.0,0.02815879992106196,0.01267424929530847,-0.046419085729882736,0.005780369125999885,-0.01197603679070025,0.010653336419529369,0.004314080248195573,-0.005484435437200785,0.0,-0.009264721072201332,0.0,0.0022884029882217494,-0.013204300749478981,0.0010636628991460562,0.007421789954199731,0.008528513869670462,-0.006786841726391324,-0.006249901375607103,-0.00042232919547957604,0.0021936892144558406,0.003073496844351986,0.013331852960406732,-0.00761332816022553,-0.02347426668941155,0.04287504424127064,-0.027658312862844592,-0.006010322443823601,-0.032533336821056524,0.0008436101838682486,-0.006451637514175879,0.016622183304591198,0.0,-0.004854230273538596,-0.008018195619628132,-0.0032339535593073343,-0.004786871542238447,0.01838536047891104,0.005435759774267357,0.0005859857336985019,-0.007367974191509807,0.012642395181230448,0.03272724151611328,0.01652890933552542,-0.004075268218899475,-0.01504959819329843,0.004541464826637975,0.00844165738847047,0.001030951451389095,0.024603056839094473,-0.015435422343814231,0.01591893630117891,0.007425794577133882,-0.09104047796171688,-0.005420006106272579,0.00348528339877463,-0.040740789471011896,-0.0034224061727052835,-0.0077694997687196565,0.006529623283653585,0.01997517724236708,-0.006771950170263108,-0.010476109006944956,-0.0009351276172847589,0.003081182607996391,-0.003128339883048392,-0.007131463414587813,-0.0014039868358940444,0.010669068904528345,-0.0071691264465560955,-0.017664650876658805,0.00887194539136349,0.0024320619042559333,0.017478009672748263,-0.003936995544250754,0.02222220063700142,0.00886085511332535,-0.008350549706999555,-0.01223846916663851
2023-08-28,0.008333391834189907,0.0,-0.002106722854872345,0.030037479554892332,0.01668983096023391,0.0,0.0030303001841676114,-0.005856172594102316,0.03694152395348782,0.0,0.004950408889400348,-0.002714936604682583,-0.04182514400300241,-0.006849534469517193,0.008028572716334947,0.003613146537502665,0.003564486658312438,-0.0005094617333034623,0.02214886081120837,-0.0059825867389460274,0.00338015113001644,0.004377316865244341,0.005107573711506275,0.01268101672266897,0.00537009588441939,0.02403855411964395,0.07678375912233681,-0.0006320654488249922,-0.007906802489258902,0.004725186630414324,0.020792404475811432,-0.005194800369332064,0.006209471201974015,0.014968085323438407,-0.019837532172590766,0.0069283182486283845,0.0023319817838240997,0.004208539734197325,-0.0017609861875819144,0.00645271940879244,0.00039026029958622033,0.0070102076252200884,0.0046259420265155615,-0.007482397950338893,-0.016260146842582146,0.004481448628945506,0.028347517651492682,0.01723665399607488,-0.012878417922447705,0.00926881073473873,0.0007692487150943172,-0.012504772806786302,-0.0017093322279767564,-0.020884587955890543,0.00516697412176681,0.0027247713303850674,0.02244189542450359,-0.01544400122725742,0.005036603692215147,0.018971233178074032,0.004718179997647232,0.003059785737395071,-0.012310654903553542,-0.005762470685246157,0.0006629674909839345,0.010486154277810522,0.0038702775533365763,0.012279730931973987,-0.024101386080704446,-0.0015548531134640386,0.004458535128790242,0.0019781887964844813,-0.007085108583734456,-0.0024261613297124063,-0.003680839484353382,-0.003952481882087411,0.014492739851898806,0.00763755247151221,0.0010525815028779029,0.009592361620127887
2023-08-29,0.0027548182225876072,-0.0030395108143480565,-0.007037324503960218,-0.006075207320003662,-0.017783873523737226,0.0,-0.018126871243736797,0.015551363543087948,-0.017812771998667487,0.0,0.005911451796408063,0.01633384992132325,-0.05555550299414003,0.029885240142156322,0.013274412742545927,0.012494826237443135,0.001184106109135108,0.0004077146484844363,-0.009220796128360909,0.008796286665326392,0.04402741150205558,0.005472238134679008,0.015243650489653593,0.014609219442018428,-0.00228927171026716,0.021126683313431593,0.02470487492171025,0.006957599858173458,0.005156906856364829,0.02535661311225157,0.012111164451769296,0.00652744017374296,0.006511999741825036,0.0051050936586019,0.0013272325420983222,-0.005733965426613419,0.005361104349835388,0.013770853043334919,0.014556396350817957,0.013515900300958616,-0.0050721607500557875,-0.003685455393376502,0.0037725126907437456,-0.011086474876199959,0.024793364003288243,0.006013636654444543,0.01016609822664627,0.002777649064021448,-0.00456602182510224,-0.004081628681073313,0.03118651727245436,0.006047905409967136,0.018264822286715,0.015056507597894786,0.03400548326888009,0.003623184962974646,0.01567803676363355,0.05490200294984571,-0.009111546163966588,0.028489356828400147,-0.027236426158755878,-0.0006101518035828146,0.01591560894330435,0.02102704537092892,0.012044432116360193,-0.0036687470495077035,0.010732502804737365,-0.0009152869570284716,0.0176992974381478,0.01053201805980386,0.007952730035494682,-0.007178916465675367,-0.001721011125672578,0.0059068062034384194,-0.0178570942659797,0.005952248979379959,0.07142858967489163,0.009474481623337638,0.007010144088312131,0.0059381788329579965
2023-08-30,0.002747250048093175,-0.0030487776068546246,0.023387663482322685,-0.011002449011578874,-0.022284101843653037,-0.025287387569194797,0.0,-0.0027841980541325473,-0.011387539470292807,0.004595597621351422,0.020567833349993236,-0.016964277402072958,-0.07352948836978201,0.0044643205459524715,0.015720478494502865,0.005856523484901732,-0.007568785378686993,0.03698806991595749,-0.013959915729451766,0.011320200410279257,-0.008649216109172575,0.004430911491316358,0.010010144125002896,0.013884587344558774,0.0024856607052741175,0.004597696865513701,-0.006027430611913687,-0.0075376812175881325,-0.0027983636328541284,0.02404157426576048,-0.0029915857759620357,0.00518806247148107,0.007265997518393297,-0.014672619648162466,0.013916492965612148,-0.010380709988992654,0.009558275018373141,0.0010333178575634427,-0.011304308178658462,-0.005812961922226467,-0.001960653032042403,0.04808879898609919,0.0008291848069976737,-0.010313881170636585,0.016129016752173708,0.0023139858151839388,-0.0027094529480157226,-0.0013850332234274232,-0.001966033079776941,0.001024613590913992,0.03301207086330904,0.01615640428325782,0.009248823249296656,-0.002472244423539882,0.007648212843480495,0.00992776691648678,0.008232562480513073,0.0037174684946250647,-0.022068984773316314,0.008322231199664465,-0.001689511842986935,-0.0012208028741890198,0.009815033368420156,0.017689719198533238,-0.006778489512630825,0.01536032653968089,-0.006185564817495548,-0.004811173625281606,0.01860467148716194,-0.005434185227759514,-0.005963547265161351,-0.028741708975986935,0.008081600121511379,0.0017271700905856502,0.005015586765598323,0.0026298904381667487,-0.019999980926513672,0.01326489187856672,-0.01079007971770507,-0.002361199187992047
2023-08-31,0.005479446686014411,0.0030581010769374917,-0.027700805412326446,-0.011124928842294213,0.019943000978059677,-0.008254681439022638,0.0030769201425404624,-0.009771944472279026,-0.08361778784831797,0.0009148783115686676,0.010556757780748827,0.004844076697707811,-0.029478376893832925,0.01999999352698656,-0.021496064142347615,-0.006238318221137074,-0.006196259798354586,-0.01523040953178445,-0.020056805273763856,-0.012554813817937327,-0.020930310815939546,-0.008583153129894772,-0.0029732704690789147,0.0033475535090803366,0.01316035867001042,0.043478275102094344,-0.0033074350453978774,-0.039873424483270026,0.0,0.02672438071681338,0.001363863537060972,-0.006451637514175879,-0.0035969288852998327,0.0,-0.05849672627394975,0.010489599479085676,-0.0038867789902555794,-0.0014815441972969579,-0.005276958307832258,-0.012725737902817946,-0.009823200494789242,-0.01529409769910306,-0.010538569473874548,0.018577247534274477,-0.01587300085546861,-0.003462873381900544,0.01494270116456975,0.003883449462918964,0.001313223770967653,-0.004094259329901817,0.01046337218068083,-0.014235473187677594,-0.012218790536457025,-0.00247825338855745,0.04174574442295964,-0.014298467686504446,-0.022964984504191044,-0.029629689152511185,-0.001175276562597083,-0.01921802798689498,-0.005198184239415871,0.019692237546738767,-0.0016823236229189797,-0.002983492645137975,-0.005971902957512598,0.005388007787342053,-0.00850616615345512,0.0025322857634584306,-0.017867794015518634,-0.0034250088647806987,0.0025842076823436866,0.018797680930011218,-0.006876444615300459,-0.0006897768457262421,-0.010605164321385807,0.0,0.020408143405366452,0.022106964166250576,-0.0021111613349159564,0.0003943655562397286
2023-09-01,-0.008174378955344674,0.006097555213709249,-0.008547000419168338,-0.03874983062169113,0.06145252326778916,0.0,0.009202445238506662,0.006108982921611661,0.04562381578776775,-0.00914078672580343,0.03737427369235169,0.0030130247953032985,0.00700928306088433,0.013071891277064207,0.04217907411665567,-0.0018832709983080953,-0.01942451084139163,-0.010876197604618776,0.020948841399214935,0.013020817616604896,0.008310952819059025,0.005368559905100767,-0.0049699991651274145,0.016934540090457473,0.012801300664725623,0.019736875815185018,-0.027654883438433142,0.021094244773556703,-0.0079514130196503,0.025737974335801272,0.023971699538599234,-0.01948047042154266,0.0021620133465594105,0.04066420002326154,-0.0024297787394121917,0.021914652095219145,0.008404242050353838,-0.0004451578629799391,0.005747016906155977,-0.01497997931784234,-0.0007937000888448287,0.03624054627241735,-0.014613346530646054,-0.005782880934777301,0.016129016752173708,0.010424719629821277,-0.0017209043491772658,0.017131968560328614,0.01442616507950678,-0.003083220388754082,-0.009283818389892562,-0.009377488856880611,0.012651132043864921,-0.029813694691777748,-0.011293310188521088,0.0009066390864853613,0.0023504870837283143,0.0,0.040715383784248216,-0.13083544861464058,0.014946933319957001,0.04948696121305263,-0.02078255416215935,0.0019516602891831436,0.0014433122458878955,0.010512256882338367,0.024900541135263188,0.025488072605017065,0.025267800855702793,-0.0047871396138218225,0.007364635550973997,0.01698946762887532,0.012807816281568574,-0.002760368572354288,0.026481727916822573,0.013114737729090775,0.07333334287007642,0.004470699705619419,0.027503378598709105,0.04100956144063472
2023-09-05,-0.0274725659805386,-0.009090900552502501,-0.07040233409047214,-0.03641098896921646,0.01184212548911101,-0.023781190593800017,0.012158043257392004,-0.04483881790352717,-0.03383786075301376,0.01476032614773004,-0.001385726852497382,0.015019524969937414,-0.018561467463607983,-0.019354937050986898,-0.001686108648759732,0.005870029323292059,0.008070537050847815,-0.03591243344829376,-0.0016508618808382947,-0.003477865927637658,-0.037091157698741606,-0.018040052439896814,-0.03196831285041635,-0.004125872836950761,-0.016914432324641737,-0.023655942206107117,-0.043799768737567635,-0.03486119882712213,-0.02828849725468574,-0.006662876665195272,-0.05054539819543202,-0.06092715583126351,-0.016862782601289483,-0.023114855432313952,0.01774527415560767,-0.025959375657728212,-0.006945178800260132,-0.03176481119583796,-0.0017583304762299745,-0.010433247755045616,-0.019261276009515882,0.0023059389131994124,-0.006616541947842447,0.02639821666746167,-0.023809501283202916,-0.011654596805420803,-0.028538536081199273,0.0070631673110825854,-0.04072396310425652,0.02268044034585137,0.016167269707826337,-0.004165082755070548,-0.02082176542111469,-0.04097313367552857,-0.02800295674183806,-0.029891297540427297,-0.009901017653460298,-0.026717532939075084,0.0070103970050598985,-0.008975316151798252,-0.02227013567138536,-0.0592294742050582,0.0,-0.014933166858229763,-0.010517565844634591,-0.028148924531634534,-0.07492840795045796,-0.02037606168795325,0.011435365475185089,-0.00896227546559325,9.129281210773499e-05,-0.025328053963129205,-0.02174971994104591,-0.004844285052420072,-0.008599470599805925,-0.008414151886044108,-0.06832298964456307,-0.03115597766706457,-0.018531197005750566,-0.023863560860978628
2023-09-06,-0.0028248560935074662,-0.02446480861549971,-0.003091187260443662,-0.025641092188649295,0.015604666406524803,0.0012180546693509875,-0.024024001663345507,0.002933959105327677,-0.025806513990885183,-0.034545593356664295,0.016188646808775298,0.052678269638013475,0.016548503864241004,-0.02631567740626317,-0.012669083152988203,-0.008336857591405789,-0.002911245431642673,-0.0016740319797833303,-0.02564120741932363,-0.016236980769343434,-0.005183448910871746,0.002057569496416889,-0.007223742978575531,0.005540584160136808,0.02968419167339409,-0.02422910450190996,-0.01427716154478742,0.01605349660067734,0.009218895097033553,-0.022299129539105955,0.008405801717607853,-0.01974616929615336,-0.002033105696019777,-0.022535143842276506,-0.03247857848507052,-0.02201628910394271,-0.003296974859966384,-0.0068987770943755855,-0.028181341404409643,0.005718364904566453,0.004049305521348412,-0.030291450117191476,0.0032729352050167027,-0.04054055289994729,-0.016260146842582146,0.005992525929118697,0.0067035639330295105,0.004046591262728549,0.02425881029735355,0.003024166606901746,0.015099289209177025,-0.03079831304436942,0.010774059063886066,-0.13217620846073397,0.0045489326402963215,-0.0046685518727145325,-0.014999991969058435,-0.011764694882648974,-0.0031441418839377455,0.005134382506874813,0.01334801366692484,-0.006723554142574528,-0.037093753593053,0.0076456652106315914,-0.01968431166028195,0.20736700541903974,-0.006290130438483366,-0.006628616663218789,-0.02222236622757634,-0.009831618415156673,-0.0025583262032238263,-0.021009823494442692,-0.007966475490119973,-0.00869282947083394,-0.008054455187382792,-0.0352482993590868,-0.019999980926513672,-0.0053389657348871244,-0.010139834559761085,-0.016686101157233346
2023-09-07,-0.05665723776336895,0.015673965962198277,0.0015504231283032244,-0.041551263754011636,-0.012804085194010772,-0.007299320884132654,0.006153840285081147,-0.04583132733143147,0.03500472055266557,0.009416309457036087,-0.010013550026799711,-0.03486077802665721,0.02093015622293537,0.02027015427968437,0.008554369336085221,0.027742763669921455,0.017518372037591323,0.00807035014455515,-0.03713708838015861,-0.0032391030748064598,0.0038240405735694427,-0.0033244444089719494,-0.029106043216262978,-0.0017373584017302823,-0.006793968729637556,-0.013544005666935366,-0.014484078947906043,-0.019091505586842805,0.00576899301542233,-0.023902517591624872,0.006946373668817563,0.02446044330351138,0.0035704521065222927,-0.00864553698413717,0.010247403870157878,0.010663661448522044,-0.0051122907508964754,-0.011268877192518567,0.0009061624040358485,0.006396599469792319,0.012099184817412123,0.0075128390833578695,0.009557567054168548,-0.0077237653124087036,-0.01652890933552542,-0.002514320867078701,-0.0023502621588274986,-0.000537493375828868,-0.05197373047468146,0.003015048597614811,0.024558242282521014,0.020400195521670605,-0.005610119337421837,-0.04615387549767125,-0.034716984011092245,-0.0009381077884595967,0.007213477305965554,0.045634924764746065,0.010362696529597537,-0.05179142924512792,0.003625468916619967,-0.015384739360189137,0.003971596527565069,0.018707511732999116,0.02160556887959264,-0.017123000160346624,-0.02076630678796476,-0.005062239566964277,-0.011363628832363526,0.004818050607864555,-0.008061670921875708,-0.019954761299485924,0.0020807075279745124,-0.0003505617670579442,-0.010618411755972224,-0.0013530478405977542,-0.04761908237394186,-0.012607691031523482,0.014129314590563213,-0.016006433285662425
2023-09-08,0.01801807284468171,-0.021604917603937457,-0.013931912083038789,-0.024566515488014806,-0.001297046541161806,0.0,0.0030581010769374917,-0.016096092946844887,0.031992723482121344,-0.008395762789728312,0.02022976509965302,-0.0011651882724678098,0.0,0.02428259122475751,0.0025445999742872427,0.014314904818452323,0.008608132729012619,-0.0017673781429217161,0.022477572804162405,-0.012844301015367043,0.013000594042436031,-0.005101512428189459,0.0010707097389466291,0.0016409078182511028,0.0031427897097680013,0.03432496551386999,-0.028781239709475104,-0.004026809897885175,-0.005735902633194345,0.04927474328197601,0.007726235273969317,0.03792134624526233,-0.004763811606785295,0.00581375228839387,0.03182922343347672,0.009378607750891277,0.00010077719123890994,0.005620736614432742,0.019013271602332793,-0.004766957285896711,0.0011955316714227227,0.01609103891350605,-0.0007368651472233756,-0.011904772301525313,-0.008403453102266312,-0.007950287282233015,-0.047506722841860305,-0.006720389442218977,0.027758533690481757,-0.002003958417504448,-0.017684874552099217,0.009611678499795495,0.022284933667850115,0.009677487332666601,0.00234556161537669,0.0028169659831074334,0.002387271903621979,-0.020872890685488255,0.00802692417908979,0.0020950187362756,0.017579703481631404,0.01625007301855752,-0.008900419496402745,-0.007833561848282877,0.019812140127845712,0.0035373321489375886,0.008958929921141223,0.009713299622992722,-0.020568622786323543,0.008463835129720154,0.0024010639387845867,-0.01824830274594713,0.006884331116377762,-0.003508954779334661,0.0,-0.0027099930908610625,0.0,-0.007838117941182277,0.017067177463044647,0.000406721960827916
2023-09-11,-0.0058997695357470015,-0.03785492778850452,0.003139714487570666,0.007407537552667209,0.011688331794449835,-0.004901956201103785,0.0,-0.026226911595798597,-0.016829015148385862,-0.009407169946774707,-0.0018024269962114703,-0.002916368799893432,0.0,0.0948277025609594,-0.005076096177033529,-0.017540357845781673,0.012802244142092967,-0.016456659840816346,0.005495705649180227,-0.013011605310218721,0.030462653826665687,-0.001232811245368448,-0.00427815237988427,0.01136875653174374,-0.005344584468012226,0.019911538267184392,-0.007566341227901563,0.11927226681699254,-0.024519523754989114,-0.011900507160644502,-0.020262915366680456,0.08254399790733657,0.005493481385263843,-0.004624191298423286,-0.007118573841051967,-0.0069685529632123044,0.008966344655392477,-0.0018629842859912982,-0.0008885387585950699,0.007273369792104134,0.014726341079142724,0.0034762765460805145,0.015090334649784376,-0.004170535352459592,-0.050847411395418596,0.007622949326335338,-0.046372656125098,-0.005683451805209794,-0.03511131398711964,0.001004039040515492,-0.010911021915467334,0.03617659776156046,0.012141241896531874,0.022364195106523654,-0.0019500482937114816,0.0009362616967973914,-0.007409436020391569,0.011627896231359847,0.0028754242467301516,0.06757271838745549,0.008401330667052509,0.02767518158854365,-0.006585420660992547,0.019932724717482087,0.008826994452592496,-0.0014099723068046188,-0.013824747099147938,-0.005039145074748008,0.003911876978001327,-0.010212038603573559,0.004790913811014708,0.012913413548415908,0.023587513591191156,0.0035213109000469256,-0.005681695426790867,-0.0013587171548462562,-0.014285700905079524,-0.013379243206480429,0.0010274189526597866,-0.012195231380924043
2023-09-12,0.026706277639223064,-0.02622948359238486,0.011737134220558998,0.05441165781746071,-0.06675224434825544,-0.0086206521934451,-0.015243888034273012,0.037866617838541616,0.03423415745110869,-0.018993485660944498,-0.0063208108505957705,-0.07136585916101423,0.03872439213307732,0.0196849050507375,0.011904809925193272,-0.02729317838509082,-0.0032770986716771366,-0.008048376757734843,0.01540372861025685,0.011118310095392436,-0.05109501189498733,0.0049860727817070405,0.03866816490145908,0.03892594064531818,-0.010376089490115259,-0.006507637513988307,0.014612494796086617,-0.009030795928172575,0.02069995754254972,-0.034761311470674294,0.013415303482739782,0.01250004768371582,0.028000421453428403,0.013937326703298725,0.02014328618647343,-0.004678302977551896,0.004393358016055782,0.01648763910518869,-0.008892843839540254,-0.011095408012718688,0.0064717108392711165,-0.0038491487899839916,-0.003688579697613159,0.012564004683077945,0.035714251502436234,-0.02269620774782266,-0.012319197440959884,0.009798657189445503,-0.018894480707949413,0.003009000217422342,0.008524278597030088,0.011025333787617608,-0.0062704345780464354,-0.026562511525116683,-0.01055101430846872,0.02151548222066424,-0.015195940291391596,-0.003831414124593202,0.0013233202745066563,0.029864351321362337,0.0,-0.0035906482704493037,-0.018883087846885305,0.0,-0.005387482645900277,-0.0007941787692639091,0.0071802571959265205,0.005294805270297687,0.01948316912923098,0.11161251707880493,-0.0042178808167615545,0.00289744703770789,0.01820151838577888,0.0010525628764954664,-0.0069843232320701,0.014285708763937643,0.057971045791138875,-0.017306004933537178,-0.0030790933391255937,0.005349700170648619
2023-09-13,0.031791876844815325,-0.010101000370632551,-0.015467962739288854,0.015341648787358775,0.008253087061479425,-0.004968939242891657,0.00928791678409202,0.05421379007245575,0.006968717819721082,-0.016456976368647402,-0.0027257513670424505,-0.028031476839320835,0.061403555553045885,0.003860940535836299,-0.013445564181946978,-0.016244726221563033,0.0032878733570882446,0.0014946530081076936,-0.002935928534776311,-0.006283519287748507,-0.00480739963215826,-0.001866717309373378,-0.01654590943575973,0.0,-0.014416775694289452,-0.013100424405900424,0.005009461676137583,-0.05285534509570344,0.03814578857300788,0.01225347529285914,0.0038610924110982214,-0.0012345961001080097,0.005861813857837461,-0.012600263729952044,-0.03815257371685854,0.001174850787217352,-0.020976171167850333,0.0029074723688662374,-0.02018840871610028,0.006589473229386078,-0.0037020296556723453,-0.011978391518464027,0.007909321699251848,-0.015625006847960088,0.0,0.000793645549666655,0.008533809143963511,-0.02318069070663986,-0.01355203311053843,-0.00500001907348635,-0.0028340243145266175,-0.02544528602035656,0.019478712472196902,0.04012841079207252,-0.03515005530708459,0.007326000288198298,-0.017054609551676037,-0.02307690191550993,-0.00814976048253302,0.01602697390608765,-0.02276456956425632,0.009009058769220868,0.00020467652469613462,-0.005964466526991119,-0.011831997983935638,-0.011481082868644132,0.002942143912719075,-0.009388824961712339,-0.02072018022185662,0.03596097628880335,-0.017771550552628135,-0.02253482597397205,0.002013327755036265,-0.0017525963314475312,-0.029411700929305562,0.005365459119527571,-0.04109593179530491,-0.03154151678266337,-0.01201092964308792,0.0053214938132530865
2023-09-14,0.0,-0.05442179684239734,0.006284436783751568,0.002747283470359907,0.034106412360451976,0.001248467989523716,0.0,-0.012429888781535614,0.04757778694603054,0.02854360652533372,0.015489635094178889,0.012637698701717381,0.04338843626578992,0.08076931156222011,0.02214655985229874,-0.006433642337015044,0.018024383217495332,-0.005649837954721404,0.00907974891014085,0.014715400253806799,0.0025119792390750906,0.009990281250461086,0.029442286311556654,-0.08783367292220567,0.022036476739958344,0.022123872799678646,0.011214892901081575,-0.014111626996507032,-0.005116480075064156,-0.0007012476605133822,0.008516416087877232,0.06304081820303709,0.01668633317677437,0.013920974987970736,0.006959016873345103,0.018779487476196843,0.021222545355888967,0.02090327115393631,0.016941281845982425,0.006192471183411374,0.018023269768375982,0.013687960057333637,0.008626507165995223,-0.009337103745428954,-0.017241363363798556,0.022808646743549987,0.03514866404805339,0.012141518467328805,0.01590745440924035,-0.005025144893802347,0.006880720334147439,0.007709658066014091,0.008611401941286623,0.04320990879385578,-0.008596029029798946,0.03636360168457031,0.06114010801549696,0.05708660752133654,0.011547843233782773,0.055076804190791195,0.031100042014770457,-0.01071435626515338,0.011463545782536055,0.009319400923018417,0.01970997430220467,-0.006789977076372078,0.03147930661864273,0.010633578097238416,0.007600692530304931,0.015488559412469627,0.011531008043535795,0.0031834250752240667,0.0014549750234200687,-0.0017554551226145465,0.010540137357308854,0.015343806643777214,0.15714288025486267,0.014113188778278163,0.013546513239943714,0.02605863051430557
2023-09-15,-0.08123248383077886,-0.007194237817389371,-0.02732243325564221,-0.00958901631507092,-0.04617413036350593,-0.007481348652370268,-0.009202445238506662,-0.032082902822659465,-0.004128756273992007,-0.02870818896799099,0.031404086216244576,-0.040960021972656246,-0.09702974840561718,0.005337990678514037,-0.004166782346779585,-0.005395975750959403,-0.010347148613583546,-0.0032160312652912415,-0.0004864296324778028,-0.00826448866928775,-0.01681784937470665,-0.0007796912532775924,0.016343407282976008,-0.04180043596540728,-0.0068772427809752346,-0.025974001846660322,-0.022181027949276344,-0.027325964828962546,-0.004207241798570793,-0.07944008183629558,-0.016071919566934656,-0.036046558821631214,-0.015858475632954838,-0.00972523470057407,-0.0780926084416731,-0.01728110441246633,-0.014914984633108253,-0.011358739116488215,0.02656464329828845,-0.012836285492297539,0.010894906999104892,-0.00462967072285736,-0.0076697832084795525,0.009425106946802986,-0.008771921569070362,-0.012410197790783561,-0.049884619165823985,-0.014176838105282363,-0.01850532511108216,0.024242498387905043,-0.02183818844907215,0.057846557562724055,-0.01387407855162004,0.016272138010776427,-0.01486369583852265,-0.010526306103030625,-0.014274571878680531,-0.009310933885150252,-0.012074496808621271,-0.03680720196515874,-0.007569755123520094,-0.011431908625084919,-0.08925310059472635,-0.0007587985672438124,-0.0060236368903634485,0.0018889906263515055,-0.022533409939143878,-0.008691621145631823,0.023037740001873974,-0.0040006761706203875,-0.012697160740219648,0.019436810447973407,-0.012487586261246242,0.002110381744851786,-0.005215100799891292,-0.004599433003892206,-0.08024691040060572,-0.00976854441511088,-0.011651943069258097,-0.013491954866224676
2023-09-18,0.030487848757137836,-0.03985503459272188,0.012841079207243977,0.015214509474954285,0.035961238085583824,-0.010050241623450806,0.027863750352276284,-0.002804706958894676,0.0016583336147173444,0.0,-0.02218357792127157,0.018018048978957424,-0.004385960784535126,0.08672588043024354,-0.030962283148853853,0.017577950338506954,-0.007435039729931314,0.00892667974139627,-0.026034051049581786,-0.004088106714765893,0.004803242520163398,0.015994535299947765,-0.0030149066073918984,-0.02821774726038384,0.0028073509498696136,0.0,0.027725213152545836,-0.014715737112749983,-0.013145682225970234,-0.019898911902242356,-0.027685493620467794,-0.030156815579058027,-0.0006794890237712403,-0.030618005942300575,-0.10869563135176596,-0.0035171125610991005,0.03351165544616097,-0.009674903435925697,-0.026754285446937254,0.0023156585238439664,-0.0015396994922305396,-0.012403057630222758,-0.0025578195588412678,-0.014005566572922845,0.0,0.003926868149911611,0.0075004870198081,0.00829652135257919,0.0427845452130009,0.0,0.007036903011824691,-0.024342885834062744,-0.019480449779240905,-0.02183407538080684,0.014668837601338858,-0.01241129370235905,-0.015534496042628243,0.0,-0.011111213905487638,-0.012957206641037389,0.01255566626864102,-0.004869200765886705,0.05333326206419642,0.019873336652360685,0.009320364055210861,0.005566553796651386,-0.021038546454824836,-0.0023073632512757847,-0.017337637074937517,0.009934086441354184,0.000844884224550535,-0.00544743456533292,0.012260167117267962,-0.004913999376180089,-0.013106034295410462,0.0066007650286668,-0.06711410953141472,0.02081082318280192,-0.02184476425693005,-0.016492438560825384
2023-09-19,0.05621296223929484,0.0,0.007131549398100789,-0.020436061183728427,-0.04672896065794108,-0.0012690645604825912,-0.015060226904115348,0.01687547525216404,0.025662286554186675,0.006896387815825911,-0.015124538614190608,0.022943259598148913,-0.03964753961477019,-0.030944588448786337,-0.011226183383446164,0.008317387568350432,-0.009363222455388787,-0.0077816365237699525,-0.018735859394678922,-0.007736036539339075,-0.018974576661377363,0.02404603030715813,0.008064262798474608,-0.02286254943912891,-0.002239709272183532,-0.0022222730848524552,-0.03188242604601932,-0.007467729809619961,0.011417941293154099,0.014081042094707508,-0.003132135925314472,0.02363178871701277,0.0009907495608498795,0.001787667874322274,0.02396953088363274,-0.0011764875706354871,0.007324934119257609,-0.020302238451004873,-0.0036052284758651965,-0.004620617275907568,0.0005783903781806377,-0.0023547311250603498,-0.005909312652471521,-0.01704548276734963,0.0,0.006062949276790519,0.0067878222932857835,-0.007679778589535835,-0.03894308336346064,-0.013806739505185961,-0.005177916744861011,-0.012475050301560708,-0.022902919222210216,-0.031249935694391606,0.0041305404895228826,-0.0017953731730053768,-0.00080232093572008,0.06390971142479396,-0.03235936578671128,0.006063820752098881,-0.01297951289355359,0.00611628236413031,-0.018987392942187542,0.007819308946004133,0.004408299646259328,-0.0011606897626604828,-0.007087301438995275,-0.012719894978956092,-0.008517545020237938,-0.007102042113906082,-0.014068562017562791,0.004303611377854066,0.016022013298701676,0.0,-0.007304185830683374,0.012459064181937984,-0.043165426904336224,-0.016679932763562832,-0.00992535544591644,-0.011451860439012584
2023-09-20,-0.05882354119716182,-0.01509441465361916,-0.04169942811805538,-0.01947152599930313,-0.028011178292021377,0.0,-0.006116202153874872,-0.004274628656922519,-0.013720748311807918,0.0,-0.0004515318342439567,-0.008971444649486626,-0.0022936304072485036,-0.026890882051120557,-0.0043668370501324105,-0.008248779274161455,0.00850662748926756,0.012139947353911218,0.003818697937604032,-0.0283214149103187,-0.022871857273108698,0.006655515774147691,-0.009999836772083825,-0.0007969907020936029,-0.0016834075012203131,-0.004454338963481241,-0.03039887205028069,-0.03214776133432473,-0.011289043655440478,-0.018850446360689666,-0.01113965747917689,-0.024301314749622827,-0.0013778071364507483,-0.012492658516608746,-0.035728822611861055,-0.0035333653103349905,0.023172381266159947,-0.001090630368979273,0.006784194191482573,-0.0044634887964973835,0.0007705502524990582,0.011408206402748977,0.0003365650487607841,-0.012524095665476742,0.026548647359614375,0.0001943228334597702,-0.017398755105017538,-0.010503155568423406,0.0057889057017586065,0.006000041961669922,-0.08327856778194076,0.0034785324515926863,-0.0073425112299797535,0.015360967913474965,-0.0028794609774585034,-0.017985594543473482,0.0018736534711090158,0.08833922499637747,0.009289200450738111,-0.05974294937633984,0.0009393346839492445,0.004255249073292555,-0.00021497642185597243,0.0014777988780545481,0.027051431588309693,0.0038437498401591164,-0.014390983510405575,-0.006324554693941553,0.0028636006112232604,0.006258653855602203,-0.017884398377031374,-0.022789156326954663,-0.0034062926101834368,0.0,0.0033443634336125516,0.011010168112339347,-0.03759403752797941,0.002692576479853992,-0.015037688692994378,-0.00910213917394731
2023-09-21,0.011904821881092875,-0.034482727121338486,-0.00410510586880819,-0.02127660541803722,0.03602305445803222,-0.005082587348752665,0.0,0.007828317808991958,-0.011456656322708425,-0.006849153397784802,-0.011296914240670364,-0.02586489287151117,0.0,-0.010362607846533867,0.005263110528514581,0.03710829467162502,0.005154705436221763,-0.008067009852313678,-0.0050723668860600535,-0.016702119243495295,0.002900349576618666,-0.011453650674836391,0.0404040737124558,-0.009514574568679768,0.01705078311960051,-0.026845613241949895,-0.023514124395288216,0.010600747438053393,0.009039139280951236,-0.04743489182405214,-0.017330978989964607,0.04234124083365143,-0.019629612641706262,-0.009036023789693148,-0.006388400198315214,-0.010638449443869158,0.0046432092242727485,-0.0070192987313143496,-0.010332370560499515,-0.018113313341746706,-0.020019290257977773,-0.009334895539304333,-0.016818057647137064,-0.019024360470655477,-0.017241363363798556,-0.0017491202869577283,-0.0039840393150927245,-0.020670135642151144,0.01798566084653519,0.0,-0.061352783599741834,0.018427159732082643,-0.014509306233030594,-0.0226929035306509,-0.04661712753450553,0.0018314564056434168,-0.025113508390193662,-0.05357141751305261,-0.0046019405769281985,0.012256923747434811,-0.016891374388816938,0.009685287310181812,-0.0055926057465065515,-0.012665986082658898,-0.007551751208752067,-0.008459524058951895,-0.009695233471177178,-0.006836348799342473,-0.01774412280280213,-0.009844892499132674,0.003971294021362315,-0.017141892653124158,-0.011721926819854733,0.0,0.023333333790085398,0.0038437512216467074,0.023437478172126713,-0.03396893521294231,-0.006179751248409637,-0.012943708683515132
2023-09-22,-0.014705938038939936,0.03174600171093722,-0.002473184887729407,-0.007246411146523912,-0.026425598846783638,-0.008939935569129198,-0.006153840285081147,-0.008519171984159635,0.0339403849339035,-0.004926216707382358,-0.0150822953780404,-0.004314608841273326,0.0,0.11518320703755514,-0.005235555222699251,-0.007403051976462849,-0.006759993210360249,0.001605090241640017,-0.013509945344568619,-0.00033306534307631086,-0.0065453403533178856,0.002967230493444495,0.008737854193463068,-0.013229812890477088,-0.007737675554325141,-0.00919539373102718,-0.01314448402746804,-0.01678320055363791,-0.018859115709418117,0.01818266591231632,0.0011758058491799783,0.007168509012792201,0.000634289427560164,-0.011550175176911037,0.07115292142243312,-0.008363193193153151,-0.035936593842959,-0.010367472985033266,-0.0009078076463544527,-0.004200904881028866,-0.008053384207890146,0.0058894121170463,-0.0006272071273913937,0.04525110988528214,0.0,0.0025310574433190514,0.004444521589948236,0.00969757907336155,-0.025441746502484652,0.0,-0.016091087123561554,-0.016481382315280735,-0.0028867920289564752,0.004643921485145475,0.046300288470997986,-0.0018281083049780378,-0.011235950357712743,-0.03945111871069773,-0.006010163588966333,-0.027696499802705832,0.013363485001077535,0.013788776176147488,0.008219812296207829,0.00834472698115074,-0.006347225650493615,0.00880110795117206,-0.008138662874720537,0.00450997005026732,-0.013496770851282314,-0.0026204689340681986,-0.00771825192848663,-0.002839119601371065,0.003319979174398746,-0.0038801339988805417,-0.0013027919811643418,0.007657994220335196,0.0381679951981404,-0.004030483647433969,-0.01024134645919339,-0.005922392257883047
2023-09-25,-0.0029850718650553665,-0.0076923006385033466,0.0024793166963146263,-0.0014597299639943495,-0.014285700661795464,0.010309268214748757,0.006191944522728088,-0.017184743755879417,0.07766215250634634,-0.00891075106614947,0.0069605010206521545,0.004000027974446541,0.0022989032416267374,0.07668234346494196,0.006140327873167539,0.0076653475035197705,-0.014785256959876647,0.005448774228405506,-0.0015505415057048832,0.0039979871856647975,0.02660900748080719,0.004461229277198608,0.011549395251799988,-0.004546772168004809,-0.002970754332344061,-0.016241339348193495,-0.023907034469623945,0.05263156109765865,-0.0028833805341115237,0.055609708343547615,0.013505550966694146,-0.0023725334566586653,0.0015254570149214608,0.01599021622522545,-0.012805149717103448,0.00843372607364512,0.03003619726370399,-0.0015873062610232136,-0.009541096854449815,0.0023844656460696445,-0.0023761939067183935,0.007806315313578782,-0.005363133793448327,0.013320588639352593,0.008771921569070251,0.0031073468503768353,0.007300811071646818,0.014124208784851433,0.007976798045461253,-0.0009940584954982734,0.0166527446386302,-0.0036431166024942785,0.00897503041044767,0.0030817347409899387,0.005789883700641152,0.00915754402665403,0.004850311202310387,-0.003571425226269853,0.026279060823089395,-0.01975373035966821,0.006240554581558255,0.026611563252000092,-0.025959939245431052,0.002346949777930707,-0.0031378777928964263,-0.002136610782977,0.01700559936093593,0.0028354337124718576,0.01283931439806918,0.002483031580575279,-0.011181382292438813,0.006101198088765747,0.019093938790355924,-0.0014163138168238332,-0.005218502152320448,-0.007599795033889967,-0.0808823626088847,0.006558659884036588,0.02475988742982893,0.009787326629977056
2023-09-26,-0.0239520735814005,0.0,0.0008244211696197823,-0.02923980828383288,0.02318838336241935,-0.008928593150380304,0.0,-0.010799644523962315,-0.0037147244125674828,-0.00199802587324005,-0.003225755574878364,-0.001328051607330627,0.0,-0.001453534935714651,-0.011333941057197205,0.012952254507881955,-0.005240658208928939,-0.01455732850819258,-0.003105367150143201,-0.003982066933093886,-0.0029352080945428405,-0.00308555136232902,-0.025689794770419216,0.025062942391616883,-0.023277377351483608,-0.01886790755296608,-0.03149057468278571,-0.052027057286506584,-0.022650402910449174,0.0014064071310282422,-0.014194718191453348,-0.01902495247503999,-0.05271796269771345,-0.010290634200684323,0.002837532819755184,-0.010752584708126789,-0.013582829803917007,-0.01081074229747947,-0.040825764566758016,-0.006587385183897676,-0.023223600615613904,-0.016266374606631495,-0.010382568386505753,-0.008920123639178379,-0.01739128812274282,-0.012584693602278207,-0.02174385568808912,-0.0052923133423018465,0.01079135027644873,0.000995047631049406,-0.01643869523248409,0.007495497104772042,-0.022668497429539802,-0.023041488493648732,-0.0065789411768027994,0.012704118315149948,0.007585097312919009,-0.01792113010749863,-0.02084749677971376,0.0017523227879086,-0.01872215843443137,-0.005184279920943058,-0.0033043021930142524,0.001355516477484331,0.00816909503819696,-0.0106164229716319,0.007600481360726441,-0.020263916251204717,-0.02888602628040393,-0.014036621803737992,0.006883154355409982,-0.013543409149666341,-0.001758522776925009,0.01914871408918306,-0.009836189305536425,-0.030631831842197976,0.08000001907348642,-0.025093548142454458,-0.012982307025254713,0.002107041689139555
2023-09-27,-0.0030674817461688875,0.019379919462571227,0.0024711476213170602,0.019578385806539256,-0.029745048137251873,0.02702703200289225,-0.0030769201425405734,-0.0005198975079030443,0.03430276236995966,-0.01401408161404516,-0.00046227292938627595,0.013962768529229397,0.002293521040931168,0.0509460811378144,-0.021164026311201845,-0.020296407198294286,-0.007183901467912923,-0.0016176261850047169,0.012201490841761808,0.001999057875354593,0.004440805595887998,-0.007643971611575706,0.03222649881834627,0.010339888757720184,0.02497610789336635,-0.0048076878990646055,-0.005780561660120864,0.024233796084035086,0.012820529368750222,0.03342563295680523,0.015574569879696298,-0.0024242979107480522,0.004615071146091498,-0.009785814033320794,0.011317777669364704,-0.002415428189334934,0.015792002058210075,0.0040179170644980555,-0.008608275701101675,-0.021550966364193735,-0.009347478919784713,-0.004330746873849933,-0.017099496956025306,0.006631898891551247,0.0,-0.01156843776297789,0.030534343890984417,0.015121699849211856,0.007117503101029543,-0.014910593036566167,0.028114361675784405,-0.0005443044523693041,0.02818552688683873,-0.003144651023059386,0.00786426056529832,-0.01702505223845141,-0.026827253626729775,0.007299263086460783,0.0067114384645294844,0.019023366062294933,0.011328273729707128,0.021424348564754725,-0.0059666874217461086,-0.0022151601273942,-0.0002230351668935926,-0.006672658733885117,0.004294005475160789,-0.005771792642062734,0.011555863432887614,-0.0020027231279394764,-0.0009766731548837004,0.0028688758258532676,0.015178164316789422,-0.003827481453778425,-0.00927148216308038,0.005266781511794605,0.0,0.04067122614851293,-0.008037966938287178,-0.0004204865773205224
2023-09-28,-0.012307680570162294,0.0038022775772321715,-0.018898972429644,0.014770927619216279,-0.002919705285395424,0.010025112826065108,0.0030864168005624304,0.01820548111962994,0.04289836135098324,-0.015228457346377122,0.006012990957289688,0.0055737729932441304,-0.0022882728390274387,0.004155190962883193,0.008108035583842765,0.01719505907987573,-0.004823788561712394,0.01554068496922234,0.008463494120963588,0.003657435166011469,0.018329789832552734,0.005266358926450554,0.0028383435723782213,-0.016001367303450365,0.01060271050195949,0.05072464853126668,0.007994379993435885,-0.0013917539491042907,0.013145013155694052,0.04597344212888377,0.0002893032736084322,0.0024301894138669677,0.0058410325491558,0.014206211437044702,-0.04956034468467607,0.013317054069179157,-0.013460974478159637,0.004482063626956245,0.0028944049982941866,0.0007530292984123665,-0.018051557637099536,-0.0027679954011828878,-0.00041280730277726274,0.011294106876148957,0.017699098239742916,0.002777049559835154,0.04466226517049998,0.009379342891571163,0.010600689863818902,0.0,0.00487689462206764,-0.006899183414410315,0.021987448535083276,0.050473136770130766,0.002053356725965294,0.0027347066764764616,-0.006188394113283535,0.007246369925949514,0.0034482816146699236,0.005936654115020312,0.010611829849676235,-0.013038481677172808,0.0026678896571352695,0.006906733273293497,0.0068407033159676445,-0.0004539129456747615,0.014516270570952061,0.006047128795975576,0.0038077745059057477,0.00010936445846576603,-0.0063538165298262506,-0.012873010148717778,-0.0011681422332002755,0.0006987636846045309,0.001336892426151648,0.009168225253300744,-0.08888889085118168,0.007242399249612896,0.0029464782601842376,0.020193542695332134
2023-09-29,0.018691570737231933,-0.030303090509739783,-0.02093802418642754,-0.026200698962753344,-0.026354294341038975,0.023573147703674247,0.006153840285081147,-0.02426566349713888,-0.003110962725146882,0.056701147949759445,0.011494285364846535,-0.0013042359122216185,0.002293521040931168,0.0951724531391751,-0.004468104152314245,-0.013849257017752192,-0.0043626345807995515,-0.011067449863719547,0.007629731720562916,0.004803816513423653,-0.019512221143684783,-0.013781295920865744,0.007547307159629257,0.017640678881530647,-0.01748583502708978,0.029885084434708498,-0.05912046432082241,0.0013936936277145762,0.03123517488247729,0.01796722713649168,-0.002024868251147227,-0.030303030303030276,-0.005951821755841413,0.009135141920600276,0.011354001365436295,0.011947538778209754,0.0008648406606042158,-0.010358502990046037,-0.012025182835187831,-0.0039503213896807665,0.003969077013719957,-0.005551042363797554,-0.0003540783113745727,-0.008841346490518376,-0.026086932184114286,-0.009495482411541745,-0.004796838710200313,-0.03470899157028273,0.024475485979442935,0.017154397468365223,-0.008550934507170482,-0.020109666505904844,-0.023749714084237095,0.05405407533969986,-0.007786907255249442,-0.023636384443803227,-0.0016983122043960908,-0.028776951269557483,0.0103091204876542,0.019411088132457843,-0.008050304479241821,-0.017805730942256015,-0.030598779661016984,-0.023640391037234587,-0.007606384794116683,0.012896178013569237,-0.007211450249344886,0.018995136642441013,-0.020653267273424425,-0.009484724491952923,-0.008755478865579591,-0.008072830499658457,-0.018376695408131916,-0.005235549856368316,-0.014686182841058937,-0.005840234768632824,0.008130073421291018,-0.003120278529314402,-0.004774121356386329,0.007010252756141089
2023-10-02,-0.07645259983431729,-0.042968709982232234,0.007698901267620073,-0.028400669953318136,0.03458646853760361,0.007272778135357427,-0.006116202153874872,-0.013350840995931534,-0.04750349625467898,-0.057561029439050615,0.0,0.016976835521096856,0.0022883819550847395,-0.1989923988152429,-0.017953324031281026,-0.018587406600898193,-0.03846152678733039,-0.009577012401599028,-0.015900876842743883,-0.022090399437288077,-0.010895449632849274,-0.003924255171160906,0.0046814777763883875,0.010502544021734117,0.01405034115747994,0.008928562875609058,-0.03065151760137652,-0.03270704737451868,-0.021435400584336795,0.05338774514284106,-0.010144883307857788,0.008749961853027344,0.00802479949475332,-0.026553898178968915,-0.021621493495692756,-0.010625825974690861,-0.007872573880458145,0.010145015040456284,-0.0029211793114435336,-0.007743150925487274,-0.025176866765752037,0.003588548530259361,-0.0015934785221261016,0.03192489810011945,0.0,-0.010984749587352405,-0.0031432098056664026,-0.02151744823751367,0.0034129640434690245,-0.001984077801659545,0.013986000461365,-0.015858207829052562,-0.004579274576439252,-0.014245000698614008,0.01115243568665969,0.014897565253434886,-0.029203253924828032,-0.040740789471011896,-0.021088421764278054,-0.018553109892888053,-0.0030579782995157068,0.018128522536929204,0.010064247476291754,-0.004265432372775546,-0.009116228381461644,-0.022146518853559116,-0.022599127750088988,-0.017697078396430754,-0.00322787701070526,0.0010310027342947947,-0.00932909928060055,-0.025667890497479084,-0.00864571179859508,-0.00035090274601023985,-0.0027100844621986697,-0.00913845072925723,0.0,-0.01592277823745425,-0.007749013674935412,-0.009827890236915104
2023-10-03,0.009933765423590035,-0.012244886043219938,0.011035663615259539,-0.02769241632997399,-0.02470931300380652,-0.003610190749772757,-0.006153840285081147,-0.0010612125839063458,-0.02002181473638287,-0.014492824204485721,-0.029545462590571336,-0.03402887572787705,-0.00456620557167875,0.045597339652663216,-0.018281639252846316,-0.0004206998200786405,0.009366998408388838,-0.015428077335316481,-0.007951018128456222,-0.006237373016217407,0.02152797413006957,-0.007639133226507555,-0.16542409890903886,-0.03380645297712215,-0.01828949700282201,-0.01991153826718428,-0.04189709012300902,-0.030215833656141777,-0.0033331619879687358,-0.06539499965103035,-0.008491973720925916,-0.006195692559023858,-0.008249554903544731,-0.0194602234386424,0.01147463399290971,-0.020286429971332454,-0.010741174959283839,0.007970565226030235,-0.03271468522650145,-0.03559198161394361,0.008964935129763152,-0.012713581278492536,-0.008689549286267528,-0.024567744286848603,0.008928562875609058,0.014337813852146608,-0.02081147036436981,-0.0008683526851765988,0.01088435165980739,-0.002982175486494709,-0.07402295079724541,-0.016492795997984477,-0.011500797159882059,-0.024566484742727046,-0.02941173720662238,0.010091799468007201,-0.003504752940987732,0.00772200061362871,-0.011582049641197911,-0.03603191356453683,-0.008494608708176643,0.0005746191942102019,0.0,-0.017764898270617224,-0.019901521940350442,-0.018338529660478664,-0.0051904011809482675,-0.00984880718920833,-0.02180483268957578,-0.011405107157350769,-0.014826783853437497,-0.007282159281554623,0.001544976672799736,-0.0003510986282505568,-0.0013587593972363976,-0.03425561653604392,0.008064508376086854,-0.009680500233387068,-0.00706576872618081,-0.007444077251832493
2023-10-04,0.10491801253956679,0.045454500672694964,0.01511337594306461,0.003164693703294086,-0.0014903470678068187,0.00845418487391858,0.012383889045456176,-0.01088976974224809,0.0,0.008403462953486374,0.011241107241432013,0.010302408254249329,0.0068806724891106175,0.010526361897211123,0.02420852096632764,-0.072842233514269,0.010632990145109877,0.00838666151552414,-0.0012925737769838852,-0.008990633559332606,0.018957185243180907,0.009924956886107728,0.027917461131081733,-0.02162978089152412,0.0075273689991937065,-0.004514668555645085,0.012376363473998397,0.02373892131790445,-0.006211157559517955,0.038633966179515644,0.006201981118938882,0.024937630654563003,0.006384281995237107,0.02240717612637133,0.035714170672547896,0.02314244778921104,-0.0113469981807518,-0.012494088057098174,0.02069649606163715,0.032761076023222646,0.01565459591486018,0.00845061946600345,0.007215337485069195,-0.0074626792643007756,-0.026548647359614486,0.005176278924322375,0.018677568199702232,-0.040254711554949085,0.01144004694653633,0.0029910954580474325,-0.027991571205126298,-0.012143363627689419,0.00843505211810558,0.044444472701461235,0.02104377084105491,0.005449542660770357,0.01230955441941961,0.026819990220270373,0.01945167492552713,-0.0030962386591635305,0.03129437838704585,-0.004018302885906544,-0.018342622228910255,0.0320676826835955,0.01697244371349882,0.0012143180065116166,0.011028219327688937,0.017467206877156194,0.03663641680410423,0.014998091676284853,0.01688026306539525,-0.009276930584162457,0.037692427184298216,-0.001053302166295289,0.01904767497642945,-0.017053320637279046,0.039999961853027344,0.022482901782280296,0.014232175221708943,0.01374991819473026
2023-10-05,0.08011876217031388,0.003952565445193956,0.036393678645993965,0.025236567861553594,-0.022388003403051693,0.0011975179342158526,0.14678899751475982,0.011009662431062273,0.012630020491244398,-0.004166612360953503,-0.016674461428175635,-0.0470394843131553,0.009111608899671664,0.03869056133455051,0.019090939906863946,0.0006812104623830084,-0.01878747706454198,0.006237724701131819,0.018120623620980547,-0.006846968338757531,0.009761299699407644,-9.58622797069264e-05,-0.06789773383693709,0.05639302859951889,-0.004108911959939121,-0.011337803997214624,0.03341469514218742,0.02536227702593763,0.0,0.025677578097217157,0.01555617211752991,0.0,-0.004318775309766432,0.02379455964179944,-0.028397393166867846,0.016666714927304982,-0.003363968921709981,-0.011370842979385731,0.0014839031611382225,-0.042805304798164356,0.006457025170051978,0.0,-0.052157858003685775,-0.021616587264020493,0.0,0.011883361485547805,0.0,0.006336739919302614,0.011310795069218171,0.0009939636968623322,-0.022093139749083446,0.038048670240175664,-0.003461175028046326,-0.02978723864758981,-0.06430335742887516,0.009033458376379366,0.01273881340608729,-0.018656698160751994,0.019540086877415153,-0.010871266056071804,-0.0050764459144241325,0.00461066004698818,-0.004382858138118562,0.014665704582246253,-0.0013562372213345997,-0.01138166986580691,0.019469730885016023,0.02527437139501698,0.014690245208995867,0.0047664179037745225,0.004999862204514871,-0.0026132226139184977,0.003947507313610821,0.0063266951148914785,0.0033511123563547685,0.004857736204554319,0.023076993614966845,0.011472225128195124,0.02658776418418274,0.026304969590802862
2023-10-06,-0.030219816028631663,0.01181101253556105,0.0,0.016923115917323095,0.030534321136057585,0.002392399352277197,-0.01066665649414067,-0.01009298944792969,0.035950092957006685,0.0010457758320661092,0.016957213836216845,0.03624443111136544,-0.013544005666935366,0.04441242868615025,0.00892075663021763,0.043793819560635106,0.0074033433416111905,0.01141917908426704,0.013221519371506618,-0.008445372975817378,0.01225111690963554,0.0028766688119687966,0.0524473746623344,-0.010016274845693784,0.019692361461024044,0.02064212683364941,0.007097880595522188,0.008480624909434686,0.00576899301542233,0.00719745561286067,-0.009248546501051447,-0.01216549613396456,0.02367957897578865,-0.004281143612596572,0.0016699340061714363,0.0035129945480987246,0.020351388405092985,0.010529725294946113,0.00790093849203588,-0.002395666430808907,0.013038258817599457,0.007182746466026124,0.0011866506797448828,0.006244047551429599,0.0,0.003131861447499551,0.02170712587607837,0.011394548927052162,-0.01447376042121884,-0.007944381939472445,0.006268358464379897,-0.0033833053475458286,-0.004630965295086997,-0.04093570227515453,0.04140962974079043,-0.0008952756323663547,0.005431636054756828,-0.01520920096237699,-0.0009019354278650971,0.01697203265335312,0.014495978523759945,-0.0034421532440659375,0.0009269229897304054,0.006614450664191862,0.009016235667146377,-0.008964844453083987,-0.0009203248998530533,0.015116304885736565,-0.006923985170100733,-0.015837661742198028,0.008159288735879677,0.02314399224735597,0.0031720299768289717,0.0,-0.006012019937366997,-0.002762396468992012,0.0,0.034836644829936425,-0.00395681970449735,-0.022026557536909852
2023-10-09,-0.01983000957794301,-0.0077820939478694395,0.01995211534938468,0.04235994489851569,0.0029629601372613834,-0.005966609791412725,0.013477075957459395,-0.006171170899151868,0.04603403523178229,0.008359558496827457,0.009726761256184657,-0.05829446946418748,0.006865036749196918,0.07818941798011592,-0.00795758503685684,0.01478257807836969,0.019767120187108578,0.013978585726545756,0.016813171732160903,0.007995856315791361,0.009975514950211206,-0.0006694742679937971,0.006644584513534335,-0.04860948979048829,0.013978290634890644,-0.029213402960848178,-0.030540489061161913,0.0007007200341104802,0.0038241337038218415,0.0011392600933031183,0.009334880578160343,0.014778311237724884,0.018164934519130815,-0.003071408329778813,-0.00541877003072988,0.00700107788457105,0.015761848276148793,0.00320629181304799,-0.012248681669555506,-0.006603998859178839,0.00898868479222914,-0.013074444907367644,0.0066754790443510625,0.0019092604640602584,0.0,0.00799983446378616,-0.0016501460257402067,0.03172247399450945,-0.0033377072983059586,0.008008000554448502,0.029005289263145606,0.0420594805821084,0.01861004364661545,0.007621980361432357,0.021150592762660736,0.009856685650140973,-0.007392616862936796,0.050193096042094876,-0.0013539951779222292,0.018085481375572643,-0.0004572652411976019,0.013241033703675242,-0.034027990309587586,-0.0013385271963635148,0.015216760797917228,0.037231039679027855,-0.005527308846440149,0.015578298998510931,-0.013733456870235972,0.010159979789472251,0.00848804074506826,0.0044812926661284,0.010803267493046054,0.0006987636846045309,0.008736576059583001,0.024930750756394282,-0.05263161668675442,-0.03522960555512311,0.002166967421782795,0.011056550350727834
2023-10-10,-0.046242798863198153,-0.023529389765297948,0.010172153142189,0.0,-0.014771034699306296,0.002401015359766445,0.031914926670751464,0.022948122384218728,0.008124568844952496,-0.01036250834481589,-0.006880678531619333,0.020162705539245263,-0.009090900224102638,-0.06488553791021101,0.005347545210492077,0.017352296046034388,-0.01689856511905219,0.02788974740086103,0.008143818593147722,-0.005518284328423828,-0.006881318097873734,-0.002774454050717856,-0.025302526900742195,0.004396329623189921,0.007618305125532299,0.03240737521354187,-0.028271243159656567,0.0371148947168245,-0.007228914518409346,0.07003448749410701,0.008381529720131287,0.010922348918424474,0.008800875047819678,0.014171276816996592,0.011316015168978621,0.0011587652439071228,0.0006704951513518687,0.011025646685608237,-0.002976240798210239,0.015310276905220022,-0.00566931774910906,-0.004014487826356272,0.01883978989314561,0.011434005418542226,0.0,-0.015098616784769092,0.025826436754195603,0.002873545627037233,0.019424005858306836,0.0009930714185597544,0.053285388136421474,0.011945745251033202,-0.0002854216923099395,0.0317700505151608,0.019055551095769507,-0.013309721926520246,0.015181861403994468,0.018382335217044687,0.003163691903208532,0.03076270650071722,-0.007662529783044381,0.005681773648470223,-0.049364993346442176,-0.0025588306689356966,-0.0010680983968703872,-0.0007344334052195034,-0.0025476474719325903,0.0,-0.0021420889635905827,0.014682600702860205,-0.0072422069920498044,-0.0067982520274407765,-0.008667677667349438,-0.0013961900085112111,0.005996066632661057,0.0013513728297125382,0.04761909717695367,0.03502835072183119,0.0018016667474789472,0.007695386619332334
2023-10-11,-0.006060600368335001,-0.03212848329303353,0.008520574101603229,0.11611047925852924,0.008995493567202306,0.002395150080919617,-0.015463963770208755,-0.01530741688309123,-0.01746139844774619,0.015706626289958114,-0.002309513200849156,0.01144243834813019,0.0,0.008163263149349786,-0.00354609998439126,0.013055419241583488,-0.0032862952059455885,-0.00030952008902296324,-0.002203200373852021,-0.04109576666750758,0.008531483430049613,0.010265802341735464,-0.010158225763410522,-0.007334616421872608,-0.008100775699935392,-0.03139010432469913,0.030756310352753502,0.00337604562079008,-0.011650387915777771,-0.004672761339369225,-0.006592133742042039,-0.0336134136297348,0.011586077362565117,-0.0012150274974427333,-0.020306741604246503,0.0023149106823465715,0.011007959341834628,-0.006321943728992974,-0.012437888864836433,-0.015873075943202752,0.009977700632616271,-0.002821308344571838,-0.01082731077199428,-0.024964615672386725,0.0,0.00746834463439261,0.005035353413626931,0.0,-0.007884378400622838,-0.001984077801659545,-0.007663286766757316,0.00214620914146213,-0.005425431873941178,-0.016129051428983687,0.0036585427313928776,0.0044964200763881745,-0.004514668555645085,-0.028880839081918075,0.006983808872836894,-7.019116957585059e-05,-0.001037049309767779,0.011299346965109036,-0.14923098646812838,0.01417053908287369,0.04552995794143988,-0.007257702587062154,0.002786250427961212,0.0042861505920714915,0.0038640907726790186,-0.01642371266766951,0.0007886403679520093,-0.002139067684855611,0.0035172113012886808,-0.003495391401951098,0.00397350688113951,0.020917704113356583,0.045454500299513256,0.026264238446247257,-0.00287751213388443,0.004823177733378703
2023-10-12,0.009146332820563874,-0.03734446032472605,-0.023809555201040666,-0.014304406411399073,0.022288275622929676,-0.009557936057332572,-0.002617798596338705,-0.020637910196242726,0.005468210736860435,-0.01958750418443811,-0.008796332886231606,-0.05519371292905784,0.002293521040931168,-0.004048581934958162,-0.006227636545583448,0.0182912745965651,-0.03474498044456542,-0.024561598711846044,-0.003925404412924771,-0.03435812285402162,-0.009720969546921698,-0.0011870101049905601,-0.027365846114660974,-0.015075759311570569,-0.009074473025905916,-0.03935186794878465,-0.024193372239681987,-0.023553124891099175,0.011296503949324022,-0.05067022438302493,-0.008655488701132974,-0.02857143026384079,0.004838881117795069,-0.01216562443043423,0.01057524306478319,-0.002309564247398699,-0.010414751703376801,-0.011452210846836786,-0.02720388763767101,-0.04153221012029984,-0.015524101633499598,-0.014551382024945436,-0.027917844771810918,0.008695574453765786,0.0,-0.007217883927913782,-0.026289472744689735,-0.0037250899081194833,-0.003973588848246501,0.013916439742432063,-0.04217197884261881,-0.010529993225805168,-0.0338788470612047,-0.010432216283669082,-0.011745682837362215,-0.004476292783648139,-0.07312919800528517,-0.02973983658844115,-0.01431771371151902,-0.022840274699943874,-0.015920527907846815,-0.015083649132682675,-0.037037059406508144,0.0003613504785551225,0.00507756812498128,-0.022209827417245864,-0.019449013184205333,-0.007637028872813034,-0.004704746727845599,-0.02030223543953169,-0.009357666649648655,-0.015005303469135867,0.0016048846550187346,-0.0003505617670579442,-0.0072559086171156695,0.007931312977455862,-0.014492739851898917,-0.014005582649587511,-0.0021646960678696203,-0.013200008795704266
2023-10-13,0.009063435621868399,0.008620681681899223,0.0055074504023702175,-0.0026385516593385727,0.03779066100579653,-0.027744215113954862,0.02362208764817786,0.0002736267455580865,-0.021074127723506808,-0.012618342018168471,0.002802425418458876,-0.05769231434683997,0.0,-0.10433603783397694,-0.02417206361277291,0.01163513795708715,0.043352326300363675,0.011849483488415302,-0.008620737639707943,-0.023033826694241477,-0.018169782444122484,0.013738899295963503,-0.009378602086352772,0.017121434726878437,-0.016849829497506796,-0.00963854480333115,-0.014049577383943967,0.03239140633636728,-0.006799360656953746,-0.02731826032834417,-0.01979046254646799,0.019181536475389338,-0.004582582792180934,-0.03201950375202034,0.010883233126446568,-0.030092587668882453,-0.009854561924779848,-0.011745930945138428,-0.007768127066248076,0.0037862915799184993,-0.008601415889347486,-0.0004102572613217115,0.012145913387739515,0.01772034741881723,0.0,0.019846664850704077,-0.056265398312791204,0.002301005348820162,0.0013298849612122243,-0.010784280268057334,0.03092723385421392,0.003968219809482809,-0.028529059602913298,0.04969878468999367,-0.0606557198924037,0.0,-0.012844097059428461,-0.007662828249186293,-0.018610981321576237,0.007456703144566035,-0.017936977305370028,-0.009642658168091178,0.02615378227537124,0.013365524642272364,-0.0032977725629684818,0.055460844007697796,-0.023494732642143634,-0.022861121967455156,-0.0038676801071311218,0.00041293397761688055,-0.005667729255615761,0.011316572250690271,0.002387305960834807,0.0,-0.011295785453120932,0.013770485793069165,-0.05147062626161336,-0.0702479631960542,0.0,-0.0149980198745574
2023-10-16,0.029940163359560623,0.029914604371353848,0.03677623449523648,0.05687830272826688,-0.05462183106140017,-0.004962774165082395,0.05897436242288534,0.012585474530085072,0.05000001986821556,-0.009584619581328835,-0.0027945937778217633,0.050057804342747314,-0.0022882728390274387,0.18154306760044547,0.017431374186218873,-0.04802245135880623,0.009821336356272026,0.006482708626955214,0.008695700996592892,0.027602199672679406,0.008363744981305654,0.008581893229566928,0.007100544748557702,-0.005174846195903582,0.0013041355919465314,0.03406322674882345,0.056160880023266024,0.04072100327050454,0.012225017216255907,0.02275596624929266,0.03800471400530747,0.018820589625614614,0.00790035783616938,0.016539366149199264,0.024016609558489277,0.013126422450505881,-0.007633596790361019,0.013350972096148883,0.0020878926297211997,0.019907731013008245,0.012600757310257338,-0.0032826726644314963,0.006749974242053813,-0.009882309857536797,0.0,0.01772621076726666,-0.0395283115763696,0.009182314813917625,0.005976071958929907,-0.006937531592233426,0.02150666952040603,0.004311916119669412,0.026613728453056762,-0.030129062787825456,0.007853416430044113,0.006294936649695826,0.008364326764994878,0.04247109542846639,0.021507757476805667,0.03288037290103585,0.01575765129100226,0.017754969263925835,0.05127456148795373,0.018298410554445477,0.009785320200096592,0.03362625639240591,0.013541432276752419,-0.0018529109417574352,0.0138050557436884,0.007843086372999464,0.0,0.0038734858185680565,0.015985994082295063,-0.0028070766065465547,0.002016334011452292,0.0012935344959070783,0.0,0.012361102634006027,0.012292255189719992,0.02016459715570673
2023-10-17,-0.002906973923522793,0.037344361395858616,0.031698118965580724,0.040050186691733325,-0.010370395801685528,0.026184423003289048,-0.0072639731179307,0.014860931550969791,0.03306878331907548,-0.005376462132283377,-0.0004670230425474209,-0.008434159823083154,0.027522908689077363,0.030729950864352595,0.018935805690888152,-0.032852996920215594,-0.011720618025162222,0.014751636111884237,0.013793058779035583,0.031337472169602476,0.007722325164405408,0.0013018433791107675,0.016451242038549863,-0.0075934485647888295,0.013581372039873196,0.035294140086454595,-0.008730285622019052,0.04939066390168412,-0.021256037555056118,0.02348381676611,0.01229978021843725,0.030788177773821035,-0.004664363180856501,0.029411982626851074,-0.00889614102320646,0.0176679088632532,0.013729344732307691,0.005944626104293027,0.003124948109862302,0.023012179755878215,-0.004691941442461212,0.009468838218688491,-0.004407730995847459,0.022338369434558247,-0.018181800448205276,0.015145884099761142,-0.014552193199377839,0.012510676144992017,-0.006600720495057222,0.002993985189686077,0.04085175968570676,0.02289800636699635,0.0265196469972957,-0.010355054628889526,-0.013852800412978095,-0.005361882769644222,-0.019354813380434766,0.02222220063700142,0.028299800883197612,0.014056340381883636,-0.0011752230983474998,0.0061899452176517045,0.004563241942522556,0.010735190032692632,-0.008574984611970149,0.004424413560188523,0.024692810425503753,0.013460100355147553,0.00021281232773096015,0.020478833733746482,-0.0050999988099480476,0.005144660146079172,0.0012200406310713952,0.007037300396146584,0.006706719062380184,0.006459977817065088,0.10852712390299724,0.05419120567043323,0.016071546660514135,0.02057281893965479
2023-10-18,-0.04664725443634066,-0.06800003051757808,-0.027066560606734957,0.03249083047019363,-0.017964055186050376,-0.024301314749622827,0.012195168755581687,-0.043663555494753314,-0.02752882895814379,0.0010813646555751788,0.014018578370359469,-0.02773668545141661,0.029017882564162045,-0.07577647213210925,-0.01946898248734641,0.019066345996554546,0.0052988465498842174,0.0013308771253994767,-0.004858771489097857,-0.027853238063418884,-0.0452695565050405,-0.018249374699928156,-0.012716736562933484,-0.005422303407946472,-0.004038301059772764,-0.013636350336153957,-0.016012609510790532,-0.04828856271725823,-0.0029616578475117894,-0.04525356160012839,-0.038428952636528235,-0.0011947704920629576,-0.011822540902181267,-0.032218931802960094,-0.05140756459048745,-0.02199074436111581,-0.020747321577621936,-0.018048343834411784,-0.006230842890936228,0.001004202372789198,-0.01516698173037212,0.000815748895907964,0.01035092086101308,0.018595983927196302,-0.03703711062301529,-0.007459821412338363,-0.02261195466881616,0.0030887975102693588,-0.003322183006503443,0.000995047631049406,-0.011263111514458024,-0.0013990978891806893,-0.030188705152255135,0.002989533745209494,-0.028533867703523064,-0.006289280692225341,-0.07957396332883249,-0.057971045791138986,-0.013650279973400292,-0.026499973632432505,-0.015766538317987355,0.02348999817296793,0.014764702137387786,-0.013507335041005097,-0.0029535285434519887,0.003973044475060972,-0.029685838381871776,-0.0247309687943581,-0.02893013090786556,-0.018462536962470022,-0.012061385906115274,-0.025165335501628916,-0.016388730283294906,0.0034941700021764444,0.0,0.007702304754233058,-0.04895100406320296,-0.05661112287138492,-0.008436101396938955,-0.02371521108795449
2023-10-19,-0.02446480861549971,-0.025751049246433566,-0.026315817778224226,-0.08508152360294086,0.06402440243253826,-0.022415919592069677,-0.01927708960666219,-0.003340727672656474,-0.014483167836199518,-0.001080196569184122,0.00046087619174972616,-0.009889700259701262,-0.021691952654312452,-0.017473091968216448,-0.018050445546136662,-0.003440825312491569,-0.0015060205162350515,-0.014006876571353244,-0.017822428758084707,-0.01693018090716636,-0.009364429085794712,-0.019203361764133398,-0.02107749171871287,-0.027744134845248736,-0.013085041797840424,-0.004608290374042534,-0.05044761873767478,-0.09248552399535281,-0.013861210220458942,-0.07009792233973455,-0.02585945592079597,-0.08373203803974294,-0.01056681979913976,0.011934611816046603,-0.029677416736580753,-0.005917244926156751,-0.0062775812536154385,-0.05676632188153141,-0.0015673202877307668,0.011235982575773296,-0.016024966268794683,-0.009372536462178283,-0.009072360738621055,-0.005020566459043363,-0.0096153757981291,-0.0015032134616728143,-0.02950884059712866,-0.003919214311636554,0.015999960586129847,0.0,-0.0007555122664489877,-0.02416802214664826,-0.023047005725242875,-0.014903115359770402,-0.03840933151177084,-0.007233352110771807,-0.024846819710299783,-0.04615380383101986,0.0,-0.002861821747486948,-0.01314999449225851,-0.02950823003276981,-0.028819372794684606,-0.01954364821339316,-0.010508442231892512,0.010667631761464014,-0.010917547671254746,0.01596621417189037,-0.0019714971289583882,-0.018400817533593905,-0.00661327499615072,0.012032412773905099,-0.008542763342350268,-0.008704936102809091,-0.0019985979536669696,0.005095477042124763,0.0,-0.010898067854988702,0.0014181371315633573,-0.012955763947781973
2023-10-20,-0.018808759154637977,0.0044052821794189345,-0.011582982296490463,0.012738749474091371,-0.03581661881330256,0.016560524333790072,-0.036855058732393475,-0.017877078304121996,-0.03674015904637162,0.01621624955727685,-0.0013818028515283354,-0.01613523108777415,0.008869170692469064,-0.04651172520914326,-0.022977968854991038,-0.009926516510007866,-0.0015080850084198127,-0.0034217031131431597,-0.025851370374595728,-0.005298948893431188,0.010452997781127182,-0.007282125846016174,0.008373329736023782,0.008037341346621929,-0.012885181089178355,-0.002314867704736656,-0.029134695635543828,0.01910824500372188,0.004015906576224859,-0.06213919680362756,-0.02926097062004307,-0.04177541791104977,-0.009208155858794753,-0.029795223596661757,0.02216309708450237,-0.033333365507092205,-0.020530986593471856,0.017934123756779163,-0.018314736978065738,-0.008333372439024989,-0.004018785750407039,0.002056866807125246,-0.0034876770457304973,0.005504625845554889,0.019417457749564715,-0.009220875857474109,-0.006811035724757164,-0.020798389271510676,-0.002624653839382929,-0.005964256174353699,-0.05763973483361673,-0.023869459802128068,-0.004289197066983941,0.021180009630523244,-0.01879706357951072,-0.01001818408590227,0.04153579580810707,-0.0483871463930442,-0.027902001420859857,-0.016729637361389327,-0.011750583847159546,0.005630812287533038,0.006626180194750919,-0.012174658193464083,-0.006378904874014046,-0.005192378216897331,0.014192060166098086,-0.05708341340395595,-0.011413454808333778,-0.007877086677414491,0.0024579991578943527,-0.02702107314933644,-0.01374670639462583,-0.004214834164501302,-0.01935917608861837,-0.005069644783518568,0.06617649443524898,-0.023291467782778685,-0.015575232710865361,-0.029122083749877792
2023-10-23,0.03514373516739422,-0.02192980392267585,-0.021093785448464963,-0.06540889043422615,0.0059435307191177955,-0.005012526536017692,-0.010204071702683226,-0.011092132859526815,-0.018030528953274283,-0.015957479093983706,-0.004151333675969315,-0.013666551078810096,-0.0021978524093689833,-0.08177896824282938,-0.07902164712778181,-0.02986072478233459,-0.005287254534949937,-0.004682015348469348,0.0007654726439725312,-0.019406507850573296,-0.014997468292884841,-0.011270326435932287,0.010676145725628139,0.001298020412769274,-0.00983723659445257,-0.032482568061314,0.013239324076208536,-0.018055505701051966,-0.019999772141320427,0.025384203227699187,-0.0021752546351890834,-0.006812014944881817,0.0025893459153811804,-0.01151620789908947,-0.0013008316371801998,-0.003694435195413015,-0.01259699644979062,0.016432242865055402,0.002131982625201978,0.006402554977092301,-0.006370798457333793,-0.0004105126743142451,0.0004999980920039615,0.0538321305232079,0.00952380087370197,-0.006267897310354487,0.00024477154890711894,-0.00487946589732946,-0.011842058720861526,-0.002999973297119096,0.011541778067972963,-0.02739472702495449,-0.007076908991887065,-0.029629601372612835,-0.00143672320414856,0.0,-0.008042887730928872,0.012711953873680848,-0.0011479323361023308,-0.009254688131465572,-0.0026966915084882803,-0.020156794721509996,-0.01259280521144357,-0.010874861486646958,-0.020623643876158337,0.004534942815446863,-0.01686393036009881,-0.0007352922556272956,-0.0002220732507741685,0.010611466115000523,-0.004086540365114577,-0.016885022791736315,-0.0073362016777879235,0.0,-0.011572466470930798,-0.00700640759965665,0.14482752553915068,0.014850791570123478,-0.019417513795356056,-0.002534823332641656
2023-10-24,-0.04938274239498086,0.01345290185344239,0.018355985699299415,0.014804968776471528,0.01624817338616147,-0.008816142463087262,0.0051546341073744895,0.0023007769716483217,0.032485878750277086,-0.02054040963300796,-0.053728419371395164,0.04117177350574974,-0.011013257963653267,0.029687542313219017,-0.01736457574713035,0.013030904510014096,0.0022779510967454453,0.010871683017604106,0.0012748817494532272,0.005432829844580933,-0.0034172043537371577,0.021421855339389673,0.0093897264185141,0.01209880687572329,0.0009552470216622755,-0.021582770009893504,-0.03571423346023406,0.014144257737559451,-0.017857367286489012,0.030326760567174427,-0.010588606232485809,0.0013717735163463196,0.012693293193091426,-0.024595544572126538,-0.0021711896441158895,-0.008652581456360164,0.003980397798392543,-0.0039999592163084685,0.010638301276222784,-0.004970179001827946,0.014105638847699442,0.009856268888222663,0.013180756188739373,-0.007359310540545061,-0.028301861329449007,-0.007454121717297424,-0.02007811579744012,-0.005480302377182222,-0.005992058127071154,0.003009000217422342,0.04295559917315406,-0.0009451749594308057,-0.006507563727726318,0.033587753249663344,0.008633108003957446,0.00735969867049735,-0.0027027000903735443,0.016736384977954266,0.07103444321705799,0.011640546127589912,0.04265000204474512,0.01599985102921231,-0.008695713827386764,0.019056884553398934,0.01120625561286337,0.00962518942701096,-0.012773884945893044,-0.025018332477446004,0.013102371377692545,0.004645685854018922,-0.004206033981747459,0.0,-0.01797177503945313,0.013756446827478008,-0.006887070499191239,-0.00064151985610017,0.07228916095257998,0.011960017979048887,-0.009900972171580036,-0.0038119873846528263
2023-10-25,0.05194808110195215,-0.0442477455993574,0.014890248979247067,0.023872774890298265,-0.052325599931135836,-0.021601026526808953,0.035897400785167344,-0.04390240591927208,0.005471951048718893,0.004414842754371318,-0.0014685772616089832,-0.027376400541483936,0.006681561545130776,0.025796677929611933,-0.00935565323580445,-0.004879309625886896,0.03282830829906125,-0.017166566309805953,0.0007641225073682367,-0.0009649432498243238,-0.0003530014165523676,-0.0007214601878895444,-0.0220930509433227,-0.027262753340233092,-0.0013360991709151504,-0.00980391240220746,0.06955723588405838,-0.02440727878280835,-0.00831174714260896,-0.03286112980669198,0.018256153855851887,-0.02739729875022945,-0.008520750565188528,-0.0059721433678298075,-0.014360245195573107,-0.004987602434088023,-0.007217638148305561,-0.012382914148919566,0.0031579485027710685,0.0005994524365930953,0.0008429771943618825,-0.0032533838870387743,0.0009865954470305027,-0.010030507595955473,-0.009708728874782357,0.009820981328908518,-0.015991948099305375,-0.01334089532681626,0.006028179328004812,0.0,-0.01895509340429169,-0.01608332877376417,-0.005926404426666809,0.007385552566577802,-0.021398038433028344,-0.007305929232835573,-0.015921450318931663,0.016460889199236384,0.009873363822598735,-0.02152144868148209,-0.003536573509799301,0.00956142202230481,0.017543746717372022,0.0008391723538827556,-0.014341279085612446,0.019994961368345,0.005421937738255167,0.017861658106506306,0.011398443535321157,0.010789807602829438,-0.0024723518903696506,0.011977201151141648,0.006841536711427176,0.04523325582271975,-0.00832169802816185,-0.005134723959171361,0.016853916782002765,-0.005005570349235766,0.0014815380381061338,0.0
2023-10-26,-0.02777775120506243,-0.023148235531497363,0.03783782072086139,-0.0077720235220047895,-0.06441718980408062,0.04025979575268135,-0.01980196150035629,0.03811526018594025,-0.013605429378242606,0.0,0.005882245389680962,-0.035965601213366005,-0.004424774559935729,-0.04289948966130008,0.054564544107015944,0.010252014248188113,0.0007336455782072093,0.0032619789865580007,0.02213719635521172,0.0179640276685471,-0.004892862188897729,0.10272451707120589,-0.00594544084060511,-0.02401405542128998,0.006689433601264172,0.017326775327312083,0.007601535344514909,-0.015010724916558638,0.01519133220154023,-0.0572070165257238,0.02009278381879631,0.007042280479784058,-0.005762736601452989,0.07276375558812798,0.039735002779372586,0.04511268468243412,0.0184312446740329,0.0022026430245101203,0.004721800486781724,-0.0003993701484106271,0.002948158978714144,-0.004896004412424437,-0.005789836546357341,0.00352422559547505,0.05882359128509962,-0.027650649259258975,0.24377838484765046,0.029394531630768883,-0.0053263372746061854,0.0010000228881836826,-0.04359237331720189,0.0,0.00690302188770775,0.0043987877149691545,-0.018464487957984943,-0.004599833602693004,-0.026161732925749415,-0.04858304558206039,0.03273112794381827,-0.009509291561147992,-0.007334418218494343,-0.012813414652211197,0.054597746259092306,-0.012456618252344787,-0.009002282262816519,-0.051778346213589566,0.002451358723396746,0.04374669369153028,-0.005634991633701736,0.009596339667435005,0.001549120476520116,0.07659676699217344,-0.008663334535641276,0.03695073628204715,0.007692277409008241,-0.010967622361175211,-0.13812155132783344,-0.0085243240799735,0.03180461458968886,0.02678583917559041
2023-10-27,-0.03492067624892348,0.009478777412064598,-0.10639876459435738,-0.020887791826738167,-0.040983607198115,0.001248467989523716,-0.0075757502779744135,-0.03498118181945509,-0.0034482890161974256,0.0,0.04775843187857065,-0.012570943546656776,0.004444440205891853,-0.06646062072652581,-0.011940300801135284,0.005073892729815288,-0.011971678519933193,0.020450980848813582,-0.010455478219705716,0.0068311691754145976,-0.02620632781152321,-0.0006983367001188734,-0.010765244782717787,-0.02505466441937887,-0.0032275208106340436,-0.019464700999327622,-0.015088199876014619,-0.0050798037866961465,-0.011867869049621005,0.008101572332053664,0.05393935694839014,0.16643357221651978,-0.0044322089356075844,-0.024268812071430612,-0.047558113882149367,-0.010791328439842096,-0.013472716169568355,0.0015216065934329226,-0.0010444391858923652,-0.0031961614666969895,-0.022674901924655044,-0.005739946108618055,-0.01108993277502679,-0.002194957985163337,-0.11111116630059481,-0.01510106437696035,0.04797879836370278,-0.005996674368013433,0.0,-0.004995023935224108,-0.0034916682472043714,0.010961703374709142,-0.00841385031099473,-0.04525546672926106,0.016831690086452022,-0.0064694729018988095,0.004595233529852916,-0.01702126105374524,-0.021403633381785525,-0.006962185682065858,-0.007389205642008401,0.010722365457368932,0.05711170243137187,-0.013220092306027498,-0.030180643996721712,-0.006193292814486551,-0.013449020719948801,-0.00923502073784066,-0.04380988920386897,-0.010831334522952485,-0.02000432395008178,-0.019912920235143017,-0.06350468620535676,0.0160513372545672,0.006245586673941261,-0.011741867496583458,-0.03846150319251662,-0.0009866060300930402,-0.007168437901289404,-0.007867544500312462
2023-10-30,0.0493421372531857,-0.014084604787086619,0.015820114634668148,-0.03066670826390372,-0.0324786427893784,0.014962578392737846,0.020356275003996283,0.018573963812032135,-0.022837365263801868,-0.010988923959259655,0.03581386144880461,0.02094456759310548,0.0,0.0082781707133186,0.028197498248863084,0.0,-0.000989218989461138,-0.02034946337048582,0.0372327850944405,0.01375800402978733,0.03497988292469367,0.01690531567111697,0.012091757617465282,-0.002306212818891429,0.007999946209908071,0.0173696504168539,-0.05276580552515153,0.024070016250026027,0.012532595798717905,-0.01980110793728851,-0.006900456359773988,0.02877695044690043,0.012892495039288354,-0.008928612826992866,0.057957910585628714,0.0072728321006767516,-0.004484329689050881,0.016373926145242468,0.014637122069302677,0.01563123758407814,0.018689580918990645,0.018968994356795887,0.016664412972676068,-0.018037829109950332,0.09374997477667968,0.011150889308965573,0.03584631361265078,0.004308965132439724,0.00870143090643194,0.001004039040515492,0.0076335713879094325,0.00817954470673321,0.016656152871776575,-0.02293579453247141,-0.03505361190898659,0.03720926684002546,-0.007037324503960218,0.00432900030777672,0.020189294060276586,0.01800712678590899,0.00396229055956443,0.009491907828488078,0.002597149577110658,0.018682400958778933,0.0061934266921255254,-0.007636291970961273,0.004461562775067929,0.007887169296529661,0.02621384366017976,0.007970342718298218,0.015256817841817982,0.036190521089191297,0.017821832436669904,0.0009478709586552281,0.06482770363207702,0.0018815180679441212,0.1866666475931804,0.019328481936643493,0.010830330272450617,0.012938219477125923
2023-10-31,-0.009404379577318989,0.023809615716916754,0.017213118150009477,-0.005502036468616134,0.015901087458339846,0.007370941451077417,-0.017456400914195425,-0.003823560826918704,-0.009915038559308753,0.007777704373829852,0.02649314752584031,0.02172160076109808,-0.02876108738705574,0.0,0.006855780952985002,-0.0053562187091664715,0.00024767703404005026,0.013428366141144066,0.011641868271760725,0.01338541254536918,-0.004224669472177367,0.013316857015420958,0.007168411759074456,0.0025757835031743337,0.012471739683220573,0.014634132725648952,0.0071877650102813995,0.02136753501068167,0.0005157254333436612,0.012044621735664673,0.03213666997479914,0.034965057506117114,0.008571883536812486,0.005147971945938856,-0.001264186268208456,-0.015643896417815606,0.01719902026952358,-0.0003320144308613937,-0.006697656218040637,0.008287256638047413,0.012441936360017891,0.009712753471056379,0.00616237025003441,-0.0107526780644992,-0.07619040698961566,0.0037417137732713712,0.018995739708957737,-0.01544622530871298,0.021234308924622747,-0.001003031957271583,-0.05557625876836725,-0.006415108305363404,0.007727975634990836,0.08450703804944193,0.04036332778643237,0.0,0.0063784659658230325,-0.021551704204748168,-0.01587293338895157,0.015514203128765613,-0.013035242843400963,0.0005533252258582699,0.06088094047983028,0.04584937665092004,-0.028458368156910607,0.014151832107429652,0.0007402097566231447,0.000948571898986339,-0.006441600771205147,0.006291452483028426,0.006425550957118276,0.010008081271089875,-0.006975228286712043,0.010101027272871654,-0.012953533781770776,0.01609650822438069,-0.03370783356400553,0.008304477150465006,0.006785661276835775,0.004944227781321642
2023-11-01,0.009493661574342616,-0.009302316297383983,0.01853348096201679,0.02074680849875321,0.024347802867060064,-0.007317008211950138,0.010152274434545472,-0.010628893466325562,0.014306206687290102,0.0,-0.0026245789722957324,0.06338585175320266,0.013667413349507385,0.03284074121431835,-0.006809099259971529,0.05539622067304695,0.006433830460073953,-0.0009315739438007231,-0.004315546774988799,-0.017428033772381446,-0.026768947044671476,-0.0019925067905429694,0.004745044928012199,0.03425557868051676,0.0026129217527275372,0.021634652857951187,0.06601239194414066,-0.062064179487622884,-0.012886553431047387,0.05345131968021022,0.03814857608539102,0.0011261518865943732,0.0037072510809570414,0.02240717612637133,0.012658196350925355,0.002444956917058816,0.01056766349947491,0.006147093800671133,0.0020744810131478886,0.010763269436032452,0.019995911772942465,-0.015631400451474153,0.009737736115062345,-0.02219201869616305,-0.010309329662834377,-0.005493544308722287,0.013658097650277812,0.012202299692469776,0.009746573907238876,0.004016060411629274,0.020645641211130883,0.014052388275475947,0.002760741006148759,-0.024530967340231857,-0.13385063610814318,0.022421525430774247,0.019366237739324443,-0.013215846538256693,0.009425993494337925,0.002569969979006048,0.007512258230352842,0.0038693663376623277,-0.028327140580157062,0.03830179267518208,0.020101541912605825,0.01962323328220461,0.0033287721801325,-0.0033168064155472132,-0.001341395268467216,-0.006252117582340677,0.0009268407718030502,-0.001820071399167289,-0.0011950009260490724,-0.00031258750864326945,-0.00328081530355806,0.015181620868633283,-0.10465119986227167,0.03170906295638254,-0.006385158879077646,0.007790128709387778
2023-11-02,0.0031347931924397,0.0,-0.0015823146535147714,0.010840229868882778,-0.06451606896733175,0.029484000122314002,0.02512560405862696,0.022083011504995476,-0.007757447671662754,0.012127875175168557,0.028947059735602076,0.028137735003392006,0.01573037632847374,-0.001589721800614452,0.06567161985882608,0.03973221504472724,0.014998886777642051,0.024038801417737954,0.025523683298479316,0.029686427838805374,0.023094172457409856,-0.001741594617686304,0.038961073848078565,0.028853495409534302,0.04988837137160029,0.03294114505543422,0.03012554800696976,0.009665436154977947,0.009921716056891183,-0.025250689672092874,0.04134025029403876,0.02137228043258843,0.0041060847709557535,0.06449598716579819,0.03374993345155075,0.032926975009098136,-0.008664502687497966,0.00677038076214731,0.025362404575478337,0.01955466198828959,0.036553080904642155,0.010179163583484918,0.01188831164515669,0.016674414442207075,-0.010416656965389626,0.006904932915146045,-0.039511841756736055,0.019230931196565715,0.021879113063805633,0.005000019073486239,0.043677166754495955,0.011235975479388483,0.008565390203637557,0.0340235997705538,-0.042553202850471594,-0.004385898134529276,-0.03488774446509846,0.013392844313413477,0.018676026885451558,0.07497860076707341,0.014912790846355772,0.020374585981076443,-0.004021024384609495,-0.04511103652364146,0.022044219643680973,0.015824124678568197,0.04079629746420932,0.04640543017416365,0.015894544660952192,0.0019984452734544966,-0.14125510746302772,0.06645072080361669,0.007576635780773611,0.007262469449407893,0.03818321317044715,0.032509783411335036,-0.012987000923330161,0.0043905559550487805,0.016422635347275838,0.042717742209858356
2023-11-03,0.006249993946403354,0.09859144997441205,0.04278922082011616,0.0013405403993331788,0.009074357862205007,0.013126450498215148,-0.024509781005518705,0.038832170249771814,-0.023454152868777167,0.042483574611216435,0.04433107874428943,0.028808038310164763,0.004424774559935729,-0.03503188603249996,0.02707741236939576,-0.0036202947476516867,-0.007025325906871882,0.032075254898159766,0.030288822160317475,0.023027888747283898,0.03611635953838066,0.005319055159850095,0.03181808319878088,0.036030504353378845,0.05762406115981289,0.02961278323340566,0.010560518932652085,0.05007366045626638,0.03309169325038752,0.03700690694450204,0.01894134729878072,0.00770921755643017,0.014400743490262435,0.03705890428174108,0.016928648985105044,0.036599585083027186,0.01868596135467193,0.026570298174654727,0.050984337644512934,0.05507029119411255,0.022458508140133837,0.03990330231855399,-0.00023976412907067424,-0.0031891389403067016,0.042105286273269815,0.010579861730311002,-0.010426498719960486,-0.0033988240290723226,0.026448280155301873,0.022885526156344316,0.07740263409775627,0.018518576769836814,0.03457686828754469,0.015736786425789573,-0.017543926182263303,0.011453670167169472,0.041159613333882294,-0.017621128717675627,0.03646379626539775,0.03888188556587435,0.028557893944253676,-0.05504599132878285,0.04213951515944703,-0.004538039644922276,0.012265960500670303,0.008925543444987749,0.011452220885501463,0.027573448992907368,0.00044054404396542957,0.01041558638189466,0.027315183491616768,0.03381448076499871,0.0011870951891370662,0.02507829232098846,0.012048008999675286,-0.0037784787405389375,0.026315764707210976,0.006226006543956997,0.03442232295271008,0.03979695734141475
2023-11-06,0.015527935363983447,-0.0555555046114129,-0.012917939077892626,-0.008032131271230036,0.03237407017825222,0.001177883292277082,0.030150724870352308,-0.008993914925608082,-0.02620084881180096,0.010449657308725158,0.012244714273967672,-0.0021000863347314658,0.008810564358837869,0.01320134260555128,-0.0036364375843598307,-0.0002019215676685171,-0.007074728927629836,-0.0023527811389533193,0.00820435364390848,-0.01790131909136161,-0.013169550210060721,-0.0014815507948313655,-0.018722616945675008,-0.0011951729891633844,0.0041912413006544025,-0.008849549119871458,-0.03215435738795536,-0.06100980866725425,0.0020023555819068672,-0.009450949874578729,-0.0012732171244643764,0.01530058460759176,0.0005013861888736315,-0.01871825130977156,-0.008719684534348127,-0.0011560214663668411,0.01617356375709611,0.00830797240222858,0.002413166642461384,0.010439128906073902,-0.009055690382101744,-0.018216986089744314,-0.0005395986668133013,-0.00457031434902444,-0.08080806317177147,-0.00562237132727994,-0.008620761994802884,-0.0071039909788571665,0.02024534189385685,0.010700448755728731,0.013463182085561298,-0.011454649951380125,-0.02228091828294565,0.008450696279642456,0.011309556112269359,-0.00783965178591306,-0.008250249909222296,-0.00896860123562837,0.005307558225949638,-0.019382696708275304,-0.004953847034733672,-0.01599094172037896,0.0,-0.004558727330277512,0.011005784991853451,-0.008679693858923199,-0.01038870714399076,-0.006037369511078361,-0.018061674452347187,-0.0026318668374526455,0.05772582315723662,-0.00826886810061167,0.006863771546834041,0.0030582123310938236,0.014410996024408984,0.0012643875326971976,-0.08974358386541947,-0.01882570198013722,0.0016976654846603267,-0.01575981882555988
2023-11-07,-0.06727829660350493,0.0045248824844552615,-0.010777474373764862,0.036437086548764874,0.00174220022310001,-0.022352891809800046,0.012195168755581687,0.10039708122633328,-0.1218236248504716,0.0010340866639153568,0.008064589435702763,0.0,0.0021834561241091954,0.050488476626109335,-0.02372256698911701,-0.0040378444481435904,-0.00663394044123744,0.012087154958821067,-0.006555340153527323,-0.0037899337632120167,-0.019497035588264766,0.0024162284554674063,0.0493829559248522,0.01824710238186822,0.0030047748455550582,-0.004464281437804529,0.002491580148865191,-0.008215131256991914,-0.008491867051678925,0.007086541099363464,-0.026007150076916452,0.0010764509066629735,0.014555451958364607,-0.016184807581254734,-0.00039990719134996855,0.0011573593986760056,0.0002911372188503236,-0.0001583476510170767,0.00914770789937358,-0.0028500151256077855,-0.01711089802512944,0.011843690131751128,0.002879314294176538,-0.004591385597661701,0.05494500096186172,-0.006629080429034984,-0.002318790908320101,-0.03091025835936667,-0.04269381297408581,0.0086620977805274,-0.015488986177685016,-0.0012875279166461029,0.008995594167436227,-0.00837988045505711,-0.00235426772910885,-0.021949077477118717,0.023223572528071168,0.04524882484455328,-0.004888634211075771,-0.015214567721025252,0.0010420451156392119,-0.02205459264143761,0.0048426342245275755,0.002935646325043617,-0.006304417589386269,0.02449910500097241,-0.013446527709154998,-0.014848186207222391,0.010318540113653185,0.00553393635154209,0.01113571827126525,0.008893692293256539,0.005995883647174516,0.006097463763426791,0.006794291823767118,-0.018308177351399224,0.035211319039915256,-0.15913056225147915,-0.004067812733459686,-0.01601200584853002
2023-11-08,-0.06557378715098938,-0.04054050135560294,-0.024124545557503096,-0.028645736385838005,-0.015652200450067988,-0.008423663653889912,-0.0650602348727437,-0.05283503292191949,0.04000002272585612,0.009335839462937923,0.00040004049590258717,-0.0021045059789792653,0.030501059222549864,0.0015504374252215403,-0.010280405415348137,-0.023515131971008962,-0.0039575493076809964,-0.0027187981168046438,-0.010238804468732599,-0.01159418567502779,0.01396478846442073,-0.010191161634677037,-0.011764892593881804,-0.00470037054114103,-0.005991869270419836,-0.0022422037659871608,-0.02899734840383683,-0.026355379128995104,0.016121272154370425,0.02315436387545544,-0.009162363398639517,-0.026881719878786958,0.0018051456577419245,-0.02056422777295397,-0.01800011385559719,-0.01040450101002588,-0.004074882799930846,-0.0011094847813627462,-0.010019114175040644,-0.005716321854965067,-0.023145167863598437,0.0,0.0012562252341665747,0.0,-0.11458328870745893,-0.004317897780569568,-0.026535097576869116,-0.0035439016726054318,-0.03957297694078443,-0.0057251401300709714,0.029340861446519817,0.012707239971032847,-0.007132293241717158,0.01408449379940424,-0.022418941062592346,-0.02513471077344609,0.05013548507066812,-0.051948003693320643,-0.0060915693895261525,-0.026806012476850216,0.0015035237179443772,0.012462941669977967,0.028433798459346127,-0.015103648826473082,0.007930609804149835,0.01454512784580353,-0.019846930014157937,-0.02489140734365891,-0.003330545193059753,0.0010572425326278445,-0.031730516075695214,-0.014692280684308834,-0.00943705761356961,0.04969696517756117,-0.0006133918743285172,-0.019292537331647264,-0.04081636790548637,0.04914635265748113,-0.012933868437418505,-0.023634343168695726
2023-11-09,0.014035158459685393,-0.4319248952413445,-0.017543880996655048,0.006702444200435531,0.015901087458339846,0.004854364437391068,-0.010309329662834377,-0.0019047536006590038,-0.00900168641144461,-0.02055491803942089,0.029588127153813426,-0.04463973369793528,0.07822407696978351,0.03869972983934877,-0.010387087400154038,0.008719110821406417,0.009188112429627804,-0.00973606003552041,-0.01471268880029264,-0.013746268341082835,-0.02050895870406766,0.017473376572586297,-0.02922075210747732,-0.02880749586688569,-0.01657753586926758,-0.0179775117157287,0.00426622482590111,-0.00850739425795144,-0.020327290362662565,0.01771239232094879,-0.013210040162666359,-0.011049765675375856,-0.001668956778749453,-0.019196163085082985,0.0020367619640448975,-0.036215003562133585,0.018314634442007316,-0.008091240356914775,-0.028915654540060398,-0.010420374019896594,-0.009720699523884768,-0.00819351811239466,-0.00734808167926404,0.001844972675999479,0.0,-0.0076878456446477506,0.005969063435461441,0.005334876831324387,0.031105307737720134,-0.0028790530471725084,-0.02738889585423465,-0.010911094842689817,-0.0652499346043739,-0.26944439330218617,-0.027760959139687902,-0.0193370206985094,0.005161285400390625,-0.07305939801378825,-0.008105811549413033,-0.012392712708187315,-0.007044560044353276,0.004689506109471164,0.042174389642318566,0.006538193190928077,-0.03366767045029695,-0.02494736638502093,-0.007318993157580778,-0.002108073398691346,-0.010024376387793854,0.0019661382071713973,0.012162112835925498,0.014911362609147938,-0.003975581604850897,-0.02193968912044697,0.0,-0.007213067186982114,-0.014184383971608927,-0.010646341418132144,-0.008620752648496821,-0.014285624042709721
2023-11-10,0.013840816747774376,-0.0743801905299355,0.04301953731932051,0.011983855017821066,0.008695685345193604,-0.007246312545574507,0.052083346915121176,0.01553979525850191,0.009909156809341235,-0.00314779698665435,0.02058253867493187,0.02796174467802026,-0.10784308317302416,0.05663189905918942,0.013358790885762417,0.022638307560491233,-0.005413473437068217,0.010913428799547598,0.026831431853650445,0.027318154883411383,0.006470269833875664,0.00860772357389994,0.03344493113393354,-0.015985927635018493,0.0015323509334626007,0.018306619176448713,0.0008497273237773051,0.000780049073314304,0.04757088622593919,0.004341579860392297,0.005354772988224621,-0.0011173440329556028,0.013584287162841546,-0.004281143612596572,-0.0044714967056292965,0.007272812710000798,-0.00019130051946736337,0.006397844734498559,0.016873566396502282,0.00363102653583125,-0.0055214365439135715,-0.0066877064843225975,0.004573887409038191,0.008747722839051564,0.0,0.0007948431738709072,0.016811614556710763,0.012382185941709922,0.0006418457767152219,0.0086620977805274,-0.010667566126616568,0.01250232646123517,0.030419493335395176,-0.045627421580234695,0.029795128743068,0.016901437711095646,0.009306833021420102,0.05418725865256868,0.008570741364599233,0.014558737810699496,0.026517666175366994,0.004083946426853169,0.0026978520328075906,0.015117582354269965,0.0123076524675243,0.010051496196045173,0.007618627170364212,-0.0056324458490029095,0.009675925956229126,0.002688838938357252,0.0002225615766036082,-0.003305724848930658,0.0009349230372710515,0.0008852792812206189,-0.001841493568344732,0.007265473535740696,-0.09352517738814159,0.023212827609469855,-0.003506266798014246,0.007648916150051255
2023-11-13,0.013651863802616848,-0.07142860944173757,-0.017120642840295797,0.00394737052978078,-0.0431034468583914,0.0036496024326815313,-0.027227697062989997,0.006711409395973256,-0.004905925444655512,-0.0042107006085784215,0.004566204348289249,-0.0161059683012863,-0.0021978524093689833,-0.1339915173850742,0.011299357619229067,-0.0036223934830819093,0.0,-0.0008752936977886039,0.009089094468399228,-0.008321094000865559,0.009313367368273484,0.013821159484019407,-0.016181176933360297,0.019272315331091416,-0.009022751261513418,-0.02471902503191592,-0.010186734066702563,0.0,0.015458925585334127,-0.03845433569593237,-0.0007989022611555319,-0.008948537747316632,0.005229890189208497,0.004299550606211344,-0.01265826645754442,0.004813469794972436,0.03702990180923438,-0.0143038577422534,0.013665209999968786,0.004703367257089086,-0.0069914844838183665,-0.007920783835471013,0.005092438353835105,0.0018256921864865383,0.02352938866532872,-0.017864293029643763,0.00038924529015438303,0.0037855813394258586,-0.0012829360409165602,-0.0028625700650355412,-0.05843479322350542,-0.008352920224651061,-0.0320074790825855,-0.15737051092721743,-0.019891496122414254,-0.013850380386608796,0.022257575388180406,-0.009345896432088385,-0.015414990619721736,-0.017971706473490445,-0.0033989451790532588,-0.00581064544631027,-0.01950677809785828,0.007213456381104599,-0.002319449520577721,0.03544703773171487,0.009268297427118544,0.004012448802971802,0.002228775993009746,0.011561150780193374,0.02113472612815781,-0.0222960664838171,0.02108787880735208,0.0,0.004919897979867471,0.005901640352243609,0.0793650988878909,-0.0030047619527949765,0.003166865647525663,0.010387520593402089
2023-11-14,-0.037037081634600955,0.028846242018708557,0.05938242226478385,0.01572748426037518,0.0,0.03272732821377833,0.012722633961057772,0.07440002441406257,0.032046042800150776,0.011627889823030646,0.01856069944983263,0.03564931067281951,-0.041850233219585586,0.0390880135579057,0.0763500814364606,0.02080385945986052,0.003711076005236791,0.03737960037985233,0.08466550910173742,0.037030248137485344,0.07136430650296854,-0.004886435570210401,0.08552629223974417,0.03018005667603263,0.03126612149719299,0.09677420772520118,0.02572879387416105,-0.3600935240087325,0.012369067849693272,0.1488271781820789,0.06396582307836907,0.0440180991461816,0.02172277208663509,0.11926607369487363,0.047717864924632813,0.07065867820489458,-9.221726415598042e-05,0.03676240509951634,0.07318243179690764,0.00252069476666672,0.04617925280074253,0.05788419060564687,0.0020264776821887764,0.03416856373264032,0.022988483697581552,0.02122059304213897,0.04880408183940377,0.006672486810463507,0.04303156132741859,0.05550238605667901,-0.03484790109914582,0.029115519765479103,0.027608305410422584,-0.0189125114291554,0.0461254606053334,0.02340823903149558,0.007464940976016576,0.08490569644994705,0.052187827245095963,0.03660166024582856,0.03398317303886511,0.03214498456355552,0.07020339958077226,-0.012359875151914945,0.012486731839120413,0.02629074779882279,0.06887383932904001,0.08086487184220337,0.05918071292518223,0.008347710706924971,0.034858327411616985,0.03656265320491725,0.013862055822739139,-0.007962280522347487,0.05936369051508095,0.009126419790423279,0.12499996712979189,0.009644354788456821,0.034023006575025105,0.09015419751126053
2023-11-15,0.006993083943600098,0.0654204951508004,0.020179334961136997,0.0025806738719404976,-0.007207200086191579,0.010563285689916269,0.02512560405862696,-0.023579070274315495,0.0,-0.001044845332475619,0.011156320257163399,0.009483683325451464,0.0,0.03134782283809856,0.0034603720797063975,-0.00831024121665569,-0.0017253578272772296,-0.013136967417690992,0.0006229414591125693,-0.0024626913895604563,-0.03477982548120906,-0.0037137901588560895,-0.015151565114138066,0.006235646357670044,0.0036648651446169467,0.004201676463198689,0.00250833397628214,-0.01339825288259966,-0.024906096851744164,-0.020723424314953998,-0.008016024787124265,-0.04648651947846283,0.0012809331858167905,0.008743113575004458,0.020594161153262514,0.0022371625835482245,-0.023346002995014214,-0.005909839424431351,-0.028263789399483263,-0.004669578570499766,0.0021774628429529486,-0.016981133628831135,-0.005115776630293722,-0.02466966319249142,-0.03370783356400553,-0.006332858728905211,0.0,-0.0011527809053960558,-0.0012315869699049964,0.011786048738724686,-0.012694575474280767,-0.020284639964317952,-0.04654788946887278,0.18795173856547387,0.00646682003947241,-0.00914916547828204,-0.02099414380949649,-0.056521686398914306,0.0007630791770953937,0.0034232143103485324,-0.002426317443703141,0.0022649198923407887,-0.05918803182366417,-0.03321639883213767,0.011147149068400086,-0.006114143672102168,-0.0093827567788356,-0.0017396391594924898,-0.02613115786700304,0.004618631873082757,-0.007368431896521477,0.04636349053637989,-0.0357426974459778,-0.0020807956351936996,-0.024841307366644805,-0.0025839558501437043,-0.09150326033517286,-0.00014928561538007923,0.004070546164321787,-0.004715109853837496
2023-11-16,0.0,-0.026315764707210976,-0.019780184002556545,0.012869990677913501,0.01633387876809511,-0.03368176230159614,0.01960782480441492,0.004575503418343008,0.0023885136917938254,0.009414069208345532,-0.01066556119805162,-0.030967271981081512,0.0022989032416267374,-0.037993886100680774,-0.006034721789271669,-0.006584222398553052,0.015555566852558877,0.009698577693868282,-0.010996003994982018,-0.014635776122373656,-0.004073856975380985,0.004928863868191247,0.0,-0.012160197567639308,-0.002821553702395563,-0.018828482978560213,-0.010008231916968535,0.06172839215462811,-0.006746813569414867,-0.014281718668395227,-0.02272721580456105,-0.019274385734242783,0.01132956625727588,-0.008667334088674705,-0.0360885458652197,-0.024553619717543107,-0.0017006111300933435,-0.0015643366561156613,-0.005078439241325894,-0.005774083460788226,0.010270484995124729,0.010748656208598328,0.0027505607086772965,-0.00813009530885267,0.0,-0.009958042885285678,-0.010567462206299338,-0.04096933820916926,-0.019728842045476758,0.010752678064499088,-0.030044567406011025,0.02451851022652507,0.0003276614918690246,-0.04665314950953958,-0.04088789302715934,-0.01754382102694263,0.00788394850892371,0.01382487112212738,-0.03164309330645265,-0.01438277809671995,0.005085849152068889,0.02090398390138426,-0.04156225374600109,0.01270263916479486,-0.007013591646171546,-0.016664066501800745,-0.016775022643744086,-0.012200475678447065,0.003490508020132843,-0.005092729003570717,-0.002651081815900125,-0.0026064298847239264,0.011228134372142984,-0.002085134373697284,0.0023696867828186807,-0.01036267219909337,-0.057553988301194736,-0.024033447704023714,0.0,-0.009839837519305838
2023-11-17,0.024305531410156345,0.02702700090373522,0.032137541218081545,0.024142377371062285,-0.10892859712547232,-0.0096153757981291,0.00721158916075737,0.010374489945927268,0.009531364901089079,-0.008290087574082783,0.0037175437729046745,0.015439867119782402,0.01376145434453857,-0.0031595822574695953,0.01214253316617131,-0.029323021233433888,-0.006078322894272015,0.011300378169557757,-0.0014684885221809552,0.013600547148765907,0.025565080019039677,-0.00247302949270356,0.013333296806810724,-0.031011454431604912,0.0066577691801841254,-0.03837949384702144,0.05307475221299196,0.04186042333822804,0.036875231572782496,0.017344049861764743,0.021963784428011834,-0.011560628000628848,-0.009883770455054952,0.011475606150123108,0.04710146384994274,0.006865129795583291,0.0063410765258715696,0.008931215208780152,0.026914015159371862,-0.005626090148429852,0.002346081133407729,0.0018988406360633814,-0.005664911259825378,0.015482703404495757,0.08139533916636399,0.0012069920012505175,0.007307572629716708,0.014139518396140138,0.02012590280289772,0.011524833113331523,-0.0013988747710533822,0.029959340418887148,0.015067116741791287,-0.006382922167795124,0.007308211856018598,0.051691655950528714,0.02628285909419792,0.03636360089641055,0.000984210535811103,0.017375665294362852,0.00494973994844683,0.0011070416077705314,0.0023693413328882418,-0.0013140624619607522,-0.013420036660330537,-0.009977844064067543,0.0037140462098941285,0.008160459725121472,0.0015215399584120881,-0.012761659209628462,0.0038276520975584205,0.016724699528869458,-0.0034876878298256697,-0.0005971461616693929,0.00531926606481381,0.01701566100352192,-0.030534323358943016,0.012542057651758975,0.0030406191806331417,0.017298462000450154
2023-11-20,0.0033898272208872093,0.08771932026025686,-0.007241157018915034,0.20347388837305935,-0.02805608675493476,0.018203953443099996,-0.009546530144813992,0.0020034564424247225,0.006294250469390139,0.016718879420827948,-0.001111223532253236,0.01308341311531458,0.009049764968910745,0.05071324200126304,-0.006855229442174315,0.005793376864959399,-0.003669216325620339,0.004749257324680345,0.04201692786201927,0.014124221036398099,-0.013152433887573922,-0.0005371363751466296,0.0030364675487168924,0.009344645570277255,0.00843259884095482,-0.07760540215238576,0.17200014344249048,0.05580357119098922,-0.0009356530736266411,0.05547662336297576,-0.0060682141188169725,0.051461938078095404,0.0052374868077977865,-0.0048625272752654825,0.020761263398558105,-0.003409251337749497,-0.010345137357082534,0.003261465329561286,0.004970492911346547,0.0005475228836575585,-0.007996918801052688,-0.0015162386095083358,-0.0014389910161520802,-0.0017936775581693931,-0.021505355669564907,0.008237819748676545,0.007440460130370585,0.004746306761524766,-0.0012329751386664922,0.00876427544321201,0.08425052995052584,0.0017211618893855363,0.012907377266361264,-0.0342612087362284,0.001209102134708262,0.007149319068842308,-0.010365858551719898,0.0,0.003933046368313375,0.008539675091202792,0.005254033521716606,-0.06357112939036369,0.01654867250712333,0.010287070961758182,-0.00015088430311516188,0.02647580608595268,0.006591007990434106,-0.00918834813166347,0.02734976561329394,0.014042880989710627,0.021925741419004607,-0.009938283588426522,0.012071206061492479,-0.011947364123815363,-0.00646681891324441,-0.0006434768379585121,-0.047244050142243865,-0.02870081546937031,-0.007073156396729452,-0.006512221665569529
2023-11-21,-0.020270250677801416,-0.04032254188043427,0.0021881643244141546,-0.05773193886836381,-0.020618537443073293,-0.011918996111759728,0.002409578750574015,-0.028242871802616643,0.0046911977948127515,0.007194262293318543,0.0011124597236769063,-0.014659688722030495,-0.02017940623724379,0.022624426105867457,-0.03019870602404784,-0.018308944480731615,-0.0019642502213560453,0.00046320665183774423,-0.0056452249569872714,-0.013405307531688115,0.02338349757566527,0.0044234314734592495,-0.011099776602933153,-0.00956070364016215,0.001967523195902432,-0.01201916243550094,-0.0061433497479408405,-0.025369954561350605,-0.00421559350772982,-0.048424114197462065,-0.02162305416239163,-0.005561756619337999,0.004357053379224762,-0.03691621951821866,-0.04218465558086448,-0.0330673587147724,-0.0033261056005902123,-0.002941166587394517,-0.00989181860841959,-0.000364838706220616,-0.0051121039492626474,-0.02126040340318258,0.0076866363100340784,-0.005840119801371779,0.0,0.010761467962940419,0.0029541466634495084,0.0011810304419801465,0.006172747553774727,-0.0008688295988684702,-0.03488370946848973,0.011168399267216245,-0.006052839452161285,-0.013303861767558045,-0.017512017966856086,0.0008872470986132086,-0.04497840806073994,-0.013157882353605488,-0.021547495854812304,-0.01012106512046651,-0.004464221057784545,-0.005903376800924676,-0.02674435726258262,0.019772634932402333,-0.009534488688973553,0.003818323744818164,-0.011028131531739205,-0.020092691364818283,-0.005281941569464932,0.0045095734861069214,0.006737018276211204,-0.029075754997526237,0.0049751607400938536,-0.012696557477384074,0.0005915539875536169,0.0019317453799299056,-0.01652890933552542,0.00015543555772290496,-0.0061057846312287944,-0.026584234333115853
2023-11-22,-0.01379317205385755,0.042016764631988,0.008733616270600209,-0.014223177022237299,0.04421053434673117,-0.001206300232551638,-0.0096153757981291,0.03163578982627735,0.02178986184116871,-0.014285749160122485,0.0,0.024087861006104383,0.018306619176448713,-0.06342192554244608,0.024911155798216233,-0.008382268796144343,0.0076259053875975535,0.005372965143292108,-0.0042579141810644705,0.015705034772476978,0.006117474598391404,0.006173600566885096,0.006122307244733616,-0.004887511172812498,-0.00785470199086069,-0.02433087624915964,-0.0728021537297503,-0.003253870474688836,-0.001411030789391643,-0.011005700790866935,0.00936039050757298,0.015659994395296417,0.002855997600567317,0.009019107379319768,-0.048761151577319195,0.012971851254213407,0.0009535288533044639,0.0027943845144908774,0.002724712920542105,0.0076642698812035,0.005928955225736887,-0.005818438469872733,0.008462621194001096,0.002259428210816372,0.021978000384744734,0.013998211829229668,0.018961835190729914,-0.009731653741104962,0.004294720137036245,0.001739170240319332,0.031172255209005906,0.009855529974834631,-0.00320514035334607,0.07865177448794647,0.006760829742352037,0.002659635403874816,0.017741910872920874,0.017777760823567634,0.0010011118878423542,-0.001336684884152839,-0.002078272977614093,0.03087888128890648,-0.0016725261312269257,-0.0020898166571075016,0.006734770093344666,0.01459392576567553,-0.0009291978054019046,0.0036051739369151736,0.01614270382896943,0.006044969552886581,-0.00010293423840235238,0.02317286112381578,0.0145719295291733,0.013472274860150568,0.004731086805576323,0.000642649731361189,-0.03361351188145911,0.009951786875210589,0.004778179676328875,0.003366962461012868
2023-11-24,0.03496508626543049,-0.016129016752173708,0.01443006983359485,-0.007769266923913332,-0.012096762564130281,-0.004830913423070071,0.021844697836848948,0.006731499717155032,0.016755541897280235,0.025880246626938108,0.0,-0.010031096842246123,0.008988755857864295,0.02362211767710032,0.004340248321211382,0.012679458367273577,0.0046387114149879505,0.009859047108357943,0.013642776308869342,0.0029534238739812313,0.04349861933692134,-0.0007772297085040236,-0.007135514374068341,0.00024553834070406566,-0.005277860625377162,0.0,0.1348147986864483,0.020674705411650507,0.015252497217578487,-0.003453601113562632,0.0015456304421097578,0.050660797578423455,0.00014400317880314262,-0.00279308960689606,0.019429471429349032,-0.004656631686135726,0.004762811811883649,-0.0027865976890603106,-0.0045290592644856575,-0.0009055242783853057,0.004518727004130474,0.01950832855356821,0.0008863191581751639,0.011271415534726659,-0.01075267783478251,0.0038888767657505596,0.0,0.009231674574276427,0.015882447453180015,0.017361093864397548,-0.0066764986624504585,0.015480375486892184,0.020257207493218354,0.047916668736272205,0.002442058460122132,-0.0008841935022824154,0.002218751311113376,0.004366808135300104,0.006399944522307299,0.002944332279581241,0.008329675850600404,0.009792515943702007,0.012446000419098269,0.007562488570572734,0.00328808250296464,0.020428448594399296,-0.001162692275702315,-0.0017961575382707817,-0.0062709653429078305,-0.00867897694659947,-0.0005148047893451801,0.010453037130639498,0.013289266028710944,0.0,-0.005297229411717619,0.0019267826880207117,-0.008695644061371466,0.006774479785686349,0.00033969037291825543,-0.00037290432242165217
2023-11-27,0.04729725158153664,-0.02459013990675485,0.0028449474153087184,0.012304280637384979,-0.012244886043219938,-0.015776713355815652,-0.023752946253317142,0.011887061157493273,-0.023221004551205127,-0.018292923969896457,-0.00259270310209736,0.0034940066802517933,0.020044578435574723,-0.00307694697728067,-0.006914387156689128,-0.016694390989051566,-0.007776309349633359,-0.008394170605011131,-0.009441326289096663,-0.007102062986566904,-0.02810382636897668,0.003111145047177244,0.0010266851227465068,-0.022833300162731107,0.008787867751695266,-0.012468874783282846,0.09791132752434639,-0.029850717436572305,-0.03943647452457433,0.016452593201661037,-0.016460889199236384,-0.01781971456747522,-0.0002523046413658303,-0.004481995794383242,-0.019870266224766175,-0.0023391463937427748,-0.0007584549536272522,-0.009936385977156847,-0.02001810823670569,-0.008156551806729695,-0.013299602818194534,-0.009950185314516302,-0.006199422049794179,0.005349930015697613,-0.07608694736696164,0.013557881426979002,0.008491340525115021,0.0023607848132318754,-0.01322904845886197,0.0025597041201088633,0.0024271331233161053,-0.049378664586903764,-0.03088558324533963,-0.023856929898778745,0.006090157186667833,0.015044254285352388,-0.029095510812018333,0.004347822030685622,0.008744095644730887,-0.025019754445551934,-0.0028259714310679973,-0.004563433366049252,-0.01773035163155412,0.00461898707109798,-0.004482839648247916,0.007797919944497744,0.0005819768961055072,-0.013720241749145212,0.0002104203872823618,0.00180771335458485,-0.015830214361369777,-0.015344849708115782,-0.00044384702722710667,-0.0015105653146026965,-0.01360943627636535,-0.010256388606022626,0.16666671895144347,-0.006422972516678116,-0.011545065659602671,-0.007459839444070249
2023-11-28,0.07741936029678342,-0.03361351188145911,0.00780139387952139,-0.020994461440818735,-0.012396682001644121,0.0,-0.0024331456343007485,-0.028879106401110466,-0.04447852188671597,0.03105590762164656,0.004084773276286313,0.005222894479985474,0.004366808135300104,-0.013888884726714457,-0.005221896582178198,-0.012733369083883006,-0.009551726120180404,-0.013158043070398362,-0.028189222725065743,0.0041870729953013,-0.03246795780988243,-0.013752842511465802,-0.012307686406114349,0.013567862459266333,-0.01939519292616987,-0.0353535615039251,0.0035668931649026625,-0.010989052448102776,-0.0068428314788927525,-0.016392871901281136,0.01229072660502828,-0.016008497370576413,-0.0007389907816798269,-0.005064668713481546,0.0,-0.008206301542610595,-0.016888033714684836,-0.00454771132755738,-0.03667602956353211,0.010233873284013706,0.008721515313032002,-0.020100526398548757,0.0032082609901933345,0.0017738765800756617,0.1176470134497527,-0.00515948268498112,-0.025797205500064924,-0.004415825575242782,0.0060938192754314,0.0008510833090924486,-0.026820612097997576,-0.006449247904972588,-0.05073168994934574,0.026476602541940286,-0.007869313832502889,-0.027898922497708756,-0.010423504697731234,-0.0216450015388836,0.00472820423856235,-0.022035399404373268,-0.008720148127433602,-0.003438437172333386,-0.009386195747998927,-0.029310414948447217,0.00472991241348808,0.008555865375729832,-0.01710101392652852,-0.0036488420456324278,0.0006309556369790137,-0.011392569328578794,-0.01839789517300705,-0.019085973655130317,-0.01664055588618485,0.004538551722618855,-0.007798331430682315,-0.001295288838710995,-0.135338391691059,-0.03124522942670449,0.0020610370401945577,-0.0015032292388695856
2023-11-29,-0.008982027593025133,-0.05217386436822857,-0.011259665516015982,0.009029301274299684,-0.15271966255891756,-0.00493217799585155,0.014634132725648952,-0.029737910688016456,-0.004012856386981123,-0.021084322083796847,-0.0014792880348426518,0.00207826339446604,0.015217428937526867,0.0015649194265547894,0.02449696032447024,0.01999134840316441,-0.016815093638766987,-0.0031699951770721713,0.031928302583101864,0.014072105402920698,0.039039075804189416,-0.0037240861306515605,-0.00623057767320967,0.016422867417331677,-0.00368752900818059,0.026178048376628515,0.026066549221035906,-0.0011111365424262276,-0.015748145635904764,0.007072569534645856,0.010074900513363128,0.003253767039299582,-0.009506674131043669,0.017533720546070608,0.016549497598457696,0.009456123111637904,-0.009457665807347415,-0.0037806800212809577,0.023614497688845937,-0.010311137977768725,-0.0072705548627517436,-0.011834345914913391,-0.010067570902051237,0.02478970616023779,-0.07368420392192299,-0.004994323780891707,-0.0012871751582048674,-0.014192726137739808,0.007268291475822863,0.01785714575338404,-0.03157897657184505,0.012456035913434915,-0.004796207414717979,0.009920672839941913,0.001830426343057523,-0.008071677308760017,0.029624804171857422,0.015486763707248663,0.026078320394644194,0.012245541706893404,0.004068329729604692,0.002875250679092556,0.04421760650147899,-0.02451155875944988,0.004067602938523596,-0.005680173254120291,0.012427853786415088,0.03501958842884667,0.01849503826284349,-0.020292028275147866,-0.0020348892545357655,0.02499112959283245,-0.002849255424969721,-0.0018073791297834596,0.006650331541890653,0.01102459665544786,0.0,-0.006196367940226488,0.0027426071034637456,0.01618376305023639
2023-11-30,0.009063435621868399,-0.06422022964083118,0.027046271123291943,0.010067262559465107,0.18024690980101643,0.016109060639035055,0.014423063697193816,0.002857158710430241,0.017727660736005957,0.0,0.0037036230213636223,-0.02385069224953207,0.08565312394702707,0.04843753709814447,-0.011101731827137584,0.009905034208107732,0.01056335402568842,0.0014966032585339573,-0.001617790342680725,0.004111885707863472,-0.027387899797617132,0.022967923104231458,-0.03970738452057576,0.02585211654883235,0.003196551207482079,-0.035714311780456365,-0.00808309342458291,0.026696304474801202,0.007000158048845906,-0.04922992532673531,-0.002301794273661173,-0.009729746225717872,0.007594576912870243,-0.006114426548076812,0.02157096198438202,-0.005854807581206933,0.014906457408369489,-0.000953375292414349,-0.01977397679828341,0.00804245016942673,-0.004156630202236999,0.04231534862199804,0.01443681666632779,0.0030237449666385974,0.0,0.004170295608465491,-0.0038666438383301305,0.01229752093064973,-0.006614460584174364,0.010860493863062093,-0.02154150564145496,0.010916683228862967,0.007917433928588125,0.025540203085782753,-0.0170524168906524,0.0018082733571946896,0.010549869452111116,-0.015250581554318687,-0.020255974476984684,-0.018871824106772128,0.005585490489170342,0.0051935132497924474,-0.02163788891105145,0.015902076517549046,0.011402863300436383,0.020921488720846204,0.01274228418466361,-0.0017690572551134487,-0.018571949961956213,0.006027132963410287,0.017063655764326446,-0.008359472500859555,0.030212250489018544,0.006638540439392937,0.007207201890362835,0.0186016951549397,0.0,0.015347707373013941,-0.003760657067316875,-0.014074086011404252
2023-12-01,-0.020958064383725383,0.11764706569834438,0.027026984158035727,-0.021040958334164528,0.054393251178351365,0.021951257239347655,0.026066383645343416,0.027971976153449374,0.02771175175170648,0.015384415475252489,0.013377965118209323,0.006019832778745515,-0.01972394045047099,0.035767499963462734,0.02677048795706405,0.027963512617284803,0.010452935962508514,0.013168879323606442,0.04678945399029111,0.03327077001862011,0.028300606588804733,-0.0036133269186127137,0.038084758674542085,0.01878159680302738,0.004528007218825847,0.010582000570312333,-0.014551849238821135,0.008667484436406303,-0.0034757482374230264,-0.014041788001760924,0.0020508032426787004,-0.013100424405900424,0.009037512994823693,0.06319927135091685,0.011952192789983496,0.0683156556629878,0.04166270561171026,0.024014113124262382,0.05187306543832326,0.0012692600704893309,0.022063032623828915,0.0,0.0023768564538293457,0.024978464291878,-0.02272725117600638,-0.003114869486045113,0.034380678114866114,0.0011853479669547973,0.02239719049576805,0.045454480968680766,0.050090960230450454,0.006513661941631499,0.013319650973448116,-0.02298848474755899,0.014869874857126097,0.0072202097704794355,0.0113887597612079,0.013274323679807187,0.039789282509447244,0.0506587929439164,0.014811698267431117,0.004018275484117595,0.05588574584338346,-0.012665852539430866,0.01042119147763998,0.015260563143676409,0.03913194940053821,0.049180238842293056,0.04415467302888976,0.0033044587698092265,0.019837547424774282,0.02739722113512677,0.009538556322479463,-0.0017984034927484016,0.020870505598140854,0.002518868669253882,-0.008695644061371466,0.021256531640635234,0.0277969313009252,0.060480929173840625
2023-12-04,0.12844039105313487,0.03508768627628123,0.016194381223658016,0.01809945694667503,-0.013888923053808955,0.045346075089674365,-0.041570399886880605,0.010582060926551451,-0.08166406034863039,-0.005050207135175899,-0.0007335621629382949,-0.0031679040151804116,-0.024144847208223852,0.05467626572680362,-0.0016822567666312516,0.0052780392530151765,0.010098548297550414,0.009863591556081186,0.03057293402962591,0.01568682924808873,0.0027980312058948353,-0.005745702509239892,0.008385775596805978,0.00851753937276678,0.03155246613077778,0.007853395789016115,-0.002953532522744773,0.03866806019887026,-0.00348787119959737,-0.012164785927822996,0.02302383019610521,-0.07853982756006961,-0.00573229234690964,0.009468611934970506,0.01968506761250932,0.004410195374074055,-0.006082422349238947,0.0015529329544867743,0.00456628493712774,-0.0009055242783853057,-0.0019448569907020152,0.010340805550058896,0.0026677079002073167,-0.012605010364596936,0.03488368708227374,0.009998158492193987,0.0017870212108692662,-0.0011839445806530735,0.021906482759277646,0.011067221149767992,0.00711673244738531,0.043937260919693744,0.02022245972116199,0.049019608759779176,-0.004884000476487849,0.015232981955046077,0.009383833307868183,0.03493446508240128,0.0037515551192721652,-0.0017436720896213398,0.005795113583066502,0.01086334022495894,0.0,-0.007745453376726608,0.0003305286850403544,0.0031492889662392276,0.007998300451061091,0.01963685106438784,0.019532820500183457,0.0024248370781214668,0.01251944215649936,0.02547003862733388,0.017556866555554107,0.006005971238979724,-0.009929820491603292,-0.007537689851618956,-0.008771921569070362,0.002775212819641215,0.00801326683470549,0.014523478756839125
2023-12-05,0.016260146842582035,-0.050847411395418596,-0.05378488692215555,0.044444439695901394,0.006036259773603003,-0.007990941400633944,-0.01927708960666219,-0.005235579189157624,0.021812099598800705,-0.007106760476226492,-0.000366900976465967,-0.027895445504651284,-0.010309219563065741,-0.06139152263493863,-0.02274626555999515,0.0040388351012699,-0.015606011786166163,-0.011958092260802022,-0.011265605668545287,-0.014469199507975539,-0.0011892097191154027,-0.004221132059996524,-0.004677714476073458,-0.014461734659651393,0.01213791968916178,-0.04415580313932255,0.026066549221035906,-0.027921453529827667,-0.008499887625262215,-0.012727640285007391,-0.01425365055256822,-0.0048019162328192255,-0.007152362110082633,-0.020323076648303018,-0.050193105686358264,-0.015367674515012975,-0.021789508645055577,-0.022329059724940148,0.002272764378815184,-0.016494469414797597,0.009353156797093698,0.009097882761907483,-0.007094734530574076,-0.008510670763380968,-0.04494377808534078,-0.009692885645850469,-0.02122724808698495,-0.028148254119466087,0.008690514443820296,0.0046911977948127515,-0.006875489040395255,-0.03637862962425631,0.022134128383275442,0.007476628517019579,-0.011656358012397505,-0.0008826327404390932,-0.030368748941264845,-0.025316432775011277,-0.02223887059162044,-0.044135435926274225,0.001600739998524059,0.007918479583602034,-0.040090106836485395,-0.0017075191612733187,-0.006127768469096573,0.007706042654931355,-0.005730753025315782,0.0012424430737287828,-0.0027650407233374974,-0.005090656347146116,-0.019926417544825603,-0.0023336023651435722,0.004214543906803536,-0.005970114900593404,-0.014159221386848997,-0.018354457387946055,0.0,-0.006918889472667389,-0.006293374522101991,-0.01675972064316078
2023-12-06,0.04800001780192065,-0.017857125751218117,-0.016842089201274724,0.09192459003447162,-0.002000045776367143,-0.025316377903068732,0.01965600008154267,0.0017543782493045779,-0.01313627614148083,0.003067525951765404,-0.008443388618279313,-0.004358911596090476,0.0,-0.008720997924166696,0.00172403237664831,0.005028017356178083,0.0710924799349808,-0.013765606139861775,-0.0020888455755502244,0.01781596822554299,-0.0014198149105582036,-0.0060502443829500985,-0.010966065546606174,0.027293592114473908,0.0038375196865367833,0.043478218616745945,-0.022517318706506195,0.02340428467625899,0.008572755080081818,-0.03627930066106577,-0.012430184843477354,0.012062772247271925,-0.00027217610536933723,0.008510583758249313,0.015447135693760439,-0.012263242638605232,-0.008341206193535289,0.008881960726239368,-0.009977323893658574,0.0007372081969170274,0.0005793657152088905,-0.009767104502899637,-0.002560457744353428,-0.012875504158102014,0.1176470134497527,-0.007496804622615372,0.002551360717546247,-0.02865839362476319,-0.0074670623615155085,0.014785959123961412,-0.014999976524939895,0.02437798675833669,0.01616030999901308,0.00185533007969374,0.0018621215493683785,-0.021201393779886613,0.028123912677205487,-0.012987000923330161,0.000573458024142548,-0.003513921331909975,0.00905479852158897,0.009539987199601141,0.05466921345916931,-0.022968748621522206,-0.005611435071951609,-0.10153647788501918,0.0008867494410336185,0.025646477057057027,-0.0015845204019812043,-0.0032296067530154238,0.0012511999742510493,0.03208005163776417,-0.011738458054128653,0.0009008833694430507,0.022142432468821305,-0.019342435915779443,-0.008849549119871458,0.03514482739069735,-0.0033334947924008596,-0.0007103190805468618
2023-12-07,-0.0839695054755889,0.027272700672307915,0.02141328949562804,0.030836926266595288,0.0020040539760575182,0.02361272762217914,0.002409578750574015,0.0045033850307352186,-0.028286201301122693,0.019368016323290327,0.008515286491321383,0.01422836161326213,0.06041665631863857,0.027859348905440173,0.02065399730173012,0.020012146582665924,0.004625335448715573,0.0008430697379282481,0.029495678413035575,0.008265820139811586,-0.007291743124104744,0.0050517465592661015,0.02111924593022607,0.012798481200399836,0.01911437054230225,0.03906252570838409,0.004134709904038081,0.0020790496883160703,0.02050021942437974,0.010772659117453509,0.02414586743745817,0.029797376611428117,0.005118596603109982,0.024261695713426068,0.0004002392808148958,0.021444708759113196,-0.00955840158427701,0.006917160924555743,0.01923963601222267,0.0,0.003472786809070705,0.02427912552290734,-0.0002985760445028962,-0.015217407889988155,-0.06315789803903848,-0.0016784889479231069,0.005271901114904054,-0.004080378629027881,0.0231483565723416,0.006134963492337775,-0.005076183717960814,-0.016691467643948132,0.020674287770006794,-0.04259259537250737,0.011772028577614169,0.0,0.005906199944694546,0.03508768627628123,0.014135658997003864,0.004231481511784985,0.008446066180584744,0.025569682959960538,0.06941026998488087,-0.02038274713295818,0.007276799878512152,-0.023327284251796865,0.011517092359803804,-0.0024199918863990755,0.05098177125400616,-0.00010918057119957414,0.0072892752474007505,0.01376075168463986,0.015328373671798179,-0.003600413089536292,0.005269196776048535,-0.017093899793631406,-0.026785688626827175,0.016302667184269648,0.01638814199420513,0.027357898748764153
2023-12-08,0.13333334216365134,-0.035398196479485944,-0.011181047966084656,-0.027777774411800515,0.006000041961669922,0.002306747856212654,0.0192307515962582,-0.004981338862728113,0.0017122862642813264,0.009000021577326267,0.0025699965657177692,0.002877695176315198,-0.011787807658323102,0.21398001875003847,0.01517714605489795,0.014322040236332434,-0.012200753974385359,-0.0013103769267013288,0.0036969214068502954,0.001446661117059156,-0.000508181779783845,-0.00024715975628519793,0.02275078464669633,-0.04073113756316116,0.01922462134917824,0.032581422484114775,0.029411793765642624,0.015560125849390927,0.11954934975922993,0.06441536729548236,-0.014547229292589448,0.0023147573257693566,-0.0007585977680960587,0.010298648285699707,0.0008004719099432567,0.019889502632394418,0.013800427207795618,0.012958635447389621,0.023370735406698318,-0.006998178148331924,-0.002691781347725297,0.0344446062146091,-0.010629508827738054,0.019426072470996703,-0.08988762314219356,0.005884727340565554,0.021519047940982805,0.01607308841955879,0.006221691894547243,0.0053353426398474735,-0.0011773461474027247,0.022521006941116584,0.0034278781498444655,0.0019341879878358448,0.041641170137951544,0.005415200363704464,-0.002472244423539882,0.010593261219791872,0.016952423451735976,0.0438233958339298,-0.0014656148820136883,-0.003252018163579895,0.1002705431187827,0.012254407697994907,-0.008072032075624569,0.006939406182795427,0.009415496958638192,0.007883701975286206,0.03850511399436307,-0.02417631770818307,0.013026069546405727,-0.0012776051714398218,-0.0008821328211863211,0.0,0.0,-0.00535112172252572,0.0,0.022663737817389062,0.006910099467582365,0.02067264488391074
2023-12-11,0.026960817541997972,0.009174302896359121,-0.024028212585131437,-0.002197730017722832,-0.005964256174353699,-0.002301439016694773,0.004717089349841386,0.013767189650988998,-0.04273504343171475,0.01387494976274084,0.00036587123329612226,-0.020444752940535826,-0.08349901764913603,0.06227955339403057,-0.006644562917940133,-0.01779494662145853,0.021440171258816143,0.008997149529527793,0.017679498478544664,-0.006099507562351225,0.007302880434435943,0.008777725767829425,0.024267027164524668,0.005175281801685916,0.002913828728177137,-0.012135853224889193,-0.0017144469267998952,-0.0010214738427785086,0.018818054005024898,-0.03810744840469682,-0.0086536051072863,0.023094666603822533,0.011331440630701684,-0.01834855877596797,-0.014394384852676634,-0.009750754811163942,-0.008948142923357327,0.002774180295140427,-0.03776913604092691,0.02485163572130178,-0.002506239982581815,0.0053704745471974125,0.012916628611170156,0.013425702204148182,0.11111107840623058,0.0018804896872053334,0.048681124088022276,0.008374569466012671,0.0,-0.0007580951876898778,-0.023772158406610733,0.014464243787895459,0.0335403102723042,0.03088809450802321,0.008230416682224906,0.0035906607379059263,-0.011152376599029457,-0.03563942913495044,-0.010001968395754623,-0.01507095529928204,0.026735306519931834,-0.02066349254841282,0.018340041161061693,0.003909183743777245,0.011221904075940703,-0.011940042093421699,-0.006073773369173141,-0.011833268339537906,0.00018166436351974014,0.021641005506681354,0.006939261888402326,-0.00831455672405823,0.043826577344991735,0.005420134356990403,0.004076955007201732,-0.00269010527706548,-0.018348605792718242,0.015254068507331908,-0.00326793222533861,-0.004805953158411036
2023-12-12,-0.02147974972763944,-0.04545460949259217,-0.03330919798478471,0.08039645272826523,0.0,-0.0011534289266247333,-0.014084604787086619,-0.0064197116427950895,-0.034375021021281316,0.003910089138770223,-0.007320409518647875,0.08897840910638521,0.03470712424689992,0.009955910826642267,-0.01588617944788462,-0.037219214302356196,0.012776606397829626,0.013282564552700382,-0.004162110238072891,0.0022609844081817876,0.00559811678120159,0.006944727424622155,0.0187562019240064,0.017318082995422035,0.008715615132575794,0.004914000020385556,-0.010875629802784226,-0.026584793691863506,0.01202755393378463,0.01185849256329674,0.0061616908618364885,0.03498876203489143,0.008791966216857405,-0.015057271492380564,-0.006085075006126095,-0.014223303878324378,0.01613678124413287,0.007992623456991366,0.009584876660287955,0.009772003835130771,-0.003865656479905444,-0.012464357128680215,0.0038730501423813735,0.0017094408623694601,-0.011111100809073515,-0.004796665565399261,0.036799450495993424,-0.006459363218187408,-0.06689157455712036,-0.0015174853794061027,-0.011269824392644345,-0.00907334615777522,-0.013221113066347323,-0.024344590023638313,0.029737623336783647,0.0008943895290316473,-0.05200500762670557,0.008695644061371466,-0.00804486388338077,-0.016804232967162824,-0.003063593265782427,0.004442141250848186,-0.008355120017997764,0.008416004134531141,0.006797750751604381,0.014841801754797768,-0.015713728236278257,0.003044367596545028,-0.01980707226577816,-0.0041633951944113345,-0.0027361770835037103,-0.013060399809118217,0.02349997384401359,-0.008685270728616468,-0.009280695898418512,-0.0168576999752732,-0.009345896432088385,0.040538631986356766,0.003278646620284542,-0.01138318448723985
2023-12-13,-0.04634142029788835,0.06666671964857551,0.050936279555866326,0.006116006770975346,-0.003999996185302779,0.027713599924586996,-0.004761900436850985,0.046222582457038364,-0.0041608066912226516,0.006816028900586968,-0.03871698946832569,0.08776054885977547,-0.058700253863305685,0.043811414970505114,0.03823271521130778,0.10308862890807458,0.021401305011244265,0.02365027116503038,0.022781576992886743,0.0678374380720077,0.0017796755074650505,0.004503186768172629,0.034883799667932314,0.03818725099601594,-0.020009144017333447,0.061124692096115485,0.03356465027983302,0.05462179402158429,0.06196959568020177,0.029958173743737104,0.02704775224382372,0.03598690523014958,0.018387540451918705,0.07011073585596339,-0.012652980276500081,0.05660403229895983,-0.0042537534147111256,0.023787743891160673,0.08905969371144185,0.013440860398827192,0.03996900951816329,0.03678323582957921,0.021012682985249276,-0.00042663091527261887,0.0,0.0056581121443657345,0.014327586846508922,0.009287715943680386,-0.0186747453478594,0.011398219904545703,0.05617745291123977,0.06932665542293126,0.007917123030607431,0.026871375328317404,0.027180042264081106,-0.0062555583064481945,0.05188366434068037,0.034482829494228984,0.03696724115069849,0.05217800127629357,0.004404340681933627,-0.0193479116497971,-0.15746110404334634,-0.0236671919624154,0.027847810908296466,0.014145323354209483,0.05532146630077661,0.06009722857876043,0.009269421976851877,0.02002423748073978,0.030081183204244244,0.04639761095813477,-0.011541352968105212,-0.02719036152520382,0.022833645479931164,0.021262058668670702,0.02830197379104904,0.046587631090264425,0.01993453997669481,0.07083038756878834
2023-12-14,-0.02813302585670774,-0.008928562875609058,0.032786888588882235,-0.0010130806454022867,-0.040160604116291965,0.0011236212708385374,0.007177083980951515,-0.06294531608618936,0.0,0.03965192473110668,0.04142704903905248,0.0024730088045812337,0.002227222581649535,0.033578234696959086,0.03436982798646637,0.023919804893222985,-0.02051168456992314,-0.004567025080511988,0.002694464422907661,0.02386345002869561,0.030336235898135167,-0.03905497535218805,0.028089733871841105,0.033015684212385876,0.02892498300074231,0.05299539423664301,-0.029675206477108307,-0.01593623984263237,0.004796075807069533,0.07712570412509834,0.03130430612504842,0.0673684571918689,-0.01996880218585395,0.04975362068513878,0.03141789971308828,0.023109176949668297,-0.08838046214403517,0.017873085716064274,0.02864259049273854,-0.01750659375996466,-0.017182745049010295,-0.009043558740946644,-0.021859164841927736,0.026461755177519475,-0.04494377808534078,-0.022713193770615536,0.020706279455396492,0.028834642447748582,0.017802321352065054,0.027047306185405295,-0.019078779637970555,0.033866849728156456,0.01903326577515685,-0.03925234427857349,0.02370453801785466,-0.00539563548200217,-0.009425046741426968,0.0,0.02546377472631156,0.04252520584311337,0.010014841983781553,-0.035512924587136285,0.07955554844305834,-0.04733348394607706,-0.01881963184243618,0.01473603407483548,0.009454742845776298,0.026150026086000366,0.028287944810839516,-0.024449077636678918,-0.010063051638386611,0.014159964174643935,-0.004459978768763251,0.0,0.0017172868859278712,0.010745368678028555,0.009174302896359121,0.0003904565740195931,0.014098141942957998,0.01661774075630751
2023-12-15,-0.013157882353605488,-0.06306310950447058,-0.007591418800192096,-0.006085108233254921,0.03974886444427983,-0.021324307927848674,-0.023752946253317142,-0.010899880782251792,-0.06685238964031692,0.04930227941638199,0.0036830475848967925,-0.026827037651755647,0.0,0.0659899442880516,0.023734187953786234,0.003983999529509008,-0.011934266079863698,0.0028786978357859816,-0.021676749307407706,-0.06416866744104255,0.007957387287788276,-0.0050434344112035845,0.01183969631516435,-0.006649454433636515,0.013980684023449763,-0.015317323639383873,-0.05077889060797147,-0.04048588740600689,0.01233103004857039,0.01939535105807,-0.024090581557100532,-0.001972431665334451,-0.008359676829624796,-0.019709005733034468,0.03126248079831884,-0.0071868877296734635,0.013849857835689372,-0.005999269792060891,0.03914423587346416,-0.008459345015946362,-0.023438995781100203,0.017901109044369035,-0.007429430484628963,0.0012474298377223025,0.0,-0.031130010841152522,0.00031450812379629767,0.001192411988709896,-0.07117016306123813,0.045354782889450274,-0.023968589079174096,0.05404992205062831,-0.006522419913692623,0.0,-0.030694652891302243,-0.018083250935932993,-0.02124960550913413,-0.016666749450892193,-0.023944737463804544,-0.02058523800146206,0.0045924347416475,-0.011104491641994563,0.012145025094283168,-0.016740300924625084,-0.003148559862816813,-0.020113410587492386,-0.01675495907279656,0.0020461623777738858,0.01661312641797541,-0.013378615593753751,-0.011361461044066434,0.0007756917633787719,0.008679915026535312,-0.0046584220783745245,0.012571496754095524,-0.012624637598603439,-0.06363640994079744,0.009888135964028377,0.007898954767642685,-0.025320432531029113
2023-12-18,-0.007999992370605447,0.009615375798129211,-0.019471469453606338,0.011224410198815926,0.0020121185722323798,0.01376145434453857,0.009732350499663811,-0.005638165508000448,-0.06965172099304728,0.0,-0.0011008522886390981,-0.020595679009174694,0.011111153496636383,0.033333428887338146,-0.02318393605787994,-0.004509410345769238,-0.002734724412374878,0.00251160462308353,-0.004578090047057892,0.032471782572755625,-0.005306815676047294,0.00840624011805624,0.01980181003356085,0.005344365175002919,-0.008153912492726234,-0.008888880411783817,0.03404254260064188,0.042194155223580276,0.051080545588144455,0.07357309366663767,0.001974866313735779,0.01976282722596956,0.0034900799459796072,-0.014839454930414497,0.012436764601517547,-0.004136553173398672,0.009038591289043163,0.0002944474224575444,-0.04194172367742666,0.003811927462171072,-0.00491824443535982,-0.0017241532601952603,0.011437221246538565,-0.016611279891927455,-0.02352945878843815,0.024207766224723537,-0.010061397691324081,0.014591971029593864,0.01493507104923375,0.01329598186777492,0.0016102660198471508,-0.006498060966350305,-0.006863609482443134,-0.02723732881754304,-0.00611114501953125,0.027624327828630113,-0.008425153069978264,-0.03389827426361236,0.01744508843079151,0.012093168122592646,-0.00519491392234428,0.0005910530489483534,0.01484636298417863,0.016752874178704635,0.00010877984138657482,-0.0028530718773250863,-0.0034927041161791905,-0.010395355707131015,0.03637319656900018,0.013896227211270817,-0.0012095464585836213,-0.0021701764875815543,0.016531171790558075,-0.00468022453970196,0.003950354508330145,0.008748445678544936,-0.009708728874782357,0.012367934172933692,-0.0043887353510754235,0.003288291441718938
2023-12-19,0.045698944888840964,0.00952380087370197,0.044680790334910014,-0.02320886282683776,-0.06425706233650019,0.009049764968910745,0.014457817204996726,0.014948501094316669,-0.0032086294568463014,-0.02570915552594777,0.07935335123682008,-0.004205731524048684,-0.010989052448102776,0.03133615240490473,0.015031629461725649,0.03152737455174215,-0.001828054993525119,0.02049032314999666,0.03697580680733625,0.017404563905280668,0.007187032813920524,-0.0010471863930869851,0.015887239206916703,0.006819547342518328,0.021823311111484278,0.0336323080906864,-0.016460992970830257,0.02125506434357516,-0.021414269663964314,-0.01939854970709276,0.03350580451438745,0.014534939596928531,-0.0006598518851583801,0.007774386643538245,0.06909797861071643,0.02388381219958191,0.009466615690132851,0.017954502649998316,0.004459059473080895,0.005063338116765959,0.020561383130763167,-0.006908455885879183,-0.005683613506525131,0.016891875564834624,0.024096434859411042,0.0019338253498666358,0.01064003497130761,0.0,-0.0012795851587082963,0.015193389087278408,0.024718717813969837,-0.02658903212135022,0.02614191041146463,0.0,0.009502519960526756,0.015232981955046077,0.024182998754675777,0.052631633983975634,0.02446870372014809,0.019424916406111326,0.010548314827945271,0.018901234399854694,0.0,0.002411305135698427,0.010745053795384818,0.03719599679325314,0.030058231817212677,0.017257465617731338,0.03797902408779996,0.009026497963394053,0.04148154069393484,0.0020193996642865475,-0.004186936981328215,-0.010344756208036543,0.0005620171675302377,0.006003929392467855,-0.00980391240220746,0.02545176830486673,-0.0031487029071346484,0.017371449276825546
2023-12-20,-0.028277668521326182,-0.01886790755296608,-0.029192081796642233,-0.02066124078638476,0.04721035927736872,0.0,0.004750589250663406,-0.07618080037151165,-0.02736052819642576,0.014558674065591637,0.012593640861421562,-0.03411309684813435,0.0022222730848524552,-0.004468288738083248,-0.007794179493969988,-0.030036723787304376,-0.024725400333625136,-0.0321787710697492,0.0324640554565232,-0.02190881851177484,0.0038525889637825994,-0.012370592079590126,-0.004344011135034576,-0.04506665039062496,0.004827651941663236,-0.019522809106575778,0.046623018328926014,-0.007928634538775126,-0.08794365285576389,-0.043869079115969156,-0.03384986788598754,-0.0009551316740007421,-0.01183325236580901,-0.0212150581713223,0.042010854795634156,-0.0020283132131244663,0.007764488118162216,-0.017348768999280395,-0.006456972947761153,-0.02195036308943521,-0.01026747457792243,-0.004173881201778085,-0.0134563044541538,0.012873732015139971,-0.02352945878843815,-0.0027880168623701795,-0.01414210902304125,-0.0011740974946721217,0.030108913583109853,-0.004081596375570484,-0.037262236974612284,0.019573694833717736,-0.011420298299259501,0.0,-0.02325581886566408,-0.007060893578531124,-0.024888343422075576,-0.03750006208816914,-0.016910812798308972,-0.023943831985443365,-0.008887990902149534,0.011594228936097073,-0.024048188805159132,-0.016303607184883995,-0.011708224648026344,-0.031264381847162404,-0.010311323900874525,-0.01936191134582077,-0.016661160727910795,-0.016212032082161154,-0.011047518782383414,0.0,-0.005240545113073147,-0.0053849061405663035,-0.009550535307032426,-0.0013261369338721796,0.19801985106156472,0.008935234603403064,-0.008843945201615133,-0.01449755334126479
2023-12-21,0.002645500142578028,0.048076993614966756,0.12377618744621821,-0.014767867999239792,0.01229506995337748,0.003363198734820605,0.0023640075649142833,0.013743814879604743,0.017098807922829806,0.0071748359042016485,0.0020168925093768664,0.022536161675418054,0.028824751886097122,-0.019784152282949052,0.018853144853634207,0.015574009330882044,0.003990649015725323,0.01802852088319673,0.010309266112370041,0.002147848543317288,0.0017444485301585377,0.012015976514918814,0.02879581938737985,0.011672696466173527,-0.006405755604063312,0.017699098239742916,0.01484841446684726,0.06493502534144113,-0.06156651969299076,0.006951770497872989,-0.01134959532018609,0.008604221057329386,0.06554580140484423,0.00788182551948613,0.045830367250557336,-0.0030488699136209663,-0.003702248724668178,0.002354077696700152,0.0016247543639034134,0.018763805119778487,-0.0019572369908827936,0.01851200662162933,0.007725193863729718,-0.010660116252080964,-0.024096363046584468,0.0021506170489875576,0.012591716547448284,0.0002938694050000912,0.006218945096932327,-0.010245940484079563,0.024444912593388768,-0.025788145031669485,0.005628034681656402,0.018000030517578036,0.005102049642966788,0.0053333706325955355,0.0166884894566246,0.038961105981499156,0.009930922564279854,0.02343955790981833,0.010427580442089468,0.012607432306817046,-0.018069637275568762,0.007471822074934353,0.015081086883944383,0.004192365029056511,0.00979368734257613,0.012222722363160576,0.031893568775146264,0.016961833129935933,-0.018422535366195758,-0.0035658798909069533,0.00958692750599166,0.0,0.001701701631961372,0.0019920321678172925,0.12396691853651198,0.0333333208210016,0.00382408220271091,0.011114939403010116
2023-12-22,0.029023782222051153,0.009174302896359121,0.031736169170313966,0.027837317867738465,-0.04858304558206039,-0.007821195119105395,0.0,0.007321053414965917,-0.013015171592587471,0.0017809090533305039,0.012747440712225444,-0.011513170587554411,0.0,0.06238540104576762,0.0015419257368980421,0.011233901274829705,0.005377636058351509,0.008276382506755775,-0.0032312138436674243,0.017299303315466696,0.018850693952467523,0.007300096006078949,0.0067852689731076055,0.05454347419732364,0.0,-0.01739128812274282,0.024198200161018146,-0.008442791170371278,0.06029903423890204,-0.04753761523852329,0.002994732538025513,0.008530819996281025,0.008966963834055486,-0.000488641198778117,0.010214167316355827,0.01427120987620012,0.009239712481320161,0.007485675718964302,0.01378752444486775,0.011375898181061661,0.003726133666053899,0.009602212327955106,0.004252433040804471,-0.010360547397219921,0.0,0.015879827677367064,0.049583054010527094,0.002350029730564973,0.024103860232490115,-0.0027605219106183743,-0.004971167139565691,0.0004412898944967658,-0.0029455754512831556,-0.015717076877764025,0.0016920861489049255,0.0035366896877959686,0.01190862062657283,-0.0083333250549108,-0.004741123092381394,-0.014996442962030399,0.0058822689721578225,0.0005659659512005089,-0.0025095889428169427,-0.0043151485461622174,0.01729143704003966,0.004883834277166654,0.011968767846915584,0.007616376123246393,0.024629825130839444,-0.0006934929773290133,0.002695593151117004,0.011358362221423945,0.009647461270818836,0.00031850871307792517,0.0022649650970025803,0.0,0.11764703304297397,0.022497313910117667,0.0019047895489066047,0.008082689346702532
2023-12-26,-0.010256461357301072,0.04545450112051319,0.033775601237590935,0.005208221340959662,0.010638338885950116,0.006756696528056327,0.011792498451403732,0.005921868020721588,-0.012087978652787323,-0.004444357636574803,0.0,0.022296176149902758,0.019396585167589242,0.0,-0.0030791873185800345,-0.0012343617588709277,-0.0004652108828320234,0.007855177522781087,0.018256287818109396,0.012340253843985627,0.015040785043703986,-0.004165169710103944,0.026958737972556213,0.0009422713420346174,0.007326027285296854,0.008849549119871458,-0.02087904747918634,0.017029357651156873,0.03275716683108221,0.01591193015886061,0.003981086162709646,0.0065789184742035545,0.012078961568626756,0.017603847657936322,0.012394047299233435,0.014070301090378434,0.0068663793021634945,0.007138655019754969,-0.0008001088096897258,0.013926131358126925,0.003321722695546203,0.01528532727690668,0.007037062755867796,-0.015912863237906527,0.03703700160674983,-0.003802384277141524,0.025194763765307604,0.019343754619866482,-0.013277013692972295,-0.004152212230751129,0.05815347310493624,-0.012347537230032901,0.01890703790828807,0.011976035935817197,0.002815272320731088,0.011453670167169472,0.00731550694432026,0.02100838231599389,-0.003352052112909898,0.008472288514526971,0.0025650695920236277,0.006787187953744223,0.0060797945683876975,-0.0044690210965090404,-0.0009149657621845275,0.005173599077319846,0.01621116261792821,0.013274403942519442,0.0406910550930899,-0.004054092843960522,0.006770227793084782,0.00615385360005849,-0.005649090461262718,0.002865339240549325,0.0022597309650222996,0.0033134777661070203,0.059210549018389846,0.010127998856034992,0.0009505517778791717,0.023412407363576637
2023-12-27,0.020725431165496966,-0.03478257624548575,0.008751547912510427,-0.018652709309523785,-0.014736878244500429,-0.007829943860155897,0.04895105827839341,-0.012576864314674863,0.0016685588103066973,0.0,0.005630984062273248,0.007812492724042164,-0.021141628801125578,0.0492227539107537,0.021621556806090902,0.0007062103585491197,-0.0030247032924246575,0.0007004942957595794,-0.008043021414008256,0.005797464259878815,0.006945891213743005,0.0008784873016276507,0.028712136296172863,0.028085828774517374,-0.003636373471377574,0.004385960784535126,-0.005050626441685413,0.01860463342001273,-0.014537407518314782,0.0022763372452567765,-0.012391574198464483,0.0056022800563015895,0.006274656947047541,-0.006727516228119068,-0.012242315462341002,-0.0029732227346830342,-0.0006918333130370158,0.0033271393863094634,0.0008007494964161754,0.009684790072087557,-0.004868603106248259,0.008698506025452302,0.0031979492158991096,-0.014893633254030925,0.2499999822605219,0.0004243279490208085,0.007606849953375461,-0.008337978056984774,0.03058097383234859,-0.013203650418659008,0.052313511196442564,0.03289170382585538,-0.004639021154701828,0.0335304918542203,-0.00449185435738142,-0.003484317373521062,0.0028418109368828492,0.008230444599618192,-0.004248604112162102,-0.006506153354603139,0.0007162239075755306,0.00842704184670362,0.010002037619153636,0.0004080984457004444,0.009263807721703543,0.0,0.003912917309121466,0.0029112393150669824,0.009963919507024022,0.006710859442108585,0.001087749969529872,-0.0010703218548329119,0.002931205297317385,0.0006348649167344789,0.003945901658261919,0.0006603300249246047,0.012422348291186713,0.016710898164504995,0.0018993627808754354,0.0031337182249981943
2023-12-28,-0.01269034304318195,-0.009009000301245074,-0.005205329544376469,-0.007391819869453253,-0.03846150319251662,-0.012401314328800872,-0.03555552164713538,0.006775067470516705,-0.0061077517464525055,0.004464198129623398,-0.005270137089655513,0.009366954912889192,-0.02807777780295273,0.005761488296463391,0.010581938492677523,0.017289981747084848,0.0032673957037123724,-0.004290221395178984,0.0030406400364668684,-0.006650683661515999,-0.023578563989000267,0.0036065160336424817,0.0007974412809292897,-0.004375034737283623,-0.002043905224145326,0.004366808135300104,-0.02086855556720013,0.01735164724814431,-0.013410837953851451,-0.012033882787672145,-0.0015055849658993647,0.011142050181862206,-0.00844587127574925,-0.002902864385302961,-0.0009785312305657934,-0.0029821950179165224,-0.0013846245554676173,0.0037485581161862402,-0.00879991979755268,0.0013951520081014746,0.006458086321746936,0.00563845895673154,-5.897162952239743e-05,-0.015982675506767685,0.08571432139597945,-0.001907872634290153,-0.02076088433575407,-0.008408316255413717,-0.020178019436873806,0.0,-0.004845664964977625,-0.008357297959418974,-0.008156206788805132,0.005725231129532604,0.011280359171076837,-0.0017482084635430661,0.005982384530489826,-0.05714289884873025,-0.0069332863732602945,0.010109335682462861,0.0004091306110207693,-0.012813388477479482,-0.009902987564986754,0.007071002637647261,0.006735748536284447,-0.00826637755526416,-0.0007026404809457043,-0.007438349467966621,-0.024215281704544123,0.0017484050421159303,-0.008594283573932548,-0.003214406013505422,0.0065986063546701335,0.0009518883575680981,0.007860900374188518,-0.002640166562149049,-0.030674817461688986,0.01076849847083472,0.005055279464174944,-0.003123928712657653
2023-12-29,-0.00257069156647316,-0.027272700672307915,-0.022674493005686358,0.008510539973179743,-0.015555593702528236,-0.0022831572193035,-0.0023042001221758035,-0.005114466584177468,-0.012290464695135839,-0.0017777430546299655,0.024503386184764997,-0.012159973144531211,0.004444440205891853,-0.015548424230757973,-0.0388929443827728,-0.004682537411657028,0.005582583695173726,-0.013278303135976888,-0.03654441097033856,-0.014134883304179446,-0.013743884355529645,0.007855499995768511,-0.012748972426281702,-0.021971298882251467,-0.016822660179476312,-0.04347822030685711,-0.0051843359424534885,0.005385948302806476,0.008609038827420257,-0.024669749575501276,-0.03091227730422952,0.0,0.0026117202338660217,-0.02037820091262077,-0.07933399562264754,-0.01096706810831427,0.018124213221059726,-0.006750868303282531,0.0012106572627195167,0.003308994208728544,-0.01049982681775996,-0.012203079346017831,0.0026563935252292836,-0.028533867703523064,0.017543843138140724,-0.006583073683076757,-0.01008132737875922,-0.000584817192036069,0.005451346822564984,-0.001408415799858398,-0.01677187181929407,-0.009154334028182443,-0.010278956885853563,0.001897576644787291,-0.016174060824953318,0.0,-0.0034428985203392992,0.06277055606851678,-0.011994368378974274,-0.013344282659526252,-0.0018399648957418968,-0.00902934360094787,0.015836608740787517,0.002835474139962324,-0.0015254691450654612,-0.008885722023183273,-0.022398593730936556,-0.02101985891371938,-0.03645822357609141,-0.0009817823339252074,-0.015045862523736409,-0.006142449603485978,0.0025143950454948882,0.0,-0.011699325854331977,0.0026471554935678654,-0.10126587435748646,-0.01390599853349983,-0.011002849710614715,-0.016922590599935394
