Date,ATLC,BYRN,CRESY,EZPW,FKWL,FORTY,GIFI,HALO,IBIO,MGYR,QMCO,RCAT,ERIC,IDN,LOAN,MANH,MASI,NRIM,PRN,PTF,SBRA,USLM,ADP,HNNA,HROW,ITIC,KOSS,MCHX,OCC,SFBC,TBBK,TBRG,ZBRA,AMSC,ARTW,CHI,COST,CSQ,EWBC,FSFG,GAIA,ISBA,MNKD,ORKA,QQQ,RBCAA,TAYD,UAL,ACIW,AMZN,ASYS,CODA,CVLT,DSGX,DXPE,GLDD,GNSS,HIMX,IBKR,JBLU,KINS,KRMD,LBTYA,NBN,NCMI,PPC,PRDO,SATS,STRT,VSEC,AAPL,ACGL,ACIC,CCEC,CRAI,DRS,INOD,NECB,SKYW,STRL
2025-01-03,0.016229018730344436,0.05967516074396295,0.004484173604660802,0.0,-0.008113560606215708,0.0,0.0,-0.005623758644151211,0.012396682001644121,-0.018595131040574198,0.00018379523276390586,0.10645427255675521,0.009913313621227937,0.024735043656717748,0.0,0.014878738485670118,0.01577972526396243,0.013126957988532029,0.03168727582818809,0.018646886187095202,0.012316614339116017,0.0067954204641762495,0.007043066545875387,0.0015551725107398884,-0.006017538633459885,-0.0060389357157658585,0.01886790634044333,0.01604276540816718,0.08735635006249853,-0.02982888112708837,0.03869220454895839,0.038190967007564414,0.021106877683488845,0.12250493783088401,-0.09375001663076021,0.0016963910160834317,0.007441158804123216,0.013097902872035272,0.01079696827513632,-0.03207334338820267,-0.013100424405900424,0.0,-0.018181801105005113,0.04206310372911015,0.016365159124950512,0.001159577592495964,-0.1472793319786776,0.0025149100178354367,0.011789293213269936,0.018027432561515733,0.005357180414151896,0.006377514403644646,0.04240350353271416,0.003524242518756937,0.015523137434154677,0.00943401473336869,0.03676467043408915,0.013368955572697239,0.0066849298764859455,0.004010723226183233,0.031270764337797186,0.003861030872843285,-0.01676831318199612,0.025674655651265477,0.01815437390561514,0.014609347961431984,-0.0026789571180858562,0.015824202652815922,-0.00511204697686185,0.007964714681176543,-0.0020094841309014067,0.00021891303416721186,-0.035349565572261765,0.016967822181283676,0.01861771460362127,0.015441722575620265,0.12202530872972717,0.018317989669984103,0.026216872555148152,0.05830798919940072
2025-01-06,-0.014354911961810601,-0.08030655878145276,0.005208386081630989,-0.0016501241153628055,0.022494952035120752,0.05373495514460269,0.012676077999545843,0.0580225501817655,0.004081628681073202,-0.00561395106977669,-0.04684914978437116,0.07499998374418748,0.00490791141392477,-0.058620714035668375,0.003584227050542399,-0.005424464910545046,0.003912855140237204,-0.02899284862332019,0.002081150405341292,0.00862958681190329,-0.036500583199322145,-0.008050666582931187,-0.01563324457840265,-0.017080809189428336,-0.010456826266363461,-0.014219895199144572,0.01455028232102884,0.06842105098048079,0.0,0.0033745351454090855,-0.009871461964113704,0.01500481453203939,0.008855206835140184,0.01603901951108555,-0.039408829967266135,0.0016934273759201535,0.006687955533477785,0.0073076515273931,0.015184922992844907,0.04812626917257412,-0.004424774559935729,-0.0034629051110225406,-0.015432084002812485,-0.013935560577659878,0.011492933967797159,-0.02142756541526647,-0.013896706951069038,0.030312549193925342,-0.009020852292711212,0.015254909370185477,0.008880943673421182,0.03548798663453834,0.013370302408109547,0.005179950219373453,-0.035239168618527605,-0.01274431320056979,0.010638287978706584,0.08311344601280424,0.03456346187676895,0.02396801902167489,-0.030322554870327312,0.02564100056083385,0.0031007723283626998,-0.0011717371883982475,-0.001486010262354065,-0.02942409685652314,-0.01458170812248949,0.009519658483087667,-0.01663812877287052,0.0009608912910672451,0.006738981187339288,-0.0072210465108417665,-0.017915229303078983,-0.018299252343191075,-0.01356069833536333,0.003953731197601451,-0.01263541013418401,-0.012673755301643719,0.03644074671712816,0.0036054273531274106
2025-01-07,0.020935764054065498,-0.02028983544211682,-0.0007402217154092172,0.0049586333926292525,-0.002000040558246763,-0.016693270100201163,0.002781638493372318,0.013462687146554186,0.10162601468425825,-0.014114389135982841,-0.13049345255168898,-0.07963348796209602,-0.0024419104725624807,0.025641001008694042,-0.003571426247975462,-0.011644948832221225,-0.03694002949500064,-0.013740269309651776,-0.01737049189601203,-0.03188998979734492,0.010222578588716447,-0.038612991313628386,0.00442330394024415,-0.04265389079892801,0.0016685588103066973,0.0009616400740586339,0.023468034752040845,0.01970441498363318,0.025369954561350605,-0.005792331452882937,-0.011286653044456418,-0.01287546777567583,0.0019730321650019977,-0.02024708870781511,-0.03589746191813492,-0.02366853771152333,-0.0014522575410391703,-0.012277104800847982,-0.014235598558996698,0.0,-0.008888880411783817,-0.0038609750223314032,-0.018808759154637977,-0.07456143530769943,-0.017844274233518753,-0.010356639670825452,-0.012654547624854517,0.026782990745885638,-0.030722528844081554,-0.02416414035082548,-0.007042247017941761,0.034271692822089195,-0.047485623424312506,-0.025417032815193363,-0.016569941237606245,-0.021514630160254233,-0.02105261220606125,-0.007308205987701988,0.005787341450563144,-0.03771130815281787,-0.017298739783705552,0.0025000572204589844,-0.018547123562662082,-0.009064651149236047,-0.044642794741004854,-0.025370822387590475,0.0003894253160370287,-0.02571797614367133,-0.04503601941879354,-0.027842854951163343,-0.011387690653534621,0.016640976105129157,0.009950241645843239,0.014254282208275182,-0.015322814279017716,-0.025446900481199797,-0.10648994575301529,-0.012422247814615317,0.003069427914641931,-0.05927587942960988
2025-01-08,-0.0017832076596506763,0.01664196894802683,-0.025925882358872165,-0.02220390686491802,-0.01002005108061177,0.0,-0.006934839177575647,0.05020511357238622,0.0036900333293332643,0.016463918774712427,-0.303258703615193,-0.09418073938674065,0.017135880435978246,-0.03928567748896872,-0.012544794676898618,0.0159954430726581,0.019631530897549432,-0.012324138759084668,0.003842909473694034,-0.07163902425035695,0.022618847438380163,0.017822274873636745,0.012101296507993853,0.023102341292146278,0.0036091356597196533,0.00174674414322884,-0.04331206113137487,-0.019323653692280396,-0.010309219563065741,0.002819178611332962,-0.012366847581728013,0.03864730471376787,0.002246887686124799,-0.04833622408561167,-0.02127657550770312,-0.005194828820319963,0.0065120233381954495,0.0016950814831602212,-0.0021976152610632127,-0.025592817588002692,-0.0403587055603275,0.0,-0.014377020654513073,0.0010532100055151705,0.00017468201502790492,-0.0035879474170195103,-0.020972944430542317,0.024799942287674126,0.019761266082408246,9.006470850470016e-05,-0.03368795420536985,0.03668644101941809,0.03103560865917565,0.01416025994915282,0.04230725058043827,0.0,0.014336904085998858,-0.03435575813628111,-0.0014646882863451616,0.04054050135560283,-0.006093418992730526,-0.0024938225214576892,-0.014960597105260542,0.00322852053401812,-0.029595015457625995,0.013456842024955451,0.026858676081884303,0.030356381344200045,0.02761848694877611,-0.007242401113191632,0.002023026959630858,0.004444484142106964,0.011494230867199473,-0.014053953193315705,0.015616421679736536,0.034504117459174255,-0.059846553552595494,0.0016771111572000397,0.02967363396054168,-0.003222109302061793
2025-01-10,-0.04448013369294246,-0.022553617207962118,0.009125365441989386,-0.005887354623824392,-0.002024332653594696,-0.03500010736616721,0.00837988045505722,-0.017857126384770328,-0.06250002739184013,0.0,-0.12599430332074069,-0.15215555387518265,-0.021660722500376872,-0.040892242072316565,-0.010889379452250547,-0.026092647826979065,-0.014099554738057352,-0.027939938993721047,-0.01665283709150578,-0.02480887524052633,-0.03434215005818153,-0.0020107916134698423,-0.01726692467683366,-0.06693555130028717,0.014384415521923266,-0.06351613955510294,-0.02396808251530258,-0.039408829967266135,-0.02083341197834765,-0.0007498669943943881,-0.031015230496707957,-0.004651180533475685,-0.02886647721682145,-0.00331248260342909,0.043478218616745945,-0.005221955987783744,0.010319496427018127,-0.010716342701364345,-0.019297338749272308,-0.0386249751686083,0.00700928306088433,-0.0003876092953392085,-0.012965951817962895,-0.17306680285329723,-0.015681074205579737,-0.02775688968495882,-0.001190149205621327,0.0326841433643541,-0.014965441198804497,-0.014360970473526025,-0.014678885597399938,0.004566205571678639,-0.024207903994563296,-0.01581831793565691,0.07362829337781163,-0.025505713700257227,-0.0459363531897542,-0.024142356169151946,-0.029755394887976738,0.0,-0.03474119737008963,-0.009999990463256836,-0.04956034166391843,-0.019738348882186618,-0.035313017991431606,0.00021770206986548857,-0.01933272470328551,-0.014090517618746135,-0.032200824086835,0.021443521594824988,-0.024103726794297398,-0.026872495086920467,-0.03814933134463416,0.004934103738986506,-0.028253181228072077,-0.006610297384660679,-0.021762765875642742,-0.022603510505212032,0.00036023878960311784,-0.02113139009164311
2025-01-13,0.023555772705096567,-0.003721636708091003,-0.04295394668132135,0.029610862140968308,0.004056780303107743,0.0,-0.008310241623697978,0.02537879113542374,-0.027450954726180976,0.0,-0.23916999850925458,-0.06979061095725225,-0.020910209998077578,0.015503861641813277,-0.01467889067190642,-0.0001884780677766651,-0.005107504230733584,0.023161875342490257,-0.0014922678980902049,-0.03239167122380171,0.0012056368204531598,0.012256592755282014,0.011678632245152532,0.025064791548234933,-0.052631485869911177,0.012661614779662322,-0.03956343313389876,-0.010256461357301072,-0.040425444275285605,-0.0018752343951701222,0.020477189057992007,-0.014953257034038936,-0.009986009280972041,-0.03692762196519028,-0.10937496022476412,-0.018372694057794292,-0.013063740438468696,0.0,0.022457511308348943,-0.004821106555978449,-0.02320183432950995,-0.0007754426475545806,0.006568138070740304,-0.1075063934701217,-0.0032137662550189017,0.004783936610801787,-0.010723878868758696,-0.022406885558797773,0.0054538133709522985,-0.0021923619356289947,0.01117317394007622,-0.02840909029334049,0.013832997414686687,-0.0037712650442826012,0.004286178687819664,0.01353787180172672,0.01111110031850071,-0.026041612815841497,-0.01052858596727424,-0.022077870606208694,-0.03458004546514781,-0.002525250092658138,-0.013456753277242717,0.00995846989934357,0.0,-0.009140418827982888,0.013142614820340848,-0.002598504354520692,0.006549646633292161,0.01807166365095214,-0.010344172457458667,0.007319548358787564,0.013502071654094339,0.0038188778069119245,0.0020689344638160634,0.023290810398583384,-0.07035591890182546,0.01541738256368097,-0.04105154044671111,-0.0079501163025395
2025-01-14,0.03598175745576482,0.012327228915319344,0.040157444320477076,-0.0032867675926266937,0.006060729617483718,0.04108935977650696,-0.04189940227528577,-0.0057258507958724,0.10080645083760875,0.03028168108924789,0.07224881609773082,0.004287241391223828,0.03266332530646365,-0.0038167904198678215,0.024208648949149092,0.021369666885314942,0.0031405990860025046,0.04200189443603075,0.023848101145119704,0.027056028044419866,0.011438884461167476,0.012274010650086487,0.0051344308054668275,-0.01854973039550556,-0.03483024872505769,0.02964979296033765,-0.04971589581378966,0.0,-0.037694028307420635,0.007891571779388151,0.04266507984778678,0.009013308099870887,0.03329925168010983,0.011886482624587691,-0.04678364978402905,-0.0026740001425521465,-0.008078358777913408,0.001710426416150046,0.030331562255447198,-0.01816720631098101,-0.0023753512568226443,0.0,-0.01631319784105567,-0.011404123339796124,-0.0009494862975779617,0.029027801767580685,-0.006022305584252874,0.028268542740457203,0.015110472881322501,-0.003204303696411115,-0.02209942713677715,-0.004678358007099592,0.027865005999027526,0.014330815782058082,0.052418483907846536,0.03918081495932069,-0.02564100100869393,-0.0374332083011929,-0.0033830103024579117,0.02124831911740177,0.04751448937858571,0.030379777855453316,-0.011082622833744504,0.04518369868392069,0.006655569844450815,0.006369519984539496,0.021747420175704635,0.012592227509002019,-0.009370036772809676,0.019983033549844764,-0.004778187243388077,0.012771066930863384,0.025811841404690394,0.02771751066649064,0.019807936861690134,0.019804926547083657,0.015554904367834022,0.015183548454720919,0.023282045015864394,0.05603499118165778
2025-01-15,0.041078948628565204,0.01771215998079989,-0.03028004025744091,0.0008244211696197823,-0.010040267601515773,0.020833279075558986,0.02186590268921562,0.012632295510832003,0.043956001729189786,0.0013669667188636048,0.4948683725166805,0.16435432024139662,0.0389294135107654,0.03831423259404998,0.019999986752093024,0.012767496144199697,0.03600464277308135,0.011255004837924298,0.01954822648378829,0.05625822878989917,0.011904737680478839,0.026708058892776165,0.005759481338685868,0.01546380792945401,0.05577103533140204,0.017947217542758853,-0.00896860123562837,0.025906773515252945,0.14055291134345027,-0.004474119937167176,0.024289970589340015,0.047954886497962645,0.014832672905798816,0.06290261029953825,0.049079781073236184,0.02234145131105425,0.00683579993930139,0.02162774333101125,0.020505512200075016,0.02754934642991813,0.06428571266381922,-0.010477327453442875,0.006633492613808523,0.0072098328979688375,0.023006268253611406,0.01522379851708977,0.02938507331187501,-0.025169491321253568,0.020610648566947942,0.025670516796895804,-0.009416142078437106,0.0035252329217778655,0.005982745948590162,0.02159232526574928,0.024747893606397398,0.008569012923390185,0.003759394789693671,0.14722233135989438,0.017575494671668412,0.005201555468841601,0.05722264494221907,-0.03194105871200781,0.00948272871205802,0.03939453793309533,0.0016528713099790426,0.00021827220401271497,0.01605666893937907,0.04974270422780358,0.04466623454814633,0.04679025214585164,0.019675798578339565,0.01771937080840491,0.005681848575056936,-0.020095298585681154,0.0023525755346325283,0.016811622234496282,0.08453604911307444,0.03531374705727752,0.008256894732834086,0.034090224862055374
2025-01-16,0.009483511947948609,0.06018853705598737,-0.030444960723749137,0.008237184923179264,0.012170438383561244,-0.004761813437343498,0.0057061284660482325,0.01577693334860797,-0.0035087687010102453,-0.0006825503358387497,0.15134327447236484,-0.07378554687759509,-0.009367559695799943,-0.014760133317333168,0.0035650600734145055,0.0035342171934078515,-0.012378710944081606,0.005694375120998574,0.0136951641535632,0.0004227863636687701,0.010588061661279236,-0.0302425878148731,0.009748744723115932,0.03130285905816477,-0.054802326491088627,-8.771954862862863e-05,0.024132706583761765,-0.02020200074126499,-0.03030295440608144,0.01086139047296375,0.01368113834686513,0.03185280642936483,0.0061711460854543265,-0.008556141805560857,0.0,0.0008741924683384195,-0.004060594174490673,-0.0005569664224388537,-0.010345194723330176,0.02200891417241535,0.03579425766425093,0.0,-0.009884669041635097,-0.09806727697725792,-0.0070059641014164065,-0.007791668368553273,0.007357269080867868,0.010956569511337166,0.016080789411233365,-0.012043887924316987,0.0038022775772321715,-0.008196685613219845,0.0017966085256571063,0.0006088518229190321,0.008625047669198693,0.021240440975097474,0.08239701210630579,0.06174335806187181,0.012429369671258517,-0.01552391788654417,0.011221140238412808,0.01522841165181843,-0.001707981016098814,0.006383420951452834,0.033003361078193016,-0.011128175838108656,0.004410195477988488,0.043300710502961914,-0.0017605557791562365,0.013240354473770255,-0.04040014315981366,0.026490019811814314,-0.024213098638838138,-0.012412309668635935,-0.0015282671742475884,-0.006556553527797937,0.0073329837045497115,0.01605116327317746,-0.008462241057901942,0.007507772378653632
2025-01-17,-0.016775708601927897,0.005471951048718893,-0.026570102055388234,0.004901995158388628,-0.0080160986458081,0.018113457385637854,-0.0028368766504145437,-0.010294377927032694,-0.003521123508970825,-0.012295097541360489,-0.15478354337410716,-0.1533893426300461,0.009456140657904788,0.05243440542515665,0.007104883582502275,-0.007261373318752096,0.013828355954842442,0.009393896668853596,0.002947684098604464,-0.003239525485786099,-0.013969585959358932,-0.006006643862769723,-0.00016880112868244979,0.02050866577581245,0.011655690386118911,0.00026318173206862916,-0.02503683022813319,-0.010309329662834377,0.012499987582366145,-0.012041432326910795,0.005398582665252283,-0.003043464992357303,0.007424489037822557,0.0,0.05847947508874474,0.0078602985593339,0.02548517561896868,0.011148061388373431,0.0131672870287447,-0.014095604363763559,0.13606913582484692,0.019215681326210765,0.0,-0.02777780721216938,0.01687846119826264,0.013927801739757717,-0.013146385304042996,0.011968680009059485,-0.009201324964961177,0.023928209424767255,-0.005681857692471315,-0.038961028725187474,-0.0026591300273159924,0.007041007928959564,0.032897350028863626,0.0,0.010380612560830782,0.009121986967458362,0.010257210434962971,0.003942146181978634,0.0032637423675865307,0.022500038146972656,0.0,0.0,0.08626196260356589,-0.0004412613217907868,0.01244059314276047,0.057165193114187884,0.0075586561385248,0.01572020124409712,0.007535300675703516,-0.00613940007553182,0.0024813668961218838,0.02459028259740359,-0.0009293449067234727,0.021807759004380367,-0.008358084982897585,-0.009083643867235591,0.0029365852183125263,0.022579554436167326
2025-01-21,0.005118567376495742,0.02517006056869997,0.053763436274619325,0.013821144199818836,-0.006060535456675953,0.013203550269246467,0.02560452673777802,0.020802908859850255,0.031802174916679915,0.014522840201778964,0.1411043712922253,-0.01110464799999289,0.0210772982594023,0.014234862159271389,0.01410924529108959,0.03163513194670298,0.021939835076830283,0.021800085189179752,0.03637031212752739,0.04648867814596902,0.00649357002827311,-0.015066211259138984,0.006651339646768006,0.015273477676995162,0.06646972234637372,0.010918541696959938,0.009063435621868399,0.026041704501647,-0.016460889199236384,-0.0016877300064273015,-0.0005369389631356691,0.01788049899500277,0.030465150303080835,0.03344121981428683,0.011049779429876505,-0.004332713693004697,0.004813499293546242,0.009371754077871497,0.028868919488032496,0.015885554712214978,-0.024714849578733378,-0.00153895078980415,0.004991635911596681,0.059591799366230935,0.005865100915291022,0.010375671781917228,0.01539373820470269,0.02924193956010268,0.01300150001774858,0.021111818274402117,-0.007619040352957573,0.05405400022424223,0.016927056970498455,0.02313336504509711,-0.0010713997498135175,0.03494168940304432,-0.01369861671503625,0.0802260117653617,0.014414177563139452,0.041884839954660524,0.040338273871909136,0.01222486846756432,0.001710903206295633,0.009811707748250242,-0.014705980749211922,-0.017218577936736867,0.007589360365690023,0.027407398930302307,-0.012503125256662195,0.013542288586696483,-0.03191590066579353,-0.006596218916568475,0.020627041930924683,-0.039466573707628405,0.01751020621794197,0.031732791073705524,0.0396955668196417,0.015942647363374807,0.05041634266696793,0.0769273407895259
2025-01-22,0.0010185261152000358,0.03251497907865053,0.0023548812712959055,-0.0056135242180883616,-0.0060975871803867765,-0.01954736107155086,0.0027739224439247145,-0.011798352942700818,0.05136981268138596,-0.03340149752760646,-0.03870974225465218,0.034278955147209134,0.0034404636787437326,-0.024561380907071495,-0.01565216399589542,-0.0004607713110518219,-0.016527537576293994,-0.02557700657513995,0.001240663192183522,0.003780678510341584,-0.02639301408211092,0.003445888750104986,-0.006003704567054902,-0.010292986932977088,-0.042936268769420916,-0.022815894966309425,-0.01197603679070025,-0.005076137217272736,0.2364015874486889,-0.016153251265962565,-0.010924079668421904,-0.017994861762988368,0.005979859727323733,0.004523349657291176,-0.021857967281024404,-0.002610977993891872,-0.0031971492156388504,0.0076459056644706536,-0.009256491596108973,0.004300317365665718,0.0623781067613276,-0.00578045498918256,0.021523197891053503,-0.036979935220677884,0.012785716598497476,-0.017789912099741456,0.0017493112135753552,-0.023072706295845347,-0.030436373662390492,0.018638063663626525,0.024952037138017857,-0.008158472662781024,-0.007377547073984525,0.01586100482725117,0.016088158786628615,-0.02170414093221673,0.07291659423046926,0.03765682166046713,0.08790123696417873,-0.011306551778464846,-0.035647262486946274,-0.012077225968644578,-0.005977770674311267,-0.0082440390794557,0.0,0.012129459525969999,-0.002152036024673065,-0.007930761181315749,0.003038716808923203,0.009066645501220938,0.005345011849436032,-0.017601161649329122,-0.021826966154731897,0.0027761262582528534,-0.01005654874526063,0.007893054868838068,0.04079491344458264,-0.011377029425266527,0.01097556161447022,0.020401905085597916
2025-01-23,-0.011192128773102272,0.027956263124130354,-0.0015662325558184476,0.0,0.020449920660447818,-0.020274698656606804,-0.004149406601549943,0.006331445306569705,-0.019543955727765794,-0.00634704440019529,-0.06487695200553767,-0.05028566632952014,0.01714266054217961,0.010791356726084,-0.0070671332602798564,0.010675577647560885,-0.029337039290940448,0.008962901572690862,0.0005310797081370389,-0.0010760812821530852,0.009036079730027069,-0.005946961584691657,-0.0018895750129808153,0.010400034350650955,-0.027496404744357328,-0.003551161335732189,0.025757587689451578,0.010204071702683226,-0.03214891068121717,0.012027562432847638,-0.0003621303264429443,0.004799328533394487,0.0012839194853175862,0.029442273966475696,0.0335195884175985,0.0,-0.0026887589209352303,0.0027100322422517475,0.007299215801492176,-0.00895295416173203,0.07339451548005949,-0.0003876092953392085,-0.03565644478256691,-0.002399978637695366,0.0021260761666410666,0.010896731360895195,-0.004074487402839555,-0.046031315777647075,-0.007186101748102303,0.0017446222360446573,0.0,-0.02937720250012832,-0.011425064959981746,-0.004318613542444116,0.02706074004029424,-0.008216958162927113,-0.009708728874782357,0.18951613104956255,-0.005863290264748966,0.005082587348752554,-0.0019455210390885158,0.0024449270590736205,0.020618536429497514,-0.005640895209880981,0.008955401525011952,0.036173950514425846,0.010064726873056928,0.021802339080283728,-0.008583694707114842,0.01259110137190289,-0.0007594645528145039,-0.0020384341087060776,0.00826447111985007,0.004429570830931873,0.020751885194077557,0.010532104983116852,-0.0030150485976147,0.00277775511411682,-0.01585383746851876,-0.01984441451928276
2025-01-24,-0.020751206837120173,-0.0384495014390972,0.04235291776972727,0.0048387436663333006,0.0,0.0,0.0027777752022684066,0.0025166166989105676,0.01993353587031299,0.019162552277706135,-0.026016715538674906,0.038507783232937465,-0.14382014098148055,0.02846980916501396,-0.016014317101574083,0.015510996491699292,0.012851044970123793,0.017385789936669838,-0.008669547350626527,-0.010234248048756944,0.010149280500456825,-0.021317753917430404,0.004394998543120643,-0.021377760700391435,-0.006845224782181858,0.013453377448161996,-0.014771034699306296,-0.010101000370632551,0.07167838099440393,-0.007357180343553482,0.006339472824168135,0.012158001343840041,-0.015435397464093614,-0.02288016196291076,-0.02702706534118826,-0.002617813046147499,-0.0026321680607190867,-0.0032430044992444174,-0.005507300085189515,-0.010997603841461534,0.0034188002141120055,0.0003877595945622758,0.013445445900458486,-0.02245394391737432,-0.005651212134788364,-0.02418068739323076,-0.028638208862582615,0.01941747572815533,-0.005904788062686017,-0.002421170970448472,-0.00749062934645095,-0.01452783077892561,-0.006586290185870092,-0.0063391620660571135,-0.007287665030299428,-0.024854949846369156,-0.0163398540036791,0.08898305298602072,0.050060044485950916,0.020227541150263928,-0.010396359362518037,0.004878044241882984,0.0,0.009355054654273554,0.02070993562639112,-0.0239879728845952,0.007473293555653404,-0.016358498509697394,0.005347570206894137,-0.007853323936487078,-0.00393458811566294,-0.0027950388757116418,0.013114717314179236,0.004961522398184259,0.002980408616484409,-0.01630129598638963,0.015120929171032138,0.0075188260953023,-0.0009630590892659718,-0.04720723722076425
2025-01-27,0.004553452595069896,-0.06469440040022079,-0.033860065989392396,-0.008025712773962246,0.042084156757250746,0.00827770748751977,-0.029085812660977983,0.0016137735673151798,-0.029315933591648635,0.01671324982032596,-0.08535458413709018,-0.0672074062589545,0.014435669529707651,-0.017301103432493137,0.01627494930048412,-0.003973992249222902,0.0017621462834174206,0.03841824845508679,-0.07418642563629174,-0.06244907490367546,0.030733045206761567,-0.022729273086290025,0.010265770416282738,-0.007281501798209966,-0.0323643407529598,0.0034723406939420887,-0.06146924178746305,-0.020408204226431526,-0.15660685484906045,0.002280571581573687,0.007919341537678593,-0.01415701120835322,-0.03678155504882252,-0.10365014235493442,-0.04444440323629384,-0.011373505519855276,0.02721135447615164,-0.015184674886748128,0.009521144529858416,0.012311291331660978,-0.032367983121751376,0.0,0.009950238920712673,-0.061525842971064115,-0.02911449834027724,-0.0038810821748266333,-0.007821965195594416,0.016571408226376594,0.02031043113974218,0.0024270472668348475,-0.03773590168014018,0.04422600018347089,-0.009882422959723969,-0.021656965173699194,-0.05054120232077208,-0.0526763649209917,0.029900303805469486,-0.2778210641506105,-0.06904436474935449,0.002478371563817916,-0.03479976646540017,0.007281604524675522,0.009259230270842744,0.005324455427593078,-0.01159412500803858,0.01579983893041903,-0.00671143105754346,-0.020607364351722834,-0.02051675234758965,-0.05522045871527226,0.031780233399195223,0.04053465308586213,0.014563138253921304,0.014810647875965532,-0.029183916813566135,-0.04536817763442835,-0.1760178839983484,0.004713326846197408,-0.00525807090449415,-0.23651896599017197
2025-01-28,0.01255232240309967,0.0719499361101199,-0.014018604148384406,0.009708728874782357,0.017307674535947726,0.0,0.009985690804376057,0.002506254710324729,-0.013422805905036084,0.0,-0.16079223794285513,0.14968942796957285,-0.0038809646816124754,-0.007042247017941761,-0.0017793582771322702,0.023835113816490727,0.027207690701989362,-0.013573481108844265,0.007325574850863381,0.037004812097338524,-0.02522948204558706,0.015329076016354692,-0.006130296391194112,-0.022004898905092274,0.012697424459190865,0.004249180688986165,-0.01597450124815547,0.005208328482694924,0.0,0.0007583131276480692,-0.006607123783656577,0.026980019651169362,0.015599988017937605,0.006146747721531787,-0.005813947847045586,0.003539712525480354,-0.0068169014550670815,0.006057598038381906,-0.008565228691469584,-0.060415787025660306,0.019366221274442985,-0.0003876092953392085,0.003284069035370152,0.027097939771629997,0.014779823117886615,0.0019480431900291695,0.021528171447164013,-0.003747438016528881,0.012957720689370511,0.011596277923593856,0.0,-0.014117633595186141,0.011054958725603026,0.009437996098829782,-0.01893334739013519,-0.034977524931955495,-0.016129017372408794,0.026939734123745174,0.019031868632509052,-0.25710752589302344,0.06122455397243565,0.055421690069412444,-0.007506268082230094,-0.00657120819000101,-0.011730269019372686,0.00021605600607488284,0.0110242542858483,0.004429639394937457,-0.00698207023147035,0.029124219219292646,0.03654395020885026,-0.013572291796053015,-0.002392322640553668,-0.0016216223148225462,0.017162265125894027,0.017928443667418303,0.02229592374466982,0.0050819421520269525,0.01048361192508418,-0.023216834435096145
2025-01-29,0.050103301578344084,0.00972760167238107,0.02369655970754847,-0.004807649690957594,-0.015122817708074998,0.007411707280561064,0.025423772191449423,-0.003035681588309136,0.006802714468455484,0.0,-0.10199996948242185,0.010264750497471775,-0.014285688648514538,-0.031914863936120086,-0.005347590110121869,-0.24486617509685016,0.013814439598780481,0.00840219036318568,-0.0013395933498522306,-0.003918341711635298,-0.024705924076439123,-0.02585692723623756,0.0075761306970645315,0.005833235165012773,-0.010703433659091321,-0.007240748374992889,-0.0064935004616650804,0.015544088815740986,0.05029008669397461,0.00037894304403418566,-0.004853504450468615,0.027542356272190593,-0.014793264267300876,-0.0034364318729529497,0.0,-0.002645231299868045,0.005580685870465452,-0.0005473237211295334,0.0022327402982444955,0.034655522895815194,-0.02072536897231292,0.0003877595945622758,0.0,0.027234016580784504,-0.001878043002776164,-0.0008974478278707121,0.008014261465407735,0.01805534948712162,-0.0046347795025009075,-0.004534900692607424,0.0,-0.0632458475621046,-0.08266163995798659,-0.014534628663787297,0.031928826853988346,0.020446032404718206,-0.00327868544904808,0.0010493417684789286,0.016847070435698663,0.01497498707541256,0.0403845873669233,-0.0205479795060185,-0.011764654969436794,-0.0010859418608883953,0.001483660463286851,0.012742994698580423,-0.008793573904143703,-0.011392851024360495,0.0028644997730056243,-0.0029077225373521642,0.004616809570674896,-0.014599300525307224,-0.007194259763933508,0.01515983199534321,-0.005910867774778228,-0.03159084289926606,0.007073323360180517,-0.005834214305413088,0.00985183010355617,0.010237743481914308
2025-01-30,-0.016560126388503793,-0.014450830584807561,0.017746980253992017,-0.015297949508089825,-0.03454890751434958,0.044821682931201146,-0.01928379323816032,0.010567729151720107,0.0033783751129670136,-0.0027398183366206252,0.0,-0.06844923178732021,0.017127738998004904,-0.02930400115279308,-0.017921135252712328,-0.039041451674817096,0.023085533242250378,0.0036228731673095815,0.016544268954509445,0.00856993282238605,0.01085646343170188,0.013628059359743316,0.008949602262962264,0.00497105191079994,-0.02040179199981884,0.009226726218830583,0.008169965959124559,0.025510179256708287,0.007366475712259124,0.0,0.041184948593923076,0.01443300542143211,-0.012237503880663803,0.04636011750144342,0.005847947508874407,0.006188924124330475,0.01554960185333365,0.004928611035898145,0.0032927155971251842,-0.023405898977113315,0.029982376367984287,0.0,-0.02291331264541685,0.0497100577166556,0.004262433717854286,-0.019910144142404662,-0.003239122889195145,0.010530199216270963,0.012292789426218809,-0.010250170242948609,-0.015686259843532002,0.0,0.07546646246787048,0.013110200198888089,0.009106044552886328,0.015482703404495757,0.0032894705884014552,0.01781969450228127,0.03749111134653638,0.03606561810955644,0.02279725869900706,-0.006992944810711221,-0.01785714575338404,0.0029648793071568313,-0.0059258499039333,0.008743793566994063,0.01667840392429132,0.021189580033732502,0.0018178008977565163,0.0016526012499920029,-0.007394751904788444,0.008100641000880371,0.005636019323494779,0.019733445019146867,0.012324331698878588,0.019341820008283772,0.05618970109830235,-0.020344300538346904,0.008029010536771297,0.03968539493511147
2025-01-31,-0.00850280635921108,-0.1189312334641297,-0.026535287350103465,-0.017988497268109027,-0.021868848054946377,-0.011266484488672956,0.007022498811590561,0.003899348242521139,0.013468000494176735,-0.01510986432735617,-0.002227222392425121,0.00918483620616306,-0.029792711086654045,0.0,0.02189779566103245,-0.025917638309408297,-0.04111173002843238,0.024305042390660114,-0.011499413171751183,0.006686036384115246,-0.002983334012201966,-0.028295284401465337,-0.0008244403834455349,0.01401496390424728,-0.030609062933295128,-0.018937731195713403,-0.03079417420924635,0.0,-0.09872028931725196,0.0011364722555917695,0.05933383101764522,0.008943061379796058,-0.006992677173207951,-0.0380812533327094,-0.011627895694091173,-0.0008787073054978833,0.000888543487140625,-0.0049044389638956964,-0.00598500233031829,0.023140410248490673,-0.03767127761654587,0.0,-0.030150726074455125,0.061562725199236557,-0.0014530149796943004,-0.0003054806248420361,-0.01329385431394381,-0.032541180423531824,-0.01471939759927443,0.012955989149507907,0.005976137434728246,0.02547774376204348,0.008613050430154923,-0.01387704125764333,-0.017174429312984296,-0.014349762590682436,0.0,0.042224446806233384,-0.007893357334675222,0.04113920015548511,0.023493983033167742,0.030516345215756413,-0.0034632001032445237,-0.0027591909031096096,-0.017883743527447926,-0.016067634961231536,0.004537586853361697,0.006916655944918304,-0.02903065560978002,-0.0067928242070905975,-0.006692065355895616,-0.01596534264111915,-0.024019240524331575,0.0036609852201874293,-0.019756492748253196,-0.004531290388293918,0.027431467838212376,-0.009584609268332267,0.03562860531521017,-0.02924141741257502
2025-02-03,-0.05834876659620991,-0.032914248034880744,-0.02180675325751691,-0.00666110925740615,-0.07317075314758914,-0.011942525369269319,-0.023709912759417362,-0.006355943047862356,0.039867150949456365,-0.012552452759505894,-0.04553573549706147,0.00341293891938399,-0.002670192220894929,-0.018867995824705996,-0.007142852495950924,-0.039838907447567906,-0.011995617225170396,0.01397864679441474,-0.011124507498154745,-0.006780059234502311,0.011968919716127235,-0.0009948835547850532,0.01422409164923355,-0.03333339681463521,-0.028971334946011562,-0.01615263094757846,0.0066889568102752595,0.014925358971198843,0.058823523722262516,-0.015323596163350994,0.0009826000203791985,0.01208707284842303,-0.014925769421533341,0.0019032826870686304,-0.01176476445577379,-0.005276786382691134,0.026482789823154995,-0.006024421795458368,-0.021881382662723214,-0.05048458275538825,-0.0035587155398179027,-0.015503836230252421,-0.03799650978257374,0.018587360858383528,-0.00800326990070499,-0.020779269230398967,0.0011975179342158526,-0.009542654400814254,-0.0026143677244265806,-0.0010938846972727845,-0.00990102749433508,-0.012422407341657227,0.0003139712010706841,-0.001381366309073817,-0.031000092420446324,-0.015468615089575088,0.00327868544904808,-0.08003948343551404,0.027777736626411365,-0.08206686445505051,-0.012360128349074628,-0.043280196582913155,-0.01824500729548406,-0.014822072599553704,0.027314056415474353,0.027288331401435384,-0.004169543747548743,-0.003976883982588109,-0.005072040345770801,-0.0019541019996095477,-0.03385601282291062,0.00032232491023154175,-0.016406825324504326,-0.022928615737058955,-0.006264370327542679,-0.00455180683538281,-0.009169367200600798,-0.01612915299369222,-0.02257687536287256,-0.0379862640897648
2025-02-04,0.003035681588309247,0.009942647521019365,0.028662402863925074,0.011735070081070997,0.059210571381028476,0.02417391840050631,0.008571420397077256,0.00870649767403786,0.01597442507608826,0.029661057838780147,-0.006080410003249992,0.14058965620147834,0.0066934521912080935,0.06538464712673497,0.005395679917730822,-0.018823668341517164,0.020680827066436258,0.026760927843337834,-0.0016713429681455283,0.02897753723805696,-0.011235948172954702,0.01665611589906324,-0.008623006729666316,0.051303621455280446,0.03352329877833138,0.017274765702604444,0.05149500726939049,0.00980391240220757,-0.011494242373779495,0.00403463107594404,0.019960753305358514,0.03542991082462077,-0.006811895951095326,-0.037993921413177256,-0.011904750923180218,0.006188924124330475,0.015937104765409105,0.006060935426945413,0.014980551167297573,0.016163251380359567,0.0017857551878819322,-0.0007874267256765544,0.0035906607379059263,0.03722629459723992,0.012275452646734353,0.036355129567699374,-0.024521522981441612,0.0366306999028696,0.0054297119707142905,0.019543422733693472,0.050000000000000044,-0.017610046521313927,0.05002825524350274,0.0015561537825294902,0.005603621129015135,0.014787416998601755,0.00980391240220757,0.10633734103287007,-0.008949303342485782,0.02317878598837675,0.06555412150438555,0.09523812226968142,-0.007079639146523986,0.021364127440121283,0.008862659774948156,-0.011503874999387764,0.010118604240535456,-0.005081647677873891,-0.01153743761455217,0.013803235052468388,0.021007923869700296,-0.003544595450733712,-0.005838229741722434,0.01440000455516155,0.020829892523258176,0.0037151991184205535,0.054708716105237976,0.022541093748223107,0.0065149050440889145,0.011386124223988547
2025-02-05,0.04272746313183595,0.0030291527515435845,-0.05959756318798126,0.014084513719320402,0.0,0.04525770055431999,-0.001416395485230093,0.015148856850748071,0.06918239748170008,0.001371922462750197,-0.0037647022920496154,-0.02584495209113946,0.010638290192569011,0.025270734196678246,0.03220033679579215,0.021423880879100743,0.01274903546995465,-0.0011283536353451362,0.018158263759546545,0.015569905879502244,0.010167552381106892,-0.0054313492958009135,0.011422197745108997,-0.0016002058431793253,0.001946139023381921,0.01174956483353884,-0.011058403739006017,-0.024271822186955783,0.005813994320832405,-0.003826912411120209,0.0065768342381868905,0.009227211418924464,0.01194392424738866,0.007898924381912087,0.024096434859411042,0.004393724929570686,0.020570422212578432,0.004380987587464968,-0.002656731192087425,0.002092906683431428,0.012477663664575811,0.0,0.008944492403020421,0.005629832758007991,0.004537895940105452,0.005570707678298703,0.013182106660202031,-0.007821832046041144,0.021042850131486324,-0.024332807771026643,-0.0038095201764788422,0.007682451116406419,0.022297918189611465,0.013638341405827648,0.04812563472003828,0.02641174204168295,0.016181291949422194,-0.05048552016162644,0.05404543793603356,-0.009708728874782357,0.03299778154044297,0.0652174341205396,0.007130117807674585,0.012766250909834964,0.024890155937739467,0.00931020341582478,0.006908432363710748,0.03794239041652281,-0.011400705263381328,0.01535338395967134,-0.0014175665292441852,0.003126020545663355,0.011745029664952389,0.006309046285708275,0.0,0.025626443743888894,0.013935507497479849,0.009218430011465717,-0.005548050082332168,0.03543326942194769
2025-02-06,0.0032439581304244403,0.03812760428873352,0.030452691102917484,0.00980391240220757,0.033126269895232596,-0.005593577918311388,-0.01418445088854714,0.005379100344408361,0.055882298080155435,0.0020630864163198037,-0.059990574075897696,0.0826530051201606,-0.006578893966837418,-0.05985909965250491,-0.008665505793766015,-0.013202440615624367,0.011689343613106917,0.022704269049754977,0.01366063430740061,0.004266184024370068,-0.005920620191895765,-0.001969473873718486,0.0026610296474962603,0.005609125868986986,0.004855989926926707,0.008063485014362826,-0.009584731217720188,-0.03980101656463497,-0.02312136497804762,-0.00019224152117647275,-0.003027866561099324,-0.031238083612351142,-0.02896613881156518,0.3416928316727492,0.01176469433266436,-0.005249367956214779,0.007776297139383104,0.0032715209703741976,0.007004711702996325,0.03216370882550024,-0.11971828325521627,0.0007880472551462514,0.0017730902692498773,-0.08467460051623876,0.005219742921635406,0.015121914008987991,-0.02511340500809167,0.012335390788528633,-0.014590607788466436,0.011263088803542765,-0.043977058935887325,-0.006353203891330539,0.008946838362922094,0.012773567198346436,0.0037699313789594235,0.01685887956219334,0.0063694204644377805,0.015337467520460057,-0.02236016502761118,0.062091523128550374,0.005414242924197898,-0.010204120359535218,0.004424795565566519,0.031125773797769485,0.0028571061149338384,0.01991623795037878,-0.02847333854116052,0.032337435909400414,0.05024716977100496,0.007798460345772806,0.0032262256341100137,0.008811516401640906,0.004975078788054033,0.0010532994084913039,0.022928783916217776,-0.049139265462031956,0.013234931169425534,0.007942712833881593,-0.01800511266158289,0.033942086151329764
2025-02-07,-0.021102755261909523,0.07781815962357963,-0.041533541063085266,0.08656963416018293,0.03206420197883686,-0.0028124806019098614,-0.034532342115782155,-0.01449775927679553,0.03621173190779836,0.0,-0.05025125724469015,0.01413766042020459,0.0026489719047522176,0.0149812586929019,0.0034964102811403386,0.014287809701714504,-0.02144206487468714,-0.011155333381819621,-0.005365627937352735,-0.01579719450695527,-0.0059559444098692405,-0.041980702070735454,-0.009709641613949715,-0.009561685221051497,-0.0009665169381647409,-0.026170480000535457,-0.02580642779585396,0.005181404116229027,-0.07297837275516217,-0.00902968196240772,-0.01438621333315937,-0.007078265946349416,-0.03545643785663577,-0.040595885987349756,0.040697634929319326,-0.0017589602221931289,-0.005734024058466125,-0.007608507830434319,-0.01802675841078294,0.016592526567362764,0.002000045776367143,0.0,-0.003539819573261993,-0.12844039105313498,-0.012613540104501442,-0.016519023402834843,0.005586601438739791,-0.0013742695719829445,-0.02109937840837528,-0.04053095448794508,0.030000019073486373,-0.001278801619221892,0.019010166719124033,0.007735627399180878,-0.03765404632711944,-0.004363018374208272,-0.01898739859760079,-0.040281988211407826,0.012750282635028753,0.026153857891376253,-0.03554121994063841,-0.047422685277539345,-0.00440530300038533,0.030280310368874463,0.0,0.04933183904898941,0.0035310920141289337,-0.0061287129735226875,-0.036601347081801516,-0.002736734935955276,-0.02396872734152533,-0.004047691356362182,-0.02475250050924105,0.012098908236901407,-0.013018390728267604,0.01080281805797867,0.07711629211055282,-0.025610656267954557,0.005078798111256999,0.009234884130921772
2025-02-10,0.005910990088352719,0.15350874935070347,-0.013333344790902202,-0.0014892373275645632,0.0019416935796836565,0.018698437413247504,0.04023844700321,0.004203181871809791,-0.08064514785188381,0.0020591724202987383,0.005291025581380504,-0.000929389281516313,0.01056802395319667,-0.014760133317333168,-0.012194933974029154,-0.11548032679481413,0.012772479298511552,-0.013068290899718837,0.015242819077278869,-0.002427946171087103,-0.0035951146859087846,-0.024063633401593565,0.0031375457225286674,-0.009653993669646699,0.031925177807516025,0.002276648669417014,0.1490066392469509,0.0051546341073744895,-0.040425444275285605,-0.005234520611363758,-0.022867334591329724,0.010693087436185023,-0.013757428919250803,-0.007914713351905522,0.04469276235767472,-0.0017621540649872536,0.017349959461612663,0.0010950213517886276,-0.024244247534858654,-0.009952215591436553,-0.001996053577839385,0.0019685668141913304,-0.007104788817042462,-0.042982437501286164,0.012105175235749943,-0.0014996274698607648,0.02160484306406829,-0.026788974027021184,0.0015126079027776296,0.017412199866636335,-0.0213592488305685,0.005121634077604353,0.019849790063649175,0.022110985061473354,0.025117603608177497,0.02979843620813072,-0.058064462540671546,-0.0031479211524074735,-0.02141562525695262,-0.02848576537438796,-0.026800610931072,0.006493552067419417,-0.01858407385861427,-0.024005147354160372,0.01282062718515986,0.008814915875342999,0.0010555728204670878,-0.004796207414717979,0.16200818094729952,0.010787380540596025,0.0011873765368006772,-0.02181819160991816,0.004230165758405402,-0.011954274565889933,0.014040989165950979,0.006354772422626942,0.03381531545757466,-0.006065492694957375,-0.029462164940632696,0.006211546007205415
2025-02-11,0.01780156875962091,-0.054401780355769924,-0.05489864202840311,0.041014183220964284,0.06589150679910172,-0.0017432819594266347,-0.015759331405991284,-0.00017436905313217288,-0.0730994135739641,0.0,-0.06263160705566406,-0.10558141664017073,0.011764648960084223,0.02247188803935285,-0.008818427466871337,0.0035453286079458746,-0.008463705703884217,0.015504846841272402,-0.01785614614109121,-0.02582461783505685,-0.023451501135025365,-0.005180859861493081,-0.0037467743196051284,-0.007311241805774915,-0.0078125,0.01808301822548053,-0.06484153924957237,0.010256400224333495,-0.035476788498730594,-0.0007797507074601695,0.03751034558561339,0.06426329781469575,-0.01127108725980519,-0.026695330934642936,-0.005347588469389097,-0.004412830674902279,-0.0033714239085030906,0.0038293964132725122,0.011963162260635984,-0.004825140285744545,0.002000045776367143,0.0,-0.0017889496616929623,0.006416104106621301,-0.002380649914297095,0.022378913077285345,0.002719037967879645,-0.026112407849242958,-0.01245987978482721,-0.0016299428832775575,-0.003968250213867153,0.007643304905536663,-0.004294262913083324,-0.03110202088647962,-0.0077118400693050315,-0.027234016580784615,-0.0034246541787590346,0.015789413744577097,-0.020867386960719547,-0.020061745996646674,-0.006311035908955542,0.0,0.002705115649993095,0.006733431564456938,-0.01687769403595729,0.02038841488046428,-0.002108987856663469,-0.01273662449576729,0.09551611820964734,-0.002621276941966233,0.021831726999336443,-0.02033676611601165,0.0008424522835299708,-0.03103638814781029,-0.0059267998226313345,-0.011481211657968227,-0.04195805399332442,0.004068338272712024,-0.027885598669474487,-0.038300625605312555
2025-02-12,-0.008830029939770667,-0.051654868204753734,0.0026808868305812084,-0.004298024316099047,0.06545456165814545,-0.02105801708833288,-0.00873361627060032,0.013605420449757544,0.16088327387660484,-0.03698634049477967,0.30432342722179606,-0.03276126759040665,0.011627978894089175,-0.04029308891790284,-0.00889679138566113,0.02029941726023754,0.014754102319974427,-0.029867451408952528,-0.020382476626257473,0.004857686040829812,-0.008620640164420101,-0.011573053642907727,0.0028450815406755314,-0.018003256408136492,-0.05700785719503565,-0.027211431883363946,-0.013867438971454149,0.01522841165181843,-0.02758618119308165,0.0025450920617251516,-0.02431605637306189,-0.018409425729346673,-0.004176017195932191,-0.04319038340293968,-0.07526880893449261,0.0,0.006406372043909814,-0.005994426508658668,-0.018793542634132465,-0.004848535148014088,0.0,-0.0003929398345200452,0.00358422602149977,0.08105650094967909,0.0005870845807283143,-0.03349496948856967,-0.05061760974208673,0.008421283197578289,-0.01319064085818511,-0.01645472556041927,-0.035856539645922725,0.012642273501742629,5.606455696982593e-05,-0.039093430737260904,0.002459419540061125,-0.01837270625897358,0.21305837363303604,-0.052849707996808104,0.03941839164783678,0.040944918549078446,-0.016743593806906487,0.0,-0.012589959061471312,-0.0287041196972172,-0.0014305967408150266,-0.04224545898655496,-0.007044702825160343,0.005927478189854396,0.05606482789746425,-0.052937881668974174,0.018270119405793483,-0.014955316525788298,-0.005050544274042834,-0.010314868602858795,-0.0027964556359467707,-0.023809491847299524,0.03225803843906938,-0.014586706609327926,0.0059912491900349085,-0.03092221725110944
2025-02-13,0.018845336798823942,0.07110242387557575,0.007130223399635538,0.034532410725446994,0.037542602501653866,0.00944387772258204,0.0073421719757689186,0.008604370930103356,-0.021739174096029212,0.03840687006847099,-0.14377960475268925,0.013978506642444044,0.010217043069833842,-0.007633580839735754,0.00718132384868353,0.030942593994184087,0.0004456678374620271,0.008386072368598452,0.0003852831458108774,0.023066310876650453,0.03602473721613997,0.0017563470249866153,0.011642025467884398,0.014166537378705435,0.06579823908531868,0.04236364210060728,0.014062449126505117,0.009999990463256836,0.026004759578818648,-0.0001953142756704329,0.00868992891803777,0.05513875925611389,-0.08358834545392124,0.044151569546800884,0.005813947847045586,0.008493188855607237,0.011022130341366898,0.010089646357166915,0.0056636629842348185,0.015022368182076473,0.0019959584007662734,0.0,-0.008928520490927738,-0.037068204264989024,0.014385873648250946,0.017935871195187802,0.03490956437573978,-0.03157996646083605,0.017822588196031663,0.006290143220533118,0.012396682001644121,-0.00249693597904721,0.028003359924617888,0.02393683169214955,-0.03846906879535006,-0.008912689758447612,0.008498575533404162,0.08533915066785647,0.02019989663597821,0.010589968745885914,0.047563073757661334,0.021505355393904857,-0.002732216231502771,-0.002295375608776018,0.030085922329824877,0.034174364377436595,0.0039019203470054276,0.003812779949686984,0.015744827712596887,-0.07740336190270236,0.019673273034993777,0.021527322455150433,0.023688705227543405,0.02084485564418559,0.017301672154862224,-0.04342654058632944,0.19274636709691362,-0.0028782660177059105,-0.018317982177288195,-0.07336173960636239
2025-02-14,0.00588529455081388,-0.0012180546693508765,0.0,-0.022948534150194932,0.021381618076127706,0.03035337270271765,0.002915449057909525,-0.0054598138797442575,-0.047222178438562246,0.0,-0.136752106426413,-0.05408273726162183,-0.005056886620947054,-0.015384601277006582,-0.0017825300367072527,0.015086905871786627,0.009577377670118237,-0.043062218069163105,0.0030812743260435482,-0.012150790367758901,0.008547010670270971,0.01607082599671017,-0.00667268920466102,0.018899106323404746,-0.04669381943726336,-0.01833632082058656,0.01078585117566444,0.02475245187544539,0.020737251748036645,0.01152344433766661,-0.01674250278986944,0.001422002016378876,-0.01564537711362901,-0.016724540161364487,0.005780341244511877,-0.001772857497991387,-0.004652390581969423,0.0032752640111590736,0.009317967108822156,-0.007199918585505949,0.007968119921316186,0.0,-0.023423443238423602,-0.021872265382774647,0.0041984317323002784,-0.0026876876350475642,-0.030358778061595704,0.033402743254727474,-0.0005710428905849607,-0.007336035409240549,0.19183674263785333,-0.012515632978369107,0.007409428426803588,-0.0020551281578886638,0.04378437578231864,-0.010791356726084111,-0.050561750346008294,0.09677419032069978,-0.0031084304754597225,0.014970117371185365,0.004484331076754389,-0.0800000240928248,0.007305929232835684,-0.011694698890003852,-0.016689836505155098,0.03515859668064736,0.005653823365248334,0.010359155866480396,-0.029213061001952423,0.04501016671171776,0.012710672820557045,-0.021739204017921954,0.020661219695535804,-0.016657870685265475,0.022312323259004563,-0.09608209709553428,0.029642363930429294,-0.018144334479446078,0.013604152174685913,0.01767861402818638
2025-02-18,0.0295887741021974,0.0006097700679539297,-0.034513360503588775,-0.0035587323883337074,0.11755231936736665,0.008777205568019308,0.0043604262314216324,-0.006690673932457369,0.07288629595752627,0.0,-0.10832845942996161,-0.0011211018829935249,0.005082588695722201,0.003906246362021193,0.0,-0.015177770779191135,-0.005239628046077138,0.0067857089465777065,0.007807474390177038,-0.0012299098264735298,-0.003631935762645533,0.01763812101040152,0.005841368538788361,0.0,0.004930953916964853,0.01687684704319614,-0.02134144324798215,-0.03864730738456079,-0.00677194901437328,-0.016991724982438394,0.004132914416647981,0.002839897887447096,0.0399547738597128,0.04011553293071701,-0.04597703590624891,-0.0035523898199817383,-0.014759520956547867,-0.0010880791553912195,0.006898737047987824,0.006446401947475255,-0.011857696335581758,-0.017295683497170478,0.0,-0.016100205747977547,0.0022671836424450476,0.009881686223536024,0.004111295297794637,-0.00968734045210129,0.004189701537524293,-0.008877028355405714,-0.03767127761654587,-0.013941655074608095,0.016169975529494174,-0.014329828006057643,0.011440362146713401,-0.18363640525124292,0.029585769599628886,-0.011029388621895286,0.006022587865796902,0.14159285126879828,0.005022256530835989,-0.05034320273523407,0.0054397480570507195,0.013774266830970161,0.001414408952129076,-0.032108499980861294,0.012298027409600953,0.03007515905273217,0.05404305602474646,0.02076487424342255,-0.0005314982077990749,0.0014739783141806129,0.03319832160419445,0.0016394674426634115,-0.03749484042420015,0.011007903456798251,0.07893759264403943,0.002939917187344321,-0.05477458483728537,-0.013293010483157341
2025-02-19,-0.002273086366319066,-0.02193788017666165,0.0027498797506526618,0.007857118334088975,0.0,-0.0007000307374099846,-0.017366119856576212,-0.0022452688201939353,0.04619560728029248,0.008903967362217102,0.03396469561314186,-0.019079694635833366,-0.005056886620947054,-0.0038910469739347198,0.007142759557826395,-0.02298420147394753,-0.005156397934259815,0.004848047820633639,-0.01130303627689444,-0.013410029253393296,0.005467700401488473,-0.026281099619329784,0.010549997378276332,-0.004032366030911616,-0.010140643409782824,0.006612751093812319,-0.03738321574816339,0.005025120811725348,0.0386363801384757,-0.004910563740124774,-0.011853822864782315,0.009911528730814467,-0.019119206321714488,-0.029620459395013232,0.04819279790599551,-0.003565149022205949,0.006164685672510384,-0.0016339523043400472,-0.010277048046996362,0.012810224041740259,-0.03800001144409182,0.0,0.016605193970666843,-0.021818161010742188,0.00027807958353354145,0.002965248141121535,0.007874015748031482,0.031573870568818,-0.010051181185244507,-8.819331220011328e-05,0.012455546812597973,0.006426698271122078,-0.010005267084038039,-0.0012187637007138319,-0.005123731310786583,-0.05011133988911887,-0.0028735604621976663,0.057620833961381956,-0.012227778346191265,-0.052971558079630054,0.020544115659121065,-0.036144600462750365,0.0009017338813563924,-0.008994319842036136,-0.02542374755263821,0.018408462003609793,-0.05900732900066874,-0.004313177285970693,-0.02718977432980718,0.026787471885150405,0.0016362150092212868,0.0040756323207160605,0.04858937444732159,0.008728836848539645,0.0012685967625298833,0.00510384664391994,0.024616978850396487,-0.0012562114675020997,-0.03156481636348796,-0.030006109822868887
2025-02-20,-0.013506945821801564,-0.09096567936909417,-0.012797203331111007,-0.019135330308926224,-0.03458214174405805,-0.00490380317507455,0.013254808997573031,-0.005712339076333506,-0.05714280406265271,-0.0040732806462452364,0.03600756143849515,-0.02745992876467307,0.01778915449781593,0.0,0.0,0.01511920152919366,-0.012372435225617151,-0.01518013754601244,-0.019203408912857323,-0.011511819829273517,-0.00966766803351915,-0.02137946557919357,-0.003990722871480057,-0.017003928455710415,-0.004296135728087513,-0.004765944523086207,0.0,-0.019999980926513672,-0.03719914002369573,-0.0019738879151174338,-0.028323904531386224,-0.02138102333229508,-0.011608896116002687,-0.08330686091177453,0.0,-0.00536690471825918,-0.026079126614249826,-0.002182094160256276,-0.011299965086415065,-0.016600807840484233,0.008316000484173136,-0.01959999510446253,0.02722316012693038,0.04832709043012651,-0.004244509199203383,-0.015077638873126631,-0.004999995231628418,-0.037742974291927966,-0.009578543921305527,-0.016546793977871843,0.0,0.006385720462586786,-0.006128369871332251,-0.01011072629798948,-0.0776407075001001,0.018757309779701137,-0.04322769283304828,-0.011423547481964835,-0.028583671416579137,-0.012278329266664723,-0.04733390550384009,-0.029999971389770508,0.020720678768650025,-0.016317508642114342,-0.01159412500803858,-0.023912614567217605,0.002213231514500702,0.005331551022719649,0.005190623292896435,0.00039236034121614694,0.003920476204990031,0.00405908896653151,-0.05082218702012564,-0.0010816762077170416,0.11370955571646646,0.0561950246357974,-0.08333331731057947,-0.009224362454203328,0.0006934782358940517,-0.019334000584245947
2025-02-21,-0.055262265475875316,-0.022960934519767773,0.003703850459615632,-0.017341023733535632,0.02388057967280699,0.0034193544812490817,-0.010174443386192444,0.005396959970449311,-0.041322339018860954,0.0,-0.07560974390006048,-0.087058796602137,-0.012484477502968994,0.03515631039044953,0.019503627579682492,-0.01865792719872239,-0.04091191087028312,-0.029633107167953643,-0.03667101150524732,-0.0405499337260512,-0.030506380480703088,-0.058456992156548204,-0.0038786249369685555,-0.0032948972004657184,-0.039163572210239805,-0.03240002610585735,-0.03074434668253656,0.005102035851341613,-0.03409093002642438,0.0,-0.03755141697820241,0.012177655861705272,-0.030936578146551152,-0.10856743562433713,-0.03448279405745802,-0.005395481438436933,0.00019321274122385823,-0.016949163927299837,-0.03325787344361453,-0.015273391638466305,-0.030927855323080733,0.01999183497204382,0.01766791239675558,-0.023049581681065745,-0.02075474886732176,-0.014557901609952961,0.018530155457299413,-0.06439651294454962,-0.02205027800435999,-0.028266344731418536,-0.0808435911284825,-0.013959407603664542,-0.07718522228245328,-0.014968714914240344,-0.05278123265361634,-0.031070140060633467,-0.04216863533152282,-0.05511112554148456,-0.0321681740969858,-0.031767893578373174,-0.07195904573365008,-0.04381445136076789,0.0035304467892656177,-0.025814766873731188,-0.01906162438864123,0.02488428625346306,-0.044166449443320266,-0.019887317863853005,-0.06732868902450573,-0.01950981468713786,-0.0011390950939301758,-0.010331339324099909,-0.01496057359802605,-0.01894951260711253,-0.0473053590075847,-0.0753205480453466,0.13471404488855399,-0.02073643610582243,-0.043164048293666046,-0.06421498304582363
2025-02-24,-0.021826436005040195,-0.06173273289204961,-0.006457724379167584,-0.014705938038939936,-0.010204078773439873,-0.030169251990010415,-0.046989746600609617,0.01298701298701288,-0.011494241848790776,-0.01772329471587586,-0.13258576841113578,-0.09987114336452851,0.003792711759271983,-0.018867995824705996,-0.031304327991790726,-0.030464071699840556,0.0044716078889983635,-0.012929442758152221,-0.017469794389882054,-0.03056455321197038,-0.0006293222289223133,-0.01407708184316303,0.004633826522054463,-0.021902801457695298,-0.04766842942131633,0.017210656198158425,-0.035058358820373337,0.010152274434545472,-0.037647022920496376,-0.01997635766002992,-0.011223963230478362,0.0031847187494327134,-0.004822376013074781,-0.06770434345573861,0.023809572804273094,-0.0189872517448334,0.0005508286146274077,-0.010567565043696492,-0.0050058439736184734,-0.01632638227847616,-0.01702126105374524,0.009999924987731612,-0.010416739102864003,-0.0145191283520959,-0.011804261782660252,-0.007310437633383904,0.006783879698823547,0.019605769792307548,-0.003560132521492898,-0.017868663239768212,0.0038240881173183805,-0.0025740001255609712,-0.004689074783985836,-0.009296512827332681,-0.018018047832254136,-0.026128297510139897,-0.08805030362005617,-0.055503338069945896,-0.018835987978741864,-0.027104144224937565,-0.014153737216488826,-0.0053908303829838244,0.0,0.00030237794259035944,0.020926779526559525,0.01637491324270024,0.005776001081568616,-0.01927628341923815,0.07538332590593777,-0.019798037875012775,0.006312361012127177,0.016112627284630587,0.03916863053770703,0.02648988556196219,-0.012488157259163524,0.01733099151679096,-0.043611706825942065,-0.0025927685084559116,-0.00413866031623189,-0.06569781863875046
2025-02-25,-0.008746906006118937,-0.014205576103424322,-0.012070374629990721,0.011194072871252958,-0.048600880004342595,-0.0016536890328469056,0.016949173712444088,-0.008717920026208636,0.13081396517397703,0.021512845609180653,0.031939170226446434,-0.0529707022654099,0.04534001796920628,0.0076923006385032355,-0.010771985773025294,0.006386012445894762,-0.0069119489581354054,0.012973966688389904,0.002629043635144601,-0.024136281900326906,0.034004992521211586,0.012999462515176585,0.0037475745228479074,-0.06666668387770114,0.0032644234161811614,0.023012148218902295,-0.008650551716246624,0.005025120811725348,0.0024449270590736205,-0.016952593764541835,-0.004324354566969335,0.019753067315950057,0.002552119451060264,-0.06594323806673175,-0.02906980854295338,-0.02580668610987913,0.019370315126884474,-0.010680316096749798,-0.000642278576074351,0.02116175990189495,0.006493552067419417,-0.022178068740794532,-0.008771879924703185,-0.02025776430105375,-0.012599282323468963,0.02209258095021749,-0.02235838944774171,-0.012171370081519917,0.003572852349336353,0.000423094048469963,-0.03809520176478798,-0.003870994813980566,-0.004534504938057293,0.0027068069783178217,-0.006909056563893179,0.013414708891489546,-0.00689654492027858,-0.04083659332065914,-0.06369692804193838,-0.05278594200192033,-0.0536828771666118,-0.016260146842582146,0.0,-0.006345710936883742,-0.005856583122622827,-0.0007407486472977842,-0.024119545667515285,-0.022758615428003726,-0.010297038767597466,0.025808471179787462,-0.00024281070979426111,0.008933505249585583,-0.009230762991501273,0.011827966287949465,-0.014812682180561754,-0.0010221867155895126,-0.01857791743167847,0.006932426100047184,0.01672727906858773,0.06709618787985905
2025-02-26,0.007923689016364532,0.04816073227140483,0.006578819210400155,-0.010332128513066974,0.06501553560975704,0.0,0.006060600368335001,-0.0012071651577046927,-0.0334190516542725,0.002038056936168653,0.0029476759581861245,0.02494337783813627,-0.0036143810350923733,-0.007633580839735754,0.014519046661441992,-0.002639270080135203,0.12345174450518415,-0.00024618485960214986,0.013731690569436905,0.03493573126487903,-0.0018270275173019046,0.016829694443187382,-0.006350385388111168,0.030219749570223664,0.022776611409641045,0.013753902126127482,0.012216434804252607,-0.02499997615814209,0.05609756693252854,0.026483266932810334,-0.003619199318076194,0.013490120778514969,0.029451616795426183,0.06076857289323412,0.011976108173510136,-0.02270552310859042,-0.022440857452129648,-0.0028408109283151184,0.003748879190042853,0.004469655021338337,0.012903213236342914,-0.0036452368188666373,-0.031858460555313606,-0.010338402894939258,0.002415629969012789,0.0042030207758072535,0.015664100609532827,0.008490367356366768,0.00039557866337869285,0.007283848822975836,0.029702893636613048,-0.015544027049267939,0.016623360914516327,0.007828694034771821,0.03843525016939475,0.030084234341293925,-0.010416739102864003,0.06438215605949482,0.028466193432432174,0.035603717912586985,0.007255962739413757,-0.013774156792985215,0.02902374028386623,0.0038520744010206442,-0.007363747860246961,0.004262357820916662,0.015692512421942473,0.02364149868336418,0.00020012277555170321,0.004375441835100302,-0.027040111525261312,-0.00863308016015396,-0.006987592552067712,0.025504716685655238,-0.004858317993788774,0.019781818994125677,0.10428493365932323,0.0034422633250703605,0.028816673587123587,0.05364844824672654
2025-02-27,-0.02269073485912132,-0.0730824383147981,-0.0196078488009076,0.008202879314185063,-0.039244212645255794,-0.007039378284371844,-0.0256024216434092,-0.0037982978757035157,0.3430851605168941,0.0,-0.12196913220329819,-0.07079646079938018,-0.006046019208217679,-0.02307690191550993,0.003577815199532486,-0.013569076368602384,-0.022418250879901902,-0.0073910383080431075,-0.00714725911269809,-0.042867762493936645,0.003660867448444627,-0.04861906875913813,-0.0002569611939509109,-0.004444350571633171,-0.025804221490296597,-0.009467562252500894,-0.0603448913723883,0.010256400224333495,-0.0554271998491741,0.008799936992550439,0.005085339126647659,0.026962489286624258,-0.02654316606584506,-0.06823921430090485,-0.01775153229781612,0.0,-0.009942172881912348,-0.012535388165812344,-0.0008536934671435903,0.021844729979330513,-0.02760087333079153,0.014634132249801368,-0.043875645397374874,-0.09211769591192509,-0.027771247292265988,0.00837062469211447,-0.011104158420315202,-0.053696132186856205,0.07690785387160837,-0.02617215045770671,-0.028846081544659063,0.01184212548911101,-0.018737277313586653,-0.015446458544049912,-0.02339379254717533,-0.05607482153980292,-0.08070176377887939,-0.04000003486128745,-0.01529087942653129,-0.028400606217543034,0.015062158269842252,-0.04189940227528577,-0.017094001070560583,-0.0012117361291589246,-0.022255124707686536,-0.007012314574025624,-0.02394747615644932,0.04825920742794265,-0.004000815287541815,0.16653469988952052,-0.012730909119658906,0.028246050998290473,-0.007818616283040702,-0.04145067345973852,-0.022714416405253623,-0.0003345042485325411,-0.17999064308295554,-0.0038593900439771733,-0.02721491711823798,0.008104108006642186
2025-02-28,0.00420474477199928,0.004293469921924586,0.011428630914401383,0.017751461759777376,0.046898644585791294,-0.013865671534336488,0.004636817740524268,0.025129995559216356,0.15445538683389382,0.010169492642358557,-0.013389108783755543,-0.015873075943202752,0.0024330583251961357,0.0,-0.005347590110121869,0.00958908655156332,0.013802402611924558,0.02134531696992137,0.017002567000601987,0.02590512718858795,0.009726437039778268,0.02044152273262445,0.012463967336196813,-0.0062499932577312345,0.018867941503637242,0.012544915876054885,0.014678973090459513,0.010152274434545472,-0.012224985053662207,0.0005949646224883143,0.008673645480896885,-0.03456300798449474,0.013022468787680763,0.02667261405310617,-0.012048181523292234,-0.0029043102623284023,0.026328327383632555,0.011540514680913772,0.008544312451334024,0.014251851794593318,0.028384304935910265,0.0,0.021032530231977153,0.06171539466702547,0.01579147534639369,0.005484710110384539,0.047099134649169816,0.017793201933695935,0.05287308956995829,0.016958863624485065,-0.021782203833619507,-0.0039011976053473507,0.011445132063670815,0.011063764014178412,0.01743143368956046,0.05074255585191323,0.03435120477827258,0.024390192236403152,0.005658071656093444,0.0030769201425404624,0.0361289314836748,0.008746347173728575,0.005217427792756357,0.015266319676210838,0.015174459288972209,0.010778655380273117,0.018297526894641924,0.02696480430577841,-0.0012050888167849383,0.005771466523013746,0.019131817285303443,0.008794844749274056,-0.04334113837990439,-0.0005405457561167282,0.015670239783987183,0.018735348055285206,0.0019004616276752095,0.0012915334781717913,0.00990403508804727,0.03296790506121572
2025-03-03,-0.10285821034933684,-0.05907502855833946,0.020715672759795245,-0.01598839123323814,-0.013005835740934057,0.012474905938026248,-0.0030769201425405734,-0.020118383951107877,0.09948540845560694,-0.026174473395851328,-0.06361323175798572,-0.10161284790078584,0.00728157854719047,-0.003937004178520276,-0.0017921135252711995,-0.02142700384609808,0.009853263591957928,-0.017132589340932314,-0.03154915220843757,-0.04061458784897398,0.012040976877088605,-0.035908318003087136,0.010977871748362622,-0.008984806674815493,-0.0872507396579828,-0.00703749939294418,-0.07052447170454446,-0.005025120811725348,-0.07920790501592567,-0.02021000409885587,-0.013256858971967045,0.012048206218994162,-0.02605932954510448,-0.11889031107169312,-0.030487776068545913,-0.0019416401627039281,-0.001678373376566733,-0.018824825539454082,-0.008577730421767904,0.0070256809846211965,-0.07006367750177012,-0.014423063234973554,-0.0393258487165401,-0.02364529853577635,-0.021882471243727997,0.0066343158197395,-0.0753648734672746,-0.022812061031254105,-0.041848261116600116,-0.034200087377916355,0.004048579088026694,-0.039164454291609196,-0.03723024704280442,-0.012826265428071082,-0.04542943025196988,-0.06242635421194931,-0.11070108785733312,-0.07738094007219232,-0.014040972756110048,-0.009202445238506662,0.03486944630804478,-0.046242798863198153,0.0008649891734044957,-0.013642664864416676,-0.04932730441457023,0.006802731789381733,0.0015624632870991917,-0.005123274087651564,-0.045244319740824546,-0.04286919845389159,-0.01575417984040628,0.0007534139712102039,-0.033772759707200506,-0.00865330357344618,-0.013978852764891525,-0.013464614510999784,-0.03717759586090885,0.006448737118381009,-0.024871161892490834,-0.04433613261724223
2025-03-04,-0.014813302766212955,-0.01652208317458459,-0.023062784948217896,-0.01920238032602284,-0.008784740610687125,-0.03936517993212185,0.0030864168005624304,0.0031055953764500543,-0.07176287817427751,0.0006891844003700243,0.042572488102610606,-0.02692999833834664,-0.010843321484586776,-0.0513833507875211,0.010771985773025294,-0.009705891220320506,-0.0376121176377926,-0.022746770788518833,-0.017680571003025114,-0.005390770368098541,0.013087415799244662,-0.004862977445544536,-0.016319474017576496,-0.025385287293746117,0.01872811023418719,-0.015447860842332406,0.013618710793710243,-0.015151500555948827,-0.002688169458695655,-0.0050557031183923185,-0.02705159093924936,-0.042176863510454465,-0.029070470005916782,-0.03098454933241368,-0.006289302046118661,0.002918126195076143,-0.009533415906011644,-0.00930240697593021,-0.035462542852203516,-0.022480701878927922,-0.02283102785839375,-0.012195190452354177,0.003898631672583086,0.023208930318067145,-0.0030178064402743843,-0.04012890968230143,0.015141730009401666,-0.05956146169447962,-0.0227479523684202,-0.005950644792114046,-0.012096762564130281,-0.05706522672213532,0.004445500868963892,-0.010721427688089591,-0.05257064478277873,-0.01381911218432752,0.016597493953715015,0.02150543831568208,-0.027291294354045426,-0.05727552374213529,-0.06558379120640334,-0.033333302025842726,-0.0242004961414517,-0.031095384958703565,-0.02201275568445804,-0.015522301065473476,0.006240254081819829,-0.000965522355697801,-0.06718615538046258,0.022130119257031122,-0.008822393793806338,-0.011938057327127272,0.019607924487726525,0.019639909662793498,0.01642453150619283,-0.004993410030028511,0.007486230903873681,-0.02605721150164797,-0.05453597380265962,0.005840249126058739
2025-03-05,0.017919648724127102,-0.017219649584560903,-0.018885806272697647,0.0007530292984123665,0.0,0.0,-0.029230778033916716,0.02390779849055047,0.06386556749954764,0.0,0.07906167066171399,-0.00553509398266705,0.05115699761898029,0.04583328780200935,-0.00888098892450917,0.008867563042983972,0.014880604096983774,-0.02188494004487118,0.016510851023014972,0.011955980221386442,0.0035231695288486797,0.020990608432805535,-0.009603019081238284,0.020465188854716487,0.005361906793404314,0.009051988721757942,0.019193839520226685,0.0051282001121668586,0.0026954151914919677,0.053455328405080715,-0.0436648655705385,0.016335262582167998,0.020408117273868376,0.030943806103987948,0.031645538581142496,0.00872942204334759,0.010493219429904332,0.004694696899510076,0.0015502282897152941,0.0007931071217983643,0.0327102475754002,-0.010699524759816947,0.0,0.02366861567970302,0.013036074473745218,-0.001068129719786981,0.010472863259568532,0.05869385932408755,0.00931098683233289,0.022374865016246748,0.010204023045831345,-0.018732004808222458,0.018067149772219127,0.018736232246399087,0.01772179117147954,0.020382207158352372,0.0,0.0536841739026499,0.0033668689002366303,0.06403938533890985,0.010302700586244384,0.0094043795773191,0.025686444892195626,-0.007710761735362781,0.02733131338268957,-0.009831159290457192,-0.005426416677374202,-0.008054123473783203,0.06321966988442562,0.01914950090516543,-0.0008052713346075047,-0.005660218318435661,0.06856183860370613,0.021401815897658105,-0.021752632080197065,0.029106773947501052,0.052014076635881645,-0.015350752010433233,0.018861730174953184,0.05217537574830833
2025-03-06,-0.07567782279117286,-0.022649520852007776,-0.032723679246846604,0.0037622416010820725,-0.044313194043987814,0.0,-0.015847845568841445,0.010414963199993466,-0.028435992181377157,0.011019289094621243,-0.0821256402172289,-0.020408100074586488,-0.01969855600498749,-0.047808719527897,0.00716845410108502,-0.022378969994193976,-0.05682368383009284,-0.0014344987197413284,-0.03332181801636336,-0.045368632678702836,-0.030427055711128137,-0.017513265143943135,-0.025674168108478668,0.0018231520485312291,-0.05866670154389886,-0.014396099106657845,-0.007532949582686688,0.0,0.008064508376086854,-0.024310347357191175,-0.010341439596036617,0.016072643989656132,-0.03105263960988902,-0.04102049545838249,0.01226992698467555,-0.016346067655980234,-0.02016708477886131,-0.022196176730759354,-0.011388723117426558,-0.009112498232317856,-0.05882358017962741,-0.03286187904280369,-0.04466019705133162,-0.029865165337081168,-0.027509434003765376,0.004735039338923386,0.005025120811725348,-0.054782515436630486,-0.024354237569066628,-0.03676331176651382,0.024242498387905043,0.03671071983856167,-0.05949264889291539,-0.08303280956103742,-0.05788399050242499,-0.0037453444383406254,-0.0734694135730235,-0.05194804164585165,-0.03553820891795212,-0.058641992796668374,-0.03632891437759456,-0.01863352243678007,-0.005181301065430466,-0.019951669088341784,-0.006259776953767671,-0.014612328064640523,-0.02844879074455353,-0.07827222095162012,-0.03397745739937452,-0.021328862758734357,-0.001739193861249655,0.0003283938675200382,-0.05320812827959376,-0.0036667739417680645,-0.019059700478433528,-0.029908978718196977,-0.13921929312240566,0.006235939615781838,-0.04057694676422041,-0.06171305934561078
2025-03-07,0.008318762381273048,-0.0170529638253456,0.05870652942893595,0.0,0.02318395198501233,-0.00815208980270199,0.00644121765013117,0.013798802914416042,-0.08943092393594565,-0.00885564388054172,0.0315790019647364,0.0208332674822449,0.02364058498567867,0.016736384977954266,-0.012455507939925559,0.009878139081165749,-0.006206914948478026,-0.006268835655950711,0.004831518018847181,0.013366358283603663,0.017501322718352252,-0.0005536688642232557,0.013192006393499156,-0.021838102183361352,-0.013354914444874355,0.004767630967089653,0.005692639452927528,0.07142850191878303,0.05066668192545576,-0.01661058250930758,0.016955847587805772,-0.026478695315812817,-0.006348435404286423,0.0041731832753086895,0.006060600368335001,0.0,-0.06069428259453857,0.0011949830892676871,-0.003690833797405979,-0.013994351824953233,-0.014423063697193705,0.0,0.012195110131936637,0.0387289329833056,0.0073535736084588965,0.008057115683220095,0.02156245708465576,-0.03929523034148508,0.006240506991146866,-0.007224698407026442,0.0,-0.029745048137251873,-0.02323813296489885,-0.01268312778624614,0.003059343562784367,-0.007518789804026538,0.06167405554207672,0.027397254542902427,0.01302057106795873,0.00163938180953771,-0.013227463350959034,0.0,0.012152724312965324,-0.021000794408489565,-0.1779527005793028,0.03840307082798167,0.014841497541804083,-0.008456651804625404,-0.006155255741102428,0.005967320370847462,0.015892575383111174,-0.004158429249720208,-0.007438032387047211,0.026813827909462074,0.0042098082244614865,0.04758710756969031,0.020297961538198628,-0.0013280356824427741,-0.012003586517283171,-0.02253148768388724
2025-03-10,-0.07099436301058948,-0.1392348409476536,-0.03571443454883161,-0.011993991422936445,-0.04531719795527567,0.0,-0.014400024414062518,0.0075434419141648945,-0.01071427567880967,-0.02680410057064153,-0.08248301429846472,-0.1066790025061819,-0.028868410947759493,-0.032921876513111736,0.007207202476195773,-0.02981313457076129,-0.05197116148392156,-0.05690627108539481,-0.03301263827622636,-0.07230093996098019,0.012455489925329521,-0.05649712874895396,-0.01129060332796894,-0.01581393719587998,-0.08859720761959988,-0.0177292789676895,-0.03207548493887402,-0.04761900436850974,-0.14467009222926086,-0.004222730093384364,-0.027142331837530342,-0.03320376702372696,-0.031876787768695736,-0.08883112127130677,0.0,-0.016617805640835148,-0.0310066606674414,-0.030429742758850464,-0.05264934843931679,-0.002838594657313509,-0.019512176967531936,0.0,0.002007982330598068,0.04588905740782012,-0.03875634376407777,-0.023224272669913004,-0.0052003112905124604,-0.06346518678991653,-0.028566068105932874,-0.02363867861413893,-0.05917163324997621,-0.02189782444609789,-0.0374692012519211,-0.04003183346312367,-0.025670405512632444,-0.03156565626158225,-0.10788380962801458,-0.11692308444083022,-0.13014503894144147,-0.096563034320022,-0.08042890527750102,-0.0569620448949717,-0.02058317103421159,-0.02561019729986269,0.032567003485907575,0.023983961226770267,0.0011857619883435255,-0.10518831374109838,-0.03915064130960311,-0.02020283072726614,-0.04847957993043717,-0.003076909662602989,-0.0099916669276644,-0.0015361131215638757,-0.06331287247609452,-0.009276985260179171,-0.1301587624524636,-0.03324468873446751,-0.07505394156076084,-0.058644052279197556
2025-03-11,0.044870253046631614,0.020671814503596897,-0.005847883274300081,0.02124428880788698,-0.058544351801252614,0.05731502896341967,0.0,0.00016279518968165263,0.032490943967157904,-0.003531028070846043,-0.05189994639448792,0.02596053967072187,-0.02021403224133067,-0.0042553152634362545,-0.012522446302745793,0.011349944999637485,0.006467255025417007,0.0015329591089421335,0.010538768548803201,0.012462712286059219,-0.026361916017984877,0.034049544718245395,-0.034819605828875666,0.0028354406190977954,0.030603074986014667,0.016116976854749998,-0.005847993984229971,0.0,0.005934783389992537,-0.0032311295328734113,-0.008768406218275793,0.07489949485576863,-0.010693107481416497,0.05872284638167069,0.0,-0.015904537273274233,-0.004195146594677235,-0.0073845858410379606,-0.0004739411687585404,-0.013826901025192129,0.0,-0.0068817703132108,0.052104256674860405,0.010968998522502105,-0.002390435713714223,-0.008491477680358295,-0.023985260629333593,-0.020097979036170277,0.001547723605729523,0.010537694677220655,0.03144656099941878,0.016417930842668182,0.023370159755867537,0.01576759978222997,0.07590974088716718,0.014341607877474072,-0.013953585338433494,-0.01393725290735548,0.019023505916576866,0.04166667026598092,0.012390619034686745,0.04362411919136733,0.017513118032310926,0.018757804071040773,-0.007421145394761797,-0.04648669355442547,-0.0063167012444727,0.05242254483026709,0.033379392467289826,0.031587294597432924,-0.029189402587743385,-0.006944498173890312,0.005046211316686033,0.0025640267321087595,0.0363782288995782,0.020342194727748897,0.01897816600857727,-0.008253001748861677,0.02479749932683184,0.04195171008191356
2025-03-12,0.035562518120025643,0.03240503238726267,0.018627378528118133,-0.0074294488251348545,0.0016807064749924105,0.026015798023099723,0.0,-0.009113122316326328,-0.029720210785373347,0.0276399458731591,0.10068433360069773,0.002024241281143757,-0.026698921697261735,-0.021367501773620345,0.010869653353427378,-0.005133718889791972,0.006906040517526968,0.0141921471866151,0.012338336205011347,0.03796811635617203,-0.001805163863057957,0.05291246728171739,0.005949726316642812,-0.0018849174528950963,-0.014847168482604145,0.01884344947493033,-0.04313721456971287,-0.004999995231628418,0.03244834563181653,-0.006077780721839843,0.020305554633112344,-0.03161115916940993,-0.00410228641803867,0.034464157251807404,0.0,0.02222227948709854,-0.0036647411798389484,0.011159285462982949,0.01280377877171901,0.010721761280720665,0.03731345673610176,0.004764033916330845,-0.007619040352957573,0.04430377509290784,0.011280804135902489,-0.0010900234852564417,-0.018903603837316263,-0.047331035888448336,-0.0030905900327863334,0.011699491808345508,0.01016254331755384,-0.008810564358837869,0.009740018145858675,0.018280238449749353,0.03830771904404773,0.01799484096531212,0.04716988134401512,0.027090724817182554,0.004696525130834628,-0.036521745764690916,0.02735786623328318,0.054662405796868097,-0.022375235063896604,0.005292178063375452,0.03364488322982839,-0.04162758283639978,-0.03297570337511868,-0.006037730091023041,0.017598594926902855,0.006804406342128866,-0.017478635218863614,-0.010322929443722373,-0.0008368124868067817,-0.013810575093967326,0.01871321623185973,-0.012025322165953978,0.11270289602736816,0.042533393036706446,-0.005869734948008576,0.006048078370112453
2025-03-13,-0.05593952905542898,-0.05100534768562548,0.0028875060627802096,-0.01646701489580782,-0.026845618644229075,-0.01767865681118075,0.0,0.002791952460940328,-0.0756756868216133,0.000689659703078993,0.31616335644567783,-0.006060552348919224,-0.014962643542711707,0.013100424405900535,0.003584227050542399,-0.018960779987236998,-0.011808885007227099,-0.01646306126657182,-0.021909290619777533,-0.027225641898613984,0.016274874244875948,-0.01401928500492755,-0.012339323332834606,-0.019830007589846654,-0.014184383971608927,0.004581397819906963,-0.040983664223788296,-0.010050241623450806,-0.0771428516932896,0.05075419433783068,-0.0043349994227216415,-0.03755702714708109,-0.026721081921302292,-0.029672031337312554,0.012048181523292234,-0.011471457327687062,-0.0393278040534637,-0.014623194133447703,-0.00468217358073586,0.023663815824955803,-0.004796158407816775,0.0004308780629547204,-0.011516303712136078,-0.035497821700557375,-0.01799051737433066,-0.00904134787519384,-0.017341008951921144,-0.03532980390476337,-0.010656834538967819,-0.025139524437347016,-0.038229293441473966,-0.019259276213469345,-0.0333702363396885,-0.025273259113476776,-0.0616462193255366,-0.010101000370632551,-0.01351350045186761,-0.005733961010112365,-0.0590744442736596,-0.0072202097704795465,-0.042046357806289625,-0.17682924657474997,0.007922548882736136,-0.01469629531412131,0.032549662200956675,-0.016435139256530285,-0.005341095572999666,0.001898224630634049,-0.041155890007781415,-0.04857645388325371,-0.03364381330123534,0.014019739217790317,-0.009212731527260654,0.016597363882855154,-0.034347795071330456,0.007067198421887744,-0.07424890982333698,0.0008869866575784702,0.010965220936662412,0.011765674067869325
2025-03-14,0.11278884485099638,0.07751937831672895,0.03934737910266861,0.02359204397585213,0.0,0.021493260420130333,0.016233828562794095,0.019816558422187214,-0.009746625656812946,-0.024121320034646843,0.03508775090901506,0.15040645521200458,0.03797462502773685,-0.004310340840949611,0.014285704991901849,0.05504587155963292,0.015209151037052449,0.02329467535232599,0.032487677750427046,0.06438874971444442,0.026097392251905882,0.019577849409503578,0.009515266587540872,-0.019267899176161785,0.03462232309748625,0.019043882671745838,0.06837610756387047,0.005076137217272736,0.02476777809091235,-0.0069835839490913765,0.02592522075871795,-0.01823486501126148,0.026681878284371185,0.07296140852380217,-0.005952375461590109,0.012108977825248335,0.014933384820397855,0.020037589750881324,0.03457607321773137,0.0020055703976533668,0.004819272401665575,0.0017235353967732792,0.009708682130449064,-0.004488347324408615,0.024170473149543792,0.019506061476979752,0.02581696072974915,0.05393414250027795,0.03642766834368394,0.02093969555611075,0.03347276995590853,0.0,0.07322500700642953,0.022636041701599163,0.06445191151117724,0.10331625640020059,0.0639268780035025,0.02652817279609554,0.04396698199776594,0.018181800842285156,0.2165324844413361,0.02592590074316825,0.005240211407527617,0.02949694623348975,0.042031583213310464,-0.01293015840512246,0.016109088515345205,-0.009473285554453703,-0.010273990200408312,0.011276808736291555,0.018170648858295557,0.02389111763325924,0.03803888143976253,0.000510409195051631,-0.030110265248541324,0.028070108149251594,0.11682895194330256,0.011076534743353461,0.040882005277649514,0.03021819252833513
2025-03-17,-0.02179271323797216,-0.07290169927836354,0.000923397520156799,0.02676584501537116,0.022413750962649415,0.0,-0.022364271278590753,0.010920191106100985,-0.04330704596372359,0.009887002159295832,0.4009126178198086,0.022968218718302014,0.004878045551054644,0.05627710721260604,-0.0017604706219116473,0.018260834182518115,0.027168372171837873,0.00845147233656074,0.010200994601366142,0.009195004636429749,0.018497096910388144,-0.0008581148001521877,0.016520501125022458,0.05108059848166113,0.013472379959096115,0.018149547206852024,0.056000041961669966,-0.0353535615039251,-0.0060422904145789325,0.01562821640365475,0.01678238675393473,0.04383359219285077,0.022583029592434967,-0.004500007629394509,0.0,-0.0029910261865444543,0.014038873517204342,0.009821861047570213,0.009321292188651409,0.011208978428923988,-0.004796158407816775,0.0,0.0076923006385032355,0.07213707662106583,0.006483679566967826,0.004166015591509087,0.0031857401533657015,0.0033935116901548934,0.006424795244747594,-0.01116439246854839,0.0,0.009063435621868399,0.008732797673171255,0.00825032397484482,-0.016247800585202588,0.005780369125999885,0.012875524623216839,0.03707860306521593,0.03741589375329735,0.012500030866691603,-0.07035469039569786,0.0722021837764848,0.03040829025503955,-0.007568466839578791,-0.02016805354598772,-0.0004031129540283951,0.012601743533531051,0.006120881834276837,0.024682808131192502,0.01747294356918161,0.002388919616684637,0.02927513334132792,-0.0016285671399818291,0.0020395949498468458,0.013578661030031247,0.027924273721675164,-0.046699875171198224,0.0017529842282153485,0.011908861716724672,-0.007250596217336591
2025-03-18,0.020386661804892015,-0.0589756541204306,-0.025830326752196986,0.010137536958331417,-0.033726769496370324,-0.026477484935770845,0.066993518286939,-0.006513103136505216,-0.0699588772113936,0.006993121073417319,-0.07864125416738821,-0.1105353835409647,-0.0060679721405368925,0.02049178325562906,0.0,-0.016339283899314383,-0.026739177855238494,-0.006758593697394066,-0.01372472011669379,-0.023497438888705147,0.009080641747488682,-0.018252077431872293,-0.0021917159852458123,-0.020560820479350705,0.15694682226880263,-0.016564368982818545,-0.0681818407593342,-0.02617798596338672,-0.018237064886088117,-0.009424949501070312,-0.002466273110906969,-0.004982252494537098,-0.009429672047546966,-0.04369658154456735,-0.01197603679070025,0.006999822779966358,-0.02024848616238395,-0.006079018332789565,-0.006757441391253227,-0.006729978940541614,-0.002409693651091449,0.003440800253080356,-0.0057251401300709714,-0.03532380691055326,-0.017047340713834735,-0.007375530075826142,-0.007621459919421314,-0.034902623037923464,-0.013894064721934996,-0.014917738259935254,-0.010121495982936546,-0.002994009197675007,0.0033009391340048655,-0.0105777623817781,0.011644435419390087,0.02413793594838154,-0.004237284282951559,0.024918881175884033,-0.009804947310728784,-0.02292770946943079,-0.02652003490397914,-0.023569000864809175,-0.009274844844984087,0.008497782673756449,-0.01372211742974594,0.0014112827448009568,-0.025291092843173657,-0.016729986291747156,-0.016208857174362046,-0.0028476553256938653,-0.006121451944034906,-0.020780811848302494,-0.009787921071763184,0.0005090106057685784,0.013339400247639244,0.0006037825288272014,-0.09906377545893064,0.0017497420095435867,-0.01765310783639895,-0.02033361267889011
2025-03-19,0.06076211759623629,0.029136820436290956,0.032196875931029156,0.017921147198436405,-0.006980776739935801,-0.007238798173666683,0.022970844366125398,0.0281420228728122,-0.02876108738705574,0.006249837997913454,-0.008585862769921127,0.04854368842145895,0.0024420912476936785,0.04417666452792113,0.0017635753444951163,0.009897017744811443,0.027235976042540244,0.00843767034497045,0.02602929793560138,0.021607415046051015,-0.009561351432875287,0.048009581892816566,0.009664564922098107,-0.0019083951131096955,0.011119390270542429,0.012166903332201606,0.050813007342129124,0.03763437242173873,0.018575833568184263,-0.018252390935745266,0.04526430525934866,-0.02968526290714324,0.011501168357402003,0.05304612778193407,-0.006060600368335001,0.009930520757608585,0.006681129874131608,0.012232459857312028,0.024605922745409403,0.001992780799524807,0.009661826846140142,0.026575313488907293,0.02111326923397261,0.013949419676304586,0.013381325105778386,0.018420973885135083,0.01759997558593751,0.04331376683354238,0.01942118143323235,0.014106347155876442,0.02044987880632343,0.009009000623754648,0.026693172447148417,0.009278851788067755,0.04498475286012682,0.03703702910858109,0.04680856935251798,-0.09513737346987128,0.03161733465828909,0.02166062931143853,0.025913627767749414,0.006896544920278691,0.011914922835978947,0.017608187466236158,0.05739124279172092,0.01610638359790495,0.02141677862602953,0.010440778965293607,-0.0022883818552050794,0.045088696796289796,0.011989164429671684,-0.0011789990005738327,-0.007413524470777477,0.0005085520962084811,0.01186444494346195,0.05429859848678431,0.061623952905728974,0.022270722868839465,0.04193064729890783,0.07328025634351776
2025-03-20,-0.004271868363167508,0.016559903026805545,0.00825692421697144,-0.022535190079046807,0.0,-0.0234375,0.005988018395350014,0.00031098976854337934,0.03872439213307732,-0.006211020128309652,-0.16199686876109687,-0.03148149505400666,0.0048721035986998285,-0.01923075159625831,0.012323935757345472,-0.011748541390458778,-0.018756543881737198,-0.005263098739849981,-0.003794887042815387,-0.011216094615672856,-0.015900060263124294,-0.01554841116868777,-0.004284027947900504,-0.009560220243140738,0.029692061787186974,-0.008340829526824689,-0.019342341036144073,-0.0880828817123247,0.02431608651478423,0.004944633108254104,-0.009825344332654917,0.03206785352546304,-0.002868757111435194,0.0009975291034776124,0.030487848757137836,-0.012782623848493824,-0.009567910222784692,0.001208506533649789,-0.005201402372602026,0.0035799641471092603,0.0,-0.014613832735924981,-0.011278184369081234,0.027515020780341848,-0.0033894642457477087,-0.013527798007088365,0.014779912955324104,-0.005239814430328837,-0.0007471220553479929,-0.003017266841301769,-0.018036007991752867,0.0019345255729124045,-0.019227236758671218,-0.0003997293459511164,-0.013824922334016776,0.009740276495374678,0.00406503671064562,0.010513908561045504,-0.012854345226710806,-0.030035349978264292,0.025259073538319354,0.010273962536277104,0.0025231061484400907,-0.017091220018617848,-0.04276309013428092,0.02892807159453703,-0.012903234863097524,0.014160001956255108,-0.0013760908415939577,-0.0012421793605124076,-0.00529635440418863,-0.007940824914446698,-0.0049792915857805875,-0.0030501605108824714,-0.007035266977831189,-0.036051430440027565,-0.02139764671474942,0.0,-0.0006633229476843416,-0.005998911686673658
2025-03-21,-0.015015609908215155,-0.04308994075592942,0.010918980491063657,0.026657052053921104,-0.024604561404990455,0.0,-0.01041662157882628,0.013059763234929633,0.015350915030649892,0.0,0.01641328497827943,0.036328882701250675,-0.009696962591063452,0.06666669783249457,-0.01913051317530312,-0.007886804634056332,-0.021710871243547203,-0.0025777321785791507,-0.006066503918464861,0.007454177974913101,-0.004039327264050208,-0.013991934484412716,-0.0073612080470276675,0.0038610972945203326,0.011391943506085633,-0.021068757965839513,0.02366861567970302,0.05113638287856559,0.06528190981636528,0.009643756153529859,0.00937159414535782,-0.009285722460065537,0.017473001993316695,-0.011459867749556651,0.005917153919925866,0.0,0.015479078734230711,0.001206863620113241,0.0011124436548290983,0.031708260473042094,-0.021531023791095172,0.0,-0.007604645807912647,0.012552349338808444,0.0032966727739154322,-0.008983833200243985,-0.0173536214858121,0.011210181264066144,-0.008411229213821536,0.006463245885351521,0.05510203585134166,-0.006386417003136802,-0.0042537600200176495,0.011196668601917814,-0.008319987979399035,-0.023579878759679596,-0.008097158176053498,-0.02196524323276694,-0.014215852182318023,-0.010928951781599139,-0.02969049631446763,-0.04745766191227696,-0.02097315422817747,-0.0069122839875189745,-0.01718216033746478,-0.05199305737172133,0.004084910969514244,-0.00150946851046585,-0.01998168875260098,-0.0020727258057027242,0.019476865643276886,-0.00508375994400212,-0.005004124441001845,0.001019697445744816,-0.010796135496938697,-0.020480997210977403,-0.02721567662158564,-0.014950839488238832,0.008076151807311582,0.005558619443705393
2025-03-24,0.045139629177578966,0.036243920260463636,0.0,0.044912304794579194,0.05945945197100855,-0.03221328588129402,-0.055639079737282104,-0.01749550268527511,0.0,-0.017361291113429544,0.029904307448185286,0.1033210211986666,0.006119901207386702,-0.011029401130226768,0.01595753025228519,0.04027355223232032,0.010794796810212004,0.027747590106273368,0.03638186595708137,0.03755181390018092,0.00521445009512167,0.038916384928785464,0.012088797082894898,0.00480759037575762,0.055966214752821486,0.024306981365064262,0.12138730394895592,0.0,-0.06685237194282123,-0.005848013808043562,0.03895866334897491,0.05767845690956297,0.025587136375767372,0.08820564448290757,0.01176469433266436,0.017928388599272926,0.018454496650202268,0.011452702557684269,0.03633738142573728,-0.03227041553110921,-0.009779941408490589,-0.009322080824211487,0.0019157527363558025,0.021487542728154674,0.021944344136081595,0.02755575630304241,0.04005047286127317,0.0714571694651811,0.02601321560719594,0.03593082692897376,-0.01353968484107948,-0.04783261119945781,0.04736251667985303,0.017498730759915482,0.03275483742270091,0.012074710702204783,-0.004081628681073313,0.014184366375435964,0.037955716710315945,0.04419894208887176,0.06705710271398568,0.0035587155398177917,-0.010282766475969929,0.03208275079626666,0.024604443906176776,0.03148481299478001,0.028885402932714577,0.015873019305598257,0.007265089913142564,0.0437021264586126,0.011270448352069362,0.02207000114382862,-0.0201174215264186,-0.0015282878649206522,0.023988101204837076,0.028788052701438804,0.10282159895837428,0.01474424796181073,0.04905611782892816,0.05780620590376451
2025-03-25,-0.016859241792258728,-0.025437277596033314,0.02790287515809986,-0.0006716070282913877,0.020408086543088455,0.0,0.04140123301884602,0.012808493249320207,-0.047516255203240765,-0.012720726738516874,-0.058072011607136265,0.030100305646238334,0.0024330583251961357,-0.01486987397850048,0.005235598765408023,0.008877910997456828,0.01246940117105133,-0.012175677858410783,-0.0019174849230184643,0.010256469239011023,-0.011527413681599152,-0.03890726657071297,0.001639309884900575,0.0095694651193039,-0.03566665649414058,-0.012524281280303695,-0.0034364227382496226,-0.043243265883429416,-0.080597011526222,0.0,-0.012966494966297426,-0.011588280532367379,-0.021485540397952696,-0.005094979600469229,-0.005813947847045586,-0.010763275124989757,0.0045570634284326506,0.008343229300332045,-0.002466306061235768,0.007145793236654763,-0.0024691922002160194,0.00042772968328330663,-0.001912089645385362,-0.029935266653441817,0.005706564262312863,-0.017522314767535185,-0.04608855302793624,-0.016454745384416047,0.01524890706786386,0.012053587883713357,-0.007843129921765946,-0.05023543180113155,0.028492093021158293,0.025456692510635648,-0.01624748580632074,-0.003253870474688836,-0.03688530757266251,-0.031468493041655665,-0.003001095355530725,-0.019400376020153987,-0.01647319116011503,-0.01773047996451116,-0.0025973794351324964,-0.007797700838811372,0.012006926498280057,0.005710904323619426,-0.0035586924617635463,-0.006696369175854366,-0.014658005463590862,-0.002626921964040907,0.013681814751342891,0.006063181383596072,-0.017964081723844116,0.007653135518745469,-0.005828733387661433,0.011781833587385604,-0.03837815478655604,-0.026923195695387037,-0.014959647772414653,-0.019858183820169795
2025-03-26,0.002312118080091574,-0.03208266297822693,-0.00788086118621234,0.007392449988659067,-0.03499999118995378,-0.013997668038807642,-0.015290505384687236,-0.01573097934415446,-0.022675716120772793,0.0,-0.07459920688630495,-0.05600646083401917,-0.0072815186544594734,-0.01509441465361916,0.0034722200260570713,-0.021888097286400066,-0.019328219435957084,0.010583939512599061,-0.021476648591515213,-0.03491777036028787,0.00641394927493244,-0.020025929828204614,0.010120948296331589,-0.01327022368480446,-0.04424475192336952,0.007217691762384737,-0.031034534354554055,-0.045197697496120015,0.012987000923330161,0.005882414247789347,-0.04917451389530347,-0.04482755989863951,-0.010308570246901683,-0.05121044715605261,-0.011695895017748925,-0.00791292110138675,-0.0005482802629792616,-0.015957351822034838,-0.008491770577763957,-0.014190109862714073,-0.051980207952935675,-0.0158186411590181,-0.030651312996745395,-0.05004165464962773,-0.01840064756317239,0.009615372446450499,0.023521986649771787,-0.013054483642297998,-0.0032572655799082417,-0.022264360904062586,-0.007905130890387913,0.011570197126839377,-0.05029024497814494,-0.018476450262658983,-0.030316745010363078,-0.023938990576680363,-0.012765945790308875,-0.03971125407609566,-0.030434771841049035,-0.025179832360862853,0.03411898873430119,-0.03249094396715779,0.015624943085844833,-0.004779150618021255,0.02372877637093218,0.029763035799672544,0.0019840610462373842,-0.014232249335464076,0.012987085515337338,-0.01771890439840984,-0.00992174956161096,0.014273614379206156,0.033972169671054875,0.0,-0.010832565402964733,-0.014555881872697518,-0.07034947100855782,0.02239796010953743,-0.008921027342984056,-0.04364381156643926
2025-03-27,0.018838899146723653,0.004494377928932147,0.019417514607641406,0.0006671266867597225,-0.029360983239333227,0.005365634284618892,0.00931676121838998,0.010341643141106083,0.02320183432950995,0.00858975238518811,0.025316462934472872,0.03181426327757775,-0.02348110922385782,-0.007662828249186293,0.01038061629439091,-0.00455522044875889,0.01231824945507265,-0.00609828015456515,-0.017249970391354008,-0.02279242575341134,0.006952560834170507,-0.009778069573014414,0.009986297160264668,0.007685007634036678,0.007956644619831588,0.007083152210434429,-0.1334519600128763,0.0,0.019230828012472445,-0.005068203004619853,0.0005600966864769408,0.029963895337379753,-0.009999216981768866,-0.04808633869440582,-0.01775153229781612,-0.008973078559633474,0.009680069201343011,-0.005405433809174687,-0.014852645841882284,0.03918440424654679,0.0443864437807735,0.0,0.007905130890387913,0.04916588666045785,-0.005698036681830332,0.016129170895791356,-0.009006239399258598,-0.055733964481921805,0.0016339203866888585,0.0011435177345771042,-0.005976137434728135,0.00653594160147164,0.00024203149844637117,-0.0189207370765756,-0.03254784036159697,0.002229599051726705,0.021551704204748168,-0.02631582711598457,-0.028400537212954102,-0.016605193970666954,0.05518888062758198,-0.026119466387206858,0.0017094408623694601,-0.0028811463205967724,0.001655707178085608,0.012359832547850225,0.017425792719338862,-0.006079021628696002,-0.04125875046172067,-0.002762662940761218,0.010472710559004783,0.010528532607290808,-0.020219025635559107,-0.02025316103675512,-0.005870738305320922,-0.01122592717515103,-0.033955802248978206,0.01202739269812736,-0.028611210648057828,-0.06817455977250353
2025-03-28,-0.023018890956662763,-0.04642057956732415,-0.01038966326177504,-0.021333312988281228,-0.003558705776545823,-0.0054481152666626675,0.00461541689359235,-0.009925607491099497,-0.06575963081341285,-0.007807006990212861,-0.08057184516766291,-0.018333355585734012,-0.01017815493548857,0.11196919300463293,-0.003424566279086272,-0.007665092898632153,-0.029204001503507437,-0.022942470647585034,-0.016839053595433917,-0.028380422260241067,0.009206036292205955,-0.01131690993595813,-0.015060624374522713,-0.013346029760586742,-0.05956231448776672,-0.002097782207681642,-0.0041067723606769135,-0.005917224457964498,-0.07547169952781874,0.016653587143979465,-0.01866019774496508,-0.014721348271489632,-0.015255684506010003,-0.03195870845752813,-0.01807227228493835,-0.011066360343015558,-0.009683167188000885,-0.017512026471322217,-0.01980846665615421,-0.014236265877698884,-0.07749998569488525,0.03781878239275027,-0.01372543061434861,0.04602512129819747,-0.026327739554310003,-0.02569939434013313,0.04167978180553167,-0.044879579452576146,-0.016131945245367207,-0.04290822091507418,0.0,-0.0064935004616650804,-0.01996613671424574,-0.013677058223099503,-0.000602954920701837,-0.01668516377632978,-0.042194054625018906,-0.029601000089804708,-0.025325426986514077,-0.022514050145735043,-0.03411021834875927,-0.007662828249186293,-0.018771353414361425,-0.02461482564906914,-0.07272731660386955,0.002817354804097505,-0.010120694723995904,-0.0447247738195109,-0.0328228119076055,-0.04970262158042871,-0.026580362142440972,-0.01939348912177752,-0.00859846074903059,0.022739034328531416,-0.015388170923562039,-0.019121668339364573,-0.06126041499460411,-0.006791019573068602,-0.020849413765413716,-0.007264944223257186
2025-03-31,-0.012166807034956095,-0.012316662397039546,-0.033245894942575016,0.0027247929851148545,0.019642913380454985,0.0,-0.010719780920716349,-0.0004699056896173559,-0.024271822186955783,-0.005722429325359268,0.016254452446023082,-0.0016977508100767258,-0.0025706881504664603,0.05208328159319242,0.015463817037893568,-0.0025363295610019154,0.018648749586342772,-0.00040952717038511555,-0.0005804961073038184,-0.010240042935029336,-0.003990965750841791,-0.008192181165984302,0.0156233464813742,-0.037681119098535776,0.014879866868370728,-0.006347258138852396,-0.026804147834466163,-0.029761877307950435,-0.0510204396081696,-0.033532520707862945,0.004753755453025921,-0.02098897686863166,0.006303603973816907,-0.03407887505841123,-0.02453985396935121,-0.02441515609798839,0.017339704557432833,-0.005531619760511974,0.007746711831936981,0.005464448183498893,0.04336039158021898,-0.0004237937247461021,0.0,-0.17919998168945317,-4.264771653805788e-05,-0.009774923468263363,-0.029181744034973978,-0.01680194003663371,0.007921892314776358,-0.012764667384211892,-0.03206409914849684,0.01960782480441492,-0.02605260730961767,0.0058859136059339345,-0.00748063631435425,-0.015837142636447754,0.0,-0.025198918826769723,0.005281630045002483,-0.07485601989060753,-0.020011803725315525,-0.019305001534071664,0.000869585120159666,0.00438889965475342,0.04099815345046953,0.020977683299488126,-0.009830962359643869,0.023609450099706386,-0.008044235913621023,0.02880902576977129,0.019412553869742055,0.011782061596326887,0.003469179028086522,-0.027791783895976252,-0.0011533767440308207,0.0015230739976890284,-0.03985017085028475,0.0017093632122993085,-0.01566020004725821,-0.025312117113930444
2025-04-01,-0.00254156528322802,-0.007719778321691795,0.029864221893032283,0.05434783805858867,0.03152360883262273,-0.0011180412687257224,0.035603717912586985,-0.03040279579461469,-0.027363158113864694,-0.00287764703002924,-0.021557748063255278,0.08673465002018443,0.003865939140604624,-0.026402615333808388,0.006768185337107324,0.009939905729532628,0.0060623917757145485,0.010652706564548309,0.010892427634477952,0.008480303892762109,0.0017171010759249317,0.032473480537060784,0.003305775555805246,0.013052194321573785,-0.060902286315827836,0.00020733646443149567,0.012711953873680848,-0.02453985396935121,0.00716845204299954,0.00997011610991394,0.013247554143036355,-0.01235465650190326,0.0018049609641550557,0.014332978921168138,-0.04402518929722532,0.01564129015114779,0.00911428111466206,0.004326246494819941,-0.011586397173156682,-0.001552925663296012,0.018181863219567385,0.0,-0.01590465153206444,-0.06822610074555768,0.008061023451692906,-0.0010968442741733364,0.0074371819140086615,-0.012310008196212308,0.03637363757572398,0.010038913682617334,-0.004140782865927561,0.036858978767602135,0.032834737036871786,0.010314399450968015,0.007780201471287773,0.02413793594838154,-0.03083697525593232,0.0122449056760221,0.045232264450832727,-0.008298746976857507,-0.004804717400968772,-0.011811012535560939,-0.0017376591977370515,-0.007100713873465225,0.023972650113957883,0.03210419541125287,0.037331222571327594,-0.01524626234603732,0.0005068539844832465,0.015334702737388461,0.004772069978492999,-0.00041589639634453945,-0.0034571854328864227,0.04469856525867777,0.02476915157484405,-0.00030436186183468994,0.017827280290979575,0.010238847975887921,0.008355221524445122,0.021464537804320782
2025-04-02,0.036456303286224845,0.02633157140424247,0.010544870566362219,-0.01288664671652151,-0.013582374120705287,0.0,-0.002989533745209494,0.018587385578347826,0.05370838749835438,-0.0007213652162826323,-0.06823028137663123,0.16118939457424974,0.0,0.0,-0.0016805837686555414,0.02363243884544164,0.023089285263975468,0.008108162974012734,0.015588071726869934,0.011436238282906963,-0.007999828863257896,0.019068441196783636,0.0022509789956877135,0.008919612920311737,0.04283425598207313,-0.01049226979270057,-0.01046029048958308,-0.04402518929722532,0.03202852470483175,0.018163828422457673,0.022786652692268428,-0.002575411848354081,0.015897127507563447,0.029347876452318955,0.013157882353605599,0.004106919588680924,0.01119018733754551,0.0104616354321172,0.022880917944403834,0.012052968642744633,0.007653053777012531,0.0025434271020761123,0.014141449365382641,-0.014644386734071646,0.007298440559752262,0.0067451299463239245,0.023685035297392076,0.04648102551596289,0.008289195761582047,0.01998228846583383,-0.0020789505537704978,-0.018547123562662082,0.021173419028779117,0.021007159438014567,0.024246104936475943,0.01683508134381806,-0.004545450112051319,0.006720382409483916,0.007106489978693009,0.054393251178351365,0.07543758275564927,0.01593623984263237,0.001740683913149077,0.006051335709271299,0.0033444764339169986,-0.0170635767086168,0.01646240913557273,0.043668136488623555,0.04128675499024337,0.02035617081987029,0.003136263813379614,0.007073021733854823,-0.012142214532476436,-0.0004976147866248004,-0.004901752116941549,0.03163977922196626,0.03585105434513225,0.006334528164688713,0.030987552828795062,0.02438602308637372
2025-04-03,-0.11176247594623501,-0.07521865834091357,-0.019999983859772308,0.030026112748708478,-0.00688465624360024,-0.013430209595783338,-0.03148426323012199,-0.01745481245363667,-0.07766988886684734,0.010108157971049803,-0.051106033092281455,-0.08490567492764545,-0.03979454909530811,-0.10847455188824684,-0.011784591142617873,-0.09575719683189698,-0.11144157386564812,-0.09021446021851376,-0.06408272812534632,-0.06734283635005389,0.01670506885438039,-0.06420042311707641,-0.005988893596371003,-0.021610881686151773,-0.07639154815356197,-0.04136630971214006,-0.08456661601574023,-0.026315764707210976,-0.12413797299161544,-0.01337982335127319,-0.10591671685241488,-0.014754759014139252,-0.17063673566240556,-0.11985218552036425,-0.0064935004616650804,-0.027607353045836835,0.0020723418951427153,-0.05115714281377293,-0.14137747611834894,-0.051863109255378625,-0.10632913195538662,-0.06638464685601997,-0.02788841972460654,-0.05307855583337873,-0.053533494968965534,-0.05733875922333587,-0.03846150319251662,-0.15608803104437607,-0.06489416133107251,-0.08979129298487254,-0.03750006208816914,-0.0251968267425301,-0.08113468387235223,-0.032112334378288754,-0.08585561890371773,-0.05408396270396765,-0.0867580147288245,-0.09746324660464312,-0.08507832476954857,-0.17261902621904268,-0.0499438599858969,-0.07450982775426052,-0.04257165607074587,-0.08934829150522505,-0.008333320490794827,0.042040806422088295,-0.02335201989315483,-0.11259037233707592,-0.07759675003758093,-0.06073526518261618,-0.09245616900384979,-0.005577369523129705,-0.027216874398035995,-0.014435084203600068,-0.050956846840033876,-0.03538765413636902,-0.11941867438004872,-0.08308860171217614,-0.06947049499927338,-0.07175417918025417
2025-04-04,-0.04087719680101465,-0.05674650933244896,-0.059449929336180984,-0.034854258557791784,0.0,-0.04515030163313649,-0.06656344052622742,-0.03472218628488155,-0.14999998431456696,-0.013581080062367246,-0.08762051733766929,-0.09131073476322682,-0.06818188605425901,-0.07224336462086012,-0.045996564297509646,-0.06002715000505132,-0.052306894244981805,0.006482941465675296,-0.05947709307683624,-0.06382601588722825,-0.020963140671692915,-0.014364525025602592,-0.06306702284734012,-0.030120549523300122,-0.02244384954966827,-0.004328237015721825,0.0,-0.060810832580220575,0.007874008357040552,-0.034001658052075556,-0.10294119709503313,-0.04530135252516976,-0.06293498745004589,-0.052189554983643416,-0.01960782480441492,-0.05888554878886654,-0.052322474869712865,-0.08600767074899596,-0.049794476257372655,-0.057131305806984334,-0.06515581329677311,-0.026268164419313567,-0.028688594270410817,-0.12219732547813611,-0.062108900928613764,0.006776816836467692,-0.019999980926513672,-0.04250375880371393,-0.06135426179327308,-0.041533565999713695,-0.030303002154437042,-0.0549273262431218,-0.08856035934453377,-0.047978562818178805,-0.053723339999797504,-0.05834305925377936,-0.029999971389770508,-0.0754438098974598,-0.08402299458988682,-0.05515587886461071,-0.07028953124498705,-0.03389827426361236,-0.06533577469332708,-0.0076857589580416885,-0.038655483904529,-0.02134743070256917,-0.01696880994637484,-0.07715384667582159,-0.04957798903475685,-0.09275426038821821,-0.07288735286484349,-0.08776482192954904,-0.02436819107521171,-0.07929290657703403,-0.010977202853567847,-0.0782635738595111,-0.10081015100843971,-0.032952119600186514,-0.0507571398073966,-0.04547108077146256
2025-04-07,0.01243066332463627,0.039438512772956624,-0.05566034367715156,0.017728198678857332,-0.14038122028535394,-0.004395855423232842,-0.036484288453416336,-0.007026969724374887,-0.532507745651223,-0.005797139423302067,-0.00881060600077066,0.05186380727185158,-0.010042984030173452,-0.01639342660450327,-0.06607147852567052,-0.037158888798905054,0.041274286466658205,0.005123754270365044,-0.0017676961677562941,0.00133313997512019,-0.046875080947301195,-0.0060626757741188975,-0.0171600474457565,-0.04140792856441544,-0.018282325544506706,-0.018266481500019638,-0.013856799962293498,-0.007194237817389371,0.01562498544808455,0.005900327431979768,-0.06807827842496772,-0.021568597531786193,0.0,0.051265848723956564,-0.039999961853027344,-0.03351948898749313,-0.009110897962496312,-0.02668550734484254,-0.02323073050842439,0.009883863684588157,-0.012121200736670112,0.0,-0.010548463356974014,-0.026819928504874913,0.002413208650886345,-0.006402835463039658,0.026466772965669128,0.019074082256702818,-0.00956555478910226,0.024912248577988017,0.024553601126357405,0.02222224214704216,0.0195909265013674,0.001878133473014465,-0.003948172881983347,0.004956624952375366,-0.020618597877583134,-0.020799995934398963,-0.01225357068506494,0.027918815207329084,-0.019059678864204455,-0.061403450983492314,-0.011650474110381559,0.022267828196518735,0.005244832293839208,-0.010005971068345332,-0.007453899026479194,-0.014863055827552318,-0.01692565468522922,0.020768312811205725,-0.03673424992218577,-0.03233523748238154,-0.02590198594053783,0.008776719028351199,-0.024430045885929785,0.012271968331292182,0.06206208384938994,-0.0019109503558185637,-0.00735390680043102,0.039443592089940305
2025-04-08,0.019951761351337804,-0.03086819871530566,-0.05294708711390195,-0.016129032258064502,0.008064485657242715,0.03448683906799177,0.024096362799380433,-0.030497011038390864,-0.20529797664729477,0.005102003585819803,-0.0684444851345486,0.020030834980834022,-0.018840571142311413,-0.05416671219799074,-0.04985337739508133,-0.017076503444171443,-0.035248756519311475,0.0032042311041340366,-0.01126937097119296,-0.02453407845469069,-0.006071541272416492,0.002697950631393775,-0.015859455071074446,-0.04211669818586217,-0.03854479791108567,-0.04334009201385858,-0.04215452673130138,-0.007246369925949403,0.026923143934218574,0.005056647843561857,0.026875115219141543,-0.03807618171902327,-0.04452106117709853,-0.03672489993597006,0.006944437545759019,0.025433378312090804,0.0006826734742091389,0.0036076450071440558,-0.01783739721030686,-0.00936162322294154,-0.04907978107323607,0.0,-0.014925409553803393,-0.11023617957562493,-0.01800850757954109,0.00380043836443944,-0.024231090791339338,-0.0445805497954298,-0.03420524621414334,-0.026246667744515673,-0.0740741048551371,-0.0033444784051376297,-0.011050164020166786,-0.019475059181045418,-0.018589400523170374,-0.00863128209464048,0.0,-0.037581741747975905,0.018920274560744632,-0.1111111765208691,-0.02072544645015162,-0.037383251496717174,-0.015717076877764025,-0.008997175422015058,-0.013913105741888865,-0.007883591525042366,-0.012648306250879093,-0.013672749679230933,-0.02286201993548065,-0.014242113740214224,-0.04981826446171411,0.01682551289703449,0.0009496589296535962,-0.046764359879344575,-0.007728829517902436,0.02981654566256653,0.008168401806630143,-0.006701699684081963,-0.0028879423568775042,0.043354751815652515
2025-04-09,0.13198622805739335,0.10019908821898937,0.0664557168558979,-0.007868844954693865,-0.026000046709260483,0.0042680719753480645,0.03529412518971298,0.054049366716508285,0.06666660043928618,-0.0065264412114195425,0.15267179879363835,0.12537763414718817,0.0679468092851705,0.12334800605394136,0.03703704091609139,0.15538569533530633,0.13449614017637335,0.038327396593717866,0.09020586628730554,0.11152268780249641,0.03420892497954231,0.09265327209354068,0.06478536518699096,0.05975203219363401,0.12207202663689598,0.1033708361193213,0.09290944338066098,0.0,0.08988764145275674,0.02535716672715216,0.11801101696945837,0.07791670163472486,0.14156603885353425,0.17562496662139893,0.04137926952167148,0.08117260383515545,0.0621073776898482,0.09992806258408904,0.08630162521745399,0.009020481198448227,0.10322586500185893,0.06976742709575423,0.015151552682972858,0.057522102421383225,0.12003081070898869,0.03588473301949757,0.06367398948474623,0.26144256288951184,0.11145830154418945,0.11977031526306248,0.0023529950310201553,0.046979820667626404,0.12248243816584803,0.09155597426961415,0.13440102348642058,0.09577120166878772,0.07894735686336518,0.13073007596848019,0.16120248958686223,0.1916666876386719,0.08465607117593499,0.1116504977971744,0.06187623325692515,0.04372236796000428,0.045855394175165376,0.026283617488679134,0.048839204907992206,0.12045891245570672,0.10687466427192116,0.09653813123038946,0.15328858759749742,0.0585513225549521,0.021821624851128263,-0.03023406043544663,0.06306082053483997,0.09004130688405287,0.15643504000914854,0.040481874072887614,0.1370104111783259,0.18185009764793736
2025-04-10,-0.045955149562428965,0.09047044673717419,-0.01978236057888949,0.023793764306296428,0.05133466031672351,-0.012290447824486184,-0.0064935004616650804,-0.04863974754692646,-0.05468744906829559,0.019708088287410996,-0.08278145747646726,-0.22147646453336334,-0.016597471913055606,-0.07450982775426052,-0.023809526214141674,-0.05184647781780771,-0.07947986418500808,-0.04376395548870449,-0.02680889775661288,-0.039115933854107277,0.020082551050010666,-0.037045046018004624,-0.008415608898143412,0.02978731243885946,-0.05740667659314913,-0.03733048069754863,-0.04026841986292473,-0.029197052345843022,0.0,-0.01216869190102976,-0.0857629804222989,-0.051410896040213094,-0.08368547728486075,-0.07177035724610492,-0.013245020564786825,-0.020854907132241696,-0.0009117798909933361,-0.03071902491284173,-0.07763103483793188,-0.0408683452752544,-0.008771921263311722,0.03913049486756681,-0.010661021348578825,0.027893975890794342,-0.04253217707320933,-0.037502052401048314,-0.0380125849615065,-0.11407597941797731,-0.04536079171809537,-0.05170070417193329,-0.14319251191085425,-0.014423025489086694,-0.04013442671863088,-0.019655509477947364,-0.04088390824343702,-0.013620979967969071,0.0,-0.07657652857630948,-0.037546899523002164,-0.13986011887361505,0.002439214880279428,-0.004366808135300104,-0.006579008105245476,-0.05688456328876457,-0.042158532350845324,0.023029518760022682,-0.016412288631629357,-0.05716724070210277,-0.05793322647137111,-0.055184767108905075,-0.042393837760135056,-0.009838232322394114,0.001856993256232009,0.0,-0.02051577161443141,-0.00875656094512367,-0.003503127619970181,-0.03612786945450197,-0.06224391061685708,-0.015758530710057173
2025-04-11,0.023686277606535633,-0.008296439113011145,0.07366306991491878,0.010974827553640099,-0.046874922274647624,0.015583261055761577,-0.0163398540036791,0.04367418413245949,-0.00826445466776271,-0.01932718639165687,0.012635410134184122,0.06206890428250733,0.02531639604182745,0.0,-0.01422764374837504,0.00653386693278879,0.01590856370672622,0.0027782519922698867,0.016574378274619272,0.010587828983175562,0.004632395976373882,0.018790255684746127,0.02508477369506279,-0.01859502198106011,0.025979583570871823,-0.01219246693394549,0.03962705776354247,0.037593947896937596,-0.02061861836027834,-0.001986984235712974,0.015595949672278842,-0.006520038663059058,0.009267168238656032,0.03092788910897326,0.03355701476259032,-0.012372253577370818,-0.0009333589594441305,0.017858359277175717,0.013910577905419386,-0.014203359691027262,0.050147443249171086,-0.008368258530030759,0.004310340840949722,0.04206240808591599,0.018423095994987593,0.001485970277258275,-0.0031113402619821207,0.04541830237643185,0.018653068078676283,0.020141230945248445,0.0273972334300725,0.014634093391075798,0.007266042063217348,0.009826281526248426,0.01318482774044627,0.021864274249969062,0.004878044241882984,0.027642257658972547,0.042845941893974615,0.005420048947527345,0.009732181080334357,0.008771921569070251,-0.005676392400632002,0.0049757630929871954,0.015845131665912948,0.024839996233747996,0.0019402513365496254,0.017194531864588525,-0.012188328124844827,0.018201574378958307,0.04059456540372364,0.01711189435891436,0.026876774644216006,-0.0029412049778712035,0.004787444570236055,0.033568924779703524,0.0029745973962473915,-0.003363826592900576,0.019369309378938215,0.0353447061879395
2025-04-14,0.029943630301171975,0.13943111865303948,0.07894728425757624,-0.004469967784564655,0.014344159382787325,-0.00045810856604378003,0.039867150949456365,0.01942873040897708,-0.016666749450892193,0.0,0.08645269966748037,-0.0324675023083254,0.0219478233598569,0.021186522439583966,0.05567010893538393,0.02483142677805472,-0.0018842969306929191,0.027850708516785616,0.008076790660625166,0.01065752569176337,0.01786742670990682,0.01604284630713715,0.0067436599175856315,0.0,0.012868387877908782,0.02432933907311008,0.00448430061781413,-0.028985479703797723,-0.024561380907071495,-0.007366077100889545,0.036901227846362517,-0.006562750324847766,0.02807843223254003,0.010000016954210045,0.025974079255291826,0.017429001441459757,0.01651434400566587,0.017344867238374695,0.031041973658225253,0.05357950253220367,0.0,0.0021096164611957846,-0.006437711148821523,0.05989590172733639,0.006778241955879949,-0.0021430743989027112,-0.014669201225751216,0.0013720117283335664,0.004818812545353657,-0.014875318183769082,0.002666664123535112,-0.006410250532086104,0.006820075078162624,-0.001572597169985035,0.005306357054307709,0.004504500150622537,0.009708728874782357,0.03481013130382471,0.009571044706272458,-0.0026954151914918567,0.012048205352648722,0.06956525615122544,0.0,0.024755360772006574,0.006932313558753789,-0.0043552576831833445,-0.0007746126019380073,0.011565846716025785,0.016825532156154344,-0.004891521045992109,0.02205403629468683,0.008032188377565586,0.0018050376343849983,0.038348108199188324,0.0036331389341581755,0.011396039147747006,-0.05203559712148231,0.03037623967773384,-0.014019222786458951,-0.013567734043607005
2025-04-15,0.0152916280899984,-0.005873756115558959,0.0078396718041287,0.01090443070109437,0.006060729617483718,-0.006758953789296807,-0.003194961187284906,-0.0017918327324517591,-0.06779654852722472,0.0,-0.08121409394560741,-0.038590606980095865,0.08322148490947434,0.008298746976857396,0.03320322771684081,0.010700482667935551,-0.010090508727290226,0.014753882949473551,7.485143021157548e-05,0.006434316134517282,0.017553670521872844,-0.006122399898679576,-0.01160631483786878,0.005263152316645536,-0.02499994723523169,-0.0038280828627457186,0.006696475375139288,0.04477607558580465,0.03237407017825222,-0.005415180012015908,0.01812554519012144,0.00949634418272427,-0.015791532962163624,0.0038503681875237117,0.031645538581142496,0.027837375480481485,-0.002450788094843559,-0.001967207293698481,0.01895166586401653,-0.014529935080548229,0.10955059302604209,0.02947385066785957,0.0021597736063738715,0.05159705879355059,0.0011146589026600484,0.040310512472691906,-0.007285383099767229,0.019942114627903074,0.0017264559897147702,-0.013891933050343641,-0.029255291323091903,0.03709677841115089,0.006383089528632313,0.01968891478586854,0.009425662974443583,0.007847499352634735,0.0192307515962582,0.021406682344041972,0.002543350451073234,-0.03783786570268233,0.0238096630257687,-0.024390220263873164,0.01427208518207923,0.030167372758828526,0.02753876857597226,0.013503185989402144,0.005038847613991315,0.010554079750826784,-0.029784833600393745,0.004468727115337634,-0.001876462947934865,-0.0044148126411514,0.006306340044738734,0.0028409366375279355,-0.009969803306915992,0.022816840015695394,0.015358387880285873,0.019653601491731898,0.004465392357533959,0.04266807997307276
2025-04-16,-0.03402748341195383,0.050713969164435824,0.03370795128974313,0.002538068608636479,-0.01807236588804395,0.0,0.05608980678007436,-0.04014358899275561,-0.10909091106131052,0.0,-0.07142858967489152,-0.09598607136196757,-0.016108979410206392,-0.02057611149904548,0.001890359168241984,-0.01983577514181345,-0.00249904569849857,0.008947238128919066,-0.015723231572762564,-0.021665823158730557,0.011129810120018346,-0.008321564092651612,-0.013151728062217982,0.023036624927385896,-0.01849518777321424,-0.006550148401907818,-0.05321512988366861,-0.007142850452539706,0.00348440044620002,-0.0022181732007405808,-0.009118583828052751,-0.013087999680470364,-0.014685923872482798,-0.003835599716395577,-0.012269926984675661,-0.01770817985400841,-0.009386620632511056,-0.01773982981297162,0.001187159752826128,0.0047701246178966095,-0.025316491606066638,0.002044904149105742,-0.023706823241906982,0.005841032080555086,-0.030153494510315126,-0.006669838578095,-0.03765157305139144,-0.00014928561538007923,-0.017426270129065613,-0.029288905919567454,-0.01917812872120772,0.0077760796375918595,-0.022328632909824786,-0.004634131574128619,-0.009337649437868856,-0.030033316013730382,-0.01886790755296608,-0.03443110324642973,-0.08954611182228323,-0.036516819694339286,0.01395356806190029,-0.04583338714307994,-0.016885582340742666,0.000571957660639999,-0.026800710024924235,0.000938319213620753,-0.0023139794852959916,-0.03829413308512897,0.003979516442125686,-0.020464489383318574,-0.03893340381118693,-0.0008652588345972045,0.0017904031125510755,0.04419283958237741,-0.010549554543618167,-0.011016276153115512,-0.025770363136732533,0.004130394816671101,0.002690637792545303,-0.003971613890735859
2025-04-17,0.0067372178822138196,0.02061858157973151,0.03595313126436084,0.008227855245036553,-0.004089964477775543,0.0,-0.03945375157233255,-0.0005100098512839102,-0.09183676696627929,0.018248153690380686,-0.0076923006385033466,-0.009652454740281646,0.028967278825952736,0.02100838231599389,0.01698103603594947,0.015395189289881372,0.003098636889492523,0.009699421889261428,0.0048683965591593825,-0.0023597633990066758,-0.0016511735246094172,-0.009917321096599152,-0.0029237437295792645,0.03787109780375775,0.027408966988982764,0.013186810737948917,0.07728335484311888,0.057553988301194625,-0.010416739102864003,0.009296704070471895,-0.0008764442607862577,0.00745960677315094,0.008764910432684792,0.012651239734624564,-0.01863352243678007,0.020148362602879333,0.027641427180198797,0.000668939398239754,0.02015809477474728,0.01985329766255961,0.010389662665569288,0.0,0.0022074506802507443,0.0708479250493923,-0.00018003120862719602,0.02462020530101383,0.012931014311059474,-0.010299967667037224,-0.007211123303041522,-0.009866352335440198,0.0,-0.006172833601124972,-0.008738197317378349,-0.007468444757151804,0.015458129466520587,0.010321118099983373,-0.0096153757981291,0.0031007686326771644,0.0102596917464306,0.06997084689961675,-0.01720201458289783,-0.00873361627060032,0.01431303232410075,0.01817769957861115,0.01893301333528119,0.012748340704985761,-0.023192940717870703,-0.01583712106010604,-0.013590021132040553,-0.017258600686115955,0.013949748781774352,0.0020567487232656667,-0.010723854031201241,-0.07759108724632202,-0.014115274884721862,0.015316092793255631,-0.05002869249107855,0.009597793990333336,-0.0038502139141251,-0.0012104682853180115
2025-04-21,-0.0414913613881589,-0.07438020147661006,-0.06376112150568769,-0.010671693222674361,-0.03490761637944306,0.0,0.006319109373639442,-0.02551454289234123,-0.04494377808534078,-0.023655791854115926,-0.04651158492543972,-0.09161798373176655,-0.0024480341072384837,-0.053497988012157216,-0.033395084970120004,-0.018707664488376796,-0.019125787184060772,-0.005763919012035101,-0.031642727450707175,-0.03602620087336239,-0.019294242896264135,-0.04490922215678195,-0.02874392278979354,-0.037475304235632056,-0.03126302655921376,-0.031366603732254195,-0.06521733046028577,-0.03401365343703078,-0.01403507480404087,0.0,-0.04583333821324598,-0.00946110848577153,-0.020641259489128982,-0.04834325893672098,-0.037974721746286244,-0.018711002041462255,-0.0369330572716845,-0.02139033280161451,-0.014852115422789747,0.004655142360834974,0.030848360087799342,0.05306123586003797,-0.02202641089709456,0.00867678106172498,-0.0247467833712518,-0.004992796926688747,-0.006873947290247484,-0.015082955565165479,-0.023753418081920108,-0.030647084568839134,-0.06424581675280816,-0.026397527140289867,-0.04467745556288005,-0.020228668599476363,-0.04702973896329754,-0.02951194284882319,-0.02912618662434696,-0.029366282435029478,-0.03767564386784683,-0.021798408845108197,-0.05950984298820672,-0.013215846538256693,-0.029162786103413274,-0.026386731611800496,-0.0016892686187834904,-0.007034400216504477,-0.04075977641316908,-0.03448275862068961,-0.06630313901188178,-0.04658466458892996,-0.019392820281730838,-0.030031314556138056,-0.016260106755177528,-0.028823462623273288,-0.010630494097143117,-0.05074046538601429,-0.10169493090941506,-0.034857476907179996,-0.022604829787559177,-0.062023217247097806
2025-04-22,0.05665270480902196,0.04811504566945768,0.0508621252911865,0.018400952028367223,0.03404263237639871,0.019838405639058143,0.07849293704596616,0.016058616761096323,-0.17647062535929325,0.010278925490814661,0.008130073421291018,0.026824035213095065,0.03435586857738637,0.04347832396711104,-0.005758255088189501,0.010840480672310804,0.01896275614372267,0.04126999031270828,0.02712632558819794,0.023216344045819737,0.007307424295049936,0.018670195517624277,0.028225339986183373,0.07581958609369055,-0.014199652622895798,0.03959331725687476,0.04418594696639544,0.014084577986089863,0.007117431079635805,0.018622346458382566,0.053091277003055826,0.01993353587031299,0.023192946749403864,0.05136983989811794,0.03289478431117887,0.01800842755498211,0.02240620025933948,0.024590020263326684,0.038411070794091895,0.05096888801862187,0.0049875261309126895,-0.0019379790765375882,0.03153150105435776,0.13763437706661485,0.026252138108081358,0.037164727657356345,0.00823994722289667,0.02557424335220393,0.026744456933386784,0.03502262189247651,0.008955286764893211,-0.025518317049255557,0.0457882063056505,0.001795335142036114,0.02831169227501018,0.005847975394087879,0.039999961853027344,0.014331140098718942,0.02586162244053214,0.022284168255515047,0.06947876898713012,0.08035717231734663,0.023255884873024435,0.04232505931453412,-0.011844395455919532,0.016405679615784985,0.026402659223903724,0.0147618793305897,0.05594834808240212,0.02026177632632442,0.034065056008802275,0.03519318410173211,0.026629972055427276,0.06299201933485477,0.010185723300752292,0.015313532657263096,0.052560628365975415,0.021576153771389217,0.02612343181423804,0.017861143983488814
2025-04-23,0.026618837359229985,0.053005247691300106,-0.0385562786794621,-0.0018690829110823426,-0.008230421750034966,0.03166710997221611,0.010189253686673228,0.003435848927762608,0.08571429057997104,0.022529005852208073,0.048387050256521125,0.04493211273646547,-0.014234842234674971,0.07083326296674164,-0.011583012721209096,0.05978426470411202,0.03853478706730651,-0.0023859355162880735,0.008067596146250855,0.030068240302420612,-0.016741067120267572,0.020024850481266343,0.002219222719043623,-0.028571398434556583,0.04015714021918115,-0.003791372535421833,0.006681561545130776,0.0,0.021201478026736664,0.007470023123025582,0.055870829121375865,0.015472356530063625,0.03204224857870619,0.008143301732301156,0.0063694204644377805,0.01768986097515346,-0.0034619021240381853,0.015333378728049407,0.06602695727507557,0.01042074584642938,0.10421825746673119,-0.01864075475996041,0.006550264259409522,0.0,0.022678128151089494,0.010281125536191427,-0.00719187029281132,0.015827945935083187,0.011555035971787309,0.042845673527805994,0.041420077439480396,0.03927983074856645,0.02767379158249339,0.027678203023926207,0.02172267256976368,0.02906976615241441,0.04326930571590215,0.04552592554041368,0.026860592763757296,0.05722071765160175,0.023201880514907236,0.0,0.00757575004991895,-0.0011064513069797277,0.0017124095316269905,0.0011005509707395777,0.0012058566448516217,0.03097136855713778,0.054730746772277294,0.027080801060791915,0.02433156707055595,-0.004733672151239765,-0.001788983067370964,-0.0005696943400415044,0.009837136958804393,0.022765913531421322,0.10083225485303915,0.004132199893274624,0.015882291883377198,0.04599763848815397
2025-04-24,0.029790343877625025,0.031011259957645754,-0.0025597403253289075,0.02247182850912255,0.0,0.0,0.014409208041508137,0.014381101776789418,0.11842109803677991,-0.012082455965822692,0.09423082037085084,0.056000041961669966,-0.00962704956543814,0.031128468561355316,0.007812500776686937,0.013143412653303432,0.029760098936242096,0.01023105586978712,0.016685550322191656,0.03259309969292712,-0.006810625647567736,0.047471093752450066,0.0034408039754387776,0.015686158767092007,0.05203524024708939,-0.0017730626440339847,0.017699098239742916,-0.013888957875743513,-0.03460212436721111,-0.0021463259535714485,0.027077253610420016,0.02646350574495071,0.040941684913158305,0.08400643465692581,-0.01898739859760079,0.014314904886328694,-0.00036890719826865315,0.0321734243631564,0.018119369311935696,0.00714004761109166,0.03370788804420255,0.021764877191893905,0.013015171592587471,-0.0075614295163465295,0.02813711556464038,0.012122241284056923,0.018768511000100574,0.01499344834284111,0.007357158609716086,0.03289029336584037,0.008522719191002448,-0.020472459274539223,0.06231300565083342,0.024026309806336688,0.05067983185154268,0.023728816846909417,0.04147461336638236,0.03903910661983456,0.04538984193194273,0.015463902322123246,0.0459184308549494,0.028925591337169543,0.012218055474265244,0.01860866752522483,-0.006837679220478066,-0.0111763176284293,-0.005620294616300314,0.02457901376442484,0.024289292830085296,0.05190130403020832,0.018426155346186412,-0.0044319927860946295,-0.0017920075644977107,0.05131133464537263,-0.011506811019572183,0.021424781421010453,0.08927012937802803,0.018746979738651692,0.024255669182288386,0.042261551196188574
2025-04-25,-0.013392857142857095,0.010026134999206349,-0.003421598863777575,-0.0036629712464267827,0.010373354833699056,0.0,-0.01136362558800319,0.020928298370747722,0.08235293045175962,0.0,0.04042179556424119,-0.01704548276734963,-0.004860256273636732,-0.018867995824705996,-0.0019379846872970008,0.002123845375858302,0.006825312531665961,0.022885714241839272,0.004826940696904591,0.003642072624827186,-0.004571397214075179,-0.021600950407833164,-0.009472086330328922,0.060810946083030615,0.01914637208134562,-0.010744304751795997,0.006521784876155623,0.04929581307579878,0.010752678064499088,-0.003128698924028006,-0.034212054643294354,-0.009765624854480848,0.008849572459461275,0.007948423319986242,0.012903290807148471,0.009072731055439931,0.0017221603165544774,0.015903302696034016,-0.008258666882341448,0.01890514333937321,0.023913072998898333,0.0069713509858622125,0.014989227768871904,-0.03904760451543898,0.01114788802726574,-0.009167460164785646,0.03393662633925132,-0.012310008196212308,0.006919097036281574,0.013133978209558528,-0.01408449379940424,0.07877817756971739,0.013409178817079592,-0.0014190529878427283,0.004705900304457611,0.011037463925375857,0.0,0.023121337536587072,0.0013604932939152992,-0.015228411651818319,0.001625960412796612,-0.008032120823258437,0.010213523862754537,-0.009351810591038623,0.015490593970417743,-0.007782070099253913,0.006055746032836762,0.0022212010907221025,-0.016976584687511398,0.0021108157404545747,0.004367234247518725,-0.01541800426136064,0.003590631266505717,-0.03036884155112285,0.0103473518941255,0.014709812799802657,0.01628405299679825,0.017953473842459378,-0.01324355022877477,0.03938356164383561
2025-04-28,0.007058812482324761,-0.026758775882255725,-0.03605159764922561,-0.0012255182682395782,0.02053390359674867,-0.018088240597901817,-0.02729885864642101,0.0013224998204273142,0.14130427529208056,0.00647486315774759,-0.027871614818681056,0.003853560829674585,0.006104962521855439,-0.02307690191550993,-0.003883495529463321,-0.0011455891061092904,0.0018320983443553818,0.019030556080164907,0.0010346284809419348,0.004665596743608447,0.004592390856844153,0.0014069353842678378,0.006203709208296271,0.0,-0.03522503504519936,0.0047297270575314965,-0.02807777780295273,0.013422805905036084,-0.031914863936120086,0.009023088201651763,-0.005834602713085113,0.003550301823808999,-0.011167965962688986,-0.00887137984493791,0.03821652278662713,0.004995040780146454,0.001412338720627515,-0.008766431721885182,0.01137699034422468,0.015461800269187087,0.057324836250476574,0.0,-0.0021096524319702548,0.01883048340039606,-0.00031737526186537135,0.015072257088939889,-0.03813689659529029,0.009384155693352048,0.007444157171063059,-0.006825802991833552,0.0,0.023844984575632777,0.002718942794796897,0.002557997491805075,0.017213128740491523,-0.013100424405900424,-0.008849549119871458,0.004237314273585424,0.00041351241645926073,0.04896908546814216,-0.008658059191858247,0.07692309919824747,0.012867678478875488,0.014379856086658371,-0.0016949950834501681,-0.0044817959730001355,0.0020063539586820944,0.005319186262151998,-0.04687497549151087,0.0024574087974535974,0.004109299336489736,0.005624196454721009,0.029516996336697465,0.004474206418862092,-0.019324735077430155,-0.013959775509153838,0.004202780370231141,0.01146370941271213,-0.0014785857157113558,-0.014431647060337727
2025-04-29,-0.027857642955850137,-0.0008868537069469662,-0.005342767677619098,-0.02269932203699232,-0.010060373067655726,-0.00011157638811465365,0.06794683005065805,0.004127455857018347,0.0,0.011436677059119216,-0.026064307972998857,-0.023032607424272156,0.007281596024765857,-0.003937004178520276,0.007797370950955784,0.010723678545852655,-0.005486429732501463,0.027255544943932897,0.006866132256749591,0.013931921354446652,0.0005715409131330507,0.013184908074391544,0.007493931038331514,0.0009098254923374238,0.00081137760946004,0.015386608469302177,0.09555551740858292,0.0,0.13186809252038123,-0.00019436557063945425,0.021798384730336684,0.02397793593542974,0.05158315337981012,0.005469850803798915,0.04294481758089841,0.0029819835557802765,0.013448592770128664,0.012002469317176967,0.0009276560829485359,0.028169059852642286,-0.04417666452792113,0.0,0.03805493184202602,0.016536972831691976,0.0066044347970575235,0.009115126503129733,0.026974322761072145,0.0013074371306383004,0.014020494421782104,-0.0016515586767922308,-0.005714280264718208,0.0043668428396062,0.016690701986097345,0.0012284752768179086,0.007137044981984753,0.011061989147312934,-0.017857125751218117,-0.015471169333377555,0.014348983979647123,0.027026941532620086,0.09825348561140834,-0.015037668789816938,0.0,-0.02607952522372836,0.01358240537925548,0.012567951536467614,0.010011992641291156,0.0008818543868849282,-0.03911419592886123,0.01453328609806026,0.005091900712749453,0.013159303828434998,0.006950414171713382,-0.025612284250221107,0.011313642046340444,0.01143491142362607,-0.01752545584535259,0.011333954612810393,0.00831524911637116,-0.0018721501997027712
2025-04-30,0.013496016642207342,-0.006213994351098928,-0.016114675471495365,0.027620874176295995,0.0,-0.007549140891565331,-0.0110649963340258,0.009865150890031149,0.00952380087370197,-0.026148378047405774,-0.036574473328894186,-0.013752489108627475,-0.00722895767529419,0.05138344502411463,-0.009671278338388323,0.006468081643395296,-0.013362711069861533,-0.01375762772276623,0.0031529431859407264,-0.002205247836203683,0.01941757274530942,-0.002560035134764327,0.0163304049303421,-0.0199999798630891,0.004053521733298204,-0.007555198879189873,-0.038539566701057626,-0.02649004112957354,-0.03236242958260771,-0.012832960066819887,-0.00902561285556891,-0.000767698694846275,-0.022378366498431612,-0.01829866194112062,0.01764704149899643,-0.003964122588319019,0.00282336306949027,0.0018725905626202355,-0.008805381660282663,-0.013698651784308513,0.10084023511677098,0.0,0.026476602541940286,-0.0009569597190776102,-0.00012617009235538212,-0.011509373034122139,0.00949364662781682,-0.0015958306958443469,-0.002989533745209494,-0.015849304820837684,-0.00862068138659311,-0.028985548309857667,-0.009482551326026156,-0.005285489143216471,0.011086995592496374,-0.0054704801812607284,-0.027272700672307915,0.011428547120530208,0.00040749436451070764,0.04306227573395005,-0.15506960420134308,0.04961836645774409,-0.006352145697890554,-0.07977765326429931,-0.04020102427820582,0.011115310405775736,-0.003965052505905842,-0.00969168340568094,-0.0026938088296597495,-0.011736245795727296,0.006107696299581411,-0.018508486803434754,-0.01380496619769489,0.0777142415188623,-0.003011923125779137,-0.005114472502226075,0.006922212780271275,-0.018965498285699822,0.007342990855499831,0.0010047822729830624
2025-05-01,-0.0186063565020409,0.008039317109539645,-0.014558609378401255,-0.04276119285600688,-0.018292663868809678,-0.010801608836062626,0.03076920101500291,-0.022631055537074896,-0.028301861329449007,0.023947838612039307,0.016666606326163125,0.009960197395386228,-0.0012135600484151077,0.003759394789693671,0.0019531251941717898,0.006990278467955191,0.016712146312214626,0.00460829046344835,0.014253251936827915,0.009860612829291071,-0.01288517698567826,0.048016210795254644,-0.006354059766994102,-0.008348785485583932,0.00928540726628202,0.008175055769854334,0.012658316986067009,-0.020408143405366563,0.030100305646238334,0.0,0.024011587961854985,0.0019208311848488702,-0.0027165544689744525,0.022166273330068265,0.034682047467071264,0.002984846760960558,0.004565112807863425,0.013707293273798271,0.015429636320519302,0.03228234187826784,-0.009541930549938904,0.028846223797952764,-0.017857173267676107,-0.033524850753160695,0.013060735473149343,0.016949051588482478,0.008463904502939323,0.004940481964441634,0.010307331910971662,0.031341496782804956,-0.002898547920302419,0.001492571517391239,-0.006641539986370848,-0.004649377233203245,0.0058784114610308524,0.03630362136045773,0.00467289251077152,0.007062167090194915,0.014489354277982036,0.0045871514481794495,0.03882332667167976,0.0,-0.006392666305344519,-0.009538878630196868,-0.013961584240287594,-0.14345918734583696,0.0019903798691296437,0.02402139352862398,0.021308496127715904,0.02298551253469472,0.0038588725907107158,-0.011138091451603382,-0.008748915156164272,-0.02226935820182685,0.02620227320442292,0.08847397687253489,0.03781069055300601,0.003954276103460774,0.011326703565888607,0.07046787495287465
2025-05-02,0.028810395149463375,0.05361103270633927,0.007386799300244107,-0.0012763533928713544,-0.004140771300362722,0.0,-0.02985071826428687,0.01932366934866847,-0.019417457749564604,0.01700918686221997,0.019125687331695618,0.17258382058659238,0.01336573425508858,0.011235944019676314,0.013645324747576515,0.026759215409710713,0.016926393985771115,0.02206794689264302,0.022556983989273638,0.01582487199040239,-0.011350888786531566,0.018469398990108576,0.01633800856303047,0.0,0.033600006103515545,0.03260689881684531,0.0166666501098216,0.03472218772879487,-0.0032467502308325402,0.011030174545277216,0.04912068415633741,0.00498463041207442,0.025276388295230046,0.03992111529785669,0.005586586970037999,0.003968262175197079,0.010583907394127401,0.008604912982515422,0.03291991600476596,0.0,0.050096290785769826,0.0,0.010101049022522401,0.0614469649338969,0.0148439061758463,0.014058060077591916,0.010568858313336982,0.07099473355587582,0.017250979554963353,-0.0011566836184702112,0.04651158277636491,0.035767476863449055,0.039332602163895114,0.020972325226319866,0.03416490415198359,0.021231402085489348,-0.023255901635817477,0.07854134694413939,0.04135604653306579,0.0867580147288245,0.01189141825258,0.03636360168457031,-0.11397056599956501,0.018773560810443124,0.005309726280871008,-0.01304811674949713,0.22487087577025777,0.04387490046904863,0.03173675785471186,0.046732154811429893,-0.03736175662959673,0.03133718351029757,0.03177402962948772,0.07104115025580215,0.0010814462721442375,0.04399700347922986,0.015796151130822,0.024070062970591,0.040252797085094105,0.03550882994110838
2025-05-05,0.0019873642887811016,-0.04962154209854386,-0.02933082195166603,-0.009584640395305044,0.0020790442430804745,0.0,-0.05104898504712052,-0.009315242811190672,-0.029702942250534492,-0.017421581782194218,-0.012511116612896389,-0.06812450767266653,-0.01079131328743188,-0.037037089364844955,-0.01923086711720534,0.003162323861697347,-0.02139164522150594,0.0077632677763253,-0.004228724951362395,-0.004971826212750052,-0.008036567204185885,-0.0027051866420297888,0.0012847089381460286,0.0028064523633508642,-0.04295667971350203,-0.01458368605102145,-0.028688594270410817,-0.05369130362637853,0.009771977863882952,-0.0021429807780247723,0.0017341069352958538,0.003052340093444794,-0.020511818959160433,-0.02464457101244144,0.016666717440995127,-0.004940747389882705,0.0065358162096120775,0.004265534608417498,-0.010436603437080638,0.0,-0.02018342394989514,-0.009345840719628185,-0.007999992370605447,-0.06816064363310204,-0.0059325523884241615,0.00485912405589084,0.06582600168663366,0.010665599011505655,-0.0052881275477834055,-0.01910722026349243,-0.061111054449904056,-0.020143866234206276,0.008403343509691297,0.005415516706985146,-0.007933011890563502,-0.008316000484173136,0.004761900436850874,-0.024707392669557016,-0.011071436919737554,-0.0189075941723289,0.025181758616538152,-0.031578918309091875,-0.005186741592752786,-0.004546897985363896,-0.012323924655406326,0.01387075163425533,0.0003243988458401237,-0.006242260573977809,-0.031899712686263904,-0.044237673923349874,-0.03145853051229541,0.001081298340086967,-0.0017108484059603635,0.02075949502868024,0.018123884560778958,-0.005476137686583837,-0.029846969114346256,-0.0021367172900877973,0.0061827294121015175,0.006157958682802889
2025-05-06,-0.01839164216735889,-0.011946922708242602,0.019829935920705477,-0.04903227283108624,-0.002074730785983969,0.0,0.018422992308198216,-0.020455260402806097,-0.13265305377701242,0.01843963026295703,0.02443434383971721,-0.03971115373763734,0.009696947150990454,0.0076923006385032355,0.003921569018846327,-0.006304710187926332,-0.008534934203850764,-0.004333051958211542,-0.005945139844120595,-0.0008327251781335976,0.035300794284355286,-0.010046159670065835,-0.0020726598767591975,-0.012126945926014154,-0.024666345098838915,0.012902057880369577,-0.04430370705698905,-0.07092200440364194,0.009677487332666601,-0.01874279739351048,-0.005962711353775796,-0.03157100806962976,0.0005983612169904173,0.013119555819466111,-0.03278691835069325,0.0029792298553155128,-0.004325596313227376,-0.01274268043001614,-0.017464270713744456,-0.0014545267267610518,-0.050561792736216526,-0.013207583823358848,-0.036290287692390844,-0.06913823767858462,-0.009301704399633182,0.004409178483907539,-0.014430013794561214,-0.017900132999729923,-0.0021997971322287313,-0.007190832051464091,0.03254434655959182,-0.0029368547862792527,-0.010114910958827217,-0.0003714795265042925,0.0017526128941864894,0.048218033541545635,-0.06635065092230141,0.0013333635959447143,-0.006795071395139574,-0.05781584079561353,0.016375615980681824,-0.007246369925949403,-0.011470345005352156,0.003365769868134416,0.03386812655639426,-0.0029926917149684096,-0.01102460423601126,0.0016750802735814307,0.03559867680851592,0.008198069655490414,-0.0019106338687361335,0.004536597112103635,-0.008568989001606075,-0.004464328717508126,0.036015394896957265,-0.007900474366914545,-0.004395087443156753,-0.01327631913431726,-0.0033901864275179827,0.031741228668504595
2025-05-07,-0.011388665457838343,-0.0649350993234934,0.001851925229807927,-0.0054274033207794,-0.039501041370382906,0.0,-0.10274964599498182,0.1812057616703362,0.0,0.0027856691758942898,-0.03975263439899979,0.011278184369081234,0.0036014614315182936,0.011450462259065208,0.0,0.00590713679504673,-0.07035362930866829,0.004472727409593258,-0.0024207915566133442,0.02467073423562649,0.010061417064217926,-0.013294054065707384,0.006099037992169265,0.0037771443028280505,0.01948587466837881,-0.005120041278997345,0.03311249703818886,0.07633589939681906,0.04472839021304709,0.006167952936995347,-0.007933433533107936,0.00157112792481362,0.025632818494442766,-0.006235063104879979,0.011299424374030087,0.0,-0.003315168585462991,0.0012292732832164255,0.00877183771238621,-0.007283368587822636,0.015779077119802087,0.0,0.01464428697734843,0.026910656730523064,0.003925973536275329,0.0038231705485127776,0.02635425098003652,0.02489121211388512,0.008267513511232893,0.019998985551532122,0.028653267724730425,-0.020618537153480165,0.013875983008740045,-0.00167224364730989,-0.029196263073211992,-0.011999988555908225,-0.010152274434545583,-0.005326286335586516,0.00824353414946466,0.013636350336153846,-0.025241809559423234,-0.007299263086460783,-0.020042150797243585,-0.006709050364557934,-0.11551722503177797,0.0030016748022800854,-0.004918059919339912,0.013795983388524391,-0.04034096457002456,0.07809599877034068,-0.011384845754250583,-0.0033333070816532473,0.005185865779498755,0.0019931414354390498,0.013313582010887837,0.002895954766779285,-0.0454427441255294,0.0,0.031359593470951186,0.04478044248270585
2025-05-08,0.0364176717871878,0.08381226390507912,0.011090630441518146,0.00954981887994144,0.012986964356759945,0.05068965696783567,-0.0008063931867043905,-0.034359795461739395,-0.02352945878843815,0.02222209622059923,0.053357859228369664,0.05947949591400192,-0.009569471931187068,0.0528301363952155,0.009765725386780222,0.016040437657008022,0.023116389358430522,0.010590953450914542,0.017414961414875973,0.00032540333131581,-0.01051448037970304,0.02283239960809791,0.006258599652053665,0.05832543311642735,-0.04066693752723538,0.0024268300144449917,0.014957302185677035,-0.014184383971608927,-0.009174303230812364,-0.0033615970071536605,0.017554080420246088,-0.019607843137254943,0.03144432671126718,0.03233591208963582,0.005586586970037999,0.012871235629538624,0.0005560292754860363,0.01043577715658106,0.027460024269208017,0.0014674037515374216,0.03883491370127201,0.00956020306809413,-0.045360782374761155,0.022012582703006878,0.01032485950890849,0.008604892276317333,0.05420831860874675,0.05388195448182631,-0.11698254115691953,0.01785806262143419,-0.027855127304566296,0.0182706787242648,0.0009161564384521093,0.011632235349428921,-0.025681446391600526,0.07085018230333784,0.056410201233834556,0.013386919278529641,0.026141660516394438,0.07399101365101379,0.0022040290572298282,0.20955879678208555,-0.0021527991573173644,0.027017186804964233,-0.035087757577666356,0.011115870486312573,-0.00724875362260835,-0.016494829630114394,0.08348134389372874,0.03252683273923895,0.0063184723403235665,0.020174722925156985,0.02493545771192074,-0.002983716316262819,0.04110051694785799,0.0057746302464654065,0.11833521456583473,0.0264758305106767,0.031024554116448444,-0.0012802434475538416
2025-05-09,-0.01631408869355988,-0.05037558249780416,0.04204749597825197,0.0027027000903734333,0.004273488476397969,0.06235643139074076,-0.02017756199133036,-0.027461989047150248,-0.07228916095257987,-0.0013587046241123613,-0.05676852658148568,0.040350881889439805,0.0012078147502836423,0.014336904085998858,0.005802707930367523,-0.013325513673503209,0.01946871635314351,-0.005597179043267397,-0.0013329230162167915,0.002439327801270208,0.017337799078342764,-0.00462544613164062,0.002051534290803625,-0.03999996062115119,0.03433656043675448,-0.01915854066354261,0.03578948974609375,0.0,-0.07407407679948075,0.003784160151310889,-0.013992707837027774,-0.007600021362304643,0.0050495397465673,0.009817718457856506,-0.016666651213610217,-0.003909974602588462,0.00037708938691038973,0.0012150836831574807,-0.0014476463018560093,0.008424959655423114,-0.016822369599072684,0.008333428740364912,-0.015118827198955631,-0.0215384654509716,-0.0006553854317395968,0.0,0.0021650342274865952,-0.02694883415632021,-0.039207547401511,0.0051020185245573835,-0.0171919606348383,0.024883695465029776,-0.02397155068115453,-0.011498482297186752,-0.0206936522026282,0.01134214427451985,0.004854364437391068,0.003962970665048582,0.006016675590963416,0.018789176055248547,0.19131390350198219,-0.042553151400872236,-0.002157546577780556,-0.006459259142400531,0.024242484423783184,-0.004862519911126184,0.03086627583741497,0.014255771368962167,0.09071037795730241,-0.017349085269918296,0.0052661928854598195,-0.00021147042705893515,-0.06375840438935654,0.023940283665892403,0.008521228048059548,-0.0007176844186568276,-0.15786917008297496,-0.01818200515393975,-0.004898509144748098,-0.009363463899934588
2025-05-12,0.04610903304618019,0.08282925572841404,0.017543829497625785,-0.016846361012766153,-0.01276591045796116,-0.010915378206497572,0.0032948896805451433,0.010778792392102998,0.025974079255291826,-0.016326506322049572,0.030555547951671036,0.03709954020191675,0.0132689973805038,-0.01766782814990553,-0.017307692307692357,0.06307970489135362,0.04464450346419424,0.02371265868921002,0.030556420769471737,0.03358212119165893,-0.01594282523649826,0.005253089803070932,0.005394519690717914,-0.0055555498583843566,0.0926229616481431,0.026766982989621102,0.09349594126296723,0.057553988301194625,0.08333333333333326,0.0017856344466400387,0.0515163607431155,0.05884728025994068,0.12522963130951892,0.05555550159250355,0.011299424374030087,0.020608505799706522,0.007995294239242945,0.03033967444111263,0.06579681387356895,0.013439762579322556,-0.0969582141995935,0.021788170173009824,0.05482456209146647,0.022012582703006878,0.040740191909277135,0.021957997932157802,-0.004320816977762432,0.01747128461454084,0.04725079216823658,0.08070031092964336,-0.020408212915155044,-0.03025937124142908,0.03165295253980127,0.05313604255648752,0.029158319530142363,0.0401869451253114,-0.12077289316578299,0.07500000653012107,0.06271550131928838,-0.00819671330225158,-0.17074308435862995,0.03174600050953447,-0.002162211650126644,0.03250590120759589,0.005917054118540488,-0.01614617726167278,0.0006439310016816968,-0.1657709855457039,0.04208417791167873,0.017810115562252316,0.0631461027687732,0.0009519392534280691,-0.0026881476210861566,-0.03778209903331653,0.0034225146694482067,-0.022264839440162776,0.0343732662657672,0.027562544742939288,0.024311815819642257,0.031112853653588735
2025-05-13,0.0055749074271356225,0.059733535122672654,0.012068998469673797,-0.02878684522970676,-0.002155112595286224,0.0,0.03776683305594819,-0.24556926763544007,0.012658215432457043,0.020055322710207824,-0.039532841826904086,0.03739837650518685,0.005952338282342096,0.07913670175336285,0.017612524461839474,-0.002346973029934585,-0.012227928771419316,0.00889082091943516,0.008656444976298916,0.014597424238985468,-0.008380056540688297,0.03376545506094786,-0.003846436980996293,-0.02700192809979285,-0.014628634354110659,0.004476200494384797,-0.001858778563032626,-0.01360542893691108,0.0,-0.0057437444819901096,0.010537986563435853,-0.05024741803664923,0.007563958688648009,0.03421055757658298,-0.03910610879026677,0.0033960475594991824,-0.016847864079291952,0.01676842927331257,0.004499354009635637,0.0007169409887333167,-0.10315784655119242,0.0018381583316748884,-0.01871105065666223,-0.013333345070863367,0.015240670155279634,0.0016424269884725007,0.02956333561608182,0.05062319496945178,0.008203477023137173,0.01308471882441209,0.03869051145824831,0.023774122876471626,0.030284101312810785,0.007422496959230918,0.030970370942771108,0.026055701605677273,-0.0274725659805386,0.029375703430700728,0.028087536898263155,0.018594973742430687,-0.02170263192644939,-0.012307680570162294,-0.016251313756179275,-0.002976720727988047,0.03725503592920876,0.006909959862783088,0.007400161112516512,-0.01982158634693787,0.0500000458497285,0.008368780929898678,0.010152317435524472,-0.01278663341004116,0.003593948742436792,0.017338083897753265,0.012470579938101078,-0.004897030664856139,0.01424178447291502,0.009220484732397116,0.018438576601598644,0.02297152483730658
2025-05-14,-0.005197557959340515,-0.01297646783472306,-0.01448045419754862,-0.013408647356006997,-0.004319638063339903,0.0,-0.025316506313829312,-0.04618753167364509,-0.08749998975545181,0.0006807383342009032,0.029934580080410278,0.042319745467618075,-0.016567952258477847,0.05333336194356275,-0.009615482501820649,-0.0068527993448880276,-0.05205498755382987,0.013914660371941556,-0.0041222475870922315,0.002629842187040987,-0.014084524800883957,0.005054881871748185,0.003958646994281612,-0.033492694347694085,-0.04339555679985385,-0.01394623628641456,-0.013035325198509029,0.03448272460139301,0.00923076042762161,0.02191235719278839,-0.0007318133120931547,-0.008016062397742774,-0.01028512407870985,0.0067854049164459695,0.040697634929319326,0.0019345014391145554,-0.007497314587521342,0.001165527900226504,-0.003229294663013027,-0.0021490735920292048,0.030516345215756413,0.016513786940447694,-0.031779581609723495,0.00935552532833106,0.005993227784474309,0.00956401683610153,-0.0071127624940885426,-0.043704608680865675,0.0010170715462924917,-0.005298742220089303,-0.002865326772473087,-0.0522495883386529,-0.008933960739143765,-0.013332201069908622,-0.009679518733567982,-0.017513118032311037,-0.09039546234212181,0.010701671520977118,0.003550582331011798,0.020284053742741337,-0.007963503630441737,-0.0623053100644726,0.07599124888274122,-0.011943045672520358,-0.03213614464149195,-0.020158753995482837,-0.012775418891712298,0.15217391933226976,0.10393774917142995,-0.013882615385680142,-0.0028178056681582575,-0.027510166401164993,-0.014324132582595461,0.07218034001840268,-0.015317354179168907,-0.006397657519629729,-0.0399229288304781,-0.0074751909484466195,-0.015023089499325404,-0.0014934861621385132
2025-05-15,-0.08045975407890937,0.0488907365077027,-0.006050101683205078,-0.020743917836111514,-0.04555323261771649,0.0,0.0064935004616650804,0.021707387160084135,0.0,0.025170052347608163,-0.04450497374493956,-0.02406019879018173,0.018050528014526,-0.015822844739486586,0.0,-0.005664216591206861,0.008096673474255578,0.02275847691332067,0.0008143994789171494,-0.0033945577350307232,0.014857389729865611,-0.011509800633229705,0.02081379272029693,0.02970293772581134,0.01949867468486821,0.017449182127595275,-0.049056645193400694,0.14000002543131518,-0.039634108889109676,-0.013645310383777809,-0.00512630510385137,-0.010101010101010055,-0.0030740900990049447,-0.009267030980435909,0.005586586970037999,-0.004826467300691473,0.019091419551714228,0.001164054130036618,-0.0061656794135998005,-0.000358845885337189,-0.02733482669901488,0.003249102403254378,-0.0021882338087966247,-0.025746652833969375,0.001098871121017364,0.00203019737153487,0.05916687777897778,-0.031016546581854376,-0.008941244358767308,-0.024161720956264898,0.0028735604621976663,0.07197546326042836,0.012965257833279287,0.002400251378686269,-0.00022474184901510874,0.008021403783061043,0.05590064135337647,-0.007058866667071451,0.017150006640140214,-0.02186881290778231,-0.013761545401503428,0.016611279891927566,0.02251784063936979,0.003370548027160636,-0.00585936553196198,0.03479978730329192,0.010029084664644028,0.004826621263011255,0.038158442679547155,0.0039022077107699893,-0.004144512789624688,0.029609273380147627,-0.0009082569331139156,0.046283328854407335,0.028064368092929337,0.014611187770140699,0.015199386585283525,-0.004602402737002964,-0.00557293411837223,-0.0128739513963545
2025-05-16,-0.006249962521321262,-0.006267130556553591,-0.004347818679605653,0.01972245917016391,0.045454485882483686,0.06017693823804038,-0.004838666757111865,0.06271705101072333,0.0958903986554498,0.0019907834646069045,0.03992386923421409,0.060092504942501845,0.0011820016145756007,0.08681679371464202,-0.005825243294194982,0.007198339439219437,0.00796680958871443,-0.002124531673929897,0.013356910834679159,0.00836048711780668,0.023482140545499464,0.016829716068453404,0.011144476198419406,0.03461534775232877,0.10889925514390386,0.023442303316742574,0.07142859846015659,-0.052631597292903454,-0.04761907645273733,0.0019764172796343793,-0.007545083663246577,0.022040853694993645,0.0076084765115918,0.021258502987611783,-0.011111100809073515,0.0058196897935238745,0.01520086881863647,0.0011629342044285895,0.004206136588196241,-0.0005387058742556405,0.009367672606955812,-0.0014394468213022593,-0.04166667973786087,0.06342498721461465,0.004352556998949986,-0.009454533927197861,0.025300655875685196,0.018160430794644133,0.002050409538291831,0.002047074000553817,0.00859598031741915,-0.015714304787772027,-0.02197319351529936,0.006562591785653771,0.008652705820261897,-0.009725959882439184,-0.00588234716633218,-0.021326969071422952,0.0104351728965284,0.03048782378890147,0.006976616057336793,-0.03594767880809413,-0.024024001663345507,-0.010656789600474004,0.009881394392495801,0.028764827262085513,0.004164008212416581,0.021397370274262473,-0.0355573820448164,0.016995618123315293,-0.000898553042967154,0.011225095275672503,0.005454587853207293,0.021000874605026976,0.01617089378339087,0.017085501960519833,0.03757056381438684,-0.012189996285661198,0.009438591024618415,0.020455729073126205
2025-05-19,-0.039070001983322666,0.009459982781987897,0.03318773414905629,-0.004298024316099047,-0.0652172573141232,0.0,0.006482975908981503,0.02460589711713168,0.0,0.021192021222409263,0.24771482103219822,0.0,0.012987011497837875,-0.020710109257779052,0.009765725386780222,-0.0073526037029217894,-0.0031486328861919377,0.016696640026877985,-0.0005353747730793001,-0.003684937924599896,0.01287071528349859,0.010296386297182769,0.011240829220890092,-0.014869779597211252,-0.003871897604447949,0.013461938081069436,-0.020370394735505948,0.061728409597230804,0.009999990463256836,-0.00394480881228132,-0.0027814115525697236,-0.0007987402968212542,-0.00931404377103151,0.030807650167174794,-0.028089861303337904,0.001928805119869148,0.008295808516607828,0.005806983798361198,-0.0046074442965879925,-0.006646319146410673,0.013921100597706015,0.0018017968638994741,0.02288327397056089,0.024850893595641077,0.0009587756987534668,0.0021815932953546113,-0.013681929370037205,0.008854131126705855,0.0051156129622276225,0.0027725440652370814,0.1193182041391363,0.0043541669651223636,0.0006178421394049671,-0.011101340407316918,-0.00022286399270110557,-0.018750003725290343,-0.005917224457964498,0.009685148991592785,-0.005498314158468465,-0.025641047345037582,-0.025404138552257316,0.006779654441774419,0.0010256645007011844,0.0015220371028934476,-0.009784802511726087,0.002261535335494891,0.0003190180536702947,-0.05942708105685546,0.04577470909377079,0.0018734051510163052,-0.01173914816862931,0.006026084642001495,-0.03074140369166356,0.02800873147724814,-0.01130839161868813,0.007919434947182502,0.047917292626334484,0.0034041829237387855,-0.007986750846872503,-0.01373501350204931
2025-05-20,0.006346757658523217,-0.027723583557210274,0.0,-0.01366903493508087,-0.03953490113397018,0.028969840992307372,0.008051560455349493,0.0028142875802259493,0.024999975785613415,-0.0025940456106293697,-0.05787545669822436,-0.014534869617614077,0.022144612253080398,0.19637465456316594,-0.011605415860735047,-0.006267437430744205,0.006704011173843671,-0.012123935507498684,-0.004686092097769379,-0.003852605276695842,-0.0016574082546401137,-0.007333978501009919,-0.0004954630590833231,0.007455405297070783,-0.00812719252427152,-0.021609807535767023,0.15500948536380332,-0.04651165208409025,-0.013201307666904194,0.0011881678564928944,0.010598730155487512,-0.0039968177314200215,-0.0028540933537426483,-0.0032310146593915734,0.1502890101715153,0.0019247937752906452,0.002397575096505733,0.0005776704066824401,-0.00757416680116052,0.0,0.013729964382336535,0.0035971826056093725,-0.024608425467628425,0.030067842223609587,-0.00333319799965881,0.0,-0.05053250321537317,-0.029127459113792775,-0.027076507436446517,-0.010137739138364021,-0.0355330210332383,0.00073696146687241,0.0076340199660169805,0.016928025321107265,-0.022286606280469412,0.0045496079869140615,0.05952382557381353,0.011990442207956198,0.011249889331464757,0.03643721179224069,-0.03969198868896873,-0.0067340002470883675,0.00819671330225158,-0.0033902496776140323,0.02766798343389798,0.050461451829929116,-0.0012756035804231125,0.0072727203369140625,0.0013864070607483292,-0.018101525664897533,-0.00919618323867577,-0.010193370989637351,0.04291043240984105,0.003405722764849406,-0.010195606594512241,-0.010952275373167675,-0.03299559372256855,0.0021204904464309227,-0.011782002613844877,0.006506112171546841
2025-05-21,-0.021087967562594234,-0.04216864470468307,-0.00929841321864533,-0.020423029335675746,0.0,0.0,0.006389770030435393,0.00898034677988524,-0.06097562482568364,-0.008452574598581397,-0.1049766301583418,-0.06342187195713023,0.010262094548149525,0.07070700259442764,-0.011741682974559686,-0.02022415824536894,-0.043414220777298396,-0.011045404252625235,-0.020446553543607027,-0.02134906808161985,-0.043718833261198964,0.0006717111851606283,-0.0005265642939039639,-0.011385177772485378,-0.047737804316220656,-0.05438705777794217,-0.03600658956160563,0.018292665641127526,-0.06020069103113168,0.001582139860980325,-0.041398345228497946,-0.030898894679224465,-0.030474417468998705,-0.019854123381651823,0.0,-0.020173046475582934,-0.011110808976702247,-0.016156973521651907,-0.0389017700756249,-0.0003616414733865758,-0.013544005666935366,0.0,-0.04357799344086444,-0.0037664747913432883,-0.013896822836583222,-0.0244897363593799,-0.02295854490156235,-0.039303025390200585,-0.043733000890335494,-0.014455883280997672,-0.039473647060816464,0.002151623491778887,-0.02846638497421916,-0.005869968219099797,-0.02176881786207041,-0.016304375525157955,-0.07865167862085831,-0.024881552119713435,-0.02410375522795638,-0.052734372453414724,-0.015422565167692914,-0.05084748913316417,-0.007113790014099619,-0.02170086621917111,-0.046153791762549856,-0.005858196535337257,-0.012132754652115052,-0.04602890184057418,0.053599663980710366,-0.015388023219575553,-0.023059123765283074,-0.014226605080711718,-0.013416874226609643,-0.014000799219517579,-0.020026052687900364,-0.020943762168056934,-0.06475012811314951,-0.022005833736582825,-0.02295087086903158,-0.027245077391951034
2025-05-22,-0.025568687132757617,-0.018448659413837,0.005119568635407523,-0.021593444174477394,0.01210643357105523,-0.06451614085073831,0.007936462283165913,-0.0033376655693900803,0.025974079255291826,0.015081973623479294,0.11902692079200539,0.05984253860597599,-0.010157853693144148,-0.08018860710010567,0.005940594059405946,-0.0025535762324940814,0.0034808506231038816,-0.014553266849875568,0.0004119317257536004,0.0023711968157282826,-0.010995460065277518,0.003068409124831417,-0.0030374665434356185,0.01247598388123361,-0.03703702910858098,-0.015128700899451841,-0.010186747731683932,0.011976108173510136,0.024911093625196168,0.00296213151958602,-0.00614202887132842,-0.019047581438456862,0.001528104693349297,0.04133939553213639,-0.03517590558624317,0.0029413268677065396,-0.00699312236762617,-0.0041057243151648715,0.0029778863019116475,-0.013386417604848377,-0.004576654794112178,-0.005017851204503709,0.0119903388448237,0.05765592259697949,0.0018713650816695182,-0.01785216063627737,-0.02056075946801217,0.036410720063756896,0.01684902505271091,0.00984492359983613,0.13150685110466176,0.00590776499073975,0.005733945154800635,0.006433380802730371,-0.025981630075262774,-0.015653782842379838,0.04268295918455611,-0.001215034149581351,0.007063836425061698,0.0164948299544585,-0.020676646813539312,-0.028571401810159047,-0.013306049984635804,-0.004796122912076428,-0.004032285595844787,-0.033785136796984805,-0.006787342903842308,-0.008987636338439131,-0.027595292060653365,-0.018027201872441112,-0.003612241724830323,-0.00947762270198893,-0.005439660380175071,0.0103269093114704,0.005495591334576888,0.0034500901132366035,0.0384946883000139,-0.005625332236238956,0.0031523815287028967,0.001098341217334431
2025-05-23,-0.02024800260408255,0.01879540952266412,0.0246179180592645,0.019786854521631758,-0.009569342786256319,-0.0053050769780149665,-0.007873970810807207,0.014697691451671435,0.037974646297370906,-0.016149883001227106,-0.07841616614191138,0.013372979544252761,-0.012542867625569554,0.17692308726865602,0.013779427360341101,-0.012054027945011758,0.0014675553020397913,0.008929492739585543,0.0007550195899101997,-0.003784891934921597,0.020479932397953204,-0.0183645097838544,-0.0017410384704097392,0.002843690731913595,0.006216000343233885,-0.0003047261649329336,0.02915953319359188,-0.011834378377890364,-0.03472227051302046,-0.010631996915191233,-0.013132489787691215,0.001688434245546322,-0.014391712121308298,0.003572852349336353,-0.02083331393077925,-0.004887599152052835,-0.009458493681816282,-0.0047114150365754615,-0.006707734334831961,-0.026769195962953463,0.016091993838167618,0.0014407916198484472,-0.023696661043679068,-0.021447701529756724,-0.009260874673980846,-0.007810316871361578,0.0079062408155548,-0.017763137817382812,-0.003873473218149792,-0.010388973643241206,-0.016949193637214477,0.03853316938313345,-0.00553022379964041,0.006567425744677724,0.0050239016341049325,0.022450957363262525,-0.029239807257405603,-0.0012165726293256185,-0.000532126626274998,0.0,0.08317346702562167,-0.022058802260453536,-0.005186741592752786,-0.013253015482371011,-0.00809712356685155,0.008335013757850396,0.009762501313052452,-0.05680193273132128,0.0007722184578475844,-0.0018120916161432632,-0.030244309700308447,0.001087294474217959,-0.010938916672289078,-0.012776734356497066,-0.01586623594376213,0.007858551162290395,0.009128575447532983,-0.003916419543980698,-0.007399932545790078,0.011574966745649062
2025-05-27,0.03099960517640432,0.07714885212402267,0.021541008505493675,-0.002238786106359747,-0.01932371579650538,0.0,-0.017460338124461794,-0.0022002703441075244,-0.012195110427418387,0.0032830093239371028,0.03285596858321993,-0.07331378114587317,0.002309519587850639,0.13289752426986778,-0.0019417477647316606,0.031312439591529406,0.047425530444398456,0.023828596541492608,0.025101159402058926,0.01598861208932778,0.009174223541114301,0.02572343486252837,0.01438832861317918,-0.014177759723106087,0.016602328629693686,0.029861163887411113,0.05333336194356275,0.0,0.0,0.0025871458961834737,0.023679118107659214,0.012642273501742629,0.03800013593911222,0.08306955763772761,-0.03191486326155479,0.003929405834878441,0.009211701957882346,0.020118448105930664,0.022583794169702465,0.035041339423491635,0.08823526238773294,-0.0017985562309230652,0.021844697836848948,0.044748838324504714,0.023525300178928177,0.006297416240693243,0.022721128613798713,0.04728732360538701,0.0064808647899576854,0.025026113945093353,0.022167525580375935,0.0344689467857624,0.024250479641942047,0.0172249100434958,0.014163324077024475,0.03110705792266888,-0.012048181523292234,0.04993914563542967,0.028652997671855918,0.09939153448620885,-0.021854778394123864,0.09398495937338569,0.01981226041294981,0.04639788916002874,0.11020404254207872,-0.025806391928559158,0.03222674273325232,0.024291474528160384,0.02797069364721194,0.02588987801263065,0.02529833309688767,0.027696351256761842,-0.0027650450831302464,-0.012942260038746545,0.02951821418973455,0.035574960249145304,0.09512064869095127,0.004368648490080673,0.03809235525615584,0.03806943874630342
2025-05-28,0.009408858462167435,0.013234727346040698,0.0064882458302601975,-0.019446539349836645,0.05911343867828944,0.0,0.0,0.00018379523276390586,0.0,0.013743455704694485,0.14029357922054153,-0.03006329937654295,-0.016129050305208614,-0.04807692484037418,0.0038910509689846773,-0.014395644755131665,-0.014244868001043298,0.00022152496300797964,-0.008697443973473384,-0.005297620208186027,-0.01136355629340935,-0.012254118314859563,-0.004820106025756554,0.0,-0.015571585590585912,-0.02561391725463813,-0.01898739859760079,0.017964126568860372,0.017985594543473482,-0.007542782018847283,-0.009940746398626188,-0.009571429172400392,-0.014270776696699072,0.01862674377333895,-0.016483565788166232,-0.006849495037079656,-0.004568718325438814,-0.005220595070488998,-0.004763401612909446,0.0010921040727225328,-0.004158000242086568,0.0,-0.033254124754644065,0.0026224377400285714,-0.004432001511766925,-0.016356041521818243,-0.04337485175295974,-0.008697880564356608,-0.007083104313670097,-0.006310081665849121,-0.06746992852383515,-0.005320047836942399,-0.010410839428108831,-0.021636866267799815,-0.011970386738946348,-0.01419705364574364,0.006097555213709249,-0.025522160117626314,-0.00809291406684376,-0.03690042127066717,-0.007850243582727678,0.006872845476499245,-0.0286298303288528,-0.024737349880823656,-0.018382300954528197,0.002690378706661223,0.033094015723250214,-0.014328014400105449,-0.0007506270377204416,-0.013002861961159184,0.0010488369682313259,-0.01733248089244721,-0.00554523610357438,0.00917841344324466,-0.011342702548662764,-0.003999971860400908,-0.015269101344234315,-0.010874202040190073,-0.0012789461963697013,-0.018232188520260095
2025-05-29,0.0,0.013061857227008256,-0.013698590297988922,0.023646104327608386,-0.009302401990854192,0.11282061135365673,-0.0032310146593915734,0.005511652312668147,-0.03703707519273092,0.012911553058615466,-0.10586549289683156,-0.02283855476494112,-0.0023418580514676934,-0.010100952691779574,0.0038759693745940016,0.003239858797038808,0.01264438928665812,0.016731348611433106,0.0,-0.006422255964193546,0.0011493136362878964,-0.008655494188085644,-6.183904139911434e-05,0.032598307368644885,0.04938274239498086,0.00646337938362862,-0.019354820846890552,-0.05294119462009894,0.014134262519924334,0.0012001269003749648,0.0042478741478435555,0.00042017769758007084,0.00584598445114648,0.005378326610311124,0.0279330014475605,-0.005911224784162283,-0.004342989125437402,0.005247992715389005,0.0009789109110713845,-0.010909126825389803,0.11064722631089907,-0.009008914049349559,0.012284941471463195,0.03312991330377302,0.00196575945209454,0.005060659591587191,0.012717802666765587,0.013806447675151157,-0.0025940107271665847,0.004787005283780621,0.07235147754220139,-0.011179658050232022,0.0032239369660125305,-0.00629371688024194,-0.014134723920865233,0.016201648131249025,-0.04242420257834523,-0.007142783712307255,-0.007162867536550932,-0.030651312996745395,-0.02556293808317056,-0.023890843026106223,0.008421044600637417,0.0074179668196645565,0.001872581302000631,0.011351938420650631,-0.0042308155857953,0.011027534082263202,0.013896745135526745,0.010679577054807377,-0.0023450393879255182,0.01312103191290781,0.007434970509347938,-0.020788160913733922,0.006586230249705505,-0.01370188137019357,-0.03329947555185353,0.009674441139142953,0.008175747227148644,-0.009577969792581742
2025-05-30,-0.006079012083817337,0.010997307506613652,-0.02205885264412466,0.002235449538050771,-0.011737101912265069,0.013824831313281827,0.040518638072718494,0.024483832702278496,-0.012820501064172207,0.013384259760564454,-0.05040000915527343,-0.006677790213931889,-0.007042293659701437,0.03877552112704841,0.0038611025047887715,-0.0005823527487267555,0.03522965366816533,-0.0017437530431064774,0.0001350347784185857,0.008040328975095212,0.0034443271597546232,-0.0029104540810704904,0.004350348833012774,0.002785509922981211,0.033455875804680124,0.008619899692385413,-0.04276311764921792,-0.006211174145593357,0.010453035193241922,-0.0013983538940229856,-0.017496632893282626,0.005039934562159232,-0.009333370893429449,0.007845909635212145,-0.021739174096029212,0.0,0.03116773072490253,0.002320238589209156,-0.00891109816336888,-0.02242645013388267,-0.03571429531761161,-0.00036369205940189886,0.007281604524675522,-0.0751055117866899,-0.0015771328344753588,-0.013954803030543639,0.008189987122923847,0.011072963598844687,0.002600757119032071,-0.0033544115296213484,-0.033734906811658916,0.009869067258631015,0.03258724101265309,0.01988038467772224,-0.003855418009930389,-0.009743105141622355,0.031645538581142496,-0.0227818163922775,0.0033495758972834633,-0.0019762356043001583,0.018113497552496582,-0.05594400464366045,0.005219226631843377,-0.004394169941379644,0.01869153638681409,0.003265308515468579,0.037172464046633324,-0.12097176622846817,0.03685863681984691,0.0033937533289287725,0.004501166855784389,0.008917239856671033,-0.0036900966086428344,0.02521000008181673,0.002849563272662614,0.013173624656453997,0.03786490895682526,-0.014808156301350572,-0.008793371170459419,0.01010041140442186
2025-06-02,-0.0073394620989016834,0.024005978743865786,0.017543864183182656,-0.014869874505675895,-0.004750576200981849,0.0,0.004672855547457999,-0.007668990681579668,0.06493508202528231,-0.0006288119976939344,-0.010951989527740014,0.08571432692950354,0.010638244135223962,0.1041256811557707,-0.01923086711720534,-0.022724829504571886,0.01556922325721155,-0.015392853886553537,-0.0008097898445277307,0.01172977623757876,0.0,-0.006518704958937249,0.0008294513763440481,0.004629620683947122,0.06652432910997996,-0.052431327798414085,-0.013745772883779095,-0.03125004423782163,0.0,0.001800356994129837,-0.02544029894088773,-0.007521951645644065,-0.013148351116560875,0.019815975279789955,-0.011111100809073515,0.002973187572145486,0.016025922039673013,0.0023145188845681286,-0.007894654720550287,-0.007521673871772605,0.013645164378685015,-0.017460874692258432,0.033734906811658805,0.0739051475180148,0.007898238554510106,0.0013130645156900211,-0.023558053742090967,0.022532739935999135,-0.003026359592046779,0.007999607012299847,-0.004987585586913923,-0.01200094171722832,0.020911831606281073,-0.014317781845384236,-0.004595999661531014,0.014311256086284585,0.01226992698467555,0.01963204447530842,-0.007058338940487463,0.04554455651218836,-0.01595069000388294,0.03333330095550213,-0.0020768907088255517,-0.02445426288403152,-0.07339438221078387,0.0075264294704950885,0.0017625694849328077,0.02707273291761103,-0.031439770202307704,0.0007688002931358628,0.004231968185255619,0.012941874112904372,0.04444441523799414,-0.003451269343665797,0.0025256401818725127,0.03829783802147291,0.11122369530978782,-0.012820686524603442,0.018531344892712465,0.00845705889652515
2025-06-03,0.029985683720455736,-0.028937693415986065,-0.01888340007367273,0.004528333555977371,0.014319755693547043,0.0,0.038759691068654956,-0.04187631275910664,0.024390220854836775,0.00062920765101393,0.011925072065773978,0.07275538504895551,-0.005847911366105962,-0.04982201755744997,0.019607944900019048,0.01349661315104278,-0.007271386760700382,0.011087719467821167,0.014249957444093742,0.004328295607398003,0.0005721412960144612,0.04808533824787187,0.0022406722149979075,0.02304152192597142,-0.021347545010692692,-0.09794819713054104,0.012195152343662974,0.08387096724574694,-0.00689654492027858,-0.0015975356937201202,0.006827312405556452,0.0016842490748354422,0.021086861657163558,0.04302566912729211,0.005617972260667514,0.0009882267020426827,-0.001192218186946814,0.005196366775487071,0.019451780488748183,-0.018567603571176483,0.0076923006385032355,0.01814146491735391,0.030303057248691756,0.014443425319282444,0.007817028316371655,0.011656907469036248,0.03882411696796528,-0.0018466271042706373,0.014527363381601877,-0.004548692041520419,-0.020050106144070656,-0.12771739676200367,-0.020002087495096466,0.007175356174161651,-0.010935619593026025,0.024691334144937738,0.012121200736670001,0.010830151996464865,-0.0013929012292841492,-0.013257607742390154,-0.01932677851800968,0.01792113010749863,0.004162327084500372,-0.002934790155365019,0.04752469252833724,-0.007066449794323804,-0.00967741461658067,-0.1131246331417396,0.019734409272120335,0.009063629651062222,0.0077838098212634765,-0.004674321844121532,0.06028376985798034,-0.019480580786789603,-0.019052216526720733,0.004326135210118487,0.009575881511642903,0.0013435330749278496,0.0015483986245972137,0.02441977571190379
2025-06-04,-0.02492522356863658,-0.0015088991015459463,0.0,-0.013523688918183008,-0.004705865059864922,0.0,-0.0029850718650553665,0.010129376982170202,0.1785714767214408,0.0,0.0050504600475087535,0.16450214931086027,0.004705871330040301,0.03558053404331463,-0.01923086711720534,0.02080436131422747,-0.005310352850295796,-0.016229916923515497,0.0027967593864819396,0.0070802103616500744,0.008004368660010641,-0.011212860517233247,-0.0009799970561127358,0.01711699387786081,0.005794140266183634,-0.034694777234039464,0.025817572606665173,0.11904765114762705,0.0972222084248513,-0.001999902289185007,-0.0009971926140642795,-0.011349325236362118,-0.003287754673739207,0.021623407520905413,-0.04469269576030488,0.004935745585102458,-0.003694609453792075,0.0028720364604901683,-0.013768370556932696,-0.0046331451115790845,0.0019084407096647826,0.0018181057522057564,-0.015837142636447754,-0.021775484450994642,0.0027878233951805775,-0.014403069227998389,-0.004538125282970928,0.00666009994243133,-0.003633297292502613,0.007388989179248462,0.023017880356437592,0.0031152617895386925,-0.005948545972513375,0.0044309482449309545,-0.019901753270446743,-0.004302942446411051,0.011976108173510136,0.017857313773077976,-0.009042353950632132,-0.034548911136408234,-0.02987918604804929,-0.007042247017941761,-0.006217561483336187,-0.011405422763243744,-0.04536856540692158,-0.03131352565949852,-0.01362149208557184,0.0030960461665776595,-0.0012660461867447514,-0.001598493859425898,-0.0022137495221588033,-0.01116676787969162,-0.01755853721723233,-0.026048576128722467,0.011075497218623775,0.019950116453453903,0.015582711391782134,-0.013864134961472874,-0.02744223013347713,-0.002162375421839946
2025-06-05,0.006748425481802434,0.003777876239659639,-0.0602510973666307,-0.00837773463202518,-0.0023641142677193194,0.0,0.0,-0.005571016630663728,-0.06060606243050637,0.0,-0.13316576673301117,-0.09293674740085334,-0.003512900803796848,-0.009041625467966496,0.0,-0.0036150388172987435,0.010800162213580489,-0.013697202696787536,0.0019919253238096513,0.004126459872932697,0.007941261328025861,0.004819558495588794,6.135151392716587e-05,0.008857467572819244,-0.02677061705862538,0.005800431483705681,-0.040268497721342444,0.01063828775385156,-0.13924052065485737,0.0020039099132078686,0.005789597018245551,0.0,0.0007215457374116774,0.037447136442943174,0.0467835800709957,-0.001964500004666969,-0.03887070438429363,0.0,0.006155725363101494,-0.0027153421913649334,-0.0514285677955264,0.014519157743043465,-0.011494187354914032,0.04366432036662893,-0.007526898037846896,-0.004091807401573999,-0.03807996644621425,-0.015559963608480998,0.007507556774716706,0.0032814165352026414,0.0,-0.03105594477100304,0.027559727920242416,-0.12118330648097952,0.015166697204646473,-0.004321455348258452,0.029585769599628886,-0.012865556139880385,0.0038344045669538307,-0.029821091274496614,-0.017693402251274803,0.03546104447461973,0.013555798996086166,0.0004962784794451114,-0.001980307290119332,-0.0031485541676444795,-0.0012008749661523987,0.1746913450880947,-0.014306426984126097,0.005260769664099385,-0.010797720380636866,-0.0018997393686098762,-0.06723403161117081,-0.014505882855562091,-0.005768120468872651,-0.013113967750345457,0.014898780314839266,-0.003174569583172082,0.001887678183123187,0.00737840128261702
2025-06-06,0.04834452752885654,0.17990217318582213,-0.001780922559206366,0.016897028081386045,-0.0023696026744887133,0.0,0.0,0.013071909858310526,0.05376345326492782,-0.0050313483603245945,0.027053113299637443,0.11475405137320949,0.0023501137680124184,0.08394161250837828,-0.013725391760173844,0.013671291427316934,0.04401408418086361,0.00694371076217104,0.012259829291849433,0.016895007184225097,0.004501869972893147,-0.0016928110978534638,0.001777753175269181,-0.03424058342077618,0.030292509054095085,0.008547439439118065,-0.012237709334229407,0.005263152941442195,0.040441137477498224,-0.0066000408777523445,0.036125439782415336,0.01275506935466586,0.014146392169124722,-0.011927214715487744,-0.01675976091011433,0.006889639811127113,0.0040858451311593935,0.004581776322267084,0.029826402104175642,0.007390119959277852,-0.014056259315918695,0.0,0.018604632594767967,0.03199346650924917,0.00977527831530467,0.032868610517439834,0.020630100376418214,0.04828879846291678,0.007025718709412487,0.027223334916139486,0.007500052452087402,0.049679556247988366,0.0074798801569135875,0.0063976529098519475,0.0133350025872494,0.017361093864397548,0.03448272554637244,0.029620819777994134,0.02422392580953514,0.026639367088582944,0.0160107033982968,0.054794466860145,-0.002057660207223977,0.031370116560968775,0.029762014466276687,-0.010949681205272399,-0.008115478192714076,-0.0814503987641424,-0.001653502702246623,0.013575995882421754,0.01639824487714092,0.010151201095173423,-0.00364969411968441,0.0027599044365287373,0.006387109949354652,-0.00022532518697893078,0.12248028543698353,0.018653341664608192,0.02399847169996905,0.05506043688559714
2025-06-09,0.005812812119990074,-0.055502384368283364,-0.012488791308420844,0.035498510207988776,-0.009501152401963697,0.0,0.004491049487917564,0.0023963330528153914,-0.07142856273984788,0.0012642283051906844,0.04891810898317228,0.07843141608951454,-0.004689321225164744,0.021885540940844717,0.005964113517004543,0.004512890977779849,-0.0005233257966610338,0.007687065303319418,-0.0012438160677220589,0.0,-0.003361242462949443,-0.03306651003004857,-0.02521332968241985,0.01818187402822624,0.018925294459432696,0.0025017014222710188,0.06902652387658637,0.00523559719267741,-0.007067131259962167,-0.0006039334815632902,0.023946359803263872,0.014693551047600506,0.011071301778938558,0.05114360335969659,0.01136362558800319,0.004887498191544992,-0.008631140355353284,0.001710358396682654,0.0054105098324421785,-0.01003859343734037,0.018329970546806962,0.042933687565232415,-0.0022831572193035,-0.0031796472254066455,0.0014719207479216845,-0.010654840664300669,-0.0021852452805495304,-0.009022938453532747,0.010359443686478231,0.015966607137600786,-0.0173697687387232,-0.010687048797402121,0.012833420347619029,-0.017310480616786417,-0.017911553870711527,-0.02047787707545201,-0.04444440323629384,0.016110495334310526,-0.0338006755036796,-0.00798411913428454,-0.012475371274928038,-0.01948050138499524,-0.011340171014454836,0.015869166810023483,0.013487474478350636,-0.02341926263404015,-0.022121146950392023,-0.0852402637378753,0.012513807568390156,-0.002693908750747709,-0.012112532119803454,-0.033287975984617635,0.0,-0.008256746339768473,-0.0016395038031472575,0.003379171581834539,-0.04997074753398023,0.0058062278743975515,-0.003002180724142267,-0.014952190635078688
2025-06-10,0.01155843721604266,-0.027693335964928956,0.019873478635174413,0.0021881643244141546,-0.00479614510658144,-0.01636364372408594,0.00447089907610132,-0.011217370326776721,0.04395600076948947,-0.0044192121750487035,-0.04843049150921919,-0.02386364018128917,-0.002355650082548455,-0.06260298248672225,0.007905139135136574,-0.0019106384138865007,-0.022399383256595518,0.014808200910268132,-0.004129642604269734,-0.005088963496717169,0.012928479995412578,-0.023187752292724628,-0.012713203240997006,-0.013392919726771924,0.03383086138206037,0.019759539103840762,-0.04139072873823357,0.036458361467036626,-0.053380733097267874,0.005237798170395269,0.01627687407795131,0.023169195869868098,0.0031141970350441195,0.04110004847628268,0.016853916782002765,0.004864028144309973,0.001083405008052818,0.005691650721586283,0.005170440750638106,0.02106083635430589,-0.003999996185302779,0.09262443721024316,-0.10297478742555288,0.051834100518946435,0.006613908216917874,0.022544355836806584,-0.03887211104288579,-0.0032347462383164327,-0.008579197312358677,0.0029035159702168745,0.015151500555948827,0.024691334404499887,-0.02005341494789248,-0.003383797332065841,-0.001240675881069686,-0.006968634747042013,-0.04069770423704466,0.01698747856204963,0.0018566964018118526,0.014084542176344472,0.021276591657499955,0.0596026714880904,0.04066729754359755,0.01420106447246594,0.02661596678398581,-0.010682349584556938,-0.01549429322416973,0.04690431586838928,0.06052340946295898,0.0009755651051202019,0.006055990446562909,-0.027937215741023258,-0.016483552193613416,-0.015263769541866257,-0.013667407263354359,-0.02245171208891872,-0.11095126185205406,0.013321362021751604,-0.001359877550252131,-0.022374493435434628
2025-06-11,0.02190062012261218,0.02744004803947897,-0.04428699572703709,-0.0021833867154970044,-0.01686758009373579,0.0042514079764315316,-0.0014836427869816537,0.0014877815822273988,0.01052630588288439,0.008243415497594109,0.033930313100905884,-0.01862629156809814,-0.003541933075134951,-0.05799647106985417,0.015686276075384864,-0.020436656525192887,-0.0060703700521993476,-0.0011054699490296027,0.0019087926496643703,-0.0019558172189054757,0.012763689756281282,-0.007979280942232991,-0.0068357346042071665,0.0045249682633496935,0.014116154410671822,0.008789528489438592,-0.04317789320329979,-0.010050241623450806,-0.015037668789816938,-0.01002001431264632,-0.010861563989369993,0.0004043764281012052,-0.022499633760534654,-0.1387518310823298,0.06077349048762537,0.0029041103669922297,-0.010414282207734882,-0.002829435448353901,-0.015326478029909496,-0.014514895509115111,-0.002008078081031095,0.006279417165956591,-0.010204071702683226,-0.044730797398283784,-0.0033695595092393393,-0.007723560953627584,0.0037026791755994104,-0.05492788296214923,-0.006753898007815007,-0.020265629565462184,0.03233833707903555,0.05722893404846463,0.0060375593177668385,-0.014379892652117476,-0.0034782457055512195,0.01578950098236831,-0.018181801105005113,0.018930946605912213,-0.002633589266904046,-0.03571425192480426,-0.01888020870070728,0.0,0.0040081079521152585,-0.0032670862609440743,-0.011111097174594131,-0.005949784030286898,0.013219973593403767,0.03166073440215511,0.027420776875049624,0.03650397540648753,-0.019193718960232586,-0.00423300955361372,-0.0074487220661122455,0.0075153970564199035,-0.010902924137992431,0.025264070511065384,-0.016177507638871713,0.009202530002580422,-0.02772102462600312,0.030700265900001744
2025-06-12,0.004286238220096106,0.06727517837223984,0.02595002469483143,-0.02188185192561176,-0.002450912552396489,-0.0649733120784316,0.004457683465575846,0.012813416173778513,0.07291666084590043,0.0,-0.05195994846159813,0.03795963027756333,0.007109045915129508,-0.020522412457904204,0.0,0.018750346048829636,-0.009999390598608549,-0.003098655897816105,0.0002627836145128182,-0.0019596499359934016,0.004931466372265492,0.002312469404797346,-0.008387479750968208,0.0,-0.014236025126557195,0.013217770390650863,-0.12093864276306654,-0.005076137217272736,0.007633671839197387,-0.001012213537387785,-0.04690118144860089,-0.03920773331966165,-0.00047815943219509105,-0.014829812366909056,0.010416719053562673,-0.006332239760767244,0.0059491279555949905,0.004167008598444433,0.004690865458666815,-0.0038759567506303494,0.0040241412013706235,0.014976642327506173,-0.01288664671652151,0.02142853142182699,0.0023479247591817742,-0.014010797588388302,0.03859241574569272,-0.015261312350993705,-0.003824910750596433,0.00018765734284498237,0.05060241766774709,0.012820534591513333,-0.01168408851605296,0.019959486135913362,-0.017327341915942318,0.005181383420725938,-0.03086416800562486,-0.004371575807771699,0.002298189766970715,-0.024691431913493544,0.003317821451896741,0.0,-0.01297406272473689,-0.0012878711396252518,-0.0037453438010890405,0.014187552545467108,-0.009630297386211795,0.04690211027633473,-0.010508774980778623,0.016415992690834713,0.0021129184846335747,0.028191120815163062,-0.0009381728494071151,0.0013984725284801325,0.0034209445140300776,0.0145609559440385,-0.0035236440440271632,-0.0026053064972025863,-0.010004001692266229,-0.0006847275019625787
2025-06-13,-0.05474115413529046,-0.05543237304138793,-0.040650428466487365,-0.01789707485824321,-0.036855017853478445,0.003937017989419367,0.005917153919925866,-0.010267718443172646,-0.09708734661641205,-0.0018867404140722188,-0.04423077452112256,-0.046857125418526824,-0.014117613990120681,0.03428568158830925,-0.005791506360604548,-0.018508954966004687,-0.02503930979403124,-0.030861447987853396,-0.010771096899114707,-0.017671018368234037,-0.007088406919970813,-0.018457227041467128,-0.004509897612972824,0.0,-0.02727857463517669,-0.014054192718178649,-0.03490761402234188,-0.05612245518582293,-0.007575840359983155,-0.005268498976696567,-0.01191174812062279,-0.029448916678956993,-0.030989502361598475,0.004105399969644319,-0.020618597877583134,-0.007843314305952087,-0.012466270928527812,-0.011938380793258707,-0.028862506375114116,-0.03445572759727733,0.01402809115674386,0.015062987941193429,-0.03133156343328736,-0.024086982804888857,-0.012554722675506502,-0.021242883426008552,-0.030874243183834027,-0.04429807944797981,-0.03860924343114114,-0.0053460859139069505,-0.0711009021299418,0.08720110744254272,-0.007899410229628812,-0.014602177882591771,-0.028288764494929786,-0.014604817120255964,-0.038216598716108385,-0.025246902523350156,-0.013757446580183186,-0.05696202404305617,-0.018518435952601164,0.00937499091960503,-0.01415574706398015,-0.02555375397806947,-0.009398560342440465,0.008524618472652179,-0.0009409954404746568,-0.06858405842647741,-0.022926510744237683,-0.01849891543716553,-0.013805280225029803,-0.010009854876321,-0.020657185370790088,-0.0004655065114252954,-0.022241471813006952,0.01722237291951334,-0.07614332111407152,-0.034827985828055796,-0.03183105855922708,-0.0065094057526349225
2025-06-16,0.010797076297317298,0.054325984433681196,0.0018833135949198887,0.011389492609060303,0.015306126514423202,0.0807843398196686,0.014705867915830284,-0.0011115482363809326,-0.06451613109971022,0.0018903069325568733,0.06639847373725694,0.10191839475346498,0.009546516697769736,0.007366475712259124,0.007766991058926642,0.017537411478710574,0.008312632526419117,-0.009278425257882361,0.0024566459030295196,0.018142700979371984,-0.017023500059643704,0.025651518552664676,0.003552536208367929,-0.004504585158467966,0.040580714987047184,0.007301048317608139,0.042553254089081616,0.02702700090373522,0.0,0.0018333642371539671,-0.0086956252959971,0.012137004349780156,0.033320449543823516,0.009199334046146701,-0.005263152941442195,0.0,-0.005907826688152706,0.009205795250118998,0.011472867163228706,-0.017639872239403775,0.03162052356155143,0.020593545381768275,0.02695415191491879,-0.010350327237081847,0.0139098668155766,-0.005132875087046629,0.047363976525470086,0.06108103571711365,0.010872014239730943,0.018859028217320217,0.029629599977206045,0.021992247849220714,0.015816261760227324,-0.012600806839260237,0.01945166962729017,0.025283343949576764,0.006622510282393357,0.03153146456612643,0.03709935399044495,0.02237145104327598,0.010781603639753223,0.0,0.022564129951672784,-0.003368272852684706,0.015180278371047962,-0.0039012164569365293,-0.0006279614883352158,0.4910926593128788,0.031228457589398184,-0.028488407208071775,0.01002805736938539,0.0016485496142497613,0.004793820050017494,-0.029343198625776168,0.011733514495800401,-0.05231170648647321,0.13727995041185403,-0.0036084923182190254,0.021918444390224945,0.03231684999789142
2025-06-17,-0.034375614683731626,-0.00254452679221151,0.027255551199741435,-0.0015014643053727905,-0.007537720599279485,0.009615384615384581,0.002898547920302308,-0.015022210424707638,-0.06896551960383057,0.009433945607153271,-0.06698113326374511,-0.2034819906535762,-0.021276717874491036,-0.043875645397374874,-0.0038534668500931346,-0.005762345336734254,-0.019810422633927738,0.0021968036176760464,-0.005099665994958258,-0.008305638078957345,0.013407748439811407,0.004284545508437709,-0.0009418436371106953,0.03438925518784974,-0.03582755343418298,0.011389962127249742,-0.020408143405366563,0.0,0.03435120477827258,-0.02175679307889511,-0.005183379631661156,-0.008993618346488041,-0.012625442700658907,0.0087777958867854,-0.005291000285156167,-0.00790511595717236,-0.006745514389835061,-0.00855177180432043,-0.009830296222661628,0.006398316534091286,-0.06704979285443957,0.039169123257255745,-0.015748016714081325,-0.03700724270742228,-0.00975130878047703,0.010318485726992233,0.004037623284541603,-0.061767685703911224,-0.012510967463630784,-0.005923177895162723,0.004796158407816664,-0.06582278160115995,0.002452845954651117,0.006738169297321406,0.003201434392675173,-0.014455788519156298,-0.032894705884013775,-0.007641878573851235,-0.007106801721071032,-0.07877464332425399,-0.022666638588442645,0.006191944522728088,-0.018054192613319087,-0.016656575596485368,-0.02616822328490609,-0.0013054406411270314,-0.0021991857275170945,-0.029072139858253077,-0.007361529585730997,0.0032083755873257847,-0.014010657964138473,-0.010862386113664746,-0.0009541897958287304,0.07821486656265186,0.003227522133961047,0.037792123828510826,-0.02288535931675406,-0.012222722581200718,-0.01511595650676445,0.056358851761394435
2025-06-18,0.013676594699933986,-0.013073974471696115,-0.0054895068114093615,-0.003007515885668388,-0.002531636175796881,0.015274021126464143,-0.017341023733535632,0.0007531710613377651,0.11111107840623058,0.003738455974617416,-0.0283114941279603,-0.0034153134946931507,0.0060387218582211855,0.0057361777627038535,0.009670982975060971,-0.01576861009341146,0.021654511609589644,0.008306481789317255,0.0007987449630735277,-0.0006091835789762134,0.0077178840687675,-0.019545550400435152,-0.0027631578947368007,0.0017496908372363063,0.03650117119109497,-0.01530809898704577,0.0166666501098216,0.0,0.007380066658666529,-0.015797194328949438,0.01603204834864891,-0.006050103428743681,0.008190578361711331,0.03179386846124266,0.01063828775385156,0.0009963443590346177,-0.0028842038841907502,0.002300211663100571,0.02127422036716542,0.00697282479713035,0.0102669798582804,0.11393492490620027,0.015999984741210893,0.0008353613186677933,-0.00017018681302272132,0.0004376881718965997,-0.002949078085831891,0.008551715738715382,-0.004667768200382949,-0.010706651956707725,-0.009546530144813992,-0.008130073421291018,-0.04164894590986534,0.0036507515274650792,0.00421243102477753,0.01984465394376822,0.04081628681073313,0.03190325975186403,0.010712438914003641,-0.026128297510139897,0.006139140583382829,0.0,-0.009193069758792527,0.007487372494299205,0.009596994928775082,0.0,0.017002521450893537,0.020098510883270748,-0.010281486457535793,0.009892142366254797,0.004804669485349855,0.0016639104086519918,-0.034383931679716206,0.0449487568988598,-0.00621627561061866,-0.02361517085673026,0.0638347334717837,0.029789150886504023,0.004562920667984693,0.011790750827408214
2025-06-20,0.011111062334119293,-0.020032336799674866,-0.019319232554514842,-0.0007541650610272121,0.002538061624421717,0.0,0.016176419645858697,-0.0063969923391694605,-0.14444444297272474,0.011793850502182623,-0.1227886986116149,-0.05825910709938942,-0.0036014614315182936,0.02281366546339325,0.0019158066972786436,-0.011724173548367078,0.014806096578373396,-0.008924556935431704,0.001197262887859818,-0.007770749688595702,-0.0016411972347265547,-0.037138277880120696,-0.0016624280688871673,0.0,-0.027284282927087844,0.0051986443110196845,0.0532786364646356,0.11578942745346055,-0.010989000432297447,-0.058078120294841384,0.0072978091975735015,-0.026086973107379396,0.007918271935011933,-0.013947463711965202,0.0,0.0019897888528650487,0.005528718347880046,-0.005737274806494219,0.015703535328531082,-0.01710782857741522,-0.012195110131936526,-0.01512439488124162,-0.010498677809387513,-0.025041673499475392,-0.004083094481222238,0.007648371446926205,0.011024465247429616,-0.00040385474372728325,-0.004242935057801489,-0.013316402099383007,-0.016867510856088175,0.05054643126806169,-0.053949055444784344,0.002526017954092019,0.041057625932532815,-0.009306231769651618,0.01307188320294328,-0.050106686295308345,-0.023954325711039726,-0.02195114093759909,0.018983096175213987,0.04000003521259021,0.010309317880007551,0.0053606443075127075,-0.015209228992528412,-0.010021837361769204,-0.0037151575745109078,0.010052271474217944,-0.02469347296996005,-0.0013993048287839205,0.02248453964545738,-0.0014396996502644699,0.027695399246498775,0.028109097552688533,-0.013168668001610428,-0.00542502341763218,0.06259437937767998,0.0057855558741986,-0.017033152463053147,-0.0267893019926696
2025-06-23,-0.005690755901440081,0.044180684337573606,-0.004690326891223617,-0.005282995835790061,-0.005063272351593762,0.0,-0.02170761531730714,-0.00018939852244592714,-0.07792208294861247,0.015337375582186397,-0.0284698358367943,0.045123718769074284,-0.009638532223671503,0.0018586899315924388,-0.0019121434001465598,0.03424770579605485,0.017798780553144544,0.04098358242471778,0.016165147370755584,0.014895508463921736,0.0186300814955096,0.025643773215499266,0.012995346261136298,0.022707380224032736,0.01108937228571416,0.030635811867778084,-0.02723732881754304,-0.004716976888241464,0.02222220063700142,0.03520174572732726,0.0489524185419834,0.0022321939848524153,0.007515954941011094,0.06644732157114075,-0.04210522353153756,0.00397238628029295,0.024676415239615057,0.014425895067474492,0.02555740104389992,-0.008702880206774455,-0.05144032780493324,-0.07548141620714177,0.007957552133036838,-0.06678087896109597,0.010282490014051016,0.03161408282299849,0.11968085592070454,0.03635390736063515,0.01749268393423864,-0.005818118205440093,0.01960782480441492,0.029908974949555356,0.010032307095825033,0.015621804104955617,0.023321074446028156,0.03757468650298379,-0.0064516069489635175,-0.013467985336576005,-0.015777235911040632,0.022443808133105314,0.0432467853841616,0.014792884799814443,0.003061197182379072,0.04677657004250113,0.009652576364627796,0.01408460598165262,0.027035362869809898,0.0011942188811562282,-0.0005238131492421028,0.014971600918918249,0.0024875174867879934,0.010424780531158806,0.012512013611571948,-0.015741511011789888,0.01662494302946449,0.016590956767301046,-0.04001627542191999,0.014159252858574334,0.02699012457338057,0.020782670798400682
2025-06-24,0.016577860330429406,0.03157556331677758,0.018850010477033496,0.01062210822510079,0.017811699545276838,0.0,0.00739640713088785,0.02083337698320009,0.05633806009374043,0.02416929738823015,0.07692309483750104,-0.005571025460913259,0.0194647935018184,0.07050095062222828,0.0019158066972786436,0.010224743029144001,0.012788539244096286,0.021293114966759674,0.00654109718748308,0.016038754763096463,-0.0032274436432023768,0.014448242197053096,0.003739080788407456,0.021349403990819527,0.0229031962733115,0.003727599389430347,-0.007999992370605447,0.01895744182953618,-0.003623184962974757,0.005631455718201783,0.016613765068481445,0.026725989030324415,0.009080177017405155,0.034238145374567486,0.0934065671347728,0.011869298035178666,-0.0025485349219087627,0.011945169423682511,0.014870192931086157,0.0008361838195447557,0.03470712424689992,-0.006193763986091394,0.050000015685433,0.07889914132561437,0.01529195825703722,0.00988576854716916,-0.012589045095159901,0.026633693515024648,0.014767511558650748,0.02062648355436747,0.01682696495888658,-0.011363655520317262,-0.009642214374991465,0.02639678228363218,0.038062313976038986,0.01646096865998481,0.0,0.05574507516268579,0.021967188474302457,0.04146343420687959,-0.021683646441924553,0.0379008377528236,0.015259371281227896,-0.0032415434941983623,0.0,0.011718628234017814,-0.013313078136663381,0.0035785349484291906,0.013277398659111261,0.011989566658631379,-0.0059553649555199595,-0.0015365973955721035,0.0009505616390022009,-0.0130470846180053,0.028385456252899566,-0.03599369287920917,-0.006347846968159043,0.022687687363857956,0.025360422377757486,0.030921370259831438
2025-06-25,-0.020578481714891295,-0.06244258103809275,-0.008325572446302498,0.00825830426965446,0.0025000507578782916,0.0,-0.011747419145117122,-0.02931357674073687,-0.026666641235351562,-0.008259738983978249,-0.02040809044552383,-0.008403353487606458,-0.005966659859591883,-0.0710571661641971,0.009560327700911087,-0.01623511956441892,-0.00569684146569327,-0.017048594330360767,-0.007278459710732155,-0.0022337197137412,-0.014031340730460418,0.00020188780916230442,-0.042421245780426386,-0.001672403644856213,-0.005045722233730898,-0.01323620147427318,0.01814519191445685,-0.018604743487125486,0.0,-0.0043075987640534,0.01597507824472366,-0.008242890802508063,0.013748529196483394,0.015508514067848589,-0.04020102639796852,0.005865035167202937,-0.01535064967478339,0.0044970979459650895,-0.0013136483569691215,-0.01754390062381128,0.0,-0.103116039268622,-0.035087745506153345,-0.011054431284928556,0.002556406607959083,-0.004335178048600841,0.013952413647164486,-0.02897992132898608,-0.018679422094918352,-0.0036659245365152637,-0.004728127857288822,0.02426571339833261,0.017126088967421182,-0.027361518154351838,-0.04252870055450786,-0.025101247776626145,0.0064935004616650804,-0.007543061379318261,0.012006163561891325,-0.01405150891043383,-0.014993552469837246,-0.04213479195500691,-0.021041993397286185,-0.011266006925018224,-0.05927345829028807,-0.036679502312881196,-0.016559398550252902,-0.024168011722788485,-0.0013793419147359876,-0.024628426473837783,0.006290653306879612,-0.01912716104672907,-0.008547026651879897,-0.0034114488099165063,-0.01664624241354762,0.008116841123029017,-0.012137983516543271,-0.0200513043727657,-0.011768229227894111,-0.020664423194103887
2025-06-26,0.03230923772973715,0.009794356925528325,0.007462596835562607,0.014147399558142704,-0.01496265687163778,0.0,0.010401214184693863,0.004013743992690166,-0.027397315080268658,-0.014277168186766609,0.052083309187934246,0.056497189220031885,0.0036014614315182936,0.014925358528601551,0.0018939393939394478,0.014309617475983583,-0.015298265157732027,0.027507873174110076,0.009819303689734715,0.01194033556206997,0.011494122000512474,0.013330621471436599,0.01606360377417304,0.000837602632123069,-0.006339108095948509,0.02301572174283928,-0.011881270762480578,0.02369677403827186,0.043636322021484375,0.01254595448378315,0.04084580239910185,0.033245853394145986,0.017389934807884755,0.07723938699101929,0.036649242761983114,0.011661873107936538,-0.0036795378321062833,0.006155644767366741,0.02954576872996939,0.02295920312152755,0.02096434067765851,0.07425100677953234,-0.020779201477328257,0.0,0.009350343290254415,0.024859734584141924,0.0004744161884342457,0.01068681948324346,0.005090737952252233,0.024199205109171285,0.054631833014120446,0.019950104523650314,0.008937856464787952,0.01471176321453238,0.029291653332781387,-0.0016610883847775204,0.08387096724574694,0.023887191363080706,0.022005432278258796,0.0,0.025148896534642917,0.04985332363531403,0.006141193769822584,0.03688481346609551,-0.006097602946830594,-0.008016038295740047,0.010290165968655396,0.03369873942294599,0.03573901199864582,-0.05970258437418896,-0.0027783428520183895,0.011879384945819194,0.011494245059709307,0.01112526570413408,0.006003156751573702,0.025994838384725494,0.12006897538496464,0.016978683979400166,0.019275443866163755,0.01785075907109679
2025-06-27,0.028417808951646917,0.0206918649639114,0.0046297175947696,0.0,0.035443149776581695,0.0,-0.0014706218531378434,-0.006091751423195069,0.07042255412962395,0.010259553080524064,-0.0055005709456042995,-0.04144384251190669,0.009569355755931985,0.005514656738169199,-0.005671077504725952,0.015600858615244961,0.008997660245881445,0.010751535657693712,0.012446496791441719,-0.0008851244621166376,-0.011904689747255337,-0.016942331906972474,0.0015512598496287833,0.046025099731333174,-0.014992064273815164,0.016366343294259122,-0.004008012393562077,-0.004629625030506013,0.010453035193241922,-0.017303966614280908,-0.00833477237306035,-0.01778154366516005,0.003048788333796848,-0.006543120950654124,0.03535350129721371,0.003842447747449018,0.002268928124607106,0.009454693645495338,-0.006290012799204714,0.009974937046116628,-0.0759753376291108,-0.05428656152792699,-0.002652517377678909,-0.047291503467135065,0.003423728042746488,-0.001918690643351817,0.08323458118656712,0.021018661370394653,0.0017617668206013626,0.028463559660798277,0.04504500150622537,-0.017114955757907557,-0.003657766389571826,-0.006269586384879289,0.02705854621678916,0.017470805031211123,0.029761948265863092,0.0010603641278204012,0.010297675114643967,0.016627119008812974,-0.011620313281233807,0.01396653402246506,0.007121026995677626,0.000339952111018782,0.0,0.00022453423923241012,0.01790103196744508,0.13157896708302697,0.017169507425878194,0.01980731998307128,0.00039801193533239854,0.00033224918587548835,0.012310589785935688,-0.026661042221083564,0.005483676649956415,0.00986555379025833,-0.060816010452094504,-0.0008561673547746729,0.023762391345335754,0.012508203309405497
2025-06-30,0.0222180469790354,-0.021856209715793606,-0.008294878669413142,0.01908959112088593,0.022004747202423847,0.13053092384594844,-0.020618537153480165,-0.003639123348797235,0.0,-0.00418162030124325,0.10287614038718962,0.015341719992179037,0.004739325585396248,-0.014625215132458291,0.039923857602762736,0.0011153420567966421,5.941683869581382e-05,-0.007977856759784574,0.005570527093004873,0.008119383308490713,0.0098576414220084,0.011760049373206849,0.01631239725708933,0.007999984736191346,-0.011010306168376727,-0.019444073183645827,0.026156965780456343,0.018604632594767967,0.0034482724601392345,0.0,-0.002451398847000963,0.00948272871205802,-0.002910251521832996,0.0068605930137648485,0.12195122234882305,0.006698618196389949,0.00487231292548751,0.004958900417733503,-0.001285638060854466,0.03045276560320409,-0.024444474114312054,-0.05426598058458432,-0.00531914387692578,0.011732862394951749,0.0064769153004342606,0.003844652178609742,-0.04991240726936985,0.005683214782872037,0.009232757824762183,-0.017510092291414314,-0.043103408409496224,0.017412978107836707,0.0,0.0020701801993148194,-0.0046558714976348,-0.003270642955863323,0.0,-0.015435434879708776,0.026871661515549095,-0.011682286982201417,0.006531685091972994,-0.013774156792985215,0.01111117319092303,0.00781425355179799,-0.008179916814740618,0.009425455696812302,-0.008793285475809709,-0.038528244483833074,0.01950178003575509,0.005527504195185218,0.020340083752480087,0.00808241097652962,0.04022452201767446,0.016521742590559496,0.0018178139033837581,0.0319715607123745,0.04959020535813319,-0.0038560968824221664,-0.00415861024013775,-0.003369179723572757
2025-07-01,0.012237409478453198,-0.017810856606477077,0.01115228168955773,-0.007925047245698535,-0.021530963787260715,0.0,0.009022547657005164,0.017300993911224083,-0.013157882353605488,-0.0035992968653364432,-0.10030090002174219,-0.04945056636528333,0.008254726705485105,-0.040816288616180474,0.009140768675089284,0.002734558580010704,0.004696191180597831,0.025734381073782897,-0.015600101053758753,-0.03162992428804823,-0.007592213124756553,0.024649214678917675,0.005609646902790866,-0.006349115463155863,0.007531091530498024,0.019829642197744413,-0.007843129921765946,-0.01369861671503625,0.03092780464424627,0.021739159660815188,0.020888162211878836,0.002561890083131013,0.02308997915747102,-0.01935129765733501,-0.05217386436822857,0.0,-0.0040204212660021055,0.0038376475855166348,0.037928133517477924,0.024760336338765176,0.05239180548258471,-0.051077955691992694,-0.04278077150339554,0.05263159238003157,-0.008429359045287077,0.032416940092107493,-0.011520736922137065,0.005274467070533806,0.0006534258200083798,0.00487719279454657,0.0022521963774337905,-0.0012225218225857537,-0.010325262621761588,0.003836688478053185,0.027267533919469233,-0.03035273981095965,0.011560682489023755,0.0,0.016423035371773143,0.03546101529339629,0.011356288933638048,0.0279330014475605,0.012987024122719681,0.03888075137985081,-0.006185509832984604,0.01133840333594005,-0.003976571243021754,0.023826708636598415,0.032470733036308985,-0.014277078740680405,0.012916155765209991,0.004942305690933235,-0.010791359691079916,0.010265238634816098,0.024443660126586053,-0.02990525154551449,-0.07477551229550927,0.02795696035070705,0.010974043313799253,-0.03549604556434671
2025-07-02,0.02688563204070471,0.042861827904076666,0.005514829581179326,0.007262122329054099,-0.007335111556437068,0.0,0.01639346242757722,0.017384769755764307,-0.013333320617675781,0.01625522713828209,0.02341137479325095,0.031791876844815325,-0.0011695595545041515,0.0,0.034420385240900186,0.003535236737795433,0.013786177781104136,0.008781171377045816,0.0025873297920520066,0.01315605014810961,0.008743085900209557,0.001662497353335679,-0.016380255926939258,0.012779527357187792,-0.006499862202276607,0.00204185288594827,0.03754941884763907,-0.01851861050099135,0.14000002543131518,0.002340385025779268,0.0008596842708343821,-0.03492332669552167,0.01556359671333385,0.08921620692919952,0.009174302896359121,0.0028515808306530666,-0.003651242415157241,-0.004369162559911155,0.02518854554732486,0.003507445281449195,-0.08008655729962366,0.08004195981067275,0.01117317394007622,0.06864402142793002,0.00696522109814679,0.008611404392933286,0.05804190618192573,0.011992492790436904,-0.00979531914875953,-0.002449462616694653,0.017977618870150813,0.0073438758117612135,-0.011823991772830222,-0.004704070488307455,0.0015548577101835992,0.011844360993009007,0.03428568158830925,0.025755826917835734,0.033735875341286636,0.02054787063909025,-0.025986559583799806,-0.010869554654186486,-0.012820523672518735,0.020118942821462982,-0.031120343611761747,0.005275888627613856,-0.02948404547501715,0.03984482145441648,0.046707143752253044,0.009604205152263567,0.022230796315699353,-0.03409839067302767,-0.011818166149111131,-0.005927294068822975,0.01823390310665962,0.004879170917539977,0.011605808063814615,0.01715491410795167,0.014985640834337621,0.027770324979853545
2025-07-03,0.012827263120604782,0.04900414750348081,0.01736739071482618,0.011535677630300167,-0.0024629859689456746,0.056438533993025564,-0.002932548449136152,0.0029717653595588978,0.0,-0.013625541794618057,-0.013071882523949863,-0.008403353487606458,0.0,0.038684682072288146,0.015761821366024442,0.006139529569191726,-0.022002971251600112,0.02652839164958687,0.017677402630428496,0.01910440023920068,0.00812586432253215,0.023137687797010864,0.013604261383188376,-0.02602518560281264,0.03859994494457153,0.02408188367533648,-0.0038095201764788422,0.004717089349841386,0.05263152757987033,0.001485918113777407,0.011853675524112983,0.00838484268918993,0.010393540435146287,0.018116941159728395,0.03181815078435912,0.0028437634406306422,0.004743664196091402,0.011519477600857586,0.01321545510762423,0.011650470607192043,-0.0023529950310202663,-0.07475729904270667,-0.005524856784194343,-0.0007929639555719348,0.00984030895359811,0.019703208530660543,-0.020489101513138097,0.016664590032362536,0.01582759682215351,0.015869432167251007,-0.011037569187436924,-0.014580788849773652,0.02381369832706426,0.02776683500014121,0.01718788031173757,0.008361235882171414,-0.02209942713677715,0.028384304935910265,-0.004122289666963375,-0.002237081099336957,0.030961765376314565,-0.0054945655957939765,-0.004995023935224108,0.017177440798823218,0.025695899977042913,0.003498712555098482,0.013291154288612717,0.06341135482357085,0.04090435613099497,-0.018258475559760567,0.005225057886292905,0.009165028435853984,0.01563932474217622,0.007240284924087126,0.004042009066016927,0.024277062608327293,0.04568215486318605,0.015220085987991627,0.020064310464790847,0.0347586433447542
2025-07-07,-0.0017348798608601834,0.01145271442495921,-0.033243411488470764,0.0007127747022215303,-0.007407439048424891,0.0033080823021294226,0.010294072479526406,0.0040740966796875,0.054054001807470664,0.007807960407852255,-0.016556353781155386,-0.040960447030799596,0.0011709290257337912,0.014897565253434886,0.0017241379310344307,0.005351909985581438,-0.03055445576289939,-0.012012785823722227,0.00025356322678482535,-0.003661440820824313,-0.004836177132887309,-0.02729004774206112,-0.002587277297792512,0.024291288181444326,-0.01228344534325787,-0.04458911027440737,0.009560265880022012,-0.04225359049406152,0.005555550404536813,-0.003391298185766889,0.010526297382392302,-0.009190415243563455,-0.020418929458220658,0.009022475736518487,-0.0044052821794189345,-0.006616212748740358,0.005227845645730422,-0.01030372744499819,-0.009736423464639099,-0.008829178357662726,-0.03301883821769058,0.03182934357860279,-0.016666651213610217,0.05476186980105591,-0.007532854763854124,-0.027180324640644682,-0.00809717988674652,-0.01517727040719441,-0.016013803904579293,0.0002685535903059755,0.06026785262879364,0.0018496108455940963,-0.008478921235539616,-0.01944815896448404,-0.0286711521483195,-0.018242144226708112,0.03389834047197171,-0.0414013099961873,-0.0034494940460643164,-0.03587440494251337,-0.0057507861001470095,0.013812207821973788,-0.003012021371113671,-0.016783063683184163,-0.01670147508368458,-0.014382186441520894,-0.03247978804779894,0.0,-0.04915693450113867,-0.014769032494989509,-0.01685796223455238,0.002578716461973052,-0.009057980497666818,-0.015221985817996941,-0.0027007693211874573,0.016160298852748722,0.017155407780323317,-0.02696079040098731,-0.002969008150385033,0.0013943543060288555
2025-07-08,-0.009732383809189282,-0.0414184489709809,0.026022278113007502,-0.02706553529012723,0.004975105941700697,0.0,0.018922869957273436,0.029140501305524147,0.07692308280124727,0.0035755860475414902,0.0179573344727475,0.01620031430521318,-0.0011695595545041515,-0.03302749259414994,-0.04302023614885364,0.008706467661691475,-0.0006155176768543047,-0.005313292287691729,-0.01286599152802248,-0.002792876275614642,-0.006479500536070271,0.0002942852031182497,-0.004863916457366946,-0.0023714586607496146,-0.01116072623270914,0.0009465582532868222,0.0,0.0,0.28729281622405556,-0.004040808740450874,0.049227155286313495,0.015459381223736024,0.018763244558303027,-0.03303522284664551,0.0,0.001902797634423914,-0.006389970360144437,-0.0016437268763730417,0.0036175094815822373,0.01975213522167052,-0.014634132725648952,0.11322027724163064,0.022598848748059952,0.007524483202164145,0.0005614937018163513,0.00039738212385675986,0.026757377460414844,0.0012328747795413708,0.010116539963126447,-0.018391733064396676,0.016842089201274613,-0.020307687612680314,-0.0015023386758048485,-0.0017586742340919281,0.009203139268990856,-0.04814186549648247,0.010928951069668846,0.01993358920250543,-0.020076159760499257,0.002325523628167181,-0.0070693725037555,0.03542230880649355,0.010070435520861842,0.013464746471200328,-0.004246211007279288,0.011717873349471164,-0.02259512565436428,0.04145405649741707,-0.02314398699035758,0.0007137692100951387,0.00028576554438819457,0.008834723011677426,0.009140777481830842,0.007299267021590117,-0.0030147755762479633,-0.0152671259364765,-0.00039224273593463366,0.02015117560257229,-0.0072585034984388175,-0.04210968661408887
2025-07-09,0.0,0.0040410654496314535,-0.02445664737778752,-0.019765703302003113,0.004950476795182679,0.0,0.007142884390694659,0.013978541302131164,0.0,0.015439385961079966,-0.022050696361022637,-0.0014493085135679484,-0.040983653166637435,-0.013282765069207891,-0.0018347970421702664,0.0004438783619760134,0.018848151792755008,-0.012532123753084767,0.007768927546444759,0.005454056502324667,0.005434798560243204,0.025988044510873776,0.004920284430648181,0.015847830589005962,0.020960967872708514,-0.01579409166481416,0.015151500099837678,0.00980391240220757,0.1223176374089201,-0.004697844549455432,-0.014091289949790808,-0.0034797705307747506,-0.0039621085524980115,0.025173376176574003,0.008849549119871458,0.0009497863053702371,-0.0038038171837615486,0.0038420791716835545,-0.00951945235336582,-0.0015190752130788132,0.0049504903750889895,-0.04110838671449191,0.05524863370343103,0.0627333216860193,0.007078981180577593,-0.0002647821183469068,0.015459381223736024,-0.012683152209194026,-0.010886130996686672,0.014496684294917905,-0.002070342070938369,0.05527632892897949,0.019385487823872838,0.0068513711479099015,0.030249124511687375,-0.012422390207296852,0.021621600722988132,0.006514703514460596,0.021547215077701187,-0.018561467463607983,-0.020711969187924173,-0.013157882353605488,0.005982095833907408,0.0020922915578387435,0.02558632183239329,-0.010270921685148648,-0.008586580724725401,-0.013472095185690813,0.026000037560096168,0.0017436795327732124,0.005380768910944633,-0.025385222688928177,-0.003623155464245076,0.022165339635331405,-0.0002561793736984841,0.012273820016108328,0.0209927343378129,-0.00329230887687737,0.001687291944702407,0.028059179796078526
2025-07-10,0.03615306054476264,-0.2130030750239954,0.0009285419115363513,0.0321134682954578,-0.004926090299464225,0.0,0.0,0.01855778018876353,-0.011904750923180218,0.0029239901817335046,0.015783578932248243,-0.015965117388798133,-0.001220968787028709,0.0,-0.0073530457056010246,-0.015085770133304477,0.005501503185794565,0.0053054396130916,-0.005542941468418605,-0.018179115159714376,-0.007026993480842569,-0.02513865747675803,-0.008397879787626406,-0.04134157675615213,-0.009159791837535791,-0.03305631467205483,0.022388037792902438,-0.004854364437391179,-0.01147226435195503,-0.008796371658394975,0.016566517180759632,0.0021824197902033937,0.02663312622515357,-0.004760677209606712,-0.05263152941442195,0.0018974788571357593,-0.012137450556865437,0.002733589132012826,0.009051090950171536,-0.0015216063257988965,-0.00738909689507361,-0.019371269833865723,-0.005235597192677299,-0.01124384065770423,-0.0014381827793369384,-0.0027803863776195703,-0.008916917170377348,0.14330254203089376,-0.007043796889161791,-0.0012581953255335065,0.01037338425663803,-0.02142849519949841,-0.03457082317943061,0.014970359428502222,0.011766018722652927,0.005390787540472175,0.05820106621041665,0.0010786704114069678,0.018672142654254875,0.07801416600899591,-0.02247194444131495,-0.005333328247070335,0.013875063184466851,0.010126350931682015,-0.00831606519360606,-0.008831978156954245,-0.01632240652996375,-0.0027933007193698955,-0.029389698796228214,0.010839459194888601,0.006014878555298253,0.007279338068440611,-0.012727340933815778,0.00917436109520664,0.008048312217049602,-0.016379345842134407,0.012682548727918741,-0.008257555065685152,0.06316675988626308,0.01242552767500027
2025-07-11,-0.057079991435022626,-0.09638083224178517,-0.025974002370377725,0.02677278536392813,0.0,-0.011188621656117448,0.019858136552901584,-0.008328987217421702,-0.024096363046584468,-0.018075772522125333,-0.03995567161003721,0.26401171528377687,-0.017114934165658235,-0.011538450957754964,-0.003703664350163338,-0.01811990759488702,-0.02002165514918053,-0.019971027855401613,0.003011107152505188,-0.019113072758422445,0.004899143134486916,0.0024512244964896013,-0.010365662826971378,-0.001627336142265734,0.11348420053244035,0.014310543819987531,-0.04197080625418914,-0.014634132725648952,-0.06382977153505409,-0.008658170547663158,0.007828753431414315,-0.03919859122028113,-0.009716940807539376,-0.013847004905708227,-0.05092598571453333,-0.00757583172553844,0.00016501124755063934,-0.0032715385724108037,-0.011004282031646051,-0.007238056820637384,-0.022332542903805597,-0.006476655805165654,-0.007894729412163293,0.011371702265989825,-0.0022504314979336915,-0.015268235835103394,0.006802751269849638,-0.04341655729286742,-0.02682330011307943,0.012417933203629827,-0.01232031708203063,-0.014598525749495717,-0.029517281450402222,-0.03198930993330906,-0.024218544661910757,-0.010723850764878362,0.0,0.01077590348569002,-0.005431086486008652,-0.03728071895332574,-0.019607778022392663,-0.06702412834359683,-0.02541537505784508,-0.011575060153511285,0.0188679532334326,0.003787015530265725,-0.007450068447287794,-0.03952693481308278,-0.014367435063224465,-0.008531637244862167,-0.005884740084281415,-0.00813009530885267,-0.00828721776924679,0.0012396357727051388,0.0012205773465869818,0.02876289263141074,-0.056546480058724646,-0.014571267090062623,-0.016283764318125837,0.023149525481933164
2025-07-14,-0.004849948840433438,-0.020026081768544812,0.0009525168531845374,0.0007047377855924353,-0.014851430385548148,0.0,0.005563276986744636,0.008748906153109859,-0.04938274239498086,0.0005938269589391698,0.006936465001474046,0.2053675952806362,-0.024875564796422056,0.021400804741579682,0.02973983073324815,0.008615428272102488,-0.0079759678995307,0.02185612435359996,0.016351529586818625,0.019333221979872306,0.01625140358448629,-0.00919400463558484,0.0023459022455720735,-0.005705041375358655,0.0197537538127861,0.0037720770584444008,-0.026666641235351562,-0.0049504903750891005,0.2458677726661187,0.004148615265999522,0.032656903912447355,-0.005892981138431286,-0.01317487278590379,0.03931582812143919,0.05853664720434448,0.0004816018710993575,0.010903346901774302,0.0007151719558227132,0.009817714433869584,0.011511954790576207,0.007614205825909215,0.020860479831228185,0.06896557830165784,0.03302883219593866,0.0036269176642658163,0.014696155646987563,0.03966869338390322,0.014254760693332535,0.012300616903435646,0.0029775049161142597,-0.035343051625008504,0.027160407776990025,0.02744622051219414,0.015236973584419777,0.00841902777354897,-0.0036133661206629863,-0.009999990463256836,-0.004264388205224567,0.017064858443929243,-0.0022778479154449416,0.010344737579510488,-0.0747126405282259,0.01604812869877592,0.0330406358798514,0.008230509207508785,0.0,-0.006482417790794726,-0.030784210763132314,-0.013636347057813025,0.02297313712837812,-0.012028834934525112,0.03130692298098103,0.0037140806518360936,0.021461113455086167,0.030272220415471063,0.008408686972820378,0.012469809265141407,0.00633721668727194,0.008858248432769056,-0.0018613375184762804
2025-07-15,-0.028700362974631966,-0.014660147505580312,0.02854409393225965,-0.01760563403929638,-0.01507538082821358,-0.07358553686384484,-0.038727553121670866,-0.018213408915288,-0.0649350046166508,-0.014243388906220122,-0.011481100003646105,-0.005808273609440362,-0.0790816942774153,-0.02476192656017484,0.007220139226114863,-0.008541836690781013,-0.010204769190175322,-0.037507735624116134,-0.007415722914887235,0.010603297800987344,-0.018656718804943018,-0.005330751066229378,-0.01707535839210572,-0.006557364764329887,-0.0350926456339975,-0.02274274769126372,-0.009784772882280857,0.0,-0.08789389574916695,-0.010654565579050757,0.03008902522010337,-0.02462384441462573,-0.01016014284832445,0.006140997436065998,0.08755751710680704,-0.008662318329657692,-0.013487431250396753,0.0,-0.031203807689942797,-0.015933269240784198,-0.01259444633651241,0.022349931335507334,-0.04466508580761119,-0.0306122323199971,0.0009167630015836092,-0.03188951648072291,-0.04905660618785468,-0.02878350705774735,-0.014851482173886543,0.0029243814744550622,-0.008620681681899223,0.02403855411964395,-0.016806262959915275,-0.003021124225219829,0.07719825282487358,-0.00997277056575363,-0.04040406168924138,0.022483943759763925,0.0005033791531345866,-0.00456620557167875,-0.017747379471808822,-0.08695651208134314,-0.03751235045883217,-0.03613360605339666,-0.02653069425450505,-0.02285845034965428,0.0072115465720246075,-0.010364408810560555,0.0012712222464559275,-0.032489606244830216,0.0023487523440752778,-0.026492924092111236,-0.004625398178071838,-0.006060598431381958,-0.06665341078340381,-0.007921618044182788,-0.02463253227469553,-0.030646553832225143,-0.013215058658709866,-0.012059192290210796
2025-07-16,-0.02248657997192538,0.03201077884146719,0.006475455835059929,0.01935487178891182,0.0,0.03445762607897507,-0.012949593988585861,0.024911658753079324,0.013888875091518038,-0.0018061493001827467,0.12078977971230054,0.11587142427863406,0.020775609388303584,0.009765662471182601,-0.014336943842335304,0.01952488662088303,-0.0036865556276035605,0.01900159887010533,0.01177662998750617,0.00709335972723002,-0.008147715810384426,0.011810272513090414,0.00700922410744842,0.014851539133049263,0.005237134441944846,0.015281640685193443,0.04150198429283303,-0.004975119657066318,-0.02545452117919922,-0.006813185319592074,0.010581208653029694,0.013090261553771354,-0.00025031004638131904,0.0026855618361882883,0.03813565957138998,0.008738009751694475,-0.016854759165744748,0.0005497475112383743,0.008410650825480426,0.0030839765965033905,0.02295922215210222,-0.01030599273498134,0.028571463958231513,0.038596504612972815,0.0010238470867451888,0.019214921199971702,0.013668406603664751,0.02419546230307912,0.010963900311100838,-0.013960696164789232,-0.01739128812274282,-0.004694942884761688,0.012595250748685505,0.014858226761707671,-0.0213386527402889,0.02289377273382276,0.01052630588288439,-0.011518388288440207,-0.0030186270736627385,0.036697211585436484,0.03474631796136163,0.06462586854508068,0.01128201606946111,0.0026251910311716475,0.029350104396541843,0.0029526026709536524,-0.00238663750978918,-0.01722973724017607,-0.004126302625917511,0.02961604980891086,0.005021351631776527,0.0099784241870573,0.007434970509347938,-0.006504178175964714,-0.04753859286322848,0.00882527367651309,0.015274949558202078,0.011260299191387713,-0.0020672600441977718,0.020260075313390802
2025-07-17,0.015209183934699277,-0.03975534607587794,0.008272196982922697,0.0007031838973101667,0.007653032610020816,0.0,0.029154490579095027,-0.0034476289265457094,0.0,0.008443830990257473,-0.027979224327728813,0.0654450259601631,0.0013568819639200314,0.023210809243372932,0.009090948675791743,0.019550919025570712,-0.0068986570447137074,0.011904777412634626,0.014643280605770137,0.020102610655663433,-0.0098576414220084,0.02177534411998594,0.0061609952929087,0.034146275253657654,0.04602026592470532,-0.004918876099558767,0.009487702261067765,-0.02499997615814209,0.11007456362951351,0.028767560784270785,0.016811671297633834,0.00830642845140983,0.03264779990586897,0.007548122123070877,0.04897954417287975,0.006737228565661724,0.0026698690750783793,0.0038462272666532904,0.025684795214407696,-0.0007686237315263078,0.029925156785475693,-0.022720159157664677,-0.015151500555948827,0.0378378012652294,0.008092810856346722,0.01844864799673962,-0.013266651074914204,0.031083982842270652,0.03253507672876865,0.0030915472640284936,0.0022124400274412537,-0.025943316654528314,0.011964723393667498,0.014640692039437297,0.032705956961678995,0.017009810124042568,0.046875018432426474,0.014830545502743542,-0.00033643282526829577,0.011061989147312934,0.032236393362168325,0.05431304525870018,0.014198818275611647,0.004817806412999337,-0.012219945018671963,0.020380404337275948,0.015379271236113823,-0.00550016660614816,-0.020717119315705967,0.026825870957877473,-0.0006661442091880909,-0.004603076615241841,0.0055350046157773836,0.000409207324141736,-0.004492143515048674,0.006665442985492431,0.005015045288913722,0.0034261734419356316,0.03134291088168939,0.03067058687212132
2025-07-18,-0.028651733151218495,-0.010919007102661027,-0.010027367190541758,-0.017568517782307058,-0.005063272351593762,0.0,-0.012747897070443548,-0.023525351635433456,0.0,0.0029906764125640084,-0.024520308433317428,-0.07698604237891205,0.010840149237035579,-0.011342144274519739,-0.02702705375348824,-0.009073030407572125,-0.024502713819133604,-0.0016658125997836004,0.0018503055072336405,0.008918388682030542,-0.00055304368182163,0.005951868612982469,-0.001092130792447299,0.0023584861439231997,-0.0069175430055931075,0.002965898998625205,0.005639047369019767,0.0410256008973342,-0.03529412518971309,-0.03699720411103513,-0.01928925686042493,0.02471391298632053,0.005547187401337084,0.032382796471709385,-0.0038910469739347198,-0.0028681162882324696,-0.0031029443918619837,0.003831164491667316,0.006745447624018519,0.0076922979950504455,-0.012106583377572533,0.009686845055973947,-0.03589746191813492,-0.05338539799170838,-0.0009612239890403051,0.0006612041019766757,-0.022040996771926946,0.011291369935468865,-0.007877474930886752,0.010050026580880944,-0.004415006622562556,-0.03389832954596095,0.007140773644245257,-0.002373267597220119,-0.007967364033268143,-0.017605617544854346,-0.014925358971198954,-0.007306857555499757,0.07773853409163234,-0.03501101055563005,0.040338273871909136,0.021212101289172614,-0.0100000381469727,-0.006566670092441829,0.0020618698615972875,-0.0026631178499824104,-0.0020195152151942786,-0.011061171498396694,-0.01838895124630724,-0.007852715024633805,0.00552320145423657,-0.003496561867623371,-0.009174321313602851,-0.021267847015557506,-0.012534131649291513,-0.00413822891701765,-0.01636725987622112,-0.013230912201597556,-0.011876697100516975,0.0010371155782198382
2025-07-21,-0.004048565428898976,-0.013339420939828095,-0.011970532146455826,-0.005722455388096348,0.01272266000045974,0.013761805220849244,0.02152081777369852,-0.009388885506306233,0.0,-0.004770444854373279,-0.014207559146049764,-0.16459631060908897,0.0013404468846294204,0.043977058935887214,0.02407414165950228,-0.011482342435918946,0.004272697979502027,0.004275767414177789,-0.01785284504206408,-0.0017109726783945955,0.0027670806181487873,0.008970273737692214,-0.002949122797863968,0.005490185808663561,0.03315693679698062,-0.005174916364535598,0.00560751595198572,0.03448272622135784,-0.059233395349857276,-0.009828098282536835,0.023809531868629552,0.00044663819358836676,-0.010098592206219448,-0.009831506826807779,0.08593751309672393,0.007670244623342315,-0.003564920619094303,0.0027263648115565253,-0.00504820601014222,-0.0019083945591217288,-0.004901956201103785,0.03933472332335719,0.01595743163077734,-0.05295732504191997,0.005184767786480915,-0.009249516590184137,0.018931714510010078,0.001083994299415636,-0.007498900561174415,0.014018476542235536,0.011086410501158994,-0.022556369412079502,-0.019410771514563607,-0.008564030144131651,-0.012649353764781823,0.008064529912046536,-0.05050506205987393,0.008412189461688424,-0.0320062430235436,-0.011337803997214624,-0.05284548414104262,0.026706277639223064,0.017171725539842253,-0.0035672728518933994,0.010288036962830649,0.017579029677408764,-0.023271519425831166,-0.009786811627826353,0.019562339375758242,-0.008599599716900164,0.006155862513610666,-0.009054843646631339,-0.012962938798102175,-0.02298378240969068,-0.01173418389499925,-0.027841355577895688,-0.03124994194352637,0.01773357436062306,-0.006274848209438799,-0.013150042207166979
2025-07-22,0.004645793247690433,0.010722589000263127,0.010251651451538946,0.0021583228394850273,0.007537720599279485,-0.01511756770348116,-0.002808986130333757,0.028970007146418064,0.013698616715036138,-0.008388410395592016,0.015520995847393415,-0.04620291252036113,0.008032174985907803,-0.027472544747149663,-0.032549741641292096,0.015320671026138877,0.01998318021757517,0.008411202878328972,-0.008399106013133206,-0.01870889591731406,0.006622425176629587,0.01617332818447359,0.006912619239347162,-0.018720714002785854,-0.026159686429431228,0.021550606495763125,0.06133827447703455,-0.03809520349480777,-0.1111110914881831,0.016241795944346382,0.004044471554526252,-0.0013392312414174379,-0.0008526669563720946,-0.025295501515913865,0.003597118908694741,-0.0019031096796727764,-0.006279235728676058,-0.0016311984461404583,0.0051660696601993905,-0.005736130477558943,0.014778311237724884,-0.01815376490968701,0.02879584697296722,0.02106027249182274,-0.005175810544403081,-0.012136547147445498,0.030966634687673134,-0.01700053839485638,0.011555565728081696,-0.007980819043607368,0.017543843138140724,-0.06025644301741084,-0.011082766339940653,0.0038390813620463593,0.013828171138298595,-0.0053333706325955355,0.037234070547677245,0.0020854539907342318,0.0040322608004010885,0.02064212683364941,0.03004292609647985,-0.008670511866767816,0.016881835297504644,0.004843678543868579,0.022403314644936945,0.027771658028877377,-0.007251323514385732,-0.0074126044842285355,0.02878049524818982,-0.004836104010593867,0.009036190140318423,0.016561929157043798,0.021575978209737112,0.026090773220196928,-0.00336791366408562,-0.013891798248693243,-0.027440329435134747,-0.008499867597206445,0.0013339905125182572,-0.02277407441409396
2025-07-23,0.01984583331434564,0.0862545620646662,0.02952022394514886,0.022971980460425367,-0.009975084608193407,0.01033747485958525,0.007042280479784058,0.0177268064222158,0.02702700090373522,0.03504536422698323,-0.0010917280620545977,0.06458807427020541,0.015936217467747982,-0.011299424374029976,0.0,0.07357371626657394,0.04278584626974524,-0.0025744210616450713,0.017888739202024162,0.012225405879255247,0.009868340610946769,0.006236039427220064,0.004125721443337005,0.028616797893213253,0.02326225805565585,0.008583907150018222,0.09807354449007577,0.01485147112526719,0.020833312637276835,0.03240843021572304,-0.00014389492048738628,0.03308000640841824,0.02642481788744888,0.041959727417995696,0.03584234566968614,-0.0009532725350205329,-0.00044612979473990233,0.0021785208463045436,-0.023678381479492194,0.0023077190607139197,-0.02184458209967144,0.03384518623607646,0.043256955467596114,0.034139368983703955,0.004561403929531416,0.0044552102934933835,0.02338554255126546,-0.003855458017486879,0.009666050577421315,0.003604836070819184,0.053879311895186355,0.08594817476101535,0.0016780461361181054,0.0091787622858861,0.024771850801147632,0.018766760144934613,-0.0051282001121667475,0.015608800995155603,0.01718869537230172,0.04044950851481177,0.020512816080643148,0.0379008377528236,-0.0019530766148807555,0.005553744213000478,0.015936171276978328,0.0227659960646438,0.0,0.05298718800318447,0.04868022750234524,0.03232034795162364,-0.001166095219330865,-0.00426963206087605,0.0018365305344381078,-0.0025010551948051463,0.013574756492636064,0.030125618115247166,0.02132237469873921,-0.014144923998176129,0.0077271762579251835,0.04598985635073882
2025-07-24,-0.032306802845520566,-0.0004245571913849,0.004480279121167552,-0.052631578947368474,0.0,0.0,-0.0335664677977866,0.0035860498556687936,-0.026315764707210976,-0.033274884364173585,-0.029508143753641414,0.035564768199791263,-0.023529420726414174,-0.017142886207217267,0.03177568803523534,0.011804657508496463,-0.02193936434659094,-0.0777409841815373,0.004595459264622237,0.0028755556160169338,-0.0027142861951791053,-0.005827429255263139,0.0066066891344771506,-0.021638214079956364,0.007848468458442115,0.007693460091472648,-0.09409890819500555,-0.009756088483765968,0.03877552112704841,-0.00881536816089501,0.0017266582242019268,0.00605795698619449,-0.010006815414453918,0.0011638556360822339,-0.0865051871713649,-0.0028626431551390663,-0.007851781291277615,0.003804420831955424,-0.02697876578758074,-0.004988496479472193,0.012406876251771504,-0.014853064069137112,-0.004878044241882984,-0.0213205241011013,0.0021282933771897827,-0.023655903266481926,-0.03584903683693941,-0.007740760210990794,-0.021975594901054385,0.01725876103762447,-0.03885481848837158,-0.04020102639796852,-0.007000108730512378,0.008526706494201175,0.03493834100765203,-0.0017543425226828058,-0.046391768414455026,-0.019467267377245245,0.021794111735363497,-0.05831532921227944,-0.009422089653794874,-0.014044930651669008,-0.01761255386230154,0.005106257491658939,-0.02156858708812215,-0.01622630687522386,-0.007652192348852949,0.007767630445637996,-0.01778448127072718,0.0018679395821705747,-0.0018211179209767225,-0.006996194170237113,-0.022914734275341297,0.005014489567129132,0.013731878555850674,-0.0016830882693908977,-0.023407778121366962,-0.03043468955149986,-0.02018333275168105,-0.001817202792827377
2025-07-25,-0.019133141719649416,0.00467284191694195,0.013380887253716889,-0.008148122716833073,0.0025188822357946616,-0.015580136491538443,-0.015918908698448475,-0.009018185726878958,-0.01351350045186761,0.02657005254524014,0.0,-0.04444440377146419,0.0026773699925104477,-0.003875965410453319,-0.016304399896669985,-0.01148537676283412,0.020076776157788245,-0.031904172681712084,0.023304633349904513,-0.0015771247015884393,-0.00816556521057421,9.301512543902213e-05,0.007804392058717857,0.01816742090504997,-0.028195569399368514,0.008254965145585436,-0.028168988071767043,0.0,-0.02161102754750943,0.03470730930443944,-0.0854640095217295,0.010752688172043001,0.00686865203012843,0.004417634243689905,0.15151509130844198,-0.0009566303322461334,0.0017991163320263404,0.004331308093524777,0.0009660801448367895,0.0015425086611360328,-0.002450919664624518,-0.007076842015746321,-0.004901956201103785,0.0014055135915014283,0.0024070586551074857,-0.0072962792982596,0.011741619506896228,0.015379440563804803,-0.0033370750463386223,-0.00340177109187767,-0.0042553152634362545,-0.013088992981693415,-0.009760770652964323,0.01146079150473156,0.0228841434415632,0.014938495130436769,-0.03243246552193535,-0.0031347684355116368,0.012364745267569477,0.0045871514481794495,0.0019023419673271924,-0.014245000698614008,-0.000996038737035021,-0.005909786132349604,0.008016087243882364,0.011841750894022729,-0.0028040788418352003,-0.0056970534659732674,-0.011661723618063391,0.01931686709720637,0.0005613442591165807,0.010113629427823234,-0.0028142332158461736,-0.04656957344744406,-0.011929364201846537,0.020864039008139157,0.06240551293343777,0.008968694658588516,0.010164656844693143,0.061184195111535056
2025-07-28,0.0017914042512157113,-0.007188164018436027,0.020246463211701204,-0.005974602065335177,0.007537720599279485,0.0,-0.01176476445577379,-0.008756904559277023,-0.027397315080268658,0.0,-0.06756760965509312,-0.04334036424511689,-0.010680948128407586,0.005836616845840803,-0.009208051350371171,0.017083817316661865,-0.014822029606241238,-0.00682253091080931,-0.006826059205263357,0.007323405028343721,-0.01317226735310395,0.010047470248763624,-0.005637778648987846,-0.024049681633941944,-0.03675043014165402,0.013298636359555749,0.00905800559920844,-0.024630518729541362,-0.002008078081031095,0.0067084939386541365,0.0064395111339794475,-0.015744716563123373,-0.0029789388802978767,0.012962906219996295,0.12171056862518115,-0.0038315452756335633,-0.001592717239817798,0.0,0.002509534211147413,0.0011552667871155275,0.01719894149184875,-0.061047434747948826,-0.024630518729541362,-0.016842089201274724,0.003125075958207768,-0.005685746244023071,-0.022780949632549508,0.014487978114163802,-0.00624997285859874,0.005833005662313484,0.012820501064172207,0.014588877197735606,-0.00559789104695807,-0.008173096204916463,0.033188536822179815,-0.011255420977845598,-0.00558658697003811,-0.01048222032176016,-0.0016794091730631955,-0.00456620557167875,0.008860719373067427,-0.014450853111279693,0.0029910954580474325,0.018564888879301966,-0.0099404257349206,-0.004179648155410498,-0.0021089559290169424,0.0033704206677649395,0.0041918433118368625,0.015584940760526633,0.0007949585217563726,-0.026887157228699055,-0.019755419089099946,0.048844228325953365,-0.001354100537484193,-0.0074318501760275435,0.005081300734212979,-0.01777785719609093,0.046482577466206765,-0.016968815029388518
2025-07-29,-0.02841248267734897,-0.03705276613484565,0.03106133286451218,-0.013523688918183008,0.004987512344749145,0.0,0.03422619438309926,0.022865056388203797,-0.028168988071767043,-0.004117665817052862,-0.048309134230700934,-0.08950280691109325,-0.0053980984564138135,-0.01353968484107948,0.01115248289433901,0.01779023081992892,-0.01997774312921663,-0.0033763493588084836,-0.002676318424372215,-0.006557286467251289,0.010011041180544078,0.03619786573999173,0.005702439729109443,0.009538932631071084,-0.009466489537487077,0.002755570813422814,0.0017952875649005495,-0.030303061318608826,-0.03621727081233583,-0.01936684578167769,0.013108556708616437,-0.05577168417570999,-0.009232413025039743,-0.0063985098271609475,-0.06451613579846482,-0.003846184973561373,0.0006210416306569044,-0.010781678947819562,-0.006065434464882502,-0.007307727588595991,-0.01690813939171476,-0.031353109946031577,-0.0353535615039251,-0.019985773167104037,-0.0015488393235895126,-0.013389193606412886,0.011875898093977044,-0.019257803455802858,-0.019766420913452043,-0.007646371539299812,-0.012658216387505639,-0.01568625935465673,0.18258589569833394,-0.0022473814187844443,-0.011005756383525078,-0.0017513535577980965,-0.06179776183885555,-0.036016865892675054,-0.0029057200178165266,0.06651375068176235,0.0012546822509797995,0.020527839143952953,-0.02186881290778231,0.06563593027318437,-0.02610440343013498,-0.015320115358273934,0.00598799225830593,-0.00873363200819266,0.003401379401130278,0.02161386599647397,-0.012987665800312187,-0.00439303183142159,0.0067177888441951605,0.010395025881296371,-0.01338890948067517,0.0024958320418084767,-0.04469158848080246,-0.02488695773791949,-0.007573174056084708,0.001858910585312623
2025-07-30,0.013292386316954286,-0.02167181591732581,-0.040167398244420505,0.014470645752266975,-0.017369721425283702,0.0,-0.01438847588157588,0.017442889200711464,-0.014492739851898917,-0.022445465934685438,-0.0012690645604825912,-0.006067984481033295,-0.023066466263070073,-0.01372543061434861,-0.0036765228528005123,0.011223986239268013,-0.018371700793334167,-0.010280367081808017,0.0032933232357716946,0.007461578618214171,-0.011013138467452332,-0.008888970052024825,0.00745200536420354,0.007086600865068071,-0.05328700311715906,-0.006194703101084387,-0.04121864197459124,0.005208328482694924,-0.014613814659467539,-0.011892147005109432,-0.029728843883451206,-0.04029308891790284,0.0023824141446946445,0.010579555872023638,-0.009404379577318989,-0.000965136452283688,-0.0075543116782650355,0.0,-0.017531932765134206,-0.006586571333743296,-0.014742000061157001,0.021465058038498297,0.013088992981693304,0.004370023424409064,0.0013398364260559514,-0.007492140979204032,0.008476488123738468,-0.004522930559381466,0.0016040260266554363,-0.003549595623255297,-0.012820501064172207,0.053120797793504204,0.0005173634941590954,0.001970897029168972,0.011851963928901421,-0.01403507480404087,-0.01197603679070025,-0.00659345242873588,0.015644315644479878,-0.03440867117587121,-0.01065158582044523,0.0028735604621976663,0.002032469896262823,-0.030748495948460186,-0.01030924955617929,0.016624096163416313,0.0031512836027081104,0.11216534870449912,-0.03097075637862623,-0.0022567704730093174,-0.010507915039244642,-0.0059219939615098305,-0.013345922598442916,-0.03497933120381613,-0.008875501228063132,-0.10290451765612285,0.02646062564747509,-0.01856147985100365,0.0002572786538459493,-0.0027642400252479993
2025-07-31,0.0016145677555299276,0.004068636610520926,-0.02877067554327606,0.07507507679512737,-0.017676761854395706,-0.1333858195220664,-0.018978119160702578,-0.0018309022469886749,0.0,0.01993955335933939,0.01778911630985469,0.010989030183036874,0.0027777714078596194,-0.01590465153206444,0.0073799949940860365,-0.03632534303155199,-0.014293109378678226,-0.014046292881511935,-0.0021883419065988896,0.0001424751287981696,0.0038975057121690693,-0.10690571581278907,-0.004631157189563528,-0.005473015595775177,-0.02844901917699394,-0.010076372908772169,-0.013084055340562895,0.005181404116229027,-0.050847411395418596,-0.010315935760379369,0.002698811944998436,-0.006679360484903363,0.019946370447520234,0.2938097462653253,-0.028481060171943517,-0.00579729485048075,0.013078011921745292,-0.0005450623067452254,-0.01163359433132416,-0.0023401207613603647,0.04738143878766832,0.028685813234895052,-0.023255792462719804,-0.01450324944295811,-0.005299178571309349,-0.01922803066500034,-0.028017306228594774,-0.021387415235640805,-0.026309717118940923,0.017029402351838252,0.019480552990749578,-0.06052963801564781,-0.017686291851394476,-0.00936680385903288,0.012696761845822468,-0.014234862159271389,-0.024242401473340114,-0.01991153826718428,-0.00996689482923152,-0.011135794308794189,0.03799852718792307,-0.00859598031741915,0.01622726233850047,-0.016853516889908438,0.002083347612042097,-0.006498977314893684,0.0045375848552977605,-0.007007908116239192,0.00906343934418996,0.10644611162966955,-0.007079571638254123,0.005256359596238269,0.005797048068439281,-0.01449892731553859,0.020625175558310893,-0.03792792478932694,0.1321921968556794,-0.02316782370862669,-0.006000381927504406,0.016100209364371176
2025-08-01,-0.0324400680173651,-0.04007201379268177,-0.02603232669745703,-0.02444130134457423,0.0,0.04988191839123668,0.022321443459919266,-0.01584126635987948,-0.029411736347271344,0.0,-0.05992509430183779,-0.009661826846140142,0.004155148781404883,-0.02626255406322109,0.005494492942316187,-0.022762450681241053,0.0010404035964270975,-0.02214772663561393,-0.02272308027079395,-0.028054800450770134,0.014420563758532179,-0.005623768463272283,-0.029273004557238358,-0.02515718553518076,-0.016687678930289662,-0.004450348706442009,0.0208332674822449,-0.005154695555459998,0.05803565869145877,-0.0065146752046175704,-0.01060795076890364,-0.013448548674401817,-0.011149781434110162,-0.054529438123595675,0.09771985629960533,-0.005830902353499923,0.015111832491591093,-0.017447933749746403,-0.014463766508419518,-0.00899140362660511,-0.05238090480536073,0.05220495280553439,-0.007936500427734305,0.0007358520065896546,-0.01969872349438906,-0.01975030553095114,-0.015964466305226188,-0.04235078662852454,-0.04276314934440717,-0.08269617085933034,-0.03184715374788938,-0.03624160910591301,-0.053803639825737326,-0.012292010452905067,-0.028606793502148675,-0.049639006725814006,0.0,-0.023702036826684147,-0.029743675896014343,-0.03828830497816915,-0.05979235746874767,0.005780341244511877,0.051896155721874226,-0.06221637740166086,-0.029106027014940916,0.011394775328341655,0.03196662219773794,-0.17367290030413407,-0.022218718369901524,-0.06560606093133792,-0.02500361671306328,0.02254244127866034,-0.02689726015456373,-0.03245352785851252,-0.03679384125735896,0.0016826100441342806,-0.18105650574018117,-0.023233161105755018,-0.05907208113317697,-0.016966286509414674
2025-08-04,0.018950433959543656,0.025328373511114055,0.030414713520752867,0.05511807368441235,0.0,0.011683229415075713,-0.002911205423533403,0.016435127298876973,-0.04545459060957757,0.013033236645979107,0.07304112862856127,0.07682928403596834,0.019310300204352426,0.04771784458136419,0.025501004276022865,0.0181216776450428,0.04754795368186815,0.005264489456545229,0.010160796018384266,0.029597089057233905,0.00656076184976917,0.046657290843794774,0.006057828321624159,0.03145155241035846,0.07012483697757244,0.025204559127504966,0.0055659017720737225,0.06735751231330078,0.24683547105276404,0.005464509497310921,0.03184512121964822,0.03310605489375118,0.01825556405997042,0.03293024107467302,0.020771564996585834,0.010752702028632877,0.0029920104248726265,0.008878940159147142,0.018635327103009747,0.015384718353988136,0.042713586803831305,0.0006163360501436621,0.04533335367838531,0.0514705727669611,0.018451496636490816,0.01674072994661069,0.013519568717454522,0.028851867686072286,0.029209587081042265,-0.01443541840985152,-0.02850879738425538,0.04038996779755211,0.0376676371968756,0.019146084793497664,0.021541563523864937,0.00949671263111318,-0.03105594477100304,0.0034682876264224838,0.02027987331391845,0.016393482897905765,0.02790397959761437,-0.028735604621977107,0.0332068674323025,0.01096772033503024,0.017130634516903998,0.022532877772530435,-0.05454546162154761,-0.022279999059428568,0.039645494430572636,0.07233192454338777,0.004792959023176335,0.005795478820800781,0.013820409936234679,0.016659094548885145,0.04102020403359141,0.013918995629030206,-0.0026690154432456037,0.001981945856228684,0.005315753164789827,0.03303555538746372
2025-08-05,0.013079897520064776,0.016010908707630778,0.02236141426784055,-0.004070520140708966,-0.002570684401562162,0.0,-0.0043795231224605935,0.013668939354581688,-0.01587300085546861,0.004678497514013946,0.02846540817851273,0.13363536980423008,-0.0013531440491232338,-0.013861419607429926,-0.014209616974333983,-0.012720195563843184,0.016184042544836963,-0.015223509799765611,0.009564954151291882,-0.01295004087640661,-0.01249319321533604,0.02952531380188894,-0.009329832071398592,-0.012509749933200531,0.0008977437354267259,0.01261709996832372,0.05535049993999941,0.03398066679891576,-0.013536366458805515,0.018478155473184987,0.005738137374766694,-0.01555136354308806,-0.11354576081355416,0.0018011252394920518,0.06395349562522701,-0.0038685036329804134,-0.012288472853183352,-0.003850349298612721,-0.007697608616389129,0.006993012754894501,0.01686739595557074,-0.012935084694006949,0.017857125479695757,0.08391606945870045,-0.006789424264501687,0.00014579638971690123,-0.015562489329999929,0.007470423053905995,-0.00930120168876547,0.009922070229506863,0.01805878186076937,0.01807232030435868,-0.017426273458445052,0.010990026103766537,0.015570780403093343,0.07714013979268386,0.038461579608730645,0.0011519901907788288,-0.018335929986989186,0.004608290374042534,-0.005050534221518799,-0.02958584013766763,0.011019272890350207,0.01776233305502739,-0.044210522456140766,-0.0010201803743380422,0.04380344005966008,0.015191781985921526,0.005890516832033343,0.01032834074847,-0.0021146570738387327,0.0016947409587453333,-0.0009737008946438808,0.011071839366973979,0.04758955335799597,-0.018224867875355488,-0.00802855952556869,0.01730968742676864,-0.00437599914531861,0.09141089729364538
2025-08-06,0.006455511333352426,-0.055380440924747254,0.015747932044167356,0.04632148074695297,0.0051546197035923225,-0.07912746205485843,-0.008797645347408345,0.02483141403440947,-0.032258033504347416,0.005820635312387745,-0.04813484380341826,-0.05294712033235505,0.001354977528903234,0.0240963624697752,0.009008957985764843,0.0010196098454227087,-0.11734202107254721,0.0029681171121758165,-0.004584342431543931,-0.004757757965000997,0.012651247697232693,-0.0002811568372719231,0.007347101221767405,-0.02216931730229288,-0.012855016303981559,0.02652304407729167,0.0017482918266857883,-0.009389773835924098,-0.01886794767648614,-0.00042677451117489884,-0.03222822207809184,0.021062735610976047,0.01886976649010652,-0.01348435840350326,0.08196719816420295,-0.003883330163107157,0.026419278990816197,0.006626111641934829,-0.007757477168043092,-0.008487702590472823,0.04502371248028658,0.023400939612419736,-0.13032580944451877,-0.08451615610430319,0.012583218785727324,-0.003496466133995013,0.02032523827213173,0.013803320031067656,0.014684655679040981,0.04004677220394748,-0.0066519308837790225,-0.02301120187981054,0.012660340104877266,-0.03577068263837413,-0.01541967886491935,-0.03318778347344853,0.012345667202249944,-0.00690442679396952,0.0017265339082963571,-0.0045871514481795606,-0.024111662331623096,-0.006097555213709138,0.0018164853472837361,-0.01996035284943154,0.033039659782551745,0.00735294656956631,0.06721250973995985,0.009726907345097624,0.02481122862529106,-0.014387683376498872,0.050906762062084,0.012406930167894847,-0.007797298115890916,0.005694174431969845,0.01778292740717946,-0.004098239463821707,-0.02023376170062774,0.0038892149155695943,0.028660354176882175,0.00957592212573899
2025-08-07,-0.005612322764529276,0.012392766184689874,-0.03531427314775504,-0.005208328482694813,-0.0333333928884203,0.005759377719923409,0.008875730879888577,-0.0035301864855656895,-0.016666749450892193,-0.008721043253510752,0.0012642514633054436,-0.015822745334741706,0.014885044525220659,-0.01960782480441492,-0.0035713907058666505,-0.021806595648316995,0.0017283097860267826,0.004685611317811533,0.006877458823573601,-0.021584826809721736,0.014666040565611826,-0.0031873880300899993,0.006133115630928998,-0.04453456476311635,0.005754046761810683,-0.01204865255849319,-0.029668425083431926,0.0047393322087359024,0.03846158655565923,-0.01665601682141815,-0.0033460658076628347,-0.006563496959643311,0.02497490275373848,-0.010388184908328713,-0.07070706280113892,0.00877197577558464,0.009178602588877816,0.001096973646495858,-0.010965496865616431,-0.007782091242341527,-0.03401352011798742,-0.01585374261297312,-0.01152736643320651,-0.036645491153376675,0.00338428745865893,-0.008771892199401332,-0.013280178620369787,-0.010014620931050544,0.037722422183346094,0.0036885760119835798,0.13616074350833585,-0.00807536260642916,0.0010777439260039046,-0.01271921093033912,-0.0720768701911918,0.018970193670841518,0.0,-0.17033606576308147,0.006737714277770257,-0.004608290374042534,0.053316021832028104,0.18711653278537033,-0.011786048738724575,0.0043719525458745245,-0.03837948274858982,0.01196264065414443,-0.013427125804536866,0.013338296161706342,0.03293236753994355,-0.006210320561257476,0.03179366736256095,-0.010026754728826304,0.05206278971052214,-0.01045298339319789,-0.009106808292556168,-0.001452520694986692,-0.017209728510510502,-0.02615018711132444,-0.004984845797122994,0.0007347579013994299
2025-08-08,0.14533358185382128,-0.0042372953652415335,-0.020535696776021295,0.0,-0.002652510088798743,0.0,0.0,0.012882497124234282,0.0,0.011730320959874252,-0.015151500555948827,0.0,0.0013333625995837206,-0.022000026702880815,-0.016129084176320974,-0.02593712494888578,-0.0011732103250933212,0.013745625592134214,0.000792909543835707,-0.002517036314010457,0.002141226736498192,0.054735302897401805,0.007644484666675888,-0.026271137767233332,0.03673596068461005,-0.001219595002495133,-0.014388475634778741,0.004717089349841386,0.0033670001235441838,0.00021713625564423467,0.0036770510798032063,-0.10759795324124588,0.0052213342789619865,-0.06095759862063921,0.07065217003986834,-0.004831128031359433,0.0036114365978570095,0.003287641190874213,0.017451921268831327,0.0035293769843247613,-0.03051645714935569,-0.002788059238939211,0.026239041521185502,-0.042428670114777134,0.009328174923325827,0.011356805195222197,-0.010318593097263684,0.014889719352238595,0.018518461991566593,-0.001971955504762035,-0.0471513243144599,0.02985078296403798,-0.012057950377601045,-0.012004643163474937,0.054948249175384545,0.02659576221956539,-0.018292665641127526,0.01536314746628964,0.02583658956779611,0.0023147573257693566,-0.06975314682130296,0.023255854069589743,0.011926616421152447,0.02855918240519917,-0.019955681692990668,0.0010017840405913692,0.012313716128743879,-0.009872045850010447,0.04250979859021142,-0.011081013122886896,0.04235796846134887,-0.00033759598346638775,-0.043884200201659174,0.047095183505959204,-0.0039005500378287428,0.005818255549217,0.016343612381885197,0.019890693009053217,-0.008677770900841875,0.010178840087653906
2025-08-11,0.047518493091181835,0.011347507113328437,0.023700904450209448,0.020942451183951105,0.0026595646107605564,0.09910413193981116,-0.00439885763243919,-0.000159016470394735,0.0,0.0,-0.01794876152555125,0.003751323440333687,-0.005326283782403185,0.03271990360283139,-0.020036354055896433,-0.00267251235958188,0.018240858616608735,0.026271119600933757,-0.0016453569986185634,-0.0008906607470495764,-0.004273517058808185,0.007668247182002208,-0.006834342657670245,-0.0835509278386537,-0.020040622149087195,0.04011405745965879,-0.027372280081267686,-0.07511740715219883,-0.09899331355899255,0.008066367004803787,0.02198160098192914,0.014807016864351041,-0.01640115656681762,0.02274955499564113,0.0761420582590917,0.0019419112171266129,0.007910393545603966,0.0016384340122896912,-0.002421481406676973,0.005080042789141981,0.060532685973991196,0.002174600001909388,-0.028409063970007975,-0.003055764811822348,-0.0029588640688156254,0.0029166776447422382,0.0052130450544982665,0.0004479887458528342,-0.0035914668945494777,-0.006241858073597895,-0.020618537443073293,-0.009222683827945555,0.011496761425302093,-0.01916430284572712,0.049359150983849354,-0.00949910685681954,0.012422348291186713,-0.008253087061479536,0.004096512017468079,-0.013856799962293498,0.054593941036105154,0.020202000741265103,-0.0063463006816739664,0.008464115342871281,0.029411745390089727,0.009007272856508042,-0.010563436519943403,0.014771034699306185,0.03882137628267257,0.0009119625725146907,-0.008337425180589553,0.011820279193062166,0.04882807626761876,-0.05422453141928629,-0.005310586621128488,0.002169143888915981,-0.07948539355618478,0.007800993015347757,-0.010919584073024069,-0.042386656269981504
2025-08-12,0.02066531473078803,-0.020570296365782892,0.005342859501416886,0.01410251974197485,0.002652510088798854,-0.05201686253367055,0.001472787767013095,0.018285920449033988,-0.03389827426361236,-0.00869565314538312,-0.03002611274870859,0.014415401193941246,0.01874165495594937,-0.003960392113094846,0.01115248289433901,0.03654080389768577,0.01872843765401666,0.028076109466295796,0.015381787652326118,0.02674205489837589,-0.0005365359522010449,0.04911071831523239,-0.013466422940808243,0.012345655710607861,0.0323058713207931,0.039175590615744715,0.005628557267875145,0.030456823303636638,0.05027932712858951,0.013624448405004985,0.046913876792895826,0.020323052568773203,0.050216040417402796,0.07171616019826188,0.004717089349841386,0.004844877449805107,0.0025386021036784,0.008178769687014809,0.03337712721271191,0.010886546734691915,0.16210046109498788,0.007439533383838848,0.0701754398195269,0.06896548700200378,0.012568779990863588,0.03766193845412524,-0.01555803044980053,0.10231724171386958,0.04392883058687724,0.0007681796954406295,-0.02526313380191203,0.00531914387692578,0.03770739077254226,0.0007050024592483162,0.0593381698653197,-0.006974709838152293,-0.04907978107323607,0.023578373841123712,0.02190986511387516,0.1217798555618923,-0.004419204390505693,0.027227756077490284,0.014598526172921567,0.047594739627035976,0.02197795888178633,-0.011307268792291159,0.03429315945483058,0.018922869957273436,0.06801986288627204,0.0733533562236437,0.010872370357086103,-0.023364469718441527,-0.004655451291320167,-0.041777806661496775,0.026532891499195355,0.0069744684636599,0.07187424731843062,0.05128214859862057,0.07007299646075449,0.06396194535936117
2025-08-13,0.024362132382490964,-0.02243442499222037,-0.008857380878246723,0.008217453663001528,0.02116400670224583,0.11249007074446182,0.01176469433266436,0.01702055468937913,0.2807018039189113,0.0005847953875433021,0.07671604102699292,-0.011578911229183753,0.0039421402521828686,-0.01590465153206444,-0.009191307132001225,0.034970634272179835,0.03883302232358843,0.006884559788719047,-0.005229966146563014,0.005932469675212992,-0.005367488222081884,0.03567817284342856,0.017755321099055088,0.0037524314409624893,0.04794711688634856,0.023472792264032538,0.022388037792902438,-0.10837439985755959,-0.06382972787224006,-0.0027735257555110415,0.013101159845190447,0.021961200554202698,0.029438571077290643,-0.03220610586361772,-0.01877943573824914,0.000964401347032684,-0.012509470182278215,0.005408494789873153,0.0069491386953193235,0.05692309414996921,-0.023575708997813805,-0.0030767611375518422,0.019125664371920426,0.09892474073901902,0.0004999831229326457,0.02424311668033141,-0.02382045165281854,0.013405094734036505,0.02050066378531068,0.01395221168040428,0.06695462961494414,0.017195782463606868,-0.006229220058369012,0.000301920079635698,-0.020524998916013337,0.02633882598927384,0.045161325551965836,0.006775028878369227,-0.061215352270529655,0.06889351280462086,-0.012682361519672725,0.036144600462750365,0.024280616955248968,0.014948674955852503,-0.008602105564551765,-0.00421346616774243,0.0037535060693332234,0.014642851693289716,0.029074956283423603,-0.0017585873203677105,0.016024473911425474,0.024720872626135426,0.017773648064525638,-0.00510188702536396,0.01465716763006708,0.0007165468866738856,0.005355053274755495,0.007823138123723039,0.011340397722526818,-0.05165367377123953
2025-08-14,-0.0012855217249860829,-0.03173826333295393,-0.031277873109051835,-0.0031348082340301175,0.025906827348135097,-0.019920311437220284,-0.002906973923522793,0.006295158596645756,-0.0684931652253774,0.02162467063240614,-0.016250014305114746,-0.002129974124856604,-0.003926660804568494,-0.022222153720360738,0.009276570944685592,-0.022662270937991114,-0.026224746220891437,-0.004672314872083971,-0.011421358577573204,-0.01251430249117158,-0.004317335609372419,-0.009854264390573575,-0.010723063937355781,0.0,0.0961643375762522,0.011978233472285327,-0.0018248592786550555,0.0,-0.03409096553469926,0.0025673677715007948,-0.0035268990801001765,-0.042978540755350125,-0.029869735649826534,-0.03568127749549366,0.10287089063032062,0.001458397140650547,-0.003534677607138881,0.00016221927068826858,0.003596481316987976,-0.013100448017388855,-0.018108587434620738,0.017901148513216558,-0.008042887730928872,-0.0215264139170509,-0.0007753245630496286,-0.007251358381911932,0.007038931125737502,-0.0065136939564629515,-0.014379367562086687,0.02858923333961183,0.02226723324701685,-0.013003888672104003,-0.042258651455913565,-0.015595161095445675,-0.008515584016208111,-0.027373798657888915,0.012345667202249944,0.009421288462805988,0.00677267405306714,-0.007812492724042275,-0.039820176331946344,-0.041860534230585555,0.0017558826590449161,-0.004139432270748089,-0.04338403398957158,-0.03767886989679636,-0.004674307416127177,-0.0014079200420114013,-0.07827790311471705,-0.0048595978030943066,-0.002357161460252888,0.016787128265266515,0.0174631690007363,-0.023776314956574285,-0.04085116141509226,-0.003818664047582576,-0.059286738193565,-0.009132328083196195,-0.016356145615236906,-0.0353198158072644
2025-08-15,-0.01287213245561536,-0.032778599144280496,0.0,0.010691828954248805,0.010100972102371708,0.0,-0.00801753704159247,0.026396028431076912,0.08823529669570251,0.0011441650120116442,-0.0406606987900211,-0.10245464779850333,0.013140573861319949,0.037190046004932364,-0.011029476842519315,-0.0019052215052214327,0.013169158255761815,-0.011793000418343969,-0.00953598939683975,-0.008739985028600739,0.01707980582501123,-0.035285434075572386,0.0003646427340406877,-0.002803825722217268,-0.029742531282950124,-0.03991274960954061,0.04021942878741869,0.07182326991750188,0.06078430364242826,-0.0066155126819025245,-0.025070004563460424,0.006788567660828582,-0.02993499683984613,0.017254630531283732,-0.07809113299091397,-0.004854341939178886,-0.0034346436927389368,-0.00432656927828301,-0.019951542073795014,-0.014749243872332007,0.10655737064180126,-0.014554352082500888,0.008108100271120522,0.024666659037272165,-0.004397372106710207,-0.01405726308773525,-0.00815467122676472,0.01805528471401474,-0.0010727147909421753,0.00021648217457226338,0.003960392113094846,0.018445304831497422,-0.01816199465613677,0.0038839421201546376,-0.015156643814244974,-0.001758971353619465,0.12804880486507653,-0.01066665649414067,-0.009543145118662166,0.027559029249642375,-0.06488295692947521,0.01213596896206659,0.010517080382459243,-0.03228604045981587,0.0022831673890151283,0.004397050888144571,-0.004696319490380296,-0.017976743524679373,0.00703289244963301,-0.01214743195836121,-0.005112222817020617,-0.008090945453498977,-0.013550104227343818,0.020534887843102867,-0.008097172700056388,-0.0016771500405994288,-0.01058592605816766,-0.008294891724811126,-0.0014570855542411776,-0.024066095528429754
2025-08-18,0.03162188247200337,0.011470245560690984,0.022140144177008603,-0.006222739868975702,0.0025000507578782916,0.016178842062040344,0.003673783394280372,0.025122677653358183,0.0,-0.014285607309001414,-0.014569553739798957,0.0927467000146509,-0.0025940277588998306,0.09362545656920607,-0.003717525211026973,0.009590823044715036,0.00038992370506063523,0.02259307334616545,0.007652907763622485,0.0029389405417041825,0.009208987468656726,0.01031635439714651,0.0028495808239394904,0.024367432937381306,-0.012879958885385179,-0.0010519640719949264,0.0790860816765897,0.020618536429497514,-0.016635800053448113,-0.0019334473071110914,-0.009983416366903364,0.0031120053841047213,-0.0013211164461142122,0.00753859217544206,-0.19529409969554223,0.005853704251576941,0.007520287807871506,0.005974990745177378,0.009487056165196517,-0.006736460567879354,-0.018518500530834592,0.0,0.02144770061581025,-0.007807409658592612,-0.00039857868177384237,0.008806262970106227,0.05355881596527423,0.014267338125950602,0.014819557696679864,0.0019911124801876845,0.15976329691407365,-0.00776195894327214,-0.0013332156841904252,0.0043779301550765926,0.03898766752982241,0.020264276167940132,0.02702700090373522,0.022911061259564658,0.00521238742082808,-0.007662828249186293,-0.005722457711342388,0.00959231681563355,0.006071175205526025,0.020677212459979888,0.015945327054879055,-0.0020846792502673406,0.002516526160067256,0.000358945752432005,-0.06417186435300337,0.017858177812472675,-0.0030225879499951036,-0.0040785134656456945,-0.023809492860773163,0.025737051057217686,0.01376876686883155,0.025438037546167358,-0.015177825740180895,0.01579923194292121,0.008068690484173802,0.0285091916815301
2025-08-19,-0.0020540538194768754,-0.0036082317629201333,-0.03790614743155374,-0.025046998466895398,-0.004987572263444262,0.03208256872140103,-0.005856509853564229,0.014791245446675205,-0.01351350045186761,-0.008115942935690956,-0.08198926462673939,-0.01958643740155175,0.0,-0.058287742835195666,0.014925494005618933,-0.005994941273542054,-0.04657960443126441,-0.006231638687189789,-0.0154345461122809,-0.031648352532904545,0.015029693205242722,-0.02869199987393567,0.010143813519337908,0.02561760833830351,-0.0023486470069060683,0.010488172317073774,0.05537461888944617,0.0,-0.015037668789816938,0.010116285418370063,0.0058060336215601804,0.009824226088860355,-0.01707198324359316,-0.08679385464105094,0.029239737544372257,-0.006789544962291338,0.0015317032704105227,-0.007019498999209395,-0.009104258399024512,0.0022606918651344454,-0.005660416741266161,-0.02953832228890052,0.039370104362259184,-0.04524587412349512,-0.013567468608822408,0.0018014214958292918,0.003344515740963949,-0.0017583305689790052,-0.004656110491071397,-0.01503309388634011,-0.0816326547162195,-0.06518904759145638,-0.020469422075694355,0.0018246356045779066,-0.04493086928326695,-0.018134718439597797,-0.015789458824326585,0.0,-0.019327406796336155,0.017374547407418728,-0.0007193377700667192,-0.02137770825947638,-0.018965539637416318,-0.000978563543108102,-0.03363234183005004,-0.0016711940327120978,0.01914032212426542,-0.013634770601811286,-0.04294558668725379,-0.021612405047537586,-0.0014292032878627792,0.016491398881387953,0.02345213368696797,-0.04744540779775286,0.01057543875317224,-0.03650827924013289,-0.027286553337329877,-0.012351357857150469,-0.010899171940459529,-0.025353188149266348
2025-08-20,-0.0063331464035032425,-0.0015520272511080346,0.0,0.004495867043710078,0.08771933205279558,0.0,-0.004418222848267095,0.016433178641315882,0.04109585014510864,0.009351257628364085,-0.008784764780346288,-0.002219806576647998,0.003901129784917856,0.00967112440229334,-0.0036765228528005123,-0.01637670484490439,-0.007563373207266411,-0.00159618213252255,-0.0012441716578627249,0.00045407079140269424,0.029084964327826812,-0.023110323063059157,0.010826836958487629,0.008851089631842779,0.0,-0.024009980206819215,-0.058641992796668374,-0.005050500185316276,0.0038168814193295653,0.027700781494842452,0.009722001699026706,-0.00716852493982767,-0.02345705114877572,-0.0145432013295963,-0.13068182972713938,-0.004882883218805367,0.013987888166782536,-0.007612882682570654,0.0019758620621197487,0.008646547273943206,0.055028455958749944,0.03043739177683835,0.002525250092658027,-0.010989065691980104,-0.005937364847378057,0.0033194663609432684,-0.02000003390842009,-0.022996438471200475,0.001275810649551401,-0.01842023178556884,0.08333329654034327,-0.01673638553447654,0.0015331573214891758,-0.007791199617472655,-0.010080977025306526,0.007036053167217782,-0.010695176938778084,-0.013175280561177671,0.0008010684180324024,-0.02466795349362838,-0.016558751673524275,0.007281604524675522,-0.004393689827069003,-0.0015675194011084415,-0.020881683467066536,0.03261102613597644,-0.0043103494294089995,0.005820292788078163,-0.03177877921607941,-0.008749103919210688,-0.019734590701623533,0.010888502176338077,0.010999076169417865,0.05651346861152806,0.008180507771453849,-0.000486844219718785,-0.005974014084060508,0.01343212170656849,-0.02341598773201803,-0.004093813528767365
2025-08-21,-0.010994242274736332,-0.004663220525681133,0.015009394293234113,0.013427112118743034,-0.029953970372337158,0.0,-0.0014793237490008382,0.006748254962297695,0.026315764707210976,-0.006948577912250786,0.03840476065204568,0.083426031045017,-0.0038859701111738643,-0.013409903762017006,-0.0073800870484079795,0.0018394461927624395,-0.009680662289092923,-0.0018270363252204103,0.004422211583487989,-0.005595933704595324,0.008222202920643351,0.016453135224625326,-0.0132349325410277,-0.013428770340400908,-0.0018310147962958823,0.015247312442103755,0.00983605634714424,-0.015228411651818319,0.011406832731696515,-0.0203192704414783,0.015947006756840576,0.01650333702408746,0.012371266168087924,0.009977126089103505,0.07843137713222958,-0.0009812305030849622,-0.025025946449236502,-0.0027395585701806002,-0.007000527874429396,-0.022735672351986036,-0.057553988301194736,0.0,-0.007556667801907446,0.027083357892655258,-0.0046296631665966315,0.0005514317321981821,0.019501148301767746,-0.02654240778931871,0.01656400035611405,-0.008310623433453235,-0.07008544514461168,0.042553149756217934,0.0003401800774212038,0.010095915947504475,0.011315197655705989,0.003493446508240128,0.010810800361494177,0.001335144083768558,0.0001601711627250424,-0.01167314092180416,0.027086351760203575,-0.00963854480333115,0.010591340367796853,0.00235485824575532,0.016587675566563487,0.0016955916880028177,0.013914518513911789,-0.0054249410705143886,0.009269117656605985,0.019905993657368892,-0.004911316333835347,0.007539903115560742,-0.011786022744027291,-0.04306429851778515,0.008167015082418239,-0.0004870813524597839,-0.013848935797160622,-0.012797034970220111,0.00907967874761706,0.011422692580795202
2025-08-22,0.05638794936697655,0.05153574834196695,0.02218116557978078,0.009463698102218254,0.016627187920051467,-0.0022480244364100344,0.005925920274522545,0.002932538509744065,0.01282057748038623,0.019241986831750824,0.10241817478000881,0.008213544721353827,0.031209354022239344,0.03300972294095006,0.001858669866771523,0.018125280252105913,0.030435380078077445,0.06452341013599172,0.015254980914220617,0.026007515765770428,-0.0035680033231964003,0.06381865746026039,0.009870811357163722,0.014519047370936011,0.02515720881319039,0.037692969967808576,0.05194808110195215,0.015463902322123246,0.06203005884546786,0.029841272065380897,0.07700288274299383,0.039066488763577434,0.04628698689596944,0.04301296863602855,-0.09393937795724838,0.014734690586105659,-0.011488373396499219,0.009890002723870195,0.0445833741028312,0.05415704636781227,0.0973282922058234,-0.0003075750160120849,0.043147226859147514,0.04394858824927517,0.015427374041043773,0.050289323491395255,0.05315835049636042,0.059574038173504595,0.0300815223216373,0.031043025385826706,0.1066176319127472,0.031292520007860425,0.026129347626416166,0.023422510079196268,0.074877328216165,0.03742387412893189,0.021390353877556167,0.0426666895548502,-0.0011205288425985005,0.059055156543388554,-0.012116869259863217,0.06569342388211563,0.020087379890131762,0.05990590594493983,0.05827508281713567,-0.023275465789001082,0.01768835777401767,0.07709093960848712,0.01626019061770534,0.024980081526513542,0.012716805363276906,-0.0013897503971094238,-0.002752268489097709,0.022737992706749033,0.03036483245289401,0.003654936970090894,0.019607785661327926,0.07546289923594984,0.04027256539871327,0.005574894075366155
2025-08-25,-0.003050128857297718,0.04108910358205731,-0.04972866694935574,0.013749957084655762,0.0,0.0024085036170955476,-0.014727526538200086,0.005430233797070638,0.07594936804365715,-0.017162364931088803,0.003870994813980566,0.02545824926367013,0.0,-0.013157926579449142,-0.003710535811183191,-0.006427445782647978,-0.023413919612476297,0.016657680382626383,-0.0009772998250042741,-0.002816474469797381,-0.015345205990692445,-0.016787339139314184,-0.01334641496752298,-0.001788918659816674,-0.044989733373911656,-0.006324240358045463,-0.018518500803374915,0.0,0.10796462357842396,-0.002466066177904347,0.019936709491488847,-0.029785093585813605,-0.010037549695415149,-0.021704784283688272,0.0869565182722325,0.0019361559741184475,-0.01769354406985546,0.003808512265523367,-0.007604439826787934,-0.0126627222236948,-0.04000000331712805,-0.0003077886226239279,-0.051094898132619915,-0.06023312025753158,-0.002884814619531939,-0.0038042315175835784,-0.032312541258751826,-0.006214866946786524,-0.011153985731903182,-0.003932852258726194,-0.0049834235719935505,0.05145117023891932,-0.019829852358736355,-0.02051890869781814,-0.01008889536702895,-0.01258386053441285,-0.005235597192677299,-0.006393886142874727,0.0057691930545376024,-0.024163589530783347,-0.019480526675689003,-0.041095959012037,-0.004280838135997889,0.007572991215237135,-0.013215796553698533,-0.023830123001674197,-0.009289759131086872,0.0087777958867854,-0.06918515805844905,-0.010958054556106767,-0.002634298654397349,-0.016379470599593104,-0.03403870040785628,-0.01111628026564615,-0.00826785196754698,-0.0038844455223995267,-0.017151763390425234,-0.029272449798708577,0.019314707650293972,0.0247156591815747
2025-08-26,0.017898089640305148,-0.05468385584072666,0.004757267226807693,0.019112292627273986,0.009345758715544772,0.011858661185633723,-0.005979067490418877,0.009970935186702556,-0.07058823611909537,0.0186261995775292,0.02056553253178528,-0.06752724648551589,-0.005044124608310274,0.02285712105887283,-0.0037243551643942885,-0.0010703948097249283,-0.01308986549347968,0.003382691481349065,0.01595744283372702,0.006838247454088897,-0.0031168088832528307,0.0176598172283442,-0.0012834858626536993,0.017921070353182245,0.03238755526511938,-0.0015911227321083743,0.023584920160142353,0.0,-0.020766790684948355,-0.008858629247441185,0.022108376690502807,0.007045766670125575,0.0032232790444173265,0.05405398127274541,-0.061538476210374116,0.0019323174363397033,-0.00025480961269264135,0.0032520688855197655,0.016091928835726632,0.01062656092693004,0.025362294740822966,0.0003078833856271501,0.04358976208638499,0.020675409097356212,0.004015322766916629,0.012114680093916919,0.12156263055264493,0.017490726788941702,-0.012715318975123235,0.0033781006590050122,-0.0033388951069659445,-0.00250940796148158,0.0012961157029838244,-0.013797993090438054,0.014316948247056649,0.016142699489699153,-0.015789458824326585,0.05276709462750584,0.008604241978310334,0.013333366030738425,-0.003679156323284638,0.014285814843214784,0.0034393775975427587,0.011090767090813358,-0.03571429337540044,-0.009986701048042779,-0.013914144866305267,0.7024765850287811,0.043291439462583625,0.011200618684634733,0.009464670754514737,-0.010666040017786371,-0.0009523723079525315,0.018735341356984625,0.005588857983147566,0.021935247157103932,0.011369653851018624,0.007982224074557509,0.01927833267617962,0.02254885752682445
2025-08-27,-0.0043582944324798145,0.020120801949947476,-0.025568216494934903,-0.007864553098310578,-0.020833421396708074,-0.019532802423443796,0.04210522239935699,0.003427944590070897,0.025316430864913864,-0.024571323860104965,-0.07682621273531143,-0.044195947463211205,0.0025348483953242518,-0.009310933885150252,0.005607463387539147,0.01989379558611226,-0.00530537177546897,0.00021078688233089338,-0.004152391022031243,0.0035433683821093354,0.021886388960636216,0.0240974142131829,-0.0011864431094882333,0.00792262290424861,0.005703946653975445,0.010174881276580283,-0.015361041160347644,-0.010152274434545583,0.037520393928159645,-0.0024942584051708128,0.01411236743776012,0.005497281813759747,0.0026514634073204757,-0.002870220359724618,-0.0196721126942887,0.0009642953933675091,0.008689726962379574,0.004322000734039433,0.0026394889935319465,0.0009064178452045102,-0.012367437581508822,0.04647584406597938,0.11056505903817859,0.02498311107871376,0.0015368553031980259,0.0020817518538529534,-0.06557694049250351,0.0007682880357711142,0.007270508792187824,0.0017926124405795996,0.0,-0.035220093042627854,0.036582621949229566,0.01817809244875357,-0.009728877239697287,-0.0066889568102751484,0.026737942346945376,0.03545231675230309,-0.023854684026797912,-0.005639137000061578,-0.01846378339124355,-0.0023474714423807885,0.010282766475969929,0.0032634543204950184,0.0,0.007173272594620084,0.007668636429338127,0.15510122970934592,0.01952705903440144,-0.011675161027005942,0.005145914812595631,0.008910864081373537,0.02001907720197038,-0.008275879363871641,0.021772439072538674,0.0023848747222434685,0.021437900518280317,0.004399556981204533,-0.009133566696274853,-0.012254742126215135
2025-08-28,0.008754744619693389,-0.028599600792320823,0.020408169400733422,0.007317124513698703,0.028368803189020797,0.008828113463491771,-0.02020200143629136,-0.005056063747458928,0.024691334404499887,0.0046864722834187855,0.040927720853670024,0.007242292771095782,0.0,0.016917231738101002,-0.01858734783890914,-0.0020556253287390414,-0.010807835536196686,-0.0021066920132840616,0.005499165809672357,0.01942033231795781,-0.015298353207492621,0.014214577730588873,0.0033324246939658853,0.012227056118379931,0.005155987579762877,-0.004328314794389665,-0.0312012190368276,0.0,0.09276724266744796,-0.013961305888175124,0.012875508799949476,-0.0064612854221027805,0.0017733482786521648,0.033198992937502725,0.04013374086165111,0.0,-0.004802445106165121,0.003765383324624727,-0.0037608239499848928,-0.01430893541227185,0.010733442064713383,-0.010294057791975564,-0.006637214587377094,0.005928863687651109,0.0062599326754508855,-0.0005192565489227086,0.009162820127333937,0.008348553442331541,0.014642174879279324,0.0108240705271474,0.07035177404595228,0.04432857225630893,0.019328987723707947,0.0030090577827555087,0.005395379024792923,0.0050504600475087535,0.07291666084590043,0.02007084662744396,0.01602201403053427,-0.011342144274519739,0.02934537409082938,-0.004705877865062047,-0.005089094131538019,0.0002711446074461499,-0.01620370035656371,-0.028933879996230316,0.0,-0.03080322686003989,-0.008529098895809883,-0.020112766229949286,0.008980837064874514,-0.0055610308725519975,0.01588789545388991,-0.010199312663008442,-0.021907281469586537,0.010468755758607395,0.011261802665621046,-0.005256274072607314,-0.0007341246478429486,0.005494978352092783
2025-08-29,-0.0019453071861519344,0.035532935455905745,-0.03619043541088207,0.009079879804711588,0.020689744310919522,0.0,-0.004418222848267095,0.004669742874411353,-0.012048181523292234,0.002332474410709384,-0.026212356894171562,-0.011061989147312823,-0.005056878370625517,0.007393708499300766,0.005681804759210651,-0.01382406014669979,-0.00879737680895687,-0.007494174197846926,-0.01376280010375519,-0.02063785261410822,-0.010357284643233045,-0.002929783358501692,-0.00016447385119588986,0.007765315657337624,0.0002564329598047088,0.00861302131609576,-0.0016103428052184343,0.0051282001121668586,-0.08633092389912023,-0.0010566587928368953,-0.021058030912763814,-0.0015007847418214704,-0.015248458577979407,-0.07317976626193612,0.012861801164264719,0.004816928919104235,-0.0017355754097022613,-0.002143470424520122,-0.007738738631628328,0.007717698249888327,0.005309687161915155,0.0017829552647208313,0.022271801017224258,-0.030779322392871844,-0.011575440857976016,-0.0031177596661231544,0.01114322999854056,-0.0007613421170596935,0.003048733919830182,-0.011226278216735164,-0.009389662603004112,0.01186008871909272,-0.005805963379069912,-0.0005000305175780762,0.00024027857159403254,-0.023450564724576184,-0.05825237324869392,-0.05787036807080859,-0.0073364702743417,0.02294452870391006,-0.016081897400354483,-0.0023641202923744276,0.0008525344647991595,-0.0012646308252108884,0.03294116955397475,0.018794400063021577,-0.003348474519972666,0.08498683209390845,-0.005885894613263054,0.004018517042456038,-0.0018060015285242814,0.0036184412510669173,0.016559372807785522,-0.011709520402765516,-0.011428649534197532,-0.019072271624724246,-0.03872434432534555,-0.007045369186033157,-0.00897957938058036,-0.04268779139592083
2025-09-02,-0.005397310746969253,0.01960782480441492,-0.025691798278131173,-0.001199787502827565,-0.04279290126807289,0.006427703506412197,0.02810644585062816,0.0025973316206220343,-0.012195110427418387,-0.004653869049954684,-0.017496586891957988,-0.006711349972995273,-0.01524780278823068,-0.018348606996750005,0.007532970310770271,-0.025900490938642107,-0.014100645093645836,-0.017122169985115177,-0.003900053755962807,-0.009136550598805693,0.007849311990794083,-0.02207746608652128,-0.014076606650913814,0.005993141907523203,-0.03282048152043271,-0.016424576509365685,0.0048387436663333006,0.005102035851341613,0.020472459274539112,-0.004442498446925125,-0.0034102113604529416,0.0010020269880288701,-0.0315998269557346,-0.022845754899516013,0.1269840777265736,-0.0067114300858499565,-0.004770359885349906,-0.009130086448902341,0.005326174528218708,-0.009117421119523517,-0.0017605197793821858,-0.017205553066594992,0.2505445708715046,0.05135136615454994,-0.008380278381507678,-0.003387985454047948,0.03653063092912956,-0.003047616141182985,-0.00749744566008026,-0.015982548742835667,-0.06319116906611932,-0.009870441483576076,-0.04216445418986825,-0.015507708551166122,-0.027546403648864293,-0.003430528505701913,-0.025773231984957512,-0.007371058610079473,0.026670912349758602,0.026168199809568193,0.0007429951368369547,-0.02606627065075051,-0.010221455527988699,-0.01103480171118043,0.022779007377121685,0.004274434723236187,0.006750634868947891,0.05583422717469544,0.005617050277209712,0.008620784528076353,-0.010424716908628007,-0.002294319756072749,0.02533931752504759,0.004265365481624039,-0.0012385386192396153,0.00840129681231061,-0.014218033755551418,-0.023946846170023184,-0.010049433322643408,-0.005816232090932405
2025-09-03,0.011456167895450786,-0.02355768216784848,-0.02738319753846774,0.0006006143610182146,-0.04000002261402269,0.0,0.002877695176315198,0.020180030417713102,0.061728409597230804,0.01052016483190954,-0.012328787703611122,-0.03490995671414099,0.01290325895544786,-0.011214942775529257,0.0074765556775380215,-0.012150972287913175,-0.007042262102648689,-0.005842938540859155,-0.008564905012438784,-0.002379498254837964,-0.013499464557507501,-0.018759161968729843,-0.003035735472962986,0.04425539791809174,-0.010074259168015742,0.014319152284536951,-0.004815442972151307,0.005076137217272736,-0.024691334404499887,-0.0033999074589144973,0.003948347053289503,-0.004004000277224251,-0.004429009140266338,-0.0026660635334878613,-0.06760563739730452,0.005791648465220511,0.011674273993230733,0.005420150478409713,0.0072847635632546925,-0.009201313368355502,-0.02821866759421443,-0.0069423847752676515,-0.04006960825915218,-0.0077121359895410135,0.00786761737495989,-0.006407015645284675,-0.03740896813604988,0.014138358355167302,0.0038791063390097857,0.0028845707190781056,-0.02192236785277968,0.009345889907118599,0.0015661638953390344,0.011280493832712457,-0.010046123156920772,-0.0025817326391263107,0.01587300085546861,0.016089123226289637,0.0007824682638917224,-0.0072859678543995,0.0,-0.017031671383796465,0.017211687713843293,-0.0019206107984853782,-0.004454357523431596,-0.025089582150498058,0.002743025950619815,-0.020386236356638943,-0.008605068134158067,-0.011172223122162594,0.03808984120498149,0.01730181599140157,-0.015004455080998125,-0.010854213672855328,0.004237184894823054,-0.005236824270313356,-0.02029910121286793,0.0018174265147878899,0.019221147884239675,-0.011158846907030062
2025-09-04,0.02473925037046909,-0.06745440511616463,0.012512990570445304,0.014405748698457899,0.00980400355369948,0.03139413010247938,0.04304163554739704,-0.018978858256311182,-0.05813954777818142,0.012145638881024823,-0.004160916733650932,-0.007001104793343149,0.011464972487109648,-0.009451831965108126,-0.0018552216222460505,0.012300434526979709,0.045623967532707255,0.015892271751404063,0.012279491930553554,0.003577817531305927,0.0042104255879045205,0.0013241913736712352,0.0077963865006851485,0.014669847049340268,-0.030530245982589466,0.03142952766644713,-0.02096768412952066,0.025252500926581378,0.012658215432457043,0.010234518793528213,0.0032773991085570664,0.014070386533313384,0.018121777827912133,-0.002056390841494893,-0.0030211452072894662,0.0,0.006443544443708316,0.00916432696380709,0.01991166566636493,0.026374366197082333,0.02722316012693038,-0.028875297623068952,-0.03085300712019101,-0.030440370863198174,0.009051423988817309,0.023424181497324836,0.00838617002517128,-0.0010361775297378362,0.009558699170340246,0.042877945692648245,0.10517235114089862,-0.012345725525951368,-0.010666836189832773,0.06743039835620324,0.0465812545105575,0.006902495483418258,0.04166668994973155,0.01339825288259977,0.005160216972789788,-0.06605498518829989,0.07201174684009026,0.01485147112526719,0.0076142263038552205,0.012187391955745142,-0.038031283357215284,0.018382335217044687,-0.0006079327116993438,0.0517916035236079,0.038373752744409684,0.01697847070498204,0.005493363876168944,-0.007319701765412301,0.04480291459923347,0.006679464598228657,0.012040735930057389,-0.021057663407599847,0.12050158484654161,0.021768753105304794,-0.01624620702486057,0.054269173011771255
2025-09-05,-0.013379955930150844,0.03590286620916494,-0.002059707407916389,-0.010059176339125231,-0.0024271170878420456,0.02051634372157607,0.008253087061479425,0.020844669584338282,0.03703700160674983,-0.01142857394567054,0.033426219177341565,0.001175114995637383,0.00881613099747569,0.019084043098801073,0.0,0.02596967946436468,0.029228781869301557,-0.019311695916939375,-0.0030478137126193072,0.02064764355541926,-0.0026204826452581598,0.017108821794793894,-0.017331231099448452,-0.023293183898727032,0.021823229250760745,-0.012784851631405747,0.01317955872218013,-0.014778311237724773,-0.00937499091960503,-0.001477367677697461,-0.009538687301489213,-0.009415288958587675,0.008192731864959946,0.007212081137897508,-0.027272701657507614,0.0057580091359408225,0.007929694980850055,-0.005876151643249061,-0.009300972288967313,-0.021715430757122234,-0.01766782814990553,0.004694678626209203,0.03745314673225475,0.09218437473781127,0.0014429547833749723,-0.012086934275315597,-0.028194714222298134,0.005091874310171107,0.012288489481302678,-0.014214150326010255,0.0015600981466283859,-0.004999995231628418,0.010273820981796078,0.014780640903609976,-0.0120012886654981,0.005141342377903202,-0.009999990463256836,0.008413539791603863,-0.06409450761449187,-0.001964681450304373,-0.050553910007737346,-0.009756088483765968,-0.002518869299373616,-0.013036504423250217,0.020930244512296303,-0.0006768677685793367,0.0012164883926197856,0.0002974805519677659,-0.029329812705587543,0.00922772259965754,-0.00037540658420298634,-0.01008458352706032,-0.02487138884224782,0.03222752160366227,-0.012405825744946974,0.007088715524410372,0.057907570717157464,-0.015534923262045752,-0.010622396508687793,-0.009352853533169836
2025-09-08,0.0036851417083636484,0.03160035195538713,-0.08359133258720797,0.020920525466012085,-0.004866161557405491,0.02346659804368567,0.01909957270706375,0.012278101764291005,0.011904821881092875,0.0,0.022911061259564658,0.04107974283927196,-0.013732832216737711,0.04868909075193106,-0.007434864944570019,0.018670773851859668,0.010870241308430506,0.012321112461156192,0.0022621856017870368,0.018483583264353287,0.008407783170722993,-0.0035754287943440266,0.00831157911866609,-0.006578903293342098,0.07515541100705625,-0.008262869424299324,-0.014634170925571954,0.009999990463256836,0.001577247918613356,-0.0071866352829376146,0.010026312351425704,-0.0015007847418214704,0.0,0.024549933238897204,-0.018691570737231822,0.0038168879410214185,0.00868728952996567,0.008060220435258447,0.018869692108834046,0.006289285745365136,0.0017986023353870895,0.0006231165085774926,0.005415200363704464,-0.033639154611776356,0.0048779047462865766,0.002993510727157034,-0.0033395918998474494,0.01107046013431856,0.019104459392490725,0.015107797009308976,0.2352024507944166,0.005025120811725348,0.027881798397098256,-0.0032470402741288096,-0.013273219603327946,-0.005967578649271887,0.030303001111897654,0.0047675757111096395,0.015791198868351453,0.0196850208926016,-0.02552888385555041,0.004926103745908295,-0.014309770593966542,0.011190608627817067,0.056947518442804324,0.005870361620201603,0.01731480033823174,0.19913741545288288,0.026741147874005167,0.006737229665202404,-0.007551389041256629,-0.004272093172715707,-0.008794994762506114,0.003213949237700575,-0.00689876773772935,-0.0036408358465674917,0.09751613898588185,-0.010009158961838183,-0.0822009977471464,0.002552557663846322
2025-09-09,0.0008812629052072918,-0.03952565445193934,-0.02477494006840164,-0.001756480490604062,-0.0024451546788565315,0.0,0.00133871876341507,0.0029004775890428824,-0.02352945878843815,0.002890285450499519,0.05270087094713549,-0.028184893261049004,0.015189899406280238,0.0017857551878819322,0.007490556218413769,-0.016960749508261874,-0.004502978689278292,-0.005107493119316131,-0.004880444306463616,0.00985982280035369,-0.005732220288946821,0.005137768926396058,-0.003987609278019666,-0.014900744578164482,-0.011817983789119468,-0.005327394638388383,0.0016502028013631875,-0.009900980750178201,-0.0755905553200572,0.005961135960218078,-0.01671889785938474,-0.0005009179354612536,-0.005194309842707079,-0.004592718620688441,-0.022222276045109735,0.006653916947387595,0.007614334837894754,0.0015991124531238299,-0.013228699235375285,0.0022058370080744183,0.0035906607379059263,0.01183057741834559,-0.010771982213717668,0.015822724259983545,0.0028331998384107937,-0.014274548764294792,-0.021151797309595932,-0.019671477992236674,0.0003905576668861155,0.010176429751274751,0.0012610629379963267,-0.007499992847442627,0.006849284957875401,-0.004560736057608428,-0.022175127502815806,0.011149238091094027,0.00980391240220757,-0.005931220513024749,0.0180002898766487,-0.00772200061362871,-0.011227485379654789,-0.017156788267935763,-0.012809531856671996,0.0055334170108249925,0.002155231334238561,-0.01997753995263951,-0.004180443919076904,0.036462886537945716,-0.008534459076930845,-0.024199291309533022,-0.014839416284502027,-0.014191428975499853,-0.01863354931307537,-0.016018441341577372,0.019751243484972036,-0.01753948053240373,0.12384743705429924,-0.01194843098131848,-0.014348379830898206,-6.971858068294257e-05
2025-09-10,-0.014820280463925362,0.06687238690055763,0.0357968763302805,-0.015249169100727045,-0.01225479832472487,0.03528573988219463,-0.002673794234694493,-0.003549318314047256,0.060240979429287744,-0.008645534101514252,0.07259073095378654,-0.011600861847218535,-0.007481339641533191,-0.03565067403608135,-0.003717525211026973,-0.015305426661175847,-0.015527868409319634,0.0051337135258258115,0.011586602100386534,0.0065091452156860186,-0.007861551063780836,0.009574073686415385,-0.01631666209291438,-0.010084007691364305,-0.010941483804668417,-0.002657853665299692,-0.047775939646086285,0.0,0.06984673462395086,-0.0014814324820751068,0.009564309675588634,-0.0025063229321807823,-0.01915626334722398,0.03209633576315918,0.0064935004616650804,0.0028328834991011576,-0.0234465959828265,0.005321969655180059,-0.0015717593236033167,0.00036686569737831576,0.04293376825885353,-0.015076884833613913,0.010889281358835268,-0.017445407639044563,0.00032726103383495797,0.00671423011641914,-0.02139495002330527,0.017605306043426472,-0.0222525746600597,-0.03320182790348514,0.01637275020993756,-0.00629725319578478,-0.04734912112440193,-0.010004672513848067,-0.05069202690757757,0.016115316454457185,0.019417457749564715,0.00954653014481388,0.004822410631884599,-0.01167314092180416,0.01513996423328412,0.007481229740367468,-0.001730143342359436,-0.004059462967279881,-0.030107418213893178,-0.008245547677731002,-0.000899537155818031,-0.04403494458076085,-0.001187209927588695,0.022717546912758513,-0.03225946602106422,0.01104785020674548,-0.025316498630710615,-0.0060464193648070985,-0.01758940427037392,0.020084193567629693,0.0842811927604259,-0.00604646121516994,0.0026889283229514227,0.050368001389785144
2025-09-11,0.012064306910295253,-0.020732898260422572,-0.01449286691600482,0.011911783483338656,0.0074440811517888505,0.0,0.025469176440869656,0.02282316171356591,0.09090907243657687,0.0034883724838739028,-0.1691948495798491,0.29107974283927196,0.011306536955238533,0.012939033943755396,-0.005597002074115176,0.032735137431877614,0.0026745259227789475,0.0014128315225305776,0.01781709087848693,0.01574588945352806,0.010565091717066322,0.03013735437920606,0.019289334848665574,-0.0016977190275009324,0.014921580833358705,0.03767257185119699,-0.01038069505860606,-0.009999990463256836,0.3630573461203641,-0.013777080639655548,0.008684258711965542,0.03718591885947076,0.03207161320068885,0.06355685926673726,0.01612909428163012,0.0028247863268080486,0.008397136422873652,0.00899948494940217,0.011852914361217604,0.014668115020239236,0.022298476182188054,0.005935676649386323,-0.02692999833834664,0.02409633162562952,0.005820601196256048,0.007846079055465749,0.03979010992649412,0.017207687074332734,0.010780613173934084,-0.0016498279850283293,0.09045855309992623,-0.013941655074608095,0.025446333640238628,0.010483572337982139,0.03978569080461636,0.02420708903242641,0.02857151615376763,-0.015366443718053735,0.013277887415964473,0.023622025071121877,0.04176000366476562,-0.0049504903750891005,0.03552858308209861,0.005253589251015045,0.048780428037332735,0.01755201269333928,0.043517426411707305,-0.03567403299405181,0.015750334480349792,0.005388556964803781,0.014286365271970913,0.018653448894803137,0.025974071167865986,-0.0004680220813017,0.02763258604679608,0.011424479204677374,0.048495264330633114,0.004211350209535336,0.011004276383602019,0.04991199327727558
2025-09-12,0.062104509348506864,-0.01674052986353014,-0.03619901426529726,0.0029429749901572766,-0.004926090299464225,0.02863254334262777,-0.0026143765591094548,-0.00812585145540079,-0.031249970896168877,-0.012746235490379676,0.03370790053551764,-0.0009091117165305196,-0.016149060979124052,0.027372280081267686,0.005628504827307923,-0.01441206094357439,0.008412527672925663,-0.009332635451006488,-0.0019648627952684183,-0.0015225528872480076,-0.004181813861762529,-0.011546217444491691,-0.010084754076639668,-0.014455820211140225,-0.0007605220130267876,-0.008599526098067023,-0.005244708753771921,-0.010101000370632551,0.14369152826413134,-0.029873193169983825,-0.009261762065609247,-0.02664725064557838,-0.010632624807146551,0.029239737544372257,-0.07301587686036493,0.0018780749514748507,0.0037124639191183917,0.004721932103658677,0.0010067103650497344,-0.021684107546751763,0.015100696646282774,0.008074576811599732,0.027675293958666858,-0.04643962957989556,0.004417051541102168,-0.01582975507491924,-0.005466823564401313,-0.02542061781072935,-0.009480535889986652,-0.007827802024989672,0.0499999512325644,0.12532132112327887,-0.02752291179586852,-0.025142488697278864,-0.0027874130649209183,-0.015484965523159144,0.01851850012202405,-0.007202817105872006,0.005683628892367176,-0.028846081544659063,-0.014316452370377819,-0.02487559828533148,-0.004184116446269481,-0.005226133293320778,0.02748407933190089,-0.00975942559630616,0.00172571071815808,-0.02790759995234604,-0.0058513973421225884,-0.02030731101767891,0.01756300955560164,-0.00032504907356467605,-0.002712544201453171,-0.0374531407884835,-0.002114881341165442,0.011054975313383064,0.02607840119327376,-0.013047395071960177,-0.015274838936945478,-0.00822370342041856
2025-09-15,0.055147616155076795,0.0030045756311514182,0.014084459311851205,0.013497624992892199,0.014851549333067204,-0.08303708041815361,-0.024901710926695242,-0.00741221955154836,-0.0430107754301452,0.0046948362117178455,0.07065217003986834,-0.04276608945795024,0.002525246641517098,-0.007104788817042462,-0.009328305761929667,-0.021471537522427475,-0.011665770430156264,-0.008982328138819384,0.009843746553581223,0.016634322444605498,0.007349112595945062,0.023362300190140184,-0.008960782214564644,0.016393406527519527,0.08625067691041632,0.00023545161967741812,0.01933218495750566,-0.005102035851341613,-0.046986725223633674,0.009969033304440211,0.007504933742296993,0.012444001896525503,0.026419350477773662,0.004794042244792296,0.04109585014510864,0.003309615910339403,-0.008058775017127151,0.0033076331860262265,-0.013347949504679768,-0.0011148746052747072,0.019834691202630594,0.024337654771893646,-0.03411131981415849,-0.009090869682878533,0.008557048327277883,-0.004614393348710277,-0.004862569681737261,-0.01904671368381783,-0.011166527542417648,0.014376501718361023,0.00432900030777672,-0.07024554689653906,0.07717655179650218,-0.016682698391682682,-0.0042351347648627025,0.01241718704285022,0.018181800448205276,0.003627537038771056,-0.02276300428102196,-0.02772283921485974,-0.007262195054795306,0.005102035851341613,-0.0008402752544587333,-0.0022645341422123932,0.0020575704473917433,-0.01856523844742608,0.003445255313701878,-0.03939106652803559,0.03546209085603125,0.005896329892136176,0.01123583763910907,-0.026013456214049047,-0.012692632807389859,0.0024319272508404044,0.02613920328925845,-0.0011884238138240022,0.04971222390321195,-0.010387219045201679,-0.029258790811164892,0.029786951175573062
2025-09-16,-0.04661855522814895,0.015976020162474125,0.01967598946858362,-0.006369461924484954,0.0,0.020042433818624916,-0.002688169458695655,-0.006288528041647479,-0.03370783356400553,0.010513907307728942,0.04949242863690295,0.029467628560187586,0.0025188858335254416,-0.035778225517526074,-0.0018832660680142554,0.013288553245891288,-0.018665942889909082,-0.022548953077656475,-0.012996935340698013,-0.00531772449291068,-0.01667536350083787,-0.004781805120836147,-0.007494709880546124,-0.00509332372159077,0.001634743001473593,-0.02303403159076378,-0.017241444513996895,-0.01538466146946782,-0.09967849011582497,-0.0032902671668233463,-0.009017182988523276,0.02015731781397978,-0.00779034611408469,-0.0014137096808441996,-0.03618417647241512,-0.000942445055950647,-0.008363622408492755,0.0,-0.011026711438772763,0.004092269730145537,-0.0194489277269444,-0.015338309851622878,-0.001858778563032626,-0.023591127454258287,-0.0008451562660121148,-0.01019856268484265,-0.001274726443170393,-0.003347738816825818,-0.00423470626792688,0.011320962964584513,0.0021552218037907966,-0.02702705869162214,0.0006858968419201084,-0.006825243417564186,-0.014800934840971669,-0.007358888166983268,0.022321407189022535,-0.004819272401665575,0.0036947832561324834,0.03258662509604715,-0.004389136029934515,0.020304548869091166,-0.00925152289111053,-0.013617766241533213,0.004106789754919626,-0.006538972005894705,0.005150249161533171,-0.029747001904697257,-0.025579124364113248,0.041757289430329525,0.006125935389198034,-0.027598523704526978,0.0009182652672190539,0.05822409281349339,0.007769834801518272,-0.005711622154394802,0.0033501024339477325,-0.013358824635591682,-0.0036360623389630753,-0.01090117398639634
2025-09-17,-0.011432532348475855,0.007862400216847254,0.03745751205580783,-0.005244764183460315,-0.019512239145974886,0.0,-0.05390836809360511,-0.0005273687057619769,-0.023255860695907793,-0.010982550010203873,0.009673508981605128,0.040627935102242274,0.0050251139786383625,-0.00927638499744643,0.013207547880291104,0.0031735318160379666,-0.01237765225497156,0.011873889938864846,-0.005686324445946189,-0.0010965718532263136,-0.009009002433064683,-0.00960938382698906,0.0002077872224794941,-0.015358362918035384,0.0060620690121349075,0.007390430812615367,-0.0035087687010102453,0.0,0.0011905034923782587,-0.0022006677987806977,0.015165521536463222,0.003855418009930389,-0.0034232477791348304,0.07043007388335054,-0.09556312798984423,0.004716858378974065,0.011511802279680294,0.0,0.0074955727892822566,0.0011115700932893269,-0.019834770018687276,-0.0003055564279367262,0.003724391313358666,0.08791942949536802,-0.0019959164697831433,0.0048172389524914205,-0.00021268500085491748,0.01257202712432881,0.007695367460478497,-0.010382430689534927,-0.06021509764855704,0.04797981196721568,-0.0012126099528624312,-0.018260363235875876,-0.0023311746138647838,-0.01400330078140799,0.09606988308952169,0.02179168843992052,-0.002240716872906723,0.0,-0.005143291822428342,-0.014925358971198954,0.0,0.0033133145571115907,-0.028629852831786873,-0.0051716317811084656,0.005408476438519383,0.028796481646934824,0.013562787068905013,-0.03532686519340622,0.003527220020250743,-0.000343314033415143,0.02110091111630341,-0.03163679673220643,0.007953907006183814,-0.005744340635765344,0.016087381520909272,0.005802674482010106,-0.0048016903216002715,0.00488445592943787
2025-09-18,-0.0037619709585494654,0.02730372792262581,-0.0448578470516906,0.048037475658119,0.014925317825102091,-0.01584794733089201,0.009971534451790331,0.011476095166862432,0.03571432372745331,0.0029222680088638597,0.011975978829573242,-0.10913934746678045,0.008749949465941542,0.02434450072829275,0.014897606480461567,0.013538049329724133,0.012532778630650387,0.03598558024438936,0.024259584348966134,0.034856680279964136,0.008556155809708033,-0.0001564890545761033,0.007619090370366344,-0.03986140208466726,0.05168017296358385,0.028587432521082645,0.01584509776547227,-0.010416656965389626,0.06420927130209098,0.02470219645449201,0.0340347493236568,0.02784445155210835,0.01752173651285993,0.06612656760309954,0.056603717566302336,0.012206611928820887,-0.011079730665700338,0.005232862106864911,0.02018034219087972,0.025906654893450787,0.018549770100958485,0.0479682435977109,0.04081637708318797,0.02282546947135966,0.009016956752725847,0.02956449032642272,0.005319148936170137,-0.001232156953656749,0.02753221046611598,-0.0016837898189709932,0.08695655020418891,-0.004819272401665575,0.03151394184842049,0.020800018310546786,0.023193424789226036,0.025062672016909593,-0.003984059960658093,0.0402843802715509,0.04138592762420723,0.003944769279950577,0.014032435678821287,0.020202000741265103,0.013582330308911983,0.035317977380521226,0.02105270079298527,-0.0219754327004289,0.0065118322518826766,-0.00821607516988443,0.03395684331441107,0.038244203350709105,-0.004644573125239804,0.009616530989797534,0.0008985555064353612,-0.0009469410781024479,0.02783699788141658,0.025036111280935858,0.04421220087814959,0.023077071144032013,0.008588240984625628,0.08612196647535564
2025-09-19,-0.0174825174825175,0.0066444894008625965,0.013745657787916699,-0.009502519960526756,-0.01225479832472487,0.00859807064201612,-0.025387912736515306,0.014736531676065923,-0.011494241848790776,0.01631701814949893,0.4059172050412241,0.04183267708065097,0.0,-0.010968911349343746,-0.018348611254917158,-0.0006884875427529691,-0.01797207919034094,-0.017907146723812883,0.0009403675182171334,0.017902057145979366,-0.00795346337633196,-0.0011739113422440939,0.0036088228196260452,-0.0036100398669653977,-0.022917604474409492,-0.014846147861864112,-0.017331006059468135,0.01052630588288439,0.005586613608986157,0.011622990904009312,-0.019221090560627263,0.01774876556858862,-0.013441514718341874,-0.0455884435431293,-0.014285700905079524,0.008348706825276109,-0.001260012426604229,0.010931856902797632,-0.0068368052336222895,-0.010461699001213853,0.013245020564786714,0.021574458297265675,-0.03208561513224406,-0.062123023987382564,0.006769344739967931,-0.02691933039073191,-0.0156614111844825,0.008825207149505854,-0.00469395019466301,0.0010811746080494622,-0.048421056647049765,0.003631928830497344,-0.004093971837496713,-0.002253167641143472,-0.01784657490012509,-0.01303999960205282,0.0,-0.0318906311488506,0.001694372002197131,-0.011787807658323102,-0.0029132571937989793,0.029702942250534603,-0.015075323101115812,-0.03056884989930997,-0.016494898472241393,-0.016912316338775324,-0.0171589688651832,0.017551249348148446,-0.019621537018276403,-0.06787915356535557,0.03203293872010393,0.002381211913585979,0.005385946899758576,0.04502352638135565,-0.007159419758991925,-0.026773172501474485,0.009440652240625624,0.006578969600727236,-0.0026789015335798583,0.033478724761253575
2025-09-22,-0.0005694080502113286,0.04101842889141394,0.07796616094118303,0.017494434836540007,-0.004962760515414555,-0.016977347320301983,0.024602037633562723,0.006040370587972355,-0.05813954777818142,-0.016628552706385857,-0.03535354143502134,0.0822179401090708,0.0024783693285397312,0.07024031888331606,0.003738277838769122,-0.008773155129335297,0.012105762982955959,-0.0026362384584487364,0.01352738632359518,0.0011465165439732417,-0.011758348820989029,0.020449740952723117,0.005684981586344007,-0.012681229319734033,0.03946774907482409,0.004446179425794838,0.0,0.0,-0.037777794731987835,-0.021914881436894462,0.008197763444987682,0.015144557587920993,-0.009826096561967979,0.05004058577636661,-0.003623184962974757,0.008279674628713263,-0.0083055576254083,0.0072089609769256935,-0.02028457108190529,-0.007655897364984177,0.004901995158388628,-0.014840259593122851,0.025782752808224174,0.10289385261543194,0.005920011498854905,-0.00748762624554733,0.11653412554808074,-0.020035719145266695,0.039496996666094075,-0.016632067201427403,-0.01216810366608656,-0.0072376863561876,-0.004573245911603463,0.01472754072137894,0.003014110108875201,0.012386505074909904,0.02799997329711923,0.04235290078555831,-0.012455709560908579,0.003976139183357041,0.01460926597353418,-0.033653815293452016,-0.006802714468455484,-0.006306679639716761,0.006289379133968653,0.012288031872082605,0.026903384190499535,0.009245179490267708,-0.02838892954770955,0.023611327043484343,0.04309567281585802,-0.004185551359676354,0.023214254515459443,0.048072694909638836,-0.01091123718715803,0.034749102100043894,0.02309759473525297,0.002334177659909953,-0.010744389295280099,0.019819610405100718
2025-09-23,-0.029198055107461873,-0.0009058178366295744,-0.014675092519871868,-0.0038825069055432593,-0.0024938160910696894,-0.0077901794024551885,0.0,-0.009069993555753997,-0.012345667202249944,0.014577262751326536,-0.06719026659690808,0.03975271864584973,0.02843006497664291,-0.029360980555091176,0.0037243551643941775,-0.009684876312950563,-0.012453417376016573,-0.0026432065812919125,-0.0012761092139900176,-0.0035137513786328567,0.013520819015579999,-0.019809535040249626,-0.015153675160019753,-0.03119265460244891,0.0598828013103887,0.012065110035118787,-0.029982376367984398,-0.02083331393077925,0.03810622742732139,0.0043505910910766055,-0.015372876363193289,-0.012206168513555493,-0.004311898333438924,-0.05090510971135909,-0.050909129056063596,0.0,0.00036038058629661585,-0.006134868932920923,-0.004028447926684553,-0.01102128421834736,-0.021138229662604813,0.012746189171959577,-0.039497353725069795,-0.0927113256140022,-0.006642243475046938,0.0008083052877145835,-0.0527633672706469,-0.0004799678595828194,-0.010207956520817407,-0.030400202172415014,0.08062702001669408,-0.01944105179969824,-0.009962873850963283,-0.026124789434982643,0.0072980034791139126,-0.013050558272844515,-0.0038910469739347198,-0.01918736827103895,0.01977569638568033,0.0,-0.0050396801649206235,0.002487619136637642,-0.011986330450754812,-0.004782966020149382,-0.004166680014030755,-0.013352737445927243,-0.005574196902722761,0.006836204596287754,-0.010664656831044783,0.017967692054907003,-0.006443258425658294,0.004884701932733826,-0.02617803733683355,-0.017741203697852814,-0.003021723026075729,0.005130483980204437,0.02299174144424665,-0.011644252959041257,-0.00019399022428367996,0.01211241871587454
2025-09-24,-0.020686672334984113,-0.07570263448429349,0.022340542350889336,0.007238367190543382,0.05499991530342219,0.0,-0.0324858787502772,-0.02488075690046132,0.03749996367842012,-0.005747127709838873,-0.04957902280405779,-0.11809688099084892,-0.014423044933525309,-0.014234862159271389,0.012987014189177915,-0.005895885667684286,0.000427454818558326,-0.003533559023053745,-0.02044365874901677,-0.02259374903785627,-0.005336157107989958,-0.014256658601432881,0.007918145847367608,-0.02367414208537677,-0.019856651715551843,0.00530279055604832,-0.009090943769975102,0.026595719384628902,-0.09121242666307972,0.004331912178233921,-0.006193591702368995,-0.011899323768540193,-0.0177359561316478,-0.02820344861318591,0.03448281846945678,-0.012773519513915477,0.0017698599581930097,-0.008744804577779708,-0.005173483487120656,0.028231812624823327,0.028239215420691854,0.01258587915397702,-0.0037383142585097895,-0.01863752917946071,-0.0035106205389333622,-0.008884177037584151,-0.032526906257166144,-0.026313242447335128,-0.0015279188335011185,-0.0022654160880354324,-0.06321240215449364,0.06939286750851581,-0.042077232118101215,-0.02573277623467518,-0.0050289493643482786,-0.0024793955123713074,0.007812492724042164,0.01150752431512947,-0.015727587243389185,0.005940540958044194,0.05716351870106662,-0.0198511558212644,-0.0017330592855689941,-0.005268012024967961,-0.006276221078593269,0.01648626953014265,0.005325106112467282,-0.0073329837045497115,0.01565265120328574,-0.036672636050951724,-0.008332350414175016,0.026000486949603996,0.012544870597521296,0.004405153091850744,-0.0031271408873450035,-0.012760963024976535,-0.059978341031246996,-0.01696493879066574,-0.0018428207063398983,-0.07473646949928736
2025-09-25,-0.03325844525397936,0.01863663950417549,-0.021852349022094764,0.016583705612497113,-0.009478638445821197,0.0,0.024817529731493426,-0.022078241438667434,-0.0361445445698767,0.0,-0.053149603342816265,-0.020231217324826023,-0.008536536544598627,-0.03610104885239751,-0.0018314367274797627,-0.01294422235586079,-0.004771387107833536,-0.008421898398562,-0.005395491772503869,-0.00815062815079537,0.001609509225833028,0.011840443208188223,-0.008953562521942904,0.051406349750949376,-0.03613198629162917,-0.005929258702334073,-0.03486230954729519,-0.05181342349755991,0.0048959561174413135,0.010351414329428765,-0.0019474669309516024,-0.03566468051513083,-0.0211035060093846,-0.027679944790880873,-0.018518500530834592,-0.012014916045701596,-0.0020735124390350856,-0.0062273972666953,0.020329100159456548,0.17268775195374397,-0.01777061914338629,0.0022597896555685004,0.0,-0.014407351698339621,-0.004311285650355434,-0.0029877987186271993,0.023534333437564836,-0.022092887634421188,-0.010902825327722465,-0.00935476479077324,-0.007743329106150831,-0.04982622241872803,0.011539272279019519,-0.018050139579177338,0.027670655655362975,-0.025683469244437096,-0.019379827052266485,-0.015927229116078467,0.007911946488151633,-0.025590574093174,0.016427162057124578,-0.007594929374080017,-0.010416739102864003,-0.041256187892842355,-0.021052599634006852,-0.011377419633953445,0.019793767343363244,0.0005472081581712196,-0.026025021042398455,-0.00266168313801185,0.018072966979806315,-0.013111529455674287,0.0017698953064666512,-0.013157837809866124,-0.004150364398994744,-0.004700339111880281,-0.011666391401893295,-0.02301069023312563,-0.012535233404158519,-0.01630572751230064
2025-09-26,-0.017821133316844207,0.006740461558155886,-0.020212688817244917,0.020119676536893616,0.004784671393128104,0.0,0.04700853626818691,-0.0029741951746994344,0.012499987892806708,-0.002312027847264253,-0.014553050414575663,-0.0029498262287254162,0.007380056829215054,0.011235944019676314,0.0018347970421701554,0.008869817059704799,0.011806754178778966,-0.012069808523052283,0.013353236919010802,0.0010776532135599037,0.008569798597665379,0.01924132834532699,0.009172988288829398,-0.005535176466572311,0.02058498194652225,0.017080493403340613,0.0,-0.005464475534834423,-0.01948841006926738,0.01899688637993946,0.005853999377698704,-0.015850140660092826,-0.007285532331482547,0.010524510351743288,-0.05660380753557426,-0.0028063628280126096,-0.029004234993853295,0.0,0.004170055886040025,-0.020024594020344066,0.0016447745077832199,-0.0014203649412923847,0.03752350637244106,0.00996675193549934,0.00411094326404049,0.005721234376339757,0.019503198127595267,-0.012506281842526112,0.010636226006542238,0.007471945580644679,0.05239680037492045,-0.02317068107350706,0.023999175644397353,-0.014020131491175425,0.01675560313079938,0.0017006380697373036,-0.03952565445193934,-0.012716723876103009,0.017700555067622803,0.01616169770218434,0.004040369436969948,0.010204071702683226,0.014912287893204645,-0.005136635130504774,-0.0021505963017018903,-0.007590631051243357,0.01148162069415637,0.004238413469793256,-0.0014927373833396596,0.020853966204281704,-0.005489100657377954,0.014625405415396475,0.02296816718074246,-0.014222222909929805,-0.005718488572927005,0.037544215924443014,0.027688630434789863,0.024043311453178617,0.001771307816480494,0.0108438213085984
2025-09-29,-0.038024610394405856,0.037302759078787995,0.004343053046490963,0.02078887979159072,-0.009523774654114137,-0.027997870184406803,-0.03265303050778223,-0.006237275721663105,0.03703700160674983,-0.005793743404718055,0.03375534429857652,0.0019723376146161264,0.008455588327652253,-0.025925900743168362,-0.0018314367274797627,-0.018387216083092794,0.010891150009874062,-0.01719456502914074,0.0033530916348645246,0.005652076599903966,-0.013276683308891424,0.00030832076699760513,0.0038416207965021876,-0.028756892040264215,0.02760091494423489,0.0003426601010676489,-0.011406923385144818,0.010989000192372256,0.017391228115692492,-0.029325508940437506,-0.005043965224880154,-0.006832571557456757,-0.00950720782729031,0.03875705087231318,-0.0319999694824219,0.0037522852730791367,0.0010044583866428702,0.003133159108289929,-0.016426723201486748,-0.020433772009131212,0.027914625949837735,0.0014224943511547128,-0.025316516819373858,0.2690790235253262,0.0046311412201716085,-0.021265055769270402,-0.01590819407883093,0.007455782864213667,0.0015308425875268927,0.01087450815780766,-0.021186421414757683,0.01747807561148851,0.014345747155855681,0.004002498879779326,-0.0004919042222947256,0.011884579498835146,-0.07818932181101179,0.01405150891043383,0.04053227551688354,0.003976139183357041,-0.0254862694907092,-0.030303061318608826,0.0025929721207278433,-0.009936775234393402,-0.012930973776845156,-0.007648595310397632,0.014324357326225057,0.0027230032123439774,-0.006578000380043969,-0.0015199517582951128,-0.004031962461707783,-0.01155364716215146,-0.027633774952374734,-0.018485087211528084,0.00024376631264466653,-0.004096492407753449,0.07685771492266147,-0.02491621830679125,-0.006679767041166462,-0.002952206282459069
2025-09-30,-0.03919959556826913,0.02166893968566308,-0.005405396366563231,-0.005744057712486317,0.04807697639215669,0.06888671446765038,-0.012658249071424987,0.0006821588448457927,-0.011904750923180218,0.006410257130160302,0.012244886043219827,0.018700840247159345,0.01972882957580535,-0.011406923385144818,0.007339371263885175,-0.012953254996505792,0.03225129796846948,-0.0027624672965087527,0.0129573566223109,0.001204286549550515,0.0032293077496501343,0.013326029680926998,0.0028701894180183096,-0.001910230330074203,-0.004545479623290771,0.019566799675512447,-0.02307690191550993,-0.016304396768935914,-0.008546971722914631,-0.006042345007658101,-0.02651762521038359,-0.008845223675754132,0.0008082656052870174,-0.023833017082557917,0.024793364003288243,0.008411313764265849,0.009554207519456792,0.004164497444619775,-0.0012197176273924804,0.008664954478403208,-0.054313121430767386,0.0014204737352903063,-0.0037105716923800935,-0.0031104909509215295,0.0027391121948929786,-0.0001384080104565033,0.003887915808450826,-0.021695046663524398,0.008215519753958622,-0.011702709034319914,0.0021645517596426966,-0.015337424030768432,-0.022017303149130085,-0.011435127374951226,-0.02329590584835539,0.005872457581894697,0.0937500166307601,0.019630494144263322,0.00014533692741536264,-0.025742595946714353,0.01169997473200235,-0.002604164241347462,-0.012068994717137738,-0.014464137407353195,-0.015283735132143095,0.012431625679380387,0.003463913058807222,0.03679564193247753,0.02422875371394806,0.012238955319934908,0.0007861150085717306,0.010018941417496041,0.011545277079446414,0.03399168223692928,0.01612896608371206,0.03747719993081211,0.014880131907947458,0.010810779835680906,-0.004944620118860765,-0.0041630413436680724
2025-10-01,-0.008876757280809944,0.014440419540959093,-0.0043477739431037055,-0.047794207510705844,0.0229358040845693,0.0,0.04700853626818691,0.021816282838958756,-0.012048181523292234,0.002895082711388275,0.09778228423070678,0.011594191414130428,0.00846429152957362,-0.028846081544659063,0.012750456697713686,-0.02639276278701508,-0.033954657146754386,-0.010618644409338907,0.0068298468866179185,0.012162572384671222,-0.015021417546194571,-0.0032687209884474377,-0.006439548417431884,-0.0038276786635913496,0.0039435165111150194,0.003920402884607821,0.027559029249642375,-0.04419885427355441,0.18103451819538985,-0.005210625393715529,-0.015622889284026775,0.007436768367024893,-0.018071056168425526,-0.00370434791992047,0.05241930444456444,0.0,-0.008956033536294261,0.0031105215457774005,-0.0069515874132022315,0.0019089633525259941,-0.03040545656351845,0.0025531824154620963,0.0018622400549259677,-0.03172120215932106,0.0047970211135095475,-0.012456745493308552,-0.05136568257691887,-0.03471501009451916,-0.0005684816948388072,0.004827606336181178,0.04535637860828223,0.02554516304682375,-0.015361764568474046,-0.028865553685698542,0.033005797558145256,-0.00667222061995032,-0.04489801280551031,-0.021517506458092472,-0.00043594742298680433,-0.04878053744586641,-0.01496601073625603,-0.005221927238881263,0.010471194167507747,-0.016573483234410435,-0.011086562616896667,0.012770148383475233,-0.013011233623043239,0.041120997440416085,0.024096377438693528,0.0006015071862466304,0.0032203416899190263,-0.004629183101509837,-0.02107118886671422,-0.021768048021222897,-0.0244089139483189,-0.018061613849464142,0.06863891185252724,-0.006319831052917446,0.0027827347610203113,-0.005151907788900401
2025-10-02,-0.02859110933772302,-0.010231296571167392,0.03056765511087045,-0.0005514794261457512,-0.024663745739716303,-0.03821200084450749,0.04081635301053255,-0.04336802634268788,0.012195110427418276,-0.00808303140882749,0.0027547963292384736,0.1002865486108373,0.001199068189313257,0.015841568452379162,0.0035971739490161525,0.008969249989678074,0.024624736431543504,-0.007932759904468067,0.006898516638659258,0.03182352998660187,-0.005446600094847431,-0.004728444250907571,-0.005966860488692771,-0.0009606672342608036,-0.01323132941453431,0.010673929634851254,-0.007662828249186293,-0.017341023733535632,-0.03128260541830208,0.0008730843786950437,0.012208376437548907,0.006889733846014545,0.01391410754206368,0.0013520674924860643,0.11877402055862474,0.010194599846865993,-0.0006213641722472296,0.001550235138277456,-0.004256987985606475,-0.015560447634785035,-0.034843173735210176,-0.009620912728995568,0.020446032404718206,0.030075157932454744,0.004111061470398525,-0.007007695437365347,-0.030081682388016784,0.018035429711818596,0.005309040014900068,0.008067800117406154,-0.08057858079079305,0.01822607297057388,-0.011405263182089564,0.008960765770756884,0.03764225409282895,-0.0041981688812302576,0.0,0.0034721911781376846,0.031549837628442434,0.004273500354724069,0.022099502082577382,-0.007874008357040663,0.012953335018871748,-0.04781728925041806,-0.03587444767498549,-0.0077595416221472036,-0.000537991718394415,-0.0062893081761006275,-0.020659897777054903,-0.0038474787287120504,0.00657662791005964,-0.01361970723940098,0.023318446406837223,-0.009536847926565173,-0.03136064223108537,0.001121511555978838,0.061316209498948115,-0.01516642638404031,-0.00822598432609345,0.040629749604679466
2025-10-03,0.005851028500522437,0.015730354223358445,0.0010592546875596298,0.0033112286514067613,0.034482796714068176,0.0,-0.024836608477366684,-0.03780163191775021,0.036144616382703276,0.0040745056957041115,0.07692309035889422,0.1189235964514046,0.008383196601950083,0.019493158362914986,0.007168471921167541,0.00019861584233016316,0.008490176025094387,0.004703700612068484,0.002283809130532166,0.0075506011248231975,-0.006571799817111201,-0.01072794505506458,0.004967758786664334,0.028846220090428698,-0.048187707083996,0.008132387695874987,0.0019305461801615298,0.06470581882965365,-0.07319701915694576,0.012429067644505354,0.02036982829159739,0.01661779901280247,0.030961647703682482,0.0008438689799248333,-0.04109593179530491,0.00733942355745465,-0.0015162220268185589,-0.00515995872033026,0.011875365566153873,0.014193512966024224,0.03790614433086237,0.0054286013571942515,0.04918041330057843,0.03180399377715082,-0.004209752096300146,0.01270289129610247,-0.06136465430256277,0.005272592959459921,0.011316455468518116,-0.013039023009411066,0.03033713138610894,0.04057281001726731,-0.01882886133276096,0.01700422033671134,-0.005171167021216672,0.00843173561252386,0.029914604371353848,-0.004613605709462232,-0.0083156799505949,0.027659599939695356,0.016891865818441598,0.01851850099804664,0.0025576033943977006,0.009169472766706654,0.030232488493578513,-0.004887511172812498,-0.01480490399669221,-0.02379743358756925,0.04219157871794654,-0.00850938845408078,0.003461279462880995,0.01919621743739719,0.02191058191438855,-0.021091227382492694,-0.006190990098517646,-0.0053775162249319886,-0.03740995464433805,0.012042254337045977,-0.0004996807425832195,-0.006711072753693759
2025-10-06,-0.0456548593951529,0.023451273024377217,-0.017989257600760866,0.022002178867752464,0.0,0.05255347543837208,0.018766738038833886,-0.029138910385808625,-0.011627895694091173,-0.007536232725998682,0.01275506935466586,0.13110935107606503,0.0,-0.047801147053205595,0.010676131624586471,-0.004667265199125636,0.0057031138228640366,0.030430691510354713,0.0086585260383778,0.021719789299641468,-0.01323043967611126,-0.01742839046557465,-0.002608932747862891,-0.009345754100187675,-0.0719788781817623,0.00857797867663157,-0.011560682489023755,-0.005524856784194343,0.09523817435493243,-0.007538228771580724,0.0303388176662871,-0.04230765351176824,-0.010065267453280624,0.028330528276395706,-0.017857126131349377,0.0,-0.004850438948577396,0.003112033195020736,0.008825471554355202,0.013358798403720673,-0.015652200450067988,0.015629543091667086,-0.017361176648623022,0.02728645695791876,0.007510193991054459,0.007386696543371762,0.014396993762785248,0.018252363687700113,-0.000745936248168988,0.00633228292302257,0.1384950374616165,-0.020642236199966635,-0.011647288230565267,0.008413215151116038,0.004961780321029341,0.0,-0.03734446032472605,0.0625724165344359,-0.01065946040546184,0.010352006526844537,-0.049833875177580866,0.028571463958231513,-0.028061217456067378,0.026624376394920768,-0.006771977199542145,-0.054027522028189834,-0.018852393995627548,-0.004408764978943491,-0.01799267346469957,-0.005721520084269627,-0.005154576259537191,0.006168053232148196,0.016295050860568594,0.035128832989695935,-0.01327606327441,0.020274821146713418,0.03719987254721846,0.021318822114662295,0.00319935718420572,0.009962814508859275
2025-10-07,0.0,-0.02248156373896748,0.004310181502322097,0.014531779271924616,-0.015555657597836947,-0.0010562460734321322,-0.03289473725487979,-0.014185524269380356,0.02352938866532872,0.008177571013985752,0.1209068473976942,0.014403294872829653,0.0011876756284112666,0.002007982330598068,-0.0035211771761030075,-0.0075327233116396775,0.014311719754985797,-0.02226260972725791,-0.006777049513721489,-0.016285494135116485,0.0061453246604346035,-0.022782860273038774,0.008225828719498951,-0.009434013802725683,-0.006166943132689839,-0.029133908626195137,-0.019493158362914875,0.016666717440995127,-0.03711562779882671,-0.0017360655740443764,-0.025621345889433766,0.007028081782742834,-0.017553115685614573,-0.07264677498246697,0.03272724151611328,0.0027323328686330584,0.0042373316944630535,-0.0015511384779713921,-0.0053978221696534545,-0.012241093983142104,0.022968218718302014,0.0058756768246837066,-0.0017667406915655715,0.01180520275547603,-0.0052656354759481605,-0.021305963809362005,0.011866034007964377,-0.0043267556429971155,-0.016610734862458787,0.003983725247293846,-0.0210727320112033,0.0819671911465969,-0.0552749215118532,0.004224246342499516,-0.06739810796992507,-0.024247488371911263,-0.047413749250445836,-0.019629258852583154,-0.003735118564253681,-0.028688594270410817,0.0076922529615508495,-0.0075757502779744135,-0.0043744697637690955,-0.02202326139152755,-0.004545360231428708,0.0010384453544127759,-0.03564471528625601,-0.020838740551693324,-0.01574575528930211,-0.004407735035405702,-0.0008181444267610916,0.030103996124083876,0.02194089852274539,0.02714937670908868,-0.008538697093517289,-0.012585578428641164,0.0021771794283820256,0.00970868254347379,-0.010962711922142154,-0.011933758913900139
2025-10-08,0.02271886878653162,0.008403300379478784,0.012875603910434075,0.00530505991756014,0.01580145969438873,0.0021148337118801486,0.0027210858756485656,-0.012420474651907432,0.0,-0.006373229399524116,-0.0307116696157943,-0.02974980267195171,0.013048594625757026,0.006012066369619706,-0.02614963185952257,0.05001255139918759,0.02309485005459644,-0.012546544048147812,0.021606886662081104,0.01908255009025983,-0.0016658106539118034,0.0006454085197002968,-0.007646522791781907,0.003809451342912773,-0.05155130713009681,-0.026802371950660042,-0.013916534541068004,0.08196719816420295,0.08480181324157887,0.0013042926348343364,0.0023547919862216826,-0.007976064390418092,0.03586833739699391,0.07338641170412541,0.08098592465653653,0.014532191001901396,0.0,0.00621439636967791,-0.006924412045474226,-0.004766403533208341,0.07426594666176922,0.001112735546892285,-0.03716814771722865,0.09965975570359364,0.011463827502024904,0.004099535533539589,-0.03196144287651148,0.014899066624703083,0.0037958012554981657,0.015510877718191152,-0.04403129134124395,-0.0216450015388836,0.055538999143115,0.02366179500107357,0.04554620310038082,0.017994861762988368,0.013574647453366007,0.004449384079133534,0.03893295254288098,0.0,0.023594747009632933,0.06615775726380413,-0.009666050577421315,0.005051119062608356,0.006849172302545226,-0.015041540726096314,0.013571997115621182,0.014232504528874701,0.010325757161350424,0.011744411694535328,0.006160270999708617,-0.010626992733427265,0.015689537065766368,-0.023788593550498005,-0.049115296933632924,0.015876601192528206,0.06551570337199886,-0.014423088042311294,0.0033252905900673646,0.052844428731996684
2025-10-09,0.044067229338543124,0.21184210900564726,0.06567794157003903,-0.006332497857629904,0.017777711331641077,0.05522342839780858,0.008141104981169045,-0.0013803119954448606,-0.022988483697581663,-0.0052478145904775175,-0.03091187260443673,0.021602749665615928,-0.03981266441529541,-0.009960197395386228,-0.02222216388841347,-0.025801816884299833,-0.020752032371026408,-0.0014117833576590133,-0.012912517888758357,0.0031001984361633816,-0.0055618214478245775,-0.01394711863672482,-0.01654628849617612,-0.008538900579301623,0.02088570662560274,-0.018845612127633027,-0.014112937726413533,-0.015151500555948827,0.08527910318600784,0.002388158038783894,0.003001771329867564,0.0,-0.02762949189046604,-0.01482704307358762,0.061889270798701546,-0.0017905707957047712,0.03070620799306112,-0.0025733905974979487,-0.011118383740226778,-0.011813509754613483,0.0032154311255849777,0.02639615046992816,-0.05514709330502232,0.12953131251636352,-0.0012103017478460876,-0.004646017029704463,0.02826609226928456,0.03313283842732262,-0.009642622942306556,0.01118907849570383,0.023541405471845245,-0.0011062200137206268,-0.006640364074541494,-0.0022600534167367403,-0.007956903056896447,-0.022727311040634524,0.0,-0.009966794601252715,0.007911160568601971,-0.029535838237513157,-0.010847451803473795,0.019093060289627983,-0.039041749439726936,-0.0114125049146373,-0.006802580258254642,-0.0023696722925918845,-0.008546993604478526,0.003278688524590123,-0.025910508422754774,-0.033001079249399434,-0.015577801150541859,-0.009344738253989626,-0.02032518214207668,-0.02978345415833339,-0.015533989556671068,-0.026854583730252735,-0.01566690681643279,0.006829304923264612,0.007030199361129252,-0.031226986457476125
2025-10-10,-0.05275908976481969,-0.04596448023850763,-0.05168985594418585,-0.018056301325835244,0.058952010883467576,-0.021199989307054246,-0.021534300283811203,-0.015512242770120532,-0.07058823611909537,-0.0111370525071528,-0.12599680450657502,-0.10504774746807921,0.004878044241882984,-0.03420515224010334,0.0037878994770335073,-0.03041613360374429,-0.03912840920356475,-0.03722894915882524,-0.03225261361065013,-0.05699098337416364,-0.007829901554249008,-0.017823564251018942,-0.002448571247772202,0.0028708764025060507,-0.0761646580190165,-0.009486576103671429,-0.006134914885540077,0.0051282001121668586,-0.0720298909555005,-0.01017974350844697,-0.05582304490184187,-0.00653262126927634,-0.07664243529428949,-0.05953173250857624,-0.08282208028109406,-0.0170403996766475,-0.013660110562250138,-0.027347629230748183,-0.05402573764416929,-0.025363525074820426,-0.03846150319251662,-0.0230102870080221,-0.05058361066115147,-0.04148726017982973,-0.034714276250361054,-0.02800556815287536,-0.021021017051670032,-0.04608247816957167,-0.026155072902737664,-0.049925397829666096,-0.1149999618530273,-0.038759627701588806,-0.03580334903268945,-0.016886319432339092,-0.04196710923088742,-0.0344530258706961,-0.06250004656612851,-0.09060397136032683,-0.04971074723114777,-0.04347822030685711,-0.017134998241803534,0.004683836303478017,-0.024930702307610075,-0.03166703062115317,-0.05251141802977988,0.0242808656231841,-0.005172338546816646,-0.0326797385620915,-0.0518692862688257,-0.026082507641196573,-0.034522045132806656,0.002602166920028459,-0.019087214295907207,-0.0441859743330123,-0.013381777173415266,-0.022166876979741623,-0.0921182194309601,-0.0329457920825309,-0.030218399129730122,-0.053160053895246584
2025-10-13,0.027574912025457365,-0.06714720852732425,0.04821809937084964,0.025959953930670077,0.022680476723396126,0.01873038428966889,-0.0013754817153938115,0.019188820377744387,0.025316430864913864,0.010669715080532605,0.07664234942191772,0.17225611650876393,-0.00849510883114013,0.018749931703013978,-0.0037736054389646556,0.01743354477463055,0.023299192003651825,0.00978949739859214,0.03437623800403,0.06738331767047012,-0.011837594556064146,0.04153834325226624,-0.0029453685189345657,-0.02480920373694606,0.03441838130423758,0.005399642511316083,0.016460889199236384,-0.015306168375089801,-0.11995973033320728,0.005251671916850498,0.05237049586019116,0.0010116569196041425,0.02200143711027569,0.09477236588344873,-0.033444784051375964,0.022810356017754163,0.005967687131799071,0.010079626108562945,0.01913783223467802,0.01574668667544943,0.015000025431315178,0.010252158686159474,0.04508192316238402,0.04164967200067471,0.02122136359960769,0.019935896318952873,0.007078792579036763,0.026688754318022756,-0.0001960070939461822,0.017100394188331425,0.04971746456695958,0.020737251748036645,0.032138668147958516,0.025973980313637846,0.019027484143763207,0.009812636601509661,0.07142862008542661,0.09471088477866596,0.021880752478097065,0.03409093002642427,0.014644326398670193,-0.05128200283167916,0.03598476758208258,0.012468623542181367,0.007228765003482129,-0.02628189697683536,-0.003466264601095448,0.011486465866501261,0.027431334264018004,0.01787547311354687,0.009744359001401026,-0.0023791631642573474,0.014382443491140817,0.09829678490750449,-0.002430013399333353,0.010178070222314428,-0.01921227782869339,0.018537105108122898,0.009358326636167424,0.05537231934315634
2025-10-14,0.030922300508520184,0.014640122330933591,-0.040999969373919365,0.017923045065612486,0.012096728485864183,0.0,-0.001377441951317393,0.020205107268139733,-0.012345667202249944,0.0,0.07542367586970444,-0.0078023332032624015,0.20563039039013797,-0.016359903045058743,0.009469609829782843,-0.001145625293047292,-0.0037835117855361533,0.03926326121078749,0.010477105971615996,-0.006386596103667541,0.005704482420448853,0.016703929336141954,0.005521435149709264,-0.04109583120970206,0.015217955780801207,0.03042065428458285,0.03441297051109693,-0.025906711748779898,-0.016036586138534203,-0.004571195977260412,0.05212147322847871,0.013137863037146591,0.024932610981501124,0.06447947442554325,0.04498265443026672,-0.007136459684195295,0.011704224045541167,0.0010502136833674403,0.022929426805578412,0.02219325983266862,0.01313627614148083,0.021118983639840216,0.0,0.07722459018734562,-0.006660988524603506,0.02040238375326142,0.0,0.03929472570155079,0.009411755730124094,-0.016721987604375044,-0.11517757795671635,0.024830730875142537,-0.007741792135977699,-0.004185341328569181,0.03311201546696707,-0.0035335656299810836,-0.008888880411783817,0.021348375528244423,-0.016449187072890448,0.07912080034860458,0.0295532650128687,0.01719894149184875,0.0009140977390682536,0.0369448849171059,0.0,0.007409335075772017,0.011594330499561378,0.002672071899986417,0.02503036364852651,0.011665508376875744,0.0004441421356069508,-0.00021676577849760736,0.025854896626837265,-0.022596370807475008,0.006005014788352803,0.004121819913727398,-0.07162094089451665,0.016232134429843725,0.029648456316606175,0.017367111263363544
2025-10-15,-0.0013790384187569726,-0.0641282698414325,0.009384608519448667,-0.016053830891561538,0.005976121170071069,-0.0406498349800537,0.012413814150053826,-0.004351101408673563,0.0625000139698384,-0.002932438953016203,-0.019700552266877946,-0.038663181109999445,-0.02030464519734476,-0.01871105065666223,-0.009380777526704964,-0.0035904913234231506,0.007527979880129765,-0.016324691975800443,0.005128480807600644,0.009270704398690155,-0.0017016042804622877,0.011870201496637423,-0.0059807576743603486,0.020408175528998207,0.002032469896262823,-0.0065817248037550735,0.05675145876240517,-0.00531914387692578,0.17578582096147244,0.004810867383691075,-0.02763248310308397,-0.0014961985256052301,0.015087082655024009,0.017393948332679265,-0.029801296270770217,0.014046153987936405,0.008959179958595742,0.0075434472747353265,-0.02183583472133388,-0.015644967941753074,-0.006482975908981503,0.0,0.02549021899448123,0.015647755179721834,0.007056803636168452,-0.0008389331972208369,0.0074976497782595075,0.008725172201312192,-0.018648001029701544,-0.003789417568938358,0.019464700999327622,0.09581496617502028,-0.012965375127586998,-0.008303487059436732,-0.03823595942257818,0.006205731396776937,-0.00448430061781413,0.0451044929075588,0.005911144180243744,0.008146631995133324,-0.014018667934681539,-0.014492740269210325,0.010958893849253526,-0.0244816732666443,0.007177114895223324,0.0018387101493393398,0.0054440094741303735,-0.0026649509594128817,-0.00976758969506697,-0.01298054062881937,0.006336473629484196,-0.02884097978198119,-0.013821176611396924,0.008159581754690226,0.006194343452525342,-0.08346636331585788,0.09428987674045874,-0.015488817786629694,0.008212961123153173,0.010928541888972632
2025-10-16,-0.0769894538404512,-0.04325482708271644,-0.0113635540473227,-0.01526320608038656,-0.013861381616253055,0.0,-0.012261600915111526,0.007835995151954434,0.0,-0.00411764752560817,-0.10128611878688631,-0.12338107772348128,-0.01761658891338247,-0.04661012711246704,-0.02462120773791665,-0.03388220987528745,-0.009019900107107293,-0.06353718015265819,-0.014918764781925664,-0.03233312113058184,0.011363476286187835,0.022840304550044932,-0.014250019993126695,0.00499988025649456,-0.038539566701057626,-0.022441808408501185,-0.040740789471011896,-0.03208559456461735,-0.012871297973357176,-0.029162183962553767,-0.0824373043392912,0.0004995119207380494,0.0019771145737115248,-0.054439127946936616,-0.10238905989115255,-0.017873085054962545,-0.030754268292878306,-0.007329804599896628,-0.06845116427028963,-0.051573161271519674,-0.052202310878841196,-0.05721189913888214,0.02294452870391006,-0.048369773874968436,-0.003702934704380212,-0.04254128021264092,-0.04000002838844474,-0.05631908158077237,-0.04631829238687768,-0.00510277898660183,-0.06921240045170929,0.01507543468140704,-0.007730321461572931,-0.0164357698263512,-0.054622907643546936,-0.01497797978681048,-0.04054050135560294,-0.02105261150159332,-0.01791596582348709,-0.03636360308574338,-0.012186890830922503,-0.014705868603311245,-0.024390199777114208,-0.040901299522146495,-0.028503541528255183,-0.022548521869797833,-0.007979437913380183,-0.0336672905068619,-0.03347788627356718,-0.006988460030652455,-0.007579986804138628,-0.037289230202862456,-0.039571368199474266,0.011690642554846864,0.01746141466537443,-0.014680279781718597,-0.01795619948043259,-0.0373647951709456,-0.014918016018958147,-0.011959893427767265
2025-10-17,0.00467551887586648,-0.052820067015043826,0.0010448656495865016,-0.008551568959984213,0.0020079763238467496,0.0,0.022068944470635676,0.002242845873789978,0.0,-0.001772002564378039,-0.07960646860722609,-0.08709175081334852,0.006329158493033615,0.017777760823567634,0.015533970446286016,0.019633281582765783,-0.002988740916708865,0.018734196840305417,-0.01294892386102875,-0.015820781751717083,0.018539437939239622,0.00653197947317441,0.0039619256945429004,0.0019901585886261675,0.05511604044062168,0.011948613039642675,-0.05212355016874792,0.005524922645682384,-0.13039118915914338,0.0035867183735791563,-0.0033481844691370943,-0.02895656035063221,-0.002109329202996224,-0.04805707876227627,-0.06844108704362784,-0.00636935808341399,0.011570710359504188,-0.0026371463400414186,0.01770760525489168,0.014021872849999228,-0.029259910149433854,0.01994296235629145,0.022429885551058515,0.03463855778587832,0.006566786726718066,0.03756207572635617,0.028343072147312354,0.009675088345262983,0.011830628709294189,-0.006667636156250767,-0.03974364256874374,-0.05643570564059619,0.006911859579099788,0.01187595623012827,-0.017050978563012742,-0.035778225517526074,0.01408449285348734,-0.0032257776726799525,-0.03342083609113622,-0.023060824728355245,-0.008224807050680516,0.007462738793704071,0.018518500530834592,0.00812832047252754,0.03911981330555103,0.0021459719333229987,0.008618197363231106,0.0006912127899576515,-0.007422231964273607,0.020217569746440178,0.019559457191237417,0.0032471154864492924,0.012017232671966749,0.01111111970745604,-0.0069857534753197115,-0.006565609200313682,-0.02515640540070141,0.00817157707535987,-0.01295210736458885,-0.01506842448327772
2025-10-20,0.023268800662615385,-0.014650258420502604,-0.006262973186272669,0.010781712731280146,0.03807615558544564,-0.012126290478254087,0.0026990528121939583,-0.008354431878144553,0.04705877733065722,0.0,0.005830944590780485,-0.014480415639544275,-0.004192868135531769,0.06986903427772084,0.0038240192258931494,0.016206891285528435,0.0015669418820809522,0.041749383550821584,0.019735291527107846,0.015817845855819135,0.016547198435057586,0.02165704111025768,0.006257411989787576,-0.01688187144283937,0.05298682418192091,0.030699478811181846,0.01629326399026665,-0.010989065691980104,-0.042675880311784375,0.01161491642329393,0.03163486043676356,0.016452425823753947,0.027752257734792618,0.01682769599850209,0.0326530294485865,0.013736024280879278,-0.00023499406043525628,0.010047570598583633,0.0243800938819545,0.03743680478312372,0.07801419638944651,-0.008100518892123154,0.003656303783114545,0.0,0.01260071663217488,-0.01450900966359081,-0.006360434697551098,0.02168651945849609,0.005333298903245298,0.016147214372026486,0.06008014684293039,0.03147955919630774,0.026352524375450326,-0.003635214775224438,0.030379266479604983,0.02319109519412721,0.01851850012202405,0.026968714957357198,0.010720145675691128,0.0021459719333229987,0.028680053406863193,0.02222214111412235,0.019090912558815676,0.0399822670004808,0.016470584776987485,0.0026766186425968286,0.016804338771362337,0.02445432909127887,0.02461433465596774,0.042706589438169074,0.0394388237214669,0.00531729364366762,0.0033926747566750404,-0.002197735864456263,0.013571178899920433,0.0144890915700282,-0.044687851745425666,0.022796419100922893,0.02220648990631946,0.03776934501523166
2025-10-21,0.01237038912270716,-0.005275808553429351,-0.021008475724618725,-0.060799967447916714,-0.011583061370706527,0.0,-0.004037649214576056,0.006168136380102052,0.2471910473554222,-0.015976447215542144,-0.042512127327587246,-0.055315419751889694,0.008421044600637417,-0.03061226376490178,-0.0019047259044677745,0.02319767668501793,0.008979031178437014,0.001431316663045079,-0.0034679221468889576,-0.022154703726136926,-0.017363006934398184,-0.0002215743505983303,0.0033565706851679256,-0.09393937020543874,-0.031094263946801814,-0.004394449879495221,0.09819644698010133,0.005555550404536813,0.024096362008327654,0.0037534999959629722,0.016553612906658577,0.008598890862806519,0.01579027717795478,-0.029002138180676318,-0.003952565445193956,-0.0018063979828422116,0.0014848315726321282,-0.0026177143182020135,0.004983594495548527,-0.0016255360193808688,0.008223715684585908,-0.015770138697043135,0.003643070782787694,-0.004366773430994009,-0.0002615279669033743,-0.024013812646290877,-0.005215770960440902,-0.011649721537270619,0.012242446630624348,0.025637486886977978,-0.03778339906459449,-0.012207516428325738,-0.008728636570102921,0.014906705937940412,0.029047469022887684,0.02175890576634054,-0.004545450112051319,-0.03781518834465791,-0.01000905608978675,-0.002141376599242406,0.0023513671448545104,0.012077341146705889,-0.009812636601509661,-0.001805455265992184,0.004629644563023394,0.00854243733702753,0.02044816699390095,-0.005124812879199636,0.032993855999665866,0.02201230634700435,0.002021049273656983,0.008393649733159814,0.0025359025748552533,-0.02070490118014645,0.016941726364585463,0.011024755002516207,0.015021734073224158,0.002476459387409813,0.003258633771044739,-0.012709688944170017
2025-10-22,0.04887686130144986,-0.047251666010191706,-0.008583588417931165,0.0034071245805133987,-0.011718707104404591,0.0,-0.008108100271120633,-0.016596899759813266,0.25225222322637264,0.007215992481433897,-0.059535838715674916,-0.0860018762865441,-0.007306857555499757,-0.027368445145456444,0.0,-0.04954558393534203,-0.007415938043124348,-0.009528229083327955,-0.03682082074400472,-0.0362505890704673,0.007730459481501084,-0.007535535883262501,-0.00010567083567136759,0.04793745159499352,-0.047280752562585016,-0.0029049051599239206,-0.09306573487349412,-0.027624283920971493,-0.11176468344295731,-0.0006598506094156464,-0.0024025668656568744,-0.022567740766648914,-0.011691279423162837,-0.07559904942839724,-0.03174600171093711,-0.013574780714255996,0.007658688754351717,-0.009448710078118316,0.03592768189696183,0.0013025211867210285,-0.021207196087103863,0.010300392639924327,0.0036297604529451633,-0.025950328069534567,-0.009633983978945992,0.024897615930265404,-0.010486144811947984,-0.03835784580834467,-0.001814153426337839,-0.018375903497213075,-0.03010471506451562,-0.026776542519092894,-0.02761737004923659,-0.004005745554678808,-0.019496507823670073,-0.02218278525692341,-0.00456620557167875,-0.03930127321770138,-0.0226346681838977,-0.008583683082144522,-0.002680963595173891,0.014319795217220932,-0.0027027644697734665,0.009894704811044708,-0.0207373384135493,0.009528867707344624,0.0008234850958883655,-0.020875604666000136,-0.028407421781302955,-0.00047065909072330214,-0.016440179021178225,0.0020524550905287597,0.005902309734010958,-0.020242825858675206,-0.0019346489154373758,-0.010161104459551096,-0.06439048634394817,0.011857621081110992,-0.009645627384420541,-0.0866546077336996
2025-10-23,0.011649825554550963,0.006578904820891074,0.02922081762846629,0.024335048291973083,-0.011857663590969736,0.0,0.054495859702297755,0.017029083225597264,-0.08633093957075222,0.0,0.09978544373689724,0.015015072636763493,-0.0031546462590396063,0.00865800061555344,-0.0019083608087352433,0.0008224778933081378,0.010188141299520614,0.030302965984973174,0.028962710046204876,0.044868299682279345,-0.00219183641475984,0.005880737221800603,-0.008452288686022214,-0.007446693875914456,0.0038570719525090613,0.0008323653347745985,0.014084542176344472,0.02272725117600638,0.060927155831263624,-0.0026414841114426046,0.01123901513639658,-0.0015392861466302366,0.037207182314870746,0.03194596639278102,0.06147534976688718,0.014678922019098595,-0.002783989436778267,0.002649516723761236,-0.0038101597817709054,-0.01658532395574519,-0.013333320617675781,0.001132795449181545,-0.007233352110771807,0.018011240116587945,0.008406490261045452,-0.012860814429769274,0.026493219219495767,-0.0061285588289580195,0.01009693043978177,0.014406971477930908,0.06072878480010413,0.02275133935739304,-0.011936956417969213,0.00030936144085003114,0.012967926201651103,-0.005444683949575424,0.0,0.018181800448205276,0.03705422529571867,-0.010822449163687464,0.02822575781179193,0.0,-0.00813009530885267,-0.00874428655669146,0.004705897516285917,-0.013896140214431196,0.010148134808313891,0.011075666415381491,0.026814067350179993,0.045039708932981926,0.004372053262009956,-0.004779223737731431,-0.00502937662806302,0.017906237864213415,0.012922715199509716,0.014772169458356021,0.02539200553356058,-0.012695260199419245,-0.015603256330437243,0.06326066955061993
2025-10-24,0.03708725604913776,0.053795863632911445,-0.014721493263058272,0.003314887551262524,0.034000016723068516,0.0,0.03359176183079837,-0.01106290731831061,-0.047244050142243865,0.0,0.02048780859970467,0.09960544783143033,-0.003164528947236067,0.02145931003093504,-0.0019121030731876765,0.0008732968673237362,-0.00638739309844738,0.0527543534422108,0.031715413787370084,0.03497044565944529,-0.007138764943743325,-0.0057722431387391415,-0.0021664577918734107,0.02250800509750972,-0.013319683544291472,0.00850599412430686,0.029761923909277677,0.011111167036458314,-0.01997507112076613,-0.0008827417239246627,0.041809949142081804,0.016957957172670124,-0.016152177793540945,0.05395370807746813,-0.03088800245451473,0.006329134829577976,-0.010519620458149026,0.007928165369288864,0.005393750698255095,0.02678564920681925,-0.028716228733626892,0.01499293590479489,-0.03278685534479753,0.004423178877459577,0.010678248172756977,0.00897499060544904,0.0640544254024833,0.03793893438377838,0.0075969824997523805,0.01411194729592502,-0.006361347313680876,-0.017071905070281335,0.011247987879419608,-0.006082436473099251,0.04190495637825076,0.017335728076824486,-0.0045871514481795606,0.03683034847110367,0.02352241309919534,0.0,-0.005882396856046634,-0.0023529950310202663,0.009107503245793236,0.03422260459285953,-0.007025839921804833,-0.0037223979626819226,0.0013576037944176278,0.01492542770785521,0.011507801613226398,0.03092954630874334,0.012481779466614773,-0.003544449597973842,0.0016849045670599416,-0.0009020927504894694,0.0007441956603913003,-0.0004934508065217447,0.03721244848739258,0.037091968786796325,0.01312463788298901,0.07145279720611475
2025-10-27,-0.039516687088751334,0.03912221555297268,0.2678763586116184,-0.003854608778215085,-0.013539740292188074,0.044091611928428254,-0.019999980926513672,-0.004535193421582151,0.057851182674339086,0.0,-0.030592704938546822,0.028699610712696666,-0.0021163496818007443,-0.008403453102266312,-0.026819884265584237,-0.03387223965499553,0.001488707690623814,-0.00576492965252684,-0.0007685095847593804,0.016024856093507456,0.014380513155827002,-0.022553039220666093,-0.0014594307443862586,0.0010482752944382945,-0.007268919417690256,-0.006260023596483588,-0.02119463050127901,0.0,-0.07388534149710957,-0.013253930038792161,0.0007620674322610377,-0.013643276668664939,0.005666731294914795,-0.029036644910471754,0.02788841972460654,0.013476943090077187,-0.0024567624000315647,0.011012002666075604,0.0024384902408749465,-0.00933971968804026,-0.02260871555494226,-0.0033445055559343517,0.020715656252309644,0.01651378946566795,0.017809259983306847,-0.020803416311039546,-0.01984559518111606,-0.005135379310980626,-0.0037698895963066414,0.012309863182682124,0.04225357272227681,-0.014736878244500429,0.02489404292091235,-0.009231479983780488,0.007536026827870579,-0.010762321943011854,0.0,0.029063558543849233,0.010763643830210112,0.03282267240610248,-0.014464129682852045,-0.025943316654528314,-0.013537871801726609,-0.014900803509141691,0.004717109960996391,0.011742690482376528,0.004067185621942526,0.0036426960747630854,-0.029025640820199983,-0.01896278288668518,0.02279127405766279,-0.013884097111729221,-0.0075694022467740485,-0.02076747815383584,-0.01641347321993436,0.019748248890721687,0.03509451739676095,-0.034811586353918345,0.00757351417824359,-0.006172830064307688
2025-10-28,-0.001190066222159114,-0.035353555256580016,0.018518468689025847,-0.013819789822623996,-0.015686216866216518,-0.03459451354292964,-0.00765305377701242,-0.006833666798322535,0.08593751309672393,0.013134214815406331,-0.00887575439256827,-0.03487363233586094,0.03499468855000254,-0.01906772876086893,-0.007874058933338923,-0.012217811695924619,-0.010743218499260965,0.021409481873749137,-0.004834394817963328,-0.007947200374165853,-0.03217010129486142,-0.016600670490612313,-0.003208235997936404,-0.002094355128138159,-0.0023535603723200405,-0.013881520283408388,-0.003937004178520276,0.005494500096186128,0.05502064599956902,-0.002462298398510754,0.004695369325613763,0.0,-0.11675309563222391,0.0001728977786394914,-0.031007723283626443,0.0035461489538366475,-0.006119250276980903,0.0031120314086132694,-0.019460918992102894,-0.010078036695441273,-0.05516013329041236,-0.010346767938017143,-0.022140199975999808,-0.009386289592803854,0.007689893130412795,-0.0057142773598442,-0.015748048389755853,-0.039068830881811234,-0.009161503542327476,0.010045375014470892,-0.02948405870181503,0.1089744118778917,-0.1629055188715698,0.01109720713191864,-0.006422771670954064,-0.004533108970565136,-0.004608290374042534,-0.013598337733768617,-0.012087959682470673,-0.11864406094746938,-0.03202133064907298,-0.02905566155785122,0.00182978074391138,0.015856411311276686,0.004694850508213166,0.0018464704591392156,-0.00918178338154274,0.005511542754044196,0.015172031558669197,0.01788094602534196,0.0007068103233436318,-0.014195964464102984,-0.014406734369863505,0.004610458523128358,-0.012583031339809536,-0.027354151850933928,-0.04865128761183979,0.006422945428018689,-0.02462662297239282,0.008361269033592134
2025-10-29,-0.04204257396941491,-0.027129923303887304,0.006611576023281218,-0.022982054030567634,-0.005976121170071069,0.0,0.0038560067046489177,-0.0021406634003370284,0.10791365302292033,0.000589388887759501,-0.04179105157442142,0.028003652047220884,0.03483608039083452,-0.021598251006661906,-0.02182537200222634,-0.04097873214436498,-0.023905470339837143,-0.029694323583124294,0.024620518156990956,0.021074674603593913,-0.02929584915516048,-0.01107328011485087,-0.06583695680589308,-0.019936895352695827,-0.03591094867067557,-0.024366980579083375,-0.033596853402445226,-0.03278691835069325,0.009126426874566773,-0.011445405131596642,-0.019325487112326623,-0.001536920386370988,-0.012905138625746604,0.08900790972788664,0.007999992370605558,0.007950531961612883,-0.012703469762874287,-0.0025853307599524866,-0.009328106797669045,-0.026272604869391314,-0.06967982853977284,-0.007629247442423881,0.045282974053041825,0.006195337936781176,0.0045030048033982695,-0.024314799547062393,0.005714285714285783,0.010427615739535323,-0.048442207988183106,0.0045801659836763875,0.025316491606066638,-0.003853560829674585,-0.03868843076468331,-0.07082215611519893,0.0020456591266906354,0.04735887790918447,0.06018512539657794,0.00954402435580981,0.007865898180732245,-0.016826850334565435,0.0006892291132123418,-0.014962637848739191,-0.02191778769850683,-0.06695416753093764,-0.03271038319830921,0.0036861345796685985,-0.055873524595604795,-0.015775404505789625,-0.027227048201108883,-0.012641547486152094,0.0026022346664624774,0.013338022156943019,0.024075620354825134,-0.005048211968803562,-0.02537741554362516,-0.0435539535693058,0.04266022056307728,-0.01963679755660852,-0.020381282501030218,0.061754693596747456
2025-10-30,-0.035181229303165695,-0.033268115822343014,-0.03694583428613174,0.03901321246528355,0.01202409981761332,-0.03800392902896854,0.023047353349219257,-0.009653767425526039,0.0064935004616650804,0.0011778564352125098,-0.02388374799349602,-0.07205621147434449,0.003960392113094846,0.011037463925375857,-0.008113634910224432,0.008635637695959764,-0.009586525371700128,-0.004500394244275396,-0.02817733802241784,-0.026191891477501117,0.013929089207496803,-0.04001256380899787,0.0011867580704369995,0.04925048920203601,0.021207249045184673,0.006783008738182605,-0.02044987880632343,0.03389834047197171,0.04780360419902574,0.003405296026132154,-0.005667213354781597,-0.0112878048198084,-0.03471578933369068,-0.06491033584411576,-0.03174600171093711,-0.010517063955088224,0.00850492195157071,-0.007257608658344794,0.013022120022166739,0.005733586826344617,0.012145737264080303,0.013382738390264715,0.0018050954784647466,0.018109380258852337,-0.015288588840218331,0.0025675902363404557,0.010454524647105723,-0.026581914350522817,-0.002323629277503292,-0.03230569840563213,-0.02098772162036089,-0.027562847505450017,-0.017982048547426244,-0.003008654440534664,-0.011922252942902167,-0.008695685345193604,0.030567656947100952,-0.015756361868897062,-0.00982797754797482,0.0097799414084907,-0.004821016402918432,-0.012658215623466695,0.024276398501938745,-0.05293857242643896,-0.024154551805358748,-0.0010492419189609414,0.01876453038740089,-0.0062482894228635955,0.03331308963447954,-0.006096878386420146,0.006303229091240592,0.009202107508079704,-0.01511338271924434,-0.046125493681404395,0.036475864265233415,-0.061930811341251224,-0.05184236797802422,0.0035053730617298218,-0.015422811865812958,-0.06029504637710914
2025-10-31,0.014917152572226478,0.02479755897988123,0.05456100338065695,0.007730501652684296,0.00792076230699923,0.01855214356682766,-0.02252813936106446,0.008664787432876908,0.03225811165403902,0.0005882353608011037,0.004255315263436366,0.06534086675806638,-0.004930985112617692,0.0021834561241091954,0.006135053339358931,0.012231123960379842,-0.006287971116751723,-0.006329139175664578,0.016077136145818516,0.019707440900798012,0.02003443162753915,-0.04388250637671831,-0.004703118990225796,0.0010203637073815663,0.005591029733614139,0.007048779347306855,0.008350722791562015,-0.0437158694203621,-0.02959306797510941,0.009954707470032131,-0.1532382729184748,-0.0025947661246180642,0.030148850403733052,0.005261394822215104,0.01229506995337748,0.008857388102025077,-0.008085927790490444,0.007832944506061867,0.004647488402104605,-0.007377612893854302,-0.002000045776367143,0.004214723991826652,0.007207200086191579,0.002134452673056453,0.004823894560769926,-0.0072310388309155815,0.02946471885440327,0.0070679340492829645,0.008469225698831462,0.09584492754129248,0.0,0.019393305709184627,0.011626261882607736,-0.01408295651100211,-0.011157012182818948,-0.004385898134529276,-0.008474568565903118,0.005336199716706735,0.027003374181346906,0.016949078180278576,0.008996518554501565,0.015384600336500354,0.0027347066764764616,0.0026728177538239972,0.0940593511825123,0.0005251219040147692,-0.10002837607350346,0.023373414418762284,-0.09671720396449979,0.007584183190468385,-0.003795042898427692,-0.0038088854268172323,0.009377751870364381,0.031431320376401395,0.03134819700436764,0.014147077920700024,-0.0001340409523226116,-0.01996015726999234,0.056349878633116024,-0.002981307248639431
2025-11-03,0.021956070968458308,-0.014321032865547867,0.0008083560187637229,-0.0060274307041952024,0.009823193283657883,0.0,0.024327792395967496,0.015493088955530254,0.09999997764825852,0.013521346202475915,-0.005296529585069876,-0.08799997965494788,0.01783947497063365,0.004357294174649917,0.01016250813295727,-0.002801173972145854,0.0306435336254256,0.007279324208894211,0.0022915657559070546,-0.001215491408793179,0.003928187325122456,-0.03625664602613754,-0.01202451429420337,-0.011213060148998588,-0.04792166670252096,0.011872112573893423,-0.010351907802793603,0.017142840794154512,0.09275737058778688,-0.009856588019644064,-0.03732602629474158,-0.0010405073428458866,0.004939597297179743,0.023636696550716207,0.0,0.0008779536882896899,0.01820171685792049,-0.001554352551445426,-0.005742549538332975,0.008108129458632707,0.012024132739239413,0.0710686707791468,-0.019678019769548638,-0.07028752349569811,0.004784803808179916,-0.006828643309727878,-0.011798140924766942,0.022011906366139034,0.0008397459570257393,0.04004585509136338,-0.015132394471214283,-0.08195123439881857,0.008260263513870436,0.00022678010053911457,0.009527784163060549,0.0026431481905648813,0.004273500354724069,-0.012738841251293542,0.03865830828957795,-0.004761900436850985,0.022633783055699963,-0.030303061318608826,-0.009999968788840574,0.016689855128349862,0.006787298096797345,-0.004461894376735498,-0.02739297004961294,0.006678242041640914,0.1062580928652479,0.0016051034804644981,-0.004882257880291285,-0.003591676136745381,-0.0084460398227455,-0.007082100442485029,0.004882085056724383,0.0016409970139628083,-0.028816532747496182,0.017311589306224562,0.0006966529905017005,0.03934902185063471
2025-11-04,-0.01882104721297484,-0.008516942722585519,-0.037964461563052554,-0.025358274528672453,-0.015564237621426003,0.051785724632064545,-0.004999995231628418,0.027945712821739743,-0.13068182972713938,-0.024361842618586538,-0.0958467028006641,-0.07602345704143465,-0.04479065410354799,-0.05206078980573903,0.0020121327899456087,-0.017129327231610536,0.02793865621821423,0.00542003893603038,-0.028415902598919907,-0.047340872293199054,0.005030733349354888,-0.01690716099037093,0.007971324372080257,-0.007216484413814284,-0.0180755764107432,0.013261545738361358,-0.03556486795651448,-0.028089861303337904,-0.08953493297776804,-0.00904979739889955,-0.012076944740900597,0.000520745892495178,-0.03780760210074818,-0.07158172647419359,-0.052631624670087085,-0.009649105788961165,0.013684760333774415,-0.011935659897139517,-0.004580788461481133,-0.005026766579815933,-0.08712872091128199,0.1381923042205897,0.0,0.047346305682799184,-0.02029804094164056,-0.002138977353273841,0.0015476386365835815,-0.055561376894945225,-0.006293250442287235,-0.018425168014886806,-0.07810501126550695,-0.02975555127646423,-0.0324142477113446,-0.03842238343037041,0.012583795277304466,0.12214414141867014,-0.00851063052687262,-0.05806451083635489,-0.03270381927124988,-0.023923423143372258,-0.008048285463934657,0.005208328482694924,-0.022038633354096948,-0.028727740426877535,-0.03370781421230573,-0.017927769567747442,0.003884819913162918,-0.02507628128929773,-0.07778431044398737,-0.01199093566415288,0.003679658451690937,0.01709303745003643,0.02725733848265177,-0.02995732723814648,-0.016351490139393854,-0.012834391821032298,-0.07728399868723035,0.00300310162554851,-0.05479862724016238,-0.025969350955421633
2025-11-05,0.04415494961127164,-0.06720574883911001,-0.010915109714307425,0.018099529937821268,0.0,0.0,0.0037688106567113078,0.003673769122535475,-0.05882347441324487,0.0,-0.03415782917210064,-0.008438810925003759,-0.006116250463834683,0.0022883819550847395,-0.020080333504870373,0.00941444641804945,-0.04610425723404976,0.030098855410570557,0.014903651533979323,0.03960141188633948,0.012235963410301975,0.02269047012901182,0.0013501877525232686,0.021806821831303447,0.0031151739273933554,0.06702359675842118,0.021691952654312452,-0.011560682489023755,-0.024265652499588897,0.027397244623886152,0.008685876329928455,0.0041645931737368524,0.02273855491212262,0.05560485348214961,0.05555560649969826,0.011514753203753392,-0.006069624486813252,0.0,0.007302945412685169,0.01684067118407473,-0.021691952654312452,-0.04062428841986987,0.10583940176776063,-0.004374802694069091,0.0065079158770231516,0.01684281314268521,0.01699780288591546,0.0647791682303831,0.01836611286044243,0.0035295587926045258,-0.008333325606805109,0.0076669982417088,-0.05279055397647481,0.00825087939477065,-0.0024527465321840802,-0.014878663057690367,0.030042993113079675,0.03652964457343,0.013156034959715068,0.051470598547516566,0.014198759134509409,0.0440415335058717,0.014084561274875451,0.013380265290951376,0.0069767109223062285,-0.0077852594772441774,-0.019671115764732683,-0.015786657717945185,0.06900958147163716,-0.015995507600348513,0.0003703646251622672,0.0009146202119378888,0.028192281271776753,-0.023529314296032666,0.008763173969365878,-0.010788514060966814,-0.03245585027125086,0.004490876951988021,0.038825782889942984,0.07449616920922653
2025-11-06,-0.027036418590361655,-0.0595882193215459,-0.04074706185590027,-0.02166663275824654,-0.005928784310507695,0.0,-0.015018759574042972,0.0013176622821293726,-0.03472227051302046,-0.020808678195904484,-0.018292636831624076,-0.08297869836436733,-0.0010256645007010734,-0.0570776240794485,0.01024590800217906,-0.025759169843286744,0.011960017979048887,-0.013519389631101775,-0.03240584706285998,-0.04288520498350046,0.03571418532234638,0.0062510837057696556,-0.027776719384136395,-0.004064963610531103,-0.027667972696157506,-0.02955096362468379,-0.036093434164987226,-0.03508775476628012,0.003926729101128901,-0.0011110499040950517,-0.019454591354123307,-0.0025920757924345894,-0.030157355731458613,-0.38488723723719864,-0.052631624670087085,-0.014010528170542269,-0.012245604705048097,-0.01207994334484519,0.014202028922318144,-0.019874150126724666,-0.05764971522990314,-0.047607623018050216,-0.05940596318706948,0.03551817062145268,-0.018627312554173714,-0.012799403239280749,0.030605597064297774,-0.009622351686427666,0.04954393255577516,-0.028617121300727022,-0.012604996839451155,-0.039130398276171485,-0.027749648152352147,-0.019523008546545095,-0.1773625031617183,-0.03100161730429174,0.0,-0.128854635035768,-0.02457425888937581,-0.009324000514850717,-0.012000025852057283,-0.0173697687387232,-0.012962994523172067,-0.02594398405160392,-0.04387988481193161,-0.009469655919665088,-0.02006577001010168,-0.02309178893794761,0.013150103211163389,-0.007275214854675749,-0.0013697625428008564,0.00239861881385095,-0.016935493695908077,-0.003514113628277915,-0.03585342590447804,-0.012583777137492813,-0.05858711968607799,-0.02285145217807838,-0.018839264125487754,-0.05446764358747791
2025-11-07,-0.03794088156880138,0.06221197498472808,0.009734441643221015,0.005110741026038701,0.001988016300033202,0.0,0.49682336775972447,-0.0021933254454979956,-0.050359664721725594,0.02125088093873817,0.016149082156611705,0.07656610860491941,-0.0010267175684632868,0.046004855195065586,-0.0020283591538159396,0.012080432223076532,-0.004727424173342598,0.010610049428577684,0.004450269642741311,0.01181150566381417,0.0015914738920932425,0.012337007154376911,0.007132657807931597,0.015306156685120031,-0.014808314223848096,0.011036628609326637,-0.008810564358837869,0.012121200736670001,-0.029986964378834746,0.0044682389723025295,0.012197104887421872,0.00935552532833106,0.005034147923282495,0.0632011332834379,-0.017094001418896276,-0.0266431327543446,-0.0009095847601637841,-0.003189687010923703,0.017136661133307474,0.011152437305918417,-0.007058872896082313,-0.030394438148046654,-0.01228064862571343,-0.018741183655479388,-0.0031553529497220234,0.0016779641232724796,-0.020640260145001865,0.017864595305738584,-0.03298443508614257,0.005636975040415049,0.05815600515173491,0.02941179008981365,0.01886792913178237,0.0058423494422683575,0.006475977669598176,0.0049221018607132905,-0.0083333250549108,0.029077180827745908,0.009733830791643028,0.04000001795151653,0.001349624160953855,-0.015151500555948827,0.004690449479415548,0.013674230776315133,-0.050724628429677954,0.012018536448332506,0.011413209340960684,0.04005664217881244,-0.01017702670130427,0.011851548072084661,-0.0048188791892468386,0.020624401943200477,-0.00410160236464685,0.042317396778966954,-0.015180468058580199,0.0005663992960140973,0.06896546540245052,0.005083953366816774,0.017858941658800642,-0.027889257338061246
2025-11-10,-0.055730390947506314,-0.009761404553287889,0.007887858812216653,0.007909569695701446,0.011904717636596507,0.005093350902920291,-0.0008488349265011186,-0.00337039470602285,-0.022727340459820944,0.0005945303891647935,0.0012224052364879778,-0.012931022522848834,0.0010277728008543097,0.046296250305059905,-0.0020325811057880783,-0.006531184382202904,0.00936013064831509,0.008311458681014905,0.015904589623520815,0.03324454799829302,0.010593175956965295,0.03154712513745084,-0.00039342219361604425,0.017085372708187885,0.006189186047269812,-0.001116865083402807,0.13111114501953125,-0.01197603679070025,0.0927419424615219,0.0,0.0032133184905003276,-0.018537621469477572,0.004199723749727546,-0.05018015265856712,0.05652179005916813,0.017335760751835405,-0.0077811321124638955,0.016533200615521215,0.012130531250342136,0.004344869622202152,0.028436106247007764,0.04145084463804438,-0.037300183637354434,0.007567534575591228,0.02212420912838109,-0.001979630968361734,0.0451612575079805,-0.01324028442457903,-0.03022874938544884,0.01632498741700883,0.009383400979011913,-0.005494526224051444,0.023069698564687213,-0.01801806853323351,-0.000395894748186576,0.02367346627371658,0.0,-0.022113058671236474,0.008364012859248815,-0.0022624951830817475,0.02704523186931085,0.0051282001121668586,0.019607846629224435,-0.0019943335148642216,0.0,0.012685593262657724,0.018586152512535037,0.0036744233904681955,0.008642554399935776,0.005658295578394146,0.004548721603090611,0.0024561931612447907,-0.014003333279883234,-0.0057998789730925315,0.023066186645973152,0.007925209629897845,0.052841820614999424,0.015680254059418308,-0.0024340554511521617,0.01749421959878883
2025-11-11,0.013529384837431158,-0.017524627098201018,0.03217392996342716,-0.0011211018829935249,0.011764756874757198,0.0,0.0016991931445646813,0.031171813712649987,-0.03875965410453308,0.0,-0.03785097458184172,-0.053493425685656404,0.013347034650494027,-0.004424774559935729,-0.004073342261097679,-0.007480827930061551,0.015086454503676405,0.0112798363945541,-0.021582334238878675,-0.025297771716486395,0.004192875360419457,-0.001927037856924163,0.004487116714239292,-0.0029643947722294284,0.13473937817975257,0.03624753520425439,-0.015717076877764025,-0.006060600368335001,-0.03198034750577805,0.007117431351276071,0.030269110280493283,0.023085023420060358,-0.02094926375158601,-0.043077761017638494,-0.012345666899427288,0.0035874940592894866,-0.0018568004021343176,0.008394675584481037,-0.0010463140687402284,0.009650589176040114,0.0,0.03980096180172299,-0.03136532728800012,0.008583751299193754,-0.002663499728031149,0.020598105238058606,0.029835407581577655,-0.012377807873528823,0.010951989527739903,0.0028180846386129943,0.029216438786427323,-0.038674074485440024,-0.013805821324946899,0.003138606322119708,-0.029609877141668406,0.012759158524627834,0.01260502938959629,-0.028894474619503674,-0.0036551943365751294,-0.015872947221369227,-0.017774798269141967,-0.04846940140881051,0.0018314564056434168,0.00623012668336842,-0.0025641000560834293,0.007196174159635582,0.02737045369652158,-0.03349154197563564,0.012261695549185658,-0.015191543475488012,0.02160110352909128,0.009689305465098608,0.005847899720475391,-0.0009723323184253063,-0.008075421935195726,-0.0005616276525736152,-0.08856141835050801,0.006474124727258168,-0.012505117418677103,-0.008401641003430993
2025-11-12,0.014703079056337387,0.002787025394209275,-0.0016848996935211469,0.010101027399459506,-0.01162795679017059,0.0709459756415991,-0.0008481958366575171,0.007129616705861652,0.008064508376086854,0.0011883542656054846,-0.022842677990056348,-0.012687388201761851,0.012158043257392004,-0.004444440205891964,-0.0020449511407815146,0.0011990604078304656,0.02120262316365018,0.008151005749976292,0.0017143138668023195,-0.0060476671327098774,-0.014613738612911265,0.02745124626520301,-0.002547033462754089,-0.0032155204112006563,-0.007744012358279373,-0.018307789028616406,-0.01796410149226224,-0.024390220854836775,0.0,-0.010379804461383424,-0.011814116502381067,0.03589747502253604,0.002037873873074414,-0.003963742663025904,0.02499997516473229,-0.0017872908584696257,0.00015322103589054947,-0.0005203756907222745,0.0031422299656411745,-0.01878705804591574,0.004608290374042534,-0.01626790658756916,0.0,0.0035460450856623638,-0.0007883430627531052,-0.0032889712744585964,-0.12887114607912753,0.052869978239150184,-0.00895833969116211,-0.01967085120518708,-0.0206451416015625,-0.01954023908286784,-0.007077334337769359,0.014681122059022167,0.02071638762681749,0.015748016714081325,-0.012448120465286205,-0.016817608553706065,0.025821749573490926,0.01382487112212738,0.008713124223908686,0.013404812884881379,-0.00457031434902444,-0.0012850711580187912,0.0694086722947751,0.004233920178243977,-0.007611747999827778,-0.02314816995140223,0.019556392774878306,-0.01725419010955953,-0.0064667915516215535,0.012353795190233274,0.0,0.009245773518222089,-0.01841335355199636,-0.003652684893731606,-0.008324002682928433,-0.0029688296216853205,0.039431709454927466,-0.001364012937429382
2025-11-13,0.01677790381915556,-0.023902185138774734,-0.029535900594482523,-0.03277778625488281,0.015686311091311245,0.0,-0.0008488349265011186,0.007928715981383894,-0.0800000190734863,0.004770420510680884,-0.08701293714976466,-0.09579446358663302,-0.014013953238836474,0.3794642415239802,0.006147524768640222,0.011862677509393738,0.017624671259617752,-0.002127633171581711,-0.05311197395847156,-0.06033720589501046,-0.01059328017742489,-0.030394638775325666,0.00023571578624870249,0.007056446497364588,-0.014307993150613596,-0.007977272811183989,-0.024390220263873164,-0.03750003818422498,-0.07750948736308805,-0.0015621685427857912,-0.022809513448173058,0.010891054705211678,-0.055223102125094736,-0.044059102433620656,-0.10162601468425825,-0.024171893499022157,0.012122534512247984,-0.021863599735091443,-0.015187458257079678,0.014779943231966408,-0.0711009021299418,0.016536927784004618,-0.034285681588309136,-0.06784452749311698,-0.020415970943100548,0.004049889033017395,0.034862397040354764,-0.028008432705489916,-0.008618874291410172,-0.027108907452568887,-0.03425562894003187,-0.04454866662798307,-0.008224292609245842,-0.023837786331892596,-0.12337529246204049,-0.03023251171947483,-0.04621854127105551,-0.028947341177932073,-0.07785412719212115,-0.018181800448205276,-0.025249162846650686,0.15079363427434878,-0.011019272890350318,-0.0163762201995874,-0.016826850334565435,-0.00790511807719163,-0.0019175787407570422,0.005026656862297196,-0.028915033707595184,-0.03150979427552769,-0.0019014401037990014,0.01067774427945034,-0.007475099282872821,-0.0448409065969555,0.009852533677870756,-0.026226750500284668,-0.08313158131484333,0.009429303666837807,-0.0208003020321349,-0.14210665712848758
2025-11-14,0.0007499924893457077,-0.015945261264952326,0.011304346500561113,0.019529015253749726,-0.017509664997767516,0.0,0.0,-0.016294474256608238,0.008695644061371466,-0.01661731458022342,0.1194878592718609,-0.07493539287563367,-0.013197980650384578,-0.053398047390362025,-0.05295315074024387,0.00456542423037587,-0.00859409316760984,-0.00426442110747316,0.008735974126800272,-0.0025629949959691256,-0.001605957484998477,0.0064886124446355,-0.005969918607043545,0.009009057897984674,0.07653738645008223,-0.007862775801097066,0.004166662527455456,0.025974079255291826,-0.06749314497346659,0.0006705483135329704,-0.009336735774792881,-0.0024485424521908383,-0.0041810230368103385,0.008325862932021755,0.04524882484455328,-0.015270698616141387,-0.002270109613392246,-0.00626091450408639,-0.008963794030017236,-0.0033101339305540156,-0.017283992188819042,-0.01937792326704968,-0.001972431665334451,0.02653528374559322,0.000755986820957899,0.0,-0.04388296961676408,-0.022023252340992228,-0.004028808891512581,-0.012164320933474637,-0.006821243440399027,-0.01963188403694216,0.0060021678277562,0.012878207015298404,0.03455746770929258,-0.012789755754177956,0.0,0.0027100244737636725,-0.015065651579175832,-0.03009261788777262,-0.020449943757030353,-0.006896490489400442,-0.009285086092790329,0.015102989030600034,-0.024449911814275582,-0.0034528834753400073,-0.00352224370399401,-0.036867700875854004,-0.021373776923869325,0.027672703766554285,-0.00197847614027602,-0.002587381281121348,-0.022594106830996274,0.03937403383451543,-0.002535445994038321,0.00897766930617605,0.00721830726970496,-0.000983316448053606,-0.022860632432505024,0.03692589508026933
2025-11-17,-0.04047217333035513,-0.019097217048208104,0.011177986666108586,0.009014075910541264,-0.013861419607429926,0.0,0.0008495560593562157,0.007568167764320455,-0.05172409009139556,0.018105058021656628,-0.06099110877425218,-0.05446925625655652,-0.00925927470323018,0.05811968515053256,-0.027956985856419814,-0.040902168326800936,-0.027064561077566163,-0.023126396496223167,-0.022218157586123777,-0.017311316432687573,0.01307902085595547,-0.023442744053611686,-0.00865304553197821,-0.00793652927866495,-0.012257906074468083,-0.02341491683698038,-0.01452285667393427,-0.08227847575988567,-0.02954206939861259,0.00022328071282706752,-0.029574255244526837,0.006872821987262467,-0.032632153826051336,-0.0524918545357268,-0.060606004308874084,-0.013157875371077155,-0.01125698135539488,-0.01453962339460313,-0.03209500267249754,-0.0428429496478806,-0.015075362435176154,-0.03098319225837931,-0.015810261780775714,0.04246675117319909,-0.008540533986380883,-0.029578857881820797,0.038942983981100854,-0.05345682306965793,-0.014264465961888462,-0.007754941860691922,-0.024725315932445535,0.011264099520154947,-0.012011295433246083,-0.03502465757636741,-0.04123027121063794,-0.02591098288374738,-0.0044052821794189345,-0.022972982986901425,-0.0396789230955219,-0.033412855506848915,0.002783583289313496,0.039351757569817236,0.0028115963220884943,-0.042525774578140774,-0.030075218970135764,-0.007995715175916795,-0.031812367053070334,-0.006973311721998443,-0.028618791133400046,-0.027336395470462516,-0.01817114312581336,-0.007674006811865364,-0.0017123131600805808,0.0213696942460051,-0.04520347646946954,-0.01607345519072212,-0.01817865639172178,-0.03986218883277648,-0.03757761191259679,-0.017244422945549065
2025-11-18,0.02694788308507623,0.02005900514950354,0.006802727053433877,-0.00111672015265607,-0.0240963624697752,0.016088375746591277,-0.0016977508100767258,-0.006519261626825701,0.10000001083720789,0.0,0.04330178314516764,0.047267381471629344,-0.013499492512567324,0.08723747283703709,-0.01991156017000184,0.006786028112448328,-0.021424157808861533,-0.00043838197351797614,0.0005497302192889464,0.0009633868881941954,0.011834364511757345,-0.004886856826933683,-0.004822622678207322,0.004000010842498902,-0.013899264347626228,0.010254547249231694,-0.023157922845137735,0.0,0.018264822286715,-0.0008931802626934715,-0.0008372915394462277,0.029254040700829265,-0.00777797587195439,-0.029878647989649898,-0.009216580748084957,0.005714290508142428,-0.019187118540725634,-0.002185838285540309,0.010751636403893539,0.011450403762800043,0.028061258003443834,0.01686809245738763,0.016064241646516875,-0.027630137865566673,-0.012175682873204807,0.002309191843116176,0.028335574886457104,0.021901070456252336,-0.0008639506735742541,-0.04431653833391602,0.005633797519761785,-0.009900980750178201,-0.02630113308483195,-0.014667499688470365,-0.01655746143721404,-0.004156291923916311,-0.05752206927916459,-0.004149406601549943,-0.0022078534893601454,0.019753066651470697,-0.022206785307411825,-0.004454338963481241,0.028972002349782144,0.015538907811212255,0.02067187712928753,0.006985446346212898,-0.016262899359853145,0.04198412588945488,0.02806644825468574,-0.020718238248876086,-7.469218596389826e-05,-0.0002178046356404728,-0.0017152502055804986,-0.04422255590537283,-0.006192768458293529,-0.005557140518881454,-0.013886394956802994,0.0035879228493027604,0.0075292776062296785,0.003184897347715987
2025-11-19,0.019585449254770237,-0.0005783822066114386,0.006756675548411639,0.0005589843053668275,-0.03703709881292083,0.0,0.0017006380697373036,0.002139822099058719,-0.09917355453322374,0.0,-0.0090791402483833,-0.06770098853922923,-0.018947400544819026,0.059435378043654064,-0.011286579098792715,-0.0034863804894622596,-0.02043371102051894,0.007894756993100716,0.01001220609947251,0.003162322520601668,-0.010632626014897895,0.019126444745954263,0.002883583917839827,0.000996042730908142,-0.0032721135064960327,-0.024098194343547652,-0.004310340840949611,0.0,0.02242153872712427,-0.012963848390457056,-0.004357270479497299,-0.023685456444507036,0.00012992109177067945,0.0003208286447660136,-0.013953585338433494,-0.004734867881837634,-0.005005194952756531,-0.001642916794800664,0.01739731515276266,0.007204160261679249,-0.012406994573640806,0.0027234262511970364,-0.011857696335581758,0.02950817644551651,0.00597005013235119,0.010290265679101074,0.039487951590341464,-0.00641858517888827,0.001297046594640472,0.0006290693674619874,0.011204471316808462,0.016250014305114746,-0.02480823317132963,0.0013876701779977907,0.009119593013319216,-0.013355580427863889,0.028168985706974903,0.001388920714826547,0.020388769560826026,-0.0072639731179307,0.014194496443330484,-0.026845613241949895,-0.006357915262790503,-0.003734851984381393,0.007594929374080017,0.0034685450827911524,-0.0037111254898183343,-0.009176934460173314,-0.027752698078290283,0.038756345115887436,0.004187757744410714,-0.006754578280837031,-0.024914035693315628,-0.022885618155918608,0.009143318911717158,-0.016764696906594656,0.0,0.0020429679760740616,-0.005337888435720806,0.0008686011162113427
2025-11-20,-0.026482622104285758,-0.017361176648623022,-0.02852340894003036,-0.016201062254688536,-0.029914502483068484,0.0,0.0,-0.018220623192838126,-0.08256883543354943,-0.014819112417673308,-0.043193708046209034,-0.07110442625345592,-0.003218855574410706,-0.01402523184116522,0.004566235014966447,-0.01650146840265121,0.014616131140271271,0.006527417759411902,-0.03681090575447443,-0.06880477941418672,-0.0032241513403655775,-0.01386426330742907,-0.005391196941885168,0.007960123956652687,-0.04898986619852497,-0.014179930398759644,-0.010822449163687464,-0.01379317205385755,-0.07748540906213663,0.0015851625383986878,0.0011782476856423418,0.01892282280926061,-0.010955695923174913,-0.04490056461923375,-0.00943395377648304,-0.016175100689284738,0.0030204472606218946,-0.017553426459786192,-0.013386649101281733,-0.0013624122282078766,-0.015075362435176154,0.02148146934697226,-0.006000041961669922,-0.04493986013721707,-0.02367185214103551,-0.0015201927288859274,0.015028203360389236,-0.014015096393676374,-0.014248701462877156,-0.02492255148822009,-0.0221606443298612,-0.017220214188444882,-0.015146423084466565,0.006298816040567035,0.007415124640850035,-0.013536366458805515,-0.018264822286715,-0.03883498035047328,-0.046468323852678295,-0.004878044241882984,0.0013995832646607198,0.011494296972653917,-0.017367421176504583,-0.010521297128373464,0.005025120811725348,0.0,-0.01219100863840672,-0.027062158588727625,0.00139627627309169,-0.03252844515329956,-0.00860139398019577,0.007787639560516091,-0.010572768604313776,-0.028004028906425726,0.00253925858808679,-0.010469592310081599,-0.05632783835104804,-0.005606609534158924,-0.006869157478010535,-0.058682751537134425
2025-11-21,0.04482758847484969,0.027679695722843567,-0.020725406595285434,0.013060734484082293,-0.013215846538256693,-0.07016454667699334,0.0,0.019863637711177162,0.04999995231628418,0.015042021830163677,-0.04514362876733158,0.03583066316168049,0.011840652005267183,-0.09246089274087688,0.0318181328374858,0.010790344127446838,0.04370629370629375,0.04755727619714989,0.014182581865530786,0.011333479767394516,0.009703531612092586,0.020327668076371763,0.01630127681321314,-0.005922969477852091,0.033191715482332906,0.03017194119590383,0.019693582575515345,0.020979085104515294,0.04595878993388447,0.01469598410812134,0.04287154096646906,0.026190439860026116,0.054947475425265235,0.020147698464968666,0.00952380087370197,0.0019341114772519763,0.006403321470287882,0.007816809225259957,0.034861748653630675,0.055593484655187986,0.0306122151080499,0.07324156349551036,0.012072519547206229,0.08521679006720095,0.007512780084459658,0.032734489837369374,0.0018507125357005716,0.023875556064652637,0.020805973852698,0.016348913427910006,0.012747897070443548,0.017521945848962384,0.017588577210326806,0.02015524118314449,0.022426735435050915,0.017152642528509565,0.0,0.03607503696864223,-0.008284603866959173,0.026960817541997972,0.02935003685091009,0.08636366050105404,0.02604648678801791,0.033366025008991995,0.039999961853027344,0.03164048411053355,-0.013027067519404079,0.020823945062915072,0.06212229771113442,0.02501821861914455,0.01968065895668869,0.006312601745676494,0.04185216115562573,-0.003143043753309982,0.022622546725821868,0.004836754490802564,-0.015496486822217048,0.038441805090712045,0.03090890141664482,0.0017167107995710307
2025-11-24,0.015401542693204151,-0.006303759629924133,0.0044091636183622995,0.010650254060118769,-0.024553601126357516,0.0,0.0033955825772280512,0.052033037427637874,0.05714291877487354,0.0035566642916158298,-0.0014326975436259604,0.13679243196467317,0.0,-0.032915365890299086,-0.006607911966570623,0.0056307784864058075,-0.024321640755862628,0.011143199588703023,0.033846922839209315,0.09285398542320378,-0.005872901711872713,0.01891392079115839,-0.011931065601475943,-0.009930465495677332,0.0023130340000214744,0.006078733361606581,-0.008583683082144522,0.10273970701296808,0.06969697648390816,-0.010249667287638653,0.0204739719934921,0.009280778191188999,0.006225358036930029,0.029295632705166108,0.0660377888969812,0.023166140984380412,-0.014338018469286617,0.018282556465203825,-0.00210544551121139,-0.0012924826814380008,-0.029702942250534492,-0.02612616721203065,0.01988069591678565,0.019801976974284763,0.02557319233119082,-0.009288059526685655,0.02586203386624253,0.03709333960455252,0.0030036341517949428,0.02532963104830621,0.02937063431412179,0.04797052125866719,0.002755462556562005,-0.007362848077676176,-0.027109152089359823,0.01770658045750806,-0.009302316297383983,0.02367689141481244,0.022604384329525384,0.004773265072407051,0.001357776382211462,0.023012479466325564,-0.0018131917111088303,-0.007806089238721947,0.0,-0.03530925151607178,-0.04793334152609907,0.03336734674593478,0.0732206016806034,0.041493111488063006,0.016317525903571717,-0.005624017393633496,0.012820569480533228,0.048870125176528,-0.01593009959059022,0.011732833031145251,0.10629617796385893,0.00542950101702222,0.008386655381870334,0.08676609269537416
2025-11-25,0.04767062727935567,0.009803925882236664,-0.001755905187457274,0.02495833823922844,0.038901620307982165,0.0,0.002538129223357277,-0.015945950069943038,0.054054001807470664,0.004134641397802508,-0.0028694378089735295,0.0069156556850564765,0.010638338885950116,0.04213934340837944,0.031042081742259198,0.03032952488072649,0.005974525512629114,0.03591834580418185,0.012149860887298303,0.010787125149712473,0.01718585799372141,0.01699527740411999,0.024830085861566875,0.013039079661546715,0.0517948835324018,0.006041890068037237,0.038961105981499156,0.01863352243677996,0.11898019254900727,0.003151854824325895,0.016271763134415584,0.03632188117367097,0.028294496583623374,-0.01662937160701472,0.017699098239742916,0.0037736190520072377,0.009265102184153884,0.012513600706095307,0.02982638852558228,0.007440943736950922,-0.0025510179256708065,0.02289538638647426,0.04483431071005972,0.021760950795706613,0.006163691379971414,0.027232201701297365,-0.02541017345729346,0.034407036404785485,0.01005350204712574,0.0149814363087164,0.023097836033974417,0.017605588083459578,0.03222585448077808,0.017183822476654953,0.08012487543462798,0.02319806907415045,0.01877932380464986,0.001360575375726647,0.011853283528023839,0.03800471400530747,0.02847464183027082,0.07361966121547847,0.020890057897817726,0.04100604653870232,0.02403855411964395,-0.0005343429762384444,0.018606356266891222,0.0011280574326033577,0.01929869711345944,0.04024011100142566,0.0038054245067611348,0.018163999614962067,0.008438741309071851,0.0035070716836675953,0.018306954968580813,0.0044602351001366,-0.02195678892147057,0.03927340618340813,0.0327476225858625,-0.027683713697993606
2025-11-26,0.018958953213415564,0.01599090136981607,0.08091471306044973,0.03084414009434777,-0.0022025885746035367,0.0,0.0008438206654537428,-0.0021971441003207914,0.02564110401662978,-0.014705902263019266,0.07625902508684956,0.0068680923704287355,0.00526317797209086,-0.05443233498856892,0.008602198010122741,-0.003396495134203925,-0.017270794487170282,-0.013002309292496572,0.009993509758776442,0.020553327104504193,0.021119291367880155,-0.017441339782865217,-0.007725027650371752,0.027722752158315878,0.006825908731648456,0.02649773435923386,0.0020832815931923765,-0.030487776068545913,0.07721520584184671,-0.007405826601623922,-0.0024872323574555155,-0.001330997578835147,0.004773183799524849,-0.008130081300813052,0.01739128812274293,0.018797069944263,0.015575923314830487,0.006448073025000944,-0.0072638890816780766,-0.00224790581371892,-0.02046039907122854,-0.056748752173930384,0.0037313396321503323,-0.0019659689512144807,0.008835800725809806,0.0001448842999347555,0.0041059488133559086,0.027095264144731956,-0.0076239009115849354,-0.0022205534501759105,0.027888387179096696,0.011534069272173708,-0.005646958320523865,-0.00048615600535728554,0.008028259630701973,0.025101170556036223,0.004608290374042534,0.006793439265038392,0.016146972951209815,0.03432496551386999,0.005273514994774908,0.10476194109235482,0.00533811573296239,0.009847740217394207,0.011737021411106552,0.0034750352484758107,0.0010745515558778784,-0.001690179529324376,0.0033333333333334103,-0.007527942270173504,0.002094015298321983,0.008439279034039293,0.004184147277640271,0.0014977231156783066,-0.0004508669406781962,-0.0026643030148080227,0.029813215486958367,0.0070854581587842524,0.01892495421902307,0.0203928661676398
2025-11-28,-0.0028754765226091106,0.025857170365357396,0.04959914404409793,0.012073567390885165,-0.01766013175231118,0.0,0.001686379286900852,-0.017341068988791286,0.02499997516473229,0.0,0.049465225215990394,0.012278329266664834,0.005235621961910741,0.041118421568599794,0.006396467154087926,0.0022720470863426545,-0.010628049227081271,-0.019560880628316957,0.010070264578285304,0.017299302648116965,0.008790119076887759,0.003715298365569719,0.003813964379932422,-0.025048191839567968,0.011622265159888956,-0.01102744457744853,0.051975052593354665,0.025157208184474866,-0.04817859416978898,0.001808747171341052,-0.0015583368704144007,-0.024433635664893982,0.008982035928143617,0.01934426729796357,0.008547000709448138,0.004612384202827835,0.005868391851489463,0.014415421359695646,0.0009380449931497559,0.0028967465732299136,0.005221927238881152,0.0067114266699512815,-0.005576247057657802,-0.011818736501093441,0.008107150851884182,-0.0004344787577910125,0.01778775167857205,0.0036421179242038804,0.0,0.01771686809963624,0.014211903975096973,0.0011401681511507,0.001947086318433433,0.0021887197209555787,-0.0019114400411567312,0.00868883188604852,0.022935757240897692,0.020242928266701377,0.012930254808905195,0.011061989147312934,-0.0019671862543362284,0.02068963476083585,0.009734482727481453,0.007823999464280362,0.0,0.013319125940489451,0.005755321348094755,0.03400118165203736,-0.0033222591362126463,-0.002380689964809002,0.0046838874009274,-0.005084781241258773,-0.004166713136214528,0.025423790477620223,-0.005751038954390997,0.014247538195379716,0.0022671968568066525,-0.007504666216591849,0.00296379587774509,0.01342162636819344
2025-12-01,-0.03630193998222653,-0.008219157179740977,-0.036043612252820045,0.003630689436266765,0.024719132186338033,0.06844741167143731,-0.000841770099789807,-0.04621852914893465,-0.10569105139490376,0.0,-0.039490439050400394,-0.060646938204218404,-0.007291733928849964,-0.045813580623748185,-0.0042372082725185,0.0007367803063813572,0.011163460495986266,0.01669382271612263,-0.026663609955926204,-0.027411212924581152,-0.011788847452611662,-0.03240933167143867,0.0021150894769892403,0.002964411186187288,-0.047869795558516226,-0.019797560969814665,-0.04150198429283303,-0.018404890477013436,-0.033333388277530074,-0.00654478397757996,0.005306757747848501,0.020036455027392597,-0.005776485514805918,-0.03666771901104493,-0.0593219799613216,-0.0018365190656814967,-0.0017842045117160144,-0.00368413476912155,0.007872625510382703,0.006097533221163909,-0.067532466728222,0.03571422049326811,0.014953257034038936,-0.080730906125561,-0.0033589147729778945,-0.0007246313945244998,-0.040980256144130256,-0.008238489068587596,-0.01493812961634533,0.0028299616613276513,0.0025477683018455544,0.0022779565343908903,-0.018218623481781382,-0.005581158634943684,-0.013618457371944226,-0.003132413006533996,0.01345290185344239,-0.005291000285156167,-0.02155826929979099,-0.021881920725042914,-0.013797634484714827,-0.016891875564834513,0.0017528885215725154,0.02025201921413644,-0.02784220119541192,0.02339640820789657,-0.004649469421434849,-0.003956896055460457,0.032400004069010446,-0.03290975887459047,0.01524118957389331,-0.00809193485575721,-0.010041834685287965,-0.008264544603200807,0.012532645796547115,-0.027216755642782697,-0.04245697563213657,0.012287374217829994,-0.021966073692648913,-0.06912371979241916
2025-12-02,-0.0036965832440316593,-0.0005524988216063509,-0.013913030209748656,0.03979330452629104,-0.006578888892025958,0.0,0.0,-0.022907453649746667,-0.027272700672307915,0.0,0.023872656399110515,-0.0014346846980899386,0.009443877765968223,0.01986753084718007,-0.010638304510598662,0.0022652276154526696,-0.012706580869089823,-0.019223090236092477,0.005002360332600153,-0.001043865236062258,0.006742667912233102,-0.004675639166924372,0.005237635484965475,0.0009852482677799035,0.009803906526297146,-0.011309128886463404,0.010309317880007551,0.006249993946403354,0.02426571339833261,-0.004089095649155938,0.005123337725476462,0.021874990154589824,0.008277296695560432,0.028046748954588363,0.049549501656847905,-0.006439733298517436,0.011042165063753773,0.002112989803102927,-0.003626576307920848,-0.013716101100901268,-0.05292474187867602,0.039310384834362555,0.029465990664353514,0.005782430320597998,0.00782605526928104,-0.010875794709037323,0.0,0.032238868851752756,0.007365687905368512,0.0023088475921804186,0.09911051388989711,-0.0386363801384757,0.018474209185728174,0.00671062784164933,0.040880174230981225,0.010997670727186826,-0.03982297103942167,0.029255291323091903,0.0007868938674870929,0.020134263268954733,-0.012658288353306513,-0.024055041098527963,0.0,-0.013674474373402634,-0.019093060289627872,-0.0007705825600233807,0.027668000714142105,0.014520514501284332,-0.017306004933537178,-0.019855304071876967,0.010914820528252767,-0.005045096631896007,0.022823380286397743,0.004901987551278797,0.025987114591666582,-0.0018050953748863785,0.07341451944656874,-0.00326799117719645,0.01631586999339718,0.022682564638115688
2025-12-03,0.036219136166498744,0.012161377086722602,0.03527333449276804,-0.002485146238745628,-0.013245125129748625,0.055624969151284454,0.0008424792736521081,-0.02825364032989164,-0.028037466475174244,0.0,0.06994824525465182,0.0847701364014608,0.006237049930402527,-0.0016233364111005733,0.017204290902592678,0.009153635524268955,-0.02883470028214652,0.01714984822366694,0.009006899276708502,0.014237251855330202,-0.009788774174449011,0.016996906667639866,0.011820522959760993,0.016732353520444,0.1082898303983808,0.004896705467421603,0.008163257362146625,0.024844696582373427,0.04987526130912601,0.003421570838057164,0.03460002420571029,0.017474946987539042,0.023562384401285996,0.040597595415128085,-0.017167366164289044,0.004629648929315611,0.0002494377211084142,0.007907337112305957,0.016705569773300732,0.025226410131847565,-0.03529415312110251,-0.06215433292616723,0.0,0.06360044781228891,0.002443765729801317,0.03239985542199042,0.00439880764745304,0.03927961497796817,0.012473157657090006,-0.008702300580441968,0.01271683412747393,0.005319157930382401,0.003724990626205349,0.005453847249927479,0.026217603930537514,0.013986037822560693,0.05990777486255228,0.043927669592007224,0.02154425111805902,0.03289475816879062,0.010796246410497812,0.00704224701794165,-0.013123409291307397,0.03097045079515981,0.007299204865363063,0.001285327380444512,-0.007342691923785782,-0.00040506049535227184,0.04954664809970022,-0.01299772465409732,-0.007128107299873898,0.00032364633193138204,0.014875980982273163,0.006341460398381793,0.018942088402520874,0.018384587243551298,0.009818890029645866,0.03419198753049857,0.023089823774677498,-0.013179594057926458
2025-12-04,0.015856782284403348,0.051884259456506765,-0.0051106871475405935,-0.002989510057534117,-0.002237081099336957,0.0,0.0016834599239645698,-0.026446068702776437,0.2307692484037418,0.0005970432275785864,0.05811132311570244,0.10198668670687927,-0.01652890933552542,0.04878044052774633,-0.008456603033828114,0.0,0.030197684694999838,0.005620255656473949,0.02906974972825771,0.03528651397200999,-0.008845000603876385,0.010665966627373846,-0.0031511578442430244,0.00484021380984756,0.05053908303829835,-0.011687252207319698,-0.018218654158990044,0.012121200736670001,-0.03562947601146671,0.0054557586462642416,-0.019856699976068426,0.012881031570099122,0.014305512097888773,0.030274574852954483,0.052401801736520204,0.0036865790768867424,-0.028625366997194757,0.0052300317989346645,-0.00036715840691903256,-0.0006309215021191861,0.02134144324798215,0.10235847712682844,0.021466884129426766,0.044932429275867936,-0.0009302524345002894,-0.020874763951070796,0.005422279820570086,-0.034568583001065245,-0.015505593214571012,-0.014071797072686909,-0.017123352543991444,0.03350968178450686,-0.02105688321591026,0.14356320869750983,-0.008886168476879175,-0.012260524526712668,-0.004347822030685733,0.018564309399333956,0.015240115112719721,-0.012738841251293542,0.010013406084956378,-0.006993000580457598,-0.018617025099136097,0.004121008695963102,-0.0024153991225044358,0.01591781565443995,0.004579114861222422,0.006348794116616485,-0.007888770956712365,0.016016183623526192,-0.012141483369261685,-0.003559122376079138,-0.006514598814353567,0.01114883578471293,0.0062145271582079165,0.015389181523363549,-0.02179384775361337,-0.005434786871419184,-0.0107516527830257,0.027298637615496446
2025-12-05,0.0010070083375270933,0.021287634607463968,-0.0162671685867527,0.0064967096091765875,0.00672639746964121,0.0,0.0,0.006036553828589586,-0.062499941792337754,0.011336480416559436,-0.0022882728390274387,-0.036057601930823746,-0.0021008883195338113,-0.010852666185147353,0.0,0.006103002803140356,-0.0040770550643232095,-0.031137675203801174,-0.007590035173673515,0.0011195915906021536,0.01207361591590006,0.009223871066398326,0.008596841817471113,-0.03660882402398524,-0.02180886140218874,-0.03528365209418238,-0.0061855120744510605,0.0,-0.0086206521934451,-0.002713034097986622,0.0051789235337122985,-0.024162767746387148,0.006690780639800664,-0.01635859219289404,0.0,-0.004591207788552043,-0.0013171193795498137,0.006763778309280877,0.013131263246121794,0.002209589103667975,0.0537313647407236,-0.011553314399580294,-0.005253977164260348,-0.002909801218877739,0.004077457766594739,0.0017404062803352272,-0.01410496407569517,0.0021005784804457583,-0.009492958817563957,0.0018331725713693903,0.03484322911699622,-0.022753106954846336,-0.0028844444097927413,-0.022346397019140096,-0.02455429062294956,-0.002327438777846802,0.026200848811800848,0.10206563782622502,-0.021986308041532565,0.0301074975514668,-0.023793777357390633,-0.019366137324236643,0.024390285926557898,-0.004968128837108621,0.002421247401352966,0.0042962341408563365,-0.009817695727606046,0.10067114093959728,-0.005427240779463549,-0.010917827867957475,-0.006840070477014848,-0.007251847314335813,-0.007377064847664427,-0.005273205131675396,0.007933075158510494,-0.011949863917268155,-0.009768632557497381,-0.0013660774833189615,0.012435173862872517,-0.0216377328734344
2025-12-08,-0.019785384259755512,-0.034570427175305896,-0.010443854477762415,0.008440917648752322,0.035634817907668204,0.0,0.0,-0.007105648980398227,0.3916665756040185,-0.008849637632985852,0.04357799344086444,0.031172068046204426,0.007368388928865155,0.028213138731957077,0.0021321557180293826,-0.01591630347539319,-0.005858177690374111,0.028430059460875068,0.0013226624174871304,0.013170943270126356,-0.0020747056716554635,-0.005928312963362492,-0.011237338769957472,0.00699999477236668,0.03759565509733598,-0.021361512916417302,-0.04771784458136419,-0.005988018395350125,0.11801239587031787,0.007481205529427326,0.006061547792510558,-0.010860121417403557,-0.0015104939397005968,-0.000308042373096451,0.0,0.0018448092168228403,-0.008002834181978002,-0.0025839834782452886,9.059836844937941e-05,-0.0012598558669351112,-0.031161443622481966,0.0064935113446566994,-0.008802766797323947,0.01977952682663564,-0.001918477552493636,-0.0021716725968523587,0.02040818947223788,-0.004287727120793616,-0.014158168765830315,-0.011501761877265149,-0.019079694635833366,0.01862629156809814,0.003884628721394945,-0.0038814081978605364,0.010131619410346682,0.031104244392176073,0.004255315263436366,0.024255818570132037,0.020310039668120172,0.03340289116624806,0.01692620719783333,0.02872528590324719,-0.013227563508485307,0.011397005448516406,-0.014492740269210325,-0.033719177050613225,-0.0003541157564761477,0.07634148946622532,-0.01725889032590877,-0.012159803019463511,-0.0031924534677664207,-0.008504129621847545,-0.015689537065766257,0.0004819488095761937,-0.010089291039783621,0.0005898714503342894,-0.003634459828820602,-0.0018240452652433792,-9.673245728114566e-05,-0.0014765025448054692
2025-12-09,0.05097501862650278,0.0005266050027574742,-0.003518026583608891,0.006893220122030863,-0.023655942206107117,0.0,0.0,-0.01606237466720739,0.32934136865830665,0.004761902587296696,-0.00659345242873588,0.04111235551315984,0.008359448929692315,-0.0015243524591314062,0.036170152136532074,-0.014646815082686837,-0.01583252317851669,-0.004807602139062395,-0.002354583647920405,0.009320604950910027,0.0036382078234147297,0.007537447257617291,-0.0017781342911702414,0.0,0.018959294039139873,-0.012566306627319612,0.0392156475718497,0.012048181523292234,0.03333335452609587,-0.0027002138211927873,-0.0015062279716888671,-0.007905151583534886,0.003139013504671606,0.0015403339023649654,0.008298746976857396,-0.000920706081346534,0.001036547028535395,0.0,-0.0066158670094655925,-0.004730388925829665,0.029239737544372257,0.05354841859615078,0.02486676085964845,-0.020985686213077948,0.0012333770890635698,0.014509549560465906,0.02989692294720525,0.011483224385092639,0.004639922822754716,0.004539639393836836,0.009153309588224356,0.026285661969866148,0.006010236805830127,-0.006494192857287917,0.0559404788886817,0.02262444838284594,0.012711953873680848,0.004305700970643311,-0.003798814910719539,0.002020248336801478,-0.0033289340723547944,0.005235638692580702,-0.03038420122102703,0.006653795467151946,0.024509781005518594,-0.0083333250549108,-0.0010626560319986211,0.05982323421142821,0.0027117649516030795,-0.026889771558587072,-0.0025550193698475887,0.010776288775343756,0.022650970676296955,-0.0028902073675910467,0.0151013976692973,0.001179272337460402,-0.030745187895542148,0.042485143319726415,0.001257348430074412,-0.0016018391395888898
2025-12-10,0.0349935152007681,0.0005263278358860202,0.03089147253544211,0.02885086213087673,-0.008810564358837869,0.034280644533711824,0.0008403553951601417,0.012607121504121466,0.26576572367824025,0.0005924451988190693,0.04977874017301387,-0.026713072172768082,-0.0072538546726782505,0.006106864227211517,0.004106799057414401,0.003615642815439246,0.008296127512493756,0.06038641671531275,0.01865073376926696,0.0007290104054555879,-0.01605381423089758,0.04422884972388297,0.004298508385832234,-0.003972205425287201,0.03783340648056899,0.008387731358815875,-0.02515720881319028,-0.023809501846360326,0.05591392402415285,0.0018050741332669151,0.04404884792000896,-0.009296192580912077,0.02284722433159092,0.026453419094209396,0.02880655609866367,0.0055299588223154394,-0.01579173082196328,0.0015543865200220441,0.047440939776551394,0.03707224259553854,0.05965910206956804,0.02714830998727158,0.01213174556200558,0.01981158443861264,0.00409566545250617,0.045051482358644535,0.0006005761529264131,0.019299914611409674,0.0292500105707465,0.016935769749744978,0.05895697004035272,0.0,0.008593136929240908,0.0183026504893693,0.0218370120207787,0.006637108859036234,-0.10041840962444881,0.01607712966311481,0.016931065461976313,0.014112937726413533,0.022712142371575483,0.022569380631603853,0.02949305839387195,0.041684426677564446,-0.004784684628674429,0.008665913878404874,0.006737539771938028,0.11161003142211046,0.017643207859189936,0.044458049724642956,0.005772445948890148,-0.0016318704184828947,0.0041017687110136425,0.006280189919890544,0.032276715173996884,0.0017668249384155121,-0.017562716050817495,0.023663556722885337,0.02946293615400819,0.0231717960710196
2025-12-11,0.05000780756169099,0.005260409272262789,-0.010273962536277215,-0.0004752960288350039,-0.011111153496636272,0.0,0.0,-0.011971268662941625,-0.1387899908993675,0.020722396067784477,0.027397285052958464,0.04892599544307563,0.013569949423405392,-0.0015174853794061027,-0.006134853422344433,-0.009607095114604558,0.010803423200105522,0.03568717698640955,0.02983724332602611,0.010199081248975173,-0.011052594306338093,0.02558658254831525,0.020629304951966354,0.009970068656484976,0.017928240986125,0.016553957121959284,0.015053697502921848,0.0,-0.014256557433726447,0.00518015109335157,0.001878301620251488,0.020107273450140628,0.008256619435097479,-0.03386266975089014,-0.019999980926513672,-0.003666394274507656,0.011516351538863878,-0.002069365859040606,0.0,0.010693637691975066,0.0563002780356916,-0.01510326938751716,-0.005137022093236632,-0.03789810664059223,-0.0032344222925078103,0.011495922728003816,0.02801123526813587,0.006033056791970637,0.014102561072040887,-0.006471654188885845,0.1766594851792478,0.002227222581649535,0.006978258887201605,-0.013159338192681558,0.041207504692242214,0.01684985365116143,0.0,-0.03902952567778284,-0.009149551928976929,-0.027833069082135897,0.024820308926247314,-0.005093333387304666,0.0035810171512817845,0.016477295577028928,-0.00240378663737173,0.03358502787430395,0.01127156399097684,0.00394302769261734,0.03113144543626145,0.02322297894033931,-0.0026902907054526803,0.020377060204712638,0.03349667531502787,0.009601587946418633,0.02367983536638807,0.02233975047933212,-0.010215275016571823,0.01669517621139205,0.008163674102218188,0.026838831178822797
2025-12-12,-0.012131160690688203,-0.020408230483562217,0.023356357637425385,-0.0023776102128675314,0.017977618870150813,0.0,0.0,0.005008037979839841,-0.19834710906644748,0.0,-0.073846181233724,-0.08532423245220266,-0.014418160944669856,0.010638324084045081,0.004115148112041611,0.0031179241210270714,-0.020809756984773387,0.01319644381505447,-0.033911368241273054,-0.06430286863410906,0.020755709229043573,0.004222023748517545,0.011825488064795442,-0.017769003999232424,-0.07906061098761241,0.009956069398860734,-0.0296609899806608,-0.006097555213709138,-0.061983508528291376,-0.0006722010388671151,-0.0080761117416982,-0.012264594287394792,-0.018827205292123228,-0.03629038221868408,0.008163257362146625,-0.004176372337599821,-1.133258013130689e-05,-0.00818245684555019,-0.010364929017786073,-0.0030230644241356908,0.0253806860863639,-0.010088762819978614,0.022375235063896604,-0.0009930082822244835,-0.01911830575749185,0.005006043621038181,0.06072399507638271,-0.014300240432567501,0.0014749198519710127,-0.017760970816273702,-0.0009099389526937562,0.010000016954210045,-0.020225641958842466,-0.01658715107036912,0.006534736074564673,-0.007204638375015948,-0.018604743487125486,-0.04720080874934973,-0.028913050307347032,0.010224988159518666,0.01784580243372802,-0.013651863802616737,0.0035682392254157147,-0.0008054855679802131,-0.014457817204996615,0.006801018956546834,0.0055730323881229005,0.028546827994608615,-0.007977436169602115,-0.02281073254913435,0.0008992558753764257,0.0029901621221906094,0.0015810934976316915,0.0,-0.004228465254450642,-0.009200681600216254,-0.03427933750812806,-0.018526356555859547,-0.01489208923266927,-0.07447656498144084
2025-12-15,-0.017283192927102342,-0.06730770700311806,-0.007607789785994856,-0.021448944967081385,-0.03752760892281226,0.0,0.0008396497909284317,0.019932514012466873,-0.05670103662920378,-0.00232018432420944,-0.14396453514289964,-0.06965173450703277,-0.0010448563768427066,-0.05112784176119689,-0.004098283070202546,-0.021700276903157012,-0.006794871087825727,0.002170865095467045,-0.009315002910315506,-0.03326906086904535,0.0010427108706090316,-0.0437242663954408,-0.004321660541552252,-0.05929652377444683,-0.028899289644377935,0.005188390263508813,0.004366808135300104,0.0,-0.07488990208033341,-0.0011210886617415428,-0.002180888754596211,-0.0013303228519658816,-0.011550377936289102,0.014161587974875767,-0.09716599463838127,-0.020503148964611695,-0.02703313974210897,-0.007882448551952081,0.0,0.00975014313832201,-0.014851471125267302,0.040970199206376234,0.0,-0.0026507595393342465,-0.005019414151365642,0.00013464408958441254,0.054128454365861556,0.008049425681668332,-0.01809384877843001,-0.01613691637948922,0.05100186183638433,0.0,-0.014392631406426437,-0.01477231122715339,-0.009509883958695786,0.007982627901535144,0.009478777412064598,-0.026497752053476042,-0.0199532745681662,-0.010121495982936546,0.012523509659221777,0.005190265031527863,-0.0035555521647135935,0.009270512884780535,-0.022004926462152907,-0.0082562377026838,0.0069275666704875505,-0.03203876644695125,-0.01113449839776115,-0.004057225742302495,-0.014985035929685031,0.01916527988554617,0.01183896176019994,-0.01474094329397635,-0.004895817237865696,-0.022634904237369358,-0.06049621930024185,0.009009057349343985,-0.022675680078658278,0.012597180065334612
2025-12-16,0.040111053476735714,0.0005727508250976676,-0.040885822111954906,-0.007306454985969935,0.01376145434453857,0.0,0.0,0.016075657139462907,0.12568300244287833,-0.010465054688210018,0.029754206792492965,-0.014705900164961427,0.006276094488371298,0.09825671809530534,-0.012345746062694563,0.032831174110623085,-0.020960624104490067,-0.014079468490523661,-0.0027519535178193166,0.005580629245599322,-0.01822913909461732,0.007514008416240836,-0.010492540672632944,0.0042735162074336586,-0.020350115747262087,-0.00964824874407011,-0.019565147307958775,0.006134963492337775,0.03928570698718592,0.007856428384975134,-0.015299365647446383,-0.01198936288967034,-0.015530155620202546,-0.009520823301492731,-0.02242150308907087,0.0038059029204435824,-0.00019751169356585496,0.0005297603655540772,0.007481051737201705,-0.0021122418863436243,0.017587982745204123,0.035833219504967984,-0.005050540323123798,-0.038538200422290836,0.001981839031308219,-0.0061919677377093585,0.016710166609639865,0.044382604866632924,0.029569340524069343,8.989068511033871e-05,0.029462751621473604,0.0187018782662558,0.009262355175828851,0.014322465480128166,0.017817580415558254,-0.00935925926765091,0.01877932380464986,-0.020118352678250462,0.0030221479979999355,0.010224988159518666,0.011750151095006878,-0.006884675085537251,-0.017841196127078462,0.010682874377670348,0.01250004768371582,-0.01236119756090337,0.01444788719308887,-0.002790348452571867,-0.014637785117955882,-0.0058448846038618996,0.0018241206270945831,-0.001462592852727207,-0.0007799450210728143,-0.0009652005931167773,0.015060996853406339,-0.016627119008812974,0.030875492014977635,0.008078169062884388,0.0006767178380904237,3.136677669268728e-05
2025-12-17,-0.007119485917757795,0.0,0.01243333808194258,-0.02944055440768356,-0.038461555058724284,0.0,0.0008389453706232342,0.020164346172616643,-0.08252425330423852,0.008225555477423097,-0.06783919086245827,-0.06512890454910425,-0.008316000484173136,-0.028860002051844802,0.02083334606242393,0.003133206521554799,0.008920583631648382,0.003295469274192442,-0.040703700883525484,-0.039376365551227255,0.0,-0.0015868341493487925,0.012587205339859908,0.010638378947424698,-0.008487850440692557,0.01467347059127233,-0.0022173455375444906,0.012195110427418276,-0.04009157458738566,0.002004391050547616,0.0013317007317581453,-0.0071910043780722965,-0.026419607154412716,-0.06952894048705416,0.01376145434453857,-0.009478728336903552,0.002626763838033064,-0.010058276536381361,0.0016598510751815176,0.0012095831840484017,-0.05432105102910878,-0.006651506471863411,0.010152274844104081,-0.01935042719270119,-0.01853703515928795,0.0065013726332914246,-0.010443427699796337,-0.01964799651413729,0.003121779984612605,-0.005796159688549518,0.026094230888563663,-0.04103672840694994,0.018520095491384003,-0.01809155391111883,-0.017959214121846645,-0.034883756389998966,0.0,-0.02898548053842054,-0.009673336458408732,-0.03441297051109704,-0.004278708877054949,-0.04506061575461717,-0.005449629279689172,-0.005038018228248009,-0.004938266662867674,0.011749656872135361,-0.02102403990155266,-0.02653415685251992,0.006348400030959267,-0.04014479359714063,-0.010086976563313366,0.003243330745501538,-0.0023419780208647767,0.028502457501926592,0.022157355326395844,-0.017210136268316023,-0.05123149702701657,-0.006326409008120759,-0.015554058324070197,-0.11142793536963636
2025-12-18,0.011054643513305207,-0.013165400759947987,0.0315790019647364,-0.008594543498106177,0.01411763359518603,0.054210354690183316,0.0,-0.010034910542821573,-0.005291000285156167,-0.0017483346000805033,-0.022911061259564658,0.043541392822680214,0.00733749424571517,0.0520059292185191,-0.010204087740071643,0.005735758910954569,0.006926042093660545,0.018355359919280723,0.026489261373472184,0.026960203523290316,-0.0005304826200438484,0.010012731825319365,-0.0169510678393332,0.0,0.003829736111287785,0.019163167939046266,0.008888880411783928,0.012048181523292234,-0.3436754266241512,-0.0037786593201207808,0.011674315603718899,0.0316885811726646,-0.006135200898184423,0.05337462769265211,0.0045248824844552615,0.008612425976447069,-0.0058656507379426515,0.011229882712111339,0.004883990566119323,0.0027182165789436663,0.00783289085832184,0.05701166091713139,0.0,-0.008104282911829186,0.014490161748346608,0.007266916241283505,0.020588277804738153,0.023397133486871446,0.0020746571066028174,0.024811271877659857,-0.01722723916126412,0.036036001204980295,0.015504472723939733,-0.00044939798412901855,0.010159842408991704,0.012048181523292234,0.01382487112212738,0.008706429745813704,0.00784624271870804,-0.006289352186228392,0.03192137703410847,0.04355712543534107,-0.0054794033778535756,0.08627883882092457,-0.004962774165082395,-0.006816471941510471,0.009352218308498195,0.01685000454481722,0.04163506602852873,0.03730734850642903,0.0012875132341483297,0.0058399996053624115,0.019561795534147608,0.001878718127149126,0.00929016396165916,0.01904758667947526,-0.004153702110101909,0.014006761011554403,0.02335620429616525,0.0660506400006371
2025-12-19,0.02304960921335053,0.006380545928767578,-0.0025510787467357687,-0.019887877861217373,-0.02552207307999743,-0.032906210381842715,-0.000838242131267819,0.034403284330693173,0.053191502178454586,0.03619385078620274,0.009655196091224338,0.11961058785399614,0.007284146826154858,-0.026836166563262154,0.024742202376501155,-0.007058158988822227,-0.01917174232231489,-0.024152850822714234,0.03503035989468506,0.04687918334212826,-0.007961771003361151,0.0036191903225422095,-0.011610525214100775,-0.03157898169370432,0.041292641289970344,-0.014344409216180742,-0.057268668332445816,0.0,-0.09636367451060901,-0.035921435393343026,0.0059889521997140704,-0.018867937161108794,-0.004194581889204851,0.001961407834033757,0.0,0.030360471399129008,-0.0022971743892671315,0.016393452672189834,-0.01440725276437027,-0.00993981395997623,-0.02072536939902392,0.024072431331306543,-0.021775484450994642,0.13108350209811737,0.013035355219223943,-0.027540740385244455,-0.0335650669706008,0.010101899911942436,-0.0033126262927420935,0.0026019210221046585,0.01836396289108211,0.01956525096821271,0.0007194561821179946,0.006069471823292316,0.019109411039636592,0.005208381747325852,0.018181800448205276,-0.0012329563046635794,0.02097241084084378,0.012658316986067009,0.007733537806731361,0.008695685345193604,0.026629931378362448,-0.02074772858364171,-0.037406564893847305,0.002541903246904731,0.0061770867860664325,0.01286682299774311,-0.02797962241888774,0.048550676603441145,0.005437456457254575,-0.0025920166709196835,-0.02225636235658013,-0.017346500698178446,0.0010067918766678563,0.014169467791624868,0.10531802203773255,-0.03306818845409565,-0.0017261249259959976,0.020774062298665186
2025-12-22,-0.003466173760457547,0.008645510964396141,-0.010230169671106792,0.024453758454432206,0.014285814843214784,0.0,0.0008389453706232342,0.012026803360649208,0.015151500555948827,-0.0028168189201884797,0.01502727514995117,0.14534162094064973,0.003099145870393283,-0.02612479416932645,-0.006036103321282904,0.001364743963862658,0.022083011504995476,0.00517175438591555,0.023973375616337833,0.013561892386497076,-0.00856079705201307,0.013170335267516764,0.006978319670977173,0.02500004209044726,0.0642241259534071,-0.014985890241751343,0.0327102475754002,0.023809572804273094,-0.06639837779416269,0.007174256060568984,0.02207051811308136,-0.03041146183426202,-0.009020421493058484,0.03947801001242923,-0.01351350045186761,0.006445791059779271,-0.00656837498132945,0.008845003904173643,0.01884464549032061,0.006084599009385627,-0.026455001425780944,-0.041887639976731506,0.02568486551559479,0.004082888195464873,0.004793528365299782,-0.010089782210571552,0.04104543451116105,0.01780856932485375,0.016618181287982647,0.00475032567966549,0.04590167445670068,0.01918979775902807,0.023723948899938785,-0.0010055185469459715,0.03185001866963377,-0.005181395063849625,0.004464281437804418,0.020987662751578595,0.023965155062748877,0.0333333002196432,0.025973857294280256,0.04655171931853075,0.0071556280431421815,0.00289341371471985,-0.00259067117487799,-0.0005071110157222058,0.006480236563275232,0.047829789396118594,0.0049844426900798044,0.018031798641716668,-0.0098660198257976,0.009563470140594887,0.010989070457255501,0.025286361445977512,0.013218364303145158,0.03359099549992717,0.022641523829046273,-0.0034632338265522256,0.0037463918863109846,0.014453374057723511
2025-12-23,0.009855076886605474,-0.008571406773158485,0.006029341134241584,0.023362065616859606,-0.01173713334470583,0.0,0.0,0.002934227369376874,-0.06467661484996656,0.0,-0.025572013675664307,-0.00433839053086249,-0.003089570839684197,0.013412839355623207,0.0020241540941601244,-0.01220963110453388,-0.022846750969434337,0.018008147554345877,0.0016526362241788828,-0.003913122365778676,0.0005397481802045245,0.002243835297176311,-0.010510435710290977,0.0021208451597218847,-0.0046577468056160365,0.003753553763119921,0.011312152270284148,-0.01744184354113687,-0.043103408409496224,-0.0018382556933347338,0.0017048266461510142,0.034132830290666494,-0.010506096417825295,-0.002824863492270291,0.059360672431823636,-0.001829872375832986,0.005635273307735389,0.00515726828585894,-0.0011235792400274836,-0.0057453470959275554,0.0,-0.029514822009642505,-0.010016685320897833,-0.008132631669254597,0.004683327588380415,-0.01968728857912061,0.04465040596478542,-0.02146179913648827,-0.0051082960158392865,0.016241329216049705,0.0054858694019281895,-0.03138077171202591,-0.01006554992717068,-0.003354903025120648,0.004173512899952048,-0.0007439937142642572,-0.008888880411783817,-0.002418434904062905,0.002431550536388105,-0.04637097123076095,0.005178405714619139,0.07413505709044665,-0.00532863396066352,-0.007445258377051789,0.020779263404233417,0.006849326999116334,0.007455076640059621,-0.01947093286798318,-0.005951684412300651,-0.000558713495216967,0.005129726100470355,-0.001647484118455722,-0.01319879467806917,-0.02140525908870694,-0.01039892689369537,-0.004314107676274492,-0.011808106653866557,0.0008688382719497234,-0.020480423326627806,0.00904033508502633
2025-12-24,0.00014354386031367738,0.005763710620809492,0.0008561023070425833,0.004466508897852606,-0.016627119008812974,0.06996067674496942,0.0,0.0007314665200608417,-0.00531914387692578,0.0,0.01795581747937547,-0.009803937864484302,-0.001033081463488017,-0.026470632371604186,-0.008080754418355651,0.007761244255365174,-0.004407233580416281,-0.004332160141813035,-0.0012099280563585557,0.0027879049689389923,0.007011792450859922,-0.01760209064142515,0.004241065703567859,-0.01164021792767922,0.020549303971057142,0.0023471838649820054,-0.002237081099336957,-0.01775153229781612,0.004504500150622537,0.007136359264720005,0.004821958978723728,-0.01605711905113749,-0.003485170325401854,-0.013534790650929995,-0.008620681681899223,-0.0009165690101676782,0.01996986651863053,0.005643987196375599,-0.001730543172900445,-0.007299320884132654,0.010869554654186597,-0.005132112804244082,0.0,0.012929670742654498,0.002925539481881456,0.0014242768184740129,-0.004193521315051685,0.011274542350565797,0.0036968640429790867,0.001033882544133169,-0.02727984283328244,0.030237551409326713,0.0024434267508683938,-0.0007854543611636178,-0.004242773165062497,0.007445973605590517,-0.00448430061781413,0.0012121489553740261,0.00030327884685554807,0.002114112474493446,-0.00515172797702268,-0.006134963492337775,-0.005357095264657774,0.010782911489123581,0.0,0.005039072054914717,-0.000336368282402022,0.0017796441383475248,-0.00236989916865582,0.007715068545528281,0.0053238158353827725,-0.005775552432770503,-0.0023603247195453925,0.0204468703749332,-0.00530187527281023,-0.002888459769101681,-0.000746843063885616,-0.006944505342842633,0.005471472362843954,-0.005920141659842448
2025-12-26,0.006457123439198353,-0.040687734142063725,0.011976077703004018,-0.01976282722596967,0.03381650913955192,0.0,0.0008381621920983129,0.006724149391142964,0.010695176938778195,-0.01412431245782697,-0.05563091638786466,-0.08690868521362094,0.0010341498245023395,0.0060422904145789325,-0.006109963615975489,0.006047195264891725,-0.0039015927162636688,-0.01631619884642066,-0.009856248445113347,-0.013016540061264625,0.006427476161781742,-0.004322224375306938,0.0028670678685618345,0.01284800102819661,-0.001395528210469732,-0.006588361715653246,0.00672639746964121,0.006024090761646228,-0.00896860123562837,-0.003200035324268824,-0.014114326344908279,0.00045331954324279167,0.001504718931112814,-0.024250166725639843,0.03478267990573958,-0.007339457053922471,0.001708930053320401,0.004081609317992285,0.005547391337558549,-0.002450919664624518,0.010752677834782398,-0.01356513340471499,-0.02360874713968053,-0.013075908558900728,-6.407454011359004e-05,-0.003982346593932595,-0.006154860022424824,-0.006706703766572564,-0.002864730769558066,0.000602458846315379,0.02243595327851544,-0.018867956592823587,0.009592652841493576,0.0043795550396754646,0.006869573178498678,-0.014042836964755612,0.0,0.010895901948428266,0.002728103910544455,-0.010548463356974014,-0.004027599963452477,-0.03858024680002159,-0.0035906607379059263,-0.016604791260038665,-0.00254452679221151,-0.0017548181472869517,0.001682407320470869,-0.012622706990580101,-0.006251562628331042,-0.004216323132134492,-0.0014973530252399003,-0.005497912561283513,-0.011040988780302685,-0.0069896969069958015,-0.009651834366559142,-0.006952539840213712,-0.018871489678471298,0.0034965343730564147,-0.0015547921136483955,0.0081209802323845
2025-12-29,-0.006558298951746866,-0.040023899967424725,0.04733731388235407,0.002520122816330961,-0.007009394471429897,-0.12353060042386943,0.0,0.0011615245893703552,-0.021164001140624777,0.012034294574004623,-0.02586204415977933,-0.05903617309579112,0.0010329829434172488,0.003003000207918216,-0.016393432770819394,-0.00034030516192662397,-0.01461273925043205,-0.004791712671874948,-0.008564166845712595,-0.01177974631139278,0.004789691869269808,-0.01294395760971001,0.0029747682914766926,-0.005285452178932726,0.013375886741950671,0.005553333490615264,-0.040089050671331505,0.0,-0.024886907605358388,-0.0041274515120468536,-0.014173198072958026,0.0,-0.002152104479238637,-0.043819494961774175,-0.016806806028663912,-0.0064695300119713695,-0.006308922866418043,-0.009146387555360458,-0.01025778100499175,-0.00583545557102183,-0.034574435200017684,-0.012202228454035402,-0.0034542281620522086,-0.025236628553790497,-0.004840628092039223,-0.0014279376819102962,0.0044002681727177695,-0.022711363964330822,-0.002667783076881758,-0.0019353042317807878,-0.06191222160520726,-0.053418805378193546,-0.006542027864641753,-0.0050313569471504005,-0.005268163101549539,-0.014992489278670473,-0.027027000903735332,-0.017964139563091508,-0.0122431248965027,-0.03411510564179687,-0.012709280581129634,-0.027287331584828323,0.007207200086191579,-0.001037657607249498,-0.015306168375089801,-0.0010045433408816251,0.0016795175106389948,0.027935649813097818,-0.025163562097730185,-0.004234260838088311,0.0013168132449112857,0.005423976511619966,-0.004784726132864514,0.005161851543188378,0.007806441851578194,-0.0043756626757008865,-0.008188849823333233,-0.0026132424622357098,-0.02063263013705141,-0.018196112684149113
2025-12-30,-0.0025832420262261735,0.07405106139739925,0.020984605972802717,-0.01005524694459814,-0.02588238435633039,0.0030146824077579293,0.0008375401367908264,-0.018129079845185747,-0.07567566696791173,-0.007361183350028111,-0.0044248095693196765,-0.0025608170388021767,0.009287941845744774,0.005988018395350014,-0.02083334606242382,-0.008735568352046363,0.0019110226723990653,-0.015185179533781845,-0.009030741650075225,-0.0031095861987634477,0.005826344618368173,-0.015352616395548413,-0.0003081028341699321,-0.004250808722557897,-0.014578366592569614,-0.00409233092020278,-0.02552207307999743,-0.01197603679070025,0.05336427427540946,-0.0004606045030334238,-0.008858562372127898,-0.009062023486920312,0.004069341489568057,-0.009917886814252208,0.004273500354724069,-0.004223358214168194,-0.0025235059238513102,0.00170311723955896,-0.006531909672875202,-0.012048174313168847,0.0027548182225876072,-0.014117670994178932,-0.0190641479857927,-0.05760513919972465,-0.0023193300573890463,-0.011726007310821185,0.02222941600099282,0.0006280816217225649,-0.009876534100961343,0.001982123671998126,0.05597327162468413,0.047404073653368295,-0.0060363488382219055,-0.010450616108559463,-0.027088059891608007,0.004566169282702592,0.0,0.0036585041059751244,-0.0053557533633254994,0.013245019867687668,-0.0023406671550706415,-0.06105608730243228,0.004472203550602849,-0.008309811622655094,-0.00259067117487799,-0.0030165644938937586,0.0006707061692943217,0.005987967556062124,-0.004259187103212159,-0.020869449351022085,-0.002483993295382736,0.002801164790648736,0.006410279324235324,-0.0382819543428371,-0.01602117745137932,-0.0011720162401258616,-0.007680520580173877,-0.0056767903236933925,0.003974973037826679,-0.01000680775968732
