Date,ACGL,ADP,ALRS,AMGN,AMTX,ASRV,AVBH,AWRE,BHRB,BIIB,BMRA,BVFL,CACC,CASY,CCOI,CFFI,CME,CPB,CPSS,CWST,CZFS,DENN,DXR,EDAP,EEFT,ELTK,ERIE,EXC,FRAF,FSFG,GIFI,HCSG,HNNA,ICCC,INTZ,ISBA,JBLU,JKHY,KG,KMB,KRMD,LFVN,LIXT,LTRX,LWLG,MDLZ,MGYR,MKTX,MNSB,MNST,NCMI,NECB,NICE,NOTV,NWE,ORKA,OVLY,PAYX,PEP,PFIS,PRTS,PUI,SATS,SBUX,SFBC,SGLY,SMID,STGW,TAYD,TSBK,TTWO,UONE,USLM,VIRC,VRSK,VRSN,WDFC,WFCF,WTW,WVVI
2019-01-03,-0.015654881263419185,-0.03019827758344973,0.0,-0.015215736038107774,-0.021909230987214312,0.0024879422459684886,0.0,0.0,0.0006806219341410902,0.0075814681810506546,-0.010309329662834377,0.0,0.014901183437195042,-0.012988867282179295,-0.01000000917521826,-0.058105737005290425,-0.021984919985122975,0.01239934415182975,0.030581010769374473,-0.015107916828070889,0.0,0.006097584377790843,0.12952802959886944,0.17112302226529907,-0.05031509189829797,0.06222229704171722,0.01858679107646921,0.0011343587212251371,0.020967654316967677,-0.03569327907147268,0.04633206362910136,-0.009625294300688925,0.017526703596404847,0.0,0.0,0.010989128237645085,-0.01666669413876498,-0.02383451450841978,0.0467835800709957,-0.010287600089218807,0.0596026714880904,-0.03464217079227039,0.0,-0.027210938968575293,-0.057142803620318094,-0.0037602263404976632,0.0,-0.006930799369295082,-0.0228740609104211,-0.015586512462974711,-0.0029716506527146525,0.0,-0.017688342691986048,-0.0298508060193573,0.0015508260607790536,0.03030305744129569,-0.0399784629504385,-0.01690502233258473,-0.009333592283291225,-0.023718739648109444,0.08247414571799006,0.002826910872833821,-0.004336043602436446,-0.0433770659323921,-0.01868881781809606,0.0,-0.0511439887825732,-0.018181800842285156,-0.02749999364217126,0.041809322693544315,-0.046726281228088196,-0.0809523641927975,-0.014214292360908543,0.0,-0.03055672170585888,-0.03498911023970808,-0.006567965517182306,-0.005025132013411038,-0.020978174524744486,-0.022377667428694625
2019-01-04,0.02366173319674747,0.039854535247279665,-0.002506324181127617,0.034183355421771644,0.10399999618530265,0.017369452062964807,-0.0023809160505022797,0.01089917194045964,0.0,0.03690549372073493,0.0208333760189523,0.0,0.0334911551710273,0.030251902242892426,0.022221884458854646,0.05182758509969765,0.017520718702036087,0.005511267732028591,0.04747777188845359,0.01716585957301997,0.0,0.009090885971531737,0.09329446469444846,0.050228261288466136,0.03815448856002113,-0.016736528430934983,0.009651785229234378,0.011332593497731303,0.02211709244908966,0.03315034159378394,0.027060303066666958,0.03554993001803597,0.025837317798311332,-0.012784112652779234,0.018421072708932895,0.0,0.03892020841225752,0.023179005733753977,-0.0949720051295958,0.011207822058896033,-0.012499987892806708,0.04306230946700906,0.0,0.09790217485269115,0.0,0.027679823422049,0.0,0.03147873512857324,0.01740726303404605,0.03729168574015307,0.04172860760764885,0.03884410747404021,0.026391047033371473,0.0,0.01944241792230139,0.11764706450472318,0.062187383814746866,0.03486024841312907,0.020506454669194873,-0.0006874803130637597,-0.00952380087370197,0.01338971999996863,0.03919427672974907,0.03315460782319768,0.024788179692126544,0.05882352941176472,0.008510695564899029,0.029629600849335302,0.013710355301293164,0.011056054622885059,0.025718561604839874,0.0880828817123247,0.009330043530344279,0.0888889221862843,0.044146803856191186,0.04474385343450549,0.02983703511368052,-0.05050505419072526,0.02702327242898539,0.011444978993241817
2019-01-07,-0.0022735367527492167,-0.005410087125547247,0.0,0.013456963003899425,-0.02753622299531655,-0.009756187735892596,0.0,-0.03504046175316189,0.005102068668696669,0.012785497741020446,-0.010204071702683226,0.0,-0.004164042929424294,-0.0015576699335020372,0.020641225877267244,-0.012318634667068618,-0.005035726747723346,0.02588293103653605,0.008498575533404162,-0.0017953732037450099,-0.021145244399525698,0.02102104441373087,0.07822223239474835,-0.07391297452165713,0.013382642605030304,0.0,0.005939808645779809,0.001793215474052312,-0.003091337296681318,0.02362213831405935,0.03592805070120764,0.0037045737992431604,-0.011194275541475118,0.0,0.0,-0.002174051960375345,0.008459293259879042,-0.001773487508585414,-0.09259264710072423,0.013496505084838128,-0.025316506313829312,0.04663621067983259,0.0,0.04777065348328402,0.045454500299513256,0.0068558509430123316,0.0,0.011945932063876619,0.020648900460340958,-0.0012050888167849383,0.0071531341553325856,0.0,-0.003898689178986392,0.0,-0.004219246103294494,0.0,-0.04234176686744229,-0.005286850554969469,-0.008599123344830817,0.008715401351936158,0.03846161781683777,-0.0041724279141845955,-0.013095840103931278,0.0,0.0,-0.033333333333333326,0.0,0.017985594543473482,0.03550296525803942,-0.006075304312695207,0.02664706779928805,0.07142862008542661,0.004481907957679221,-0.024943339115011343,0.0010001163499897547,0.01631179095763069,0.003402178602895045,0.005319155749829996,0.0073761532770404425,-0.0070721625913502395
2019-01-08,0.0037979132883694255,0.005898959783430691,0.0,0.012823873095169525,0.04321905230924905,0.0024632073326065207,0.0,-0.0027932934850189994,0.0,0.006327570048208164,0.015463902322123246,0.0,0.009986219950251396,0.010843306546501896,0.0352841337766181,-0.005025981627239995,-0.005931684002744686,0.007498629479273822,-0.002808986130333757,0.03561157214518951,0.0,0.0170588773839615,-0.05111293319947818,0.01877932380464986,0.018133402146004896,0.04255335479260869,0.014126489767826378,0.01543619839759014,0.0,0.005576688356427439,0.010404642376525608,0.01968505785147423,0.009434137624143135,-0.01438847588157588,0.0025839398488296528,0.006536366281053141,0.009586569340463091,0.01696002647439676,-0.04081628813472782,0.013757776884211204,-0.025974001846660322,0.04528861505823745,0.05319148792262829,0.033434691425482166,-0.014492739851898917,0.02334668374753579,0.0,-0.000783774749455346,0.012716468528447322,0.062336664334482705,0.02414763684338128,-0.026087035943672232,0.004100293089336793,0.01538469297646361,0.01881338847075531,-0.026315898628143986,0.038755475786074634,0.007592744966185894,0.009586491483286386,-0.008867811608068488,-0.027777860562003376,0.01815635427802298,0.022027599009135646,0.0007867270089401135,0.0,-0.02298850574712641,-0.0014065581714595154,0.035335740546661,0.0,0.0024451733022012867,0.033617415800452966,0.0,-0.013803648815760794,0.0,0.008901851444720776,0.036459830758050815,-0.018484123600080005,0.0,0.006397657055022821,0.017094000838336676
2019-01-09,0.012864230781139963,0.0009139718211226278,0.0,-0.0011967173705025314,-0.014285700905079524,0.007370945210395385,-0.0023866893836888003,0.019607891588331983,0.0,0.0067500999412111184,0.0,0.0,-0.0007549499836345674,-7.70571926009822e-05,0.002078267370710263,0.004677365115381749,-0.022446311561890364,0.017564738793628853,0.0028168987598808926,0.013546348636553907,0.0171015879348988,0.01619426052461459,-0.08774980093809737,0.03686632299233983,0.006775768020318651,0.02040802804534181,0.007075418364184571,-0.0081517961483899,-0.007751649706688735,-0.025434938079588076,-0.010297500565766726,0.022924791754368012,0.0,0.02189782444609789,-0.007731939251534703,-0.021645128619169673,0.022551878466690933,0.003335396684879033,-0.028368834140619748,-0.00817731747904682,-0.026666641235351562,-0.06568860567299428,0.010100984153337045,-0.0029411735831660346,0.17647059339140525,-0.003564954721331892,0.0,-0.016383127163846156,0.0017124492167104322,0.00946431918739954,0.0,0.0,-0.012343404464544627,0.0,-0.00033260744662910735,0.02702714216147384,0.006305929347012462,-0.0006027126016513451,-0.027943699398928934,0.009406197460425592,0.01904771528006588,-0.009259317803197886,0.0015580905008980572,0.004086703880177733,-0.009734221195546344,0.0,-0.0014084036992524362,0.01706482975327095,0.0,0.004065282647828905,-0.004262408193822842,-0.008888880411783817,0.0038170769934908755,0.020930113355264846,0.0037813867715283944,-0.008156969279829673,0.02395803440619848,0.03174607219652148,-0.006029569471388441,-0.005602235658404231
2019-01-10,0.013074288242161947,0.007913788749338568,0.0,0.011528736751811541,0.10144926534683552,-0.007317011916455396,-0.0047847073346865,-0.019230815836259407,0.0,0.013960743013275101,0.1319796886737501,-0.03448281417284127,0.013502007208904931,0.005634061434925286,0.007880603271956721,-0.018249386790144317,0.007224382870476109,0.008777212798759981,0.01123594452133525,0.03015761314473031,0.007079573315667664,0.00967558789110412,0.06857145400274378,0.02222220102945971,0.005672496161646556,0.03999994640480886,0.008928808939066668,0.017103385880153255,0.0,0.00941933276008644,-0.006936354750103124,-0.0049540851735494496,-0.009345966490045488,0.021428585052490234,0.010389650022828656,0.0008844928364815097,-0.004643060117903608,-0.0016622857055443863,-0.08029193015400582,0.023243421332421965,0.006849308357518069,0.02916994726821609,0.0,0.04129789444049381,-0.05000002607703169,0.009777975851637644,0.0,-0.002205167856100698,0.008547141367902578,-0.0013126477989491292,-0.0041606865889680655,0.0,0.007705315814067637,-0.022727340459820944,0.018139492540466762,0.026315725800249323,0.0,0.016588826381904065,0.006140238336478143,-0.004545524712832871,-0.05607482153980292,0.015576449022963956,0.011148527199939862,0.004852840758970078,0.0,0.08235294117647052,0.0014103900978836847,-0.03355701476259032,0.00081634521484375,0.00688229239204885,0.02363671074974305,-0.03587440494251337,0.01070448342285446,0.0022780882195192476,0.010315069061043403,0.01362111188281645,-0.06932216293216764,-0.010256484672144017,0.011143528640067624,0.0
2019-01-11,-0.01622421366259852,-0.006115264622295724,-0.02010061655293316,-0.010460119668195711,0.15789474509759627,0.007370945210395385,0.0,0.05882354119716182,-0.0040609759940885,0.006099184754314146,-0.08520181865262921,0.053571465815818176,0.01623181411790031,0.005678943947117654,-0.008642036001290432,-0.014226300596759223,0.0038924003066291846,0.016241325348690605,0.005555550404536813,0.006320709828118387,0.0,0.02987602556277258,0.15864524871732089,0.013043466092057088,0.0013384263067945934,0.0,0.00224892983147984,0.0,0.031249843840182256,-0.027799682533728443,-0.0011641709783699605,0.009720101754406185,-0.0009431618349822202,-0.02657343422184877,-0.015424222757914219,0.016799592837198896,0.0058309261629183595,0.004757229951786401,0.0396825384811359,0.004628999057925798,0.02721085787382216,0.010174307108238967,0.0,0.03682722818542583,0.10526313725600911,-0.002597902485176329,0.0,-0.0003759846875596162,0.002824709196408426,0.02084116870696162,-0.018105905587831317,0.004464344327854475,0.0035434995373202494,-0.007751930820906638,-0.008336105089822188,0.0,-0.01357698696897136,-0.0017800521152722126,9.227717656612455e-05,0.004566280855306415,0.029702942250534603,-0.004430869755414846,-0.0041025644120537,-0.007166166174057964,0.0008935154668452405,0.010869565217391353,-0.0112675687559175,-0.0034723015571050952,0.035073355911403814,-0.0016084203309867373,-0.008818192915482914,-0.06976748312273762,-0.009197351036413615,-0.011363889633653201,-0.00559309110589945,0.0010776096520261902,-0.006138608879155849,0.0,0.0041733686957783345,-0.008450696279642567
2019-01-14,0.00862066891549107,-0.005696952198453897,0.0,-0.018846832065027797,-0.03409087676400968,-0.007317011916455396,0.0,-0.052910065925260596,-0.0008491974636243294,-0.008373032318629847,0.02941173720662249,0.0,-0.003951759118823395,-0.0015261084113494805,-0.010585551487202416,-0.03194146591527103,-0.010412852774933867,0.0,0.0,0.015867753462357914,0.0,-0.021346540078018617,0.11538461538461542,0.07725325006487438,0.012507210375277467,0.07307706677705483,-0.007961499756238166,-0.0163790793173747,0.0,0.002799502473846305,0.008158472662781024,-0.011739844593783744,-0.006610001269686139,0.022988483697581552,-0.020887708955524942,-0.026086999885997386,-0.005797123563462403,-0.0022883855352671123,0.09160303620773669,-0.008105727940856955,0.02649004112957365,-0.02949634145333835,-0.009999974568684844,-0.060109296024865366,0.03571432372745331,0.005920136123924724,0.0,-0.023566656075491577,0.0,-0.004046301459035839,-0.009929097732863323,0.0,-0.03586694398662016,0.0,-0.014999308856210147,0.051282014580267266,-0.03282185015409733,-0.0008918565672110246,-0.007766265513104886,-0.016590979283895857,-0.0096153757981291,-0.013351465027615084,-0.0030895834364780272,-0.005648874944248594,-0.00208342037299436,-0.053763440860215006,-0.0028489762668552077,-0.003484317373521062,0.0007880401270694559,-0.004832741597287971,-0.03714569813544122,0.20000004768371582,-0.0028127370101509452,-0.022988354376583975,-0.00741014934682549,-0.0058887497804704925,0.0009998691359474066,0.005181416327831423,-0.0027276655357381108,0.015625019049779976
2019-01-15,0.02526946324705648,0.010924390537025541,0.0,0.013212991844656852,0.005882347166332069,0.00491393874303081,0.0,0.0,0.0006799758009206069,0.02154831677211555,-0.014285701310552956,0.0,-0.017984005549467996,0.014215692564316429,0.0067128665122566655,-0.00019867366704540146,0.018413853633802546,0.013983682362870509,-0.005524856784194343,-0.0029287391450881772,-0.023725646990278237,-0.008948537747316632,0.0282758515456627,0.01593623984263237,0.018010334537969408,-0.03942652263545132,0.015101809602263483,0.01665182081122052,0.0,0.011565418359992696,-0.003468177375051562,0.017819169513218158,-0.023764179970964472,0.01825844333292559,0.00799997965494792,0.008928785135783546,0.0005831037378585258,0.018664946501110613,-0.11888110395736817,0.003870865942309454,0.03225811165403902,0.07412902115757314,-0.01010104837382797,0.02616276531170536,0.0,0.010828436031737887,0.0,0.01589764415724315,0.002817099266907208,0.011264945124013881,-0.004298089630841662,0.008888671630255862,0.015131068451241125,0.01562498544808455,0.020080495390794706,0.0,-0.0016419145666246582,0.013535955632551389,0.015561114107776053,-0.006239945735616925,0.03883503123630683,0.01179722756404078,0.002840935857861382,0.01120396395469947,-0.014912214860266837,-0.03409090909090906,0.0,0.010489584233828841,0.0,0.01335504470488491,0.014383639346075672,-0.02916673703325845,0.000422972159740409,0.0,0.012951864927823076,0.021974557261846828,0.038199325025676245,0.0,0.006902190865238467,-0.01678320055363791
2019-01-16,0.010148639955890548,0.0032493899788166303,-0.025640840650621,-0.002457904403150968,0.011695895017749036,0.004889983853618052,-0.001923029309897406,0.0307262949325795,0.0010194389685074245,-0.016324019749177965,0.048309249408762245,0.0,0.007136666130182601,0.0025623818867741566,0.0004168712402434771,0.03797184705331125,0.0018133628359806586,-0.007036294362653184,0.022222267845531718,-0.01436026878178187,0.0,0.00902933711129017,-0.02749831332045738,-0.023529389765297948,0.01611706074958441,0.059701369127041826,0.005462006544584952,0.00021864849995489877,0.0,0.029174139478835404,0.03596292618704511,-0.0018676534416490753,-0.011684562766031026,-0.006896578032394962,-0.0079364879131113,-0.008849767463599334,0.011072292292955366,0.009705040818809296,0.015873000254767344,-0.01679525640441637,-0.01874998183921006,-0.04002757690481773,0.0,-0.014164292555673641,-0.19540231696270083,-0.0062875490480409635,-0.033469279173105604,0.025464744012448692,0.03820227333783999,-0.01734837431265257,0.014388606562806494,0.013216100724117164,-0.009209163617588945,0.10769239233796024,0.004757084026268732,0.0,0.0,0.004989436376702905,-0.005964165158381052,-0.0018605632536162764,0.037383140086171496,0.009602269606585834,0.0015451288737857727,-0.004837625616783248,-0.0018160488726535196,-0.0117647058823529,-0.0014286612635543428,0.006920408373887188,-0.000787419608820783,0.02276374900325684,-0.005258686917339772,0.030042993113079675,-0.003242638465182468,-0.004705804945550174,0.003196600197588495,0.0073543519068515195,0.018113849494878487,0.010309291147942545,0.014809773077504751,0.015647176869749257
2019-01-17,0.013275884938444005,0.0013557809732938075,0.0,0.015234487993136758,0.20231208137212242,0.0,0.00192673447676861,-0.035230382771007984,0.0,0.01900429955664351,0.12903224034349847,0.0,0.0130431474325019,0.0029316393877443225,-0.0031244288182232793,-0.02470759181845872,-0.005650380631279539,0.014172376985756019,0.008152165990639837,0.020860898836125852,0.0,0.010067131634477366,0.02758618058829465,0.016064241646516875,0.009936226049299002,-0.07042235247621909,-0.0032879119531683543,0.004803244813606833,0.007575701937540424,-0.02796413243514806,0.010078404200694946,0.011693378652871012,0.014778346840615741,-0.006944404891978451,0.0,0.0,0.005763710620809492,-0.004229173657302132,0.13281248311977856,-0.00322447314018115,0.0,0.044572176632977856,0.0,-0.020114923235383997,0.0,0.00867096759579411,-0.018580802412520026,-0.0012025881706900776,-0.0005412743916072271,0.008548579682827961,-0.014184511211695727,0.0,0.011402859663151466,-0.06250002069605642,0.009795876547689097,-0.02439018725271913,-0.004386071254796509,0.003942622939617779,0.008122782657512984,-0.03634647534960844,0.009009000301245074,0.008152182934613839,0.001799960104444942,0.007997275070634524,0.0009097096131576166,0.0,-0.015736655426575763,0.020618536429497514,-0.011032261172400193,-0.003905050662841858,-0.005286486896822873,-0.004166662527455345,-0.03380496894336782,-0.05200940010085964,0.0015933485628563115,0.011074693304464978,-0.009427680282731554,0.02040812690630256,0.0002549880302611385,-0.012604996839451155
2019-01-18,0.008498532058821118,0.016850006911823368,0.019999943999708725,0.009706916443734004,0.03846161781683777,0.004865967862615284,0.0,0.01123594452133525,-0.001867213832006831,-0.002719107761760098,-0.020408143405366563,0.013559304586277188,0.01749894497486748,0.004496496144563711,0.01713331460714218,0.0015710010881393455,0.011972018456371414,-0.008104932357956507,-0.0026954151914918567,0.0291923328173036,0.0,0.00553711984644889,-0.026845612669198826,0.05533601046930858,0.019947640276288814,0.0,0.025171790646544956,0.001303848849795619,0.021052433039032037,0.0021675827190139607,0.013303756038703485,0.012020245249718675,0.007766810009873115,0.05734263523685179,0.00266662597656242,0.0004461951414862497,0.008595966302124447,0.01057902353929463,0.0965516978296741,0.021858671981670685,0.0,0.0,-0.010204055814730828,0.020527839143952953,0.057142888769811995,0.007435099997431971,-0.004302974053580377,0.014769323579102656,-0.02273950790629753,0.02413859152830744,0.01294970017130126,0.0,0.005305519113240953,0.051851801486336724,0.005173924794144913,0.04999996305803611,-0.01927290257926839,0.016727676703930605,0.007782437886322713,0.014748651165912952,-0.017857125751218117,0.0016847907722772337,0.013860363314310398,0.006533966619532761,0.01909084554193874,-0.059523809523809534,0.015988257119740723,-0.016835000617720808,-0.023904397304817637,0.027832397511013074,0.027427154923768793,-0.0041840962444885665,0.010101103222688979,0.0099749574300525,0.0224460581063608,0.006241533246374331,0.013347459400078865,-0.05000000301027485,0.010830714710890144,0.008510629951243631
2019-01-22,-0.0021066936966530614,-0.014869077735196967,0.0036116529658103413,-0.009319263531062494,-0.07407411086706317,-0.004842404876110318,0.0,0.0,0.008843549747949542,0.004563979509394356,0.037499962747098436,0.0,-0.009694266660711826,-0.010744047091813091,-0.014379386831425589,-0.04078437821691683,0.01580977472783829,-0.002817743192086497,0.0,-0.023636936994016144,0.008100892237092872,-0.008810564358837869,0.006206907075027024,0.0299625173858038,-0.004778769163958807,-0.08712125685543892,-0.011542318031950383,0.0036894032247858366,0.0014730821395634308,0.005898272021130024,-0.027352296565572698,0.0063957272099521845,0.0028902893633833138,-0.007936500427734305,-0.005319067988256432,0.0,-0.01306815552563767,-0.010239156615318823,-0.226415063784019,-0.014032657755038036,-0.00636949639391915,-0.008947005416938936,-0.1649484907727259,-0.07758620099042368,0.0,-0.005304335172722663,0.01469294320389869,-0.0040148510865111176,0.045983648945374656,-0.0017992494696623673,-0.0440341163490251,0.013043191774610774,-0.008481778538328544,-0.049295729125592325,-0.009007576126096484,0.02380946796377148,-0.011791096599828799,-0.007153557167371094,-0.0014534232273314407,-0.02406528954409748,-0.018181800448205276,0.0020183334884957826,-0.02556959665991232,0.01066462238476329,-0.015759859201495474,-0.012658227848101222,0.0,-0.05136989433158212,0.04244901696029979,0.0244089661430551,-0.008590433094629923,0.0,-0.004637498294371878,0.002469095105652519,0.005185817837273232,-0.008331140706195339,-0.02695515628872469,-0.04210525315144087,0.00044096662074410986,0.0014064348603233245
2019-01-23,0.005277994218217064,0.009386433227129842,0.02827794059509925,-0.00207944222108547,-0.04000002145767212,0.0,0.0,0.008333391834189907,0.0,-0.005133320386590867,0.020080302058145927,-0.030100296234345292,-0.009436133585932538,0.006033795452814683,-0.013547693042721742,0.0012264942541051482,0.007996698701227212,-0.0002823950039780865,0.005405400180747089,-0.0367979149933243,0.0,0.009444448682996986,0.11172029771894709,-0.021818161010742188,0.009781242068967577,-0.01659763592288699,0.0038925102119788946,0.01340548436211586,-0.000294094887709373,0.01641937902646795,-0.01574806950687102,-0.002042604181875851,0.0019209597879685791,0.0,0.005347511766912616,-0.004908219064924557,-0.007484229236282003,0.00586743613289431,0.0,-0.02672891262749366,0.024359043721384088,0.1194444982485805,0.0,-0.0031152617895386925,-0.027027000903735332,0.008810476248577004,0.0,0.006917102888272186,0.017478622281224876,-0.005407340294445451,0.016344747685598016,0.0,0.01017013310650361,0.01481480042466754,0.012660311395126245,-0.0697673583908438,0.02272714936169673,0.0063402904614002775,0.0074605800888307705,0.014404712537579911,-0.027777860562003376,0.009734448144025798,-0.0025980852551339417,0.015904472959055838,0.002114826337046072,0.0,0.0,0.032490943967157904,0.014878588376853852,0.01712544454021958,-0.07006432632227078,0.0,0.008299423685654839,0.004926206744278572,0.00438516653996035,0.000122516110915738,0.0012566418536961166,0.054944991693295364,-0.0034646847288524185,-0.03792134624526222
2019-01-24,0.008050382836371828,0.002455001243067745,0.0,-0.002927212643696997,-0.010416656965389626,0.004865967862615284,0.024038462420187034,-0.005509702125222393,0.00809169663152165,-0.012899608824414432,-0.011811012535560939,0.01724135674228333,-0.036536416288897366,0.004197941412095174,0.00971918239297298,-0.0018374877130358236,-0.007986516857679926,-0.018654815016502124,0.0,-0.012399491868008927,0.0,-0.015410054236093207,-0.083230547777145,0.05947949591400192,0.007132839075400188,0.0843881824428343,0.0018331396775377318,0.001920012485514322,0.00029418140495662826,-0.0009616330312312016,0.03771427699497765,-0.004321304372612689,-0.007669799088326434,0.020000012715657656,-0.002659533994128216,-0.0022421162601483635,0.05104414615999486,0.006600734444868417,-0.02439025903112113,-0.00633109691352185,-0.01752190004383436,-0.14640198090235768,0.1111111459963181,-0.14687500675208853,-0.02777783296726144,-0.011031816154361107,0.0,-0.004822460577674104,-0.03956282949054235,0.0032620569804326927,0.029239770611182214,0.00858412741100345,0.0047045540623151805,-0.014598526172921567,0.0052892861411737435,0.024999940482391514,-0.002222276025705794,-0.003150272725926606,-0.011108296176480126,0.009145581697787453,0.0380953170274696,0.007313954994522698,0.01354521047826851,-0.025440139574444465,0.012963697849029954,0.0,0.001430705256734166,0.0,-0.016203706599448364,0.013177359957436074,0.01683198423273713,0.0084033529263976,0.001443826317862662,0.014705758114201828,-0.005650172719149138,0.0023912252969873204,-0.015573301123538164,0.0,-0.0024656426668289155,0.04379564889219578
2019-01-25,0.0010416429431023833,0.012319077057431072,0.0,-0.010947093752134984,0.01052630588288439,-0.009685029093837616,0.002347471652589528,-0.0110803221649306,-0.007023370169308318,0.011716267472865471,0.011952179881974168,0.01694913073284665,0.01075026573174842,-0.0021646797906222925,0.007533010920066641,0.03293102703814621,-0.0020395733758401535,-0.013824860375137749,-0.018817186210869363,0.03189686311365647,0.0,-0.006707598433692508,0.0416946799146376,-0.010526306103030625,0.009093301482485217,-0.02723733809075546,0.007106856659631955,-0.01128618073218668,0.029411546406328704,0.0,0.05616742656025009,-0.005025011557749481,0.014492494903206143,0.05751634663206184,0.032000020345052116,0.0,-0.022627027360451746,0.009912323620128616,-0.025000015894571903,-0.02979172509354855,0.018471288975077327,0.06177311260172269,0.0,0.11355309179988549,0.014285700905079413,-0.007204506209140593,0.0,0.0031998804518935664,0.008130206901212134,0.008851117383801288,-0.026988659238199042,0.0,0.007866678936954807,0.0,-0.011001310118621599,0.02439026734370242,0.00981766275615703,0.011060261369122637,-0.0013701079908695624,-0.007870304681366291,-0.0275230180553947,-0.013861528406577062,0.014135196007752926,0.03629893999780154,-0.0029762032590512355,0.02564102564102555,-0.0028571849242902125,0.020979085104515294,0.014901927873200105,0.015173243949351267,0.021775535826093373,0.012499987582366145,0.00028833392821270287,0.009661911659305522,0.009384326466934656,0.015170188566973941,-0.00023169678561807405,-0.015624957863989097,0.005703479042773019,-0.013986000461365
2019-01-28,-0.0031217467310158398,-0.00667107128133293,0.0,-0.034310765672564525,0.031250032984341924,0.002444991926809026,-0.0028102793850279806,-0.0028011178292021155,0.0,-0.02007298592088158,0.051181148186348,-0.003333329115613237,0.004781357811519005,-0.017656996386467116,-0.01100729044056492,-0.000197926199360432,-0.005270480738842176,0.010806176070208506,0.016438340058043455,0.005919115622458726,0.0017854096195664138,-0.001125518134409198,0.04260812505902756,-0.07446810039654417,-0.005372175088021347,-0.060000022674888576,0.0002096298419347331,-0.006030626882615353,-0.028285887267499366,-0.015976648747186073,-0.002085553435395404,0.012167135249737004,0.11238078950711206,0.0,0.020671814503596897,0.0,0.02540941762859794,-0.0005286805437481057,0.05128208472230833,-0.0006474598322764313,-0.005628482715472893,-0.017111670982997373,0.0,0.042763196076383014,-0.014084494035883521,0.009363360611623683,0.0,-0.00524015727458893,0.0,-0.005192428088685697,0.00875924161899988,0.004254543966228264,-0.001486746497174396,0.051851801486336724,-0.005964857807354451,0.02380946796377148,-0.022222092012686656,-0.0055405337669819366,-0.0048466837101964755,-0.01394253562056913,0.04716988134401512,-0.007697449874503159,-0.002787659287147526,-0.002831796689212296,0.0005969000100778388,-0.025000000000000022,-0.004297988733640623,-0.0034246541787590346,0.004636817740524268,0.00035618647500945677,-0.012632570850002911,0.0,-0.006198667984127493,-0.02153109380999496,-0.008614769518624499,0.0012051248877209542,0.009447453220754243,0.015872972388739415,-0.0027725309213452176,0.0028368766504145437
2019-01-29,0.0017397890338295419,-0.011070361292686015,0.0,0.0008334445052469164,0.020202000741265103,0.012195142608820042,-0.0018788592675996751,-0.002808986130333757,0.0,0.013545047387737652,-0.041198550700825565,0.0,-0.00781762389518359,-0.009672315065995973,-0.02015951009183581,-0.0021786527173262016,-0.020382929233266234,-0.003467251226432988,0.02695415191491879,-0.017979706908043847,0.0008915090569414641,-0.00957746908698287,-0.04334364246436062,-0.0191570706229659,-0.009931173277778371,-0.017021188411991295,0.0011175885320826584,0.0010833811684103356,0.01587785642656958,-0.020540159730676355,-0.012539173394538583,-0.01179416348551865,-0.053081982278364026,0.0,0.0,0.0,-0.0022025885746035367,-0.009366768479912357,-0.0731707770933635,0.0009253230340646734,-0.04402518929722532,-0.01183824793504007,0.0,-0.09779185291394132,0.014285700905079413,0.007189366404266595,0.0,-0.021988258910708214,0.061827875489838924,-0.0014399177299723176,0.011577271355637464,0.02542401277212214,0.003815407273427107,-0.007042247017941761,0.00875766590802729,0.023255913406654116,0.006249855103238167,-0.003857011548038858,0.0016544036861148026,-0.01657743126533373,0.009009000301245074,0.004047259633930711,0.015501910927384843,0.002092603407394922,0.0035799159150289306,0.012820512820512775,-0.0014388008620747073,0.006872845476499245,0.0,0.0035570600685914666,-0.015431212427709284,-0.1275720875233599,0.0026110425372092294,0.026894896578770977,0.0,-0.010532011261589425,0.020957748565382017,-0.015624957863989097,0.003918147492936841,0.011315406190047561
2019-01-30,0.01597773080690157,0.04037331674676037,-0.004999998817771578,-0.037738884149832064,0.009900980750178201,-0.0024095698252821762,0.0,0.0,-0.006399397867040912,-0.01979199180018032,-0.03906246362021115,-0.056856212766846714,0.013947638686881758,-0.004614255529455269,0.013501729467754409,-0.003573134570366565,-0.004525556608675041,0.011597623921715039,0.013123347261734475,-0.00033289708978223587,0.010685508286720768,0.0011376824715854106,-0.007766982979968695,0.01953123181010552,0.016805948148447047,0.09090903006631135,0.013676727278168155,0.009740396424146258,0.041968105674459855,0.013580963528738277,0.004232800281520621,-0.003672112584841569,0.06238700005129161,-0.022249728279448933,0.0,0.0,0.013245019867687668,0.01464080956232916,0.017543927160695638,-0.0025887613583525093,0.006578941176802688,0.029598216918233167,0.0,-0.03496500290228777,0.0,0.008749719487620045,-0.014480186643957227,-0.015362778493240858,0.0,0.013338170233823554,-0.014306040943132703,-0.02066099970771096,0.007230914614226203,-0.0070921919858044635,0.012540222486292718,0.0,0.008469989682760692,0.020220712580810485,0.016697144035053624,0.028508045171658836,-0.07142860944173757,0.0050384205308249275,-0.0002502097745084031,0.016557342757224536,0.0,0.012658227848101333,0.0014408739928177816,0.023890761654579373,0.01153843219463635,-0.0024815205278095886,0.017756184494369665,0.014151043126324536,0.010271947819366467,0.019047535382820335,0.010926594738888795,0.023356182318669427,-0.0015184340168723498,-0.02116398442149303,0.013658837109383093,-0.0013986333913919013
2019-01-31,0.0034188398752690308,0.003084368241758506,0.005025124434000716,0.012171600206536182,0.01960782480441492,0.0,0.0,-0.008450696279642567,0.0,0.018056529287605372,0.028455256974518672,0.05886525792049557,-0.039457504877716154,-0.0035620801955382753,0.024529560895563574,-0.004382194905756309,0.010589404843171613,0.015477244542504431,-0.00518134234975598,0.002997008009657298,0.006167522133383452,0.005113644922567717,-0.04370515848847911,0.01915716197108419,-0.00475939281743587,-0.06349203914690227,0.007641030798131387,0.02379405441000415,0.010355273425177947,-0.012216859836228888,0.0,0.00483747516337929,-0.018723539859711313,-0.006321076468043585,0.0,0.033707799165311636,-0.02015255048656084,0.0036826759631647388,0.11206889606117731,0.032539179741172264,-0.01960782480441492,0.016427311952123436,-0.044444472701461235,-0.028985479703797723,-0.014084494035883521,0.055923093438514204,-0.001728890279212747,0.021643878558952556,0.005063334510040152,0.018143017353547286,0.0029027963433054804,0.016877670523498534,0.011964983010641195,-0.007142850452539706,0.014766693131801789,-0.04545458616194342,-0.011758225075882311,0.003117174176037185,0.01669351545225206,-0.006025612017670046,0.048076993614966756,0.026069571470560993,0.025782180770431262,-0.00014708369127169885,-0.009512540552071735,-0.012499999999999956,-0.007194212199531758,-0.009999990463256836,0.0,-0.0007103265313508356,0.028752481691125986,0.0,-0.011742741737493234,-0.009345867538315455,-0.0007658578882173694,0.006062447351877109,0.023712846408934674,0.02162158327305197,0.010866740424154031,-0.00980387901024904
2019-02-01,0.013287874957619517,0.012728899273342087,0.0,-0.00021367501929792088,-0.03846150319251662,-0.004854484357002753,0.0070588055778952885,-0.014204531985004043,-0.0033899382039855874,-0.008598463442038629,0.0,0.0,0.04881670199908461,-0.01204533164132493,0.029308549748269463,0.007802944009676738,0.006363657744172135,-0.01185434620811232,-0.002604164241347462,-0.001328051607330627,0.0,-0.010740561239205082,0.08458388704124431,0.02255636873816247,0.002956232776066603,0.07627116886054863,0.03846148807550964,-0.006281089733748857,0.011080395394460485,0.016158063831933855,-0.016859836804111628,-0.04653808696801953,-0.057241961760279625,-0.013994927690315517,-0.005063310454163417,0.015217088006657775,-0.004446910768419743,0.011006745556955577,0.02325582942684168,0.0032321456840604945,-0.006666660308837891,0.017508340180978132,0.0,-0.03358214565150763,-0.014285700905079524,-0.014915724516878837,0.0,-0.0053546472120510336,0.007556687813340401,0.012403896989048313,-0.011577654688684547,-0.002489783941245327,0.0039108714607623,0.021582713452168223,-0.01314342535604518,0.0,0.006232271191801475,0.015254033012678692,-0.004259819343206517,0.06086322081459006,-0.0275230180553947,-0.009771800305387268,0.0061005839945964535,-0.0004402084595857003,0.0,0.012658227848101333,0.004347750522459393,0.0,0.0,0.009601484296091423,-0.005684567372503113,0.0,-0.006085975633623009,-0.01650939264538087,0.011583291678474161,0.007384608613743016,-0.00803284897788692,-0.010582024065507123,0.020394392827921992,-0.011315473635188589
2019-02-04,0.008069958026452051,0.01419311419510727,0.0,-0.004757762160418899,0.1499999761581421,0.009756257375570954,0.03504672959669475,0.06051874248285816,0.0,0.009549435275870488,-0.09090909947605397,0.004688560239628492,0.022158341668493176,0.015967949281430638,-0.012832907597236765,0.001389812767535581,-0.01035712151479451,0.0,0.015665843966926607,0.02426860186462343,0.015761636231949927,-0.0005714416503905806,0.06289308326992504,-0.029411736347271344,0.010143027173145525,-0.00393696194439197,0.002039414146949081,-0.0025286477809493,0.006849328098129659,0.0009815780771371685,0.02143620695611892,-0.0012023396499102335,0.0993562322806516,-0.04903227283108624,-0.00763356852123398,-0.014988999088398014,0.005025134190656866,0.004370038668407128,0.03787878842612158,0.009217771172729927,0.03355701476259032,-0.010589073735652876,-0.04651158492543972,0.0,0.04347830593924007,0.011850229067375873,0.0,0.01315408783060179,0.024999905160470126,0.0039689307887536,0.021962113558490426,0.000832519622071759,0.008878450637062718,0.014084577986089863,0.005390757060967033,0.0,-0.010135348125831611,0.008207963758704029,0.008022024329404465,-0.021028265085122566,0.01886802001456611,0.001973631522921515,0.006548597737852546,-0.007781244987466129,0.0060024936837614895,-0.025000000000000022,0.0028860456067203444,-0.0067340002470883675,-0.023574104557809172,0.00774939638523775,0.012863326753419502,0.0,-0.0052488829790624525,0.004796084338716922,0.004883343032987764,0.016244372906764726,0.005380211140063151,-0.005347536078708304,-0.004514856434387315,-0.005722455388096348
2019-02-05,0.010006643753633915,0.011557072996682738,0.0,0.011440466281484873,0.0,-0.0024157703158574906,0.0,-0.02445656275957575,0.0,0.00874063174226336,0.01739128812274293,0.0,-0.00928057618787903,0.01997512920499056,0.00020273816170712777,0.01903254609773941,-0.015203715598788525,-0.0014285288254979323,-0.0077121359895410135,-0.0006490928517264294,-0.00689631150343839,0.010291612780522819,-0.0775147630480425,0.022727250149756628,0.008496442856900543,0.0,0.004201686442854458,-0.0010562922387828966,0.01768728369061856,-0.004706797397944773,0.009443877765968223,0.015166050194425962,-0.028451631302719327,-0.02985071826428687,0.0,0.013043383968819544,-0.001666704813639286,0.0013269906097752582,0.029197122465218994,-0.00487743010294639,0.0,-0.006020105845345625,0.09756095858998859,-0.00772200061362871,-0.06944445824181533,-0.00281948502595597,0.00865810823051505,0.01021135308436194,0.0,-0.009797175865148833,0.018624549081974973,-0.002493984564112761,0.008530863353406692,-0.048611145604538386,0.0022078168779204876,-0.04761901411159619,0.02389094878952691,0.017524501804071058,-0.001680183312136374,0.003968911294537358,-0.01851861050099135,-0.00032809619176510374,-0.009638583189296446,0.026042994460568458,0.0,0.0,0.0,0.013559308883548837,0.0,-0.016078436723264034,0.009313243982575381,0.18139527869134597,0.015682517355562364,-0.0023864799889418142,0.0048597456497454505,0.002827728150124331,0.006013465041948551,0.048387091553460326,0.006954156761745489,-0.007194203635955465
2019-02-06,-0.00033022139141714035,0.0017208069967913353,0.0,0.013010272795621391,-0.05565218418892948,0.002421620394522872,0.006771991923863796,0.044568270099168084,0.0,-0.011127926967183455,0.047008605790250124,-0.04999993673419789,0.00837396183635053,0.007666536307697536,-0.00995149804648321,-0.03696494966083386,-0.005705364205171093,-0.022024856273018756,0.010362746465985007,0.009743398120825031,0.0329860448723267,0.009620830535366887,-0.11096860031931877,0.018518500530834592,-0.0056165743350444775,-0.05138330662264767,0.0033996432249439046,0.000634705717295514,0.002673562595425727,0.02009848845442508,-0.011434475882101669,-0.07517187621482746,0.0077516864323947665,0.022377600738183956,0.028205089080028056,-0.012875444601118002,0.009460216070660055,-0.02754246942620353,-0.08510643478538471,0.01728763588468918,-0.0064935004616650804,-0.037011879651253854,0.0,0.003891046973934831,0.0,0.004784672697497827,0.0,0.0009148926741291419,0.014634172202494966,-0.00433952434215179,-0.009845234461099861,-0.004167095978440671,-0.007390207636921553,0.05109492861930498,-0.0006295312014650278,-0.025000022575644598,-0.011111193971724664,-0.0005421338959287203,0.0013285126673654446,0.0,0.01886802001456611,-0.006568381558049952,-0.003892887134333889,-0.0018845232090979325,0.0,0.02564102564102555,0.0,-0.0033444784051376297,0.0,0.013499158531262934,-0.13757108780203542,-0.08661418579303093,0.0004328129114181678,0.0,-0.002418154650474791,0.0006329302278123006,-0.014587021595425576,-0.02564105730729538,-0.0009008825436868095,-0.004347856433870367
2019-02-07,0.0033036360605045445,0.0009620013713869113,0.0,-0.03423112885007629,-0.033149184612824456,-0.009661992490076932,0.0,0.007999992370605558,0.0,-0.073550534048475,-0.032653126762290374,0.0,-0.005067100657536794,-0.010470569028682042,0.0,-0.010100834887220689,-0.002981540219077927,0.00029258598845038897,0.02051280044866699,-0.001286616768447102,0.0,-0.0067265043838012906,0.06421359057494525,0.014545440673828125,-0.013008101522594684,-0.041666818763037794,0.017396099607166482,0.01711729926863348,-0.00666667945151167,-0.01931611005067213,-0.01682437892337696,0.009743532921992815,-0.011965920155313059,-0.024623779719234906,0.004987550387776762,0.015217088006657775,-0.0022050170630951715,-0.002044431635819133,-0.04651158492543972,-0.007007582493205544,-0.01960782480441492,-0.010482500781945348,0.0,-0.019379827052266485,0.04477607558580465,0.0064934052336802495,0.0,0.007631025622276466,0.0,0.0012203572886919645,-0.0127841492712929,-0.016735873142674218,0.0024219289104427943,0.0,0.017950097077296112,0.0,-0.007865042313879744,0.000813862420337319,0.0003540280811102914,-0.009534795772715432,0.009259250061012025,0.012892439247625731,-0.0048852123987144225,0.004212006981205718,0.007189773182189718,0.0,0.007194281495917609,-0.057047005102637605,0.0,-0.004206077396005314,0.04171620729789982,-0.004310340840949611,-0.0012984024829996166,0.011961757497526815,0.005098507605292735,-0.004830630520584633,-0.013300969532690998,0.0105262657572045,-0.021579492113209087,0.011644821694133833
2019-02-08,-0.0019757208385843272,0.007756638150388628,0.0,0.009607187908571957,0.01904771528006588,0.009756257375570954,-0.04260084699967204,-0.029100501568359083,0.0,0.020697644878917787,0.10548523716110858,0.0,0.004126190748249048,-0.01956486572745597,-0.0016408119274944344,-0.0046939811805094545,0.0054730598261372165,0.002631455774595226,0.020100483246901613,0.016425128547929546,0.0,0.012415419256665672,-0.0054237236410884515,-0.028673808171997717,0.09745944407626772,0.0347827635894169,0.016523019624567592,-0.008518729764128485,0.01342297785065516,0.008863387992514626,0.01176466868335635,-0.015997911694510702,-0.02941175736069679,0.051893391251101706,0.004962798181780803,0.0,0.0022098899080500445,0.006753389708408886,0.016260146842582035,0.020553917918828102,0.019999980926513672,0.0,0.0,0.02766795811635747,-0.028571401810159047,0.008602209725703247,0.0,0.0007256776486623817,0.009615269914601932,0.00800973501703428,0.02733823050873352,0.0,0.008143209504334559,0.0,0.0055685008545494075,-0.05128209877847767,-0.005662646626732326,0.006778895481002856,-0.0006191422123703605,-0.010096289114360668,0.009174302896359121,0.006201339300213826,0.017673078380731733,0.008822569252094015,-0.002676910410676303,0.0,0.002857116122880976,-0.021352293238907083,0.012461047158154548,0.002816009263574726,0.007780890183100686,-0.025974001846660322,-0.003610502320070763,0.007092310909391886,0.014386810035118991,0.00023116778600851262,-0.0006770229238305392,0.0,0.03102553763151028,-0.002877695176315198
2019-02-11,0.000659855287137745,0.004768276802331606,0.0,-0.0011288446759751825,-0.018691681453631315,-0.0024157703158574906,0.023419203328631566,0.043596687761838115,0.0,0.005553440045431568,-0.09160297007682905,0.0,0.023763109007956196,0.01933383772770836,0.00123291424052141,0.017018490958786936,-0.004938070078346901,-0.003791271262103879,0.0073892143426512735,0.014892247189727925,0.0,0.016722365001663242,0.09747786623986432,0.0332102999639996,0.02022600295615673,0.02941174241616351,-0.00302422620895737,0.0016765809095697914,0.0,0.0019521636480432925,0.027484167847082297,-0.00025784004917739356,0.00713041051771568,0.0013333638509114287,0.07160497594762738,-0.014988999088398014,0.006615261481313972,-0.009346419604548406,-0.008000030517578138,0.009508059999436158,0.039215727523399746,0.040254399636139304,-0.0777777919062862,0.019230843295715117,-0.014705868173635728,0.011727039628062652,0.0,0.013096412097122423,0.0,0.0019001660305981716,-0.043417538722095306,0.004254543966228264,-0.006302207445302854,-0.048611145604538386,-0.0004616241852015701,-0.02702696466253507,0.023917915081709484,-0.0028279756214559804,-0.0004421726551516736,0.002134352240558357,-0.018181800448205276,-0.0019464644812562382,0.0021707564062518614,0.0034410047622472906,-0.004473449196485735,0.02499999999999991,0.007122543575231566,0.021818161010742188,-0.015384600712702867,0.0038609269714007244,-0.03808932439252688,-0.008888880411783817,0.01637934780443917,-0.042253615827154145,0.0009015972413231044,-0.01479007408731392,-0.007449819760734333,0.0,0.013108969522952929,-0.015872966724678417
2019-02-12,0.016485371863769638,0.013490709852837401,-0.012500292601543395,0.014209671029299153,0.04761911790117157,0.004842804225066111,0.0,-0.06266318911685775,0.0034014689736088233,0.008079015362899788,0.01260502938959629,0.0,-0.0029358444183748,0.00784602894278863,0.0026677234831291585,0.011693568518186703,0.00907974818072188,0.011709732255356098,0.01222486846756432,0.0543241256565854,0.0,-0.0005482581692610733,0.055900596099744515,0.007142850452539706,-0.00286540975749483,-0.012244858895638422,0.010742593611992035,0.002510447504823654,-0.01986771628798134,0.007794286163312458,-0.010288104806842169,0.030717448603359232,0.008849462564070931,0.019973317437915306,-0.04377883546261996,-0.002174051960375345,-0.020262915366680456,0.009738983995160044,0.03225811165403902,-0.00676416273405589,0.02830185920753414,0.050237644851379715,0.0,0.015094324684347349,-0.014925358528601551,0.002107260254232912,0.004291894428779086,0.010580516556272013,-0.011904816540524776,0.015344817062904026,0.014641641732871413,0.0,0.010004491086318179,0.04379557851876448,0.00923380900597981,0.055555606230403676,-0.008342444315564745,0.010533152153946235,0.007258580111447088,0.005681009436744322,-0.01851861050099135,0.0006500868647441038,0.005776145145926392,-0.0034292048520206952,0.009287037091396888,0.012195121951219523,-0.009900999541414768,-0.024911008778724986,0.030468701862265135,0.0,-0.044841634545479514,-0.00448430061781413,0.012549678889464122,0.03431375290437799,0.013187083198098914,0.02204889832680057,0.003753012092729602,-0.06249995688408194,0.007175747066098026,0.014662742245680649
2019-02-13,0.03665257808764566,0.006421288817258564,-0.0025314661421043105,0.002919005745471992,-0.027272700672307915,0.00481931968202165,0.0,0.07242339740373449,-0.0033899382039855874,0.006605565906524946,0.0,0.0,0.011593956071844103,-0.00022673844969256507,-0.0022516279910349546,0.014348559443505327,0.00821571859941228,0.0028932219892336963,-0.045893677519165954,0.0002960711103840996,0.00369732884015872,-0.035106933939611396,0.11705881006577434,-0.0035460959929022318,0.00411617584581947,-0.024793521303328903,0.01669253372162971,-0.00041728882528346833,0.013513539778946315,-0.0023199239850848485,0.006237049930402527,0.007262725324761465,-0.02631607936836544,0.016971294651505486,-0.0024096017860504304,0.002178788760351047,0.008943535655159929,0.006179045372772585,0.023437514551915006,0.0007757914134167709,-0.07033639768044242,-0.009049815986697851,0.024096401231396447,-0.0037174684946251757,0.0,0.0012619797497892549,-0.004273552791362878,0.01251047804430061,0.01204824873130561,0.007131974664554175,0.011543857991465956,0.0,-0.01247011618042293,0.006993083943600098,-0.007929552165983678,0.0789472638146953,-0.007290930740131429,0.005613118444839804,0.0029000995492225456,0.009178310152930136,0.02830197379104904,-0.0029230935718923545,-0.001675108857857599,0.010896388451879568,0.006826957008442269,0.012048192771084265,0.0,0.05109492861930498,0.003790765149775055,0.010896216521780078,0.03238094554227944,-0.009009000301245074,0.005633911636937272,0.01658763301696875,0.0017785736756770198,-5.7314550998777136e-05,-0.013596272269422283,0.027777813083470715,-0.0015764063187042598,-0.010115631631447353
2019-02-14,-0.02628282018350281,-0.015352918117652381,0.0,-0.004532741710780996,-0.04672903651825999,0.0023978864297571345,0.018306618377430306,-0.020779201477328257,0.006849441089516128,0.009858751091354145,0.06638997581485984,0.0,-0.006662859979036373,0.005669686491494463,0.001231117111737401,0.005893732017211217,-0.01663023264747099,-0.006058851844266799,0.04050635035422667,0.011841371827522318,0.0,-0.0005685178394023715,-0.04686674040944616,0.007117431079635805,0.0006187782133890707,-0.042372823063924536,-0.002152058965665282,-0.0008352115006854399,-0.013066530371402152,0.007558029287678902,-0.012396682001644121,-0.010593761134331192,-0.010810595009916435,-0.06931963600736346,-0.033816460731378783,0.0,0.0016620879730515625,-0.00868721323760624,0.02290070445226111,0.0065467200647324475,-0.04605258823761926,0.022831086392370192,0.0,0.05223875485010554,-0.030303090509739783,-0.006090941072718015,0.0,-0.006440826987809567,0.011904718893629429,-0.011465187817075395,0.009985678928375652,0.0,0.04119647432612483,-0.048611145604538386,-0.0010757138850143733,-0.02439018725271913,-0.00847477367168381,-0.001063497225301302,-0.013407101985028702,-0.005363872597619945,-0.018348605792718242,0.0022800939735607706,0.0023969956991958252,0.004680225705052665,-0.003537752578657738,0.011904761904761862,0.0,0.024305531410156345,-0.021148016451026264,-0.008692504022498104,0.012372470123724666,0.0,-0.005322074355236461,-0.002331076982688529,-0.0006455296763925311,0.004762502795238044,-0.010108367384916939,0.0,-0.01444721947847083,0.03503653303600962
2019-02-15,0.012210797867907353,0.010259896842026217,0.007614272295691116,0.008892026370663997,-0.03921564960882995,-0.0071768823167719376,0.022471910112359605,-0.018567621643752585,0.0,0.02513012804300563,-0.015564187895738879,0.049122741590310603,0.010233050560308543,0.018943008601268074,-0.0004098677753473501,-0.009960768806132725,-0.011273507070797106,0.009869657302101764,0.014598525749495828,0.024868299196368904,0.0,0.009101242781938579,-0.01381215440503214,-0.0035335656299810836,-0.0030146046561659867,-0.004424840812332853,0.018611115080132024,0.008357811045135,0.00513391490141224,-0.013848987037704097,0.016736384977954266,0.01641415422426018,-0.023919233722116462,-0.03448275862068961,0.060000038146972745,-0.010869679930981424,-0.006637214587377094,0.010727761144610382,-0.022388003403051693,0.013607032669343377,-0.02068971697413624,0.012755052035676284,0.0,0.021276660503010802,0.0,0.017751503910346633,0.0,0.01212717036064781,-0.011764663877292247,0.0015350528901292293,-0.0014124108834654425,-0.004236519507718861,-0.015482565101354595,0.0,0.008462750311662548,-0.025000022575644598,0.01766406265792453,0.008115035812818139,0.02948737282342062,0.011019945985990542,0.0,0.005525124720302088,0.009564830276435066,-0.0018353536707385043,0.011834289793799524,0.05882352941176472,0.057142872868893635,-0.0033898272208872093,-0.01080249559495916,0.002455388848436657,0.00021445403862263568,-0.022727250560256596,0.018726999620906293,0.007009230510263587,0.012435294948034414,0.0016560085289714088,0.00632417541347996,0.0,0.006290917073111801,0.015514760833551744
2019-02-19,0.018095207651374956,0.004276115494253219,0.002518950795708186,-0.007274030637441031,-0.08061223943647577,0.012048226795058348,0.010109869988410125,0.0027027000903734333,-0.0034015565751009946,0.0003905575291240915,-0.011857696335581758,0.0,0.008361853588241042,-0.0044263769698466016,0.03053898161270241,0.011836671896214623,-0.006271539409306803,0.006323681253006752,-0.004796158407816775,0.0071367401858932755,0.0,-0.006200710922818042,-0.03137251842995614,-0.03546095992902232,0.006047439952971967,-0.01333329210626455,0.01119218531958821,0.005282346929054604,-0.025000234982783587,0.0025359502709703108,0.017489719302848483,0.0009937895829352783,-0.0075400403652944314,0.017142840794154512,-0.04009435617359247,-0.010989128237645196,-0.0016703107364193226,-0.007100916965924853,0.02290070445226111,0.00954089694493021,0.028169072021973385,0.006926935658558175,0.0,0.0034722187728795095,0.0,-0.00124608779906199,0.008583897447135058,0.01320216052501455,0.0,-0.008344715059270702,-0.005657559506731413,-0.0008513302122361566,-0.004630427953312588,0.029197052345843133,0.007323503987000546,0.0,0.006158692493961171,-0.008577251750664594,0.00017268703136674723,0.008580512091970638,0.01869157004308586,0.005494478275487769,0.013974388835117146,-0.007212704232285483,0.0,0.0,-0.013513517031481848,0.05782307298187184,0.01404058576135947,0.04688589571507107,-0.000321612086923051,0.05581389778430412,0.013683597479994924,0.0,-0.007576887192897841,0.0015964066108713482,0.01781516999632693,0.06486487999319968,0.00684104520667006,0.0486111653807737
2019-02-20,0.007171794323959313,0.0016631589282742887,-0.007537983693326811,-0.00026730063994562236,0.03218644120719705,-0.0023810448822559893,0.005221968739069993,-0.0053908303829838244,0.006826131811624059,0.006486497483811915,-0.039999961853027344,-0.030100296234345292,-0.008517255722388706,-0.004964428589481651,-0.005569073858988083,-0.01520766532037432,0.00740106411354291,0.004855619499920083,0.00722885115223959,-0.006802660773060132,0.0,0.013613255240583877,0.007518748055695967,0.025735269303862385,0.014180114631422436,0.0,0.0034100456268568724,-0.00041548317021899983,-0.007444105962039815,-0.005252941209326734,0.022244621407220277,-0.007942533146578223,-0.020892659334992403,-0.016853916782002765,0.03931200108423627,0.022222461959519713,-0.020635852366750473,-7.5179181211249e-05,0.10447765761639194,-0.008279810092991169,-0.03424662343778684,-0.03439648493426972,0.0,0.003460204186943594,0.0,-0.0022868018479360597,0.0,0.004429508106312596,0.03571435197467898,0.008071461864982865,0.00853481280035795,-0.011925199577710655,0.003949766936161003,0.014184383971608927,0.002575331676063719,0.3076923400762348,-0.0089036537444801,0.0025290216152344946,-0.0008625537906151726,-0.006207926551847653,-0.018348605792718242,0.001285821073656379,0.019621598768021498,0.0027068237146141705,0.0,0.011111111111111072,-0.006849349862975362,0.04823154354569836,-0.019230769230769273,-0.003676542901760338,-0.04931916628800537,-0.008810564358837869,0.002181604874043952,0.0,-0.012858639012161888,0.0018782551099394418,0.011725071884092442,0.0,0.002108897263387366,-0.02251656582771544
2019-02-21,-0.0003095697799782027,0.0027895428929536337,0.0025318851599098746,-0.007596861896833951,0.0,0.007159968208519052,0.00432902077135644,0.008130073421291018,0.0,-0.04174122831338478,0.06249993791183073,-0.033103384807528835,-0.00704915309034837,-0.0035748883296626843,-0.018599643795846776,0.01306645734037648,0.005125738222580223,0.0073903088886970725,0.01913885259057757,-0.042522877840637574,-0.0036837089567940406,-0.0005596098719750087,-0.018369672412326343,-0.01792113010749863,-0.002279658342278723,0.0,-0.00047680678535455545,0.00747955007666401,0.00277760365470181,0.01016994037419261,-0.002967332738866846,0.008756685621664984,-0.005819389292270993,0.028571401323590928,-0.030732843038010493,0.0,-0.003986315316238054,-0.009034044741720093,-0.0675675666967912,0.00969827922419686,-0.0070921919858044635,0.0006477119361556483,0.0,0.01379308984055716,0.03125006402842834,0.008751836450621608,0.0,0.006807306547582659,0.057471335890388886,0.0030664446820489744,-0.009873079513281535,0.0,0.004896006307357537,0.0,0.008913668050579249,-0.05882358243624186,-0.003930313016935916,0.00039817885565485156,0.002330930196934755,-0.0011569757804796854,0.0,0.008346533607805018,-0.10034364094401238,0.004403873481333642,0.005848066031008736,0.0219780219780219,0.006896587000200238,0.01226992698467555,0.014117670994178821,0.013418073382114093,-0.012180014135073414,0.0,-0.011790511721152863,0.0023202603593672766,0.013840258813528683,-5.675446819009e-05,5.615447889173453e-05,-0.015228445011877034,-0.004033457198225343,-0.024390284875953183
2019-02-22,0.00030966564310319633,0.014571601434515857,0.0,0.010781913588078229,0.029032268608521816,-0.004739307131882864,0.004310278915198751,0.0,0.0,0.01295255774389803,0.0,0.03423673667627769,0.00789815120231574,0.007922230049723478,0.03566342387088706,0.010943931725767131,0.008895294289498423,-0.07364541997446461,-0.05399061190516807,0.04858423562390657,0.0,0.026315750128366844,0.08187132089466909,0.02189778925938235,0.020487451476645102,0.04054052956121157,0.056016112047199584,0.005155621177456826,0.0,0.027299441008152847,0.00595242262607476,-0.0009922832512070379,0.024389863058579042,0.012500021523900173,0.0,0.010869216034265161,-0.015437419170784228,0.007064944302793474,-0.02173914395568488,-0.005262091344246045,0.007142850452539706,-0.009061531105234333,0.0,0.003401357234227742,0.030303000199675578,-0.014253096428466727,0.0,0.016201826473779546,0.02695653848492463,-0.0074728674154953545,0.1296295779219383,0.0008622744824315909,0.01009218729837924,0.04895108742634546,0.009434153279410884,-0.041666638162063285,0.011837824311171863,0.0071664615465185655,0.00568479566990332,0.024785617956262662,0.01869157004308586,0.00827765779207823,0.010185863067098788,0.008486543858386764,0.0,-0.010752688172043001,0.0,0.015151500920837613,-0.009280733389545825,-0.00033076880394300456,-0.005936712693313084,0.0,0.010620825404969114,-0.004629553669940556,0.004015101952538513,0.015852361443460916,0.009181308944121502,-0.005154707641492506,0.004108058012684657,0.05138894058304211
2019-02-25,-0.0012384033204262401,-0.004504600253550595,0.0,0.012320023333445729,-0.07628005487862455,0.0023812595261649694,-0.012875504158102014,0.008064508376086854,0.0,0.006608749585968132,0.06274513287161154,0.0,-0.01494769664308726,0.004374735317985046,-0.013184041229769572,-0.023777254963815997,-0.003201005958200387,-0.0173620882595259,0.019851096660329803,0.01733941458385435,0.0,-0.002727727074121944,0.005405426025390625,-0.007142850452539706,-0.005896025916367176,0.0,0.01768197769337787,-0.006565382860832303,-0.016620283972956118,-0.014135449683918333,0.006903322727233929,-0.004965028978744956,0.0,-0.013717408114656493,-0.002438987173685181,0.0,0.00174220022310001,-0.0019611655187530275,-0.007407435664424145,-0.0110831786520732,0.0,-0.010450816861222734,-0.04705885344860605,-0.006779654441774419,-0.014705868173635728,-0.010687390544549369,0.0,0.010126746933140973,-0.005080535794636631,0.0017111959474389593,-0.01008827322579231,0.0034450924815276895,0.016451366814919544,0.05333336194356275,-0.002967262727312403,-0.04347822983241767,-0.005571160254008056,-0.0006586675095718864,-0.0059952788118504685,-0.013562375935599502,-0.009174302896359121,-0.009472645249494982,0.005545804804425902,-0.0035061796664372924,0.020348752751304877,0.08695652173913038,0.0,0.020895574225114677,-0.004683873352948287,-0.009271459287280459,0.002526716681683805,0.0,-0.012965831617261503,-0.0465117644389037,0.0015997203043298658,-0.003971215510132353,-0.0017747812270916263,-0.005181353938712441,0.0021043370581170784,-0.04227214853433048
2019-02-26,0.003719878771757834,0.0025576548672205934,0.005050563854342105,0.001422399439345634,-0.004524896030688064,0.007125522995529154,0.0,0.018666648864746005,0.0,0.0004274585506387485,0.007380066658666529,0.0,0.010553171269890305,0.011074466328454324,-0.03469583622082928,0.023564114467663044,0.0034934046065075997,0.020148764878246794,0.0,-0.027940764862237066,0.0,-0.03336983519903258,0.049462368678792945,0.003597118908694741,-0.001426444787983594,-0.030303010022103782,0.025700702604123382,0.0028915347954210358,0.0,0.012999727751051404,-0.025465252488777068,-0.027445130942961415,-0.0019045368915899807,0.01390819246686159,-0.009779988042929788,-0.012903022258221042,-0.004057953323143071,0.0044594438447569384,-0.022388003403051693,-8.473101622252788e-05,-0.0070921919858044635,-0.0026400808853724866,0.0,-0.003412965950654212,-0.04477616454795885,0.004659729157330261,0.0,-0.0038940724380535086,-0.010638346143234112,0.0034164803520937426,-0.03821639501803731,0.0,-0.007372279729117359,-0.06962026032742863,0.0016369359335925981,0.06818172998245586,0.0,0.003164630574970184,-0.0007755183281833444,-0.008707301345516893,-0.009259250061012025,-0.0025503280141310203,-0.01679624527097978,0.0012668597640566048,-0.001994430359361643,0.030000000000000027,-0.006849349862975362,0.02339179003549785,0.0,0.015708498708437713,0.0005727508516315538,0.0,-0.004286315533594598,-0.03658524166881583,0.0009582609256597596,0.0011231915060965214,0.00533502991300816,-0.04166659611334611,-0.0062406786339546105,-0.006896578032394962
2019-02-27,-0.0006177337151405116,0.0006541032390436907,0.0,0.007049566747845182,0.034090944496560915,0.0,0.0,0.026178048376628515,0.0,0.0038765018929802775,-0.018315000720495744,0.01724135674228333,-0.0025026872035370795,-0.0037969375214775836,0.020037156513483145,-0.0034820297036654013,0.009825403700569835,0.10027322805046457,0.02189773061485889,0.031905736738746526,0.0,-0.006791218942573285,-0.026639367088582833,0.0215053561289984,0.012179613885280549,-0.004464348365031623,-0.012717760551063662,-0.005354001444882517,0.015493138481525337,-0.00018868303713037715,0.0,-0.016418689261694763,-0.02194642176334971,0.0,-0.012345679012345734,0.023965281641513902,-0.01629806063281336,-0.00037619142107536696,-0.015267233367592836,-0.009340381346684246,0.014285700905079413,-0.008603645031958207,0.0,-0.017123352543991444,-0.015624985448084439,-0.006325013479606567,0.0,0.016843447259807798,-0.01677396002497389,0.0,0.03841064528329152,0.0,0.0005121867757074128,0.020408143405366452,0.009506816319302613,-0.02127654668940593,0.007843010398181027,0.00578322507749629,-0.005173538350969786,0.006523544906358536,-0.009345896432088385,0.0022371717231093324,-0.008924015343612424,-0.013916335619469922,-0.0008563041883878908,-0.01941747572815533,0.004137925628540762,-0.04000002997262142,0.0007843316770066444,0.0032904767127741597,-0.031028156607524116,-0.026666641235351562,0.008054250310052247,0.01012653840594746,0.0033505431856315493,-0.002131626420598609,-0.005085690705514234,0.08695649897712832,0.0009389835316886419,-0.01527773049878356
2019-02-28,0.009579675230240614,0.00032666432233341425,-0.007537983693326811,-0.007000218242098177,0.020879113465428922,0.0,0.0,0.02295922215210222,-0.0003388224708343879,-0.0026756813634283283,0.0,0.0,0.003261621466756459,-0.01238745994336965,-0.013567954378530978,0.0015531911562502998,0.011397711837843438,-0.005246903907053402,0.0023810069847565174,-0.017270270758487194,0.0,-0.00512821404560726,0.014210550408614298,-0.01403507480404087,-0.002302588927806881,-0.004484252599916694,-0.02307736118283421,0.0060038644886366566,0.018030513939398585,-0.012457761994723926,-0.015075338834740326,-0.004173190635701096,0.0,-0.008230444868793874,-0.012499999999999956,0.021276479823002292,-0.011834252077232543,0.0014347734434163595,-0.04651158492543972,0.0013715151123692149,0.014084577986089863,-0.027369841594480637,0.1111111459963181,-0.0487804432292942,0.4285714015398434,0.0006367077896725082,-0.005957771912167398,-0.0025361132043295598,0.006124124756616389,0.08665304744881897,-0.012755471964220222,-0.002575012825154488,0.0041809343508809604,0.026666641235351562,0.008534267647931859,0.021739079223489277,-0.00778197627731958,0.006534022895532621,0.010468174778251793,0.012731387914165282,0.009434066238082961,0.0022321779577012535,-0.00797528400092351,0.0015681653988302013,0.0,0.01980198019801982,0.016483561192802032,-0.011904750923180218,0.0,0.0036077325890730982,0.031076509135846475,0.0091324111433575,-0.008127949433980652,0.0025062853331356827,0.005247774736852895,0.0007870728667509486,-0.005611729242132268,-0.07999998073424097,0.00867813571989573,-0.008462615160542808
2019-03-01,0.006121828494496384,0.005685155873458525,0.0,0.005681713838536551,0.0010764123830346861,0.0,0.010869565217391353,0.0024937036094550002,0.0,0.018566495401290295,0.014925358528601551,0.0,0.015845954287322384,0.000816242636470843,0.011291450942630732,0.00794728902714481,0.0037378062612209995,0.009161481145805617,-0.0023753512568226443,0.014455843363853749,0.0,-0.0017181432342429082,0.012454580457545994,-0.0035587155398179027,0.007817061760831523,0.0810811751896161,0.02766207068440485,-0.0010289880986334987,-0.017711172398582886,0.004587276843695198,-0.03673475544336369,-0.01152402072073433,0.02146331092220244,-0.0318118974366145,0.03797468354430378,0.020832999907529848,0.013772427049628666,0.008519676643981011,0.02439025903112113,-0.009843216398504828,0.006944437545759019,0.013040395391899162,0.0,-0.12454209223218304,-0.08888887269997259,0.0014842950144273725,0.0,-0.0032390448174415276,-0.005217489453308799,0.014256556581706326,0.016795989435883785,0.0,0.0032287980757512713,0.019480578793626746,0.007440803371838944,0.0,0.008403319214999483,0.005323495943770684,0.004669584290402096,0.010971447074325846,-0.009345896432088385,0.0038181186597183725,0.009854764755869772,0.008397071122711486,0.0,-0.058252427184465994,-0.0040541136836164116,0.021084389478587928,0.0,0.0032679741137922047,0.012147576583127817,0.013574647453366007,0.01375004257023793,-0.009999956914001129,0.0022143409562283,0.013817104909159772,-0.004302364866617947,-0.010869578732330076,0.003139197145156203,0.05974389572148198
2019-03-04,0.002129593755795245,-0.004158010373294219,0.0,-0.007219049840621716,-0.021505355669564907,0.0,0.0,-0.022388038456798376,0.0,-0.020472900966578722,0.04779407156431592,0.0,-0.008325316859864484,-0.011642674145903809,-0.017458726614094866,0.007692045938985315,-0.012541678642749021,-0.009628644451521118,-0.03333330305795679,-0.03045543796326078,0.0,-0.0017212097601971843,-0.013326510806337288,0.046428613091002324,0.011819503296358391,-0.06666673824142955,0.009937535247967144,-0.0018543380166341494,0.0,0.01141537995828723,-0.002118591629062694,-0.13142583865946444,0.0019100617444911538,0.004285744258335722,0.002438987173685181,-0.010203540596687044,-0.021854744983098584,-0.005831147665343095,-0.1904762301225138,0.006569669834890934,0.01379308984055716,-0.02032509028535978,0.0,-0.012552388490189026,-0.012195110427418387,-0.005081550288768333,-0.00256837111570829,-0.02274866597432479,-0.00786696795683517,0.004324973564040935,-0.005194604299911809,0.0,-0.014059422689975731,0.04458594325106491,0.006372366858191425,-0.02127654668940593,0.007222249447852436,-0.012010776842200532,-8.625530911088308e-05,-0.010852380753260893,0.009434066238082961,0.004120357064755664,0.0023112368979740783,0.0014113671936382133,0.0,-0.030927835051546393,-0.0027136789362394165,-0.0058997695357470015,0.0,-0.00977222342948425,-0.009963737052294586,0.0,0.007672589127300622,-0.007575755253883432,-0.00631341194638102,-0.020387763692067518,-0.012345735162647031,0.08241761985971596,0.002839672229878909,-0.029530173936118675
2019-03-05,-0.0030357334563548832,-0.00391523355963308,0.007595236461923838,-0.005058495123164919,0.05494500096186172,-0.002358511460198387,0.0,0.030534382172842545,0.00033893731041123587,-0.0011917577363540488,-0.066666605319194,-0.0033898261465693524,0.0001579908522333362,-0.0002999581961692366,0.008677634390330091,0.005916312840058335,-0.023904540783561634,0.0027774273271372607,-0.00738909689507361,-0.03141210745309375,0.0,-0.011494187354914032,-0.06233770197088073,0.07167236633526475,0.0012411343172247236,0.008928581699185534,0.005189754737082497,-0.0006191209504802231,0.0,-0.006959890545783387,0.008492560834195695,0.021659700694873107,-0.01811238977751639,-0.005689962659514047,0.0,0.010308726101968535,-0.007850191120715944,0.00015012090516308696,-0.0686274335641942,0.002061043477155744,0.06802722577930842,-0.004149354052821463,-0.08888887476038054,0.08474578668385702,0.0,-0.001276828467789648,-0.008583788857558394,-0.015322307333592189,0.002202436040059652,-0.03691168617489571,-0.009138448867194171,0.009466304211887211,-0.0035220655374210708,0.06707318003939289,-0.009210091657541719,0.0,-0.009928151995519996,0.006666510903757583,-0.001205101084478244,0.005714520212809049,-0.018691681453631315,-0.004103449388079605,-0.016910047901942726,0.008879959307733554,0.007999581932647049,0.010638297872340496,-0.005442191580476541,-0.059347126426372854,-0.0007837169829512103,0.011842458112969245,-0.00080054543538155,0.0,0.028551790756427442,-0.0050890981294657855,0.004447543133579535,0.005485708814094936,0.0051703898308728125,-0.02538080280879107,0.051950264585320705,-0.008298747250519378
2019-03-06,-0.007917136161475602,-0.0008518725837867169,0.0,-0.03002879493910382,-0.03645829937886369,0.0,0.0,-0.04691365103480727,0.0,-0.02722793168364568,0.02255636873816247,0.0034013561525891856,-0.0060246016387963675,-0.010431943088064721,-0.009217543937594663,-0.013469950413324328,-0.009887148142269542,0.0011087542077961032,-0.0173697687387232,0.029455455096440097,0.0,0.0029069322582984114,-0.1202215631214073,-0.0828025419671734,-7.287813096412687e-05,0.07079654089409138,-0.00779839992769138,0.00020654820879340008,0.0,-0.005493676798430935,-0.02105261150159332,-0.011346744042565526,-0.009708560062255067,-0.005722455388096348,0.0,-0.010203540596687044,-0.0006086566461405152,-0.008871908138303852,-0.052631578947368474,-0.004713652436035165,-0.017834392486322237,-0.006249812476761374,0.04878044052774633,0.042968803114491694,0.11111107840623058,0.0008524343627924758,0.0,-0.014535290240358267,-0.02857145174915332,-0.014052974583650069,-0.013175436336923751,0.0,-0.010689636756633925,-0.028571401323590928,0.005083318647907342,0.0,-0.010585073910401532,-0.0024672824493729983,0.005429820539242014,-0.010000126324916425,0.0,-0.0006340148212317098,-0.017982834600431263,-0.004330906208716012,-0.007936096478640686,-0.010526315789473717,0.005471971095501127,-0.10094642396207443,0.0,-0.01072827301636492,-0.0019458142725822247,0.017857125751218117,-0.02128217276046429,-0.0204603939395952,0.001423077474153045,-0.005905789425886487,-0.004861087581372492,0.01562508329211454,-0.06130506281475434,0.0041840631313769805
2019-03-07,-0.010435837591634911,-0.008698620156463277,0.0,-0.009227361889550534,-0.010810800361494066,-0.014184309999901279,0.032258064516129004,-0.02331604057390191,0.0,-0.008428445027809595,-0.09191176373911147,0.01694913073284665,-0.009307407351985097,-0.003413244307468366,0.015274948735805705,-0.0090386580113474,-0.0057635906658702885,-0.006087791336319315,0.022727311040634524,0.006069448220553886,0.0,0.004637676736582774,-0.011964769060979763,0.0034722187728795095,-0.004885861190757401,-0.07851253352760024,-0.019188979250100657,0.0024775763196689393,0.03328672696740731,0.00687830741661255,0.0010752934061011299,0.017215488766148868,-0.015686516799466976,0.002877695176315198,0.0,0.0,-0.014007280217275153,-0.006220600484275529,-0.03333335452609587,0.0006950245631238694,0.018158233550316982,-0.018169336797231428,0.10465119545666579,0.0149812586929019,-0.011111100809073515,-0.0034065475411876323,0.0,-0.022036978125542284,0.038461734740981024,-0.0024295678944113996,-0.02403204937589154,-0.008525071270918505,-0.00923671286385963,0.01176469433266436,0.006214021978405482,-0.021739150608928504,0.003941377638804866,-0.008070667244658103,-0.004800397050768734,-0.011478551636713519,0.0,0.00317152164207557,-0.005042459413433176,-0.009260634514446586,0.004857046783416585,0.042553191489361764,0.0,-0.07368414272121437,-0.002352920233034572,-0.0174169993109069,0.013876224268509985,-0.02192980392267585,0.008779105726966607,0.005221909775352085,-0.0005523244362436452,0.00424353189489679,-0.0023289061545387346,-0.005128211461459031,-0.0039791989704142106,-0.006944404891978451
2019-03-08,-0.004032331820368995,-0.007844883580761963,0.0,-0.003251535918669335,0.027322377674172005,-0.0023982467432702714,0.004166682561238533,-0.002652517377678909,0.0,-0.023343638141618994,0.05668010723237438,0.0,0.01005931141362737,-0.016210101820472222,0.0049466636504129635,-0.017271522544753726,-0.005565257714346128,0.0027840786909130166,0.037036941102725374,-0.02786558984302101,0.0,0.013271756679104518,-0.002549392155691166,0.003460204186943594,-0.006668647349677315,-0.035874251892770825,-0.010666953908977983,0.004737609787818009,0.006711422353002705,-0.008538912552656153,0.015037527748489765,-0.017518087234665747,-0.014940251093858214,-0.022955502471788458,0.0,-0.05154649040888859,-0.006794354955094839,0.0025190417944789267,0.011494296972653917,0.006077450547196772,0.0,0.006405735563058457,-0.1263158028585869,-0.0036900333293332643,-0.02247188904267039,-0.004913393763417928,-0.004329054115257525,0.0010202686440323738,0.0008714313910620497,-0.0159116665011918,0.00547209958832684,0.008598373013674054,0.006948117297548961,0.11046507840159192,0.007755097472737393,-0.0444444866059196,-0.003365146073151748,0.0018375823579421802,-0.007493506648411863,-0.007895858424006308,-0.03809520349480777,0.005374618569226497,-0.005601466770397967,-0.017702769666107843,0.0,0.0,0.0,-0.06439396573437484,-0.009433953069178047,-0.02307701180922006,-0.015496015041668643,-0.026905803706885,-0.010978868290305144,0.0,-0.004503209704386335,0.0013521366351760822,0.0028468366686944524,-0.010309353215463779,-0.005758190374491989,0.025174800830456867
2019-03-11,0.00840865377707889,0.01239607956054134,0.0,0.018079632436941884,-0.02127657550770312,-0.00480744642765818,0.0041493933563012675,0.031914926670751464,-0.007796252352628041,0.011463640643195161,-0.011494242373779495,0.0,0.007282264204970579,0.015626108752696544,0.017637317987190926,0.040679658334748625,-0.0041971319200864166,-0.003331459749272292,0.04761911790117157,0.019208082829432094,0.0,0.0028474456679885574,-0.03258781390663157,0.037930997061532246,0.017336708165393677,0.01395344266334475,0.004860424812172193,0.006150298626854678,0.0,0.02660299697586388,-0.010581950244841987,-0.01480791182939123,-0.006066450060371875,-0.014684273931396374,0.0,0.021739127913604772,0.026741312637809767,0.0162187812640735,-0.2045454717864671,0.01475675577546709,0.012738840928875783,0.02333799245366386,0.0,0.048148101380169894,0.022988483697581552,0.011592603451727745,-0.012173591634705327,0.006602594608955625,-0.0030473989446586636,0.00956934516609076,0.01904748069388673,0.0,0.006987536611798406,0.015706853991273695,0.0054158885038024795,0.0,0.012943202714252422,0.015456614513571498,0.011802344049936853,0.025280939628751442,0.029702942250534603,0.01132087333609011,-0.006974257259216521,0.004613356570434046,-0.0008530193436282474,0.0,0.006802755856883946,-0.004048579088026694,-0.007142869036754207,0.024649243643481533,0.031709583033082245,-0.004608290374042534,0.012725281850653358,0.023376681512566888,0.01031661641486914,0.007539639616311433,-0.0016466179720725505,0.010416743099430636,0.007032082363376935,-0.016371062320340357
2019-03-12,0.000926414732242975,0.005956814753372619,-0.0005024767983209388,0.00021698422904803394,-0.022826116603916535,-0.007246512513780279,0.002066084110919464,-0.015463963770208755,0.004441050140641334,0.004045494767204172,0.007751930820906638,-0.003333329115613237,0.006418719225365965,0.004341622459713923,0.010278425544443692,-0.002087469565611899,-0.002634392167749411,-0.023676950852279943,-0.020454579690270425,0.0,0.0,-0.006814357471564114,-0.02377811110885042,-0.01328902391354203,0.002973195650879834,0.0,-0.02590675081575522,0.007742177365038572,-0.026666651677538122,-0.006525218171684388,-0.0032086294568463014,-0.012269946958888278,0.005086230413106518,-0.0014903470678068187,0.0,0.0,-0.0006057073739067498,0.006368716731555368,0.014285700661795575,0.0016155859110600357,-0.027044013793189325,0.0,0.0,0.035335740546661,0.022471956014182393,-0.003607669010304626,0.0,0.01153337950544353,-0.017467307953366262,-0.015688823435495602,-0.01869145555506113,0.0,-0.001127567459325629,-0.025773231984957512,0.004677220300741025,0.023255913406654116,-0.011111193971724664,0.0028381690285337324,-0.00017134222274439725,-0.006621239580860361,-0.0096153757981291,0.004974876614080692,0.002431106567382768,0.005309989146537575,0.007399249200300995,-0.010204081632653073,0.0,-0.15447158884077017,-0.0007993787928755047,0.001336258241615651,0.0005567418782208566,0.013888875091518038,-0.010827371212211667,0.007614272773831976,0.007462022109109956,0.007985624243222356,0.0022748074128897677,0.005154645573971273,0.0018192795970572995,-0.027739224439246812
2019-03-13,0.0003085190941136684,0.00559236724049339,-0.007039043851223448,0.01721170641402381,0.03003338191653393,0.002433038434871193,0.0,-0.018324590174370714,0.0,0.02507033866489894,-0.011538450957754964,-0.02675581887497358,0.005661794252811658,-0.020248713687564535,0.020346840677970546,-0.003993251279952981,-0.003991198701564835,0.0062769094271362125,0.018561467463607872,-0.009568043345753674,0.0,0.03144660672422739,-0.0182678964118681,0.0067340002470883675,0.00332591079449851,0.032109948605643535,0.006962962432337738,0.0034374867963085087,0.0054797885916910705,-0.005441722445175268,-0.007510697115483023,-0.010248591343144597,-0.006072662222835534,0.020895574225114677,0.0,0.021276479823002292,0.019999995376124513,0.010349175618028728,-0.08450702995658965,0.005858656021506592,-0.030381415002662004,-0.020041301588907046,-0.024096401231396558,-0.03412974087806875,0.13186806780807592,0.007028826222143403,0.0,0.0030032078271235996,0.0,-0.007637374862506596,-0.008163336977577318,-0.0017050526303401536,0.007294167342641433,0.026455064499479652,-0.0032446649024139296,-0.06818187924291508,-0.0022470523448162583,0.006817505366337073,8.580619454900962e-05,0.02367310088771024,-0.02912618662434696,0.0009281933028362221,0.005119910232070035,0.0007137112112991506,0.0,-0.061855670103092786,0.0,0.0048076878990646055,0.0,0.010343911809725936,0.06878130673486615,0.004566205571678639,0.0,0.045340035592606576,0.0038982745459508195,-0.00011077062243713964,0.003176889039957942,0.0,0.006267363451569974,0.0014264981053035974
2019-03-14,0.004009882435105139,0.004383544603412837,0.007595236461923838,0.0021882603065106476,-0.011879025485941996,0.0024270601894296195,-0.006185551279598855,0.005333328247070224,0.0,0.002994732538025513,-0.07003884553082507,0.0171821081709711,0.011904972098952582,-0.012075144578264863,-0.002345893182267189,-0.004037517824498682,-0.0074257164175538515,0.01049053061363292,0.0022779565343908903,0.0014636779064369776,0.007535276422659276,-0.003326018306316847,-0.011716062964324703,-0.010033435215412778,0.01225046404772323,-0.017777799154776397,-0.0027768932053607864,-0.0002019225432232652,0.008174007829468533,-0.00018863765807974886,0.011891854775918587,-0.022905434319279383,-0.013238539125130178,-0.005847947508874518,0.0,0.016666399926023923,-0.007130174674829903,0.0010315504397511166,0.07692307692307687,-0.00016901707650796016,0.026666641235351562,0.016925225611050587,0.1111111459963181,-0.01766782814990553,0.07766994673543626,0.001480622527760822,0.0,0.005814012197322249,0.0,-0.001673118421490205,-0.006858712025388014,0.0,0.01431037639749455,0.0,0.0022117398696461787,0.02439026734370242,-0.01238740110039449,0.009199083614918946,-0.0092641068650543,0.03726992328742362,0.0,-0.003090994086770049,-0.0034852589378974175,0.009129819619253077,-0.0025424307419206205,-0.01098901098901095,0.0,-0.028708107772046687,0.008799972534179634,-0.0016513742760302375,-0.037488269497897964,-0.004545450112051319,0.004729705727948064,-0.019277082923164546,-0.0029567265964042244,0.005263594634560054,-0.003110484215994913,-0.04615384140390566,0.0026777618219249177,0.0028490001397227793
2019-03-15,0.009831011049118654,0.011725704589858443,0.0,0.01853456104109874,0.008743121770723006,0.004842804225066111,0.0,0.0,0.0,0.02597041051516258,0.0502091549338628,0.0297297310628013,-0.0014513868942320762,0.0003132993218473157,0.003918980033432051,0.0009651631920548631,0.010152929249001907,0.010381152635215107,0.00227267086998606,-0.0032154520109732854,0.0,0.0011123725402044649,-0.0502092231079142,-0.01351350045186761,-0.016516034057503903,-0.04977381659014124,-0.015345314407587574,0.007658266022480653,0.0,0.005849750020506583,-0.009615299381915077,-0.0073860748411537225,0.026831708793603193,0.0029411735831661456,-0.0024330529886530394,-0.01639318455615002,0.0017953733267037641,0.010306457236293198,-0.11428574153355187,0.014689944619016293,-0.031818121298706314,0.038141299904629555,0.0,-0.021582713452168112,0.06306300210871574,0.00950368899595233,0.029929445712977287,0.007031700255812456,-0.004444482519495807,0.010055342839454307,0.0027622883494273776,0.0,0.011303706954485238,-0.020618597877583134,0.007261905343261654,-0.0714285602594209,0.0017102705274067986,0.00303837142915242,0.0013855368199746643,0.011688114928942284,0.0,0.005271154720251969,0.0005380446380118808,-0.0009896743126858176,-0.003398918226657388,0.011111111111111072,0.010810774575737536,0.12807881484119266,-0.015860413537698514,-0.022163597863672724,0.012117307615320927,0.0,-0.007801039840523272,0.014741830837376346,0.0023413927901392295,0.0010473086585320868,-0.003914438734224812,0.0,0.008127687845864262,0.005681812794001706
2019-03-18,-0.0009126045795724291,-0.003992259634141626,-0.010050367684931727,0.00036564926345628024,-0.02708556527871142,0.0,-0.0041493933563011565,-0.013262586888394656,0.001700878693612795,-0.012792922312330868,-0.01593623984263237,-0.012467213916483533,-0.002995034777526051,0.0022715677416138558,0.007612964749971862,0.012536113297960672,-0.0014696678944638997,0.01527393292128676,0.004535143224154492,0.024926754453183708,0.0,-0.0005555682712130583,0.002202623584674157,0.02054792507255443,0.011436857769523856,-0.15238090330110443,0.005772164911005184,-0.006599956264001228,0.0,0.010131475523583067,-0.002157546577780556,0.0045292821087856705,-0.023115287186058375,0.0,-0.002438987173685181,0.0,-0.0065711237667606115,0.006484949567361786,0.1129032754253041,-0.0051586871152532465,0.03957068666866825,-0.024716008519561794,0.0,-0.04044122513138659,0.0762712181179539,0.0050208607294135454,-0.015384638673187512,0.017991680863280513,0.0,0.005475327921868445,0.005509929417415682,0.0,0.011681649000782723,-0.005263152941442195,-0.005937297976943756,0.025641049389238724,0.025612076482123047,0.0011360550762875565,0.01391992835562994,-0.0027813479934756247,-0.019999980926513672,-0.002967703061688698,0.0013444831856379569,0.002405991845798594,-0.0068199686434524676,0.01098901098901095,0.0026737718288227796,-0.08733626681892137,0.0,0.007442719891996186,0.00299303869762535,-0.041095959012037,0.01816450980175377,-0.007263921379673688,0.0020243222642633008,-0.003909166850922796,-0.016346816052853597,-0.03225810419370112,0.0024764077621124425,-0.02118645437624711
2019-03-19,-0.014616354739690585,-0.000387613616823157,0.005076201534328639,0.0009411585589267357,-0.030066826231884614,-0.012048226795058237,0.0,0.026881694586956106,0.0,-0.005803728439375155,0.004048579088026694,0.0,-0.002230981098475082,-0.011097214295135993,-0.0011623194801204662,-0.016190441669406086,-0.006827740130793236,-0.007111744160712141,-0.02483062323695373,0.004005704909651797,0.0,-0.0022234023728520125,0.04468869065193748,0.0,0.005152803569156816,0.03932589108482709,-0.013314420639167879,-0.01187815881776566,0.0,-0.008358112190455902,-0.005405426025390625,0.018679634817870605,-0.020576192793473558,0.005865096898272304,0.0,0.0,-0.0006012220106896837,-0.008325388711716397,0.14492753422878746,0.003094540287978509,0.0064516069489635175,-0.014383554305952506,0.0,-0.0191570706229659,-0.047244050142243865,0.004163132496856736,0.012153003889866065,-0.008500078585851889,0.0,-0.04422442859169806,0.010958620875242575,-0.0008539183306049969,-0.003156647799368306,0.005291000285156278,-0.00711015476939636,0.0,0.008878827901543263,-0.0026476310678634762,0.006992432849920904,-0.009010850590103314,0.04081628681073313,-0.01209306877185512,0.0010741297416001494,0.007622568348081948,-0.005722322953231718,-0.010869565217391353,-0.013333273399658507,-0.047846846286744515,0.007252228339604594,-0.02955004929908156,0.02088883135696551,-0.004761900436850985,-0.014778149995068546,0.01463402562224414,0.0013986607105545001,0.007683365076869286,-0.0004635335669284091,0.0,-0.0067788245742471664,0.027417036353088786
2019-03-20,-0.011742893685737665,-0.003945150645599638,0.0,-0.0019320005962710773,0.0,0.0024390460206309417,-0.007500012715657589,-0.023560187367048124,0.0,-0.009791244539525401,0.016129016752173708,-0.0033222549464706486,-0.0197250533099963,-0.0007112319940050238,-0.0019396643801475877,-0.02846088983952777,-0.02335101222258784,0.0005508288166993225,0.0023147573257693566,-0.0025648376231555137,0.0,-0.016713154967022525,-0.16900419416059742,-0.02684561181007228,-0.018725451628116674,-0.021621647219143725,-0.00023250107479777515,0.00040733386197566723,-0.020270309668419362,-0.0007491636894609854,-0.004347822030685733,0.00410995520777635,-0.05462183423339739,0.013119486005698455,0.0,-0.01875008891354757,-0.01865230792041972,-0.0140164877411727,-0.012658215623466695,-0.0030849936508378084,-0.03846150319251662,0.0027795148531535308,0.0,-0.007812492724042275,-0.08264464519769821,-0.0012434649677747212,0.0,0.006790489791644427,-0.004464232586096628,-0.024516543747176156,0.0,-0.0017094245091383575,-0.0019999821980793975,0.021052674507501035,-0.000716429693298104,0.04999996305803611,-0.019251908108866456,-0.008595778013742339,0.0019475852359727153,-0.023598323098249274,0.02941173720662249,0.0031388116896631235,-0.002950671584621034,0.003502311776958811,0.0,0.03296703296703307,0.002702677373331186,-0.06532663045659559,-0.004000015258789014,-0.016955109103656718,0.0028186307598483396,0.0,0.010270254256433242,0.004807964423000577,-0.0045006589413773,-0.0024685320630964958,-0.0074150856487094075,0.0,-0.002717991534080366,0.0
2019-03-21,0.009693567750887588,0.00857065264974155,0.007120896778851193,0.00402830012667299,-0.0011480908549982294,-0.004866223099176392,0.01595302573399282,0.0,0.0,-0.2923047896862979,0.051587347390820826,0.0,0.01488262655180983,-0.0023725237638745345,0.026428461504638845,0.016540417942929153,-0.002791111920654732,0.04240105981928366,-0.0692839998114676,0.003999982561383897,0.0,0.009631732576099727,0.041350190324415115,0.024137907220975086,0.030474508235671438,-0.01104973712760926,0.022572554821604474,0.011405264413578253,-0.005241072291621851,0.0028115636620882345,-0.005458536197354813,0.013538983666740334,0.034444730953060665,0.0,0.004889900752586662,-0.002122938564697363,-0.0006131348380923329,0.020805364031875273,0.0,0.015806738114520824,-0.0020000139872232703,0.03326430400395375,0.0,-0.05511805849928453,0.06306300210871574,0.014528527332007934,0.0,0.012393747857359694,0.0,-0.04070795109841674,0.0,-0.002568463233450169,-0.0072645518625857886,0.025773170536872003,0.009603240243440947,-0.023809546147824823,0.02916443996608087,0.013897682409449441,0.00946601897600674,0.021285847734958008,-0.028571402621105912,0.012828430610432484,0.001345206577606728,0.008795412410149916,0.0,-0.021276595744680882,0.00269539259674767,-0.0967742286950729,-0.0024096171430353364,-0.023583527696458884,0.031751021541484015,0.0,0.0052164128968561485,-0.01913890491011372,0.011458362573302683,0.019411672497283927,0.014124002319016116,0.0,0.010961015073297942,0.015449457202591832
2019-03-22,-0.007122930986243725,-0.00984981120298023,-0.014646275169719059,-0.027046698477797393,0.03448272554637244,-0.017114993107200882,-0.04132231274684206,-0.0026809625769762535,0.0,-0.04482544935680122,-0.049056645193400694,0.0,-0.03900849757551672,-0.0186286826132549,-0.016092462978046784,-0.0207802197447039,-0.006146115979925315,0.010036720617684347,-0.0471464728901525,-0.006829762889530078,0.012605174633907756,0.001122360163085867,0.011345169199133087,-0.016835000617720808,-0.022813726205416884,0.022346468032035105,0.0016497740214247436,0.012484858976277824,-0.0016640090797390705,-0.004298927666226304,0.0,-0.0015532101161578327,0.025778358047272798,-0.01438847588157588,-0.0024330529886530394,0.010638183158179437,-0.02269932203699232,-0.015231693737015828,-0.06410256253505209,0.004857502919348056,-0.01135601882694559,-0.050972548615693114,0.0,0.06666660043928618,0.016949238156632296,0.0051146242880983905,0.0,-0.007578314707118672,-0.013453029844372577,-0.012730672171467172,-0.01490529475259883,-0.003433264567578753,-0.015897042639004266,0.005025120811725348,0.002981183026208978,-0.04878045459642155,-0.0038147100365203412,-0.013581312495125064,0.01071645850172942,-0.028006250760226892,0.00980391240220757,0.0027802996380845713,-0.035733514173293957,-0.0041519089210426685,-0.013237296472556448,0.010869565217391353,-0.005376293970529078,0.10119052476285684,0.0008051714026091616,-0.031722825213234995,-0.03117751940526592,0.0,-0.004391115596786954,0.0073170720155237845,-0.006704592864385739,-0.02001297577064598,-0.02181157428205527,0.05555555927194433,0.001663513023101748,0.005532498167012845
2019-03-25,-0.0028072975722287508,-0.00038983133099357303,0.0,-0.0005891531092426794,-0.03222220559179001,-0.004974944751075627,0.0,0.029569864045651872,0.0,0.016381282280407028,-0.023809501283202916,-0.04999993673419789,0.005580520872169981,0.00799677175619129,0.01327681197431163,0.020820893467472068,0.0052045650469787486,0.0010465805506210124,-0.0625000038805108,0.01260740995620635,0.0,0.02186095214757411,-0.01762815075512969,-0.017123352543991444,-0.010664330166861524,-0.05464479989490478,-0.011246009224270326,0.0019888041043476523,0.00277760365470181,-0.001501889873404938,0.009879270689316044,0.011512074425548358,-0.0188480315358871,0.008759115856186162,0.004878067388767171,0.00042577422173506463,-0.016321420207214943,-0.004345724172750365,0.0273972334300725,-0.0011469139349647994,0.07432433303208819,0.03604250492947236,-0.05555555555555558,0.003906246362021193,-0.050000049670535285,0.005699295361833334,0.0,0.0032724064656044494,-0.0045454007387883966,0.01943563722947883,-0.03576314394320723,-0.015504079350860622,-0.006581167889456507,-0.014999985694885254,0.008067886373601896,-0.02564096519102843,-0.013676118253920566,0.0038245946888442184,0.001077056176664426,0.012731204646676542,0.0,0.004313124170946869,-0.011981017458854049,0.004724984102151719,-0.009040573933250973,-0.06451612903225812,0.0,-0.048648666064176505,-0.006436035538369467,0.017870458236863174,0.0001041672212054312,0.0,-0.006949872308403382,0.012106692364378002,0.006982575642096922,-0.002201822425749511,-0.0007646326266566028,0.04210525315144098,0.00675786595016703,-0.024759261184438608
2019-03-26,-0.0003127652191022845,0.01593527421234464,0.017426874892187305,0.009004037992351277,0.004592431852421308,-0.007500141047877218,0.0,-0.03133156343328736,0.0,0.05743216866774614,0.07723579442038497,-0.024561473249888777,0.013816289754738476,0.008414262609137246,0.018230143594438752,-0.005687316746018967,-0.00012216710917123397,0.006269360627449094,-0.016666651213610217,0.03961520995569057,0.0,0.014810776990867192,-0.07585646719523764,-0.006968634747042013,0.015149321083923084,0.0,0.014073894631406514,0.005954906530397874,-0.002769909942721638,0.012972635426746537,-0.006521681215901576,0.010150866930426883,-0.007470909563966011,-0.034732239713152424,0.0072815347452712675,0.0,0.007019761081153764,0.014647384133509522,-0.013333320617675781,0.009597139253980869,-0.014465409700951892,-0.012278460395296786,0.0,0.26848251951112867,0.09649124182932711,0.007690575815992862,-0.01801062266746256,0.01906994743821544,-0.004566343014496099,0.019615026760573695,0.015691724358732673,0.0,0.011614888024870318,-0.010152274434545583,0.0011235246820735512,0.026315725800249323,0.01442058103737387,0.01727210379299504,0.009681450448406625,-0.0008822246381300358,-0.009708728874782357,0.00552150363179349,0.01720248681703551,0.00912852400338382,0.0,0.0,0.0135134519490685,-0.045454570084564105,0.0,0.008412556128184479,0.003540601599574922,0.04306227573395005,0.022880140342192545,0.016746367582466393,0.01479338467563629,0.009378309958035125,0.009420419890491472,-0.03535351968941747,0.009955137466086894,0.016925230321085616
2019-03-27,0.0034418075941688997,0.0037770149038418577,0.002015152317980995,-0.010357922446514789,0.005714280264718097,0.01007565674340527,0.0,-0.016172491148951362,0.0,-0.0127088002547171,-0.05283022636448742,0.04316551825405712,0.012628609029313287,0.006039452303824744,0.0007460785734856312,0.001972300278699324,-0.009564632990812005,-0.014797560972735435,0.0056497121870149325,-0.052531306940765576,0.02904537673491503,0.0016216587375950109,0.023830578956910875,0.03508777066574664,0.0009326274893786124,0.0,-0.0002831272735603907,-0.0029597273583367167,-0.0005553416329193706,-0.004640214870220594,-0.016411440543782185,0.023751336839083814,0.022580664244563176,-0.11394306149755173,0.0,0.010638253683299403,0.022813666842151692,0.0032809930789121644,0.04054050135560283,0.002193719720709142,-0.0044671911621718685,-0.008287472275254837,0.05882352941176472,-0.07975459853492517,-0.02399997711181645,-0.0032132490870644403,-0.0008730631190826399,0.005745343533474667,0.0,-0.013304528550526773,-0.007022474466227502,-0.011373401657411075,0.0007654051410879159,0.02051280044866699,-0.005610098478791237,-0.02564096519102843,-0.013122158240360338,-0.010486932717078679,-0.0010654276399105767,0.02207509114254602,0.0,-0.006101165353683324,-0.004713078584262398,-0.003015356302870642,0.008240094981751378,0.0,-0.013333273399658507,0.19642860310621102,0.0,0.013782940944537803,-0.01950819579985097,0.24770639693433094,0.010657838064814795,0.004705804945550174,0.0007588472393627033,-0.015248485582645799,-0.021873412774585987,0.02617804347769903,-0.0041116923780806225,0.012482684065425076
2019-03-28,-0.002182717292264713,0.010076918905330245,-0.0196079264568787,0.007138548230955388,-0.01136362558800319,0.0,0.0,0.0027397233430073165,0.0,0.012481019413201233,0.003984059960657982,0.0,0.004732781402532638,0.008925533084523263,0.009131761928306892,0.023031760524508504,0.0011073802813659217,0.009222629877044808,-0.002808986130333757,0.012065445342601011,-0.028225554860441537,-0.005396674461096818,0.012931001172197254,-0.0033898272208872093,0.0033689430091699,0.27167638064496535,-0.0007366159780964887,-0.015238413281107865,0.0,0.006899093955566649,0.0189099088567386,-0.027067179335419467,-0.006309003214757691,0.0964467320436515,0.007228897278567459,0.0,0.002478371563817916,0.0040694701101244846,0.03896106469689564,0.00437791392843323,0.01282057748038623,0.023677105233110618,0.0,0.03333330154418945,-0.032786950921536606,-0.0004053740553932039,-0.0069930410185127245,0.0058757475586059815,0.0,-0.007653097220630234,-0.00424298977444959,-0.004424704141108293,0.01011304886482356,0.02512560405862696,-0.011142640673356685,-0.026315898628143986,0.023822657653898238,-0.002649752795952476,-0.00041022872784801656,-0.011231438125313686,-0.00980391240220746,-0.010742921763162938,0.01253482396364669,0.016771918542831,0.0,0.011494252873563315,0.0,0.10447763141460142,0.0,0.006797949698951866,0.02116626145852485,-0.09558823078252043,0.002473734285023843,0.007025873487435108,0.007586828470813156,0.0047730486851136344,0.01115117211410488,0.0,-0.006471202454287006,0.0
2019-03-29,0.00999998119526646,0.008650708270278473,0.0,0.012416589990798865,-0.04367814642983936,0.002493637761571188,0.0,-0.010929016211355558,0.0,0.015290771611548903,-0.011904750641601458,0.0,0.008907421111372882,0.008142466402888626,0.0018465885120979575,-0.026361536584684986,0.011182264151621268,-0.004438830449864151,-0.016901392559285133,0.00936706884310512,0.06224033651875782,-0.004340744567626897,-0.041702108180269315,0.020408143405366452,0.018645525718058664,-0.2590910065153985,0.01230483130259552,0.007435458480510526,0.0005556502086134785,0.0009258453469707106,0.0010917280620545977,0.008560080304405249,-0.021164237190433033,-0.020061745996646674,0.028708152747417115,0.0,0.011124864139724577,0.004125097924840393,-0.07499998807907104,8.053879676128695e-05,0.012658215432457043,-0.027891170281324817,0.0,-0.02580642779585396,0.0,0.011550269043552497,-0.008803027076917047,-0.0017849806664503864,-0.009174204055586666,0.0022035025449760326,0.0014202337738660198,-0.01244474048526667,0.030708409112703894,0.014705868603311245,0.004279045955572158,0.0,-0.045454445879260286,0.014547933559393877,0.005827346775936881,-0.011795351827688538,0.0,0.0031025029341682497,0.0027510399198962254,0.005138367510398645,-0.00904842757282509,0.011363636363636465,0.02702696898055046,0.01351350045186761,-0.013765187938699852,-0.0056859771096973155,-0.021971138606310614,0.008130073421291018,0.0015583007700625817,0.006976742085555321,0.0014307981353252064,0.0028722959893194844,-0.0007076288081603321,0.010204032736061963,0.003599245955641317,-0.012328787703611122
2019-04-01,0.010519790151582331,0.01458623655700686,-0.04051276303103446,0.0094220548928865,0.02163462296194396,0.0024878835094630514,0.023706862886795133,-0.013812141960485746,-0.016978101935168022,-0.016456550085854116,0.0120481812348876,0.0,0.011019430148555776,0.005047512963965772,-0.004792541437571907,0.016600753057247175,0.011969910194586042,-0.007343313355368863,0.0343839212696766,-0.019966334976106115,0.0,0.0038146971863231016,0.03108342990061974,-0.0033333301544189453,0.016550954982558208,-0.04907981278990747,0.0063299668428913325,-0.005784830508411498,0.0,0.003330625237604856,-0.006543120950654124,0.009093872792174773,0.019459708728114755,0.0,0.006976726443268522,0.0,0.01528117302402876,0.011532352631050902,0.0,-0.009120245254376602,-0.012499987892806708,0.013995823328142976,0.0,0.006622510282393357,-0.050847411395418596,-0.004607408573881755,0.03197185660503443,0.002600845939592533,0.0023147873453481793,-0.023818303557075815,0.02836880266904651,0.008101053455013663,0.015590531380376138,0.004830913423070182,0.00028403970914392396,0.0,0.08956899138775154,0.009102165498022785,-0.004487908149210518,0.0030948293820909356,0.019801961500356402,-0.008041709482799364,0.012619987840995384,-0.005112099663577396,0.00942562814966319,-0.022471910112359605,0.006578981137812301,-0.008888880411783817,0.0,0.020014593839985828,0.013987492385360012,-0.07661292570934819,0.0036307147229464043,0.0,0.009323710784896244,0.02423455189951884,0.013574150647710725,0.0,0.0026187689406400594,-0.0027739224439247145
2019-04-02,-0.007348455568992662,-0.003887003710494552,0.014965297447270043,0.0034417561382338313,0.0,0.0,-0.020210507041529602,-0.005602235658404231,-0.0017271132512350906,0.0033549776801902187,-0.003968250213867153,-0.03103454282438467,-0.0025168936711108536,-0.005099574553689368,-0.0012966643257330546,0.006220860890009172,0.009126276946179956,-0.006076609707905911,-0.016620483247395845,-0.018077396872364093,-0.03515624403002704,-0.01845820581865587,-0.031007723283626443,0.4214046777406115,-0.02497409584961985,0.025806566907130124,-0.012524406464761939,0.00902889947567509,-0.013888844879759832,0.004978923897484444,-0.002195335328547099,0.008110283301573373,-0.010604486090784904,0.0,0.0,0.0,0.012040869851996261,0.010260827609728684,0.01351350045186761,-0.000977404775347468,-0.025316506313829312,-0.0006901774902797753,0.0,0.016447352942006832,0.0,-0.0010064609687986392,0.0,0.007984608758788259,-0.027713581898934248,0.0009384957376770142,-0.008275721450008544,0.0,0.00024110898359075428,0.009615375798129211,0.0031236222680297576,-0.08108098273707443,-0.0010402967550701137,0.001112076754291591,-0.002623127143053905,-0.001102025420183117,0.0,-0.005612822049305133,0.02059067572407014,0.004191720848265579,0.0,0.02298850574712641,0.0,-0.03587440494251337,0.027914625949837735,-0.021023293391261855,0.020587325430464043,0.03930137733061967,0.0,0.0046187493980602845,0.004990499853583685,0.004947246940799399,-0.006812539493035952,0.01010102300087179,0.006189466824399137,-0.012517406379921936
2019-04-03,0.0018507292478329163,-0.002106093046916002,0.0,0.0025463502751597034,-0.020000022439395027,0.0024811873430290454,0.0,0.0,-0.0017302375230903166,-0.00801650594472647,-0.007968119921316186,0.049822105844087305,-0.0014481385991912399,0.009941001111487102,0.019102488679932028,0.001159018187103067,0.0022013271514023103,-0.009835097331346354,0.0,-0.00613684663000158,0.0,0.0016593300205809403,0.0062221950954861605,0.030588262221392437,0.004599121828791741,0.0880503333209901,-0.00484783305341252,-0.006959699447838252,0.014084461784702462,-0.010826048224008011,-0.009901006719154726,0.014600924956127859,0.01071814652654468,-0.023622062617355444,-0.006928388968741039,0.0,-0.0023794770642170393,0.005713087162200647,0.0,-0.007174962266027318,0.019480578793626746,0.004834352532305353,0.044444472701461235,0.10679617193884239,-0.04464281437804518,0.001813096223856503,0.0,-0.008082214873584181,-0.0019002733950521655,-0.013875898238501216,0.0027814973905440077,0.0,0.007553254033402679,-0.03333330305795679,-0.0042463398793393115,-0.0294117902712544,-0.010416908266331903,0.0007406755446881519,-0.000986125193914611,-0.0017647302018007904,0.0,0.0003133634608891711,-0.004778377493508956,0.0008078375343938404,-0.00933761526041399,-0.011235955056179803,-0.0026143546434053144,0.0,-0.013578280357691819,-0.01181082650319809,0.0025599016037820554,-0.0504202177342542,0.016279178562671914,0.0,0.010377540113267969,0.006474602683042452,-0.004396936547781616,0.0,0.003498864363278953,-0.005633797519761674
2019-04-04,-0.0003077924285903588,-0.010925208778151063,0.0005267267299566836,-0.0030585796656837916,0.06842734827093944,-0.0024750462895021252,0.0004297476873704742,-0.0028168987598808926,0.0,0.01573033485591524,-0.008032120823258437,0.0,-0.013974985242461213,0.0003075543607240494,0.01838016585206903,0.0,0.005461838411231046,0.0053691556691475295,0.028169054758972578,-0.01646567439667268,0.0,0.013252333684681483,-0.0724381375380374,0.0456620557167875,-0.0066910619582299935,0.005780278806964967,-0.005947706280418741,-0.0060070325240310085,0.0,-0.0024115127850243834,0.0011111365424261166,0.005286152545537437,0.004241809590234125,0.012903290807148471,0.0,0.0,-0.010137153944754007,-0.00589104421623754,0.08000005086263018,0.0018065847267394464,0.0,-0.02061873805270298,0.0,-0.029239807257405603,-0.06542060656134585,-0.0016084160015954474,-0.022375269112791973,0.007013173095820946,-0.00047599722736735295,0.005324182895692475,0.023578298274890663,0.0,-0.01778447833474639,0.024630518729541473,-0.0036957386660473324,-0.053872080005198275,0.0026314163412020086,-0.008386697587949854,-0.000740400920286266,-0.003978124446289977,0.048543760111089185,-0.004075158381694699,0.03600961758195842,0.00026914103727082583,0.00559655089301736,0.0,0.01572737069611696,0.03255810704084405,-0.03238870929953663,0.0028973434364867323,-0.04299873921357478,-0.09292037125359753,-0.0020341511523565003,0.0,-0.004401653256006499,-0.010420332942963961,-0.008538597840851092,-0.024999971402388965,0.0038804506181122633,-0.008498575533404162
2019-04-05,0.0036956347291565717,0.0062760447682208564,0.0,0.016014571191121263,-0.03258425250617447,0.0024811873430290454,0.0,0.0056497121870149325,0.0,0.028420728920112825,0.016194316352106997,0.0,-0.0013370227726398065,0.005765637755572817,-0.001250919965615771,0.011192993003493079,0.004310311591576799,0.021628979962299955,0.008219170029021727,0.0008968244727249886,0.0,0.00980928073208931,-0.018095198131742984,0.06986903427772084,0.012195995430694273,-0.09195398383940401,0.0011455784664626822,0.005237516024460431,-0.000277601932605398,0.013388333201622027,-0.0033297098649720525,0.002045055979949195,0.010559392081780139,-0.05573254295805319,0.0,-0.010526272525829938,0.002409578750574015,0.0014106636840094389,0.037036941102725374,-0.0005736599735715053,0.0031847102322188903,-0.04842078131099892,0.0,-0.012048181523292234,0.04999995231628418,0.0006041837234931347,0.0,0.0220601463583312,-0.0023805336617653827,0.00018918359055297707,0.018970477297422406,0.0,8.115058897972816e-05,-0.03846150319251662,0.00870287346365961,0.01601414448667593,0.012598767257566479,0.0042288723261199035,0.0012347104538894538,0.007544380409559848,-0.03703711062301529,0.009757727559218221,0.00901132542244687,0.009145600811221177,0.0,0.022727272727272707,0.0,0.018018000602490147,0.03849372765598891,0.007584044318434291,0.008858077460911273,0.029268265451297903,-0.006114627357881486,-0.011494065584586877,-0.0014005163171070256,0.016708656137902622,0.002494706670893354,0.035897418480987486,-0.002408992077863825,0.0028571401323591594
2019-04-08,0.002761643571214334,0.0007486785313384203,-0.0052633204804954925,-0.0027122763711756592,-0.0011614252308191908,0.002475269434171423,0.009450142047491283,0.005617972260667514,0.0,-0.008191277997434798,0.07569723423998576,0.0,0.014058079142767577,-0.006726193292365568,-0.0008944526418905863,-0.010496396012939058,0.013522423812391882,0.0070567115318362905,0.0027173886635465383,0.015531674578061816,-0.012145562050133951,-0.02590401682666399,-0.01066931191799625,-0.018367377721681843,0.005323954513736906,0.012658160757508252,-0.008581808685042769,-0.0056113435658753374,-0.0066686372919474435,-0.013761363683551853,-0.0011135050910068278,0.0026238443731863015,0.034482938837335775,0.05396293101597438,-0.011627906976744207,0.002127516019799325,-0.003605737268218112,-0.004085860989144874,-0.10714281659547786,-0.002296511036589566,-0.04761907645273733,-0.0648968301156797,-0.09574470531532053,0.05487806961197439,-0.00952380087370197,-0.0014088809136328928,0.0,0.0167396222854459,-0.004773407048644929,0.003593014804675221,-0.005319080376900542,0.0,0.0036535242699238246,0.014999985694885254,-0.010608127025582337,-0.054290588961848685,-0.011405160383583635,0.000990723652615877,0.0031247836208898594,-0.006166375699061533,0.009615375798129211,-0.00810465326187193,0.0012758695554906385,0.0022659440695926847,-0.0011719492932140696,-0.0444444444444444,0.0,-0.026548647359614486,-0.00966961217039064,-0.0014337436252006563,-0.0025388539814737987,0.0758294283343659,0.0292233684938763,-0.00465119902417066,-0.001032459875335845,0.0028006224111445377,0.005568810897615073,0.039603950362773865,0.002077891814596722,0.004273534172344773
2019-04-09,-0.017441892224744016,-0.004861288705583999,0.0,-0.009749764205590039,0.005813947847045586,-0.0024691576038263774,-0.007659587454288519,-0.03631281530524766,0.0,-0.009009775642851436,-0.02222220063700142,0.0,-0.01943054537982114,-0.009696022337011279,-0.005731043902872379,-0.014272077100812353,-0.009455464513403067,0.024915857652938467,-0.024390284875953183,0.0,-0.011475594498635222,-0.02548471489839066,-0.009803865653465582,0.07900210373419014,0.0021602176102657467,-0.050000060391214296,-0.0023656933332025787,-0.0020150524892698085,-0.0027973741252743656,-0.0027910725307342954,-0.004459304421657095,-0.03053196434070027,-0.02020201072482808,0.006399993896484268,-0.025882317038143365,-0.016985226721000668,-0.014475257673253195,-0.0012023459141122794,0.013333320617675781,-0.0024664888799755813,0.05333336194356275,-0.007097923096444858,0.0,-0.02890177512966252,0.0,0.0006043119067749014,0.0,0.0032928798141107496,0.007193960877016625,0.03052570079518513,-0.018716854718025533,0.0,-0.0012943185451741446,0.004926103745908295,-0.002716232382688588,0.06481481076082707,0.0020976294909678117,-0.0008660108436322478,0.0013932438945301051,-0.016618248410829817,0.0,0.0,-0.014271182518507675,-0.0010636394910457092,0.0049855590110001735,0.0,0.02580639668632534,-0.03636370926848953,0.0,-0.0007178578125559554,-0.010711656871605246,-0.0044052821794189345,-0.02179329564158028,0.004672933769157783,-0.0016994756448509563,-0.003952081238036587,0.015377748056939922,-0.03809522881185079,-0.0023537188861048053,0.007092157807799149
2019-04-10,0.007162860196635812,0.004634224778037321,0.007936723347994779,0.004715931568860077,0.021965310510565716,-0.0024750462895021252,0.0,-0.014492739601511984,-0.012128289373607881,0.011364580046439254,-0.03409096553469926,-0.04745766503366666,0.017997845189493766,0.011578161624930638,0.013509046752740339,0.011348020365665956,-0.004098965516572295,-0.00025549572947625165,0.005555550404536813,0.02294114056755525,0.04477641961071299,0.008527550723653965,0.00990093307113904,-0.017341069671604314,-0.005214851632633022,0.05921060159570124,0.0068253842294550005,0.0008075662407442952,-0.0014022628887812028,0.011193923273957074,-0.006718971731940804,0.025194977689877662,-0.01649502898064026,0.0015898615170881758,0.0,0.002160023877187056,0.03549571103364979,0.006090887154774682,0.02631582744894323,0.0026373683353722033,0.0,0.02541696918654246,0.0,0.002976187730794999,0.0,0.001208880270725965,0.04489444697359124,-0.0020466608511419127,0.0,0.005119813512984628,0.034060166973399975,0.0,0.012068669000637744,-0.014705868603311245,-0.001290051888248267,0.029565186284635114,0.015175144000748375,0.004829625258473191,-0.0010640430941665224,0.00946329059657125,-0.00952380087370197,-0.0009427852757779576,0.010341292845371886,0.004792532298535379,-0.008170429237266519,0.011627906976744207,0.03270440129650587,0.004717089349841386,0.0016273765521359618,0.024784492280950143,0.021976876914505228,-0.10176992037346899,-0.01845971472612573,-0.023255769318050734,-0.002885502701047038,-0.0002644849050614795,-0.05071387386734216,0.0,0.005673364817730064,-0.015492976759426735
2019-04-11,0.008967287903846266,0.007792074966156637,0.0,-0.009180938269415684,0.01583710239437397,0.0024811873430290454,0.007289883298398081,0.01176469433266436,0.0,-0.026843669806102644,0.03137261318454776,0.0,-0.018385019174481432,0.011906477553191186,0.0012440282776229328,-0.0027081904924370903,0.00282243830429052,0.013544734284010707,-0.0027624283920971715,-0.04284065313586116,0.0,-0.0022547355521296275,-0.053921588335253956,0.04117647883801334,-0.0013280382447711236,-0.03726712547784827,0.01011132753259969,0.004439194008132086,0.015449547189341883,-0.009040687453308993,0.009019157242188935,0.0040959006118113095,0.017819997132982435,0.03174600050953447,0.0024154219911944885,-0.01724135382233305,0.013002323425679307,0.007531686090137324,-0.01282056141338439,0.007479869029715758,-0.007594989618606496,-0.020913986734863887,0.0,-0.01186942528527457,-0.01923075159625831,-0.0006037551041757627,0.0,-0.004797509702694214,0.0,-0.0040022051267532,-0.006587615733137153,0.0,0.004161698960875926,-0.03980101656463497,0.0037318836347060014,-0.03378382560996673,-0.007731811851117487,0.0025879007999205506,-0.003031838986226165,-0.02321443374241383,-0.0096153757981291,0.004718583940989118,0.004350009967555746,0.005166590450496056,0.001471033270989075,0.011494252873563315,0.017052509909079472,-0.014084604787086619,0.0024370212793318746,-0.015072082826837474,-0.0006294470453763745,0.07881777738210993,-0.0042801233677068895,0.014285824921401957,0.007643394645319823,0.0029633729964733124,0.004400962450576751,-0.06435645659538392,0.004077229347940969,0.02718169720198227
2019-04-12,0.007968027567088587,0.010144281141226008,-0.005249505727156434,-0.003591480871388386,-0.04231624445603788,-0.0024750462895021252,-0.003831424157719643,-0.011627895694091173,-3.0382420068697513e-06,0.0028653216597473996,0.007604555154464343,0.0,0.03072153520911791,0.005693541224358167,0.01952406448397781,0.01784662668565673,0.013955554620920907,0.0037818881115205816,-0.019390563788628468,-0.0153199796396698,0.0,-0.00960452367041098,0.0010362931893419525,-0.018832373956716664,0.012667955604272807,0.012903325013112088,0.0101811609607112,-0.0016069693675383467,0.0041489449420011315,0.007261478410383937,0.0,-0.0067017650858699485,-0.020597531204322284,0.020000017606295106,0.009638590985033835,0.024122568237235686,-0.005834216900934441,0.006916558718816024,0.07792212939379128,0.004976718941386071,-0.030612231709717497,-0.05379745110213552,0.23529411764705888,0.021021073052599926,-0.00980391240220746,0.002416031284822484,0.0,0.010224697731080257,0.00714306568872658,-0.03159816515500147,0.01724103678022315,0.0026859081727008682,0.0015939821973094404,0.005181404116229027,-0.0038608933556034675,0.041958013053378984,0.028051986461356426,0.009957132216261488,0.004602808580701945,0.02353751947980709,0.0,0.0015651275482502225,0.008407662776247937,0.010280882898889399,-0.00029380008890123044,-0.022727272727272707,0.0,0.00952380087370197,-0.024311198300264847,0.019928950920549804,-0.012175879852928118,-0.0091324111433575,0.01042074447751773,0.002347150860170011,0.008763208207955175,0.0003693474731369939,0.012232345197498828,0.07936505307226116,0.005284330944899995,0.006963815032072551
2019-04-15,-0.012161637515434087,0.0022654463697935334,0.0,-0.001149153473608333,0.0,0.009925420467114865,0.0,0.0,0.0035048299563285035,-0.009083176472547971,-0.030188739337966508,0.0,-0.005185534733168851,0.007850461550132914,-0.009923365588658917,0.005527166189244648,0.002776208200060193,0.0007537657953549104,0.01694913656104502,0.020439353526325865,0.0,0.0,0.031055920856482455,0.00959696552183642,0.014029986488658386,0.006369434069066315,-0.0024212306628674796,0.009859178195446239,-0.008264287789097047,0.004436112899596223,-0.020111659814241234,0.011733979884550383,0.009463880483262521,-0.06636501502648351,0.0357995213693143,-0.014989076585025018,-0.006455434532948057,-0.0004157808514728689,-0.04819278146691419,-0.0014611880731267846,-0.039473647060816464,-0.03177269897559909,-0.04761904761904767,-0.01176476445577379,0.03960392300071258,0.009841184099796285,0.0,0.007273197801380915,0.007092113316746973,0.01980383304404132,-0.006518704733328939,0.0,0.007161625996596088,-0.005154695555459998,-0.0018663196900254864,-0.03859052066156765,0.003031862223395132,0.002555885702093308,0.011699338685103422,-0.0029023288586351725,0.009708728874782357,-0.0015626817519910352,-0.006821594091067862,-0.006392701640660525,0.011460227177475746,-0.011627906976744207,0.009580747972941728,-0.023584884441207543,-0.019102952073508983,-0.028960286116285983,-0.015513750664156944,0.10138249809924371,0.005543332065555129,0.009367641825526407,0.006351611889316544,-0.0029008400283289104,-0.00919894111067654,-0.019607809574020085,0.00011084954427298399,0.0
2019-04-16,0.012927006137531283,-0.009408595067099346,0.005277208463207561,-0.016474935465496943,0.008139499262773686,-0.004914048089242562,0.0,0.014705867915830284,-0.003492589025686277,-0.015707681599096412,-0.04280151671328203,0.10320282219863852,0.016907950858805254,-0.0008993319888158657,0.0015824809621209912,-0.018953903039323983,0.0029985017607598863,-0.010291448182564888,0.008333391834189907,0.02541101508920862,0.0,-0.01996579393954956,-0.04618474260895222,-0.024714849578733378,0.0006133883392984707,-0.06329112995103958,0.01817369356388321,-0.019725111614558477,0.006944250230244364,-0.008097036306972893,-0.012542828347766433,-0.01565691211998599,-0.01041662402571153,-0.02261710261574068,0.0,-0.008695639207308759,-0.0029534048144047587,-0.0015273070280922285,-0.05063292285300003,0.0026015386579152366,-0.01369861671503625,-0.00949902053305407,-0.14000002543131507,0.07142857649699375,-0.00952380087370197,-0.0031821752855892838,-0.02948632154283337,0.0045084483663964114,0.0,0.002404310502107876,0.009186217537908048,-0.0017859648138275341,0.01769769984333136,0.005181404116229027,-0.005609207195092392,0.06457233455673772,-0.009571733310033359,-0.009469281085831338,-0.010108468129050419,-0.008060917930035383,0.0,-0.011584344699983151,0.021622971226092913,-0.006039762231910162,-0.009296861912933996,0.0,0.008303685475274714,-0.024154567115350467,0.005080394903519414,-0.0017964927095970307,-0.018456546749165637,0.0,0.00012841002546615243,-0.013920998958873443,-0.009503465431225377,-0.0013223775145995154,0.016201604023244442,0.0,0.002600391330149332,-0.029045648353107967
2019-04-17,-0.008811974518845633,0.004378903783331278,0.0,-0.029673012734883764,-0.04267589523496951,0.0,-0.002136719567335077,-0.026087000389555248,-0.02631242958939073,-0.006733160793558457,-0.024390220263873164,0.0,0.014537701181306595,0.0023242593878498585,-0.005968900755136453,-0.010432892746863098,0.017249461763313878,-0.007608199667601845,0.0055096364451752144,0.016326571013038027,0.0,-0.012805658719158841,-0.0010526556717721514,-0.07797272640237063,0.014644841570924605,-0.020270206158832682,-0.007261819781233969,-0.0063009998400977985,0.0,0.0,-0.01847573328305807,-0.004123584245070644,0.0010524316752376084,-0.008264494075791107,0.002304112225928412,0.0,0.005924193509567965,-6.945084047593753e-05,0.04000002543131509,0.0010541914006871878,0.013888875091518038,-0.03661705407313687,0.0,-0.01388887601134181,-0.02884612739438741,0.0021946851158411995,0.08506948981938289,-0.0026242319579642404,0.0,0.012730601789599838,-0.01040292223566075,-0.0008943458508958724,0.01568204573206411,0.03608243875162076,-0.007520538221184703,-0.04754094405353515,0.007120725686947882,-0.0003679211872531507,0.03757834730395393,-0.003837478174696818,-0.01923075159625831,-0.0044347859295443826,0.003486077958928968,-0.007661966664395337,-0.0073309945173983815,0.0117647058823529,-0.005882439597623468,0.06930698328024776,0.0,-0.003599712273064548,-0.013195563508038077,-0.029288773468143292,0.030636909199929674,0.05176476823830689,0.002929882608638801,-0.013241611223574812,-0.010607758737159467,0.0,-0.023784744956682924,0.011396000558891117
2019-04-18,-0.0027590423062787695,-0.0025174509792688093,0.0,-0.027402016787777317,-0.019277076074702304,0.002469083405929773,0.006423966427397287,0.026785760535068093,0.0,-0.0034773893459018046,0.0166666501098216,0.0,-0.0012312371572019698,0.0013460671620937337,-0.003179224290407179,-0.0023425671291289474,-0.003165349753961544,0.006644284047575777,-0.02739729875022945,0.010613853281887131,0.0,0.01061322611394333,0.0010537649233954838,0.002114112474493446,-0.010338402762561816,-0.03448288423822743,0.004802154098332956,0.010431650632652056,-0.006896360179480032,0.01372888107282133,0.031764759736902626,0.022182864484610487,-0.04311244859828811,-0.009999990463256836,0.0,0.01973655206712066,-0.001177883292277082,-0.002294451768848349,-0.10256412450927044,0.000809978320065019,0.08219178194041366,0.0009047410609306361,0.19767443923578898,0.008450696279642456,-0.01980196150035629,-0.0027868206698135056,-0.07119987596256527,0.006444748798595468,0.0,0.005647684036037326,-0.01051255311701682,-0.0017906947643815396,0.021936827004662263,0.009950239314132636,-0.005538053529345444,-0.013769319566896199,0.0050507322297301815,0.00036805660307548393,0.0006299510294296429,0.01722176188141833,0.00980391240220757,0.0006364637156450748,-0.010421902312844011,0.012513187664775938,0.0002955134636486445,0.03488372093023262,0.005917247448322449,-0.03240748559250928,-0.001684878204058493,0.015173219764657908,0.011143303140234817,0.0,-0.006218893739145526,0.04026844325545653,0.007667397792658903,0.0018786728781814421,-0.0004847650087098643,0.025000031607885997,0.002657215609306096,0.0014084829600224946
2019-04-22,-0.010451879056766367,-0.0032625874046677827,-0.005249505727156434,-0.006254518121341368,0.031940986423175,-0.004926078112033494,0.019148968635721353,-0.031884096230160086,0.0,0.010689510029019189,-0.02459013990675485,0.0,0.0011477172562799343,-0.014115897366484553,0.001949082543477143,0.012328530362967438,-0.008958914519469174,-0.0017768188978120047,-0.03661968387845116,0.008799357857480539,-0.03174612908980334,0.023337312725955073,-0.01052635594418172,-0.0632910819375283,0.00047488349673230346,0.0642856991673697,-0.020339011474830637,0.0016194681192023275,0.0,0.006039785667340869,0.021664717270921452,-0.02893551934404348,0.005494562009703552,-0.008417540446667982,-0.004597718688263308,-0.019784502259041825,-0.0076650452702924365,0.006968685290244414,-0.0714285714285714,0.05422915675548268,-0.01265829088137238,0.06238682416161123,0.019417488313168585,0.12849163350561632,0.050505001853162534,0.0017967182742546495,0.0,-0.006782534815604091,0.042253305532669705,-0.004166658316257621,-0.03054435735060912,0.0035871431378422525,0.027673874590098402,-0.05418719992877974,-0.009964600314810612,-0.008725988368374682,-0.04472374598311901,0.0002452428575721033,-0.0051144028008730524,-0.00824205596222094,-0.009708728874782357,-0.0009539473916018171,0.0017553360634625648,-0.008676968432914323,0.0,0.0,0.0,-0.028708107772046687,0.0,-0.00711718205631362,0.01300419145862608,-0.08620691958562443,0.019524529685685632,-0.03225805441256979,-0.00253639053555077,0.0020895566204779392,-0.007696381972513988,-0.019512219189823155,-0.000620201442479984,0.02390999621682366
2019-04-23,0.017396768338387547,0.01933135549231424,0.007915348102736086,0.019278682342084297,-0.042857089131866144,0.004950464486786155,0.007933136561857346,-0.008982027593025133,0.027023483085333533,0.006118653774798144,0.0084033529263976,0.0,0.03764173793017833,0.007424043102317812,-0.004597715742631792,0.012952183438698972,5.731973584310879e-05,-0.010681515665536434,0.017543842526623443,0.0112548593381403,0.0,0.0068414438780637354,-0.007446776347333928,0.04054050135560283,0.003254428840341328,0.006711417520311125,0.026830605076526348,0.005254658624424424,0.024444468936481556,0.0,-0.00223219393733487,0.012813080757474893,0.0338796750842143,0.05432940219272231,0.004618955345575992,0.009214384525001673,0.04278070805813439,0.012941035887217955,-0.04615387549767125,-0.03554696242867905,-0.006410250532086104,0.01872354907947571,0.0,-0.014851471125267302,-0.03846150319251662,0.003587080442787105,0.0,0.001411465728371697,-0.0045044516629551,0.0229215625532615,-0.0027397262219263085,-0.0035743215348760238,0.005604107035412698,0.0208333760189523,0.007844691519062419,-0.00704228283432895,0.0021041380784432295,0.024139064457799675,0.005140694382621991,0.007861315053315776,0.01960782480441492,0.0047741503069802516,-0.0005006626209105303,0.00782446747386123,0.0014765520435882085,0.0,0.0,-0.019704414983633067,-0.0042194252426397405,0.02867374867723438,0.014904294754924052,-0.004716976888241464,0.010311770786898045,0.02888895146135284,0.013295586849655372,0.012029376633240885,0.012947718719372059,-0.029850723915683997,0.015457541035167388,-0.01785715806240895
2019-04-24,0.00030525488568589054,-0.009330957802903828,-0.007329678440250675,-0.008121724069349856,-0.0298508060193573,0.0,0.0,-0.0030211452072894662,-0.016842200481079428,-0.025237881273354912,0.00833332505491069,-0.09354836673909106,-0.0036419412364130377,0.0024064584428398206,-0.004441159134610739,-0.06641260247103575,0.008123993547104469,0.0025706593468204364,-0.022988483697581663,0.013355580427863778,0.0,0.015855078655991006,0.025723448347342748,0.05844155576074006,-6.754414241727513e-05,-0.006666674683041163,-0.006849875494262414,0.006634249985659979,0.003253618951785775,-0.011824689640040353,-0.026845613241949895,0.002059430581407673,0.009513825265919928,-0.02576487060052457,0.0,0.0,0.03646731195552255,0.003211158351531518,-0.016129017372408794,-0.009711925431389767,-0.0064516069489635175,-0.010024914480690983,-0.23809523809523814,-0.04522614720969398,-0.019999980926513672,0.00039705152998759097,0.01033585874820342,0.007161706933211054,0.045249077863119824,0.01049262239713733,-0.030220067164090425,0.0,-0.0007961251487972332,-0.02551024007777314,0.009986927420609248,0.008865232990085792,-0.06666664056883143,-0.0011964632679111187,-0.0013373706490543702,-0.008245839342121974,-0.01923075159625831,0.006334937116066586,-0.006260887115408398,0.005263954990040842,0.0026541447847729938,-0.011235955056179803,0.005882326277654393,-0.010050241623450806,0.0,-0.0010452710435381318,0.003322945176883918,0.02369677403827186,-0.034021955264455395,0.0,0.00021513051898902624,0.000369897123226659,0.011696484775896021,0.046153779654679816,-0.002444650974150586,0.0
2019-04-25,0.0027472515697859468,0.0022018721619940784,0.0021098692200554048,0.012226501253816524,-0.015384570710521017,0.004926300157474639,0.0,0.006060600368335001,0.006067028859034984,0.02446526578648922,0.03305781867105084,0.12099649822999492,0.013532653595439648,-0.025731493020437535,-0.015524881836970428,-0.013082437845421513,0.01021468571095463,-0.021025673346395046,-0.008823590872607756,0.010708490498449574,0.0,0.047937495953263465,-0.028213115224588803,0.006135012398253981,-0.006353084609032722,-0.03355691466921895,0.022694490021779368,0.006391327145903514,-0.020270309668419362,0.00018411496518289105,-0.02758618119308165,-0.005872124035187887,0.02094247340162081,0.04628094613947131,0.0,0.0,-0.008796033134388148,0.003132735253065233,0.0,-0.003135117708869428,0.0064935004616650804,-0.03037993938928507,0.21250001589457201,0.0026315764707212086,-0.020408204226431526,-0.0073443050534618415,0.0,0.004085649233245947,0.03896083836414488,0.019007424091082248,-0.011331155251436908,0.004484633546894878,-0.0014486234374827545,0.031413645569305926,-0.0034899835009759572,-0.036906853582360344,0.07761548586381828,-0.0029946300423990824,-0.0062247239237074314,-0.007415852348821139,-0.00980391240220746,0.0028328773946373342,-0.012096833509779303,0.00942536480956635,-0.0041175911537785215,0.011363636363636465,0.005848039521075821,-0.005076137217272736,0.024576267556396303,-0.004185374986918289,-0.0074785999962994065,0.07407400048809576,0.007547403824168741,-0.07127437550801974,-0.005089718002048937,-0.0009506149247112683,-0.006317269941599646,-0.0343136519982854,0.0033975124848266702,0.013986000461365
2019-04-26,0.003348559386737282,-0.0009764717472634521,0.0,0.005485428498668732,0.06770831473921968,0.002450780736620306,0.0024855581942038185,-0.003012045380823114,0.0,0.0027839374977058906,-0.0319999694824219,-0.03174599054730154,0.015236220623368268,0.004235360710755476,0.001812645990908468,0.019884175402683057,0.005617895100360704,0.012047757868156816,0.038575702924497524,0.0019016487968677165,-0.006557413850261873,0.0079788048918219,-0.004301071078780971,0.006097506606908221,0.0014964033077800032,0.0,0.0026652147311834185,0.0015875160645113517,0.020414008728006028,0.03478715725467185,0.009456255714577644,-0.004725212940347445,-0.01948714348465308,-0.03159554686819677,0.0,-0.019565274244876862,0.0049916888053449515,0.005702449708887114,-0.01639342724524051,0.013950468781879888,0.04774193756786271,0.014795518153951637,0.04123707353471229,-0.005249338904693812,0.031250032984341924,0.0055988720011272974,0.0,0.015896483905616154,-0.020833258572427238,0.03022452424665012,0.0114610218695812,0.004463809710870459,0.0028289524729565585,0.0,0.007442122695307196,-0.014598493695435755,-0.004175440797193675,0.006728369416843405,0.002140946060770421,0.0072448597098402345,0.0,0.0012553994628641263,0.013775443483323269,0.004408954213516836,0.005906658323053371,0.0,0.0,0.04081628681073313,0.0,0.021015336758097414,0.036060262853579106,0.0,-0.006866622884168394,0.051162737660271906,0.007781725917464177,0.05645427157789018,0.007016996536602704,-0.020304654471498762,0.0076589321304707525,-0.005517236117658975
2019-04-29,0.010315583611326895,-0.004336851451008483,0.00526282621978913,-0.0016532390547890907,0.014634176126057108,0.00977981762865232,0.0,0.0030211452072894662,0.0,-0.004988478300324561,-0.037190144525003244,0.0,-0.006266432934867394,0.008817187439221774,-0.0032564852927732257,0.004670918719241524,-0.008267508802554335,-0.007763628958312063,0.008571420397077256,0.008405573471139682,0.006600697354515628,-0.006332497857629904,0.021598251006661906,0.004040400342860462,0.001426184781607276,-0.034722348969198125,0.014537490606133519,-0.007727378412261676,0.000270172192202045,0.0005337372750486846,0.022248194523653675,-0.002967623012834375,0.03242652439500615,0.019575837409266716,0.0,0.0,0.007174346288391309,0.003240337518504166,0.09999998410542799,-0.003896780743075978,-0.01477828209278964,-0.029159417228164952,0.0,-0.047493421785998025,-0.04040406168924138,0.0047724020848556314,0.06564356822191342,0.024547613685272918,0.020851217776806763,-0.01609392916366359,0.0014164311148501252,0.0,0.0037613328930266032,-0.010152274434545583,-0.00825610060173576,-0.04629632467421019,-0.004717136524702958,-0.0021483468577864206,0.0022941202684279016,-0.0020233718744344653,0.009900980750178201,-0.004388562627804626,0.008807244512973655,-0.006971792493636886,-0.0017616371232099803,0.0,0.0058138147878636914,0.01960782480441492,-0.007444181261538341,0.029159900505366654,0.009350665203936792,-0.017241363363798556,0.0157136188571525,0.004424598641805666,0.0035748747141979287,-0.011958421963012,-0.003811284745322552,0.0,-0.00016510141354331154,0.0
2019-04-30,0.0144143271545083,0.008588894370888722,0.0026181593442506923,-0.010211511514404581,-0.03365384202075794,-0.0024211838305433497,-0.011983508528291442,0.0,0.0,-0.0006103382451315698,-0.008583683082144522,0.0,-0.0034542338680763063,0.008150598464941705,0.0025411517900320035,-0.01960790848150995,0.007716997673010484,0.009129064843246049,-0.002832858511134684,0.003495592173049289,-0.006557413850261873,-0.01115236778138684,0.003171219117359403,-0.0020120226291382437,0.016547999266915747,-0.00719425327286205,0.012243922573111687,0.017372427459588335,0.03243261610932069,0.032888864485656644,-0.01489108448833898,0.0074406144334464575,0.012158210056660401,0.028799972534179652,0.02298850574712641,-0.011086312370305329,0.016438314359481954,0.00296044673121143,-0.015151500920837613,0.024990009219947096,0.034999995902180725,0.0053002261724865996,-0.08910887536552792,0.008310307667627637,-0.01052630588288439,0.0063327737050218325,0.0,0.00734720515699161,-0.041267262860472,0.015505194559639612,-0.012729555827335037,0.0,-0.00655763950487942,0.010256400224333495,0.020154712944935316,0.0019416983215063688,0.009478874522639735,0.008372459857624248,0.010735034220778816,-0.02026975676735021,0.0,0.012909214435565808,-0.005986501720837478,0.010011745828898633,0.01470542652339657,0.011235955056179803,0.005780432428905247,0.009615375798129211,-0.024166663487752316,0.03999991638729439,-0.0032938722573151447,-0.03508768627628134,0.0014850141644389137,-0.004405107807782249,0.005485333130517578,-0.00010132926062456082,0.0058587379439050125,0.041450831509699304,0.015535581101573381,0.01386961221962335
2019-05-01,0.002072224671955114,-0.04203411720043837,0.002611015992633803,-0.01773354934724869,-0.003731369286201769,0.0024270601894296195,-0.003345877215248594,-0.003012045380823114,0.0,0.0011341585264605936,0.012987000923330161,0.0,-0.00272057978355289,-0.005817587502551236,-0.0005432226377694027,0.0004125667762344687,-0.020123168788698576,-0.009563229995773193,0.0,0.0010718359017802825,0.0,0.026315775995332302,0.0,0.0,-0.0009340142118787753,0.0,-0.008821130037234948,-0.01295398697536665,0.007853300158292997,-0.005163290730571091,-0.02906976615241441,-0.05583447751988091,-0.02402396968428855,-0.024883336187187743,0.0,0.0,0.004312664528105525,-0.056151918554952274,-0.04615387549767125,-0.022667166973946773,-0.027777779777396816,-0.01405964263477033,0.09782604414033136,-0.024725315932445535,-0.02127657550770312,0.015536086279920758,0.0,0.013329609808774068,0.02173904903161583,-0.02785234714616469,-0.00716339857244408,0.0,-0.016030804468901483,0.020304548869091166,-0.01245533489294337,0.9864342228538694,-0.026603980843915576,-0.02775514905971299,-0.006325873803746274,-0.0009196546585376053,0.0,-0.009014508612865568,0.0037640973507913067,-0.0020601590548759985,-0.014492310910153128,0.0,-0.008045984774263881,-0.023809502184254927,0.01622541244785225,-0.020833603899617748,0.022926791063956564,0.04545450112051319,-0.037938600264347255,-0.09513268371912031,-0.008926990870697704,-0.01524427152975838,-0.004398632274341896,-0.009950261273883654,-0.048660078191953615,-0.009575946950658998
2019-05-02,0.00029557229385424044,0.005969424473701412,0.0,0.002044004702148383,0.023720341852357496,0.0169493782237522,0.0,0.012084580829157865,-0.006740065910902704,0.004444463060832016,0.004273500354724069,0.0,-0.0026471549528549465,-0.0026601231999120456,-0.00471035699153588,0.0028852231625948743,-0.014261077009682377,-0.010699296740922737,-0.028409063970007975,0.010171334633488849,0.0,0.004186285774513188,0.0010537649233954838,-0.03024195447858724,-0.010617671705446585,-0.014492677854052616,0.0014390623635283095,-0.011135316740866541,0.013089321725719527,0.007785363323481009,-0.009580828748653736,0.041614615962154655,0.034871695733313945,-0.04944177730822452,0.0,0.021973171466642016,0.0,-0.013362732567599012,0.16129032754253037,0.014266284702417975,0.006211174145593246,0.04010701364830527,0.0,-0.01408449379940424,-0.0326087287502157,-0.0030983682794807343,-0.07039984665345866,0.00308447066481099,0.0,0.0008630143759575937,0.011543938476805682,0.004444770789818753,-0.011721315218812034,-0.004975119657066318,0.005218630760409182,0.23414628239143465,0.019828424879648532,0.009881818713177282,-0.003222157371027823,-0.006442829326197219,-0.04901956201103741,-0.0028229634769411094,-0.018499950690648692,-0.0006448795368443339,0.0073528093249495274,0.0,0.00231741963365506,0.0,0.0,-0.03273307536862291,0.006360396103054722,-0.01739128812274282,0.022478878630551202,-0.024449949143716454,0.0033598904603944213,0.002777098978856918,0.0025073200891125857,-0.02010046754560646,0.01784807971457969,-0.0027624283920971715
2019-05-03,0.008564680045713757,0.011172480988413502,0.0020831285176332592,0.004589204035734928,0.06097562482568364,0.003592638200448306,0.0,0.03582093355039162,0.0,0.0028630417798372054,0.008510630526872509,0.0,0.007982823690930285,-0.0009145251077139482,0.02821264569004578,-0.013563547803137621,0.006423550288089164,0.009495895868084192,0.017543842526623443,-0.008479159917580747,0.014851528696166572,0.0,-0.01578943352950246,-0.049896002905038705,0.01694110721379416,0.0073529495351156715,0.05076632781470258,0.003016199023019972,0.007751830541455673,0.0,0.013301046020376184,0.023430274646608185,0.02081270154827175,-0.005033592217505545,-0.0022471567218222965,0.0,0.0042941453199056845,-0.008860880605899735,0.0,0.0018859915385163184,-0.04320990879385589,0.0017138173418445035,0.0,-0.005714280264718208,-0.01123594452133514,0.005438823567762707,0.0,0.011099034520908102,0.01914897070246746,0.08829106369531203,0.03851656156026251,0.047787369428097914,0.005221519923840345,0.039999961853027344,0.020479427187876098,-0.13833987514702029,0.01891733718076294,0.022106766180203463,0.006623023694274144,0.025937978549587015,0.03092780464424627,0.01100961090000352,0.016556251291190316,0.007486911955789655,0.0,0.0,0.005780432428905247,0.02439022120941492,0.0,0.048392618051141145,0.0194623037265933,0.0,0.010176022125005124,0.022556507161623385,0.02037725695400394,0.010103579271641516,0.00756295626114345,-0.010256484672144017,0.0071147794488337635,0.027700871456256104
2019-05-06,-0.00029285824122238235,0.000374634857394307,0.0,-0.0014102692879780498,0.4827585687157281,-0.026252936332818888,0.0,-0.03458216800814329,0.0,0.021152412853025382,-0.025316432775011277,0.0,-0.0010050251256281673,-0.0005340169462511035,0.009913373642590706,-0.0047917812561179,0.02438031844280486,-0.0015675763774271045,0.022988483697581552,0.01897388920128673,0.0,0.02605523637754059,0.16684485586054776,0.008752726553724832,0.008561814300119597,0.07299268906074974,0.0105842036318462,-0.00982360067743715,-0.0028204214538019023,-0.014764009645440224,-0.017899829374238285,0.014382424743570876,0.0009708282583653638,0.020236149387859337,0.002252217808209167,0.0,0.0,0.0025437860901904585,0.0972222645341625,0.0031370741479932462,0.045161325551965836,0.020530154527038658,0.0,-0.020114923235383997,0.02272725117600638,-0.0030910135887809442,-0.020654362553108152,0.015347026592538615,0.03340303894073049,-0.007764247721880446,0.024725205287490004,0.0,-0.007346321421264124,-0.05288456688971033,0.002119651625080765,0.04403666421417207,-0.026817832578485468,0.0007092486551381061,-0.003133251884810173,-0.013318528676158348,-0.04000002145767212,-0.0037337323262981448,0.00476076739847997,0.0001281000610851013,0.0,-0.011111111111111072,0.0034482159233064635,0.033333416590618725,0.009243749065358964,-0.029373783585762037,0.0002952054564659967,0.0,0.013679720780940485,-0.007352998046316062,0.0012571850870410906,0.0009139804862234868,-0.004846329080470224,-0.02590670730444322,-0.006341437974949016,-0.026954216178686208
2019-05-07,-0.01493850055427881,-0.011856174755046078,0.0,-0.018016290606079788,-0.031007723283626443,0.026960734786658946,0.007133868100638541,-0.0089552155951661,0.0,-0.029864035383687426,-0.00432900030777672,-0.01639351638705422,-0.018470810212839583,-0.01633068749342148,-0.007537162397934227,-0.012350595841753687,-0.00022450414616048686,0.0005233665015691447,0.019662969883848636,-0.015735700813291786,-0.01869919242263829,-0.0020315345069774615,-0.0586617230613663,-0.019522809106575778,-0.010726538633824334,-0.08163265842709633,-0.014432266784475178,-0.0062764173317478855,-0.0023145355273263,0.0005226240179487807,0.0400973141841392,-0.010416991362619199,-0.028127752820069407,0.05785122208236748,0.006741555889001161,0.0,-0.01015492442576671,-0.0211702315117287,0.0,-0.013447709192015544,-0.009876563196192345,-0.0008380960065059728,-0.2772277171629781,0.011730193796544386,-0.02222220161814692,-0.011434219185902927,0.01933220603633412,-0.03469818190783691,-0.010101137307959696,-0.016288733234779862,0.03887393055975519,0.0,-0.0031397036370715004,0.04060909773818233,-0.0007053448187619438,0.10544818277216872,0.013248627690448211,-0.014054620266011675,-0.010135674111580895,-0.020818399171931956,0.04166668994973155,-0.004059816592222321,-0.02119704158585345,-0.0012808365356132834,0.0,-0.0898876404494382,0.0,0.08294922673276472,-0.024979199418616038,-0.0262722018409407,-0.01741273237472918,-0.008849549119871458,-0.008219730565583894,-0.022222215562743175,-0.020154824433999186,-0.020037520575062473,-0.020667604397115236,0.0,-0.023624406430029832,0.02216071037379086
2019-05-08,-0.00267618065021602,0.005304274258727926,0.01091436122960987,-0.009892555940703818,0.039999961853027344,0.0,0.0,-0.021084317665761465,0.012500192403103183,0.008558167053155596,0.0,-0.06333335052865396,-0.0028084028875776657,0.019317052231573983,0.009713853483054091,0.012081330385998568,0.0006175250388729125,0.00941653635804185,0.09366388524802494,-0.016520089316570452,0.0008282822110896593,-0.010686976516509628,0.04771175747589629,-0.026548647359614486,0.003924674587270305,0.02222215223800461,0.00716919714445563,-0.010187839456405223,-0.0005153089761167351,-0.0015674008445950571,-0.011682286982201417,-0.0029238499677297636,0.0019956999785577523,0.0,-0.006696411655569223,0.0004386203543460532,-0.004319650201332403,-0.004443997436701874,-0.11392406132946664,0.005626712222432717,-0.0024937335227899204,0.026845422034913025,0.23287673380388818,-0.017391287521814403,0.0,0.0,0.0,0.0033943327170509185,0.019183512428886607,0.0012987310557857068,-0.021935220750675888,0.0008446818097651576,0.00959879055650914,-0.014634132725648952,-0.018910602506908125,0.20031786298644993,-0.0005230916432265031,0.008504953974969753,0.00031743923831228926,0.007943705423682168,0.0,-0.01473822927196955,0.049426733365727005,0.005798686569112199,0.0017584766074294489,0.0,0.0,0.1744681287103258,0.0008539905080493515,0.016052105730434363,0.01932319141217964,0.0,0.012246447612518585,-0.017676782691553816,0.00042653968236683326,-0.00015520990984996264,-0.004063271007127445,0.03723409024881019,0.006306891732392073,-0.012195142437976592
2019-05-09,-0.003577855617803216,0.008668960518746438,-0.028277286029941617,0.004182868390906647,-0.13076920255401325,-0.007159839878518648,0.0,0.01846152085524344,0.0,-0.010866718128251684,-0.01739128812274282,0.0,0.006783816857145686,0.011340503565509863,0.01486772149002391,-0.0006279784214540118,0.010043817985081471,0.009588197728956915,-0.08312340587603906,0.014901090201416167,0.0,-0.0015432451554180382,-0.07713753773705145,-0.015909129578219106,-0.0009938636251272115,-0.02173906346027865,-0.00666373637150075,0.0037053440055061504,-0.0007736157746810468,-0.007500294327251522,0.010638315860764802,-0.004692409134055775,-0.014940251093858214,0.03124996973201677,0.0,0.0,-0.005423014022425399,-0.0037198622555802974,0.014285700661795575,-0.0038616924128037633,-0.03750003818422498,-0.016339808537375045,0.0,-0.011799468741531816,-0.01136362558800319,0.0066655240835176155,0.0,-0.01004175541195862,-0.013616147079747676,0.0038910159303191527,0.00659623723724434,0.0,-0.007799175619668031,0.009900980750178201,0.0025892318585154506,0.0,-0.0005231424179414912,0.0014256841066937476,0.00023796675266640754,0.0,-0.029999971389770508,0.0006367367702542204,-0.026219944730222933,-0.0019218645262354395,0.0011707675686214447,-0.012345679012345734,-0.014891068999637214,0.057971045791138875,0.0,0.0,0.003044938566174382,-0.15625000997845606,0.023952027381000995,-0.007712204817469703,-0.0004263578238361543,0.003002757953610935,-0.0015834036920340244,-0.02564105730729538,-0.0029056864925095516,-0.015089181631002813
2019-05-10,0.016158041812065482,0.0028646723267216068,0.0,-0.005900603619851785,-0.017699098239742916,0.002403848225172034,0.0,-0.018126871243736797,0.0,-0.0098043746714922,0.04867252015929324,0.0,-0.006881051796197024,0.015050984531780998,-0.006721561607190063,0.02074539096874184,0.016276956099741335,-0.005647056563924502,-0.013736315740073168,0.01841971324799796,0.0,-0.004636793060041722,0.014098628937147861,0.009237866641528925,0.004576523325948267,0.0,0.008842895088451819,0.011689901800038038,0.003096731884293158,0.03374322947246711,-0.019883049415386544,0.0029467692726359296,-0.03437806749646344,-0.033333302025842726,0.0022471567218222965,0.008771916629475296,-0.0016358062375083637,0.00642253392396519,-0.04225348139821283,0.008228108008489832,0.03896108017862199,0.04485061046487604,0.0,0.005970143730110733,-0.011494241848790776,0.010126218413864185,0.0,0.01061159496040398,0.010962260335325213,0.017441890552192252,0.018348216259993944,-0.024472383664762343,0.0047163113802715095,0.004901956201103674,0.015638626707342063,-0.13907277561603937,0.013612503534900178,0.009132775626137679,0.01554930184694725,0.00834493587427354,0.0,0.017175454673621804,0.0,0.006675488317895439,0.0011697788082278837,0.0,0.017441780370456517,0.023972579251313464,-0.017918091583816187,0.008403483293847103,0.012338371258789449,-0.010582000570312333,-0.024227326588685094,0.0,0.0012812068044931735,0.0046973426561425224,0.006830914925216147,0.05263158228285314,0.009428632627507039,-0.013927563652283204
2019-05-13,-0.018845723991230523,-0.02341175624302927,-0.002645677965149029,-0.024730725182482427,-0.027027000903735332,0.0,0.0,-0.015384600712702867,0.0,-0.00251952471464556,-0.029535838237513157,0.0,-0.026522459326000614,-0.021278121156754093,-0.03036601322981225,-0.021350543631984853,-0.0034985460636216548,-0.0005160230915749464,0.013927630064145324,-0.011795563432263512,0.0,-0.0067287351356132286,-0.012909644327768532,0.02288327397056089,-0.030767222075414824,-0.037037174884738344,-0.018942196837346215,0.009933060705308083,-0.0020580300932462325,-0.01836068156142745,-0.0011933447190057844,-0.0305522463847534,-0.015706967277506867,-0.02507842027888252,-0.004484236661089436,-0.008695639207308759,-0.03823041376341152,-0.013504467648276841,-0.02941180595477033,0.004551121901827493,-0.01874998183921006,-0.04213024104345997,0.0,-0.020771494249230527,-0.011627895694091173,-0.013109250793663318,-0.01724135862699916,0.0024912348225616388,-0.0008032691423508487,-0.010476188054160507,-0.03989678903290084,0.0,-0.027866815483719276,0.0,0.017233847854798645,-0.10000010002747117,-0.02272729774020188,-0.017865608507183217,-0.006639892200429154,-0.017471290050575905,0.0,0.009380822862590454,-0.02044375947540722,-0.022188751587036926,-0.0040877325854753455,0.0,0.005714259923585319,0.030100305646238334,-0.04083407972915987,-0.025000038188495388,-0.03259813510080245,0.053475948442173626,0.000489256219351919,0.018134858717653968,-0.015638427345160966,-0.027897606448281875,-0.004785385756570726,0.0,-0.016699536082624866,0.012711886095724712
2019-05-14,0.01710687451693893,0.007948762180697067,0.0,0.0012529041083251258,0.07407400048809576,0.0023980119624091856,0.0,0.028124972758815092,-0.013499291569717853,0.015598639353664678,-0.008695644061371466,0.0,-0.012165264915040552,0.004242165796804143,0.028632661074535548,0.019508993156037713,0.005430521042199876,-0.0012913353447137066,0.002747250048093175,0.0074270231732229686,0.0,0.0005211166546914558,0.03420524818319759,-0.026845613241949895,0.010694768615748362,0.015384833412401377,0.008421904611180642,-0.009846873473821405,-0.002320058605329911,0.014547877960371158,0.0035841975366033285,0.013030043298574379,0.02340430141119043,0.004823185019339871,-0.040540607880580004,0.002192950229680024,0.020442855793617376,0.016998461567074186,0.045454575010568155,-0.003671347673896097,0.0,-0.013278082046545125,0.0,0.02424247372139554,0.05882347166332158,0.008399758814329195,0.0,0.020380106404320975,-0.015273311698346448,0.00016038372647941834,0.032171655720282466,0.0,0.012263402226915465,0.019512176967531936,-0.009720787097353911,-0.06068364237447055,0.006342440430171958,0.015071267163412116,0.001966062808197666,0.024801045088006957,0.03092780464424627,-0.0071251567025720774,0.02290660112578302,0.004956201001077298,0.0020520010650035836,-0.012499999999999956,0.010227314395483855,-0.0162337511541627,0.0,-0.0010345217414894359,0.03539646875224811,0.0,0.015525844070272354,0.0025444872993358736,0.0060656814982733565,0.010781579066607927,-0.012355464746571343,-0.12499997742293867,0.00967175880175497,0.0
2019-05-15,0.004426101820110162,0.005425308659525729,-0.0026525715963916507,0.012275487239981953,0.02586214781232954,0.004784764902643568,0.0,-0.018237064886088117,-0.01872513646686713,0.006152385492498524,-0.017543843138140613,0.014234961607719754,-0.01216540328948068,0.0023384582577306023,0.0024356810813439544,0.04218141097511241,-0.007965563906032536,0.008016325114928335,-0.021917852064214927,0.008162226883290824,0.00082808254882627,0.011979142348800487,-0.07392989250475979,0.045977078272876115,0.00984030977903605,0.26515131181412066,0.019655648379218738,-0.004084103678987483,0.005167802256063947,-0.010071635568984827,0.004761900436850874,0.003888726042386992,0.0,-0.014400024414062518,0.007042325410881345,0.006564570623139421,-0.007790728714407669,-0.0028103925687226194,0.0,0.008780727097646768,0.0063694204644377805,-0.013456762036952674,0.13333334746184167,0.02071003871974031,0.0,0.004068314009890939,0.0,-0.0013571636681271038,-0.010204044054258676,0.011547734375678687,-0.00929621936064684,-0.004325446025617019,0.008480313887149427,-0.023923423143372258,-0.0007008859919636068,-0.0737034318821661,0.017332093109866387,0.010214988317470475,0.015226384654747793,0.003881284641091609,-0.009999990463256836,-0.00031221399832037644,0.0032345807794267323,0.009083845023593717,-0.0014626501121286495,-0.012658227848101222,-0.004499395522729266,0.03300334785326098,0.028079748250711578,-0.04625492280225574,0.03795268169341748,0.05583750939000054,0.0042134180611386185,0.1345178332662107,0.010479432971933544,0.013751558808581255,0.004683900964389309,0.02857139515123519,0.0009122782896946457,0.0013946655422976129
2019-05-16,0.013807166829046924,0.013553709477555742,0.0,0.008906463571839218,-0.0504202177342542,0.0,0.0,0.0,0.0,0.0012142711468132728,0.004464281437804418,0.052631508846761266,0.031664621174957386,0.0053428281806544575,0.026131279318337253,-0.01441296029995831,0.005279802747298223,-0.001282904576636601,-0.008403353487606458,0.007312582204283213,0.0,0.0056613797541866795,-0.007353008942499462,-0.21318686293772338,0.02456112014155032,0.1796408631547488,0.009987993551059171,0.00287044446934992,-0.005912778920702744,0.023451969055622968,0.0272512449461757,0.0059594148842436745,0.02494804594832667,0.02759741566639229,-0.009324044560642064,-0.020434390817760995,0.0005608653350883674,0.009419605977130097,-0.028985548309857667,0.00038863424088142473,-0.006329107716228521,-0.004262767928960964,0.07843135910493748,-0.014492739601511984,-0.06666667108182567,0.018715043111992236,0.0,0.008467082150588334,-0.010309409113694268,0.013635652679765853,-0.016085943353997156,0.0,0.08041137667063047,-0.004901956201103785,0.0054728138968154205,-0.0864439678197011,-0.02374824329901626,0.01869451456071869,0.00711254840167852,-0.008414729602698845,-0.02020200074126499,0.0068665644765895095,0.007688533093732408,0.014659938384504523,0.000585815376535459,0.05128205128205132,0.0,0.04792327522826478,0.0,-0.02316289477938671,0.0006512811000922714,-0.06730763058690403,0.010309248817873762,-0.03579435279531007,0.00958943243933974,0.015215672189988982,0.0058883096193542706,0.016666687850082518,0.014355476772620834,-0.004178235889753967
2019-05-17,-0.021153312312813588,0.001175720905566724,0.0,-5.8913581003960935e-05,0.05309740021417575,0.007142792116940688,0.00041667620340990474,0.003095972261363933,-0.004770596597428067,-0.00688697696330598,0.053333282470703125,0.0,-0.010846333629870197,-0.013848258674159508,-0.024269554225487044,-0.022035238982828664,0.005798979377923397,0.005137662693462941,-0.0056497121870150435,0.01296344319305498,0.02564082442015647,0.0005116848037227673,0.02222222670746299,-0.04748598924532388,-0.0014982459499001122,-0.16243659801898203,0.00870250681386775,0.0014315962963169504,0.0007761346547177084,-0.018702419481192556,0.002306747856212654,-0.004739340831448335,-0.0020509842376466025,-0.012638218747278662,0.044705918255974364,0.0,-0.0016816528244903983,-0.0025718120143104484,-0.029850718650553665,0.0016312998461061046,0.019108261393313564,-0.01541087423620835,0.0,-0.008823590872607756,0.05952382557381353,-0.010795310793987212,0.0,0.009466975882219675,0.0,-0.004692620610487586,-0.004087215570063529,0.0,0.002362832599730913,-0.049261096182871555,0.0043267435444804825,0.011827911269882696,-0.007932271858592577,-0.0042701498727614196,0.0018421281719556148,-0.0022935813454781906,0.010309268214748757,0.005579628122804214,-0.005660853034708424,0.0001271377471190327,0.0029285684939521772,0.012195121951219523,0.0,-0.009146332820563763,-0.01850220538228564,-0.008892339135453398,-0.008275214917661367,0.04639170696636952,-0.01150940069998263,-0.023201702477944397,-0.001125702807508011,-0.007773296017800635,-0.006036654288257948,0.0,-0.011568988881313746,0.001398566700881121
2019-05-20,0.002368409458009202,-0.002349768980023259,0.0,-0.008945864428139938,-0.016806806028663912,-0.011820341820685032,0.016243206411106215,-0.009259250401687513,0.00294955813189568,0.00645497093256564,-0.054852271012524545,0.0,-0.0008059659604302549,0.003188356887905197,-0.01646536175957869,0.003072618421623874,0.009736036331924325,-0.009711258404148215,0.03125003809956017,0.004607123280823133,0.0,0.005115109226201842,-0.07763975277918078,0.01759529069481669,-0.008089806256780463,-0.10909088069761197,0.006078765842199019,-0.0010210578571948625,0.0010333442837013873,0.00034333092254978936,-0.016110402348519126,0.0008932521618791878,-0.005138978839716701,-0.015999984741210893,0.0,0.0,-0.01347556307214437,-0.0005158592293996733,0.0,0.009152435000975956,0.0,-0.0034782097563360592,-0.045454545454545414,-0.0178041379279118,0.0,0.001148848296627758,0.030701994336265637,0.004860081109595793,0.0,-0.00031432433487255107,-0.004103781438049348,0.007819379186161157,-0.02204664318818972,0.031088115865008925,-0.003057349996009373,-0.12114772634409243,0.03251614040459705,-0.0012753322455226757,-0.003984404792298002,0.004367709435715517,0.0,-0.002157857323170642,0.038118822494729976,-0.02851344954169943,0.004379360730339288,-0.07228915662650603,0.0,0.0,0.012567269778618329,-0.01121501877096065,-0.03450215806136414,0.04433493371317443,-0.018605322594524742,-0.03087881192370623,-0.004719003515261999,-0.005837027432523678,-0.005767292562785298,0.0,0.0021022593682247237,0.005586586970037999
2019-05-21,0.01594801265632917,0.01028953122959253,0.0,0.0077199555835143485,0.01709410330718164,0.004784764902643568,0.0,0.01557630894769324,0.0,0.00936039050757298,0.04017853294024065,0.0,0.012778373879631433,0.011652502820203026,0.032591391017704474,-0.01184392979961324,0.005009962809291668,-0.008516216983228242,-0.022038611460747926,-0.021146543466361467,0.016129282895034125,-0.003562325505503172,-0.08978677939789437,0.0,0.02249416981555674,0.040816285392261786,-0.00034105824051133826,0.0,-0.0012907121819806244,0.00343281638099846,0.011695839247322315,0.0005945761370562685,0.0010329442956031887,0.0,0.0,0.018641318984999877,0.01707462433807283,0.007444019005948821,-0.015384600712702867,-0.00023058495449856942,0.0,-0.004362913545476466,0.0,0.0241692336880992,0.01123594452133525,-0.0021038616766706486,-0.012766208055179806,-0.005279372464856991,0.018750206126498137,0.0020437205921686186,0.005494209391553984,0.004310208591106646,-0.008294329995712002,-0.005025120811725348,-0.0009759580950222668,-0.038694025103741314,-0.0005163402891505964,0.011026275142371755,-0.007231066766979377,0.004348602924760581,0.020408143405366452,0.0003090591156007516,0.03481161731128024,0.011348972651911815,0.04302295102883691,0.03896103896103886,0.0,0.015384600712702756,0.0,0.010964045474484596,0.007477147193300837,-0.028301861329449007,0.0023238399623843886,0.0,0.01337565934701046,0.007210480453474721,0.010366559509563888,-0.01639346311752088,0.010999757915063357,0.008333391834189907
2019-05-22,0.013372060003948638,0.002269754537969959,0.0,0.009487966488213262,-0.016806806028663912,-0.004761979948120665,-0.0036885309014325074,-0.018404890477013436,-0.00919105220147809,0.009101816648864114,0.008583683082144411,-0.04999993673419789,-0.014692032976099889,-7.500589332021246e-05,0.009831060786312129,-0.008266198054094898,-0.004019686717879889,-0.014575585452137885,-0.019718291319166026,0.012493580942478433,0.0158727152163034,-0.005618008722174772,-0.0024660302017261992,-0.005763683216603255,0.018847243980724127,-0.026143821670028045,0.006433457427563738,0.006948844681183397,0.0,0.0788571664101374,-0.0369941860042059,-0.0026747899424276467,-0.0061917809337858065,-0.02764228839963756,0.002252217808209167,-0.010892972199981754,-0.017347585827215517,-0.004695990004474515,-0.0625000139698384,0.006918698981327243,0.0,-0.010517125979081388,-0.04761904761904767,0.0029498496028923515,-0.033333302427220435,-0.0017248386317445519,0.0,0.0015404933005340737,0.0,0.004079044786423847,-0.031420500530977,0.0,0.012152383699045144,0.020202000741265103,0.0018141214067182165,-0.09811317359931493,-0.0030992019775021307,0.000459169757598632,0.007903728642299379,-0.008659661007525354,-0.019999980926513672,0.006176740062753705,-0.009216617852454534,-0.003611986902365971,0.0,0.02499999999999991,0.0,-0.030303001841675226,-0.024822671950315622,-0.014958892422764825,0.004626538380082756,-0.0436892799365205,0.0004884388644432747,-0.004902058192151615,0.004679129954243688,0.010891770819461355,0.0056187573572421545,-0.044444434038556024,0.009590181984653112,-0.009641896619080104
2019-05-23,-0.012048263482673738,-0.013711175671730857,0.0,0.004728560715275831,-0.017094001418896276,-0.002392275257723786,-0.007815657378979712,0.0,-0.01298695177943765,-0.025229717687075492,0.03829793882564547,0.03508767256450751,-0.014379328332843833,-0.005235565938102371,-0.02374046930647611,-0.01729532756531227,0.005273629377672506,0.00660315531900757,-0.014367802310988553,-0.0046272570209549,0.0,-0.0015407694070280753,-0.011124864139724466,-0.057971027512881634,-0.01420544231750942,-0.006711331054142788,-0.00368046702513547,0.007915529408403232,-0.005944554965717774,-0.05105391454047559,-0.027610989717032353,-0.027336256197678988,-0.03322928493474808,0.0016721993332413643,0.004494399167178642,0.0,0.0011389782671953341,-0.024842906757465144,-0.016666650772094727,-0.0005343596653860638,0.02062499492429204,-0.015057713549239127,0.10999997456868482,0.008823520749498215,-0.022988483697581663,-0.000959832890632617,0.0,-0.0029741578311009986,-0.05235179809836599,-0.012031257152557373,-0.014104541960204497,-0.025751097494422392,-0.01278337174523525,-0.009900980750178201,0.009888734801451138,-0.022315212694202446,-0.026942995457079566,-0.0125072677323681,-0.0007686438209560942,-0.0029887362940868023,-0.010204071702683226,0.0018413813468864948,0.00023263000979678594,-0.010873648646572476,0.017001236209590598,-0.04878048780487809,0.004519731582776743,-0.03750003818422498,-0.016363664106889164,-0.03682587997735087,0.0014390664074981352,-0.005076137217272736,-0.010445334448326848,-0.014778321294384389,-0.011817241143271873,-0.015478727562248884,-0.03261260372091057,0.04069765569596506,-0.012165376749823986,-0.012517406379921936
2019-05-24,-0.001161336149272607,0.00446818913079694,0.0,-0.0048224183315466185,0.01739128812274293,0.0023980119624091856,0.009535635747665916,0.0,0.0,-0.008947680355709364,-0.00409835665112579,0.0,0.020890934693065688,0.0021803197179852685,0.010846888805500443,0.009329972311320489,0.00599576019839021,-0.01521894984157146,0.00583089811581905,0.0025826051386492743,0.0,-0.006172882507033073,-0.03250002861022949,0.006153840285081147,0.014410144798227664,0.121621498104173,-0.02289418645596819,-0.0020138817869836956,0.014040625298485487,0.01019178991426628,0.007407341125519329,0.004314170685320473,0.03974193144945981,0.001669487356252386,-0.015659972057983085,0.0,-0.006257145098347294,0.0015871416963104679,0.06779662523760033,-0.0021388762879439582,0.04102880024866784,0.008093677060091897,0.0540540323813965,0.05539353210028075,0.01176469433266436,0.0017295643884231993,0.0,-0.011315970412818621,0.020716479734834703,0.0030048810388187963,-0.011444814359233058,0.00881088895106319,-0.0030047086322304573,0.0,0.0042749312513739035,-0.005706157910167042,0.011714546371062617,0.0012780160359207038,-0.003616448801915473,0.010145278961146698,0.0,-0.0012253991628963234,0.01139271705789402,-0.0034027154069348198,0.0,0.012820512820512775,-0.006749147458432581,0.012987000923330161,0.00554532544445463,-0.015766869459772903,0.006131437119073935,0.0,0.011481341563364333,0.007500058712259117,0.00035195307053270675,0.0005138019119250714,0.010484198292630476,-0.05027925933380295,-0.0005622248221323067,-0.016901392559285133
2019-05-28,-0.01249998688041909,0.00024755754462080226,0.005319377771666911,-0.014187119980098029,-0.008547000709448138,0.004784764902643568,-0.009445566268301064,0.0,0.0,-0.006694284721238453,-0.045267543412539024,0.0,-0.02221801449301075,-0.0012754757759327884,-0.010557414769220785,-0.008403290661292973,-0.003511937371764029,-0.01998402776949637,-0.011594191681209676,-0.011076772502734311,0.0,-0.00931678612934983,-0.009043888487622831,-0.015290505384687236,-0.0022097740063410365,-0.012048130121078082,0.006665926976344938,-0.015738359098110943,-0.013076837857405876,0.0,0.00980391240220757,-0.002454669848790725,-0.03925611661117778,0.0,0.0,0.0,-0.014882669668056958,-0.011548008860765346,-0.07936507696227191,-0.015387029284066656,-0.00588234716633218,-0.01159678762416072,-0.05982901895763337,0.08287298348589056,0.023255791388182345,-0.0222521085899825,0.012931291614350915,-0.025146105709096256,-0.006342592235333955,-0.018133045480672294,0.010130397824717363,0.0,-0.006888681900564464,-0.004999995231628418,-0.014693802092376362,-0.06599706838747321,-0.01842092366806769,0.0,-0.014440049513778308,0.004565063181534379,0.0,-0.01227004583939828,0.004597606617108063,-0.005909103503692115,0.0,-0.03797468354430378,0.0,-0.02884612739438741,0.015625006847959977,0.028834734605502677,0.014473474776684814,0.020408143405366452,-0.0015867659189825467,0.00744410611036006,-0.0013361667912634712,0.0002567295063775621,-0.009008816917578155,0.0294117292908862,-0.005739249646631639,0.002865326772472976
2019-05-29,0.0076537161679410826,-0.012478118436754393,0.0,0.001954153808313208,-0.02586204504569778,-0.01428572647807358,0.0004145240955770735,0.003124996973201677,0.0018795853275981322,-0.009488336673547315,-0.02586204504569778,-0.050847491180236015,0.008777803751775837,-0.014198648944135916,-0.0031487098847591266,0.004237501680300904,0.01740871910838382,-0.015225693220495606,-0.002932548449136152,-0.013284666049531602,0.0,-0.007314492900357905,-0.022164286128154465,-0.021739109509576693,-0.013477535525878381,3.26829268484287,0.011267004962504545,-0.010865312501747604,0.002597934923008749,-0.03489912906309878,0.0,-0.017840654340705697,0.020430063250941544,0.026666641235351562,0.0,0.008810441619202303,-0.005229416038752488,0.0036653357958211785,-0.017241444513996895,-0.0015549162663522909,0.03254434655959182,-0.002707368375745811,0.0,-0.043367365557468895,-0.03409087676400968,0.003727458270126105,0.0,0.0008895536232633727,0.0,-0.008190173959873204,-0.0329513632655456,0.0,-0.006719600554873084,-0.015075362435176154,-0.015470399761088327,-0.039938630265143216,0.0032169589649795327,-0.005686404427025282,0.00423098113059539,-0.007043642732706745,0.0,-0.015838417103990032,-0.021281470619378906,-0.0055484344356223625,0.041107536704622305,0.03947368421052633,0.0,-0.013201307666904194,0.0,-0.021409264114548132,0.004317618551903157,0.0,-0.009779768949035428,0.014778381082074743,-0.016546766867960083,-0.0013348404418407345,-0.011723257215975336,0.0,-0.005772190298992341,0.0014286041259765625
2019-05-30,0.0011685780827208614,0.006505531998113101,-0.005291231711317068,-0.0008272980645382955,-0.035398196479485944,0.014492766171510407,-0.0004143523365496282,-0.0031152617895386925,0.0018763524090450456,0.0017010066839509008,0.013274323679807187,0.0,-0.007608366704883185,-0.008763830448357712,0.012282810553672308,0.0021094130183387794,0.009657796473931946,-0.011595857069269022,-0.01764711162210597,0.011879639658147534,0.0,0.027894772981342575,0.12800000508626308,-0.025396876096063115,0.003655904380997832,0.1885713562137179,0.015197356895920722,-0.004352070437204647,-0.004923477256900344,0.004284687603381299,-0.026698946537062618,-0.01847805558220672,-0.011591139633963632,0.001623413819731967,0.006818164478648692,0.0,0.014018677532314339,0.005934395505168499,-0.03508768701010212,0.01401656616671798,-0.002865326772473087,0.01900431365491828,-0.0818182049375592,-0.021333312988281228,0.0,0.0017593147756076455,0.0212764033214341,0.009384390410783983,0.010638433402157421,0.008419696759971673,-0.014814842627121516,-0.007860482882039777,0.006910576415264602,0.020408143405366452,-0.003822087601131896,-0.01599997276342824,0.03687856196429973,0.006536313293845408,0.003433044141256003,0.0029981328642456617,0.010309268214748757,-0.004417783619449445,0.00023388100376653398,0.01182247036645423,-0.0452753089631831,-0.012658227848101222,-0.003397558527052702,-0.05351173422085642,0.0,-0.019490923272282856,-9.347790869596029e-05,-0.050000011920928955,0.0034564849912919193,0.014563102220039426,0.006085646030177916,0.007197215592202655,-0.005645787505288102,0.0,0.011383641897201091,-0.011412324954513386
2019-05-31,0.004668856407614497,-0.004909836269137102,0.0,-0.013843123739436525,-0.05504592674447206,-0.01904756418200204,0.0012437304416705874,0.03124996973201677,0.010861510743058744,-0.020064373570724436,-0.01746723254120064,0.0,-0.014361596781629293,-0.007611399243681816,0.014040734831733293,0.011789612598540167,-0.001247517529282982,0.014246155490633017,-0.0239520735814005,0.01017478139884842,0.0,0.007680471748925388,-0.015366443718053735,-0.04560256336478674,-0.009202469841024019,-0.12379802897935999,0.02368248440347953,0.0008324791221245853,-0.010416928975309547,-0.02303757755297231,-0.0024938225214576892,0.00861527262358952,-0.004264299976288077,0.0,0.02708805380600454,-0.0021834891218394104,-0.007488540526762177,-0.007563205326316491,-0.018181800842285156,-0.017892920663449607,0.011494241848790887,-0.003552345243389432,0.0,-0.0408719597409124,0.0,-0.0078050392193188545,0.0,0.048809797339665506,-0.0037894800097806325,-0.0067437086894248655,-0.015037546417567604,-0.004401335510442861,0.010330934499976907,-0.02499997615814209,0.008100278563689445,-0.058536541765106476,-0.030412254567033115,-0.005218198473856739,-0.004743008640259672,-0.0020695037231091007,0.04081628681073313,0.0069729966288811784,0.0,-0.0014442529110416658,-0.03225788129289575,-0.038461538461538436,0.0056819021401539604,-0.01060069688994325,0.002714907914331599,-0.010953180266774942,0.010842169223953091,0.0,0.004675214027530794,-0.014354062539996604,-0.003700535780520653,-0.004797953233625751,-0.002679325596446125,-0.01714287837450945,-0.012324994496556996,0.00288600020518448
2019-06-03,0.015393511897014989,-0.025730277523654754,0.0,0.0339532486226648,-0.06796115999206509,0.043689282728970324,0.0,0.0,0.0,0.018605508486340572,0.008888880411783928,0.0,0.02629330093745308,-0.0018594538494801638,-0.03589748072197041,0.014148830184536942,0.004580147405550239,0.02919282932339251,0.05521474456557396,0.005681751009042557,-0.05625002101430465,-0.007621931717695318,0.02521008884397946,0.02047779570392505,-0.005675887913639044,-0.2112482880375195,0.01053265278944071,0.009151824848910861,0.007368666829577375,-0.0043670127760702115,-0.00625002384185791,-0.0031634991293920667,-0.005353410659451607,0.019448927726944287,0.013186779651013003,0.00612687100423015,0.0005803963521486821,-0.003962896341474953,-0.05555558989567955,0.024552399022624405,-0.03409087676400968,0.001782163488567745,0.0,-0.01136362558800319,0.03529408299799286,0.013962921420804797,0.02000010120548379,-0.012087823609157278,0.02958579061123534,0.015357270507050158,0.007633524577725037,0.0,-0.02366830656362484,0.0,0.012968495804284608,0.27115711463650993,0.03402450680657787,-0.015852734268202107,0.007656134410535698,-0.004839080962589226,-0.01960782480441492,0.011646265982415693,0.012155227223061171,0.0021038014065104527,-0.019943154771190352,0.026666666666666616,0.0,0.01071427567880967,-0.01624551501942384,0.014766170907055454,-0.02034215946922835,0.0,0.0026937697088254,0.0,0.0016425966092534772,-0.028977266492728027,0.005501217889294585,-0.0058139608146223765,0.014586854751430733,0.010071967421935613
2019-06-04,-0.0022882391895586718,0.022115059744842736,0.0,0.013750287159273622,0.0,-0.03953498614597828,-0.0012421854977527902,-0.018181801105005113,0.0,0.016251085473266258,-0.035242257435351254,0.0,0.030935736845822515,0.021421980145102104,0.03617019144557365,0.00861727802562684,0.010155691244849274,0.019801802018732495,0.011627895694091173,0.00821776338237279,0.0,0.013312863273969189,0.021077319201383782,0.0033444784051375187,0.0114815060432365,-0.05217393018895078,0.020846067395962953,0.003915555002435234,-0.0033960361088593016,0.008421184160050776,-0.013836435134130354,0.05077745358487351,-0.0043058399741905395,0.01748809764412118,0.01952281031818548,-0.003914619456369062,0.03306262774893587,0.01507262735621584,0.01960782480441492,0.0030528550524628884,0.014705867915830284,0.025801189135345792,-0.009900965168791576,0.0057471209243953325,-0.01136362558800319,0.011248924499010382,0.0,0.016654331106748188,-0.018473021682657742,0.0009552230103797577,0.03787870700617035,-0.0008841321175480088,0.0013183531816431948,0.015384600336500354,-0.0025049884644875453,-0.008152207956913515,0.0,0.011015006143402006,0.0006979520284027263,0.004862611533489325,0.059999942779541016,0.0009333296464455465,-0.0009238555193463727,0.030175728455123396,-0.0014535479290692654,-0.09090909090909094,0.0,0.02826860928669883,0.0,0.0052547502739497265,0.02869278908061146,0.042105286273269815,0.003908467224496004,0.0024270265913597378,0.011481138446235217,0.026197554040798376,0.02691026042377387,0.023391842514249195,0.006514751501242477,0.005698000279445559
2019-06-05,0.01490818460151222,0.020068913123954424,0.005319377771666911,-0.0010302940528446047,-0.05208328482694813,0.01452785869624651,0.0,-0.009259250401687513,0.0,-0.0040088267053276505,0.0821917002902175,0.0,-0.009753958348764469,-0.0034193888704967534,0.007871651536337954,-0.0032546892034347463,0.025235948747705184,0.10023620443445957,0.0028735604621976663,0.009679090279196778,0.0,0.018696256430916103,-0.009174302896359121,-0.039999961853027344,0.02789717378208567,-0.110091781289265,0.03614560315506821,0.020735136876696814,-0.003932084141324954,-0.007480836436259186,-0.010204071702683226,-0.015403137693380087,-0.01513492398967986,0.03906249941792339,0.0,0.004366747832754925,0.0179674174295259,0.007010019720982585,-0.03846150319251662,0.015749760093510368,0.02608693128272166,-0.01561154679953991,0.0,-0.005714280264718208,-0.04597703590624891,0.015343281594294433,0.0008167132902259233,0.05910647366496091,0.0037640364494644363,0.018450769319542815,-0.021897631978063714,0.005309619425846401,0.006509650246504517,0.0,0.02553026724849472,-0.012328778547637032,-0.012339445616665001,0.012535255778017618,0.017974681598893927,-0.009907683996351446,0.009434066238082961,0.017096833441058168,-0.0009246010026213725,0.01833944162869061,0.0154295439273604,0.0,0.0,-0.013745772883779095,0.05045873486085717,0.03900245782742373,0.02348844149155882,0.04040400148252998,-0.0083940486468298,0.0,0.017696446724344117,0.031087645747477133,0.004212359973189805,0.0,0.020254363519307095,-0.005665717022269479
2019-06-06,0.005084743265738156,0.010144854596117803,-0.004762058852592954,-0.0005726561180823264,0.010989000192372256,-0.009546334351618557,0.0,0.0031152617895386925,-0.01815494199966672,-0.007696007176605013,0.054852371611086026,0.0,0.007235902206153444,0.023026847390144267,0.009167764181148286,0.016326680102966007,0.005052841920070161,0.025757254704053656,0.002865326772472976,-0.0015135610372742914,0.06374203273172996,0.024305544386254763,0.03472213253931122,-0.010416739102864003,-0.005615135408901795,-0.006185441913820089,0.01060178941627754,0.010257277608670456,0.005263388949602765,-0.016301282564354036,0.0012886278028008125,0.007362086670636092,0.00987901945192493,0.0,0.006382962490649957,-0.0021739958302592344,-0.011582961621261156,-0.0016465713248854374,0.019999980926513672,0.00837925750303592,0.0,-0.004405196765648323,-0.07999998728434243,-0.020114923235383997,0.0,0.009822172557111264,-0.024489562821146782,0.03175498732879456,0.010000189679098881,-0.0029673376593974954,-0.043283706071157724,-0.005281576265905974,0.003924084614037815,0.0,0.004488978553176315,0.05409148097172145,0.01249360983578951,0.007635909268208785,0.011844810739184863,-0.008610690608939597,0.0,0.00764071230859531,-0.004627501235376252,0.01800894372481343,-0.011467985874441533,0.0,0.005649582849682755,-0.006968634747042013,-0.032314401023804784,-0.020897609698870334,-0.007888882642201223,-0.02912618662434696,-0.010918793860751452,0.0,0.002701486363912764,0.014625891500563704,0.006168998168812223,-0.02857139515123519,0.003391206450586992,-0.004273534172344884
2019-06-07,0.0016863022332567201,0.01594632634579507,0.0,0.006076064831268324,-0.043478283404402185,0.007228704929012508,0.0,0.015527935363983447,0.003773503375720022,0.012837038313672222,0.031999969482421786,0.0,0.02074204292318904,-0.002012370586075396,0.013795510914831999,0.003011679254504074,0.009843368063027658,0.0016277104098147976,0.005714280264718097,-0.003789831201099547,0.0,-0.00048427259402283873,0.0022371877743214696,-0.045613993113132745,0.008093821349053787,0.13070530036151728,0.015626991197209783,-0.005574357779890238,0.0,0.01425510815158626,0.003861030872843285,0.009744198419731953,0.015217640061222948,0.024060127085346883,-0.006342478687092479,0.0021787323853803553,0.0212053102203551,0.015069348379252112,0.13725496062587217,0.00995661605517073,0.11864409062707848,0.019468977379214936,0.07608696929148007,0.0,-0.012048181523292234,0.010475357426702692,0.0,0.023710514617176326,-0.0037129621640095145,0.032581422484114775,0.017160593287620873,0.004424572494388768,0.008107205396011619,0.0,-0.008802585864882362,-0.039473619741165145,-0.0035989684556488877,0.005856290400890307,0.0112897833763006,-0.009389725149072436,0.0,-0.007582774510062951,-0.0016271058546704076,0.013267688279960277,0.01508099454438927,0.0,0.0,0.007017537402020491,-0.04422380636210943,0.03478260047674597,0.00885518544454622,-0.02499997615814209,-0.006450004184805347,-0.019370319872323294,0.011952032022687131,0.018842865185960456,0.0059477760875099595,0.0,0.018586010957827304,0.012875558731741288
2019-06-10,-0.006172849233673006,0.0046128260356683715,-0.0005317048686005466,0.0003989422887520355,0.056818195672567295,-0.002392275257723786,-0.0008292063460934029,-0.006116202153874872,0.009398293945371172,0.005148960044642159,-0.03488368869407976,0.0,-0.005044506922788683,-0.006422327979768716,0.012944129632621815,0.009609831740716057,0.0052941443226228735,-0.024837927717465957,0.0,-0.01800657060556654,0.0,0.003875965410453208,0.015625038250748347,0.029411736347271455,0.0036721002341100206,-0.033027515475280045,0.0213013774389732,-0.007607390653072144,0.013089125963828163,0.018973792076941942,-0.014102580874942316,-0.022919241841930837,0.01605985374702068,0.004405317189489555,0.017021260362990454,0.004348106365094528,-0.0027321988603852265,0.011300838180922979,0.2931034057517412,-0.0014824809322304677,0.05555550203847881,-0.0729168140345986,-0.04040406505432992,-0.002932548449136152,-0.024390220854836775,0.003146854068834859,0.0,0.015809571233474706,0.0,-0.0025788557898565045,-0.024539880639237066,0.0,-0.010842318656578032,-0.010101000370632551,-0.0076515850161426036,-0.1068493601003947,0.003611967813873962,0.0022832174365345903,0.000899023663641918,0.013270311439782967,0.037383140086171496,-0.00488995021182248,-0.002793932873713212,-0.006668387031857348,-0.0057140254901894005,0.014285714285714235,-0.0179774699635048,0.034843256807889134,0.001888527271122653,0.0026737152201001813,0.0011643282726496729,0.5025641000560834,0.026216988138489494,-0.007407405187581095,0.0027312503406446975,9.65478602756864e-05,0.01194580439765569,0.0,0.007651613236658195,-0.004237250465320308
2019-06-11,-0.011857664533674872,-0.015385445539638054,0.0,-0.005467770147002948,-0.03010752357379709,0.011990417980877632,0.0020746571066028174,0.0030769201425404624,0.0,0.0029772677440547124,-0.0361445437046628,0.035714345305309037,-0.008688718715958332,0.10034519523434104,-0.012778720221535367,0.0029743363084790975,-0.021803535085887504,0.012378135710579885,0.002840906397000742,-0.00025831962590749935,-0.05509723883926909,-0.004826181343386526,-0.04395610499304026,-0.014285700905079524,0.0005581768556730538,-0.011385163985652258,0.0075535569173370565,-0.007262552373032527,0.003875819902708022,0.008275990446569237,-0.0039011976053473507,0.0154320239269079,-0.02002103229480945,-0.04239765429585651,0.03347285176477244,0.0021640129489015614,0.04602740562125418,-0.0009493898431366388,0.05333334604899087,-0.000742234350011528,0.02392353721925211,0.055243578316289677,0.0,0.014705867915830284,0.0,-0.0036903839647124403,0.0,-0.017387531328260875,-0.008695582768941446,-0.019011406844106515,-0.009433774297135211,-0.007929477025408138,-0.0018873005023459788,0.01530610755402484,-0.009637876608397766,0.019938780588741656,0.0,-0.008542403411041177,-0.002919237240800676,-0.0042100104083190315,0.018018000602490147,-0.0064498488634674445,0.01027315958870001,0.005370436502486031,0.0011491981629030423,-0.014084507042253502,-0.019450867746398592,-0.010101000370632551,0.03958530536140259,0.00190501628173112,-0.013329735910191265,-0.24232082661102805,-0.003893250582198804,0.029850676873739657,-0.008987187369571714,-0.0025589773187196796,-0.018069024665215205,0.005882289194183432,0.0,-0.0014184721434444825
2019-06-12,0.0011428693252544253,0.00066606205391051,0.0,0.005612380269398587,-0.0022173324093511804,-0.007109081562893693,-0.006211164426486282,0.0030674817461688875,-0.04096448516620055,0.005893097755962806,0.0166666501098216,0.01034481404536991,0.006764418074632905,0.023909178135457676,0.006306061759925319,0.0003954145324431835,0.000654111631404275,-0.0023509718582699346,-0.005665717022269479,-0.002583272448621776,0.0,0.0,0.044827626652062635,-0.02173910977784832,0.010102197473594865,0.026871284012453867,0.03611161517159123,0.025197794174157684,0.003603976413698584,0.017441545468783515,-0.040469967226471004,-0.00759858114995049,-0.004300981978921259,0.00458011177062656,0.010121457177244553,0.0,0.00785749697911542,0.013158877436558747,0.025316491606066638,0.012628921365231749,-0.018691681453631315,0.03549251227911676,0.0,-0.04927538375197449,0.0,0.010372190330925068,0.0,-0.02607851982530396,0.0083541189852947,-0.006511599518531974,0.012698210917294617,0.0,0.014254594282670396,0.0,0.0151538635616415,-0.04661660069776641,0.0,0.0025272809448988465,-0.00045049270024000165,0.002348821279596347,0.16814164426745215,0.010819235581996933,-0.016639732115902528,0.006798968024645857,0.004592387486911154,0.04285714285714293,0.014002316672964588,-0.01700678617113882,0.0,0.005323303370373678,-0.014325884649006748,-0.045045108901980435,-0.012212566548109094,0.007246375112105019,0.0028852482419199355,-0.00038729387013947125,-0.0038645869375723008,0.0,-0.0010619595802743298,-0.026988644637783277
2019-06-13,0.0,0.00012178680745211778,0.0,0.006321206957937031,0.06666667108182556,-0.002386637056787544,0.0,0.02140670753856222,0.0,0.003601969610885325,-0.045082020874914086,-0.027303718892958462,0.0031341514988882935,0.016011475256981544,-0.011213653043086413,0.01094947248012157,-0.010760352202427104,0.004949099252550937,0.011396000558891117,0.003107975394659679,0.007384073398799762,0.0009698617653297603,-0.04180419230606214,-0.025925900743168362,-0.01754816962403627,-0.044859677689064625,-0.016441430732158868,-0.005549850255910704,-0.006155842626553443,-0.0018532550042416052,0.023129262380914728,0.015620146009382108,0.021598106849470833,-0.004559229987694979,0.004007954752034637,0.0,0.010395050172489206,-0.004473600509473541,0.02469133331433837,0.00740968289886923,0.014285814843214784,0.015424168620505885,0.0,-0.015243888034273012,0.04999995157122683,0.0018332591031766654,0.0,-0.023395654820120182,-0.006627958694733982,-0.0543071669396723,0.009404439770772877,0.0,-0.005449661042856047,-0.005025120811725348,0.0003449000326183338,0.05362779877914847,-0.01285322402524236,-0.0038958940565201328,-0.0015025051636405884,0.00046838900255563587,-0.06060609070941536,-0.0006116092296875042,0.006110465642418017,0.0050642871128834255,0.0,-0.013698630136986356,0.002301640998538579,0.010380612560830782,0.0,0.01739754013663819,0.018489579184602922,-0.01886790755296608,0.01496024870370638,0.0,-0.002607755630515407,-0.00547214231222326,0.001047123998521915,-0.005847890212776097,0.003189619709266678,0.01459852642697701
2019-06-14,0.014840226169708703,0.006628209591839074,0.0,-0.0035654661214381544,-0.0625000038805108,-0.007176825773171358,0.0,-0.017964055186050376,0.015533966289408951,-0.015523637564492376,0.008583683082144411,-0.01754393873698723,-0.006350859284491528,-0.0020353906914297726,-0.007838531282580163,-0.010437048289373307,0.0018299909670043135,-0.008911800872187126,0.008450696279642456,0.01575008049474258,0.008894568626735877,0.007751930820906638,0.014925386207986113,-0.011406923385144818,-0.008056415972213182,-0.158512622662623,0.010463015589045499,0.012557355176710416,0.0,-0.0018574804862557803,-0.02127657550770312,-0.004221996950224849,-0.001056966238024759,0.00458011177062656,0.0,0.0,-0.004629637351615146,-0.0011598813488233883,0.0,0.002402846626088584,0.032863816658137424,0.015189692781653719,0.05263157894736836,0.003095972261363933,0.0,0.007319373300500587,0.0125522317131177,0.007491997407749196,-0.040867347697915224,0.0120462603187248,-0.020186312793516792,0.0026645069034165747,-0.0027396512789055194,0.010101000370632551,0.006485388884018395,-0.02844318781798294,-0.02291690965350701,-0.002875753964379224,-0.0015795292561224805,0.011709843588338043,0.016129016752173708,0.01070991513001096,0.00560613965977641,0.010678128000837006,0.0,0.0,0.00459237946123614,-0.023972660901509624,-0.028105119986152283,0.040520558257092,-0.003251450563425795,0.014423063697193816,-0.007065246200077535,0.01918468661821926,0.003371398189006225,-0.0008277922342670996,-0.006458823486800158,-0.04705888019340554,0.008584882833781782,0.02446044330351138
2019-06-17,-0.00112487132119643,0.002416439834384221,0.0,0.013119309856395533,0.05555557027275215,0.0024094963306915407,-0.004166682561238644,0.0030487776068546246,0.0,0.01805244715336496,-0.05957441368810834,-0.01785712051050914,0.0038019813753651377,0.010198547676034453,-0.014288141656718656,0.006567180511902304,-0.01182144146691444,-0.021059929013515166,-0.00837988045505711,0.004575503418343008,0.0,0.0014423407570156588,-0.014705895044906825,0.019230843295715117,0.005099776800703726,0.002325374033710803,-0.004206718037368162,-0.006890011862779932,0.001290188541253956,-0.006934974883580525,-0.0013587267256014446,-0.002422903170602453,-0.010581967463150987,0.018237064886088117,-0.011976017812276418,0.002160023877187056,0.0020671321648662033,-0.005224569741843266,0.0,-0.0032689950294134684,-0.009090900224102638,-0.001662349479996439,0.009999974568684955,0.0,-0.04761900369272076,-0.005449743086543557,0.0,-0.004842498741126966,0.043478098063231885,0.009620028049499796,0.026941400089101508,0.0,-0.00874787919169906,-0.04000002145767212,-0.006306366962393395,-0.013867410560598037,0.01279318157347542,-0.004614901739296129,-0.0015821680811446415,0.0011574423202260764,-0.007936500427734305,-0.005146738821926622,-0.004878025311146228,-0.014482477631840962,0.008571471942111275,-0.01388888888888884,0.009142881927091118,0.0,-0.006529911077878814,0.0067880532177084785,-0.0006342850166463077,0.0047393322087359024,0.016439879790760115,0.009411838350414037,-0.00548580194784587,-0.009064352378827079,0.00024737516719963715,0.04938277844800787,-0.010771109419020708,-0.026685401723927082
2019-06-18,0.00731972811857573,0.013739722658944409,0.005319377771666911,0.018050169480776646,-0.0010526180399420548,0.004807624644380892,0.0,-0.006079021628696002,0.008030583590014961,0.00530673800162651,0.013574647453366007,0.018181795015192792,-0.022643513027826856,-0.007685660239053926,0.005797733593205123,0.006919630558603229,0.005390868901749002,-0.012327726927883753,0.008450696279642456,0.030364391423070236,0.0,-0.016802706805169043,-0.01262912241050329,0.015094324684347349,-0.016787726672686465,-0.06496509748324764,0.009139369681346432,-0.01090157263335978,0.00360849454442147,0.0022141647520845797,0.01088434350259404,-0.008196801037789303,0.007486713531798639,-0.00746264407777486,0.010101010101010166,0.0,-0.00670444377816759,0.0018235274375379973,0.0,-0.008163173864890294,-0.013761454344538682,0.0258117345291069,-0.05940591691035202,-0.012345667202249944,-0.025000050291418274,-0.003470191895546537,0.0,0.00015679863902451352,-0.0008332209783715738,0.0032299865770952785,-0.006172898414187333,0.0,0.003282014048858528,0.04166668994973155,-0.0009657442803316929,-0.02500010389927032,0.0,0.0067226531706576775,-0.00347117349594106,0.0011559913506027364,-0.056000041961669966,0.0,0.007002767263310172,-0.0012046822491722509,0.07053829649548926,0.014084507042253502,-0.003397558527052702,-0.02105261220606125,0.009389707516583634,-0.01774315770894308,0.006618874979411604,-0.028301861329449007,0.0002411373570219144,0.00233096381811837,-0.003585133175407762,0.01273727498767685,0.006375494276529503,-0.017647150902519337,-0.0009028403828970077,-0.004328965903940496
2019-06-19,0.008943527521806383,0.0001781998750622904,0.0,0.006387525596105226,-0.03055846600129708,0.0023923467201223403,0.0,-0.018348606461624728,0.005307340178600128,0.0037766829902512455,0.0937500166307601,0.0,-0.00020948951043764374,0.008467266034310361,0.001695783611367574,0.009228292900315349,0.007660372501355095,0.009789276200689478,-0.00837988045505711,0.003929269219441034,-0.01224483713828417,0.0004882924367850539,-0.004651158148691992,-0.01486987397850048,0.03370281001437703,0.047146230955579904,0.017428638765356164,0.002003925783206073,0.0038523114026383087,-0.011896701874159032,0.0,0.009182908608668772,0.037154720819629894,0.024060127085346883,0.0,0.0,-0.010903478158135083,0.006188996187396878,-0.036144600462750365,-0.0014695236390370736,0.037209265189536156,-0.0137986520789114,0.0,-0.00937499091960503,0.025641078544558438,0.00916412483847906,0.004132173945045281,0.04030776267202563,-0.017931498843959393,0.0038635171054970385,0.04658394406129851,-0.007085917503608652,0.0063244775561799305,-0.02499997615814209,0.012152872144143068,-0.017628232907544006,0.0,0.0032232270977714528,0.005982082310183268,-0.001847630868781036,0.08474578668385702,0.009129602149201776,-0.02526652538109897,0.010733077050795625,0.0,0.0,0.0,-0.00358422602149977,0.03813952068949855,-0.011922071901664721,0.0,0.05339812454848025,0.0,0.009302285146939981,0.0060893677459663564,0.016898966761745404,-0.0009840236364340171,0.0,0.008611999772315526,0.011594191681209676
2019-06-20,0.008864249859230178,0.00808327230389505,0.00746251738832826,0.007167539244629095,0.010869554654186597,-0.009546334351618557,0.0,0.006230523579077385,0.0,0.004617563101770195,-0.040816384124437,0.0,0.013095038585285712,0.005662547596274159,0.0001691819537792405,-0.011672983968614381,0.007601448431036939,-0.005574406399295517,0.005633797519761785,0.00562621174723299,0.0,-0.0019521234077850558,-0.05140192902903151,0.0,0.006594806312596235,-0.03317533692995578,0.0066859737885509585,0.004799951611842879,-0.015093613981198573,-0.0073957805013004085,0.00807536260642916,-0.013345411753429848,-0.001023356627092964,0.004405317189489555,0.0,0.0021549133673655074,-0.008923888876762875,0.003111801827055949,-0.10000002384185791,0.0031642947082151096,0.11210762235951433,-0.03703709371957997,0.05263157894736836,0.01577285524066596,-0.05000002607703169,0.007264628008973872,0.0,-9.0498252197313e-05,-0.004670717506879418,0.018601665106775966,-0.008902049033278181,0.0,0.0050567958106504385,-0.0051282001121667475,0.003411244989047546,0.0326264709773294,0.0,0.004820047267642291,0.00986088056141976,0.0,-0.023437478172126713,0.004825199390779744,0.013555337509298493,0.010500041434971852,-0.05768724908931899,0.01388888888888884,0.0045455217121230795,-0.028776951269557483,-0.029569886041044935,-0.054844332180529864,0.004683879374747013,-0.013824871122127491,-0.010498211620243891,0.018433100338390185,0.0042637822925080116,0.007688313177429684,0.005171264474009618,0.005988031723611398,0.009961632019337197,-0.004298024316099047
2019-06-21,0.0005492097921924177,-0.00854846881725535,-0.005290939074950263,0.016460288878362928,0.01720427171744876,0.0,0.0,-0.018575833568184263,0.0,0.01753413242449464,0.004255315263436366,0.0,-0.004239628974715304,-0.003106523338433975,0.013031000969648598,0.02362197984103087,-0.006840019967068622,-0.008286936010651669,0.005602235658404231,-0.018000527061059257,0.0,-0.014669982064394738,-0.011083762790187968,-0.02641515816687967,-0.01120500703518712,-0.07598033024096618,-0.00687732867765356,0.0031846367353625116,-0.036883077973347,0.03968134646692878,-0.009345753933683865,-0.06855232536254163,-0.0010248393046613513,0.0029239737544373146,0.0,0.0,-0.015360117641389559,-0.00923399557947402,0.0,-0.005282103585652842,0.09193545316930396,-0.022222126656988195,0.0,0.01863352243677996,0.03947372548798156,-0.0037864668963459858,0.0,0.005190735709518002,-0.037969484440844026,0.004093172538720102,-0.016467203088624927,0.0035678759140373995,-0.005534422809152506,0.0051546341073744895,0.002311365599960258,0.020537071992597022,0.014210657522144343,-0.011877691126560785,-0.0014907358153174455,-0.00509005127880835,-0.039999961853027344,0.002400715006400933,-0.004692646405387801,-0.010273009528493748,-0.027239369128942315,0.0,-0.004524953438024282,-0.044444489577178836,0.021237349725847343,0.06073508181544196,0.009861919177803768,-0.06542060656134585,0.027072988881754245,-0.0022622965764600433,-0.006437426911797828,-0.0012795959910708588,-0.0067984774575932105,0.04166672042157615,0.0010959307433644483,0.01294966259825081
2019-06-24,-0.007135037613321016,-0.0023791023235916198,0.0,-0.012185427328770593,-0.05919661254069153,-0.012048273422229805,-0.003347277195938858,0.025236568385065494,0.0,-0.013300400370106491,0.0466102281372931,0.0,-0.015369328414908234,-0.0001301087984447724,-0.011860794215620474,-0.02115380966669822,0.0048618203184733755,-0.003932095550981063,0.013927630064145324,0.0037156683142844926,-0.007437963077236098,0.003970219613924186,0.044831957948068046,0.023255884873024435,0.005201537614203611,0.026525162317912576,0.003244918272408581,-0.004761790529995924,0.0029663961935848526,-0.0375003374531383,-0.0013477397276295822,-0.0155114486125143,-0.01128182637961539,-0.03790090726261208,-0.010000000000000009,0.002150733585791764,-0.0075308977137876765,-0.0031306404962051504,0.02777781825006853,0.016225438082449806,0.08936488476361748,-0.004370827114540843,0.0,-0.012195110427418387,-0.01265829088137238,0.0014482032289573343,0.0,-0.00018027324859126725,-0.035476838171606184,-0.0034493165603081133,-0.02587522713133128,0.0,0.008745350596483403,0.0,-0.008275201878010008,0.03250783398467094,-0.00518953455290827,-0.003929665475122968,0.0013437415578443357,-0.011162558942889866,0.0166666501098216,-0.003947814399174465,-0.0016502309391168701,-0.002027659320509634,-0.014722803307990362,-0.013698630136986356,0.0,-0.031007723283626443,0.03526214962494123,-0.02516418973625334,0.010564652413480147,0.09500002861022949,-0.011991974846356834,0.02267558269230685,0.0023436688757945134,-0.005599005510634414,-0.017636765910261865,0.0,-0.0003125942676582838,-0.025568157573007233
2019-06-25,-0.007462627816753109,-0.01335213443974681,0.005319082013820031,-0.0021102693769631253,-0.04494377808534078,-0.007317006178036212,-0.002938694194837832,0.015384600712702756,0.009433832177983437,0.01856635817062191,0.02024289544013369,0.0,-0.009386563060018172,0.004220869355628487,-0.008115125955981961,-0.011787648158600228,-0.0005039995051997481,0.012583696850798187,0.002747250048093175,-0.018262627593949365,0.0,-0.004943172700569987,-0.08104890075683546,0.003787875024959364,-0.006776357365291363,0.010335996625132848,0.012227132129124518,-0.022328480432911912,-0.0185534853755005,0.0017315080788191661,-0.009446652667430944,-0.004358068436976281,-0.0031122036524399155,-0.015151500920837613,0.0,0.01562508315159339,-0.007588145864920071,-0.009203399310451221,-0.08108106714865881,-0.0069671347930053695,0.0,-0.007901431801402348,-0.050000000000000044,-0.0030864168005625414,-0.025641002128344415,0.0027110420053826356,0.0,-0.04197943324086806,-0.011953918695590593,-0.0036186207877109133,-0.004687287892758296,0.004444770789818753,-0.0107472947000391,0.010256400224333495,-0.003146523755069852,0.11244376402797718,0.0062599498034741075,-0.01601284406868153,-0.0024602087479643764,-0.009407503689127128,-0.00819671330225158,-0.0015130369867327742,-0.005667032916342185,0.007172604740355304,0.0169938559912044,0.0,0.0,0.019999980926513672,-0.04192135809888142,0.002618521418378039,-0.00896076830407877,-0.0091324111433575,-0.01382099105244472,-0.004434409597571576,-0.007427201252168336,-0.007968732901034725,-0.007218938235755035,-0.02857139515123519,0.002815791146396185,0.013119486005698455
2019-06-26,-0.017822299826730448,-0.01631251196087169,-0.005290939074950263,-0.006885439169070362,0.08235293045175962,0.007370939387069342,-0.010105253520764856,-0.006060600368335001,-0.0037383835698714396,-0.009238778242715018,0.011904750641601458,0.053571465815818176,0.012712137552183922,-0.01512994519609523,-0.004431580226922915,-0.004970291846032926,-0.03171637954888196,-0.014132350925069814,0.010958893372029044,-0.027652048966215093,0.015819945507118405,-0.017883691903205268,-0.012970156178702452,0.045282974053041825,-0.006264308959870735,0.1355498636956467,-0.025834840922710267,-0.025489175125127495,0.011232735999122001,0.0025932890970548073,-0.021798408845108197,0.0010102011698294167,0.008324555545695667,0.043076955355130675,0.0,0.002136846947264459,-0.011469092878089171,-0.009141059082231173,-0.08823534774120145,-0.024994518791918607,-0.027118698586953704,0.006194525025271291,0.0,0.012383889045456176,0.026315764707210976,-0.01838513014492993,0.0,-0.01996578266277449,-0.013960100340278725,0.004263329153008311,-0.018838402988121006,0.0,-0.015209719650295606,0.01522841165181843,-0.019075192165639687,-0.08221023120771187,-0.00881297304270967,-0.03573144186907873,-0.011135173641387386,-0.002848972477699885,-0.04132237185888454,-0.022727343995662674,0.009261413222640735,-0.010326555400884452,-0.010371787598175142,0.0,0.0,-0.015686259843532002,0.0018231088060649547,-0.03395508691005367,-0.011169174134424531,-0.03225814248860648,0.0,-0.028953399169933336,-0.011639998329176282,-0.010630046099489476,-0.0014544988032005879,0.0294117292908862,-0.028392046759805667,0.005755390352630396
2019-06-27,0.02608442650659093,0.007308659085626834,0.0,0.004640640154992104,-0.043478283404402185,0.0,0.0017013614542449318,0.012195110427418276,0.0007506876109342198,0.007140743881807188,0.0,0.0,-0.0034483066177264377,0.021467658582444482,0.016606815230923333,0.018381612072442266,0.009737904748730264,-0.017548545928125825,0.0027100244737636725,0.010599789146259253,0.0,0.035407123893916204,0.011826501205219886,0.039711239809327115,0.02253152279894688,0.004504451699159917,-0.00043997278301444176,-0.004813045333772359,0.015172348050535245,0.027586080600754403,0.009749327762529347,0.0006727385863631863,0.0,0.004424739239357489,0.0,0.0,0.009392269210556803,0.0009673030348518186,0.01612909428163012,0.0038226980123119425,0.010453035193241922,0.03781905574391731,-0.03157893398351841,0.039755386911067836,-0.03846150319251662,-0.0014760765902214201,0.0,0.011737143112484638,0.03303454214285417,-0.0004716789310785785,0.016000031142665794,-0.0035399890769608477,0.009413832226266017,-0.02499997615814209,0.005316240123879323,0.03817913543868179,0.015167206009736756,0.004035988361241527,-0.004761351522960644,0.023809424205936125,0.043103511176128206,0.0012404150983689188,0.008470658340403503,0.0021587709956665257,0.008733982837081156,-0.02777777777777779,0.0,-0.003984059960658093,0.0,0.027423645868008162,0.01649481208025505,0.0,-0.02522504780061552,0.11238548582404273,0.013809810816642454,0.007778570151105502,0.0011395770408197947,0.01142851677672585,0.01476944679922676,-0.011444910776192696
2019-06-28,0.024592497244812828,0.008048149815377936,0.005319082013820031,0.0014125666254694025,-0.03409087676400968,0.012195204581467278,0.004246300836917127,0.0,0.0011248204093652348,-0.02460695270526414,0.01960782480441492,0.0,0.02082453222873548,0.002570970762957314,-0.00033683569334352903,0.07141448963878427,0.0010827709924328133,0.008050278287255574,0.02702700090373522,0.013814298117662993,-0.008196575186128041,0.002931185896614563,0.03246753327177809,-0.06250002069605642,0.02691816891180321,-0.0246636781663383,0.017567860381591416,0.007990033771906102,0.01734724720347658,0.006711602260405458,-0.020689668326542288,0.019159569819375166,0.0010318784226726052,-0.045521284197399425,0.010101010101010166,-0.008528939778672084,0.012041560363563297,-0.004608573968816532,0.015873000254767344,-0.004778837548981674,-0.00689654492027858,0.09999974972230774,0.08695650671590571,-0.020588285205272117,0.0,-0.0040649451503761425,-0.004115169349479864,0.016058811608704815,0.04111464116410257,0.00409001317411728,0.0330708816036096,0.007992856194973585,-0.0018214936247723523,0.02564100056083385,0.004035813623235018,0.03536061920878519,0.007212990584186674,0.002314375926179668,-0.004252293932923257,0.04627932673017843,0.03305781867105084,0.006503548930718139,0.034064376282889164,0.003231181113430237,-0.014430413684751286,0.014285714285714235,0.0,0.007999992370605558,-0.02547768323954236,0.1233084537174598,0.0012346714031397088,0.0,0.00012468502927664993,-0.03711348977672613,0.012723285829399744,0.009021226647135228,0.005945828433544076,0.0,0.013707333151420142,0.001447211158127848
2019-07-01,0.02049622531339601,0.00641161568073656,0.0,0.01123309721783694,0.0,-0.012048273422229805,-0.008456611366459255,-0.006024090761646117,0.005617709863461329,0.006926969725914667,0.01538469297646361,0.0,-0.0034309017435886213,0.012564941108088812,-0.0038747343328827677,-0.021424662113333715,0.012776523480730884,0.0012477701294681953,-0.013157882353605488,0.026495059519575426,0.0,-0.0014613095782808339,-0.01257860465808136,0.01111110031850071,-0.004576820300283613,-0.062069011270627805,0.007865192373367469,0.0022943563680577483,-0.004984310147361226,-0.008333764830788848,0.005633797519761785,0.006596332708836972,0.0030932454683703092,0.0015384967510516656,0.0,0.0021505209846348627,0.005949194792494561,0.018668214465060062,0.046874954598025154,0.01605626326963905,-0.017361176648623022,0.029275839450110253,0.0,-0.003003000207918216,-0.013333320617675781,0.015027605582496939,0.012396521835135621,0.003608684295015596,0.003071647910581232,0.014726535877277458,0.018292702243875913,0.0,0.02350365854527836,-0.014999985694885254,-0.0044355154605323355,-0.027322279058571763,-0.007672922209350785,0.01482542544672616,0.005643336620386075,-0.010891634093339042,-0.039999961853027344,-0.0015383037428737811,0.004963839436071371,0.008588836096666164,-0.0011711352963845734,0.014084507042253502,0.0,0.019841251069335764,0.0,-0.02610452341288083,0.02140403709419325,0.0380953170274696,0.012625265117147455,0.0171305475255068,0.007988467377908703,0.01018364035725483,6.272882666724655e-05,-0.039547937658940824,0.0125298203225932,0.0
2019-07-02,-0.005814068134462391,-0.02662415696873377,0.0,0.0015561627990920979,0.024705844073973138,0.002439026344937867,-0.0038379594737637523,-0.009090900552502501,0.0018624487937566325,0.003736844891487179,-0.007575840359983155,-0.03389826146569319,0.00487374892775172,-0.013928455533630646,0.0027057147437148377,-0.00823329113600646,0.016175885055947692,0.012961251291131681,-0.02399997711181645,0.012291052021855098,0.0,0.011707305908203125,0.0012739145227167459,-0.018315000720495744,0.0014928046705542375,-0.017156726530125566,0.01057447436731307,0.016232945874737448,0.008436586456766593,0.0,-0.012604996839451155,-0.007536165649824733,-0.012333229712884197,-0.012288847577652695,0.0,-0.008583624673554335,0.010215082266713527,-0.0035188774213474883,0.029850789820280887,0.004800007127463202,0.007067131259962167,0.011976116048932228,0.0,-0.015060226904115348,0.0,0.004386708243252713,-0.005714186574201974,0.02576152207113136,0.01049861491372206,-0.0018526342968453458,0.011975933856805066,-0.007929477025408138,0.008985840078925111,0.01522841165181843,0.012529781385645977,-0.0028090834391921726,0.007732251171089777,0.001436781609195359,0.004246629667379764,-0.00022494523060723193,0.04166662527455389,0.010169451045323408,0.008307170307295886,0.011354469531719369,0.0,0.0,0.0056819021401539604,0.003891046973934831,0.0,-0.013745649966443896,0.008192519706253787,0.01376145434453857,0.0,0.0,0.00650276241605674,0.01197413598864805,-0.0013202902226807645,0.0,0.006238935974561377,-0.0028901706222559387
2019-07-03,0.00850609829247806,0.013151276130499712,-0.005290939074950263,0.010394289316974392,0.03903556809693853,0.0,0.0,0.0,0.0,0.008038284023026865,0.022900833518668895,0.0,0.003921457230134706,0.011813905791066448,0.02732348036528265,-0.005660646858725693,0.009510598295882078,0.025344340225110118,0.0,-0.0031568981824143805,0.0,0.020250727142187452,0.015267160753269282,0.029850717057203102,0.007929893998179338,-0.034912821720186504,0.018417751543641003,0.004095744908303223,0.0067975285690853315,0.0,-0.01418445088854714,-0.01122461229404803,-0.01456810086661342,0.018662576298582145,0.0,0.0,0.018094636970363176,0.012285290078346334,-0.014492739601511984,0.016756292573243847,0.014035158459685393,-0.025148080507383708,0.0,0.0,0.01351350045186761,0.015650827616447982,0.0,0.022998407750420835,-0.013419965644277165,0.020108204047650347,-0.0014791729198657677,0.015138123155014949,0.004523603399599674,-0.009999990463256836,0.009074428665575285,-0.016901313710426913,0.0,0.011599094271555144,0.011779792014537716,0.0065185167958135,-0.0319999694824219,0.007321484248169696,0.010465359674152852,0.026663465749847237,0.0,0.0,-0.002259920210580524,0.007751930820906638,0.0,-0.021254326195066398,0.009922128101778505,0.02262441242227653,0.0,0.042105187848584524,0.013998023375215274,0.01515285015307688,0.005351162421225464,0.0,0.0030233833253798803,0.0
2019-07-05,0.0010544133097158959,0.004570648594766968,0.0,-0.013999594469191301,-0.003314874553623781,-0.00243309196952457,0.0,0.0,0.0,-0.016871633862330704,0.0037313396321503323,0.0,0.00694867454448711,0.008947224616963512,0.012313081112186541,0.023719176954878574,0.005652811206716457,-0.002399946627441918,0.04098356651125812,0.004384903983464028,0.0,0.021739177464008774,0.05889721667522241,0.014492739851898806,-0.009701268027462406,0.018087977448686177,0.004815127079296877,0.003467714809254341,-0.005453277365324194,0.023529703159745452,-0.010071898812270663,0.009014891856321539,0.01900746511076501,-0.016793913024613638,-0.010000000000000009,0.0,0.0031365068438722332,-0.0033429627790326766,0.044117603747491074,-0.009324166784095422,0.01730102093471797,-0.015174449277129187,0.050000000000000044,0.0030581010769374917,0.05333336194356275,-0.0055548226281211255,0.0,0.010044237262853306,0.007898214704751716,-0.0004548715797578762,0.037037181661032204,-0.0017547362364226382,0.005136581842169141,0.010101000370632551,-0.0001362528110360195,-0.005730767485043642,-0.0025577133946342867,0.008391964003252372,-0.0072394252661127645,-0.012952383858783723,0.0,0.0006057113701305461,0.0041869154923135365,0.0,0.0,0.0,0.0011325195090174933,0.0,0.0466853406367036,0.0338196958250907,-0.007114392648951973,0.0,0.009134591591666075,-0.04040397105738469,-0.011946557060047103,0.0012439185945973819,0.020853088956906296,0.0294117292908862,0.000511039790483947,0.007246335247339308
2019-07-08,-0.0005266513466684053,-0.004671124122297643,0.005319082013820031,-0.019898566804039786,-0.03547672382478906,0.002439026344937867,0.0,0.012232404307749745,0.0,-0.014557112751800938,0.011152405483875416,0.0,-0.0022457648292193433,-0.008553427738262176,-0.0043788765710768285,-0.010194650436812114,-0.004043147975788197,-0.0016834117296292694,0.0,-0.018675732872004414,0.0,-0.024051824124818544,-0.02958579948438389,0.01071427567880967,0.004181332853053554,0.027918780066033877,0.004505359353566218,-0.008739984984664328,0.028198497864347916,-0.007389360972719805,0.00872092177056838,-0.008603652224227099,-0.015544307760410048,0.0015527565148800715,0.0,-0.0021645982313921452,0.01406975210531436,-0.007509936244149307,-0.08450702995658965,0.01043304077560081,0.013605428936910968,-0.034668692933302436,0.0,0.12804880486507653,-0.025316506313829312,-0.0010809470667197951,-0.0024630408843598905,-0.0011697730417919994,-0.01654340543796806,0.0012136200436421163,-0.017143017275312755,0.0,0.00728031670771645,0.0,-0.002044139884334717,-0.021613711972237715,-0.006666473628743286,-0.005391869307397101,-0.003458195587660029,-0.0042984418038041206,-0.01652890933552542,0.0,-0.0013166493021015135,-0.003986793539854316,0.0,-0.02777777777777779,0.0,-0.011538450957754964,-0.01694911505234109,-0.02548215519561936,-0.02115502248500889,0.008849549119871458,0.0028134388557945478,-0.02105249171879997,0.0,-0.007776199452809052,-0.007115921312789597,-0.0057142927915031505,-0.005974365989929953,-0.01438847588157588
2019-07-09,0.01211798979072709,-0.003230319966230688,0.0,-0.003566930617149966,0.0,-0.007299348588084231,0.0,-0.015105726036447331,-0.07249088576483842,0.014642197783892863,-0.0477941592182044,0.0,-0.006691261406935878,6.321121451757783e-05,-0.004235144138603153,-0.011235792719431204,0.0,-0.0009640933431340759,-0.041994711237550164,0.003954519303820625,0.0,0.006635042043477313,-0.029268265451297903,-0.024734959409867696,0.006245928546461332,0.032098578493341634,-0.00022618920505501627,0.004306150083338123,-0.010157321741555814,-0.011579631006813473,-0.014409208041508248,0.009346038093184461,0.013684418925178354,-0.004651121528422064,-0.002020171194365483,0.0021692938810904394,-0.02415207273722375,0.004114152434805618,-0.061538476210374116,-0.011697567850636692,0.026845611810072167,-0.01436544081490243,-0.04761904761904767,-0.062162166516044115,0.03896108017862199,-0.001082196685871506,0.0016460469156169832,0.004099428700282459,0.007082732333790531,-0.018787846420750487,-0.01889532581398512,0.0,0.007783689776484026,0.0,-0.0006827525336569051,0.010309190402811197,0.007227554047430251,0.004242816581981224,-0.0061857125008697444,-0.004089992023179279,-0.016806806028663912,0.0003027389915426504,-0.0032959628824826837,-0.002401791772053352,0.0,0.014285714285714235,0.0,0.0077820939478694395,0.033575305824820934,-0.021201121118482158,0.0029629310491556815,0.013157882353605599,0.027689658547269458,-0.0150538283281626,0.005038265149388543,0.00853271956015833,-0.003150605425128017,0.0,0.0029792653361839783,0.005839410570790848
2019-07-10,0.0013014455505733213,0.006114550221244741,-0.005290939074950263,0.003744979096647283,0.0,0.014705895273045444,-0.00042809197861937154,0.009202445238506662,0.002004278446444907,-0.007642423941562448,0.019305093587580258,0.0,0.008343156318426859,-0.005201065596977084,0.004907807031145239,0.021022455508882265,0.005841988389085229,-0.0014469644189770703,-0.0136986820351932,-0.0017232815525574097,0.0,0.012711886095724712,-0.018844232996052868,-0.028985479703797723,0.0062071590744059435,0.014354023923784265,-0.0016965421908005096,0.007962532333498862,-0.029502584245598595,0.0033474319744914993,0.0014619520207019843,0.013888739719529974,-0.01973004154476843,0.004672855547457999,0.0020242605472129416,-0.004329083529188371,-0.002632924574153539,0.005267339514849478,-0.01639342724524051,0.006794852268892981,-0.00980391240220746,-0.005668219576441036,0.0,-0.005763683216603255,0.0,0.0027084627581970278,-0.03615424939898837,0.01895591069776925,-0.037362556735851093,0.004169188297715509,0.029629384881330267,0.0,-0.0013101661251924135,-0.019999980926513672,0.0009565760019898395,0.005830928407806857,-0.015376871503413492,0.0029338019629054912,0.020267192190471794,-0.000684483351476306,0.008547000709448138,0.0021177321579450847,0.01940032729270147,0.0131835049717699,0.0,0.08450704225352124,0.001131238359506126,0.0,0.005267731706220413,0.02274341805897473,0.017985988270791564,-0.01731600123110688,-0.0024925159575133193,-0.043668040804156094,0.0026063347915978863,0.0063914523207337925,0.08546647709405031,0.0,0.0018440374535846349,-0.034833058892435265
2019-07-11,-0.0028593753568353364,0.004071966107340064,0.0,-0.02342689909948681,-0.0057471209243954435,0.0024156053342891948,0.0,-0.009118532443044058,0.0,-0.0035709099445844217,0.14015146623356367,0.0,-0.00014302386746634088,0.007332715481809027,0.016441410853460292,0.002411495939322883,0.015947046309820356,-0.004385277529473708,0.008333391834189907,-0.004685539587762411,0.0,-0.0009298213645212439,0.00640207312435237,0.011194018896451219,-0.004993866811512038,0.0,-0.001057343333981886,0.0034432173713441205,0.0026435206200006167,-0.0008340383312146482,0.011678821141581697,0.005870850871841915,0.02542370280811479,-0.01705421084187264,0.0,0.004347905977341471,-0.013199577241323368,0.010844286890244081,-0.016666650772094727,-0.0027577587545134508,0.0,-0.015472196648605219,0.0,0.04347821880453617,-0.0625000139698384,-0.01620743926687851,0.03836295620922092,0.014682361702307745,0.0031963839297459717,-0.0035367635223189087,0.007194624481852596,0.0,0.007871836293283918,0.005102035851341613,0.0005460528614666948,-0.004347801505536042,0.017699354544888912,-0.001520898687959349,-0.0004465754874977135,-0.006849299041078116,-0.008474568565903118,-0.0003016754086944129,-0.0010813435658174608,0.007807356080036021,0.004690542447438384,-0.025974025974025983,0.004519731582776743,0.019305093587580258,-0.008733574625433005,0.0028239688917746086,-0.005377303372483988,-0.07488990208033341,-0.0028560690309767933,0.0,0.007866225598709864,-0.0012794128526666393,0.007022606957921562,-0.02298846518060127,0.003527312772004354,-0.0015037937952515623
2019-07-12,-0.0018248108388890794,-0.0004838928271239107,0.0,-0.017247485538764096,-0.05202314010771003,-0.016867625978509215,0.0,-0.030674817461688986,0.0,-0.0007772363118585535,-0.04983391888461297,0.0,0.011197178123297125,0.00981121178284483,0.007847528510391166,-0.004070982484366215,0.005135784257925602,0.0012236895261827918,-0.00826452034781,0.012140680286408578,0.0,0.010237287840745513,0.0012722330629537648,-0.0036900333293332643,-0.005609334818248213,0.0023587064178960393,0.008808062375255332,-0.009689177194240561,-0.018982270875694374,-0.006177390175666653,0.00288600020518448,-0.014591534034092635,-0.023760200434402967,-0.047318640932904055,0.006060590647687825,-0.008657715323993509,0.009630834672678557,0.007344078875737292,-0.05084748913316417,0.009751349472631343,0.006600653833452208,-0.0016540995032725547,0.0,0.04166669426141034,-0.026666641235351562,-0.0016473231485394368,0.0,0.010577234681518055,0.04688213142819064,0.003086372512705715,0.00999978566250137,-0.01054449819024339,0.009454573585548687,-0.005076137217272736,-0.008186530637247058,-0.004366787430500674,-0.011764849489116713,0.004570402077871849,-0.007964030671083422,0.009425235229775897,0.07692310827331861,-0.004228321093328158,-0.011257861654448864,0.007858803691091154,0.0,-0.013333333333333308,0.0011247676191743494,0.003787875024959364,-0.02907488216871079,-0.05491005008832883,-0.0006007010688877656,0.04761911790117157,-0.004415112003055444,-0.03196360747690696,0.0042332018114126235,0.004849308997408874,0.009355665724581907,0.0,0.0006113629996553627,0.01656628550094008
2019-07-15,0.0033950999503595813,-0.000727092475701574,0.0,0.006802804301971888,0.17073169136104083,0.009804003395954775,0.02783724230883111,0.015822769290571248,0.0,0.009506511821143926,-0.020979001741372683,0.0,-0.0152357257607596,6.266189943993083e-05,-0.010646846449396175,-0.026384452210369447,-0.006989119197268634,0.0048873986411039905,0.008333391834189907,0.006119951268991564,0.0,0.009212380072484594,0.0,-0.00740740021233377,-0.007541145091410462,-0.05882356507531605,-0.00614576974332981,-0.0036691282432742556,-0.005643864182252045,0.007895633649021905,-0.011510780705260681,0.02829894250309173,0.0,0.02317878598837675,0.0,0.0004366549067171821,-0.007419252293088818,0.00421699073504378,-0.035714252262698754,0.003531362144935102,0.01639342724524062,-0.024854957393663613,0.0,0.013333320617675781,0.0273972334300725,0.002933506032349209,-0.026272401478364626,0.007006010424720044,-0.006521839527673712,0.004000032865084213,0.0070720061875124696,0.0035523782098800805,0.0056332418330680145,0.0306122151080499,-0.002200968403740733,0.01754375959086807,0.011904908951108073,0.00011676138746063991,0.006527247823757021,-0.007059552932030866,0.0,0.0,-0.012480780780873668,0.004344558915429175,0.0,-0.013513513513513487,0.0,0.007547162342173674,0.019056177472725144,0.002979449953318669,0.0048943817560120895,0.022727250560256484,0.013783991718576916,-0.025943429441948718,0.002765991039576088,0.00632830895164771,-0.015728672322350756,0.023529369266710454,0.006363854025560611,0.0014815153899017108
2019-07-16,0.0026028911011468647,-0.004908605088063123,0.0,0.007665427921681678,0.010416719053562673,0.0024270413955744807,0.009583314259846931,-0.0031152617895386925,0.009999627162486924,-0.008860508983365656,0.007142850452539706,0.0,-0.004822008975242431,0.004450412250551761,0.0035335404946696958,-0.02538151331771843,-0.012328966993061408,0.004134335172820469,-0.00826452034781,0.02214111633082161,0.0,-0.018712909642513598,0.0,0.0,-0.01567545247549984,0.0025000351074242477,-0.004109438165194823,-0.009820006734167719,-0.0027026218244642353,-0.0071668408146140505,0.049490561608680705,0.0003199380685290354,0.001058084597721498,0.019417534907683054,0.0,0.0017457434195573551,0.041110543330623806,-0.0002848662097147958,0.037037001061669184,-0.005242370860622958,0.03870971860300254,-0.012744654335868244,-0.24000002543131516,-0.03421049411937427,-0.013333320617675781,0.0012797106935413805,0.0067451826866533615,0.0064304271425390525,-0.004814072988073459,0.008121341739929733,-0.0014045257780207487,-0.0035398034890981034,-0.014645327635565253,-0.009900980750178201,0.004411646702482175,0.03448282011742276,0.0,-0.0008164817730522689,-0.002608896212835221,-0.0027525997179340678,-0.03174600171093711,-0.003336264086748919,0.00022169361816715139,-0.0008872489772356884,0.003501546258934285,0.027397260273972712,0.008988789095226046,-0.0149812586929019,-0.011576061092226309,-0.04567409488140384,0.0035888077700263477,0.031111081441243416,0.002364749993178039,-0.02905545042131219,-0.003152562326681707,-0.015834229697857083,0.007190786713909381,0.06321840034966253,-0.0009105208051402025,0.0
2019-07-17,-0.010384326301339564,0.007247447671163698,0.005319082013820031,-0.002310286041405818,-0.010309329662834377,-0.004842474910292105,-0.019810134185088257,0.0,0.0,-0.00911250521503948,0.028368852488815266,0.04561397433385972,-0.0038556600354381354,0.0011856240697578624,-0.0070419386588157495,-0.0090073345621694,0.0029979457653812602,0.0014526942343062732,0.0,0.018090982304108216,0.0,0.010697653127271112,0.035578111441268545,-0.0074626792643007756,0.0006077731712246237,-0.01995014712202181,-0.0033319516732200904,0.004132480117788662,-0.006774897797749757,0.0041967942108755985,-0.031900141172897745,-0.004798308324462264,-0.009513667069377396,-0.0015873378696944496,-0.02008032159277251,0.0,-0.0215384654509716,0.004200831196325749,-0.07142858967489152,-0.0035374111663792895,-0.006211174145593357,-0.009466228014439748,0.07894742125619669,-0.02997278780045287,-0.01351350045186761,0.0021910321526366072,0.0,0.013549576294429322,0.0026387077744309817,-0.0007600402958196639,-0.02531616692230454,0.0,0.015410958904109595,0.0,-0.0004117186304004594,0.0,0.0,-0.005020059688992773,-0.0076233412672268575,0.005059950388285328,0.01639342660450316,0.007911984093349478,0.014187542536643782,0.0018873345776324602,0.00145390777519383,-0.06666666666666665,0.0022272044593858453,-0.011406923385144818,0.0,-0.018676726588819803,0.0012771522330903284,-0.043103408409496224,-0.019344175626478166,0.029924932823321315,-0.0018447581659449819,-0.0026661676122403666,0.003513337335865563,-0.054054055813162805,-0.012456497418960266,0.00739640713088785
2019-07-18,0.003148092859162732,0.014390176493749962,0.0,0.01400626015093942,0.0625000038805108,0.00243309196952457,-0.00421054237767271,-0.015624984866008385,-0.00990867307809884,0.01216001244963949,-0.00689654492027858,0.0,0.007409985999801361,0.02088001358836933,0.009026154314114576,-0.005334818974445654,0.010632470737870658,0.00798101074556401,0.0027777752022684066,0.000701397684727656,0.0,-0.012885355968491607,0.006134993015359136,0.018796973948468798,0.0023690888179823677,-0.025445321816330302,0.011699898189244662,0.0032918933358649927,-0.004365650118533404,-0.0028420263903401466,-0.005730653544946063,0.003857098044427243,0.055496267008237066,-0.004769432933725115,0.004098376353816935,-0.0017427011105612955,0.00733749424571517,0.010988944179811444,-0.03846150319251662,-0.0035498994939735518,0.0,-0.039096498812208,0.0,-0.02247188904267039,0.04109585014510864,0.006194406213098302,0.0,0.012960555682688168,0.003947195290562977,-0.011712757348456893,-0.018759213700807353,-0.0008882768072800973,-0.008364286631798112,-0.009999990463256836,0.006179369296348991,-0.03888888752066799,0.0,0.004224007910161198,0.0007533595646198599,0.029748060641102247,-0.024193525128260562,0.006944384429932615,-0.004371597856212106,0.013850326734098806,0.0,0.0714285714285714,0.0,-0.03461535287326489,0.027026957364917115,0.014274162839843951,0.0008503271719266792,0.02702700090373522,0.015516015353759238,-0.0024211503949694846,0.009703483608472396,-0.009955792942151986,0.005892723590206872,0.0,0.013690301003856709,-0.016152736334606677
2019-07-19,-0.017259439739618743,-0.007808565152395697,0.0,-0.006404999468858308,-0.01960782480441492,-0.004854372803563822,-0.006342478687092479,0.009523800152860362,-0.0007919539603677972,-0.00413379611910436,0.03472218772879487,0.0,-0.010026514697639821,0.006166577677672924,-0.00031933773103409724,-0.00039736693780756394,-0.006835713815665945,-0.009836883428723242,0.0027700805412327334,-0.015186862681502267,0.0,0.00606056671994204,-0.010975628619673827,-0.04059045460000055,0.0006060608862785699,0.06266325915443738,-0.009874931936520337,-0.024405096968520668,0.0,0.0005029176793092116,0.01585016319992083,-0.029458846623752755,0.011122122311769234,-0.01757190566973066,-0.022448948451450845,-0.00043646432242927524,-0.016129005047725853,-0.007012614124544458,0.0,-0.01308726803975857,0.01874998183921006,-0.018083310867115565,0.03658534977943373,-0.0028735604621976663,0.026315764707210976,-0.006156271765027532,0.0,-0.01547715864475463,-0.006116189595875343,-0.026319884054812337,0.0,0.004444603054971408,0.013536531987772715,-0.005050500185316276,-0.02292872744568042,-0.0028901855067408055,-0.018414381176240835,-0.012034674593231487,-0.02099661079127857,-0.00022179511749231828,0.008264454667762822,-0.014392637016145682,0.005268909825311807,-0.013114886408784221,0.010453165049049806,-0.06666666666666665,0.0,-0.019920299803290464,-0.03070170521992821,-0.007818529642282357,-0.013933724997203023,-0.02192980392267585,0.0,-0.004854524518659975,-0.010002497946629663,-0.0027467544951663703,0.0010139850993204913,0.07999996146848298,-0.009205725992792124,0.005970143730110733
2019-07-22,-0.004257629043768141,0.004085307407410088,0.0,-0.014014172821472881,0.0,0.002439026344937867,0.019148968635721353,-0.015723255115296708,0.0,0.005231942892397923,-0.04362419919760152,-0.010067101270388346,-0.007056418220609095,-0.012317936419902309,-0.01390233744912317,0.013513616482322854,0.006296852199528358,-0.0031498453410234717,0.008287351037779445,-0.0016607281682122776,0.0,0.008341070704919185,0.00493217799585155,0.026923143934218574,-0.006177725568956127,0.00737092057338784,0.0020858988114578203,-0.006096043607026758,-0.0005482002175538625,0.0,0.0184396644094571,-0.005608638574771896,-0.002999811920030848,-0.006504058737032858,0.008350682639655771,-0.0021838441329951053,0.0026440633243784983,-0.019491776211778222,-0.019999980926513672,-0.010903152533525251,0.009202445238506662,0.03591190687052559,0.17647058823529416,0.048991376049651425,0.20512824627539739,-0.004554563275798951,-0.015075401375873376,0.009399719811702845,-0.004834963525729541,0.004268107254624454,-0.013235290938689137,0.030973429119333096,-0.01120804140231757,0.010152274434545472,-0.006425500991583566,0.03478258336934026,0.018759831871117738,-0.005557947281515818,0.0014607599450455755,0.00444502252940282,-0.01639342660450327,-0.0024337011850603663,-0.003930970440208403,0.006865884175967896,-0.007758738925445541,0.0,0.0,-0.024390220263873164,-0.019909526084286644,0.008273978199119014,0.005169792487826896,0.0,0.005922192949219696,0.02682942193532556,-0.006075286917728073,0.008076210420213448,0.0037702188279802318,-0.07407404103950743,-0.0012255169816193234,0.013353138819611532
2019-07-23,0.0037414083171638524,0.004606844322645243,0.005291247322102954,0.0006820153803090978,0.029999971389770508,-0.00243309196952457,0.0,0.0,0.0,0.04903651653811103,0.049122845469787624,0.0,0.013732431964546654,-0.000737268332325236,0.009399065972180098,0.004901981458176774,-0.0038321087779698004,0.008021517949621693,-0.008219235349178677,-0.009743432610946234,-0.00826447474701919,-0.012408109141713308,0.01840497904607763,0.003745314673225364,0.007739681277375121,-0.036585315270179275,0.006622481468564034,-0.019458711887123226,-0.004387062718953394,-0.0005026648802541889,0.011142117333688528,-0.0019905431906152016,0.01002997924470228,-0.0016366986355668134,0.0,-0.00875278244634703,0.016877722448569,7.209773649918816e-05,0.020408143405366452,0.005884103214686132,0.012158043257392004,-0.0026667483375359957,0.0,-0.002747250048093064,-0.01063828775385156,0.0027450629689407258,0.005952707515906486,-0.007207059297743235,-0.005300362158203842,0.0089721345156073,0.01639350578008658,-0.004291805905398349,0.0035973581260428933,0.005025120811725348,-0.004498765035092611,-0.04201673576573306,0.0,0.006303049433070695,0.003530712672784375,-0.0008852863507680109,0.0166666501098216,-0.0033546456739440567,0.009866313088346068,-0.008908752298936173,0.00724025276073581,-0.014285714285714235,-0.005555530583191026,-0.012500086923436848,0.01292708627045358,0.060570684098016914,0.012429255123649119,0.0,0.008948636984275726,0.0,0.001992944319733514,-0.0009261949368770672,0.0061104666118965145,0.0,0.005111398823973712,-0.0014640925558387918
2019-07-24,0.006123466917022702,-0.0041687687195746115,0.013157880212512962,-0.001363418252467219,-0.03300968974797769,0.007316933321258601,0.0,0.0031948850152176966,-0.01921548966753417,-0.0108249931802199,0.010033435215412778,0.0,0.01602059590447813,0.0007378122979677659,0.011076903295670348,0.011512356571114823,-0.01806689175420295,-0.022908381421725355,-0.005524856784194343,0.009119296491796547,0.007499946193153528,0.009772033227451349,-0.03855423666358315,-0.0298508060193573,-0.04795602264937271,-0.025316549829465407,0.002932163153916978,-0.018981857615582243,0.0005509178168854323,0.005867855180185622,-0.001377441951317393,-0.21742034038848324,0.017874946588805063,0.02295079814333678,-0.004140802610737793,0.004414977475921011,0.014522757745066839,-0.016996914629369475,0.019999980926513672,-0.0029618172808385523,0.0,0.018716762348727878,0.0,-0.01652897501557271,-0.06451613109971022,-0.006753028630532176,-0.002536018086947256,-0.09124266849281859,0.019094109714461682,0.009984390091784867,0.021994103402936505,-0.01293110768807959,0.016975480160117185,-0.014999985694885254,0.006920147204457994,0.010233830956690504,-0.011764849489116713,0.005081540221735459,-0.011702650163761819,0.003322468147609392,0.01639342660450316,0.0,-0.0006513211865798452,0.0059926194250550235,0.0,-0.02898550724637683,0.0,0.0042195060610632495,0.0,-0.010685210536235057,0.006688687760942225,0.0,-0.01645490706868713,0.0,-0.0002654856895618618,0.005098651941112031,0.002284619752245476,-0.0057142927915031505,0.00274603952997321,0.0014662392658331136
2019-07-25,0.0058215486578452325,-0.0008971145226097654,0.0,-0.009444110867020905,-0.021084305444603046,-0.0024211651275843904,-0.01837162922927671,-0.028662468019451603,-0.010204181737306972,-0.01256010077226899,0.013245020564786714,0.0,-0.02408830769289838,-0.009830146637087256,-0.008097569088376777,0.012731330837542298,9.957545609462493e-05,-0.0029615269212810436,0.0027777752022684066,0.006420938469975157,0.0008271953563983026,0.0129031690991952,-0.003759424779028131,0.2615384968074834,-0.01314865122107145,-0.023376551929811695,0.007197019393959447,0.014292076197551129,-0.0005506144735617502,0.0,-0.030344798647124138,0.029736550168268483,-0.007804778183815864,-0.014423025489086694,-0.0020789704218991956,-0.010988813149926946,-0.002044939124275391,0.011063205779119345,-0.03921564960882995,0.005495493265997631,-0.04804800332669101,-0.020997537835597768,0.0,-0.03361341395042561,-0.057471277755039685,-0.0001837331897767136,0.00847435004163466,0.029169894410608688,-0.0326799727410757,-0.008958823305503016,-0.0014346794337234403,-0.02096058427842118,-0.00658369532833647,0.005076137217272736,-0.008275055087259231,0.010130331682610239,-0.003623185209137403,0.00435030333791997,-0.0017026948803843256,-0.004415144224812484,0.008064508376086854,-0.0015301674479647476,-0.012166055759486705,0.003640470447666244,0.0,-0.014925373134328401,0.0,0.004201676463198689,-0.0009115978704113958,-0.013035605647079174,0.002943637255083731,0.0,0.0,0.009501146288455109,-0.003647731325080006,-0.0045654023324246396,-0.010506956699557368,0.005747133595580101,-0.002687855995956334,0.00292825492678217
2019-07-26,0.004998817394402666,0.013228327794306827,0.0,0.007064397341812523,0.015384600336500354,-0.004854372803563822,0.0,0.02295079814333678,0.005769236967726021,0.0,-0.02287579560515074,0.0,0.024121451966606866,0.014767113616839689,0.01664778303264547,0.035809467079652935,-0.0029259173631038804,0.01386127772735013,0.013850468750092881,0.025992402695022232,-0.016528949494038492,-0.0013648216524859702,0.03647798349819498,-0.0548780696119745,0.013774455337546287,-0.01063831026588924,-0.12378107220166934,-0.0067202857634500734,0.0013770234879373344,-0.0033335944446141186,-0.014224804905440092,0.025577679136684628,0.002949666837291254,-0.009756088105549288,-0.014583349227905273,0.011110908851218904,-0.0071721974238677655,0.016376718479341523,0.04081628681073313,0.013147425630577247,0.018927426288799065,0.010723798743540014,0.009999974568684955,0.014492739601511984,-0.012195110427418387,0.00735189946799597,0.0,0.011453561744021235,0.01801799138920579,0.01620937074146389,0.02298836092924672,0.0,0.008100089808052546,-0.005050500185316276,0.00650539531891936,-0.02578807261947269,-0.0013077526655076444,0.013579914177833885,0.017288299950952712,0.015299690175321956,-0.02399997711181645,0.00521001601337856,0.013415443418269613,0.0893601983733594,0.005175362841225217,0.045454545454545414,0.0,0.020920481222442833,-0.027372280081267686,0.02867924936924049,0.02121592267754191,-0.01793720247125663,-0.010678575415381197,-0.004705804945550174,0.015244112284598543,0.003381871043365514,0.017809978418198646,0.0,0.012865731479836828,0.0
2019-07-29,0.0,-0.008034150365983317,0.018181556258412668,0.004220174957705991,-0.010101000370632551,0.0,0.0,0.0,-0.007785808115590709,-0.004617799725084248,0.03344478405137585,-0.03322033582905781,-0.008426383546161209,-0.010577751858372064,0.0033066972038462428,0.005884672019260684,-0.007111916840347288,0.00927788636850635,-0.002732237767417156,-0.00621825551479438,0.0,-0.008656060476244565,0.19538842901364384,0.0709677533478199,0.013523840525793585,0.05645164474319908,-0.013464295035306884,0.005019833254835238,0.0035753648127394566,0.0055186618535501,-0.024530967340231857,-0.02252611112469549,-0.014705998479145999,-0.003284069035370152,-0.031712474084454545,0.0,0.0030960462275191336,0.005347060410095805,-0.03921564960882995,0.00787351445790585,-0.003095972261364044,-0.00972607644188539,0.03960398657276887,0.02285712105887283,0.0,0.0009120480627666794,0.03529445908427742,-0.031729621323276724,0.006194762932862918,0.0029141480107288675,-0.008427012286272406,0.030330192912097376,-0.0021249224597342797,0.0,-0.0025289099577471275,-0.027941165093996467,-0.009429146355087514,-0.004042543520652253,0.0023623363231579653,0.0004365764984135545,0.00819671330225158,0.003963732808066611,0.013237851766911168,-0.010998005289836188,-0.0017164041992634438,-0.01449275362318836,-0.005586674548925252,0.0,-0.004690449479415437,-0.014306604559769065,0.014862847567226778,-0.018264822286715,-0.014032294493193653,0.0023639123535623696,0.00039363319685858933,-0.004801924863464091,-0.0036984186375200734,0.0,0.0009036180463337651,0.011678821141581697
2019-07-30,0.03534024265810731,-0.017330758872837082,0.0020409573024264827,0.002101642658611791,-0.08163269526359607,0.014634085212849923,0.0,-0.016025626330215204,0.0020657478369723314,0.018556762199646748,0.12621362968840688,0.0,-0.0028667838210032492,0.005561631422376534,-0.0031386832211504068,0.011882995437034305,-0.01167113490192817,0.007740071368869561,0.010958893372029044,0.01506367759435201,0.004201686843129382,-0.0036764670434089597,-0.019289393573532765,-0.015060226904115348,-0.02505794573480391,0.0025445649639694867,-0.030740107594320665,0.0,0.0,0.011641361798435002,0.0340235997705538,0.011522389504628361,-0.004975070514789404,0.024711633325904536,0.0021834561241091954,-0.008791256927852209,0.0010287319889730195,-0.013402860486939616,0.020408143405366452,0.00036147585765156087,-0.0372671189165964,0.006250225841767154,-0.03809526231553817,-0.04189940227528577,-0.03703707519273092,-0.000911216989077146,0.0,-0.0025231772667534402,-0.008794700653833587,0.0018351850084437071,0.02691235336933384,-0.00432915732426753,0.012244601620922557,0.01522841165181843,-0.011269375554735728,0.040847240577082555,-0.006345822427738845,-0.001043889309042978,-0.007983014202265326,0.029906396485217757,0.0,-0.005770049818238032,-0.015420887709506226,-0.013976710535060666,0.04584522894280618,-0.044117647058823484,0.0,0.02459013990675496,0.04335533016322746,0.021585426706580257,-0.003155590267857833,0.0,0.004014031508753124,0.049528292435217836,-0.0034738483930362163,-0.007469584651103256,0.011468709296931445,0.0,-0.009379870739293139,0.01443006983359485
2019-07-31,-0.021744605613649104,0.009212247163320475,0.0,0.05740991053217348,0.05555557027275215,-0.014423017545069028,0.02084218487229972,-0.07817590057183965,-0.004123462122359811,-0.015278817715813964,0.014367802310988553,0.0,-0.01831812959056245,-0.003016891953692813,-0.008028982021984654,-0.018970419327881904,-0.014647037687557263,-0.007680622800238401,-0.01084009789505469,-0.004566227543908896,0.0,0.04197416211266658,-0.05383017725705885,-0.015290505384687236,0.0017991310834162277,0.015228377928190984,-0.010482616165681469,-0.021498524652638684,0.00027383039157280464,-0.004603134605892345,0.024320469507933984,-0.027257751088447635,0.0,-0.03215431125584878,-0.0021786990303688247,0.0,-0.011819093168398354,0.004168984086026395,0.0,-0.019161267778286195,0.048387129026447706,0.029281109109951187,0.0,0.002915449057909525,0.1025641613458057,-0.024083435747450643,-0.04220789322495366,0.0029460930715954348,0.012421954532345847,-0.01587545232199239,-0.01793115348187302,0.0,0.004010259732456056,0.009999990463256836,-0.003846689820847682,-0.004360526428152767,-0.00266096939367233,-0.028881659394673243,-0.020462838216633084,0.025434335520213125,-0.040650464024575284,-0.00030564749825334747,-0.009788946042985303,-0.020279252234638223,-0.041095975866415446,0.04615384615384621,0.005618060826358295,0.0,-0.02890692896530378,0.006921676123227138,-0.0055194831332784355,0.07441853037907231,-0.02011137877019631,0.01348314361582581,-0.002104924837788791,-0.01327540914158687,-0.0054778558631829455,-0.06857144469175713,-0.011494226796396778,-0.007112402452720046
2019-08-01,-0.003618492781315319,-0.013331722876248286,0.0030550817668644203,-0.003108689031170453,-0.05157891137448001,0.0,0.0,-0.01766782814990553,-0.002070591388087517,0.02203342895045557,-0.008498575533404162,0.0,0.0044139821235671395,0.0023466381778485257,-0.001110921757537131,-0.0068139672162487175,0.03178690065159051,0.018625675572212952,0.0,-0.01697242866209636,-0.024937343215850172,-0.005754805986592282,0.03282267240610248,-0.0372671189165964,0.014495506726648788,-0.032500069892761996,-0.007586434422375499,-0.014647194076068959,-0.008010902220641158,0.009083183781502857,0.005586586970037999,-0.01840254306707212,-0.008999789028253935,-0.0033222559783855354,-0.008733574625433005,0.006652297432730547,-0.005200227969329285,0.005511683125025479,0.36000003814697257,-0.003022341439311016,0.0,-0.041379361718619,0.03960398657276887,0.002906973923522793,-0.0697674434722727,0.0026174010333279707,0.000847595817941249,0.009672436496316772,-0.022786832980306815,-0.01566623417258639,-0.011235850269535996,0.0,0.0026191323552069434,-0.02475245187544539,0.0,-0.07299266734851295,0.0010669114955705883,0.009993671669837445,-0.005242310032215314,-0.0010337177400773223,0.0,0.008555095864081874,-0.013400707258688027,0.007286899235156019,0.0002856888828859372,-0.05882352941176472,-0.008938571655962013,-0.07200002670288086,-0.004651180533475685,-0.028219826759460998,-0.0034279969021618895,-0.06926400492442752,0.026335121575226106,-0.0221728014984095,0.007909567913078064,0.008100789078995696,-0.009087581413508072,0.07361965048308439,0.004200276686309623,0.002865326772472976
2019-08-02,0.0044098262033547275,-0.00018266474269756916,0.0,0.006559088518183875,0.043285209474928754,0.015950825755074893,0.0,-0.025179832360862853,0.0,-0.0032501986919603043,-0.008571420397077256,0.06942501871303275,-0.029095682081261343,0.00831871749613855,0.010009415495288332,0.00018537085789782637,0.022731751949174317,0.005461766685308511,0.0,0.05599621271591837,0.008410573163411872,-0.012911799643803068,0.006355976936840424,-0.016129017372408794,-0.03186440756450837,-0.023255742727104067,0.010267705104697988,0.007882863407694396,0.007797522243783606,-0.004091595058230202,-0.02916667273751028,0.013634502103786916,0.0,0.0033333301544189453,0.015418434465099606,0.002202280934646028,-0.005227311997283213,-0.012101945898136068,-0.05882354178643112,0.00465820390770566,0.0,0.010791208745809966,0.0,0.008695643760907146,0.03749996367842012,0.0024240458742317283,0.0,0.0009697981908876052,0.03183849706683661,-0.016861010246784325,0.022727418363446494,0.004347980415529307,-0.010122700120141048,0.035532960520909596,-0.006578824560974028,-0.03622039313791181,-0.010127676390739748,0.0005958099355396484,0.006135108721119886,-0.008897030926581562,0.0,-0.005150305795446397,-0.020040088352439533,0.0013632535063452522,-0.0002856072880588201,0.0,0.014656143572087998,0.004310340840949722,0.026168199809568193,-0.029784118822384742,-0.003357870907768623,-0.023255901635817477,0.003975847262086107,0.02267558269230685,0.0020275900793715884,-0.01564847122406232,0.0018895948064612256,0.0,-0.0033667867595063017,0.008571420397077256
2019-08-05,-0.02479344579911058,-0.027515850634638683,-0.010152332601462088,-0.03055227250229875,0.06382978993230615,-0.009661735281447648,-0.020416657129923466,0.007380066658666529,0.0,-0.029141030396210188,-0.07780979213266792,0.0,-0.03252033212226224,-0.010327657005288149,-0.026584824480855418,-0.023359074128879387,-0.015987341272549305,-0.026688894749929637,-0.008219235349178677,-0.0172337341631269,-0.004254995293574648,-0.00992328879555282,-0.011578911229183753,-0.01639342724524051,-0.04035791639463315,-0.10052901252585722,-0.04633967611840473,-0.007374255646983352,-0.026250281770780814,-0.0006570786064784562,-0.027181628984933037,-0.02059668728041908,-0.028254317374480253,-0.036544815762240446,0.0,-0.0021974415510132017,-0.007356872934603631,-0.035814809115038426,0.0,-0.016486304109207706,-0.015384600712702867,-0.03914553449490943,0.0,-0.011494241848790776,-0.0843373424758721,-0.028645901789835282,0.011854149739729092,0.002465691226282818,-0.04432854269466968,-0.05497676452525946,-0.038888903751089665,0.0,-0.020188775282152127,-0.00980391240220746,-0.017996110763046858,0.0686274462460641,-0.039849301446326924,-0.03633966236100916,-0.027517268547009532,-0.061169011211469226,-0.14406776664517873,-0.016138529856722705,-0.019540955004237803,-0.018951132914745816,-0.004571393874882368,0.046875,-0.005555530583191026,-0.03433473232857809,0.04280512628628785,-0.0249426471072679,-0.051853110866905805,0.004761900436850874,-0.022198081546472515,-0.02439006011937761,-0.024929940438342624,-0.04377720102287497,-0.014646620561207024,0.0,-0.034138410295889265,-0.015580755581578232
2019-08-06,0.029396262829849196,0.02278570027125082,-0.017948819221571655,0.016308908773326136,-0.003000020980834961,0.01219521114226052,-0.002552082745991391,0.054945089494299326,0.0,0.021087501864289093,0.03749996367842012,0.0,0.015653749153511143,0.017042182270421202,-0.0006467155288445436,-0.001138882308305278,0.03219744206842967,0.0012135937542196995,-0.011049713568388575,0.008318321395966555,0.008546853211966132,0.007744877921871174,0.035143760558083326,0.039999961853027344,0.009663138471826205,-0.05294130842572031,0.029295884096019353,0.01778467439091047,0.027241571698170652,0.003124239927303707,0.027941113978523058,-0.006437934375734589,0.0010385274993351956,0.025862002344394508,-0.0021691643694354834,0.0,0.012705123286011366,0.015470559434375364,0.10937496856786355,0.006660005991884432,-0.04687502910383001,0.022222093936292042,0.04761904761904767,-0.005813947847045586,0.0,0.011681340523199246,0.0,0.011379804914095848,0.002274106748456406,0.020692015597816082,0.005780254942695517,0.0,0.013601806930024107,-0.0049504903750891005,0.003371876725473566,-0.07339452940819746,0.038138250564983656,0.01718596957874663,0.016479182000217696,0.009561783514700828,0.13861384853149494,0.007737497232495061,-0.001854025012482885,0.017502608849691015,-0.006314392748531628,0.014925373134328401,0.005586566926606862,0.013333320617675781,-0.013973786032960511,-0.00039327844876446694,0.07956318706623855,-0.018957328834943277,0.018897625266673712,0.002272689658368243,0.019610064296549323,0.020269685111222513,0.013625669868669865,0.0,0.028827314430461826,0.005755390352630396
2019-08-07,0.01003342272481067,0.006610090142564307,0.0,-0.0049875699113678396,-0.03711133526124766,-0.007228982203546175,-0.0021322448947721506,0.0,0.0,-0.01078401281440955,-0.003012045380823114,0.0,0.006265407189508743,0.0038249985749210236,0.0006471340404776704,0.008171607035620365,0.002447073417607415,0.007513112265669086,0.00837988045505722,0.02943143232403611,-0.008305247765600043,0.005424906298915122,-0.007201712610645061,-0.022435876862301307,0.021163304529115523,0.009316741358720071,0.00031898349122472247,-0.004423619194502626,-0.01629825190925993,-0.007376922245655004,0.0014306479555485918,-0.006911531805170457,-0.02178417960089507,0.0,0.019565250562584957,-0.004405366334487626,0.012023076825673273,0.008905601486000503,0.028169054758972578,0.011968762187700266,0.08196721439623,-0.00724636891417807,0.0,0.008771921263311722,0.026315764707210976,0.011167768855410598,0.0,0.011831595573319698,-0.03266810927044428,0.0034895161749375347,0.031609314897977026,-0.021645205127457934,0.004982395576177634,0.004975119657066207,0.00759795802791019,0.01320127796275039,-0.02323082400854537,-0.00024312139398197097,0.010518123258579815,-0.01651967780882302,-0.04347822030685711,0.0036855444740602206,0.0013930742808279106,0.0025269961831329013,0.004060206561912638,-0.014705882352941124,0.0,0.06578951633758101,-0.015057579882050143,-0.022047509480430993,0.03885674721223298,0.0,-0.00036098442370013917,0.00907014500871206,0.010240244253893804,0.008710033914782978,0.020385495398735687,0.0,-0.004120602628518877,-0.01430613847024087
2019-08-08,0.005094195719134387,0.035568747037961757,0.0,0.009207419991137389,-0.026041642413474064,-0.004854389920682434,0.0,-0.010416739102864003,0.0,0.0027358948205860045,0.021148088480809735,0.0,0.02575171400684928,0.008769729994819064,-0.08371021438250104,0.005655136950652562,0.010579927614788875,0.011065772988136047,-0.0221606443298612,-0.004331751270822193,0.004101856065807485,0.015287776802472397,-0.018652783276366547,0.02295079814333678,0.02673092996234705,0.04307705529628314,0.021932619004533915,0.009109221620364538,0.0005613104361252841,0.00082588351610835,-0.0014286041259765625,0.02696828164986198,0.04241756417228215,-0.023529390079574886,-0.019189797368818762,0.004424859461393815,0.01704545006726943,0.027283390967099086,-0.20547944668601448,0.0177034923185031,-0.04242420257834523,-0.006386791927468605,-0.0818182049375592,0.02028983544211682,0.06410258173707506,0.028640973516445678,-0.04100420394428239,0.009859065875568396,0.02298280009802789,0.029640684444752097,-0.0055711537412102,0.0,0.015666281969271445,-0.009900980750178201,0.01261608464444186,-0.02280130324516516,0.008849442571246202,0.026261493366433797,0.013225741848040373,0.0006715847717277956,-0.07272731016490008,0.015299585927741388,-0.07349873295923492,0.011027051389361553,-0.006932145525210487,0.029850746268656803,-0.1388888532140824,0.03292177839847277,-0.018884895711167027,0.002415454286581742,0.015378713964669943,0.028985595716481738,-0.00012097563853075144,-0.031460704802176664,0.014749886046393934,0.025128605076853106,-0.005062642107590887,0.0,0.02518749675471943,-0.013062362481095158
2019-08-09,-0.0017739419126283629,-0.015206591779285406,0.023498612225834936,0.05949387548126173,-0.014973260463945981,0.019512062660009155,0.0,0.04561407676877738,0.0,-0.010200196110318527,0.02366861567970302,-0.04918035768838358,0.0,-0.0005395867613126049,-0.004409267930331473,0.0005622459759095921,0.02188532165409729,-0.005709923166031472,0.005665717022269368,-0.005873405494757122,-0.008510321123565978,0.0022143152005973388,-0.026399154482646847,0.025641078544558438,-0.015685282075728946,-0.002949893762779876,-0.007853006828202003,-0.00484389688122977,0.0033680964279494408,0.0024749487165387496,-0.024320401290884863,0.0021178947794999736,-0.023397778112398182,0.018932897521128034,-0.026086973107379396,0.0,-0.012188916435174169,-0.001420040678321799,-0.0344828068146934,-0.0012270261759593781,0.02848098472302807,-0.007346180586734197,0.0,0.025568157573007122,-0.0361445445698767,-0.004731551813390689,0.00959873484318785,0.027783841945377086,-0.00458481105988362,-0.047442919724365096,0.002801182690028492,0.0,0.00013019377322209813,0.014999985694885254,-0.006301341489596268,0.023333333661706313,-0.0010963901135121468,-0.010188203562884857,-0.0067196176748473,-0.008504854470742451,0.07843141608951454,-0.000903986878752927,-0.014764791620846873,0.0003115053651432387,-0.00029136083097769383,0.0,0.029677421439643137,-0.03984059960658082,0.009165937934769719,-0.010441779024535691,-0.019179574428550228,-0.037558759542899,-0.0016866144383644865,0.032482631275947194,0.0018571568988443588,-0.0165625510314229,0.014936903841101579,0.05714285910875083,-0.005044617801846618,0.019117593229024843
2019-08-12,-0.009900968923305276,-0.011089440432722752,0.0,0.0485605770851707,-0.001085762346639374,-0.016746308851440794,0.00042736021559242054,-0.06040270657889668,-0.002489702995119303,-0.020525853584608567,-0.014450853111279693,0.0,-0.03125991171002096,-0.004019018193843427,0.00372006250734791,-0.02285500400665308,-0.016085795711294648,0.007657176234503682,0.01408449379940424,-0.010940918854545734,-0.0013734989544156306,0.0004419014252183828,0.0075921575701620725,-0.01874998183921006,-0.0020245400240281874,0.005917242763079367,-0.023430519817799977,0.0,-0.004195902718401645,0.004774202304445918,-0.013196502979847646,-0.010143779443148593,-0.010416773229753207,0.016891875564834624,-0.004464302820210819,0.0,-0.022622134539758254,-0.01635627072664858,-0.017857126131349377,-0.001734396332432997,0.006153840285081147,0.004625151739076294,0.08910893831432931,-0.005540161082465245,-0.025000050291418274,-0.00804515877762968,0.03802935374033245,0.0030651864782766935,0.0036850071666560957,-0.0464291747636939,-0.01396671912678571,0.007964541340501174,-0.019847745741524814,0.004926103745908295,-0.008646575490044772,-0.042345263703062686,-0.0005490289978583585,-0.008976827803481857,-0.0019440746461101277,0.001580073142557481,0.07272720179282088,0.00030180085580200355,0.023114074715128163,-0.014434013941890478,0.0,0.01449275362318847,-0.028822057104204157,-0.07053944823215597,0.0027247713303850674,-0.01866866613800755,-0.009699638534701571,-0.02439022120941492,0.018346596513975078,-0.004494417570524933,-0.006391771066238006,-0.01838127302732495,-0.010673888699591183,0.0054054120900184355,-0.021752582090494132,0.0
2019-08-13,0.011794843678847311,0.0171217242749524,0.0,0.0016520113577362938,-0.021739174096029212,0.007299193618468092,0.0,0.028571486959652947,0.0,0.009828493885021938,0.005865096898272304,0.0,0.026941458792607786,0.003433088972492282,0.008295064132853192,-0.007093348073378802,0.004947175238415813,0.003562186602462658,0.0,0.012168124508340705,0.0,-0.0017667406915655715,-0.0258342058238602,0.0031847102322188903,0.003795575160795872,-0.03235308918019986,0.026341141450258787,0.0070797731432656885,-0.0182581720331636,0.0009823863232856223,0.023774122876471626,0.0034157851175626863,0.015789748470088627,-0.0016610883847775204,0.06502245796177819,-0.004405366334487626,-0.01209887109243113,0.013663988306540809,0.018181800842285156,0.009339157649878027,0.039755386911067836,0.010129293782656257,0.0,-0.008356538191369944,-0.012820501064172207,0.005898538153575883,0.0024977990338290734,0.010350847234195104,0.0032125195000789475,0.027620421139069373,-0.026912066185528438,-0.007901608651737946,0.009162162578340238,0.02941173720662249,0.005233401219109091,0.03911566061883964,0.01592559126527182,0.011231675138391628,0.012309992141973147,0.013973939673332492,0.03389837528843853,0.0018092628361119356,0.012909648123095696,0.018122634384668768,0.0,-0.014285714285714235,0.0,-0.013392844313413588,-0.016304375525157955,0.00041348165796950553,-0.0007052496892974158,0.019999980926513672,-0.005808006357757134,-0.004514489379415787,0.0029591553678331994,0.02431371679119021,0.004795092649123367,0.0,0.010729105042341258,0.00865800061555344
2019-08-14,-0.028636519922255244,-0.028865745993190695,0.0,-0.028338122012191214,-0.033333302427220435,0.0,0.0,0.024305531410156345,-0.005872387480520214,-0.02791233814728089,-0.12536444850968576,0.0,-0.024363780798184242,-0.01428555490193073,-0.0250306621536599,-0.07337333463826023,-0.023253832312733702,-0.01893059684940468,-0.0027777752022684066,-0.015737731600068305,0.0,-0.008849591131132817,0.01436465322663838,-0.03809527629987697,-0.03865957819530075,-0.012158069470431077,-0.037555306517347176,-0.01499235666659815,-0.033762607022843505,0.008183516062055585,-0.034833058892435265,-0.039148835555784633,-0.040414453372018766,-0.04326126771715766,-0.010526315789473717,-0.0022127183109972304,-0.02822154777781194,-0.014478188770604472,-0.017857126131349377,-0.019437893108757986,-0.01764711162210597,0.013673275403150331,0.0,-0.03370783356400553,-0.025974001846660322,-0.025105500269605896,-0.031561253220592334,-0.02822764390350796,-0.010521673907186724,-0.033252933747963676,-0.019402928582174295,0.0,-0.016381615086605628,0.0,-0.007953693360624348,-0.07201310611425193,-0.02378410202852088,-0.03188792166764631,-0.006233997678264824,-0.03045136044267327,-0.032786950921536606,-0.009030771909399493,-0.04436278010670425,-0.017696451247134704,0.00029144574685258107,-0.04347826086956519,-0.03225810460852174,-0.05429869769517204,-0.004603981458673911,-0.017470757596352304,-0.010272073795443482,-0.01960782480441492,-0.012398587240834091,0.018140620273213948,-0.01815011029915492,-0.033882026308417745,-0.009164646045220493,-0.03225810419370112,-0.023897271415581622,-0.010014262820643993
2019-08-15,0.015131754737425673,0.007506965934423349,-0.020407730146589587,0.002212270987401954,0.018390773255848147,0.0,0.0038445174359043044,0.0033898272208872093,-0.0590716606132321,0.00401377759884336,0.050000031789143806,0.0,-0.010960752084629655,0.016075833169117537,-0.002693077228958951,-0.012294302090820608,0.02097534169151949,0.016883667911528066,0.002785512730456574,0.003553183472118304,0.0,0.0008928775939409661,-0.037037052427568495,-0.016501634583630298,0.009629717240557945,0.0,0.01925388059930011,0.0038221496754624606,0.0275393749464361,-0.005681671839644076,-0.022556404994930057,-0.03144369678463521,0.016198675511847727,0.019130458002505124,-0.02765955823533084,-0.008869112907078924,-0.012602714643086488,0.027210836859514753,-0.09090909090909094,0.018725730535399165,0.017964126568860372,0.12230223470001134,-0.0818182049375592,0.002906973923522793,-0.013333320617675781,0.01090231947111131,0.03859336995738483,0.02372013117884486,-0.011095625599449987,0.014970596033693884,0.0060882388326797265,0.0,0.012908889074181973,-0.04761900436850974,0.024052385379775387,-0.021164006271820468,0.0011076691945657302,-0.011966495213085904,0.012391682842211038,-0.0025218546188127133,0.008474669590729178,0.015188383061275124,-0.009233092298144285,0.006426394954550663,0.003490110756064313,0.015151515151515138,0.0,0.02392353721925211,0.0,-0.025825667263264074,-0.00047534113463398864,0.0,-0.05794324824681618,-0.020044536205534702,0.013586868427418297,0.007529137362078497,0.0019156019335870855,0.0,0.0006305061948193025,-0.021676314120471107
2019-08-16,0.021588304256841218,0.011813369083113034,0.0,0.0236317107384052,-0.02934533176208487,0.004830939353621444,0.0,0.0,0.0,0.017791976919096175,0.015873000254767344,0.0,0.015797089171195156,0.018938163792823648,0.044284607475052695,-0.02869180380879721,0.004090223548678162,0.011385413344848994,-0.011111100809073515,0.00796637798830968,0.0013753880484621561,0.018733277201815834,0.0,0.010067104428777007,0.011552936353387278,0.03692304301442184,0.013356026490212836,0.010750266431488242,0.0,0.0006528956692446464,0.0076923370361328125,0.01097391996970476,0.014877728704843385,-0.018771353414361425,0.0,0.0,0.021087633247139248,-0.0001409300149446402,0.0,0.010411734263917838,-0.038235326704268546,-0.06410267197303066,0.03960398657276887,-0.008695643760907257,0.0,0.014131788950787039,0.0,0.002985250484783375,-0.03927065913590533,0.004038622285427618,0.012103017329672117,0.0,0.00046217686411331727,0.039999961853027344,0.011957314751010362,0.01621623118369353,0.016039863332271143,0.017230618638639283,0.007955664468062063,0.00436683133049498,-0.03361351188145911,0.0071812110957067965,0.0018120137486390409,0.010363065302906538,0.014492646564913114,0.04477611940298498,0.0,0.060747602640028875,0.015726097689241048,0.034332501106640434,0.008243446860688008,-0.05500000715255737,0.014864278499215677,0.0,0.011020178407974868,0.007866373357609202,0.003932865612163106,-0.0055555626166940986,0.021474237023237253,0.007385552566577802
2019-08-19,0.008050299054071841,0.011615546109622787,0.04687463683142168,0.00970510137482683,-0.022093015680318406,0.009615427161765444,-0.003829793727144315,0.020270250677801416,-0.01793724700824295,0.017437882737572297,-0.025000050291418274,0.0,0.016505836830339238,0.011528024328696818,0.015514370790557619,0.011946059919813123,0.014607907973961831,0.012898635126366242,0.008426958391001493,-0.0010976781097257193,0.0,0.00963219404048754,0.014705895044906825,0.063122942798155,0.013811331261407434,0.14836798678164675,0.008485698352370008,0.0033235931287141085,0.013832893721110961,-0.0066896554637349,-0.006106864227211517,0.00542744975666154,-0.00021247873085683544,0.036521745764690916,-0.015317303090881418,0.004026955153843215,-0.0032608406079508434,-0.0027481159428373036,-0.060000038146972634,0.014354600933520256,-0.036697212923249456,0.014555120363683116,0.0,0.008771921263311722,0.02702700090373522,0.0003667390207962029,0.009083420866107028,0.007373051101328798,0.020924443396035386,0.010842933343402583,0.04633794255855217,0.0,0.0005280300571266494,0.17307699361496676,0.009424646370377321,-0.06914896404252613,0.00598804671116393,0.010065295658864715,0.00614755557435509,0.013043311706536498,0.060869612089853975,0.004753557367749073,0.017829493336716462,0.001450773647642123,0.0,0.0,0.03199995890262297,0.008810564358837869,0.0,0.02605083375429018,0.02091197897741881,-0.01587300085546861,0.00353536941064303,0.0,0.008987224422456697,0.009268184344366714,0.009304671593762137,0.005586599319025387,0.014957545086089041,0.011730193796544386
2019-08-20,-0.00748692751140001,-0.006392385256544619,0.011940310620359496,-0.013738099919063718,-0.04875149534300627,-0.014285776895460622,0.0,-0.036423806553163685,-0.004565907419349591,-0.018835917268000935,-0.06730763058690403,0.0,-0.01664323443348592,-0.0023260888120495427,0.0015278540065235546,0.0075122319280545025,-0.01315131322265961,-0.002546636601089336,-0.005571025460913259,-0.025494502140925523,0.030042705982963103,0.006071175205526025,-0.018952070371593854,0.006249993946403354,0.007794095483965924,0.020671926669080465,-0.016962892599059143,-0.001545911627451213,-0.023593082586540692,0.0,0.006144387165389897,-0.016194355963687457,0.014877782114915972,-0.011744995170023698,0.0,-0.008466865005759883,-0.021264961090712187,-0.005369573419358953,0.021276677771900232,-0.018144837236884315,0.0,-0.017721600542306426,0.03809526231553817,-0.017391287521814403,0.0,-0.01044713415908538,-0.061374864292430775,0.017402531410012134,-0.0276452640875563,0.0006920573711997058,-0.004285966800794294,0.013274279594087224,0.001187465788765385,0.01229506995337748,-0.005016730573889738,-0.05714281693391543,-0.012987186950988883,-0.004131724156181571,-0.003846965816418413,-0.025976972540774135,0.00819671330225158,-0.002069777132924111,0.006854558184093973,-0.010656183698997346,0.020286054065208114,-0.05714285714285716,0.0,0.004366808135300104,-0.014571935708798889,0.0032760539665273036,0.012089881857774598,0.0,0.007674625128723411,0.009090868968926191,-0.0005050764910509153,-9.663652807201384e-05,-0.015364761115479242,0.0,-0.020713141520583456,-0.011594191681209676
2019-08-21,0.0015087414098728935,0.010781690287096746,-0.004424568378594285,0.0037899004677104386,0.017499997951090362,0.0024156489590549945,0.0,0.08247422764877088,-0.013761618351740057,0.008215124120168671,-0.0034364227382496226,0.0,0.006336009895731909,0.001981614007109167,0.02067794646437049,0.012569114790769387,-0.0016835738365307273,0.004410055716236538,0.014005589146010688,0.017591312057118946,0.008333345470215914,0.0030172281259592815,0.02613631105127534,0.00931676121838998,0.0010398626580023773,-0.04050637535482515,0.009333305317678287,0.00508741509890176,-0.0480350626204995,-0.0018068118004328504,0.02137402479524031,0.010516660761530794,-0.01047121984012922,-0.015280081118988709,-0.03999998304578989,-0.0008988224441099923,0.003342588489815501,0.011294770261533138,0.04166662527455389,0.012557958019345561,0.0,0.009449961035496335,0.009174288381073925,0.0029498496028923515,-0.026315764707210976,0.005741500532778332,-0.0008718715061031279,0.03703415890016326,-0.013725446637910865,0.0032849001764825303,0.018651237316404057,0.013100511817156102,0.015681554701354683,0.07287452011022078,0.004621731827172404,0.08080800059943005,-0.012609530265505708,0.006955008712741684,0.002120330533821768,0.000695640678160192,0.008130073421291018,0.0053332296504917664,0.009077111651583092,0.007215595981576506,0.0,0.06060606060606055,0.0,0.008695644061371466,-0.009242091554147236,0.009387511893224953,0.021152051989714593,0.0,0.007741545098324254,0.009008969606686845,0.002970558243754029,0.005752103126423158,0.010895928675118904,0.027777813083470715,0.001965203202440202,0.002932548449136041
2019-08-22,-0.0065277617465164806,-0.000942957620182705,-0.00987664692296275,-0.0025495546931212365,0.024570000821577453,0.004819083002090885,0.001708710627427168,-0.04761907645273733,-0.02419568827336971,-0.004803135570660921,0.006896544920278691,-0.0034482713484565997,0.006102002198702827,-5.821642074543831e-05,0.007214778927625787,-0.0025248619958539997,-0.001171238912818895,0.009475743260666247,0.016574636214070848,0.015292607662688695,-0.012396712120528841,0.010313698598922505,-0.025470603437177552,-0.00923076042762172,-0.017658905682395698,-0.015831085413388735,0.015742745022700788,0.0017605980710326818,-0.011314877562892067,-0.000822893772093436,-0.005979067490418877,0.012282650605831336,0.006349171728788683,0.0,-0.03009257440050317,0.0008996310526916407,0.0,0.003933472009574945,0.0,-0.0009159758330825607,0.05079360081525519,0.009361681449812309,0.20909095532966382,0.014705867915830284,-0.01351350045186761,0.0038674132314271414,0.02181514589463185,0.008683739909570054,-0.018389726612865642,-0.015164523038589506,0.0169016447829915,0.0,-0.0022056201839290024,0.04905655522412866,0.0013942018704053982,0.09345789952646899,-0.021099438084506317,-0.0032718630093089285,0.0024180776272335613,0.01946700022745862,0.024193525128260562,0.0011790623955667545,0.0024988169905910684,0.0017649473811991445,-0.018482343247906652,0.04285714285714293,0.0,0.017241363363798445,0.0,-0.004852193702209462,-0.013560891387919827,0.0,-0.0006826382467757242,0.0044643205459524715,-0.003970332475998428,-0.013793395775867356,-0.0031415498112626894,-0.04324329672014782,0.0028388167876722825,0.005847947508874407
2019-08-23,-0.024260858519013162,-0.027900809706139174,-0.004987525954905148,-0.021335140924538254,-0.05275775828786866,-0.011990283036465654,-0.005543755389581406,0.006666660308837891,-0.013336348157512057,-0.02676028406623654,-0.023972660901509624,-0.003460203067554346,-0.02921063584819128,-0.015356537654955926,-0.032650312817633975,-0.036911616809413905,-0.009472962803502294,-0.02289418481341221,-0.010869554654186486,-0.034926920778291515,-0.016736507402056233,-0.0187154627721815,0.009090900224102638,0.003105587072796734,-0.017910194295183257,-0.018766742882856513,-0.045918717464502934,-0.014059810322285315,0.019795639121761743,-0.003293739293324771,-0.016541373223593392,-0.04059540901066894,-0.001051665454257944,-0.0431034468583914,0.0023865983407980185,-0.009887633124737616,-0.043864569988203206,-0.028477246899077158,0.0,-0.023769331217622258,0.027190378895388667,-0.038785590563824135,-0.022556428357406677,-0.014492739601511984,0.0,-0.016143693902839762,0.008539805412828727,-0.010162862465773359,0.003038083767676447,-0.018722653827746516,0.026315677763309786,0.0,-0.011312595162821903,-0.028776951269557483,-0.017263128661383575,-0.061538422677745785,-0.0635279747625832,-0.03075955420761811,-0.018016038545500046,-0.024778443536302763,0.0,-0.018251676094970914,-0.008723942307207189,-0.01855130819408901,-0.00028529840672852913,-0.0273972602739726,0.0,-0.0296609899806608,0.006529822115724615,-0.038602114694399114,-0.027041331275469482,0.0,-0.011425909230624809,-0.004444478967183252,-0.021765055358452856,-0.022807036625180244,-0.01624550923349599,-0.011299381604492176,-0.026196571736228136,-0.01598839123323814
2019-08-26,0.010619046060509785,0.012196732172616631,-0.015037694985593264,0.03179601385322117,-0.025316506313829312,0.019417415560710305,0.0,-0.01986753084718018,0.014444422809113844,-0.009253980696027786,-0.010526306103030625,0.0,0.0015673792173127588,0.004016936832260454,0.025314344624047802,0.01357840473176064,0.016191681919187406,-0.0004682777062842147,-0.013736315740073168,0.02058357535075639,0.021106485529404972,0.01950588508418627,0.02139634886651831,-0.03095972261364044,0.015141318355213595,-0.04371589623705163,-0.006190605414756356,0.01782544025763766,0.0015166400003197023,-0.0042957806731003245,-0.010703390224721554,0.017865442851011215,0.01473705752288601,0.018018000215478835,0.007142838977632016,0.0,-0.006968579365256078,0.010947020416559372,0.060000038146972745,0.013293770763085355,-0.09117652132436749,0.026315733924884288,0.03846153846153855,-0.02941180595477033,0.0,0.01547647349690573,-0.009314372663814852,0.016699989339082455,0.06057525463319746,0.010164045581549486,0.06612701045178082,0.0,0.004471576530745258,-0.059259290001846376,0.01784976604588251,0.01821501371038159,0.04179283581775861,0.009156859817211815,0.02663689668712843,0.027738973961492164,0.0,0.012893672196430783,0.012572388469735518,0.01900739762314574,0.023401823669538357,0.014084507042253502,-0.0025839553713131735,0.004366808135300104,0.0009268052749944466,0.021555297195904988,0.01304252749330348,0.04838711434753651,0.0035177051233057366,-0.004464103815581488,0.017786486846304683,0.01231806057576601,0.01397310218109915,0.0,0.014745413414109398,0.028065001145606505
2019-08-27,0.0023065597283822292,0.00023978324350992786,-0.006615639352692049,0.005257894532329388,-0.012987000923330161,0.0,0.003430528505701913,-0.03716220678945226,0.002904928042148258,-0.013273155584620833,-0.07092200440364194,-0.006944435291406426,-0.01507636558240888,-0.006472521858701175,-0.007558188847625158,0.01037141993440005,0.007361247655846004,-0.014299508782559256,-0.013927563652283204,-0.00044327256731246933,0.00016670764221826673,-0.01870750533562926,-0.013230417816613604,0.012779540060870564,0.006430236536003164,0.04285715652938471,-0.0038404268986773626,0.0122590689991251,-0.034524529020836026,-0.03352139261028719,-0.03091187260443673,-0.013856851210391374,0.01659713032574217,0.008849506735177037,-0.0047281505093793585,0.0009076800030693999,-0.03216380889705617,0.01588680794722208,-0.07547171339100844,0.006345848793375852,0.07443366519811612,0.0059831211644907345,0.0,0.006060600368335001,0.013698616715036138,-0.0007347181751397036,0.0017093562412371366,0.026752186602327477,-0.0076151748345526515,-0.0014122123371548279,-0.01392414251405727,0.0,-0.00870704963047264,0.059055156543388554,0.0008351097527883322,-0.051878412274322216,-0.020930451686216767,0.0026104113467821932,0.007626761131730442,-0.008845258019163027,0.0,0.004440498377635604,0.0007449678143043315,-0.004248666619168784,-0.0114330193283253,-0.08333333333333337,-0.015544021733332691,-0.013043466092057199,0.013888853322332029,0.0041374242312064435,0.0026821275959321156,0.0,-0.01902880410468244,-0.011210902178665827,0.009850286641279071,0.0039409030599872885,-0.018737457609860453,0.0,-0.0038541312487565538,-0.01005749587323479
2019-08-28,0.005369348085688896,0.002217594547819335,0.009221289519290021,0.00498799975626385,0.006578941176802688,0.0,-0.005128159565854884,0.02456146456271613,0.006647747327632736,0.0012682369971497298,0.10687031375522382,0.048950983980548646,0.016649887747081538,0.01012763486357926,0.02081577064382878,0.013259387078464968,-0.002127539385298305,-0.0019021793147687704,-0.0056497121870150435,0.02793796405455473,-0.031499903471326474,0.012565031043586528,0.056983267011232686,0.09463720665490172,0.0039519879843323835,0.1041096397142598,-0.010626005782645831,0.004109167903072919,-0.0028229232790857317,0.005494252475274575,-0.041467265205040404,0.01592498092406469,0.012245261638391458,-0.015789417326723676,0.009501224236974526,0.009070461654625106,0.01208463880116617,-7.031233014598293e-05,0.020408143405366452,0.005739002004430782,0.036144616382703276,0.032285311493142954,0.0,0.0,-0.04054058190241916,0.008452947818715861,-0.008532196642603074,-0.003007237507304583,0.006714409381585185,0.026692631153905078,0.020539330588486227,0.0,-0.0001321111656508167,0.0,-0.003476638133016796,-0.015094292067586945,-0.016033158621954757,0.004587180940341495,0.0031908361545751607,0.01372971950312829,0.015748016714081325,-0.000883939898316366,0.00918117462640633,0.010198853674878716,-0.00479619842604706,0.10606060606060597,0.013157898905902687,0.04405282179418912,0.0,0.02678195756854307,0.002904348008625268,-0.046153862142468416,0.00038331194204688224,-0.01814062027321406,0.005474703171628015,-4.901787883704323e-05,0.013433368235794552,0.0,0.0054899580403222625,-0.011611019630811792
2019-08-29,0.004577923045185006,0.013276021449418973,0.005076255019563769,-0.0026020834296004436,0.045751669124871386,-0.0023810688485449427,0.0,0.010273962536277104,0.08490531975873439,-0.004116359668703384,-0.04827589665525056,0.0,0.011072219693776253,0.0066835350129959,0.006963073675315901,-0.00548760647688562,-0.0003241762687311578,0.031927512071978636,0.005681812794001706,-0.009275243734137684,0.0,0.0051347423010490445,-0.050740009933939456,-0.020172891258111503,0.010431677975276221,0.0372206615371109,0.02879827571761595,0.006892014528197654,-0.010066293407704707,0.0010248974932465238,0.0116472033541406,0.01844173125998383,-0.00806468255723114,-0.005347630854610319,-0.0070588055778951775,-0.0017981138798421892,0.0358209182967002,0.01690182089357517,-0.060000038146972634,-0.0007750041367506899,-0.011627895694091173,-0.009053655838463848,0.0,-0.006024090761646117,0.0,0.007288370621976847,0.0,-0.030188109570527977,0.012386742808910167,-0.008092307263871668,0.01886791748898009,-0.008620674126771033,0.014795281264645244,-0.033457305083066324,0.010466231073926302,0.08812263486506144,-0.028364515029901893,0.01024291899365326,0.006139443433350156,0.01683347481131836,0.06201553897755763,0.00943961029109186,0.03270215444831104,0.00649013586147662,0.0,-0.013698630136986356,0.0,-0.0042194054625018795,0.0,0.015248745634012906,0.00899247572629247,0.0,-0.012246618804388931,0.0046187493980602845,0.006258462224629335,0.010697826747369188,0.009201868914967548,0.0,0.016587820859749414,0.0
2019-08-30,0.0,0.0023607170723345394,-0.004545472734578282,0.007923379539806374,-0.012499987892806708,-0.009546298904888784,0.0,0.0,-0.01086930971104172,-0.001862298579621391,0.02173910977784832,-0.03333329115613193,-0.014521495518104555,-0.022422796784556387,0.0024695344710896627,0.005942407971716079,0.007417689288909957,0.03902086821298956,0.0028248560935075773,-0.009362079301517556,0.0,0.004257146975057857,0.0,-0.06764706253592934,-0.005648952329187162,0.5263161009348214,0.013025850822439011,0.010909037116610287,0.003495474834178669,-0.000682301197531987,0.041118421568599794,0.020823882296790996,0.0071139249123524095,-0.03225803419349749,-0.007108986531678241,-0.006753311554065111,-0.0017291461663337948,-0.0002761392278519681,0.021276677771900232,-0.0051465785203593795,0.02941173583166079,0.009966812419718973,0.0,-0.006060600368335001,-0.014084494035883521,-0.0010850086093858735,0.0,0.013690071199685239,0.0028237277664731053,0.018399540832556127,0.012345410031879167,-0.008695636374278504,-0.0025383974954292787,0.046153895530476774,0.00041422036902361015,-0.01056342425149337,0.0031056978049459616,-0.0019544889982590075,0.005219947605214603,0.0015662669269453922,0.08029198096514789,0.0026299248841981093,0.005952426985008197,-0.011668518442485953,0.0005671832370386376,0.0,0.0,-0.004237284282951559,-0.011872156776744469,0.010671914297053053,-0.0032476789698150377,0.0,-0.003357768034152664,0.0,0.0047270819779048345,-0.010244636239709393,-0.010583516557411632,0.01714280956822889,0.012634221360352083,0.022026445907165293
2019-09-03,0.01569611521453118,-0.015485073568360819,0.04667706711957309,-0.014859575576073758,-0.031645614030057834,0.007228696043218186,0.0,0.0033898272208872093,0.0,-0.01051193428256536,0.0673759084107397,0.0,-0.01714344273209356,-0.01036619381310755,-0.03333891206946582,-0.014556908768188492,0.0021631756125766177,0.0095556934898271,-0.008450696279642567,-0.009010985657408987,0.0,-0.011021628961427221,0.005567950254306009,0.03470028152946503,-0.004701588243259391,-0.05956123386205592,-0.022023649268510748,0.013965255180310887,-0.0034832990500093253,0.013143917321839726,-0.039494471250108854,-0.011973320441228674,0.014126927334984662,0.018518500530834592,-0.004773287724486708,0.004079655576692209,-0.0086604862109263,-0.0026903708409260485,0.04166662527455389,0.0028344178810035814,0.008571420397077256,-0.007401094166305411,0.0,0.024390220854836775,0.04285718786473258,0.007605877171722453,-0.0180724039291148,0.011292098444010579,-0.012200929566223873,-0.017555800433654456,0.017073237339213287,0.0,-0.007112537278242237,0.022058802260453536,0.009387257460503617,-0.06405699863811676,-0.029102230455268052,-0.008567718710221328,0.005338970154648015,-0.012732088604068936,0.07432433303208819,0.011658494588768553,-0.0021301671511044784,0.0021750774043653998,0.0,-0.01388888888888884,-0.01298701704848948,0.008510630526872509,-0.003696854249650383,-0.020336368458233278,-0.0023490001949406647,-0.0430107754301452,-0.009718824379870594,0.022988577583993974,0.00123807480303606,-0.008339570764560156,0.0069119920952200875,-0.01685388659976461,-0.011668370921805726,-0.0373563545196558
2019-09-04,0.017447693715886503,0.014951070481223017,0.04217137755262268,0.003892832134717139,0.039215727523399746,-0.007176817014462822,0.0,-0.010135125338900708,0.0,0.008508051986547693,0.02657804782708406,0.03448271348456644,-0.00761989376434169,0.007163751554852826,0.01155292860599455,0.008563452232964286,0.015154487563842967,-0.00792445251215268,0.017045438382004896,0.008871180406415435,0.0,0.01200174400176457,0.00553711984644889,0.08536584568052041,0.006888879834481942,-0.27333323255605424,0.01697138689543176,0.0016695517392668613,0.006990872125546055,0.02308337694635343,0.0,0.017504566136950617,0.0049752370975162385,0.0,0.014388452353562897,0.0,-0.04542811200813146,0.008715590522151873,0.08000001907348642,0.00826810223133867,-0.03682716064475133,0.0074562787877436865,0.0,0.09821433703206184,0.0,0.01006464584440736,0.02103406315917855,0.01616466697019736,0.015676987618072902,0.00728664101474652,0.004796130661308462,0.0,0.005454796339896317,0.1798561169588937,0.00027337287747952743,0.01711028303670936,0.012117375508902128,0.01716027705319445,0.012294515060983668,0.0006786941853746953,-0.05660379338946264,0.00172859569598649,0.02134725615110722,-0.006820513400685568,0.0,0.0,0.0,-0.016877621850007518,0.01298704515683391,0.008782287164748048,0.00820296066394155,0.0,-0.001308741602535024,0.0,0.0068010404553329185,0.006826731421086141,0.006046812654574962,0.02857139515123519,0.00439539842283021,0.031343290167944904
2019-09-05,0.00759437292100662,0.020976658121549807,0.01813931815760328,0.006446059008905269,0.006289302046118772,0.021686660450310535,0.0,-0.010238897851962525,-0.028571448040874303,0.021296062614406974,0.0,0.01666674291006931,0.02373728422724386,0.017274438085789212,0.010580945458501745,-0.006155577155581016,0.0005428585031406197,-0.009984506494873147,0.01117317394007622,-0.031655361360162115,0.018757423945133578,0.0,0.0022026936048153978,0.05898877570852168,0.00013034646707388298,-0.05275237924359211,-0.01861379629616422,0.0024997010576364165,-0.005679927634267501,-0.023385800438122994,0.008223715684585908,0.01587998370732735,-0.006930449447133835,-0.0036363601684570312,0.014184451528137965,0.0022573187961656416,0.00793173111387313,0.018377257931277757,0.018518500530834592,-0.015319241977811426,0.05882347166332158,0.007401543922267884,0.0,-0.01084009789505469,-0.04109593179530491,-0.001067483110205325,0.008583897447135058,0.008198672465821844,0.0032741256601698243,0.012228712843249667,-0.020286377738199413,0.0,-0.00013075542024099107,0.04573173679141074,0.008066670309716306,-0.024299003055784252,0.010712112866607448,0.017113870395376374,-0.016028067057448192,0.007009110167890853,0.013333320617675781,-0.010353866823420432,0.019043175433870685,-0.0057225049838174336,0.0,0.028169014084507005,0.0,0.025751151572007247,0.0,-0.009497106724262294,-0.010471593582388583,0.044943845056852894,0.003799822251168594,0.0,0.004298619284072158,0.014985506130637205,-0.0006494908387655318,0.0,0.005953608867673488,-0.027496390942992055
2019-09-06,0.004376365267173998,-0.00011547230853714563,0.0004570207781042779,0.000385361255044403,-0.007499977834523053,-0.028301869617356035,0.0,0.006896544920278691,0.0,0.002723703304451597,-0.006472485916521498,-0.032786937037718844,-0.010929692290209903,-0.005052930640963571,-0.003489994728709145,0.04228941504770822,0.008544943523305149,0.008068309151278985,0.0027624942535851016,-0.01316681104206363,-0.01182411196766342,-0.012706528447849696,0.0032966738146824603,-0.018567621643752585,-0.007492404157381172,-0.03631962331637684,0.009670188584786521,0.0,-0.004760427418525448,0.0,0.00978791870463347,0.0030395125297264514,0.008973030921685554,-0.0602189639703411,0.0,-0.006756821864750795,0.009079879804711588,-0.002497805508963724,0.0,-0.010252238811565006,0.08555558219368153,-0.005714311736032096,-0.04444442560643325,-0.021917852064214927,0.04285718786473258,0.008727883877786669,-0.004255474461985265,0.018059991166929246,-0.01538464185800359,-0.0272248132781322,-0.0024359167421769135,0.0,0.00045755419279047693,-0.014577245289547514,-0.001220551441283857,0.026819922503968696,0.009351614245467266,0.003221776751955119,0.010222110781719307,-0.008307242038702811,-0.013157882353605488,-0.006974985926408328,0.0036462546209778957,0.0018835603883153862,0.0,0.0,0.006578981137812301,0.041840962444885665,0.002747228274871283,0.004794130754993464,-0.004491903839080935,0.010752677834782398,-0.012922490939894282,0.006741680903662006,0.006359587328602645,0.00479229596642905,0.010782795348825314,-0.055555492376947124,0.0003035321454896156,0.011904821881092875
2019-09-09,0.000726199839358177,-0.030014233453925843,0.013241908505865041,-0.025947209034916985,0.032745544477900124,0.012135794649181797,0.0,-0.006849308357518069,-0.022624423279844263,0.024179509723851078,-0.052117215274042006,0.03389836044738925,0.035969904851703705,-0.011988746805180583,-0.019679761216646496,-0.012500143726069557,-0.030316707655462904,-0.008670440572262184,0.0055096364451752144,-0.048999333064218886,-0.0066667778695339575,0.0034320002376206915,-0.0010953153073918198,-0.0189189006326147,-0.031245862027449833,0.03517585564777481,-0.004857763156095318,-0.0018701358139617819,0.03443872618118382,-0.0010115480592236548,-0.02261710261574068,0.01645022370459026,0.0533595964939273,0.009708682130449064,0.0023309666798210227,0.0,0.021595717378760648,-0.0015568276605695264,-0.03636360168457031,-0.03462537477671779,0.023541455427072977,0.01559913239070232,-0.10077523124014232,0.028011245075938218,-0.04109593179530491,-0.00264867899306076,-0.009401837766100929,-0.11852659116456288,0.009469778247530813,0.0010495255415909899,-0.007325956916680809,0.0,0.00842922504910204,0.04733723135940626,-0.008690849877119877,0.03917899296867611,0.025941829570728325,-0.02688232780641253,-0.0070613221602152665,0.01879112594126675,0.03333330154418945,-0.009950222148795151,0.002951919003883141,-0.01650302146932414,0.005665802801624542,0.0,0.006535918086282511,0.0120481812348876,-0.01004563092176236,0.019085404871757916,0.010783142561509251,0.047872358301528806,-0.019703850312936755,0.0,-0.026613421717088692,-0.027412393557241455,-0.017100890761645338,-0.029411870950870722,-0.011226526298794282,0.0514705727669611
2019-09-10,-0.01765846000342164,-0.022136133147704018,0.0027042118388189706,-0.027033601524114492,-0.04878051439826525,0.0,-0.00042956308362884776,0.01379308984055716,-0.016203659677482496,0.01304347826086949,0.02749138190599676,-0.01639351638705422,0.0006262060545421111,0.015899528985142464,0.00357270512014618,0.007678199490746218,-0.047082330925039884,0.02915435407009981,0.0,-0.054668561035109864,-0.0001721010209601026,-0.017101309489871097,0.0307017254917461,0.06060600089692669,-0.01572033673556006,-0.06067965248433427,-0.054166207586740844,0.006662425425853824,-0.022503084190888867,-0.0032078237460760883,0.01322312746842047,0.03321972228939751,-0.015947641990686545,0.00961542164785767,-0.011627906976744207,0.0,-0.0158544008735948,-0.0328791554400667,-0.018867995824705996,-0.015907596686846492,0.0,0.05173810894383557,0.0,0.0326975158213787,0.04285718786473258,-0.03806624113134727,0.03537542413637507,-0.07473819109796642,-0.006566775377136347,0.009260855906625176,-0.0012303077940186702,0.0,-0.032592488301809386,0.011299424374030087,-0.003287675883494212,0.023339471138520418,-0.01204097439301055,-0.013079010235854116,-0.0039589258065949595,0.005555272143437318,0.025806504705075506,-0.0038426619234591675,0.041657208299149984,-0.04046295035416658,0.0,-0.0547945205479452,-0.0012986579221323513,-0.007936500427734305,0.019372696973333436,0.039017014101891734,-0.028523903493150926,-0.08629445371829503,0.028598639094666867,-0.008928532726719451,-0.03171032037098842,-0.02560937506909511,0.002672354033462332,0.030303143084683182,-0.02986742487251015,-0.006993033575937835
2019-09-11,-0.0009849895534403963,-0.019412238139006055,0.011235835023140517,-0.0052321124632954685,0.06410258173707506,0.007194312215835108,0.0,-0.04081636790548637,0.013176251814595696,0.012703891475824847,-0.03678926245651348,0.0,0.024513897545995755,-0.019886965366692322,0.0013562841768892664,0.03562562240050604,-0.01387307131741422,0.016779251483905133,0.0027397233430073165,0.021494275806894336,-0.0017213064481977902,-0.000434981686881053,-0.038297837370926735,0.03376626432756358,-0.0013079112611988908,-0.06976742792486823,0.011355420691206763,0.007859480017968323,0.009145440750757183,0.003387339729230998,0.030995114791737333,0.03957134834154985,0.006673053312205024,0.019047600882393878,0.014117611155790355,-0.0018140686686454188,0.033412855506848915,0.016542865614680435,0.07692309808448994,0.005794881756781223,0.0,0.0522676390586605,0.0,-0.09498678066471855,-0.04109593179530491,0.0033126744411420272,0.0,-0.0018418461294483768,0.012747995621159136,-0.015408577138352197,0.016010050373014062,0.03070192722485765,0.005425301688124939,0.00837988045505722,0.010170146918098144,0.13157892280866768,0.005484534942032271,0.006316508311991376,0.0036801739464271677,0.03248625651025017,0.03773581227671219,0.012166009509811282,0.028556783459968926,0.006972855389662191,0.0,0.02898550724637672,0.0013003466275818276,0.019999980926513672,0.0,0.0045060867063391186,-0.04501550953781319,-0.02777775202268362,0.041180167434166526,0.009008969606686845,-6.439911371236562e-05,-0.030298387663431958,-0.014196997868544337,0.0,0.010807210825949376,0.00985917923966495
2019-09-12,-0.003204397042651852,0.00037434211520581684,0.0,-0.009395258425740849,0.07228916095257998,-0.0023810688485449427,0.0,0.0035460959929021207,0.0,-0.015468761872428516,0.05902771913895144,0.05000003406620124,0.0009478531024385006,0.01933001747069807,-0.003893798861304809,0.04166711218871133,0.013821290674323583,0.01050164459945191,-0.013661253978772825,0.031563181213035474,0.0,-0.008267999586326069,0.050884960186734496,0.005025120811725348,-0.0032398235126073205,0.0722221669505918,0.002381583874254245,-0.017442968581814378,0.03937508297877579,0.00947709166917643,-0.01265829088137238,0.01625669867613544,-0.013257439881160238,0.0037383142585096785,0.0440835636460577,0.0,-0.009237866641529036,0.00937780652322906,-0.017857126131349377,0.012660197359673608,0.03750002384185791,-0.02848802170226783,-0.00862066792062055,-0.008746347173728575,-0.028571401810159047,0.005503870027981028,0.0016667278116464512,0.010866124777848984,-0.006993019026365288,0.010198731175454778,-0.009696963378178935,0.008510240207542763,-0.005129600088802033,0.016620549291325615,0.00582813010226535,-0.04186050219809834,0.016363664340614203,0.005415591159241728,0.006820353452817951,-0.0006418791967179871,-0.018181801105005113,0.0038113770188172857,0.03963495484333279,0.011870473712842333,-0.0056338823353051515,-0.028169014084507005,0.0,-0.027450954726180976,-0.020814524157519387,0.05345797072660052,0.029522060317262566,0.03428568158830925,-0.0012597160861472778,-0.05133930700030431,0.01659563335633596,0.0022542800820148923,0.01787790151755808,0.0,0.015385326395324528,-0.006973527224940823
2019-09-13,0.0009891302805902225,-0.004177085923656287,-0.022222298174291777,0.007577417024888344,0.1741572740237194,-0.0023866101547916907,0.0,0.01766791239675558,0.0,0.01859587348637093,0.01639342724524062,0.0,0.012267973901119555,0.006949505171242931,-0.018185266733541705,-0.025000290092838662,0.002045066661842121,-0.01845206176901082,0.0,-0.008742122576097078,0.0,-0.006581900827248632,0.0,0.019999980926513672,-0.00601666901281972,0.03886025304450169,-0.0019882073706489756,-0.012740276595447741,0.022248879830193413,0.012405245875147575,-0.0096153757981291,0.0027313437091018855,0.012475940146120301,0.07076352375030925,-0.022222222222222254,0.008632515730232937,0.01340323684624134,-0.007992411955664025,0.054545489224520516,-0.008758759845118314,-0.033734906811658916,-0.01503753524133189,0.026087000750113276,-0.02941180595477033,-0.014705868173635728,-0.013319021625577743,-0.0016639544524832406,-0.04302567361273002,-0.0164316324520698,0.024543077958002257,-0.003672066530785667,0.0042193080448160725,-0.01613769734302528,-0.00544958597022982,-0.0029994325100893837,-0.01618120222591002,-0.02027425634923219,-0.0008569661739736834,-0.006191311602428251,-0.01799121475552623,0.03703700160674983,-0.00467284250857225,-0.015550512879220046,-0.01716271533547542,0.0,0.01449275362318847,0.0,0.05645155863260798,0.002772706792206092,0.004613187714144207,-0.00903041356891221,-0.005524856784194343,-0.003657425259599334,0.023529253187064558,-0.010608012763994812,-0.012762777813068005,-0.0026564014521684998,0.0,5.13966331880944e-05,0.01123594452133525
2019-09-16,0.001976404840016599,-0.009828235349843673,0.015909072372233712,-0.0071111525326291725,0.014354053886023399,-0.004784639378511146,0.0,-0.03819448928589997,0.0,-0.0021553047166507078,0.03870971860300254,0.0,0.006111636037857249,-0.04193487752544223,-0.036870096356578785,0.0003945721519580392,0.00583097479789263,0.00993979241085663,-0.008310241623697978,0.012738864812622763,0.0,-0.007508837494566101,0.02526313380191203,-0.00980391240220746,0.022820558524990098,0.017456218090148523,0.0018464633051633594,0.0023271915229079454,0.030293893420696882,0.007783115982734845,0.008090645974711208,-0.00038908075905108586,-0.023696621779670912,-0.06086954863175098,0.018181800842285156,0.006756586840772405,-0.030477216670425022,0.0061974031116358574,0.03448272460139301,-0.02741479184862028,-0.0024938225214576892,0.014503788494259595,0.0,0.051515175378903155,0.04477607558580465,-0.0005546649278264093,0.0,0.01229189762413152,0.013842273585679576,0.006286084404486081,-0.004913789601043161,0.0,0.008031089589544571,0.0,-0.005196154952821663,0.0575657870752706,0.021911045284642716,-0.0068611611464833855,-0.011433340234315192,-0.0006542700415620439,0.005952446419502655,0.0035212307200116477,0.00968155587554742,-0.011715082230633,0.0,0.02857142857142847,-0.0012986579221323513,0.022900833518668895,-0.0046083123481043264,-0.03744259050704357,0.02821747763187732,0.0,0.0,-0.1149424415051501,0.004879315576451493,0.0042916151910701306,-0.010544553774244347,0.0,0.0015921057465044797,-0.011111100809073515
2019-09-17,0.009861839493982894,0.0041726426486934365,-0.021476422875444823,0.013602750709087452,-0.04999997750768004,-0.009615284425520176,0.0021486564708623757,0.0072202097704794355,0.0,0.01092665544810889,-0.015527935363983336,0.0,0.021694663550614557,0.014285054808385045,-0.0005393128218296184,0.019913184438501874,0.03734312707891618,-0.0010695058219998277,0.0,0.019351698938261164,0.0,0.0031153361954598946,-0.02464063416406137,0.019801961500356402,-0.0068022586039447885,-0.017156726530125566,0.019544132853899,-0.0018999077757800853,0.007136699488086151,-0.010023319684404841,-0.008025712773962246,-0.016348768306103434,-0.000970936140092804,0.009259206113829244,0.0022321939848524153,0.01118594763067371,0.016607281682123,0.007597113880165152,0.016666650772094727,0.024382525421255297,0.0,0.006771970014397333,-0.09322042117273277,-0.037464009616445026,0.0,0.012025884958599242,0.0,0.02431614009610139,-0.006120666076914527,-0.02093530091765916,0.03209854211050134,-0.0025207600395349417,0.006954282459336492,-0.010958958692185994,0.003161377502855389,-0.07776045520772534,-0.007147144736627364,0.01838133040272938,0.006079174123088782,0.002182363203286908,0.029585769599628886,0.008186989105838816,-0.001766330884117484,0.014873441123248288,0.01983037098881857,-0.01388888888888884,0.0013003466275818276,0.07462688160516184,0.018518500530834592,0.017614689172217535,0.017725248330465737,0.011111167036458314,-0.03202523978867566,0.028571527648177275,0.013608530312209766,0.008704734131996794,0.0029665916522647606,0.005882289194183432,0.018614365451966375,0.023876415593593325
2019-09-18,-0.0012206427007515064,-0.006673996112525171,0.005029480442235501,-0.008540340148436631,-0.00695131052091269,-0.0024272309908460743,0.0,-0.021505356128998288,0.010218505474720141,-0.014788432444187594,0.006309142096266429,0.0,-0.006552185682948464,-0.015588193785490256,-0.004135877093323748,0.028030164907812738,0.006706230443090266,-0.0023560354235080405,-0.0027932934850189994,-0.0056952507652026085,0.0,0.0022182446774481335,-0.022105267173365584,0.07038834221076073,-0.0006163710792168597,-0.004987601037153677,-0.02226137631477043,0.01374537550768129,-0.012188081925092797,0.0232367989440605,-0.02912618662434696,-0.023347847549439416,-0.019436309731492685,0.0018349044462047104,-0.006681582217428206,0.004424859461393815,0.007584660020101719,0.0021057060175668774,0.0,0.008869047142930464,0.0,-0.008968722041719612,0.09345794836777288,0.002994009197675007,0.0,0.00036542336872713577,-0.024166499045084056,0.0044378764088317535,0.0018949694622194535,0.006380391811958708,0.010765536800334985,0.0,0.009454228697061584,-0.005540161082465245,0.010002655407261196,-0.023608766954304805,-0.00419902654776283,0.0026650424878311707,-0.0014738324381682322,-0.0004354799856394198,-0.022988483697581663,0.0034802536060329903,0.014408485213275313,0.002314330473266013,0.0,0.0,0.0,0.0,-0.0036363601684570312,0.007933596855287828,-0.008784730907515081,-0.0054945655957939765,-0.005884674198544104,-0.045454654118255666,0.0042861134109792864,-0.006799169158595131,0.014787891343038595,0.0,0.0002518730289264859,-0.027434816229312986
2019-09-19,0.0056220343896074,0.010015048375144664,0.0009158119847960666,0.0031276101112291954,0.1799999475479126,0.0024331367758334554,0.0,0.007326000288198298,0.011494246729074176,0.001913496414278626,-0.018808759154637977,0.0,-0.0016488499920483957,0.010148936478135973,-0.005597652550773269,0.0007521687036375901,-0.019521729446033254,0.00064400841808121,-0.008403353487606458,-0.0021479749238745294,0.0,0.01992035236387113,0.029063558543849233,0.009070286448309206,0.003700716500123935,-0.015037547371735682,-0.032644018967357025,-0.0029205483728891313,-0.008034132160098073,-0.0030817261489463066,-0.025000015894571903,-0.002430966430757464,-0.03270554211785559,-0.00915754402665403,-0.0022421183305447734,0.0,-0.009264611648587495,0.002236840682429797,0.14754100154721939,0.007739023455066718,0.0,0.027903532533155362,0.0,-0.0029850718650553665,-0.028571401810159047,0.0058482003563196105,0.011955705971327779,-0.003633681039235781,0.026004706357771523,0.007368065467420637,-0.004733929969193196,0.0025271303286822366,0.0017934524542526642,0.06963788467327792,0.010717618975906618,-0.00863566532945692,0.012650516799570743,-0.003261759096992667,-0.00014746461955450485,-0.009150330107646987,0.0,0.0017340280899824645,-0.0009967833157903394,0.006596114508794271,0.026666664266929097,0.028169014084507005,0.0,0.006944437545759019,0.01277375390834612,0.00214663871255083,0.006396438549563621,0.0,0.022099362469403028,0.005291047082638833,-0.0039540414571812565,0.006266511456075152,-0.001997073974443264,0.0,-0.0024663978247658758,0.0
2019-09-20,-0.003403001678000228,-0.00031410990214231216,0.002287117328631627,0.0065936251424667525,0.008474669590729178,0.019417415560710305,0.003430528505701913,0.05818184939297755,0.01954545126237406,0.013453858902631177,0.006389770030435393,0.0,-0.03237909796052929,-0.004418386202011959,0.021245680403862544,0.007703978160418901,-0.00377479397099445,0.0032179696908360977,0.019773992654552597,0.07438403954803552,0.0,0.009982618624000406,0.0,0.01573037632847374,-0.004164963692397605,-0.04071251490612848,-0.04340189295595798,0.01359836817904414,0.03615808808088006,0.009111530694068337,-0.013675200856448466,0.009748003376031322,0.0399588682211347,0.0683919358284697,0.0134831117780021,0.0,-0.01110464799999289,-0.0011494603187033325,0.0714285714285714,0.0068595925141636815,-0.009999990463256836,0.02274395194441947,0.0,0.023952144964210387,0.05882356034843128,-0.007085681262259502,0.03628653271391613,-0.013333435562555063,-0.013825002369511674,-0.007484307442663041,0.010701769854285281,0.0,-0.008752203024238847,0.09374997477667968,0.0024163169502273707,-0.019163792487378983,0.004164118200819411,0.00048455431816196715,-0.005683468242051681,0.014731687141305239,-0.02941180595477033,0.004039231093935669,-0.0032427305467805922,-0.016273465153856748,0.02813817019149556,-0.013698630136986356,0.0,-0.0034482724601393455,0.0,-0.016779388152047825,-0.00022971728415743797,0.09944755383847337,-0.0005147128989557714,0.026315868481214366,-0.0017644614134645353,-0.0020932810093629017,-0.0032446896382641865,0.005847960628562188,-0.009233074127742102,0.002820871720180973
2019-09-23,0.0026829309817473224,0.0025110421722440712,-0.007302349524645035,0.00416356252347172,-0.0411764894448694,-0.011904637358492343,0.0,0.017182113691248002,0.038787207427675385,0.004899759037776841,0.009523800152860362,0.0,0.014898026299289713,0.019211029553795722,-0.0003555798039385216,0.0016779625650256147,0.005351626389771713,-0.002138599097580518,-0.0110803221649306,0.003339303917928582,0.0034754174543782934,-0.016330084256120148,0.032426720955605504,0.03982297103942156,0.01645521971923003,-0.13793106276438427,-0.00047307833508414276,-0.002889461529815507,0.0033503673250383503,-0.00032259176759041885,0.005199343138218238,-0.0048269048375947365,0.024630547279101966,-0.022491368464021,0.03991137722079241,0.00044038723276962344,-0.008865225641484065,-0.015776329814836787,0.11999994913736978,0.01325536454839571,-0.03787881159658324,0.01004308922643804,0.0,-0.011695895017748925,0.013888875091518038,-0.0007320827588308543,0.004886173180688624,-0.007776943029364158,-0.005607295022023617,0.01319623783889523,0.04117648358808723,0.0,-0.004013418752612852,0.0,0.0020084963010014167,0.007104825946252502,0.0065166758917774015,-0.0041191002850934355,0.005418953497091428,-0.003250084846419088,-0.024242401473340114,0.00011559127658511414,0.004254303992430097,0.008215763511255414,-0.02105270337167675,0.01388888888888884,-0.0012986579221323513,0.003460204186943594,-0.009009043066040445,0.005083160635711348,-0.036994441574591086,-0.055276388833144785,-0.0385012701100762,0.012820488083897796,-0.006943506703963043,-0.004562364012123066,-0.012207876934630768,-0.0058139608146223765,0.005245268040633411,0.0
2019-09-24,0.00559478105380129,0.002066442755638276,0.0,-0.006118360490907637,-0.07975466916967855,0.004819083002090885,0.004273520645296847,-0.020270250677801416,-0.008583787362263062,-0.015669318471508875,-0.03144658520498789,0.015872995273650714,-0.014658550104891255,-0.00918580664614721,-0.028815525546562082,-0.02084876139603009,0.0029680267053115994,-0.01093038174312444,0.014005589146010688,-0.0073218996803170455,0.004328788033606923,-0.008300508159685971,-0.033434643113712914,-0.040425444275285605,-0.014704840983347345,0.10769232110940141,0.004365635893293085,0.010142663536307106,-0.020590013435753174,0.02338722809910032,-0.012068994717137738,-0.037591054418695036,0.0,-0.07079647586119531,0.008528735568610335,-0.0004401933772263389,-0.008348318018814194,0.010112577066565098,0.09523812226968142,0.007089033767691877,0.0,0.0,-0.05128203177523416,0.008875730879888577,-0.04109593179530491,0.00805718760905938,0.0,0.0016390511873791702,-0.0028194570384282303,-0.005243531194087381,-0.04632764978590487,-0.01260455271951677,0.0030893669088192244,-0.03095229607320038,0.006147343113902304,-0.029982333531295313,0.0047087154759419825,-0.006448091129934275,-0.000590732749725098,-0.004999993682888615,-0.012422348291186713,0.008951753210086455,-0.006478996494147848,-0.009800567668292182,-0.023655810597454807,0.0547945205479452,-0.0013004718837227314,0.03448272460139301,-0.004545471884987551,-0.019508630260252735,-0.005169820317538876,0.031914926670751464,0.026516807060368075,-0.07594940676057949,0.0009534667830142229,-0.016015229416314614,-0.011260041916890562,-0.03508776377137379,-0.0005062378983544669,0.007032308433022605
2019-09-25,0.015239518136920926,0.010310471107508823,0.0018392028275773242,-0.0024931300739525764,-0.04761900436850974,-0.0023980566072930865,0.004255335381690539,0.0034482724601392345,-0.004329053354607426,-0.0012701230128446817,-0.0032467502308325402,0.0,-0.0018754127625041361,-0.004515217807542382,0.03021988689836097,0.011026619190553033,0.0017375875565606158,0.008884715135569765,-0.008287285176291403,-0.014304943682059257,0.00862109131777311,0.00881052197660459,-0.0020963840848350346,0.0,0.00903670842228288,0.013888941575874725,0.013878100714443953,0.004303278253626308,0.017045439183462685,0.0007880947504208535,-0.0017452406367448603,0.019739559367008663,-0.005769199867162289,0.0,-0.0401690854509138,0.0,0.013830514804088478,-0.0005448224560941073,-0.0326087170602698,-0.0015964759700426434,-0.007874008357040663,0.03693181398858769,0.0,-0.011730263714014644,0.0,0.0025431489127880624,0.0,-0.007706051273992265,0.005183377976861969,-0.007481762134528336,0.008293723941909192,-0.012766154194778556,-0.028655588924791697,-0.049140117362858615,0.010094431846556562,-0.018181786918536225,-0.005858371206592938,0.007224661588363546,-0.00199467147110699,0.00939482496310795,-0.025157283158869115,0.0022899208308873042,0.01103592809615983,0.0047821304533863795,0.0011016464160991113,-0.012987012987012991,0.0,0.019999980926513672,-0.014611858465671257,0.01031703535841988,0.017268915902578508,-0.046391768414455026,0.012394117229037604,-0.008219176077974621,0.002095729663379231,0.016864687115933474,0.01983219819103077,0.030303143084683182,-0.002534574207934015,-0.01536308086891991
2019-09-26,0.009292330567854279,0.009834526593108572,0.002753101968486993,-0.0034682148470656093,0.04900002479553223,-0.0024036783701347764,0.0063559159366815,0.0,-0.00869566682660694,-0.024077968727178933,0.029316011252425334,-0.05937501539822687,-0.013321224573892287,-0.019714446375616368,0.002844511587056786,-0.011658527627580684,0.012706504632788773,0.003006596054188071,-0.002785512730456685,-0.008843523880784243,-0.008547403372766715,-0.0074235842413020725,0.01050414107006259,-0.011086516230013554,0.011534004717294044,-0.06027397221592168,-0.020971284788943945,0.003468867785876961,0.0033519659697918147,0.00440904199229597,-0.010489500870686341,-0.01112010677280173,-0.011605420680253165,0.036190487089611256,-0.07488989893405262,0.0,0.004744953784695527,-6.813993117638084e-05,-0.04494377928932192,0.018389176464247647,-0.002645500142578139,-0.019178097380685766,-0.00900898630432001,0.0,0.0,0.009059611754088426,0.0,-0.004527471159149754,-0.0037505611950112705,-0.010279227087553466,-0.01645135630021133,0.017241412585490723,-0.004273470563568638,-0.05684749268664846,-0.0011834016865246433,-0.02037040036987936,-0.0011784416493095806,0.0037683939872097394,0.0046636722304451705,-0.012337477728992519,-0.012903213897927035,0.003997799261770574,-0.00223270031063616,-0.0060875196057332825,0.0,0.013157894736842035,0.0,-0.02941173720662238,-0.01853566357481151,-0.00437652141905831,-0.00369381663465862,0.07027026678716464,-0.016495103727108495,0.038674068343628853,0.009442360198551158,0.006634172890939594,-0.0009259556914813505,-0.01176479087834359,0.006199114359232594,0.0
2019-09-27,-0.007318278687818203,-0.01739473712591799,-0.002288058646193303,-0.0022519770758682167,-0.01811253856687478,-0.007228982203546175,0.004210542377672599,-0.02061861836027834,0.0,0.0,-0.025316506313829312,0.013289116794524158,-0.007146364492340074,-0.006107378209174064,-0.01595456855672861,0.008371542882797733,-0.009722856521539258,0.003640238893631187,0.0,-0.011439030209854595,0.0,-0.01583804268601008,0.0,0.00224209685182708,-0.03655508137441077,-0.04956270236514004,-0.02991448743575109,-0.012200320437158574,-0.01809578611477025,-0.03465008047259033,-0.012367437581508822,-0.021241359870926013,0.033267990827293925,-0.007352934086817808,0.06666664850144155,0.015597315982321502,-0.00826453911353775,-0.020580670231031384,-0.08235291873707495,0.01391787442465131,0.00265251737767902,-0.015363091793579753,0.0,-0.008902068963955956,0.0,-0.00027070686789609777,0.0,-0.021957659367610072,-0.006117497838683539,0.000692416742433366,-0.0023894705956560847,-0.012711935955510345,-0.016752134260437312,0.010958893372029044,-0.010268874373385972,0.013232513755260022,-0.006489887421657681,-0.012716500256366725,-0.0008843049733352482,0.0013148486082590338,-0.01307188320294328,-0.005403985132950373,-0.015663874912836717,-0.015924023477084215,0.0,-0.051948051948051965,0.0,-0.0033670001235441838,-0.01699719571125735,0.0029304483366590084,-0.022087209091335325,0.010101000370632551,-0.009433917462126629,0.0,-0.023228011320436392,-0.02060780792462591,0.001799603990226828,-0.017857165894961224,-0.02366103145960341,-0.019858204189376227
2019-09-30,-0.0016646787958902731,0.0061707935333596975,0.0,-0.007335586918037484,0.05825248898587154,0.004854245798662893,0.0062892920809685116,0.049122845469787624,0.0,0.011293571756274545,0.05519483133278458,0.08196719898971305,-0.005861692623016834,0.0003102183825001159,-0.007386206056022915,-0.00641514658732123,-0.011921901510808408,0.0010667398198835887,0.0027932934850189994,-0.006248564301883919,0.006896740169051618,0.017881073022971927,0.0,0.004474268873658316,0.018518544092259726,0.0,0.009680926047888727,-0.005557626340011446,0.007938875714663451,0.026798657964929973,-0.04293385356066837,0.03361733056177996,0.023674447237957086,0.03148149505400677,-0.02455353778691871,-0.021501044680458103,-0.0029761451982837084,0.01565585812435022,-0.03846156197421824,-7.053090364406156e-05,0.04497356549752629,-0.028368915915301884,0.2272727272727273,0.002994009197675007,-0.014285700905079524,-0.0012637468877786384,-0.0494327029212317,0.008592137066537608,-0.003314432095843034,0.004324511227489891,-0.017963953806823696,0.0,0.012390945147959354,-0.027100309349716856,-0.001728923599619514,-0.0018657345970205519,-0.004156574982716821,0.01533364947794058,0.011061826944748887,-0.008754712341153104,0.02649004112957365,0.0014298314178391447,0.0007577362763639961,0.0005653238441387654,-0.0068759610087784084,0.041095890410958846,0.002604205206955479,-0.047297332128352965,-0.015369822262954691,0.0043827420559057195,0.01105102124463575,-0.029999971389770508,0.011904721952736397,0.02393609895860882,0.016389363097470966,0.007369870711204207,-0.0010889365723188993,0.036363684129983476,0.0014011285934605322,0.001447211158127848
2019-10-01,-0.013101497039548993,-0.006132948375185632,-0.0022935182961537626,-0.0016535069423326831,0.009174302896359121,0.0024156489590549945,0.004166682561238533,-0.023411348835963186,0.0,-0.024138863496169782,-0.030769201425405623,0.0,-0.013028136822162861,0.002606071198570925,-0.014882142753211869,0.0068361881499490185,-0.0029337014783613613,-0.002131106112430281,-0.011142050921826518,0.011178378145959345,0.0,-0.007465967188243106,-0.04781705235126821,0.002227222581649535,0.009364286319958781,0.021472378575772444,-0.023916120962264587,-0.006831000628142014,-0.007032582056801129,-0.01629226785138882,-0.05233639961913639,-0.03993449152592454,0.008325578836723802,-0.057450657414599315,-0.018306618377430306,0.0,-0.013134287364447328,0.0019865038073811903,0.013333320617675781,-0.002745478576567262,-0.03797470722953333,-0.009489051036613239,0.0,0.020895574225114677,0.014492739851898806,-0.012292068809580448,0.0,-0.007603091085623626,-0.008076088867760678,-0.028246695927570897,-0.001219323179782128,0.0,-0.009527192954811414,-0.07799442286464775,-0.003864320113438069,0.0018692220693046213,0.016100142892576663,-0.01063194620319452,0.001969558276881722,-0.006182595079481601,-0.0064516069489635175,-0.003712478992739965,-0.01842502680253355,-0.02160111796389197,0.010800257616653486,-0.07894736842105265,0.0,0.010638287978706584,0.000975632086032796,-0.03890917427775631,-0.019387208766389996,0.08762877982536454,-0.006405086437160312,0.0,-0.010686820669093544,-0.024810495779075792,0.001525752915171763,-0.005847890212776097,-0.026117920289584262,0.02167631412047122
2019-10-02,-0.013999521464987175,-0.023748709256125045,-0.001379295660690727,-0.02060169398400702,-0.04545460949259217,-0.007228982203546175,0.0,-0.04109593179530491,0.008771944735447734,-0.026144377293981336,-0.0317460761979701,0.0,-0.02618050346967382,-0.006559840862482513,-0.011237874861217079,-0.02678239393563764,-0.013667334754002392,-0.014096662946258443,-0.019718291319166026,-0.005757715581360956,0.0,-0.005309771557870824,-0.002183352011190909,-0.028888914320204018,-0.027832333319659286,0.033033111340631915,-0.02080461251323351,-0.007502995892441744,-0.028045090151129548,-0.007718165031041502,0.015779077119802087,-0.014579597665026256,0.007339154154881511,-0.009523845854259694,-0.023310022480926063,0.0,-0.024803377518510694,-0.011691749813308672,0.0,-0.013200619391379176,-0.0026315764707210976,-0.002210666008072071,0.0,-0.020467885994093882,-0.014285700905079524,-0.012078994458759484,0.0008523303897036705,-0.01932250303413019,0.008141843116315384,-0.02304146187966538,-0.015873268804022733,0.0,-0.0037912891518714353,0.036253814517257066,-0.008560406062905423,-0.055970163243782345,-0.004694898928741864,0.017829101722462326,-0.024969144070379756,-0.012219488320829974,-0.051948003693320643,-0.012610918650457603,-0.013113868077584856,-0.02531520876601201,-0.027123270487142248,-0.014285714285714235,-0.0012986579221323513,-0.010526306103030625,-0.009746625656812946,0.01967464848266487,-0.02644211132671137,-0.047393322087358136,-0.01065658512573986,-0.04155839079184298,-0.019942591631436524,-0.032617554229408596,-0.010662631674234535,0.0,-0.019794730182915,-0.004243311043838349
2019-10-03,0.006609593160999738,0.005874088789907583,-0.0009211913890513346,0.018022581127736137,0.13904765170177513,0.0,-0.0041493933563011565,0.04285718786473258,-0.021738956434042778,0.005604291439706088,0.00655737089809616,0.0,-0.003383102493303536,0.005045770002237715,0.010806689811168502,-0.0015502206640258809,0.007650182043213771,0.01321486904209035,-0.0028735604621976663,0.01922635780076898,0.0,-0.0017793153466733047,-0.009846843458123145,-0.006864927633139617,0.01692677609289106,-0.03197681756566617,0.014596739808822035,0.002099823784583954,-0.008743868825893508,-0.0050234667692588,-0.00970877472018683,0.0008703622948114109,-0.007285683401275889,0.019230843295715117,0.05250589184068155,-0.0022422432192640285,-0.0062034972868203475,-0.0003455436811814483,-0.039473647060816464,-0.000500645596165028,-0.010554079750826784,0.012555427469082225,0.0,0.005970143730110733,0.0,0.010003610539247365,0.0,0.0568820794429552,0.020902715100729496,0.009071117737463608,-0.022332235611832285,-0.00430295162303751,0.020720293565810843,0.04081628681073313,0.001483966277683768,0.055335967456027424,0.002358709613998089,-0.009478200063011588,0.029789525071829193,0.008996916569154356,0.02054792507255443,0.0037737144884806284,-0.01172487624846108,0.004150976595588496,0.023655412758619043,-0.01449275362318836,0.0013003466275818276,-0.04255315191482678,0.07283462423541787,0.0037106327263698446,0.007019858868319684,0.0,0.012100932055926661,0.043360378339769357,0.00632633637498925,0.019443633547020944,0.01226208215057567,0.0,0.004234328164159029,0.019886344779005638
2019-10-04,0.017996056420638284,0.010346833673240408,0.003226022271750173,0.015418602137160287,-0.06354513083369262,0.007281620911528508,0.0,0.0,0.0,0.006741573033707926,0.04234531507093564,0.0,0.019349116725107862,0.012521011630620693,0.014009155681943053,-0.006211231045200161,0.03146648170397803,0.012187458049197408,-0.03170032639984166,0.012272748080166984,0.0,0.01871658049457281,-0.012154763318588446,0.0023040902518667306,0.02061781213493341,0.009008903746865693,0.013788596929421804,0.015297573628101357,0.03645993092760258,0.025081222385170854,0.005882394190066309,0.04304353010066797,-0.006421983476617932,-0.009433997912352998,0.0,0.0004497114255099799,0.021223479580059434,0.009965273205326142,-0.0410959154652657,0.013455483464670737,-0.013333320617675781,0.009482048770361295,-0.007407388569396267,0.032640990281860294,-0.014492739851898917,0.026779311264182093,0.02725727196249106,0.02995324641903241,-0.011168194776706275,0.01726003088107908,0.0203045538795934,0.006914410916687874,0.014223555427395063,0.06162465902636405,0.015088042600829299,-0.041198564471227384,-0.010000133168337366,0.02168137763021072,0.017037413112624078,0.02028539206916058,-0.006711402952518042,0.012145433507818826,-0.01871866804007838,0.014763219153653084,0.01210454328856958,0.02941176470588225,-0.0012986579221323513,0.0,-0.0036697213993499567,-0.0022179731910418887,0.023485492373897854,0.02487559828533148,-0.0014451668275469176,-0.01038950312470055,0.020998172255125125,0.016151286545510013,0.02482498478168127,-0.017647150902519337,0.01978476749397795,-0.025069614574109722
2019-10-07,-0.005494444412499244,-0.001759515116889876,0.0,0.008078255269919232,-0.008928562875609058,-0.007228982203546175,0.0,-0.006849308357518069,0.0,0.013348238808768231,-0.015624984866008385,0.0,-0.007659307207671717,0.00030606165464686086,0.0003638209900016509,-0.007812564449350634,-0.012452606623394868,-0.007182248921606238,0.011904821881092875,-0.002469703818825386,-0.004965970666418351,-0.003499559123801066,0.0850112152744924,0.057471265627790036,0.0024831887059564295,-0.017857012762677815,-0.013491200404879944,0.00020624727192997128,0.011063811758607267,-0.005401901242032325,-0.042885041349123854,0.01375577765505609,0.03416430014232574,-0.028571446736653683,-0.034013606619062275,0.014825001288863549,0.01528117302402876,-0.007742884878525702,0.0,-0.010169505179949634,-0.005405400180747089,-0.00867047112157282,0.0,0.037356286008570105,0.029411736347271455,-0.01625610756478668,0.0,0.0024209948222131406,-0.0070586439293953696,-0.015023016283322588,0.0024872991204993866,0.0,0.027299302358895217,0.007915559813120199,-0.0015924162122454844,0.052734427084926594,0.0005939964869350334,-0.016834762996432717,-0.013829355375600927,0.0017477341463254525,-0.01351350045186761,-0.0039998973486534695,-0.008597519729425018,-0.0008146741655017387,-0.02092969547381729,0.0,0.0013003466275818276,0.01111110031850071,-0.029465902849036274,-0.008151468079594881,-0.002756863392825659,-0.03883491549912932,-0.007499949925392269,0.044619323410806766,-0.002348935645151373,-0.0048823446209042,-0.01293352544008941,0.017964167273228027,-0.0056188350695197675,-0.011428560529436416
2019-10-08,-0.020658157762665996,-0.01617450780822416,-0.02388607927217623,-0.005528135919764532,0.018018000602490147,0.007281620911528508,0.0,0.031034452141253555,0.017333312089101716,-0.02224768901514429,0.006349200101906982,0.0,-0.021030077817842385,-0.011383040544212797,-0.002907573320488188,-0.02165344924136814,-0.005578435155136452,-0.004893610579982499,0.02352938866532872,-0.011928849328302515,0.0,-0.015364370979800257,0.0,0.05000000518301273,-0.015130177282678958,0.015151493856542242,0.0,-0.014238399569913907,-0.018518472871831615,0.006389731756696104,0.05498981452490703,0.004934169933817678,0.025893090121382745,-0.04313721456971287,0.04460097638344118,0.0026557151760029374,-0.0036123643038051823,-0.01747114860101673,-0.014285700661795464,-0.02176108197973725,-0.021739174096029212,-0.01749261142535019,-0.07462686425532883,0.016620549291325615,-0.014285700905079524,-0.009260824356787656,0.0,-0.0032203835859132557,-0.009952720906991952,0.002691575939548052,0.008685173988673967,0.0,-0.005434009931055361,-0.07068062451438595,-0.010900060762781938,-0.012987012987012991,-0.008313401243259855,-0.01024954192777272,-0.007951120175970772,0.0010905204890356845,0.04109585014510864,-0.011761252438805103,-0.03550139076206482,-0.0109492234544456,0.011104859266337197,-0.014285714285714235,0.0,-0.021978000864594893,-0.0028462744857464806,-0.01979814712232264,-0.028782835816034802,0.0,0.01153396829066522,-0.007537625767117695,-0.014442968840230663,-0.013519360930093205,-0.012028738390560512,-0.029411870950870722,-0.017218205662699382,0.011560682489023755
2019-10-09,0.00956583567142788,0.01368968340836596,0.0009414571642982761,0.0031107374670626964,-0.026548647359614486,-0.007228982203546175,0.0,-0.0033444784051376297,0.0,0.0008560982216643254,-0.02208207254783867,0.0,0.011723582065527705,-0.005076163098882702,0.016220223474664897,0.030181054386918982,0.0140946576484553,0.00883249830841315,-0.0028735604621976663,-0.008883899562413422,0.0032699162236289325,-0.006241613363515253,-0.00824741497722925,-0.04761905232019292,0.006525774657631489,0.0,0.010382247852803506,0.0029307325334670953,0.0034302630952007807,0.0,0.0019305461801615298,-0.004909943438526465,-0.026109695227200636,0.010245842771549496,-0.00674155588900105,-0.011037518294150561,0.01208463880116617,0.0004215683962645045,-0.04347828791136965,0.0017505261701167285,-0.02222220161814692,0.03338275747433639,-0.016129093454646193,-0.02997278780045287,0.0,0.007147950993418473,0.0,0.024807214459390492,-0.006701848903020613,0.007158155038223146,0.012299916133066136,0.0,0.0044642734592950095,-0.03661968387845116,0.002419239283797836,-0.0432330985787176,-0.002994052373397005,0.012426663456189813,0.004444410088398909,0.002396658226555104,0.019736823530408287,0.0026122780693980108,0.005619577467883552,0.011070436133408412,-0.0307522741575198,0.0,0.0,0.003745314673225364,0.046622241717143575,0.0053355390481162335,0.02025957187247518,0.0,-0.010353934978460932,-0.025316530372855417,0.014138301685453714,0.01696512884179069,0.0043486078030536834,-0.012121155066964207,0.00998019535499206,0.0
2019-10-10,0.0,0.014262420976426604,-0.0009405716563739563,0.01011731691441975,0.0,0.0,0.0,-0.023489910333813202,0.0,0.003916603331668211,-0.04838705211722627,-0.06060615713366113,0.018047979278018822,-0.001617524460065689,-0.0032282441508316717,0.026366997073415943,0.0035325110118842318,0.010463146691168879,-0.048991376049651536,0.006665155750737339,0.0,-0.005832259433631304,-0.0020789505537704978,-0.004347822030685733,-0.020733485326954626,-0.005970156371347235,0.009115455275845674,-0.010227554671152994,0.018803654707709505,-0.00047615039290549444,0.042389169126420656,0.04194075741149361,-0.025916162421160016,0.05476673231802165,0.0022624088777152274,0.0,0.008955201106285005,0.0028800619318460896,0.03030307408973054,0.003931662737726382,-0.014204531985004043,0.013639521633652008,0.0,0.019662969883848636,0.014492739851898806,0.008371327277669538,-0.017412630545427077,0.010752674424805875,0.0038555937584741073,-0.002842925566497456,-0.0012152388501144307,0.0,0.008092877085924544,0.0760233873284013,0.007373416708223113,0.04125736807145808,0.001201217457337922,0.010108229314679695,0.00029023605620537296,0.005867952438701307,0.0064516069489635175,-0.0005790148869426748,0.01788207245814233,0.0012813626516452459,0.0,0.02898550724637672,-0.0012986579221323513,-0.0074626792643007756,-0.004545471884987551,-0.0174376295770996,0.004348886250531647,0.005050500185316276,-0.0038405827312358864,0.03116895071598269,0.004901594554907129,0.008259510192051511,-0.004762666487136302,0.024539834246511516,0.00800240335033564,-0.00714288439069477
2019-10-11,0.008017504787988461,0.011199636564493076,0.017882346839139363,0.010670756940604598,0.04636363449175507,0.007281620911528508,0.0,0.006872845476499245,0.0,0.0009417341429021064,0.0033898272208872093,0.012903304198723875,0.031950285126395084,0.006169501392528698,0.017272424838086664,-0.008372872092269446,-0.014173712556384999,-0.009509607315506874,-0.07272727666807577,-0.017579919433243996,0.0,-0.012184136264567824,0.03437499068677452,0.008733616270600209,0.011931005017510765,-0.039039047171875674,0.012263376120712488,0.0018980237092329766,-0.007270727212613792,-0.004129058169327848,0.003696854249650494,-0.020521004824811673,0.015596117819731248,-0.01923075159625831,0.038374735715960506,0.0044642358593867115,-0.0029585348040910286,-0.004552974266904708,-0.04411767387060073,-0.0018854687846644458,-0.03458216800814329,-0.006373978933225777,-0.008196700807861168,0.0027548182225876072,-0.014285700905079524,-0.01064785056419748,0.05316435723219737,-0.030354518528771468,-0.004320600381233497,0.0032074181860597406,0.004866388703579583,0.0,0.012897226027074105,0.0,-0.0037265811213379463,-0.03018869565808946,-0.012597396943686445,0.008220160021207956,-0.0018130308885604407,0.009507501342375324,-0.03846150319251662,0.0023174648202848314,0.0,0.004653157914846551,0.0,-0.014084507042253502,0.0013003466275818276,0.011278184369081234,-0.02831045400385146,0.021604906295214832,0.00016337126484566866,0.05527632892897949,0.010236686329436306,0.005037700208412321,-0.004751025633003114,0.0050660176651557975,0.002501445911953004,-0.011976063447222685,0.0021842300108938506,0.0071942722456204145
2019-10-14,0.0024101965615030974,-0.00036955834720209246,-0.006934847057831095,0.010408389353757652,0.04257169749882128,0.004819083002090885,0.0,-0.010238897851962525,0.0004369192259021659,0.011424164312837437,0.016891875564834624,0.0,-0.0017200995485878723,-0.0006811219599939244,-0.0051291154157905305,0.001727174635873574,-0.0022554573720920956,-0.0008533101991898828,0.1437908710615159,-0.01673245239208032,0.0,-0.011877580453692804,0.0,-0.0216450015388836,0.0017720287139366686,0.046875016355953925,-0.013628891221682538,-0.008419305135890065,-0.014084699708040382,-0.015308436980744577,0.0386740413970188,-0.018130546276864945,0.011743641065285582,0.0,-0.03260869565217395,-0.002222312133017379,0.0035607990851065363,-0.0008446678116402762,-0.04615387549767125,-0.018382561932592356,0.15522387932233328,0.015680647795399016,0.0,0.016483500288558606,-0.014492739851898917,-0.010944871399992118,0.0,0.003561069196630351,0.012535951964517178,0.004440497395876264,-0.01210669504533024,0.0,-0.00019488586191296342,0.08967395547235091,-0.007747384422278958,-0.0252917639136383,-0.006075222940379099,0.0008274121773277354,-0.0013806742864694854,-0.0004279194644787321,0.0,-0.00895945262647635,-0.018665942889909082,0.0030104579031822176,0.0,0.05714285714285716,-0.002597440937740725,0.04832709043012651,-0.0028196133155516945,-0.018126900418582337,-0.010292391158976177,-0.028571402621105912,-0.003421329055377398,0.0,-0.011011212876036125,-0.00396810789476687,-0.018116830997788935,0.0,-0.002445550192517132,-0.014285700661795464
2019-10-15,0.007453769987123771,0.010218068522453105,-0.006052114175969514,0.008723835573575478,-0.058333374725446085,-0.0023980566072930865,0.0,-0.02068971697413624,0.0,0.0013288583409702959,0.0,0.0,0.008485898223118404,-0.002169515865046323,0.011555709943157133,0.011302553164360019,0.001036042579819041,-0.004697761673466472,-0.05714287076677593,0.0011817356520369415,0.0,-0.0009245747198785015,-0.0030212170919945436,0.03982297103942156,-0.0009524415566808386,-0.017910469114041816,-0.016778108003435932,-0.0010615617147898826,-0.003428303855191217,-0.001133793655344273,-0.023049581681065745,0.0016412598007535806,0.0,0.0921569168269758,0.006741555889001161,0.0,0.013601392330676365,0.004578476123290542,0.0,-0.009104637896577561,0.007751992427776466,-0.022455963348807284,0.033057872952082956,0.024324300813361788,0.0,-0.0033198855789294823,-0.033653962629189293,-0.0003146590447808961,0.0047620437924842385,-0.004597671530343961,0.017157052355995184,-0.020600982092594422,-0.0072124798854649175,-0.009975111717826612,-0.012655024147560145,0.009980022729704663,0.02322724062525583,0.0018887383597208096,-0.008148045933440318,-0.0021413429460079847,0.019999980926513672,-0.005832490753126751,0.00783213368662583,-0.0019623906140134872,0.01983037098881857,0.027027027027026973,0.0,0.010638287978706584,0.0009425286715765147,0.010000155384104925,0.022944855523855168,-0.02941173720662238,0.003565031919964712,0.0025062853331356827,0.00450479225716216,0.004899062182839531,5.529274777726911e-05,-0.006060541045300294,0.0019186085460320967,0.05072462315870885
2019-10-16,0.0014318524407841426,0.0002441120450917822,0.0037471056184892326,-0.007084875232655996,0.04424774559935751,-0.0024036783701347764,0.0,-0.007042247017941761,-0.013100413770763542,0.007343199504720399,0.09634550258200991,0.0,-0.013390545755251448,0.003416426140569362,-0.007908773668228841,-0.007387692981322358,-0.002634403658448914,0.012014479493217767,0.012121200736670001,-0.0033049902651376417,0.024871202847088103,0.005552935145558768,-0.013131228866239186,0.010638338885950116,-0.005788260593713845,0.04255324314650877,0.01254741594318931,-0.04568622047182602,0.009174176495733377,0.015726689335362254,0.02722316012693038,0.005735531231997992,-0.005357051708527405,-0.010771982213717668,0.015625017295990862,-0.004454178990565327,-0.009334880578160343,0.007501576857838366,0.1774194218241607,0.006199996506244032,0.0,0.0330221939823534,-0.00799997965494792,-0.03693927912789374,0.029411736347271455,0.004256228790118,0.0,-0.02547812997846477,-0.008530820333907063,0.00408597510206965,0.008433499001559541,0.0,-0.02035474014667571,0.007556667801907446,0.0016363337686675639,0.05138338166452017,-0.010752769713605947,-0.0012962483949194858,0.00065995666737928,0.010300461478550238,0.0,0.0005865294486366857,0.010546796585893414,0.0030078303481966273,-0.005555692540577639,0.0,0.002604205206955479,0.0035087687010102453,-0.0018831924957504187,-0.00837798023862002,-0.0225108993107076,0.03535350129721371,0.0,0.024999892285002767,-0.003139233427524535,-0.0070717380659884865,-0.0018228001533293625,0.0,0.003138360046755162,-0.027586180588294762
2019-10-17,0.00095329905433994,-0.0020108309168811456,-0.00746591031874666,0.0017222351633832123,-0.09322025422493396,-0.007228982203546175,0.0,-0.0035460959929022318,0.0,-0.009309657060526888,-0.036363602210010226,0.0,0.0043509530062857404,0.013247530808954577,0.017537515478691423,0.013358624121594165,0.004716678865105184,0.01674788960504814,-0.002994009197675007,0.018711441922997674,-0.014225845352402011,0.004601950463706039,-0.01740021170202255,-0.033684178402549336,0.014315043410209727,0.00583091057955798,0.02671140985368048,-0.01892657720856805,0.004261394458821455,-0.0025540426397994143,-0.04770317812816982,0.008961097357060854,-0.003590769535802729,-0.0018149234966302608,0.0,0.0,0.01236754991064215,-0.0020877001146569762,-0.17808221325594198,0.00683005617105259,0.018205092058301675,0.0,0.03225808436366906,-0.030137022093236654,0.0,0.006633491089900856,0.024046373260268483,0.027260633988889005,0.0033460207534448116,0.0007077302760680748,0.0,0.0,0.002872848447432519,0.014999985694885254,0.014293518118905446,0.0,-0.004830855535814749,-0.00023600705430049107,0.00395848091925366,0.0014867798188438197,0.045751669124871386,0.006449776055508227,0.01400709485499907,-0.004843812671971537,-0.02206736002737475,0.013157894736842035,0.0,0.0034965002902287434,-0.008490580127263336,-0.0019198790668750743,0.013124195772717284,0.06829273568811045,-0.010789476947217547,-0.024390141377743313,-0.002378068852534332,0.0065286504394095335,0.014326139259162485,0.006097495165021449,-0.0037116788301962966,-0.0014184721434444825
2019-10-18,0.007381007461909617,-0.0017699126345073202,0.007992355242592897,-0.004126548454087331,-0.009345896432088385,0.004854245798662893,0.01041666666666674,0.024911093625196168,0.0,-0.024556774800705727,-0.006289302046118661,0.0,0.0009051745769466102,0.004521006715024756,-0.010445559484906664,-0.009604557503659406,0.0007511839460325742,-0.008340236478226015,0.009009000623754648,0.020227918635989717,0.0,0.0022903910781169046,0.01770834057695314,0.015250477668230955,-0.015733688221170716,-0.002898516736770107,0.004505767825644158,0.013844706259879658,-0.0048088200473696,0.0,0.033395233698427784,0.02139683419321381,-0.00270287631809607,-0.03636360168457031,0.0,-0.002237226812613513,-0.013379955930150844,0.0005579688328818388,0.050000031789143806,0.01179775773138969,0.027448997426148036,-0.012508690972174996,-0.06250003725290154,0.0028248560935075773,-0.028571401810159047,-0.0027457138811718407,0.0,0.009093386195550446,-0.003334862235195857,-0.008840169516617258,0.02867423775309197,0.0,-0.005396026615816951,-0.0024629931491653156,0.004563307703231878,0.0075188287363825435,-0.004854305986763396,-0.005664750483491354,-0.005184172952421129,-0.0019087948779421549,-0.006249993946403354,0.0034955955993196675,0.010834278053008184,-0.0030131023159658543,0.0,0.025974025974025983,-0.01298701704848948,0.0,0.019029477156007113,0.0023086156864438045,-8.142827937007713e-05,0.0,0.01090715949312826,-0.009999956914001129,-0.00515402159278644,-0.005574999999999997,-0.013850026316275743,0.018181842064991738,-0.0006386557787960712,-0.002840906397000853
2019-10-21,0.0066177964641684905,-0.009232933799921184,-0.005597279281847944,0.0010360029952671823,-0.056603722658898126,-0.004830795927826093,0.0,-0.03472227051302046,0.0,0.015677528794498796,0.009493661574342616,0.033757992228070854,0.0011197664472104574,-0.010278759700258822,0.01477829926925267,0.04107270878508551,-0.03330663311935944,0.006938630511530874,-0.032738065038745545,-0.020054718475261746,0.007639866436667919,0.004570401522182799,-0.05117707027359231,0.030042993113079675,0.006517647110549918,-0.00872097748293632,0.011801772180730197,0.0008954731599253307,0.01279096231112442,-0.00032016551137281635,0.0035906607379059263,-0.007904989528235484,0.00722688991055942,0.0,0.046153812618046075,0.008968625941698116,0.033018950679290615,-0.012196941995577748,-0.0317460761979701,0.014356480433977525,0.0,0.039408898088186595,-0.125,0.0,-0.029411736347271344,-0.0167036083554285,0.0,0.001473512990303627,0.013384181034072906,0.00410273879061851,0.011614206343237177,0.0,-0.00997994281786796,0.037036941102725374,0.0006677312398926105,0.005596983242022402,0.02804883429428351,0.005103829452272501,-0.0009540564053096556,0.013812151000336614,0.0,0.0017415823045012768,0.03804935678602139,-0.007904511811413162,0.00571273535792316,-0.03797468354430378,0.0,0.020905987313805108,-0.011204471067382427,0.021880603615944683,0.003014707952964546,0.0,0.03500010696208733,0.0252524766479596,-0.006151890196725351,0.010403793226445357,0.006661265799114524,0.0,0.012142566836572888,-0.0028490001397227793
2019-10-22,-0.028880020729978195,-0.015676524422162497,-0.000937823140348848,0.009362814217857007,0.004999995231628418,0.004854245798662893,0.00041238057244674664,0.043165512666415884,0.0,0.2611068947458932,0.0031347931924397,-0.006777617346900633,-0.02026157867088374,0.007312841457769004,0.005721147994010245,-0.03561652080954303,-0.019653411750386707,-0.004594267744417513,0.06769231649545526,0.0,-0.005728559922985044,-0.01410370666053451,0.00539366068948488,0.03541658181283536,-0.018744461005740454,0.002932592535724643,-0.016308484302265835,0.01207781053517576,0.010104152305324687,-0.009764360291594443,-0.005366763683264164,0.02828673173910845,-0.004484280848564226,-0.003773581171086837,-0.012605010364596936,0.0,0.07305928914686,-0.018132808453042104,0.03278693266050836,-0.07047918722553503,-0.04656858391048546,0.010155736699699602,0.22857145279172864,0.01408449379940424,0.0,-0.016053790998358575,0.0,-0.03607810879800377,-0.009433947664045372,-0.006217841235135135,0.011481092225931855,0.0035058487240171576,-0.010486456108243725,0.00952380087370197,-0.0009345632181696484,-0.01669760379198104,-0.006524467852482951,-0.016651274632252466,0.003967272895838869,0.008174425368157268,-0.05660379338946264,0.0028980351484204636,-0.0005162740551657441,-0.02214382284202887,-0.008804368748198899,0.013157894736842035,0.0,0.02047779570392505,0.038715754627436594,-0.0045076918132539445,-0.00901706437132832,0.0,-0.0007627124389795181,-0.0024630136906038658,-0.01596423917704659,-0.031103262964428335,0.002812269903828435,-0.0059523886316537045,-0.0066827142783913995,0.014285700661795575
2019-10-23,0.0007253219816596435,0.0034486799390214262,0.007981099392989854,-0.00737197255898292,-0.10447763141460154,0.007246373173983356,0.006183001529888488,0.0034482724601392345,0.0,-0.010820547932747226,-0.015624984866008385,0.03908181747949313,-0.01931940239949237,-0.0037825685509987883,0.0031028491315943096,-0.004545404598324532,0.0010393960811798664,0.002727182420570129,-0.025936574474714758,-0.044651120208030526,0.0,-0.01061373056883086,0.020386324064273653,-0.0040241412013706235,-0.033273189229856226,-0.032163816710131354,-0.014915594686924938,0.008839657447215377,-0.003056340238011601,0.00016107090640971045,-0.014388475634778741,-0.08213855572439177,0.004504480202870642,0.003787875024959364,0.0,-0.010666502229246477,0.004255315263436366,-0.004814731691486052,-0.06349207670750456,0.03795010825904699,0.02827760723120476,-0.004691637513159375,0.0,-0.05833327924763576,0.015151500099837678,-0.0011380240941691877,-0.02753014755924721,0.004491243375446929,-0.0009523501703596615,0.004647875270170854,0.0011351221841477965,0.014847250367500342,0.0008205276937225392,0.023584996902807465,0.0010691675589864502,0.050943333310657035,0.0,0.009607520666305991,0.005780404569591724,-0.006237151513192707,0.07333334287007642,0.0008664171813919097,0.006714832472530574,-0.008627076568151093,0.0,0.025974025974025983,0.00789472666959723,-0.020066870430825556,0.0,0.007547466255798607,0.005656221440193843,-0.03652975344035825,0.016284848084807013,0.007407465122892809,-0.0158257236495144,0.00633211888548324,-0.003024077211733145,0.0,-0.02124149392251562,-0.005633797519761674
2019-10-24,0.0,0.015620902978500162,0.0,-0.0012787552963796633,0.023333364680962143,-0.007194241018857239,0.0,-0.0034364227382496226,0.0,0.024603633782942724,-0.003174600050953491,0.0,-0.015043655780310639,0.0014697796264495633,-0.004124426532330694,-0.024923882621253113,0.0050435404059330224,-0.015062504479231742,-0.014792955337853186,-0.0012172115269968309,0.00830373980124155,-0.006063482503590789,0.017875927676390235,-0.010100952691779574,0.02831071706003252,-0.006042303363190005,-0.006372739303704744,0.011610068445971233,0.00613142018224222,0.0063040811469741165,-0.023722648538037294,-0.005065478981062133,0.0,0.0018867456009075134,0.010638297872340496,0.019766475296974395,-0.023834686207292677,0.0038269317187502594,0.0,0.006702109879433982,-0.010999977588653564,-0.016835115292340164,-0.038759689158364474,-0.0058997695357470015,0.029850717057203102,0.007407342298054065,0.0,0.02127587555876498,-0.003813032023135432,0.007295370851355676,-0.021541746767476888,-0.014630034581188167,0.017352050836220823,0.0023040902518667306,-0.008410012616128837,-0.048473910719978086,-0.008955092287830868,0.007493917688040197,0.0032014183424222686,0.007113306298324851,-0.012422348291186713,0.004907766099366384,-0.012827090966438637,0.005317575202644198,-0.006590067421173407,0.012658227848101333,-0.007832888158551987,-0.030716774927414536,0.0,-0.01610493601843277,0.013531105547648137,0.01895744182953618,0.004632002143710734,-0.01960793529556859,0.0075357092713213,0.016250953257033407,0.0032541633457470187,-0.041916149962885285,0.013909117064097698,-0.008498575533404162
2019-10-25,-0.014254682050155787,-0.0035677043278177223,0.002328878295779546,-4.922487204495063e-05,0.06948969622729129,0.01207724081470718,0.0,-0.01379317205385755,0.0,0.008261047079411776,0.015923551161094673,0.13432845577946861,-0.004750207476938217,0.017549396747683188,-0.003968872274933699,-0.01151206410667327,-0.013726412682470657,-0.013169241759559247,0.015015072636763493,0.020960288470335264,0.0,0.008916027161862461,-0.05578511826743393,0.024489772086439876,-0.008315298975130947,0.0,0.017705403000158437,-0.006279808617147831,-0.010249412002649283,-0.005942921455033168,-0.001869112565033637,0.020789039618614336,0.004484343299380189,-0.020715656252309533,0.00842108475534542,0.011013090740869425,0.017905584277900344,0.0036683663383378917,-0.016949136104436047,-0.007323120169685615,0.0,0.0034245880039553978,-0.03225808436366906,0.011869496032629767,0.0,-0.005090574771021372,0.0,-0.015424019179827275,-0.003827528772938127,-0.004592865808641711,-0.010428949893313888,0.0,0.017996293093758498,0.011494296972653917,-0.00794300232911438,0.0056603455849806306,-0.0030120885024442767,-0.002007243620565813,-0.009065355147328535,0.01682565922841306,-0.012578604092237433,-0.009192630891841524,-0.0010395248441580351,0.0024046009301679216,0.0011537016536244948,-0.025000000000000022,0.0,0.028169072021973385,0.0,0.006851665246850436,0.0079620839820016,0.0,0.009345880621055125,-0.009999956914001129,-0.005542617749209167,0.02385179077172972,0.0018141202825683322,-0.006249932739170294,-0.012597224060333367,0.007142884390694659
2019-10-28,-0.002450859172349773,0.0032100729615858192,-0.012546550849812932,0.009652462574971432,0.01522841165181843,-0.014319802643028012,0.0,-0.03496500290228777,0.01106194159106888,0.02603804949835742,-0.02507842027888252,-0.15157896451610842,0.003585322236455024,-0.002343707412903129,0.0102220257438006,-0.009080216165344601,0.0009973790681501171,0.002152753506061922,-0.05325445581737076,-0.0028646200437619784,-0.0050420725938957744,-0.00186050769894619,0.0021881294680656804,0.005976137434728246,-0.004650533192113504,0.057750790825097376,-0.007540724628028461,-0.006319421026238725,0.0069969491476804535,-0.00032359028826922653,0.005617927362165487,0.06691611805979991,-0.0008926657973775676,-0.011538450957754964,-0.01043841302864812,-0.0043573618818427695,0.025053267996815176,0.00874405942513845,0.03448272460139301,-0.01728769061883695,-0.03185039511731291,-0.004778105115027409,0.0,0.002932548449136041,0.014492739851898806,-0.006822133911971506,0.0,0.013950352563558477,0.0,-0.00674351843314569,0.005854818830907105,0.0,0.02143799385984746,0.08409088125898889,-0.014248836990810365,-0.035647265401736794,0.0012083475955295686,-0.0013013087125984812,-0.0005119551969325897,0.0051072891860521885,0.025477681857751344,-0.011017989768043135,0.020031230105941322,0.002638747476771952,0.0,0.02564102564102555,0.0,0.0273972334300725,-0.012727303938432133,0.00680548863174768,-0.020346309857995792,0.0,0.044444096417965984,-0.015151510507766863,-0.002484580415389237,0.003996669078196291,0.005268551134683497,0.03773574332012464,-0.00864987580316634,-0.01560285539551709
2019-10-29,0.008108021529000586,0.002154267530262155,0.013176695491891266,0.01941380779975188,-0.019999980926513672,0.0,-0.008602994091985616,-0.014492739851898917,0.0,0.006631898891551247,-0.02893888013026391,0.0,0.0040732002451351335,-0.0024092115188577568,0.002229127238217332,0.0019922331845745322,0.0016943661649890807,-0.001503660348343483,0.03749996367842012,0.02489827397964617,0.0,0.006523825860662136,0.019650688665309834,0.011881176339284538,0.008636565681333641,0.02873559218373889,0.014381858240435585,0.005701830543741515,0.01584176022964323,-0.009050941144645552,0.02234634788015244,-0.0358394663143734,-0.0008938989545085319,0.031128468561355316,0.01687762049171604,0.0,0.012480487614731084,0.004120822622107889,0.0,0.008037739105023922,0.03655355292245166,-0.011659766483580358,0.0,-0.008771921263311722,-0.014285700905079524,0.008013869683605401,-0.000832775235586114,0.0075100022077301265,0.007684568567265293,0.003216013958370345,-0.005820739455930646,0.0,0.006780676471312752,-0.07547172640543254,0.0013764396238420407,0.013618677490250697,-0.015087392533770894,0.0015398255218466161,-0.0035880888338897243,-0.014227449203115028,0.03726704487356014,0.0014661384509195852,0.0007651771153960318,0.006339542687986199,0.003457365372349086,0.0,0.0,0.03333330154418945,-0.0184161892806477,-0.004881876525335449,-0.013764476773160061,0.018604632594767967,-0.012174462168458189,0.007692305298441671,0.01056882285990901,-0.007699585171294654,0.011573101730825153,-0.01818176908862812,0.012378867336254373,-0.005763683216603255
2019-10-30,0.0238849729224051,0.008106668745244683,0.007895515997792701,0.009043763284798167,0.013265256720849328,0.012106555980564648,0.0,-0.022058802260453536,0.0,0.00803366268382355,0.01986753084718007,0.05459057296698466,-0.004645864686614765,0.001207754723442367,0.004277879688485031,0.04075519458804644,0.019751403012137292,-0.004732218889535678,0.021084389478587928,-0.005139014567759004,0.0050676239215869945,-0.03842592171517267,0.001070688299621203,-0.0019569919022601745,-0.005755138194962761,-0.01955298858827803,0.013214936054980031,0.017444448345984354,-0.0019146962047179583,-0.0026096488220621605,-0.02732233602620393,-0.006868784960865071,-0.0008946364415244323,-0.018867995824705996,0.026970938101314346,0.0043764315779790675,-0.0005136224568316194,0.0010608306550734525,-0.03333330154418945,0.005490889229871065,-0.017632224871117375,-0.014573281156516904,0.0,-0.0029498496028924626,0.014492739851898806,-0.015142884268489532,0.0,0.021793019344312548,0.0009532580057838302,0.0,-0.0011708943043875486,0.017467223359734607,0.019243105307572783,0.10884354550605302,-0.002886667809179011,0.013435701011322188,0.026347939005213483,0.0011827183518950957,0.0060257711589903895,0.006185210815431219,0.017964126568860372,0.009074659938340224,-0.0002548964271823495,0.000713327947631015,0.0,-0.050000000000000044,0.0,0.0032258034744816477,0.0,0.0,0.01684698139584473,0.004566205571678639,0.029675183931419546,-0.08396950148221516,-0.014655127543798496,0.011929241876083019,0.009876105926565293,0.0,0.024723799569276395,0.017391287521814514
2019-10-31,-0.005950955941172675,-0.011696754859468972,0.0,0.011238407279438256,0.005035302097417205,-0.004784639378511146,0.0,0.0,0.0,-0.003934853231918112,0.00974025069249751,-0.051764707903086515,-0.003164878437622365,0.03208439850040068,-0.0008517499449502974,-0.02846228745582169,0.0038052395642942383,0.0008645768277695254,0.0029498496028923515,0.023479689983969987,0.02100848738226979,-0.031295118161025814,-0.008556141223758917,-0.01372543061434861,-0.011224031461153472,-0.031338956883286695,-0.026982489021299405,-0.025075056045904986,-0.010779605937593084,0.010302100392076463,-0.018726662661472826,-0.00895016177266994,-0.006266566591776712,-0.0076923006385033466,-0.030303030303030276,0.0,-0.008221986379217006,0.0005656572795766923,-0.017241444513996895,-0.005909726926352388,-0.0025641000560834293,-0.04507021813813039,0.0,-0.0828402959550385,0.0,0.008072312824273453,0.0008334693282021632,0.02628449812714284,-0.012380747508466183,-0.00035619692288790805,-0.01524028110297404,0.0,-0.006985529597154483,-0.002044939124275391,-0.0001382486878531708,-0.06249993003415455,-0.0029850518149391325,-0.004641082219478676,0.0019724356315231617,0.007787200468432953,-0.02352945878843815,0.001740889849440208,-0.005862848455776892,0.004394367685849998,0.04277901805576456,0.013157894736842035,0.0,0.006430938913094986,0.0,0.0,-0.022577753929249766,0.0,0.028472213865027518,0.09444444144767883,-0.0217684712811278,-0.008815406206544418,0.0014426768768103226,0.0,-0.017556527300416014,-0.0028490001397227793
2019-11-01,0.0014367488973894282,0.004623063281557149,0.0018435480034739715,0.022039787386807008,-0.020040120255652605,0.008464330711887014,0.0,0.04135334268663127,0.0,0.0016404565162555507,-0.0032154311255848667,0.03846150711056451,0.011945846407100724,0.010362392248711494,-0.015347839113134198,0.02143160387001064,-0.02060736935412988,0.0049662927160805115,0.005882347166332069,-0.03211749302542244,0.01234561636061593,-0.004970197678855426,0.01078742425645296,-0.027833069082135897,0.014421281559557686,0.02647050264277606,-0.006295621885625269,-0.0032974378867960397,0.018161403607476867,0.0,0.024809183228871934,0.03940881114364969,0.03693692585991304,0.009689959731285613,-0.01041666666666663,0.006536099007640184,0.009326441051362266,0.0012717189048114808,0.07017545767584887,-0.006321662408704687,0.02827760723120476,0.016961498262856534,0.0,-0.0032258034744817587,-0.014285700905079524,-0.008007672387765119,0.0,-0.006646888984851107,0.020250558868283086,0.002137875104244902,0.00595216306885904,0.004291807378389523,-0.005196730466568544,-0.010245940484079563,0.009652482289214559,0.03434333905796949,0.002993989027319177,0.0029888465840892664,-0.0017497126125448625,0.011996811302053212,-0.04216863533152282,-0.0002898766986717538,0.007692288129757641,-0.015964746141623465,0.0,0.0,-0.00789472666959734,0.038338620182611916,-0.025328284048231176,0.010566022304492773,-0.028666364702813363,0.0,0.03819190227718261,0.017766636472274833,0.004561252087240009,-0.010262006009991387,5.3586664214178015e-05,0.0,0.011182357291536826,-0.0014286041259765625
2019-11-04,-0.02080335407631717,-0.006748912451765454,-0.009199712851799102,-0.01624215430627285,0.012269963701502018,0.0,0.0,-0.0072202097704795465,-0.002188420225192278,-0.01928482384973107,-0.012903213897927035,-0.011350080368675464,-0.07096425116247351,-0.001332569047776344,0.008832468277014005,-0.025024263935870872,-0.022281988563444655,-0.004297104712033484,0.005847947508874407,0.0023702842397119728,0.0,-0.009490535949710055,0.0,-0.05725966065770571,0.04616790574752394,-0.04011465908671419,-0.013216053083993096,-0.018526536629821733,-0.006585957767301753,0.0037234688378364744,0.014897565253434886,0.01698267711449697,0.021720186816377884,0.0019193381902995466,0.0,-0.004329289953577842,-0.002053337223750229,0.00691397756885026,-0.01639342724524051,-0.020296964051651822,0.04999995231628418,0.05656264004727407,-0.08333333333333337,-0.003236242958260749,-0.028985479703797723,-0.005573719638293562,0.0,-0.02113980678997074,-0.0075614826541465785,-0.002844441731770786,0.0035504474768948135,0.0,0.009301085836301626,0.10559011116723016,-0.021441810846420828,0.003906266685214543,-0.0029850518149391325,-0.005125544440224283,-0.012926319125379448,-0.0042196527629515534,0.18867921133234966,-0.017381271733967196,0.0030534079952755366,-0.010094902057619981,-0.02918518601328879,0.0,-0.0026524951575531697,0.012307680570162294,0.0,0.0175505058236205,0.0025662567874036313,-0.018181800448205276,0.010448774215769951,-0.00748147533848631,-0.03481016288546779,-0.00781626406557201,-0.018302297826388148,-0.018518467590228904,-0.011429331079352623,0.004291875649596877
2019-11-05,-0.010012242715133901,-0.0300842305467931,0.0,0.003124859162460636,-0.010101000370632551,0.007194316900816844,0.0,0.02909088134765625,0.0,-0.004259959892311205,0.003267970800735931,0.0,0.045602499356988124,0.00580216537017697,-0.010128562036470834,0.015794525373399093,-0.000355192609479138,0.003236837711543039,-0.005813947847045586,-0.00543862703374598,-0.03235781723802533,-0.0035299896668449238,-0.002134418818956263,-0.006507637513988307,-0.012041664040560396,0.020895585757801483,0.00653086515521939,0.006291957582834851,0.005524884040815081,-0.00064518078354181,-0.08807340107745953,-0.006213710109571391,0.06292530842947208,0.011494333721897787,0.0,0.004348114200704023,0.009259274703230291,0.02045949540089742,0.0,0.007807850796621496,0.042857217464320696,0.016472185071756185,0.0,-0.012987000923330161,0.0,-0.0007733035642411012,0.0,-0.039564792442961405,0.025238207160036774,0.006774845196674484,-0.16863213967801682,0.00085464240238875,0.0015779840406331402,-0.06179773675589295,-0.013956970274699776,0.011673201417835566,0.002993989027319177,-0.010424266538045623,-0.008508394378071271,0.005044427017294462,-0.09523806820651015,-0.009728533541969342,0.014206022306012756,-0.0058272811476013375,0.0,-0.038961038961038974,-0.0026596136438538087,-0.042553151400872236,0.02791144872669804,0.03633022555987053,0.0004266472104081931,0.0,-0.0214349189663936,0.0025125825820093706,-0.010833618209108664,-0.00021438149248453886,-0.010272915732356558,-0.05660384217072989,-0.009741399122569439,-0.007122534312067663
2019-11-06,0.01924021382017571,0.01687817451932294,0.007427891734538061,0.006137130092348064,0.0306122151080499,-0.0023810932427625886,0.002066084110919464,0.0035335656299810836,-0.004385759887592933,-0.010883677032978545,0.006514651909255154,-0.015105633308929778,-0.015684178907876767,-0.0031153950180936585,-0.003468598576788051,-0.004858901944092997,0.008326900385741132,0.002366009190141183,-0.005847947508874518,0.011174450562531746,0.008233648536418281,0.017206485255548465,0.0,-0.015283776417091333,0.007081528542902005,0.029239723784686866,-0.027712276640491473,0.0008931243303524905,-0.004120928805052326,0.012586743792202038,-0.03420515224010334,-0.018366422008228578,-0.011200050269205453,-0.03409096553469926,-0.0021052310341282965,-0.004329289953577842,0.002038685344942781,0.012702529314853939,0.016666650772094727,0.01035497069072755,0.050228261288466136,0.0013505297539002648,0.0,0.009868411765204144,0.0,0.010058168822319358,0.0,0.011869498011272572,-0.0009289062421871108,-0.008500080252527908,0.011347510668902494,-0.005123729928937837,-0.0006931267748873093,0.02594803027240067,-0.0005661410427222346,-0.02692307648589387,-0.0059701667868649055,0.000847798177184389,0.0032088382035544427,-0.014053503774297593,0.06432749231065249,0.0029770833648561368,-0.011005468527936157,0.01343272807001128,-0.010534887277851568,0.0,0.0,-0.09206355285452128,0.00936324203539085,-0.008498546857043987,-0.004861404646688383,0.004629625030506013,0.0016507349429424334,0.0,0.014410967124648622,-0.004824164118604535,0.0088968436874437,0.013333350458452742,0.008972728683623199,0.01578194215575146
2019-11-07,-0.0208131450952157,0.015282225367535318,-0.007833665169128534,0.007347604946147612,-0.05940594351556927,-0.002386565085929715,0.0,0.021126825004031735,0.0,-0.007370259110077826,-0.045307401415650816,0.0,0.0016760102527306753,-0.03385197724177913,0.05864955799994509,0.0,0.002064509565203654,-0.0038625944944901125,0.005882347166332069,-0.021161479826323215,0.0041668613573044855,-0.030348288496249265,0.0,-0.013303861767558045,-0.008992472124079276,-0.005681824836497151,-0.003393074343020386,-0.0026772802762182746,-0.00965531155968824,0.003984009520855425,-0.022916693571540026,0.004777030774834046,0.0,-0.007843129921765946,0.0021096723818985197,0.004348114200704023,-0.004069172142775246,0.007865132705785038,-0.04918028173572164,0.00030369298025356706,-0.06739129330575555,-0.016183466810167024,-0.045454545454545414,0.01302930381851053,0.04477607558580465,-0.009191813980088503,0.0,0.005146551241540731,0.012552227462922616,0.01160917470434053,0.06311386898004101,0.01716735729536012,-0.0006306747738943352,-0.009727571049898076,-0.014445416615911366,0.029644218217499185,0.006006023750380507,0.0026613410543723237,-0.008330881943753976,0.00916316992662547,0.1978021999615256,-0.015434921580792405,0.03945365509541854,-0.012531766066664396,0.0,0.054054054054053946,-0.02666661101396861,0.0034965002902287434,-0.025974001846660322,-0.010357048223008647,0.0019712320563252117,0.0,0.026923336031091205,0.0,-0.006961149684516332,0.0012388310998918683,-0.005878864610391998,-0.0789473892678314,-0.009000058302125136,-0.03954798530910497
2019-11-08,0.0029659238521138054,0.0038867062450049783,0.000928783013552481,0.014312393344004803,0.0631578980390386,-0.00478476060841504,0.0,0.010344817380417926,-0.00881058584945249,0.02224005644161653,0.027118617767097675,0.0,0.02102140718309875,-0.0008385725121629051,0.025152107755439745,-0.014843872453766171,-0.004170790906903643,-0.003662201519882946,-0.0029239737544372035,0.01393221238232556,-0.012447992450005607,-0.0035915698125327244,-0.005347613764161596,-0.008988755857864406,0.006617902118053465,0.03714286408414913,0.02196002142688669,0.00022384886561699346,0.016434602340559934,0.0,-0.04690837192850539,0.005546490382022151,-0.006709072729620402,0.007905130890387913,-0.0021052310341282965,0.0,-0.0005107369213892543,0.005785243110433713,0.03448272460139301,-0.0022765008018942323,0.01631705647641568,-0.002056191214462544,0.04761904761904767,-0.025723449004679044,-0.04285710271523857,-0.000193112930175654,-0.0024977990338290734,-0.007008072015668665,-0.0032139007420988186,0.026836166563262154,0.0026385038434975083,-0.01687761327792514,0.0004416739123527247,0.02161093386634172,-0.008909283445111216,-0.021113163411065505,-0.014925322231682414,0.004464380138072821,-0.001425412390487213,-0.00907996863112992,0.022935757240897692,-0.006330924741534183,-0.00024326817285647007,-0.002196483296862395,0.005755218876479118,-0.02564102564102566,0.03424655139301702,-0.006968634747042013,0.015238080705915147,0.0018041731570559438,0.0004276402428979864,0.018433161496169914,-0.01423239060944792,0.025062731658161086,-0.02181675169097208,-0.011296981399538941,0.007446749333303027,0.0,0.0005944854035460079,0.019117593229024843
2019-11-11,0.005174943887937156,0.0042398825367728765,0.0023201252844013975,-0.0018540507432329711,0.019801961500356402,0.007211540507862546,0.0,-0.030716774927414536,0.0,0.0030350030637253944,0.009900980750178201,-0.006134961082577828,0.0019849633042412496,0.0038963141132721812,0.030307726056904905,0.015662442060779824,0.002422309387425381,-0.0038920261784890497,-0.032258102857967486,-0.02250653360684196,0.0,0.008753865892177082,0.041935417381708806,0.05895697004035272,0.003050103209361721,0.03305781897455895,0.0037754147694577522,-0.015432699787290338,-0.005207119790683223,-0.0022222803705083116,0.0022371877743214696,0.009062374710283372,0.0016471932376258547,-0.007843129921765946,-0.04430384432945267,0.004328955033392701,0.009708765305084244,-0.00568475452196382,-0.03333330154418945,-0.0019779800841058792,0.06422012027451385,0.0,0.0,0.013201307666904194,-0.0298508060193573,0.0013528184171427426,0.0,0.036266720271953545,0.008291124444790743,-0.0022352315759337493,-0.005263120922213038,0.0,0.0036583944469323892,0.011538542657211881,-0.012469324940476367,0.0,0.013939196934842357,-0.005044933071718383,-0.0055581047881980705,0.005497842785305407,0.11659192297732845,-0.004247462831543092,0.009734765743331764,0.008071572412098549,0.015736732380207785,-0.03947368421052633,-0.04635766109579065,0.0,-0.0009381077884595967,0.01693101391925822,0.022999337059360192,0.018099529937821268,-0.006730218727050041,-0.01466992200691275,0.004606927009315864,0.01060994406937299,-0.0031524610365061267,0.007142866357984445,0.007995988244957175,0.015873035532350865
2019-11-12,-0.006619315312359486,0.017990389990569122,0.0,0.002763973444557477,-0.02912618662434696,-0.004773200603173766,0.0,0.00704224701794165,0.0,-0.009315362125170368,-0.00980391240220746,0.0,0.0006680531540572687,0.009195450617981882,0.010116867144027042,0.038454025553449345,0.014296195504187814,0.00672923068954101,0.051515175378903155,0.001696643537790754,0.0,-0.009698853117799389,-0.0505675740286029,-0.01070667878329945,0.013514426148814485,-0.037333378225030356,0.008021026118256502,0.0068147239202343,-0.021487083041419774,0.002545405599766015,-0.031249970064631705,-0.01522832509907901,0.006579183551576717,-0.0019762356043001583,0.10375277797122617,0.0,-0.023279402150458317,-0.009081251897343878,0.017241362300696395,0.0011432172719276767,-0.05172409009139556,-0.021978072335914534,0.0,0.0,-0.015384601277006582,0.005212605344607324,-0.0016696155005705426,0.017206815723238567,-0.00456824142002743,0.006376059871881834,0.006613579130951619,0.0008586298174617646,-0.005656070412907943,-0.01520920096237699,0.0017617616491993893,0.011764639071512484,0.043036796317946324,0.002535256736414082,-0.003097243725536325,-0.0012148991536604647,-0.03212848329303353,0.0012188517788793707,-0.0024102743979945718,0.015849621864806762,0.0,0.027397260273972712,0.0,0.014035158459685393,0.0,0.01346064370227773,-0.005516119128227692,-0.04444440205891931,-0.005464682487630768,0.0,0.005168085907723663,-0.007268192129605611,0.009923033222055011,0.06382978360009073,0.003430049263354551,0.007102299858777528
2019-11-13,0.0014808155821757207,0.015748998605561892,0.0023148619626607303,-0.00741050069718685,0.029999971389770508,0.0,0.0,0.0,0.013333138116070176,-0.03263548197404964,0.006600653833452208,0.0,-0.012384910125239346,0.006035415425940993,-0.03220338788282029,0.005639056253324615,0.015534083718521385,0.021345285495341537,-0.01152736643320651,0.019598294766711932,-0.010084064228357392,-0.007731939251534703,0.04347832396711104,0.038961105981499156,0.0007333862679042014,0.15512477612758468,0.0006583733892573385,0.00406171650150533,-0.003941551817731481,0.0,-0.009216580748084957,-0.01348138348578376,-0.004902219995054136,0.0,0.030000000000000027,0.002154814501429181,0.014507808171714265,0.006720318611407317,0.10169489744647242,0.008146018807456912,-0.03295454040539181,0.0014046656992419138,-0.11818180662212951,0.026058685297797535,0.01562498544808455,0.012098828528813721,0.018394475839625724,0.023037199704365685,-0.0018358329791001715,0.009417794909077681,-0.026881766879136015,0.01200673853759171,0.005561906687037377,0.009652546793790018,0.013630489877900942,-0.0019379354355240075,-0.003438623144278119,0.005900457117256286,0.00992584033017252,0.002432950253649979,0.012448120465286205,0.01308550583406598,-0.016187440899380068,0.007441256445231081,0.0,-0.013333333333333308,0.0,-0.05190314530192908,-0.012206494405916368,0.002097367699706698,0.01075719642219286,-0.018604743487125486,0.012087905335097071,-0.014888332686232797,0.01223815149307006,0.008514593936542747,0.006424727705458766,-0.03999997110136089,0.0021364416086557814,-0.012693956368257653
2019-11-14,0.0019713365822178197,0.006864913952825624,-0.0018474842599132124,0.0012829943780050534,0.0,0.0,0.0,0.0,-0.015043933241802532,-0.023910108204290292,-0.006557370898096271,-0.05246915499516358,0.014871113342481479,0.00535202588428918,-0.00015919285743970502,-0.007476956757227149,0.006989155020360682,-0.00633311063904729,0.008746347173728575,0.003084980303705631,0.00169767540001442,0.0005194924094460429,-0.03437499068677463,-0.03750006208816914,0.01938699723511972,-0.04796168552213809,0.013710074530404182,0.011169619260250618,0.00621803516819841,0.0,0.02093015622293537,0.00723462417286469,-0.006568154338794319,-0.00990102749433508,0.005825227904088237,0.0,-0.0005107369213892543,-0.001416204394780518,0.015384600712702756,-0.00022635033806106541,0.010575810830467658,0.0007011559293008673,0.020618569539669007,0.015873000254767344,-0.04615380383101986,0.003795164963683373,-0.006568074403485835,0.012982246499034789,-0.00965518970925161,-0.00033927832917424183,-0.02071833558547631,0.0,-0.011627944893427333,0.009560265880022012,0.002747287974764756,-0.013592232563995554,0.00977586579444023,0.0112536817167741,0.0003001653297070028,-0.0008089498179765231,-0.01639342660450327,0.0048063122497261634,-0.009086511185906199,0.005241959136805363,0.012675957420029915,-0.013513513513513487,-0.006944413321891552,-0.02189778925938224,0.006653963096794335,0.005629903474343445,0.01687874337201478,-0.009478664417471583,0.01161836148844464,0.0,0.008942436734762582,0.006936872711874598,-0.0006440898793097505,0.08333327061927465,0.011352696952044328,0.014285700661795575
2019-11-15,-0.0007377104415972058,0.006053686582207396,0.005552925625898819,0.010801093490699687,-0.02912618662434696,-0.0023981528130119223,0.020618556701030855,0.024475585394744037,-0.008086426880017483,0.025876777303750043,-0.01980196150035629,0.008469025074846481,0.00806157513741157,-0.001462506335332181,0.0039809640513797095,-0.003766248047035181,-0.008978874033154116,0.004461511406426144,-0.008670511866767816,-0.010172706423446587,0.0,0.008307364772103032,0.04207112949188807,0.047619106597052596,0.00084964961427203,0.02267001995735418,-0.04225033289443614,0.008738478096782742,0.011235932904331891,0.0472865519856136,0.018223217799343328,0.0,-0.020661117050110533,-0.019999980926513672,0.0038610186464320684,0.012903305954987232,0.002554989534435448,0.01093956325262746,0.03030307408973054,-0.005740748572819143,0.0,-0.00700771965196878,0.010100984153337045,0.012499987892806708,0.032258033504347416,-0.001512193150806529,-0.007437871280633113,0.004851923345540188,0.008356561076151348,-0.004921108332352597,-0.021156462005395338,0.0,-0.003688405920856508,-0.00946973271743079,0.0,0.005905478371091011,-0.0011388469776788535,0.0027224874625684237,0.003600003625534587,-0.005870565789013127,0.020833312637276835,-0.0008968565224731773,0.003965299961900204,-0.0020146895625405836,0.001112694434301842,0.0,0.006992975433652626,-0.018656698160751994,-0.008498597855628676,-0.002799274979455313,0.012428426861307074,0.05263164499129891,0.004078315030024093,-0.010075583846048564,0.001063824635935351,-0.0023498460150929157,-0.0011268523240477446,-0.05769222902141291,-0.004215911942651918,-0.01408449379940424
2019-11-18,0.017966938179704073,-0.002570357370934695,0.000460117371487323,-0.0008603688574895241,0.0,-0.0048075517934431655,0.010101010101010166,0.006825931901308424,0.0,0.001239969239162253,-0.013468000494176735,0.01744185662675779,-0.01904722106898371,-0.0006444007040938837,0.004440939442625913,0.0026463491813917273,0.005534150274361771,0.01607426818798441,-0.00583089811581905,0.004302110528664693,-0.003050767361965523,0.004634405367369476,-0.0062111249368659305,0.020661136669406943,0.006856491158042877,0.15270922642254003,0.008867656320322936,0.008662631387266417,-0.022222178897582268,-0.000757244504711041,-0.02237134436829158,-0.0031923127622999203,-0.020253310483086984,0.0367346581296597,0.03846153846153855,-0.0012737836554239657,-0.007645337383419104,0.006345524939433522,0.1176470134497527,0.006761427616477356,-0.034883741561368864,-0.004939960292587475,0.0,0.04629632559441843,0.0,0.004922279468487334,0.0,0.022201405741585134,0.0004602486324478683,0.006650740001837185,-0.034582082794154756,-0.008474752143209918,-0.03076525258034435,-0.015296352469273411,-0.0007211235955709716,0.033268068712807075,0.025655262458112338,0.004250600786894099,0.001868105170384604,0.0073306542826399035,-0.024489772086439876,0.0008976615961306944,-0.006664938391836239,-0.0022564705877482494,0.0,0.013698630136986356,-0.02777772017782909,-0.06463880946639566,-0.004761922927129847,0.008771866743802592,-0.005411065826172123,0.018181800448205276,0.015499694425075816,-0.0025444872993357626,0.006516777338191337,0.014720903401044039,0.010478780879509042,0.04081629476872406,-0.005821574709479305,0.014285700661795575
2019-11-19,0.0033849005771537932,0.002108272011407397,-0.009199712851799102,0.017356189351982687,-0.050000011920928955,0.002415530563479429,0.0,0.04745758109242093,-0.00045280202242869994,0.009942670749210736,0.04095559140785032,0.028571484189714447,0.001393580584199583,-0.00029345319584195284,0.0028420269733064885,0.028657595114607304,0.00413929139199487,0.002497972283344696,0.023460387593088994,0.010233229426258372,-0.001190103761455119,-0.004613026731524972,0.0,-0.016194316352106997,0.0072637337016263626,-0.029914404270437678,-0.007390140874771078,-0.0008808464532339411,0.022727227410954454,0.0250186468088609,0.038901620307982165,-0.008807105301944729,-0.013781245355534377,-0.029527578271694277,0.0,0.028911702429887276,-0.005649651098214581,0.0029867185994734147,0.013157882353605599,0.00316945421730086,0.012048123553905166,0.014893764248573582,0.009999974568684955,-0.0029498496028924626,0.0,-0.006970695263539217,0.0,0.027341347739724853,0.021629094941802318,-0.007962009414282711,-0.007462771619914377,0.0,-0.017846602600857242,-0.21553400251640387,0.0007216439900796789,-0.01704547108283616,0.028349412438666288,0.008582251955918885,0.003804456168931214,-0.001415048206504177,-0.0041840962444885665,0.0008967910298105508,0.002982080687858879,-0.004284688614567211,0.014170652602906175,-0.08108108108108103,0.007142824707907058,0.03658533039580969,0.026794233309261895,0.03130430493291181,0.0040600892716589065,-0.013392844313413588,0.015789510402000717,0.02040807354020191,0.013229801683177334,0.020573896901293187,0.022548244007947194,-0.00653595594248324,0.012509751368713573,0.0
2019-11-20,-0.0072288478793504085,-0.002980689866000863,0.0032499848159177613,0.004498946942773863,0.01052630588288439,-0.009638626012421936,0.0,0.045307478573769266,0.0,-0.00010510030503674272,-0.04262291083762548,-0.041975414118348264,0.0030848129622449427,0.01043817324250873,-0.008817465800792568,-0.02950866335801905,0.002231430495910125,0.0024915544096157927,-0.005730653544946063,0.03698468001430255,0.0,0.0015448345276851683,-0.014583368516629225,-0.032921876513111736,-0.003798830385455587,-0.12775328596306867,-0.0055277286654779045,-0.0002202779431444979,-0.011111089448791134,-0.0177515517280723,-0.011013257963653267,0.00040385203521919877,-0.015720459575248036,-0.0020283473413522657,0.0092592592592593,-0.005785442254380824,-0.01756199079901355,-0.005029432684129143,-0.03896100276999048,0.01248680855104789,-0.0071427938889455644,0.0,-0.009900965168791576,0.01183430783985151,0.0,-0.00569145833899487,0.0,0.01079508986139155,-0.011711334165082632,-0.009562864756803569,0.0045114172082703075,0.0,-0.016159338017783687,-0.051980207952935675,0.008363289933681406,0.011560743014423558,-0.016216204470586804,-0.0004663705046330513,-0.006167764961896083,-0.007894675696828224,-0.008403453102266312,0.004181820358985178,0.006689803113987702,-0.0007169967181488435,-0.020547863662938703,-0.20588235294117652,-0.007092166605047967,-0.03529408464794692,-0.032618773786309396,-0.00843156399624767,-0.002021835801980787,0.0,-0.0022797264242441218,-0.05000002730802744,0.0025002269474101446,-0.004962233875643873,-0.0002600904763783163,-0.013157911414265144,-0.00026296891557842095,-0.01408449379940424
2019-11-21,-0.015048557349590652,-0.004221070007519256,-0.013882742663514192,0.010243470954192313,0.04166668994973155,0.004866037143006485,0.0,0.03715166713636853,-0.00090618835610623,0.01072178564833326,-0.006849308357518069,0.0,0.00030053265337737223,-0.0033078410473195152,0.003851735760568964,0.013597671034397685,-0.005565078716629368,-0.02982588854225432,-0.008645524824904882,-0.008632463974638904,0.011744672588964056,-0.0030849033900988143,0.030655386964441478,-0.01702126105374524,-0.002391385174950411,-0.06818180043600752,-0.03000392817075903,-0.021384379334983716,0.017977424663673247,-0.0007533807662767344,0.05790651272507463,-0.012616905631593345,-0.012421860475374746,0.03658533039580969,-0.05504587155963303,0.01828779944452119,-0.020504799558923148,-0.009910405115894694,-0.05405406624492348,-0.009212405993929362,-0.033573108854717204,0.021663096063245346,-0.07000001271565759,-0.014619938485219475,0.0,-0.0064871179746400776,0.0,-0.026205478271483784,-0.00729284566690247,0.006896578032394851,-0.029940097665779764,0.0068377753977626465,0.006338226413481474,0.010443854477762526,0.013298843162191432,-0.015238046987365195,0.006043978719187049,-0.009213023157281452,0.0012711171124588638,-0.0032648804344636018,0.008474669590729178,-0.0035694811738034016,0.0012305989600325251,-0.015550384128565353,0.0,0.0,-0.0014286612635543428,-0.024390220263873164,0.0,-0.03809528006663376,-0.006969210694630412,-0.0723982276329933,-0.016277529955090797,0.026315868481214366,0.0007619398449316694,-0.017402618752421772,-0.010300019792184645,0.013333350458452742,-0.0011567934891810738,0.014285700661795575
2019-11-22,0.006407115752977255,-0.001236073390099901,0.015016558417780601,0.012817006199035363,-0.0350000262260437,0.004842830759803185,-0.008000030517578138,-0.0179104311903322,0.0,0.03681618051646285,0.031034452141253555,0.0,-0.009962778725718047,0.0008151404702425591,-0.014228841310864104,0.005589934537479246,0.006861519660472659,-0.0002134392920940531,0.005813947847045586,0.012603099100661597,0.0,-0.022176396013985467,-0.037948706211187955,0.043290106289275876,0.0015548443465176476,-0.013550116199018025,0.012805506997534133,0.0009011610959079874,0.007174262650792684,0.004521896594268826,0.06315793489155008,0.01813689007446917,0.018868114790811408,-0.05686273868154523,0.04854368932038833,-0.004081902893678491,0.017713362242173902,0.0039639350192191,0.11428574153355187,0.0012747511872157613,-0.004962774165082395,0.004103868505627828,0.0,0.008902139711311152,0.0,-0.00518557498870631,0.019983024278147354,-0.003960497019675047,-0.0009183380547935771,0.0039383482230630484,0.004629547796260569,-0.0025465778973365882,0.0056210335261401845,0.06201556978099254,0.004092821147477554,-0.011605464289454415,-0.014199849181417479,-0.0037662381535993328,0.0011949645327140601,0.002866016409698746,-0.029411835418260313,0.0011939149509057057,0.025319537157570515,0.008748681264956426,0.006713153608669087,0.0,0.0,-0.02916673703325845,0.010597269312570878,-0.009547328050966586,-0.024971417787920114,0.029268265451297903,-0.012476275352530819,-0.056410259602077684,0.01059241043633441,-0.0037536255223099557,-0.0056240780379910316,0.052631566439301114,-0.0008951388275065808,-0.01408449379940424
2019-11-25,0.008814882651101197,0.0032419386231867797,0.01109579811278305,0.016468831695170882,0.0331606280983221,0.007228773956389212,0.0,0.06382979956896229,-4.616936683410344e-06,0.011802858558855656,-0.0066889568102751484,0.0,0.004833078177016725,0.00919281950677342,0.02108342449325007,-0.004076371835563641,-0.0004833076916169743,-0.0006406536279338626,0.0028901706222559387,0.017424767632788996,-0.0031965877131220344,0.0068565967506664105,0.002132143267095099,-0.016597592882582446,0.015719050340482488,0.019230755617647866,-0.007101536925420371,-0.005851825792469234,0.030137116190372515,0.011252660739773379,0.05940588169642225,0.022267079188508232,-0.009700625118743256,0.037422002178779,0.0,-0.007786441122589416,0.012658316986067009,0.007494014791484815,-0.025641061693801315,-0.0013483071195727891,0.014962578392737846,0.024523169696018643,-0.03225805128443526,0.0,-0.031249970896168877,0.004633256801580776,0.0,0.012362015993832465,0.008272356863574082,0.0005116626087389164,-0.001536071283328888,-0.0034045916789485764,0.03448040223436588,0.02189773061485889,0.006324646490241559,0.06066544465633816,0.04376713339559091,0.0025992988052905286,-0.0017902386374755164,0.012859721956125725,-0.056277004001097364,-0.0026832195447070717,0.009110550862052147,0.008792998856117507,0.0,-0.01851851851851849,0.0,-0.017167366164289044,0.0,0.03463038642124916,-0.0010043751524139166,-0.023696661043679068,0.06498925483587747,0.05706519982549252,-0.0039049542788318625,-0.0016450497276315756,0.008986038518962403,-0.012499940735212989,0.017759483776315088,0.007142884390694659
2019-11-26,0.021359255253713627,0.00834308754162505,0.005944294053673138,-0.000639509527807669,0.013039129104978509,-0.00478476060841504,0.0,0.005714280264718097,0.0,0.0012557579102059346,0.013468000494176735,0.0,0.004438050244625735,0.006629406799538717,-0.011276871229150442,0.0027903318580460024,-0.00449729990749359,0.006410344509583332,-0.005763683216603255,0.03069397455997347,0.0008439049089898898,0.013095861603024117,0.0063830236225137504,0.03375534429857652,0.005349613520791108,-0.018867911424036765,0.006280213671867374,-0.003622597753986434,-0.008776394306366564,0.008012178574298146,0.013084144469005299,-0.007920763319845037,0.014247324947754603,0.022044115943868237,-0.016666694923683445,-0.02684853153718192,0.006249944120647832,0.008102493445444559,0.02631582744894323,0.009149129528120525,0.1031940004280989,-0.016622293810946598,0.0,-0.008823590872607756,0.032258033504347416,0.011145129584977376,0.0,0.011883809458709926,-0.009116127181082234,0.016706436153861803,-0.004615451990488517,0.0034162225217195807,-0.007161031828298192,0.030952409605862208,0.0020948952059778314,-0.005535132814942667,-0.01698525459745215,0.014847548761416363,0.013972954193905984,-0.003829304737130945,-0.018348605792718242,0.005082361607781971,0.00665238247283928,0.009671393432780118,0.0,0.0,-0.0014305674570466165,0.004366808135300104,0.0,0.022429280240900074,0.009048272666991153,0.009708728874782357,-0.002211675680643399,0.015424160032867507,0.016299114276630444,0.018816703512192223,0.009168006857294131,-0.018987441133887395,0.008750400801328606,-0.0028368766504145437
2019-11-27,0.003564557336605434,-0.0008156318500529558,-0.00045468094028022765,0.0006399187619530178,-0.04455447239030208,-0.0024036340182563842,0.004032273570407474,-0.014204531985004043,0.0,0.0011882104384444148,0.0033222559783854244,0.0,0.008536139659078179,0.010136787469536168,0.008835444712781637,0.04359967263303077,-0.023752999711967537,-0.0008491431531066906,-0.008695643760907257,0.00820028197807443,0.003372854568483241,0.008273001352107068,-0.006342539045956719,0.0326530294485865,-0.0006968238307757391,-0.043956093741173596,-0.008263156116399162,0.005907973520508758,-0.017440337464844746,-0.02855476526665668,0.0,0.025948224111819185,0.015803330633934687,0.0019608292291832807,-0.011299406616998464,0.0016977300550105046,-0.0031055624684329652,0.0054023821189603805,-0.03846156197421824,0.012558505624225669,0.0757238685789996,0.004732801743936976,0.0,-0.002967356321318615,0.0,0.002090811685896865,0.0,0.011271381163166172,-0.006439628996930957,0.007545284499408611,0.037094227728464046,0.0,0.005835679114187808,0.08545032149617193,0.0009756629915500525,0.033395097923211825,0.0037799203711397222,0.004296634073039041,0.0015474560788755198,-0.0022408862038186816,0.0,0.0017845776831806326,-0.01038467400993659,0.014309540404720655,0.0,-0.037735849056603765,0.0,0.004347822030685622,0.0,0.0074249144603169,0.009465288662735105,0.0,0.007657373758254149,0.0,0.004939574997093077,0.0008869604447763191,0.0036339566331418105,0.03225810711731558,0.00785352782201687,-0.005689962659514047
2019-11-29,-0.006156683754211079,-0.004082403259985212,-0.012278179033717307,0.0007673801308960559,0.05699482761378882,0.009638341571800435,0.0,-0.025936574474714758,-0.002263006319134564,-0.011669716412380349,0.0,0.0,-0.012638506663754656,-0.014797514719439575,-0.001911092911558998,0.0008887723406059145,0.00870764604871388,-0.01041279996830713,-0.020467885994093882,-0.00021408681440782118,0.0,0.002051329001402147,0.0,0.0,-0.0035499052842710155,0.014367796091869334,-0.013575769697612206,0.002936262929515765,0.02348443657595478,0.0,0.0036900333293332643,-0.02140099115361571,0.027658016776868743,-0.02152644435231188,0.02857142857142847,0.029661014170978772,0.0005192226772063879,-0.0017738747265096944,0.013333320617675781,0.0005870787831820934,-0.004140782865927561,0.014131891569769905,0.0,0.0,-0.015624985448084439,-0.0036035174583198826,0.0,-0.006421850953082453,0.015277805335146777,-0.0044932677163930235,0.0,-0.002553586290261367,-0.012451033111573584,0.004255315263436366,-0.0034810541538706774,0.005386072615413795,0.007530917506350043,-0.004278251989766835,-0.0005884863560762232,0.003063134669022194,0.046728925107714536,-0.002672260571911722,0.0033388835828640495,-0.0039639772185871,0.0,0.03921568627450989,0.0,0.00865800061555344,0.01811253939020485,-0.007035336969880568,-0.001891786095325143,0.0,0.028596953626086608,-0.012658203733765472,-0.006935780985963591,-0.0057338575442288375,-0.0011379925024037618,0.0,0.0004582485068174158,0.008583751299193754
2019-12-02,-0.010721986059783584,-0.01282325472994883,0.01289134909497025,-0.00528277731550808,-0.02352940145248339,0.0,0.0,0.05325438527933213,0.0,-0.02474895090416762,-0.006622510282393357,0.0695877117841277,0.01177811509748139,0.01645836696157943,-0.013560661748314051,-0.016163667219440514,0.002910331212817807,0.01223978190835795,0.029850789820280887,-0.017769172182093396,0.0,0.02610021994051892,-0.013829698515129052,0.03952574868853298,-0.01851265103958566,-0.005665656209312586,-0.013703282164390207,-0.011035768385962985,-0.01600840846479845,0.015151309970800497,-0.06617649443524909,0.01153100564919618,-0.02943643784772887,0.015999984741210893,0.0,-0.01234564756730916,-0.0036325735942583925,-0.00987253988108383,-0.052631592156154094,-0.0002935414739937414,-0.016632000968346272,-0.007299107956161177,0.0,-0.011904750923180218,0.0,0.005710041495697427,0.0,-0.01201043854366779,-0.00045602833079516625,-0.00016714011341034674,-0.035767461371095655,0.0,-0.02369800954850243,-0.04872881976635579,-0.007684550301383597,0.0,-0.03203425970357232,-0.016488553418365304,0.000368037526651932,0.0012215905308425867,-0.026785688626827175,-0.008633456972480968,-0.017114362394248017,-0.010067153802916895,0.013059254653284169,-0.05660377358490565,-0.0014326859107305356,-0.05579394003393934,-0.005618016657510938,-0.003711006593450583,-0.005109148125121088,0.0192307515962582,-0.008456999663038922,0.0,-0.009289107895881665,-0.030355494789836346,-0.005333641135471523,0.01250001599208539,-0.006210548898652912,-0.0028368766504145437
2019-12-03,-0.02167638602839017,-0.008659987801581503,0.0,-0.0030408486390508527,-0.006024078720740733,-0.007159906551732154,-0.004016079638624048,0.005617972260667514,0.0,-0.005779959494985665,0.009999990463256836,0.024096353752794952,-0.00307670273378724,-0.005491549518427896,-0.0004855031306552071,0.001986144417888358,0.003934636134441005,0.00933413485781176,0.0,0.006974709838152293,0.0,0.004987550387776762,-0.002157546577780556,0.02281366546339325,0.0007129933317469028,-0.031338956883286695,0.0034134997312313953,0.007970751021907585,-0.019793825961118672,-0.01417883628029537,0.007874008357040552,-0.0035378667400418617,-0.02859632656933464,0.021653569914653614,0.0,0.0,-0.02083341197834765,-0.00192777053773463,0.02777781825006853,-0.0019807662022142125,0.027484167847082297,0.008689618564291512,0.0,-0.006024090761646117,0.0,0.005488195587523004,0.0,-0.003258012732413107,0.0004562363875133535,-0.013710076508883007,0.0030911358456424676,-0.005119040897645699,0.004394923475983248,-0.013363016890443835,-0.0014083333889098881,-0.02321433094934522,0.01544387351238985,-0.002596922126651524,-0.003091083916784143,-0.001627060837799399,-0.0045871514481795606,0.0033031988530314305,-0.018863332722612758,0.0029561478797339724,0.0,-0.020000000000000018,0.0,0.03636360089641055,-0.02448213104365282,-0.014222830351855675,0.01971338679070178,-0.05188674577065666,-0.0037256143999234714,0.01025636557091203,-0.0078021994983097365,0.008542741461856629,0.0013535653659855207,-0.024691314896229888,-0.013830674948087207,-0.004267455037411327
2019-12-04,0.010339795536826957,0.008615780562451159,0.011363866000474898,0.004768686343888051,-0.02020200074126499,0.0024039177751866703,0.0,-0.04189940227528577,0.0,-0.004059247140722477,-0.026402615333808388,0.11529419241420147,0.0007830588820074702,-0.010076195422714318,0.006796335277455157,0.019819983916203654,0.003233160751451747,0.018705454864619275,-0.008695643760907257,0.007575724422971275,0.0,0.031761851568895993,0.03891888180294556,-0.033457305083066324,0.0060237576154345,0.02352928515910624,0.0038198611222739487,0.006326206387448519,0.006915421160222035,0.014685976934809108,-0.02929689428128812,0.0035504276800439882,-0.00802872582674008,0.0211946305012789,-0.0092592592592593,-0.002083417505306051,0.027659599939695356,0.006327172362680322,-0.09459463203797946,0.010733089923705252,-0.026748994006078552,0.005301663731244632,0.05555555555555558,0.0,0.01587300085546861,0.003952841645181726,0.0,-0.009254040022169119,0.015047999857122907,0.023732796598523898,0.03543911269405653,-0.0042884446464501735,-0.016964013602765893,0.004514668555645196,0.010716297411605291,-0.02559415109386043,0.009234295113136337,0.0009467745211213519,0.01358341986216094,-0.002036552962227711,-0.009216580748084957,0.006584778448781137,-0.029085538921665877,0.006838167981284116,0.0,0.020408163265306145,-0.0014346723470377576,0.013157882353605599,0.0009652730900806539,-0.010992671309683844,-0.00934125188999646,0.0,0.013678530069625605,-0.010152240481173247,0.003034732470399426,0.0014475976340364571,0.0065507058127936,0.025316410356381436,0.003947774019384065,-0.017142840794154623
2019-12-05,0.007066278780039736,-0.0012455324809077517,0.005842147339334636,-0.0020094822197000983,0.04123707285899503,0.002398082043902461,-0.008064470231593623,0.00583089811581905,0.0,0.034090998926846305,0.0,0.002109655580265102,0.006719935184998471,-0.0013225301175596726,-0.0035358648373017276,-0.012014395822465995,0.012940863489729448,-0.017330293420209975,-0.017543912239656678,0.006229880134916543,0.016806530835626887,0.010100965619285418,0.0,-0.07884612739438746,0.010816331422611958,-0.0201149293371905,-0.003567684204832333,0.007184563299521773,-0.004120928805052326,0.0013428682179426055,0.006036259773603003,-0.010613261043485367,-0.002697799462768269,0.0,0.005607462374963568,0.002087767196029322,-0.00931678612934983,-0.0025145872767941,0.0,0.0004394640667946259,-0.002114213285731581,0.0019775760312621404,0.0,-0.0030303001841675004,0.03125006402842834,0.008811488159782277,0.0,-0.03251368537662047,0.0026954222591766275,-0.007782765779985934,0.016368977305703636,0.007751920590031824,0.016503483409266773,0.042696643902066844,0.003487853704300603,0.016885681010814224,-0.017760873469078176,-0.0016558789988119216,-3.661800413867766e-05,0.0032656839387941172,0.013953474446076086,0.00178424288789647,0.008377807468090692,-0.01112412207859137,0.0,0.06000000000000005,-0.04597706637449006,0.0216450015388836,0.0,0.0024313460184888225,0.01648083102098319,0.0,-0.004505446440250638,0.015384610596883341,0.004195382294422956,-0.006584575357017397,0.0024792578141588084,0.0,0.003311319200645313,0.010174374078467219
2019-12-06,-0.004113205957509414,0.009622017965573715,0.0031282086512582907,0.0015421900482661677,-0.03960392300071269,-0.007176893813303775,-0.004065056094269548,0.028985479203023967,0.0,0.00290589222960258,-0.03389835302872812,0.0,0.0047091039001248,0.011746972386027732,-0.005645157655253752,-0.0039340586791201115,-0.007086573548017894,0.0025193765262332413,-0.04761900369272076,0.008966656011466956,0.0,-0.0147618793305897,0.0,0.008350722791562015,0.0029936383484274742,0.07038123854090039,0.008831181039108627,0.0,0.007448285918145503,0.002086082830490721,0.0,0.013110960653405446,-0.0018031498311836813,-0.02641515816687967,0.003717486352707633,0.008333455114059918,-0.0062695368710233845,-0.00046450432719302714,-0.029850718650553665,0.00336951836447974,0.04449153548340434,0.0032894788919106688,0.0,0.0,0.060606000399351156,0.0005572979991330662,0.009796279520508877,-0.01385147332699177,-0.004032448476770423,0.002002716125652837,-0.004392168550697573,0.008547187438270765,0.010509280065591042,-0.034482726727597,-0.0031976275616764083,-0.02214031315224374,-0.003287714874118719,0.008410509376409081,0.007481432984179692,0.01098429091159514,0.0045871514481794495,-0.0014840257844115357,0.00780457072171914,0.022143324099122674,-0.01673053955668513,-0.05660377358490565,-0.004517994077358756,0.06779664955205078,-0.01446476568810362,0.011780821828354604,-0.0019359349956145078,0.02985071794239791,-0.017588948889400102,-0.02020199357786323,0.005478859379241641,0.014495787689952078,0.005616491687055136,0.04938277844800787,0.007580194074393809,0.004316577069305216
2019-12-09,0.007045677165316011,-0.0053534250278953754,0.004899483895175916,-0.004063645910931224,0.0,0.0,-0.007755123839086386,-0.01408449379940424,0.013636337443364122,-0.015686477784147,-0.01403507480404087,0.0,-0.025573981256870604,-0.0021627087997656558,-0.02611521777321313,-0.012387768941639399,-0.0010722264960312256,0.010261650115896304,0.0625000139698384,-0.002539122643812952,-0.00413218501404955,0.007249860544148445,-0.056191465259608275,-0.010351907802793603,-0.01092272310516118,-0.027397292186461253,-0.002602379361869245,0.001560361557135126,0.00355959500155012,0.002527799195262581,0.03400001525878915,-0.008627468894551127,-0.011743698443350103,0.017441890552192252,0.0,0.010330355253222123,-0.004731869107350795,-0.01181563064805713,-0.015384600712702867,0.0,0.20486820771801106,0.005245895572113746,-0.052631578947368474,0.006079021628696113,0.14285717934978304,0.0061291556316980245,0.0,-0.023623219919986393,0.003598716332082086,0.007495015924009918,0.019117665454074118,0.0,-0.002999979654947915,0.015625038250748347,-0.006136564114413656,0.007547201795251368,-0.002199156046097217,-0.005168568768542103,-0.001456297502986037,-0.0022132210203167357,-0.00456620557167875,-0.003270138868402328,-0.01723703841494606,-0.00046340264955258004,0.0,0.0,-0.07715586716660827,0.023809501283202916,0.0,0.0034248592243451004,-0.02966140546972018,-0.03381639396149072,-0.03329529177750146,0.012886572784615247,0.004426701390304766,0.0015936429572622757,0.0019981173743064407,0.0,-0.0030704523728157795,0.002865326772472976
2019-12-10,-0.006996382910007148,-0.0037855609788692846,0.003989422574985468,0.004380663997600287,0.051546341073743784,0.002409425395100362,0.0004113627766979544,0.008571420397077256,-0.013452889305210158,0.00558289454309957,-0.04982201755744997,0.0,0.00777550885018341,-0.09468405937716096,0.008494439954237043,-0.012906723843883028,0.0005366416672858421,0.003109543886220756,-0.00588234716633218,0.0023334877338949678,0.01244807240165735,-0.01295587599744541,0.014332978921168138,-0.03138077171202591,-0.009438210084771304,0.01690135610925636,-0.008124498472009689,-0.004673939369623681,0.012005665060527138,0.0077129481196343,-0.011605404621686466,-0.017405099745765318,-0.04113356325352091,-0.017142886207217267,0.0,0.002045072602766984,-0.0015848223012074891,-0.0010748711972643488,0.015624984866008385,-0.006278196540035141,0.06060608249941013,0.004566088847191452,0.0,-0.012084580829157865,0.03749996367842012,-0.0020304974930401842,0.0,0.008119389683744371,0.01299855705373143,0.016862235324247132,0.0,0.0,0.009829496427321116,-0.015384652467469784,0.003508056643956703,0.0,0.01487594192072672,-0.002125121900917515,-0.006488692859432321,0.005646273101927335,0.01376145434453857,0.002982411046766442,-0.0030503032897643,-0.002781603940768873,0.012552141575944642,-0.020000000000000018,0.055737738311032015,0.003875965410453208,0.0,0.013651633187020229,0.01857407464834626,-0.009999990463256836,-0.03097567367367704,-0.0050890981294657855,-0.0012877822973764719,-0.002227484917458611,-0.004090967113853483,0.0,-0.0010270892235363371,0.0
2019-12-11,-0.0034013479466474816,-0.007065264026940632,-0.010154588845521895,0.0007270570640505181,0.0,0.0024039177751866703,0.0,-0.002832858511134684,0.0,-0.016722749046325758,0.003745314673225364,-0.05263158703590021,0.00018532569771667617,-0.01165580432602209,0.015524466158429728,0.012707243855565542,-0.001901541229909598,-0.008472918455576406,-0.02958584013766763,0.0059259000909390736,0.0,-0.00048615600535728554,0.029347876452318955,-0.006479526796290824,0.0025278674665167866,0.02770093700223808,0.030431731424238162,-0.011627979351550466,0.005661801702912417,-0.00927308038241792,-0.0058708823922705156,0.015700398137336258,-0.029551755135342472,0.003875965410453208,0.0,0.0,-0.008994713212971184,-0.021316932265181388,-0.030769201425405623,0.005730214540285994,-0.03809527629987697,0.0051948708711644365,0.0,-0.0030581010769374917,0.08433734247587221,-0.0024047688385788746,0.0,0.01840514379809366,0.01946948824747108,0.01495695023162602,-0.007215089131017538,0.0,0.01754730381084757,-0.020089319688552987,-0.004195205509615829,0.009363279919587741,0.018457988340352394,-0.002840175074986351,0.006091009722086538,-0.0016041633419362489,-0.02262441242227664,0.002378795090810959,-0.007394209752707992,0.006392268747954066,0.0,-0.020408163265306145,-0.003105561031001125,0.04247109542846639,0.005870789077760508,0.0016836008975926742,0.0008995061699896834,0.015151500555948827,-0.017547860216292066,0.007672632207014418,-0.0031913655855065892,0.009461029345594119,0.00035964452158965265,0.0588234585817724,-0.0009249567037473705,0.004285744258335722
2019-12-12,0.015602115254619298,0.004990268611345883,0.010258762359344864,0.008461319692609992,-0.00980391240220746,0.007194316900816844,0.0053454387231304246,0.002840906397000742,-0.010450046370339972,0.005543561770811056,-0.0037313396321504433,0.0,0.024277268263853236,-0.018167889766192657,0.008293873000900343,-0.003845537357715756,-0.007669354110226956,-0.00562749027688858,-0.006097555213709138,-0.02061854759952564,0.007431976015011665,-0.01118674845382761,-0.007391831734393173,0.002173962845469779,-0.004396409671114765,-0.035040506148361295,-0.02100358884320308,-0.0022623625326315677,0.026541720129055868,0.005658947080179333,-0.007874008357040663,-0.001188962230741386,0.0049116488941771674,0.011583000920442954,-0.0092592592592593,-0.010203967779292777,0.01014418252542737,0.008588788477471354,-0.015873075943202752,-0.007158588486712025,-0.02145216430171959,0.012919988479702216,0.0,-0.0030674817461688875,-0.033333302427220435,-0.017615452334119985,0.0,-0.01950559997042356,0.0004337020973006478,-0.003043386605481646,-0.0014535330927449852,0.015254452931826368,0.0016919015418357386,-0.05239180548258471,-0.01267076302875303,-0.0074211816099361005,0.0005334511061045877,0.005577106100175255,0.0005832629005573242,0.0022092203318195835,-0.03240748559250928,-0.005043032796739899,0.00924738267478764,0.018709086799140184,-0.0035814039596576697,-0.08333333333333337,-0.01869163856275613,-0.00740740021233377,0.015564187895738879,-0.03226873144062736,0.023447672233735117,0.009950239314132636,-0.01865731612906396,0.0025380909246106587,0.00579975913485864,0.00026331262518786147,-0.0007698874439479031,0.022222250466776616,0.020626777640585736,-0.004267455037411327
2019-12-13,0.0021602964210953868,0.006580336786113694,0.007947242877470506,0.0031782894790568506,0.0,0.011904623050483343,-0.005317016934915042,-0.008498575533404162,0.003670364088576905,0.010141161840576007,0.003745314673225364,0.0,-0.0023068323801881396,-0.001363640902679597,0.0159677243636982,0.035110162830022995,0.007138119189124881,0.003144185294063684,0.0,-0.002148194967992234,-0.024426200171242196,0.0014756855267139546,0.015957508328925174,-0.015184418575713288,0.0033767711872376704,-0.01955298858827803,0.0004147448575051449,-0.006349234258258618,-0.018542967997439375,-0.0019252882528661974,-0.001984077801659545,-0.03650785036271165,0.0009775015791937403,-0.017175511389674658,-0.0018691303574036588,-0.009896753113751933,-0.017970409683766286,-0.006335332915917036,0.0,0.00014709317439765002,-0.025295046015591183,0.005102034765882557,0.0,-0.0030769201425405734,0.011494241848790887,0.004907580636453135,0.0,0.011990268675950322,0.02299350502851416,-0.00048204680567220937,0.02037852218570202,-0.026711274200702517,0.00870533138725027,-0.02884612739438741,0.0015774036108566758,-0.009345778904582214,0.017581086988230465,0.004012573215312676,0.005540138272063899,0.011823640786284395,0.0,0.003577800238093287,0.09086280508111066,0.005214650617321848,-0.002764430068025625,0.18181818181818188,-0.05555561076656468,-0.0298508060193573,-0.017241317886610097,0.0024313460184888225,-0.027540488869591928,-0.03448272622135795,-0.003129971738306647,-0.03797473410662089,0.012074803574311455,0.008001251641320817,0.005547597841898844,0.005434789366165038,0.008164255395767483,0.0
2019-12-16,0.007425205051925898,0.0019613605884103436,0.0017518927196193967,0.027287006693073046,0.009900980750178201,-0.0023528029560159203,0.0,-0.02285712105887272,0.02059479126448127,0.015396043293982142,0.02611937742505277,-0.048888890330844426,0.006573862719743362,0.007867259834719142,-0.020161860429763312,0.010122535394698318,-0.006891866572015459,0.0020893912776898116,0.01226992698467555,0.0017222392904943096,-0.0035289146426094042,-0.013261318746051298,-0.006282766326529465,-0.00660787075402236,0.012038060167488096,0.025640944701775137,0.019845806180794234,0.02008207026070341,0.01942539022088119,0.004748177271817644,0.009940300559075022,0.02471160158439556,-0.02343753151941108,0.04854368842145895,0.011235926160607423,0.013744030218821868,0.006458602783969258,0.00356499904183627,0.0,-0.000882637465388858,0.05968854284922065,-0.008248799311512678,-0.05555555555555558,0.015432084002812374,-0.09090907243657698,0.008827873885339788,0.03799510499351211,0.002139725069503884,-0.02798995996141984,0.004500925865855265,0.025677703544092045,0.0,0.008308064987678998,0.029702942250534603,0.01760918659531141,0.028301950970734513,0.0010472453426437767,-0.0019980548963340894,-0.006379546348241005,0.030303128432324522,-0.03349279240072123,0.011586527128148338,0.021698560241064646,0.0012409273283038313,-0.0060992494217823046,0.019230769230769162,0.02521013368762559,-0.0038461503192516178,-0.0029240434674705496,-0.007623095980973882,0.007305856114578901,0.0,0.009419739701876928,0.0657895434461786,0.003351413274729431,0.006110065415438237,-0.010472093040128305,0.010810759093014877,0.005648903763747493,0.0
2019-12-17,0.013314263722417952,-0.0016013557940024459,0.01792729395219861,-0.0014803361325258502,-0.014705868603311245,-0.0047170513894327915,0.0,0.0,0.021524726250848003,-0.014233605281343431,-0.018181800842285156,0.03446260626215447,-0.0035807501740685588,0.011546757104160532,0.005022503831230152,-0.025492126518652736,0.0019195100267019871,-0.004170166829996824,0.03030307408973054,-0.00580271792063336,0.00354141198321245,-0.004479848277965104,0.0221285609285351,-0.035476788498730594,-0.00601139905837933,0.0,-0.0004064055833813418,0.006264084460318786,-0.010702341728721643,0.0,0.013779561557613063,-0.019292479883887714,0.01900004337878003,0.0,0.0,0.0,0.014438424566812547,0.004098856663620198,0.01612909428163012,-0.004491277218985679,0.06612248323401637,0.012156157773499876,-0.11764705882352944,0.03039518061113422,-0.0750000018626451,0.007075124878797467,-0.025701282871949616,-0.003069060386778566,-0.000436062454450048,0.0044806972599804595,-0.004172522425753611,0.0,-0.006898325548647777,0.014423063697193816,0.00970726326561211,0.04587158848762063,-0.001046149767172433,0.003533013264096496,-0.006493226553037634,-0.00346028374104812,-0.01980196150035629,0.00440545781876911,0.016670461908519396,-0.0073217813399559795,0.0,-0.037735849056603765,-0.057377027824339955,-0.03861000306814344,0.005865143919995042,0.004888489758370529,-0.001140896346613629,0.06122443021609958,-0.00898632561828494,0.004938310081928465,0.007482102868826113,-0.00897965496739539,-0.005110532836900772,-0.037433138896402984,0.0002982889821685486,-0.005714280264718208
2019-12-18,-0.006569661653388681,-0.004515505167633771,0.012886463355089584,-0.0037059868243336513,-0.001990024139584712,0.01895741987927324,0.0,-0.011695895017748925,0.04258098494551077,-0.0016828784781782735,0.018518500530834592,0.010728338772741264,0.002825177908267529,0.0005099264777630452,0.008060672359956556,-0.014252338488673355,-0.015129924440836606,0.009631714775470313,-0.02352945878843815,-0.00799824784499692,0.00823373242261849,0.002000045776367143,0.009278366428618456,-0.006896490489400442,-0.0009650254362248978,-0.005555562315395224,-0.018130979566818195,0.00867033477944501,0.0023746736555860792,-0.01210888841467439,-0.011650474110381559,-0.008606638828653312,0.004906760999872084,-0.00740740021233377,0.0,0.00451919564187353,-0.009488582200444906,-0.00816391442906117,0.04761900076430181,-0.0001479353528091032,0.013782492015168568,0.002528338367009164,0.0,-0.014749318344424278,0.0,0.008134408534247628,0.0,-0.009744982061475782,0.0017459953184733035,0.0014338083787086564,-0.0013967584377392317,0.003430232261227406,-0.0010933764703930926,-0.011848274024543137,0.005991379622526383,-0.029824633263528133,0.0036649156083532475,-0.005163716118942285,-0.0014687550813899941,0.003279352159120119,0.025252500926581378,0.007017636460501242,0.0,-0.0015884998308065557,0.007810285430649433,-0.039215686274509776,-0.03478261889230738,-0.016064241646516764,-0.0019435864104467848,0.00625425125870005,-0.0008974513390344052,-0.06730763058690403,0.054173226766987215,0.044225969638425955,-0.013062958882450348,-0.0040852705504199616,0.0016601541078713478,0.022222250466776616,0.00238551806502052,-0.0057471209243954435
2019-12-19,0.002125695849165554,0.007042504936303873,-0.013230689071098256,-0.0004132995987398136,0.0069790322392782045,-0.009302395487797765,0.0,0.01183430783985151,0.0,0.003270291860044461,0.021818161010742188,0.0,0.00581470926591221,0.005290506921682647,0.02302902198987211,-0.013177234192156995,0.02109812505031239,0.0,-0.003012045380823114,-0.011331454885156744,0.0,0.002494971795226064,0.0,0.013888875091518038,0.018675901077293222,0.019553132537543316,-0.0010061862386091525,-0.00859580626145895,0.003948264584947125,0.0043347569275205,-0.007858538438882068,0.017362623074905548,-0.02539069276673389,-0.02798509172220498,0.0,-0.002045178078686538,0.00532189831020502,0.002126332291152666,0.1060606509419737,0.011465429930242355,-0.010573972210621396,-0.008196652345111577,-0.06666666666666665,0.008982027593025244,-0.01351350045186761,0.01137019061345601,0.0,0.020735488928253165,-0.002614562223444694,0.00970411397436588,-0.01398597191733808,0.0,0.0018028380896164542,-0.043165482845068825,0.0005539442498931901,-0.007233303594494589,0.014606132191566479,0.0027133887261505674,0.003677086617128067,0.005383832322595428,0.004926103745908295,0.000290188923675716,-0.016846361012766153,0.0060234997408044055,-0.006366042438853969,0.0,0.07370340641365525,-0.004081628681073313,-0.015579434659661828,-0.007596691487075424,-0.005226191363981392,0.04123707285899503,-0.004410811694440575,0.0399999131854607,-0.004366966191456267,0.0002629131816640484,-0.0031596941301134107,-0.03260873619699034,0.01060887700421631,0.0
2019-12-20,0.005656246141255261,0.01392629399517853,-0.0021627488136377604,0.0050444461798870854,-0.029702942250534492,0.007042116436687396,0.006578941176802688,-0.005847947508874518,-0.04631562806092826,0.011660734516030447,0.06761568010301033,0.0,-0.005108897520689548,0.008685990582938619,0.021103581513320258,0.014465965486507582,-0.010746517259983324,0.01970126569456032,-0.012084580829157865,0.007273569293006377,0.0,0.003484305340595073,-0.020428989790034824,-0.018264822286715,0.0026552879452665934,0.019178069233376283,0.005272692814799473,0.010449016107954456,0.019926773267769038,-0.006548337338065924,0.0,-0.005688915161692565,0.07615206735005353,-0.011516303712136078,0.0,0.004098633116055073,0.016940164381348488,0.004997063226031884,-0.0136986820351932,0.00928761188528382,-0.0015267524565848456,-0.004450046909207472,0.0,0.0,-0.01369861671503625,0.00453290789637828,0.0,-0.0033104451189103212,-0.0004368130955061389,0.0070899155441548345,0.031205537432242192,0.0042737845727311985,0.004820361319189503,0.04511279857818873,0.006506452174660282,0.04735892798370234,0.0005140913907857314,0.006234891090831418,0.010625336560284415,0.02180120048641876,0.014705868603311245,0.0075473017938227915,0.0205619762798519,-0.0006781236884612074,0.0002781565495262317,-0.08163265306122447,0.016949136104436047,0.0,0.003956475095091561,0.012178043767088642,0.014693818092361921,0.0,0.0,-0.03619883211149699,0.010054793069636858,0.011829682865026392,0.02172211328203244,-0.08988762068750211,0.008781448554013194,0.017341023733535632
2019-12-23,-0.01406136445900652,-0.006253655423038906,-0.008669346816058465,-0.00012301079685927974,-0.04183674263785342,-0.009323943741418983,0.02124184916206784,-0.008823590872607756,-0.028697559388319305,0.0016941032596078376,-0.029999971389770508,-0.022346341375485634,-0.0077252087292370986,-0.009051520852444428,0.0022964433220544755,-0.017733176866108424,0.003753177833066612,-0.001220329818921173,0.02446480861549971,-0.01487965631998911,-0.007500023110832865,-0.001984077801659545,-0.061522434118906344,0.02093015622293537,0.00781834922229252,0.010752700833552842,-0.022807520062663178,-0.005500171078359428,-0.0038560880730291736,0.002546617235029025,0.0,0.02125057301033184,0.007449314637280713,-0.019417456850636006,0.0,0.012245077117112757,-0.000520474857350961,-0.0034058299308364903,0.01388894223872672,-0.007535610177893504,-0.08103971499428309,-0.015325722415124532,0.0,0.038575702924497524,0.0,-0.012093804613156123,0.0,-0.013180474120338181,0.001311280824084049,-0.008760913245235646,-0.0027508507660800596,0.004255216984835997,-0.0117052697577118,0.10311746294277824,-0.018292164860863047,0.036521634190119556,-0.010277305797006253,-0.007248543032974286,-0.006380800939468578,-0.021523523916326615,-0.014492740269210325,-0.01261446023958912,-0.0047011214031937865,-0.0025999573816238852,0.0005574763108511238,0.0,0.0,0.03688520986013244,0.007881766178592153,-0.001374897042659473,-0.012054023593660257,0.029702942250534603,0.0009967941648827416,0.03051615210394565,-0.0008687669388104391,-0.00010389243110453528,0.005391242182584133,0.018518467590228793,-0.01974356711969094,-0.008522719191002448
2019-12-24,-0.0014261620250127782,-0.0006470869410512003,0.005684536160259546,-0.002880649516494471,-0.020234284972152072,-0.0023528029560159203,0.0,0.005934783389992537,0.0,0.008323417515406106,0.02749138190599676,0.0,0.0004993558731773984,0.005328467285429683,-0.004735066001949062,0.010794931138476072,0.00039327460584326346,0.002443641686659337,-0.011940287460221466,0.015548661835225186,0.007556698524407546,0.006461190623466839,0.0444444020589192,0.020501174333733996,-0.0021271042647666993,-0.005319223661979122,0.010855644919799845,0.0026545953567527203,0.0038710150479861483,-0.001195311725079251,0.013861325184233886,-0.014005506248004895,-0.03696893606452123,0.005940540958044194,0.0,0.0,-0.004166662527455345,0.0006830678434461834,0.0,0.0018980344796968307,0.05158068735002641,-0.0045395096086854325,-0.028571446736653683,0.008571420397077256,0.027777750183035854,0.004750659625932352,0.0,0.007324314935422294,0.003928422336996862,0.001736120727460877,0.0027584388196202347,0.0,0.004206906856401904,0.03043475421480002,-0.0019610775780639633,-0.008389247933952348,0.005192067728010175,-0.0030621302439756137,-0.0010944395292412645,-0.032134603717035026,0.014705868603311245,0.0011750699541521747,-0.006972504835296212,0.003287087521335108,0.0,0.04444444444444451,0.0,0.015810261780775825,0.0,0.0010326330366507985,0.014821466736696598,0.0,0.00796738882801562,-0.009111689357236274,-0.002540612429123401,0.001663011523419744,-0.003136233779001074,0.006060614021663913,0.002034217053716647,0.0014326292288471265
2019-12-26,0.004046722614959863,0.0025896155355706885,-0.0030434256344388233,-0.0017744495025664442,0.010869554654186597,0.011792245669476342,0.0,0.0,-0.011363658191135939,-0.00749826922872332,-0.0066889568102751484,-0.021714241855292582,-0.00932420379197807,0.00012605530046028157,0.003990286714764757,0.00533965280798987,0.002439505886275173,-0.00426594850206119,0.0,-0.0006562246980115205,0.0,-0.0029629365897473336,0.04148939990954292,-0.006696475375139399,-0.004388695600264447,-0.024064097622174985,-0.002506021356846966,0.0,-0.004370117012821195,-0.003590621873139188,-0.005859322976901948,-0.001623475398228158,-0.009596711971899707,-0.023622025071121988,0.0,-0.02079091300555902,-0.0010460490003029177,-0.002116927533322377,0.0273972334300725,0.0,-0.06962026032742863,-0.004560281986854098,0.0,0.002832858511134795,-0.027027000903735332,-0.0025458785525200867,0.0,0.005400291930142576,-0.006521839527673712,0.0064597422329712995,-0.006877525781913363,0.011016761466623226,0.0016756541679525672,0.006329158493033615,0.004491761875933475,-0.03722500050256072,-0.00051648122630088,0.0007087086287984601,-0.0014612307410825087,-0.009486311905198885,-0.009661826846140142,0.0005865580832964401,0.00022646254105662678,-0.004970445798394674,0.0,0.02127659574468077,0.008333365122477288,0.0077820939478694395,0.01270773414057258,0.007565343631405375,0.0004841245739208855,-0.04807687899064572,-0.012076234770304284,0.011494511999407209,-0.0022796743474194914,0.004980511960215983,-0.0005584663662231426,0.0,0.00014821144811438813,0.005722523605145469
2019-12-27,0.009008961883178568,0.0024656690397102388,-0.006541707044787182,-0.0015294160494220277,-0.004301083952116036,-0.01165480929503837,0.0,0.0029498496028923515,0.0,-0.005633096387875236,-0.09090908361130767,0.0,0.0010763058271188175,-0.007128729153606295,0.0032100092062283814,0.02161181184683114,0.007101977407382387,0.008976058961977618,0.018126871243736797,0.0032830275856305935,0.01666681542605053,-0.020802380643104246,0.0010214738427785086,-0.011235891245119367,-0.002707858478001146,0.0,-0.004485817951994875,0.0019856387944847675,-0.0010329452675233997,0.0058558236477572745,-0.005893950669745407,-0.011788634818107768,-0.000968976796398402,-0.012096762564130281,0.0,0.0054123454063135235,-0.010994816106130845,0.0034223814134286545,0.08000005086263018,0.006121277220525467,0.04591836320945131,0.01308895445205338,0.029411783955364257,-0.0028248560935074662,-0.013888957875743513,0.007839373518667037,0.0,-0.0029248977061067105,0.006564653142020704,-0.004852870508885276,0.011080473517826928,-0.011735067780111352,0.005919432375396383,-0.03144656099941867,0.0011179365040563383,-0.0017574246986418185,0.013953401915991703,0.0048404669210635465,0.006218598050217405,-0.002394147047815154,0.03414630969318089,0.0020522921984755804,-0.003396773695589106,0.0005673322679280446,0.0019482239430137493,-0.04166666666666663,0.024793324595259847,0.04247109542846639,0.00772200061362871,0.016723421505541403,0.003871307082858211,0.010101000370632551,0.016668484233308467,-0.004545489652189594,-0.0016792809813972465,0.0017551597796106044,-0.0006093450728273941,0.0,-0.0012868742105430764,0.0
2019-12-30,0.003994332752915941,-0.006909819308829168,0.009657600588222737,-0.005216885928466364,-0.09287259758200817,-0.0047170513894327915,0.0,-0.0029411735831660346,0.022983869792601697,-0.01359587664385753,0.06296290180483743,0.007593516324316152,0.0056502373445943554,0.005782315803727123,0.009142303740671043,-0.01416274430068698,-0.01775329102678458,-0.004245922968778126,0.026706277639223064,0.0032722845850696736,0.008196754079427215,0.006069748563796384,-0.012244886043219938,-0.015909129578219106,-0.003977960746650688,-0.013698681390377221,-0.0024630862552409427,-0.0006603247084180364,-0.008012133424127987,-0.0014929971698814937,-0.005928801049494115,-0.009872461151314793,-0.02424838307158561,0.0,0.007407435664424256,0.006624708769479293,-0.009528867707344624,-0.008321574198018045,-0.06172845102341018,-0.00854643207678929,0.05121952070500568,0.010336117970562109,-0.028571446736653683,0.008498575533404162,-0.014084494035883521,9.105092218164579e-05,0.0,-0.0013333047660137876,-0.006521839527673712,-0.0033034306352176523,-0.005479554173086321,-0.002544607655287967,-0.004349447944923868,0.05844155576074006,0.0006980172820847397,-0.005281660094812901,-0.009683964703705361,-0.0027023373056891398,-0.0053077041736702135,0.006000068477683307,0.0,0.0011704093019393458,-0.010452149557287904,-0.007829373917078053,-0.0033339245119131666,0.021739130434782705,-0.032258034744817476,0.03333330095550213,0.02107282335932159,-0.005035384735705195,-0.01703223849755542,0.019999980926513672,-0.014099643611005575,-0.02054793837292157,-0.00693244377926594,-0.008863617399106571,-0.011787090223030483,0.024096489540636368,0.0023371147662794023,-0.007112402452720046
2019-12-31,0.0037444818323062456,0.005365472868209098,-0.006521697812162719,0.003329760322035469,-0.011904750923180218,-0.004739267556552407,-0.010000000000000009,-0.008849619138639464,0.0051056058673590865,0.0024323543020494665,0.05226484367549422,0.0,0.006164395353208896,0.004422016986675548,-0.006341818575550939,0.006182848043062128,0.007731838007088321,0.003451575079234326,-0.026011604507406583,0.0008696912235339749,0.0,-0.0005027767314583764,-0.028925689857240422,0.023094666603822533,-0.0011411685577639163,0.0,-0.00018086031710218275,0.004627517786841118,0.008076846193476372,0.003139656196933016,0.007952278366714305,0.010386289080326128,0.0019879715571884393,0.051020407170268234,0.011029383406095494,0.0,0.0005344858028419885,0.0019257942476866852,-0.013157882353605488,0.0048215398228490525,0.010054146277852727,-0.0019184270898046085,0.0,-0.002808986130333757,0.0,0.0014544499039905734,-0.016786077973139246,0.012309805775563287,0.006564653142020704,0.0029987156704343043,0.004132358766973265,0.0246597606096004,-0.0032764342388946766,0.012269927283794058,-0.000279221312066924,0.010619303680240666,0.0015438615442142645,0.002002526804499638,-0.0010233594191887407,0.0009937921214417944,0.03773592756753197,0.002921902969847734,-0.0055108580476229685,0.005489405003832104,0.003345076745268516,-0.04255319148936165,0.0,-0.00358422602149977,-0.014071258975363765,0.0033741770307194052,0.000653876845544854,-0.00980391240220746,0.0011086521496275203,-0.011655158584302217,0.012131258408665913,0.0018196918864212819,-0.0018511391361121232,0.01176464921835918,0.0017859007892691015,-0.007163351088572134
