Date,AAME,ADM,ALX,AMGN,ARTW,ASRV,ATO,AVA,AWR,AXR,BDL,BKH,CACI,CAH,CASY,CHE,CL,CNP,CPK,CTO,CWT,DINO,DTE,DUK,DXR,ED,EIX,ESP,ETR,FRD,FSTR,GIS,GTY,HCSG,HRB,HSY,HTO,IDA,JNJ,KEQU,LGL,MGEE,MRK,MSB,MSEX,MTR,MZTI,NC,NFG,NJR,NRT,NWN,OGE,OLP,PBT,PEG,PFE,PGR,PNRG,PNW,PPL,REX,RLI,SIF,SIGI,SO,SR,SRCE,SWX,TAYD,TDW,TR,TRMK,UDR,UG,UTL,VIRC,VLGEA,VZ,WABC
2022-01-03,0.09795907443763197,0.004438740561772958,0.024471811467380755,0.007645792061626633,0.0028248560935075773,0.002590704349612505,0.002290610502487578,-0.00494250935750129,-0.006187228793339994,0.0,-0.005183128885056565,-0.009494246911631365,0.014338308352811469,0.010098981585261457,-0.0003546920091054284,-0.003761469061012268,-0.008788431720335721,-0.010390412599591059,-0.02167176170361751,0.02572469707694891,0.0001394823004301493,0.033252075417162574,-0.0030115586784247306,-0.013441477847622951,-0.025686444892195515,-0.002226851474669278,-0.010842197594824188,0.0,-0.011096459786003487,-0.0031983244236297725,0.03563634699041196,-0.0017808756165220707,-0.005609141566801812,0.001686205062266577,0.036927045919660895,-0.0013438703378089167,-0.006010648254254791,-0.012708375677360939,0.002747312017662873,0.0,-0.021052682955832736,-0.013982095051249033,0.0030010810016261047,0.03520061681621067,-0.009725756228203153,-0.0032522316032160825,0.007548298827863231,0.04023132443401045,0.0003125161207140348,-0.004627182892253057,0.020979027639928427,-0.00020517685662369,-0.010422373420251652,0.001984242445330686,0.01584143898807544,-0.008541756222669061,-0.0406434275607942,-0.006332034894527938,0.012838823758479334,-0.011333026383751332,0.0026611603633983627,0.05541670322418213,-0.0016949897018034843,0.00923076042762161,-0.018550358315360116,-0.005978684706264392,0.0001534570466352747,0.007863032312864782,-0.01741607884323737,-0.023809544603050514,0.050420164325831074,0.005796088209677919,0.01910062770859433,-0.0015004791532641226,0.0030393633625886984,-0.007175423376314716,0.01661134915389817,0.006840502553011163,0.009237858790395181,0.012818298404569939
2022-01-04,0.040892151777373265,0.018559309266902302,0.01518726274451443,0.0050729343002602345,0.039436649798495926,-0.005167947198941647,0.01190355932826992,0.011116566864014521,-0.022567994118688817,-0.04605261960848528,0.029632076609847458,0.007868362977575316,0.019701925288428956,0.01134383800506411,-0.011557241885673308,-0.028251527713254454,0.003310145311181456,-0.006154978843823544,-0.008622742297882069,-0.015555656047618771,-0.027828255872032526,-0.016238698550107733,0.0016779453732531646,-0.000772877128195959,0.017272689125754637,-0.001879685206419901,-0.012442810765084578,-0.0640394088669951,-0.0010770264626678294,0.032085653300982564,-0.016853916782002765,0.009366596402295757,-0.0025071602185995356,0.01571270423272164,0.012279762889679136,0.008539891160968649,-0.02556345340954247,0.0041119237258697705,-0.0026814724240455945,0.0,0.0116485668183548,-0.012330452535072478,0.001821156238017041,0.04826315223287847,-0.001510922583407237,0.027732396896801292,0.004195287568029338,-0.05377478178761841,0.015791235237698542,-0.005138316344284188,-0.009784805493385673,0.011892668189503519,-0.0026327466387152665,0.025176843599577392,0.027290752215996417,-0.002569595396569757,-0.03742287794902788,0.0015685820291568842,0.01394363188407799,-0.0020058835468802494,-0.0049766059449649624,0.11162653949403145,0.0037530041072331155,0.0,-0.008331248284266346,0.0,0.002606052217809296,0.014202836035601463,0.0024696885192780904,-0.028142607413610188,0.03377778795030384,-0.006586009718173691,0.02297432534065824,0.014857990683737388,-0.0181817779655431,0.009636344327442536,-0.0032680161886343706,0.0038219093767921652,0.019641700674355222,0.003933652307003044
2022-01-05,0.06428574026284828,-0.007808987653101118,0.0012557540455684357,-0.011850451673286022,0.0,0.025974114222914846,0.0031997621985850877,-0.0030412225918391433,-0.003682289256501048,0.05379308503249591,-0.020872899214106844,-0.0007095864261292828,-0.009947995725676062,0.013688600180386423,-0.007435654869537789,-0.011422426489756665,0.004123880361126986,-0.0021859493491985793,-0.005020345176491081,-0.011770280250127385,-0.007871685840133646,-0.006002416740292449,-0.0010887381185159528,0.002224219272654926,0.009830260453664419,0.006826158169908947,-0.022049098593108662,0.0037596273859172857,0.0023362743080563853,0.08290147619980504,0.007857118334088975,0.013404015471677688,-0.014451804335657736,0.003867352883384134,-0.03517973328948554,0.010982305116336466,0.006346836118038546,0.0004451850896587395,0.006663487816704672,0.023622062617355555,-0.04605832041505753,0.006117331592801811,0.024282828565584946,0.027206345559942946,-0.005044192610556886,0.009523888625594168,-0.0074008317166806,0.00167942853962888,-0.005233243570830326,-0.02975918863547755,-0.009881572503100844,0.004457978342322422,-0.0029040810234515213,-0.033664295869629934,0.012333797387020784,-0.002424543796191947,0.020172520955805684,0.007145467821247475,-0.0033337667855427577,0.002871411297694415,0.002000437189895843,-0.06348224301344474,-0.0137985064515872,-0.009146332820563763,-0.02670837749147692,0.0011736210426827043,0.0033638914766265238,0.007100403762447138,-0.010000051989667025,0.0,-0.027515020780341737,-0.016298272785857937,0.0,-0.025990917918258583,0.03456796870361423,0.0008674718175991636,0.016393495228471444,0.002992487856398718,0.010285976859690127,0.001362803619478603
2022-01-06,-0.023489826048270213,0.008891049731093226,0.0016602237677683096,0.00013342639604929651,0.013550122368818363,-0.012658234158423931,-0.007786078289819143,0.0007042486227082367,-0.0014983914658599495,-0.0019633333439436074,-0.00032294138533850436,-0.012216084985549491,-0.013385093367098144,-0.015191487487222322,0.018547850206474426,-0.006161958204630391,-0.006571149978159996,0.00949265555156975,-0.005685523461892439,0.015989594669247875,-0.00995373381888609,0.022041033385842734,0.002683475518950207,-0.0016403774527369297,0.017699097866309854,-0.0021038899146674783,-0.008895500865982897,0.0022469282615895647,-0.016944221141958593,-0.014354107815526262,-0.003543532124530291,-0.004505865647830398,0.0003188193495078373,-0.03687393318919341,-0.004610335453219094,-0.0021829808399815853,-0.005606018159354131,0.005694907195320065,-0.003425854435735398,-0.006153840285081147,0.00928491795252051,0.002481883796347173,-0.0006339729962546725,-0.01426158127166377,-0.01588478347796196,0.029874342566004186,0.01328852371514877,-0.02459433984789916,-0.007891094309454894,0.0055768948337606705,-0.000997789289707729,-0.0006050628637473965,-0.0007941173967667137,-0.0014278381910302063,0.11996257764456453,0.0009115055379389503,-0.014201129520870714,0.02393227745470905,0.020905923344947785,0.0038655007926282625,-0.0013309134817656165,-0.0610542517003666,0.015526298903699942,0.0076923370361328125,0.01945370354821918,-0.0011722452709654885,0.007162373328527094,0.026831184966583876,-0.007173070297631923,0.0,0.03094601368788208,0.008424410304580743,0.0325059165993542,0.0003376175570410922,-0.003580014213285132,0.00693546546823165,0.0,-0.02685412338370763,-0.004812948990195687,0.01701250085477768
2022-01-07,-0.0034365076533647843,0.008523477920992839,-0.004566964887172786,0.00941483519080144,-0.05080215420747913,0.020512845295787674,-0.00453814866956781,0.007737443411785838,-0.015406135749483352,-0.011803298700051257,0.0,0.012223375806115655,0.004375169984677907,0.03294626469391382,-0.0030941010611612585,-0.01391145953477968,-0.0025986061565432816,0.00036149743276858715,-0.005932416675901164,0.00738692227408988,-0.011656722791605678,-0.005908237250789261,0.0010035274843513964,0.009954586002757226,0.0,0.00351394497330193,0.005880415784783821,-0.01718976790580251,0.022617126634633333,0.0485437332160501,-0.009246096056977349,0.008678951463648943,0.0006372780419066082,0.009714274450213223,-0.020631384876416803,-0.003662506337792082,-0.006342423443977063,0.005397178571387551,0.013517397167496448,0.0023219607425728483,0.016559497949694357,-0.0012377660100933996,0.018647741048782196,0.04030323116804979,-0.03666188971223083,0.022900510505545757,0.01311405704729407,-0.021203735211797414,0.010917146594634941,0.009326636756388229,0.018981059025760416,0.005248056197974416,0.005357184652843072,0.0,-0.008368407133141909,0.016846194424437133,0.016046809426580877,0.037339838091478894,0.017201394351269217,0.00969760999312741,0.007997149310297713,-0.0002019817553161607,0.0007999178118667238,0.0366411853632691,0.004928492437034748,0.006894794760502698,0.006052419370209394,-0.004005187780079855,0.006045614810228139,0.010617819883870894,0.031732409125305505,0.012531402665924007,0.0028620948812858593,-0.011160660610158635,0.01676642924235816,0.012914453696511119,0.0032257692783697056,0.0013140927281540815,0.021084191486230308,-0.003680132896646704
2022-01-10,-0.013793174916467366,0.0017189719659085334,-0.013948974527643765,0.01355106108277404,-0.05915494111766195,-0.002512592293538951,-0.0013297581280610205,-0.000698240703405073,-0.01717131943981831,-0.01791635763483701,0.0019386077103356048,-0.013922369529504541,0.0006223494849277866,-0.05918168788160871,0.0012719629396469312,0.008686326488579033,-0.008645186109675351,0.0010846383757399103,-0.005176679046854926,-0.000478162726843423,-0.02432515727653295,0.017533283475025696,0.0038432190393324905,0.0005742276465841023,0.0,-0.010388832196121522,0.009846179234674679,0.02281378002095158,-0.00383467767894341,0.0583333340978609,0.09332370485142949,0.002916643628536608,0.0035033476301802313,0.027730712617333175,-0.016337214406138112,-0.006178503213746245,-0.016454193911100146,-0.008536409228540598,-0.004943913132278599,0.006949818835016552,-0.0009049987102509593,-0.00954270318687811,0.025778106184125793,-0.027152705453730053,-0.02308387191680661,0.0029845915946844492,-0.004509892333621868,0.004391176887901471,-0.03178032809541875,-0.011238543904652731,0.10294104931479642,-0.008433535976347106,0.0002668158592713521,-0.011724409349931242,-0.0008439218859805919,-0.011044843929070458,0.009332212487536351,0.007510502657248841,-0.04576571687482556,-0.0021186922836139432,-0.0006609842913508635,0.00605940549660855,-0.0036412810941940377,0.042709862073973426,0.0020123156627984695,-0.001602646321193446,0.0010527170032705868,-0.0013405671773379924,-0.005862525500353488,0.021967481983799164,-0.008312504573157797,-0.001925121890598902,0.0,-0.0034356484851024716,-0.012367394391841202,-0.010412402379372465,-0.019292618921269655,-0.005249569975508961,-0.006821467029467954,0.017797328373916343
2022-01-11,-0.0034965001564449816,0.007864561875217113,-0.0019512529901070108,0.008725031232493574,0.008982027593025244,-0.005037771773923838,-0.004850148829056433,-0.010710025458819827,-0.00868409196875819,-0.0337837833483956,0.045146680434996256,-0.022763392627857426,0.01068221271248282,0.03292200582062921,-0.0010165003567532693,-0.00031980726645186586,-0.00645090320661712,-0.010473119433605071,-0.02189947105102874,0.012280828935726129,-0.017226031299248823,0.021028014510756643,-0.01140236529092975,-0.012719958393464181,0.0,-0.020169839878116713,-0.01950035448396048,0.0,-0.026499538650309074,-0.03237094164787224,-0.044648678393959806,-0.003489741674430058,-0.004125765815540139,-0.006608065069767632,-0.00961532685789901,-0.003133807135748734,-0.007931835442687163,-0.018995184140579657,-0.01063043808584363,0.008435556518331166,-0.019927548267364426,-0.02352379745058375,-0.008498299865143721,0.0857728895460248,-0.011404012741820568,0.034226413600089156,-0.00882565301986149,0.0029148168624484327,0.011153649007989541,-0.023238472454591985,0.0,-0.022883926343874816,-0.007458554346153168,-0.016203725322711082,0.13175710136626817,-0.006187813256594343,0.008001589662585573,-0.00981826317813339,0.0478199943578963,-0.005095553354288129,-0.009262302192114769,0.014454915652375222,-0.005348688233851484,-0.04661015921781464,0.005898353895917419,-0.012840970796437867,-0.00991566130823418,-0.007286830288430801,-0.013858266996782387,0.0,-0.008382261434338956,-0.02728015844807885,-0.01084483477491216,0.003964640326329372,0.007751849822994483,-0.02168763181557465,0.0,-0.016270671343439513,-0.005197639279972743,-0.017156048018814984
2022-01-12,-0.03859645422914548,-0.0008509792381630188,-0.01729452508840179,-0.0026678139262469314,0.017804208675266997,0.012658234158424042,-0.004204899713805776,0.004471537239997714,0.0006255766394176465,0.020979034037302835,-0.006788060828443077,0.001621670141259024,-0.004524559487849911,-0.019541010785037005,-0.00880021818643828,-0.015109799194981899,-0.003607092846177662,0.0007301347261883251,-0.006650631329247703,-0.010556462274028622,-0.003997735627128796,-0.004290341624252458,0.003619964330757064,0.0037779190283202535,0.001739170240319332,0.0014447505200378963,0.0010877596658716016,-0.028252761953333816,0.004597919756782698,0.05605791737678967,0.013058390233169126,-0.002918083943002525,-0.003824061827305103,0.010532125981152607,-0.006619812032072958,0.009328471355513512,-0.0027616937676494535,-0.0018095898056424975,-0.008525331119074941,-0.015209111411935483,-0.0009242362370261992,-0.007047661167222774,-0.005754893069361056,0.034796379448113424,-0.01476565736543245,0.0,-0.03021495723150802,0.0026154773278388443,-0.002836597483706682,-0.0010342660859840036,0.009777509207444579,-0.008911888237765675,0.00026819669124233947,-0.00735290112544662,0.06716406218412652,0.0028854800078934595,-0.0007055859009870158,0.00853839480117169,-0.00442955477925755,-0.00199161490109645,0.00033398615004176513,0.015535361238000256,-0.02312242754398497,-0.017777760823567745,-0.007236201109777851,0.0019212988343848547,-0.015022692759169232,-0.00560159647514713,-0.006129536496259247,0.0,0.018596810519664553,0.003965859543401784,0.004039290409831642,0.011504173790622074,0.0011834989772128157,-0.01646167035564372,0.022950797051757288,-0.014305157322307305,-0.00261225731170478,-0.004531815331178524
2022-01-13,-0.0072992627949434175,0.00681632743070093,-0.0010329426008038878,-0.003926542064980554,-0.011661796231637989,0.01499989486219322,0.01717838272259642,0.012183857088231553,-0.0041686008516746975,0.0,0.0018639943301741457,0.006476044484874599,0.0019635247127256505,0.010835923167131334,0.006415130829283022,-0.007488215857355374,-0.003982207176870589,0.004740901352705773,0.007662063729843016,0.02579633829656447,-0.014664912924857831,0.012927190038430458,0.005200993231824436,0.0051147117429057865,-0.013020882486467267,0.00901538985538508,-0.005587482160474777,0.013772018146279486,0.01281580863691012,0.014579758407699206,-0.008141104981169156,0.008341765079353358,0.009596893038177123,0.012068195479602695,0.0026655897703378173,0.004595456854367352,0.00043706788959352316,0.004441438020725608,-0.006066573136310094,0.004633237104279431,-0.024051728837368058,0.012130904155829736,0.0014779348691680294,-0.03362630575367043,-0.01929563141417545,-0.007194138256474192,0.01420095875553562,0.007535915353058309,-0.011061720377110285,0.002330027192880335,-0.008802462999817684,0.01254693566705356,0.008049389456123324,0.005037094058365943,-0.11398603589918577,0.003937008660500174,-0.01959402308256797,-0.005370908452959622,-0.002561612736984964,0.01867404116194238,0.0013349845699544005,-0.01636941168022199,0.010458599102776578,0.039215648198612785,0.008545967245970454,0.0084096058295271,0.017408569444415933,0.013014818174275966,-0.007972281147485716,0.00467291510524781,0.019087098638651767,-0.002539466076426189,0.0014366177046396533,0.0011882425260247853,-0.0005911543520294993,0.03459037998082404,0.0,0.016326835059390143,0.0013094085374376618,0.008598882752871129
2022-01-14,0.0,0.009167814742535363,0.005285035227235335,0.01953637467255942,0.020648947220246905,-0.012315208987243809,0.0005662011261831079,0.010416591076992221,-0.01653589852791537,-0.0068493410175966,-0.0003100237183505383,0.001608893032386094,0.009689408663776211,0.01627116952423946,-0.025191236753718593,-0.00729915033154982,0.011025111186629521,0.0021779379805424437,0.0033218795000140577,-0.004035843618446333,-0.02068008221946105,0.06834918937081769,-0.003755430029918738,-0.0010561877534952524,-0.001758971353619465,-0.005003375042155089,-0.0049944767914770205,-0.007547306362853057,0.0038866432242945503,-0.019442069860916344,0.049247624669271683,0.014513561926074336,0.0006337216460046147,0.01463406366976705,-0.020824281969722302,0.014181283563533098,-0.006556825928435095,-0.0038803269560409026,-0.00545128989095478,0.005380453004821817,-0.0028438486692057285,-0.006375161765085791,0.0007376631161708502,0.003134836910539951,-0.024832841691248775,0.027536635718462543,0.0009657081662275413,0.009206152327673411,0.02221145639582689,0.012654833051830794,0.0017758869732300564,0.02891379346680001,0.011445155777363603,-0.010023619811127316,0.03551695670297139,-0.01583710722372267,-0.010622992809536602,0.004484543011165076,0.0,0.011335491296531552,-0.0009999952335785212,0.04943042547986387,-0.000363091707601515,-0.034833058892435265,-0.014579630665057075,0.00453577235989755,0.010448321560744267,0.008437150374303037,-0.0033358988066821693,-0.013953452886537043,-0.004885950101553127,-0.01131540311037793,0.011477884501607027,-0.006781898751067161,-0.0035480494326372014,0.004314071497522498,0.006410339860942527,-0.0071397125106748005,-0.004484280937459562,0.008525646275862053
2022-01-18,-0.07720589611677697,-0.003913394200717679,-0.011848081878418126,-0.0065004447871699345,-0.005780341244511877,-0.007481244626001304,-0.006034862662673723,0.005956712618388371,-0.02298588705478888,0.008275854176488462,0.039081760950723465,-0.011096376195561364,0.003198735203669756,-0.00941794609658797,-0.011874773390389226,-0.013717126261761026,-0.003954427631541413,-0.009779036972893285,-0.016628683254410692,-0.00779306245139777,-0.00863829564923857,-0.0034507763119617785,-0.008376629785834644,-0.020857230061334553,-0.00881060600077066,-0.018319200383670298,0.0,-0.006083534228569998,-0.01107398949362659,-0.059482846463408734,-0.0052151188337868915,-0.009155750198567847,-0.008866405944466194,-0.0507478481080863,0.00542998547568474,-0.006064381666165186,-0.014373899933465939,-0.013227011356501062,-0.004409124047651702,-0.006116202153874872,-0.03992394294615065,-0.017451641524650285,0.0019662213259390438,0.043437433865979536,-0.031341791000841,0.033850138338784364,-0.013566397470842095,-0.010832541836027776,-0.013443812908997432,-0.0017853225503958736,0.00886538448398877,-0.019470048216375657,-0.007105113155862486,-0.0196548293386396,0.019817322607037058,-0.00045970281267893043,-0.015286409965779457,0.0010935985303404117,0.025006736823129705,-0.03390088007104319,-0.00266944560502691,-0.027940369306891477,-0.02325167646348536,-0.013533857337925004,-0.030601768963407272,-0.009466934159695573,-0.0019481513463942557,-0.015211869196321115,0.0006084223850117976,-0.004716998956176499,0.017184945463019297,0.00028614085243794385,-0.012765915591836485,-0.002731360482940981,-0.013056489456746756,-0.020833196381156882,0.03503183274014976,-0.009887650024941408,0.0028153944819739873,-0.002155098486747442
2022-01-19,-0.0039840598027532925,-0.003788410449142021,-0.009676912927158221,-0.010820087490860053,-0.014534869617614077,0.007537635521237318,-0.0006640016043423236,-0.007743233408384453,0.0006533768735739187,-0.008207926573078339,-0.04179100523314083,-0.007530070130630118,-0.011894552100521705,-0.0098879829664551,-0.0009529974973355726,-0.005972488372721907,0.011308837919942416,0.0003657518490334244,-0.006808771636001354,-0.013352337672719816,-0.005809494416972316,-0.013052662807976678,0.0024498679278768254,0.002944821105211215,-0.022222222222222254,0.0019515646558669886,-0.00392167208788563,-0.0038257055226577075,0.004642920547847096,-0.0394135676156826,-0.005242458879826439,-0.0015883212329487195,-0.030351470602509867,0.0202588258159202,-0.004050421344550248,0.006655828541602515,0.00877983269759941,0.006610250993942746,-0.0031118935827554317,-0.0076923370361328125,-0.025742498018628046,-0.00339568729233497,-0.0030657122925277225,0.02964955888678822,-0.010414693900576588,0.0859482323641223,0.003973034410373444,-0.0025934978935180375,-0.029313958696220555,-0.014562960316177986,-0.046572967245465446,-0.0063462176794442104,0.0007949918303282733,-0.02794623658938511,0.01868455546517911,0.005059865716640299,-0.010534337153546569,-0.020387775147605702,0.040221486861605316,0.01632738427033087,-0.0023417131931622315,-0.02340260020247753,-0.015342996353058025,-0.0015243524591314062,0.002739227594564575,0.00470506822070349,-0.01186186402017253,-0.009461471850651604,-0.012771727218386375,0.015165862039758338,0.023330648007488186,-0.006006908509898268,-0.02040220065098941,-0.016432735826050537,0.02104632646948401,-0.0054838354507932285,-0.015384588744745131,-0.008624680130564277,0.0013100869075093335,-0.02109620960159042
2022-01-20,-0.007999992052264315,-0.02971837876974326,-0.005878415952883964,-0.010376187419531724,0.0,-0.007481244626001304,-0.0030378894060262285,0.01147578586952247,-0.00620452936105087,-0.04068966569571664,-0.016199331555977192,-0.004611726716770015,-0.010369780558907693,-0.008834004218056024,-0.020984534738975102,-0.008655498996044675,-0.00915993968963602,-0.005119120079049355,0.0013561549096205994,-0.0495143244783125,-0.006329806391986548,-0.04345488831682787,-0.00261225572946977,0.001370361679079446,0.014545440673828125,-0.0013391142643461862,-0.0018897961748217673,0.0,-0.003262471758263663,-0.020037838049561385,-0.07707510229067793,-0.009689002774867728,-0.0326194103706019,-0.02040800884996119,-0.024853043827052113,-0.0024041519884044904,0.002065155927841067,0.0021890793666867747,-0.00798401044435626,-0.013953438513510052,0.02947166519679434,-0.0005241512250347968,-0.006643234382368246,-0.06602665195520896,0.010319773779523977,-0.13316593106508956,0.0025571196137601504,0.008090095436083189,-0.014691411159147849,0.0031111885040515652,-0.0073732233614707265,-0.00515017701933651,-0.008474408410842571,-0.04500012773557727,-0.02714636965367634,0.0006101541593561688,0.009525620317954342,-0.004273869062203728,-0.012043572278408354,0.000422990713018212,-0.0036890520008344696,-0.0262504038204171,-0.0052884895035083535,0.05954196261509437,0.004163057298920414,-0.006585604541326506,-0.02020968419997604,-0.02007776111859405,0.0036962629622596666,-0.026143765823892218,-0.025943389683838247,-0.014963963698585436,-0.029627303102722435,-0.013400584723982978,-0.008244975817529476,-0.015438789229840766,-0.03437521481307371,-0.008241553874689944,-0.0018692113635354612,0.0011879774758509765
2022-01-21,-0.08064508052590458,0.0007259131067045566,-0.0025845334591927394,-0.005154886663369274,-0.011799468741531816,-0.01507548308154405,-0.004094486867662672,-0.0070345756751979405,0.005586239094550471,0.013659276501930773,-0.04211527484922062,0.00029887855303090127,-0.006594811229091113,-0.020345220885932158,-0.019377620325765732,-0.002818537064116944,0.01001923744176092,0.004777960911157786,0.0030094294079585637,0.005192695733535757,-0.0016337537114057277,-0.04035015761632543,0.0008450449726802312,0.0065487761414686485,-0.007168452042999429,0.007557434922805806,-0.0063111001296156655,-0.0007680140833405957,-0.0051820474857688925,-0.05939649909259026,-0.011420402912076133,0.00803127649453761,-0.011920923043477805,-0.013513676220627824,-0.006487412902627776,0.005975102646394115,0.005593942873375335,-0.004641504467946422,-0.0022996989361687703,0.010220134568541539,-0.012833221918666649,0.006949057553486959,-0.009535564549082776,-0.007785603596536905,-0.010113102683446229,0.1594204131632877,-0.01566785454598396,-0.02636826326600039,-0.020377513053480345,-0.010338693821826395,-0.025998302594916867,-0.015531094899638664,-0.003472360950084963,-0.004581071662224434,-0.024886697954221604,-0.0022871354280784573,-0.023311509648623274,0.007931306438695662,-0.0186064024453223,-0.004225978676533959,-0.0016827544986619536,-0.012049426136001129,-0.004746969928774214,-0.07348706407447725,-0.0015546610968618646,-0.001031338235073953,-0.0034119580213370915,-0.033419609328649846,-0.021175293735089862,-0.0047938820011396155,0.005649692726759525,0.004382123668017712,-0.006046109536138267,-0.006350268721417862,-0.011282705002430116,0.010752667107699176,0.0,0.015235418639046205,-0.004494263832019674,-0.007796557274383442
2022-01-24,0.01315777147081243,-0.005077080062951489,0.0052217530250711075,-0.007201837919577958,-0.014925359325276832,0.0025509788523796484,-0.02170367708505816,0.00708441150403738,-0.005446173605323179,-0.03120571079103429,-0.024462863894815112,-0.001195157005327352,0.004315050700551382,0.004944814994862767,0.044433211459671496,0.014833515484182769,0.0,-0.006583766542709646,0.00022498013662208827,-0.011664682246897873,-0.007035287615666186,-0.007644529258090782,-0.01333795986135844,-0.003884309832744459,-0.03068593456038282,-0.00810564240672762,-0.011273353679551401,0.0,-0.01124114297897405,-0.06832275495369411,0.05342958489071448,-0.006953454751650878,0.004481227844508995,0.02796790291794471,0.02285436247934225,-0.0021463106662187315,-0.003220398466318497,-0.009417585086300195,-0.011524266464037258,-0.007782130622652095,0.017999919826126476,0.0002606760526036034,-0.014378340239420195,0.05806629499317695,0.00991012907240374,0.03125008973561738,0.004503882223223066,-0.07447773936040747,0.017757298110545827,0.014886709091929129,0.04861795645430078,-0.009045082511899616,-0.005628385094070154,-0.0006575003350555164,-0.08352679312654832,-0.01665635041503455,-0.023679132607040798,0.01721906858503197,0.0,-0.0005658594567657937,-0.0033714785493978994,0.02201547548752414,0.020222980387803124,-0.03576983284817814,0.03243805972657676,-0.006488591996244075,-0.015406234445090594,0.05227408879932227,0.017557952114246822,0.03564546064352436,0.08025682158414482,-0.007853421439372066,0.024938935184629862,-0.002485493075445433,-0.054054076986589594,-0.0019948344592656264,-0.0032361301242950224,0.01227800179705718,-0.003762143607162871,0.015544703665938409
2022-01-25,0.10389611087779693,-0.0032071578308932036,0.025270402608096765,-0.004600351947757542,-0.015151500920837613,0.025445380227651082,0.015637022284212154,0.005899730382671775,0.0015330776219575348,-0.02562221315556734,-0.012199166769484515,0.008825714216335045,-0.018324667765094782,-0.001181066996086777,-0.022249165110466707,-0.03074133306485216,-0.02306687569265098,0.00441818826182816,-0.0020248019389548233,-0.003709293329977714,0.014499954227372935,0.02607415205491459,0.0064167746841905515,-0.0025345721415256373,-0.021415227852689456,-0.0021954563748383116,-0.00802953573898546,0.0,-0.004806579312899295,0.01777754136325993,0.00891022022490251,-0.0030634542940918275,0.0051475017883513274,0.0,-0.0027360884747855696,-0.025760239252382133,0.005727514960795377,-0.007568800930495279,0.028594253698031924,0.08235295613606763,-0.014734751004111368,-0.008071003995228199,0.007991715741700656,0.051320048196677126,0.047445588368936864,0.021818285886219035,-0.010993880813648826,-0.0038167117425850217,-0.010302350018379647,-0.004117637613942349,-0.0018184405400641923,0.005094452300880903,-0.001886768257707283,0.005263115296740395,0.08016915014018067,0.005749806928593282,0.019402616893398283,-0.005278505213621498,-0.019351507478711616,0.004812496017062573,-0.0006765618897472958,0.02133904210819426,-0.035250007701095654,0.03225811165403902,-0.019605466314875253,-0.0017812695480785568,0.013434569882220915,-0.005085077335499122,0.004159379235744609,-0.007441853368005069,0.10549777654305537,-0.004397675663324607,0.0002970107434425717,-0.0033813541844369688,0.0800000508294203,0.009771456553130164,0.00649359109410419,-0.022012191269029313,-0.0011330190769940351,0.00033671891921494
2022-01-26,-0.03529418066976231,0.057042766838234726,-0.0016377854261993008,-0.011109157661807978,0.0030769201425404624,0.042183631835593705,-0.002597964203779224,-0.004511596105493565,-0.0030615532323350347,-0.02178812567320554,0.021955345542368,-0.009490028936254724,-0.005312035720589026,0.0009855230682147553,-0.007837328406187671,-0.014756484540628168,-0.004281812184884992,0.0007332684846581561,-0.0021790632862361825,-0.01624658786490396,-0.01266865174080234,-0.009529507007508542,0.00467580658522615,-0.003616178114084434,0.0,-0.005256073245589632,0.005504308352600296,0.03689456639697686,-0.0036219924904947742,0.05349353371663246,0.014266306680533747,-0.007901453933177649,-0.013656459551666167,-0.03275949206019213,0.0013717477225068109,-0.0032859763086906524,-0.007739182695006397,-0.0044641614578463384,0.004474218151263587,0.02318838336241935,0.051844623790398225,-0.010236306301772413,-0.0040272431281486165,-0.05953698206887681,-0.03109906582283717,0.04389060824627933,-0.023908603222207225,-0.028735585231417837,-0.0026863277767609217,0.010077714798218285,-0.011839551114200209,-0.0006335295982705658,0.0032404505475200907,-0.014397789838099806,0.010156022795232422,-0.00046339942890438746,0.008945422261937841,-0.015279077736455204,0.01333333333333342,-0.016903849857690112,-0.00846323325984244,-0.0411922705977501,-0.015797671250836087,0.02968750849831836,-0.010895742433663091,-0.0034200873008155552,-0.007486087484347315,-0.01179465527268908,0.01748981958591278,-0.03280228481416225,0.0033602278461233315,-0.010011586741240808,-0.03203813002430855,-0.005535826900579854,0.0135213588065497,0.0017592701130153543,-0.025806469944913535,0.0,-0.035538874306303536,-0.016142865906137782
2022-01-27,0.012195312794209823,0.026705050801319796,0.00782222032019364,0.00656081741187764,-0.012269926984675661,0.01190490223841234,0.011384306120533871,-0.0033991646706558187,-0.015465582810943457,-0.06682033860564318,0.007049369560126362,-0.002395238113065856,-0.08371566385030382,0.029724394086059647,0.010350954070593277,-0.008091844245958102,0.016095142463831147,0.0025641698494272003,-0.007681419530583988,-0.0056769200394425345,-0.009870004681996836,0.013411074576569204,0.013792393272616277,0.0127514380504401,0.04281634628594233,0.016957710133904236,-0.009821414534926243,-0.03039260427857582,0.021532211559467163,0.01450773505676528,0.004688526014293037,0.008111892350908922,-0.006576881879293839,-0.0028701110315144662,-0.0050226523393603895,0.0012363254155227654,-0.007947319161828337,-0.004110754551096996,0.013125136034128237,0.006373948535221663,-0.04739340242211687,0.0010607839765333082,0.018195543772276945,-0.021849388288395333,-0.00877206557875232,-0.1693180310227831,0.009988642240970735,0.002958463678806922,0.006060371327397229,0.0071627556771085565,0.005530009059357965,-0.00021150733835939572,0.0037684582604828876,-0.013944328792150906,-0.013147729488824478,0.010975354007221272,0.014445981278580433,9.291527637733665e-05,0.014473664133172193,0.0017196679952371507,0.002048395858865071,-0.022513648879689208,0.014081864762507834,0.051593272819153935,-0.009720540017331691,0.015069977372586196,0.018070512310223386,-0.022478629495819025,0.0013574063555226168,0.027131850283477865,0.030140643005153622,-0.011005557384137332,-0.012565072362246577,-0.019392896006130478,0.015081242859124266,0.01580677656257823,-0.006622521385318159,0.01745495794821128,0.003332140129703065,-0.014869175709858129
2022-01-28,0.004015960104924554,0.023180464999899897,0.0290809530373477,0.02294635868312822,0.012422348291186713,0.01176457817565879,0.01221035405306714,0.013415046848990198,0.008689566231633972,-0.04526742833981068,-0.06599996890162607,0.0138057552911246,0.0064439637504178915,0.00611733614372012,0.01035257832275227,0.024738676435439144,0.004232415039846282,0.01790258287714308,0.020186632366723245,0.002595227258971766,0.013125151335835028,0.007192097255957375,0.00358906398167691,0.014334250344238741,-0.005474490821885447,0.022595333099679538,0.008455353749499794,-0.003058208103310589,0.014326296279759898,-0.01940738009057774,0.004000027974446541,0.015069448770589577,0.02229976732166894,-0.005757092974072564,0.03120679717879482,0.012656360596492888,0.015427974726909488,0.01688561270673916,0.0070342496318489545,0.020408160526004027,0.0,0.011920647165523324,0.003971268015068308,0.007769543082018382,0.005430546315814855,0.005834737604412554,0.005606461042594102,-0.0026221732640214768,0.0056896347066988096,0.01397005801613127,0.06966050853659111,0.014585767626779544,0.014749382858562976,0.01346799397253573,0.0017286424159594915,0.00963296157775595,0.01798772855708597,0.010033372409156582,-0.014267165964864659,0.013302473275831561,0.01124363400655115,-0.010670875287447368,-0.0077685600088465145,-0.02308800164147584,0.024342655026970084,0.014258488798726932,0.01373658343182771,0.00020329021662801594,0.01867169707337868,-0.009433997912352998,0.008452543138725677,0.011729429838088334,0.00217249058740987,0.032777831768590726,0.010857321306853018,0.012967578172360161,0.01333342468106391,0.007223319435301079,0.03340497569237377,0.0006939712038007695
2022-01-31,0.03599996423518936,-0.012117654946550926,-0.014597598337271367,-0.008728319567235965,0.030674817461689097,-0.002325347101150177,0.010460917222446131,-0.0024677280546256952,0.01866617084549338,0.03448272460139301,0.01498927017444407,0.002664228646747535,0.00917580823944708,-0.020140746896844863,0.004170506981717725,0.011628529448424185,-0.007224538955590942,0.017946947739297503,0.013241362362497622,0.011043989674534904,0.018202617978049673,0.004284725054114258,0.0015802110572682437,0.0031509288289657267,-0.03394494481725241,0.02150535614430238,0.01241544919177584,0.0007668360760217929,0.005487609785993275,-0.011458567414789678,0.003984028172019816,-0.010089396316989463,0.011247461409595205,0.05327168992895692,0.01735654607296211,0.0012192799219123973,0.005989972078660921,0.01678983340281892,0.0029108827157717787,0.0103448012779499,0.03482593731686112,0.013481347483756068,0.007169088829890757,-0.10118868363901123,0.012602419257266018,0.10497251953765052,-0.005449954723629524,0.002300572728292982,0.010482449621732615,0.007264581020006489,-0.023135837051286523,-0.0035781733464380627,0.0021141379408515792,0.01328910545964157,-0.00862759039865102,0.00757238372613811,-0.030185771243166015,-0.0005517482152995745,0.00328947368421062,-0.005429171228667817,0.0,0.029794969390354087,0.025445210133260066,-0.09896603813612592,0.008049166778639982,0.007101409389729696,0.0036540365579400547,0.014852677470682751,0.007834400804703323,0.006666637602306569,-0.08510642353444364,0.009215244580737636,0.008981171738636107,0.007801428627689733,0.068400066791247,0.00149336911647735,-0.023026451347035515,0.024204394527022055,0.006238151088796329,0.006934976080116728
2022-02-01,-0.030888001268108867,0.007066563062392062,-0.0010254487485804598,0.006780004669509232,0.014881009611887874,-0.013986306539294668,-0.008767063101818962,-0.0026994633591864714,-0.02461261307333229,0.0,0.04113928666995137,-0.011662459261741365,-0.003152081212815294,-0.004653676673482043,0.003780258472771525,-0.002559118802186844,-0.006428329738925709,-0.009873170705380963,-0.014903721193720187,0.003072184171736936,-0.018199324528895833,0.046928601658034585,-0.01619211094339712,-0.015324666109525542,0.03323840364153252,-0.00462679729507165,-0.017837315273968923,0.015325786241573658,-0.015746655208306537,0.050579939418057274,0.03439156492721396,-0.006260929940522519,-0.012470460164575536,-0.005497675365663257,0.0148732004692822,-0.006799915165609849,-0.02236440491364522,-0.018236441938905612,-0.008183772976101511,0.016382302460193454,0.016345991273359006,-0.019501502236701995,0.005400366539170642,0.04789132976695942,-0.015705114616116567,-0.00249994109284557,-0.004346085429776658,0.006557304305623068,0.022723561416287508,-0.003979172328608893,-0.007017496660965183,0.005703394642097903,-0.0052740738417386135,-0.00852465113987444,-0.01424038216157697,-0.004058452288729142,0.007211932087714201,-0.005153701500201224,-0.003278688524590123,-0.005315320260003031,-0.005390538499430941,0.056517649393283964,0.0006681497540619308,0.07704922530767133,0.010519667615425332,-0.021585848911181538,0.005916200112678904,0.000601335076556353,-0.0005868839269608239,0.0,0.054263599755714154,-0.018556767688867493,0.0030692835591397127,-0.008620691726149099,-0.018518602726661948,0.015125667488310235,0.013468024008768342,-0.01619234495878641,-0.0005637776671554295,0.0017216320520638817
2022-02-02,0.02788851757016575,0.015357918720166897,-0.001254791925092369,0.0010931487872380963,-0.02346045751055914,-0.0118203378867755,0.00479858009287204,-0.006088993023664169,0.00878180250849403,0.008333365122477288,-0.007092222311913088,-0.0032857681731932598,0.04195721749156589,0.005259904529552495,0.005039259326648171,0.005473332629492678,0.010742221542900499,0.008547245365665201,-7.436825375906064e-05,0.004083883830147128,0.004429174046162387,0.0016296554679477993,0.014770528951282502,0.014982936433788119,-0.011029401130226768,0.012782990118119786,0.0038915207437926203,-0.015094451898345795,0.018180255517369792,-0.017051346309301718,-0.0006394008096108905,0.007618999910198321,0.014334484858059549,-0.02432284749195135,0.03534477911182088,0.014356684892042448,0.015745963314911515,0.019635252325786334,0.011059900671528844,-0.00873069922387304,0.006622434156704937,0.0032930772587753676,0.0010986557648549056,0.028649288635595793,-0.017360986137605505,-0.0802003390374747,0.008350446400126499,0.0192181532233755,0.0030591848118177722,-0.003495532713198579,0.14840973104277788,0.0008403314131477657,0.010073919147055799,-0.0003306195525201172,0.018459006145682855,0.015393840525846247,0.014885993244499351,0.012765860432951248,-0.017894744873046875,0.017764328035329457,0.006435934457992953,-0.02179027926145838,-0.004291831568259075,-0.010654515956226462,-0.001379867301824489,0.012060741406862752,-0.03227249950505906,-0.010619078832920015,-0.01555606482639349,-0.009460684075930148,-0.045454565738090036,-0.004801873398447953,-0.010403804806402794,0.028571493190703512,0.004312722897478638,0.017208927254318107,-0.006644442114145055,-0.005782829320353455,0.011278230637790765,-0.00532839592610701
2022-02-03,-0.02713185048130684,-0.01330048906417236,-0.0006473130294427643,-0.02136010515687803,0.0,0.07655519039718284,-9.36995799466489e-05,0.004311223013715448,-0.01168058381816206,-0.0008264651707904358,-0.013605467966766205,-0.0062941286257983675,-0.012216470468665586,-0.003294451222469852,-0.010872499001241098,-0.002828055081069425,-0.0008452973244563733,-0.006003067964511555,-0.007080371928373519,-0.006778743413289767,-0.011922289521584917,-0.025494840739671343,-0.0014138598608064434,0.0040953732708683965,0.04089215344087638,-0.0018358133806614108,-0.008399283196370066,0.0038313240912688507,-0.0003572133335048022,-0.013265155960735964,-0.004478547300811875,0.004071843738804537,-0.02826398860570767,-0.02662889110445177,-0.007909924905937116,0.02709785521643404,-0.00877460412876474,-0.00775752477465963,-5.769776532960069e-05,-0.017615191385503937,-0.01315779152432306,-0.0038072731613789657,-0.036580996879782224,0.0006632197580882515,-0.013173799118343932,0.008174106779416768,-0.029485809658393647,-0.02141258751939723,-0.013483299620130285,0.008018054889409987,-0.008461551108549847,-0.001888891996821962,0.0049871139358597105,0.007939068867313548,0.04176513775305368,-0.002824019947884504,-0.008912083627456435,0.002009441096056497,-0.04541799862499174,0.002128438211587813,-0.0010096823173350034,-0.027995191782118067,-0.00718397038876073,-0.07692307692307687,-0.004019473548723007,0.006394294323981198,0.007947516510839137,0.0024301270562969712,-0.0020869522963374854,0.026743049267433205,-0.002100821675922404,-0.006936011863906244,-0.005565857363153848,-0.0074189205404647796,0.022544234975502286,0.05219717296209869,-0.01672237874194804,-0.002237224459524123,-0.00018584149308231712,0.0034562183811646108
2022-02-04,0.019920397964659387,0.0005289026063304281,-0.014399929314797721,-0.008614541098702078,0.0,-0.027932976609226445,-0.009552222415563527,-0.0018071756767156222,-0.010145974137621527,0.03804797620689104,-0.012413774254560694,-0.02035897281872512,-0.0011028350071684567,0.01030518042082118,-0.008643984874360022,-0.003262755354651814,-0.019461043904206554,-0.00923599331652547,-0.009157887935432485,-0.003924279424150079,-0.008464599269407125,0.016977179420904154,-0.0004998622634290184,-0.011192217103888402,-0.024999976583889194,-0.01034602638954063,-0.0037464889508255217,0.012213833837430688,-0.00955609510430877,-0.014478032957187414,0.008354701623446648,-0.0163649275527874,-0.014196559896892835,-0.039580979251751636,0.005455054775747703,-0.005590340376088521,-0.020172046086901485,-0.01214145307451242,-0.006540888263427691,0.0006896709573680493,0.02285726226028295,-0.011992482808413252,-0.005695380952312812,0.004970239389914477,0.0052777804985637555,-0.006756725201912506,-0.006270017549204643,0.02416720903352987,-0.03660907520187662,-0.005965735490071955,0.027152967845977427,-0.012405373030527023,-0.014103016480350172,-0.00984571404110679,0.041603796619823497,-0.006707279063985605,-0.0071187989822063535,-0.0057429772396052625,-0.0018245228549890191,-0.0041062707190167025,-0.009097066456600134,0.01930421057978915,-0.009744300745343937,0.044999996821085686,-0.03455216422037222,-0.008086514667441036,-0.014996790863518017,0.004040364417334352,-0.0034360844039836858,0.0,0.004210555762575341,-0.007591842858052034,0.01585813748853604,-0.009212580035090068,0.022047321369419448,-0.0011766183539260178,0.003401321196358831,0.0013452247515366444,-0.008923544235694525,0.0036426027659290927
2022-02-07,-0.007812491662494092,0.008896455297226602,-0.004058225589126496,0.006393188976068664,-0.01501500103959097,0.029885036182904612,0.0017018965283122078,0.0031686802224473176,0.001126127080827155,0.05179279750211796,-0.004888284663810416,0.042949685982753394,-0.0012223396468896697,0.012894629845033867,-0.008504128561385493,-0.008707600288114792,0.0,0.006812242371498245,0.0009848308603668254,0.0039397400650236225,-0.0046871596449074016,0.018062592083694762,-0.0033332518118635024,0.0008631047173845996,0.0,0.005923870973699064,0.00654025838829253,0.00980379473685944,-0.011181304353226729,-0.05561366715663085,-0.01083487107495995,0.0032389845557823094,-0.008078739315831474,-0.022424257466173825,0.006260459706758148,0.009517697577764217,0.00015132355374580797,0.003910813026258175,-0.003321067323712068,0.0261888427599426,0.0,0.003067877958566223,-0.012474629892130773,-0.03593805044410303,0.0006175951719202821,-0.013605378205628571,0.007285439722795273,0.002551032965717015,0.005235526193011264,0.006251626431468704,0.03700883608946026,-0.0006390079391924708,-0.001589201981761379,-0.005634800525237682,-0.01307218774460217,0.002251032784690299,0.003962282142497386,0.0002751425745781688,0.0,0.004692117652361993,-0.004080150989597575,-0.011039132557791542,-0.006235365691445893,-0.041467265205040404,0.008359403488323425,-0.015140402367422978,-0.000784751759256741,0.0046568346478848,-0.010043322875217697,0.0,0.0,0.0058138910037910385,0.0030608283418933624,-0.011929875667311407,-0.05495634439631647,0.0017670924586687953,0.03389824604068137,0.004926163363321967,-0.005814792935768254,0.012270826764138043
2022-02-08,0.0275589276933097,0.009344678644029436,0.012185943881599881,0.07819973934148616,0.15853658093362255,-0.008928589269282972,0.005946677443133375,-0.0006769184837912556,0.007200893941712083,-0.015151500920837613,0.017543857107970018,-0.020959487626096118,-0.0005132446950106839,0.028880753019715488,0.0141684613288251,0.03002123949090474,-0.002465405838963375,0.003917623096178158,-0.0006055599077335883,0.008530879655823442,0.010763489335383625,-0.02177454151659508,0.0027588614612503726,0.0006711466149031953,0.03296700129689234,-0.002078483428176847,-0.00032474007892113743,0.0007469510836559667,0.002918213190503005,0.04111081168528585,0.04059272823355187,0.004255932783733263,0.01203981485927752,0.024178736576687676,0.01659069384768097,0.011186483551917537,0.008173193407123636,0.0007419007503615127,0.002630621148008272,0.0,-0.005586723736464183,0.001595441151336363,-0.008636004123715457,0.06463762628495928,0.01327180896057012,0.0,0.013238657072174753,-0.013040650384630648,0.005376266550376041,-0.0077036557920292514,-0.054624790858611605,0.0036219193323185905,0.002387749061931954,0.011333374664365348,-0.03311229748045641,0.006887193183849449,-0.02837807929556746,0.0009166335254602309,0.0,-0.0015569064866104432,0.008193808756751464,-0.01996926678235378,0.016176418055412034,0.06156403851384229,0.038860241134980766,0.0035473984514693413,0.0026704673253061806,0.022370089071180654,0.011508174709712105,-0.017674379570539633,-0.03494059995376242,0.019470589269081406,0.01769937252921272,-0.01100858471767674,-0.007608679099883164,-0.005682987572914855,0.016393495228471444,-0.004010595477919265,-0.003396396907106025,0.012805487899207435
2022-02-09,-0.019156974733108068,0.007693110800199188,0.0008051572332667956,-0.0158498343337391,0.12105270587836703,-0.006756597115616825,0.021394331199075856,-0.00022596840773614346,-0.0145217201299227,0.0038461685180664062,0.021379301607582946,0.00904558184352,0.015404705073588154,-0.0033241932886426406,-0.00026746599340043975,0.008884288682781127,-0.0006177964639948463,0.002128340821688557,-0.002726230302029675,0.01235001035695693,-0.004159646681866969,-0.005495969472963269,0.004919714053022606,0.0028730953961835226,0.0,-0.00046298349836870756,0.0037373562459663834,0.002984938148407945,0.013547795772733018,0.014941371539769044,-0.030959753053263706,-0.0037995115737968765,0.003498994768231567,0.027239657145501806,0.00979204988830329,-0.016231759932268996,-0.011860061315432158,0.0006485821048340945,-0.00011674604928757493,-0.0006716070282913877,-0.01872644319892236,-0.0025221376272518414,-0.004940841794394912,-0.000321322593003992,-0.011981040605333004,0.03586234869393512,0.01357564297844771,-0.0032226522302459815,0.007687201136318267,0.014024147141930454,-0.03004624684367585,0.007004674449355486,0.0010587477244763388,0.00626246200902103,0.0038048935973320486,0.0026764494939006678,-0.0044487191163792295,-0.007051230580060741,0.0,0.005102923988597352,0.0,-0.00668755901046747,-0.021128904064367626,0.0,-0.015087054529143273,0.002798812976575027,0.004700016993114398,-0.029371154123506993,0.006287364667084461,0.0,0.002896448996207779,0.017009873795908792,-0.019790235485569796,0.023518884730416634,0.031215897173437757,-0.00985421742116166,0.0,-0.006264268317966115,0.01287387289524844,-0.013486412054479313
2022-02-10,0.0273436238004785,-0.010869514521965495,-0.013676985993169133,-0.03528828320824584,-0.01877943573824914,-0.0022678157795981146,-0.02664197447452943,-0.02710014786893955,-0.025504430770146636,0.03831417568522233,0.009453034747838096,-0.002390653698298273,-0.011164314366540973,-0.021493283373059224,-0.02034590037801487,-0.0014330617524542788,-0.014220609964550546,-0.022300868867170753,-0.02042672154895242,0.0005013235701833985,-0.026733551401198596,-0.0033155212159150516,-0.038499755725255436,-0.04698681942274685,0.0,-0.027205159677524238,-0.01942693506397053,0.0,-0.03630260066176305,-0.037854810516368076,-0.021725188958535258,-0.015989418096676422,-0.026150743380107255,-0.035356524660374755,-0.005656323168704458,-0.0010804216375415177,-0.02446070543861467,-0.02806331209202173,-0.012070597669774474,-0.0013441167748554639,0.026717341251870863,-0.026886868573395173,0.00039185981096001576,-0.016388153885924628,-0.016853263931317364,-0.00798974236691119,-0.020751035934376105,-0.010669244664078592,-0.001160845662155019,-0.01975772950996868,-0.009724458324106178,-0.028246104460773358,-0.024061157119258048,-0.019325507633623173,0.018195900937297838,-0.023431778284233484,-0.01690315182709201,-0.01770718255535908,-0.016029237143178054,-0.03130736955684954,-0.024720533134039768,-0.02398485903066283,-0.021683266836475812,-0.0031347931924397,-0.012026813432788108,-0.03128683462612325,-0.004989875041346625,-0.00710815268468723,-0.004165343213884287,0.0028408836912034996,0.008664251426276692,-0.028755694066779913,-0.004588632253891278,-0.03350291132843286,0.001062132434059615,-0.03069219468552109,-0.016129083180315362,0.000450325599236745,-0.008598052973697978,0.0030759427951456697
2022-02-11,0.04562752220922883,0.0003925991523361372,0.005826345553380463,-0.002709624840235292,-0.011961654533746202,-0.006818021284199394,0.006889980543735907,0.0018570015409484775,0.0024426020141399274,-0.05461252846506648,-0.0033444536693968407,0.007329298343200508,0.007867880734854227,-0.0049233957504425385,-0.0067769798666885706,-0.01717973404629225,-0.0023832193884494313,-0.007965429724058448,0.010465013899656705,-0.015366761657117922,0.008927235067417438,0.07069564033308628,0.002416430758582333,-0.00040103748261421934,-0.023936126815690684,0.002736979036920495,-0.00528323373149131,0.0,-0.005918226502210189,0.051365957652431904,-0.015022892854786973,0.014609494994532346,0.010025102331976843,-0.02321319972420477,-0.002438308110062626,0.008701316562683692,0.007164019165804003,0.007147086979441886,-0.010093269419778728,-0.023553124891099175,-0.022304892131751464,-0.0016412791968118956,0.0010450043309093715,-0.2754002071904307,0.009855278476009088,0.022819057197011494,0.01322820641847633,0.0,0.020089656473595063,0.011841601733390661,0.0114566531978606,0.015835203518084873,-0.004876973855724387,0.009352316906903857,0.05882363790282863,0.0015186033924157183,0.0035573017650285532,-0.0029107402885208966,0.007859322606174057,0.003784953009067671,-0.004860986242915533,-0.014873927501837914,-0.0023172295559870104,-0.023584920160142353,-0.01768329714924799,0.012737227439250542,0.02084304510401136,0.0036815670812941903,0.0005976230441540054,0.0,0.06299213297209771,0.015105561756926233,-0.0003072657153860847,0.0029037851060242925,0.03183022762715182,0.003725175113937551,0.022950797051757288,0.0031506599598956075,0.00527887938620708,0.00919945636822539
2022-02-14,-0.010909169401184249,-0.004576917383745882,-0.015176663449376515,-0.008794928189277518,-0.04116224493542375,-0.01601828964381058,-0.006561603808522665,-0.005097342768873969,-0.0029714323864490355,-0.007806430772366757,-0.010067168249625502,-0.005550559933682364,-0.024941507978047395,-0.004947597013341576,0.004897144578618784,-0.01648547957490576,-0.003395067007370245,-0.017883063931127263,-0.010279950755978873,-0.012044130994631308,-0.005104778391263665,-0.010874864532867679,-0.0009472830156080914,0.0020051795658337923,0.0,-0.014716221376666394,-0.003153387280110276,0.0163690149409208,-0.01247426411860042,-0.00103930758342885,-0.032493353686817605,-0.006318029087141075,-0.009216619721096997,-0.0037523592994578303,0.0016294231324947006,-0.008967618256220389,-0.004948207820918316,-0.008988499933125449,-0.012581129016036696,-0.019297083544366322,-0.01140657467023154,-0.008905652031317546,-0.002218145923990944,0.0031558466408689867,0.0019726333748941727,-0.00524954900732133,0.008618805026164411,-0.0052288523904984174,-0.008138045511696168,0.003486291433766331,-0.019417634164864195,-0.004270655040584326,-0.00980131468824108,-0.02150904294314604,-0.042194292605812755,-0.017892281969257184,-0.019298714381075333,9.432426804756311e-05,0.008790624660609314,-0.007976539860270915,-0.010816595465869328,-0.0496716803852828,0.002120562814746263,-0.02576487060052457,-0.005629672199140567,-0.01407416780827353,-0.009210854221151643,-0.00753998843915582,-0.013030160450550055,-0.040604371952789986,-0.04107748112334997,-0.009226146389555656,-0.0015370006271772096,-0.01176247130424024,-0.0539846937824332,-0.006804036729024299,-0.019230705888682142,0.00897228626806168,-0.0009376666075540108,-0.004220218485046057
2022-02-15,0.011029491997797125,0.008933353791768406,0.007175919344521997,-0.0014716551369533537,0.022727311040634524,0.006976708783284824,-0.0042460689365824145,0.0032604026807609987,-0.01051904178398777,-0.004720725368734691,-0.06033887247793024,0.005430620178279222,0.01064810731398147,0.023713826590632037,0.014127857383019249,0.029413846703495894,-0.00857915443064261,-0.0007432715322815975,0.0036430437931656012,-0.0005149569202649307,-0.00153936969916868,-0.001571000188243965,0.002240487920740719,-0.0065032518511198845,-0.02270662986402039,-0.010580011134726064,-0.003663143850504702,-0.048316078928003825,-0.010239049704898862,-0.1404787435626711,0.005483202389950925,-0.009315249855487928,0.002504548442023191,0.0200878757501326,-0.005693570438572104,-0.002311177861053948,-0.0015539755974731673,-0.01040681881191885,0.010326096182424083,-0.015460247395054916,0.01249980773034065,-0.009952729511877756,0.017523057731799963,-0.011685123331261149,-0.0021759594856944897,-0.006596358014585357,-0.0013195318434081615,0.013469055289734966,0.0037742213943425806,0.0012404860953751928,-0.018151682429571325,-0.004289268471433849,-0.015672059248489023,0.007778068359570511,-0.0036708007745335225,-0.0052493452576310995,-0.00020087641353960795,-0.00404861558846048,0.0288123032803822,-0.008041208609074424,-0.0035272684326080883,0.01830527581037167,0.011991184958101142,-0.008264494075791107,0.021198011400675787,-0.012604460930456085,-0.008212030324924124,0.019917878839355474,-0.0045788644552817725,0.003937004178520276,0.01053374821738573,0.0018023858516147406,0.01169953335301055,0.002746641377851411,0.035326010106600636,-0.011625441664287361,-0.0032680161886343706,0.004891216522251662,0.0016894971527168234,0.015765375574172014
2022-02-16,0.010909079086014017,0.0013016724518775113,0.016235031151053736,-0.005715567396403443,0.03456786664007372,0.004618914368413218,0.005306534138328267,-0.006731712042901572,0.003897827674448573,-0.0023715204644944032,0.002885874272025468,0.009152364350648368,0.012991637673537282,0.018868093332996105,-0.004481943396161148,-0.02033781358694209,-0.003054202033002329,0.005988067029732758,-0.003089190931134911,0.02542527621733459,-0.0025694050394649004,-0.04168833979591968,0.0015477092890208155,0.002114634918340963,0.0,-0.003441513887615044,0.0013370775042760297,-0.006153974515980543,0.005124236510870794,-0.050847509383274314,0.02590321148361685,-0.0035821999778606894,-0.0007139612436907194,0.026461565963976197,0.02085862256180615,-0.001133527689775593,0.003268308791041896,-0.0021226827698346273,-0.000597765168484421,0.02069949729588072,-0.004748150473046664,0.005864278789925015,-0.0075824832727675595,0.050932403417531136,0.0003113204879394704,0.006640158879830382,-0.003648852494286814,-0.000324022190893114,-0.0013077405862658154,0.001487026212661391,0.013445379141158176,0.006676965868308127,-0.0005585242641481525,0.005704674599789072,0.027265798599847013,0.005587597289483659,-0.0022094198442723645,0.0028361291263305777,0.0020492012586417196,0.007222062379956373,-0.00070816886097258,-0.021367975873344602,0.00029880370655654964,-0.008333365122477177,0.00979886658189355,-0.002306839393505844,0.010935820136776186,0.0032211229467247193,0.013952891735954154,-0.003921564960883028,0.0006948766482941515,0.0056969516070899395,-0.005477911093595966,0.005661098772492101,0.017322798246646176,-0.0008401819094072671,0.0,0.005751926894032255,0.000749589754734048,0.012349791687745082
2022-02-17,-0.01079135533719533,-0.0032508993232268635,-0.003946116952367018,-0.004401523466842527,-0.038186120579255856,0.013793227186866597,0.01185848909083842,0.010389668612467373,0.00670689832382898,-0.012678276455073134,0.04316555415774226,0.014421592898510305,0.008641217810667179,-0.0005502231320493323,-0.01160693574625793,-0.01997058906925686,0.010339376005085388,-0.0026041951124368135,0.0019367835746539885,-0.004858781692259062,0.003262992233333817,-0.015595071057595056,0.017683842971837338,0.00208076796062473,0.013011095415467855,0.004563134692588067,0.00550716384297778,0.0278638258554591,0.009522809091406792,0.03954096236538618,0.020597970897915818,0.015428351102284799,0.005357167747004343,-0.010191834341510941,0.004407332356489935,0.0013927681480299103,0.007291380931434999,0.00715456829146377,-0.00610015022688748,0.03426571780297172,-0.006679606809816718,0.0033311974586152093,-0.011136880347455858,0.006922991510448284,0.004983100524276862,-0.01715044794306786,0.002652017945328433,-0.01653693349735119,-0.0016369054199614208,0.0,0.03316727225106142,0.010697539445548632,0.005030486372401999,-0.0133465736805638,-0.17001418590022965,-0.0009259332160655998,-0.015700500216254465,-0.008012881172119624,0.005180707439913279,0.006145867158408702,-0.0031880051830994738,0.011321598864898474,-0.020804409852265615,-0.04201680806959163,-0.02259949186119825,-0.0012333926792038596,-0.013444728113685578,-0.015051155177030262,0.002570853115423599,0.0,-0.024305516463002053,0.006261227019444204,-0.02692765861510482,-0.015253259198207303,-0.018575813025934695,0.01450496023838177,-0.029508018651624,0.0026398467144086446,0.003370862526634877,-0.021595699357701448
2022-02-18,0.0,-0.003391823393650628,-0.00446169886553871,-0.004104986280301315,0.032257972912101085,-0.009070375047543489,-0.0058129531380475274,-0.003505710604963963,0.00549310867379571,-0.03691814099026147,0.002413730126566316,0.011431865963929422,-0.013257862778076834,-0.006053952927502104,0.013444513940419123,0.0003701880526982837,0.005053750539597557,-0.007459995975448663,0.0017011186176731918,-0.002356635394486828,0.006162321084320688,-0.015286152668996467,0.006748191064394726,0.010938953639552329,-0.03119258814794512,0.038797189595738635,-0.005145200275024853,-0.02033127968735826,-0.0031441861062228016,-0.0478528270034001,-0.010416656965389626,0.00531048376928589,-0.0053286214281533795,0.034524445773849166,-0.003589875498192563,0.0027721369902569126,0.004466457469069374,-0.013055312848710199,-0.01071875695295399,-0.02298851612338293,0.017291233969253694,0.0024904795542970426,0.00013079689803041639,-0.012032640319032173,0.00030968042894929937,-0.00939579462241269,0.018579193031769803,-0.010220943762742185,-0.02147911956270765,-0.010393396876598793,0.004815652896979383,-0.01989850126177828,-0.005839620524526579,-0.00202911188173438,0.038029020144390246,-0.0007727111099878892,-0.007566515173297317,0.011213422905188342,0.010579123067726348,0.002326697915973508,-0.0724946421728192,-0.02547408528972739,0.004879520901233336,-0.03508768701010212,0.02664903169904509,-0.0056134350914790465,-0.014880854792094,0.005705009068489142,-0.009200540128708301,-0.015748016714081325,-0.002846972335232012,-0.0005924241595406388,0.008176039642296296,0.00018439810720427552,0.024710964393695356,0.017405641231486024,-0.010135347656287097,0.005265499576467159,0.004665769714628176,0.009603968869241086
2022-02-22,-0.018181888791860334,0.004188854458905045,0.0016227150953458391,0.002898935411763004,-0.026442226132694646,0.02517156143212196,0.0020745725143751503,-0.003283246947911822,-0.00650937295305587,-0.01416667302449548,0.01479187196831333,0.0018838521066388836,-0.018268225108567626,-0.004798672288676364,-0.01743543351426846,0.009771330150539104,-0.008799380081814578,0.022172009098692103,0.009262628126427197,-0.008774862601502842,0.004593399127412967,-0.02794274600160629,-0.008546150256814489,-0.00360683280693308,0.0,0.0016544530854345485,0.002335553167564175,-0.0007686043823307287,-0.0010515371836714582,-0.04123701813156444,-0.003947333335215575,-0.011885355665945174,-0.0078570676204478,-0.010538504766811396,-0.025220187922454618,-0.0027644734910339253,-0.007513024582229799,-0.013130982296211346,-0.013589772854106119,0.006920441715549952,0.016997150055804155,-0.0030360621647421704,-0.005499352873359564,0.028273404402133995,0.010223299186720824,0.002709877814548456,0.007852757477490702,-0.033644162368394404,-0.008210411282788432,0.013003093214931871,0.030351182530569343,0.016846558725786664,0.0053145526497524465,-0.018976644708884605,0.023313910386957737,0.0,-0.020605827278817546,-0.001503610255902843,0.002013173018095671,-0.00029017861856761584,0.027202992925129843,-0.01676242200769562,0.021244332785706366,0.016363664106889164,-0.002417533479657674,0.008154082836060672,0.015105639621848521,-0.005875397239144542,-0.0006091311675365807,-0.0100000381469727,0.019271912896385857,-0.003854238511475594,-0.00374313619239397,0.006268379767578658,-0.0020522695382855227,0.001833042641369742,0.017064818200023257,0.006983795275157689,0.0013005387986453343,-0.003504680514490599
2022-02-23,-0.0407407915043122,-0.019163159657608175,-0.01762770843715622,-0.0018518868606963723,0.0024690744626516548,0.00446426341339623,-0.008187388482532199,-0.0025880049153788054,-0.020826015878677717,-0.008453117676639699,-0.008474505710390878,-0.0297945164407184,-0.014446358874580456,-0.008716655856448097,0.008431514933657347,-0.013879531663282485,-0.0026632489644349278,-0.02610291048383806,-0.005812458301673984,-0.004085693158059955,-0.025740806080787104,-0.11469216957497896,-0.009042705969818043,-0.017898574802541978,0.003787875024959364,-0.004129559044023345,-0.017643213766325716,0.0,0.00220053586377289,0.009408444453809839,0.003962976524557682,-0.003415730858131627,-0.015478826513532273,-0.06982258303252542,-0.028747456996042642,0.002672959022705257,-0.010041806457981362,-0.006899364639002981,0.000496737653394641,0.01374569117823743,-0.025069701169993408,-0.008859488491659295,-0.0014485928094539746,0.03257192533598485,-0.020239343614832817,-0.0013511072889741405,-0.004171915266180437,0.02585301304430443,0.0008447987750566099,-0.008639821157066296,0.058139699146644075,-0.010195537238592456,-0.014190262957141209,-0.022797881720241442,0.0553297055644113,-0.01716127870740103,-0.01388605963189593,-0.015341111304930544,0.001875159158604367,-0.013642947916599923,-0.026482587290429183,0.00190755334641457,-0.012976679719879591,0.04651158228042451,-0.0045915867876265,-0.022553994082434192,-0.015507449575550725,-0.0016301255971974404,-0.004417287992307228,0.00101012416840085,0.051120483862835187,0.009226146389555545,-0.02316812165243254,-0.013374908913386996,0.0030848863389019154,0.010774657315923752,0.02684574173413945,-0.011269972285957053,-0.009090921801965024,-0.02043197194687929
2022-02-24,-0.04633190600766557,0.008107697191128471,-0.0025915681301384996,-0.007828028035987589,-0.014778311237724773,-0.0555553414317711,-0.00607255288052666,0.023826154629672303,-0.006691377239824825,0.008525182043669588,-0.008547007340754531,0.014161869904279811,0.04458344583706064,-0.01814781819941247,-0.008525164617348757,0.003147160632679169,-0.03891173906938217,0.0022650422367980205,-0.019309207530165295,0.03299133493839834,-0.011646254996982908,-0.020990368018161676,0.004093487804024631,-0.006450187943762398,-0.008490580127263336,-0.012914784912521071,0.0023722766985418975,0.0038461418673692016,-0.02310452846523703,0.06125165401243837,0.0065789725476688155,-0.023096379571733716,0.009506340254531453,0.009091491818645547,0.005497035037994591,-0.028434861410580936,-0.002028587584457897,0.0020840521832918846,-0.01910454106999082,-0.004067825058759245,0.020952334842810894,-0.01745789101070694,-0.030722580307968483,0.00942218565230779,0.021283432582500872,0.012178457873182724,-0.016941779990504502,-0.038642547112877956,0.0047265415376069875,0.03212171157766153,0.09816850468885074,0.007940078627848735,0.024273032069641376,0.010958010937810903,-0.01619112468237205,-0.019663365942123257,-0.019415025548528253,-0.016631681641667506,-0.0001337183933475261,-0.008534386816574924,-0.006130267359594543,0.020347442016115602,-0.0027097463535811217,0.11111112922458366,0.013838820148485143,0.0006366280549563452,0.027048621299186726,-0.029597907461741846,0.030293487849046397,0.0,-0.015989324947268346,-0.009141802778853458,-0.005128369325380966,0.008727954329284193,0.013326407525347417,-0.010458757240411232,-0.006535872454773495,-0.012713970019243792,-0.015353003660812159,-0.016242165473956405
2022-02-25,0.06882583480375803,0.04021064529213203,0.012321902986494715,0.03539018768313773,-0.019999980926513672,-0.011764907993744855,0.041431897886490265,0.023271786683807028,0.0007219488994010259,0.007607789785994745,0.0068965649772618765,0.02734090981356463,0.034284290102748693,0.032774491794573146,0.0303147781056492,0.048296025349366056,0.03387147421103509,0.031261809800453566,0.03561348345539894,0.03210321209417,-0.01565233689515233,-0.0010050051878479627,0.03575677325366411,0.032769976875016926,0.0,0.03156882769121716,0.05392166346928895,0.0,0.03186062222012764,0.1831871024238556,-0.005882362840909705,0.03706523600344869,0.009416910215674701,0.008306700285921398,0.02985685979565922,0.03815871248202907,0.01548077125569236,0.03466389951081372,0.049702713038137336,-0.016337629542117482,-0.004664053767912124,0.039800999169838036,0.03822607766113184,0.04910715469892013,0.004290483153505553,0.028354311839720037,0.053393430621217375,0.05976926722587006,0.03209003021002066,0.04921564606986517,-0.09806533477333035,0.05812203343166211,0.02452479294177068,0.03671328849223787,0.0211295083052081,0.04091784916359975,0.0382940366145792,0.04237951504134485,-0.02687527893602637,0.06841761388585632,0.01888976946558607,0.007463482838099944,0.02945908727876012,0.07076923663799572,0.058013037686597935,0.03435106094240448,0.025096643593216506,0.025452275170441796,0.024651081509296624,0.02522704377894458,0.026404832604012496,0.017559517546519965,0.03382750943496604,0.03166426335180428,0.054122404314833394,0.03455279570254688,-0.0032895965332508936,0.022202874173500975,0.02909282780841793,0.029370862518701468
2022-02-28,-0.07196962249103744,-0.005703418951509387,-0.014505113193175267,-0.0024225345846181634,0.035714250959391514,0.009523895159224915,0.006600077863139209,0.004954128612561393,0.011659967238937474,0.001677810735012386,0.0,0.0014308214281983922,0.05152594206454042,-0.0035056845013031745,0.006152192436127413,-0.005178980681882495,-0.015229089965454023,-0.0010955921721593764,0.0070441938706551355,0.005130860931565007,0.017151928532265437,0.021126865579369714,-0.002951971985014956,0.0018958803671469404,0.013320588639352593,-0.00197831709896501,0.017161142202896995,0.0,-0.003504485467702545,-0.16861092638473107,0.03353058695613065,-0.008236453324201864,-0.01148167370733233,0.002534851528368076,0.01306669806947558,-0.010082250196711162,0.004311705113597908,-0.004977568946619049,-0.008614260820732245,0.010380662573324928,-0.030927971895448936,-0.0101979286162166,0.0034068306088104183,0.07388786036923145,0.017088698397965674,0.05540911818508709,0.0007140140485160096,0.019459226773949956,0.013185620937656184,0.002989387883095107,0.10207107953822825,0.046478892974637365,0.00995158257267903,-0.019898813693166373,0.02999969929271562,-0.00061675351470869,-0.016345562569602845,-0.012215463472618815,0.017724662505686828,-0.016113015016330223,-0.009837314909440065,0.09341361286645045,-0.0052918392274341475,0.015804616797630233,-0.006211724552523945,-0.004151256248033142,0.014205957658191215,-0.009435940703550694,0.028116064334975155,-0.015748016714081325,-0.02308703372811427,-0.012869318508215821,-0.011613407290058664,-0.020877918541753138,-0.042226505089727806,-0.00805488377778063,-0.006600665129722794,-0.010425778757468529,-0.008314534142116359,0.0015196093944960243
2022-03-01,0.04081617964151252,-0.005863246842265468,-0.01152227170709652,-0.00560755343389141,-0.014778311237724773,-0.02122650519024294,0.0010929792888971779,-0.013443983591925668,-0.007723331476422346,-0.020100484049636713,0.01815064535180233,-0.021574405483207437,0.01858530158562921,-0.021847778851429633,-0.013664569759473943,0.012502713282093403,-0.011825704022188743,-0.01718462196372661,-0.007295957847493373,0.010846993981898034,-0.008958305166823166,-0.01379312166815505,-0.013076706503188928,-0.005776309239795441,0.0,-0.004546990549942231,0.003626567691252358,0.000766248489037169,-0.012831276440632977,-0.030612286738292416,-0.06297714427326773,-0.009046377506503167,-0.00617081168238498,-0.014538606142398769,0.020152976458606142,0.012854940507467605,-0.017019243421266927,-0.014910947746879288,-0.003463628001167063,-0.03767124495646734,0.010638305678663196,-0.02860283725916879,-0.003134080672696271,0.013328336478205971,-0.0031005504667050987,0.04375009723164003,-0.016348845847673488,-0.01520543267746377,0.010443435596771966,-0.023383639054306404,0.10067087504568106,0.004037735066055426,-0.0010653545364672778,-0.003441173709898937,-0.010455210423851113,-0.005707032358096775,-0.02535139659746144,-0.02539421398757835,0.01660595871474735,-0.014259532886781834,-0.027512372577623512,0.03302982339376692,-0.025320197642427544,0.026874123423933582,-0.00793407494885523,-0.01034432301705368,-0.01639109177183551,-0.042865953352844266,-0.019030127890518056,0.0010000228881836826,-0.027684050605654043,0.0,-0.034614336405910606,-0.010205849035192505,0.002003885558516938,0.012279641672930719,0.0,-0.025022172695549072,-0.00111803042413261,-0.018206534166973376
2022-03-02,-0.011764791822403198,0.029362594731491498,0.006307147762262932,0.015008104788237997,0.02499997615814209,0.0,0.011006844625919499,0.011810109774534894,0.01736310165147059,0.07264960643816565,-0.009418058998823309,0.021465945260688013,0.022983327607963178,0.011925141694861363,0.019460059507275362,0.0022095940832045358,0.008679557484346123,0.031249791261255044,0.0235642979817976,0.023354852468349785,0.008507637600444484,0.027306003641871968,0.019749894083108233,0.009616531690908037,0.0,0.017919894978097206,0.013197104619926181,0.0,0.026574166161061452,0.021052748027919455,0.006109990182268987,0.009577976395395815,0.012418073642379346,0.0,0.032398217626562476,0.015473751066658048,0.017313913123286895,0.021972596484636897,0.012439276671008859,0.010676129287826575,-0.012440062906720284,0.019153442781577823,0.004322667307652184,0.026306663098634164,0.010032336715034118,-0.03353313901011434,-0.017345534008970764,0.05124829580485768,0.022897141579556024,0.02183095408773683,0.016463582167996815,0.031980066585433065,0.01812863500162809,0.025897556650705367,0.006037420596342491,0.014272213312914284,0.04262299825258831,0.01627271687970211,0.013280211945179365,0.011457915258226592,0.010609073024745896,0.012195147695407416,0.028403949346786694,0.011019272890350207,0.002908433374963826,0.007332358420531149,0.016967130828914323,0.04110765444667641,0.04310960246316431,0.008991024028971895,0.02916667273751017,0.018074174407673338,0.041776450487549965,0.027250717732862473,0.03350016446868853,0.033261712406780664,0.0,0.027465051667196816,0.009886286478226536,0.02472539462333123
2022-03-03,0.0,0.020552941558785953,0.0037290483353258352,0.01771738651770094,-0.002438963970067154,0.004819455292418784,0.023393761865489804,0.015712520569534538,-0.002824711456788198,0.03187247907976731,0.12054333120083083,0.022730741436269852,0.002229518685028964,0.0065469268611269005,-0.0014807168592350095,-0.007458708567938621,0.009126455120523902,0.018759042400542825,0.01043761289977363,0.02081709113433461,0.0019332106567961915,-0.03760148924534523,0.023208441193030005,0.01835470936637451,0.04788734715017928,0.015878600137683607,0.011784685819829832,0.026033725016051612,0.025698786616618285,0.05412382927851178,0.03778680372120902,0.012007054890496027,0.015151439544478507,0.014753095588541765,-0.00535784772411696,0.0005288941924366242,0.007206544665295356,0.029335880259146352,0.014694975838290825,-0.005633797519761674,0.017441781742826512,0.02622721602085787,0.006260804655457308,0.0006927558779667997,0.029499384797468275,-0.04708795450274905,0.00141479517161347,0.024375104288336447,0.0,0.02825610671184653,-0.04019196256051738,0.018370810998438625,0.02539911343926371,0.01649292244530276,-0.0052513457653246,0.013918700556277086,0.0027253697852449577,0.0015248835005303718,0.0209698349951013,0.03653367530357943,0.01127518932326188,-0.06489821049482458,0.0044228683446649875,0.06403266763229443,0.0059198300774987445,0.02834119089116416,0.027558743499195515,0.012676735077219004,-0.011158309448786818,0.0,0.041835350764252155,0.03376013662870192,-0.0009472604072798818,0.00878318424510982,-0.018384317535124484,0.007763475730265812,0.0,0.037248335500391416,0.00960445906001306,0.006199580412821426
2022-03-04,-0.03968240592492722,0.010618897844315134,-0.0045449731300102325,0.001160645932062776,0.06845958985943446,-0.009592276589875492,0.021188809118495966,0.026740512126086413,0.04013205107828188,-0.044787639555877945,-0.037878843318181366,0.017332850972846092,0.04124024673084148,0.003530860727306351,0.008314004930304097,0.008677291515061025,-0.0005167577869799045,0.026558165485096152,0.02703274546805412,0.002115054138912331,0.028416066278995844,0.015493502934587067,0.021324119871103386,0.02552622500971835,0.0,0.0180086029487756,0.005210818069868672,-0.029850733214195513,0.026335071778122332,-0.0012226288515498895,-0.0006502099354632751,-0.002197062219579604,-0.010305614284131792,0.027180817655064082,-0.013466520415707284,0.022484855248158464,0.035926244956062,0.02812835843644823,0.005935505237048888,-0.0021246269981823884,0.0,0.0367637458970127,0.008813819264595235,-0.004846032459082883,0.027978830387958675,0.11833582282856536,-0.0012898911491381337,-0.058682640679478704,0.016477640869182242,0.010947268012161615,-0.016250007666062216,0.020043754165557814,0.016598711007461686,0.004966913089402114,0.012066501600663582,0.019761458260568965,0.017144176544789724,0.020080089652929844,0.0017971679962283105,0.01707651864821691,0.01691663139038191,-0.01808144188616867,0.012330023928974532,-0.02048653631041719,0.0031228437472643478,0.017771261909039993,0.026239325507469324,-0.01703258179663336,0.02577311455199993,-0.020792082199546758,0.06865287878397619,0.005075234362934777,-0.016434816376896033,0.03144968684969274,-0.058649400540617624,0.03344606775820713,-0.02990023338218828,0.028305783511553217,0.008232943927316771,-0.0074935633430716075
2022-03-07,-0.03305781731210544,0.01413019651414249,-0.01925597263764045,0.006225586445148812,0.03432496551386999,-0.029055741734326346,-0.0012053098574053012,0.0,0.021107590223634176,0.060630558362054776,-0.07559050234720022,-0.0001372147692875192,-0.00657375777082847,-0.029074095567653946,-0.0673809815807489,-0.005186328930456674,-0.008790298104099814,-0.008968656590155888,0.012126331381146827,-0.022912514048017196,0.020467305178924367,-0.02686558469395195,-0.006021133125996059,0.013680248424144947,-0.036738338084044364,0.002892874016460878,0.009147964520733076,0.007692201774633034,-0.003385700562264282,-0.05752754252113923,-0.011060512528283661,-0.006606094988105604,-0.02585284572523694,0.00246153574820962,-0.04611756445896065,0.0026314307492549815,0.008082281560641169,0.0027088745099708156,0.016107925975612947,0.008516670281017769,-0.009523673603808458,0.01107302639885388,-0.0012847172700600762,-0.06956523715963137,0.0006571297529458509,0.02906957949248734,0.014697745943599516,-0.02151940643361039,0.020492534893702175,0.004199017244996384,0.0781448342605402,-0.003036781211286921,-0.01205723316208518,-0.007248923736583701,-0.0357672415972341,0.0016274147270982642,-0.013771807791741364,-0.006250720937752807,0.018708342738911643,0.012357163689760808,-0.01134218378145313,0.08060418849475681,0.001353181958690275,0.0052287531182189095,-0.009818083434855907,0.024415544190769856,0.010736076136645734,-0.011064748852251394,0.009099299543031902,0.0010110490253187887,0.07454542680220166,0.011281534150393124,-0.016709571104946197,-0.007751790284528437,-0.028795992400442838,0.00545461200227626,-0.006849235864998193,-0.0041085341348570115,-0.007802503594973587,-0.0156040908129359
2022-03-08,-0.051281996851474165,-0.010003526917246375,0.013156765448831598,-0.013910183927881015,0.013274323679807187,-0.0024938922347510495,-0.022498137243433747,-0.02367636395350281,-0.029784586008682612,-0.024390220854836775,0.051107245713102545,-0.018139296934185256,-0.03785072396453881,0.0,-0.0323797184322594,-0.03351390859865233,-0.02360445340850803,-0.006613243308858263,-0.022482173419838825,-0.00863920527275397,-0.023232528075988967,0.1635991287374301,-0.007395354203400539,-0.011527493809175837,-0.015813960585483233,-0.015420260924666307,-0.015410373815027079,-0.00381670107250065,-0.02208114251110249,0.019480553263461653,0.030921070587272004,-0.05778028672102664,0.0025802480825678487,0.047882144717489306,-0.010330830619403875,-0.04391229139120212,-0.009475183496178485,-0.00423249255437208,-0.020265895910042353,-0.0035186622519800537,-0.004807805424685507,-0.010821127161111721,-0.010034646885146437,0.009345837083753805,-0.025605175083166398,-0.0011302078661740156,-0.046893920261225186,0.002332617009417559,-0.017383429590165922,0.0024208190042041,-0.04596330425112727,0.008242158706653457,-0.011950012375477548,0.0003320022510473475,0.017001199291102997,-0.015212001155271104,-0.01125475274680876,-0.025910670109534406,0.06905657690276135,-0.023218690722269786,0.005353590800014407,-0.002244793813650503,-0.0032820920770230133,-0.04421328349258602,-0.002418204637880783,-0.020367071128635117,-0.01872833369077076,0.00527750541704064,-0.025571813364050122,0.004040400342860462,0.028764819066515734,-0.035469229697929205,0.003267874826733186,-0.01770833045235276,0.0194070943729987,-0.02441247510750366,0.0,-0.050329837633156904,-0.026152135543185184,0.0037497985367143105
2022-03-09,0.07207199144007492,-0.016239409501544677,0.01050852907869948,0.001557640559247675,0.008733616270600209,0.012500076929145232,-0.010758307732543382,-0.004849962732252133,-0.016151066976386463,-0.013281255762558342,0.008103793753290622,-0.015675373336254905,0.011279225986873254,0.014495423133391139,0.0778677768965228,0.01731668447091117,0.008948919242608211,-0.0056061333296819615,-0.0027395302315476044,0.004115236213522833,-0.0018821244976126028,-0.016988728791088703,-0.009035368236523067,-0.001327360703192726,0.006616228291965731,-0.004169072273481067,0.004603424133183154,0.005364066007592205,-0.01288963286801681,0.021656112994310472,0.016592228948050458,0.005489141135611275,0.012867674435922183,0.0011716448651022393,0.030480536478207254,0.004264385267160442,-0.011479185761963273,-0.014740324665738824,0.0037934376747910115,0.002118625232660154,0.03671492750427885,-0.011335462892635872,0.010916255614524584,-0.033333421040029565,-0.014245793498099513,-0.05542953907292336,0.002683547321592483,-0.008643733452217695,0.008082913591450192,-0.03380893418607189,-0.15256360143794767,-0.01563896779140761,-0.0018014325290944821,0.0053086051948612045,-0.03495457632755272,-0.004838347591259451,0.027613831879453654,0.0032769474638962848,-0.04694667565664723,-0.00502586234911262,0.02299739770671172,0.017488229076582984,0.011719273664500207,0.025850348256563294,-0.005454666197706182,-0.010321187984702274,-0.02293124859529072,0.010919917230215681,-0.022790053531965726,0.006036259773603003,-0.026315764707210976,0.006524253445368888,0.019544014345578287,0.012195091538805602,0.004230556619648773,-0.017608805753886903,0.0,0.03648983893110591,-0.0031925962939954866,0.002886729935437815
2022-03-10,0.0,0.030936691922122783,-0.008224435513150774,-0.019484912845165847,0.11688311152148012,0.00246898503751547,0.009894720664412882,0.011741182085113211,-0.01350563794140025,0.058590638512509674,-0.009967907652619457,0.008104592702919078,0.008195061793221159,-0.00037596895977720646,-0.03271985330251914,-0.007679917698094507,-0.02250476410547675,0.01127562735619092,0.019375417814451845,0.010088340038263421,-0.012515139714258217,0.06048853406488042,0.01815566615764963,0.008164830110244159,0.04037561695566727,0.01233299899063689,0.00442947836296903,0.010670649011295108,0.009538754561218,0.058603488734419784,-0.013810437088147998,-0.015754091056888297,0.0163337420549432,-0.005851485056271866,0.004051804888544064,0.001269071605283001,-0.007294852397149332,0.012024028131652598,0.001771115677409174,0.0,-0.007455672501966104,0.0017331216887037648,0.0012853774928982542,0.04367808382941463,-0.015818896792001547,-0.05509002452720102,-0.022877754019773988,0.03252856409093563,0.021936471377710376,0.013860545319915207,0.025510321660075164,0.018234509542641497,0.0020624786325491584,-0.0003301394819665848,0.0015748764179748242,-0.006380725243451457,0.009230740883691801,0.005475440158247302,0.03580248797381369,0.013378989488118664,-0.004121240239415402,0.008041001342486531,-0.007754207041585248,-0.005305034755357818,0.007678198241902523,0.02219880689646425,0.004638292323190463,0.005816230770934627,0.02204940058388094,-0.011999988555908225,0.06081080573128195,-0.019151399553497317,0.008945608809566075,0.0005238297221985544,-0.005265856014525894,-0.011509331808797096,0.013793027221732368,0.009639739613419795,0.002825907709858022,0.01608518727908259
2022-03-11,-0.016806705150291035,-0.0084215060689381,0.0004784149082877054,0.008371808947559956,0.11434111822382964,-0.004926152838275688,0.003972046612361613,-0.004160195459932847,-0.009913867916128027,-0.07255050675628683,-0.05813572783856347,0.00197455045051087,0.016965155468893434,-0.011284564147064025,-0.027351315335288673,-0.0029049081659160425,-0.0009479831301338892,-0.008710854222048092,-0.003475151377155594,-0.00031221117430813017,-0.01597214485849152,0.002528750051563833,-0.0025922623770416875,-0.00047093306278322977,0.0,-0.0014531140210982674,-0.014750470083627176,-0.015837103163427124,-0.0023851075355639795,-0.009422842590330438,0.0031826983203979697,-0.013153551654488282,-0.0010713100452783841,0.014126059521820888,-0.020984674473346954,-0.0021934361160907967,-0.007648355081848468,-0.0020861343318319125,-0.0018269710541041206,-0.013389681888783311,-0.030985875857489686,0.006255001024728646,0.0047502266861965126,-0.016519609172715555,-0.013890145836799594,0.1939161498864863,-0.0006523141701503254,-0.029555416080888963,-0.009770656552462564,-0.013222982829649399,-0.008528661674390925,-0.02482261790379625,-0.004630878422876905,0.021789588813091676,-0.024370744121007593,0.004892759011459802,0.021747730477542637,0.008311989019858412,-0.011561396937566526,-0.006331787477526274,-0.01166302068934022,-0.04317482998180855,0.003762747541471656,-0.04133332570393877,0.007014970794679165,0.0011661771582203162,0.005862401419870267,0.007641467921819078,0.0038721597848505596,0.0030364101845852254,0.09182587729431058,-0.008410845155612745,0.008549709163279573,-0.01151814086732117,0.0010586965499095324,-0.0167971311343047,0.0,-0.010793062750740767,-0.003569364852025636,0.026162474055339224
2022-03-14,-0.029914604302985315,-0.012320519091507776,-0.004383682700687119,0.001573106246949063,0.10434780950131617,-0.009900872179959608,-0.007736733032344012,0.0010992493011070525,0.0014304197572236887,-0.1572580539721229,0.017241305681877872,0.0018300202489760498,-0.01751127279013487,0.0007610437492815425,0.03403161894124551,0.007804227771655459,0.0025753259357517155,-0.0014059483584238919,-0.017996156634925597,-0.012956512417695909,0.006351568975760058,0.019898834579770153,-0.003544247734023953,0.0015074438702027404,-0.01624551501942384,0.0020147587073073847,-0.0026239423181202426,0.0,0.013977010992084926,-0.04637337028598476,-0.04822336407642025,0.004817589660336186,-0.008938041296382537,0.012187972979325945,0.049876266705863204,0.009868409659073762,-0.004080548522900629,-0.003999123466918553,0.013817522210074928,0.004285744258335722,0.01453485896437301,0.0035710300558484676,0.0027070405045321877,-0.03247479227185757,-0.008954643403670581,-0.045647274947310024,0.01970891928016738,0.007028369816073354,-0.0318433224271073,-0.011128869814309605,-0.07455194783516861,-0.008000125443496375,-0.004394198310353037,-0.028756100609124924,-0.017728275546316286,0.01232522762057342,0.03938747995439207,0.0016106011518364216,-0.047751104183048065,-0.006643148752982886,-0.004567913874637397,-0.025948310174729317,0.04575165025580619,-0.026425598846783638,0.024501952532852922,-0.00043672674748029827,-0.010199624199332291,0.01147775101059234,0.06640062147087034,-0.0020181134608774354,0.028682555242640406,0.003938204487844876,-0.0034537268555920875,-0.01094646760511131,0.004759438455119724,-0.014560245955040352,-0.01020413003901166,0.008392927138173967,-0.01018103426554251,0.01347821341653499
2022-03-15,0.03524236545798498,0.0029066851888555068,0.00028036809003828544,0.01025259582336524,-0.1181102379943102,-0.0025000573471809506,0.011075548677283997,-0.0017568066212885203,0.023330712495251982,-0.0038277476156087786,-0.008474505710390878,0.0181255052996947,0.011646004323392356,0.0250903581555062,0.028693401992145873,0.007047673687692102,0.020687225490894967,0.016543375084658862,-7.310221031819886e-05,0.0034792915106107714,0.00999275820345269,-0.026655399748097053,0.009800846727819224,0.003668890033090566,-0.02844031897169752,0.00983052788721972,0.02336730728563241,-0.003831405737351856,0.008887370504717662,0.002493732676716487,0.003333346048990826,0.011347272192980373,0.007936430143553386,0.028096358477950334,0.01295647831119151,0.010207559758052431,0.01820929755352063,0.016333793639474736,0.02591874660582505,0.013513483265491955,-0.012416539902473378,0.02095425273347362,0.011057248900644412,-0.012345703375315265,0.023857780702869702,0.0011121940562359711,0.002367938544720838,0.016284350237870227,0.023934519278346,0.0058596205049969985,-0.03795509372530326,-0.02675946581488642,0.004673194642933032,0.007651191632192855,-0.030352278549601763,0.015030577728509131,-0.000765467533726083,0.015135828502479853,-0.06673425593261018,0.006824019700136352,0.013384428813322469,0.008772906090492638,-0.0066176375837361245,0.0,0.0012895247617872307,0.0,-0.0020609857657600816,-0.0008105668488705975,-0.005813567114418938,-0.011122407131747947,-0.08459352651638274,-0.006638437228074001,-0.004095742939395075,0.01570869502407679,-0.022105275811413083,-0.015563593062452252,-0.010309327760090414,0.023720190808463215,0.004952385837644568,-0.00016009377162073957
2022-03-16,0.017021258606303435,-0.0164232018388365,0.00028011983903364346,0.00047490899942848053,-0.11428569239013009,0.00501271670918646,0.002103290214285458,-0.01034124993848562,-0.0036059588841065304,0.014409277080045246,0.10837589219061061,-0.01214464436122542,-0.019420091684094976,-0.002966866172026794,0.008362767561580053,0.012048003669361096,-0.0045037997067678415,-0.00034618061046276516,-0.01585452343359084,0.0012608673559995065,0.0043394334708135585,-0.0008470885062701328,0.00023486800143213138,-0.0067485692366474614,0.04249289922391264,-0.008407277862299445,0.0027218873711716274,0.01923087325705697,-0.00656187291769339,0.002487590956388841,-0.021926904951749426,-0.009955741859182243,-0.0042949723574475795,-0.002788674980336192,0.016666500732605893,-0.014941116974821367,-0.007153674816040789,-0.00404021232866858,-0.009197287240009233,0.032982474879214685,0.0009672020837803164,-0.004130875120045729,-0.006612739556643987,0.02421869432466517,-0.012890172210120343,-0.06111110843561318,-0.004597326653493217,0.018639665867168143,0.013421876359377416,0.0032237846289207006,-0.0008053607278043495,0.0015066387382207669,0.0015506040298920443,0.035655571679299225,0.02284260389490167,0.0026655351798066107,0.013598815387252383,-0.010902879979502345,-0.02713704318610155,0.003931239894602978,0.004528349575702473,0.03680132964591398,0.013138284590977545,-0.24714285986764095,-0.0019907154430596208,-0.002039419873213544,-0.010326144107922097,0.014195955016993445,0.012733958671811818,0.01738242136355339,0.0,0.016707069419101606,0.015501493793923515,0.0017574532175073099,-0.019914031826485656,-0.0032018331315148973,-0.006944449754371251,-0.022357702798442514,-0.005117390098671959,0.005769082490478583
2022-03-17,0.05020915284394967,0.028606580288929484,0.0054402832505902055,0.01808613080332022,0.1350806595042393,0.019949882176863998,0.0010492905969559096,-0.016007270051272116,0.0036190088813337074,-0.007575840359983155,-0.012954821142790673,0.008103019563908243,0.014462177393460118,0.06360401149136585,0.016693295954827603,0.013809250684909458,-0.00026611475493332204,0.00727392003158478,0.003990663302982034,0.013851761251647332,0.004839529439029544,0.01893228640648359,-7.831678997149982e-05,0.005001497328362525,0.006340552089319829,0.004127679932355077,-0.0018095014785732833,0.003773411940386051,-0.0011760998606950013,0.04094290946407009,0.03260866396255957,0.009098124155996201,0.011143071832246054,-0.0027963621245540304,0.0011438685436644391,0.0049100604580889495,0.009306642388025477,-0.005949589544638534,0.013064422577560908,0.0013586619379453158,0.014492729718233122,-0.001555287854558829,0.010496938080572171,-0.010297412527591976,0.02812648286677999,-0.017751238648092027,-0.006734956736869635,0.05393259382257143,-0.007738113030448801,-0.00183631544821794,0.06365827441221805,-0.008085816251347633,-0.006966207079932452,0.009562987737465,0.09346549688997774,0.0005908022316103434,0.024943475350482247,0.031844571279823874,0.028173003604436753,0.003510878983654875,0.006386085570167843,0.039689084998254076,-0.0024655768914125797,0.03415556527326169,0.013726085046308789,-0.0016049400523595603,0.0040248773732487475,-0.009598010793203438,-0.018347541931960976,0.011055337935698573,0.09344343766244334,0.009560784838051894,-0.021495340883271763,0.008245698679247626,0.01317980300248145,-0.001003841249713977,0.03496523299318621,0.0062370676093352895,-0.002476903641681072,-0.005258108407181772
2022-03-18,0.01593623921101317,0.0023871687604883896,-0.003859299259628246,0.0016535113466240592,-0.014209577634084813,0.0,-0.015200346881785176,-0.012878184927877179,0.017098930669054768,0.1498092287286028,0.0,-0.0038802694680148964,-0.009593403322169847,0.001748801067106509,0.008156993854470551,0.0014704420106206317,-0.03899928162502986,-0.00103154444161635,-0.03400537299362194,0.006365307349668559,0.006019882062175741,0.01525205094770632,-0.006501559100663079,-0.013615213549977079,-0.0027002460754498303,-0.014553888488450628,-0.023266396470457584,0.030075256636827863,-0.00851556549818866,0.003575608757736104,-0.011842062747378868,-0.012812266527336247,0.0074652153506871155,-0.008973630416847622,0.014470501607559472,9.676921481371892e-05,0.01189779906291788,-0.00018139333989586337,-0.011085762925724829,0.0006784415900351615,0.03142853237307741,0.012722365964127347,0.0021533035566454473,-0.03159933980648866,0.011040633039425929,-0.03975923343219179,-0.007555567681326147,0.09655811902340727,-0.007048684527193871,-0.0006897200013210592,-0.01212109805824313,-0.001327001356377644,-0.002078435259617817,-0.00505197625207765,-0.026475036278871156,-0.014022093039126937,0.004977773470079994,0.015522322029954516,-0.0023059979127831864,-0.01816495046751576,-0.004479249185066925,0.0009838495766283373,-0.004394608612988127,-0.060550446835804794,-0.0024302905903521577,-0.005554986549822449,-0.014994175992865011,-0.016353621312788724,0.027447480574103178,0.002982080687858879,-0.033050082759838006,0.005623011995816274,0.008277683577411432,-0.004350214136790154,0.05691050218275695,-0.008038450921558526,0.0033781736766642645,0.004132302469495253,-0.029793672487326894,-0.02931266675779809
2022-03-21,0.027451051053975828,0.03786625595396487,0.0002397220951118051,0.000296434954198288,0.14774768768352864,0.014669991200768395,0.022265582935915518,0.01853963833947514,-0.002630313315752808,0.0058091032129643505,0.04999996774919713,0.007095227520630187,0.008738015602971716,0.005410975896885661,-0.005637572773055988,-0.006525533840034625,0.02700825311664068,0.014457698162557042,0.02560186441783685,0.0003085238390065914,-0.0029064584726522513,-0.006282190174274449,0.008170304011473117,0.01056672792158464,0.0,0.009808376320040724,0.012219599270044235,-0.0007300491723543079,0.01206030476330855,0.03800472269025823,0.025299543887176368,0.006569291586695503,-0.014467065755531028,-0.009620872281757564,-0.02439933464536337,0.00788474391096794,-0.003674372898991418,0.006711989892010717,0.0056621584045906115,-0.01830511578058791,-0.01754392520177983,0.0049993076387042645,-0.0006321111138943847,-0.005173064782213244,0.001546103174490776,0.07653682781445381,0.004880298520882231,0.04416674646120944,0.0022654863016884352,0.01863814059741875,0.028374451819379365,0.012528452266726386,0.013277740553423678,0.007299358325480121,0.01787136842720849,0.009730423232762409,-0.005870628652230647,0.008631495469410666,-0.01645148421021403,0.01548584322710811,0.00862389693365917,0.004816214570306121,0.018390790251183065,-0.06640618815435895,0.015429118473426762,0.01264143723449096,0.019894254171362702,-0.007389433397734013,-0.0058516868367589625,0.010901848861621044,0.05078129583853408,-0.0011773009734808992,-0.01736650873332113,-0.007864391312689789,-0.005128193672567338,0.027957811682299383,0.05387201365075245,0.00041122744339627815,0.005905578784501708,0.005940513585488416
2022-03-22,0.0038166951166644925,0.004589191995015618,-0.0012779010152010883,0.0006346321958405898,-0.01726839225328991,-0.004819050845634165,-0.009371704743562193,-0.007190710975043757,-0.01330131215104946,-0.018151837384993486,0.016369095154246116,-0.0026247985473495383,0.006513572606969165,0.0026041676080708065,-0.0026246876269950814,-0.003489222192340047,0.0047204413523789235,0.0,-0.014784705705109147,-0.009715872692554028,-0.01148849559711218,-0.0021993349539347617,-0.010936400360486931,0.0002824717148326439,0.0,-0.0031261616766783407,0.0076405743820335825,0.01168753046526061,-0.009840090822004877,0.00457693873395959,0.039610430224788384,-0.002228468399902428,0.01790194949889079,0.011428559730800592,0.0023084474476269268,-0.00028800867963374444,-0.007670771009624544,-0.0008107420291973977,-0.00472038994237467,0.01795581747937547,0.0,-0.021683734851125402,0.003036030673510881,0.010000045467152274,-0.014280235525971352,-0.0011651968559169834,-0.005050779218327084,-0.001862358166154876,-0.015671998612197924,-0.0020329020042998414,0.08873987317300136,-0.01312349188310169,-0.0010277360622406029,-0.013547526453227099,-0.011450438300915189,-0.005188913090911629,-0.021221431212356312,0.010429710031270023,-0.05308261725580554,-0.00917680884965888,-0.0014869775035609711,0.025139387757340925,-0.00478567355500914,-0.018828482978560213,0.005255544791705535,-0.0010162416773477068,-0.0059110508377713256,0.012613736742836057,-0.024824106366656995,-0.024509804379889588,-0.042750932003909003,0.010017699777803424,0.003855937874705173,-0.009159764672340254,0.06958753330193468,-0.027394604942053924,-0.015974414920158386,0.0028797891279537247,-0.0019569036775296533,0.00492130159025761
2022-03-23,0.0,0.017473641787844052,-0.001599187064368568,-0.00968416297516117,0.0,-0.01210681305926442,0.0013138514319188666,-0.007922314506966122,-0.007670115918834042,-0.0495797662039289,-0.012298724017355878,-0.0038780575569878906,0.0023683750015652816,-0.017142978703151512,-0.0026318413837901344,-0.015756955890494972,-0.011678067565265682,0.0050899678991984665,-0.010330803119428134,-0.018066176798660405,-0.004683434920100371,0.02038607362337075,0.009943459765363816,0.00602676796960111,-0.04422380636210943,0.007279726783917528,0.01000891583351149,0.0036100199864295135,0.010667338852411445,0.0364462080065755,-0.0006246239062380754,0.02472889023145841,-0.018915111802274565,-0.016384107988711594,-0.013051571651645943,-0.002592338642134484,-0.001783536031804478,0.0027950806766512404,-0.0037715824831947575,0.0,-0.01315779152432306,-0.003259455455828064,0.005422216572495531,0.006336702704260011,-0.01771731280076494,0.024503892132935023,-0.009957670089799975,0.012793387200069617,-0.0010718319521190178,-0.008827920425371172,0.11986266259982847,0.0003798855174341753,-0.0033434608614356653,-0.03499668004394607,0.059459473526017215,-0.0044709407378843435,-0.016025691020184807,0.005734277235838636,0.038832170249771814,0.0038136287792931434,0.0011166907265740544,-0.015076389310519689,-0.02667373915388116,0.03837949384702144,-0.004432548960100924,-0.00043583781934908306,-0.005797286294586423,-0.026138466600901022,0.0027554029281455783,0.011055337935698573,0.058737818546891196,-0.0020419691098975123,-0.027848943550691452,-0.008711274917287959,-0.03036138032332092,-0.007902858159634651,-0.019480455514213957,0.0,-0.00058833056375307,-0.023996134350662834
2022-03-24,0.07604574443401146,0.015040986413446422,0.006047097486597819,0.011487001104340422,0.16773157755702783,0.0073531105706414746,0.011897447408667938,-0.005475894873890885,0.015224554721709582,-0.028293601823701775,0.03616961007663422,0.00820362936754182,0.01673932224954844,0.008985234544593101,0.019684560685200747,-0.0038924572806213753,0.00027172316550139186,0.005401723259900848,0.006552693287038336,0.009516311140315148,0.01603352979919559,0.04238636083242886,0.006537612941368343,0.005991164284316675,0.041548590561236054,0.016344272151181505,0.005405498683874965,0.017985709671183292,0.016959980271170627,0.021978060200698035,-0.01812499761581421,0.03316194394061478,0.009094112476311755,0.010338874469801418,0.004667343472888996,0.016749982165830346,0.011615627297777653,-0.0030570801882660037,0.005162457538563148,-0.02645857501386195,0.017142841314198742,0.0071943167098622585,0.008528844785398837,0.03384482009912726,0.020029766721221476,0.08200457380070314,0.004404408808861282,0.032894477743041106,0.004138005733255179,0.0107330311901217,0.006116548508849018,0.009115191480764118,0.006451293021015658,0.01813284489427014,0.033527443766679044,0.011077983842462835,0.007664290506222304,0.0008774550523962255,-0.0028106319188291318,0.003256547006091015,0.016363082217049296,-0.010075501959587396,0.0031692839993611166,-0.026694069300988055,0.014041205585683558,0.007413884658637571,0.0037378161270567034,-0.00041925752287752527,0.021460541391739918,-0.004970197678855426,0.004585070330968222,0.013738763162703727,0.001317006915295682,0.01434748278469411,-0.02982100725068737,-0.0008169267144340076,-0.01986740211527893,0.005742309218202735,0.0005886769003657921,0.0105368290847907
2022-03-25,0.007067042604371743,0.03383834496811544,-0.0008359773740943544,0.008105686598519402,-0.17783853954496687,-0.0024333498592303826,0.024638975251056072,0.02890575567602105,0.003229714836602282,0.043676115187198716,-0.021459283736964152,0.026065267052315155,0.010768554147776666,0.012048314549222061,0.018269323657340797,-0.0021008672499143177,0.015342681986711293,0.02115508718111525,0.018319463461489827,0.010997893476208054,-0.0006859288886772452,0.0176121309956212,0.01612025788861904,0.015445937600960136,0.0,0.013893517296505564,0.02732983444248749,0.012720792766292899,0.01862859737226641,0.01612890016805668,0.004455741225604548,0.015521349445033472,0.01045431384811324,-0.0005684476479969058,0.0034843290015507122,0.01481725652649546,-0.0027968750498369443,0.027148926806937146,0.009586781514554277,-0.0055749074271356225,0.06741590594993041,0.01948064450114151,0.011565641066962007,-0.007993963097529866,0.0013678149384799276,0.08000002346391533,0.004974220217001557,0.010446014128873582,0.04685598343558639,0.02846816634644611,0.010941945848999879,0.03594274481984239,0.023077099921787747,0.004947189868353297,0.011283546376940956,0.011400355373495152,0.00361282335191504,0.022523838316010902,0.0,0.02758999913511162,0.00951360299765125,0.013016225902644507,0.016353963191177767,-0.012658216387505639,0.017449143176685666,0.02352114608532152,0.030835806316290126,0.019089589015656827,0.013194763166000989,-0.008991024028971895,0.041077116604205655,0.014994183277065032,0.02038827876663718,0.014851348900151384,-0.004098351262815991,0.010629705725353045,-0.006756843329105089,0.002854670919098634,0.005490231466503515,0.028136594872893328
2022-03-28,0.0,-0.012193956628757663,0.012509357291829337,0.007035575390001769,-0.028286201301122693,0.0,-0.0061591857663527705,0.0033445872728918857,0.004139382213171006,0.16216212845468925,0.011695929726650789,0.0033600363915102793,0.00016187232720432654,-0.0027605781026038834,0.014231276926427228,0.024442701874657136,0.008157508690676885,-0.0009864292864402158,-0.002824917529372528,0.004817294390695004,0.009268722015488784,-0.012471515915768228,-0.00115523095984027,0.008338688385620685,-0.020852180217992844,0.00399200372137698,0.006105574967224081,-0.023726478364705428,0.004441369423268116,-0.045502655581976637,-0.015842839304847534,-0.007864634856143748,0.004281106417438618,0.0034128522086460666,0.0054011735881296374,0.0013061233617648327,0.0013284490160183626,-0.0011416048398236178,0.005143449371379782,-0.004204654358231363,-0.01228087962739055,0.014904410253602673,-0.0015982830188598918,-0.00844199971735693,0.0020487987341717417,-0.07212450117304481,-0.021035772250001084,-0.001260824996112575,0.010059631050937545,0.008128128415807234,-0.02465423437041947,-0.008355948091098853,-0.0015038547384321754,-0.0118149596420416,-0.048117075328972136,0.0030741647432517283,0.009473426431113152,0.0018001055174807767,-0.04171362912433241,0.009739329344854664,0.006523893829398331,-0.05690270764265426,-0.00018312292430411325,-0.004273500354724069,0.003983144580074649,0.0009868892095095116,0.0039016940084726226,-0.01255652535668661,0.0027819380372502422,0.006048333213803492,-0.07759748320283055,0.003125096143602235,0.0029003932087867668,0.005052298433402047,0.018004073793386643,-0.020024190002173592,0.06802717295188554,0.0008134795774359382,-0.002145204529747091,-0.008692910857347469
2022-03-29,0.04210539708788685,-0.048835901205836585,0.019515918011338895,0.004449409651234193,0.0034246541787590346,-0.0048779569198069694,0.011800663160163039,0.008444580006120805,0.026107698439791438,0.005251289964355532,0.0028901492726782774,0.014601610147579658,-0.02900988111127223,-0.0032871216420174987,0.008017995226446306,0.02817496945019249,0.010744178149548311,0.013824967139863809,0.032428860169491314,0.006804936747917267,0.017176769460615304,0.008505043728903816,0.00686196599850275,0.008451593262639001,0.0037037001061668295,0.0050509490261529955,0.007513358176251428,-0.008577468076493844,0.00893015031625577,-0.027715963164399837,-0.005151315201648687,0.0119654252674124,0.02841936159544245,0.057823183361996655,0.004988739739595571,0.00041931424976415776,0.026979300883397173,0.009758275984646403,-0.0005059118449092237,0.0,-0.048845280489638765,0.007029096333713403,0.004433001929730729,0.008126879572531331,0.029013859199877423,-0.06932781130006194,0.015899703980861046,0.002777104441711531,-0.002020504923714972,0.010677958690807898,-0.03020954126622033,0.016303243126977174,0.01606428192926157,0.04516780514208385,-0.012454007167927883,0.008465077568375223,-0.01013519239101468,-0.0059034820524835885,0.005882375380572125,0.010949009832078582,0.02412676899516475,0.004712100561700572,0.013807776351503653,0.02145931003093504,-0.001322596443050994,0.014929313256064614,0.02173621141563653,0.012716196601757268,-0.010213133353626502,-0.007013997799095395,0.01235733413591844,0.024072484359038304,0.011889424076704236,0.03172121772917946,0.05912063441601223,0.0414857349887785,-0.022293048227018275,-0.0065013712918666755,0.0015634402991735463,0.012991173615502838
2022-03-30,0.03703699677307237,0.016621419837298923,-0.001967965817026185,0.004264427746621724,0.018771272042834575,0.009804078863214771,0.009984876258466446,0.003966262077593541,0.0,-0.014179073566581213,0.025222590407240286,0.013202956679750688,0.015005001972601795,0.0003470512176322327,-0.00790452049302437,0.016270037016925087,0.0020995824784653117,-0.0006494067176869844,-0.0018052362194014293,-0.005837229580085479,0.0028423831514083897,0.01328923158102735,0.015085249974090997,0.00459572320043744,0.0332102999639996,0.012938423800615606,0.006229091085482752,0.03316504566781986,0.00575748617547478,0.014823093289157319,0.022006482639824965,0.004138245407554919,-0.012435338602250101,-0.01768492192658766,0.0007633589044555578,0.008894273021095689,0.002870978967540516,0.012623979553840536,0.010408162242148356,0.0014074246330517681,0.020541442242535846,-0.005733906263738486,0.010175389341861907,-0.0023032473780844054,-0.002270934899657351,-0.00879307757855019,-0.013162392847119064,-0.014350423995332151,0.007934718355216086,-0.0004311934386176386,0.026064935836501935,-0.07462124776512657,-0.0007408712424318287,-0.012074983788269877,-0.014932228846009088,0.012156197038284855,-0.0056884739625856495,0.00843449742562008,0.01578950010178093,0.001676134777609306,0.009142291023725102,0.027630458040215577,0.012988005675184766,-0.0042017766390675115,0.006510855291825379,0.00610609882470281,0.010988732969361426,-0.04034591244821761,0.006496769955475212,0.02219982547086108,0.026760639558197186,0.003594950547695097,-0.02254691483677207,-0.025201461963305305,0.07156495742232605,0.006738105076574019,-0.02280128034537854,-0.0028629346809965206,0.007024547978660589,-0.030618791096533426
2022-03-31,0.01623391049298628,0.010750309441621253,-0.009164838795494679,-0.0030919013888670577,-0.07537685512224968,-0.019417648441159674,-0.007310801521466903,-0.00899901336816511,-0.006584050539487851,0.023467102098523762,0.004341588249642037,0.0036486877244314986,-0.010315322581534558,-0.007682916941684548,-0.006965388616869017,-0.003736852800679258,-0.006940793142456547,-0.0045484579109458245,-0.003472228461599558,0.02472182864183181,-0.011670561580866656,0.0050440358418479825,-0.0026400819296276135,0.001614670254396433,-0.04910716072333132,-0.0005276936177978087,0.009214016064535091,-0.030007018942221575,-0.002477755599961662,-0.010112477557001509,-0.02659911825893735,-0.0032381634799377723,0.0010494830625353835,0.013093276183349323,-0.006486072038002111,-9.217358959412447e-05,-0.0040078640611324046,-0.008167632888453569,-0.013140736751486637,0.018974031373808486,0.0018297536571934003,0.00025099673056927507,-0.00424769019298421,0.02500966822119932,-0.0026553105071974725,-0.006912366367262446,-0.010285401306662445,0.0017880420660196794,-0.0076556698618905905,-0.010785248824908056,-0.0024783750151388118,0.007401306924630813,0.008158000833476065,-0.00964949538258797,-0.05656100290757926,0.0008578535164136536,-0.012776299719705397,-0.02714011430903307,0.0,0.005277353489948622,-0.004878314832842956,-0.01180663832307427,-0.01495844659496326,0.04641356068608227,-0.020283016643216745,0.00013833108806493577,0.0,-0.007936415007082198,-0.009112589715909114,-0.022704885815624576,-0.0059442644319437354,-0.03664902872095499,-0.012670664289500255,-0.011203165956584216,0.012466579856151405,-0.018110037101953358,-0.003333294999910641,0.004921914124981663,-0.01298226430876126,0.0004961252285704543
2022-04-01,0.006389689401979037,0.01008176117491777,0.0185770791868054,0.005375860327194948,0.00905800559920844,0.00495053995472472,0.016068299112972362,0.013289147286980718,0.04201308456134201,-0.09689351888035258,-0.028242002609058625,0.018436906110450568,0.01048929018015965,0.01587308753879757,0.0002522259332713439,0.010680035246511732,0.007780601131436082,0.016645003251925194,0.020398119308606688,0.010102564661016444,0.04116056645523769,0.0010036320962194534,0.020648957622387387,0.010388505584157048,0.035680763197375454,0.015103572276339294,0.013409423253081476,-0.0028775663729770917,0.028608242745955303,-0.03405205345800211,-0.027325964828962546,0.016686331161758217,0.021313516048805603,-0.001077004826962269,0.01267295344894781,0.009878522244012755,0.029749879350465802,0.018983861462644747,0.005416691524150696,-0.0179310502677128,-0.04018256033712686,0.02042834515874281,0.017915793094772425,0.013138155115694605,0.0368927095036371,0.03480261175602606,0.038283608127260615,0.037226012773065476,0.03289675139893822,0.028565007451472946,0.003726605443701736,0.0036738217019425257,0.012260755419579272,0.01981148150757872,0.027178236607703354,0.015142733709285539,-0.003863371474226107,0.01052714715871006,0.0,0.015620592145431766,0.016106397130042804,0.02841363404943542,0.02521919584158927,-0.04032254188043427,0.02607438556258046,0.022203480435065037,0.01212375596424331,0.003027092685396804,0.02235261427875246,-0.008080800685720813,0.02115919947857625,0.04891293216975279,0.001645547019785809,0.02806343198826622,0.001319258345077845,0.039093905515639404,-0.020066985423534467,0.007346938404735548,0.023164745534289377,0.0014877101917616375
2022-04-04,0.02222211884560088,-0.008116724962190847,-0.008889205873780615,0.007198044873933718,-0.18491924202241616,-0.0024629041639857574,-0.01836749396360826,-0.006776216135240931,-0.0370849662042515,0.03931200169833704,0.029359318056762396,-0.026516762783942327,-0.012187181555121218,-0.015625069443717665,0.006911690702727569,-0.01343848272222714,0.0022243292241637125,-0.007062667740986517,-0.0025610790673520345,-0.01612198076567306,-0.04163971783065601,-0.016795915282879048,-0.00970808368083731,-0.00912945984128033,0.024478736563934733,-0.006867104836538296,-0.003378309755281972,-0.03174596097263527,-0.005662544500199429,0.002349971116439642,0.016722408240103404,-0.005228659524033841,-0.009921321041599152,-0.012398855549679566,-0.02768289326839224,-0.010284589512247977,-0.029867313044684707,-0.02415985784577246,-0.009652528218041523,0.0014045265509228244,0.0,-0.0001224436437018417,-0.00035889003842359823,0.03816223173127886,-0.05116913267197898,0.04035871578207706,-0.017047553521743475,0.0066372241547092425,-0.028044268197783273,-0.023107548518318755,0.04888632338770038,-0.0034677602774776384,-0.0062982592269746895,-0.010509339517463467,-0.018677157270894806,-0.010835879580167407,-0.012216460722832001,-0.009462418926351468,0.07944727081702929,-0.006177436056111096,-0.011026569373245199,-0.044908703118383686,-0.01983779398943819,-0.03361351188145911,-0.033482293029174826,-0.013491714921237574,-0.00674662593778752,-0.016382713258778825,0.00862087497713171,-0.0030549627192965056,-0.019819843195327813,0.008453776430178639,0.003941934198895991,-0.015598444299720682,-0.019762802933475654,-0.026625708502549528,0.020477915454463647,-0.008103597052755429,0.006523339125237726,0.004951136005900469
2022-04-05,0.055900642197709294,0.005197431310405065,-0.014149407024306004,-0.0012658437963870561,0.013215846538256804,-0.014814946307777799,0.008810209864075658,0.01034332459389753,0.0005599462764831475,-0.01733643188566969,-0.030826812084424504,0.00576182845013018,-0.01396688440290994,0.002292790638976694,0.006062318764928465,0.00861241937213686,0.011228676859685871,0.003233113264547116,-0.008701372943655472,-0.0012135047306101043,-0.008284013658189981,-0.01121922592628466,0.004938749657180885,0.006530159516168643,0.0,0.007333723414278737,-0.00720361046728224,-0.01862900992501304,0.015911506995969216,-0.026963396804722928,-0.019736854901274303,0.0097824355209708,-0.007256273214753639,-0.03657206698958182,0.01638046826954609,0.00872892427180294,-0.001294927005648594,0.0089789700441667,0.006459737295082757,-0.003506324679686479,0.01617497153208869,0.0137573123510637,0.0027547140449137864,-0.05353323249128705,0.0011597095294413329,0.011853912818684975,0.005978181368571089,0.015140180871589859,0.0053646683503520975,-0.004340485919580694,-0.01769926955089196,-0.008505571361426378,0.006582070632302317,-0.01158671412047274,-0.008723219584219954,0.003841212268943295,0.005889295499858838,0.0011392580826934395,-0.026666666666666616,-0.004185893651483141,0.0003480870199292774,-0.0256567338705338,-0.0030584665543528233,-0.021739110153428554,-0.003159639846119333,0.016821877238323957,0.014693773278629862,-0.008985436953978465,-0.01845692977080049,-0.002042850272449881,-0.00045956933716218007,-0.01487293853440852,-0.015706670273058165,0.0017221837302241472,0.00896076461140427,-0.0035678981185311986,-0.013377935726857637,-0.0004085673686133884,0.006099692510908028,-0.00886829606686057
2022-04-06,-0.014705867313433152,0.02123234834876464,0.009215463875443142,0.021957668178231193,-0.021739110153428554,0.0,0.015137650426878313,0.01132649001866426,0.007944252884005687,-0.05693664979496771,0.026753720399393055,0.020703085758492668,0.01827925780462003,0.010205861682565764,0.010707162811494308,0.013368084069170783,0.01755951478376172,0.023847771704664344,0.002734006846336401,-0.004861189318172698,0.0059667321541789775,0.005673377822369874,0.024722685424851676,0.023373658797518182,-0.02654868899744267,0.023400876988101782,0.01778372685195695,0.04935459905663242,0.018877353248175632,0.024096306572490178,-0.0067113711648050245,0.008241785867322493,0.006613122103888758,0.004532460286424067,0.013814557438924124,0.015292286848531234,0.012820347271567556,0.023587543972661384,0.02601186129837485,0.010555919643039813,0.028089842406836096,0.020356430280013438,0.014930752232789724,-0.003393535095978506,0.014287128583917452,-0.013845010184812656,0.012211731025774997,-0.016598325676068115,0.010672271782268927,0.017872946114905863,0.05405406669547275,0.008383594497162417,0.022523769655340864,-0.0009769915351741654,-0.04000012204625625,0.02154213718143838,0.03181115715098959,0.02400763719255239,-0.013698630136986356,0.025350257917667873,0.023685329937218613,-0.024024367798593627,-0.006857237796163318,0.011111153496636383,-0.0032827583292102114,0.0290516509400931,0.018442930546556324,-0.010393661970776624,0.00492229684142087,0.009211790654733987,-0.0027585961352819544,-0.011528929655268971,-0.005651546024988963,0.02424379782977848,0.045736908013964905,0.04336603168087905,0.02372878881704743,0.00289015395842962,0.00795751751422058,-0.005468155683679865
2022-04-07,-0.008955214585517846,0.012388071567635883,-0.00913131457583427,0.006841983645149652,-0.026666641235351562,0.002506323299159341,-0.009750151295332188,-0.008184396467085464,0.0013324960320479917,0.0306122151080499,0.01997685750231648,-0.008419219528864041,0.010134791616676742,0.034314555050517725,0.02389760747623848,0.013210743150021687,0.02042936377179383,0.007554285330552357,-0.0033005947415776227,-0.023660397642225495,-0.002372536571423889,-0.023333271834289904,-0.009301655496838368,-0.0025185666294953446,0.027272744612260258,-0.008536544165238191,-0.011881505218656274,-0.023154944110802655,-0.004935329314434744,-0.0058821886564107695,0.0047297090487903315,0.007656499588994947,-0.012448157230452783,0.007896438066028688,0.0060558317589576305,0.004329275867864801,-0.011804583995424278,-0.007006196908635132,-0.002579070671294703,0.0,-0.010928760357572176,-0.009143877030366898,0.021536950544074118,0.03405219411144067,-0.013609981845532193,0.016198726799622865,0.007096972178727512,0.036692634376652045,0.0028536509604581983,-0.014775419304869586,0.07407411023117216,-0.002900089883793089,-0.0068691274015211246,-0.008148594904544337,0.01000011030530068,-0.006520798779242054,0.043313938489770276,0.02276032741229872,-0.02638891008165145,-0.020002581299053412,-0.008846626994576612,-0.03794473560402334,0.006904584171712358,0.0043956000193670075,0.0011357743001405574,-0.009802525081557989,0.000938894198576623,-0.010502824781291609,-0.016200175862865818,0.0,-0.012448153578406673,0.011385771672028033,-0.008024217015742185,-0.007554373779861123,0.01656067309310294,0.002478533889798573,-0.006622521385318159,0.003705190667773195,0.0020930943939956315,-0.00716429735257007
2022-04-08,-0.0030121198474190036,0.013513515981468327,0.01003893379060794,0.001510230865580553,-0.08219180915714575,0.009999879710791193,0.007032986168551192,-0.002605804952688695,-0.007871612479916634,-0.008250777948814902,-0.0034062306755129335,0.011706910500146384,-0.010065828076132766,0.0424385430383174,-0.0012030613457554296,-0.016116767099953577,-0.0021137984180130687,0.014995489916966864,0.005543051550319866,0.005472075105205532,-0.0030575371548841046,0.021790356158481572,0.00748194032612548,0.004266002417825598,0.0,0.003587600610953867,0.01782402196020727,0.0,0.002683145064894754,0.01183422117110311,0.0006725103536515675,0.006021519822970056,-0.0038513233372703404,0.0011189701242662053,0.0018811271235565918,0.004535043066726807,-0.011370280359911167,-0.0017849414965946941,0.00198064664605746,0.009749327762529347,0.003683211444585943,-0.0010785084263399414,0.010138297060302781,-0.013172351672104177,-0.01881522699076643,0.058448994924398034,-0.00301074036278115,0.04530433531048628,0.0,0.0034775764376642204,0.055702831855672263,-0.003102676928555481,-0.0024084626543733334,0.002629055068934738,-0.009901098230848615,0.006702783159543646,0.00018127118151611832,-0.00853336136073013,0.03851647127543778,-0.0005073074647657938,-0.0006866471339714852,-0.044022351397671966,-0.005052705774744148,-0.017505557448180498,-0.00760080611931746,0.009635623993547116,0.01916367360241611,-0.011969225023571117,-0.004978508491434663,-0.006085138745593244,0.022408942134764853,-0.006864381361537553,-0.0006742207232449671,7.698951898227335e-08,0.034669828161578486,0.0005704092350022893,0.0399999478012969,0.006152581750485053,0.016328093133858523,-0.0073838121466250906
2022-04-11,0.09969793801576432,-0.00713918054975804,-0.008308584629291293,-0.004563254538667572,-0.05472637553583393,-0.007425498337852443,-0.009859420687014397,-0.025908856680139536,-0.008045452058373925,0.013311134885087839,-0.01737380579421466,-0.016912472855608818,0.011161880522352785,-0.00840065898403386,-0.005830116539113694,-0.01847920093700306,0.0023674787777590023,-0.008002698383245632,-0.012385301086943912,-0.0026433735760549304,-0.014653343124915064,-0.023381349900706505,-0.003567545053796195,-0.009709431125681456,0.0,-0.013379675798720014,-0.015983040730350617,0.026666789788962753,-0.012406734038873601,0.0,-0.024193525128260562,0.004845420320234384,-0.004218076271759297,-0.010061366100783453,0.010890035533593245,0.0009384823251363805,-0.01179223358868342,-0.0105594929142947,-0.01251904819929528,0.0,0.0,-0.0093578309656972,-0.011975204712059817,-0.028921036017165225,-0.005113509874856481,-0.02510060784063728,-0.001670824121356218,0.0433409985652955,-0.0024186488357165192,-0.007364108600164565,-0.06030141943611711,-0.013421321449040846,-0.003138473066907621,-0.0045886967414090485,-0.041666612137210124,-0.004993555736120925,-0.02247612345697847,-0.0006750547209872781,0.0,-0.007990657758722874,-0.006870589449356923,0.0001169020111024821,-0.023306513101233217,-0.03118037274436891,-0.0077733290566724955,-0.026277958026748927,-0.003286996525112107,0.003885639383687023,0.009493396461219383,-0.0051020601797675535,-0.06118722264515819,-0.008570514261167728,-0.000674385358044649,-0.02111006251394476,0.03593057766456953,-0.009883985874648116,-0.05448710458264794,-0.004484159558635237,0.006911877045034931,-0.001521516270635348
2022-04-12,-0.01104979500533132,0.0052872367475158555,0.021688920790436494,-0.0033086162118953766,-0.03157891764865317,-0.004987714708327484,-0.0025725800147688993,0.009834550680187792,-0.000788744148208842,-0.004926142702246339,-0.006956724444336482,0.008278251469886033,-0.012676455202817571,0.03128062644935903,-0.003683170013704662,-0.0014846914632447028,0.006961616683176075,0.0006207902334596227,0.00848144189013933,0.00015589735882137745,0.005360648939103374,-0.026834926433628614,0.007233702412230869,0.010417373875664548,-0.06017701714140944,0.012422377123583184,0.015254155023364246,-0.022366650712634772,0.0124804245082355,-0.022222132242782577,-0.017906351286842925,-0.0011345604053768499,0.0052946289944313385,-0.024844806352243842,0.004086065976987907,0.009333433139216973,-0.005598058813883755,0.0017211409188482296,0.0003334096583222923,0.0027586180588294873,0.009174179945349525,0.00835605286296337,-0.011543506229497291,0.03283695321475233,-0.0025698143114848415,0.06797084666844855,0.010812899684182087,0.048247492516682255,-0.009128627477516305,-0.002618498307180861,-0.039572158751401965,-0.006900745722814294,0.0055706712681915516,0.004280568815763441,0.06000000000000005,0.002648594320362907,-0.01520491869025331,-0.0264290036245054,0.002747210712340298,0.00025576854609821176,-0.002767112479652334,0.05691238763706452,0.005942388646545282,-0.02298848432756806,-0.005760186061490535,0.014232054248177084,0.0006592801366851475,-0.004098174277089139,0.029355868858860212,-0.008205120380108122,0.02675102911944416,0.013942903964877962,-0.003374855795873155,0.0027826304713924888,-0.010132571395432444,-0.006335440704835937,-0.010169457223634049,0.0036855558809996136,-0.00426694677685413,0.0010159394265814026
2022-04-13,-0.03351949564103396,0.005048744836593011,-0.0003830377714236777,0.013878068894988216,-0.008152165990639837,0.0,-0.0024956623212138984,-0.014829655498139527,-0.014317787339638732,0.015676611868949086,0.02159961092872753,0.004490120474627934,-0.010948238881085648,-0.004265382718478206,0.0245647263485671,0.008148609386071648,-0.00012360414671575004,0.002170566337102553,-0.01171669705514844,0.031332723981219335,-0.012728154297504624,0.04136279821979261,-0.008850020227478272,-0.002685521438874794,0.010357783226233597,0.0010222577207605887,0.008069017036135717,-0.011070076752406344,0.00048665700780703425,0.01674624872646424,0.011921463784385633,0.0035496469957325694,0.0049161059913545024,-0.009843592261205125,-0.008139035683985663,-0.0019467397225571004,-0.02400012839543786,-0.022166752853394978,0.00422467083554956,0.0,-0.013636341689243103,-0.00852728353612886,0.005839006539803959,0.035120118164169156,-0.01803619526541267,0.05593055176218442,-0.004202325599795387,0.0010319073062126094,0.004606332361136056,-0.009844592198950175,-0.028396738270272448,-0.01191190797087649,0.0014450115028152855,0.003278690767111403,0.018047639997971876,-0.005144186480368518,-0.0001881791116201681,-0.012055471556535524,0.013698630136986356,-0.011376987600664967,0.004856016134268337,0.03494035475547008,-0.004430381520553084,0.030588262221392437,0.007068422954942255,-0.0023829789023601666,-0.013579277710129456,0.010287741171387532,0.01851809302507057,-0.011375352203658262,0.04405496344323856,-0.0030250266075203536,0.012529520427607688,0.0006938056628849054,-0.023621904178419917,0.0017390087139030896,0.0,0.010199732783681803,0.008757195888256852,0.007611515541507963
2022-04-14,-0.00867048701315154,0.0142334425770132,0.004254933206423228,0.002011682289697614,-0.0438356388082729,-0.005012576487451126,-0.00133443424509605,0.001123413261998607,-0.023790490375860895,0.0032493875296124575,0.015714444934322946,0.0044701645237872345,-0.012746504277497461,-0.0011107589675313223,-0.0065990148864568665,-0.019430404289499825,-0.0006175755319912657,0.0024750690872368253,-0.006764083831422241,-0.014812682065363458,-0.02926799007804659,-0.009605613072386499,0.003951971917752539,-0.002258932521573498,-0.0018638867607245757,0.0013281676906655715,-0.008556414738780882,0.0,0.00672776019264254,0.018823864826494674,0.018710983948663662,0.0033955574936495037,-0.0013977303214082193,0.0005847365147468864,-0.001118880736024952,0.0017731133310883163,-0.031117054771910513,0.002284462942305332,-0.004206898075940102,-0.009628634366578903,0.012903181442094791,0.0006053508780159422,0.00905618038896594,0.017857021432586828,-0.03380746695932024,0.04566216425725789,-0.007673442492351246,-0.041237036554858886,0.024931931679060826,0.011710122137003509,0.05730675496291515,0.0022101324346641693,0.001202384243962129,0.0009805036069681083,0.037067060143446406,0.017470194580861742,0.00037660712416043296,-0.01580201828857586,0.0,0.0025861046890747197,0.007939376364752171,-0.023824801229212822,0.01131111204574653,-0.0091324111433575,-0.012887136622083628,0.008359938851707271,0.008954735748775589,0.0011316870851694194,0.01212136431961186,-0.006276194245094513,0.03811244148576565,0.004413692334547248,-0.00969891221107233,-0.002079738759417582,-0.004435473764082931,-0.014657721665449097,0.0,-0.0024232979663620924,-0.005726081091884994,-0.008897154343210367
2022-04-18,-0.07580176837643227,-0.004643480464696981,-0.008931765072995868,-0.008227763807153954,0.0171919606348383,-0.01259432585223308,-0.0011694538157139833,-0.0006731045124398483,-0.02554186431041916,-0.020242914354489105,0.018002660352792743,-0.0026701168090156324,-0.011042402552062458,0.00031780629450572917,-0.003584643313097602,-0.015703904387317946,-0.011489827923981233,-0.0037037633456254992,-0.00776193428243932,-0.00337514069973166,-0.018664934813819034,0.052424887233617934,0.0,-0.005311157420023527,0.04855270795865696,-0.011119214297876767,-0.001253007946554141,-0.0246267734003367,0.0019322503386827172,-0.0011549759050689667,-0.00544217175129702,-0.0011278128908297491,-0.003848882899750161,-0.016364682826237487,0.01530981495179451,-0.006947385169185916,-0.028983285762321342,-0.00990610208094822,-0.012451210200402074,-0.012499955296515264,-0.02729749987515373,-0.009442902909945872,-0.009665180003134655,0.014736943073422326,-0.022247655480749584,0.11353716271687375,-0.008698723081983384,-0.008602169979464613,0.023486667570341346,0.0006552688431296083,0.011382350746256042,0.006214962361467569,0.0019217002624181134,0.000326400876123234,0.05982920137085168,-0.00508230197967896,-0.02409636302437479,-0.022031834901013125,0.012162182782147424,-0.00515851605643991,0.0006848515180601922,-0.015322332417860296,0.0041253349977339315,-0.043778813488558055,0.0071106335178330315,-0.0021053761063385412,0.014041827528066042,0.007233156129616836,0.056526949280736316,-0.00526317797209086,0.034090940352087484,-0.010711537423918949,-0.0013508830911390657,-0.007815332981628842,-0.038072197558866594,-0.001957297473974662,0.010273937592499172,-0.008097252287025847,-0.008173834397991575,-0.00762175626440631
2022-04-19,-0.006309149985585072,-0.005494578818647788,0.01767814363324316,0.005715821237199936,0.019718291319166026,0.04081619108685253,0.008444862076004256,0.004715841141418986,0.009258067955910887,0.019008226031840048,-0.017131724043271235,0.009433970936158165,0.016765742811064355,-0.004128333545748819,0.021775529705976293,0.01444653113967953,0.007499250254491052,-0.0034074870090866627,0.018007055793518356,0.00015392945473280406,0.00566931230507417,-0.0037364158792164703,0.004374395590400537,0.002013252619077699,0.0,0.011037849728793958,0.0008363651435496777,0.025248564066280954,0.0008839127452966444,0.030057693215898462,0.004103995901939994,0.01242214975816247,0.00702496069762204,-0.013665999624892455,0.018389086549724487,0.01145222171882776,0.010325794711735004,0.005843780077634753,0.030507798400791986,0.009142061322062078,0.02899904086519922,0.005011015928817253,-0.0032533359707043186,0.019363827337617767,0.006195859947798921,-0.04156846052708374,0.013260530421216776,0.07093277068545722,0.0030051013288996398,0.011348819407563493,-0.011790127877605028,0.01255218130009661,0.0,0.013707597688739748,0.005131423016730086,0.008973954015810248,-0.032021701095587995,0.01377216444586149,0.001201553218387108,0.008815220580396854,0.020875992074906646,-0.00011117190515508302,0.013694784817028793,0.004819272401665575,-0.0004629481757324472,0.005802290613066807,0.02011707175129218,0.024236927238412198,0.0031739865254838406,0.01058205116276123,-0.03888419620571437,0.002221124649657069,0.02739260478030925,0.015228407510244013,0.009684288545043662,-0.0066679815214685245,0.06440678359728791,0.007755333719414281,0.006742847909335881,0.013654146650487586
2022-04-20,-0.0031745648391832137,0.02387164185246382,0.006509452060740717,0.007933283226805754,0.005524922645682384,0.0,0.01724566706802788,0.0024585341658931448,0.027400775994373072,0.02189784748048207,0.06550470439628886,0.010229580764422375,-0.004020957568245609,0.01817604530512451,0.013143854453777415,0.02655366075982224,0.01734470039871505,0.018029069893038985,0.005654905383103204,0.014468124464193322,0.02109497584208464,0.013250130500227053,0.00979862054079228,0.00838648117363694,0.0035619694708712846,0.00408116230559874,0.013090300771569474,0.02238806978903063,0.010357320143404847,0.09315406856533226,0.025204351353359966,0.015476881216166305,0.011510062335592153,0.19939755504318057,0.013362195942651311,0.011895195731032704,0.015650073586784607,0.006954171684051769,0.0044243231818885675,0.009756054768417899,0.0045455621908552235,0.016539041508798036,0.007809890405439335,-0.007801942590974109,0.01868570012980486,0.06710276425399386,0.016807712301553757,0.005063730249778908,0.00027234036934298267,0.009710846269174844,-0.009761289529147121,0.013380665906064015,0.014864313050882094,0.01191224186462625,0.010941102370760403,0.022577919583470774,-0.008569073778035063,0.017003978844998713,-0.0013334908250398625,0.001798884712519211,0.011398056446214166,0.005891557558625138,0.02386746120581451,0.031175086825526943,-0.006947720897918841,0.003015497595862948,-0.0002557465150182514,0.019500485606799955,0.014124269126506883,-0.002094288729237448,0.014511870141933114,0.014681378788163446,0.0009873414637808775,0.01827588903645494,0.006672211787345006,0.04995068745474107,-0.04777069517729815,-0.0008102047433156123,0.012279045610390282,0.0016836022302166853
2022-04-21,0.0031846747958141908,-0.022093256621498303,-0.010603464975180166,0.00031317298073019195,-0.03296706607672484,0.0,-0.012470361064451319,-0.003121360103935933,-0.013798828505019567,-0.005555606855495165,-0.051978937538491365,-0.004250198312540587,-0.0026801754605383366,-0.0017225889525291915,-0.011814961299497329,-0.012228935153023812,0.006990968106444617,-0.014961739911375949,-0.008578873713179336,-0.013958301083690894,-0.01959047296279781,-0.04983941036306261,-0.006037874831638312,-0.0012994750590292758,-0.00887314795101346,-0.002235506875648219,-0.0005499758706113411,0.0,-0.004052855541977207,-0.03901461435876896,0.015282361416707468,0.004943037980489562,-0.00862067662892696,-0.006027115723140963,-0.0007128712140110904,-0.003874798486151909,-0.010062712347959302,-0.011539561003278243,-0.002882320796620208,-0.016563131463710468,0.006334762089938106,-0.011724034240301662,-0.002659987119097318,-0.01230760860747615,-0.018759873702869467,-0.022239117610203696,0.0023975636563760006,0.00020154905571856396,-0.01075557647775438,-0.01517413172639126,-0.0772179273047654,0.0009710052443059336,-0.0011810808757355407,-0.0019088895196174294,-0.01948038914483896,-0.0008028091901047807,-0.012864357078632094,-0.00017693015948683222,0.0,-0.0007695328917843858,0.006629051628813887,-0.012487579259092163,0.04662209103383441,-0.004651158148691992,-0.00349792811241445,-0.0005226620907106128,-0.001024757995168657,0.005802853581236445,-0.013927552624958484,-0.00419726788812369,-0.0788903215821255,-0.01911009100057881,-0.008220838235575068,0.0066035250858760275,0.007456487000307543,-0.016359479261301324,0.0,-0.014187177884271485,0.01102740470862651,0.016305345228394108
2022-04-22,0.015873059435993042,-0.04029164806028096,-0.010565065468969737,-0.020003077938258063,-0.04829547648156485,-0.009803941734600197,-0.020303754506193927,0.0006709497802686037,-0.007407424813962504,0.009577006234350982,0.08405229262840952,-0.007784288164976116,-0.027145664364361388,-0.03419606437026623,-0.010080563803815501,-0.028187695354019437,-0.012179977610530912,-0.013329140960060881,-0.017232220540633447,-0.02061868265778899,0.007992786504309901,-0.015061185813502354,-0.010630529483828366,-0.008674593929841157,-0.0017905512647325983,-0.01731345549564689,-0.014990970750830224,-0.029197145007659797,-0.015877932997244493,-0.008547002224488343,-0.003926666687887215,-0.00942765171873905,-0.013217215353139022,-0.03183427639534431,-0.0007131488199326741,-0.020324394962454084,0.008100325956387655,-0.012735152467417188,-0.009925601910877435,-0.003508785314727203,-0.0008993018470031533,-0.011741833117262401,-0.01901907992931484,-0.0539979448108836,-0.00010628978833826519,-0.09019624332236653,-0.01403574156191223,-0.194036112447301,-0.007844727966068277,-0.004991438917839264,-0.03857563666087738,-0.009117324697267892,-0.016083386464645133,-0.0149823695999185,-0.019867661729487063,-0.010579845788664999,-0.019954972556016415,-0.041408761504626024,0.05488049998461686,-0.00744540312130304,-0.015805167721305358,-0.04353179577470201,-0.0108421661996142,-0.037383251496717174,-0.02328566503403451,-0.007193564582119061,-0.012694170819734452,-0.01794874391524326,0.019886940774646478,-0.01475230695732066,-0.055058827119715104,-0.015585883807674339,-0.02652525154098251,-0.02018503429884222,0.008223665898033694,-0.012234996124701247,-0.04347833202891138,-0.004111840317556292,-0.05635350660874916,0.013893514663202433
2022-04-25,-0.009375040764990072,-0.013234918168281817,0.011292442034359418,0.007269630098100777,-0.03283579051560903,-0.009900872179959608,-0.008424707975607681,-0.03419766892084908,-0.014688666324968791,-0.0047430409289889175,-0.005648303239413899,-0.03707439775857968,-0.0026923635090894127,-0.005359705931722192,0.0034102130016302468,0.011944511656710066,0.008754464439221676,-0.0025134365394768876,-0.02663511134358365,0.00047166875012116805,-0.016038926528409325,-0.03084650817968082,-0.008113463477774308,-0.00446269153372536,0.0,-0.004559980140413367,-0.0048871666993317575,-0.006766928737716893,-0.008918605035566962,-0.04633631888224765,-0.022996082478916602,-0.00413777418674699,-0.006344698952452821,-0.0464509431437905,0.013204902668605412,0.003747799116943007,-0.01575541176235129,-0.004299938165527983,0.024622793591951186,0.0028168987598808926,0.0,-0.016781190294892778,0.010048514107143802,-0.022685745651179534,-0.017951870841981132,-0.08879267538377489,0.0067028142279965675,0.03700047555615105,-0.008322918227181342,-0.025954265433223322,-0.014197539707163531,-0.023492758162433125,-0.012739999263911117,-0.011650627342121411,-0.010510499256504602,-0.01678408480508964,0.017036918365396447,0.02049139457286886,-0.006329113924050667,-0.006983827816719912,-0.004349211932672792,-0.017550017691010167,-0.018438335883316448,0.06067961333597838,0.0129385584268904,-0.01238261607089608,-0.0220778036791216,0.008268040671394417,-0.006758209106196844,-0.006417156916443623,-0.0323704990537822,0.01583264964541531,-0.0030655149209911636,-0.007725362606266772,0.017536762026287178,-0.020514683260988487,-0.027971963956885393,-0.003303072074402391,-0.03140036195401619,-0.005220205907883191
2022-04-26,-0.006309149985585072,-0.003517883114991349,-0.016331770476393115,-0.00912073882820097,-0.04012349199329335,-0.010000159453137258,-0.005522264505376517,-0.008100053916767602,-0.009136820952948432,-0.0071485426129555,-0.022721447653686666,0.0030224011098995973,-0.011044084857313008,-0.00996081573023544,-0.027377882193751923,-0.030596674844559413,-0.01576832748887702,-0.014488110963014611,0.007828900126640281,-0.03172143659312443,-0.009890261276275458,-0.006256678019768813,-0.008695474362699795,-0.002373136917495078,-0.013452881045931897,-0.009266117382600081,-0.0145922961237267,-0.01135499962857367,-0.012925327476750126,0.0,-0.018157330609771205,-0.01620506643979769,-0.017736668978209025,-0.04871374242342208,-0.03557602495357315,-0.0215576175703448,-0.005762886791441657,-0.003778790921756703,-0.0071503911088435235,0.0,-0.03960387362018214,-0.01133665821076879,-0.011236080823868955,-0.008985337545414196,-0.016549466200837304,0.02365157917859717,-0.02416008641689571,0.009401817590144912,-0.016086214232229,-0.0006714527674789306,0.10269241411219365,-0.004811330244929635,-0.013392011227049694,-0.01931884626208702,0.004552444390881982,-0.018997676962149157,0.0016344340080487463,-0.019446555436572366,0.0,-0.017843308489779997,-0.017136858506697994,-0.0009527203091608261,-0.021727682923152636,0.009153309588224356,-0.010053381560125474,-0.016406882396901135,-0.0009295428221136603,-0.024816686266276977,-0.015616301666114163,-0.009687852847949707,0.008749360454135546,-0.032006495483103414,-0.023915212947065112,-0.016954954355807628,-0.12424859306876213,0.013238500461282943,-0.04676257884704538,-0.033140093911639634,-0.01730315805414917,-0.032633612611631335
2022-04-27,-0.006349208091725456,0.036187042492485944,-0.025252085362759025,-0.004322311745263652,-0.045016035758188355,0.0025253108584339934,-0.008458024137035447,-0.015865541954825146,-0.028633669780637194,-0.0063999938964843794,-0.01690881610959427,-0.005502664720386741,-0.012727323872346985,-0.013194923093403643,0.010337168017887866,0.017308295401425644,0.0021113827418453024,0.0012784066072903943,-0.022550539418745075,0.03973424951378823,-0.03403616804171661,0.006022511824133492,-0.0011150610695400687,-0.003612547541477551,0.027272744612260258,-0.004518816342793497,0.0025628731047551145,0.013782565101648991,0.00016580624221940177,0.005649783816135567,-0.009589064360603805,0.004645979812198053,-0.01914079661254031,0.0,0.002191412300069251,0.009585343907253518,-0.04153923583636765,-0.018603719794861084,-0.013969982098974154,0.0,0.01686965201276136,-0.016255084174066514,-0.0008285398738894223,-0.012844748985411103,-0.018697804091607484,0.04898282665558984,0.003574188884992724,0.061141799943795316,-0.0002843656783856341,-0.012099816105294314,0.027825116502202762,-0.009468131806874669,-0.0004934460769303595,-0.01302178970073442,0.011329067920946567,-0.01136677623101967,0.014480907564444756,-0.01346743886276569,0.0,-0.013261153989703511,-0.011965980761700967,0.00846349868083962,0.013361572811334543,-0.08163257803478208,0.017443470664946448,-0.003525896283230079,-0.007975586006138125,-0.02190749005560655,0.004079338599627391,0.023913072998898333,0.0066326101141052085,0.005750332765696253,0.0,-0.015135672912575227,-0.007322530918244752,-0.007215142484279458,-0.0037736336851513785,-0.020137077966632777,-0.019226669618902403,0.0005085725052933476
2022-04-28,-0.041533518340259645,-0.01501280313795661,0.01798361351531441,-0.0428472091965556,-0.037037081634600955,0.010075798909342959,0.006462148619626129,-0.0004742758071910602,0.016237712370420043,0.0386473059007868,0.014781014465864661,-0.005005933719257616,-0.03630427847705364,-0.00016700911586819966,-0.0069651700978556885,0.020241135790236786,0.006568450638247958,0.003510809263379988,-0.004629557456219846,0.014662391196553104,0.021064585612071696,0.046530541164813144,0.008558214731522185,0.00627837203265913,0.015929145881701023,0.007495114862942298,0.005539276980796259,-0.009063351721203095,0.01358974466325713,-0.00225232959852939,0.008990326009541194,0.012752312606141514,0.030927866469663057,0.02416568280429976,-0.00437308369815681,0.025827842587487382,0.01982200771387932,0.002024387616404555,0.0074684178139499124,0.01825844333292559,-0.0018433615847688323,0.005892337070740439,0.049401775652064384,-0.021920869670187026,0.009415105638719057,0.046409233124775406,0.019748673530907368,0.07427421595112649,0.01365201936132543,0.0015877130516648297,0.09281779660834633,0.0010886769437694621,-0.009876589881553599,0.018944498373141272,0.00913324751409883,0.009936335704169297,0.015480441438561865,0.0324451326701809,0.006369426751592355,0.001343968124721595,0.008304435536415022,0.025886507889591792,0.00890684003487463,-0.012345725525951368,-0.0032881092423519,0.028579169449581165,0.0005357536410679486,0.0076925433549255295,-0.0036112918083486267,-0.023354592913693684,0.04004059472156474,0.016009169625991193,0.009450767204156163,0.003931451099667527,-0.0059937488628670765,0.003731919467168554,0.04166665121960711,0.02186269422790388,-0.0012381877675693431,0.019993088595841035
2022-04-29,0.016666547282330857,-0.03188845451006039,-0.034320098731537296,-0.020745107381926364,-0.013986001160915085,-0.009975289894305517,-0.029192727247568828,-0.037713481447895436,-0.033185471378174514,-0.0031007723283626998,-0.014830516797552873,-0.030319172548497364,-0.011439458136436542,-0.02958881216460163,-0.024614705068116027,-0.016255876214259612,-0.05134208954902819,-0.026399457671939852,-0.02969007796577272,-0.019677362289440392,-0.02719424527940406,-0.011440231616756336,-0.03305774321647692,-0.03198605382015973,0.0,-0.028289975665049538,-0.028389896968002093,-0.004573286109989527,-0.02836831841388443,0.046275539739275784,-0.026730660674707196,-0.021309006384585327,-0.038928500071555794,-0.03988754440456377,-0.04575411684497377,-0.009693701396827459,-0.02816679646461595,-0.03407118476167992,-0.016352470669290575,-0.016551708352976813,-0.015697042594131516,-0.008404556485871684,0.0012417968168683124,-0.048492474073075886,-0.012325420663134912,0.019540878549605623,-0.014667732398384481,-0.034569530509414914,-0.01613396968683578,-0.02264491674842517,0.011122065224923317,-0.01867083187640939,-0.03541155560656417,-0.048804618936844624,-0.0267064561169722,-0.02094177349038795,-0.02850921549278418,-0.027712473586408715,-0.012658227848101222,-0.03339655409220632,-0.02848308361072871,-0.024887701801175277,-0.006577855149457301,0.019999980926513672,-0.029688887902891925,-0.02897595351032234,-0.025712971838711574,-0.02851381355618199,-0.00203864567427392,-0.015217325277273042,-0.027290514658791842,-0.014350057260210658,-0.033287325460024,-0.05286586134018312,-0.0009275326484829982,-0.0019569993333466984,0.0109091436470381,-0.007702009859696157,-0.04338845115366108,-0.02126258692145888
2022-05-02,-0.022950706559638934,-0.0027915507033974274,-0.007615921761460642,-0.009734634182233748,0.0070921919858044635,-0.0050378994546714795,-0.014461925377857732,-0.012817332916787882,-0.010424710261211168,-0.023328090596392737,0.008064509175967016,-0.01187864633481206,0.0033170181805632915,0.0005168883138573221,0.0024839497232960195,-0.0047416761611686065,-0.02427007977631801,-0.01274089781341603,-0.025325473363781992,-0.037008064535808516,-0.016001482916835008,0.02551278954337799,-0.017551795482847465,-0.013253326076424599,0.028745722172397015,-0.007871492535694302,-0.012792498904095617,0.003062728790923286,-0.006815293973133629,0.02481121783751239,-0.0021126572798696452,-0.017672891589443074,-0.02787072482412134,-0.014628479727211707,-0.006137300869326734,-0.0364974855244099,-0.00677976426682958,-0.019534518637837617,-0.010085390660157345,-0.021037881200538178,-0.02345229603466492,-0.014126034379546626,-0.011726239690797557,-0.026552438855233618,-0.03844846065644336,-0.0058336108860646,-0.028031999050222356,-0.06271695851428893,-0.0067015877301142,-0.008572678737591932,-0.021999684751996096,-0.011289687360814704,-0.005170480282822965,-0.021640610679074523,-0.01295713764197326,-0.01162810502232492,-0.014876641540678692,0.027663957206152112,0.00038459973457527497,0.0005619320053431576,-0.007064587807019573,0.015006527310988504,0.004269018746540176,-0.00980391240220746,0.01420606290915738,-0.0024524291746246263,0.0005497855773914928,-0.002560778265354169,-0.011122620025936891,0.01655624851909443,0.0025050674700719533,-0.03596901039040157,0.005739062379304327,-0.0272504565710191,-0.12859789476629901,-0.016274519178173796,0.0,-0.0008625162410478282,-0.0015121943113405312,0.003394735808818883
2022-05-03,0.010067075153945337,0.005038819056631283,0.013237017059223088,0.005499585231624193,0.00704224701794165,0.015190225191221707,0.007605642205269492,0.0024970350888005033,-0.018499802780458596,0.007165541075381698,0.01519997630867076,0.014232619512500433,-0.004320361890929658,0.012224381268351792,0.00857267926942673,0.013883805284187867,-0.009178032741132158,0.010589090689481884,0.0007375576762025382,0.016772632550702715,0.00901229062345843,0.043857386809497134,0.006757649334927285,-0.0031279891514713887,0.006773913705639956,0.0029344869582530464,0.007509692991148453,0.0061069982531796185,-0.004320590260394108,0.05263161722082432,-0.004234327402515614,0.002446737559319123,0.019495411563388743,0.02256529666301743,0.0007720249547256142,0.011676847258224266,0.011774897386420458,0.02168180956287058,-0.001959217502496502,0.017908309406651224,-0.005763582687507651,0.01042081068059586,-0.006275060504983276,0.030796264622529712,0.01613466711131961,0.016764608065455544,-0.010806643874829103,0.06575579904796713,0.02440423868456465,0.024304569316458524,0.009713579015707019,-0.0004230541632933571,0.005717194349881272,-0.0021405280031094875,0.008494460397524106,-0.0050833381218429174,0.019652489507350435,0.017221223567706723,0.0024349922386088796,0.013756320078184503,0.002134300060485206,-0.007334077487959223,-0.013359904606196848,-0.056930698328024776,0.00490835591405725,-0.0012295907937267536,-0.00892997873461554,0.012368982653774951,-0.0013772250562467114,-0.006514703514460707,0.052473724390318166,-0.0014807939716598995,-0.001426674282143603,0.0013525155216009832,-0.03516247666570871,0.016543760932753004,0.0035972568573066077,0.012947581243966333,0.020333175854145624,-0.01268620575610746
2022-05-04,-0.013289040361617599,0.015485722420538472,-0.0021239793960404763,0.016839899200320252,-0.06643350551434679,0.014962516274410032,0.023976186184814452,0.03935236953293053,0.014921644444807702,0.018972389883784357,-0.0031519171407004,0.03188007695497963,0.029128782614272763,0.02891655283091099,0.018817928229742487,0.019824567766541623,0.03369584019207417,0.026195065207885504,0.06773713548593618,0.02098024318683045,0.00679636371143677,0.055774000236745946,0.008872858248897497,0.019841471910923003,-0.0008410621188461587,0.013220544464251915,0.02835457354847115,0.047799772934445484,0.018366091434278253,-0.0009998368640473654,-0.002834866252749979,0.01665460608185998,0.013873411713159145,0.02671321206472621,0.005013333732908354,0.023901351582604313,0.007421083808705209,0.018353743914884424,0.010712844667885246,0.0028149163790041065,0.029951726944299484,0.034162695084256844,0.016303119941534883,0.033290717724032914,0.024393049975066416,0.02802947304590675,0.001943709273327654,0.059743606838246865,0.02634514479875638,0.01756784077691642,0.037468322605565874,0.039983124771102885,0.02532285484068053,0.011083133946311774,0.05589563160017508,0.011240839639339528,0.007506453601116236,0.032165932594734103,0.012400935893189358,0.027693236429990442,0.025559146780704145,0.04773073275402462,0.0318296784697909,0.0,0.018941978713638008,0.019830667307904726,0.03063521291890381,0.024204639133722505,0.019882738606736172,0.0,0.04415955977015806,0.013048705958701445,0.028214269084500643,0.004437640587671821,0.01214789189054244,0.03137253634268311,0.05017897697574525,0.016617103623614682,0.02544005322237064,0.02107265602707753
2022-05-05,0.01010105462405364,-0.01908926806631095,-0.0035339064561585865,-0.007412211530403168,-0.026217292007923665,-0.004913979920274092,-0.002341449682376262,-0.020847925882721663,-0.022182214020111224,-0.023273869879318454,0.04084312094451259,-0.005281408772340068,-0.006269446214768548,-0.043312887020229396,-0.021026245940713673,-0.0075146446936376066,-0.011818063112648103,-0.012763064952711622,-0.014038146424508735,-0.030588337352981054,-0.022757978315556704,-0.017454158094315497,-0.014759871562070925,-0.004162571301698947,-0.05639731227607614,-0.008983727677637887,-0.02188763021574547,-0.013758210127256754,-0.0030339157805834294,-0.0280282917636534,-0.019900478965482304,-0.0008470793719724812,-0.022189328602222003,-0.026583849337511678,-0.023791125793289458,-0.006612633403530022,-0.028126500544365718,-0.0029098651525905073,-0.019089821183833067,-0.027368445145456444,-0.006566581203262922,-0.00984805823347712,-0.0057613777550453715,-0.02643558330609619,-0.026507809594644827,0.04490817945607262,-0.06709478900840371,-0.018655077087957217,-0.026351629605568916,-0.031614314714997316,-0.03855538493546662,-0.002847616608529946,-0.008568447751110653,-0.0420789577733256,-0.023205038159080482,-0.005485811842283361,-0.024365531428118814,-0.029609791450729284,-0.0023993235957636694,-0.0191325153586831,-0.0031152791577282457,-0.045780209010306994,-0.006391094564548561,0.018372748743483935,-0.06372029313606697,-0.006839343068051562,-0.01116358706170073,-0.009903077908537394,-0.015550789015025712,0.0,-0.027285147235779905,-0.04069103327419221,-0.018409158351896604,-0.027852670318552097,0.05891973916242588,-0.021482721509841318,0.0,-0.03310984915279436,-0.01095733582416869,-0.015436301722202561
2022-05-06,-0.0033333753236859387,0.00357896381664502,-0.010179383676416909,0.009174461568869363,-0.0076923006385033466,-0.004975199979499356,-0.001216720299588192,0.02080221878244859,0.0009232415685835882,-0.007942841958518243,-0.06582272468270467,0.0035837577230717343,-0.030770351516235195,0.006912043398694001,-0.027980306797378063,0.0009563417000382213,0.0098567879036493,-0.00678760881116558,-0.007546909201623153,0.001456267019777746,0.0023799956930825594,0.010895412172782004,0.006597687690258702,0.011540118006979183,0.0,0.014245288879665585,0.02150551292015579,-0.009544976102943359,0.008199400433050341,0.0020597013560081923,-0.017403899331549733,0.009187211660234507,-0.0060516217839968744,-0.011039908649913666,-0.005110065461206181,0.009873065116107638,0.005200146925831595,0.010544219987638659,-0.002206524701297563,0.0,-0.006610225038299888,-0.000377582326001491,0.004317903081299201,-0.009757882045277055,0.019614584521151057,0.216423484798131,-0.04840095219856744,0.03321492938310433,-0.018650753713634116,0.013197649776215403,-0.0375635788399753,0.006527651807892498,-0.0002541234611684873,-0.030269605413092537,-0.002969974175040635,0.007838675251219174,0.012177747238244718,-0.026243161225573908,-0.0006329500222508333,0.01813206282626023,0.014930633017632866,0.005513233296978504,0.0007718398984399855,-0.005154695555459998,0.01286203127839558,0.00823644415339353,0.005848665976043721,-0.00727448457915858,0.0034340471611957746,0.0,0.007480123982123166,-0.023191797811391357,-0.018400557335187417,-0.011065094171698653,0.011334400322583704,0.03361177795460368,-0.023890762181836833,-0.013870612815351957,0.008988406835289675,-0.005836090622006629
2022-05-09,-0.023411336701758878,-0.059846521778134654,-0.006759338210680088,0.011585527240074667,-0.03488368869407976,-0.00250000347087731,-0.011053207762324546,0.01606327788391604,0.005139092590353389,0.04483590311279606,0.008129964702211279,0.012432470449116106,-0.005557753729777626,-0.022310004674608086,0.0018752899764920006,-0.0009953555823711824,0.010801679313845014,-0.01138937351537428,0.0007840191986685507,-0.025206008257737555,0.0029679514764480164,-0.009137744716141816,-0.001233722981651697,-0.004671280692440161,0.02319359750196881,0.004256262704766867,-0.003414133955366494,0.008154369556388374,-8.370115915790066e-05,-0.008221972254989551,-0.048708475138133256,0.029411392257008062,-0.02321148679944418,-0.01997659181340239,-0.04109066939643602,-0.012607847667545191,0.015519954289348714,9.298606213037353e-05,0.0054432995861002365,-0.015151518279136633,-0.044676607263020696,0.01763212925682689,-0.008485216763903014,-0.024850082214393443,-0.0014712075310239214,-0.1671922518235408,0.02426326786371824,-0.07541445055070684,-0.03886834915194104,0.010283277438417837,-0.10443031605518749,0.0040534740936672975,-0.003305366120636477,-0.048724895836176785,-0.03648512264254078,-0.00532917517026299,-0.008156976266653237,-0.006486523792515686,0.0032932507445304626,0.0017537550523056833,-0.01505298828440238,-0.036397538265346974,0.02176703637124744,-0.00259067117487799,-0.016150792499201927,-0.005892667232588966,0.021636468620433336,0.016029301156526454,0.03479318064715442,0.014207663372755253,-0.08259855416772954,0.017181960035909327,0.009012177685708389,-0.04715286172188893,-0.006622442283257368,0.02913521586615997,0.010489561342661213,0.014505118132041472,0.007250953685871364,0.005524951679906298
2022-05-10,-0.0034247006981953376,0.007231189943962546,-0.026177150490652612,0.006144585255496882,-0.0240963624697752,0.0,-0.00457610738235148,-0.0025955515694596754,-0.005505934641002352,-0.019923388895153327,-0.016129018351934143,-0.016590537270044337,-0.0044785750799737345,-0.01614893642465176,-0.00435036973765035,-0.0006574880674550254,-0.01287499854004115,0.0032915065378182895,-0.016371724437325708,-0.007458950737578185,-0.0017754685446101925,0.035232689280382035,-0.008570060363051413,-0.01705764631818607,-0.0008718595160439602,-0.01833004178807196,-0.03668275597691684,0.0,-0.02473598400348742,-0.07253889825628101,-0.03723820660402799,-0.02394548623727344,-0.029606431147737533,-0.016786612376392673,-0.02060127237214937,-0.00022378511304887994,0.0013585207043746994,-0.0037261078115768953,-0.0013533851443247036,0.0,0.043780932077694956,-0.008292028664474649,0.001939742443178849,0.004393684382909102,-0.0005662931120765657,-0.06060638919024419,0.012506603078844769,0.0061227808539019435,-0.012191470945030591,-0.008142946372017734,0.04122515465876919,-0.006055664660678972,-0.011734778362784026,0.025610411829529944,0.002318563137734486,-0.01057049950358313,0.017475482994509184,-0.004413680206034387,-0.040903899775510344,-0.02195262668422948,-0.017714462940270126,0.029297774075766725,-0.036903375948873385,-0.03896100276999048,-0.033207976586693166,-0.013875500024310927,-0.014559965455120949,-0.0033805456425266556,-0.009590887452023078,-0.00538795174284501,0.016691953265810966,0.007371322773996658,-0.018935323310426355,-0.02411381225518272,-0.016923159868087012,-0.03744297136709762,0.0276815961559449,-0.002599213793423316,-0.010078115245229502,-0.016655159257995877
2022-05-11,-0.013745708550949143,-0.007179275241034566,-0.01642031684563705,-0.00029094240044658104,-0.032921876513111736,-0.00250640833550575,-0.004332262318561542,0.012775225573720128,-0.0009230839147934544,-0.02111020366650862,-0.08524592552249688,-0.00013277767055530632,-0.01776448742979031,-0.0026759242472917943,0.009348138500564929,-0.027396099456369893,0.001043517357938839,-0.00262462189456647,0.01664421900433921,0.0013361059870355962,-0.00533587931972046,0.02878041251257657,0.01323887455941608,0.00918187730639608,0.08900519203264201,0.01759313089838943,0.013779703062064108,-0.03529406971883198,0.01212276261597145,0.01117345849024165,-0.00322320405679688,0.0008365329341848415,0.007627453163033815,0.001219632293605999,0.1952038523484374,0.0066321485902656185,0.00763094473634629,0.003927013810123947,-0.005420973878668578,0.0,-0.002859813906557873,0.00923507133999335,0.015715827585191855,0.008748928734271244,0.004988962430968247,0.03225825069110355,-0.030952617553876793,0.09193654137404761,0.017158406383233737,-0.001824287638354849,-0.024886866267858965,0.011779096087691121,0.010067352657730178,0.004291960334696698,0.01002311819338142,0.009073544493996888,-0.0008082522159589267,-0.0036943468324716067,0.032512849559228396,0.014733942009344192,0.004243249041416819,-0.022112456574840733,0.008098901741548037,-0.0027027000903735443,-0.01853535923134153,0.010655418289482688,-0.004298280060596293,-0.00022631151656749005,0.009572562413228125,-0.03791976653886264,0.011940286893696861,-0.031097824526859275,-0.012017532155512933,0.01933820732871716,0.0046948255893113355,0.04003811632889542,-0.0033668000413898946,0.005212644468997052,-0.00519431738687004,0.006286067279443586
2022-05-12,-0.0034843646387680005,0.0009486079318474783,0.00950222257790001,0.016954824677571922,-0.0425531526343631,0.0,-0.0047060993912524385,-0.005138852426441187,0.019000311165296546,0.01357820418562472,-0.03524490435099781,-0.010096753771524303,0.004032155217815969,-0.016458045633672036,0.026526499734942144,0.02394465270715962,0.010423201231697599,-0.00032887159798034027,-0.005091678426714208,0.010340056434064993,0.03496910192293168,0.00044394169420214347,-0.010760185803553646,-0.0006887358995477655,-0.005608950111521849,0.0007424270079003925,-0.052031502633207105,0.012194969434005332,-0.013166747724925432,0.0,-0.014551358677530435,0.005710021028594081,0.0354581512944101,-0.0006091339056440992,0.07180574834994591,-0.009348683695867055,0.020868434036825256,-0.005215483823070577,0.009878965956742869,0.019780253868808773,-0.03728493205402794,0.004822607707686055,0.01838759389486211,-0.027753862806845553,0.019583429642756167,-0.05546877820704743,0.016120642144936914,-0.00636930843468142,0.0,-0.002513232334849347,-0.0575326418984462,0.006423108451208082,-0.006133661141065838,-0.014763205490168296,-0.02290124852065245,-0.009572006245239573,0.02731924473551417,0.008621411863339201,0.0,-0.004206749837568302,-0.00211258310676099,0.02958870368749178,0.014944711686997625,-0.035230382771007984,0.013602634022374493,0.001351879979156756,0.008363649933045503,0.004524118893468154,0.0160970745253608,0.0078828484146507,0.000983306667336814,0.04562634093910822,0.007740521055566996,0.010539472067396138,-0.10747671120822366,-0.004594023969378247,0.010135017005769464,-0.0025931400403192972,0.0037593532859041545,0.002429126037222673
2022-05-13,0.027972123999544296,0.011250346688694846,0.010794596446124016,-0.005393999894265811,0.013333320617675781,0.0,0.007761547127300039,0.007043801763239266,0.014635873135782296,-0.03624901917712109,0.03188859165831337,0.019728606164430396,0.0007408079899700049,0.01145858304029379,0.018632753917817713,-0.0010611048790187816,0.010960896168641598,0.021059572102458235,-0.0034643489036603192,0.03565518797165801,0.018237591434272282,0.0399469410676494,0.008546300466313994,0.004134370741890825,0.04270747296437016,0.011128977790816785,0.00925068522669914,0.02259045339846466,0.008607995998588969,-0.0011050100915458438,0.003281375162423883,0.012325320513907778,0.018468549521777122,0.03290685152706185,0.06108377003248444,0.015189091617451078,-0.00032970268293208704,0.006460047120908863,-0.005734400923654626,0.0,0.05163868847658226,-0.004676674607519193,-0.004623979946533074,0.032560399825550146,0.01232375788743223,-0.017369751942669653,0.026416971499348962,0.04407044682828776,-0.005179285241727172,0.00824552564707215,0.03209551352428619,0.009772722408398327,0.01002840632458879,0.02444778304502515,0.026562831130517717,0.004246441269261991,-0.009327387311596658,-0.009007358474022897,-0.018358011175253486,-0.0019079649709470292,0.01517259102503088,0.030140139982894,-0.006468605986755471,0.13483146819904634,-0.0023537682977010643,0.0034060192184630633,-0.00334422291179437,-0.020716349401260437,-0.0041511712563182535,0.0011173440329554918,0.045186642864155635,0.005717704765238807,-0.005120579250035173,0.017521946061981764,-0.018033566519391253,-0.011998968456575776,-0.00668904969667683,0.009532232188542267,0.002496676846996504,-0.005885441775930866
2022-05-16,-0.07823127022749565,0.020962758902645096,0.005638430675623862,0.009980979744273366,0.07894739869118661,0.0,0.001770710173274015,0.011424703682713755,-0.004487597416985345,-0.02534746341337124,0.04320431702158989,0.007896585196654815,0.03736313490547549,0.009530682157196324,0.011745444020359264,-0.012666940010567673,0.004209028637486956,-0.0019337116617121897,0.0069527192585685516,0.02661810506601814,0.0,0.006401825670516059,0.004314008343405229,0.00667871833527256,0.004636817740524268,-0.003773919878894194,0.0172625169250753,-0.06111932190820335,0.005291556093097061,0.014380585679851565,0.011447289334661326,0.004924842052940415,0.013600235518157922,0.014159276241035634,0.008666015965559604,0.015094540101505904,0.0009895038924641053,-0.001023233877323615,0.006955154380047679,0.012212649092111727,-0.0037771179208667682,0.01582613280280576,0.02112570960797533,0.019870295708905417,-0.017547372576561693,0.11784511956401444,-0.03687996860351761,0.019570220892001444,0.00832972941755239,0.013857628191394022,0.10243901578193237,0.0029621954340051104,0.0035640851478000446,0.010007968434600611,0.028919385899200734,-0.007582359325841503,0.01502395604007467,0.017900135082754787,0.03311692275010136,0.006690550820233732,0.0072994816589462275,0.025062340320657794,0.018418534127621067,0.0024753042020448923,-0.002228301173968439,0.008146793286398335,0.011946355500569883,-0.005058466083894486,0.007569045902298566,0.0,0.17293224995695478,0.028126919419818597,-0.004044161237763744,-0.011479926607532276,0.0663507023062786,0.019431781231186385,-0.03703702483195248,0.014163009138840277,0.01784995492076602,-0.004527129650900519
2022-05-17,0.04428036174956951,0.021318362275233094,0.00488503107181093,0.006068745531323749,-0.024390220263873164,-0.005024854275458623,0.005213915528855084,0.006915419072346163,0.00012863339982782662,0.019295263486931002,-0.0014380776250595417,-0.0030925526046422513,0.018403041075517157,0.009975106179532123,0.01793697752936696,0.01898023665147064,0.0005081600604970316,0.012915819264606165,0.0030599109885420805,0.009159944337709947,0.0033938434598601575,0.0004240798509664856,-0.0058295528619104475,-0.00617996991549119,-0.05769230769230771,0.013262715203161246,0.0010513351894396727,0.04705901229289755,0.004414607866704001,0.015267265943464947,0.01131773198205055,-0.007486935015552865,0.028326484088492476,0.01745198778528745,0.04479895500035869,-0.017050492666135786,-0.004283379698009959,0.005494056958550875,0.00415535416354329,0.03974446131141662,0.01990502285009721,-0.0038948667780596136,0.007366017766243571,0.05252030381820649,-0.006251992198548217,0.03388590470329156,-0.02366226981712627,-0.004516129491596077,0.018144200928006837,0.017252828977923684,-0.02046462026923046,0.0063018614664229755,0.018265042719171287,0.030106816502134537,0.034023963113805955,0.008668797596800948,0.013222903237837702,0.013120621146366584,-0.006913928732346641,0.01085006375735853,0.014147768748695722,0.012612050404901654,0.006813631559855704,0.11111105878330463,0.022332988371041695,-0.0013467873111132622,0.02162084973605083,0.021955213194352785,0.015133261790514663,0.020089319688552987,0.0677083572134003,-0.010186333106324996,0.028054546456661056,0.007050835605613148,0.011111020996866117,0.008797659284175419,0.0,-0.012695535540992564,-0.0020392734489876885,0.013818499465079848
2022-05-18,-0.014134279936107608,-0.0461467880181623,-0.013357596781752301,-0.005665261167924429,0.04999995032946458,0.007575626899954502,-0.016703360691097346,0.0027472970176445344,0.01094641512269523,0.0,0.011808826499382086,-0.01742572398856468,-0.02957659280631053,-0.017989504065415995,-0.06034102507515027,-0.03438439093045431,-0.03884730246793644,-0.016987049152697886,0.004928088511151119,-0.02615392926180815,0.0005635584651564329,-0.005086801001787156,-0.01003002659305885,-0.004115384590526516,0.0,-0.0029320198368970596,-0.012451312247628299,-0.016479442597699068,-0.015552497263953136,-0.03651994773521006,0.012789755754178067,-0.07324097622624504,-0.020659559642382308,-0.025157205508508307,-0.021145235654601024,-0.07861231159335091,-0.0011582645046940288,-0.009075653042507348,-0.01856622797955665,-0.027986338436044367,0.023234399750094115,0.0020771685783449456,-0.009677434297318488,-0.00965812527025156,-0.006515141896341059,-0.008740411586940167,-0.0730121724003383,-0.0005673950488027657,-0.008692996346874482,0.0030835077166058156,-0.07114598295303054,-0.0005870438379387277,-0.005480983405944384,-0.03440635964918626,-0.007153546375058051,-0.011507476937233307,-0.018309313432486873,0.0063855259603786685,0.0025316069397745,0.00013429673847764612,-0.0006805726229003328,-0.009395833102807338,-0.010360186574232544,-0.05555555555555558,-0.010408575019731692,-0.004450615898075383,-0.003895143188138994,-0.008141229027349817,-0.01651628889627277,-0.04266962020495646,-0.04202622693870539,-0.0449867294638272,-0.002513211490767886,-0.03747937416288294,0.048351803884220335,0.026344613208159284,-0.0034964634122554017,-0.022717633226738587,-0.0010216695782846452,-0.005175977287091849
2022-05-19,0.0,-0.008043586774421074,-0.02000777854841873,0.0033202120006741165,-0.039682502138671416,0.00250626915245733,-0.004291426209416249,-0.011187447256201799,0.010318569412893552,0.014814840397299855,0.0247651236795412,-0.010748480850093167,0.003610175710913266,0.0026941509464604163,-0.0062673907819722485,0.0028057037239450633,-0.0077928731727947564,-0.0003262648104392918,0.0028800266887800685,-0.004265275488637643,0.021596308803818243,-0.012356240335529733,0.003974968511380794,0.0004591545520711282,0.0,-0.0042007216986568174,0.00030364860283005335,-0.006093043373120444,-0.006868614739698797,0.05797057121081983,-0.0055248377586982755,-0.021311316886167386,-0.02368616186907435,0.001959895792842614,-0.011701240067604424,-0.008071077236529,0.015902101448778794,-0.003645173388531653,-0.008889074628544602,-0.016151653506541352,0.0009080568857553484,-0.012071879828995713,-0.00010870357330727831,0.006501395064691939,0.006897519318464607,-0.01836880675303021,0.020536050886205803,-0.010780980838750454,0.007453703943874679,-0.0006586719593341117,0.007902675557319494,0.008811545258703202,-0.003256627833365555,-0.002298712309480533,0.008645847971717524,-0.002800155013516714,0.004960228201573713,-0.013225992939311149,-0.0026515036939950276,0.0132814669266903,-0.0054478429433486575,-0.01676413666242349,-0.005825194556386748,0.05411765154670256,-0.00857007090969708,-0.006637663925106119,-0.011470396863188626,-0.01048782782065183,0.004034764530016055,0.0114286150251115,0.02506852222621414,-0.026785804702891935,-0.013319203092193255,-0.009841705641499443,-0.07756826559864016,-0.019472679090724365,-0.007017720686972706,-0.010964811427542354,0.0042952382605874195,-0.017343049922241005
2022-05-20,-0.028673755479086238,0.0016693531694484953,0.01753071198513645,0.011153307594841344,-0.028925689857240422,-0.005000145776844822,0.009124399050181475,-0.0032324555991771753,-0.00630428875977096,-0.009732350876042295,0.006666638454219109,-0.0059756169177545004,-0.005074013997017013,-0.0005373676086993795,0.0006506500295080375,0.004176307008778135,0.0001333966809160536,-0.0026091887737593744,0.017774179620867026,-0.025384560065614514,-0.009558926489883768,0.011096709759858436,-0.0007765375650385931,0.008077168079824393,0.061224489795918435,0.010440838875728664,0.0,0.015325786241573658,0.011325331777390923,-0.024235730772570574,0.00317460005095338,0.01330703379868714,0.007202605961308173,-0.0047420817347370026,0.004250169098527046,0.009067726657523423,-0.010924617981199924,-0.0011254791750251458,0.017477414460656426,0.02069949729588072,0.047187020944277513,-0.0006168855165951115,0.015854109558730567,0.03956407257026462,0.0026949890195573367,0.09356266833917104,-0.016324509398440656,-0.006118592767068165,0.0002903081901195481,-0.013183967028186139,0.01387193872732495,0.005046561588393672,0.0020105652294140075,0.006144356631044401,0.1714282060187451,-0.0017731321617734386,0.03593286993188216,0.005162079841007694,0.006456540701647473,-0.0029127316382770996,-0.0003422338294889471,-0.027145220140241788,-0.0035667673288510837,-0.035714251502436234,-0.0032745246431413744,0.001091114304209162,-0.006329221780774552,0.00967721918886455,0.020636565846325894,-0.010169508328647603,-0.042415002182482064,0.006959754227706227,0.014593245139548738,0.006482576731419165,-0.04817173476093339,-0.014984583408283458,-0.021201346214933414,-0.018625346214047545,0.008757748000724597,0.01782560277208356
2022-05-23,0.0,0.03059532831287437,0.006315880227679038,0.006222104520263505,0.08510640672344483,0.00251270620327837,0.017636609530130132,0.005559613876669145,0.0029183269142409873,0.028665059817873928,-0.03394048975418695,0.015302645035868645,0.022150360891412868,0.020788423794697808,-0.0017008395930808717,0.007867236141190892,0.01850087048451532,0.008502356116800724,0.01639579143745018,0.023115383353777608,0.0018561593187629288,0.009038015843080949,0.016081545577891987,0.008922661552666522,-0.03692304171048677,0.019517902926082797,0.009111749782973355,0.09962249797860112,-0.0015388939000078317,0.025917854056294543,-0.003164553858114205,0.007014097587063173,0.010914295840088295,-0.0035736242208119773,-0.0021160581794956723,0.010967395336177299,0.004615976764208662,-0.0030048468847674314,0.020415095285969187,0.02027971734160694,0.0051992106615048606,-0.010991783703141134,0.0029929318842520924,0.03417461288131851,-0.005711817385941287,0.25804263802412697,0.01421289264716119,0.041169678157026546,0.02320535920501121,0.010020055068527656,0.0880429103486946,0.013518802660652085,0.008276869234532525,-0.006488623162615115,0.020121660426611898,0.010806790164353153,0.007814024221580285,0.017569236657419385,0.04591196887897997,-0.0015931976122096625,0.012671323158553127,0.02098466164453172,-0.016618142985953654,0.027777750183035854,0.0023652120316892677,0.01008028832811858,0.0019904724739463475,0.021907835243061724,-0.011493151090424036,0.03310501761140294,0.03152437878544201,0.006911791428729108,0.022653757484798254,0.025976596916967853,0.2195120922770082,0.0328079344575567,0.06859233615308824,0.014911698912388083,0.00282655850567215,0.0159527610661363
2022-05-24,-0.022140226447122213,0.01374600252866065,0.0176330898167405,0.011443951514834128,-0.06666660433501082,0.00501267748796308,0.020761779517588952,0.0013819788464961569,0.012019348987581946,-0.03980891586747726,0.0028563245722812436,0.03296989486532298,0.019957497879098174,0.0026334630963955608,0.008668706411318894,0.0053867975607737595,0.020909834154489104,0.015239768580484592,0.004951903981795347,0.02259383274276061,0.006113247062125904,0.01172958014989467,0.02561337409995712,0.01958311136722135,-0.02955278160584729,0.02774364226886683,0.024529685239272903,-0.06451595918555386,0.020205741860070292,-0.02947355189372136,-0.007936537971601432,0.024599497059934583,0.024572097821438987,0.023909057193328476,0.04756125184433624,0.0200716266648846,0.015260974060210097,0.014787483694125525,0.010922953099204769,-0.013022654699829883,-0.008620567483355046,-0.0021226127366956726,0.008632823074094853,-0.008261299999733573,0.0018024335454851492,0.04624591139894352,0.01571491168913619,0.00979304392189051,0.010772318977951612,0.014770825092026652,-0.040459383880406485,0.050114156065673265,0.010696583928373693,0.026891965509137306,0.000597862051191278,0.006151093684989117,0.010022662083111422,0.015849119679155477,-0.013830445036383865,0.03178580725549773,0.009807050654638827,-0.008582681205337561,0.013865992282388273,-0.018018000602490147,0.01114339107716611,0.02076863683615726,0.03204895874740399,0.005136131792105925,0.013456811111347777,0.0132596555834259,0.02282399009211722,0.04804993678733038,-0.0003515387327674979,0.0002091321281645353,-0.0044997821682214445,0.03442771077429718,0.020270116674168337,0.03962634553504807,0.020334453414689202,-0.00136542418644936
2022-05-25,0.041509397030662365,0.011508806520527992,0.03545220679037686,0.00444652464208839,-0.012605129565465112,-0.009975282510326422,-0.0009481024934273607,0.014263048148360324,-0.004750681440439775,-0.009121111652088842,0.020507236430878484,0.007425900031247101,-0.0020808503612578244,0.011031508432363557,0.008594128301046,0.004147861018993337,-0.008064697355848027,0.016927639701540542,-0.0030610660892916863,0.0063790481585261904,-0.004603237476160538,0.04173678242140366,-0.008349376984206458,-0.005222052569110791,0.0,-0.0006974946452097397,0.0049940064721269994,0.0007334857057448296,-0.0026856291039714097,0.00542285754471572,0.006399993896484268,0.0017359169573711863,0.014897973843003509,-0.01926441920081101,-0.00954306984341613,-0.0094636175762437,-0.009536317657248272,-0.0037125402922195683,-0.009812595753532105,-0.013194415653928537,0.0,0.0007507325974493995,-0.00940404082980384,0.014767162845239268,-0.016977843963718264,0.09204358845972327,-0.007177606739029119,0.010979136179749771,0.008974952128449232,0.003258684785257593,0.011396015105116453,-0.01034282001066944,0.007137603646654167,-0.003366801031736477,0.021505561079960822,-0.00829711834836555,0.005616983122974206,0.007757268113608662,0.035731711038728964,0.0025780207732370997,0.0026791492816364837,0.026882273748950247,-0.015813479879259185,0.0,-0.0022043475470971963,0.0,0.003208049300030824,0.002221994261551563,-0.0110473395482511,0.029443784279495455,0.013993907882420942,-0.02143499956368622,0.0,-0.00292884598718679,-0.01757917738461834,-0.02436096142020705,-0.009933741567808352,0.0012845316949894325,0.011049677219864495,0.0059819638248514995
2022-05-26,0.03623180429201911,-0.005182086576287381,-0.0115480258792513,0.0001580820731470478,0.03829793882564547,0.005037860716849307,0.007073921053089238,0.0006871066361771039,-0.012812484481380615,0.002510437945608235,-0.03125884656363387,-0.0072419838694381955,0.0190225800617585,0.004849166057282028,0.01664771793847164,0.007999497900606167,0.008646448730819989,0.004397024547430961,0.016176200476466285,0.012059399589549935,-0.01424341808879559,-0.01193830260255746,0.0012779865407983593,0.007473948591804058,0.02139919646460764,-0.004485553659910102,0.008915570474362644,0.029325344826576005,0.008751428937150196,0.0043152489910271985,0.033386333771154186,0.002887623949729079,-0.015037347569479276,0.0041667275974195395,0.0061312544486351594,-0.008939080040744618,-0.005221939850098556,0.0060554085378894396,-0.0008907857095865612,0.007741003264035928,-0.029565146632636874,0.009753556378986561,-0.015360078903577046,-0.0007462909948435792,-0.03671512992604298,0.14285742340972307,-0.018395109507469254,0.030950079138134745,0.008478265447009026,0.00021657829831855935,0.042253556178001084,0.0034834698454291324,0.0021993548942731422,0.007882799108237082,-0.028655075391801343,-0.0022013865329103544,0.005213060310344186,0.01029228677554439,-0.01624864298197659,0.006942757514643683,0.010020256494766011,-0.03316692112792663,0.043859767500443736,-0.0022936304072485036,0.0044179094565517385,-0.005284774722167818,0.0017907163491845957,0.00820208036505754,0.0031148539768781625,0.0,0.006713924235785207,-0.009126674696884218,0.013366120847137841,-0.0014686772179013374,0.00971370119049575,0.0021100389437276323,-0.03010023263555761,0.002566427112113301,-0.004878855904754453,0.019198190727969466
2022-05-27,-0.034964960679597756,0.007020762128975955,0.01840539953839948,0.00873341688909468,0.03688520986013244,0.00501267748796308,0.007709482928469624,0.007555082451809136,0.013996562869371232,0.04590986742493586,0.0,0.007034221351746028,0.022652202806924926,-0.005515210970216455,0.017295712466136592,-0.007276333286980297,0.008955878627941782,0.013758534868512085,-0.001031971339865656,0.012221332682819552,0.008256666309568894,0.020888810654549284,0.008334111865125893,0.010333037609557394,0.013698636453198354,0.0071092534093804005,0.014921024156725693,0.0,0.010009815628915009,0.037593780125344756,0.0,0.0061905508783615115,0.01563071890103651,0.018968676443792853,0.030470145282236016,0.014651129998108692,0.0024607742677673627,0.018520362118171985,0.00908278656817818,0.0013966800411944202,-0.002688122087858291,-0.0002477442330619528,0.008341520445130035,0.04144875947773996,0.033958769396366106,-0.2631579958182617,0.009083437469113553,0.0188186910711996,0.023566496771445955,0.0019484955708182206,0.019999935777832212,-0.00877014248300445,0.011460854708482682,0.023463633979818876,0.05333009313394843,0.015592629848590889,-0.001481771131676246,0.03022000812361947,0.0028725057451028935,0.005107439252061807,0.003968078926103402,-0.009522715983927288,0.0019178064075031642,0.011494296972653917,0.013454153800765534,0.010359881296099438,0.006639144456860979,0.011873291085696902,0.007816781856334165,0.0,0.026306076244619225,0.014737290889953902,0.017007984090813277,0.021012791001873365,0.02278475428123783,-0.011756402105732144,0.03793084595298679,0.014078417025293222,0.008040618577415337,0.007667726708439071
2022-05-31,0.13768119638499932,0.021252603984308616,-0.02491537229278684,0.005798085386917062,0.023715392671163515,-0.007481583060487185,-0.011305519069390813,-0.012951778864303654,-0.005521137283974076,0.016759779937934205,0.048689245428618966,-0.008407691970447106,-0.01579667945776042,-0.023917006324294054,-0.002095437498045971,-0.024586645868551416,-0.0006343925324031607,-0.011412723375987754,-0.014606932657763139,-0.005584008807423824,-0.0011166503054476085,-0.015045280358531254,-0.011839204043094353,-0.016433581905082484,0.003974577983950622,-0.013123771166725917,-0.002140921074668345,-0.013532526785023147,-0.0062767912374305235,0.03416163821881235,0.010000008803147553,-0.0005722169823344503,0.0,-0.0011635656352431134,-0.007603206938832097,-0.004233034443325678,0.012109236686973057,-0.00881905501882252,-0.008614494529473049,0.025104578301714975,0.0017967602188606602,-0.012098114108403668,-0.01128083703549776,-0.023664323929708853,-0.023541556607742042,0.11885697533839013,-0.011434564577276207,-0.00224845341407931,-0.009963560118810166,-0.007778825276674728,-0.04557513998149054,0.000737388696184782,-0.004339542737255786,-0.0018196486757159347,0.00744588602820051,-0.007242224349552462,-0.01613804365951188,-0.007977262425354792,0.010383133274567191,-0.013592783355583338,-0.005928808989578482,0.006486730759148296,0.007989431765319743,-0.04318183025052702,0.012254084978874591,-0.00538975186245394,-0.006849015654597168,0.021729540708973483,-0.010518552131527081,-0.01483044447791737,-0.08122743458586235,0.0006052485611636182,0.0006878747175127486,-0.016258546328406065,0.007425838893050818,0.026455958439845162,0.0631230129794964,-0.0012620204949977953,-0.002140234516086026,-0.003970161493658586
2022-06-01,-0.04777075124185404,-0.04569459427098421,0.0018990238330069964,-0.012931324568226876,-0.027027002147700374,0.0,0.0010314961326627348,-0.005294621497041407,0.001766478469586108,0.019623234261491485,0.01703288406402237,-0.003652464220514573,0.0008916788684734112,-0.015802475942147565,-0.010928576648424948,-0.015276597796182845,-0.007739791078185232,0.00031208553700179387,-0.0005241442995603807,0.0004553309663875016,0.004285368182971316,0.028105953839565156,-0.0011304663948102922,-0.007554189746492357,-0.029295319256254837,-0.006347080358767632,-0.0025746041108720696,0.0,-0.0011633429808706186,-0.004004140470131867,-0.004569719656796423,-0.010450995404403418,-0.0035793703148738754,0.01281310187685425,0.006242973959187381,-0.009541237674432712,0.003718528029751589,-0.003944238404091305,-0.010137589497856037,-0.002040798187785242,0.004484411227087648,-0.0022677970006306225,-0.009670650940776682,0.029746692618545012,-0.005762786722750546,0.0822269351763103,-0.0191140426815275,0.007107094526970892,-0.005031915855544633,-0.00043541666025026515,0.02332038104311107,0.006078217143783871,-0.006537574988088823,0.004374794778499558,0.05741872002748827,-0.006419616879850931,-0.01263206232914904,-0.007622857051453269,0.002834843531632769,-0.002833034746310692,-0.008283532457266207,0.011508760413478258,-0.015439343952581508,-0.011876529758149568,-0.01714977313528543,-0.0014538923370824852,-0.006385779622841703,-0.0017013391623774687,-0.00032208697378222073,-0.005376364484882101,0.06129663729574686,-0.001209561933163683,0.007562814758036884,0.0025104799647899245,-0.04127756106838276,-0.00017316994058946822,0.02499994074122114,-0.008845770373336226,0.0021448249444631085,-0.003487810579064776
2022-06-02,0.00668896514470152,0.030114057603022104,-0.0021014338499465435,-0.02028267767934533,-0.027777751497069958,-0.005024854275458623,0.001460241546372698,-0.0016200344866075245,0.02682941266558747,-0.006928418335156228,-0.014046491912903192,-0.006022682886391628,0.020561683528076635,-0.016778162287676035,0.017852882407604964,0.01700192233930764,0.01368280376638542,0.0012475595002265916,0.01715349987926884,0.0012135018790273566,0.024304394790580552,0.0204041330145881,0.0017351724054399664,0.001074477968019849,0.053833591769215206,-0.0005067489709328354,0.009034871778204945,0.0036100199864295135,0.0019136203334846336,0.056281547591299,0.0015302569419026746,-0.0063656659356357,-0.0035919658958678546,0.008625642959117386,0.021150373498086683,-0.002193840750614018,0.007570822246927733,-0.009300969769583833,-0.0031511154755240467,0.0006816788568388965,0.025892790708466284,0.0031569702505636066,-0.012508180741954367,0.017118329819927336,0.032765438108307565,0.071259756390051,0.010955939096676026,0.027022191117569427,0.00505736408607671,0.014596663586738723,0.03581150143135425,0.02013932201746038,0.0019499125729947053,-0.01270413712415197,-0.013440955442626246,0.0064610946320129425,0.005919526036763267,0.007681411352143952,0.03356888601765662,0.0019370285693711686,0.0003339280043053172,0.046990636000648456,0.01475907832239165,0.012019277059821976,0.03284578149338069,0.005294568452570481,0.00514133932687999,0.008734569909541356,0.008378083349060317,-0.006486531850454003,0.0070344514049447415,-0.014834992948717707,0.01740030764986633,0.001669556531773031,-0.012814203937924207,-0.001210834475640521,0.024390262097071957,0.024224176637316797,-0.002140234516086026,0.002000041405716857
2022-06-03,-0.006644520180808855,-0.015344840305101859,-0.01321228524997864,0.0006847346874236937,0.004081628681073202,0.007575626899954502,-0.004202334328801127,-0.0023178930053957547,-0.008464038891206949,0.0031007723283626998,-0.015890462899388336,-0.004741866030004482,-0.0002444475038861915,-0.012476975197193374,0.0034603449656127605,-0.008637098832550705,-0.004289141408789776,-0.013395634021395875,-0.01774774046326033,-0.008030491819334351,-0.004528198154077456,0.02582028058042818,-0.005271477718328921,-0.005635626414408734,0.0,-0.006796483996399871,-0.008243595519680458,0.041007160495076356,-0.003405168321082064,-0.02949587864879022,0.0,-0.00422245619063899,-0.014780000775797775,0.004561053633082901,-0.007456580823330894,-0.00023889618715577932,-0.00559542505811117,-0.0013943823539677158,-0.0041207987158079495,-0.010899171940459529,0.003481260394337493,-0.0017623689009238497,-0.0010002026635757,0.014025187071857292,-0.0072155571270741126,-0.0682817105057767,-0.00992727087323475,-0.04692464451090694,0.001224100450410548,-0.009233169828789967,0.006809637972027938,-0.009691220753369478,-0.0026756640733121007,-0.012500047934410397,0.015258709555464156,-0.0005833932562488986,0.009870842648150413,-0.0022618463148391665,0.002849002849002913,-0.0011598775115562177,-0.0036740964786657893,-0.01575745191992295,-0.014379029908841656,0.05938242226478385,-0.02583885669543806,-0.009085026393281237,-0.007544926375092853,-0.0008446965126100991,-0.0006391205493185836,0.001088164237045497,-0.007720624482754457,-0.008297472670785178,-0.0033535142609001367,-0.004166793073019814,0.019210886861389165,-0.010739699197986674,0.0,-0.0029044538340737835,-0.0093583739048686,-0.008316738858793138
2022-06-06,0.0,0.005687349778959128,-0.01774047463952444,-0.012115129643848754,0.04065036710645531,0.0,0.0055979338288825176,0.0013937964394652447,0.0006186044599196805,0.02859357428375109,-0.01085748554082,0.00992600442725955,0.011420749266638053,-0.0014863442980698194,-0.020597139892226446,0.003971366950460187,-0.0019003192774763589,-0.004104797242134528,0.01169590970014478,-0.0010691126931443584,0.00018208168280908765,0.02725219778763921,0.003633904276028943,-0.0004496605492010364,0.0,0.0019402670314987436,-0.005445527098655534,0.005528795796097663,0.011166692859447602,0.004902031928227357,0.011459099830538833,0.00555616882641119,0.004024742595695852,0.024403977255108567,-0.0030602703408969534,0.01066041735028933,0.015112567387910225,0.004654245473413754,-0.00011340409362714521,-0.00826452034781,0.010407659468805175,0.020680818381816124,-0.0007782138454218712,0.007261439954591387,0.005422374619365344,0.02789594856474853,-0.0030914975718412396,0.01758401553832112,0.006655471125817325,0.011920120898555098,0.026014697550432064,0.004892988429676226,0.0034145669407474877,0.0026060787339838853,0.026301700792924043,-0.0016060161705788722,0.001128095718366362,0.008059921800652292,0.022727272727272707,0.0078718619175846,0.00469337332630837,0.0005520507472238645,0.00134134624723381,-0.10986547205060715,0.007906443902857996,0.0011959234971432586,0.008632766650259471,0.016487016908212526,-0.006075574684120344,0.004347822030685622,-0.015190805886958425,0.0003098696571319781,0.00033641517597304826,-0.029079560691077866,0.021905358994643853,0.007879412643431172,-0.032738082667656654,0.009155200779417338,0.008462907675594655,0.0008386560186399716
2022-06-07,-0.02006689543410456,0.01255525085283371,0.019977756187563367,0.003952232059653005,0.136718808935258,0.012531345762286872,0.005738538455215991,0.00394442658012939,0.0059346445146502,-0.03981973478110312,-0.012102563060981675,0.009959352547157518,0.00459275909618051,0.0031632792536102627,-0.005160981992334501,-0.004784239945767377,-0.0008885822932865883,0.016804195973283642,-0.006077068407718489,0.008715437281584082,0.004729790008675128,0.060242936631955235,0.011163832261263051,0.01106998102195833,-0.005417933003936781,0.0038736384317004102,0.011959586422321644,-0.0048109960602821245,-0.0002472543290329421,0.002926736741970082,-0.005286986105310754,0.005671322000404322,0.013119648500806047,-0.02382261080291692,0.019965830901942372,0.001702968058437504,-0.00015827605215790186,0.013527189529711325,0.010997680213026939,-0.027083291665270348,-0.012875515516680314,0.0017296061362206405,0.007123502754400546,-0.001029709647732191,0.005163565608428344,0.007819560429658479,0.004106937426953783,-0.06704696936381604,0.01794656646472159,0.0038550696020578368,-0.02890468493833165,-0.0023444853410782285,0.002673602780494111,0.01856666992983791,0.02615081823814558,0.008188416819978173,0.013142940661655,0.009327907544990799,0.010555521647135357,-0.011267419777797438,0.02035371567692046,0.048333670413316376,0.001339773277861278,-0.017632224871117375,0.00809714155218244,0.004512368952506618,0.004982368281165828,0.0041588414650926,0.0026811030300242233,-0.024891725966838973,0.006772020530189771,-0.0009293903191188724,0.008408986932468832,0.019392574590760603,-0.0064805880550203865,-0.00625416049102312,0.0,-0.0008247238006441338,0.008001583305619286,-0.0011730761350515762
2022-06-08,0.05802036848327563,-0.010165220740268044,-0.019210562210169146,-0.003774426816897214,-0.03780073205152623,0.0,-0.018819841328424847,-0.013173069638845125,-0.026057031884133552,0.015649437671673594,-0.01709377693818126,-0.01608913389927391,-0.028186483667505313,-0.006677842741777962,-0.0403395520325861,-0.014463300009468827,-0.010672150739580388,-0.023698399372942824,-0.027139663875984654,-0.021125235259951358,-0.019554638413206815,-0.0034750573902594395,-0.019768744730210508,-0.016467873444645842,0.0,-0.014622255964933606,-0.015662851102650532,-0.0020718019629285545,-0.024729881729739223,0.009727575842901848,0.003037202856591259,-0.0037595381931844196,-0.003597221527739447,-0.009080689753176108,-0.0181967282249339,-0.005760930434550726,-0.017265922519934307,-0.017826021891869215,-0.005943609180844023,0.01713060436811409,0.011304395157898384,-0.017513587802397423,-0.011052132757382593,-0.006185751449249266,-0.02819660082301889,0.002738708675028123,0.004117729303587225,0.012965527792045739,-0.007820672712575694,-0.009174071430666175,-0.006788462072306767,-0.011207547191616651,-0.01890899036052518,-0.028071259179235697,0.0550456250788347,-0.018710793282065707,-0.00908067645260402,-0.012872397521097811,0.07751515435200984,-0.034317664530350456,-0.011772453956961693,-0.013894753986052555,-0.024500462745951856,-0.03846156197421824,-0.023092541385296705,-0.014004554824527227,-0.012330242001448277,-0.02857736704198799,-0.013796797807433814,0.0,-0.005979067490418877,0.0012402473445620732,-0.018011935286074587,-0.020291849717574473,0.0070245917964426585,0.000699313601785212,0.07076924374168936,-0.017333858813913916,-0.001936223878108323,-0.01224825204920621
2022-06-09,-0.01935484642046137,-0.02968053015180039,-0.007877545843328226,-0.015194610171548217,0.03214291218592291,-0.012376254636198514,-0.019701484820408455,-0.008430871609154789,-0.007571892342382203,-0.016178666554596433,0.014202920208991054,-0.02162742245387894,-0.006791218942573285,-0.022408811966561304,-0.021371193511214415,-0.00943899398213921,-0.013098763559734716,-0.022357077674593384,-0.011112725823524516,-0.01827362357117701,-0.004986219666582636,0.0019178770086527575,-0.02252660715574728,-0.024979563418326967,-0.0373541230864729,-0.026071504532252487,-0.03457252363539831,-0.006228383448805941,-0.01791900885206066,-0.025048078509231964,-0.0030280061875487263,-0.014078439606426296,-0.022382535303412388,-0.019472930855465864,0.004212110974108452,-0.005224442943741137,-0.0025789507639263354,-0.013309786052494998,-0.02013766070163847,0.0,-0.002579705281855471,-0.010419112916626339,-0.016539746462577498,-0.031811811494479314,-0.02020430890225222,-0.05553032002525471,-0.007113637221304536,-0.05028356149034996,-0.022177960576498346,-0.008613392875666648,-0.0015771953599992283,-0.023400315570656915,-0.027180784525469237,-0.021380524748193852,0.04782635154907311,-0.029345953840363537,-0.031606696928232925,-0.03418871214730146,0.011836772062340462,-0.015555711259930716,-0.03573794236899375,0.01579847891791264,-0.022629818430905613,0.01066665649414067,-0.02273880482577806,-0.02331509699290768,-0.013308609251733938,-0.018332930160168015,-0.006073189962815473,0.024417237265907943,-0.026691766227037172,-0.004025949457873379,-0.020380222093855593,-0.02459532154305233,-0.04334818496233228,-0.012404029162807584,-0.02298845159976648,-0.0012599002737770926,-0.011833233543485755,-0.021063373804587893
2022-06-10,-0.003289434395223001,-0.015119890886893694,-0.009141628232589905,-0.007197535031628344,-0.041522532741098295,-0.00250640833550575,-0.008676341433928592,0.01275383334518998,0.0052137560954943485,-0.003132413006533996,0.00028564671654085494,0.002830579248353615,-0.02289883531092607,0.021203445446505542,-0.014042304180208243,-0.009656790107338775,-0.0028627602027365695,-0.0160076096046069,0.002169961214205429,-0.003209406471279208,0.0029695468976882466,-0.018969567404911403,-0.0073185643154208835,0.0003713949616079848,0.025869013563839305,0.006771736955256458,0.0035960409454707243,0.006267419339687885,-0.002237851009555314,-0.03952587440616062,-0.018223217139547665,0.006624444056287038,-0.00036930437008975137,-0.020443990345290763,-0.008668772195517094,0.01862026923263027,0.0038783601924941014,0.0007545928873347041,-0.0066777958362947976,0.010526289019668233,-0.008620567483355046,0.0030444775511444533,-0.009318610963216845,-0.038214357026662205,0.007073611753619646,-0.0525299738412216,0.016014865754887087,-0.028109287985290554,-0.0073777762322148055,0.0,-0.017904186948164424,0.01254205418291865,-0.0040641431156420715,0.008432576270488434,-0.016136582741717698,0.004757551253547154,-0.034955262968902945,-0.01713700631009729,-0.01674065753129539,0.0043590787690623856,-0.027796896793352177,-0.027007083106464824,-0.007717876022262815,-0.002638519937706696,0.0018402286093357478,-0.010289192203768116,0.012764829819225332,-0.013463684026474798,0.002618590824609246,-0.018418107372781045,0.023947503045569585,0.015236313064377338,-0.01803070103340154,-0.009953501976196044,-0.035937611334260655,-0.00459941313076484,0.03235299811357839,0.002102606220149905,-0.002355717079304487,-0.0058998138847328185
2022-06-13,-0.023102196427485455,-0.03153051639024762,-0.04127864473727394,-0.013499277230398343,0.10108302285840298,-0.007537630245124216,-0.044297695109351,-0.03871282834072498,-0.04655314190406601,-0.054202639842521605,-0.053714254099371805,-0.04623664425074647,-0.0172030517356212,-0.036849801945985194,-0.02644246019644403,-0.012527551765360356,-0.005741629416574745,-0.049136985251287624,-0.03874413996251802,-0.03782986043584191,-0.05680980897050969,-0.05800973872757065,-0.04305866835955752,-0.040270859458907404,0.02285263762351275,-0.042038840643509046,-0.06867717528669315,0.0,-0.053739285666908554,-0.08436199764502506,-0.01392113696267494,-0.019303990463620524,-0.05688947748407569,-0.03637451111560108,-0.0502115198488553,-0.01542060193994721,-0.05247913536702686,-0.052314006092816334,-0.010084082206520462,-0.0513888743556572,0.001739061588511559,-0.03756146210466704,-0.025005494844333787,-0.038618583280755736,-0.05369073662693957,-0.06459872072625195,0.010701953333631886,-0.10083192521841511,-0.04446000832942576,-0.04365760892155368,-0.0895443054681645,-0.04769829529965286,-0.05534294263875894,-0.03952885818449381,-0.044048340240537276,-0.036199854758484085,-0.0412249591685282,-0.00017611997516919775,-0.053538474058493546,-0.03322938750428961,-0.04412270251813011,-0.07581812460278159,-0.011225064327574752,-0.11111113213567736,-0.0007872662156784838,-0.0469920965256625,-0.04287935996052783,-0.006823806825637879,-0.04037411542722258,-0.006622562564874368,-0.0894002572150624,-0.015313709415068821,-0.006356106902046688,-0.05250246047503615,-0.042139454557319156,-0.05917879860247821,-0.019943275744211286,-0.048678242818920414,-0.02420294482576002,-0.006632841974793746
2022-06-14,-0.037162296635306014,0.00804767964524844,-0.01960801094549336,-0.004519374327217385,-0.07213115804908565,-0.005063158021270109,-0.013736894182754922,-0.017952203754826646,-0.03555768398631376,-0.017441863688731463,-0.02445646499748788,-0.024238991658551923,-0.0061561420347987506,-0.007380136236578738,0.0011295238823685327,-0.021340815888130638,-0.02520020915836252,-0.03631269855859365,-0.030743901521030792,-0.03764432250804739,-0.03492236859820341,-0.007344491110171991,-0.0237687280100628,-0.02407440971534769,-0.030816612683898237,-0.026001271038306184,-0.02244311797591403,-0.049135057756460654,-0.021968910754904925,-0.010112262491903778,-0.007058835497089411,-0.009096246060844915,-0.014884534789750048,-0.018564408741353344,0.021087025527768866,-0.015567308436254645,-0.03754660482195371,-0.02078789424975669,-0.015338674866804736,0.005124428668092484,-0.010416474565852152,-0.018528321056199504,0.002253496913909414,0.03205872095835738,-0.02037983108816044,-0.09570372021980567,-0.02413219539043565,-0.013659321346042752,-0.02261564483943701,-0.024205892370008142,-0.04888085636071815,-0.013589576646570456,-0.023487946836264317,0.009497373019832667,0.03774498200346721,-0.033756009316146085,0.00020858000863888115,-0.00995245767157149,-0.015496319073387332,-0.04335039694179765,-0.0387739912841637,0.007946668956287262,0.0019666106314062404,0.05357145011222353,0.020617372095352193,-0.028654706290293874,-0.009367414692155074,0.005097615529020771,-0.01292823754755168,-0.011111153496636272,-0.00041425969903396975,0.005598540981649913,0.010305794500506726,-0.0021222377825504957,-0.08347431960931129,-0.0077448002789957116,-0.026162777464497022,0.020732315338514384,-0.008671110109695346,0.004392883160137195
2022-06-15,0.014035266527842705,-0.004717562123437213,0.021843513955842164,-0.0005090753065281062,0.01766791239675558,0.005088924047882859,0.005211133225067055,0.008893349122590877,0.0061906673082141594,-0.006762461895349903,-0.009594569014952703,0.007365745601886742,0.004403236077315409,-0.0013698128819122912,0.0023097783745367195,0.012228289139089021,-0.0014809902265954245,0.01884049862661885,0.006835799573292611,-0.002259939786764642,0.009961301715128323,-0.021627852261749236,0.0008394758019762971,-0.007529165802771853,-0.004769432933725115,-0.005969789289598015,0.0024597067631506597,0.06841344618958178,0.004473802006822014,-0.023836691659381515,0.016587680938234817,-0.0016553774531383736,0.023856839410417274,0.030264842074843923,-0.01047133272646028,-0.0029011499103280824,0.010414816655389236,0.009243547017980802,0.010701947837115533,0.010925023831439784,0.0035085216621180138,0.00562290274461219,0.0015383622707121347,-0.011975895644327661,0.01823542200290551,0.09200256149929698,0.027588636455656124,0.019656097350362778,0.011643157936573667,0.007275188607238192,-0.030959990304223806,0.0,0.0019352677787307648,-0.0031359049566679342,-0.031176386742288842,-0.0073806230589122945,0.012312363621916234,0.001423299554525137,-0.020363219649894293,0.0024930696777631933,0.009220060635074745,0.00011596679687508882,-0.006958742090667269,-0.06779661359406175,-0.0025734430705841582,-0.0031444648992469126,-0.009730104646009319,-0.005733223262660347,-0.008386754025849319,-0.0056178920453485715,-0.005801881248137963,-0.0024744951348909527,0.012310897924165287,0.01465034753928074,0.01661528780672694,-0.01675215250800932,-0.02388054403422446,0.016421697118768286,-0.00020345984732539346,0.0038489120725235804
2022-06-16,-0.006920502171438803,-0.03949921994498973,-0.02232341506991753,-0.020672298359801333,-0.02777783296726144,0.0,-0.014233236653772519,-0.013712376196333365,-0.023379799212556063,-0.06212762061585775,-0.014687474590526106,-0.01892490191654983,-0.026080243641755874,-0.010971835904689309,-0.014632440503055344,-0.0370117579460284,-0.003236620567627302,-0.02418198616071754,-0.004057072886829105,0.005227179419289074,-0.018518507692758646,-0.07368643617108106,-0.014493790059234457,-0.006388570520529213,0.0,-0.006572387889936637,-0.013086752126147072,-0.02384196036960884,-0.017630320932688348,-0.07558146406947563,-0.018648001029701544,0.006180243402976959,-0.025631132653694988,-0.02509176043578565,-0.0220456880674903,-0.019060246508674106,-0.011181155399826559,-0.014593567044570488,0.000529471510105628,0.025936574474714646,0.01223794254088606,0.0015979075356680195,0.003072402612582348,-0.015151449379616877,-0.012864065926347923,-0.036343848992251626,0.007776131889468685,-0.023220389321991886,-0.019667963280128764,-0.013280454706625311,-0.04025549185832611,0.000984050544013959,-0.028697522353428928,-0.020055179661005784,-0.04193104142236592,-0.025115761605998044,-0.021232807058178427,-0.02096470482673829,-0.0337078651685393,-0.012872813398997374,-0.020174994498491805,-0.019128190010658686,-0.018866293262856937,0.03030307408973054,-0.0214137897975315,-0.0043564946826045725,-0.007888260814339465,-0.01020164099500287,-0.026764118580976493,0.016949108707875915,-0.03918301554922454,-0.0024805640697097564,-0.028492017925818458,-0.003958912408088766,-0.058111217637405566,0.020135315753716743,-0.07951069100730634,-0.01743191039026082,-0.006307124896949068,-0.013245254951503527
2022-06-17,0.013937286428181928,-0.021763906525561705,-0.0013377537202314826,0.017381119860441663,0.003571425226269964,-0.005063158021270109,-0.010231282524542529,-0.009681874754225661,0.016519706480318863,0.03811244148576565,0.062480044910474763,-0.02367366478119426,-0.008697306245969982,0.0043582602294338635,-0.01142297229349043,0.03265323720057767,0.0016234515167856678,-0.0014576843177468435,-0.010723956692659686,0.007107001752120867,0.021944381076983266,-0.05798601027864336,-0.0076323370323095885,-0.017279442729629335,0.0,-0.009010863366328392,-0.023371396259717958,0.014654569896470626,-0.032209050584589116,0.03144669117510146,-0.00712590275315883,-0.007790086764779547,0.015543967045031692,0.015693631841115163,-0.008115454191775173,0.01863943763677156,0.005653942833681924,0.002349117137452339,-0.0036451731164403034,-0.016853916782002765,-0.00172726565885295,-0.01249502690018689,-0.0031804740056928793,-0.03307706588410586,0.025935871603226746,-0.14514261366450154,0.008284549320196177,-0.0325185611013421,-0.0274926395472308,-0.02408490963824872,-0.09520639654190988,0.016319234005033545,-0.005397769059388047,0.01593794756545841,-0.09720103123192336,0.002711894493506728,-0.020008481970282266,-0.00589773410526917,-0.06918601102607191,-0.023118151102307083,-0.006074995396638472,0.0005908700200925043,0.004303661302361483,-0.026470632371604186,0.026232475295486113,-0.013427639076522557,-0.014227861974183464,0.0017924478835964486,-0.017976501920733634,-0.0011111365424262276,-0.058568265457923374,0.008104676883694983,0.018240298459149873,0.017769392611659773,0.034704239365143996,-0.007591388153212697,0.2192691910311655,-0.011250574300687655,0.0038900488738524697,0.0001766646136622807
2022-06-21,0.03436427137737286,0.027033970276477692,0.004988490502561449,0.01572082957651122,-0.010676146619453597,0.01017798940373904,0.018935228639890944,-0.007771459175675233,-0.004269240919330675,-0.04283214939608826,-0.024477521093898558,0.014369047546541225,0.013968541774803889,0.015582090218342115,0.013811010369540577,-0.0027882033203007195,0.03268493340592449,0.012773644833557363,0.01647054878480958,0.028571565522147235,-0.01063625264865542,0.04822242839396451,0.01227097684313505,0.014209959778003656,0.0031948850152176966,0.015308477270752796,0.02308191240487556,-0.01719404086670684,0.02186215476401321,0.0292683921956971,0.043062198045910716,0.024460210261506132,0.013736549318274616,0.011742915620178707,0.023333424866745833,0.043877216559315535,-0.0007028065234093717,0.0012227880421420423,0.020948885270559936,0.0,0.0077855425479884666,0.009557039545808887,0.04029769440644926,-0.005568872316651485,0.008343857506327934,0.050801733562981566,0.008699758923700784,0.027121002201028643,0.025825049162631286,0.021291971193845516,0.07505519283390383,0.0013542519571232425,0.0074265822971517625,0.020112628909116692,0.0817367945131593,0.008451722605238077,0.03395683714255182,0.023913827203076332,0.01049339545118455,0.020782857220812634,0.01932181558813273,0.03638081737122878,-0.006382251689073137,0.0030211452072894662,0.00937729995548775,0.02691525602767575,0.017263226907233253,0.018787638799828255,0.024488048519443417,0.012235885778880462,0.02949305839387195,0.01638833820223584,0.02880233420097622,0.013094599290737863,-0.04720497196764528,0.004781076109126481,0.0790190955508252,-0.004376173118840421,0.03304131224523488,0.020837123832410764
2022-06-22,0.009966657180473737,-0.024811108150098682,-0.009605618754080392,0.007256409894713212,0.03237407017825222,0.0,0.0018015822509163115,0.021222771630986514,0.026556026396111765,-0.02831045400385146,-0.005507902067373949,0.019034760315188137,0.0031498541641958866,0.021363286370263745,0.013460032989530246,0.016154089703822594,0.01896431639565055,0.00180192075167529,-0.0032241837981747956,-0.002008252627245577,0.025557887444441763,-0.05130384518421138,0.00648799426417801,0.00957548084213733,0.05095536371550291,0.007822184664615373,-0.0026539198718752433,0.0,-0.0006686177951207295,-0.04620852997441527,0.001529086993909079,0.0007367931276054396,0.014948696324540434,0.014660886338120793,0.01243690862341218,-0.0007905350850349047,0.02039379352439208,0.010380525855654854,0.01577930001721306,-0.024285725184849283,0.0,-0.004933370215727706,0.012836412673785436,-0.03999999563424872,0.010621069534844763,-0.10687015673017031,0.0055105354211484325,-0.1148723956711124,-0.01668420745162469,0.011371441044352837,-0.06639301567548717,0.006182367398347655,0.018712649736580822,0.005520516357493177,-0.02501318716415213,0.0026818208526260268,0.019954180350926665,-0.002941877170580698,-0.0424032677841103,0.0151582834310664,0.01237905393317451,-0.06131745577511871,0.0022024054427607354,-0.030120453808230585,0.011071219214195294,0.00804190142882999,0.0005562719711640352,-0.0015366337261956131,0.0049700854899277225,0.0,-0.07117279058763581,0.017949627734579865,-0.00580396558038021,0.008616590389802115,-0.022164254165161212,0.021697580441514264,0.012626240313844628,-0.014505602271816187,0.0027640552858099188,-0.009687004782735209
2022-06-23,-0.03289458770431608,-0.073356513768978,0.031927095981828524,0.01228450387079727,-0.04181180848225219,-0.010075441665232221,0.013060748655242094,0.013854408257929718,0.05052548473964169,0.032894682002059916,0.007384583880863271,0.016073017566957892,0.0004540749852941506,0.008176403224238626,0.012317084250807131,0.013320537749538897,0.01245044961903563,0.016186907915399784,0.001990562504517346,-0.009221747321084939,0.0494461479984718,-0.04670402648196459,0.02094989221731436,0.03244792252379791,-0.008333307444446825,0.027109139199830157,0.00997987454535787,0.09517150486471704,0.012233662140580082,0.001242094542991845,-0.0114504250256946,0.015905743122510918,0.02093035003831445,-0.001203959351965822,-0.0011699471700430397,0.014937182667671856,0.037560297072744,0.016519028529398128,0.022305946020627854,0.006588591039035752,0.030042978085887073,0.0025457741226868613,0.0318529170535371,-0.05250003496011757,0.031284357800935414,-0.22720816342024297,0.022714396785646906,-0.056093844546022065,-0.012725355214526779,-0.0004684014358423694,-0.06011731236860984,0.0007682010198195588,0.024213628954311783,0.01803908132909693,-0.1277392005820851,0.01019730321406298,0.020786460642325588,-0.01877502149981669,-0.05163955651016561,0.024154600501713697,0.016813327681562962,0.009106361822533993,-0.00146501648010966,0.0,-0.0025172038618569426,0.02348928118852145,0.0027808758327880767,-0.016710605723430527,0.020840447501086823,-0.03846157876898881,-0.03855418009930345,0.015839773112603206,-0.0037775476419318332,0.02742822423365343,0.004000036574221655,0.011177394840782728,-0.012468806170706559,0.026762003688817204,0.025595256943572897,-0.013449749730934157
2022-06-24,-0.057823185832767465,0.03860628900087404,0.013356196826744826,0.009379303023484109,-0.0072727203369140625,0.01017798940373904,0.020553212867023163,0.011469127697878001,0.014364353468564017,0.007279338068440611,-0.037874162928815625,0.018811568308717552,0.04809983223122316,0.026970897323126852,0.013225590163274514,0.005883090082067222,0.0190159804857708,0.021238927654765538,-0.0023177321248442073,0.02623111502368536,0.01564268507895128,0.019456424868039335,0.021101605021471848,0.010830666010909873,0.0,0.017741789592061075,0.034091065756832295,-0.017891305372014332,0.04381080668224335,0.06575675181261764,0.013899637670032883,0.02392000458698762,0.004555874128787218,0.032549522236834605,0.019619318032475075,0.013066768814491203,0.018764414203610302,0.03220353304088941,0.014638442589578027,0.02836366133256396,0.09583327713012957,0.029805038583171184,0.012282679988849354,0.04837285945859704,0.018841427266442112,0.02857102397941036,0.027180267035009642,0.020259265833975748,0.012429156081881665,0.024373219494672194,0.021840952969033767,0.005180434663754507,0.02201083946125193,0.0026965607236595357,0.014706081604940247,0.03441986729384272,0.02994631319592922,0.056856635466847605,0.005172845877400745,0.025586409308893332,0.01766223939596734,0.009746066756326499,0.0436457548885989,0.00931676121838998,0.04239747836226604,0.007938906326521389,0.01552708873115316,0.04226317779661937,0.01580176645959508,-0.01714281354631697,0.09423554330178385,0.02794922354770568,0.0241296038085006,0.009846779928303295,0.01527226864645903,0.050847528916261986,-0.015151525449554226,0.006081625880392627,-0.021693178465598817,0.014518392693283033
2022-06-27,0.01083028370463901,0.0203972030806554,0.01899362691347317,-0.0021193344672999492,0.010989000432297447,-0.00755654627786595,0.013822656914855624,0.02557312289249758,0.007965496402102756,-0.02077683365645122,-0.04063502443410072,0.022520624119565014,0.0037161263101985753,0.007529851191067527,0.015506645344595116,0.008998063692714275,-0.006220408490837714,0.004852584459816178,0.05027780333405052,0.013357321280885959,0.006494696820093848,0.06576221090664891,0.011715927738261023,0.006409637723330697,0.009167294435467044,0.006779229991277669,0.007644373339933175,-0.08718285552468019,0.012754235533240177,0.0023282537993103425,0.028179732089426368,0.005804924079995333,0.011715783947586766,0.013426900681412945,0.033314168554689605,0.0,0.007335118630159343,0.013823658146509654,-0.0009323812495907191,-0.013437095434537194,0.04486682757025018,0.0022065620478857184,0.013744271576088485,0.04236601214728286,0.005350030412729412,0.017921892531888695,-0.007560157424169045,0.055070197998677184,0.02197607548150149,0.019446323832238432,0.04961830596521266,0.02080566197955558,0.015421657405875644,0.009988481979151809,0.06642510293602433,0.005119376303443834,0.005621165053061983,0.0049141892457837955,0.029117031859543063,0.014494345766282501,0.010339978466402888,0.06267869887276656,0.00026367224350165586,-0.02769228128286505,0.01125769739516147,0.007733072911857208,0.02375454720672976,-0.01437482400694845,0.01646406876002171,-0.0034884517807870496,0.027943225491684043,0.018317186042298372,-0.0010097289329729087,0.01148425761543126,-0.0013080563547432922,0.013148646563694744,-0.043589679563970196,0.004749508261585822,0.0,0.0022687001753667335
2022-06-28,-0.03571412188636214,-0.0006575270444928449,-0.03362098193969265,-0.005472764175483036,0.047101490902214715,0.0,-0.0009029479073396907,0.019054135041078224,-0.007526301196142615,0.023985260629333593,-0.006948928799399234,0.0013680052899793793,-0.013048183765395072,-0.018957450485242777,-0.02102836818592957,-0.0052444555713424545,-0.012518583183788068,0.003449548576564876,-0.00031580988987101044,-0.002603518720530218,-0.007559091593346556,0.025026571793645536,0.007076756300147036,0.00475286775585082,0.0,0.005985446984868581,-0.013908802326776493,0.0128295958073954,-0.0009823969937208243,0.010453091872011822,0.007407435664424256,-0.010979638173451378,-0.0018679681586247776,-0.014976981481028662,-0.040578065615671455,-0.011495308150809125,-0.010517914155167007,0.003692907528137779,-0.028442851067119967,0.0035842431124375462,-0.00655009776965898,0.005309334990335923,-0.02669222680318495,0.003219192085781364,-0.006594206432734784,0.11179568405225293,-0.005332599678543382,0.02484318504086347,0.0025215818286394853,0.0035908410486495956,0.03636370283133572,-0.006357704019743227,0.00026189436927115395,-0.005325327372691091,0.020385228643978515,-0.003183313609394056,-0.02351586511688153,-0.009780388020898312,0.019871064333196964,0.005083434811150589,-0.008406722593894522,-0.02893021092778636,0.02081671141182273,0.06645563102039898,0.0187934474866418,0.0035523025294406096,-0.008001062117065416,0.0,-0.02301160208654629,0.009334880578160343,0.019607781472250396,-0.016863290291925015,-0.005727700455671503,-0.009211556559492018,-0.017681776480227174,0.0020765222835930075,0.03217140502353866,-0.019338382406468235,-0.009811424703571325,-0.00835771943832686
2022-06-29,-0.02962981801528719,0.016449553839716913,0.011672096490481731,0.007884741662480543,-0.003460204186943594,0.0,0.002259409897788167,-0.011311023133311782,0.00960563050974006,0.00900895714943828,0.01132958675159812,-0.010382367921719426,0.008121719085350643,-0.0024154821009976235,-0.020797144716604543,0.019359506663976456,0.010014917647324317,0.001031307029274675,-0.00079026276399774,-0.010605347522946507,0.009659914468768571,-0.02736272591550326,0.006548014380360012,0.0029328586734211903,0.0,0.006374770076244207,0.007533412914631832,-0.019704433497536922,-0.0014304962439947166,-0.025287315119164044,-0.027205943298173163,0.06347839581344128,-0.004865250467910864,-0.0011695747809518098,0.0017381442926616142,0.0022435087257608455,0.007195474975846716,-0.004245338357864559,0.00028272520149696945,0.0,-0.03589735750750522,-0.003993215803952288,0.006747341625892522,-0.007621348575811537,0.006521436904759259,-0.11057687601436261,-0.0030635994498591224,-0.06831546725879412,-0.011546051049736716,-0.011627962821805005,-0.06736824484879733,-0.0035755872159523028,-0.0013088918317939457,-0.0065007466703379535,-0.024989214922593206,-0.0003192442948556362,0.00552700725548716,-0.015421860584795555,0.01896775768649195,-0.01175540434720157,-0.0025798916498153135,-0.02240187566813645,-0.015918010686837847,-0.03560827585582371,0.0011747119660989735,0.0007085028137683302,-0.002688310267209948,-0.012625207927306037,-0.01509257436966216,-0.017340997126628732,-0.046765722642988394,0.007718655095137139,-0.010166010700119799,0.0008649693476610043,0.0260001224775408,-0.010879039611388586,0.002597499991261465,-0.0013145585769638313,0.009512304769924373,-0.012291646497303965
2022-06-30,0.019084118075680223,0.00466090954092957,-0.010379088193968045,-0.008678779116510826,0.031249968955915364,0.0,0.010820492732620757,0.015876629778226237,0.02040584463083217,0.0017857551878819322,-0.011532180590822616,0.004555535171835157,0.017991369963689774,-0.017370212517245798,-0.007884197941700033,-0.017128266594627517,0.005899562886006571,0.015796722076459213,0.024515630139670286,0.00791546641762797,0.022079388545176437,-0.022722178000126214,0.005553210196485248,0.0113198745186196,-0.0007570195952276704,0.00401186569203138,0.0060452964607822235,0.02225410592797772,0.008505576596611109,-0.040094373109541004,-0.027210859344927396,0.009769835226163481,-0.003384509895702159,0.01932069581891427,0.021399668994894983,-0.017130227239870566,0.01331383022880206,0.003505556568891288,0.0029380487315884274,0.18714291708809982,-0.013677941376709524,0.006595926348168968,-0.014484971106916378,-0.008892416724100571,0.01446244742589986,-0.01711714609300563,-0.010678396287881586,-0.0039419951772725614,-0.004521314016481592,0.007465977575788152,-0.07674977200445021,0.0028330114439898413,0.010747027148972021,0.0,-0.05320355274704558,0.010701140577599189,0.029250077534951124,0.023143100711331854,-0.007217926883794745,0.01134179290978743,0.0025865647065033137,0.0016536888779064007,0.019410590816256512,-0.04615387549767125,0.02030304712743014,0.009055796123370152,0.0024259526159509104,0.0008818469567157816,0.010912549583863118,0.022352891809800157,-0.03301234896767491,0.0028367752822786585,-0.000684723890389205,-0.005400849059350343,-0.025990987951558187,0.025139680559331357,-0.002590770465001224,0.000877461505218724,-0.00372987725520324,-0.010488905515314895
2022-07-01,-0.04868919609244571,-0.015335161571421674,0.030968629962487615,0.009247932998960984,-0.0033670001235441838,-0.005076219403689963,0.027207955699036335,0.02964824464769933,0.026744940971433095,0.0035650589038371816,0.0,0.03875195994025593,0.019199388478764012,0.015879004911205197,0.008703679538289988,0.024563756133739734,0.022834750233652112,0.031102132411233052,0.019374798099635493,0.01358003624483306,0.026102529320878087,0.010850518111356733,0.01901392084654341,0.022479040154651075,0.051515175378903155,0.02250260544384508,0.01934763573223841,0.0007023647852388848,0.02361517863732554,-0.06511061284766773,-0.004661963207140851,0.004506041467482458,0.02415092674746866,0.010913347407473184,0.04105306591979119,0.027142378636924036,0.03733389744352289,0.028512042037941665,0.011323146600437317,-0.001203396916590882,0.03235745967519987,0.024026479190927708,0.013710643729762939,0.01998361508035784,0.03261851108196079,-0.00275028483462203,0.01949087812335515,0.04353554525938885,0.024375533973936214,0.021558674624959417,0.005705178681449041,0.02787194041657104,0.03838186435529045,0.01770599144534013,0.032628159541315815,0.021965795072723227,-0.002288610736006391,0.019007441737841413,0.04081628681073313,0.02133466079108781,0.023221736913269675,0.028773591462383452,0.007633654879100948,0.012903290807148471,0.005980984637932174,0.025662877301672715,0.0262201295162503,0.014317179088001453,0.01056494154119747,0.014959737712114451,-0.005215770960440902,0.009335331940166114,0.01849933506291568,0.009122523848496433,-0.012675116898374639,0.03882832493189525,0.005194872875283307,0.003507251832502112,0.017536889459311977,0.009701609002464195
2022-07-05,0.01181107569019102,-0.05274186294257177,-0.0019649265161107987,0.004805623862872643,-0.03040545656351845,0.005102118878541173,-0.03942684936085494,-0.05580355064197706,-0.01386062054699344,-0.02309060600326962,0.0,-0.055562739599873345,-0.02789097704492427,-0.016007299731753077,0.010611625520550616,-0.006549890156622218,-0.011833264489211293,-0.04622958313093606,-0.04747854177732591,-0.00048455207709674486,-0.020000005823053724,-0.040306837942719054,-0.03847937052057848,-0.02992157636408066,-0.015129685620714484,-0.04679135964055303,-0.032313854936408926,-0.01754380455498139,-0.04804861338546407,-0.042049820459830634,-0.003903215386183323,-0.008444160689637048,0.0003684651071311773,-0.003977218986351838,-0.007614765350452246,-0.012036149363057413,-0.027185734359881253,-0.03754370712066202,-0.007687010823997142,0.00542169581443841,0.011194011892074585,-0.03186938257985128,0.0023803117096874438,-0.037185037439349866,-0.010934328965324203,-0.09558807337429254,-0.01134910868632999,-0.0637168902594133,-0.04759088457577876,-0.05209947776706425,-0.008914343059791885,-0.05001839019064891,-0.03246776607623458,-0.019667375335478132,-0.10942048588403896,-0.03262707194133241,-0.012808433603819114,-0.011309889080465152,-0.0024509430389955122,-0.04043923758280121,-0.03350165665005733,-0.04562124765393827,-0.009193065293343627,-0.0031847102322188903,-0.008689517303490435,-0.031720325956283046,-0.05188675744957727,-0.008903471642319638,-0.025227241266794098,-0.0034013303865300104,-0.08245946520415992,-0.007287065622675226,-0.0013454235495862221,-0.013990710756763058,-0.004729811761497449,-0.06540967384317098,-0.023255862475132782,-0.014416886372901283,-0.004260191585583328,0.00035604733327843086
2022-07-06,0.0622567281874824,-0.0022102939886919915,-0.007830376923172233,-0.0059983984149662994,-0.17073163437520877,-0.0025380744645141506,0.02160740555610352,0.013948127238429198,0.01260169002678535,0.0018182234330610392,-0.0120000163038253,0.0135873214396669,0.021634818767032105,0.007463813645411932,0.028052881560113985,0.008979161165046934,0.00024680391522258205,0.00859408080319457,0.018284617132094505,-0.0043604856484873444,0.010204010390585827,0.0015976948210738584,0.015862751799992303,0.011660913124307282,-0.005120679914670245,0.004423300642641292,0.009077594616849094,-0.017142985000611177,0.014668385065304212,-0.005486952943629997,-0.009404379577318989,0.014238140868657378,0.0,-0.003993212536514523,0.00712521022029633,0.010533866791635704,0.017783414601968195,0.01573683752865418,0.0008981863651160715,-0.0065908092769138005,0.0036900310459477836,0.008683364163116325,0.00528943316287056,0.02533207434240925,0.01462880420447532,-0.033536356234828535,0.0028505122046804665,-0.037537100043434246,0.0031037498057362445,0.019480434991655526,0.022077013445858107,0.021407755348393787,0.002065175932831176,-0.013888777754167858,-0.0453352385625837,0.006713498658607708,0.021494960641533334,0.02563213787806662,-0.044226024651566775,0.00334925899911398,0.00820014929893631,0.020297799287184004,-0.0036941051861544283,0.0031948850152176966,0.001153355307868864,0.009178166948166533,0.006219073282421883,-0.006572954837032574,0.008043561770636698,0.05802050410638704,-0.020779200962611655,0.0039525880932007595,0.007746805589416095,0.00021826999850738105,0.021045483279157784,0.022978432034508334,-0.04761914933846356,0.009413026029796878,0.001750174341691224,-0.012806784803469196
2022-07-07,0.10989005421198272,0.030185515083176684,0.01913578161982521,0.008848022049007698,-0.0588235706606518,0.005088924047882859,-0.005840631562112231,-0.006528378699196313,-0.005265294852941471,0.04264966368702594,-0.0023616578757130746,-0.014925350998615805,0.005820081533569832,0.002089797164323004,-0.003146277490815752,0.027735174225980153,-0.019254560313790803,-0.001022376204798947,-0.017800012139458588,-0.014111868703626018,-0.008151614096202464,0.041932717905885264,-0.00649974488997318,-0.006971742431402861,-0.02941180595477033,-0.00859284688898243,0.007550394374786551,0.01744199282193848,-0.006913919450049044,-0.024827549687769457,0.018196165821928068,-0.0022463884055924366,-0.007734828958914419,0.01832769608571505,-0.008163249602674227,-0.003217751396444868,-0.0068641936406849124,-0.007230052166493972,0.0011215105708388684,0.021712944029440795,-0.0014704371375106051,-0.012848541775492328,-0.0012884451675782005,0.0473876993758382,-0.011556302139492658,0.09989471769431812,0.002842599522116185,0.06144789058673217,0.00495024849653003,-0.0022747452328213402,0.012800028270928188,-0.004531497108242077,-0.008500856480076924,0.012128321706868839,0.06607000449706546,-0.002858055804652815,0.012701508895910152,0.004832034938160534,0.029177333599283317,-0.008066872895408417,0.007393590680029316,0.02636849518876616,0.005173757894715747,-0.0031847102322188903,0.011751137282721036,-0.0025183180571478614,-0.012498381038725581,-0.0019852854442021783,-0.0009249174184478015,-0.0032257776726799525,0.06153845219825205,0.0014062109207202411,0.00935822858707902,-0.0039282000049941646,-0.016622225069536145,-0.021090664352123145,-0.00555535656307371,0.010213158734276861,-0.0031450989477019853,-0.0001802297045253587
2022-07-08,0.009901034490460647,-0.014247345902521746,-0.006359692355049407,0.004284133711907501,0.0,0.010126667523812305,-0.002581353140266529,-0.010795402827172174,-0.012029485234700932,-0.011314196434336954,0.01251265735643825,-0.0019644471143109854,0.004566360625686938,0.003222810209538851,0.00413958257366609,0.005106650351657471,-0.013969221792104358,0.002046916733560389,-0.0038948017539157664,0.0024679788090562482,-0.009469365220290071,-0.0015309493950385056,-0.0039092464427018525,-0.008611567585304458,-0.04469698190251237,-0.003575361568519564,-0.003986097190735283,0.0,-0.004611335147430284,0.016973007221809278,0.010101019082897178,0.0003974380298881197,-0.002227203380824272,-0.0016873766869207607,0.022496378121207306,-0.0006365031864515869,-0.014294885611866204,-0.007093578924164956,-0.0012324322364972717,0.0029515487298847898,0.01620021061922028,-0.0014315972169405278,-0.002473081033004698,0.0015469421119089777,-0.009241718656156861,0.09942703862003954,-0.006434765978511114,0.01903229885156743,-0.008774478958863852,-0.003647950355176177,-0.014218145762343593,-0.012518971879607599,-0.002100950111496802,-0.0015461249729420423,-0.01872144933070763,-0.005414115318919666,-0.004679899344241734,-0.0019899816868126363,-0.019482921999993352,-0.0063094278964902495,-0.002568768316649872,-0.021791485341121297,-0.007291821857012826,0.028753965136958826,0.002619024444013185,-0.0014027067936228654,-0.007093246702764011,-0.006187564261331491,-0.0005790627581091501,0.0,-0.025487267518653822,-0.011232887613164877,0.003642456822778861,-0.009942660903856426,-0.04327248462040734,0.017691277229842983,-0.013966524165945682,-0.0061540756711250255,-0.0043383604036981716,-0.0010814160675272078
2022-07-11,0.022875864739393847,-0.009681014328404403,0.007488927531776213,-0.002817043600611968,-0.04017853294024065,-0.022556283189067772,0.0006245510386035935,0.008778103827331574,0.003044165527686271,-0.029049289936561307,0.0010020165532920178,0.010683704140850736,-0.0027759040431369897,0.0013227218742066782,0.007575171328907171,0.004096789684443269,0.004467295154094275,0.0054476521239525955,0.0012767648081066785,0.010831909191749922,0.007395250662395103,0.0004380154725349694,0.00921088248682933,0.019355967205711533,0.0,0.01043827846087586,0.00048036897257186517,-0.03571439987299463,0.006267744500427108,0.022253067874657084,0.013076928945688016,0.0029122167798343312,-0.0003721182781735166,0.005633837438195677,-0.009122503120865377,0.0032302712424572277,-0.003983849027933473,0.005905900882280157,0.0003928211059447406,0.01000589044050093,-0.0036232740652200057,0.0039100713832189715,0.016383010118937058,0.02818500668136803,-0.0019106650286270233,0.05652121267878174,-0.021434243222776872,0.02619987416150682,0.009628942284220177,0.0020593909410469013,-0.014422851008137338,0.007299176592670875,0.014210798683280679,-0.006968881515334258,0.00855272323883205,0.0003203210777089627,-0.0052659170361637475,-0.0004982093451060265,0.021525853598618472,0.008466134099498479,0.004782764785188354,-0.0031656753999931286,0.0012961761302616726,0.015527935363983447,-0.003180064931224136,0.00814717656148134,-0.005742965191891325,0.0062260885845450975,0.0033591364350109565,0.0010786704114069678,-0.014359009571564552,-0.00482817397623736,-0.0036292374819512085,-0.0062485706922478235,-0.02402824241744983,0.001032721455694663,-0.0339942897040485,0.004865086933741658,0.000198066271226649,0.00487109015971221
2022-07-12,-0.006389857037089275,0.003029045623632376,0.004710661326903676,-0.0032690938298762795,0.009302316297383983,0.005128069305330607,-0.002408065321113151,-0.0042333882934516565,-0.009711041092742678,0.02357209747744915,-0.01901898935893065,-0.00834526879827957,-0.010752032770688813,0.003962923776654748,-0.008796670953958419,0.007199858508258217,-0.004955567352746604,-0.003047750413864181,-0.005020912584503212,-0.0019482006989984813,-0.012354366000228545,-0.009196431984238695,-0.006269749994311846,-0.002686119937963749,0.0007930395839892412,-0.0011834898452053322,-0.003520209425493692,-0.024444353418131448,0.0018053319405564316,0.02312937382540281,0.006074405713182518,0.0021119743340829444,-0.0052102577746836465,-0.012885089663818294,-0.004061672828187257,-0.0016779637413789628,-0.0011201555653026496,-0.002840811301690893,-0.014017433530179146,-0.0064102920355300075,-0.02472721567311753,-0.007011189600323431,-0.007423055915611876,-0.00638366195670681,-0.01700270041468166,-0.06419753110523518,0.011345756584861144,0.015419479574433126,0.004922074373325813,-0.007079346617326343,-0.013821221274029405,-0.005530155610680487,0.0015566726160622935,0.00896709546047969,-0.015655509502738973,-0.011843790168010515,-0.016071208339203502,-0.02717759309272716,-0.018703242606954662,-0.006576278488734322,-0.0025631250569048136,-0.002587640784740053,-0.010183724466670263,-0.012232404307749856,-0.008203107580028957,0.0029259591325712098,-0.008594105115390382,-0.012154525418287099,-0.015237274850821492,-0.0010775081352635274,-0.025494265797278204,0.003995516330986826,-0.0003312095446024177,0.006736936202192068,-0.010137589802420854,0.0012037098140937896,0.04105560295311084,-0.003520861736207359,0.005544563220766241,-0.002333712791193765
2022-07-13,-0.02893887738418577,-0.0021961510310265497,-0.010968720865972115,0.00048591408435938455,0.01382487112212738,0.02040819217723744,-0.006884216660314468,-0.0025978466848165516,0.002574090046926214,-0.010628865010145372,-0.02721092841733097,-0.0018231029475567206,-0.014034436882496726,-0.005638983846390944,0.007791405894397974,-0.019161938436558335,0.0015322270193030008,-0.012228199009755247,0.007689428498524276,-0.011713042518340488,0.007070398152449364,-0.0371269695595039,-0.00559053463412984,-0.003993756038325302,-0.009508707341304823,-0.00312444386618993,-0.0012843778918973925,0.0,-0.013155537959022023,-0.006649032242569963,0.028679253920069314,0.00671762857610525,-0.008230392183663948,0.0034051750004293613,0.00788435135303267,-0.0015900030685341848,0.002562840343419026,-0.006837533250756422,-0.0023316900507005522,0.002932618571647616,0.018642867940285468,-0.004706984472651832,0.0018160936520354998,0.002645581759871396,0.0027493912791194397,0.07475817452868716,0.007479089844594888,0.011451271542101793,-0.0013774070246969083,0.0011498280600790167,0.02143436534391352,0.00824560851993672,-0.0012953464125742276,-0.008887401284763619,0.0006625955707042497,-0.011985746838573452,-0.004804090897908897,0.0031610893747691104,0.014866656209774787,-0.014788815526818655,-0.006607795649699044,-0.0048349263968101575,-0.00043609427965196623,-0.03095972261364044,0.002297250118773686,-0.010836463127504081,-0.005684152488328986,-0.023042485575536786,0.00984634179149202,-0.050701212925526984,-0.004805133731313749,0.008243118203262956,-0.01987406614945697,-0.010038030512443563,0.009509835365090646,-0.0010305636734257995,0.014084414819534263,-0.0066254343860977505,-0.005317055422082717,-0.011697270516616287
2022-07-14,-0.046357549271397014,-0.013619687372970923,0.010351076540025428,-0.006070698313285994,-0.004545450112051319,-0.020000027767018036,-0.0014404847934850196,-0.00852491855427473,0.002812099638574539,0.00268574151891543,-0.022727253611868448,0.0036533052463540994,0.0007135393270782941,0.02173901107505305,0.016281889955268358,0.00427163235970518,-0.0011474389428396403,0.001375548910119484,0.0037357540219022933,-0.007407527930605506,0.006300615676634536,-0.022722176682144823,0.0,-0.0027042367226565167,-0.0319999694824219,0.0033498864931540417,-0.014630250852622484,0.0,0.0020999610675513924,-0.025435020834402633,0.000733692501678096,-0.022634945440422882,0.0007544431305051003,0.002262412755597021,-0.008362316904198641,-0.008690539170860045,0.0012781444914420348,0.007649354311503265,0.0013680627422145708,0.011695839247322315,-0.004392490219238487,0.007619472180460551,0.0011730213296490266,-0.008292643543038047,0.0022845789366741087,-0.035188034466773654,-0.006186232690997495,-0.06916051326622241,-0.022838808066968808,-0.0004591613257276528,-0.0387410079106536,0.01236201545223703,0.008819710524887059,-0.012475490152037416,-0.003311225629552994,-0.010819622421761266,-0.007723306480996506,-0.04334875378417269,-0.028045641869718363,0.006719180944904757,0.0022171697097701504,0.014101226175007753,-0.028000637676531825,0.009584655045652868,-0.06796558166901512,0.00926991285333889,-0.002286851429752712,-0.011220462706753143,-0.00615210897639884,-0.039772769759508275,-0.032725253378585784,-0.009021617346415933,-0.01757361963168058,-0.008111588685429716,0.018115898151754184,0.01770671821517822,0.01944463154268883,0.002223272421048028,-0.0003959756835991701,-0.01183539864613592
2022-07-15,-0.07291664254537011,0.0041843202543689895,0.013989637677120692,0.012622664161915376,0.0,0.0,0.008835131306855981,0.007642762812768877,0.014264901055740964,-0.002678547632328887,0.001788907226050629,0.01329957602839893,0.011764242551365545,0.021461685811140496,0.015617787182667486,0.01290162069945966,-0.0024254278246246264,0.016826894461331898,0.011957502773465745,0.02189074564342075,0.016637042794348078,0.03710674173963713,0.005381003213882796,0.00448808646558696,0.012396662297629923,0.006032147530866672,0.004405287658597601,0.06985568917264695,0.00337134531042782,0.021977893117419045,0.013929587654029074,0.0029449643796897185,0.021108121280578596,0.04740397632757021,0.017682600405586335,-0.00491113509220209,0.013563252973696427,-0.00037951153878212907,0.014515032734470301,0.034104056566891305,-0.0036764647767820735,0.011473378920952682,0.011504187698007318,0.01824414565531174,0.01561427327954279,0.04071242826015453,0.011282233902160543,0.03067143588390775,0.007999945523105012,0.012640896823581826,0.02602893654420768,0.015404758828585052,0.009257016426879927,0.01934469083935908,-0.01328927420935544,0.0034802133557338966,0.007005142074315129,0.033383821761446164,-0.018807151051501214,0.0045442918563127765,0.015118153162707149,0.042766977603719836,0.010679143806872293,-0.009493661574342727,0.014387664301026337,0.006540561366447539,0.012892162553370667,0.018990302567521544,-0.0019855216607825854,-0.015384629275183803,0.03771482928066727,0.004552032633966974,0.02339207609035099,0.013857573848734761,-0.0035586283633205484,0.010979825109815655,-0.029972739690445338,0.003549074101636407,0.010497221101087195,0.015294092136394433
2022-07-18,0.0037452729631903825,0.00763851738586685,-0.011928946637515425,-0.019502153102999742,0.022831027858393638,0.0,0.0,-0.010903195751906791,-0.030171919947763137,-0.0062667586701972144,0.014285773604583829,-0.011605330541935466,-0.009900981581924762,-0.00851289901667085,-0.023711474336542193,-0.020538855472306494,-0.013179949529131707,-0.0016885174216783039,-0.012363833059220952,0.020447639386109273,-0.027274562375319666,0.01766269927148545,-0.012062521612989374,-0.018616833847192038,-0.011428599454918698,-0.018950808190631108,-0.00942181802727815,-0.0063874435026433085,-0.007718767234913271,0.06048395922210914,-0.016630480369134726,-0.012947207801215388,-0.0051679447163016645,-0.028017182270683727,-0.017909867251346467,-0.008025844447090535,-0.021410525434217176,-0.0068349378979696285,-0.022442939699234166,0.04695361549726673,0.016974105480814572,-0.0096674595209989,-0.02759065635723712,0.030981615649726235,-0.01829209242176144,0.13121417998290763,-0.0023083226427268455,0.021549614012707607,0.003112376995994426,-0.016114589719869676,0.1906705280610803,-0.016466088688017133,-0.004331264676991742,0.0003873541273544667,0.05723925298003962,-0.008092596850602929,-0.01932368725689415,-0.0498794413101179,0.014572674767427074,-0.01145047896516449,-0.012350120827763322,0.019610062183328614,-0.013851595104931613,0.022364195106523654,-0.033458313256319316,-0.00884850755249178,-0.007778113269914733,0.0063634410552899645,-0.008074626826072073,0.056490418782249474,0.0064137276913598384,-0.013877247756603595,-0.0020169576263111555,-0.0006722543159178862,0.05571413164907524,-0.02940696362149775,-0.053370857564353225,-0.0026527291088312976,-0.01450426126809956,-0.0018149062943092487
2022-07-19,0.018656675493918806,0.017643275076207,0.00932352315913687,0.014271546260332002,0.013392844313413477,-0.017857097320851056,0.014030563128449414,0.006709743762143283,0.012890235759412505,0.03693692192088216,-0.04119720176342745,0.013419198603314308,0.013167303227869187,0.017171906644446233,0.01067010571067084,0.015828882893795138,0.005316535522262189,0.006427545604643203,0.014657937686274103,0.01765279181129742,0.02152675512954838,0.025812387354990474,0.003396020092202523,0.0010434703916428756,0.056977750092434,0.006439022672116268,0.01082311686774573,-0.01285716264465242,0.00869419126207438,0.0380228034627601,-0.01176476445577379,0.0056795959623987535,0.008534179031872702,0.028824771137555327,0.03592823798456202,0.004882383282014402,0.011100220196320398,0.012617146340209162,-0.014578466107888155,0.012279740942741535,-0.010885324491727744,-0.0016921328069111619,0.0002166551845279585,0.022447581000090144,0.02080514867213279,0.07060528767163321,0.013187500202270996,-0.0070316046700373835,0.03397455905493585,0.017070529012588986,0.11683870310568012,0.008840939879237952,0.008444370899127085,0.02516440315148083,0.11273849465406371,0.0058276381006114875,0.012216781104470442,0.01514193434233535,0.033126262927420935,0.004004060644235086,0.007723229852065749,0.04835691630839678,0.026742071812738688,0.003124996973201677,0.013670628520887407,0.0008370257862606589,0.010832278552579178,0.01897008556496571,0.006252688916509985,-0.025028471898016935,0.011683447384273515,0.00689263268220186,0.017851112683050285,0.018609737794272663,0.035182847075375445,0.010156805811821545,-0.029673613126425247,0.007535751148043168,0.0033811899760782804,0.02000010935863461
2022-07-20,0.010989059707372295,0.0100231116562004,-0.0267325238588626,-0.0027898093838386595,-0.05286338615302688,0.012987102905504644,-0.015599036553951229,-0.015710505285234433,-0.00917760482272778,-0.0008688295988684702,0.028277594841567,-0.026069292460603743,-0.001369914407147621,0.00017978265768148205,-0.0021113188389345616,-0.003620572334788408,-0.018816558918537507,-0.01243706154939106,-0.007808865980323931,0.0004687369265334862,-0.007968773510824367,-0.0052059361146188365,-0.021194207072613436,-0.024161464937336508,0.08984371885890186,-0.01713293400577609,-0.012653838676597862,0.005788601107853841,-0.017692093830869005,-0.03296683764844677,0.026785760535068093,-0.013042779675111138,0.003311394583952243,-0.16217666097842365,-0.00945897798008466,-0.003377902819616363,-0.005250568697969027,-0.006796307519614575,-0.0057077074231931535,-0.03744721090488401,-0.0058693595716152736,-0.019035125693750876,-0.029341767206916614,0.0021245160827161325,0.0008955067512228521,-0.168909760954156,-0.006393686732273252,-0.014163008385604359,0.0006001282672603026,-0.01950548344428793,-0.05169221095624066,-0.013611475079845059,-0.027911785054249072,-0.009441038497796206,0.04235844706067016,-0.01274630678622879,-0.010706792735542314,-0.005537724143441336,0.04083169195591929,-0.007833752303310182,-0.009489043023882093,-0.005660920626179844,-0.00017527546888140844,0.01557630894769324,0.00012397687806209312,-0.011289240089652486,-0.014664183827136856,0.0006651128433821096,-0.016648916696323734,0.026837865122626647,-0.000524846295728576,-0.013976012065372911,0.008272569361057247,-0.000220237507049581,0.026797364203564156,-0.020961055797438122,0.0,-0.0057193011174278,-0.027353940523682674,0.0014258729791361002
2022-07-21,0.06884064293925318,-0.007375834430862982,0.018019452570849914,-0.0034463000279121303,0.05116273963561224,0.0,0.008236365263852186,-0.014026545895856946,0.010374339947565314,0.04347826086956519,-0.01535714398215593,-0.001982644326222638,0.010059498060919214,0.007900861259033887,-0.0002519428747224106,0.01240670089393281,0.007274453408429471,-0.0020421832876483803,-0.004407254420848439,0.018275973914975374,0.014459323976945937,-0.04404722546892059,0.0004938814252450907,0.00534027264838044,-0.004301037043924039,0.001985722059212769,-0.0016433634517681872,-0.00935255063221374,-0.00286314453218528,0.012658032258315854,-0.0036232021770864486,-0.004087424367737125,0.0003667964760127873,-0.08295821496276456,0.00026536895376438885,0.002460740828601926,0.004798408107597796,-0.005322052712333436,0.003514521989700592,0.007671199432791154,0.02878231681948229,-0.003056996628050146,0.005465750312880768,0.032508940968732025,-0.0003354338098819909,-0.0850204727095526,-0.011567488266573056,-0.06747041107936758,-0.007797246079866871,-0.007402325790545783,-0.035042316002981244,-0.018714647230889447,-0.0002611005458195148,0.003812603732282982,0.0027460227333049314,-0.0006704986681458358,0.005903248729175248,-0.0004490714630154269,0.03730443478992962,-0.003875701290019906,0.003684576813886009,-0.04870851584608549,0.015787952501790548,0.01226992698467555,0.009897411095385555,-0.0012686893182792813,-0.004436476529538491,-0.0026578455808745627,0.004411341191197238,-0.04318183025052702,-0.008928575006281081,-0.009256486285180943,0.0009846138929965331,0.005944661702480092,-0.01973272310111518,-0.007484869652116699,-0.012232425512835876,0.0022126440050023177,-0.0287344155738416,0.008366016885023253
2022-07-22,0.016949114225476958,-0.0024317183504429796,-0.001074169474985065,0.0006916296545551592,-0.04867252015929313,0.005128069305330607,0.006481952419224113,0.0012265982914210216,0.009167405289984831,0.0749999682108562,0.0,0.015183895352482102,-0.003343043938317858,0.015321317148466296,0.0013606143517586045,0.0043228256960796685,0.017200466238539658,0.012960390324322502,0.011936706284276788,-0.018408065897966175,0.015132587821522492,-0.00912401474435931,0.018350832666038652,0.013907692958766482,-0.06263497941361185,0.01783770497895043,0.009381243234535708,-0.013071917677049294,0.013060460663918416,0.036249896021038897,-0.0007272893732244157,0.007250531461832743,0.006964557793789128,-0.023141618058141633,0.006364438405004558,4.6394414486172764e-05,0.006526675587910535,0.012707689074098916,0.004728326004421302,-0.022294717836852884,0.004304262597030206,0.00653252943964322,-0.00033286704137514,-0.03593443155682097,0.008953750926353532,-0.022123764226607112,0.004650342352208181,-0.037413829796917875,-0.004080413333957811,0.00652522282594048,-0.01613986400232903,0.005586530254829913,0.006788514987773997,0.004936995853534132,-0.0032863128165286914,0.008389107745912172,0.002151775928363353,-0.0008986216297647287,-0.025405973196573006,0.012249450350992008,0.003304175880572746,-0.023938800805512916,-0.03117161747786501,-0.04848480294668034,-0.006002894997732766,0.015384790054494557,0.007474500291513753,0.02553854872374428,0.010446421732316802,0.004750589250663406,-0.014308449695577319,0.0023356934784231065,-0.006229334173905143,0.01050545212833831,-0.0051948526264047334,-0.08049808762563693,0.009288046713398002,-0.01280394436274146,-0.06735207488281558,0.04342454862058398
2022-07-25,0.0,0.024106446151345606,-0.0005160411905439366,0.01126241598063693,-0.004651158148691992,-0.010204025254387017,0.012527579113024823,0.009063887926440417,0.014655872794509195,0.07519382137309893,0.0018136366220813382,0.0278165822427352,0.01753963761267885,0.005088684637722496,0.0009561189730917796,0.011925446053039579,0.004905123006337275,0.013467984649206732,0.01351465106967109,0.006094805981713414,0.007453682914192905,0.043277939988089154,0.00937401556424211,0.009525654453257815,0.05529948448850974,0.01784916878005971,0.023153621253301226,0.0007359584005923736,0.012983361755821932,0.1580220903492291,0.027656486227873645,0.00842031619911432,0.009465095840145876,0.022972044448959394,0.01818181612909675,0.004353400062427237,0.013126625829432692,0.013680534681468792,0.001975439223365294,0.04004456279388613,-0.012857265314170752,0.013774871952227041,0.004660836756053888,0.013489545471496278,0.012756395402682585,0.03710399614441484,0.012882749718129638,0.07887936054845701,0.0353565253654875,0.02662645388723539,0.06220102418980766,0.01264385855605088,0.009854821154515525,0.022675911850316366,0.06978026764597622,0.009817039278022355,0.010540807355086113,0.013040792467637896,-0.0030948950079640047,0.016942024008978596,0.01902653227540818,0.04712160364381335,0.010427800882633953,-0.0031847102322188903,0.01836342126324464,0.010425123701607086,0.018404832830164697,0.022303917198182255,-0.0029366687766044786,0.013002323425679307,0.12849458820600224,-0.005534613579265879,0.011547375338185617,-0.002382229702892924,0.016318650019003567,0.021933961740963293,0.08588955351497596,-0.008049848148333205,0.006974163018827362,-0.00998147989344067
2022-07-26,-0.10666669301355458,0.04363904314448641,0.01019859839140258,0.009729720630902827,0.014018677532314339,0.007731897711747315,0.012895358539913637,0.007526185658898177,0.007162727460080287,0.010814749346953034,0.0,0.017135796667197,0.006661409773106586,0.009078348544021786,-0.01302165488286966,0.010068033943946952,0.008734777411704808,0.013289217878038606,0.014490434597381308,-0.009785489810025694,0.009635187229190212,0.007281789026186258,0.010727611390503933,0.00981305006787836,-0.0036390241315698013,0.013497803553741416,0.007489866045126581,-0.017647191547849772,0.00442289437983856,-0.0010417376992865046,0.007790344020451867,0.0021551631715348574,-0.0003607118369468587,-0.007017586445952628,0.002329110330860029,0.005302839718642982,0.011864067970628112,0.0095866409381975,0.007074023110976713,0.008021369647617904,0.013024727693774496,0.021426670921780522,0.008395330332908513,0.006655095385654564,0.018729298931961846,0.023560061763424622,-0.002437227907381323,0.01086103634140545,0.027700524949660688,0.008570327057765281,0.012226422344060017,0.003972657130101087,0.012326608515034199,0.0018478306536255928,-0.019517271494438715,0.012522490073562098,0.01023764837171548,-0.0004439629397924305,-0.0017910629955690816,0.011759614398006768,0.006822292028413113,-0.021145075581327166,0.009438154664349385,0.07987220155250863,0.009802774952320181,0.011281038673731425,0.007004939199366955,0.025418445871258966,0.014374698065585445,0.0,-0.031919965869454336,-0.002929073444341901,0.00195681514289614,0.0019537601655701398,0.0038534514435657474,0.008025250261971761,0.03954798081504207,0.005860926310004011,0.0035745319146187615,0.021018574405168078
2022-07-27,0.018656675493918806,0.019386860460585353,-0.00046862213476583925,0.0023093604217396813,-0.004608290374042534,0.023017935505807774,0.0020644893084371674,-0.00530108039920385,-0.004622524452786991,0.004992845402187918,0.013033905078090324,-0.005348192419417197,-0.0035133155920490378,0.005363253215294295,0.012327400663040722,0.012362804300590113,0.0029286928980367666,0.0016393146770565803,0.007369457841724936,0.01882325782175598,-0.00494201543898154,0.04052560303802011,0.003089117284512888,-0.004672121864298662,0.01826150530773063,0.0034606322827555047,0.0026891467858871643,-0.011227511242584254,-0.0019771159646112535,0.01042721398145896,0.012649354249205658,-0.007929390111467982,-0.0003607555677055396,0.004240294710101011,0.0162664403997137,0.0010090723226316989,0.006479209004220721,-0.004978242660470755,-0.00276375389365191,0.010079603724803876,-0.03214298263227722,-0.0038373701435321372,-0.0006574412084860981,0.016005666058571677,-0.008171300967515172,0.046036130437961065,-0.0007634238554751205,0.04350103377889125,0.015259767524967716,0.010509625590300331,0.022886328995760596,0.0015073965949428114,0.0015219220669491218,0.00885281229091106,0.03719269932900082,0.0073232534336709065,-0.006692183584805389,0.004707458196289149,0.008373260650876846,-0.002767563547973917,0.0014264788054099142,0.04309289415337103,-0.02036001988007019,-0.056213032777333694,-0.006591729343275232,-0.0034011000036039407,0.0040343924814736365,-0.0012393878338823328,-0.006040321750749311,-0.02217031355299226,0.03543313147226668,0.017038887052808205,0.03613270739151786,0.007583874786478262,0.026231809837518716,0.007221139707040525,0.08423909231171756,0.011205563802630936,-0.00022240788952154755,-0.016903816270021688
2022-07-28,0.03663004822964644,-0.01367337917636502,0.02463233839505108,-0.007826140954925287,0.027777750183035854,-0.01749995487859568,0.029530671436247546,0.024709102966183005,0.04024736636361048,0.04755145983237541,0.0007148530238396678,0.027154156386739015,0.026973279831991492,0.013250860319992563,0.020882791078322915,-0.07901475996204776,0.005459734537288874,0.031096552881827222,0.030470001211298392,0.016166505745221604,0.017811247404079245,-0.016210582831413523,0.020293762312619812,0.022812754481676523,-0.007173560316036998,0.029156536038110303,0.0331280622722574,0.044663272773496576,0.026472218026273975,-0.04334337458332471,-0.004163738138634243,0.010566183097929116,0.037531427278968854,-0.004926110759035818,0.006605881885503928,0.027677424517357663,0.0016860948750974103,0.025572119930097337,0.005773753335851284,-0.003676554559184142,0.03321046606625466,0.03184413954550669,-0.014139835495036612,-0.08638953804618255,0.033170822361442864,-0.03482849456290216,0.01734406807761113,0.010045359898248396,0.00969192821716991,0.02566937536475966,-0.0012430935696059464,0.0186644263592739,0.026849193841966823,0.01389387422497923,0.03687120705216418,0.05718877158638058,-0.016101045068140474,0.009459056791476517,-0.023250375360767128,0.022478280229538905,0.025284914419513083,-0.007009324212738588,-0.02265622882560614,0.021943552347077677,-0.047894751938727165,0.03521725729688474,0.03089964616933405,-0.003516057872101963,0.02570998195519003,0.014319795217220932,0.012832630164753667,0.031195672559772625,0.0053410172879591045,0.03784971104955748,0.0012466065736527199,0.014521970425047659,0.06015042204786947,0.008422281706213619,0.014250588289486332,0.017024254060120425
2022-07-29,0.03180217349618708,0.04309993652718447,0.012810424129608977,-0.009129052099792645,-0.018018000602490147,0.002544532677928091,0.012173723646510703,-0.0009456339079932929,-0.0021747594700656236,-0.04471543612314077,0.0,0.010338871445983777,0.007566227632741285,0.011548854327304792,0.0007406265888481034,-0.003273644832862077,-0.005682689146930375,0.006031690770219811,0.003659621581840966,-0.0363637671097653,0.010937232751031756,0.02332568032088611,0.008435749269325887,0.0089949746461917,0.008670511866767816,0.008021842160578219,0.034814530231553675,-0.024637788468450106,0.009912348558343664,0.039913558287094864,0.018815295952048006,0.0025472197198721513,0.020521788405489128,0.014144288379108083,0.008581413066340637,0.016453428802504666,0.004743923245456472,0.009305319630299902,0.0018369047885515855,-0.02161306601226276,-0.02642874285550667,0.012692703802014593,-0.0066711933102971965,0.05248959674173581,-0.0020984189838620937,0.04680865127971434,-0.005782969529546711,-0.02287416983230961,0.006399563248927986,-0.0034517875561456135,0.05724968417157417,0.00037280349578350247,0.013320098796941737,0.0007210705418259078,-0.01768213015105069,0.0035149197759853923,-0.004140238942650032,0.007618748347020254,0.008137063737413852,0.008649336873393088,0.010073025829229199,0.020962577880259126,0.00374180283640535,-0.018404890477013436,-0.013431184966762544,0.01384496407157454,0.011290084139454981,0.0008301447896337244,-0.009228813760543408,0.009411755730124094,0.03378701261132511,-0.01624635357050397,0.01468761110529293,0.002901029615536954,-0.021793082265168073,-0.007610137306695797,-0.007092406164675991,-0.007912232533648478,0.014050469981252478,0.004519440796354246
2022-08-01,-0.0034247006981953376,0.018002198697707028,0.015563997771601557,-0.007394836628628942,-0.03669732095175382,0.015228376312423242,-0.0018124084533845952,0.010411818756786984,0.0067682092973526675,0.031914879226282,0.0,-0.012694033479905165,-0.0043666918750395745,0.012760193799993713,0.014359795644335538,-0.022469545680948166,0.029972233166754902,-0.001893387311666439,-0.0031357734720514063,0.015565883815890524,0.021305023590799888,-0.008573748580337992,0.0009210156004992864,-0.0007278442662393969,-0.01862465817846426,-0.009468974637652061,-0.011509529645152838,0.011144096706451334,0.002431953244456553,0.0446058995940406,0.05198360019363113,0.012167419721757167,0.0037493657287590576,0.018131129912444477,-0.010010026216556667,0.007983729665307138,0.013402280745659745,-0.0025063577612688404,-0.003495261761690016,-0.017241363363798556,0.00293477256440422,0.002580483777560927,-0.009066548155449161,0.0319031503351499,-0.06928831007961733,-0.020325548616544675,0.023719624846048948,0.0190839169909347,0.0,-0.009309528734999573,0.017657493470066177,-0.002049402168469383,-0.0021906888795238944,0.010810848218322677,-0.026499602168794323,0.00015216697904052445,0.0019797828153378383,-0.01564403781152779,-0.007348519391078612,0.004627416785051297,-0.002751000416218341,-0.015399113004952891,0.005273571216180883,0.003124996973201677,-0.01027526274740509,-0.0027312934429626345,-0.0015946923400942392,0.006680694815959676,0.012304724221140484,-0.009324000514850717,0.009986350726164828,0.009396340193537966,0.008315365683473797,-0.02417360646205946,-0.003819258028482597,-0.009859438178996927,0.01666665307325177,0.0013293512316212563,0.001515428900128013,-0.0023328597163280174
2022-08-02,-0.04123712565284732,-0.01744601118311173,0.02426213931870924,-0.007042760194238884,-0.004761900436850985,0.0,-0.008830464581470077,0.006089094054938515,0.006609286205778275,0.015120293068374036,0.0,-0.006560151086107413,-0.02930527058658905,-0.009283749471011404,-0.0086595131492202,0.008058900056958418,-0.010357547130576239,0.0022131421989692868,-0.0038771628443978745,-0.0023220349131737317,-0.013200763358985124,0.027420149945913908,-0.003987151648034648,-0.00209376479497958,0.035766407148909884,-0.0028475461685134595,0.024331974714213,-0.02277734772304807,-0.002599435172235598,0.0357499461846007,0.0026007777344208005,-0.0002640599355296924,-0.005772497053835646,-0.013698713118965755,-0.006572268089360178,-0.00269814384117284,0.005861098711722024,-0.004968747414549113,-0.005692709789191341,0.014254398692127745,0.02048283160560893,0.00012271870698365994,-0.010392243305354487,0.0021322292941803322,0.024401343922092922,0.01078882668470138,-0.016824128429877794,0.008988505530752589,-0.02419130783218193,-0.0010926333123753018,-0.03759423203479528,0.0009334057100132132,-0.012198185917540405,-0.01568595698121622,-0.006163694440756484,-0.008069421337522864,-0.01817810532633779,-0.0006180422681804076,-0.0213592488305685,-0.0005417704277168589,0.0034481806533843695,0.004149350816571085,-0.002261037386906861,-0.0031152617895386925,-0.019724510447477694,-0.009780862745115915,-0.013179289738840527,-0.01721271350474063,-0.008065501080831594,-0.01176475076114425,0.006292107399929803,0.007334218034201756,-0.0085523697608203,-0.018632390300263868,0.01916935613165993,0.02434090645518472,0.016393887891189562,-0.0017702115945051888,-0.019887579272995448,-0.010522707241328089
2022-08-03,0.05017922701802702,-0.006522682562575599,0.010461857168661659,0.013242487559403049,0.02870822184792665,-0.00250000347087731,-0.006827785793660501,-0.020717078498252772,0.02230014067352548,0.0318212118339809,0.017857199107795152,0.005414725630161987,-0.0053397145000334545,0.006860721661693381,0.014427579163299953,0.004134318740739884,0.014577578816039383,-0.0003154650023722283,0.0018360829874393136,-0.004655669911073801,0.013046948086906873,-0.027920394290124495,0.004003112665295294,0.010947008599908603,0.0007047377855924353,0.0005098350291703468,0.009909639270947457,0.015037628318413931,0.01972025500211272,-0.05273279242367823,0.029831390134307245,-0.0010574536987095762,-0.010929118243341973,-0.002083305183327222,0.013740409246894014,-0.00453833602755549,0.006723521006737343,0.004176352754255541,0.009657705816315865,0.0005405529125317443,0.003584314192605964,0.00674016831933999,0.00011432245800313545,-0.05673743469310755,0.018306106508735764,0.012315305204381621,0.020864767802408313,0.00024761767747683017,0.004958426280231576,-0.011157491449640622,-0.04567292971162573,-0.005409514915373337,0.004445442060496241,-0.018471894490408314,-0.03565876905713283,0.00353036582258337,0.0034210774970695468,0.013782179143044804,0.01202878507000138,0.020333338394285194,-0.003780128324019416,0.017482493740185845,-0.011603676231519366,-0.006249993946403354,0.001720818640339239,0.017516168722410352,-0.005935306271250385,0.002532056021210982,-0.13135585011526818,0.0,-0.027690886502275136,0.004200662306152347,0.008934227339135514,-0.00388355658195938,-0.0025080042535197133,-0.007380758259307285,-0.011521222387510521,0.003546411916994563,-0.00022045576499396535,-0.0027008842434562697
2022-08-04,0.020477821741713642,-0.0027962812906929813,0.002109843621728613,-0.0006473472440322592,0.0651162140816881,-0.01002514620135364,-0.02892354968043931,0.02258150676400139,0.001218107279891134,0.039370104362259184,-0.017543913943378175,-0.014449020452480865,-0.0073299318959891835,0.0011634806189337876,0.0005803456911779303,-0.007604571631895207,-0.0066314981243341675,-0.00946673767311057,-0.01964504438199266,0.0023387538558801158,0.0,-0.041816116433267436,-0.010888014026719683,-0.009835511473700542,-0.02112677427918841,-0.006829652325894275,-0.005050377717380594,-0.0037036133789422054,0.013205036301122464,-0.05364361043620702,-0.05037784540110679,-0.001058222104966977,-0.012430788281239558,-0.025052194779359493,-0.005773056224627093,-0.012624979241653955,-0.003116771565789711,-9.025238176030292e-05,-0.016037428826918165,-0.014046473563849471,-0.00928584287204548,0.00474724892429923,-0.009130218682055657,-0.028947663109687438,0.013428798340461956,-0.022709303506404988,-0.0010293239667574783,-0.027956565616895634,-0.01762046048450172,0.012389556283736392,-0.02329967194219984,0.0016879986183702123,-0.013277523086409837,-0.028782216558160045,-0.043944701817074217,-0.009941676468894434,0.0,0.017690788048769335,-0.02462936063224974,0.01727129260235838,-0.013452754453975202,-0.026970721452125757,-0.011831844991576856,-0.006289302046118661,0.00039638870545477545,0.009189460000255778,-0.007192500285767678,-0.003367723561002678,-0.0010548776653450664,0.0,-0.04042264812178298,-0.002509953887631644,-0.011603182814475588,0.010613234007225136,0.012570826352358067,-0.009793278613655643,-0.011654823664498215,-0.006183879883319587,-0.01985458606927104,-0.0025391115617808824
2022-08-05,-0.013377847680010158,0.009022162815320645,-0.013294253037745007,-0.0029554523618539053,-0.01746723254120064,0.00510217244247646,-0.016748657665859867,-0.022082842897737764,-0.028644362450028327,0.019570673166422692,0.05107147060600692,-0.008396608912106585,-0.0036746779102599936,0.021082177758056986,0.0026107933610781675,0.01236220790537823,-0.005686700749577667,0.002548710686099076,-0.007626773682455568,0.002799846399222261,-0.021443804512142783,0.02049796036988738,0.0007752700470284868,-0.005194767554198676,-0.010071898812270663,-0.0024633509319621494,-0.010007018896626252,0.06765798414262769,-0.010005981495418204,0.020320770148207767,0.007957552133036838,0.008607089693393633,0.00034957158841630864,-0.003568901200545538,0.008583688665918077,0.00830220683554983,-0.021703331256783365,-0.009946863819217167,-0.003958368395376555,-0.013150672390036422,0.0093728779438913,-0.004603814017803298,0.006795471916521523,0.04839353395853685,-0.010685883530675566,-0.009128406208265494,0.014350898296713543,0.02672448283078044,0.0220978603140205,-0.023382755186919124,0.01934221539911407,-0.015914666305178904,0.0029902143515547763,-0.01937695506576176,0.00448469795241202,0.00015404240980099182,-0.011832994728250612,0.012844421542782314,0.005904538061717757,-0.015018999113401765,-0.018531531789888978,0.002140439611623579,0.012159104743454385,0.12341767591537067,0.02523127044321316,-0.008977720263032785,-0.011618330477379035,0.0029567375513337435,0.007258791481130622,-0.010714190833418291,-0.007659159985011432,0.0005590324061017782,0.0074142346447167995,0.002142972480450256,-0.01117321473311017,-0.01739931385454463,0.03773576412801605,0.002222381435553533,0.011704013080319653,0.009229170316929158
2022-08-08,-0.006779746165606948,-0.003262523862779587,0.0014478731530529476,0.004223102855980709,0.0,-0.005076202485786552,0.006234089784910024,0.011172080000026119,-0.0014801100480930085,-0.004953555764438788,-0.018008900066703193,0.003494640571475305,-0.015762000262701803,-0.000325019671105653,0.0022181539180419207,0.0021537052202322826,0.004724499845544239,0.0034952759333324313,0.0,0.005118507160282393,0.002007463203938409,0.018358672584756652,0.0050349154740143565,-0.0010992651926493568,0.010174374078467219,0.013478874975708655,-0.00820434620018562,-0.018105836871396663,0.004076805550683238,0.07337522571146504,0.02434209803960319,0.002494600431965477,0.01398124311547777,0.015759310505615742,0.00650821543690272,-0.0033904993051382393,0.0006121132240486382,0.009316062485718701,-0.0053181702524977,0.026651834321832713,-0.002857210214960104,-0.0010951917992974014,0.012355716520689342,-0.015878878267609253,-0.0048609793588386685,0.01340031602278069,0.009141604725235952,0.025780931131620166,-0.01642588078802998,0.004251455648118796,-0.0088550901256641,-0.004375977649350604,0.005466124236999548,0.010073920456862284,0.04073676426090511,0.010812526104295284,0.006088731582410967,0.001775505397512367,0.004745813099366503,0.0019889322256758657,0.0028500626361553927,0.029047388121902884,0.00834482679162929,-0.019718291319166026,-0.0020615058996330538,-0.0010353652480050712,0.015350446296064302,0.002316427778186414,0.017426830937494975,0.01925389161646862,-0.013024624395845286,-0.01788197216337195,-0.0027597365299610876,0.007485132166617836,-0.006905092617044528,0.006523926550605852,0.02045470267754923,0.008425627400977298,-0.009121251894194438,-0.0016933785213618657
2022-08-09,-0.020477821741713753,0.004485534603960284,0.025220944859797978,0.004326907431727145,-0.06666670905219185,-0.005101961195064342,0.005933726510644277,0.010108129493293871,0.005815432594622694,-0.0043559238427841596,0.0038062529504963027,0.020358971290669547,0.0022625752447598124,0.004553484549327802,-0.004570718912469074,0.002169857604627401,-0.009281212281127882,0.015832920761286173,0.0021094952132882927,-0.0050924414621946745,0.017863001391502875,0.04538716562294054,0.021579945104257314,0.007061495425733311,0.0071942722456204145,0.0041623049676466906,0.006056390743778506,-0.030496644262844153,0.012688391866827908,-0.028320232137652113,-0.04303147652062367,0.008773950767048788,0.012064812441998862,-0.009167787440445108,-0.0191494868511638,0.008615540392831411,0.00688079300145672,0.015111711199501388,-0.00011774854772628185,-0.02379667601429114,-0.011461317272904892,0.01096645044827782,0.011639760958329859,0.0,0.0,-0.04958653733466967,0.014451094800346231,0.0181246494645646,0.0047104155766903855,0.006238897392742304,0.0363750677890331,-0.000573310948552952,0.013589968385713469,-0.0007672790264395823,0.010187801626541093,0.009016087657333749,0.004236384013580841,0.009874316924068038,0.024984489900274465,0.00966002131196686,0.011722943061341695,0.029888011553355076,0.013459375121047001,0.0028735604621976663,0.012911445696832224,0.013732524828361736,0.01797896753127337,0.008193227173022732,0.009916039935465859,-0.0129870846379736,-0.0014662160625237286,0.007966025370266028,0.00737990401326627,0.0186796616333067,0.0031604755291361197,0.0409257627054016,-0.022271785801633026,-0.002198638685234955,0.0031431367619989548,0.001187456390744801
2022-08-10,0.0034843646387681115,0.008930493390043148,-0.001410132832237565,0.015018479738956092,0.023809615716916754,0.023076843723971896,-0.007026387310493987,0.00558512113827736,0.003514128863230326,0.00937497615814209,0.008617779743574028,0.008926026501852258,-0.005220312988425513,0.01586541868410829,-0.006621999415918345,0.008952356959859076,0.0034976786596760956,-0.0003116626807810885,-0.011127815335420177,0.01209836708487777,0.009512854454079012,0.010752510327335818,-0.002187722265584058,0.0022765062495515576,-0.006428582327706489,0.0008087136173162701,0.0,0.017556828278986192,-0.0041279269792354745,0.007035162157579045,0.0,0.0071404040242823985,0.0030653572685523933,0.0007117341147113709,0.15289027931329557,-0.008016067768394364,0.007289168919953015,0.002496093535238053,0.0028792259897745254,0.011080375146432564,-0.009420329298248653,0.004700230206386546,-0.0036862282231012733,0.015759795278982525,0.00890046340759909,0.06521736683389934,0.010559827866571503,0.040588583372304976,0.0017046036021139965,0.0066429001953793865,0.009236386494869464,-0.011089850771450416,0.0014627776671902737,0.009980713848097844,0.010615991140103365,0.00848105330280191,0.0034152669612181885,0.010279115044742992,0.018554436045160827,0.0019657596887032724,0.018258408823681904,-0.005139116512472008,0.014716458167050916,0.08595987148897044,0.008285555181471782,0.0005110873780636016,-0.0010701803141067723,0.011877502725027522,-0.034812311736312385,-0.0131578542098848,-0.05971616262746937,-0.032458557881928085,0.006104986136137969,0.02479673953410222,0.021423975342569124,-0.010852094991236405,0.04100236677736602,-0.01101799279381932,0.0035810421020132654,0.0038970358404850636
2022-08-11,0.02777778492482863,0.006459486128750136,0.015926549008376423,-0.014835944139506618,-0.004651158148691992,0.010025113372064354,0.006988834062847449,-0.006017331578587748,-0.010506124421687968,-0.00928790229556209,-0.008885870237274163,-0.012099879653955425,-0.021380699944673842,0.0517928949169284,0.004281828854376668,-0.0015886220704475207,-0.010455735212267503,-0.004989205667491281,0.005550666625376399,0.01563237231795278,-0.006173789723665113,0.01645938837102423,0.008090008987225339,-0.004997307419490116,-0.015097055388253122,-0.005151952990181785,0.013066901523131058,-0.0014377487719006155,0.004736985525316539,0.09181645609788824,0.006711435169794333,-0.007991821431393209,0.009847095577426135,0.02773823793564989,-0.014954630199708552,-0.005652405242744796,-0.007688840209938541,-0.009870225815918454,-0.020682842889747755,0.009863030420590668,0.02194583153715368,-0.0038388425881642485,-0.002915127850164123,0.0033246184471682483,-0.007662306435274102,0.049795807323115726,0.012413161422804686,0.0193886301674544,0.0072330296650773285,0.0010998438794416199,0.021354796306952917,-0.0021266709135340234,0.00048688035801580654,0.01330295457170938,0.03466290641228231,0.001501556441501073,-0.03323349215632532,-0.0035569944926323593,-0.01631140792990149,-0.009810445491407749,0.014827594698481938,0.007596475270712055,0.0164485133510901,0.047493421785997914,0.016940606151814697,-0.004981505720271784,-0.006697071999664739,0.009266862875782822,-0.0022462383169226108,-0.004848480224609375,0.05570024222633774,0.013710688614460453,0.014866573094194813,0.00020335310113939187,0.004935341712315466,-0.0065205731236918085,0.0021883192410399044,0.004010670787941484,-0.001338139996337584,0.010801490915568701
2022-08-12,0.013513516896485722,0.029237179856185236,0.004440502034479987,0.00016111739751467624,0.00467289251077152,-0.012407027127264714,0.014574139782713935,0.020256300065945032,0.020162511649304937,0.0,0.0,0.02462819148986295,0.018297057220901358,0.05030269458333181,0.009835249930285173,0.015036845122630371,0.00993727650132925,0.01848968269043061,0.010434655432066009,0.02127640432838973,0.023540873759643643,0.019549603960473894,0.011850381928716569,0.01603551001847281,0.0,0.006397440706571889,0.025362540997586613,-0.004319840151723264,0.0187742446924124,-0.012797319076876867,0.0,0.0005198181980961003,0.018829808067913012,0.026989594151294538,0.012279101908682755,0.0025757718022922926,0.023852957325713575,0.021822898678167446,-0.011008884021180165,-0.005425956582412184,-0.026485320190230754,0.020712994543144347,0.023501446449836205,0.017304788740310162,0.021424628206270446,-0.012442026734915346,0.013923544990916525,0.03132694033268124,0.015347991333502842,0.02175350401367493,0.003584111654600486,0.020150905360265092,0.020924685742623517,0.015378821690782862,-0.058375114088617175,0.013795242704239374,0.03768910487460486,0.010874965613251186,-0.00750426925648684,0.021400548382740636,0.029221898923407652,-0.0015078177711285168,0.014964270832323878,-0.1007556908022137,0.018712729264411587,0.011655067643973949,0.019821802576688974,0.012446171754785906,0.03311082866324466,0.0535931276904853,0.014792861287134862,0.006618731624979057,0.009865348776838978,0.019109664082479938,-0.04419887235573505,0.028805741621122705,0.019650586433966444,0.007989105747310044,0.008262701311525067,0.002170725595486367
2022-08-15,0.03333317689868642,-0.005427545332624684,0.0008841427820622805,0.01082973836456258,0.009302316297383983,-0.005024978109146816,0.0037625054962728832,0.00798720423579291,0.010005742345386759,0.0,-0.01517251075606596,0.006683721296466105,0.023198789590600732,0.009376959262448636,0.0056132928054553055,0.0038514311064734574,0.011832000544865329,0.00584597008163934,0.012871248888361775,-0.00975183264861601,0.005909621757808958,-0.015882198070468423,0.008524042808253363,0.006621130514843143,0.011678821141581697,0.011905852977933895,0.009187276365031138,-0.01663037121514277,0.006610739115269215,-0.026851595957621988,0.011333338419596384,-0.004675473675577302,0.0023103435215694468,0.006738519664549969,0.01610077580107694,0.020198644534766386,0.009496796295651144,0.008964956027133653,0.004778999964771602,0.015275542160989586,0.10294129269965246,0.01109004845931083,-0.004614332466287729,0.0,0.018633051404184364,0.0,0.01257100260399091,-0.03428066367588789,0.004992131788035259,0.0070967879983518944,-0.014285700037926286,0.008737081462238283,0.01668224946880703,0.0018473372945617683,-0.03665790356245191,0.0180444896160874,-0.00718411071278835,0.0019710512076107634,-0.01853654442763908,0.006207838958790957,0.010234203699562627,-0.007550588806749858,0.004200302914318721,-0.03921564960882995,0.013225573929945833,0.0032002508277715336,0.008594414706154296,0.00846450616634975,0.016542167147729048,-0.017340997126628732,-0.027696778276837475,0.017438431180337943,0.010065461613536053,-0.0019948149839966733,0.03403972170644165,0.005670865865030406,-0.038543974854087115,0.009246941954693444,0.009080956754437874,0.009830238014589154
2022-08-16,-0.038709533484721725,0.009914795716111646,-0.0024966005967679283,0.008244297282639534,0.004608290374042534,-0.007575777608142098,0.0016184321799084245,0.016527157697550976,-0.0020035477405836444,-0.0625,-0.0021007263543877386,0.006639231573803084,-0.0185693785926363,0.002429717506606366,0.016603157281297243,-0.010494727227247536,0.011570527695233812,0.004282886717832612,0.0031771344754236708,-0.025514700399882018,0.00412840795402003,-0.0011806860343939185,0.00022044261158860046,0.010182028707499846,-0.015151518279136633,0.0052260886956689845,0.00574222226435861,-0.003676537411243852,0.003366178419617283,-0.012369361150502356,-0.03230057802596076,0.01043850395253787,-0.0013171870306184497,0.004016141655916128,0.03125689077205007,0.0017365315910173873,0.0004412368285591217,0.0031357661303810236,0.00891107308191219,-0.005373475453520515,-0.012666628448488093,0.0001167366393368674,-0.00011026656210366692,-0.010857645829658646,-0.0043902236478907675,0.0,0.02111850223527001,-0.00044924069477036976,-0.002759781679988915,0.007046778505229057,0.023550827283999265,0.010544120371025256,-0.0011720670484962614,0.012905344973229926,0.013430700987794753,-0.0005811012566738771,0.00221093568560371,0.003933936100664059,0.0201291631413425,0.005784150326666682,0.010130808719298834,-0.016433381177638595,0.005292252871384573,0.020408143405366452,0.005922104677938744,0.008931896116885607,0.014683111210681776,0.015387689698118434,0.01716220093957821,0.0,-0.004997520256166177,0.012643976567901838,0.011723037820041027,0.007195705936733132,-0.013664578309872,-0.0017620725675722149,-0.02895305996732933,-0.0008723207714896875,0.005267755703444621,0.015013784096468363
2022-08-17,0.026845561372721427,-0.002656275947867104,-0.009626252261277446,-0.0025077839991329842,-0.03669732095175382,-0.005089118828680905,0.0006804975922496403,0.0,-0.0014499372295055935,-0.009333356221516875,0.005263082746551628,0.00632626661451785,0.005350172516274343,-0.014684813670022945,-0.0010792990428963867,-0.00697501310878168,-0.00012180707242948063,-0.004288107258419327,0.0027248431249369265,0.01056527506782956,0.004427607982239401,0.03356500912446592,-0.008229804464102375,-0.0007134987753087962,0.022710654086456117,0.005598908324319751,0.0034814574810286825,0.0,-0.0077729303906221014,0.01348745106370064,-0.00544958597022982,-0.0038739573848697306,-0.006923779888383108,0.0013333152518175684,0.018732857545583848,-0.0010402438891135013,-0.003379452109311565,-0.0008684831215288735,5.964588835594142e-05,-0.01674767488434059,0.00945303886650617,-0.0008168676842618128,0.004967447966414129,0.0069521270380590305,-0.004829394938490883,0.055906008172598165,-0.004691259941646653,0.06675634807079533,-0.004842626676393347,-0.0019082992148480304,0.0035397966059289576,-0.00950244053133531,-0.0037548684397212817,-0.013469373678132057,0.049696087653309906,0.00029097121662391423,-0.011832994728250612,0.037309158440969936,-0.010840431256877281,-0.0035782863599231884,-0.0025881299303255334,0.007735148587889151,0.007217600130743573,0.03142854145595009,-0.0014416485278511137,0.002276562499143653,-0.010723795511176748,0.00039376837318783053,-0.007748871284859904,-0.007058872896082313,0.023104017847648484,-0.008601511192415034,-0.006373059282405835,-0.0017862301679056891,-0.008186436559435073,0.004942482051997654,0.038990875629353106,0.0030565493497496377,-0.010043820633491296,-0.009915323130616716
2022-08-18,0.019607849468206817,0.014707606983279886,-0.004976273133515896,-0.0035120051663882768,0.033333416590618725,0.01790274462565633,0.003569631747948332,0.0031488491063216273,-0.003462435527999963,0.023553189068376224,0.038394453088928415,0.003302239573558463,0.0023260861521994247,-0.0044857813127447965,0.02696717092519063,-0.0030780505586149864,0.008275660124386297,0.00246071598171671,0.011751930047470216,-0.0027274831096801844,-0.005982445958215954,0.016333448350281055,0.003482347366636329,0.004909451130989728,-0.011461307089892236,0.0034799093087574118,-0.0037470054708412803,0.008855998495272965,-0.006514149618501386,0.06463899995283784,0.00684927569743965,0.004666759158719724,-0.005644092021997893,0.003647144808037961,0.0008264564502331595,0.005256222622321394,-0.00014734749132228053,-0.0008690903737331723,-0.004833467333834385,0.038461473969617854,-0.03143819232677969,0.00023373366150902797,0.003954446934076206,0.011991320534977534,-0.0043253891370886866,0.07233417432702227,-0.016132380396324808,-0.016856210785592074,0.011818406689569017,-0.0014872256987683574,0.012084553728489933,-0.005643341049937023,0.006360492817841568,-0.011807887760863722,0.021041071968453506,0.008428855244021483,-0.014004677638831287,0.009051102870595074,0.008127123132003256,-0.0012827034660013448,0.0025948457282194415,0.017500758371661762,0.009441927062968869,-0.058171691365885514,-0.003008182687439853,0.005930618716598612,0.001697898712393453,0.0019671637438232192,0.001007518534898777,-0.0023696096070714434,0.05891010339477143,-0.0039182946422683385,-0.0029153800470809177,-0.017693834921973184,-0.005079265371821129,0.00790455715884053,0.0022072095769907207,0.0,-0.025363873646735202,-0.003283548793206803
2022-08-19,-0.0833333597224456,-0.0044509487341768406,-0.010549934251195547,0.0046457618520967525,-0.013824871122127491,-0.007537778728010425,0.0051958826059879115,0.0006728025718361064,-0.007846006075251988,-0.01906640112595015,-0.038991589436307206,0.0020251996129359018,0.007102741120259104,0.006250192501600305,0.01514256624872723,0.008226710302835505,0.005069889850415565,0.0018411991239639658,0.002976218086650828,0.0022790592569708057,-0.015362802012162335,-0.0045377388880707414,0.005168400178005461,0.005862372797644788,0.0,-0.003765128953321484,-0.003482109107529441,-0.005852198149943755,0.009710965902914426,-0.0017858362390453797,-0.020408176505266273,0.00606447876901739,-0.004340550118191011,-0.0047106628395369166,-0.0142444243229356,0.010968963428567235,-0.006193097994206087,0.0031314764147196694,0.015230183843228495,0.02645502698898361,0.0,0.0028016327149886777,0.0074394141594587015,-0.008258607950206609,-0.0018012153628769179,0.007649157298865283,-0.00499309401928083,-0.04393483561913747,0.003985221509611669,0.004042688040156506,-0.04179109046833607,-0.0018919609082063138,0.0014044628517058122,-0.01755052746909591,-0.07315779129898292,0.00014407169306807077,0.011733470702913307,-0.005693934847856408,0.0,0.0011559272320633696,-0.003235109903981459,-0.02595053187056462,-0.005595556714805716,-0.01764711162210597,0.0014481832448796084,0.005519266115689536,-0.002998693514301154,0.003730674582041349,0.011325106817993147,0.16508317467077283,-0.02178949095985705,0.0014048375236566102,-0.007894610371818378,-0.01173839784080355,-0.03190817384468558,-0.016730557177335514,-0.008810472020677418,-0.0013056328378751036,0.0052046552028248705,-0.008565479916998298
2022-08-22,0.08391602654115271,-0.007910322194081387,-0.02799809501827255,-0.015785805969398603,-0.004672892510771409,0.0,-0.01576133891055298,-0.02307870077933627,-0.01717100731742094,-0.013404812884881379,-0.029380988640076544,-0.0070743211280971385,-0.012987923491043718,-0.019066890470442965,-0.013068831695979721,0.0008016083239710259,-0.01573230556770655,-0.018989542645775792,-0.028228124863680537,0.002728485868119801,-0.015441459818813397,-0.0024690244836091946,-0.01101819678834104,-0.010508642280696368,-0.011594191681209676,-0.011337391357347015,-0.018311786519937145,-0.0058867263822387494,-0.00805611524179417,-0.011627910048309431,0.008333391834189907,-0.00602792256062723,0.002682641142556008,-0.025693014578622053,-0.023036483756916804,-0.007547916591474801,-0.005934430976998195,-0.016735899876910265,-0.0035078834100678025,-0.020103061717378745,-0.020718198389888753,-0.019441235040731808,-0.00999093901183723,0.03765397954087635,-0.015603345812692626,0.138716485076527,-0.0048826631864159475,-0.002689871412147271,-0.013139644937552708,-0.02013130952386477,0.043613756929855585,-0.026156081386482843,-0.013557712674963307,-0.027746037264039014,-0.00277954889981169,-0.022334256298674138,-0.005086409794687996,-0.012080364831849266,0.011359475680664977,-0.014109837719648799,-0.01882507070622219,-0.01363068907521714,-0.02443930689304552,-0.01197603679070025,-0.029284225742171932,-0.013098774231440236,-0.024846340383031018,-0.013497810016368739,-0.021152017292461744,0.029561666610444348,-0.0018957779528039342,0.007856379202738628,-0.019746744724414622,-0.022322341674699153,0.005273690504500328,-0.012584284280535374,-0.06666687691143758,-0.00043634968560501974,-0.005627971205605542,-0.010799027991858723
2022-08-23,-0.025806382215847967,0.017448659232181196,-0.0054848989135639625,-0.009841981692399582,0.11737088571266119,0.0,0.0006026163030126153,-0.011009345298119255,-0.025287438291604514,0.0,-0.0007206334639758838,-0.011068361890570477,-0.002723804379202055,0.0010307529550641625,-0.008493377172808736,-0.009344183245136528,-0.012201075981312148,-0.0037463237025636698,-0.012810791432379065,-0.014965956787242884,-0.018787679503234567,0.015612864110173152,-0.005644645058880293,-0.009103035079375266,-0.02199414832725599,-0.006538848570414757,-0.012387794571000033,0.0066619015745861265,-0.009695607308659704,-0.03891392790349546,-0.002754883902634897,0.00477427340781178,0.0033445301107468683,-0.002081843353337498,0.0010716406664303957,0.004926338094226157,-0.018507583588958876,-0.011817598050626432,-0.008711718827110082,-0.005786460232885204,0.008462645047893735,-0.01816464216268987,-0.010531153087062983,0.01674806217176572,-0.02199698834179664,0.03818180145366257,-0.010222144862728988,0.01056397232698858,0.002912485463206549,-0.007569509929827523,0.0364179287774713,-0.01887891679616782,-0.005450362440659662,-0.012118738755079295,-0.00836066058081475,-0.0069270375348852165,-0.018200763460112013,-0.012228018109036287,0.02053136335248107,-0.007936439094578418,0.0,0.02386929390361292,-0.013860113960988185,-0.036363602210010226,-0.00993176128636064,-0.004044883304788027,-0.00603476060201491,-0.02320025727398156,0.0007623621949259807,-0.003960392113094846,0.04415955977015806,-0.011692582232987303,-0.012928374420858924,-0.02283191156233355,0.00393438618610098,-0.024232595447564398,-0.007142834672109966,-0.006977612472033434,-0.015847997025642768,-0.01847510097949423
2022-08-24,-0.01324495565699002,0.006700551181847425,0.012337278084263215,8.183693054819585e-05,0.0504201175583856,0.007595028371306212,0.004302239288851428,-0.00881239025965841,0.0024763813173847016,-0.02105981073322849,-0.0162278976968786,-0.003988575621422963,-0.0009221411513525846,0.011326607571479741,0.006539643127984496,-0.009225176655386247,0.0004940547405640761,0.011281823556291926,-0.0003018190569871182,-0.012430815757799363,0.0026637949408330197,0.003937179505668631,0.002838279280651834,-0.0009007458490990494,0.05472260373960425,0.0012150169506237596,-0.0028834146550872353,0.0036764590670268493,-0.001924753625192066,0.02919016203099689,-0.010359090004992355,0.0074482019771913155,0.008000115638151284,-0.0055632986387816885,-0.005139249476542651,0.003525880450292229,0.0004562125659357541,-0.0023205172023207377,-0.0033107998045284193,0.017460313776012537,-0.0139860789183186,-0.015356547808042964,-0.002106250288968714,-0.07343852553277341,0.0016538603343556613,0.037361574120318375,0.009088335933033154,0.012455636193543729,0.01037190050222514,-0.008716209465638225,-0.028801837711868394,-0.01567148604075097,-0.003097345841455268,-0.015037695312361432,-0.010680729175634784,-0.0020777506109642685,-0.01208067715838812,0.008681605449890162,0.015384651500092383,-0.0035412240282356455,-0.00033080240737670685,0.01656444603689211,0.0,0.10691820975841226,0.002382594228580226,0.001015217705291116,-0.008094917065698981,-0.009744331085115077,0.01803680958682441,-0.0009940584954982734,0.0018190502930282015,0.014366197820476101,-0.006396710066481348,0.011789932907197764,0.005878451182025124,0.0031273352819900513,-0.016786439319055546,-0.010540058152572862,0.0018406428649884177,-0.007871204794831943
2022-08-25,0.026845561372721427,0.025609321633457638,0.003107223430004691,0.0048671230216932315,-0.039999961853027344,-0.007537778728010425,0.007368057946100626,0.00210539665356424,0.016468653133027145,0.006245673389375872,-0.016495586385187444,0.012787360802088088,-0.0022366771497815963,0.005090856035689484,0.0010066615127724,0.008788035637930847,-0.0009876215420233647,0.0030989652008539537,0.010113119870226006,0.025640991256771883,0.020259232933834248,0.030625533610056044,0.003947559065013095,-0.002073307035986849,0.011371702265989825,0.0058660211153431785,0.013446987695798995,0.04615376449396158,0.0009222968552409228,-0.005489403431208184,-0.013258868206201813,-0.00701104381741724,0.00859768998482413,0.023076906402323072,0.0079639382752823,-8.560051016182069e-05,0.014591953498771959,0.008498057431630235,0.009361299627778985,0.03380133302149213,-0.02482274464897627,0.0008595991163584671,0.0028882857846797005,0.032962832929912755,0.01419904462793542,0.012942880071606933,0.141238993144303,0.054042161918351095,0.015740417827389885,0.0169265369468794,-0.013048858238089434,0.010681205082511802,0.0064532244057160515,0.03013262978221909,0.011364004176348974,0.008328370950895447,0.009909322498000028,0.0075708700795347195,0.030303011441068062,0.014082915265127616,0.0039707992649618,0.025347017744673517,0.006372517484731555,-0.028409063970007975,0.020140099605686412,0.0031698185362680764,0.012785530502490872,0.010865092129212162,0.010230406969806038,0.0,0.008170603368898854,0.021660548711263772,0.011649231078898925,0.010169365268143382,0.0038961394698036056,0.013386933046195093,0.007317168365054139,-0.000444000358139629,0.004362735364608961,0.015522706969861577
2022-08-26,0.0032679345515487235,-0.014849891460194775,-0.03817686694254996,-0.020473726205971765,-0.02083341197834765,-0.005063073198088741,-0.013522799879527536,-0.004436082853940371,-0.018979426637612873,-0.05999999210752294,-0.017890419805825064,-0.0049738668523655605,-0.018716231161743035,-0.02170752953548949,-0.007221949673149819,-0.01565981500079039,-0.021131976581929446,-0.019153735411835404,-0.018604144889470486,-0.023636344618744864,-0.013020894456379994,-0.015401369382296526,-0.011647743501099539,-0.017795653630954478,-0.08573431852428315,-0.009350647147792546,-0.011699354696577902,-0.013305236856226865,-0.0034342586902620376,0.011039587744300583,-0.03960398911030749,-0.02028205168090036,-0.005901410901287152,-0.030075210870516678,-0.01217192553184876,-0.020097766445613452,-0.014531948052470933,-0.011442208516766583,-0.017112437896737775,-0.0075452527596832075,0.01672730175599879,-0.01938645707139941,-0.011188524132331734,-0.014341995840415511,-0.015085745399204264,-0.0166663898992353,0.03401892397840811,-0.007503347580902986,-0.013744455732156102,-0.012970073492598266,0.008413793066594177,-0.00518432057031859,-0.01448593476024107,-0.013260599516712435,-0.0039325708457639275,-0.016371713811739297,-0.022547001456212135,-0.010045008441937231,0.006221667566400191,-0.014665852621339015,-0.018127813100998758,-0.022071807242603603,-0.010062316035519103,-0.04093570227515453,-0.009196985481398245,-0.011628007604558621,-0.019876319462398984,-0.01155955031682776,-0.01926628668983099,-0.011940286893696861,-0.01755963105469427,-0.024191174285452588,-0.016969656121075594,-0.027684529196614127,-0.004527743068361123,-0.012486194739092515,0.0048425590665659435,-0.009325150501918067,-0.01120240951270668,-0.00781260335346623
2022-08-29,-0.04560254191714186,0.013398833170229274,0.012087387211073608,-0.005277189536610605,0.04680856935251798,-0.03053443250259913,0.003190082057832333,-0.010553484352200049,-0.0012973657732523458,0.0014673150345880792,0.007969586548409069,-0.0012813930781339078,0.00043511174747501435,0.03091722550673226,0.0012432752068136654,-0.00408762307121513,0.004797372764907104,0.01070864064925714,-0.0046440635113205175,-0.0018623410069582569,-0.006761202438543723,0.014906321117230226,0.00210188915821119,0.0043224535885704185,-0.008455081354062144,0.006901429293501904,0.00548604223973892,0.061036125791832596,0.0038663630588742226,0.025477654517264803,-0.026509547768760244,0.01179230714583479,0.005936444298384469,-0.005637789917540492,-0.009511112815296263,-0.0034111335682688315,0.0018242954970557612,0.0037684741098533703,-0.007731433609450278,0.0005068539844832465,-0.010729596652122031,-0.004379201401676358,-0.018709533621668717,-0.012368228831417416,-0.0034160107070588808,0.0005648669135389639,-0.004914574442271724,-0.02183936191864888,0.002322607681788602,-0.0026280821671900156,0.06674590822287474,-0.0038085504542687554,0.0016868891425179111,-0.020553271757486336,-0.00394815916434188,-0.004048720928006566,-0.012601504611282288,-0.0011186265664683281,0.06351885013741487,0.002897537333293787,0.003021122797367326,0.012338244148664135,-0.018489274036333492,0.0,-0.006559496408768739,0.006138040690329749,-0.007262228129907733,-0.01805496223757619,0.004029821748208429,0.021148039445428424,0.026122809477372444,0.007520850818817815,-0.016337775718964997,-0.018550411154895197,-0.015594682638293,-0.010628500685743836,0.0120479952926833,-0.009412634536824838,0.001849438248858526,-0.02259487463629417
2022-08-30,0.047781499762945545,-0.035147543330290465,-0.017728607147155295,-0.001086288137359448,-0.016260146842582146,0.0,-0.016586506926266287,-0.021332096652623145,-0.015001262993434739,0.0,-0.0022589889169841726,-0.018224048312545316,-0.00971363803939318,0.0021523160731273805,-0.012829554438148372,-0.0037026966654215565,-0.007412928846939115,-0.013711333675072712,-0.02608249012220376,-0.011660494948558031,-0.024904607915016697,-0.029918596206193637,-0.015355853816314768,-0.013919416914444649,0.05581397583877146,-0.009172410394548192,-0.011916943359714938,-0.0040134083888381245,-0.02160269471700893,-0.05590059616133625,-0.0015128939001275432,-0.0031077208054417493,-0.0016392109824308054,-0.0007086335345819483,-0.02051530830843995,-0.00737188822259216,-0.02291364044630928,-0.0167157457522632,-0.0034968162370148104,-0.001013194427334052,-0.0007230829227435898,-0.01973115676508108,-0.008105770455047678,-0.04456708332629733,-0.02134010905083361,-0.06355876425914009,-0.017083238425390723,-0.056973923740011645,-0.0302617369384639,-0.018225698947758495,-0.07318417474591532,-0.031589512785069385,-0.019485304977585938,-0.010492441695195476,-0.02370585965998806,-0.018066625552251026,-0.008219474255612202,-0.006238954570491062,0.0036997725133880444,-0.009850039367467978,-0.01773746135295806,-0.14536264798961818,-0.005995637178948798,-0.0030487776068546246,-0.010339783503974687,-0.013980553134859353,-0.024982808642258658,-0.0014626151538021936,-0.018562699208562017,-0.00887575439256827,-0.05046892325012897,-0.013547171121905066,0.0015668348758191009,-0.014066121187910063,0.009901118900685901,-0.023522898437373763,0.019047869832254483,-0.002714850147506942,-0.01846295665254294,-0.013485219392869507
2022-08-31,-0.026058560899776317,0.003654198181921142,-0.003323579760751816,0.004934841197916873,0.024793364003288243,-0.0026245585866092602,-0.00917584056864329,-0.01598449157110693,-0.005036704284968163,0.02051287138978375,-0.030188727486236133,-0.013333175545646614,0.027999391927038486,0.01260020051231625,-0.004238765777197173,0.01125524219524543,-0.010000063407922144,-0.0037915663707636105,-0.00808919697970678,-0.003775287410151318,-0.0034055189754400583,-0.016261556695334578,-0.008444268447602377,-0.007150827888553923,0.008810564358837869,-0.005697049500489215,-0.015257140586102058,-0.000671489455061014,-0.013264732982725236,-0.01597751682528037,-0.007575714336391148,-0.0023384013249102553,-0.012151084919982402,-0.0021277516636049043,0.002673829975039288,-0.006807922761441376,-0.0013975621934415594,-0.006909337200986632,-0.006710581969041285,0.0,0.0007236061499935609,-0.00737217026975967,-0.0174953763842568,-0.01696227785231119,0.0029375973809722122,0.01594144712389345,-0.0036059467329723205,0.028355861581288,0.0018272860621042497,-0.012748955552080776,0.022302117206155936,-0.010804091818844341,-0.0053974005177942486,-0.015089664457031526,0.02580607888085118,-0.01318607612046574,-0.013522702384850094,-0.012797780638552747,-0.010426518120997819,-0.000530592926984097,-0.009199461689149424,0.05391301694123651,-0.011883450420730357,0.0,-0.00025199161123579117,-0.006573864167027543,-0.010617224861202423,-0.012554752659190371,-0.0051120890877260905,0.01393028726283041,0.04233300135658591,0.004204131640574316,-0.005987910371891614,0.00022303589948258207,0.03267965732386435,-0.011949849641092358,0.01401887271158575,-0.002722438302089625,-0.016929040104880166,-0.006745894105034567
2022-09-01,-0.00668896514470152,-0.0035271247785086945,-0.020515151358192263,0.021639468413189755,-0.05241940058108763,0.0026314650207246437,0.012347804037545762,0.015505714769350476,0.009762645931808311,-0.13280691607611428,-0.027237408715100275,0.012453529150580511,-0.014312632476084275,0.008484222770110517,0.009028300581738202,0.0011760714630868474,0.02032981942404688,0.013320691516566008,0.006017363272098342,-0.01705354559256056,0.01281412383131797,-0.029070940618669106,0.018413528554049874,0.01197271590431681,-0.05604072175517172,0.01739320729062177,0.0073777963270091895,-0.007392492896253988,0.01491743554963798,-0.09264568747692925,-0.03511450570624819,0.004687188688741184,-0.0006649032023435808,-0.008528741489795766,0.0013335402609000457,0.012863402725957984,0.005443223511643058,0.012907736281836169,0.024792351385735767,-0.0344826785752802,-0.04193780371334355,0.013373513967766204,0.02096997694230618,-0.03725511510998025,0.00653385797153283,-0.05491838018136863,0.005102331243105995,-0.0535913209750829,-0.013469897837152467,0.013593111877963082,-0.02181558350588686,0.0012602965802908095,0.011593263740366178,-0.00041414009576967725,0.008004676559270063,0.007302529152724668,0.030953065106014588,0.008560948589892092,-0.01042992483065075,0.007830164483828339,0.006877538249413506,-0.056105574204487696,0.007288892675850311,-0.006116202153874872,0.0035257276341409405,0.022057623701827067,-0.0007154149541791499,0.0019070020129514642,0.020038758462792128,-0.012757523662401571,0.00676893590086336,-0.005861068550551574,-0.006658127177734285,0.014708991060063736,-0.006329098688464874,0.020349334679597986,-0.020737591413014567,-0.00272977109586392,0.0,-0.007328095347998276
2022-09-02,0.0,0.0003425146614817187,-0.015385148266762516,-0.012749342641496408,0.025531993035336376,0.007873892737224164,-0.0020038757010013564,-0.014541692485899205,-0.01098105276260497,-0.038079473597036895,0.039199984604911586,-0.00811320202495558,-0.006393424208877119,-0.00462715150786519,-0.011404532069780537,-0.012060863201327043,-0.02042588468609996,-0.005320934082045703,-0.00023606236043416384,0.005301173268632775,-0.014170069411320818,0.046771059032491014,-0.012053777427928902,-0.010999154900746322,0.02004620430644599,-0.009654012056002803,-0.004540696940972033,-0.01489502555820732,-0.006836293602528687,-0.033684130900409226,-0.0150316874127292,-0.005702263332572621,-0.005322764742071384,-0.012186398744355453,-0.013093717183696008,-0.015424461840810921,-0.00850747812088093,-0.013646747565342898,-0.015725128791407195,0.01155458522982955,-0.05283010296385171,-0.010121830866735237,-0.010556311704001176,0.010997974156817136,-0.001566919271763112,0.015325543360576788,-0.0068474533725612075,0.003289364753066515,0.0027021898600911864,-0.0053643464500772176,-0.05244128199587306,-0.0037759408455552146,-0.008534131389452138,-0.009527789695985778,0.001134391385795075,-0.01264837928809448,-0.019944108834891505,-0.01042857916950879,0.00010749092788886472,-0.013695150539901224,-0.011612056843735119,0.019230742298062875,-0.013024618200902838,0.09230767763577985,-0.00690089408884953,-0.01142539624904415,-0.011884300407764448,-0.005075983066227474,0.01158534274449119,-0.011928512348707287,0.047960543273774636,-0.008702931575115702,-0.004468706238351827,-0.0046123674803763,-0.0031847056606524315,-0.011100699002648096,-0.004705828438361315,-0.0004562568808725853,-0.012198131793569877,-0.0009001590881005939
2022-09-06,0.003367045929912882,-0.021801047126516315,-0.008491282563112157,-0.0006189895976588256,-0.008298746976857507,0.015625188372000887,-0.002968167363622931,-0.009099815612172657,-0.00543095781369296,-0.034423375427686365,-0.016935906187412697,-0.0017150435323878277,-0.0008724380038165336,-0.0208480398806411,0.009097525234023518,-0.0017622852067259442,-0.005117095533499261,-0.002517239951059458,-0.005982913305326298,-0.012943429852529498,-0.009753651503307315,-0.008599767551195514,0.00045735992171858086,-0.002242883430518705,-0.040060449834422474,-0.007412738929771123,-0.03075330211856908,-0.03573888018277949,-0.005076646033685628,-0.019607895703366962,-0.020883552840566866,-0.018508795958120272,0.020066860153689747,-0.015965109161108715,-0.001349337052063193,-0.005802453997442725,-0.008424161549038911,-0.008062854537728814,0.0027037091272501534,-0.018691620253031727,-0.01992038536498164,-0.0038829232059729435,0.0022032207795503744,0.00322336445404936,-0.017374621668539647,-0.00880507475338721,0.007191918899467353,-0.0004681454098313109,-0.005673736986445355,0.0033708109754362336,0.017175470326302067,0.01684565187666487,-0.005656904197344881,-0.009619334622708031,0.00169947379159896,-0.007498842673115069,0.0013127929550478257,0.0005718444049997995,-0.02398102783920919,-0.004940152770831596,-0.004146425889311134,-0.030188650850176968,-0.0016494399879946053,-0.0732394349170663,0.004295684410249523,-0.001155989329192253,-0.0040573202901772465,-0.005527295568803492,-0.0033610832635709853,-0.008048282402741247,0.011976077703004018,-0.014160405310243651,-0.01506890677555206,0.016769871764169997,-0.0012780405401175976,-0.024162805781683727,-0.042553222257610046,-0.008671942943745847,-0.004842732702092789,-0.014416925417097382
2022-09-07,0.003355664089114363,0.017853034318356942,0.005915292206696066,0.010610250745887173,0.020920481222442833,-0.007692328345815569,0.030032541493007603,0.014643790687290048,0.01674555644323239,0.02762918525531144,0.009005409901673422,0.02524132732934148,0.01106101217227673,0.021004381106473957,0.0289060823385201,0.010421728310920031,0.010029508721862701,0.030599481071145407,0.020274218787646126,0.015541392553781508,0.016070595721552783,-0.004337182537245132,0.031173858392031795,0.03269011043252634,-0.009448810028448773,0.0356011448171909,0.03279180386480207,0.028510246657801996,0.0306149978040422,-0.005555607207019975,-0.015586512462974711,0.013014247238982923,-0.010491641540032015,0.030235987463036462,0.01858552000035507,0.024691384917179038,0.01746366353398421,0.022353491579539364,0.005454093923475289,0.006349250881240609,0.008129965116314919,0.01832111332955355,0.00520704212496681,-0.004016020231869977,0.014031232138682181,-0.01015225071494541,0.022601056512595585,0.04193974098671549,0.012125495589831559,0.030011362883374693,-0.046279058688406205,0.02319303924891547,0.027207500141606333,0.019847997996547573,-0.037895451247891954,0.05824013223215263,0.008085671468980982,0.0385369559736739,0.013662382487698688,0.029116165951751594,0.026717526012552062,0.0010611524163819386,0.016339183643059307,-0.012158043257392115,0.024531424646493383,0.025327926084389718,0.019351061647992385,0.017956318273606886,0.02123413656371098,-0.001014125309907854,0.0038038948929974836,0.01378916073575187,0.008789000387277257,0.017795093310297272,-0.015994770391656532,0.01306269615456368,0.03950614225898952,0.0032230069034631104,-0.00048651657886644717,0.016090705642096692
2022-09-08,-0.02006689543410456,0.03507959302969921,0.001009312672967999,0.00269611448870255,-0.028688594270410817,-0.005168020109280302,0.002634998318785886,-0.003179966257000011,0.003938504620719874,0.02428453539724007,0.008925114078387697,-0.002706941879860758,-0.004786300080873551,-0.004790847575490087,-0.006775008882295763,-0.0029259017052124525,-0.009038820598813446,0.0009183131689012303,-0.010867107614942917,-0.013390633209738323,-0.00425176037594599,-0.005871261331320432,-0.0045087833858288295,-0.009523909338023495,0.03259140301261021,-0.005630701103998992,0.007349666583119641,-0.039500861430330936,-0.005790031245768157,-0.014524813502626577,-0.015000025431315067,-0.008521103610928948,-0.006295571047311377,-0.021474616646296685,0.007343285651718601,-0.012135839952581384,-0.006339690664914244,-0.003072042403150177,0.008045479234641384,-0.02839121464410499,-0.03951604818713872,-0.010718385486701898,0.0063311630020910226,-0.014516140235207087,-0.0056249687733043174,-0.00641060595100984,-0.013392074500869433,-0.00899483942314283,-0.009020293251763678,-0.007610276818696526,-0.01967207283832173,-0.02246500952366648,-0.0009632095185733158,-0.015734991052941072,-0.006466819267996637,0.017843674058540815,0.02059413606944016,0.01588058036191531,-0.02097826418669324,-0.0006521450902874371,0.008683843080146358,0.019788034925374065,0.008580148118981112,0.0,0.010559741609763584,-0.00426314541382844,-0.006708672187563325,0.0021002062345731876,0.008194604076612544,0.013197883830660784,-0.003368417840254989,-0.015585211745945404,0.014520825412282168,0.005543637763902209,-0.02145644414229375,-0.012509491668077133,-0.002375444073554167,-0.005506947267310935,0.00584205502771562,0.005218539227975771
2022-09-09,0.03412961860180297,0.013069011216014115,0.020385651763279,0.009126227439367529,0.0,0.0077923009318336955,0.0011869810396176739,0.009325247471422937,0.0032096285128391244,-0.027095735573980706,0.008846083982787745,0.011503351019060082,0.014789466772750837,-0.010477150172524374,0.005593496063857062,0.004560155040965075,0.0024409037028203517,0.004586969846658739,0.0022756768364202706,0.004444481907121878,0.00222035017057709,0.012192906829754602,0.006088371483136568,0.006227075924442049,-0.01462660382841141,0.0018873574584223896,0.008317587910184665,0.03174588409808399,0.012322728985349363,0.028344257149962138,0.008460269378307572,0.0037024835374033227,0.008002622857364639,0.0168251612245347,-0.006184947406932206,0.0034150193921187455,0.00715832879966416,0.006525186007682926,0.0019347253388479757,-0.02272727741870495,0.08396302692498203,0.009028921176908788,-0.0009151009944599053,0.0085923335101874,-0.00011305201835076772,0.04387113538117271,0.014102695654567787,0.07374639557860174,0.012800541672825627,-0.02957952338434966,0.04347827810994209,0.007660428098067218,0.008676811612518431,0.014303819217219127,0.005917022036588726,0.0017680494441643102,0.016142840820541515,-0.00417895249732092,-0.0007771699240745056,0.005088010060744663,0.007765046862829195,0.013860000348953516,0.010835416184365565,0.03692304171048688,0.00012161735810667373,0.0013849301395572056,0.020100213967290115,0.009429896367691759,-0.003639511858471778,0.0070140933576485764,0.03210816334736699,0.012089803694354417,0.008269914211039842,0.01738776430885247,-0.0033223275760004833,0.001169434932341895,-0.01904740377231251,0.0050761222306507925,0.022265353892587214,0.0066236991168349135
2022-09-12,-0.02640248691174163,-0.03564011689014657,0.023630654046757238,-0.04065585229162383,-0.021097027312509398,0.01030918756085164,0.01143201674765626,0.014830910446889778,0.021922237911332854,0.017406424129604137,0.014487231248895283,0.006005346654756938,0.0018885360306184484,-0.012305196116477624,-0.016687148691050813,0.010360613469700297,-0.001665890249823665,0.007610339523938636,0.020905113175619272,0.020649077737455723,0.01959792551371531,0.002635105412076344,0.0034688546783898655,0.009100774519424704,-0.011718794528859933,0.01061004222167794,0.02923295190157882,-0.03706295795677317,0.017508571714193177,-0.0573318824318273,0.0025167561056358423,0.0031617008097728494,0.006285237862007964,0.04100722858820394,0.014225287377201523,0.004110521134123468,0.017150721662154034,0.008103834456981263,-0.0004222476434968536,-0.002214784571513473,-0.07048790154085827,0.007413649272415723,0.009388841275794313,0.009736568126626821,0.012333089833008515,0.01977751237395453,-0.012110139394174158,0.004649206975405384,0.001544459526082509,0.026416731563218665,-0.0019230235759916114,0.021779295625285577,0.005257037680898025,0.03235163238625449,0.02647071284678959,0.017353009340878245,-0.0016726098656941746,0.0032639506724716494,0.016000027126736205,0.009216201702748394,0.010385234154848488,0.002050562729769112,0.009745054406743447,-0.05637977010505413,-0.0019438787499020949,0.007922715971122818,0.020059872846182714,0.008096363086912417,0.00267868951336081,-0.00398009563123225,0.0,0.009954446292055774,0.009778978075097866,-0.003751715298853431,-0.14533327913791794,0.008759851002096974,0.04126183869056965,-0.0078055228575094615,0.012310709366663009,0.0016006037319047373
2022-09-13,0.040677807157533774,-0.021086071230831616,-0.038405069962634486,-0.045282166564102666,0.012931022522848945,-0.012755043580159886,-0.0249498134934788,-0.023718238047021223,-0.0008120278856192931,0.0034217248322361282,0.019541493894088324,-0.02197368604987271,-0.019169948397867898,-0.031869838218702595,-0.012601127404495926,-0.014060763667235077,-0.0317074106527383,-0.022658515968769,-0.03060047751892503,-0.0520230577808265,-0.0068528755771476435,-0.02722010441259437,-0.021990183524796647,-0.024260357552138623,-0.012648209663005394,-0.03041614992595676,-0.031214653113355695,0.032679871569635255,-0.03548003513488385,-0.018713235505765424,-0.02343094037157223,-0.023637729351657644,-0.026956021386256968,-0.03178990284916039,-0.017751450035088934,-0.018839505825508196,-0.010481540772268039,-0.030010766258822597,-0.02602060503617165,-0.0011099032883240545,0.014999932556155393,-0.036289611743578476,-0.021324892648030724,-0.015267516934716507,-0.014865264608935225,-0.007878727939582775,-0.013549269196327374,-0.07341190553793353,-0.028603410699180598,-0.03123626038811078,0.008991717979152547,-0.03800513401889438,-0.02163073156010409,-0.024909696857969177,-0.009168866143820953,-0.033825044844432384,-0.032872607975472534,-0.018512768830446946,-0.014435691815188445,-0.0344692912694442,-0.024535758635149674,-0.036493850817232554,-0.025179952628281765,-0.012578604092237433,-0.012294793297772943,-0.023955039451428073,-0.03570433421879249,-0.02841852272497769,-0.012750351886482214,-0.008991024028971895,0.002455974833928787,-0.01717809598445319,-0.019993717226880592,-0.03410050349793381,0.05538222370381396,-0.014473245750413533,0.12121235626673776,-0.01943556704434446,-0.02362026711619003,-0.026278396375775115
2022-09-14,-0.0488598318583473,-0.0020846566963010904,0.008380630578558312,0.00555391268713068,-0.0425531526343631,0.0,0.004894313919961979,-0.00024541883905415673,0.037136137176494,0.05029839519289592,-0.032436331297805654,0.010649400288997413,0.0029371149545982522,-0.0013468015941253686,0.0005588478614446668,0.004999904477451578,0.008352140896735305,0.012364625969144116,0.014420136387850224,-0.0030488055388721014,0.03281733427498623,0.003473726123699672,0.008046468562740383,0.009982527603271896,0.035228225950417746,0.01163716807222026,0.008562947284764366,-0.0014064802993477565,0.008495440661981268,-0.04648403304118043,-0.010282766475969929,0.0009414669063199099,-0.008107982104535005,0.014989250721383574,0.014502139156222116,-0.005159525617289384,0.028554075800462098,0.005617031355982682,0.02064107940368598,0.011111153496636383,0.01067327981846633,0.0023701117530705584,0.01588973618168721,-0.0310074828870599,0.04209214463664712,0.0629202327059819,0.01438933219359706,0.2093075384639851,0.026703478856132,0.022252586860858736,0.020369127225538408,0.01797674098985058,0.014820062858938554,-0.004944265705750572,0.039328938543739866,0.006433338572201519,-0.0008659781891565688,0.010496328711981251,0.0014424905620955553,0.004662122798126278,0.006798046709470373,0.012035403631429853,-0.005400087499787931,0.0063694204644377805,0.0012325672677806487,0.015339382196948304,0.011136860722553266,0.005298862084338829,0.012300183973019463,-0.0020161751622832513,0.04859128400078716,0.00028648405806674937,0.005419247204277777,-0.01082935882226832,-0.0236511898001891,-0.0037201952824034157,-0.02910589944742692,-0.004247056298169016,-0.01125754518657962,-0.00237053981092028
2022-09-15,0.034246499443441714,-0.010560406881157336,-0.012249804404324216,-0.00201648387492126,-0.0222222010294596,0.012919836659804229,-0.024865238948968305,-0.012763909515718708,-0.028085660757566022,0.01866887188376065,0.02857140238930822,-0.019275308879514008,-0.0025307556264544395,-0.005244359611829452,-0.0007446659983172399,0.010621748968022926,-0.01091248563453373,-0.017404375649619386,-0.00955517055841848,0.008154880323353764,-0.0306339470065069,-0.021922980003014403,-0.025736832192571835,-0.027363490170612903,0.013147724074368039,-0.023306832817727385,-0.01712457024848546,0.04225353803580778,-0.02872541684280483,0.01250017842543616,0.01212115907675404,0.008734071829563872,0.017370575458912185,-0.023909954605085826,-0.01077621614254054,-0.009605521413002971,-0.02164209316043242,-0.01813016401555545,0.0025507712146295436,-0.019230789384494407,0.001624631029497392,-0.015762553702871718,-0.0023002971481209666,-0.031579268023250395,-0.022536693121799733,-0.014368331763390918,-0.014419602639951457,-0.03454087441042608,-0.004077165768847868,-0.016215028416168953,-0.0037429703162160655,-0.015811151868937,-0.02082831079534797,0.012422294393384936,-0.04229259770697058,-0.01189238966833095,-0.004550325976121039,-0.007419565494726554,-0.018282565383699767,-0.021214569897973323,-0.02498321316879326,-0.0181881935987539,-0.011130155169118305,0.012658215432457043,0.007631616694901755,-0.026941998594140704,-0.01544853639112076,0.008433421034083954,-0.011300202060281372,0.013131325196982013,-0.003504678797443428,-0.014608995106686451,0.009828721521057515,-0.017298000714686346,-0.05374708416451801,-0.02928471686867018,0.006423751302260472,-0.00047388491472544203,-0.006056305028102393,-0.0021932197491022487
2022-09-16,-0.009933737189935732,-0.0057472330408756545,0.016652707928070498,0.015286044072044147,-0.04545460949259217,-0.028061208350350864,-0.0009639591253339796,0.014420737581380738,-0.012318593068305184,0.04302788475267816,0.01481480161600901,0.0011794535973626008,0.014607265813633141,0.007079398562603201,0.001118048927764237,-0.002388507431297149,0.006114655986650952,-0.004350607248860827,0.01399672440293842,0.03235579448508119,-0.020507692781070674,-0.0269367756834471,0.0014261650385638536,-0.001599581725151511,-0.00916036914038132,-0.0023556492651400918,-0.011420348362177535,0.03986483937581231,0.0010406616824740755,-0.037037133813189516,-0.06073567695745741,0.002397898163084111,0.00502159203565089,0.015129640107228726,-0.0011113628332787284,0.0012295338307692916,-0.021815248379545626,0.014268493140266347,0.015265380643257664,0.0364145436772676,0.013787631663451982,0.013479248207984629,0.01118137678947173,-0.03913030352994662,-0.007908283007868278,-0.03964996189560599,-0.0007733629558559496,0.03052685746466066,-0.027668074121548147,0.010160281370468649,-0.035691950595552524,-0.00020874144204929834,0.000244675942437933,0.021676861889714738,-0.0395121386330225,-0.0016548760328443102,0.0019589527483174773,-0.017310567925848952,-0.005417559094871405,-0.002573858522735617,0.0013850167291429294,0.003206275510023726,-0.007046185277536199,0.02187497881241174,-0.005741128530416972,-0.0005175163878320399,0.006247291134552135,0.010453616542969169,-0.001720705937944711,0.007976064390418092,-0.07932788880582387,-0.011918582213323092,0.010989005139629082,-0.005347677478569457,-0.0016001066614835802,0.007896390543141951,0.02127677075450607,0.030346112394340263,0.005362008131126528,0.002198040535013046
2022-09-19,0.016722288947664588,0.03019939007828043,-0.009785084118101195,-0.0016442055566339153,0.023809615716916754,0.015748074777643284,0.010613197910282146,0.0004904586979368464,0.006294587825815379,-0.026737996744830572,-0.024087599357835665,0.012694215928165775,0.0007859431628669533,0.02004183601720344,0.007072923654967145,0.006725017159070479,0.004227630223982315,0.013108722795694527,0.007720367824122221,0.0014691602670582338,-0.0020592007997689565,0.020003959597187038,0.007698204121015406,0.006596832603001035,0.02080126866608145,0.010881878280883939,0.012588698506906137,-0.03768674654753579,0.00398543350101499,-0.006410315873262018,-0.02550088749039814,0.007707764124269767,-0.006662161805185862,-0.003548609403814962,0.015357167691949503,0.013552319648109101,0.013100410083676906,0.018940659676446536,-0.00787592280596594,-0.030810794314822587,-0.01840002905480731,0.005398924319295784,-0.012311683231010617,0.018099650876161277,-0.014482896361358022,-0.06375246399607393,0.003214212031523278,0.01867916775139311,0.02540680294063624,0.014528654652672834,0.0181818584257305,0.011060129331510238,0.014421832944627733,-0.012009647653586475,0.015123897024264421,0.003918108967226219,-0.012817679647374347,0.019217033397773475,0.017362672850758765,0.014396269215443791,0.014868801070776483,0.005681812794001706,0.012717752107759495,-0.009174303230812364,0.013883539308409354,0.013203893603674688,0.019347399184168612,0.019035732000326044,0.0067709748988020735,-0.0009890480264176382,0.029711408268550787,0.019417445136441946,0.010559051422190047,-0.019937071389383276,0.013621780885842982,0.02410600931701712,-0.0020833603077602403,-0.022089411470325726,-0.00024219546505033218,0.0049350608260958495
2022-09-20,0.016447415728200854,-0.00664139393621932,-0.01741247314201977,-0.013216922920836316,-0.04651169237927755,-0.002584081259105697,-0.014841390905961371,-0.01028935666970976,-0.011467780531092542,-0.0078492487905778,0.0,-0.01886750251539171,0.0045334081076051636,-0.0060115628155859024,-0.012752858494173402,-0.02783764303528058,-0.011182505162339096,-0.014479552671029516,-0.0039465583721256525,-0.02591658630647231,-0.005847139998382711,0.03169600328807021,-0.01703574590755874,-0.010953836157879038,0.015849059482790473,-0.01117084868013496,-0.00965306407651434,-0.00270096983975765,-0.013634744181422853,0.006451673135974723,-0.06542054408814157,-0.005538901254712125,-0.014084629253611092,-0.024216561564255112,-0.014905999161749839,-0.0017947713124870646,-0.01831912274353975,-0.011099241890249467,-0.007878229364059797,-0.011712269283156052,-0.015484875790061192,-0.013752750706730654,-0.0073869368810930425,-0.017333426145753394,-0.016746590352679225,-0.02788581841817095,-0.013705027266215697,0.0020375347544021594,-0.015149700584226489,-0.015201576359627045,0.019132593385344787,-0.011145642112400655,-0.011566329645200324,-0.023500668200295505,0.02085817040248439,-0.018613084429411897,-0.014744750987437993,-0.017204872807481175,-0.017066355306811887,-0.01847612727375947,-0.01533241414069797,-0.012005655234877288,-0.011557077968006535,-0.04320990879385589,-0.00036358636196642813,-0.013415183359184124,-0.015722501083487606,-0.0014212506632983457,-0.016385414352301564,-0.00990102749433508,-0.05276177553871786,-0.002597474685617107,0.00030726365950761725,-0.03314298003489158,-0.04031625580647813,-0.014319303442655418,0.0,0.001411824718865251,-0.015761615271662865,0.01436876150728783
2022-09-21,0.0,-0.00864557748738981,-0.015240226921803601,-0.014272552864055599,0.0,-0.002590633257023356,-0.007752530525075962,-0.006435720552595003,-0.0070306189580089384,-0.042721514808999994,-0.007479350093946402,-0.01514771568435247,-0.011726727080069388,-0.0039830667163675,-0.00374427259236898,-0.01872089407714128,-0.003459671050219937,-0.0012502923586256154,-0.010022789097769103,-0.005020314352868871,-0.015395103635281182,-0.030146097189088228,-0.01616541725366616,-0.012779384343315159,-0.004457683465575957,-0.011605379783257819,-0.022153672769310795,-0.0013541784868130735,-0.009711444603590857,-0.041025605105131535,-0.019999980926513672,0.05715449231363268,-0.0031044588131964312,-0.013868531076921764,-0.003560208709989854,0.004225262180823641,-0.014740060690842549,-0.012135822233467541,-0.01024439970526414,0.024266383850913398,0.017383887321608116,-0.005577416325615259,-0.01709320742132714,0.012211680149700088,-0.014366764624045625,-0.01734469062583288,-0.0024064188248741347,-0.01940847741341356,-0.020701361701927823,-0.01812095113935608,0.03254066899648311,-0.014819370795859932,-0.009019861393922524,-0.0012448916624451245,-0.009923899868549357,-0.013765646182254732,-0.018986018873974442,-0.029896189614626922,0.03268267321439322,-0.007502346434707596,-0.016262778016442714,-0.005360958576995145,-0.013901691939704808,0.0709677533478199,0.001333341800236143,-0.01411547093191945,-0.012519568530670822,-0.007319946823270862,-0.022252585661650004,0.010999965667724654,-0.02175805091209948,0.012442138689985782,-0.006758700693487718,-0.007092309866564506,0.02141690624307535,-0.021691691088418508,-0.006263027114788211,-0.01268789430214845,-0.02734667495002452,-0.0007171263856496912
2022-09-22,0.006472494237616866,0.0008137850098843824,-0.011966714564806802,0.014657093764391504,-0.07804876602100197,-0.0025975052183079272,0.006214940511365841,0.004733481276770979,-0.004956366604641049,-0.04132231274684206,-0.00715904378003307,0.0006686640725712678,-0.007191399465473203,-0.003702481413828007,-0.019778326385635592,-0.009777431434187411,0.006141709183047794,-0.009076637511807095,0.006121630577496706,-0.014127003295536733,-0.0005270280452965848,0.034646515297587666,-7.896365436177444e-05,0.003739813528042646,-0.02462686067913855,0.0018704710011259174,-0.006192270628179841,0.006779929392169093,0.006449513491991521,0.0013368581044488348,0.0051020601797675535,0.01329665957555859,-0.01833906278329467,-0.022205802532073937,-0.01741845702846523,0.009444428717210407,-0.01050485601456308,0.00997567249824649,0.017760603362684257,-0.01377410497269449,-0.019527815497153322,0.006143075102999385,0.03525400264245304,-0.011170507477772817,-0.006230041987356438,0.005430918585170419,-0.0068740619925968804,-0.057681432106990393,-0.008808044928373615,0.005240337687348662,-0.060606144982188304,0.0012712440849040885,-0.0007381010286670042,-0.019941817041434717,-0.012971832973074249,-0.0079094975422761,0.014799570737648704,0.008734485312973161,-0.05956041943895951,-0.0008249631591794593,-0.0017589570838644208,0.0028745930264235664,-0.02679490862291678,-0.05421681685481505,-0.017312118941814503,-0.0024958579777915046,0.011804006164127578,-0.016181957648089496,0.0011445491082380244,-0.004945523121509199,0.0,0.0017148658630161684,-0.011444697943693294,0.00023833035491582777,-0.02499990240512806,0.004271856284090658,-0.03361357237542684,0.0014278482986613827,0.011398346880857613,-0.007536395511676397
2022-09-23,-0.0514468048808886,-0.051353414149748255,-0.0092431831279991,-0.003424680577213568,-0.03703700199609339,-0.007812378903713668,-0.015882755145445904,0.027027100040387442,-0.012452783111752574,0.0017240951234194224,-0.010246730822497718,-0.02058264559229872,-0.017203289457105142,-0.018135935841058992,-0.029283351758276677,-0.010509163977184044,0.0022559021481531882,-0.0031586076810882213,-0.018486830017951927,-0.006653336786325403,-0.007558560376313417,-0.05855319773156109,-0.0072682201444034256,-0.009266532084784118,-0.009946451222366814,-0.009852656499186985,-0.014285663642333302,-0.09090929311243556,-0.020453058244499722,-0.05206956733399737,0.011167477402760584,-0.01993099537490972,-0.022911516163084844,-0.025738116516033305,-0.0040908490240954,-0.007005846688066253,-0.01833681178443125,-0.008505424091007074,0.0032497556831030394,-0.014525152761047044,-0.043153701848143045,-0.021369871529058004,-0.008342022233444712,-0.06868526571030331,-0.004140128720772518,-0.12559043916209434,-0.03260468048276444,-0.07601524867598386,-0.043986996833745406,-0.021952840317357114,-0.07225794595404988,-0.007829193965867676,-0.01723290878000472,-0.003815090752768424,-0.06212687110004078,-0.016101277015651005,-0.010993815854602351,-0.007270134966111175,-0.013788271557942267,-0.01966983643561815,-0.008104021945908202,-0.03475454384298149,-0.006235621126403079,-0.041401308948327276,-0.0024641235661811978,-0.01250982956756752,-0.021460443197112933,-0.004164034927426563,-0.025908365019846613,-0.024850893595641188,-0.04759785216249046,-0.009129848423648612,-0.010325239370872374,0.008569094637307595,0.012406821335099627,-0.008101981009863812,-0.056521414892823696,-0.024714876335540814,-0.010268099062270775,-0.00036154526056098035
2022-09-26,0.030508271638636897,-0.0017144890465455864,-0.03276814142523776,-0.0004406589088493673,0.010989000192372256,-0.0026245585866092602,-0.02116024246000825,-0.03380001052160875,-0.013930348357293565,-0.024096362799380544,-0.004984673658061212,-0.021834014856504713,-0.008881092550948488,-0.004239304453558246,-0.0030118706618484925,-0.005620142819452556,-0.007017315420618342,-0.03326993938504008,-0.008106222882993674,-0.023183792959376226,-0.015232108299520153,-0.030284606578777074,-0.021088657000732702,-0.027673460809498507,0.004636817740524268,-0.024091560479764795,-0.026056159200687823,-0.03259260276509002,-0.024912542362293233,0.042253572876475465,-0.03313252233354913,-0.006441975466152772,-0.03066381927894435,-0.018647999173263985,-0.03423095816317678,-0.0007146426353480395,-0.023922496467525867,-0.023798517653864315,-0.006118115294233228,0.028911578601364063,0.009540336233623714,-0.013698522902591881,-0.0069139230549353226,-0.0024258519750679497,-0.028863219321430433,-0.008494492061565606,0.017259850103521934,0.012340093169978417,-0.024167103417402802,-0.009820019468171348,-0.08066765365325024,-0.012156276565859159,-0.024048119364835863,-0.07288494475600149,-0.05605065719754554,-0.03400073132467096,-0.005671334929887362,-0.021805150401657536,-0.07357818687442241,-0.02244969421930587,-0.02309068317029661,0.00631032193481329,-0.007336501773880455,0.04318940692784201,-0.01753721041288414,-0.024536358930267732,-0.018692931993025574,-0.000627190815999823,-0.02346799709412495,0.010193621153720356,-0.06352174778347552,-0.007774281652469184,0.0012646156911639839,-0.034694115597374786,0.00653610157271145,-0.0024503691713109177,-0.02534583230396148,-0.017056475995706033,-0.014928953690647173,-0.0030747549353397075
2022-09-27,-0.029605072058397797,-0.008465224213017652,-0.01415955190846152,-0.0038788174627691907,-0.005434777327093299,0.0026314650207246437,-0.014655980395294477,-0.026736773519383528,-0.02387045996290893,0.027336813207329502,-0.01695563870116923,-0.030691990646243394,-0.019520356057685095,0.006690090078210531,-0.018471970939374693,-0.010836232368951926,-0.03226643477285163,-0.020321214062767767,-0.029244293616680905,-0.01793243689988866,-0.023021575890247115,0.06078379506643805,-0.010649626965143044,-0.024989934754290788,0.02538460951585031,-0.025759323621324937,-0.028494501891784818,0.035222156139530725,-0.027662884249547437,-0.013513307677761488,0.0010384453544127759,-0.008771753267818205,-0.009304032453686273,-0.026128247815308647,0.03095443806205611,-0.010501282753236363,-0.029377493637978147,-0.024473335785392236,-0.0045868235259532986,0.008815418775477868,-0.01890035670930501,-0.025715227767851734,-0.003945140075343745,0.023832732753383157,-0.02323890511049498,0.04595023614086946,-0.04355871543712486,0.00962396928719289,-0.020162049441026064,-0.02927992920884881,0.046142237267189135,-0.015975572311469843,-0.02079054977938033,-0.02526913250015861,0.04588406633796982,-0.020394589121473627,0.0059319401332047494,0.0018505209319545912,-0.005883093363724723,-0.020381940900275564,-0.01418181670511287,0.036886756823537814,-0.009627704217505584,-0.038216598716108385,0.014833271199215403,-0.019549043492911755,-0.026398701263069646,-0.016318068311185874,-0.016555181494350424,0.0,0.06234414202318228,-0.019732895800095296,-0.015787898014755775,-0.00855746284269654,-0.0016235783048401675,0.0026609340141952043,0.01182036843815637,-0.0297473307540721,-0.001027711633799,-0.009796627130163604
2022-09-28,-0.023728860391083795,0.02586003560560135,0.020435834892853055,0.02208064776429919,0.027322377674172005,-0.0026245585866092602,0.01385139513870648,0.013350376102143846,0.02021206226361838,0.0,0.0,0.02475530424042227,0.014675748722184911,0.04651867006332622,0.037336330167768494,0.0022718190153672158,0.004546699458760184,0.008698260431796001,0.008748726286983644,0.037056823536798955,0.023564057631287882,0.07192251888324286,0.011996804452391263,0.013120241368423935,0.01875468877951003,0.0005508438654919789,-0.0009776601889288639,0.03920112228596806,0.01918712763761743,0.0,0.009336016152313942,0.010516817958394986,0.02667159145376674,0.017073201465478416,0.027733528662500007,0.021993464706657972,0.023694460570083287,0.01452947004282179,0.008609379023197139,0.0005461621613063183,0.0017512442526743666,0.003387355447949103,0.01095039912332818,0.0384797134164776,0.013398612374113217,0.03871916005794085,0.007418311866456362,0.05655578056471966,0.03191819260026629,0.009730217220542015,0.08821407954567495,0.017770964216925256,0.01782437049843133,0.040326402481272394,0.04838698678937403,0.005372668076524478,0.0077114088661465185,-0.00041981206612251576,-0.007461749723479905,0.01069615216073716,0.009221820470223241,0.03877624080116515,0.01580925399689881,-0.009933765423590035,0.021305727623176285,0.011154227263067806,0.014789808290065265,0.011271960045234897,0.008009592585165537,0.0,0.025821650897161375,0.02368250740683142,0.006737298328073127,0.028359957544006775,0.00162621859807488,0.02388747001850966,0.053738326038435424,0.005110116800125297,0.012856932801404541,-0.0025651414145898555
2022-09-29,0.03472223115603579,-0.027741211922569953,-0.0137444477415406,-0.011126495673193237,-0.02127657550770312,0.0052630025575710615,-0.04034467321787227,-0.02280227025523751,-0.024825729832001597,-0.030042870322391058,0.0,-0.02879208160725366,-0.012445404935870541,-0.021648060771922162,-0.006371870415091685,0.0012344733551870046,-0.015635824495487616,-0.04344924858468391,-0.03354611642203065,-0.040393387710206397,-0.02553943069875897,-0.01308752936006008,-0.04011041492557221,-0.045276503243953714,0.0029455053076399285,-0.034794090327137095,-0.05197158713495453,-0.004982206081843521,-0.048224122461483665,-0.02465780080921698,0.0020555456017088414,-0.013707201759134313,-0.053787073389087725,-0.030375749515190398,-0.0318913858495633,-0.011047466896082603,-0.007433774257692094,-0.03876269217305317,-0.011000103904047154,-0.0038209441042728054,-0.030594248384768652,-0.039949101977674206,-0.0016131575353398597,-0.028819726158259895,-0.028172563761837632,-0.06335908926302536,-0.02631760853600984,-0.03568584823712895,-0.01289234846181142,-0.04336319872365202,-0.03654478637607672,-0.031903411377109725,-0.03631212605146472,-0.040609188239263294,-0.01659798671426138,-0.049432334985556325,-0.0060770091027362305,-0.005543846646531625,0.0,-0.040011775806580885,-0.051535075583621026,-0.0410959154652657,0.005606585318673085,0.0,-0.0025471675614008316,-0.04329811461014299,-0.028085837475917752,-0.017034832993476967,-0.03824907260769239,-0.006054436616167114,0.0068649709799311065,-0.02139955236634339,-0.016571047413566298,-0.01486826727455104,-0.032467636953109946,-0.057028937904084365,-0.026607665353091003,-0.022369225000080317,-0.019040439980456125,-0.03196171573329443
2022-09-30,-0.04026854927558765,-0.001984801297309269,0.0007182975075841203,-0.013178169175249943,-0.005434777327093299,-0.005235448379360519,-0.026848880936302555,-0.039408510130440666,-0.022447907133772094,-0.0017699519846088307,0.0003919556370339805,-0.020534943828574792,-0.012034486804819666,-0.00912417007122801,-0.008663979603840022,-0.021385358945686717,-0.021178528051470025,-0.022884784088662458,-0.023112104734710925,0.01133292844242284,-0.027501015653843552,0.005603413772082622,-0.026814410148611856,-0.021871560923363398,-0.02716592427811859,-0.02167459601373445,-0.015315032170357346,-0.013590756072595966,-0.019487618378086435,-0.0014044523406674392,0.0010256645007011844,-0.014155271722441132,0.039829855527749425,-0.0032976190428655183,-0.020041351730532453,-0.014879176360064972,-0.019574511398468664,-0.016587242435178395,-0.0071111652057849195,-0.03561641745371358,0.020739438285974687,-0.038388309426980904,-0.006001996294887624,0.013188901382795937,-0.018436078765339925,-0.025482571311500224,-0.011705720387118257,-0.022245171773577543,-0.013621818592019164,-0.0254341258994647,-0.003448316040648769,-0.034068169589688724,-0.025654815256251795,0.011063156010196806,0.036167342829201976,-0.012122228714354866,-0.009058076769313361,-0.018413716873270092,0.034348690518042346,-0.025822850229629934,-0.023121381542685615,-0.0028571401323590484,-0.015860822779861228,0.026755827241100816,-0.010213806841254502,-0.019890693876332355,-0.026397978624732366,-0.009413765854573208,-0.023246143793438034,0.03248727740419355,-0.013636328957297605,-0.01654854067164213,-0.00745302698360828,0.015336118628691553,-0.04697990600537949,-0.017762752472272547,-0.029612473647976145,0.005200240113907961,-0.01733922875780347,-0.007779935198547028
2022-10-03,-0.020979028226380758,0.032069720026857595,0.009714915105208721,0.022360386860988513,0.0,0.0,0.03102600249603049,0.03130871927942702,0.05157143703879319,-0.02127657595741339,0.006661499194323683,0.027018680992657362,0.03236808506111588,0.01934634039451888,0.021627530147815488,0.023181182911904186,0.012241643120931567,0.023420763197631977,0.03570497803270256,0.004268773360958544,0.04820657228248937,0.03361806614373797,0.016340705691361146,0.024833404586066088,0.028679253920069314,0.022154792184092997,0.04984093386990174,-0.014503448636075778,0.0330918110327858,0.030942307185082507,0.004098356651125901,0.024409380910823453,0.002603304136944873,0.004962753906569306,-0.05289136704864683,0.018551301711727808,0.05364592841532567,0.03262281938806777,-0.0009793319442467086,0.07443178622436997,0.05123650457541595,0.03123572701269728,0.01660476012770662,0.008368269139847673,0.05556978374897881,0.10697355241798423,0.03107516791238174,0.03550915125218124,0.036230719332197125,0.032299549717179854,0.044982609530420437,0.02189954775156222,0.025233348769562403,0.008087437883548487,0.06184954193933123,0.02987740853471621,0.008683736042837342,0.03691578764390413,0.027568883008880052,0.023562306840571257,0.028007656512203605,0.03223494326901655,0.009767622675764365,0.01302930381851053,0.02506137952480625,0.025441241858385144,0.02839734505034519,0.022030515355974112,0.01706113164043721,0.047197594752746985,0.054377804439639466,0.015024157724625509,0.016323885978619224,0.010788680036071252,0.009683136280598692,0.0058126926509982635,0.02816868402434003,0.005173450213233233,0.03134025085343639,0.018741532271979944
2022-10-04,0.0,0.032157063619208115,0.01199077121497627,0.011196089090208305,-0.010929016211355558,-0.007894757642782246,0.013332166179934601,0.015179566335783656,0.025985253171800116,0.028079748250711578,0.01089918830187142,0.015813958295466612,0.011057030762388065,0.027217312092000734,-0.018221430745992917,0.01117141241002817,0.010265709983302562,0.020457881146161316,0.015898342603983373,-0.0026565660285234882,0.019011464306352366,0.04654090136799982,0.014538623333571143,0.018776838468061552,-0.016874577694754422,0.016541115807546802,0.024074170211735968,-0.0014715247918096752,0.021065625174446767,0.03137803371108694,0.01836728040797797,0.0002551569542104115,0.028931597980738077,0.041975375180054675,0.021841489723603225,0.004942789736485986,0.02158510085626597,0.013497668917579864,0.014828535440265078,-0.03648865889081676,0.0,0.010638340641315747,0.009594690718964127,0.009681725241138972,0.006135764964726453,0.02791664525015758,0.025556756989909335,0.026283417874347625,0.03198504446954664,0.02578232387381907,-0.02582768691290671,0.02165572430767515,0.02648469534774467,0.033978183862819034,0.021337281137717268,0.03280970463237298,0.007249682288094972,0.028547710085216726,0.04609754608898631,0.014690335300409307,0.02302387302879705,0.019084009376584277,0.027858334479911928,0.0,0.02588668257448612,0.013767426956543316,0.02449301131549575,0.028106188970816737,0.008457807180136223,-0.007511730194512012,0.04851401446967407,0.0426287643329637,0.03533561014555664,0.005455369946629096,-0.035745496693832424,0.026113071037745073,-0.011415339158092452,0.036541369669865986,0.016598489236979264,0.015956586918528082
2022-10-05,0.0,0.0066510351086987995,-0.0077742971209010525,0.0034330118778762575,0.149171264896222,0.0,-0.021614651676518104,-0.014952592466545789,-0.01926264487230045,0.04845808093174053,-0.009241470317487566,-0.025615826475220427,-0.00774334994745185,-0.0061584912894491195,-0.0018706497853051562,-0.010693738466015734,-0.010161396038545378,-0.021067016584983778,-0.04027674234378975,-0.019179700499054264,-0.02185497269918002,-0.008928621296427575,-0.021242526182698285,-0.03191943088662941,0.0067164294888064635,-0.03153404511001345,-0.01216512928548552,0.0014736933681365194,-0.011681512053252074,0.0052909112477226294,-0.01503002258621966,-0.01031871385024885,-0.018024468884184186,-0.017377656590351842,-0.0036434625797575615,-0.0025699698251155922,-0.016935382217868944,-0.02074874741861199,-0.0030795785523836106,-0.015367661352854611,-0.01596634154759846,-0.021052594781187484,0.0,-0.018264883281807642,-0.03195485648396368,0.04456846139695436,-0.007173939240312732,0.035214161751477624,-0.0098757201457782,-0.012201405186983316,-0.022433798487225598,-0.02472944365246177,-0.023455766053424587,-0.025102626966052033,-0.019197600026941486,-0.02240443135991621,-0.007647235394519281,-0.012909374704188292,0.0,-0.025522417931293506,-0.02025506159039636,0.005107239163912425,-0.011104883818037314,-0.016077155627924444,-0.010981144140320698,-0.027726507320783744,-0.019643855203412608,-0.008016482304187278,-0.023064217053765046,-0.020813559101824586,0.010421008853071179,-0.038330477416974484,-0.006205367381419746,-0.030903562948986885,0.012658239719986808,-0.024196979214253123,-0.0023096115939880146,-0.016088762062866913,-0.010298805237126452,-0.009054025019948009
2022-10-06,0.010714333602448,-0.006027564945368824,-0.01052581281330267,-0.012316982224662154,-0.01923075159625831,-0.002652551302637307,-0.03169735156249065,-0.021460149628613534,-0.017943891167714776,0.008403393670198822,0.010882244718023903,-0.04618738397158073,-0.027257914727761734,0.0007208867785222228,0.002663306175194835,-0.014255752786665465,-0.02179716963299716,-0.05102390108168697,-0.01613452911828228,-0.030961416319930213,-0.01562232249314055,-0.006583426522450253,-0.046507659863760153,-0.03456701732563805,-0.015567089822831504,-0.026651070373419405,-0.02396402668306441,-0.023546670323330132,-0.020970304983655597,-0.014473574026125813,0.027466984726270294,-0.028256808414448997,-0.011747511753929407,-0.012057778161239208,-0.044856124566483024,-0.01972542422369239,-0.0065629197034828834,-0.034985888702003365,-0.019381089690499786,-0.0016722790274478205,0.0418448154912372,-0.02568693827715829,-0.010747949356443742,-0.008837101119723134,-0.03666398149573902,0.13999995258863374,-0.0018382936979699505,-0.0388482739356768,-0.02178901169512626,-0.017786415127468036,0.06815020403620142,-0.019470188281518253,-0.041633327329262504,-0.01638573437680224,0.040299112739853094,-0.030956021650184073,-0.02334515073462018,-0.0026177616540702386,0.0,-0.03920969035794786,-0.02603363299048278,0.02777776700909773,-0.013513423194959406,-0.00326797080073582,0.007677718585950455,-0.04364911826726858,-0.021901068400441037,0.0004144881823304747,-0.015881931025129692,0.07246376544514654,0.017739286684652633,-0.010038579058479158,0.00031228842376584964,-0.0314021491242914,0.030357112169055123,-0.016246440356355696,0.0416667563454336,-0.006642578926521647,-0.023408403263481592,-0.009696096087566608
2022-10-07,-0.028268559872215215,-0.003615148462632334,-0.012545914290332916,-0.008270540875309651,0.00980391240220757,-0.01329795693299718,-0.014085830833213464,-0.021931333971197287,-0.015925795398524345,-0.060833295186360714,-0.029604034107724164,-0.014313813751005822,-0.008554807484342675,-0.01756941066361417,-0.015298330342322752,-0.009898398049103307,-0.008194303168873596,-0.019385535126820397,-0.021720215143981036,0.001681700441794387,-0.01753091311083732,-0.031391867121282835,-0.02908489182717433,-0.01872866028156739,-0.026355379128995104,-0.028809617934109077,-0.00034098736774024196,-0.012810908602730708,-0.014409454657379417,-0.030707605935464066,-0.014851541241502675,0.005068739744981343,-0.011515243845718337,-0.012205021471578092,-0.028841107250121012,-0.0005893380615857868,-0.01552427043939364,-0.0162377010018786,-0.010561384108231486,-0.010608628457641878,0.17383594334427266,-0.037707164855480535,0.0018298868396193768,-0.007508391001421644,-0.018048433708839018,0.03742674061534301,0.00019056517240478854,-0.027548647084772004,-0.018196098711787734,-0.019869109790323303,-0.05859376206075684,-0.013391909813284308,-0.029749785907670412,-0.007139519446525466,0.01383510815695721,-0.023649776462314365,-0.017869687006183854,0.00032801903182466674,0.0023315992129040453,-0.027897464006037764,-0.029874096234300485,-0.025379052534315605,-0.016592889237117103,0.00983605634714424,-0.011839094792487348,-0.024494125222010554,-0.015404128947463125,-0.013877396906690764,-0.010904448940228573,-0.009909964555964934,0.0077016835618171076,-0.001495073484322429,-0.014044954038814672,-0.034762767902045466,-0.004332545758145123,-0.013906743766898377,-0.044444367113034455,-0.006173056060047477,-0.026162844954664255,-0.01675770083024619
2022-10-10,0.01090904942907045,0.013693742931853992,0.0033332183993102227,0.013622381937435923,0.0,0.0,0.004930145255316987,0.009297380944533806,0.01229443251548834,-0.003549326876893577,0.01505555014173754,0.00834237845712038,0.0018024282984403506,0.008208735952287105,-0.0044460450818382125,0.0029809861938305815,-0.0073924026491515304,-0.004102915558433118,0.017565531720515226,-0.02238392644511833,0.002254060032208516,-0.010803031943486752,-0.010512651731747646,0.0008981598386437195,-0.06419179459522606,-0.0011029815953794708,-0.01330389183643188,0.02671772085214763,0.009878477536386265,-0.015151533641675208,0.012060290237125626,0.014067601468237934,-0.006388707040113295,0.02718284598411369,0.016819861968732086,0.013740463227921662,-0.0025164719684354075,0.0020762333847534897,0.0013109454495929818,-0.01805867422258045,-0.08333338484351926,0.008920170066229138,0.03287663915043337,0.006619552084013325,0.012386574703940667,-0.018038548101846574,0.01644372258872573,-0.025434215897115697,-0.0033551418119102117,0.007954645787830339,0.0013830191202854891,0.0014043352350792127,0.011323920357228623,0.0019175262063821918,-0.02565493371825811,0.0016267933004021629,-0.013468980474838244,0.014513047695453585,-0.01651553550707474,0.003443727260416196,0.007698336053235666,-0.03787619017394861,0.02795771241856282,0.025974079255291826,0.023843431305077933,-0.0020274911279100083,0.0006451895405787944,0.008401537459265196,-0.012641479008423828,-0.002729730081526549,-0.046259110926974434,0.04462399186185184,0.008546947769740854,-0.005257394436998464,0.049608248758753026,0.008814340097061057,-0.025581496714953134,0.011904773835688331,-0.006241390908642508,0.007468343940599365
2022-10-11,-0.007194158311465193,-0.0035792518255323147,-0.0031295397256675406,0.057247624733575586,-0.004854364437391179,-0.0026953014718612556,0.023228009536401695,0.023841640841922418,0.03147836443341445,-0.03829023766957651,-0.004683899018880222,-0.01041840964641172,-0.016384024037425338,0.022535649010490433,0.02518938861450315,0.0027889783949033298,0.008323718336343822,-0.003745296956872868,0.029880907290125602,0.011448292783623248,0.02023975450125315,-0.009828646756064097,-0.0005641393708135656,0.004262602720948916,-0.015702522980791778,0.0013497766884831286,-0.006741479592666244,-0.02081784127465469,-0.010564405823132006,-0.0069931408223812275,-0.011916572909208667,0.01282582559419887,0.02950068870769562,0.003207707882860733,0.0005167507216301548,0.008543819651863016,0.031113445211973234,0.00673362359560703,0.014462885510617918,-0.00919539373102718,-0.0626262534797073,0.009314812923672422,0.006299885138921546,-0.009863628100106103,0.03367986035910864,-0.04247962110223702,0.011867453601096756,0.02800769825515248,0.009137558928884237,0.016038895496721883,0.0013814160696854483,0.041364769198669604,-0.002871140853213827,0.018182025744801544,-0.02184880850157711,-0.005053207355669942,0.0040720320002531896,-0.002263084502611701,-0.05747399184802415,0.0055566588166451325,-0.005227238460620454,0.03760983009244967,0.019085966681043676,-0.01898739859760079,0.006256519639497693,-0.005469683302045447,0.025467335276071035,0.00041664652831641114,0.01384556704116946,-0.02189778925938224,-0.014761640136473186,0.013188136680381879,0.0031386162072217783,0.01902730794089491,0.028192340729397136,0.023809501563250013,-0.02147975848133543,0.010230136529839617,-0.018569131716389742,0.012545197042572287
2022-10-12,-0.003623234125306074,-0.003128550580763223,-0.014441649573945559,0.004074426618384752,-0.009756088483765968,0.0027025857552251953,-0.028767210816966204,-0.02275722964876914,-0.007569283492907308,0.027777794947839718,0.0,-0.030190430104505284,-0.02580270312449151,-0.03512000048040376,-0.008761097636653448,-0.005745081812138064,0.0008689670898816004,-0.0394737327861483,-0.028673413256262714,-0.005093275519579277,-0.013960204672958554,0.021323521866156936,-0.030950172254717967,-0.039763292203601974,-0.04114187887455223,-0.026103156755750923,-0.03306648771338183,-0.009111685498394806,-0.04518045381261959,0.01830993472904141,-0.017085435130927973,-0.00038781165950019236,-0.002204363474966997,-0.00479621580586187,0.0010335174582969398,-0.004124924110346151,-0.010112542100203181,-0.02551982894118021,-0.00024591077201430167,0.015661279660571514,0.012931022522848945,-0.027373720073132768,-0.006919375564413466,0.007590124000940168,-0.012473018375610212,0.03057539720880542,0.0022840527152248047,0.006811116627753355,-0.018586330699764897,-0.028564390272523554,-0.031034639948503195,-0.013689518411871715,-0.021594890649905385,0.008928376481251776,0.004582167208943222,-0.029929228144155218,0.002624014925992846,-0.016605826858774875,0.023713920477008488,-0.028766666527012985,-0.03071945279458299,-0.018970235928425838,-0.006086804794188105,0.009677487332666601,-0.007944730213682805,-0.03362663235765373,-0.010688441877447996,0.00041664679013830863,-0.013656485258969786,0.011194018896451219,-0.0021404598930970797,-0.004244394136129537,0.0009387184043709862,-0.010373452109121883,0.01774191119758939,-0.012587966921006277,0.004878112243369426,0.0,-0.007234091584655156,-0.007696608192569232
2022-10-13,0.01454545911805516,0.03266299624214053,0.007204007576244953,0.02118143884960677,-0.024630518729541362,0.002695450022427437,0.02216392008276835,0.03736798421440568,0.030629316845874666,0.057657600689532185,0.020000014149896606,-0.003352421543630024,0.026366274809856316,0.014883370837631693,0.01743029143810637,0.006328722347318738,0.02749227282292699,0.01956927862695146,0.034688131724460725,0.0341293878680915,0.020305379695559456,0.04355622484447119,0.03397733858670149,0.023496429985656375,0.03327496601595792,0.033723658874669216,0.024117976224152793,0.019157028686759503,0.04120931073521361,0.04993073345338317,-0.002044939124275391,0.01887298878770194,0.012150392441410363,0.03132533607709931,0.017548251595387976,0.014563801694733591,0.02553962579154856,0.017423598844933386,0.015120890819325439,0.011421979039208274,0.010638338885950116,0.04390488991057806,0.02289323198525084,-0.0461396339679746,0.042144865282899735,0.0575914923760914,0.015581474909218906,0.06396061111278284,0.03852402076007966,0.035336579162841275,0.0441280867013647,0.03776984528201255,0.015303018925580947,0.023288396334619543,0.05017123819561098,0.02786076672637372,0.022602858856380026,0.008401862902292612,-0.011766137119273656,0.03848729767156023,0.028774066155777378,0.03591163495875094,0.036366991223326206,-0.019169386263373167,0.03064060755742859,0.041463520330957904,0.03844930539517821,0.05598312705674391,0.0218848101815865,0.013837602990666387,0.0381810946970389,0.026996396875964557,0.041263018820952624,0.02306088473992518,0.019017423673082234,0.028305772997972767,0.004854669335040196,0.04354457135375145,0.020179249957861023,0.02762009035706159
2022-10-14,-0.007168461002575288,-0.061458999100156064,-0.010996499286523131,-0.0012713047571899505,0.030303001111897654,-0.0026882041026187187,-0.033017924648734875,-0.01931597116767736,-0.002936530242384938,-0.025553679436425614,0.0,-0.01729930302071747,-0.03215012195983846,-0.01147073942826915,-0.01781105364738156,-0.01451456971159737,0.004506493147673263,-0.006525819709703118,-0.012106208187497414,-0.017051567246488264,-0.001825797589729894,-0.030355073266409183,-0.018871528533559556,-0.013296928830157984,0.021186440335509094,-0.0029213645607737426,-0.032864514960124325,0.06616567675696294,-0.0054693149318675305,0.03566709766489984,-0.023565624028371035,-0.014082907704730196,-0.01455075857405852,-0.016355169447576645,-0.0035502324918115225,-0.022344084430914624,-0.0006427975369256433,-0.01629464809227732,-0.004177907263260283,0.007340546292247563,-0.008421044600637306,-0.01294105691702363,-0.0033516984569464947,-0.032576297342926885,0.0019781925855766325,-0.01045083340284192,0.0006064687416276193,-0.010211964177381572,-0.016677049304263503,-0.016442494777536232,-0.042263097088763524,-0.006577110627173366,-0.021449114320567952,-0.01001381045733174,-0.041802890584016095,-0.021102487184835872,-0.002791963631284977,-0.05334086819933437,-0.020215767195116308,-0.004350566557681068,-0.006890988699050138,-0.0299999872843425,-0.0030002127134084455,-0.016286629773138106,0.007432395395412517,-0.008431007216119446,-0.033047686777684104,-0.019314195538916,0.001748154610195618,0.0027298168580813797,-0.004958712208686045,0.004980391229634895,0.000900609909368244,-0.03560433989083489,0.0062208070585469954,-0.008614890796677876,-0.02898581474690909,-0.01649697245654147,-0.000549634913286523,0.0020250984745957545
2022-10-17,-0.02527063225401449,0.02854402643192011,0.03601314112909382,0.006325797434792557,-0.004901956201103785,0.0,0.015492902573306822,0.01783332720113906,0.019792962674961112,-0.04283214939608826,0.0011534169379501247,0.03211070559874707,0.033781041473395446,0.002056284564063038,0.02683064247082223,0.030728269271680597,0.011356024548694998,0.014296779331297582,0.022795413478719384,0.038612377253165464,0.028352042668833732,0.0030236682259083825,0.023923448520947854,0.026261490101390228,-0.03153527870755524,0.013551082102601253,0.03797914128606683,-0.02327234818602575,0.013098675843299601,0.022959157001195774,-0.0010492419189609414,-0.003860452252179125,0.02768533229662995,0.02296125255076875,0.03385067900264893,0.01351526782992285,0.01768509532208662,0.024266749605398763,0.012951497804891021,0.003363198734820605,-0.04458599499918303,0.019666117477565193,0.021045900536942108,-0.08928581207095154,0.032708360677853765,0.006114684916249669,0.0133939917653636,-0.012653345256815829,0.008717592521216844,0.02406284945002435,0.006405832916502652,0.01434546912096879,0.024585115877304276,0.02712664176401236,-0.0016996707998979677,0.027132482109760936,0.018432105539609056,0.03192681885250459,0.06822784037529672,0.01327093389550571,0.01591836548644987,-0.020274919067134856,0.022248831966517058,-0.0033112551411966784,-0.007824736566781842,0.012123895182075461,0.02373409008101035,0.028135103044289567,0.02297852195296679,-0.0018149234966302608,0.061877067102948935,0.015418424334854297,0.024595050479605973,0.046480473423043955,0.08732607554023741,0.024586573132702405,0.03731324705817762,0.024173728273882755,0.02199046382430425,0.012860576999523587
2022-10-18,0.01851838468338407,0.023437482184882175,0.025310965482292502,-0.0032023582066201817,0.004926103745908295,0.021563451628853203,0.02127862452806828,0.016213530063576176,0.007971020708888998,-0.0027397016889267878,0.0,0.013265958341510009,0.02808683299336545,0.035766754274138224,0.01664992731300785,0.020547741487249915,0.010811656572569994,0.027047379716439224,0.009467954227547759,0.014547325048814619,0.0035573409837124093,0.029437885447445522,0.027009341984954194,0.019191686778970762,-0.021422450588311603,0.023849681770621967,0.005252052280512176,0.007220116902918905,0.02092382919129343,0.03990031286874696,0.10294112343630468,0.01110951755163292,0.015804877386485172,0.040247570777351305,0.012062990868505707,0.0070441134360959,0.008056817329935795,0.015863127506547725,-0.0034816645835022975,0.0,0.026666641235351562,0.010561549362114286,0.0052058746571082,-0.04817920620940175,0.003107526063645061,-0.02486187880316515,0.008791291255987765,0.030362842740851548,0.0202703671988822,0.01731389890465085,-0.01626601837649011,0.019799838510524026,0.015611438843180947,0.013428718316194299,0.006243123126536965,0.0075992449223216685,0.010080171675375338,0.005602467096316621,-0.04621402481438208,0.028749340337925977,0.02008841536151107,-0.04559807555147699,0.006065514310668041,0.01993353587031299,0.017913538818009167,0.01726848097719169,0.01792900158844901,-0.003127453902726063,0.023883895693792345,0.0027272484519265117,-0.01016817489186217,0.015184487272547287,0.0026345384535786387,0.014974664928244952,-0.004974965437862577,0.012412139814607093,0.004796343461424657,0.007225480100161663,-0.0029587941335251777,0.0
2022-10-19,-0.018181689169155968,0.0066083914830643575,-0.012042047378224119,-0.015587851456206003,-0.00980391240220746,-0.010554214789613381,0.0028500375017843638,0.000514593305404043,-0.012951266725476862,0.002747228274871283,-0.02649771837904602,-0.01839153490974077,-0.00889210728912615,0.001981261179579752,-0.0035025588482044956,-0.007253599557934809,-0.016044823838390343,0.0014837955437310146,-0.00215806169944055,-0.017525438388137027,-0.010102787756282816,0.029112960646829444,-0.011466055127026364,-0.01673824930422374,0.0,-0.005411795918698004,-0.011842470394020865,-0.013620060624747854,-0.016434813945836235,0.1211031262565434,-0.014285677955264142,-0.0017884305811866064,-0.009193921497932855,-0.011904725867183052,-0.019703307809476156,-0.004619333216396848,-0.0039177980410022295,-0.011762322304704309,-0.007951153025692714,-0.032960903081646786,0.07142855668407022,-0.001665845098698715,-0.014269006749245694,0.09181850412964931,-0.015250887311881067,-0.02662889268032509,-0.002490088349045516,0.14159958235422665,0.004928244528392245,0.0014588122410095217,0.019410596921882295,-0.014508293266909944,-0.008824155827091507,-0.016342688271882233,0.02425278532276831,-0.015981316458572814,-0.022227424187223455,0.007816345159545657,-0.018511590300839265,-0.005589251755292679,-0.002363134759413299,-0.02094817030513929,-0.0023053775143365707,-0.019543955727765794,0.017708894246399876,-0.010704955471404043,-0.005618155959814852,0.0041175280658345415,-0.0037487208466512323,-0.013599240449833405,0.05887000405207976,0.013087755839772175,-0.003211523667631333,-0.028256985327685058,0.01499993002381661,0.005925639249375836,-0.02147975848133543,0.02152073539270849,-0.013487905400708766,-0.012697282618720829
2022-10-20,0.022222134805855998,-0.0002264492535691831,-0.00670403155578303,-0.0029814842548830933,0.0,0.023999920050479906,-0.018914131898853048,-0.01903307851200342,-0.09091943742541886,0.013698682631726689,0.021696233593376357,-0.030168227604913667,0.01080447894085479,-0.00042375744371703217,-0.01163749880605025,-0.0027675608176673805,-0.01445007709321966,-0.014814578649818166,-0.02337386270638453,0.004324638409864967,-0.07448512744108027,-0.00836956869647243,-0.025222912161410926,-0.023070804904248177,0.07092814890814303,-0.013248234520691016,-0.03172375542235928,0.008720996410969128,-0.017397006218502153,-0.006417227062849196,-0.0038647304713768094,-0.018686985876022466,-0.0035689037445666427,-0.012801224867762473,0.006699917868362881,-0.006717902945876486,-0.0399623163686077,-0.02052116837948803,0.0025499978792808964,0.024263436698556795,0.008080800685720702,-0.020634415177886445,-0.00343147178405534,0.023719763576679487,-0.04367826957876364,-0.0512222883804454,0.006240614884714946,-0.06369417447499937,-0.01256708714306709,-0.010196494036241788,0.02045122353348172,-0.022515445956248326,-0.013211138660246924,-0.005837714382121328,0.011563796752318556,-0.01879559503481365,-0.004639349185045716,-0.019306938172417798,-0.036075930052165694,-0.021857926151631957,-0.013422958204056923,-0.016141152966499983,-0.0026657357171455676,0.01993353587031299,-0.0294727391317533,-0.01839566050948005,-0.01053560744592097,-0.02636173402041142,-0.026202319745827096,0.03860294778273787,0.03731343389805564,-0.0010547321380485197,-0.02255421279902814,0.0007720140009550569,-0.04152007016841486,-0.02498482961204118,0.009756463200330412,-0.021535699634516514,0.011758195981138364,-0.010104631172017986
2022-10-21,0.0,0.015396838964947479,0.04143869048641724,0.018145045035250496,-0.014851471125267302,0.04166681018819118,0.016282081707975404,0.02071355141126885,0.0318046143152273,-0.026126121791594903,-0.011196870705704964,0.0040929567780161324,0.031462404687322865,0.03193426060103821,0.03099770912319788,-0.01662969592773822,0.017366798288774854,0.015413437598749358,0.01677873138450736,0.016146042063577948,0.033855432358042226,0.0005064259329257137,0.014731992383340442,0.01410048118173024,-0.05560093024967705,0.017382166107856145,0.01274138436471084,-0.0007204281331293361,0.023206700301359406,0.006458673839401463,0.018428668540283688,0.004825866138435275,0.025071720457538582,0.011441700520329112,0.011091723243369822,0.015484520541948488,0.020321204131822146,0.019484509705767872,0.021803828338861297,-0.012972337742503837,0.0040081079521152585,0.0027885631484820816,0.029373888883314603,-0.003685929114751074,0.015055866000263984,-0.011656622480881396,0.016124136910132147,-0.01288951588661158,0.009002161053652369,0.03213120714443107,0.022805889839283555,0.014617799153893163,0.017753212146965902,0.026648803997093795,0.01578637263135385,0.009856580030042306,0.047541795148601684,0.030203655193789203,0.017728147696258523,0.024421393219349108,0.028011433652135098,0.04578408259656741,0.08045982110217431,0.029316011252425334,0.03092792535706801,0.01574826041300481,0.008641734074866347,0.12093856545733783,0.006869891838471309,0.01238932630843892,0.0564748793258909,0.01240457275539697,0.019179122993870035,0.007971285963930486,-0.028634326751026173,0.0216666680033617,0.043477865144646355,0.02248804231619106,-0.04459464063783303,0.07015572733031394
2022-10-24,0.032608570166712925,-0.00457138425887571,0.015136492387266776,0.037230941266865436,0.020100483246901613,0.015000109880064061,-0.003833293200487531,-0.0007707934356385726,0.017330922697393003,0.021276552572463636,0.007418939032935334,0.0042392976312986,-0.00699404477543053,0.010543807714969322,0.018179234069881423,0.01761082785635759,0.007695440122148511,0.007404391115906517,-0.002010285659033939,0.016419563065373843,0.02208092985228416,-0.005567791386632548,0.0004654672758250822,0.002600251227987016,-0.00952386221082513,-0.0021209556257503204,0.0023363616372507057,-0.04470074378585098,0.0004887161264650608,0.037433054578033254,0.019047600882393878,0.007528564170993679,0.015024395027422699,-0.015082927831349124,0.012920678252853257,0.016387766260604675,0.018310438175316746,0.005959678137400948,0.013454912629083493,-0.01142861502511161,0.005987970379371932,-0.0007723619384724101,0.017769539972094073,-0.03541245760119405,0.04287664913737421,-0.040347797309339906,0.013950320971356955,-0.03899145441985452,-0.0004615200065937186,0.0026140927059277175,0.029729637441418655,-0.007858507355768762,0.0017158892510062973,0.0013198421051177078,0.013398008848308995,0.016943052798089386,0.013125538956528349,0.0066149497659862,-0.05019354051159275,0.006699864279722023,-0.008953093025376835,0.02480847533605446,0.005442721984156851,0.0,0.015760948163897393,0.0013951403696648157,0.003672063554406524,0.03005884378309598,-0.02260122553227273,0.029720294148515958,0.025536260761631402,0.0208548140590481,0.008526687201850125,-0.004591907324241751,0.02721087072329631,0.012846664115098383,0.006944534909867128,0.02152562463141061,0.017538987194831268,0.045091913298833886
2022-10-25,0.003508816631960787,0.02083326785854589,0.028214451487464043,-0.005089517942617916,-0.019704414983633067,-0.012315212759762328,0.019437866468888343,0.022621974708975978,0.0346800469282309,-0.00634055208931994,-0.01162789703882472,0.022893289039608966,0.026513764420675878,-0.001083790617111391,0.0054480859945233995,0.01595268019564955,0.010275051267579105,0.016170868755148504,0.028286068377275653,0.04064644551005503,0.033321211641635484,0.01526966116915407,0.015162660100981995,0.017476590380087975,0.015734292987600762,0.013697059688909663,0.019365248259150425,0.011320637889558949,0.023549089296597714,0.009278314937046561,-0.0747663742986372,0.008760731103492292,0.0302925619314518,0.023736540048397314,-0.009627109573397963,0.009311981084339616,0.0236589994663976,0.021450625224909148,-0.0015789646534289936,-0.005780258874628963,0.01587300085546861,0.021645017506146447,0.0034916677179803735,0.05917820731195533,0.031194002063820392,0.0,0.009000220681106397,0.04699004892911485,0.014466039769709838,0.018725027110223724,-0.0111546761467054,0.0215621373766115,0.026548796787132733,0.0021968005808699065,0.030142523089904394,0.015574068211629433,0.001097820799146998,-0.009329839307223975,-0.027306101339004907,0.01826344833848581,0.019638676426241286,0.033107878252898626,0.009268435279437437,-0.06645570646931442,-0.0034244779719225793,0.01749516859658895,0.019816922693342898,0.018238792371769286,0.023560349025810723,0.01867574465329125,0.029548451688260036,0.021195120487623953,-0.002623723424729496,0.039723073430938616,-0.0522442223288172,0.039057781738387476,-0.011494176582357518,0.009161664755584331,0.012788369917915432,0.02373064953005044
2022-10-26,0.04895115222592494,0.02688185134050558,-0.012287475169900475,0.025654785430780702,0.03517584568207788,0.0024937261714255143,0.0009678626290452463,0.0002514032018929857,-0.0036454822596265757,0.04649036123912986,0.009803913091020577,0.006190490178033192,0.004490426489657251,0.016141851216367797,0.008150348653724881,0.021969834060400872,0.009208118245648267,-0.0018083457297696226,0.007999210854608974,0.002002956589368665,0.006555585905490213,0.003174984920988555,0.0009164456350512218,0.006316381296992635,0.010327012628305932,-0.0012813270939321386,0.0005275564116715703,-0.0074627429387009725,-0.0002862434921406809,-0.003064406586589019,0.028282898730765504,0.0007660482566653748,0.010691687184798626,0.011967126266759776,-0.009963465946805417,-0.005681016223909818,0.007396192699727022,0.007999971455979527,0.008786812182546067,-0.0005814086301312305,0.07421877401066057,-0.0016647689191061632,0.007164143052767136,0.07966884023820753,-0.006142861200867711,-0.007761652309256961,-0.005283725210550427,-0.023972709299079797,-0.003640738214892192,0.01558860319666433,-0.003981505657414064,0.005168916136684576,-0.00027815955936960624,-0.0004384410875893918,0.07392194814423925,-0.009094306581323042,0.010309260462336711,0.006715262292786406,0.011871487321725605,0.0037999677210820426,-0.010015269888537626,0.016884898807335347,0.0064201602742612884,0.016949136104436047,0.001396131502538367,-0.001217447955303319,0.015396190867742021,0.006141162369061037,0.0018469822342697118,-0.013333320617675781,0.04869397670869624,-0.011252691308550777,0.007307657736709272,-0.025634703477313336,0.03726697014137792,0.0,0.016279051505661224,0.0018157371963329894,0.0,0.01021222166836444
2022-10-27,0.016666547282330857,0.0057698081924209,0.012264314202481197,0.0021377243895459586,-0.014563093312173536,0.017412797887199183,0.012279913759236871,0.015581825892220014,0.02986275649771497,0.015679469717184036,0.03300975831829844,0.020981403683643318,0.05464558703283395,0.00574035697008024,0.028137857131609767,-0.015920143420383837,-0.0027235974935628793,0.014130362125257756,0.004291961621716522,0.0034982154566696178,0.02974826411302578,0.0234884229248824,0.00045772451064340913,0.0025329611730222634,-0.011073263796881339,0.007931129956127991,0.026371304998149325,0.037594110851728146,0.002960194105523284,0.0204919389012701,0.017681664646900686,0.019270270140003598,0.020495772736623064,0.0029563303357638127,0.011536816361090496,0.0070450829245503055,0.02661373542781953,0.009622971275791814,0.0005804428474462942,-0.0005817468627777878,-0.0036363601684570312,0.0069728927699950205,0.013514893001174588,0.030666060373030657,0.020408255262116315,0.027379106327568792,0.017249380609136278,0.011265039129863208,0.005633214034788336,0.01809821400578948,-0.01265823784667286,0.0167131732166097,0.0013906918772184085,-0.01447369058786574,-0.01003868746778569,-0.0014395505425623956,-0.006947177066536692,0.011795188578413773,0.0,0.006511164433452343,0.00817120463242449,-0.015249093847821471,0.02034886204230313,-0.023333311080932617,0.013296000674711594,-0.007160160579742336,0.017223581264272037,-0.01441166995004417,0.02184070467797139,0.038006740157581875,0.015682604992443894,-0.0065757601952929345,0.022344709664215312,-0.006577085914505121,0.03967063324113518,0.013175642999772919,-0.025171500944011105,-0.0018124462702238109,-0.006862595509752989,-0.01315797970814403
2022-10-28,-0.01967205733234656,0.007967746020688615,0.0012593162090603904,0.024622917864669303,0.024630518729541473,-0.002445084306595846,0.02311583192409783,0.01756999926080649,0.027392520599259118,0.012864543239070603,0.008646623794018371,0.017768665735272693,0.027873860260534622,0.02389157933511621,0.016297861764568156,0.0030835110414850764,0.019254294616836587,0.02929622198373316,0.01749715468259505,0.01842612717574288,0.04170949366480636,0.0009765129637122616,0.03989741019062132,0.03251280900427789,0.01550390271305968,0.02348973502473739,0.03168903171830806,-0.01086960801791681,0.025707005709939335,0.0030120036610445933,-0.009652454740281646,0.02128450427780626,0.020084209440429435,0.035372179734060705,0.010676941363947368,0.023589082217386537,0.04275895776721894,0.02427050622460114,0.014857097088073257,-0.004074487402839555,-0.062043823248996044,0.029805976300562476,0.010326820051354879,0.01208734244236176,0.027885564626851655,-0.018487439116672943,0.01712501885529072,0.012417814662903481,0.0165027004260343,0.018902094243294476,0.018893328743920135,0.024592851365071056,0.025277755184133888,0.035603116689417735,0.004341770851386428,0.034961476700188454,0.036947730451655225,0.04277235826901915,0.031746075205509205,0.027531180574013492,0.023156994841586398,0.011699936642681763,0.02002205192050943,-0.013651863802616737,0.027089979053775082,0.0179528917047298,0.008683255647961241,0.009805704467497067,0.025537969008702532,0.005695662737305929,-0.006357829011010563,0.03487767501805772,0.030371852766090113,0.007894037338038729,0.002879796022884351,0.01988908308674131,-0.011737353735394196,0.011348137748759424,0.04118314197769024,0.024715485323069553
2022-10-31,-0.04013379086820901,0.02213347944168409,0.01873630896717904,-0.012636551153319742,-0.0048076878990646055,-0.012254779131525284,-0.005228356847956084,-0.002188674204390728,0.009147770876273498,0.024555457370800005,0.02422658991876081,-0.007590575793550269,0.0030021235047776873,-0.016074668585975616,0.007533260249532159,0.010694345624689516,-0.01071800189615757,-0.006942067319407497,-0.014343506920106108,-0.017114870081319067,0.018378725391653195,-0.005365831902287566,-0.013463496004879283,-0.008723237742823797,-0.018659903964429847,-0.0055399416568598925,-0.0031545149276420714,-0.0190477625242651,-0.005476645897542598,-0.03903875840101756,-0.025341152347144846,0.00012253851564292262,0.0,-0.006405695814907242,-0.012005044105261486,-0.004959006840362878,0.00985872985872982,0.004412816376326845,-0.005146747044631916,-0.012273581784341903,0.013618710793710243,-0.004677582814380354,0.0042672108721295565,0.023426977333481203,-0.005225714719155894,0.022890657575282747,-0.0048026544002297555,0.02020195334687558,0.005212967467847607,-0.014134082709420959,0.029139082337431566,-0.0006234261932449581,-0.007586087292571708,-0.03137091103559664,0.004371359632857397,-0.023681105371410438,-0.018553637627091835,-0.01002330461353984,0.0033444816053511683,-0.003336508977702768,-0.0007544592120134475,0.0200680326613345,0.009155270170687402,-0.04498273692804189,0.010509070954786148,-0.012963278451903149,0.0015779419147270435,-0.0037683768180589716,-0.011097488824035051,0.017799374849493343,0.032906820264992476,-0.006396092887209659,0.007437963938665915,0.004547709255452004,-0.030150781209794197,-0.011625643468449853,-0.016626713656350822,-0.001795363167795827,-0.007963817825739627,-0.004601554428872556
2022-11-01,-0.010453007852859075,0.005670873814838107,-0.007748380414012601,0.006325261708797436,0.009661826846140142,-0.007444188925362916,-0.002627879080867701,-0.08213526632050516,-0.026752108564388588,0.02066115637342092,0.03784571605518683,0.0044362168324108,-0.0036180840967412475,-0.006719500988102145,-0.009238931314377585,0.021547659098783978,-0.0013544056598835397,-0.00908778276722988,-0.003939605477085273,0.015920339624036606,-0.03609408746158771,0.014222763507051317,0.0037462833926842354,0.006009805754375153,0.011235965243721946,0.0006821491995632201,0.007828177281137938,-0.006721366158970121,0.01101336544260234,0.007291216191549488,0.006000041961669922,-0.01581252999833982,0.008256646379774413,0.007163379851274243,0.005589289137048814,-0.004230217210666187,-0.02079803875738062,-0.009431263246942545,-0.005058361711069881,0.008875717273141515,0.015355071616181437,0.009105358808753294,-0.014229133455247012,-0.007630457074501051,-0.015647811451896976,-0.008951461993348953,-0.0021078823605737984,0.01608909358240984,-0.0017780541631112756,0.010528529597018998,0.046975737405617446,-0.007070121734284229,0.007917087269423417,0.04480920920461395,0.02030931458120877,0.004637085860586199,0.03136395769890221,0.004828844443341751,0.006666666666666599,0.00892712100168147,0.00302003432936937,0.002667553328329797,0.02237241723971728,0.028985479703797834,-0.0261013334674286,0.0007633381158334007,0.0077354937497522425,0.009284763481890446,-0.0062952794990477345,0.015103381177258735,-0.05899710375593503,-0.015102342285599701,0.003008132097737315,0.0020120290514205053,0.006661835799896432,0.04116868542527996,0.01690783539399554,0.0008994412494514048,0.0,-0.0017536001403983814
2022-11-02,0.05633813474103655,-0.01773792562089893,0.016819106703170217,-0.011210842177209912,0.014354053886023399,-0.0025000297950643624,-0.006775151863802731,-0.02071140065460697,-0.015333970636152383,0.006477726415789364,-0.02875178351783514,-0.009290204830582072,0.00033012942241961163,-0.0045096129844965915,-0.013488969779739346,0.02281252814919421,-0.013154248127827395,-0.00846560558003151,-0.00032271826589358454,-0.017140140266593273,-0.01822141776921693,-0.01756942132382222,-0.013418716898120908,-0.009174279371537808,0.023931601498784705,0.002158682897354325,-0.02892079270289738,-0.018796935258783787,0.004062206126170809,-0.041364815466043314,-0.002982175486494709,-0.0059784620026348545,-0.008818958006673205,-0.01991470980602983,-0.0693571218211928,-0.01114544146658758,-0.01473765618902989,-0.008452360220983945,-0.015367930279622355,-0.0029325067036874986,-0.011342144274519739,-0.006985830458220765,-0.0036089072399175803,-0.01854345602426344,-0.025661175254166002,-0.012902898761477433,-0.019232828514609168,-0.02871058557823203,-0.015585322012308223,-0.013079136741919073,-0.03564849960166572,-0.019895428703763707,-0.013542863707768582,-0.023354503621216605,0.005212916991009786,0.004970676423384113,-0.019579028498077244,-0.009998559358232018,0.0,-0.0076683169159406095,-0.016936392604551043,-0.03425336846525351,-0.03797569309625959,0.0,-0.0020935162416667596,-0.011139714272733747,-0.016631224459816907,-0.027598119797170195,-0.015838200533158764,0.00391536689649441,0.009090878108044098,-0.013323453666349572,-0.011450581466896037,-0.02510030746424452,-0.013970757291588032,-0.04682937505338991,-0.03562933633909848,0.017969276958047065,0.009098098739827032,-0.019322865258101785
2022-11-03,-0.03666663455639707,0.0050104534960544456,0.00025293009723181825,-0.011635309534792748,-0.023584884441207543,-0.015037497400641975,-0.007674127288796573,-0.009761509709595662,0.011304716759185762,-0.05309733155334595,0.0010830460238837603,-0.024289075438545304,-0.0038280159283973214,0.008260995334359977,-0.0010550852320859727,-0.014001221805928554,-0.005221803259686353,-0.0035574330586997105,-0.11610816394766643,0.00199316925485582,0.0,0.03658747140088159,0.007566207511998879,0.0036608083805302893,0.01836396289108211,0.0058949760826711994,-0.00527575579332018,0.023754682913148528,0.00542486047468782,-0.011866412238396573,0.022931256434092884,-0.01127684299020848,0.0019067409975364047,-0.01886787545316837,0.013502960749960158,-0.012845225212736122,0.015397997083511639,-0.0017637169471389491,0.0017016593336962593,0.0023529950310201553,0.017208442114658773,-0.015828906589686942,-0.006539143475572828,-0.03271897203942398,-0.0038455688260783383,0.0019605894618148767,0.11023585495121968,-0.06395569810312729,-0.022467152168125115,-0.005840000991451544,0.11217319279057314,-0.014957030406254734,0.017847513249284797,0.003478225736883056,0.017444967133201317,0.00794914524810264,-0.002142858131442771,-0.0032098659240280547,0.0,0.018279214856945503,0.017611078917024514,0.012396649161620532,0.000312571032948572,-0.021126741053825282,-0.01909355213218289,0.0007714153528977086,-0.0180688256257292,-0.016993669940298828,-0.01931127969487667,-0.0031201219036827155,0.02826964542511834,0.009426774848100283,-0.0011029630501533383,-0.006694499707458057,0.030574265976191395,-0.01089675929757028,0.02216741198068628,-0.005736867249888755,-0.014850042187619872,-0.014004223281150918
2022-11-04,0.048442745989485614,-0.011321237600009915,0.011997467370044701,0.011885250284705995,0.009661826846140142,0.010256348409292793,0.012316327884851486,0.016429270114213024,0.014257728115885993,0.006796934629963003,0.011539823904463065,0.020009367788915933,-0.020240452679606613,0.05087889504510579,-0.009990811254858678,0.0002493861733006142,0.011051247402890985,0.016779724750392466,-0.01735652596496806,0.015415153730020004,0.022742906183102374,-0.0014246030108827634,0.00473802075162344,0.004183451351590595,-0.004098376353816935,0.014764036078117382,0.009922778993887382,-0.01946106733811137,0.012528431237941007,0.0021836242010078166,0.00779726334516595,0.001900928647833977,0.010466068445057708,0.007396435607583962,0.018703694312528718,-0.013184524663455321,0.02163190392268244,0.01884561329260981,0.004451750592592507,-0.005281698811757662,-0.046992479686692845,0.0090841261519925,0.00455693055473394,0.048118141215020005,0.02807654517597835,0.015003252749749452,0.02547329943438381,0.05473688679547184,-0.022828886499462353,0.00045181691157658577,-0.020057118722505596,0.011713573846686698,0.012678750048770837,0.0194974081260475,0.0,0.014545799813217464,0.013957498207312957,-0.005497952887786317,0.0,0.01459401310767472,0.015801109454212314,0.03435374972744043,-0.003281873411886127,0.0,-0.003529695485330553,0.0009254526475168667,0.008096531776228932,0.026733157246181527,0.003995334827100239,0.026604081353047482,0.01027190840669423,0.009591372808129606,0.026504203692593542,-0.003628458304161142,-0.011577280039310134,0.012949418918418498,-0.01927712264081416,-0.01242799236502068,0.0024225153256407506,0.018127475945406424
2022-11-07,-0.042904183889560854,0.0043073428753723775,0.016954219872385545,0.029660977260179022,-0.014354053886023399,-0.007614202452444152,-0.019428570083603214,-0.006734915720455481,0.00179964652848974,-0.005907227531232628,0.0,-0.02687673524248313,0.021571560292645175,0.01836010802274468,0.026540347611809345,0.00652668675777357,0.004235628163590022,-0.020014101794827877,-0.012270919107731038,-0.001469097417970966,0.010867701113867145,0.006023138164510611,-0.015303794203260224,-0.014741966722686128,0.04526750683152647,-0.02654369233487064,-0.021683860078984707,-0.006106835584251069,-0.02023121023349095,0.004357304998410472,0.08607344066873046,0.0016443531174161752,-0.0021969792184555192,-0.005139533684560549,0.0022634946267294787,0.0011789435911506718,-0.005257789353840359,-0.04036602222005081,0.008747556520218414,-0.014749261872991526,-0.009861970225235495,-0.016086181216205198,0.008770249127205254,-0.004545525178306642,-0.008648084800214395,-0.007069436322864275,0.03843103056429631,-0.06568663153257026,0.013259765762971387,-0.020099372490644418,0.040935541245293194,-0.036449536083805745,-0.02211005187087145,-0.008924566900256115,-0.012048496853671153,-0.010018813130198923,-0.0027530931627497424,0.005370524879016347,0.016821147590283525,-0.015822664756564575,-0.008147963200098918,0.01315355542707497,0.020462677168317844,0.03237407017825222,-0.007942267494794208,-0.02387955790791796,-0.015332836673245698,0.0024302410723349155,-0.017765864490481453,0.009146332820563874,0.04007177654360361,0.003499577642936069,0.0008070953254817326,-0.01690953724015465,-0.008052823525361852,-0.030719267531297834,0.004914008606774267,-0.004494411573114587,-0.0013425750203114317,0.009473968837911961
2022-11-08,-0.006896553486340662,0.008263513135518208,0.0019639446651800174,0.0554834642695754,0.014563093312173425,0.0,0.006444164139319808,-0.007865317950034423,0.007745806546740175,0.011035663615259539,-0.006060586570390214,0.013809592942269244,0.0010260063002724973,-0.010743317671051522,0.010004071236545675,0.01111025584760883,0.004217537598995014,0.008599065778844395,0.014964490541731656,-0.01814605021288407,-0.008931492198546276,-0.013076993238982593,0.005240969151387498,0.010517221366287854,-0.0031496033428162207,0.007301663462192742,0.004502232873557999,0.0023042059184466,-0.003963759227130437,0.030368595877805493,0.01335713074968825,0.004672296492788552,0.005032988977317965,-0.009594106704035932,0.0193225620697437,0.007719050974179353,0.005857071275774617,0.020981796393541696,0.004971446327641571,-0.008982126887789654,0.007968119921316186,0.00854959403928901,0.014290014238252713,0.0045662813250408885,0.008723526597990805,0.006472730827244755,0.0007669909461771596,-0.07652006766518904,0.010126100567026564,0.017976474188029945,-0.02303351201735604,-0.009345667718473338,0.014709943488828259,-0.010720664882832964,0.03799256392800543,0.009422508339182345,0.005521387218900831,0.014139784303543568,0.0160219279760081,-0.001899955109928686,0.011949241286572265,-0.016228497522458696,0.006146091416843191,-0.0243902216146471,0.00584199990234846,0.009312114161116325,0.008156435760931835,-0.011428531179672241,-0.024019785548936023,0.0007553043092682898,-0.04197812351108343,0.02291989153252283,-0.002687236923127445,-0.004763003492030737,-0.02952022489590911,-0.00413377660244052,0.0,0.00857795418376317,0.018284396961138816,0.002750693705801943
2022-11-09,0.017361072695712965,-0.03454737177493383,-0.014678877130195778,-0.009371318173623133,-0.03349279240072123,0.015345176782051162,-0.014239246174484022,0.007927671607833586,0.005792642017517169,0.007556687971532305,0.0,0.0045404720957042954,-0.013456793387175536,0.0007487166125363931,0.0007717362379699999,-0.002042450086663372,-0.0047417846653529105,0.0014212184922288706,0.0009275575568725714,-0.01748253384493237,-0.001835767885879247,-0.03320559548342883,-0.004314663034242994,0.002682337979845073,0.05371250500566038,-0.007022462462392243,-0.012066929548131267,0.034482733282250155,-0.008607052917242286,-0.03263137455941356,0.01845343023155932,0.00980389342764676,-0.004068885268585731,0.0007452128519622736,-0.011324327063021777,-0.0015145052105829393,0.0025563805742605528,-0.02123894406900373,-0.00799562104486451,0.0,-0.033596853402445226,-0.001189820444163714,0.0008866766147728189,-0.1140909353181464,-0.011720542774080522,-0.04501634280011213,-0.025962994507352732,-0.043953444995121216,-0.02806909041264427,-0.005660055563872168,-0.022426821474558323,0.01976655304578223,-0.0037581256690870646,-0.008669234933730174,-0.0501579516460976,-0.010025886397430184,-0.013305079964653133,-0.010844425434892613,0.0,0.022989952703408756,-0.01549823218224744,-0.06763442009835774,-0.00969753843570098,0.02142855135761934,-0.015165956968764216,-0.007974918834524058,0.006325405816974605,-0.007181694545474682,-0.05011098377836687,-0.00377359930074439,-0.06842733493935294,0.0017049963873152496,-0.007006418457674246,-0.001329493388259384,-0.05931551390447287,0.0029648574013168005,0.012225277050862626,0.013876429830438353,-0.006601709985336157,-0.00968211949646236
2022-11-10,0.03071669046204395,0.013110073377378573,0.010961420500513297,0.004695361154360311,-0.0049504903750891005,-0.012594349824835427,0.08385847317595174,0.05777072679130657,0.06357276058030692,-0.012499968210856083,0.004662851035886817,0.053460083924921964,0.009451059984151078,-0.027940325784905795,0.024550222604334593,0.024700997545637815,0.02055530647399917,0.04292284059094165,0.020659417420020754,0.028469725813133007,0.04581171470489109,0.021136176072015234,0.0430622555791651,0.03905836235742499,-0.047226394845183095,0.03741306251644505,0.05199815444761402,-0.026666631939865182,0.047053091053442575,0.022850690816952124,0.06384812436373721,-0.00945977178124291,0.037712091350754706,0.09456434337818487,0.028884220612114264,-0.019157426265642763,0.03697400733746714,0.04440429048271488,0.01171353276311371,0.01208463880116617,-0.006134914885540077,0.05122101567908599,0.002953081651021927,-0.04976907137827136,0.03557853447043979,-0.01212107978056598,0.025277862254115213,0.06225254115684398,0.03586170201603611,0.04735905622161818,0.038235304886692134,0.037004485251646235,0.0390729314394489,0.060341192268715815,-0.0014271431286904113,0.03928753101313798,0.014126681426254617,0.015974987086478487,0.03166668231670666,0.03922136556135358,0.039355400722106415,0.07749471041473766,0.011180462706256833,0.0034965002902287434,0.022280608981073202,0.035781656176001375,0.039468020796494585,0.04322523582574056,0.022631420061711482,-0.05681818263918248,0.021584991919576746,0.013371990604179596,0.03283595994635591,0.08333315594193769,-0.09135016296872722,0.05124141828058493,0.0024151348767484926,0.011037694916387508,0.02392372426325018,0.03291511311020745
2022-11-11,0.013245037445762886,-0.012834185148873911,-0.001716343478671667,-0.020583306009221647,0.014925358971198843,-0.005102010207508445,-0.0099285436533737,-0.010769180806372014,-0.037175808377903685,-0.023628749167245222,0.0,-0.0079891833495912,-0.04010629681362854,-0.034133450781766106,-0.025843836480227034,-0.02052758317793124,-0.005335632397286405,-0.00918364322962062,0.002813914977604748,0.0,-0.01630707690696631,0.0033956519931177542,-0.01107853417018656,-0.019876429175306853,-0.05586152919087528,-0.02012066379281785,-0.006966473779314697,0.05555560961346373,-0.0036923770635848285,0.0,0.0283860813978436,-0.029278465165268663,-0.00787399828435742,0.0020408389198856014,-0.020571096687687862,-0.0327883251636204,-0.028415237675198268,-0.018083737433874147,-0.029919435816114448,-0.011343315466126436,-0.016460889199236384,-0.02082120684097677,-0.038571148771732844,0.11231111324480159,-0.011118325993630607,0.0013631139374516987,-0.01928230321860447,-0.02485006711415194,0.0,-0.018913102690638395,-0.013031078457097833,0.0023361692019323588,-0.004149430505913654,0.0037113412311835514,0.01381573759312249,-0.020665268267223813,0.00464333185644672,-0.02705414857624988,0.02398409687956149,-0.013223021104391663,-0.011539950312941083,0.02528730808283597,-0.037822014154715644,-0.02090590424112604,-0.024252267179173503,-0.00943532357010679,-0.008015788488430431,-0.036191460533702924,0.014194374321433223,0.000803231247794356,0.030274333402385167,-0.01535493245478392,-0.0252233144357904,-0.014253974086442356,0.006227763572007605,-0.03627431301978756,-0.021686674531847805,-0.03580786354399679,-0.005711545221004255,-0.028237868188707216
2022-11-14,-0.0065360305423738385,0.013001042941108487,-0.017361549897397577,0.0009822370535517155,-0.01960782480441492,0.012820400452930203,-0.001445427393859,-0.009849997864323723,0.030718553870905385,0.01210028928396456,0.0,-0.003877777309327257,0.0003805197530388771,-0.0007968606388394361,0.007512455611915936,0.0006733317094551605,0.0,0.0,-0.0006334182522991227,-0.018289630487940634,0.021453133237381294,0.01240941520776051,-0.010589873208820877,0.0029419325880315483,-0.009999990463256836,0.0023562035877342513,0.0008350595409460926,0.0014419718671450088,-0.01871105924013383,-0.025531957556603535,0.025236568385065494,-0.0036247707372303317,-0.018620107731813107,-0.014256579365310107,0.0074129647157394896,-0.003472357852906449,0.0025309775724653427,-0.002449145115957174,0.01571630604101104,0.014492740269210325,-0.012552388490189026,-0.0030381413313886885,0.024397971376233896,-0.02718462838772262,0.005284284227079716,-0.01633733892316025,-0.02186236725097923,-0.028243745409858967,-0.018229173644210728,-0.015067658284150798,0.01607351187232675,0.006357409353078491,-0.007291500474883139,-0.019309852245925074,0.02584582148454917,-0.015954738247639044,0.03445379747706556,-0.02574660654764427,-0.02063112313296267,-0.006839737046842154,-0.011309636206506157,0.017937264112990237,0.007608140666831575,-0.0035587155398179027,0.02284956388782211,-0.008450027004080929,-0.014034700970867342,-0.0008775467902355505,-0.03721718006127117,0.017656522179395395,-0.010713146426000963,0.012914076522342333,-0.003773651295518987,-0.019197318614624925,-0.006189218581983624,0.011566285070762738,0.01477827465379078,0.021286231531029376,0.0002613730638851841,-0.004545424420415611
2022-11-15,-0.026315637663174796,0.006923708706050524,0.014168699316468025,-0.005958540162434689,0.0,0.005063261168863686,0.009499757128580866,0.011780359033028764,0.01422682018872834,-0.017933393463951175,0.0,0.009132893085889604,0.0017287279362709906,-0.011833611530077004,0.007285825323451789,0.01288861118894391,0.01005782347578843,0.0,0.011864712651908693,0.008056396780724118,0.00445497196592437,0.043298308584818646,0.012649244912398494,0.017600918554413925,-0.1599327065573859,0.013101420843795841,0.012516573877102033,-0.03887679706961189,0.00893535006747359,0.03384301354929442,-0.04615387549767125,0.006106359590188903,-0.012752953853198967,-0.009641868224131711,0.0017170335765361866,-0.003713583683428223,0.013885233434149713,0.008641696356723516,0.0027925631477492274,-0.010714190833418291,0.05720338833225891,0.007400076004046241,-0.007473929317596495,-0.001995973010229024,0.02786854951028328,0.021453274653874255,0.008400325869343916,0.024694141191987207,-0.0024963521228378305,0.014848182395366116,0.016949013464997442,0.008843845434106434,0.0036726446888251107,0.010473436315495244,0.00274847662313471,-0.004358565101332368,-0.01360684638409293,0.0006503834651663265,0.008302426563529641,0.03836962329422544,0.014391142010664382,0.03335429336185669,0.008573176444066855,0.06071431399608196,-0.01557288483296193,0.020917364515340875,0.006614109579977212,0.011064366484031973,0.02981997145480908,-0.005520555742412836,0.0018564781515335582,0.020206911510812553,-0.0016232250885118704,0.010930369730714151,-0.003558751338274435,0.009883706821916194,0.0,0.017295029854152322,-0.01592297996409686,0.0014677231264330626
2022-11-16,0.04054046724281024,0.0069817875407443,0.030929224149262913,0.007491140399023877,-0.009999990463256836,0.0025189112935999347,0.006452801920035167,-0.0007760252706809911,0.00997513173760134,0.04000000331712816,0.0,0.0029205064045909612,0.0343422542096361,0.011571635722966489,0.017681186530546622,0.002577055648944393,0.009161083728653763,0.016925778447090867,0.011457150451313014,-0.0024973949410411755,0.00015850288808305635,-0.01571554527044705,0.0061146451059168605,0.008339392567347614,-0.0330661261365256,0.018282985922710493,0.005933939434184188,0.03295872557274593,0.005477836696354821,-0.007391930069461816,-0.032258034744817476,0.020919235947358894,-0.002520421907745707,-0.0354659782994573,0.0019586031424156936,0.026874006971946196,0.007331346777834202,0.006036507333234242,0.00620660851096444,0.010830227962578709,-0.05010020269880289,0.004464753846539438,0.003313309234733497,0.028500046211134222,0.008844975243984976,0.019647665407116266,0.034958042031884906,-0.0029856126975420505,-0.008290348786416435,-0.006428814742598488,-0.024999962949356358,-0.0008349096369942854,0.013329632908861244,-0.0020730385555599584,0.009137028110388856,0.011906825521561082,-0.010706378364165658,0.023159556597135422,-0.03158411709568454,-0.00785037167589031,0.014914460344639835,-0.008830722112663891,0.008734216319991717,-0.016835000617720808,-0.0004364096386239025,-0.0009104507885662194,-0.03213827506945399,-0.005558376580572122,0.00015337978962359777,0.01903257187365548,-0.016676988811439086,0.01768456167013266,-0.0146341564268615,-0.0030172848033163113,0.017857100592111763,0.002686746824063224,-0.004854431780267565,-0.018308802179968997,0.004774731861703074,-0.008793292476275139
2022-11-17,-0.012987097348496679,-0.006197989309082108,4.0700447328179123e-05,0.012439637550583305,0.0,0.012562842900084359,-0.010151455890675565,-0.005500458371531014,-0.009362167428599077,-0.005852817274327071,-0.005712269183868579,-0.007018124119583247,0.018286209023826494,0.01862186287985179,-0.014422752131746486,-0.0052816457013120655,-0.009472598089527384,-0.008491838075233238,0.006283159647122449,0.00901340105010795,-0.005860093453662674,0.010386083929926349,-0.01684327713729339,-0.014597339100183349,0.0331606902744388,-0.005802339204882601,-0.019498693093249697,-0.021029849855993876,-0.011713460139330722,-0.01595742125515942,-0.08916664123535156,0.00898067215725007,0.00884402786356775,-0.004760130476337832,0.023949316499859208,-0.002224022881148091,-0.01936299465073754,-0.011903639010854339,0.008071055318637832,-0.01964285349359296,0.016877722448569,-0.004588437492204278,0.023816544905987724,0.02673793208913877,-0.009525072540004564,0.0033219292607988837,-0.0063720112140616125,0.002994553273819811,-0.008044406637283119,0.016956951352638194,-0.00416419662385259,-0.00981836230888089,-0.009027564413190081,-0.004154481259549869,-0.008148762911132978,-0.033223565474686634,0.005827414620310112,0.016758053666094064,-0.01015232259867238,-0.013506415134100891,-0.008243598671744068,0.0021505283092146943,0.006571313559621927,-0.017123352543991444,0.005784776979282702,-0.013823709262363093,0.012396711856580644,-0.00209606899518755,-0.014093224468100796,0.008560284312199018,-0.01381911218432752,0.007414352177913086,-0.012926502424833841,-0.005044363354136383,0.07192987972341647,-0.0036363373456549386,-0.021951147024775297,0.010212961249576047,0.007391888782436684,0.0026284340936213457
2022-11-18,-0.006578868790446113,0.005813850980868063,-0.004612229372489285,-3.43742532135094e-05,-0.005050500185316276,0.0024814087730276047,0.03499461444588725,0.025283148259493515,0.013397181109696454,0.023549177871002858,0.005385991757299813,0.0272180949026104,-0.004587737186012464,0.014364115990888937,0.010964742992825238,0.016796829773266797,0.01553975087971815,0.01644395155065914,0.026295079713652303,0.011910577520182208,0.007806268874452016,-0.01636316894699652,0.012009884728808151,0.013295694790028234,-0.0060180960892370905,0.02995259206677381,0.03141721654943619,0.017777754626576714,0.028298439710376044,0.016216189827388705,0.0064043634830524,0.01579518658119894,0.009705690264354416,0.016188393271424184,0.02195676204046504,0.016198994381409815,0.028987692986666147,0.033594608030150575,0.007663350376005074,-0.00728590995067413,-0.045643207301583555,0.025785307682595793,0.01876661785577216,-0.008996226617753567,0.023822571832179396,-0.015893743268512783,-0.01166890489445993,0.009597018762478093,0.015105857610224982,0.05199629836956121,0.013141814163269316,0.027215476454149234,0.021343222455437294,0.015436001396471832,-0.11547236040176356,0.032575489453752215,-0.002069066181383472,0.002655733542054506,-0.0064102564102563875,0.01963797982093074,0.015178813352326292,0.0003066258908026587,0.0003842090687269373,-0.006968634747042013,0.009332566268315912,0.02070380991675891,0.03294449207509276,0.0019253052753147593,0.037911755775226874,0.03472220740282328,-0.034394902446709175,-0.0002301020105265339,0.01003089454109829,0.019011254005715905,-0.007364901355197739,0.011909188888094446,0.03740635749431109,0.0039561836232817615,0.010220015790446846,0.014582978472008401
2022-11-21,-0.05298014978305121,0.010089358003900317,0.0007790813290156073,0.003027981368514343,-0.010152274434545583,-0.002475266624709427,0.006432002734880982,0.010531788635647077,-0.0018447685326079544,-0.03040261982247705,-0.004999967067799926,0.007319472492345991,0.010238297509807426,0.0005148284499387756,-0.0018355095154545253,0.00307761965119413,0.006016366538965867,0.007751912486006374,0.015424088930548141,0.0,0.005374641507912337,-0.006277543225685411,-0.013961515061551188,0.002582839971066564,0.005045428002495855,0.006628965555739885,0.0038885366738847793,-0.004366767866723964,0.010096608798918272,-0.011702094995725498,-0.06272723458030005,0.011724159236542242,0.019844949928695677,0.014482244981038672,-0.008173560523802137,0.03072698820187658,0.008437690138263454,0.005401269952765464,0.005140823094194502,-0.002446539118902913,0.013043466092057088,0.004212699953592303,0.013239878303279662,-0.0014333715823210413,-0.005443455567317179,0.030282760207182235,0.019954154945797775,-0.03400922595811007,0.004855952937745656,0.020437945887499476,-0.02948090506148371,0.012938685250461823,-0.004332545012893929,0.0,0.0299277453966329,0.002773522478472845,-0.0010367737071586003,0.011296283678548402,-0.01935483870967747,0.020072900816107797,0.004627878958766596,-0.012258704038774049,0.0026103487479165466,0.014035158459685393,-0.005805758277266593,0.0024401474892319364,0.02243871715197443,0.001048326495438845,0.02485043145844501,-0.010439924775648257,-0.015501296770617179,0.015643064042463184,0.0019310682527866607,0.00273684045365985,-0.014014823888529038,-0.0024676866954003174,-0.0024037599068046367,-0.09894917495728317,0.0018156198834669013,0.0011305008419244533
2022-11-22,-0.0034965478865818245,0.016231276753786883,0.005244635099991735,-0.0038519234206779718,0.015384600336500354,0.0024814087730276047,0.014854473404815494,0.012963619135449855,0.005646756027178901,-0.046610184902091234,0.0,0.010899366760477536,0.001661973388536131,0.015054223021075286,0.010364499477141687,0.005799772033919348,-0.007150304879692482,0.018394600866960875,0.0010125378723111478,0.0029425806226242024,0.0061321141344747865,0.03616550440936561,0.00592927350983663,0.006595232819191388,-0.031124540002951062,0.011364793740877621,0.00758559989012797,-0.015350798452902326,-0.003184517743430537,-0.017222954118371492,0.031037796488869063,0.002317552100994824,0.00608084531212727,0.016416812168366768,0.01742415381604001,0.00025827708094383617,-0.004858158263475132,0.007351466415432828,0.004830325966783899,0.0404659637659881,0.0,0.000978912788786479,0.012214704460117964,-0.003349334533021775,0.007404911446705409,0.03396453782061504,-0.01860720593374532,0.031270336446258096,0.021667750867748747,0.01961981916758271,0.010935514692584691,0.008515972624947521,0.012285458850901376,-0.006573577699096167,0.005510969709812352,0.008643072047417988,0.018679954360659057,0.0021568939027329925,0.05921052631578938,0.01263140427355336,0.01842692634259846,0.028544895957474337,0.016463615208205162,-0.04844294111498548,0.016437692421886085,0.0033469702980606364,0.011594403568518041,-0.0010472286578899759,0.017820439401683208,-0.0015071934494147454,0.03149080475862065,0.005209411213953796,0.004129744628933896,0.002728599250731545,-0.003344511901320235,0.005137799549488342,0.00963856132040708,0.049562750485211415,0.015018173225409548,-0.0020971307554891183
2022-11-23,0.04561418287845509,-0.009112063576052432,-0.002893868903519059,-0.012715762535729702,0.030303001111897654,-0.007425732186561507,0.009105591303825822,0.002258486442436647,0.010617693992859278,0.004444461398654509,0.013998594931218689,0.006900923418275751,-0.005693278587418749,-0.005704221197811332,-0.01133366026913718,0.009780805849229246,0.007332775330405994,0.011822601311887171,0.004636698408286399,-0.004889765644444877,0.017659052286468135,-0.015393955907344381,0.007213634184084938,0.008804263979975469,0.0051813671203522205,0.015228003435069803,0.020823199693376315,-0.020044495511610583,0.002396095023463829,0.005476729785345746,-0.031044206975853972,0.007423689919152876,-0.0009065531340587407,-0.03019658415821025,-0.014348592442465224,-8.614185548116993e-05,0.017222302983772364,0.008514290469877839,0.0010745184126512708,-0.015910345394213654,0.008583683082144411,-0.0009779554556840209,-0.0007483084153609987,0.015842719108049463,0.007244140328458881,0.02653184797271302,-0.0077496708527647895,-0.029898192000629487,-0.005950397213878911,-0.012828047491806882,-0.024639442968604763,-0.0026134670994351072,0.003540079137110519,-0.01282055143785088,-0.0004983381308493184,0.011311160202491344,-0.004686300711189251,0.007687072394546801,0.02335400314804925,0.0030198445445566158,0.01287379021224,-0.02895936214121997,-0.006328213179391806,-0.018181800842285156,0.005319632603766555,0.006216849527039159,0.005048414927665279,-0.009259310958641187,0.010619959974580429,0.027169785409603575,-0.019162069991701558,-0.0245606586011895,-0.0005484222314264819,-0.007422073666215834,0.0,-0.007951334119402298,0.002386432199187327,-0.012500039840447008,-0.007142917755416089,-0.024409893755310996
2022-11-25,-0.023489980170209313,0.006406025824964079,-0.009483791981513612,0.0011998448102057413,0.004901956201103674,-0.0024937848027858367,0.011201537528935379,0.026539948751900688,0.004849174193095385,0.0026548435809574666,-0.008849620316973006,0.009851418015508262,0.017831958912354784,0.0065017064740400254,0.010375774089058654,0.007444937150220099,-0.0020799201669455814,0.007465287337203197,0.003776272443296813,0.005405197460488065,0.00629604642226167,0.0029411816420925607,0.00253308895821025,0.010959836557717262,0.010309317880007551,0.008585679855197759,0.007845597093991019,0.006817949936587686,0.006993543182141293,-0.013071914995231082,-0.00970877472018683,0.002295473268145276,0.006049362010826842,0.000724060456458453,0.011974849188779002,0.006848472962827756,0.002933154638835367,0.010576046957235574,0.0012993166672821133,-0.024550887944986166,0.002127708359077385,0.006852274219645738,0.006365702253384065,-0.016067988356339602,0.002115260045751688,0.017845989226010994,0.008546937022353429,0.013333283508931038,0.009976955906103369,0.007918773164418358,-0.038816920344960426,-0.00040328514435472584,0.007306642945515307,-0.005446203718658005,0.04287144727884251,0.003558513813776143,0.0073695006301022215,0.0036618387493605464,-0.03884434395401026,0.0014401748936441194,0.004122515868613341,0.007766387408061792,0.013798369443531966,-0.0037037001061669406,0.00941904017802675,0.008288214633231039,0.013711219116072648,0.006171841034746661,-0.005822101697868121,-0.00808226741014495,0.0013244704360337867,0.0159391180343722,0.007407588286696409,0.015204586164912604,0.017226545677390348,0.006488404895387712,0.0023811002440172757,0.008907618270406203,0.00256955429018757,0.010770598952968502
2022-11-28,-0.030927886679856575,-0.01180699695915155,-0.003755469015082946,-0.003947447938016602,-0.02439022120941492,0.0,-0.009147346990481808,-0.0051219164321547606,-0.017291782666197353,0.0,0.027142862461100536,-0.0022624009671210477,-0.008518689761061737,-0.006206433906792319,-0.0048447172757833945,-0.01199397469397756,-0.005080129091587948,-0.005798972994564222,-0.011787348807023923,-0.010752464920678273,-0.01480245695281368,-0.02237996871966752,0.004530322062301861,-0.010138404669287726,-0.012244886043219938,-0.00984600296956839,-0.01307792238327865,0.027088163342401828,-0.004395639064945334,0.0077260101495781885,-0.03137251968706389,-0.0004822009110474479,-0.016836875772390347,-0.02170761531730714,0.004872333697231612,-0.004834005775843253,-0.00013305140059927112,-0.0092717843898944,0.0005078262221702712,0.0,0.03821652375388074,-0.014444736081470233,0.008837315232748555,-0.023054791908563632,-0.025329801472980917,0.0036276217484561,-0.004042222616883806,-0.04939604648504248,-0.020060741874523003,-0.016518990432624503,-0.01346138639340233,-0.005444784770462396,-0.005753053699009025,-0.010109417926927655,-0.03680653660430677,-0.014690884944333016,0.007315588396802575,-0.011780802765703258,0.008966899238900927,0.0011764113350800631,-0.004447680189642256,-0.04130697601620703,-0.01405925411107567,0.0,0.002621012005553869,-0.0159916766682473,-0.0133921339213392,-0.013494617261643027,-0.02671037495716877,-0.017777760823567745,-0.03869047900626632,-0.003865441196932773,-0.010076214814276119,-0.019887366214662916,-0.049110989105415226,-0.012514009661213632,0.009501195103163163,0.010222974184788347,-0.01998978370778759,-0.018360813544439303
2022-11-29,0.003546144327881473,0.002077989845004513,0.013131648342131763,-0.0022289625355746967,-0.02499997615814209,0.0050000386259101415,0.004827836141058306,-0.015444966585985376,-0.008695748636793121,0.025595760265298306,-0.028859585818192257,-0.003684083758843215,-0.004279763173376971,0.002421641863660229,-0.013606368466308139,0.00193840414843649,-0.005367767895943953,-0.009073314895487572,-0.018780161132546325,0.04496039821242692,-0.021840115234559976,-0.01168300088402241,-0.010147272962358955,-0.006794396004877967,-0.009297536131250839,-0.002486110240913164,0.0018930824953851122,0.0,-0.003885331900855604,-0.003285822823409834,-0.031376560326511815,-0.0010852901194327025,-0.0012232499856413837,0.0022189150854625694,-0.009005124683128751,-0.009199243442764904,-0.02047320395861707,-0.006393670079124059,-0.00699261798716122,0.012891287456742173,-0.05930469729469501,-0.011555765740433044,0.003596138708207297,0.0019665335557905728,-0.015592897787553905,0.02406340008428387,-0.0051838935613161,0.018649415401547298,0.005893265689858929,-0.00020494111880586807,-0.059779240521647514,0.001824955061753064,-0.001257634123308149,0.008935959013837147,0.007523947680483145,-0.0010282605372058384,-0.0016138281214879147,0.008460007837830297,0.0007510021160610503,-0.004700230662756932,-0.002749165290952371,-0.02186496131302118,0.023358565042064017,0.026022279462375897,-0.009620223989764809,-0.001670721786070084,-0.00746532847795689,-0.001776477118750508,-0.0035222337903974,-0.02187028332181873,0.05503957338377963,-0.003423804825143928,-0.0024761049921685485,0.020791723145252794,0.02404269743475118,-0.0013443507885947392,-0.02352937248021303,0.011499515938502958,0.00261499468270765,0.0011690866784832554
2022-11-30,0.017667893560079584,0.010886582575340586,-0.0013490309290258296,0.01563891266301809,-0.0051282001121667475,0.01741286509927309,0.013148881271324298,0.027888218706340284,0.011248698251800082,0.0,0.013963583738403784,0.018773990803414575,0.016899491025877955,0.019325920389368534,0.025141488962769465,0.016200433921118584,0.019876282942177692,0.0173317307414822,0.03224408890103159,-0.00851082989116958,0.028186856896764034,-0.004153431666924279,0.016472351628651793,0.020318549695091725,-0.00834201485225905,0.018068490454146824,0.049598451602210325,-0.007326062509332765,0.030671347719592568,-0.0021976981129592232,-0.01567394183005022,0.02969601338837169,0.011022661095938302,0.029520266634666337,0.018406471645492806,0.020304710101993972,0.01370784952221027,0.030775133822706247,0.010846894536165275,0.012121258359966802,-0.021739110153428554,0.03266802081034914,0.01176038161128612,-0.011776303419097967,0.027939771573647576,-0.017846368998636897,0.01823744748690448,0.012981154031243891,0.021122412079128017,0.01925844527373255,0.07463717955962412,0.014167493211035609,0.019143345845914927,0.005483168471421163,0.006923757139063458,0.038771651896352344,0.012931867082825343,0.007855423527576066,0.022389005426556086,0.027416834531181378,0.017229668725966985,-0.02991452482346524,0.02023706294443528,0.01086955488892416,0.014887359098160413,0.02905822350465237,0.01340241783164986,0.016194918146374748,0.008247490322157436,0.03315338031214776,-0.008803405839322598,0.02954651283218057,0.015265214338472832,0.017668876779600273,-0.037391217597603554,0.054028247580583555,0.0120479952926833,0.02501133659285859,0.01669263000414567,0.03002492286156433
2022-12-01,0.02430560469152998,-0.06338461314021493,-0.005814049481890904,-0.00160625952321658,0.08247414571799006,-0.014669906706769376,-0.022545744203299578,0.003149369685751191,0.007041536801113191,-0.04733220276691941,0.006355940601348031,-0.015775438734326297,0.004514901432029816,-0.011350500915313977,-0.033865613398314176,-0.00188421267811556,0.0034846021626329104,-0.0025715145972016185,-0.013029207858638703,-0.09108228885181757,-0.00831668150935927,-0.024061641531647693,0.0009481865404079581,0.0038026782694549066,0.004206094730844212,-0.0019378876971889447,-0.017101930634919937,-0.007379972534955703,0.0002578292160047013,0.02533038349709127,-0.0021231908282043355,0.0014067792508813959,0.004239883754123763,-0.010035798678323604,-0.005948186572899528,-0.013989815777259773,-0.004953796152250334,-0.01121892078920328,0.004157232786342835,0.002395150080919617,0.026666641235351562,-0.012914834061821812,-0.0029060938823294302,-0.01340610188992708,-0.017870584546708312,0.03089029362627005,-0.013565780512409087,0.018117749001107297,-0.015853845256519783,-0.023919697093143122,0.001929290860087196,-0.0490921301861037,-0.014829297154620447,-0.010067221917237856,0.01031453476717914,-0.002477392077960605,0.018950712887040755,-0.006734782818866303,-0.00893070402027285,-0.006639281186618939,-0.007791423214246307,0.18095554740162045,-0.0022298303718190082,0.050179249755684996,-0.017686137864164175,0.0011826722382541899,-0.039271410588951894,-0.011558630555608018,-0.017236697133812373,0.0044776433824467166,0.012500035292224432,-0.0002222799567044298,-0.0027339085831903365,-0.014227299173876662,0.008129998031691121,-0.020977831419183746,0.014286135404161904,0.0048802259125584335,-0.016674879791452435,-0.0030768108703266295
2022-12-02,-0.02033898730828032,0.0042707561493178225,-0.010295705001599598,-0.0015036928771465785,-0.01904760174740394,0.0,-0.008085856800867819,0.013040534631032275,-0.005066782902538036,0.0036133661206629863,-0.0038596737279763538,0.007801486508810962,0.005929093493367343,0.02043869743382709,-0.0028535972512601093,0.009787293595483026,0.005401942198717036,-0.011601816793090136,-0.010578071872863859,0.012591716757241578,-0.0013974612340291737,-0.07264942105735572,-0.009128327306751172,-0.007875558165847618,0.004188477597292017,-0.005109932112857374,-0.00228914943444114,-0.002230381142073967,-0.003353215310380797,-0.03866805657251415,-0.00851063052687262,0.012877258036769756,0.004523624496421297,0.0,-0.024626061557267764,0.012290653496996207,0.0009419768563065922,-0.0061303046730178945,0.000783176209193881,-0.004181582782634807,-0.0021644485481340237,-0.004220535279244153,0.0021859422111987215,-0.045797860007067426,-0.0080626632282782,0.044653349852654234,4.930447816131611e-05,0.00802933223961566,-0.015188671440569568,0.004324570571341058,0.00577672759251624,-0.02035686527115499,-0.005519540886222751,0.008474543804068091,0.01652864296905321,0.008609389763860609,-0.0033279732295286024,0.009522999013728661,-0.024935245268405182,0.004112940889800409,-0.0037555719504381857,-0.012338603271248139,0.015950313942574068,0.006825931901308424,0.0069900182094198016,-0.00561129454841669,-0.03441501839464145,-0.0015944479294827119,0.009810133795562948,0.0,0.05198181760158049,0.024921984176288436,0.0013707016646411496,0.0029355749041539703,0.02419370494925821,-0.01136568990417064,0.0,0.011037694916387508,-0.003913438488676979,0.002111779163648686
2022-12-05,-0.048443002393014134,-0.010249930391278528,-0.01989022072148372,-0.002101446064977086,-0.004854364437391179,-0.014888384782638098,-0.005834732241375207,0.008581493484124403,-0.00590746326902114,0.018901894206698744,0.05318765247854773,-0.012667296117515936,-0.008302421194596343,-0.017309194526120786,-0.014821530035342922,-0.0035488512401651295,-0.013432135861965011,-0.007173168895460602,0.005815930177380579,-0.0031088341306791945,-0.006532083759226537,-0.06965626896122157,-0.008691311925382528,-0.0039189805166155445,0.010427468842993282,0.00020550319143386453,-0.0038245561224024005,-0.011177548866048492,-0.0044002080055027815,0.01675963866238339,-0.005364725182160024,-0.002542728797624405,-0.007805587336422337,-0.010861735528372551,0.00380127889778481,-0.006304951756114896,0.06976749148818073,-0.006076447239060312,-0.0005589738030116198,-0.01619678803407054,-0.08242952352177646,-0.005227354481018076,-0.0002726467862810278,-0.02742596070358505,-0.006370964010368407,-0.007311674963913606,0.0013758878677441189,-0.02884816324977102,-0.019006135753802056,-0.0010250435957535053,-0.02042129502972234,0.013924701377099336,-0.003531594483283329,-0.02647059847749611,-0.0014345589881312737,-0.010669787996012814,-0.0035356516831184237,-0.009433166973939588,-0.021395048205044565,-0.0033283080095437567,-0.0034269063298040248,-0.09965132423864531,-0.019112894316375195,0.010169481662661628,-0.025978045922167237,0.0020790719808227998,-0.052516772364020636,-0.030523575608334297,0.01604340081408684,-0.0022288063065504238,-0.0176035078249005,-0.008033019482313941,-0.04462073402153133,-0.01829296368221056,-0.015748065522622423,-0.012627326401160377,0.0023469882767757078,-0.02096087017382997,-0.0290729685435428,-0.02739520669218176
2022-12-06,-0.03272723810615319,0.000881545094562064,-0.007132534808340529,-0.0056858528886170046,-0.02439022120941492,0.007556733880800026,0.013636982127285924,-0.012290165258416308,-0.013422227915772966,-0.018551240619113285,-0.049498301345823226,-0.0001427101886989357,-0.006167193219607792,-0.0010066444048821843,-0.00299145397031908,-0.0047678532230228665,0.0011670995790182825,0.012151152760057293,0.019472854783047833,0.0031185291204463006,-0.02050734081955552,-0.022861539288713817,0.015868920440978318,0.013921377911131794,-0.019607800682256094,0.0019513973098193027,0.013820790079426715,-0.005274895812457325,0.01455805576426683,-0.035164787982867596,-0.007551310144748635,-0.010660335860322778,0.00968236598665806,-0.026354294341038975,-0.017278164317361844,-0.002958352164857736,-0.017843754701603043,-0.001111449349631921,-0.014990568268851479,-0.006097584377790843,0.011820376006952182,0.0022722081364541236,-0.009817190525271413,0.006507333441933882,-0.008954305716055044,0.00283334543431768,-0.00392601564770334,0.02992691046527396,-0.008257735042344172,0.018062114484138414,-0.015635148005810895,0.004436918202748608,0.01012676796200962,-0.005610633462532988,0.0023945356483385805,0.005475412463383567,-0.020106600515631734,-0.00220938010657179,-0.002328593765452469,0.0025689600637741616,0.007565237042321593,-0.035172641517853154,-0.008350635902713455,0.0033557014762590764,-0.00637083713804365,0.014819312557152964,0.036696018953582765,0.001281289847988809,0.0018834054726240002,-0.03946393705153162,-0.007230416413008034,-0.00415842436715308,-0.0011462168989671007,-0.017391318742257744,0.021333313642537988,-0.0011450312102631033,0.009367804960787929,0.057091911523398986,-0.004855552309402822,0.0001666681349505872
2022-12-07,0.01503769103196717,0.025536513084321255,-0.0038057175241534846,0.008718664668617038,-0.014999985694885254,0.0,-0.0002554523124945751,-0.0023928033547573335,0.0013501775936552995,0.0009001106382415802,0.0,-0.00684316864094936,-0.019934351194323296,0.009445765178787147,0.07388230212766711,-0.002135746842934272,0.0044036404745628754,-0.013951974184505556,0.00325295468385689,-0.005181190728955509,0.003356313062384375,-0.002144586418408645,-0.012600348239414583,-0.009252933277683839,0.0,-0.009942694903088856,-0.009845478281493403,0.006060408912330839,-0.00922434414582285,-0.02391786784308836,-0.005434803453420622,0.021550509163377196,0.0041952012063353195,-0.033082746447186784,0.001445291074698929,0.01775895395241145,-0.002303008288542241,-0.005563742947007455,0.006076011649116531,0.0,0.00467289251077152,-0.007226773875912307,0.010648886303001426,-0.004309984170785319,0.006023625527607823,-0.11864433834532884,-0.0041879084721740956,-0.027335471315798943,0.0036827050715446674,0.0052420479373056494,-0.012574307208236046,0.01409317587490233,-0.010275492718935464,0.0013019747525468972,0.014333399478398956,-0.01072613018069224,0.01066188321295658,-0.00374122892111306,-0.013615184314867634,-0.005636780583587964,-0.01092137847687813,-0.0434782359078989,-0.003040931796103652,-0.04682277741058127,-0.015866024389594502,0.000291931658936484,0.018809275200531328,-0.009323599674957883,-0.0002892576342181652,-0.003875909964270452,-0.025015801459381426,-0.006153984899628373,0.022661964263223755,-0.0035399158389753937,-0.03742385371080381,-0.011274773574183716,-0.0255221479283827,0.008016948189396578,0.00759000003659116,-0.010997977399929137
2022-12-08,-0.04074088541821519,-0.008264408736964435,0.0037772837315175334,-0.0006646785487425255,-0.02030460938141998,0.0,0.0007666231650735877,0.026385152697308234,0.005393087493174464,0.0017986023353870895,0.0,0.010048683517750456,6.557644902427384e-05,0.00786018501348229,0.006803223182794138,0.006575058864104699,0.007607717984066564,-0.0013161854113935556,-0.014216724593936303,0.004687404540404172,0.010831535100890077,-0.028135870336705282,0.028406626320541806,0.008736592058303128,0.0,0.010352827622779115,0.00045907400546885135,0.003012071150733542,0.008620460139630692,-0.008168097910872585,0.0,0.0037837343029607506,-0.003580834088373064,0.016329707912389857,0.005771905862554716,0.019519110451152066,0.009105045366652798,0.0026108718373181183,0.00016950038362861797,0.010429453021532975,0.0,0.007707379558812066,0.006903402040079776,-0.0064936778329866,0.007207042985093892,0.015384425206366625,0.001830487495623645,-0.010621769318974295,0.001754964367791434,-0.0002004049923497453,0.03150132358382529,-0.00808959761693362,0.013673662377404971,0.014304406381178802,0.023080481751657222,0.009930978972880311,0.030652833559152715,0.005364802260267254,0.0,0.00206118306865144,0.010606743398223317,0.0076922835811230605,0.007273495370256233,0.04561407676877738,0.004858461045033957,0.0026276823566169227,0.0002907526676914074,-0.004613453603395157,0.014752690301247595,-0.004669293216770787,0.0,-0.011499484968420015,-0.008695546366245255,0.018777293314691246,0.03074129834418171,0.008310829468476832,-0.040475907788642296,0.007953187894109037,-0.0018833523828052368,-0.005897270695767176
2022-12-09,-0.007721914931906104,-0.0056279064994164685,-0.0002566080211668931,-0.024232431713511082,-0.00518134234975598,0.0,0.0014468707172996531,-0.0063100366217689885,-0.0010316470922915322,-0.011669668800220356,0.0,-0.003126941606657274,-0.014138556653886303,-0.03998516796336393,-0.022081235643237607,-0.010018110307115635,-0.0046069292555133146,0.0032947658877167108,0.00860249390758816,-0.0021152786267840673,0.0029939492763606523,-0.020506668720747245,-0.003994575051818439,-0.000995492768920636,0.0,-0.010861563517203465,0.005963149477105301,0.009008917487661972,-0.0011109284182228008,-0.020000090084773214,-0.010928899668246395,-0.019531768079127487,-0.0038936199522127124,-0.013771947643789528,-0.0052605418823136185,-0.018813795140561473,0.003812317400561316,0.0032552283964630835,-0.00823914869274478,-0.006071553023078269,-0.011627950817908794,-0.0011327567451333564,-0.01867378663749708,-0.011982684565046808,0.009026825513582137,0.04671700405970158,-0.009136117475945449,-0.0659808166450051,0.004459454841225563,0.0012034553260023007,-0.007797300262609497,0.003136874089796571,-0.00199813996806697,0.0042735414260473,-0.010128881732315631,-0.003833367119831177,-0.0011586894940258663,-0.013721628605705694,0.028000489837820997,-0.0035996790405610213,-0.0037853119980406635,0.011797368361837757,-0.011724436890984902,-0.023489910333813202,-0.009780099580479651,-0.004659240985087076,-0.005727727892177237,0.002595668330345413,0.007269106276953208,0.0,-0.04514456822559221,-0.009395938807815973,-0.0087722392511006,-0.006475852763657475,-0.011403294639615535,-0.009584116592012193,0.004962660890161841,-0.003322494812287302,0.008086564042243838,-0.012203495605455306
2022-12-12,0.035019415612318694,0.015781531455986375,0.022584470037078308,-0.006710909643162455,0.036458361467036626,0.0,0.011302727455771766,0.014581506027339097,0.002168662291225365,0.0,-0.014778298716434102,0.011120760206645208,-0.00632214389312824,0.025403043711035078,0.009171864062692991,-0.0034829736624878427,0.010671114030523121,0.018390834382929544,0.005518851843761441,-0.007949342782946678,0.0007857166728302278,0.04351376243287186,0.025258178976979462,0.01963140596730506,0.023157922845137735,0.0188543458367898,0.0247757908247912,-0.01116068119468705,0.013091602464609053,0.036014349454470906,0.022099425972376352,0.011649414925146484,0.005411944249175349,0.015515888591014715,0.00024043549921404228,0.010642933424059642,0.00025311873913236305,0.007694485356990688,0.011949233757692301,0.0,-0.004705877865062047,0.019426793016881216,0.001746790095901174,0.008820497582038511,-0.006218517570074966,0.022316169778030526,0.004834538092334029,-0.019396635039896304,0.025051564096845835,0.016028959628295647,-0.04715136267065334,0.008130069914530358,0.0065080655570177726,0.014468124853985076,0.03209316366709225,0.014221232747421153,0.008507299719358263,0.004328383249074141,0.04923281654427436,0.01948387128921647,0.01727120051843256,0.034979439749695196,0.009820770282349178,-0.013745772883779095,0.0007768537343533222,0.03905798103754954,0.010635247359971789,0.0042528993849138,0.012310580803905014,-0.050039120033744666,0.056462580576560395,0.0255193037602226,-0.004852669139348231,0.010278350844931783,-0.010647925876196007,0.014902409920230175,0.08395055985224875,-0.004166604664954998,0.014705658671975375,-0.0015442088591517411
2022-12-13,0.003759445972473241,-0.0010711842191921672,-0.000920184080454578,-0.016330547565909015,-0.020100483246901613,0.0,-0.003949667940985391,0.00950379090515674,0.0012364209123156833,0.009082599974256755,0.0,-0.0011281080548601885,0.00030136401707503424,-0.015845017736365596,-0.0035050489410538566,0.0009319073230429353,0.0017808774759673351,-0.0032247761158050725,-0.0026613295792571323,0.004273563724985108,0.004238505505839374,0.0031472201259850063,0.0025800092847398925,0.007622966137207365,-0.02057611149904548,0.0016269622586566612,0.006674649276434685,0.0015049024174484948,-0.0004223734502620813,0.01969904449288329,0.007567534575591228,0.0014971366578695466,0.01495232833109128,0.005347570206894137,-0.0012017869227417544,-0.012369814548477631,0.010505100537685719,-0.0035879293611185137,0.007703764068232921,-0.010384854464180138,-0.03073288743610747,0.005842311966939073,0.01780285437550333,0.03387979708919042,0.003842199194779239,0.03480850957433934,-0.014384071565066714,-0.011233176610110474,0.004331022231841786,-0.011923668917158015,0.030240797187933488,-0.009925594393263015,-0.002238174559107353,0.0176172432977455,0.009914438632381728,0.00824815718659866,0.017446373131676074,-0.012775268373553472,0.0,0.004809645862635881,-0.00373518391878902,0.023856835854008107,0.003423448636277193,0.020905987313805108,-0.012752244736214169,0.0025341478475078283,-0.0061386998585144514,0.01031132608070795,-0.007548159282525724,-0.020576132333265162,0.03509343460007863,-0.024223307303343433,-0.01405640890734361,0.014640351479537683,-0.0026906562795084854,-0.005530213375873783,-0.025056828518329577,0.008368255825728754,-0.002371448210698679,-0.0024060064863731245
2022-12-14,-0.09737829967475287,-0.004612266478354554,-0.03755498995432982,-0.004150415448375244,-0.01538466146946782,0.0025000193129551818,-0.0016029403210734428,-0.011021621863933184,-0.012143674475601163,-0.035103456498672636,0.0,-0.0067757341418228645,0.020018783348591196,0.003705570206991471,0.0005725239230032209,0.0055286060009733795,0.007491897399321434,0.0012941104471941856,-0.0107623734025164,-0.0053191389693565405,-0.016101258260933116,-0.007254829350209935,0.001162319122299138,0.001939894937273312,0.0,-0.0007106614546874557,-0.0032417138399242207,-0.012020968611523908,0.0007604039471029722,0.08295427531152844,0.035407718295239476,0.004139198670932043,0.009133827772883851,0.0007598958205006223,0.0052935536456362176,-0.0013538434651966247,-0.0032564532830601234,-0.0034160503144262666,0.003068975524995299,-0.011728427475897307,0.002439080271815719,-0.010233727201576559,0.012434200755542468,0.0021139173415178902,-0.005796182043263265,-0.024515398852957837,-0.007699874264311624,-0.021733524331805976,-0.0035424385664569735,0.003217917330400555,-0.03735831160310732,-0.011486896306060812,0.01021925808934876,-0.01195370080021585,0.01963412048841673,0.0009815871321459113,0.02656854413666454,-0.013252083350171473,0.01779401621169563,0.0007553928838961443,0.002726787696801347,-0.012621339626637473,-0.007908815761302868,-0.06825940038461065,-0.0029205495227164757,-0.001404240989649308,-0.0022058233503295943,-0.01038831773611848,0.00436621599721887,-0.04621842476398963,0.014307902414946394,-0.006093565988604999,-0.027349295635890725,-0.0075813956368330215,-0.008992614021124612,-0.00690318762614095,-0.004672728896314204,-0.001244678559507939,-0.01082943954240978,-0.014297922819140774
2022-12-15,0.0,-0.004095078442853839,-0.007917066386269433,-0.01840449969822089,0.0,-0.0024937848027858367,-0.012506214616330502,-0.014395090572636993,-0.017605965577977,0.05223875485010554,-0.014285702012844737,-0.018618303103190126,-0.013948145158301783,0.0002545631636141632,-0.01144487924618709,-0.028089099052595157,-0.01840167051278363,-0.0103392347552006,-0.015409324897463827,-0.012834133144165816,-0.023832299246322464,0.009875498600548926,-0.012354954575169996,-0.007647602399822762,0.0252100587791928,-0.014831460128854168,-0.01359933766490784,-0.0022812645668121023,-0.013931214754612231,0.0293810553623417,0.01554410136105644,-0.00435135064459613,0.0040874119451697055,-0.041002274770296276,-0.03159407693268934,-0.007923650696630702,-0.02525754941611147,-0.014359816820595839,-0.012627989506839965,-0.014990616345227026,-0.02189784663362837,-0.009500913417211154,-0.01721185846230644,-0.04430365238724354,-0.031129493496643623,0.02220906876751494,-0.009027314999236813,-0.014390628395313465,-0.01190087793123984,-0.015437045157410512,-0.01871111279002602,-0.008874025665556617,-0.013570143302033544,-0.025865743397039287,-0.01619262332442173,-0.013729856499342774,-0.015969027711428163,0.008532115588282041,0.007304521551280363,-0.010446666579029262,-0.002039529408901508,-0.018354620181623815,-0.017975724886334588,0.0,-0.030302939817592245,-0.01040662300497408,-0.014443575976114897,-0.0213627154754632,-0.08862707881628962,-0.02202643097776069,-0.01042625410071174,-0.012488723303649918,-0.0035895422158913615,-0.005175152176554398,0.0,-0.02220498760074341,0.0,-0.027004652960374353,0.008544633115129319,-0.011010082029425772
2022-12-16,0.07468871332723781,-0.0011902893714111906,-0.0004386258922289832,0.0047718384521096,-0.02083331393077925,0.024999919671779613,-0.01788474206593993,-0.005889371041687963,-0.014210075476652095,0.03989360105654938,0.011231903320524372,-0.004344796079011948,0.005092357187999053,0.009036449708350158,-0.007235678391992129,-0.0017863756809174403,-0.001540911635230069,-0.020241532522042305,0.0075670968653340775,-0.009750725143393035,-0.016438758147406696,-0.007236554520321681,-0.019778772473735717,-0.02116855687485575,0.0,-0.0186636705611698,-0.02442678594454606,0.022865943287159185,-0.020035842315086816,-0.010193695729815655,-0.012244886043219938,-0.00022971098438728799,-0.0017446366351299147,-0.00712590275315883,-0.003212894542143685,0.003673179883248112,-0.011215725971275403,-0.00639170994704763,-0.01025413014627341,-0.0044388488564737205,0.019900478628265272,0.002256938542307685,-0.003922417561245672,-0.0011036967442371592,-0.0018166593919028973,0.02630057167992983,0.00547611539931836,-0.03611671919461301,-0.017675814237357423,-0.010995777026804654,-0.03672306982231344,-0.012150727336506129,-0.012006045348981531,-0.004710779216253291,0.0008897367419893332,-0.018230176334839254,-0.041223728700658935,-0.009478210163802459,0.010580116031731812,-0.009157849578176336,-0.00783373861806036,-0.02737901773904239,0.008436155045704385,0.0,0.004879248650389245,-0.01335788386686021,-0.016001346161825247,-0.003199232040591249,-0.0200031282695311,0.0,-0.037496156636408706,-0.007358092540739047,-0.0018012999400198737,-0.03096355599625944,0.007259453440493502,-0.013428156146005343,-0.06103312514739756,0.01665237615898718,-0.017209203480183177,-0.006715101380359689
2022-12-19,-0.04247100896350575,0.00368326050827128,-0.013555139913179803,-0.006394629725200995,0.01595743163077734,-0.029268254291469842,-0.01123984626883856,0.002843445447206383,-0.00516354677896258,0.041773294451387555,0.004657838951476201,-0.0024728545885656095,-0.016160026178134834,0.0007567600792923734,-0.02553122999017199,-0.0037187318396708635,0.002829311134308954,-0.0009997596951054621,0.008193233010906686,0.0005470104105413931,0.0023167568372821634,-0.020291348386109465,-0.005525834776965444,-0.00109622509500662,-0.005122970242039782,-0.003362382125239982,-0.0023041956363848426,0.005215776616704915,-0.011446121822072164,0.03913497378849384,-0.005165308797369428,0.0021856858993958284,0.0046608163661061575,0.0015949328408704222,-0.03248239869376068,-0.0004681503949088839,0.015254283261432189,0.0059599455544625535,-0.001081743888237896,0.013375798770586256,0.007317124513698703,-0.011822879819316179,0.002197830673720258,-0.001657557373029972,-0.0011374319225740948,-0.005571171742432268,0.007685535611580141,-0.00983247059986081,-0.0036623171329420723,-0.0010295144639725917,-0.0029328397290143693,0.010573694445939807,-0.010126431517084034,-0.030715226450497957,-0.04044425629779824,0.0020256200795354395,-0.000778050781726547,0.004902979213335934,-0.024232503661005378,-0.007959008789464095,-0.0006866112632484267,0.017851028930478963,-0.010417530595425828,-0.02564100100869393,0.016531867977577663,-0.007489332981204133,0.00911849831205469,0.00717398743327835,-0.011932859438413823,-0.052252243583189695,0.042176416241694215,0.005096225496199702,0.011729388105774285,-0.017126904391342457,-0.008108126421359385,0.022217602345953047,0.05250001116359049,0.005879848476031846,-0.0024247329514455185,0.022949701956092916
2022-12-20,-0.012096728009170166,0.0031302208042074398,-0.01898858293941441,-0.003575449800024222,-0.005235597192677299,0.0,-0.0036129125691913844,-0.006143630711515025,-0.004974049595527608,-0.026186631874464017,-0.051711793647819415,0.0010206226682987207,0.0035341224214007205,0.003025160775645741,-0.004316782600627955,0.008283311416190875,-0.0037189081885433684,-0.0003334943895370035,-0.0030475108512266758,-0.020229558236865564,0.0003301323402735701,0.01065739286515588,0.0025177721387690255,-0.00019967383149965823,-0.02162719230916177,-0.002741236601089714,-0.0010777282899464558,0.03706461967837771,-0.003093460933990211,-0.006937621051543941,0.005192127740464292,-0.04579920018179706,0.0,-0.017515944241944692,0.018708637701885467,-0.005279049341460618,0.026711121540281102,0.0025389367592818513,0.0010829153252724932,-0.002514139675465432,-0.0072639731179307,0.004700152632077348,0.002467040966777745,0.004980634978529741,-0.010475879132913701,0.010644434592964602,0.00015169297934236603,-0.0013418131797753308,0.010867861431204329,0.002679371795889063,-0.025735144842256696,0.008114610880761264,-0.002045891737681327,-0.0031688547358501573,0.02779035701140975,-0.0025268707117573896,-0.000778746447289369,0.000944371877221295,0.0393008108037014,-0.0034938401816833053,0.0017176343525113769,0.00539628497371436,0.03517029426846374,0.0,0.020584313699697265,0.008126252973907233,0.002409667162028839,-0.0005624212948620588,-0.010329032417483619,0.11882128760531674,0.04541245811581285,1.025708669111225e-07,0.0053507635855123414,-0.011443419840089897,0.0027247678584245705,-0.016839641463319177,0.021377834279880492,-0.00793317431352869,-0.0010799819349897044,0.001739220379946893
2022-12-21,-0.01224485063683689,0.014310138821628682,0.003354377124281216,0.005703446946854873,-0.005263152941442195,0.010050329286455995,0.013354504755491048,0.012601163507715007,0.01130201384941043,-0.016806707199696347,0.001880328993494107,0.015003739214733525,0.018413620205738557,0.005277758188189763,0.010516812652912044,0.018429288299190993,0.01673302026222312,0.01868531107669824,0.014265213762027829,-0.0005582802609033211,0.012213377912295043,0.0017907786114521596,0.016974210702010772,0.017064282828502808,0.017894744873046875,0.01194633811884338,0.005240576812602704,-0.013581041894591972,0.011614581743885966,-0.00798414242503842,0.002066064406905266,0.02682565967945627,0.018496636772759478,-0.001620782618829808,-0.0005032511920044502,0.005692246076152152,-0.00025018390188857875,0.018009640813922978,0.011441823597494905,-0.013862650826418577,-0.012195052453833122,0.007513743277687723,0.012760978581449978,-0.011563910442644931,0.0121977109026985,0.1363638538850347,0.01949391660062849,0.006180834639084587,0.02245036158913072,0.012333060966680298,-0.05660358963650991,0.002753618458626317,0.022296075875660293,0.007265946063355511,0.05182507967275085,0.021786771171469876,0.006624998067124466,0.015174251754646262,0.012295529171217234,0.0057135224590221245,0.008230420196033261,0.02884940039445838,0.022727175649608133,-0.04135343231767319,0.022955420938443716,0.01813731859579626,0.026742948051072357,0.012940789537700947,0.011400332313090678,-0.07306716881088082,0.0029550376380080845,0.002309485404064615,0.017740805702341822,0.006840451251252766,0.0009059912561166783,0.024098817731641464,-0.016279165310961075,0.005471452458884807,0.02135698833738675,0.015277686175840133
2022-12-22,0.03305765385396198,-0.00827404377341523,-0.015360892182067598,-0.003755478472764917,-0.010582000570312333,0.004975094596318286,-0.0048002144844228045,0.005635131727539822,-0.00322380374768072,-0.01965808085348797,0.0,-0.010045926706183761,-0.013338223274808159,0.006999795533036535,-0.006711770882955381,-0.002001913312891568,0.0036714621987234963,-0.007206062369472965,-0.01046463341863646,0.013958761684458754,-0.007989689580484072,-0.02482634633380465,-0.005790675983392113,0.00029420435276228396,0.0,-0.005850470140115527,-0.011039649366792914,0.010869453600334644,-0.012270035129825496,-0.019114670840475467,-0.022680440345851482,-0.0022259896562943915,-0.0060537093193269165,-0.017857087565263163,-0.011074653492126663,-0.00021269134424894975,-0.0007505304671989732,-0.019533795698446044,-0.0036582466179733153,-0.006389739950984241,0.0,-0.0035175495700324744,0.0011699194495109477,-0.0022282255086754077,-0.03262848712431354,-0.014634021485720461,0.002179425992366202,0.008547117498257872,-0.013298107786794855,-0.009137085341203388,-0.04320010102550653,-0.012462793412983064,-0.008022162392429588,-0.001352474962557082,-0.021850804286599135,-0.0061154817456382515,-0.00038742464956731393,-0.004027435308421867,-0.031625926584187836,-0.005939319491692574,-0.007483000149528074,-0.041082498394114486,-0.007457705371658907,-0.011764694882648974,-0.016884645157767775,0.00042408882742073217,0.0019022152578440643,0.000925888639450978,-0.021749545800606507,0.008249326658720246,-0.035945711708007755,-0.0027651809673354677,0.0005808866808465485,0.003919463947234192,0.01900453113859979,-0.005445270516013845,0.004728077962094179,-0.025115093208343486,0.01402869988791866,-0.008208006112795263
2022-12-23,-0.031999815044819524,0.012086980398492653,-0.0022024505426727625,-0.005051786823431881,0.01604276540816718,-0.012376333123547023,0.009383571406097468,0.02358162274559006,0.010349271186754327,0.034001689674717284,-0.005255220569523211,0.01232247455272062,-0.0010347393517242676,-0.006330609590732839,0.0060728583515392565,0.005297457017332086,0.0021442264276325673,0.012537141325707157,0.010744432945344107,-0.002753402541576744,0.015450337394538272,0.03625252458655237,0.015331881709466089,0.010200985044011013,0.009307151176609185,0.0072510081528118775,0.010542692327320857,0.005018073849396565,0.006477455741238591,0.020512955277788514,0.0010548765152658124,0.002818163339620927,0.013921335196719564,0.011570197126839377,-0.0035632489875776496,0.004043696563754695,0.01439809895760047,0.013814368394672316,0.002541858264798469,0.012861723910736922,0.007407341125519329,0.011719599572149075,0.0055736198950218085,0.010050109980646482,0.011282398320151765,0.21287133109173917,-0.007265968423262881,-0.021716018973847562,0.021313139031977846,0.017213070728636426,0.0158861000630246,0.020748568711568716,0.011372320114959145,0.01489837363118296,0.08366178055023199,0.01579904832562673,0.0036795483618843328,0.0065320198684193365,0.011714564415388873,0.012209524486991086,0.012337315125762638,0.021421321706353913,0.014648070904535793,-0.04761900256640572,0.0066481501869433135,0.01384961476393709,0.017964182009446716,0.0036992840828438123,0.009574733587168982,0.0009091117165305196,0.06632023496295836,0.005545491553335946,0.008420687835229757,0.008589294533965397,-0.0435170208659339,0.016425583479964034,0.011764858956411217,0.016316065233592747,0.002610090441147017,0.010172577577814534
2022-12-27,-0.00826446449697471,0.013633444554017604,0.009702947003752627,-0.00200827967647621,-0.005263152941442195,-0.010025003911680153,0.0041702590138585904,0.01505458130277515,0.012590793555794066,-0.042158517240639015,0.018490518995670335,0.009451330827996873,0.012162572384671222,-0.011242820097123074,-0.019936188766269014,-0.005773197899434757,0.006167641766713361,0.007494273323756406,-0.0011718236645167357,0.01104387985628108,0.0016187321662912701,0.0009828779855767245,0.005820895833982709,0.0066026876115883315,0.0,0.007303124619777224,0.009818843713951253,0.001426240159022596,0.011284459865315899,0.009045289294554504,-0.024235990282772013,0.006205221929751925,0.017162357019841368,-0.011437858845290472,-0.03473841555204671,-0.0006359924567679309,0.031227003253781804,0.011494274433011764,-0.0002816915811428844,-0.015873015873015928,-0.007352875865728303,0.006978494881994646,0.002324376606982259,0.03427295202987968,-0.018594114674929885,-0.11755111492053671,0.007219731316862932,0.018949801725483217,0.0004603215521477022,-0.0022159544727133884,0.03539119315211181,0.0033527472686307735,0.006496682034281109,-0.003558578501216214,-0.014955512041067265,0.011951346533328078,-0.013505684865988243,0.005639611719070015,0.008187098809850246,-0.002823091803021649,0.005077750026528438,0.005991957135198067,-7.508820350499157e-05,-0.02916673703325845,-0.00010989832945695888,0.00738769265419692,0.0032995907878099473,-0.0049759829591573546,-0.000321366521788935,-0.0018165719662026625,-0.035826885120865404,-0.008731700611487425,0.0002880024020006644,-0.0059353851271598534,0.016713129666060533,0.004232379701235578,0.0,0.0021123011639743172,0.0218694904398562,0.002730718381372732
2022-12-28,-0.02916672412895238,-0.02387658873439913,-0.010065199245806733,-0.007479287886325903,-0.021164001140624777,-0.002531595969523126,-0.004412503409047308,-0.012584116911728782,-0.0069548555052246774,0.02024652313923747,-0.03149311847684266,-0.004681357394676677,-0.01634098767862413,-0.0069490606080071515,-0.014356280067155391,-0.004267541738893099,-0.01401050333830689,-0.012936583241760613,-0.0049440907140133605,-0.01966162085963641,-0.007756971669962032,-0.03926956729697406,-0.008471177790595585,-0.007427510176609031,-0.06762293359984095,-0.006007293472447328,-0.012154386051686172,-0.017805988249346982,-0.015168896504931362,-0.023904613086376925,-0.011879115295102438,-0.013730621208764004,-0.05089985690647825,-0.008264494075791107,-0.029372812099133006,-0.01213231070821652,-0.00897654990838348,-0.013654716156584423,-0.004339556824961344,0.0,-0.022222258851686716,-0.01316721858612202,-0.009275720295671697,-0.034206204777603944,-0.02237993236982394,0.08695641802338949,-0.008601544252342053,-0.04622768783498843,-0.01779117220026294,-0.006864469912119753,-0.022257709359219557,-0.011904752995902435,-0.009682121387350584,-0.025446507107170446,-0.027492973461404557,-0.008412719804381852,-0.0064540777815406125,-0.003456799227191887,-0.0052203824150061084,-0.011581615740769546,-0.00842032870711329,-0.02084709381473082,-0.014661648512808823,-0.05579394003393934,-0.01882439013650028,-0.0085787895671533,-0.009295013473685443,-0.012224367643884237,0.006592576836593533,0.005459546939607929,0.020511369022752524,-0.01135840924617837,-0.007484330512651849,-0.015057307412982612,-0.07579902730676336,-0.016283528564864258,0.027906766601376587,-0.01728508536469997,-0.011210328036941886,-0.004595711873413788
2022-12-29,-0.06437775246978228,-0.005340596172738521,0.010029453599274207,0.006655841079010516,0.02702700090373522,0.010152223666242799,-0.005040559325210747,0.017523706335896838,0.004244555357263868,-0.0025884152352226852,-0.013006920439637026,0.013255303650503647,0.008792815070155058,-0.01119592875318065,-0.002420338970534397,0.012035260884858179,0.006977941820214495,-0.001310647198729753,0.01827510090292095,0.008913632469239374,0.013355001756337748,0.05252392442967713,0.008120481418074643,0.009135185488914566,0.0263736001162016,0.005418402299814051,0.0018356107512158548,0.015228424042697197,0.009914186503694022,0.0020409199746802553,0.043715911353102266,-0.004483183631359022,0.012147949499534683,0.009999990463256836,0.0010907436730469566,0.0016317726305739022,-0.0025364101904840064,0.012543003700053346,0.005094458422113313,0.029032245759041064,-0.005050500185316276,0.008286731478101217,-0.002340698069813074,0.004980634978529741,0.006783031442274101,-0.04931571106479493,0.0026926361854253678,0.052089465003183566,0.007629933566498215,0.01667003497017694,0.004877894525946669,0.020291767407431438,0.00827269533018149,0.025652547840872453,0.013439228732345265,0.00881068307556987,0.010433022094313404,0.006475233917414336,0.01690958540224119,0.004166067256505368,0.007472688304666297,0.04055426687230024,0.015183635568766896,-0.004545450112051319,0.013575399127746968,0.007536719280084148,0.013135287877493296,0.0035627408105280978,-0.0009582984823314211,0.24072396393643958,0.05301484409412005,0.002813598744726198,0.015951136281883604,0.025566928235042807,0.030632316911312962,0.011684530408478278,0.01809967325616313,0.012012127865155486,0.011594927862663695,0.010431007768344047
2022-12-30,0.07339452036045091,-0.0028997556306020744,0.0023686220767933364,-0.0019761667339033284,0.015789458824326585,-0.010050191870484948,-0.021137059026342442,-0.008275292058355532,-0.022083724011476513,-0.0008650716711796624,0.003100788082978978,-0.010550112151414659,0.0,-0.004583837333549279,-0.01036607776021714,-0.012994400890506852,-0.007307661963029566,-0.016076021924926076,-0.02257872082981971,0.009387304824811205,-0.02539366116321784,0.007572744194703107,-0.013844564930825531,-0.008185778483294381,-0.019271980967356606,-0.012229215903152957,-0.012111672136823515,0.014285668622230796,-0.013936266852856538,-0.003055044687526265,0.013612577156494776,-0.006281176487610507,-0.009074823155444944,-0.009900980750178201,-0.005719013786719129,-0.007202674326366898,-0.016951050654566924,-0.010368885437072262,-0.005125044032921577,0.0,0.027918815207329084,-0.019362190689660275,0.0011730568984271716,-0.007709079054214585,-0.05353718799167462,-0.006320086501347522,-0.018847241296201522,0.006089633043077081,-0.011709620917393693,-0.007798454274055677,0.026699222585783833,-0.014087421345424178,-0.01665866678238781,-0.007592583283402843,0.0508758552307067,-0.009057263125765491,-0.0017534508592430553,-0.006510297088621386,-0.0037843373074430975,-0.014132034397804527,-0.014834666535045615,0.03475153176382717,-0.018321748470585764,-0.01369861671503625,-0.019149531886797133,-0.010804674499475975,-0.018948637039475247,-0.008034473497653294,-0.010553381074574486,0.03501090743258706,0.01936367686571394,-0.004676105134951425,-0.003425470086918958,-0.004626131432407754,0.0009587629675973375,-0.011357164999051372,0.004444501959680602,-0.012717243988230598,0.0035660620328530346,-0.0013540241528003927
