Date,ACU,AEP,ALX,AROW,ASB,ASRV,ATO,AVA,AXR,BKH,BKTI,CHD,CL,CLX,CMS,CNP,COKE,CPK,CTO,DDS,DTE,DUK,EAT,EBF,EDUC,EIX,ES,ESP,ETR,FRT,GIS,GPC,GROW,HSY,HTO,HVT,IBCP,IDA,KR,LNT,MCY,MDU,MGEE,MKC,MO,MZTI,NEE,NFG,NI,ODC,OGE,OLP,OPY,PAI,PEG,PNRG,PPL,REX,SEB,SIF,SO,SR,TAYD,TR,TRST,UDR,UG,UGI,UMBF,UMH,UTL,UVV,VLGEA,VNO,VZ,WAFD,WEYS,WMK,WMT,WWW
2018-01-02,-0.017948319181864236,-0.01576745430375881,0.007275297265029623,0.0014727087751245094,0.0,-0.024096148736990397,-0.009896299193630442,0.0001940450455706344,-0.015669534731236,-0.016137013656839838,-0.028168975799130358,-0.014749755963733735,-0.004108388490790871,-0.025211487992872317,-0.007399781847147735,-0.011988661110235554,-0.01848920033777557,-0.014640849214150431,0.007874175973182851,0.009492263276121626,-0.009226968880891251,-0.010462813347508315,0.015962748537156957,0.021686490433583616,-0.023746749884402063,0.00015791200588766152,-0.00047485954659665097,-0.015442111698404482,0.014866536810786757,0.007078221593324274,-0.004216426661787787,0.016524686181187853,0.33333272228952615,-0.012333567554538294,-0.005639983601873455,0.0044150460185503615,0.022371351910038806,-0.016637575640021995,0.030965305707185697,-0.011734212466347538,-0.025449246293838712,-0.005952474492201265,-0.011093543941465223,-0.006672546133732915,-0.00938250409375807,-0.0038699591538067235,-0.007042989616095063,0.029138493590192827,-0.012076452381437175,-0.0195184488382959,-0.007292612273584909,0.009645163715060967,-0.0074626621770971235,-0.006317081824259607,-0.009708680864629504,0.0,-0.011308798929645647,0.02017154250089548,-0.008639509650978816,-0.022556404994930057,-0.01913071833794311,-0.013971965440154666,0.0037257966058574787,-0.005494465297155027,-0.032608824190248686,-0.011942053918311268,-0.018918884225463617,0.011288197986403459,0.0025029789716586315,-0.02416124459342117,-0.016878452963824953,0.005714429273251609,0.01351933685514184,-0.01100047500555923,0.011335234402151562,0.0,0.0501346988278617,0.015221196083998523,-0.001620406376590111,0.019447840262242888
2018-01-03,0.06222783160026979,-0.008424201541168852,-0.0036865825956807763,-0.005882089856198536,-0.003936930600762167,0.012345746136656066,-0.008231912494755966,-0.0038836161591978557,0.013024624395845175,-0.008792753062032532,0.07246379391220392,-0.0064737314645666455,-0.00385960337550062,-0.010759591463061824,-0.006176656358397259,-0.002141487193097591,-0.010791661399878305,-0.017441560778585163,0.015155974755191925,-0.020455358711580107,-0.0032272528994408134,-0.003123850347032553,0.01672597890926597,-0.033018636960503556,-0.04594597036470227,-0.007904809778751631,-0.008867556639599372,0.018652306689182163,-0.011016775383737909,-0.0037385508964243863,-0.005250848606291991,0.007454867580257263,-0.07884588284222571,-0.004192305926541073,-0.009453240581722033,-0.0065931993623230545,-0.008752593906522721,-0.009572323112497783,-0.015901125869572708,-0.008786636731776709,-0.004800173100014016,0.001497344033250192,-0.013621955772414762,0.0023706747942908724,-0.0036752295339579355,-0.0025638187362340137,-0.02121357241766053,-0.002831383745339977,-0.006309088557834186,-0.027524978959208024,-0.00030624503853216023,-0.00802455307167771,0.013157938063715013,-0.009535816956270038,-0.005098313321677872,0.0,0.002287648111328533,-0.015510361977323917,-0.00573200353829062,0.04615387549767136,-0.00572386836121852,-0.02091769345595229,-0.02821084683799624,-0.013812159190282336,0.01685418102550984,0.007357073712876527,0.025344337751565416,-0.0023167955237494153,-0.0027739609294500367,-0.017193749507043,0.004459073328980212,-0.0047349667617053726,-0.00043494032736746124,-0.002845251721414699,-0.020549134854560225,-0.005839538202027206,-0.02274922161074311,-0.020466472201328356,0.008722977624585848,-0.027076724617891346
2018-01-04,-0.010651575143997616,-0.011838472892959695,-0.011050598785308674,-0.0029589033090959838,0.0019761430122022805,-0.012195187448330036,-0.004267932858269097,0.0015594818734629978,0.0028571401323591594,-0.005970803305040406,0.0,0.016900791225479717,0.006413052297821187,0.015757040896760666,-0.011144271850745291,0.0010728226292560095,-0.016698484392173474,0.0,-0.006464197730373766,-0.035870546435295636,-0.016651240462233763,-0.007834387837957313,-0.009969826336188481,0.002438917303227317,-0.033994628174553676,-0.00733077418902095,-0.01405983480465589,0.0029128163711968913,-0.014077413301381791,-0.03534728231797779,0.011578440345135554,0.0011303385560925694,0.018789073941750223,0.006986550262442881,-0.016701086771776952,0.011062069136235753,0.004414709703528752,-0.0075300445178049236,-0.031238703910322907,-0.011739058913234124,0.006559715057018245,-0.006726987485600522,0.0,0.006307405813464229,-0.003972877467296132,0.0019472814985741493,-0.005138181743646664,0.0028394232421540266,-0.004365031560740862,0.01718468089401526,-0.0018371088938839986,-0.009630370402643917,0.01484207999177567,-0.0019251826370463299,-0.02936536722003491,0.01262138885201769,0.0026083980067237444,-0.0007215352287769372,0.008688945337815834,-0.04411767387060073,-0.004264601879763852,-0.007581135937532513,0.02826584272315169,0.011204399419833422,-0.033149180386797816,-0.02034439648834474,-0.0032239402849789656,0.00485550852160066,0.002086242586475384,-0.006997938771091561,-0.007324787181232861,-0.007611929859120181,-0.0030464748372011075,-0.029831142528559562,0.003242359873295353,0.0014682256995652843,0.060655639042842546,-0.007288520529997955,0.0009046289743388503,-0.006957819483481176
2018-01-05,-0.02537392158047902,-0.002114073470133815,-0.0009674884619597091,0.01186948882100336,0.005917351284950412,0.0,-0.009407151328985619,0.00797983425347426,0.0,-0.014758858072354775,0.013513553563602176,0.002602957946796991,0.0011946455469358241,0.0002745492444002906,-0.007152170714024408,-0.004286866567102088,-0.01707944896052782,-0.0006576371924746915,0.014562123738869337,0.01921411369719417,-0.000941134156575929,-0.004615674923831081,0.0007551573207906781,0.017031508787018534,0.02639321379662607,0.011077145766772878,0.0017825725598286102,0.012448043556102517,-0.007697904686107315,-0.001400357496223581,0.00858401649295204,0.0009241676514626374,0.0,0.004803697310625354,-0.016176116473175628,0.013128833360496195,-0.004395305704783858,-0.00702034788039585,0.01260226373996809,-0.004121523310568809,-0.0007663498877551467,-0.006395531248728381,-0.001624554056476657,0.009793456691604474,0.0028489311570627507,-0.001010518547905015,0.004568658617131183,-0.0076089877562770525,-0.011956878074519506,-0.011676794309407268,-0.0030675115160049282,0.005445465666543026,-0.012797035049585959,-0.005145076392966019,0.008325007950212182,0.0,0.006504253524210579,-0.0009628104893385503,-0.023630171304852232,0.0,0.0017131695145722325,-0.004166441920786412,0.02154531656992109,0.0013849073541312151,0.011428615312113699,-0.001331194577110173,0.005930018671006954,-0.001050242604823226,-0.0013882790967111314,0.005637824203647446,0.00022333639812788242,0.009689914466417093,0.003928702696650799,0.008556302548136552,-0.0022810635566788973,0.008798020563987485,0.0009274156933327671,-0.009789527186904623,0.0059276407511881235,0.00859881843703425
2018-01-08,-0.02688903163571832,0.008757038373862214,-0.00468793152692959,-0.013196734158583467,0.003921287510103566,0.0,0.003125365054029716,0.004054895340329656,0.004273534172344773,0.007664166268402051,0.013333138387308985,0.0073896919060933985,0.001458462679367889,0.004871522111773441,0.011569383369475661,0.0060997198088330595,0.034406415867927365,-0.0019732724696734927,0.01878162982163034,0.029819716316788814,0.007344828252888291,0.003172898790578582,-0.04679245070606941,0.004784940594715348,-0.037142685535719866,0.019371313301307813,0.0069555316360288,-0.006147497461884699,0.011511007347795532,0.012075442896344768,0.00333809758376602,0.004922983163196504,-0.06352435750466057,0.009737882607846693,0.010851900938267267,-0.0388767573186124,0.0,0.004675118273333334,0.023791703616545812,0.011197755546854316,-0.003453198333907448,0.007572902293584205,-0.001627345500950117,0.00106659995757874,-0.0012785119716166582,-0.0019456711680344574,0.0082393739615223,0.008024144370375463,0.008471386439111273,0.01734508521582967,0.007692375239645388,0.0123792692743101,-0.007407298639705906,0.014867585706511921,0.0030204916706131346,0.0067113799401790075,0.0145394654057871,-0.0093964665039733,-0.011794117917440339,0.0,0.00897821548219535,-0.0006974711028838732,-0.03563634699041196,-0.0069155268463014785,-0.005650160787515346,0.0026661473595017693,0.039656826941622425,0.007991277847077871,0.001667834811903024,-0.006307032127115919,0.011401761885475592,-0.00287917724361364,-0.009130456683937194,-0.011399940446786938,-0.0017151995464607106,0.0029069305491371544,-0.04570718973189958,0.025210021133103666,0.014780850577084115,0.012945995499595186
2018-01-09,0.03552623863223303,-0.011761345126776401,-0.007807400390757113,-0.0014857555066751793,0.011719130352935148,-0.012345746136656066,-0.010305340409450303,-0.008654089453832947,0.0,-0.05306829095145604,0.0,-0.0009914653309153199,0.0014562768103629775,-0.001911733279005734,-0.013595206520330638,-0.009985779870935407,-0.016511577261386745,-0.013184486416732644,-0.012440006061814057,0.01647558728879095,-0.012151794239162461,-0.01167891883189387,-0.021905694244778173,-0.011904773728544593,0.03857548255359666,-0.010592127091446524,-0.00755022794770599,0.007422606890897132,-0.008906359771860828,-0.034408427656761775,-0.005198315564278522,0.009900029223461004,-0.06345766887961124,-0.0024549977490423425,-0.03578409581226394,0.0022473218858811705,0.022075039741105362,-0.030419510858323395,-0.00715024147880694,-0.01516602531942668,-0.002309803972687652,-0.007140296492861298,-0.023634786760013626,-0.0009684851385803883,-0.010524565661346075,0.001403614212689419,-0.007321916807751627,-0.005130155460092323,-0.01200022074640228,0.006424817473734468,-0.009778752642201294,-0.027512530806670932,0.0,-0.005095206136231378,-0.003613654695914903,-0.07619047619047614,-0.0022291886191381227,0.015079675123066183,0.002245480777111286,0.03846153846153855,-0.012500315433067843,-0.009071839202702603,0.010558023169826347,-0.005570918984090789,0.005682266506916944,-0.009651967585255217,0.0,-0.002920785010201321,0.011517158659797078,-0.009167811982664142,-0.013925957013361967,-0.013474342132364314,0.004826673695332628,-0.011397458553821682,-0.0036679844017593055,0.004348005884406092,0.006796264199081303,-0.028447297232418567,-0.012006850502464417,-0.008416407645006396
2018-01-10,0.016518470283581,-0.015302018355419666,-0.020433565252689023,0.010416849322457677,0.015443909385305377,0.012500068812911103,-0.02167347707848799,-0.0009697262917093274,0.0,0.006206744883825888,0.0,-0.011906873452262157,-0.010840724361983356,-0.011836461850101232,-0.01597025803489982,-0.018011899472183956,-0.0015567356941851296,-0.01870412206576344,0.012293054314387986,0.03912893797506678,-0.009841066123312925,-0.013909388993572525,0.0008095829758820727,0.002409378087254943,0.022857362220394917,-0.01070517427891493,-0.007445656630182262,0.0020466495080950775,-0.007987965236142203,-0.012755089507393791,-0.011632348330201547,0.004547744650874375,0.10514044010684565,-0.026014837929437706,-0.015688316720235407,0.01121058257111418,0.021598145119755552,-0.016155635833601134,0.007922269089024603,-0.01759967170965504,0.01890797239538311,-0.01400441967522792,-0.011686338838626908,-0.014934330082072123,0.010349209310211549,-0.013236942153691755,-0.00823256469069722,-0.024893277597740626,-0.023076935599135928,0.01816836841659142,-0.03769487842429453,-0.015717049776241887,0.005597082639901219,-0.01024376814158734,-0.004634402756740097,0.0,-0.01372525954108672,0.0004791793488096996,0.004007408088859465,-0.029629601372612835,-0.013945308081930285,-0.025352073895215654,0.0716417959310558,-0.007002839293247964,0.011299477925673429,-0.014347331437669641,-0.015464040195099837,-0.009206736667802362,0.01879238414509632,-0.009964426881900912,-0.024209522965064734,0.014633982683290414,-0.004803488822188617,-0.014512501694459279,0.0015501796242645138,0.005771630295604568,0.005464421279168352,-0.02729540232947547,-0.007171930015891337,-0.00345788191980434
2018-01-11,0.012083604818412974,-0.011079021074470785,0.010692934325279513,0.011781835478902325,0.009505416998721206,0.012345746136656066,-0.009900761270644876,0.0023298754264404753,0.0056737533008290875,-0.0023584593451874136,0.02105278953385903,-0.008435401774090079,-0.0036088035925690987,-0.016893818541710015,-0.013117147326040746,0.006236665718111878,-0.005946087515133591,0.004084287442125634,0.013193786392653006,0.03986113740176944,-0.006785035369761161,-0.010360556174228597,0.013211412086129526,0.02439037935807775,-0.027933028442656105,-0.008275007421836067,0.0032615334443062416,-0.003267930409598385,-0.0039000558640169825,-0.005087178498024092,-0.009210152100482816,0.025150911717621405,-0.0718817130150069,-0.006587550888616844,0.0035991050848187545,0.048780491450056696,0.016913155959769055,-0.00892452658194276,0.003215413991246363,-0.008708939513491498,0.0026510708671325656,-0.0026873935366075186,0.008446132624795322,-0.005709750674631087,0.0,0.006549638112079537,-0.0005975136189354524,0.019875911877822228,0.0,-0.0012058221550313997,0.01165446131354586,0.01756461669823639,-0.0037104772337593905,-0.00582128551815464,0.012145964981861379,0.0,-0.0006467340376141717,0.0,0.001641946580272613,0.0,-0.0154481820582143,0.001445337578822592,-0.025069614574109722,0.009872753694644354,0.016759779865215707,-0.009063291406351759,0.0015706160578927708,0.005279605506754104,0.02100480322179732,0.006470056944941183,0.006891889251805949,0.0048080159687551305,-0.005265316488045624,0.003028102832995261,0.008125412028867851,0.012912666848285514,0.02173898734456503,0.020663235026608273,0.0035114058903140677,0.0022080084701752156
2018-01-12,-0.0024702927153977816,-0.01847814023641503,-0.007583216233218115,0.008733684374137463,0.0,-0.012195187448330036,-0.0020003946206630374,-0.00019355643700980085,0.0,-0.010001859532986157,0.005154450955164647,-0.007089473947102132,0.0009391831444105492,-0.007253744335520951,-0.00856028069287762,-0.002187548970648101,-0.016915444946483893,-0.014915065904081426,-0.007695019063923558,0.06060596052203171,-9.639581826081933e-05,-0.004793334482520284,0.010643784982202087,-0.002380995408333031,-0.040229972823319304,-0.014441520605400937,-0.002763589082195317,0.010655621226493217,-0.011999798049465937,-0.0032464001593748293,-0.004131691070023091,0.013542681547308533,0.030316848070512936,-0.007448387420452507,-0.003073692557439167,0.012684944991743441,-0.006236906515110663,0.000360362871359321,0.0021364422230745195,-0.007781222934295395,0.013975367056713095,0.003849399504024076,-0.011725336886867277,9.884451907593572e-05,-0.009674283793008942,-0.0018816784109836338,-0.0011959907967368233,0.003754728486398795,-0.0024864943002781414,0.017141595267043064,-0.016319935082188985,-0.0035306119439898476,-0.003724639537443175,-0.0019522164311154278,0.001999665596973399,0.01443300542143211,0.0064763352888039805,0.014249819965562294,0.0037361368398818318,-0.021374097594804353,-0.0090607068064249,-0.005772323876213403,-0.0714285714285714,-0.0027929546504815717,0.005494233077146804,-0.01053243387768632,-0.0015681530914659625,-0.005462014804200277,0.0032966727990122457,-0.001428559010511421,0.005475795542022599,-0.011483229857190747,0.018526268875380225,-0.01317250036810258,-0.004797498644152687,0.00991516967488626,-0.004067508906890893,-0.0024993758154968626,0.008498446982488694,0.015423216597221456
2018-01-16,0.0028889149071269493,0.0005929082452162948,0.0033089134163719613,-0.014429815686721303,-0.013182515438671438,0.012345746136656066,0.003256735030911395,-0.0021313158177339586,0.008462615160542697,-0.015062583881564673,0.0,0.004692268504169039,0.010720946057751535,0.010286490267555903,0.0056805583827967965,0.0054804596187933985,0.005885042489600201,-0.015829062817101613,-0.0008945527672510334,-0.031285779815118486,0.002117165253690212,-0.006083729601106258,-0.030279134733492752,-0.01909312271250896,-0.02395200360418226,-0.0014652057380719619,-0.006519879118743077,-0.004460694891372907,-0.00703139469963765,-0.006188102749500768,0.010026016091700951,-0.004647565707109225,-0.13053086155018234,-0.008968561443866707,-0.007023174173960478,-0.02922750321061318,-0.016736349820302254,-0.0008399246424486417,0.0039092542857308565,0.0007592198206181067,-0.044328633483765145,-0.006901895208226483,0.0008473452379329505,0.0027722395219902385,-0.009912155607466944,-0.0001569561713905543,0.0014635792283599347,-0.00694689355198963,-0.0016617253064498128,-0.02159988194403295,0.007807109997059358,0.0015750850812563666,0.003738564342004702,0.003911521289647668,-0.010977972238986111,0.0,0.0057916738935750445,-0.013459238158574083,-0.004210628009202244,0.006240243807365431,-0.004014434908311881,-0.007256781466170037,-0.0007692483755258328,-0.0028009922679358423,-0.01092877256151037,0.010364258833744477,0.005235824471878647,-0.008449198218337228,-0.014327028277324905,0.0014306027109045605,-0.004538667361367543,-0.02904195479911731,-0.007795587250772007,-0.009872167260581599,-0.003856477374967082,-0.0014027427884752974,0.0037699929840468993,-0.005512220405114787,-0.0017845633653730264,-0.005889512947261477
2018-01-17,-0.011933964508476835,0.011111085057634362,0.002119934400845791,0.0204974187729694,0.0019085577079547278,-0.012195187448330036,0.008988741368589404,0.002718205513530636,-0.0055944001845459335,-0.002983810773297013,0.03846154711299121,0.01218265078465186,0.016706381822618077,0.013411964746286698,0.006552165743131777,0.013081215253925471,0.012692763222717618,0.0013984132633473312,0.0034330972821305927,0.02300572941597845,-0.00048021400457232133,-0.0001273160237524884,0.00515885284123363,0.02676432239316795,-0.00920251629312352,0.006195891314133117,0.011485085167175502,0.008146481044877252,0.010815148843914546,0.006144534866450391,0.011809002316318207,0.006614841301572971,-0.04071244217389347,0.005910122182390287,0.018802881436893237,0.008602289411655972,0.006382986250923928,0.012972785060080927,0.014867272462081305,0.01263915006689631,0.021633087339383295,0.013513367417711919,0.011007778951596547,0.013426954712175698,0.017846781689221825,0.008719443054510112,0.008901307551721027,0.007354238208311381,0.0049935782807111195,-0.0014554884816105895,0.013557459434630603,0.01690217460611798,0.005586315454399582,0.0,0.01453097507672485,0.0,0.009916848850517246,0.017233108786181894,-0.00021390549351385513,0.007751967785028402,0.008733000362853405,0.008771838840827328,-0.038491147714389884,0.011235799081503073,0.016574472335513013,0.0002774128513465257,-0.020833599014447257,0.00255597672144825,0.013868907635649075,0.025000242882643686,0.018692094376762114,0.006979199606132358,0.01396783482158881,0.0012640971619779506,0.0011614801748469628,0.03651689783954426,0.001877962140152567,0.007054512435834104,0.01996236539583962,0.015279080512643706
2018-01-18,-0.005414486046338429,-0.006593421226166241,-0.012744862636670518,-0.01721660186698748,-0.013333267389412096,0.0,-0.0016082197386844133,-0.0042602608855603075,-0.008438810359049032,-0.004676272050250341,-0.0246913272718825,-0.0076227222560733,-0.0006520885904662821,-0.008176599393266759,-0.010101196870111462,-0.0017933149433312368,-0.006315684548960809,-0.029329649239984712,-0.003718695392677107,0.0018740672140107328,-0.005956244840434111,-0.0136461908810247,0.006753178899808088,-0.021327319664887656,0.050773916167402566,0.003402836262506481,-0.013625379439141438,-0.01010073934320821,-0.009171274363531157,-0.006107010129778212,-0.007780784903925531,-0.005315101555148916,0.0503977506422828,-0.010465573766017644,-0.004741221112970817,-0.004264496510817506,-0.002114240621785557,-0.007352248750757795,0.013603117632341233,-0.00948581603855192,-0.016787264395402457,-0.015238185217750444,-0.010050441071890681,0.002532652479819264,-0.0017108577213076348,-0.009578578931864534,-0.007242855103035906,-0.014066813895180608,-0.007039146374077432,-0.010447006126470648,-0.002229626147706054,-0.021646596897028747,-0.005555281897283382,-0.007951725693661205,-0.010543280106193653,0.07784548693020388,0.001266975074576182,-0.014588254713434279,0.010798692909795626,0.07692307692307687,-0.0033295303125026043,-0.012318618714679541,0.0008006588522893043,-0.0152777903237864,-0.010869376190810742,-0.005543265086156546,0.01276606094461874,-0.015724435984836305,-0.013415943708141365,-0.022299851529211212,-0.01163600275928145,-0.02574251544492756,-0.0043049176641249964,0.0005608585433654056,-0.0032869075683750193,-0.006774993846682231,0.0031237076464749602,-0.001751532030867975,0.0155791832353942,0.0003071876993883116
2018-01-19,0.005024944327998604,-0.0005897843950971593,-0.0024341932025250257,0.007299457222158079,0.011582781660114394,0.0,0.0017349313246755038,0.0013617438910993318,0.014184383252072719,0.008457108468137076,0.012658267205902352,0.008893967784921575,0.01135318423887366,0.005030270980606044,-0.001133439607342468,-0.0010778340619311821,0.021235676311874396,-0.005755199422154411,-0.0038818891139451583,0.009496574198897045,-0.0030926774548853952,-0.006723783059088717,0.027904360243896642,0.019370505288364592,0.0612846770281541,0.0032301068638369568,-0.00032893901537700554,-0.0008163412116204416,-0.010283965511142745,0.004588137600945563,0.007671422750693102,0.011755329127157266,-0.01515140353277411,0.01465836059560166,0.02500896786895801,0.0064238518271444445,0.010593270253566045,0.0017919651830917704,0.02271154218485938,-0.006804381902859036,0.008342783869187631,0.008511045238777548,0.007614281535940348,-0.036148243746026654,0.0155650059263579,0.011165132753953033,-0.00411187476788577,0.002708982230679169,-0.0016681713884189042,0.04075584779108632,0.0028728698935944763,0.013828392163630854,0.057728092643229534,0.0,0.00120621310176805,0.0,-0.0006327294444719023,0.015162396867740124,0.01555556712197892,-0.06142854690551758,-0.010245418988299448,0.0036682436438637556,-0.0008000183105468794,0.01551482252929981,0.005494233077146804,0.0025083449329124097,-0.025735138609935815,-0.012953566348708034,0.007865269706051059,0.007840222692571341,-0.008149965545079518,0.0315038412764761,0.019887742097209893,0.006307981143980568,0.006983402641473679,0.013642615628038257,0.0046717383580876515,0.024060414451176015,0.0027805096278450403,0.020878116336763286
2018-01-22,-0.011666495855043646,0.005460382800954511,0.0007431172772598416,-0.007246561258245743,-0.005725078495852798,0.0,0.007051612284770581,-0.0027191534338142365,-0.01678320055363791,0.02031310650703544,-0.03749989582570301,0.00400746677351882,0.0036316378134966243,0.004309612388710526,0.0024971712078196706,-0.0003594308735270779,-0.006175429712405811,0.039797101419390524,0.003597052638343756,0.006983968620768444,0.002035844406392817,0.0016924982489781026,0.0020881938793975152,-0.026128062979823063,0.09383675795161373,0.0003218730955878435,-0.0004935289609366844,0.0008170081690590525,-0.0020780430385050064,0.014354213360404877,0.011165469358375368,-9.596649111009992e-05,-0.02820536247425165,0.005394580988540509,-0.0021576938325611472,0.004255352408000901,-0.0020964022582404818,0.000954128254122999,-0.003028321682463808,0.0035524844719907467,0.007119656300317523,-0.0015346154160109649,-0.003358535199189605,-0.0006046102295905742,0.0022494045475556224,0.006843091043433613,-0.0009318221379345237,0.005223210006383816,0.000417477276251077,0.000707991346772463,0.004773939200504618,0.0003896605103530515,0.0017604762172982458,-0.009198509775477204,0.004819343186271308,0.0,-0.0031656502224661764,0.0029400938218999695,-0.012345726819103509,0.0015220322349167592,-0.009000984037558668,0.004385881005059433,-0.03122493168897178,0.0,0.005464561135520851,0.010842466862542866,-0.002695571462342783,0.010280026553208144,-0.011242908175209898,0.01414435234394551,0.004564925307019019,0.0049263791347964325,0.008054454595120886,0.018526201282557553,0.029859459244934605,0.005383296334154908,0.022938604344783897,0.0017132683288603179,0.008222755626305034,0.005714290763112029
2018-01-23,0.00927474284946439,0.009393914073410059,0.006942091735572697,0.004379674333294892,-0.005758043748294361,0.0,0.010565100357382118,0.0007790343115550158,0.0,0.015159809859178974,-0.025973988983928886,-0.004989127829043594,-0.006203068631792541,-0.0008354639451302326,0.006793161231674061,0.010434818455175687,0.001796087335226515,0.050800618712732115,-0.0032855306848559307,-0.0014156209818148024,0.01267397271784465,0.009876601255845552,0.031258067914245125,0.01707293631827156,0.1065988450734836,-0.0016091137049960569,0.005925020199218478,0.01020380532106513,0.010803092896437994,0.0029750164744708485,0.00033460091137826886,0.005762269305395806,0.06332517945650307,0.007729756355565165,0.007318501418194234,-0.012712106143162427,-0.010504468634842667,0.01501054509777977,-0.010799859128605815,0.01542341659728641,-0.022735696816943873,0.009604120988701448,0.002527351424262747,-0.0024209859413855117,0.002385152870161278,0.011198377799611636,0.017997130209631784,0.011467676569934193,0.009185913812909785,-0.014851636854434358,0.009186153548463638,0.0023375358379114086,-0.031634665390455896,0.000662917794856499,0.013589095934036566,0.0,0.008891882147516128,0.018292699291990733,0.012731949953677546,0.0866261669103996,0.009764146077917202,0.0,-0.014049592639210795,-0.005555870490007275,-0.032608824190248686,0.018426705798636034,0.0,0.007577372175366026,-0.00789321506979035,0.0027897754161898547,0.0063622809570957894,0.00686281726840976,0.0004207105465352523,0.005060180674936188,-0.004302187322371198,-0.001338306153727431,0.009393683466461633,-0.0014660520989422388,0.004267327124892528,0.0038874031688647115
2018-01-24,-0.02923947656587611,-0.004217034470234693,-0.0032893937202496115,-0.007267219591389873,-0.011583383175572504,0.012345746136656066,-0.00012175213749543445,-0.004281090089731432,0.004267387208514606,0.0070167251719639445,0.026666627677461863,-0.015042092765694237,-0.0013000197088064436,-0.008848651847723654,-0.0044982535843728355,0.002136999317858379,-0.004119123422077875,-0.009933942391178618,-0.011836964180724774,-0.01700923430494028,-0.0022928599250632287,-0.006048273987175556,-0.01818643275747389,-0.023980794978324282,-0.0022932990940731646,-0.00548031945966454,0.00016367701114261557,0.0,-0.012361828879895564,-0.012185315403123953,-0.0011707114686999587,0.0181415624618122,-0.02233318052908484,-0.00451204840843733,0.0023117409764739083,-0.004291373700991197,-0.012738761447950275,-0.003521367012907395,0.0058001449668128036,-0.007719342797142814,-0.010362075319419684,0.003805335079659855,-0.002520980021814112,0.012134577830334337,0.0015393663795408852,-0.010310606685718482,-0.01224440151651418,-0.0005315377426995394,0.0004137125917103024,-0.004067636072406677,0.008474381197361769,-0.020987244744162803,0.01088942581818153,0.005964252831188288,-0.005914634176632294,0.0,0.007239656282759022,-0.03546752554461241,-0.010285901677424159,0.0,-0.00876983006464982,-0.002183785249183945,-0.018440927192043932,-0.00418968231097494,-0.016853701648374186,-0.005671134482747697,0.013513409002172905,0.0019340825774292192,0.044633514116563244,-0.01738554782342383,-0.004741627411728344,-0.01947435707189593,-0.006725795843978255,-0.010205481409926387,0.01859810369187609,-0.02144777157094757,-0.022515709363285397,0.00195738153681968,-0.0010385757315676258,-0.033363237840189575
2018-01-25,0.03915630395470027,0.017815240679727173,-0.0008182276339062655,-0.004392497673782025,-0.009765536250981866,0.0,0.008024420262745524,0.0044948609761024105,0.01416429255567353,0.002679715598620458,0.0,0.004683496027335643,0.006640304427521171,0.027275495659605076,0.016719547329340223,0.0085287252955204,-0.004043408473554555,0.01137128822100042,-0.0009096966600057321,-0.01441967749728712,0.014650827978508474,0.021491388908617015,0.008747205370379207,-0.007371063118622789,-0.01609216035765082,0.011507133876346165,0.05627325169162889,-0.008080652165183277,0.017992214360424308,-0.00048670919134441437,0.007032676078473354,-0.003000945080675832,-0.05329930005059813,0.008340182699742682,0.007907721124791545,0.004309868959297969,-0.006451174557637662,0.02061281432254658,0.02645863315644048,0.01355096142017409,0.00869236314928834,0.004170176234435274,0.01684941805496587,0.0499549057217048,-0.023057365972003696,-0.038509162483083226,0.014849030815109243,0.00531749099872747,0.009925723622282723,0.0016816365514906728,0.005291069253678504,0.004763874000072166,-0.014362610731585512,-0.007245993148013996,0.013883158709446342,0.04563458493963535,0.008437312470981562,0.00023876015234458592,0.0,-0.0629371021119084,0.012250279113534823,0.019693938270948008,-0.006831761182360729,0.008415050154876758,0.005713881010506405,-0.002444378648168488,0.005333481437520993,0.019729681014641454,-0.00167811571837706,0.002123072979177021,0.00952832294472028,-0.004965269646000414,0.011003162770194086,-0.0070115041514877685,0.0012910997510140465,0.0,0.012899457051996244,0.01880352491996229,0.007656440215158211,0.01386801026501705
2018-01-26,-0.008281399176878645,-0.013629645126427281,-0.008584276905357346,-0.0014705430934067731,-0.005917044001817917,0.024390147963009534,0.0013270930935129766,-0.005058428652284341,-0.0013966134438245792,0.017463119945506866,-0.03896104044064286,-0.004661663146508177,-0.04850584220866505,-0.023882422106539014,-0.004667077036124456,0.002818924590877625,0.012277653600456073,-0.011243435871115648,0.004553240383690316,0.011119244027874897,-0.004340904980519977,-0.0008872105668279451,-0.01122181600837624,0.007425799152884993,-0.025700811749514663,0.000801473524440155,-0.007743349735732097,0.015071606882092414,0.0026897737139428557,-0.006333233913714431,0.0009978866603186365,0.011946268897014,0.013404554222077092,-0.0014385602470083914,-0.02255630078115778,0.006438217684845204,-0.010822783001986136,-0.0066935822453183524,0.020489076653526173,-0.0022281745795453833,-0.001762678160063258,-0.0011325317666099899,-0.009113650858893818,0.022456937048065173,0.01587762433717388,0.030339572761141964,0.0300479767076971,0.0008814425611445298,0.003275714269542762,-0.062364980359238986,-0.004953674352863424,-0.017384392514972258,0.03278702978525305,0.001326715092756947,0.0015649995288047336,0.009918831911507331,-0.00805691077490367,-0.005848603050373713,0.01371601685342716,0.0,-0.006947498116025574,-0.009298809861502,0.005159025395699013,-0.012517170787062049,0.0,-0.005989530000510279,0.018567760887103324,-0.014511269015809236,-0.007628541719252868,-0.019067681360967814,-0.01303388374225023,-0.013972081022440741,0.00209299302808974,-0.00041886345733410657,0.00792072021269008,0.0,0.019102550394865636,-0.0023969323489408945,0.016792122488262562,0.020668351949265418
2018-01-29,0.002087475269536343,-0.012363521592217097,-0.016696610826582248,-0.010309457259588206,0.003968278909843859,-0.01190497464435869,-0.007829689344919122,-0.0021506919500238197,0.020979034037302835,-0.023292775599926263,-0.005405326586830683,-0.0036654383367107357,0.003126439762061173,-0.011777941916324086,-0.015405186259629833,-0.025650100869008763,-0.023581874409956405,-0.02408024891096683,-0.010424801582108234,0.0,-0.01052168870033332,-0.01953549113291142,-0.031983249836161964,-0.009828032356155814,0.0479616477017244,-0.0008008316790517611,-0.02544116129913887,-0.026083579286841796,-0.018648638987768917,-0.010214551335711253,-0.01029888261686751,-0.005298333277564571,0.023809315680726195,-0.012604678614195453,-0.012207250867268371,-0.00852892116343884,-0.006564559135383452,-0.0137098961123584,0.014896322367205395,-0.017121665139866238,-0.01451826205591722,-0.005669200185740242,-0.009197245334890414,0.003071306309985644,-0.016755999227836882,-0.0149568457503223,-0.012746700849003423,-0.006693825934652398,-0.011428540949570687,0.00844204814598326,-0.01337889081669652,-0.021712907460957,-0.03350991096643208,-0.007952707622024047,-0.009960839692733092,0.0,-0.014995487820983144,-0.015968347860807475,-0.016690424578089003,-0.014925359325276832,-0.0072220564791962705,-0.0036102036422586137,0.010265256077063523,0.001408314065937999,-0.011363078539780802,-0.012599309344649479,-0.028646083409683,-0.011737018677081767,-0.0009123245966474736,-0.03527712461794785,-0.009790551455895358,-0.026315730167140616,-0.0062656466769968056,-0.00586834542219794,-0.010782406593663918,-0.008219248186814965,-0.03362096909666301,-0.01633847817782208,0.01070169247910191,-0.005657933459219278
2018-01-30,-0.006666861348516573,0.006627105352657869,-0.006199614788818142,-0.001487799261160494,-0.015810375659090603,0.0,0.0013354547212045542,-0.0011756138403392624,0.020547892412475788,-0.004482766203853017,-0.008152233185419355,0.0034743032526445283,0.011925676733230972,0.005675166086293926,0.004988681630132552,0.003245869064449014,0.00514738657842484,0.002056079170248637,0.026565101643165834,-0.036897711271105416,-0.0014365139509604496,0.004786812446319955,-0.023714378170768824,-0.009925424341710842,-0.011441626950237205,0.0014420518569973062,0.001922194345919781,0.025545779772773836,0.013926987485090248,-0.013373856556142427,-0.016784266852116425,-0.017007982080215367,-0.08268702565344332,-0.0012765499993095952,0.001015535917902044,-0.012903325402972121,0.011012923666323005,0.005183577634820136,-0.0162732757642865,-0.00035625469228073303,-0.014732252555970438,0.0038009344217182495,0.0025316166242927984,0.0017628078881051223,-0.00014311565811286897,-0.00023705409489782614,-0.003725279733098441,-0.008334977665039434,0.009496473374357661,0.0020294445393986837,0.0,0.011919406128947596,0.005474350930837257,-0.005343155215087547,0.006313100309441655,-0.10803570066179546,-0.0034888419166264617,-0.00268425113665971,-0.014144557751875286,0.0,0.018413292470757625,-0.002898673247117234,-0.015241346213400342,0.004219504711307387,-0.0057470862749496865,-0.004438259654426124,-0.03217152579220339,-0.01230839367959169,0.0018257412171731602,0.0,0.004828395833413879,0.00519746843939517,-0.006725795843978255,-0.013352247590502797,-0.004249158737157033,0.0013806178935473756,-0.020012299382834553,-0.01050285410832108,-0.016613106001812428,-0.011680281061479447
2018-01-31,0.017198457058862138,0.0062911808059562535,0.002980944814356956,-0.02235492454587873,-0.006024082565458944,-0.012047887535512225,0.005092290442583636,-0.011968336175301686,0.02281880277131365,0.0005403243996964235,-0.013698610382650522,-0.00509141256913237,-0.005758463228020871,-0.0004939036878118808,0.00970238376072019,0.01294023809031497,-0.002855541036024367,0.00547207438424846,-0.01591329188371704,0.015024109223044091,0.013430260542911299,0.010816727926574954,-0.008187838419930316,-0.002506548540361919,0.006944491292872446,0.00048005056579647487,0.008471700255806347,-0.01165122447089062,0.010141196181089551,0.010794162191882783,-0.001536290943556895,-0.010647139301371622,-0.02535230683854872,0.007303761920449903,0.012007637675661043,-0.02832218430374933,0.004357455834484991,0.011132699364179377,-0.015244587766857776,0.012480722219823326,-0.010911365758344727,0.00265045824731569,0.0067339554493037745,0.007409422911174968,0.00744781704781694,0.015662052895356826,0.021405254349862624,-0.0030399060304363568,0.009406933165261977,-0.015443002142605855,0.015452664565309915,-0.007311177538539493,-0.0018147927487605076,-0.0006713766290528111,0.016859227784359776,0.0,0.014322328995673983,-0.0011010773463259182,0.01901729089421167,-0.007575714336391148,0.006919644613538223,-0.03343023666600187,0.0042992424972359,0.002800777093890927,-0.005780306193338469,0.017832254796461777,0.02049856176249465,0.0006562774325522547,-0.008331133499301924,-0.0014928446137019158,0.011670614612316887,-0.007239215978236957,-0.006347846857035044,0.02108293817557305,0.003154413250802346,-0.00965465259649434,-0.026704625636808643,-0.01851411770995781,-0.01048947453238025,-0.005151602764230545
2018-02-01,-0.0004126246767597319,-0.013666831609010388,-0.025346790820081067,0.01829263598614106,0.03838392464383045,0.012194809225579029,-0.007358447471697116,-0.005559798436752028,-0.0026246694523468506,-0.011341150531224642,0.0,-0.0073696349324384736,-0.012257618456881558,-0.00959827990049178,-0.01318423764456289,-0.016323981737098592,0.0015799205479378742,-0.00748298730396002,-0.006649424660796988,-0.02131439907304622,-0.01344206161803152,-0.021146904456215587,0.0165107511151783,-0.01758786383203781,0.04827579140330718,-0.012633797042036932,-0.04644155063656685,0.015040768680518735,-0.019951482576178514,-0.02524835948028681,-0.010429282722520528,-0.008263888765871807,-0.020231172098703953,-0.05945782038347658,-0.007520209811786471,-0.015695450336202565,0.0021696135522395466,-0.015646512693725967,-0.0049409299258075245,-0.016855789556333378,0.014096240584601016,-0.009441029082744357,-0.014213986813614632,-0.011492253411007791,-0.0058290990095364315,-0.0003893678129972544,-0.013129998377873209,-0.014888030737534308,-0.017828513545175673,-0.026227975667687753,-0.008384984869371448,-0.008592359376406566,0.027272724224806755,0.0,-0.0231348789293484,0.0,-0.020081642459463978,0.004164163928459086,-0.018447996915414988,0.009160296340817276,-0.016182510170199116,-0.049624148920810573,0.005993124400279326,-0.0027929546504815717,0.02325515344911211,-0.03339707972643002,0.023344326513877967,0.006335668792303739,0.01076396229492338,-0.035126701101650504,-0.011761895458044513,0.0010419818232703104,-0.008091965212984609,-0.016601734695550707,0.00425342961976205,0.005570874103161705,0.000645868333468691,-0.0007546542687476565,-0.010131284322451473,0.008528727995514185
2018-02-02,-0.01856426526724586,-0.0013264582781269407,-0.016264510371561958,-0.005987924862525973,-0.007782048881875392,-0.008463982524390068,-0.009600122294839197,0.006788905733143169,0.0065789725476688155,-0.01857229881477973,0.013888868582011327,-0.044545225761344565,-0.012273337855305155,-0.06712753985060982,-0.015398906445191929,-0.0061324647713322245,-0.017747916008281517,-0.006853882080120943,-0.0034993410526408253,-0.03690276074548604,-0.009019352222127464,-0.004034341172079126,-0.022468940795282055,0.010230203437740393,-0.048245658555217674,-0.0022677823864408753,-0.01346440138798266,-0.009611806111997412,-0.014782476131988798,-0.01876863754025304,-0.03334487186966262,-0.00988251928515993,-0.05014703569557244,-0.007709443078462774,-0.007913724531939836,-0.004555537779311836,0.010822445577341355,-0.011263834072448908,-0.028798262238000194,-0.004349711794997657,-0.013295789538752767,-0.01753731762092481,-0.010178309369640814,-0.03683035445242788,-0.007578913298604606,-0.03287901673717386,-0.0026861628981258434,-0.09067728839906752,-0.01113819300741059,-0.036176256285492814,-0.01816516040342453,-0.014857931379625322,-0.007079623489487097,-0.004705142140118745,-0.012433375935208324,0.0,-0.0012807686549418662,-0.04024882490085868,0.007937396030318844,-0.0015128939001275432,-0.004731931529607825,0.022943368412772447,-0.03914893941676367,-0.021008446155062144,-0.017044860222013347,-0.003115236171848279,-0.014854177409725056,-0.007815921791099023,-0.005194757670032413,-0.0038732093684533675,-0.005722057523415813,-0.008324732131312573,-0.017174970410196888,-0.0022697502764571498,-0.024309462096171797,-0.006924997270227884,-0.02548420084503622,-0.0324691546524537,-0.009856082957402923,-0.012986922574795723
2018-02-05,-0.02690199804813098,-0.018745500065638576,-0.020637598104619403,-0.028614509629309337,-0.035294133220320933,0.012194973966433764,-0.026870979082680213,-0.012891443229547495,0.0,-0.0276438692353681,0.0,0.023526927377423235,-0.03617262738790972,-0.029867796704173832,-0.017249183900417964,-0.023230623473028622,-0.06293929150602362,-0.032436440266498945,-0.019083869522655172,-0.04004374881733863,-0.012393585722691669,-0.009407781539657045,-0.049293693043254816,0.0075948345517413696,-0.036866511897107546,-0.017694641639578013,-0.01718591761812438,-0.006874012410536756,-0.020663373962856557,-0.026137903767891824,-0.03467355075415124,-0.024660119727184293,-0.03726716917319017,-0.02719224015138444,-0.04871008969590007,-0.02059516226962388,-0.023555108742035147,-0.01319082352252754,-0.02965234873017053,-0.017733148513935926,-0.12392844813842374,-0.02328268273984957,-0.03256225323421358,-0.019602390781742085,-0.04841492404329928,-0.02932414196767441,-0.010454602993404172,-0.006808032128190478,-0.018773448463311526,-0.026849372800401117,-0.021052482008473206,-0.08797630262341316,0.0035652153119365426,-0.03443575752645134,-0.02398053835139924,0.0,-0.028534904148079243,-0.035963884429359494,-0.01200115942459834,0.0015151862161113527,-0.010188200688955651,-0.04253664002260438,-0.01594333975057316,-0.025751214458062277,-0.02312171800510443,-0.028977548625349625,-0.02530957748134588,-0.019912314374163742,-0.04295053119502701,-0.03888002253359302,-0.028545249875651213,-0.027282012168706626,-0.01703803625115552,-0.039101487282773406,-0.0468097444517418,-0.0376569546917872,-0.013240177039960943,-0.024453319962161713,-0.042017335069834294,-0.022643717028219545
2018-02-06,0.002159998387931461,-0.02361620079484572,-0.016471392960329845,0.004651368341969553,-0.014227572553030976,-0.012048048330694616,-0.016139104716165198,0.01607378765278722,-0.013071882795547274,-0.012592812962312183,0.0,0.009489865221060878,0.008594504025954519,0.028582588885633697,-0.013339707519749111,-0.021924890516997753,-0.011462185905893985,-0.01283898411669182,0.0018677130669662034,0.04825746869913683,-0.025882135990597743,-0.017411894885549728,-0.018351346166298743,0.0,-0.055023691891194715,-0.0024787344801301403,-0.013543811764623603,-0.022801100392688678,-0.008735545693914548,-0.0026661892022595834,0.03277137485341286,0.003913173630834654,0.0419352831458395,0.011181023358621589,-0.0039251688865203915,-0.004672933991510031,0.004415181844070304,-0.0065625846645326336,0.0210747115986909,-0.018576546789633608,-0.007224257249347499,-0.0007944264408920043,-0.010628596179791061,0.00916013842409491,0.007419702393449024,0.0026558735676829315,-0.030656236437426987,0.0038306805137200417,-0.010204142688323925,0.0036600167698834785,-0.013359426872037616,0.023886040691563082,-0.04262879507513406,0.020978953992489613,-0.0247748521584632,0.0,-0.007590615789885957,0.017532270045565124,-0.01611698831569619,-0.00907714698451001,-0.005260455107950812,-0.009693206376050423,0.04950496919271341,-0.0014682114621563658,-0.005917057064228848,0.0038036566804762195,-0.0011048725138637083,-0.012949294232974085,0.0051836367566227,0.015372089092924313,-0.0037912224261151817,0.002157281594337368,0.020889126506792532,0.0031074891528941606,0.0065343440259788554,0.007246368573452289,-0.0010064370726825533,0.021599594879114337,0.008092465150487671,-0.0031310816205212255
2018-02-07,0.0400859327873222,-0.007086545301692948,0.009118959032642815,0.01851820742747634,0.01443291794017676,0.02195101343648731,0.005767279245117329,-0.0061302922294690365,0.005298008058610915,0.0005795870172509154,0.0,-0.01044517142107082,-0.0034082959536766433,-0.021511076633914716,0.0,0.0015199633415681202,0.016525583548798073,-0.0014446356311840214,-0.009320976057816233,0.00343353547275993,-0.0009055652775987744,-0.0012080881732436932,0.02462897467849401,0.012562964206072502,-0.07848110660119112,-0.01110044047859704,-0.011296247550628635,0.0,-0.0013718660699234553,-0.007841653443534602,-0.020257895424105055,-0.007895526385557128,-0.009287719974740538,-0.022213657403882925,-0.03403177808419733,0.004694872822307294,0.006593603828753514,0.006116433966835588,-0.005847874165181066,-0.00026667926278201026,0.009389558248891872,0.020675644751239508,-0.003939381777884554,0.0019521228758374587,0.003907902474444169,0.0033110113113603568,-0.009828647698540305,0.0,-0.008161372454320914,0.017671591626346572,0.0,0.00493501659480744,0.005565844143192722,-0.002739615339471646,0.0014694480909975827,0.0,0.006650973092169332,-0.012177750366384354,0.011985312823468153,-0.007633616683796363,-0.003449085158531595,0.025285155733278497,-0.03516293763100753,0.0029410417969546465,0.023809806486396745,-0.014864650684415892,-0.04037620596170144,-0.017869480646415137,0.005699822265919474,-0.004780720142602446,0.016650867614923293,0.009687901813673738,0.016108054549839546,-0.007228108505073272,0.0035409849508729607,0.018704916099220315,0.0043654587446573245,0.0005220451016545447,0.019326551096994216,0.0003141341933579067
2018-02-08,0.02942392027254148,-0.00704998235801213,0.0042225027665276915,-0.03787882201479165,-0.040650343002145095,-0.04534602244810393,0.005988020407711403,-0.001989447121294563,-0.007905130642070324,-0.020471076411999967,0.0,0.00021109063404955997,-0.017386423729118916,-0.0004693185853383852,-0.009249837999506294,-0.019347497756435073,-0.02681077733873427,-0.010853825229925729,0.020248075773136698,-0.02410577027766514,-0.007857445976418465,-0.0010754259924882215,-0.03185629597585893,-0.02729507388822383,0.008241932266858765,-0.02713976062646184,-0.013710784897757011,-0.0395838787978674,-0.010306773658428137,-0.02901074247138491,-0.012076780284318467,-0.02981761313654574,-0.046875161340406146,-0.014034504476328924,-0.022251216252892614,-0.009345631757525563,-0.008733621008840453,-0.0026747301358106546,-0.04602062556398212,-0.00960011492408519,-0.01604627705948347,-0.004674900531909332,-0.014380461089123164,-0.012663162727034383,-0.04102382536739624,-0.015592692252179519,-0.018907381013993585,-0.004619646013032108,-0.016815893367394974,0.009647526167406273,-0.022456891401531287,0.00892826969356153,-0.03874534398482343,-0.004121000176064316,-0.020335659019471986,0.0,-0.024776998202683642,-0.032918011597630525,-0.003549509746690771,0.08461541395920968,0.001384335065035991,0.011933326488026363,-0.012444474962022611,-0.008797477574350454,-0.019767823020523267,-0.026035575481919815,0.028818304889009605,-0.02049736650745404,-0.02469356785374044,-0.006405295723074023,-0.0025737500630480525,0.053304857655348536,-0.004284516107826319,-0.01664206607048402,-0.038619385001954165,-0.017030667444362546,-0.020060473247224486,-0.016175193523386255,-0.027516251293868588,-0.0379904251087666
2018-02-09,-0.03421884248140006,0.021142225732589726,0.03328763614640895,0.028346476174991198,0.012711612659329852,0.0,0.02735926002329303,0.005781372217797509,-0.0026560398896752213,0.026025115735993642,-0.013698610382650522,0.024905044885234817,0.011747799549913562,0.008139903868159326,0.024418946989360313,0.025144809805770274,-0.00158818092550006,0.03145590925167241,-0.007077391311395176,0.025816635441219926,0.02609391393612759,0.02395029132526494,0.0011966967204251056,0.02551009623878908,0.043596319767226,0.014981496989939114,0.016218175113566602,0.002169508623403038,0.029297747640260052,0.01665028379021094,0.013520889244363898,0.007683507127186795,-0.005579310882637856,0.020685900044963734,0.009914426694921596,0.018867752061573873,0.01101301249445985,0.018773558724236805,0.0032642324489422503,0.034464169954245394,0.01914428354891795,0.041878943546712843,0.027721988724037416,0.004735445014027118,-0.0003125008584433653,0.006872193456201048,0.019340650579355856,0.0072640925821889635,0.025766010160591657,0.0019106566926860857,0.026689130441764686,0.026991066098633,0.01195081745279647,-0.004827776807912354,0.010913978871473828,0.0,0.018292840291876722,0.04027663849434604,-0.04161700308768157,-0.06382982608903853,0.02142888437257162,0.033018986801544026,-0.004500381512657969,0.008875560115425785,0.014235121967884012,0.02642774685155591,0.01400574320418757,0.03479914367921011,0.025595076061836197,0.01692186093399739,0.02040780111408691,0.024291452862183815,0.012478594993987846,0.022816672442091512,0.017128607683760677,0.017903544978129737,0.019447033031135597,0.03207703301666176,-0.006498689752443054,-0.026762599521437114
2018-02-12,-0.03668180483486028,0.0012360048043240646,0.016363366924441403,-0.004594040559338208,0.00627635381987246,0.0,-0.00887658279682857,-0.0009910845305630689,0.003994638090131897,0.021714030351035918,0.013888868582011327,0.0014415109689933647,0.006163698477586799,-0.006599008050108823,0.0021033341348746237,0.0086793858282177,-0.00724123452749148,-0.01276651217619107,0.006972935509786948,-0.017865423241021472,0.0018802646358921926,0.009329811268573796,-0.0002988475366897392,0.002487449664329233,0.0234988601770989,0.019002724666719484,0.008944268183970427,0.014718662760648593,0.006744682918366385,0.0030019398384224516,0.0036549951552915516,0.006903779787690745,0.10891089011734945,0.0011036427761872414,0.011516076871503245,-0.011573814212189504,-0.008714595234734723,-0.0028717885765916495,-0.016630457026537093,0.0015615340106713838,0.0057981638994286655,0.007137734332098855,-0.007098276725241437,0.00451706779375427,0.020615566330410617,-0.003995193174146872,0.01282917986309684,-0.004206568235966102,0.0008662585132535039,0.019346117638045168,0.015794853790862318,-0.031020563919428423,-0.003809600255599732,-0.004157740145260824,0.00804441603152739,0.0,0.013306645930129868,-0.01003778594192295,0.028535762290035516,-0.013636314704726149,0.00789484416975239,0.0015221743528739395,0.0018082733571946896,0.004398851422281025,0.00584809985251411,-0.001775713196661699,-0.029281729370776,-0.01636021613140415,-0.002023839926829085,-0.022187148768332943,-0.0020689021008756248,-0.010869795069468391,-0.0008503608821573971,-0.0013296506951330223,0.004611266118014878,-0.0028371217104727897,-0.002342205842762235,-0.029267066521162177,0.0018116329342066084,0.006707058765577978
2018-02-13,0.014712211344033665,0.012037106471783465,0.01002395239105125,-0.010769159716350285,0.002078853038855577,0.037500014485391864,0.00037305933735276575,-0.013690277263499584,0.0013262903093407274,-0.016362835626604344,-0.02739734093751023,0.00020553430918202054,0.0015673904389381654,0.0045327498654399445,0.003964701324848496,0.0014960996735540188,0.013482816605066006,-0.006465322003207041,-0.0040008180495362256,0.023884986671447894,0.009481461245689715,0.003515213451711352,-0.009862625875611708,-0.012407094324176526,-0.002551147311100177,0.001831204697045452,0.001564131610641839,-0.01877156106949318,0.005627720918244927,0.00018169207078444494,-0.0023668772462716037,-0.010131110770206897,-0.023809416335269784,-0.0024052255741624506,0.0007461154992276509,-0.01873542676708506,0.002197716670970351,0.0016803132803884235,0.033823746904208196,0.0038983265272309886,-0.009684200382242159,0.004475638111001823,-0.0035747956429618144,0.004007590404708106,0.004437568722813756,0.001671229320531431,0.007133073332007633,-0.006236428961883034,0.0008657244082959092,0.005345991211634704,0.0029150619747631,0.005335318509465781,-0.013384546948915554,0.0,0.008819702715329836,-0.0190190340025842,0.007879142597302602,0.014616835790018046,-0.029857574380731222,-0.0245776219084326,-0.001342578648767745,-0.011398237648255316,0.0,0.0,0.0,0.008004539063154015,0.03585652186323118,0.0025411578534908497,0.005542507794932705,0.006483041781897292,0.0015100742041216364,-0.0019976795997744823,0.05231850631764945,-0.002071046435789148,-0.0005987632491307737,-0.0014227357461471524,0.0030187275506943223,0.002934772945118569,0.014364732170854433,-0.0013324145444263413
2018-02-14,0.02515967750778203,-0.004269594999915194,-0.003797811615556035,0.03576986462034393,0.026970964192064795,-0.012048048330694616,-0.0022379834027398404,0.0048281963881728895,-0.006622541651882585,-0.0012538461622185748,0.0,0.009458461860088585,-0.009673113756370477,0.002100572995274108,-0.0034841580238269554,-0.011399256624686882,0.0020717345114351637,-0.018076567777985386,-0.0003090740049802587,0.049590640215505966,-0.0095884434388398,-0.020757164457894772,0.028976917419993864,0.012562964206072502,0.0025576723099363097,-0.015455911043534831,-0.0006939463835761162,0.10217430087111579,-0.014257046116649907,0.0050788405159656325,0.02263150028325578,0.022950637472011426,0.04268254812895633,-0.005224135596055168,-0.014360085497413078,0.016706210293161217,0.008771815626365864,-0.008027047974365153,0.014466686047774902,-0.013461110605754167,0.0356226914409179,0.010768580679629602,-0.020627677035199188,0.010223199799580529,-0.007008055908336197,0.0048389700651947365,-0.00655282090540199,0.003036567518899913,-0.016861475599425746,0.012230759366410604,-0.005813529106247994,-0.011499240378016973,0.02519355552426017,-0.003479816674211489,-0.008742595620992333,0.020408163265306145,-0.01400656161148206,0.022582734616497513,-0.004038298393179041,0.0,-0.023307836011057903,-0.013066716582511795,0.010830314655719375,0.0029197241819833852,0.02325515344911211,-0.006176229231922514,-0.002747247626306848,-0.003456122659733496,0.023658947526910445,0.0016340387270059598,-0.015077518273427626,0.00200167831170317,-0.01980634429530137,-0.020456615584464544,-0.0113820022082608,0.021367688890019387,0.0010037959976181288,0.01463141067657081,0.0071299600430534404,0.03268846369949352
2018-02-15,-0.0016639883652656007,0.021133256403938594,0.0016137795101252017,-0.009009237476210408,0.004040324774465365,0.0,0.020936626359687516,0.006806464944348667,0.002666664123535112,0.008307450362503577,0.042253587256047664,0.0169803700760649,0.02298223128377397,0.017313797622598992,0.028160231960724813,0.021763784360602223,0.028456685787735303,0.011045646683315535,0.011126615312552879,0.03032057170929603,0.01896702560142205,0.021584226089437664,-0.0011734063388008087,0.002481356085427766,0.02040819450295217,0.014348275837367197,0.017193428191327742,0.007889489473356326,0.031494888135245924,0.011550459561837423,0.015348876122120547,0.01980776272104534,-0.020467488181231897,0.01787534322342199,0.03046344912568033,0.018779886846800986,0.013043534371263377,0.023188188573724844,0.013732391198013616,0.02466553966802021,0.018210429034111186,0.009552164758412474,0.010073255345515175,0.010119054540787431,0.0021476390061776485,0.011790025562375961,0.028984549741404964,0.005247476536348827,0.027704332395446007,0.014006665799403795,0.01819338480773336,0.02416107680668289,-0.0018902679619495766,-0.003645702526876904,0.02078939752049358,0.014000015258789134,0.02741995554547194,0.025637727766141483,0.003088441985222845,0.023622062617355555,0.022487466909693943,0.022585576385890205,-0.013392823311138558,0.013100658033279977,-0.005681418063719246,0.01805264886692659,0.0,0.012253956225046325,-0.008666921907162228,-0.010603406606053634,0.011069371874200096,0.0009993032126180967,0.028453822702627418,0.016192684580928818,0.004645848619908133,0.006973486176232058,0.016037073172622263,0.010750013636090738,0.01504435122184522,0.003875734172722911
2018-02-16,0.0,0.00869831555068834,-0.018892496301012418,0.006060761153996452,0.002012137608604192,0.0170728429591942,0.012695383714374842,-0.0015908017841174127,0.0,0.003832403930756456,0.0,0.0014081202192273157,0.003369727284212587,0.005113459755578642,0.01051645522956246,0.005605475953085692,0.008834861814180694,-0.0014565982434554536,-0.0058076342583003315,-0.0032855330090769685,0.0200675274351656,0.006561625480499211,-0.03436123964503346,0.0,0.011499993142712217,0.01597597252766292,0.009390431178298853,0.03796471896031317,0.005372734193701323,0.02096325550996725,-0.00808578008902261,-0.010702285052858529,0.06268627779264224,-0.0007938305393023759,0.02148382371240709,-0.004608794845691433,0.008583912063448773,0.006492042856848013,-0.0034734838755792197,0.017925797329114923,0.009052759656631215,0.0025472556447145855,0.006346310258084742,0.006583603233635937,0.002143575259424324,-0.002133536718347706,0.010490049882279306,0.004818049918305478,0.0047066455378350636,0.01615862928245515,0.007019847127913037,0.015290295108589591,0.013257630425370204,-0.0014076781500509394,0.0168688127972505,0.005917144626156334,0.011254167870499598,0.012622205970853395,0.03149329391690814,-0.0076923370361328125,-0.0011374502451669821,0.008377533752683686,-0.0009049980732327434,0.0014364949024039397,0.01714261822134877,0.006104713128283423,-0.005509712842676873,-0.001827118274789874,0.010332317326017693,0.0024729939406995527,0.014441802013830607,0.008982034449660281,-0.020048239654385402,0.007595038891535344,0.008242764960013416,0.0069253285929138375,0.011180699573518194,0.02464347581705062,0.015014928567302688,-0.009652217969155164
2018-02-20,-0.01458328257035102,-0.013232443404471272,0.03627573760254732,-0.02409623791155069,-0.012048060852108078,-0.016786253882780433,-0.010728158829968137,-0.009360380132718782,-0.006648961550755561,-0.016224824282619954,-0.027026988578941813,-0.02812339622574478,-0.02001127903488087,-0.022171600406381775,-0.019004410187578147,-0.00668876962214926,-0.02601097806299213,-0.0058352168487217915,-0.01199085134937794,-0.016912825838117485,-0.019197795430691,-0.013168126216664078,-0.006386899660006828,-0.027227747573867367,-0.07068707512033034,-0.012121283246256498,-0.01606905109482759,0.006787263254321774,-0.016814269157957806,0.0009610151498917752,-0.008506098280562258,-0.051688266701449104,0.07022499880543731,-0.008042951089436756,-0.03613184426058691,-0.02777737254492929,-0.017021162088915354,-0.01841202559429944,-0.04182630403446397,-0.015345757291127748,-0.007877434956404139,-0.015245282492881151,-0.013513604288623582,-0.0085306198728472,-0.019401108554907065,-0.01208862349394757,-0.014354881921650686,-0.008191883936317423,-0.019590682001393245,-0.05206474016978213,-0.011090236548508492,-0.04087755377438096,-0.024299262368796093,0.0007046840939368693,-0.002832182218776902,0.0,-0.019713873966966555,-0.004643786734321531,-0.005765306146983007,-0.1472867964895913,-0.010470830678820486,-0.004531636314851317,0.007246369925949514,-0.01578201065183038,-0.028089462799195775,-0.010690441870197298,0.0027701598404863415,-0.010984103733260753,-0.01678253909373939,0.0016449049776128266,-0.020895326468156505,-0.020771306040519022,-0.03887046899653457,-0.005468579642313731,-0.02452696766886686,-0.015130359019769224,0.006178905827914916,-0.04936716811115027,-0.10183236040575983,-0.0016244675382914853
2018-02-21,0.022833339845361067,-0.011902835463976857,0.019839141341567057,0.009258973825210237,0.014227255901565261,0.024390174046266866,-0.012550033383890269,-0.010856561848267332,0.010709558606448066,-0.017074148192912753,0.002777615322757443,-0.00909493182152088,-0.012709000224121136,-0.01933526401534269,-0.007841396953177537,-0.018705915372922544,-0.01189892132629422,-0.01027145196133139,-0.018204295046307828,0.005977558178053233,-0.012597004815351642,-0.0047562366037511294,0.07070705405273947,0.0356234942354956,0.06382976783248151,-0.020228723059629417,-0.013924671330359795,-0.0003746792231088536,-0.013124676130261026,-0.030115237996919286,-0.026273200970497124,-0.014048809705365817,-0.023621782350555898,-0.02012003312605526,-0.00317010378574889,-0.023809861970733093,0.010822534523861727,-0.013022501267259234,-0.0029102284436373083,-0.013285896540422892,-0.009924918713962394,-0.011426170566175231,-0.003652898797621762,-0.005162786445271794,-0.004050691035062615,-0.008241021319270403,-0.013327703248205758,-0.0042303974123307775,-0.009557167919237886,0.0075754313211136015,-0.0124957790410678,0.0017946888662481175,0.01724160371124639,-0.0028167514558002926,-0.015419072158677216,0.02941176470588225,-0.023354013773181914,0.006752646525298944,-0.00026685740461884766,0.018181800842285156,-0.012652381541119806,-0.006069740532428036,0.0,-0.010203915569515165,0.023121224773353877,-0.02978985441546189,-0.024861913346147735,-0.010874417346071197,0.01986962437748896,-0.012315369374777507,0.0030487184401875034,0.002019687580670615,0.022988401045187956,-0.03120809175066197,-0.019623400195763252,0.004189552015046338,-0.009372977295472595,0.025299758403945827,-0.02752117600809756,-0.039700589858892354
2018-02-22,0.028110445790464178,0.0015251307309986917,-0.007395587682206717,0.004587273246740242,-0.01603185786554795,-0.01190483898499628,-0.002220976436303257,0.00804848762204835,0.0,0.003948047005283284,0.01108047595944539,0.00479764091686774,0.0036156959169348912,0.007997227354377356,-0.00023223727526244797,0.02935571130532111,-0.0026153479583720385,0.005930446087925034,-0.01949310174157115,0.02681161741489624,-0.00039210677255019366,0.002788150475982132,-0.010863323226079857,-0.014741970831221751,-0.017499798567169655,0.011000082262782485,0.0020921637769402146,0.004870779608947551,0.007925767410167817,0.026730363762582643,0.008626531437806895,-0.004392485154897097,-0.03225822698067049,-0.0016865155724610226,0.06361066395452109,0.01463426061782247,-0.006423952571852576,0.0035101456208119775,-0.006931904282927115,-0.0005180930413711815,-0.01158410595277215,0.005965610934018262,0.003666291389028409,0.009610109054854599,-0.009228707046374462,0.004700330088657223,0.0036242601631879534,0.006473861286409255,0.012280672610188503,0.01799141706435936,0.021090096680091985,0.018808370267014096,-0.0037666418006639946,-0.0042371602463351365,0.01339398127500857,-0.006666637602306569,-0.019594838321437824,-0.0019512176059811592,-0.017949045899449456,-0.017857126131349377,0.002329917525255354,0.01145036391802301,0.008992840152776571,0.004418211054427523,-0.016949036106505222,0.006622535184635403,0.014730800961656687,0.009824824184045955,-0.019351952188996546,0.014131491780488226,0.011222759563355167,-0.0030238614396970176,-0.005409731392035599,0.02055509703392544,-0.0018763788915522328,-0.012517100884359977,0.017944562546353904,-0.009870012585148413,0.013658292814156203,0.039647508610308524
2018-02-23,-0.03297135761446757,0.025730609215684375,0.0018087409614739869,0.009132567114730206,0.026476694947297652,0.012048271719868886,0.027558529934449405,0.007517583425303398,0.003973474465339244,0.0212345458943195,0.0,0.01972204442512715,0.013114768152983292,0.01673233831213894,0.019762510039824432,0.027037160551746542,-0.004753453664753549,0.02210763558728779,0.011799131265966878,0.006774928236361388,0.02788131673049299,0.02223962622913378,0.01127159885814022,0.01246881652317322,-0.03562353759206305,0.040676392785837345,0.03462072168329455,0.0,0.03611896282087623,0.016216625042229094,-0.03585067599330227,0.01721728569543224,0.033333506809389624,-0.0012364590573382683,-0.0026385115596607722,0.0072115534567731565,0.010775662580258194,0.025090375290788947,0.007347823392373831,0.021243606905598345,0.014649390576528587,0.01779070040519337,0.01643833523345406,0.011041326133120588,0.019734796758626993,0.0064323360063618384,0.025933765064344305,0.019095754194881076,0.022530538670151534,0.04378832689572287,0.047029074651542935,0.008351879081230251,0.0037808830327386023,0.004964174614150885,0.027450154645222824,0.0,0.027777650964147416,0.017473074957051526,0.0012509663969426654,0.045454545454545414,0.024407236461106097,0.030188844478856947,-0.005347630854610319,0.004398851422281025,0.01724125882484917,0.020933199865745822,0.01507549855731427,0.022700512819761265,0.012000070443618727,0.00491784053576505,0.023352451364646587,0.023255712147359553,0.0029285494208954876,0.01713509255015122,0.008773625889699543,0.01408426700327059,-0.0016027270525343917,0.001573958025278266,0.0012936793269888724,-0.030964751505409005
2018-02-26,-0.002079166855762038,-0.005937382701490357,0.023416401885384852,0.0030163290547557953,0.001984190973615796,-0.01190483898499628,-0.0048436698240309495,-0.013510426493004934,0.005277039875413392,0.0007705651041127748,0.0,0.01771163112870222,0.01095304241885886,0.01614768431372693,-0.0020519792121942437,0.0021638628612381527,0.018938747919555077,-0.0072097341845119844,-0.005431372124726774,-0.005607579852028088,-0.008978450614013367,0.009064836722514569,0.022577915776297974,0.007389296094826747,0.04749327360497335,-0.008846694904533825,-0.010929815883710559,-0.0018639874433576953,-0.010162169536604537,0.008885001389527414,-0.02944472840846435,0.00359672132897515,-0.040322543897229335,0.01083074482799451,-0.0033511991073833514,0.002386854260408189,0.002132223150823176,-0.012591018748740357,0.015681770948449136,0.0027907117280290272,0.01288351438271107,-0.006555042123158161,-0.006289127823459362,0.011297283457023966,0.013005065322248432,0.01178746222323257,-0.0032224059895679114,0.004536132797966497,-0.00042361083468123173,-0.013899704298613647,-0.020334053204045688,-0.003923226978225003,0.015066134950900034,0.0,-0.004551858405420495,0.0,-0.017138954482530333,0.0018013415851187986,0.013572648058765902,-0.06086954863175098,-0.0009078508373382421,0.01684942897510422,0.0017921557380944364,0.0014597125685775758,0.0,0.0,0.05335521887598027,-0.007700578188283624,0.0023716712724168865,0.006525261825296447,-0.014459676019513257,0.006917192321537646,0.02252806319205436,0.006354389001545613,0.01656650767975143,0.0,0.017014466131653583,0.01911975879699912,0.002475904116121308,0.021527190955004105
2018-02-27,-0.018333357203560108,-0.01523080957331524,-0.02632997547679594,0.001503966602220963,-0.007921047024455397,0.012048271719868886,-0.013870266646786256,-0.008177022119859378,0.0,-0.007311032595801348,0.013698610382650633,-0.01040213969545456,-0.016181716961109927,-0.01011249877932796,-0.02330328839365403,-0.019431757153201668,-0.018424923844608254,-0.01234598960352018,0.0012847848668744444,0.16889876001590354,-0.01667253116276468,-0.02040551836975124,-0.04415870168537017,-0.014670112490322018,-0.027707784090853838,-0.012496063564676585,-0.024311503731647144,-0.0007473053148548958,-0.011825760219079329,-0.02975410191275263,-0.012446762861221594,-0.02434931130321838,-0.05322152675391756,0.0019384104337614172,-0.03928476658049451,-0.030952732296145924,-0.012765789191875654,-0.017399822266465415,-0.020825895291259555,-0.018467097100712038,0.009210378237398231,-0.024926393986283935,-0.01627500546525995,-0.007726919230734319,-0.021855347856882812,-0.006563348011585313,-0.019204997879602836,-0.009031792264333371,-0.01144582544844197,-0.029215918805604257,-0.021684988453588683,-0.03150997758414631,-0.005565762372581329,0.0,-0.03001996655876915,-0.002876347487822617,-0.02179743702361081,-0.005634109650784369,0.004419418695414068,-0.05555558989567955,-0.014308216311170185,-0.010806523623661857,-0.008050102873988774,-0.014576968919138622,-0.01129947792567354,-0.0164030822238852,-0.020887768479861735,-0.009358850245337447,-0.020373252494790828,-0.047001680140338675,-0.021549662222613897,-0.013739164847277552,-0.013055596100334022,-0.02496333753864055,-0.02138910934748306,-0.01111091082375748,-0.01736123125186395,-0.009252245206433862,-0.017182219085715378,-0.011854124942750732
2018-02-28,-0.002546645312779039,-0.00561025173600993,-0.012087297765365768,-0.02420585937444053,-0.008032075646150383,-0.035714296225226816,-0.006909166193146077,-0.014220635447802499,0.0,-0.015697593818710276,-0.04054060141667548,-0.0056601464099830245,-0.013586479300753185,-0.008525845455118253,-0.007017564092214323,-0.007339337319001271,0.024204328324080926,-0.019852730431443644,-0.006576793266106606,-0.016403340784024167,-0.012251654556843405,-0.012969912877828227,0.006725082858041409,-0.03225770758481972,0.0025909134715953464,-0.0042726779116364355,-0.006795444295072395,0.008598145360429577,-0.00289340790626047,0.004053517290044439,-0.004529342523024504,-0.007778331851242104,0.005916956201590384,0.000712868502969588,-0.024866606474808206,0.0,-0.015086394876295262,-0.016979683935042234,-0.005500307028400431,-0.003865919960298836,-0.00825744351719182,-0.011654494124180292,-0.029162151850757656,0.0017827402968064732,-0.01640635919341249,-0.022710464836143696,0.003098706469492951,-0.020606487666874784,-0.008147062355987944,-0.04804610943458065,-0.007599877624424156,-0.016719115510852145,-0.009328674420235883,-0.002822911660371963,-0.007378403724834892,-0.019230769230769273,-0.017826578684232985,-0.026883682704652134,-0.01725404061865199,-0.01960782480441492,-0.007834312632534535,-0.012381650379439946,-0.0063119651813425826,-0.011834534693122789,-0.028571660179013136,0.0011910829788066568,0.0,-0.007142961280054427,-0.020528761792781625,-0.007653004141572883,-0.01499553660506514,-0.021890518115228685,-0.02025624477024801,0.0010544799839959929,-0.006244699080427019,-0.025280866344946862,-0.022486218004251546,-0.03320365776040113,-0.01649909752202361,-0.02432504824835635
2018-03-01,-0.06382963162912658,0.0006101293970877109,-0.003312106079372934,0.006201600988028799,0.0,0.0,-0.004224273129122991,-0.0014638591865165917,-0.003936972889992396,0.003544087200921364,0.014084611456917306,-0.0020329389527642405,-0.001594913312809032,0.005345543291527477,-0.0021200222489041742,-0.012199621507785974,-0.005894812656031312,0.036759155416146605,0.03358633462144356,0.00809309244439782,-0.0004961073081161116,0.002919928228434232,0.0029043669181734177,0.007691876667565989,-0.02067197198258086,0.003135827016957471,-0.007894894952889198,0.0,0.0007912838048385051,0.01764083684792861,0.0003958358398992168,-0.004681863591952329,-0.03235288432295913,-0.004681388349178972,0.0069890157123195795,0.012285149818082264,-0.0043764229813263444,0.0053057631332125155,0.012536505187772384,-0.004139736767266311,-0.012269629297158136,0.005325539688425751,0.004761842042171338,-0.00037481325251942366,-0.008260406563828537,-0.0011828946988511335,0.007098219910145476,0.004046366833347026,0.0017290893042845035,-0.00277312445721023,0.006381616175150651,0.03170905797688861,-0.0018829750989273197,-0.0007074794598447287,-0.00289107799906807,0.0,-0.014310772616412004,-0.016848278303535302,0.0021987781778964877,0.13000001907348624,0.021366055928680128,0.005899565770008275,0.0,0.0,0.0018972555704708238,0.0023794863876316352,-0.03466652800254755,0.004641397867159558,0.004794688841285755,0.018851809738309244,0.0059466685606066605,-0.013224918369459271,-0.010548972441055904,-0.0025577671608307817,0.004608034787884074,-0.007204734238334454,0.012487575795982808,0.013415581841937918,-0.010332214728656863,-0.009563085406720573
2018-03-02,-0.005454551541874908,-0.006705327528630178,0.002416762093386371,0.010785783092954304,0.014169868092378746,0.02469128925900943,-0.011977415373036648,0.01633153423884126,0.0,0.0070631420106443965,0.013888868582011327,0.019148794178555306,0.005953694685681299,0.009015704047982576,0.005429585857152031,-0.001122646526540927,0.030672378406357392,-0.009406906289605943,-0.006405477737962295,0.07006432818603847,0.0005958116991364726,-0.002779105337590737,0.04141330476596461,0.01272255580607995,0.021108322636726573,-0.019578932001376503,0.009726132651742603,0.0,0.008697986220170817,0.0035362692579268273,0.007316670430385974,-0.006017238420016335,0.009118770995653724,0.01094080403100639,-0.024385828395831033,0.0048544062581390435,0.01978047112437875,0.0015949166379312096,-0.004005463485463934,-0.007014765155824443,0.008429272913744734,0.001513470553856422,-0.0037914194929957734,0.014521295457809114,0.0019223073098857402,0.01285954364428532,-0.002480002030737727,0.008260902835951045,0.0,0.06117878391521869,-0.011097097558297464,-0.004454075656112222,0.0,-0.006373794888009265,-0.012217701746782827,0.0,-0.01805913945245141,0.03767638227129155,-0.009890734716109018,-0.04070796729049064,0.005002047578005486,-0.007331264070911225,0.0009073752079995501,0.013473129293605002,0.02958614083555866,-0.009495582558838533,-0.006077369272303956,-0.007391745006752104,0.01554182897775691,-0.0008410101567967176,0.0009460093014972415,0.014433209114441237,0.02985105186172654,0.0013576082198965,0.0062551166023412375,0.014513542557391457,0.01460563010427629,0.021445975706805953,-0.003480101129968438,0.003448509369473829
2018-03-05,-0.0018282576282473428,0.020098173227633076,0.004876606180708176,0.016768217106384764,0.013972403447096271,-0.02409632005056339,0.017931442724117286,-0.00638627590845442,0.0,0.01811802726780032,0.0,0.007795240439097517,0.011549212236534379,0.015197610979734044,0.016435716377156018,0.017234651953751623,-0.027196532829762865,0.01533971906086129,0.009119668963498473,-0.04149106535209868,0.017660343693144176,0.0284009444819755,0.013070141436972271,0.0025128471136266484,0.01550386824264649,0.018123996007939347,0.019877959561843905,-0.006671543115980616,0.026522095109099864,0.0012891468664015804,-0.006282125433543673,0.010125429225741112,0.012047956423771877,0.0058658931346387,0.015189504213607874,-0.007246391558800802,0.004309953522814158,0.014336688910587814,0.023400174872514556,0.018576740755999355,0.010118907550409562,0.01964441733179889,0.03615608212556487,0.013390056147828178,0.02525968080172447,0.013364551341116249,0.01419717566280565,0.009392271302571586,0.015537523526914843,-0.006812998289711603,0.023405026492395065,0.004921530438435573,0.005660101829691566,-0.0021381607669873626,0.007756923734517418,0.03823530907724426,0.02127631507691974,0.04444441819475742,-0.007279868582863003,0.06088559392266646,0.014479729267568242,0.00960090678551384,0.0054397480570507195,-0.019041724528518267,0.0,0.008687773291139234,-0.013340769332374491,0.0193155884017997,0.013961881820190314,-0.006733863171111909,0.012520344299912889,0.0020326944562736315,-0.017391239517633106,0.012501582442975057,0.00932462922093169,0.0014305982881404056,-0.01727435910518238,0.00777566165984056,0.013630878019741166,0.002405753804541444
2018-03-06,-0.013278072416818887,-0.014889560675522495,0.010115137308009947,0.0,0.01968505777260221,0.0,-0.007071294467105083,-0.008915792619031193,-0.0026350435473567746,-0.00019133899618262173,-0.04109577106184703,0.006941706966060224,-0.006136696728757718,-0.0045133654236853005,-0.013860054250432241,-0.013996103211624922,0.014945810330767584,-0.011510911391430234,0.0004676742393212585,0.031664933789753213,-0.013356483635929006,-0.021035258336861262,-0.00219607061684135,0.012531157482646549,-0.025445679996789483,-0.009889606379694937,-0.01801840511950692,-0.028358250503406457,-0.010818080787165063,0.003862461319298127,0.008692131766102618,0.008171846214772627,-0.032738035969205215,-0.0008041463739411059,-0.008522693181480245,0.012165420394604443,0.012875812707233925,-0.011113831543843045,0.0007146008588621022,-0.01952244514666135,0.006314982991874718,-0.014449343176643037,-0.010100876793257774,0.0029158363173513724,0.00997976216566454,0.0126112659269626,-0.011353306335781022,0.0047514797148136,-0.013599895031879639,-0.017942191076831038,-0.02255652725619728,0.0048979011926655325,0.009381097987141596,0.0035713365933032204,-0.018306639514036993,0.0,-0.022598749346038005,-0.016393418629360834,0.00877690241935647,-0.07826083639393677,-0.01650338822843389,-0.007315253013352452,0.0009017338813563924,0.00622078380750124,0.005746862518035023,0.0062370698653584355,-0.014084481293209494,-0.006392263650328189,0.017873206209070958,0.0050847860937723866,-0.0014000281629981126,0.03448263316405886,0.01095624451835886,0.005653202137206659,0.0036950369629717983,0.011428785315950263,0.006510418756168201,0.027006474486840792,-0.010224485735643052,0.014055365871646908
2018-03-07,-0.0013921385240494022,-0.008854940947117362,0.008259200839997094,0.016491681018615312,0.013513346528623016,-0.012345759081975216,-0.007246032346735154,0.012343358029863305,-0.01981507159391671,-0.013971499362179451,0.014285503923062048,-0.01595435947923296,0.0005742188931230352,-0.013451192502559994,-0.0046847253226522945,-0.0022410992408079533,-0.01838076060369287,0.009461809859641068,0.012147715616046995,-0.0022993119546739216,-0.012648427266237716,-0.008041095534271014,0.0063273139043258375,0.007425799152884993,0.020887763812043936,-0.01598129171671836,-0.006880583712476351,0.008064228484166325,-0.01235222079437337,0.002735774413672676,0.0,-0.00940243447185296,-0.05538518552408844,0.005132810901655738,0.02024833457231079,-0.002403905161068476,0.01906759896052579,-0.00610821329686051,-0.06354889368842431,-0.0028818434475481602,0.004111861406399742,0.004848003924792232,0.005565872353791468,-0.007904732306887263,-0.010807688471183186,0.005535185046939617,-0.0013704186057807988,-0.013792838222682846,-0.011201955672077046,-0.010209588304084027,-0.010256299536529512,0.042977493317179816,-0.003717376643198711,0.0,-0.007702253566969519,-0.02927288413082363,-0.002167494008688431,-0.01690309898151643,0.0029143250542318366,0.0,-0.009750591817495158,-0.0014736306779142838,0.058558522179456673,-0.021638405379989067,0.017142618694193867,0.007969559337143606,0.017142656782241694,0.0029870381155707726,-0.0003898772115853433,0.028667739534217418,-0.003037093481033981,-0.018627863433465452,0.003335027260185086,0.0005917956042464922,-0.0010222904770007535,0.012711711976196138,0.022962495840603392,-0.015026573444431146,-0.014821300190435038,0.0020283509216696416
2018-03-08,0.022304646097713654,0.0058533252495394095,-0.0037207823871001633,0.00295012339821743,-0.009523819824376334,0.025000164167775507,0.004530300364260276,-0.0018599593575125972,-0.010781660765967538,0.005434942184378011,0.011267750944209842,0.020416333775016282,0.01923102961846701,0.018613234688448,0.001647416847652794,0.014226748790887367,0.01888702442939838,0.0,-0.0018467575167208095,-0.026039487256767635,0.004803715616634285,0.009833828150195068,-0.002762490078743629,-0.012284923890676813,0.012787813492702416,0.007612699163329406,0.010303723111041663,0.006095635528776233,-0.0013028126574312626,-0.0007673118101871879,0.012534420875926822,-0.004618123057852475,-0.058631107746098254,-0.002303282498628656,-0.0026211354241840734,0.0,-0.0062369785699712965,0.0011064834475531526,-0.12390420650726952,0.006831062945754196,0.0021553173959414362,-0.009800379164055184,-0.002767657523248812,0.0039382240772802835,0.021226844635548137,-0.0037419816484449697,0.008232518597417915,-0.01898109398254122,0.005664213383017813,-0.012215005496361675,0.011010495489009342,-0.022090168888272976,0.022387910783395748,0.002846822763683088,0.009702440832318526,-0.025097293331360127,0.020580555752776064,0.0159913191672163,-0.000458413642074218,0.03773581171086837,-0.00595372426605123,0.00590415269443878,-0.016170177053897894,-0.01737778505736076,-0.011236039231065753,0.00966300927810626,0.0,0.00022873012201163334,-0.009012494915526137,-0.009016619252370739,0.012186875769471417,0.006993330625767236,-0.007477974725206504,-0.000295405410402072,0.003480730144029165,-0.011156992652443298,0.007271547761326991,-0.04907181989458698,0.008025460789395034,-0.019568388261025582
2018-03-09,0.009091020691948781,0.0053598395416574185,-2.6985819928326826e-05,0.01470567279061119,0.019230690960970742,0.0,0.005137062772336387,-0.004554915940682247,-0.0204359798704562,0.004633311653663874,0.01671303015100789,-0.007650061536174202,0.003097883174243199,-0.010602804438564428,0.00704821029903413,0.0014763577975924758,-0.0050316895501074654,0.007930842437557706,0.02343170440116249,0.012185081883568039,0.0012950901520965008,0.0018427156107032605,0.02271487375053649,0.019900620017617277,0.053030453892744855,-0.0030221105416970984,0.006505957984527022,-0.015524557775758452,0.001565293743250873,-0.007423950007095059,-0.004835672861241425,0.023199340555727144,-0.026671644391246252,0.007125089828788234,0.012577469860597823,-0.004819152067014554,0.01882858382638397,0.0061386064118080785,0.04786810690128607,0.010177880268729123,0.007097034407157254,0.007994037766815287,0.0018497798484371497,0.008392633991195053,0.0033626425280377514,-0.00032642592965781425,0.003240430069763045,0.00814712525544281,-0.005199155757987239,0.02363288453762702,0.004163663278946794,0.02693287670336164,0.005474102806043213,0.005677581540948884,0.004697863472912456,0.0,-0.008282157708737081,0.03218938685737438,0.0062184510953409156,-0.012727303938432133,0.00806281599688341,0.0031512040468044678,-0.00778548004506685,0.016077549520110423,0.017045764091243143,0.022041531212397603,-0.009550446530525947,0.006184445717761777,0.014762236045699817,0.01075273711340441,0.004166855861091889,0.006944272723741873,0.029300482452260024,0.008724931932704738,0.0,0.012693639368594356,0.03578152900063869,0.03636375697173588,0.009099458375397385,0.010667730899450278
2018-03-12,0.0022518272154690155,0.0033511709688727187,0.002069065160648531,0.005797229885060151,0.01509453257702087,0.012194973966433764,0.011217395878548198,0.05657258310026103,0.0,0.005188485238215135,0.013698610382650633,-0.0005928875304090919,-0.0022462021536270305,-0.009120631356734132,0.005366699465168212,0.011058146142359337,-0.0020225523208734497,0.013590830210780114,-0.005874415117661846,-0.02127174612571736,0.0037798849131742696,0.00551645488393282,0.005417122304683275,0.0,0.05275774052793514,0.01380954798509082,-0.0031442800153830275,0.011538380434360729,0.0058609963653588615,0.00859705516307474,0.010107150907101348,-0.00269934750437939,0.10320330334810013,0.006376951574210699,0.011864985736940836,-0.007264100342653679,-0.0020533079924889286,0.01671757408221608,-0.003737338810418711,0.012916529443649516,0.0017081497383040212,0.015105598126293085,0.013850654803372775,0.0013570529764084238,0.0018275928571651612,0.010291611740000706,-0.002713275212902544,0.008686640625341413,0.007840035024517356,-0.019597202444602835,0.0031902242124337565,-0.009729121927529283,-0.0018145445493181755,-0.010585280147505816,0.0112646699922061,0.0,0.012708802794452856,0.02407707245387991,2.453119355871891e-06,-0.005524812876535612,0.0013710316232944386,0.00811196990619667,0.06625974346244634,0.014240319004987567,0.0,0.0022703218777697654,0.020987151092628942,0.007284115055097962,-0.0010395860797555168,0.053191497960141776,0.009915117442519383,-0.0029555837364713122,0.008133758296356097,0.002199111448503821,-0.0042847429145086435,0.004177950335525038,-0.011515146775260665,0.008513860258677175,-0.007326577569404358,0.0037454635940292746
2018-03-13,-0.023819932744427397,0.0025810003614106236,-0.004880327854293931,-0.0014408937457218718,-0.007435181788813083,-0.012048048330694616,-0.0013559291165060605,-0.009842800469596957,0.01390819246686159,-0.013573452795088814,0.0,0.0035601018076183433,-0.0029546220608336338,0.006289768255297146,-0.0030169841084489724,-0.004374880390233149,-0.005280852714627082,-0.006351754569601131,-0.011666692248825217,-0.008479120140169827,0.00019809369317158598,-0.0010450903692142965,0.016702654354815882,-0.007317281245579288,-0.013667324116282131,0.030896867990229282,-0.0066600126146662,-0.009505732558045432,-0.0018126644520841673,0.012809529282631127,0.0003848199154918852,-0.00692885005622057,-0.0354839504154455,0.007920611150145973,-0.007511962281956164,0.006397613604885333,-0.0020576389580775345,-0.0040805259134435445,0.0008332792110317122,0.00229536040485967,-0.0012791532641471814,0.006324638629215729,0.0036430218880143528,0.00045168413019847087,0.005473525614582586,-0.0023446984492562217,0.001813932127018747,0.008611631238141015,0.0,-0.002190696688849081,0.0022256494133208182,0.0004270360870863854,-0.0036363539242041387,0.004992599621133964,-0.003993148308859884,0.0,-0.00466127999642485,-0.01645767191665848,-0.0012390675470890233,-0.02222220063700142,-0.005248946773022234,-0.0014628136959135007,0.0,-0.029641368472301477,0.0,0.002548188797317108,-0.013889025463923566,-0.0013557386800735483,-0.0007800447245411846,0.0,-0.00045613819856860083,0.000988013174323843,0.016538574815261997,-0.002047942663572222,-0.0030735078217396516,-0.0013868784542537815,-0.005824600581037731,0.0038373406362983697,0.0026113054224750076,-0.0023745898874681926
2018-03-14,0.0055247653603520686,0.008328028474572813,0.009080946011686297,-0.011544265500587736,-0.0074905878278165305,0.0,0.003949638490276408,0.0021872236537099354,0.0,0.007752251524825837,0.013513553563602176,-0.017737445212356207,-0.012416911379614426,-0.019971029554700537,0.008379869097173698,-0.00952044054933665,-0.01383440891091281,0.003924621213966084,0.0035258637145847427,-0.014693003396840876,0.008322730093042408,0.006930975803027595,-0.0031798697847288393,-0.012284923890676813,0.01154722387270235,0.02819840476164881,0.008997926324961103,0.0,0.005318438810638426,0.0011031592510000188,-0.0034619469040717554,-0.014717026634842978,-0.05016736763351404,-0.0011784651271319335,0.0038765839816907732,-0.007334772414434143,-0.008247632699832308,0.007592086431203127,-0.023739610223810104,0.0061070272816685645,0.00962682801042214,0.012938834940056099,0.0009074291072548313,-0.0016254578662193708,-0.024606345721025158,-0.006078010074379803,0.02159385130596947,0.007148698298442113,0.007346046177854948,0.043633593566477114,0.008565793030634206,0.0064049265847789805,0.00729916673814901,0.0,0.022367593588170642,0.03771700991075244,0.0061239608680248026,-0.03073425667240348,-0.015514313682892689,0.0,0.010553226720497966,0.007326005088250209,-0.05151260706027816,-0.0016074839157941279,-0.01676007579312222,0.0036714595660778393,-0.014084481293209494,-0.0002276652268750068,-0.01184107448262428,-0.008547224065278192,0.008222521426161311,-0.010858638774143503,-0.010317236620375758,0.0,-0.004111239511476739,-0.005555218229486347,0.0018502555591719538,-0.02217107848135802,-0.007134727630848325,-0.014621003497481189
2018-03-15,-0.010073119128808705,0.006007006845787144,0.0003205380552657733,0.0029198136600514513,0.01509453257702087,0.012194973966433764,0.0015982317609761765,0.009124585169845378,-0.005486963245862619,0.01288460000475311,-0.013333372322538173,-0.006019360466712698,-0.006143644732942599,-0.011122466562849764,0.009002786850510702,-0.004805840945148687,-0.023978837013685084,-0.0007109784203401803,-0.0013747921694682308,-0.016501823790230463,-0.0004913971296981456,-0.0033764365110156014,-0.010100855963915079,-0.002487607003249792,0.015981648927217984,0.0029775865251233657,0.006819754766515196,-0.0072936540001407035,0.00038676639774593013,-0.006528765900847389,-0.016985366130911173,-0.0014383517579547034,-0.014084779605161302,-0.007277984313003749,-0.04082375472295663,0.0,0.00623719321261329,0.005023139090276851,0.008105467063586946,0.0030346664566767156,0.017570302853989972,0.007664530108476342,0.021758800076934204,-0.014381318352187034,-0.00015657209457564658,-0.020056918742657026,0.0008228212403778024,-0.00946361227097936,0.0034321178067542313,-0.004207673769811571,-0.005347487579689836,0.004666938694155132,-0.02536217029490473,-0.0014192718843770713,0.004127993235493399,0.0,-0.0032228141208171524,0.009630038651193829,0.012985823067076963,0.01325751743232595,-0.0027246691188987926,0.004363362131311055,0.006896544920278691,-0.008051478232208753,0.011363722462464976,0.003657591049769593,0.028571544164091245,-0.011609811096874867,0.0107978955909247,-0.0062696815631178016,0.010194772990693712,-0.01497001626498029,0.005212238889765963,0.005863306115102107,-0.00330256926242245,0.008379444754882615,-0.009296937561295016,-0.01146751032236093,-0.0018249484500277857,-0.006211194654498597
2018-03-16,-0.06336739866347174,0.012240882327810176,0.0018418922562393192,0.0014557376475090589,-0.003717303051205101,0.0,0.017061561090445432,0.005897472339891685,0.0013793419147360986,0.010442601616486247,0.09459440075216508,0.009487425550777528,0.0008624525201781363,0.010618539412942773,0.013040280062199594,0.008543611355175118,0.01637874472011469,0.015647421053932353,0.014226982969436364,0.0033557658000324952,0.01421100396037156,0.011076116701184358,0.008593027580798607,0.01246881652317322,0.029213685722191407,0.017969120555146656,0.011809649731799876,0.034752202168721213,0.0174130324548325,0.006145116424438601,-0.008639426894418545,0.0058724141388497575,-0.03571387268364645,0.0007928245719299731,0.034509062722096306,0.012315140017927106,0.00206614170540953,0.024633972337349652,0.002538975586368286,0.011850839602183916,0.012423770049073468,-0.0021731105126205907,-0.004436419026891181,-0.010645148193759724,-0.009716519753216857,0.0022461885926801095,0.0183382060650652,0.017714830960729344,0.0017105089339362056,0.004225453097977505,0.012017632504062181,0.0038009255332283054,0.013010946239465637,-0.007107335870051523,0.013155355548444714,0.008653860825758697,0.010057761421552458,0.029428901597447155,0.01890020452373231,-0.06542054408814157,0.005918968647808276,0.018826966625258956,-0.04623287223834538,-0.017857124171274608,0.011236277058521482,0.008130313214407714,0.0,0.017043082073362692,-0.001563252112944502,0.017350266723031638,0.010540495043942055,-0.027355993374829524,0.013960947649933164,0.012970042822336936,0.005591226571298513,-0.008309813134796173,0.015014618667335,0.028473528123027725,0.01896939123595831,0.021180701318002093
2018-03-19,0.0558024005524389,-0.005309089260438049,0.014602723442503907,0.010174217652427986,-0.02425402061982751,-0.012048048330694616,-0.013999406182390262,0.006254126711699559,0.006887012716445318,0.006764143353358509,-0.03703704505950889,0.0035993390897048894,0.006320091906761638,0.0002332065511339021,-0.006774871769737567,-0.00736628088693736,-0.01693675839305564,0.040616547052201524,0.008295205771832181,-0.0016102933184067858,-0.0007820281534710594,-0.007088307280006645,-0.002928840464985649,0.0,0.04803469667453397,-0.01719140674136621,-0.0037763318427763704,0.01320766508809501,-0.004310407846561004,-0.011875759661219565,-0.00554540116880442,-0.003194142484990059,-0.04074050519678829,-0.009404136139041452,0.0233509641410099,-0.014598484378053,0.0,0.0015098945282778775,-0.022372234649014167,-0.007475896000652682,-0.01767896946540437,0.009437358992146372,-0.005347845176571053,0.0005565998365515412,-0.011235936483602105,0.0017434559415137052,-0.006892433612323501,-0.005476189843740209,-0.008109554495627669,0.017617487358575268,-0.0034373618553333873,0.009255265664049661,-0.00733917830649633,-0.0007159806074384933,0.00020262394464154454,0.0,-0.025249193188062735,-0.029039544574284926,-0.026046300882251905,0.026000022888183594,-0.00045272255354611435,-0.007107023783029964,-0.0035906607379059263,-0.0033058784595263457,-0.005555654202535787,-0.008620689655172376,0.016666469998616762,-0.004755312587375604,-0.007698357348778995,-0.0023253819707863554,0.000221963675644421,-0.004166316611972198,-0.009441322224462367,-0.015537491679501136,-0.005148159983108913,0.0,0.0120179196590533,-0.013586595349643682,-0.019288923154089033,-0.004080458741178794
2018-03-20,-0.0622077258000564,0.0,-0.01205503242942041,-0.007194184074186594,0.0038241157454079744,-0.012195200079833102,-0.005263459518836222,0.006408977158082418,0.005471951048718893,-0.005412416717326618,0.017949021903090445,-0.010161762295020083,-0.005281142264190297,-0.003112360187898955,0.00022793728625392085,-0.005194634993993752,-0.0013942025970834493,-0.03028286769337296,-0.002991685317794257,0.0022331024337074457,-0.00039149180700370767,-0.00791827274175283,0.00694265075722833,-0.00985216110991416,0.04583329538609848,-0.02014686065383564,-0.006374893519696667,-0.006704040919922605,0.0028009803463988625,-0.010730450783299927,-0.005576945833102753,0.003204377724016272,0.0540531860373461,0.0025983429845937156,-0.01937712143053194,-0.029629844696207996,-0.012371395831661358,-0.004406892490804948,0.01079484368191097,-0.003765761763778852,0.00783378148060021,-0.00575347641320223,0.0,-0.0011124147005113771,-0.015364767079947494,0.004972296793676501,0.0030639540181145453,-0.016322372217868475,-0.0025817875203559826,-0.006201516910233962,-0.003449388414524912,0.00041656388665267663,-0.0018485085120062417,-0.0021491816466349123,-0.006490853194927704,-0.027645390692996985,-0.005472041147661644,-0.006982387578745586,0.009217296098905203,-0.005847993984229971,-0.007244693392180146,-0.007158417413654861,0.03423415745110869,-0.004975059740926491,-0.01676007579312222,-0.006171124435270459,-0.013661177961245108,-0.010238907646255568,-0.0002628782970377497,-0.009324084968366453,-0.011315894848681007,-0.007322253490181674,-0.003971431147386406,-0.0051145023918813814,-0.012833954457762253,-0.002793670696305206,-0.00791691987718901,-0.013773082851197826,0.005717448269797698,0.00034140570733121045
2018-03-21,-0.0064836602122101405,-0.008005801846752258,-0.009251232051755154,0.008695965894109037,0.0019048229590308274,0.019752665159302296,0.0013540481334795018,-0.004052609183958555,0.004081661251375213,-0.00131338901420186,0.00755645353482115,-0.013888654620814123,-0.014349240046011236,-0.025835250233707807,-0.004092266973502401,0.0011187872498010787,-0.014516965315091945,-0.000694018534637908,-0.006901488675252865,-0.0004949510226289755,0.003719941665488058,-0.0032707332265650146,-0.021744858027260117,0.009950192004618108,-0.0039839208871036424,-0.012910202195709375,-0.0036413679154968515,-0.010123607273089696,-0.006475464194232505,-0.004946115471404999,-0.0885237856075557,-0.0033044279398019016,0.0036631033151399706,-0.018538890232808858,-0.009418243418493843,0.01272285481284463,0.002087924984715661,-0.001281228905625098,0.0017084281359933673,-0.000504190491836698,0.0069327646080825645,0.0010850984371297834,0.002688461185822444,-0.006589600669021589,-0.024707724265201958,-0.0072564588384234074,-0.0021198865263827305,0.013394563593605469,0.00474543948581041,-0.0059803969183993555,0.00031452631226280836,-0.0037500253919126036,0.0037036086190105344,-0.002871247758071238,-0.012045866207427092,0.0,-0.001467478318812998,0.010664409767940253,0.012172586802111196,-0.003921564960883028,0.0011403417394590942,0.0007210104968877751,-0.003484317373521062,0.0,0.011363722462464976,-0.003951517444385044,-0.021052528356159894,0.0016088726218477234,0.0007891883958845991,0.0070587706705727005,0.009201196781633225,-0.009483666056442352,0.013955484075228952,-0.006463065085597575,-0.00859727796502896,0.004201630712434179,0.0012277617367806304,0.009485994236732909,0.0026151630399915415,0.0003415976992557912
2018-03-22,0.012550524407295871,0.006725229946774602,0.00759354576063509,-0.022988607835488728,-0.03612155285169427,-0.019370054949762294,-0.0025808555735382654,-0.0001938955074941573,-0.013550122368818363,-0.0035705373101252436,0.0,-0.012451396182452057,0.0018923597261626401,0.005608611594862145,0.0031955607258040697,-0.004098116893355597,-0.004702839157117333,0.015277965188545739,-0.02719477474108356,-0.008917485709664663,0.00019509681765139675,0.00013117557473418806,-0.0609921011873229,-0.017241301415948707,-0.04000010285931754,0.015985601203162725,0.0008701986116907978,0.008333025770566715,0.0012778737107848048,-0.0055811171605548715,-0.023291670377284968,-0.02763021638778862,-0.02919657062487846,-0.014420753379307594,-0.00801628644950314,-0.03266344227246598,-0.031250070576332,0.001632970956285007,-0.0025588501789604035,0.004286347957144887,-0.049238125690746704,-0.005419152376453074,0.005361859262543511,-0.004484246521755164,0.0065001880109372134,-0.009136782725684411,0.011306944533575836,-0.006115760330945075,0.004293670316177556,-0.003923178561413443,0.0006292820442976854,0.0012546148115282207,-0.018450136059589894,-0.00014532378138487623,-0.0026866107312806253,0.0,0.0036736892735360627,-0.07015305411553385,-0.003485862970052489,0.003937004178520276,-0.0020498688338521642,0.0064843440396415986,-0.02272721020491575,-0.02166698978692083,-0.022471424436628418,-0.014735039375522785,0.07243912472361291,-0.002065545852831585,-0.030096015988984037,-0.0007786760989844099,0.008005267142416006,0.0021275131388773794,-0.003539179915033386,-0.007096077535073131,-0.008459981087308166,-0.029288696380130763,-0.009810049490844963,0.030018487741043876,-0.0117940335650627,-0.016035654044923575
2018-03-23,0.0014871651637509142,-0.014400212109822341,-0.007722453429133136,-0.026470718790217007,-0.0394478689136144,-0.012345759081975216,-0.014044449420105964,-0.0019378737415297609,0.01373625024046543,-0.019422727453376365,0.0,-0.022323116483782712,-0.00639356040854977,-0.008843678553766776,-0.015927018203877652,-0.008604701133744896,-0.03461037823080315,-0.04240786444879041,-0.017394145294461816,-0.0048736793944932355,-0.014237122328878415,-0.013387635897720518,-0.016455065825235038,-0.020050327537983414,0.0041667849727520245,-0.012078554178749479,-0.012519561128080614,-0.013147570100116801,-0.01276295402575367,-0.013330089813651247,-0.005399548695485534,-0.016595509966442434,-0.022556655491590583,-0.01020075064334136,-0.023492068641910002,-0.031168888413015905,-0.027956787989519394,-0.017931941769703696,-0.004702438482979909,-0.009540318597950681,-0.01777517779816984,-0.013077015642830814,-0.029333107505126743,-0.007882716835311832,-0.018545916652455086,-0.008718379074818539,-0.01482494394332079,-0.011313620456394835,-0.014108396152846425,-0.03361362203715257,-0.011945851053937417,-0.015037179179481774,-0.03571419018132438,-0.0007223140512435666,-0.007459250467573453,0.0,-0.006954223064745579,-0.05511909405148396,0.004546132779138068,0.01960782480441492,-0.0159785732219061,-0.021474879169668615,0.017889070107855565,-0.020442754450684997,-0.0402302881015969,-0.018118951385032833,-0.05013183247056241,-0.014259216853951373,-0.03604319308872539,0.0015587857659347115,-0.015221350579719628,-0.009553943570605017,-0.004340856392867187,-0.029928908473645488,-0.012585160827421449,-0.033045725707724904,-0.0021669412386279285,-0.019259897758291622,-0.01973842287098171,-0.023925028626019196
2018-03-26,-0.032178446745586675,0.01385749876043163,0.002227302974118661,0.025679841670462,0.043121258287137865,0.025000164167775507,0.02074219179119141,0.006019427419606371,-0.013550122368818363,0.017115400981378537,0.0,0.0014796871299891379,-0.002778410827578015,-0.0014472939704076593,0.013178971267998607,0.012830080708486902,0.023410057545099505,0.00785752438784404,0.036352276030444663,-0.03855383060279294,0.010188991200653419,0.009977232158672633,0.03522169137366116,0.025575589477033533,0.04771781336102321,-0.0024134693952823083,0.013030420383597807,-0.00380698012420011,0.010213274481244206,0.006577552029603195,0.024655591703250712,0.024156641593831685,0.02307719994035562,0.020403673560436708,0.021939776268024458,0.024128687287498396,0.024336015102726316,0.015888154354371187,0.025343773379707946,0.009885777984794508,0.0051385419098695095,0.015090465049589774,0.018314607169398256,0.011823632436510412,0.005567637633376865,0.010401721502702133,0.012163957587937091,0.01425419295770336,0.014310291413166087,0.05923923196421299,0.012090279734850329,-1.503661264390388e-07,0.021442346161682835,-0.008683162230676778,0.011064668086007368,0.0,0.011794780271170424,-0.018344983717052288,0.0012353134734601756,-0.028846081544659063,0.016469638023685063,0.019020238131185252,-0.024604545707858083,0.0052176688979608254,0.02395221003189829,0.009080105234578584,-0.027777887037805482,0.008866097257825611,0.023756144114729816,0.010894627945584379,0.01657688113054001,-0.0010721352880539436,0.020214021692173123,0.00015355378571446643,0.016850156687574724,0.032689489434799546,0.020167336840950068,0.02093012970380359,0.02435052414094052,0.015985665499419488
2018-03-27,0.012276687981804146,0.01663950596750352,0.012076438738245043,-0.010309320628114405,-0.02952768827283747,0.0,0.01762788047606989,0.003281425891570988,-0.010989065691980104,0.01247843505755264,-0.01250003838000413,0.016677243526121988,0.015984624705447814,0.01738835576902109,0.02122306332349866,0.009314583045081593,-0.005819683743231385,-0.030475343616025108,-0.04651540775704399,-0.000783448679906873,0.01654923595868829,0.01554312300817573,0.006520982181523749,-0.012468895388820234,0.015841693057607076,0.01838411250063654,0.018425254591497353,0.017195173456169055,0.014717089088575719,0.002030680778079441,0.00022016623986731432,-0.0001125517102319451,-0.04135347750812113,-0.002346425098077587,-0.007721164093219102,0.0,-0.010798938848194939,0.015522514024389311,-0.01675788975072534,0.017319196773039502,-0.016003609754784542,0.006889080268224879,0.012590089460305265,0.0035524797884720627,0.018792091999618288,0.010629234261787301,0.007185900873050377,0.0061358404012392675,0.01710146718541594,-0.03386383953677086,0.014146312681242446,0.017293234891622822,-0.026717487033990683,0.00292000982342433,0.018376748701012025,0.03725493187997864,0.01639347984062245,-0.03495563875780672,0.01832473234061327,0.01980196056547401,0.016202784035642015,0.009332011961784792,-0.005405443022944767,0.003459876049417332,-0.011695929958475682,0.007256931230150698,0.019999878627704026,0.008556890154474583,-0.018399316386036202,0.014627158071456536,0.016746825802998577,-0.00321859709382577,0.011266408827244279,0.012277557251983762,0.005098836962604603,-0.017266117755453836,-0.0045618357506119755,-0.013414656346211307,-0.016571937481032584,-0.0010489271786158216
2018-03-28,0.0030317805171813372,0.003361114785254804,0.025081775700102282,0.017857039266011343,0.0,-0.024390400159666203,0.0068563776676651145,-0.007695548473812486,-0.0013888544874417486,0.007656781895525322,0.012658267205902352,0.022425179308228183,0.021940078917923156,0.03109685093794723,0.007150882376004697,-0.005168057089888656,0.009446569309565778,0.02412313939253119,-0.022712371656452013,0.04162339200662668,0.0018302286568823156,0.004150196925575278,0.016619703830931476,0.005050357024519725,0.048732771984840495,0.008394094365423932,-0.002048231462742245,0.0015027524072213083,-0.0036575638698738144,0.0280226592096533,-0.02118711113387184,0.0009029053996350012,-0.05882364248674299,0.0047039818842860015,0.00037957714617942173,0.02094241890749382,0.010916829017167506,0.006896124604726106,0.0063914340235105005,0.002220421426450958,0.02213682807379147,0.00432106623587547,0.0026642633254507775,-0.013041481188294846,0.028491080539481795,0.007784799502923434,-0.0019682020054027083,0.016364519822541723,-0.0029422220490475937,0.045937113942102314,0.0021699358137836633,0.013599927454834626,0.0019607790190163676,-0.0014558045426267263,0.0008114199515192322,0.0,0.009677382701503534,0.004458141854446707,0.0014463587988651216,0.0,0.00247007439463931,0.01991473691421297,-0.007246369925949403,0.005172603785269514,0.023668812471334233,0.025936282534988697,-0.014005495303227034,0.013070187925053212,0.013567800781119077,0.01972662332455588,0.014738224142864853,0.026910535075585384,0.010372802572404582,0.023650459064503915,0.014584205332587752,0.014641109578221734,0.012526881597420214,0.014366410020751896,0.0199887584924876,0.013300520236759983
2018-03-29,0.05572382228035355,-0.0010196269159706839,-0.01602772230549243,-0.007309798084943586,0.008113431399946913,0.0,0.006451544567492196,-0.0063979000866633,0.0,0.006300854767782749,-0.007537723157792664,0.02274573871762975,0.012429250949556936,0.021487178545032348,0.004881654282271164,0.016697779406122937,-0.008669327527114912,0.004282557560965072,0.028641774871780212,0.00954999723896588,0.0038464467243450873,0.0006458498493777665,0.0002770000957796892,-0.010049958172188234,-0.06505573498492445,0.009354805654823384,0.007696070940071076,-0.01725428016106978,-0.0027846715525881027,-0.004714415886183598,0.016009115420385855,0.013080643669536318,0.05416632342713612,0.007226335058263533,0.0,0.03333355318208375,-0.010798938848194939,0.007533158208711699,0.013547826869518387,0.005908695009170684,0.013701746379723989,0.009680938779786707,-0.006200095738361888,0.004152629353261217,-0.002081539527507892,0.011915587966238927,0.006532132229945198,0.004098041415066644,0.008009987482030967,0.020309857638341366,0.013609775527591683,-0.07337530714770069,0.007827677719770998,0.009475060394997348,0.017827766346416585,0.0,0.0042598349256255386,0.009708668518090935,0.017902076791610044,0.07184463664222207,0.0004480407898981298,0.008368184109209142,-0.005474490821885447,0.010291716133395523,-0.023121552774664655,0.0005619320254006688,0.010227270632087171,0.0054322678967859694,-0.0009659012699630987,-0.002232161135536148,-0.008756740545643904,0.01677150287680962,0.0026616034091859753,-0.0032580966750705986,-0.0037496936183342156,-0.0014429840699345942,0.013880147129246678,0.03641897064833843,0.013672142702934043,0.0010392903100657769
2018-04-02,0.0,-0.004519541269436322,-0.0017052128775778552,-0.016200302402364142,-0.020120541279764148,0.012500082083887865,-0.016500209825075607,-0.006633935089183862,-0.009735767886549618,-0.006261402579486708,-0.020253037563395027,-0.028395754190990496,-0.021344687980620836,-0.03320534452713886,-0.006182589539277528,-0.01532849251478463,-0.013725776997001504,-0.013504179841188124,-0.0693715564359274,-0.045556574882307244,-0.006992472609846367,-0.004775809372773443,-0.005539944381334649,-0.025380765665070748,-0.021868597386357602,-0.008797029363816433,-0.004242921940849631,0.004198602837759191,0.0013966485923395666,-0.00396195794490295,-0.02152714634984143,-0.034283032393492396,-0.011857676877923495,-0.01940169067146602,-0.019540805784943993,-0.04466516996395509,-0.017467354728471274,-0.023224238314127787,-0.02756887069646108,-0.0017129792164287672,-0.03030298202482362,-0.011008185869105902,-0.016042891036305074,-0.024062211537912215,-0.02904378630152049,-0.027529914573049097,-0.00587762757287924,-0.024101078705553336,-0.002509232583568499,-0.03209712890570393,-0.019835199023789607,0.041176482159866135,-0.029125960030088827,0.0021661138360333787,-0.007364564730679257,0.0,-0.00813011478378134,0.0031593868041759343,-0.009383194737106915,0.014492739851898806,-0.010076108035472653,-0.006224108116080429,-0.04128438761595232,-0.018675700266152284,-0.005917140494638096,-0.012352500993048965,-0.0073115891778691156,-0.010580571402671768,-0.022102274155958113,-0.023862493786850125,-0.007757197090063395,-0.009278222857925456,-0.006067558023862385,-0.007429302958475215,-0.01380179359258038,-0.023121390543740183,-0.019642921433457472,-0.01805787731631625,-0.03844029643661662,-0.029065705737665315
2018-04-03,0.03598915565432037,0.002489679409064971,0.015765424775971315,-0.00748496541639343,0.012320298941665087,0.00740728758556175,0.013759881293505805,0.006678238087164168,-0.021067429463259457,0.009080612890528306,-0.0051679819687884265,0.014715057815640975,0.011403998233419532,-0.0027197173177421208,0.005998760106618484,0.003706211743047305,0.021961488278211316,0.023775097795729172,0.014703291613304303,0.015910543894594564,0.007234550176059784,0.002075269452624706,0.028412220251816445,0.031249904774611315,0.016260010336453856,0.0001589087974227521,0.010737908574442345,-0.011782397399455635,0.0038021272725885513,0.011846155569975148,0.004763478113111397,0.015790315790781717,-0.015999601676570885,0.007934956937357684,0.014125151586494189,0.01818192388072637,0.004444615241663508,0.008351016534809963,0.013315857704892853,0.0007354023185013325,0.01124083253395125,0.009694725353180944,0.015398594628725393,0.001926106908918701,0.035531356961370886,0.016284042658324616,-0.002278964355521218,0.012746450875865234,0.007127881548218085,-0.006941053009087428,0.013075852817038491,0.009126230864461293,0.015999679031394543,-0.0014411210801387186,0.008622610226671545,0.0,-0.001069037042988108,-0.007120393627852217,-0.005675841835014794,0.008928605640421639,-0.0009047971119467979,0.009046855195043335,0.0,0.015570471641017658,0.01190465991131684,0.014496977395375366,0.0028329395514763434,0.010011473126133152,0.016103701824725203,0.010694876475195292,0.018892602680104842,0.024973938953208652,-0.017550383318220453,0.0052393811983248995,0.007209578823219376,0.014792504568998499,0.008196732778799287,0.03553702376167478,0.014611606245316988,0.014611555587109804
2018-04-04,-0.012969384541788975,0.0032140146047519025,0.016296906321536353,0.027149119063954563,0.00608507354996024,0.004902159789065497,-0.0034530660103514466,0.005658485868458518,0.011477819648687992,-0.004407721229878869,0.03896098890603761,0.016515344564129508,0.009866109583102523,0.013323907523602019,0.0006625781173943412,0.004431425352068308,0.021374103899168828,0.015482437081194789,0.030665540428503668,0.034402941565074396,-0.005075814582035876,0.005824411473982716,0.03764908331517436,0.015151630103574787,-0.019999965713560774,-0.00031716166344930574,0.003878760455962249,-0.007692741933792102,0.0006316127136780647,0.013331153413283836,0.02415310290917705,0.01815529259199211,0.008130177519080295,0.02852465837369511,0.016981864647231726,-0.007653117094668649,0.03539809971065666,0.0,0.020771581052974497,0.002449640559969657,0.014895756051067188,-0.004978891753523507,0.006244503815821423,0.00970901729201512,0.011011810831114355,0.02119968532537775,0.0020375213649095336,0.006293109986470924,0.007077538173620779,0.02769862698444303,-0.008297373900609695,0.020672278750471174,0.01377958305847482,-0.0014432009073891416,0.0013917731185562054,0.0,-0.0064219566247506465,0.0026203355876137646,0.015017693709460378,0.05309729359892956,0.014036399506016428,0.0048274259733100955,0.025837364850885836,0.015332509303698894,0.011764979803599696,0.009246057778042882,0.0028247700087875582,0.00022535730294070966,0.011261327182897407,-0.0022672723675714046,0.005541234864659739,0.020304552590858282,0.039607471053483057,0.004169610573126592,0.009052333590810813,0.0029158446383124037,0.043059491657381876,0.028558010496873232,0.004838830536592731,0.022479625664906244
2018-04-05,0.03237921618048367,0.003932043009992503,-0.004938177520820486,0.005873599843510213,0.004032179590597984,-0.012195200079833102,0.00991624455737461,0.007761353188468378,0.04539002640663248,0.00922347771280596,-0.007499816151560035,-0.012086103779849533,0.0022330252136926187,0.0015378720224006326,0.005517614966846551,0.0033088613145992873,-0.005850128026027024,0.012474036484191542,-0.019127048299128147,0.027798605527200815,0.007122846841734365,0.011452775394417136,0.00809164660229289,-0.002487607003249792,-0.01632655453135512,0.009034837423625985,0.008063302897007407,0.015116432712150685,0.006562481807521392,-0.002529959532730386,0.0013224000253195811,0.010364012288804902,0.0,-0.00894648383041019,0.0046903255800412325,0.023136331116856867,0.02991457516681595,0.008281633659603216,-0.011212392071511368,0.010019617475828468,0.015333938534118907,0.014295564493791435,0.0070920246755628025,0.002474856416890159,0.01878460386848846,-0.0011263159759566932,0.010287500157639462,0.012898295369286883,0.009921573870895095,0.029722952746239706,0.0179730993550542,-0.005063232625106884,0.015534207836514158,0.005058052868507135,0.007146878788341304,0.0,0.005386171950635399,0.014030267497378679,-0.0035364852297845584,0.0033613414399393804,0.0049118270954005006,0.011667793089352063,-0.005597053929302653,0.011744924287563352,0.005813933455049769,0.00027758176988212924,-0.016901543750226455,0.004729665820113915,0.010585758658498978,-0.0075758887618294635,0.008478349853825673,-0.003980317993411586,0.003395274610574761,0.005042308157927833,0.006468198135166192,0.004360554382645487,0.02078538338960323,0.00093315375487113,0.0067644241189119825,0.02816926814109788
2018-04-06,0.004545544890799613,-0.005947247117124688,-0.0058576835857721,-0.021897870749018278,-0.024096333090540156,-0.012345759081975216,-0.004495434754251071,-0.0003850168764180095,-0.013568508301948556,-0.013160228082626513,-0.005038025394822898,-0.007220335513267617,-0.0023672019142654266,-0.013358881987979965,-0.005267835943628452,-0.014657511033477788,-0.01114770166041934,0.00342252897642914,0.0,-0.04044944603231693,-0.005447543205530092,-0.005597978853153385,0.0012949060375577748,-0.012468895388820234,0.016597535093139326,-0.004398386066607141,-0.005999125618518786,-0.026346117254364754,-0.009779318704214668,-0.021136203309153667,0.0008808938117552678,-0.015441927020314217,0.03629044913280555,-0.008525567724800398,-0.008029931310670313,-0.04522603997120744,-0.026971078120209047,-0.004677321777713184,-0.0016800120732169965,-0.007500568605377844,-0.008198633084394058,-0.015503366693799592,-0.008802702030883514,-0.005535030764269977,-0.010690936672095419,-0.010552551464570903,-0.007621512178282663,-0.029905587192486482,-0.007368383474176454,-0.027397340279521787,-0.014611880225859575,0.0016960627273290285,-0.017208627986290637,-0.007907826832076581,-0.012418802427365039,0.0,-0.0024998294449194436,-0.007325025862529366,-0.014998376200430874,0.0016750802735814307,-0.004887818973727809,-0.0006783834489429985,0.010319006747290693,-0.001658133971468967,-0.023121552774664655,8.400065586799954e-05,-0.01031484760222412,-0.008069914894677233,-0.014828167814696758,0.0015264426132111097,-0.0010510385342670236,0.0030304721057357042,0.018420998434396818,-0.015198491515168833,-0.01575474860335191,-0.020260669639506346,-0.022058919357802576,0.01142190892374706,-0.012754859070342128,-0.00634815269208433
2018-04-09,-0.019909373921560558,0.002626470850608076,0.013662672743122384,-0.0029847672057794483,0.004115464990613438,0.0,0.0003567768618077949,-0.011941879061860505,0.024759261184438497,-0.006482846708257051,0.012658286589618983,-0.0006060281253535971,-0.003070943358818967,-0.004202104442123211,-0.004854617443176501,0.008925203617214938,0.0007437311358049481,0.010231719145649354,0.008500098024989411,-0.012960744447272354,0.002690858500435045,0.003966195112295123,-0.010085423682804184,0.0,-0.014285724281760337,0.0012619505502786676,0.0010059169493152886,0.019608327365223666,-0.0002536426831027949,-0.002505154124168296,-0.0006671829296367449,-0.005041532299682294,0.05447418507081059,0.005159532209383588,-0.012424648321378573,-0.050000153841487927,-0.004264226167106533,-0.001719315875878924,-0.009676349548804253,0.0007311584967522045,0.0060913350520428455,-0.006084576327140878,0.007104702201202073,0.011708128938097806,-0.009397217881705888,-0.0011401177543453045,-0.003809719839908521,0.0009946564009870595,-0.004123590575648262,-0.011066486283458299,0.0010300951235282518,0.0008466691080186717,0.0038910405059209285,0.006521785427412885,0.004191689366876972,0.0,0.007876642693221303,-0.014894755953726913,-0.004848423769978072,-0.030100305646238334,-0.0004463050426702919,-0.010862211092379725,0.017641557317329415,-0.00332243481148653,0.01183434361247171,-0.003920253623214465,0.07122155875703862,0.0004516666344780429,-0.005799151703497429,0.00228681947117515,-0.00694270877871106,0.0,0.025839664124811312,-0.0019478381144039103,0.0006397501140091855,-0.0014770151321620295,0.000867563760022616,-0.010831939491876219,-0.004729364972135053,0.011768607030277822
2018-04-10,0.014311834206983898,-0.012225295680876824,-0.00012684765466819403,0.02544884906807887,0.012294945842494576,0.0199999613722881,-0.0014255014240204256,0.0031189816966619155,0.0,-0.002982949493960718,-0.0050000229128619456,0.004244854447176483,0.0043403905297256795,-0.007658162410577263,-0.010421071922715464,-0.001105680678919918,-0.000743178410881451,0.0,-0.005619161555199814,0.039265321033177036,-0.007475774448011285,-0.01210661058987883,-0.0007837799854490957,0.0,0.04347829173322393,-0.009297230364621933,-0.006699176592853129,0.017307596583851614,-0.005698529927160467,0.0023381229992633923,-0.009788753044029264,0.017565567368909907,0.06642113991473075,-0.03522546932509896,0.011437588587617453,0.024930838408021128,0.012847905143705152,-0.009299545957181632,-0.003398468158033574,-0.0073080488888003226,0.0121078948996034,0.0007201205172469027,0.0026455477718652087,0.0028456206706910514,0.015336142386936702,0.002363665215856958,-0.002035542152355352,0.008344472116826207,-0.0016566787182408227,0.03306234210996917,-0.008418959125444214,-0.0025377114753433183,0.0077517400580913165,-0.0028798675550358865,-0.009143242411501662,0.0,-0.016340905732984967,0.012068206404166837,-0.0035967182367256934,0.03448272460139301,-0.010498032472591845,-0.011667864630964364,0.0,0.0033335101817588697,0.005848119706135302,0.006185026182077058,-0.0027027774767959256,0.007228496156586051,0.01611097394364358,-0.0038022405707953677,0.0033898812123716038,0.012084648349570903,-0.02626864067286161,0.010208842840156995,0.028772114038938312,0.01183424905774455,0.01762467284430924,0.0027954418928950453,0.001970052765248198,0.02226673315345562
2018-04-11,-0.03823398933132294,-0.0011785644758360858,-0.0020056228801501597,-0.0029194071592913984,-0.0040485038853369515,0.004902159789065497,-0.002617333130456312,0.0034977878136071006,-0.020134177499404382,-0.0007478966126899245,-0.020100595087447215,-0.0060383243734624115,-0.004878991296734858,-0.004724711078791133,-0.0017927163708914007,-0.009963034947630955,-0.0038339763086225886,-0.0013504879964403305,0.021937703126658104,-0.0080961102178434,-0.002124155505578429,-0.005676037956803159,0.005490227440181128,0.005050357024519725,0.01587295378337905,0.003817865900303641,0.0016861108513557266,0.010207715289292096,-0.0007644339952198598,0.00475115998654152,0.008087963482754645,-0.007856523871942245,-0.017301291316048628,0.008240957415879713,0.015642166988173445,-0.010811129981754264,0.0,0.00023165149818749065,0.0008526829680191028,0.006625846605129215,0.009613348423328505,0.0007199452023292086,-0.0008795754379036236,0.008229312689823187,-0.005917126400276862,-0.0014635110520242467,-0.00469740397662699,0.012020089551235236,-0.005391590247822764,0.003938809233981377,0.0,-0.002544610328887753,0.00576965841365773,0.0028881851457300822,0.00020074828547955725,0.0018903302691244406,0.008667453724474639,0.0015076838230796419,0.003611981227681138,-0.0033333301544189453,0.003837456445143106,-0.0020833473581605144,-0.0027372019039029194,0.001660887946195233,0.0,-0.0011177225398801838,-0.014092068168038319,-0.0015700730184485812,-0.003416981586129353,0.006106955244599144,-0.005912327936681172,-0.0009949178602364217,0.014412797029738522,-0.00802492876345351,-0.014294384869106391,-0.029239843672202448,0.01987539331102206,0.004647210129752555,-0.006246167475342013,0.013653781738183213
2018-04-12,0.0028398523495276606,-0.016964605523225318,-0.01706849348657069,0.0,0.01016240223828846,-0.012195200079833102,-0.01383587791514762,-0.0056156476733413285,0.0,-0.014034324785353713,0.02564114615576396,-0.011745724619853681,-0.00616445215193584,-0.013608659324802375,-0.013243468182053464,-0.01118170074098046,-0.00988070093465554,0.0006763069779189834,-0.007480636345517988,-0.01545840805726828,-0.011999490611690478,-0.012194947579711402,-0.0158606737619843,0.0025128471136266484,0.00390627681243938,-0.00427843905259051,-0.01296080843340186,0.0,-0.014021625809005567,-0.01160692417279341,-0.006463145857217301,0.005242044757139297,0.06337999144747686,-0.011174296530431116,-0.02226749484207935,-0.010928557757312718,0.010570629786111008,-0.015409659422064848,0.005110872327005689,-0.012189509149692301,0.016715635385557315,-0.0064727894544002185,-0.01408424368056227,-0.014166211035618992,-0.0068922488923405245,-0.0015472059020110729,-0.012232593314405293,-0.006425288967521259,-0.019182711576515632,-0.0002452097427249056,-0.007547179700515327,-0.013605334541552883,0.011471804248619932,-0.00647952734042756,-0.008423729510892097,-0.0018867636626621609,-0.013963425944250263,0.014506604119622457,-0.009647102865106838,-0.055183933554097786,-0.014616575611526739,-0.0222685236028477,-0.03019212392425885,-0.008291985510384126,0.01162805150285573,-0.013706288915998344,0.0032984609695903,0.005166671436227954,0.014401010267082182,-0.002276301192020491,-0.011044805713057437,-0.008964275049927917,-0.0335158569833206,-0.011236138449590372,0.003362872647894033,-0.018072441431827957,-0.009465510228022334,0.012488342020867904,-0.0055873062314356625,-0.0006414566609835859
2018-04-13,0.008022694707393141,0.01050466093538005,-0.015915750734531886,0.0,-0.016096370706032426,0.02469128925900943,0.008466361017321455,0.002531730841749402,0.00684927569743965,0.00835050170843532,0.0,0.0030738642070460287,0.00930360663969032,0.00689804758235435,0.005686730423579034,0.005277146524136134,0.0018563795803887562,0.00405414106300217,-0.02244809668478387,-0.03994480775179288,0.003330155864034845,0.00696087501494258,0.007661856501934183,-0.0025316742640937306,0.0019453718310893375,0.009548263359872688,0.006651034199510519,-0.0018712477270514949,0.016806378698869917,0.002087902691985999,0.004934884028608977,-0.006767917518241573,0.0374545688130683,0.004081033189680339,0.01632199156355818,-0.011049772191478957,-0.014644322093441908,0.008943317243779614,0.005508408882674676,0.014560957501526861,0.00020847188910289027,0.0036190770261490535,0.0017856098008792731,0.006851891222862561,0.008674772581295676,0.006280162454572968,0.007229566614431526,0.009014214553734412,0.001275154936728029,-0.006377246671001036,0.001584083693997762,-0.0012934444344335772,-0.005670977440268454,0.0028981471547528947,0.008899612911510646,0.0,0.009077407071294674,0.00539599831912474,-0.008843763636628088,0.05309729359892956,0.002738790145528469,0.0049822642787171745,-0.04622648180740352,-0.006688655950621958,-0.005747288283642127,0.006806556437484401,-0.002739640333402571,0.0033517593397427436,-0.01135733533195138,0.0030417066175896235,-0.02384052724309771,0.005025384514797393,-0.01017658736207716,0.007576126585644438,-0.001675522071405866,-0.0076685467230646065,-0.0022485617122000034,-0.019415264948712152,0.006906007068209652,-0.028241196711724537
2018-04-16,-0.049625735155664485,0.013810153416780713,0.03245153653221222,0.013176980038879016,0.01022485367505066,-0.012048048330694616,0.015591288283219429,0.009906651310623182,0.0,0.01242245676428344,-0.012500057282154864,0.023493243090375593,0.011731941523148492,0.013064641717155157,0.017869307829584846,0.01499807530664743,0.014014690043093303,0.01816943428310558,-0.005698833365402112,-0.012298900285383052,0.011421477173146677,0.01682533188877966,0.015207090126900358,0.02030464032618884,0.01747601675741617,0.01592014168521705,0.011011018377368176,0.002249855770133591,0.012460481464975803,0.004513799659615403,0.009821530834935865,0.012734119853449632,-0.0031948345591703564,0.00875359968995415,0.016059776881857335,0.027932851422051375,0.014861965503212504,0.022859800884197368,0.01854176877145397,0.011675871446576114,0.008531120407663906,0.012621665596648901,0.023172760486109167,0.013799573685512101,0.004691426422296585,0.011184711804678393,0.011858560550490171,0.014371663518526256,0.014437689406784804,0.018267039059145063,0.02182870665467984,0.012948043758470806,0.028517476941831044,0.0021682806987459724,0.010625555728332126,0.0,0.009715787215787142,-0.003622708283461562,0.000405977479395192,0.0,0.02571691329855441,0.010623151875866377,0.010880377258856821,0.0067336953219065965,0.0,0.007887538716336406,0.0,0.021158180799308424,0.011761338248352349,0.004549044962642634,0.02178207055934589,0.019999985319091307,0.035033968453555886,0.011277812589079561,0.01531659081929071,0.012364839341852063,0.02112685026667993,0.025157362748572387,0.00953285687625649,-0.0006605223328740584
2018-04-17,0.019704716279792978,0.00864231199158838,0.012175184840550912,0.010115730211569529,-0.016194433516145024,-0.012195200079833102,0.005786447069806133,0.0036547118652192623,0.0,0.011526446458970385,0.012658286589618983,0.004391093788649769,-0.0028988945795040966,-0.002594754924081899,0.005778075664713889,0.0036943379436418233,0.0021702873401217015,0.0019830926238071367,0.013654607578608813,-0.02172473767816019,0.008493310418657973,0.006926687155261124,0.016012463210189454,0.009950283240747426,-0.005725311027521607,0.011947493329191206,0.009383444727849133,-0.013468182421918717,0.006530017630750118,0.006913025772741221,0.0004420808653045061,0.0008827083143307934,-0.012820677456468199,-0.0010329387828139636,0.0226059607206317,0.0027173809440381724,-0.008367767501704648,0.012999295736853211,0.0024822504265182843,0.006251565624564748,0.0006184883318078871,0.002493049944590764,0.011324130013881328,0.011094272921452042,-0.004202513553095422,0.008897229812049545,0.006784985580542413,-0.002297420147431839,0.010464635751863627,0.00824236591515115,0.009907050913927185,0.016616821216705047,0.007393440081553404,-0.005047109318786713,0.009125104085910385,0.20982983277781053,0.010691625734872368,0.0006732996986564821,0.008958745172983562,-0.02521002072919387,0.016640289063133196,0.0056063259277472355,0.046966685880124315,0.0016724127352114593,0.0,0.00894348765750963,0.002747166581772431,0.0037073663165170245,-0.0066235138476723465,0.012830327556979437,0.012920067684638825,0.02352957474480677,0.0018395652659197737,-0.0005947159820184345,0.009505954956745999,-0.013740665681097108,0.03199998156660211,0.0011360144294416674,0.012206313737116004,0.0023132444771203353
2018-04-18,0.06714949985995822,-0.0018878624813087885,-0.0013842640414208907,-0.00715309383139473,-0.004114827707986435,0.0,-0.008218516514180596,-0.0026832370054061805,0.0,-0.0014703204678485626,-0.012500057282154864,-0.000993475879381367,-0.002076622232025649,-0.0009461214358582604,-0.004198182492732183,-0.00110414177094742,-0.006895531270075472,-0.009235336540963424,0.04673212376935787,-0.005281022821293613,-0.00459370923912894,-0.0028025885384876936,0.013472225189922638,-0.0049261638353164106,-0.013435710049266136,-0.006593138225162165,-0.005644004283104076,-0.002654536691960585,-0.007360934240552175,-0.0032611270544793403,-0.011709966178587439,0.0068325426059205885,-0.058441258729466594,-0.014064210918692366,-0.004313343961764082,0.0,0.0,-0.00045065330132199044,0.014445138395283719,-0.005973584575886481,-0.003298682227627081,-0.009236210929570832,-0.004306653404246186,-0.002950628774801456,-0.038761948493499676,-0.0023038078036190512,-0.002205524106436596,-0.005565242600803821,-0.007870936095443426,-0.009136721120413971,0.003985507097080454,-0.010058779280953889,-0.005504489016880498,0.0014493749444981496,-0.008256482147945166,0.015625,-0.005994398272934576,0.03727630620267908,-0.006455926057662653,0.025862002344394508,-0.008511452954951482,-0.016027954745111095,-0.05420560131261243,-0.003338992549205,0.0,-0.005540336551698943,0.00547944231180808,-0.00586662881205835,-0.0032656805425910207,-0.005216206787713729,-0.013605335114901251,-0.04406152762284976,-0.0084466142416747,-0.004612430396508049,-0.004707918656221888,-0.006191877507472521,-0.01149415818397026,0.00204287759657662,-0.0037540654855477973,-0.011869208223607264
2018-04-19,-0.015391463633979474,-0.0030556185403864955,-0.005014548813755182,0.008645362474331453,0.014462416360342623,0.0,-0.0028415423854021293,-0.000576467333861852,0.005442171751297131,0.0033129743801114664,0.012658286589618983,-0.030833489206942732,-0.02637478133424631,-0.059658846088181616,0.006656547807427415,-0.005895354577698297,-0.028232415022143242,-0.0046603574062006325,-0.02414975737573799,0.005309060088781958,-0.002595991632363903,0.0030659129518384454,-0.009029250187796545,0.009900714645624253,0.02529183495815923,-0.002623991076442067,-0.0006676999515964344,0.0030417904698736287,0.005781740555895087,-0.021525752382638763,-0.01564936025756769,-0.035245059625473196,0.04482743869727912,-0.01867000023230425,0.010830446681129757,-0.024390241694389192,0.01687740920899805,0.006306582190930943,-0.016273378405244787,-0.0016829830643146915,0.00744765181919993,-0.0050194971733653615,-0.0034601621581553665,-0.015536705622275493,-0.06048776400641531,-0.00477760286921991,-0.0019651675003324875,-0.004245502416064029,0.002087725896759318,0.0038825318556303667,0.0003050258007830653,-0.016088185520367948,-0.0036899425161043276,-0.004504836161148162,-0.008325021305240043,-0.021076906644381,0.003192224551447742,-0.013751987924612963,-0.0121951545377883,0.0,0.0037420058255910327,-0.0021248813686645107,-0.006916965969940958,-0.016750644691602368,0.005780510544166173,-0.014484439633407398,0.0081744528474057,0.0006552868920044475,0.01556300033478153,-0.007490661642523544,-0.007974528339367404,-0.03707426234587485,-0.0062962574464606735,-0.010463422065604133,-0.003908168056031447,-0.0015573099327205187,-0.0016227513872441035,0.007021201767193785,0.003653989742078423,-0.02068761194635904
2018-04-20,-0.011494428826940073,-0.0008755937377890044,-0.016639470434846704,-0.0071428764640859566,0.07942976735198459,0.00740728758556175,-0.003917966863001721,-0.0017300896905677599,0.0,-0.004953193343588458,0.0,-0.05911349336447591,-0.03224892958762071,-0.035918494654573196,-0.003967582627608879,-0.011119353522032416,0.00248005903729287,0.0,-0.021003198585334948,-0.017061966427930342,-0.009736006309200906,-0.0106978293529294,0.008099429048474382,-0.0024508553208054673,-0.022770554032572332,-0.0077371747693278925,-0.01069177167732338,0.012130734075151528,-0.012996640561434236,-0.02147133474879137,-0.014081471227307407,-0.004424718835068675,0.0,-0.011543345864902688,0.00303553761540587,-0.008333116042373523,-0.00414942958730502,-0.003133529235792243,-0.0024813171742836815,0.00024110347801875598,0.001437145208796009,-0.004685072198436835,-0.002604053875071899,-0.03015489076039135,-0.009519070982346833,-0.012882603690163141,-0.01076598481447344,-0.008527110421395423,-0.010416570411134085,-0.009910559517335105,-0.008851995340338092,-0.010326831894181154,0.0,-0.0051098557005608836,-0.010393772994267358,0.02153070735325291,-0.013790233090312576,-0.012496671172344986,0.010617468828630017,-0.008403313529497414,-0.008332865129895839,-0.009226119491759666,-0.004975143262281545,-0.01192491897881931,0.0,-0.006501290922535152,-0.04594594142071262,0.012014086199118701,0.006318029248449486,-0.020377416195550446,-0.0028238691502201485,-0.021852241690682894,0.01192703202151324,-0.011782279437457355,-0.010943611485214055,0.0031200106870012956,-0.0024375764034241243,-0.0015740978885341317,-0.010353767163221561,-0.016354388858431546
2018-04-23,0.016744437086899433,-0.0002918987749410684,0.003940389729800264,0.01726641037771537,0.001886853095635077,-0.007352823110218676,0.006078546256180539,0.004044492939828226,0.0,0.0022124406249175443,0.0,-0.009380533168351635,-0.017031738397666252,-0.0006959015939801416,0.003983387044847131,-0.02773633435376166,-0.007185735683868932,0.0020067324319599233,-0.012805233846906572,0.010883407210108276,0.005840940581026466,0.003990566936254769,0.015063824337501863,0.00737124570321579,0.0019419275855327989,-0.0018716328528175508,-0.0001687990878878054,-0.026217177688632853,0.0034187982929867466,0.0029675952019376783,0.026491717403660076,0.011851910036330127,-0.026402293403741228,0.007569029525322124,0.011394182137711928,0.0,0.0270836741161935,0.016053327996421674,0.02777780902921534,0.003610921377451781,0.012507739739259671,0.0057930578294944635,0.0017405422278751193,0.0051334665112636735,-0.011532324754285117,-0.003242173616403776,0.002114313440167548,0.011141349027143255,0.0050524836761633996,-0.002197075237168833,0.0012317837293109868,0.003913017804404895,-0.005555455433262746,0.006603268322583178,-0.002625633725859444,0.0650769747220552,0.00681209445746811,0.002797376777077476,-0.01744944306139784,0.0,0.00044194420008558666,0.005730447645581727,0.0,-0.008620635855994263,0.005746862518035023,-0.0008530981396576154,0.011331340355887898,0.012303190038668754,0.017900328507243213,-0.0007706034513120796,-0.0013073026401873022,-0.0021274957794005234,0.0022099364430312463,-0.0018343018130784206,0.015866421768137906,0.012441605397420119,-0.009774756428760467,0.00946122079805245,-0.010117322660292749,0.01628018402790299
2018-04-24,0.0036594806543037706,0.006428819885174741,-0.0009234505816481109,0.02404518011337098,0.0018833967985754096,-0.012345759081975216,0.010425488641444769,-0.0030696304624888704,0.0,0.020051484497344063,-0.05000012001975307,0.0011012674590673566,0.0039175146342016465,0.009838036361821345,0.008375262023239127,-0.022359226301122415,-0.00800979428139803,0.010013449259225649,0.00758054130089203,0.008040299398818007,0.008419304694716079,0.0029493175675781025,0.003215461803256936,-0.002439204490830238,-0.04069761936838201,0.012031069402615335,0.0038843994267880877,0.019230472156780865,0.01072505782527089,0.0008069837962791926,-0.004263857189370057,-0.004391892844233136,-0.010169718994183174,-0.004400123756885033,0.008097131962690574,0.02240915413895106,0.026368758441507323,0.016351233564474876,0.023799678521032597,0.009834498797746116,-0.0032403176574743453,0.0014401801574366324,0.007819262945255145,-0.0010597249497391603,-0.022450242299198675,0.024884163290359584,0.006454067480862413,0.002126541209511945,0.0025136465987634082,-0.0002450133651984432,0.008920313459596763,0.008228809108815183,-0.009311131667259498,0.0,0.01113816039173332,0.0,0.014957404542454089,-0.02218387255709009,-0.0028792978884261133,0.016949136104436047,0.010167800520100911,0.009971775318857512,0.021000003814697354,0.0034787046294253443,-0.0057140248030671525,0.0017083855331885278,0.011204544983157927,0.0021320722150031113,0.0051180502735792555,-0.010023068483642872,0.007417282063995945,0.009594501180367976,0.0007349578189863593,0.0021438281518399993,0.020756282282133,0.0015358550426254336,0.00027412228744516653,0.0245482641728747,0.0049942677691068305,0.0020448988288550574
2018-04-25,0.006836811665050568,0.0030487442301065926,-0.0036978387641357635,0.001381188271130096,-0.003759615536691019,0.025000164167775507,0.00023441941889323914,0.0013471436399916659,-0.005412714827564669,0.005229980809038803,-0.02631556883799846,0.009458851365909071,-0.003302098268230913,0.012699829453024947,0.0024043898974208666,-0.017350080286413827,-0.008851662890020928,-0.011236157810770697,-0.01220532834243837,0.006759727100418278,-0.0018232661150129337,0.008565413855001092,0.0014792404395544967,-0.11735952699537344,0.010100905153242579,0.0010805626814001101,-0.00117756022472304,0.0,-0.008489065506690041,0.004837998591205928,-0.007437474525025856,0.004750485960241191,-0.0034247010437741254,0.008300285284071007,-0.006460598175742405,-0.0027399890594465015,-0.02766772208590229,-0.0018481265777183786,0.00985025699073061,0.0030875643389312035,0.00406321963784495,-0.001438109021359768,-0.00603440329101379,0.01475957331643074,0.009764959247926086,0.018646359704741933,-0.011346101542031417,-0.017361194988243622,-0.0008356425007880475,0.000734532791429654,0.0,0.015034297135068098,-0.007519035743786873,0.0021865162450278586,0.00821139462956566,0.0,0.004912230797744721,0.01698144008059521,-0.006217198855361872,0.0,0.007221317663805404,-0.0014104954001221692,-0.01371208058762774,-0.0034666451947378274,-0.011494394096309812,0.0017051063251043441,-0.030470859346909407,0.006170546475152694,0.008878854111153078,0.00700940356333879,0.0012992699118050677,0.006335956795426645,0.009548478566504093,-0.006570763277341074,0.008656803999555152,-0.006134672743492664,0.007127200124620092,0.002395840005520844,0.007396263865561581,0.00952387230604912
2018-04-26,-0.01765492598982521,0.009842403852825088,-0.0012883084395687305,-0.009655136178485235,-0.003773316607190158,0.0,0.017348817049350096,-0.0015373150350111997,-0.02312926238091484,0.010764419210416154,0.013513574085266766,0.005448007098595831,0.002710224894465929,-0.0023189037077052665,0.012647417327988242,0.0076244739060511435,0.02000374468301458,0.014705648822611828,0.019296032041460354,0.022156424596956992,0.00788357289065833,0.012041755608249494,0.01846369872589837,0.02493103548758402,0.029999862854243275,0.005860914959699093,0.010948217641194358,-0.0033964331604445785,0.023545338336248056,0.01515704995287015,0.00749320504667117,0.0019140575168865581,-0.0034363679383832,-0.002672986440320768,0.10369065378872633,0.00824154217046158,0.004064671291480471,0.014158660097796538,0.0,0.014918546845482217,-0.0006070217855017601,0.01007908871217067,0.010407494374327309,0.015780968737103995,-0.019161545149410597,-0.025782896991159765,0.017963282948897596,0.01649018029826621,0.015474556254457816,-0.008070609937158912,0.0033536119846837575,0.010156390860138753,0.007575999958268076,0.0021820470159146232,0.016488026140504042,-0.0466561201836212,0.006982993929674164,0.01656419827843325,0.0073148342186262205,-0.04333337148030603,0.0013030745481641404,0.014830311185293432,-0.00496516768379307,0.0052176688979608254,0.005813933455049769,0.015607659924788742,0.028571544164091245,0.01649405327797293,-0.003105980707249434,0.010054183575958886,0.044549818510007055,0.0010493335018462169,-0.01636957259645022,0.015689525274775296,-0.006786225915154764,-0.006172915731741502,0.010615261523737818,0.006084339369434533,0.008833138646618499,0.002695424543602387
2018-04-27,-0.01382515771802606,0.011179362479266874,0.016774061125345963,-0.0027854604425370244,0.011363314183792994,-0.00487824584842611,0.007143425652148538,0.003271953494036195,0.0,0.009229281876823814,0.0,0.013870750299663115,-0.00015008783573133844,0.018596693651211638,0.01593421193277278,0.014336597022643227,-0.007583683763035087,0.007905428700365258,0.010627521218513403,0.02522327258593271,0.007822019894892618,0.00826678870707065,0.07928457444172432,-0.016216144863990478,-0.05242721807701156,0.008739770563342741,0.00999682218438469,-0.01287379029225999,0.010087686797579432,0.022220219497591343,0.0033803855284284534,0.021800205600676748,0.0034482172816945322,0.000964771067432757,-0.036146565513689666,0.010899232909400869,-0.00809695572856095,0.005476478149325725,-0.004291809140972047,0.01258097770561828,-0.004251733393307866,0.009622288446563987,0.0017167932750303816,-0.0014974474476349142,0.024831066552521985,0.015111600741638753,0.004595360282517724,0.00038618282557867367,0.01764600597217858,-0.048570069238898395,0.0,0.009216474036635613,0.009398643676020502,0.005079489238042578,0.007035437328492433,0.015151515151515138,0.005548050487794942,-0.014586103970250175,-0.003544795178894944,0.0,0.0067264971488734115,0.013917954192098847,0.007984023957211539,0.0,0.005780510544166173,0.014529386773470376,-0.0250001147230291,0.00894513639497907,0.0025961348259124772,0.031393319477069026,0.01387194286375526,0.006289016611629172,0.0011091286659969946,0.02816923274122729,0.03637457136574618,-0.00310570441349145,0.004039908211547871,-0.0062632538893888645,-0.007391122711480902,0.00873659990329867
2018-04-30,-0.0018687606632777909,-0.008078973832711167,-0.001649876893065061,-0.011173274738950356,-0.00936311395168743,0.004902159789065497,-0.005948772475353303,-0.005179454011544626,0.009749327762529347,-0.0031654733613692976,0.013333043152288004,-0.012398814397466373,-0.020276211400365285,-0.00938196067788799,0.00021217005814344603,-0.005496483462281487,0.005313214331981397,-0.006535896212679582,0.010844777687003537,-0.04472083246483638,-0.0023659170646861405,-0.004223182164387218,-0.02374017472662804,-0.016483614782020983,-0.004098125978797218,-0.0041045689381236095,-0.006103742287621783,0.018412044056905552,-0.00633322686514648,-0.0046396317622110494,-0.01751998676585187,-0.02870324425288784,-0.04810945709996406,-0.015420569475674495,-0.0013215774156277726,-0.02156344085459949,-0.024489997588536427,-0.006728316915381005,-0.012930835871745039,-0.002554535553277004,-0.0701504920788587,-0.005647760858014772,-0.005141397931373359,-0.011997128484800612,-0.00035635610898576697,-0.010790939797804433,-0.0003052208197148465,-0.00868749296894622,-0.0048962321501830885,0.004405437317400507,-0.0012154786302438492,-0.013698206903561383,0.0,0.002888024391970001,0.012031699806678064,0.0,0.003448294548467512,-0.00280036125423222,0.00176485256770742,-0.05052264345239421,-0.006034530260417004,-0.009608539321309006,-0.007920784226189581,-0.012110767161373825,-0.01724168237995194,-0.004406577787929078,-0.007977243654933242,-0.002268319874721869,-0.008416697637690818,0.004454589811322629,-0.007760056867103127,-0.019791328357241733,0.004802267653180481,0.0020621995952441186,-0.04304806235120795,-0.010903373520456783,-0.01555789324370871,0.00021706939106880263,0.013403559701776757,-0.0019988789102172166
2018-05-01,0.009362960000964371,-0.007716871079667564,-0.02092289242231027,0.01129952746372287,0.0018902245113650018,0.012194973966433764,-0.0006908396784300885,0.002699483469897457,-0.005517236117658975,0.0021169264641500707,0.013158071547631378,0.0021645080829995056,-0.0035260458319372745,-0.0032424735645176783,-0.0029667803565441853,0.004342896293231702,0.0036823294722607702,-0.00394757038677207,-0.004388800630678924,-0.017572110521487327,-0.0037952437369765946,-0.004116956780703229,0.029364555938698356,0.011173222953997586,0.008230420376584613,0.0,-0.008298939210641287,0.027495222824212684,-0.004412326775441899,0.013724507876996306,-0.004344027594500144,0.004076064446201899,-0.0036107952503058316,-0.0067435536505223714,0.015549900444817855,-0.013773869927101279,-0.008367767501704648,-0.0010755147039684942,-0.017070125493924948,-0.003026552002714511,-0.013339106128416267,0.00035539868301781574,0.012058567247509977,-0.006736029629452189,-0.0014256843716238254,0.005175420186110946,-0.004209563720021237,0.0038946538164303934,0.0053303670186124474,0.015995618535517675,-0.0012167942468646054,0.011363340278536027,0.0018621066552937382,0.004319412509808052,-0.005561114596478234,0.0,-0.008934923754727597,0.00026750832826261117,0.013201765968750667,0.05504590848330948,-0.00672188992002265,0.005543655929264535,0.0,-0.003502638832312499,0.011696053739993495,0.004149131342336743,0.029293490255483556,-0.0026863930303302475,0.004309134154762306,0.01108646039600858,-0.002058080511237792,0.017002983961572182,-0.0003674716176151893,0.03204473509362726,-0.010739715146021456,0.006299291250975836,-0.005994778407214074,-0.0028244549886983217,-0.011870067488420899,0.0013351546598026065
2018-05-02,-0.002782904517991125,-0.0036001531812749343,0.007140816669819694,0.0055864818091664326,-0.005660072306805208,0.0,0.001612683651091018,-0.00019223472924390084,-0.004160916733650932,0.011971899903653549,-0.012987185235105558,-0.009286973135961607,-0.028615274464771634,-0.007019423514435741,-0.004038156822007144,0.0007856750611348051,-0.02698095801046263,0.0019817833778681404,0.01551012623437753,0.02553292941961738,-0.002381008350128999,0.0018785936633416433,0.03499002025375364,0.0,0.010204151247973803,-0.028845902315653205,-0.0010041490682032306,0.056085281589708824,0.004678308606238302,-0.016348612270210228,-0.02433993360337594,-0.008344503628554767,0.03260879383205917,-0.019492175511635734,0.00423542472714411,0.1061451153388353,-0.0021099484165857385,0.002368411066660858,-0.00848162887606152,0.0011673896336394929,-0.005762414167979624,-0.003194183090407976,0.0008510526343321612,-0.02941706111057696,-0.006068492896167843,-0.014575191933558274,0.0014089676566839682,0.002910069578226704,0.03507326836316005,-0.01371278497568551,0.008224227098949877,0.009987475401469936,0.005576278278581759,-0.0028672236183067135,-0.0077129333592548255,-0.021791031111532133,-0.005200903915183908,0.01243313315353256,-0.016739026229503406,-0.06086954863175098,0.009604804277874912,-0.005513093237251243,0.011976035935817197,-0.01581736409565626,0.0,-0.006611264533493255,-0.034598218052171115,0.0,-0.0029902664926593214,0.003655034922256384,-0.002886971812971373,-0.0010446920325357656,0.004781263082564768,-0.012818728202188101,-0.021917235341999297,-0.01095448526479903,0.005756727439448106,0.0058834400174505586,-0.01224100171572351,-0.007999870794142772
2018-05-03,0.0,0.0007226322229514359,0.0006441964288192992,-0.00555544640886152,-0.013282959387990068,0.012048271719868886,0.012532939994815973,-0.003462130225688309,0.002785512730456574,0.003305738085091381,-0.02631556883799846,0.03662538977365748,0.0028508058744340925,0.02146538567221845,-0.0006880982824257753,-0.003141945688544867,-0.012465703451922217,-0.003296010953746542,-0.005948583414233322,-0.013979807125008903,-0.0014318806404309825,-0.0027506626110782584,-0.03682162106607301,-0.011049761505112388,-0.016161725307294317,-0.006443234852178792,-0.013737446838434919,-0.0006944750422709367,0.009067642300077505,0.01618768481424282,-0.030124645791813842,0.007732404253807612,-0.010526450616435423,0.0017870145396547965,-0.00892136669221888,-0.042929298680943306,-0.010570848059024529,0.024699286771526774,-0.02769831822493929,0.0083971432875527,-0.013598032293363094,0.0288360358518569,0.0008502520972104577,-0.005806128873429128,0.012031096457210122,-0.007555958885124281,-0.002386079396917151,-0.006189356260434931,0.007485959686416299,-0.04119450014391601,0.0193352105172111,-0.001235918843932593,-0.0018485085120062417,0.0007189166787080481,0.007967449709995966,0.0,-0.0013942404449480694,-0.03301204092823018,-0.010518586176673783,0.051851801486336724,0.0002164500437515926,0.004157525239873117,-0.018737724617803764,-0.008928514508537266,-0.011560837562582305,-0.004159986006638805,0.011560758203212007,0.00828860790628072,-0.003521129580291271,0.0029132150083805985,0.002688571926599881,-0.007322219504956928,-0.0040263235753692506,0.001154234933346876,0.0018847456921735617,-0.004746855110056791,-0.004906027467976082,-0.018847535156195305,-0.0012740398106677597,-0.016128996838082665
2018-05-04,-0.00046519781437559526,0.0021664042370821424,0.009906052269524679,0.008379956054212823,0.01346177155281647,0.009569444526196236,0.01896454230346034,0.0009650093898689871,0.001388920714826547,0.022195463915765767,-0.01351351510750698,-0.004206374199133722,0.006159357681891686,0.015191172052178237,-0.0004305252852320196,0.03979535795749678,0.015209522490142957,0.004629768597165462,0.0027495061946045674,-0.014177329411744655,0.0007652791624985777,0.0015044457015100932,-0.010731242967654042,0.0,0.016427217483831136,0.007434417209070787,0.00288733127310703,0.0020839257409739353,-0.0018218144208802522,0.011414878246593707,0.032274295859430646,0.014669391210814009,-0.003546039951937918,0.023188308285273296,0.008220844032704289,0.02638521241369185,0.01720431388458521,-0.008330839326248674,0.011310936112262526,0.000925712822126501,0.019661197935190833,0.003806239630436803,0.010195278958256226,0.021478638570616493,-0.0017742004931807775,0.027538806659621384,0.006316845270732063,0.02335534013767271,-0.006256972828095453,0.03598314840684558,0.012744644979937547,-0.005363160458130567,0.03703693628504423,0.005028999805226642,0.004434128732819342,0.0,0.010471166557182165,0.006418099261830346,-0.007012658261360771,0.0,-0.004971803767991112,0.008972006370418839,0.0,0.02882892927590608,0.017544173446128797,0.01141724417774781,0.0,-0.006987411668772814,0.012564104035956758,0.01597706282229927,0.008251101938613115,0.01685990796842307,0.019478139112253823,0.012652400540548614,0.007315929301294322,0.0015898058807846116,0.010408153283496757,0.008668437395657369,0.015075836710064294,0.01571024803191845
2018-05-07,-0.01209839680981517,-0.008790804716975242,0.0003611167706145668,0.008310007436467481,0.007589884698634863,-0.016587883064782094,-0.00969600886915678,0.0,0.004160850598122989,0.0033924062084365048,-0.005479596195598346,0.0035905078050901817,-0.013969771844490109,0.00448948769934554,-0.009257027627237235,0.009094119376025,0.002608063045393294,-0.0019747924512975024,-0.012903220987406927,-0.039858032361482,-0.005063541229218482,-0.004756822501191138,0.03118651229768732,0.0,-0.0020202156634118174,-0.009420831896377324,-0.005250352530269842,0.0013866811407670099,-0.007907163158889285,0.0010104923319533832,-0.004702421532042034,-0.0013344765688290128,-0.03202845997849846,-0.0013072234527611304,-0.01043702946015801,0.0,0.029598384550956425,-0.010421014762275194,-0.006628091247425361,-0.007626639407892322,0.01396288403223922,-0.002757687847297685,-0.0016818359813463024,0.00823670812956423,-0.009776127055552752,0.008671218637724465,-0.004509471364289697,-0.017877375816395924,0.002754600655862749,-0.015292609829857473,0.004682476219427967,0.04479490690228394,0.030357145199241486,-0.0014299069312249113,-0.004222762682538295,0.03753431568674026,-0.012780454860013335,0.002442312147632242,0.004481939629949805,0.00176060372958875,-0.012600357526641237,-0.027359985649352492,0.01909553142711573,-0.01751328099810623,-0.005747288283642127,0.002753637384365293,0.017142656782241694,0.0014485479039674232,0.0023262197517450733,0.010721726384834707,-0.0014324196045595317,-0.004145138678824489,-0.007570406889342296,0.011345888753647948,-0.009545470388920063,0.006348974744900149,0.0056925114703207935,-0.007271727543241235,-0.0235346901062764,-0.015131336811824214
2018-05-08,-0.015073035746640984,-0.022244960328922647,0.0010062573495961402,0.014285709914395595,0.007533198343925074,0.0,-0.012491479303137654,0.0019281580890768701,0.0,-0.014201078477107276,0.005509787606807315,0.004418954219233662,-0.008595909927673895,-0.01754561278754818,-0.02238171657086896,-0.003004175189488145,0.0215365693913816,0.0026381496863141507,0.018790677031910175,-0.026961328632273407,-0.02928454249774748,-0.02037739643699521,0.0181896885767876,-0.005586305392448976,0.028340012479152188,-0.03138378960154897,-0.024008019272399816,0.015576243249011634,-0.026364521254183648,-0.00900290059286546,-0.000944052563057407,-0.0002229779650602115,0.007352708511867423,0.005345881492545779,-0.0067567964514880785,-0.005141025245777975,0.006159826037337224,-0.0213842315424545,0.004587399936478276,-0.028411725233910445,-0.013333728869931005,-0.006913229402683685,-0.016849206142513173,0.0032675453741697336,-0.007898189612297601,-0.003594887397683544,-0.021059130446274832,-0.011038077207122687,-0.014913743511240085,-0.006580756894560502,-0.014855860239615049,-0.022627922360247132,0.0017330977029057504,-0.002863019634407382,-0.015420014800351156,0.025147045359892095,-0.03953814787970955,-0.005549486444799245,-0.01112720473582729,0.005272360750352201,-0.028603159377542653,-0.02250342524219695,-0.01183430783985151,0.007130238369314146,0.005780510544166173,-0.005491656956035262,0.011236267897764884,-0.0008263741083459619,0.010960582579578437,0.0014140727530502772,-0.013316574863721953,-0.008324721091958365,0.006175043576450934,-0.013774561558527076,-0.014875304526121957,0.009463687195551351,-0.014285808555492552,0.01220872300003606,0.003159234004184608,0.017412355971958116
2018-05-09,-0.01721700446562968,-0.005402850572112983,0.009382728718975608,0.0008128836553669139,0.009345513050903476,0.0,-0.0007978350580996052,0.0048117388813435635,-0.004143609657401681,-0.012519479103275333,0.041095656182152496,0.0004193247204582473,-0.005941039937946924,0.01364690492982712,-0.005778811082890356,-0.010546067982243446,-0.21171381482763596,-0.00394757038677207,-0.007705660928822078,0.01040902325151949,-0.008506202101558169,-0.0030817953472297432,-0.007963868604022983,0.014044394664225912,-0.00787398519018212,-0.011291304252290968,-0.005582732022606174,-0.011588250047152027,-0.0062412572437664515,0.007047134780298947,0.004964229224966532,0.004566599286568662,0.0,0.004991686031210474,-0.0026546011114336743,0.0025838823025814417,0.00612274292351267,0.00219624114878747,0.01120792346879873,-0.011026005359440871,0.007975390171749419,-0.01914347707552122,-0.000856964201218946,0.00929217197342247,0.011760619418408336,-0.005960616882730307,-0.01013081681398098,-0.01292345446721166,-0.017927956105268206,0.008214057713871403,-0.006504936171565778,-0.004874312122952307,0.0,-0.0035893225903058656,-0.0099840073355002,0.0,0.016029346995010796,0.003811114694583173,0.030626092879473044,-0.020979001741372683,-0.008153882213422836,0.005755334396641887,0.0039920119786056585,-0.0035396596068005826,0.005746862518035023,0.0049699327520045244,0.0027776084247348454,0.0002066830632339034,0.002933659397433397,0.009887521188364001,-0.0037378643099366116,-0.005246282385607204,-0.0007218635759934644,0.00691149312939876,-0.013611506809684149,0.012500233476443245,-0.07765912286021448,0.053289357816506344,-0.03125741165384177,0.07214755964905706
2018-05-10,0.03941660397452851,0.011317007602932971,-0.0030131900206507023,0.01082522441270184,0.0,0.024096593581627745,0.010492940931495998,0.005171208312122699,0.0,0.009378117820080245,0.013158071547631378,0.00041870802998755785,0.009207082444597114,-0.00016656640339474116,0.010730576077743637,0.014084288847429738,0.034182341473375066,0.0138708442591573,0.016016698887632907,0.0147997901443353,0.010873813282322287,0.006697751500188476,0.009112658159039944,0.016620863777049077,0.007936476891689637,0.02135077575370592,0.016666671097524288,0.00034496260554051084,0.012048114943428834,0.0036254826745238944,0.0025878952773801256,0.004213459909689465,-0.010948723661653892,0.0030235817052131075,0.0004988486791459579,-0.0025772230615229708,-0.0020283209620250986,0.0018625884959639905,0.0,0.011633948834870012,0.0028572018580703684,0.006741835187185741,0.0051458077043622374,0.01936193134629982,0.0021461039207659738,0.0019724947691308614,0.012256287190566706,0.014679468577900812,0.010547482573700417,0.0026282137761513003,0.019047723438893716,0.014693994420059697,0.005557618286126331,0.0028815829819415217,0.011073452238427484,0.0,0.010397918648131554,-0.004610223165991245,0.00613628712493397,0.07142858967489163,0.02100896380529549,0.015021412026896996,0.03280317196235538,0.005328349955308731,0.0,0.004944506630236711,0.022160624979570498,0.027502031439473384,0.004959769715494611,0.003496366876682089,0.0018758930877866842,-0.0031646674318135393,-0.010477010315505297,0.004862087731738685,0.01768042987236762,0.00217176219719728,-0.051289583154725094,-0.009993813474611923,0.0018172777880687274,-0.005007837839667961
2018-05-11,-0.002809376406766484,0.0020891065580395107,0.007914672484993002,-0.017402975353892458,0.00370382266311986,0.0,-0.003950487007149395,-0.0007624176120207826,0.0,0.0015486005775136036,0.002597414375050011,-0.00648955007901697,0.0036810932054041068,0.0019120318178655893,0.003760234895323622,0.001501842293828659,-0.049469789208450465,-0.003908763412228122,-0.007324816216540242,0.012725270108416842,0.011052609827091997,-0.003198472624240001,-0.026015777487682024,-0.008174392964606647,-0.02755899034875564,0.009398926534482488,0.001552921175826949,0.01585682536169064,-0.0013929321314852805,-0.003864351218407003,0.0009383932343429713,0.008943417805205245,-0.029519691055758468,-0.004629342628975408,-0.011473042544916212,0.015503380134801459,0.004064886819193703,-0.002187040908282256,0.008620344741381736,-0.0019173976493110922,0.007232074678472422,-0.0007046669575349052,-0.008532311337816734,-0.0035380082916220967,-0.01516811946966845,0.007638288871726573,0.003182961145782315,0.002932533299103479,0.0008027696246659666,0.003931403678309131,-0.00029198772034222387,-0.002815951649796755,-0.0017273296084514556,-0.007902104781705166,0.0003912501702201254,0.0,-0.01277506435126774,-0.0054488438871345135,-0.0053706872472957246,-0.058333317438761356,0.004920851345602495,0.004228505610681221,-0.02791144872669793,-0.010600743860209816,0.0,-0.007927587592733265,-0.002167985888504864,0.004830319452737486,-0.0013918772892207443,-0.013240787509361862,0.00332832549519968,-0.013757009195764502,-0.0021906668910794957,-0.004126991142673231,0.030084982037488883,0.00309614829354965,-0.0015626085707383108,-0.0168244966725698,0.008344313888829502,-0.017301181068591798
2018-05-14,-0.014553833709684216,-0.0007443249141616537,-0.013799332980614087,-0.006811855238136877,-0.007380024248011652,-0.011764841246971747,-0.008951868051693901,-0.0007625896170837532,0.0,-0.004466572982831707,-0.06735747838909645,-0.004275838425264911,-0.010684029276489038,-0.012443999821454832,-0.0028646271814878332,-0.007121237269009928,-0.030951301303575485,0.010464387410872078,-0.009464343695787303,0.020047699738814373,-0.001561194235376262,-0.0010270499118235632,-0.03907298735554465,-0.0054945669310707546,-0.0020242184393008955,0.0006420603978425365,-0.00878699657487636,-0.002375637225271232,-0.0038048034836949407,-0.009866717794190905,-0.003047069606846975,0.0040489224961184345,-0.09021735843197154,0.0008652392597647829,0.007905596256544412,-0.0025443499586638163,-0.012145706532195155,-0.008329682717067133,0.011659184653196375,-0.00600042115239674,0.006310043256471998,-0.0077601636195274715,-0.015490328715395019,-0.000841064489643939,-0.00308014509139376,-0.012581897750035043,-0.003359616774209817,0.0005848889931456824,-0.0032088002608842148,-0.03394218119979897,-0.007011479827643163,-0.010084498245021334,-0.015570650634544991,0.0,-0.0050830920445393835,-0.05680675852074013,-0.006110753238819933,0.006711432539812545,0.0020339759809278046,0.0,-0.008457594288202364,-0.0014035668798009215,-0.00990102749433508,-0.005357073288212222,-0.01714273964641433,-0.005786503517317687,-0.005975034904311838,0.0012014861381766107,-0.007350057362396911,-0.006437396387393268,-0.012221793805858416,0.001073174400783694,0.0,-0.01414691629416942,-0.0026740129237470267,-0.006172958792812988,-0.02848189388047695,0.056042966774281666,0.012113168345383674,0.00032029268403177547
2018-05-15,-0.0019054745460684863,-0.004470619817553034,-0.011956489761136946,0.0013717149714407295,0.0,-0.00476175517118127,-0.010290309095733585,-0.0011450136755840612,-0.0027739224439247145,-0.012596902225856521,-0.013888951188698595,-0.01105423173637432,-0.006286287380712796,-0.013776952303640067,-0.013701243876416913,-0.016232923907969155,0.003311992870280056,-0.004530879807698396,0.0029151616408709113,0.012871990144426082,-0.00801693341747134,-0.011563649771623496,0.007351258069286937,0.011049675018715677,-0.0020284111437168795,-0.012514027028224683,-0.002433486089109649,-0.0629251836926793,-0.012730339969578619,-0.019589641885776277,-0.0009409839344781679,-0.0007631019986075183,0.05020888221687403,0.0011885882365962885,-0.008678096661286605,-0.007653117094668649,0.004098100911596569,-0.013373096434382559,0.0008086902956345732,-0.008693676160563046,0.011243021078858773,-0.005332349629151856,-0.006119193991391714,-0.00897796379222282,-0.009087623691671487,0.005144288173449141,-0.008426831846728322,-0.0001945898387363254,-0.006438657488686883,-0.008648536416128838,-0.010297109106094382,-0.008150196096355589,0.0035149716817133303,-0.007241222990982954,-0.012772948923798655,0.0,-0.015189815861896272,0.006666689502949685,-0.016879734158950943,-0.008849591131132817,-0.00763190270582792,-0.00983848453701286,0.007999992370605558,0.014362706955075577,0.0,-0.022173344217997437,0.019125649145743218,-0.011602420980826977,0.01480918542200782,0.002159467638874979,-0.010152377772888355,0.006430897891998688,0.016465695160458926,-0.024061283035111458,-0.014436207355102315,0.006211300897301708,0.014497502078508306,0.019445122745402443,0.0015406511516780075,0.021760092353217964
2018-05-16,0.03818606041817607,-0.009878466405490505,0.0038857723816776435,0.020547920646859286,-0.003717303051205101,-0.007177248413891224,-0.007855880430670426,0.0019103726822555789,-0.0041724908998049814,-0.00803945227517866,-0.04225365185826835,0.0019344916436176973,0.007137075912432511,0.008347549931441156,-0.005153709578959109,-0.010937805303607662,-0.005816614695752564,-0.00520163436792731,0.011141526466074803,-0.016124412678479416,-0.009855015924695842,-0.011699000672515503,0.014367149153116099,0.01639337110490313,-0.004065155026338085,-0.0021120725128341844,0.0008711719877279034,0.020326808478777325,-0.007479314315663399,-0.008860947754217086,0.013180005679564566,0.00839927241516647,0.007967999973544249,0.010685490979784218,-0.005555541449663526,-0.005141025245777975,0.012245381172227843,-0.0059376250483618165,0.007676759082301476,-0.0038978811404574154,0.00919399705442081,-0.0057181803899061245,-0.004397718191788802,0.006134282484157483,0.006419593166704596,0.006141719667525969,-0.010576253696059301,0.0037022040470313655,-0.011745680679430048,0.025081164972213355,-0.0008919863077464507,0.011914760880300745,0.014010399460205214,-0.0007290013135113904,-0.007364564730679257,0.011406844106463865,-0.00807932635761932,0.014461409251942392,0.01085657359240999,0.035714337412192876,-0.00723843651583711,-0.012065352290058451,-0.0009920862061038038,0.012389247417327054,0.01744173883423028,-0.007936433865481596,-0.008042802359004786,-0.007285848092688174,0.0010063389754455532,0.0007189386288206645,-0.014316231740823748,0.019169156534833087,0.008999261239402534,-0.010248097917545218,0.0014649891720748265,0.0015430337206909783,0.05874858767319613,0.014702832858644488,0.019048454715190566,0.023488649436006037
2018-05-17,-0.010115081039233864,-0.01405886788817523,-0.0018701334114693546,0.012080298507551879,0.018656442593405487,0.012048259736575417,-0.00570570028061812,0.0,0.005586586970037999,-0.0015099079067298904,0.029412095052830267,0.001716367986922318,0.0032210953316667013,-0.00042204257263012135,-0.007207284483396581,-0.008235285714339402,0.025932855121151732,0.0,-0.00862361079876961,0.06291677999247902,-0.011446331480450378,-0.013175482596560872,0.011690749368221454,0.010752810341967622,0.00612257821418738,-0.00325630857018544,-0.005919129790309285,0.020988808644104573,-0.009224615606844289,0.0010517733831894027,-0.0055750770123712545,0.002379431614587757,0.003952682173841593,-0.011106170436329221,0.004062909486373778,0.04134341163099209,0.002015949109771542,-0.007887922544419501,0.014434579627261135,-0.006113893481757504,0.005931933938972067,-0.011143061477904781,0.00971750818742212,-0.01378753090648055,0.007654754553997112,-0.0028955103921552983,-0.004772314207092787,-0.0025238302283709935,-0.0016390976453419803,-0.007492370950801908,-0.0089259069578419,0.006901996047711245,0.0,-0.0029200470972088333,-0.006216097901064921,0.0,-0.009996459858821694,0.019317888841065445,0.016049976846208347,-0.008620722256998503,-0.0061514302811076504,-0.001436616782080291,0.052631648729633884,0.006993031846675546,0.005713964326956811,-0.007713948027205375,0.013513409002172905,-0.004485022010374595,0.0010058785021362926,-0.006460898995689024,-0.005635880280367989,-0.0041795990770608915,0.011773193853815034,-0.00585253853410006,-0.00020890740131551677,0.0030816120137848735,0.021295823794875934,0.027609090484076892,-0.019040849389249215,-0.009179865366571893
2018-05-18,0.0009289960800922259,-0.004446618835191263,-0.0003907422960699458,-0.0013260863656400224,-0.012820261920813758,0.019047899399464274,5.894178195831046e-05,0.0024792100862180977,0.001388920714826547,-0.0003558575896470684,0.014285527241984175,-0.012208011093197246,-0.0011236597660891912,-0.00845123995591468,0.0006805303043821986,0.0015817188890081546,-0.0038532941382924957,0.0026144743594838094,-0.006121009198422178,0.010976161171661891,0.006041127532663726,-0.00472002922712722,-0.03466669193767624,-0.0026598541626542405,0.006084885698558251,0.0004901178003526852,0.003852960653712545,0.010452994782184533,-0.0015734234690696347,0.004640467112928537,-0.02312543132630096,-0.0032371378515655413,0.0,-0.0119872035774653,0.024279199583270294,0.0,0.004024199272684381,-0.0015900188798477766,-0.016205408958634426,-0.0017224860291970012,-0.0016849381198065227,0.0010903895279192888,0.0008751954796988315,-0.020922428294723017,0.004521338545425024,-0.010281858148430745,0.00019203161597114438,-0.007006572910365105,0.0028732316905806243,0.011054122390746324,0.0012008825518301514,-0.008467733594554994,-0.0034544222718262407,-0.0007322760100477721,0.003430172770531259,0.007518796992481258,-0.0007478052978459049,0.00013065499811082404,0.011232405100749299,0.017391287762185792,-0.006741079300225272,0.002158587853850813,0.018867905855434186,-0.008680414027117944,-0.005681500436141129,-0.0017277919260632046,0.042666671491590646,0.0006141687001162133,-0.01243011686818718,0.006502913664050203,0.006975733755711699,0.008394603827499791,-0.0070525536019039325,-0.00482984637305961,-0.002298894190981504,-0.01075258154928227,-0.011453796513099856,-0.008193749303135434,-0.010060211316783363,-0.0024706674790171412
2018-05-21,0.004640566236836952,0.0024641368781124218,0.015362569870495335,-0.0013278472057151047,0.02782933646436425,0.00467260540111103,0.004121896533097358,0.0009509562234193414,0.004160850598122989,0.003025911545557314,-0.014084325230222738,0.006287686562314709,0.0004820359368149507,0.01431864614120082,-0.003173720817394643,-0.0043429287259553195,7.744377953189385e-05,0.0006519430700335782,-0.007455498528584181,0.032311854609643254,0.0005005994080844456,-0.0016258351798729143,0.013581938775837799,0.0,0.0020163159578769907,0.0052243224591237425,0.0026167073601348623,-0.04827561443525308,0.0014448563648297164,0.015513232225617068,-0.0011953381688349918,0.01244971075771617,-0.03543267937973382,0.0062301273854576955,-0.0016460636621892233,0.0024815456953550807,0.010019866640243569,0.00762206843104174,-0.004821041162299866,-0.007148041537664684,0.01497914720429594,0.006172605281152821,0.00611864090462233,-0.00029129431688412755,0.0018008340368478315,0.0069786554089736885,0.024097481942501497,0.0035280056842372787,-0.0012279149092202513,0.02506669704046538,0.008695794463977835,0.019926826862115554,0.019064032478893322,0.0073263059103372274,0.006636062567414225,0.0,0.007484866144589208,0.005750162699184491,0.01522672790803914,-0.008546959779967,0.01661580306013888,0.007178522544180943,-0.018518500530834592,-0.014010381656162196,0.005713964326956811,0.008941571719845776,-0.010229934931279216,0.003479190421586953,0.009280535977773452,0.023689529637512807,0.016670680144367234,0.013527647904583828,0.0223724933330971,0.00697695297693568,0.014453197469589396,0.015527988461744524,0.01485460456803045,0.0055719749191627255,0.010401667333218123,0.019504931491193922
2018-05-22,-0.0161666504165614,0.005377280541368767,-0.01066794534051485,0.005318821196192314,-0.0018052046807111033,-0.011627756445160675,0.011142616880084555,-0.0011399204066678825,-0.006906038049498853,0.005146515796533135,0.0,0.0012929589821497611,0.0025701640077278043,0.004621325889766936,0.003411381744875097,0.007533805672286675,-0.004873574215940479,0.0,0.003592657956826617,-0.06347779329147696,0.0015004617345397708,0.005292728328704754,-0.0009083790658205304,-0.023999775583651517,0.0,0.005035022368765629,0.005393958959328815,0.008695461579893538,0.005639294773694514,0.0007726053754166795,0.0038303868361109217,-0.018605719311381774,-0.020408010165769763,-0.00445335529838109,0.006100703390551576,-0.023476513440080726,0.009920871973470469,0.007564843090429152,-0.0028262535300920266,0.0,0.005404284628043987,0.0032480182171457095,0.0060815093451767055,-0.005829830575787565,-0.007728408751012106,-0.013545261081313709,-0.004931087093763442,0.0005860312142014212,0.0,0.0010404152703984426,0.000297035755769004,-0.008771818519617947,-0.010204026080645412,-0.009454867749919327,0.00958841473749783,0.011940344056086794,0.014487417656075419,-0.007796213085239256,-0.023997864417345305,-0.0431034468583914,0.0025325326014202787,-0.0014254271507987415,0.033962230539781535,0.0,0.005682282158839147,0.004859528797567236,0.005167872185893652,0.0032633110357700446,-0.003778939967560735,0.0056103698696243764,0.0,-0.00924025659438299,0.00451527484287495,0.01385746506655372,0.007846270783476772,0.006116104006422152,-0.005562210860986294,-0.007833620470760194,-0.01348951066796622,-0.0009111538743441505
2018-05-23,-0.006572567993007983,0.01573933109469694,0.001166361199326671,-0.003968102838445509,-0.0018082826476835123,0.0,0.008815542195521164,0.004375822868390777,0.0,0.0072385440891507,0.0,0.013342060992046934,0.0049672323471572355,-0.0010036377698522392,0.01450583112058923,0.017709573408721813,0.0009330969267697942,0.0,0.004718297182336739,0.03382326444977091,0.013083987012754816,0.01080068384747368,-0.020459348918266063,0.0,-0.010060258241723186,0.007595144393130804,-0.012832687861162984,0.003951004199467034,0.026864919555613875,0.005402526533571539,0.008585315882315703,-0.006972974061543402,-0.05000022233382828,0.004909669037357567,0.004096949862022026,0.007672481379767948,-0.007858550722301016,0.006162658674287114,-0.005263008320253282,0.005213641647095146,-0.0014473821236652418,0.003956503483320439,0.0077721535843739975,0.006548062278212141,0.012135377114628865,-0.0015970514403230718,0.0053315182225672775,0.0,0.011065631272929588,-0.00025978813935645384,0.012778730853993059,0.026950971271081592,-0.005154414387132711,0.004405952525988299,0.016026759953730485,-0.014011866296104625,0.00476027576660476,0.015976916386946316,0.001529830939318133,-0.018018086132081,0.010103048045811969,0.004282311279991902,-0.0401459469755342,0.005328349955308731,0.0,0.012802326761689464,0.015424211117756936,0.0028463892052728035,0.0027816237366704577,0.03835434020810746,0.013202512540060773,0.004145138678824489,0.022130171032754165,0.007874014503761462,-0.00450681441584444,-0.009118682056793781,0.005887448647615701,0.013287180708061008,-0.004318354558962789,-0.0018239011675310612
2018-05-24,0.02835542460494711,0.005566598659436872,-0.007818841715601765,0.007968266566990678,0.001811558457407214,0.01176455178803848,0.005978906584811039,-0.0007060476199052257,0.0,0.006135124622392851,0.07142850908066145,-0.007645103556354171,-0.003667081429879593,0.0020931959320509286,0.010947141237464653,0.011987548052506458,-0.010251749211678707,-0.005211800046591497,0.006153813878271075,0.013578674113065237,0.006901520417334384,0.011620398146154676,0.016245034407647463,-0.0027321857468867172,0.028455126976097755,0.004330591888704216,0.0015917293128544507,0.0003579218710221266,0.009397736570240234,-0.004349981574043094,-0.002128074124862711,0.006692810921437031,-0.06578931030405066,0.0024716981642520786,0.02072766001377291,0.02791878983032614,0.009900716575800939,0.00790784626755614,-0.0004071155669784776,0.0064214103123447774,-0.0026912431280194937,-0.0025078939995133442,0.011139682608777512,0.0019418986480541633,0.00017913098481292522,0.009915385501661156,0.005740062208874797,0.002147100591278095,0.007296315411315923,0.005978856930266119,0.008216091132209558,-0.010184195431600207,0.005181120026739983,-0.0030834534517201195,0.011295214830404188,0.02468214754735798,0.0021863830852826283,-0.06780100556951685,-0.012386860621195206,0.0018349044462047104,0.005910843322231463,0.0,-0.03517118090620808,0.0035338440977208396,-0.011299575220303448,-0.005617646276734112,0.0,0.01418974452231625,-0.01134770395782081,0.003357804047982471,0.010719022691178415,0.29721355623200085,-0.007442607138164692,-0.0056014778186871395,0.0010286613836243408,0.006135238775703655,0.007366179181655275,0.0036107889690342176,-0.00192727389198033,0.012180506852041306
2018-05-25,0.011029303383265576,0.005685165973432049,0.005714732942781575,-0.006587925018603835,0.0,0.0,0.0029721056788334366,-0.0034364082716543676,-0.0041724908998049814,0.006794461880603508,0.03999971137072489,0.014765591657874833,0.020163287633391036,0.024145682440769534,0.008176967642465005,-0.0072601367683828855,-0.00368803019103614,0.029469255711524367,-0.0037016706806031197,-0.0005106666415187755,0.0004893086854009798,0.0009241056714490714,-0.037223119130630256,0.0,0.017786429193547892,0.005748789133340759,-0.006533366872692015,-0.0035766079994182798,0.0031458581637180405,0.0017990210213707503,0.010426586524228343,-0.0029425540424785623,0.09389683514909453,0.003927294869259024,0.008794814196140255,0.004938228409740564,0.0,0.00088394498528932,0.0020358572503504924,0.0009816892925711418,-0.0006229904386301222,-0.0032323953279269624,-0.0016949695247130414,0.0024226687329305108,-0.004652023914157644,0.0021378763663018052,0.007568366111499136,-0.004285195212235027,0.010060141218767304,0.005167787788749267,0.0008729038805845857,0.0019787400709452285,-0.0017181119375149212,-0.004418514538553686,0.009050620945873833,-0.03503651862596946,-0.001818043878585529,0.011476768904984613,-0.006705476125447474,0.03479854503534785,0.006101464069391049,-0.002132062684524705,0.008867010440432255,0.0070419270863568695,0.011428714843347176,0.0036720550311941658,0.010126562614826806,-0.0027981796793741243,-0.007651669905300085,0.0006692014953861847,0.005822123076138608,0.05011909504312939,0.019086618062339022,0.003705976793201504,-0.0024670529150566667,-0.00457331487197421,0.0005846337955819347,0.013254919368290485,-0.004707398748423408,0.0051141717330638325
2018-05-29,0.025000345559480053,0.005950625947835464,0.0029321046155703634,-0.013262340860772937,-0.016275103900175947,0.0,0.007293242752407947,0.003831511185816039,-0.006983200413862689,-0.004672120494918497,0.0,0.004006810428632379,-0.002980229074215468,0.012726240729891591,0.004603112936608422,-0.005388847648936879,0.011971495725808357,0.0019085514790118108,-0.006623707631908893,0.03701801326602139,-0.0007827170757680468,0.010420860144090716,0.009013339251904506,0.013698612511873431,-0.22912615089480548,-0.01095561091222419,0.00977616813937665,0.0,-0.0013798623611078753,0.0009408236941623738,-0.003752416548290949,-0.012243034704225275,-0.008583993771854037,-0.004781194373676301,0.010302716084333197,0.0024570624173574362,-0.007843143959561205,0.007838557562921844,-0.004469804388349097,0.005148032842677619,-0.015164076899505385,0.00036009081247634356,0.014431126766129232,-0.004736989035438621,0.0017974820980921624,0.0054514792047322125,0.008065756217353837,0.0068469172573644155,-0.0011949410289610052,0.005655484498267027,0.002326338917093995,0.016587726712702144,-0.02753867702173063,0.0073963996197026205,0.004389183824219378,-0.01588495380638122,-0.015300291641882846,0.0017771587347168438,0.0012521444248561053,-0.02654868899744267,-0.004941724876392661,0.00925912383587213,-0.007812492724042275,0.003496429238591503,-0.013559322844647559,0.00028178320113103617,0.007712197441718249,0.010423018096438641,-0.014651218871782778,0.008026911173875106,0.012817960595916889,0.01515164855819795,-0.0006690090481723532,-0.0036922932401398656,-0.00659495628402007,-0.016845193684607684,0.004092470533258785,-0.00953087592419044,-0.0007275383938694091,-0.010775413887311402
2018-05-30,-0.024390572810815914,0.005619587510170554,0.006363982861571138,0.020161341029413693,0.023897353085659656,-0.011627756445160675,0.017988582724241198,0.0017175990337068292,-0.02390999621682366,0.018428338712541903,-0.03846127160747481,0.010921975375769222,0.013058484096317713,0.015708094355470825,0.006982192598748105,0.010836089332396215,0.006225860370243197,0.019682441984376853,-0.020491284831868906,0.01686366755682256,0.0034278859594047972,0.004960815719922351,0.03526100797402543,0.010810932475503243,0.09068029545498457,-0.00032116164297713024,0.005808806219680607,-0.0021535786336522866,0.008791889768451577,0.019905869252209607,0.00988736089727471,0.014718773278241226,-0.02164498970109663,0.00010894226960056486,0.013962671609731636,0.01225463226690171,0.01976281219504994,0.016978694413930295,0.01959168995567051,0.01073166286056959,0.01286664844842944,0.010086465058649408,0.011715555672545896,0.01039347106809041,0.015431359488252028,0.023730743963420675,0.009405230346530846,0.02117730923235417,0.009573232691226563,0.003578840524653959,0.017986658184630633,-0.0011656734503717736,0.003539776021388663,0.0,0.0011402028428728617,0.0,0.011468525383944828,0.03957425728967423,0.042683385615774894,-0.018181800842285156,0.009932298878282841,0.01340887376994715,0.008858282868066558,0.01742140684617577,0.013745705300544975,0.0253235956843727,-0.028061420266627723,0.013687920285020194,0.01630337902698953,0.005308631145207965,0.004286746503318506,-0.007462523046201652,-0.01840682225118795,0.02935084111538,0.008298515121710759,0.020249103543105385,0.005240444820669543,0.03396214921008811,0.02087388952818703,0.016641524864881685
2018-05-31,0.027272663985125067,-0.0007350566779018575,-0.003855924880820205,-0.007957957495241308,-0.0036099624324064106,0.0,-0.008557524081813206,-0.0009527887436601157,0.010086479983317576,-0.007169828353972396,0.03999971137072489,-0.0245166044770595,-0.020189749328295203,-0.04171597754132561,-0.0004330948938247037,0.00038288731350188954,-0.014541036226363047,-0.00560399694746927,-0.002656019926150721,-0.014283855602233553,-0.00019513500682055707,0.0023383815475022107,-0.007039130478097899,-0.024064271621467626,0.043879807041804275,-0.0017664743986562925,-0.0010503019815358838,0.04388512883809814,0.007345412820021657,-0.004104505239443723,-0.014219523003912604,-0.00981542016703052,0.02212386043230241,-0.017030153115734636,-0.02320887071419453,-0.03147664994062216,-0.00969005539986123,-0.005169992818768954,-0.02602062170251307,-0.0004826719126718171,-0.018950391522865484,-0.008559144583956568,-0.007933030796520968,-0.029032932392346722,-0.01502015242133603,-0.03208462641521215,0.0032677574731414527,0.0015216170717271549,-0.0003953342356616263,-0.008915017478997256,-0.0019947866490717114,-0.007390244776789734,-0.007054741714751511,0.0,0.005503456687631081,0.0,-0.0007316912910897422,-0.0021002867783034285,-0.024417084606080608,-0.009259294417005237,0.003576277733438271,-0.0076601937194976655,0.000975632086032796,-0.0034244159079753755,-0.009562894624714935,0.000822968109526867,0.00787413403208892,-0.012329217027770678,-0.011165108167297766,-0.029043153253486387,-0.018902678063173917,-0.005263142886551941,-0.009887435217365903,0.0038881208858116967,-0.019135790449811507,-0.00916029878194402,0.00405421147020224,-0.004926805507202481,-0.018782785845506966,-0.002083230071701081
2018-06-01,0.030973381360322794,-0.018690160365685604,0.001290123280430766,0.013369337156489802,0.009057743205948432,0.01176455178803848,-0.01378761615770685,-0.00019039368267248502,0.009985690804376057,-0.0196009275354615,0.0,0.007880557562548907,-0.006340227118843966,-0.0032279205667586908,-0.02081045567868922,-0.01798688995932385,-0.005886271551317046,-0.007514030942452177,0.0063255322094575295,0.019771750591886628,-0.0136674839801606,-0.013997219940778516,-0.003658818460436364,0.02191771139855825,-0.03555549150026305,-0.021235467666419483,-0.022424532696138644,-0.0006894495424600855,-0.00988725261498491,-0.0026918173519914212,0.007330668631361004,0.007489356775024714,0.017316697582733465,-0.0003333687800544105,-0.017107564277342835,0.022499966271322336,0.009784871345277502,-0.009203135645915572,0.003699259214187567,-0.019072793991946724,0.0014858719176191748,-0.008273364239053782,-0.016764493205523867,-0.0048514268148757145,-0.000358787015058204,-0.0030134318857872877,-0.01646470629236174,-0.001329463196180436,-0.02213428331839662,0.0380365955994042,-0.018275369431166255,0.0,0.008881202714615455,-0.006608056673820362,-0.008115792988162895,0.0,-0.013177310026105449,-0.02209942630506223,-0.0007387535386264021,0.05607480300608847,-0.01559027110761102,-0.011929733293033595,0.012670576173572368,0.0,0.011494038455733602,0.00822608795259172,-0.06510416335086722,-0.0005944196440629268,0.007397584172339489,-0.017674888494977226,-0.006007762311149856,-0.005291082595928032,0.002410384943494215,0.0136280024965445,0.002936857015845007,0.0030816120137848735,0.03461210682331961,0.012286861725413267,0.0054519897789426786,0.01789436944461853
2018-06-04,-0.0008581385842371114,-0.009448122107686086,0.0,-0.005277065653128243,0.0161578445932693,-0.011627756445160675,-0.0019324120238506381,0.00019042993933005015,0.00847456828052251,-0.004735302316846046,-0.06410236180996742,-0.006550934320408319,0.00031921836828630035,0.006559550791259694,-0.010848090731571336,-0.0011693469337472617,0.021948317528764916,0.0,-0.0226631992970866,0.0579237920441269,-0.00979939798438123,-0.009332243244974281,0.01813173342744534,-0.01608563741484914,-0.07834116242899247,0.002465536012517422,-0.005376455527029811,-0.02103425517144686,-0.02259373709993273,0.003542473968782822,0.01596228862572846,0.01628994658878624,-0.004255625390424345,0.01444265432532954,0.00612406653927744,0.024449985813788766,0.007752044319889073,-0.02688245009848189,0.013513375316390741,-0.00984498337616213,0.007417783695236713,0.01269502706965997,-0.011082732042067334,0.00716343394272112,0.005383861811422586,0.01240864216824078,-0.0049395565080745385,0.0011412331277815824,-0.010104971247405836,0.003218518131538506,0.0031997243862926794,0.0003920892818776167,0.007042078891057235,0.003695924323465327,-0.00532844429581214,0.045349681934603314,0.0007418036774005099,-0.018832411717585873,-0.020112986020787038,-0.05132742601027651,-0.006108838819533391,0.0007099604865161702,-0.008662189568235168,0.018900496467205707,0.011363784895552564,0.014685798968118391,0.019498497225338696,-0.007732051456092459,0.010564414925934518,0.014532765627292665,-0.0016673936118806187,0.011398064819492237,0.0,0.010189405682479169,0.00020887846675154975,0.016897244038688752,0.0,0.027354982930783533,0.02928057703519804,0.01670080397656748
2018-06-05,-0.015893584853202136,-0.011506401985819315,-0.002705939589183637,0.001326155141367913,-0.012367402379250936,0.0,-0.0047828167033104885,0.003814281133155628,0.0,-0.004757832090165781,0.0,-0.005318210828549885,-0.006697467684204539,0.0014020930914371288,-0.011414728293116627,0.001170715906803066,-0.00880717441428458,-0.008832850759854738,-0.01371039161737686,0.04257235143250604,-0.007497293913869885,-0.00822578056614831,0.029756747048469645,0.01634861531300902,-0.0774999210634334,-0.006394842241524978,-0.00918902884717221,0.02148620141466817,-0.007535559410431492,0.003949644926841467,-0.01825341001722469,0.0036567989774383136,-0.01709385900730298,-0.008870751756123285,0.0028834015573164784,0.0,-0.0038463048348726936,-0.011004857780086197,0.006464658364676801,-0.011931262093391015,0.0035770849113700987,-0.009312409743298389,-0.012931139049350504,-0.00385266146225427,0.005534025162095224,0.006834997424434164,-0.011602227939710885,-0.0032300132914672153,-0.00979995653884047,0.03652532737021463,-0.004929057934104364,-0.0027420507196282973,0.013985989386548159,0.0022087005390767356,-0.005739514812525881,0.0,-0.003706469917558186,0.006306488434430602,-0.008881901327968622,0.04477607558580465,-0.0036419828918051733,-0.007097083281794814,0.011650474110381559,-0.011804592183523477,0.005618079641235951,-0.0069687667561523226,0.002732360027154712,-0.016782791023925214,-0.004589200772724955,0.017053282099242173,0.005219383862411053,-0.01953429006824159,-0.007214121953529662,-0.000560434501396978,0.003137098870282129,0.007552594986091066,0.00975737481707073,-0.03262199378725139,-0.009365621754590103,0.020461305488909343
2018-06-06,-0.002618821390858672,-0.022668196930075935,-0.0007753805066011976,0.00397363600811218,0.025044816208083187,0.0,-0.01819431634086155,-0.00266014519904334,-0.03501400625698514,-0.015757655639980994,0.013698631774949899,-0.0004275810387082135,0.00449523249438899,0.004365648552308032,-0.01969657892493526,-0.01753712186173484,-0.010366137908070505,-0.010184517069403154,0.00446208936108583,-0.0004367924026644765,-0.023667568263629812,-0.021538505515927286,0.020358785203465235,-0.01340506156779775,0.06775061389320447,-0.028052753703967093,-0.024550198182409,-0.024137807217626484,-0.016857489983888585,0.019002487158968018,0.002589174100579683,0.008896345329501232,-0.04347856067691547,0.0005523856713018915,-0.00015986224108610614,0.016705978678669187,0.007722312035865375,-0.014761408321426361,-0.009233233970251775,-0.0155975635541733,0.004192916854070194,-0.013738426622362798,-0.013100465483906198,0.003569996052446456,-0.0003554617052593523,0.006710867727549363,-0.019899908113926612,-0.01601228744246208,-0.029278427562345333,0.05785717704133764,-0.02068781686206722,0.005106167200576772,0.0,-0.0007348803122776415,-0.01827968069935204,0.0,-0.04501455867449233,0.009264413807157146,9.100841286557859e-05,-0.035714252262698754,-0.0201050156525705,-0.02859214168364821,-0.010556588855263227,-0.01877131474171012,0.008938474311657174,0.004318775226644922,-0.021798376226450533,-0.013818313001724536,0.021259599951734875,-0.004024128890220191,-0.0033233159917011035,-0.006130265828598325,-0.0211072940029019,0.006728463337415391,0.00917214184076065,0.014992616662947045,-0.0008280774165501104,-0.02059813507804853,-0.0007091195004439443,-0.0022593181759601455
2018-06-07,-0.00437664840723706,0.005328198381331362,-0.004991505080570224,-0.0013193758929435084,0.0017450854510354663,0.01176455178803848,-0.0008159349615074474,-0.001904402567093233,0.015965186595934266,0.00629625550620494,0.027026794303975255,0.014120424965989642,0.003036580231700281,0.02148790864263428,0.0018474011429361337,0.007933215350719447,0.019217019614726327,-0.0019290743658167964,0.025798608706065762,0.01496482456078252,0.0010316140409560859,0.004648682781767777,0.023361564753562103,0.021739467041093308,0.015228400009226872,0.013922159753467778,-0.0007455473219990516,0.0,0.0030102125739410734,-0.0073936484725620755,-0.008920431148332852,0.010812566532833134,0.031817723981972135,0.005853006689627627,0.02795525039780311,-0.0023472425185239176,0.01149421108571369,0.008528307516348033,0.012155385832311572,0.001533497752730817,0.007933114982054512,0.0007331718888134997,0.0,-0.0014820091523556345,0.0067485069596895375,0.003348859358435874,0.001601675810587233,0.010267498927649887,0.0008493848234074619,0.0033758547632634084,0.004462873494808894,0.004298465188201428,0.0,-0.0036759919689950404,0.004943726529894388,0.0,0.013855849555049593,0.002429783865329771,-0.01416669398978121,0.0,0.006761390952115143,-0.0014715016496005262,0.0019398160305894585,-0.003478273467006354,-0.0033223194256575272,-0.0008064221203972766,0.03621159785051464,0.002060677076215267,0.0018817269952411397,0.004040387932025213,0.0004171164981843223,-0.006168172111168935,0.012371985672369856,-0.004177211328046826,0.012394116206491779,0.0014775101434092441,-0.013539741132291727,0.010794917110202418,0.004612433402925165,-0.002547329067904669
2018-06-08,-0.005713922206984412,-0.0006233684120591221,-0.00746007032017626,-0.00924702870651073,0.0052265835274381,-0.011627756445160675,-0.004899286202245001,0.0034350962837670362,-0.018571444920131186,0.0021452509416379772,-0.013157612141819985,0.016666626873474533,0.009241409033820869,0.01766354307173046,-0.0006911800625235553,-0.0023611381225244754,0.0022409222723451805,-0.018041321315228953,0.013157988526240949,0.009901010598309279,-0.0007219522050522231,-0.004899242325323017,0.012470948987561181,-0.01861689748462092,-0.027499899729226285,-0.0018420841929543963,-0.00074619699226941,0.0,0.003393332542337424,0.000248494168931801,0.01634336075653997,0.0021183163184417264,-0.05160994256471241,0.007575909998495112,0.006992963286747367,0.011765149459628255,0.007575665585839664,-0.005713639297079576,0.015212335662110998,0.0010208290543327614,0.007871108476872779,0.0032967981639571153,-0.003539560377483042,0.02404727993485123,0.017992793670103646,0.01249614288000167,0.00268536354531812,-0.0015343454004940194,-0.0016974328780127168,0.004710775501044928,-0.00029605965148093993,0.005058009347076231,-0.012069043139307345,-0.0029522321912712757,0.001377355895271215,0.008823506972369,0.007028450179365597,-0.0033665755474933112,-0.022439228605314887,0.018518500530834592,0.0023161214381626216,-0.00946659285385576,0.013552792290101534,0.019197017848912923,0.0,0.0077999294840322975,-0.002688057734482552,0.0037016772045619373,0.003894189175790208,-0.016096702421129594,0.0,-0.0031030374725895538,0.010125645523999971,0.0011186005885015504,0.003468878236943418,0.0014745428741702593,-0.0042017365649887894,-0.0057080429493284734,-0.006945502235798373,0.0042564974576764225
2018-06-11,0.010610072547873717,-0.018405918113693076,0.0015185749969335305,-0.017333145478539147,-0.01386461446359688,0.0,-0.008205140790334964,-0.00019008957743105181,0.018922869957273436,-0.008205797847077867,0.04266662259639031,0.01369573002070723,0.006473063697969739,0.009230550990563469,-0.016609531936326305,-0.0051284426914539605,0.008712415749862368,-0.01640459319768406,-0.011014048692538081,0.012360994382533574,-0.02340910401427143,-0.01367609565248562,0.0064717637445379506,0.013550116416815916,-0.012853392330545277,-0.011240015991628383,-0.012882632074907252,0.0,-0.010924842720387629,-0.0005795013429298335,0.035189877380285006,0.007397879598939117,0.009302549743001487,0.006973906334055036,0.005401428306237799,0.0,-0.02067687639621174,-0.016779498027074013,0.0070979380963132055,-0.021667229986480296,-0.010070003646235559,-0.0021904500598491916,-0.0071049055083977075,0.016331808261172753,0.009356925119441195,0.013644958890422387,-0.008928653525286823,-0.0005761439422771186,-0.010629437536894604,-0.035945570288250184,-0.01511131969398849,0.003484770245915314,0.008726048896424698,-0.0051815258685580234,-0.0015721225306778441,0.0,-0.0034892843891354275,0.001891576469642331,-0.011937597148967027,-0.018181800842285156,-0.010166136104270529,-0.00300109900710932,0.012416438502900862,0.0,-0.011111079986983907,-0.005871332262360807,0.04043109341323725,-0.004917295489629048,-0.02277562765350516,0.0,0.005207323027939692,-0.0007783168818883412,0.0010370266757024904,0.01508404901814564,0.002439844067891661,-0.014727506497113962,-0.008720186086860648,0.00574081174935781,-0.0007113050184435199,0.006498987826536684
2018-06-12,-0.009186600566487013,0.01016964184139435,-0.0038696992486277892,-0.03256442623374145,-0.010545109630629268,0.0,0.008273022101438876,0.0011412615825521222,0.0,0.013309642480669348,-0.05370845645518674,0.017195737232289954,-0.00031369306467254887,-0.0024231924288147244,0.015716971642481203,0.027359269973470157,0.02560582424743818,-0.004669094292925724,0.012300195484580279,0.021053032110923464,0.018901682998225144,0.0049912677564289964,0.017216521962576614,-0.005347820543804449,-0.013021086526528336,0.010010497348343028,0.015320260001865593,-0.019434614425653085,0.012228805663845321,0.012501216716480856,0.0022508603368214253,-0.002622769042786466,0.018432937670055827,0.010496635157426715,0.00706058257505271,-0.0023259452420025806,-0.007677353662413178,0.008883363149118306,0.005873040147034825,0.01745683129228226,0.0016606937679608524,0.01683128491723984,0.009838729120394518,9.487935607865872e-05,-0.006351786575954366,-0.001134604315599641,0.012934379283487951,0.009800476769586508,0.019767942468614574,-0.018526701891688147,0.016847278162623214,-0.005787088053733513,-0.001730081083655688,-0.0007435620262157272,0.022042911397803344,0.0,0.017120022541743385,0.004989948413611778,-0.004248525560119232,-0.009259294417005237,0.014005132604001602,-0.0030096660261643704,0.0,0.008562101064631511,-0.011236100269030436,0.0013424096124787788,0.01813468993186662,0.01461806593420345,-0.007171274607849831,0.0020449344310553563,0.018441596754007916,0.007788278497938839,-0.024516647022832627,0.00027505869601829325,-0.00993914815819208,-0.0029897037357330403,0.003972936072739852,-0.028355788882259314,-0.0023723989790727096,0.01319463903612128
2018-06-13,-0.002207500543153329,-0.0017301800249399646,-0.007402493457508541,0.0056099645385063734,-0.0017760818245164955,0.0,-0.008556574408076556,0.0,0.005714280264718097,0.005857013560285118,-0.01351351510750698,-0.0012074427873387528,-0.010513175255307261,-0.004858614575096509,-0.0048498572548352215,-0.01042063826374684,-0.014159939044658731,-0.008043007737328911,-0.009688037555603768,-0.050618469059427684,-0.004248932978030084,-0.0031732657608636305,0.009991683479947833,-0.013440676281445185,0.0,-0.0006720118304890388,-0.004657434377857705,-0.020900862201440495,-0.00870376040488019,-0.01880620718373438,0.002246152149468106,-0.0074682716773611935,-0.0588232733101729,-0.023130992384029048,0.008840039552219903,0.002331367876021062,0.0019340638496034845,-0.00046331802064880634,0.012456143700307898,0.0030729648161444967,-0.005144321416068243,0.006451161621697343,0.013286443532117165,-0.004373591001893495,-0.007774596260390676,-0.006132203693505867,-0.001715236459442937,-0.0013324041758917549,0.0029498254677049474,-0.02265282347582198,0.005917128231884394,-0.010865448144823375,-0.0051993176103681815,0.000744115322112382,-0.0028886483322633216,0.0,-0.0007647878534797758,0.0012077571039137425,0.03422919563016413,-0.009345741082053105,0.0078272132955568,-0.014339498522454752,0.028301813798515152,-0.006791362710659055,0.0,-0.0166220739199604,-0.03206089339864371,-0.007102390302184292,0.0036115929925446544,-0.0006799378532064138,-0.0069174850631484874,0.0030911414475882637,0.001770347169708364,-0.01801932752706248,-0.028887731022177565,-0.010494649745739992,-0.0358958369400324,0.0026531990663674065,-0.00011895561562358381,0.003602123633155596
2018-06-14,-0.008849341102116326,0.018279612081852026,0.012984939055658007,0.008368079769865755,0.0,0.01176455178803848,0.013005071532778967,0.002849952142733647,0.005681812794001706,0.003000017407530642,0.05479446731412563,0.0034253644189785604,0.0039644350498704295,0.007087140778744949,0.012300112595376334,0.021060836382130077,0.004611172178252243,0.022680442009665125,-0.01674694830062229,-0.0343146191204492,0.010095825235886258,0.01674737492288103,0.007470188835042135,0.01089887782310095,0.01846968313239783,0.011934969664811446,0.010481406039850816,-0.023774122837834755,0.005242064387904977,0.009083342844349973,-0.002465114739372276,-0.0030731426165964137,-0.028846628062542123,0.010085238273120689,0.012237504151530798,0.0,0.0019306275173138765,0.016691827714524488,0.0057669154130091105,0.011488361818831283,-0.0004220384314872483,0.013323498816678159,0.019230713310802505,0.01088625412220745,-0.0005290120938614695,0.010588837342307533,0.010691155124673335,0.007622348011742108,0.007983342867481147,0.036697644480440994,0.01647069074288421,0.01059218399700157,-0.00871052754647672,0.003720264806268414,0.00849767389290279,0.0,0.03637043654649896,0.004288888379308187,0.01718280630939839,-0.028301903767787184,0.00982166385552885,0.0022970410192115764,-0.05045864736779759,0.0017093230362024148,0.0,0.011450376861250833,-0.019453345683463796,0.011917205653849683,0.002698834915685344,0.00476488962813626,0.007990144627668672,0.00693394173290951,0.009893830832969464,0.007704335867922296,0.008860886244595134,-0.0030302519986271648,0.02990319302651634,0.0035906558337623906,-0.0035674853328037104,0.0008283906151071996
2018-06-15,-0.012500107762112411,0.006653980382906655,0.004307430642668475,0.0041493563202541495,-0.0053381824892303475,-0.018604496140209648,0.012955356939996276,0.000189672441655242,0.011299424374030087,0.002463044491894717,-0.05194800410135958,0.009236725710269678,0.022429481190617384,0.0075065902339011,0.010545312713568178,-0.011077187228402674,0.009707388203612277,0.004648518321388906,0.008600550477361857,0.021927332145175393,0.009285997712747296,0.011435012398654631,0.02384765589660498,0.010781626121574073,0.025906913875238358,0.003986560647323056,0.011853928265088687,0.015981742842534397,0.01955413666971184,-0.011809449334343247,0.020669355639714837,0.010630277412077227,-0.01980121619365771,0.02018676142796272,-0.005373182424011302,0.011627724337183842,0.0019268085510097954,0.007182876117372228,-0.010703299083040019,0.008581359606184558,0.00105581353451778,0.0,0.012864443274982262,0.005101517030064118,0.019223930165470193,0.018468178889404774,0.004533588755526674,-0.003971512741221206,0.011254746834138851,-0.02258950421806627,-0.009837995418591206,-0.0015527327651118084,-0.003515132421243683,0.0022240484794879833,0.005936107104011601,0.02040818596238081,0.0003694535672411625,-0.004003752281601991,0.021480227676861086,0.03883491370127201,0.004976258841194348,0.025974048536768324,-0.0028986169603645306,0.013352055543874197,0.005681981973862715,-0.003773375325518691,0.018766806885488263,0.010558266948618611,-0.002050773963841568,-0.003387567956870785,0.0083331718032571,-0.008416250431399153,-0.0041988143428582925,0.001111995759601303,0.005019086094932401,0.0015200999807996052,0.0381437674877787,0.015442666700503427,-0.001074100404416467,0.006896546579198803
2018-06-18,-0.02169970757188333,0.006303164806094941,-0.001195708179684396,0.002754908476182427,0.003577673436750528,-0.004739478451851076,0.0036870631471854765,-0.0005683032284169443,-0.00558658697003811,0.016321528725719237,0.013698631774949899,0.0003981388385354556,-0.021937435885062917,-0.014901246836092952,0.009074753000361646,0.007338840117054879,-0.023848603957048242,0.017845338071570183,0.02357464097515405,-0.0037410173579550676,0.003503033663577293,0.0014805708741238988,0.013701425046278581,0.0,-0.017676789172050733,0.0008272544580525398,0.008420115450415544,-0.0007489939275462376,0.0024293234612098313,-0.006267725899929633,-0.0154081197539776,-0.007994003919277626,-0.03030344488635628,-0.026063670406874073,-0.0030011512871722656,0.00919516819461541,0.00576930929853936,0.01097994923037815,0.005023215266359848,0.009259292210129333,-0.005273391164146379,0.005686288859080957,0.01270112744878249,-0.00798898347939836,-0.020591617023049347,-0.0031825950553456828,0.005452967259488295,0.0026581692146077085,0.005358317486271469,0.02454102876162856,0.002045344653064829,0.014774678728947999,-0.008818386816803248,0.0036983523192253287,0.006091881603619509,0.0,0.008493506132918993,0.0334986207054655,0.005027766642845766,-0.018691571292548725,0.0031510617456211865,0.017125983479234552,0.009689959731285613,-0.0033785326820975348,0.00564970142006338,-0.01325791544998256,0.02631595678060661,0.0030140204763522416,-0.00012842273531443738,-0.0013593299906606848,0.017133458965556514,-0.003086276406665811,0.011595222192803956,0.0013885615140725172,-0.012484805561956525,0.006069550821569347,-0.0079516543681738,0.0038949181394598575,-0.00836314833839591,0.006301039195434788
2018-06-19,-0.014787558092769326,0.021539535131833043,-0.007131029021977708,0.02335178040188879,0.008912710132148005,-0.011904827285322828,0.013890199224269706,0.0009477106343747099,-0.016853916782002765,0.0253842047124897,-0.02702703021501407,0.02307035783055178,0.010898794375792331,0.0049634437370977835,0.016411331126564788,0.01150304303121552,-0.0003816708149436687,0.01103894690661833,-0.0035933592287965554,0.015021043328130368,0.017453490739800737,0.016933175353491814,-0.003475629795442914,0.0,-0.0102827577394079,0.0013223326040983086,0.01216193334494875,-0.010494879619073805,0.02015305140168988,-0.005970671325308263,0.005589246261198388,-0.004347121875303617,-0.03645851362844055,0.004041432160816649,0.01971705771445631,0.006833729132495137,0.0,0.01522804550488499,-0.0007688932219325206,0.01859672759895825,0.014843094914370969,0.015194039703661177,0.015049912791497588,0.0018949685257438897,0.0033564242830919078,0.007721902337127107,0.016146078796266172,0.0,0.011480314957437843,-0.005349045392223806,0.005833123161420373,0.0011491290618450556,0.0,0.0014737886650466603,0.0001893677895967727,0.0,-0.001830740825207955,0.017632626390228,-0.0033903052854187266,0.019047600882393878,0.010994073106480151,0.02269398632443087,-0.024952037138017857,0.010169287324634846,0.016854002869941764,-0.002193623454024518,-0.04871800714729291,0.013821640939461588,0.006422859668016034,0.0006804004832503541,0.017043294262264252,0.007739861565391637,0.01945115347024795,-0.005823812561961295,0.021913231121768018,0.01508313933045935,0.00359319855794471,0.0014775561336832777,0.007349279200088654,0.0005446536875024499
2018-06-20,0.020168953834881043,0.0004486965436580892,0.00867672164339739,-0.001342472762350444,0.0017670309399135942,0.012048259736575417,0.00011322149461734377,0.00018916067901919575,0.014285700661795575,0.007578389536775143,0.0,-0.013413450835816687,-0.0015623385724859995,-0.005879471109221823,-0.0019904567143831375,-0.002653432000388145,-0.009928851916114367,0.005137733005334821,0.016229284386969578,0.05386286891379832,0.0019173169913797583,0.006872325629622367,0.001550217039842039,0.013333570439892029,-0.03376633826029707,-0.0019808795245672695,0.0008969734128962958,0.0143939027385942,0.003375827845446322,0.019035161088139185,-0.0024458418685884276,0.0018101885137420393,-0.09729716797664989,-0.0006528021549947471,0.0032471790233421505,0.002262348875874176,0.0019121698361435069,-0.006727392216115513,0.0073104958463918734,-0.0007302332252118182,-0.012536648162354558,-0.0010440026651650225,0.002471412421344965,0.00056724712573053,-0.0007037163855818651,0.0014000485586296296,-0.001840232485274318,0.011739873737736328,0.005269466501585107,-0.014963314065217115,0.0002897932826104732,0.017221743237806786,0.0195728584661794,-0.002943239616907456,0.0037837374442415417,0.0,0.0018340985843638968,0.01235820458548087,-0.02052893576151482,0.04672897279559285,-0.00022187948655494338,0.001431435674114745,0.003937004178520276,0.023490267701551604,0.022099267315764504,0.004396892033538435,0.008086218682647361,0.01067013888244861,0.004466572603028185,0.004761934093884479,0.007015135003732631,0.016129080755529435,-0.006814401544496751,0.009763089772213185,-0.008453279016680915,0.01040093806047393,0.02065566229988658,0.0031361858051410785,0.0,-0.0024489635229164586
2018-06-21,-0.006896636885572294,0.00852021261777769,0.0004934584423961219,0.0067204947726138275,0.0,-0.011904827285322828,0.0058869551585525315,-0.0034074794507158446,-0.0028168987598808926,0.010028349375541978,-0.013888951188698595,-0.001182223468812471,-0.00641618998262472,0.0011037752858988892,0.004654228883752554,0.007982020845784366,0.017356936339309348,0.0,0.0006453159781243389,0.006814554234310544,0.007855622782543481,0.009449480625708828,0.008318654034444206,-0.007894825953044693,0.008064559604046284,0.0036392268618159473,-0.001971052709017762,-0.02875292394026574,-0.005109031105979822,0.035496157967821684,0.002228860834412094,-0.015733172095577674,-0.07784431986958051,0.0005445067705263096,-0.0017653885670330105,0.00902949197588998,-0.005725561262888812,0.005107303402526409,0.0974024980719872,-0.001949089889161204,-0.010579497332967147,-0.01010447750861787,0.0008218717014318866,-0.006993650602067358,-0.0010574087884924754,-0.004414685945409502,0.004117823418016142,-0.015721222595337925,-0.0008061309809351824,-0.022549581878697045,0.00869540960324855,0.004138823335293251,0.00698087104063827,-0.0016305703587610187,0.0011306839197204877,0.004285757882254382,0.019406516625063652,-0.016360399898002642,-0.0059213213212079285,-0.08035711016581926,0.0053270973245758135,0.00643339846187474,0.003921564960883028,-0.004918257559391015,-0.010810554224304991,0.00793437418974885,-0.0026739135817830384,0.0027368435648644773,0.002668537500848167,-0.0054160809266708965,-0.011416556252047183,-0.002267884243859153,0.031560893093864006,0.010082840410547522,0.011228891637358629,0.0,-0.006746034533613887,0.014343416771677608,0.007176239580239052,-0.010637859061553345
2018-06-22,0.0004629413164078944,-0.0017786024905483977,2.6129683693865147e-05,-0.005340327709985493,-0.003527646998421341,0.0,0.0029263025456816028,0.0018994378993131278,0.0056497121870149325,0.00430232552268861,0.08450705783740942,-0.001183622775435822,0.017955179587820336,0.015439341818827224,0.002426645376776504,0.003770398441161449,0.026766868730486504,0.013418909266418977,-0.018861990973640275,-0.029843252701152068,0.0037975802284433424,0.006760848592783475,-0.01285493499377377,0.021220234486721834,-0.01599997178195689,0.01697710858245527,0.005924476720364558,0.018069947415811694,0.0046340976956908975,0.01552280459909916,0.005559187927103304,0.004860491843517112,-0.019480314754763972,0.008268529523242085,0.004421579804423148,-0.002237042846077286,0.009597159699096247,0.008175109045043927,0.03341453570479347,0.0029291947787359884,0.00919573463183121,0.006687563591574408,0.005746974987859144,0.009707812541395855,0.0058209944558318405,0.021727876381147482,0.005692728005268766,0.0022819778583447192,0.011299427701946918,0.054880916197860286,0.0045979396447131116,0.012194912184226858,0.006932476317473624,0.002969450720205824,0.004141562267694798,0.0,0.015086443433235397,0.036207753606477544,0.0305370667272975,0.05825237055190802,0.011481783650130195,0.009232706085104958,0.0009765848735701077,0.016474488326339465,-0.005464694167812922,0.010586405193051096,-0.008042862160310582,0.005264133479520927,-0.003041244826909817,0.016337577262201197,-0.004110353550023982,0.0022730392337231287,0.04023930635599715,0.007110647040736939,0.02323664881012788,-0.005882182058213448,0.010594948102054413,0.02719340270741233,0.007243602524130033,-0.015440104618268724
2018-06-25,0.013419907639465212,0.024944132278815312,-2.612900095144699e-05,0.0,-0.005309476054879969,0.0,0.015935434302232432,-0.0005687409497225904,0.0,0.012357849705831425,0.0,0.01856608780844482,0.007427126247776972,0.027150519658191374,0.023547336824642606,0.0214126695401875,0.004209103437893713,0.0018912542172000446,-0.006572312398600899,-0.029492585431170948,0.023294830758763485,0.021309745282434678,-0.006608358012868298,0.051947907262384296,-0.010839857707210077,0.009886844084370683,0.023201954842173578,0.000755495174487919,0.010098572035143416,0.0009552832612413908,0.017470484371119754,-0.008491234209142329,0.05297982602258,0.01651050011133104,-0.007189902911631685,-0.006726694911322384,-0.011406901203994124,0.016217427929487105,-0.012125318371921101,0.028474013962646927,-0.009959637373992303,0.006643688523469526,0.0008162841719916436,0.007257865083297066,0.0008769413992157915,0.014828384828388774,0.012781275819054638,-0.0030355204161701677,0.02434136380682439,-0.023019826132929966,0.009439380493172278,-0.004517931140670894,0.005163364199389342,0.003700748001329579,0.016872992712644974,-0.004267468545299136,0.018754423112865792,-0.015804405643397024,0.004883684170806202,-0.03669721399350001,0.017244909331637803,0.006333432606553391,0.025365875988471842,0.019448877956127708,0.010988980545171056,0.005372039044274635,0.021621635067164746,0.013188620711872545,-0.004067437016943232,-0.0026790652783884594,0.011988913360742925,0.004535028708964051,-0.03420694228989596,-0.002851631197889448,-0.0032154254844978247,-0.007396466910293387,-0.023387300259912758,-0.008647775840992522,0.01945302263224824,-0.02184260167490193
2018-06-26,0.02009119220936717,0.0039114734740843815,-0.0002337846302988833,0.0,-0.0053381824892303475,-0.012048111519621707,-0.007621672440922156,0.001138230385155703,0.0,-0.012695052248428706,-0.05194800410135958,0.002326931568997548,0.00046071107475764705,-0.009364677565474766,0.0,0.005148769505435524,-0.008751005256893984,0.001258789126788562,0.0,0.03191366520230643,0.003989045742538888,-0.0036668361688705353,-0.004891263522830092,-0.002469009443986203,0.03561607324469218,0.004974961814621093,0.003837238753176875,0.004905528257817204,-0.001481360189751868,-0.006124431272242492,0.001086481852520249,0.0033604859827522926,0.006289366728657875,-0.0016983797742918805,-0.00044345358817443614,0.00902949197588998,0.0,-0.001617313655605468,-0.011251319955331351,0.0004730742212493144,-0.01669554557537334,-0.006252383160376573,0.018760249771950344,-0.0029947811876408492,-0.016996636204200666,0.00035617441095658897,0.0022236307364462693,0.007421265299767166,-0.0038958782976882267,0.027803617797692137,-0.007084101731162362,0.012480810727641511,0.0034248476664373584,0.001474921936233775,-0.009586836348565386,0.0,-0.003820823501977322,0.007025460699716213,0.0,0.03809520176478798,-0.010944130855179202,-0.005594262737991462,-0.0009514965427265265,0.0,0.0,-0.004274516358442226,0.018518491747193888,-0.0030626873062048476,-0.006126407607909945,0.004029252590858734,0.0029129833859968812,0.0015048210057435618,0.0006618018202502185,-0.0008165645285121981,-0.006048437942965945,0.0029807197170832467,0.03303068461302883,-0.01246235278935326,-0.005666610084694268,0.021471822470989554
2018-06-27,0.0,0.007936402365717576,-0.0028837875383981304,-0.014765418145214704,-0.016100494847352986,0.009756240999000854,0.0032276663305004227,-0.0005685186798561892,0.005617972260667514,0.005934562634595464,0.02739732333557421,0.011414004396382849,-0.006601335688034782,-0.004116806303006149,0.01311576071453402,0.008415639590450441,-0.035611236926564205,-0.0006284369725836347,-0.0016539722787702882,0.013511025020784828,0.009496516910458386,0.009264592540225047,-0.024774042119949824,-0.024752522818861533,-0.03968241605271561,0.004631126409990083,0.00764575029607184,0.0015021102324201951,0.010383520727743845,-7.993047052379243e-05,-0.007164919638101286,-0.007022228093659932,0.0,-0.0011697747964293237,-0.012568718495927445,-0.03131993304943981,-0.01730792789561797,-0.0027000267961266866,0.00034500283907767937,0.003074862201242645,-0.03003906191732786,0.005942077230359555,0.0032024678200177625,-0.005725573966043118,-0.001960553996893988,-0.01752736372160213,0.007855549048303212,0.007555833296500447,0.010168378361735675,-0.05524986933193954,0.0008558105392741933,-0.01120651330687239,-0.035836170283166435,0.0014729513261853011,0.006328796267057291,0.014285714285714235,0.0013945756668161113,-0.004734036065499159,-0.0014151868260662281,-0.018348606996750005,0.005207233499560537,-0.0007032440822526409,-0.021904718308221716,-0.01430861235859604,-0.03260860629532869,-0.0021464676530382754,0.002597366894938169,0.00019166179084018076,-0.02003361459233388,-0.0026754817577019363,-0.009295112909474934,-0.0075128915266080565,-0.008600640011050986,-0.0055874857712803205,0.0002031653850811388,-0.01783073587538264,-0.008792885134276562,-0.019469919096055333,0.010583998909232006,-0.01373338261587731
2018-06-28,-0.07296345691813544,-0.007301053744732555,-0.0001563668417420283,0.005449915774508485,0.0018183425479554316,-0.009661976428438357,0.002884948063395676,-0.0005687409497225904,-0.00418990692884369,0.006882879384403351,-0.013333392300604596,0.017023722104404948,0.0033999326939713193,0.024726379268506404,-0.0016977346267116333,0.0,0.03561847466407797,0.007547206234535864,-0.007786577189567656,0.009070127400638395,-0.0023040356896329994,-0.0036462854106377174,-0.007459646571416068,0.01776646095775236,0.02754839426315603,0.0090605142571758,0.0050006410967633474,0.0,-0.005872436877266907,0.009763919528332332,-0.02296056003441127,-0.0019585178376042567,0.012499653062395089,0.0026611694591665014,-0.0013474131897844854,0.00923810061225927,0.005871223926457114,-0.0023827209312543562,-0.019993336536841877,-0.0011786760233084559,0.01570939668507365,-0.0017375654819582476,0.005586518020049169,0.08401791789854673,0.023218312631113847,0.007977082765381782,-0.00755656259869919,-0.0014173362683377322,0.011227384390926964,0.033487080975389105,0.0014256933879990275,-0.0022666786801799343,0.0,0.0029414692209519533,0.0024044836596690544,0.0,-0.0034818159250582514,-0.0026286029677142775,-0.017015189436490274,0.013084144469005299,0.00021602179205393313,0.0035186949126377876,0.0,0.008064728951422628,0.0,0.009679709069901898,-0.023315891536692668,-0.00038355048003879677,0.0010483645032690614,0.008718805783623607,-0.0013680215824806163,0.006812934276633209,-0.015348683252438211,0.009729967917824656,0.031433202271199834,0.0,-0.006720416980082855,-0.004780038736488135,-0.011854116044621166,0.005115118831908738
2018-06-29,0.0072817672333871375,-0.0012981395212063873,-0.002866433996180473,-0.013550263286182473,-0.009074279103338023,0.0,-0.0027656141031691117,-0.0009488120118771315,0.0,-0.00374329824724029,0.0054348005584485826,-0.00018801667633028263,-0.0018482378405705324,0.010383743503073584,0.005101967461816237,0.005442789490920585,0.003788318360252063,-0.0018729159006914964,0.027049537224400844,-0.02365950082610424,-0.0029826028772164115,-0.0018936194732596112,-0.03310985710194014,0.014962529849053663,0.0053616907760296595,0.006282616357812465,0.005662464729337291,0.005999429125802536,-0.005783647238615464,0.0030118721022571737,-0.009400054530130264,0.0006539121002169246,-0.0061720763595138894,-0.011892159669782076,-0.007047690606656443,-0.011442227166268193,-0.00778230578936534,0.0013028077828982632,0.0007038398125795986,-0.0009442619216106785,0.006628241648444,-0.0017401507991653409,0.0007937524461367751,0.010972811393545001,-0.008728083140289722,-0.00410088421858934,0.0013190650328758213,0.0022707881366752503,0.006125503696320145,-0.010565649474503336,0.0025628854958454905,0.0,-0.008849601931004702,0.007330751203812991,-0.0009226041391933171,0.0,-0.0024459266680348923,0.016189770851733787,-0.008045179157212257,0.0,-0.0006475888255249584,-0.009116383509784498,-0.003894928310066881,-0.012799955456408108,0.0,-0.0002662136330837672,0.015914974677861293,0.0,-0.0020944187544587045,0.02061185541061672,-0.0009785649048054124,-0.0067668322929602676,-0.0016943201003158936,0.003257422565928536,-0.01081351183707946,-0.010590055008457,-0.01488530658206555,-0.014594615637417596,-0.0024456613017773687,-0.01473537197143926
2018-07-02,-0.033735072057709536,0.011552521557071982,0.0022735318686042394,0.027472258152669404,0.009157375686168479,0.0,0.0022186067752516525,0.004747755306421908,0.0,0.006371376085146485,0.04054061505327344,-0.004138406296470887,-0.003548825166836189,-0.01279103862597708,0.011844229847593146,-0.00505232218621221,-0.017538617756142516,0.024390615222903422,-0.0061781064920185536,-0.02243398313019951,0.009263717869344879,0.008599139413849155,0.009663905754170088,0.022112967869291955,0.0,0.009166630065657877,0.006995405594274251,-0.020871953180728098,0.007921524019708803,-0.014302648271029228,-0.01852687139389797,-0.008497695839105535,0.1242225842694562,-0.008918479420968795,0.010117830043313791,0.002315178671264073,0.01490174221242091,0.004661733988277739,-0.008084352658681238,0.009215284318014882,-0.024143674387392178,0.004881091701957274,0.015860461703906648,-0.003531720830035945,-0.016199769214939597,0.010041941865136517,0.011854397255213867,0.002077236915098979,0.009132456597434446,0.010915975125038502,-0.0036923380911541015,0.0,0.01607162426723141,-0.0029110007977309893,-0.004063353147220838,0.0,0.006654888466646858,-0.022971431535476428,-0.005738734482390817,-0.049815493934666666,0.012740461718383278,0.014154246515373448,-0.0029325253483475366,0.009724519093725181,0.022471846457411404,-0.008257835230182309,0.020887591604833222,0.015363730546699594,0.012068556306820133,0.007817558714955375,0.011167615763701733,0.005298722496102748,-0.0010182823298938715,-0.007170055773895401,0.00218613282202873,0.004587152218572088,0.019780614997302548,0.0048744724577640675,-0.019264803483340587,-0.005464092515082397
2018-07-03,-0.000997667594115792,0.006423909206327849,0.00790079719267811,0.004010749373392075,-0.0054443811031363865,0.0,0.01029446144150925,-0.0043474119200010986,0.0,0.004707809709094901,-0.012987223838702211,0.006422239313567557,0.0013934764324972093,-0.0051676381796325055,0.0025083757069157553,0.001450739025879555,0.002410201248186361,0.014041355460397975,-0.0029442556409727816,0.0019485340008014163,0.004111569503744583,0.0006270122578413417,-0.009155311875765015,0.0,0.00799992899976254,0.008300812299762761,0.008471740011071205,0.0,-0.0006141048435698293,0.0020843698227874796,0.0020717954672142547,-0.0031864720683265624,0.01657540120369494,0.0058546761161939465,-0.006129297031321812,-0.011547472841956896,-0.0030910150485947696,0.004856120647624307,0.017009003303260162,0.006556012853009108,-0.0026991186695550784,0.007981032682337519,0.012490155650388246,-0.0031983556322064954,0.010560523903039298,0.0010012261085334817,-0.002663174242092836,0.008667848791592325,0.00791857175279409,-0.0025821123975253713,0.0031356466422496343,0.010980697099221004,-0.014060127836148517,0.005109773459549993,-0.007974803295250132,0.0,0.010438829380125192,0.010491646760780293,-0.0007614781267082371,-0.00970877472018683,0.0021319678333588943,0.010467470855703764,0.014705938726424117,0.006420443477857196,-0.016483355384863674,0.002954486739806139,0.007672750532848216,-0.0013239530147599599,-0.002462600745203769,0.01809965670984437,0.0003874821213769586,0.0015062306821309601,0.007539493063547065,0.01212716966160432,0.005553469519613108,0.003044383806301232,-0.01535585292859143,0.005223636819514876,0.005238285668127007,0.0008672108782850074
2018-07-05,-0.026460074771930353,0.00893618209683722,-0.006105477551868521,0.0026632744595935787,0.0018248843660588765,0.012195038705937078,0.008546135752214967,0.0034168393107518735,0.008415139104699154,0.016319155196174107,0.013158111173811049,0.019332029924898242,0.019947655160237998,0.01626135780063276,0.0045870490697736965,0.005070361211480634,0.0077399919490954705,0.026490052862009117,0.029860366584802067,-0.014152836206082653,0.012473711873524751,0.010023754855222666,0.017849686606893345,0.01822612158389103,-0.0238094270557484,0.013979413309380906,0.003360144894313466,-0.029311490469321577,0.007127255366428775,0.010240027227837345,0.030093904085035872,0.007275221976985158,-0.010869823179736615,0.025762515871755376,0.009777282737476911,0.004673398557469621,0.009689856598909419,0.008376078610029758,-0.0034842880535022047,0.009769739119643184,-0.008796138242227136,0.005507293355998977,0.017733144109922216,0.024369052917823986,0.020722458381841724,0.02365110476805543,-0.0001178825142289508,0.008593455282448037,0.0026188485148714857,0.028477204603001738,0.002557787416865409,0.01273437857680948,0.019607994980577637,-0.001452825659429835,-0.0013085116891121684,0.0,0.014462664230560973,0.00825623829365929,0.000777484189374178,0.009803959150949337,0.011914925720182046,0.019337199188335985,-0.004830936124831653,0.03189797366088687,0.011173151573323103,0.007231154374416127,-0.0025381092319872733,0.008901663308442886,0.0018193980540845978,0.013333323898967464,0.010846427936308967,0.04812017667499657,0.01632643065966377,0.010770080903407697,0.011439774977124006,0.009104473533672497,0.015321694533235064,0.005382557823638612,0.0015396623736554371,-0.0026003529245297585
2018-07-06,-0.025640755646013758,0.006044992107265612,0.0017702199869293889,0.003983969783986074,0.012750173454093572,-0.012048111519621707,0.00564904571538305,0.00018948631450732556,0.0,0.01701137772862582,0.025973771194901518,0.006444227196324315,-0.002728854807761638,0.003333601457210067,0.008509888032138146,0.006847199741184307,0.02922961878809538,0.0058653207877621405,-0.02692356949044794,-0.003835808252153239,0.006582989468873812,0.012529364131392162,0.014235543127806949,-0.023866107482778953,0.005419697588506356,0.015012484937326764,0.009879495889572931,0.009804118955307528,0.007320609659080546,0.004830582936341754,0.004460359716573548,-0.00700376527522828,0.038461241281979586,0.004098501532918242,0.002383055287522584,0.00930216407072515,0.0,0.005537600684804023,0.01818200984096796,0.009905316166287426,-0.004778242379594899,0.013351926199163255,0.000757672816526167,0.01513604954317116,0.01145221757661763,-0.00027923734341472883,0.010502102723637385,0.017966092496577435,0.002984993958347948,0.0009153441361757775,0.009920828741768029,0.004807293185766781,-0.001747988841460879,-0.0029090825111720564,-0.0028079846373485484,0.0,0.0037338372119017915,-0.018486325765726508,0.005053195571972591,0.0,0.004205202237891781,0.007452671084408058,0.004854387360093471,-0.009273537733167858,0.011049807763825026,0.003722069941181738,0.005089208427971004,0.012389808864319063,0.008560241148242831,0.004385816377368679,0.009005567052387864,0.009427272443241375,0.004016061502094104,0.0007990818739811445,0.0039003043591441244,0.010526501712109226,0.0032334105678246683,0.0007381073681598238,-0.0007096146697951333,-0.012166813222602157
2018-07-09,0.0036838755551464875,-0.03759076608613987,-0.00012979695524140134,0.017196095051738247,0.019784439887494898,0.012195038705937078,-0.029815138227230698,-0.0034048617940046766,-0.0041724908998049814,-0.046428091366064184,0.0,-0.02213661555393376,-0.011857886310621901,-0.026137114249662474,-0.037250495970097997,-0.036506908412867634,-0.009418496999223036,-0.005831119401918161,-0.012442537379641072,-0.018811906748437912,-0.03625150605263938,-0.036510880185467,0.008136799291760255,0.017114419377063594,-0.0026950113824638633,-0.027015004056440417,-0.030674808425659505,-0.0019417099697371931,-0.02919098076831539,-0.002916149243737731,-0.005387374595592687,0.0220412032374544,-0.01058140597681867,-0.017059135068155373,-0.01872461929364977,0.0,0.019193925612019935,-0.033784625401633406,-0.012706239391057306,-0.03786457916214969,0.023320000965914467,-0.025675676251576296,-0.03709316383132211,0.0025128496137383216,-0.004632155803942273,-0.012986651602024946,-0.02929986257770023,-0.006732218678369928,-0.030505774145009656,0.03269333441694133,-0.027112698903718924,0.005888874535056932,0.01751289921493493,-0.0014589846509104332,-0.03529202535519049,0.0,-0.05005067860459411,0.006952310860928845,0.005058147482946973,0.0,-0.02910424730179073,-0.026227571076728018,-0.01642512753896197,-0.018720836653177586,0.010928699523100605,-0.006332109191881985,0.0,-0.028926959273112618,0.015688954966261992,-0.01746709445754735,-0.03456130971663551,-0.008620733126606384,-0.000666751615508332,-0.012243773026215488,-0.0029473243042469344,0.02083283076163478,0.0005373569919995269,-0.007747330713575029,0.016802584825538425,-0.004399003040345795
2018-07-10,0.017304571456423945,0.013213514545501237,-0.0007537084940761885,-0.01950596280318151,-0.014109501393655077,0.012048259736575417,0.009575809540187885,0.0013288616854192359,-0.01536308086891991,0.02557357654950776,-0.1265821671972106,0.019083351683614858,0.011230747401874908,0.004397416902990781,0.00919223762954502,0.007058133519363796,0.009142354351664439,0.01583598332039382,0.0006629900997312532,-0.015360223733207667,0.008240733290751034,0.011190028083921444,-0.012510151172874906,-0.028846003523069208,-0.008108150807684122,0.008065676634301466,0.004447401041986598,0.004669399499663607,0.009731962314512677,-0.0018967425228797463,0.008576394952344968,0.007332147087114604,-0.010695677780011792,-0.0011710745369821751,-0.0010600375065702439,0.011520481928997572,-0.020715528653456383,0.008329861947130146,0.0006956926218706361,0.008771665701557074,-0.002010512542566234,0.003120498912412506,0.0062894068638801315,-0.014705937840345906,0.012754615123249824,0.015987740706745912,0.012823839801734405,0.016853004540688055,0.0069070448537726925,0.026344780657420408,0.012521645771147893,-0.002561119588539329,-0.013769495930505471,-0.007303782335848608,0.012648591419335498,0.0,0.007831886290335932,-0.017198102458669595,-0.013487425306980105,0.0,0.02091922840086169,0.005525220006499243,0.00196458776913655,-0.006359278487516495,-0.021621449131649983,0.00645344988517782,-0.027848080067307657,0.01413063048350005,-0.014434022190694784,0.005714218494429213,0.005310713591847316,0.008695696404660946,-0.014342801221857493,-0.003368648780029182,0.01182472294789716,-0.017492490038484743,-0.0029530697609834178,-0.020264133936453432,0.014895985221411001,0.0008838998887013005
2018-07-11,0.006185543779528846,0.01390087678399854,0.0003383103295460099,0.003978685545019012,0.003577673436750528,0.0,0.004300685419839967,-0.00018944103774065635,0.021276541059871645,-0.0035164834092991093,0.00869574407665108,0.0034878273478906596,-0.007454391568907481,0.006038538333246857,0.014403333155870612,0.014754787323103757,-0.004058668959719847,-0.001155062301663068,-0.006626658113708661,-0.00626315622162299,0.015961009240009316,0.010815251115002145,-0.005108308268246153,0.01237657366209266,-0.01634862811759874,0.010617250326077743,0.009025787147125541,0.0,0.01581595662090196,-0.011007269123022412,0.0,-0.014557453773419549,0.02702736006013251,0.002451845310761591,0.0037896973639728326,-0.009111387454485143,0.0,0.010762525519371735,-0.02780695118256693,0.013160983580145613,-0.002015139556286405,0.0041482309627385305,0.003905836791132433,0.003307301269646068,-0.0011913275289137104,0.001322667413534484,0.005792576674946481,-0.01098917853596737,0.0053350332088979435,-0.0025883727565888526,0.012942313472138256,0.010638304544359212,-0.02094245350442203,0.0029429274513996795,0.011144871638381293,-0.014084507042253502,0.005651585694164796,-0.04049043685982834,0.012928040834800925,0.0,0.009083178416155802,-0.0006868929605647889,0.007843129921766057,-0.0176002551132991,0.0,0.0024042962537784707,0.028645810902925284,0.0005647180538819185,-0.0019267238586667679,0.003787951741959228,0.0080221397576965,-0.005747184398693594,-0.0013536369629248979,-0.0037851761037598353,0.0,-0.0029670927999445595,-0.0026922940938453044,-0.014990553625017444,-0.007797271530746386,-0.014420002830799028
2018-07-12,-0.017417911219257176,-0.005229493034954791,-0.006084136196919165,-0.005284037284538967,-0.010694940995748525,-0.011904827285322828,0.0007692070330611589,-0.046445608897367596,0.0,-0.015078403931987339,0.03448274571711396,0.004940063360965308,-0.0010732043958248116,0.001275474541573507,0.000626489351984727,0.011631833339460496,-0.005893909915838824,-0.009826782977405246,-0.00016715257944011075,-0.019021477716402724,0.0024612243348660634,0.001492807306352928,0.0016431855078924418,-0.014670259521331164,-0.0332411687927785,-0.00015236401285489976,-0.001856362170707393,0.008907516127611315,-0.0003649793462188189,0.005684935322943563,-0.0024618143681246485,0.0039099261110198125,-0.01578930474517437,-0.004041013633342305,0.00921372092639583,-0.01609226738672931,-0.011538322689539138,0.0016130360334036808,-0.0007148522274077473,0.0006955629566942623,-0.016823655864268927,0.002065004321180508,-0.0007778902298791746,-0.0022820936587163443,-0.011586314462271652,-0.006814257606797436,0.00047546211581073194,-0.004735833766293718,-0.0030321446689068887,-0.011894849254865059,0.004826469772711395,-0.004356014886184756,0.007130357845786195,-0.0007338742727158731,-0.0055109692421972944,0.0,0.00632239652074329,-0.013312058982773878,-0.020261013446824294,0.0,0.0043958990908792295,-0.0006872940613288359,-0.0077820939478694395,0.0,-0.011049691693196584,0.002665259333607617,0.0,-0.004892834788118194,-0.004505417706571757,-0.005031601488751258,0.0025232220101041314,-0.010115600239005818,-0.015249231165675337,0.004070991192678175,-0.001947926309737058,-0.022321622678461828,-0.01700897137894164,0.0,-0.00011554060578988778,-0.0005973377548545988
2018-07-13,0.029197197925437957,-0.00042646130086143597,0.004132966651551495,0.0,-0.0036036431069537134,0.0,0.0,-0.0031810977835803333,-0.018055505701051966,-0.0013032931319673091,-0.027777687345217128,0.017476460407073846,0.008899661059489583,0.0075685866253210055,-0.0014606930629741388,-0.002515096737702671,-0.008272017460960401,0.0005841946763625039,-0.007505952128295856,-0.00046705275415803715,0.0025489676582493015,0.0014905174140575905,0.0036907686585709865,-0.00992527456921588,0.08309446969705303,-0.00045666773170327524,0.0,0.00038398293275077044,-0.003528843678964777,-0.004060506149985654,0.007402756038719316,0.00898109388104773,-0.02517403026709708,0.003523269672518259,-0.008979608028748753,0.0070093629642968835,-0.011673109428765094,0.0005371202910617878,0.003577864475020842,-0.004867488751135962,0.0009125603117963177,0.006183438282889808,-0.00700940321832888,0.009318854190420112,0.008446754534130685,-0.0037106139359736057,0.006113015810049527,-0.0012811933069244441,0.0,-0.029108978727443002,0.0008474795009969505,0.008384964020364816,0.0017699689494610205,0.0007344132396980285,-0.005541602861689809,0.0007143293108258231,-0.004537280663590493,-0.006071297524844588,-0.02859749605428874,0.0,-0.0004167524968036185,-0.008253130017706,0.05490200294984571,0.004886299779571557,-0.0055866931541648235,-0.005847712966495777,-0.012658125542224008,-0.0022688949162197325,-0.015515475073133111,-0.010745893670291329,-0.0017426958022217498,-0.0014598908977577763,-0.0010321699886194358,-0.0009458405477724696,0.0033177666707591147,-0.0030442360565411386,0.007415928181399245,0.0030821020735827265,0.013638492012676862,0.006871642543453627
2018-07-16,-0.0020263344061336452,0.0009949311990584686,-0.0009117759061136876,0.003983969783986074,0.018083103060930972,0.0,-0.00021935980792264775,0.005185607519184066,0.01697310928507134,-0.001956868943350454,-0.042857216384344476,-0.018250228551586645,-0.0019770526125232335,-0.0019338317662602744,-0.0029256596166550297,-0.0010808014558487677,-0.009964466463312283,-0.008751320051496037,-0.009579876350001015,0.0005845320179924673,0.0010360099415911428,0.00198489437524052,-0.014504646887559924,-0.007518890366985942,-0.015872988996967208,0.00030466661285522,-0.0016910792563653576,0.028012359655415153,-0.0009766878637752496,-0.002877846860059985,-0.02115356342878183,-0.00010756740814077403,-0.0054955647008000374,-0.0131927556630137,0.003624154144328706,-0.011601058715769441,0.011810980294200135,-0.0022537721408601996,-0.0021390814406191394,-0.003493995762063773,0.00638280280525283,-0.0047796537830347985,-0.003137092744006309,-0.005623535135166446,-0.023247892271290982,-0.009346791454493353,-0.0001181962081042709,0.0016494394300372583,-0.0015213411636929575,0.002028856053696071,-0.003669827825834693,-0.005784305878040796,0.0053004442878084035,-0.005135914860944002,-0.004419732777853236,0.0,0.0,-0.009366073866202584,0.010530812251159372,0.03883491370127201,-0.005212879010191518,0.0020805423589620453,0.045539011217017755,-0.022690357615482326,0.005618079641235951,-0.0040109200021331,0.0,-0.0034116748372893246,0.011951609950070496,0.0031948313020120356,-0.004460743494367647,-0.04605264671166398,0.01102307178985562,-0.0032468462157970723,0.003501266048796081,0.010687138746366953,-0.00599823046507697,-0.002880445864673953,-0.0006842887034740341,0.008605592330621636
2018-07-17,0.014720725595444684,0.000284074982705107,-0.004719443470103113,-0.009259114932937185,-0.003552528422461565,0.012048259736575417,-0.0034028891096966607,0.003769615556780792,0.0,-0.005065364337488609,-0.0597015563578408,-0.0018221441272996408,0.005521547342964395,0.00611013364181856,-0.002305491960938988,-0.0007211410484132541,0.011779406110771884,-0.01177185770151834,0.010520946059799918,0.0,0.0007525134669488232,-0.001609092414072144,0.00041454409886743093,0.0,0.03225823841618514,-0.0016752795158503364,-0.0028792126612762203,-0.04068684017849078,-0.0013446554287017687,-0.006013209157956334,0.006141864825705223,0.01008178973719076,0.14917217971215058,0.008733224126870276,-0.0018056366920339295,-0.004694795909509053,-0.011673109428765094,-0.005270577894787687,0.015362557745334016,0.002337306674442763,0.0020380571937386183,0.0017150782565984457,-0.003147389489626229,0.008019028507259884,0.00367519022690721,0.010498360420619024,0.004189155044755699,0.0005486361063951062,-0.005331065713319982,0.012598281617625329,-0.0014166943998574766,-0.011272908966309836,-0.0017575260257391978,0.001474921936233775,-0.0013511325068540359,0.01570304676943901,-0.0038568084940094893,-0.0009591366092635001,-0.01043922520781626,0.0,-0.0012573330808060001,-0.007612697300352522,0.026666683620876652,0.004974942481736244,0.0,-0.007248018026998926,-0.0025642143173143506,-0.0024726704453991166,-0.0037639773718950442,0.010828205987282624,-0.0044809204698468275,-0.0030652117019640546,0.021805689639383896,-0.01859399366473935,-0.003101239226409369,-0.0060424132466648794,0.007131209579755771,0.012712037120583775,0.006275790877390719,0.037658058512550774
2018-07-18,0.004502316433189879,-0.0028393740859355976,-0.007387562989636165,-0.002669942264631353,0.010695490106623629,0.01190490051155102,-0.002863053683242578,-0.005138954721112254,0.0,-0.008375465927673909,0.09523806570909432,-0.017893099663734757,-0.011440015966330597,-0.04066031743286591,-0.004622142915300609,-0.0036089127612995986,-0.009873667748152126,-0.008338354486967625,-0.013266254101485853,0.004788117812507098,-0.003008335275583196,-0.0026037956068913903,0.030045575056421026,0.10101016578643685,0.062499770823988055,-0.005491940982604415,-0.005945497789149878,-0.0073929291267701425,-0.014198177931030953,-0.006613859610624662,-0.025774222232862076,0.0047779254650119896,-0.06249977352013791,-0.02298003178102004,-0.0067830586876252985,-0.004716784815335551,0.007873616654835214,-0.000864916532819171,-0.00985207752877526,-0.004430996044958335,0.0036166457945341346,-0.008904152567570045,-0.010259999413864351,-0.015910470498032292,0.0013952484790855646,-0.0025969657856705908,-0.004641352868571036,-0.005119545505266165,-0.00842262672810623,-0.01866256783122633,0.006242812675491205,0.003678012497470684,0.017605398505807557,-0.0014727497453277394,0.00019304786726559442,0.0,-0.014783659722997111,0.004663259442474477,0.015323403695666427,0.0,-0.0020987388145459196,-0.006276088344175701,-0.02164502128757917,-0.019801830787780972,0.00558645841915828,0.00027007295142156273,0.0,0.004385178627198449,0.01133379821156999,-0.020793911690546008,-0.004109549649194744,-0.007686497257181291,-0.01667204323857352,-0.004286954091464068,-0.005638702637984272,-0.003039388572828372,-0.0032678307677517227,-0.004374822406411183,-0.0013606083764100552,0.009072769070117115
2018-07-19,0.006972138932595406,0.00569498950052072,0.0136976602862251,0.01606394680391876,-0.010582307145246328,0.0,0.013143602659693832,0.0013906422482476977,0.001390786086939766,0.008612028458997667,0.014492927764289343,0.00650668076369576,0.014503829014826941,0.0062531308657372,0.01013091570329383,0.014849900798412863,0.015255962579720173,0.015014991471283157,0.019230774908991055,-0.013483697215150081,0.01235173049037086,0.009447866759850099,0.009454812023400816,0.0435780745126757,0.0049021617409048535,0.009817376250901289,0.010936410701152033,-0.00039230364571807286,0.005711399101576031,0.013234943814582012,0.006033608731720541,0.028215154471492143,0.09230775527112844,0.008970804715172864,0.011838063881527416,0.0,0.0,0.016016925259066728,-0.0007105334525577822,0.006324528003668339,0.01351383812149809,0.013821935031674615,0.019935883399960774,0.005105769911029734,-0.008532417894087319,0.01421725812882757,0.004898763684320739,0.006065000497123663,0.009652392106681562,0.021960776382274005,0.018894030501449333,0.019787319937011105,-0.02768161381191292,0.0005925124394807746,0.008116100803350568,-0.04356990031818275,0.01143258638619371,0.004505144568567543,0.010976019919141322,-0.028037401503044235,0.007780954587535582,0.018245415704921664,0.02654868899744267,0.015151544151650098,-0.005555423278014837,0.013517100668505089,-0.020565638038500755,0.00892174245326638,0.00025783166497106436,0.018017855692570972,0.01218323227967577,0.0038733466819644846,0.01458102880671297,0.01333319840760061,-0.007626222057897869,0.016768007334823976,0.004098493279624638,0.0034388595884373707,-0.003974304807322637,0.02613110782811834
2018-07-20,-0.015825851861396067,-0.0032560845113894787,0.0023693766452463905,0.0026352754440130965,-0.005347516257113827,0.01176455178803848,-0.00316166315253974,0.0,0.001388920714826547,-0.007553312675599555,0.028571332897479484,0.015515391828599512,0.003042084059750483,0.011201709372743451,-0.009193667439871156,-0.00927917311968407,0.01304792451523995,-0.0059169627392196,0.001169021753982591,-0.00412380496539444,-0.007171289278562476,-0.006773280649123858,-0.0041847986599048426,-0.013186976242723913,-0.02682937413876163,-0.011697083584538914,-0.006930202183864642,0.0,-0.006049207173624338,-0.004246940776835295,0.00023122112231366287,0.007810986631771932,-0.00939016291708894,-0.003361325002823823,-0.0050996604110959964,-0.004739295220480999,0.003906604532851299,-0.006390901715049524,0.0007110386693183202,-0.009776222575714089,0.0037778005243465085,-0.0040896181869345405,-0.004691062855349704,-0.0024553240465539083,0.012293583323558455,0.0032613443523514807,-0.0016443948836367683,-0.009499260979720203,-0.00764797787975291,0.00044291740842705707,-0.00941011290823457,-0.02551197653329418,0.0,0.0014804039409512804,-0.01552601194219616,0.0,-0.010596911537633869,0.006931234430696431,-0.018985113738159254,0.02884617324411587,-0.008346790415403982,-0.0048244651964206575,-0.008620722256998503,-0.009950294842071328,0.011173151573323103,-0.011203047670878763,-0.002624635856214086,-0.0033864455048475683,0.008113525649438902,-0.013906393654837479,-0.006988974238524626,0.013888770863062172,-0.007687075534799748,-0.010553676587805927,-0.0025615710200893593,0.0014992980499592967,0.01768671070245209,0.0019036528200042646,0.0038761897283210445,-0.010679357066428308
2018-07-23,0.01758745242001658,-0.013776497238930041,-0.006233978705831977,0.003942014639629177,0.01612925783221031,0.0,-0.006780413322025947,-0.000991981815430476,0.026352296285048427,-0.0008274437037507631,0.02222229456827063,-0.003819433114673365,-0.0016680822602215262,-0.008421918277436213,-0.00695887741129797,-0.004323119490504679,0.008610723983304203,-0.0017859589751290095,0.0038356356760511634,-0.005915604339948866,-0.0015950664612838228,-0.008431544324007945,0.013207890387857635,-0.024498802539188014,-0.017544096039216472,-0.00015348363816214405,-0.004936122645747387,0.005490167896524456,-0.01366316857884764,0.0017702253543792068,-0.010839756190309857,0.005200770086117412,-0.06635036500440428,-0.009573733848903143,0.0036179363320927305,-0.002380773891040744,0.005836454927158785,-0.0012864016092607455,0.005330400054239348,-0.008462398561416506,0.0022138921647791854,-0.003765038297945833,-0.00785526419870275,-0.005346551601962846,-0.0008671506990131084,-0.009753022292674829,-0.00670694925157711,-0.009959331262531013,-0.008092504379494825,-0.016385840335961244,-0.002235356946121869,-0.006637182088661042,0.023131530416091284,-0.008129732430387837,-0.006425419257956366,0.05069796904517654,0.004284087365454825,-0.0012147666318148564,-0.00387791012231653,-0.018691571292548725,-0.0033672778102114,0.0,0.000869585120159666,0.003349740626112263,0.0,-0.009441166701112058,-0.0105263221630707,-0.0028320372976309294,0.017500964422711318,-0.0032051602606919527,0.0027370531242101315,0.0015218321152905556,0.007073083698976967,-0.00623344403731918,0.002568149517468532,0.020958240678745632,-0.0010691405064958692,-0.006650211260199601,-0.004883240353869556,-0.005812477615414258
2018-07-24,0.013333749102135695,-0.005472659931765933,-0.0038421732578981516,0.010471245892448744,-0.01587323434286325,-0.02325579898349661,-0.0022022986530105815,-0.0013901959197474278,0.0,-0.003974092657818118,-0.03532625844074855,-0.001825929577541352,-0.00865753292457161,-0.008110862273542851,0.006795570813687979,0.010492243299139226,-0.006026131031208859,-0.0011924189252956463,0.033892639374914824,-0.024637030631538215,0.002724625300036143,-0.0010001549728627657,-0.023701258145816362,0.02283074512532357,-0.022958985414583633,0.015526251684153447,0.006157808136861398,0.010140805506484218,-0.005414888436604648,-0.004418414438595808,0.004663099156848816,-0.007000050687081316,0.16751304108284315,0.011203903023835116,-0.00841212888807541,-0.021479916896795515,-0.01353973665381858,0.0022540512618618447,-0.01166502070036568,0.0002365787481135584,-0.010161362171793864,-0.002748242941295942,-0.003167324859086662,-0.00025618568302043787,0.006945436036756902,-0.012503163443554954,0.008173869040952297,0.0057748893137763435,0.0019422092632770394,-0.007429368520958879,0.0014001069134585986,-0.005567707815060663,-0.0017390282199599705,-0.0007458259036792203,0.0025471574095581317,0.0,0.011375783691111474,-0.00027025068825003995,-0.015189629941780969,0.03809520176478798,0.003800753234597831,0.002077948072273017,0.0008688295988685812,-0.005008166080188281,0.0,-0.004629930600701271,0.007978690040880254,-0.0015143804931837535,0.0015064398988859917,0.0012862582060773065,0.0038993759139163142,0.0053193764000929455,-0.002675754830043342,0.0016726436947938073,0.014975426890101895,0.004398965973985369,-0.01659550195529702,-0.0007652235106555549,0.0037659335161617236,-0.010857246482455785
2018-07-25,0.019005691593489082,0.004633984302285787,-0.0028597340094748125,0.005181224246610272,-0.012544896526824223,0.014286071002054701,-0.002427753829672974,-0.0003984185456832323,0.0,-0.005985134973255923,0.042253602069382445,0.005121479792469685,0.01041860171982889,0.005245477336035753,0.009913660663817048,0.0060869213780021525,-0.0025984103018604765,-0.0017913956140821474,0.007231225138307318,0.008175764306337818,0.014805204397170257,0.0036296563275171057,0.004450616806023433,-0.004464227387401487,0.03655346168393181,0.011656361935410864,0.008840790436824841,-0.0057916771706910675,0.0034188931067684614,0.009037489381892083,0.01067518246019361,-0.008990840605532902,-0.08695681787616338,0.008364341312102841,-0.031055944915349576,0.002438922368252383,-0.011764665654397155,0.00278482384491352,0.011445024806284287,-0.0016592625928337768,-0.017630019221479998,-0.011023049112045435,-0.008736926228153141,0.00435272092665806,-0.0024139367095709074,0.005446633171106052,-0.014452916548388539,-0.0011115305642944717,0.0,-0.017690852829605697,0.005033680251717465,0.0018661446754155708,0.020906046874625384,0.0007463825751377051,0.005473488734784038,0.0,0.010896391732916122,0.010273075708747026,0.01754772297253715,0.0,0.0002104142130645581,-0.0034553270673383096,-0.0017361507785524921,0.005033374053391437,0.011049807763825026,0.015868896759994477,0.0026385620724573844,-0.0005687787158099589,-0.07245783864403454,0.0,-0.0023305946035437897,-0.003023599406970945,0.002347674389831411,0.00013928373376903558,-0.01164818999774131,-0.013138674339431389,-0.02449639935407799,-0.0095712773732326,-0.0006821928419593615,0.031522955359650995
2018-07-26,0.016260364336398547,0.02392602552178702,0.002526206194306546,0.01546383777998983,0.014519219283073648,0.009389300896862185,0.010066497820075071,0.005372410892070523,0.0,0.008362607292373259,0.0,0.006551404001416072,0.01501127845536221,0.011127235411113157,0.005429904868972324,0.0024909295911108575,0.0033347674845718434,0.010167454776027096,0.0038290883199059156,-0.009320024585854347,0.0048014912332996484,0.011972961826568485,0.003625517318152527,-0.011210858237440391,0.007556716212901771,0.01810577702186711,0.01718894814896821,0.005825416100127878,0.01488923662366659,-0.017273270569595045,0.014236674990505405,0.006289133505149813,-0.06190473945152897,0.07357532294969715,0.003752283814767665,0.0,0.011904720713298067,0.014097622089805695,0.012729868718728943,0.0223175939682958,0.02748734976085343,0.002090119199845031,0.021634356140781685,0.009347512268351288,-0.030250850269360918,0.022301886520318392,0.0024440709819653073,0.0016687381731175233,0.012795841598278734,0.025859995356820598,0.006399541886344284,0.0026080673643722463,-0.02218447426267922,-0.0022356497063716896,0.006998429010459217,0.0,0.0069543164431842275,0.021541351006089338,-0.005816822112952091,0.0,0.011146436399774196,0.005547778422632987,0.0,0.005008578696033217,0.010928699523100605,0.0018848654324499226,-0.026315805407676862,0.003794049040955594,-0.0029735473361283127,-0.003853638674313209,0.008175994294165934,0.0015163387658254646,0.010371182220997088,-0.004870255883048791,0.0053034210281217575,0.007396395111785248,-0.006417394878999394,0.012562763783561026,0.0037543656713494578,0.0024553051456375208
2018-07-27,0.031058646533734358,0.0014078377557078525,-0.009632741009565127,-0.008883110008224837,-0.008944413206632529,0.01162789949174825,-0.004709502886030004,-0.006332815538038661,0.0,-0.00995183740502259,-0.02702699849023571,0.000904089515926465,-0.004183013690212123,0.007286259111608295,-0.00041568984037887446,-0.0003550236656920669,0.011055049902659597,-0.012432908176933322,-0.0036554689703811594,-0.017104271517079606,-0.0019299105240733194,-0.00061628410806569,-0.02067037414505979,-0.02040765162285707,-0.01749970345452012,-0.022486984168050728,-0.004638720642174188,0.017374272756364162,0.0014922267934081024,-0.0179834349988085,0.01833833694010223,-0.009425388555296399,-0.09644714796128195,-0.02679114109847136,-0.01869149763700051,-0.03163005879433545,-0.01960760847417975,-0.008214647762768701,0.00209493673869221,-0.002786848879270387,0.0008846557452044657,-0.010080112333747837,-0.012548935099877756,-0.008755911414269013,0.032085649357799007,-0.003922644649649865,-0.007017225287556217,-0.018511531512381718,0.0019142376487999435,-0.04321420833137413,0.0,-0.02861385934176941,0.026177987071781095,0.0,-0.007142902166565435,-0.0174825174825175,-0.005870353948407292,-0.006941699586229033,-0.01624860364899028,-0.04770637819154999,-0.002288019467683755,-0.010344747937530707,0.0,-0.01661099205797234,-0.010810554224304991,-0.005644986576205713,0.0,-0.006236662178301655,-0.02426447292686451,-0.032237409776648684,-0.00965432517713849,-0.0007570214818931609,-0.036092608958615435,-0.01649874520869299,0.01621701834193212,-0.007342090112367861,-0.024150609736355966,-0.008254952613366284,-0.0011333627089740173,-0.042460177671392874
2018-07-30,0.021451536107017333,-0.010402141879668703,-0.032624098668996626,-0.005121730259789903,-0.009025230442901377,0.01149445766320989,-0.004070988024175937,0.0017926216347847745,0.0,-0.004020868065878869,0.013888873816795488,-0.0012643548837231178,-0.003000142221108004,0.014315650572269023,-0.009974724279135594,-0.004616521246474381,0.0212249411848886,-0.008393342053990893,0.01387763024456401,0.019142267686601988,-0.007641825158523852,-0.003946200664377675,-0.017213304935212448,-0.009259707311925602,0.01068686029290511,-0.012479212827642305,-0.00532622037201369,-0.013282662573478543,-0.0034761899976761823,0.014584170039970479,0.020897687581669988,-0.001861696031464355,-0.022471938099215882,0.008351254903535166,0.004761971779285057,0.00251237449669528,-0.0020000268762907503,-0.008919910472450554,0.035540177140775064,-0.006924012638447108,0.0846028634051883,-0.0017555367951831435,0.0015886229290005272,-0.009002986055174245,0.009498851446455125,0.006010133151773012,-0.004491589505293048,0.002640398782830733,-0.009817273599582288,0.005881131573846288,-0.006082226053356288,0.010329018947261126,0.0051019741539173324,-0.0007473952618621826,-0.008166694450101097,0.0,-0.003820823501977322,0.012002032224278869,-0.005635517095650466,0.0,-0.0012509514633650687,-0.009756295395530246,0.0,0.003378198686478706,-0.010929043929363225,0.001621930731891652,-0.013513638515047388,-0.0019021610028826519,-0.009864374189658798,-0.005995655300725211,-0.008968735360975977,0.015909311578752527,-0.009275068627850547,-0.003980590914517523,0.009229262543690941,-0.00887580337145688,-0.0002878120488529756,0.004645861118334871,0.0085101207477154,-0.0005687063483683641
2018-07-31,-0.025469338436474476,0.01051148382579048,0.01495853430423466,-0.003861055269190228,-0.01639357446920331,-0.011363836525377202,0.015025847598844067,0.005566735563413472,-0.005405400180747089,0.008747094316454262,-0.027397349875009858,0.01103266686766502,0.008275649685370645,0.011297504443612327,0.014693585609230952,0.016053980046904393,0.015535199005625167,0.013905419852343393,0.03067973885944353,-0.020978119874635826,0.007051304870503428,0.010523855729100529,-0.01647199991519943,0.01635510688174402,0.004531638485142597,0.014464127288402961,0.016064138920629745,-0.0038459848728563673,0.012582430754361162,0.02499163552190975,0.0030491634228542175,0.008289274425435922,-0.06321821653862081,0.004192103768855482,0.02180073338653088,-0.007518566777460656,-0.01803641778820808,0.009750241416284222,-0.024226305781333224,0.015599219883764448,0.047454738726524726,0.02004891402131692,0.015067410099369294,0.0073708278189918985,0.003935039254481909,-0.00398283839606961,0.007880623542440013,0.010158014174519003,0.01788500317644437,-0.009354663169558353,0.00806683528040164,0.020825609577127535,0.0,0.006727004836798223,0.010782289137708734,0.07046259001056487,0.003137864974471105,0.003518838343361308,-0.016762418085918718,-0.00770712165934917,0.014401898636304589,0.00774112880780331,0.0,0.0067336497661623085,0.005524729775969739,0.03859670111830016,0.013698758586692783,0.012576220761938872,0.008699298243118214,0.034852497104207236,0.0015740956918846027,0.03057406571096144,-0.06622740890603018,0.026548694734721323,-0.016193671787875674,0.0014925843463369226,0.003166349894427656,-0.014836365702874388,0.003937940639861859,0.006257219191900809
2018-08-01,-0.01421353321593155,-0.011807789145022785,-0.002618258374382565,0.010336031640029164,0.009259123685767312,0.01149445766320989,-0.009578585420256136,-0.0021750360441021854,0.0,-0.0178425101936851,0.014084615539810663,-0.0134166324431777,-0.013878571101179737,-0.0074721634147859595,-0.009929721363119981,-0.01931157945829387,0.019983460831451305,-0.011925767083220906,-0.03968870956407755,-0.012084065066559568,-0.006449060877135482,-0.006983618519678769,-0.048759752756715735,-0.009195068586931754,0.002506207772708935,-0.008254615937870802,-0.016139593914280326,0.01814649637912291,0.0066437945664763465,-0.004143411263475283,-0.021276828545320203,-0.00164406837565223,0.0,-0.017106021920912817,-0.015305873695804717,0.045454564455869484,0.026530978820310747,-0.014218792006406855,-0.010689579758302536,-0.013963416035679299,0.01380488961117421,-0.04793054786328843,-0.003124978488993846,-0.0006803069042148335,-0.010225017433602601,-0.009032362156278007,0.002148814180474634,-0.01620114903648795,-0.010695145571382958,-0.0049577668256902685,-0.009381912527438807,0.0014834004621928631,0.06260602240945135,0.005197153595689397,-0.019782945165200405,0.0,-0.007994120716227293,-0.00818178271459069,-0.020065757673592977,0.05825237055190802,-0.01069915334697158,-0.009078402435633404,0.001739170240319332,-0.021738729707820093,0.005494721138371572,0.002339154697772017,0.008108074284163713,-0.004516274151845523,0.0153010787423431,-0.007772259839697204,-0.016106925333723487,-0.02821998468015685,-0.011882743710557198,0.004310274387058444,0.0017426660163371022,0.013412660058710335,-0.011190656201849114,-0.017993285515265356,-0.011094999058119503,0.009892543258546826
2018-08-02,0.03255816484947616,0.0027029983548547687,0.006630205744665885,0.01790288549318486,0.0018349299711100109,0.011363277343370948,0.006594148059422933,0.0007923580249340478,0.0,0.020373734292807644,0.01666660034945555,0.02973689082699149,0.01755447130205523,0.06171762452716978,0.006904721458455221,0.006444909959264722,0.0008783993139729329,0.006638525484675251,0.009537632274445151,0.014123485229694088,0.007974993378804696,-0.007402977780778475,0.01248054743896021,-0.016241405002140885,0.007500040534993646,0.0019673514243048196,0.004352026611186499,-0.014031048429203885,0.0114887439862974,0.00848122001833751,0.014640846326107626,0.0069994116761487035,-0.02453972266397808,0.01046313953035849,0.006594332989705132,0.007246233095974608,-0.003976400598805441,0.014531674934887606,0.03659805160977969,0.0023601157998918154,-0.004027195675917916,0.022817626435953198,0.007052855301228567,0.018473962487166373,0.012913399441714546,0.01941259989193367,0.009231857250461495,0.005867993153836126,0.015057987802920003,-0.00023678206876442953,0.00612819098413353,0.004074512020402432,0.012738684674154177,-0.004432174285819879,0.013059151067083441,-0.055718018378319356,0.002802926336184841,0.0031425922283723207,0.004294460195220173,0.012844068644254802,0.008111174453941938,0.00422853125813849,0.0286458255723121,0.006837412997641845,0.00546423495946291,0.003369982930885973,0.002681082564867099,-0.0088847373830232,0.019455284602496903,-0.0013055689727414777,0.005989189035867426,0.01638147061961659,0.030439757166717873,-0.007476020056020105,0.004832933160153541,0.005882467562918325,0.012188172660742902,0.014937261299722282,0.005892920484787512,0.020990844800354846
2018-08-03,0.0,0.009788328802219581,-0.006531300854744293,-0.016331549235924503,-0.0036626681763305413,0.004514698895901725,0.0026202998446729353,0.0021781569337362416,0.0,-0.0011648900711143106,-0.016393378462247865,0.006691422321377427,0.0038670679599452917,0.004492900054133386,0.011081284183599882,-0.004980513443814005,0.00897739871812564,-0.009592617539308845,-0.016375473678440167,0.0002485972305401596,0.012879238094913203,0.013673176685202515,-0.024433269574985483,-0.011792551711242383,-0.00992554097300502,0.012233547842375403,0.015500100641334003,0.0,0.01220349287930178,0.017296090018980026,0.03279410663215332,0.0021467177696945505,0.01886766321831357,0.016608422975262327,-0.0067366254481020515,0.011990462698539206,-0.018072120790391888,0.004911245809934295,0.006388998582307126,0.006828369357215758,0.0063545353912608515,0.011685859823731715,0.00622606044216889,0.015798834913917537,0.015298242775098947,0.005460438494930386,0.01003272027719082,-0.0005644222839878976,0.011411143948540037,-0.013289546063529167,0.003044916387560326,-0.0003691134585905864,-0.004717063210214478,0.0007420011687604422,0.004492342060739896,0.028024191013989563,0.012229074377690718,0.007048625364564742,0.03678193936938445,0.0,0.009490444124510056,0.009122635311268112,-0.0016878022885929989,0.008489102985176133,-0.010869535431776267,0.011111435492392463,0.006951744668821869,0.007819801596506304,-0.005778798082355707,-0.00457491869815807,-0.003572061387351888,-0.005128333802654095,-0.013129559004432356,0.013369117646840678,0.0055792653744175524,-0.016081739386626825,-0.010034398872727501,-0.006671506833095697,0.009463749166912061,-0.01562505393178093
2018-08-06,0.0022522184291855485,0.001264442107238306,0.01051866747317276,0.0,0.0055145292698528525,0.0,0.0014158197230216274,0.003951103253391208,0.0,0.0013326982552774869,0.027777747633590977,0.005072529488027611,-0.0017782548508200602,0.0030751541560525286,-0.0006206819291090238,0.010725496639231835,0.015119008375846343,0.01331723937330942,0.02113041215348188,0.015415044762786545,0.0036331275027825516,-0.00527256598360315,0.00654331891854687,-0.0023866403133483427,-0.005012629422169179,0.006714616651671612,0.0026262054511472233,-0.0019231341559680093,-0.0038193787361077147,-0.01544185691774147,-0.002963422423150619,0.0034678868223614323,0.02469184344739417,0.009177248436955221,-0.0277600660302878,0.011848394960725095,-0.004090045006238441,0.011156126506116415,-0.0006683397586459972,0.0035078281265485955,0.0038267808604759423,-0.004900546371845005,0.010054173103470232,0.002797938560475277,0.008036078169982419,0.005634199236644211,-0.0008183055060502209,0.015816197108414087,0.007521845294422347,-0.007455415496320339,0.003588368678217213,0.027306375725030474,0.009478838701744596,0.006671947783421173,-0.0005832116425319445,0.0,0.002071337732970191,0.010110184433824054,-0.005926963301145505,-0.012681190562183198,0.001226408087450448,0.02364397342568969,-0.027895175472044564,-0.0067339826372762035,0.010988980545171056,0.0020440214474626295,0.0037175280477554917,0.011733734909793236,0.0035143454788510997,-0.0006568248732563564,-0.009559935390415442,-0.004418551821868344,0.015151793463101138,0.007498698046110253,0.004017471644929715,0.00445757579101258,0.005502605734355459,-0.05333908769606166,0.0007812881137509997,0.010860265576403183
2018-08-07,-0.015730498299152185,-0.0004212764796835966,-0.014258667929542668,0.0012771087980820717,-0.0036565348323026603,0.004494614402443364,0.0,-0.002361646929428751,0.0,-0.00033270998500478655,0.0,-0.01722941218737084,-0.0022260118099226567,-0.014214061849100235,-0.0035173791014213585,0.000353852691989065,0.0018450994480598837,-0.0023895330947594218,-0.007368162332934358,0.001347091132052558,-0.0013573990890740628,-0.002959084912354637,-0.0029141154633010036,-0.004784922253070589,-0.002518726275769545,0.0008892894706939991,-0.0016370995912906583,0.02697499888772459,-0.0022771465757548404,-0.008634589305195783,-0.013163630146025174,0.009351521665078799,-0.01807265814688752,-0.014889724295631401,0.01022041648669636,0.007026087247787638,-0.010266948405524778,0.0,0.003008900933886949,-0.00745714759342353,-0.002859021558554664,0.010200441441943209,-0.003828423143606874,-0.00730360631819571,-0.010795269616699632,-0.003914875818265995,-0.002222161933660316,0.027061826469163774,-0.009332066126510274,0.03465003621263629,0.0,0.010416549603150749,0.012519540088069991,0.0066270254136835405,0.0023344966515299603,0.0,-0.003100400552978444,0.01039396137262738,-0.008013522815535468,-0.055045820990249905,0.001837146527585043,0.009510924237677632,0.0,0.016949091480940925,-0.010869535431776267,-0.0015296450439065135,-0.010581940936308931,0.009352689578678186,0.0008082260339201675,0.019711290370115764,-0.0038206317637554665,0.005917221205677947,0.01456133013628258,0.003446060474303181,-0.00038134529663547134,-0.005917058650621754,0.01180859063371198,0.015442606262329184,0.0011153058224564472,-0.008264421856547077
2018-08-08,0.03470346841118066,-0.004351250884417013,-0.0006324741647534271,0.0025510303090006126,0.0,0.006711241149128133,-0.0009789583858809126,-0.0017750862427450276,0.0,0.001497735541317713,0.0,-0.009385596939508356,-0.009519590609050832,-0.004382253556189819,0.0010383377343734512,-0.0014143168800316852,0.008748927820963814,0.0005989197895350795,-0.003790112334264184,0.030566201283184435,-0.0017220593661951833,-0.0055635506564567505,0.00831821910708852,0.004807927813858415,0.01262597012715716,-0.0035539172909432315,-0.0006557822789698964,0.0,0.003035258017414444,0.003995213791146979,-0.02710854160832299,0.00030198287981231253,0.01840529067332053,-0.009028157433874417,-0.00770818902644832,0.00930216407072515,0.022821679246654014,0.003362163746245761,0.02033361671440348,-0.0028177831291718025,-0.001147281583855353,-0.00034830507088046136,-0.009992209653409412,0.0030587152707837184,-0.01595045361545766,-0.0013556201104150123,-0.003223184919212363,-0.0019849434775240926,-0.002637540937719174,-0.011475321591444487,-0.001374930976956179,0.00675430061548532,0.02627533593650333,0.002194764787095682,-0.004658310987773806,0.0,-0.01278501548388078,-0.004698923290282542,-0.006460947368077452,-0.02718443959089034,-0.044825168780420865,0.004037737865082658,0.011304357777471186,-0.023333497829922,0.010988980545171056,-0.006385662928146685,0.008556354280207401,-0.0012971123810009422,0.006998772817916832,0.007087554723160583,0.00020173820941327136,-0.1374999399326926,-0.018657859386773,0.00288470053690415,0.004575214534230154,0.008928634626210075,0.024764962706175453,0.01829024283535685,0.0031188752514441642,0.023610930676446706
2018-08-09,-0.018093654276851057,0.009529490332106816,0.00971355197018342,0.0076334061785754415,-0.005504507297563022,0.0,-0.006857524726329722,0.0033593128483784263,0.0,0.004486402556783009,-0.005405305843711128,-0.006614241573385193,-0.009911475821921312,-0.004614346417510462,0.004978140402084774,-0.0014164897362839435,0.08490382988918199,-0.030521031248277986,0.008093787116923545,0.04603175088895761,0.005083966575623933,0.0047240684242815245,0.007135039160513168,-0.007177049976850758,0.009975153358925182,0.0019318139728383699,0.0031172563543693244,0.0,0.008593542885939387,0.0025466389056112426,0.0011055947077349693,0.000402490226748764,0.030120058232498303,-0.0035828604957928167,0.0,0.0046080249435238585,-0.006085445046709381,0.012252482624607985,-0.025808657575100757,0.007299441495406622,0.009186724013802605,-0.0010446202223316492,0.011645775921215629,-0.004285590964605346,0.01040775339016009,0.001967858707552894,0.0045270938787291826,-0.0005425550871968055,0.0015110592893581298,-0.004738167835684481,0.015697935431413068,0.01341815332157048,0.013901214899680214,0.0021896599028714547,0.01365058511534789,0.0,0.012600719337179545,-0.0195227841749116,0.0077129005425455865,0.027944083850240053,-0.0014929704955892742,0.00536179228485012,0.014617375289864176,0.0034131264751384727,0.0,0.00565489954705467,0.0021206169918821516,0.013360548620551915,-0.0016039211842708845,-0.0012797635944467034,0.003632813888573061,-0.028132984147235973,0.0018279646649081993,0.003834963292612903,0.0058821271422557775,-0.0005933821673947959,0.021944488416491437,-0.014934419868908644,-0.005808145744967019,0.022523807187711853
2018-08-10,-0.01707893162483487,-0.0018317533722950197,-0.010246749388869159,0.006313261670477521,-0.0036899830704478775,-0.011111174612609132,0.0003287939902858472,-0.0017724991650054367,0.0,-0.0038047713452795673,-0.019022035621854894,0.003059144978143191,-0.007583645825231078,0.0,-0.0016512586855665923,-0.002482097090738433,-0.03402065852201197,0.0024695116739117395,-0.0023612309577268897,-0.026540105047627494,-0.003432399290655641,0.0009906621977984198,-0.02191714612862361,-0.009638427264306193,0.019753159517301055,-0.0117174484781013,0.0034345740625330023,-0.024390232661547384,0.000719823006945397,-0.007382558295479291,-0.001987895182440913,-0.013484775407079819,-0.04510804214603459,0.003698438731918774,0.00032365717436766417,-0.013761045019317297,0.006122704428043413,-0.004758917031829402,0.010731072010946585,-0.0014027480168016249,-0.007016955876418374,-0.005927354093129167,-0.004604795636318548,0.0014900334773850776,-0.002870800614906077,-0.0037247416183439075,0.0004682389455363811,-0.0010856992260318554,0.003772272496874951,-0.01285420102632917,0.00027108006776566107,-0.013589035651337067,0.005961325458713196,0.000728291922669877,-0.012697368502451511,0.0,-0.003111301825308166,-0.006637170777593515,0.0020246952786744377,-0.02718443959089034,-0.014526858060472492,-0.0033332393803818805,-0.002542350210701372,0.0034014326015978646,0.0054347677158881336,-0.013547807249897126,-0.007407442351031079,-0.005859541374714561,-0.0018742085248288909,-0.015374521604307523,-0.0024130769338395197,-0.014035231503397028,-0.008759211862624627,-0.007368023033217708,-0.010186542809200061,-0.007418421856763668,0.008969901467321462,-0.019053294139494303,0.013144746016972908,-0.003715385324580045
2018-08-13,-0.016917863660877108,0.0012705827465699926,-0.007103858642102612,-0.01003795818123654,-0.0018518247371535068,0.011236019992698854,0.006026210363013318,-0.00019728236440863522,0.0,-0.004151151883217574,0.005540245645152542,0.0026911195311418723,0.0018339524042445543,0.007203430351911955,0.0059958977508494105,0.0031992449471807127,0.03428530982895239,0.009236307927331211,0.009625989999793028,0.04205993238082595,0.00407841764580863,0.0006176088358396115,-0.007469607941781531,-0.007299512077353243,0.012106671862639473,0.0031515086995921315,0.006519995602626727,0.0038460793525496584,0.0031180160655706057,-0.0013596194201981326,0.006418937380741285,-0.0147913330023286,-0.006134981541111917,0.003684716902797147,0.009545349538980119,0.011627724337183842,-0.006085445046709381,0.0024951672959232507,-0.00829458364837321,0.0,-0.005729455363729596,-0.0010526115518255663,0.009252126423845874,0.0006610729387954706,-0.0011850111983733314,-0.00679827572928815,0.0021646997146895774,-0.0038036291403765743,0.008267423823899778,-0.012539244041559039,-0.008132219458172996,-0.0017661910000955627,-0.04592603376470772,0.007278313330213448,0.0077942694599113516,0.0,0.007975365460927364,-0.009170790655066652,-0.0006127150712929019,0.04790414374326857,0.005853030243774482,-0.004013222940719374,-0.02548854537528744,0.008474545740470463,-0.010810554224304991,0.0005183378452451315,-0.005863550886634705,0.004236362536034655,-0.0036211144381183002,0.013012217448837182,0.0014108615052836893,0.016904238280461392,0.01988207408782605,-0.003986417125094399,-0.004764660216546868,0.002989633056964758,-0.002155103316714979,-0.01211396109954066,-0.0059881484768405935,-0.0010654289450594545
2018-08-14,-0.09069785496418847,0.0011274914491330446,0.0,0.013942002911473184,0.012986917733105674,0.0,0.008494843430827181,0.0065114974118287705,0.0,0.004168455776263347,-0.008264311605121089,-0.003987559594029411,-0.0004577713622549995,0.0043905264664252375,0.0028767659374633325,-0.003189042419334265,0.01955302191097763,0.01830409668907751,0.016880198454813256,0.04036218381041001,0.0022566540377462196,0.003459591132088491,-0.01573529715926203,0.01715698032409807,0.011961649470855651,0.00209462095902202,0.0008098822500293146,0.0,0.003945146057283244,0.0061666112913862925,0.0072574084925471904,0.017498292020861506,-0.04321023631742027,0.005608819002877352,0.06971161734376663,0.00919516819461541,0.018367593044141595,0.002073458608438772,0.02352940290929806,0.00023415771045698364,0.008067756566297657,0.001755868989606224,0.0015279421230964818,0.008176195787007234,0.0038993272654583855,0.005749450536689071,0.003736286739991046,0.010727343147916013,0.004845346325947686,-0.016605503565594093,0.009018944259117978,0.013800313523318675,0.007764124397548144,0.0057806171972327736,0.0059935901298788785,0.0,0.006879881133087906,-0.002379986835435388,0.0013622279011482608,-0.0038095201764788422,0.006897003014476599,0.0047008552942156,0.013077560160260626,-0.0016806662649572202,0.01639316408673852,0.010100865313803054,0.005362088022875966,0.002751044531241975,0.013999075018886087,0.029889588134314415,0.01368757359614814,0.01662270573657043,0.02599313774503842,0.014352813169714373,0.012447088426132291,0.017883971008113342,0.00485939716318895,0.022621740604193086,0.013498485233300661,0.023733116438674484
2018-08-15,0.16214837809045735,0.010560443160455124,0.006572289165849954,-0.011250217232053217,-0.014652177228718699,0.011111378724566912,0.004751586159325694,0.001960342918335689,-0.004076115389147983,0.00780478364080861,0.00833317959798019,0.011000918619360256,0.004731723047053604,0.022066709836972676,0.01331970291701845,0.0035185645408541966,0.01764282113612725,0.0065907953990207435,-0.015524257117911278,-0.10822122827732406,0.011076958408689386,0.007879961502693655,-0.0006951462078016446,0.0048192136321529855,0.009456348953771565,0.017468087799233478,0.008737835366730451,-0.0038313437006499695,0.0019048507756946886,0.006128318317306869,0.009388749816882092,-0.001729691244328757,-0.025806037116636205,0.018558056471305262,-0.013333506030658748,-0.004555542893937559,-0.008015955896303883,0.006105219449730193,-0.012808051460181713,0.006787048234646598,0.001143074254174259,-0.01437107599191001,0.005339364455360318,0.016875706850699723,0.01638256824385631,0.007894475400734624,0.004827181256393809,-0.0017988450673903644,0.008531108191381698,0.018127740640228263,0.0010833618017260793,0.0010472819453068993,0.0,-0.005029238746922848,0.014799334649404416,0.02534244485097381,-0.002391609880924128,-0.026640162483354324,-0.0006856055811260697,0.0,0.009203603677390815,0.012700840575249783,0.019793502424770404,0.0033668248830811542,-0.010752659023534172,0.011538720349583143,0.002666552952642842,-0.00036564061848498586,-0.010619913628864053,0.01324910234032628,0.0016004773702742447,0.021514447637741352,-0.021111966055839426,0.019727909989366577,0.006998591147451716,-0.005856985228889666,0.012359148025461009,-0.023155034756998427,-0.006934323410835774,-0.012503124697633483
2018-08-16,-0.031689729211276996,0.007942117663242376,0.017907906561485554,0.00884962932048805,0.013011251217580178,-0.010989272753099688,0.012252847047458548,0.003521796969015112,0.005457020773446786,0.006096688885878221,0.019283872066337304,0.014092082752378943,0.013519692148512119,0.012416858444655121,0.008695560923946521,0.012164442492908378,0.006030288743133383,0.021428357676898768,0.01295872270216658,-0.08652714511970994,0.00810530066323989,0.010601458993006574,0.006260102167145565,0.01199065897120044,0.018735428288894962,0.017168033646521863,0.01042657507618383,0.0,0.011885271414342702,0.005379289722172054,0.008003164267038843,0.0036696804581237696,0.006621650179629901,0.0005975183194100175,0.012298928989282532,0.006864472615371264,0.010101119340226061,0.012238886644850622,0.01563532683222779,0.009762872268597844,0.006851987671678383,0.02027027481685484,0.011381177668762898,0.010150678774571542,0.010800762417516374,-0.00013514531880776115,0.011691535023091282,0.019462964950019312,0.01213678500574189,0.027968386957225366,0.0156925028607513,0.020223347360972754,-0.0015408333478473812,-0.0036099090108091536,0.018939624985324865,0.0,0.012328855431290808,0.02001633089382815,-0.0017644276901152,0.0,0.0074227639882811225,0.015181236307155288,-0.031223698508228037,0.010067162799477503,0.010869535431776267,0.004815989382131791,0.002659690833027639,0.011345017118774559,0.005232851390937432,0.011208075068021683,0.01038527378595222,-0.008424203680083342,0.029475175982952573,0.019346319265435508,0.019346247523777116,0.01767340829828612,0.013004331639004274,0.0006348749000515408,0.09332729274104512,-0.003956897726702491
2018-08-17,-0.03409109155882262,0.002211616920160031,0.001163653866023573,0.0,0.0018349299711100109,-0.011111174612609132,0.0016988269572559833,0.00584913172905166,0.004070584840460079,0.010646129575017538,-0.02702699849023571,0.0052770562878659,0.011690723532189695,0.005177948796424747,0.00020033479485159766,0.0,0.007550532054449555,-0.005244755424472114,-0.01279294250766494,-0.016226817688080653,0.00388759196660593,0.005991070060638259,0.013825012187046903,0.0,0.018390573244634112,0.00807834211290226,0.0039691393907732575,0.0,0.002114033841341012,0.017861579153234608,0.01309021717947223,0.00436716007396365,0.019737285895828016,0.009751145934693062,-0.07409647583190071,0.002273084345733256,0.0019997766922825733,0.004979170243033515,0.02685897902785106,0.0034529166163590475,-0.0017012419640982657,0.005925729045272776,0.0030003915988225938,0.008054886976735842,0.002794931604064743,0.011277954097133502,0.0021744234002727403,0.002121148888571067,0.0029072587058183164,-0.022195547974014462,0.000532983052869973,-0.0075190192904646125,-0.004629492861698781,0.0,0.00018574801461124224,-0.023380093996996587,0.010825285873343304,-0.009344557231192763,0.004227066095670917,-0.0057361777627037425,0.0014927472383137186,-0.0013002056132856987,0.0,0.008305701308748858,-0.005376329511767031,0.00479322848708974,-0.011140825573815238,0.0036185990897925624,0.014949055684558621,0.0116994838430593,0.0031628958679856822,0.01444345298749461,0.022695603943389875,0.006413710328734279,0.009581917193584921,0.004341603370103142,0.030652116625379255,0.003807117822094641,-0.00800888129502142,0.012712326652797756
2018-08-20,0.016470547897881493,-0.004413815419673783,-0.0005406730487456102,0.002506414571632698,0.003663138339891958,0.011236019992698854,-0.007949940786923126,-0.00814110364120757,0.0,-0.004736081847299345,0.019444688612358263,0.008398909786968334,0.002370122271429631,0.004744713263438394,-0.0024051582318341813,0.002120946099987364,-0.014415712534268987,-0.0017575037515011882,0.01061685006450186,0.03446447245440454,-0.0028164370067192968,-0.0057123558909186745,0.024772673598802752,0.014217746188983416,0.07449221455528487,-0.009587870945200638,-0.0018978258690530714,0.0,-0.0010548460939999726,0.008812555531263033,0.007837680669343872,0.005966357825553326,0.05161331158138793,0.009459877840421571,-0.025109181089126187,0.015872726299487327,0.00598806904489968,-0.0013147295458034725,0.0015948754839252288,-0.00275291730097571,0.004544701532858797,-0.0006931214011477449,-0.002243982418528856,0.0010286830601222707,-0.00016418167107845605,-0.005542867885933944,-0.004966728438168699,0.0035279689475173903,-0.006159627090732256,0.019770683866976002,-0.0037272631488339814,-0.004132044082515551,0.00930212016007026,0.008695960474917941,-0.004645871901066578,0.03967170432849687,0.008032305544562579,0.012127792311855456,0.000915479740861258,-0.03846150319251662,-0.007664418934026251,-0.003255183315296062,0.0,-0.009884562698962207,0.0,-0.002761559966344973,-0.01287534543120461,0.001983194648853104,0.006049643838727858,0.007912242668367764,-0.004137754081864897,0.0075377773236826595,-0.009218418362098468,-0.0020811095923760625,-0.002555164120608411,-0.005763803633182407,-0.022877564904123182,0.002528641899895545,-0.018906727105119314,0.0010458078662909376
2018-08-21,-0.024074182536443223,-0.007342806565648563,-0.0028401579474287564,-0.0037499802044805852,0.01094893143829423,0.0,-0.007372670727012198,0.003713099097345074,-0.00675678244466027,0.0011485065688912055,0.02179819431402774,-0.014575817266637037,-0.003842519988513593,-0.011333706889663842,-0.005826758322249437,-0.010229236270816844,0.004237166005659043,-0.0023473604901805833,-0.01112325549868709,0.00038865303596824496,-0.005118935056893981,-0.006478216297816419,-0.00022170703048507434,0.025700923590423086,-0.025210128476735982,-0.0040455522828400925,-0.0049109681276113815,-0.0011536915341943121,-0.003989129580529216,-0.01187736236667225,-0.0304753502422217,0.0030155171124017777,-0.012270144100518743,-0.013178464307621485,0.000664556428432217,0.005850863469974099,0.011904547546671695,-0.002632152382876729,-0.0012737688832260563,-0.006211162744574228,0.007728295157881648,-0.005894579471300898,0.002249029200513508,-0.021101845954915044,-0.017379724226491033,-0.013832522475853759,-0.009581228347218196,0.002812522511141946,-0.009478540730114338,-0.004069276568871905,-0.007482842241712695,-0.0024206064036998987,0.007680638569391274,0.0021547586260104445,-0.014563335022100943,0.0,-0.010292242174548938,0.014245768687648708,-0.00281241900794571,0.0,-0.013087568566530705,0.0006532438502915294,0.02787462206084701,-0.008319684192016119,0.005405390673165922,-0.011581576424291251,0.0,-0.013314607184370608,0.008366198296666072,-0.0036233610292584206,0.002769804874160897,0.003325104407493784,-0.008959157064416634,-0.01146877074371444,0.004757644288339469,0.020289876975561727,-0.022632575828052337,0.01765414706995183,0.0008336669156643328,0.005485900690137102
2018-08-22,-0.0033206964277036066,-0.012700504783378586,0.003662042585214298,-0.012546961821842784,-0.009025230442901377,-0.011111174612609132,-0.0041982419454127395,0.0013628576229163247,0.005442171751297131,-0.010654087944211188,0.039999722191193854,-0.007571677216050676,-0.006083645787177683,-0.00948479143432146,-0.007477697470712252,-0.008196793400350066,-0.007455973634232338,-0.005882364538501217,0.010623394174032574,-0.0034988121785953785,-0.013218421713742656,-0.005536483663135416,-0.027063097215913268,-0.004555749037972845,0.028017146448751307,-0.014072434933057543,-0.007164652362180557,0.0,-0.007068086216697966,0.0018609989583786568,-0.008237360460360832,-0.0050111667226589995,0.01863339808462161,-0.008803994073387611,-0.02474265068135839,-0.0044745015641395325,-0.005882098317613882,-0.015935600902924674,0.012117201666401733,-0.008101866581672779,-0.012906648131394527,-0.0062785540065202206,-0.013462818583133251,-0.002341323538358031,-0.010178857977700795,-0.013754995136111003,-0.005328903947601216,0.0007008983366874055,-0.0062570212360192334,-0.008411257861236754,-0.007000534062396424,-0.003812819821448099,0.010671017782783121,-0.0007169039363379426,-0.008715159747622159,0.0,-0.007044412714574677,0.030454158285399213,0.0010618397708441751,0.0,-0.016086971174845588,-0.010443863877416915,0.03813557643994514,-0.015100785668485828,0.01612910148577318,0.0005096870751322147,0.0,0.0,-0.009981976514742641,-0.005454430747564354,-0.008484692073123412,0.003313783923319935,0.013908017756023128,0.0010547875868243128,-0.014023274058577395,-0.007102706397695613,-0.010380623891303897,0.012598401653873825,-0.004267252003490651,0.0012988568260667854
2018-08-23,0.021418578474906136,0.008764695901227526,-0.004405432838981316,0.002540884015340472,-0.0018215602292745992,0.006741749599195268,-0.004215544450419828,0.0005834350490361295,0.0,0.0018224851180712598,-0.0256410028099211,0.0028390027701816756,-0.006269599566104178,0.004960400910172247,-0.0004072424990942958,-0.004311920754312859,-0.01292703787188465,-0.0011831420369582402,-0.01808633417836003,0.011703809612751304,0.001797952191541441,0.0006185188351193194,-0.0011399936073565042,-0.009153339484222478,0.11949697067660026,-0.00588595715378315,0.00112240672779218,0.010781328242689181,0.004033735918222536,0.005031351936250372,-0.0034970057694808654,0.00312253067876056,-0.012194790645089104,-0.004905625215061771,-0.025200082065878315,0.0022475646647173164,0.003944634931463353,0.0016502173316166324,0.017958516858933127,0.004434022078479982,-0.007769790494509099,-0.004913866208281159,-0.0022744005236567943,0.0029939988895033576,0.008428820932140146,0.05958330204040463,-0.0004664318181206717,-0.01068470265628585,0.0014815796173899276,0.011391384588547382,0.0,0.004175413778805925,0.021115805192732928,-0.003025221191741423,0.001720061279606,0.0,-0.005067677728123887,-0.0019107989149834692,0.0008431711191461133,0.050000000000000044,-0.002651331830352377,-0.002638624617685159,0.0,-0.003406806995070122,-0.005291212902818421,-0.0005094274265571297,0.01630435674589381,-0.00583487263835869,-0.004321319482252006,-0.010359345785413532,0.009751373239260674,-0.005780393034746312,0.006858970540245757,0.00197558209412807,0.0025860576643235156,-0.0014301091644469688,0.0010757743405389597,-0.00897390834840972,-0.005122014809018638,0.0
2018-08-24,-0.006057834463842449,0.0026626754024634547,-0.006433447388844438,0.0025349351180159463,-0.003649768732117642,-0.006696602780086547,0.006384076470961064,0.0013596909618018849,0.005412714827564669,0.0038037108959445565,-0.013157654251321094,-0.0033616562866563005,0.004656884026311925,-0.0014402880417154762,0.005499965087591319,0.006134644126329691,0.0005310081235072595,-0.0005926375212180757,-0.0066118650332280815,-0.03534698517127055,0.004217859457390283,0.00655283305663823,0.0018261271816677471,0.0046188770233202,-0.007490783343306662,-0.0017762100210703125,0.005285975034940105,0.03695245813352077,0.0054356571491687156,0.0019257324836357004,0.008553892391752305,-0.004618904414520397,0.0061728518734112114,0.007879773199563456,-0.009432296140016838,0.0022420089908632423,-0.011787708266139951,0.007105491000984676,-0.03435488947151488,0.0032525907513289987,0.006111550257286824,0.009876263051836975,0.0007597706464137488,0.0025820668694094273,-0.017385271055410656,0.0013027829784431066,0.0062346653467368895,-0.0015935720814233,0.0007396485272219699,0.009585203539673959,0.005965494554677431,-0.00034655371582592576,-0.017725138163950382,0.007225273108831587,0.006487271022015628,0.0,0.008489361070310064,0.016081687590901783,0.0010869305809206864,-0.009523845854259694,-0.0024368484048979955,0.0006611791509041343,0.020408163265306145,-0.0034188754949155964,0.0,0.01171728100979097,0.0,-0.0007337713003879864,-0.006312636848608055,-0.007389259252005287,0.019708395365395814,-0.0049832133810462365,-0.0034062536733531212,0.009069302271181412,0.009211343228793467,0.0014321573057349823,0.030091156931395524,0.005350693121380701,-0.0024163651393819263,-0.0015565597090003713
2018-08-27,0.007032346475168261,-0.0054509956972143,-0.001475451228399316,-0.0063208240844429,0.003663138339891958,0.011236019992698854,-0.0047714019758337,0.00038854707303670466,0.0026917875354763865,-0.016639228588532395,0.02666663579902151,-0.0023078114704219166,0.00314005828290842,-0.0067956302759075715,-0.008914055075729843,-0.007173308324079586,-0.009257002218838295,0.0005929889487188422,0.006022154504760069,0.006795072317467676,-0.005004600818524052,-0.010072505508055274,-0.021645072189159564,0.0,-0.04905636377322464,0.0020761460930887043,-0.008763740414958088,-0.013592810928973353,-0.01398557317713267,-0.005457775026460832,-0.002392193789064634,0.007162591353757186,-0.01840485411418835,-0.004811306433355811,-0.010403776620661387,-0.015660277908271736,-0.005964056527429373,-0.012270274276034443,-0.00032053738889925576,-0.009031598142728026,-0.003986305449505845,-0.011525905556903693,-0.01214873973209285,-0.004184812087123069,0.003912829686063102,0.009110720824342167,-0.007180490949974194,-0.007270773969052846,-0.004065150849037802,-0.029670019110709656,-0.005390527358604236,-0.003812819821448099,0.00601497317699895,-0.002869416153843285,-0.005876746262181376,0.013157894736842035,-0.009091373460723196,-0.0059038201789769484,0.00027142072779118287,-0.009615329948400753,-0.008882799239434802,-0.011235966571127465,-0.015999984741210893,-0.005146033637744574,-0.010638158780640894,-0.0012590107750467538,-0.005347673362203875,-0.007525745366408376,-0.007411162979650943,-0.0043424818892418005,-0.018167886954540302,-0.005843218765863578,-0.015037410955900499,-0.012505078724783236,0.0012781890528699158,-0.010014010317975885,-0.013823551994512906,-0.017195544160786058,-0.004318104450698579,-0.013773539350148134
2018-08-28,0.010241993210309719,-0.000702695569235412,0.00021876714176527479,-0.005089218998024059,-0.0018247906765441746,-0.011111174612609132,0.00021805288822540625,-0.0027157727433422263,0.0,-0.006701466982414361,0.0,0.004448519267655104,-0.004620720005403256,0.00034546484250896903,-0.002044023780120474,-0.004696540153982354,-0.017437518467111612,-0.00829410371125272,-0.01055428828421856,0.017734290522959162,-0.005478374465040736,-0.002977834708307925,0.013740021606237995,-0.018390635532270938,-0.015873240287984647,-0.00044392099438306243,-0.005947430107192786,-0.02234657571468701,-0.0033370136468137135,0.011130012676592527,-0.010681981220523884,-0.002304051341306179,0.018749944099998084,-0.005337904352163858,0.014076808775588256,0.0,-0.010000107065344044,-0.005797032849361838,-0.002564834145176609,-0.0044403526312204455,-0.0032400647816565042,-0.003886989900133475,-0.009992209653409412,-0.004929476430068691,-0.00949001126599347,-0.008254039747447317,-0.005248517056225088,-0.002500785335893485,0.0,0.02421748164803983,0.00027078865897833815,0.009046591050373198,-0.02391637902801702,0.0,-0.01258598905419328,0.0,0.005436778683036936,-0.015415686692164976,0.001356802908916377,0.009708682130449064,-0.006722009188429023,-0.004678860647370553,-0.02845531512539068,-0.0034480087210577715,-0.016128762634357363,0.010587466385985289,0.0,-0.004438690800335876,-0.002533195087720208,0.005607529392709143,-0.005905259893235648,-0.0016791003826446271,0.005204537441322987,0.02071018404795355,-0.003646438803592056,-0.014450914234820922,-0.0069185076700719605,-0.009372933288157137,0.016183737363151263,0.01001305370409522
2018-08-29,0.013825186744970797,0.008296926092381307,0.0028178179769278167,0.0,-0.00548428601410389,0.0,0.005773311050552898,0.005641063414371095,-0.00536912253383981,0.0035419174553337207,-0.03896110778068751,0.0008854084960903119,0.0026954203840383606,0.00034521204509707637,0.008603088152033367,0.008711575224684243,0.0015142250589972317,0.008363471208844953,0.008915592417920282,-0.002730706954585327,0.004876380514074352,0.004729350476926797,-0.0011485425291479778,0.011709918312560186,-0.0241933367932603,-0.00518143174758845,0.005498342109132581,-0.00419032093695948,-0.00215312411087043,0.0,0.006610401375925612,0.005119939664772755,0.012269601045634015,0.008606983902651244,0.008434816670348733,-0.0022724336297486047,0.008080730677020753,0.015097980163250702,-0.013821901087063049,0.007511411079240027,0.0374763404205265,0.00993242905363867,0.013198350593586428,0.008933696959455117,-0.000513092025526074,0.012809150631143407,0.006373477939428218,0.0014326154862871476,0.011131780139877367,-0.009075898475614075,0.0010835107798392585,-0.0013791691805622452,-0.022970992561636927,0.0007199065537273341,0.009077039035204182,-0.0006493902825689402,-0.00067597881092063,0.0002566549075393443,-0.00013525372040434913,-0.009615329948400753,0.004737169211364689,0.0033577240287689936,-0.029288655513119433,-0.00865074452350989,0.0,-0.0004989437444268274,-0.009139767405073274,0.0035296789293290942,-0.0032081546643898395,-0.003098026686504607,0.008712624927885715,-0.0033643579392659273,-0.002416291434410023,-0.0065909463118686284,-0.0014641703521444116,0.0014666061468056046,-0.017952767376081535,-0.02291846519245222,-0.004475894547652626,0.002609144335813829
2018-08-30,-0.020909354027822236,0.001534024267615619,-0.015386100568865246,-0.002317158618644344,-0.007353209044545284,0.011236019992698854,0.002382809659648766,-0.0013053056605369928,0.0,-0.0008402524776806031,0.04054061505327344,-0.0021238838912928104,-0.010752492802531877,0.0015198233594007071,0.005483306679310296,-0.0007196451162498896,0.02171128359118568,0.014809876846139991,-0.02808924285384673,0.011605215851356654,0.005302329893696056,0.0073081113372610584,-0.002989850093121804,0.0023143891647818826,-0.012396847580423587,-0.011458296124020495,0.0073974074247054045,0.01951034636162552,0.010666623530177999,-0.0055801794097442015,-0.0008758142431311011,-0.01038723292923538,-0.018181502800968086,0.003112053467631881,0.007840963826763359,0.002277609345821441,-0.006011966922227829,0.008924091846596482,0.011734051236588217,0.001631239448380395,-0.004975993157071756,-0.00667369246116889,0.011369374174601488,-0.00458830320519088,0.00445041475232788,-0.004622110996246653,0.00175904876328703,-0.005185901449993646,-0.003669832644971449,-0.018558639532564536,-0.001352760401692521,-0.007596792064132218,-0.01724118100200267,0.005031622659035229,0.0011484964212453708,0.0,0.00574907540062064,0.020272003484031575,-0.00013581148610475324,-0.00970877472018683,-0.007857941818336878,-0.0033464874474546935,-0.002586266005079829,0.008726232935285738,0.008743097380985443,-0.006738116435975883,0.007053744412271135,-0.0003701367063335681,0.002145653364107991,-0.007457976622162743,-0.0025520711257557283,0.0008440053610272447,0.0024221440403076056,-0.0009109065752600509,0.003298624633809144,0.0,-0.002728838641093745,-0.002152060910589837,0.004809753084395574,-0.0018217300045882956
2018-08-31,0.017641578660528623,-0.0011139011852705494,0.0,0.015484074824756444,0.014897410411786494,0.011111378724566912,-0.0034571545848182117,0.000975429667316785,0.0,-0.01009252756625556,-0.012987223838702211,0.0035474393646171,0.0025664386288901664,-0.00013804088275282123,-0.0054534039927717215,0.0007201633783080474,0.0036698547830587014,0.004086685304327098,0.019321394114832025,0.01289010192326745,-0.006436404226868864,-0.000983616487399308,0.021453206169170125,0.006928637388006864,0.004184182586537855,-0.010537336189082369,-0.003352329520906805,0.0037523647576176433,-0.008775172093024919,0.003996976728179558,0.00810740722357517,0.007771511413042553,0.0,0.006004604346307785,0.001209964474404579,0.004545688306300644,0.006048329277780651,-0.0051851285321048435,0.014819567687340163,-0.0034892868335019145,-0.0016669909734556843,-0.013790672430631812,-0.0030463927585756556,0.009865758351858656,-0.002726663500934645,0.007933038421084504,-0.004273319599544356,-0.0017977295368137858,-0.0029465172819965746,-0.0017191555894877641,-0.0018973249082840926,0.0017396466811141487,-0.00478476516697357,0.0042921013239196615,0.0007645337304167388,0.0,0.0,0.013330021377799817,-0.0011440333464509678,0.0,-0.00927805901908696,0.0013431312654466065,0.013828854937972368,-0.0034603662265109136,0.002166658832947199,0.004271250794351422,-0.0032328069626684774,0.0009256843956073624,0.006824582954823466,-0.000625873411993827,-0.005117011596785237,0.008431405503307232,0.00724905118485486,0.0026041100034162046,-0.006940772875926093,-0.0014644583631684416,-0.029548179337279268,0.004744783767884897,-0.0024976647457362056,0.02137663383607924
2018-09-04,-0.021441748240231928,0.007389010282068842,-0.010888369573024193,-0.0038119236838759507,0.009174080729999368,-0.02197834363728357,0.0017341283187610745,-0.003703082617110609,0.0,-0.004078084336879395,0.02631576542513203,-0.0017673390721550941,-0.017768444723243904,0.00786315328104914,0.005686245296228076,0.004678205580101569,0.0033029715672292514,0.00465125390121468,-0.016884197198236195,0.006999301749641917,0.004768489774514384,0.0022156966585378246,-0.014453402697027995,-0.011467843314692527,-0.04166659258956362,0.015517874718308011,-0.00016008384672183684,-0.009345796967216713,0.008493703785175777,-0.010183199520621189,-0.0019566966490642823,0.003405119801549894,0.0308642593670565,0.00974945524404136,-0.002935371768052142,-0.02036180737845239,0.0,-0.0012262067370210072,0.012698389679034028,0.005835727408021185,0.005194768944909667,-0.003944471198994215,-0.006875584888663466,0.010890061443423749,0.010081716773953975,-0.0013435652385744845,-0.00041142840363084243,-0.00594276389726589,0.0018471628408949226,-0.014514068860750906,-0.0021723073118510294,-0.021882230372609612,-0.008012826950913321,0.0007121479860334734,0.00725893934037436,0.0,0.006724976934777915,-0.02755025146324741,-0.009981498138943112,0.0,0.0025126641603734345,0.002011890530248417,0.00937771650846897,-0.00520840127285771,0.005405390673165922,-0.009256991731959707,-0.013513638515047388,0.002035201174517498,0.004651777123140022,-0.01691762000522301,0.0021761933089508023,-0.004180405039476698,-0.0006855760867408023,-0.02012989538046306,-0.02170273950550894,0.0029326459817482498,0.016915556891627936,-0.010517482204353668,-0.005215890793062727,-0.0022972737678882416
2018-09-05,0.0247088143025862,0.013562044035407617,-0.006666917547221818,-0.006378100886288984,0.003636811247017757,0.0,0.013096845593220774,0.004694843947658844,0.0,0.010749117977826073,0.012820501404960494,0.02160044992805754,0.020849201550938723,0.016014561432829755,0.013327831743646934,0.03581632205563845,0.022983219247855846,0.010995176422320396,0.009559477616522427,-0.0367751623114122,0.014328091550313227,0.021739104296074174,0.00252055464503953,0.006960715058409672,0.015651977912605863,0.00823985908822844,0.015379814815260406,0.013584846404220974,0.007829815239588367,0.00657530376291926,-0.008057196785058784,0.009182198771467087,-0.01197642454477088,0.013497374462453138,0.01073776473425303,0.011547288407794953,0.006011762579516189,0.019952652321291398,0.0018808111980184172,0.014852442105510288,-0.008490213193932061,0.009359752259280985,0.010000042656721053,0.011803083311958451,0.026053796787087746,0.016916024953268716,0.00935140144118618,0.01014502837480502,0.015486618987649692,-0.0007490351279808571,0.014421689260612602,0.005681599133802395,0.004846236049012909,-0.004982357731894149,0.0037927837471531944,0.0,0.02271211143111862,-0.004594212686745092,6.861006377323342e-05,0.0,0.01754362983017077,0.019411024851575087,0.01351350045186761,-0.0034903033852552445,-0.010752659023534172,0.009595946487545692,0.008219381227021927,0.009047412663758525,0.003969188634108667,0.01657118194354945,0.01618609181373043,0.0016791003826446271,0.0006860464237634645,0.013386341370848598,0.011843948875505772,0.00438617665825336,-0.038258749083394106,-0.05184387977427929,0.013213206481109907,-0.0028136944943023545
2018-09-06,-0.008189180249255412,0.0012286457536965223,0.011928403187649206,-0.0012834557036001115,-0.007246525606098508,0.011236019992698854,0.0049146729169142755,0.004672802290616396,0.0,0.00776486189200476,0.0,0.007279103679270538,0.006157166525824431,0.008486929520790332,0.008768484459335646,-0.0006916903212995651,0.02511093946591547,0.006868851445966717,-0.004975484617449233,-0.010495815475362602,0.00644490374294393,0.003366199857719021,0.05741304633983635,-0.016129348765608897,0.02568488881416231,0.0025259913455635274,0.002051002188146578,-0.01340277180782079,0.006708484435471895,0.00852982427715765,0.03205269838140601,0.008466950501384352,-0.030302653688441206,0.013317709965096736,0.0080531645307087,0.0,-0.013943891113013862,0.006320256597982965,0.018773714739422243,0.0029728540155113947,-0.003350834812197556,0.0017833090550172237,0.017517252231524783,0.014327026344501004,0.002308292000015477,-0.0026561201402417467,0.012819153347154444,-0.005380260142066384,0.00508371796474183,-0.01423933104598707,0.005901344464998237,0.0028246297280432042,-0.0032150712280253346,-0.0021456137920415896,0.011433030553632317,0.0,0.009797557376419741,-0.021538440997783903,-6.860535675534685e-05,0.029411783955364257,0.02463038898956782,0.005252927227685333,0.0,0.0017513074206783052,0.005256307203273636,0.003751768459373084,-0.021739064173361022,0.008966004646565384,-0.002899445725024985,-0.0025079275407410284,0.010489532796736478,-0.0008381428653164713,-0.0037697026296162894,-0.004577578353152867,0.008733222180072664,-0.008733833434187876,0.047564278172752994,0.016015030130721586,-0.001759577764930853,-0.010775115170370886
2018-09-07,-0.004587289297287134,-0.008863837454325174,-0.02800602877647662,0.014138628176287416,0.009124322894053849,0.0,-0.0046777726460713875,-0.0011627415374663164,0.0,-0.005527729711114038,0.0,0.009807194404197528,0.0001492424302123041,0.006812658316218467,-0.010470050503625594,-0.013494587656482149,0.002578406785169074,-0.0034107955273661172,0.0,-0.025722698166139923,-0.009123135743515531,-0.011980662789882968,0.03576088924062071,0.014051408785405117,-0.023372267077584663,-0.012005327723763504,-0.01102169602978964,0.006792562247696088,-0.009587251668653818,-0.01173420647885437,0.011487088436362702,0.0014817717065360725,-0.023168925702926946,-0.00575567091448026,-0.01121839371357225,0.002283034149985985,0.0020201826692551883,-0.004486169637491932,-0.00583541406110033,-0.013451782618553954,-0.0018677909275152116,-0.01317216469567517,-0.006736497982411382,0.008027174723854724,0.0023025234520992477,-0.0018390341531085985,-0.00989559056389211,-0.0077532371938346945,-0.011922198591335254,0.0101367275440023,-0.012533240442962112,-0.0059858153159286775,0.0016129044115213986,-0.0014338740634772806,-0.010738618097030028,0.0,-0.024909955833540054,0.008778826811173257,0.007111030725032386,-0.05333337329682852,-0.031249922875013048,-0.011104132673792289,-0.026666641235351562,0.0,-0.008714515537677325,-0.006229533138687349,-0.013889015383381387,-0.017772943284151244,0.0011938755202269835,-0.016341692675750363,0.00422939569277947,0.009228422155360905,-0.00859992513680341,-0.009722815467711254,-0.00534208514166945,0.002937093872157348,0.014309158766124153,-0.00247734750696027,-0.006428251711033894,-0.004408703863455821
2018-09-10,-0.01290337875187808,0.00990647126263755,0.00028657692381917066,-0.015208981667937493,0.0,-0.011111174612609132,-0.006622784055286379,0.0017463994573103658,0.018893434035851975,0.006063846729505107,-0.0759491904255718,-0.0035780522038784124,0.002238576453373886,-0.0011940347480005054,0.009383007654844011,0.007716346728060097,0.011629816436363294,-0.0034228713820481094,-0.0008063419812439632,0.023407605040293156,0.0038954718141650524,-0.0019401128468046203,-0.031578809776564354,-0.018475722661964844,-0.04273497260286463,0.006600429333669888,0.007801113536016091,0.01949018819998627,0.005666557429914398,0.003161087800216622,-0.002523791558412869,0.004044052471929405,-0.044871873532776,0.007429596437430908,0.00739210486153441,0.009111409921354507,-0.00403232230784234,0.001902985546068603,-0.019153548616680505,0.011786649323569653,-0.008794726500000793,-0.01298711641191308,0.0,0.006968057634103797,-0.0057440446220407,0.006798393344995768,-0.0004069672277209335,0.0,0.00987198825239588,-0.05268430070666519,0.014852891119096823,-0.0077928755472155276,0.006441081768225887,-0.004307214447797136,0.0007618724500719765,0.0,0.012100708414172656,0.003377040081373517,-0.017417472853700988,0.016096660748576852,0.0006769700598816542,-0.0011578396697254911,-0.0025685518717164513,0.005244650696532904,0.0,0.010030142868782121,-0.00845066885195167,-0.010524036225085798,0.0029153694887604775,-0.005112180890118112,0.0007655406839106593,-0.004156279907152172,0.009715468454598364,0.009685527403475058,0.002222259515520353,-0.010249017297403462,-0.0075963367749160016,0.0358917003195971,0.011165532578732318,0.016931468440378294
2018-09-11,0.01774072352342726,-0.005721790367143376,-0.008196977019980678,-0.006434785511629015,0.00542465026447414,0.0,0.007957208238480673,-0.0027115890691372657,0.047682072527498454,-0.007366660156817528,0.0,0.008892005533996494,0.0002976370123177752,-0.002656874895576755,-0.0023736624314744104,0.001044397162312194,0.00132582730329589,0.0,-0.012913654859091017,0.01994702431252504,-0.0015873254378995227,-0.011299042105096468,0.007173812403184154,-0.014117607109352948,0.0,0.006855428643161021,-0.00047365087611572765,-0.04117661030538733,-0.008216885724106171,0.0015373406760588182,-0.014337026815327558,0.001768045741102453,0.02013418043222126,-0.001628506850366529,0.010750700974838212,0.013544194443437352,0.0,-0.0031985515019984367,-0.01133881479138854,-0.004111787635764919,0.00679636354864499,0.0003659642841911115,0.0007534788832470607,-0.009961517993818725,-0.01832269937549702,-0.002461086226794862,0.0006979116451115708,0.013992437473164143,0.00398264109969082,-0.01721399414595326,-0.0053221008029320505,-0.0007139574624912548,-0.0015999284739575126,0.0007203873535128746,0.00399613193246573,-0.1111110560292049,0.0023247305952143194,0.002200598855620406,-0.004972419365143366,-0.00990102749433508,-0.004283457867797269,0.003997393173855945,0.0,-0.0017392105715392514,0.0,0.004468425586749536,-0.002840951569251904,0.01679388198680698,-0.007398950319936759,-0.005780313593641728,-0.0028690434781805108,0.004173626667811625,-0.010652913458648161,-0.0048615619965529655,0.011086660141606863,-0.005917063835971681,-0.011208458089621454,-0.01111341679246669,-0.0026831296596102616,-0.00025595047415916117
2018-09-12,-0.006880832667851999,-0.006440433340739182,0.002485115065636867,-0.007771979968454468,-0.014388420502434052,0.011236019992698854,-0.0013867826710241005,-0.007574632621371258,0.07458914841583963,-0.0008430583881118281,0.12328765819999865,0.007288129835978374,0.011908430250139546,0.004528571598593656,-0.002576948865360973,-0.006258855119112838,0.030798708105227002,-0.0011450441801261757,-0.005559984136464191,-0.006649224212117333,-0.0017667605758387994,-0.00602119079273189,-0.011223780836527864,-0.011933127654065623,0.07142863945856837,0.00325665178489265,-0.0009488585801071814,0.015720951532615546,-0.005326221769513584,0.004834488250440971,0.016256778149287276,-0.0027457906774072116,-0.006578157054250466,0.01707616350622243,-0.006584368589428902,-0.008908849199890989,-0.010121464593089713,-0.00030077290646790544,0.01083159226061281,-0.00022920840411477794,0.00028423297287982763,-0.004489977687225921,-0.006777012428799578,0.007450270495129363,0.06658788460328458,0.014107577672876292,0.0020328581215012242,0.006451434932922773,0.005770306755240151,0.013204374576203604,-0.004547858743225275,0.006787899947909848,-0.011217665558919565,0.002162539758033377,0.01061409207662356,0.038011672750290604,-0.0013253862462671018,-0.013562328507681909,0.009189894447711788,0.0,-0.0011320994174122134,-0.0013270230463277022,0.030042952182850025,0.005226894319680486,-0.027472655272939628,-0.00024690690323836417,-0.008547054769439177,0.0027530380801681353,-0.015040321342294827,0.004522194644899669,-0.001726749750535328,0.05070603137441032,-0.0065995090215182906,-0.0006605912228796473,0.004568851440474031,-0.013393213468173792,-0.006082203174311185,-0.009255401708925803,-0.006932940118575037,0.004611744590048872
2018-09-13,0.004156797997932893,0.006343834226117728,-0.0037475724108400055,0.00391642838720041,-0.040145511395504374,0.0,0.009507462210335715,0.0052836899348249755,0.04705877865062047,0.005232786164799608,-0.1146342578946834,0.000336657545579655,0.0026479746360648093,0.0024529625757656603,0.007553238450630939,0.006998028104697296,-0.014778788887276018,0.019222503206564268,0.011675565538471266,-0.013781693916543047,0.00654787624263653,0.015576798645630996,0.01877310190859749,0.01449256173123481,-0.04083340296581017,0.009294832577515066,0.006328378449562688,0.13816519250524717,0.0021417051563927814,0.0036658308309593934,0.0016841588243847738,-0.000688104539661949,-0.006622788446216776,0.005470619103168595,0.006118377094211702,0.0022475646647173164,-0.012270135018715322,0.00832483884254942,-0.09927511372463727,0.0071118890555577075,0.004932001468860303,0.0051752811977243685,0.0030326024084783576,0.0008387191931014115,-0.018680806381003,-0.00043681225683989133,0.012174213712547122,0.005342027696759066,0.006812068918197189,-0.010106284496020579,0.005643769473459459,0.004613122765051214,-0.009724995388555424,-0.005751987027001748,0.007314031328737869,0.0,0.004313309274679877,0.009296882170586107,0.000560117083070022,0.050000000000000044,0.0038534540242409765,0.012624731802082678,0.029999971389770508,0.012131671080506834,-0.005649768101961161,0.0034611442033920525,0.012068899115339038,0.017469420806393243,-0.006891849359191182,0.005144702961586756,0.005380587987922958,-0.0007908722995924045,0.0020977214244581877,-0.00251037357549011,-0.0005461600428674496,-0.003016397510860358,0.009735441683765389,-0.027579885405983107,-0.008856744414973639,-0.0025505865179155096
2018-09-14,0.0036798391652126394,-0.005070379400520242,0.0018230951812394647,0.0091025161483691,0.007604133876629948,-0.022222009038621815,-0.004021145957971206,-0.0031144241386991123,0.0011236212708385374,-0.004366169199753078,0.033058083482330414,0.0016818082314424831,-0.0024946156890149895,0.0011243930034645633,-0.0061157409468382,0.004864478284930751,0.000489191329102967,0.0028228507191916385,0.0013003634970463196,0.030609696834266398,-0.0051119904962013685,-0.0054776632216191334,0.0432826079726254,0.002381105647958792,-0.009598354355991878,-0.0011694792624488137,-0.0012577793562663642,0.04145955033275217,-0.005461223904977497,-0.013772637557638023,0.0033619056268197056,0.0026566917067278872,-0.006667138531682437,-0.00590976100859919,0.0069255209609595525,0.01569487293699212,0.01035229293883555,-0.004774448453348068,-0.027291707785352948,-0.001594602202829698,-0.020951072931673975,-0.0036778764693629062,0.006802894470122389,0.007693293441282778,0.00992504115266346,-0.0009987230541740333,-0.005441053136643559,0.005490631982839167,-0.11716512669642021,0.010746591889683188,-0.0008019313535944095,0.00035334690356148,0.013093527154804052,-0.011568957416014936,-0.008191988105767711,0.0,-0.003634061828939883,0.002464904032134285,-0.0005625473262401703,-0.03809520176478798,-0.008805776155209055,-0.0019687675359032486,-0.045307401415650816,0.003424391141528371,0.0,-0.009608390238373121,-0.026121263201149048,-0.0027108174637131555,0.015239825454824718,-0.0019195210685254427,0.004204775172661934,0.01345987851172259,-0.00034891816595095104,-0.006226227513791649,-0.007098639536501028,0.010589771153139083,0.0038571163251797103,0.00434614043765813,-0.0055720521560984615,-0.005113757357192217
2018-09-17,0.008249838609471372,0.002754825836084107,-0.002108785413714065,-0.002577400993426071,-0.01320748228118307,0.0,0.006905821458326855,0.00351468626420659,0.07519641838024782,0.007589908215815511,-0.04000006945220158,0.004198407772729951,0.012060700345910114,0.003632879380287335,-0.0015881898472268619,-0.004840929687586537,-0.0011952407050297431,0.01351363914823156,-0.001460915310613764,-0.012525931467454066,0.0003564109053133535,0.004651140497489825,0.004723782357904938,0.004750531095973676,0.01762092112422886,0.0014633628767268814,0.0037780112588454706,0.019108144221501755,0.007879206189217447,0.007407056904830789,0.00041918994421741296,-0.011972396553162068,-0.04697975434184953,-0.020760731818972755,0.0005032023808677621,-0.013244985580392221,-0.004098843635691907,0.004397510526803261,0.03740995129014535,0.0036501981672525385,-0.029111444640310236,-0.0007382675214298029,0.020270111927417567,0.0028725473279580527,0.00596112548290062,-0.0009995015141562869,0.00120926349772299,-0.0014093208198314722,0.037918402510600524,0.011696024715181164,-0.0021396300947092994,0.009887019036745048,-0.0016155101938030159,-0.00804655217262662,0.005068625241064995,0.014084507042253502,0.00895237701450946,-0.00724730783548555,0.0019309370514795088,0.00990093307113904,0.011161897206801052,0.006574986920046655,-0.0008474770101858375,-0.01535805689162717,0.0,0.008208490910960764,-0.0029154951650324223,-0.0009061874050861896,-0.024795363143916727,0.013461341562013507,0.0005713369578985716,0.00546907871037039,0.010471556284458616,0.003066074344819425,0.002750219020754896,-0.0029940366439383803,-0.010428220046421854,0.006831968571080926,0.002431707731155086,0.0007711103596226287
2018-09-18,0.010454325763177508,-0.005082559617598181,-0.006367500135639803,-0.0019378683604240887,0.0,0.0,-0.00295430598868629,0.0023353985045453385,0.011482218951280876,0.00016722333174246096,-0.04166674202713383,-0.0013381584116759493,-0.00799295433998648,-0.0005265326751960897,-0.0007949321960410982,-0.006254505902443586,-0.0010331991671169716,0.0072224755100191995,0.003901630414365753,0.024323821685403813,0.00151287572212766,-0.0019495198892961474,0.024325580808865377,-0.011820285448666312,-0.051948045976969226,-0.0017536275028458004,-0.0020387728010465844,-0.019687243485761785,-0.005803787662888471,-0.004289227600560275,-0.07619890092933368,0.006257375992647196,0.02112712278150375,-0.0031799738438472724,-0.00704228199814616,-0.017897124595850356,-0.002057384580798405,0.006070407819180668,0.015603280948660592,-0.0034098569530168765,-0.008340131355172975,0.0011082194445670712,-0.008830225038484851,-0.010778738765097828,-0.004805012223276672,-0.018823125270783336,-0.0024158171381059024,-0.0024695520713077235,0.00738469888331772,-0.0063060119404229065,-0.00536040206227506,-0.01678329052396088,0.012944773063968462,-0.0007377570464255356,-0.008404892631278083,0.0,-0.007886983667086067,-0.009516379328607272,0.004130080690427418,0.058823567910728514,0.009010982250261534,-0.005225751709877713,0.0,0.0,-0.028408754301627925,-0.005180936339057585,-0.014619848369751609,-0.0023581865876537433,-0.0017868492941843783,-0.013915096599108723,-0.01445709100220327,0.013985896276480503,0.0037992972065710173,-0.007043010786584869,-0.0056676983945618264,-0.01651647178192628,-0.019966612182066856,0.004524044761448964,0.006433115257816091,-0.002567463474968057
2018-09-19,-0.01709399841864223,-0.020019144537694267,-0.00550508613931211,-0.010666556446697895,0.011472315839589964,-0.011363907581558474,-0.018837933815847197,-0.0005824378839145439,0.006191994036631954,-0.024602376893329225,0.028985478070904458,-0.012223579077097368,-0.004834427304751809,-0.007836689263749697,-0.02566664412298547,-0.02412575860734023,-0.004954286595368784,-0.025372650479563608,-0.0008095129796654721,0.0057444551028897894,-0.030397040849831525,-0.022338735343436222,-0.023149137100869077,0.0,0.0273973054489276,-0.014346264929565478,-0.025298567040282105,0.0006372574469186709,-0.02418716302248447,-0.016921826867156042,0.003172496387366275,-0.002763762098129896,-0.006897141437708143,-0.00754034366146894,-0.018574672892801458,-0.009111634353216602,0.0,-0.026805020243340416,-0.013997953503051108,-0.02281012207282418,0.008610220167997396,-0.028413504617206042,-0.03786171439127217,-0.0102862882526088,-0.004827556055894688,-0.016634713518566158,-0.024619332766668278,-0.008311238968097379,-0.01466075112757348,0.002379524312842163,-0.02263512194617856,-0.02951628516775573,0.004792555582592284,-0.0007375004294489784,-0.022226464041175786,0.0,-0.017555549261775938,-0.019215546493431823,0.01453260669503953,0.018518500530834592,-0.024335867846795867,-0.02560722040805985,-0.0033927024582229848,-0.006932726152947821,-0.005848247751267244,-0.005952222818492392,-0.008902124001776479,-0.02254537815784252,0.018036841874651932,-0.008980220039944475,-0.041883664876611104,0.0038311436711799818,-0.00068787821399241,-0.01057292118995734,-0.016362922990927453,0.012213767127573716,-0.03706860684947699,-0.0011262971399645938,-0.0019911812027879616,-0.014418486822467935
2018-09-20,-0.016018368605068667,0.0014086750849007235,0.012887634156508287,0.02156340472813234,0.024574545851837826,0.006896521143747725,0.006471334175842669,-0.0029137837223486285,-0.052307715782752395,0.009951968997533589,-0.07042252746144206,0.011357691807073245,0.01266001242339887,0.008097678166744782,0.002859042191214911,0.0032246496271264302,0.007112791084624481,0.003961594837162741,0.009724460207350072,-0.022721458483301205,0.0008252049886365853,0.006617727287231645,-0.004494429034630931,0.009569548148136597,0.02666661505761936,0.0072774175064485025,0.0039822969204135195,0.027397453235269653,0.007203816404792063,0.008518063169184131,0.0022589846240708145,0.004751223129203508,0.041667288744053455,0.007695012972702253,0.005677678477058468,0.013793129482253752,0.016495006401321843,0.0030486917140184477,0.010387832039215894,0.00653611918221686,-0.004963257017498779,0.0015196303421902702,0.0038579925809110183,0.001616598137629932,0.006791627755670104,-0.004601720024945077,0.000590846343151874,0.00606266965043134,-0.012137786426255515,0.0018464629399708166,0.00799529548560618,0.013557849698838442,0.01112856731787959,0.00578497568251346,0.005393710333347679,-0.02777777777777779,-0.003708446953011646,0.009393461602783981,0.008386330948942256,-0.03272724151611328,-0.009382093719443096,0.006738364824575571,0.002553168763505642,0.006981124376489678,0.011764995233747522,0.010728470946792079,-0.008982255844674825,0.00837053005729893,0.00013518392432332327,0.00970889015066212,-0.0004029160575330648,0.02671787143186699,-0.013774268985829008,0.007168547464112551,0.00841094317638258,0.009049847891252405,0.01292978977842818,0.009017192231189242,0.00535515493726324,0.016718851525081124
2018-09-21,0.04651144401795615,0.004502062006999763,-0.0021400089529435284,0.010554049221915385,-0.0073800376500235965,-0.006849284905576902,0.007502015070791401,-0.01694900217978368,-0.12987011244481017,0.004926951628903664,0.24242433210943548,0.006369526154562877,0.004361103217292106,0.0038845602373656085,0.004479861368875682,0.001071286983384434,-0.015483339330292,0.0039458635169464795,0.009309785140544369,0.013248555575510634,-0.0010077171582544286,-0.00992297363773531,-0.015390903295651404,-0.023696953058085723,0.0,0.00796254125957141,0.006313679287378804,-0.006129068745793997,0.0009695985284521313,0.0,0.0020279875126634206,-0.0036452382930171057,0.09333287128520418,0.00434989286402665,0.006330317647046835,-0.004535155835753146,-0.01825561123639241,0.005168080611483994,0.02638811614645009,0.0025508249645731507,0.008379765672971828,-0.0030340555070096364,-0.001537211271883554,0.0009223182993136625,0.004658002273366879,-0.011329579009045077,0.008802675562062934,-0.0031900952914316605,0.012683277941456517,0.004739305323687937,0.0035558326180753497,0.0469995404424548,-0.004716985864665402,0.0007372878391456172,-0.0009579920531678221,0.1499999999999999,0.0043990721438929015,-0.005583596944022884,-0.0037736644221351145,0.06203005884546786,0.016632032656685558,-0.0020079583497326636,0.010186747731683932,0.005198944927559124,0.005813518923004191,0.0071586377340358,-0.006042039862726445,0.0040582252785135164,-0.008519086025873146,0.002564018825224057,0.03305097399759416,0.0,-0.004888443577677926,0.00792425115366413,0.008711743883312861,-0.004484449585447137,0.024368772368700053,0.0071494279151835816,0.0015664710750320499,0.0
2018-09-24,-0.03066662440653878,-0.01064424913066897,-0.003680361884601302,-0.020887858129261416,-0.0074346228452775165,0.0,-0.0011699197418151286,-0.0003966515057646225,-0.05597012579604821,-0.009298405810885257,0.024390218079934467,-0.015656098647670258,-0.016644761467901503,-0.01652745110549325,-0.008108717928525744,-0.007491830453367654,-0.0178233473976549,-0.05783256181301877,-0.013835776873924233,-0.01487023962409384,-0.005134460740319424,-0.002631127255347643,-0.011671537544976518,0.014563216994571526,0.004329134100535592,-0.01024015111378318,-0.010939689494850913,-0.010061603515418627,-0.011263127236795789,-0.01939463174645706,-0.010121476495773996,-0.017302923736836617,0.0,-0.01645807237706609,0.00612045828706842,-0.03416847920332078,-0.006198499020252934,-0.0013104081869383943,-0.011352373535363336,-0.007171114309927784,-0.0015826945563730543,-0.015595203857492357,-0.012317311968545241,-0.004607410055687211,-0.02382113679894715,-0.00559780670243315,-0.01141944028858799,-0.001955912801403059,-0.010175983032282399,-0.013626711513463063,-0.004633241402096977,-0.0245529367981282,-0.011058462964373739,0.002948273216145214,-0.0017259075219877573,-0.02857146648146347,-0.016509321069051786,-0.0013369544396648614,0.010597395879491156,0.02654868899744267,-0.0040900709081707065,-0.012743069158366316,0.0,-0.013792972375788581,-0.017340896928645932,-0.0200980834931751,-0.012158235394906569,0.004409139710454646,-0.008456313657629333,-0.0140664341306872,0.004097058121558916,-0.045353226818592995,-0.024912267264173393,-0.020386707128590364,-0.016170294325313028,-0.01651647178192628,-0.003965098692215618,0.003770900702606994,-0.01021886283907536,-0.00976373025288968
2018-09-25,-0.020174053676268455,-0.011750093044359367,0.008842249416006087,0.003999931989915995,0.005617756761917114,-0.011494108061662622,-0.004259970556758197,0.002973757284802536,-0.043478249943583736,-0.01843005793187058,0.011904749601011622,-0.0015227823929477857,-0.011775420038837803,-0.0020675203587267044,-0.011649253272454585,-0.006110899294351713,-0.00618033597510359,0.002383672320896757,-0.00016154045875815815,0.01496466151578657,-0.009399876156475306,-0.010048995194327448,-0.004850294101367947,-0.03588524988425368,-0.0431033614533306,-0.01019787182630949,-0.013012381662386385,-0.0321310160059346,-0.017883281653836014,0.004306542578903283,-0.005225840421185679,-0.006237912940245782,-0.06707291833804474,0.0009783735907673563,0.0033793906762771275,0.0023581849388625287,-0.004157965374031347,-0.008882691214614824,-0.011820328108676392,-0.015843087234582054,-0.00039637654520507937,-0.005796006017026345,-0.01714725382864357,-0.00270014754904635,-0.005732156335904737,-0.006159530475000841,-0.011610637028350523,-0.008551634476572811,-0.015816506445624823,-0.0010623303222402347,-0.019989233677616514,0.004674730937131111,0.004792555582592284,-0.0007352739667538799,-0.016138550302014165,0.0,-0.015073622292121058,-0.0077643644610847495,-0.013670194058430174,-0.1120689782744777,-0.025096754139311006,-0.010190050758222768,-0.008403313529497414,0.01573429776349,0.0,0.003751768459373084,-0.006153850238228453,-0.006036119881618784,0.0,0.00064882212353079,-0.00835455441453703,0.019470427373854404,-0.007916420157281001,-0.00013587463109498987,-0.009152250306308951,-0.0015265458368034501,0.009667663066524446,-0.006187895741850968,0.0018964181069223152,0.007524927708653095
2018-09-26,0.006083244154434286,-0.012032216804697349,-0.013637254990395586,-0.01327998758588289,-0.00931113020056129,0.0,-0.009304608831782857,-0.003953393248962489,-0.005509702125222393,-0.014082076942758981,-0.04705897973680673,0.0066090704643697595,-0.0005957934778632046,0.0048783869922763845,-0.012613969704421524,-0.0144665537163996,0.00949762097296003,-0.02080876153103728,-0.00016128703137663347,0.01269205020513553,-0.009303213431740454,-0.009135928464930831,-0.007628721866140609,-0.01240690060024563,0.009008798679810415,-0.002389412765363863,-0.007910099742765686,0.012872303298972154,-0.013594675519778998,-0.013181752900465415,-0.0018275307265739338,0.006985969865460406,-0.006536315075140631,-0.0028349637405834516,-0.001347096260024272,0.0,-0.0125260851452349,-0.012322885512008552,0.004442576735833814,-0.010890196945248287,-0.006145969837391907,-0.01476862881045271,-0.007930219459363341,0.004796135146049929,0.0016475365820916021,-0.0032651675297633576,-0.01438441853633654,-0.014914831977234644,-0.013258695119898078,0.012499853911871028,-0.013690807891678425,-0.021832335752823284,-0.017488090251125188,0.001471033780814146,-0.01034944734142762,-0.033887391303075276,-0.013912821150101617,0.00013486797182116206,0.003902794568521939,0.05825237055190802,-0.001638002769509539,-0.010981695788752632,-0.03389835302872812,-0.013769485295274997,-0.01764715551451912,-0.0132069585247101,0.0024767284140629897,-0.0007362329781942512,-0.01636821942587996,0.0,-0.021943645159614444,-0.006111597890272269,-0.00761669122234887,-0.021085588626859386,0.0016965685869867464,-0.016819448832615325,-0.019712468513884196,-0.024905396884178477,-0.005362969250555238,0.012103991906119882
2018-09-27,0.006046462049516421,0.011454250107285846,-0.0018709726652477165,-0.01480480656232841,-0.00939854621051861,0.0,0.007125079380105426,0.0005955938663499971,0.011080388208860148,0.009874903769221621,0.0,-0.008585939951348376,-0.0055140843114172,-0.007248842247435938,0.011937331898843606,0.0062385506764031096,0.008344174327711285,0.007893524394171791,0.00016131304907940347,-0.02104188047600819,0.00863951133493046,0.010884751786737423,-0.007046752760834107,0.00753801728840231,0.02053572275252291,0.006873047448093583,0.005979979344619357,-0.013377841902970422,0.010620965080783362,-0.00048315085415862047,-0.015331510183807628,-0.00010051452182124887,-0.013157379757930965,-0.0025489915243490646,0.00860023399376808,0.016470468049960996,0.008456580316979379,0.008145725875792209,-0.01326931597351988,0.006701596922025876,-0.0061838747948188555,0.008678541009176977,0.003996841020631248,-0.012318184687424294,-0.0006578413177287246,-0.015711880312139992,0.006932525517639121,0.01976322839995226,0.008958199829081304,-0.016548561880533108,0.010764897782923999,-0.020124576400148086,0.019417417728815778,-0.005139765688757514,0.013022979502466114,-0.0066181334189683305,0.01375629106598808,0.007689216555941014,0.00236023919052597,-0.08256877523190476,0.013595425007900008,0.006939654610775392,0.0017544261783273285,0.0017451085587960602,0.0,0.007070809270798284,-0.002470609385597733,0.010681714167078749,-0.013704779724260652,0.003888266852257294,0.005208433614289243,0.001537318056277881,-0.0014620805800900083,-0.00013896671325996923,0.008468035493001791,-0.009331483800002593,-0.0025855513804923236,-0.0038770857291910987,-0.004862941801344833,-0.0035623455090668665
2018-09-28,-0.016181396263231118,0.016054732054036736,0.005359198166757784,0.010928992418024697,-0.01328266810516543,0.0,0.006646212363913273,0.002776873460180518,0.0013698290114252387,0.014317983596014328,0.004963047237693363,0.008150821643800876,0.003297100748811843,0.007570132049241396,0.014072917252681005,0.008388027103174878,0.012328998252776335,0.010843312682075057,0.004516036878545293,-0.011524196902398365,0.016013429492221176,0.013681522790495393,0.004946256883167965,0.019950087517523585,0.0017497779442492423,0.015301290417987445,0.01453100632764448,0.013220334370420028,0.015013513006032042,0.01819521303417293,-0.0025564310051107153,-0.0005028138788456538,0.01333280453037533,0.0025555054861736703,0.022404359569870635,0.023148427250574866,-0.008385666256767732,0.014933287432623787,0.003792852597496621,0.01212584972043751,0.006824453602178204,0.004692676004429908,0.016719506698819053,0.026970064856142395,-0.007569708069292469,0.013517245140306056,0.012138055240727308,0.010636235196291643,0.005649644237655904,0.029914765921638997,0.017937163165509862,0.03734122902426895,0.003174678278142329,-0.004427988782720993,0.028243255069708928,-0.03797476332612715,0.01809304476588869,0.011378905076159462,-0.004878665330311782,0.0100000381469727,0.008325811452009502,0.013783655413705853,0.0017512700486641553,0.019164130940441337,0.017964172052417737,0.013791318541707787,0.0,0.010932842448243996,0.005246041319233896,0.009683550329331991,0.01434850232116891,-0.002302251742826944,-0.004392757951440562,0.014593386375149064,-0.0037317385646842283,0.00470957661406457,0.013248723855728839,-0.006410001059172554,-0.0023372442209081967,-0.000767565290706762
2018-10-01,0.017477495984760782,0.0002820765373277023,0.016050170385494722,-0.013513641152820832,-0.009615435596483812,-0.009302021897271251,-0.012352527171883176,-0.0029668030976486293,0.004103995901939994,-0.014632313485947068,0.03950605670945584,0.0030317142202516134,0.001792246681607601,0.00013230502782879405,-0.0030615151677668706,-0.003978089868065804,-0.03604339302654158,-0.02717539278881287,-0.014450759014541181,0.01100351431218427,-0.0009164878868883619,-0.005873560625753282,0.01455168309403354,-0.04205417858654281,-0.013100458149178262,-0.0019207834548391478,0.0013020286038902817,0.0036800580416505024,-0.005916415201276837,-0.010674292984105382,-0.0058245033234332055,-0.0012071886264910514,0.032894757237309724,-0.003529276838030504,-0.016353347497081727,-0.02850696128642627,0.015221973915627629,-0.015721288987382787,-0.012366677872200027,-0.003758694703060006,-0.016546692260394513,-0.00544925788380779,-0.01425187879714962,0.006603399960980472,0.0003317602686334631,-0.010254030931537983,-0.003639645909720879,0.0005349050512872822,-0.005216914459437949,-0.012189014292491973,0.001101111949290079,-0.028797413577132724,-0.006329263181944378,0.0007415142598741209,-0.001894299623435125,0.0,0.0061520376281247735,-0.00780947519260311,0.004032273747992754,0.017821717297328732,-0.009633202889843151,-0.020122278917436454,-0.005244708753771921,-0.01128217928576003,-0.024705698784375674,-0.010141227397361896,0.016718428791631768,-0.008651761276127323,-0.01086026873807755,-0.005754266243454542,-0.024951109978327946,-0.005538545410570417,-0.005881973386811512,-0.009862914144437962,0.008428382511856514,-0.01812510240234777,-0.008243196441106493,-0.00714296295904937,0.005217804506366885,-0.020998877188304843
2018-10-02,0.015320494603044743,0.0063469636082391645,-0.010779266531708465,-0.01726018342197355,-0.0031065232626396044,0.0023472147137639787,0.010134902572990212,0.0037687757350504114,0.009536742965807532,0.0235847584750013,-0.009501289026815574,0.009907880563042815,0.00477125323859684,0.012165314968571206,0.01003098594157259,0.013434979853475415,-0.019407029019439914,0.004043126539616804,-0.002932491427135475,-0.01800996588400383,0.015866957815120708,0.010936550196886996,-0.02678769220669186,-0.01837637262768388,0.011504450147492351,0.017320478298900932,0.010403249321174535,-0.025666583760196704,0.014630811067315674,-0.0035167994581867257,0.012889337120060906,0.007957527751319082,-0.025477365890397508,0.010428883084673268,0.002161320933993238,-0.007918072459078274,-0.010412336863639071,0.014129015984536641,0.011478203245186558,0.01674144081935669,-0.0004056626794051166,0.010567214737464026,0.014457931484321618,0.005881219515321723,0.015912456945134323,-0.007854547596179984,0.014073028475083404,0.006953375192273681,0.010891640287777005,-0.0021002272731412974,0.010726102279424943,-0.0022242104439699206,-0.008916988132141368,0.0014818295444558593,0.00835038338648042,0.09930756373133631,0.010529930826367773,0.011873093017065628,0.014735511064841278,0.0,0.005789682358053216,0.011238927923769904,0.0017574256492296492,-0.005878435251194469,-0.0036189879298101912,0.002498955661747182,-0.040804067296194235,0.0014546074980326118,0.005988789317143084,-0.00643114434929648,0.0002016446299515362,0.0029393933947292616,-0.0018493951090804428,-0.0027672482606696525,0.010772603822676974,-0.00031806381189802835,-0.028375039536210567,-0.006497767559722756,0.007944771174914322,-0.04708327644834842
2018-10-03,-0.007315975521486107,-0.015837284534210294,0.001535699781550326,0.025369295350156307,0.028048121705287032,0.0023420050066693676,-0.010139874422950168,-0.002371546134436353,0.018893434035851975,-0.014336851202520817,0.019184755362388506,-0.01745947092015876,-0.02181351381492569,-0.03316678701203901,-0.011755171779637141,-0.02113944535142198,-0.020487447287464544,0.006589305592604067,-0.0004901860375420286,0.024805431457716853,-0.019230509628442638,-0.0152950059601209,-0.010186401465116623,0.03796143689021436,0.006124362184985799,-0.004074612060134486,-0.01721359654655874,0.009921573531397998,-0.01833074376711563,-0.016923254561809653,-0.0050902678323977435,-0.021085627204071256,0.02614343166454569,-0.005841976294982731,0.000829525146863519,0.011267845818358602,0.019360109691803018,-0.00686518602402475,0.010316387439372798,-0.012987238653838662,0.017846178438859717,-0.010069365459915103,-0.006421088418507304,0.004648115753872695,-0.007016134394184581,-0.00484592913413695,-0.006495712666975906,0.004780519887950474,-0.009976006441097751,0.01262825015131197,-0.01306091462925485,-0.012629996278675226,0.019922820536216745,-0.0007399684201508938,-0.02108044784884522,0.0,-0.006386578342832405,0.03506916131257465,-0.014521528914838266,0.04085603961125339,-0.014736150322420927,-0.01248608627176706,-0.0035087687010102453,0.005913195588589604,0.018159779245714214,-0.009969888693435736,0.04380972728770938,0.0018156654765457692,0.028348704485796405,-0.008413854554784828,-0.0004029160575330648,0.0104888815876365,-0.032161616782968805,-0.009294978495649087,-0.0023885004746488914,0.018783724338147678,-0.010619411277627444,-0.00840948186093704,-0.011350534468057116,0.010156247593952061
2018-10-04,0.011054890808823714,0.004841927995981932,-0.010995730902703116,0.008700391409176778,0.006063046708782327,0.0023362466968923634,0.0010782889166220944,-0.006933094177929533,-0.025165569857020897,0.01506504217399307,-0.0070587972248575825,-0.01336947365341834,-0.015169593396506365,-0.004279662073572665,0.0030759983960482185,-0.0014639644138957353,-0.010131956809437681,-0.0016972303343110173,-0.024521982966062783,-0.03707968628602687,0.006903921493475629,0.009471031054222756,0.010948117362914234,-0.029058179352590474,0.0,0.003652916779487203,0.007366073787556937,0.009484951890539328,0.010830430157029447,0.0014684567192972953,0.007907155590461068,-0.0021437076129989796,0.0,0.006169960439445399,-0.006464541114425626,-0.010213453820588247,-0.007431553516542122,0.0017282329774934713,-0.02042209265855721,0.004934083046604476,-0.005977126521407694,0.009780742935924236,0.0025219569782730655,0.012610023140651405,0.015116922045088188,0.0007541411653730901,0.0060031215184039866,0.0003521233104852861,0.009673365927288735,-0.02468189000668841,0.010201215793017804,0.0022574931472916226,-0.0006301202204185286,-0.016284658377177852,0.005576206425454089,-0.004787764516347659,0.014885035343548347,-0.013883632201088347,0.013004086344012844,0.016822458727514977,0.004440082135011236,0.006530228431114171,-0.049295729125592325,-0.009018232772327828,-0.011890403054728438,-0.0012590107750467538,-0.03892949444752836,-0.004168236316066998,-0.00689181745192613,-0.01305511986958996,0.0034259236006188853,-0.009922031482255345,-0.0011591495228341353,-0.007001925306152956,0.013446051455463737,0.0009375755288034693,-0.049791036789343046,-0.0021199884214061493,0.001488304724030609,-0.021739122481450934
2018-10-05,0.005922308723757652,0.018565786189833178,0.0035696340565474216,-0.008894712098439284,-0.002636386791470491,-0.00466188821102953,0.019388294316322607,0.021144968979513346,0.009510827928585153,0.013988416719241004,-0.00473938694212106,0.015265979971498256,-0.0032348588268373835,0.020466398125745133,0.020036777373855674,0.016495333366445042,-0.016461537113782954,0.008257629244423859,-0.006032866215571642,-0.00481347546206079,0.02047942777642664,0.018263530484292856,0.004765136549817139,0.014447836839471151,0.013912922855300769,0.008880473783337672,0.01397470867361772,-0.021812334999051552,0.019211917529238898,-0.00024460908015588867,0.0034608936634696885,0.015140948834346135,-0.03184715287479378,0.016159122864853437,0.0005005838626763737,-0.03517822332003173,-0.018718623750742402,0.01217784269358324,0.010076123361316913,0.019640339664164896,-0.0022045702374036136,0.0073614256637204445,0.005031506685084786,0.004142362879731021,0.004694192591178981,0.006784629285406574,0.018434416726839098,0.0070461293046173434,-0.0031940198608644277,-0.019978422020283992,0.01064391309555801,-0.013888851156754534,0.018915381976438272,-0.012791888454659506,0.007839516686312109,0.0,0.009666439181833297,-0.01704980552655644,-0.012837150924973395,-0.023897079609102256,0.01698484017034474,0.012561998407424557,0.0648147960095089,0.00594995493961048,-0.013237393011316989,0.0,0.012658234760660525,0.006915246668072861,-0.00291472065956222,0.007275099991986167,0.0014061034298447073,0.0032755537555513303,-0.015860716281923426,-0.007192396781162902,-0.0014542180079476497,-0.011239538649635006,-0.019768205725381627,-0.020538245054287807,-0.009553212135524514,-0.0008331725205029672
2018-10-08,-0.010416426264132639,0.013635847909567067,0.008600728311709327,0.009790537037916991,0.0018881112139441658,0.0,0.02440823326788033,0.001172054157570157,-0.04845217563857518,0.01598235259265901,-0.02380957278149054,0.010305951384841805,0.009890169532891457,0.002005857343689188,0.007216238086331872,0.007933910888547446,0.022336139438210667,0.018427419017887692,0.04333133692543889,-0.008464257015357357,0.008689948192102337,0.009090967786122173,0.01552055845643352,-0.0045779122095958025,0.003430525170392329,0.009090973748628661,0.006891173247992155,-0.008919326871499322,0.010633221674900772,0.018416129737873987,0.02069444545239807,0.005139268577109002,0.0065793195809014104,0.017626220601071774,0.011672245654747782,0.03305755963104717,0.03391234577573421,0.007018472281970833,0.00963220049200153,0.0114649290693698,0.005624459658674086,0.011153781221785009,0.014236688772607753,0.0023572997118805894,0.01772198104703704,0.01286522668792256,0.005511232287931156,0.014692902261816299,0.0032042543127788203,0.006523193910135117,0.014852891119096823,0.01522631015981113,0.016398600395162832,-0.004572394442796446,0.015366769712953143,-0.0002531541158020678,0.00693326885073664,0.013929008584497415,0.013417456231649583,-0.05273064707880659,0.0048042452395316015,0.0126793391983413,0.026086973107379396,0.010786620615998332,0.012195296402407685,0.012351583372143038,0.0031249567463706995,0.0043375143160298,0.008212635535240764,0.007879200420730426,-0.0018052673003572384,0.031249994187994012,0.017688662889868256,0.015909091079271187,0.0014563358377486235,0.00789408455479279,-0.03681157993008477,0.0168710743978977,0.014789500551427803,0.008896434956948918
2018-10-09,-0.012357115169957966,0.0027450996164604113,0.0027457443053164887,0.0029623404832099798,0.0,-0.002341718198353382,-0.0012379838312150948,0.0003903306683468166,-0.01697317673021237,0.013412751073957452,-0.009756097047075807,-0.006354821157983914,-0.004284508145321553,0.002802217771965765,0.00796007042227509,0.006440068883335481,0.0028574374489420684,-0.0003550041301167983,-0.02601766339178868,-0.025745327008135366,0.009326171446036646,0.0013393161264050324,-0.026958277930496655,0.0005109874163216066,-0.013675096830509714,0.007435928512733003,0.008435143903558151,-0.029075703523140817,-0.002511066528269601,-0.007041147415285387,-0.013895135733451913,-0.016643136470257502,0.0,-0.012331740262693902,-0.0014832322973832301,0.015059040408481827,0.009430173020984256,0.0025883659444145835,-0.048722459424781484,-0.00022666860355269325,0.006392598106398584,-0.0038034860574968077,0.01002591775135575,-0.0018374551615499835,-0.0011083744901627668,-0.006586459332917571,0.0023655998740437223,0.008446879333717794,-0.00239531901561274,-0.0059408463635597375,0.00792670650606464,0.0029996019757703163,0.008828082811777715,0.0,0.010276405399963329,0.0,-0.0026230465811806214,0.0028512341443298617,-0.009112927940842064,0.043737531016928566,0.0045535895034729545,0.002288663305429761,-0.058474620585124426,0.000344264180478282,0.0036144398202428984,0.011874083415980508,-0.0006230622821263854,-0.0001798908550064704,0.0004138864617955207,0.005863247815713013,-0.003013735081865754,-0.001205989150967035,-0.03669343112783896,-0.0016776391435866511,0.010529771035845181,-0.0015664663373462506,0.045862078675946716,-0.005451243801771755,0.025240489012971157,-0.0016535849831259553
2018-10-10,-0.027803412639968994,-0.004790790174797777,-0.01124226250362359,-0.02040814572156624,-0.009423534636178288,-0.002347645936039089,-0.00836495645838109,-0.004095840118164773,0.014388544491240829,0.006045842548568103,-0.002462867878255781,-0.05822950548745187,-0.019056439779560508,-0.018296851251210944,-0.007305152463018105,-0.008887764525739028,0.00397718694054805,-0.003430881927103946,0.015264229095613757,-0.015855581280806552,-0.007919925688136709,-0.0044983204670731025,0.007417061254982205,0.006128875467052097,-0.012131783241815963,-0.005251902257522478,-0.0050502932614185925,0.0017824356097870808,-0.005753072152481886,-0.017808285533889467,0.015014432839585812,-0.014681998662740892,-0.05228744079309677,-0.011246858761416734,-0.010234302369208081,-0.010663251843795796,0.004467580069424049,-0.01360468597476483,-0.00680503774587915,-0.004308452165501353,-0.008535625563658833,-0.004581824532784662,-0.014660937018720843,-0.011191274432287734,-0.003011183550344243,0.00027085083967937074,-0.005640807460473907,-0.0029058217089411587,0.003601556430012698,-0.025536934147923573,-0.0063982931322844605,-0.01233626748378247,-0.023536529572190434,0.0015312358981793839,0.008507572820254827,-0.03127771536687751,0.0009861104756812011,-0.05182215514375921,0.005183948045452302,-0.04571424211774555,-0.004079525498896008,0.00013429957363153555,0.021602226121423707,-0.011355875569326268,-0.012004784039183591,-0.014636783195084768,-0.011221933846623733,-0.005579394811522476,-0.02111461708300244,-0.009067016965597974,-0.0030229424747363343,-0.010566094494919631,-0.0016040554103435856,-0.013025047253431454,-0.01200223310076598,-0.011296040750517378,-0.016523335640363457,-0.002621783886701423,-0.013597196855547722,-0.05244253420832423
2018-10-11,0.018112439380395973,-0.02035785945021218,-0.026093531080793042,-0.007126896134937111,-0.027397281564866205,0.0,-0.027806506259003827,-0.0035257363509546558,-0.004255348793859026,-0.009582683433255523,-0.01234591601244861,-0.019478101423798577,-0.023186633087889152,-0.03639449567052222,-0.021280725564840286,-0.02618345629010732,-0.03506196073825696,-0.032407149659212875,-0.017976804640771227,-0.011023126637038416,-0.019159237519394745,-0.02320470205575864,-0.03204824990802502,-0.022336332178190088,0.03070155457242052,-0.02382981521064398,-0.02157356137195965,0.001423478573244319,-0.021097150680064347,-0.02198681848677042,-0.024806084488374625,-0.01955699304741887,-0.013793267335420079,-0.015905168758954424,-0.030186882233950607,-0.007966000813351859,-0.019409405439940075,-0.029195616359859566,-0.035701474650879805,-0.029378086983345764,-0.018218361200736943,-0.024933052804714695,-0.0288281837806853,-0.01958295681421185,-0.02845308015796222,-0.024212021401662898,-0.02118684066179377,-0.023315920616872376,-0.017145315571179376,-0.056314365845045344,-0.026562960722711138,-0.0412568174422554,-0.04728070037677934,-0.002293445517031034,-0.017238074343490783,0.0,-0.015763347523470972,0.0055881388860703485,-0.01860650361131977,0.04790414374326857,-0.009103266345894867,-0.019876492676419888,-0.01321590900115599,-0.00556897837971948,-0.029161648607566204,-0.036002060328754526,0.014502017838803116,-0.027511167146601845,-0.0386295568347389,-0.024183266347834964,-0.0020213079423547775,-0.0068649802062095144,-0.0068273727368118875,-0.0378885527570445,-0.01840581298939603,-0.03681361249028137,-0.005492732673780365,-0.004778843909111985,-0.01921463787042066,-0.002913147433274532
2018-10-12,0.0,-0.0044933515968133,-0.02005680505264007,-0.04113791472894479,-0.024647707265741725,0.007058934724502475,-0.00792737077476624,-0.001965013763525869,0.0014245340326219935,-0.023121954020525415,-0.024999730042005508,0.02186992200890514,0.0030474512764548933,0.01870883943557211,-0.007315759361329666,0.006998137937694882,-0.0072305568814569066,-0.021101780119582636,0.026127712044973883,0.041297589539390556,-0.003979108561942835,0.00012472209713498827,0.010290687988963043,-0.011554692112856202,0.0042555376222788155,0.003508305893449526,-0.002594246344866269,0.023454261911085128,0.0018473212322545063,-0.006794654349096985,0.005834296943602935,0.0010554110311924436,-0.025928221109824623,0.01292983888824284,-0.0061908210205269265,-0.0023618372889654404,-0.023505187020669505,-0.009748107485944457,0.0067315017482794115,-0.003754285887152209,-0.0006113658815058987,-0.009048150615753259,-0.019948838773478084,0.008734033698588384,-0.017343154979848174,0.00907952091749964,0.0015970065548402967,-0.01720181469541926,-0.013793172089190175,-0.019202102884435468,0.0030319945573844542,-0.016581085313926214,-0.005838474202613297,0.0022987175003772453,0.0016793919261228751,0.0,0.009342621850781496,-0.0002711340709896648,-0.0241218882122326,0.0,0.0009186897117245962,-0.0186351715630797,0.002678547632328998,-0.005600510540681558,-0.030037398633599555,-0.005223400347270868,0.01864486156717149,-0.006328155874199659,-0.02346401421140587,-0.03415942275189632,-0.019445247476563288,-0.012595909044552545,-0.03194491275988942,-0.005014926988494373,0.00750018053520396,-0.03920927976337851,0.019817811781088546,-0.0004798336547876536,0.009475988062009222,0.016944296020155347
2018-10-15,-0.02668521994935824,0.0016927524391407989,0.001863454006209242,0.004031136514105027,0.005615408899928509,0.007009240832490438,0.009286419984197547,0.0037415235180957573,-0.004267455037411327,0.013429338204666186,0.051281815579147016,0.01747820455530924,0.00015973873320729304,0.012220310132096124,0.0032751833257724794,0.007681168162469332,0.0015430109713943096,0.006266524600052392,-0.010703920320537685,-0.02085911028800458,-0.00018149146300916463,0.0017507871134339048,0.01970752253886965,0.021785461382004323,0.012711794232241225,0.0033501837532359247,-0.0024382502075467327,-0.00034713801351460294,0.006146197368112283,0.00700999721193285,0.010904851413120698,0.014760276383557702,-0.02158263722409215,0.014988829234453771,0.007959762295309147,0.0018939274662868044,0.009712919530766584,0.0,0.021545223241160816,0.002355228070046733,0.0073454499664726836,0.0,0.000814309416168113,0.010916699395004947,0.022977473047900876,0.008311052115103745,0.0016530122828191107,0.013930883786270165,0.018099840685554813,0.009939632279165167,0.003022756882698374,0.006824490599002919,-0.025122222810443517,0.0038224436342733092,-0.0037256946465514806,0.0,0.006611420455222561,0.019929492228924595,0.007903320126817936,-0.04571424211774555,0.014685543929473743,0.009215161888869616,0.002671477103153519,0.007743910143861443,0.01419343129501116,0.004988209764505536,0.013423021357263476,0.008803205761348964,0.0015015742405488641,0.0214978132743191,-0.00041305361156518394,0.01571250766266341,0.03216395971390962,-0.0016305252837301998,-0.002419566004204343,0.005144033347640686,0.016565807502269658,0.0028822200492439887,-0.010441997249014845,0.001436198956357826
2018-10-16,-0.003848170935533246,0.009574702038296135,0.013995684237816164,0.017206935838808946,0.004387876869806684,0.023201984706665568,0.015619886358361645,0.002942834647452486,0.019999980926513672,0.007785082871589077,0.014634092895885908,0.025591522610078687,0.0009593802892160497,0.014187465041000102,0.013874987469294942,0.007259574244510292,0.016762485888357048,0.027774183206041636,0.031147563805499878,-0.0022424345266955914,0.010170589076993197,0.01010807487268539,0.03800234513309597,0.013000366815197006,0.025104643416050232,0.009436601631830133,0.009614021367656989,-0.014588468260042675,0.010629364037335831,0.022058082723351857,0.0183611613456216,0.008415176013210512,0.0,0.005144794019305898,0.021116037552051603,0.02410206369831669,0.00292744722188365,0.016441650870855806,-0.010908787695151911,0.01221786009797965,0.012558239699099749,0.009130767172366161,0.02749758187094109,0.020630121096181897,-0.010905135896624119,0.02145754991898685,0.009726447914774505,0.016205811925589675,0.016565537132441355,-0.10527876489933907,0.016712451698116526,0.03987267501782754,0.028112318700751482,0.0030465575752036678,0.006544462521088423,0.0,0.013464574609938218,-0.0009304504808747005,0.011679556437068195,0.0,0.006558078148303004,0.01867731471840628,0.025754880635719735,0.024449691955206854,0.002544936681028176,0.022204641189869534,0.043949389901078995,0.009097782661211307,0.004498556196701919,0.01697224332500169,0.017565725619866468,0.016235216237928007,0.029137636295033076,0.018856725967121513,0.0018658433293592402,0.013988620636122606,0.012535504996986413,0.014850306417202308,0.02121099597569942,0.034997503451943635
2018-10-17,-0.0019313061653740693,0.00027891979978722503,-0.005683358025940666,0.012122849001511948,0.00556006260621178,0.00453475539619097,-0.0031604316953792733,-0.00234731839433977,-0.007002761181046813,0.009368684418504136,-0.016826481799432025,0.0,0.015013392126161706,0.004976472882777028,0.0036226888855441786,-0.0068469969139259845,-0.009454968827544596,-0.0016964000536836554,-0.04133561298482924,-0.01573260419313327,0.00044965553635667455,-0.002100284661683438,0.011297051437354932,0.007187067035574257,-0.004897862928851304,0.0007195154820653915,0.008553825644596724,0.04441291103984324,-0.0010880621662135992,0.0011486269718876674,-0.006986702164475278,-0.01978127067756097,0.0,-0.002938310060431215,-0.008070287722270253,-0.016151241106496572,0.004587241299288891,-0.0015455270757519513,0.0033085000302965906,0.0034821113756124955,0.00860160772631069,0.00865433507771951,-0.007759526899155045,0.004743337710699791,-0.0024684729610734424,0.001333960490065289,-0.002743669817048322,-0.003986800390294976,-0.0051669568293677415,-0.016666774597618006,0.005389322879745473,-0.016487979395979235,-0.0123698026784127,0.0068337293458180515,-0.00334380870527462,0.0,0.0012960961104329094,-0.026077714153810994,0.02417837499854314,0.0,-0.004493114145144084,0.003395508611781617,-0.004329020771356551,-0.0034093570533074713,-0.0038075492299952662,-0.0020440688996559153,0.009227275109686017,0.008647615104013351,0.0053737928445782845,-0.011348530398266221,0.00040618910167466993,0.024867851311958455,0.0007865740199592963,-0.003934653923994946,0.0048416195358411684,-0.007739030687685555,-0.017641842738942648,-0.00424851335989096,0.007827985009667193,-0.0030489168179442805
2018-10-18,-0.0009677341885919732,-0.0005576148073355158,-0.002449874262262841,-0.003064059297086197,-0.03120079851588964,-0.020315661244706185,0.008031244673040838,0.0017644752116410256,0.029619186689343158,-0.0009769590160311203,0.004889709337875914,0.009570848526798681,-0.007761535058353308,-0.0028774375794511364,-0.0014036745075086676,0.007257113110813007,-0.01419594732883711,-0.013110031727620042,0.014096281302143465,-0.006850194419716904,-0.001167917519661943,0.006066791997616727,-0.014894555040754098,-0.014780888691511507,-0.027891657412343007,-0.0005752447196215593,-0.004960783654567091,-0.0010123216672618396,-0.00024179084427611297,-0.0015572990652212848,-0.009305237428268498,0.059701467241561446,-0.014706427356282248,-0.005799072878206801,0.006780020234400164,-0.01594748075046426,-0.01784983946752805,-0.0004127002026694804,0.002565320992528042,0.002082107047313375,-0.00039659003265324344,0.009750596201830719,-0.0036707273624204673,-0.0015978414438803101,0.0051136344538991185,0.0037296679625777873,0.004390639880774705,-0.0019145002970466507,0.008390267254698047,-0.017627269225634068,-0.0024120714975200963,-0.0011695079109930173,-0.02801577083762108,0.0021206508465787532,0.0033550272746820653,0.0,-0.0029122924454171306,-0.024453538745403902,-0.002821186599962333,-0.00798411913428454,-0.00022602881050570733,0.0014885541318261364,0.008695685345193604,-0.0034211048265260224,-0.015286548738990602,0.0005119991334303631,-0.013714325345567824,0.0052896256815118115,-0.012917278340823568,-0.010803437754137502,-0.005481375442449643,-0.004411613622338106,-0.012573896552456665,-0.006583789509389093,0.012787407501711368,-0.015259409969481164,-0.030560595461066042,0.019910312850007328,-0.004038964644194842,-0.014734753538165557
2018-10-19,-0.10944297925817437,0.0220424730369293,0.000454641101340858,-0.02961734832307572,-0.06155727094919339,0.0,0.017612155305794852,0.014679926548028854,0.036986297790676304,0.014996112932130545,-0.021898042651200877,0.021330631574907333,0.030012670735116043,0.023959560983535244,0.01767039724743924,0.012968295154540899,0.010365535529384795,0.007011225176544622,-0.005887136497638945,-0.019112191892172614,0.016012691704080373,0.01833613891683772,-0.026669393982931888,-0.0041386623332707595,-0.03122396624802337,0.011072920009137066,0.018494752992499475,-0.007094708863021437,0.018278187684705793,0.00894841946822389,0.020389257535580407,0.005157660352876903,-0.059701654572263396,0.019124032786491663,0.008417223662910311,-0.02764547414341323,-0.008030335842644898,0.014039460870914011,0.00730992740080616,0.016850915290558044,0.00039674737870920573,0.007725345606850675,0.012494161874389231,0.02313234641549977,0.01674091915544773,0.02348879287544081,0.011016062138288207,0.01551870171225156,0.006339075973361474,0.02795032493417926,0.014776959654084765,-0.0062452699790828126,-0.009833850339728056,-0.0045346790211219234,0.019505915268310137,0.0,0.01330733120891936,0.018484828525324293,0.013615741063867537,-0.016096564805482605,0.017381385106212344,0.01729992941662628,0.0,0.03123921313952427,-0.010349326526944203,0.008190189825140415,0.0104286425451523,0.015605492780845553,-0.0034600288317181427,0.0006826420380421361,0.025106783045167225,0.009601101751870678,-0.0015916253255195967,0.006185361954422541,0.004574509171132668,0.000344380324886151,-0.013649752038591534,0.0018593472505221698,0.010190172494380922,-0.0474040373361182
2018-10-22,-0.020663526026493795,-0.0015015618588781754,0.009666930744310243,0.04146258073084641,-0.019113743837218533,-0.013824889343954982,-0.005768892376804002,0.0003860926170817791,-0.048877193395761465,-0.007226684844315212,-0.007462445214641011,-0.007293209745179885,-0.013639271091566485,-0.01127325132621182,-0.003946361200593329,-0.011024187628482007,0.014559687781523056,-0.006107315218608633,0.021549724816152027,0.021828678703844417,-0.005666796711942146,-0.0013292561507984857,-0.00043152770462662193,0.018181826856867866,0.031359199956554784,-0.006399989271377193,-0.0020527707229114345,-0.04491319536363847,-0.008915384849341956,-0.023514786566005474,-0.008756107380942124,-0.0054273320881988996,0.03174606506676825,-0.0075060497762609035,0.006511100951957172,0.012745138760097197,-0.01959922001951364,0.0036647755943020055,0.015239342653234678,-0.008626355043856893,-0.00614830689786916,0.0022993926466594594,0.007435346642066687,0.005403479651757692,-0.010331004810895883,0.015299668735462513,-0.004612196393644852,-0.019573986181808722,-0.008661650660987674,0.0033568692532111033,-0.011914101776337893,-0.0212096301577559,0.0013696300515986248,0.005315018408199812,-0.003644586131177574,0.0,-0.02081998011574937,-0.022274123363782428,0.005040695181449895,-0.02044987880632343,-0.002218529861197749,-0.005447046657239718,0.0008620064550595163,0.007323553339852795,-0.010457282585354721,-0.01853260904121723,-0.016628277628687127,-0.01214951165018685,-0.03833952836291865,-0.019781987219266717,-0.0031856224490639518,-0.01097312566939046,0.0023914968819891413,-0.022979816042029477,0.0014571180808089501,-0.04371767144763694,0.002306409791814179,0.025747891349071406,-0.0001029748057610469,0.019253540307418326
2018-10-23,-0.05607996150541816,0.003964677916678205,-0.005702347362568694,-0.03925878011740502,0.00531470542779644,0.01635479989641797,-0.00860033865667198,-0.0050136933404409945,0.011111167036458314,-0.016337533929239756,0.007518551997012235,-0.007179825241119708,-0.003771016640172542,-0.004773104473641543,-0.004159950325798301,-0.005034234501127832,0.003208862707062776,0.05776094808318888,-0.011272374046162215,0.008028484700184135,-0.0032053425585039097,-0.004113970891269525,-0.02180012120364061,-0.012755108017953876,-0.03800699230129234,-0.004437881620702244,0.0015822118370663052,-0.020662414659833872,-0.002638990561493304,0.0014996083866487542,0.007700907314527772,-0.002182610112976602,-0.05384615210716637,0.01824544029532693,0.003980667399924975,0.006292411963817024,-0.003911726527231263,-0.012678654711273052,0.016083027722246346,-0.0016030010032682673,-0.004190820211658619,-0.009560010483152914,-0.022770015629792972,-0.0026872818645743424,0.008807657349028997,0.009258557659380884,-0.011757493598081092,-0.0035024022357852402,0.004765807704681935,0.0036803724508445157,-0.005895143167207406,0.015650255774340538,-0.016073499251548884,0.02114818147284958,-0.000914008478417605,-0.006535947712418277,-0.0006542386003528522,-0.002109456108748353,-0.013459708923504676,-0.008350722791562015,-0.005336858362984476,-0.004942760373296773,0.0,0.004626486152826015,0.0013207675161988064,0.0025866724724139534,0.0,0.0003618853183080528,-0.020561621931886487,0.002087926324084499,-0.013383914814862341,0.002219257353070603,0.0003979683127193212,0.0008987224321039822,0.040560408762508215,-0.002520000948877943,0.0013149691307539069,0.0033920887323724003,0.006794335631100656,0.006393452532839072
2018-10-24,-0.03529410624680018,0.02886682583388489,-0.003894234832573895,-0.03309334501875949,-0.02907494188655313,-0.013792971904057816,0.015259198741230717,-0.004263590869313272,-0.05631872423531992,0.023022391901714956,-0.0024872668462662118,0.007736339103246115,0.019558260183242915,0.018850417679894704,0.028446361728366343,0.008673708634328703,0.01967663722205293,-0.0074364384360917635,-0.04706847787521862,-0.00014195583822840252,0.05145604812799398,0.029768520556128664,-0.02714037767472144,-0.008268848529437989,-0.016681222430534715,0.014234653126184549,0.02480270070801094,0.004001514848148924,0.027179599652162212,0.006739426685225425,0.007417323458354774,-0.01004274703328989,-0.016259880445762542,0.004270667126208716,0.010903620349565601,-0.019721150640436003,-0.04537500250246351,0.010067657300079746,-0.016883683485342083,0.016972581028351197,-0.014629393626864107,0.016988432716947166,0.007552942497071058,0.0018435682003905551,0.007437309843693507,0.019676254813632,0.02912767851607967,-0.008260203665495625,0.03517764487626396,-0.0016666851691155005,0.014824970575897822,0.0011852181491658342,-0.040667470040042675,-0.008136096073108279,0.03185040328047539,0.007368388928865155,0.02225867489630562,-0.01747465700584916,-0.0023351301594276563,0.05473689029091289,0.028839526167452778,0.011411196528955392,-0.03962102082254704,0.030592273039051987,-0.032981343335678925,0.020640186693542395,0.015743338487647085,-0.0003617544047000987,-0.0328527735702665,0.004166769458964437,-0.0032395468213627376,0.0036898362249484506,0.004769179905056209,0.0044902874031693685,0.0036705688001954506,-0.03536626882688598,-0.010833968577402375,-0.01126897432259899,-0.002453791957394813,-0.017326110691734287
2018-10-25,0.006097625898928927,-0.02673368776170526,0.008545503679772137,0.026785649775173725,0.03312158968619294,-0.009323919157682825,-0.0155448609301152,0.0015571664023468212,-0.020378437964734042,-0.013502670923491111,0.0,-0.010680764610745186,-0.012685657688465413,-0.008956461154206674,-0.018375179262742347,-0.005732748235021234,-0.009010519302434794,-0.03897899787295511,0.008203855202760346,0.017353906631816463,-0.022514929123612526,-0.013097247642836485,0.01474257777751764,-0.020323144798697346,0.0035715166262382247,-0.01531066544823978,-0.01849874974410748,0.01449257259825032,-0.022362585212758912,0.01826435988056052,-0.007808644076211513,0.010445677077443483,0.1570251506878395,-0.04927417353517993,0.021735777577126525,0.0019628574292394063,0.03290650176094667,-0.01749402587598692,0.0017889656655434294,-0.018493482051047394,0.012609634247702006,-0.026955399994627482,-0.005901426070979765,-0.011465748616028892,0.013641463806499443,-0.009927343317300275,-0.013667653940586666,-0.016303450578223577,-0.010308954827221828,0.028046732120753592,-0.012218042742765833,0.012628024953703187,0.029710004318434624,-0.01715175651340528,-0.009224825904938005,0.0,-0.022414510617936312,0.03069427901277133,0.019941349128842267,0.0,-0.01629705234390255,-0.018449909868821,0.053811695246390956,-0.006383586949554987,0.009549580049488027,0.007835755895378549,-0.009184817141139612,-0.0177244951582467,0.01574156590272624,0.02074692155202107,0.011984574036716156,0.0038237796309497085,-0.00870254737455567,0.01430493889263662,-0.01724140188242007,0.03254770215364866,0.010952629016001802,0.008434221811957743,0.016605117391929047,-0.012635737678477588
2018-10-26,0.03636355528257451,-0.010878454148246286,-0.01971004949314825,-0.0011595859699685684,-0.011857714156943588,0.011764627062662125,-0.021018163590370342,0.0003886349036947845,-0.026745888236030524,-0.006191794692275265,-0.03990034742037085,-0.02108644924403036,-0.06643684142336914,-0.02486970141331757,-0.02955674035628575,-0.02090090444457937,-0.007597255566258565,-0.014372659181038139,-0.01746071881777367,-0.002656543809313572,-0.019122345301673005,-0.020923020361565903,-0.034421101862390224,-0.007978647176841491,0.0151244779030002,-0.01857191680473591,-0.014135181852991119,-0.006785670795161014,-0.012814751143989,-0.005600210232904912,-0.021362748183553326,-0.02027816656900394,-0.028571335606632497,-0.0031116090047194067,-0.02303289540241682,-0.023506296445720998,-0.049557227258725245,-0.018736776939689892,-0.014999948415859055,-0.0151653999207364,0.01687060693236675,-0.009363870394877072,-0.00513402594420842,-0.009164432468657502,-0.0011083351058235325,0.03127129850763555,-0.019110839732081164,-0.006305340376464352,-0.018518604407047,-0.02111091013542421,-0.017477641306982372,-0.010132310897452035,0.027093862694299586,-0.012898170937745368,-0.026320448883061953,0.006922659302480483,-0.018670489811243307,-0.011689423994019621,-0.016948864452096646,-0.027944179027313165,-0.009057054191168201,-0.009195299435686755,0.0,-0.015740394028665672,-0.005405284686616607,-0.023075132237664775,-0.001738148749106938,-0.01951788725536341,-0.011745625271601834,-0.016260374965728186,-0.024287335112581965,-0.008204022877716044,0.011173002143659794,-0.015425290525230007,-0.016303345373222866,-0.003985565901817645,-0.006565931239800427,-0.017179103359690195,-0.002419842905427405,-0.015773682378218856
2018-10-29,-0.0058479513384889215,0.017871804300353178,-0.0016246274863987997,0.011897774178100118,0.020444203911050396,0.002325665678456268,0.009292776813933479,0.003690751572912543,0.04122136993345982,0.0021315823369278952,0.05454536275337474,0.014647592029058742,-0.028533100323832716,0.0131238691812543,0.010964775976167296,0.0018402547762912391,0.014165529190931059,-0.0018536724290890705,0.005176077535512524,0.04135716794507194,0.00691196169196151,0.019172038251835888,0.009722299216672559,0.04772133837061454,-0.00438197296014764,0.013789178303039495,0.018479939471202078,0.00215748338096744,0.019167991739488466,0.022771980563046412,0.014245739968828719,0.01207401291097443,0.0073520791813903585,0.03394465790263146,0.016044747181864327,0.01905700714153946,0.02420838488846888,0.0027427470223690964,0.023567737871627914,0.017965797736294142,0.1554416234526792,0.005120101508039321,0.014675130123631419,0.014740854501868572,0.02377549821960434,0.036825776695595946,0.017011017556663788,-0.011964906573246559,0.014543901007734839,0.012276137745048876,0.014778267525356936,0.013385872530159881,0.013703176539007433,-0.002306145076681698,0.01563071644278957,0.0,0.019359576681923674,0.005209704273688054,0.00928618717851104,-0.008213544721353827,0.02296018437356251,0.006278113437624633,-0.008510670763380968,0.010117331647861993,0.02038026048885455,0.015147990041072923,-0.007544925482593556,0.0030048233321198214,0.02657647133983443,0.009641985481261495,-0.00041155285090765936,0.003545018107643294,-0.003945937125256926,0.018054315854252767,0.017474318909809883,0.014914575091790283,0.032385771166372423,0.062327454721244235,0.008692121178638823,0.023586053080748126
2018-10-30,0.0,0.003376878516953008,-0.00543397678654578,0.012905316637915831,0.005661815434512274,-0.011600708206805255,0.003280903325293183,0.0019353794767178467,-0.04105574820537583,-0.004090483961905145,-0.017241245408985528,0.022928003750872783,0.03991011648878473,0.02701585205292445,0.0012048504961343909,0.0029391211805371853,0.036077141842941085,0.012009212612201337,0.029866300605294382,-0.005923786784476026,0.006424114214572452,0.004433475123292174,0.04355789361408524,0.0035823809342878654,0.021126717109058113,0.0060771560205969966,0.0015643005439511803,-0.012199673287033863,-0.012736359304750589,0.012768409544575254,0.03081107702358654,-0.014235843578304541,-0.029196578446357258,0.019245260641849615,0.009184575626178804,0.022145711526572853,0.027727386492148565,0.005576282753624984,0.06588724134186408,0.004965627340758116,0.046495810591488995,-0.00979631895819344,0.01938977350345028,0.030762554568387612,0.019817282351794363,0.023150851663107375,0.004456363792503915,0.010458610390000178,0.010345429061782152,0.017699070768841807,-0.004584506107625064,0.011654839419669605,0.0527204813340274,0.0007703882333769396,-0.015571245098350062,0.009988381230243704,0.006875994931518692,0.018770219326136983,0.01156100810212135,0.016563131463710468,-0.0015248186012879472,0.0025770279979475674,-0.014592281704760457,0.026171304619048152,0.01331556018596558,0.020232634249041315,0.0017540756946987646,0.002059602930245319,0.012059570247693108,0.0013643527115687615,-0.006174045213310775,0.015307655914440499,0.024959967946197148,-0.0038107351119184285,0.030099252415120237,0.012186496342502462,0.02336772906013107,0.03507291697186443,0.026252683902345142,0.05642497948339242
2018-10-31,0.02117655419013187,-0.012518766652176327,-0.027626800530979656,-0.005096462303626592,0.003897795177966845,-0.004695076260940678,-0.01814368571178604,-0.006760743564171223,0.018348606461624728,-0.02250701194205973,0.01002484424982808,-0.014278588093324829,-0.010632997100381014,-0.0285953529316888,-0.006619896935965097,-0.01062284183053186,-0.009694609733623127,-0.028015682017104138,-0.03466672263829729,-0.04631614532691797,-0.017138487142564385,-0.014314755094680165,-0.04767124491253527,-0.012748759350101113,0.05603441566848266,-0.0020133796901229406,-0.01202576626371099,0.01707243519785706,0.012177519762821776,-0.022535760395813398,-0.03736233046972004,-0.0041694198174769825,-0.015038266860515459,-0.008237902806184527,-0.030336719950955326,-0.023591509848882364,-0.021229751190987023,-0.024273059764080007,-0.010967046320190743,-0.012181013353786074,-0.031198930841380146,-0.01226798711941579,-0.02588100194284959,-0.005181206336052013,-0.01260044416962669,-0.018273351720114794,-0.006050120408802706,-0.014163612987640017,-0.0200925962513665,-0.0038648075625865586,-0.020590463740222886,-0.004223842381241627,-0.01252007519712317,0.0007696916137485132,-0.017288800720941078,0.0,-0.01138181638666369,0.019799238251179796,0.004157019517003313,0.006110022554106864,-0.017241717346570762,-0.01812795166693859,0.02961673921126806,-0.00598242533100779,-0.015768579795419124,-0.028507521506413447,0.0023352040766213555,-0.008594944279348704,0.014458421171091196,-0.023842046768448144,-0.016152722321224666,-0.016236609925704304,-0.04754487725318424,0.0016184461288479834,-0.018735039221540628,-0.0028329180945442234,-0.010322437881265856,-0.03472126157227273,-0.02089452679397119,-0.016498572775880294
2018-11-01,0.0057601765459665,-0.005316302859415867,0.0031427906605636657,-0.012521313038823534,0.009922785093399833,0.004717223987301011,-0.001503972632918682,0.015558107967004187,-0.02102100145542729,0.013949768351829706,0.007444249318473206,0.09263950983981495,0.0089002552295403,0.035567727664311155,-0.011228395893727261,0.006664196818710444,0.0031279230504541733,-0.016487872012911464,0.02158134751118035,0.044163650932199205,-0.0027579868343554637,-0.011739111104265731,0.011072551790022978,0.026342785456214157,-0.022857271668743184,-0.017293635724635936,-0.009010408672991299,-0.0014286466033781586,-0.011197300543847155,0.0019345271913278062,0.011872055635260947,-0.0009191484514349257,0.03053495310283383,0.0017732088994084627,0.0075742715135969085,0.006903186323925947,0.01626761442725444,0.025948724062363482,-0.014448902835092037,-0.0027920061566796273,0.010621825046940092,0.03846191717414427,-0.019366063229910857,0.008333179180809447,-0.021063786262414896,-0.009277873068916143,-0.011767977215838554,0.013077606183578672,0.0003941287962980766,0.017458811030464982,-0.00248976205000917,-0.001543089173262402,0.005526811086754346,0.0015388202812538498,-0.0007485702665943617,0.0,0.00921047325148816,-0.014695945046758085,-0.05536856998848394,0.006072820369170451,-0.002887060803381525,-0.0011020784625863644,0.016920538756615144,-0.01583795762194784,0.002670097517966763,0.0015308332434957883,0.0,0.011119349695291936,0.009867004250962985,-0.00628039678509329,-0.008419194046380585,-0.011052182940986643,0.020697618213162183,0.000587624181002111,-0.01821710518252706,-0.00852247035316811,0.013274430127842907,-0.02101826888969449,0.002991735436966847,0.022747103409554992
2018-11-02,0.02348295716400295,-0.003837119285129753,-0.0022150090470677286,0.008933842560206573,0.00042681674098710154,0.0047169248562124455,-0.008607649774413195,0.0005743161440023847,-0.010736222678857987,-0.00033167767687136696,-0.036945784245752344,0.01834423184631362,0.0034952042660865157,0.0030569866211100916,-0.009668405955598036,-0.008458893257417444,0.007564666315456936,0.017404489926573508,-0.028054575546524796,-0.007343869023081373,-0.006334245012315609,0.011388857322756296,0.03467960051581587,0.0030199689282175424,0.03675885112596977,-0.004546097362834511,-0.007975498371604384,-0.028612290967039877,0.0030114924634119244,-0.01222951691840457,-0.04851067464753889,-0.00827994656297526,0.05185167366412302,-0.013974207161178476,-0.004925144203433263,0.03672860327442362,0.01790509879388491,-0.004418407439946148,0.028639826230027587,-0.009099453823248504,0.0016686019855871592,-0.015046408765904906,0.005712460973353206,-0.011983512442208855,0.0,-0.015018454722623309,-0.013609393515027435,-0.06945436076715017,0.0023648008605419157,-0.016841303035347255,-0.008319921458069146,-0.016608725748806896,0.004526205795812865,0.003840416500677124,-0.00767946599102165,0.0,0.004889196646207461,0.011083684057885623,0.007937439248902445,0.0,-0.0035633388715030634,-0.009792869783171398,0.0,0.008046576234111313,0.01597882494523528,-0.008407487026433902,-0.0011645886652733584,0.0035415996715351117,0.002171251439950339,-0.06671373140262837,-0.008915028109687029,0.0084937164768919,0.015904703192143987,-0.00992740769333278,0.01034823745699831,0.0025069321914439335,-0.005614398004526455,0.01150968224229132,0.007556205887503609,0.014456402690209202
2018-11-05,-0.006715638332562501,0.011143256009314317,0.0008363392488839327,-0.0031419513870405424,0.0017079556134285134,-0.004695066063910791,0.012480872245434815,-0.004210450364558471,0.04651165885368336,0.024871697871388543,0.005115144324641108,0.008022755156808392,-0.0009952704042347493,0.017898976358367458,0.01163249393310517,0.01965859050708496,0.0073932724663157146,0.014716655171869153,0.009911015223623254,0.03219598120634126,0.017776806188915417,0.01198691775898486,0.023373598858924094,-0.014049347338823237,-0.00402921437166337,0.01296420252976338,0.011738005675391072,0.02908688176563823,0.013331858199113977,0.017105414005909925,0.018970851652825305,0.010925821572744132,0.14788756515873058,0.010676567656765723,-0.002145041675223558,-0.01417125643476358,0.0,0.009722227616544066,0.014583950158291836,0.011302136390253237,0.010992545016513589,0.015276261643000444,-0.0006492564431589409,0.023630342639291868,0.01507750655039386,0.022482595114946546,0.015224431081013678,0.04884723113814515,0.019661968713119204,0.01906906484887383,0.022931099102426522,0.01924616848644356,-0.006436863186455977,-0.0007649801142229906,0.004341162869480053,0.0,0.0035677957134225835,0.03383410464924563,-0.03658413489020529,0.0,0.011399011290926797,0.021172837221214547,0.03161390568177236,0.009259517843318354,0.005242346467281944,0.01695767439094098,0.0011659465133670999,0.012258728760129456,0.0030948366189951226,0.0097818603593407,0.020775230686473245,0.005171112997828908,-0.006262341157658335,0.011972467451788704,0.01024194190698502,-0.0003574716842754677,0.01976147483703583,-0.02407024900104926,0.015492156341499363,0.003836644341021822
2018-11-06,0.015774282198729006,0.012925481240245063,0.0035039408816515127,-0.005730790222394755,0.0,0.0188678485897662,0.023260862072882027,-0.0005764134545321875,-0.005925920274522545,0.004691639549910809,0.02035634120663543,0.019372645140125933,0.00464881860763211,0.0072629133033064175,0.008213631674412802,0.011276921792757966,0.02309854561442415,0.018098590820929683,0.008436766325981226,0.01300774602462873,0.013056080381697699,0.008973813708075928,0.05666901741132113,0.010178123391555882,0.009708805438931378,0.0026175632220017953,0.008741404733929814,0.0,0.012445209530027368,0.0021622796209108675,0.019781306420565192,0.00489393508316871,0.018405101548947256,0.006731112000043504,0.04265880809793665,0.028270368707848492,0.0039578300628499985,0.013396326755726884,0.007187084769968655,0.009546214489746907,0.007413519978712868,-0.00038579606160682456,-0.0003246212588580155,0.011236214208296236,0.003713545635322779,0.03257314132854061,0.00439357754336811,0.004657157118693966,0.006556192352786594,0.028861374503879933,0.017222240286296486,0.0030828923279164755,0.005506820701730142,0.003062263027212353,-0.003946381570941959,0.0,0.0019394147181748256,-0.01819609112127829,0.028606193505666067,-0.04225343464284459,0.009282053539339419,0.017460041434236073,-0.055645129162115614,0.023093709665337636,0.033898636875427046,0.009853458582626429,0.001747259887445729,0.011375915184476781,0.005708233074452895,-0.005216053176511415,0.016995367682006712,0.017051624987515224,-0.04096088407829668,0.019816412772587055,0.0,0.003931696680725905,0.009843198558046273,0.019282734301401705,0.004081438959279371,-0.01228503004546977
2018-11-07,-0.04381565215145544,0.00913318063894586,0.013871347934565792,0.007204565420807496,-0.0008523585128938915,-0.011573904909970456,0.012989590281494268,0.0053841836398043075,0.06259315557469547,0.010305809035989322,-0.019950227567128942,-0.02607537687051309,0.01355164699994571,0.003605211164449784,0.010794395923888311,0.018705068762936428,0.0006672516841295106,-0.005357395111926344,0.005634267360800749,0.04035620897081138,0.011319741484530077,0.004387183953235008,-0.00040793921064508076,0.0015115056037913188,-0.006410328965402279,0.011024202499663627,0.014337308511752855,0.012522535461142681,0.009348073436059368,0.01414421287952683,0.000684622408740454,0.019277443519299053,-0.060241526975091664,0.003342715653856354,0.01982238740938258,0.007456144780912943,0.01927291453641855,0.011979416973872281,0.01589351946276274,0.010838990703614604,0.0003270835777646752,0.011578409146726365,0.02452877764816952,0.010168088559721289,0.007707633014986115,0.005210452254572173,0.012130884386615248,0.00908573256598677,0.0022989387174192633,0.028051762092630828,0.0064499493878416025,0.0046098026700813755,0.019651857468179434,0.008396849266007589,-0.00018889224738460886,0.0,0.011612775869623615,0.010266647338867285,-0.005969655801767115,0.0,0.029340742629941463,0.012468137924640521,0.039282667519082715,0.008039443962394532,0.03152546694053204,0.014010372535408822,0.0,0.009252534394973644,0.006289349336596084,0.009737689575316066,0.012997773666526768,0.010405940966379479,0.1445584574715726,0.005800542936090114,0.007690859975406195,0.004271896487954674,0.003960100877210548,0.021997253495809277,0.009581008349778486,-0.09093425993539705
2018-11-08,0.05220396993029519,-0.003894564188094529,0.008373140114245947,-0.004863948070663926,0.008105783927226051,0.014051571385109929,-0.008893456482025441,0.00286970405202136,0.021037881200538067,-0.001912577754009881,0.02035634120663543,-0.025412508571758474,-0.007011309114813402,-0.00586101490185531,-0.002619498738389514,-0.009180722970308142,0.013559598836151654,0.010282569893113491,0.03485229895688402,-0.01448340491031519,0.002066769836806426,-0.004368020643161885,-0.012851874987406031,0.005029798326809054,0.004032293292079103,-0.00416052039095427,0.0024853709932466383,-0.02685503233674269,-0.0019927258555040295,0.009691818402988828,0.013454837740457082,0.006171944889640013,-0.03660866881883784,-0.009070014348192768,-0.025501422634657267,-0.0013880316806933468,0.0055863429329230385,-0.002959426372151186,0.0009579993193407077,0.0,0.003269350078177302,0.0049603349988029954,-0.012842946558026536,0.008866011775250815,0.0,0.002366147925461748,0.002420377946360075,-0.015619383770680506,-0.0076451490733797645,-0.010494871256079397,0.006675721898652398,0.007648286193038034,-0.0028533973847649774,0.0015140519605520986,-0.00037730047067219274,0.0,0.003188703655092162,-0.014385617871089273,-0.004975865689031744,0.004201676463198689,-0.009146607469225243,0.00463443037427802,-0.013968781859343582,0.0049079515344887525,-0.024449588847504033,0.002713884943962075,0.005814040984223334,-0.004853586747518457,0.008688763650789744,-0.005192632519128049,0.014460683798602103,-0.013016815522062464,-0.005023513650650346,0.007785711720162958,0.010754537871532577,0.006421532331895463,0.01516972445920306,0.029902404327692977,0.005367791057162341,0.028275868844352514
2018-11-09,-0.05347272841751449,0.015505053450976858,-0.0019743128194392723,0.002875089801013475,-0.005078330221428673,0.0,0.008869090211796937,0.0028607854753255335,0.0,0.008783309552521823,-0.0049875838202539935,0.01738349371966974,0.04761910467656816,0.006529673138472747,0.01292956976449866,0.0024946909593752675,0.054882486161792254,0.0013330970855860436,-0.049285267143992395,0.016613339420006756,0.015122515590606955,0.014821867952752754,0.01777218035728656,-0.011511306512258068,0.0016063373120678293,-0.12116419362689235,0.00929663066392239,0.002904760732991951,0.005050701925356282,0.00405809550501135,0.019577287025505985,-0.004649875267961567,-0.08666668817707046,0.014103239851505744,0.014999329641725012,-0.008800449594386195,-0.010256388058958565,0.003070359766760289,0.0012757289565972219,0.01779604315984118,-0.007658330322859452,0.00721336081733126,0.009797839339569459,-0.006211103380339256,-0.029830246020516094,0.0016302161498575884,0.014945978327993714,0.010827014015107661,0.007704047666256653,-0.02636340489181077,0.014058214100410416,-0.01290326990061863,-0.02162181014989628,0.004535187518623696,0.015480251153233482,-0.023889039246992705,0.00731106632435452,0.0009373029886119433,-0.009837677595419203,0.0251045774669314,0.004937709957920866,0.0032950561108209264,0.0,0.0070208451788942305,-0.016290947614531426,0.0049213604486140206,0.012716787030017773,0.012102907623003478,-0.011183285416089261,-0.011931618830974045,-0.008231441100964632,-0.00724641701324702,-0.02343995154982348,0.0022888203978705945,0.003260337459911833,-0.019142103206493566,0.0,-0.0037869117481932335,0.006483693428336101,-0.01892347184873644
2018-11-12,0.013978093452219564,0.011683263786051334,0.0,-0.006593833054383658,-0.008081649778454159,-0.006928571111876947,-0.000207263342624886,-0.003423310798937318,0.0,0.0020579413605719132,0.0025060757451922377,0.007017711254274639,-0.03840141492554294,0.014486035349720261,0.011168398079589359,-0.001066589104729898,-0.014189611570854854,-0.0022992861850894553,0.003974428003069352,-0.03054656070700501,0.007703051099060332,0.003973123811173984,0.02192906123303029,-0.0020255192325892013,-0.03769026032373324,-0.12196726402568203,0.005219535833208999,-0.0025347208626788076,0.004091094970358311,-0.0015545038601592065,0.008165748744004553,-0.0031807364216993594,0.0,0.0008283892896838729,0.0,-0.0032708355586003046,-0.0051808984845221895,0.005612548105494497,-0.000636837757751807,0.013001997551681521,-0.01527056918168923,-0.0007540868497992737,-0.00111343064962377,-0.007778710642848852,-0.035004655800098816,0.009259017743626696,0.010930941313002762,-0.003139162872971113,-0.0022936657204896127,0.001556195434363472,0.008632023323364102,0.01883867452544341,-0.02079924859127469,0.0007526208091048758,-0.00018593570983305163,-0.015657926860608518,-0.004733537700311152,-0.03076922134780169,-0.003739671024867608,-0.0020408629973885928,0.0017085869985522528,0.0,0.0,0.011215380444483669,-0.007643407194366181,0.0058765624544117046,-0.014840158099340806,0.008745338866943841,-0.00901733917899672,0.002264414860755126,-0.0026319221782488134,-0.005839274055833066,0.0018461496928847687,0.001569807571470072,0.004447895466988427,0.0,0.00029895942913205076,0.005068503603469665,-0.01600952873646011,0.016576252424804983
2018-11-13,-0.016657121595543112,0.0030185279081258454,-0.00819448836055392,0.011255171814851472,0.006432434533065523,-0.013953467935866826,-0.002792682446324024,-0.0015267539658568863,0.002747250048093175,0.0007897309470832337,-0.0074999730042005774,-0.007120545350181251,0.008312999839502844,-0.007511767080397025,0.0,0.004270573945141631,0.0011073503942518048,0.013462675574817506,0.019965351990473224,-0.009855085676919173,0.007559730566372158,0.00500481549401699,0.0284123734133106,0.00811774449693936,-0.03750014492916531,0.036967933097042494,0.004428987768937187,-0.00036254562568127646,-0.0001164618878471968,0.004125683478951148,-0.004378122546432883,0.0111677692446428,0.0,0.004325186741841902,-0.0007862760437027383,-0.0079699647053878,0.00043378850903352806,0.007914693778607207,0.00031851471349519933,-0.0015492609092765397,-0.01117247331081117,-0.002640469044049354,0.002706887045004658,-0.006835247045678394,-0.019608036801455286,0.004170149704634696,0.0009524954960173915,0.0037047465900019727,-0.005363786085165634,0.025792461358419283,0.0155603334128529,0.012830680630846025,-0.002987304802548718,0.015038263342194602,-0.005206256007665777,0.015773296934698644,0.011097062237640287,-0.004416835056989421,-0.006939148217266378,-0.03885481848837158,0.008104682323384571,0.0014450873869453762,0.0,0.011690637519260028,0.0025676716705043123,0.002677981376620897,0.0023174483489794007,0.02512376797931304,0.004318595393314695,-0.025602656827639514,0.004465459009915351,-0.02011755750279498,-0.018798085001989207,0.005985810216426746,-0.0010219906226599518,0.0,0.012249510470689895,-0.006093912468984275,-0.008953752164724604,-0.007708225160351079
2018-11-14,-0.03621511244357811,-0.003925227108911189,-0.006742478979438804,-0.021689328412798692,-0.026842903004933305,-0.004716998082641477,0.009232394308144709,-0.00019097160726844198,-0.02054795773263285,-0.0034726953820232165,0.0,0.0024190554783773965,0.009861049683167034,0.0020014911965009485,-0.003352954380878015,-0.017250225771786365,-0.0012111119119846414,-0.006223124359903576,-0.0187309897091803,-0.03365636105442216,-0.005502175249598507,0.0008105593736829064,0.002898063727958755,-0.0030195837280992954,0.012121373181217088,-0.03006858871992646,-0.005169764447817249,-0.023602220544209462,-0.004773173336587888,-0.0010853770194637624,-0.003957914051441747,0.0045358820670662325,-0.0364963191087756,-0.010903423286012903,-0.007866524633183936,-0.010396871269204522,-0.027331876573614133,-0.004631147634303612,-0.030409611371650547,-0.010195126053909043,-0.007757015484921914,-0.012103027598209026,-0.0006351951971743652,-0.0035085725100025833,-0.01500000962163106,-0.0024359549168473382,-0.010298500697246138,-0.03857501647889072,-0.014252755492084934,-0.04119982862393634,-0.00689489733149018,-0.007824276968317778,-0.00832189883054335,-0.007408230569976637,0.007663585933298966,0.0,0.009093876808865087,-0.005684205733136216,0.007132122299797761,0.0063830236225137504,0.002749923546869315,-0.003804351739607581,0.0,0.0032592527700363583,-0.01664528582046043,-0.004612792143604771,0.012716787030017773,-0.01777729603251421,-0.019041823246570222,0.006269753591799043,-0.015572508087868697,0.0010490719916691482,-0.0217882578252383,0.010199718656515033,0.004773610122872807,-0.017708433018086778,-0.013577290836318978,-0.005919302377578428,-0.013697059525948019,-0.016133887405172298
2018-11-15,-0.01818187747990818,0.008669219190359456,0.009816095743998998,0.004667255783874058,0.02145373010113305,0.011848456222286252,0.016651372692830346,0.0015292793529169124,0.006992966885427165,0.005385878751793305,-0.0100754576773876,0.005039585210997233,-0.0011206406531050206,0.003308881843017142,0.002374830796813221,0.003277463721372831,0.02030022765776085,0.016739531235589578,-0.001719799731379923,-0.1482585307402361,0.0001676667375321017,0.007579901744421358,-0.015025980097135405,0.011610630990279036,-0.030795397947912306,-0.12400185457240409,0.011768072358885773,0.00037205869904322064,0.005614954623650359,-0.011486222943375646,-0.0015453358529921024,-0.00274838335320271,0.03787875420986153,0.004261341133461105,0.02442122840807337,0.010506101857760797,0.020963280883907087,-0.0018207399455875128,-0.008583732051077542,0.010300137251561203,0.0027189631126558478,0.008039683245541829,0.014937214352682249,0.00643202785446273,-0.030794965654597828,0.014764587506274074,0.013346529861732348,0.0036477800640630775,-0.010941652954117864,0.011780041202302804,0.01157112009657757,-0.010890086307013602,0.0026854341611985966,-0.005970335685286821,0.009459974148869899,0.0,-0.052206286141610714,-0.0016731320256027082,-0.002718589144170558,0.010570864806181746,-0.00464153765744979,0.008559412093777752,0.0,0.03425880312052265,0.022135189331045302,-0.013414857711099737,-0.002283221209226527,0.0014062445136262536,0.02536008741229323,-0.030373880448733126,0.00020630606560656517,0.0026947866676467758,0.008448554707289446,-0.012620808642567094,0.0023749259153991176,0.016556099998261464,-0.009275943142988075,0.00765625598093056,-0.01960045379137454,0.0012146223771396514
2018-11-16,-0.0537036719420555,0.002995143611463691,-0.003534739458661007,0.008130238112279642,-0.003429306498809348,-0.009367928353085975,0.0012129901782425012,-0.001717963860096372,-0.02777775202268362,0.006590994726441091,-0.017811784817487575,-0.006230017827692502,0.013461751540617906,0.008151454788466905,0.007304875634035035,0.006533684652919591,0.0024292015864395555,0.003197459840869721,-0.011197211142114583,0.027207707394445002,-0.002347230019866031,0.006268937674775765,-0.04302747357724557,-0.0019962074121603335,-0.012356829463660901,0.15384573466067364,0.012689040781015404,0.0,0.004070886916420546,0.012875920294184828,-0.02321435587761944,0.008071432692841052,-0.043795475878086965,0.00682596663155377,-0.004179294064259542,0.0018905024929396497,-0.0004368525685083391,0.010943507103592154,0.006992852290443663,0.002881296408967504,-0.0011864232854836843,-0.0011392471289926043,0.013778010861254408,0.009149486876059099,-0.008729066466898527,-0.000984622780842881,0.0067531960153754955,0.015301797506081405,0.0150135985699833,-0.01919459351006847,-0.004575410475344377,-0.002657366894270541,-0.00937399877652112,-0.01276260813498964,-0.002205038075754562,0.0,0.010819625070559669,0.007821221549704216,0.030306095766480246,0.023012479466325564,0.006655082518018274,0.029899650838288272,0.017500003178914314,0.0014279508862569124,-0.0025476474357727374,0.01532777036745303,0.0022884462382137816,-0.001053179556732009,-0.00274825063136519,0.01847372757010146,0.012611115670515982,-0.0013439507526437078,0.015993643373535926,0.010367617606479973,0.019126850626400405,-0.0021714990296615166,0.011778890950921328,0.003376988667962433,-0.018585472442620765,0.0063694909089722085
2018-11-19,0.05414219898573602,0.005323589193267919,-0.004750881997081069,-0.01180883075994188,-0.009032082669139685,0.016548597389431707,0.003130399556455332,0.0019120662150373668,0.010000024523053819,0.001577315590974404,-0.025906790251657874,-0.008868558269443882,-0.0074321606293448195,0.0022836327841706527,0.012544370234929936,0.008655002055530048,0.024230446852194998,-0.004368314621514657,-0.005226511828498204,0.03640024907970152,0.0015126838857857372,0.011074680972977147,0.021254758660263162,-0.005500187061927564,-0.018766861886879815,-0.009917440103020536,0.005071385647843041,-0.007435070848758718,0.0050972144263452535,0.002015525361773074,0.0011313214924417725,-0.007323194527697474,0.0,-0.0073292310174549735,0.009793011350990533,0.020754661007332587,-0.003933280756783564,0.003608253265374728,0.010582125649094554,0.0028728049982644777,-0.02002345077152523,0.010646568795452671,-0.008803323107533512,-0.005666803480641636,-0.019373138641638143,-0.0014783898275674279,0.008980577508406418,0.012999627138747805,0.009342040452067213,-0.011228773370941303,0.008937640307254524,-0.002284132324755439,-0.003717449008451279,0.025855400641248583,0.004788471751322909,0.0,0.019785739398759494,-0.023697326608766334,-0.013679857051787647,0.0020450366369892947,0.003199239938671994,0.018889547497121795,0.0,0.0017106621131444122,-0.005108775116418718,0.009009162729052722,-0.009703423378996656,0.005269717336523039,-0.00382718944041216,0.031545911235543844,0.012862815880942957,-0.0014949106599077,-0.007871127016375712,0.0029518756465121143,0.0068094046654534335,0.0018134480855791502,0.006268700853232501,-0.02124543645533561,-0.009315239451847757,-0.020494285562025927
2018-11-20,0.0012376097162998256,0.005036753208119027,-0.010979403864936232,-0.02185937789028347,-0.009548851370052569,0.0,-0.011475414056639766,0.0005726464176656343,-0.0183875687813978,0.015438127718975458,-0.05319148936170215,-0.006170901678494545,-0.007328038527966485,-0.012192684176711266,0.0015485283308591669,-0.004290409885977953,-0.016862215609906972,-0.012213771781443339,-0.007355378622512121,-0.06366755974450689,-0.005955825528880854,0.010041418451991913,-0.002601610037172075,-0.033685049661245414,0.004553677328767325,-0.02096075632037564,0.0038588450617875747,-0.02621723608256199,-0.004956158517128939,0.0006189635519464609,-0.0011300430504515013,-0.02105104546139458,0.01526727214490009,-0.010666408532790994,-0.0026171678372706175,-0.016635601715941695,-0.007021086481216909,-0.0023969792113723853,-0.03174083499894109,-0.002644240027287137,-0.011082538424336597,-0.01805909542681483,-0.004518413554306933,-0.016627093695981365,-0.0008976975481982397,0.0004936227760425904,-0.01780108737226982,-0.010787195763851676,-0.006941751301519639,-0.029201815600436776,-0.007593095266161809,-0.015642803861996457,-0.04274077764388051,0.005189141810278075,-0.017962107455647858,0.0,0.0,-0.051100021686107056,-0.011095879817389132,0.0,-0.008078234041021926,-0.010576204299917347,-0.01719902026952347,-0.011670835899433185,-0.016688159297234106,-0.0028959206626649747,-0.0028816394387504163,-0.01240595117809462,-0.0076840538020249705,0.01758393794382984,0.019754089805637642,-0.0065877053083228665,0.007933573178557918,-0.017098567948269916,-0.01913573498945842,-0.02244752778032988,-0.01423907732196028,-0.015473864607643995,-0.02707169831585421,0.014153692092192971
2018-11-21,-0.009888843080497756,-0.02788485730176804,-0.0007077466021991885,0.027115355784164574,-0.001752638662557815,-0.018604647537008634,-0.004888249644238507,-0.00019087388528138405,0.005763683216603255,-0.004033491059696637,0.019662891015955752,0.01723062397788011,-0.006259349078345688,-0.004364008825550103,-0.01836105035541169,-0.0014362145757219613,0.014694190681759922,-0.013205630058270357,0.013408443524962399,0.03734993728289071,-0.01476820666909373,-0.0233846484103013,0.0012037693244371095,-0.006243643300028245,-0.051677199969379806,0.015346700780596745,-0.01803671484474978,0.015384607001444284,-0.011351740144192712,-0.0018555817651071393,-0.0196927199553123,0.004923863721923549,0.0,-0.003005494784787288,-0.004938994707955335,0.01456716737631103,-0.0017670392793630585,-0.01511645941930484,-0.0020276349931541704,-0.02629286600890679,-0.014533219481563164,-0.01685802250255386,-0.00986068528941908,-0.015204289543075067,-0.022290337640748725,-0.004713494110182848,-0.014488160893552648,0.013912849825962414,-0.00737871928717071,-0.03475950658788807,-0.009946784350607807,-0.0015506690742375095,0.003543505234218758,0.001333478201119176,-0.0014929495485036526,0.013291251014918348,-0.025445223206986167,0.034554906600552826,0.0004934810139562984,0.0,-0.0220747154240708,-0.012198164317522742,0.0,0.0005760162638550614,0.0013056583314565717,-0.00363004686200763,0.0005780433308064659,0.0035383532198682843,0.002942702191607305,-0.005258943708430608,-0.00790658607978001,-0.02562184051794114,0.003748323353851779,-0.0062743022156739325,-0.005045386597885559,0.007037115572344321,0.0018058299797041322,0.00021818564693321107,0.00010631268981975417,0.027002371208908027
2018-11-23,-0.04369516373115423,0.0027758720467812026,0.00801796330880511,0.008413233915485874,0.001755715797945756,-0.0023696045912343644,-0.0004630629266436648,-0.00038151761789162464,0.005730653544946174,-0.0031152747554921145,0.011019403064105093,0.006256764990616004,-0.0022611158270373632,0.019535197461118425,-0.0021658617384587853,-0.005753543446387788,0.008022338062017464,0.013382352454088364,0.0008708804922166191,0.00015419796578375333,-0.0006850609910175054,0.0034703338284496343,-0.007414790346261579,0.010471372033131976,-0.06787765731095008,-0.006344369649356141,0.006022553226997518,0.0,0.00023445210656025672,-0.005189441299186637,0.00138548510519243,-0.002899554658070569,-0.007519009245428254,0.0004710322005918588,-0.006049274952582895,0.007411021010201635,0.004426651105216672,0.002846060058946165,0.0054180878933753895,-0.0020417479781633663,-0.0003554770793735562,0.008963462944059142,0.007429753384755378,0.00512356535956382,-0.01231809483696178,0.010021932490742458,0.006527348875712269,0.0009272047726549548,0.004303971397418449,0.0006925544043447918,0.003864268199411658,0.0027175914010868496,-0.0028249869728871335,-0.011094877578309181,-0.005046651083452147,-0.006363608620383543,0.006527439804502988,-0.017640299750483757,0.006515979810865602,0.0,0.001972393379075843,0.004328371582934976,0.0,0.014680419834900427,0.0013040237816961397,0.0004856958754808627,0.008665474694517616,-0.004760131258430111,-0.0038605522388621694,-0.006042142399835471,0.008367930254288503,0.006960641419646585,-0.008215099901298206,-0.00416111529041252,-0.008789456054234757,0.0014709457559312078,0.006307901545453465,0.05565278738128865,0.009875901964563782,-0.0038402183842061177
2018-11-26,0.08420344226069121,0.0013184349727253242,-0.016930380912666743,-0.004027580151746091,0.010517062525247312,0.0071258436275174475,0.006793644963012602,-0.0009540064988851071,0.028490001397228015,0.011249973507253985,0.002724942515870632,-0.004549676154109394,0.015539309620258734,0.003070528187437027,0.005524840238645412,0.00578683827180182,-0.0017017734584078292,0.00048046352235964207,-0.01704681894433069,0.029538423138375736,0.00025700004741735505,0.0026512431323095775,-0.0145365382098267,-0.007254096257500509,0.010309441185412549,0.013896681930128052,-0.00029944759388400577,-0.00568187103370954,0.005739695192652272,0.0026471105631040714,-0.022826959834385097,0.01474110330947176,-0.03787886531731843,-0.00197716560888872,0.019194574181771173,0.005517130995244424,-0.0008812945264656813,0.002736636687838523,-0.004041686580259496,0.007048271189328492,0.013331012724160818,0.0023175794965137886,0.006276483431814084,-0.003031177899255,-0.00949401696391472,0.012048957221848733,-0.0016918025914808288,0.010003388959270998,0.004674421483311431,0.007266470914936152,0.0012830408046768937,-0.014324587256274834,0.013102297900154936,0.0014957469861855976,0.004884449314416228,0.0064043634830524,-0.004863831486132342,-0.014866034299430453,0.03249305320023854,0.0,-0.0015309776607623782,0.007859183553232452,0.0,0.0034044134355575295,0.006510269941498947,0.0026704604291678535,-0.0034364776285503718,0.006908855897104438,0.02015195674713821,-0.025835979001386566,0.005927668125611518,-0.009216639823006356,0.018448779132078208,0.0008643127558414232,0.009038189865196777,0.021300248861107818,-0.004179162194984931,-0.020674147924972464,0.0005255688328595909,0.0204624762658685
2018-11-27,-0.03672468194783984,0.008162030498742645,-0.011762518328933491,-0.01328693702531103,-0.009540129386282015,0.0023584271709209403,0.006236564792774457,0.00133694518241545,0.0,0.009579851832511865,0.0,0.008683665370873728,0.00796941132427964,0.018551769278442043,0.004513336155250514,0.005034065377204744,0.028579952737656455,-0.021238998485427762,0.0130949421589861,0.027794471267246434,0.0068555159603624904,0.009772444332345698,0.024380150578254156,0.002609765131524444,-0.01632633301673969,0.02444890364203678,0.00973053836567872,-0.007238049010942382,0.00500822497944764,0.004736911743117744,0.001651810666028375,0.008103808991755113,-0.031496095272464775,0.005754516254424136,-0.09064435937604465,0.0045721825034692465,-0.0048524565260977814,0.001617305877808617,0.01589467471966488,0.011289545977443138,-0.04525516217009207,-0.004624260510123102,0.000935488660154915,0.016443429002671373,0.01090022246419986,0.0022625805596763193,0.005479331555159339,-0.006786453180138818,0.0073671805902884024,-0.017519656045615895,0.006150690740352571,-0.005105952294776395,-0.023068867974551877,-0.006721659271307301,0.014955987608249677,0.010519448812905896,0.01401104565064104,-0.013446850929714982,-0.03281658696465328,-0.0020408629973885928,0.009638376849155028,0.0006286348699884314,-0.012499968210856083,0.009612669882592906,-0.011642756290868639,0.006537849049500499,-0.005172326302185004,0.0017590795221922306,-0.005774378258754709,-0.0023403252540550312,0.001964151804628722,-0.02387613671602018,0.00813300715471521,-0.001727659064450493,0.025012623976143455,-0.0050342659718343175,-0.012289906055166777,0.0061222148169930435,-0.0011558593181378862,-0.03487363829464374
2018-11-28,-0.031875149418623794,-0.004700866538695725,0.010719138112748716,0.032201162771173575,0.011821374686219244,0.0,-0.008026554748630232,0.00038141660713764125,-0.029085812660977983,-0.003214128622444301,-0.019021998754437552,0.0021144698546475826,-0.006483317393074617,-0.005650264483288536,0.0007814655285436345,0.0021469504351190327,0.043189952113242835,0.048302533870938635,0.008559044021582807,0.025443202345787785,-0.0008513005017357633,-0.002618409955784551,0.06040000361241149,0.026027887061695232,-0.00622457895939077,-0.009944175344803186,-0.0002964298317970071,0.05832692504069015,-0.0024338902851919197,0.012906477958539275,-0.013427514901671489,0.018331466741423386,0.04878086732842957,0.00037521826990061236,-0.04714611659711576,0.0018209527283272742,0.017287135234004936,-0.012917460279116333,0.00699044902332524,-0.00044658371542127817,0.014697879672382896,0.005032277848886713,0.02056423256353801,0.005709567189710496,0.02156550377990074,-0.015049787425644445,0.0002809229582971806,-0.0027699509567585823,-0.008467940373808491,0.03146828874186158,-0.00382089180071421,0.028425040422952907,0.02110898101651837,-0.007518502371623659,0.0077362024095932735,-0.010281396317495806,-0.008354872108581657,-0.013478741295501306,0.043218549989833654,-0.04907970913517634,0.0006513059051771464,-0.00854684872191247,0.041350190324415115,-0.008681110045570373,0.015706587992929233,0.0050515251918079596,0.010976395329343358,0.001404865399273758,0.015589418908387387,-0.004691311969645118,0.008625721238118889,0.01858330381182305,0.027136096193641324,0.017883222729567327,-0.009728220219279216,0.02060015769261181,0.019726492351392233,0.009651639334661066,0.025462776048159608,0.03462842842589886
2018-11-29,0.001291070084403101,0.0017052693066959002,0.0013336389905520551,0.0037145109855176717,-0.0017309764364066282,0.009411799122505116,-0.04281508285756108,0.0006340047044985919,0.03708983502931362,0.0019961144395908015,-0.0027700532731084193,-0.005877893719628657,0.0033422959660602825,0.003808323770069899,0.0015617106340610754,-0.009639572526337514,-0.02789683582867808,-0.01707397211423778,-0.00935216462015831,-0.02495363585425192,0.002299989703585803,0.0,0.008675931030549533,-0.013191004729513067,0.015657759465305343,-0.0007301441014668786,-0.005339160380517849,-0.0068890058008399535,-0.002439481253665554,-0.0012970173740700641,0.007879757943529686,-0.007605061628656151,0.02325556013099961,0.0075011270541891495,-0.0528361766603328,-0.013630120751680352,-0.01176462280706303,-0.007054435650928892,0.003636557123351869,-0.00223391620770641,0.010139265544927056,0.003852621111989807,-0.00985112450040726,0.007366951616238682,0.018016333292710573,-0.011405259349623442,0.00101745379326168,-0.011481544604109661,0.011257549394800836,0.01593235570442375,-0.005624862058880908,0.012667628240498274,-0.002452689854292367,0.028787838343802274,-0.0034728333164629754,0.0,-0.006156776222011606,0.02364134349492808,0.005516222101700885,0.0,0.009106523545158396,-0.020283876190844152,0.017828222391283344,0.0019771563859916075,0.0012887653294917367,0.0026328703027538314,0.0,-0.004384363970479144,0.00015035584215983278,0.008641295316483388,-0.01690952726398498,-0.01091529574928174,-0.0092824155468475,0.0,-0.010156337779876234,0.003186592445621139,-0.011607117544935264,-0.01475504366631264,-0.0017442152558251323,0.0008730049472891466
2018-11-30,0.03159276825561874,0.01820574020025756,0.008999293484607929,-0.010247789529131857,0.011790828485129579,0.0,0.023756106898689566,-0.001535521071613477,-0.05639612771496283,0.014557010470880538,0.008333303338000642,0.0034870867763054925,0.0076143951641753915,-0.0025897127789915597,0.015201738636392959,0.009733398325423082,0.021583173662703015,0.02367620771062695,0.014335667509498329,0.009015391108252446,0.017591292429982364,0.011072533086620151,-0.04487658921005111,0.004112971139391908,0.0020557047108868964,0.010964765635379736,0.018935647321643545,-0.03504957869745351,0.013857880450235172,0.009167800651924463,0.0023691390168218973,0.006014119185846267,-0.14393943265865927,0.00791090859735255,0.04552233086043178,-0.0019486526288241546,0.013227480737393993,0.011531934494528828,-0.0230568745540074,0.01611826241391534,0.015414929611324624,0.015732962584859234,0.02417484046367524,0.006373399548831982,-0.0198427629087623,-0.004636622632293141,0.025914630848032028,0.00880471864175747,0.014203706094081836,-0.019352781770436978,0.018770765403781198,0.001516575848634849,0.0014048121136587266,0.0058914546974184745,0.025311601944114637,-0.033761828359927915,-0.0026083364171526346,0.04364132896325068,-0.010259086388383798,0.01935476858170282,0.016974507529215588,0.02109190827176044,-0.02468156124680765,-0.012968523016549494,0.015443936690165527,0.01742639594491102,0.002285583934483082,0.011978212588176662,0.018206108507845986,0.014797211549758105,0.0023726064101794453,-0.0004728989307958287,-0.016576514671069797,0.019552167911836893,0.014297632325782184,0.016943517431853516,0.004245109639004374,-0.03395878545992892,0.003700244718113588,0.006106226309859464
2018-12-03,0.02874994500296424,0.007332030722239979,0.00025777153214257,0.016968858654331065,-0.015105902743980493,-0.018647944138139416,0.020278200281829806,-0.01153396732456946,0.0495626339844617,0.011176551165659188,-0.008264433308325603,0.0033235802248705593,0.003778139948346304,-0.0019924444743742997,0.0049911267748379284,0.012852260075361333,0.020656749067361924,0.01324964007803553,0.0025854299557488414,0.002017589137847997,-0.004843678575383925,0.011855152569813399,-0.016640430562567143,0.008704704181849543,-0.0010256353569365606,0.03036888477104771,0.0058531319095538326,0.048051785847338824,0.008614803552237094,0.01271893389978751,-0.019144211544486534,0.004724658758640254,0.0353982002254829,0.005817028909932853,-0.0057100808800149006,0.0361156474942681,-0.013054798639854703,0.011706283484261615,0.00337164168088111,0.011236024374325027,0.02135920322972229,0.013222650375372957,0.0007566466765640545,0.010000552744139357,0.016414129762321927,-0.007320480101014715,0.00429229031786682,0.019127137999002564,0.01968210585860719,0.034365772115819926,0.007571815661514547,-0.00529908577535565,-0.010873275333928567,0.013176712572481097,-0.003935305431928882,0.021368045419144055,0.01699916962058423,-0.005173193230504802,0.045924228173946036,-0.04852311251949093,0.0033805550942138662,0.002914761589483117,0.0,-0.016566666544680975,-0.006336993664922574,0.005161958664204214,0.02337524728147189,0.0024371412521029256,-0.005763116249006606,0.0069074069635732815,0.017554178559459732,0.01813885334310461,-0.04360583792373407,0.0037520931653072243,-0.03548912794356229,-0.0013884833803667895,0.01328503424548333,0.005895125948286006,0.011264770747279051,0.025144718598042237
2018-12-04,-0.08626976137429954,0.0014047105633165913,-0.01239345470751474,-0.04581460662797687,-0.053023855760330196,-0.023752980984311334,-0.00051219237510014,-0.0005837036564448894,-0.005555550404536702,0.012845270328058822,0.022222462184884106,0.0028608479090515004,-0.01066502226621402,-0.010042967791403012,0.004202550872271393,-0.011279368325559314,-0.021160693535049235,-0.011241169857779787,-0.02870904173604827,-0.05824814389701716,8.397308923102642e-05,0.004798137211185827,-0.008759796438435163,-0.02741138445507363,0.08110859778821555,0.012806946869658331,0.0030548972638715366,0.006859076094452465,0.01332428909395933,-0.018688752456100133,-0.029638943655970307,-0.00921290726387003,-0.03418800633203156,-0.007619437886658198,-0.006281425009031394,-0.055110553398588724,-0.07010609449964567,-0.00020120382848598517,-0.03763439974183025,0.00588219083155761,-0.001728145932714309,-0.01193142738674069,-0.022074552991075524,0.0003955489391382905,-0.023864743360185292,-0.002402155113397586,-0.0017535185872969983,-0.016581367845172057,0.0055678252655120275,-0.034539781032947636,0.0037575231225712713,-0.015220837892526928,-0.07695042708941857,-0.0007225245379071099,0.002334587091436191,0.02236838089792359,-0.012857817947735217,-0.031200317981449288,-0.031590428905164836,-0.011086516230013554,-0.005264414387926575,-0.022491566156969234,0.0,-0.0034853510988152037,-0.059949157624331506,-0.024743133029418107,-0.006128305134877943,0.010244615878501229,-0.04741369130254425,-0.021341439750829916,-0.02713679113601497,-0.028350112341892997,-0.025287403049734314,-0.019659471927182537,-0.0012034383498338297,-0.04518620233832649,-0.04707983872053423,-0.02018683079707828,-0.029772200751429834,-0.03918822068359429
2018-12-06,-0.009308550644082536,0.004335502549064341,0.011505477185615787,-0.007409543946561015,-0.0004630654581545546,-0.004866197366891312,0.010147593143069233,-0.1305700219714926,-0.05446925625655652,-0.010912616764172656,-0.03532622538013008,0.0018021737678401983,0.0023779445319314085,0.0007943519942505972,0.0064674581317112345,0.004278005974951871,0.012857764950624073,0.01821354212038262,0.04088494864990633,-0.0013745419768333988,0.0018459016659249095,-0.002443141018289796,0.017607694370044724,-0.01722325144537762,-0.08262094425398459,-0.0032911270235457257,0.002755972377900706,-0.012190925954303822,-0.008204025822191707,0.03260457539897388,-0.01340943275915385,-0.01433855185118904,-0.008849420267123098,0.0003702135335490464,-0.009571803949808944,0.0004981319857011446,0.012328591219598506,0.008050531481316625,0.03212292774921632,-0.009746077664111952,0.0017311375911013283,-0.02566065573266929,0.013914824586334973,0.00046220305694189,0.0,0.0005621022961104227,0.002689945332561061,0.013525864326598525,-0.01033580420726865,-0.01976136400427486,0.007237468663018998,0.03361672006886396,0.007299209573653709,0.012292476368986893,-0.00198690926758216,-0.008880242459614829,-0.0019538541909217555,-0.028775910451133035,0.0079682005535191,-0.0134529018534425,-0.015241052837566715,0.0243018849806802,0.028571459711814517,0.006120553577249277,0.0038346962267679086,0.02704636772771085,-0.019058099595598788,0.006531509891784193,-0.0014041189708761115,0.023364368869545737,0.006176436368443783,0.006855837728039882,0.022012520568357674,0.01638193286096712,-0.0001723117770072724,0.00364062421827116,-0.011256979654084343,0.010855125587953873,-0.005456969597532613,0.0017608164320392916
2018-12-07,-0.013422666432477026,0.0071104066514942055,0.008185254049200452,0.013138119706048945,0.0013893706982506249,0.0,0.0024350362761773603,-0.017681213137419327,0.01033975950643895,0.004025560841178111,0.0,0.0013487466541728388,-0.008224008906992819,-0.007877430925949835,0.0003781201612811369,0.007454556994870298,0.014415322155460819,0.014811657962883418,-0.008501906893677136,-0.02676232827211844,0.0010888729572433586,0.001780923588130312,-0.015314255558325551,-0.019118310091361,-0.011387210665530278,0.01685773119546652,0.004628166111176224,-0.012340778831998023,0.0023798349890735704,-0.011287405429815434,-0.031462326591469525,-0.014943277734088323,0.0178569288973629,-0.009247317488309204,-0.011488260443409448,-0.012456538636338,0.0018733337025838015,-0.0018967409378899402,-0.01319364329793793,0.002624469585857936,0.006567693782784545,0.007358697249584267,0.005946790949247216,-0.008177831180814277,-0.0040440798713266,-0.011178280452381562,0.0010949914034183994,0.003290573209395742,0.012308720101085413,0.022940636876737308,0.002477444305204024,-0.013457935104729701,-0.013729909728082523,0.023571093092396467,0.0034389908700434013,0.0,0.028108709522276287,-0.015351579931201953,-0.006700154897355981,-0.020454579690270425,0.009888022322541934,0.0029022338616004895,-0.0015873378696944496,-0.011877284947704347,-0.01364266439892603,-0.011186381640410636,0.01415913248719991,0.006830537766804312,0.003924558683563006,-0.0068492711876981804,0.01801948996693059,-0.007759146602795974,0.007692420343113238,-0.018202056865952443,-0.006887187421999563,-0.005078002626781042,-0.03542057066271542,0.005917286017491419,-0.016671919420869763,-0.03163445020908884
2018-12-10,0.023809287230508236,0.0005043447300474568,-0.0022696721765029793,-0.017683108094977418,-0.018492953129660483,0.0024449220128366367,-0.0034413624341094184,-0.00820239043385651,0.019005794547325428,-0.002375906192846111,-0.01408447533919499,-0.0034422859030650566,0.013235715931411374,-0.0016618420275299473,0.003967376983498694,0.002818952233951455,0.003667168324033243,-0.00022481730635737218,-0.01011833214822766,0.018070429713112235,-0.001756872583963398,0.005778703228227711,0.01737034766554757,-0.01678401578821831,0.025130864448319024,0.0056402066763352465,0.0025910240275490715,0.0,0.007799943470180537,-0.009103253861083682,0.0015591289209386794,-0.0022100296512627127,-0.04385929364045871,-9.344592386428818e-05,0.011990587006934561,-0.013117903655060603,-0.003740135295493663,0.004501314151856395,-0.013027199706527437,0.002181456022891437,-0.025927474414815466,0.0015379649667299766,0.005153949829529214,0.005718380493648034,-0.015134742265624612,0.007782414869591525,-0.0013673419345837656,0.008928814321324863,0.004421777282272554,-0.06456005292765243,0.008156652362193428,-0.007578474418264092,-0.018561363274904652,-0.00279136750643294,-0.0009020207001376734,0.0,-0.00964943728592127,0.02962278477015068,-0.03299197314115132,-0.06960550298852985,0.005108718306765514,0.007264347669248439,0.0,-0.019935372888034486,-0.023512927938138972,-0.002592238952486503,0.007562617762035595,-0.0033922750849433303,-0.019546490205004985,-0.00842929561028638,0.009920525011279269,-0.0030322439617146424,0.03549620010558563,-0.007217760905710691,0.010229038306186045,-0.013488882381349154,0.020983417630355383,-0.0141613618601929,0.008048103089603131,-0.0012099818377158122
2018-12-11,-0.038538136353858166,0.005040098699529594,-0.0011529429893062382,-0.02400264729238477,-0.02025473165231817,0.0,0.0005078221967116381,0.02113490137088303,0.0,0.0008930960257413911,-0.014285743375061943,0.027335342404759322,0.01589569496768517,0.024229430725249745,0.0003765725282780519,0.011244029764370556,-0.026627066137100752,0.014373790348987114,-0.00381154582045784,0.015125608599618312,0.004693881643078379,0.003093341791290838,-0.043279721387865844,-0.00825991648961344,-0.01940745400097954,0.0008496900024574927,0.007610570963261454,0.0,0.004935519003028022,0.003915695631851568,0.004930056513226866,-0.0021143066534607957,-0.01834860286801876,0.007280860005514533,0.001093575826169868,-0.016360004407654727,-0.0009384846930032831,0.013441740306894712,0.01563072647773467,0.0074009320579682125,-0.013043746753020558,-0.0015356032627092953,0.008596012953967946,0.01097518034693934,0.011056682745704594,0.013866904573573757,0.0020261890556809714,0.0003610767911261803,0.008803818605519487,-0.05593893402166372,0.012012821849022526,0.003818044606683335,-0.0011819525007032983,0.0006997718241337214,0.007221626510357959,0.0,-0.009418466334679687,0.005754017713907489,0.014794416123639964,-0.05735666941749762,0.0072000643984115875,-0.0021394066110753673,-0.0023847164668625576,-0.007179071950580318,0.0,0.002835762953961485,-0.003464023731156063,-0.003403468462157999,-0.00861250996010432,-0.0015452938891480361,0.004622373643993427,0.014246712849415255,0.012163631879357428,-0.00242331264135498,0.009953585790668518,-0.002956379180935609,0.008349610929113682,0.008840172488377984,-0.0009581864769122594,0.006057034469617362
2018-12-12,-0.042155972521761065,-0.0030086966309162966,-0.005580693978966433,0.042114767772977846,0.024038841665002808,0.0,0.0009133024035385962,0.018222618732359974,-0.007173560316036998,-0.0004458890223164591,0.06666681690414511,-0.00818695632970301,0.011308997189265924,-0.013784122318052816,-0.008088994138562122,0.0038219623232691458,0.015296628423913328,0.015499034129999423,-0.03478251010936906,-0.018245520852309127,-0.009427475745034886,-0.013107283630784505,0.010168063508241287,-0.0049971925693438335,0.03645846288972865,0.011037593062910966,-0.010260861084548933,-0.023153533675630666,-0.007590219576553037,-0.02197731034862882,-0.0043892987007652096,0.010089775912320631,0.0,0.010379206284464093,0.034413843657772336,0.01351351024152736,0.007045603865745598,-0.006779272760336297,0.017441996105245217,-0.00842712746369334,-0.009248438631397682,0.01484081424634387,0.012111355151312342,0.012948790555966205,-0.011492075129848733,0.023240614579137286,-0.00912659093255086,0.004513382371573504,-0.011272613779990337,0.0519430960687679,-0.0007265282408465135,-0.003423240751564971,0.01696244174734618,0.0,-0.0012545403502822738,0.023243745823572803,0.00622926150379377,0.008280684536588367,0.025906988664223807,-0.03439150185351525,-0.011564262592306584,0.00340571393338851,-0.0031872479079767535,0.00602569602653702,0.015580687527102066,-0.02968901848480432,0.012745921000241633,-0.0020493563211280152,0.021396727429759954,-0.009288109851096626,-0.0024922885201504874,0.01925498491895805,0.03313921892221261,-0.022006237002358042,-0.027187808165175964,0.00741304098521689,0.017515709057305484,0.016867294487294737,-0.007884878040310128,0.01204073008738371
2018-12-13,0.03751784119782875,0.010563176074370517,-0.005514970159982591,-0.040117831326788256,-0.018309542297727854,0.007316876845245401,0.00923057075390199,-0.007290903289333794,0.005780341244511877,0.00550497823701579,-0.021739360077635217,0.01975206090432957,0.0029102966739256164,0.007568363665761746,0.014223472763485567,0.01557642102270318,-0.00642395235016735,0.01806033375090821,-0.016036065347132644,-0.030819117468403823,0.009095654459861713,0.014509470533917046,0.0039030523514802518,-0.005580530944876094,-0.04824135929095574,-0.0001679040819587696,0.011231490190957816,-0.017682267655505846,0.01743353562615968,0.008973395539549234,-0.0114108912458466,0.0,-0.018691704075135207,0.008988097502372616,0.008624995136400804,-0.008717808809115879,-0.02425365245964528,0.0030666802524379477,0.00033593425729860904,0.005012346224538167,-0.0061989471740137025,0.0026731032110567376,-0.00044332266028823675,0.006068633046214744,0.011063096179446674,0.012062449189331304,0.004908489834412499,0.006110902905013482,0.015814600913283572,0.0018287427689396285,0.00921140650071095,-0.001526480897500404,-0.02637726410862573,-0.023076509411176782,0.0014356486912379118,-0.006345177419239234,0.004561722769048204,0.010004395132681143,-0.012347319212917762,0.11780816906946856,0.011487065529068197,0.004274072960334108,0.007194256669964538,0.009584031302675156,-0.016736565949121096,0.017483997708986676,0.0017162779549559914,-0.0025781022066363457,-0.021105945079608612,0.010937382983855715,-0.004420571071364177,-0.016723609578931153,-0.03313382858183833,0.005698553792134797,-0.0027946128252204216,-0.011773481595650948,-0.03693244763735404,-0.003662338297075185,-0.001611236141571104,-0.031231190984994717
2018-12-14,-0.0020862453220433785,-0.004355659343782237,0.0,-0.017209558538402114,-0.014825889506107415,-0.00726372903446304,-0.01035167499327061,0.001557654999075675,0.004310306437753875,-0.013613552478986768,-0.036110901143782015,-0.006504532661042894,-0.004582343630423202,-0.0033926529150359874,-0.01103216600089596,-0.0013632779338843548,-0.02251252318226693,0.0011827256597485292,-0.01153660510521659,-0.017258144123369457,-0.005509873252085518,-0.001650389685311171,-0.005729439435470551,0.0,-0.007391611474398152,0.0018477050425220742,-0.006549984736313741,0.013021926796969785,-0.007517109753041207,-0.0049409095048675855,-0.019412066714101006,-0.012086987471566335,0.002865283086993964,-0.01945264721787987,-0.00471181458694192,-0.0046561124369213225,-0.0028682431624812432,-0.006903377895788987,-0.007056295449758054,-0.0173460090120231,-0.007704836690750616,0.0003806679361906262,-0.014779745825641899,-0.027337249101858085,-0.02206962502408194,-0.002308503290071595,-0.0052685285920415215,-0.001965203415792205,-0.004706723462475582,-0.015333968254234276,-0.0007204837332726033,0.010703117676454044,-0.011155344313087956,0.006441918299754823,-0.0019714159080681526,0.026819902838738807,-0.007784669250695431,-0.010348833333643559,0.011854276155141452,-0.12990195620110379,-0.004626783393760436,-0.007135140123740169,0.003968193297365197,0.005056537589570365,0.0014186553582575812,0.0026253299021277154,-0.012564182538244983,-0.013096664175515471,-0.008205992791894823,0.007728358173247907,-0.0015440831433656266,-0.03212592091276745,-0.0010934638604919167,-0.00682850291417092,-0.00017512746372383425,-0.008935087674336706,-0.0068251458440971025,-0.012108047246770948,-0.011940211835973602,-0.0052197361196176795
2018-12-17,-0.024390311100696005,-0.033495511974915626,-0.00833463609299856,0.0003121729222697045,-0.010194080110709658,-0.019512043209894414,-0.029552236657775066,-0.02288903360152683,-0.007153035126595819,-0.02730275712667385,-0.014409249882276542,-0.04743205339944612,-0.034524911478937326,-0.04728894821528795,-0.028171532541128363,-0.013310666551728967,-0.03830604552124994,-0.05627147709832814,-0.024638774833846133,-0.01918700591903366,-0.03451213427842803,-0.02931150265008875,-0.016875990662555074,-0.008417342541524264,-0.03191505146573659,-0.024312457796798137,-0.02909127845326931,-0.03100213191825596,-0.033414994401826825,-0.0337637794278145,-0.017121563091213488,-0.02426688776650121,-0.03809527258333434,-0.02503042198414418,-0.02858152217164356,-0.0031182726532185123,-0.010546212718868908,-0.026414984157073773,-0.021319925321152344,-0.026257839005598527,-0.014790156228721929,-0.04073075094776024,0.014701392992576112,-0.03589093195776416,-0.007206545674633191,-0.020987066125778386,-0.030843281829018854,-0.022552351491273326,-0.030920440606336363,-0.026696683588560255,-0.03509604976082259,-0.03290465021044786,-0.004028734954349411,-0.002845352639919585,-0.040940963661948215,-0.0968905568119911,-0.020595156937826542,-0.04212721627769034,-0.01394304862316409,-0.04225348139821283,-0.028100797294870583,-0.03618211536345617,-0.04505926577177588,0.0,-0.022662891383746664,-0.030706888463463256,-0.0399074485665597,-0.035969946232794925,0.0004867282547087459,-0.052914244338147065,-0.023782078752574543,-0.03953786893797251,-0.024452366180353513,-0.037448873605352984,-0.019796820611321153,-0.010518445663136866,-0.015706483609157496,0.0026263749271659975,-0.01175862569164976,-0.01512340134243395
2018-12-18,0.01785729414322934,-0.0009051251174289066,0.007521619411566816,-0.005313726934764618,-0.023050384555229453,-0.0024874192559027897,-0.010883250391101607,-0.018648846692146615,-0.020172891258111503,-0.0072484576985847315,-0.01754404576971169,0.0007632991966322056,-0.007310857952687266,-0.00791089049492899,-0.00408574755093305,-0.021099945759831318,-0.013854850010347586,-0.009103282345582553,-0.002089018370651119,0.02055715522882129,-0.004468112290037962,-0.004881243406461899,0.01632830380871475,0.01528021333614249,-0.04285714119838324,-0.012029458538104665,-0.002825129229409473,0.019508356723289655,0.0035719424580222814,-0.008854467322204185,-0.0010889655532940745,-0.0030052435106163733,-0.0396038528751117,-0.007701796925570381,-0.0036101304405413703,-0.0036495803727416565,0.014050555007810939,-0.00856846137194578,-0.012794005192498625,-0.004758875820889075,-0.030587666636496147,-0.01587287695062667,-0.0025132517959292056,-0.0030793774004349572,-0.027889070607354016,0.016709879044874754,0.00199250209141022,-0.00933879167837992,-0.006005901432693195,0.032381130423043025,0.0,0.01798993879364774,-0.013349705772892628,0.0028534717733628145,-0.0039318784141232355,-0.04710092466873972,-0.06642152452225747,0.0017154535296641793,-0.025257896762129306,0.061764645246487726,-0.010217183739854585,-0.00771774921138102,0.04304639578210678,0.010653866706382908,0.0,0.012524599762271604,0.008433605744034622,-0.008150743836800145,-0.011675162819011486,0.008906958971918177,-0.012873803641758497,-0.018295660294061156,-0.025065841160532787,0.007294867471071109,-0.005362112615733605,-0.006833634162816571,0.0033245551559331066,0.004365857748417801,0.003415090680910726,0.01378869804371452
2018-12-19,-0.0035086932389276626,-0.005177284240167168,-0.009672930188861284,-0.023255902980455212,-0.02560250226799199,0.012468337673525287,0.004337511802074756,0.010892218525446307,0.0,-0.002485839717963012,0.02380971663666287,-0.011599027426247077,-0.009286012093173368,-0.004180401812622581,-0.0013674723467934635,0.003180181768081436,-0.04947313349465987,-0.00769391567511013,-0.010468055548387922,-0.025828478912355846,0.0015842239572099182,-0.004905419406323386,-0.013594291785211432,-0.027313330225686605,-0.005740496790744509,0.016176545276723298,0.003429756419654817,-0.012628991629861419,-0.0028704973835289582,-0.019302799323389297,0.05040896501408243,-0.014759409929046896,0.010309286899089054,0.02845933922451782,-0.010325924850072221,-0.010989089568186006,-0.019111612679446388,-0.001028492180822238,-0.011208449025732037,-0.004553311371263358,0.020518944560109054,-0.0004035165752434011,-0.004742700080269335,-0.025604050497287756,0.010021649747602002,-0.001730056058482421,-0.008408937874147315,0.00036964388551652405,-0.004154160951530761,-0.030627352809124986,-0.007722866666819983,0.0,-0.013119983075795427,-0.009957066724524677,-0.008270597268071667,0.020378609379424484,0.009295531529859513,-0.016658877509731385,0.0020711760134406454,0.038781193621186594,-0.00549092874705126,-0.0023726794907300564,0.0,0.01259151367855349,-0.053623244387332014,-0.0007274835377396593,0.007168587614508448,0.010591756741467728,-0.022477253167380806,-0.02728733341527989,-0.01083491235856826,-0.006212347532277063,0.002302578422232582,-0.026403187171130327,0.0037736723462771238,-0.0397553382234882,-0.011266032982134688,0.006737557053890564,-0.00581886991262992,-0.015765149464207262
2018-12-20,0.05633822968812208,0.009888033214846992,-0.014093879633023443,0.0366797679429689,-0.0015456737486710947,-0.014778081465889104,0.0017908859952198153,0.00527286875867139,-0.10735294097022618,-0.0004670080011075495,-0.02325599791617583,-0.0015441705649513748,-0.014544424057655547,-0.00833081831902327,0.0,0.00035230692761056837,-0.0033252334058063715,-0.02522871536243443,-0.030390719111716313,-0.02334509221172454,0.006414400533228282,0.01043255581957303,-0.03946534956210224,0.00630358788779839,-0.006928368425605624,-0.0027386109850919826,-0.001783312215772992,-0.025832090087367532,0.005757980740784596,-0.012200022541275057,0.013489065824452418,-0.010443990057904196,0.020408030787985254,-0.008385396715818505,0.011898150597146273,-0.028042331259209186,0.0019484044686386426,0.0027807001878970006,-0.01948283063310119,0.0022869037792054847,-0.018209534418362705,-0.004437028164772094,-0.004914439720413277,-0.020430040645832093,-0.018677079254354467,0.01353885763008944,0.002234825210568392,-0.008129886534399056,-0.003412777050950999,-0.02131725357948777,0.005021217713826243,-0.00781907056348119,-0.0008311362176499637,-0.011686536907368428,-0.0011372602688183298,-0.01983005037021479,0.016649098390682182,0.0,0.019258542345987895,-0.01066665649414067,-0.004196115249508137,0.002114243850012132,0.003968193297365197,-0.007229559494797089,0.019907975870184336,-0.002427692991645247,0.02491081564833242,0.007589664371827398,0.0030210511410722063,-0.01732699222432932,0.02636939855594922,0.0001736526007021233,-0.012633873264375484,-0.017046261138917718,-0.014142298127586495,0.009553806245421681,0.025469273551115057,0.018350553096737166,-0.036112466752799666,-0.008793847935869015
2018-12-21,-0.052000342646032705,-0.015331032590975568,-0.008477149348089186,-0.011483675223172507,-0.012383944041306827,0.010000111988455629,-0.006729634148986086,0.00022839671322150146,0.09555187929217257,-0.0021813247870946517,-0.03273799882452577,0.003711779531043513,-0.017546575698383027,0.0061868124717827655,0.0009781695304629245,-0.001056465823165209,-0.044595249843442875,-0.014722012619372338,-0.006546335793769287,-0.02782987386293767,-0.004278367446072906,-0.005332558249278474,-0.037173938720579836,0.054100350807820385,-0.048837307879202596,-0.03570228523978425,-0.010421202214350389,0.024507897317955774,-0.006641000545163589,-0.014327069614006094,-0.006654798545286389,-0.006289935290181958,-0.009999936384382235,-0.004885746943150138,-0.01989894110043222,-0.000544381827384921,0.004374923408526854,-0.011399927469260773,-0.010115625907322845,-0.008443636664924425,-0.016421669237907555,-0.00931946243722015,-0.005537215207673585,-0.00654414759125177,-0.026764347040551528,-0.03312819857159921,-0.00457393033945519,-0.009314680186282676,-0.008752252107850689,0.03461722883797158,-0.0027480894907910836,-0.0043339690620703974,0.006236959905797423,-0.005839180206794636,-0.004933677226460542,0.018786172096656895,-0.010453086779513732,0.009974714645121674,-0.04717277235090567,-0.008086245574475681,0.0,-0.008307003004682123,-0.03794462898901618,-0.008738476180168875,0.003003149266026961,-0.01167865042000793,0.04629662170004778,0.0012551069806336912,-0.0070282019191078016,0.0008399799444527289,0.023517991695229723,-0.020312476797986645,0.0015505975716032516,-0.017499718812891474,-0.0027238983888562274,-0.0023655886113534974,-0.024183088863266144,0.0033924026087888137,-0.001718642147255367,-0.0259823141434381
2018-12-24,-0.015471223419405766,-0.03768170371110213,-0.007543899925843589,-0.018838504642717302,-0.02194336968142907,-0.0024754823981201213,-0.05430859030822177,-0.019152355026526013,-0.05112784176119689,-0.05730823830496712,0.03384605079568992,-0.03451484235361224,-0.031213512094287243,-0.05915495442575358,-0.05706475130328248,-0.04053566212529813,-0.044791335873674565,-0.04868048778405487,-0.006589587891276616,-0.015103534525139906,-0.04471718094906496,-0.04288789592456321,-0.03567393821553255,0.05672612496563789,0.04523235137363191,-0.032929655132690416,-0.0464872006380711,-0.04509781535692159,-0.04057143362533422,-0.03658833700978881,-0.03143527034686633,-0.014590354388135829,0.030302761721230365,-0.023982680658646838,-0.02860808422746486,-0.011982669756109288,-0.013068519705120574,-0.05318920326578647,-0.029196786913330497,-0.051553589135809985,-0.04183865218014349,-0.05725991596884217,-0.0654629123393522,-0.029607851225052273,-0.015117182706293253,-0.05659035843694937,-0.03463342353289278,-0.047950284587014114,-0.04452956544391096,-0.062030057832995755,-0.04258486567170294,-0.03957241519425336,-0.01859481020241771,-0.002202908772110268,-0.04862693190487066,0.0,-0.028521023873434914,-0.025082365972136422,0.002497271967192738,-0.08423917814525772,-0.04590789399292572,-0.05398203049782435,-0.008216958162927113,-0.02938611750287723,-0.016467401558242334,-0.0526832266307361,0.003871313568001966,-0.06949670586458279,-0.017863143575038376,-0.053691272109849364,-0.036686888121404304,-0.030480323239860607,-0.05110317630969752,-0.03417827336567947,-0.034049441423896876,-0.014624788649876264,-0.044206138459559896,-0.05049677919647588,-0.015035149474767029,0.0016265720987591603
2018-12-26,0.060714501997357395,0.011013052248610045,0.022094614531283252,0.034880195400952774,0.04113247122070507,-0.012406767014001452,0.00884351838903652,-0.007438340123531173,0.06339145784385414,0.015239590617315724,0.06845241309023753,0.03511002873005786,0.023432256746430014,0.03755964670530987,0.01305726251209971,0.015796990050706672,0.020427564947507193,0.00392678684201786,0.03276387750702625,0.06312432459501816,0.006424978846459428,0.015969364634473848,0.041676366124761666,-0.009713831666413486,-0.01637424074810878,0.03441924730983459,0.013568883065367965,0.041067899051914436,0.014416579596290724,0.039105274187964945,0.022080365082393305,0.03222604706709231,-0.07843131913468404,0.021863217498685916,0.027930899214566596,0.03472996276691598,0.03678233861583613,0.015031914706615357,0.042481046164872804,0.011405071167320813,0.03977053219253124,0.006507907768297683,-0.032367310140829164,0.032003088351487685,0.01829269106417941,0.02489590781395834,0.013445859893358225,0.01738097021020346,0.006829939037477306,0.04048080488756911,0.015698132924029107,0.0337864153892109,0.03494728069033015,-0.002943663667012708,0.01643605002310866,-0.04950351579814938,0.02609627302545925,0.04068182424605449,-0.017132864324696406,0.02373892131790445,0.014411842563944122,0.017708935894429345,0.004142517978381166,0.010293647530266403,0.03044163101617947,0.02702701281187503,-0.03250683627226725,0.004042265546609025,0.041695346627154795,0.03457403718259666,0.011224685717448724,-0.005666173312660394,0.03508757575967847,0.03339411358821365,0.026201647323197852,0.03489786260116312,0.056411998762067705,0.028259924603364794,0.05348407851666037,0.057161513798090535
2018-12-27,-0.05723924947102177,0.00914483101800223,0.0021482589961878684,-0.0111316309256696,-0.00410474771130509,0.027638135165881428,0.011984075938699101,-0.0009368374097683541,-0.07153502479055762,0.012399907848786196,-0.02785527268102783,0.013105248560173477,0.004881922192368826,0.015580089634356309,0.011456387619706465,0.015913401619288337,0.004322599571282337,0.0061818918630787145,-0.006422523926147283,0.00033532591594886973,0.004651074214573114,0.00832829693293391,-0.008766093909202355,-0.011873897451468163,-0.017835936671563246,0.01423481166643703,0.008405874695251114,-0.06114405135689649,0.010657665255416449,0.0032543665064117544,0.015876857534413258,0.004113451630583409,0.21276618915793066,0.004733699161301175,0.0022179604308691925,-0.013851968360104161,-0.026016598081943565,0.007026562005773007,-0.012621590648267733,0.007437792325162063,-0.001971644922850513,0.004310373973010817,-0.03910783325740641,0.012288347320829507,0.0055748118547558345,0.001657384278632268,0.010685003712191055,0.00737704011508078,0.010774410512696786,0.01117086727644545,0.010046716876813022,-0.046233614731259864,0.01464616511527761,0.008856472449959796,0.014198535597612416,0.05611094444068088,0.0010598282636273826,0.003708278222982919,0.005428559085238982,-0.11594205502576338,0.00710377836508802,0.011462158863984717,-0.023102288417082395,0.0029966964542000873,0.002954048365427342,0.0,0.007972862000939607,0.005560009066405858,-0.00642418185696958,-0.006855012153166973,0.0019821556574730614,0.004227887454830048,-0.007883342144853422,-0.005626970025179201,0.013041537690553717,0.004263568521882588,0.01824218049773063,-0.001947542854447759,0.013051632971458504,-0.0018435136645228445
2018-12-28,0.09428590434586437,-0.004131278732660837,0.004452881457000846,0.006566395951191684,0.011849643197348048,0.009779688051346103,0.0050440022804301154,-0.003516157329231273,0.011235982575773296,0.0012892709154017634,0.08022948133406604,0.0006085230848986711,-0.0011726806664016376,-0.0003916256770346571,-0.0014158759741974558,-0.0032040403060341616,0.016761804968193905,-0.0016300037391041577,0.030949978731954264,-0.0006717821027490967,-0.0004536938604344787,0.001861339626112013,-0.010884278323111118,0.008359412927214205,0.0581115082214374,0.014950304444374618,-0.0016980611233506915,0.0,0.0017578965216209497,0.0008318787667298544,-0.006917857544104122,0.003256226499284365,0.0,0.001601655259456214,0.009590699417485471,0.007563534765850699,0.020398140334315862,-0.00665564641982086,0.007304567225174807,0.0014289741878601436,0.0059267194219989605,0.010729619312794814,0.03307941251913893,-0.0032981964505699457,0.0039019020503505697,-0.012268273808099805,0.003252862433080095,-0.010589817394455525,0.005921721463385321,0.05523833723543636,-0.004080613042343861,0.01713354275274659,0.01884512701024077,0.002926143711113882,-0.0019444189273426504,0.003250012262875135,0.000353085255297092,0.010929759333184297,0.011355603076792287,0.05245904535479684,0.0,0.005461840911942906,0.02702700090373522,-0.007469247610741636,0.0147279554785269,-0.0037956381752360935,0.04802245993656018,0.0003811622502976064,0.004476487896881709,0.010353960145787822,0.0049454913790119015,0.0034778413931335628,0.05601913006260162,0.004203703383135915,0.0021759795263109893,0.0154379801341884,-0.035830546388376905,0.01582804552030148,0.005896004136815236,-0.0024618673352830855
2018-12-31,-0.0698433653390812,0.0001335670801143607,0.0006564653840883672,-0.005281039557615497,0.007637669259348945,-0.02421294660736739,0.011564371854709155,-0.0007054284163607871,-0.05555561442433876,0.01046192867555984,0.0,0.0001523388796416114,-0.0016769408168864075,0.0066616865795972036,0.005671534085638363,0.00821424519670022,-0.012085728664799622,0.0211005003572724,-0.002470176198594465,0.013613495116898466,0.001725337359984147,0.0020901314591714737,0.008253105887020995,-0.002590595698208853,-0.02402756667179462,-0.008038009920688594,0.005721368456555576,0.04705870678382529,0.006784246280729267,-0.010644537962348988,0.004644118371180284,0.005339675278396072,-0.035088007372689245,0.008278363412401513,0.016075843818583735,0.006970714837980729,0.0004763644587642002,0.005619346601766884,-0.0029007844735807753,0.004755914639243075,0.015514438208474202,0.012313872604012621,0.0051967912894153034,0.0016547132565503109,0.01022670009699067,0.02172177881444526,0.006368513519738661,0.005106222846198216,-0.005102029115136131,-0.04332124519557634,0.0035851407616018793,-0.004930271314081414,0.0055094453955455425,-0.037199335320572735,0.014026844365242708,-0.013380238707636494,-0.0007057381418504871,0.03715557064317654,-0.0058866105796173684,0.07476635722262714,-0.0006829034397368705,0.005974683103175948,0.0016447745077832199,0.005418409009659175,-0.004354347296587013,0.006349673908831788,-0.011320658096738212,0.016771642485692517,0.006271492193352435,0.011101484611811596,-0.0031494289908094997,-0.012221744090539666,0.006019479578740494,-0.0012879874088866927,0.017188726548997835,0.015203363481278709,-0.014527359045485633,0.019850746197517033,0.011071111694277658,-0.013609827517461537
