Date,AAME,AAPL,ACU,AGYS,AMD,AMGN,ARL,ATO,AVA,AWR,BBY,BDL,BKTI,BMI,CHD,CIA,CLX,CMS,COKE,CPK,CRD-B,CTS,CVS,CWT,DRS,DSGR,DXR,EBF,ED,EIX,ELSE,ES,ESCA,FELE,FLXS,GIS,HSY,HTO,HVT,KR,LLY,LXU,MGEE,MGRC,MKC,MRK,MSA,MSEX,MTR,MZTI,NEE,NPK,ODC,PEBK,PKE,PKOH,PNRG,RGLD,RLI,SKY,SR,SWX,SXI,TCI,TGT,TILE,TNC,TR,TRC,UTL,UVV,VALU,VIRC,VLGEA,VSEC,WDC,WEYS,WMK,WMT,WTRG
2022-01-03,0.09795907443763197,0.025004065873115877,-0.004154087037530063,-0.00449844280382139,0.04405845632794425,0.007645792061626633,-0.05217390255453547,0.002290610502487578,-0.00494250935750129,-0.006187228793339994,0.0051180991158332745,-0.005183128885056565,0.020746875209554094,-0.0011259438237969377,-0.007707423120922652,0.013182706669622846,0.00326905113978615,-0.005226740043021039,-0.0037953344133290212,-0.02167176170361751,0.020026747172105175,0.022603293565788052,0.009693676643679705,0.0001394823004301493,0.03503193815799821,-0.026484032199807328,-0.025686444892195515,0.01075257245337835,-0.002226851474669278,-0.010842197594824188,0.04299362609969615,-0.02033436796398036,0.043698677843491796,-0.01374791626129046,-0.0007445903269530652,-0.0017808756165220707,-0.0013438703378089167,-0.006010648254254791,0.0026168881689889734,-0.0015466037792654097,-0.016255094040511064,0.013574625877024404,-0.013982095051249033,-0.006603655541480347,-0.008177276181741688,0.0030010810016261047,-0.01874650952472845,-0.009725756228203153,-0.0032522316032160825,0.007548298827863231,-0.018209520064875973,0.009021046870418825,-0.004888220865883031,0.0,0.0022900573662989476,0.021256430825643102,0.012838823758479334,-0.015588037206143102,-0.0016949897018034843,-0.013167901637421764,0.0001534570466352747,-0.01741607884323737,-0.010482478392249028,0.021483380699972576,0.0022036236074407523,0.01755484931913398,0.002961553334724032,0.005796088209677919,-0.00890985728373761,-0.007175423376314716,0.022214054570286912,0.016659503324757186,0.01661134915389817,0.006840502553011163,0.006071792516801899,0.01104130983135243,-0.035505429377087006,0.01639338097830323,-0.00027638912883898303,-0.010430501519044011
2022-01-04,0.040892151777373265,-0.01269160803519409,-0.013707151162215103,0.009941311750845339,-0.03873806650308964,0.0050729343002602345,0.14678901271719558,0.01190355932826992,0.011116566864014521,-0.022567994118688817,0.029573142293743748,0.029632076609847458,0.09756096568224204,-0.04180764541380899,0.0010814663060831897,-0.0037174684946251757,0.0037730981854515733,-0.001699930565647767,-0.013650118167546799,-0.008622742297882069,0.007853434646564184,-0.0013314075860613173,0.0012482494947541056,-0.027828255872032526,-0.016410276611458663,-0.049906189221154085,0.017272689125754637,0.005572607038544897,-0.001879685206419901,-0.012442810765084578,-0.007633616683796363,-0.00830261552959366,0.03155324565341,0.015333588589944158,0.04843490767171055,0.009366596402295757,0.008539891160968649,-0.02556345340954247,0.010440392668055187,0.021686270030185417,-0.018106214217417982,-0.028571401810159047,-0.012330452535072478,0.02621359051489791,0.007096593230160764,0.001821156238017041,0.009316025198780054,-0.001510922583407237,0.027732396896801292,0.004195287568029338,-0.010691561216743639,0.009786250632394689,0.004912232945465167,0.0021746988663560174,0.008377840256673874,0.02636451819869312,0.01394363188407799,-0.009269259535694352,0.0037530041072331155,0.016551204453671087,0.002606052217809296,0.0024696885192780904,0.0003655575036733971,-0.01101649078211897,0.009570944493312084,0.011090409606239637,0.01870095382695447,-0.006586009718173691,0.002115331351143279,0.009636344327442536,0.010687799522961283,0.005251946515722583,-0.0032680161886343706,0.0038219093767921652,-0.00391485659710078,0.025633207643950273,0.012559340837276611,0.0010454043644305688,-0.018320143588350657,-0.00489344702476846
2022-01-05,0.06428574026284828,-0.026599822180755406,-0.013292969003544264,-0.03937364890807071,-0.05726356721585413,-0.011850451673286022,-0.02036361694335942,0.0031997621985850877,-0.0030412225918391433,-0.003682289256501048,-0.020353802360490225,-0.020872899214106844,0.0037037311739112067,-0.008334133050349357,0.007071356733221679,-0.005597053929302653,0.010478729027903144,0.012383999831779846,-0.003895354747516011,-0.005020345176491081,0.002597389383432347,-0.00613340465135126,0.01457473303945478,-0.007871685840133646,-0.02294065468969886,-0.0007899075041363224,0.009830260453664419,-0.0035714218699445244,0.006826158169908947,-0.022049098593108662,-0.02307693774883568,0.009503408428356508,-0.011764557253809316,-0.011511344369437015,0.002487750385618881,0.013404015471677688,0.010982305116336466,0.006346836118038546,-0.02357107958982696,0.013861634067707573,-0.023087550637922116,-0.0533088159563736,0.006117331592801811,-0.018699644123998604,0.004352052461094491,0.024282828565584946,-0.021068763658868117,-0.005044192610556886,0.009523888625594168,-0.0074008317166806,-0.010476310954944279,0.0026322939775096366,0.05041270756581806,-0.003616818892915985,0.006797526367976037,0.018025923029913793,-0.0033337667855427577,-0.009647840116937423,-0.0137985064515872,-0.07131138819249416,0.0033638914766265238,-0.010000051989667025,-0.011959452792455028,0.003544288345530111,-0.02267582780345334,-0.02376584641141466,-0.012681285020691657,-0.016298272785857937,-0.02849608938187609,0.0008674718175991636,-0.0022913655444150027,0.029467061016640095,0.016393495228471444,0.002992487856398718,-0.018666857901884493,-0.008281608882648395,-0.0008552387749247714,-0.005818066867299909,0.013521060611475066,0.0018913692160678064
2022-01-06,-0.023489826048270213,-0.016693434308676314,0.024900005099507627,0.025384261468278213,0.0005876006951239798,0.00013342639604929651,-0.0341499650354824,-0.007786078289819143,0.0007042486227082367,-0.0014983914658599495,-0.0011653879858944949,-0.00032294138533850436,0.04428032664339243,-0.007415411473874922,0.001657984890923947,0.0037523416909557294,0.0062560626513714634,-0.011315024041630095,0.03253857570036023,-0.005685523461892439,0.025906815720319276,-0.0045613762922808165,-0.030432065083928372,-0.00995373381888609,-0.00533620578497318,-0.017984187250075112,0.017699097866309854,-0.008704684817680053,-0.0021038899146674783,-0.008895500865982897,0.0,-0.0036981788831412787,-0.024404863512872632,0.0014957665899508754,-0.0010635115200383627,-0.004505865647830398,-0.0021829808399815853,-0.005606018159354131,0.004298961025977155,0.006622692185807244,-0.005064436095900571,0.025242740200695613,0.002481883796347173,0.0018683330673245901,-0.00443635101482065,-0.0006339729962546725,-0.010112207408071727,-0.01588478347796196,0.029874342566004186,0.01328852371514877,-0.04413230006464608,-0.004892759594653406,-0.001745084349406567,-0.0018145741395083625,-0.00825196534975714,0.009739130269931673,0.020905923344947785,-0.02685901136477964,0.015526298903699942,0.021201379719663738,0.007162373328527094,-0.007173070297631923,0.023745933870465086,0.017406721796934255,0.010880201226014963,-0.013732899960119616,0.00709499330560881,0.008424410304580743,-0.0016295864689931383,0.00693546546823165,0.00600580882588142,0.021518345667637773,0.0,-0.02685412338370763,-0.002503061992454092,-0.034595925354346746,0.020547863787604648,-0.004351942745506432,-0.0027795182996567247,-0.014536567221472563
2022-01-07,-0.0034365076533647843,0.0009882808799244192,-0.009298295879654472,-0.012718545857808738,-0.03105039903252349,0.00941483519080144,0.017678673189085448,-0.00453814866956781,0.007737443411785838,-0.015406135749483352,-0.0036933229884914542,0.0,0.039285845196310065,-0.0260983436279294,0.008665009134139812,-0.007476628517019468,0.007617667533847516,0.006495583334612753,-0.04118121666223662,-0.005932416675901164,0.003787859272166294,-0.02183290484699474,0.015595953077347513,-0.011656722791605678,0.002146016290299313,-0.011068610429884718,0.0,-0.000516237252572993,0.00351394497330193,0.005880415784783821,-0.06456690607396687,0.008548808753470416,-0.0024403554316793086,-0.023255926589265008,0.009581493938822572,0.008678951463648943,-0.003662506337792082,-0.006342423443977063,-0.004280559069368528,0.021222294675026454,0.000655532985942564,-0.023674241483512604,-0.0012377660100933996,-0.015414976860149143,-0.00466370126050808,0.018647741048782196,0.011250649808327351,-0.03666188971223083,0.022900510505545757,0.01311405704729407,0.007461842657234818,0.0015589905643464963,0.013694396843278112,0.0018178728044881964,0.022692876428734854,-0.017097936578938877,0.017201394351269217,0.007508964449591371,0.0007999178118667238,-0.06960335067902013,0.006052419370209394,0.006045614810228139,-0.003700329331448149,-0.008430452198147087,-0.0024639378196634754,-0.032911385898571566,-0.006559183679499037,0.012531402665924007,-0.012513577406862875,0.012914453696511119,0.0016024813842452357,-0.034976068195239574,0.0032257692783697056,0.0013140927281540815,-0.01321497338762223,0.016836555261212194,-0.009647706713210247,-0.0009043611764523174,0.00954564793443513,-0.0003828624916241141
2022-01-10,-0.013793174916467366,0.00011638263567448348,-0.031183590090570257,-0.034506555276690554,0.0,0.01355106108277404,0.003776449516557756,-0.0013297581280610205,-0.000698240703405073,-0.01717131943981831,0.0024389067226475714,0.0019386077103356048,0.024054874252066094,-0.004295785671117325,-0.0077218004504751026,-0.013182706669622846,-0.0011119891220138234,-0.004609797534042337,-0.020433401510912996,-0.005176679046854926,-0.01509426214783216,-0.010195733871473212,0.008350214142436974,-0.02432515727653295,-0.020342670717243716,-0.014448495996974287,0.0,0.0031006524824157555,-0.010388832196121522,0.009846179234674679,0.04040400148252998,-0.007472441726828927,-0.04709488856667088,-0.004587279271275779,-0.03479802714650215,0.002916643628536608,-0.006178503213746245,-0.016454193911100146,0.001984104494158645,0.02036563267889302,0.0023507303930687673,-0.005819633091627918,-0.00954270318687811,-0.010227678446517952,-0.01478546147901505,0.025778106184125793,-0.014879283552801992,-0.02308387191680661,0.0029845915946844492,-0.004509892333621868,-0.024534499559534573,-0.0032327535260180396,0.014084354088875317,0.0,0.0007395810363073352,-0.029884186920743572,-0.04576571687482556,0.02689075453855616,-0.0036412810941940377,0.003576026132229959,0.0010527170032705868,-0.005862525500353488,-0.02554592504796893,-0.00975251782886788,-0.014559363422709692,-0.022251348157188433,-0.012470985661707346,-0.001925121890598902,-0.003856732578261468,-0.010412402379372465,-0.004443677986451955,0.014209449713981082,-0.019292618921269655,-0.005249569975508961,-0.02898797388919505,-0.004405234108618816,0.017365852613556942,0.005581744779037834,-0.0019323874524397322,-0.009007507895864575
2022-01-11,-0.0034965001564449816,0.016783864379384505,0.011875013811068591,0.013819347140531457,0.04022725423177076,0.008725031232493574,-0.03310756822018468,-0.004850148829056433,-0.010710025458819827,-0.00868409196875819,0.013041600989528446,0.045146680434996256,-0.023489829360594627,-0.0016433689443825505,-0.009533266897513548,-0.024809092229410412,-0.000723443595487816,-0.014047547966474672,0.017456724574400395,-0.02189947105102874,0.010217060420251611,-0.009465511519750947,0.009328215514201599,-0.017226031299248823,0.028415272652717816,0.0022713320185505648,0.0,-0.0015457370896237999,-0.020169839878116713,-0.01950035448396048,0.008090645974711208,-0.02651985825042591,0.004492908202150314,-0.007351045478722007,-0.013109933290871068,-0.003489741674430058,-0.003133807135748734,-0.007931835442687163,0.006600476882867801,-0.028309495356323322,0.008496373388330092,0.04975611989091089,-0.02352379745058375,0.007909526996415783,0.006235349065181639,-0.008498299865143721,0.01143216916306855,-0.011404012741820568,0.034226413600089156,-0.00882565301986149,0.0059320226442227675,-0.008408350174411439,-0.005952223719083216,-0.0061704474891568495,-0.0059127949722461715,0.010574827886955296,0.0478199943578963,0.0035309538489212144,-0.005348688233851484,0.017531295087479304,-0.00991566130823418,-0.013858266996782387,0.00697215234542603,0.008838441977392808,0.0005715903685832302,0.00937090964298215,-0.0038377923869763464,-0.02728015844807885,-0.01050887914045251,-0.02168763181557465,-0.006784397511068407,-0.009746348173673813,0.0,-0.016270671343439513,0.003666094415728516,0.007323759187373602,0.022481133603289072,-0.03330327034558278,-0.0028350994569833476,-0.004641165698926586
2022-01-12,-0.03859645422914548,0.0025701416111778563,-0.008029667183741096,-0.0011750702222574905,0.0011652732135625232,-0.0026678139262469314,0.0015563815949917181,-0.004204899713805776,0.004471537239997714,0.0006255766394176465,-0.013546166077576638,-0.006788060828443077,-0.12371136547581219,0.0018518637140525485,0.007660610187873784,-0.033268115822343014,0.01358808077181295,0.00391424035843424,0.007926394025866257,-0.006650631329247703,-0.03160560588307515,0.006183379482860296,-0.0024521537976495145,-0.003997735627128796,0.004250777189745092,-0.015245192923555972,0.001739170240319332,-0.00877192387933401,0.0014447505200378963,0.0010877596658716016,0.00321026980181105,0.009927081266282833,-0.0006388997948857389,0.0030949432590801074,-0.014391159024518818,-0.002918083943002525,0.009328471355513512,-0.0027616937676494535,-0.012786621644391039,-0.011947197888420136,-0.024397697898570714,0.01486987397850048,-0.007047661167222774,-0.007088080184511125,0.001680593962233523,-0.005754893069361056,0.0033565159936994604,-0.01476565736543245,0.0,-0.03021495723150802,0.003538244949734537,0.013325132567186815,-0.023096862308076282,0.008035081362800733,-0.019331013803215336,-0.004549512529961497,-0.00442955477925755,0.0004887130246251647,-0.02312242754398497,-0.020731135175687698,-0.015022692759169232,-0.006129536496259247,-0.010431954826058298,0.005757184927257741,-0.013535137409259712,-0.013925802314835645,-0.0031072556444849964,0.003965859543401784,0.005030752132946681,-0.01646167035564372,-0.005572632998386617,0.017018660254016327,0.022950797051757288,-0.014305157322307305,0.00956692500262335,0.007876490051836438,-0.0012215754800596335,-0.017535757282965525,-0.005270495255632612,-0.016320118710209552
2022-01-13,-0.0072992627949434175,-0.019028053034994552,0.01992518559766121,-0.015294153550091893,-0.03440747570770164,-0.003926542064980554,0.0,0.01717838272259642,0.012183857088231553,-0.0041686008516746975,-0.0007790128813426334,0.0018639943301741457,-0.015686304066265033,-0.015302667083204491,0.006725289007755597,0.01417007507096324,0.005274534302812439,0.0038989788181875706,0.03160583090209257,0.007662063729843016,0.01566578725764156,-0.008938577480643084,-0.004159501421776346,-0.014664912924857831,-0.007407321930991251,-0.007740563552099289,-0.013020882486467267,0.01926086491569179,0.00901538985538508,-0.005587482160474777,-0.009599990844726514,0.006629390286562842,-0.001918218478637268,-0.0019834363143860223,0.013103586490509578,0.008341765079353358,0.004595456854367352,0.00043706788959352316,0.01660564414508925,0.049639378252675836,-0.024421552474320873,-0.004578772013327015,0.012130904155829736,0.006088550266986292,0.0014677551952420043,0.0014779348691680294,0.014542335898053649,-0.01929563141417545,-0.007194138256474192,0.01420095875553562,-0.0022327696293429344,0.019964236113664935,-0.00671310672286618,0.003985516730200311,0.018953983305267208,0.05758662832438333,-0.002561612736984964,-0.01162463905719291,0.010458599102776578,0.00858244089102067,0.017408569444415933,-0.007972281147485716,0.013527275223538249,0.0017421526702976475,0.006058663716340895,0.016812243300612817,0.0067324465104092734,-0.002539466076426189,0.004449384079133534,0.03459037998082404,0.027476431684237745,0.024798446089870918,0.0,0.016326835059390143,0.0015507157481879918,-0.00045087486405770427,0.0,0.018796469771268587,0.014152228284646018,0.0007898130100087997
2022-01-14,0.0,0.005110640744523165,-0.0018314678146575947,-0.02054950602175276,0.031188784227236255,0.01953637467255942,0.0,0.0005662011261831079,0.010416591076992221,-0.01653589852791537,-0.024951400150348135,-0.0003100237183505383,-0.00796818221215534,-0.00865646623751315,0.009003675174009684,0.015968047914422856,0.01983937675323766,-0.009631874968379806,-0.009955219278285354,0.0033218795000140577,0.011568064338074446,0.01014637735248547,0.008353750279718408,-0.02068008221946105,0.0010661444756936422,-0.018553680422793595,-0.001758971353619465,-0.006639300707641516,-0.005003375042155089,-0.0049944767914770205,0.0371567070997354,-0.007834796811913902,-0.03267150402281627,-0.0013249773981686142,-0.011825472615375476,0.014513561926074336,0.014181283563533098,-0.006556825928435095,-0.009800688874289532,-0.007275726280164263,-0.022229369037074953,0.0027598650678042347,-0.006375161765085791,-0.003821985047295806,0.008795207674448635,0.0007376631161708502,-0.013458783672533614,-0.024832841691248775,0.027536635718462543,0.0009657081662275413,-0.020023836700452158,0.02613688209735665,0.013517570991919303,0.006135056125939009,0.011904952755883658,-0.029818451082138542,0.0,-0.01630757719663023,-0.000363091707601515,-0.032194074651637705,0.010448321560744267,-0.0033358988066821693,-0.0029455028557155982,0.0027329344186723947,-0.019616692189371565,-0.02050244026428072,0.0035910260797478166,-0.01131540311037793,-0.002214784571513473,0.004314071497522498,0.005805749588782216,0.0003934501585427519,0.006410339860942527,-0.0071397125106748005,-0.004644809479654066,0.0019545199731867413,-0.004484453594360005,-0.005891558754723025,-0.0028183385855002907,-0.02486668582558993
2022-01-18,-0.07720589611677697,-0.018894330376429735,0.024464858525614863,-0.048304544421957085,-0.03616315042704099,-0.0065004447871699345,0.00233098160357037,-0.006034862662673723,0.005956712618388371,-0.02298588705478888,-0.013994588298218091,0.039081760950723465,0.0923695603600232,-0.03577057497863856,-0.009594886669728409,-0.043222055095018974,-0.02995757858331638,-0.00894118762268259,-0.038206609774649514,-0.016628683254410692,-0.010165063812410113,-0.015624623248860714,-0.016098520468870503,-0.00863829564923857,0.050053265866661256,0.06616545395348927,-0.00881060600077066,-0.011311214914771717,-0.018319200383670298,0.0,-0.006230523579077274,-0.006637424604465592,-0.07814561678656129,-0.01802100338385304,-0.036649290824663616,-0.009155750198567847,-0.006064381666165186,-0.014373899933465939,-0.010557588105260085,-0.010789648193835655,0.0120841898305164,-0.0018348169531452463,-0.017451641524650285,-0.010871102707673663,0.011624178703283139,0.0019662213259390438,-0.008185940968438832,-0.031341791000841,0.033850138338784364,-0.013566397470842095,-0.023437337622984722,-0.0055968783348153694,-0.01478700390186738,-0.004662901668968544,-0.011764892269240157,-0.0035633181675240877,0.025006736823129705,-0.000803795655170414,-0.02325167646348536,-0.050410242082350676,-0.0019481513463942557,0.0006084223850117976,-0.009416558647347362,-0.021060512288504474,-0.006278156267590873,-0.03173518759967009,-0.022334614505308048,0.00028614085243794385,-0.014983376853763941,-0.020833196381156882,-0.011544474847466124,0.054473857476815324,0.03503183274014976,-0.009887650024941408,-0.03387476630679909,-0.03781513787485247,0.01433247475275623,-0.0032751860052331327,-0.017509942328704953,-0.01902435241402267
2022-01-19,-0.0039840598027532925,-0.021024450052662402,-0.03552219659436617,-0.038964283734085225,-0.027741898025528955,-0.010820087490860053,0.0,-0.0006640016043423236,-0.007743233408384453,0.0006533768735739187,0.007198103451935722,-0.04179100523314083,-0.11764706310845452,-0.008074391886209953,-0.0028096618718068678,-0.0041067723606769135,0.0006633785364944522,0.004115276248056743,-0.026229719085401837,-0.006808771636001354,-0.0077023520029970705,-0.032029525564382544,-0.010142514077198905,-0.005809494416972316,0.020283976254796388,-0.003223853394492493,-0.022222222222222254,-0.0026001383161291525,0.0019515646558669886,-0.00392167208788563,-0.0015674339659024206,0.0008063092680707928,0.023706897262988802,-0.01137121310426914,-0.031832145720226634,-0.0015883212329487195,0.006655828541602515,0.00877983269759941,-0.01133709413791728,-0.0002059367239201082,-0.008175891506797539,-0.04871321023864039,-0.00339568729233497,-0.004395976857303419,-0.014466052465331725,-0.0030657122925277225,-0.017056082934646,-0.010414693900576588,0.0859482323641223,0.003973034410373444,0.016492066417106876,-0.0267630720067642,-0.0044141909859380934,0.00792802589099506,-0.011160969445366042,-0.0008940391328777775,0.040221486861605316,0.05711403033553375,-0.015342996353058025,-0.04228397452818433,-0.01186186402017253,-0.012771727218386375,-0.017054907537024766,-0.0005061160191319747,0.017408110275609623,-0.02022333853809788,-0.010728109406862307,-0.006006908509898268,-0.02647883455518263,-0.0054838354507932285,-0.003716246386277433,0.038418717579078,-0.015384588744745131,-0.008624680130564277,-0.02468688177067435,-0.033998787228477156,0.003229784643989486,-0.030198704795198483,0.009963327359688634,-0.003920188138880176
2022-01-20,-0.007999992052264315,-0.010347046595573839,-0.009594711399657285,-0.0176046897269464,-0.04973886856088816,-0.010376187419531724,0.0,-0.0030378894060262285,0.01147578586952247,-0.00620452936105087,-0.04479111193073504,-0.016199331555977192,0.03333331407021434,-0.01187977919349159,-0.009229621521972597,-0.010309219563065741,-0.028432849044104813,0.0014185458223927583,0.0008324830515413773,0.0013561549096205994,-0.02716667613329038,-0.016105412624672688,-0.004956472484184404,-0.006329806391986548,-0.04274357357148506,-0.0010107752278948334,0.014545440673828125,-0.016683869426668663,-0.0013391142643461862,-0.0018897961748217673,-0.014128677765719244,-0.0023022578844366093,-0.0035086670136056375,-0.01810726024767939,-0.01804328292418278,-0.009689002774867728,-0.0024041519884044904,0.002065155927841067,-0.039122965841227764,-0.026965887651369758,-0.007835140719753997,-0.048309176963431066,-0.0005241512250347968,-0.004155878846554106,-0.007495359678082125,-0.006643234382368246,-0.010005671572612673,0.010319773779523977,-0.13316593106508956,0.0025571196137601504,0.011139618955398056,-0.0237225308281378,-0.009459111008973453,0.0007151823077031771,-0.008276803460016802,-0.059507761819493465,-0.012043572278408354,-0.011319000380794808,-0.0052884895035083535,-0.04350629557190866,-0.02020968419997604,0.0036962629622596666,-0.021996754346520486,-0.003798468460453397,-0.009470905483247805,-0.04483988821338214,-0.021816554487696704,-0.014963963698585436,-0.020833367826760707,-0.015438789229840766,-0.008347881687563397,0.005208244804503437,-0.03437521481307371,-0.008241553874689944,-0.010821893251126924,-0.032612137902726546,-0.02535202189917274,-0.021297208313254323,-0.0188967574550164,-0.0012425654846784928
2022-01-21,-0.08064508052590458,-0.012765288288898002,-0.017187393205108425,-0.022536024702416335,-0.025268700028529656,-0.005154886663369274,0.007751967785028402,-0.004094486867662672,-0.0070345756751979405,0.005586239094550471,0.01633282545971615,-0.04211527484922062,-0.004032205876266959,-0.003673646882317194,0.013924334734273902,-0.033333399560713795,0.014888129065750544,0.00330566278758182,-0.0018020747494745804,0.0030094294079585637,0.02526597053125812,0.00029756234161726347,-0.008106133378700697,-0.0016337537114057277,-0.03115259989969066,-0.022460478283704233,-0.007168452042999429,-0.0015910231333857716,0.007557434922805806,-0.0063111001296156655,-0.04458601918054628,0.0050768645609531315,-0.03450720384224326,0.004871296791309154,-0.0024501148011122353,0.00803127649453761,0.005975102646394115,0.005593942873375335,-0.012285232395032986,-0.007404552288930555,-0.00028784164963613357,-0.016243735521820568,0.006949057553486959,-0.010302544889506104,0.0038810247928757757,-0.009535564549082776,-0.02473679375663107,-0.010113102683446229,0.1594204131632877,-0.01566785454598396,-0.010897060288825089,-0.0012088257937602487,0.017009903209030064,0.0,-0.014415692842876027,-0.06803059335751704,-0.0186064024453223,-0.016259391994387862,-0.004746969928774214,-0.010444725834060198,-0.0034119580213370915,-0.021175293735089862,-0.00862820714279644,-0.019572965296824507,-0.020160522744477882,-0.01713882060695837,0.00782535421109709,0.004382123668017712,-0.013002323425679307,0.010752667107699176,0.0025074659032935376,0.0067893421697156064,0.0,0.015235418639046205,-0.023178081101238646,-0.035213606934412445,-0.02353442646645898,0.023079616888201926,-0.007293480568941302,-0.0018666631549286716
2022-01-24,0.01315777147081243,-0.004864302540549814,-0.03179658063079027,0.03361108567979598,-0.019190293966401595,-0.007201837919577958,0.028461529658390994,-0.02170367708505816,0.00708441150403738,-0.005446173605323179,0.05111453879624284,-0.024462863894815112,-0.02024289257107914,0.040223556066129706,-0.009478026317209065,0.01508624432663952,-0.009238414252953797,-0.017885384632933765,0.04257004612046922,0.00022498013662208827,0.0,0.013091154281455353,0.019200604078049688,-0.007035287615666186,0.02143612412534668,-0.0012420072776936353,-0.03068593456038282,0.014870143639996058,-0.00810564240672762,-0.011273353679551401,-0.021666685740152958,-0.011020806184288134,0.06053975499982034,0.04051230063757183,0.029062707016056732,-0.006953454751650878,-0.0021463106662187315,-0.003220398466318497,0.057924786749913526,0.01705046196633786,-0.010861562741534936,0.03302380416469286,0.0002606760526036034,0.02727612448377914,-0.016090497240255908,-0.014378340239420195,0.010145735956965218,0.00991012907240374,0.03125008973561738,0.004503882223223066,-0.008232417565448014,0.011014306282987274,0.0011736921496088293,-0.0014293423750281198,0.02155525420758586,0.042879158506570425,0.0,0.002444688942084605,0.020222980387803124,0.074225343395804,-0.015406234445090594,0.017557952114246822,0.009583536773487111,-0.014778317327824864,0.015327948229928667,0.03790765995622336,0.015659724965809918,-0.007853421439372066,0.014371243122980548,-0.0019948344592656264,0.004109401590934647,-0.012422391402681865,-0.0032361301242950224,0.01227800179705718,0.02980244556643763,-0.0136654832851415,0.010570900544573991,0.037544385303956984,7.127217032021349e-05,-0.006233003579544483
2022-01-25,0.10389611087779693,-0.011384614672131144,-0.014449962725779364,-0.023649483339686084,-0.04634001186343695,-0.004600351947757542,0.017950618786271466,0.015637022284212154,0.005899730382671775,0.0015330776219575348,-0.033043863439253474,-0.012199166769484515,0.0041320957378148115,-0.03866818419133411,-0.00771305377581466,-0.010615751662400141,-0.0071676080164873035,-0.00047919364159421107,-0.0035136289170644153,-0.0020248019389548233,-0.007782272229009957,-0.0358295590134583,-0.003961153113451132,0.014499954227372935,-0.00944376639219302,-0.03834193728748381,-0.021415227852689456,0.0031395937704652432,-0.0021954563748383116,-0.00802953573898546,-0.04429297395461773,-0.006732295157321988,-0.017193829573544872,-0.03338902618211825,-0.0023866826120824136,-0.0030634542940918275,-0.025760239252382133,0.005727514960795377,-0.00772590762640768,-0.05532250196925004,-0.003992915737183855,0.0219779528795343,-0.008071003995228199,-0.006798154974049009,-0.012211695802397449,0.007991715741700656,-0.01728981513100014,0.047445588368936864,0.021818285886219035,-0.010993880813648826,-0.08325205841594852,-0.002035153002565293,-0.00908571208167297,0.001789077791589433,0.0007533377796469232,-0.0029369115839837923,-0.019351507478711616,0.006829499251129523,-0.035250007701095654,-0.01568934845815495,0.013434569882220915,0.004159379235744609,-0.026055761780437003,0.029473656102230628,-0.026747574630175408,-0.012417564001183323,-0.01962303871120985,-0.004397675663324607,-0.009445091048871701,0.009771456553130164,-0.013523097461027644,0.017430482994915453,0.00649359109410419,-0.022012191269029313,-0.0330561098925205,-0.033847811342457845,-0.05732203592731133,-0.052337510750903427,-0.021754559585751232,0.0008364130483708987
2022-01-26,-0.03529418066976231,-0.0005635037165968582,0.06464519101368804,0.006055529725236708,-0.0037793411259388066,-0.011109157661807978,0.016164604891879986,-0.002597964203779224,-0.004511596105493565,-0.0030615532323350347,-0.011322908332912163,0.021955345542368,-0.012345601501846604,-0.019664790932162446,-0.026370374160771592,0.010729655015467632,-0.056208295515035145,-0.0035159337994943307,-0.02252683764809782,-0.0021790632862361825,-0.002614223643923941,-0.007614952891095816,0.017070743223793095,-0.01266865174080234,0.005296635834282304,0.013146482232637036,0.0,-0.016692778896220783,-0.005256073245589632,0.005504308352600296,0.0,-0.010751489476347076,-0.03009108378695735,-0.020426627393526853,-0.06818171089655078,-0.007901453933177649,-0.0032859763086906524,-0.007739182695006397,-0.023019679778894853,-0.015528070097684088,-0.006681737148299893,-0.03616812337395259,-0.010236306301772413,-0.007619739370653855,-0.01161047295423745,-0.0040272431281486165,-0.017812851238761973,-0.03109906582283717,0.04389060824627933,-0.023908603222207225,-0.03275615280717925,-0.016074936023909414,-0.012422463972756148,0.012499763028161137,-0.006777228814513592,-0.04123713832737974,0.01333333333333342,-0.015310105744833602,-0.015797671250836087,-0.024311739194843973,-0.007486087484347315,0.01748981958591278,-0.011238552388394552,-0.00025558082326671006,-0.013834549657781858,-0.02958596426591842,-0.019235862119259206,-0.010011586741240808,0.0178783804996685,0.0017592701130153543,-0.011363731690422041,0.006358108473507151,-0.025806469944913535,0.0,-0.007830506963325656,-0.00925749410055332,0.00621385262053753,-0.003605321528464711,-0.010207906436597747,0.005013466553311918
2022-01-27,0.012195312794209823,-0.0029428275888938593,0.01627546878153563,-0.03392607085234112,-0.07325445467815028,0.00656081741187764,0.0629067165841275,0.011384306120533871,-0.0033991646706558187,-0.015465582810943457,-0.008460559360824127,0.007049369560126362,-0.04583331716607264,-0.016753915885974413,-0.0029307463066189365,-0.029723962919685043,0.004553110870774146,0.013472265922914728,-0.030478576128843526,-0.007681419530583988,-0.006553117142718001,-0.01872314591671631,0.018405669225352028,-0.009870004681996836,-0.029504904383337083,-0.01723032519707035,0.04281634628594233,-0.004774418182674656,0.016957710133904236,-0.009821414534926243,-0.053475968555267595,0.012876500558036685,-0.01659431959850799,-0.006326130281985143,0.008557759015843658,0.008111892350908922,0.0012363254155227654,-0.007947319161828337,-0.018364325475208276,0.02298349784628595,-0.004792815052967803,-0.04665314950953958,0.0010607839765333082,-0.009370009631776588,0.06808759313521451,0.018195543772276945,-0.020885758461238524,-0.00877206557875232,-0.1693180310227831,0.009988642240970735,-0.0017897921156516672,-0.006096048137821164,-0.020664752583816948,0.021164079946647485,0.011372514273904066,-0.0020480958245707725,0.014473664133172193,-0.016236966165157907,0.014081864762507834,-0.017656761085252493,0.018070512310223386,0.0013574063555226168,-0.008147074257557785,-0.015597049369263094,0.0022197762499207574,-0.02743899091448987,-0.013119444246257106,-0.011005557384137332,-0.023419181517389642,0.01580677656257823,-0.004378804452517149,-0.07844861743851095,-0.006622521385318159,0.01745495794821128,-0.03503379589752642,-0.013558164513691184,0.011027867796823632,-0.0004935587459858892,0.0006629635994803706,-0.01891507499636569
2022-01-28,0.004015960104924554,0.069777333450596,-0.005235799309300404,0.046445746980031455,0.025730988585875414,0.02294635868312822,-0.051020408825263264,0.01221035405306714,0.013415046848990198,0.008689566231633972,0.016024697617023964,-0.06599996890162607,0.004366755553402157,0.09481853026505216,0.043989464667028244,0.0306345429380368,0.008883940565679982,0.010286459741831289,0.017394323198241635,0.020186632366723245,-0.029023812039409402,0.004691793080367379,0.023223008783836097,0.013125151335835028,0.015201007302355407,0.037878787253263546,-0.005474490821885447,0.0026650703130743914,0.022595333099679538,0.008455353749499794,-0.015065899165373375,0.017145115263907718,0.02201011567086364,0.006484351809445954,0.005515582066482949,0.015069448770589577,0.012656360596492888,0.015427974726909488,0.015178067582667376,-0.04251106429846352,0.035400644675356086,0.014893654149386482,0.011920647165523324,-0.0015767828858227473,0.0003058644525102405,0.003971268015068308,0.01723244178706862,0.005430546315814855,0.005834737604412554,0.005606461042594102,-0.00013777786383151192,0.006992150713510004,0.009786115156003694,-0.01588947484345271,0.008995163364923009,-0.017957946984543005,-0.014267165964864659,-0.0067021191035412375,-0.0077685600088465145,0.06400136824151992,0.01373658343182771,0.01867169707337868,0.001419786733348749,0.0,0.025874445996892703,0.01724138714868939,0.02054511359445743,0.011729429838088334,0.014988009318106954,0.012967578172360161,0.0036649464818807598,0.04513298124380283,0.01333342468106391,0.007223319435301079,0.0025932158005286254,-0.07317984285930945,0.005671972117716528,-0.013493349429246404,0.012367744161887462,0.009534090605421541
2022-01-31,0.03599996423518936,0.026125751601938862,0.02167189105441203,0.03004061129722313,0.08561385708021096,-0.008728319567235965,-0.017204284903198586,0.010460917222446131,-0.0024677280546256952,0.01866617084549338,0.01679663326327918,0.01498927017444407,0.017391251911356154,0.07114874614996647,-0.003397933018878474,0.008492560834195695,0.005510726360430596,0.008458560663672676,-0.006433165263008744,0.013241362362497622,0.02853261100571869,0.04452070102837813,-0.025258501955962798,0.018202617978049673,0.02673799440684399,0.014807071390526838,-0.03394494481725241,0.006379754387626058,0.02150535614430238,0.01241544919177584,0.0057361777627038535,0.026143411964051344,0.026561441709432865,0.01675054800755138,0.05105479172223326,-0.010089396316989463,0.0012192799219123973,0.005989972078660921,0.02642523560612542,0.0027602903194261508,0.0011831516563118871,0.018867956592823587,0.013481347483756068,0.002763239145294305,0.02117457261991107,0.007169088829890757,0.025372898536736743,0.012602419257266018,0.10497251953765052,-0.005449954723629524,0.07751728098832111,0.0019491435078162755,0.030284432548918883,0.016146026728984575,0.005200842421460683,0.05747116920962658,0.00328947368421062,0.02265883257655621,0.025445210133260066,0.06315118685927734,0.0036540365579400547,0.007834400804703323,0.006075887875543584,0.0,0.012679662595838082,0.021571638016584682,0.015394689969782993,0.009215244580737636,0.028352010253040794,0.00149336911647735,-0.006207920251865118,0.07923123881052763,-0.023026451347035515,0.024204394527022055,0.02626348139817547,0.036873925201653224,0.015184228486240015,0.004837382793950518,0.01665191437845137,0.022874928974517594
2022-02-01,-0.030888001268108867,-0.0009726507767064962,0.04484860467360208,0.01760373475486765,0.02214440944679974,0.006780004669509232,0.08096277560822474,-0.008767063101818962,-0.0026994633591864714,-0.02461261307333229,0.011784730054809067,0.04113928666995137,0.05128215332394248,0.009587846976127024,-0.004870975022952306,-0.01052635594418172,0.005242723287697926,-0.01630921470935398,-0.010540954432652017,-0.014903721193720187,0.003962919794841424,-0.00715329477199611,-0.0022534222458382436,-0.018199324528895833,0.004166546039986896,0.0008220492324861883,0.03323840364153252,0.0,-0.00462679729507165,-0.017837315273968923,0.009505648616356499,-0.01698499954359667,-0.002797022623789669,0.001267177299935085,-0.005218708795200477,-0.006260929940522519,-0.006799915165609849,-0.02236440491364522,0.012195489710410623,0.012388313020798458,0.011777254924678626,0.085390936307018,-0.019501502236701995,-0.0018370109291427905,0.001794405999601123,0.005400366539170642,0.011644782162587575,-0.015705114616116567,-0.00249994109284557,-0.004346085429776658,-0.011392713283528422,0.0055925513035721686,-0.007054821054543581,-0.01761629727183056,-0.0059127949722461715,-0.05335961563404745,-0.003278688524590123,0.013293960893688395,0.0006681497540619308,0.011434575502459188,0.005916200112678904,-0.0005868839269608239,-0.0037241235280879303,0.03402600969587044,-0.0054440736408578605,0.01206631749826026,-0.0014252746319818321,-0.018556767688867493,-0.020677806634505802,0.015125667488310235,-0.007348566037015503,0.001017467881651024,0.013468024008768342,-0.01619234495878641,-0.008336517809554356,0.01604171048490044,0.006837650848685595,-0.003486137457982541,0.007867815582398574,-0.018670407220728102
2022-02-02,0.02788851757016575,0.007044339598967442,-0.010440699226198613,-0.03304928464822199,0.05120742780820908,0.0010931487872380963,0.008771937727253709,0.00479858009287204,-0.006088993023664169,0.00878180250849403,-0.013937280932973639,-0.007092222311913088,0.052845487529137314,0.011063325430719306,0.010181358792491713,-0.01702126105374524,-0.010371068957004792,0.01010566826126369,-0.005555857480556758,-7.436825375906064e-05,0.03552635252529379,-0.003002459741410113,0.02474842657550891,0.004429174046162387,-0.020746790353908695,-0.03264887325829113,-0.011029401130226768,-0.013734757815305865,0.012782990118119786,0.0038915207437926203,0.005649757086936269,0.008070792355074463,0.03155657604445006,-0.00017294064534079112,-0.04842626786966908,0.007618999910198321,0.014356684892042448,0.015745963314911515,-0.020080424363341565,-0.0006801545838592826,0.010270557793965684,0.018009438573296066,0.0032930772587753676,-0.010385377728417078,0.011642998002382887,0.0010986557648549056,0.0016547906878994212,-0.017360986137605505,-0.0802003390374747,0.008350446400126499,0.0064740767573705504,-0.003747824150261092,-0.012433125898129727,0.0,-0.010408980643912047,0.018267356022223735,-0.017894744873046875,0.010009666192289934,-0.004291831568259075,-0.009543408017237853,-0.03227249950505906,-0.01555606482639349,-0.0016165249595011533,-0.031901542676552874,-0.00738920770391982,-0.008941698918471852,-0.011679206607730142,-0.004801873398447953,-0.005865013407374997,0.017208927254318107,0.011845168795601158,0.009315695695123027,-0.006644442114145055,-0.005782829320353455,-0.015640332811813096,0.016549261587438302,0.0165533692570905,0.0016659089455342002,-0.0004257052216410928,0.020698540387392494
2022-02-03,-0.02713185048130684,-0.016719958802904,-0.03399795741268097,-0.023498025372167275,-0.021831217485657084,-0.02136010515687803,-0.01605349660067734,-9.36995799466489e-05,0.004311223013715448,-0.01168058381816206,-0.019687078824475512,-0.013605467966766205,-0.08494205776834718,-0.028081793245910425,-0.0014540418256344667,-0.0670995563762935,-0.009880720918296948,0.010630237871224635,0.013461959798856338,-0.007080371928373519,-0.019059693402058597,-0.014754351058617332,-0.0016529751846460217,-0.011922289521584917,-0.008474637780051975,-0.009339894623341727,0.04089215344087638,0.0069629790451419815,-0.0018358133806614108,-0.008399283196370066,-0.001872701984285463,-0.006878490944691729,-0.04486735957269494,-0.02606676406916586,-0.020780188618683915,0.004071843738804537,0.02709785521643404,-0.00877460412876474,-0.0020490731544382523,0.022902907130541772,-0.02400028640593943,0.014897565253434886,-0.0038072731613789657,-0.003320980979846122,0.01219767586968934,-0.036580996879782224,-0.021547332255685614,-0.013173799118343932,0.008174106779416768,-0.029485809658393647,-0.025215519425052402,-0.004490436383534302,-0.020683709661223126,0.01449259424190208,-0.01803167056558852,-0.01486413396598174,-0.04541799862499174,-0.020494746579266088,-0.00718397038876073,0.05425442798370561,0.007947516510839137,-0.0020869522963374854,-0.01659592939018195,0.017125060501651523,-0.02017385434887553,-0.023308539262819283,-0.014968644937277675,-0.006936011863906244,-0.023008925040864492,0.05219717296209869,-0.05706968996205464,0.005034331165771011,-0.01672237874194804,-0.002237224459524123,-0.026216457122941295,-0.021519386179865818,-0.010020786706445795,0.007483744730208075,0.0009940783330981695,-0.01720643445010861
2022-02-04,0.019920397964659387,-0.0016792959583260547,-0.028822820964562124,0.02925894732713541,0.029313762403325283,-0.008614541098702078,0.0020394108017263157,-0.009552222415563527,-0.0018071756767156222,-0.010145974137621527,-0.002780558635919528,-0.012413774254560694,0.11814343381227088,-0.004284141641032302,-0.019991890495835607,0.03016243994589951,-0.1447320496047847,0.0004637965916236553,-0.005740311641433182,-0.009157887935432485,-0.010362712193130785,-0.008251978564480567,-0.0021154556489073606,-0.008464599269407125,0.011752132566463791,0.0017142025753906776,-0.024999976583889194,-0.0095744408074252,-0.01034602638954063,-0.0037464889508255217,-0.007504683381911681,-0.003747300775791551,-0.0035587755869760374,-0.011132330459513451,0.010827124918602715,-0.0163649275527874,-0.005590340376088521,-0.020172046086901485,-0.024982760630114953,-0.0075371872033490606,-0.010375501691802347,0.0009174522231023552,-0.011992482808413252,-0.0003995375836490789,-0.011370470725616366,-0.005695380952312812,0.0005138879032418053,0.0052777804985637555,-0.006756725201912506,-0.006270017549204643,0.003167336819279276,-0.0021941664949208795,-0.008570498647544444,-0.00522650610540254,0.0,-0.007804569036896192,-0.0018245228549890191,0.00422394457884856,-0.009744300745343937,0.017294652418980316,-0.014996790863518017,-0.0034360844039836858,0.017287659703073777,-0.015306180539302772,0.0038457306351551424,-0.0023093111975281966,-0.016528751439371492,-0.007591842858052034,0.0,-0.0011766183539260178,-0.011057055079885969,-0.0210385335822878,0.003401321196358831,0.0013452247515366444,-0.028146002738879128,-0.00917955965061068,0.009700603949360564,-0.004621868785108396,-0.011774243968786013,-0.014797698760225853
2022-02-07,-0.007812491662494092,-0.004234481487637942,0.02155581329593126,-0.01434646451338284,0.0005663405800031551,0.006393188976068664,0.0,0.0017018965283122078,0.0031686802224473176,0.001126127080827155,0.007745642798378638,-0.004888284663810416,-0.09056606256443589,-0.003902478027418832,0.0015842544153323868,-0.022522500753112684,0.03394367312558044,0.0037105374241328537,-0.010631637669600957,0.0009848308603668254,0.01178004515043063,-0.010477633259727837,0.008480087499752154,-0.0046871596449074016,0.04329456227618467,-0.010267369887408062,0.0,0.004296568473227014,0.005923870973699064,0.00654025838829253,-0.017013261481454656,0.008548043890020507,0.010714293038859735,0.0,-0.028277478949929935,0.0032389845557823094,0.009517697577764217,0.00015132355374580797,-0.0014040141943835183,-0.0022335893409127783,0.005283430274915402,-0.0421631571567882,0.003067877958566223,0.004400081568177949,0.0015728826930130335,-0.012474629892130773,-0.003741712768311589,0.0006175951719202821,-0.013605378205628571,0.007285439722795273,-0.004341478429503831,0.00036642377908568946,0.004631334282293897,-0.019264414065071955,0.005355852540466444,-0.026219303439326325,0.0,0.021911394640343973,-0.006235365691445893,0.03469249743147218,-0.000784751759256741,-0.010043322875217697,0.033886166031895426,0.0038860500468536063,-0.012847855982303868,0.019290121787469472,0.021550605739538264,0.0058138910037910385,0.0024155143005657465,0.0017670924586687953,-0.0011770158920437757,0.005458040355559968,0.03389824604068137,0.004926163363321967,0.016159519455174243,0.0007720829971611387,0.011278183030053457,0.0004974458057958042,-0.009832449476566696,-0.005923333245922424
2022-02-08,0.0275589276933097,0.018466885014243983,-0.0061160731909641886,0.03638820335154591,0.03687230230540117,0.07819973934148616,0.0,0.005946677443133375,-0.0006769184837912556,0.007200893941712083,0.01926604432373269,0.017543857107970018,0.024896355278820614,0.024309455069329022,-0.0033616321956206896,0.009216580748085068,-0.020450074842269683,0.0003081577711454564,0.016741365224890004,-0.0006055599077335883,-0.0025870980406481614,0.016817488092505384,0.012978516351048963,0.010763489335383625,0.034412989473342925,0.009941626970428885,0.03296700129689234,0.002139023234879023,-0.002078483428176847,-0.00032474007892113743,0.0057692713286059405,-0.00824912152112467,0.016254303501378242,0.02838336386300644,-0.009700494155187811,0.004255932783733263,0.011186483551917537,0.008173193407123636,0.03690664909087493,0.018580834983377592,-0.014945600484454591,0.05263159816014773,0.001595441151336363,0.02057607983468568,0.005398030540134435,-0.008636004123715457,0.011782968767936053,0.01327180896057012,0.0,0.013238657072174753,-0.0029067508403131104,0.010869468912659386,-0.0015366613019300868,-0.01785720294040205,-0.008371464976962395,0.017231916006963832,0.0,0.017995691027752336,0.016176418055412034,0.02738449151808231,0.0026704673253061806,0.011508174709712105,0.033264951206863014,-0.0025806057837701735,0.007856303236438045,0.02573804868084295,0.013002354910510272,0.019470589269081406,0.01084339162887682,-0.005682987572914855,0.003534917181440722,0.027480760855883357,0.016393495228471444,-0.004010595477919265,0.020859004400154424,0.010028846705601335,0.02313072651100012,0.020222050961167026,0.0002171850661096819,0.003830771479259809
2022-02-09,-0.019156974733108068,0.008293576059514418,0.01476927019784302,0.03797136685312874,0.03602909248935071,-0.0158498343337391,0.014246949891983718,0.021394331199075856,-0.00022596840773614346,-0.0145217201299227,0.02775004424364136,0.021379301607582946,0.02024289257107914,0.011964413879041569,-0.0031745655145355434,-0.0388128017927335,-0.002722873093572553,-0.0018479077337382188,0.006247039169176238,-0.002726230302029675,0.0012968689555483692,0.03307772642587392,-0.0544977105040485,-0.004159646681866969,0.047945215180550615,-0.0265353707664554,0.0,-0.003735388378690474,-0.00046298349836870756,0.0037373562459663834,-0.013384353997340503,-0.004557922569406125,0.0,0.007686025661979956,-0.0173640372753886,-0.0037995115737968765,-0.016231759932268996,-0.011860061315432158,0.002372840778421592,-0.007692412275891014,0.014005276215684148,-0.00545458360151807,-0.0025221376272518414,0.010665666092839698,-0.001366784631976925,-0.004940841794394912,0.014993760600481076,-0.011981040605333004,0.03586234869393512,0.01357564297844771,0.015902308378743957,-0.01679340445738331,0.0009233640763890438,0.015636482533960328,-0.0007671239573818767,0.03176320785184039,0.0,-0.009120841482707198,-0.021128904064367626,0.027564621196760397,0.004700016993114398,0.006287364667084461,0.011930679738724415,0.0028459713146620214,0.017328140890633836,0.01549809416032466,0.008513505204202021,0.017009873795908792,-0.0005959611723851399,-0.00985421742116166,-0.0185908065788708,-0.003136815731771936,0.0,-0.006264268317966115,0.0012142320654562333,0.04029023104703344,-0.005651722756999766,0.0008123507909150174,-0.0021738306270040475,-0.005300032751768158
2022-02-10,0.0273436238004785,-0.023598696791682583,0.0006062713148589083,-0.0020044604526002763,-0.053293256568859526,-0.03528828320824584,-0.0675585445998399,-0.02664197447452943,-0.02710014786893955,-0.025504430770146636,-0.01711993354309005,0.009453034747838096,-0.04761905885118689,-0.018993989241011033,-0.017615513274433114,-0.009501178501326923,-0.010152085110699316,-0.029210668162255704,-0.03733534847783182,-0.02042672154895242,-0.009067381978362543,-0.004150506945257426,0.005057719733502886,-0.026733551401198596,-0.0177403906367557,-0.030556235503584883,0.0,-0.004820588895577904,-0.027205159677524238,-0.01942693506397053,0.005813994320832405,-0.030563238939485537,-0.027816380357984838,-0.025309100006695506,0.037154520795902535,-0.015989418096676422,-0.0010804216375415177,-0.02446070543861467,-0.017923634726686788,0.0004427914468949634,-0.014921780311824784,0.022851920437755746,-0.026886868573395173,-0.02458157540225714,-0.018181803249539996,0.00039185981096001576,-0.012334256090648199,-0.016853263931317364,-0.00798974236691119,-0.020751035934376105,-0.015784037691850994,-0.0011059586470089089,0.0,0.015037336240156796,0.0015358754679037911,-0.05809467756875508,-0.016029237143178054,-0.03795779706512992,-0.021683266836475812,-0.031633557365749465,-0.004989875041346625,-0.004165343213884287,-0.01988554616823901,0.0,-0.012924852066282133,-0.03052306759200707,-0.032078137427277165,-0.028755694066779913,-0.0184854719635682,-0.03069219468552109,0.011963873086992871,-0.0417355995294485,-0.016129083180315362,0.000450325599236745,-0.02303508272244359,-0.007158601579313473,-0.012180332090030777,-0.015422069815783535,-0.011692903557544265,-0.021049643780678307
2022-02-11,0.04562752220922883,-0.02021837627041201,-0.008787756641008393,-0.016319394827948863,-0.10010333683653394,-0.002709624840235292,0.0028694378089735295,0.006889980543735907,0.0018570015409484775,0.0024426020141399274,0.0009952553015464272,-0.0033444536693968407,-0.012500003095858414,0.004445244024061434,-0.00820571525205449,0.021582770009893615,0.01881435567949885,0.00992324952104462,0.042721233364119815,0.010465013899656705,0.0,-0.0059542879675990035,-0.010254386783216107,0.008927235067417438,0.03326994087549462,-0.009297049015834058,-0.023936126815690684,-0.001614646512239859,0.002736979036920495,-0.00528323373149131,0.00192673447676861,-0.006730572921774036,-0.03290408602362549,-0.014465414849926694,-0.0266493422913211,0.014609494994532346,0.008701316562683692,0.007164019165804003,0.001377508367416569,0.024352652074989045,-0.01627443613378199,0.1322609965513466,-0.0016412791968118956,-0.0010553666171126963,0.0030865426439590227,0.0010450043309093715,-0.0025491645021660236,0.009855278476009088,0.022819057197011494,0.01322820641847633,-0.006494290407039638,0.017837272883987954,-0.0027907722440309035,0.003174897336716942,-0.0030673097447632136,-0.023574483769789878,0.007859322606174057,0.06766620212503094,-0.0023172295559870104,-0.05200569438158342,0.02084304510401136,0.0005976230441540054,0.0017226278252557847,0.0030960462275191336,-0.010661879799148899,-0.009745232836566475,0.00764806373981175,0.015105561756926233,0.0024301894138669677,0.003725175113937551,0.036453299939995354,-0.002073957261400583,0.022950797051757288,0.0031506599598956075,-0.02730097736222825,-0.006655469265683167,0.014796463286373518,0.015249526630610744,-0.005511564314561013,0.002408467351182164
2022-02-14,-0.010909169401184249,0.0014230871275628942,-0.021705975187120363,0.013527278590318437,0.00963064441554673,-0.008794928189277518,0.0,-0.006561603808522665,-0.005097342768873969,-0.0029714323864490355,0.0006959023740151782,-0.010067168249625502,0.0168775856296155,0.009834499506732763,-0.0006864614135563274,0.007042190459944031,-0.007567248339532151,-0.0112520907045498,0.020372756948942916,-0.010279950755978873,-0.018300561185442765,0.009583624449587269,-0.011895766208038783,-0.005104778391263665,-0.02759894251564554,-0.006408761457953105,0.0,0.0010781246691933255,-0.014716221376666394,-0.003153387280110276,-0.0038461503192516178,-0.022705847711488092,-0.005177563675538455,0.01828690829238977,0.05341127918533384,-0.006318029087141075,-0.008967618256220389,-0.004948207820918316,-0.01031642246885045,-0.008033149410833773,-0.0002980090532027635,-0.04340964383764567,-0.008905652031317546,-0.005019132444483154,-0.003474069854488504,-0.002218145923990944,-0.002482847288615808,0.0019726333748941727,-0.00524954900732133,0.008618805026164411,-0.0005337840538580663,-0.006163865345230057,-0.02891797336003743,-0.011251924297224658,0.00384609148541748,0.046603069297575184,0.008790624660609314,0.007390850426964635,0.002120562814746263,0.011991662034346762,-0.009210854221151643,-0.013030160450550055,0.01117790087641679,-0.014146070523428866,-0.014133123945155979,0.015140058772654008,0.011717773666189757,-0.009226146389555656,0.0024242979107480522,-0.006804036729024299,0.01311777051045504,0.010564606467098114,-0.019230705888682142,0.00897228626806168,0.0008504367789754497,-0.016192066411961692,-0.006480297771962129,-0.00097965719374149,-0.010197257442071339,-0.014416555758578697
2022-02-15,0.011029491997797125,0.023152382874886968,0.022812480889335074,0.03298920683690598,0.06300870560210692,-0.0014716551369533537,0.0,-0.0042460689365824145,0.0032604026807609987,-0.01051904178398777,0.01540137727587676,-0.06033887247793024,0.03319500334897385,0.013342662836320907,-0.009121508384700161,0.034965057506117114,-0.0021686679581666146,-0.00865518194686854,-0.02010188628220777,0.0036430437931656012,0.022636440698778904,0.025511921998750298,-0.0002913196790051975,-0.00153936969916868,0.02175982318979619,0.007601977245212055,-0.02270662986402039,0.019386122278299167,-0.010580011134726064,-0.003663143850504702,0.025096548021047438,-0.00048633116845120394,0.0037176171864459207,0.031781670216533664,0.012782261965478936,-0.009315249855487928,-0.002311177861053948,-0.0015539755974731673,0.02050056122492694,0.015758557954072216,0.038987474301006575,0.049504982436891165,-0.009952729511877756,0.009026872330681002,-0.0027887775094290745,0.017523057731799963,0.021302992337942417,-0.0021759594856944897,-0.006596358014585357,-0.0013195318434081615,0.0022690510937561914,-0.0026752861895106284,-0.005443385656575539,0.015291645938281917,0.012260553725930157,-0.017703698799938827,0.0288123032803822,-0.0002749507312549415,0.011991184958101142,0.016344383104933025,-0.008212030324924124,-0.0045788644552817725,0.007653173984357942,0.019566917927782423,-0.002359735885139269,0.031319786318950715,0.02500677377284788,0.0018023858516147406,0.012696437294360319,-0.011625441664287361,0.0016890855254014792,0.023993026514388616,-0.0032680161886343706,0.004891216522251662,0.020182891646451706,0.05694277493140176,0.0,0.01372771040830889,0.0031353139481018477,0.0035458933253129654
2022-02-16,0.010909079086014017,-0.0013888181616208417,0.007332836714879498,0.009507542303662353,-0.031118784401992894,-0.005715567396403443,-0.052932746448415724,0.005306534138328267,-0.006731712042901572,0.003897827674448573,-0.025051239508547152,0.002885874272025468,0.02008038072466789,0.005574135249009737,-0.006723197344729925,0.01351350045186761,-0.00953424657534252,0.001131636807698122,-0.02415273133164897,-0.003089190931134911,-0.009114607685284493,0.015041881526000278,0.00942044788452745,-0.0025694050394649004,0.0157408881733494,0.004801076278331262,0.0,-0.0005281024614528507,-0.003441513887615044,0.0013370775042760297,-0.009416142078437106,-0.006328363787912128,0.011851683091110399,-0.01145073040859268,-0.028607411650233283,-0.0035821999778606894,-0.001133527689775593,0.003268308791041896,-0.045965377459244894,-0.03964668094794355,0.007135929639970895,-0.03459123622804716,0.005864278789925015,0.003157478564751237,-0.01727917757186903,-0.0075824832727675595,-0.004085870753433918,0.0003113204879394704,0.006640158879830382,-0.003648852494286814,0.001864554136140839,0.014388506931225287,0.010302603026700385,0.0035025160928801036,0.006812963467580868,0.016384398347500495,0.0020492012586417196,0.01293447453090546,0.00029880370655654964,0.00844273961711739,0.010935820136776186,0.013952891735954154,0.0037504822322880216,-0.0020471296649509085,0.003040834531468084,0.006507776894756567,0.008474620386480725,0.0056969516070899395,0.031641832038537876,-0.0008401819094072671,0.018358882243298957,0.007531311351467229,0.0,0.005751926894032255,0.009787453614817698,0.009307425836709404,0.008968603973394274,0.0008061154333465215,-0.006251478529924692,-0.0019875891005507462
2022-02-17,-0.01079135533719533,-0.02126920054052317,0.0009097763360517153,-0.0396039458027414,-0.0452034971914701,-0.004401523466842527,0.060422976175572796,0.01185848909083842,0.010389668612467373,0.00670689832382898,-0.010037310471044947,0.04316555415774226,-0.019685096492496723,-0.020835227261172817,0.009580337142520046,-0.037777794731987835,0.03347955321183127,0.0077520711180738555,0.005166627140054558,0.0019367835746539885,-0.003942089835951346,0.009974330045553037,-0.01577846770755642,0.003262992233333817,-0.0401096297331065,-0.025483479236459883,0.013011095415467855,0.001056971272249685,0.004563134692588067,0.00550716384297778,-0.005703461692572409,0.007716056072994082,-0.0153733309433014,-0.024557260290517635,-0.025119175193394128,0.015428351102284799,0.0013927681480299103,0.007291380931434999,-0.036402423542633566,0.01480809116767623,-0.018771907555335754,-0.04234523741015905,0.0033311974586152093,-0.022426251512043582,-0.003151022449188412,-0.011136880347455858,-0.02015274921112964,0.004983100524276862,-0.01715044794306786,0.002652017945328433,0.001993880441594209,-0.012862207694408379,-0.013065687494635325,-0.01047125623797518,-0.001503805605479469,-0.04459976540850019,0.005180707439913279,0.07580146311443481,-0.020804409852265615,-0.015813985932308983,-0.013444728113685578,0.002570853115423599,-0.011116189269876675,0.008974319849258894,-0.018333998209104196,-0.012931190759738143,-0.008276422967344765,0.006261227019444204,-0.017939893574807186,0.01450496023838177,0.0031271883446770676,-0.02325570357625628,-0.029508018651624,0.0026398467144086446,-0.0022683853637657236,0.0010639715955447215,-0.025050552486132527,-0.0072487982676822105,0.04006618795489958,0.01637526492481145
2022-02-18,0.0,-0.009355696952991766,0.023939591741442223,-0.017852629527291164,0.012992783205365344,-0.004104986280301315,-0.03490026869298457,-0.0058129531380475274,-0.003505710604963963,0.00549310867379571,-0.009327793971370957,0.002413730126566316,0.024096472784055578,-0.009956193824059989,0.018875737774021628,0.0,0.031093871992500022,0.0017626816925513378,0.01602122240775783,0.0017011186176731918,0.027704485866895112,0.0025395666673702078,-0.0016619342897415956,0.006162321084320688,-0.0341880561199821,0.024515507638835254,-0.03119258814794512,0.017423518976614538,0.038797189595738635,-0.005145200275024853,0.011472264351955141,0.0065626954562050255,0.0,-0.0017810402078887178,0.022212577710351677,0.00531048376928589,0.0027721369902569126,0.004466457469069374,0.0214812666823454,0.007959228731233337,-0.0027389807233429986,0.028061217456067267,0.0024904795542970426,0.0012073774928182957,-0.0029565952289641872,0.00013079689803041639,0.029969259036783047,0.00030968042894929937,-0.00939579462241269,0.018579193031769803,-0.01631723947922481,-0.036044751301023026,0.0032289954828474965,0.026102367215881106,0.0007528588664738045,-0.04161977733518141,0.010579123067726348,0.010691069669093611,0.004879520901233336,-0.0027004719799504917,-0.014880854792094,-0.009200540128708301,-0.0020782854583927257,0.0,0.0019116552649476315,-0.00946138987485834,0.002439554532241539,-0.0005924241595406388,-0.005303485929847085,0.017405641231486024,0.008985945255406635,0.003911459105808257,-0.010135347656287097,0.005265499576467159,-0.01550221321063161,-0.016297729739087274,0.010360311948825363,0.00356979540450153,-0.006408623590471674,-0.008926558023662823
2022-02-22,-0.018181888791860334,-0.017812473935371664,-0.03048262874514429,0.0,0.015988752223033753,0.002898935411763004,-0.04649447273600005,0.0020745725143751503,-0.003283246947911822,-0.00650937295305587,-0.07327794368861895,0.01479187196831333,-0.06274513856508501,-0.022281304155111314,-0.020854430682315184,-0.020785255005468795,-0.013616660190227114,0.002879683834352109,0.014673045942525498,0.009262628126427197,-0.02952501918202244,0.009006285225281463,-0.002056176029121559,0.004593399127412967,0.031465230286205736,0.005013614417747059,0.0,-0.03217459407545453,0.0016544530854345485,0.002335553167564175,-0.018903573790866268,-0.004950342598426305,-0.015613104128803346,-0.009160000351700504,-0.05215163282048696,-0.011885355665945174,-0.0027644734910339253,-0.007513024582229799,-0.029006529256478397,-0.012063882916001911,-0.0049103592827953735,0.004135665020993384,-0.0030360621647421704,-0.022109150493339613,-0.008385236128435003,-0.005499352873359564,-0.014334203798668677,0.010223299186720824,0.002709877814548456,0.007852757477490702,-0.0049895338472183415,-0.023622994474055026,-0.00901185958228845,-0.001375044756550703,-0.006019309193185274,-0.04988273462065551,0.002013173018095671,-0.012576958060982357,0.021244332785706366,-0.07378820610892822,0.015105639621848521,-0.0006091311675365807,0.0036918044818319284,0.0,-0.0393365341114692,-0.03232918549127162,-0.011142302815966065,-0.003854238511475594,0.006516624159984108,0.001833042641369742,-0.02271886080802954,-0.04014900300437718,0.017064818200023257,0.006983795275157689,-0.018685718024438747,-0.037997379245582,-0.0024607831123445445,-0.021988688844959303,-0.011160012863669855,-0.00263624109963434
2022-02-23,-0.0407407915043122,-0.02586403393668779,0.004273654974253471,0.003840187043214094,-0.05092952280100438,-0.0018518868606963723,0.041021650916523766,-0.008187388482532199,-0.0025880049153788054,-0.020826015878677717,-0.021203844703415964,-0.008474505710390878,0.01673635103079074,-0.018150650750876185,-0.004342439616091154,0.0,-0.0064647196818301556,-0.01084712364420437,-0.23469941445860731,-0.005812458301673984,0.0026454889375957524,0.004742159276882818,0.0031398169502523388,-0.025740806080787104,-0.03717831543980099,-0.01564622790438175,0.003787875024959364,-0.009651377630309987,-0.004129559044023345,-0.017643213766325716,-0.00770712165934917,-0.03288441010734777,-0.008308531003801023,-0.01296680933439287,-0.009628273126253584,-0.003415730858131627,0.002672959022705257,-0.010041806457981362,0.012322628896252574,-0.01132341598691955,-0.003429158744460481,0.05848435074694924,-0.008859488491659295,-0.02055374402746124,-0.003712423388163355,-0.0014485928094539746,-0.022719217430356764,-0.020239343614832817,-0.0013511072889741405,-0.004171915266180437,-0.019788912542105574,0.0016819125136975366,0.0016237669893355289,-0.012048076461131041,-0.010598268202252403,-0.0487953213177349,0.001875159158604367,0.010037944972351998,-0.012976679719879591,-0.0634410719917704,-0.015507449575550725,-0.004417287992307228,-0.013958358758952905,-0.0005081739222825288,-0.03284945863633637,-0.013667519614170898,-0.011268167688817998,0.009226146389555545,-0.009417295442469498,0.010774657315923752,-0.003533605319942512,0.01500174351360628,0.02684574173413945,-0.011269972285957053,0.0029951217904375937,-0.026956149716789612,-0.0008223864457828078,0.0003305194369600528,-0.01026018494488723,-0.013215855673860188
2022-02-24,-0.04633190600766557,0.0166802211381456,0.002735636051939272,0.07268559947370612,0.06240887701167419,-0.007828028035987589,-0.03791823316833942,-0.00607255288052666,0.023826154629672303,-0.006691377239824825,0.03328438126754496,-0.008547007340754531,0.0,0.02150864936523833,-0.012876352276718572,0.021226452227886883,-0.02914462166715337,-0.0006449811619072543,-0.0016120604683310669,-0.019309207530165295,-0.01055410694372827,0.01304818863617041,-0.014377831288084897,-0.011646254996982908,0.11386146323752477,-0.01612533437917496,-0.008490580127263336,-0.0005415394540827512,-0.012914784912521071,0.0023722766985418975,-0.005825283350059718,0.0002512221456307806,-0.009139225649556937,0.020557113027338536,0.01805537774656174,-0.023096379571733716,-0.028434861410580936,-0.002028587584457897,0.01143493352544378,-0.0020210865765092345,0.02001604688841918,0.1571984003208502,-0.01745789101070694,0.10352585453068719,-0.025773856179252763,-0.030722580307968483,-0.010513056632856399,0.021283432582500872,0.012178457873182724,-0.016941779990504502,0.04314152928244708,0.03784555731300787,-0.017509725525483466,-0.006968573021231106,0.009946480896049659,0.011038844775078438,-0.0001337183933475261,-0.028394951059543594,-0.0027097463535811217,0.022943674538863368,0.027048621299186726,0.030293487849046397,0.0027738778778079176,-0.011187450315825465,0.008688758536799845,0.006928454596174527,0.0018340750496543823,-0.009141802778853458,0.011883586681289193,-0.010458757240411232,-0.0194102534790509,0.048687247269479705,-0.006535872454773495,-0.012713970019243792,0.012585184427736928,-0.002885842055948218,0.019753111611957364,-0.0018177992561018153,-0.003850250501566732,0.041294543741577705
2022-02-25,0.06882583480375803,0.01296541296541287,0.0003029503010092416,-0.022111276148610637,0.038161366306065814,0.03539018768313773,0.0,0.041431897886490265,0.023271786683807028,0.0007219488994010259,0.04640763273037796,0.0068965649772618765,-0.028806539399339637,0.008160469963460093,0.03829155966903941,0.01847573328305807,0.030298451567775997,0.03501706585111641,0.09676199384114614,0.03561348345539894,0.014784980070106313,0.020827695892998266,0.03503006913978535,-0.01565233689515233,0.030222161528835167,0.017326192796286666,0.0,0.011917832947409446,0.03156882769121716,0.05392166346928895,0.011718739086063357,0.026216518910534337,0.026902195166865095,0.01811680174700303,0.034561315481039356,0.03706523600344869,0.03815871248202907,0.01548077125569236,0.012399598826986269,0.04545465610614596,0.03196479787140971,0.06926696307317859,0.039800999169838036,0.030045604402733517,0.022205803366317722,0.03822607766113184,0.03262255481108589,0.004290483153505553,0.028354311839720037,0.053393430621217375,0.022799753075772644,0.039203381276349036,0.0227723393268231,0.005262952354756267,0.03181827698179607,0.0700065493790798,-0.02687527893602637,0.03575737243017363,0.02945908727876012,0.03967040643579112,0.025096643593216506,0.024651081509296624,0.01468901155920821,-0.009771177014119004,0.04004195672493083,0.013761562829115226,0.03281858807883653,0.017559517546519965,0.017615926304442198,0.03455279570254688,0.03121402197690437,0.04211573938874125,-0.0032895965332508936,0.022202874173500975,0.010111803790052498,0.021609201337343675,0.008878222002374425,0.030463570394911876,0.013751313882720106,0.015434118178185852
2022-02-28,-0.07196962249103744,0.0016378513038475262,0.0,0.021881781857752802,0.018833626509808354,-0.0024225345846181634,0.009273635481048759,0.006600077863139209,0.004954128612561393,0.011659967238937474,0.00845281038509027,0.0,-0.012711784008730076,-0.006595347978223254,-0.008612019053808373,-0.03628114579323649,-0.012128854638850273,-0.0020267116702561427,0.016029837995832574,0.0070441938706551355,0.0013244088180592861,0.018523500545653437,-0.00623189693514814,0.017151928532265437,0.12942179539965837,-0.021634117949383858,0.013320588639352593,0.005353248893025242,-0.00197831709896501,0.017161142202896995,-0.005791454433467291,-0.00012226042891438915,-0.008233391053150352,-0.010068093489293384,-0.050989163188182696,-0.008236453324201864,-0.010082250196711162,0.004311705113597908,0.023415095030161925,0.0073180993683152895,-0.003587770503869381,0.08805029258608776,-0.0101979286162166,0.00036925607446569586,-0.010809749680582903,0.0034068306088104183,0.007898058830534627,0.017088698397965674,0.05540911818508709,0.0007140140485160096,0.02000390310318889,0.0063291452464599995,-0.003549582455402711,-0.005584573128144754,0.018355408876288948,-0.04621862770895602,0.017724662505686828,0.006307061030501382,-0.0052918392274341475,-0.013208123480195288,0.014205957658191215,0.028116064334975155,-0.004229983023504302,-0.0028563178511693543,0.002760700387915982,-0.01583718754356589,-0.0026582015361440448,-0.012869318508215821,-0.020196213676317076,-0.00805488377778063,-0.0012918688512494336,-0.0610979051768763,-0.006600665129722794,-0.010425778757468529,-0.006256591352341467,-0.037960345421080066,-0.006000180492347407,-0.009158115370636266,-0.008945650163323049,-0.005488616604961805
2022-03-01,0.04081617964151252,-0.011628055032437024,0.024545433423163177,-0.03164401748716095,-0.07710389808009444,-0.00560755343389141,0.02986212688497636,0.0010929792888971779,-0.013443983591925668,-0.007723331476422346,0.005587295752918164,0.01815064535180233,-0.008583664344803066,-0.016597719801162203,-0.00981096492279232,0.0,-0.006241696894976223,-0.005936680807474004,-0.026200963384073628,-0.007295957847493373,-0.019841355396893467,-0.06352130825512059,-0.015436625549299698,-0.008958305166823166,-0.009931161873397265,-0.059044893451848934,0.0,-0.009584567557919477,-0.004546990549942231,0.003626567691252358,-0.04660198903126411,-0.016625900810035565,-0.014339609885016369,-0.031220488988069284,-0.06808693189651926,-0.009046377506503167,0.012854940507467605,-0.017019243421266927,0.006687783149484261,0.03311966647842124,-0.0018003760802446367,0.04913297219394264,-0.02860283725916879,-0.019192908188589652,0.011348268552147545,-0.003134080672696271,-0.015887900994397297,-0.0031005504667050987,0.04375009723164003,-0.016348845847673488,-0.010604175080542011,-0.0010062942569208921,-0.040802991065346905,-0.012987009990824028,-0.011535705336500612,-0.024543766765060093,0.01660595871474735,0.046676475715464516,-0.025320197642427544,-0.005353965225890378,-0.01639109177183551,-0.019030127890518056,-0.027093536725072642,-0.021614630158160897,0.09841311248397022,0.07203074427602929,-0.019294405152557648,0.0,-0.002944595901559266,0.012279641672930719,0.0029571198872049287,-0.07269953245714089,0.0,-0.025022172695549072,-0.033368150546247866,-0.028464918848702836,-0.03661957610210964,-0.011512994249596509,0.006141103703853901,-0.010613347731947442
2022-03-02,-0.011764791822403198,0.02058828581407468,0.026027764050802427,0.03562655370414136,0.03909335743354214,0.015008104788237997,-0.020074312856373733,0.011006844625919499,0.011810109774534894,0.01736310165147059,0.037662232477411184,-0.009418058998823309,0.043289907761759894,0.0095128682311727,0.0009289196775670305,0.0023529950310201553,-0.00041413673207379986,0.013358530990278172,0.021698281060029467,0.0235642979817976,0.006747740847361738,0.001688719380713355,0.023321998804444855,0.008507637600444484,0.02546295331062165,0.022000026702880815,0.0,0.02311842786724827,0.017919894978097206,0.013197104619926181,-0.00203660944102646,0.011879014339352123,0.023736699221671653,0.028442534454375723,0.07057662128601683,0.009577976395395815,0.015473751066658048,0.017313913123286895,0.02797202978089053,0.021096191656478247,0.018717420067674295,-0.003856732578261468,0.019153442781577823,0.008906229536031818,0.01122040668147628,0.004322667307652184,0.020892631049245436,0.010032336715034118,-0.03353313901011434,-0.017345534008970764,0.00142016096476838,-0.005666106966078943,0.01485475635898803,0.012884569160604542,0.027716993025269865,-0.031612830078559084,0.013280211945179365,-0.00622431103504173,0.028403949346786694,0.0412679762197421,0.016967130828914323,0.04310960246316431,0.036968832530120954,0.03779616702627231,0.024928233025507396,0.052894854800104474,0.02804840267641584,0.018074174407673338,0.038984042263149554,0.033261712406780664,0.03279862623707763,0.10654249177335218,0.0,0.027465051667196816,0.04407276487156886,0.04748432017637061,0.002506113305029034,0.03264438497215516,0.001249935810745395,0.014160018029280463
2022-03-03,0.0,-0.0019812043186495654,0.018449331298550975,-0.017556385567683908,-0.053263404526395663,0.01771738651770094,0.0,0.023393761865489804,0.015712520569534538,-0.002824711456788198,0.09222535257225539,0.12054333120083083,0.012448218746246464,0.0072955835315349216,0.022891289339799892,-0.0023474714423807885,0.00435020666741881,0.012406889332901683,-0.053821845488572606,0.01043761289977363,0.0,-0.00871017748426628,0.0010532061507375623,0.0019332106567961915,-0.017306199293223856,-0.03204504254068541,0.04788734715017928,0.004729187626379527,0.015878600137683607,0.011784685819829832,-0.012244886043219938,0.0336844269712262,-0.0007481955901815773,-0.0016616215879687868,-0.02089124132754172,0.012007054890496027,0.0005288941924366242,0.007206544665295356,0.026870851689653863,0.11606241074883994,0.017586736919957602,0.08794248668680149,0.02622721602085787,-0.0073360391955971105,0.0229119040715402,0.006260804655457308,-0.0012881737798864368,0.029499384797468275,-0.04708795450274905,0.00141479517161347,0.01598966744135244,0.026972291466479392,-0.012308676441454391,0.008834060614042016,-0.02484032814488102,0.059293652330883795,0.0209698349951013,0.0044398986981872834,0.0044228683446649875,-0.0320217654664503,0.027558743499195515,-0.011158309448786818,0.0005614216097205027,-0.002564818787212042,-0.0047133683181553865,0.007467789602802588,-0.0044207608853772395,0.03376013662870192,-0.002274071357609375,0.007763475730265812,0.012667401315801019,-0.00957892305907726,0.0,0.037248335500391416,-0.002495237226412428,0.0034722653380547808,-0.00041683079056220596,0.05401107827210261,0.022987534790845032,-0.0004231225253049642
2022-03-04,-0.03968240592492722,-0.018408403138857166,-0.012171041339509303,-0.013764783794362634,-0.03188068929990051,0.001160645932062776,0.028072828299843255,0.021188809118495966,0.026740512126086413,0.04013205107828188,-0.03668061281579138,-0.037878843318181366,-0.016393473240415624,-0.018006191452782705,0.015020325846098137,0.0,-0.004881464006388558,0.02634784022936687,-0.022637925520887614,0.02703274546805412,0.0,-0.017290579115166738,0.006217928408222884,0.028416066278995844,0.022970793195251193,-0.044730868623059084,0.0,-0.01046011408273162,0.0180086029487756,0.005210818069868672,-0.002066162926976145,0.029591602381067172,-0.016466696141225534,-0.013197083188650205,-0.05168346678396474,-0.002197062219579604,0.022484855248158464,0.035926244956062,-0.01921146885483549,0.06969135326076215,0.016354691310218383,-0.10269448144019855,0.0367637458970127,0.01052135366700857,0.038670271599491546,0.008813819264595235,0.0029377731149011765,0.027978830387958675,0.11833582282856536,-0.0012898911491381337,0.01802258544584978,0.003082629247600721,-0.006736198025699358,-0.002802163376875999,-0.017467274959711898,-0.0830187101312897,0.0017971679962283105,0.014681515268035517,0.012330023928974532,0.007565561179795566,0.026239325507469324,0.02577311455199993,0.0031794076090267964,-0.009256894214490163,0.0011615035436853827,-0.05390847081830097,0.007231259202749696,0.005075234362934777,0.019373228909885576,0.03344606775820713,0.009866138087754273,0.02484568601368653,-0.02990023338218828,0.028305783511553217,-0.0014592028816934333,-0.033640906818874994,-0.0016671916687542865,0.0566693803534033,0.02534297899550464,0.03280409188528477
2022-03-07,-0.03305781731210544,-0.023717486119797848,-0.052721980746382235,-0.0026934527409543385,-0.05036441776060496,0.006225586445148812,-0.010332128513066974,-0.0012053098574053012,0.0,0.021107590223634176,-0.013100914902862248,-0.07559050234720022,-0.012500003095858414,-0.031550928450898685,0.010130017444030193,0.0,0.005181686135995678,-0.00029847225562951163,-0.03239209761290229,0.012126331381146827,-0.034852523059584084,-0.010095162812262415,-0.005989250869479323,0.020467305178924367,0.021706665491699972,-0.005291025581380615,-0.036738338084044364,-0.019556155373735673,0.002892874016460878,0.009147964520733076,0.026915137990554783,0.008378112363496726,-0.0053274690850864115,-0.022289100791244243,-0.06950021056761924,-0.006606094988105604,0.0026314307492549815,0.008082281560641169,-0.07227307429106522,-0.01900241906215616,-0.0046791126455048015,0.0011331704360306727,0.01107302639885388,-0.01772419513504575,0.006285512610023192,-0.0012847172700600762,-0.03886293622647896,0.0006571297529458509,0.02906957949248734,0.014697745943599516,0.04949522449414978,-0.0030731558475026732,-0.004747451597486352,-0.012995907591283995,0.0214814490341233,0.01234574296625568,0.018708342738911643,0.00731224250147644,0.001353181958690275,-0.06139573441349033,0.010736076136645734,0.009099299543031902,-0.019949472496475606,-0.0007785824097402694,-0.058277445797032645,-0.06623920308654119,-0.004660063078213095,0.011281534150393124,0.0027949215268341376,0.00545461200227626,-0.013433306946804113,-0.025219616268603695,-0.006849235864998193,-0.0041085341348570115,-0.02275567244931609,-0.0728067692767469,-0.012108567063008113,0.036656609246070726,-0.008052133940271156,-0.014958837541948267
2022-03-08,-0.051281996851474165,-0.011676009696899081,0.001512103856956104,-0.017431846119624894,0.025060727610820344,-0.013910183927881015,0.04250557056749105,-0.022498137243433747,-0.02367636395350281,-0.029784586008682612,-0.034189650260851634,0.051107245713102545,-0.02531637844442336,-0.0022214552565803514,-0.06282574315533618,0.0,-0.04845707884971551,-0.015825624155254014,0.037771403235038914,-0.022482173419838825,-0.037500025299108564,0.0002916585979724218,-0.021040304337266558,-0.023232528075988967,-0.05201465123776239,-0.012234018700539528,-0.015813960585483233,-0.01563337416838495,-0.015420260924666307,-0.015410373815027079,0.06854841733326134,-0.018116968649047216,0.0022954047617038675,-0.013801754006773637,0.030091692717498342,-0.05778028672102664,-0.04391229139120212,-0.009475183496178485,0.026938592161041663,-0.03649248753079071,-0.006535659592558418,-0.007922998814032911,-0.010821127161111721,0.0020188920807668875,-0.06256004924401337,-0.010034646885146437,-0.04385295401308953,-0.025605175083166398,-0.0011302078661740156,-0.046893920261225186,-0.02649103671329467,-0.02527723844413088,-0.01805800299439564,-0.0035587580099557536,-0.00435085833857618,0.046747882370586025,0.06905657690276135,0.007722528306217891,-0.0032820920770230133,0.010196102366727855,-0.01872833369077076,-0.025571813364050122,-0.005231717027892713,-0.013506505396459034,-0.01056657381633963,-0.0022883943230120884,-0.015819042274287876,-0.035469229697929205,-0.0039018780791745256,-0.02441247510750366,-0.017683558787334075,-0.060257214795723324,0.0,-0.050329837633156904,0.01794469327720538,-0.018022069033614474,-0.046914555942329184,0.025316451404404416,-0.020681900458855873,-0.026419912643735666
2022-03-09,0.07207199144007492,0.03499721299126901,0.0012083409360368336,0.05322341438659395,0.052307441829932744,0.001557640559247675,0.012875558731741288,-0.010758307732543382,-0.004849962732252133,-0.016151066976386463,0.006031927054510389,0.008103793753290622,0.06060595663915813,0.02173235932488149,0.018254383295615018,0.0023529950310201553,-0.008451303013823686,-0.01061872852126633,0.03552513558710024,-0.0027395302315476044,0.01731602945329347,0.01806006392719217,0.01211372938619637,-0.0018821244976126028,-0.006955107259310256,0.020463170401728403,0.006616228291965731,0.002738189624055254,-0.004169072273481067,0.004603424133183154,-0.003773581171086837,-0.010576859482268275,0.002289884931506947,0.03436205293477479,0.036515380286337606,0.005489141135611275,0.004264385267160442,-0.011479185761963273,0.016660582620818154,-0.006641510922075433,0.01100282098678007,0.06046773670407779,-0.011335462892635872,0.013726270337149682,0.007790922604949513,0.010916255614524584,0.05394905297791763,-0.014245793498099513,-0.05542953907292336,0.002683547321592483,-0.019890096464786233,-0.004301205502553529,0.018737057820841008,0.0,0.009468181825935229,0.042071175128481464,-0.04694667565664723,0.006743839515073624,0.011719273664500207,0.06211179977057313,-0.02293124859529072,-0.022790053531965726,0.012622111231314959,0.026593000221268426,0.0344330908204582,0.03440361140497217,0.02147402988797209,0.006524253445368888,-0.013430423458060226,-0.017608805753886903,0.013321332069079928,0.08117243723265832,0.0,0.03648983893110591,0.024553889586518718,0.043696859398626,0.058979963702303406,-0.008856613012670378,0.005189494984539023,0.0008546513352436502
2022-03-10,0.0,-0.027186026921385276,0.007239931462610594,-0.008540939438176132,-0.04133276759250393,-0.019484912845165847,0.0,0.009894720664412882,0.011741182085113211,-0.01350563794140025,-0.030273461905412913,-0.009967907652619457,0.012244901260057395,-0.01992123124505374,-0.011745403799434007,0.009389661902325042,-0.027828218950451955,0.012725979274176513,-0.0139244022430699,0.019375417814451845,0.0,-0.006581127750762028,0.004633265857785895,-0.012515139714258217,0.031128328986517406,0.002638482060556502,0.04037561695566727,-0.004915511904201697,0.01233299899063689,0.00442947836296903,0.024621142507204263,0.002019374486961212,0.009139488062360535,-0.0015703544121995483,-0.01509822576722153,-0.015754091056888297,0.001269071605283001,-0.007294852397149332,0.0024621789079588563,0.03162298786830098,0.01229114566752676,0.12910164598337426,0.0017331216887037648,0.01751539410098113,-0.0037635202100556597,0.0012853774928982542,-0.02419235140139786,-0.015818896792001547,-0.05509002452720102,-0.022877754019773988,-0.0019918519771611187,0.010163831753201569,-0.04359671595010195,0.014285561012882919,-0.010100814670403802,-0.019875747998345017,0.03580248797381369,0.036766442263206356,-0.007754207041585248,-0.001461965963308609,0.004638292323190463,0.02204940058388094,-0.0033995326181844865,0.0,-0.005648037786618598,-0.02734653353276928,0.0032723804779943855,-0.019151399553497317,0.023255914593186766,-0.011509331808797096,-0.008171816904471108,-0.004435529776815272,0.013793027221732368,0.009639739613419795,-0.07210144831774712,-0.02470163578679252,0.004187593038300408,0.02531802392276128,0.022730430883383335,0.006618376568592543
2022-03-11,-0.016806705150291035,-0.023908626135244693,-0.004193018862767128,-0.05192634448678124,-0.020383225508235125,0.008371808947559956,0.0,0.003972046612361613,-0.004160195459932847,-0.009913867916128027,-0.041252604136071125,-0.05813572783856347,0.028225840599479746,-0.014503349991362269,-0.008027524084074256,-0.011627950817908794,-0.024653472595861703,-0.001362574192521504,-0.039142519707133006,-0.003475151377155594,0.0014184151752050234,0.0031683811477583035,-0.005860758448391956,-0.01597214485849152,-0.01811326680154035,-0.012368453176398009,0.0,-0.01152563218067637,-0.0014531140210982674,-0.014750470083627176,-0.01109056274895126,-0.006520147818195876,-0.019847176721905613,-0.009921283783101642,-0.05007653333226747,-0.013153551654488282,-0.0021934361160907967,-0.007648355081848468,-0.005263065352601459,-0.021019635166779738,0.0010525540560926139,0.017627481813625945,0.006255001024728646,0.021731281717672468,-0.014498799501528659,0.0047502266861965126,-0.03219957377587823,-0.013890145836799594,0.1939161498864863,-0.0006523141701503254,-0.010728740381433233,0.0015091422704509583,-0.03846145578047844,-0.0024649006336213697,0.000728799956915438,-0.00633716850956112,-0.011561396937566526,0.007195049113119856,0.003762747541471656,-0.02869702234686422,0.005862401419870267,0.0038721597848505596,-0.009285494247274095,0.0,-0.03636290307167167,-0.019756688509320997,0.013550914317346896,-0.008410845155612745,-0.026053281421875463,-0.0167971311343047,-0.018449082490798463,0.01534633977312505,0.0,-0.010793062750740767,-0.04415023346448588,-0.02768837778310862,-0.0037530551730127204,-0.009111329223426279,-0.00392609764326568,-0.00869558358420719
2022-03-14,-0.029914604302985315,-0.02656251242401786,0.0,-0.04215038399714233,-0.019560848572431233,0.001573106246949063,-0.04307907226345986,-0.007736733032344012,0.0010992493011070525,0.0014304197572236887,0.0005286111658213688,0.017241305681877872,-0.058823543123525,0.007734208823807265,0.015554425009824957,0.0023529950310201553,-0.019514511222700204,0.0031837651635835407,0.0016872531550491399,-0.017996156634925597,-0.02124639763614289,0.01751352826014485,0.009857994173040785,0.006351568975760058,-0.01152957540293953,-0.017852336550432057,-0.01624551501942384,0.00999441857534289,0.0020147587073073847,-0.0026239423181202426,0.013084144469005299,-0.007039425337246885,-0.017134067824024712,-0.0009775086572401115,-0.005917523815264225,0.004817589660336186,0.009868409659073762,-0.004080548522900629,0.04338630424527512,-0.008409527303567255,0.01013891421952895,-0.09878279728742168,0.0035710300558484676,0.05532309296960558,0.01740556091128087,0.0027070405045321877,0.012261760125873655,-0.008954643403670581,-0.045647274947310024,0.01970891928016738,-0.0002520766802660557,0.0051489482090569805,0.012592440234072688,0.004235886429833524,-0.016023286874438214,-0.06505102101390459,-0.047751104183048065,-0.02456591023571797,0.04575165025580619,-0.04326191250553746,-0.010199624199332291,0.06640062147087034,0.005260086225883587,-0.020774591906169593,0.008648601766799713,-0.011628084761174162,0.018321502122254252,0.003938204487844876,-0.011952139335239642,-0.014560245955040352,-0.0031019899033198906,-0.024865802581996443,-0.01020413003901166,0.008392927138173967,0.0011549590183697056,-0.01832225470520943,-0.011301892314302231,-0.018656650658436247,0.013936970214844635,-0.0027813440384067967
2022-03-15,0.03524236545798498,0.029677348377973756,0.0,0.01185772737530244,0.0692420716973563,0.01025259582336524,0.0,0.011075548677283997,-0.0017568066212885203,0.023330712495251982,0.046703293989777794,-0.008474505710390878,0.01666669831321954,0.01247215509115418,0.024009158967929656,-0.0023474714423807885,0.023585642700200582,0.01632169433344166,0.08302114113972969,-7.310221031819886e-05,-0.027496530129101804,-0.007336258637123616,0.023829906548389568,0.00999275820345269,0.05209954977541309,-0.01763433301996098,-0.02844031897169752,0.0016491207192759205,0.00983052788721972,0.02336730728563241,-0.03136532728800012,0.011415356886385952,0.03645026318296951,0.009907919287370115,0.0676408229515244,0.011347272192980373,0.010207559758052431,0.01820929755352063,-0.01115636890483529,0.013893919136443111,0.024014798289085926,-0.04727271934608357,0.02095425273347362,-0.037250719718867176,0.0008148400127856448,0.011057248900644412,0.012498913623394614,0.023857780702869702,0.0011121940562359711,0.002367938544720838,0.03405632864482788,-0.005247401943368812,0.017556555367292503,-0.0014059299422370941,0.005181246102819115,0.02933155872396176,-0.06673425593261018,0.01748768962789593,-0.0066176375837361245,0.0504174710366696,-0.0020609857657600816,-0.005813567114418938,-0.0019026410083877732,0.020953358582139536,0.031567501631017514,0.03294120073621931,0.012764394650661703,-0.006638437228074001,-0.0023042001221758035,-0.015563593062452252,0.009518411832608598,0.01750000373145011,-0.010309327760090414,0.023720190808463215,0.010149929970624472,0.03305596258583732,0.006350742847869961,0.024171587709679088,0.012009581228454858,0.019952824372336142
2022-03-16,0.017021258606303435,0.02901539065892189,0.004511441165395258,0.05989581108507269,0.055245594204423654,0.00047490899942848053,-0.030996315157333365,0.002103290214285458,-0.01034124993848562,-0.0036059588841065304,-0.002220689945425902,0.10837589219061061,-0.024590331664885667,0.019688429917597006,-0.018797382931006634,0.0023529950310201553,0.0071193954843231655,-0.011598685407754772,0.015122612292095106,-0.01585452343359084,0.02976219638054034,0.02416136998551144,0.001215172186349367,0.0043394334708135585,-0.002217320045484694,0.04888153831858766,0.04249289922391264,0.007684139270428547,-0.008407277862299445,0.0027218873711716274,0.015238080705915147,-0.0016630825415701045,0.05886827295263464,0.012354890345872116,0.03801313934172135,-0.009955741859182243,-0.014941116974821367,-0.007153674816040789,0.02837612194755046,-0.02135609338025013,0.003557977913143162,0.045256265910605054,-0.004130875120045729,0.015994316496922956,-0.014753659434822652,-0.006612739556643987,0.029795363981734324,-0.012890172210120343,-0.06111110843561318,-0.004597326653493217,0.006464979199162668,-0.024868136579480837,0.050683131199124265,-0.007391715724602066,0.02356401413025111,0.016567243186793368,-0.02713704318610155,-0.008814354870427699,0.013138284590977545,0.027898614990782278,-0.010326144107922097,0.012733958671811818,0.013058596118336263,-0.014109780490494939,0.001114487906618944,0.04176163709540548,-0.007442224415540655,0.016707069419101606,0.02655894918743873,-0.0032018331315148973,-0.003082393262747174,0.04340716892471708,-0.006944449754371251,-0.022357702798442514,0.030143564252999244,0.05028280720839806,0.005889592820591982,0.0013257790898946187,-0.0029497552064522425,-0.004838045769723243
2022-03-17,0.05020915284394967,0.006454381174336055,0.00808361838378957,0.019656000542118246,-0.031897375553150975,0.01808613080332022,0.04569683340181441,0.0010492905969559096,-0.016007270051272116,0.0036190088813337074,0.004552554545158793,-0.012954821142790673,0.046218560850828094,0.006814625033221278,0.0019570586381427724,0.0,0.009653491053658314,0.005265497444935541,-0.006168494906045874,0.003990663302982034,0.011560569663692455,0.005835003135248096,0.013537348855966025,0.004839529439029544,-0.025185066365410846,0.011058504178640405,0.006340552089319829,0.010892887547735652,0.004127679932355077,-0.0018095014785732833,0.013133240649786826,0.002736988108642757,0.018050706374050485,0.00837518310015839,0.007324211592509844,0.009098124155996201,0.0049100604580889495,0.009306642388025477,0.01196805322695993,0.012184021283164093,0.0328101590166896,0.08189878396326744,-0.001555287854558829,-0.0062508646327192885,0.0006194293441008636,0.010496938080572171,0.014281307175893598,0.02812648286677999,-0.017751238648092027,-0.006734956736869635,0.002181563267604769,0.020994212382725808,-0.0023946266705310304,0.01063841612957761,0.011510977795383015,0.05280316099008253,0.028173003604436753,0.012300831725833739,-0.0024655768914125797,0.0366263268778686,0.0040248773732487475,-0.018347541931960976,0.00272879957718164,-0.0039032402989261916,0.023377626555020292,0.0145773428874163,0.011730699704701975,0.009560784838051894,-0.007311645843347869,-0.001003841249713977,0.007093363967906718,0.09952880133550912,0.03496523299318621,0.0062370676093352895,0.011305816912751121,0.01264268586744155,0.012674455089991765,0.007945230034031026,0.001519555223584268,0.008666174888412925
2022-03-18,0.01593623921101317,0.020918497994734997,0.03682804223145841,0.009397575654179313,0.01584740446214039,0.0016535113466240592,-0.04442823576219068,-0.015200346881785176,-0.012878184927877179,0.017098930669054768,0.025682464517889247,0.0,0.024096472784055578,0.024612764812541377,-0.0034951735570345477,-0.0023474714423807885,0.007528480952877725,-0.009278599889023242,0.04079111681396119,-0.03400537299362194,0.08999998072448934,-0.0019336465078608756,-0.011606251227083253,0.006019882062175741,0.02051665469443842,-0.014583368516629225,-0.0027002460754498303,-0.0032324197940578614,-0.014553888488450628,-0.023266396470457584,0.0018518059014955845,-0.009850606420510721,0.009219625186419833,0.013051745590349384,0.07464888021145843,-0.012812266527336247,9.676921481371892e-05,0.01189779906291788,-0.03219452558314262,0.00287446349565168,0.007460133579610062,0.06509162952594116,0.012722365964127347,-0.011531859275321854,-0.006708397128993626,0.0021533035566454473,-0.003282991171813965,0.011040633039425929,-0.03975923343219179,-0.007555567681326147,-0.0038698350849192265,-0.027627017345922544,-0.01543236688991978,0.02456144451443687,-0.01493602996683896,-0.034055870711432124,-0.0023059979127831864,0.0040263555649391325,-0.004394608612988127,0.022522500753112684,-0.014994175992865011,0.027447480574103178,0.007600601136572349,0.027951926043501052,0.02456590810417092,-0.003592147922203748,0.019005581864447008,0.005623011995816274,-0.005099158897057476,-0.008038450921558526,0.00018076502833808128,-0.014848414883960603,0.0033781736766642645,0.004132302469495253,0.018194141640154537,0.009005270710006341,-0.0008345179563177263,0.012086230353927085,0.002965363698799184,0.00754393165485201
2022-03-21,0.027451051053975828,0.008537948802888495,-0.025207697545549967,-0.0059680115455379434,0.02168164202646561,0.000296434954198288,0.0030487776068546246,0.022265582935915518,0.01853963833947514,-0.002630313315752808,-0.027494287512825233,0.04999996774919713,0.0,-0.0029026554858229137,0.006189383033342599,0.004705877865061936,0.00037353181887533893,0.011933628521130446,-0.03554808265902609,0.02560186441783685,-0.002621257288176859,-0.013562070600678489,0.0008386054138802557,-0.0029064584726522513,0.07073721281687373,0.003964099505127772,0.0,-0.004864956818813382,0.009808376320040724,0.012219599270044235,0.031423305192007644,0.013065107308074086,-0.012649279629186605,0.0005854824370628009,-0.05051899233791479,0.006569291586695503,0.00788474391096794,-0.003674372898991418,-0.011541019745914816,-0.0025079092877022813,0.006953271126600491,0.06111364292188881,0.0049993076387042645,0.004124399394368261,0.004987385311089554,-0.0006321111138943847,0.006587609407155082,0.001546103174490776,0.07653682781445381,0.004880298520882231,-0.006920042210882826,0.009470726783007422,-0.026471648032642903,-0.010959143492986212,0.0007218747233679323,0.028846273180320958,-0.01645148421021403,0.015019114184238402,0.018390790251183065,-0.07020923068520657,0.019894254171362702,-0.0058516868367589625,-0.003632128464687079,-0.01245229689377958,-0.013492442127100324,-0.0021628636012948066,-0.01736101828251002,-0.0011773009734808992,0.0,0.027957811682299383,0.005778253814520351,0.001449007632181809,0.05387201365075245,0.00041122744339627815,-0.017438375891991043,-0.007099370626379775,-0.0020876274740424527,0.006100866883925304,-0.008319497432414225,0.01414317505883722
2022-03-22,0.0038166951166644925,0.020800446886845014,0.0,0.02545632538012299,-0.00983436342008015,0.0006346321958405898,0.05623098629926537,-0.009371704743562193,-0.007190710975043757,-0.01330131215104946,0.0026253853698758878,0.016369095154246116,0.0,0.0016062550716002821,0.003280469023864807,-0.0023418623160058605,0.016880605645297475,0.0002985812968081536,0.0003636730641174424,-0.014784705705109147,-0.03022336371525436,0.0002806531572285831,-0.0014897788805484646,-0.01148849559711218,-0.002781761944071204,0.011055492245039211,0.0,0.003259041308610877,-0.0031261616766783407,0.0076405743820335825,-0.06272399810358953,-0.003786152434317347,-0.01352309698705223,-0.006320812735992054,0.014354210188012306,-0.002228468399902428,-0.00028800867963374444,-0.007670771009624544,0.002403837476880666,0.01598411348094353,-0.015950910205693614,-0.010665528767235255,-0.021683734851125402,-0.002464184568974015,0.0006203076260224982,0.003036030673510881,-0.007126328330670617,-0.014280235525971352,-0.0011651968559169834,-0.005050779218327084,0.012836120357479386,0.001542225800749808,-0.0071555547280818255,0.004501503302652754,-0.0007213539961515858,-0.05732097167206929,-0.05308261725580554,-0.013001090784803049,-0.00478567355500914,0.016434714173898968,-0.0059110508377713256,-0.024824106366656995,-0.011870122101455105,0.0,-0.001031483007986611,-0.010838247605549745,-0.005610426177049099,0.010017699777803424,0.029043294099807992,-0.027394604942053924,0.005565452199653098,-0.010130290498018835,-0.015974414920158386,0.0028797891279537247,0.009859718312610344,0.015934547484820927,0.0012553406405442225,-0.013288908741481587,-0.0029814000656043227,-0.010664481336669862
2022-03-23,0.0,0.008233574363697649,0.01057888515387928,-0.029274004160789402,-0.007492599925926102,-0.00968416297516117,0.005755390352630396,0.0013138514319188666,-0.007922314506966122,-0.007670115918834042,-0.018594005816904624,-0.012298724017355878,-0.003921595441560011,-0.01783916706731714,-0.007357207411678557,-0.0023474714423807885,-0.0025708131267061507,0.009401503518040144,-0.02209861385857992,-0.010330803119428134,-0.016260100171852976,-0.02131855207098443,-0.009605601440510037,-0.004683434920100371,-0.013946868399810408,-0.02082788961829296,-0.04422380636210943,-0.011369697286912173,0.007279726783917528,0.01000891583351149,-0.017208442114658773,0.005700652387676808,-0.005772081313965116,-0.018494571189148212,-0.04433973529172386,0.02472889023145841,-0.002592338642134484,-0.001783536031804478,-0.04008213542043948,-0.0021211682128537968,-0.002912131716559019,0.032341525775237745,-0.003259455455828064,-0.008823841851336667,-0.006612975881684524,0.005422216572495531,-0.0172845230109564,-0.01771731280076494,0.024503892132935023,-0.009957670089799975,-0.003379502466703821,-0.0034646647563090216,-0.016576546653918056,-0.008617700981887078,-0.020938509852051146,0.017845540576483687,0.038832170249771814,0.024597821499822814,-0.02667373915388116,-0.036270907624537774,-0.005797286294586423,0.0027554029281455783,-0.019958339016938775,0.01441064204318554,-0.027157950495160788,-0.030679210976056526,-0.027250845943410762,-0.0020419691098975123,-0.0254565075949843,-0.007902858159634651,-0.0012496598040347973,0.00423988820486243,-0.019480455514213957,0.0,-0.023649398983502046,-0.021113954875235597,-0.00752198502126189,-0.01399050008280689,-0.01286516053664144,0.0051822775216829875
2022-03-24,0.07604574443401146,0.022677954039666215,-0.0063973484599429975,0.012303939979397827,0.05802318044764032,0.011487001104340422,0.022889889769434513,0.011897447408667938,-0.005475894873890885,0.015224554721709582,0.0012424569396538576,0.03616961007663422,0.04330707187290406,0.008877440523756608,0.0010293575780426778,0.0,-0.012445662901662602,0.006061617389529372,-0.009750056360373072,0.006552693287038336,-0.013774162435559512,0.016623691481327585,0.01741998611461848,0.01603352979919559,0.010608118151492985,-0.0015953568816082786,0.041548590561236054,-0.0005477674036458158,0.016344272151181505,0.005405498683874965,0.05252918053305766,0.008738942075904976,0.006531218517509485,0.0020403337673569055,0.00839109137338001,0.03316194394061478,0.016749982165830346,0.011615627297777653,0.013204829888863179,0.005314450808511451,0.012315554663067552,0.02464495152155677,0.0071943167098622585,0.007715141380090662,0.00530481748877798,0.008528844785398837,-0.004695051401363282,0.020029766721221476,0.08200457380070314,0.004404408808861282,0.01368551444200583,0.02498069612967191,0.0021986665216449097,0.008344728220122999,-0.002949942685100737,-0.016883272260466042,-0.0028106319188291318,-0.003622468437061599,0.0031692839993611166,-0.12091903524604797,0.0037378161270567034,0.021460541391739918,-0.004246835169766983,0.0,0.0014764831769527031,0.004521313509478819,-0.011847436945228051,0.013738763162703727,0.012492862335573784,-0.0008169267144340076,0.005541574455973919,-0.022419464215792773,-0.01986740211527893,0.005742309218202735,0.01111127330637296,0.037386969729310326,0.009684098001732533,-0.012332478809832348,0.006199403417959548,0.008661479892219104
2022-03-25,0.007067042604371743,0.0037341965639630104,-0.002048502686629483,-0.015252607331091905,-0.007135158210084369,0.008105686598519402,0.02797200092273,0.024638975251056072,0.02890575567602105,0.003229714836602282,-0.004239498062129865,-0.021459283736964152,0.0,0.008293756587562484,0.007507414692453862,0.004705877865061936,0.017598869626909375,0.012784604072272332,0.011702351188108029,0.018319463461489827,0.03351957497046265,0.01945286219537845,0.004719904312514789,-0.0006859288886772452,0.14975503581388616,-0.026098523625776915,0.0,0.013698811546140055,0.013893517296505564,0.02732983444248749,0.02587806788751079,0.014516483694874127,-0.005046756133352703,0.0022757689810821713,0.0004893714540989968,0.015521349445033472,0.01481725652649546,-0.0027968750498369443,0.006340372719581433,0.004405211732880332,0.004623285997337412,-0.048512046504159745,0.01948064450114151,0.003769561252235043,0.013140209348333043,0.011565641066962007,0.0038191079062923627,0.0013678149384799276,0.08000002346391533,0.004974220217001557,0.00286742937514628,-0.004145858153017157,0.007312683131017073,0.007241258169075948,0.0014792486847514663,0.016512741948199183,0.0,0.0003563522241156747,0.016353963191177767,-0.019773066177717236,0.030835806316290126,0.013194763166000989,0.007463505794948366,-0.042364237608233046,0.007233846663800669,-0.0022502640297706877,0.00237282359952129,0.014994183277065032,0.017386397491242933,0.010629705725353045,0.02346675532733644,0.0,-0.006756843329105089,0.002854670919098634,-0.019340722007445632,0.006138561669560394,-0.0008339653578897099,-0.005236488423942864,0.004340795276837284,0.02126373181366925
2022-03-28,0.0,0.0050364672351974615,-0.00703787207059503,-0.019361065899542007,0.004763096043667758,0.007035575390001769,-0.017687090629617708,-0.0061591857663527705,0.0033445872728918857,0.004139382213171006,0.00446526369848943,0.011695929726650789,-0.04905656737713371,-0.0011034803967354678,0.01286093801851873,0.004683836303478017,0.015902272452159805,0.0029019490464765596,-0.0026802805500574234,-0.002824917529372528,-0.016216226466451156,-0.014103628289727888,-0.0047899461681408795,0.009268722015488784,-0.015216084326324264,-0.011484773651905589,-0.020852180217992844,0.015675624863059623,0.00399200372137698,0.006105574967224081,-0.046846886476847094,0.004269429358400023,0.022463803950341532,0.0023899820008190797,-0.01223097221754399,-0.007864634856143748,0.0013061233617648327,0.0013284490160183626,0.002100084850443995,0.0,0.009134265258861962,-0.014567272937665021,0.014904410253602673,-0.0028163358520454373,-0.003063529125491793,-0.0015982830188598918,-0.0026855773028350294,0.0020487987341717417,-0.07212450117304481,-0.021035772250001084,0.005837532690071479,-0.02611319616511787,0.04936487506974574,0.016775171047645143,-0.014770983338385446,-0.03053936271159452,-0.04171362912433241,-0.004204098121671329,-0.00018312292430411325,-0.008945769804391879,0.0039016940084726226,0.0027819380372502422,-0.019530492554163614,0.025430439323778975,0.004162637251418078,-0.01879720673794294,-0.010964291310212815,0.003125096143602235,-0.0027562976153725494,-0.020024190002173592,-0.007990296999275004,0.005658943651573711,0.06802717295188554,0.0008134795774359382,0.018153229991505038,-0.00216481654873113,-0.0004174331558909339,-0.007963320918130012,0.017776258654555788,0.0018017623349855239
2022-03-29,0.04210539708788685,0.01913444209332482,-0.002953605530233605,0.03257649752990832,0.024866978927858163,0.004449409651234193,0.03947373026747725,0.011800663160163039,0.008444580006120805,0.026107698439791438,0.041559139893086794,0.0028901492726782774,0.02380945080061836,0.014460758530778106,0.005945883554860254,0.01631705647641568,0.00764618323068933,0.0041956693157643166,0.022245166390037374,0.032428860169491314,0.0027472050880230636,0.027208660281065278,-0.03109942989198522,0.017176769460615304,-0.12422736291738024,0.01383125806072405,0.0037037001061668295,0.012772877022375617,0.0050509490261529955,0.007513358176251428,-0.034026432823559216,0.008617608074719119,-0.0014173925240571483,0.01955169404463475,0.05200583663554448,0.0119654252674124,0.00041931424976415776,0.026979300883397173,0.01501908101045002,-0.01070175496225867,-0.011211719195643344,-0.08347826418669324,0.007029096333713403,0.014120770133057903,-0.007375666076893328,0.004433001929730729,0.02685109484341397,0.029013859199877423,-0.06932781130006194,0.015899703980861046,0.002250130858495236,0.01800515796434632,-0.008993547248108857,-0.016161681314448617,0.020239797872386278,0.04356558644649011,0.005882375380572125,0.009016657698578179,0.013807776351503653,0.062477854500829544,0.02173621141563653,-0.010213133353626502,0.01913463887436162,0.017566528578104368,0.015533612090352866,0.052107375296782665,0.02847062083980667,0.024072484359038304,0.022111642628872552,0.0414857349887785,-0.003152036647623979,0.0010366059896944613,-0.022293048227018275,-0.0065013712918666755,0.017609662325545727,0.023471350999554552,-0.0016701224753066235,0.0013606351433672614,0.008424838311392069,0.020783466216766966
2022-03-30,0.03703699677307237,-0.006649680377964762,-0.000295979783503042,-0.037762949935289614,-0.03254079385696007,0.004264427746621724,-0.014656912969627456,0.009984876258466446,0.003966262077593541,0.0,-0.04287855109626182,0.025222590407240286,-0.019379825315625876,-0.014056577877763599,-0.005910738989107767,-0.025229387648146195,-0.0013601681279264977,0.008356278450440069,-0.005622218848951865,-0.0018052362194014293,-0.004109591876900187,-0.027034349263725388,-0.01079456694940728,0.0028423831514083897,-0.0035286667225561397,0.04174621324958272,0.0332102999639996,-0.016290390355900075,0.012938423800615606,0.006229091085482752,-0.003913890490010341,0.00979728513341227,0.0007097424828301779,-0.001286231661836168,-0.04425594558076984,0.004138245407554919,0.008894273021095689,0.002870978967540516,-0.042670410698991246,-0.00035461961033167455,0.005201336196643203,0.003320668646943359,-0.005733906263738486,-0.013460229143008928,0.0037150186132428598,0.010175389341861907,-0.007939480643647134,-0.002270934899657351,-0.00879307757855019,-0.013162392847119064,0.010399500337843426,-0.005471461243751752,-0.011518341952770128,-0.008213288012886344,-0.02057313765795432,-0.0404623317784536,0.01578950010178093,0.009928957051308362,0.012988005675184766,-0.05980343537548116,0.010988732969361426,0.006496769955475212,-0.015212993511540263,0.0,-0.004350849060056006,-0.010924938710280552,-0.0177609295781731,0.003594950547695097,-0.012979976965335038,0.006738105076574019,-0.005972122678153613,-0.00887586712051358,-0.02280128034537854,-0.0028629346809965206,-0.004110091761742041,-0.0244747683072849,0.020075305363454143,-0.020652101370036036,0.01793106909733444,0.017815195800623407
2022-03-31,0.01623391049298628,-0.017775494585282825,0.0038667829415957033,-0.00943858095529837,-0.0828720414498435,-0.0030919013888670577,0.03921568121717467,-0.007310801521466903,-0.00899901336816511,-0.006584050539487851,-0.05734718813133266,0.004341588249642037,0.0079051928193703,0.0011044775082329483,0.0015116366013028237,-0.0023529950310202663,-0.0033692994342361393,-0.000714550329876551,0.010514983864166938,-0.003472228461599558,0.0027512067663397755,-0.008139163099302738,-0.02259804666153742,-0.011670561580866656,-0.013455993024565016,0.009429036340336427,-0.04910716072333132,-0.013354598043305188,-0.0005276936177978087,0.009214016064535091,0.005893856988577584,-0.005076528355124177,-0.06382990888769935,-0.0277484493187945,-0.04926119020242048,-0.0032381634799377723,-9.217358959412447e-05,-0.0040078640611324046,-0.014378156905420991,0.017739706330441418,-0.012142615231724663,0.03262413931455033,0.00025099673056927507,-0.00047025094838959447,0.026115680119609852,-0.00424769019298421,-0.025697244527723706,-0.0026553105071974725,-0.006912366367262446,-0.010285401306662445,-0.009239479265015782,-0.0154810307629768,0.011652560124914224,-0.009661972920725348,-0.013605429627345567,-0.05823312346133924,0.0,-0.005420512177322201,-0.01495844659496326,-0.02763992906717605,0.0,-0.009112589715909114,-0.023073787237017807,-0.009139391112714002,-0.04388191546360676,-7.1195406459168e-08,-0.017333850297383657,-0.03664902872095499,0.0005479577469498231,-0.018110037101953358,0.026152942277041902,0.0,-0.003333294999910641,0.004921914124981663,0.0010860535203234267,-0.01916246066605909,0.01353001845482793,-0.009156419459257381,-0.006339082364465343,-0.016541723003954845
2022-04-01,0.006389689401979037,-0.0017183509824194587,0.00029601909229093337,0.008525580328023752,-0.010517595893551834,0.005375860327194948,0.08653226332356567,0.016068299112972362,0.013289147286980718,0.04201308456134201,-0.0057208257811427465,-0.028242002609058625,0.0,0.026276146007508494,0.019923469958914586,0.03773592756753197,0.027332377947748343,0.016585725488043712,0.03371232180937622,0.020398119308606688,0.03017809533144966,0.029145223576256152,-0.0011857128164728392,0.04116056645523769,0.013639526396616253,0.0038920007166167725,0.035680763197375454,0.011911165626161901,0.015103572276339294,0.013409423253081476,-0.037109387005330285,0.01870942414123533,0.014393987813940745,0.00626194092222887,-0.014507822399708825,0.016686331161758217,0.009878522244012755,0.029749879350465802,-0.003282378710494749,0.00191759880656317,0.021999376556883776,0.060897431978655936,0.02042834515874281,0.005295143112802991,0.021242441780930044,0.017915793094772425,0.03526747573141087,0.0368927095036371,0.03480261175602606,0.038283608127260615,0.011804716157872264,0.01624428228338548,0.02198924487834142,-0.008710785404267063,0.012260752527053054,-0.09808101700587002,0.0,0.03574440926539779,0.02521919584158927,0.011843981387224867,0.01212375596424331,0.02235261427875246,0.02862282325088006,0.012042050612423694,-0.007916231852983291,0.0206337117820361,0.005456898450919789,0.04891293216975279,0.01095283970886718,0.039093905515639404,0.01567089501659069,0.005223839604853842,-0.020066985423534467,0.007346938404735548,-0.008244644976513338,-0.02537765115336066,0.004045200764757562,0.0351441998820905,0.014034497330739804,0.0285547446934713
2022-04-04,0.02222211884560088,0.023693503752374445,-0.0002959314909196653,0.0298358257538911,0.021628581986195217,0.007198044873933718,0.0155687610571964,-0.01836749396360826,-0.006776216135240931,-0.0370849662042515,0.043814876059490526,0.029359318056762396,-0.03921572131567508,-0.0010750886684931515,-0.00542603516140272,-0.03181815078435912,0.015192805377480134,-0.007173181566856868,-0.015868284107175556,-0.0025610790673520345,0.013315637026790617,-0.009073216232658554,-0.01078249954425714,-0.04163971783065601,0.019121962061162234,-0.03308345372783883,0.024478736563934733,-0.002140238393349536,-0.006867104836538296,-0.003378309755281972,0.012170374212723045,-0.008014213725863195,0.0007467615176472986,-0.003829558446632575,0.01577302871904762,-0.005228659524033841,-0.010284589512247977,-0.029867313044684707,0.002195548243521195,-0.0006960069613726194,-0.0042708087479672585,-0.012084621740333423,-0.0001224436437018417,-0.02036740434670281,-0.005592469381638154,-0.00035889003842359823,-0.0066237649012825806,-0.05116913267197898,0.04035871578207706,-0.017047553521743475,-0.001049907976608755,0.0015346456277376408,-0.0044397736840773305,0.020386596301303905,-0.012869224223544307,0.020488682742497266,0.07944727081702929,-0.009635812118057863,-0.01983779398943819,0.014946908865485886,-0.00674662593778752,0.00862087497713171,-0.007880873173528813,-0.006329113924050667,0.018381210578777507,-0.04115532259503518,-0.013252239130108756,0.008453776430178639,-0.007042208408122197,-0.026625708502549528,-0.003730147911559234,0.031031991713354135,0.020477915454463647,-0.008103597052755429,-0.02647132942001884,0.019632113259089756,-0.0040289030430865624,-0.004193268327174704,0.00019884738650377543,-0.02662096692758087
2022-04-05,0.055900642197709294,-0.01894187900528188,-0.014518465396739288,-0.020762840021057327,-0.03356553990270705,-0.0012658437963870561,-0.03007065737403969,0.008810209864075658,0.01034332459389753,0.0005599462764831475,-0.019291705471144005,-0.030826812084424504,-0.06122450630028686,-0.02729412713270951,0.000892719052009161,-0.0023474714423807885,-0.005517457466566733,0.007366531789238406,-0.01394803627607688,-0.008701372943655472,-0.02759521737934012,-0.025527293216519475,-0.005399916160431006,-0.008284013658189981,-0.02293264823417296,-0.053728904831103486,0.0,-0.011259893616376915,0.007333723414278737,-0.00720361046728224,0.012024132739239413,0.010884332984387735,-0.034328447500215686,-0.014055754428918377,-0.028467791370050177,0.0097824355209708,0.00872892427180294,-0.001294927005648594,-0.02409624790872711,0.0036560925966733215,0.00367171633383534,-0.024464809125142706,0.0137573123510637,0.010036841166798594,0.014208022903538842,0.0027547140449137864,0.0036635438030239165,0.0011597095294413329,0.011853912818684975,0.005978181368571089,0.008292351013162058,0.0,-0.040480196911581556,-0.0027558309070148113,-0.03450921386821326,-0.012355194657546975,-0.026666666666666616,-0.020356004676512218,-0.0030584665543528233,-0.052164698537392584,0.014693773278629862,-0.01845692977080049,-0.01902521043712202,0.009426724379229645,0.001772193509090858,-0.03614437934600245,-0.030826600218704314,-0.01487293853440852,-0.002727727074121944,-0.0035678981185311986,-0.010381250111564766,-0.01569684066651955,-0.013377935726857637,-0.0004085673686133884,-0.04696628654690971,-0.02472636438226672,0.0056636980811954896,0.0025808252638146456,0.002846896597445303,0.007618592230610677
2022-04-06,-0.014705867313433152,-0.01845072319547192,-0.0003008111126002744,-0.0318047552231302,-0.02948887413291701,0.021957668178231193,-0.0498480614265947,0.015137650426878313,0.01132649001866426,0.007944252884005687,-0.015780357784110577,0.026753720399393055,0.0,-0.0124709794432466,0.011694548641364433,0.0,-0.0019417318127661343,0.03445360807820941,-0.006560933545624925,0.002734006846336401,-0.016216226466451156,-0.013667510327897037,0.026141073926908343,0.0059667321541789775,-0.004267473452692516,0.008192008144917162,-0.02654868899744267,0.0021690407207104467,0.023400876988101782,0.01778372685195695,0.0,0.023975818887126632,-0.006182198476545997,-0.009991302227547738,0.005327627865864493,0.008241785867322493,0.015292286848531234,0.012820347271567556,-0.017583422329710885,0.01873381404211827,0.04564266400698691,0.014778321756988344,0.020356430280013438,-0.006861680132285164,-0.0026265872421340486,0.014930752232789724,-0.0030662374964367523,0.014287128583917452,-0.013845010184812656,0.012211731025774997,0.001853185902888299,-0.012129783413285189,-0.036110292497931185,-0.01899814950598977,-0.01111975153967637,-0.005473012665454413,-0.013698630136986356,0.008381999367128357,-0.006857237796163318,-0.06196176847714596,0.018442930546556324,0.00492229684142087,0.004698732191870336,-0.03205453033825356,0.005354225903533738,0.0023437507665760027,-0.019664777201146233,-0.011528929655268971,-0.0010941169043983123,0.04336603168087905,0.018228629358009618,0.006583635821617362,0.02372878881704743,0.00289015395842962,-0.016741178545557456,-0.005403167219156346,0.03942053550439839,0.025741594931006473,0.02323866432683741,0.015897677231777152
2022-04-07,-0.008955214585517846,0.0018037949300329092,0.007218005569081809,-0.01757062945418353,0.00048232905026512896,0.006841983645149652,0.0857325136981617,-0.009750151295332188,-0.008184396467085464,0.0013324960320479917,0.011091690145301758,0.01997685750231648,0.017391251911356154,0.00356452915056793,0.013127201336626593,0.0,0.015564445409357974,-0.016313051687204094,-0.005715564140655549,-0.0033005947415776227,0.027472347426548804,0.009526911844161656,0.015187109806667598,-0.002372536571423889,0.010000090297692221,0.011207664367338,0.027272744612260258,-0.006493251726302551,-0.008536544165238191,-0.011881505218656274,-0.0019802432681454984,-0.0011921859599264284,0.0015551639513473603,-0.007015432131369681,0.03338629761640699,0.007656499588994947,0.004329275867864801,-0.011804583995424278,-0.003427187143854593,0.019581169963339473,0.008468464670785325,0.11871141006935315,-0.009143877030366898,-0.014174573191216289,0.004584518485422295,0.021536950544074118,-0.020725356049814292,-0.013609981845532193,0.016198726799622865,0.007096972178727512,0.006821720717850255,0.01990445403904184,0.013724303170759677,-0.0066901160680983285,-0.015261187613759053,-0.006289591677905215,-0.02638891008165145,0.0074742448281308604,0.006904584171712358,0.014767468664062644,0.000938894198576623,-0.016200175862865818,-0.0012935395044817444,-0.007301141862777971,0.05672869604904518,-0.0031178696286967567,-0.004442605402937616,0.011385771672028033,-0.005476472081942019,0.002478533889798573,0.017396005501585154,0.010174524013865094,-0.006622521385318159,0.003705190667773195,-0.001678701911374092,-0.002089300437018382,0.005418022454573901,0.019944719995799165,0.010000772635202493,-0.0013359860485687713
2022-04-08,-0.0030121198474190036,-0.011908653220253473,-0.007166279325004465,-0.024365018060979016,-0.02622446190407679,0.001510230865580553,0.03535653540053807,0.007032986168551192,-0.002605804952688695,-0.007871612479916634,0.014011034819485513,-0.0034062306755129335,-0.008546898544402382,-0.02557353237523463,0.00028998580795369655,0.023529389325310124,0.002326384692996619,0.002072843014387038,-0.00845024806637773,0.005543051550319866,-0.017379524996496865,-0.018301177251428435,0.028954817161709556,-0.0030575371548841046,-0.0007073125222570864,-0.01440843600900854,0.0,0.0005447123412329891,0.003587600610953867,0.01782402196020727,-0.001984077801659545,0.004232552630591524,-0.014751602008162279,-0.022434463130527216,0.0005124954264545956,0.006021519822970056,0.004535043066726807,-0.011370280359911167,0.019105977201916202,0.029892938975389693,0.01056932825282142,0.0063116309666435555,-0.0010785084263399414,0.005920673919833863,-0.00487236662399082,0.010138297060302781,-0.011591091590338554,-0.01881522699076643,0.058448994924398034,-0.00301074036278115,-0.011368953518952507,-0.019769453268192683,0.007317958137050828,0.006735175171736163,-0.017944696367520496,-0.0023732203056899825,0.03851647127543778,0.00568543267137267,-0.005052705774744148,-0.004129775629777677,0.01916367360241611,-0.004978508491434663,-0.017834276050898712,0.018649831630263458,0.022568916812278905,0.007036902077093954,-0.01906710497885944,-0.006864381361537553,0.005506628981826633,0.0005704092350022893,-0.029263416495519,0.078273098862786,0.0399999478012969,0.006152581750485053,-0.0338700004743171,-0.01172534272939918,0.034641964914296164,0.010878098158177973,0.005557710412134487,-0.01643408379924971
2022-04-11,0.09969793801576432,-0.025515953273476222,-0.0105263838564984,-0.012752379118484702,-0.03594056686552449,-0.004563254538667572,0.010244752891418907,-0.009859420687014397,-0.025908856680139536,-0.008045452058373925,0.008569086248287672,-0.01737380579421466,-0.017241411704582155,-0.0220784681678039,0.0051232995351901955,-0.02298848432756806,0.008532248766471628,-0.0037236021036223255,-0.005982038451236904,-0.012385301086943912,0.0027211147105119515,-0.01456474450075751,-0.020260780165238246,-0.014653343124915064,0.016985125679180424,-0.02220975322758567,0.0,-0.0005444157912326553,-0.013379675798720014,-0.015983040730350617,-0.02186881290778231,-0.008105375723167718,0.024428634856562104,-0.005958910852529198,-0.010251113549803126,0.004845420320234384,0.0009384823251363805,-0.01179223358868342,0.0011248027905961244,-0.016539594713742,-0.008758640126684702,-0.10074479309155493,-0.0093578309656972,-0.007207204527665101,-0.00029388649685413437,-0.011975204712059817,-0.0234547083752491,-0.005113509874856481,-0.02510060784063728,-0.001670824121356218,-0.017539734002044893,-0.011376802339811087,-0.004358846560737706,0.0,0.0016615572149354385,0.0007930677727492341,0.0,-0.004481462435322325,-0.023306513101233217,0.0136256407923121,-0.003286996525112107,0.009493396461219383,-0.014708601105384078,-0.01598759544612871,-0.01727088988922476,-0.024844779199940215,-0.018334721559305378,-0.008570514261167728,0.010405286510188239,-0.009883985874648116,0.0006928471924627644,0.023485448409154897,-0.05448710458264794,-0.004484159558635237,-0.011685571307397447,-0.003813606326250274,0.010044797451801868,-0.005636644269934266,-0.019820808538335566,-0.007577231119118455
2022-04-12,-0.01104979500533132,0.011523254721413245,-0.006079129322641985,0.01560823017858759,-0.02331317868367444,-0.0033086162118953766,0.0,-0.0025725800147688993,0.009834550680187792,-0.000788744148208842,-0.009876872410652937,-0.006956724444336482,0.021929888212787185,0.006496220818409171,-0.0006733743413278592,0.0,-0.008798585620325317,0.008167093878105547,0.007749178647032728,0.00848144189013933,0.04070551569700798,0.014483885015926568,0.0018190725340130331,0.005360648939103374,0.01670144946105978,0.01696377726554421,-0.06017701714140944,0.005446336462531898,0.012422377123583184,0.015254155023364246,0.002032469896262823,0.011549271150927298,-0.006153577667223575,0.009693773699968489,-0.022267950239800327,-0.0011345604053768499,0.009333433139216973,-0.005598058813883755,0.024719048866348903,-0.03132738974596028,-0.0028481817272492105,0.03705319798087103,0.00835605286296337,0.0025405093401666967,-0.000489872818389081,-0.011543506229497291,-0.01224149346555714,-0.0025698143114848415,0.06797084666844855,0.010812899684182087,-0.008158075970792766,0.007192284541064575,-0.008755934505266683,0.0,0.0016580300694666317,-0.012678186103795674,0.002747210712340298,-0.005401299089516476,0.005942388646545282,-0.0044808756814507245,0.0006592801366851475,0.029355868858860212,0.005765438554681701,-0.0015723630380225506,0.008852366822140523,-0.004777072023452789,0.01039198966827648,0.013942903964877962,0.02981025551854355,-0.006335440704835937,0.011253571539088458,0.056062639333441355,-0.010169457223634049,0.0036855558809996136,0.0062893502447454175,0.010208512321770558,0.04530387469538044,0.018680355561914386,-0.006870285873191162,-0.00019599280642901284
2022-04-13,-0.03351949564103396,0.016342638924831343,0.007339473210603353,0.03630097697283463,0.027760246393346177,0.013878068894988216,0.013521113865812007,-0.0024956623212138984,-0.014829655498139527,-0.014317787339638732,0.021452288540918074,0.02159961092872753,-0.03433474241566281,0.013120357635944213,-0.010201008431323877,0.0023529950310201553,-0.007238081491866222,-0.012769144219408335,0.010777491550050478,-0.01171669705514844,-0.014341623823764027,0.010198522730656467,0.003249285124283352,-0.012728154297504624,0.024640738868790146,0.020638947251374162,0.010357783226233597,0.009209237784514768,0.0010222577207605887,0.008069017036135717,0.03042598389257556,-0.00355460429883081,0.012383884603161643,0.011369471843171164,0.02489385144427625,0.0035496469957325694,-0.0019467397225571004,-0.02400012839543786,0.007675499922895623,-0.0069785269447557585,-0.017560175178145454,0.04875997489579742,-0.00852728353612886,0.019962586585757114,-0.00039190983891412845,0.005839006539803959,0.012001171195679783,-0.01803619526541267,0.05593055176218442,-0.004202325599795387,-0.004052662488840619,0.008049897134312367,0.001840033248997841,0.0017605447570674393,-0.0008277870924671138,0.024077084508847157,0.013698630136986356,0.006963007720008907,-0.004430381520553084,0.03874762066649251,-0.013579277710129456,0.01851809302507057,0.014842680183221768,-0.0015747391337693761,0.01072042730128464,0.027999985778687897,0.0051421603228940516,-0.0030250266075203536,0.007894716764751175,0.0017390087139030896,0.0018831774497609644,0.030740624095435765,0.0,0.010199732783681803,0.010250232355543565,0.007578827046757608,0.013037314988895154,0.006956067901860541,0.026039272311648043,-0.010573492530448148
2022-04-14,-0.00867048701315154,-0.029988353602646622,-0.008803670562445243,-0.027103077390657426,-0.047882140448772925,0.002011682289697614,0.01723176597478715,-0.00133443424509605,0.001123413261998607,-0.023790490375860895,-0.014596455152165344,0.015714444934322946,-0.008889037221010643,-0.020261334892341942,-0.0019447311909124299,0.0,0.0012382351197728347,-0.004868017837674654,-0.003135947316343146,-0.006764083831422241,0.021164083867039052,-0.010672350131061159,-0.012383311251443652,-0.02926799007804659,0.006012027406897991,-0.021329547800906234,-0.0018638867607245757,-0.007616837416964728,0.0013281676906655715,-0.008556414738780882,-0.007874008357040663,0.0009728515529756621,0.02140652633106832,-0.018111513869349838,-0.0005167937913582721,0.0033955574936495037,0.0017731133310883163,-0.031117054771910513,-0.02103748403493888,-0.00034290913756573893,-0.002676330619696632,0.02645289888697988,0.0006053508780159422,0.0069004729487163186,-0.0042155237937892,0.00905618038896594,-0.020307115031023337,-0.03380746695932024,0.04566216425725789,-0.007673442492351246,-0.008857189875313809,-0.0018032031082145794,-0.005877857861291691,-0.004218019378786186,-0.0016568494939950273,-0.01489048290797057,0.0,0.002143165205082509,0.01131111204574653,-0.032215577245317206,0.008954735748775589,0.01212136431961186,-0.012204813016433502,0.005520480531506555,0.014455429649848028,-0.00933852537941704,-0.014380334415778129,0.004413692334547248,0.0020888206957789812,-0.014657721665449097,0.007860697845977205,0.03245914768942848,0.0,-0.0024232979663620924,0.039841228802833806,-0.03175931530083209,-0.02434769186954422,0.0035167327481191446,-0.000890510395730959,-0.013853166042433918
2022-04-18,-0.07580176837643227,-0.001330762886866066,0.0030626185805926465,-0.01208933229161857,0.008918996914137,-0.008227763807153954,-0.008743161425279311,-0.0011694538157139833,-0.0006731045124398483,-0.02554186431041916,-0.003836108688627271,0.018002660352792743,0.017937344040913628,0.004050945913727233,-0.014028256276844342,-0.03521128810051821,-0.014082672040334643,-0.001537567358065428,-0.035741991927711325,-0.00776193428243932,0.002590558746923266,-0.011370261469404674,-0.002507613633365935,-0.018664934813819034,0.057104895552992474,0.0014152061836747443,0.04855270795865696,-0.003837791550919234,-0.011119214297876767,-0.001253007946554141,-0.007936500427734305,-0.01004306141746003,-0.008233587580851687,0.007505296259433081,-0.008272867549353302,-0.0011278128908297491,-0.006947385169185916,-0.028983285762321342,-0.012967719363264907,-0.008573457419412844,-0.01007099714868287,0.030066323001328055,-0.009442902909945872,0.015242895271364132,-0.012995998974028256,-0.009665180003134655,0.005458860679204314,-0.022247655480749584,0.11353716271687375,-0.008698723081983384,-0.013283146799313084,0.0010323752612888537,-0.030672426177549283,-0.004588588810113592,0.012447910266868867,-0.03023052941995874,0.012162182782147424,-0.010418689748931786,0.0041253349977339315,0.008759991674053502,0.014041827528066042,0.056526949280736316,-0.0016338230566814715,0.014117670994178821,0.009232779185698314,-0.01099777458064588,0.006453366332625832,-0.010711537423918949,-0.006253300463458844,-0.001957297473974662,-0.0023736983492081976,0.010672962185331203,0.010273937592499172,-0.008097252287025847,-0.046168536990121356,0.020284799219820515,-0.04634588669875739,0.0012512367412700343,-0.00763925697738721,-0.023881308141124324
2022-04-19,-0.006309149985585072,0.014115033798812071,0.007633575376781554,0.016493719855494193,0.03237832501107163,0.005715821237199936,0.045755234378877185,0.008444862076004256,0.004715841141418986,0.009258067955910887,0.022357787032816434,-0.017131724043271235,0.004405229051398951,-0.07038961854383952,0.011263719730512767,-0.03649637238312409,0.012471960653450465,0.012177946524453809,0.033235985464269424,0.018007055793518356,-0.009043841611545256,0.027130863084750212,0.0042543944559443325,0.00566931230507417,0.008793867121160481,0.018371896313124303,0.0,0.0011006649491167586,0.011037849728793958,0.0008363651435496777,0.0100000381469727,0.009054151244411779,0.05283017606716478,0.024116232022126427,0.030239816840476275,0.01242214975816247,0.01145222171882776,0.010325794711735004,0.01614109564039845,-0.0005187018349581685,-0.0060569517156957575,0.013646725618057243,0.005011015928817253,0.02595447734700973,0.012768044382357013,-0.0032533359707043186,0.022425140553376632,0.006195859947798921,-0.04156846052708374,0.013260530421216776,0.0014684755985492348,-0.003093707706495863,0.006862236519011189,-0.0017730307570813508,0.0016394804418842224,0.03691512573662736,0.001201553218387108,-0.009133927282073961,0.013694784817028793,0.03820917703390281,0.02011707175129218,0.0031739865254838406,0.015444373125459876,0.012889919778265702,0.027820889648820346,0.04447997549319416,0.024532983105163497,0.002221124649657069,0.008914529576006469,-0.0066679815214685245,0.009857089834179433,0.01618449721808002,0.06440678359728791,0.007755333719414281,0.011227777848235254,0.03532163767767149,-0.024299244639879203,0.04087522500225127,0.01135480916127185,0.012129965632164064
2022-04-20,-0.0031745648391832137,-0.0010156343686502645,0.02666666832136011,-0.02303054892706269,-0.030021702805606898,0.007933283226805754,0.03426471003724907,0.01724566706802788,0.0024585341658931448,0.027400775994373072,-0.01224249097522967,0.06550470439628886,0.03508769947865309,-0.0004570748021011095,0.007132594437140982,-0.06565656261582264,0.006124962687268365,0.010095966623133057,0.00450194479857724,0.005654905383103204,0.02216431493364901,0.03646263181771814,0.026766973502247327,0.02109497584208464,-0.009962593406073084,0.02997507265182775,0.0035619694708712846,0.00494772478109029,0.00408116230559874,0.013090300771569474,-0.02772283921485974,0.008216056929305937,0.012903253113912383,0.010726253129658136,0.004048672451212765,0.015476881216166305,0.011895195731032704,0.015650073586784607,0.006279940653729943,-0.001557345074404859,-0.01377082151063691,-0.00523557931364127,0.016539041508798036,0.020986993299239698,0.02432761776794723,0.007809890405439335,0.008927096122077538,0.01868570012980486,0.06710276425399386,0.016807712301553757,-0.003910713100415464,0.01474029380607722,0.018932124728235245,0.0,0.0040916119339902135,-0.01582270304734823,-0.0013334908250398625,0.014917809460197828,0.02386746120581451,-0.00501859594038212,-0.0002557465150182514,0.014124269126506883,0.022159649560657746,0.0010180940339845623,0.013289849170052381,0.005322999823232699,0.01700687004316781,0.014681378788163446,0.018711050656662342,0.04995068745474107,0.0161562160955131,0.0030499492044437915,-0.04777069517729815,-0.0008102047433156123,0.016284214263387664,0.011235892229869426,0.043678248040261325,0.023778180794075787,0.01255940900635033,0.012187775225042108
2022-04-21,0.0031846747958141908,-0.004843439625331625,-0.0029516132697609,-0.0024109335165641843,-0.044352247583842375,0.00031317298073019195,0.13404684241947074,-0.012470361064451319,-0.003121360103935933,-0.013798828505019567,-0.008050790774346672,-0.051978937538491365,-0.05084747185686189,-0.02559396575861672,-0.0011641574607406113,0.010810800361494177,0.013337710422783644,-0.002738493356357119,-0.010951274504073849,-0.008578873713179336,0.017857108436588165,-0.02354554137084708,-0.00857781282663772,-0.01959047296279781,-0.06477977996841922,0.06709775863153622,-0.00887314795101346,-0.012582154152921188,-0.002235506875648219,-0.0005499758706113411,-0.00203660944102646,-0.0017157125184159572,-0.0516630931767571,-0.00573304590711865,-0.013104783250118324,0.004943037980489562,-0.003874798486151909,-0.010062712347959302,-0.007341836081803166,0.00831879563222837,-0.011299957345624945,-0.1368421520599974,-0.011724034240301662,0.005888661558466124,0.0026923108192224987,-0.002659987119097318,-0.009077071447660456,-0.018759873702869467,-0.022239117610203696,0.0023975636563760006,-0.0653905443716366,-0.004842242420988407,-0.02341122610769053,-0.0053285399364416675,0.0008148741093856327,-0.02733082387540653,0.0,-0.029050783456015195,0.04662209103383441,-0.047263195161427296,-0.001024757995168657,-0.013927552624958484,-0.0033504682972124167,-0.01983225419985246,-0.004612612738318034,-0.00756432493440673,0.0033443865026130393,-0.01911009100057881,-0.0321429110129432,-0.016359479261301324,0.003477991364144728,-0.1402027161688375,0.0,-0.014187177884271485,-0.006312204211838313,0.014949486757770858,-0.04001490302894606,-0.011260881274211765,0.0015033693870565301,-0.01224158415497878
2022-04-22,0.015873059435993042,-0.0278212067896928,-0.038188080373931954,-0.01879701212108731,-0.019031709666252006,-0.020003077938258063,-0.0561797752808989,-0.020303754506193927,0.0006709497802686037,-0.007407424813962504,-0.02520276230870999,0.08405229262840952,-0.00446431651491952,-0.020169077124919776,-0.0016512165215869512,0.0,0.01687462979861354,-0.01482704745350738,-0.026430767143418743,-0.017232220540633447,-0.006265690942538704,-0.019858355873482947,-0.03327629778750196,0.007992786504309901,0.009414883868713586,-0.030050471529352696,-0.0017905512647325983,-0.008310120835651302,-0.01731345549564689,-0.014990970750830224,0.014285651726904769,-0.011815143233537828,-0.0007462042810060243,-0.022205820411219657,-0.013789950891685554,-0.00942765171873905,-0.020324394962454084,0.008100325956387655,-0.03587299262682475,-0.02028191589180728,-0.037567583757050826,-0.02569678870929315,-0.011741833117262401,-0.03821923729083265,-0.019179224128823558,-0.01901907992931484,-0.021245354873644318,-0.00010628978833826519,-0.09019624332236653,-0.01403574156191223,-0.029272754703486226,-0.01933417248239988,-0.005327413650411339,-0.006071581122322756,-0.017100883943327205,-0.005785196915077395,0.05488049998461686,-0.01963724038471859,-0.0108421661996142,-0.0017647088742723804,-0.012694170819734452,0.019886940774646478,-0.02382850231388689,0.02671861515898377,-0.026151417811642097,-0.02286571929284298,-0.010666536779691649,-0.015585883807674339,-0.005271401040626178,-0.012234996124701247,-0.014688924469061337,-0.19187944925379108,-0.04347833202891138,-0.004111840317556292,0.004886576625977135,-0.01552550204551073,-0.021796900466505953,-0.027168311760399688,-0.018827596382875567,-0.014425181796336228
2022-04-25,-0.009375040764990072,0.006737112925236266,0.0003077511633631236,0.0175150348553077,0.0289312805697306,0.007269630098100777,0.01666668483189171,-0.008424707975607681,-0.03419766892084908,-0.014688666324968791,0.019609759702060137,-0.005648303239413899,0.013453008030685165,0.007898851929113881,0.0120635154479527,-0.06149733114625722,0.010886501526770509,-0.016304410686041382,0.021777538718278144,-0.02663511134358365,-0.027742813938486766,-0.004630885912798699,0.0008849821158962712,-0.016038926528409325,0.002664813017871026,0.015360587215093258,0.0,-0.012849188542411127,-0.004559980140413367,-0.0048871666993317575,-0.014084446233250114,-0.014239209042014256,0.03360715154323368,0.0041402712450528956,0.023822086849897506,-0.00413777418674699,0.003747799116943007,-0.01575541176235129,-0.004986637009263051,-0.0054385836206686244,0.023212298932590913,-0.05096116469507195,-0.016781190294892778,-0.009302940766660939,0.0008801986888526958,0.010048514107143802,-0.005426660912731807,-0.017951870841981132,-0.08879267538377489,0.0067028142279965675,0.001216986044436208,0.004439243987696573,-0.006503484976736251,0.0,0.004142364458166403,0.007481113729340683,-0.006329113924050667,-0.01697130553056181,-0.018438335883316448,0.04007073112633375,-0.0220778036791216,-0.006758209106196844,0.0008102524011615042,0.004042441637447602,-8.276777155402648e-05,0.0109204917213086,-0.009299109595061639,0.01583264964541531,-0.02914685320340049,-0.020514683260988487,-0.016750391356447958,0.02025934325935186,-0.027971963956885393,-0.003303072074402391,-0.002188418456029906,0.0313385998162341,-0.03049285162024251,-0.007195151917296472,0.0005098445653102246,-0.020614272110388798
2022-04-26,-0.006309149985585072,-0.037328111020925814,0.0,-0.028509988289146304,-0.060976939358555415,-0.00912073882820097,-0.057611218747512516,-0.005522264505376517,-0.008100053916767602,-0.009136820952948432,-0.002578696585546547,-0.022721447653686666,-0.017699060735196337,-0.03265266255690702,-0.013842317023958772,-0.1111111413002317,-0.032157981468741714,-0.0029748807579754732,-0.024096089556594702,0.007828900126640281,-0.024643176001345135,-0.03489396255565935,-0.003340819193335509,-0.009890261276275458,-0.007308967713788639,-0.038461538461538436,-0.013452881045931897,-0.013582234256010683,-0.009266117382600081,-0.0145922961237267,-0.02653063508382847,-0.010695809436153114,-0.05924844583722633,-0.14681992446741543,0.10571571785514555,-0.01620506643979769,-0.0215576175703448,-0.005762886791441657,-0.02582870393972858,-0.017110530023851656,-0.00831018700358288,0.014131000983412134,-0.01133665821076879,-0.03477838864002403,-0.017388139952324244,-0.011236080823868955,-0.03811477028577981,-0.016549466200837304,0.02365157917859717,-0.02416008641689571,-0.006347978747086258,-0.01494861596781516,-0.021563307967816026,0.0,-0.028052548460726356,-0.08250824648000687,0.0,-0.025637350563192052,-0.021727682923152636,-0.05930121519178855,-0.0009295428221136603,-0.015616301666114163,-0.051310415146730515,-0.02767997590232607,-0.02135218176270648,-0.043981646967648835,-0.036593790009460725,-0.032006495483103414,-0.009279480301627618,0.013238500461282943,-0.016524682698088933,-0.049086821636631583,-0.04676257884704538,-0.033140093911639634,-0.029239827926698103,-0.0280338589563891,-0.003225859766596062,-0.014862872130525617,-0.010449823386128987,-0.026730963461584656
2022-04-27,-0.006349208091725456,-0.0014665819255249568,-0.0021539734058284576,-0.013289024264411364,-0.0029356504139188555,-0.004322311745263652,-0.03479128895335193,-0.008458024137035447,-0.015865541954825146,-0.028633669780637194,0.0021547024242074553,-0.01690881610959427,0.013513515925674735,-0.0015958360763977941,0.015303700320628888,0.0032052016822570195,0.009844857841648347,-0.0024154808948151363,-0.02366853642878941,-0.022550539418745075,-0.02127651328493796,-0.01747504626979013,-0.0057181631245238895,-0.03403616804171661,0.01204832973853942,-0.013333333333333308,0.027272744612260258,-0.002868745844478271,-0.004518816342793497,0.0025628731047551145,0.033542945084253706,-0.0023404093247447744,0.019969034753095638,0.05433515825513768,0.02698992053789917,0.004645979812198053,0.009585343907253518,-0.04153923583636765,-0.013058984289828768,-0.002512484387514946,0.007990686600648278,0.06038082654901644,-0.016255084174066514,0.019456993723470983,0.013520259125053391,-0.0008285398738894223,-0.0015620843504458026,-0.018697804091607484,0.04898282665558984,0.003574188884992724,-0.004077496503242406,-0.023225239861113578,-0.00472243131528427,0.005389888270795895,0.0008486708070858384,-0.0647481594569983,0.0,-0.009049372024759084,0.013361572811334543,0.0008029933693503022,-0.007975586006138125,0.004079338599627391,0.01781502968947568,0.02484469719556559,-0.02338263867651802,-0.0008068950067250391,-0.0055069998103316475,0.005750332765696253,-0.0005509768094774659,-0.007215142484279458,0.006062737789255257,-0.039091195287347835,-0.0037736336851513785,-0.020137077966632777,-0.004267112738516099,0.009479706927307596,-0.0040450021883123854,-0.0013718161528740724,-0.006825450839417879,-0.015571150752314744
2022-04-28,-0.041533518340259645,0.045155225376765085,0.005242144691452344,0.03675649258488778,0.055705988971118,-0.0428472091965556,0.10401650102100124,0.006462148619626129,-0.0004742758071910602,0.016237712370420043,0.005912019336584695,0.014781014465864661,0.044444305505385806,0.009835125991402016,-0.03609828538619386,-0.03514381133946143,0.004265072358735411,0.009400615337632257,-0.0021644463557493054,-0.004629557456219846,-0.0027174905399679483,0.06286407176352782,0.0,0.021064585612071696,0.009259150522689996,0.07216211267419759,0.015929145881701023,0.011507400410575963,0.007495114862942298,0.005539276980796259,-0.004056791404240978,0.007708574072235352,-0.0045179393975876,-0.001111120065326987,-0.011581150614517255,0.012752312606141514,0.025827842587487382,0.01982200771387932,0.03247788438967003,-0.0016193437880861472,0.04272347375867125,-0.004818248388925306,0.005892337070740439,-0.0020028617007120664,0.017459941172302207,0.049401775652064384,0.002058377897083963,0.009415105638719057,0.046409233124775406,0.019748673530907368,0.003002205002102576,0.0001352166794468257,-0.00039556095992754337,-0.015368206202600154,0.000848345479874224,0.022115244266616152,0.006369426751592355,0.008057873338773058,0.00890684003487463,0.052958942530684894,0.0005357536410679486,-0.0036112918083486267,0.014359177894387898,0.036111120209014524,0.023466221076717808,0.03796436759103483,-0.02214963491504307,0.016009169625991193,0.031973536009986425,0.003731919467168554,0.011707834365952241,0.05163421288454306,0.04166665121960711,0.02186269422790388,0.17494339671737924,0.05114879641580572,0.013403817864473089,0.012236437731947936,0.01277223565584329,0.021089453781560463
2022-04-29,0.016666547282330857,-0.03660485597305474,0.011963242457036172,-0.0037888873276792356,-0.04596165522796514,-0.020745107381926364,0.03638053917292772,-0.029192727247568828,-0.037713481447895436,-0.033185471378174514,-0.039003971413898775,-0.014830516797552873,-0.004310236165901538,-0.017652383248383918,-0.028286748382752802,-0.009933765423590035,-0.03282978971272432,-0.030760813142720833,-0.042299293283379114,-0.02969007796577272,0.004087196065115206,0.02048476405258337,-0.046802250755007435,-0.02719424527940406,-0.034075917347793805,-0.04234929589166603,0.0,-0.018771099731708762,-0.028289975665049538,-0.028389896968002093,0.012219947992700098,-0.031042055116618394,-0.005294979951534606,-0.02739534514644748,-0.02253286024382295,-0.021309006384585327,-0.009693701396827459,-0.02816679646461595,-0.03572813543199893,-0.027572520579062343,-0.01729042298076433,-0.05765842894072548,-0.008404556485871684,-0.01475611466015525,-0.030464028103184382,0.0012417968168683124,-0.008299144169079953,-0.012325420663134912,0.019540878549605623,-0.014667732398384481,-0.03361005373035009,-0.039173383848086774,-0.013053572210784514,-0.009437081945629755,-0.008474786611088025,-0.09783633576504713,-0.012658227848101222,-0.006699387654832689,-0.006577855149457301,-0.027624323043873966,-0.025712971838711574,-0.00203864567427392,-0.02831149578955494,-0.01218620557825345,-0.03274262713634135,-0.012451467418652773,-0.06229113586998547,-0.014350057260210658,-0.021901702053996552,-0.0019569993333466984,-0.015486643289597701,0.08681935730118884,0.0109091436470381,-0.007702009859696157,-0.07080026116308169,0.008743746827891696,-0.01362740141780927,-0.014678689561719471,-0.020613397841837355,-0.037005165352789304
2022-05-02,-0.022950706559638934,0.0019665338554109013,-0.019703190878370358,0.023906471626933712,0.05051449794665608,-0.009734634182233748,-0.010351014821953441,-0.014461925377857732,-0.012817332916787882,-0.010424710261211168,0.04314459748316479,0.008064509175967016,0.07359298854877694,-0.0030986486819705172,-0.01353036941311514,0.016722392025688038,-0.001324179926558311,-0.012956617901012657,0.01651173436557163,-0.025325473363781992,-0.029850740803638254,0.006220080193999555,0.003849004767676467,-0.016001482916835008,0.016282080885801076,0.017109704723968555,0.028745722172397015,-0.00869574101454873,-0.007871492535694302,-0.012792498904095617,-0.0040241412013706235,-0.013958805400715257,0.0007603906090118961,0.015584606247000865,0.029967895584292803,-0.017672891589443074,-0.0364974855244099,-0.00677976426682958,0.03705193187193667,-0.004447765302711515,-0.008797645394305609,0.0023353216915875663,-0.014126034379546626,-0.016295212983061136,-0.026150811857927003,-0.011726239690797557,-0.01623983461697387,-0.03844846065644336,-0.0058336108860646,-0.028031999050222356,-0.016192300910171875,0.014199485478358254,-0.015230561201726056,-0.00696254886898362,0.008547222497875095,0.04275315303962901,0.00038459973457527497,-0.0012261354193549012,0.004269018746540176,0.03193568229192745,0.0005497855773914928,-0.011122620025936891,0.00680554299286773,0.018258122397101895,0.004942109649791471,0.007092278493723958,-0.018891239711950947,-0.03596901039040157,-0.017476772482677316,-0.016274519178173796,-0.0159031379801593,0.09638014095367353,0.0,-0.0008625162410478282,-0.029785370799288002,0.01601656038496735,-0.03210083542496245,0.003255099544553497,-0.006601333797468079,-0.008042817216894482
2022-05-03,0.010067075153945337,0.009622693707473484,0.014842538907092973,-0.005571745612212409,0.014358870971850957,0.005499585231624193,-0.0004547625732570504,0.007605642205269492,0.0024970350888005033,-0.018499802780458596,0.008954142205561677,0.01519997630867076,-0.06451607814631544,-0.00012435858053672089,-0.006026322810374518,-0.03618417647241512,0.02987141352999756,-0.004572432543166749,0.0016489244174768825,0.0007375576762025382,0.016783151855975564,0.02360178621751574,-0.005388421996543991,0.00901229062345843,0.03805084526297531,0.017080741662457655,0.006773913705639956,0.008187062266687528,0.0029344869582530464,0.007509692991148453,-0.006060552348919224,0.006266268014972098,-0.005319121398870141,0.009010329470975131,0.01387620819705604,0.002446737559319123,0.011676847258224266,0.011774897386420458,0.048155329483258624,0.019918124703447226,-0.0051456169660437645,0.06290775578115082,0.01042081068059586,-0.0015833793656784279,-0.002144150691098634,-0.006275060504983276,0.01852951903201494,0.01613466711131961,0.016764608065455544,-0.010806643874829103,0.012737703324026572,0.013168721950445272,0.017908101970436796,0.0003691122677254022,0.0033898161519416714,0.0029999621294805046,0.0024349922386088796,0.006906253463036416,-0.013359904606196848,0.04214925570307049,-0.00892997873461554,-0.0013772250562467114,0.002217965176873671,0.09619581237383512,0.012011284343922846,0.003912490835828342,-0.015151671698791946,-0.0014807939716598995,-0.007226190240163688,0.016543760932753004,0.012647054584932649,-0.00821954750096765,0.0035972568573066077,0.012947581243966333,0.002146999439638142,0.1446586788138282,-0.008816175411401228,-0.011230786450242447,0.0034871170288670594,0.006531518895909416
2022-05-04,-0.013289040361617599,0.04100837907131516,0.016148681496832573,0.00933837494912293,0.09096895825064255,0.016839899200320252,0.016833523518615667,0.023976186184814452,0.03935236953293053,0.014921644444807702,0.0331747866883465,-0.0031519171407004,0.14655164273252863,0.05010602105324091,0.009094707686365888,-0.04436863873003127,0.014028078339135108,0.020003165457137984,0.1033967847193431,0.06773713548593618,0.008253026390545815,0.03513609776291515,0.04782236690968,0.00679636371143677,-0.006430961355089915,0.03486002438882574,-0.0008410621188461587,0.021461598912495772,0.013220544464251915,0.02835457354847115,0.00406503671064562,0.021332477477187473,0.06264303699611262,0.03812517450895214,0.051214109295924404,0.01665460608185998,0.023901351582604313,0.007421083808705209,0.029269930441834457,0.01788637223502354,0.023709314283363758,-0.0999561084032966,0.034162695084256844,0.007441578307958885,0.017599514004659422,0.016303119941534883,0.05201346798132378,0.024393049975066416,0.02802947304590675,0.001943709273327654,0.03250431449777125,0.02065944521187646,0.0015993751975083015,0.0059018505976931035,0.02871614408869716,0.05483529831885847,0.012400935893189358,0.015165451874523228,0.0318296784697909,0.07451266529544198,0.03063521291890381,0.019882738606736172,0.032353140867204866,-0.02917779532598419,0.021028763021331942,0.09119247199207292,0.023397628744464827,0.013048705958701445,0.007838711358570505,0.03137253634268311,0.01231578795782462,0.03666254505422306,0.05017897697574525,0.016617103623614682,0.005950955546668579,0.018470520691577175,0.012282938270529398,0.07710765740102654,0.013835129492749454,0.021705348042387662
2022-05-05,0.01010105462405364,-0.055716062259570265,0.0248874833522148,-0.03568602229646578,-0.055823732896596145,-0.007412211530403168,-0.03937364890807071,-0.002341449682376262,-0.020847925882721663,-0.022182214020111224,-0.05706106928087529,0.04084312094451259,-0.08270673982510945,-0.04499165196958299,-0.01812912317615112,-0.09642856625878071,-0.009088717255719692,-0.013161859149262045,-0.052982726100709754,-0.014038146424508735,-0.0040926989237668465,-0.049323701211515525,-0.02823912048178323,-0.022757978315556704,-0.026537185375916206,0.011802394358112256,-0.05639731227607614,-0.006246349630303127,-0.008983727677637887,-0.02188763021574547,-0.01417007507096335,0.014113564244796928,-0.04529109359103578,-0.028571517075285713,-0.05123886010641332,-0.0008470793719724812,-0.006612633403530022,-0.028126500544365718,-0.02807740636582179,-0.03442709397262311,-0.008579142306502918,-0.050657617181856684,-0.00984805823347712,-0.014894685662274698,-0.030266642625546236,-0.0057613777550453715,-0.024288534512997284,-0.026507809594644827,0.04490817945607262,-0.06709478900840371,-0.01669861071362322,-0.014879314619823392,-0.001996088922097017,-0.006234034332571192,-0.019704351709252443,-0.06264923570806047,-0.0023993235957636694,-0.00472971017964019,-0.006391094564548561,-0.06002036186847215,-0.01116358706170073,-0.015550789015025712,-0.03634129543777476,-0.009790448734183999,-0.028092385898217165,-0.033571417924373126,-0.041497141807070426,-0.04069103327419221,-0.02833334604899085,-0.021482721509841318,-0.00959574735502533,0.009755875237218659,0.0,-0.03310984915279436,-0.04046386725826023,-0.026567001371416432,-0.009623217065074408,-0.04194513769470831,-0.008567972804791157,-0.02365303962826759
2022-05-06,-0.0033333753236859387,0.004727019679855227,-0.002633111982265124,-0.051260936276046,0.0156598865270845,0.009174461568869363,-0.0307405621108513,-0.001216720299588192,0.02080221878244859,0.0009232415685835882,-0.008675756051557348,-0.06582272468270467,0.020491766809632495,-0.013513624188609241,0.010023021764020035,-0.015810261780775714,0.038240657482322415,0.0040010239913172985,0.02963387471993406,-0.007546909201623153,-0.01506845425965464,0.021199514886824256,0.030287469984817905,0.0023799956930825594,-0.01795213866628198,-0.01774005661881939,0.0,-0.00914288303900046,0.014245288879665585,0.02150551292015579,0.02464063416406126,0.006457127235511173,0.0,-0.01900677277847751,-0.03275772352888706,0.009187211660234507,0.009873065116107638,0.005200146925831595,0.007407366498644263,0.0,0.015494053306728484,-0.03745508213489568,-0.000377582326001491,-0.0028272607264122618,0.01140607507459368,0.004317903081299201,-0.014662191021914794,0.019614584521151057,0.216423484798131,-0.04840095219856744,0.008769466140972737,-0.008028343033651741,-0.0019999147413531926,0.0,-0.010887604421387143,-0.012244669853979318,-0.0006329500222508333,-0.01840391185963397,0.0007718398984399855,-0.016955242604499765,0.005848665976043721,0.0034340471611957746,0.007944967001442649,-0.01494599909847194,-0.024050951788195607,-0.04065051622531046,-0.011435899132071325,-0.023191797811391357,-0.01086338116318164,0.03361177795460368,-0.0046713657169290546,-0.059581210600720635,-0.023890762181836833,-0.013870612815351957,-0.018002364889433964,-0.02843601110575633,0.07308804570438343,0.007735240079438821,-0.020819666004772808,0.0006727386136442526
2022-05-09,-0.023411336701758878,-0.03318944323440187,-0.025520654508951246,-0.03236055799287629,-0.0941891763422501,0.011585527240074667,-0.1821239358694563,-0.011053207762324546,0.01606327788391604,0.005139092590353389,-0.0036100973260670965,0.008129964702211279,-0.028112369349817312,-0.028402739630170926,0.027473032338285464,0.08032130398301685,0.02267116606343067,0.021107054299466466,0.02789217990290882,0.0007840191986685507,-0.02225304373720105,-0.01584289170282771,-0.01817459614364947,0.0029679514764480164,-0.07176708219308303,0.15487388470591346,0.02319359750196881,0.01960799260265822,0.004256262704766867,-0.003414133955366494,0.0,0.0015486688201411525,-0.017319152458202258,0.004384284589892484,-0.005492063699446548,0.029411392257008062,-0.012607847667545191,0.015519954289348714,0.02426465374448661,0.018384501367900485,-0.025833640118984924,-0.09328358095144362,0.01763212925682689,0.0054241617593207,0.010047300396309966,-0.008485216763903014,-0.001798749075913264,-0.0014712075310239214,-0.1671922518235408,0.02426326786371824,-0.02428583344004076,-0.0009601051062432253,0.014829693291415147,-0.004428061946919026,0.002540036749886676,0.018594690628755073,0.0032932507445304626,-0.05040718655888643,0.02176703637124744,-0.029908276479178597,0.021636468620433336,0.03479318064715442,0.01618484612352522,-0.034547141385734226,-0.004484828263215168,-0.02542366636673221,0.045116362097452845,0.017181960035909327,-0.007514402687840205,0.02913521586615997,0.00956042713529448,-0.0011415333488996593,0.010489561342661213,0.014505118132041472,0.0007534087558420666,-0.04911693314269494,0.07795285649212236,0.02850824968876564,0.011700846151107669,-0.026675856680378973
2022-05-10,-0.0034247006981953376,0.016112220825477586,-0.006622608812285935,0.0020901669547908064,0.027443292378786177,0.006144585255496882,0.0076380233413744225,-0.00457610738235148,-0.0025955515694596754,-0.005505934641002352,-0.02569182464790032,-0.016129018351934143,0.053718942465860176,0.00413916421434668,-0.0036599851201725153,0.148698828416445,-0.0076224085778225925,-0.013009409729836552,0.011002894169868549,-0.016371724437325708,0.027026939879286616,-0.00222027810310077,-0.007080598378391256,-0.0017754685446101925,-0.12545583866607124,-0.08376177853149191,-0.0008718595160439602,-0.010181114704709171,-0.01833004178807196,-0.03668275597691684,-0.036072111542058916,-0.015573132860036365,0.00383143496001237,-0.013658003964622134,0.011504784241826549,-0.02394548623727344,-0.00022378511304887994,0.0013585207043746994,-0.01076819947407992,0.006382079070982538,-0.012204740195188912,0.03468548763368684,-0.008292028664474649,-0.0035558729571494307,-0.005582588990966975,0.001939742443178849,-0.022524387547518065,-0.0005662931120765657,-0.06060638919024419,0.012506603078844769,-0.010182538612316439,-0.02073325609482013,0.021721688015568175,-0.010378045618958609,0.014357924804723421,0.271805181060343,-0.040903899775510344,-0.01699306346016083,-0.036903375948873385,-0.03745034201319475,-0.014559965455120949,-0.009590887452023078,-0.03982150083443403,-0.011363665710040993,-0.022702906264646328,0.08142290715119493,-0.02545847446347227,0.007371322773996658,0.004076860484168776,-0.03744297136709762,-0.0055097669548851425,0.10385707348550466,0.0276815961559449,-0.002599213793423316,-0.004767931279299087,0.014682526553367214,0.01899196231870759,-0.0021318450607265005,-0.01407702384312115,-0.026715651586112
2022-05-11,-0.013745708550949143,-0.05184100149740711,-0.015151366605165806,-0.034267028570330815,-0.009128875885757393,-0.00029094240044658104,0.0029155186892921847,-0.004332262318561542,0.012775225573720128,-0.0009230839147934544,-0.055780978806502235,-0.08524592552249688,-0.09019602669103122,-0.01687488736145648,-0.003265234651375737,0.02589002082420455,-0.008768853903236562,0.0043936703476272765,-0.009172123763508289,0.01664421900433921,-0.013850623826009212,-0.016690001708807745,-0.0017317068947931835,-0.00533587931972046,-0.10341958439710841,-0.06499880171949457,0.08900519203264201,-0.0039998539745254025,0.01759313089838943,0.013779703062064108,-0.016632000968346272,0.0017949097180718354,-0.04427480069093348,-0.006281250823823026,-0.07870797507285376,0.0008365329341848415,0.0066321485902656185,0.00763094473634629,-0.017779414912115876,-0.015582381588503225,0.003464960848862386,0.01761360563768899,0.00923507133999335,-0.01144339720021581,0.0017350467044152662,0.015715827585191855,-0.002178411835253913,0.004988962430968247,0.03225825069110355,-0.030952617553876793,0.00300034028427576,-0.011076891441432757,-0.035175833304099346,0.0037451974273872146,-0.00999153646702755,0.11642760428612231,0.032512849559228396,0.00567990325200074,0.008098901741548037,-0.03753192906896796,-0.004298280060596293,0.009572562413228125,-0.024624795719474624,0.005135707693989744,-0.025649102620781905,-0.03435678678639231,-0.01655042515157379,-0.031097824526859275,-0.007540554668938326,0.04003811632889542,0.018178852836102655,-0.04736653268472679,-0.0033668000413898946,0.005212644468997052,0.008068650211482842,-0.028068504250808757,-0.00752692807099653,-0.028252611470647282,-0.010457131548287313,0.020823701353256174
2022-05-12,-0.0034843646387680005,-0.026894545003703474,-0.02153853695135166,0.05769820859885266,-0.009781626800071108,0.016954824677571922,0.029651063890188123,-0.0047060993912524385,-0.005138852426441187,0.019000311165296546,0.0426068360947216,-0.03524490435099781,0.012930960345695741,0.01572326201527896,0.00010250600553263212,0.0,0.01401243933969587,0.0,0.03214872880030528,-0.005091678426714208,0.0028092438525240127,0.004243458348472062,0.0026532881371528205,0.03496910192293168,-0.013953377726948712,-0.007251835542770202,-0.005608950111521849,0.015490454353403127,0.0007424270079003925,-0.052031502633207105,-0.002114213285731581,-0.004143373823844887,0.0015971247763482133,0.010486799787449375,0.03308649331164393,0.005710021028594081,-0.009348683695867055,0.020868434036825256,0.02475069961233478,0.0018475262417039229,0.017824021515094657,-0.005025134190656866,0.004822607707686055,-0.01057980879083198,-0.0027510500581754416,0.01838759389486211,0.0025192001739746672,0.019583429642756167,-0.05546877820704743,0.016120642144936914,-0.024073843764172098,-0.006663802647523975,-0.007695499751736556,-0.01977584880353922,0.012615517370809792,-0.006428526966662629,0.0,-0.03511505722736197,0.014944711686997625,0.058391193080459924,0.008363649933045503,0.0160970745253608,0.016388080061634502,0.021411218997230197,0.01770566552291486,0.010598231989763285,0.01583900136651506,0.04562634093910822,-0.007013491230432711,-0.004594023969378247,0.004250762608734249,-0.025811469915619556,0.010135017005769464,-0.0025931400403192972,-0.008004068185029078,-0.00358731698837389,-0.019501568859962348,0.004764444934868717,-0.0009481549645238285,0.020246248205375794
2022-05-13,0.027972123999544296,0.031916605280608135,0.019182476057079345,0.051925398406640566,0.09257989218944873,-0.005393999894265811,0.1891586987379834,0.007761547127300039,0.007043801763239266,0.014635873135782296,-0.011447026784992764,0.03188859165831337,0.05957446383473641,0.012254912404042084,0.0074207232954162095,-0.006309142096266318,0.00796021037906991,0.012685749785441125,0.0326646661474701,-0.0034643489036603192,-0.016806732852468587,0.018309819531855398,-0.007837165771686694,0.018237591434272282,0.015094448869445776,0.011335031594244649,0.04270747296437016,-0.009604409044961515,0.011128977790816785,0.00925068522669914,0.008474669590729178,0.004723131455800278,0.03668281044876909,0.014501256626090031,-0.03393877525014477,0.012325320513907778,0.015189091617451078,-0.00032970268293208704,0.027757913916531596,-0.015307932128097002,0.002785450768278519,0.09147031964252306,-0.004676674607519193,0.029815196216874007,0.02452221636486951,-0.004623979946533074,0.017490827995183755,0.01232375788743223,-0.017369751942669653,0.026416971499348962,0.018829219058937863,0.0,0.00938783588389458,0.014465114444430771,0.0008308268720704781,0.02875623301229724,-0.018358011175253486,0.0010181506086857084,-0.006468605986755471,0.03665126389441298,-0.00334422291179437,-0.0041511712563182535,-0.010349856061122709,0.004287763390627974,0.01132235285452543,-0.006741792091205401,0.0073085980645828386,0.005717704765238807,0.013537348165672869,-0.011998968456575776,0.018625346098620543,-0.01938372430457258,-0.00668904969667683,0.009532232188542267,0.00907728066541491,0.05220532811001455,0.014733115845082967,-0.015441063023327928,0.0038646012961525145,0.03680830294386839
2022-05-16,-0.07823127022749565,-0.010672323618340585,0.002776913256715474,-0.0005546438436490053,-0.00925152289111053,0.009980979744273366,-0.025166134507931703,0.001770710173274015,0.011424703682713755,-0.004487597416985345,-0.018411352846874784,0.04320431702158989,-0.024096406364361056,-0.011979067124648024,0.004992523170364471,0.009523800152860362,-0.0075180997983024245,-0.005327519799823821,-0.002091204339905728,0.0069527192585685516,-0.007122614013104767,0.021300280848464803,0.01097644379336482,0.0,0.007434728193142615,-0.034620252839835386,0.004636817740524268,0.008556699369572485,-0.003773919878894194,0.0172625169250753,-0.0042017766390675115,-0.0007836224421404747,0.022307952798842345,-0.016535954906302996,-0.05047027009735272,0.004924842052940415,0.015094540101505904,0.0009895038924641053,-0.012276519114422402,-0.0035587158222457616,0.02657488541742481,0.02005138171467591,0.01582613280280576,-0.010017259969555159,0.006682225715410661,0.02112570960797533,-0.0033057462852267294,-0.017547372576561693,0.11784511956401444,-0.03687996860351761,0.00458460131117544,0.014558959685093908,-0.020622741965282465,-0.009380845108435065,-0.0008301371718006934,0.016072647086630143,0.03311692275010136,-0.01186451233539143,0.018418534127621067,0.01079266837071624,0.011946355500569883,0.007569045902298566,0.01034784861385929,0.006404185454005562,-0.002184623612553782,-0.0030166170770268286,-0.023701858857022917,0.028126919419818597,0.0,0.019431781231186385,0.020611600712234113,0.028014736079236657,-0.03703702483195248,0.014163009138840277,-0.02173917493206079,-0.00958087861835688,0.00617057653370634,-0.006421189105650926,0.0010806668124079266,0.002205034677553508
2022-05-17,0.04428036174956951,0.02542273910428472,0.00030746746483867327,-0.0027747582208099697,0.0873302583137856,0.006068745531323749,0.05601556649135109,0.005213915528855084,0.006915419072346163,0.00012863339982782662,-0.0031850795493891804,-0.0014380776250595417,0.012345770440037596,0.025022767243004118,-0.018045499145247224,0.05345906739200901,-0.0021646680203823987,0.003329336670647276,-0.007929112581259279,0.0030599109885420805,0.031563919484531855,0.07015145268849188,0.008422065979060145,0.0033938434598601575,0.05166053992863717,0.01728591363922627,-0.05769230769230771,0.010746443078183399,0.013262715203161246,0.0010513351894396727,0.04852321311805241,0.008849622683664071,0.024078137514219167,0.021373680103907944,0.044293838037258615,-0.007486935015552865,-0.017050492666135786,-0.004283379698009959,0.018465791705063905,-0.037030059855131414,0.006747160622501802,0.1038306174445105,-0.0038948667780596136,0.030725561834142434,0.0006931708735868902,0.007366017766243571,0.023880527431402232,-0.006251992198548217,0.03388590470329156,-0.02366226981712627,0.027096265354821458,0.01885190772701173,0.03303061363371862,-0.0007576336663112082,0.013289079197290166,0.04332881182711512,-0.006913928732346641,-0.0014579567825097062,0.006813631559855704,0.04768041544806323,0.02162084973605083,0.015133261790514663,0.0289825366542662,0.022154103698988736,-0.014059819346383118,0.0416038236793983,0.025103095731688896,-0.010186333106324996,0.020325226215212044,0.008797659284175419,0.012052033504762916,0.009268077980630673,0.0,-0.012695535540992564,0.04163469588877966,0.0570046058941962,0.011543756392784044,-0.02920701842160256,-0.11375741407992912,0.00704071861304123
2022-05-18,-0.014134279936107608,-0.056419353847131704,0.023070167073578896,0.10183639363559016,-0.06040794737646216,-0.005665261167924429,-0.008763862148666868,-0.016703360691097346,0.0027472970176445344,0.01094641512269523,-0.10508866173983278,0.011808826499382086,-0.020325245918324297,-0.02856425259679518,-0.0688623563791475,-0.029850718650553665,-0.0696649537863614,-0.005915068009404556,-0.06970646783934575,0.004928088511151119,-0.012517318336031535,-0.010377146646194157,-0.05393450552453416,0.0005635584651564329,-0.011403412389385359,-0.026629450391424947,0.0,-0.015108901976618405,-0.0029320198368970596,-0.012451312247628299,-0.04024141201370646,-0.002706304475650456,-0.03747246475283961,-0.014090624221862247,-0.03542910915395925,-0.07324097622624504,-0.07861231159335091,-0.0011582645046940288,-0.0223150498354161,-0.06500077021457273,-0.020604029461375628,-0.05936069679017608,0.0020771685783449456,-0.023943329936203295,-0.0926639179492178,-0.009677434297318488,-0.03150323210904882,-0.006515141896341059,-0.008740411586940167,-0.0730121724003383,-0.014162459962229534,-0.01795069281986683,-0.021982514683085763,-0.006823377863343416,-0.0319669154561566,-0.01911678372036174,0.0025316069397745,-0.03547192582251801,-0.010360186574232544,-0.0685292837170206,-0.003895143188138994,-0.01651628889627277,-0.013447792803219283,0.04565366822687822,-0.2493033228394559,0.018881539800108982,-0.01804410420786262,-0.0449867294638272,-0.03756402156378713,0.026344613208159284,0.008529263555108413,-0.014802648811720442,-0.0034964634122554017,-0.022717633226738587,-0.07258443736861964,-0.034155965997525906,-0.03352336879469564,-0.028037573096566737,-0.06791031170370387,-0.01660469136827225
2022-05-19,0.0,-0.024641596307040325,-0.0105232174032589,0.04267683097287689,0.0040506792126413504,0.0033202120006741165,-0.04746395852151275,-0.004291426209416249,-0.011187447256201799,0.010318569412893552,-0.030415241761031386,0.0247651236795412,0.05809128091856364,0.003367594689024589,-0.02184262758326605,-0.015384600712702867,-0.05266410094829088,0.004499156595104692,0.006525625553095882,0.0028800266887800685,-0.019718574737769168,-0.030690330220947915,-0.009359639037398115,0.021596308803818243,0.0,-0.0020844666187659344,0.0,-0.012500161983097224,-0.0042007216986568174,0.00030364860283005335,0.044025165406013755,0.002915557993708795,0.0007632928763261493,0.0011320468627475933,-0.009311913933208626,-0.021311316886167386,-0.008071077236529,0.015902101448778794,-0.034593558639209876,0.0020874344648202925,-0.03021751545607876,-0.041262153676187574,-0.012071879828995713,-0.01238821639968013,-0.024113463127981793,-0.00010870357330727831,0.004849994694149595,0.006897519318464607,-0.01836880675303021,0.020536050886205803,-0.007605605210592281,-0.026293594622539884,-0.02002424177149209,0.005725130426105229,-0.01693512007482234,-0.026209686819812728,-0.0026515036939950276,0.03223503949940021,-0.005825194556386748,0.011695958615606683,-0.011470396863188626,0.004034764530016055,-0.012020940600432461,-0.003748581580268917,-0.050615740828576006,-0.027797657605757475,-0.010500386763184988,-0.026785804702891935,-0.01655829031177425,-0.019472679090724365,-0.04164690634848178,-0.032414800449314884,-0.007017720686972706,-0.010964811427542354,-0.009254760250345773,-0.018443292715401904,-0.0372695395936159,-0.024762597163430322,-0.027444281580219387,0.014663371495534872
2022-05-20,-0.028673755479086238,0.0017475512487661327,-0.02765124682480058,0.004843806212274648,-0.03279195437042692,0.011153307594841344,0.021494897353052878,0.009124399050181475,-0.0032324555991771753,-0.00630428875977096,-0.013093249153540376,0.006666638454219109,-0.0392156937949083,-0.001420063434305674,0.006007609675114489,0.028124972758815092,0.0010860113194595122,-0.005490429067967151,0.03324843987523041,0.017774179620867026,0.0,-0.009234870670650097,0.01921862238287253,-0.009558926489883768,0.007098371601923947,-0.026109661094519288,0.061224489795918435,-0.001726005676604414,0.010440838875728664,0.0,-0.022088380139177133,0.01039820189137286,-0.006102291925746628,-0.00424031941977121,-0.018798771820443427,0.01330703379868714,0.009067726657523423,-0.010924617981199924,-0.011451789282814984,0.013749974742882642,0.043944519319656594,-0.03696200213854828,-0.0006168855165951115,-0.0022356814597875863,0.009838900845073884,0.015854109558730567,0.00241329288936587,0.0026949890195573367,0.09356266833917104,-0.016324509398440656,0.010785889692417117,-0.04534293122907629,-0.041701569952366624,-0.01518010638070244,-0.013780966657740645,-0.03381633154525987,0.006456540701647473,-0.013026057357421794,-0.0035667673288510837,0.00783140332986143,-0.006329221780774552,0.020636565846325894,-0.005540421491183056,0.008632124546571918,0.012579145365536393,-0.018328408047936673,-0.006798018050457544,0.006959754227706227,0.01443185150802706,-0.014984583408283458,-0.007825422683488736,-0.0028757942766589606,-0.021201346214933414,-0.018625346214047545,-0.008006187081770477,-0.020686053510779345,0.007665851761672782,-0.010535094715180326,0.001092211009728672,0.009415457743410682
2022-05-23,0.0,0.0401190398420217,0.029062508658659558,-0.06604004742397618,0.016791440586355177,0.006222104520263505,0.03778101010484303,0.017636609530130132,0.005559613876669145,0.0029183269142409873,0.0031783283155659703,-0.03394048975418695,0.02448981677427109,0.0025855128115057635,0.007887390778817727,0.015197554071740171,0.009327363983258508,0.011622726080597445,0.06852748898848948,0.01639579143745018,0.008620929644116426,0.001064995002842739,0.006741663291769173,0.0018561593187629288,0.02819386960481962,0.02761401112766637,-0.03692304171048677,0.006916482519418121,0.019517902926082797,0.009111749782973355,0.020533861803384568,0.010180090418680843,-0.01611657201477934,0.0032648826606505033,-0.01064391555782307,0.007014097587063173,0.010967395336177299,0.004615976764208662,-0.022047792612759465,0.03205918230384319,0.012547906125071062,0.031019986245429454,-0.010991783703141134,0.014438872999178676,0.01439322423182432,0.0029929318842520924,0.0015772752493821152,-0.005711817385941287,0.25804263802412697,0.01421289264716119,0.018674938375189853,0.03358036246534479,0.02610979579227002,0.0,0.03406101294683084,0.003571262040394929,0.04591196887897997,-0.004719972702424968,-0.016618142985953654,-0.007770549026341778,0.0019904724739463475,-0.011493151090424036,0.00633608820154663,0.024138654410525096,-0.009397632946741008,0.014936575077260983,0.012353673740339355,0.006911791428729108,-0.008891613421266542,0.0328079344575567,0.010572218401437627,0.02191787096766684,0.06859233615308824,0.014911698912388083,0.007532756877356883,0.009329364438887877,-0.023583195255577394,0.012285107778788662,0.028523341225492826,-0.001301515121711394
2022-05-24,-0.022140226447122213,-0.019215759100069896,-0.0033404033220344465,-0.022193564138104804,-0.041127548598569263,0.011443951514834128,-0.14608294768854846,0.020761779517588952,0.0013819788464961569,0.012019348987581946,0.012123059333149389,0.0028563245722812436,0.015936242250395916,-0.004126050869267539,0.010955844125248415,-0.017964055186050376,0.014399377013492254,0.02987201829439501,0.038564081488555946,0.004951903981795347,0.004273430019585023,-0.02021790892369213,0.009208022700659457,0.006113247062125904,-0.0034275758190934758,-0.019566917927782534,-0.02955278160584729,0.007441319838636273,0.02774364226886683,0.024529685239272903,0.006036259773603003,0.014787920906227825,-0.02262099050633526,-0.0011318865354953411,-0.047337644909343224,0.024599497059934583,0.0200716266648846,0.015260974060210097,-0.005349430757797702,0.02568709966813887,0.011103960008592484,-0.013258552819452207,-0.0021226127366956726,-0.005276098285736386,0.022811733278364166,0.008632823074094853,0.03232486006433022,0.0018024335454851492,0.04624591139894352,0.01571491168913619,0.02922104553643723,0.012146929884371938,0.0008480468116252027,0.0,0.01351355463449,-0.009252448628536802,-0.013830445036383865,0.008167083533269448,0.013865992282388273,-0.15905281417317563,0.03204895874740399,0.013456811111347777,0.006838748394104144,-0.017570167709366924,-0.025666313832610754,-0.002943436734664906,0.01846968301482077,0.04804993678733038,0.013756068123834009,0.03442771077429718,0.02573903788815257,-0.04487093248859764,0.020270116674168337,0.03962634553504807,-0.00320362257145157,-0.012905556610414926,0.014413866745809356,0.005798309945179936,0.012479344711649576,0.0006516523087216619
2022-05-25,0.041509397030662365,0.001139939071037821,-0.017976996571971604,0.00448672437004638,0.01634486401835078,0.00444652464208839,0.11872632347911072,-0.0009481024934273607,0.014263048148360324,-0.004750681440439775,0.0896965549254709,0.020507236430878484,-0.00784316944220731,-0.004014025617912864,-0.00375987104070441,0.07926829046681116,0.0034603346879258368,-0.016315678159950497,0.0324529734389396,-0.0030610660892916863,0.029787331121091443,0.011403736586412805,0.007257429114257974,-0.004603237476160538,0.006018929366074177,0.009047267730829756,0.0,0.003408860652126311,-0.0006974946452097397,0.0049940064721269994,-0.003999996185302779,-0.005289061841026621,0.004788729254511237,0.01699708826943147,0.06550018039425032,0.0017359169573711863,-0.0094636175762437,-0.009536317657248272,0.057625541599967356,-0.006794795002280418,0.003431751378979442,0.015503836234951107,0.0007507325974493995,0.004070655498655373,-0.0032011840646890555,-0.00940404082980384,-0.005620231551128896,-0.016977843963718264,0.09204358845972327,-0.007177606739029119,0.001607039917982167,-0.01185662257732989,0.0012711668474103544,0.011175436237297998,-0.0050000271182658595,0.031609109251035994,0.035731711038728964,0.00026148860713504085,-0.015813479879259185,0.08980051416369239,0.003208049300030824,-0.0110473395482511,-0.0037736021627899907,-0.03467830328250343,0.043148134071360866,0.02435432757705347,-0.010200729972379086,-0.02143499956368622,-0.008849647146145223,-0.02436096142020705,0.020074531191594636,0.026739783356546143,-0.009933741567808352,0.0012845316949894325,0.0010710624322813889,0.04416961209851378,-0.0065285834891920524,0.004960289710755461,-0.0061225771299616705,-0.0010854731766574144
2022-05-26,0.03623180429201911,0.023199549368595918,-0.008687437574409596,0.03021538806324542,0.06583916215497587,0.0001580820731470478,0.04148579977531375,0.007073921053089238,0.0006871066361771039,-0.012812484481380615,0.024856471982382056,-0.03125884656363387,-0.007905093723674428,-0.0043012414914501695,-0.0031080294067533654,-0.09887003062264432,0.030333008036920628,0.0038276439545426033,-0.04288344681102518,0.016176200476466285,0.02777781494818221,0.05583884633234448,0.006690848154601081,-0.01424341808879559,0.01709385283940379,0.01529540767567017,0.02139919646460764,0.005662622188115973,-0.004485553659910102,0.008915570474362644,-0.014056259315918695,0.00043407569915387967,0.061953719577131805,0.011977922473445979,0.03232619620708399,0.002887623949729079,-0.008939080040744618,-0.005221939850098556,0.04322550627454569,0.019155568071563378,0.02100908694018022,-0.031043191595163777,0.009753556378986561,0.005159656201741969,-0.015523273618231803,-0.015360078903577046,0.017036726696135984,-0.03671512992604298,0.14285742340972307,-0.018395109507469254,0.0033424478584167527,-0.0048287575666849936,0.012695791741021534,-0.001524589554640965,0.015912854778664887,0.04596095456055127,-0.01624864298197659,0.001654524158044346,0.043859767500443736,0.07202435383376682,0.0017907163491845957,0.0031148539768781625,0.014502204356824366,0.01604163863748931,0.04334461532941303,0.0223341877849772,0.010960165902744734,-0.009126674696884218,0.015476204802931104,0.0021100389437276323,-0.00396781108894495,-0.0195685026527167,-0.03010023263555761,0.002566427112113301,0.052983412536728114,0.026734403909036697,0.05735489363898383,-0.0026679770603963426,0.02131807566167243,-0.003694208307289948
2022-05-27,-0.034964960679597756,0.04075657327625826,0.03129904304947484,0.04157105601057576,0.03554432543018193,0.00873341688909468,0.02130611770364066,0.007709482928469624,0.007555082451809136,0.013996562869371232,0.02364374089807786,0.0,0.03187248450079205,0.03743910842650755,0.005790151835724178,0.034482725116836255,0.01577871181440127,0.009321015436908553,0.013972556517585888,-0.001031971339865656,0.018918907384961825,0.030765272699213586,0.002556340881465724,0.008256666309568894,0.03193286878604207,0.004675332601968396,0.013698636453198354,0.02590095447457208,0.0071092534093804005,0.014921024156725693,0.010183338551673637,0.012040325727794121,0.01664161706216505,0.0188549400246103,0.0041071908273744295,0.0061905508783615115,0.014651129998108692,0.0024607742677673627,-0.0038298634017940314,0.015726707381316984,0.03196577055877836,0.02731084692285779,-0.0002477442330619528,0.003299788029851314,0.01065686488171358,0.008341520445130035,0.02778665623443599,0.033958769396366106,-0.2631579958182617,0.009083437469113553,0.03772735080339307,0.005881580817363563,0.008357810232380691,-0.0015267513000650768,0.010717256943303388,0.0572570265581116,0.0028725057451028935,0.0026951887956565557,0.0019178064075031642,0.034162138900595496,0.006639144456860979,0.007816781856334165,0.012801363887857908,0.009561936702323637,0.02414225660739122,0.0310079503864078,0.028919685695932174,0.014737290889953902,0.010551014701678296,-0.011756402105732144,0.01131302190386485,0.026269323845829584,0.03793084595298679,0.014078417025293222,0.021092851170991356,0.02587339670567501,0.012545976730964803,-0.01003176034618991,0.01968269117203536,0.012214118969251286
2022-05-31,0.13768119638499932,-0.005346330412281386,-0.010622284256893155,0.0007345440544759274,-0.003911612727584557,0.005798085386917062,-0.04897959007140662,-0.011305519069390813,-0.012951778864303654,-0.005521137283974076,-0.022978932852763423,0.048689245428618966,0.0,-0.0013880420925942438,-0.0029892229089688582,0.006060600368335001,-0.02252728377145896,-0.006016515316519588,-0.0006191024065148598,-0.014606932657763139,-0.003978838307561516,0.003206645546836917,-0.013258503091004403,-0.0011166503054476085,-0.019543881790555884,-0.007497438294708059,0.003974577983950622,-0.00384186238114248,-0.013123771166725917,-0.002140921074668345,-0.03024195447858724,-0.010503771470406265,-0.0037203692450812342,-0.004187662524183566,-0.004090390811751998,-0.0005722169823344503,-0.004233034443325678,0.012109236686973057,-0.012233609985521143,0.00018892458942754153,-0.031037335656402765,0.028629927841566705,-0.012098114108403668,0.0014618823184733287,-0.0023672304898494367,-0.01128083703549776,-0.015217019550303745,-0.023541556607742042,0.11885697533839013,-0.011434564577276207,-0.02247206120623868,-0.011986673021797345,-0.014919382261034064,-0.00038204261568464126,-0.006525352751554525,-0.01889160186795058,0.010383133274567191,-0.019509246148356918,0.007989431765319743,-0.024958718452178008,-0.006849015654597168,-0.010518552131527081,-0.019380581873321923,0.002202609488109575,-0.03147048943972275,-0.016404785835322122,-0.01721141081647848,0.0006052485611636182,-0.014501160285327885,0.026455958439845162,0.003308590524740307,0.009724181711505686,0.0631230129794964,-0.0012620204949977953,-0.03285210374039926,-0.025060280047261574,0.020408184967287246,-0.006621069130590462,0.001167525269236025,-0.003232285031515403
2022-06-01,-0.04777075124185404,-0.0008731376085557851,-0.010429490202936043,0.005627588652978854,-0.006283127683227141,-0.012931324568226876,0.0014306479555485918,0.0010314961326627348,-0.005294621497041407,0.001766478469586108,-0.024128390595724136,0.01703288406402237,-0.015444003488576219,0.008213557652891001,-0.01876491470146846,-0.0331324991890537,-0.03205815213203356,-0.0029564714701590944,0.015611539094286808,-0.0005241442995603807,0.0013315062955401302,0.01278605924834686,-0.00217069587868135,0.004285368182971316,-0.004983444889636646,-0.0190153569638547,-0.029295319256254837,-0.008815664556227731,-0.006347080358767632,-0.0025746041108720696,0.006237049930402527,-0.0021663820122695965,-0.026138828351480292,0.008952935993200128,-0.026180486016144533,-0.010450995404403418,-0.009541237674432712,0.003718528029751589,-0.015368048796606137,-0.030583492220930486,-0.007529437581014653,0.011431388302322265,-0.0022677970006306225,-0.009852702206845976,-0.021570151363495715,-0.009670650940776682,-0.011451769412292423,-0.005762786722750546,0.0822269351763103,-0.0191140426815275,0.006341630958504263,0.009468967470633416,-0.009676144621227456,0.0034416955888805223,-0.006568021816752312,-0.004493148274432812,0.002834843531632769,0.012026866512417245,-0.015439343952581508,-0.012987058677481178,-0.006385779622841703,-0.00032208697378222073,0.002577737737943897,0.026153815971626138,-0.0331109379450949,-0.012508558469706,0.021850721461013523,-0.001209561933163683,0.011183080436564019,-0.00017316994058946822,0.000785136306810319,0.003823703993561578,0.02499994074122114,-0.008845770373336226,-0.0018009141187511624,-0.00675558357262962,0.0,0.010745382598231545,-0.024722130653596186,0.009079281903485947
2022-06-02,0.00668896514470152,0.016811058435164616,0.007439640161273076,0.024330901146618178,0.07281164817532204,-0.02028267767934533,0.042380923316592156,0.001460241546372698,-0.0016200344866075245,0.02682941266558747,0.014735179003367849,-0.014046491912903192,0.0,0.030830926303094586,0.007921124235453325,0.040498403264002336,0.004406649773591953,0.006353449447576542,0.0496521368301146,0.01715349987926884,0.003989349586829505,-0.00048567512131070245,0.007147320040024052,0.024304394790580552,0.04006682919921434,0.014338845398706335,0.053833591769215206,0.005558965895337664,-0.0005067489709328354,0.009034871778204945,0.014462746408549387,0.0032565310655439106,0.028374115466788474,0.029174635760594425,0.04111782375046835,-0.0063656659356357,-0.002193840750614018,0.007570822246927733,0.011252346343542996,0.029795687223538092,-0.027806284661933023,0.047174401301083524,0.0031569702505636066,0.022481568046615275,0.003968231631114483,-0.012508180741954367,0.011663770564034337,0.032765438108307565,0.071259756390051,0.010955939096676026,0.030851967701478245,0.010699030399574205,0.015293234324356142,0.006907070139913429,0.022313978223616582,0.03417166302323826,0.03356888601765662,0.03635092036354348,0.01475907832239165,0.03737610508196387,0.00514133932687999,0.008378083349060317,0.021641319665403058,0.006639566982417522,0.02804737181643202,0.02535195792958156,0.012421519910520873,-0.014834992948717707,0.01280554769770359,-0.001210834475640521,-0.0006275856298063598,-0.006913239121643988,0.024390262097071957,0.024224176637316797,0.01417848475225103,0.027372279038292424,-0.0064284602681328185,0.03283528482861109,0.016420781118161587,0.00792630168097297
2022-06-03,-0.006644520180808855,-0.03855544130928823,0.02584597971798419,-0.015676956563735023,-0.0210884369035913,0.0006847346874236937,-0.010507060239804855,-0.004202334328801127,-0.0023178930053957547,-0.008464038891206949,-0.01070645525038505,-0.015890462899388336,-0.05490195597125869,-0.01398181387647246,-0.0037052570827362796,0.050898227743285895,-0.017265967919616654,-0.0019642847999103985,0.0011954265014122445,-0.01774774046326033,-0.00132438114726674,-0.014087849495425298,-0.023963823188114186,-0.004528198154077456,-0.0032102574580011867,0.0018324527074913277,0.0,-0.006633623669580757,-0.006796483996399871,-0.008243595519680458,0.014256654549240189,-0.0012983261546986036,-0.014914185225149867,-0.005748208208158467,0.0,-0.00422245619063899,-0.00023889618715577932,-0.00559542505811117,-0.00466622836980668,-0.0064295475449874795,-0.0025791757384202585,-0.018770512836921993,-0.0017623689009238497,-0.002763693959085489,-0.013504635186979197,-0.0010002026635757,-0.007058928763149064,-0.0072155571270741126,-0.0682817105057767,-0.00992727087323475,0.0021652650050849598,0.002610221642060928,0.03640145793984151,0.0007619680395274386,0.0016169490079487314,0.0,0.002849002849002913,-0.021416549696948506,-0.014379029908841656,-0.0045955881063913795,-0.007544926375092853,-0.0006391205493185836,-0.012269238759107792,-0.002127627108959418,0.0008080594075459135,-0.029532909104701077,-0.022829804135505394,-0.008297472670785178,-0.02758618119308165,-0.010739699197986674,-0.014602024165028427,-0.08083505485541631,0.0,-0.0029044538340737835,-0.015251433385264135,-0.029872501021828368,0.008986121241706835,-0.012898814410520099,-0.017175035530145877,0.002338008467288155
2022-06-06,0.0,0.005227445210501669,0.009898097970035824,0.007480728367862843,-0.006114783699135207,-0.012115129643848754,-0.12465377571376313,0.0055979338288825176,0.0013937964394652447,0.0006186044599196805,-0.01393234615532224,-0.01085748554082,0.2572614101148205,-0.000863211659982599,-0.006423153468185339,-0.0484330703008089,-0.013248804751431864,0.0008435276949909642,0.05434493269516838,0.01169590970014478,-0.023872745891092895,0.009115421764327003,0.00864067603672436,0.00018208168280908765,-0.011272242802355503,0.081264713173544,0.0,0.013912050079082361,0.0019402670314987436,-0.005445527098655534,-0.03012050096243546,-0.00021668514350670076,-0.02195299212603108,0.006963679670318523,0.018227660453215666,0.00555616882641119,0.01066041735028933,0.015112567387910225,0.01586706012039274,-0.007423091441439156,0.005668960045101867,-0.09564801600166084,0.020680818381816124,-0.004818987808835051,-0.0013355207524682333,-0.0007782138454218712,0.01516594045964581,0.005422374619365344,0.02789594856474853,-0.0030914975718412396,0.019061982182366988,0.0004337786937003152,0.0044409269845935295,0.004950585530995699,0.049233109383313156,0.024314155668661908,0.022727272727272707,-0.010511901230791154,0.00134134624723381,-0.018836573019784697,0.008632766650259471,-0.006075574684120344,0.018367316134409117,0.0,-0.00850713935579761,0.04954008274923405,0.012078971365293789,0.0003098696571319781,-0.0017730902192808484,0.007879412643431172,0.0004781585797950516,-0.034003206237137484,-0.032738082667656654,0.009155200779417338,0.020134015318280296,-0.0059919163460177005,0.03313147963118146,-0.005148065193418039,-0.0035909906782367607,-0.000636176199209415
2022-06-07,-0.02006689543410456,0.0175860764524578,-0.010989009652390136,0.03520961007672163,-0.0035021556198595594,0.003952232059653005,-0.06645561088476437,0.005738538455215991,0.00394442658012939,0.0059346445146502,-0.011605676972110124,-0.012102563060981675,-0.0957095436857911,0.011353804365187292,-0.0018147303778712764,0.1676647292182334,-0.02013994225404414,0.0087076992682662,-0.0012424931400630834,-0.006077068407718489,0.0027174314215099304,-0.005615115297645246,0.002089549053346129,0.004729790008675128,0.021172617190600374,0.06355720603024517,-0.005417933003936781,0.0027442890196860414,0.0038736384317004102,0.011959586422321644,-0.010351907802793603,0.00606869274208055,0.08823519188198103,0.0001306122820425859,0.061163547204748925,0.005671322000404322,0.001702968058437504,-0.00015827605215790186,-0.0021295941416443753,-0.0023010361179696126,0.02881070830416599,0.008461123675471915,0.0017296061362206405,0.006174438700264462,-0.0008916311317249681,0.007123502754400546,0.008169994650195633,0.005163565608428344,0.007819560429658479,0.004106937426953783,-0.005112840785675532,0.012866914436318933,0.02009654265283012,-0.008336384335688285,0.0023076155604737636,0.1399877706411059,0.010555521647135357,0.014280982311658086,0.001339773277861278,0.035196666559206946,0.004982368281165828,0.0026811030300242233,-0.006985209790086655,-0.03560771704284682,-0.023110461032091578,0.008765925151373422,-0.008793958257044099,-0.0009293903191188724,0.005328606029616045,-0.00625416049102312,0.007644547591955764,0.036959966372788644,0.0,-0.0008247238006441338,-0.0005057563342181215,0.010046782969576507,0.02103439564190679,0.0030516516273322303,-0.012012499675888133,0.011033253045622748
2022-06-08,0.05802036848327563,-0.005043463930082925,-0.001200999958062443,-0.003701986184476702,-0.032104837505779305,-0.003774426816897214,0.03389821741575183,-0.018819841328424847,-0.013173069638845125,-0.026057031884133552,-0.01569850396175676,-0.01709377693818126,-0.007299299774939372,-0.01439901512865227,-0.006135498486124158,-0.010256461357301072,0.0003723275570357565,-0.021720661057410662,-0.004504088206043644,-0.027139663875984654,0.0013550335001444314,-0.023078926932587063,-0.021267966351240952,-0.019554638413206815,-0.00318970073498015,0.03976369158695836,0.0,-0.015325888718904612,-0.014622255964933606,-0.015662851102650532,0.01464428697734843,-0.023912244600802657,-0.016358323726189283,-0.017873554043054463,0.027178793240766552,-0.0037595381931844196,-0.005760930434550726,-0.017265922519934307,-0.018854588911121573,-0.015567895563890266,0.004453729676963558,-0.029889863867114896,-0.017513587802397423,-0.01516097860834964,-0.0021193386759418287,-0.011052132757382593,-0.013660489470618487,-0.02819660082301889,0.002738708675028123,0.004117729303587225,-0.016169546589946515,-0.01427355067656133,0.005122254178001162,0.01069930854465917,-0.010744346995874898,0.04164454896558745,0.07751515435200984,-0.01116092146562353,-0.024500462745951856,-0.007636330344460207,-0.012330242001448277,-0.013796797807433814,0.0,-0.04886135544637649,0.004616004488510184,-0.016711179604136595,-0.006970912776587013,0.0012402473445620732,-0.01648991677534506,0.000699313601785212,-0.02829153229976955,-0.016663980006002443,0.07076924374168936,-0.017333858813913916,-0.014430632030437374,-0.04144562487453418,0.0020264446260620517,-0.010581780385036765,-0.008673031438718337,-0.01846809920712622
2022-06-09,-0.01935484642046137,-0.03595553043404054,-0.016536484490835335,-0.02693915026513738,-0.030421966905798348,-0.015194610171548217,0.008196805034566879,-0.019701484820408455,-0.008430871609154789,-0.007571892342382203,-0.0283975700655682,0.014202920208991054,-0.040441162457970914,-0.01708548023093215,-0.017034273968164926,0.018134759990618976,-0.016675533611704263,-0.03401659720352679,-0.06742387052668619,-0.011112725823524516,-0.02165105304488435,-0.01055521322408215,-0.01214295026980683,-0.004986219666582636,-0.0296000513232767,0.01529722003092937,-0.0373541230864729,-0.006670355692276475,-0.026071504532252487,-0.03457252363539831,0.0,-0.03089851169534452,-0.0028924462818357144,-0.005844868005643544,0.00547452629724221,-0.014078439606426296,-0.005224442943741137,-0.0025789507639263354,0.005438710062969365,-0.015423645300664424,-0.0326647149390743,-0.02324325973923147,-0.010419112916626339,-0.012828075349448631,-0.023474156876488128,-0.016539746462577498,-0.01533661954201182,-0.02020430890225222,-0.05553032002525471,-0.007113637221304536,-0.014651323690316964,-0.020272077452022086,0.025088243735768234,0.015122863302442946,0.006206335359764781,0.034341335068432066,0.011836772062340462,-0.036117448565259114,-0.022629818430905613,-0.02198608872630492,-0.013308609251733938,-0.006073189962815473,-0.006823977982507223,-0.0151092868192102,-0.013720377700895736,0.0013594943788772795,-0.015634790967115952,-0.004025949457873379,-0.010778460895357389,-0.012404029162807584,-0.019355832899101477,0.015220496381581183,-0.02298845159976648,-0.0012599002737770926,-0.019008409627590206,-0.021445772634187454,-0.012470426174519766,-0.014037521042827295,-0.0104657872456001,-0.02180870683233993
2022-06-10,-0.003289434395223001,-0.038628894205725794,0.007642721338652514,-0.04081152355361528,-0.040283433542492975,-0.007197535031628344,-0.09701901579987582,-0.008676341433928592,0.01275383334518998,0.0052137560954943485,-0.03109569879031371,0.00028564671654085494,-0.06130270754817868,-0.019020105144699984,-0.0009305229059684006,-0.025445328588419525,-0.007494806440400237,-0.002357615260522694,-0.012129015183790726,0.002169961214205429,-0.008298582546961697,-0.02362219975897395,0.0046366884513386886,0.0029695468976882466,-0.012366015867272706,0.08415841421570036,0.025869013563839305,-0.005595860077319714,0.006771736955256458,0.0035960409454707243,0.0,0.00239151446565411,-0.04858586139847543,-0.02752519371779205,-0.08575320581655121,0.006624444056287038,0.01862026923263027,0.0038783601924941014,-0.021276699736679228,0.013087423648065588,-0.0205768864292164,-0.027116755915525204,0.0030444775511444533,-0.019183432974557157,0.007096960716511225,-0.009318610963216845,-0.016687726611244402,0.007073611753619646,-0.0525299738412216,0.016014865754887087,-0.018489958787883065,-0.011676084168375733,0.03288704747417004,-0.013780100715508503,-0.026214275774234963,-0.08919713049771849,-0.01674065753129539,0.034408254713957254,-0.007717876022262815,-0.0320345235098044,0.012764829819225332,0.002618590824609246,-0.02515882283780746,-0.05003537845948347,-0.031575331142065344,-0.04344862423209517,-0.033225424185751695,0.015236313064377338,-0.027239754871070443,-0.00459941313076484,-0.010615357498912181,-0.06244213449562874,0.03235299811357839,0.002102606220149905,-0.03587319132828337,-0.045068962199566354,0.027645112148977358,-0.003390047503044835,0.005618599334503704,-0.002841538370490615
2022-06-13,-0.023102196427485455,-0.03828474091065848,-0.02214803097791973,-0.059467516081479044,-0.08257753486875508,-0.013499277230398343,-0.022809073484213127,-0.044297695109351,-0.03871282834072498,-0.04655314190406601,-0.03165084510451044,-0.053714254099371805,-0.040816334677449606,-0.03479701739850871,-0.012223663595797518,-0.005221927238881263,-0.016933623484673976,-0.044454216364256505,-0.05215072679671795,-0.03874413996251802,-0.02370980314753135,-0.046826256216622175,-0.024471436349739695,-0.05680980897050969,-0.029215340911562415,-0.014492744842490524,0.02285263762351275,-0.023072521253606704,-0.042038840643509046,-0.06867717528669315,0.2082474739673943,-0.04691606464545439,-0.014481705686440138,-0.02445741601325435,-0.010421585543162193,-0.019303990463620524,-0.01542060193994721,-0.05247913536702686,-0.022844491022257385,-0.01487569701942515,-0.019292399253183712,-0.050625676536454445,-0.03756146210466704,-0.028769479270188025,-0.01420760410116051,-0.025005494844333787,-0.0299013119424012,-0.05369073662693957,-0.06459872072625195,0.010701953333631886,-0.04610726110129326,-0.02721686270958501,-0.017030798308713124,-0.01057405031661085,-0.005542450898638807,-0.07725806606587915,-0.053538474058493546,-0.050505014634154466,-0.011225064327574752,-0.08186568012651185,-0.04287935996052783,-0.04037411542722258,-0.028844084269933234,-0.04472047793939249,-0.03247162319458863,-0.053939009564931806,-0.036546411079265484,-0.015313709415068821,-0.02489107816592584,-0.05917879860247821,-0.047108076260846565,-0.0751731643632344,-0.019943275744211286,-0.048678242818920414,-0.05078751460665587,-0.0679252589686733,-0.030886844769014155,-0.01564579406782518,-0.01881665865251969,-0.052170029300876
2022-06-14,-0.037162296635306014,0.006672633218601121,-0.005274420369994703,0.03492062755202485,0.0,-0.004519374327217385,-0.015356264708580425,-0.013736894182754922,-0.017952203754826646,-0.03555768398631376,0.016414671226868682,-0.02445646499748788,0.0,-0.012504995674763042,-0.033588694120875506,-0.0026246694523468506,-0.03289884086564587,-0.03369404203467585,0.03250106188679869,-0.030743901521030792,-0.020000062701155064,-0.001364544741135898,-0.0027506888832524723,-0.03492236859820341,-0.006018929366074066,-0.0322320405679688,-0.030816612683898237,0.0,-0.026001271038306184,-0.02244311797591403,0.01706482975327095,-0.037663859286811485,-0.011601077564199147,0.0007043802179671488,-0.002006219934465703,-0.009096246060844915,-0.015567308436254645,-0.03754660482195371,-0.023755562369724648,0.0011921222427644373,-0.0016823400355194806,0.05572200571701735,-0.018528321056199504,-0.0018189087379389957,-0.033783138121491474,0.002253496913909414,-0.012662747805495589,-0.02037983108816044,-0.09570372021980567,-0.02413219539043565,-0.012843347264427485,-0.03458894417272951,0.010922749571973478,-0.0030536802763908577,0.0015922112582207326,-0.03301873255872256,-0.015496319073387332,-0.029438577478021144,0.0019666106314062404,-0.0016862988759106523,-0.009367414692155074,-0.01292823754755168,-0.007145877927282274,-0.02028615288730906,-0.014570949732699678,0.0,-0.004176206004313343,0.005598540981649913,-0.017868521481042232,-0.0077448002789957116,-0.0005277019011787898,-0.058467030243835816,-0.026162777464497022,0.020732315338514384,-0.0014308359888064448,-0.02223976850978171,0.011994592071204346,0.027228431534864317,0.00041866866577855433,-0.032377673796924356
2022-06-15,0.014035266527842705,0.0201116338170908,-0.02058643058147358,0.012781186443041381,0.02655483670209824,-0.0005090753065281062,0.0,0.005211133225067055,0.008893349122590877,0.0061906673082141594,0.01657466909008498,-0.009594569014952703,0.0,0.015492445620524764,-0.006097390028537597,0.015789458824326585,-0.012114989008258248,0.00223930524668714,-0.03319748913676335,0.006835799573292611,0.0349852337053842,0.002459769424254743,0.008936418006669555,0.009961301715128323,0.06833915082317898,0.03039132091275132,-0.004769432933725115,-0.016705160669696406,-0.005969789289598015,0.0024597067631506597,-0.04362419919760152,-0.0019815629931069223,-0.007824652443145896,0.006051955817030219,0.004522699941215569,-0.0016553774531383736,-0.0029011499103280824,0.010414816655389236,0.03128615120680012,0.009724100117079804,0.0075654180414670424,-0.037457532538316074,0.00562290274461219,0.010282377287594624,-0.0008351483157476025,0.0015383622707121347,-0.00016866507489421423,0.01823542200290551,0.09200256149929698,0.027588636455656124,0.03791265845151326,-0.0055731378188118574,-0.008569066668139613,-0.004594219618348272,-0.0031793603031727846,-0.01280508816578152,-0.020363219649894293,0.011716851556776264,-0.006958742090667269,0.010979739253846432,-0.009730104646009319,-0.008386754025849319,0.01383262778321881,0.037164894980882934,0.03321677982117355,0.0007502635047973438,0.010134576817141472,-0.0024744951348909527,-0.00779726334516595,-0.01675215250800932,-0.001584285401751262,0.06891346596140324,-0.02388054403422446,0.016421697118768286,-0.0042980997939303656,0.01441903416270196,-0.0040636210438077525,0.0336382741137875,-0.0006697501406355277,0.012428336969854792
2022-06-16,-0.006920502171438803,-0.03965175834592105,-0.020063706417040583,-0.07723366080485106,-0.08118700730388484,-0.020672298359801333,0.11915157614455496,-0.014233236653772519,-0.013712376196333365,-0.023379799212556063,-0.04570781844111771,-0.014687474590526106,-0.06382975889824294,-0.02281774843723705,0.008588832314295303,-0.01813469822414593,-0.004548017735861332,-0.01851248420675944,-0.03157907218828704,-0.004057072886829105,-0.011267546810026285,-0.08105890786842174,-0.01749605117659725,-0.018518507692758646,-0.04615381970688748,0.09272727580985629,0.0,-0.017574874158000964,-0.006572387889936637,-0.013086752126147072,-0.017543843505051004,-0.02196573671716673,-0.051261874344544656,-0.03595414597053059,-0.07703861570325166,0.006180243402976959,-0.019060246508674106,-0.011181155399826559,-0.061423233806804256,-0.020833111011492877,-0.016792075342590196,-0.036556542768471756,0.0015979075356680195,-0.044576183467463504,-0.01039059020951949,0.003072402612582348,-0.03999997843310876,-0.012864065926347923,-0.036343848992251626,0.007776131889468685,-0.04474997201632713,-0.01777423636191633,-0.025554345900080433,0.0,-0.012759115666534648,-0.05003061107020179,-0.0337078651685393,0.01980015078872821,-0.018866293262856937,-0.08688387123245866,-0.007888260814339465,-0.026764118580976493,-0.0597891988662963,0.008190419690907058,-0.030859968601866683,-0.08170916202834844,-0.042380206664658915,-0.0024805640697097564,-0.007203707076225752,0.020135315753716743,-0.015514816512872787,-0.03471497138239099,-0.07951069100730634,-0.01743191039026082,-0.01784179238710981,-0.07207185175451192,-0.011900787333607554,-0.0052070768700195336,0.0103870801060586,-0.022190861046883836
2022-06-17,0.013937286428181928,0.011533110493937349,-0.012674738499501514,0.0867067300293145,-0.005850132103356609,0.017381119860441663,-0.021181775741524245,-0.010231282524542529,-0.009681874754225661,0.016519706480318863,0.029643654915825213,0.062480044910474763,0.09545453575509621,0.01954938155849195,-0.0008517343295838531,0.005277039875413392,0.0012237681664639677,-0.005528498357879386,-0.07016498199452514,-0.010723956692659686,-0.007122459984055252,0.008612753724648314,-0.013244059563280675,0.021944381076983266,-0.011884656483071687,-0.001479050301885776,0.0,0.017292884309220824,-0.009010863366328392,-0.023371396259717958,0.03035715699804098,-0.010531622605001734,0.014131466173564089,-0.004643724272617389,0.040108236810345366,-0.007790086764779547,0.01863943763677156,0.005653942833681924,0.006783741195458992,-0.07266170022391838,0.009823774651952277,0.0,-0.01249502690018689,0.0036408453393383944,-0.003861925236158359,-0.0031804740056928793,0.008790614134064123,0.025935871603226746,-0.14514261366450154,0.008284549320196177,-0.0008464080543263419,0.01369415977551336,0.013497961771007594,0.02500012265111673,-0.0032310975442607637,0.01300384019826728,-0.06918601102607191,-0.0023812294526043276,0.004303661302361483,0.014638594962924412,-0.014227861974183464,-0.017976501920733634,-0.006489098003978899,0.051028234764550096,-0.025124460905809776,0.000816330326435244,0.017160493279668287,0.008104676883694983,-0.019129285275192864,-0.007591388153212697,0.02560874107964084,0.03669725700017956,0.2192691910311655,-0.011250574300687655,0.0011719422353855258,0.0,0.04060570292772647,-0.06176370954203314,-0.019316791564043645,0.003863032159112434
2022-06-21,0.03436427137737286,0.03276075853158922,-0.008558142607176467,0.004530589158059817,0.02721590326111012,0.01572082957651122,-0.0005694891335976671,0.018935228639890944,-0.007771459175675233,-0.004269240919330675,-0.0005675134260345605,-0.024477521093898558,0.024896286440565518,0.019440554137939436,0.046024794730626484,-0.005249338904693812,0.023631005810364814,0.012589908989954601,0.04059182900826119,0.01647054878480958,0.02725970232053654,-0.00206121945901383,0.027295342289754165,-0.01063625264865542,-0.024054952049024636,-0.04165895334055114,0.0031948850152176966,0.08733887425786846,0.015308477270752796,0.02308191240487556,0.008665544350111798,0.02026153037945444,0.002458919235100332,0.025513756109059704,-0.036477078919711636,0.024460210261506132,0.043877216559315535,-0.0007028065234093717,-0.05667837971436096,0.047618957905680936,0.022138250336636967,-0.04895961953881389,0.009557039545808887,0.01356994991733762,0.012478792432377261,0.04029769440644926,0.011676445637113009,0.008343857506327934,0.050801733562981566,0.008699758923700784,0.027114637146003817,0.026053381059883085,0.036910199836753366,-0.017260757034038177,0.028362854820587202,0.0,0.01049339545118455,0.006976922076293635,-0.006382251689073137,0.012398539889383997,0.017263226907233253,0.024488048519443417,0.010687590390496382,0.04347824083859941,0.03876555055934694,-0.0008156644747882025,0.02202077084634002,0.01638833820223584,0.020174861670725797,0.004781076109126481,0.019731142915054622,-0.005132798360535262,0.0790190955508252,-0.004376173118840421,0.021656693872667887,0.0032360484777382847,0.0006613016320256015,0.047977636446648875,0.03280061741479967,0.011544086266900067
2022-06-22,0.009966657180473737,-0.0038268609793975505,-0.020584379592542335,0.01703834396831927,-0.0004773948572655007,0.007256409894713212,-0.024501334274654285,0.0018015822509163115,0.021222771630986514,0.026556026396111765,-0.008372329284170532,-0.005507902067373949,0.004048559911488114,0.011233135850240439,0.019555233534821248,0.010554079750826784,0.051902651017885715,0.012917826228553198,-0.020782342601695758,-0.0032241837981747956,0.0,-0.028621966505570917,0.00230544151293266,0.025557887444441763,-0.006161900043629487,-0.008693913501441886,0.05095536371550291,-0.007008009842705776,0.007822184664615373,-0.0026539198718752433,0.02749138190599676,0.012820538753229638,0.0016354727287333226,-0.0035540461895299247,0.05462411875205264,0.0007367931276054396,-0.0007905350850349047,0.02039379352439208,0.00672258994824948,-0.02190059243490905,0.03144561361588338,-0.02059200100448788,-0.004933370215727706,-0.005832663087379175,-0.0014360808296332017,0.012836412673785436,0.00111955298777211,0.010621069534844763,-0.10687015673017031,0.0055105354211484325,0.026948974401651782,0.005172371061467285,0.06311906754873697,0.030545990070055984,-0.01182012225110396,0.04236188745828473,-0.0424032677841103,-0.0044670074593010645,0.0022024054427607354,0.011578723213770736,0.0005562719711640352,0.0049700854899277225,-0.020561353154121775,-0.051851889789512606,-0.026883234569330394,-0.011428545758514597,0.0015638480732995674,0.017949627734579865,0.012524692117847236,0.021697580441514264,-0.007534167077250298,0.024372886754841172,0.012626240313844628,-0.014505602271816187,0.010025765567194922,-0.021075360379538943,0.0013218899184719302,-0.027814836495919204,-0.012114158011149234,0.022111366401251553
2022-06-23,-0.03289458770431608,0.0215736870229859,0.013898144917230848,0.03424487273769605,-0.0157611903859608,0.01228450387079727,-0.057243072520132166,0.013060748655242094,0.013854408257929718,0.05052548473964169,0.020177411805724743,0.007384583880863271,-0.0524193726487896,0.019633056839422514,0.03516385634376995,0.026109698444689133,0.060314918317208255,0.022158592298604063,0.031370509454785145,0.001990562504517346,0.0,-0.007290247263734728,0.011830579922198936,0.0494461479984718,-0.028343530080682466,0.01695573784056914,-0.008333307444446825,0.007057468652486909,0.027109139199830157,0.00997987454535787,-0.016722392025687927,0.01886327917180508,0.04163256402665638,-0.0022827159604554836,0.05487167215707389,0.015905743122510918,0.014937182667671856,0.037560297072744,0.041318638383049056,0.008238120224040912,0.019661469885615013,-0.13074905978178153,0.0025457741226868613,-0.011066700959281195,0.02456575480752199,0.0318529170535371,0.009033741906575798,0.031284357800935414,-0.22720816342024297,0.022714396785646906,0.03360552023414898,0.0035864827277318767,0.017604503887319156,-0.02111912988694631,0.0055820435938613855,0.017241404979022157,-0.05163955651016561,-0.017582503524834037,-0.00146501648010966,0.05480954979183328,0.0027808758327880767,0.020840447501086823,0.008756827004492873,0.024169963393434024,0.04261046626532261,0.004128838249034539,-0.0026022041370074023,0.015839773112603206,0.008463549306422236,0.011177394840782728,0.006901299154315366,-0.020145879709166925,-0.012468806170706559,0.026762003688817204,-0.013613161332661106,0.008787369313255189,0.04884495753627749,0.012046684078944159,0.024277122272193363,0.043730917758055154
2022-06-24,-0.057823185832767465,0.024516947209156426,0.005683878639404449,0.03311099106254045,0.05641151896959218,0.009379303023484109,-0.14064433642700414,0.020553212867023163,0.011469127697878001,0.014364353468564017,0.04769263122541245,-0.037874162928815625,0.04255320034429899,0.035723455671348825,0.010367366170281,0.09669207877034247,0.004567764010624087,0.01668737096090478,0.05828190226777008,-0.0023177321248442073,0.019552986802330086,0.02172573452051174,0.023276021747115294,0.01564268507895128,0.02370079696727201,0.03679567186117594,0.0,0.023719638250385255,0.017741789592061075,0.034091065756832295,0.037414929576505385,0.015225419250872285,0.008620642626043562,0.036750957076244095,0.036946961443685256,0.02392000458698762,0.013066768814491203,0.018764414203610302,0.026453154639235255,0.015084815998121615,0.041250856260434565,0.015873019305598257,0.029805038583171184,0.02305539450104388,0.02736821801440681,0.012282679988849354,0.025324284338129832,0.018841427266442112,0.02857102397941036,0.027180267035009642,0.010621946620737788,0.0197327154980369,0.0776797264695368,0.019303784882890307,0.012688381249593927,0.06658590842239076,0.005172845877400745,0.022371289614319112,0.0436457548885989,0.03610190782633893,0.01552708873115316,0.01580176645959508,0.014032885880775892,-0.047437464654943584,0.024589364085869425,0.028782868489520164,0.035658528229008946,0.02794922354770568,0.022595247685046393,0.050847528916261986,0.019019784947748253,0.10049637877741358,-0.015151525449554226,0.006081625880392627,0.018688873999659572,0.025043577852031262,-0.10006290266293039,0.010144605786489125,0.0008091119528272905,0.024292451904008194
2022-06-27,0.01083028370463901,0.0,0.04321788749098521,0.008300682942532722,-0.010564976453838582,-0.0021193344672999492,0.06344629572471305,0.013822656914855624,0.02557312289249758,0.007965496402102756,-0.03414106768229319,-0.04063502443410072,0.020408207258227895,-0.012842307883444981,0.003056286167926414,-0.05336427427540946,-0.017620025329985967,0.015339876221818427,0.020079000577429618,0.05027780333405052,-0.006849416514620343,0.03563948437417119,0.00021166361546232082,0.006494696820093848,-0.052537895254874845,-0.0018484006828378696,0.009167294435467044,0.06371779922130716,0.006779229991277669,0.007644373339933175,-0.02786886540192257,0.008878348286115223,-0.021755919944537627,0.006344692663166063,-0.06329108069326905,0.005804924079995333,0.0,0.007335118630159343,-0.014447860132625001,0.005160030848289532,0.00506740272349937,0.04836313932281033,0.0022065620478857184,0.004217103370091291,0.0007970235558916183,0.013744271576088485,0.010145596506002663,0.005350030412729412,0.017921892531888695,-0.007560157424169045,-0.001666471906781708,0.006399610377343601,-0.022033372031009746,0.015595999500005675,-0.0015663005655246476,-0.010783200129295345,0.029117031859543063,0.004285291629781529,0.00026367224350165586,-0.000604281834281517,0.02375454720672976,0.01646406876002171,0.011492661478470945,0.009759744709302964,-0.0053846673850522775,0.03037584009258354,-0.014276319422752759,0.018317186042298372,-0.020833328316107402,0.013148646563694744,0.025727288881998378,0.1338377571936522,-0.043589679563970196,0.004749508261585822,0.03161156060301784,0.010834935832895187,-0.0909091991191362,0.009908953281558164,0.003232765096333523,0.003263839595337714
2022-06-28,-0.03571412188636214,-0.02978961780186784,0.003186829572123573,-0.011662436013534005,-0.06244202244827046,-0.005472764175483036,0.00474574202198097,-0.0009029479073396907,0.019054135041078224,-0.007526301196142615,-0.04560591407688974,-0.006948928799399234,0.01999996400857751,-0.01573563228109376,-0.008270679957434801,0.02941173720662249,-0.009618873618209234,0.005589715541002516,-0.033576110330180486,-0.00031580988987101044,-0.002758588001615103,-0.010699976853430826,-0.014173990351411092,-0.007559091593346556,-0.05639089288422228,-0.025555575335467262,0.0,-0.01386139274433662,0.005985446984868581,-0.013908802326776493,0.026981505713482345,-0.007967827164037877,0.006354295445398561,-0.002877945268961235,-0.059505630660089626,-0.010979638173451378,-0.011495308150809125,-0.010517914155167007,-0.034864986825761224,-0.0055441023889547525,-0.029486288869901678,0.0198722306557082,0.005309334990335923,-0.012729817292317258,-0.01217161698068936,-0.02669222680318495,-0.005268964884240668,-0.006594206432734784,0.11179568405225293,-0.005332599678543382,-0.0186158899385922,-0.013323304813084635,0.0003219372964491374,-0.012431455773485256,-0.015686209808445706,-0.06196201228100917,0.019871064333196964,0.0012708748600611663,0.02081671141182273,-0.02277302051072505,-0.008001062117065416,-0.02301160208654629,-0.0027824630786100757,-0.009913202634646567,-0.03402182941856069,-0.027152878776326217,-0.0136309044520051,-0.016863290291925015,0.0064474162681955605,0.0020765222835930075,-0.00196717778437272,0.0,0.03217140502353866,-0.019338382406468235,-0.002735760868416759,-0.017654447519924288,-0.030000011222928946,-0.005303734224214041,-0.01409908886764899,-0.011711280870257301
2022-06-29,-0.02962981801528719,0.013023996998465792,0.0,0.03470615357783635,-0.03453826389809744,0.007884741662480543,0.004048611393538293,0.002259409897788167,-0.011311023133311782,0.00960563050974006,-0.02469114795286753,0.01132958675159812,-0.03137252435270088,0.003776389106115774,0.01349734683187731,-0.0071427938889455644,0.018986565428630087,-0.0009013128549754112,0.014374996658672146,-0.00079026276399774,-0.03042855552219159,-0.016369250801372637,0.0016093938563934707,0.009659914468768571,-0.07270915032679737,-0.02451533878782375,0.0,0.014558249260407274,0.006374770076244207,0.007533412914631832,-0.02134648787909732,0.0007192533654916122,0.026045809879527093,-0.0015121418563371902,-0.028954527571501076,0.06347839581344128,0.0022435087257608455,0.007195474975846716,-0.028325231070959078,-0.006607477285780594,0.01693835155918988,-0.034794711480997775,-0.003993215803952288,0.0006644793765895329,-0.013933511842284863,0.006747341625892522,-0.011255510086024434,0.006521436904759259,-0.11057687601436261,-0.0030635994498591224,-0.005756143165913108,-0.013042808787593119,0.002895575701040043,0.0,0.0007967862583819763,-0.023853473494711785,0.01896775768649195,-0.004805228204293299,-0.015918010686837847,0.0008248525354834779,-0.002688310267209948,-0.01509257436966216,-0.030694047108284717,0.013516918778842424,-0.018129172700334872,-0.01515166096396503,0.002245647610816137,0.007718655095137139,-0.006406113388518597,-0.010879039611388586,-0.004435034631837698,-0.10269879624186407,0.002597499991261465,-0.0013145585769638313,0.01975292629107872,-0.028669203945419275,-0.034099963515838994,-0.01852839080043578,-0.0036773633522313443,0.0006581847379982797
2022-06-30,0.019084118075680223,-0.01802774521668371,0.010529761917151825,0.057021448288333776,-0.01948963565458084,-0.008678779116510826,-0.04637100327626864,0.010820492732620757,0.015876629778226237,0.02040584463083217,-0.029188424648193823,-0.011532180590822616,0.07287447436945516,0.014422122564531792,0.003248050473988684,0.004796158407816664,0.010319735491513438,0.015037434255900317,0.02189113913339935,0.024515630139670286,0.005706065036313657,0.011887049416627216,-0.007391561457099516,0.022079388545176437,-0.007518916232894357,0.0011688594672414343,-0.0007570195952276704,0.0009896278867058683,0.00401186569203138,0.0060452964607822235,0.013422805905036084,0.011858990149102189,-0.0007692578747237055,0.008535154841386783,-0.0060740360353769285,0.009769835226163481,-0.017130227239870566,0.01331383022880206,-0.02070154644266653,-0.01621297039354519,0.0038082230434253184,-0.0007209970414093769,0.006595926348168968,0.009564438958648669,-0.027793976594906233,-0.014484971106916378,0.013392461120262489,0.01446244742589986,-0.01711714609300563,-0.010678396287881586,0.019210492841607696,0.02052235416449566,-0.01668267335761542,0.005553284977218631,0.02407711754520192,-0.0062656368403216645,-0.007217926883794745,-0.024038259087101443,0.019410590816256512,-0.02287246318302183,0.0024259526159509104,0.010912549583863118,0.016912529656848196,-0.017288237439410215,-0.004721406151470098,0.015384765718136295,0.021199524837638428,0.0028367752822786585,0.0006447600731309677,0.025139680559331357,-0.0018147420903656952,0.04559157759088861,-0.002590770465001224,0.000877461505218724,0.011030321920176611,-0.012555016675678154,0.0036946673332034496,0.012359277125302937,-0.002788709586677318,0.005482364683279561
2022-07-01,-0.04868919609244571,0.0161644059360444,0.007262211198189261,0.04188702185449489,-0.036615705597762616,0.009247932998960984,-0.021846333693408715,0.027207955699036335,0.02964824464769933,0.026744940971433095,0.024236824852743588,0.0,-0.07547171204026792,-0.003708888338102345,0.017159485760730675,-0.01193321958282556,0.02071194708442703,0.022666751995212175,0.01979094198754261,0.019374798099635493,-0.02127668135944749,0.002643101369154799,0.013813929849743278,0.026102529320878087,-0.02056272614241572,-0.011286203993889354,0.051515175378903155,0.0,0.02250260544384508,0.01934763573223841,-0.009933765423590035,0.03172741176657379,-0.031562816422258444,0.006142667091763698,-0.0011109823831920718,0.004506041467482458,0.027142378636924036,0.03733389744352289,0.02157069048992044,0.017113742380844066,0.001480192146210646,-0.0808080745528379,0.024026479190927708,0.022631578322079404,-0.006966966664990748,0.013710643729762939,0.008011952490578178,0.03261851108196079,-0.00275028483462203,0.01949087812335515,0.04002066375143265,0.007312782916341742,0.009135551058984559,0.009204838136030569,0.025078375854237223,-0.023328987755119934,0.04081628681073313,0.03249690487005674,0.007633654879100948,0.0544074637426768,0.0262201295162503,0.01056494154119747,0.004010130622247976,0.0022618786257120327,0.008142800685797313,0.01196146886646754,0.0010127199638085838,0.009335331940166114,0.008376234338419275,0.03882832493189525,0.005123901339351589,-0.013777665699066133,0.005194872875283307,0.003507251832502112,-0.022884315605673278,-0.0314521819582364,0.016769029031926008,-0.00013402424422837012,0.00863630154314432,0.034678735780056424
2022-07-05,0.01181107569019102,0.01893034479771183,-0.008777191355002989,0.014619314125951854,0.02076827497386624,0.004805623862872643,0.02089336883731785,-0.03942684936085494,-0.05580355064197706,-0.01386062054699344,0.04807559316406751,0.0,0.0,0.004218983410607224,0.00763927318159463,-0.031400879660924974,0.005907037234133883,-0.042300405979244116,0.012398593663087265,-0.04747854177732591,-0.010144922701970871,-0.008494750044681143,-0.015009638507913037,-0.020000005823053724,-0.001105020448156524,-0.01987801828246738,-0.015129685620714484,-0.0009886494915988253,-0.04679135964055303,-0.032313854936408926,0.0066889568102752595,-0.04337337111725437,-0.01112881215856687,0.005291092904013084,0.03225791500888353,-0.008444160689637048,-0.012036149363057413,-0.027185734359881253,0.021114913982617,-0.01890290468863942,0.007606984863232968,-0.026687610572700193,-0.03186938257985128,-0.010164737094467746,0.01729764520617616,0.0023803117096874438,0.010406387568405284,-0.010934328965324203,-0.09558807337429254,-0.01134910868632999,-0.017998901910098453,-0.011191957611027203,0.010669154944560333,-0.009850561911192157,-0.0344038126598154,-0.03873462765909075,-0.0024509430389955122,-0.02312944302356057,-0.009193065293343627,0.042600021362304785,-0.05188675744957727,-0.025227241266794098,-0.011982894787959886,-0.0012537421193933307,0.023388192061229995,0.004728383286396465,0.0008429324739973598,-0.007287065622675226,0.02108625761979699,-0.06540967384317098,-0.007564516303896096,-0.04973900600614778,-0.023255862475132782,-0.014416886372901283,-0.021514403592946985,0.008521413673554745,0.048672397146321655,0.0016099336584378676,0.013210478574996465,-0.028668046017371718
2022-07-06,0.0622567281874824,0.009607071711724924,0.0006323970517363442,-0.006804085336844512,0.0019947012229555305,-0.0059983984149662994,-0.007057189903408978,0.02160740555610352,0.013948127238429198,0.01260169002678535,-0.02086327322075321,-0.0120000163038253,0.004081689355049267,0.005807539197739686,0.00021054655869434669,0.03241886039493047,0.013195156886439241,0.01905913291607142,0.0006184073530051126,0.018284617132094505,-0.005856523749441678,-0.027178447504608072,0.007132837585006602,0.010204010390585827,-0.14159289579219925,0.022891554359705024,-0.005120679914670245,-0.006927266966966217,0.004423300642641292,0.009077594616849094,-0.016611279891927455,0.009355578247444152,-0.024919683506625878,0.0025639171682871886,-0.043103618582038816,0.014238140868657378,0.010533866791635704,0.017783414601968195,-0.025641100069084155,0.003599260349979705,0.009077427991802,-0.03145156464889176,0.008683364163116325,-0.015468446175146533,-0.007966924264150022,0.00528943316287056,-0.003487150923018878,0.01462880420447532,-0.033536356234828535,0.0028505122046804665,0.005814512161167018,0.01024789970712403,-0.019193826865231967,0.0,0.0031673033802126493,0.018804593754129906,-0.044226024651566775,-0.009656245219337056,-0.0036941051861544283,-0.011701526910665283,0.006219073282421883,0.008043561770636698,-0.019025124308362784,-0.01456193332641198,-0.006176806754018882,-0.02431383595365577,-0.013982439978762029,0.0039525880932007595,-0.013141369867853414,0.022978432034508334,-0.014581695209967438,-0.031017731072817134,-0.04761914933846356,0.009413026029796878,-0.013915820678845003,-0.0004567437825955256,0.004986669847907743,-0.011520390331329233,0.00708236459078293,0.013454766307339439
2022-07-07,0.10989005421198272,0.02399967792969737,0.00821731895746014,0.027402792284550115,0.05242209233744499,0.008848022049007698,0.027718575108869326,-0.005840631562112231,-0.006528378699196313,-0.005265294852941471,0.0345884474132816,-0.0023616578757130746,-0.020325245918324297,0.00565085589141856,0.0027372013588780053,-0.031400879660924974,-0.008318411281778904,-0.014694927944475022,-0.00952703875469807,-0.017800012139458588,0.008836497598176285,0.012754380135011845,0.005794497046765379,-0.008151614096202464,0.18041238908251334,0.009030288801946229,-0.02941180595477033,-0.0015135857590447,-0.00859284688898243,0.007550394374786551,0.016891875564834624,-0.006654903158234249,0.07914283556316448,0.01776816516892543,0.043356295875915496,-0.0022463884055924366,-0.003217751396444868,-0.0068641936406849124,0.0360779060551879,0.02827022036207527,-0.006663766169706209,0.017485431652362715,-0.012848541775492328,0.012410694768501429,-0.008989264397879282,-0.0012884451675782005,0.00895191363776271,-0.011556302139492658,0.09989471769431812,0.002842599522116185,0.010179714489249259,0.004541969962319481,-0.0075014930390767676,0.0,-0.029992196830957885,0.044825287035173744,0.029177333599283317,0.012938277450709412,0.005173757894715747,0.0448369827788484,-0.012498381038725581,-0.0009249174184478015,0.012242525880110433,0.014012719415555264,0.035563806969547196,0.03778129358651716,0.017426922645042753,0.0014062109207202411,-0.0044388488564737205,-0.021090664352123145,-0.004371764370457054,-0.0035012410008498085,-0.00555535656307371,0.010213158734276861,0.0005644705273060158,0.024902868644918197,-0.005343655837973693,0.01883712454234998,0.0015184834753634302,0.008565351875245542
2022-07-08,0.009901034490460647,0.00471474671956873,-0.015673779659374887,-0.016277736884350746,0.0006304592741395165,0.004284133711907501,-0.004149406601549943,-0.002581353140266529,-0.010795402827172174,-0.012029485234700932,0.003949750426048837,0.01251265735643825,0.01659749723899906,-0.008673284346722432,-0.005669302899498518,0.024937630654563003,-0.02805304857615465,-0.005423317002834271,0.011663546012400383,-0.0038948017539157664,-0.0029196732372663847,0.0008994876468275681,0.004801257387173186,-0.009469365220290071,0.020742417769733734,-0.020817114067311793,-0.04469698190251237,0.006568943416257911,-0.003575361568519564,-0.003986097190735283,-0.01827244748553547,-0.0032301120025293173,-0.008403486037904973,-0.009919198178929611,-0.0021587483329597035,0.0003974380298881197,-0.0006365031864515869,-0.014294885611866204,0.018025536432750178,-0.014772563477752132,0.007684327592046625,0.0630114146696803,-0.0014315972169405278,-0.003912234996578223,-0.002915836236884406,-0.002473081033004698,-0.0040329256174326256,-0.009241718656156861,0.09942703862003954,-0.006434765978511114,-0.0016172277939490165,-0.003918698127728715,0.004600493698316166,-0.005158256336813549,-0.017900871304260213,0.00883268756296074,-0.019482921999993352,-0.002313908981180668,-0.007291821857012826,0.022849702775353364,-0.007093246702764011,-0.0005790627581091501,-0.018440746414881914,-0.007286455303680106,-0.01313706232991707,-0.010069686059385519,-0.006381266102020278,-0.011232887613164877,-0.0019108110404872924,0.017691277229842983,-0.09174953362848337,0.04350010221099043,-0.013966524165945682,-0.0061540756711250255,-0.010719439699162892,0.008470915660426348,0.008058545852551058,-0.0017291156609470226,0.0006382409886975804,-0.013800194189268034
2022-07-11,0.022875864739393847,-0.014758106964627205,-0.031210214488097243,-0.012559829944810863,-0.030245766503217197,-0.002817043600611968,-0.01874996605846524,0.0006245510386035935,0.008778103827331574,0.003044165527686271,-0.01770375782635336,0.0010020165532920178,0.012244908387135434,-0.012692460970866182,0.004434542707589362,0.007299204865363063,0.003112716992918818,0.0036353248758191903,-0.018381793390908174,0.0012767648081066785,-0.01610526398282175,0.01198308564629147,0.005627371989138208,0.007395250662395103,-0.00962567385806401,-0.011523977944638442,0.0,-0.004016030716438745,0.01043827846087586,0.00048036897257186517,0.0033840916147014344,0.004801100852733775,-0.03466865013787446,-0.003606784188803336,-0.01730678551328657,0.0029122167798343312,0.0032302712424572277,-0.003983849027933473,-0.015291869100587552,-0.002498593526961357,0.0018155181583741076,0.0015396811482737416,0.0039100713832189715,-0.0024877562714584744,0.0031679755116316155,0.016383010118937058,0.0019436506248708962,-0.0019106650286270233,0.05652121267878174,-0.021434243222776872,0.00535796508509323,-0.006354936511106191,0.023879884073995328,0.0,0.0,-0.08255151605397004,0.021525853598618472,0.008534871993928439,0.0012961761302616726,-0.0010897452196599877,-0.005742965191891325,0.0033591364350109565,0.0003659563433917601,0.027841112010851488,-0.010811204997353996,0.00078240073512581,-0.008450290748905909,-0.00482817397623736,-0.014039583022187219,0.001032721455694663,0.01658493643458092,-0.03559393334160421,-0.0339942897040485,0.004865086933741658,-0.024807361768575675,-0.009283859005627781,-0.018652680249631737,0.008794102974241547,0.00039886134695987785,-0.000215577680178769
2022-07-12,-0.006389857037089275,0.00683388121172146,-0.013477992287720952,-0.02059358939839151,-0.00766726915255711,-0.0032690938298762795,-0.003538583887466751,-0.002408065321113151,-0.0042333882934516565,-0.009711041092742678,0.007294753796986075,-0.01901898935893065,-0.03225803907315772,-0.021467724302175806,-0.004625240714402623,-0.019323653692280396,0.014738889706257918,-0.00528227201853948,-0.006352437531061739,-0.005020912584503212,-0.008928781934419927,-0.007400544452602187,0.0028508901605379666,-0.012354366000228545,0.056155551000284465,0.0104522705078125,0.0007930395839892412,0.01965723029997246,-0.0011834898452053322,-0.003520209425493692,-0.01686339081405752,-0.004061377624074325,0.011971153962468284,-0.011395690810162229,0.016510653539870912,0.0021119743340829444,-0.0016779637413789628,-0.0011201555653026496,0.020842016517815365,-0.006263428276239824,-0.02259344470197977,-0.017678746492259867,-0.007011189600323431,-0.007349798637646177,-0.0008501023048218537,-0.007423055915611876,-0.004445695910629821,-0.01700270041468166,-0.06419753110523518,0.011345756584861144,-0.009048025653525027,0.003197823083027629,-0.006709292434488701,0.018518607489117933,-0.012427400402838074,-0.0013632056715776608,-0.018703242606954662,-0.031827579238625225,-0.010183724466670263,0.00036364468661220783,-0.008594105115390382,-0.015237274850821492,-0.006097615879702922,0.0068948233215613275,-0.012500828331787117,0.007818871921483783,0.0001706725086787486,0.003995516330986826,-0.007119718966681177,0.0012037098140937896,0.011679749523769045,-0.001995014159121622,0.04105560295311084,-0.003520861736207359,-0.012023575638506867,0.026996725407876454,-0.005042482395407388,0.006868476711361815,-0.003029315565478141,-0.013565721273470777
2022-07-13,-0.02893887738418577,-0.002536675337967531,-0.008997044166054069,-0.010513261990916623,0.015191147504490576,0.00048591408435938455,0.007102299858777528,-0.006884216660314468,-0.0025978466848165516,0.002574090046926214,0.012354385550825242,-0.02721092841733097,0.05416660214399993,0.0063775390247080566,0.014362705824593203,0.0,0.025783964156606665,0.0004551984285978694,0.017423253848861897,0.007689428498524276,0.007507538761906352,0.033402902532468026,-0.016108469940111725,0.007070398152449364,0.04192213703309089,-0.023473250336792928,-0.009508707341304823,-0.010874926390617157,-0.00312444386618993,-0.0012843778918973925,0.005145833653678489,-0.006956012272313461,-0.007097689007547259,-0.0035259248176741087,0.0054141222641903575,0.00671762857610525,-0.0015900030685341848,0.002562840343419026,-0.014811754609077799,0.007353114685723305,-0.0034919840571657756,-0.016431928210858482,-0.004706984472651832,0.007933424225960106,0.010454476423630954,0.0018160936520354998,-0.01761774221137269,0.0027493912791194397,0.07475817452868716,0.007479089844594888,0.0038776155004667245,-0.005312716012481178,0.009970919118379884,-0.0007273704990412577,-0.025167664978208437,-0.028669052232379588,0.014866656209774787,0.012921590578442999,-0.00043609427965196623,0.011632122579492421,-0.005684152488328986,0.00984634179149202,-0.00822083313977462,0.024455857542838633,0.006087300072294077,-0.0023276956232761714,-0.009372903394308185,0.008243118203262956,0.0013037486238864915,-0.0010305636734257995,-0.019607915852348556,-0.005830540984214316,0.014084414819534263,-0.0066254343860977505,-0.016622166336416,0.00608301629163055,-0.0035089478929675177,0.009969469278495069,0.00239871567366734,0.009823111382132987
2022-07-14,-0.046357549271397014,0.02048246613039373,-0.007061124599182178,-0.0072916348775228235,0.01393191276861705,-0.006070698313285994,-0.023977443248981323,-0.0014404847934850196,-0.00852491855427473,0.002812099638574539,-0.0021039922701264757,-0.022727253611868448,-0.05138334114724752,0.0008870820062230056,-0.00229038604639642,-0.01724136311067892,-0.0005422497247170588,-0.002274956586326593,-0.11213933353800576,0.0037357540219022933,-0.004471005233123826,-0.010100976284868168,-0.006634534121598645,0.006300615676634536,-0.0117761013205534,-0.02281521548998655,-0.0319999694824219,-0.0004998658561113922,0.0033498864931540417,-0.014630250852622484,-0.006825931901308424,0.008212685213009552,-0.019062886336195906,-0.027898519890278806,-0.0166935111030736,-0.022634945440422882,-0.008690539170860045,0.0012781444914420348,-0.011783876025162732,-0.009384785722948208,0.013738147007529289,-0.06443909988923113,0.007619472180460551,-0.004553080635419815,-0.008301112446525094,0.0011730213296490266,-0.0035536574554070333,0.0022845789366741087,-0.035188034466773654,-0.006186232690997495,-0.0016197511550891663,-0.009156024644726535,-0.01592356228469094,-0.0036390277107074542,0.005163604944582678,0.009838310096879743,-0.028045641869718363,-0.026732970858455385,-0.028000637676531825,-0.02137978135054397,-0.002286851429752712,-0.00615210897639884,-0.009031307990176596,-0.019575070584194165,0.005844415557253235,0.0038881186373544985,0.003956532287009429,-0.009021617346415933,-0.015624985448084439,0.01770671821517822,0.0022429250682540758,-0.03317690480441504,0.01944463154268883,0.002223272421048028,0.0012071905495634194,-0.006477907736276323,-0.03951463580608838,0.009222157194962888,0.01954228339496078,0.006701345982708773
2022-07-15,-0.07291664254537011,0.011450088646827394,-0.008804606561316541,0.03147953729204689,0.03193387003762971,0.012622664161915376,0.027456655364983096,0.008835131306855981,0.007642762812768877,0.014264901055740964,0.018695383560794365,0.001788907226050629,0.04166667345852626,0.03343052490900389,-0.0026089210590015677,-0.020050106144070656,0.00779560934284973,0.006232001483937211,-0.02589822710934142,0.011957502773465745,0.01796409920530828,0.030029091612538306,0.027361741863000333,0.016637042794348078,-0.003972271244861547,-0.015009405928311348,0.012396662297629923,0.013499992545612072,0.006032147530866672,0.004405287658597601,0.0,0.002156209235725459,0.029959667283498526,0.031919272884307404,0.000547752844241689,0.0029449643796897185,-0.00491113509220209,0.013563252973696427,0.024259986228876596,0.005263144117149121,0.014408443674012394,0.06122443021609958,0.011473378920952682,0.02134410140389842,-0.008370901031270361,0.011504187698007318,0.01741712851006061,0.01561427327954279,0.04071242826015453,0.011282233902160543,-0.017721297535562286,0.028492093933335516,0.0012944340336067395,0.0,0.011986024333532574,0.07376490997958651,-0.018807151051501214,-0.003469647098517714,0.010679143806872293,0.015604891776613838,0.012892162553370667,-0.0019855216607825854,0.021847789857200706,0.0238616885687446,0.0025974112093303248,0.03253292392415119,0.016107124380077442,0.004552032633966974,0.013227500712890583,0.010979825109815655,0.0076462973283699665,0.0923741908644915,-0.029972739690445338,0.003549074101636407,0.02321394567426882,0.03042807603846298,0.01751499664573153,0.010810817072003376,0.009779365490967473,0.02039942451566934
2022-07-18,0.0037452729631903825,-0.020643164226164523,0.004441408131837354,-0.0036622644880489608,0.003945255731922392,-0.019502153102999742,-0.009845312285075347,0.0,-0.010903195751906791,-0.030171919947763137,0.012004785091449532,0.014285773604583829,0.00399997715327105,-0.015316721956226798,-0.016739818064518852,0.002557542261826473,-0.019775380914953455,-0.020996978313063908,-0.01099803871424132,-0.012363833059220952,0.0029413776538262937,-0.020945555935696025,-0.011324364006898291,-0.027274562375319666,-0.02392819760782483,0.005079400602471917,-0.011428599454918698,0.021707187448585463,-0.018950808190631108,-0.00942181802727815,0.0,-0.014463491972569575,0.018867796291811123,-0.012074633570741455,0.012589023824409962,-0.012947207801215388,-0.008025844447090535,-0.021410525434217176,0.016459132086665162,-0.0046073213173263294,-0.029644127441294077,-0.023237177282865673,-0.0096674595209989,-0.016744240824415946,-0.009664849649511198,-0.02759065635723712,-0.001304388304711912,-0.01829209242176144,0.13121417998290763,-0.0023083226427268455,-0.015245670459316796,-0.011829818342007914,0.026179700649980653,0.0,-0.01522841302710165,0.014905931319923793,0.014572674767427074,-0.009090804670271235,-0.013851595104931613,-0.0014460957483501957,-0.007778113269914733,-0.008074626826072073,0.009651746373505743,-0.0038049904950080427,0.018340635903512092,0.0,-0.00910652215446206,-0.013877247756603595,0.002610963619440687,-0.02940696362149775,0.0018510967996010486,0.0664764650996319,-0.053370857564353225,-0.0026527291088312976,-0.008249806964761852,-0.010757339355675799,-0.004803598274454313,0.002419166986485921,-0.0023243768300007517,-0.013257496965761506
2022-07-19,0.018656675493918806,0.026722115251427203,0.0030611235232369527,0.027772117142128794,0.054648126385421936,0.014271546260332002,0.005681812794001706,0.014030563128449414,0.006709743762143283,0.012890235759412505,0.03586075790289733,-0.04119720176342745,-0.0039840410799734105,0.028994466056707857,0.001170586827356379,0.0,0.027379369874421133,0.0023144232655589736,0.021271807401697984,0.014657937686274103,0.010263766323573176,0.05146007616038961,0.026513899606579905,0.02152675512954838,-0.012257544059420367,0.005474801270666019,0.056977750092434,0.022694227775858833,0.006439022672116268,0.01082311686774573,0.006872845476499245,0.00970308760137284,-0.0007715456460732906,0.04888765199129019,0.0,0.0056795959623987535,0.004882383282014402,0.011100220196320398,0.018167525414500618,-0.004839067772237637,0.013767607491349532,0.033634193207538576,-0.0016921328069111619,0.030230825946389706,0.012476806102361682,0.0002166551845279585,0.03558906637730774,0.02080514867213279,0.07060528767163321,0.013187500202270996,0.01832009462409756,0.032429118554011094,0.00503957386155629,-0.01168735634797835,0.03264605202436788,0.02107274215297572,0.033126262927420935,0.006051073421573516,0.026742071812738688,0.023895721482911636,0.010832278552579178,0.006252688916509985,0.04767650204082918,0.014561962741453272,0.026781077153431143,0.06076533250999172,0.03948284067082786,0.00689263268220186,0.02734375557823432,0.010156805811821545,0.015148597899486305,0.11321056187889167,-0.029673613126425247,0.007535751148043168,0.04486044373985698,0.035394489610605984,0.03580028790314782,-0.0008891758121731819,0.006135237272725913,0.011516193042513834
2022-07-20,0.010989059707372295,0.013509703060679223,0.042726463807212234,0.006954072350244589,0.04133678580918354,-0.0027898093838386595,-0.010593193513182664,-0.015599036553951229,-0.015710505285234433,-0.00917760482272778,0.028300620077718497,0.028277594841567,-0.01599998685530657,0.05526663720989622,-0.00892803514000251,-0.012755150449418995,-0.012823727086319625,-0.016625475133739465,-0.011422269449574363,-0.007808865980323931,-0.010159491675054144,0.018421771102844042,-0.016943993072654817,-0.007968773510824367,-0.0031023141964580114,0.06366494063931616,0.08984371885890186,0.008498557894631942,-0.01713293400577609,-0.012653838676597862,-0.003412965950654212,-0.00924921293519465,0.015443954855131503,0.014794903204149445,-0.0027028959680094333,-0.013042779675111138,-0.003377902819616363,-0.005250568697969027,0.007369734790563243,-0.002114089319616541,-0.01278355703029499,-0.003174600050953491,-0.019035125693750876,0.009994884203480492,0.000610204188089325,-0.029341767206916614,0.006778600893300846,0.0008955067512228521,-0.168909760954156,-0.006393686732273252,-0.007728357857750168,0.01629233571597255,-0.018489644766530366,-0.007760457746523897,-0.00499177198361378,0.05878692672786556,0.04083169195591929,-0.032498872552324976,-0.00017527546888140844,0.04402400642347515,-0.014664183827136856,-0.016648916696323734,0.022753673099164207,0.0,0.020474454034702827,-0.009901035391906898,0.02292079491385235,-0.013976012065372911,0.0,-0.020961055797438122,-0.00382163203496233,0.09100600580319207,0.0,-0.0057193011174278,0.014785513293414931,0.021211003727467537,-0.003106732049153238,-0.008263297134817549,0.008335478336669588,-0.0016867221845784375
2022-07-21,0.06884064293925318,0.01509402251508507,-0.013658527918485541,0.041436433730775324,0.018561959376609538,-0.0034463000279121303,0.057102082631351525,0.008236365263852186,-0.014026545895856946,0.010374339947565314,0.0010241077134958143,-0.01535714398215593,-0.012195211162556951,0.037818000663932594,-0.0006432048413105296,0.005168015487474253,0.0010146876090950663,0.0006260840432794623,0.0017393247549475355,-0.004407254420848439,-0.0043989700209996485,0.015118574496226778,-0.014904832291832038,0.014459323976945937,0.009336105711829079,0.007481733541410351,-0.004301037043924039,0.0037451673375827887,0.001985722059212769,-0.0016433634517681872,-0.011986330450754812,0.006546945374879876,0.006844178209385099,0.024125492069523302,0.007045988512102808,-0.004087424367737125,0.002460740828601926,0.004798408107597796,-0.0007699685069647577,-0.019491687653891643,0.015184891545360513,-0.025477757787232713,-0.003056996628050146,0.008119800966637003,0.012071646579097095,0.005465750312880768,0.010334290173842575,-0.0003354338098819909,-0.0850204727095526,-0.011567488266573056,0.00702243881644371,0.005488247419782821,-0.012771349010348487,0.0,-0.0050166219766776265,-0.0023629569124841154,0.03730443478992962,0.030181368591513547,0.015787952501790548,0.012870485115154429,-0.004436476529538491,0.004411341191197238,0.01163191931148222,0.06376468434053306,0.013801889080368168,0.010000046203286317,0.009602884975180581,-0.009256486285180943,0.0038023080248430485,-0.007484869652116699,0.005845938989536448,-0.08133262031640476,-0.012232425512835876,0.0022126440050023177,-0.012608737584231644,0.016938869106006837,0.005843311607763191,-0.01974105124226011,0.014620482370633292,0.018373993642707198
2022-07-22,0.016949114225476958,-0.00811062579668298,0.0560499609155245,-0.02709360246777237,-0.03282465675680113,0.0006916296545551592,0.04253876724622718,0.006481952419224113,0.0012265982914210216,0.009167405289984831,-0.0179027890527782,0.0,0.008333441332294411,-0.016011316779575235,0.009335899128810388,-0.00257069156647316,-0.0006758520053011807,0.01971212914009768,-0.008481101427784687,0.011936706284276788,-0.007363800551634658,-0.0037232490137323326,0.009335806347333664,0.015132587821522492,0.0,-0.007621641657300726,-0.06263497941361185,-0.012126691895441577,0.01783770497895043,0.009381243234535708,-0.01213174556200547,0.012526910802971747,-0.0030211700688855814,0.0018896611989034362,0.0021531640455803025,0.007250531461832743,4.6394414486172764e-05,0.006526675587910535,-0.009633794740873669,-0.0008643271471535652,0.005597696263035745,-0.04248362040956577,0.00653252943964322,-0.014095252803632441,0.013373357951097287,-0.00033286704137514,0.0,0.008953750926353532,-0.022123764226607112,0.004650342352208181,0.017497264375378574,-0.006463754126383003,-0.010349306404822012,0.01489740835516784,-0.011764533765011187,0.01420982848960084,-0.025405973196573006,-0.004185438828291255,-0.03117161747786501,-0.005350270648332045,0.007474500291513753,0.010446421732316802,0.0020092056587803775,-0.03782347089363147,-0.0057984280875035266,0.0007070802590032343,-0.004438674998505476,0.0023356934784231065,-0.019570733373133975,-0.08049808762563693,0.004903597327795772,-0.006400119048805442,0.009288046713398002,-0.01280394436274146,-0.010783131818715042,-0.06365255276781523,-0.000387159197959841,0.006959958066276695,-0.002565066174419095,0.009539376935157051
2022-07-25,0.0,-0.007398145937251521,-0.0009364850674420389,0.007594999336606678,-0.006356385565185252,0.01126241598063693,-0.009715001464174255,0.012527579113024823,0.009063887926440417,0.014655872794509195,-0.01250027559240452,0.0018136366220813382,-0.016529058231419258,0.0014585653878296245,0.0008502491385276034,0.015463902322123246,-0.0005413329359432728,0.010586162353261042,-0.005554790270946519,0.01351465106967109,0.0029674031172584048,0.010411001267673026,0.0045717206713853376,0.007453682914192905,0.013360825805632581,0.011815720820044229,0.05529948448850974,0.005665644841788442,0.01784916878005971,0.023153621253301226,0.005263194879337574,0.009755064059686402,-0.007575515292225221,-0.003143461971813588,-0.015574801856315212,0.00842031619911432,0.004353400062427237,0.013126625829432692,0.012062150800569604,-0.011461726420861518,0.00851706521636042,0.0819112641872275,0.013774871952227041,0.02387040867552792,0.005468971082375651,0.004660836756053888,0.0010073311078846459,0.012756395402682585,0.03710399614441484,0.012882749718129638,0.0090966101453549,-0.0015902927955000479,0.0013071918293747764,-0.009174198377312592,-0.0059526359747804625,-0.007005369150663077,-0.0030948950079640047,-0.017691417776168672,0.010427800882633953,-0.006051447305335467,0.018404832830164697,-0.0029366687766044786,0.00623885301854199,-0.005747126436781658,-0.0015849019638419781,0.006360590430144253,0.002070136496220565,-0.005534613579265879,0.0045074468578334415,0.021933961740963293,0.004518444626063101,0.050858958002862886,0.08588955351497596,-0.008049848148333205,0.004876529786963735,-0.008047548504319768,0.009298622796125144,-0.002738644253150402,-0.0014370762590992792,0.014174208787953058
2022-07-26,-0.10666669301355458,-0.008826471626787291,-0.026562458890037166,-0.0038654958726583866,-0.02615948014139391,0.009729720630902827,-0.0026160864586541877,0.012895358539913637,0.007526185658898177,0.007162727460080287,-0.05050074673022675,0.0,-0.07983191435580561,0.009188587408614168,0.0008498659953886101,-0.005076137217272736,-0.009208954313811635,0.012296908057902067,0.015360960066051366,0.014490434597381308,-0.002958623688103401,0.0,0.008678036882073581,0.009635187229190212,-0.015212957723210296,-0.01654344630494453,-0.0036390241315698013,0.006572670495182065,0.013497803553741416,0.007489866045126581,-0.0017452406367448603,0.0061263082078015785,-0.01145061262830227,0.054238381035166094,-0.0016365283957964216,0.0021551631715348574,0.005302839718642982,0.011864067970628112,-0.020376784315535468,0.006781860271535489,3.0205984869358105e-05,-0.04100949883663774,0.021426670921780522,0.005360794413600267,0.003311033450612344,0.008395330332908513,0.0010838453380956903,0.018729298931961846,0.023560061763424622,-0.002437227907381323,-0.013213061903756373,0.00014486525329848732,-0.01370756215150326,-0.0014815206285452298,0.00855447728035963,0.004703008309877799,-0.0017910629955690816,0.024477821517428167,0.009438154664349385,-0.004058881686647142,0.007004939199366955,0.014374698065585445,0.02646156548796985,0.0,-0.036065689533535394,-0.00842707236914586,0.0019068688721948224,-0.002929073444341901,-0.0025641000560834293,0.008025250261971761,0.010975080192606068,0.056570129426274596,0.03954798081504207,0.005860926310004011,0.0028546719814128707,0.0023486236625998025,-0.0019193578468243988,0.0069306198572003375,-0.07604929968874552,0.006886901742086504
2022-07-27,0.018656675493918806,0.03423466931125474,-0.03852339801281024,-0.054520786250984554,0.05360703454339255,0.0023093604217396813,0.05442622450531509,0.0020644893084371674,-0.00530108039920385,-0.004622524452786991,0.034439677467387186,0.013033905078090324,0.13698631345409962,0.013879614377350524,0.002547348289897222,0.010204071702683226,-0.020380585193366607,0.0004497487550447765,0.010902967157770505,0.007369457841724936,0.010385831495879794,0.016909108053182687,0.005875449724874304,-0.00494201543898154,0.01750758991520196,0.013061544891280086,0.01826150530773063,0.01352621024434053,0.0034606322827555047,0.0026891467858871643,0.013986084524057807,-0.00222488112662822,-0.016988584427973352,0.033740149095185634,0.02841507796355791,-0.007929390111467982,0.0010090723226316989,0.006479209004220721,0.03218206334967477,-0.001738330350855244,-0.007901855930732782,0.0625000196067913,-0.0038373701435321372,0.006696451382631752,0.006482054251832681,-0.0006574412084860981,0.014846765892136293,-0.008171300967515172,0.046036130437961065,-0.0007634238554751205,0.005881410741946036,0.0014477508728865107,0.004301879536880326,0.0,0.005089249129902829,0.007021767133656764,0.008373260650876846,0.007478626688787626,-0.02036001988007019,0.02716933784006126,0.0040343924814736365,-0.006040321750749311,0.024808461653230474,-0.028208120709898865,0.01837817162644173,0.01841375172063331,0.03473418733148126,0.017038887052808205,0.024421539236434198,0.007221139707040525,-0.0032034948089201265,0.03879605570046052,0.08423909231171756,0.011205563802630936,0.03985197650666761,0.03152265806428489,-0.005384667758283501,0.009220782944900474,0.03779349489209083,0.008046534894340818
2022-07-28,0.03663004822964644,0.003571946444012042,-0.018363865015875724,-0.01108148821260102,0.020596732135456763,-0.007826140954925287,0.03544774238362347,0.029530671436247546,0.024709102966183005,0.04024736636361048,0.046985859228510174,0.0007148530238396678,0.05622492982290073,0.02683200945764974,0.01852638837423415,-0.0075757502779744135,0.016798055423092206,0.027282340350782697,-0.0002563177051277954,0.030470001211298392,-0.008810388483474929,0.030137508693560466,-0.00354646586220686,0.017811247404079245,0.023279291922269962,-0.035749131968184855,-0.007173560316036998,0.006442902965883679,0.029156536038110303,0.0331280622722574,-0.0034482724601393455,0.03579404659816321,-0.012568652824149984,0.024189627570476935,-0.02125395947731301,0.010566183097929116,0.027677424517357663,0.0016860948750974103,0.018631299773803622,0.0021766742013311635,0.005654178397337173,0.03328175717001436,0.03184413954550669,0.019216978193600465,0.024941591253243134,-0.014139835495036612,-0.058823379066391346,0.033170822361442864,-0.03482849456290216,0.01734406807761113,0.051754238245794504,0.016625851119403512,-0.02141685614833766,0.0,0.03206731094798254,0.02266137425036363,-0.023250375360767128,0.007423112005231491,-0.02265622882560614,0.03124482289973618,0.03089964616933405,0.02570998195519003,0.017471928072902543,0.04687131282224799,0.031177203125451802,-0.0006956819714238893,0.015328132901149205,0.031195672559772625,0.027603487576297603,0.014521970425047659,0.0007140226565409691,-0.023385514819891373,0.06015042204786947,0.008422281706213619,0.10676173596114347,0.005988057793889112,0.004640510639530193,0.006434086419701224,0.02496252074313232,0.02095389368076095
2022-07-29,0.03180217349618708,0.032793192489933176,-0.020408229774461994,0.0022826439818697253,0.030544377742841133,-0.009129052099792645,-0.07147144790675641,0.012173723646510703,-0.0009456339079932929,-0.0021747594700656236,-0.01282204146681798,0.0,0.045627378660274776,0.025917368237399208,-0.08564599656963678,-0.015267221419573263,-0.019561586881937543,0.002918511936117252,0.012253446050893846,0.003659621581840966,0.0044443506979432446,0.025977350553460843,0.001570412317545955,0.010937232751031756,0.0009893537329515034,0.004862193290151584,0.008670511866767816,-0.0009144723737826155,0.008021842160578219,0.034814530231553675,0.038062246056379534,-0.000453308605813163,0.0031822033133785954,0.02633071867021375,-0.008686222552374834,0.0025472197198721513,0.016453428802504666,0.004743923245456472,0.020156706224162324,0.008688146425533727,-0.0033552302816316493,0.03445693071181255,0.012692703802014593,0.019578970433773435,-0.0020566018729168967,-0.0066711933102971965,0.03902180520753684,-0.0020984189838620937,0.04680865127971434,-0.005782969529546711,-0.0005916880693395132,0.012514096451076595,0.014814770651341513,-0.0003708896009613216,-0.002452982074847676,0.008522508892732095,0.008137063737413852,0.0025837508895873995,0.00374180283640535,0.014748287162430929,0.011290084139454981,-0.009228813760543408,0.004241196573696149,-0.017045454545454586,0.024840083156324022,0.008350904891874844,0.011926275567816447,-0.01624635357050397,0.008547088166671157,-0.007610137306695797,-0.0024976400336262916,0.037041331934500876,-0.007092406164675991,-0.007912232533648478,0.03759608182590046,0.007799675948958251,0.013856946518644664,-0.01636596539266666,0.017726302430225882,0.015246333450603666
2022-08-01,-0.0034247006981953376,-0.006153705414271293,0.032638884219117204,0.0037267144517398876,0.024452180890705,-0.007394836628628942,0.013583443572367848,-0.0018124084533845952,0.010411818756786984,0.0067682092973526675,-0.000129699172814135,0.0,0.007272751030391378,0.0009354082309562806,0.007161365231713734,0.025839831009891956,0.024323096692437263,0.004364841087584059,0.015497266083271732,-0.0031357734720514063,0.045722595794641885,-0.01229105356273641,0.003553507574398873,0.021305023590799888,0.008893285061049028,0.01612909428163012,-0.01862465817846426,0.01647580345516997,-0.009468974637652061,-0.011509529645152838,-0.006666660308837891,0.011221917210706422,-0.003964980457789147,0.007487326079390844,0.008762334136765082,0.012167419721757167,0.007983729665307138,0.013402280745659745,0.0058546415559646015,0.006459895277939776,-0.016803780733649076,-0.038378035520741705,0.002580483777560927,0.0022522348251252655,0.0043504718274558485,-0.009066548155449161,0.0014025829331065776,-0.06928831007961733,-0.020325548616544675,0.023719624846048948,0.009705561854333578,0.000561800563484427,0.027869988828558956,0.0,0.009836055968368118,0.021971782072613077,-0.007348519391078612,0.007826530409621002,0.005273571216180883,0.010268586630540533,-0.0015946923400942392,0.012304724221140484,0.002575380863876431,-0.0009248766595917335,0.013281967922630367,0.0048307401993501475,0.004475700791038095,0.009396340193537966,-0.010290561233855966,-0.009859438178996927,0.005365696137045184,0.13204274929526894,0.01666665307325177,0.0013293512316212563,-0.023361328940050163,0.0004073485008884159,0.06112347032769461,0.01923837647662152,0.0037106484285707175,-0.002117809274209126
2022-08-02,-0.04123712565284732,-0.009287326830272447,-0.013113517112766981,0.008663407335156137,0.025935132960214657,-0.007042760194238884,-0.021059344103341093,-0.008830464581470077,0.006089094054938515,0.006609286205778275,-0.03078751520982481,0.0,-0.05054154066845096,-0.0023889235676438636,-0.017381277339418078,-0.01259444633651241,-0.0103242774892216,-0.001882999724121981,-0.01566381935501826,-0.0038771628443978745,-0.0014103826113911477,0.001990901978295323,-0.0067694795544320785,-0.013200763358985124,0.020568017660217652,-0.029960358938781573,0.035766407148909884,-0.02476359404807149,-0.0028475461685134595,0.024331974714213,-0.01845639812254174,0.011545764441751372,0.005573177022877962,-0.019781440256753657,-0.0168294501636167,-0.0002640599355296924,-0.00269814384117284,0.005861098711722024,-0.0025466729363572416,0.0008556432550232973,-0.012185575798404735,0.07831325171422598,0.00012271870698365994,0.0,0.007295027149854194,-0.010392243305354487,-0.023498312254457532,0.024401343922092922,0.01078882668470138,-0.016824128429877794,0.004219737535798407,-0.004211016450270111,-0.02356357950114396,-0.014471264564221875,-0.008928500404798756,0.05953711729760758,-0.0213592488305685,-0.0119328101057814,-0.002261037386906861,-0.03017983240266453,-0.013179289738840527,-0.008065501080831594,-0.001336032352723504,-0.004859965029439639,-0.012503900373117438,-0.025412076617897683,-0.021387184832609263,0.007334218034201756,-0.014678884741199605,0.02434090645518472,-0.01992510064472286,-0.034198448832521544,0.016393887891189562,-0.0017702115945051888,-0.019282530750519777,-0.013232816526455582,-0.040787084061047474,0.0015302035962589944,0.0010563950852475745,-0.004630677245875514
2022-08-03,0.05017922701802702,0.03824764277216741,0.0,0.019222875201987843,-0.012085855237907062,0.013242487559403049,-0.02933505898233124,-0.006827785793660501,-0.020717078498252772,0.02230014067352548,0.01447562470727104,0.017857199107795152,0.015209175191113644,0.014888393803210054,0.005628394828775196,-0.012755150449418995,0.005425027901557078,0.0063858956625941765,-0.010355335720041547,0.0018360829874393136,-0.01836162580782319,0.01440660824793949,0.06301761323944266,0.013046948086906873,0.019193765531553497,0.01881779495046132,0.0007047377855924353,0.00692527551269273,0.0005098350291703468,0.009909639270947457,0.0034188002141120055,0.006538381858977482,-0.0190024253403126,0.015811139047977152,0.0016562938360515922,-0.0010574536987095762,-0.00453833602755549,0.006723521006737343,0.04959899546517055,0.004061827600917667,-0.019894033039188352,-0.02094966783895802,0.00674016831933999,-0.0037845662422133497,0.00045267845598551126,0.00011432245800313545,0.010518047620859727,0.018306106508735764,0.012315305204381621,0.020864767802408313,0.00922178549245145,0.021144732848884518,-0.04991749051365524,-0.0022590145073632106,0.0016379369850345604,-0.04266383076846003,0.01202878507000138,-0.02511261064233883,-0.011603676231519366,-0.01660752614792893,-0.005935306271250385,-0.13135585011526818,-0.0019544855224551405,0.00441857271416235,0.027159199773748366,0.02818893161296443,-0.0025800213418749607,0.004200662306152347,-0.03600253602769499,-0.007380758259307285,-0.016336949830784486,-0.04995244566369339,-0.011521222387510521,0.003546411916994563,0.0186659906278015,0.01898074443904396,-0.0014919951512425422,0.008277201268856782,-0.016430685229935182,0.006784397510163354
2022-08-04,0.020477821741713642,-0.0019262247856960402,-0.004770060059165249,0.012841079207243977,0.05933334225205367,-0.0006473472440322592,-0.014103427354260956,-0.02892354968043931,0.02258150676400139,0.001218107279891134,0.007927033251772908,-0.017543913943378175,0.03370786516853941,-0.007694192461831784,-0.006624970402666852,0.0,-0.04710543637775588,-0.003919708399852895,-0.012079386357380484,-0.01964504438199266,0.004316533575858594,-0.002203757844543852,0.004833422610877269,0.0,-0.01318261190999348,-0.03593657631351066,-0.02112677427918841,-0.010087221839198524,-0.006829652325894275,-0.005050377717380594,0.03066444781687383,0.001871582508942371,-0.03309119702426255,0.004949843040390256,-0.0011024083240499527,-0.001058222104966977,-0.012624979241653955,-0.003116771565789711,-0.006602025287118396,-0.005748567226204426,-0.02561883526737596,-0.010699041890653183,0.00474724892429923,-0.004867805151788751,-0.0013574208927624731,-0.009130218682055657,-0.0025233449872755775,0.013428798340461956,-0.022709303506404988,-0.0010293239667574783,0.017580177279230336,0.01974032970791839,-0.03201126442997182,0.01283003831772711,-0.013900546000625735,0.009028983241877953,-0.02462936063224974,0.00963527249860352,-0.011831844991576856,0.05591080100947177,-0.007192500285767678,-0.0010548776653450664,0.0061848069046364085,0.00879835795781303,-0.00809885707978164,0.012337341405989077,-0.007760330169068186,-0.002509953887631644,0.012234419660306584,-0.009793278613655643,-0.045580248538219736,-0.05446478257749199,-0.011654823664498215,-0.006183879883319587,0.0004888060655283688,0.010528565968942472,-0.01793051265526424,0.017555046994976342,-0.03777767812805877,-0.007316060879714592
2022-08-05,-0.013377847680010158,-0.001388980721679145,-0.02704557805852581,0.0003962055852821944,-0.01539799872126335,-0.0029554523618539053,-0.017711186885341346,-0.016748657665859867,-0.022082842897737764,-0.028644362450028327,0.0011794425007685128,0.05107147060600692,-0.007246400143801068,-0.006099367212039297,0.00034500842833828926,-0.005167953880604426,0.008928431126554504,-0.014575335638940645,-0.0032110942834913114,-0.007626773682455568,-0.027220649818132547,0.0019630536377268637,0.0038283892937447384,-0.021443804512142783,-0.004771107643938066,0.006663883627108236,-0.010071898812270663,-0.011579094242869736,-0.0024633509319621494,-0.010007018896626252,-0.021487621544211466,-0.006813199531435998,0.010016955620733903,0.0031743698653781127,-0.025938348536009737,0.008607089693393633,0.00830220683554983,-0.021703331256783365,0.011892394414080076,0.01177759175180726,-0.014617975030891572,0.0007209970414092659,-0.004603814017803298,0.004414437934749049,0.00045318305640962286,0.006795471916521523,-0.0011068074561610963,-0.010685883530675566,-0.009128406208265494,0.014350898296713543,0.0,0.0010828713556592096,-0.009705174543787054,-0.008941793281926791,0.061360240541940225,0.061821779953789235,0.005904538061717757,-0.0001948313342809982,0.012159104743454385,0.025621141099132716,-0.011618330477379035,0.007258791481130622,-0.01854313226458504,-0.004131290026085588,-0.0025818809884428084,-0.11306708754785377,0.00475386372936204,0.0005590324061017782,-0.011450400898104007,-0.01739931385454463,0.0065737284327775924,-0.051501858962825664,0.03773576412801605,0.002222381435553533,0.0009767545894596719,-0.05650185414719133,0.0038037647698221377,0.008067522994265941,0.008043301756032628,-0.01609786230650978
2022-08-08,-0.006779746165606948,-0.002902978440853521,0.014074498133253677,-0.0037623490437422857,-0.021894222629481264,0.004223102855980709,0.04438282523832271,0.006234089784910024,0.011172080000026119,-0.0014801100480930085,0.028279863992450638,-0.018008900066703193,0.00364961161975641,0.010193430247803725,0.007241485455969254,0.015584463034901352,0.04021888577484245,0.008874475234129653,-0.003221677670798395,0.0,-0.01030911581498628,0.017879189963114328,-0.002542611363492542,0.002007463203938409,0.03739228718212151,0.018411240935852335,0.010174374078467219,0.011714740325125206,0.013478874975708655,-0.00820434620018562,0.010135125338900819,0.006085379104368904,-0.026446283138928717,0.006982725257865585,0.0056660116143618655,0.002494600431965477,-0.0033904993051382393,0.0006121132240486382,0.05012094122414612,-0.0033865952862053295,0.003916147678766135,0.09293947775338252,-0.0010951917992974014,0.007126706118519843,0.00962282924955149,0.012355716520689342,0.010050741009873798,-0.0048609793588386685,0.01340031602278069,0.009141604725235952,-0.005228303114572674,-0.007031578779176928,0.0018149788783095033,-0.0003758278942324056,-0.05937508951188264,0.03421859159664087,0.004745813099366503,0.019966960725218197,0.00834482679162929,0.017410959021201267,0.015350446296064302,0.017426830937494975,-0.003966505140583165,0.00023051708622179312,0.005056276900996748,-0.041984632966654556,0.0012210347467864757,-0.01788197216337195,0.01994854699985038,0.006523926550605852,-0.005186264502173632,-0.03277664445692985,0.02045470267754923,0.008425627400977298,-0.003171734322013897,0.01040559798847851,0.039408881519964245,0.005171121092391706,0.008137142584303758,-0.0007882884981719185
2022-08-09,-0.020477821741713753,0.00030310522734078305,-0.05065919518663908,-0.010534736225936814,-0.04526830012103189,0.004326907431727145,-0.012616236969696826,0.005933726510644277,0.010108129493293871,0.005815432594622694,-0.028011307143446462,0.0038062529504963027,-0.06909088890966764,-0.0015443814623827823,-0.002739005787082305,-0.01790285680940218,-0.008092622837396979,0.0070373044548750485,-0.0010840516977788095,0.0021094952132882927,-0.01785724526539345,-0.013234074210255797,0.016568630581284882,0.017863001391502875,-0.0055451706116125266,-0.002437516412768015,0.0071942722456204145,-0.006947788479480188,0.0041623049676466906,0.006056390743778506,-0.021739149502721822,0.0076980475199794896,-0.03225824591260629,-0.0018418470845319446,-0.041126629969131856,0.008773950767048788,0.008615540392831411,0.00688079300145672,-0.032916312120696234,-0.004671720883579034,0.0017189486210202887,0.009228763521335281,0.01096645044827782,-0.007312327856497158,0.012783223297370805,0.011639760958329859,-0.013319659372448278,0.0,-0.04958653733466967,0.014451094800346231,0.015996194495850435,0.011439403333178833,-0.015217381249400419,-0.00789787362751726,0.014950343795088195,-0.04395072035096392,0.024984489900274465,-0.005729732749736649,0.013459375121047001,-0.03883929656070961,0.01797896753127337,0.009916039935465859,-0.01676794258018721,-0.002995416210704871,-0.011079757341953766,-0.029482282451938846,0.018902405243641285,0.007966025370266028,-0.003154586090314493,0.0409257627054016,-0.008688867788203436,0.017903043455660628,-0.022271785801633026,-0.002198638685234955,-0.041605421564609,-0.02669190541583799,-0.010572512973297754,-0.0291526355426045,0.009873830576031972,0.011244580109335045
2022-08-10,0.0034843646387681115,0.02619455587211772,0.044590731182843735,0.039373301471133715,0.03673856083938998,0.015018479738956092,0.03631472535365954,-0.007026387310493987,0.00558512113827736,0.003514128863230326,0.028425662399527152,0.008617779743574028,0.02343750058957106,0.02382173428198464,0.00800995469310295,-0.005208328482694813,0.011714798709472563,0.0010189026056286465,0.0032959373366976408,-0.011127815335420177,0.003030266658599956,0.018044541530665592,0.003471928469205521,0.009512854454079012,0.03624512953017045,0.009570377007978692,-0.006428582327706489,0.002798618877674297,0.0008087136173162701,0.0,0.0034188002141120055,0.00021836715617462588,0.025438511049407975,0.019756852344197773,0.029376854490442028,0.0071404040242823985,-0.008016067768394364,0.007289168919953015,0.0013613681032755842,-0.0017068937478539326,0.005247458350053247,-0.1018942114213055,0.004700230206386546,0.019841062884447425,-0.005646579747754399,-0.0036862282231012733,0.008417237547645007,0.00890046340759909,0.06521736683389934,0.010559827866571503,0.009671662149854265,-0.0018850233990198584,0.014348792477445915,0.0,0.011456458616875054,0.010330568707088483,0.018554436045160827,-0.0003840048211897207,0.014716458167050916,0.031583852472377494,-0.0010701803141067723,-0.034812311736312385,0.011008928522839856,0.05038133307402437,0.027555735161961525,0.04433526548543498,0.015409980952711289,-0.032458557881928085,0.018987353614766667,-0.010852094991236405,0.0037006781933188737,0.07349215564429024,0.04100236677736602,-0.01101799279381932,0.0408579738495618,0.0295832406656662,0.0106854854063827,0.006182232772885543,0.0020948879170292756,0.005072113095118347
2022-08-11,0.02777778492482863,-0.004431382527301131,-0.000699806584901097,0.012756084770031872,-0.009389200166806777,-0.014835944139506618,-0.06294615682242899,0.006988834062847449,-0.006017331578587748,-0.010506124421687968,0.02432789953003356,-0.008885870237274163,-0.08015267372579504,-0.005137065714700406,-0.005675945194208443,-0.002617798596338705,-0.0033082000212970586,-0.001163522995770272,0.000921499387102731,0.005550666625376399,-0.0015106772230802923,-0.003592934938092429,0.00192209135386201,-0.006173789723665113,-0.013452894616539979,-0.01189996229928214,-0.015097055388253122,0.004186063897591685,-0.005151952990181785,0.013066901523131058,0.006814303685325873,-0.0004363463112787569,0.04448250340907545,0.0030870197088894713,-0.0011414204340537415,-0.007991821431393209,-0.005652405242744796,-0.007688840209938541,0.014276001097419888,0.008548883913919836,-0.011293187932414406,-0.040727303244850854,-0.0038388425881642485,0.004543149943909253,-0.0020042984913521966,-0.002915127850164123,0.014410711342205174,-0.007662306435274102,0.049795807323115726,0.012413161422804686,-0.0038985709639955957,-0.001888700624367079,-0.01612303357511513,0.0,0.008090576245889824,0.04498998899884121,-0.01631140792990149,-0.025269044489987236,0.0164485133510901,0.02251238273798739,-0.006697071999664739,-0.0022462383169226108,0.007506004364597363,-0.040704120082806994,-0.00041226739512145727,0.00943385271109598,0.012965726760983065,0.013710688614460453,0.005590071456860191,-0.0065205731236918085,0.019212109396367527,-0.11878263946114875,0.0021883192410399044,0.004010670787941484,-0.008832057508995073,0.028943065300489623,0.0018227950978673135,0.0006270933121590438,0.009644029473078186,-0.015868619896123315
2022-08-12,0.013513516896485722,0.0214254805465679,-0.011554645016833565,0.026335824680013165,0.027619231640992448,0.00016111739751467624,0.014542939352453876,0.014574139782713935,0.020256300065945032,0.020162511649304937,-0.0014921707413895202,0.0,-0.03734439933811751,0.01670559214092182,0.004271371232282828,0.007874008357040552,0.01217036886671563,0.014414655456606695,0.007224396988730897,0.010434655432066009,-0.007564247273059377,0.016826870122406357,0.02052761148875759,0.023540873759643643,0.017272777038713993,0.006531938841816132,0.0,0.005095183190684693,0.006397440706571889,0.025362540997586613,0.016920538756615144,0.016373789483864698,-0.005732932832934634,0.020057379214772242,0.008571209526365031,0.0005198181980961003,0.0025757718022922926,0.023852957325713575,0.019101862949306048,0.005966290183793133,0.026283323538699888,0.03335864655462184,0.020712994543144347,0.017743240366191237,0.011602976919944163,0.023501446449836205,0.02057119078532077,0.021424628206270446,-0.012442026734915346,0.013923544990916525,0.011629223385023701,0.03513994377308394,0.03985107803555876,0.004549021471928816,0.014446122474699896,0.01418769234698436,-0.00750426925648684,0.013898467979333473,0.014964270832323878,0.0202554665851431,0.019821802576688974,0.03311082866324466,0.03284378996649795,0.009174347244904846,0.01698071696700998,0.023364517954698183,0.023563965825447175,0.006618731624979057,0.0006176793423076088,0.028805741621122705,0.01218572273003704,0.021779177120122784,0.019650586433966444,0.007989105747310044,0.054207759990727133,0.03281704811560848,0.03238719622264852,0.014035207733592125,0.018487064481144566,0.029750351807590114
2022-08-15,0.03333317689868642,0.0063334948213595865,0.000708410712700891,0.022127230725493385,0.0017851859754736132,0.01082973836456258,0.0013652189955264404,0.0037625054962728832,0.00798720423579291,0.010005742345386759,0.012827043328728083,-0.01517251075606596,0.05603445655670436,0.01214884621345047,0.00022813218272688118,0.031250032984341924,0.016806701641418398,0.006315362449310857,0.0069343558302594754,0.012871248888361775,-0.003048907355873487,0.0085106876989971,-0.001128021188497197,0.005909621757808958,0.0008936076524275194,0.010342695342317354,0.011678821141581697,0.025345472104517874,0.011905852977933895,0.009187276365031138,-0.009983430504438173,0.0021477129502471826,-0.002471072022977361,-0.006034012220730078,-0.01416373065605836,-0.004675473675577302,0.020198644534766386,0.009496796295651144,0.008221119355814821,0.0065663494041416914,0.019020910989138606,-0.02274397777064252,0.01109004845931083,0.010825078457924686,0.01301462830139588,-0.004614332466287729,0.006946065224720632,0.018633051404184364,0.0,0.01257100260399091,0.005858416090517293,0.006789431981182981,0.0207735486108922,0.008679189159135348,-0.009493572165980013,-0.03569689175616464,-0.01853654442763908,-0.019443881538390606,0.004200302914318721,-0.0031650296927333565,0.008594414706154296,0.016542167147729048,0.009752959406756245,-0.0015909021550958302,0.005275977979732005,0.008371276271367023,0.016199984580812066,0.017438431180337943,0.003086372512705715,0.005670865865030406,-0.00018798503697115,-0.03041334652365124,-0.038543974854087115,0.009246941954693444,0.028410544777974334,-0.020919721506519995,-0.0003522741697579157,-0.001854078560009076,0.002874114887658763,0.008666906035299737
2022-08-16,-0.038709533484721725,-0.0009237358416769315,-0.015929256416049697,-0.023285475087674867,-0.008019059210550683,0.008244297282639534,0.021813203351056742,0.0016184321799084245,0.016527157697550976,-0.0020035477405836444,0.044509908559058564,-0.0021007263543877386,-0.020408111769247395,0.0076741589803657195,0.00729584308956599,-0.010101000370632551,0.006114661545876698,0.0021395678166704624,0.02133018915957785,0.0031771344754236708,0.0015290748888223682,0.0028130161388359998,0.0015055345178902613,0.00412840795402003,-0.011607217094869893,0.016258558375205512,-0.015151518279136633,0.011685453384893352,0.0052260886956689845,0.00574222226435861,-0.016806707199696347,0.002893730499704761,0.03798489838259744,0.0008372814831909547,0.008620286597365467,0.01043850395253787,0.0017365315910173873,0.0004412368285591217,0.04631433003021512,0.03282834876003626,-0.011562641984552036,0.003753768159190818,0.0001167366393368674,0.0021417014426798886,0.006749858453587221,-0.00011026656210366692,0.005230608088505395,-0.0043902236478907675,0.0,0.02111850223527001,-0.005164933781552583,0.012579494343694986,-0.0031579552582958748,-0.0014962429331052407,-0.005591110728838111,0.009504840740565124,0.0201291631413425,0.008030833875218635,0.005292252871384573,-0.02236979407241524,0.014683111210681776,0.01716220093957821,0.0019117178365315457,0.0013658404933802881,0.045731699702248774,0.006037691141091095,-0.013984160252499489,0.012643976567901838,-0.003692274827223563,-0.0017620725675722149,0.003386633273860129,0.03083129747274782,-0.02895305996732933,-0.0008723207714896875,0.02100437125988308,-0.007458168997953263,0.008109791194140792,0.026247719707977346,0.05105563322235884,-0.007828843626082937
2022-08-17,0.026845561372721427,0.008784501711819548,0.0003596841115538485,-0.021791734007668206,-0.019261480678215093,-0.0025077839991329842,-0.02001335525787573,0.0006804975922496403,0.0,-0.0014499372295055935,-0.031665576142219765,0.005263082746551628,-0.016666720330742457,0.001855277907611086,-0.0012447244443976047,-0.03061227592911475,-0.007346302645471092,0.0022774869618515936,0.004810631255816933,0.0027248431249369265,0.01694924534096165,0.0028049445044355803,-0.014187672912186478,0.004427607982239401,-0.027100057438794622,-0.0015801269872985912,0.022710654086456117,-0.01510448361272343,0.005598908324319751,0.0034814574810286825,0.0,0.002457842826846024,-0.02386612291038115,-0.011608502574544044,-0.028489934471322642,-0.0038739573848697306,-0.0010402438891135013,-0.003379452109311565,-0.014027547809491892,-0.01079871215987005,0.020979016734596456,0.0014959205635651784,-0.0008168676842618128,-0.013160776182274403,0.0011898505620877575,0.004967447966414129,-0.006485244345193486,-0.004829394938490883,0.055906008172598165,-0.004691259941646653,-0.003645127202147491,-0.012295030891411152,-0.010559578156345117,-0.0097414892587242,-0.013654452748110835,-0.02329049753453838,-0.010840431256877281,-0.01750768112170842,0.007217600130743573,-0.025834072264356855,-0.010723795511176748,-0.007748871284859904,-0.011146836133060667,0.008183604953816426,-0.02691594542291731,-0.021755613704176002,-0.010494940206592807,-0.008601511192415034,-0.009264954514036638,0.004942482051997654,-0.006000500900066097,0.014434522334658029,0.038990875629353106,0.0030565493497496377,-0.008049970890726343,-0.021121070744737458,0.0013991042160836908,-0.009048201472014794,0.0010764283857720436,-0.0009623306760668804
2022-08-18,0.019607849468206817,-0.0022915243935205387,0.006113017781798513,0.019230737104533047,0.022082078685945916,-0.0035120051663882768,0.029271634952937164,0.003569631747948332,0.0031488491063216273,-0.003462435527999963,0.0019446871254547027,0.038394453088928415,0.038135595301536984,-0.0015593696413152003,0.005439064647531744,0.005263152941442195,0.00047108627256253754,0.0014197557261785843,0.027129936812807953,0.011751930047470216,-0.0015149551295088326,0.011655104099160818,-0.012199666498224682,-0.005982445958215954,-0.006499638411188391,-0.0209692893094372,-0.011461307089892236,0.015336127905352548,0.0034799093087574118,-0.0037470054708412803,0.0017094408623694601,0.0015989321264415768,-0.005705080951610597,0.003068401530912146,0.020528168291281013,0.004666759158719724,0.005256222622321394,-0.00014734749132228053,-0.01643992760224755,0.022039163434149023,-0.0003155703709046831,0.04032859955244961,0.00023373366150902797,0.0003418870509721561,-0.005508828970556712,0.003954446934076206,0.0008348166127780665,-0.0043253891370886866,0.07233417432702227,-0.016132380396324808,0.00044353535026475654,0.0072613333071969155,0.021344618215164646,-0.0026486160390187807,0.008957583159450833,-0.010654377552102523,0.008127123132003256,0.0026030064804647424,0.009441927062968869,0.0015153580445257386,0.001697898712393453,0.001007518534898777,0.01045991305321059,0.007440853267385084,-0.013060396812212605,0.010736544928667602,0.011322926708608794,-0.0039182946422683385,0.012468755871280157,0.00790455715884053,-0.002074777429083019,0.03281604063307464,0.0022072095769907207,0.0,0.06424710194515892,0.010788292729093873,0.032483342708531815,0.020087682683830543,-0.0032255560708221998,0.007320593468800318
2022-08-19,-0.0833333597224456,-0.015101888569823751,0.011794162939233743,-0.019801935041397933,-0.04470335906038436,0.0046457618520967525,-0.019841282606185007,0.0051958826059879115,0.0006728025718361064,-0.007846006075251988,-0.03506391197287029,-0.038991589436307206,0.020408190622587252,-0.012396363602676042,-0.0003383155955327677,0.047120437147337935,0.0010759094310828221,0.005955983859058822,-0.013141113131512228,0.002976218086650828,-0.006069980540394426,0.0006911962024300777,0.0039560272100200855,-0.015362802012162335,-0.009345749719875562,-0.0618306985150584,0.0,0.001332822126348221,-0.003765128953321484,-0.003482109107529441,-0.010238897851962525,-0.003512092264024491,-0.009016435987114435,-0.01002111337009648,-0.017241770498331532,0.00606447876901739,0.010968963428567235,-0.006193097994206087,-0.010055187224085271,-0.0024184929899506713,0.019101949115980288,-0.04163674881547219,0.0028016327149886777,-0.009115855543515461,-0.003149848060881033,0.0074394141594587015,-0.006218783109052328,-0.0018012153628769179,0.007649157298865283,-0.00499309401928083,-0.00587325297013952,-0.023429569471790646,-0.00208969139765125,-0.0011380770598571344,-0.004842703561328765,-0.037948853258951365,0.0,-0.02945595860901895,-0.005595556714805716,-0.04312293565357439,-0.002998693514301154,0.011325106817993147,-0.010251184203586172,-0.015219344237493382,-0.03472999887488959,-0.024279467691470602,-0.02678566641383251,0.0014048375236566102,-0.009236429842630844,-0.016730557177335514,-0.0022686375859881647,-0.018865471367184306,-0.008810472020677418,-0.0013056328378751036,-0.04490559400375593,-0.02155166225450389,-0.00541269061618499,0.01933407708756918,-0.014740634123286633,-0.010327088210483781
2022-08-22,0.08391602654115271,-0.02302951353286431,-0.017661733422182913,-0.01772441935466984,-0.032412722347757605,-0.015785805969398603,-0.035087686558520126,-0.01576133891055298,-0.02307870077933627,-0.01717100731742094,-0.026531051443788867,-0.029380988640076544,0.015999974653382987,-0.017691250147876758,-0.005975103496174805,-0.029999971389770508,0.0017465763866248984,-0.012123081566837057,-0.01343000668097527,-0.028228124863680537,-0.016793983247068378,-0.019111221749575136,-0.01643453736656153,-0.015441459818813397,-0.025471711769058047,-0.016584114854675924,-0.011594191681209676,-0.01685907173647383,-0.011337391357347015,-0.018311786519937145,0.0,-0.014631947783216859,-0.01736969155981949,-0.019605688550143774,0.06783625994604958,-0.00602792256062723,-0.007547916591474801,-0.005934430976998195,-0.04390556025503556,0.01252523011774298,0.0010224283612076945,0.06367036730390208,-0.019441235040731808,-0.014029270996780974,-0.0156899490489133,-0.00999093901183723,-0.022359421035207383,-0.015603345812692626,0.138716485076527,-0.0048826631864159475,-0.013042052153865447,-0.016082108774243653,0.024781871837415537,-0.009874682024728632,-0.018653518640754707,-0.028784694704410474,0.011359475680664977,0.0004115074473991509,-0.02443930689304552,-0.03621127221296527,-0.024846340383031018,-0.021152017292461744,-0.03015825203960454,-0.004772706465287602,-0.03041193812904963,-0.026438395942921522,-0.040046804916802015,0.007856379202738628,-0.02858918792943499,-0.012584284280535374,-0.0017053241809400488,0.015180275818611921,-0.06666687691143758,-0.00043634968560501974,-0.02860955686998634,-0.03377395424304963,-0.030612130118590986,-0.0010537369599336044,-0.017880645239995663,-0.015072533330382276
2022-08-23,-0.025806382215847967,-0.0020288879992289566,0.0032361396761484418,-0.01979046254646799,-0.0037699104688380114,-0.009841981692399582,0.00629371688024194,0.0006026163030126153,-0.011009345298119255,-0.025287438291604514,0.018341472041863316,-0.0007206334639758838,-0.015748006941478154,-0.015595072043730562,-0.01746631121894293,-0.0025773785017727535,-0.006906813678630663,-0.010416407351061086,-0.01003668552035164,-0.012810791432379065,-0.0015527585861867532,0.00657276739621282,-0.011823197056335388,-0.018787679503234567,0.0,-0.008103349389427028,-0.02199414832725599,-0.0013537576215999492,-0.006538848570414757,-0.012387794571000033,-0.00689654492027858,-0.005419573609042994,-0.0008417805941929313,-0.004564737480321268,-0.06352683692299121,0.00477427340781178,0.004926338094226157,-0.018507583588958876,0.006511277792545567,-0.010374956741201147,-0.024760184111449313,0.049295761877997,-0.01816464216268987,-0.010380277415811712,-0.014500462641363954,-0.010531153087062983,-0.01740691714391429,-0.02199698834179664,0.03818180145366257,-0.010222144862728988,-0.006324862322166114,-0.02036428261969303,-0.02520460825955062,0.006904670286838277,-0.016529035867859143,-0.00548818196279488,0.02053136335248107,0.016660015961691865,-0.013860113960988185,-0.0047580133207099085,-0.00603476060201491,0.0007623621949259807,0.002303569409011663,-0.001826942895228889,6.175506622718707e-05,-0.004792354441140234,-0.002578603761311915,-0.011692582232987303,0.007037725903508818,-0.024232595447564398,-0.009868819630901915,0.03401881427538034,-0.007142834672109966,-0.006977612472033434,-0.01575356703846098,-0.0045590154753865075,-0.002456121370806974,-0.0019927144214003656,-0.0042357974884039695,-0.006081918201868541
2022-08-24,-0.01324495565699002,0.0017938020087202577,0.007168703124605047,0.009699086685068137,0.002594934573547869,8.183693054819585e-05,0.031966645390694604,0.004302239288851428,-0.00881239025965841,0.0024763813173847016,-0.015347519706520818,-0.0162278976968786,-0.02000002627393216,0.00337292463158545,0.0015007152650008404,-0.002583976940302213,-0.0008102851758244878,-0.00014429527167270084,-0.010351741103303058,-0.0003018190569871182,-0.007775949455833708,0.0025653007366042146,0.001483105393458306,0.0026637949408330197,0.014520790014380891,-0.012143944048187971,0.05472260373960425,-0.014911867387151334,0.0012150169506237596,-0.0028834146550872353,0.015624943085844833,0.002942415604438864,0.000842489785745304,0.001965237741959003,0.14561410743819936,0.0074482019771913155,0.003525880450292229,0.0004562125659357541,0.012938392314006064,0.001209734083711389,0.01196438508625497,0.026174520356210706,-0.015356547808042964,0.0005891845261123407,-0.0023586632126234575,-0.002106250288968714,0.0017475543027796192,0.0016538603343556613,0.037361574120318375,0.009088335933033154,0.008297374196421847,0.004512794092065731,-0.01816898839809611,-0.0057144767925925155,-0.007563018370984387,0.011037167120959479,0.015384651500092383,0.011935951026438518,0.0,-0.0077481243304549086,-0.008094917065698981,0.01803680958682441,0.003133453707486522,0.005490772900794916,0.0071619761931382975,-0.00882829144379893,-0.010646158999225275,0.014366197820476101,0.004447309372073827,0.0031273352819900513,-0.00785909288263198,0.0665218649680448,-0.016786439319055546,-0.010540058152572862,0.010438732801496542,0.007851454370185529,0.014069523530531258,-0.006459135725671694,0.007239087239711006,0.005724408567344685
2022-08-25,0.026845561372721427,0.014922603351259278,0.0,0.03744363674299178,0.047988749996194846,0.0048671230216932315,-0.011447816291377144,0.007368057946100626,0.00210539665356424,0.016468653133027145,0.007213649908308417,-0.016495586385187444,0.008163292019703006,0.019143351614635318,-0.00046120773317315233,0.015544088815740986,-0.0005409034491472564,0.0043265301150967606,-0.004278175747412849,0.010113119870226006,0.0,0.020004702290504772,0.008589998591010062,0.020259232933834248,0.0057251634261366036,0.0017880646704562242,0.011371702265989825,0.006422096331914595,0.0058660211153431785,0.013446987695798995,-0.015384560208191234,0.008801738178380925,0.005892086128321594,0.012749335232439485,-0.05053582196056494,-0.00701104381741724,-8.560051016182069e-05,0.014591953498771959,0.0114286184188781,-0.006846821572107031,0.013391032867135833,0.08502290346489394,0.0008595991163584671,0.011660944873383983,0.002476742072684779,0.0028882857846797005,0.012847087427813708,0.01419904462793542,0.012942880071606933,0.141238993144303,0.0076655060909707196,0.01443177780311733,-0.0167259124934388,0.0,0.005080435675670625,0.05349349992847663,0.030303011441068062,-0.004897899538838457,0.006372517484731555,0.011962140507237429,0.012785530502490872,0.010230406969806038,0.02405512268963328,-0.005688282040049675,0.026788549425549535,0.034817820727997884,0.010914466870343587,0.021660548711263772,0.018342818099688518,0.013386933046195093,0.017001671346324576,0.10372885929545106,0.007317168365054139,-0.000444000358139629,0.0429290394978199,0.03678875069198684,0.008744353808489702,-0.005555375779282001,0.006668143974728258,0.005495544788782336
2022-08-26,0.0032679345515487235,-0.03769925244655925,-0.010676263984470857,-0.04138319543620328,-0.06174109879767553,-0.020473726205971765,-0.03474115928335664,-0.013522799879527536,-0.004436082853940371,-0.018979426637612873,-0.05166886303708751,-0.017890419805825064,-0.06882593879719323,-0.027549666568901898,-0.016374372475401966,-0.020408204226431526,-0.021432844340645962,-0.012636470630390306,-0.025583056817759964,-0.018604144889470486,-0.00783713808754849,-0.03078657380455252,-0.020460074199876166,-0.013020894456379994,-0.012334044458556459,-0.05042388078807114,-0.08573431852428315,-0.016864228512553647,-0.009350647147792546,-0.011699354696577902,0.0,-0.01335643138726228,-0.014225601064763782,-0.034000510551395524,0.004838764235101989,-0.02028205168090036,-0.020097766445613452,-0.014531948052470933,-0.034563141682632526,-0.01905895978626848,-0.023457162982266966,-0.012055500970459931,-0.01938645707139941,-0.014320509194770792,-0.027403360837218838,-0.011188524132331734,-0.04619482856601631,-0.015085745399204264,-0.0166663898992353,0.03401892397840811,-0.014878673087484029,-0.04603413992371086,0.004343040767328166,0.0007662209386893881,-0.010951937474891316,-0.06476690805040053,0.006221667566400191,-0.03304889394364374,-0.010062316035519103,-0.03447707239175635,-0.019876319462398984,-0.01926628668983099,-0.047183246285148916,-0.009839823745276699,-0.0410746116733155,-0.0469484256121,-0.03877737737226805,-0.024191174285452588,0.009937878485783314,-0.012486194739092515,-0.01595762111306731,0.03286244308938335,0.0048425590665659435,-0.009325150501918067,-0.046444940137946644,-0.050511512536524306,-0.025312007285681504,-0.012837616202769131,-0.03142721211867705,-0.018543821800185878
2022-08-29,-0.04560254191714186,-0.013690127226129833,0.010071888424448616,0.007884910890761487,-0.029502110467239717,-0.005277189536610605,0.012702914905195817,0.003190082057832333,-0.010553484352200049,-0.0012973657732523458,-0.006069075518414513,0.007969586548409069,-0.008695680659495886,-0.0026786340538436093,0.00023455089567847587,0.0,0.002694262294241634,0.009889387151668982,0.002649805551519391,-0.0046440635113205175,-0.042653949417263415,0.004941014074265837,0.002698522567206485,-0.006761202438543723,-0.010566666910778344,-0.04440796859399998,-0.008455081354062144,-0.0041724784206188525,0.006901429293501904,0.00548604223973892,-0.017361176648623022,0.0031658959336158254,-0.0025468741794403282,-0.0017819098754751073,-0.03156808701340841,0.01179230714583479,-0.0034111335682688315,0.0018242954970557612,-0.022375149635660563,-0.001653624849783708,-0.017144354395641326,-0.03721779618018217,-0.004379201401676358,-0.008977301585848307,-0.00842956167876785,-0.018709533621668717,-0.008373000841847111,-0.0034160107070588808,0.0005648669135389639,-0.004914574442271724,-0.007017833601121626,-0.007315614603727316,-0.011171116015076366,0.001148616983043249,0.000851755211856986,-0.009418024833923622,0.06351885013741487,-0.01028455574377607,-0.018489274036333492,-0.0044210530549069205,-0.007262228129907733,0.004029821748208429,-0.004802637513221852,0.009013158898140583,-0.012015907744854504,-0.03694567145931704,-0.008543090316080026,0.007520850818817815,-0.027060303066666958,-0.010628500685743836,-0.0007721473314035165,-0.044603019678034816,0.0120479952926833,-0.009412634536824838,-0.002308382937843967,-0.01604746527866374,-0.02276787981437689,-0.024322387920302835,0.009726375875503068,0.0
2022-08-30,0.047781499762945545,-0.015305278003270972,0.027421760906312986,0.007431982113822677,-0.017516052206821175,-0.001086288137359448,-0.020209056037901352,-0.016586506926266287,-0.021332096652623145,-0.015001262993434739,0.01614685222412815,-0.0022589889169841726,-0.017543832891409594,-0.022724654692196755,-0.0070323583813627355,-0.010416656965389626,0.003789969410778582,-0.01915313347983727,-0.014585581089232469,-0.02608249012220376,-0.016501611750123546,-0.01077046788152436,-0.015249659709430818,-0.024904607915016697,-0.004854298891471265,0.0036882599614533884,0.05581397583877146,-0.00232792819157146,-0.009172410394548192,-0.011916943359714938,0.0035335656299810836,-0.012188801247572822,-0.003404184568989721,-0.02041978267762201,-0.005524683187348223,-0.0031077208054417493,-0.00737188822259216,-0.02291364044630928,-0.009507121621449288,-0.016356091687919183,-0.010027377572656815,-0.03168567860969507,-0.01973115676508108,-0.004886562735347044,-0.012810115633640207,-0.008105770455047678,-0.009271507210059649,-0.02134010905083361,-0.06355876425914009,-0.017083238425390723,-0.015168989384282572,-0.01814061623363361,-0.01093307929596432,0.0,-0.01446790831597844,-0.05536940478611008,0.0036997725133880444,-0.013540506476538261,-0.005995637178948798,-0.013834288115259996,-0.024982808642258658,-0.018562699208562017,-0.018873847338120364,-0.00710035213867255,0.013170053197017362,-0.026428001993106465,-0.021947981889991364,-0.013547171121905066,-0.006321076468043585,-0.023522898437373763,-0.01081888150309085,-0.1753295450811556,0.019047869832254483,-0.002714850147506942,-0.02845904692501311,-0.03127794908496295,-0.05897324548386251,-0.02344818834728757,-0.0030101634460976134,-0.01690522261798566
2022-08-31,-0.026058560899776317,-0.010635119788628633,-0.0034661453563700206,0.005047605216515372,-0.023809519630728193,0.004934841197916873,-0.012091043472286067,-0.00917584056864329,-0.01598449157110693,-0.005036704284968163,-0.05608217803921911,-0.030188727486236133,0.06696428956454636,0.0008454534851691786,-0.011921682795425714,-0.0026315764707210976,-0.00913031353256144,-0.008368935063158722,-0.028947437498359374,-0.00808919697970678,-0.010067054671069053,0.0016569643570996107,-0.006578914139344305,-0.0034055189754400583,-0.021463498861849062,-0.026457570417237397,0.008810564358837869,-0.00933278346437505,-0.005697049500489215,-0.015257140586102058,0.021126825004031735,-0.011897836633406933,0.0,-0.010707160099149626,-0.0283333493439486,-0.0023384013249102553,-0.006807922761441376,-0.0013975621934415594,-0.04656942073643844,0.009050701802453487,-0.018922377816554814,0.03272251366085421,-0.00737217026975967,0.012336450315227898,-0.008257709269724467,-0.0174953763842568,-0.006851610178930989,0.0029375973809722122,0.01594144712389345,-0.0036059467329723205,-0.0074680469215625545,-0.015300243074788833,0.016580786587283125,-0.005736247849692511,-0.006045064329182059,-0.017761725719734,-0.010426518120997819,-0.022132398299031908,-0.011883450420730357,-0.018531407662229493,-0.010617224861202423,-0.0051120890877260905,-0.011804669487833097,-0.00807378284753657,-0.002736415624240429,-0.02189143581236308,-0.011466054863586983,0.004204131640574316,0.00254452679221151,-0.011949849641092358,-0.003124970885145184,0.031702211958384297,0.01401887271158575,-0.002722438302089625,-0.0033341543056912837,-0.02536898066661597,-0.009671220481438758,-0.017945261715934135,0.0005283983707340401,-0.0056645354481762444
2022-09-01,-0.00668896514470152,0.004706763646621814,-0.01530435520041551,-0.030519641048559087,-0.029928135187077487,0.021639468413189755,0.0,0.012347804037545762,0.015505714769350476,0.009762645931808311,0.016409572977046816,-0.027237408715100275,-0.04602513402704689,0.0014784797271245598,0.013737900559629646,-0.005277039875413392,0.010808048304972395,0.00829140296972497,4.2142869195682664e-05,0.006017363272098342,0.0016948751846452836,-0.018903647816073343,0.01813540781007883,0.01281412383131797,-0.009970042247963828,-0.03296430090492031,-0.05604072175517172,-0.00612284030107435,0.01739320729062177,0.0073777963270091895,-0.017241444513996895,0.013156252591756123,-0.023911263657953152,-0.0010362469720736067,-0.0011434972290441658,0.004687188688741184,0.012863402725957984,0.005443223511643058,-0.013422811589677064,0.01397584179112532,0.026225718100025386,-0.038656506146999114,0.013373513967766204,0.002366519340845974,0.008564481989358885,0.02096997694230618,-0.010600880850084593,0.00653385797153283,-0.05491838018136863,0.005102331243105995,0.014108082967773328,-0.008062191391622342,-0.014135531675082191,0.002711047023939317,0.0008689758686153404,-0.01205556662138596,-0.01042992483065075,-0.031120761129857066,0.007288892675850311,-0.026292534178800064,-0.0007154149541791499,0.020038758462792128,-0.03373510677377545,-0.010465134021847788,0.02806517863958602,-0.012544780252643273,0.016238603870897705,-0.005861068550551574,0.010152274434545472,0.020349334679597986,-0.003918600281152873,-0.06706488461964222,-0.020737591413014567,-0.00272977109586392,-0.011708578276593884,-0.006388919540009308,-0.017187478658945765,0.01827317868990641,0.014560617882481974,0.011800462954549396
2022-09-02,0.0,-0.01361095561594472,-0.025432662818598684,-0.006973470486106748,-0.025385690766459024,-0.012749342641496408,-0.010079218132637124,-0.0020038757010013564,-0.014541692485899205,-0.01098105276260497,-0.009881738493507375,0.039199984604911586,0.09210527096222765,-0.008647094940532174,-0.00801317219396891,-0.007957552133036838,-0.02090461486108197,-0.014096968063880166,-0.01857263751952487,-0.00023606236043416384,-0.0016920074432175136,-0.005057824597138771,-0.0049033809928520355,-0.014170069411320818,0.011077538101996298,0.015092324011231062,0.02004620430644599,-0.022275058121241087,-0.009654012056002803,-0.004540696940972033,-0.01403507480404087,-0.014526275584823778,-0.008865223669816125,-0.011180379338954327,-0.006868897496666304,-0.005702263332572621,-0.015424461840810921,-0.00850747812088093,-0.007558514446347364,-0.0037031999541424776,-0.025232187547789553,0.07382998243906513,-0.010121830866735237,-0.011803601341283776,-0.020521060229386934,-0.010556311704001176,-0.01649645573992553,-0.001566919271763112,0.015325543360576788,-0.0068474533725612075,-0.01333189052397521,-0.008866602125095713,-0.004779453251408383,-0.004248674637088445,-0.010416955448282028,-0.014643021060701589,0.00010749092788886472,0.015835665447172742,-0.013024618200902838,0.0,-0.011884300407764448,0.01158534274449119,-0.007211562601768362,-0.011985859710404001,-0.001455913273060383,-0.019056445377822473,-0.025762200362807186,-0.008702931575115702,0.017587982745204123,-0.011100699002648096,-0.010031461514140805,-0.09593523975065854,-0.004705828438361315,-0.0004562568808725853,-0.02635394110620315,-0.008097252004154343,-0.024244839468006263,-0.008846136856727527,-0.011005473082723038,-0.01146191125069096
2022-09-06,0.003367045929912882,-0.008215395085075183,-0.003987008971139572,-0.041532899046685445,-0.01894312915669616,-0.0006189895976588256,0.003636377507989952,-0.002968167363622931,-0.009099815612172657,-0.00543095781369296,0.0033736398076631424,-0.016935906187412697,0.0,-0.008934877998691193,-0.04692320760533819,-0.005347588469389097,-0.0009800549439369366,0.0034258744242057215,-0.029449790050037117,-0.005982913305326298,-0.023728791924789383,-0.005083536231732078,-0.007140002112973609,-0.009753651503307315,-0.03984073433294888,-0.05331961306979294,-0.040060449834422474,-0.004847438798790016,-0.007412738929771123,-0.03075330211856908,0.00533811573296239,-0.004466687639468558,-0.01610015371517992,-0.0018650609246783079,-0.03342936366919336,-0.018508795958120272,-0.005802453997442725,-0.008424161549038911,-0.02361016071714972,0.0018585674196034407,0.01821931115306996,-0.014119179659819903,-0.0038829232059729435,-0.009555652928846081,-0.010235112048862849,0.0022032207795503744,0.007349165236970379,-0.017374621668539647,-0.00880507475338721,0.007191918899467353,0.026553796016816733,-0.011778732605340458,-0.011451961031439972,-0.0011636205187971482,-0.015789258635657832,-0.04024760016048279,-0.02398102783920919,0.011387481490209295,-0.0016494399879946053,-0.0072490308747132914,-0.0040573202901772465,-0.0033610832635709853,-0.010838254373166323,-0.012369182836330816,-0.006196940812166152,-0.027751908476300047,-0.013054567008611295,-0.014160405310243651,0.017901172501308737,-0.024162805781683727,-0.021061113733728654,-0.010843072434228773,-0.042553222257610046,-0.008671942943745847,-0.01862427390935617,-0.01632652291312431,-0.01588591591933164,0.01364272424400137,-0.004962319604551291,-0.0020341100733655137
2022-09-07,0.003355664089114363,0.009254109917364417,-0.0200145474831408,0.021142941424633355,0.011305886380174046,0.010610250745887173,0.02318838336241935,0.030032541493007603,0.014643790687290048,0.01674555644323239,0.02605773476965023,0.009005409901673422,-0.024096387411725817,0.03606289499517312,0.016328073984998248,-0.01075267783478251,0.02578668168865228,0.03488192677043056,0.012969450994983811,0.020274218787646126,0.0,0.013138714698888831,0.01975073645724268,0.016070595721552783,0.0352697438119256,-0.008935874040825187,-0.009448810028448773,0.01558662739938721,0.0356011448171909,0.03279180386480207,-0.01238941070439481,0.029949531701039644,0.00090907827219322,0.023239716094070495,0.008944314594796055,0.013014247238982923,0.024691384917179038,0.01746366353398421,0.023790815043643887,0.02679308472052444,0.015579272475517048,-0.013698587837504772,0.01832111332955355,0.022792930260531197,0.03406324775978131,0.00520704212496681,0.02592042916987336,0.014031232138682181,-0.01015225071494541,0.022601056512595585,0.03284877574006306,0.0016596996378193118,-0.01345264191446971,-0.008932178329393192,0.0008912304282282513,-0.022580786181215506,0.013662382487698688,0.03038916347197529,0.016339183643059307,0.023001134799343292,0.019351061647992385,0.02123413656371098,0.012472300465196984,-0.02239885103377648,0.04407655458081461,-0.00475745051240084,0.02374104666004717,0.01378916073575187,0.02668287084080312,0.01306269615456368,0.0022326610836123084,0.08930171955889876,0.03950614225898952,0.0032230069034631104,0.0010121962513209848,0.011715869504018483,0.02028134235476009,0.016100502852469445,0.02569137509957975,-0.005095727389038185
2022-09-08,-0.02006689543410456,-0.00961782699362157,0.04344597685470153,0.0034850756026407748,0.03981909489563695,0.00269611448870255,-0.008498575533404162,0.002634998318785886,-0.003179966257000011,0.003938504620719874,0.019934564316970604,0.008925114078387697,-0.03292176031538896,-0.00041460240367241497,-0.008584803962952914,0.0027173886635465383,-0.004030596687155663,-0.0030120399002292464,-0.0034740794746467296,-0.010867107614942917,-0.001736162103916139,0.004803018929037117,0.015693429133613046,-0.00425176037594599,-0.008016090778570573,-0.010109260855471924,0.03259140301261021,-0.011990179825998148,-0.005630701103998992,0.007349666583119641,-0.035842260214997146,-0.004356260492283992,-0.014532242866644451,0.0010269599089400838,-0.03368767856112764,-0.008521103610928948,-0.012135839952581384,-0.006339690664914244,0.003047922500645006,-0.029305604323996648,0.012515935806466372,-0.006313155335000986,-0.010718385486701898,-0.0007073164536892662,-0.06705899217035405,0.0063311630020910226,0.0006694819308457056,-0.0056249687733043174,-0.00641060595100984,-0.013392074500869433,0.00033253305702540814,-0.014309323300684462,0.003408847114720004,0.018025194148668655,-0.00890457377356002,0.03432354729329745,-0.02097826418669324,0.0019094564180102136,0.008580148118981112,0.014989295839842542,-0.006708672187563325,0.008194604076612544,-0.011282401734843961,-0.005420084254153412,0.006498999200287514,-0.01625230251403409,0.0014906273543167092,-0.015585211745945404,0.01653861631717013,-0.012509491668077133,-0.0040502343023659515,0.010733825178647072,-0.002375444073554167,-0.005506947267310935,0.0010110744307691988,0.023160517127350344,-0.017849975411626584,-0.032062448755264206,0.005083018620641422,-0.0030733937925343513
2022-09-09,0.03412961860180297,0.01883963333559535,0.00035591657623057493,0.01593460198446861,0.03225414602945209,0.009126227439367529,0.0,0.0011869810396176739,0.009325247471422937,0.0032096285128391244,0.020615816300618928,0.008846083982787745,-0.017021249659244564,0.006218371325254379,0.00890643532308144,-0.016260146842582146,0.016186854280714202,0.004891371949780732,0.007323087233169767,0.0022756768364202706,0.005217452580414728,0.01744750163461739,-0.001075894710428349,0.00222035017057709,0.07373756484964367,0.00910852429545228,-0.01462660382841141,0.009708687804213856,0.0018873574584223896,0.008317587910184665,0.022304810967750832,0.002296850129110961,0.01566818939977188,0.01048916653540033,0.007951040332411896,0.0037024835374033227,0.0034150193921187455,0.00715832879966416,0.031522713621286114,0.07402830335265853,0.0069730871767728075,0.03430755548791109,0.009028921176908788,0.014985273707251778,0.007440382199623619,-0.0009151009944599053,0.025248632139809102,-0.00011305201835076772,0.04387113538117271,0.014102695654567787,-0.00409891333674095,0.01589236478634959,0.0033977279800305737,-0.006543694378349896,0.003593748170987121,0.03509877378863191,-0.0007771699240745056,0.01704820291468523,0.010835416184365565,0.02795358865559483,0.020100213967290115,-0.003639511858471778,0.021541538225517964,-0.021550630540087212,0.010180417830056854,0.02915451922372969,0.014389807135410937,0.012089803694354417,0.011040124588329592,0.001169434932341895,0.016266821648495133,0.0394266119428639,-0.01904740377231251,0.0050761222306507925,0.03131322040197437,0.03277512086098078,-0.0024781264009805515,0.026090620881333182,0.003005437389506982,-0.01746803744726777
2022-09-12,-0.02640248691174163,0.03850811520876851,-0.03308440365841414,-0.0072391034318392,-0.009479199385862724,-0.04065585229162383,-0.0007143020629882812,0.01143201674765626,0.014830910446889778,0.021922237911332854,0.02072382981119314,0.014487231248895283,-0.004329060083888225,0.01277185357559274,0.008459851370071547,0.0027548182225876072,-0.0006751604124581867,0.005440062884010111,0.013277167269547974,0.020905113175619272,0.005190280304131267,0.017383015753766662,0.008712846067824742,0.01959792551371531,0.059266075984048205,0.02188181638431197,-0.011718794528859933,0.01153879637727595,0.01061004222167794,0.02923295190157882,-0.009090943769975102,0.009931314845434525,-0.005444671097665665,0.004625942702127572,0.0182036694805241,0.0031617008097728494,0.004110521134123468,0.017150721662154034,0.027245968134339327,-0.026954063671541406,-0.007806048294267232,-0.015356264708580425,0.007413649272415723,0.007440160857268063,0.01902611653578523,0.009388841275794313,0.006605209196217432,0.012333089833008515,0.01977751237395453,-0.012110139394174158,0.010122516740606047,0.011883200714392972,-0.001881200652891768,-0.004261677708990774,0.0017904396961103686,-0.03822438731745692,0.016000027126736205,0.000936686638858486,0.009745054406743447,0.011800899817061561,0.020059872846182714,0.00267868951336081,0.012766317628568391,0.02025314524203914,0.001151954952811396,0.01983003761761193,0.03244741393656003,0.009954446292055774,-0.006896490489400442,0.008759851002096974,0.020208005151926,0.026692263182656273,0.04126183869056965,-0.0078055228575094615,0.0031831932728292323,-0.012100485234491809,0.014492714551217034,-0.013710767983367789,0.008988510129818827,0.01024900830754727
2022-09-13,0.040677807157533774,-0.05867952306555868,-0.031272873514578636,-0.04172569583069885,-0.08991021579901237,-0.045282166564102666,-0.01715509471369936,-0.0249498134934788,-0.023718238047021223,-0.0008120278856192931,-0.05307112990986018,0.019541493894088324,0.03913043697380747,-0.03691655267019167,-0.041823563123245866,-0.010989065691980104,-0.02742124822341141,-0.031183148361062507,-0.06626705279451861,-0.03060047751892503,-0.018932700588059515,-0.018702062889935034,-0.02513601773381524,-0.0068528755771476435,-0.068383550889895,-0.053800912831718395,-0.012648209663005394,-0.033745449883070155,-0.03041614992595676,-0.031214653113355695,-0.005504538352495203,-0.03133757361183109,-0.005474578925398599,-0.03762344948723029,0.0011921296598060849,-0.023637729351657644,-0.018839505825508196,-0.010481540772268039,-0.046595105328243513,-0.02315028601432445,-0.0277266197338224,0.06300687371294122,-0.036289611743578476,-0.014885953726181955,-0.02370711166259354,-0.021324892648030724,-0.01968566455494014,-0.014865264608935225,-0.007878727939582775,-0.013549269196327374,-0.0214735004678841,-0.05589411291625046,-0.018092841766972234,-0.007782229892822068,-0.04110816283066798,-0.025641065111092987,-0.014435691815188445,-0.028812039391079236,-0.025179952628281765,-0.09398244401,-0.03570433421879249,-0.012750351886482214,-0.047945861245550336,-0.022332449831760526,-0.043773628998239444,-0.03425911338179799,-0.05590643160826991,-0.01717809598445319,-0.04108801872733714,-0.014473245750413533,-0.03902741089620776,-0.08160227573432122,0.12121235626673776,-0.01943556704434446,-0.05418617078387111,-0.09128711099116016,-0.026938594249056647,-0.025780373258725398,-0.02064176509441129,-0.02857146396467547
2022-09-14,-0.0488598318583473,0.009555342451925464,-0.008355607598307113,-0.0019023493970706795,0.005452397450357971,0.00555391268713068,0.0,0.004894313919961979,-0.00024541883905415673,0.037136137176494,-0.0018998979285380635,-0.032436331297805654,-0.03765690579496872,-0.004751889740159165,-0.01611474507960131,-0.008333325606805109,-0.01645853282477705,0.009553443936012096,0.01900180673397034,0.014420136387850224,-0.00877209305960791,0.004941014074265837,0.0059733667173214045,0.03281733427498623,0.0,-0.028288544361100176,0.035228225950417746,-0.0019672987646549567,0.01163716807222026,0.008562947284764366,0.0,0.01171309295550782,-0.011009124884306165,-0.009452750506471541,-0.03571436100393166,0.0009414669063199099,-0.005159525617289384,0.028554075800462098,-0.013909469695945087,-0.008709720672779198,0.010212590051517756,0.016431852362269073,0.0023701117530705584,0.003982567272069026,-0.0008806902245797055,0.01588973618168721,-0.0076028075162704045,0.04209214463664712,0.0629202327059819,0.01438933219359706,0.000225068326344946,0.01889461851048524,-0.02072929722523431,-0.01803899439729284,0.01957149281227788,-0.048684119152191174,0.0014424905620955553,0.002356044631499854,-0.005400087499787931,-0.01641785967294096,0.011136860722553266,0.012300183973019463,-0.004847139849499249,-0.01015232259867238,-0.005173268295632916,-0.030680865837185656,0.01639330301465458,0.00028648405806674937,-0.0090524816712656,-0.0037201952824034157,0.012244935285943725,-0.03833149235909661,-0.02910589944742692,-0.004247056298169016,-0.032257944719191745,-0.02517814322666434,-0.013842540182440355,-0.02581396317261475,-0.0022185762984600066,0.0021314022221963214
2022-09-15,0.034246499443441714,-0.01893000411952217,0.003446997831113796,-0.009529876139481197,-0.010200042830998957,-0.00201648387492126,0.02836366133256396,-0.024865238948968305,-0.012763909515718708,-0.028085660757566022,-0.01536369395161763,0.02857140238930822,0.08260867227938795,-0.021114027238891997,-0.006448243167543111,0.008403353487606458,-0.008048866861198323,-0.029844444720435237,-0.02867119137375007,-0.00955517055841848,0.010619405562224848,0.0016389370077101173,0.012468830954937005,-0.0306339470065069,0.011439410909435566,0.004075784878161848,0.013147724074368039,-0.01232166742131835,-0.023306832817727385,-0.01712457024848546,0.0,-0.02756620050329006,-0.008348679074001164,-0.005301674226644293,-0.03148137026688602,0.008734071829563872,-0.009605521413002971,-0.02164209316043242,0.004956123570888815,-0.021659040746049296,-0.00045208685380293545,-0.047921474499453165,-0.015762553702871718,-0.0059502016180085215,-0.011333755718014205,-0.0023002971481209666,-0.0043301143051034385,-0.022536693121799733,-0.014368331763390918,-0.014419602639951457,-0.03229060607100365,0.00911764690086736,0.006663915135228571,0.0003991360825963408,0.005484454722000542,0.02213000334520876,-0.018282565383699767,-0.020087557610751428,-0.011130155169118305,-0.014795193018467434,-0.01544853639112076,-0.011300202060281372,-0.010928734460384337,0.020769265981820828,-0.00223737329419027,-0.01978252069190456,0.0037854139937407716,-0.014608995106686451,-0.01157128703866006,-0.02928471686867018,-0.007459525024060221,-0.025774484531778774,0.006423751302260472,-0.00047388491472544203,0.025599823765646512,-0.014609831898169334,-0.012760274699717078,-0.022769668274005395,-0.010747197715429535,-0.028498772233052527
2022-09-16,-0.009933737189935732,-0.010959822206603853,0.004961910522680135,0.06221936752042634,-0.001956711697276514,0.015286044072044147,-0.027581353172096756,-0.0009639591253339796,0.014420737581380738,-0.012318593068305184,0.002899665641448834,0.01481480161600901,0.024096387411725928,0.010296983209212796,-0.006490092864513408,-0.02222220161814692,0.009110757102809286,0.0030011527237698843,0.0049969083417023,0.01399672440293842,-0.014010641753244957,-0.003740167034883557,-0.0024433905916541043,-0.020507692781070674,-0.0018850051365821852,-0.05508847298969943,-0.00916036914038132,0.00948106268363702,-0.0023556492651400918,-0.011420348362177535,0.04243542727600014,0.006916948363508979,-0.025257209915692136,-0.010541185436328093,-0.006373543758578348,0.002397898163084111,0.0012295338307692916,-0.021815248379545626,0.014415712520662316,-0.012531398658843118,-0.0018740826620980977,-0.06367496696839947,0.013479248207984629,-0.01255859262398995,0.00802467314180233,0.01118137678947173,-0.016642859363099283,-0.007908283007868278,-0.03964996189560599,-0.0007733629558559496,-0.014184385353912199,0.014548177466370715,0.016744740269820646,0.031137935077597767,0.005454434732461877,-0.040595424519318524,-0.005417559094871405,0.01690121650237919,-0.007046185277536199,0.04139394652916528,0.006247291134552135,-0.001720705937944711,-0.009608576548085002,-0.007284624604959378,-0.005575303952184307,-0.009081629643660105,-0.013608817433167553,-0.011918582213323092,-0.012322788738862944,0.007896390543141951,0.005484300194819269,-0.05305766427593561,0.02127677075450607,0.030346112394340263,0.013780709433846239,-0.014561806842031566,-0.012063814499267966,0.0014987625217446343,-0.0020975586628511067,-0.002407905587123116
2022-09-19,0.016722288947664588,0.025082690130624474,0.002658510916448087,0.006239963192164355,0.003398176703393707,-0.0016442055566339153,0.01745452880859366,0.010613197910282146,0.0004904586979368464,0.006294587825815379,0.030941007125342868,-0.024087599357835665,-0.06666669697108818,0.021456825067276863,0.0006531761496086919,-0.002840906397000853,0.008182097933477017,0.005385872671425096,0.007585594525840289,0.007720367824122221,-0.015985603847313956,0.0072736200086060965,0.0004898922305716091,-0.0020592007997689565,-0.002832802074733465,0.03099104991728585,0.02080126866608145,0.05239754513301298,0.010881878280883939,0.012588698506906137,-0.04070796729049064,0.008220786787620726,-0.005758289850014586,0.025975640222553498,-0.008980210303278446,0.007707764124269767,0.013552319648109101,0.013100410083676906,0.02318634565522415,0.0035955223097268174,-0.012302374724777354,0.04080311732918318,0.005398924319295784,0.02329714533496996,-0.003538105665497282,-0.012311683231010617,0.011736722012105405,-0.014482896361358022,-0.06375246399607393,0.003214212031523278,0.024177056848677436,0.0043774458755068135,-0.028724474889316398,-0.012776044102720707,0.015370725037622268,0.0126940538205087,0.017362672850758765,0.004932691732407957,0.012717752107759495,0.004252163830421596,0.019347399184168612,0.0067709748988020735,0.017220492579953506,0.0718623512067793,0.0040830410330989775,0.0183297230434718,0.03557190892443107,0.019417445136441946,0.0,0.02410600931701712,0.003636549822504165,-0.022900842807851096,-0.0020833603077602403,-0.022089411470325726,0.021800226717649585,-0.016120472670735686,-0.00828643756798797,0.012517000739724171,0.008559010088691865,0.005705440547773222
2022-09-20,0.016447415728200854,0.015665712879504357,0.03522721709463639,0.019003739074715753,-0.019799357946223006,-0.013216922920836316,0.024303084928550822,-0.014841390905961371,-0.01028935666970976,-0.011467780531092542,-0.04123299079310838,0.0,-0.004201572896936678,-0.01186836765332866,-0.019715495856046705,0.03988606988164056,-0.011404025351751224,-0.006696275551786535,-0.009915509599777605,-0.0039465583721256525,0.0018050114700318698,-0.00326107643263851,-0.007541126382179075,-0.005847139998382711,0.00568169927897233,-0.04315467303842235,0.015849059482790473,-0.021136888102020523,-0.01117084868013496,-0.00965306407651434,0.0,-0.010276103884276244,-0.006756770487022057,-0.004200488143890624,-0.012297726031108236,-0.005538901254712125,-0.0017947713124870646,-0.01831912274353975,0.0007308475982448215,-0.011169583429612828,-0.01101319908848053,-0.024268786375524765,-0.013752750706730654,0.0017425686120988715,-0.01902130147348824,-0.0073869368810930425,-0.011348352522328908,-0.016746590352679225,-0.02788581841817095,-0.013705027266215697,-0.013242657953282833,0.006612596248992908,0.03312285472958032,-0.003529445344367832,-0.003561952710647631,-0.0793871926040366,-0.017066355306811887,-0.011523853653275906,-0.011557077968006535,-0.009572909806426555,-0.015722501083487606,-0.016385414352301564,-0.010371565266462435,0.03800756815754447,-0.02870830344637354,-0.030999791554755518,-0.022471866734664947,-0.002597474685617107,-0.016219601855565813,-0.014319303442655418,-0.005837608401019656,-0.09062506595326758,0.0,0.001411824718865251,-0.038905349979845405,-0.029492100371039665,-0.015831205072704413,0.001343683701257925,-0.005806462508243904,0.0015271865218167147
2022-09-21,0.0,-0.02026782665498761,0.03805350185366496,0.001177883292277082,-0.01023251352912169,-0.014272552864055599,-0.008374032533005615,-0.007752530525075962,-0.006435720552595003,-0.0070306189580089384,-0.01325422437684165,-0.007479350093946402,-0.029535919322270843,-0.003401364505326465,-0.005194314025983471,-0.0438356388082729,0.0047418329556525585,-0.012734087662396809,-0.00788192846602731,-0.010022789097769103,0.0,-0.0018695561455569498,-0.015492307753445234,-0.015395103635281182,-0.014124181612639397,-0.03359259035136741,-0.004457683465575957,0.026391651439249486,-0.011605379783257819,-0.022153672769310795,0.0,-0.008802636422047039,-0.002915411711588378,-0.011013351786057113,0.0157274130769689,0.05715449231363268,0.004225262180823641,-0.014740060690842549,-0.02520103997673362,-0.035166177049364644,-0.017399600941187088,-0.04464290493083667,-0.005577416325615259,-0.00568192730822914,-0.0007752258669472267,-0.01709320742132714,-0.013094144355594417,-0.014366764624045625,-0.01734469062583288,-0.0024064188248741347,-0.020072318863661787,-0.008360745356245869,-0.00725176231912017,0.0035419464507784326,0.00983033380457976,-0.003025746566557186,0.03268267321439322,-0.0028067170883382397,-0.013901691939704808,0.0013011095876744871,-0.012519568530670822,-0.022252585661650004,0.003372794102729504,-0.02797360718873909,-0.006248692989605065,-0.01754376359827825,-0.009359598712981088,0.012442138689985782,0.0,-0.021691691088418508,-0.0044541811128945286,-0.054982716364826656,-0.006263027114788211,-0.01268789430214845,0.005484302109554751,-0.021384296305170247,0.009383635974961058,-0.01355339898813912,0.009135111953398667,-0.012853889071694269
2022-09-22,0.006472494237616866,-0.006375133564533675,-0.026788990825688086,-0.0011764975155100776,-0.06686362959823888,0.014657093764391504,0.007741003264035928,0.006214940511365841,0.004733481276770979,-0.004956366604641049,-0.020148775432588972,-0.00715904378003307,-0.09565215127065707,-0.010452345411257835,0.0068280150424744335,-0.0171919606348383,-0.004860312213161411,-0.0018208989384259633,-0.014323873780492602,0.006121630577496706,-0.016216311258381966,-0.016857883528732853,0.0006014342460556321,-0.0005270280452965848,-0.012416413892137879,-0.01673641657132996,-0.02462686067913855,-0.0252456646612087,0.0018704710011259174,-0.006192270628179841,0.001844972675999479,0.0018218066087696272,-0.020467769313691986,-0.018244224781126528,0.0,0.01329665957555859,0.009444428717210407,-0.01050485601456308,-0.02585210183291553,0.005080516322790718,0.04853640124215586,-0.04272359206980947,0.006143075102999385,-0.005481081642739194,-0.00815017584412725,0.03525400264245304,-0.021366365695112077,-0.006230041987356438,0.005430918585170419,-0.0068740619925968804,-0.005120767072668175,-0.01189406617178801,-0.028835220694692243,-0.0007842089252473317,0.01769913039414739,-0.05159340531811352,-0.05956041943895951,-0.005412399621415931,-0.02679490862291678,-0.025060302596777162,0.011804006164127578,0.0011445491082380244,-0.0015606796381292254,-0.021525548608157696,-0.03816902390317489,-0.011554766061100508,-0.022874363028503986,0.0017148658630161684,-0.027266981147365144,0.004271856284090658,-0.0042707721687784694,-0.10654551297098136,-0.03361357237542684,0.0014278482986613827,-0.0587012509978464,-0.02760216828897777,-0.01726434994411319,-0.00707369567236571,-0.010239738445565805,-0.005517372389482023
2022-09-23,-0.0514468048808886,-0.01512393618043395,-0.046722092913018876,-0.06949346675038937,-0.02215828655435026,-0.003424680577213568,0.0335195884175985,-0.015882755145445904,0.027027100040387442,-0.012452783111752574,0.0030625523902756413,-0.010246730822497718,-0.01442307736961601,-0.00431115304934937,0.0002660531428981816,-0.011661796231637989,0.0021232529624277685,-0.007905129112958709,-0.019699761021644724,-0.018486830017951927,-0.027472658763338376,-0.021433565799265142,-0.01482511624627525,-0.007558560376313417,-0.002901386548814333,-0.026841234543451886,-0.009946451222366814,-0.009112428643143988,-0.009852656499186985,-0.014285663642333302,0.0,-0.005746996797898585,0.0009949008026348682,-0.01315299631814204,0.004516009019787104,-0.01993099537490972,-0.007005846688066253,-0.01833681178443125,-0.009230948334972733,-0.014065809427696085,0.0018977531709158946,-0.11854949729260245,-0.021369871529058004,-0.016533677056596585,-0.008347586569728338,-0.008342022233444712,-0.01936787057258227,-0.004140128720772518,-0.12559043916209434,-0.03260468048276444,-0.012209861007172806,-0.002133181395676975,-0.02018984666938084,-0.007849255069865335,-0.007826279101663225,0.003200029935548354,-0.013788271557942267,-0.04005232340849629,-0.006235621126403079,-0.005902539424772368,-0.021460443197112933,-0.025908365019846613,-0.007575970935308485,-0.057867005896817814,-0.0022881528469445023,-0.010626856504276638,-0.008312127503984468,-0.009129848423648612,-0.015645356501360674,-0.008101981009863812,-0.036560500652978556,-0.0439559738862606,-0.056521414892823696,-0.024714876335540814,-0.053531836297301516,0.0005915399446827507,-0.05630600784245576,-0.008631400154805458,-0.024964261134365118,-0.015978607426472058
2022-09-26,0.030508271638636897,0.002260369221856351,-0.08510637968282941,0.06919828425545727,-0.024426074971712564,-0.0004406589088493673,0.03040539212606541,-0.02116024246000825,-0.03380001052160875,-0.013930348357293565,-0.050305494363200975,-0.004984673658061212,0.01463414680116748,-0.001731978654093802,0.0005318589544331953,-0.014749318344424278,-0.010947534350996269,-0.026662619468175164,0.0002175307229645984,-0.008106222882993674,-0.011299170944680803,0.001459825302772888,-0.0062025676577386335,-0.015232108299520153,-0.007759513034186649,-0.08375377764741343,0.004636817740524268,0.010648460324683029,-0.024091560479764795,-0.026056159200687823,0.08655622134202012,-0.025561102991057183,-0.010934463379509873,-0.004035451240908539,0.01156082744439435,-0.006441975466152772,-0.0007146426353480395,-0.023922496467525867,-0.020962631353380834,0.0031207520825076163,-0.012714264462989844,0.020569562353284887,-0.013698522902591881,0.006199914933458617,-0.008812029547719091,-0.0069139230549353226,0.011939888590380976,-0.028863219321430433,-0.008494492061565606,0.017259850103521934,-0.016601885816439288,0.003512004034565974,-0.010505140537505286,0.004351108427716133,-0.02103406107465411,-0.07814998293188569,-0.07357818687442241,-0.019727796355712313,-0.007336501773880455,-0.02489943037457687,-0.018692931993025574,-0.02346799709412495,-0.003392696505615578,-0.011167574222484378,-0.025555324183796024,-0.0257787719406396,-0.005302728231149634,-0.007774281652469184,-0.007947075245154256,-0.0024503691713109177,-0.011872149663613607,0.10366112228655511,-0.02534583230396148,-0.017056475995706033,0.017200802499254708,-0.04255326478702026,0.010023791628155365,0.01326706463168903,0.009610937555941224,-0.019846646776550014
2022-09-27,-0.029605072058397797,0.006566098890193439,-0.008305674700615828,-0.005919479780072345,0.013122097694449941,-0.0038788174627691907,0.037377029168801146,-0.014655980395294477,-0.026736773519383528,-0.02387045996290893,0.001377995427076062,-0.01695563870116923,0.01923083174624396,0.007482196369594574,-0.02710594651605025,0.008982027593025244,-0.03177896740749786,-0.02786533676686942,-0.009332628221106032,-0.029244293616680905,0.0,0.008748721002859616,-0.0054224134124228884,-0.023021575890247115,0.006842634315163076,0.033773865052282304,0.02538460951585031,-0.011972889480209248,-0.025759323621324937,-0.028494501891784818,-0.006779654441774419,-0.025286670643600462,0.007035524952232697,-0.00945352520860765,-0.012179553189092918,-0.008771753267818205,-0.010501282753236363,-0.029377493637978147,-0.004361361947012421,-0.01577770861091421,0.011707308707328723,0.08992254537900424,-0.025715227767851734,-0.026069298264357554,-0.01207589202031878,-0.003945140075343745,-0.02288844367225029,-0.02323890511049498,0.04595023614086946,-0.04355871543712486,-0.00086278921242533,-0.01978092058197589,-0.00489996959936656,-0.01142156199931621,-0.028648170548619123,0.028546890624909782,-0.005883093363724723,0.0023133994812114533,-0.009627704217505584,0.02435674095822704,-0.026398701263069646,-0.016555181494350424,-0.00911859111105695,0.01257704543073479,-0.0016138304377149026,-0.007717683172143275,-0.01908847553875248,-0.019732895800095296,-0.002002652462478882,0.0026609340141952043,-0.0049343509682727715,-0.06055936405865192,0.01182036843815637,-0.0297473307540721,-0.012897627616841656,0.009876552287211071,-0.025519953467891154,-0.01036544710207088,-0.0027416384890691647,-0.016336855214127755
2022-09-28,-0.023728860391083795,-0.012651344714454504,-0.022194445528137652,0.03969829213175169,0.017716279199727847,0.02208064776429919,0.018331284520961333,0.01385139513870648,0.013350376102143846,0.02021206226361838,0.031035079539361243,0.0,0.014150851838705902,0.01937341893540201,0.010789259564155884,-0.01186942528527457,0.00501534489131239,0.010688428697642083,0.03233702890585399,0.008748726286983644,0.0,0.022163470710274247,0.009772705985763297,0.023564057631287882,-0.007767046869486927,-0.002840906397000853,0.01875468877951003,0.011148662605878101,0.0005508438654919789,-0.0009776601889288639,-0.0017065236610904755,0.008122337763060372,0.011975990296330563,0.031482319027759775,0.015574296231526175,0.010516817958394986,0.021993464706657972,0.023694460570083287,0.039824422181476304,0.026191092424571183,0.07483117093831493,0.11593165804550076,0.003387355447949103,0.026523776711330438,0.007925081965946879,0.01095039912332818,0.021517912794758454,0.013398612374113217,0.03871916005794085,0.007418311866456362,0.015910392761066428,0.022353350537883898,0.0,0.0,0.0396311554149289,-0.03195966118075322,-0.007461749723479905,0.07131282744388501,0.01580925399689881,0.0584851226810994,0.014789808290065265,0.008009592585165537,0.027116677544797962,0.011406863225265074,0.04984165482735081,0.03777788804921833,0.02857634997539238,0.02368250740683142,0.0120401543459705,0.02388747001850966,0.009055673792536911,-0.01909250760963821,0.053738326038435424,0.005110116800125297,0.031939791361705216,0.013141722012496748,0.004364362013771883,0.01832966652417145,0.01649468970155965,0.01777763426473089
2022-09-29,0.03472223115603579,-0.04911916585085874,0.01284809679004928,-0.0007636677111809709,-0.06173202432745595,-0.011126495673193237,-0.03414029608300928,-0.04034467321787227,-0.02280227025523751,-0.024825729832001597,-0.03499415416683116,0.0,0.08837206836506128,-0.00633490900416267,-0.014727660383461294,0.006006000415836432,-0.022897444478154116,-0.04294191597997776,-0.009598212751784851,-0.03354611642203065,0.0,-0.00707735837673773,-0.012021287896132327,-0.02553943069875897,-0.0596868427202617,-0.007122534312067663,0.0029455053076399285,-0.0220517260862646,-0.034794090327137095,-0.05197158713495453,-0.16923073286448964,-0.04304956024763262,-0.013806731546532669,-0.010814855516042887,-0.0019168497527596307,-0.013707201759134313,-0.011047466896082603,-0.007433774257692094,-0.029490450879991026,-0.016941775801593506,-0.013068989533561948,-0.0917781783871866,-0.039949101977674206,0.0015408658751350224,-0.020389201339837015,-0.0016131575353398597,-0.017331676688237763,-0.028172563761837632,-0.06335908926302536,-0.02631760853600984,-0.029136809514960227,-0.02125718550821898,0.0,0.005577541339713443,0.012411575865066249,-0.014769720657580199,0.0,0.0008616658053728354,0.005606585318673085,-0.03170289811254723,-0.028085837475917752,-0.03824907260769239,-0.015290909623426385,-0.00501255025791747,-0.026175639108307114,-0.024625534364460244,-0.026419011789617808,-0.02139955236634339,-0.03436883369666033,-0.057028937904084365,0.003632303408527493,-0.08329845416531712,-0.026607665353091003,-0.022369225000080317,-0.006471493527904548,-0.02926097623944235,0.00048286071511816075,-0.0184059653323444,-0.006460834983247565,-0.027120289572784673
2022-09-30,-0.04026854927558765,-0.030039209916103315,-0.02084226736933914,0.05750856539469029,-0.012160879119415102,-0.013178169175249943,0.02313622409825844,-0.026848880936302555,-0.039408510130440666,-0.022447907133772094,-0.02673624611239711,0.0003919556370339805,0.029914587424359373,-0.018276607813026313,-0.020296310637779147,-0.0029850718650553665,-0.03567653902417711,-0.02494546714013579,-0.01721039486254483,-0.023112104734710925,0.0,-0.01045385613750116,-0.016601176015183294,-0.027501015653843552,0.0020811555258319903,0.0104017548155253,-0.02716592427811859,-0.013235472164456974,-0.02167459601373445,-0.015315032170357346,0.04115222299809096,-0.02035686526135294,-0.005000262600211913,-0.007409841880141932,0.005121680534747375,-0.014155271722441132,-0.014879176360064972,-0.019574511398468664,-0.017364062062089958,-0.02081478061239317,-0.02018115623238792,0.0,-0.038388309426980904,-0.007573996813316941,-0.030472102809661172,-0.006001996294887624,-0.011577465484239213,-0.018436078765339925,-0.025482571311500224,-0.011705720387118257,-0.019507212058854417,0.009153075498467889,-0.006975811799937115,-0.017432782344775077,-0.024735190672710683,-0.0026455270025315114,0.034348690518042346,0.009685995222026289,-0.015860822779861228,-0.010851296964935586,-0.026397978624732366,-0.023246143793438034,-0.009462629744238504,0.016372738002272902,-0.022399425497560577,-0.01317214829421709,-0.009803749562085073,-0.01654854067164213,-0.014373719581231903,-0.017762752472272547,-0.01979991023914851,0.002283203239987097,-0.029612473647976145,0.005200240113907961,0.002548842160360776,0.011497898204022805,-0.018339502440778643,-0.017785683224856186,-0.019281489780644256,-0.022442813678577367
2022-10-03,-0.020979028226380758,0.030752415396782196,0.040399801504247046,-0.014995447863390465,0.04340277735967568,0.022360386860988513,0.019472328169394704,0.03102600249603049,0.03130871927942702,0.05157143703879319,0.0052098563661877595,0.006661499194323683,0.024896266225411745,0.029873206967213184,0.020437063227244368,0.011976108173510136,0.010826294075683363,0.027644201983738848,0.04194517428460531,0.03570497803270256,0.0,0.020648417614415493,0.025060334088829128,0.04820657228248937,-0.005192133386310527,-0.014199489437236035,0.028679253920069314,0.012916113476165725,0.022154792184092997,0.04984093386990174,-0.025691722512057313,0.030015266129196583,0.01608062718944936,0.029127180519471496,0.035031768861114365,0.024409380910823453,0.018551301711727808,0.05364592841532567,0.0036146490864066294,0.0,-0.0055666225926767066,0.06877189770079495,0.03123572701269728,0.024683917789679377,0.015995738866414477,0.01660476012770662,0.03815884944257775,0.05556978374897881,0.10697355241798423,0.03107516791238174,0.03545432549432359,0.02213659036819937,0.011983503996073397,0.018145421184819988,0.005434910883652,0.0,0.027568883008880052,0.028138881773434488,0.009767622675764365,0.05579725406728486,0.02839734505034519,0.01706113164043721,0.02657682881424339,0.06047094259424002,0.02291265582465618,0.05005555708152154,0.03164763796004255,0.015024157724625509,0.040277773546583795,0.0058126926509982635,0.015421377015635507,0.0022776162904252217,0.02816868402434003,0.005173450213233233,0.031638234840424495,0.04608295002635132,0.003933153462932104,0.02021352189436043,0.021819471271084634,0.0572741499108278
2022-10-04,0.0,0.025622903980718315,0.0,0.011005107650098322,0.027076098910927326,0.011196089090208305,0.07270488838308298,0.013332166179934601,0.015179566335783656,0.025985253171800116,0.05858351643108217,0.01089918830187142,-0.02429149860902713,0.010299653654231689,0.006172765380113576,0.014792884799814443,0.014177907932984679,0.012197139238462107,0.02547800911626852,0.015898342603983373,0.09904770217198333,0.03810863900989303,0.028232289333144145,0.019011464306352366,0.0626304858450244,0.061217098580045315,-0.016874577694754422,0.028445000211508864,0.016541115807546802,0.024074170211735968,0.024340845146982426,0.00896637344680129,0.08506431435177886,0.026043594147658666,0.006153959852151614,0.0002551569542104115,0.004942789736485986,0.02158510085626597,0.033613330044523604,0.021714378422196257,0.025936692263664574,0.035456397357714664,0.010638340641315747,0.015943341681953438,0.027896740820573696,0.009594690718964127,0.03904801068640751,0.006135764964726453,0.02791664525015758,0.025556756989909335,0.02007655960731558,0.007820829599211931,-0.02164187221630942,-0.005940564256669667,0.01621628801033559,0.05747124102409962,0.04609754608898631,0.027472545634149803,0.027858334479911928,0.07398783752587845,0.02449301131549575,0.008457807180136223,0.04020531455027543,0.03505491862365662,0.034060160122594496,0.08792358257952726,0.031019737040971718,0.0426287643329637,0.01201604210122098,0.026113071037745073,0.019893396173715105,0.35795480736076724,-0.011415339158092452,0.036541369669865986,0.04244251382573472,0.07077823555877916,0.027913810568509945,0.016510560025452037,0.012978309334195304,0.0016000864320191432
2022-10-05,0.0,0.002053340728392916,-0.009185964613013908,0.0012699509466740366,0.0005891150902566089,0.0034330118778762575,-0.01838022387299354,-0.021614651676518104,-0.014952592466545789,-0.01926264487230045,0.0074181265383721495,-0.009241470317487566,-0.024896266225411634,0.004993244242708306,-0.011451936261484774,-0.01749276385724552,0.0005318704817121045,-0.03383959174497031,0.0022957150333626775,-0.04027674234378975,0.02772943804055905,0.0018128292531762735,-0.000696495946919673,-0.02185497269918002,-0.015717017842796666,0.02137770895127722,0.0067164294888064635,-0.004768419474938668,-0.03153404511001345,-0.01216512928548552,-0.1386139128047107,-0.026166224961263085,-0.04010943620074936,-0.009040445153242538,-0.05198777568906887,-0.01031871385024885,-0.0025699698251155922,-0.016935382217868944,-0.014324484211877153,-0.002237179786871768,0.005729264695835123,-0.010145897047685648,-0.021052594781187484,-0.01603671163247844,-0.015047777449205268,0.0,-0.0034780490518609986,-0.03195485648396368,0.04456846139695436,-0.007173939240312732,-0.012678028409273012,-0.023429259856293627,-0.01335522940174938,-0.003585776136197927,-0.019503631069517358,0.027591879378258577,0.0,-0.016345594499642013,-0.011104883818037314,-0.03119264233672503,-0.019643855203412608,-0.023064217053765046,-0.005046320752343902,-0.05215627287289504,-0.003504177044843626,0.0038950336747456404,-0.015292469945287435,-0.038330477416974484,-0.03430075919018705,-0.024196979214253123,-0.013632687486338502,0.2381589364664023,-0.0023096115939880146,-0.016088762062866913,-0.006829610165647426,0.019473351882163037,0.02334431920166491,-0.021656739346925358,-0.009907025419064186,-0.02601536067268706
2022-10-06,0.010714333602448,-0.006625473977398433,0.011799440007180362,0.031165089028843296,-0.0013247566095214713,-0.012316982224662154,-0.005266246447298117,-0.03169735156249065,-0.021460149628613534,-0.017943891167714776,-0.016052841660779804,0.010882244718023903,0.03829787338989954,-0.0009316373715140269,-0.009516166419645589,0.0029674270686739224,-0.012301749089390857,-0.03314531239899665,-0.0027668262963549406,-0.01613452911828228,-0.03541312540480612,0.006107413051173349,-0.01861620999002589,-0.01562232249314055,0.0009979510318276485,-0.024916943205811948,-0.015567089822831504,-0.012123951027135704,-0.026651070373419405,-0.02396402668306441,0.07816095633147135,-0.04321932044038046,0.04368462970895748,0.002690442929209391,0.007741864711866109,-0.028256808414448997,-0.01972542422369239,-0.0065629197034828834,0.00510620362808667,-0.01973097345001884,0.0035265916401026054,0.004484346575151399,-0.02568693827715829,-0.0016297794269555244,-0.012003869267504963,-0.010747949356443742,-0.007406250143967896,-0.03666398149573902,0.13999995258863374,-0.0018382936979699505,-0.03497622370936504,-0.005195756964435305,-0.010575441037083966,-0.0003999582786599065,-0.01537077354102423,-0.024410147705613672,0.0,0.02357445126642088,-0.013513423194959406,-0.004476620661734376,-0.021901068400441037,-0.015881931025129692,-0.007954015694395355,-0.039780804839340655,-0.004219469190181568,0.00775928115690161,-0.006245818166857542,-0.010038579058479158,-0.006147551262110418,-0.016246440356355696,-0.035467158249525954,-0.1297647231740393,0.0416667563454336,-0.006642578926521647,-0.006082862465424221,-0.0029592915536611475,-0.02653620450672156,0.002490306831232303,-0.009328869345167412,-0.026242008903345604
2022-10-07,-0.028268559872215215,-0.036718975241699314,-0.008746567553136964,-0.04726759152910642,-0.13868828384721643,-0.008270540875309651,0.0023529950310201553,-0.014085830833213464,-0.021931333971197287,-0.015925795398524345,-0.0341267614144678,-0.029604034107724164,-0.020491830211680773,-0.03232482510341206,-0.015316036473043249,-0.01775153229781612,-0.03313586936535129,-0.022972378829731688,-0.0007276300839134109,-0.021720215143981036,-0.0227272937996984,-0.04271592324736173,-0.10478779797740101,-0.01753091311083732,-0.018943224590198815,-0.03850088768069204,-0.026355379128995104,-0.02454592487692031,-0.028809617934109077,-0.00034098736774024196,-0.04051173878515113,-0.016425990657491063,-0.020928230683890048,-0.022162818470823464,-0.051856586075607725,0.005068739744981343,-0.0005893380615857868,-0.01552427043939364,-0.02032058245456836,-0.016468453957841578,-0.0188918574567023,-0.027423488316760003,-0.037707164855480535,-0.025769488785990058,0.019150709851275538,0.0018298868396193768,-0.010205708611569553,-0.018048433708839018,0.03742674061534301,0.00019056517240478854,-0.027626564325259673,-0.012749613054098385,-0.03377501378472414,-0.002400022809921243,-0.03581251894931814,-0.04003321515643532,0.0023315992129040453,-0.055818322696083555,-0.016592889237117103,-0.03268764094818255,-0.015404128947463125,-0.010904448940228573,-0.04206358546545641,-0.028528937898793627,-0.02189412807188984,-0.006737374501638804,-0.03720070113481588,-0.001495073484322429,-0.002749138235647486,-0.013906743766898377,-0.01300444138813317,-0.2124883793506116,-0.044444367113034455,-0.006173056060047477,-0.02794051836234035,-0.035617993579143636,-0.019607926802547193,0.0026222022720956417,-0.02369371221197314,-0.024542817816621154
2022-10-10,0.01090904942907045,0.0023557075109390535,0.0,0.000737681665982759,-0.0107802407293357,0.013622381937435923,-0.0158450964352731,0.004930145255316987,0.009297380944533806,0.01229443251548834,-0.018440875507398924,0.01505555014173754,-0.10878664368532809,0.0007494079266814335,0.0063631600435185565,-0.012048181523292234,0.0009541546957745339,0.002712905615648964,0.020004324553969166,0.017565531720515226,-0.032200359139533785,-0.01573521786879284,0.0,0.002254060032208516,0.0010163044139170907,-0.032600995700895585,-0.06419179459522606,0.018621005802845758,-0.0011029815953794708,-0.01330389183643188,-0.0222222010294596,0.009696905870638872,-0.019516667279371847,0.012167471410083674,-0.00675224926357465,0.014067601468237934,0.013740463227921662,-0.0025164719684354075,0.007179988984477692,0.029302263117225502,-0.008479762174973482,0.04524587412349512,0.008920170066229138,0.0011968015369061558,0.03295198491827467,0.03287663915043337,-0.0038991421170170293,0.012386574703940667,-0.018038548101846574,0.01644372258872573,0.00013032434512560975,0.009958107128952731,0.0022124919310868574,0.012430064797940066,-0.008571574733386544,-0.006081905804116383,-0.01651553550707474,-0.000958366229231622,0.02795771241856282,0.014124815147805947,0.0006451895405787944,-0.012641479008423828,0.008854716070065383,0.014811078480967188,0.004988972031517047,-0.007751764817272799,0.010409432246219374,0.04462399186185184,0.0034459124704449007,0.008814340097061057,0.008859369972137321,0.1692308321886824,-0.025581496714953134,0.011904773835688331,0.038050928275662255,-0.030218194295721035,0.02341461842423631,0.05905025767646177,0.0059115049968061495,0.002220149426809259
2022-10-11,-0.007194158311465193,-0.010255000928965141,-0.022268612444827696,-0.01584955440945901,-0.0031136533627370566,0.057247624733575586,-0.0035778993233860357,0.023228009536401695,0.023841640841922418,0.03147836443341445,0.008051784372058224,-0.004683899018880222,0.01877940489285801,-0.01262439718214603,0.010397800344028818,-0.012195110427418387,0.018748079225233028,-0.0003605369184110918,-0.009727859637214342,0.029880907290125602,-0.0018484833780112453,0.007635332078644641,0.0028326712127233478,0.02023975450125315,-0.04467013242042728,-0.008058583131967167,-0.015702522980791778,0.0024701896177572458,0.0013497766884831286,-0.006741479592666244,0.027272700672307915,-0.007202819398947957,0.009478857651300077,0.008132040120637063,-0.04350782262676112,0.01282582559419887,0.008543819651863016,0.031113445211973234,0.011485079370627815,0.0320831939103583,0.011454572432829657,-0.016938488782749617,0.009314812923672422,0.002390839371801512,-0.0002636293476299123,0.006299885138921546,0.007828879105164832,0.03367986035910864,-0.04247962110223702,0.011867453601096756,-0.00925204232365584,0.013403105257060677,-0.007064092426180002,-0.003168317942971677,0.016330305425280356,-0.034090776342121765,-0.05747399184802415,0.010661974793687579,0.019085966681043676,0.004407616266213221,0.025467335276071035,0.01384556704116946,0.0042082840178729874,0.0,0.009144127931210555,-0.007812512510541825,0.010826033745217956,0.013188136680381879,-0.00412090782194352,0.023809501563250013,0.006530200523964913,0.046389791994356555,-0.02147975848133543,0.010230136529839617,0.023470482609042165,0.004616313455390486,-0.0038130571028719418,0.04639984005313491,0.025904960978217373,0.002215020909006382
2022-10-12,-0.003623234125306074,-0.004604903173787478,0.031800510728956954,-0.014044943418897282,0.0038174111040851777,0.004074426618384752,-0.028725288362364765,-0.028767210816966204,-0.02275722964876914,-0.007569283492907308,-0.010180361357123746,0.0,0.05529954081157529,-0.018311839216709536,-0.0004173381132620557,0.0,0.006861931976937852,-0.03717086254355939,-0.007683264019442415,-0.028673413256262714,0.0055556215765975026,-0.023916410021057044,-0.007457567630237083,-0.013960204672958554,0.04144543653174315,-0.011816827759445037,-0.04114187887455223,0.009364238790270152,-0.026103156755750923,-0.03306648771338183,0.0,-0.03573840178440091,0.013145460679985899,-0.018470934260182204,0.009239555581497694,-0.00038781165950019236,-0.004124924110346151,-0.010112542100203181,0.005873137598392031,0.007880919769695627,-0.00924929754475079,0.014677698858743371,-0.027373720073132768,-0.012522187631093251,-0.01793217888185339,-0.006919375564413466,-0.014759300749920712,-0.012473018375610212,0.03057539720880542,0.0022840527152248047,-0.04314094488913123,0.0001520226441096284,0.03156961714678963,-0.0071514371711979274,-0.0028352278600916048,-0.03438917849338663,0.023713920477008488,-0.0049584853167149445,-0.006086804794188105,-0.037563618462250536,-0.010688441877447996,-0.013656485258969786,-0.010057350258615427,0.02164058277129577,-0.0022004971704073784,-0.007873933517634768,-0.010882852769330209,-0.004244394136129537,0.006206907075027024,-0.012587966921006277,0.012527996640774086,0.03175892769317534,0.004878112243369426,0.0,0.013656229484062976,-0.015508302209373492,-0.005741535927491159,0.002484188308901958,-0.01130645058231361,-0.03217097961936477
2022-10-13,0.01454545911805516,0.03361284920634833,0.006663846491067327,0.011775857814173563,0.018841835459606715,0.02118143884960677,-0.01170663167392827,0.02216392008276835,0.03736798421440568,0.030629316845874666,0.020728007148708594,0.020000014149896606,0.017467221278578027,0.015121490801520032,0.017111695793255777,0.0339505848061874,0.013011301442465761,0.021739297262513446,0.0376460734211268,0.034688131724460725,0.029465920125455902,0.03032522162231155,0.025728553766144246,0.020305379695559456,0.01938780926095829,0.02727950433454951,0.03327496601595792,0.030761926693580355,0.033723658874669216,0.024117976224152793,0.02876108738705585,0.027727681453914244,0.011121459913679299,0.019652232034198747,0.00633789810217622,0.01887298878770194,0.014563801694733591,0.02553962579154856,0.0377579282350462,0.011511747074433698,0.02320013570961854,0.04025165486489679,0.04390488991057806,0.02149750775384085,0.005236021162725368,0.02289323198525084,0.024791896074718656,0.042144865282899735,0.0575914923760914,0.015581474909218906,0.004673787879208913,0.010183836902780241,-0.014224146375081514,0.0004000206196195233,0.04834111671167696,0.010309375192643966,-0.011766137119273656,-0.018341772967319758,0.036366991223326206,0.013678642621806736,0.03844930539517821,0.0218848101815865,0.03410727848619932,-0.0004925281728558328,-0.0002595186331363353,0.019841013143133024,0.0019210642195925942,0.026996396875964557,0.03015761314473031,0.028305772997972767,0.03336262385888622,0.062499979324994515,0.004854669335040196,0.04354457135375145,0.08668018086778262,0.023920661464963855,0.05630414172206799,0.050551174695581125,0.008462530206417629,0.02182185822998184
2022-10-14,-0.007168461002575288,-0.03223989621859258,0.01654954361626615,-0.006945727965182336,-0.050899220731242645,-0.0012713047571899505,-0.02680805700165767,-0.033017924648734875,-0.01931597116767736,-0.002936530242384938,-0.017981889443231425,0.0,0.025751074384797512,-0.010003379842185578,-0.008343545647137796,0.0029850718650552555,0.0037460334281465,-0.008253895580060733,-0.051772411346757585,-0.012106208187497414,0.005366600023358314,-0.015069758862027882,-0.008878934659988014,-0.001825797589729894,0.00500493229064225,-0.05347396600922927,0.021186440335509094,-0.018474814797245442,-0.0029213645607737426,-0.032864514960124325,-0.021505355393904968,-0.016269092652820172,-0.019248432830151763,-0.024296217084265548,-0.02099358664270401,-0.014082907704730196,-0.022344084430914624,-0.0006427975369256433,-0.024381203528638706,-0.07322292684239373,-0.002138170160763009,-0.07436520119874668,-0.01294105691702363,-0.005646425033773772,-0.017764273862271085,-0.0033516984569464947,-0.029150264384536717,0.0019781925855766325,-0.01045083340284192,0.0006064687416276193,-0.01806011524476403,-0.03204925284405569,0.1469173178371337,-0.00039986066710773205,-0.04159119487691865,0.036178056574980966,-0.020215767195116308,-0.03304906620921777,-0.0030002127134084455,-0.039762555350171036,-0.033047686777684104,0.001748154610195618,-0.024678236820411925,-0.0019714595230369003,-0.05469769679975367,-0.011672984900606309,-0.0013943825444769908,0.004980391229634895,-0.004657331741041992,-0.008614890796677876,-0.004917420717771015,0.0007353880694525028,-0.02898581474690909,-0.01649697245654147,-0.04959048519480069,-0.039316315591904294,-0.01503423132684667,-0.04363713587393381,-0.013985590456073616,-0.008939715713304652
2022-10-17,-0.02527063225401449,0.02912291341131068,-0.013024009633545885,0.007372389005653401,0.036110127053153196,0.006325797434792557,0.017937264112990237,0.015492902573306822,0.01783332720113906,0.019792962674961112,0.035359326248698864,0.0011534169379501247,0.020920530163734297,0.060406199922506065,0.020414001227006873,-0.035714252769540544,0.014471927526872985,0.02385788439869896,0.01772298388997573,0.022795413478719384,0.00533833083665769,0.013626645322392994,0.017805091914136373,0.028352042668833732,0.029880526720492018,0.02498076891218237,-0.03153527870755524,0.018822558071629247,0.013551082102601253,0.03797914128606683,0.0131868000581008,0.01805391532687106,0.028971974810922507,0.04202106165687014,-0.006433255846351127,-0.003860452252179125,0.01351526782992285,0.01768509532208662,0.020376985810240056,-0.024328215695274324,0.00413432394435298,0.06335729852665106,0.019666117477565193,0.013150137225361291,0.0012240961931928585,0.021045900536942108,0.025975186325401634,0.032708360677853765,0.006114684916249669,0.0133939917653636,0.0261948192805026,0.0242499456231553,0.020587042363833907,-0.0004001924497826215,0.018867898082579382,0.025067191499090535,0.06822784037529672,0.0239026736137693,0.022248831966517058,0.027918338172883583,0.02373409008101035,0.02297852195296679,0.03405669101550779,0.006172839506172867,0.024435473655752382,0.02460622025272885,0.021469651557838754,0.015418424334854297,0.02072195313009484,0.024586573132702405,0.015040760267938325,-0.03747244010120365,0.03731324705817762,0.024173728273882755,0.058823422423732064,0.005041572682071616,0.025902052426917566,0.006535958219864968,0.0072069101534140145,0.026058756097782965
2022-10-18,0.01851838468338407,0.009409224326476728,0.0160822897927555,-0.0011259405565806624,-0.0006901469316630271,-0.0032023582066201817,0.023914418264981308,0.02127862452806828,0.016213530063576176,0.007971020708888998,0.014788828066019555,0.0,0.016393416663440297,0.004350154839866338,-0.0018924382504885706,-0.02777775120506243,0.014715647258578102,0.02167626405706402,0.00832136305591824,0.009467954227547759,-0.0176991657160247,0.017924425932116295,0.01155253907636511,0.0035573409837124093,0.020309519185334635,0.04949380168909423,-0.021422450588311603,0.005210545721918702,0.023849681770621967,0.005252052280512176,0.010845924609461655,0.02693949034981369,0.006357868833832825,0.01723320192579214,0.041726665589902456,0.01110951755163292,0.0070441134360959,0.008056817329935795,-0.013564423283822014,0.024934835757919105,0.006821857413784382,0.0036854707255387087,0.010561549362114286,0.007079546362065869,0.013309635823643973,0.0052058746571082,0.020253991788874215,0.003107526063645061,-0.02486187880316515,0.008791291255987765,0.019144767462542678,0.014417908776900745,0.022413275660998933,0.0,0.0037036139521875455,0.00698696454761083,-0.04621402481438208,0.019744907710731674,0.006065514310668041,0.036274113044651335,0.01792900158844901,0.023883895693792345,0.008813627189338202,0.0026994014810199918,0.05346753370484425,0.020172921610976058,0.01418314667837195,0.015184487272547287,0.0,0.012412139814607093,-0.005927395868934204,-0.01526725008686658,0.004796343461424657,0.007225480100161663,-0.010227769457728186,-0.008262059942335198,-0.005861377811369639,0.016050064237391748,0.02108548820357825,0.019536134349942946
2022-10-19,-0.018181689169155968,0.0007651708654738965,-0.008522605774893055,-0.006575210917358354,-0.011912960091889913,-0.015587851456206003,-0.004917020372170899,0.0028500375017843638,0.000514593305404043,-0.012951266725476862,-0.0423677302340878,-0.02649771837904602,0.008064542514336193,0.03495943928668477,-0.0029793006344229767,-0.012698475892249372,0.012726772245597262,-0.016442639564507977,-0.007083583799469717,-0.00215806169944055,-0.009009178604177936,-0.01737724729587864,-0.0030455002479117255,-0.010102787756282816,-0.01611389389664264,-0.022508008785933398,0.0,-0.008482340498428442,-0.005411795918698004,-0.011842470394020865,-0.017167366164289044,-0.017928024881073812,-0.01624566155515106,-0.011746188156238069,-0.03383973565378484,-0.0017884305811866064,-0.004619333216396848,-0.0039177980410022295,-0.02368240017861134,-0.005097391366466475,-0.017132848393902056,-0.00917990312910233,-0.001665845098698715,-0.0008201028166466839,0.0010725179255852701,-0.014269006749245694,-0.016571220579641555,-0.015250887311881067,-0.02662889268032509,-0.002490088349045516,-0.018918354403173243,-0.0029921702095688785,0.0051150135264037555,-0.003202735393702749,0.00830251436010565,-0.02601913987553761,-0.018511590300839265,-0.028669330839936724,-0.0023053775143365707,-0.03992958142469849,-0.005618155959814852,-0.0037487208466512323,-0.006207619148126509,-0.0039158062903106305,-0.011702682556811395,-0.025423612586411237,-0.007919004963511167,0.013087755839772175,-0.004584194263265062,0.005925639249375836,0.00021306306606216907,-0.062325600142953186,-0.02147975848133543,0.02152073539270849,0.016674619532115686,-0.0074381871529172194,-0.004534948510486858,0.02676937000948687,-0.002832887161245412,-0.00982047858864199
2022-10-20,0.022222134805855998,-0.003267004100567794,0.036021340142004865,0.002458344379579591,0.00943562676649723,-0.0029814842548830933,-0.019147647275525204,-0.018914131898853048,-0.01903307851200342,-0.09091943742541886,-0.013962939454659207,0.021696233593376357,-0.04400002689214233,-0.02670376137573982,-0.01915269413403886,-0.03215431125584878,-0.02747157296172187,-0.029839990976724295,-0.0243691495756152,-0.02337386270638453,-0.014545210145747167,-0.003772611805650694,-0.0013170336608168132,-0.07448512744108027,-0.026011669783902014,-0.014985374205619961,0.07092814890814303,0.0023762058985026258,-0.013248234520691016,-0.03172375542235928,0.0,-0.03785233847081648,0.026605546087705267,-0.0571426970372535,-0.016440337863006804,-0.018686985876022466,-0.006717902945876486,-0.0399623163686077,-0.01369310920143152,-0.017932181627174026,-0.0006680590919619922,0.00617667561278723,-0.020634415177886445,-0.008325475295881346,-0.02543876612409579,-0.00343147178405534,-0.013001542831686974,-0.04367826957876364,-0.0512222883804454,0.006240614884714946,-0.040738662896650735,0.0016506684418424733,-0.018538698491278094,0.00361466487673745,-0.014638570587743871,-0.024933260468535057,-0.036075930052165694,0.008590379348940802,-0.0026657357171455676,-0.02125327268584587,-0.01053560744592097,-0.026202319745827096,0.0034704506557132753,-0.013759247243084638,-0.006371246589621626,-0.016425216309988944,-0.023437539359284942,-0.0010547321380485197,0.0,-0.02498482961204118,-0.012561285448734028,-0.03273800751647826,0.009756463200330412,-0.021535699634516514,-0.03465018781467344,0.003297419656115741,-0.03826873275154519,-0.00951240094159489,0.0024670175428886942,-0.0389453654580908
2022-10-21,0.0,0.027058861498267195,-0.09126815731024396,0.00697986716275234,0.018175510277660623,0.018145045035250496,0.0887909817962913,0.016282081707975404,0.02071355141126885,0.0318046143152273,0.01463792746644721,-0.011196870705704964,-0.01255230193165624,0.0393119215963198,0.013571780694465962,-0.053156174862998395,0.02358960638523544,0.008523267717876593,0.03152412741872723,0.01677873138450736,-0.011070142114428139,0.039290132806140354,0.019013000347840148,0.033855432358042226,0.05242343461617471,0.0204081343781215,-0.05560093024967705,0.023233904882357548,0.017382166107856145,0.01274138436471084,0.037117921206510474,0.01269541201907054,0.03306537583395919,0.033696859591721307,0.0007268625966510012,0.004825866138435275,0.015484520541948488,0.020321204131822146,0.017453413814903396,0.03462179971896262,0.03555462029200962,0.03867397945730611,0.0027885631484820816,0.02211189439031047,0.014424964634141224,0.029373888883314603,0.01265283851905541,0.015055866000263984,-0.011656622480881396,0.016124136910132147,0.01429790080006943,0.031161072654068755,0.006296316369592159,0.0004000206196195233,0.011142004824427953,-0.034703139224845025,0.017728147696258523,0.040620241980161786,0.08045982110217431,0.013852521599242218,0.008641734074866347,0.006869891838471309,0.040691440444341254,0.015196826597582591,0.03102347970187469,0.020628694211198617,0.022260864400254876,0.01240457275539697,0.035526313725601,0.0216666680033617,0.0025874020658971375,0.1193162012331268,0.043477865144646355,0.02248804231619106,0.054319252894236225,0.04152966578852846,0.06110838799896867,0.04303982266303574,0.020210426138708604,0.029197043388575983
2022-10-24,0.032608570166712925,0.01480288132218921,0.0195650584119047,0.02997374376368822,-0.0020401042588805707,0.037230941266865436,0.0017350363047079487,-0.003833293200487531,-0.0007707934356385726,0.017330922697393003,0.00047051994403379815,0.007418939032935334,0.1373390930352303,0.02373905334096693,0.013389618880819576,-0.066666605319194,0.016880849002318232,0.0034906152979417016,0.018678359713901305,-0.002010285659033939,-0.011194160917324725,0.008881698642130731,0.02243318707618669,0.02208092985228416,0.02631575605908787,0.005090886896306879,-0.00952386221082513,-0.004634077661404334,-0.0021209556257503204,0.0023363616372507057,0.023157922845137735,0.00247961830054777,0.06141869415880019,0.01946517123426772,-0.01016711166589801,0.007528564170993679,0.016387766260604675,0.018310438175316746,0.007407091560344137,0.008251307432459276,0.02092318542228644,-0.04787230864598202,-0.0007723619384724101,0.0015039497104902821,0.008938662409861298,0.017769539972094073,0.005049129453745582,0.04287664913737421,-0.040347797309339906,0.013950320971356955,0.02274946011404766,0.005811384934717223,0.022819397984781276,0.04199996976998399,0.0036731111576837616,-0.003784527865480447,-0.05019354051159275,-0.009129083028826424,0.005442721984156851,0.015324996923801626,0.003672063554406524,-0.02260122553227273,0.00863992500843569,-0.002208592701543277,0.01652105549445615,0.007699723948863424,0.011228390580528158,0.0208548140590481,0.004447309372073827,0.012846664115098383,0.02258070431747461,-0.07635924598696064,0.006944534909867128,0.02152562463141061,-0.04720823716614986,0.0017211673927799431,0.03482135946306064,0.012390792606165713,0.019078665149771634,0.01051606423792939
2022-10-25,0.003508816631960787,0.01933735987612395,0.004690870988301121,-0.0021825924496885474,0.04718910428894785,-0.005089517942617916,0.006928455043175186,0.019437866468888343,0.022621974708975978,0.0346800469282309,0.029623713596407253,-0.01162789703882472,-0.018867924528301883,0.07678259688344102,0.01954984738434251,-0.003759394789693782,0.02249403759290125,0.020688489683322375,0.037533933984654766,0.028286068377275653,0.04150925837441477,-0.006772043674052819,-0.02721500453929171,0.033321211641635484,0.028388366354854755,0.03473230871997868,0.015734292987600762,0.015828817600169298,0.013697059688909663,0.019365248259150425,-0.04115232111272993,0.01896403551953485,0.017929751308242148,-0.06947303884224187,0.09977987657040432,0.008760731103492292,0.009311981084339616,0.0236589994663976,0.034055873824436755,0.017731290257019916,0.00980145885451722,0.01924267251381684,0.021645017506146447,0.0011551182650990643,0.021879010420150502,0.0034916677179803735,0.008089267443844639,0.031194002063820392,0.0,0.009000220681106397,0.03520747547686831,0.002888998057122061,-0.023749709120407192,-0.001919376621287272,-0.0018296252697829196,0.01614460230083914,-0.027306101339004907,0.020438348016202035,0.009268435279437437,0.08165116797091754,0.019816922693342898,0.023560349025810723,0.01691187798722127,0.0039350675851586026,0.024595308682847428,0.03438391825394338,0.009925815185247489,0.021195120487623953,0.027197934224462816,0.039057781738387476,0.016193522033256524,0.0,-0.011494176582357518,0.009161664755584331,0.03311073166709444,0.010595640833931608,0.06902521194606503,0.025600535008375447,0.004734412559005641,0.025411450424156712
2022-10-26,0.04895115222592494,-0.01962669363260905,-0.014006822350017267,0.13288371918376884,-0.028306517714542734,0.025654785430780702,-0.028669723892701615,0.0009678626290452463,0.0002514032018929857,-0.0036454822596265757,0.0045669868787907575,0.009803913091020577,-0.02307693774883568,-0.03493892265466325,0.012430306909542832,-0.007547162342173674,0.0071905880450851,0.002690673881174943,-0.0013421700065616715,0.007999210854608974,-0.018115615154700615,-0.17795459286485393,0.005529995576230018,0.006555585905490213,-0.036509304732269765,0.010139825325548024,0.010327012628305932,-0.0027497947533818845,-0.0012813270939321386,0.0005275564116715703,-0.0021458696077492068,-0.0016184002429904254,-0.019215196790739797,0.015204051468017843,0.0060040172238315925,0.0007660482566653748,-0.005681016223909818,0.007396192699727022,-0.00785909885432945,0.01496523619015866,0.018644746121880384,-0.02496953992125972,-0.0016647689191061632,-0.009461378242762719,0.0035465913232017865,0.007164143052767136,-0.010896262293847658,-0.006142861200867711,-0.007761652309256961,-0.005283725210550427,-0.003427403794098116,-0.014403066113702345,0.015849717061095392,0.0576925268406181,0.04216301989617022,0.001869176205180123,0.011871487321725605,0.021689340866352103,0.0064201602742612884,-0.0035305831554948153,0.015396190867742021,0.0018469822342697118,0.009071164276410526,0.02033321502351515,0.005850257496469835,0.0018467696849751025,-0.005163975866098847,-0.011252691308550777,0.003694548447536805,0.0,0.004552907574348675,-0.00016529503062645556,0.016279051505661224,0.0018157371963329894,0.012220659525692623,-0.00028330605599913294,0.017352482779666945,0.006130858915226023,0.007639097195744293,0.006372474605471412
2022-10-27,0.016666547282330857,-0.030465400672470833,0.009900843264942116,-0.01448111832312915,-0.018918484459658935,0.0021377243895459586,-0.009445091048871701,0.012279913759236871,0.015581825892220014,0.02986275649771497,-0.0022733861999757465,0.03300975831829844,0.03149610852062956,0.028333469924002763,-0.0006529017120452396,0.030418220617857594,0.011239144407965806,0.012522122067187835,0.025193524168563686,0.004291961621716522,0.01844984545462025,0.051976933127901415,-0.00032357664050686186,0.02974826411302578,0.013863372468701396,-0.006922771194743715,-0.011073263796881339,0.021139541497030123,0.007931129956127991,0.026371304998149325,0.03225808436366906,0.008644940237152232,-0.11673496729628907,-0.014732732171175544,0.04442969365916705,0.019270270140003598,0.0070450829245503055,0.02661373542781953,-0.010562015845783201,0.005281757056410541,-0.0042757013342268335,0.02998123269045405,0.0069728927699950205,0.0075714292196384925,0.015968483031553626,0.013514893001174588,0.12228872542569724,0.020408255262116315,0.027379106327568792,0.017249380609136278,-0.0017195399286287216,0.015928701639129406,0.008345488986331251,0.0,0.03518045462394803,0.0261193524707668,0.0,-0.014118501637851444,0.02034886204230313,-0.017884281510110345,0.017223581264272037,0.02184070467797139,0.011344135539467226,-0.024970009061851983,0.0007795576691513872,0.01013828752197643,-0.024280050323698843,-0.0065757601952929345,0.0012270220061236792,0.013175642999772919,0.00741669443339954,0.03456273601849702,-0.025171500944011105,-0.0018124462702238109,-0.019817980061529683,-0.026644062804734636,0.018643380073464666,0.0,-0.002904888196192057,0.0215761461456907
2022-10-28,-0.01967205733234656,0.0755522194953182,0.03452701571572492,0.026938800422512843,0.05819112519120684,0.024622917864669303,0.02145403386600786,0.02311583192409783,0.01756999926080649,0.027392520599259118,0.038123069494623074,0.008646623794018371,-0.034351202277519755,0.006032751315253604,-0.001829964062264322,0.022140199975999808,0.035509444805734924,0.023321622782812357,0.023867093379885906,0.01749715468259505,0.0326091833527844,0.002102399057839266,0.01607357780852503,0.04170949366480636,0.020966035490497248,0.032763980802061,0.01550390271305968,0.02610272816528303,0.02348973502473739,0.03168903171830806,-0.041666724615624595,0.02812361892359072,0.030499172416943,0.0028423278648599393,0.022222305197653114,0.02128450427780626,0.023589082217386537,0.04275895776721894,0.04346156715953886,0.023861758968812152,0.010019036265808579,0.01091572514700978,0.029805976300562476,0.11630071606434522,0.02035565541634088,0.010326820051354879,0.004870021435748884,0.027885564626851655,-0.018487439116672943,0.01712501885529072,0.047170943377566,0.011651318389657161,0.08564221263718097,0.04690898143602551,0.022939678052757317,0.019090801922833522,0.031746075205509205,-0.004224376379955541,0.02002205192050943,0.027314897398993843,0.008683255647961241,0.025537969008702532,0.02835985523246376,0.014774648241895116,0.0037148674221618716,0.03740870837443344,0.02025064549070099,0.03487767501805772,0.028799094944357284,0.01988908308674131,0.031697142800675815,-0.011394817400751656,-0.011737353735394196,0.011348137748759424,0.04531734206110438,0.03377981500389482,0.004673011282272821,0.02774781365857293,0.012648333682594881,0.014233123754230137
2022-10-31,-0.04013379086820901,-0.015410143277658328,-0.014833342824330353,0.020190725155132094,-0.031446492517724245,-0.012636551153319742,0.03442241386217404,-0.005228356847956084,-0.002188674204390728,0.009147770876273498,0.000877718007261219,0.02422658991876081,0.03952569289152996,0.006712623158031672,-0.02933091516827868,-0.028880839081918075,-0.014175774935547447,-0.015020593663998993,-0.010242937122870166,-0.014343506920106108,-0.054386251226552274,0.036454217495365926,0.005414335280238491,0.018378725391653195,0.026785759674583742,0.015187336337670443,-0.018659903964429847,-0.010526186197903575,-0.0055399416568598925,-0.0031545149276420714,0.0326087170602698,-0.00638262376175236,-0.026009009428885732,0.009734934226433234,-0.04534156447641524,0.00012253851564292262,-0.004959006840362878,0.00985872985872982,-0.02886376348851083,0.011118083310933224,0.00608492360636359,0.057588427119316554,-0.004677582814380354,-0.02599415327797916,-0.007070743870730811,0.0042672108721295565,0.016507439544958924,-0.005225714719155894,0.022890657575282747,-0.0048026544002297555,-0.019359750458930014,0.002275000577520947,-0.021213148840819485,-0.022230026095329647,0.03322244850595002,0.014273104825937022,0.0033444816053511683,-0.01748575341128411,0.009155270170687402,-0.026588631653401418,0.0015779419147270435,-0.011097488824035051,0.019242814765127347,-0.0029118887296937235,-0.019520069287038422,-0.005276926219745182,-0.020184960874128022,-0.006396092887209659,0.008933866012571512,-0.011625643468449853,0.003171586044683261,-0.1298701236462213,-0.016626713656350822,-0.001795363167795827,0.029124147582708204,-0.03183106301576877,0.0011627021234734691,-0.008258308061322217,-0.0012630852608522813,0.0009052423670838916
2022-11-01,-0.010453007852859075,-0.017542807831600893,0.019657308900858927,-0.02477787725199121,-0.00666003191363207,0.006325261708797436,0.031020933931722228,-0.002627879080867701,-0.08213526632050516,-0.026752108564388588,0.006870397549672891,0.03784571605518683,0.015209183934699277,0.02329299654389283,-0.006609810849197872,-0.011152405483875416,0.0043140629277884646,0.004557474838185582,-0.02260728451406613,-0.003939605477085273,-0.012986805973462356,0.04124473887478142,-0.0008446761647401546,-0.03609408746158771,-0.02260867142650469,0.01595743163077734,0.011235965243721946,0.006205503137163726,0.0006821491995632201,0.007828177281137938,0.023157922845137735,0.009176870720595254,-0.023940842852834376,-0.005247811497661292,-0.01561495934854562,-0.01581252999833982,-0.004230217210666187,-0.02079803875738062,0.012039061574379506,-0.002537479289063005,-0.026264268871737828,0.0017016839519918836,0.009105358808753294,0.026368959198826758,-0.0006357744259684051,-0.014229133455247012,0.0029053670618193195,-0.015647811451896976,-0.008951461993348953,-0.0021078823605737984,0.002709728390166033,0.0,0.008466083042097283,0.0021316115289766735,0.004019310328607695,0.04221665854766066,0.006666666666666599,0.022851940968021678,0.02237241723971728,-0.026627714506767708,0.0077354937497522425,-0.0062952794990477345,0.01625433050242675,-0.025553644029237543,0.002070083504512654,0.002652289374587058,0.006351831891027171,-0.015102342285599701,-0.01121608784342265,0.04116868542527996,-0.00019750967446385825,-0.029850602998137132,0.01690783539399554,0.0008994412494514048,0.025763076489009107,0.03869663514220889,-0.024390255287348173,-0.09746989359258273,-0.004496602864058286,-0.0018089439360753357
2022-11-02,0.05633813474103655,-0.03730491862761676,-0.009434071263450083,-0.04074789033471071,-0.01726447840984291,-0.011210842177209912,0.0021881294680656804,-0.006775151863802731,-0.02071140065460697,-0.015333970636152383,-0.041666688544697905,-0.02875178351783514,-0.033707921354374615,-0.03840142826798976,-0.015888197201817666,0.007518789579387564,-0.061294201380296065,-0.0047114825398568705,-0.03865548031227328,-0.00032271826589358454,-0.01315798130972301,-0.01628147281553649,0.023039459362269366,-0.01822141776921693,-0.03914589097442833,-0.021596854023104517,0.023931601498784705,-0.016740124028644998,0.002158682897354325,-0.02892079270289738,0.002057562092585119,-0.009612844705855994,-0.014150851192890945,-0.028961332755327862,0.001321819645946798,-0.0059784620026348545,-0.01114544146658758,-0.01473765618902989,0.028252836629557132,-0.012932016427217419,0.006750516758815328,-0.05775767081408789,-0.006985830458220765,-0.01481420762959984,-0.017305015389621037,-0.0036089072399175803,-0.02280347898874524,-0.025661175254166002,-0.012902898761477433,-0.019232828514609168,-0.005533383620395238,-0.016314328011369894,-0.007387671928975048,-0.024814000595928754,-0.021617297278304415,-0.01687805312996815,0.0,-0.052095309337006235,-0.03797569309625959,-0.16219552861733244,-0.016631224459816907,-0.015838200533158764,-0.030896238289472078,0.014235756288486279,-0.026672455514703985,-0.04585528902837177,0.014841343830471754,-0.013323453666349572,-0.0035820576682019656,-0.04682937505338991,-0.020355847923459014,-0.05769236695937574,-0.03562933633909848,0.017969276958047065,-0.039045987221203116,-0.031372542895049094,-0.024206166369787896,-0.013366630965390702,-0.006634266928250976,-0.009741867995636033
2022-11-03,-0.03666663455639707,-0.042405212790584845,-0.017805419228892783,0.024487776954779772,0.02524304136574873,-0.011635309534792748,0.09443229099643968,-0.007674127288796573,-0.009761509709595662,0.011304716759185762,0.016058117610043166,0.0010830460238837603,-0.011627877749298965,-0.01255874804520829,-0.013660686714244474,-0.09701491939806428,0.003994882768454389,0.0056557604089144675,0.06083916102162146,-0.11610816394766643,0.04761883114934884,-0.0024707178423046816,0.010330473196839662,0.0,0.03796291381876005,0.15317725692771034,0.01836396289108211,-0.0013437013602199954,0.0058949760826711994,-0.00527575579332018,0.014373752218957314,-0.0005246975741904913,0.0009567123449185644,0.012157915919446927,-0.030363013063795852,-0.01127684299020848,-0.012845225212736122,0.015397997083511639,0.08098336327944766,0.014175392921607965,0.018931625469773117,-0.021033562918206794,-0.015828906589686942,0.012197754878530143,-0.0060857114237987675,-0.006539143475572828,-0.011173361107184032,-0.0038455688260783383,0.0019605894618148767,0.11023585495121968,0.011646040936924562,-0.011104755735343752,0.035182780711409345,0.03089801703254169,-0.018003352458037414,0.03090130947777281,0.0,-0.0488759449651861,0.000312571032948572,-0.0037918748798615454,-0.0180688256257292,-0.01931127969487667,0.019579828747862793,-0.014774742176817846,-0.002496803371710765,-0.012939067761661316,0.007732450240806044,0.009426774848100283,-0.024565598220051776,-0.01089675929757028,-0.0038329460184037822,0.0016326192664566364,0.02216741198068628,-0.005736867249888755,0.03623988112169285,-0.025159045095482058,-0.0032534664858236972,0.030212297828453805,-0.0002132596973781764,0.0025166246430732286
2022-11-04,0.048442745989485614,-0.0019471881949451042,0.011382965944567669,0.012195121951219523,0.03460319406483636,0.011885250284705995,-0.03142140572265495,0.012316327884851486,0.016429270114213024,0.014257728115885993,0.01684803423760295,0.011539823904463065,-0.007843167174096166,-0.0034767863964663137,-0.0011192625270171064,-0.08264464519769821,0.017796408812711828,0.0022847981653797422,0.012771944092820009,-0.01735652596496806,0.07818191478457193,0.020554976128032587,0.017995895718176724,0.022742906183102374,-0.020517426284074824,0.02987235478455208,-0.004098376353816935,0.013458837057913398,0.014764036078117382,0.009922778993887382,0.010121399457197144,0.012860965547349279,0.0038240391174837463,0.0156408395707317,0.0006807056470614636,0.001900928647833977,-0.013184524663455321,0.02163190392268244,0.035786044822237795,-0.017365580575536166,-0.011806011268774785,0.018416158391654447,0.0090841261519925,0.004882760137064013,0.02944234002278745,0.00455693055473394,0.012452745186974035,0.02807654517597835,0.015003252749749452,0.02547329943438381,0.007930462443286324,0.018083672732949196,-0.010130734995800306,-0.0126939015914882,0.019166847699223055,0.019983360963638397,0.0,0.09261154336095534,-0.003281873411886127,-0.011630349469499812,0.008096531776228932,0.003995334827100239,0.010456604732024477,0.016495872909269682,-0.001063810992189329,-0.043071099484799924,0.01951625534391499,0.009591372808129606,0.016584676844425328,0.012949418918418498,0.0959901130016676,0.20721263147547253,-0.01927712264081416,-0.01242799236502068,0.003179368938327931,0.051320057614870906,0.0012239953861836739,0.012384758107704341,0.0017767796007612802,0.008899940477856694
2022-11-07,-0.042904183889560854,0.003902422410337447,0.01292192814147275,0.026184756114300933,0.014311034314181015,0.029660977260179022,-0.09011328491889303,-0.019428570083603214,-0.006734915720455481,0.00179964652848974,0.0067449892012692025,0.0,-0.08300389476079206,0.03397292493210102,0.020448064001754807,-0.004504500150622537,0.02302951169637657,-0.007189172935365362,-0.024875934417991075,-0.012270919107731038,-0.015176887650946491,0.00873561921103172,0.016271742229576835,0.010867701113867145,-0.03460830250870994,0.07772464845645488,0.04526750683152647,0.016378565250132038,-0.02654369233487064,-0.021683860078984707,-0.024048074361372684,-0.027857022681656796,0.00857152203689604,0.006283040465941525,0.009523957917042747,0.0016443531174161752,0.0011789435911506718,-0.005257789353840359,0.027122853386565726,0.009698242453396233,0.021431948412681256,-0.13803495725078752,-0.016086181216205198,0.0002064728959227935,0.01164262376753955,0.008770249127205254,0.020803279566169453,-0.008648084800214395,-0.007069436322864275,0.03843103056429631,-0.01916245240818104,0.008165059985008272,-0.0016507862429635534,0.010714078132732618,0.01635330005857294,0.013061346942880414,0.016821147590283525,0.0018814207686108642,0.020462677168317844,0.01026956621735553,-0.015332836673245698,-0.017765864490481453,0.010049727605703218,-0.001229388721702085,0.0015033233259162948,0.058708417458589235,0.017506361823810268,0.003499577642936069,0.041691877091600826,-0.030719267531297834,0.008684403473131042,-0.0474262422678009,0.004914008606774267,-0.004494411573114587,0.011831692204299582,0.03329570238450841,0.01426229242401389,0.004039194809690505,0.01049854783710269,-0.00475002322472029
2022-11-08,-0.006896553486340662,0.0041749576198835125,-0.02263368599869986,0.005009328033444227,0.012206668051923497,0.0554834642695754,0.03508776664156277,0.006444164139319808,-0.007865317950034423,0.007745806546740175,0.002330299069862374,-0.006060586570390214,0.021551723429195757,-0.026463035714409777,0.00027427009039326933,0.009049764968910745,-0.006392123904719105,0.005298299785380767,-0.006966881866681374,0.014964490541731656,-0.00684933435080759,0.009141248779260147,0.0046452562868137814,-0.008931492198546276,-0.011320791132582553,0.0036582019329460813,-0.0031496033428162207,-0.0043551091360038985,0.007301663462192742,0.004502232873557999,0.0,0.012261954770060646,0.0037772007156184895,0.005509142156557401,0.0020214058361376352,0.004672296492788552,0.007719050974179353,0.005857071275774617,-0.028921586886003325,0.005763124362300864,0.004355317632854128,-0.03216783440639481,0.00854959403928901,0.012920136145001537,0.009507136186424958,0.014290014238252713,0.00037185261566530237,0.008723526597990805,0.006472730827244755,0.0007669909461771596,0.01267957342727466,-0.007814635232667566,0.0638226517652094,0.006713717973773292,0.012067353646548096,0.03626107882527174,0.0160219279760081,0.05810573042000722,0.006146091416843191,0.04955527513967839,0.008156435760931835,-0.024019785548936023,-0.008693334539165432,0.004677558995628273,0.010946480725344765,-0.04528638057522694,0.021386191149831646,0.02291989153252283,0.03422274712417961,-0.00413377660244052,0.0016487696320222067,-0.009213172268141556,0.0,0.00857795418376317,0.0031322329714866814,-0.002730720557831634,-0.02571295926171291,0.014942461723158607,0.002386758469195671,0.01613645802939634
2022-11-09,0.017361072695712965,-0.03319011600381416,-0.0046315324937243885,0.003271132770247487,-0.06155051525598143,-0.009371318173623133,0.04975395308152031,-0.014239246174484022,0.007927671607833586,0.005792642017517169,-0.022086537536806894,0.0,-0.02109704573435578,-0.012314255728713697,-0.004802068637171697,0.15246632791984172,-0.019089504397507895,-0.012297865542791664,-0.024639259597492913,0.0009275575568725714,0.022413628038875366,-0.03623368109487379,-0.020560957287201087,-0.001835767885879247,-0.014312954606060857,-0.026034886851669103,0.05371250500566038,-0.013560977217801584,-0.007022462462392243,-0.012066929548131267,0.0,-0.01369328966401695,0.0037627786878648983,-0.012175589857799318,0.008742541003449178,0.00980389342764676,-0.0015145052105829393,0.0025563805742605528,-0.016510267001276557,0.019948894118659632,-0.009245608070768463,-0.03251443672715515,-0.001189820444163714,-0.010510253996217744,-0.018463579111974826,0.0008866766147728189,-0.005204238183127319,-0.011720542774080522,-0.04501634280011213,-0.025962994507352732,-0.000894536118281497,-0.022196809065226808,-0.0018813462015319082,-0.0003508027316040385,0.006359147090457151,0.05209944732542171,0.0,-0.0074930031320097346,-0.00969753843570098,-0.006255071926977052,0.006325405816974605,-0.05011098377836687,-0.018933832973445086,-0.012251898632065106,-0.05339682454470873,-0.01645701659101162,0.0040931695249328826,0.0017049963873152496,-0.02692089423949684,0.0029648574013168005,-0.009875640880020797,0.1309011844621315,0.012225277050862626,0.013876429830438353,0.010408121883182186,-0.05941947541631598,-0.006598065139001075,0.0021517508204169644,-0.023250771658747338,-0.013799068132755554
2022-11-10,0.03071669046204395,0.0889746067975763,0.039340071388997755,0.0023287360340986663,0.14269030896247625,0.004695361154360311,0.003124972060323916,0.08385847317595174,0.05777072679130657,0.06357276058030692,0.07028215842614394,0.004662851035886817,0.0862068937167828,0.05153317371266075,0.03322772726554524,0.2373541437196509,0.026375546616641765,0.053006099583354116,0.030882663893534668,0.020659417420020754,0.06239474593154726,0.052188989077747605,0.003515589968982713,0.04581171470489109,-0.029041673447295246,0.09008283735980527,-0.047226394845183095,0.032816141263983134,0.03741306251644505,0.05199815444761402,0.0020534351369265735,0.056200431665723416,-0.03936247112740676,0.05238493897995977,-0.02466669491324902,-0.00945977178124291,-0.019157426265642763,0.03697400733746714,0.04772872251398175,0.0010406867880978776,0.015002619554379315,0.03659445545589657,0.05122101567908599,0.022996595812202925,0.03345566530308042,0.002953081651021927,0.026158390494476658,0.03557853447043979,-0.01212107978056598,0.025277862254115213,0.06393854784111852,0.03661393109126809,-0.018221810748329403,0.017556092159231262,0.005529341638133456,0.030303158914640527,0.03166668231670666,0.043309901686174435,0.011180462706256833,0.12081219823227318,0.039468020796494585,0.022631420061711482,0.05292063337153752,0.03448274230448023,0.07444934644420731,0.087598542842384,0.039354095411215484,0.013371990604179596,0.045533083043759026,0.05124141828058493,0.02105651211643944,0.05787485587987118,0.0024151348767484926,0.011037694916387508,0.0500616202799562,0.09898110227703927,0.026982066209680022,0.008362639485084866,0.020721175210951515,0.05934701764507011
2022-11-11,0.013245037445762886,0.01926877866724319,0.03337380302367965,0.007589924282747074,0.0569592734971307,-0.020583306009221647,-0.0025961133860320507,-0.0099285436533737,-0.010769180806372014,-0.037175808377903685,0.03498561139790679,0.0,0.05158726975010253,-0.022835139027995832,-0.0062720269890118585,0.07232704850475935,-0.01437671786658179,-0.013175682653796317,-0.020264299160249966,0.002813914977604748,-0.019047505200594284,-0.025152676778009808,-0.023621077478175878,-0.01630707690696631,-0.020937136827079872,-0.0215791387876334,-0.05586152919087528,-0.04422499099072297,-0.02012066379281785,-0.006966473779314697,0.0,-0.013018011287175058,-0.002927004652809928,-0.022956308517070312,0.02802465893540851,-0.029278465165268663,-0.0327883251636204,-0.028415237675198268,0.018221922052102713,-0.02099386706800066,-0.044532366983767835,-0.025936574474714758,-0.02082120684097677,-0.012298265141986842,0.0233323710985176,-0.038571148771732844,0.010196675171624703,-0.011118325993630607,0.0013631139374516987,-0.01928230321860447,0.0013220872717332188,-0.019355722498992867,0.006079973539640626,-0.0165630064949146,-0.02042401716537834,-0.004304275237538735,0.02398409687956149,0.0006663653453118368,-0.037822014154715644,-0.011775389798822422,-0.008015788488430431,0.014194374321433223,0.009453877607491279,-0.014388543833112055,0.05438607276184748,0.0009049569152517201,-0.0018103728474307967,-0.01535493245478392,-0.009922839648963677,-0.03627431301978756,0.007959609858367411,-0.10044837237285853,-0.021686674531847805,-0.03580786354399679,-0.005689624886329736,0.05297999462523939,-0.02425223202428395,-0.06813845771715776,0.001545462962900812,0.0034473634321459112
2022-11-14,-0.0065360305423738385,-0.009485706971160468,-0.03741611217682206,-0.0007686863860409954,0.01602868576331007,0.0009822370535517155,-0.007808413622024446,-0.001445427393859,-0.009849997864323723,0.030718553870905385,-0.0038899545407878877,0.0,0.10566034856832252,-0.005213012322496713,0.0036789693670711276,-0.03519065130710364,0.005214372156709057,-0.010099252132573788,-0.028764459072463833,-0.0006334182522991227,-0.05339841943479551,-0.0028937100000298033,-0.003895526246629921,0.021453133237381294,-0.022403249048940976,-0.041353420119764284,-0.009999990463256836,0.005390882122762841,0.0023562035877342513,0.0008350595409460926,-0.002049227181827984,-0.005378294033184017,0.005870760652178175,-0.004195481976337678,0.02127663077412567,-0.0036247707372303317,-0.003472357852906449,0.0025309775724653427,-0.014810088437524738,-0.005977662680945572,0.013491979764614248,-0.004437900708963771,-0.0030381413313886885,0.005307263610961899,-0.012176133776136577,0.024397971376233896,-0.005135929299206254,0.005284284227079716,-0.01633733892316025,-0.02186236725097923,-0.01980532721508621,-0.01973776112610104,0.01081436492611454,-0.0003511315574157292,-0.015236816691981625,0.002161403445427812,-0.02063112313296267,0.01313041415532279,0.007608140666831575,-0.06104487741394993,-0.014034700970867342,-0.03721718006127117,0.007549692149272813,-0.033576576755517284,-0.00034614517437869807,-0.01717924595686382,-0.012543355125923306,0.012914076522342333,0.006124755899718393,0.011566285070762738,-0.01130664556308214,0.03855091541351241,0.01477827465379078,0.021286231531029376,-0.014009406022289395,-0.003773483136095601,0.02526957348323533,0.02032461130131269,-0.029386985035231517,0.0015033933031158853
2022-11-15,-0.026315637663174796,0.011869552857118881,0.038870494977259806,0.03076923076923066,0.038623745606327864,-0.005958540162434689,0.0,0.009499757128580866,0.011780359033028764,0.01422682018872834,0.018044540427654354,0.0,-0.06484640505133632,0.04815690459272903,0.013829520595216804,0.05167175631157028,0.015983195649011295,0.010548063381299322,0.022964354890909533,0.011864712651908693,-0.017093798584334796,0.03337358640889754,0.005763150904602998,0.00445497196592437,0.031249849216650416,0.014117670994178821,-0.1599327065573859,0.0026809881701834737,0.013101420843795841,0.012516573877102033,0.0,0.012617326094091164,-0.016536738613470603,0.009991399120689248,-0.037760452350821705,0.006106359590188903,-0.003713583683428223,0.013885233434149713,0.0322578682445096,0.006658154905945457,-0.0171600876132596,0.000742959053008585,0.007400076004046241,-0.0016245732899816678,0.010876046535791994,-0.007473929317596495,-0.01134309461214833,0.02786854951028328,0.021453274653874255,0.008400325869343916,0.015307353054961004,0.00470307478925136,0.008495804735906276,-0.007019898013243209,0.03175919555147333,0.06254491335728307,0.008302426563529641,-0.007794851781678824,0.008573176444066855,-0.0044904243802197374,0.006614109579977212,0.02981997145480908,0.014891480362322795,0.021903295698573633,0.03949368799086295,0.011959609132198734,0.003214000743806622,0.020206911510812553,-0.0022135588740583856,0.009883706821916194,0.009076007065976999,0.016000041026092315,0.0,0.017295029854152322,-0.007004351060690972,-0.0035353687590824467,-0.025858789103393898,0.03618571742733967,0.06539497241946712,0.014365406560534533
2022-11-16,0.04054046724281024,-0.008331105732722888,-0.035053022068757045,0.0026865717190414085,-0.04805559337896048,0.007491140399023877,0.05194122764206566,0.006452801920035167,-0.0007760252706809911,0.00997513173760134,-0.08571420370292082,0.0,-0.05474452630961235,-0.0031893123833597326,-0.0027810848005592748,-0.017341023733535632,-0.014420777623840197,0.016940576105420213,-0.009121303366936173,0.011457150451313014,-0.005217452580414728,-0.005382430959175899,-0.016678827040658817,0.00015850288808305635,-0.02727264840568544,-0.02758442045810594,-0.0330661261365256,-0.0004459183427388824,0.018282985922710493,0.005933939434184188,0.026694069300988055,0.010807408808432672,-0.0069238510096333306,-0.006555356379327915,0.018267972850180225,0.020919235947358894,0.026874006971946196,0.007331346777834202,-0.03398039706947886,0.020482283233870024,0.008515524968991883,-0.01484779549371551,0.004464753846539438,-0.028879343745881525,0.0,0.003313309234733497,0.008899035984438308,0.008844975243984976,0.019647665407116266,0.034958042031884906,0.017006332692111492,-0.005266390428049106,-0.009672371495113574,0.0014138898934195065,0.0031569873974874874,-0.005412629081688269,-0.03158411709568454,0.0005678076872275284,0.008734216319991717,-0.02667190754233484,-0.03213827506945399,0.00015337978962359777,-0.004579679762614752,-0.011579236731615539,-0.13135566124780174,-0.01454539109060049,-0.022883416801601664,0.01768456167013266,0.0005546438436490053,0.002686746824063224,0.008994459284227041,-0.07763787565281288,-0.004854431780267565,-0.018308802179968997,-0.022168350537033144,-0.07703995142028552,0.00041496747371128073,-0.020930476443509316,0.007189222110749016,-0.002325278107551898
2022-11-17,-0.012987097348496679,0.012971387488017294,0.011020568899771988,0.006698376692438224,0.01650625348018986,0.012439637550583305,0.0354115221365654,-0.010151455890675565,-0.005500458371531014,-0.009362167428599077,0.013165481855275551,-0.005712269183868579,0.011583055939295983,0.0012106974219454614,-0.0009297189158937735,-0.08823534774120145,0.021142783190470027,-0.014807451162678786,0.0026642856933511982,0.006283159647122449,0.013986148201155846,0.002823216217731961,-0.012174691019006811,-0.005860093453662674,-0.008307333250827886,0.005302145858161245,0.0331606902744388,0.0057960295900783,-0.005802339204882601,-0.019498693093249697,0.0,-0.017610131424540154,-0.016932256186966366,-0.006118710093902857,-0.02657815007031905,0.00898067215725007,-0.002224022881148091,-0.01936299465073754,0.005652885997809776,0.007317480990892911,0.022214024797809984,-0.016578768608865868,-0.004588437492204278,-0.015497200211358697,-0.006335879209423134,0.023816544905987724,-0.004300869841962984,-0.009525072540004564,0.0033219292607988837,-0.0063720112140616125,-0.023363277722705078,0.0014707234238227063,-0.005986111315330889,0.002117916232949657,0.011014997391019188,0.007890107127155543,-0.01015232259867238,-0.026108989667001037,0.006571313559621927,-0.014104387424427656,0.012396711856580644,-0.014093224468100796,0.004506728152764428,0.002243274052441846,0.04206614065651215,-0.01199270587211465,-0.0071816311363192,0.007414352177913086,0.024944502924248768,-0.0036363373456549386,-0.007844580049590544,-0.019976000803573424,-0.021951147024775297,0.010212961249576047,-0.013808890048872646,0.003020231858446465,-0.014925334338146468,-0.006041491622538531,-0.003366983875671248,-0.02415236808667065
2022-11-18,-0.006578868790446113,0.003781750269937767,0.0,-0.02528462448497637,-0.004465518595951901,-3.43742532135094e-05,-0.012524095665476742,0.03499461444588725,0.025283148259493515,0.013397181109696454,0.028844713744548223,0.005385991757299813,-0.01908396890992703,0.0034547980914796383,0.01581813764064033,-0.061290266015153305,0.006375896786632973,0.02476516810541196,0.007582081689057274,0.026295079713652303,0.003484221471176552,-0.009385103207311896,0.02549256978919967,0.007806268874452016,0.011518218797350599,-0.009493586841708201,-0.0060180960892370905,0.010194955317485377,0.02995259206677381,0.03141721654943619,-0.026000022888183594,0.019846648625016394,-0.026342534221977854,0.021487231956028863,0.05392475469204783,0.01579518658119894,0.016198994381409815,0.028987692986666147,0.00718325832951372,0.001660256576599295,0.002494490887936962,0.032183913421865995,0.025785307682595793,0.01520943595112012,0.00769979449990732,0.01876661785577216,0.010103371724031973,0.023822571832179396,-0.015893743268512783,-0.01166890489445993,0.010321575463509314,0.010132208357416461,-0.0019017484200337664,0.003874766306654731,0.01634221685546433,0.001361392339544798,-0.0064102564102563875,0.01408430058975041,0.0003842090687269373,0.008379314221437673,0.03294449207509276,0.037911755775226874,-0.003084410831607376,0.019398224614616932,0.0053699697320146456,0.00840344308262786,0.005346465972942971,-0.0002301020105265339,0.013520822233351604,0.011909188888094446,0.007727067140925525,-0.025087250402059724,0.03740635749431109,0.0039561836232817615,-0.0027167470798172833,0.009033690079903511,-0.006313461410428545,0.0028054604691798435,0.015067607511787928,0.02301336330881032
2022-11-21,-0.05298014978305121,-0.021680278453943602,-0.014937421628237857,-0.011377427500495974,-0.015087679964060907,0.003027981368514343,0.002438987173685181,0.006432002734880982,0.010531788635647077,-0.0018447685326079544,-0.01693261195914586,-0.004999967067799926,0.011673121718080326,-0.00275441714785829,0.015440964807617252,-0.0034364227382496226,0.017303683621319177,0.0018333389277978007,0.021824820376931342,0.015424088930548141,0.010416735957576417,0.0,0.005546895050138945,0.005374641507912337,0.037267205462576225,0.0,0.005045428002495855,-0.0035103421163270587,0.006628965555739885,0.0038885366738847793,-0.002053337223750229,0.00941607917623366,0.004162158017650963,0.005081571515825889,-0.01230563439085186,0.011724159236542242,0.03072698820187658,0.008437690138263454,-0.01147298619593018,-0.0029007606225673888,-0.001382235683560995,-0.0029695590987430798,0.004212699953592303,0.01623872572867735,0.016595027401499207,0.013239878303279662,0.012393745026237468,-0.005443455567317179,0.030282760207182235,0.019954154945797775,0.004807893844198885,0.01831664170252667,0.020959091539591634,0.0,0.013016992070320477,0.014276135476453122,-0.01935483870967747,0.005651499080919109,0.0026103487479165466,-0.003445520533377211,0.02243871715197443,0.02485043145844501,-0.001593701885835408,-0.01195417561361578,-0.02983774897525726,0.01574074371783185,-0.011418725975720467,0.015643064042463184,0.01173955795311965,-0.0024676866954003174,0.00927227328243485,0.003037887758374991,-0.0024037599068046367,-0.09894917495728317,0.02200333361662432,-0.024687977139190687,0.042778671566937154,-0.01119025832456022,0.006123932907432739,0.003820048758565342
2022-11-22,-0.0034965478865818245,0.014661217351664702,-0.018442639799814198,0.002148218406965441,0.03850401532954484,-0.0038519234206779718,-0.011192192251839095,0.014854473404815494,0.012963619135449855,0.005646756027178901,0.1277705046754336,0.0,-0.0038461685180664062,0.010875181817039614,0.006314527439529094,-0.00689654492027858,0.011183132561402243,0.001830054336403153,0.012189972314874842,0.0010125378723111478,-0.0034364186790750706,-0.00023707232966063696,0.01654924578519168,0.0061321141344747865,0.008981848212630483,-0.008785990920898934,-0.031124540002951062,0.00880688141793784,0.011364793740877621,0.00758559989012797,0.0226336735916306,0.007587098124570257,-0.005181161533653222,-0.004585476861950211,0.015737834282675278,0.002317552100994824,0.00025827708094383617,-0.004858158263475132,0.014429228759900825,-0.0008312485390538082,-0.0008028410327952651,0.05733428790709749,0.000978912788786479,0.010721684640861096,0.011391630382549645,0.012214704460117964,0.002720486868678984,0.007404911446705409,0.03396453782061504,-0.01860720593374532,0.006100347527438155,0.009278883195191323,0.0024882587567907066,0.016491205099927964,0.011337659278317425,0.034852489810967446,0.05921052631578938,0.04276590689072601,0.016463615208205162,0.03498070540481413,0.011594403568518041,0.017820439401683208,-0.00403811096508877,0.025679034951292534,-0.0010126836625889979,0.009115565088977151,-0.01060111260369645,0.005209411213953796,0.003164629545797437,0.005137799549488342,0.008303801155395973,0.013718351498692938,0.00963856132040708,0.049562750485211415,0.02911620548176197,0.007788557954659492,0.03980500831009515,0.010609244451162514,0.0035724975040465345,0.00951368902372507
2022-11-23,0.04561418287845509,0.005926173990180805,-0.029227584614983648,-0.004440375537714036,0.015282412304038706,-0.012715762535729702,-0.0073818711015276595,0.009105591303825822,0.002258486442436647,0.010617693992859278,0.031422585527375535,0.013998594931218689,0.023166038235786335,-0.0008982526870404683,0.006146644078771191,0.017361093864397548,-0.012516722836445227,0.010129504061813899,-0.0072549056326866035,0.004636698408286399,0.032758504295833824,0.0007109280383958971,0.005526885807105808,0.017659052286468135,-0.01978220663776653,-0.015310225673722422,0.0051813671203522205,-0.0034920651740314446,0.015228003435069803,0.020823199693376315,0.0040241412013706235,0.014442544979358818,0.0,-0.005906050775858818,0.01291159372516626,0.007423689919152876,-8.614185548116993e-05,0.017222302983772364,-0.02752018354699859,-0.004991811042687422,0.0023273599986399773,0.00985917923966495,-0.0009779554556840209,-0.014381833703249747,-0.00011611077429996008,-0.0007483084153609987,0.008710640963764726,0.007244140328458881,0.02653184797271302,-0.0077496708527647895,0.014757809190039772,-0.01244683736303731,-0.0009306869820165931,0.000690276944535162,0.019432077670911374,0.003238256902071912,0.02335400314804925,0.0056631980488470735,-0.006328213179391806,-0.00687754919078043,0.005048414927665279,0.010619959974580429,-0.007919904913709863,-0.006981244803462294,0.03515788531419539,-0.00180638302970626,0.005117526232386371,-0.0245606586011895,-0.002103097506026441,-0.007951334119402298,0.0021028289324755978,-0.04200354269695461,0.002386432199187327,-0.012500039840447008,-0.01992422749813727,0.021253126534762412,0.009765666394286221,-0.012014375181871761,0.004812543246732748,0.011518280748711307
2022-11-25,-0.023489980170209313,-0.01959358034568648,0.06623650061963215,0.0026146694419735272,-0.016492174228604828,0.0011998448102057413,0.0,0.011201537528935379,0.026539948751900688,0.004849174193095385,-0.014079625784143235,-0.008849620316973006,0.06415097218639443,-0.0004281621550801251,0.004072594527341433,-0.04436863873003127,0.0026156590136228175,0.007068933245534703,0.0022133514578577262,0.003776272443296813,-0.023372414265061425,-0.005445051919500177,0.011992909157781062,0.00629604642226167,-0.004036404864329879,0.005455558204361832,0.010309317880007551,0.0013141272556793648,0.008585679855197759,0.007845597093991019,-0.020040061967810496,0.0031636416656315447,0.023958232342119024,0.0011881153962469693,0.0012745760126149364,0.002295473268145276,0.006848472962827756,0.002933154638835367,0.004640360436128477,0.02508375704544563,0.00975912097467635,0.05578801828607305,0.006852274219645738,0.010762653466493965,-0.013935584930691802,0.006365702253384065,0.005945519244783926,0.002115260045751688,0.017845989226010994,0.008546937022353429,0.004945805683767901,0.004869626569880214,-0.0006212869524406806,0.0,0.0058650453885589204,-0.018721653375811997,-0.03884434395401026,-0.01435069617475393,0.013798369443531966,0.002374335767926228,0.013711219116072648,-0.005822101697868121,0.014255945551416405,0.004363643761837066,-0.0001836282342753126,0.0,0.006045945820625898,0.0159391180343722,0.014225524988177085,0.006488404895387712,0.0005245212438973468,0.0,0.0023811002440172757,0.008907618270406203,-0.008335011212863952,0.009189081707599245,-0.011323933413868503,0.017001306429289764,0.004264499553065626,0.007660397877552683
2022-11-28,-0.030927886679856575,-0.02626411836365472,-0.008067695692773769,-0.017334021176455217,-0.025951516689935228,-0.003947447938016602,-0.014377834131403144,-0.009147346990481808,-0.0051219164321547606,-0.017291782666197353,0.01058707609341969,0.027142862461100536,-0.049645442836965925,-0.02741123856432115,0.0076058206044427035,0.024999976583889083,-0.003143847279924894,-0.00750914460633989,0.006645870268884524,-0.011787348807023923,0.0,-0.02380394734869895,-0.008394043781649319,-0.01480245695281368,0.0,-0.04449265769105459,-0.012244886043219938,-0.005249499746070474,-0.00984600296956839,-0.01307792238327865,0.0,-0.008733407247571767,0.03967448392342532,-0.02421060772727457,-0.012730783166225446,-0.0004822009110474479,-0.004834005775843253,-0.00013305140059927112,0.000989948992690337,-0.004282226028645364,0.0014236233893498706,-0.03632762075711782,-0.014444736081470233,-0.013719660010145351,-0.013661663753454345,0.008837315232748555,-0.029270931959647584,-0.025329801472980917,0.0036276217484561,-0.004042222616883806,-0.018865747072564054,-0.011259909136119517,0.00839020232505261,0.0006898007909528214,0.003644581462055818,0.013157889360158048,0.008966899238900927,-0.030501215291373507,-0.01405925411107567,-0.02329254458606278,-0.0133921339213392,-0.02671037495716877,-0.028298374102816326,0.001689589531947755,0.012180117723756156,-0.0371043683222656,-0.012177590302356545,-0.003865441196932773,-0.01818183799842732,-0.012514009661213632,-0.013981197508621479,-0.023848940873188673,0.009501195103163163,0.010222974184788347,-0.01578523940169385,-0.03294045799288514,0.011058674208321628,-0.004875881889359501,0.002874581942277743,-0.02054635862847687
2022-11-29,0.003546144327881473,-0.02114834965667023,-0.03456701199999668,0.006868599097335171,0.002732571957519747,-0.0022289625355746967,0.031187166267943267,0.004827836141058306,-0.015444966585985376,-0.008695748636793121,0.025216458524961682,-0.028859585818192257,0.0,-0.009424132537599994,0.0,-0.031358856361689114,-0.01073596225055562,-0.009868293546189566,-0.008650991295798716,-0.018780161132546325,-0.008546767758857321,-0.0063398119618347515,0.004680531170867752,-0.021840115234559976,0.11347522584445047,-0.011073236119571339,-0.009297536131250839,0.001319217201444678,-0.002486110240913164,0.0018930824953851122,0.022494915443312724,-0.013093556685019103,-0.000978568525328849,-0.011432800082215255,-0.00386843721362895,-0.0010852901194327025,-0.009199243442764904,-0.02047320395861707,0.011865364491284058,0.010649021748674992,-0.004975812438889227,0.017820440449804797,-0.011555765740433044,0.004983004137844471,0.0,0.003596138708207297,-0.010293166426237454,-0.015592897787553905,0.02406340008428387,-0.0051838935613161,-0.014809440249847872,-0.02364133375281552,-0.0033896950133679438,0.0075837623854118075,-0.011619595743872058,-0.13376636130999509,0.0007510021160610503,0.03345686151356109,0.023358565042064017,0.004850478591090779,-0.00746532847795689,-0.0035222337903974,-0.006654015237005595,0.0,0.006046981340459556,0.0009401006315625793,0.0004019515476065827,-0.003423804825143928,0.009523825862901125,-0.0013443507885947392,-0.007621359353735313,0.012779566896007788,-0.02352937248021303,0.011499515938502958,-0.00020831517884467576,-0.002215472316281275,-0.00937506649082609,0.0003501054813472848,-0.003517730831835819,-0.01300604423100804
2022-11-30,0.017667893560079584,0.04859397364089757,-0.0025273314070971553,0.029457387998122586,0.057773510001794204,0.01563891266301809,0.030731666378858602,0.013148881271324298,0.027888218706340284,0.011248698251800082,0.013545437756253165,0.013963583738403784,0.029850789820280887,0.029785749917651705,0.029940834234696956,-0.014388475634778741,0.008274869073988889,0.014451831935919923,0.026722427050671405,0.03224408890103159,0.010344805118766898,0.04294492543911166,0.009912926010399836,0.028186856896764034,-0.08007293710588337,0.017800714880582325,-0.00834201485225905,0.020201976451961867,0.018068490454146824,0.049598451602210325,-0.002000045776367143,0.027402529227200212,-0.0097940768456668,0.024852379664177082,-0.042071241065817944,0.02969601338837169,0.020304710101993972,0.01370784952221027,0.027035858522305833,-0.0032418732842778297,0.019590620942488313,0.03905723291628971,0.03266802081034914,0.013531620501670893,0.017074695605642898,0.01176038161128612,0.03273781963746325,0.027939771573647576,-0.017846368998636897,0.01823744748690448,0.026791035229280613,0.02052263527836229,0.011131756015957395,0.0167636325895113,-0.027920602900552427,0.0007497763164736604,0.022389005426556086,0.033109393388421005,0.02023706294443528,0.045655679847780295,0.01340241783164986,0.008247490322157436,0.019803963082732023,0.02048189094267694,0.004207537145001217,0.01690129900053483,0.021054234727888366,0.02954651283218057,0.027253692863886902,0.054028247580583555,0.016431391787460115,0.039153934621438236,0.0120479952926833,0.02501133659285859,0.021666947900894407,0.019983383112250896,0.00946379015276344,0.017026036441193826,-0.0035954787118624987,0.025292338166534867
2022-12-01,0.02430560469152998,0.001891669605272428,0.0004223319553131599,0.008283063399462831,-0.0019321641348862828,-0.00160625952321658,0.03218174785536099,-0.022545744203299578,0.003149369685751191,0.007041536801113191,0.013716117142538842,0.006355940601348031,0.05072462315870885,-0.007511687950142232,0.004519451133398356,-0.0036496315432303916,0.008140120741786383,0.005567297469081467,0.017690060786596185,-0.013029207858638703,-0.008532449650414331,0.0075293340436519696,-0.002257555186461868,-0.00831668150935927,-0.04648855308663091,0.007052186025940932,0.004206094730844212,-0.0030132082590644815,-0.0019378876971889447,-0.017101930634919937,0.0020040539760575182,0.012672184275938303,0.012858705699288597,-0.0027611429065014237,0.005405380158443718,0.0014067792508813959,-0.013989815777259773,-0.004953796152250334,-0.001268567503859952,-0.015857085976180962,-0.002021197946138975,-0.04277380650412055,-0.012914834061821812,0.009172395950677315,0.006456760622209234,-0.0029060938823294302,0.0022694469904906978,-0.017870584546708312,0.03089029362627005,-0.013565780512409087,0.0015348586589134516,0.00405094578422216,-0.00611620398327728,0.013202208249590397,-0.00755861228715915,0.017228445774451595,-0.00893070402027285,0.014867115700929023,-0.0022298303718190082,0.033852630596512556,-0.039271410588951894,-0.017236697133812373,0.011042390970136262,-0.008028339193345113,-0.012210512820854169,0.02865053640042281,0.0062962072404058045,-0.0002222799567044298,0.019897927656019387,-0.020977831419183746,0.00509595762206394,0.05642841946519117,0.014286135404161904,0.0048802259125584335,0.024469772271147328,-0.024761941672425514,0.024609257911988314,-0.008026331339747395,0.0062327963985815416,0.002487307312245113
2022-12-02,-0.02033898730828032,-0.0033713346757624496,0.0033770582450589615,0.004032924343068567,-0.032266389928805816,-0.0015036928771465785,0.009170140661936665,-0.008085856800867819,0.013040534631032275,-0.005066782902538036,0.001503647914671502,-0.0038596737279763538,-0.017241379310344862,0.0027838426909061464,0.010092205971605095,0.0,0.00547182618777331,-0.014492835503547297,0.015124886249455738,-0.010578071872863859,0.022375212813990464,0.0037363980891467197,0.009149189811594516,-0.0013974612340291737,0.007261526781578764,0.013445365041409696,0.004188477597292017,0.003885880525524632,-0.005109932112857374,-0.00228914943444114,-0.002000045776367143,-0.0023839979978563797,-0.026759491999874485,0.005657813408786128,0.032258261343649286,0.012877258036769756,0.012290653496996207,0.0009419768563065922,0.008574145372929332,-0.017351818795257823,0.011962490520182056,0.006770441753293666,-0.004220535279244153,0.0028277867771893117,0.0075819217290424845,0.0021859422111987215,0.0016982311971884823,-0.0080626632282782,0.044653349852654234,4.930447816131611e-05,0.004361665600367548,0.016138219539776566,0.0,0.01871038204923603,0.015993803998172407,-0.01767317894250897,-0.024935245268405182,-0.0024562193103218055,0.015950313942574068,-0.0066976857739825535,-0.03441501839464145,0.009810133795562948,0.006308117680336567,0.015948631526108592,-0.005271701400317075,0.01527404946736155,0.006569809793757431,0.024921984176288436,-0.012506253269757628,-0.01136568990417064,0.003321497503079307,-0.07623398687070249,0.0,0.011037694916387508,0.004577961298950495,-0.010881713060862941,0.002668798888398216,0.011327990808150057,-0.0009779356480664747,-0.0008270453215392104
2022-12-05,-0.048443002393014134,-0.00798322633021431,0.022296793717465624,-0.053257985213366554,-0.018138177506840547,-0.002101446064977086,-0.009995425309710204,-0.005834732241375207,0.008581493484124403,-0.00590746326902114,-0.02632789258564794,0.05318765247854773,0.003508785314727314,-0.010323575993701484,-0.032261910796601345,0.12454209223218293,-0.01101711795557725,-0.009748676939804302,-0.035014806159280765,0.005815930177380579,-0.06565655896254985,-0.050953775554814174,-0.005556848795143732,-0.006532083759226537,0.11019559063394335,-0.011055874032750768,0.010427468842993282,-0.012473174463143888,0.00020550319143386453,-0.0038245561224024005,-0.008016024787124265,-0.0007166540367746776,-0.013238421217763086,-0.023701241546671192,-0.023437554575766573,-0.002542728797624405,-0.006304951756114896,0.06976749148818073,-0.026763288733889223,-0.03153231600081108,-0.014596158660304726,-0.01613986368293374,-0.005227354481018076,-0.022155264525309804,-0.026973727847092177,-0.0002726467862810278,-0.01808297128692793,-0.006370964010368407,-0.007311674963913606,0.0013758878677441189,-0.0005867296394288513,-0.002835965822293618,0.0,-0.0006558822757456451,0.0,-0.02548711792409275,-0.021395048205044565,-0.028578851740506117,-0.019112894316375195,-0.03465065546488433,-0.052516772364020636,0.01604340081408684,-0.021612879366807447,0.014058070989477756,-0.056225742508634324,-0.03893798623019207,-0.004662074499403368,-0.008033019482313941,-0.010638251616390981,-0.012627326401160377,-0.02038677661609012,-0.0466605455708331,0.0023469882767757078,-0.02096087017382997,-0.012284397493337873,-0.01861781127727813,-0.0110266602826673,-0.030517595766408112,-0.010246816299151917,-0.005794724392924833
2022-12-06,-0.03272723810615319,-0.025370067154598552,0.007407432117163992,-0.003299797084957423,-0.04550402035500001,-0.0056858528886170046,-0.006883961430768748,0.013636982127285924,-0.012290165258416308,-0.013422227915772966,-0.0123340781626885,-0.049498301345823226,0.0,-0.012798003467913266,0.0006218685235386268,-0.07166124866258439,-0.013890544046114894,0.018521560890985223,-0.03328719041757788,0.019472854783047833,0.036035959357528125,-0.007109681596199291,-0.0080383590480122,-0.02050734081955552,-0.002782962910179987,-0.001956391761106513,-0.019607800682256094,0.012195230746881114,0.0019513973098193027,0.013820790079426715,0.0,0.008487814298159035,0.03921567522827818,-0.019494644972480546,0.0,-0.010660335860322778,-0.002958352164857736,-0.017843754701603043,0.02296999146952028,0.005643540403138525,-0.002031164584939127,0.0027341053684302175,0.0022722081364541236,-0.0010298518290442482,0.0039261211700489795,-0.009817190525271413,-0.008344820809635167,-0.008954305716055044,0.00283334543431768,-0.00392601564770334,0.00035230351769999224,-0.004977271161819341,0.0012306689643464264,-0.002625531104853529,-0.012743429034203335,-0.01846159481512688,-0.002328593765452469,0.0018103503437725266,-0.008350635902713455,-0.0065968208488226265,0.036696018953582765,0.0018834054726240002,0.004972653320053588,0.004852192816381828,0.0007747162474758262,-0.005525049648511637,0.00046845967629116636,-0.00415842436715308,-0.008192516220519974,-0.0011450312102631033,-0.01262891934049859,0.05969297743247726,0.009367804960787929,0.057091911523398986,-0.01604829412574371,-0.025869459701446273,0.026528413669290485,0.007309670430480031,-0.011605679010323944,-0.0016653738017723407
2022-12-07,0.01503769103196717,-0.013785089083439672,-0.00735296552418363,-0.014977152110496439,-0.0018499681176631366,0.008718664668617038,-0.021719007699201542,-0.0002554523124945751,-0.0023928033547573335,0.0013501775936552995,-0.0229347633374275,0.0,-0.034965034498667724,0.012519899911266119,0.0032324164402901534,-0.08070176377887939,0.01612805576155285,0.0014745104541418197,0.01856694009501636,0.00325295468385689,-0.005217426229163991,-0.01209882457033451,0.010771697612629527,0.003356313062384375,0.002790729406610959,0.03164382797776599,0.0,-0.00860571020558143,-0.009942694903088856,-0.009845478281493403,-0.014141353034639925,-0.007112477752793334,-0.027805235093713243,0.0013753632883859446,0.0006666376864068457,0.021550509163377196,0.01775895395241145,-0.002303008288542241,-0.012017816213522714,0.013166442139976198,0.009307146538017452,-0.01908655293217476,-0.007226773875912307,-0.0010308298527522686,0.01149578216126601,0.010648886303001426,-0.02546229164077285,0.006023625527607823,-0.11864433834532884,-0.0041879084721740956,0.001291423028324079,-0.019579791786373812,0.04855567773095659,0.00032919577500245545,-0.022779142115813444,-0.032915178917670485,-0.013615184314867634,0.00840313217440114,-0.003040931796103652,0.01757808003458261,0.018809275200531328,-0.0002892576342181652,-0.014463720468863461,-0.013106541446828879,-0.008319987289306718,-0.023147853605577362,-0.017946305535875062,-0.006153984899628373,-0.025296936357086408,-0.011274773574183716,-0.0072059035256901716,-0.0161203081355632,-0.0255221479283827,0.008016948189396578,-0.01753311566776683,0.0073768819660000595,0.006367007485902132,-0.004213513028835769,-0.0052037763383028235,0.002710691498144957
2022-12-08,-0.04074088541821519,0.012132844182745739,0.0,0.009603109686528777,0.004704902109015308,-0.0006646785487425255,0.015115715336371238,0.0007666231650735877,0.026385152697308234,0.005393087493174464,0.024948107420972088,0.0,-0.028985548309857667,0.02657202863526309,0.005576201054943164,0.04580157603787627,0.0059603868832307505,0.014231899696527162,0.060299153645323456,-0.014216724593936303,-0.008741103455920385,0.0027523233409301184,0.0024442457487965363,0.010831535100890077,0.02040815595764256,-0.01845820581865587,0.0,-0.005642245400083401,0.010352827622779115,0.00045907400546885135,-0.014344297135205464,0.009909332059477194,0.01838641196536428,0.003246743010857367,0.008660928915248167,0.0037837343029607506,0.019519110451152066,0.009105045366652798,0.003841178175385096,0.011077795548988467,-0.00048372494463844173,0.0027797054133906762,0.007707379558812066,0.001548049716147526,0.003515137219944675,0.006903402040079776,0.001041795828329306,0.007207042985093892,0.015384425206366625,0.001830487495623645,0.005510558291796697,0.01020400473845573,0.008792521365193373,0.0,-0.001553919653322966,-0.005672660930222118,0.0,0.0034947954549013893,0.007273495370256233,0.019385838115372644,0.0002907526676914074,0.014752690301247595,-0.003862189931380655,0.02516313786416058,0.0029268469615966186,-0.014218080043553183,0.0011123573533469155,-0.011499484968420015,0.004237284282951448,0.008310829468476832,0.0005443181293611765,0.012886740408701192,-0.040475907788642296,0.007953187894109037,-0.015563345912800619,0.03192723919555496,-0.002977319047204552,0.01833536951556658,0.001548288075106985,0.0035348756056321484
2022-12-09,-0.007721914931906104,-0.0034347846831035422,-0.016049533548521344,-0.03455929362548871,-0.026678087842294196,-0.024232431713511082,0.024197322629222917,0.0014468707172996531,-0.0063100366217689885,-0.0010316470922915322,-0.01906486827610554,0.0,0.0261194321965299,-0.004527637102563098,-0.013801682160940021,0.02554742080261274,-0.009520052987897931,0.0035483977956203283,0.05772933396084157,0.00860249390758816,-0.02116406769324708,-0.01447122710790949,-0.008582719114938131,0.0029939492763606523,0.0209091234483898,-0.000829612262817081,0.0,0.004801161895086281,-0.010861563517203465,0.005963149477105301,0.0,-0.006383625919248348,0.0010028671180262183,0.00012451970794424838,-0.025759683954138635,-0.019531768079127487,-0.018813795140561473,0.003812317400561316,-0.0098851344326778,-0.020859550535595295,-0.029048825136368195,-0.006237016679452867,-0.0011327567451333564,-0.01391057817554775,-0.004320059632427986,-0.01867378663749708,-7.420172393368674e-05,0.009026825513582137,0.04671700405970158,-0.009136117475945449,-0.014575487972102175,0.0033188570694977493,-0.026728641088247906,-0.0009870517289234382,0.0007782135081677577,0.03422971972988531,0.028000489837820997,-0.012858320746118146,-0.011724436890984902,0.001694598974836925,-0.005727727892177237,0.007269106276953208,-0.008820306443468762,0.019772702997381097,-0.012515565830775732,-0.0009616483197053549,-0.011111150534297565,-0.009395938807815973,-0.016350183592374612,-0.009584116592012193,-0.0043525197317521025,-0.00036355413836974826,0.004962660890161841,-0.003322494812287302,-0.04995783229270023,0.013624800862429565,-0.04404630689823685,-0.009348818937317982,-0.023322973004088254,-0.0006215473502232394
2022-12-12,0.035019415612318694,0.016389890240039007,-0.007528087621139212,0.028078801997172498,0.030325148594674056,-0.006710909643162455,0.02226259727499591,0.011302727455771766,0.014581506027339097,0.002168662291225365,0.01902879357649878,-0.014778298716434102,0.04000001387162633,0.006779412897293113,0.014494646393431454,-0.07473311118264614,0.007998286563425383,0.027001020715561763,-0.00639050439380251,0.005518851843761441,-0.02882886205618229,0.006835473609813514,0.0210526135558613,0.0007857166728302278,0.011576123108567149,0.010517499091726279,0.023157922845137735,-0.005647367804148429,0.0188543458367898,0.0247757908247912,0.006237049930402527,0.019631056646515876,-0.0080161024380766,0.016428172709326283,0.02711865710896233,0.011649414925146484,0.010642933424059642,0.00025311873913236305,-0.008051558548197058,0.00516449289623111,0.017341361759219298,0.003486763612470467,0.019426793016881216,0.008359510688187965,0.008208297570402312,0.001746790095901174,-0.0007437239736426404,-0.006218517570074966,0.022316169778030526,0.004834538092334029,0.024138956026675595,-0.0031640551637582837,-0.0008955248364155288,0.0016464305356473918,0.031881854006740484,-0.08825847110862828,0.04923281654427436,-0.014111163318001774,0.009820770282349178,0.017293198416384437,0.010635247359971789,0.012310580803905014,0.0038138136027725533,0.007577449536025904,-0.014775452354359175,0.037536304055397096,0.0012842309142520048,0.0255193037602226,0.0005362053129427391,0.014902409920230175,-0.012932565047902744,-0.06327283830326624,0.08395055985224875,-0.004166604664954998,0.01464393677021203,0.014001679843895776,-0.006247510482791485,0.003844711186661076,0.01864967508428328,0.008086373449127215
2022-12-13,0.003759445972473241,0.006782517688334488,-0.03034135616231648,-0.004312417427433046,0.013867318272610785,-0.016330547565909015,0.07066667344835076,-0.003949667940985391,0.00950379090515674,0.0012364209123156833,0.019400993340923822,0.0,-0.017482517249333918,0.0034947759783485743,0.00985341771380388,-0.09615384968074836,-0.015669974208078807,0.004068749201287414,-0.03693586401359239,-0.0026613295792571323,-0.0630798400556064,0.0012572238699808391,-0.025050560337068317,0.004238505505839374,0.02992960498327535,0.04108463623552994,-0.02057611149904548,0.01223263516417239,0.0016269622586566612,0.006674649276434685,-0.004132227333881411,0.002916875570980748,-0.065656553960039,0.008938140244709514,-0.04224402627700585,0.0014971366578695466,-0.012369814548477631,0.010505100537685719,0.006493619517941029,-0.02697473996037203,-0.023390119591664038,0.0006948766482941515,0.005842311966939073,0.01658050129952371,0.007210782054609011,0.01780285437550333,0.01086581410842724,0.003842199194779239,0.03480850957433934,-0.014384071565066714,0.00693258104878236,-0.003751218342142093,-0.0421273330758255,0.007232148218736301,-0.02712906504065038,0.050993756465469886,0.0,0.03165442733855839,0.003423448636277193,0.029563974877976573,-0.0061386998585144514,-0.007548159282525724,0.012274767344977677,0.011280737592530343,0.005598989349468342,-0.01205958373557725,0.010259646429455982,-0.024223307303343433,0.017684883515785232,-0.005530213375873783,-0.004982469606480855,0.00873456885877033,-0.025056828518329577,0.008368255825728754,0.008528331362730457,0.002485461986086568,0.020825070775990495,-0.009401088789044554,-0.0035806601600086863,0.0006169450634176954
2022-12-14,-0.09737829967475287,-0.015535878240082734,0.008257341449233069,-0.008662189833262723,-0.037962333046436925,-0.004150415448375244,-0.018679981738858986,-0.0016029403210734428,-0.011021621863933184,-0.012143674475601163,-0.038658468558462,0.0,-0.09252670271080399,-0.011042270341098503,0.0026834441247043372,-0.01702126105374524,0.0043356618594134755,-0.006234355090432686,-0.013723277227315145,-0.0107623734025164,0.02970296206466916,-0.012305342762754856,-0.005040047505754375,-0.016101258260933116,0.012820492729283206,-0.005787882549871837,0.0,0.002589359647266365,-0.0007106614546874557,-0.0032417138399242207,-0.004149373488428698,-0.0011631916350990368,0.07027025687215116,-0.009101579618451594,-0.013094557941879414,0.004139198670932043,-0.0013538434651966247,-0.0032564532830601234,-0.0019355321863683272,-0.01518171127303547,0.013494545799850544,-0.01041664045166013,-0.010233727201576559,-0.003465901701945051,-0.0038105138932624794,0.012434200755542468,-0.0013988567146523412,-0.005796182043263265,-0.024515398852957837,-0.007699874264311624,-0.0011473950621617712,0.010716861509161957,0.004366992473873177,-0.0013055514946910263,-0.0224632197077973,-0.03782891474426309,0.01779401621169563,-0.007826616854608504,-0.007908815761302868,-0.03122759584255519,-0.0022058233503295943,0.00436621599721887,-0.014724342193989215,-0.004811925083753166,0.010870291178071145,-0.014084308225652209,-0.01285310864182121,-0.006093565988604999,0.0031595295769111242,-0.00690318762614095,-0.01038569593045402,0.005387815344505276,-0.004672728896314204,-0.001244678559507939,0.003468957066943945,-0.01294755525556468,-0.04734411382766035,-0.015700099078248986,-0.005559652489661726,0.0018499558786178039
2022-12-15,0.0,-0.0468543719737442,-0.0025860698481691147,0.1391586148056303,-0.03481795321707981,-0.01840449969822089,-0.06049070821050673,-0.012506214616330502,-0.014395090572636993,-0.017605965577977,-0.0004948136425134697,-0.014285702012844737,0.011764675963158666,-0.031864549684698096,-0.007541940074253128,-0.03896100276999048,-0.012748046009432246,-0.009410165978724572,-0.032995718543915475,-0.015409324897463827,-0.005769168655095469,-0.014747088477624737,-0.030592182400231538,-0.023832299246322464,0.005063267017768602,-0.048690132522115404,0.0252100587791928,-0.021523864761813893,-0.014831460128854168,-0.01359933766490784,-0.010416705989173769,-0.012697730675319985,0.01919218553853952,-0.03661983779958433,-0.009776543859824849,-0.00435135064459613,-0.007923650696630702,-0.02525754941611147,-0.0032319693759728096,-0.02837355329395108,-0.009601103390595722,-0.027368445145456444,-0.009500913417211154,0.005626027091131913,-0.020980758355531592,-0.01721185846230644,-0.026540947588980845,-0.031129493496643623,0.02220906876751494,-0.009027314999236813,-0.014244716329009477,-0.022066307102906135,-0.0009319304286610208,0.0032679013823113667,-0.05071293055436066,0.008547227851135375,0.007304521551280363,-0.041323150136699405,-0.017975724886334588,-0.002223025804045653,-0.014443575976114897,-0.08862707881628962,-0.03526093777586592,-0.013186779651013003,-0.03219468649923729,-0.0276191722646163,-0.03134549501265238,-0.012488723303649918,-0.020472409725335816,-0.02220498760074341,-0.0091831095205267,-0.045933111288413375,0.0,-0.027004652960374353,-0.015773367197457477,-0.1010326393947183,-0.0024244285720215197,-0.026068258701873126,-0.008931535169597438,-0.025235957650246443
2022-12-16,0.07468871332723781,-0.014578724407613652,0.021607537981271685,0.08664770372027264,-0.016834437663269974,0.0047718384521096,0.043223819513456885,-0.01788474206593993,-0.005889371041687963,-0.014210075476652095,-0.01609300325292584,0.011231903320524372,-0.0697674143522814,-0.022977352557408515,-0.01813955391601374,0.009009000301245074,-0.012092327260661007,-0.019791143025881808,0.010301354239534488,0.0075670968653340775,0.03675055935622584,-0.009032420367772298,-0.02202857396587088,-0.016438758147406696,0.013434025323380894,0.0,0.0,-0.017157925922893225,-0.0186636705611698,-0.02442678594454606,0.0,-0.01604650405424557,-0.006937878514087781,0.009789284794758712,0.004936679692368662,-0.00022971098438728799,0.003673179883248112,-0.011215725971275403,-0.0051881718544903865,0.019084744014992605,-0.00038884532155691875,-0.01731600123110688,0.002256938542307685,-0.008544544758727346,-0.012431741263495333,-0.003922417561245672,-0.016055696625633997,-0.0018166593919028973,0.02630057167992983,0.00547611539931836,-0.0194616001647262,-0.019780128292972488,0.001554415013422128,0.0032573264995745532,-0.06677805914740398,0.007627251276969282,0.010580116031731812,0.004207648832609268,0.008436155045704385,-0.014296332139581924,-0.016001346161825247,-0.0200031282695311,-0.014376662012136388,-0.06191542315186416,-0.007791482256971793,-0.020568061829247752,-0.0043146484025560206,-0.007358092540739047,-0.006966728929777011,-0.013428156146005343,-0.004728464541130628,-0.0770310267876404,-0.06103312514739756,0.01665237615898718,-0.003293142134386584,-0.008382514190901413,-0.005265098187201556,-0.007455388922540829,-0.017955397379866955,-0.021258765984294103
2022-12-19,-0.04247100896350575,-0.015909768841264937,-0.01988173041553798,0.018954208473754175,-0.01253642070492289,-0.006394629725200995,0.026758775882255836,-0.01123984626883856,0.002843445447206383,-0.00516354677896258,0.004026034913234611,0.004657838951476201,-0.004166682561238644,-0.006356058273631393,-0.002746022968789341,0.035714251502436234,0.0014522814374791082,-0.005330265922813715,-0.001622612649522459,0.008193233010906686,-0.03917926488044354,0.007552375332994243,-0.004190742512487189,0.0023167568372821634,-0.009113421955745937,-0.02670372918217878,-0.005122970242039782,0.021038625127698607,-0.003362382125239982,-0.0023041956363848426,-0.03157896744577504,0.0006037430793834897,0.021956147198203713,-0.010953250108166723,0.06105243220567602,0.0021856858993958284,-0.0004681503949088839,0.015254283261432189,-0.03031291601149133,0.0018052251083708892,-0.0058076354496620075,-0.01027902676204806,-0.011822879819316179,-0.006053160505627653,-0.006834039279149939,0.002197830673720258,0.012007329179903437,-0.0011374319225740948,-0.005571171742432268,0.007685535611580141,-0.007368636856473265,0.004932759768898176,0.008380036272126246,0.004545589653521143,0.0026833749435342114,-0.007569516671272369,-0.024232503661005378,-0.008100500696105573,-0.010417530595425828,-0.006404222106059176,0.00911849831205469,-0.011932859438413823,0.018900818605918523,-0.02136746756895913,-0.012290591285681773,-0.01700001561172826,-0.0010000283403455157,0.005096225496199702,-0.02158669784438727,0.022217602345953047,0.010262259031244447,-0.036513870317363195,0.05250001116359049,0.005879848476031846,-0.012334670637204281,-0.011897312817394368,-0.01140078105636766,0.009481548754227687,0.00034997010671999895,0.0023656009028094616
2022-12-20,-0.012096728009170166,-0.0005288073514411185,-0.011221280006787127,0.017062243529500032,0.007121949836639496,-0.003575449800024222,0.04833962060840813,-0.0036129125691913844,-0.006143630711515025,-0.004974049595527608,-0.00701750531765899,-0.051711793647819415,-0.020920502425963994,0.01772812150405989,-0.0008762036508915827,-0.12931032799512066,-0.013396835456163325,0.003247811099407638,0.02668538316463831,-0.0030475108512266758,-0.007766771024668939,0.010338345770914747,-0.0005258871232363127,0.0003301323402735701,0.006689012054519328,0.005715831341764899,-0.02162719230916177,-0.018851267874453348,-0.002741236601089714,-0.0010777282899464558,0.0,-0.0020522111445009372,-0.044921926019261704,0.003563942120889063,0.017857254959761093,-0.04579920018179706,-0.005279049341460618,0.026711121540281102,0.0003361944275714901,0.00405429883637165,0.005199012133448866,0.04970327144260356,0.004700152632077348,0.0093932517594022,0.001810922405383053,0.002467040966777745,0.028673627106864386,-0.010475879132913701,0.010644434592964602,0.00015169297934236603,0.0,0.00014867923601746824,0.009848940013155616,0.041693494160118805,-0.03122236192802985,0.04067782543944731,0.0393008108037014,0.03623394783921907,0.03517029426846374,-0.010426525821052968,0.002409667162028839,-0.010329032417483619,0.028833411914761076,0.010189183806582847,-0.009678701617136132,0.008138497989492288,0.005839293760174558,1.025708669111225e-07,0.00220633852062746,-0.016839641463319177,0.0003762491771219789,-0.05188369519077074,0.021377834279880492,-0.00793317431352869,0.01271167040033605,0.01647641642158648,-0.019769303679115446,0.014393639713932815,0.008753855092261897,0.001931106058144838
2022-12-21,-0.01224485063683689,0.023809741437518683,-0.003055242841828787,-0.005171493933245452,0.04043039400513759,0.005703446946854873,0.03769040122614831,0.013354504755491048,0.012601163507715007,0.01130201384941043,0.017541661488364335,0.001880328993494107,0.04700856407701148,0.01355835013983353,0.014657961524304097,0.07920796403042596,0.005109612457299573,0.0142439286042777,0.01850693686383309,0.014265213762027829,0.0058706744527363686,0.002046590590362829,-0.009263194767088256,0.012213377912295043,0.021594740836980764,0.015345295157740857,0.017894744873046875,0.016979365758220677,0.01194633811884338,0.005240576812602704,-0.010869503246587309,0.01596897032098976,0.00818014355997887,0.022070146895812437,0.007147522595072786,0.02682565967945627,0.005692246076152152,-0.00025018390188857875,0.03225794231104495,-0.0026921358150243657,0.02327307024405556,-0.004240245057237302,0.007513743277687723,0.005726625876680824,0.015182632183763367,0.012760978581449978,0.025951884426722804,0.0121977109026985,0.1363638538850347,0.01949391660062849,0.013529582903594628,0.021415801239016208,0.006400628677267317,-0.006205459978454564,0.022099655078644975,-0.02442974926544006,0.012295529171217234,0.014403508322567538,0.022727175649608133,0.01666664596109424,0.026742948051072357,0.011400332313090678,0.02165626547644295,0.031940486324438355,-0.006631650168451464,-0.01109999937763917,0.006800347558312714,0.002309485404064615,0.03082000349978009,0.024098817731641464,-0.0013163768342263626,0.15393782667805067,-0.016279165310961075,0.005471452458884807,0.03765693451867147,-0.021820386919080614,0.026470564912097094,0.018999746659634997,0.007844385906661255,0.01584579399822217
2022-12-22,0.03305765385396198,-0.023772575333522283,-0.008318976680691037,-0.012552370466437757,-0.05644207561464931,-0.003755478472764917,-0.003091187260443662,-0.0048002144844228045,0.005635131727539822,-0.00322380374768072,-0.002108273751442624,0.0,0.12244897959183665,-0.02427355910989526,0.01049501157952748,0.050458665929975055,0.012534828678339993,-0.0014363213535223407,-0.012970932849367012,-0.01046463341863646,0.021400785560713897,-0.0219553721950968,-0.007649856300531055,-0.007989689580484072,0.014634075156655824,-0.022110297387311406,0.0,-0.022407871503863586,-0.005850470140115527,-0.011039649366792914,-0.0043956000193668965,-0.010002526070558737,-0.0050709412455784975,-0.019855979528367595,-0.0012903995366116972,-0.0022259896562943915,-0.00021269134424894975,-0.0007505304671989732,-0.006510305393338189,0.017769056569816533,-0.007336757715002307,-0.026969489732129204,-0.0035175495700324744,-0.009557583726123364,-0.0008309140576231444,0.0011699194495109477,0.006413975036476671,-0.03262848712431354,-0.014634021485720461,0.002179425992366202,-0.015475481674243285,-0.0033488177809858355,-0.0042400290361652715,0.002185582788875262,0.031531465210090426,0.036727670338569496,-0.031625926584187836,-0.0016967836364322197,-0.007457705371658907,-0.013943807575369171,0.0019022152578440643,-0.021749545800606507,-0.022635724288933345,-0.017221355770180025,-0.006675982662317725,0.0010204264255535556,-0.014167871489218498,-0.0027651809673354677,-0.009610267462627498,-0.005445270516013845,-0.0013176659650769862,-0.051546521736937634,0.004728077962094179,-0.025115093208343486,-0.028438096772402832,-0.023581886224619097,0.0008187937065244899,-0.025017678984877723,-0.01170957078944701,-0.005059130902875131
2022-12-23,-0.031999815044819524,-0.0027982004567213004,-0.016777077849345345,0.027991787134791002,0.01033504582534972,-0.005051786823431881,0.007751967785028402,0.009383571406097468,0.02358162274559006,0.010349271186754327,0.011061334254685029,-0.005255220569523211,0.02909088134765625,-0.004721188678905364,0.0026880720183535267,-0.004366808135300104,-0.008872343746075262,0.016781275795675787,0.016329407432107867,0.010744432945344107,0.01333345596832336,0.015661641178253527,0.0017130521229604678,0.015450337394538272,0.05368591069511752,0.02661706759383975,0.009307151176609185,0.010786611863022655,0.0072510081528118775,0.010542692327320857,-0.004415006622562556,0.013110504107026077,0.0,0.012787955505422666,0.021317769524498598,0.002818163339620927,0.004043696563754695,0.01439809895760047,0.0068806796516280855,0.014143441146418967,0.007089870377368301,0.03209333181320484,0.011719599572149075,0.0063645590851177936,0.0004751466020320727,0.0055736198950218085,0.007303826528496815,0.011282398320151765,0.21287133109173917,-0.007265968423262881,0.009959055250519766,0.009642122236612982,-0.0072992292585104535,0.0015575645723830966,0.008733663682082726,-0.03381640579353562,0.011714564415388873,0.009392469896317035,0.014648070904535793,0.005541698656275962,0.017964182009446716,0.009574733587168982,0.007948863205164303,0.031731000878834736,0.012734342633956786,0.0010194844520761137,0.0030078393798296243,0.005545491553335946,0.010781712731280146,0.016425583479964034,0.01470575100304039,0.10391322440849549,0.011764858956411217,0.016316065233592747,-0.0200958335555117,-0.0016318372109834778,-0.0040901306105921575,0.01960768905639343,0.0020212402245789463,0.007839104044817802
2022-12-27,-0.00826446449697471,-0.013878354467691256,0.002245175370827468,-0.012115928682026378,-0.019373779453490836,-0.00200827967647621,0.040384586040790316,0.0041702590138585904,0.01505458130277515,0.012590793555794066,0.006269281925932457,0.018490518995670335,0.08833922499637747,0.006477048237090166,-0.0018278322000947478,-0.048245568629886826,0.0009021970476903451,0.010845721393868635,-0.008645411824244387,-0.0011718236645167357,0.00939832785317063,0.014392107594212833,-0.00577168700719799,0.0016187321662912701,-0.025855535797852935,-0.013660381331485727,0.0,-0.0017785837512465097,0.007303124619777224,0.009818843713951253,0.0022172398086899303,0.008785615767606725,0.034658394757018485,-0.00012496591054234063,0.0025544063493210256,0.006205221929751925,-0.0006359924567679309,0.031227003253781804,-0.014318264791087887,0.00130746405925386,-0.008208788924550459,-0.03392223004781847,0.006978494881994646,0.00652853923096508,0.007242938209083283,0.002324376606982259,0.0041234557904481495,-0.018594114674929885,-0.11755111492053671,0.007219731316862932,-0.00201953149856704,-0.014180361811809705,0.024509789660804415,-0.0006219507322092754,0.04761896280552391,0.04583333908439435,0.008187098809850246,0.013913687360129101,-7.508820350499157e-05,-0.023185051896050246,0.0032995907878099473,-0.000321366521788935,0.005062856769979529,0.017213679257590098,0.016765484881485326,-0.002036794188988389,0.01982684365012699,-0.008731700611487425,0.0037333170572917407,0.004232379701235578,0.002229458730411027,-0.007089632252681777,0.0,0.0021123011639743172,0.007578926423292609,0.018960467095956446,0.008213856969004452,-0.00902172643900423,0.00027823794548376135,0.010931211890856218
2022-12-28,-0.02916672412895238,-0.030685218540889125,-0.025089669843376794,-0.023896819789621992,-0.011063707252645605,-0.007479287886325903,-0.005914966799440702,-0.004412503409047308,-0.012584116911728782,-0.0069548555052246774,-0.02064510489510485,-0.03149311847684266,-0.012987000923330161,-0.01849004044253877,-0.012086228658468978,0.01382487112212738,-0.013033675262783095,-0.010573820650395693,-0.017827860339622248,-0.0049440907140133605,-0.059590294914200315,-0.018241687026790854,-0.002795058162786912,-0.007756971669962032,-0.017954749983163154,-0.004239726437263669,-0.06762293359984095,-0.02093553846543761,-0.006007293472447328,-0.012154386051686172,0.0022124400274412537,-0.008120607554115256,-0.015763577636929482,-0.014753739038962044,0.008917154748529832,-0.013730621208764004,-0.01213231070821652,-0.00897654990838348,-0.02377020875652902,-0.029814736327132718,0.0009317713616154855,-0.004389204044025541,-0.01316721858612202,-0.008918444589969377,-0.018743432980974584,-0.009275720295671697,-0.0026196027692044765,-0.02237993236982394,0.08695641802338949,-0.008601544252342053,-0.009999847330575129,-0.01320997780590083,-0.014952114409938488,0.0037348237913961135,0.012396561514517401,-0.05577683163431413,-0.0052203824150061084,-0.02543488255902593,-0.014661648512808823,-0.0210117081516219,-0.009295013473685443,0.006592576836593533,-0.02169921120812257,-0.0058663881616308755,0.0017176926218789301,-0.027551021812954657,-0.019277962311910368,-0.01135840924617837,-0.017534533956278908,-0.016283528564864258,-0.022803050044295836,-0.008131516846240139,0.027906766601376587,-0.01728508536469997,-0.0037611738331173594,-0.030798953816773555,-0.058248668872659004,-0.01581225209660375,-0.017523122147468984,-0.004574773440106927
2022-12-29,-0.06437775246978228,0.02832429506921308,0.00045959661479844094,0.03860108127894746,0.035959725283267296,0.006655841079010516,-0.015991086460987902,-0.005040559325210747,0.017523706335896838,0.004244555357263868,0.013346563939799161,-0.013006920439637026,0.052631592156154205,0.022070390686704133,0.008155996466492788,0.013636350336153846,0.00042129275597146965,0.008643747536342339,0.021589222393485263,0.01827510090292095,0.041584333970930976,0.02219353743837349,0.00743873029358455,0.013355001756337748,0.025437234348006488,0.03945499312260847,0.0263736001162016,0.008644586221170592,0.005418402299814051,0.0018356107512158548,0.0022074506802507443,0.00949225146328736,0.004003875352658781,0.020050797302184176,-0.02146459066418238,-0.004483183631359022,0.0016317726305739022,-0.0025364101904840064,0.020628961608915697,0.0008969801514981945,0.004928536985112197,0.0058780254022126055,0.008286731478101217,0.015032216575588064,0.01557013273355623,-0.002340698069813074,0.02711525130412018,0.006783031442274101,-0.04931571106479493,0.0026926361854253678,0.011062710869130132,0.020526586832615434,0.011839925241151628,0.0,0.051428811329732094,0.06666664337123152,0.01690958540224119,0.006726458037957128,0.015183635568766896,0.027623199484864358,0.013135287877493296,-0.0009582984823314211,0.020596105723535763,-0.004085344974249061,0.017627024059379437,0.04197276113184767,0.03331664349372199,0.002813598744726198,0.027582489734719662,0.011684530408478278,0.001517755365014084,-0.000999811017502461,0.01809967325616313,0.012012127865155486,0.02820356249447875,0.04501835595537118,-0.04757785806796133,0.013388465115691028,0.006086654106489897,0.011489229324296968
2022-12-30,0.07339452036045091,0.0024686431601312897,0.005971545840061987,-0.012970827033786048,-0.000771413946208388,-0.0019761667339033284,-0.03061222577357192,-0.021137059026342442,-0.008275292058355532,-0.022083724011476513,-0.012678633910115922,0.003100788082978978,0.03750002384185791,-0.014907796628589876,-0.011890155289314475,-0.04484300617814163,-0.014674745518418186,-0.013243932896668253,-0.014768189204739324,-0.02257872082981971,0.009505333310316555,-0.004796768443610211,-0.002782382644800907,-0.02539366116321784,-0.009302281044988425,0.006553841765894353,-0.019271980967356606,-0.00045123491910392666,-0.012229215903152957,-0.012111672136823515,-0.0044052821794189345,-0.014574545216575752,0.014955200254801237,-0.00783779427922382,-0.006451638425268302,-0.006281176487610507,-0.007202674326366898,-0.016951050654566924,-0.009277569670589236,-0.0008961762991456235,-0.0032151049890077887,-0.028487903696306605,-0.019362190689660275,-0.005238824104902728,-0.014856019234967821,0.0011730568984271716,-0.003524571795444187,-0.05353718799167462,-0.006320086501347522,-0.018847241296201522,-0.005708890545055634,-0.0021863441970957354,0.006300403638266561,0.009612394195904761,0.04114907342091145,-0.032436692014648605,-0.0037843373074430975,0.004187073366191507,-0.018321748470585764,-0.003867738667191478,-0.018948637039475247,-0.010553381074574486,-0.006403285418205673,0.00683681015856985,0.00451528382064037,-0.006042306920775897,-0.007415569304321634,-0.004676105134951425,-0.008421044600637306,-0.011357164999051372,0.0003787965129542492,0.018414731582672594,0.004444501959680602,-0.012717243988230598,0.01252700529904871,-0.0006335384600070215,-0.03905533017453944,-0.011650088548002868,-0.0025323452866145013,-0.014250105434047589
