Date,ARTW,ASRV,ATLO,BGRN,BLRX,BND,BNDX,BVFL,CDTX,CFFI,CHMG,CPB,CPSH,CVV,CZFS,EBMT,EMCB,ENTX,FER,FIXD,FMB,FRAF,FSFG,GBLI,GECC,GLDI,HYLS,IBIO,IGIB,LFVN,LINK,LOAN,MDLZ,MGYR,MNSB,NECB,OVBC,PCSA,PEBK,PEP,TLT,TNXP,TSBK,USTB,VCSH,VTRS,ZTEK
2022-01-03,0.0028248560935075773,0.002590693967297497,-0.007758122397318878,-0.006081801665141495,0.01960782480441492,-0.0067259137211954645,-0.0030823538469917366,0.0,0.09448817537695486,0.007032506802196359,-0.021528473604003007,0.006442955349377222,0.03166230215975774,0.00726385766099491,0.00016479901803334585,-0.004786577654461999,-0.00202683448186447,0.1474244949972754,0.0,-0.005919532533443017,-0.0010529885349979118,0.0,0.0018937998737467154,0.008754373531329351,0.0,-0.008273570764733784,-0.0008357905844927904,0.10909090909090913,-0.006073882134037589,0.056962047771823565,-0.016003858615079358,0.018181600236144124,-0.005127371591261198,0.008143492892638049,-0.013419946559712681,0.005390705778195004,-0.008094338215201002,0.044897974753866476,0.0,-0.004202461810353553,-0.026249617123930702,0.11111111111111116,0.018050464443357228,-0.0010716492660235444,-0.0014764280459677037,0.05025869711034492,0.010309268214748757
2022-01-04,0.039436649798495926,-0.005168143285893878,0.006995987486139166,0.0020398621327819555,0.02884617324411587,-0.0001190739957328546,0.00018185706913431687,0.0,-0.07913665165349981,0.012609176729765137,0.0033001775858181315,0.008687547320894273,0.015345253570958395,0.014423063697193816,0.0,0.005246852966432902,0.0004061650737197109,-0.02476777809091235,0.0,-0.0015122960895559423,0.0005796180193962108,0.016012051301853347,0.009451828069308998,-0.005128121392113494,0.029221031013504817,0.004767324355991587,-0.0008367996787945753,-0.08196721311475408,0.0006791931161593823,-0.025449093094470854,0.023084781998073733,0.005357168084916042,0.007276049744316504,0.0008073818908889141,0.010717303872088246,0.004468536189403016,-0.0003402434518071651,0.01757808003458261,0.002174425878149533,0.001445264735540519,-0.004157974776170192,-0.07499999999999996,0.016666722124131228,0.00048770785314333764,0.0006157127888497538,0.011259839461959187,-0.017857186300760608
2022-01-05,0.0,0.025974162315544946,0.007764650590250444,-0.0029609508203063406,-0.018691571292548725,-0.003445212691379429,-0.0020003779302543157,0.0,-0.0859375285217534,-0.013410131145344284,-0.0024120644435005056,0.012114260977309943,-0.0780856273414341,-0.004739332208735791,0.0,0.0004349715602147697,-0.005549442690742312,-0.09206355285452128,0.0,-0.0032181791019383343,-0.0009304952761244323,-0.0026759341453368446,0.013482970692726415,0.030531316097887506,0.006309170531121788,-0.0017795984375887919,-0.0033492781405441985,-0.0357142857142857,-0.005089131365634603,0.0076804196721840245,0.03076942376132563,0.010657360627218448,0.014446982525124996,0.0,-0.014682166139469155,0.014234881226118157,-0.0108841003518938,-0.036468287271167577,-0.0036164428759347667,0.0034059942103090712,-0.005428588152293856,-0.05405405405405406,0.006278334365184657,-0.001072275972797021,-0.0022168732830989413,0.004871259955033125,-0.07532466728222009
2022-01-06,0.013550122368818363,-0.012658257326322642,0.005677071721422067,-0.00018602168497661165,-0.004761922927129847,-0.001072914566890515,-0.002186025493330024,0.0,-0.017094001070560583,0.028737928558234538,0.005715637275691465,0.016937774152603113,-0.01639349174618998,-0.002380893452094579,-0.009061128448936251,0.00391313770484647,-0.0009526622974906918,-0.03496500290228777,0.0,-0.0009499488129842693,-0.0008786233186265369,0.0017884549684976658,0.006282300994127077,-0.009619234380689012,-0.006269614464302187,-0.008912888273581054,-0.0006298990055356724,0.0,-0.0018757192332167216,-0.022865974772920517,0.014925143691658649,0.005272315690547202,-0.00044493371178522256,0.0,0.0037252572885515534,-0.011403531004524736,0.0,-0.039840636844701294,-0.0018149427915501448,0.00022977851997763032,0.002589326909733458,-0.02857142857142858,0.017330948988721007,-0.0004683644916163576,-0.0014811991528949076,0.004155124981810587,-0.06741573409952317
2022-01-07,-0.05080215420747913,0.020512911779376974,0.008468096827908056,-0.0016705931176292932,-0.019138738078044115,-0.002745033229431315,0.0001825087865845454,0.0323382661771594,-0.06956523397694458,0.0,0.0,0.018209903274522876,0.01388894223872672,0.004773265072407051,0.005818783714086395,-0.003897884745081348,0.002043465069678785,0.028985479703797834,0.0,-0.0028516212635580906,-0.0021109441480560154,0.008631141547845278,0.0,0.004273540656167141,0.00788639441358785,0.004796734518895951,-0.005044029359689395,-0.03703703703703709,-0.002733107243939714,0.021841151292056882,0.0098040535650874,0.01048944359049786,0.0025228491944759845,0.004035639165737903,0.01855673346019615,0.006211236361127304,0.009628355783837472,-0.014522837175506398,0.001818242798210079,0.0012655311111722245,-0.007188828454298024,0.0,0.005110703786097792,-0.0004098458463567267,-0.0003708490895810712,0.01655156818131598,0.1656626395709213
2022-01-10,-0.05915494111766195,-0.0025125825230152277,0.0,-0.0007433471775143419,-0.004878067388767171,-0.0008375234583876123,-0.0009123774160273435,0.0,-0.018691571292548725,-0.010192277259251536,0.0032786290708317622,-0.00021781938988951755,-0.030137022093236654,-0.03800471400530747,-0.004132103013787969,0.0326085874414308,-0.00394311718233975,-0.05985909965250491,0.0,-0.0003817865239671425,-0.0022914787710740514,0.0029508074362107894,-0.0011016923146111024,-0.0038684813943488106,-0.0015648826010630223,0.0011934775978696965,0.00528069480157245,0.0,-0.0006852066000100354,-0.01984732467495165,0.026601992271904962,-0.001729997833938235,-0.00769793995142265,0.0,0.00040472062819940646,-0.00176375195629086,0.005449651412021472,-0.037894720780222046,0.0,0.0005170990465266367,0.002460324809141712,-0.05882352941176472,-0.018644012756102724,-0.0005859480822335561,-0.0011133902631327297,0.018317662340213925,-0.05943146962695067
2022-01-11,0.008982027593025244,-0.005037822992034369,0.0015989639269109457,-0.0007632699993862513,-0.004901979575474669,0.0020360020497109943,0.000365599687584206,0.0,0.009523845854259694,0.0,0.0023965753566137504,-0.016797657092002094,0.031073484378464356,0.15802465094932971,0.012448114944896727,0.004210432442810053,0.001228624956048252,0.02247188803935285,0.0,0.0013358678382782152,-0.0007065785820506987,0.0002940750076663168,0.011029545220616832,0.006213676225381715,0.0,0.01072692743707071,0.0010503419917262669,0.0,0.0011997811086374988,-0.0015579073338181093,0.06676736660462801,-0.017331330262608247,0.003431310296490908,-0.015273278234189447,-0.02185337513726926,0.015017763568525577,0.02472892921412928,0.028446372327301628,-0.006170504741985217,-0.00045922947967236283,0.00666190649615972,0.03125,0.008980885627108082,0.0006840509639123304,0.0007433387831921046,0.020652747721846998,-0.03296706607672484
2022-01-12,0.017804208675266997,0.012658116188171809,-0.013572776857460389,0.0020667953850486143,-0.014778288095344094,-0.00035871686118493784,0.001278264102370752,0.0,-0.03773590168014018,0.00819977402987182,-0.007824409696479684,0.003106201531019037,0.010958893372029044,0.0916843972478465,-0.0024590568318447747,0.0062896762682373986,-0.0010908270881734294,0.014652000576396595,0.0,-0.0007619940399599123,-0.00035380551399200044,-0.014705780264218982,0.01818172492466763,0.015052113425564118,-0.006269614464302187,0.001178813017225444,0.0016796756242454247,-0.038461538461538436,0.0,0.021841151292056882,0.027482372796462817,0.015873209666643184,0.001635373774725002,-0.0024489388629201914,0.015721968225187233,-0.011314301291041162,0.018843215012246617,0.04468081859832118,0.008034868438237197,-0.0010914691920524966,-0.0038307336630476474,-0.06060606060606055,-0.0023963715183434875,0.00019538503713545374,-0.00012395917869301165,-0.009791050480945751,0.005681812794001706
2022-01-13,-0.011661796231637989,0.015000120210022505,0.025900592949046786,0.0028807218872095586,-0.019999980926513672,0.0016743708045472427,0.0016416317367544675,0.0,-0.05784315329613687,-0.016455399040151586,-0.007667201970114501,0.014819821362007879,-0.05149052961359002,0.007812492724042164,0.009860328040194988,0.0004165747009901022,-0.0028661052361783623,-0.0072202097704795465,0.0,0.0022870435692197155,0.0,0.005970120483849595,-0.011785657967628649,0.01901128331780355,0.009463618296053689,-0.0011774250532458064,-0.002515236809369603,-0.020000000000000018,0.0017122893465597588,0.0,-0.020707579233009477,-0.020833202182007016,0.00400765299497885,0.019639942774317687,0.00610999018058167,0.002640923142149143,0.0,-0.02647656369573481,0.003985451458950351,0.0016098981531778023,0.00888009044235094,-0.06451612903225812,0.004117847974366651,0.00019499457555749444,0.0004950372515530876,-0.009887863047189471,-0.019773992654552486
2022-01-14,0.020648947220246905,-0.012315230857798398,-0.007889510328203286,-0.0050030374218181795,0.025510203585134228,-0.005491272818887838,-0.0025497086283089443,0.0,0.004162327084500372,0.019230539962219684,0.017439342028399363,0.010898060865385695,0.008571420397077256,-0.02519372896279415,-0.0032545626620115176,-0.017909104588785696,-0.004653656558623487,0.02909088134765625,0.0,-0.005134956391431134,-0.0007073284450584971,-0.003857591234480706,-0.016986001056136457,-0.0018656349675562067,-0.006249931894212635,-0.0017694005532817858,0.0,0.061224489795918435,-0.0051276306693498475,-0.0015268200478169014,-0.026343500867665126,0.017730226601406773,0.006800794076210259,0.0,-0.014169871085479846,-0.007023849231956869,-0.026606378515643847,-0.08995814447056827,0.006135112700670131,0.008382345463818996,-0.015109307972377639,0.0,0.0020509278957143717,-0.0008781850829877591,-0.001978738989526496,0.01331550433158668,-0.025936574474714758
2022-01-18,-0.005780341244511877,-0.0074812860104317425,0.004373571646781871,-0.005866294104872161,0.08457705588692699,-0.006242041067182624,-0.004929628520544016,0.0,-0.08808284574055436,0.008113378854925912,-0.001735586887158469,-0.001940596977539677,-0.03966001915588613,-0.039761486632207355,0.008163155809844502,-0.00339289052274494,-0.0056380933588977555,0.0035335656299810836,0.0,-0.006690813479333313,-0.0023009589716673773,0.003574576628804893,-0.01580857481612319,-0.0014953473027066178,0.0031447109843016907,-0.0029530696625258424,-0.004411777678036355,-0.07692307692307687,-0.007043191899881784,-0.01681953197125996,0.035200308651833545,-0.020905794479686768,-0.010719548458119288,-0.01284109677701839,-0.0045176011281160555,0.010610109048949656,0.010333452521832376,-0.006896534185299896,-0.004662824840817925,-0.009564977349371784,-0.01407490787806176,-0.03448275862068961,-0.0034107456312544304,-0.002032802818655366,-0.002850049911439778,-0.010512410239814973,0.01183430783985151
2022-01-19,-0.014534869617614077,0.007537677531902265,0.0,0.0007492462283442691,-0.07798160160945233,0.002416018027759259,0.0,-0.024096355024368243,0.02613631105127534,0.0013100058246486856,-0.01108469539649315,-0.005400673546148593,0.05309729285206344,-0.0062111249368659305,-0.013765215969035904,0.010212855818373834,0.0022129039746705548,-0.08098592465653665,0.0,0.0028864009438580585,-0.000354921718642931,-0.002671565164022227,0.010832767180767755,-0.007862350971641341,-0.013479666543631197,0.01303307368741291,0.0029546006765195365,0.0,0.001037892353622949,0.0015553144531801344,-0.06468513302069656,0.016014310021050138,0.0034138066899500608,0.0,-0.0016502806018431349,-0.01312327818643344,0.00857800343343329,-0.025463015495176378,0.007927894714427897,0.007185514422933581,0.006923947468461034,-0.0357142857142857,-0.007871181976003672,0.0004896082762875231,0.0,-0.02257628722568683,-0.023391859748531196
2022-01-20,0.0,-0.0074812860104317425,-0.017418657107406865,0.0027514553978102985,-0.059701529361449124,0.0010844205574960242,0.0027525404593433667,0.0,-0.04651163773132805,-0.011214901438170166,0.003956103042684012,-0.026281275450612762,0.008403353487606458,0.0020832815931923765,0.0016420876515697014,-0.0037909754252014594,0.001517652535399261,-0.06513404011808388,0.0,0.00019201018014292082,-0.00017740926093146037,0.00029788608239766923,-0.002586843758396351,-0.0007545184655300963,-0.008579680864717942,-0.0007066953102899953,-0.0023142099997733867,-0.0625,-0.00034568237176890726,-0.010869699986259529,0.023364394145706013,-0.02451827110568805,0.0023671795783315464,0.0,0.006198612516769009,-0.01063832623641825,-0.009159209656689371,-0.06893103842587278,0.0007150134345661474,-0.007248377062509803,0.00616711116019486,-0.07407407407407407,-0.00862381416533331,-0.00031344664018917445,-0.00037321700520642764,-0.005434937516420213,-0.06586827373166126
2022-01-21,-0.011799468741531816,-0.01507535506380453,0.00040282441565508975,0.0022963042587564875,-0.031746052570364225,0.0037309830547533895,0.0020124781225336896,-0.007407397794370385,-0.03948887485145225,0.011342101994135989,-0.0035026070103844065,0.010483723925499788,-0.0999999735090461,-0.03326400193669243,0.0,-0.007610989406280244,-0.00013779997675666955,-0.00819671330225158,0.0,0.003169961579602365,-0.002008855378078267,0.011603563657351934,-0.0077805794406021755,-0.016238617565844105,0.022436025498061785,-0.004124559816300666,-0.002352183546153186,-0.022222222222222254,0.004322523867414052,-0.051805557618486375,-0.04566221901717982,-0.01795334293341644,0.008854504752279002,-0.019512203255869,-0.00616042642045056,0.0008959554957759241,-0.0089138077405998,0.015357858740204122,0.0,0.0016098261849148976,0.011906522256837526,-0.07999999999999996,0.0010438658266436196,0.0008816519358241237,0.0014923441404841586,-0.00751366237247042,-0.03846150319251662
2022-01-24,-0.014925359325276832,0.0025508981439803513,0.005235447849136765,0.0011176260059513332,-0.005464397720770453,-0.0015584679723289474,0.0001826209343491758,0.019900471493636607,-0.001209217452031508,-0.004672802343625548,-0.005931500330189077,0.0004414078366543617,-0.06481482639779335,-0.021505355393904968,0.0,-0.0072435666524078846,-0.002893815147083756,-0.04132237185888454,0.0,-0.00019136669424291153,-0.0020840334796069504,-0.0044117930210562095,-0.007468110241153236,0.0019193477956263028,-0.015673990614571087,0.004733547162593554,0.0008491167024868851,0.045454545454545414,-0.0006889338128378553,0.034768384169538535,-0.03741612641752834,-0.0036565647106070465,-0.010971218418660555,0.0,0.0,-0.006266747466712741,0.021652170064043075,-0.06783921644966506,-0.0014290051112795243,-0.005108453869624996,-0.008216168572466653,0.0,0.0013903950258582487,-0.000391607962230589,0.0004963109210318617,-0.011700089946368841,-0.11333330472310388
2022-01-25,-0.015151500920837613,0.025445423829026703,-0.003204891586816472,-0.003534789419034623,0.0,-0.001321266728937398,-0.0025560686535642807,-0.018536547359472966,0.013317149349781232,-0.01596237270961609,0.018784441291535448,-0.020520677486092764,0.026402615333808388,0.002197747609997913,0.024590129135801275,-0.02060056905206087,0.0009706070168853387,-0.017241363363798556,0.0,-0.001723998290540818,-0.00214225085888764,-0.010339603433430877,0.0075243025621754,0.0007663362301058019,-0.009554312540088428,0.003533526215345306,-0.004880574030037943,0.04347826086956519,-0.0017225247824350642,-0.009599945957208034,-0.013818535383292141,0.011009287402117929,-0.009318140750316228,0.0033167509955525087,0.010330710166629453,0.0009011856208203106,-0.021845605406438984,-0.04312664528105481,0.0017888906233531898,-0.011481186529986642,-0.001614537014291706,0.08695652173913038,-0.017702373379777536,-0.0004500092976033043,-0.0008684639669466199,0.022284209035349445,0.0
2022-01-26,0.0030769201425404624,0.04218353752706561,-0.010852077167679997,-0.0032676128778733604,-0.005494526224051444,-0.0055323228769247335,-0.003477738334774938,0.0,-0.06810032289339096,-0.0036260660304494596,0.006507750925173195,-0.01937365647769851,-0.035369742381433755,0.05043860130693112,0.0400000400066125,0.0013144425630857715,-0.003877895560192246,0.0,0.0,-0.004413134575502631,-0.003756506814685645,-0.005970253420544247,-0.012695970958475189,0.006891236211574281,-0.012861596932098207,-0.014084264524929058,0.0008531863227669856,-0.04166666666666663,-0.005694516573860775,0.0,-0.004838575357636876,-0.019963496387508828,-0.0053747970256061706,-0.0016530627638395856,0.022494785476997903,-0.0009003742165231143,0.003333397759549106,0.014084507042253502,0.012500107074802091,-0.010563798674929181,-0.012093684420871553,-0.040000000000000036,-0.02190807810934081,-0.002682376433654321,-0.002731969541050705,-0.004087039082932509,0.07518789579387519
2022-01-27,-0.012269926984675661,0.011904656821248416,0.002031590966747876,0.0033158415826921583,-0.07182326613319212,0.0032652748780725993,0.0022040148747219934,0.006461209558572989,-0.006410280706692251,-0.004022096801705843,0.00043092938167554884,0.015621405817652478,-0.05000003178914392,-0.03131526024259168,0.0,-0.008314998910244453,-0.0002778873367910162,-0.02192980392267585,0.0,0.003469347556651403,-0.0010772795438145355,0.0,0.011724621851381789,-0.001901187246786451,-0.032573216214775935,-0.00952418588191517,-0.005114439847064389,-0.06521739130434778,0.0015618180424410433,0.00323114665991886,0.011952891373156138,-0.011111221670328297,0.012759033655159957,-0.002483487629888592,-0.0076000408476460946,-0.00630636401744733,0.007360393071886184,-0.07777775658501518,0.021163958495648005,-0.0009438010838713762,0.018362660393570707,-0.08333333333333337,-0.015534600709857238,-0.000784921434375363,-0.0009959286704536163,-0.0020520617278010356,-0.059440504933889304
2022-01-28,0.012422348291186713,0.011764865607778896,0.009326859216112426,-0.0011576069999266192,0.02976190611348417,0.0012050108131143045,0.000732924114073441,-0.004444467515733352,0.10967746857673899,0.0,0.012494851636402293,0.0002261945481607519,0.017543927160695638,-0.01508614156000776,-0.038461575449899255,0.0048545608961059195,0.0015300902761616886,-0.0134529018534425,-0.059999908601163665,0.00019208944782334036,-0.0037752014282992352,0.0,-0.018691652998271913,-0.009523790249612696,-0.0033670639816515413,-0.004807510550074223,0.00214178733216297,0.04651162790697683,0.0008665293973821875,-0.017713585497079465,0.002001964268358414,0.0037452119992469335,-0.015562624802860192,-0.004149252588176777,-0.0004030915643523647,0.013599483415754676,-0.00365319810932474,0.01807224278111641,-0.015889438603848505,0.01948405685558896,0.00035008982865791793,0.0,0.013210998477354297,0.0011785728335329537,0.00037357455452102784,0.0027416824107300286,0.02973974795700096
2022-01-31,0.030674817461689097,-0.002325664461900967,-0.012180396429288587,-0.0043363083813074965,0.05202321188262826,-0.0007218857597777184,-0.003662648088085696,-0.000496002145938923,0.04999992237534978,-0.015384678631111814,-0.023191595111323182,-0.002261433957574277,0.07931034879650412,0.019693582575515345,0.0400000400066125,0.0013174254731200818,-0.000555593086959183,0.04090905100846176,0.0,-0.00019205255655385667,-0.0007217112460063957,0.0,-0.0011429034796111015,0.0007692836841708406,-0.0033783412327857976,0.0072464393745277356,-0.0014962150204186342,0.06666666666666665,0.0010386883264352775,0.05409850660439508,-0.0009990357980861342,0.007462905949685128,0.009184170860444985,-0.0008333764891093054,0.006451569693712855,0.010733192386406465,-0.014999995637951069,0.09467458092220205,0.01614598930968314,0.004922802037161,-0.005170502507314323,0.09090909090909083,0.006157307448694027,-0.00029434060712751897,0.0003738685194363267,0.023239685996821136,0.014440419540959093
2022-02-01,0.014881009611887874,-0.01398586494971854,-0.002465948101071147,-0.00015031272963295095,0.04395600019366919,-0.0003985515081595947,-0.0007914106516019315,0.004962772683868577,-0.00553711984644889,0.012499968685570462,-0.003920772497376324,0.0006801649818901634,0.019169310091305958,0.0450643873440455,0.0,-0.017544042613554578,0.0005559019422354261,0.043668185465919995,0.05802699263421074,-0.0005762683434703542,0.00144462021398728,0.021021022225842012,-0.00610226956142268,0.006533289414538235,-0.003390187123711308,0.0017985392998725036,0.006207427447785019,-0.0625,0.0007105560896512042,0.017107268215959204,0.019999946355816478,0.02592585832427785,-0.005221760523432817,-0.01584650482781369,-0.010416494654964858,0.013274540690797476,0.004399321882229357,0.12972970910974446,-0.01761668739395339,-0.0068005028976827475,-0.003319440758874692,0.0,0.0007197759119133007,0.000588943060988445,0.0004863890681403582,0.006680104915521845,0.024911093625196168
2022-02-02,-0.02346045751055914,-0.011820422883495163,0.016893260477989447,-0.0005632420642037728,-0.052631578947368474,0.0014488394443847863,0.0007369323145811624,0.0,-0.04677050601664445,-0.009452122931783657,-0.0026241986808662743,0.00883347579974858,-0.03448279985620151,-0.014373654305780859,-0.0423076093480832,0.016071520541800055,0.0022212175354159314,-0.037656965957120425,0.0,0.0011530296329815837,0.001983371149661517,-0.007353053859305403,0.009593362947722728,-0.00687264950713018,0.0,0.003590769530436022,0.001489212853597932,-0.0444444444444444,0.0003463684906714892,-0.18501535342993614,0.04509824669762175,0.0,0.01829646839955723,-0.0016948292326148806,0.007302239387727116,0.009607020326515503,0.0,-0.031100460784409423,0.0,0.01816165315617546,0.0033871741546296352,-0.04166666666666663,-0.00035966835155565313,0.000686356674916011,0.0007476355821698366,0.015262189271604054,-0.03472227051302046
2022-02-03,0.0,0.07655482609869324,-0.0060777671285439094,-0.008453887343386368,-0.03888893127441406,-0.00421927674103606,-0.006440096793067118,0.0,-0.0677570528167315,-0.0029211364756226432,0.01578606250280723,0.0013469165148969342,-0.058441504154985724,-0.047916668736272316,0.0,0.014938481351130184,-0.0036021989852619285,-0.03043475421480002,0.0,-0.003455019355581901,0.0012596820898114203,0.009572260415730671,-0.002280512917613109,0.0015378054622474657,0.0068030438259141235,-0.0017888868831148486,-0.007859028250045919,-0.06976744186046513,-0.005539361561040179,-0.08817999417594191,-0.014071380570602976,0.007220011248318059,0.0005893345765093372,-0.016977936082593015,0.0,0.009515417896407863,0.0006739277340184202,0.007407388569396156,0.014492975848720224,-0.0005699812128987514,-0.007805918402746026,-0.08695652173913049,-0.010435391410020922,-0.0013722138758133218,-0.001370164177347588,-0.011111187284774227,-0.039568307995641594
2022-02-04,0.0,-0.027932768486869763,-0.0032614652995500704,-0.00587329269125858,0.017341107377999654,-0.006174109424645136,-0.0037034981431001146,0.0,0.051378486625225595,0.012109415121612788,-0.013597983667546387,-0.03385651520378807,0.04827581444195017,0.010940856021790513,0.04016046253192851,-0.010822600975502805,-0.002641388725187821,0.03139010432469913,0.0,-0.0063558044758699195,-0.0007190120633645547,0.006518576878892457,0.0,0.009213175318247835,0.02364858497048994,0.004778864445971864,-0.003425476057292598,0.050000000000000044,-0.006266184710772338,0.012345833222208391,-0.049476675755382504,-0.010752502686766974,-0.013541586325165889,0.0,-0.00120849193261785,0.005998525334526494,0.009764085873608552,-0.07352941313966888,-0.005226672269110777,-0.016422197085697476,-0.014742300133345099,0.04761904761904767,0.002181710609030052,-0.0017670028094627366,-0.003741377053840811,0.0,-0.011235944019676425
2022-02-07,-0.01501500103959097,0.02988494511200246,-0.004090054464104043,-0.003049715561895039,0.017045410827172702,0.0008521682625795002,-0.002602149643001983,0.012345662990617345,-0.0011919223447701688,0.01099954093636435,0.0010941029490394438,0.010443221673193781,0.04605266666478447,0.015151552682972858,0.0,-0.015317184395316708,-0.0001397174975327209,0.026086932184114398,0.0,0.0007751605195063238,0.00010792554652572228,-0.007948000569541591,0.018666745042153376,-0.011030977753907156,-0.013201367608515868,0.007134646768646169,-0.0027926338421304653,-0.023809523809523836,0.0010508846931172044,-0.03658559494999447,0.019018929038791876,0.0018113038353944066,0.0068635825793970096,0.0,0.008064765677933794,0.01618388272288862,0.0003335898831287043,-0.0079364879131113,-0.019264372632739613,-0.003942471643115342,0.0006472443073750611,0.045454545454545414,-0.0021769611098811925,0.00029542087008760376,0.001252026672637685,0.008592353577704603,0.022727250149756628
2022-02-08,0.15853658093362255,-0.008928662583463698,-0.006570680512525295,-0.0022941366475209835,0.0,-0.003285972426364081,-0.0029819080434367873,0.0,-0.014319795217220932,-0.034166821586594454,-0.002404525355576448,0.0018373024218361067,0.006289302046118772,0.0,-0.027026807107242368,0.012444536207967039,-0.0026488830637571015,-0.012711852848854677,0.0,-0.003098499899504392,-0.0017266223977463468,-0.0008902154639497395,-0.0014958402836438012,0.0,0.036789285957596674,0.0,0.006031821440209306,0.024390243902439046,-0.002974614183916535,0.0,-0.0029469522251639457,0.005425040595856245,0.00844702378010287,0.018134678777410818,0.012800032742937173,0.06873430029981353,0.02000013958556468,0.026666666666666616,-0.01785720510328026,0.0012224388712607226,-0.006685854864237006,-0.04347826086956519,0.00836348850876334,-0.0007863446102722715,-0.0015004881066631448,-0.00262130688790696,0.0999999911696825
2022-02-09,0.12105270587836703,-0.0067566078473495494,0.0012401571522295818,0.0015331656259855997,0.005586613608986157,0.0007328936253476748,0.002616821977919237,0.0,0.06295393337534416,0.017786350861438205,0.0008764888067993581,-0.0036680652162059957,0.03124996973201677,-0.010661021348578825,0.0,0.0030726758587922287,0.0022367565499108455,-0.047210256951794816,0.0,0.0013597799575166825,-0.0007203089569435273,0.0,-0.014232251408053065,0.005384560112078995,0.0,0.0035415016583519865,0.0004280130656619807,0.0,0.0012285550766575337,0.02848119777809588,0.0009853617441388796,0.0017988068349441555,-0.0013225558471894328,0.04591853553614311,-0.007108931768980975,0.003921543849894515,-0.0032681862845512777,-0.033766213949624646,0.015636344994301554,-0.00046517029848425206,0.0018819298111663052,0.0,-0.008294120725386378,0.00039299369178125154,-0.0001252013855039813,0.011826545792863463,0.14814816598717373
2022-02-10,-0.01877943573824914,-0.002267439572763652,-0.0008256843248986012,-0.008800568565767941,-0.005555576748318192,-0.009152295584436199,-0.007084160889350932,0.0,-0.05239180548258471,-0.007766983037198583,-0.0015324890173473715,-0.006212548409386898,0.04242427482640054,0.017241363363798445,-0.015873085621421312,0.0011002580918928473,-0.008787778692632031,0.018018000602490147,0.0,-0.010477590762309696,-0.005228367773633558,0.0,-0.0007599362332383341,0.004208145842420574,-0.03225818244332235,-0.0023529616535410414,-0.005564735532487264,-0.0714285714285714,-0.009114988037220884,0.011281910676525397,-0.015748156219023257,-0.00538602063457605,-0.01751034051773548,-0.030894543415147524,-0.003977846422746567,0.003906141501022642,0.011475407374280211,0.0510752062423212,0.015037542019664896,-0.020763232311403867,-0.015892609106799016,0.0,0.0007330560342699854,-0.004076162397233407,-0.005886072272547227,-0.0019482003041606522,-0.07624632959500932
2022-02-11,-0.011961654533746202,-0.00681809261616273,0.0024793839034380483,0.0067552903979692935,-0.04469269576030488,0.006527467752317939,0.004506090667373064,0.01219510631788201,-0.032451864662605634,-0.0060663903483942905,0.009208675661961152,0.022227707512595174,-0.06686046954874991,-0.002118591629062694,0.003225763241710533,-0.010989044834244233,-0.0067548473657044195,-0.022123872799678757,0.0,0.005294266539340731,-0.002899323844245294,-0.002970159856856891,0.0,-0.006095151554094125,-0.01666639061116848,0.010023708996641734,-0.006242163436459447,-0.05128205128205132,0.005660712879076879,0.03448263621107217,-0.0019998551607045556,-0.010830671397973668,-0.001048381173172741,0.02684573491384601,0.002396223381958773,0.0015564941943042587,0.011021067354564984,-0.007672615058005872,0.003174674336909211,0.001247620388073134,0.014827588153789595,-0.045454545454545414,0.001831535524240424,0.0006130006000868438,0.003149508756520758,-0.01301221724790469,-0.015873075943202752
2022-02-14,-0.04116224493542375,-0.016018433936234144,-0.009480845636249291,-0.006039016909550443,0.017543814641410194,-0.0056284729128947,-0.005046802947219375,0.0,-0.004968939242891657,-0.004528338226813089,0.0026069114141156202,-0.0027182198132048585,0.0,-0.04458599499918303,-0.0016077673605063847,-0.010222254055629043,0.0025503273455818043,-0.04072405024180603,0.0,-0.0046812987553638274,-0.0019993887457976367,-0.0077448163178313045,-0.004942976469972549,-0.003449664926053586,-0.003390187123711308,0.0029184817363006044,-0.005847701039279007,0.054054054054053946,-0.005100641697919794,0.01176496198700483,-0.008016095402780143,-0.0036495926653720145,-0.008395725638570273,-0.013888862193502272,-0.00836657021252174,-0.003884979567344349,-0.016672006762225244,-0.0644329909576925,-0.011251831561822634,-0.011152103957018156,-0.012440863350978715,-0.04761904761904767,-0.002559287860245396,-0.0009880503846062538,-0.0026373684874829717,-0.009228742323253991,-0.038709641693780994
2022-02-15,0.022727311040634524,0.006976782115415636,0.007906880618152146,-0.004339610045902886,0.011494296972653917,-0.0020918942214550595,-0.00018754570160639528,0.0,0.051185996965863234,0.0,0.004767094109593417,0.0022712913942140034,0.05295952469585652,0.015555593702528236,0.0,0.013471177975664661,0.004098143617993433,0.01886802001456611,0.032906901514329956,-0.0003918336546258061,-0.002367327575949263,0.011708164866460535,0.0,0.010384563517495948,0.0068030438259141235,-0.003492102569802813,0.0037036620532882036,-0.02564102564102566,-0.002652222276262828,0.032945509050770205,0.009090900224102638,0.0073263445809599315,-0.004082373127559102,-0.010770434541932383,0.020490070275137162,0.00546010031423072,0.0,0.005509663006693977,0.015291667412269394,-0.0044390546743567905,-0.011352822415566566,0.050000000000000044,0.008064409259485705,9.925022424850383e-05,-0.0002517900665865991,0.019294670916544243,0.0
2022-02-16,0.03456786664007372,0.004618855884257478,0.0008257789050045705,0.004804374367333386,0.03977266138742919,0.0013564600448972008,0.002066711864340931,0.0,-0.01068885412973819,-0.004746981955024987,0.01380194819568481,-0.010423909187130986,0.050295808319369195,-0.004376363276862416,0.0,0.0057599725564063675,0.000281654217454852,-0.013888875091517927,0.0,0.0011763994264275546,-0.0003651891988428746,0.0,0.006878220159066473,-0.008374474183409086,-0.006757075147550307,0.004672937578288572,0.0039070352884835735,0.0,0.0008858210956512735,0.003752289965033073,0.001000928436301729,0.005454210363071699,-0.0024289684679944523,0.009212464776588103,0.0015748677310916115,-0.006982030327655209,0.01923717757352006,-0.013753394558005172,0.003502502704707977,0.00204869357741444,0.00592646467189506,-0.04761904761904767,0.022908975809898147,0.000177545840768234,0.0011334500699380357,-0.004568968359332293,-0.023489910333813202
2022-02-17,-0.038186120579255856,0.013793051590154981,-0.004950396336948604,0.002351791334555431,-0.06010920874211911,0.002216238393955683,0.0016874953353114286,0.0,-0.05522209392077837,-0.006359242797665754,0.0,0.011907461919200335,-0.019718291319166026,0.0,0.0,-0.018061919194062748,-0.0037993433862922865,-0.01877943573824914,0.0,0.0015665437936291937,0.0014608194639869065,-0.0044510773197485864,-0.003795192766643085,0.01228397884162935,0.0,0.006976442786873482,-0.004756716262916516,-0.052631578947368474,0.0015944678726176331,0.011215095430536115,0.0,0.00723360603090395,0.005326337876625953,-0.004149050729992831,-0.0055030079919506925,0.0007811611685111242,0.002239143107220176,-0.030501681739089848,-0.010471136807556958,0.002706035939227691,0.007438591883574874,0.0,-0.0028439297728803936,0.0009098388449615413,0.0001258934528300948,-0.027541058368580562,-0.041237154789775854
2022-02-18,0.032257972912101085,-0.009070072575917743,0.0,0.0025001966280673305,0.0,0.0017204846372080862,0.003182507060622397,0.0,-0.021601026526808953,0.01659991527741167,-0.006807113944134691,0.017198469406178196,-0.08045976145262135,0.008791200038733793,0.0,-0.0044864290702449905,0.0005652975810133132,0.0,0.0,0.0017616458276537017,7.838197646492517e-08,0.0071535647815521575,-0.0011429034796111015,0.001896056675541491,-0.003401225397898444,0.0023255683745670996,0.0010922292380592946,-0.05555555555555558,0.0012378967731461188,0.007393605842099138,-0.0009999275803522778,0.023338949295132583,-0.000908179900149797,0.004166337073870707,0.0,-0.0023419058434784867,0.01978947438768408,-0.030086046012898215,0.0261023168405472,0.005757214230298402,0.010527175363212349,-0.09999999999999998,-0.017112244659349907,0.00029650781073842225,-0.00025131813630774325,-0.008091783502795935,0.08602150997068225
2022-02-22,-0.026442226132694646,0.025171335421990015,-0.0029024459619949594,-0.004987838199514205,-0.07558145853169207,-0.0006134944572081524,-0.004291815447188152,0.0,-0.07142853604176846,0.004918339730407784,0.009637955895756445,-0.00578433720535676,-0.03750003818422498,-0.019607875728968716,0.0008052141697849624,0.0036053379961200616,-0.011045317291483281,-0.052631530915419056,0.0,-0.0018564967408042365,0.0007304415820741372,-0.01420537898427654,-0.014111258930642578,-0.01021948042742915,0.0,-0.0011599430978337377,-0.0013090957350000432,-0.02941176470588236,-0.0021194514119119434,-0.07339431957154097,0.004004035932471783,0.01754417620375781,0.00712119947526868,0.020747206024586573,0.00434757885502135,-0.009389528917436163,0.0012518192268728967,0.001477195096361461,-0.0013750240547194537,0.003815966019151684,0.002604092568206706,0.0,0.0054407179395292715,-0.0013824626517128236,-0.0012584367120767048,-0.010876956138823224,-0.05940596318706948
2022-02-23,0.0024690744626516548,0.004464145667223862,-0.0016629465710191749,-0.0019286087838424892,-0.0691823556092066,-0.005031979091411287,-0.0003751472768243058,0.0,-0.02797206761324067,0.023884259135644736,-0.01951615943029028,-0.0004473356627606728,-0.03896100276999048,-0.026666641235351562,0.0,0.0008980719769196011,-0.008304718905664421,-0.0353535615039251,0.0,-0.0010766475820435106,0.0009126400887262687,0.007505053923414495,-0.004255518975639583,0.001147052542218363,-0.0034126348615577395,0.002323010443724405,-0.0008736964388244006,-0.06060606060606055,-0.005486505036591649,0.06138592845206903,-0.003988067566633724,0.013793166162729964,-0.00285833198788199,0.0,-0.005903087787581973,-0.012638319913358731,-0.02782118843275616,0.001474903681711659,-0.012047989474444187,-0.009860286746254388,-0.013781660148748487,-0.05555555555555558,-0.007214983550555942,-0.0005936605533763961,-0.0013857619660814224,-0.007623060785376445,-0.07719291142222462
2022-02-24,-0.014778311237724773,-0.055555483689069374,-0.006663820347998284,0.0027052018196809247,0.08108106714865881,0.002220386315612055,0.000750252745435942,-0.009638542009747342,-0.012949593988585861,-0.04110894894557093,-0.00043269920234989545,-0.025296677440425852,0.020270250677801416,-0.011415568362661,0.005631461352223255,0.007178129338550665,-0.02512266145173303,0.031413645569305926,0.0,-0.00019612399896129507,0.0009117296829088684,-0.001490013550895064,-0.019036352528712386,-0.005729368001577417,0.010273858092005428,-0.0023176265729907275,0.00043717676824051033,0.06451612903225801,0.002491496823938677,-0.05223885470289891,0.0,-0.006803087968440424,-0.02459264398141059,-0.013821275933291632,-0.006334060441084977,-0.02560001127382827,-0.019292600442670893,0.007363770084886312,-0.006968845977122662,-0.01739792132317053,0.000658661941694394,0.05882352941176472,0.0029070458005431288,-0.00019779641071271392,0.0008828231931767849,-0.02723451242009267,-0.026616033694073615
2022-02-25,-0.019999980926513672,-0.011764598455641262,0.004611906666158294,-0.002890514119013976,0.0,0.0008618309875811914,-0.0013114732908697802,-0.0024330869128598165,0.026239041521185502,0.01954138217927226,0.0019479434958962205,0.03789612246206309,0.039735140640910105,0.027713599924586996,0.0,-0.01336326572730806,0.01303341468970376,0.027918815207329084,0.0,0.00039197527653533903,-0.00091089918908005,0.0,0.027722766913943264,0.021513672510288462,0.010169083822049174,0.0005808960066375768,0.008959650154932719,0.0,0.0007098841866315375,0.05314963554492569,0.0,-0.0034244483758254507,0.032637364776731514,-0.004121939103306049,0.023107658463457748,0.0041049764229956764,0.00819671955305723,0.03216369735620295,0.0052630473452801585,0.028024003496056604,0.000731272571482311,0.0,0.012318642168939409,0.0008909286029450403,-0.00012558404243978583,0.04379019558010255,0.05859378856257624
2022-02-28,0.035714250959391514,0.009523906323548603,0.0,0.0071493759307823534,-0.050000011920928955,0.007378070070854337,0.006752999119655767,0.0,-0.005681812794001595,-0.01564645623215033,-0.00993721587332097,-0.004868171722405057,0.0031847102322188903,-0.015730269174051625,0.0,-0.0022571462210223547,-0.007163894740896848,0.05185185882889276,-0.0017700298717100438,0.00783861839686728,0.000547147364423628,-0.005669802940072799,-0.017341166614974424,-0.007145618543827892,-0.09955229467870053,0.0023215901434279207,0.0,-0.030303030303030276,0.00816039980117167,0.042990585800897874,-0.006006107596585042,0.003436215518476615,-0.019173258075722455,0.0016557354034232308,-0.024922258643989337,0.011447278284238749,-0.028943083272300107,0.0849858375308512,-0.005584717330558098,-0.027556749773378963,0.02191856997796937,0.0,-0.011810947364375934,-0.0004944603692375038,0.003781572831631941,-0.24277847140756903,0.018450166646666544
2022-03-01,-0.014778311237724773,-0.021226399983577227,-0.008764433943882488,0.008250591741705948,0.019736854901274414,0.00524482710922447,0.011093395924196336,0.0,-0.027142865317208442,-0.00139077864150694,-0.0008728550126038126,-0.012452725442246848,0.05714280091716217,-0.0273972334300725,0.015999930274189555,-0.000904980244798459,-0.020026353803371255,0.023474154755812382,0.0,0.004083516752580119,0.0012755358419784812,-0.009003482720835398,-0.00784289732953447,-0.014015110132317377,-0.08819876771880697,0.0052107818746460755,0.0,0.03125,0.004478482405202433,0.023297493849787854,-0.007049267294982564,0.001712562862176803,-0.017409924116780773,-0.011570228511780689,-0.009185413995399294,-0.019401832546769082,0.0,0.06788517860602195,-0.012986874569534623,-0.008977752743325462,0.011562144260161444,0.05555555555555558,0.003621785943308975,0.002472990186375812,0.002036607887691,-0.0781107376512451,-0.03260866466677248
2022-03-02,0.02499997615814209,0.0,0.00800009722340378,-0.01236885133616572,0.012903213500976562,-0.012283790093875036,-0.008113474528038456,0.0,0.013215881548327424,0.006366833565126573,0.0002184274976464451,0.01666291699880107,-0.027027001871263723,0.025821514264594114,0.0,0.010416501386764532,-0.0012021758073971212,0.009174302896359121,0.0,-0.010457409446545274,-0.0016382202334142004,0.00999376333273827,0.007509734348067898,0.0,0.004768162116799424,-0.003455775798944183,-0.003898476907884807,0.0,-0.011233947555344903,-0.01401030323730379,0.013184608015550436,0.02564091872201346,0.005595270520127205,0.017558199272818653,0.0008062833849780127,0.025556669608581384,0.0,-0.019559976085859576,0.012884707823521024,0.013865884553615482,-0.034183096408541114,0.0,0.011909215724952071,-0.0021315583178602715,-0.004893318535908464,0.03251209422545154,0.011235944019676314
2022-03-03,-0.002438963970067154,0.004819191964936298,0.0029238859580178467,-0.007899999517627099,0.0,0.004432627132714195,-0.002974524221938446,0.0,0.011594191681209676,-0.0075129143007072186,-0.00021837979749361747,0.008859315146309887,-0.06481482639779335,0.0,-0.007873771028505283,0.002689484080929727,-0.00902685896450195,-0.020454579690270425,-0.07801413751432584,0.0029355097991836665,-0.0009114071417422043,0.014992505334554984,0.007061627614405763,0.009604198121611063,0.023050955484031688,0.0023122679301925686,0.0021740015782114597,-0.06060606060606055,0.0028405335324601655,0.012433451204090451,-0.001000928436301729,-0.0016664547795309792,0.0032457685857456564,0.003286814257004389,0.016914848585348308,-0.019292482899550323,0.008037579652866444,-0.034912662455215404,0.008833948766036492,-0.0010707422723140736,0.010185603954966371,0.3157894736842106,0.005706192353178929,-0.00033604757977589994,0.0001264710049357909,-0.006679113197616937,0.01111110031850071
2022-03-04,0.06845958985943446,-0.009592290430889272,0.0,0.0036900233655701165,-0.012738841509227883,0.0035553315828282805,0.008017817944634853,0.0,-0.01862465817846426,0.0003985038942491137,0.005896433198206541,0.0,-0.11551152077141236,-0.006864927633139617,0.0,-0.012069677358225728,-0.014574131045014482,-0.002320128115414488,0.0,0.0042931028017232364,-0.0014599419280943993,0.0,-0.016361508378483602,-0.005707818901618422,-0.0755467123314103,0.0011528260258004686,-0.002820230367620913,-0.032258064516129004,0.0010618001611071293,-0.059649291136714244,-0.013527040050913541,0.0,-0.016638473204447446,-0.0008188859649145286,-0.023366141382888395,0.0008194907799803364,-0.009634548702565748,-0.12919896386121477,-0.002802091793755457,0.015189493709856006,0.01726382065214116,-0.16000000000000003,-0.00035480063996151667,0.0006924622057782326,0.0,-0.020172940086836122,-0.058608089638398475
2022-03-07,0.03432496551386999,-0.029055647981402255,-0.010828827324659174,-0.005224837209326094,-0.051612915531281556,-0.004886281173547946,-0.0033296368369694074,0.0,-0.026277347568558596,-0.0029870352657628274,-0.0032564714064221567,-0.0006587163802651563,-0.022388126755056525,-0.05990788473286135,-0.012698525195840915,-0.004524901223992184,-0.0009243592943276591,0.04186042333822804,0.0,-0.006411866379858133,-0.0031068830996805463,0.0067948082330011594,-0.009504912382209518,-0.004592146192370472,0.003584003167560912,0.0023044194899752846,-0.012184484190665756,0.0,-0.009018159766796097,-0.005596983705955405,-0.030980341984475968,-0.033389242372895755,-0.02036656825671357,-0.020491861693306412,-0.04622873267263794,-0.03849288604145418,0.0010062270772026594,0.0385756441433136,-0.012996071861603342,-0.019909510237639316,-0.007629623303999078,-0.04761904761904767,-0.010287418336940912,-0.0022936075996657923,-0.004664833506552668,-0.03137276464285166,0.0077820939478694395
2022-03-08,0.013274323679807187,-0.002493894358753912,-0.0016841446954313222,-0.004843053143127607,-0.006802682251218939,-0.004665073445622725,-0.009836718817923695,0.0,0.017990987134404612,0.001797710171685507,0.0004356209008418155,-0.07073819419869176,0.15267179879363835,0.034313693407726165,0.004823086726691406,0.006818004476396133,0.0006168096833154557,-0.04017853294024065,0.0,-0.005279696801306466,-0.0038492924515870497,-0.0023475032190557465,-0.00039982776387248453,0.0015378054622474657,0.02571451165878047,0.0012643677345332005,-0.003083694271769688,0.03333333333333344,-0.004460959246320617,-0.03377091751077543,-0.03563930595898035,0.0017273517090761192,-0.027666757132213116,-0.008368139594363111,0.009778941677167197,0.0298123240509387,-0.0010052156020454728,0.08857138497488837,-0.003558667824104189,-0.028193140205539757,-0.010059745063643821,0.1499999999999999,-0.008602046251506734,-0.0019620908795935366,-0.003166630160610917,0.007085299405686252,-0.1583011046328966
2022-03-09,0.008733616270600209,0.012500023388687387,0.004639138554181299,-0.0005666909190806813,0.04109585014510864,-0.0027130474010986783,-0.0035612738709028813,0.0,0.08983801722259988,0.0,-0.00043543121790246,0.007801467354251024,0.42052979766472953,0.04265410287321525,0.015999930274189555,-0.00677183408131643,0.006318472986952095,0.009302316297383983,0.0,-0.0017690938894294739,-0.0005521817695198772,0.00029431487072417717,0.0,0.0,0.03133713367961488,-0.0012627711274635356,0.003314301545038978,0.16129032258064524,-0.0008968097945207809,0.0,-0.028152172670810605,0.008620615181758273,0.008059326958288482,0.021097192827173705,0.014315642066985657,0.0008272136315852219,0.0,0.045931760369719354,0.0,-0.0029771170186595475,-0.009798994560978658,0.0,0.00325382478588665,-0.0006952056656802652,0.0001271205034016898,0.0331657143636388,0.11009174412262679
2022-03-10,0.11688311152148012,0.002469058232307919,0.0029387128633842075,-0.005710923914705401,0.0065789725476688155,-0.005317933928369323,-0.0043266281176755905,0.0,0.01351350045186761,-0.0027912399371908814,0.007405739704111625,-0.01782762572643981,-0.018648001029701544,-0.011363679466167786,-0.01594604225895624,0.0109092251821572,-0.005819592902187476,-0.013824871122127491,-0.013461553489051759,-0.005514001769243548,-0.0018414120969491021,0.001175940337224457,0.007600108053951837,0.008061464674458119,0.022957564353227822,0.0,-0.003964153114310198,-0.02777777777777779,-0.007534760393107742,-0.029126256894962066,0.10725865535089119,0.0017094096079233179,-0.018437006398529632,-0.005785325593529067,0.004566461015224732,-0.008264500225029892,0.04998321247706938,-0.013801737970397188,0.014285662608530814,-0.01836104806106087,-0.0143674202314934,-0.04347826086956519,0.01621635873943017,-0.0014900979505134693,-0.0024141006673032983,-0.015564200194707833,-0.04132237185888454
2022-03-11,0.11434111822382964,-0.004926158824396509,-0.00041844903839183267,-0.0007868520036605764,0.03267973815469505,-0.0007458820401684552,0.0017003605490624185,0.024390212635763797,-0.04000002543131509,-0.0003997669949052929,0.0,0.007164973943000419,-0.09501189827625067,-0.05057466552064971,0.015801576992253485,-0.0026981453241451403,-0.0069314154421168395,-0.014018788942859906,-0.017543891166679426,-0.0007918676394300661,-0.0023980777379967178,-0.0017620006253347142,-0.006749010436705949,-0.009901080233554294,0.024422346455638122,-0.002299121349926714,-0.0075168890244965425,0.0,-0.0009039484065533898,-0.03999995187251992,0.009090900224102638,-0.006825970052901531,-0.017287235340858187,-0.0016624472035694504,0.008677468846225223,0.0,-0.042172512207117374,-0.0941476039381266,-0.0024648747943313287,-0.005048261558450284,0.0033463711627301773,0.0,0.006737450750493146,-0.000418233698521453,-0.001528280144469485,-0.00988160310773123,-0.05603443093234517
2022-03-14,0.10434780950131617,-0.009900886159466937,0.01800688446892673,-0.009645576381592136,-0.05063292285300003,-0.009207512351029457,-0.007544347977340493,0.0,-0.05277772884309895,0.030040177387277822,-0.0008649285607995605,0.015176861299998734,-0.05774279052868725,-0.0532687705845285,0.023809282632750062,-0.005860958389949711,-0.003257552174670053,0.061611431708158415,0.0,-0.011692927201345849,-0.00610185378277639,-0.007061091896394811,0.00039992428601309804,0.012692159163738559,0.015415555395534186,-0.011520532817175244,-0.013143475983080743,-0.05714285714285716,-0.010855670561401243,0.0,-0.005105164608158574,-0.0017182210385789931,0.0037212970684930013,-0.005828424714789726,-0.0004096220779425952,-0.006666804510426894,-0.004336295636918064,-0.011235891245119367,0.004236005913338392,0.014050578236280975,-0.02334854261182784,-0.045454545454545414,-0.009158200851358544,-0.003090897808564308,-0.004336644178478011,-0.020957781445276713,-0.11872150816403981
2022-03-15,-0.1181102379943102,-0.0024999908177745223,-0.004525015644524788,0.000994101131173153,0.020000012715657656,0.0016328743940352552,0.0007601042639302502,0.0,0.024926626858922107,-0.010569364118902413,-0.004111577937108701,0.015416643222866178,-0.016713076382739778,0.002557542261826473,-0.023255583863748375,0.013605485410770779,0.008714980963464125,-0.022321407189022646,0.0,0.002807712343472879,-0.001860357350527253,-0.0014812333433951164,0.004794184512194377,-0.0007593899794150483,-0.026402794348286296,-0.012819937232081524,0.006997887342756748,-0.030303030303030276,0.0029267023951078386,0.004166718413579851,-0.05825534803734833,0.0034424702813606878,0.030839086820440453,-0.0008374890098842291,0.0057378139493300395,0.0,-0.0006700166035521482,-0.01704551919925168,-0.001406197449392299,0.019950134034899092,-0.0017455646566119087,0.0,-0.004621270449210235,0.0010000623352399707,0.0011529089386457247,0.015290278074736818,0.0880828817123247
2022-03-16,-0.11428569239013009,0.005012651818698144,0.006198128454671714,0.002779881590335709,-0.03267973815469505,0.0015040779693213935,0.00019010678714792562,-0.023809494014012222,0.011444978993241817,0.0013847230247707731,0.004997804108042514,-0.01863335586442061,0.05665723776336895,0.028061258003443834,0.0,-0.002237339418703188,0.007713759415070021,0.0,0.0,0.0011993502768865572,0.00037274894830408023,-0.00029686938277284636,0.007993509883160721,-0.00456114866169488,-0.027118465719851215,0.0035415262759648236,0.011432203413984876,0.09375,0.0021882169065559065,0.033194977432303485,-0.002136711969255023,0.02058305733048771,0.012751385095698176,-0.0008384482046241981,-0.00040761883635997975,0.0025170336578572705,0.002681936422292086,-0.05491323106857171,-0.007391794702812593,0.004402595796852982,0.00980789037779517,0.09523809523809534,0.00392859702428594,-0.0027975207632706667,0.001407833639363254,0.043172654060901205,0.11428572401708537
2022-03-17,0.1350806595042393,0.01995004883821716,0.012320366983489928,0.0033064499996955377,0.04729728380026321,0.0008763136183507214,0.0015187651609573916,0.0,0.15134372640473903,0.0,-0.005877322728082279,0.0018753042910528706,0.018766738038833886,0.029776644990494594,0.0,0.0017939243405782346,0.002602366825266822,0.03652964457343,0.0,0.0009987808016784783,0.0026085902450367904,0.00801418744763871,0.0075339009948900415,0.0,0.020209030663834282,0.007058855142952902,0.006870818255243716,0.08571428571428563,0.006369924394023396,0.020080021375347146,0.0685225715067157,0.015126120813507615,0.005165602542790859,0.007550478253877779,0.0008153198372162773,0.004183984209277458,0.026746753748193797,0.0,0.01063837591847494,0.00776457617377635,-0.007453863528972593,0.08695652173913038,0.011028182448397317,0.003025782954455547,0.0016606378277286282,0.024061767896769615,0.012820501064172207
2022-03-18,-0.014209577634084813,0.0,-0.003651043234864426,0.0036120451320131863,-0.012903213500976562,0.0028767951997703545,0.0015168704969055202,0.0,0.031940941553005864,-0.01422363705540608,0.013794645581901355,-0.007253303894623642,-0.015789458824326585,0.036144600462750365,0.0,0.0004476289778161391,0.003970152711652908,0.09691631297742798,0.0,0.0019946787806479627,0.0014864028986052435,0.0011778667816821908,0.0011804392810499387,0.004626166356218597,-0.03688517505045197,-0.007009376966305325,0.000660293730600392,0.13157894736842102,0.001084889582188886,0.017716868156038013,0.015029936997656979,0.041390590770218116,-0.012204955339475076,0.011656849429579452,0.01384931246498966,-0.016666653240326346,0.010420128152782704,0.0,0.02456150618699371,0.011494664023032009,0.012212595635922918,-0.040000000000000036,-0.010907888266467936,9.9812494458007e-05,0.0,0.0018796059618164662,0.0801688043860973
2022-03-21,0.14774768768352864,0.014670007516233818,0.0016286942688465977,-0.011012812334944111,0.0,-0.010226871556948014,-0.004353653264159152,0.0,-0.055952358516164424,0.015631379951267066,-0.005831443063997965,0.0009427349971922183,-0.03208559456461735,0.04651158148692014,0.0,-0.0017899107229367717,-0.005931364142295559,-0.0240963624697752,0.0,-0.00836274925470537,-0.0031544955044875422,0.0052942944366964895,0.012578651568484922,0.006523164013011895,0.034042155094572646,0.008553056343746146,-0.001979681665294941,-0.06976744186046513,-0.009935365724790812,0.005802568180943046,0.0,0.0063594352865907755,-0.002276134054753687,0.004115322650371178,-0.013660129069198335,0.022881305327899337,0.0070899114924323214,-0.009174288381074036,-0.010959012084434505,-0.0014128514803218861,-0.023156222209357535,0.0,-0.0003557825992737129,-0.0025168923198043425,-0.0049752036769663555,0.0103190215831368,0.10937499126885064
2022-03-22,-0.01726839225328991,-0.004819325554922815,0.008943159535201639,-0.0037778119747277072,-0.006535972563600612,-0.002520158545635476,-0.0034223014832048815,0.0,0.0365700435016203,-0.010457867716057612,-0.008907301859344408,0.012244012104782431,0.02209949299826519,-0.02000003390842009,0.00015855363073047357,0.0049307371726390326,0.0010707825761673284,0.02880655609866367,0.0,-0.004818975691657235,-0.00260616274729053,0.012287672055833587,0.02756208226044987,-0.002668399405855948,0.004801500539331149,-0.007066969616689733,-0.003306158014369287,0.02499999999999991,-0.002371569071949242,-0.023077106726373087,0.01875629379176358,0.003159363836147122,0.003259047851871033,0.0016395333882108787,0.014256598602256698,0.007456457943094463,-0.023999994974919225,0.009259235275681288,0.004501499840796619,0.01095018561455241,-0.012812105349260028,0.04166666666666674,0.0021353012802409754,-0.0017022749713525576,0.0005134904715033972,0.00742798733679928,-0.042253482107650564
2022-03-23,0.0,-0.012106492026226379,0.0004029543587276141,0.003991756465772323,0.03947370980254861,0.00454741887111676,0.001716821396808399,0.0,0.014598525749495828,-0.003987968184547164,0.003945699492599708,0.0004652272938738822,-0.021621665160441172,-0.004535143224154603,0.007776476790696707,-0.009812697928408776,0.0027509684039555005,0.05200004577636719,0.0,0.0038336121627571274,-0.0013061659152688865,-0.003179027888446262,-0.013978099841711389,0.008409698281352851,0.02730368241838632,0.00889623942806006,-0.0008848406210841819,0.09756097560975618,0.0009143664546826802,0.007874115776847157,-0.06976747329071042,0.006299242683017292,-0.012831056248941652,0.0229131337958699,-0.0008032046658029701,-0.0074012706795468786,0.0,-0.00611623113985138,-0.008617816820729263,-0.005233371695498201,0.021915114205887765,-0.040000000000000036,-0.0017756006123968993,0.001103376778587295,0.0002559463611142565,0.00276489205082342,0.25000002191347215
2022-03-24,0.16773157755702783,0.007352981141756532,0.00040269979537499445,-0.0008152953850020239,0.05063292285300003,-0.0012568921743245642,-0.001523311191523824,-0.004878042527152737,0.1043165311320915,0.009008961581746133,0.0,0.007207770939645641,-0.008287285176291403,-0.0318906311488506,0.0031496635594583378,0.008558486939361565,0.003048043115740917,0.10266158523871782,0.0,-0.0020101407824554274,-0.0032704875231863717,0.005798577265133886,-0.015325570936310817,-0.008718704191856053,-0.012092898729657575,0.00999444417648121,0.0013286528672220577,0.19999999999999996,-0.0012789274059994415,-0.023437368147713467,0.052083355452243296,0.0,0.001151701404999761,0.0,-0.003617367575673658,-0.006627784636421774,0.013770488849136342,0.009230745755709036,0.008345118912081118,0.006056010210661045,-0.007832635603321147,0.0,0.0032017353565811923,-0.0003007039644713494,0.0001283850582467494,0.0064339729234590415,-0.11176473640653006
2022-03-25,-0.17783853954496687,-0.0024332155607632577,0.0020126884676407997,-0.007142736045255393,0.06024096247107802,-0.008813888311199558,-0.00381462229411611,0.0,0.11834963605572324,-0.0059524059976124866,0.009825296744928158,0.027931535585591583,-0.05292474187867602,0.0,-0.003924596160432614,0.0,-0.0022865047574739394,-0.04827589665525056,0.0,-0.008067445848279009,-0.0027230574972025856,0.0017298113178756402,0.012062162751092398,0.0,-0.005918898109140702,-0.005704253785630109,-0.0008233743626063772,-0.07407407407407407,-0.00695206830503059,-0.017999896307156593,0.00990080288866979,0.0015650558288191618,0.01101058904862251,0.0008001331536784395,0.0008066861502999956,0.008340051354678302,-0.017787765284224877,-0.018292636831624076,0.007241110890239266,0.004681737358379179,-0.013873043133274865,-0.04166666666666663,-0.00425530477620617,-0.0024052736462989444,-0.003842721707259855,0.021917753334765866,-0.05298016120569693
2022-03-28,-0.028286201301122693,0.0,-0.008838777307687673,0.002604825890177187,-0.04545460949259217,0.0029216340025934873,-0.0005743555249972943,0.0,-0.09126218608259584,0.0009980082163614235,0.005837747012721328,-0.008533429253616442,0.04117643016432515,0.028235267190372282,0.0,-0.008932588005648667,0.008404490860204783,-0.06884060068006304,0.021825362852839314,0.0008131519657073039,-0.0009418719612446225,0.0028775326374668175,-0.02383696559859949,-0.00038247381244904677,0.013531765355351055,-0.01182548640810277,-0.002892569449200133,-0.07999999999999996,0.0027630685847452874,-0.006110277947083853,0.0009805315781235002,0.0015624042297301965,0.0008129629988289366,0.0,-0.001209053898415191,-0.0016542495779309219,0.0,0.0,0.016775074502643816,0.0029653852577693485,0.00854964054860341,-0.04347826086956519,-0.0024929846742113293,-0.00028118943855359735,0.00025694653793828515,-0.025916076071148098,0.010489584233828841
2022-03-29,0.0034246541787590346,-0.004877963031761912,0.004864203436893755,0.004398017560465872,0.035714310042713304,0.00443307026187556,-0.0015327701232836777,0.0,-0.08653840765523368,-0.001994110949494976,-0.005803865514153905,0.01313701198687478,0.025423772191449423,0.038901620307982165,-0.007092064837066037,0.006309070133232897,0.001970093591098232,0.058365797378898465,0.0,0.005485514884350007,-0.001884954540139261,-0.015494800311046553,-0.014572678079201373,0.001912765288619056,-0.006675662581581476,0.0023698295976910533,0.01852287860536883,0.021739130434782705,0.008635568169604868,-0.006147282624714423,-0.010773705630589658,0.0031201395670024112,0.024199954141459035,-0.004796388363143,-0.012913590375188577,-0.0049709719620629755,-0.008231877155395417,-0.05279505349875846,-0.01616163301912188,0.014843228957558408,0.00755268687932209,0.045454545454545414,-0.004641222969285264,0.0017889292996486894,0.0033424585597490175,0.025688254598702942,0.06920408373887188
2022-03-30,0.018771272042834575,0.009803816326708015,0.00040344202766307014,0.0035817951909598023,-0.04597696865513612,0.002269967556477459,-0.0003834913822755581,0.0,-0.02339179003549785,-0.00799195779111439,0.015567264764766664,-0.014084882160383727,0.12947652214166339,-0.011013257963653267,0.007936263410056599,-0.0031346105741307806,-0.003024766845083793,0.025735269303862385,0.0,0.001111271865090524,0.001321903375805178,-0.016904904584193692,-0.004796038356750132,-0.0064910364747345906,-0.011894936620601149,0.0053187876103995,0.0017523638269496544,-0.06382978723404253,0.0007282062036964021,-0.02061858692630847,-0.012871415546592213,-0.0015551147557186784,0.0006378938909950005,-0.0040160758054231804,0.0049059184428499325,0.0,0.0,0.019672143654745122,-0.008213450440549663,-0.0013672851634540795,0.0078014530531789195,-0.04347826086956519,-0.011119084341211005,-0.0004816873546829026,0.00038387041655330023,-0.01699464901425274,0.03883499265724777
2022-03-31,-0.07537685512224968,-0.01941760571837836,0.0024193988625602625,0.0031726484054455106,0.03012048123553912,0.0007547971649815022,0.006525576810169076,0.0,-0.0023952642934073065,0.017724024589227838,-0.005961028287225667,0.010657860800856955,0.27073174617887696,-0.0022271163818317063,0.0,0.0031444672544365115,0.0022753359902134562,0.028673808171997717,0.0,0.0007065024014880628,0.0007543761452299957,0.0,-0.014457880499053721,0.002690271923137866,-0.0015643868357126944,0.0017640764002289089,0.0008750745711560981,-0.022727272727272707,-0.0012741197167180918,0.002105174199020121,-0.03209622421353164,-0.01090357987026036,0.0004779824552714196,-0.04838698900517302,-0.010984469417557374,0.01998340276275412,0.0,-0.032154340441610696,-0.009661950347321313,-0.003453382356431889,0.0024287125081046135,0.045454545454545414,-0.020311867074780054,0.0008427949561200521,0.00012835221537033092,-0.010009271063530223,-0.04984426290631794
2022-04-01,0.00905800559920844,0.004950546000261236,-0.0020115299459033675,-0.0021787903407424203,0.06432750625325911,-0.002167821081196175,-0.0015646267951316961,-0.004901954469521241,0.056422601600661704,0.009301394873489022,0.0029985677111707965,0.010769738635248549,-0.005758197617791172,0.017857125751218117,-0.007873775057171462,-0.005373954324918273,0.006508466238230426,-0.034843173735210176,0.0,-0.0012101122780143747,0.0,0.0038543010891551877,0.007334858681745882,0.00689935317303525,-0.0013624628414035111,-0.0035211505108685426,-0.0030592863428906547,0.0,-0.0006390446242452441,0.01050421833571158,-0.005181305097853639,-0.00787363805559882,0.011946510680518774,0.020338900774263813,-0.010695245236970408,-0.04326538750586262,-0.003983990468372167,0.029900319173561618,-0.008710527594275264,0.014218990419339939,0.003806631072022615,-0.04347826086956519,-0.0007403838855983835,-0.001965286462755844,-0.0015901409704248692,-0.0055146409284193565,0.00983605634714424
2022-04-04,-0.18491924202241616,-0.002462976998673372,-0.01209175183733946,0.001588066427325563,-0.01648357867215422,0.0007578266372740838,0.002293454518337512,0.03448271398056724,0.03409093002642427,-0.004509706997114615,-0.0014947118139242432,-0.001332150872094151,0.05598455047556228,0.04605264052239599,0.0,-0.0018007994066608912,0.001503430421194496,-0.03321299937288169,0.0,-0.0014134482147786231,0.000942259363551079,0.0032485692896211393,0.011326881995282978,-0.009897390745554957,0.007503712068558821,0.003533592823042664,0.003945347032277446,0.06976744186046502,0.0014618616598753853,-0.022868967791267125,-0.027083380597951567,-0.00952406068022782,-0.007712749277528963,0.0,-0.005821316315401948,-0.005972751218520589,-0.00633333149157933,-0.009677394743888623,0.020386454328124914,-0.002591855273975985,-0.006949790935467548,0.045454545454545414,-0.030752145900974415,0.00088422722968029,0.0011563048104061835,0.0027726626663773235,-0.01948050138499524
2022-04-05,0.013215846538256804,-0.014814828503666777,-0.004487812446113848,-0.010106525020166846,-0.03910608215131883,-0.010097066333775828,-0.00858093906804036,0.0,0.0,-0.010242262227977084,-0.003207979749599743,-0.002445099537710882,-0.06398535979108433,0.02515720881319039,0.007936263410056599,0.005412736998601675,-0.010810544775439856,-0.0029872655276110827,0.0,-0.008897904795282185,-0.0030123915092570286,-0.0020605302177444385,-0.0015999300599329747,0.00038444823039185394,0.010832489229017028,-0.0046948673478247605,-0.005239683765515202,-0.08695652173913049,-0.011861156098878056,0.0,0.033190584676763946,-0.049679612475208135,-0.0004760483105976654,-0.003322132689568158,-0.010455727361272982,-0.005149998856744165,0.006373698235331071,-0.009772024005007096,-0.0027557602270350534,0.0010632258043563603,-0.022592524600841046,-0.04347826086956519,0.0034403966750224946,-0.0011443718797808922,-0.004490485120460352,-0.01658966494585634,-0.04635757197675372
2022-04-06,-0.021739110153428554,0.0,-0.0106561185441435,-0.0032032096509975183,-0.034883741561368864,-0.0030601270219834387,-0.0023083428520309646,0.04761912707374516,-0.06043957886582352,0.014527221924232059,0.0006435886394293711,0.008537506290970054,-0.07617185062554144,-0.016359903045058743,0.007873984425248448,-0.0035892611365770932,0.0003034740637686273,0.02247188803935285,0.0,-0.0036730124034922706,-0.002266120072809019,-0.011799318483096233,-0.010416593908632032,0.006917914309164441,-0.010917469084403497,-0.0023585065493003654,-0.004389882429222669,-0.023809523809523836,-0.002954744456819758,-0.010638197602632515,0.02279794255392109,0.03878590898230838,0.003174151660328084,0.004166337073870707,-0.019019549061555452,-0.00949106600540961,-0.004333404774000793,0.03289473725487979,-0.018998224671608166,0.017050117047582525,-0.008094010115070716,-0.045454545454545414,0.012571344314873167,-0.0001407359668524899,-0.0009021257741319566,0.00187421501482965,-0.04513892683165899
2022-04-07,-0.026666641235351562,0.0025062564358511175,-0.0008281361707522805,0.0,0.012048123553905166,-0.002046824571598105,-0.0015423173798089218,0.0,-0.02105266680237472,-0.0011768707052871585,0.005145848314075607,0.00601491076957017,0.0,-0.006236950795857066,0.0,-0.004952543424592837,-0.0003033819952016348,-0.08424909064709252,0.0,-0.0026621205226667888,-0.0026501359167779848,0.0,-0.002834163558076086,0.001526640776923216,-0.002505813926432343,0.007092246758329646,-0.008818369751147137,-0.024390243902439046,-0.0031489297098358238,0.01505359650546545,-0.0729482569011578,-0.019055500305882878,-0.005062586481974662,-0.004149050729992831,-0.004308355674228936,-0.026269593802214164,0.007030536827042244,0.1305732621426583,-0.006690135955491283,0.000928059536165593,-0.0075321610681382545,0.04761904761904767,-0.009405740295041709,0.0004420653473833358,0.0007743001206490518,0.011225416932422405,0.07272729006680567
2022-04-08,-0.08219180915714575,0.009999893971283313,0.009535400656922821,-0.0052422686112201244,-0.023809502184254927,-0.005382290933635736,-0.00193077080744386,-0.055909136156403694,-0.020310642606728102,-0.006284261376896971,-0.007039239696465471,0.006864456301298283,-0.06131077392888307,0.008368192488977133,0.0156251460618404,0.0004522919660066016,-0.006527235839067447,0.003999996185302779,0.0,-0.0036962105361521003,-0.0018982396847553318,0.00895497251653321,0.0012179088274952843,0.0,-0.00033943110754675043,0.003521365779592056,-0.0008896500832228371,-0.050000000000000044,-0.007617882237619278,0.01271190761229013,0.012021806151878867,-0.038851223078098074,0.008109471664680346,-0.0074999693137741685,0.00043266437128441915,0.010791398013947573,0.0,-0.04788734543491413,0.0067351953279217724,0.003361420194056386,-0.010830907968426118,-0.045454545454545414,-0.00797529791135243,-0.0017478715013089507,-0.0020623465901482563,0.021276640255004642,-0.04067800747050254
2022-04-11,-0.05472637553583393,-0.0074255102388085525,-0.0012319144006230909,-0.005632932997152729,-0.03658533181412238,-0.004638135041359126,-0.006191085360280901,0.20365913030177651,-0.07195118164321113,0.007114503448244713,0.0,0.006597741558725723,-0.006756803923811283,0.026970878210353044,0.03846158566226521,-0.02080483853445214,-0.009014495242135379,-0.035856539645922725,0.0,-0.00556483890352566,-0.0024718508544353535,-0.01804717234821529,0.009326891243171653,0.008765221518022281,0.0030563725498564676,0.0023389104895881196,-0.005120232434979166,0.18421052631578938,-0.003182876868241369,-0.03138068683488482,-0.04222462983779529,-0.0035151435758952188,0.00015773788215067697,0.0,0.004325126592093387,-0.0035589191335013703,0.0026594286818055757,-0.06804731624190918,0.0,-0.0030613178734233415,-0.015824993549774846,-0.04761904761904767,-0.000765859807957403,0.0004636443787870981,-0.0012913086723480571,-0.030797111097546126,-0.06360418133965973
2022-04-12,-0.03157891764865317,-0.0049876504635310015,0.0032896279842835607,0.0038577038371439,-0.03164556923823336,0.003236332638478334,0.0025312788352647164,0.0,-0.0026281183410804543,-0.014521155823280951,0.0010740604026209244,-0.001311031231202131,0.0,0.02020209804504458,0.007407376769022145,0.004618850988376888,0.0021585048673238294,-0.028925689857240422,0.0,0.004974245130615396,-0.002859027230051825,-0.00813511822731916,-0.007231718046622038,-0.006044606679398101,0.027081733733903768,0.005834273919531396,0.0011191348229455667,-0.15555555555555556,0.0026295818481041344,-0.00863941600666207,0.048596157446176624,-0.03527315564080569,0.004100209145735612,0.009235840857956923,0.009474935504727,-0.007142688146438592,-0.005304894390239401,0.0031746152847531572,0.0,0.004055693881582334,-0.0013803619431742575,-0.09999999999999998,-0.003831570475284929,0.0018736232605784942,0.0029739957735890332,-0.0028035465233381407,0.02641506819760786
2022-04-13,-0.008152165990639837,0.0,-0.00696729241457672,0.0030339266213383898,0.013071882795547163,0.0011609564429968522,0.000193829758269759,0.0,0.054018424133010834,0.018518817234041363,0.0,0.0021877003713648424,-0.01814057289661819,-0.0019802432681454984,0.0073529109869923115,-0.005976829404200634,0.002615194486196959,0.025531993035336376,0.0,-0.00020624965850801757,-0.00038247134638513813,0.002126519893915102,-0.0008093965371044343,-0.0007601291036201108,-0.02241250972709552,0.0011601716299383114,0.008045894197795445,0.05263157894736836,0.003934110836145921,0.0,0.05268816187114589,0.03473481843214077,0.0028271762770128994,-0.0033279154469331163,-0.01322551028996144,0.0053956990069738975,0.0,0.10126578534686681,0.0017606898948026029,-0.001731346060082073,0.002032970927183353,0.05555555555555558,-0.0011539672954344882,0.001266945360328453,0.0011604422260202973,0.029990513415801834,-0.007352934086817808
2022-04-14,-0.0438356388082729,-0.005012512871702346,0.0028887022858328226,-0.006856005152301781,-0.006451637514175879,-0.006830877365778143,-0.003106443749348986,-0.001999939031234299,0.027500033378601074,-0.0033239362297108332,-0.0006438169975446772,0.00851360433441073,0.07621245485464279,0.0,0.0,-0.0032379552238321896,-0.007672116486104108,0.08713684325700344,0.0,-0.0068066324689420865,-0.002294804879317658,0.00394048885728826,-0.003645277913260081,-0.007227136687400604,-0.006743408802473927,0.0,-0.005764398950480976,-0.07499999999999996,-0.008397249175570276,0.006535910331704642,0.020429063596137276,0.024735058141936772,-0.002036009645872583,-0.0016692148875525614,0.009511625211566566,-0.005366741684197707,0.006333331491579441,-0.0841379184095431,-0.0042181378564351,-0.006358385005372447,-0.0200454318986929,0.0,-0.002695117621841492,-0.0027113445792364965,-0.00270429966238106,-0.002729876025375444,-0.0037037001061669406
2022-04-18,0.0171919606348383,-0.012594481654157552,0.00041195444669939185,-0.0033503805814458776,-0.03896100276999048,-0.003244537066654285,-0.00038912760693476933,0.0,-0.026764021883460276,-0.003138266417704094,0.0,-0.01580089426556197,-0.09442061622916342,0.0,0.0005838098353325716,0.007888555132859576,-0.0021647046797346192,0.05725194729747973,0.0,-0.0010383449661631738,0.0007667491200491483,0.0,0.0008131887126745507,-0.004980845132558587,0.011473294862198724,0.0034760565248106445,-0.004014951245161824,-0.08108108108108103,-0.004516231072119514,-0.03246740717205576,-0.009009000301245074,0.03275852775887067,-0.002353923931151858,-0.005016872719647014,0.0017127813823827331,-0.008992831678289681,0.0,-0.09952306110307974,-0.004588816232378279,-0.008609472519105932,-0.004969006862662995,-0.10526315789473684,-0.007722232001113993,0.00020122893449592283,-0.0010331148384405964,-0.022810172665593487,-0.026022368093815973
2022-04-19,0.019718291319166026,0.04081645929993605,-0.002468353112353494,-0.00784359637882348,0.01351350045186761,-0.00624877863658746,-0.0019483250470302416,0.0,0.01250004768371582,-0.015938689515943905,0.0,0.016054570841913973,0.016587719227871833,-0.027777751497069958,0.0008755270878679777,0.0036833543172729577,-0.002479508290022192,0.06498197400600536,0.0,-0.00914791466204734,-0.006895208826852017,0.017210164169686903,-0.0036555554970250093,-0.006930895594119968,-0.021411140700528186,-0.0082349786771172,0.004702284451957528,0.0,-0.006805289083392618,0.04026852822549443,0.020202072746058564,-0.008347194103803468,0.02579818853575011,0.0,0.017528900081621224,0.008167089862422205,0.005962237429110395,0.0905922789200233,-0.0017728716026457203,0.014552418129350153,-0.007490659253454046,0.05882352941176472,0.011673198618649794,-0.0020136025093128174,-0.0046534326752628585,0.019607874188992236,-0.015267161679471508
2022-04-20,0.005524922645682384,0.0,0.0049484495960001595,0.006365456023897931,0.020000012715657656,0.006288071402834827,0.0015611647573527954,0.0,-0.0012345961001080097,0.04759047935988092,0.002147379030274177,0.02034623553809145,-0.0489510582783933,-0.010204120359535218,0.0002915440029567229,-0.0018347678411511081,0.005903336168728179,-0.0033898272208872093,0.0,0.010281392207667883,0.0003857819082082603,-0.00593646666746539,0.017529502292422228,0.019387233855894248,0.003292546195488688,0.0023725808213952426,-0.0006680072320315311,0.02941176470588225,0.005329400879175106,0.01505359650546545,-0.029702939796468653,0.010101056232544092,0.007974508903687783,0.0050421686379344965,0.029411810227147228,0.0018001850387869833,0.003621850719540687,-0.02236418123493089,0.0,0.014864089487676813,0.020125895929938853,0.0,0.005384597900262467,-0.00010057067971469547,0.0016883343556965968,-0.007326058150586623,-0.05038755033589293
2022-04-21,-0.03296706607672484,0.0,0.009848354034660334,-0.0063251932842045555,-0.052287593513842934,-0.005337687831802551,-0.0037026163555330394,0.0,-0.027194099243426195,-0.024623188478539726,0.013498976852037492,0.007212505518071177,-0.044117605809933624,-0.045360782374761155,0.02011067305788372,0.009191205141681369,-0.0064863027592151346,-0.08843536918467498,0.0,-0.0094646789777314,-0.0025109516011828648,0.0,0.0016024939381553693,-0.004944764491362275,0.008339959987991863,-0.0017753480285754852,-0.004868815542216853,-0.08571428571428574,-0.007762522336701827,-0.05084757251449867,-0.021428767706819896,-0.02500005920817361,0.001673101942680777,-0.004180613233579766,0.003673473717568987,0.0026952332915215482,0.0,-0.03470589089604437,-0.005328596666863361,-0.0035904712172737385,-0.0073982953794415884,-0.05555555555555558,0.006121116198768206,-0.0008072741480896761,-0.004019199045170563,-0.017527797773382647,-0.020408143405366563
2022-04-22,-0.04829547648156485,-0.009804156031637645,-0.004876341079897095,-0.000821784693130434,-0.013793090294147325,-0.001308687975135725,-0.0017603845164337883,0.0,-0.019059732852432676,-0.001956872771730178,0.0,-0.011373239267136626,-0.025641061693801315,-0.05831532921227944,-0.017857166597987084,-0.014116619226389293,-0.005596148450008553,0.0037313396321503323,0.0,-0.003359718316197191,-0.0013553078460715184,0.0,-0.004799960267510506,0.0003823275821610572,-0.01016923998933661,-0.00414903989870774,-0.00608637752995711,0.0,-0.0009537439262582437,-0.0535713729829661,0.04275290548431521,-0.005128063008762451,-0.011846768453667611,0.003358308009826061,0.006913350553668929,0.001792215757539406,-0.0006560963291664113,-0.10623605108450185,-0.006071618265175216,-0.01538559976977183,-0.006294118666039239,-0.05882352941176472,-0.013308226867216555,-0.0007470756992271621,0.0,-0.03474160648821989,0.012499987582366145
2022-04-25,-0.03283579051560903,-0.009900886159466937,-0.020008019895026763,0.007193151939187237,-0.013986000461365,0.006290995994327586,0.003919136222072961,0.0,0.0,-0.005097828408260008,-0.006342268459825107,-0.0023434028616338143,0.007894729412163404,-0.011467933303607514,0.007272891821503258,-0.011547582589938599,0.007294591226310265,0.01486987397850048,0.0,0.006531690633966303,0.00038779187723192443,0.006569183084136121,-0.01487139424576478,-0.0026750189205794195,0.005684863687372088,-0.016667019087291512,0.0047627645345384995,0.0,0.007066336141311247,-0.023584944295518606,0.01900012606383128,-0.00859123290717878,0.011066710059494111,-0.0033470675261436655,0.009693120073341,-0.006261103059713724,0.04990149945800182,0.06439396922362883,0.0,0.009236136337251288,0.010000888325435442,0.0,0.0019268177950941823,0.001556164638170987,0.003904912300490615,0.010700243269341048,-0.016460889199236384
2022-04-26,-0.04012349199329335,-0.009999893971283424,-0.007500136727953577,-0.0006119481398547677,-0.00709222544427357,0.0026047582286476967,0.0017566886226125789,-0.08817635106367294,0.0038860376455533974,0.001182269831021765,-0.008085132191159916,-0.010036307237811126,-0.0678851163557389,0.009280733731803936,-0.007942237481655123,-0.02756998191100757,-0.0038934659819550577,-0.010989000432297447,0.0,0.005023938652125803,-0.0023255177878322986,-0.028181795579423685,0.018359895803063297,-0.003831393486681489,-0.0042908867086733915,0.003632008224851324,-0.005868664078907515,-0.0625,0.0007586836289268373,-0.024154497793859586,-0.003925553464187215,-0.013864732660940349,-0.026451888742425544,-0.0033587374280306115,0.017999856749649545,-0.008100928848547073,-0.016885481816508396,-0.027295380354160015,0.0,-0.0025323825087470997,0.010066907517235935,-0.0625,0.0,-0.0002017958836901812,0.001686381946129023,-0.00962459833117324,-0.04602515844609745
2022-04-27,-0.045016035758188355,0.002525172980019086,-0.00419784525163891,-0.0022463173819143867,-0.028571401323590928,-0.003117768502944762,-0.0029225962193626387,0.0,-0.03741934991651963,0.004330760858711535,-0.0015016249943410331,0.014667989784744595,-0.008403353487606458,0.05977016886941677,0.00800582161818264,-0.0019218434208455593,-0.005628608402101332,-0.03888889526634043,-0.03689323642029774,-0.000833152911016044,-0.00019414794721572814,-0.00030491643243057975,0.0008012043790086576,0.0,-0.0075238991104148445,-0.007237511805011754,0.0006812143108783086,0.0,-0.005684848968757761,0.002475210833557062,-0.015763462444050136,-0.014059666173741325,0.0001564220944352268,-0.005054740152421244,-0.0015716933729637006,0.0009076375748187093,0.01749356445163186,-0.019500272288966336,0.005389790504156,0.008943998887813498,-0.012825854569258333,0.0,0.005000191911588514,-0.0005047274811470492,-0.0015537634456846972,0.006802549159312887,0.0307017254917461
2022-04-28,-0.037037081634600955,0.01007566911151292,0.0021320590231814762,-0.0012273131394890946,-0.07352940970226152,-0.00039074331557054087,-0.0023453342214879713,0.000879068354399104,-0.06568367901470362,0.000979928914420336,0.009667175848850462,0.026147686989324015,-0.011299424374029976,-0.00433839053086249,0.010830184214114968,-0.020221743814407334,0.0034590316221951856,-0.009633948012255145,0.0,-0.0027099816390402376,-0.000874126237289552,-0.018320702503602848,-0.0012008444466837798,0.0019229804383855686,-0.0041349307038703875,0.0018226599548527567,-0.003630779401827877,0.0,0.0009525685314983878,-0.009876397168958828,0.001000928436301729,0.016042448888987648,0.033879791387317226,0.0110077217920308,-0.004722341371579342,0.006346054795000944,-0.032410135171711874,0.055970150847083344,-0.015367933809338874,0.015155821676142933,0.0014895775371159825,0.0,-0.0003825762926137344,-0.00030295314481865177,-0.0010374917034366993,0.012548571224006766,0.02978730829877274
2022-04-29,-0.013986001160915085,-0.009975162673085292,-0.004255624246881751,-0.006965925018282304,-0.0317460761979701,-0.0067787535068816185,-0.004309521987824527,0.0,0.0,0.01429421839891476,0.01021268556382049,-0.02175255145042765,0.005714280264718097,-0.02178657475933754,-0.014285720616606046,-0.0024569027896509388,-0.01018498905978682,-0.04669256368721675,0.0,-0.005643975127180401,-0.0016533942984883199,0.008398001685157253,-0.0004009331644840852,-0.004222605621949205,-0.0016609093348115556,0.004244941710107586,-0.009564686928851929,-0.033333333333333326,-0.007235344759007778,-0.027431557321041966,-0.02299994367360736,0.014035230061486992,-0.026276249504316174,0.0033499560395371386,0.011862192899450674,0.01081093933181032,-0.00845544105870577,-0.021201360081146592,-0.009437314053717727,-0.032619766166162134,-0.012973169870667989,0.0,0.01110227373591477,-0.002120770443493236,-0.003244474468797387,-0.015252618975451049,0.07024786467598321
2022-05-02,0.0070921919858044635,-0.00503783455575646,-0.012820177812257305,-0.005299301514493093,0.06557378715098938,-0.005115086330590102,-0.002598920985210973,0.0,-0.0028694378089735295,-0.009459401481264118,-0.004844062881700695,-0.0067766651867158245,0.028409063970008086,-0.028953150162719377,-0.004347680320864966,-0.01970438727034385,0.003166256491542674,-0.02857140076751319,0.0,-0.004624585820497629,-0.0015578358535326409,-0.012954877432266754,0.0020049583910821678,-0.006939080498726047,-0.003673929011525967,-0.02053173531740249,-0.002759539220298479,0.034482758620689724,-0.00361411655574706,0.08717945949273598,0.0184237286274338,-0.024221416166526066,-0.010701032684853118,-0.01919861804376044,-0.013677119286539141,-0.008912681434348424,-0.007215582383370722,-0.03252711017134602,-0.0069624097627725146,-0.02300394321000976,-0.017333603686748966,0.0,-0.0060581276983810994,-0.0012346626143288075,-0.0005476582869533564,-0.011616730640342077,-0.03088800245451473
2022-05-03,0.00704224701794165,0.01519002851783946,0.0017316277899250831,0.0020811175810522275,0.0,0.002378415168626802,0.0013818429170442403,0.0,0.050359768500013,0.001753952219990751,-0.010158739141456707,0.004690710446017876,0.20441996446114108,0.02522927828182886,0.0,-0.009045364029496406,0.0014199646012280631,0.02100838231599389,0.0,-0.001267102003917775,0.0013651184616962908,0.0,-0.015206224093254894,0.00815219079595475,-0.012384258354954714,0.00493254304913493,0.002305905161110733,0.0,0.002894147402167979,-0.014150927881327102,-0.007035205247490017,0.001773038680461525,0.014108830900640523,-0.006808425733707768,0.0035656105750347944,-0.008992831678289681,0.012553946682106742,-0.029814537585209355,0.0003689030109530478,0.0013711995845222535,0.006741560019040804,0.0,0.0007619846202806535,0.00016227083794650987,0.0007827654332861478,0.018609225750557012,-0.003984059960658093
2022-05-04,-0.06643350551434679,0.014962605755651337,0.0064822568099174305,0.008930130029719319,0.0,0.006461550681387429,0.0019714220568545215,0.0,0.0273972334300725,0.007976786940219638,-0.0014968089769344939,0.018675882211529382,0.002293521040931168,0.040268526537909244,-0.0014556625732097261,0.007606737437257705,0.009140126158005524,-0.012345666899427288,0.0,0.005075402433365239,-0.000973743421482931,-0.004374969673309859,0.0008126854610941425,0.005005778138233108,0.003170015785726843,0.00981592869635417,0.007361453633304871,0.03333333333333344,0.009042193163794066,0.08133975329692378,0.004048615529426369,0.02477860809586052,0.023187633176313893,0.009449973253635058,0.024129984829889484,0.009981977174190027,-0.0071779142665587825,0.0499999706561749,0.005901940895533864,0.034942363370340734,0.005510096582677981,0.0,0.0011419418565528083,0.0023300240791599425,0.004563086678343042,0.011538541826126902,0.011999988555908114
2022-05-05,-0.026217292007923665,-0.0049141223876102424,-0.012881015568944276,-0.009571488462362332,-0.02307693774883568,-0.009956769255832554,-0.005311884084521767,0.0,0.034666697184244866,-0.006755562570201601,0.0,0.012916438863908253,-0.05720823948443099,-0.012903213236342914,-0.0014577200147832814,-0.02768000183368924,-0.015303108003824062,0.04999995032946458,0.0,-0.008416038570813078,-0.0033152222502444983,-0.005390096099070152,-0.004465924665057797,0.006896625875581153,0.018258475568774912,-0.0012154468936472762,-0.013244889843174623,-0.09677419354838712,-0.011630673337492126,-0.03539818939947914,-0.005947474126957175,-0.020725375306833937,-0.014503724025394016,-0.007659391350510858,-0.030513791049928574,-0.001796950195928848,0.002300283800878322,0.0,-0.006233915665435519,-0.01995843721969215,-0.027398408738033897,-0.06666666666666665,0.00532325782325227,-0.0033556382857421463,-0.0032443179240677633,-0.04467668347982512,-0.0711462722500843
2022-05-06,-0.0076923006385033466,-0.00497514480923178,0.015658822988207755,-0.005715659577999466,0.0,-0.004234455726963349,-0.005736099261854699,0.0,-0.006443323358260811,0.00019442542177916522,-0.007494993779529668,0.02159613845538222,-0.014563093312173536,-0.04357304563258735,0.007299175627388577,0.034679081811502366,-0.0012685809347672272,-0.023809501283202916,0.0,-0.004879912882079562,-0.002347645497162265,0.002550229214379085,0.002854708821521168,-0.010654538992951434,0.0006895147064875928,0.0012169260025769457,-0.015274024493875715,-0.0357142857142857,-0.005979591555133279,-0.055045868682648824,0.0041577091973241664,-0.0035272016474172663,0.007665374052357787,0.007718510442634052,-0.011553847719911081,-0.013501580138913782,0.008196901821881042,-0.025640984437851233,0.0,0.00011739431813517776,-0.01473530649239918,0.0,-0.00907720574118176,0.0009735632222647173,-0.0018232858099923588,-0.009950315925905895,0.02978730829877274
2022-05-09,-0.03488368869407976,-0.002499975924731057,-0.0021411903454884307,0.002299278611494593,-0.08661412947368063,0.00451823435603238,0.001989718929516826,-0.011857704975550276,-0.053177671255971726,-0.004662830992523959,-0.005393476614525827,0.03462854181289243,-0.1305418667141468,-0.043280196582913155,-0.007101324657454722,-0.010505175309891479,-0.0071450948620152,-0.13414630836942243,0.0,0.002771902327342035,-0.0037262717211732355,-0.004769446991580661,-0.011793479360438397,-0.00038459608767715814,-0.015161874635915007,-0.01336634313079288,-0.012926369357293743,0.0,0.003881242796307971,0.012135874645541778,0.003837655440539489,-0.02477860809586041,0.00836735044925696,-0.012765999568284392,-0.0032246119944929763,0.0018249205234877053,-0.0068294597431166615,-0.22556390653963154,-0.004428028962902175,0.00756993545583029,0.008797712769198274,-0.0714285714285714,-0.015267618332180488,-0.0009930004931332226,0.0022176712623436234,0.05326601300950484,-0.12396701705658286
2022-05-10,-0.0240963624697752,0.0,-0.00772538929953448,0.005005099760796439,0.04310344685839129,0.002910453657358092,0.00575705219244349,0.0,-0.05753425552330915,-0.009369763622033678,0.008676905516103117,-0.03522085847307921,-0.014164292555673641,0.00952380087370197,-0.00014599583617547207,0.036905854531007254,0.006716737244472526,0.023474154755812382,0.0,0.003189449660881749,-0.0005908295641078309,0.0,-0.0037037824480153914,0.00038474405873678563,-0.01609523698934079,-0.013546018530130377,0.0,0.0,0.0023196568382846117,0.0,-0.0643863969591415,0.003629506639364344,-0.005431440604547588,0.007758611439514729,-0.006469674572156303,0.000910749471202843,0.016699395485856527,0.11650483369355369,-0.010377941885250763,-0.0012230356666025344,0.009068953455639628,0.07692307692307687,0.00038780548911732105,0.0021947521430349948,0.0005205907550829281,-0.0019084105361352188,-0.06603767643538117
2022-05-11,-0.032921876513111736,-0.002506172509184612,0.019031037137601237,0.0033200250096523387,-0.12396693824052607,0.0034295110721831445,0.003355989169504525,0.0,-0.13517446071312378,0.011822795048180401,0.014408625736215486,-0.004638931067270757,-0.1034483136612886,-0.0023584322133207714,-0.036496395698853545,-0.0039007619179389774,0.0007942212609304278,-0.08256883543354943,0.01195578052896673,0.004026930510053095,-0.002954209500036886,-0.00958460725942023,-0.004543488598686363,0.0,-0.006330037053715487,0.011235946638786354,-0.004761897089901934,-0.07407407407407407,0.0021212324046033793,0.0071943347122420676,-0.026344138617489077,-0.010849726885097888,-0.005461418710645427,-0.014542026065209157,0.0073260182876142554,0.0009100179854943935,0.006441365867110971,-0.22173914702042286,0.0037451838296778117,-0.004839812604315763,0.01927251038687583,-0.2142857142857143,0.008523884321420594,-0.0006286982147679643,-0.00026021621581473475,-0.006692100258162581,-0.04545456187455765
2022-05-12,-0.0425531526343631,0.0,-0.02546699144669662,0.0022750263743673838,0.018867905855434186,0.0019722542716997804,0.003344425544012042,0.0,-0.22689074754765448,-0.006816080147666881,-0.03413182010704252,0.013373777958587851,0.03525645434268765,-0.03073288743610747,0.0,-0.018960810687701946,-0.004444443476266824,0.04499995708465576,0.0,0.0014777395362290946,-0.0015805847284829921,0.0,-0.0037342545359075885,0.003846129522282027,-0.035859895352327475,-0.013580492025768831,-0.0021531585961280797,0.08000000000000007,0.001732382214197914,-0.07142867839092493,0.02153516327441496,-0.0383909845977668,0.0018304910786788309,0.0,-0.012525280298976815,0.0018180898041364468,-0.008000105943301361,0.0893854980764015,-0.01977595050721248,-0.0015236107813361155,-0.0018653221887617866,0.09090909090909083,-0.004649386199854666,0.0007305017779606349,0.0015611407777018638,0.04427343527498695,-0.09523806820651015
2022-05-13,0.013333320617675781,0.0,0.01655072636164645,-0.003920220634337279,0.11111109148818321,-0.003674016166755001,-0.003137440727902452,0.0,-0.0695651524909715,0.0,-0.0013170266388754515,0.010797868983235093,0.08359132487063015,0.029268265451297903,0.0,-0.020582209593574596,0.0006378383196194992,0.02870822184792665,0.0,-0.003794375013354556,-0.0037592814267888297,-0.005806571530860394,0.01166173839207807,-0.0011493676461953317,-0.0445433184369074,-0.010012569127950677,-0.001678176657932351,-0.07407407407407407,-0.00461096147208051,0.038461530371254105,-0.024864802168964695,0.0038019496327477142,0.01065778290470809,0.008680404721855384,0.006546608326399195,0.009225014611791815,0.001612868842576498,-0.07179485223232174,0.014465321972199963,0.019483388418358727,-0.014780768149981194,0.08333333333333326,-0.007006530622271079,-0.0031223604303252106,-0.0003898173591020404,0.02119830469420947,0.15204677465680283
2022-05-16,0.07894739869118661,0.0,-0.01371028424138665,0.0014497807409130647,-0.03333330154418945,0.001580368527526188,0.0013767811354745696,0.0,0.04439242314705605,-0.007450896186591449,0.0,0.0021759647382648684,0.0028571401323591594,0.002369722601664348,0.0,-0.01947743462634466,-0.0035054007852983737,0.09767432112253238,0.0,0.0029621702412521156,0.001986240881991508,-0.016223159352192984,-0.0016468710980905854,-0.018028405052373464,-0.010101035753051102,0.009481525537585966,-0.005043457306814658,-0.040000000000000036,0.0036672327596809495,-0.004974996394489839,-0.024390317880400803,0.034090759652538605,-0.0037662878925248666,-0.009466326784069778,-0.013414627261411849,-0.010054635862911665,-0.014492584732383018,-0.07182326613319212,-0.009381292548555131,0.010073915741870776,-0.001034806373279018,-0.3076923076923077,-0.009800138529513891,0.0027256255847236677,0.0012998979197809124,0.005414893329326098,-0.025380746598692716
2022-05-17,-0.024390220263873164,-0.005025145777205253,0.010860112402438782,-0.0062057195862081915,0.1379309806188722,-0.005916521750936488,-0.005892595416363111,0.0,0.08053694640083409,0.02232316975437132,0.005274776735614939,-0.007500818183636571,0.03703706974191756,0.016548503864241004,0.0,0.0015684110836506893,0.0007995742821038654,-0.03813555854656392,0.0,-0.006961476080548312,-0.003369763445166263,0.0,0.01319591298523215,0.047265565252511355,-0.010989074601578164,-0.0018783588486783742,0.005551425672844168,0.04166666666666674,-0.0048078943857913226,0.02500003223183911,0.0443180785337387,0.016483890227431575,-0.006199891763243426,0.008687946672845559,0.042439300206940755,-0.010157340663766501,0.02614365478836911,0.12500002838316537,-0.0007573691454602072,-0.005756094751930174,-0.012083294408419931,-0.23263888888888884,0.003563028626166087,-0.0019270362872888525,-0.003504381909236187,0.029623190724132664,0.0
2022-05-18,0.04999995032946458,0.00757568388348151,-0.013322146632077536,0.001456630990210872,-0.03787878842612158,0.004231988497386263,0.0019757562792352967,0.0,-0.04347826945426525,-0.011593924483281337,-0.006121784548774212,-0.08074775088223352,-0.07417588229772887,-0.023255901635817477,0.030303109657180416,0.0219205307641388,-0.004793101220322615,0.04845820900381992,0.0,0.0019116278050557156,-0.003381157144915603,-0.02440618154068419,-0.01709400452096166,-0.001864964042649353,0.023809530144007995,-0.0012546460074716048,-0.013202066024948556,-0.07999999999999996,0.000579946232320383,0.0,-0.006528713356760085,-0.016216577936855825,-0.0727327230596273,-0.001722640850692625,-0.033992135895243414,-0.0037310970739198313,-0.012101887402026335,0.14814821168906023,-0.0068232859296155635,-0.06196259488515776,0.02131751596995035,-0.13122171945701355,-0.003550378525844833,0.00040619226859162083,-0.0007813273910528551,-0.017436714794304975,-0.08333331781129005
2022-05-19,-0.039682502138671416,0.0025062414680627754,-0.0034839792878703646,0.00291029587311864,0.023622062617355555,0.0021075871323397166,-0.00019712663532156505,0.0,0.02813855360630302,0.010752399296224624,0.007919174625717007,-0.0034616409045513663,0.038575702924497524,0.033333416590618725,-0.019705996957950944,0.002553681949005293,0.0032106925359072225,0.06302514694798189,0.0,0.001696527313420404,0.0021952952472394927,-0.0006764334683690976,-0.002484319269756785,0.005231836411530022,-0.009302444936231669,0.011336077864060545,-0.0021888280064640275,0.0,0.003089747296993517,0.002438994357384372,0.01642922017815507,-0.02564087094354428,0.0027897228276045904,-0.006902365823716172,0.015957331680698905,0.007490632649691076,0.02804649353871458,0.03686632299233983,0.005725108428962233,-0.014971089209718569,0.0023950988744896318,0.15104166666666674,0.002375267443829765,0.0016252931268831983,0.001955127814718516,0.037266733018163745,0.06818182126057049
2022-05-20,-0.028925689857240422,-0.004999883062979493,-0.006993210489667279,0.006010316644870395,-0.02307693774883568,0.0030228605525746133,0.00039484025605207584,0.0,-0.06526314584832438,-0.009671139103973547,-0.01745958180355578,-0.0006513883427886613,-0.04857145036969868,-0.0069124904962182265,0.0,-0.009169439061145201,-0.00016017458150918706,-0.011857696335581758,0.0,0.005080303159922028,0.0037830643425811328,-0.006427365437561838,0.015773972614225196,-0.01487011874040678,-0.020343950324348548,0.001259285403611976,0.002437771950198675,0.21739130434782616,0.0030803151759037917,-0.007299444573883651,-0.02693967086979654,0.005639062827240915,0.0013090541363591779,0.0,-0.010874042756204072,0.0037175189619547133,-0.023204826572401416,0.07111112806532116,-0.015180293744175843,0.006265646125901192,0.011350130394742308,0.1493212669683257,-0.0023696389176549593,0.0010140121681461167,0.0013009126875627164,0.009409916001857921,-0.02127657550770312
2022-05-23,0.08510640672344483,0.002512469190399713,0.0057219425957732994,-0.002966234178599425,0.0,-0.003537841691055865,-0.002366239991203556,0.0,0.03828830497816904,-0.016015725795929914,-0.007996477429681681,0.0028240230628238105,0.015015072636763493,0.009280733731803936,0.0,-0.004627371658045054,0.0020808459158492276,-0.039999961853027344,0.0,-0.0037913660603726695,0.0027774619878475626,0.0010213104324281463,0.019207156334376974,0.00037742233451676377,-0.0015977208196898962,0.004276885232830763,0.0,-0.0714285714285714,-0.002687020162863707,-0.034313576132814605,-0.0011072207689379887,0.01121512567848959,0.013891079270967222,0.0043439733364227795,0.019951183777999093,0.01851845904605809,0.006741554276707529,-0.024896280994711528,0.0,0.020898707233550917,-0.01645459661955595,-0.07480314960629919,0.007521949321906307,-0.0006078454842792791,-0.0006494426282585009,-0.004280917495244951,-0.1739130688299524
2022-05-24,-0.06666660433501082,0.005012620853881877,-0.002188043275624718,0.00710762675910126,-0.023622062617355444,0.008152369477220978,0.001778846750783325,0.0,-0.00433839053086249,0.0031760623881122996,0.0,0.034662065945333165,-0.04142014797751925,-0.04367817503124927,-0.002400296930791024,0.018078455379506142,0.004728734013150548,-0.09166667494508918,0.0,0.006565537222444462,0.006501063727362366,-0.01190471593047615,-0.016840235360751854,0.007167161064379313,-0.008000047199105187,0.004509007042905022,0.00570270808108142,-0.07692307692307687,0.007891151398529361,-0.030456961546924344,-0.003325879449284863,-0.0036972521479998743,0.015473980948240929,-0.0008650016671647442,-0.005588822713317287,0.004545273002072081,-0.04049759368382766,-0.05531911647066157,0.0,0.013405923544716813,0.01973263692245153,-0.09361702127659577,-0.007072939930234612,0.002432133753907273,0.004030128432924052,-0.008598356374045157,0.17763156862800455
2022-05-25,-0.012605129565465112,-0.009975102383778967,0.00043852853067605224,0.004308747307369076,0.0,0.004043391254112461,0.0029589141756989346,0.0,-0.02178657475933754,0.009299300989436876,0.0,0.004606427655359013,0.0339505848061874,-0.0048076878990646055,0.0,0.004566221137333182,0.006222072124549616,0.02064212683364941,0.0,0.0025246316401261737,0.004923255797728343,0.011703908653622808,-0.006525432730346892,-0.008614210589974247,0.004596784636500262,-0.002493964524673764,0.012898470825274178,0.0,0.005537385488316504,0.010471219068887816,-0.0022247712320682123,-0.007420926505846914,-0.010000117216811932,-0.012121390928372389,0.006824926132309228,0.0036202411629819853,0.013625918285390615,0.031531478897937504,0.01117519416823054,0.006852521691118829,0.003954237455256804,-0.06572769953051638,0.018994706284718665,0.0019214777719669396,0.0028485096806640797,0.02688659533626314,0.02234641447752228
2022-05-26,0.03829793882564547,0.005037734494315105,-0.0021920786721835173,-0.00020446391765183147,0.16935487468334554,-0.001039084210760488,-0.0019667334602168074,0.0,-0.017817355853925076,-0.006077116774347191,0.0,-0.001667196006566285,0.01791050236005942,0.009661826846140142,0.0,-0.009090711251708794,0.0001584926245641327,-0.02471902503191592,0.0,0.0,0.006466993482066252,0.006805094370909037,0.039819358613631506,0.005288989431711633,-0.00040129903828833857,0.0,0.01297480283942165,0.0,0.003038617585377823,0.05181326310008627,0.004459164730861387,0.01682256778737834,0.0020842560403990795,0.024539796660982383,0.005183266150688093,0.0009016771061491902,-0.003278689689173442,0.10043673286998911,-0.0015241387256974548,0.006746998881687061,-0.004525244512236903,0.035175879396984966,-0.012815336158234936,0.0007064599921338122,0.0005164905500552042,0.014357764004746754,0.16939893700492714
2022-05-27,0.03688520986013244,0.005012620853881877,-0.000439498289369622,0.0030650865601082877,0.08965518556792151,0.002860873479003434,0.00177376871277235,-0.04311106814083554,0.04081639714373453,0.009072866435028581,0.0011195143725142298,0.0064715220711319965,0.06744868424760098,0.0,-0.007518700788975763,0.004077382418096409,0.0017437206798074367,0.027649742244254982,0.0,0.0029378931018986254,0.003893793159732706,0.017911462308730863,0.0,0.0063885847333413626,0.0018473223853503473,0.0012502849206983413,0.014468624506741135,0.08333333333333326,0.0037862011809348672,0.007389408405424458,0.0,0.02205868471660999,0.02016010678502944,0.017964254245406153,-0.0011900327285330192,0.010810756556954182,0.020165343989351214,0.0,-0.0015267942855681227,0.00975824953790827,0.002441149180736568,0.08737864077669899,0.004327233673573794,0.0011093935252104448,0.001806169584975148,0.019983330062342652,0.056074710129257355
2022-05-31,0.023715392671163515,-0.007481292480365442,0.001318775963277341,-0.0059074712130695595,-0.012658215623466695,-0.0057058708070067965,-0.007476088479082543,0.0,0.0021785951442812035,-0.0023454601104319073,-0.02594496798348367,-0.006222762612156041,-0.03296706607672484,0.00478468462867454,0.0,0.011675092473245607,-0.006488310912628137,-0.03587440494251337,0.0,-0.0058588529557465074,0.0003880180490067886,0.011620140339410945,-0.01894970501986215,0.014563194624039655,0.0052102990048845665,-0.006242214411172453,-0.007716029282240133,-0.07692307692307687,-0.006601276283391355,0.004890048566014382,-0.02108758255607812,0.0,-0.0031367490266406284,0.002521205017169681,-0.01628277959283353,-0.001782740920840853,-0.0051847784707474975,0.011904731268966628,-0.00038248818656860806,-0.023403583534605144,-0.02116243768871484,0.08928571428571419,-0.005091915789176338,-0.0009068521662982665,-0.0029624622879040885,0.0016328724860164012,-0.013274323679807187
2022-06-01,-0.027027002147700374,0.0,-0.005706672292183801,-0.003040577588888649,-0.025641061693801315,-0.004468205141499704,-0.0025392608797562,0.0,0.0,-0.02997674951970064,0.019517983728641886,-0.018993898836189627,-0.06250000846656889,-0.00952380087370197,0.0,-0.013547556872189337,0.00414165907269326,-0.11162796190714452,0.08467745132544247,-0.003998923431443591,0.001938923977463869,0.0,-0.01207271778987995,-0.020611061530591,-0.004784649664455021,0.0025129117879258978,-0.000942384418157971,-0.04166666666666663,-0.005194740087783645,-0.002433060137437937,-0.029478571279125343,0.0125898505409765,-0.010226430288308497,0.002514607970359739,0.0048445224425879285,-0.012499690318337753,0.009772090826572377,0.019607843137254832,0.003441732992459201,-0.007511212473517603,-0.0011429689828583722,0.290983606557377,0.001968634354562404,-0.001411457228796209,-0.003157513577677351,-0.016299916418871074,0.0
2022-06-02,-0.027777751497069958,-0.005025145777205253,0.0035317617595078676,0.00020634645551931285,-0.039473647060816464,0.0009187551059954835,-0.0023865852513494934,-0.01950771890646219,-0.06086950842960004,0.013330974697635556,0.01351340730561068,-0.026595642687893273,0.03333337427389793,0.014423063697193816,0.0,0.005086691714358826,0.0084071425462251,0.146596908634691,0.0,0.0033811139536137347,-0.0007746468868924383,0.008204718834780689,0.004480651307848138,0.0030063201188390565,0.0008009844426499768,0.010024449061735163,0.0007075682734858368,0.0,0.0005739712990755486,0.0487802181550101,0.0,0.0017763028601538444,0.0020664314024887442,-0.004180700007284988,-0.001607000693708338,0.009041418786787547,-0.02806472109638003,0.11538461538461542,0.006907162146169377,0.008104784808064869,0.0005162398458693485,-0.11111111111111116,0.00628656105147396,0.0015147493661462619,0.0003899394500406217,0.003313889953965532,-0.10313902112388595
2022-06-03,0.004081628681073202,0.00757568388348151,0.0017599152403140472,-0.001236386906149134,0.0,-0.0014424166916229275,-0.0027910533031092477,0.0895310096021178,-0.004629625030506013,0.0,-0.00022217378455846593,-0.0004371386513697395,0.03225803294049734,-0.035544935068222205,0.030303109657180416,-0.002024247132601076,-0.005033594222179527,-0.02283102785839375,0.0,-0.0037914964847798327,0.0013559184177514005,0.0026043313978654226,0.009732625669039319,0.011614830031315249,0.0,-0.0074441765695208995,-0.0030636971245412425,0.13043478260869557,-0.0026767716156761434,0.011628208642824767,0.004672934973032117,0.001773038680461525,-0.009993705414316545,0.0033583271891639566,0.005633719933453296,0.004480296190034094,-0.00431446583994799,0.022068944470635676,0.0007622250249772478,-0.010979153716854873,-0.002149715217445669,-0.11785714285714288,0.0015618427280108538,-0.0012904660347657915,-0.0012973857447429182,-0.03303036780907431,0.014999985694885254
2022-06-06,0.04065036710645531,0.0,0.012296868539902084,-0.005156521232639322,-0.0068493410175966,-0.0059096268661934515,-0.002599013688230456,0.0,0.03255810704084405,-0.009966326072469278,-0.025116730235759333,0.0039361570117795175,0.04829547648156485,-0.0024570585896938058,0.009558751697621437,0.012677316733945565,-0.0052178216972683655,-0.05140192902903151,0.048327150704285726,-0.005707670115115193,0.00019348751085157545,-0.0042209569071364195,0.0,-0.011851745269731984,0.0,-0.0037499669858197526,-0.006146565018269157,-0.07692307692307687,-0.004025004990931835,0.03678152915539479,-0.0023256001084360767,0.0017699005782756405,0.0006408264615735959,0.004184370478532484,-0.011604542140827956,0.03925060146526871,0.0,0.0020243378720166127,0.004950648371767841,0.00418545575347995,-0.018443798512280063,-0.06882591093117407,0.005068428979484008,-0.0008680291583945676,-0.0010397732636499013,0.005123748250085436,-0.024630518729541362
2022-06-07,0.136718808935258,0.012531207340314099,0.01041220654048125,0.0029024819726541917,0.041379336653084575,0.0034345600635015128,0.0018043836776229227,0.0,0.0585585019580932,0.0,0.004331979637625105,0.015029287090124521,-0.04065043171853533,0.012315318088559568,0.005826698001121233,-0.008512801567932549,0.0052451901643140175,0.004926103745908295,0.0,0.00212603796291444,-0.0019336755077919987,-0.0022822380541304144,-0.015261015440580894,0.001499092926751544,0.0,0.006273693062297747,0.00047567532988268546,0.08333333333333326,0.0034640193579447143,0.002217207494535689,-0.029137482792283564,-0.010600641388331167,0.012650254930488769,-0.006666874116425525,-0.0016194447813980828,-0.004291764568326362,0.0033332727253256866,0.07070701751434072,-0.008336573333573405,0.006161707476161737,0.010799960100979833,-0.0304347826086957,-0.004654962915326077,0.00024221942561752918,0.00052048394219395,0.010195353652785899,-0.005050500185316276
2022-06-08,-0.03780073205152623,0.0,-0.001717501154935186,-0.0022739858843684457,-0.01324508330376517,-0.004080883608373553,-0.004401968454996852,0.0,0.24468088128438437,0.002214643304183639,0.016571995998234,0.015236102355235648,-0.019773992654552486,0.007299204865363063,0.013758058110558302,-0.007575702620424174,-0.00584998793248559,0.0,0.0,-0.002970684723758832,-0.0017433489085071363,0.015686337468996836,0.008972350779835825,0.00299410827495028,0.0,0.0,-0.008559226876716841,0.11538461538461542,-0.0034520613506014985,0.01548683712822374,0.04441789783713479,0.0035714063271701235,-0.009803962963363722,0.0,-0.012165413043129014,-0.016379199507533082,0.008638104012238745,0.06603780940884296,0.010699365542491401,-0.004983175953704122,-0.008860462966979732,0.017937219730941756,-0.005845477009778444,-0.0018181075579607464,-0.0014298000840516911,-0.0025230908371062233,0.030456823303636638
2022-06-09,0.03214291218592291,-0.012376119619296078,-0.002150496996823792,-0.003315318621298413,-0.020134177499404382,-0.0013216653778508336,-0.005828132729350455,0.0,0.008547041290593693,0.004419584194599757,-0.017418450183808942,-0.006552593648779248,0.04322762412452463,0.0024155143005657465,0.0169697654968044,-0.012722590231081354,-0.006043238229255676,-0.03921564960882995,0.0,0.0,-0.003881196536735132,-0.0057916252737447715,-0.013743052805552769,-0.004850584824575566,0.008006520302506814,-0.0037406147011884716,-0.007913904203489253,0.06896551724137923,-0.0055814005545619105,-0.008714667163709389,0.014942307539343558,-0.010676205255111593,-0.022197471381108946,0.0008392199268898448,-0.01190474194235347,-0.0017529623728422816,-0.020421857568034163,0.005899614726846414,0.015122978278530708,-0.017799953764749077,0.0033305214883869727,-0.07048458149779735,-0.0019603137848309693,-0.0005061614427279704,-0.0019530303236496849,-0.020236160893502997,-0.03448272622135795
2022-06-10,-0.041522532741098295,-0.002506172509184612,-0.007327525534473245,-0.008315866299641539,-0.0342465744476691,-0.008470944111459211,-0.005660051843756064,0.0,-0.08474576134203637,0.0,0.00022722319213031028,-0.00148920259311347,-0.035911569097262896,-0.02168678325775364,0.0,-0.014432898330191457,-0.006079981002885426,-0.020408204226431526,0.0,-0.008724765209825125,-0.00272746481982844,-0.0003237687073234241,-0.006557525321674418,0.0,-0.01270817428478832,0.010012647383049522,-0.010635387095145221,-0.09677419354838712,-0.00928965820906369,0.06153836517419142,0.0,-0.008992634216015372,-0.007022632973600285,0.0,0.0024927896792499293,-0.011413618256695512,0.003362558928875936,-0.09090905022983276,-0.013780358885416844,-0.0015973419290933322,-0.006201864557535575,-0.08530805687203791,-0.010604699189834976,-0.004908685042094629,-0.006130080124445159,-0.03614451912969052,0.01530610755402484
2022-06-13,0.10108302285840298,-0.007537822364010682,-0.01997409856312915,-0.012998364903958004,-0.07801420934111114,-0.016153435682186745,-0.014637079412429532,0.0,-0.07222219622184267,-0.013200072949668962,0.0,-0.02279998246897319,-0.08595987148897044,-0.06157635554764218,0.0,-0.011506364848956285,-0.014327067644345992,-0.13020833624371642,0.0,-0.021897792135722183,-0.013674454378488687,-0.024279632240221116,-0.009900908467687874,-0.02512199338435428,-0.005631871326990945,-0.02106584892026131,-0.030539833560529472,-0.0357142857142857,-0.018167853640907783,-0.08695659015149393,0.0033976879294685958,-0.03811263310261981,-0.026315740717041236,-0.005867817687330357,-0.013261762935386168,-0.022202628516564293,-0.09752013353427247,-0.08064516129032262,-0.01057386514403913,-0.017105546402383265,-0.03137903133521214,-0.08290155440414504,0.00039716265161149344,-0.006175587928285431,-0.009186298436155704,-0.03839271340385808,-0.12060301928974027
2022-06-14,-0.07213115804908565,-0.005063312124573782,-0.008861053017515053,-0.007009066385878282,0.02307693774883557,-0.00542712330998929,-0.0024757953525834653,0.0,0.015968047914422856,-0.01082956864905893,-0.020449836017088163,-0.00915826893842231,-0.006269586384879289,-0.015748016714081325,-0.04285705392498951,0.0,-0.0006533939187391979,0.08383232891771164,-0.1365248440375807,-0.007024039082578759,-0.005347350811727547,-0.009953564184294383,-0.011666776219683817,-0.00076927649810965,0.017799457747620595,-0.006328907188813848,0.003023859131456641,-0.03703703703703709,-0.006167543219436689,-0.018140247636592832,0.015575520284946354,0.007547244772446282,-0.012331162889297254,0.003372743804980205,-0.01175959346317157,0.0054498521764947405,0.054586117753868235,-0.08771929824561409,-0.0030535538449045774,-0.022662093550872564,-0.012613012074324526,0.039548022598870025,-0.02142864382810583,-0.0007591681881085055,-0.003840921052044366,-0.041782927224164434,-0.005714280264718208
2022-06-15,0.01766791239675558,0.005089079723641365,0.01832790943325313,0.012406625231086155,0.015037579428341719,0.011459863936012837,0.011582150128476743,0.0,0.02161093386634172,-0.00330510471089307,0.0,-0.002860975512084196,0.041009423625731234,0.007999992370605558,0.00014926663254666295,0.01693107680828665,0.013237400832722512,-0.04419885427355441,0.0,0.012599122607705127,0.0,0.00033534307469729185,0.005934785126215925,0.0007698687400379267,0.006359204098221882,0.010190989063052935,0.013065615742956505,0.11538461538461542,0.014614485427983936,0.002309628212856074,-0.022004846100277198,0.02996260027287767,0.009748656457580385,-0.010924164344466525,0.0042497938944139335,0.04065030075237219,0.014084325271428444,-0.0038461685180664062,-0.004594196013239515,0.01069720564620602,0.018656138319531612,-0.03260869565217395,-0.00567725544803277,0.004207853582237409,0.007179925479309901,0.03682187735136355,0.06321839867943502
2022-06-16,-0.02777783296726144,0.0,0.0026338793392177706,-0.00021130185976014904,-0.044444472701461235,0.002157895584359748,-0.0063379309126235794,-0.0869565382984504,-0.06538455542727817,-0.046631979338265794,0.0007009113603131389,-0.0028690890109456246,-0.054545475563070656,-0.007936500427734305,0.0,0.019771094893420216,-0.012257807056122116,-0.011560682489023755,-0.014373495137262826,-0.0006544683962975695,-0.0007969123725320992,-0.02680075112733471,-0.005478218998311246,0.009708753418760763,-0.018562394780086033,0.007566135394237561,-0.018601561271695544,0.0,-0.000591570404267272,-0.03917089008131458,-0.0068182972252121,-0.027272906632105576,-0.007283338230490877,0.012743956134162238,0.002116120868592253,0.0,-0.0069444683585904166,0.04633207647157289,0.0,-0.004816595895132059,0.007939155317880031,-0.050561797752809,-0.014681885335456002,-0.00030642980283213106,0.00039600951974039234,-0.03925237007697924,-0.010810800361494066
2022-06-17,0.003571425226269964,-0.005063312124573782,-0.00963231976136647,0.002535605672153718,0.007751967785028402,0.0005384567722557243,0.004526609823502392,0.0,-0.024691431913493544,0.0,-0.01377519496188473,0.004648054533253676,-0.04807687899064572,-0.007999992370605447,-0.017459898789566553,0.003061157870473341,0.004898574506110309,-0.023391859748531196,0.0,0.0013107635110196636,0.001594245269641581,-0.01411371817630136,0.01694905991017026,0.01076911757840704,0.015694004415473195,-0.006257839799715947,0.003790560560584355,0.06896551724137923,0.0007893723945817666,0.07194267690257461,0.00572102359245541,0.06168234611920109,0.0032419563811187935,-0.012583591397383742,0.007601361986876665,0.04774325046199723,0.10979022866286425,-0.025830286091733656,0.024999946493364344,0.00019116624997361775,0.0032223567656586294,0.047337278106508895,0.014900655044238542,0.0003065237308383928,0.0002639398431500961,0.017509463280034776,-0.0437158694203621
2022-06-21,-0.010676146619453597,0.010178229458972732,0.001768373417832425,-0.006323624591901944,0.04615387549767136,-0.004574072828852027,-0.007169197752301515,0.0,0.1118143956541422,0.010869377339445707,-0.012784258085248745,0.0354702805835756,0.05387208225232176,0.008064508376086854,0.01761826760342533,0.002543290510502283,-0.00373744180592972,-0.059880183953501254,0.06874986147365125,-0.00392704615429007,-0.0031834153943494092,0.039804434030143776,-0.010416456507074012,-0.014840102101198016,0.03169611183523924,0.00038037962676873427,0.0017625909240230886,-0.032258064516129004,-0.005524029707402067,0.06487676106583096,-0.02161561244469201,0.0035208773059205445,0.017346810333413787,-0.005097929180807759,-0.04861701863577339,0.015741399797872813,-0.08002515488130502,0.07196968356002009,-0.017260819905609903,0.02323937372041418,-0.016952110338662507,0.039548022598870025,0.002039199373297329,-0.0009199297095767722,-0.00039574830453426024,0.01338430096941945,0.051428590502057725
2022-06-22,0.03237407017825222,0.0,-0.007943483159699727,0.006363867299657766,-0.02941180595477033,0.00824365612794109,0.006602505334580622,0.0,0.005692639452927528,-0.03204300748407807,-0.019664351111547518,-0.0006381772571277811,0.0,0.005333328247070224,0.014925557575912407,-0.005580912409508643,0.0008155095053434813,0.025477681857751344,0.0,0.008979583108142286,0.003073877950201531,0.007051920721284022,-0.0008423053258428403,0.0034761942462020468,-0.02147975154780568,0.0025348254421098115,-0.004523341601333497,0.1333333333333333,0.005951323340260828,0.027311047279108047,0.0,0.008772103776258477,0.007689694950906656,0.0,0.0,-0.02039138832521903,-0.02328763219073826,0.014134329917404376,0.03054606028913276,0.008213506352838795,0.02750035787640237,0.03804347826086962,0.015058929512419716,-0.001840821072484733,0.0009235122290967013,0.0028306746770392355,0.03260866396255957
2022-06-23,-0.04181180848225219,-0.010075676907454256,-0.0035588733783739057,0.00505912013049592,0.015151500920837613,0.004824594171738195,0.00983787198252739,0.0004762315939965678,0.04716980962322137,0.01999570059303779,0.02103737167020503,0.009154915289744991,0.019169310091305958,0.013262586888394656,0.0,0.0066328418159715685,0.0004890258527754376,0.0,0.0,0.004992226350484907,0.004099675793761692,-0.004668189700656744,-0.010956527100882463,0.0011547731109446957,0.015446921676478764,-0.0025284163480225885,0.0017671814919215656,-0.08823529411764708,0.005718983208468975,-0.024539907948285866,-0.019767320225397844,-0.06956523692725569,0.012608079511222003,0.0,-0.015418455036021683,-0.007493979927139516,0.006311336274848811,0.0034842672983557144,-0.021119004391945362,0.01277542955071298,0.008214771336939819,0.041884816753926746,0.00040105775971888136,0.004816369989380176,0.00290081431963074,0.009406913002900863,-0.02105261176576878
2022-06-24,-0.0072727203369140625,0.010178229458972732,-0.004017640453380045,-0.00020965943228901107,0.007462715247501972,-0.0018672988529384593,-0.0010154275878655472,0.0,-0.06306312962907912,-0.000653618907280773,0.03617616073049135,0.02194074901569798,0.05642627746391393,0.007853395789016115,0.030882261151064183,-0.003548149630261399,-0.0017485099352623212,0.006211174145593246,0.0,-0.0019471312454842904,-0.00039766066239388387,-0.01842554383000039,0.0,-0.00999637864391656,0.000800601354680408,-0.0012675990011808969,0.011746145667359098,0.0,0.001372418627159755,0.0,0.02194536821032078,0.028037572735511995,0.026376035170507572,0.0,0.006711205779088347,0.009228261003743965,0.0,0.05208333471307047,0.01930370564072592,0.012370716532933868,-0.01384245340662571,-0.06030150753768848,-0.0012023468130496484,0.000509826692699944,0.00039439562902421343,0.0214352918106111,0.010752677834782398
2022-06-27,0.010989000432297447,-0.007556809660296704,-0.0040341515258253136,-0.006083683905492743,-0.029629601372612835,-0.004810641259673676,-0.005891552936621691,0.0,0.019230843295715117,0.007628768652425899,0.04138733000817152,-0.006193126156949447,-0.0504450574624169,-0.002597400184666032,0.004993049788578174,-0.0035605624373613587,-0.007529776138775035,-0.06790124319835578,0.0,-0.0019513141547594648,-0.00019852862027858187,0.01365184508712658,0.012356118486339218,0.009709008843098221,0.0048000243373493845,0.001269207847780951,-0.004263050440654004,-0.06451612903225812,-0.0072447758549339936,-0.008385868776619843,0.030179786150573262,0.01999999060498503,-0.00031931897088322003,0.0,0.011110988063158356,-0.0024935786483757383,0.017073243472285782,-0.05280523149862337,0.01559588229796316,0.0013240339015958558,-0.008529183777683524,-0.053475935828877,0.0024076745152739054,-0.0020385413230017413,-0.0018397116324119223,0.010036618687631726,-0.026595719384629013
2022-06-28,0.047101490902214715,0.0,-0.0027002599359454704,-0.0029548293806078707,-0.007633616683796363,0.0005376889754153957,-0.0012262599414488706,0.0,-0.028301903767787184,0.005840213526920657,0.01709596642954314,-0.005193129844906608,-0.012499987892806708,-0.010416656965389626,-0.017175420715014766,0.0005105645537559766,0.0018140999468194696,-0.03973506169436036,0.0,-0.0010855413304945438,0.00039747464787187603,0.01885516048797853,0.0075757791495165705,-0.0038459762226422667,0.01512748634133576,-0.0025348254421098115,-0.011835720644363779,-0.03448275862068961,-0.0009859381719614646,-0.0021141391852099733,-0.05126752298706305,-0.0017826350415413028,-0.014529690428788822,0.0017078428251389166,0.002198065407976957,-0.015833398877383664,0.0071939581919040485,0.01742160232433343,-0.012431304126807596,-0.014066634699607117,0.004659971067990876,-0.04519774011299438,-0.008006763413124562,-0.0003067303775983188,-0.0002631215820785293,-0.015357060710304737,-0.01639349174618998
2022-06-29,-0.003460204186943594,0.0,-0.0045125503390135435,0.004869019024993371,-0.0538461391742413,0.0057708831550338235,0.006957044571802795,0.0,-0.007766982740254447,-0.004946110367443968,0.0008730820918581017,0.010649280815861806,-0.01265829088137238,0.0,0.010687316152742321,0.0,0.0021404212706943593,-0.07586207633636488,0.0,0.003478856002625763,0.0017874176155818766,-0.00892253098356588,-0.005012574936242076,-0.0007726176783241501,-0.003137037751760219,-0.0012708203088320769,-0.0033129285303448164,0.0,0.00375071489304335,-0.0360169126024259,-0.004750695670118099,-0.0053569941501554474,0.01108032791594904,0.012787852805356215,0.008771903108111712,0.0008466171446512849,0.0,-0.0068493410175966,0.0,0.016584396580419547,0.015607955620259961,-0.017751479289940808,0.0020178905888565968,0.0001840946939939414,0.0027654950331690298,-0.00825665568428402,-0.03888885283175714
2022-06-30,0.031249968955915364,0.0,0.005439791692801954,0.006108947969704515,0.04065040587370339,0.004269489459511666,0.006706186984786422,0.0,-0.04305288870462387,-0.00648369833382445,0.025081990569434387,-0.007231344306799725,-0.016025626330215204,0.03947370980254861,0.00028569610278883495,0.015816315427391814,-0.0031215115712259767,-0.0074626792643007756,0.0,0.004767011851717129,0.003370237454574987,0.005668604471266381,0.005037827423719277,-0.0003862719421592331,-0.016522756100905367,-0.0050893006134731245,0.0010230417995582552,-0.0714285714285714,0.00432736157551461,-0.0439559239923607,-0.013126246283155507,0.00538584609618642,0.0006445664373100346,-0.0025251918025904763,-0.010000005327984507,-0.0042300384750235676,0.026530663578625102,-0.031034469604492188,0.005553358413766363,-0.0004197628570159484,0.008782071455277762,-0.048192771084337394,0.0068467175684698844,0.0005722069275075903,0.0015759246642650382,-0.03145233431208927,0.04624272995609524
2022-07-01,-0.0033670001235441838,-0.005076023733223467,0.0009015735879576159,0.007869041284273015,0.015624984866008385,0.00797508267410696,0.006323464854991467,0.0,-0.08179961273800784,0.010659126930054219,-0.006808609727453119,0.009156981400753716,0.022801359343169958,-0.03797470722953333,0.0,-0.014565337434980896,0.002142163196187985,0.037593947896937596,0.0,0.007979275363925176,0.0057302343026706115,0.0029838205775172266,0.0,0.0042520601017586035,0.016000059548833434,-0.0012784200367249587,0.006640599486650078,0.0,0.010916058639473869,0.03678152915539479,0.003627500819095353,0.0017858185041845775,0.020132114811122204,0.0,-0.00307417532172638,0.0,0.02683911845360032,0.07473310864630989,0.009204796779578084,0.016380800518058125,0.010266565511930947,0.018987341772152,0.020400047118507514,0.0030014088637331238,0.005621372567946592,0.022922504395366694,-0.06077342462613722
2022-07-05,-0.03040545656351845,0.005101921206351889,-0.00675673125388343,-0.0006246516887865594,0.0,0.0017172201390849295,-0.0014052772498860389,0.0,0.06013373530672417,0.012699132773291932,-0.034918717954014244,-0.004949427940818207,0.05095536371550291,0.0,0.0,-0.003058369570570485,-0.007564150127793989,0.014492739851898806,0.009746426046847834,0.002139704544075638,0.0019448638871466528,-0.001652762639162697,0.0008354438764808236,-0.013471907220996782,-0.012598445864219321,-0.020486323607011747,-0.0035523007912858784,-0.038461538461538436,0.000582619916980498,-0.037693731070141845,0.013253020458079856,-0.0017826350415413028,-0.013577543903220635,0.001687579531737704,-0.003964763575351915,-0.002561967190746306,0.032268513683954,-0.05298014374334714,-0.009850374288767783,-0.002243777775829958,0.00785691849564052,0.037267080745341685,-0.00940821039792572,-0.0007936620016664175,0.00026115046581787205,-0.019607759125633728,0.1176470134497527
2022-07-06,-0.17073163437520877,-0.0025380467836102483,0.0045351643934186114,-0.00395814717948384,0.0,-0.006065579236538388,0.00020106108085360397,0.0,0.10294112343630468,0.009564137283808671,0.009988756429612833,0.010025128506779835,0.0030303001841676114,-0.0026315764707210976,-0.014285580887484217,0.0030677518895996236,-0.002319970395211146,0.0,0.0,-0.006404745806063983,-0.00017641704990600804,0.03576153558682549,-0.009599364043014647,0.014436296121087766,-0.0031898302232720166,-0.015686477332652493,0.0017823911970866746,0.040000000000000036,-0.006405087355322303,0.03456177751216116,0.013079739040529503,-0.007142927994939763,-0.0011203112570332685,0.0,-0.0022115847911473585,0.0025685477257475497,-0.0700219281455593,0.14335665478263993,0.0,0.009999495122887003,-0.01679103632520762,-0.053892215568862256,-0.006727332509585238,-0.0005911373709149847,-0.0022194246796194417,-0.019047723609586065,0.015789458824326585
2022-07-07,-0.0588235706606518,0.005089079723641365,0.0022572936462164073,-0.003137538866820888,0.030769201425405734,-0.002786053810639344,-0.0026130095772357587,0.011423144873378588,0.14095233735584078,0.0,0.014285764086188646,0.0043422941002631,0.018126871243736797,0.01319259968853359,0.0028986116826612562,0.0015289074877866682,0.003654037462732518,0.035714337412192876,0.0,-0.004942030085159144,0.002549559213736119,-0.01854201096794139,-0.002949707417252423,-0.003461487165923982,0.0,0.0013279671250647773,0.008134607592086285,0.03846153846153855,-0.00019531613870205078,-0.00890863817329901,0.01291080529034816,0.021159159832458974,-0.0006411142692294147,0.0,0.001772972115613669,0.010247511569929646,0.0,0.006116231139851269,0.0,-0.001991716212132122,-0.008799986163757545,0.03797468354430378,0.0011951616136254284,0.001712693869838633,0.0001306057465173538,0.011650746225840614,0.005181404116229027
2022-07-08,0.0,0.010126624249147564,0.009008838989853718,-0.0002094687540312723,0.09701494236888997,-0.0033258070769616177,-0.000806016083267469,0.0,0.11853089570559971,0.0008419952178002621,-0.01126744537943114,0.00020597420336088135,0.008902139711311152,0.03906252570838409,-0.024566516849559905,-0.0005088947492694063,-0.0024822469192038454,0.02068963476083585,0.0,0.0002158423707758761,0.0,0.01628649830685025,-0.00253599201551713,-0.008876898493272889,-0.0015995981748282428,-0.0013262059671393933,0.006303324359458129,0.07407407407407418,-0.0025402927892883564,-0.01797749176725183,0.0,-0.014414487796842512,0.001122420304001226,0.0,-0.005309593117961975,0.0025359797093338354,-0.009748019327760704,0.003039467157545106,-0.0051585598269996424,0.008922608318731928,-0.01107583073302254,0.018292682926829285,0.008754682351719278,-0.00142459211589685,-0.0013080314076524546,-0.006717891520402031,0.015463902322123246
2022-07-11,-0.04017853294024065,-0.02255638008919969,-0.008928404431890469,-0.001888807553697247,-0.03401360588350888,0.0037372420448882337,0.0028235918778150015,0.0,0.0985075138862812,-0.015565532458832743,0.011395847468332887,0.0032935873828112694,0.01176469433266436,-0.01754384287606181,0.014814932454102925,-0.003564298597073412,-0.005308592215617525,-0.07432433303208819,0.0,0.0017274185390012686,0.003716571873903396,-0.008012819503470991,-0.014406799478234089,0.015186915789074051,0.001602160988621426,-0.0013278890506850383,0.0,-0.10344827586206895,0.002742614126726828,-0.08237978637591659,0.012745992413483176,-0.034734895154117096,-0.0025624279549675277,0.0,-0.006227757845455817,0.005902200271701075,-0.0057702346640160496,0.0,0.0,-0.008203680515970868,0.017244623349373933,-0.08982035928143717,-0.013806773584729926,0.0006122965343084985,-0.0006553808702020048,-0.028985392840458868,0.1065990025873862
2022-07-12,0.009302316297383983,0.005128226112377954,-0.004504419494926859,0.003153390813934509,-0.028168987598808592,0.0017289806822200493,0.0034189810950762123,0.0,-0.008152165990639837,0.008119539264440423,-0.0043336119661741,0.0030775195166359293,-0.005813947847045586,0.0025510179256709176,0.014598272681504154,-0.003576825860345356,-0.002835143656271355,0.02189778925938235,0.0,0.004309905659521496,-0.0007795171228088815,0.0016155933363706243,0.0008600496267088253,0.0015342430795401985,-0.004799830156370755,-0.0039895113010876004,0.0010023556643106168,0.0,0.0019534189467644847,0.03740642910054981,0.0045766961183888455,-0.024621129456518842,0.004495769005371519,0.0,0.011638172951295322,0.01005880190526387,-0.009901110351790532,-0.011787876938328612,0.018518608063236464,-0.0056899857272328935,0.005941969433877148,-0.07894736842105265,-0.014800173912625336,-0.0004080086742862532,0.0005243997421089386,0.016915127685053433,0.009174302896359121
2022-07-13,0.01382487112212738,0.02040810596711462,0.0,0.0014672967354287803,0.014492739601511984,0.00318583353806412,0.0010022829491262986,0.0,0.054794466860145,-0.0038151674551512027,-0.029597349382092908,0.011658869347600076,0.008771921263311722,0.00763358037663453,-0.014388229385530082,-0.005128093526605038,-0.0016726207883152044,0.02142855135761934,0.0,0.00021487951249343773,-0.0013655723060772562,0.0,0.01288620724325873,0.03408658948907495,-0.011253922674930972,0.004005491253710636,-0.0017519927477065433,-0.038461538461538436,0.004289348835391893,-0.0312500081558299,0.00956736087414356,0.06213580746770342,-0.009430795563688643,0.0,0.00044272967652547734,-0.005809222538877501,0.0,0.07325748779533159,-0.0007273010849043748,0.003539628413522289,0.011466101808496942,-0.0357142857142857,-0.004871873237176971,-0.00020399641469692753,-0.00013100296502999154,-0.023483233505260825,0.04545450112051319
2022-07-14,-0.004545450112051319,-0.01999994497081392,-0.0045250060433496,-0.0034531966093406252,-0.04285717010498047,-0.0031757162347758605,0.0018023028909706085,0.0,-0.015584401107996193,0.0,-0.0042609353444857945,-0.008289605969685976,-0.008695643760907257,0.07323231289379706,0.0,-0.01494857532591587,-0.003518091699975523,-0.020979001741372683,0.0,-0.006221992052687031,0.0007817744382723202,0.000645237221700512,-0.0025443275591725545,0.019999864896206532,-0.0024391018816407595,-0.013298188587844706,-0.0017551872377162825,0.0,-0.005047781277315755,0.002481359161416119,-0.046818704896211205,-0.005484402453610482,-0.017589235333618003,-0.002527233534927009,0.015479828897788428,-0.002504226810152721,0.003448213053041327,-0.06285716465541291,-0.003639074299376599,0.005173331278608639,-0.00815863318309673,-0.051851851851851816,-0.008567955895742663,-0.000204311669425139,-0.0014417866488114495,-0.013026004908414657,0.008695644061371466
2022-07-15,0.0,0.0,0.006818259256289316,0.004515596381714948,0.0,0.0035844467781911415,0.001798802841711744,0.0,-0.0672822898651595,0.0,-0.0027028010325733653,-0.006523968966896776,-0.008771921263311722,-0.0023529950310202663,0.004671299669694706,0.0015698245668378519,0.0036985774361337764,0.0,0.0,0.00539747748492303,0.002146703814899009,0.0009669149942563848,0.0012752290377877618,-0.0021784858848999944,0.0011408987541705606,-0.0013475749909477308,0.009294072878257786,-0.040000000000000036,0.005463394204073824,0.03465337754083997,-0.014084502571003354,0.0,-0.0022995769492537566,0.0008446317114485513,-0.003484345663101629,0.0016737049721997632,-0.003436363738742454,0.029359794927452665,0.0,0.0008187577878309149,0.005628109037322915,-0.0078125,0.010699396331065092,0.000408433154809984,0.0013125458850486993,0.0,-0.017241363363798556
2022-07-18,0.022831027858393638,0.0,-0.0009029992518970742,-0.0037632173053451234,-0.00746264407777486,-0.0030424741086961804,-0.004189755951558571,0.0,0.03394621857014268,-0.0559573569577162,0.01400178331001678,-0.011286554858048081,0.008849548808677277,0.002358544674920804,0.0,0.018808823765173566,-0.0020099579992758354,0.0,0.0,-0.0023619616288268475,0.0006424407971807877,0.0035427740692368648,-0.002122704761504557,0.004366800150664263,0.01025698007428133,0.0,-0.005724442652396133,0.0,-0.005045311600890501,-0.009569391660843696,0.013205291389980056,0.0073529787264663415,-0.011195322684514286,-0.0008439189107746214,-0.005682015478812419,0.0033416420118794754,0.031034437895029576,0.04256139128265479,0.0,-0.01671320915376917,-0.01041844156629268,-0.015748031496062964,0.00814342652462563,0.0,-0.0007863369350316063,-0.0020306154681744015,0.0
2022-07-19,0.013392844313413477,-0.017857180459080912,0.002259538491309776,0.0,0.022556404994930057,-0.0007960072033021959,-0.0006013007583137719,0.0,-0.03556768181667258,-0.006986997275059692,0.0075724425784791105,0.004981085799615981,0.02339179003549785,-0.004705877865062047,0.02441165683857438,-0.011794726712791581,0.00637796551678127,0.035714337412192876,0.0,-0.0003231950168649522,-5.844911855001911e-05,0.004492908003681295,0.008510500461803572,-0.047826191280691877,-0.0008055017431566336,0.004497713536665948,0.013016620078017294,0.08333333333333326,0.0009750568876047971,0.00966184968464412,-0.014217932665111621,0.0036495959301867664,0.02264394676371384,0.0,-0.006153577655790721,0.008326194509704177,-0.011036927652536166,0.005681839733084004,-0.011687272650525049,0.010697751549147538,-0.005394578737605071,0.040000000000000036,0.0076737601268579425,0.0006126275878113319,0.0002621677162804037,0.024415145369262037,0.03508768627628123
2022-07-20,-0.05286338615302688,0.012987030621597562,0.0009015735879576159,-0.00042002904341598146,0.0073528988963604824,-0.00092947180255043,0.00040133802307429356,0.0,-0.07659573719766666,0.003631414961891677,-0.007515531646638207,-0.007641385380544818,0.0028571401323591594,0.04964539886526276,0.019999687236395447,0.010378599801530441,0.0040024844261099535,0.04137926952167148,0.03861011975972306,-0.0011843503578331527,-0.00019451013790816596,-0.007667867178290266,0.0,0.0,-0.000403238672076367,-0.008141066428915766,0.008154015792658953,0.0,-0.0021432924784975382,0.002392185579056072,0.039663292520989435,0.005454487220917237,0.0004886030336750391,0.004222813879947829,-0.0030958393155333663,0.006606367630698218,-0.008792638833566735,-0.011299477645120626,-0.007760478837315454,-0.01058452097350615,0.0026243741718026126,0.03846153846153855,0.012024156365650462,0.00020368924512581543,-0.001442279793004042,-0.00993059619254344,-0.04661012711246704
2022-07-21,0.05116273963561224,0.0,-0.0009007614851934687,0.007768096932645685,-0.0583941753191729,0.00824018860106479,0.002003732840212713,0.0,0.029185802412166062,0.029172340289711274,0.0,-0.009157203347530896,0.04273507002136334,0.04054050135560283,0.012377108959778393,0.0005134877723629305,0.0001662059897558077,0.25165562757059834,0.0,0.007884433089385245,-0.00027332913056621333,0.0,0.0004217289530978885,0.0,0.006454421425545975,0.00957588188821945,0.00999093349035829,0.0,0.011716280336306895,0.00954674886925777,0.0,-0.0018081848881321694,-0.0016274538303561181,-0.004205056708114885,-0.0035494519335234065,0.0016406667115020923,-0.0013646678289489511,0.0,0.0,0.0014856804965386328,0.01727603123671262,-0.029629629629629672,0.0,0.0016315511708973052,0.005646949431776349,-0.009027282904033651,0.026666641235351562
2022-07-22,-0.04867252015929313,0.005128226112377954,-0.00045109310437108086,0.006458496840729078,0.015503935570057026,0.008173068828584373,0.008399879887568629,0.0,0.029850789820280887,0.00813015194487865,0.019821976575219225,0.00504099147797521,0.0,-0.0021644485481340237,0.01607113686980499,0.0015403430111962102,0.005979176235255457,-0.04232806535494815,0.0,0.008572612292844006,0.001170759125393106,0.004507514609827679,0.0,-0.001522065991004462,0.0020036824328728553,0.004064978126369745,-0.0019536224501609523,-0.07692307692307687,0.007141406014409268,0.002364037371836325,0.00578054864296651,-0.012681023074186726,0.010432020552044063,0.0008446317114485513,0.0,0.015561060591190223,0.0,0.04285714285714293,0.01489736212506898,0.006527884102484949,0.01681112161872811,-0.09160305343511455,-0.0015842801866283729,0.001730415115870132,0.004570324499572953,-0.033400656419918406,0.012987000923330161
2022-07-25,-0.004651158148691992,-0.010204123173841784,-0.004059320691237822,-0.003104975962942569,0.030534321136057585,-0.0036613466721556742,0.0009919176011441433,0.03388232245234857,-0.05072462315870885,-0.014821078467780024,-0.009609373532946996,0.015883147763458894,0.002732237767417267,0.0,-0.013113320523642114,0.004612918111584818,0.0017390781175556924,-0.027624283920971493,0.0,-0.0021248428565254773,-0.0015588829400291493,0.0006408911956679031,0.01054421926439808,-0.013719641362947899,-0.007999867956934525,-0.0026989877990543087,0.0024470691950109202,0.04166666666666674,-0.005940431114379807,0.03301910647313999,0.0,0.009174096168077961,0.012421369726860476,0.0,0.008459385546724096,-0.013709743114559081,0.0,-0.03835620618846314,-0.009174239149284835,0.0014149937214245067,-0.009784977771284953,0.45378151260504196,0.0015867941131020302,8.200324017226812e-05,-0.0013000904591145002,0.019895264518968947,0.004273500354724069
2022-07-26,0.014018677532314339,0.007732096935328281,0.0009057593824712828,0.0024920425187486828,-0.044444472701461235,0.00026267062341234215,0.0017832057596438577,0.0,0.04274804959048062,0.009291889776883,-0.005512436323633629,0.008023037448176895,-0.038147166755797546,0.010845924609461655,0.013698618688788855,-0.005612233794738741,-0.0026456514313799584,0.06818182126057049,0.0,-0.0004260618001463712,0.0040994214041063515,0.007367206729873121,-0.00626037807247426,0.0003866075389813428,0.00806438194767023,0.0,-0.007323981277064684,-0.040000000000000036,0.00038525693638291614,-0.03196369386222808,-0.030115100052244492,0.003636439611419684,0.0028681650142432513,0.004219336264061679,0.008388514800595992,0.0,0.002391505870853461,-0.13675212096090383,-0.00148146010818484,0.011657228451233514,0.0007668251290919859,-0.023121387283236983,0.0,-0.0001832435987553227,-0.0013015583331564828,0.01848056218360372,0.0
2022-07-27,-0.004608290374042534,0.023017748035750296,0.0,0.003313773110966922,0.02325582942684168,0.00275523670979827,-0.00039568530536759905,0.0,0.11566617433055004,-0.0015342833201049677,-0.0011087649348924256,-0.00897966454844501,0.03399436967429126,0.03218886272082888,0.0,-0.014879101369495884,0.00480788832778134,0.042553214424603025,0.0,0.0029827618688771373,0.00019388227858119222,0.01208284434797724,0.00797973899183746,0.05523365620926168,-0.007999867956934525,0.009472061553827738,0.007869699082392989,0.0,0.00732333027866372,0.02830199066678496,0.0,0.018115976011904733,0.010962715956276847,0.002521205017169681,0.007005394728923475,0.011447276214488156,0.0,0.04950495174156044,0.0,-0.0013965139095705181,-0.005618288411964767,-0.053254437869822535,0.01782151570993551,0.002032941757726281,0.003518517581626357,0.015121079884043542,0.0
2022-07-28,0.027777750183035854,-0.017500037832565485,0.00045262357202480175,0.0053673764762864895,-0.022727287505284077,0.006934271122060354,0.00850800910546945,0.0,-0.041994711237550164,0.00724459993721549,-0.007103323640174297,0.01153217136915563,0.0027397233430073165,0.018711050656662342,0.08094580854709599,0.004166461228244156,0.01121915394005768,0.010204071702683226,0.0,0.00882475171786501,0.005442276586138828,0.00753984578286615,-0.006250032487552737,-0.027818372851936002,-0.0015322417049139503,0.009383495585026935,0.014397705175626108,0.0,0.008417856200267693,-0.01146787377370384,0.038042296258429475,-0.005338020719348635,0.008957958832729096,0.0,0.009130389456131871,0.0048502940760764,0.007208912826988545,0.006289332318799801,0.0,0.01894031994567258,0.007961138797598188,0.16874999999999996,-0.009727353641825642,0.003449188794844904,0.004285929868985461,-0.028798384412290545,-0.00851063052687262
2022-07-29,-0.018018000602490147,0.0025445048559757932,0.016483326262475728,0.004312047761089621,0.02325582942684168,-0.0007797844582642099,0.002354425139310168,0.0,0.07534242459277785,-0.03814292633180005,0.012072503515714983,0.0046822702852065134,0.0,0.006122394364758144,-0.09051134885927403,0.0031118521734203597,0.002447519115700736,-0.02020200074126499,0.0,0.002108339629709688,0.0013535128095154558,0.026504478199893766,-0.00209644702452938,0.0052710696861622,0.005573037167696526,0.006639978836918026,0.0028863064341886346,-0.04166666666666663,0.0020871052961797254,-0.013921005709581546,-0.018152849468029086,0.0017887764190993583,-0.0024921161391902036,0.0,-0.0030159852321087754,0.00563162905531267,0.0,-0.03125,-0.00037089467543860444,0.0006865775456346146,-0.0027176055448958625,-0.10160427807486627,0.0019645134301773393,-0.0012136119642846,0.0007757518317013101,-0.009202658293962274,-0.0042918415410722055
2022-08-01,-0.03669732095175382,0.015228490203651912,0.002702739196247972,-0.0013319947303397361,0.03787878842612158,0.0043391455761214726,0.004682402258100682,0.0,-0.019108292635635737,0.069567221790646,0.04241236098780132,0.004660795628351533,-0.013661253978772825,0.01014202687137078,0.012096487498024056,-0.004136302294956318,0.007812349108269112,-0.07731963450678692,0.0,0.0035759955965450896,0.0015442181398523935,-0.02703514021044584,0.008403405392348073,-0.02808985063414071,-0.00562247440473429,0.002638533571880153,0.0009599774443953546,0.0,-0.00022806170762390554,-0.0376472310334548,0.0127907070309623,0.007143006130646112,0.013273079106636887,0.0016760917429967659,-0.006050041306849829,0.019999979922890487,0.019086736296717977,0.009677394743888623,0.0,0.011373721926720481,0.02408346710986886,0.1071428571428572,0.013725389352495121,-0.0010118788371632492,-0.0005560038438725545,-0.00309616010772229,-0.008620681681899223
2022-08-02,-0.004761900436850985,0.0,-0.006738635217089506,-0.008823916906127716,0.029197122465218994,-0.010119035991817182,-0.005459925811695077,0.0,-0.03896100276999048,-0.007415153684220632,0.025217314081626974,-0.007664552396664637,0.02216071037379086,-0.03212848329303353,0.018606197638960875,0.0031149705248398885,-0.008882417198357473,0.016759827507484282,0.0,-0.010060939936875402,0.00019256576510096046,0.0,-0.014583232933947143,-0.019653249611381374,0.0,-0.001973271262183607,-0.0011982530719574225,0.04347826086956519,-0.01081996442058275,-0.012224922325036691,-0.02112515317231123,0.01063818235166436,-0.002003460825461878,0.0,-0.0052174288318909134,0.002353073364285585,0.0,-0.009584640395305044,-0.014471291694276966,-0.008250731025242763,-0.021159474108564003,0.021505376344086002,0.012379151013685474,-0.0006075249996401189,-0.004532703083021006,0.005176332099990466,-0.026086932184114286
2022-08-03,0.02870822184792665,-0.002499975924731057,-0.0022613833806178762,0.004968729444401188,0.08510636714891029,0.004979888158540113,0.0015685068662882884,0.0,0.010810800361494177,0.02774786870345891,-0.024390410142821506,0.009959324828153093,0.0,0.018672131233495648,-0.03333290724948734,0.0072466706586773455,0.009450961137020153,-0.038461566172910966,0.0,0.004234585072379282,0.0007708521065874496,-0.00874187964318629,0.004228440763474284,0.017688673608944105,0.003230990108483045,-0.0006596203809881018,0.0011996906049100975,0.04166666666666674,0.0069085079123845095,0.03465337754083997,0.0016422318018902704,-0.01578941480148388,0.005713363263860183,0.006711760641475495,0.009636476159556429,0.002347303942886514,0.0033445381123209383,-0.01935485101515244,-0.002259124433154014,0.007635726474914062,0.015744640147179245,-0.06842105263157894,-0.0045853462811583645,0.0008108880746191538,0.0016907675643311748,0.0041195561114895085,0.004464281437804418
2022-08-04,0.0651162140816881,-0.010025103790007539,0.005893064914978874,0.002884244166094785,0.03921564838664171,0.0024781079268885176,0.005285788043352779,0.0,-0.037433183034006445,-0.01661476001232265,-0.005296464310283078,-0.015093583455261794,0.008130073421291018,0.17311617268536827,0.03448230264531227,-0.008222037278633354,0.0027440103449454245,0.0,-0.0037174257805590027,0.0023193173303417414,0.0007705039433067995,0.018135700244007236,0.0021050065663490436,-0.015063815911742662,-0.012560201112267078,0.01583135502191846,0.00694895918943117,0.040000000000000036,0.00457418333731896,-0.040669687287968714,-0.0017565639990060333,0.0,-0.013511332385209851,0.004166395637802189,0.0,-0.0031223549266148343,-0.0009999383511677395,0.03947370980254861,0.012830368190320574,-0.005428973654427072,-0.0003352909005601701,0.016949152542372836,-0.0019195129499558483,0.0002026482753627601,0.0028577426875062706,-0.013333169563855884,0.013333320617675781
2022-08-05,-0.01746723254120064,0.005102180841511927,-0.0022534320153684284,-0.008833336273976755,0.09433962490488756,-0.01131823241483898,-0.007400274772069393,-0.03049610546837278,-0.02777775202268362,0.013727656131764965,0.006176637702481003,0.009808080608487701,-0.04569894488884085,0.08506940132766028,-0.014666541940304478,0.002590616903969778,-0.0016097324138848457,0.04000002997262131,0.0,-0.010096917813786854,-0.004810387806943872,0.0,0.0,0.0,-0.0026093456824242134,-0.009090869917144806,-0.0016655263124056852,0.07692307692307687,-0.011383222285823669,0.03466326659908758,-0.00879751961898223,-0.005347760898049225,-0.007470916037084718,-0.0016597110876419574,0.018221223267741227,-0.005481931514096816,0.0010009392286896013,0.0031645689956498746,-0.008941907504333324,-0.0075056955720383955,-0.023803268126810995,-0.12222222222222223,0.0,-0.0023294853043709374,-0.005568485015847946,0.011434181151261935,-0.013157882353605488
2022-08-08,0.0,-0.005076280739178318,0.002710165104555573,0.0026945296489964132,-0.02298848432756806,0.00447421047880181,0.0007846731170013665,0.004694829566527892,-0.04285717010498047,0.025000238827873167,-0.005080272116537388,0.002428225776077708,0.011267595039523348,-0.040000000000000036,0.013531908088552758,0.007751881315217313,0.010480569068909595,0.021978000384744734,0.0,0.0044624468905472,0.0005799775571042609,-0.014062594139908069,-0.00042013473274005175,-0.011372561574978901,0.0014714645609936738,0.007863650841787528,0.001907037702380654,-0.0357142857142857,0.0034540856899303307,0.007471575336618352,0.025206920491845253,0.003584304419544493,0.002665699190317561,0.0024938746530209777,0.007669462374386482,0.009448856759800783,0.017333453967159462,-0.011041021231738002,-0.00037615567293047825,-0.004009962822734581,0.016141209489392905,-0.03797468354430378,0.0,0.0007104635600128084,0.000260199220636137,0.0369988776750978,-0.0222222010294596
2022-08-09,-0.06666670905219185,-0.005101902212716669,-0.004054108794371958,-0.0022739424096580585,0.005882375380572125,-0.002227028480817572,-0.0003917344699915226,0.0,-0.0671641525486093,0.03272333356220325,-0.014893683912125089,0.0028258805990517555,-0.0417826909568495,-0.008333365122477177,-0.013351240331518355,-0.007692251891507573,-0.005265828888530111,-0.0430107754301452,0.0,-0.004231001764996245,-0.0003866740315733308,0.0019017059382633317,-0.004623691159970411,-0.025386684599865483,-0.012244826249988683,0.0013003953341097496,-0.0016655805247288713,-0.07407407407407407,-0.003250948962012945,-0.028708304851454924,0.006002476190169581,-0.014285674018744254,-0.000156232472101836,-0.0033167536437245237,0.002114191502923468,-0.0062400840592006235,-0.008846812865107467,-0.011164286354414354,-0.00789749261290329,0.0037387806884670027,-0.0038868541338199503,-0.07894736842105265,0.0,-0.0010770387714923446,-0.002213360557443922,0.03666990452693675,-0.04545460949259217
2022-08-10,0.023809615716916754,0.023077028098531294,0.0,0.004972178876220035,-0.005847975394087768,0.0027569508642328877,0.0001961123297757883,0.0,0.05599998474121093,0.013579988814229615,0.004319571090048546,0.005233435314207169,0.049418556699887706,0.07731093325930471,0.0,0.000516784589899677,0.006256295455879579,0.05617978957818792,0.0,0.003611702693619101,0.00210727234132313,0.0202467709832157,0.00084461676686165,0.004476948223643085,0.0074378520699660555,-0.0012987065022338484,0.00881790586680764,0.040000000000000036,0.007099053221238938,0.012315591537415571,0.04647156064138125,0.021739239843205693,0.00844669690271993,0.002495695165021461,0.01940909642799782,-0.006279431371860156,0.000661139877893957,0.043548337874874,0.0,0.008251852451683028,-0.006531330659082291,0.0071428571428571175,0.0,0.0021974121384473744,0.003784095091205808,0.029637056217766355,-0.03333330305795679
2022-08-11,-0.004651158148691992,0.010024924757289666,0.0022613833806179873,-0.004947578630266181,0.035294140086454595,-0.0056296750619160285,-0.004706109662015789,0.0,-0.04545450276251273,-0.005825094254452434,-0.011397980596252189,0.003003656293502077,-0.008310241623697978,-0.09516375525711118,0.014208379661886816,-0.0011442074595716667,0.0,0.01595743163077734,0.0,-0.004402998519027146,-0.0036462257315680313,-0.0009302478326331798,0.0012657221615397507,-0.0028360772677092916,-0.0032810849178016577,-0.0013005467277106275,-0.0004725075618005059,0.07692307692307687,-0.004953477106058868,0.0413623525384077,-0.0048243299917475335,-0.028368934062591666,-0.002792025501571982,0.003319591085429341,-0.006622432204843154,-0.004739271902530429,0.020482289897947092,-0.027820641534237134,0.0,-0.005115100925614624,-0.023309471739491938,-0.028368794326241176,0.014352211272475213,-0.0006497748738746312,-0.0011699973322135682,0.017641364004713056,0.029556622475449545
2022-08-12,0.00467289251077152,-0.01240704994495856,0.005415236070132057,0.0035221697277272312,0.06250002031976476,0.004608490620763073,0.0021668417410760643,0.0046728911390470085,0.007936462283165913,-0.009765621148490222,0.011964595714450299,-0.0029946613600611016,0.09776540517040666,0.08965516617692204,0.0,0.013020689437858834,0.0049415859501009685,-0.04712037473409614,0.0,0.005060261984622283,0.0007745163861245796,0.010242052744119823,0.001264211238399593,0.04185265296932239,-0.0032923520156324937,0.007812911545204804,0.003781511381277136,0.0,0.007658419241563186,-0.021028163180585757,0.002644144782057767,0.001824567532214827,-0.0013999858943161136,0.0024814138073814274,0.007916597001982995,-0.0015874458330169539,-0.012625568781197916,0.023847376210044402,0.004548753672648509,0.013082616893866916,0.010140738025589124,0.021897810218978186,0.0022944639058983807,0.00040686029327097195,0.002602877724934949,0.015511193672816947,-0.028708107772046687
2022-08-15,0.009302316297383983,-0.0050250577105690475,-0.0008976112696601479,0.0018576645993013674,0.021390353059397293,0.0010482263738420539,0.004521394619749541,0.023255851854537823,0.03937007933143666,-0.01479285202858116,0.010102994954155342,0.002202789812004946,0.05597965009495787,-0.06487346726471499,0.0,0.0010280353482412519,0.003331334068281233,-0.0274725659805386,0.0,0.001903834006079963,0.0003870407314723323,0.0015361014723411781,-0.0004206640280017826,-0.03003124943631863,-0.0012386852218239097,-0.00969022214574422,0.002825700167097933,0.03571428571428581,0.0015203426106358275,0.007160142626315036,-0.07582405131732428,0.0,0.015264865608144662,0.004125312778141543,0.0008268826935262652,0.0039745920694187475,0.02852480292231241,0.012422288872800724,0.008679383345017389,0.010996614834579255,-0.0008653816058074026,0.13571428571428568,0.01030145126842874,0.0008121218421834886,0.0006487226602749363,-0.0017971860643666293,0.004926103745908295
2022-08-16,0.004608290374042534,-0.007575654667754339,0.002246245237079725,-0.0018542200802988962,-0.06282726382056303,-0.001309330948685905,-0.004109411172250055,0.0,0.010606086768613965,-0.017017169442334223,0.006597137403054454,0.012787152882091535,-0.055421690069412555,-0.10490692073885077,0.0005336189844169503,-0.0005133788116379323,-0.0022134199414743927,0.0,0.0,0.0008444991362908105,-0.00348111456503164,-0.01042931016592863,-0.0004212862067316525,0.0036189394920929097,-0.0012400207827403253,-0.0006522803993119775,-0.004226161985886656,-0.03448275862068961,-0.0034151829418516133,-0.016587603651619154,0.0,0.0036431791366984267,0.011966901894851834,0.0147906975188421,0.02023982598209373,0.0031671023402182197,-0.011157173898980743,-0.03987727907694616,-0.0014965043531942612,0.0058009422009501765,0.004157459448582479,-0.0691823899371069,0.013595057137818944,-0.0006085971266180934,-0.0014267561635620263,-0.0063005694921797195,0.044117722681788374
2022-08-17,-0.03669732095175382,-0.005089127827321183,-0.004482421855416252,-0.005574426628293105,-0.050279309369290925,-0.005899153191139095,-0.005894847736603315,0.0,0.0494752503645266,0.014256683535297743,-0.015644626601168832,0.0,-0.043367365557468895,-0.05103969430501387,0.010668431043896698,-0.008222055227339542,0.0014259462799552924,-0.03954798530910497,0.0,-0.005907344483689458,-0.0036869838111289743,-0.00588976510686523,-0.0033696615740389513,-0.007211606005519289,0.0008277738729944861,-0.006527365440436861,-0.007310050173475413,0.0,-0.007233935155564475,0.01927700221156603,0.021759762490880963,0.01633399340493713,-0.006822325079884339,-0.0145751213082711,0.0,0.02446724240014797,0.008381609770615972,0.0,-0.009741375888452808,-0.000554696942021371,-0.010437341062231376,-0.013513513513513487,-0.01639332173092234,-0.0009140853894822332,-0.00285770128848839,-0.026267992157355757,-0.06103291429871138
2022-08-18,0.033333416590618725,0.017902709171342845,0.004952925302936784,0.0012458956810239563,-0.005882375380572125,0.0018460200628749313,-0.0021747163833893968,0.0,0.007142884390694659,0.016064352699070028,-0.000644398115754119,0.001972837794341764,0.05066668192545576,0.021912377277360395,0.002770650424388732,0.010362604389012597,-0.011234021706242325,0.0,0.0,0.000212387635365463,-0.0005845188699236115,-0.00031191288868803735,-0.007607707942944741,0.03309129084275342,-0.0008270892301391886,-0.0013142951512820078,-0.0011874975021235468,0.0,0.0015339998236241215,0.009456341988080874,-0.0050040849609448435,-0.007142893383130122,0.0006105861272196478,0.0147906975188421,0.004048220565108895,-0.005392999871182802,0.008951448829555897,0.03833868345653513,-0.002648568265314566,0.0009989328870316783,0.0014820265253334686,-0.04109589041095896,0.014393886443660797,0.001015965456268253,0.001172139718785159,-0.014883842767117517,0.08000004291534424
2022-08-19,-0.013824871122127491,-0.007537586565853571,-0.005376515975553775,-0.005805386005193647,-0.011834252077232543,-0.0063180319306888055,-0.006735101672667665,0.0,0.035460991948418785,-0.004940833954041435,-0.03223745217161267,0.01023803518150923,-0.06345177572823868,0.035087685053246886,0.09210530389792848,-0.005128105686845408,-0.0006402108513746674,-0.07058823611909537,0.0,-0.006153435568236998,-0.0017537536641827334,0.013724538942218034,0.0,0.0027344948037812955,0.005794751998036807,-0.007401279949387218,-0.006658591070308084,-0.0714285714285714,-0.007849886018090335,0.025761253039796594,0.0,0.014388676294472047,-0.002898545955180354,-0.0064778225366191045,0.0,0.003872995302122151,0.029467832765269097,-0.009230745755709147,-0.0011380918623712377,-0.0012752087870588902,-0.016102319218961214,-0.0714285714285714,-0.025391916271668813,-0.0010149343180607673,-0.0029927580969487666,-0.0018886162414233354,-0.046296360684027316
2022-08-22,-0.004672892510771409,0.0,0.0040539072628533734,-0.00437978061743749,-0.02994011839266486,-0.0045043222659164606,-0.0039888246829337115,0.0,0.0,0.002979320467951574,-0.01510097799943877,-0.008965013829631663,-0.018970235928425838,-0.03578155541768291,-0.012530151957887425,0.001030907741219389,-0.004643613691259096,0.020886070553337133,0.0,-0.0025611527912492438,-0.0027334811098560508,-0.012307781731584866,0.0025551628445785735,-0.0066227092544698385,0.003291885874896927,-0.006657970759962217,-0.011252113657649554,0.0,-0.006561376459249257,-0.004566339360807969,0.016374211767776536,-0.017730751710927306,-0.013004891202449298,-0.0057049991896684915,0.0,-0.03240729086182981,0.0,-0.01708078047756456,-0.009874646933413223,-0.009546440589474403,-0.0033615755791538415,0.0,0.0,-0.0010160560784657768,-0.0027410773357888774,-0.020813453162847773,-0.03883491549912932
2022-08-23,0.11737088571266119,0.0,-0.002243021718572158,0.00146647031344882,-0.06790125491760368,-0.00039900077910448584,-0.002803728920792503,0.0,0.0,-0.016831833033867705,0.0015783331841587867,0.006096377255080165,-0.008287285176291403,0.03906255675247072,0.006466648901361838,0.001029957327478348,0.0051479300331525035,-0.07005581699563779,0.0052238770236066046,-0.00236288177045596,0.0009221469144822247,-0.0006229060415152698,-0.00722171571775676,0.0011765952069711094,-0.006562634446891535,0.006702596451149789,-0.0012176147191601538,0.07692307692307687,0.0007771953212942773,-0.03440355906743753,-0.021864110084038657,0.005415446964987192,-0.012246170194062156,0.0,-0.008064372323418056,0.01275891277689123,0.0,-0.02748811824235864,0.006904429060585082,-0.000448235666189456,-0.005503429938078286,-0.03076923076923077,0.0095784433042021,0.0006100541274494109,0.0007857201145702319,-0.007820366974064408,-0.04040406168924138
2022-08-24,0.0504201175583856,0.00759483327914845,-0.01079121096427671,-0.0020917343557251833,0.05298008058610937,-0.0025291144830865697,-0.004015800526454449,0.011363554918473406,0.0,0.009466275809904223,0.03466889333608858,0.007623140644619664,-0.019498589113196463,0.03571429531761172,-0.013819886948752025,-0.006173052196908113,-0.0019204326729302945,-0.06666668256123864,-0.0074238121159201365,-0.0047360088659692545,-0.0033122635070048645,-0.0024938509400216358,-0.0051346517197703445,-0.00039156738709733574,0.002477236820646489,0.003994643560165212,0.0017066238561036506,0.0714285714285714,-0.002135499689056908,-0.06650839286545507,0.0,0.003590625199079378,0.01381037726875678,0.0,-0.004065091837772816,0.008661548089928361,-0.0347801131090264,-0.04808321691256778,-0.0057143052824282226,0.004989443990192743,-0.007318792845542488,0.023809523809523725,0.005692621077236559,-0.0030496801684299912,-0.001046278744650242,0.000985264519000717,-0.005263152941442195
2022-08-25,-0.039999961853027344,-0.007537586565853571,-0.00045472099430154955,0.005868750989914684,-0.00628927233928156,0.005471568883665956,0.006250202257216397,0.0,-0.0410959154652657,0.0015960443951310577,0.0030463599254770823,-0.0069836813359528405,0.025568157573007122,0.0889291743673124,0.014136542467318991,0.0062113954653313375,0.0016877154766059554,0.0,0.0,0.007354219446039201,-0.0009835914586553418,0.004999968929608745,0.00042998235689983844,0.002351005294696673,0.0,0.002652730487040289,0.008519957728841732,0.06666666666666665,0.008559000048864673,0.0050890650264892034,-0.017176487264335627,-0.005366894003278722,-0.0021671555240888596,0.011475465903014737,-0.010204127466998392,0.00936779945159194,-0.020727084805582607,0.0602730646302172,0.0,5.5883393159650296e-05,0.013936207471427098,-0.06976744186046513,0.0,0.0013253978603395833,0.002748653661408529,0.0009842947283287273,0.05820106621041665
2022-08-26,-0.02083341197834765,-0.005063222186098892,0.0027284481487019896,0.0,-0.018987353614766667,-0.0019906536590794666,-0.0050091579028832545,0.0,0.024285725184849394,0.004382693681405758,-0.002820074519287563,-0.0097673405423081,-0.058171691365885514,-0.06666668256123864,-0.0072729316392387,0.0005143932293936171,-0.0019258889843659643,0.10714284193759038,0.0,-0.0010736351130095079,-0.0011808872796702508,-0.0003109727546332097,0.0030093100985697507,-0.008991416786252815,-0.0016474324040536281,-0.01058231192543535,-0.008689215695864005,-0.0625,-0.005978632268328954,-0.03291153731636909,0.01627953793058934,-0.0017985419523139923,-0.026838430873742936,-0.007293343047234502,0.00824761137691521,-0.005413773314760673,-0.01953752355880478,-0.0359234926398605,0.0007663955007515266,-0.023595563163649635,0.00753757682415146,-0.07499999999999996,0.009433863768148587,-0.0009161520198436301,-0.001957685348515148,-0.02851528197604314,-0.05500000715255737
2022-08-29,0.04680856935251798,-0.030534419564217652,-0.0045350737768707905,-0.007918037192366723,0.0,-0.004522179912355262,-0.005235567706189381,0.0,0.0041840631313769805,0.003570003592781701,-0.007396004973285297,0.00887747462580779,0.0029411735831661456,-0.01071427567880967,0.028815777614064952,-0.003084883681144235,-0.0036982222728498826,-0.09032257419471046,0.0,-0.006233587233322679,-0.0021681745288110177,0.001555280214649457,-0.00042850803796967707,-0.0007890380921586893,-0.0003297765089912419,0.0,-0.005356200406614109,-0.06666666666666665,-0.006014761425124804,-0.01308905936307958,-0.01648993151109912,0.02342362799231501,-0.003985251224187358,0.003265226911836727,-0.00409003068564906,-0.005443323104724507,0.0,-0.028380646404574716,0.001148303184161037,-0.003142128980553327,-0.008273008755884548,-0.08108108108108103,-0.0037382790915820863,-0.0009175375198217095,-0.0020929922105632492,-0.0010120777522938385,-0.026455001425780944
2022-08-30,-0.016260146842582146,0.0,0.00045565496758182,0.0,-0.025806427001953125,0.000801999867876324,0.0008095241322114699,-0.01123587543095661,-0.033333302427220435,-0.011857818582068469,0.0015340581491281036,-0.008799358543613578,-0.04105574820537583,-0.02166062931143853,-0.026821883862030993,-0.004641588737608893,-0.0011301518745033823,-0.04255315191482678,0.0,-0.0006492993374671574,-0.0009876143921735414,-0.006832364677749947,-0.003001567517497694,-0.00552694238688034,-0.011225115196079383,-0.00668459721044623,-0.0036720821630978895,0.0,0.0,0.0,0.01077843295775116,-0.02464817461646085,-0.010083266090091136,-0.00488198266278006,-0.00944545271561581,0.008600434150478398,-0.003653212216958135,-0.0412371390793379,0.0,-0.008596596101603682,0.0024845081060187457,0.0,-0.006003801819516319,-0.0006128599972468063,0.0,-0.01722398544825754,-0.021739174096029212
2022-08-31,0.024793364003288243,-0.002624636175917572,-0.0045540669388552946,-0.0039909353414171456,0.006622478494644701,-0.004138346888188593,-0.004854431298364603,-0.017727275743760207,-0.022988483697581663,-0.024999949517488185,-0.01378555844654994,-0.006115619893221402,-0.012232404307749856,-0.00553509398266705,-0.046951290865558604,0.0,-0.0019386671048626791,0.0,0.0,-0.0036795940862033305,0.0015818122788051614,0.0,-0.018494879863220515,-0.004763868008782146,-0.005759445638752525,-0.008075310916161205,-0.004914579243060602,0.0,-0.0070273496341783925,0.05570310797962397,-0.010663497168426184,0.018050806071564285,0.00016171300147704848,-0.0016355330135937596,0.004145819492600955,-0.017054275882088188,-0.024666739541675198,-0.014336904085998858,-0.005735912630662643,-0.0041620398760295885,-0.0095606764282552,0.0,0.00113250719868363,-0.0004076707280491476,-0.003145677907418043,-0.015463791134981086,-0.005555550404536702
2022-09-01,-0.05241940058108763,0.0026315430189234323,0.006862147352633796,-0.003909959868527602,-0.019736854901274303,-0.005426736533902243,-0.0026854824316622228,0.0,0.004411725313194337,-0.025641145126254594,-0.00843138960069656,-0.02004749642409398,-0.049535629995625774,-0.01113171507714017,0.04926431400153697,-0.005181134263017029,-0.003237631865933621,0.0,0.0,-0.0056486851543853245,-0.005329473308796184,-0.0003127230779358392,0.005258591342786945,0.0007976774680800158,0.011669780473874791,-0.00814097381568435,-0.002222012020365982,0.0,-0.0037642571984728423,-0.002531695466012507,-0.00838320421896388,-0.02127670054694375,0.001778287152098379,-0.00409482244878534,0.0074317152315959145,0.0,0.031784023645046844,-0.036363636363636376,0.0027110577471598507,0.010109835852990967,-0.018308222687851927,-0.039215686274509776,0.0015083281865329035,-0.0006130305466992558,-0.0007116389087100661,0.0020942157295884556,0.005586586970037999
2022-09-02,0.025531993035336376,0.007874051864335874,-0.0031802799268345616,0.002121807783169949,0.006711435169794333,0.0025659426743454006,0.005508141466041172,0.040721888139861884,0.03221087400970757,0.012842220529237336,-0.004698975994966825,-0.004861456169540701,-0.006514651909255265,-0.011257025072867521,0.0,0.009374702830934556,0.004060240252161673,0.037037001061669184,0.0,0.0038236922367691495,0.0019845517634795584,-0.006881586639525317,0.005667060582511763,0.003587206831884737,0.0020747549657313957,0.009575930550185685,-0.00024732343223354825,0.0,0.002176408845815603,-0.020304559504389808,0.0,0.0,-0.020009630435872672,0.0008222648395788124,0.00409841268568556,0.00630931033754778,-0.031136110832223007,0.041509448357348155,-0.004248762002338036,-0.012669960613858944,0.005656811093768477,0.010204081632652962,0.0,0.0009196997834530762,0.0014502432390073317,-0.01253926612302414,0.005555550404536813
2022-09-06,-0.008298746976857507,0.015625,0.0004556586709734134,-0.00804587125359657,0.0,-0.009026473561515758,-0.006695255614297513,0.0,-0.03687946409186327,0.06942429372405123,-0.03237415540397881,-0.006513171703764531,0.03278693266050836,-0.005692639452927528,-0.036341202550366436,-0.0061918303427782595,-0.009867429866206479,-0.02142855135761923,0.0,-0.010120919171933696,-0.004951678826989658,-0.005984169290776831,-0.0017338990181171576,-0.0011914615914674354,0.005382926081588746,-0.008129784443280164,0.0017329753079593502,-0.0714285714285714,-0.009475019653302552,-0.054404172739641043,0.003623055309416534,-0.005435067319251474,-0.012020641632794038,0.02218566997783178,-0.0008162536709788171,-0.01880892976921633,-0.06222221799390715,-0.007246404354172786,-0.0011637200324572383,-0.00673845625402103,-0.02476854397734929,-0.08080808080808077,0.0,-0.0006331466185108825,-0.0032908844955105154,-0.004232988064635901,0.02209949299826519
2022-09-07,0.020920481222442833,-0.007692482728321348,0.0022780710110392732,0.00811113238045058,0.0,0.007205390894138741,0.0036763900986085396,-0.03690535921706639,-0.020618537153480165,0.015548841089588095,0.022072601973176953,0.010243685756157195,-0.022222276045109735,0.020992392809004112,-0.022779240752268448,0.0,0.007842144421940311,-0.008759098300937018,0.0,0.00714588275119965,0.0005973205184410801,0.002217988264235471,-0.00781600609341826,-0.008747491121366857,-0.009060978191897773,0.009562608246326487,0.005435724205896442,0.03846153846153855,0.008967822802709469,0.07123295718767753,0.01564389710877201,-0.005464193672037765,0.023666648689983916,0.0442124642031414,-0.008169870843647509,-0.0015974224753985133,-0.004010454917518835,0.0364963508730749,-0.008932000593309564,0.022063506873825967,0.015815549515161953,0.0,0.005270917498950922,0.0014510375278191656,0.003037551121154225,0.03294393817077723,0.048648666064176505
2022-09-08,-0.028688594270410817,-0.005167818453591599,-0.0018182738864267467,-0.0019478677103192954,0.11333338419596362,-0.0031040398954219617,-0.007325760271974735,0.0,0.03458646853760361,-0.005741561227042391,0.00932033904529006,-0.029811234535044084,0.08766233364110998,-0.013084055340562895,0.028231208444927436,0.00467280597893005,-0.0008107320712864574,0.045655313108720064,-0.08750954694146063,-0.004475037770022117,-0.00019924114524583203,-0.007271469421766152,0.005689381936371918,-0.00441247313187787,0.004987690506271347,-0.004736093879988967,0.0031948167722553045,0.0,-0.0019754343411868547,0.010230173918261531,0.0,0.0,-0.0076521692144291276,-0.006928473230460863,-0.014827287486779306,0.0024001347843283227,-0.0065883321191337885,0.010563420719676309,0.018025000501795674,-0.003347626769116041,-0.010257451597353695,0.13186813186813184,-0.005243280599487088,-0.00020405357939368152,-0.00013152969373386725,-0.004115290970840624,0.015463902322123246
2022-09-09,0.0,0.007792172606690961,0.009562868249272771,-0.00016977824243613604,0.08982035517799436,-0.00040662289055704015,-0.0014350754700098722,0.0,0.011627895694091173,-0.014436833287040152,-0.001351494526757424,0.001881159922206166,-0.014925359325276832,0.022727250149756628,-0.03022688992153444,0.0015503574733060077,0.0030826219195769777,-0.021126741053825282,0.0,0.00043820317010068166,0.0005969984978393406,0.0015923597569740267,0.0008703449221367787,0.0072522844039755174,0.0024812676904173436,0.00339894349814851,0.0046547171390394215,0.03703703703703698,0.0011876412611999676,-0.002531695466012507,0.020142309623537358,0.018314936986861596,0.006234676798495764,-0.010852608113682605,-0.0008359606911040318,0.007980736739755079,0.04458346938743318,-0.02961673724299474,-0.00654340320288227,0.0031851007617125227,0.002220953516806734,-0.01941747572815533,0.01694283579832745,-0.00042957358929529565,-0.00013154699606998665,0.020661140024273328,-0.010152274434545583
2022-09-12,-0.021097027312509398,0.010309208700724604,-0.00496176012017846,-0.0008489435226637365,-0.09890115763481233,-0.0012188617027316662,0.004516505256023429,0.0,-0.020114923235383997,-0.003906396357371444,-0.0018042431060846242,0.01210075412217515,0.03030307408973054,-0.016666694629339007,0.027272818850780478,-0.0051599701111733065,-0.0009706025722612255,0.007194237817389482,0.0,-0.0013149984790205016,0.0008550214033722359,-0.002543876281911883,-0.005217436551051335,-0.01920012201031096,0.003300235075910596,0.005419856295520109,0.0031698874935828236,-0.0357142857142857,-0.0007909368833231012,-0.0025380528454025386,0.001161293578493261,0.0,0.009294035856318716,0.012539119198237803,0.0,-0.007125793979963824,0.0522046740406481,-0.023339303756805596,-0.004261766612280171,0.003925601758256292,-0.00821738938076022,-0.03960396039603964,0.0003701821070611899,-2.0573046741634293e-05,0.00013156430295890864,0.023279579788989757,0.030769200673000707
2022-09-13,0.012931022522848945,-0.012755138646385111,-0.0009064615630484107,-0.006370647995364576,0.02439022120941492,-0.005017544038384281,-0.0022480552635162354,0.0,0.04692077518617799,0.0,-0.014685807262477923,-0.02535531497860133,-0.07352940970226152,-0.03766474791343333,-0.023388205874387502,-0.015041650430457132,-0.00841835484562281,-0.007142850452539706,0.0,-0.006146027962784961,-0.00284109058636417,0.004144178011072919,0.001311269552716432,-0.007748535228242259,0.003289512424381691,-0.008759809204059388,-0.019688718110363213,0.14814814814814814,-0.00850631723473061,-0.02544538366477711,-0.022273662000825922,-0.003597197463281354,-0.03263327043170772,-0.018575715804812765,-0.002091991341437671,0.008771809863205693,-0.011062510023899463,-0.022058836935300308,-0.007782282018156672,-0.03732007826937078,0.002327308186562682,-0.05154639175257736,0.001850540680979229,-0.0022517025684338776,-0.004213918962748586,-0.061325554256489556,-0.03980101656463497
2022-09-14,-0.0425531526343631,0.0,0.00952815650633454,0.001709762398251824,-0.08333331441122305,0.0012263868177613269,0.001843422227737479,0.0,-0.005602235658404231,-0.02036367373809589,-0.0016051150815827864,0.0012687495554082329,0.00317460005095338,-0.02152644435231188,-0.017475714354051042,0.0005266965996608697,0.0006533188108757138,-0.028776951269557483,0.03975419132413416,0.003312667717168649,-0.0027895966740542066,-0.006666638762636512,-0.006983756345177672,-0.001233265266800343,-0.02808501359333071,-0.004079063117889858,-0.0012401214697460583,-0.06451612903225812,0.0019953615195633656,0.01044386037331857,-0.019933636018537926,0.010830438055490221,0.006011878963487982,0.005520129261829654,-0.007966386192725161,-0.0023713440264110375,-0.05084765686564474,-0.041353397206566056,-0.01803913808820845,0.007585888172171096,0.003436627005444226,-0.021739130434782594,0.00849626035134321,0.0011286201838163201,-0.0005294378590928739,-0.0063222525665063145,0.010362746465985007
2022-09-15,-0.0222222010294596,0.012919934198387661,0.006741361336344287,-0.002346899094697541,0.03246753327177809,-0.0029946918566787772,-0.0022489745929425986,0.0,0.015492976759426735,0.0002018332555864255,-0.003674883490001335,-0.005280616471434296,-0.006329107716228521,-0.018000030517578147,0.011005109445383354,0.021052793183955698,0.0008159494717263627,-0.014814800424667651,0.0,-0.0030815179549501526,-0.001598139089719286,0.0,0.00884153485007566,-0.016460773340657986,-0.01926438284975629,-0.015699700176754705,-0.003475341372039198,0.06896551724137923,-0.003783541377313515,0.010336052750057778,0.004842653695772192,0.007143006130646112,-0.011122142618916975,0.01490208166995255,0.009720911190934434,0.005546592035975406,-0.0003571718533289525,0.019607843137254832,0.000399200580254222,-0.0165991842209966,-0.0006481143986645233,-0.0444444444444444,0.0025642946622710383,-0.0024592951788519057,-0.0010579579171389186,0.012725190137619746,-0.020512861581634567
2022-09-16,-0.04545460949259217,-0.028061123913330266,-0.009821428482262418,-0.0006417458003509235,-0.03144654163496252,-0.0010919531052300258,0.0002046255387784246,0.0,0.11789186920561834,0.08454408148074122,-0.020896209721665504,0.012741321968378294,-0.05414014987720306,-0.004073315997566662,-0.06622953601373094,0.017525765732453014,-0.004728044628875883,-0.02255645836920439,0.0,-0.0011037842950095689,0.0004002804255145431,0.04122742054886763,0.03242777623207416,0.0,0.0016961772801997732,0.0055480503096529965,-0.0004985609584391426,0.4838709677419355,0.0011994231021370538,-0.01790289047591198,0.008433705037938166,0.03723386212656843,0.012254650709967674,0.005409609370742086,-0.003767314200896932,0.023640670120303797,0.0825296007163121,-0.12307695242074823,0.03113777759375136,0.006570761770771094,-0.008335630393743743,-0.08139534883720934,-0.008768758064608972,0.0012327247913810346,0.0,-0.02617810204908566,0.036649242761983114
2022-09-19,0.023809615716916754,0.015747888723796954,0.005861282805508683,0.0,-0.3376623336411101,-0.0006836834892012256,-0.0018434491279279985,0.0018467467148257644,-0.05707202122031729,-0.04744187151283996,0.02015659652518975,0.007548757419958418,0.013468000494176735,-0.016359903045058743,-0.016854003992099464,-0.009625158031272396,-0.0006552369968684246,-0.0692307057465299,0.0,-0.003094264097313504,-0.0024006367300899445,-0.003990463753586138,-0.00891335219033762,0.00794972370294822,-0.0774576487917481,-0.0013792998710303594,0.0029913310242686286,-0.17391304347826086,-0.0013976505781012616,0.015625028498872373,-0.01075267783478251,-0.030769225787880772,0.001326683039915011,-0.01767875071329761,0.0,-0.019245553191924447,-0.05742573725829414,0.0043859817901739095,-0.012775812512908602,0.010541020076315633,0.002334996522422861,-0.10126582278481011,0.006265966938914902,0.0008205917896657589,-0.000927106348731388,-0.0010750776005477025,-0.0353535615039251
2022-09-20,-0.04651169237927755,-0.002583803391047912,-0.002241210927708126,-0.005991713912309793,-0.009803865653465582,-0.004923810377893467,-0.006157909776276949,0.0,0.01447370195983222,-0.0009765627387369191,-0.002789508434994925,-0.005827197882417923,-0.016611279891927455,-0.035343051625008504,0.012857167335556197,-0.004603491013842276,-0.00458922197832401,0.0,0.0,-0.005100083527774468,-0.004010235743302726,-0.007396049072801225,-0.008993514552977255,-0.04607722314453622,-0.016425180131435457,-0.004871516961822975,-0.0019882340666382836,-0.10526315789473684,-0.00719727810629156,-0.033333439243459106,0.020531532184661083,0.010581786103314395,-0.010433958376432018,-0.001564748205735489,0.002100952587110516,-0.007849350773854402,-0.00910370517495307,-0.03493446508240117,-0.0035293277273731327,0.0011257413391008164,-0.009970127510181004,-0.08450704225352113,0.0036632001302845385,-0.0015374506400664956,-0.0017234969321936466,-0.0269106886008319,-0.005235597192677299
2022-09-21,0.0,-0.002590708945101161,0.0,0.0004306858145119996,-0.01980205498867016,0.0027485032673533194,0.0016525967632019523,0.0,-0.002594031235740535,0.010752609234749189,-0.008158447022114657,0.015909655834951186,0.020270250677801416,-0.006465459878108537,-0.01269395898078951,-0.010791489123569975,-0.001152595008928059,0.06611563734210191,0.0,0.0035655042345328347,-0.000805310660394909,0.0,0.006914351586019718,0.003045977277578382,-0.005893778189223986,0.0027973283415014816,-0.004979842210739216,0.11764705882352944,0.0008056612740754421,0.0053051451676668915,-0.02485229759577612,-0.01570642148458634,0.0,-0.004702319241369657,-0.012578774350066713,-0.006328945326343982,0.028975271859926766,0.004524904060796864,0.00354182799913616,-0.002841345292145858,0.016753096724954064,-0.01538461538461533,0.005474473248949119,-0.0005134553049165325,-0.0009297971206430056,0.0,-0.02105261176576878
2022-09-22,-0.07804876602100197,-0.0025973672276683457,0.0,-0.007316271471580205,-0.05050505245112613,-0.010280801357401392,-0.004124012458142201,0.0,-0.05071519682492187,-0.013539736908959488,-0.0042302380057953615,0.01339371287447344,-0.0596026714880904,0.013015171592587471,0.04285720383225211,-0.019740100906121216,-0.004945946213672836,-0.0658914119777062,0.0,-0.013768475747191422,-0.0029215932581457826,-0.011797348413296382,-0.0030042112192829595,-0.014316431580986055,-0.057312378965037936,0.0027893647048631287,-0.008509232790562815,-0.02631578947368418,-0.010462701488547554,-0.026385390244701656,0.011407852571197141,-0.012411324691480097,0.0008367053928444168,0.0,-0.007643236258590647,0.018311933611144138,0.004464353972725155,-0.009009043066040445,-0.0007844154462912645,0.000949746752650027,-0.02554861842960232,-0.109375,0.0032667999404856207,-0.002259432062228117,-0.004253575348232785,-0.011062241867817124,-0.016129016752173708
2022-09-23,-0.03703700199609339,-0.007812535554190259,-0.01078161535904354,-0.0015176688081669498,0.010638338885950116,-0.002770269471344289,-0.004968775823559923,0.0,-0.0821918309305314,-0.024705827011925585,-0.0044845194143334766,-0.011793452575265206,-0.014084494035883521,-0.023554632059385128,-0.033287560643870506,-0.005829359134622569,-0.003147693070247426,-0.012448120465286205,0.0,-0.00519756216851841,-0.002734181712067185,-0.01036767881443168,-0.0017220718330571705,-0.019366239078339675,-0.06289323125401824,-0.016689794723795504,-0.011295222008818384,-0.08108108108108103,-0.002643398452925494,-0.04336034873121952,-0.009239170524769302,-0.0017955393090484106,-0.014213834645510848,-0.017323056492972944,-0.004706861487154046,-0.014855235890579577,-0.029743659698435954,-0.09090909090909094,-0.00784914454034169,-0.00047427197693095113,0.0040848397362291955,-0.03508771929824561,-0.004341473278106078,-0.0007617476151320357,-0.002936695949083301,-0.02796400082757855,-0.06557377155969979
2022-09-26,0.010989000192372256,-0.002624636175917572,-0.00045420642285065593,-0.011289730565408385,-0.0736841904489618,-0.012777466005823412,-0.011028197882538171,0.0,-0.05970143730110733,0.014073101615972083,0.0014226778983550403,-0.012757145921076574,0.035714337412192876,-0.013157882353605488,-0.02196412379185353,-0.0037313854005011082,-0.01184106491343595,-0.008403453102266312,0.0,-0.012721775798389845,-0.005138131776936339,0.0060317992040626045,-0.005605753453643336,0.0,-0.030872357565265185,-0.009901026341376462,-0.005905197586725142,-0.05882352941176472,-0.015086479165643207,-0.0141642817368135,0.005207649476210774,0.008992936878876812,-0.01017819888110394,0.003205295999997304,0.0068787609941807215,-0.003174559703291724,0.0,-0.06499996185302737,0.004351199373261894,-0.0004154489469073708,-0.019110856182432467,-0.036363636363636376,-0.00617739990996613,-0.0031525881820692048,-0.006426951367670908,-0.01841206570826681,-0.052631597292903454
2022-09-27,-0.005434777327093299,0.0026315430189234323,0.0,-0.007685708004684155,0.011363571094088698,-0.004361221615262645,-0.004417910221569343,0.013824934400136879,-0.0015873378696944496,0.04678821723462456,-0.005681940263934093,-0.018757692485712907,-0.02758626189441482,0.011111153496636383,-0.00028978277020286214,-0.006420767127854998,-0.011645650762542092,-0.016949137131806236,0.0,-0.005752285525673417,-0.001979996975784659,-0.005048948390384278,0.0,0.010772060880129386,-0.07202213973685223,0.0024141958164620725,-0.009297631416099628,0.0,-0.009315133221721172,0.03448274527446893,-0.021084424173695493,-0.016042832508029625,-0.01319624085835891,0.0007987027623523879,0.0,-0.015923764410709196,0.0,0.021390353059397293,-0.011421668774116878,-0.01448526872956546,-0.02633074191940621,0.018867924528301883,0.001828134502079859,-0.0017569973317320686,-0.002694938478526865,-0.0058617896880797105,0.024691334404499887
2022-09-28,0.027322377674172005,-0.002624636175917572,0.00045441282007208095,0.013056418531787184,0.03370788804420255,0.015543145786889534,0.011200024500336747,0.0,0.028616825028659587,0.041666686421551136,-0.004761826763797106,0.016992158849419292,0.028368852488815266,0.17582410557404793,0.07884068604855998,-0.003769331568765688,0.010929017624677462,-0.12068964631322143,0.0,0.016431696882432067,-0.0030683092741465856,-0.0009514903746260517,0.0,0.007548872571918608,0.05223880452356888,0.01754385245968826,0.010688438711009107,-0.34375,0.0173423941403541,0.013888939813371914,0.04000020599366283,0.014492712180603773,0.009725476543883671,0.0,-0.011528666471923299,0.004045421889017575,-0.008808981102815916,0.16230368165213527,0.0,0.01602320600135765,0.033481442404627026,0.03703703703703698,0.003649752398150241,0.003209564692486122,0.009053014661084102,0.02948117730333988,0.054216888667641516
2022-09-29,-0.02127657550770312,0.005263014180957315,0.0054493595902775915,-0.004150354039438087,-0.021739110153428554,-0.005148275049013273,-0.005642465143747999,0.0,0.004636817740524268,-0.014545385307099812,0.0,-0.018170489563510417,-0.01379317205385755,-0.028037401503044235,-0.06636239905170227,0.04324321735881487,-0.012499956270724866,0.02941173720662249,0.0,-0.006147957986474162,-0.00020538615419418704,0.0,-0.00346935197585041,-0.014984532401191242,-0.010638337067747639,-0.0006024875163056498,-0.01367035553208662,-0.1428571428571429,-0.007599101820635501,0.03561633098829953,-0.016568304204230277,0.0017858079064194676,-0.01878618222907147,-0.010375011929152023,-0.003887738267350338,0.010475448575541835,0.0,0.054054000646436506,0.005577649771048687,-0.012213088796177773,-0.005175807127820176,-0.0535714285714286,0.001818085289652993,0.00010290107599097986,-0.003615608589649044,-0.014890940992588697,-0.04000002997262142
2022-09-30,-0.005434777327093299,-0.005235459881357762,0.001806776736370308,-0.0004390948816157536,0.03333335452609587,-0.0023772869842866307,0.003152590801553723,0.0,-0.0338461215679462,-0.012915211100659962,0.0016745491432583748,0.002340083521748859,-0.01748250145114394,0.0,0.010071914207611998,-0.015544186469334531,0.005815834500281669,-0.00952380087370197,0.0,-0.0025193656897074534,-0.0002049071750518383,0.0019047245251242462,0.0,-0.012528122602207481,0.11111115248872538,0.0008128813403596169,0.002092040853271415,-0.05555555555555558,-0.0008276415067871579,-0.007936451942904266,0.007220339654847807,0.005347648351519796,-0.03246858878393011,0.002419378334913791,-0.010841156448938016,-0.011164288419623247,-0.011020319953855329,-0.034188002141121165,-0.017432716389183645,-0.02010677242841652,-0.012910673535544204,0.0,0.0036297262108317963,-0.0006189032681634954,-0.0017468917861772626,-0.009302470966438547,-0.011904750923180218
2022-10-03,0.0,0.0,0.0009017590908380058,0.008294607939701493,0.021505355393904857,0.008373633651941992,0.008389621213475529,0.0,-0.12420385091550079,0.009345876751186921,0.012897118503299998,0.012733392789311404,0.010676146619453597,0.06153849680748347,0.007834859452852116,-0.013157640358588352,0.006802784634891923,-0.02884612739438741,0.0,0.007348948547992951,0.005747090985876779,-0.005386562494863578,0.003916448966727604,0.012832379314164699,0.032258267233062465,0.020443796772069422,0.0177450706846376,0.0,0.012918369703790455,0.0,0.0083631725078257,0.017730303919440527,0.0277219676988667,0.009654074409936042,0.008329606210319085,0.02016118355087193,-0.002516148834193044,0.06194688473006238,0.01814498590904945,0.012189169227817098,0.015889719896323706,0.037735849056603765,0.005424975392102294,0.002209612194186583,0.00612389475169306,0.023474289042659136,-0.01807227228493835
2022-10-04,-0.010929016211355558,-0.007894772770550174,0.01396391739384284,0.004145544326417339,-0.01052635594418172,0.002507786612746976,0.002911202445980088,-0.008636378718801185,0.10545453158291895,0.012222165133049856,0.0051873803743767155,0.007124904391833331,0.12676061422336438,0.005434820636233795,0.0,0.004266583080481334,0.007601440891024769,0.0,0.0,0.005016205579638777,0.004285644808916356,0.010831469376434422,-0.008669348187713255,-0.008144889472829875,0.029166443784017337,0.01379068643528214,0.016923170444844482,0.05882352941176472,0.005126286914684641,0.013333382180928721,0.007701435808126655,0.02090603027639415,0.02094064554874886,-0.010358882215426357,-0.005217368806207601,-0.0063241902633459635,0.0018018708786995408,0.04166666666666674,-0.005940313194321978,0.011255566951445362,-0.0027932703678487103,0.036363636363636376,0.010791331106661195,0.0034613849663616136,0.0024128151254463326,0.056192557765496476,-0.07361963504258728
2022-10-05,0.149171264896222,0.0,-0.0004440211381092629,-0.006301465241704274,-0.01063823743123149,-0.005281130486556096,-0.00705072052734157,0.0,0.021381598038191507,-0.0038418725793176733,-0.002814931385318409,-0.002096912956299102,0.003124996973201677,-0.03783784341080665,0.0035336811462500783,-0.006373029276759423,-0.00502942175877219,0.03960392300071258,0.0,-0.006125145540107901,0.000609757513654996,0.002836410908537035,-0.005246895592137091,-0.009580304435954035,0.029352256656442588,-0.006767644742087242,-0.0025212883592132806,-0.05555555555555558,-0.007140127799364349,-0.01052631131224191,-0.0005878468714404228,0.0,-0.005040820972382565,0.0,0.010052485625373198,0.003978003890406034,-0.012589947861367468,-0.040000000000000036,-0.003585740868935594,-0.006642202300191524,-0.00956129023885377,0.0,0.0035588334133771493,-0.003490996986621253,-0.002941885257753518,-0.003257230200041983,0.01986753084718007
2022-10-06,-0.01923075159625831,-0.00265248377560956,-0.006222338258974114,-0.0030613908559121716,0.0,-0.003772489014363445,-0.002297452621245588,0.0,0.0386473059007868,0.0009182739973598864,-0.012232274588505843,-0.016389879656826145,0.0,-0.009363331330736413,-0.006478890470567156,-0.00587909559304578,-0.00016855803907678268,0.0,0.0,-0.004108696211440721,-0.0006093859360017939,-0.0018855696490057694,0.0065933751125688556,0.011515530560533893,0.011799376804108475,0.0005449282059244442,-0.0010109697801046202,-0.05882352941176472,-0.0036984707372336167,0.023936213656253313,-0.01611767740398018,0.02218416906148013,-0.021488489260687027,0.003220862615640696,-0.002163681023187647,0.0,-0.0018215633675411347,-0.06041669845581055,-0.0003998494084693771,-0.01927720046480963,-0.005558250337547643,-0.03508771929824561,-0.0003547118679270156,-0.0013390836093306602,-0.0017439135667083328,-0.026144019653038697,0.03246757971695691
2022-10-07,0.00980391240220757,-0.01329790865108793,-0.010286296946105167,-0.00636118279837683,-0.03225808436366906,-0.005189192973535595,-0.006279890471092675,0.0,-0.013953438513510052,0.006605445871806781,-0.0185759302276004,-0.0038454365623608044,-0.05607478648539521,-0.030245718065386007,-0.01119943358593778,0.0021502635786356805,-0.004886958684406584,-0.00952380087370197,0.0,-0.00618872215200672,0.0012192569835041134,0.003148757061700813,-0.004803482906102552,-0.02914419874202101,-0.050534535575172845,-0.0031325902178462872,-0.011386816729939908,-0.125,-0.007011673891554104,-0.005194907694636042,0.0032285290820988077,-0.04518331964275979,-0.01339061668705821,-0.0008023854632321914,-0.023850862338204992,0.0,-0.08029184763005637,-0.02439021089440363,-0.0024001411297607245,-0.007309530034850353,-0.009707885857148324,-0.07272727272727275,-0.002483109157674912,-0.0007835865819584287,-0.0032250507070392676,-0.022371349151039,-0.03144658520498789
2022-10-10,0.0,0.0,0.0009037964708167312,-0.003973613566723877,-0.03333335452609587,-0.004511544390761402,-0.0037919625768021437,0.0,-0.03773588725110655,0.01294213124063659,0.023052656243557568,0.023375579647684885,-0.029702942250534492,-0.011695895017748925,0.010752781626597985,-0.00214564986587662,-0.0038950057831145246,-0.01923075159625831,0.0,-0.0011531103130399956,0.0008116763177798969,0.00031376523711834636,-0.0008776598124516921,-0.006566312069234637,-0.011258998193781178,-0.020084642680906817,-0.004863052172040194,-0.1314285823277065,-0.0047769261271529695,-0.02088772074663725,0.030989135998799044,-0.06250006899668659,0.00651469053094611,0.0,0.0026656971027880783,-0.002377312101944584,0.02063463910681218,-0.04090907356955786,0.012429783073010015,0.001299532413783222,-0.015546184765330873,-0.019607843137254943,0.003911796019572478,0.00016484845100772638,-0.001347656204816916,0.001144467722516751,-0.0064935004616650804
2022-10-11,-0.004854364437391179,-0.002695307488871479,0.0022572994110581224,-0.0006647993981211409,-0.02298848432756806,0.000283079767933625,-0.0042294499704378374,0.0,-0.024509819962803547,-0.0028791923245363726,0.013045400624623671,0.01885990649370073,0.037414929576505385,-0.023668709730421456,-0.0070922390926827505,0.0,0.0011900019931596617,-0.04901956201103741,-0.1212099604467951,-0.0036940913271480413,0.0008111897140115065,0.003137753311388991,0.007465922952000215,-0.015108597127760026,-0.005279498921924808,-0.0013246908747241992,-0.005915829903290426,-0.18749996470777563,-0.0016692693447357687,-0.007999871272219128,-0.017340901732099456,-0.024761797661516316,0.011866343467728191,0.012048062772342716,0.005759930509906974,0.010325680746506194,0.007387515046306747,-0.104265437116841,-0.0031683073306091325,0.004758314059622792,0.004425705706121885,-0.020000000000000018,-0.0028340010159612072,-0.001262925844931706,-0.001349938132178985,0.0731426061657785,-0.02614376640588656
2022-10-12,-0.009756088483765968,0.002702591804802257,-0.0009009466540024214,0.0011088318297256539,0.01176475076114425,0.001132481045867273,0.0008493373113389602,0.0,-0.016750403374697242,-0.007760454766384095,0.0030439913070958724,0.009666941407824092,-0.0196721126942887,-0.004040400342860351,0.0,0.003763484017129226,-0.005264050764852701,-0.04123713430708065,0.0,0.0,0.0008106179892179988,-0.0003127532965353508,-0.00959003212929288,0.0019174302976214808,0.004266906103007395,-0.0008377016991862885,0.0038810045104025193,-0.016194393260063333,-0.0006268175635447681,0.026881598182814104,0.022705939843165934,-0.0039061351515154996,0.00977249523885404,-0.01111116495679687,0.011453618094165119,-0.005503233971007937,0.020455345516847023,0.1322751349449185,-0.007151454720514039,0.04182274658959639,0.004906920070112175,0.020408163265306145,0.002842055403863064,0.0006841147650555879,-0.0010814103428015143,0.0,-0.013422805905036084
2022-10-13,-0.024630518729541362,0.0026954546889745856,0.014878268574134434,-0.001329296571717431,0.02325579074346007,-0.003535391470788296,0.0025463040377353696,0.0,0.008517920223111153,-0.002182643107800919,0.0023341802382994548,0.031167225073070348,0.016722392025688038,0.012170374212723045,0.004571551369996207,0.001606940408608537,-0.004267650093272235,-0.06344087613443505,0.0,-0.004866815071698727,-0.005669215732637123,-0.011889966479751712,0.008802805171808759,0.00478471012768944,-0.01658029171823605,0.0013971525442906252,0.0,-0.028806538171541773,0.00020897901936400842,0.007853488243356077,0.005406441793508687,0.03529410623833518,0.01495696668753399,0.006420553874662449,0.0,0.010325807475830118,-0.009077001620658942,-0.06542054408814157,0.00040042468150369714,0.030816606907749122,-0.009566439900188017,-0.020000000000000018,0.02196250895072671,-0.0021754327873680923,-0.00027110969202637225,0.027688938667850493,0.020408143405366452
2022-10-14,0.030303001111897654,-0.002688208744110354,0.0,-0.006210491910223825,-0.04545460949259217,-0.004825442804255231,-0.0031744561251094705,0.001833978520421109,-0.05405408235428677,0.014582504204363689,-0.011178340485053284,-0.004938930838611633,-0.02302629411880963,-0.024048074361372684,-0.004550747394510335,0.018716674240735642,-0.0010288018198423288,-0.03559129553194407,0.0,-0.005752291065948323,0.00101833204537094,-0.00411641464828727,0.0008724065717320428,-0.0004759574529202837,0.003477283521282404,-0.011302301764339107,-0.004123754040492811,-0.06355932100652728,-0.008364983711067642,-0.012987059330021644,-0.021967908132673464,0.003788059737841465,-0.012829592848275895,-0.006379593351848567,0.0017420934767578,0.006289336992445049,0.03053420894667802,0.11000003814697257,-0.0004002644057565785,-0.02531352718458868,-0.008250555795854653,-0.020408163265306145,0.0017330103279065145,-0.0011004923948443324,-0.003654179270104918,-0.010362457899720567,-0.039999961853027344
2022-10-17,-0.004901956201103785,0.0,0.0017769789549086923,0.0026779010860102925,-0.023809502184254927,0.0021391193524367136,0.003609052859147699,0.0,0.06249998403446977,0.04832922581638499,0.023316064704749007,-0.007147222482135507,-0.013468000494176735,0.03490761402234188,0.0,0.015222798401136606,-0.0008577928299737803,-0.021428509086976688,0.0,0.00227209226837366,0.0004066601338146292,0.0006359175263144223,0.013077716450238253,-0.01095785924157655,0.013336175477586698,0.003246235154531263,0.0051762949240383715,0.06334839793505775,0.004007121605394293,0.005263120211369765,0.0060832930750931435,0.037735661986971536,0.008781249606464536,0.011236010118681916,0.08173910285144625,0.0039061254994656736,-0.030740776240970158,-0.09009008699399634,-0.0003998293177037704,0.014924250709642317,-0.004869597192575736,0.0625,0.0076125839019463015,0.002078601365830046,0.002309489819909194,0.006282763025688309,-0.020833395421502532
2022-10-18,0.004926103745908295,0.021563269511539307,-0.0004435311267882991,0.002449123714817869,0.08536583238382645,0.0022772932431451842,0.0019040492896329475,0.0,-0.030252072959453424,0.02227942981934916,0.0018411093010213264,0.01079805195097383,0.04778152330915875,0.003968250213867153,0.0,0.013960991986682547,0.0037783948967078373,-0.026764007381114063,0.10742803838027326,0.0011684705825925068,0.0006101295447291655,-0.005401898174724251,0.00043042323322928233,0.0028903102893018673,0.017616403496213184,0.0031648598377029824,0.013130559793575358,-0.017021260362990343,0.004830739540908846,-0.013089053047785737,0.010348961027563108,-0.02000011240185917,0.01584265321986722,-0.006349294809975925,0.004823130450267277,-0.0031128550262383703,-0.017959480540556072,-0.024752474312641604,0.0,0.013489411887786407,0.002344675253125539,0.0,0.00480775871778083,0.0002076129469164023,0.0010839930017849664,0.0,-0.014184383971608927
2022-10-19,-0.00980391240220746,-0.010553874710859446,-0.002218242686528038,-0.00843905845099946,-0.033707780889780325,-0.008235433420661464,-0.005067604383742319,0.0,-0.017331006059468135,-0.020955581511441612,-0.007121461368580717,0.008506446359628717,-0.03908791145553148,-0.025691722512057313,-0.057142876584196256,-0.01580839178437865,-0.007357855306169503,0.054999961629510485,0.0,-0.00816995270560772,-0.0028448469469074533,-0.0015975161227660406,-0.01935510589842082,0.0028816711465511347,-0.0325863673396124,-0.013108792745537334,-0.011689747618519153,-0.07792212617680727,-0.011705790651138193,-0.03183015646984266,-0.010242957064099723,-0.02597412279514555,-0.011139678312470314,0.002396270856314775,-0.013999933481933846,-0.007806234767443132,0.03112834795344277,-0.050761419353914206,-0.003202891970741306,-0.009710804303500908,-0.018205492739494344,-0.019607843137254943,0.006493263251196479,-0.001866749167329429,-0.004603114397685459,-0.023933402585729735,-0.043165426904336224
2022-10-20,0.0,0.023999888156200244,0.0022231742264968712,-0.005151315854357241,-0.08139537849446765,-0.006728689718318193,-0.0029708789507717492,0.0,0.007054666898553608,0.008561718336248525,-0.01665902606985692,-0.0215771397655089,-0.023728790546210465,0.014198818275611647,-0.015151405805137963,0.0005182365760605379,-0.003964758393048551,-0.010663511292749894,0.0,-0.006825309783233036,-0.0020376336846674725,0.001600072264005492,0.008333374827315776,0.01005758810966384,-0.016842085404310647,0.0012902675386778917,0.0012853629936657729,-0.03286379721426802,-0.005922173468286496,0.010958751853464399,0.0,-0.013333384360220024,-0.01369155554089041,-0.004780841667187619,0.011359004702701014,-0.013375294141344751,0.003773568140667871,0.06951867294235337,0.003614457934167925,-0.010959886241383443,-0.017093515262978642,0.020000000000000018,-0.005432765408830531,-0.0008311872589985558,-0.0023124339365027113,-0.004264576898187822,0.0
2022-10-21,-0.014851471125267302,0.041666595558286224,-0.004436187635681432,0.0033772537986451745,0.012658215623466695,0.0017298181032849858,0.0021284967672776656,0.0,-0.010507870819386644,-0.0016980058578404122,-0.004705707979508977,0.007417815901353819,0.0034722187728795095,0.039999961853027344,0.0,-0.008286147580303216,-0.00034596454564683743,-0.005988018395350125,-0.10895091129081136,0.0016651317483664663,-0.006222795850754914,0.0,-0.006524362659312888,-0.015172970890989568,0.011777261730332,0.012815207904553372,0.0011618871651324358,0.014563069490542535,0.004468462068503598,0.03794047852134974,0.0,0.03667962780154177,0.007731480056698992,-0.002402026175892802,0.009626913962859085,-0.00239241756255415,-0.007518844187238027,0.06499996185302725,0.00040042468150369714,0.009331370735274236,-0.018022454124773657,0.019607843137254832,0.002048342927629232,0.0018718884660999802,0.004771866238014066,0.004282841404700921,0.18045112916738404
2022-10-24,0.020100483246901613,0.015000069288010787,0.0017822225345780485,-0.0008978215356670871,-0.012499988079071045,-0.0014388624119302529,0.004672892520015015,0.0,0.02654868899744267,-0.002550879762597158,-0.0070923264321839374,0.006965213813753479,0.038062246056379534,0.023076993614966845,0.008615398758722304,0.019843748995096444,-0.0008658342716192369,-0.1036144185505744,0.0,0.00023758427627829093,-0.004119508988414955,0.011821025436304478,0.0070051707593215,0.01877698638835934,0.0,-0.0010604515396208658,0.0018050154286815001,-0.03349276882140184,0.0008470017716923905,-0.02088772074663725,-0.0058139067056539595,0.0074488013626874405,0.024237265786874573,0.0,0.01827555255295188,0.007194298469172411,-0.010227049565404545,-0.007042235863993995,0.04199987672400418,0.026695717232452676,-0.008264322225824627,-0.05769230769230771,0.005110679542938756,-0.00031138316715795256,-0.0001356316593398299,0.015991573686664262,0.07643312150273562
2022-10-25,-0.019704414983633067,-0.012315304563569107,-0.0044484257560298834,0.006961873203337188,0.05063292285300003,0.009509844348379426,0.007610730886968176,0.0,0.0,0.0005114806782304804,-0.004523631819687068,0.011067122034723154,-0.009999990463256836,0.003759394789693671,0.018913809292074868,-0.015361233775530003,0.005913183795742016,0.07258059024459462,0.0,0.009496549882143768,-0.0008274321802995699,0.01263013725929385,-0.0017392927418531379,0.03402655190465165,-0.00317445003521033,0.0016982009975599066,0.006434894343604336,0.04950494862528321,0.009312272784162134,0.0,0.000584752943449951,0.02402964118546924,0.009703628017817545,0.0,-0.008973656299191557,0.0007933446601420258,-0.0015308496055566057,0.04491729456614846,-0.0019192677165104088,0.0033209307269002064,0.029112331999421315,0.020408163265306145,-0.006440582661599081,0.0007470736011130352,0.0028498155916059087,0.026232688408297067,0.041420077439480396
2022-10-26,0.03517584568207788,0.002493731624033435,0.0008937005158693445,0.0024528186714611877,0.012048123553905166,0.003996357519248983,0.0029379372879978494,0.0,0.1206896183181756,-0.023517220799127325,0.004544188053359877,0.007427760738080158,0.01683500061772092,0.0149812586929019,0.006736637376582033,0.006760251362471825,0.0025931575726352296,-0.021303208537536533,0.0,0.003762844423511158,-0.0018627833782487446,0.02744011178181527,0.010453297947239593,0.007769479697305348,0.06687888789502683,0.006640279600892196,-0.001022664056853917,0.009433907943081188,0.0029355376919071308,0.026666764361857442,0.006429150330690803,-0.01805051291367643,0.009947778505488891,-0.004012989104742348,0.08346466219851667,0.024583927388721616,0.003832786632382401,-0.03167424212021219,0.05769234856631167,0.004487644642217514,0.01440726067022835,-0.020000000000000018,-0.0034118419313754478,0.0014942278422829247,0.0016237554787958963,0.01942734179597716,-0.02272725117600638
2022-10-27,-0.014563093312173536,0.017413038392788405,-0.002678707585257456,0.003559775003471932,0.011904807858458266,0.005260259088635033,0.008995605555335073,0.0,0.006153840285081147,0.005235457610319738,0.007142986826457864,0.0050444515934238154,-0.009933765423590035,0.11992621516933344,0.014870037598286423,-0.021694240010750043,0.003104034548715884,0.023047383172990932,0.0,0.007263884596750536,0.0006220282236002461,-0.00971168972551495,-0.0021552825627636496,0.06530639226613899,-0.003980269080270493,-0.0016140597274098,0.009472682357204443,-0.05140188790084066,0.0037636064535224723,0.0025973838784618675,-0.010452950600942534,0.025735275316647988,0.006844771579973985,0.0040291580721874,0.02107555050417309,0.004643863343742671,0.0007700056600032923,-0.009345741082053105,0.0,-0.0010609273529356145,0.010470775473530702,-0.061224489795918324,-0.00890099807260647,0.0009735976629245968,0.002161304363701877,-0.010029971745870836,-0.02906980854295338
2022-10-28,0.024630518729541473,-0.002444954312494918,0.00268590233220789,-0.0006652337965182831,0.01176475076114425,-0.001979901142277085,-0.0047689203614010856,0.0,-0.056574906378783374,0.001736111739883306,0.0,0.017953941062731182,-0.0033444784051376297,0.008237184923179264,0.010988849936529599,0.007919935219509178,0.001547098992743079,0.0012515483033339603,0.0,-0.005815988939153693,0.00020724302106067682,0.00398381963263561,-0.008639297282786562,0.03150251487324285,-0.005993795318370632,-0.008575413696543244,0.005832741934797436,0.034482797499888695,0.0014576675520587834,0.02072537919959916,0.014319153746784163,-0.012544793932676046,0.023047637282018973,0.0,-0.010676218784122615,0.005392917423121757,0.014999841560171756,-0.03301890272396368,0.04690902649220363,0.018727576343609442,-0.006873836156250923,0.021739130434782705,0.01208975732487394,0.00041363810823025204,-0.00040426216083044864,0.020263406803762374,-0.04191612876745088
2022-10-31,-0.0048076878990646055,-0.01225500152891379,-0.00045179409893392197,-0.005767090560272581,-0.011627950817908794,-0.003117454079369697,-0.0012499421116544118,0.0,-0.0032414879544907516,-0.019757430674980925,0.006146402053424982,0.003413548062405569,0.010067104428777007,0.039215727523399746,-0.006086888364017384,-0.023572994983036222,-0.002917638558380231,-0.02125002412125432,0.0,-0.0011695936321443057,0.0008287128211261763,-0.007631208067661599,-0.01307219838375595,-0.0024762091575882827,0.003014772974947011,-0.0063094845534132915,-0.006808023674196306,0.042857124691917825,-0.003951570696062445,0.022842612349792457,-0.0060170618533151865,-0.014519190043560837,-0.003565694817907139,0.0,-0.0007192869705036076,0.00842913832922898,-0.014778171331647938,0.03414637867997339,-0.022230018239431937,-0.003567039789540427,-0.007128119102686514,-0.04255319148936165,0.010921519010512082,-0.001406448600317134,-0.002157978265158622,0.005958330792929845,0.04999995157122683
2022-11-01,0.009661826846140142,-0.007444202864623661,-0.0013561947497259252,0.0032438538760235502,0.0,0.0010403627320565434,0.000501031411757058,0.0,-0.03089431776815399,-0.01343700472732412,0.01268802552133308,-0.006425976046176229,0.036544815762240335,0.004716939047391788,-0.0072908595974734425,0.003219286227721385,0.002926176082547416,-0.02937420451016093,0.0,0.004216163365021952,0.003519659577980061,0.006524014787536281,-0.01589376324360381,-0.00661964557971173,0.018036298718760335,0.009346563650452167,-0.001777063118929778,-0.05936069679017608,0.002407850168902881,-0.03473947300293245,0.014551622745680115,-0.020257603588944573,0.006343569034122254,0.005617923383296253,0.00431956189627325,0.022796340324629627,0.001538336394869999,0.07745274678886171,0.002131488771289991,-0.0045158155303686165,0.009345530554099035,0.0,0.021606912441535453,0.00037289252335326317,0.000379555888299965,0.011845860320976342,-0.04761900369272076
2022-11-02,0.014354053886023399,-0.0024998295105351787,-0.004074209582031085,-0.004236969183514017,0.01176475076114425,-0.0015658774078441962,-0.0012519512624838969,0.0,-0.02516780107505978,-0.02132608312206119,0.02923436908803234,-0.005896906946711411,-0.012820501064172207,0.001564981078369776,-0.001174817574446596,0.003743242410996661,-0.002574463960045459,-0.07894737254879813,0.0,-0.004431834406252055,0.001856808710979374,-0.0030864962042510546,0.008972715896190753,0.00874636585119215,-0.017716754050380867,-0.006433056820863037,-0.004068835590215314,0.0,-0.00271557684749979,-0.028277710263472478,-0.0036717490454227786,0.009398305987796007,0.011475772026918074,-0.004788392072139436,0.0,-0.008915423630303065,0.0,-0.063829714392024,-0.02481379912471615,-0.013941075639021805,-0.00434003984429876,0.022222222222222143,0.023793879777269877,-0.0014495970469178276,-0.0016247592160397728,-0.017560876001837755,0.0
2022-11-03,-0.023584884441207543,-0.015037660876439096,0.015908942507928403,-0.0008960274541346402,-0.011627950817908794,-0.003848900897707397,-0.003134874436485746,0.007322685256767381,-0.013769350171074612,-0.022706608130647288,-0.003606681675355272,-0.019709284739256594,0.00974025069249751,-0.003124996973201677,0.0,-0.004794792173294926,0.0,-0.03857144353341113,0.01884863233528966,-0.004685871948161724,-0.0035006407609162737,0.0,0.0004445900236840217,-0.009496332990763023,0.003006101840171471,-0.005691171312188437,-0.008682447619021594,-0.09708737684291768,-0.003351335259781818,0.005291110491109308,0.01808135714896908,-0.0055861117494040435,-0.009268283977665992,-0.0040099339615657925,-0.013669037264696593,0.011994060544962881,0.0038402600554241495,0.010100991180832075,0.03089788091047052,-0.0025808319397734314,-0.005397085288572856,0.0,0.0329244551577057,-0.0014520692976137672,-0.0006775041791035052,-0.03972202219406262,-0.006249993946403354
2022-11-04,0.009661826846140142,0.010256351109382722,0.030872572680769927,0.001793083042230803,0.01176475076114425,0.00028659046672285804,-0.0006294488232904127,0.0,-0.022687628971760132,-0.016301174916641403,0.014705661738838804,-0.007807981683935483,0.04823154354569836,-0.020376193120540398,0.004411750659228275,0.0026763758645909075,0.005334595428389433,-0.03417533827186914,0.0,0.00047082412528332007,0.0020666960865940442,-0.007740031006239767,0.0,-0.014172703985802837,-0.060939059850298016,0.03033776317612924,0.009016017817611521,-0.04301081333343315,0.00315229317011978,0.0,0.0,-0.009363566659770672,0.019677480376424805,0.010467311866160012,0.001094109161938528,0.01851854849819423,0.028691522872749342,-0.018518500530834592,-0.012693931208779596,0.005624897077923574,-0.016800592489513932,-0.021739130434782594,0.038437580059586196,0.001474811467186532,0.00257730701045622,0.003102398956676966,0.006289302046118772
2022-11-07,-0.014354053886023399,-0.007614238508406257,-0.019531480062195627,-0.0022373420626762286,-0.034883741561368864,-0.0038629691262778154,-0.0033559140075417604,0.0,0.0,0.009523892022344826,0.00379052134961122,0.005705327598156451,0.04294481758089841,-0.004800033569335893,0.023425797039190233,-0.017084676764865026,-0.0017117109300175404,-0.030769202554013275,0.0,-0.00541182657730499,0.0020619982380967183,-0.0018720414433316401,-0.005777849372263,-0.03594055314091682,0.010638421337888948,-0.002152752059930263,-0.006382799738802958,-0.06741566893398276,-0.0014662773965772313,0.01842099162929678,-0.0033936011112355446,0.04914934743179811,0.01850672969618583,-0.00398421041833763,0.024043650845609665,0.00290902892672551,-0.023800634388773778,-0.004716998956176499,0.01071415585591673,0.007998639901243054,-0.009976595823069423,0.022222222222222143,0.0006019107303236737,-0.0006428371207076733,-0.0008113489182787204,0.1309280498571066,0.0
2022-11-08,0.014563093312173425,0.0,-0.002213264894926459,0.0031395922295527345,-0.036144600462750365,0.00445202885812046,0.003578199636813162,0.0,-0.01071427567880967,-0.027924660850787153,0.002221060305911182,0.008216076209385248,-0.03529415312110251,-0.006430862251169733,-0.0015737092675580655,0.007604414579087004,0.004801039309864974,-0.04761900256640572,0.0,0.004731632315994494,0.000617639406002457,0.0,0.001341018997753407,0.07456124162969546,-0.02210526272618063,0.016563231754894714,-0.005395629285810055,-0.07228920092550073,0.0031473668074295524,0.005167991571395136,-0.00647005985252902,-0.005405496323097392,-0.007299260262692675,0.016000102908165115,-0.00035584723245707384,0.0050761474952873975,0.014095307862853401,0.018957327549697922,0.006713863135248133,0.002774713002000162,0.010934708527366777,0.0,0.013533692517235352,0.0017473594975909723,0.0014894734174459856,0.011850408982003735,0.006249993946403354
2022-11-09,-0.03349279240072123,0.015345250640595332,0.004436740802562733,-0.0006706504019186044,-0.012499988079071045,0.0014299610995414103,0.005872624287535322,0.0,-0.03790614433086237,0.04095500039722033,0.017065586225849083,-0.0019402750837521632,0.012195110427418276,-0.019417457749564604,-0.015618201231480389,-0.0049967932836240125,-0.0022181900772335617,0.0166666501098216,0.0,0.0,0.0018507322634249146,-0.0009376090267364523,0.008482184128390413,0.008571439085951482,0.016146285804013116,-0.0034229231977949137,-0.005683096742314819,-0.03896100276999048,-0.0004183261985627462,-0.023136220261802842,0.004227244919859707,0.0036231376835997864,-0.00829163072670358,0.002367596572954822,0.007829185712222131,-0.0036073143157838716,0.02742315642096238,-0.046511627906976716,-0.00035100854715142127,-0.011953025784074645,0.0032874181516799883,-0.04347826086956519,0.007189894739607627,-0.0006229290434121015,0.0017584899778000374,-0.024324382235736297,-0.01863352243678007
2022-11-10,-0.0049504903750891005,-0.012594455343608257,0.004416850234347791,0.02774048906736093,-0.24050633828239998,0.020702098712439776,0.013344173450437369,0.0,0.05065665755934523,-0.0024241417130217435,0.005665928067096759,-0.017301705259121114,0.027108480240233934,0.034653471968623784,0.015283734488871437,0.016921620264924497,0.019496905720688185,0.014754103486559034,0.0,0.023546026946777987,0.010675475699016834,-0.007822504717555967,0.007082789672649525,0.004856302142110636,0.02754247746424765,0.015387732196620929,0.02676061130370111,0.10810806805239404,0.027411332603041405,0.013157942307429282,0.02957893471943218,0.01985570927244007,0.025082870076349906,-0.0007872015277481381,0.001765612629005986,0.008689319960333508,0.019378170912899062,0.058536622582412434,0.017555992834672463,0.017642158130968033,0.03847369069689055,0.0,0.008625875595220434,0.007273720689677132,0.011610123394989458,0.04709161844943188,0.0
2022-11-11,0.014925358971198843,-0.0051020118964915095,-0.00659648133885038,-0.00544205243120266,0.06666668256123853,0.0,-0.00555537851804111,0.022262605494499654,-0.017857126131349377,0.0,0.014084566486840533,-0.031256184208006466,0.029325484491361298,-0.006379579262313917,-0.025089285764171798,-0.001610267400166454,-0.002348646266179255,-0.19224558037349093,0.0,0.0011501529500408392,0.003229723647747873,-0.00031538604723491126,-0.010988927717117347,-0.009262950471918496,0.010309236112829412,0.0031123054529513805,0.0022769076841122615,0.06707319555220237,0.0016292540514131204,0.0,0.04419889437264812,-0.026548682249357358,-0.002769969966465724,0.0023641051567158122,0.009164588680399044,0.005743027212625096,0.013629879060214067,-0.018433249392417195,-0.016563023546640188,-0.020087987688627518,-0.0036642344256481163,0.06818181818181812,0.0005898347256740877,0.0008249666294610769,0.00026719111398687545,0.008818137928538583,-0.006329107716228521
2022-11-14,-0.01960782480441492,0.01282043977749181,-0.0017705727829367968,-0.004377219350560235,0.10937496856786355,-0.003216901712510878,-0.003103651386857087,0.0,0.06181820956143458,-0.008598072475796026,-0.0032051415447001963,-0.0067388009703109875,0.005698000279445559,0.008025712773962246,0.011764413711946808,0.01075273776492125,0.006389839979434653,0.12000000476837158,0.0,-0.004136054831512581,-0.0022065803083911595,-0.0022082638039779834,0.0022220556944463343,0.0073169822875935875,0.006122312830974863,0.000876574861192303,-0.0068164997605540956,-0.02857142857142858,-0.00528630793013396,0.0,-0.012804213605799641,-0.009090837562453324,-0.010802535479336406,0.006289145528978857,-0.002794292428798806,0.004996286899884073,0.004246315609456985,-0.004694764211404467,-0.0003508108324180581,-0.007413623484049836,-0.002451660653159382,0.042553191489361764,0.005010142680960561,-0.0010306318220774102,-0.002001341539781931,0.010489579125896098,-0.01273891685835693
2022-11-15,0.0,0.005063331257483483,0.0022172885982814083,0.007913918462847613,-0.04225348139821283,0.0070165883007407,0.005811235368796019,0.0,0.07020545148965884,0.013574776312864412,0.0072881700137110705,0.0034951803454221775,0.01983000957794312,-0.06847138388692886,0.015988388742250947,0.004254950705131488,0.004344173680603358,-0.03928574051479894,0.0,0.008075825707161366,0.0026376768426847885,0.005374785681131478,-0.0022171291100819834,-0.009281727961971131,0.01927000956036018,0.001483133817893778,0.006609399186670251,0.02941176470588225,0.010629158571172637,0.01298698936116538,0.021867321245672144,0.005504566134423516,0.008580217391737532,0.003125157645959886,-0.002101467314380767,0.005681845059995361,0.030655446405811082,-0.028301903767787184,-0.007020096339723114,0.002602690898850124,0.01618037520386495,0.020408163265306145,-0.0026392820470338973,0.0002065580869088368,0.0033422582332087725,-0.020761284416610626,-0.019354820846890552
2022-11-16,-0.009999990463256836,0.002518809162887603,0.00398236782296868,0.004361849674401119,-0.014705938038939936,0.005713575806197024,0.004952469202778476,0.0,-0.015999984741210893,-0.016741076365716867,-0.0019153094048861563,0.03892618068521947,-0.08333332229543589,-0.02905984257526628,0.012875622887867921,0.0,-0.001829929743115799,0.15799263960172572,0.0,0.007095460173446089,0.004250014956114434,0.0025156109342763244,-0.0026667284605146335,-0.035845162274192655,0.009950285017164218,0.0001340797926641102,0.0045450870207977,-0.00571430751255575,0.005663746113865775,-0.012820489796572465,-0.012378170932090815,0.0237225752425545,0.005413896336566859,-0.0007789344372994833,0.012635926875784742,-0.006355980474978318,-0.001709480633823257,0.004854387360093471,0.0014139603263167988,0.006433868726882341,0.02186846054007563,-0.07999999999999996,-0.0035282930699161996,0.0012375412015621645,0.0018649506458412457,-0.021201453829612804,-0.026315764707210976
2022-11-17,0.0,0.012562880100959406,-0.0013222229592255719,-0.0034744000456971014,0.0,-0.00415721020966453,-0.00041060604010800805,0.0,-0.0016260534515062375,-0.0015135584480532316,0.00042644107880573934,-0.0043381879183672645,-0.057575775747238156,-0.08098592465653665,-0.002118637718576788,-0.017478627104787536,0.004500036522143924,0.09149274325439061,0.0,-0.004772971102524504,0.002217072805208886,-0.00564613983638107,0.015597104362568448,-0.010984434455260317,0.004729050394274292,-0.0014801252971812229,-0.010306534126356959,-0.0172413358412411,-0.005832670705438692,0.0,-0.0092403607122854,0.0,-0.00846173134354855,-0.001558766765269337,-0.0017331062785563844,0.0007107539235886584,0.02397262067065764,-0.033816460731378783,0.0021177957488482946,0.009532737856458251,-0.010552323866944935,-0.021739130434782594,-0.0035409104067870567,-0.0006180513654369113,-0.0018614790792300662,-0.010830196233283407,0.02702700090373522
2022-11-18,-0.005050500185316276,0.002481442801818945,0.00132397354744751,-0.0013073018743434694,0.014925430495003944,-0.0016696840016602321,-0.0036974996704310925,0.0,-0.008143276056180704,0.002463102668275541,0.0014919075651487201,0.021192152781293494,0.019292663415434452,0.03448281846945678,0.0,0.018868013965738673,-0.0029866094179233915,0.029411736347271455,0.0,-0.0029687051822142596,0.002614149096846541,0.0,0.01053099525644896,0.004271697689653742,0.0031377592773800256,-0.002412234852715134,0.002539747630484257,-0.06432750625325911,-0.0012142003996364892,-0.012987059330021644,0.0,0.0,0.008378758585112056,0.0031225591384469453,0.01215287656223385,0.0,-0.004013336218534169,0.02499999999999991,0.0038746948177164064,0.007220789395133487,-0.006877307915566955,-0.06666666666666665,0.007403188461725385,-0.0012371407811488933,-0.0005329571408212441,0.003649490265418498,0.05263160784158716
2022-11-21,-0.010152274434545583,-0.002475300485247467,0.0008812871701711078,0.0,-0.02941180595477033,0.0,0.0012369857595355693,0.0,0.07224959707652623,0.029295119238598843,0.006384364682954002,0.012218861034419826,-0.018927501499705457,-0.03888889526634043,0.002123135874321891,-0.013227574767229466,0.0011649425815067893,0.007142850452539706,0.12681820935281718,0.0006873489075716055,0.00020063575024176217,0.009463756260173595,-0.02344758232552202,0.0314759969191758,-0.006744763716940216,-0.0013625595701157733,-0.00126642066420668,0.01874995231628418,-0.0008100399144613801,0.028947444720543336,-0.01693828631014227,0.008912475647641305,0.013232898351526412,-0.006225599218369071,-0.005145809069438845,0.004261346837503011,-0.0580927390065743,-0.05853662258241232,0.0,0.019247124000218774,0.004215202738653057,-0.0714285714285714,0.02527920979766818,0.00010336734654736723,-0.0003999024617005187,0.008181972507252944,-0.025000050291418274
2022-11-22,0.015384600336500354,0.002481442801818945,0.002642117454236592,0.004800090630490583,0.06060607593140577,0.005156723604305302,0.0022653725389414348,0.0,0.07656967594717345,-0.022218163545780323,0.008669946301069542,0.0072811691264826894,0.0,-0.01541424331869834,-0.006073171255295162,-0.01018780758826876,0.009142416570136147,-0.04255315191482678,0.0,0.005400317469269611,0.001386640762835345,-0.007812527692289017,-0.005335828122768116,0.00742276605282699,0.0077747998322643674,-0.0002048516930024391,0.008236201713757163,-0.0552147031077147,0.00567611048289085,-0.01790289047591198,0.006870315640699953,-0.0035331922153556405,0.006985600053870167,0.0,0.0,0.004950647353280768,0.0035651515838561743,-0.010362635414346344,0.01649124136322233,0.00010813938258369404,0.014191550727297164,0.0,0.0005734316104537562,0.0011351885063008993,0.0013336937664150117,0.00911557850900846,0.019230828012472445
2022-11-23,0.030303001111897654,-0.007425767311291076,0.0013174804734039647,0.004994800646901831,-0.014285700661795464,0.006101267177195391,0.006985834592398543,0.004444438676622253,-0.05405406871976148,0.01032872008647523,0.00607969045246981,-0.0005705485641908092,-0.016077155627924444,0.03131112392008295,0.032826356486782116,0.020585218426702134,0.004215247465128691,0.051851801486336724,0.0,0.004114341434343416,0.003412673474820105,0.005354336355912759,0.0035760819877719285,-0.02988116706083155,-0.002050918107557531,0.004366695039722535,0.009104579002489288,0.02597406377356548,0.0058455166796300695,-0.007812514249436187,-0.016571070074871797,0.0035457199253938754,0.0054288228769008295,0.018010675619570815,0.0,-0.0007038245503817597,0.014209568563176678,-0.005235621961910741,0.0006903855051032526,0.0012983576788772044,0.01744159414717572,-0.02564102564102566,0.0,0.0014435285133818088,0.001997647987622031,-0.004516667096665428,0.012578604092237322
2022-11-25,0.004901956201103674,-0.002493683856865214,0.0017544585784445843,0.0006486541797869894,0.0,0.0,-0.0010202838148838378,0.0,0.04511273828502538,-0.0037176280853470356,-0.005834573552984446,0.00951632224430532,0.003267970800735931,-0.001897486163352835,-0.0008256293263918524,-0.011677155008825602,0.0004933494216996515,-0.0014084326135470615,0.0,0.00045524287048648304,-0.0006004261888291618,0.0,-0.0017817164205311542,-0.0012660182742496584,-0.010177068113426668,0.0025811696388482464,-0.0032585626021459646,0.031645508879100115,0.0014030362020640563,-0.010498754099297236,0.0,-0.005300115996356269,0.0003000963955364089,0.0,-0.011034563500766148,-0.0056336826620169145,0.0,0.014999991969058435,0.0,-0.005241010843445415,-0.0033898398177105715,0.05263157894736836,-0.0005731029750918326,0.0008235413150814441,0.0001332904436328608,0.010889402307723506,0.0
2022-11-28,-0.02439022120941492,0.0,-0.008318792476549541,-0.003239309233690757,0.014492739601511984,-0.0012402373328654903,-0.003676353649981645,0.0,0.021582748127196183,0.04291054230210478,-0.0012574296144305386,-0.0022625318229827496,0.0,-0.011406923385144818,-0.006196800007441494,-0.020945292690910722,0.0014809363912926532,-0.040902658131797054,0.0,0.0006823555642769819,0.002802323143930918,-0.01817030314546153,0.0017848966001126065,-0.0198563451170799,-0.011369103467338881,-0.003645136838519636,-0.005028629682089503,-0.08588955116925157,-0.004602932857577957,0.010610147428102179,-0.018392213134221236,0.008881034069091243,-0.008097267563039967,0.006192034849398453,0.0006973375286398742,0.0021245634694633253,-0.06619977691811263,-0.014778317327824864,0.0006898358851910036,-0.0011950414664381181,0.0028181920433796304,-0.050000000000000044,-0.0017202948313613797,-0.0006172159855573067,-0.0005320664196436509,-0.007181236665396273,-0.043478293062189755
2022-11-29,-0.02499997615814209,0.004999903466304856,0.003973576748897312,-0.0008667163212205953,0.0,-0.0037261531883564514,0.0028697031962108266,0.0,-0.04647886311811611,0.0030411010271003125,-0.005666427028662158,-0.005668875383670446,0.003257325954627577,0.013461571967109176,-0.002216957257064056,-0.004937269455174476,0.0029571257521967542,-0.0014705692865858433,0.0,-0.0036378034743160814,0.003193308825260477,-0.002871711987767145,0.002227379641665861,0.022413742530564607,0.025000011688657287,0.0018904951658480496,-0.0042959144754225465,0.02013424150439369,-0.003417846910324762,0.010498754099297125,0.015370837316924124,0.0017604840498512964,-0.0015115295635073078,-0.009230777828436398,0.004878173375741035,0.014134267821626523,-0.02025493476334772,-0.00526317797209086,0.0075834765990041575,-0.007069311815594226,-0.011725870982445374,0.026315789473684292,-0.015795454249625696,0.0004114582987151394,-0.0014624527802999943,0.010849819232341185,0.0064935004616650804
2022-11-30,-0.0051282001121667475,0.017413038947410753,0.007035961679102476,0.004770094797944768,0.0,0.007756324245758339,0.0026575490730060825,0.0,-0.05465286360435784,-0.0010701062062364874,0.002532549922827032,0.019954423687030376,0.029220829486124256,0.015180251232560726,0.009443153407105775,-0.018742824336445807,0.007043550816510091,0.0,0.0,0.008671923641790924,0.0023878819079283797,-0.014400049308904928,-0.0022224294475592377,-0.005058899370366188,-0.023414869857161902,0.0017646412596785677,0.009898213508384268,0.013157882353605599,0.009078285440265121,-0.020942448306834116,0.005524817340075927,0.022847050338717256,0.023618252138533524,-0.0023290772247740454,0.0020801949513871154,0.006968709848763632,-0.004594051479293371,0.005026519715375155,0.016763775840870077,0.015992132983184693,0.007354475737888944,0.0,0.012547430633707446,0.0023043655618077974,0.005459928687250759,-0.013416876500097819,0.03225811165403902
2022-12-01,0.08247414571799006,-0.014670040850485622,0.0065502965164134785,0.011882976092463249,-0.014285700661795464,0.008333904695404737,0.005715577099802305,0.0,0.015624984866008385,-0.0024996141375244196,-0.010315834474816099,-0.0014905697590366085,-0.006309142096266318,-0.013084055340562895,0.004264708843313869,0.0022472377163393897,0.007156565279083704,-0.013254790975558595,0.0,0.009954556910184875,0.0019849243415877016,0.006493390083269546,-0.003117956912729092,0.016949043079022452,-0.0009987712700135765,0.0057593284579366966,0.003769458922767699,0.03896106469689564,0.01158729218934762,0.016042651193524105,0.0,-0.0034363779338032474,0.007099496014777218,0.010894872093262453,-0.005882072298885266,-0.011072715199163419,0.0,0.0002631829716099876,0.013202523390478893,0.008353149114645353,0.03194585738231903,-0.02564102564102566,0.0040347219125604905,0.0022172532229760566,0.00265434723507485,0.01903895292703517,0.2125000176951286
2022-12-02,-0.01904760174740394,0.0,0.014750576574921626,0.002138766316987395,0.04347821880453617,0.004098456079473012,0.000811845925675625,0.0,-0.07846157367412865,0.004116746009010797,-0.003403458009251681,0.009516696072002784,-0.015873075943202752,0.022727250149756628,-0.002739599268506976,-0.011210814488104792,0.005329717720593097,0.004477554181288035,0.0,0.0020163027606532324,0.0013866444839154557,0.0003227474917515405,0.005362055211508121,0.03291665887736994,-0.012000120938639669,-0.00047140248368426896,-0.0027535564109896216,0.0625,0.002972598668497195,0.005263327074032542,-0.01725255941712467,0.0,0.003231067831423129,-0.003849156980790691,-0.001044362432496504,0.006997823876762066,0.0,-0.002631538792660315,0.01871023084242629,-0.001129708087453829,0.012575698519110556,0.026315789473684292,0.0008610743565025114,-0.0004096168727721894,0.0013236036044188548,-0.006227618037350169,-0.015463963770208755
2022-12-05,-0.004854364437391179,-0.014888320617605921,-0.014536159836153084,-0.006403154972273284,0.01388894223872672,-0.00789107795163535,-0.003244749466068675,0.0,0.001669487356252386,0.012299380568692175,-0.011739468419588839,-0.014787458682931742,-0.02258062432137231,0.037037001061669184,-0.005769284300880195,-0.016439840754087998,-0.003373533876007362,0.040118886914663365,0.0,-0.005589149186429276,0.0003560148339514235,-0.004514729549293772,0.0,0.010488163406687345,0.0030362118902997892,-0.0018198425225642856,-0.0020086768320110027,-0.01176475076114425,-0.007508572724216678,-0.007853444353383865,0.017555435613133774,-0.015517182939700391,-0.012882465637115925,-0.005409470784670356,-0.01637633070599509,-0.010423936600224781,0.00769225366445192,-0.018469676378811695,-0.0006560139007322219,-0.013840195684308498,-0.01400695312869582,0.02564102564102555,-0.0077433041825897275,-0.001639138910043303,-0.003965787919761543,-0.022381446312664477,-0.08900521468875666
2022-12-06,-0.02439022120941492,0.0075567687629714,-0.0017354296300543526,0.001933390421584802,-0.0684931488953382,0.0032913774283720443,0.003255312138391586,0.0,-0.019999980926513672,0.0035218218582762084,-0.0021600153166675407,-0.005816143274846364,0.006600653833452208,0.08750004576785297,0.012710487423400307,0.007492657066283881,-0.007575778863082028,-0.065714292282961,0.0,0.0035970079358393914,0.0008306555639343571,-0.0022675677223368274,-0.005777849372263,0.01796410675096083,0.007467454371563154,0.0006751852294779592,-0.003773601632198531,-0.04761900436850974,0.002588273750571579,0.015831147776020682,-0.00439540409634076,0.0017510180709006118,-0.002075898166521206,0.009323938597875614,0.0007086692504945091,0.0028090021081219607,0.0,-0.03225808436366906,-0.0026255008180250394,-0.008136660345420932,0.012879674293687193,-0.025000000000000022,0.0028903000181257354,0.0008209150488200923,0.0005308014557570129,0.0009159020537952145,0.0459770359062488
2022-12-07,-0.014999985694885254,0.0,0.005649855343955901,0.007504395525008034,0.014705867915830284,0.00874763330013928,0.002839459079015949,0.0,-0.0510204396081696,0.03842779433703991,-0.009740123148425317,0.06020008682704825,-0.01311474179619243,0.02134640958071521,-0.006821026763429661,0.009153386302041211,0.006009488161142773,-0.04128441997433718,0.0,0.0069445229672333575,0.0013831659292196097,-0.0009740432550805478,0.005811426921654261,-0.008627521695713014,0.001602663665412063,0.0026316516012379054,0.0015153455964469487,-0.581250011920929,0.007943015178413448,0.0,0.0033111363292677165,-0.010489473455538634,0.010997092277844622,-0.01693596446965484,0.0017697715599485075,-0.0063022775654951735,0.0,-0.016666624281141518,0.00032915580052805815,0.0030281275362318283,0.02356303856198383,-0.05128205128205132,-0.006051779113464439,0.0018456798970933885,0.003581575816275162,-0.00274489148532997,0.005494500096186128
2022-12-08,-0.02030460938141998,0.0,0.0021607542315884576,-0.001489992107024385,0.0,-0.002845514396871196,-0.003640309934439312,0.0,-0.13440860398827292,0.03920254687996705,-0.009398947119361623,0.015841931520145014,-0.009966767935156495,-0.02411569511092404,-0.006318875901978549,-0.0022674384711118822,-0.0011302595642316282,-0.011164226108280495,0.0,-0.0015570004566258788,0.0,-0.005199915980063308,-0.008000278819822237,-0.011471509615509579,-0.001300012452316146,-0.0012115842300537416,0.0005043509328503948,-0.07462686779611127,-0.0041372295035452256,0.0,0.0,-0.037102231892226056,-0.00646783323346356,0.0015660928724678946,-0.0070672257897307356,0.0126850097416491,0.019465525336256118,0.002542377082161984,0.0,0.008782310391896697,-0.0027407195232475035,0.0,-0.011597519906792919,-0.0004093652927410485,-0.0018501928865618522,0.005504592129510488,-0.01639349174618998
2022-12-09,-0.00518134234975598,0.0,0.0030184764341931736,-0.004688421800068232,0.0,-0.005842887408876618,-0.004059142901968071,0.0,-0.002070342070938369,-0.01674808057032151,-0.001323833045788092,-0.02470640516507583,-0.013422805905036084,-0.019769416639636717,0.008985380798848475,-0.021591080864591272,0.004687337894936805,0.048387050256521125,0.0,-0.00757589052199259,-0.0003749679976327025,-0.00784043491411246,-0.009856328245749557,-0.012404990240993063,0.0013017046846153235,0.0047839776958920055,0.0015120563709571933,0.0,-0.004352083261303319,-0.012987150932699754,0.0011000302862416156,0.009174239079685842,-0.00784153337303728,0.0007817431380916506,0.0014236788262660394,-0.0006962051352171761,-0.022463581465899662,0.04451952498261136,-0.0009868645074850857,-0.003700017270352851,-0.026014442984946373,0.0,-0.0029336011171924303,0.0,-0.0007945227833170421,-0.01642347226433627,-0.08333332229543589
2022-12-12,0.036458361467036626,0.0,0.0004300353976331994,-0.00042857880767410705,0.0,0.0,-0.00020411523837815526,0.0,0.0933609529540802,0.010418434707444302,-0.006849343917770145,0.022457643183657172,-0.003401357234227742,-0.033613414399392694,0.010138369137820957,-0.006387976242273052,0.003861080491299962,-0.03846150319251662,0.0,-0.0004492034259430122,-0.0015988060385591085,-0.001646437602030315,0.0,-0.027957748328771737,0.0,-0.0048282796616953005,0.0017615579929206593,-0.08064516377126518,-0.00039731850079860465,0.010526372799564587,0.0,0.02363642494646867,0.004771958950816835,-0.003906293110488623,0.01279308957832681,-0.00557098481464724,0.03293774757656753,0.10277856500287408,0.0016460975197307715,0.004751435455014219,0.0031976505148971768,0.08108108108108114,-0.006472539277469824,-0.00020490234754499959,-0.0005302540394780397,0.033395311661118976,0.054545475563070545
2022-12-13,-0.020100483246901613,0.0,-0.012892382271428637,0.0060195027659921685,-0.057971027512881634,0.00683399072420543,0.00020415690991448798,0.0,0.02277037684884098,-0.023568052400490758,-0.0100112581247086,-0.011245893146146213,-0.010238897851962525,-0.006956515104874272,0.008138011198046247,-0.012273357556158215,0.0033652093882594603,-0.03680000305175779,0.0,0.007637055666147585,0.0030449863417036926,-0.019459142245713656,-0.006335051688595605,-0.03459790568663834,-0.025000089613038456,0.009097375390634266,0.004772231746859923,0.03508777066574664,0.008547079276677305,0.002604250228250393,-0.0032967004463904104,-0.0035524575502076106,0.003264991582787591,0.019607902104128216,-0.016140344927188854,0.011904909399521824,-0.035965800095345335,-0.07045012213469637,0.007232412441474434,-0.0005435824759119079,0.009655671750876005,-0.07499999999999996,0.0008882327975201498,0.0028677711251905436,0.003845304864064092,0.0179532390071786,0.011494241848790887
2022-12-14,-0.01538466146946782,0.0024999178616804674,-0.003917931736911573,0.0018954481823696412,0.0,0.0024442236294828223,-0.00020411523837815526,0.0,0.0055659017720737225,-0.06228891452184171,0.0,0.012973352218865086,0.0,-0.0017513535577980965,0.018162250760580978,-0.00118336129301988,-0.0028749439025759216,0.04152819972981869,0.0,0.0040126346387912015,0.00031503302034296965,-0.0013453462601943356,-0.016393251151033406,0.005613252908748478,-0.06881722526997602,0.015024919511246626,-0.0002494524680609622,-0.06779662523760033,0.0017732721131229479,0.0,-0.015435389689812395,-0.005347683744806764,-0.005029380676158768,-0.015384629714060627,0.0003565183215874512,0.006228276260427101,0.0,0.03684214541786601,-0.0013054666467543496,-0.002773540182935852,0.004271169265218644,-0.08108108108108103,-0.008875443301281205,-0.00040844554443364434,0.0002636871523513662,-0.0017635736355198217,-0.017045438382004785
2022-12-15,0.0,-0.002493683856865214,-0.00349664770974889,-0.0001277175792118168,-0.015384600712702867,0.0005415557325270104,-0.006114778164442947,0.0,-0.07749078789333341,0.001260160073218497,0.004494494823568562,-0.0014036379423083556,-0.0034482724601393455,-0.017543843505051004,0.00930826062214285,-0.03376791382749633,-0.0006406707195223404,0.0,0.0,0.0015539855647928036,0.0001968958849092317,-0.006399598296016218,-0.007918310028594111,0.01760426223881084,0.0011548286643665584,-0.020723637099663406,-0.004501236094946348,-0.18181818181818177,0.0005330791026081361,0.0,0.017917095654899517,0.0017922558637188946,-0.012935115249341544,0.0,-0.008556141215784296,-0.0034388235621685137,0.017692175261237786,-0.04060919357496562,0.003267794717347172,-0.016961230672093985,0.0039020740764810213,-0.02941176470588236,-0.015223858581877026,0.0010216666723907863,0.0006603982996211677,-0.015901073904666663,-0.040462457618686276
2022-12-16,-0.02083331393077925,0.02499999153213195,-0.0057015057228790855,-0.0021321523909139106,0.0,-0.002571915563492122,-0.00123063748388752,0.10619468226183715,-0.026000022888183594,0.004494800980014757,-0.012080495721145335,0.0024596512536330106,0.013840816747774376,0.03035715699804098,0.005665216198382339,0.025751115287315995,-0.0008012801568170191,0.06539076597580418,0.0,-0.0017733381731008802,-0.0031520377700104962,0.03966107088003645,-0.023943549216270954,-0.009704781422311792,-0.01268743354856694,0.0026867529857788064,-0.002763477880064147,-0.13333331214057076,-0.0023661968468048356,-0.028571440472625054,0.0,0.005366705919511938,-0.0034643290985394426,0.014843803457005977,0.00287675753982386,0.00759146026797497,0.0007557162628502034,-0.06349200422280943,0.003257288643530476,0.0004993768771028861,-0.011170713265132193,-0.030303030303030276,-0.005759437843286919,-0.0005132012071965564,0.00026412031526179547,-0.01615800351267349,-0.030120453808230585
2022-12-19,0.01595743163077734,-0.02926845484688212,-0.003088005726010312,-0.0046995876443060025,-0.04687502910383001,-0.00597085202412917,-0.003901337847223796,0.0,-0.010266881945103945,-0.0066224198152493585,-0.007981877975326568,-0.004030871824392768,-0.05802050253264812,-0.03812821333082983,0.014542213014768324,-0.009563792458954334,-0.0009625367144586727,0.002994062734782421,0.0,-0.007328498174373976,0.0,-0.003912617943405028,-0.01827806411173416,0.03749470752858586,0.0035046981554618384,0.0018765887675333826,-0.004282197329586013,0.02564100056083385,-0.006916950014988377,-0.024064083988564966,-0.007150787005573589,0.007117227505426094,-0.006952682504879237,0.0007697847896117604,-0.008963806796198681,0.00958912185005767,-0.018126621484096384,-0.08474575905898962,0.004545535606501172,0.005545052877354406,-0.016805209154981293,-0.09375,-0.0027438873903936623,-0.000410663372205744,-0.00263870180921999,-0.004562197658556477,-0.024844696582373316
2022-12-20,-0.005235597192677299,0.0,0.010619517142302026,-0.005151523335866992,-0.03278685449048113,-0.006552982394727347,-0.007421173484398191,0.0,-0.012448120465286205,0.030270113634506046,0.0022988049052523607,-0.011437600728551711,-0.02173910977784832,-0.02882888626136826,0.015624897559189055,-0.005431438196350169,0.0035323906304265407,-0.03134332407978657,0.015732019153477106,-0.008277403353715629,-0.003952255896247592,0.02389528133711405,-0.01469840211522333,0.0012319587774285434,-0.0034924581438470215,0.005790126089309844,-0.0025295793996571447,0.07500004768371582,-0.007562209694904509,0.027397183033821104,-0.006094038820439018,0.005300552894119903,0.002283105595656698,0.0,0.011939260759399994,0.016282159326345802,0.017307591162520453,-0.055555588260434496,0.04169359449244614,-0.0006066498297339074,-0.01775716142661421,0.06896551724137923,0.0006115378614375278,-0.0006163385010575784,-0.0018515485169807722,-0.015582001090661879,0.012738840928875783
2022-12-21,-0.005263152941442195,0.0100503313141167,0.020578009579983902,0.0030205621878358624,-0.016949136104436047,0.0023362708200473925,0.0,0.0,0.098739446973106,0.014690558555670918,0.02385339891137428,0.012993907315680397,-0.0037037001061669406,0.014842286769520152,-0.010552961806552075,-0.0006068250181084922,-0.002719943837461658,-0.07550071805689218,0.0,0.004172999916074671,-0.0009923188901006519,-0.0051149978222260195,0.00348069914086091,-0.013125428924795068,-0.0004674146516736588,0.00047789780877960375,0.0060866922970728154,0.04651158148692014,0.004411678232997485,0.0,-0.013378092232460781,0.005272170577344193,0.015793323765452616,-0.005384581591007187,-0.004290233645453556,0.0006675077672115837,-0.0018904464297111456,-0.1568627805415287,-0.00620538716566188,0.007007665810984998,0.0025133795319656205,0.032258064516129004,0.0009163919251367059,0.0012334372169604535,0.0025177440306782817,0.010242045152703438,0.012578604092237322
2022-12-22,-0.010582000570312333,0.004975163614391764,-0.0004289233114700419,0.0002153348618210149,-0.017241444513996895,-0.00013729200870993274,-0.00228452978514615,0.0,0.19502867633014098,-0.018097123976299034,0.004032177402531145,-0.001581487530891823,0.033457216451626026,0.005484499261251052,-0.0012850457213540167,-0.004250093917713138,-0.0012834687404686962,-0.058333374725446085,0.0,0.0007865966357476495,0.0007943424477727667,0.006748053549247679,-0.0014867166829762857,-0.02141950505637935,-0.028751668598415603,-0.006825588874739386,-0.0005041070170224149,-0.04444440205891931,-0.00019980703165323188,-0.0319999549542358,0.0,0.005244952885237408,-0.0023919508221071917,-0.0015469478741074738,-0.011130966933165953,-0.013342152517924921,0.0056819200935849246,-0.022248039607795866,0.002185259078055779,-0.007725823856791658,-0.0001927126260579115,0.03125,-0.0024419034440439358,-0.0006159588618959155,-0.0002642352355596289,-0.009216700476497697,-0.03105594477100304
2022-12-23,0.01604276540816718,-0.012376167065109245,-0.0004292970682595598,-0.003226106036628873,0.017543927160695638,-0.003133617535422406,-0.002195388119483166,0.0,0.0880000305175781,0.018079573860795728,0.0020080839357232705,0.00809587082117047,-0.010791356726084111,0.009090943769975102,0.0,-0.014024338573414008,-0.0026599942296421375,-0.026548647359614486,0.0,-0.005181382069788687,-0.002964005070259512,0.021385107908174827,0.01588105897510106,0.013304727056291155,0.0,0.0017180866130148686,0.006973586811999333,0.0,-0.0009981984409518363,0.03305780316644813,0.01694925938897507,-0.003478427096831993,0.005544783895158556,-0.0007743987584608591,-0.0065361236130691,0.016227185808451283,-0.0018834060561554455,-0.04067228557998004,0.0015578436747867297,0.006460761673639404,-0.01466036451068442,0.0,0.013463861180613046,0.0002052352985193462,-0.0001458819371041864,0.0241863802026816,0.025641078544558438
2022-12-27,-0.005263152941442195,-0.010025208524323759,0.0025761295238602155,-0.0069038651210159285,-0.017241444513996895,-0.00772092741168906,-0.0037723379179686045,0.0,-0.027941184101632488,0.021551652093565243,0.01625477351221649,0.004713667092007823,-0.047272768887606564,-0.009009043066040445,0.011322975004420588,-0.0012369835056708078,-0.0019396223078740338,0.018181800448205276,0.0,-0.00634060558968863,0.0,0.013437761645107127,-0.01758662488747531,0.016941824574922437,-0.01022871429858141,0.004459846843960724,-0.016116861091407753,0.0,-0.009594285685633475,-0.008000042194766466,-0.012777745723724365,-0.005235475563429182,0.005812197784846207,-0.0038759332174328476,-0.008041013309286416,0.004657425582424102,0.0,-0.033057897487107635,-0.0006220762351238918,0.004444179469794918,-0.019773030016963622,0.030303030303030276,0.0042270724347293065,-0.0012323337115236477,-0.0034458475841375735,0.002724648858815959,-0.08749998975545181
2022-12-28,-0.021164001140624777,-0.00253156272805366,0.0,-0.0017380346930023771,0.0,-0.0013890829924783077,-0.0004207358152212848,0.0,-0.045385807061301686,-0.012151757722516865,-0.004163202065290084,-0.008862002068034114,-0.015267161679471508,0.0036363601684570312,-0.027990009089215118,-0.009287837303426416,0.001295738778138933,0.008928562875609058,0.0,-0.0018231191987563289,-0.0015960840055864178,0.053345394158537784,0.0,-0.028738011487382975,-0.006686798301872243,-0.0016392716816944208,-0.011006034870738701,0.02325579074346007,-0.0018163770187324957,-0.013440716129276109,-0.01406878204047235,-0.001754307190197535,-0.009779193140087239,0.011673043589696563,-0.00294755095140542,-0.003973631528692345,0.00037740801941565927,-0.004273520645296847,0.003734846479945153,-0.007210360067085531,-0.005891693936939224,-0.02941176470588236,0.0015035314164035807,0.0006168818832674727,-0.0005321030397350546,-0.01086947687229145,0.013698616715036138
2022-12-29,0.02702700090373522,0.010152157537221207,0.011134890952935406,0.0032646285612945025,0.0,0.003756376712535925,0.0018944661589870293,0.0,0.19651351175909904,-0.0013669380771105244,0.0022002669366274485,-0.005785249467389009,0.04651167733574435,0.00905800559920844,0.003926677392511513,0.015625006283137344,0.0,0.18584074250719507,0.0,0.007648595601159158,0.0013989215949672396,0.016979120755540977,0.006464170392152191,-0.009005236231673264,0.027539704684539146,0.0040363174455364526,0.008281403005007126,0.022727250560256484,0.0052569569900362545,0.024522996253623308,-0.028538767905737172,-0.02605555047925412,0.00790129446555432,-0.013846166742654487,0.0033258446797517216,-0.009308381446012648,0.0,-0.05579396049905405,0.0,0.001265436527401853,0.011351057019081345,0.06060606060606055,0.011107543178245916,0.0008222733276321836,0.0018631252007652588,0.019230636262326017,-0.01351350045186761
2022-12-30,0.015789458824326585,-0.010050127063998548,0.0,-0.002820435143035982,0.03508777066574664,-0.004158835966836749,-0.0037806957037630484,0.0,0.0013244704360337867,-0.003079537082806283,0.007025378380991043,0.0007052207298208213,-0.0037037001061669406,-0.010771982213717668,0.0002608518287563477,-0.005538527080817923,0.0009705104866428726,0.0895522401337634,0.0,-0.004871611570170797,0.0,0.03914786566602757,-0.01185754753906354,0.008654371811374961,-0.012507447175190922,0.0021806832557571543,-0.0005133513367315823,-0.0222222010294596,-0.0042238663060542025,-0.010638283504017632,-0.04112794238501283,-0.016605545586241388,-0.0047783745316180015,0.0,0.01252286979054551,0.005390804703676144,-0.0033948300350223892,0.0,0.009612381407555493,-0.007253455463531622,-0.011124197714177053,0.11428571428571432,0.013361096998596222,-0.0010267487656160368,-0.00132826415422993,0.0,0.061643775217663066
