Date,ACGL,ACWI,ACWX,AGNG,ASRV,BGRN,BND,BNDX,CDC,CME,COMT,DGRW,EMCB,EMXC,EXC,FANG,FGM,FID,FIXD,FJP,FKU,FMB,FRSX,FTGC,FTXH,GLDI,HNDL,HNNA,HYLS,IGIB,INDY,IVAL,KDP,KHC,KMB,KRMA,LOAN,LVHD,MDLZ,NFTY,NZAC,OCSL,PDBC,PEP,PPH,PUI,QAT,RFDI,ROP,SFBC,TLT,TRMD,USOI,USTB,VCSH,VRSN,VSMV,VTHR,WHF,WVVI,YLDE
2023-01-03,-0.005097155358281813,0.00023567151487835503,0.0065933387901964124,0.004085104532127515,-0.0025381253525126324,0.003480886731850763,0.005290141150894767,0.008854862586846757,0.005961038227596305,0.00469784287281394,-0.02554104589523143,-0.002485310401125096,-0.0006461157660667682,-0.0010534424596907455,-0.0016190835720506502,-0.03947944367992107,0.016704572980452692,0.008485677932727587,0.005692021544764003,-0.006123345438374672,0.012950080882001114,0.0019956916007348724,0.0896225692632191,-0.01959996851342838,0.0009114165042793942,0.004283710019566955,0.00817131694804396,-0.013095344688362154,0.009501818317900756,0.005049500426877573,0.004490678106821466,-0.006846171060530537,-0.0030845268190909936,0.0017195309357249666,0.010018309939398007,-0.005056038495825921,0.022514329884148365,0.005783304501349118,-0.00600147722428146,0.00366394196860087,0.004581931594502819,0.016011729481075543,-0.02503379113128179,-0.006919085179031947,0.007846604535933555,-0.004972399106884295,0.015480331178822082,0.0003759503289284538,0.0054849691530241,0.0,0.019083840302059674,-0.0627355940174601,-0.021261370525441303,0.0010278040621680695,0.0010636390472451573,-0.017133919625643257,-0.0016506191551710625,-0.004424828133655412,-0.009961690500261966,0.0,-0.0017415226885423296
2023-01-04,0.004963213451897985,0.01272072675694802,0.01965072311370397,0.008783253183820783,0.00508902975132508,0.004985878231489327,0.005676952516870948,0.004179655023551554,0.014413766316367704,0.006688278816120663,-0.02256999673458948,0.00548084073384536,0.006305448152075233,0.014550981200166957,0.013206575410716015,-0.0057849343508374895,0.023113335861435935,0.015534158352215721,0.004980833283926067,-0.00947868663937812,0.011849091938096024,0.0059745643475337396,0.08225111969743493,-0.016659509187919808,0.011873424892647533,0.0038116173788234065,0.007598445166890233,0.014475460698170517,0.0020354745761002047,0.005827964232553606,-0.0014118831784553088,-0.00758264200353731,0.008157412352018278,0.011280020855736872,-0.002187989319839767,0.011252370912826715,-0.005504454840860484,0.006272942912680435,0.007245304377678563,-0.0018253728984388706,0.009426038206833853,0.01002856885981207,-0.020124899149911446,-0.0024523276924287574,0.005743425995685891,0.008230311265170043,0.009715368408161673,0.003949046396597655,0.01905810208127745,0.0033105555443402324,0.013699799695202186,-0.06327731664766068,-0.04086880622278821,0.0008214170795131093,0.0017273841594522832,0.018026880356526442,0.0027037031786312227,0.006549893136881257,0.02244589881562775,0.018425483648278895,0.008903345922655514
2023-01-05,0.002708281072997254,-0.010234749222716055,-0.008565398192405538,-0.00531452287234524,0.007594893985537032,-0.00021584635358606885,-0.0011015872383599579,-0.0012485446703750513,-0.005210017613515028,-0.0019401369864937568,-0.002607087144294473,-0.0122232236361276,-0.0012855372833008305,-0.004364912525589348,-0.021724351297911504,0.02618294702178603,0.006532459198679508,-0.011472404614204068,-0.0004505677466162261,-0.021531056570586293,-0.004314212896730507,-0.00019760604642882207,0.04000000726608999,-0.004658976989226793,0.0005038123506513337,-0.00022244890188405364,-0.010557661072008617,0.003567003983295791,-0.0005078642272169365,-0.001798404327715608,-0.006597380243373641,-0.0041677579433455625,-0.00982033568091445,0.002182290013528654,-0.009282990345964914,-0.008614535500740983,-0.012915411949835032,-0.008311491452431596,-0.008092274587064963,-0.0038857189455696606,-0.013479853413035592,0.0,-0.004249253236221606,-0.010448861838224799,-0.007487148575886171,-0.02040781548920656,0.018553044886869374,-0.00955231396819356,-0.015404035850938524,0.0,0.004180847751375616,0.024990210841174143,0.005630262429103361,0.0,-0.001989376721521663,-0.02685341132422958,-0.003010816337794542,-0.009703069919507756,-0.022710309039391197,-0.011513107845822268,-0.011877019824664381
2023-01-06,0.015252656907129847,0.02314922468359626,0.023542178032873506,0.019931823426903916,-0.005025029490312916,0.008414469407977743,0.011026971311171918,0.006459543136661194,0.021266450395846404,0.0314581022238285,0.004854366644592822,0.02408027095788068,0.005308860871612975,0.026722188623784282,0.02080413866713049,0.03058781289707313,0.018388311741701635,0.019342439960658986,0.010367143231680087,0.026650212122175,0.02661695056689828,0.0031682301850590733,0.0,0.006170045213844899,0.018168226183681524,0.0038452800940773635,0.02489835808407337,-0.005924013458530331,0.013970200232742869,0.013410914306620114,0.014943052383502575,0.033248167312324606,0.02748638329248876,0.030486282164423617,0.021469410298961433,0.014482294000808693,0.020560783997284116,0.020167782616713703,0.027647636982515156,0.015603416463257469,0.028625812755294522,0.002836865026408786,0.006401079662804898,0.022586278470782428,0.018156183451977892,0.02113099897749926,0.016179409527046218,0.02344938194935997,0.019375767721081294,0.01522819049618973,0.018396804040487602,-0.000761977839346617,0.003944707768371636,0.002052263442497093,0.006245866089691576,0.02634468808905588,0.020429974579528443,0.0222366648868364,0.02246328907462547,-0.014975066416034966,0.024141793095499686
2023-01-09,-0.01924888986742823,0.0021819252423807,0.0048533641058916555,-0.010254142650148013,-0.020201973892688407,0.003423174533552009,0.0027264740270509513,-0.002484252470931536,-0.0046620043534280065,0.004054904607162957,0.010405018943901334,-0.0034291752904273,0.0038405421881531066,0.008336792191629527,0.010991849660619168,0.024250692254364825,0.011417797846283495,0.0012648529377050632,0.003346140313514656,0.002381647922649943,-0.007235322609230432,0.001579153579985837,0.009615342628455759,0.005709427934863509,-0.025476175184142247,0.001680206159720532,0.003470540278103229,0.0,0.007264413683782722,0.0021727272921423513,-0.0016360334689292655,0.010350956465888572,-0.006343051906924413,-0.009157117320371833,-0.0103282255451137,0.0032119955454259497,0.0036632113473618055,-0.0038513516449613094,-0.011467249140823754,0.0006779756713530816,-0.0011132361023749038,0.0042431632227708516,0.014134318931402712,-0.009773771415648946,-0.014818722843233378,0.0075777320301855244,0.008731397855905598,0.004988694302395569,-0.0005860414625732391,0.012249940517420566,0.005324008844919792,-0.004574989306094457,0.015335711450463752,0.0014335611297848772,0.001188514048880096,0.01431985630514121,-0.010808344595457098,0.0002868019644708397,0.0007577419397934992,0.011824272621976162,-0.001658473464580923
2023-01-10,0.006382707554658751,0.005615463891611938,0.004619963565706486,0.007507560614345321,0.002577304828032867,-0.004051032182302738,-0.003942471068360431,-0.0014531020966237485,0.005073994225165412,0.009670046230743745,-0.002206680778656378,0.005243396711518855,-0.0009563024392564845,0.0062512131038408025,-0.010419207437870504,0.0032510070107460987,-0.0015750477115898942,-0.0006316619196941042,-0.003112411164850948,0.00166324220776648,0.008806709002453283,0.0017740366477423386,0.028571478000614103,-0.0012614913309981768,0.008339456943448065,0.0003356399907443741,-0.003458537285151775,-0.0023838785525174266,-0.0014922928784186773,-0.0019708546055524634,-0.0007021264645420411,0.003563698783491276,-0.009436363267002701,0.0030806166775694255,-0.00846618860287185,0.008537851375364447,-0.00912438235153934,0.00025780762316629513,0.0010408266555943513,0.0024834872582661927,0.008172504778873213,-0.004225234861598426,0.0006967612723771666,-0.008252914002005673,0.0017845501527606888,-0.00028919607834620997,0.0,-0.0002021751851511988,0.0001126749057598353,0.0,-0.016549933940817385,0.04212947645573428,0.0024964110865055567,0.00020418004218347718,-0.0005277513764615493,-0.0012004584536200458,0.002107402822192128,0.0078035932571152156,0.0007568452236446088,0.013355660033402383,0.003247098564523654
2023-01-11,-0.003488256639413545,0.01048441340294648,0.006688911275343212,-0.002384564003753309,0.0,0.005137829948567596,0.005323160285205963,0.007690684844879447,0.007223255372962756,-0.010478828338608137,0.017324023608382477,0.010106001263176845,0.0007975038272365342,0.002204374003397458,0.010299908467610308,0.0020430799213502215,0.013936357975463887,0.0025285197828954775,0.0071363489961258075,-0.0021348892005431663,-0.0033114889654597413,0.00393451384181942,0.046296262034041025,0.008000117050668054,-0.0010068980579061027,-0.0003423914407306716,0.016360901630626312,0.0692953214811558,0.0057282779583334165,0.006121620335866718,0.0007026197924928645,0.0053259524620474785,0.0022414043399412442,0.005433542779142542,0.0033123065795186424,0.014814857234088485,-0.0036833390678465694,0.005797432008226799,0.0038631428210547103,-0.004504494538828063,0.0077376515530267476,0.0084865199675348,0.018105927850690984,0.0011246699425728757,0.001781576848199684,0.009837860058137915,-0.014765552507778779,0.005535223133455336,0.019505668147056898,-0.02025195077386921,0.016251753588174545,-0.033811012169182586,0.02465447033953816,0.000920421201288546,0.001979887592171714,0.01764416543969194,0.005166039167809222,0.012127258164958521,0.027987904367954286,-0.008237263479545898,0.009735464245574699
2023-01-12,0.0035004671672507204,0.0069921968008404,0.011627923823292807,0.0036600731388065633,0.010282717614378267,0.0070284965881708406,0.007739047127453436,0.003300360150167103,-0.0018505389133761652,0.006092021262177338,0.008695601151478272,0.0014523157198997882,0.007174939869111885,0.011797674649065337,-0.017218009305051796,0.021724075004559085,0.01115151319420793,0.014501907728716068,0.009079198720173487,0.022343820158883698,0.03654482802517234,0.0027433164654495634,0.03539823720151358,0.012113461250350621,0.004211430271527705,0.0034957447777757,0.009756044888144855,0.04357537754469876,0.002229130495210896,0.008831994398647458,0.003979465519371894,0.016777043227427013,-0.005591324078606408,-0.0030544544691445408,-0.0005134059516345157,0.0,0.0443625804416834,-0.002433885742543773,-0.011987783553736198,0.008371124350239567,0.010968882665702395,0.002805035003610401,0.010259966948339194,-0.012749381478298072,0.003048450982302109,-0.0022923903804740187,-0.02015522225410582,0.013899218463294005,-0.001946385933449979,0.0,0.01968181354015175,0.03727653604314196,0.00874964438084036,0.0015941393031393414,0.0035561491830526926,0.005999916375951875,0.0029699413543515796,0.006131431265114173,0.004414932955034034,0.006644511956771071,0.004199247688023489
2023-01-13,0.010940166612738667,0.004479742452772939,0.006568093731368796,0.010642193816615686,0.012722574378312812,-0.0025377647989734964,-0.003368115883884526,-0.0024672370233704832,0.004635483787323702,-0.006168311517548486,0.010775874931225227,0.0024169729737948398,-0.00459081504155312,0.0013833991149116986,0.0,-0.0006194397427016218,0.006668282302370043,0.0024858865870118763,-0.004388719923229978,0.01278777763092176,0.003496595420248605,0.000390771517503552,-0.008546971391167446,0.009905100344298035,0.0025807530227894837,0.006752662393808784,-0.0014576291007977193,0.0010706103409532375,0.0017298613193847956,-0.0038910126031919123,0.0020984779053387914,0.008684364321925875,0.0033737963856541597,-0.00023583851816155743,0.004330594765374229,0.005213725629371391,0.02477877261567163,-0.0008216055417571422,0.004493722229539143,0.00897453777617363,0.0007233199128335865,-0.00699306765621055,0.010155628457783283,-0.0030719753482915113,0.006711361323329612,-0.006605153327546631,0.005801718294978109,0.007214866942528264,-0.0005540234362704233,0.0,-0.009372502807172056,-0.003300413240311051,0.01313096357146848,-0.0012240884752420245,-0.0015750220506444146,0.00455533889969284,0.0018025850546858901,0.004137358935258018,0.00439573537610527,-0.006600653833452097,0.004355292016337664
2023-01-17,0.0037641556943284193,-0.0006690090431382689,0.00020387960457401988,-0.003460938299626015,0.0025127530369608575,-0.00021191257222386017,-0.0013518679874207074,0.00391652245210139,-0.006459772617785631,0.002106987426773177,0.0035536644665692396,-0.004500834557996658,0.010973049876102037,-0.0003947336038007121,-0.005071388225523554,0.0033736560164345786,0.006369464151007254,0.001239894866952529,-0.00044121749270154,-0.002525340016245381,0.0,0.0013673302562724476,0.00862065185595351,0.005312629883657216,-0.005434208114640349,-0.0019261425618821715,-0.0029200834088199956,0.023529229491636716,-0.0017268740667332194,-0.000976531811790915,0.001628533129510723,0.011192419177150414,0.0011207021699706221,-0.0021215854217205843,0.00021940903709172233,-0.00138314270312756,-0.04490493955901542,-0.00380374353789914,-0.0005965640015294094,-0.0066711431034113255,0.0032526598977025145,-0.0014082831509879545,0.006702468389248928,0.004679122664500435,-0.0020128538858965594,-0.0040472251764653855,-0.03775569047616345,0.007521551272534843,-0.013126995746419068,0.0,-0.006463791002889296,0.015084547195407083,0.008323167605635673,0.0004082900666511069,0.0006575466537532826,0.0026645690318090054,-0.005501055811156674,-0.003507860365675297,-0.002917699545306962,0.009966767935156495,-0.0068740121314749825
2023-01-18,-0.007500017237672352,-0.010933780717665265,-0.004689111835124771,-0.00834994673620515,-0.007518889415061625,0.007423232356241094,0.009205283876919657,0.005747766361017481,-0.02074315410376637,-0.0011934272295917037,-0.008144478056836157,-0.01663167459100079,0.00031490578578075024,-0.006120308864766888,-0.02154782534769628,-0.011184897998768095,0.001265789226133629,-0.0018574380896076992,0.009261339571934313,0.0013807788939874666,0.003193873866508712,0.0038043584306921563,0.0,-0.006097459974645947,-0.012185943579133052,-0.002727988113891633,-0.0019516998561905918,0.011494529168182943,0.0014825917677698808,0.010166027241766962,0.0009291410247731502,0.003405738041763584,-0.022390102918516286,-0.06307599864880875,-0.02937338086298691,-0.015235439615515878,0.03254960063318779,-0.021413889864124847,-0.03655609869062726,-0.0015670130514638947,-0.012968312180125063,-0.00705198930037676,-0.011318231755079289,-0.02521859464441445,-0.01071317956255291,-0.023802802164966552,-0.016348758603215496,-0.0037328517520902604,-0.016289835101087946,0.0,0.024231688684455577,-0.021746792348128596,-0.008254464315641918,0.002654508071659789,0.004072295597153053,-0.010070767790192336,-0.01780974955346637,-0.014527564762089051,-0.009509881500232686,-0.009868411765204144,-0.017787444360232163
2023-01-19,-0.0020465739732757893,-0.003947960695658059,0.0014339248665742321,0.0020118486839761918,0.0075758514039931946,-0.0016846971703449176,-0.002012195952232898,-0.0010205335376773927,-0.005848703691983315,-0.008590264470484832,0.008211355259564623,-0.010509177572086581,-0.0009435092983895998,0.004171471840179963,-0.0044992394847591655,0.016169256881407357,-0.009355264617377346,0.0,-0.0010925043196217121,-0.0004594001725255481,-0.0017366901192888973,0.0008747335064342998,-0.030769252266538816,0.0024538453150260153,0.004730711151766487,0.006507928408088448,-0.0029342477775906595,0.0020658927111376624,-0.004934428917337308,-0.0015479039094199454,0.003017105663380981,-0.007636788545259177,-0.016318508428397105,0.00958154110844811,-0.005118854515012483,-0.008790439850745901,0.0017512009195446154,-0.00685507095532234,-0.011305613769714618,0.0033632433167696263,-0.00693430923113203,-0.008522876345413044,0.010774359438824765,-0.011595186526609402,0.002547954964749355,-0.008920435082884648,0.03767325807990085,-0.0024975619419133066,-0.012859562297025118,0.0133603776876976,-0.00625998158602048,0.008521666217541357,0.008486626888648319,-0.00040695339644913897,-0.0005232471805176608,-0.0032027823755047535,-0.0033423955894821278,-0.008107769776911078,0.000738609454264072,-0.01328902391354203,-0.007021698805597998
2023-01-20,-0.014671129232179392,0.015515252442050098,0.010227019156488604,0.004015836160441877,0.002506251196537246,-0.004217361166268363,-0.004435461084997261,-0.00469918047919593,0.012561737596640254,0.004533134358757351,0.009206794805521445,0.013773679660436189,0.0001574818608383044,0.010880304988963418,0.007136041485129585,0.007648681404609947,0.013527302793095108,0.007444050823953718,-0.004374607098546868,0.011956449128555535,0.00724890082148022,-0.0015537226959144723,0.022927750618042086,0.0020399781022828467,0.0014487107735692284,0.0002680122036737842,0.0019624195113483456,0.006185557895840965,-0.0014877380812581276,-0.0036831867508898553,0.004396037401759756,0.013681012011997229,0.010186228632486971,-0.003995998248929711,0.02247268607164088,0.018800979353123415,0.008741437810447339,0.009291472172311632,0.0031327557558258334,-0.002905052223507232,0.016648254165513077,0.005730694784425561,0.0053297550230728685,0.0014736391109659852,0.0001271304490877423,0.007200689982142849,0.012813608050827208,0.008048550844576452,0.021773424692253407,0.0,-0.01621119484050415,0.014695082991647013,0.005753798630888651,-0.0004076565258634979,-0.0009163293825162899,0.015450750963121873,0.010034091618438712,0.01966365885253052,-0.008856037050156806,0.008417460171052937,0.010403420472526737
2023-01-23,0.010726899621376296,0.008809885786806637,0.005264302506094776,0.0025182904234668513,0.0,-0.0011646273074784608,-0.002429986145527141,-0.002463864901291246,0.010050103031331137,-0.00399847777300999,0.0010526992381822975,0.009821794486690738,0.0017311864396798438,0.00645798204843695,-0.012281336069416171,0.012199349760377842,0.0010072966643950299,0.008005163160397677,-0.002196628439185111,-0.0029536048658322933,0.000863165808269617,-9.693186139658749e-05,-0.0189655123814797,0.002443276420963425,0.0025316668312549417,0.002346994476737807,0.0034258749302964464,0.004098631711497491,0.001738337791784339,-0.0013615725207553053,-0.0023036331393475606,0.004217648641377414,-0.0005759944196542799,0.009528571998227653,-0.006660210496119423,0.010445741688591692,-0.0017332003219100445,0.003156269858846983,0.004996998716953138,0.00336164778596193,0.009290380673638188,0.003323635309520956,0.005301636983400249,-0.00447371518781281,-0.001651561662700085,0.0002979920991286189,0.017395751058761677,0.005322859259661028,0.003260953916631504,0.01865663088106273,-0.004708105282931974,-0.055756627697879035,0.002145579517652152,0.00020377697121287675,-0.0013103383551053005,0.002791830274252005,0.008444561240558812,0.012557439876917043,0.0067014018905360295,0.04006682088913016,0.007275470068956125
2023-01-24,0.014414710505718409,-0.0013265407159828158,-0.000604289496497934,-0.007499140626632705,0.0,0.0026499417188867724,0.0044658455775443695,0.004321734934290999,-0.0045085609615597155,-0.007054274301244834,-0.006309184775333043,-0.00032442490419093417,0.0006285298378461146,-0.0005832722570195958,-0.007412822134709951,-0.014127948896887399,-0.0012577266527179498,0.00061069209666198,0.005080683922065843,0.0027344957663180125,-0.006614780692950517,0.00042855229020455354,-0.008787387460009177,-0.004468184474924031,-0.0046896804930840474,0.0010698341051385007,0.006341498010594471,0.010203925971396854,-0.0017696161030492652,0.004675395892372203,-0.008773893949176825,-0.0016797595934499032,0.00835969593864161,-0.010928726063154426,0.0029801457316664948,-0.0037905690066152298,-0.0069445231722038425,0.001573058638842273,0.007457815513476129,-0.009381165684720805,0.001790812689885346,-0.03833409243752217,-0.005932844800348391,0.009283195385208609,-0.007764022107166202,0.006551334744702375,-0.0010361528459780223,-0.004412330860524727,0.0071099976913682195,0.0,0.014380438080213498,-0.04907988001783359,-0.004757669591730629,0.0,0.0011806057123728841,0.0,-0.0008040669152906688,-0.0013286477571703426,-0.014792882913862049,0.004815442972151196,0.0007497535968741253
2023-01-25,0.011867646499640117,0.0023246401972580877,0.004030674117404542,0.00026066760385989873,-0.0024999856046243885,0.00048655691924026634,0.0012127086394548847,0.0008197449393780865,0.004216799546862493,0.0014438832683114633,-0.0028219024079348953,0.001540497153017517,0.001969242854937825,0.0015563527765414253,-0.0021681256341130606,-0.0010867584533065244,0.0037782370976686686,0.0024418753491086687,0.001098777003924134,0.016590993931381304,0.011291382689988305,-0.0010717796607954133,0.0,-0.0008159743627589311,0.0014496883061305699,0.0030071464335315046,0.0,-0.01212119296596914,0.00199709579967422,0.0005816314010171908,-0.00652234548318964,0.0012618947241493927,-0.0005719010720470763,0.0032646300412264573,-0.01908953920140588,0.0006918105931525975,0.015734418931744765,0.0018325557562066663,0.002467894153596273,-0.006313543637720298,0.00039338998023952243,-0.01820858109523915,-0.003978743851955735,0.007264800528392179,0.004746006065078134,-0.0029586228728274433,0.007780103272275962,0.0005319655905244858,-0.004370377104803924,0.0,0.0024249306316710406,-0.035080481234949334,0.001792915290154351,0.0010187668665226912,0.00039344364877913485,-0.0025984347683741804,0.002387470290238669,0.0001663019263278276,-0.0007508086247325352,0.0015974044215751881,4.980805776333419e-05
2023-01-26,-0.0007716904924945922,0.008503530490326039,0.004215098197683842,0.0032744820871841718,0.002506251196537246,-6.323249393935804e-05,-0.0018840242484735592,-0.0026613792121338298,0.004354560795996054,0.019552261046675623,0.0056597017554784745,0.005019535088966354,0.0007864003143367437,0.007381540731117298,0.004345673233761671,0.019105181056281006,0.007277320338966442,-0.0006088326859129412,-0.001207432478842696,-0.0024591914706291185,0.006298139369294464,0.0004878811627815338,-0.00354608387213029,0.008166491666193654,-0.0003617525341695904,-0.0026648037074068487,0.00048435822535131123,0.014314925275153989,0.00448568103365421,-0.0009689618713503156,0.003517114167904012,0.004621681773284925,-0.0008579308200061808,-0.007259339372396978,-0.0135544317627867,0.01002421725292324,-0.001721163768540035,0.0033969187250459942,-0.0073847625559999575,0.00317687344547668,0.0073621061425068746,0.007017393702313912,0.005326206370841691,-0.009946132830283005,-0.0006383672982630539,0.002077235809324396,-0.008234650626133044,0.0025690559578128713,0.0004952454274793627,-0.010988941875442304,-0.004652035005745958,-0.01755134219002019,0.0022663032335035194,0.00040723521834618026,-0.0003932889117547189,0.013677572787753167,0.00781645448722168,0.010365190629856524,-0.0015026386732586161,-0.011164301734341131,0.004694771025331113
2023-01-27,-0.01065637595735025,0.0005476291979118475,-0.0025983979239725397,-0.0007047232666050895,-0.005000174438080762,-0.0016911012232597722,-0.0010788292393175691,-0.0020533226370523794,-0.0012387471018184826,-0.00616621846745502,-0.011607389361244391,-0.0006444388100067533,0.002828565456139076,-0.0075202129653091365,0.0021633324735250703,0.0071387031969456505,0.0007473039039904705,-0.0006093361975008094,-0.0016485842606936973,0.002016906424260778,0.0017069239286484628,0.0005847631472175596,0.03380784327224862,-0.007695369365917193,-0.0007242742399578006,0.0002671560580087551,0.006298712965895348,0.0030241011021274744,-0.0004958545851245777,-0.0019398033381733404,-0.019392535205519312,-0.0029275077233914537,-0.006584804834436908,0.0007565961750009009,-0.010363057997568759,0.002053346166356329,0.006896420876927101,-0.0002603829204671504,0.0030998656644440903,-0.011083400708391311,0.0018803374366753722,0.010453080082506006,-0.013245073652332406,-0.0035247534904352396,-0.003448848599675647,0.0011844283135100664,0.004151623678505079,-0.0022091271849582483,-0.023264734090859163,-0.00913580840636663,-0.0025238926505924963,0.03700535604995503,-0.007379015314272097,-0.0006105147021853163,-0.0007859933614066117,0.002891396965541304,-0.004263205777882195,0.003675681555973309,0.0,0.0048387436663333006,-0.0011681052238750045
2023-01-30,-0.0010926589575176449,-0.012039065880572353,-0.011022095269021981,-0.009018927126854481,0.007537782527273773,-0.001799719820053447,-0.0028343144319286084,-0.00411456982845404,-0.004651294247916216,0.0015939798266846328,-0.010676168569711764,-0.008383042469887636,-0.007991385642519555,-0.011463020596960916,0.0014393130595964365,-0.03722838486584801,-0.01418958044437768,-0.004268484758899405,-0.002487520770964924,-0.001118143984127462,-0.005680111594585924,0.0007797732186789474,-0.010327055335776825,-0.004898013491487663,-0.01195653931993923,-0.0028714692811186993,-0.011073378363892217,0.0,-0.0007454030726133931,-0.0034984322793257805,0.0026207736583112595,-0.005872384754382343,0.0005765159287856036,0.017132864830490036,0.0005429018401654773,-0.010075142874874432,0.005136863622565491,-0.0031258497301750454,0.0018539564703554667,0.003202215443106615,-0.01203975056896811,-0.02019706535152277,-0.014093902377650736,-0.0008254575846798895,-0.005896799432269728,-0.007690036334203065,-0.005684895027908032,-0.007438880405046144,-0.024486974502087477,0.0,-0.0036547403120572586,0.015176461526008378,-0.010071888575972299,-0.0006105295762190988,-0.0013113176013243022,-0.010662627146007075,-0.008511538292894971,-0.013173102786215307,-0.016553792924776323,0.0,-0.008038025667490678
2023-01-31,0.005625813353421494,0.01085626170952625,0.004255325519303188,0.007565432928622551,0.004987502861759419,0.003457134787767213,0.0046021350984792875,0.00289204589839942,0.01339585093116935,0.003978219825909068,0.015107824897936828,0.014794199692411247,0.0017375077455883403,-0.00019655219841019367,0.010538872637907648,0.0053665221049459255,0.009848345927949476,-0.003674128281533018,0.003663661544096364,0.00492618559720337,-0.004855745700714231,0.0002729202383868756,0.012173939140966539,0.01107468991122773,0.009534283154849277,0.003951372253751417,0.005842324710881419,-0.02412050849165215,0.004471539575078953,0.007996542601070189,0.004752886140295454,0.004767861042294097,0.016128999784093878,0.00396322308055419,0.007907490431495301,0.013282810559844593,0.0034072457456553185,0.01411032030633863,0.009253828995756441,0.0036478907496138024,0.010036029313401418,0.006033220788695726,0.01769904872332373,0.00908683898400442,0.010186982244574594,0.01192249570212689,-0.0077961657556897546,0.004104288554803492,0.007721716205453921,-0.0069772036032205165,0.007994849297307871,0.0379797789357581,0.010901223259719206,0.0019351816270609667,0.004333388388570558,0.008603566959990427,0.01074376510435493,0.016118572958526922,0.008416216772042517,0.012841079207243977,0.014249414738905841
2023-02-01,-0.002641784089509991,0.010191881947202663,0.009079893021255225,0.009627512033664853,-0.007444059450810725,0.008732979700490473,0.0064284955528697285,0.003155411623371851,0.004764648155555662,-0.006340065320011745,-0.020198398434550846,0.010093000397921603,0.008357024973858707,0.008649520899081775,0.0026071649354164617,-0.018956753470691035,0.017754556149745637,0.006760908868702398,0.008070623491183149,0.004678881951780234,0.016647386174432954,0.0034263650634005494,0.04123708926928349,-0.014198828746829983,0.0032693442747282475,0.004536391590725719,0.014036414173487444,0.004119437981455754,0.007912705285979316,0.007316138899096769,-0.013008517649344853,0.008692665223856588,0.0017007643182629373,0.0002466758058030649,0.0,0.014640668174913163,-0.008488932975154628,0.0030920218857581894,0.01971264507790882,-0.030213592648974608,0.01241995550737851,0.018490671826763005,-0.020066847810078392,0.003157575985636818,-0.00433999214830183,0.00589086283188478,-0.01938195405805987,0.01084055901928238,0.016778088924539913,-0.0012548204453531886,0.012020834847710216,0.02452328533817827,-0.012700942514916602,0.002440410341539412,0.0026475272278541073,0.012290731201693772,0.0024967377792191048,0.01171983188808201,-0.00986332718314109,-0.02535655291014627,0.003982094726637131
2023-02-02,-0.044094750323143694,0.008136242959677853,-0.002599437107336122,0.0048968482953826165,0.02250000592750756,0.0006305045830419242,0.0006711097772971186,0.009251553658696787,0.0038243190175590858,0.002620450204932956,-0.007594892418114618,0.006026820636021668,0.005473049028527077,-0.0015591613767812484,-0.00969256528448803,-0.040320968069122,0.004668300055105323,-0.0018314231182577911,0.001309243059918197,-0.013971926726064399,0.0056466761543754185,0.0009700411344291116,0.16501653380223202,-0.006584208573481964,-0.009775564133748249,-0.007703404098653888,0.005727878019833765,0.0,0.00981368248831438,0.0017334363115026896,0.0009587155254324742,-0.006244691525339685,-0.003678849055602673,-0.01356655511992133,0.0013074877881915636,0.015100692396217807,0.010274141374736256,0.0032918305734388476,-0.0010488427823228674,0.009135705793052562,0.008061748818762426,0.0024534964539906223,-0.01023895696727184,-0.0092680206985567,-0.007692297332450804,0.0046854713896820055,-0.018696552590127702,-0.003164668627992473,-0.0031342730792150997,0.0,0.0012944570463073735,-0.013297938275362853,-0.008859280989109264,0.0005073706082321383,0.0007836208018130453,0.007429930283475272,0.005648443420112281,0.01535536776524804,-0.000766451545125113,0.0,0.004557649925047036
2023-02-03,-0.0014670246725628777,-0.011513998246877266,-0.011828381862813209,-0.0016487487577920845,-1.9875680268288676e-07,-0.007769859359692655,-0.008850648183650778,-0.00631465476581361,-0.005333804829892874,0.003125346019066999,-0.020408247733059937,-0.007409425056452701,-0.0035770413821791802,-0.014834966550898665,-0.023633138643978202,0.006033281886548725,-0.01149440289966075,-0.013455787982598055,-0.008061257384048837,-0.015069829771015786,-0.018809686193437036,-0.003101513458608429,-0.009915035119863469,-0.018227095294675366,0.001828158248223799,-0.020573092391403258,-0.010441247633921291,0.0051283654378169174,-0.010447512055121622,-0.009615269776940827,0.003351509208539216,-0.013824919274022962,-0.0017036787806387066,-0.015253953417891819,0.008296442567091944,-0.013884273665330737,-0.013559269230895343,-0.011535388994780238,-0.011251217697180627,-0.009285030235039793,-0.009040451717276632,-0.004405431199777765,-0.023448184179464704,-0.005000827127727869,-0.0002584985037153986,-0.016613288998576947,-0.004899210758504968,-0.008112802120293083,-0.005109270139806998,-0.002763749842520702,-0.01495575338306454,0.05583361962281863,-0.02326420490211878,-0.0024335021036867577,-0.004701265578338165,-0.020866194381248815,-0.00668894169450196,-0.010665843029974531,-0.015337298860728876,0.0016259759170100807,-0.0077743832374153055
2023-02-06,0.014691538014369288,-0.0082734677791384,-0.010955489814881814,-0.011633467801171582,-0.014778233740696534,-0.006560981190577242,-0.006223658695132639,-0.004099961156795895,-0.005975232850709777,-0.010139018354196172,0.005208433582789107,-0.005241464068761359,-0.00764761302289696,-0.013473405467102406,0.0014670092435247195,-0.009248570157942004,-0.017812754265356,-0.007439369201715729,-0.006808612175432938,0.000685077010372126,-0.013161791110945065,-0.0021775204958688343,0.010014327529015432,-0.002109611658475785,0.00018243107637760936,0.0003690787790702199,-0.007194214714560276,0.005101844731410843,-0.004173556343404772,-0.0075727275620250944,-0.0052493267615908445,-0.009558264041489073,0.0019913292596600574,0.013966402209931505,-0.006628117021383995,-0.007542686910331109,-0.003436516438846904,-0.0015558694231435632,0.003944888063125207,0.008903456708700075,-0.009719143145891729,-0.003933004987609179,0.00353106578012774,0.01596505196850151,0.000904665412687411,0.00207465273026175,0.010339160977187234,-0.010028327919261337,-0.0006042665324909047,0.006298887988991364,-0.007403958850161763,0.02552894020885854,0.013664150503011285,-0.0015239788760711415,-0.0038051461517731866,-0.01837132852312129,-0.003932158671736574,-0.007079955448491382,0.01323989919799673,0.0064935004616650804,-0.004028433930424513
2023-02-07,0.019465859736276236,0.01064756069789885,0.007794858427727647,0.007351845077921082,0.0,-0.00021250260968119772,-0.0013614274478893629,-0.002470139005004257,0.003853465125017941,0.017395441142208368,0.01924499413684777,0.008622006123736314,-0.0036178274046184677,0.003213519509855267,-0.003418042041271274,0.046966075553389386,0.0025188247317791124,0.006870636150078768,-0.001990312481066403,0.012094964581868206,0.005798873275533412,-0.000740521810960959,0.019830005915276505,0.013530687490428628,0.00620327836855572,0.005259400978656403,0.0014488395089597983,0.010152249027471694,0.004931037060180499,-0.0017609067066259865,-0.0026384677585630234,0.013081807327672612,-0.0005678872155441272,-0.009766911380263865,-0.0009202620252934945,0.013680073406851179,-0.012069023212234131,-0.002078054543141361,-0.01647284955702677,-0.005341358389124529,0.00953123549455448,0.012339466058769677,0.01970437625064081,-0.0015131957275973384,0.011233044247431323,-0.0002957567756785018,-0.016189313179270526,0.010399441677367172,0.010393467177754356,0.0,-0.008025418348074798,0.03200558902488293,0.027331436311004653,0.0007119176627621293,0.0002632368994257561,0.009965891926623005,0.010450018567489838,0.01264035414859821,0.007686222244668084,0.0016129401918516528,0.008189164187674125
2023-02-08,0.012624278410988676,-0.008580412071502397,-0.0050885715199892045,-0.007740552393672107,0.0025000739706646513,0.0014911995488930962,0.0017721879589245315,0.0020635171948368836,-0.008444583434862207,0.05416181745623616,0.0047203280112482204,-0.007915275517745402,-0.00047351560250730174,0.0020018747831644923,-0.014208847757164134,0.0050850006488876165,0.0020100375909335444,-0.005583088740777842,0.0015509377777782607,-0.008342658303779893,0.0017298042342694941,-0.0005657152214100236,-0.04583332308385735,-0.0016687996593884868,-0.00950134956783344,-0.0004754310140951956,-0.0038591118124848833,-0.015075150379377122,-0.006378994889152501,0.0017640129688936135,0.006974446020522551,-0.0004233628985208515,-0.00937499598433078,-0.011886733055722631,-0.002072545998083153,-0.011996017578707385,-0.006980881794151128,-0.009370223314580817,-0.004456108870080522,0.011673987755027815,-0.00814263778276314,-0.028278925067969696,0.002070446352997468,-0.0023316121196694795,-0.005107280120814184,-0.016568119960379546,-0.015960537092403082,-0.0036442910219204316,-0.015280103350837737,0.004274569099757208,0.004758912894715195,0.004134927695526036,0.00818588544043708,-0.0002032731175103386,0.000789951007576839,-0.016214203871337984,-0.00791626099004028,-0.011202317280311513,-0.004576470128788146,0.0,-0.006695097885621615
2023-02-09,-0.0010908484386469297,-0.0043820795925461065,0.0022504363416457895,-0.0033060622929906858,0.0,-0.0036168317854010645,-0.004082730067891949,-0.0018536735245937574,-0.013936201688236505,-0.024062265501505586,-0.008673603451563983,-0.0068611371154921885,-0.001895099904235531,-0.0029969338819151314,-0.00621249460715434,-0.019544016117456153,-0.006268640282953597,0.0018715460852187782,-0.003761249521490151,0.002501223922071638,0.0008631630586344308,-0.0007998113433337339,-0.03930133688916948,-0.004597021582248728,-0.008091527489095696,-0.006662157794695811,-0.008232240565093862,-0.0030613669982793024,-0.004938116415202698,-0.005674173359864532,0.0016718901390115892,-0.002964885531931416,0.0,-0.004607221237661774,-0.013461695347028235,-0.008431641461351669,-0.008787313539890595,-0.012086148032494859,-0.007717241847278733,-0.010847023221287833,-0.004954161913145461,-0.017561435332405173,-0.009641881061626889,0.009464881481545673,-0.0034648858177477315,-0.012635282736599751,-0.007270539732403991,-0.001070231310761005,0.001752721341947927,0.0,-0.009473634624438954,0.0168155704022368,-0.00322413248206177,0.001424274492570321,-0.0021052464249935454,-0.020107408536220728,-0.005945704635341276,-0.008685800668765564,0.0030652612839092708,-0.01288243530026223,-0.010878807174077854
2023-02-10,0.0018720948593149433,-0.0008801855823337146,-0.004695021727042503,0.003838845137181801,-0.007481383407953568,-0.003843965006839367,-0.004235893032370597,-0.002475658001761416,0.010845311740006913,0.006450913528801561,0.014947101803256535,0.004498621427509564,-0.003955703036982894,0.00020041234151824128,0.01800417032793744,0.05527676902480394,-0.01362631003474657,0.0,-0.004107976658830892,0.011567062567794384,-0.015813809320720518,-0.000194914619455977,-0.0454545548374099,0.010495703125881883,0.00557379794038515,0.0006842908976953943,0.0,-0.0020470994185967095,-0.006699796339575181,-0.00511581053798249,0.0021459198002866664,0.006372206136221248,0.011757949472668727,0.019028340219314988,0.005302188989576795,0.002380881572864091,-0.005319021774263022,0.009840506930369086,0.018821171372124246,0.03196457167457445,-0.0039116951667274025,0.01685402326793528,0.01460362803704185,0.019793818775461602,0.005924033629396197,0.018890909770007847,0.003887348328660556,-0.0017861129375883467,-0.0029394835364323635,0.0,-0.011189267543798787,0.006412390441657978,0.014135253976331308,-0.0007130447986494204,-0.0011865451589978537,0.010043688213029034,0.010349170174097866,0.0014693535025596116,0.008403138573995772,0.008156560026796322,0.005261446052596153
2023-02-13,0.01603858505634892,0.01057258599427513,0.009023900406792684,0.005420638930082822,0.005025139212860186,0.0023150958651709796,0.0027448741348798933,0.0016543589960777982,0.010574052510504472,0.006029528365914194,0.0007184369893364906,0.012635992747053404,0.0046068021425969,0.003406165414920004,0.01179085135828406,-0.00710030237350745,0.00741891234107106,0.006226562148550885,0.0023411431504722913,0.0031391828142313116,0.01489961929793604,-0.00029312489478616754,-0.015872947221369227,-0.0008308903175798799,0.008479135838266316,-0.002872309357849101,0.00682668104319939,-0.01948709927141934,0.004496886735467331,0.002373245229881249,-0.002379269952874963,0.0007174915261234371,0.010770924576137597,0.01766324197123592,0.00907470645305164,0.012894494108826482,0.0071300971124916845,0.008164346981351933,0.011755423683107225,-0.023287296785821754,0.011781530172028543,0.01054737571108122,-0.0006853710022575177,0.00891037355340174,0.008193450681065029,0.00568173679944195,0.010718802632971647,0.006083329162761997,0.005334677741782645,0.0,0.008414728534444249,0.04158276445275111,-0.0012992926883221845,-0.00030596191323895017,-0.00013197001012410503,0.012798547896075707,0.009062524282673179,0.011737753499774684,0.01893945433961064,0.014563131891232706,0.008772368552943055
2023-02-14,0.015785470906276133,0.0005448293840011331,0.0006096497342042984,-0.00103389283994626,0.0,-0.0018817198411811287,-0.003421671657422576,-0.0028905220159424205,-0.0056931488993169355,0.006370966664532185,0.0021536126421772828,-0.003316974560472419,-0.008380671329668687,0.0011981520028430115,0.020393325598481615,0.01106388669844316,-0.0012696463553366621,-0.0030940833214271324,-0.0037816880772612027,-0.006705488573861329,0.005181021060435276,-0.002051574968115366,0.03225799599486101,0.0027441579889166956,-0.004112916000392319,-6.870609635678537e-05,0.0039023283623846883,-0.037657023213481744,-0.0029842373684052514,-0.00335443506558164,0.0014309849395450769,0.0030792166419766342,-0.007571306686063761,-0.011158202530986538,-0.011683314090281893,-0.0006700249386886181,0.0,-0.007837242717824933,-0.009204569559922104,-0.012037046048161137,0.00031759756919269577,0.002982296490701364,0.003429347757175849,-0.011250434272676468,-0.0008891322387446499,-0.006244376976884181,-0.0061078096878262045,0.001244821282213815,-0.006795719047053339,0.014021005674297093,-0.0023021627698860403,0.03573743494517134,-0.00047331116760995773,-0.0009179878407516995,-0.0017167352083935494,0.004462910596885639,-0.002824357111058884,0.00048336359814427077,-0.007434777179263774,-0.011164301734341131,-0.002643315941713076
2023-02-15,0.025648763682779574,0.00065373462301066,-0.005078069408202213,-0.007467136034448041,-0.005000013449211749,-0.002699954583109343,-0.0021976621084367487,-0.0018639501984741846,0.0027854324104115147,0.01019345024198448,-0.009312316654020214,0.0019017582075262496,0.00191353394555005,-0.008775530671416232,0.015227358712839756,-0.028224234707510787,0.006356404835271778,-0.0068280560173721305,-0.003126698453480903,-0.001350019069691455,-0.0063000051493686815,-0.002349195849349117,-0.01562500332615213,-0.01061517933592604,-0.004166557225155465,-0.006996342808935463,-0.004858920962374169,0.0054347007988988505,0.0002490589928887399,-0.0025736893839880537,0.0076208617398692,-0.004205144152931717,0.008759503366322585,0.006268963979809694,-0.006299625929178654,0.0016761526467401477,-0.0053097140574992485,0.004476396574753849,0.0004568380690319618,0.016166652765372547,0.0014461445721623,-0.00346884211876608,-0.012987083977572644,0.0013652295845749673,-0.005338103145265949,0.00508666014404624,0.011173314834154624,-0.007282302150459108,-0.012114622519719065,-0.011111138594391834,-0.009324770232367774,0.0006215589533626886,-0.0005915969009087085,0.0,-0.001057715245052382,-0.0011225399896772625,-0.0008673016283121671,0.004778158099341567,0.0029960590169508805,0.0,0.0026750746211783305
2023-02-16,-0.012945003680615796,-0.010123097898372624,-0.004287470430154872,-0.002234659845203435,0.01758798724501065,-0.003630899455062453,-0.003853188802650731,-0.0020743846939583754,-0.007561945383571356,0.001115557895406516,-0.003976889301854469,-0.010281637103020325,-0.002068977064422106,0.001609669417279802,-0.0042185680186348495,-0.026641275866902014,-0.0012633329536626547,-0.0024999377769689968,-0.002912206504415149,-0.002478679951786633,0.0,-0.004905984063305224,-0.0031745894442738454,-0.0020957247302193505,-0.01038650478795311,-0.0017269431378464928,-0.00976540435340889,-0.027026810316697736,-0.00773068706466995,-0.004168489357057603,-0.002127153762466194,0.0016890710342769566,0.005602286711575921,-0.008721916620618497,-0.010174415396503433,-0.011044082785484632,0.007117410156091131,-0.003931918674176638,-0.00015237614791230314,0.0,-0.009862527408450839,0.004475396511082197,-0.0027701060147781176,-0.0028406377163715524,-0.012522179048109927,-0.006251752962045165,0.019336986238580378,-0.0016102862718415656,0.0032733118275662942,0.011235983160532648,-0.0141681815409066,-0.007144872204215336,-0.002367702403563099,-0.0004080910494088652,-0.0005297555217128602,-0.02884164416036883,-0.00868217642358693,-0.01325082171850167,0.005974537557771331,0.01612909428163012,-0.007658297465474528
2023-02-17,0.010581260245170254,-0.0025291818043801095,-0.0016403189747564717,0.0018663994147176677,-0.007407493502038509,0.002479857143146358,0.002210555563134431,0.002078696710598349,0.001710719649614223,0.0007428765418129313,-0.008711382992359185,0.0023973340035516877,-0.0012762702439235163,-0.004218561280490474,0.013179554955931483,-0.04994346696070806,0.012648593847200518,0.0018796182597642375,0.001415355608339386,0.0092613285555736,0.008357367516521386,-0.003155253484237508,-0.02707001855572,-0.002939828935505817,0.016429265957517147,0.004359220479079218,-0.0009862511335345658,-0.001354165405834995,0.0007540786178252823,0.0019935086749864883,-0.0016579392904878532,-0.004215691670501731,-0.006406886242977139,0.005530632613639508,0.0060092927095387605,-0.0010152738545337048,-0.0035336621404939983,0.008157901146296664,0.017813758363094845,-0.0036891058584034297,-0.0024901914333766983,0.01683164205926624,-0.008333330328148203,0.004387224543423773,0.01151655019829989,0.011683709602575254,-0.009756052434170992,0.0,0.01113538765222244,-0.008642095624337376,0.007776212329721144,0.003128812543136128,-0.014954193399823179,0.0,0.0011918209638095423,-0.013065243999178966,0.0009017838389062671,-0.002761393287959324,-0.002969474436282926,-0.014285738073508303,-0.0011952565481561095
2023-02-21,-0.003834194769995025,-0.0170874134365685,-0.011706864917456428,-0.007451617146939871,-0.012437778155307333,-0.0077436039340856855,-0.008684856883852232,-0.00809093764039115,-0.01940385996452032,-0.003976043687721975,0.0029292100135609456,-0.01881366923224237,-0.002075703382603322,-0.013718112873683963,-0.019047605833329317,-0.0034898250791006724,-0.01848597053011869,-0.005003138614484537,-0.009489878435746002,-0.0040285836529728725,-0.012575167226924422,-0.003758614389732684,-0.01800326869986868,0.00758204860990408,-0.014120446522847052,-0.002196301880232232,-0.02023701666713007,0.01242927377610914,-0.008789649425307244,-0.011339019587084609,-0.010913500256941489,-0.00804416513115469,-0.0033642226683566756,-0.003250050332147869,0.015719334512102723,-0.019308946591009346,-0.008865107759611912,-0.013312514809701081,-0.0037396245567719033,-0.010876874400130632,-0.01711844202488788,-0.02726389216395486,0.002100894120056651,-0.0005673910961743189,-0.006012499896626777,-0.018655647420668164,0.007115397509717347,-0.0060933704558012725,-0.010451502561209858,0.0,-0.019437233234885443,0.0018713725960521899,3.7795123484229975e-05,-0.001736169398993681,-0.0037041489710422093,-0.0041034328232519846,-0.012791285725281987,-0.021881940820000056,0.0037230834136730007,0.004830874844912847,-0.01807080926274307
2023-02-22,0.005773487993002702,-0.00269185397271432,-0.0058186248536771235,-0.005255211879173438,0.0,0.0008668785764871512,0.0022247689060468367,0.0014638692907076312,-0.001424852918897268,-0.0047366591698853044,-0.013143330543164522,-0.002602749107045055,-0.007388360918252235,-0.004295192031396389,-0.009235398031601671,0.022949167928806302,-0.004327056213552116,-0.008799551976553355,0.0024995644334993017,-0.011910046478046388,-0.012156213454958875,0.00047798835330015166,-0.025000041628639558,-0.00961528899696007,-0.004145127239899682,-0.0069190476011670166,0.0010074986652870432,-0.022321300645434694,0.001655294770291027,0.0016096282304616238,-0.010793848940814366,-0.007554554444546557,0.006469849856546972,-0.007273572866718925,-0.005416525507987768,-0.0013817094238731675,-0.0017891181251694643,-0.002645699631252274,-0.005555714824807989,-0.014974392258565117,-0.005079846988624959,0.004003869583239172,-0.01397628294408515,-0.0003404175565573375,-0.003346257928720786,-0.0009053309681921196,0.0,-0.008835038623119629,-0.003804294180869805,0.0,0.009164322286710158,-0.02085910058680218,-0.01581499916276463,0.0007161418920584861,0.00013298464315480985,-0.00416926350661917,-0.0031546483489417465,0.00033304697272340533,-0.031157348609038293,0.0032052016822570195,-0.0006851888689962671
2023-02-23,0.006476194120254908,0.004835918894554814,0.005016704904949876,0.0014338714927826235,0.010075661811331793,0.0041152392722974,0.003607795085670107,0.0033419072633156244,0.001109897679347105,0.0005346607837859452,0.005179373697667522,0.005055770073236321,0.006957889351733693,0.009654864241295691,0.0,0.03139332950496554,0.01508194017144282,0.0025366057076354753,0.0038532073007953027,0.013418150199075551,0.009961952624461423,0.0019499796440296535,-0.037606829379472795,0.0,0.0024900335421726982,0.00035217027103651155,0.0065425015430538025,0.0,0.0050855206687081544,0.005423949137470352,0.004607191560622281,0.010622466010861142,0.00922314063263907,0.004295035846431539,-0.010192112839639278,0.0006918105931525975,0.001792324805965917,-0.0037135136383376066,-0.0024157896257394063,0.005700587558103765,0.006929325051142854,0.007976214315607688,0.007087230905493902,0.0010787067571502718,0.0025827109773095547,-0.0027182701146226673,-0.011956466985945768,0.006821936003817086,0.022390883493670133,0.0,0.009772133960876506,0.09062001329265712,0.01619713583600646,0.0014309899345850141,0.0013275231553997457,-0.0050241689905157205,0.003609292471322023,0.004883297023553057,0.0076569048045296295,0.0015974044215751881,0.0034038582255868644
2023-02-24,0.0115531360599046,-0.013318529313859906,-0.01767902770725638,-0.011982713501052622,0.0024936379531494968,-0.00409837348478026,-0.005530384386158715,-0.0031222488752307154,-0.005225822962840021,0.00037394398446810584,-0.00036807664663984774,-0.00795095545372726,0.000160822204408273,-0.020345901510255393,-0.0038570398931971894,0.005508693312144652,-0.02543431714032418,-0.012650318711420527,-0.0075639138023700925,-0.016158106110554127,-0.019147059324039817,-0.002839805238704529,0.021314375033172572,-0.005065658505919779,-0.014346656518533174,-0.007316318694950752,-0.0084999768402515,-0.015981902006239168,-0.0020237078418245957,-0.00559443126470438,-0.011585852342699599,-0.011063916031463283,-0.008862020340672294,-0.0035220072800408175,-0.008017573300792336,-0.008295852641619694,-0.0017891181251694643,-0.005857304640713101,-0.007870422364367524,-0.010155752283016573,-0.014125463741950228,-0.002472640050408259,-0.0042224133250831075,-0.001985005535350415,-0.012364889928198064,0.0,-0.003300314736723542,-0.015267922432466441,-0.006032060525081873,-0.011207699788259418,-0.013001161921265547,0.011370145973093715,0.006525501669973455,-0.002449799207569492,-0.003050124024462364,-0.017920761049432965,-0.007791975360026626,-0.01038220629033948,0.00835887530180801,0.004784722472027214,-0.003670682759589261
2023-02-27,0.0005782335492845458,0.005898492051687576,0.010163085238381386,-0.0007627595378236762,-0.009950209141944888,0.00043338743588750006,0.0016681424334112904,-0.0022970806388499243,-0.0022285084478278483,-0.016188274783286993,-0.0025773303649211377,0.002453365411565711,-0.004659612328041907,0.0012461776718453166,0.002662391771235839,0.013906323809857124,0.016020622808998963,0.010890428179193723,0.001251198939063336,0.015511116075134002,0.026914949813442002,0.0013939242623934867,0.017391307781706056,0.003818368148924778,0.0012036831937758397,0.004110164564217644,-0.0010087496176399702,-0.024361777183358524,0.00481618252131244,0.002009183700880657,0.004884039682822472,0.010327124890004091,-0.011735013293776242,0.0012621378441062259,0.00039594187678893,-0.0006971154895039078,-0.005376215922423655,-0.0024101695460053696,0.0013729392394534745,0.0023861067851929096,0.008082358633807685,0.008428100025003493,0.0014134392330127366,-0.0002841635863130021,-0.004564304027414479,-0.006965399374764369,0.009933728641195794,0.010550421442507174,0.0012837439721580246,0.009067869633022863,0.002773358625908884,0.017007763967176626,-0.006483195566477695,0.0006140884357324072,0.0014634688988528488,-0.0005040894714198885,0.0002628069629373453,0.0010605052774257384,-0.014318254939101327,0.004761862232212533,0.000889287545928763
2023-02-28,0.01141458525314376,-0.005187365296018043,-0.00817425190226273,-0.000763416241890913,0.0,-0.0010825372010697665,0.0002777169023473469,-0.0004184347818355638,-0.00462678268473149,0.006625303465903398,0.004060567058632225,-0.0050577884460908384,-0.0029055280417614737,-0.003526191028090264,-0.025102739572183563,-0.0261844559518436,-0.0022889742598366514,-0.010139372152005555,0.0002273755013908474,-0.012803216670943307,-0.004896303879739383,0.0011933904630554437,-0.008546971391167446,-0.002958205102628453,-0.012021157610390576,0.005575946542749399,-0.002018713963705676,-0.001189087585761417,-0.0022703967088053556,0.0,-0.005589309724447267,-0.0085177448641105,-0.02318358799840825,-0.018154175625696878,-0.009504733108664731,0.0003489032369337064,0.005405275852527147,-0.009395992799332675,-0.007007901382280024,-0.008093413818840323,-0.006559699689162368,-0.0009832344302772578,0.004234259431910026,-0.013529763295702213,-0.008908660268810764,-0.011588981468065196,-0.0016392776836043899,-0.011529682436519972,0.002820688082198819,0.0,0.004542902834714813,-0.0014171891657025482,0.01305196555818533,0.0006135322458131753,-0.00013334130367792518,-0.007312867292942005,-0.0040170802709408315,-0.0016723735317178967,0.02522945705113311,0.015797773434098383,-0.003554410703904498
2023-03-01,0.013857132967132202,0.0021539351175867694,0.010355043956352672,-0.0014896984135666091,-0.005025139212860186,-0.0026300443178794985,-0.005924465581447547,-0.003375387354297099,-0.003205486280003056,-0.0060963467674217675,0.012867623321811461,-0.003771683758944211,-0.00016201985419783682,0.014779191688449878,-0.015845559570605516,0.028737947921225304,0.0020394491384800872,0.010883455868165415,-0.0077238231931548995,0.012286586741390826,-0.002026056155161937,-0.002384019023642825,0.0,0.013988779340026625,0.0029657782347773942,0.005403841561929745,-0.0065758281772465565,0.0,-0.006068514466236574,-0.005953717294076788,0.009286347031166597,0.021477482993750296,-0.010419483408044439,-0.013867240423364735,-0.002638943285510731,-0.003138215497481278,-0.0035841078294502893,-0.006504137669196108,-0.01518869052460814,0.014398910275262855,0.0033015067372996754,-0.004921212656609164,0.01756848028813729,-0.012677897636665492,0.0025113690427487345,-0.01511884324426882,0.0016419693272797797,0.010286402248978366,-0.020920336800964612,-0.0057413220244686425,-0.010743200361735039,0.028101126433882184,0.006441860105670161,-0.001226491316400291,-0.002875357512541088,-0.0028451151766090144,-0.0036380069406350968,-0.0031826734085196318,-0.015659996065407578,0.006220834046796853,-0.005146230286225961
2023-03-02,-0.0009862721186275625,0.005429107827048751,0.002928175861216742,0.004934786667695423,0.005050518772790724,-0.0010893505847386908,-0.002098183490457539,-0.0004209202355260899,0.003215794465040167,0.012321574342700092,-0.0010888465334059072,0.007572123690754662,0.005667102584782313,-0.0014358146004397332,0.01584912735731847,0.017575996445016395,-0.005850916768767589,-0.0006333309445319957,-0.002518251032990859,-0.005844041913521392,-0.007540461256811959,0.0,-0.03275863364938736,-0.0018812051992344037,-0.002198631825816033,-0.0015356991541952691,0.0015275254419679918,0.023809520575049703,0.006105566182942335,-0.0008090060231320528,-0.0016949645683246306,0.002523175905838393,0.011406684965406644,0.00677070626146703,0.015634978322800253,0.005596362292672907,0.010791434579503711,0.00954721124666058,0.018227192089562694,-0.003075492721615891,0.004387449740131055,-0.0004946362752034084,-0.0034529598150961904,0.018451191747220097,0.0,0.012218180523420052,-0.002458975555931775,0.002909236992444164,0.012939187622086123,0.0,-0.008867184407223672,-0.011319831486006127,0.0034468022640536944,0.0004092726725801743,0.0009348454223800928,0.003719327137983841,0.006402647523593652,0.0075061081115561645,-0.009090963940835528,-0.010819118561694041,0.005685177382801054
2023-03-03,0.005641695632025767,0.01507489352103053,0.012304477285905335,0.01301864558054966,-0.007537641235310755,0.0063262378842976474,0.007710381097136398,0.0031567131787708647,0.01089904893949134,-0.006487848391538598,0.014534823292767562,0.012416009405719741,0.00032219470058425514,0.012325353314193599,0.024764647646853488,0.018035549883907764,0.027123726258786007,0.009505777747990773,0.006885700729422517,0.023965788155213108,0.010520127070309249,0.0003983276566368321,0.007130093609192256,0.015288010368511795,0.008358546561950009,0.011676026861676014,0.015251601668449855,-0.017441858150779144,0.008343500784016689,0.008100180295206316,0.02182882966853339,0.01300331604849747,-0.0008675964154568616,0.009829265143123989,-0.0014208981525490882,0.015652194974397737,-0.0053380576170684035,0.008646408811389339,0.005354826443154881,0.021357285149976146,0.012741116467785307,0.0069274547691573485,0.01663200974880108,-0.0009808347648236904,0.008175305798822086,0.015165697919468535,0.010681984896854901,0.015590946698758268,0.008109558930156968,-0.006025884835850759,0.024226142249440086,0.015079612124771824,0.016069640094576787,0.001432406389825669,0.0020008839218954577,0.018578744921351698,0.0077822751785712185,0.014844807527096382,0.03211006979773945,0.00937499091960503,0.01438704828849402
2023-03-06,0.0056100454630414465,-0.0006650051702981052,-0.002266115143847114,-0.00883055333481797,0.005063236489024403,-0.0028182214848605502,-0.0023649504249507736,-0.0004191493111496136,-0.002853752616884475,-0.002104780182906052,-0.0007163030776324852,0.002097887943931953,0.004506425731740649,0.0014203725349546392,0.002658531337254244,-0.021872276776028432,0.0007473039039904705,-0.0018832264370786111,-0.0029634476699131884,-0.001104009506681658,-0.002313598260597516,-0.00059683743574801,0.017699118600756902,-0.006600675273467971,-0.006028621583575533,-0.006358166226349549,0.0020028891769621193,-0.028402403541557986,0.0015049470242400886,-0.0022096920354006677,0.0004747609428297217,-0.0041408935691215065,0.007814791081895311,-0.00128090586788554,-0.002450873419238664,-0.0006849398572564835,0.0,-0.0024109280612621964,-0.0004565528996534063,0.004879258281898835,0.002156917703870498,0.003931138713123783,-0.0047715759687524395,0.002021291452058538,-0.0027464406553960874,0.000914529824624255,0.005420029130094983,-0.0026775826151440585,-0.002720040528055856,0.0,-0.00775354788843563,-0.06382384212221393,0.0032593800580704713,-0.0006131382991774181,-0.0003997167062936846,-0.004136318083198143,0.0008085516893385769,-0.00021900842115141206,-0.03555535141707633,0.0,0.00012531705266360937
2023-03-07,-0.009902295249783144,-0.015748103235236344,-0.0169316656054731,-0.013345017742942167,-0.005037729274340874,-0.001956512224800977,-0.0011155906166394614,0.0010490695818707874,-0.019399035403714904,-0.014494309195501653,-0.021146954701928955,-0.014653893249070293,-0.006569451064041498,-0.013475054637938078,-0.011810351322422696,-0.00564287465631419,-0.022653706698881004,-0.011949832682771167,-0.0004572625465042446,-0.009504864141166913,-0.02550717548129755,0.001991534520903393,-0.0017391228802465797,-0.01619601863980935,-0.014215541237400875,-0.01683124243557088,-0.010494847495402304,0.02557858803808921,-0.008513009585360942,-0.002617355550746603,-0.00640559372789562,-0.01995826504745024,0.0002872054800506785,-0.008976704739431574,-0.02044696578620031,-0.01610695147161234,0.0017889017999019874,-0.01476903117711137,-0.013245956862806274,-0.0131791747453478,-0.017575214521628912,-0.01566324938020791,-0.02260274679094676,-0.004956762272551041,-0.014557531211590202,-0.014925362062154668,-0.010781738027211385,-0.018542998876943884,-0.01576003563540862,0.0,0.006132662472298378,0.02086397964082809,-0.013236806200398243,-0.0010221955681980477,-0.003329138982253732,-0.009408069497537142,-0.012459559540253573,-0.014850270526838405,0.017664852458651126,0.006191944522728088,-0.014984230658555364
2023-03-08,-0.009860507359807147,0.002141072060231952,0.003990751580627894,-0.005955754532123492,0.01012660917259356,-0.000653325609993094,-0.000837539249734065,0.001677232654185401,0.0009731905462790902,-0.0016463391850171094,-0.005492538315731932,0.0016342404780227415,0.0019355281873463248,0.008524013323221169,0.006097694967103662,-0.0017511084813485178,0.0017831028502457436,-0.0019094605424211375,-0.0027449289164994672,0.016291086853021053,0.009518076439888334,-0.00059642246258651,-0.04181182298241193,-0.0052764292948696,-0.00957491939687316,-0.0006366470782079858,-0.0005047864191528584,-0.017814792430563164,-0.0047977098194395,-0.001412830101170215,0.006685687350774572,0.007212437315953224,-0.0014357331441847698,-0.008281562106213114,0.0016179818972157367,0.0031348005097218135,0.0035714146896372867,0.005178493781441862,0.004320228318348329,0.014761057006537737,0.005111301395732459,-0.0004974099101934248,-0.005606212686294243,0.0027224350183054913,-0.004125625140341982,0.006493331264885827,0.016348935212265214,0.0037567213366009877,0.005495325238204396,0.0,0.0009828267133471513,0.015543881940895288,-0.012073332147873317,-0.00040900958418887967,-0.001068991829767163,0.0019197321938988487,-0.00358982185377299,0.001390533378439418,-0.0060374511091934036,0.0030769201425404624,-0.0007643012771247903
2023-03-09,-0.027173242433204625,-0.016078346617690364,-0.012133834879829442,-0.0099342015617373,0.0,0.002615381974997444,0.0033533181826364,0.001046393052156258,-0.02186984567964423,-0.01852681312230564,-0.013254864001548738,-0.015500084237817235,0.0037025424865468892,-0.01568211740681913,-0.016000021328713254,-0.01789632521241047,-0.023391869978207858,-0.0057398264097520135,0.0034403336612851554,0.0017565155209655625,-0.012080003509410964,0.0017900856945831656,-0.04545459424543841,-0.012094426920656987,-0.010871266686657166,0.009768470343392233,-0.007579619287734096,-0.015719342903814715,-0.0040603179090804575,0.0010106045688922372,-0.019924130551398966,-0.008003326076200912,-0.006325197361669477,-0.003427794485381108,-8.13172005897922e-05,-0.019791670911489034,-0.01779363297548331,-0.016079282811595208,-0.0050697927409053545,-0.01754797876406522,-0.01997836566080602,-0.03681576014639887,-0.012684947494750132,-0.007567457525669008,-0.0076172075156131225,-0.010445298312614426,-0.003217258928293165,-0.004723753926892504,-0.0040047440038059046,-0.0010104195786784231,0.0024555734732552015,-0.029761964909140404,-0.01024569782732665,0.0016376050837723088,0.002407464878504184,-0.011294310734752178,-0.011655325286686669,-0.021607354877668516,0.006833591222697999,-0.026073631409702536,-0.017799404078404524
2023-03-10,-0.025884701431637014,-0.0131414804545269,-0.009106459912384346,-0.011244282634311653,-0.030075334457269398,0.010652420259751105,0.011976044393571472,0.009826416272709304,-0.014056072769337513,-0.01577756371432726,0.009328409160468398,-0.013423860227041007,-0.0032076298223677746,-0.0060003415310527775,-0.010101001680061339,-0.028797996610561483,-0.012496772304886439,-0.008980171193520903,0.013942781681733463,-0.014028863088025978,-0.005964772838673249,0.003057008793476479,-0.0666666378329751,0.004725286470992129,-0.005809411054177982,0.016544078181826016,-0.004582339298137117,-0.013513609181689756,-0.0028023477087287807,0.010702565774919348,-0.008954509434535463,-0.008619912872717461,-0.006944668363440543,0.0039690995312777755,-0.002202232304165941,-0.013106541935370308,-0.010869633081013852,-0.014357614413167963,0.0021618768051623327,-0.008225621587240162,-0.013713797397401861,-0.04338841894691825,0.011420359277175551,0.001338700994450992,-0.006867823505837034,-0.01862771179064282,-0.005379211454204724,-0.009127514936886683,-0.005842062453573771,0.0,0.03448620791754364,-0.050832371446135616,0.011100130054385371,0.0025630291510747583,0.0046708263665158345,-0.024937585391802686,-0.010369460110397521,-0.015101854410358162,-0.027149269824156996,0.012598413371265105,-0.013474241275965415
2023-03-13,-0.02146828080482388,-0.002547405506005185,-0.0040606903559569085,0.014057126526694663,-0.04392749268651264,0.00408693040124164,0.007981272171890152,0.012836443943352371,-0.01718907077201781,0.028854738355726273,-0.0092421941915094,-0.0031916683934041234,-0.0028961068283439584,-0.002706149755351883,0.030114384995370003,-0.032153660679652196,-0.016345851273667833,-0.0064724016570801846,0.008566660021253059,-0.017563606993194925,-0.013801516735849395,0.0020980866039432833,0.020408167048151737,-0.001710357527598183,0.0008687738172816761,0.01013744688400231,0.007923168553064519,-0.007471936805401147,-0.003321395102515945,0.00499498319714653,-0.013431015376999977,-0.015290960757095573,-0.0020394885822426767,0.004744251423720147,0.006048818126002553,-0.005743000264265441,0.00732597974292859,0.0020691156223369145,0.009861311458084776,-0.008530805245930306,0.0015031030373149346,-0.006479596046964686,-0.006351462442991007,0.009765755519744124,-0.0009493029077222159,0.01676671073952063,-0.017847461176125234,-0.009211436550294771,0.002736035340696219,-0.04450059173839782,0.002272976335518706,-0.005848023684824066,-0.022942840382721097,0.0017587952944742025,0.0005311884639982445,0.00031379542245080216,-0.0035285724281450825,-0.005475992274815544,-0.014728714731724435,-0.03576983284817814,-0.0012108099048091514
2023-03-14,0.03313892273497365,0.013814658554866854,0.009871284704423333,0.015926166783636342,-0.013513621578757018,-0.002142193544551585,-0.006279813625256314,-0.005928222948644701,0.009773546048565285,0.031495163759788225,-0.014925313398071682,0.013144737106940863,0.0012905482753475805,-0.001461156905052996,-0.0012079455839931752,0.008362649661425081,0.01849366595598445,0.007817607447357489,-0.008493895704496657,-0.014482748479620722,0.02068751637343147,-0.0032586006335342255,0.020000003633044994,-0.005139066338282761,0.01108470322957511,-0.0025260939474542887,0.0005101755752883186,-0.002509467236111118,0.004870505627538213,-0.0037772375238759315,0.00445543928782155,0.005654629753544471,0.01109495907644309,0.0005248160728947848,0.0046309604927587955,0.019133488632840256,-0.003636130179528685,0.008509828434415834,0.011443363978544063,-0.007648204026233563,0.014634376526220905,0.023529479999770953,-0.012784122761568817,-0.0010363354147061576,0.010450609248727316,0.013379043212000896,-0.01321585719647922,0.010784811409126682,0.015635324204106515,0.012172713649155842,-0.01644186761478672,0.0467492739971187,-0.036485331275460386,-0.0020416799201774527,-0.00026528418370963536,0.00418284108068856,0.012802996601647632,0.019069177105971447,0.014162161883937818,0.00806454714081517,0.011672761923990471
2023-03-15,-0.06830996882044194,-0.013855382843268815,-0.026986827627444865,-0.00958215215741609,-0.01643840098667848,0.007148634076614702,0.010303613801125877,0.007197248245950583,-0.005773545552193338,-0.01456558530254426,-0.02689391576570299,-0.003992141691928186,0.0009671625851621624,-0.018812696298629583,0.01209457640537992,-0.0746382562609027,-0.04499995690759995,-0.021977966329860266,0.01104601756350787,-0.011940267761026746,-0.04679564349549059,0.004240352134166736,-0.041176469016849016,-0.015755412767755717,-0.003979560245042091,6.8250911532175e-05,0.0,-0.013836433933166692,-0.006632739228767837,0.008780475332299753,-0.020699791669090972,-0.036332212230465566,0.00837406193597423,-0.0007865813180730763,0.01754956782391437,-0.008501559441454365,-0.012774113225400452,0.0015216220814091574,0.0016594833394028008,-0.0069845276898394815,-0.01590250045630126,-0.002736772683098687,-0.02302154951349067,0.01786461802357575,-0.0036265963568841153,0.00552648924955168,-0.018973246781634256,-0.028881593299698527,-0.01667947777062162,-0.021176670494589933,0.019310343474642222,-0.0609288158519552,-0.049135293932847324,0.0004092786390246239,0.002124189324291592,-0.0008331476729406262,-0.005379687831515656,-0.01029446684680635,-0.00775799769406027,-0.008000030517578138,-0.010782669584925686
2023-03-16,0.053076193014964135,0.01625632397731369,0.015287203118571568,0.010835898470762162,0.0389973225951421,-0.003047994366177753,-0.004759498157982933,-0.004899685057991987,0.01041837816629232,0.02485355709142456,0.002724807017055575,0.012692118546672626,-0.0008050239303438733,0.016190954875831665,0.0074092203946098945,0.022731071057351837,0.009644385632368913,0.010574824167632446,-0.007134748725433515,0.007669042484724109,0.01657267383071903,-0.0017559427672558803,0.002044980848967981,0.00551074416441466,0.00944025836678164,0.00191641069418802,0.007653453965699386,0.008928483058115111,0.005649899560465688,-0.004945492414799468,0.013336550932907532,0.00448825495349503,0.0051547769621329564,0.001836647841639838,0.008663238865290968,0.020007179738685155,0.007394024183607906,0.002486420011653445,0.0081323679202141,0.011641943665770427,0.018414169023727833,-0.0005489877601080329,0.003681877297014635,-0.0006795633059688555,0.007953782548389077,0.008244265499371073,0.009101086581621232,0.013449486766096586,0.017793911559511155,0.0,-0.007822713181564356,0.0862992715811588,0.008819107968017992,-0.0008179543618097584,-0.0029147379531120343,0.011881211307659845,0.012709740726503549,0.01976884302185189,0.0015636197653012829,0.00806454714081517,0.014322905436924493
2023-03-17,-0.044195534707224704,-0.01085462726252362,-0.009679401497668438,-0.01182994620375355,-0.07506708019566477,0.006200534799994273,0.007241782559001653,0.007180828558882579,-0.01724151776060734,-0.006570030311508379,-0.005823028940097008,-0.009729627893756199,0.0006445522649225488,-0.0073375253185868905,-0.0002370323866320856,-0.01919858060382651,-0.018558947628151024,-0.007848214529059816,0.012126673370548069,-0.012684653181373129,-0.02153171359022643,0.005336853049455081,-0.0408163340963037,-0.004784621840332237,-0.01986792315642094,0.00894818838252709,-0.0005063939559853958,-0.008849470708818141,-0.00434093812127101,0.0059642571954281465,-0.0027316007105803175,-0.009740829168048193,-0.0068375934201651,-0.014405513252020552,-0.012134480262794622,-0.011909008009723165,-0.009174276303308582,-0.012951164588163033,-0.008066766011085691,-0.006233380908747255,-0.011808220161695582,-0.01976909440006247,-0.0036683708058277142,-0.007818159323899398,-0.010967019722630367,-0.01029674414522308,-0.013528566664054331,-0.008972012448844824,-0.006442183296058279,0.03044886493831389,0.015008872869193945,-0.017686412872094603,-0.02130859881334546,0.0012279806473898258,0.004651017967908899,-0.004274351812350807,-0.01121500457398139,-0.012567021137586787,-0.0202965440131484,0.004800033569335893,-0.013030701810560541
2023-03-20,0.03895487032438805,0.009703038110924433,0.011728934462137186,0.01061543733533954,0.002898636600725313,-0.006375140290258985,-0.0043409219325063475,-0.000815173163576377,0.015480242970390412,-0.006452238949168243,0.0050762221711961875,0.009825223663979754,-0.0037037348271711235,0.00675806115495603,-0.007593760655560944,0.020224238296356667,0.015851044237025436,0.007251080970296586,-0.003061843211453419,0.007474998957086143,0.02577802770253168,-0.006488467905675366,-0.0425531997126416,0.0008740149251518226,0.016113684727775635,0.0023691627920241487,-0.00506568462587631,0.012755173331268521,-0.0012827879163765932,-0.0011855922123594764,0.003237037010836996,0.009385430995005883,0.010327060950396705,0.008238245368593411,0.024806479777835566,0.006026270913438436,-0.03703722779793517,0.018425248781385628,0.020030135787521886,0.001206056502367936,0.012696214132761563,0.00728291549808846,0.00441829864413279,0.014046595019066244,0.014334126614075293,0.008104119559952716,-0.0057141975299115355,0.014711411419828568,0.01531734436415455,-0.002851371001246328,-0.00879708838320259,0.015348446468899102,0.013398277344885745,-0.002248611117809274,-0.0007940208244341385,0.024980595918256965,0.009452162340966241,0.008788924795952724,0.0015935216579334721,-0.020700654474163693,0.010599183872874285
2023-03-21,0.024386479800772465,0.013270759034565982,0.012666196076454916,0.008089015214261863,0.011560646457710932,0.0,-0.002724589341373429,-0.004892607109583169,0.005589398477269691,-0.01120245695662836,0.006992965852912425,0.007585596095580183,-0.004525292790567903,0.006712950322745215,-0.02725969437439646,0.03988524061473653,0.02983849518513826,0.006544554066270969,-0.0033828296063406205,0.010897340006281064,0.01409746610509699,0.0,0.10222228322149784,0.00043671616899398913,-0.00031191837051780524,-0.004749625317980732,0.007637155748303259,-0.011335125451248151,0.010015246374474929,0.0013849603682700717,0.0017374545518993312,0.021412751726653134,-0.0019873717481481146,0.002635720910048711,-0.003580259032505251,0.014799128105689174,0.0019233023174043407,-0.003837704055058455,0.0014762934339485057,-0.0016865208985435975,0.010324376960633819,0.03670716343529645,0.0036656050795367268,0.00236500222611169,0.007332193210433546,-0.01857488060347412,0.0017240677120919923,0.010409086290870562,-0.004026002934342965,0.0,-0.008592302074990177,0.022964911962532586,0.026144603328936533,0.0002047985151392151,0.0018537379932677123,0.01221116762717922,0.008293346862296547,0.014087089118353768,0.018297701136680722,0.0016259759170100807,0.00916023763463425
2023-03-22,-0.019937453420442175,-0.010725856242223886,-0.0012719471354476486,-0.01467896482907649,0.051428479205405164,0.006629860002508536,0.008879481121929045,0.0026632283585312777,-0.02408636188534008,-0.017678654099247404,0.0019289740289161195,-0.015875365293967714,0.0074682310449871725,0.005000909072713888,-0.024582122631430336,-0.02036436580430545,-0.010898577827216593,-0.0032509299387210033,0.008485635668009417,-0.008945003086473169,-0.009368457307423084,0.0035622930846679335,-0.012096812589086459,0.0,-0.016057923969757137,0.003618780203294536,-0.004042028773847406,-0.0025477559788643633,-0.0010165936907153839,0.006915734251149663,-0.001982136798258316,-0.003457544370190968,-0.013655848655232727,-0.01235531157058034,-0.004765133215457906,-0.017708312109221636,-0.0019196103264149667,-0.020913593515975437,-0.006929148203203672,0.009171990542259145,-0.00875918173279866,-0.028433274271654763,0.0036523692225665094,-0.00842648095362808,-0.012837559422104516,-0.02109834472139649,0.008032091178532985,-0.004268053224893986,-0.004321392771078458,0.0,0.013333398158873688,0.0017051031709076625,0.004330058847939355,0.0057352425810641705,0.00528529629382013,-0.01714855660138559,-0.016184519676271547,-0.017740544840954442,-0.007031346958929152,0.0064935004616650804,-0.01271322862458324
2023-03-23,-0.004099072021983563,0.0026249237401212433,0.0031840047367144297,0.004245445747333765,-0.04891296005627621,0.0019118555298045514,0.002301977488735174,0.005721361460340413,-0.006903579104077906,0.003064550134945776,-0.002695429140777361,0.0006649805435063882,0.0027399851454659174,0.007464329510267431,-0.012096548959912301,-0.010393979436513101,-0.0008061484164980648,0.0013046699618655122,0.0037646623856075756,0.011802828899050155,-0.008236767033150127,0.0005917179767895853,-0.05918369370761234,-0.0052379452368563895,0.003367258077842994,0.0014963816251254425,-0.0035515985598244537,-0.005108600107160632,-0.0005088721664808782,0.0047095410391111425,0.001241510365124654,-0.0017567612617193085,-0.01615243767055441,-0.00399280869742058,-0.00031370462709678915,-0.00176739597621145,0.0019233023174043407,-0.005340286475011835,-0.002375202710951263,0.0064578317691452725,0.004050106720813851,-0.004417552121750101,-0.002911232137390418,-0.004872046101040639,0.0012067409792617667,-0.011410491314093996,0.0034147730682245747,0.0016995490459386087,-0.008236505698366647,-0.038211468575696794,0.0,-0.022127616385300697,-0.008622873691391364,-0.0004070889173846126,0.0015771298980824522,0.01754909295362439,0.001887602754172324,0.0008093157759996306,-0.003662981120138631,0.017741957564260336,-0.0025597482165156116
2023-03-24,0.006859844798258852,0.002390347528276493,-0.0023274912145890836,0.006917751481108736,-0.05999993083262534,0.0023324840278002856,0.0020262976187903625,0.000203276598070401,0.015119822839720243,0.019552426545911272,0.00463334020319528,0.006648041881468947,-0.0025715789914363407,-0.0022638044855655126,0.026530346007316075,-0.009555349007506542,-0.02313073392375331,0.0011746719130429906,0.0018800704361203735,0.005133358980151659,-0.008424982448773433,0.001679663276216825,0.01952279046235028,0.00707019542328724,0.012286737755267119,0.0017659274100809697,0.007637155748303259,-0.02952497220070105,0.0005116873622748042,0.003124864853289999,-0.0004960454865429176,-0.005719217915495234,0.02228093396598485,0.020310103907991373,0.024416962271992748,0.01026914310237692,-0.003838756446233882,0.02006218247197533,0.02738099186695253,-0.013015524863451922,0.0018334979558385367,0.01552974270929175,0.00364962728952678,0.019584072927757434,0.011649696281649469,0.03238212251121109,0.0011345474224400132,-0.001106431931083618,0.010681284182280093,0.040540537613540595,0.004229066576252105,0.03638657049051952,-0.00042081488138212553,-0.0008150435170569681,0.001312168260568125,0.006280671913666547,0.008990616337775315,0.007575908058705005,0.031045747046325234,-0.022186983796377957,0.006651251751550902
2023-03-27,0.004996100990747321,0.003520543128623377,0.005302259521103636,0.00709918283264277,0.03647417780150941,-0.010365773004689327,-0.010381300445024833,-0.006906293536566355,0.009244933328627747,0.00800869741193777,0.025749297833865592,0.0026498326015407248,-0.002022091218290667,-0.0010314124615103948,0.006958445263972601,0.025035854150268655,0.018447160716472455,0.004563186346180581,-0.00927353792552521,0.00501603691299457,0.014939427742002742,-0.0020713359989673608,0.0085106979166516,0.01140872331906051,0.003288992415050096,-0.0010169136031187298,-0.005052535967309257,-0.007936537286366896,-0.0025580573814030227,-0.009929959791778797,0.0012403005978929293,0.007300714961832044,0.006595899865152743,0.011000373361034654,-0.0012262025114122554,0.0005257173336916665,0.001926541643973767,0.00332413727545533,0.0017381278473505013,0.002651982875637948,0.0007322047282840582,0.007099948393930466,0.01890917177162943,0.0022336293098510485,0.01389803678291246,0.00031062446890217643,0.014730932976225741,0.00987800550059803,0.0015596141651430528,-0.006233740822134792,-0.02349070085105831,-0.01604136898347308,0.0491227875594642,-0.0032627443294193093,-0.0060286427287062905,0.010154408615202115,0.004161792942404485,0.0024872251168881476,0.00713149322392681,0.0032414879544906405,0.006113396565249785
2023-03-28,0.006477909156129558,0.0009052759173591163,0.004641319703463376,-0.0017432656669154056,-0.026393188341640506,-0.0010690802343351624,-0.0017711952941268372,-0.0006135120008032846,0.0025445411626878744,0.012431110797791467,0.0026227161751133377,-0.0006607731611648626,-0.0019450722729305037,0.004749145914552111,0.007403703521989158,0.0167238079420442,-0.005677256509705519,0.0032447439327643046,-0.0017829540857968729,0.005217865584479231,-0.0045999375817755705,0.002767321418855051,-0.029535926425476644,0.005205846715735651,-0.0015220707258642996,-0.0002714336722025035,-0.0015240457350047532,0.005333378572502934,0.0,-0.0021628572307919036,-0.001982136798258316,0.013837220141150963,0.001139540327215638,-0.005440340899412477,0.00959173612658204,-0.00017514703339915894,-0.009615348838507232,0.0016567370179969565,0.006217445174359071,-0.012983953178623331,0.0021944901706805187,0.0005422940405526155,0.004282616195895095,-0.0003344142362200486,-0.0003915864197576724,0.0040360476291179115,0.01395867778764015,3.6696101624711375e-05,0.00404411266515714,-0.026137129730279485,0.0018208885022592547,0.03814218774746014,0.009364634550704798,-0.0006135157410495085,-0.0011864228628689633,0.0009316814956537023,0.0007166898771444608,-0.0012405270883117936,-0.019669358883981913,-0.01777061914338629,-0.0011424126262324918
2023-03-29,0.014818224096059263,0.012210081135125339,0.009239840941279054,0.004821441862928211,0.009036170201905946,0.0017120857753425422,0.0010918384244613666,-0.0004094617180648852,0.014382398031887567,-0.0014413413982532486,-0.005979064667582912,0.01223146485871851,0.003410581710550753,0.005343090557767161,0.00808428287415297,0.015913091802254975,0.02338240257149038,0.004527696568529915,0.00022308750420330092,0.004287753015152385,0.02125686726142595,0.00039413493670781286,-0.04130436585395714,-0.003452709011446453,0.005862904257804669,0.001833182362956709,0.013733581466868428,0.013262522192486692,0.007437717671762822,0.001970449527546325,0.0032273932123332294,0.008124217447785576,0.004268734001316554,0.007293580993323223,0.00691656363553772,0.011913112675663529,0.009708701389132601,0.012128028366877652,0.011208539525627614,0.016321676258664652,0.01058405423446529,0.00704600152254975,-0.004975128417794128,0.006910897148283857,0.0020896659943137053,0.013605305999276451,-0.004955924141578083,0.010658811386616618,0.005416567509137771,0.0005367486218326167,-0.002008860147682201,-0.03125927306012166,-0.005964332411676709,0.0014328627212694123,0.0017160190241418682,0.006123964644440427,0.010566540009214753,0.013324989326466197,0.017656425896253047,0.014802656861388819,0.01424411278685822
2023-03-30,0.0008849355404101367,0.008153637319220364,0.011444081233812797,0.004647355753196081,-0.026865586554319587,0.0007476038623350778,0.0013633956115581825,-0.001023682663413239,0.002168710262657969,0.010050815377384836,0.006015028914439613,0.004898891638852598,0.003561056315513067,0.008585610720364789,0.007290457051267296,0.003840569468589461,0.01594060265289654,0.008371049093860217,0.0017860279796346745,0.006292231858024966,0.02051299022008135,0.0029559157803973335,-0.03174599742020845,0.003464671514004536,0.0019429619752957539,0.0009487541042463299,0.0030104579976204526,-0.005235571987322496,0.0022912078222339094,0.0015735809567527514,0.007176569157226309,0.0099654634290951,0.0011399302548651402,0.004396242421659258,0.004000356263061278,0.00900274437984594,0.0057694418528071445,0.004357115934064293,-0.005786925844554092,0.003115874877391178,0.0108341969334953,-0.0005382079034123022,0.006428587272397257,0.0008857308145222564,0.004039923003349655,0.003965928318530265,0.0011068017011770515,0.013748048264906387,0.006124321301917979,0.0,0.004601295794580684,-0.12738949162568758,0.016666769353388844,0.0004087653144098091,0.0005270583075733803,0.0035545975633153315,0.005385758328839696,0.00518191978887228,-0.024448049642602943,-0.024311198300264847,0.004766826065294882
2023-03-31,0.00014731944234736005,0.009971233919320754,0.0032914359592290943,0.007408841028655466,-0.06441710578069415,0.005251668972221957,0.005173551265215792,0.002664319718366226,0.008987745190441654,0.013708746569760955,0.010089784605914698,0.012999550811431781,0.004516306789714264,-0.00020276876287905754,0.01061504198830221,0.014028550734172196,0.0005228505792433946,0.0025542023317455254,0.004010776317142195,0.012282363643702832,0.000590989026168387,0.0007073027617174876,-0.03981268547433947,0.01381110197972757,0.012138503486791352,0.0006094127255820148,0.012006152406456971,0.01973691569739433,0.009905563349946078,0.007070115759815199,0.010073611552219086,0.006306130396607212,0.004269842003275848,-0.0043770000682795684,0.009097257236190037,0.01201096039151972,-0.009560423083143643,0.010845878358812566,0.0020122359877279283,0.0033453076518425995,0.00936040377923919,0.01077009749424862,0.009226366966438082,0.008129149143318859,0.007658404972016086,0.008811801066140434,0.0049751012048198096,0.0030335615127770055,0.008443852422951315,-0.007242272886400336,0.01498086838765933,0.09113197690214103,0.01967193418026225,0.002247692339143459,0.004083416741203605,0.02537589577053212,0.011235898909911057,0.0160755444927676,0.012126259248714577,0.0049834235719934394,0.012906108220676948
2023-04-03,0.010903224792077948,0.00581409592125226,0.007176469152602838,0.0017170961397598994,0.0032786090076202257,0.0032580956405221517,0.004250060872376782,0.0016787726805616021,0.0014847774625055266,-0.0063181153965372605,0.02145761651548317,0.004651802734845667,0.0024084484399156114,0.0058787869367198375,-0.0019099468395604724,0.06850634866179472,0.0033976510333082466,0.007643154186011802,0.005326211887668686,0.007500388832813787,0.0038406671442954288,-0.00011782776691982022,0.021951235451343365,0.0076628952154449426,0.008698159494296975,-0.00033845279013600127,0.004448835870979773,-0.019354909480644222,0.0012581612076703053,0.006181037551725277,-0.0002433636252252569,0.011510443739452425,0.003117896783164431,0.00465469155456244,0.005885758023263188,0.005086366415508969,0.017374569201681567,-0.0008046450396490545,0.007171290151919196,0.0030958398215503724,0.0020529167092973033,0.006393259647379912,0.016877630350957906,0.0010971032783395618,0.007067975329694276,-0.007831392110718594,-0.0016502167885255048,0.004625581986873684,0.0002270222165798863,0.0,0.004702989977310557,-0.07420482335938272,0.047716986696692,0.0014271985765601514,0.003958229833914251,0.00951118850890409,0.010077562953112018,0.0016367511011461389,0.0023960412563104327,0.01322312746842047,0.003475206942844089
2023-04-04,-0.01049409165028703,-0.003489987554523455,-0.00020354755989837603,0.00175166667878357,0.006535877619552766,0.004245724635383086,0.004056050170737624,0.00040870715967478155,-0.001976535332682494,0.014345162131837785,-0.0036218801874995377,-0.007983145245164414,0.003523767491038221,0.00020154324542209778,0.001196114887730415,-0.019248228844277904,-0.0031256895174391897,-0.0012640821622512677,0.003973305577060993,-0.004160252688007571,0.0032370295609740474,0.0019635088870948447,-0.01909310436767453,-0.0016900605747489639,-0.00360871648489014,0.0016924031133740414,0.002460717124577849,0.015789457484063574,-0.0022610462182066637,0.0015551614853921425,0.003649755035892266,-0.009145614611791641,-0.0008477869963477991,-0.006177425824347882,-0.004073603606614129,-0.008771840098069972,-0.007589989359903071,-0.0010739509265917935,0.0042724855320661614,0.006172943026240274,-0.0014129138874761082,-0.01852828012855101,-0.0006916045570484197,-0.003561586434007724,0.0014193642546362906,0.0030360944796929967,0.006611658984430724,-0.001062649349989342,-0.008575636504682294,-0.0002702412422782574,0.004971725144359729,0.007980513120977362,0.0033145271440675472,0.001425075638766815,0.0011788049821510604,0.0023906745798842888,-0.0076747318567875755,-0.005719138918248712,-0.000796953874925288,0.0,-0.0051445020879852255
2023-04-05,0.010310758667147368,-0.005143936737443289,-0.006923196049771652,0.005952466486305097,0.0389612351757358,0.002324751262649194,0.00269337396976721,0.002042700931878416,0.004621189454346641,0.011137486189840562,0.001817408266638898,0.0,-0.0006385631387213486,-0.005440245849476666,0.025561205801143405,0.00938937761532177,-0.02691388981538345,-0.005696222413605456,0.0024187158184127977,-0.013852179569849854,-0.011146894839908716,0.0019594976134176267,-0.014598477236949847,0.0012695391779651288,0.016393441376759244,0.0002703674138699874,0.0009815072224845789,0.0012953662737380522,-0.0035244551288827752,0.0019408709924815248,0.006060556423837182,-0.015312508943174485,0.001131226166835031,0.010618897352626888,0.008924427878999497,-0.0003402719019495182,-0.03441692193845247,0.009406094483218386,0.01247863629130297,-0.0016516431984004987,-0.007428364850778246,-0.011326963710503568,0.0034602004000987563,0.009843150779976328,0.017005959445056673,0.02542351190971881,0.0,-0.003988568531089864,0.0024591593128320266,0.0,0.010454819339625443,0.013769417236406456,-0.0015903745996306284,0.0002031275785079334,0.000393100183265771,-0.006593439496391795,0.0030934917735756517,-0.003615335557596633,0.0007975895169813896,-0.014681916950681662,0.0035316996288841107
2023-04-06,0.005102824433151021,0.003960358335433289,0.004101007831300629,0.014053229731477712,-0.0031250922006430537,-0.0014759803463967325,-0.0002686928802027033,-0.0008155874816909714,-0.0004930788481577464,-0.00046098883103573574,-0.0029027154205640837,0.003218865759204048,-0.0006385490274931627,0.00020260485414413942,0.0030283900731153945,-0.016995403441273815,0.008324139058690116,0.006365425444653683,-0.00241287974799842,-0.0033444394833616053,0.012755785493619332,0.0033245089790945315,-0.012345737154354719,-0.0008451705827857703,0.005626347043305113,0.0009450921518965316,-0.0004904993833008131,-0.003880997600911651,0.0012634235889075196,-0.00038753851511719173,0.0055421716617134464,-0.003887816456215165,0.0067795721397780895,0.0030753683173705415,0.0061183463474827615,-0.00034045432537499476,0.00465863775014741,0.0023961649658763573,-0.004902016735820913,0.00874499418506014,0.005167589305741016,0.0060011048549970525,-0.003448268699365542,0.0039206431072094095,0.011021035906129573,0.005017871835481413,0.0027367732186702742,0.0034708250796886553,-0.0038865064511292013,-0.01081073061101423,0.002586583353260119,-0.0200338285396241,0.0012254779257219184,-0.0008129669065193301,-0.0009159134930226687,0.0029184066253336027,0.0028273566647001314,0.0034635357543439937,-0.008764849646151873,0.0,0.002261973101887138
2023-04-10,-0.004206615646492051,0.0006574122620759404,0.000816684023157821,-0.004741030485269304,-0.009404161127123167,-0.0038018461474476073,-0.006716757921179872,-0.003672361391482637,0.0006576465970467016,-0.0120962574785487,0.00036384787882970393,0.0019254549501421803,-0.0052740707490736005,0.0036459034125382317,0.0046444885242400424,0.018783453391981286,0.01624509494933357,-0.0006325437870674522,-0.006156499329414866,0.0008947746340799423,-0.00029287367299202227,-0.002143900696015666,-0.039999940963015845,0.0,-0.000634105410839414,0.0009453531932954728,-0.003434726458384829,0.01298693792582295,0.0027749707852597894,-0.005619701002001376,-0.00167731517701597,0.0008672499369135611,-0.011503773596594491,-0.0010219424769019048,-0.006740360464076445,0.004427680048884275,0.002016055750251766,0.0002654669282646793,-0.007318762107655696,0.004920284549545295,-0.0005318151184210418,-0.008676704648843403,0.002076105865083555,-0.00629204430943997,-0.0027568197484781898,0.0002936288016226474,0.0011461825599106135,0.0006560889057274366,0.0012394151353480876,0.0032788938493013564,-0.016124673347178597,0.04054047299751584,-0.004651313005724966,-0.0006101990514453259,-0.0022252603296298856,-0.0022528718426924055,0.004613038275863124,0.0012601504313223266,-0.0016077806417023055,0.004966922185069889,0.0005764882473338062
2023-04-11,0.005243988825508472,0.001971203088943163,0.003876753539656441,0.009527158373844546,0.0,-0.0004238795242795801,0.00040553301521528695,-0.0012289795174996732,0.0026044027162817063,-0.00601851835555256,0.0072754584430128055,0.000960462889169067,0.004016424380141936,0.008879860476439516,0.0,0.013827795997818582,0.004716898667204372,0.008860805696387475,0.0,0.010728725477653134,0.006152896439791888,0.002539751858454453,0.013020776357581587,0.008037302368965937,-0.0002984255336756503,3.3416928468588125e-05,0.0014772943751155676,-0.005128102719763383,0.0015102106276061456,-0.00019523227252116193,0.0026404595853852797,0.01356158741568625,0.0005676421461353609,0.003836344804213576,0.003097822215248902,-0.001356342268119426,0.0020123562479499313,0.0034520618781137546,-0.0031193615685087828,0.004429841776987242,0.003901981100528751,0.0049233649485112,0.005524979572444355,-0.00152832614399534,-0.0015073918065127145,0.0017614932444809384,-0.004416214492557691,0.005193571092761751,0.0056618854700394294,0.0,0.002060430116773926,0.007992058035083183,0.018199887966734662,0.000306352932806897,-0.0005248368134139758,0.00522165175709155,0.0015579583580263012,0.002188672591832086,0.007246442576981149,-0.0032948896805450323,0.003258640375098709
2023-04-12,0.01767869894486096,-0.001639393991695548,0.0022357994699517825,0.003992793598104782,0.03797452192106121,0.0010606432666839805,0.0010813236455151642,0.00020519779390659743,-0.0018083603606408039,0.0008350570254882506,0.008306249800144272,-0.002719432880077588,0.0038406954122351955,0.0016003315785633188,-0.00416062727772637,-0.0011020664592417129,0.007042341897425919,0.003136788806655577,0.0022125399312136196,0.002874692976997828,0.010483470043381127,0.0022991005470054393,-0.07455009837357018,0.0037766519512443253,-0.001754834187412735,0.002191472313631593,-0.003441594152873595,0.00386592016274534,0.0025124238263274368,0.0005850591827218921,0.005985015127976334,0.0028640476279777616,-0.001134872207984139,0.0007642250218864444,0.005441543769154178,-0.0030559647835111114,-0.006024172893589919,-0.0015875717600104533,-0.001422338915858079,0.006963974798154027,-0.003003502933638269,0.0038105232522265275,0.0061812623898984675,-0.0019681291877291507,0.0031458546446796465,-0.0002929078587771139,0.000547583374242322,0.008816729587008965,0.008593372232680974,0.0,-0.001027938104483761,0.0042945660547129005,0.013405727356108343,0.0010208340649029424,0.0011809471342745237,-0.005100889819569798,-0.0027542780507724407,-0.004586450508266782,0.0039966310154258,-0.0016529303415808716,-0.0024982983965624594
2023-04-13,0.0038444230503613674,0.013355231306068305,0.0137902309403386,0.017353616810864114,-0.027439096396726814,0.0003811680503302828,-0.0005397942588757365,-0.0002051556964102197,0.0018116364521889583,-0.009439894965433626,-0.002865362968449192,0.010426729731449091,0.0011159549680008762,0.011384073565176456,-0.004410514855933689,0.005034010568652603,0.014245056013658886,0.01000629566419664,0.0,0.007276940878165439,0.006916389716375093,-0.0017110050658788456,-0.0444444402395312,0.0025083808754784442,0.0157827915139932,0.002422235239944115,0.006906845095496106,-0.0038510323790238443,0.005764502528369464,0.0017530656728648175,0.0026178381186940936,0.017050340994233526,0.00085246957800722,-0.00280046494748587,0.0053392299466870075,0.01328324001183745,0.014141196783628907,0.0011131569143532083,0.003276120397424531,0.004610300934218214,0.012936392095667992,0.03253800233098625,0.0,0.009969220909249454,0.01041142410594409,-0.0023454915034205603,-0.006020830128132704,0.012410465812902949,6.794906828955227e-05,0.03213484504609543,-0.007858638201804324,0.050987015391575685,-0.0042903321631411195,0.0012233431094210712,0.001967292908807927,0.02008463815281969,0.009411289680855806,0.01299988583608358,0.007961771414518815,-0.004966843238520147,0.01106976724945663
2023-04-14,-0.0035460944479535073,-0.0029166624303791355,-0.004400851647431314,-0.00675187358512741,-0.021943632877496344,-0.0029227029735240384,-0.0044589138158576125,-0.0045107896075397,-0.001972845199961326,0.002895848060986417,0.002873596866496575,-0.003810117803195956,-0.0012739353885671267,-0.004739290791129558,-0.017719918831002324,0.006861528765957248,0.002553558441301007,-0.00681122829141223,-0.0061809609825356215,-0.00853769145893779,-0.004293005521890714,-0.0013629792072774594,-0.04651162330181213,0.0008339777810915106,-0.009572765956947005,-0.006262177611403241,-0.004977850520948124,0.005154535708348451,-0.0017442797634702467,-0.002916968676681342,-0.004035194639229078,-0.01089685463629686,-0.0039729465567796,-0.001786945872482959,-0.0009458302801159668,-0.0030251485568132397,0.0019921951260868376,-0.007465790975306863,-0.008943930159943658,-0.00917846729591354,-0.0029741479376922397,-0.011554856831466731,0.0006826349410973265,-0.004718272278108282,-0.013035636422083163,-0.010579050354422526,0.0011013164759061667,-0.004005500512825222,-0.005875690622812013,0.0,-0.009146735009493145,0.0372455535064955,0.005027008266397237,-0.0014256819488335237,-0.002224607823669622,-0.0018905078224666916,-0.006840437047636039,-0.003411212022668253,0.003949495449621754,0.004991635911596681,-0.0018579018106462675
2023-04-17,0.009964376312503465,0.001841737754275874,0.0002008892068809942,0.004329020644928017,-0.006410187882052498,-0.004035229331597168,-0.005428923609650527,-0.00247169847216,0.0029653960306625926,0.008609743937387337,-0.006088839811234648,0.00541844349680165,-0.003029052042750724,-0.002381009386229649,0.012817571614096357,-0.014583543368092533,-0.00483942393646164,0.001246947294809564,-0.00553104047778874,0.0035327501617909984,0.0,-0.001950107598734152,0.0060975343822227135,0.001666736841456684,0.005947807747960887,-0.000452373985963761,0.0,-0.007692263802975496,-0.006240407120529867,-0.004681121338868777,-0.004766387103279146,0.005084704410166729,0.008262052175128654,0.011253315461781321,0.009466271047081198,0.003034327849327667,0.0,0.007468515573207046,0.006446075624443548,0.0013894783526198218,0.002983019880116844,0.007439035020781359,-0.003410633806733343,0.005122440694583785,-0.0006288328952162026,0.0029702690096105044,-0.013751489663506034,-0.0013522324605078628,0.00684234576531928,0.0,-0.01189554214184696,0.06547993244295403,-0.010837318517344041,-0.0008158765943347968,-0.0020985212177642154,0.003095306426092126,0.006377602548442551,0.004781275179327915,-0.0015735184278702352,0.0016556670438732102,0.004516800608620919
2023-04-18,0.018322760675866023,0.0018385245019294505,0.0034151726471558508,-0.0007480447220107322,-0.009677445385571137,0.0010659809341746485,0.0015014930686609862,0.001238955193861635,-0.0003285065593360281,-0.003851548777102809,0.002882916585728701,0.00142623739048231,0.0023986780430929056,-0.0009944082295809675,0.004218354411557712,0.0005530295448328282,0.016636777894844634,0.0031133506328815397,0.0015412618331640537,0.003960364501936153,0.00603616971894283,-0.0062525863315221475,-0.04848484473170267,0.004991548610356444,-0.009608363187227242,0.0017566924961063268,0.0,-0.0038759098480721788,0.005525874263982544,0.0015678244291994492,-0.004070855182965127,-0.0008432079567959327,0.0,-0.0020234297466787954,0.0007213368434240142,0.0003362371980513146,0.019880696548270738,-0.0031771603403562,0.003416112181082731,0.0030063440339009873,0.0031490936617877274,-0.0163501918814265,0.002737802178881976,0.0020600352347948103,-0.007552053790976121,-0.00562622290146797,-0.001115323430540105,0.003124567983185278,-0.002709320243400537,-0.023746762103126318,0.003563276978945318,0.01359379973598096,-0.0019259606138756213,0.00010196783701510448,0.0002629780736604914,0.0038685713613291206,0.0,0.0007570222947843597,-0.023640732617683402,0.006611563734210124,0.0012108094917915313
2023-04-19,-0.001660861904707489,-0.0020510809824422216,-0.005205364954842806,0.0,0.03257337837548935,-0.0023431671609033256,-0.0013629368387670926,-0.0012374220833445415,0.0004927828767116171,0.004650257558862059,-0.014732342753327798,-0.0009496178177471615,-0.002233408944556814,-0.010252784828748363,0.004434387121344141,-0.006980788892393619,-0.002265719485034845,-0.004345216803086971,-0.00044606062649865663,-0.003725767860206508,-0.0022857831516460703,-0.0031457585644038,0.08280255007368775,-0.013244826493359563,0.00018667185290532906,-0.0019704630108986487,0.0019813889138617924,-0.02723738086481098,-0.003497274699927777,-0.004304621293211297,-0.00048092517819620095,-0.007805833181229627,-0.001130151594204598,0.0002534970822285487,-0.0023788665810277054,-0.003696314366153808,0.0019490163142401595,0.000796737529312308,-0.0019859767844169207,-0.007839429234538176,-0.004185657606589621,0.009115121456785502,-0.01365191899181295,-0.0005951834503148401,-0.0017754499791302614,0.007742647870380148,0.0,-0.0038068651263384323,0.003033597463431459,0.0,-0.0009595337550470928,-0.022911522780987514,-0.012126986922352034,0.0001019574406353474,-0.0018395837160236628,-0.010781260603258236,-0.004943211216352106,-0.0007023079046770686,0.0008070236128185915,0.0016419953684940758,-0.00039503170952237543
2023-04-20,0.000831923712628857,-0.003677585801707961,-0.0004025078892950784,-0.0017826306180995788,-0.012618329721703958,0.0010677093198760979,0.004366800216368816,0.0035101397573302773,-0.002299168588598244,-0.009985871205665298,-0.014952553321328832,-0.003168506640079616,0.0007991497711337114,0.0011062884396266792,-0.000929506129354829,-0.012041353050447401,-0.0068131040050489755,-0.0006234059374082834,0.004239371164896033,0.0028597931001221877,-0.003722679069873891,0.0013806175867794312,-0.11176468820425722,-0.009228230490206601,-0.001678840473110288,0.0005464463912630002,-0.0029660355833294183,0.0013333636618348965,-0.0022561708708608297,0.0035370359919713046,0.0019245339615274748,-0.0016159990815435288,0.005091783262280547,-0.0015201527971233642,0.005346911019183276,-0.003035351344012671,0.005836825116736444,-0.008492104412226698,0.00952235339767582,0.0004648348386278034,-0.0010507066905716123,-0.007438752915906566,-0.00968851799534931,0.0033025448510521915,0.0030493036924483796,0.0,0.0,-0.0008686209029800107,0.00029345481155829134,0.0,0.00854928360433993,-0.035744747408218536,-0.018942256692854875,0.002245145938485571,0.002895656170200933,-0.0016232109094849179,-0.0029297170964054375,-0.005082747046838754,0.000806594564621399,-0.004917989088558561,-0.002962226792144196
2023-04-21,-0.007064751198279207,0.0006514321766277753,-0.00020121103426440357,0.008321467154384088,-0.04153365697378131,0.0008530029333631006,-0.0017664421406617947,-0.0020575862617889795,0.0003294878474571217,-0.0032571118837045887,0.0007405140615912575,0.0009534784655058637,-0.0001597586307489074,-0.004822216398308932,0.005116253082136479,-0.005988637336379776,0.0015241237238790006,0.001247589629599144,-0.001448229931650502,0.00416746092982434,0.0014371308861591547,-0.0009873541611198355,0.015452546432225045,-0.006773944041331803,0.008482756184914564,-0.004779840690735004,0.0014874295606692733,0.006657788905706008,0.0005046974501317081,-0.00039154422271669986,0.0014404205397497982,0.001831531283950305,-0.006191801895481963,-0.004821220220517453,0.01746452997367398,-0.0013531964485243853,-0.03094779376262735,0.003211573837465842,0.004082868520045357,0.0027874397394707096,-0.0014024393739578978,0.0037475000264679537,-0.002096489617346764,0.00043159429125361193,0.011019640172363898,0.002954808557101618,0.0,0.004694111035136617,0.005009206286348933,0.0,-0.0056191441818852494,-0.03469771154028645,0.008024172709844235,0.0,-0.0003936716011953001,0.010637773788843896,-0.00033201533614013456,-0.0011958150589340688,-0.005640503783984729,0.0049422952426343425,0.00024750896184855264
2023-04-24,0.01157923827622831,0.00043389001173776975,0.0012082530152397464,0.0013106184346001193,-0.016666533668894146,0.0019183897394008387,0.003946407500380333,-0.0008246615742649732,0.0008224050824563456,-0.013229344698526657,0.0077690994511334655,0.0011122803093064348,0.002165673646841171,0.0014132848120484987,0.005321667994897972,0.017010718882403575,0.0005074048595374858,0.0012461027569559135,0.004016078843528392,0.0006555009111846033,0.0017223018872276619,0.0021743424303988235,0.13586956401016792,0.0004261002746057674,-0.0017415516899723649,0.0001372289935794857,0.0009902608218310682,-0.018518561844500736,0.0030281391336623997,0.0047013786579643835,0.006952801139707532,-0.0017005768725490977,0.0014158320992423423,-0.0010198580044714634,0.006074524402012393,0.0016937544576844932,-0.007984095755820264,0.0005604038064610517,0.006870316323194681,0.012971984647383472,0.0021067197726749587,0.003733013176048461,0.006302536899107647,0.00048537923659908166,-0.001503549752491451,0.0020626002114756403,0.0,0.0005191146128953328,0.00527593715091057,-0.00675666601976066,0.009673851182413262,0.03655927826543648,0.01243774841304246,0.00020343734621919296,0.0017075086684668062,-0.008825164520717577,0.00109888221327048,0.0025575436590656864,0.0032413964806707884,-0.004917989088558561,0.002475499252086566
2023-04-25,0.0011031971805068874,-0.016050341243937116,-0.015285656005585624,-0.005659721802915851,-0.006779678944079159,0.006168839757417555,0.006506669484234839,0.00784145036405981,-0.0023016064060555896,0.003044306192535373,-0.016886934838649337,-0.013172433136334316,0.001440919963656473,-0.015524111460767154,0.003682259685705791,-0.028991684319462974,-0.022312235982399176,-0.014312380841672634,0.007111168568176174,-0.009604944931338566,-0.01862472849750496,0.0030571838363682158,-0.057416277923248105,-0.01193001420050177,-0.007052596231297836,0.006517011668445205,-0.0059345492939638644,-0.008086206734806978,-0.00025151680087909245,0.004679128407973021,-0.006428563006069199,-0.024063138836345255,0.014988891250347747,0.006636124346750316,0.015727119109224086,-0.01586071433343572,0.014084590798298935,-0.002426417762852018,0.009608807685956622,-0.007774981146067783,-0.016117775249521515,-0.01594019489497378,-0.011830191297509951,0.022695490472400826,-0.0020074166859249676,-0.0002940931532925406,-0.007258601717170854,-0.014700936107657436,-0.023226710083844138,0.0,0.014704746888005493,-0.04860702124878702,-0.019041907256797552,0.0028504694731823488,0.0032766643556858543,-0.01303102158872338,-0.008935200445734037,-0.019050300051153934,-0.01615495198639405,0.0016474055620891992,-0.011851932661813835
2023-04-26,-0.004132706865521474,-0.0025349480602012697,0.0006128058653653845,-0.006403480702011577,-0.027303826957030042,-0.00042325275439558663,-0.003501529840717388,-0.0032762032061438573,-0.003625691052674851,-0.015229615702754828,-0.01829723416313045,-0.004985734564337818,-0.0023978206680106418,0.0028670068825025208,-0.018802915601767167,-0.017225350005655504,0.016856819062606387,0.0018940374365852275,-0.003309997834421874,-0.005069598969461575,0.011094882953351703,-0.0018682790850168551,-0.015228429204343086,-0.010780519533890476,-0.015626108781820358,-0.0051797945667895195,-0.007960238295534494,0.012228228533659902,-0.002516482871864456,-0.0034932724455544184,0.007428780343838648,0.0036221099192961237,-0.010866662626153989,-0.0020284491916322533,-0.007327035620521505,-0.0027832923682310495,-0.003968344256561784,-0.01357968848776625,-0.0023449701676989676,0.002304800349970826,-0.0010684369715279196,0.0,-0.016197134115207734,-0.006167437096463724,-0.015086815363886452,-0.02058805468695335,0.014060799849517247,-0.0026678638109907116,-0.014427569510369831,0.030475917990751,-0.010658372378114844,-0.036137099134936346,-0.0276767831177559,-0.0004064313944336373,-0.0013067170633949132,-0.002960067153675916,-0.003245845091766286,-0.003153639388206897,-0.025451775274812127,0.0016447745077832199,-0.0059970944689667904
2023-04-27,0.02199468609644728,0.01712706378902129,0.01265561370527446,0.0017901499982260205,0.04912275270739719,-0.0046527247403124194,-0.004324805640296692,-0.002464663266839029,0.0028449778570154294,-0.002811894373734858,0.0011411116014186096,0.016486423957069674,-0.0011215741211588748,0.014294465326423422,-0.00023398134732721676,0.008252455360098665,0.0007652350450222389,0.008821652875470098,-0.005091925906929973,0.01772282232230804,0.010395616663339213,-0.0011817947873179468,-0.0463917612651199,-0.0008719658025380106,0.001443057279310267,0.0025350474655425614,0.012035995150159184,0.0,0.0015137445083737155,-0.0035053512262928077,0.010228390463596249,0.010522546052990522,-0.05521113510479103,0.008130177276241879,0.019288274744719835,0.018952373217167695,0.007968191759407661,0.012682556108474685,0.02060020950511432,0.013566186479164744,0.020320935812837337,0.017818326614877034,0.002147439309655219,0.006099471360806241,0.005744319980201196,0.00870878172195333,0.014420343899696375,0.011651144359150933,0.050875883208484574,-0.0150513008883576,-0.009922348096300437,0.019715563747446208,0.003992593672801803,-0.0008121319170408814,-0.0024853573292450415,0.02214890712691342,0.01333528024469377,0.019870036169377547,-0.016849174101647213,0.003284069035370152,0.018250446322128244
2023-04-28,0.016107196691615755,0.005866278111596124,0.001411007846792156,0.007505403731722815,-0.003344311009858658,0.0063746759699796485,0.005565674664613773,0.008031124610471174,0.0016162102275032453,0.007374972314996064,0.011778073118584809,0.009540486861344677,0.003208236373722917,0.004630584706890817,-0.007947439069534878,0.029986991636007376,0.013761225418195355,0.0049968639014639216,0.006230521577045289,-0.00761865849531107,0.008288103859502183,0.002248477110711411,0.0540540401216314,0.008289784365062447,0.008721859362768258,-0.0010866208445633463,0.007433004519129094,0.009395957117686704,0.004030474933286232,0.0064492371263420445,0.005650979475086526,0.0012048550321437368,-0.02504499869864918,-0.010332661457363224,-0.010178612608332527,0.007778083090314469,-0.0059287551751904255,0.006422222116672316,0.039284802703280386,0.013158038817376205,0.0027952192947995336,0.0015916374114217646,0.010714262663903629,0.0063260838593601765,0.001015300688137044,-0.000595600936892482,0.008201342733769046,-0.0002783047688331708,0.003973554569112636,0.0,0.01613057526190964,-0.006339075307520425,0.022707010614896772,0.0010160342742937534,0.0024915497206043913,0.022591058894191995,0.008722218749467325,0.00810892670655905,0.029991679219297795,-0.0016366986355668134,0.01002277676759511
2023-05-01,0.011056452365360903,-0.0012959380044760271,-0.0018115259547131224,0.002483164094843726,-0.010067140445956024,-0.009020433782343185,-0.0102842424195011,-0.004500693349822615,0.0006588446924828961,0.004629447445536394,-0.007134795179592479,0.0007874958396978382,-0.0022385554929116314,-0.003005942492818936,0.017436483680331127,-0.0018987955724045769,-0.005278875178899023,0.0,-0.010172213135603458,-0.0008773988391719278,-0.0011338812031651546,-0.004801730496121759,0.0005128182914320156,-0.005625418544701999,0.011879933980960322,-0.004179898264517479,-0.00983781417816676,0.0066490116391466625,-0.0062721524094839776,-0.011492024756381336,0.002341388838726699,-0.00210586828587922,-0.003975457296687801,0.012477658668659908,0.006625620155102263,0.0006711491773943035,0.013916346565939097,-0.000265861605662554,0.006517294950272978,0.001567234776092663,-0.0017422127219860473,-0.005826284554261263,-0.0077738056834834035,0.004138514076207578,0.005451972723883758,0.000893662642804216,0.009761459703428121,-0.0026800050355527683,0.008465789163177195,0.0,-0.028834590826709028,-0.054545524545143276,-0.010536917615511565,-0.001624110910698584,-0.0031080537209404735,-0.01082055768557233,0.004500504555079665,-5.4092050870702124e-05,-0.0016643022436001464,-0.008196674537606752,0.0015161675418626785
2023-05-02,0.001712705628799327,-0.011246870670000964,-0.010082738844715222,-0.008492587322259104,-0.013559357888158319,0.007692176219119995,0.00984351936232386,0.008425805947884557,-0.018924079944311556,-0.005894013186528713,-0.029122504297846574,-0.010072253070000814,0.00048082193408682805,-0.006030173092477886,-0.01412700314339388,-0.04847465598368372,-0.006823333515893815,-0.018645072739577273,0.010165346230188055,-0.013830891590821182,-0.011918181727686883,0.003954883268176834,0.00461306882306789,-0.013924757847105229,-0.010254186329722081,0.01387727287706686,-0.0004965664912817136,0.005283909615260818,0.0015143204622367623,0.009458004293650513,-0.0056061889671743526,-0.015461362399542877,-0.0009209397225744542,-0.0077968000938425375,0.00020556086836065468,-0.01274301935129074,-0.013725339978069018,-0.014361918133986906,0.00492062037979446,-0.0035769964003687926,-0.00977309452204922,-0.015983007690297257,-0.024216575113015337,0.0029737174812125566,-0.0011349558939207638,-0.012202364125635912,-0.0026854459135133846,-0.00971911487523891,0.004557008994720224,-0.012868687372187604,0.024920069312936777,-0.025641104587257657,-0.05020289288292479,0.0014233866771184989,0.0028942699677678707,0.0009571890799906502,-0.008809257080845234,-0.012363044935547296,-0.03333328751249187,-0.0016529303415808716,-0.010958492166300626
2023-05-03,-0.005392520626655184,-0.0036093061720845476,0.0008148549410216255,0.006780859451447796,-0.013745741314073912,0.0019086113658757231,0.004197446637431268,-0.0008152960435983125,-0.005534982629941565,-0.022638066120782785,-0.01908842723338,-0.006518554753917605,0.0024025325830829836,-0.00040455382169513054,-0.005637916416232236,-0.04642727809550529,-0.010178052649328695,0.005066484366772928,0.004754775880320361,0.005120291930226228,-0.0020102619586743753,0.0011818075222871371,0.012755115694524699,-0.00882631365037656,0.00037528656392527004,0.006233899417096511,-0.002484980691175198,-0.03022325441418383,-0.0005039343320609735,0.0023422428812698293,-0.0007047808037008441,0.0006124415122046312,0.007682723769814048,0.020278906352867,-0.002056694824226435,-0.006453916037700291,-0.0019882341756525257,-0.00485675868888269,-0.007474176242184827,-0.008077221825914527,-0.0014099256316880693,0.0005414132639638414,-0.014598509158106787,-0.0003641823840001557,0.0016411535693319212,-0.0012052534494459977,0.021001577165950636,0.0036474529154717494,-0.009333239062943366,-0.015480736006703855,0.0055816038052807215,0.007271603784287928,-0.04111040593146009,0.002031214275195259,0.0030168889046477965,0.013523942342944961,-0.007618101898554053,-0.006668829950054689,0.007758811110384345,-0.006622510282393357,-0.009006987660072352
2023-05-04,-0.035704979146923055,-0.0036224680043051016,0.000813940869781371,-0.0077986181507523344,0.010453083805930241,0.0010581803954838875,-0.0013482642918839494,0.00020390403308034877,-0.011300236470657032,0.014338506385396022,0.003971410389013164,-0.00768129662222905,0.0004793688737523283,0.004855385935783385,0.005433758370523956,-0.021664944500863093,-0.0023136878438050346,0.0031504876597117093,-0.0011007242356223523,-0.0019933857773268837,-0.0005757709631930563,0.0008852070734723938,0.01158685086661837,0.0022260906271187597,-0.007879931803375984,0.0063300375282777654,-0.0019931203647314266,0.01219501164045389,-0.003530572219093253,-0.0007786458153467013,0.0065820519732484595,-0.002360762673043859,-0.009149104136711328,0.014658308413109111,-0.008036512816266939,-0.009230782193703768,-0.023904104282271632,-0.0015028705802111464,0.003505777994481596,0.005881120693634223,-0.005294614981332879,-0.025973845948209173,0.004444481030233982,0.006244119825174144,-0.00920078754548792,0.006938341214598687,0.01265839805389346,-0.002984564145225188,-0.006441314178156965,-0.0071724770370416024,-0.009878693429419272,0.0048126383240114645,0.005846161335062883,-0.0008105739159909309,0.000391953811314405,-0.00813189331545705,-0.00742072394336768,-0.006768654830037746,-0.029084723225328624,0.0,-0.0064736315776594555
2023-05-05,0.025918886888429693,0.016966017702723102,0.015456723344936085,0.01068233027434573,0.00696863885270993,-0.0033827947125791846,-0.003644945519817644,-0.003874335829376019,0.018764868125874523,0.006524430256993341,0.024129632704785076,0.017900449338608793,-0.003194331342584844,0.013086392649305223,0.006813680552297807,0.054052085590454935,0.015975319270937982,0.015075543492980126,-0.0032612544525181253,0.017310145177309666,0.014397057230115973,0.0004911923094346182,-0.013944230405981917,0.01865843064249173,0.013275413434174821,-0.009636091031895333,0.004493247150645363,-0.0013386421756609312,0.0030368778439642252,-0.003508260560342369,0.0,0.01792271651659516,0.022776264058429918,0.011753160762305148,0.005331877518861772,0.016218179417802903,0.012244691652814943,0.01466755448258672,0.0034932141239349956,0.00832023194921061,0.01632353586905122,0.002222274003427671,0.022861276216498583,0.0046026072759079995,0.010940213657544051,0.008987553392216352,0.009374730638673556,0.015143527229827036,0.010231904039557094,0.00027801158808404836,-0.003325537387359301,0.014710883916977835,0.03591239035798943,-0.0016230813421441725,-0.0027446998471117867,-0.005797920902836151,0.01649893378075329,0.018726945721643462,0.008810498259161692,0.001666704813639397,0.01824512374827969
2023-05-08,0.017778360263027926,0.00043331839112115134,0.0008011462326151797,0.00038886268044380223,-0.017301078540253534,-0.004030720598144022,-0.004742752724380739,-0.0022517287012915332,-0.006530517325364693,0.0030248938982917473,0.009270016181281093,-0.002693269461675807,0.00016022487445122024,0.0,-0.0018669596996122584,-0.0015814119968724505,0.00862276966971276,0.0024751064561916447,-0.005681805266902429,0.0015270740275834527,0.0008511953093435221,-0.0009819840458445972,0.04242426494311702,0.005233449541644397,-0.0019037396475458657,0.0004052140395385262,-0.002484980691175198,-0.04691665560853686,-0.0030276831401174764,-0.005476145067992766,0.0032695059286746986,0.0043480124188974845,-0.01143549386528886,-0.0058082612865716365,-0.0030307115053229694,-0.0006790590064683633,-0.03024184922734552,-0.007551583903044334,0.007091456344446634,0.0011150472125045496,0.0003490879381624623,0.02161841054584901,0.006488915932382655,-0.004735791011902801,0.0008806981629843058,-0.005641556793363645,-0.0025798006326146483,0.0019080920242731114,0.00028367273804286164,-0.00027793431912270794,-0.014014796858163536,-0.01213758577275248,0.018502076031356784,-0.0026411645793541494,-0.002097382507380341,0.0017312660991337658,-0.0010145532998714346,-0.0007613864476473386,-0.02183390831478893,-0.016638997946982093,-0.00031994796272016846
2023-05-09,0.006172839506172867,-0.004223002807533405,-0.00500295035259668,-0.004240257499499189,-0.021126942088492306,-0.000511107391234833,-0.0010891845728663307,-0.000615612121308895,-0.00202274651292611,-0.005708372447050691,0.0034443774058243726,-0.0038126462196067523,0.00016033979383434094,-0.00238471460017331,-0.0035072083055059933,0.002413578409090844,-0.013829458335286149,-0.0006171818161584408,-0.0012228269152224636,0.014375990788458415,-0.009642554802796743,0.0005900150023503414,0.032461230907866456,-0.00043394679331143493,-0.004487492624308476,0.008476432889024998,-0.0019931203647314266,0.0014061803725853306,-0.0010125213038255643,-0.0005900835873317023,-0.002560557776757011,-0.005572066890115912,-0.0042618126192743855,-0.004868619720113321,-0.0056653406836093545,-0.00509693501321451,0.016632147952899023,-0.0046192640130705565,-0.002816650414620203,0.0,-0.00488651203327195,-0.004340562538921566,0.001432602083314194,0.004085772754043093,-0.0032688905745578145,0.0014929956064306804,0.010864059322234665,-0.0023371920809319713,-0.0015274928096820073,-0.008379872718122794,-0.003577484399409525,0.006484661698327843,0.00996848321985655,0.0002038751357946733,-0.00013127176373217697,-0.008641439989381716,-0.003122510663426392,-0.0034833863025510725,0.029464224621065238,0.02030463037131658,-0.0032497108566613697
2023-05-10,0.007962400311592122,0.0025010418839517268,-0.001005786242686657,0.010291034737797577,0.0359713153331207,0.005626228761850038,0.006133058068028996,0.003695513712191234,-0.0022693968906272177,0.0036830455059284617,-0.005339457755388688,0.001913714249851317,0.0012812476301662379,0.0025897101048939497,0.007039104215780911,-0.012038197874096435,-0.004589414512025991,-0.0012352600949004922,0.00756891281206773,-0.00815979428682323,0.0011453881975882485,0.001965229918654998,0.09807597786621436,-0.005642331086646579,0.0037565090614704033,-0.0029800729117995806,0.004992292647170382,-0.012640496708855031,0.006333556149732633,0.007083838568056944,0.006534523580953078,0.0021550411416946247,-0.0036685547043212585,-0.004892224692133018,-0.003543515249466389,0.007172118621835644,0.0,-0.000546139890126307,0.0,0.006460262870631395,0.002806145766507173,0.013079034131362022,-0.0028612539236934076,0.0006698159768736556,-0.0005044622984664571,0.008050217743485355,-0.0020471837430059425,-0.004425219467586339,0.0038246417071508,0.0,0.009704197328838093,0.020684962725979306,-0.005974085673315255,0.0011858359966374632,0.003941333461181973,0.02280124657774052,0.0031616767729132356,0.004478670853631295,0.02168265179814477,-0.029850795839607813,0.0011608541340524248
2023-05-11,0.0011654746449261122,-0.002494802278959818,-0.003825075472730255,-0.004706713634675785,0.003472360227033011,0.0008476026414423465,0.003251403917302609,0.004090709897525802,-0.007638619808643221,-0.009875632655571787,-0.01457052091640465,-0.0038198645370008943,0.0011198501475691014,-0.008543702430355293,-0.010251579690554458,-0.021687521773697038,-0.011270730133611129,-0.00927658052809377,0.002430159073906424,0.0008660921525311949,-0.010583373247030514,-0.00019600697399668743,-0.05982903494791525,-0.014404258046817331,-0.005239550114927827,-0.003997017691223181,0.0018488959024065554,-0.0071122942570528425,-0.001762175365850771,0.0017586696762650345,-0.00973801767460758,-0.008085911047267635,-0.004909374916294618,-0.0007374683715073438,0.0018825873653691705,-0.0050864327435575785,-0.0020450963169227343,-0.006282436899547883,0.006034148482051416,-0.015272304164408723,-0.0013992878804470754,-0.01129656939656265,-0.018651293717531936,0.0055076612057489704,-0.005426414509074329,-0.011239431637257269,-0.008205200818957814,-0.0038348091818066754,-0.0018287201284944432,0.0028169709898808737,0.010571625391980533,-0.042192692654511865,-0.015547138738076671,-0.0014295748343797765,0.0007848625440378676,-0.011079155276978225,-0.0009403015106238533,-0.003316784730829636,0.0016976266483974545,-0.0017093593517427674,-0.003824308591964254
2023-05-12,-0.005303238337909022,-0.002827332616627043,-0.004648361004400359,0.00014113250366243335,-0.0069204129938442716,-0.003387897710364296,-0.005266097024163585,-0.0036669069213073335,0.0001710056589030451,0.008011846750643814,-0.008171240138253655,0.0006391065021520426,-0.003036002867098486,-0.006613202886843528,-0.008784413110871747,0.0026632798160008964,-0.0018132769877752253,-0.002496804674405606,-0.004407871075601588,-0.00021640355216789864,-0.0002891249734707779,-0.0016282704975995044,0.0,-0.0017714628298889368,-0.0028216781761039034,-0.0012477341617926907,-0.003989726525492898,-0.00859593865011421,-0.0022697024012243716,-0.004681163554933865,-0.00046822383526290423,0.00043367878869915444,0.007400519760512925,0.00024607609984261813,0.006751171283857271,-0.0017041456031816615,-0.020491964615893532,0.0004949036909116522,-0.006125567583269209,0.0020229805652738353,-0.0012259069583352433,-0.0016320485813201557,-0.006578963351675737,0.003993007696297068,-0.0017764522637033764,0.005085235334197691,-0.005170607134398875,0.0012249316061794246,0.007088787608487523,0.029775185792609182,-0.008369021417358846,-0.03815479637293351,-0.015793198958572674,-0.001022434650775228,-0.0024841852722827795,0.010250874177258229,-0.0020354459999674113,0.0005999325947450007,0.001695099077265505,0.017123270893795395,0.0006190533852494795
2023-05-15,-0.023407114094996073,0.006870141829209864,0.010964387034878564,0.004939973114266083,-0.010453004655652909,-0.002442924622243603,-0.002579031753048966,-0.0002043178362032272,0.000683977764992294,-0.0031359622837141554,0.01451552165083747,0.003352848408909148,-0.0019233850113389295,0.009077942631525504,-0.02371266341935019,0.007500052625485365,0.019724868888617575,0.01188993275891792,-0.00265654566174367,0.003461667323441109,0.01214577711498066,5.8942241018433705e-05,0.018181863219567385,0.010647912242679691,0.004338906220390237,0.0022961019776928104,0.006509691007857921,-0.0072255973557620035,0.0010110133418816947,-0.0027434797452012827,0.009135586105232685,0.005981021111239215,-0.009488832305933448,-0.012051420486520081,-0.005530648890692769,0.005803999244039737,0.027196902240794296,-0.0021431761501826685,-0.0019258678988983702,0.006280805555059166,0.005435821746047731,0.0054494649449869925,0.011773306644297987,-0.00943283534206174,0.0011439427908435107,-0.014285715145867406,-0.009355578575619528,0.0061167171336815596,0.0003683818767383773,0.0,-0.010357962681781907,-0.018752285766911014,0.014158898851522439,0.0006138755047686573,-0.0002626572677000283,0.015085499307733619,-0.0010195961228195438,0.004198300754159279,0.002537938830359465,0.0016834599239645698,0.0
2023-05-16,-0.007723038541155636,-0.008014783712104623,-0.009439648634568032,-0.01369385880240337,0.0,-0.0026620710976232864,-0.0024495508491613194,-0.0016357419213504087,-0.015723761298826577,-0.015078260680772004,-0.008894046995520322,-0.008593234082036938,0.0033723573658774875,-0.0063973259838985275,-0.03410203229282649,-0.03179284311716801,-0.028251618401144096,-0.010513435543297422,-0.0037737255700360794,-0.0030185887691537294,-0.0159999961124071,-0.0009825852701312865,-0.09375001520526627,-0.012291548272369668,-0.013523687294795916,-0.007242397731794581,-0.010448072672587405,0.0072781866016253804,-0.00555547062580275,-0.004126666649873156,-0.009749320004512785,-0.011632665059994829,-0.015451169681860333,-0.029126099172974707,0.005630840819035754,-0.008825501165541372,0.00611011755120261,-0.01707045685804376,0.0009004166261699087,-0.00468126805206448,-0.005231966398709487,-0.011382002459503604,-0.010181826861356935,-0.004323799589386779,-0.006348529821641802,-0.019927522178290413,-0.004721852658382875,-0.008858820544850099,-0.004438463059735276,-0.015275403918498687,-0.0030038933463630846,-0.006247603608500407,-0.006515290579484745,-0.0010227644302714944,-0.001835207270207584,-0.007165283727194716,-0.00816539832469132,-0.00776408850116761,-0.01856532536909261,-0.006722682879878539,-0.009158222934958826
2023-05-17,-0.019860383744978782,0.009389713881247763,0.004257913819458059,-0.001779883998149101,0.0035209851709758766,-0.0012814939797798353,-0.0017739468826418747,-0.00020504106367613684,0.013023129054954063,0.005066198993578741,0.014045957577544899,0.010914939395727963,-0.005121732439410831,0.010462810611264306,-0.002794016194811566,0.021784573603252255,0.0199056923769505,-0.003125025878972121,-0.0011139271630995484,0.004325326050859779,0.01103373636285232,-0.001573928188452478,-0.009852240882964214,0.004888911608529334,0.00019035860615290723,-0.004852087654649617,0.0020110830928385948,-0.010115671395976134,0.002539602634844984,-0.00039442762632480033,0.0,0.011115782745524161,0.008160605636712948,-0.0023077089076755097,0.0013134925432032318,0.009931460463261876,0.008097048516061633,0.011764656127221329,-0.0073265353046882975,-0.0044791687540275404,0.00701255075305296,0.012609451561880647,0.01249080453103879,-0.007082887947575944,-0.0019165942646105494,-0.0009240976009611268,0.027938892783337277,0.003855493678093458,-0.011743420718156372,0.014681503815983099,-0.002916094580897477,0.0,0.025160527075836603,0.0010238115483063304,-0.0011823335947301894,-0.0022719993395334814,0.004116668350375496,0.011108022838938414,0.0034392807035998896,0.006768183229402647,0.008743298369079833
2023-05-18,0.030941977229232087,0.004975745033141132,-0.002220903172814759,-0.002139891790685522,0.0,-0.0034209480926212787,-0.0040993865634844084,-0.004712144266176055,0.002228368870974329,-0.003835397419010844,-0.007310488814439853,0.0066687480242426656,-0.0024131099365480857,0.0007964608881532165,0.0033114068447563927,0.009092137861158145,-0.009244831347450022,-0.006269576467383908,-0.0037923403630731878,-0.004952612805309342,-0.009190274860155112,-0.004826181098167681,0.004975170576889676,-0.005307518013376589,-0.0017132809717783637,-0.008115602190089999,0.0015055432774548905,0.005839465548177714,0.0,-0.003947941326363225,-0.007969944556320496,0.0031471932775493094,-0.007783183676960959,0.0,-0.0072489759397109665,0.0098338628301462,0.0,-0.00027657731508679007,0.0005180208248802831,-0.009223945532107258,0.00452648654947585,0.011911235532519937,-0.010159585160133489,-0.0026034653333791846,-0.0026884050263563664,-0.0009251394961264925,-0.008717963547533625,-0.0008204586680805592,0.008978234467480695,0.0,-0.007409061586261645,0.01405318945443046,-0.006266007307434318,-0.00122726406121354,-0.002235261494487828,0.00875152237067911,0.006430687099125754,0.01066131310964491,-0.0034274925944580703,-0.006722682879878539,0.005943424724016877
2023-05-19,0.009561641511910857,0.0006457371817047974,0.0034400503886282685,0.007505403731722815,0.010526361016718555,-0.0023597992413666447,-0.002745208647930375,-0.0002060540706434466,-0.0022234142837969095,5.504232988395863e-05,-0.00155032427765589,-0.0018926357744755151,-0.0020963595150076397,0.0023875614264696754,0.01218572368279558,0.011496081171276318,0.01918085354227106,0.0018927738768015345,-0.0024628080020780985,0.0008656267495326109,0.0026087899100826206,-0.003860530094478287,-0.00990101413886213,-0.0008891389160834429,0.0072462594352058485,0.009257111600155854,0.0010018429188680678,0.0014513289315374323,-0.0017731155855086334,-0.0011888650957794233,-0.0004726294480803528,0.0006878154508114243,-0.001255231843271476,0.004112045552555843,0.008553561918054786,0.0,-0.01004026837352856,-0.0019387835454385272,-0.0027177529979343085,0.0,0.002773005245571891,0.0032104546897799846,-0.0014662877176759848,0.001461802099564924,0.0071886111041405965,0.0012345158672846246,-0.0020692009283181934,0.005661075355851475,-0.0017230093329784202,0.0,-0.007070939699094114,0.0353757622605857,-0.002723613336342523,0.0,-0.0001320556228081582,0.006595250144503684,-0.0010437695175591344,-0.0022487649072352456,0.0025795196259317255,-0.006768183229402758,-0.0007383226241143293
2023-05-22,-0.03314905231655074,0.0015058049673719598,0.0024197513820500838,0.0007094556837594634,-0.010416710956582698,-0.001075429707708131,-0.00027498830867311863,0.00020609653767400538,0.000342642597258358,0.0006048725826202084,-0.0007763657575101668,-0.0037927008211816604,0.0008081277643117168,0.004565326318175744,0.006270603177515266,0.01712485457875812,-0.014242129465864894,0.0012595109628610324,-0.0006733069748044995,0.0043243904396230715,0.002890942416496012,-0.001589697234146703,0.019999980926513672,0.0004449650938229688,0.002650714913115859,-0.004385432352210228,-0.0035034559495218387,0.026323712485079698,0.003552530217714178,-0.00019847894419033896,0.006619487258610057,0.00047238957655859615,0.0025133619498118875,-0.008446439259943594,-0.029855971970627282,-0.0010074326565949754,0.006085090796168258,0.0030522456621955296,-0.015442393148436762,0.012715637073894115,0.0006913167945257204,-0.0010667976744235252,0.0,-0.02710592094658104,-0.0005097344785749414,0.0018494593935898251,0.008812646449500194,0.0016158069816245568,-0.0009612848447998479,-0.019383071042859634,-0.003561191238146577,-0.01708146410416367,0.0010815083700637107,0.0014337007385873957,-0.0001320730637988099,0.0049689197164872745,-0.0029051689177007622,0.0019317723840133194,0.015437296945149726,0.006814303685325873,-0.0009854627208821798
2023-05-23,-0.004489911807526004,-0.012565600025218893,-0.014282908208740008,-0.014037637146079418,-0.007017449472355608,0.0012916134416725011,0.0006880635278929681,-0.0008231712069830532,0.0,-0.01566515760579079,0.005633249728890233,-0.008883242882980369,0.0006459376670504557,-0.00928659896673445,0.007975824461404324,0.003624034416725097,0.007481971551922095,-0.0119498244667815,0.00022516421832663447,-0.012486644679612358,-0.01066592894103846,-0.0022350319228171545,0.00980394579416588,-0.0031139185085644616,-0.0029079348489463586,0.002046402078572429,-0.002008947674655648,-0.004323018842628867,-0.0030487700400372297,0.0011905164707899374,-0.005401779435153742,-0.011375908660267497,0.0034472406314522974,-0.0012904764647303502,-0.015138421340795682,-0.011764620022708172,0.0040324690205868485,-0.0008299714115802548,-0.0028999169350014675,0.0015695194708225113,-0.015198601977956083,0.0016017636904273047,0.004405322623483254,-0.003054019191645607,-0.009946526183903237,-0.0018460452079390732,-0.005138722754555292,-0.014744212778890597,-0.01596401538479353,0.04398669869449279,0.002878882644965275,-0.010577822619950328,0.01431483271177414,-0.0004090043065695381,0.0006595615486086892,-0.024153266145179653,-0.005418405513220703,-0.01076650445629157,-0.016047353974535494,0.013536366458805515,-0.009001128590591656
2023-05-24,-0.01913345588219173,-0.009245266454112278,-0.013061208284269266,-0.010570094682395004,0.017667793336098248,-0.0012899473283640717,-0.002750707442492062,-0.0016482217204244476,-0.009938142528194471,0.00552809315262226,0.004828996109454087,-0.007938440431920712,-0.0010533521407822821,-0.001795157718405438,-0.00717119202516403,0.010908031827676856,-0.03329080599894263,-0.015276786017356825,-0.003490798965439801,-0.0043602150625909886,-0.025058134341404137,-0.0027999651114338775,-0.02912621872897303,0.0,-0.011097226414608419,-0.006369293948716215,-0.007045816164640839,-0.02026041182417182,-0.005861364901932453,-0.003171500203279609,0.0004722947031923219,-0.012592329447238204,-0.0031229962120407073,0.0007751730713803084,-0.00663936812019672,-0.007653204300276939,-0.01004026837352856,-0.010935718415962081,-0.002379187682734707,-0.010073705756779794,-0.008944350675754054,-0.01279312190960713,0.0014619243710749519,-0.006341868418506147,-0.009273673194316157,-0.005857016383456259,-0.008780895759839757,-0.011795731814590815,-0.01797846470741682,-0.002666732141854977,-0.0049491543829489615,-0.017182180048135653,0.008787084744911855,0.0,-0.0019762674278493986,-0.0043941702310478226,-0.004985768661804779,-0.006389315295138531,-0.011158652032002725,-0.005008302857679614,-0.010352328752484152
2023-05-25,0.008499365800728853,0.0040619001749220285,-0.0020677186120391378,-0.011264638586081621,-0.013888793890228457,-0.0040043114523179435,-0.0037237614139221664,-0.0037143158221349948,-0.006576807099289983,-0.016937697647525285,-0.014417528640830124,0.008729560686821403,0.0009732358372780414,0.005394674509693331,-0.01594025727910975,-0.025152646008258173,0.007417387273450204,-0.0058178016910932495,-0.005220172981161619,0.0065689646926851974,-0.007172641675955105,0.002487089355623695,-0.04000002997262142,-0.009370752554539119,-0.014553880469675762,-0.008709108008927546,-0.003041029143707963,0.03545060970482994,-0.0012823137060733458,-0.00397681833460839,0.006844496667318456,-0.001758815339600317,-0.011591554521443448,-0.011879988108577821,-0.004431457772816283,0.007369430597025106,-0.026368986563569896,-0.010384777976945259,-0.0038427751432293933,0.00995027701285811,0.0033623455448188455,0.0,-0.016058375235843747,-0.005895237886641924,-0.012090475779313437,-0.011472777903623443,-0.007816590902207876,-0.0008906769548084892,0.01708555396928424,0.0029410463862782343,-0.0024866746490634917,-0.008547093852482313,-0.017948868556875386,-0.0020462134043712776,-0.0023765292145810912,0.008151669832763053,0.00010356948270273669,0.006811947979268096,0.008680422143488853,-0.008389293693764621,0.00203694853107228
2023-05-26,-0.019066049776714,0.013120540100354905,0.012225438137236866,0.0007350076049483789,-0.0316901788003211,0.00229109147341644,0.0012450425371166585,0.0020711532042585468,0.001393896562801089,-0.0019773645085635616,0.011117629921388428,0.0126601509251143,-0.0016203409974100413,0.01728938135527569,-0.0030369667103440356,-7.616635271345817e-05,-0.008940413439368244,0.005851846573987407,2.2611708633935024e-05,-0.004133284522632952,0.005719281612764915,0.0024205667984871226,0.015625003326152243,0.010360332938405437,-0.005441072331110353,0.0036548959080899834,0.011184258643742728,0.005706281448200068,0.0041065721541517775,0.002994671712611252,0.012892642069647797,0.008810407326173664,-0.004437418059133558,0.002091009735093241,-0.005399788685391149,0.011908791574617217,0.002083133862839537,0.002149760308012949,-0.0006650472107637695,0.014330321704901117,0.016225725599359864,0.009719269673720055,0.016320455229946074,-0.0011968555093317956,-0.0021052123298727077,-0.0003136789335246304,0.004726925501307377,0.010698946134654275,0.0011570875730311236,0.0013330639931286026,0.00807731571961523,0.01841706853552827,0.00792879408014957,0.0014352595974869153,0.0001320209784800852,0.00956003946821049,0.002479457339796154,0.010933623842103835,-0.004302860426815158,0.015228452607710441,0.007302275039165584
2023-05-30,0.00281687498756944,-0.0041010184931892235,-0.010644821931085624,-0.008813684828075319,0.02909090205086584,0.003925061579794109,0.006637569540332233,0.007854552348757649,-0.0033055296461986794,0.008660345227171184,-0.02276234793293952,-0.0026901830849247466,0.0034080045516660107,-0.005860462725454596,-0.0012694881821435633,-0.011451406729350189,0.006367804626970175,-0.004525050477252268,0.0081782662917802,-0.00043678734726038115,0.004190265772517687,0.0044906471558778804,0.04615385582763487,-0.020062435512422816,-0.005861602688263301,0.0045518551480765446,0.0005034319732659664,0.015602583193380593,0.002045520708454873,0.006767309756008588,-0.0023142957159585364,-0.009606955528641326,-0.013053120701435827,-0.012780552833853709,-0.020029243624731463,-0.004034953328279078,0.004157975543337189,-0.0014113568355871298,-0.036736229785001795,-0.003311173658293809,-0.004859374102302194,-0.0032088791600656252,-0.024087524948949834,-0.010731009578660688,-0.010682023074124913,-0.0021964415121034087,-0.015682214031908837,-0.007762985291118407,0.003933748637288126,0.0,0.00999108232175172,-0.015390638791286104,-0.03106663483428096,0.0012285354950820615,0.004234508500257528,-0.00504454828013301,-0.0005154893017285112,0.001017302162990008,-0.0060501321101349426,0.0,-0.005256572696085815
2023-05-31,-0.021067387716719232,-0.007152120860366873,-0.010552563543699267,0.004964879177170589,-0.007067230211459052,0.0031793202631278383,0.0032969589047182613,0.003896322506696359,-0.005760053296934964,0.003086466756543782,-0.01223849166543578,-0.007140718968541071,0.0006469692463066945,-0.011004124802128423,0.007880021121420278,-0.01807075206138764,-0.03031905866862461,-0.007792188558409907,0.003379760115192143,-0.019449325157143926,-0.008941926430699354,-0.0001989393966126407,0.11764708239432364,-0.00500438625508004,0.004716805520339706,0.005437519165571336,0.002512215414713914,0.01815652437937265,-0.0017853454177720884,0.002174739131837855,-0.0030154386612346595,-0.01851850818571743,0.0038709825481983984,0.00977546166759935,0.005315228371678193,-0.007089791745910956,-0.0062109539855701446,-0.0005653169236138345,0.01437054108895719,0.0017718608745898035,-0.004185657606589621,0.003755542328410577,-0.010471290003362776,0.004074575390379254,0.008397626857455043,0.006603765842609244,-0.021242713848169004,-0.01031292073399126,0.005512086285073936,-0.035676112435738316,0.008716865782139482,-0.030480565549938943,-0.01747622494571055,0.0018406307935596722,0.000658681608358469,-0.006804547463674648,-0.00244837736356196,-0.004653345823505184,0.005217478823005495,-0.001666704813639286,0.0
2023-06-01,-0.00043040627520607444,0.011896874083472175,0.016520407203374443,0.007594609147981268,-0.007117436711028269,0.0030923942851197594,0.002704290419729416,0.001084627102712954,0.0026333004291017037,0.007104728657418402,0.01878500316696563,0.007831313333080736,0.0030708521086582063,0.012517222878541956,-0.004287512775061786,0.007471385812141351,0.02881999676804803,0.007853383604275788,0.0029195084619506595,0.024515363773823795,0.016541390882506057,0.0023849440941627886,-0.008771951315045823,0.011888366112239979,0.004694973755374532,0.004610410986776836,0.0015035749313989655,-0.008230473507257363,0.00332165371452664,0.003265651506706213,0.009073945068805767,0.01482474880871032,0.001606657079848084,-0.0007849350278174017,-0.002606403451940187,0.010880586104558443,0.006249771025832018,-0.0005656366876058971,0.0027244399056232105,0.00972791138908824,0.008210161700373142,0.00106893662230223,0.015117283175281049,0.00610206484624265,0.0006610474456689719,-0.006560442218375262,0.01844821411510522,0.016708538328010558,-0.003126332505411833,0.004693621545385662,0.003923511056199924,0.01652557972904245,0.01904778236331972,0.0006122982865035542,0.001914124770369563,-0.00017913123213342264,0.0058129182761748055,0.00843661746705604,-0.0008650861572302437,-0.023372265748761722,0.007913909144128706
2023-06-02,0.01765471643487193,0.014885114163170732,0.014811799555586092,0.013172331194976739,-0.007168457755418078,-0.004495865110494823,-0.005613194989539272,-0.003883383996303391,0.0038521632451127275,0.02933022307744415,0.01647703626058572,0.01760225306823915,-0.0003219688833834278,0.013147691167293418,0.0053191014711744256,0.02537085642308945,0.00422841045617206,0.018831369183230695,-0.004254265744112029,0.018707774936554955,0.0044379883652192476,-0.0011894703044160737,0.03982307713453048,0.010844904866935234,0.0163550754216224,-0.011076866511488315,0.010010119441461685,0.006915750088551498,0.007896378696359951,-0.0035510397474965982,0.005303207409229627,0.021691002439646168,0.008983030937681269,0.00837914091825298,0.01612788445531721,0.01715450130650953,-0.0062109539855701446,0.022071247661230142,0.008966190536503271,0.003941423927253052,0.016847970646714616,-0.0005337558782594343,0.014891922261052404,0.010264031261190354,0.012945938714965077,0.015408808172378219,0.018646747397336627,0.01201638859819143,0.01338354599243785,0.0,-0.010958010654005812,0.022997527773791715,0.022951982965818907,-0.0014281167657155258,-0.002371626804101079,0.016526386401179538,0.013357813623171122,0.01577341019115308,0.016450273330181897,0.013675200856448466,0.017691313814235166
2023-06-05,0.005641695632025767,-0.002657111407523116,-0.004662495342746431,0.00018056659585607981,0.0,-0.0006449855211777544,0.00013783155074653664,-0.0020514073956582335,0.00034875257364919143,0.0052345194893994584,0.0019297185669480132,-0.004519367422244347,0.0014505946155831673,0.00019361881777935075,0.007306808060397962,-0.007841537165648949,0.0055263608978923795,-0.0038241508074630115,0.00022449628106580022,-0.0017082435460845646,-0.005596430528375773,0.0011908868289349783,-0.06382985384260587,0.00044704606667855806,0.0019157904772906242,0.0028613273018205376,-0.003468960190318504,0.005494416449823181,-0.003791022350045248,-0.0009897090329648028,-0.0043578116355710295,0.0010832601579855439,-0.00445165726938801,-0.001312070513744934,0.003894614228126647,-0.0019842157949165884,-0.027083510996763427,-0.003598988437628403,0.0002692782782518499,-0.001962975046808424,-0.005177725971552971,0.017628101046328837,-0.001467363562125068,0.0007062919025073722,0.002869036927200863,0.00030975867643823207,-0.007845208437361917,-0.004452650379851764,-0.008651932500431725,0.0,-0.00186302984697162,-0.013565727653543802,0.0010747371406891748,0.0004087688541531964,-0.0005283552505803701,-0.008855792878555868,0.0010136075886879592,-0.0016786979284111325,0.034923081894856045,-0.018549689689968174,-0.0018801250647619838
2023-06-06,-0.0014025676305080559,0.004795542825087429,0.008757529979483092,0.0023470124053552865,0.003610059732001236,0.0008604449158602367,0.001376400025445923,0.0018502182211797003,0.0015694273552304683,-0.010307348289300688,-0.0007703035504771361,-0.000469643258259822,0.00032181708831147127,0.006584109996713661,-0.005752754401687432,0.004911000274918864,-0.002878941600880758,0.009596869232650684,0.0,0.025454577023934055,0.006220393211776143,0.0019824230856779756,0.05909090064633116,0.004915034042548561,-0.004206496932109727,0.0008353092576967036,0.0024866653367450198,0.03142079330706604,0.0027904724288299043,0.0005943968349255702,0.0025340141408831673,0.01268135174641638,-0.007345826956781432,-0.007093942162505251,-0.007319741363025489,0.0026507945643285957,0.004282625703323273,0.0054460658277692975,-0.013595221344969266,-0.0013110524171413562,0.006592601373577089,0.01889745214236127,0.0,-0.014278625547862744,0.0,0.004024801581584914,-0.010542913942055532,0.0092432314009816,-0.002022476086051328,-0.014014973606914727,0.005893866610048093,-0.0648331526935444,-0.002818460520816579,0.0,-0.0003964759180683508,-0.0026671746217329373,-0.0025575702398341615,0.005464880065094935,0.013169022442368394,-0.0034364227382496226,0.00031796785009685635
2023-06-07,0.0007022687947333406,-0.00532485921466086,-0.007223135180089102,-0.006123923865003822,0.010791413751136014,-0.006450193354274769,-0.005635540863501265,-0.004309202883725161,0.003482020919273854,-0.009764024946323335,0.004240503116750727,0.00046986392668535437,-0.000482675812942035,-0.0014340170108424477,0.014842349689991652,0.02458744457126283,-0.000787423216950689,-0.0050696955815049405,-0.005058340085758117,-0.017313223626301943,0.0017662236160138622,-0.003363648507310635,0.09012883315984754,0.002223212589681056,-0.004224266295321466,-0.007509335039947662,0.001984148143677311,-0.009271595668935206,-0.0012644223709835645,-0.007724171371410904,0.002163548035291729,-0.006325500276373908,0.007400187453260765,-0.022228221897214295,-0.00457156102953149,-0.005948454826416372,0.004264426049630732,0.014480725262480565,-0.01487459703442251,0.004813846429025048,-0.008962405430941067,0.011849652976158032,0.002939039764107587,-0.007986295818049771,-0.005201583228248707,0.017576215618014146,0.0034333459756772378,-0.010809536740394865,-0.007489500682447914,0.021460362206655814,-0.01484365878804228,0.0029413286536144057,0.013189613411580758,0.0,-0.00198272033774749,-0.01573362959133351,-0.00022834180962749695,-0.0019858445896826504,0.05036542574117231,0.005172367583558657,0.0037170622162625566
2023-06-08,-0.0036490773369043383,0.007216739979310827,0.009094568842047401,0.005617994211673638,-0.007117436711028269,0.006059744856020455,0.004976157811890758,0.002473058558916552,-8.68654535286506e-05,0.022044564662634825,-0.005374302669171271,0.005009528088104842,0.0024146852146647024,0.006209961207277681,-0.005205497539373383,-0.0062603384095604175,0.014972406255453041,0.005095528359112533,0.004406041136564509,0.01082571380584918,0.006170977208524109,0.003573864647383296,-0.007874088390909084,0.006211259360992205,0.008291437830287851,0.007426119008459686,0.0024749058832627124,0.0,0.00126602315898805,0.006387180038462059,-0.0016076707655052758,0.012903167280431393,0.003193945685163291,0.0064953498146265165,0.006725407813747086,0.004986730577000831,0.03184735318119314,-0.0002723606182540861,0.012467227453888174,0.002831057853207364,0.008173898770353683,0.0030550952495518313,0.0007325687369064138,0.011048709872066631,0.008365861362314986,0.001515286944476113,-0.001655623251589966,0.011806199882976376,0.0036620566590701564,-0.005729811725901701,0.011697214209702267,0.018014086892881753,-0.013416431113666305,0.0008164948979700881,0.00225171836378113,-0.0014491386891453129,0.005840446380505737,0.004293926916147495,-0.001546851747389666,0.0,0.004482747658730135
2023-06-09,0.006338889515526969,0.0013902829807612704,0.0004096976161935828,-0.0012615308397603275,-0.00358427658410021,-0.003011758922037422,-0.0020628931222488323,0.0010276384543490558,-0.0008008696075029187,-0.0032894811603475516,-0.0044383608212501535,0.00046711670958310414,-0.0022482164918853353,0.006557377302531142,-0.00124607876580618,-0.007949503778016065,0.010093236188193577,0.0019011702558771049,-0.0020245481022383993,0.006509793026223454,-0.00029214250295273025,-0.0005937281522938598,-0.035714239374424195,-0.0017637425392313943,-0.0029066814396725427,-6.979016929731241e-05,-0.005432186668886452,-0.06016050745706558,0.0012647635841807059,-0.0033716249960297207,-0.002070396660421858,0.0016986793433086955,-0.003183776874751576,-0.008335328877544623,-0.0016330004096825057,0.003969550367168395,0.0,-0.0027250338457980305,-0.0016419766205096886,-0.010640523484031772,0.002932581438155335,-0.0010152184397302921,-0.004392346900061406,0.0013728518277298374,-0.0011666320994050405,-0.00514388688039813,0.0,-0.0005557494561330145,-0.0009288122418891209,-0.011525772715494154,-0.0013718476478929986,0.027983443946810738,-0.005116174359361736,-0.0004910375684903379,-0.002511123058058118,0.002086155638225229,-0.0010880791219349817,0.0014602129210454784,-0.006971297488450379,0.0,-0.0017221017513259218
2023-06-12,-0.013857804260732909,0.007261828696525141,0.0032759906128121408,0.005413369785731481,0.010791413751136014,0.0021574558555086387,0.002067157447129153,0.0014379283558898504,0.0003482828062242316,-0.02970121382993207,-0.017639109202114867,0.008718841581937253,0.0046676491173771595,0.0030656763622565197,-0.0042415141202949425,-0.019201634314909732,-0.005380520669149069,-0.004427600424397826,0.002028655212298558,-0.00020864078386084728,-0.005842694200639986,0.0005940808748339244,-0.020576153836579625,-0.007067072413995845,0.006175802202998293,-0.0006953412426647931,0.0029795764383948597,0.029871976900976982,0.0007582403688990436,0.00218926955325216,0.0023051054582876596,0.0016954410936369513,-0.002555039018033445,-0.008134624572708415,0.0011896359564254055,0.007907710678509483,0.04320956910110341,-0.0002732938300565868,-0.0021924933432793114,0.005487301050129956,0.006535974215134965,0.01219500186753164,-0.013970588909121062,-0.0024679094762675158,0.0009085674227109486,-0.000912478035613784,-0.011055907472369175,0.0027797730925265274,0.00489174606261944,-0.000555282844570848,0.0029433804962335497,-0.0168135398142637,-0.03816511464263528,0.0006143863474266098,0.0014578204941719797,0.013304947068657702,0.003546939568028984,0.007757988486831513,-0.0007800621476317104,0.006861057011403826,0.0044460621144482015
2023-06-13,0.0017034108533136028,0.007739600395907598,0.010000100544108381,0.006101871986236684,-0.0213522153993968,-0.002368037875523421,-0.004401566718182481,-0.0038968368372634954,0.0019164614203499575,-0.008976704560996862,0.018153038794541665,0.006791047735817735,-0.002403149699359508,0.008213929530754394,-0.002756211959299093,0.0024665101720424687,0.011076826102027093,0.008894582506074444,-0.004724137781906057,0.01252088480407032,0.006464922516204341,-0.0013455539710218734,0.016806764058224344,0.011565682830926738,0.0057186582514077156,-0.005845829995877572,0.0013940452573304452,-0.029005524541861893,0.0027768596242068178,-0.004567217994037143,0.007589768035428213,0.014388597729153352,0.0092860773646668,0.006014244400364355,-0.001485122234251901,0.0042497748889216425,-0.027613340482493753,0.004372865060474629,-0.0012360503607413698,0.007203602246572682,0.009569323104187122,0.003514155302743127,0.01267709502814185,-0.001978956300164758,0.0049273452650904215,-0.0006087100470906215,0.011738476612219273,0.010741502127880498,0.004206858523640333,-0.009444499435218967,-0.009880461963199028,0.01750833780453176,0.02631191790171883,-0.0014329239526218451,-0.0015880142932434005,-0.0020544091913466955,0.002272023433100623,0.008214738771290753,0.0023420133588656356,-0.006814303685325762,0.005031255449702732
2023-06-14,-0.006943491471563812,0.0024196998957444205,0.0038390677549886565,0.003210843610793601,0.0036364111566558055,0.00151034456255017,0.0008290362199920853,-0.00041157832808746964,-0.0010432169431224825,0.0212106202305391,-0.0019379461064630288,0.0027595410993475067,0.0011240029693611042,0.0041682414917127986,0.008040480810256989,-0.025219249903618457,0.012229325844467454,0.0,0.0009039091730125293,0.014014794452929635,0.009634969492904988,0.0018819737150017612,0.008264426519171142,0.0026385433990396834,-0.0034118509799878627,0.0010499479622094743,0.003978443183374258,-0.0014224523654633447,0.0,0.0017955235701869743,0.0015978501938240797,0.0029205794559161724,0.007614176982024157,-0.0035327970758766147,0.004908286240755233,0.0003254929766867143,0.004056827112897121,-0.004353826365282476,0.005637864772607637,0.011270065155622344,0.002369756234610332,-0.006687243959642042,0.0022091110823039273,0.00897870769879705,-0.004128905886975676,-0.0018276737624209893,0.007182294873150807,0.003256608686734719,0.0011405058676321467,-0.017105986609090462,0.008003151975715772,0.01680669827481207,-0.003153122547863707,-0.000205111131852731,-0.00013241475158387583,-0.011904228881252643,0.0015110822518691336,-0.0004609982613710262,-0.0031153881977105113,0.0,0.00043329679130810206
2023-06-15,0.0009989120159441534,0.011335193874813854,0.01046709056337769,0.006756675664236544,0.0,0.003878509733509894,0.006212044316928456,0.00082401767000162,0.002784987571314179,0.003911496811645154,0.022912623991921066,0.013453538034537749,0.0022459026438079732,0.004528386838823506,0.017447462286613424,-0.000946478377840565,0.0010067895452645637,0.005037907067021896,0.0060976374488808105,-0.0058943141286987855,0.005494409894278407,0.002194711279910333,-0.016393482897905765,0.025438587957032466,0.010650725832831887,0.006014034082271413,0.010401100350937886,0.03133900751180696,0.0025178800726612938,0.007367085238783266,0.003874140565900852,0.009983102387599363,0.0,0.005453904722044767,0.008881144232062432,0.015294592413236385,0.006060683498840369,0.01120535926127908,0.004512353558296933,0.0027861586250061965,0.009456142747979568,-0.0005180515912539541,0.022042569297969772,0.013866873514415845,0.016714163789400605,0.0097650504476674,0.004388355306274905,0.010251247980711531,0.010297089857303154,-0.01255339468638006,0.009605623081500925,0.010232125101213407,0.019529548469847002,0.0014352745608687822,0.003578240012863665,0.01775448560790771,0.011066777391278704,0.012355775531634361,0.020312662766883927,0.0017153051479765757,0.012533741038688984
2023-06-16,0.014397657249702212,-0.0029058706042408566,-0.0025897065900161165,0.0038855355019986604,-0.014492749429716123,-0.0012879322496369694,-0.0021949889493817487,0.0010289566753163282,0.0015623642389011039,0.010372284396015896,0.012908155749044026,-0.0037714697013204734,0.003201122757223951,-0.004320137649592826,0.00955415714230523,0.016421876592350948,-0.002514594847164653,-0.001253265519853053,-0.002693529727353261,-0.007360485147499318,0.0031636660958942464,-0.0013415634666432696,0.012500059604647396,0.01881941893179473,0.005645329294115431,-0.0003475013983000874,-0.005882606024452008,-0.01657455235363181,-0.002008996619493164,-0.002767257706462023,0.0015889705623257644,-0.0038712290155324958,0.012909272372129577,0.0032550161497792995,0.009976409223890093,-0.006089849001987724,0.04819255228562125,0.0024323735211675412,0.0014974721697937898,-0.0006412635928843002,-0.0010035646799241293,-0.0036268362743819837,0.01365938900624597,0.0017768413600205424,0.004587637881061424,0.0012088346911833803,-0.010922840939896261,-0.0013529827586057364,-0.005117792214332506,-0.02889340085154013,-0.0038833854793105527,-0.004285146753657543,0.012410983859227898,-0.0014332175002504943,-0.0014522287182345828,-0.004539282361857078,-0.0004976592951089209,-0.005064302084384686,0.026033563160222428,0.008561594621799617,-0.0002377139977833842
2023-06-20,-0.005199507053131547,-0.009159070333570885,-0.015378485830850885,-0.00675571089922955,-0.022058719184593123,0.001934344389848075,0.0013746561348755293,0.0024670444807119996,-0.002253357365651909,-0.0077128831007570176,-0.007496339331639845,-0.006208166500485279,0.00015932229247273,-0.010752615841776225,-0.01140503195322251,-0.013748586052848233,-0.015376637259167714,-0.018820596570381598,0.0020261321336594307,-0.008032906580143995,-0.012041069391882986,0.0017976573892899417,-0.08641976762192205,-0.013014133774717052,-0.006736500470352791,-0.009422105090458599,-0.000493108644122775,-0.0028090222946953736,0.0007548478781274071,0.0023787342374876896,-0.0011331783859925837,-0.016166601975376338,-0.00746045903331205,-0.010002857925901054,-0.009369426687545257,-0.004192152882222633,-0.05172401297928486,-0.009975569065728829,-0.004213637327877273,0.0025664485340670673,-0.009042292957900266,-0.002080156016399881,-0.00851070788211672,-0.003923698021295663,-0.0024101792801415334,-0.010475194827558876,-0.009387159259536038,-0.012362422989779187,-0.00660451447072774,0.0011900800336235307,0.006920241816348094,-0.05242572836090009,-0.0072922568680886535,0.0014352745608687822,0.0011898138651089685,-0.008940921439646754,-0.005475596484495804,-0.0048358689624729,-0.025326132349922537,-0.015280081118988709,-0.007842403776537665
2023-06-21,0.013843711800811453,-0.0034663381789582504,0.0006086039395596377,-0.005774431850183781,-0.003759547105022687,0.00042906465895775625,0.0016478277648190875,0.00020507387597934468,-0.000694485778541809,-0.005966297047618752,0.014728170523167217,-0.002437672721181783,-0.0011164726741657027,-0.0013349061061792566,0.004173005975687705,0.005513137959952674,0.003840143693295328,0.001278838534621629,0.00044877609920401795,0.01432711408033871,-0.01334899494318953,0.0010845960360490459,-0.038288305565597924,0.008081658234276423,-0.00037670060903938207,-0.0016327657511161497,-0.0029598871684639594,0.0,-0.005028862571291537,-0.0005935249935337117,0.002269188768276642,0.009035449360639491,-0.005950444146421763,-0.015019189475503514,0.012904042608439914,-0.005181347150259086,0.02222206831071616,-0.0013617749330847584,-0.0016380554829693583,0.004906050583659116,-0.0054071725942240745,0.0010422460425760782,0.013590844700640314,0.0006474535570892836,0.0,0.004909507112786926,-0.003344585454812976,0.0017147544301483464,0.001272600877959329,-0.007429425433365333,0.002419719899932282,0.018167104479153817,0.017243701538718126,-0.00040927571212912017,-0.0002644351132881084,-0.005999299035701955,-0.0026024590509566847,-0.003989237203157914,0.007873927073239306,0.0,-0.00023935323196100367
2023-06-22,0.011704123513801568,0.0002108042811661548,-0.005473448999803399,0.0019597622455425068,-0.02641533883952163,-0.004073732725565438,-0.00479787573708057,-0.003895864619743894,-0.0013906667806333761,0.002753178511913257,-0.01972461510235235,0.002749181751426466,0.00031950826157078893,-0.0034370510368340046,-0.009044331494811986,-0.01425549984306751,-0.0017853765758675255,-0.005108543369528928,-0.005388556211638695,-0.005117786169900218,-0.004999791461710812,-0.0020878841986056162,0.002341910212566356,-0.014345989147801164,0.003693868852624016,-0.00817600776720373,-0.003958532170330709,0.0028169351282734123,-0.0005053938981867123,-0.0031655767816913816,0.0,-0.010620587986489238,0.005671163831052484,0.0,-0.0047771864068375525,0.000976606274730285,-0.011857860804856069,-0.007362903128038667,0.00820338127905984,-0.008703045545319199,-0.0013592271237160558,-0.013014074452646351,-0.01976007280258285,0.010354346455141883,0.002416002278774476,-0.007938880500986456,-0.013422771979579862,-0.007189230788123946,0.012469018464374315,0.01766473497288623,-0.012070210223847133,-0.018653730412031666,-0.028964448584259395,0.0,-0.0011888255519010293,-0.00040847664474719103,0.004867747457672822,0.0013350986628675177,-0.017187370608089392,-0.005172449796859158,-0.0015574545713562538
2023-06-23,-0.0027544154682190847,-0.010327731986023436,-0.01508350264996583,-0.0120911160207825,-0.027131421819397872,0.0021526295577460886,0.002892834025345792,0.00514636499981358,-0.002263017117867916,-0.002361125229904837,-0.0091116440491813,-0.008377744404567955,-0.0019158790933775371,-0.01187970701733121,-0.016527013011868652,-0.0035757059935226376,-0.013541025333768553,-0.014762511795656352,0.003025311441314571,-0.023456550973636303,-0.020987526071797658,0.003493858676791195,0.009345817596857708,-0.010702065897891688,-0.009689062940045678,0.002222148999382778,-0.0014903491589648432,0.019662998998241754,-0.005562712354580279,0.0017866138970374923,-0.00973508180016236,-0.021679705014592154,-0.023182980949503773,-0.004435797768318928,-0.0037822047622936283,-0.009756152793258033,0.0,-0.011813207324559594,-0.008678950343128489,-0.008565343061186392,-0.008846525534845773,-0.015295180085160398,-0.010799113136685246,-0.006832096003073884,-0.004566687572164385,-0.016004883267510595,0.002267683512686025,-0.013103532262285,-0.0026187628207121616,0.029714658690628504,0.009969643541650086,-0.02438017120180047,-0.0008243832222653014,0.00040944328732206436,0.00026493133853522366,0.004812253157763902,-0.004993747050600628,-0.007200777979559536,-0.007154259659716833,-0.0034662012118936714,-0.00722274951579982
2023-06-26,-0.016434298595464636,-0.0017038420520090192,0.002690381559988353,-0.0010798896431153393,0.0,0.001289039124182212,0.0012359802954806653,0.0026619651218462437,0.0015702689494003774,-0.015302667491856492,0.0022989178188250747,0.0001537969827363206,0.0030184435428726175,0.003878283477124711,0.017557078783163593,0.01451355420928313,0.0018130166490073485,0.007166069388087282,0.0021602560004307936,-0.00021070696418257207,0.003321340406483353,-0.0011213314411034903,-0.03703700199609339,0.0025962102901895268,-0.006446706767847421,0.002789403568903337,0.0,-0.013774191036609484,0.0038141563329685546,0.001981239283442404,0.003200726908221707,0.0073151653367671265,-0.0019243177733225814,-0.010025013913060543,-0.004234494943397005,0.001642024100150019,-0.001999927649363298,0.009452286468325966,0.001778211832411003,0.006911405785903657,-0.0024030415893475654,0.003213547382695303,0.0014556160686951536,-0.006341902595785154,-0.005607283127826879,0.00907097179565275,-0.0011312175966763371,0.00017450191974499596,-0.0013238057308202489,0.014285494654043163,0.0010647551896498797,-0.03134265620293086,0.0034391884230700054,0.0006141348940167379,0.0015866041979102352,-0.008494100716242459,-0.0020077228681822934,-0.0038909678031482375,0.0032025473977015384,-0.003478257552437136,0.002102994534070479
2023-06-27,-0.0011232919675893127,0.010560021371010642,0.008875057812773868,-0.005946024756755097,-0.007968230588706438,-0.001287379641456754,-0.0019204664147086659,-0.0012251582744173817,0.0019162736603803854,0.0003356012728910063,-0.014526042625986668,0.011232589943065419,-0.0036815525676920924,0.005408496877451041,0.006162202518326998,0.0007860150736722638,0.007556087638741937,0.008847101251353129,-0.003490497663328429,0.008870957288280579,0.008308333477286434,0.0007501367283531124,0.014423079127390714,-0.012227376711473337,-0.005022607288442726,-0.0002853684914372323,0.0004975245382654592,-0.015362882540453038,0.0022903892932955028,-0.001977321735943116,0.008887919198892424,0.005553204568516934,0.004177295268977366,0.0008439082175379919,0.01378405943487837,0.007868948845675794,-0.0040079892071549494,0.004957307486355589,0.009559035059848231,0.008111355443075396,0.011699914095578468,0.004804983736325985,-0.015988352674717654,0.007193624505689389,-0.001794210107085803,0.0052697576792992695,0.0022651150971539913,0.007755588961318782,0.023185567975868127,0.005915650306662412,-0.0026103689132577212,-0.017052916201540258,-0.019879487395607298,-0.0008182259837888894,-0.0015840908726817426,0.009068149116060686,0.009555071633877699,0.01234360092831488,-0.010375132453436131,-0.0017452406367448603,0.008873878265954982
2023-06-28,0.007590719211171493,-0.00010542177083738835,-0.0010229454716033093,-0.0015224480466725643,-0.01204824300509777,0.0025781689044672707,0.003161106388384516,0.0022492674935059576,-0.001738854535962453,0.023414114096488303,-0.0003878409496408386,-0.0024349138427629535,0.0020884541766670317,-0.005379402396387678,-0.017883504011533602,0.010132001181667905,0.003919232499802527,0.0,0.0045196064934927005,0.01543023816934519,-0.0033321806224004824,0.0015781889840482677,0.03791465460977861,-0.011894129619691496,-0.003506556972410424,-0.005350973287267191,0.005967099430437939,0.001418099405754436,0.005332710990561207,0.003962731738833991,0.007228286290833941,0.002305977406671822,-0.011199880046144584,-0.015739101598123417,-0.00947447473323726,0.001951750721606249,-0.006035819941213494,-0.00849546407087387,-0.009603673206578511,0.0074500005218607335,-0.0034013316513780145,0.018066111478502345,-0.003692830847130457,-0.013532493216441455,-0.005520671429175339,-0.013259348493093737,0.0033895829042140946,0.0015036813732107746,0.0005734864603339496,-0.005040594651538277,0.004264807262857051,0.015569329620600536,0.0193036818369976,0.0012285211355842485,0.0021153236950015586,0.006186793509093791,-0.0024906054248826637,0.0009262593598957647,0.01129032536247454,-0.0034965002902287434,-0.0014656911582306975
2023-06-29,0.018833611803820594,0.001688926479856745,-0.002047820520878485,0.001788813484605356,0.024390130411752198,-0.005571230880965783,-0.007535337459137925,-0.004080728466317796,0.0016544162683047592,0.0012014294902840117,0.0019402019840610851,0.0062540652482279135,-0.0016032141627326801,-0.001738520052301129,0.0004986987488173611,0.010885540571762498,-0.005205415012255243,-0.004581022088719577,-0.008323479876234607,-0.00874283431033529,-0.00790288166081854,-0.003151404456299134,-0.013698632693548318,0.00044575539236424433,0.004137566089643219,-0.002582500783074426,-0.004448834469660712,0.0,-0.0063148120395755125,-0.006117960820943069,0.000896987176848052,0.0004260404581106769,0.0019542592968240236,0.0,0.0014604888153144646,0.00401351250169335,0.020242591376202768,0.006522983745747446,-0.007619866815947507,0.0016902600525676714,0.004436917713788402,0.015657628550742597,0.00074133447442426,0.000980144542146233,0.0073587316520409285,0.0037498305430310186,0.00168930029448644,-0.001059902408567459,0.010591161527437443,0.0,-0.018048416929480893,0.023215150105756033,0.005763637854453441,-0.0012270137232914813,-0.0026393515225501263,0.0005384855892414109,0.006042290390078531,0.00478020829665593,0.012759219445015901,0.008771963580347819,0.008014655686765293
2023-06-30,0.024921285331787058,0.011065433071141273,0.010055424998744567,0.013119522809208473,0.007936718369299323,0.0027150659289369994,0.0034513792884247607,0.0014341331301370719,0.001477841468008112,0.01052552311780941,0.0061967376853939715,0.010459230381829832,0.001605788585735679,0.005805004174396444,0.015707088218674725,0.010383942203850527,0.016221941532365003,0.011176719215176378,0.0020413180635050487,0.007559866564130546,0.0211398727394152,0.0013831799333656747,0.004629609481086927,0.014705915728581154,0.008472270709661611,0.005897177546372756,0.009434192325565416,0.0,0.007371637535582565,0.004169800169623539,0.009186737689222735,0.013628650394134079,0.016579993312298313,0.013706570497852955,0.006561697451456627,0.008124795811127461,0.0019840548465615004,0.006974894273280574,0.009131164837304473,0.008858932815863696,0.012572138084224305,-0.0015416445676827983,0.007777668704255891,0.007286996579495497,0.009483491316228498,0.009339930296466958,0.0061831097817450775,0.010610195950770063,0.009808310644476181,-0.0008445234371520227,0.011794601472144617,0.03424662733386241,0.009004980106312788,0.001023974226026736,0.0010587797220884543,0.013636686572660928,0.009629457613009151,0.01007770828865917,0.010236252544538749,-0.008695685345193604,0.010362094141259659
2023-07-03,-0.011489634974403029,0.002397253256351206,0.0040632703497029965,-0.01223021371871913,-0.011810967506634129,-0.0006250803681235872,-0.0028416528173074163,-0.0027049619258762148,0.0032988572651702075,0.0046955443645961825,0.0007697914690039109,0.0004502980280729485,-0.00016020274757133635,0.010580981642237752,0.0076091267931464035,0.004491434033416786,0.0105560575889041,0.005851915975319644,-0.002943238926519265,0.005418941975624758,-0.0018002567755501797,0.0005918559252642286,0.05529961352645474,0.004391709967494384,-0.0029402655380412757,0.0035748596206652827,0.0009836797519002793,0.014164397264282869,-0.0002522291627267137,-0.0014880657848380663,0.004884394189952568,0.0089075109339527,0.006395910130275517,0.008732319001495625,-0.004201366843545329,0.004190813952656747,0.00792097286851412,0.008999192777497278,0.007814512742735147,0.0010452665622466828,0.003187999589423729,0.006175966756098106,0.0011026404513467813,0.0020517748134749603,-0.01085727176529605,0.005552374886545808,-0.005586572717180771,0.0005597545279463212,-0.007092302719550081,-0.0019715091718011113,-0.005668741281895873,0.024420419004292704,-0.0035156862286629398,-0.0006138091399444656,-0.001166020752051078,-0.013541642187890113,0.001966662349151216,0.002785482516454163,0.018706279572366036,-0.008771879924703185,-0.0008507446879663094
2023-07-05,-0.00500063436432896,-0.004887140854298977,-0.010117271775912706,0.0003641971649706033,0.003983797125107547,-0.004960033987602586,-0.004148834105323407,-0.0022601043911714136,-0.0017304401010418413,-0.012408955784831144,0.008461597263594856,-0.0047983421844556284,-0.0017640485413209506,-0.004949498986501766,0.010475210147352199,-0.010231079585968361,-0.019108300228289243,-0.010989012500635331,-0.0038600040954386294,-0.0024875107996576995,-0.005410258810659707,-0.000591505839028672,0.2004366317057491,0.003935149575856611,0.0019148699366331456,-0.004416973973047522,-0.0009827130769445303,-0.002793251370991512,-0.004543303167742763,-0.005960880650549005,-0.0030931504179030345,-0.012160520832159238,0.008897380328382276,0.001116879636958501,0.0011638497880657184,-0.004494354081323482,0.01571698373732322,-0.0024324868709751923,-0.003945003745172926,0.0025062660748280674,-0.006857368630479033,0.0010230537351794133,0.005873687243063808,0.005280231257905443,-0.0006449172306521866,0.008282142525105618,0.021910269150510198,-0.009565745154184735,-0.0008797116429378748,0.016087856920426802,-0.00950237008654331,-0.0028284290231184173,0.018455967705337084,0.0004091918854143284,-0.0013267122967687284,-0.0020635564333486567,-0.0031893711621084897,-0.0025252517237318584,0.019127657485549232,0.015929145881701023,-0.004375389046264333
2023-07-06,0.0033958116615435685,-0.012330161622683411,-0.018192912629245384,-0.012013142201433125,0.011904602193818725,-0.005201705261263068,-0.006389329882774852,-0.005148260129017035,-0.0008666470665350534,-0.0032633639324328723,-0.001525570817680788,-0.006328491309389173,-0.0020883289207223044,-0.017983569228302243,-0.01012537127271318,-0.026263546587780184,-0.016883086748676446,-0.01633992064295675,-0.007978016055853243,-0.01309227747003916,-0.021758945638304605,-0.0039462506290561805,-0.10876684553697469,-0.003048615750110728,-0.011085671811485565,-0.00171713459764411,-0.011313491522906283,0.005602229270158077,-0.006338943028473043,-0.008394376685752825,-0.007313728749622772,-0.0153456282216059,0.014173187847100754,-0.005299985649224959,0.0016712644319987202,-0.006127102704255205,0.013539616896401041,-0.008127795843712593,-0.004643651944773564,-0.015000002451701855,-0.013809366345804097,-0.0051098429576778015,-0.0007299709436843216,0.0001072338016618879,-0.009034770733265196,-0.009126940762870017,-0.01649274657160049,-0.018098443404882314,6.284086544083856e-05,-0.00611117274506634,-0.014143169875183936,-0.011750416235062677,-0.0014659751268905064,-0.002046095815430582,-0.0022583736672826538,0.0030567946044095518,-0.004922461833966163,-0.008354332259601138,-0.03303308124949633,-0.006968634747042013,-0.009383510393096484
2023-07-07,0.012454281442322301,0.0020100981033792653,0.009160841771360007,-0.0018422421141608414,0.015686588507059396,0.0,-0.0005588524926557481,-0.001656111780604319,-0.00242894975898833,-0.00709394008032449,0.011459062211043092,-0.005306729059879167,-0.0017706537962526303,0.007597852400750504,-0.0024356085666007443,0.04112609087910335,0.0113607409473504,0.009966696140797593,-0.002067977100043583,0.015161033904198096,0.009885860947646208,0.0019808606178934873,0.012244956063695023,0.00043670846590559975,-0.013529133962787543,0.007275580162249939,0.00497524538265437,0.0013928131929508147,-0.001275647968199789,0.0,0.0033488529855507654,0.014300336989479856,-0.013664515720444137,-0.005608376362635115,-0.018205655607718807,-0.004542476713578658,-0.02867150300682586,-0.0013655230182274547,-0.012074359849694516,0.006345220201824375,0.003756784808497615,0.008731322331061886,0.007304662580122079,-0.018863912009316586,-0.006772366220692327,-0.007982816918350344,-0.0005589695441186038,0.007912212026968568,0.00019526182384010937,-0.003074318705375112,-0.006019265162581111,0.014350315073795805,0.01908198115498716,0.0008202582146616955,0.0002663187365301578,-0.003047479086779936,-0.00395715567263899,-0.0009702003920271096,0.0015529436085535142,-0.008771879924703185,-0.0009833913931236449
2023-07-10,-0.0010696731516115499,0.0025340918213558883,0.0018569104219847699,0.004798798714066077,-0.015444319817313756,0.0031591966328792243,0.0034964134043364847,-0.0006220393445788286,0.0019368634088809955,-0.0035726361110238747,-0.0003775883746623965,0.005182878559161441,-0.0009675689915096264,-0.0005800669385471746,0.0004883110478914876,0.012764239549675871,0.004702119900479085,0.0,0.0046052348291150125,0.007052461765642226,0.0009175267144758692,-0.001779323757138962,-0.05241934420609917,0.006550258352373328,0.009796245681226612,0.0007469746426860269,-0.002970481480501719,-0.0041725501199451065,0.006387529804185554,0.005643568796087628,0.0026703451569505265,0.0008440793822519499,-0.009445944348856483,-0.0016920389941497138,-0.0013297289570795012,0.007496734654493853,-0.034136573935894865,0.001093797462894619,0.001388743297658479,-0.007986591180221825,0.0023818509996460513,0.0005090842221548986,0.0021754697689160274,0.00666368102774717,0.006294185264184238,-0.0015474387709726312,-0.007270551904895783,0.0017842528322764561,-0.0015952788054749423,0.0067286652201032915,0.001312410347025228,-0.017785028132623393,-0.0019638114965695452,0.0010073855748800042,0.0026621426909376744,0.011867722399486302,0.0011177377688544876,0.0035775852516088946,0.01627886349586749,0.007079639146523986,0.0027365447791827258
2023-07-11,0.016195983318813667,0.007898874581667492,0.009266844523597939,0.006245370869276012,0.0,0.0029317618560995573,0.0020906083654077534,0.0006224265183623068,0.004528153741035101,0.005681364851753079,0.014733654354362802,0.005307832970329773,0.005165389228618311,0.01199454290386437,0.01781347721363602,0.022745954010761738,0.011440495250668148,0.009210685290945708,0.0025209703333930467,-0.0008238758944627556,0.02231060471484958,0.002178687457418338,0.0,0.006941397200444843,0.0015522306113093798,0.0026310377887117653,0.007944808812020199,-0.008379910300145621,0.003046213571411327,0.0028060339259849965,0.003994679997349593,0.01223126232676175,-0.0022250844962666827,0.006497112261798943,0.00022183382337659374,0.007440888846575344,-0.012473962853279952,0.0123224005488336,-0.016782244150242653,0.007415276246964586,0.007807156189103992,0.0,0.012301077137096383,-0.0017363354314766655,0.003648694778469741,0.012709162541872487,-0.002816774080525941,0.009616895645162549,0.0026700235351322377,-0.004455869256910772,0.005140064683235357,0.02222205878736494,0.013513181973237698,0.0008215044974781982,0.0011945994331927778,-0.05046864686197827,0.0053359028432580224,0.006467793653746501,0.011441723424119754,0.0,0.00902494096490103
2023-07-12,0.0060589420545236194,0.012016738870501698,0.019587845050305086,0.0051114369756952716,0.019608105142787435,0.006713145442889479,0.007927830746181641,0.004561709311298401,0.0019071355662605427,-0.005594437278371833,0.00483990857802552,0.005129050925545275,-0.004175316008314556,0.018160918184455088,0.008151618146829964,0.01728178957049864,0.025963934664495758,0.013037725455259608,0.009373282269377503,0.007833487750969148,0.02272063529037527,0.0013834531704415287,0.08936165624176051,0.0034467292935127514,0.0007749124628089188,0.010425487390000487,0.008374248940883788,0.015492867568137392,0.008099245714001002,0.008395225236860204,0.006410059281929392,0.017500032781582853,-0.003822798265812666,0.0036486232788703887,-0.004067644186223851,0.005780391619594649,0.03157891148171421,0.0035625481144347937,0.007194246249751846,0.011146142919769675,0.012125312050698556,0.004071324074676808,0.007862786495276497,-0.004402537650810556,0.0005190810144177771,0.015304425145725276,0.006779400674205682,0.01816908249247895,0.0006500065901824392,0.0,0.011131222544740638,-0.02133640876259013,0.009061658873491973,0.004309557406031672,0.003844857728451556,0.00982546132173856,0.0029621234397765317,0.008855007079792143,-0.0022623574585267647,0.007029870202245103,0.005575494837226858
2023-07-13,0.006546312860370662,0.011357774208211824,0.01540926099195894,0.009081002337901545,-0.011538407983100685,0.005377404366780025,0.006071362347407794,0.005572496735694932,0.0017304132974074182,0.010534437841739797,0.012597288847744803,0.004952175652901625,0.011288421918214553,0.009575780863995131,0.0030914968775344054,-0.0007168321198730565,0.011525940030451931,0.00900895842823446,0.007701064206700137,0.003681785160857931,0.015784856904197397,0.002466893190631536,0.054687474222321786,0.012881231697204898,0.0019357042489203113,0.0028075657498536355,0.00781606064722773,0.006935012717369515,0.004017199816260364,0.006541128080156611,0.0,0.008599481474309334,0.0076751960841052735,-0.0033558701707848693,0.0008912602659425506,0.005747170722116168,0.02857133414648949,0.00691177863900716,0.006022323505761928,-0.0010399132170962888,0.010316170963492244,0.004054684761458871,0.014184365818866285,0.02380291401302781,0.003504022213210334,0.003316221893527871,0.008417478962426284,0.01853775008979186,0.003394735878780475,0.0,0.010512971899992785,-0.010283660448294762,0.009621426224120988,0.005517070757050879,0.0036989153918618456,0.0026872915329065883,0.002707301218227043,0.008175242140672223,0.013605328084997259,-0.012216434804252496,0.006252251447249835
2023-07-14,0.001560838523865904,-0.0027564919064071436,-0.006503853326169429,0.0014398680165212951,-0.03501949797479598,-0.004493075796696999,-0.004663501946041371,-0.0022574389391595284,-0.003109551427143864,0.01588275207547407,-0.006952129272358221,0.0017922940001546817,-0.0028704446054524935,-0.001487871145351538,-0.0037931008082064954,-0.026899068277214,-0.007926695596576327,-0.0044642948023798645,-0.004944768592240911,-0.010597223349335438,-0.006906467552477147,-0.0018702251791206104,-0.01851853907587242,-0.000847844985819024,0.005409638761211033,-0.0017497527507605026,-0.00048760847332141033,-0.015151502315196907,-0.004501267303109846,-0.005907638555584738,-0.0006587670735657136,-0.013398289367308136,0.00476031505268093,0.005892440922839137,0.002596820815006007,-0.0009524500363803368,-0.03968240398310663,-0.004460433604912883,0.006264926602395304,0.002290092670347743,-0.0009882259169864405,-0.0010094310651823646,-0.006993064384998915,0.0036260619212988843,0.007241816166300152,-0.005708999133950843,-0.0011129621924823585,-0.002551393306554739,-0.0025480275854125045,0.0,-0.005888623888693267,-0.017872179026103274,-0.011054663673013998,-0.0067061663474943245,-0.003947854782120341,0.0010166444772072847,-0.001963762841568406,-0.0026366494191093492,-0.0007456838352370987,0.0035335656299810836,-0.0035875416406783156
2023-07-17,0.04688316174298501,0.002559371162893287,0.00019842765509547888,0.0010783832006531213,-0.028225746722445932,0.00042980454428098724,0.0011025303864979907,0.001028453890983938,0.0005199234989394785,-0.004728064936234233,-0.008106017866995607,0.0031308143568562485,0.002078908133886559,0.00484263741731783,-0.005711614234430562,-0.0014006772308858828,-0.0004993459034602354,0.0,0.0013553272588497922,0.0047374780318214516,-0.005505854602224414,0.0015780407265126861,0.13207551825903385,-0.006788342636456335,-0.002306127563259208,0.0004908849181624042,0.0,0.011188787345160378,-0.0005021774698324988,0.001188481951465148,0.01098901931966978,0.00041157479204123604,-0.0015792325530280538,-0.0094839746855232,-0.0043664773655121,0.004766604773123406,0.012396644096371867,-0.004641433769834391,-0.004703817843731528,0.006647443637536332,0.0029674128037591174,0.010611366582860216,-0.010563357876041457,-0.013707885208138149,-0.004108413563445157,-0.009368392768069222,-0.00278550564367408,-0.00341074968355104,-0.002302908835261852,0.0,0.0004936254319014566,-0.005078266254162633,-0.006167234141292166,0.00020468800769801732,0.0007923895074126719,-0.006093387558987917,0.004427038460968591,0.00608534879981093,-0.0022388206350952844,0.003521123508970936,-0.0002588533300108553
2023-07-18,0.0028532121579125658,0.00561633925649585,0.0023800988273225965,0.0017952763584561104,0.045642975237284,0.0021480090692913567,0.001239009357056453,0.004315623233930754,0.0005195083466369432,0.009716740381616518,0.011887054930772356,0.008916457636870101,0.0007981403822416855,-0.0012973951172642328,-0.011967475065334354,0.024654723668610545,0.006994731981513125,0.005765488278612674,0.00090223246078458,0.013735128175653921,0.005244735506029885,0.001969157767935714,-0.0366666884649367,0.011960837088906828,0.006163480415114275,0.006797872484112899,0.002439342029363578,-0.012448164549424101,0.004272452330737808,0.0017808587046830304,0.00021737313769576438,0.014397379018355583,-0.0015818589856697596,0.0,-0.004756755570154314,0.007906263562759364,0.00816327205076095,0.005660466940761388,0.0022239100474306106,-0.009286070917907452,0.003615997925646486,0.011000062086715223,0.013523132251339831,-0.006356755336043518,0.008637454745728634,-0.00396559287561471,0.006704119502259687,0.009753518124400173,0.0077015433452942705,0.0033566366826003335,0.00453914658726462,-0.00765633939794752,0.013445260710357676,0.0016363757507216192,0.0005283591972669033,0.00069671451139941,0.007174358878820897,0.007387243583522052,0.01720283885681506,0.01578950098236831,0.005860804302525224
2023-07-19,-0.0072983333578149345,0.0012183804927639041,0.0007914292012844992,-0.0011469122721281533,0.043651053128677786,0.0018225797490256657,0.0023369710027418833,0.000613979344782134,0.0024234756992786988,-0.003581943457371728,0.005873706394823541,0.002798933959663019,-0.00015947300178320578,-0.0038976877779275387,0.00557168947767539,0.000648444978594398,-0.007442369163376594,0.0025478631631781212,0.002930068344259462,0.001415479240111761,0.014492827532948116,0.0019655318503690733,-0.003460192605445833,0.009708715322577,0.0036752979895862126,-0.0013182981155854812,0.002919515320855215,0.012605074592104248,0.0017512470076799236,0.003752432054248578,0.0034774642457666705,0.0012164438915893694,0.010456244154684713,0.01774136349904465,0.010829079358753546,0.0043927575989270995,0.0,0.011525193501962683,0.015395426785903998,0.003957530006462262,0.0036029695950645646,-0.0024727898004826,0.004915734383322601,0.009812762176602874,0.008052093558590157,0.010107047941351421,0.0011097584692185691,-0.0006437835642197909,0.0050603517288934086,-0.0027878024309485605,0.011296506878615942,-0.016287824336628454,-0.004028199685246814,0.000408535586898795,0.0007914549041483365,-0.002088616877284566,-7.283274182423582e-05,0.002608361075795651,-0.00808841827666451,0.0017271552586739514,0.0018252393626148056
2023-07-20,0.015576302185161373,-0.006693618801324019,-0.004942660570601554,0.00455713467042318,0.04562725904452858,-0.003958769591615008,-0.004663501946041371,-0.004090195270360808,0.0031082610346626627,0.005526240710826524,0.004014626190036008,0.0008807633049061625,-0.00015956787519544324,-0.00726658846660877,0.01204511543168274,0.008063574079081981,0.0,-0.0012705926284400926,-0.006517033706712083,-0.0010096513517144912,0.00142866239187045,-0.0011772329958436023,-0.041666674550879024,0.00585278121441446,0.010756933137562763,-0.0010528124516909765,-0.0029110165633990936,-0.011064983596719036,-0.004746256574837404,-0.0055094510981812395,0.0,-0.002470549736829586,0.016933351523774176,0.007194450124222707,-0.0035464945371833645,-0.008434747343069482,0.002024117543756976,0.009009197224530308,0.009151593215474207,0.005186702489863082,-0.010443814686989739,-0.0019833405029334727,0.004192834078589058,0.01632147615948365,0.01496123463718324,0.015767151860462514,0.007206297906170889,-0.004103713370356754,-0.0021548284782797467,0.006429937659590879,-0.012141571762202541,0.009585907719136033,0.006372280910242001,-0.0010207899538647869,-0.0015821012250037958,-0.0065577246567440906,0.00656448079623928,-0.006626755743220469,-0.01779097470019575,0.017241362300696395,0.003012984530857965
2023-07-21,0.009447768858128258,0.0005105314751159273,0.0003973255943636733,0.005893962588157109,0.04727266743235936,0.0015038955939601362,0.0006894548218128183,0.002464144241643318,-0.00017212607986782924,0.009871388222217226,0.0065430367277476975,0.0005877060185355276,-0.00031904778473257345,-0.0013137851487909913,0.01285426936211942,0.008712873216205841,-0.0009995910538337371,0.0012722090879291326,0.0015885162780040485,-0.005862163795531838,0.0017116741820455417,0.0009254203082653678,0.03260875145272446,0.0033249618014636884,0.011283681936655299,-0.0012647639692130452,0.0024327460934707723,-0.00559423726698105,0.005551239746553138,0.0017808587046830304,-0.004548443278395431,-0.00150232252622573,0.004625270654023295,-0.0021979103703519964,0.016905276600806207,0.004410749228272115,-0.0020200287680885998,0.0002622314853117924,0.0013534046290299973,-0.0028894559632435257,0.002308661050391958,-0.002980474082680762,0.006263063708980221,0.0045429546718447344,0.01136785413565966,0.012835721685455992,0.006879389275602055,-0.00017019067268198018,0.03694007561621149,0.00166677406475646,0.00029499777985808606,-0.01553743879114089,0.004651692388094597,0.001225917897661688,0.000792526082831424,0.001357601346129389,0.00265713950700297,-0.0008400327628305115,0.0,0.0033898272208872093,0.0027012732688160845
2023-07-24,-0.013127404165687806,0.0035717356134084,0.002780575543607444,-0.006853761504889921,0.010416618525453503,-0.001094233109919851,-0.0016526561479968116,-0.0002047542025152005,0.001377245698845453,0.009404948325296703,0.018779334164733097,0.003519978640578847,0.0023934831233840548,0.010148450998159309,0.0065805004401489064,0.022727236145099416,-0.003752937305951054,0.00317668436839158,-0.0018125541380416,0.01118336622468008,-0.003987400009258679,0.0007082238669575691,0.024561391096707297,0.015327345338352893,-0.004254149408636887,-0.0025332352574390926,0.0019416932368303552,0.001406210936673702,-0.0007524528432542033,-0.001382510272400106,0.001740665520621576,0.005611558431708685,-0.0067525688165022135,0.0008259572857483022,0.00014566298406260003,0.0037641446177330007,0.0,0.005250741977803619,0.004595948100994951,-0.0039330348783712665,0.0009872504853745134,0.011459808605085664,0.017289108373838014,0.003996596766858707,-0.0023468977603737784,-0.0038313635737485807,0.004646004729056408,-0.0017029801903951647,-0.008450449932808524,0.011647009043567857,-0.0036371777956929474,0.019289857690335532,0.014791230517545717,0.00040819757818022495,-0.0007918984826289499,-0.009397350667881277,0.0012525912677558981,0.003264041001955764,0.0007547892345385332,0.03885135407252749,0.005457824780642273
2023-07-25,0.0020938391342961715,0.003254095297920312,0.003564998375183537,-0.00035752544940925723,0.06529204152160495,-0.0012665590991943754,-0.0011037096095058985,0.0,0.001031873440028086,0.0009424189854139176,0.0024813999381048113,0.002341202310054191,0.0006073204464689397,0.005953475544192344,0.004436168497044424,0.011007365484801301,0.0022601851162202813,0.001899853707086674,-0.0011348431743110066,0.004826210762247873,0.00400336301899773,-0.000884389558587495,-0.030821969259027693,0.00326383278643827,-0.0020612881544556094,0.003809250608209025,-0.0024221391513740143,-0.0028090222946953736,0.0005018639383151946,-0.001186937241784869,-0.00021718429756700797,0.008329984389126688,-0.0012361321929583724,0.005501857511634345,-0.030983527860823923,0.0012500704772619997,-0.008097172627758553,-0.002063016924844119,0.0010765099827785285,-0.0016625106617442764,0.005588354459876266,-0.007881731614305498,0.004758600808407287,0.002304645237997782,-0.0029713670953541715,0.0026626017977500194,0.00979321920388343,0.0027294449959591738,-0.001615735963204079,0.006030872657308839,-0.0018743649626086212,0.0038710393399230547,0.0015205691757442796,-0.0014280206733373602,-0.0005279437860283842,-0.003917354107526472,0.001395662899832395,0.0030070547987059992,-0.0045248157216454254,0.0,0.0005775466705530974
2023-07-26,0.008849553158608359,0.001317630812570414,0.002762935540111311,3.580696796667837e-05,0.06451629523517899,0.0018273413472551514,0.003314211847340376,0.0006145612298966707,0.0013739337761331516,0.03937866492237774,-0.00318244248444699,-0.002481630546645408,-0.0007985333417279694,0.0029591577689396242,0.0041840628909946,-0.007189699322968979,0.0032573827825190804,0.003792771243809945,0.0031809780446132585,0.006804065392246983,0.008829443154001915,-0.00039360849973435474,-0.053003496484980706,-0.002033331762052115,-0.002140537326677183,0.0017567764252828244,0.0014570316737232414,0.009859233572190096,-0.0002508060986211591,0.004950608246407029,0.004996740278912171,0.0027669884737560047,0.0068069530542458345,-0.0051980078160605014,-0.00774892857839482,0.0018725520175948418,0.00612227699130985,0.007563276822143861,-0.009811977326616761,0.013738594278654537,-0.0019613955606011535,0.016385075126006843,-0.005412694503227344,0.0012543150731088026,0.00024847561201979396,0.0002952963960427546,0.012931101581129978,0.0011908194581751186,-0.0010314914489470972,0.0010899884517265868,0.0009881720639521863,-0.011996414577193915,-0.0002528039526500381,0.0016342820725436802,0.002906612632572081,-0.0009949864874956305,-0.006007039617078935,0.0007372709377262421,0.028787896585580786,0.02764228839963767,-0.0018698979990982023
2023-07-27,-0.029361581374716672,-0.00627602522877746,-0.005510724999268857,-0.006688654781075609,0.00909086655731417,-0.0065457144836044145,-0.008533049907947565,-0.003275934669914271,-0.002572663050130486,-0.0004528028137903428,0.000709442410644856,-0.0067318831610436725,-0.0001597788466670691,-0.011985966502919831,-0.028703803304178543,-0.004413934434321698,-0.005494573054290908,-0.0044080688920817845,-0.008266747304722988,0.001192622213776362,-0.009598974746897748,-0.002361849632075752,-0.048507453961067926,-0.006112589898047416,-0.004365783985093241,-0.007015069435002741,-0.005334859395615732,0.001394677733834282,-0.005021291460295729,-0.009852273615116425,-0.012105556789996474,-0.005318931142609062,0.037492229522626985,-0.004400417994373851,-0.011903775839831487,-0.010716460682482332,0.010142173912227381,-0.008571655464483463,-0.017781858149210406,-0.008829670541221413,-0.004585692852944412,-0.009770046159257473,-0.0013604848118996538,-0.01602313360784302,-0.005959261112191583,-0.01769914549507523,0.002659565058566793,-0.0015292325492064496,-0.005386298666160139,-0.004627190120329083,-0.019452502941925576,0.0,0.004303704302833999,-0.0014276416379571666,-0.0034253233668236627,-0.006592738657716146,-0.004350869220756448,-0.008839961632748583,-0.016936715426860482,-0.011075976227857498,-0.006082971934800785
2023-07-28,-0.030375344268000704,0.010492003683493012,0.012072145006075674,0.01001045915786869,-0.003003042373067033,0.003024412360668638,0.003470552778565672,0.0020541235742304043,0.0006876498476036108,0.0038255323691906984,0.0038993534105327132,0.007219377938454619,0.0025576327043650426,0.011384724328960427,-0.0061961562061864095,0.008936537772335607,0.009542970587980149,0.008222486650581562,0.004224756830631282,0.004169205461170611,0.004276033434454485,-0.0007892285051092074,0.03137251842995603,0.0020502560376978174,0.007408855241339385,0.0033204996393370045,0.0029253201831882514,-0.034819005930884384,0.004289889956803572,0.005372902061568263,0.0028447370352122636,0.003538260168997276,0.00473918280366914,-0.0011050866460069475,0.0007672581578721527,0.009258029504219278,-0.014056178259000296,0.002357925640738223,0.037037057784178096,0.0004143767522533093,0.009871650205260263,0.006413292209096921,0.004087156254735769,0.009441481895298587,0.004995872118099154,-0.0027028221879765724,0.0015915063205393931,0.003914237798793296,0.002463304586176829,0.011758266263912187,0.005135490177589519,0.03772750839350758,0.004663454979509041,0.002246744842603343,0.002511412455916906,-0.005585990321869239,0.003325755164040878,0.011495358860670102,0.011235827931172171,-0.015999984741210893,0.005142830815653365
2023-07-31,0.005695801807700462,0.0019153465380419288,0.00019551620383961854,-0.005597306686079162,-0.006024015238281,0.002369242834612706,0.001798003031189488,-0.000820034292028704,0.001031053667799986,-0.0023067098075366665,0.0038841332477306256,-0.0008777519818347068,0.0006375868072363566,-0.00239882992994489,0.003836862199228408,0.01153522660549755,-0.001990029408464822,-0.0018819090553248152,0.0015921290916731667,0.002174747826621637,0.003973757670104883,0.0007898518787265996,0.1977185996641988,0.0,-0.004314992436939558,0.004435761330778831,0.004375566109127815,0.011544149861906883,0.00226153539051821,0.0015835845682476979,0.005673084047343568,0.0010015193001553513,0.0026535343641802545,0.0005530946247072066,-0.010120982276781265,0.002808255605914356,0.006109925416057704,-0.0015682891431026968,-0.012126956875148975,0.011389544029946963,-0.001954939522842425,0.000490118319978583,0.003392122991832558,-0.014975382155944406,-0.0006212558462542761,0.0009033622249368101,0.004237273207680081,0.0010170687398036726,0.0013201165530483117,0.0,0.0024049244132264835,0.044922769789956796,0.004892581922476769,0.0008150548945882186,0.0011867879438569595,0.012819229990437275,-0.0013791483282034056,0.003135046672435804,-0.005925701204180345,-0.02439025903112113,-0.0006251693325437513
2023-08-01,-0.007594249871733738,-0.006942359738206005,-0.012316770968961332,-0.005449569485471262,0.0,-0.004978440709986098,-0.006188708174507229,-0.0036579627040280727,-0.0015450953139294343,0.004372756752652807,-0.00035168975311883344,-0.000731967318986837,-0.0001593642458505018,-0.007584137404422875,-0.009316786677445954,0.0038012656177501825,-0.010717946977221837,-0.013827779294023235,-0.006584982568029418,-0.008680358977755875,-0.009047186641594429,-0.001775479069440089,-0.0317459809438132,-0.0032733476600119715,-0.007386314164602337,-0.006448975861658601,-0.008228502050888653,0.0,-0.0027579733860811917,-0.0067814900199361094,-0.005424133026384337,-0.007804538477299228,0.003528304101006352,-0.00829201304895888,-0.0007747686807576537,-0.005600601111605874,-0.008097172627758553,-0.0073297393508149344,0.002967798760103557,-0.015356287902487775,-0.006856016926162778,0.004409599665268882,-0.0047328613720620805,-0.00341413167197957,-0.009699241628426614,-0.008423629872154392,0.011603554079025802,-0.01270107970407719,-0.0008112312126853372,0.003243344448631502,-0.016387336180079926,-0.010198063709113914,0.0012484729751747192,-0.0005091479935199761,-0.002138977056692748,0.0021331975994303143,-0.0012110979318580295,-0.0032717904666943465,0.009687063148631658,0.0,-0.0009961959189748182
2023-08-02,0.003372201673581987,-0.0165147078892548,-0.02038787154250088,-0.016222047381764138,0.0060605239267677025,-0.0023826469378448456,-0.0032040831762062405,0.0,-0.005845891547575532,-0.0008005666145414203,-0.01724137675849391,-0.009523705648468606,-0.004780721732356774,-0.021435313381427346,0.0007234080295357437,-0.007370812352892053,-0.024439195064204333,-0.013384482655963592,-0.0027429223673380854,-0.020298458923118323,-0.0194009660265273,-0.002371570398010281,0.003278674172060958,-0.013546746020443146,-0.0003794340276134234,-0.0051507344309051906,-0.007320934328492901,0.01283867461186139,-0.006033234649785335,-0.003193973289763785,-0.015706832109111057,-0.011698392428437732,0.009669004767135059,0.012263222006905439,0.003643475244603067,-0.009699577752063981,0.004081399963032695,0.0002636698260962689,0.013449908731477223,-0.016011627378665794,-0.014135473591826653,-0.0019510360841561436,-0.014945774497433062,0.007975630492341068,0.0028881010975525534,-0.0006068908286018804,-0.017205575662051387,-0.014922899929189715,-0.0030243775322916777,-0.0029635526724536287,-0.01069879954337094,0.011717068190987945,-0.006732907223659268,-0.00010156545103268133,-0.0005292348745704611,-0.01660361005215849,-0.008005938143632152,-0.013081241622212247,0.005165953086185393,-0.001666704813639286,-0.00906633590220629
2023-08-03,0.00038778848964104995,-0.002369428090285397,-0.0008082204959332095,0.0010992553740920563,-0.006024015238281,-0.005861686814934264,-0.006149773507066247,-0.00268178152561116,-0.005707192311693032,0.015876145345841808,0.008950921327345096,-0.0034025240414183866,-0.0033627057884544342,-0.004761920751772619,-0.02409633805595346,0.011036099004355648,-0.0030992952679375074,-0.002584073105452389,-0.008251108070176816,-0.00304688058443936,-0.0034914443099336445,-0.007329547815202897,-0.03921569325844865,0.004993753780963228,-0.0032283358370910342,-0.00014173627444202808,-0.009340883452901627,-0.018309881449943943,-0.0027820499413704347,-0.005607680810059135,-0.0035460580248133367,-0.006122368588939442,-0.015380184766392024,-0.020649827911133678,-0.006256195472069015,-0.006951018792994201,-0.0081298547993357,-0.012112235798449666,-0.0007961576142470062,0.0016906173555293336,-0.005001624505361901,-0.022482983858512884,0.00827593083091882,-0.00631941129077096,-0.0002504290181455371,-0.015482427454912906,-0.011671046350622993,0.00017418885437581189,-0.00038690569120269913,0.0035125753752474065,-0.023071357929554948,0.031150179963923552,0.007029556904958323,-0.0004077955407096878,-0.0005296260986245027,0.0011545602575837588,-0.002201358766045103,-0.0028792028737899544,-0.011013189054233208,-0.0033388951069659445,-0.0004913813612474893
2023-08-04,-0.008657425209626868,-0.0020652409375742087,0.0016176668261276284,-0.003111290817140233,0.0030581728016463305,0.008298668513624818,0.008297242058799226,0.003102395961660065,-0.004174721835060513,0.010993988809109734,0.004613198759374937,-0.007718461808818744,0.006105390441018432,0.003062232759134975,-0.014321134780151734,0.001078196477535931,0.004144932437714521,0.0,0.009937935255724728,0.00835368253327129,0.004379596504713312,0.005388252605803778,0.04421767982437563,-0.0008281848041500339,-0.0036198260674368266,0.001914908581660324,0.0,0.005739029968439668,0.004311423992400032,0.00906329838407216,0.009119137222569407,0.010061626677178248,-0.009726057918991282,-0.00815298981172008,-0.006917529553601698,-0.0063633959826883135,-0.004098364055755588,-0.005658880925209497,-0.018196360124997257,-0.003797427604036341,-0.002680968916976778,0.0059999517246747125,0.0030779829805898107,-0.013467137950777364,-0.0038823725092843597,-0.008942367173800814,0.005904434099359257,0.0022631866623856745,-0.00867669232215762,0.0043080869194258575,0.017712139945639027,0.002323823074513065,0.004737242168162403,0.003873135001489114,0.003311917194185998,-0.01451016803313998,-0.008088161592678778,-0.006621459281987319,0.009651105639402413,0.0016750802735814307,-0.005736466448609923
2023-08-07,0.019682000383389076,0.006726025823716952,0.00524939497634902,0.0082613856635394,0.0,-0.0021660344106808616,-0.0015343139244322623,-0.0020620119423230276,0.005240279000992887,0.016043189610763786,0.002295970295396854,0.008975310610474185,-0.001756717941386765,0.0022896439764537035,0.0012526339931224761,0.0001344310432789264,-0.0007738963679522204,0.007772234604278561,-0.0004576766216352057,0.005455639113324473,0.011918535656481266,-0.0027789685405616993,-0.04234527022355383,-0.0012433068941016812,0.01109006383384914,-7.070649480445113e-05,0.003473566920854987,-0.0014265105385818933,0.002778059701140201,-0.0009980913129402635,0.0035265184949409,0.0052856140671735385,0.006547822888333554,-0.00793653135678385,0.0063396320977662235,0.008645599952635807,-0.0020576743840662326,0.004877929079064813,0.004599567811711225,0.010376939440452926,0.008400532694111229,0.008449568062047996,-0.0003409329367066727,0.012404832088133144,0.011566527629261802,0.0018667482649414868,-0.00960519955642547,0.007347632181325059,0.012307155935746827,-0.0018766896698823032,-0.009841544479196718,-0.000772775847097007,0.0006203639009094708,0.0008119884171133851,0.0006598648859685863,0.0006825842266611204,0.007709566099333598,0.009422040268538767,-0.006617787836865063,0.0,0.009113161170158701
2023-08-08,-0.02403170039695235,-0.005755862517937915,-0.007832933536897513,0.004005815568153492,0.0030486076312179478,0.0023879100942378884,0.003631826848506048,0.005578875178986031,-0.0012558234010342506,-0.015693905804846864,-0.0008810027391432662,-0.0035583762495644544,0.0020798820123510975,-0.011231693268199394,0.0027519693574136195,0.004105375691628943,-0.0030982905325762644,-0.010282738028078109,0.003204814435061376,0.0,-0.010054440845755241,0.0013933152751566258,-0.0408163340963037,0.0,0.015506661863916582,-0.005451812760889019,0.003462325617587192,0.021428545182754943,-0.0002518512241852511,0.002997180943904443,-0.004392594198809219,-0.0074825316941191655,-0.011531484264804215,-0.015428497808150254,-0.008088523038812245,-0.0031746274971924393,-0.01030928757072147,-0.007551280195823407,-0.01158109418714992,-0.0010479779189589422,-0.006331248526203814,0.0,0.0,-0.013109196354833874,0.02572701471294181,0.0006211524617312225,-0.0021550529400743423,-0.005569709529858025,-0.0028821171053518,-0.00027000970514656775,0.011613421281051917,0.0,0.0006197446548783514,0.0004893678753505881,0.0006595403568905311,-0.009939089266650436,-0.003118243126378095,-0.005908256800579825,-0.03034772684661402,-0.0033444784051376297,-0.004433525442544939
2023-08-09,0.009168269936061124,-0.004238757693262318,0.0008096930351930709,0.000362744079091204,-0.021276435391094806,-0.00043322203460471886,0.0002782891316464031,-0.0008218025185794398,-0.0015713890110392592,0.006972464605405904,0.008818389384994019,-0.0053561539567293925,0.0003190620462125704,0.0034655055842187643,0.0042415141202949425,0.013952495644077745,-0.0002590361613041825,0.002597150996521025,0.0006846351495464198,-0.0030145109540804516,-0.0005804078171797178,0.0013914587117287436,-0.030851026311072727,0.011203438087818096,0.0,-0.006691839832346003,-0.0004928954095773097,-0.018181916290784916,0.0005038293384060921,0.00039850862697843326,0.0026472859844168806,0.004482618823340001,0.005683358533701943,0.0017412036611601511,0.002117021696512067,-0.0038216854242643095,0.004166670431984265,-0.0005434650110115458,0.00544979441917115,0.0018882733467855406,-0.0016767796932445345,-0.012814194372449683,0.006139169190234828,-0.002494093174318701,0.0008482031298222559,0.0031035846743177053,-0.005399548642177954,0.0019073053931835116,-0.005536573736311778,0.008371704807181635,0.005171124587592724,0.008507432354655453,0.003717649946243684,-0.0016301662451523313,-0.0010547016792548103,0.006889360234630271,0.0005912695051437655,-0.007142247313319694,-0.03282450132054704,0.0050335122112714625,-0.0039377936436307825
2023-08-10,-0.006099935053013983,0.001557354312491821,0.0034386359611779937,0.0036258440677432446,0.009316733551414602,-0.004332734763110024,-0.005565390972475437,-0.0030845322362798022,0.00017496271193806479,-0.008328468576829562,-0.0048951985402428955,-0.0013463084376638124,0.0019150768259577067,-0.0013430252129134068,-0.0014906699751913166,-0.0048528434634886874,0.003108930762337536,0.004533964315144967,-0.005701099024541856,0.0016126281613038085,-0.0017421130234519522,-0.0003376293942117803,0.03915104394209701,-0.00574487473163765,0.0026072144589326385,0.0020786985106107103,-0.003451746389048105,0.02136757753169327,0.0015103907013989115,-0.005774809475773024,-0.003960486709724043,0.004665352417354551,-0.006543986800621959,-0.0037657572568770004,-0.00023469123823749438,0.000959086683665733,0.0,-0.0019031053751433769,-0.001084094967993443,-0.0008376143730551844,0.0013437036491197318,0.0004989784892777127,-0.005423773305033852,-0.0012498033210427417,-0.00048430431297219467,-0.002165868461853848,0.004885862999489676,0.0012115016407516777,-0.0011871462151755718,-0.008034360879506153,-0.016462745676740775,-0.012270235561583465,-0.005555547768241409,-0.00040836016351208926,-0.0018476213617693027,-0.0031279566020375738,-0.00034504435164250946,0.002062423582839479,-0.007103439806861345,-0.018363883285543503,-0.0009882436318262577
2023-08-11,0.0002611937718328683,-0.0037317894493897885,-0.00886932760061332,-0.0036127448183752575,0.009230814432636514,-0.0023933511553001496,-0.0032183291908948197,-0.002062688391091805,0.003322251626307171,0.0047363070223458426,-0.0017568168751376234,-0.00014969923146879172,-0.002867020845540025,-0.009029713914474491,0.007962247883456008,-0.00026712012955998343,-0.007748289440236977,-0.009026451719788886,-0.0034403506656597305,0.0012075030293678957,-0.006108310627657487,-0.0016082981264503582,0.02464797279437625,-0.0016508168075094476,0.007429307436592536,-0.002646555324767319,-0.0030857441350223835,-0.023709833413839476,-0.0005030399455785428,-0.0034047087468567216,-0.0035343084097441135,-0.007268395913920589,0.011976239081336493,0.0046523655064238945,0.0014086093134868527,0.0003193892392556741,-0.0020746306686447724,0.0027239866628181453,0.003391294756727836,-0.01006070313020302,-0.007044676199642774,-0.004990001575478131,-0.0006816334821084791,0.001577751943137251,0.007509871347080255,0.0046512651802990135,-0.003241367507853865,-0.006395737573195337,0.0023157159729720878,0.007559415250195212,-0.0023012708510670166,0.019410155954858288,0.0021104056152607686,-0.0008167913173042773,-0.001851817363916597,0.009756362965166465,0.004432748429735289,-0.002911500680078394,0.011128883777387966,0.03231293427254034,0.002025562041460871
2023-08-14,0.009791108972946994,0.0019770083442469666,-0.004474184004287118,0.0004351350522457942,-0.018292691263175342,-0.002617217346702505,-0.0012633158744830286,-0.002067125935150127,-0.007842608278105234,0.003304661092806027,-0.007391720233960619,0.0038948982527531317,-0.002236455238885493,-0.0034897703596412644,-0.0017435514427394105,-0.004811013481534343,0.0,-0.0032532252404700035,-0.0025319983886217257,-0.008643307151341761,-0.004097152534156878,0.0023466642143561423,0.01030923298089359,-0.005787623320168134,0.0018437031572045015,-0.0002866234256165834,-0.003994027303945713,0.0,0.00025164656106158034,-0.001205842225225795,-0.0015517177219519507,-0.007118082460558783,-0.0017750226940659308,-0.008972428012783418,-0.004141854347652019,0.0025542980987183217,-0.004158067777532803,-0.007334953393188903,-0.010274410986960691,-0.0025409242625501482,0.0027027742128220567,0.0,-0.006139169190234828,-0.0022818159646936786,-0.0021640768985270453,-0.007716135691312909,0.008130051991099396,-0.0034795091608708084,0.014516041039258187,0.008306544683340578,-0.002201802454463442,0.012566607507255023,-0.0028491037005762276,-0.000613028538861915,-0.0009273488274257335,0.011167284243965625,-0.0004169863028051779,0.006444350241750163,-0.015723301172369863,-0.009884669041635097,0.0013163919524450396
2023-08-15,0.00012924496048372092,-0.012253418954359607,-0.01287025133734443,-0.0034068644373949075,-0.021739044953300812,-0.0015306934024600372,-0.0022489175200209877,-0.002485497485416821,-0.014930253671691207,-0.006200063876426909,-0.011347649754751554,-0.00925234036946021,-0.003682496334065255,-0.00914398067002331,-0.012225451090935868,-0.010272517171455497,-0.008849236523285842,-0.012402034870214074,-0.002768675035463297,-0.012570915452305709,-0.007052594370296039,0.0003970487164930425,-0.03741498836823176,-0.012473919492803187,-0.004416598297329544,-0.0028694048642035064,-0.0035087458421863005,0.00285701687722395,-0.0015083803634348136,-0.0032194614298032276,-0.006216772445144736,-0.013068497339827734,-0.008002347307050295,-0.014018811471699921,-0.007298177164351882,-0.009235677791306851,-0.006263114059140706,-0.015872968960648937,-0.012703268462532336,-0.008490684968600726,-0.009097064728824433,-0.011534522261624769,-0.01098148790090303,-0.012362439455260277,-0.0032528672814396975,-0.015862990047354808,0.0,-0.011173117027712842,-0.0028213523997384637,-0.0029232222869274294,-0.006095474381394572,-0.001880248422992059,-0.015405922645792547,0.0,-0.0009282096015112984,-0.010227648226252994,-0.006573137228543691,-0.010805346028633145,0.010383311114240401,-0.013311214225710133,-0.009460682194771808
2023-08-16,-0.005299914311085785,-0.007674590076371501,-0.008278154965877582,-0.01043706197992833,0.00952368750239696,-0.00438036371066608,-0.0028174246300556316,-0.00020782302885491433,-0.0008916751848380144,0.004045409560021529,-0.003945432766094603,-0.004970589001854653,-0.00016065182963964642,-0.005497779286102067,0.005556838822800669,-0.003323963847051137,-0.000788028555452347,-0.005287488693577425,-0.0030077417443075127,-0.0104722537876617,-0.005031134343386867,-0.0021817139064281843,0.003533553594716743,0.00042106660829421827,-0.007393823175800396,-0.0023020854657970213,-0.0050302889027510345,0.0,-0.0005039266150141941,-0.0036334214991005087,0.0006703565819230484,-0.00336218130819832,0.01135325503387885,-0.005924077443905995,-0.0011858071919159663,-0.006750230462028273,-0.016806739025572726,-0.004727532468072448,-0.004427346993572945,0.008135262138417199,-0.009180649001906849,-0.0005073416535094077,-0.004163737443380167,-0.0007721010724837107,-0.0068898642195667215,0.003476581889572561,-0.016666718816980564,-0.00706222389065414,0.001677429820583054,-0.0005330051523831925,-0.007823727569996719,0.00866613034474506,-0.009716284492809923,-0.0004092870995564546,-0.001061812438059584,-0.006112635393294652,-0.006196904195609032,-0.008445497133268032,0.0031620407182084698,-0.011804333364345165,-0.005190391928865057
2023-08-17,-0.03456788012369827,-0.006568416178248437,-0.0037562773163120067,-0.0068355554687331566,0.00628928365623227,-0.0017594113419003854,-0.0009884208192242339,-0.0014534895160477346,-0.00017855373853492562,-0.009563029249861743,0.0021606681598747013,-0.006811924344052311,-0.002410513183478624,-0.00019744036288527056,0.0037678972771340025,0.004015713632306683,-0.007884204721361199,-0.003322255613040337,-0.0011600938363363067,-0.0033202079873084767,-0.008625657599546255,-0.002782999486368287,-0.02112676529296942,0.0050504154149944025,-0.0005585990430627685,-0.004830829478079446,-0.009100115357735694,0.0014244786184436364,-0.005290532998379116,-0.0018232928360021328,-0.0024559567261486226,-0.0008746852203626032,-0.005317862678234642,-0.002085709124621915,0.0038781382705044276,-0.011003257812369105,-0.01282052549535051,0.0002794588571688461,-0.010561399654705261,-0.008282035544252997,-0.0034315428792708325,-0.010152311204490228,0.0020905733201010968,-0.015231021106311249,-0.0020692673817344076,-0.005669352009173734,0.010388153670441547,-0.003911752785436984,-0.017976658366759435,-0.010400147878622756,-0.0042626122038526,0.004482607871585831,0.004842273083401238,0.0008182953615574196,0.00013277017393775736,-0.018353094441983964,-0.007800256492307978,-0.009027148354973868,0.0,0.006825931901308424,-0.004359523059487169
2023-08-18,0.012787684838713842,-0.0004266385822228047,-0.0025136267567092974,-0.001924093392218329,-0.009374963678507209,0.005067985589663815,0.0021213997923390515,0.0033276356210532043,0.0003567990428585688,-0.0014703381546388172,0.008623736662858983,0.0021337309023510276,-0.0009666748725255525,0.00039495870656081067,0.0012512858473006094,0.00359302332973388,-0.006357655791122019,-0.005999951055550845,0.0016261360975871053,-0.0006246182230967845,-0.006900952884891565,-0.0007970796240246436,-0.010791320367543933,0.008375232100316099,-0.0009317160017785486,0.00195597651582613,0.0051022654618204655,-0.002844825193218936,0.0027859386308857204,0.003450402969246147,0.0004476759536338193,-0.0016255751323649426,0.002376318136588118,0.00507588965045036,0.01103771260921027,0.002290593567906729,0.006493763365803318,0.0027932277077513668,-0.0009830659657302787,0.009421843520303952,-0.0020662217429574525,0.004615314246013025,0.008344847764307994,-0.001513051465726667,0.0008537894551896574,0.005068065156633272,-0.012445844049984944,0.001249414278708727,-0.004910450144818834,0.023713472114293754,0.003531376871224845,0.0018592711208589296,0.010651544124757661,0.0,0.0013286391794644636,0.0011436595774774183,0.002378795664345734,5.1347101310605936e-05,0.008668123765635194,0.020338963325323256,0.0007654805616787996
2023-08-21,-0.0038542808013756202,0.005227816275219288,0.0035699730144707065,0.002113296940301046,-0.009463851808988455,-0.0052619786584962025,-0.004798092400466802,-0.0037311195322528024,-0.002855011394818807,-0.005546588830491195,-0.0021375009206583417,0.0024331854115104967,-0.0032254140863319236,0.003947948670577572,-0.006748229153463625,0.0027694742941906103,0.018928264203104783,-0.004024254568783525,-0.004871276225317467,0.003541658051799512,-0.0003019062873013123,-0.0011968202728770416,-0.03272722913073256,-0.0029068195967354438,0.006340999863399643,-0.00041496864722445626,-0.005076364502547559,0.01997146659864346,-0.002021141831587525,-0.00444978289828124,0.007158752675615387,-0.0025054487224410726,-0.0035556658622556414,-0.005347374427943863,-0.012008939264779084,0.0032647346576248903,0.004300829724692257,-0.006406702382098395,-0.005623487236800395,0.008485364514516869,0.005520988241935143,0.001021030688837854,-0.003448268699365542,-0.006341633654520118,0.0026809104525780114,-0.005988007631679948,-0.0010958865416886843,0.0036370477158969017,0.003406698039220668,0.0,-0.013330119091423787,0.026355057961225947,-0.002191479773567706,0.0002046475950883142,-0.0015922514876474114,0.002930304304889164,-0.0013740904719117264,0.008028495450314477,0.011718932339798371,-0.009966767935156495,0.0018649964166415067
2023-08-22,-0.0050700740064664185,-0.002228756922285857,-0.0020925536725989735,-0.001109972628570266,-0.04140136939637262,0.0,0.0012759154109576176,0.0027046919848126016,-0.006084661671900249,-0.015350384841407605,-0.0010711148958255645,-0.004551299045639001,0.0025885966318772713,-0.0017696260979516154,0.006542413664050839,-0.0010103606808276044,-0.006802729568619603,-0.0013465993744338212,0.00081898809141423,-0.0008303751985908603,-0.0030220634750431907,-0.0008408889378496154,0.007518763874244883,-0.00249904145715818,-0.0034839860243272014,0.0027714061477277507,0.0015307484362285795,0.0011408224400744071,-0.0008902788488985847,0.000406271295179339,-0.0035539345989882287,0.0023441810730364665,-0.005352349413835555,-0.0053766408361941576,0.009865841404044895,-0.003579591603039889,-0.0042824118007263046,-0.003924538197495497,-0.0073520714399675224,-0.0039965733519529145,-0.0020589257275624995,-0.015298324804570607,0.0,-0.007625170599829034,-0.003767616557669995,0.0025366023493222922,-0.0071310773726969146,-0.0029131260274091186,0.0032510913264636176,-0.015530532043530831,0.007673820646190599,-0.018445033521367504,-0.0062942946830200075,-0.0014304875495884106,-0.000531262734319804,0.005249471672297723,-0.0020009682647323945,-0.003931180083967423,-0.028571475756647424,0.006711402952518153,-0.0036750138077703554
2023-08-23,0.011130586987319724,0.011807210924769107,0.011742585257054072,0.003888897790672363,0.016611497445611967,0.009477929337115443,0.009062713198326522,0.0076781997668797786,0.004321371329785162,0.006315977178477539,-0.0021443013239841324,0.009754353596193033,0.003872659681946722,0.01634826400756384,0.006250068845946588,-0.0005395094100242304,0.0026344035299146196,0.01483464730987083,0.009819814785601899,0.019530506960998784,0.006062448052916558,0.003406576502437364,0.02238806349518785,0.005010434506724559,0.001152911792576372,0.007637398915584903,0.009679006669357948,0.02849001402453122,0.00840559646980732,0.010357343473559766,0.013597919923123092,0.004510141049126171,0.005979320033068891,0.005706036811737203,0.005939880513840867,0.004898860532324578,-0.008602281334014639,0.005910176677528245,0.01808868593159807,0.010348449637995305,0.00997248689579,0.00932158637424041,0.0027681890700304024,0.013773567167479461,0.004391946959355408,0.0041112632317092945,-0.006077441268837247,0.008195208533005038,0.01128043245124477,0.0,0.024777483523994892,-0.017685988814197473,-0.012797395837823133,0.002251166826432227,0.0038555690804136233,0.01083795732726811,0.005513968210327791,0.010917372908142431,0.02146277897915061,-0.005000034968058231,0.006970085474290233
2023-08-24,0.00013258749497735423,-0.01272076170846037,-0.010569995367524343,-0.009407767305775527,0.02287572825493367,-0.003056981867220143,-0.0023853344805961907,-0.0006180731776791459,-0.005557657613810774,-0.00318801084197462,0.0021489092328972337,-0.011018925968344973,-0.001768017108052744,-0.005813926402433056,-0.004223656981798607,0.0053298816822076045,-0.018392058823376023,-0.007309004767682814,-0.0030099097252346274,-0.015284328728054297,-0.010846661869207797,-0.0019971669722222973,-0.04744524676397133,0.0037390490903910223,-0.008061826262268146,0.0010829652323616212,-0.004540931313297136,-0.030470785159911307,-0.002021100802234832,-0.0030149995590190715,-0.00989673481755693,-0.015548418333254932,-0.006537790095120011,0.000895558559316445,-0.0013208566206943662,-0.008124859064214895,0.01518426965742381,-0.0064352675860570585,-0.008813502961121933,-0.007315993213951599,-0.009533483379157492,0.0,0.0,-0.005277315631446955,-0.009717075577781675,-0.005354342260214251,-0.005558624423585901,-0.01289980245770439,-0.008842600753418584,0.0029411995479677877,-0.006594181963984647,0.0003750832441800078,0.0048448716894502475,0.0006125278224740072,-0.0010595623251480335,-0.012768634612219665,-0.007976040216263858,-0.01297985390295775,0.00933837293825368,0.0016750802735814307,-0.007326368467702515
2023-08-25,-0.010476109006944956,0.006069632542323955,0.005027253513418595,0.005251302854611062,0.00319487606265878,0.00013147430563931195,0.0,-0.0008239998882476618,0.004146242501094521,0.015541392602058446,0.009292423408521211,0.0066479719775465185,0.0012608057590857147,0.001364414492409205,0.005488903961552216,0.0036240560726847892,0.009368332330996543,0.005354803826219223,-0.0006966915305905985,0.009933740263132318,0.005482705323601289,-0.00040018327998658787,-0.007662906047579132,0.012003372752376729,0.007116056949568961,-0.002956380705607331,0.001520662384587812,0.004285574510376922,0.0015190074801987308,-0.0004031587651330826,0.0015549049141379,0.007812560219548015,-0.004487216954576323,0.009844918017575699,0.005212410645764276,0.0072083797933237825,0.014957465114077584,0.004787558943822212,0.009174151315484602,-0.006948894001158279,0.0030937651353837303,0.005643951560828864,0.009661915735571514,0.012642395181230448,0.007359219949868212,0.007283016452700908,0.006707750715152283,0.006015025429862986,0.012441091125720671,0.0013330267445825772,0.003266379007549558,-0.004124473407711049,0.013161735856999757,0.0026531874036510583,-0.001060686188271931,0.015648812417050184,0.004522365084979052,0.00693482675241075,-0.016962193810594495,0.0,0.005607162016507239
2023-08-28,-0.005762470685246157,0.007726493543761981,0.010420831091031868,0.006261342177836138,-0.03184718137970399,0.0019269339638370298,0.0018280417463873988,0.0002059744754900894,0.006822848223558831,0.0004922045354163185,-0.001062316748685177,0.005617294223052127,0.0014530674084882733,0.005840035683820632,-0.0012405229236815973,0.007555726548515773,0.007425062898564594,0.009320923758813437,0.002556218271529298,0.01352460711121406,0.011511584744875458,-0.00040034349075779296,-0.027027015653620423,0.0,0.001115831520365429,0.004484016598421681,0.0035423698529379877,-0.017069770961046338,0.0020214510976077626,0.003428658330049794,0.0002216751364474412,0.013827863269322727,0.012620217395284739,-0.0002954515644932876,0.0021669343353309944,0.006180856256992273,-0.0042107731650663505,0.0064457382227038895,0.0006993408984150573,0.001908459648314098,0.010281063761930831,0.008163286810229042,-0.0006835680991141846,0.0046259420265155615,0.002313464432886825,-0.0012575359692273969,0.0,0.009413514757056873,0.0017178038631557868,0.0002660603868391842,0.001050032501005882,-0.008779041325449044,-0.0028297849900281724,-0.0022388828188543153,0.0017255147531622939,0.0038398241368624575,0.00437758206815686,0.006785192867909018,0.0070588694109159356,0.0016721993332413643,0.003717558359274342
2023-08-29,0.02102704537092892,0.01417909754648572,0.013201437242903236,0.01288669882335336,0.0032896349513473755,0.00603245924074125,0.0061783888070372495,0.002268204454765277,0.008023886870951014,-0.0030001165021332765,0.0017723859246030482,0.011171415084714642,0.005320020720623209,0.008515648777272622,0.006211248117592438,0.0033848536854819145,0.021847958384482835,0.013192527507388752,0.0074178904798491985,0.0036392709853563243,0.01587316323839638,0.0040053682028990956,-0.007936473610684613,0.000817856398047434,0.009658114414696772,0.00806377126081359,0.011094268586450129,0.002894553192880567,0.0055487249186212395,0.0064323676064363955,0.005986706518557927,0.011779180832680591,0.0059347211412754675,-0.0023640546780901994,0.00015447411865188165,0.013579091640918861,0.008456668408654222,0.00556980695947118,-0.0009783703669461463,0.015449633277308195,0.015603787507481925,0.007085006093989765,0.002736000658106308,0.0037725126907437456,0.008624817114482042,0.0025182387142168583,0.0016657352952378357,0.014543761614010497,0.005064161980319559,0.0,0.01038632941598494,0.04066026566674119,0.014188121252474373,0.002855984574726911,0.0030474384511511854,0.003970388022611848,0.00831747124275406,0.014491910198751956,0.00545160978016801,0.0050083824632183305,0.009520295944263513
2023-08-30,0.017689719198533238,0.0024856227748752957,-0.001017865132089013,-0.0015631660918625778,-0.016393465307744548,-0.0010864476388470212,-0.00041848251765208566,-0.0016458936940295654,-0.0012382313615196816,-0.0012827183415665688,0.0017693245532444113,0.0028364610525630773,-0.0030467490361903993,-0.003454276715497806,-0.0019753219212289563,0.0007936842844420422,-0.004121748893852528,0.003906356883717432,-0.00022999574756066288,-0.003626074716848504,0.00530652178047597,-0.001396006930582172,0.035999952043805905,-0.0020433031413871205,-0.0015453211058218397,0.004214161702870367,0.003989931688280546,-0.005772081360503889,0.0012540394058151438,-0.0007989176499618722,-0.0037468255884999246,-0.00020414570038040925,-0.0038348371746014243,-0.00266589588364341,-0.0003859960778445082,0.0031898172193758345,0.0,0.0,0.0012592338713610651,-0.003543041503604849,0.0020040442563331595,0.006029972004257367,0.0027284645382144035,0.0008291848069976737,-0.003733584197623596,-0.0018838085477662636,0.003325930470701177,0.0012164160625662834,0.008973205762296654,0.0,-0.0010382357246728757,-0.029400250304675968,0.004705539406222536,0.002440903142011841,-0.00026410769747142737,0.00853618406279577,0.004346789193479195,0.003945783130166358,0.01084441236163003,-0.01162793552876451,0.0010346111731245333
2023-08-31,-0.002983492645137975,-0.0030991819797375753,-0.007132644842577918,-0.007900393479911672,0.00666655294747831,0.0021747111637606675,0.0016750951468436082,0.004739409276154571,-0.0024797545432252432,0.0011360512567140102,0.004592014882018214,-0.0019348816311171024,0.0022517020678478605,-0.012709326532764686,-0.007421964019656113,0.0031062606069425236,-0.0038800041449700284,-0.0032425385284331476,0.0018410707436129492,0.009704778364726607,-0.004105440497954915,-0.0005993601012413974,0.05791512371833907,0.0012286255402453872,-0.009875226991175379,-0.002560575737943993,-0.0014901108087794768,0.0029026366790416702,-0.00150274073874479,0.00139918146531115,-0.004203697137090345,-0.002247261321706162,-0.0035533193986531098,-0.0054101396007337765,-0.004866284125040976,-0.0012719317408390607,0.00628943590589226,-0.0055389560435515905,-0.004331604172865933,-0.014850471731822634,-0.003333437890361446,0.001998136551172758,0.0034014239872914853,-0.010538569473874548,-0.0099130644457609,-0.009122459574426034,-0.007182409710860482,-0.003991680447148371,-0.007082893793687872,0.0,0.004469018635661071,-0.01713835966140176,0.015632826027009328,-0.003449591411040287,0.0015857294100523056,-0.00635998490544154,-0.004057337974832431,-0.0011940669971950424,-0.002298865408927986,0.0016807107903202834,-0.002772034538247592
2023-09-01,0.0019516602891831436,0.0027978287291259285,0.004310198346540339,0.0020184142658055126,0.0033113331865355367,-0.0054635804395554155,-0.004807613201388339,-0.002280116313220115,0.004083814114893114,0.0010361920238417532,0.010196895495465208,0.00044711359858840005,-0.0019259419000015043,0.007216638247526275,-0.0032404301578823347,0.01897470800185297,-0.010646516256856309,0.0039037456810517845,-0.004824281767985328,0.010012014583103968,-0.0020613673411864486,0.0004997114168625583,-0.08029201725881985,0.005725827973371622,0.00595444631383768,-0.0001427118670562777,0.0,-0.001446919489123899,0.0010031498215863355,-0.004345387902640052,0.006665310523447099,0.0038901884344388904,-0.002971799593241231,-0.015412661069128308,-0.010634251613940271,0.000955117235466707,-0.0020833352159921326,-0.00027829371484167087,-0.022031874848693844,0.011677304657979448,0.0016722934314690185,0.0059820698127566185,0.012203349110307071,-0.014613346530646054,0.0043957013060660355,-0.005079391509889897,-0.0011129621924823585,0.0010454970178803702,0.0009617417841956133,0.0002665173747162797,-0.015578403672404817,0.047850732698084375,0.018632657967783572,-0.0006111308225053014,-0.0013228879522088066,-0.01270508973963147,0.002715846211226447,0.002391067255095747,0.00844842424511838,-0.0016778907412465793,-0.0005418194838248125
2023-09-05,-0.014933166858229763,-0.0057867923640058105,-0.008174954069373852,-0.011939229782942595,-0.01980190434668605,-0.00415832216410339,-0.005476346941028165,-0.006176891970689602,-0.0035366161225094395,-0.001774419246225012,0.007657480613257217,-0.006112813536841455,-0.0004822235221700888,-0.005422190029116591,-0.012003082158995593,-0.003038977912516283,-0.014435717829579864,-0.010369370644145781,-0.006232493174986864,0.006938978455726552,-0.014458512215755559,-0.0012985513961525363,-0.003968236805342307,0.004066912057158589,-0.014798369054720428,-0.0069175916757864275,-0.009950462364310964,-0.00144941345961358,-0.006766943986189822,-0.005229300709432061,0.0026482852376348287,0.0014275788097359854,-0.014903105928187221,-0.0009208193990163371,-0.0034520948036168564,-0.005407042712752608,-0.014613852310187414,-0.013370494228020946,-0.0018655342632116767,0.014690329232928567,-0.006677872724039191,-0.009415239656313745,0.004018717750085665,-0.006616541947842447,-0.013737031313825865,-0.014358706149990907,-0.030640504181732364,-0.01044397812815745,-0.012311378476024148,0.0005319430144570259,-0.014021933074509718,-0.049922671014926645,0.009421377909667683,-0.0014260285680940399,-0.0019872926664404877,0.005361998483541797,-0.006648440503400743,-0.005615320853784245,-0.013708949858728503,-0.006722682879878539,-0.007967098695103814
2023-09-06,0.0076456652106315914,-0.005820720432017978,-0.0041210425717636,0.001149032102787606,0.04377087271924385,0.00021959878226995855,-0.001130007265670474,0.0,-0.0004093998562215706,0.005579536046181888,0.001727154111489826,-0.006750454170969533,-0.0032176719783184593,-0.007398703892861569,0.008858656548259125,0.01238747201869006,-0.00292930513697387,-0.0019647596111703747,-0.003484364380345495,0.002165756187682888,-0.0044910532625183075,0.00039961121313503156,-0.033864503340302665,-0.0040504392768269115,-0.010890092505410065,-0.003590975434870969,-0.005527453126364046,-0.026124764749220097,-0.0012617457910624186,-0.002426092724458928,-0.0037420459273561635,0.002444302012562405,0.004538625887393843,0.000614642921104469,-0.0033853140559331196,-0.007035613385273587,0.0021185848784257555,-0.006211028624439785,0.0018690209858995832,-0.010961719494701372,-0.0063865140119307995,-0.008504387503299626,0.0013342338620891958,0.0032729352050167027,-0.010353686766583547,0.0019425492175730863,0.010919321258598291,-0.002427462234099842,0.003263306734351268,0.007978910776850423,0.002459043396400018,0.011405333041992316,0.005090765331031921,0.0051596328952556725,-0.0017250619422286562,-0.0032485334024682233,-0.008592957528169687,-0.004697405627323792,-0.01467187516772872,-0.001692005465796509,-0.006700296003754103
2023-09-07,0.018707511732999116,-0.00376369949968125,-0.005586617385517245,0.00037026486543401127,-0.016128886780148344,0.003076464987703753,0.003392684806149626,0.0024860784050917406,-0.0007125971630859151,0.013477281063718927,-0.0003448497434187514,-0.00377631762445807,0.0022596830084180564,-0.004707816422901967,0.017812228374362693,-0.007879643788695434,-0.009882469766949065,-0.0019684878571283315,0.002563964014775433,0.0013752374555280333,-0.00030067026223701276,-0.0021990835093440575,-0.04742269732462201,-0.003660063447174955,0.005315166117498382,-0.0005762463613384616,0.00252663964422406,0.0029805015816983804,0.002021388423418813,0.0036478184932500213,0.009058862750680241,-0.00670480103242066,0.003313079868509483,0.0033771763731231808,0.013715042297613556,-0.004186702668264486,0.0,0.001136453745117283,0.004448340102588766,0.014220076582515784,-0.0071041885243868785,0.009586384428219352,-0.001332456054102038,0.009557567054168548,0.007099346769941617,0.011308571330171047,0.006253886227104877,-0.003914313004426684,-0.0013333583189666376,-0.0023747359733262696,0.002773780810323423,-0.01852589322256204,-0.0008440889829892662,-0.002851739072576409,0.0026586985737171442,0.010555493288105344,-0.0025049507781872427,-0.005322015629210419,0.012539231911942395,0.006779654441774419,0.001482829306311828
2023-09-08,-0.007833561848282877,0.00041983316043969765,-0.0008321847100511981,-0.0003701278201064806,-0.013114962514902628,-0.000876424992276581,0.00028186512712791156,0.0,0.0014259142843700001,-0.0014612623754997056,0.001724770980318313,0.0030318223541907496,0.0025765133746036284,0.004138814324253559,0.0002465148527248662,0.007490154393001047,0.004855708783428447,-0.0019723004897802543,0.002092405958031396,-0.010398281691454958,0.0006015843969915391,0.0024047975794234677,-0.05194806113942907,0.003265414996313609,0.0056647173094748204,0.003461447764158798,0.0010081540405002531,0.00891542264883527,-0.0015130387982391635,0.00020218497745183583,0.008539564888357054,-0.004254318817205172,0.0015010058129218962,0.008567950159551918,0.0027531825582078895,0.003557595237336786,0.006342562443158117,0.00283749668060973,-0.00257159914554117,0.008659673543725432,0.0034071941059143906,0.009495229259629312,0.0026684677241781696,-0.0007368651472233756,0.0061834817757404625,0.0067091548752324925,0.0022595262146611894,-0.0003541006462022267,-0.005724845873623763,-0.010579179338527589,0.003829235629390526,0.0443168005421255,0.0,-0.003064571947527628,-0.0005302188729762181,-0.005728014974203055,0.006027078353506576,0.003028635190981843,-0.0015479286806500125,-0.0033670001235441838,0.0024841406569713342
2023-09-11,0.019932724717482087,0.008601767064787325,0.010620369513846262,0.009626168237724553,-0.006644406181009255,-0.0004385051942966678,-0.0015492958568860127,-0.0022731523643659823,0.0012461758920601085,0.004536624242767795,0.006542613060471769,0.004383813695568506,-0.0019273496135724377,0.01059868660584895,0.0,-0.02223922907239828,0.01664415008566955,0.007246270148543621,-0.0011597806103761377,0.008921532017178269,0.015634372457185908,0.000999375626925314,0.004566190161291006,0.007729869936990319,0.002253078892272553,-0.0010778480062182405,0.004028102111641729,-0.008836640266067564,0.0042932530969226335,-0.0014133057654411862,0.008901438152486785,0.008175309443249956,0.00509599016967921,0.020327739444443216,0.004471255589965972,0.0009666882684988831,0.0,0.0016978688959843335,0.022199941944847534,0.011038553025083608,0.0057725549576539414,0.010395923729486611,0.004657355870663515,0.015090334649784376,0.008481036596180047,0.001269508723739765,0.01860220044118499,0.01310421626091074,0.012919400369620027,-0.0040097696462759735,-0.0072058234231267,-0.013752577016481138,0.00205204547189064,0.0006150436256353586,-0.0001327636806484067,-0.020817236440476727,0.003994407494249508,0.005384700959454536,0.015503906492044583,-0.0033783751129669026,0.003145070807400785
2023-09-12,0.0,-0.004784198661094474,-0.0032967508460515216,-0.0033003269807262425,-0.013377787450751577,-0.0004386975654578906,0.0007054988913421933,-0.00020723185177939918,0.000533199540839524,0.001116982341549111,0.005131756282985567,-0.006019704139173632,0.0016091451005553203,-0.004855405421178127,-0.0004927033300087258,0.02458039778530341,-0.009506161060920726,-0.0006541328776300537,0.0016260891156576474,0.0033405302091238376,-0.004440408567440768,-0.000998377872413081,0.03181822967079029,-0.0012111827524022845,0.0013114592188911978,-0.0035972144897642444,0.0015043090389734726,0.004457670584588902,0.0007544268315051728,-0.00020217439370495693,-0.003443123797735481,0.003463958400695466,-0.00805264894853297,-0.002081367712225779,-0.025146476973908594,-0.001931634694580353,-0.014705896647376093,0.0004802435455466547,-0.004343629727374787,-0.009704892434831525,-0.005739423818237888,0.0014701406069392853,0.005298056973302323,-0.003688579697613159,0.0,0.0025356069928366143,-0.006640932521141063,-0.0038455018459256918,-0.008375949441850716,0.0013419708761774896,0.005763875460329082,0.004382473297878775,0.011924616342715577,0.0008192332840930572,-0.0007959113562184816,-0.01868878021013398,-0.0014922502965545315,-0.003854320070728834,-0.0022900909791802038,-0.015254262903920512,-0.0020902052750561007
2023-09-13,-0.005964466526991119,0.00031337295573230506,-0.00206737852345773,-0.006254704197223515,-0.013559447521499068,0.0008777802109571908,0.001550138440698401,0.0010359385773337504,-0.0010659046331070732,0.0061605843310863495,0.0020421936917061068,0.00015123188427912382,0.0,0.0015613355517933858,0.014053168706380958,-0.003326893091085914,-0.002665902016616317,0.002617826385202582,0.0011595365306980021,0.0007833758778863498,0.002081345883026442,0.0019991628922173543,-0.017621188206151883,0.004850523637852433,-0.005425690141472761,-0.0015885998923688138,-0.0025036408972953783,0.0029585378826613162,0.0010046621752533014,0.0016178074985619961,0.0030231837559446806,-0.0046700884218970895,-0.003908384773885554,-0.01102519997356144,0.0012818293202643272,-0.0009677493480216848,0.0,-0.0021741904280735413,0.003237024606931538,0.0004082899682080754,-0.0020373883004849436,0.006359952256153045,0.0019762666014775387,0.007909321699251848,-0.004143985799044181,0.010116966556867224,-0.01002770451986068,-0.0015615232450023608,0.0036258292973621042,0.0008041672144873946,-0.00021243115866675932,-0.012693432315385333,-0.00011899860068231849,0.0010227006676317707,0.0011948735119311493,0.004987870569570729,-0.001742937561917568,-0.0017083521755496545,0.01147663539932342,0.006884675085537362,0.0009520655804828859
2023-09-14,0.009319400923018417,0.009193435383817672,0.011601237090494765,0.005368373677479221,-0.0034363223872111437,0.0,-0.0016884746232265213,0.002276184341438503,0.0032013477864922812,0.0018802953791330346,0.010869549687022584,0.008931448500369976,-0.0006426795000789021,0.0077941956366838205,0.017262430110897897,0.01367230326716462,-0.0026732403104855473,0.013707669406584522,-0.0013899302614617248,0.022896273708148174,0.011572792603814719,-0.003192541665273274,-0.035874406038365336,0.006436009597021952,0.00515425846717954,0.002169625984840051,0.005857431485042364,0.030973579087271608,0.0027610758306977345,-0.000606006575047835,0.0017222205812001956,0.015095737302071477,0.016299011020197263,0.01747512091653647,0.007120507287098121,0.005489099476982062,0.01279337456738383,0.012167747002255425,0.015289354548660317,0.006122570533367178,0.011228308555411903,-0.00799206779646977,0.008547044731423314,0.008626507165995223,0.007710241575926702,0.014710388652933615,-0.0011254883218012601,0.014569069440579119,0.007951900323019734,-0.007498680180037187,-0.007217795756161438,0.01687446192546771,0.01190465776553129,0.0006135349745504115,-0.00026512431070169207,0.004712563489624344,0.010226993255706196,0.010519849302721873,0.012102817529854315,0.006837600428224233,0.010105660027202479
2023-09-15,-0.0007587985672438124,-0.008074459180585136,-0.002252586032941095,-0.0055238877298878775,-0.05172420850280923,-0.001753837378945744,-0.001974329277444564,-0.003303531414146299,-0.0015954922369906255,-0.004764012689617236,-0.002016046677130734,-0.01170294844907216,0.0008039007350346683,-0.004253669283604156,-0.004541114376691802,-0.013741002769683597,0.005360598526032323,0.0,-0.0020878463459695906,-0.001339192405589218,0.00029332298817852376,-0.00040026340233290103,0.023255775638519882,-0.00519585308799686,-0.011865128583160911,0.004473839740627428,-0.006024431525663676,-0.008583646880642948,-0.002002334635092806,-0.0020201107951108854,-0.0025790130067555594,0.0008038761452262566,-0.01098860131007573,-0.009475832438647469,-0.006911288490694667,-0.007385930955308373,0.0,-0.005591371878715834,-0.0060787723686626105,-0.0016227182464140233,-0.006729417829125506,0.015105869942789063,-0.0032595129667587486,-0.0076697832084795525,-0.00473663476153352,-0.006168878077716045,-0.008450673547898746,-0.004676919464407847,-0.007228325640858957,-0.0018889408095854598,-0.006094184660338509,-0.0027658960951626455,0.0029411873673725886,0.0,-0.00039818012826053906,0.001546718003255343,-0.010370612255089284,-0.011655601794838266,0.0044843340517179975,0.00679116515445588,-0.007415084503804903
2023-09-18,0.019873336652360685,-0.00104365383322369,-0.0026684587905716484,-0.004998962635331505,0.05090918334166239,0.0,0.000989351731582211,-0.0014499656472490852,0.0012429296795133382,-0.0013053260627482466,-0.004377102255059939,0.0006073010116640631,-0.001445761825210834,-0.0005824670947324195,-0.0038415622060219423,0.0032743463590785282,-0.009064236214203159,-0.0038634584317839282,0.0006975359596306241,0.0009578940147150217,-0.00879772348846597,0.001401400410895981,0.0,-0.004017483903996477,-0.002234738018283222,0.004597764673132998,0.0010102891968342131,-0.020202047377341326,-0.0002505858290327012,0.0012147760616805225,-0.0017237050947281896,-0.0031726465192013498,0.010510561065043555,-0.0008968057071108149,0.0008798972502364055,0.0,-0.0021052648240632577,-0.0036550841179641136,-0.001112236745282047,0.0040633096543374325,-0.004742588005788195,0.008432469794503072,0.0013081231950728966,-0.0025578195588412678,-0.0041486546615383535,0.0019694757475527958,0.0017043030137617876,-0.0017402508815571593,0.006756490032644669,-0.0024330506370422444,0.005700884793963024,0.020602376687418822,0.0011733290762518944,-0.0004083942964450138,0.0002655221732652535,-0.004981974772349629,0.004241860978525525,-0.0009071947743301001,-0.02371851108226708,-0.02192236785277968,2.3770546422552385e-05
2023-09-19,0.007819308946004133,-0.0021938308128103268,-0.0018520753216635377,-0.0011165098698562304,-0.02768182607701164,-0.0007686863913848319,-0.0021169243845421404,-0.0018672226674151249,-0.0014188329991686732,-0.0003390977240348425,0.004734476691850897,-0.0022755166005257177,0.0006434370842325343,-0.005440098741614219,-0.010123139161980488,-0.005567457832291067,0.007801897600093977,0.0019391525379313101,-0.003484364380345495,0.012248787514785642,-0.0005916793816590493,-0.001799302544846726,0.03181822967079029,0.002016844592686251,0.00034159061258054457,-0.002013769284469946,0.001009269542718405,0.020618585008537416,-0.002258058820138964,-0.003437135232328692,-0.002805970993771223,0.012449082558377178,-0.007132343168066102,0.015559440335213948,-0.00599422460963106,-0.0048527727593399295,-0.008438947273570196,-0.0019183377406580826,-0.004870523254370984,-0.004451600208312367,0.0,-0.0009836979516478772,-0.0013064142442975601,-0.005909312652471521,0.0014703424446309565,-0.0034319584795944325,-0.003686825778706493,0.0016561204024696519,0.007212269275892691,-0.007588203502573498,-0.00738030643101073,0.006987460986582317,-0.0032531689023792554,-0.00030683562359845595,-0.0013270365929536343,0.0034046865034214058,-0.000894741955713374,-0.0015639285619180043,-0.005485841443687689,0.0017240951234194224,-0.002395312715537279
2023-09-20,0.0014777988780545481,-0.006491473673725046,-0.0024742378600524084,-0.0019746525420353267,-0.021352232991481035,-0.002307925105003439,-0.0012729429618132393,0.0014549622724289168,-0.0015986211726278787,-0.00276047876667862,-0.011443985950358782,-0.005626868930551532,0.0,-0.0023442907847268657,-0.005843418252415633,-0.016088633178495404,0.0005339769037500108,-0.008387005763157651,-0.0013985796094901914,-0.011911522002966413,0.002368366716126502,0.0006009586135435896,0.026431662274703394,-0.010467089491232762,-0.0003796666225731604,0.0017953744382546155,-0.0020165038894786047,-0.021645186409678496,-0.0017602921717697617,-0.00040591450981797284,-0.0073593562350995345,-0.011937850477276912,0.010775185994154945,0.0023572502779698468,0.004502728564887315,-0.005201600291868669,0.0,-0.001470287936182424,0.0018178279093437055,-0.0012193927943724425,-0.008168902273538503,-0.002461882907131119,-0.007194202089342627,0.0003365650487607841,0.007341308722105699,-0.0018786683902431989,0.003131393444048891,-0.00269784205404755,0.0027646692319940325,0.003550059927498017,0.003125056384533531,0.02659972645098696,-0.007832913522866525,-0.0005109673686630734,-0.000796968963196143,0.001746567656608411,-0.0032570387861474703,-0.009043367793443502,-0.01497237902957338,0.017211687713843293,-0.0044216763700067885
2023-09-21,-0.012665986082658898,-0.016545438842283544,-0.017982718007099385,-0.016575243055957922,-0.021818098105664152,-0.0033048207388605144,-0.006230295513438122,-0.0010376117688140063,-0.002490651829382795,-0.017968920376155495,-0.002042889069648335,-0.01483418677818149,-0.0020900168768446248,-0.016056334934280603,-0.009062151696514142,-0.010007229774183779,-0.019210260952893243,-0.010409919256408773,-0.005835675298646259,-0.009758873926296818,-0.010632097483039171,-0.0064064851688235835,0.008583770789779122,-0.0036614693565455436,-0.011009690903319713,-0.003226143654205482,-0.014646202997375624,0.007374688647038052,-0.0050375263882244115,-0.006291747464529207,-0.009594452490010563,-0.011679548415917895,-0.013029359062450063,0.013815410741043976,0.0027214904529930806,-0.01633986782604091,-0.014893753820435562,-0.01585500461104361,-0.012981551888298748,-0.013431133708320275,-0.015785782867598797,-0.014807566372935232,-0.003952670039832573,-0.016818057647137064,-0.015425876845711284,-0.010037567680571513,-0.0073780705538614155,-0.01326349581819719,-0.016899776370953745,0.01088442934951206,-0.02567387699159296,0.02553524006986252,0.0011960349491815236,-0.0010229815165958556,-0.001063954551543289,-0.0020921502999180497,-0.008058632605566718,-0.017015162860651856,-0.0016001926720160542,0.0016920861489049255,-0.01396915012780553
2023-09-22,0.00834472698115074,-0.0006430015039466941,0.003578323716961984,-0.002049981820735236,-0.0037176536576899455,0.00285140705192366,0.004132037592504245,0.0006231962464633423,-0.0007131162840622318,-0.00242322039206877,0.0013647379246095603,-0.001862604682888791,-0.0012887401670391707,0.003183953125014849,-0.006179010063904422,-0.005219312462868997,-0.0019042918121175978,-0.0033818160806358133,0.003653398696698895,-0.0028985106558261364,-0.005566313135828782,-4.007674821748797e-05,-0.04680853629492965,0.0019751713187656783,-0.006428766713696188,-0.0010784976452788975,-0.002562978790606074,-0.017569457017116763,0.0029268287216290823,0.0042889348323960075,0.001321062483234714,0.006764623355545174,-0.0063006733410052584,-0.009568145610747814,-0.010377601060612696,-0.001993370819929896,-0.002159767049949357,-0.00517829883464227,-0.003959971952300578,-0.0014438339374122089,0.0006973859208712074,0.005009853168591372,-0.0006613468134150091,-0.0006272071273913937,-0.004317728483200112,-0.0034854324259914193,0.005145779252380578,0.0008514284699447927,-0.0013315388169392595,0.003230202268453608,0.008048263180135073,0.005492418559900125,0.005495743653842089,0.0038903657286701865,0.0019967474260842444,-0.003044960632794913,-0.00402414906707893,-0.0039565634476219635,-0.000801170383693095,-0.011824353168792268,-0.002687619581563716
2023-09-25,0.002346949777930707,0.001286661122007704,-0.003565564971260926,0.00022832564905117536,-0.007462363377342185,-0.004826778401284426,-0.007378941520276516,-0.003945207899633485,0.0003565900466646621,-0.004312907041824077,-0.003747896457104938,0.0017928960039752528,-0.0005182104086202122,0.0,0.0022381871046266433,0.013747819807772732,-0.014172709258993388,-0.0039919590859289755,-0.007515523912054567,-0.002713242187778575,-0.00605154536697361,-0.007070800860946136,0.013392859315038086,-0.0078029223725034624,0.0009686870436822481,-0.0012239426452952396,-0.005138440168700242,0.0,-0.003045558112267921,-0.005897639134543997,0.0035179889174121737,-0.002671482621478649,-0.01932359772784764,0.004683949625378769,-0.003952625089520767,0.000998611351644696,-0.0216448555451082,-0.0020245420622185817,-0.010222676911290196,0.005990478179986214,-0.00034841514963368514,0.0034896913104600635,-0.003970844365652315,-0.005363133793448327,0.005327643980867602,-0.0015899383641766462,-0.00711038657007379,-0.00496271200876941,-0.004808401678386698,0.0,-0.024608827851107185,0.0032775843359100776,-0.003802078280518817,-0.0014274401025881067,-0.0011959053568851852,0.006108521472999673,0.0026515771557380496,0.005958379131723923,-0.014434714698712492,-0.008546959779967,0.002015311781350171
2023-09-26,0.001355516477484331,-0.014564097603770865,-0.013681250991287253,-0.0077961238505627195,-0.030075660686064154,-0.0008859452894509623,-0.0010006393566323046,-0.0006255378591496497,-0.0028542989081496994,-0.005078538223198703,0.0,-0.013850078805665356,-0.004213523008581799,-0.014481052884825152,-0.02853594674838489,0.0027516162262199995,-0.019353103636020386,-0.014027925898994709,-0.002957642684099371,-0.011270857687994407,-0.009132426157030582,-0.0016276706517869277,-0.08370043391880377,-0.000827846084887951,-0.002128957173383572,-0.008866282454280783,-0.010847219925277818,0.005961084885904411,-0.0030548618716229603,-0.002045906228952732,-0.008326090589303226,-0.012175250517289182,-0.00985220966351641,0.0052445565494634305,0.0004049090186599713,-0.013967323687239297,-0.0022124551976543394,-0.014488442507174404,0.012336880905675196,-0.009240227385824973,-0.014987839172058148,-0.013412831851696838,0.0,-0.010382568386505753,-0.00505290125979152,-0.026751517024438343,0.005156097613255195,-0.011043796232229397,-0.01853475959459816,-0.01395236744958317,-0.003476087162031294,0.003629905694751745,0.004890150872720156,-0.0008174070438374814,-0.000664829074213058,-0.003234875839014051,-0.010200308230792876,-0.016366178846342727,-0.013018591853903416,-0.001724177336719812,-0.013467219473242364
2023-09-27,-0.0022151601273942,0.00043466644198320026,-0.0012804154688804692,-0.001763129424972587,0.0038762618452552466,-0.002771358518258271,-0.0035778848157201892,-0.0027113669235333537,-0.0016104968460112223,0.0026522959797175005,0.011285988086077614,-0.002209187000757229,0.0003254293521028906,0.0004025100627516043,-0.008939903674130556,0.02724416691866005,-0.002255404115717896,-0.00542016654761146,-0.003678544198932543,-0.0017688922199706747,-0.005222659020292286,0.0,-0.004807736708868693,0.0033140441865300296,-0.0017455275176263552,-0.014254669494067507,-0.0031329254338778867,-0.0014812168253492963,-0.0002554268365689838,-0.004305107389059648,0.0037561014314204666,-0.0011399478408138375,-0.015236317210014061,-0.013623075327037548,-0.015137939025667069,0.002698165747486936,0.011086484453049827,-0.007056636713672848,-0.008218939517170343,0.01202076726018353,-0.0010615903381139269,0.0,0.005315589444400137,-0.017099496956025306,-0.008671051649286166,-0.013416219548639141,0.0014249616363317674,-0.002071525521403328,0.006556866876345602,0.0,-0.005176172723983297,0.012657957662477237,0.012818958605977038,-0.0015327457371328013,-0.0018632939110813096,0.0008987391139791967,-0.0012718827865630944,0.0034331995347656186,0.014014919899893785,-0.012089839744830355,-0.0031350087955814843
2023-09-28,0.006906733273293497,0.006191605817505774,0.006410198885374863,0.00598992769657003,0.0,0.002556389607313081,0.002585255624279581,-0.0010459932812341144,0.0003585068773284128,0.006488501384654288,-0.0030436785258675103,0.006484139967083413,0.0011388072060376508,0.004627769146179572,-0.02371128851757287,-0.0005724494103824807,0.012997917205409104,0.004768348017611723,0.0030966119646398393,0.007481755004214996,0.007720873388586069,-0.005298616697845371,-0.024154550263902563,0.0012386928897976102,0.0001942866346256178,-0.001918035797457418,0.0026190152657095123,-0.011869590710978706,0.0017883322202409957,0.002265104196877088,-0.003301760567776646,0.011073608347400121,0.0001588610642946353,-0.008227925988280038,-0.0004930912565225265,0.002690839773365372,0.032894766046784873,0.002665206454795621,-0.0025155586340138703,-0.0063486570157890165,0.006376169514076713,0.006042373279656621,-0.0006609783220526966,-0.00041280730277726274,-0.000499757193908712,-0.014593731474069394,-0.0022764814726964344,0.00803188147759104,0.0017673860470921454,0.008707629804877826,0.003054099279816924,-0.008571350067148042,-0.007148764556932585,0.0019449831139148888,0.002400072057899605,0.010575175613100729,0.008152167349544825,0.00536944737967926,0.020325007786013094,-0.005244708753771921,0.004407774899115147
2023-09-29,-0.023640391037234587,-0.002806726187320474,-0.0019109224461968388,-0.007175740328655866,0.023165933509921022,0.0006653813446546586,-0.0004297055008954942,0.0014657126917938523,0.000716756792417339,-0.007140897162566273,-0.011194035973445926,-0.0023568908777251707,0.00048760495341748644,-0.0020027945560001648,-0.002375857834355788,-0.014382198145565517,0.009763037521366424,-0.004067810042218789,-0.001306326251353962,-0.02794590882933623,-0.0036777011712093577,0.0014340169591164909,0.014851487485722625,-0.010309336789146473,-0.006682131216435683,-0.009757648373131422,-0.0015672810184128583,0.0,0.000254811503470842,-0.0006165879752435544,-0.001987551269461374,-0.013920105533168359,0.003496504393346589,-0.003259227423714206,-0.006167877695695156,0.0016772371323026114,0.0191082352829941,0.0005904075517211282,0.00014422152426130097,0.002473207324884763,-0.0007039433627282765,0.007006886415176439,-0.011243376657685933,-0.0003540783113745727,-0.0016249980814956322,0.00033655723986503183,-0.007986516972237845,-0.004834328369691221,-0.0065847988683213066,-0.0026976977142953995,0.00011262701811709519,-0.008645453273645631,-0.005901767628276877,-0.00040908879007672816,-0.00026567782765618553,-0.00029615323688725326,-0.006570281507767617,-0.001361501408545851,0.017529922403412446,0.026362055159750986,-0.00446229946483645
2023-10-02,-0.004265432372775546,-0.00443874797048871,-0.012550522115911011,-0.010072165655830356,-0.03018856505572065,-0.004467370034562879,-0.00686855981545853,-0.00379058011661082,-0.00608672974162483,-0.00034981840346293147,-0.008233228239037826,-0.0023625832036389127,-0.0021114823542699446,-0.004816385261935063,-0.03122523722763426,-0.030216873206657002,-0.029834332070269975,-0.01974130229324722,-0.008084567892575834,-0.0054283839234838815,-0.019993615849261404,-0.0034780217845671313,0.03414632460574052,-0.006249901030529137,-0.005006332332613939,-0.011272023750533267,-0.010465682107872798,0.021021050938923258,-0.00943168392210092,-0.007466643873136336,-0.0022128637163626452,-0.016914831472713998,-0.011403106028437748,-0.016349614736543838,-0.015225339607033317,-0.006028047675037951,-0.0020833352159921326,-0.018594894155300246,-0.013112745695631478,-0.0057564992277945315,-0.004579066233053042,-0.027833025821618285,-0.006688879798989689,-0.0015934785221261016,-0.004527253312261004,-0.039703886277626,0.0011502017962894406,-0.014573512946436495,-0.0008259858981598533,-0.005950817317588508,-0.01673998397912413,-0.028343094224996146,-0.009855195514304027,-0.0016352781300327246,-0.0022019632457349614,-0.0009381217364949901,-0.0027983546703522766,-0.0037749215732877373,-0.028191111327360407,-0.005137022093236632,-0.007900004605796873
2023-10-03,-0.017764898270617224,-0.013375443181540159,-0.012925436138537805,-0.01203888316967272,-0.0233462124449908,-0.006698124975563768,-0.008103685733532595,-0.0033635212690402705,0.0,0.007544714008624442,-0.002421317546524304,-0.012945945447696783,-0.010091282131308832,-0.01068761287868547,0.012018542153970468,0.004593932633098374,-0.016229945596071937,-0.01666672161383498,-0.00934915606987563,-0.0285020976600997,-0.011613536849324979,-0.0032844106523514105,-0.028301891642548482,-0.004612164944206909,-0.009827056075399021,-0.0034730974859609187,-0.011105349106024676,-0.008823403469671032,-0.007462637530458505,-0.008104945400184027,-0.003992107413163359,-0.021992189284949837,-0.003844921996574824,0.0006042885444768054,0.012940030931526847,-0.009770964454036357,-0.00835061750933519,-0.002405955977751284,-0.01299450568196392,-0.004342411835266402,-0.016312760802261406,-0.02300614147078539,-0.004713878420403161,-0.008689549286267528,-0.012759068935734419,0.011913100345765093,0.006318185296743106,-0.012159891884991891,-0.007977158204723778,0.0,-0.02151168260636649,-0.01720261565677461,0.003357904180808946,-0.0012282925255500121,-0.002675054710693847,-0.005090498813200783,-0.009183557688180022,-0.0125255506635511,-0.010475429038526163,-0.013769350171074612,-0.009485744650545302
2023-10-04,0.0320676826835955,0.00429864542806202,-0.0004364338734378359,0.0014544886068998952,0.03585643051173215,0.004226026486398249,0.006564874216918426,0.0021093397150568904,-0.0012608399520818159,0.00783487272957073,-0.034327340837462694,0.007197526608587523,0.0032885692254505106,-0.001426793085112732,0.009716665415719028,-0.03565518641222265,0.014761192878966378,-0.0021185394140343927,0.006533552556112099,-0.026009197795626493,-0.0034932384452479592,0.0026773878366372905,-0.01941745710747278,-0.021482864220675357,0.0025010071842272996,-0.002121073671749185,0.009625665765657043,-0.011869590710978706,0.0010369937977841026,0.006285557799006858,0.000668032258414053,-0.01631398426387709,0.019620394397335872,0.00513438627057039,0.0038987225757081134,0.00646490025307167,-0.02736862535052742,0.0015073491016763807,0.01597632783446179,0.0,0.006151181447562992,-0.01308205015842101,-0.028416804249654204,0.007215337485069195,0.0012796388813978155,0.002077586026310252,-0.0094178933388952,-0.0024767028941873326,0.01693679608629317,0.0040816744943901195,0.014107558210553206,-0.01712335359310113,-0.039679907093003064,0.0012298030834854146,0.0022796997288707654,0.015846309916152324,0.004119366851768946,0.006075875655993768,0.0016288608569852148,0.010471194167507747,0.007661227353880085
2023-10-05,0.014665704582246253,0.002524061112952447,0.008078610031869493,0.006358685963960609,-0.0038461390181926403,0.0009397689306978041,0.0007245665632393816,0.0016837961409699176,-0.00018049729703795148,0.02046831897965329,-0.00969481243671566,-0.0015881667139652222,0.00032779310331210176,0.0032659244690971256,0.0,-0.002680106826809414,0.0011408329643425308,0.01486200669158011,0.0015629919489048572,0.02798553576826701,0.015615253255437445,0.0011300440863164507,-0.004950540792001523,-0.0025828784078727463,0.008592949576893494,-0.0018224987408044235,-0.006885630766452433,-0.021020968602878387,0.0012949849634880106,0.00020817487599633644,0.007343108054230774,0.01613629601808597,-0.04700322718659222,-0.028846116073915407,-0.020905622758768838,-0.004394894936784133,0.03030306065081212,-0.0018060965040685995,-0.052562551071227204,0.0004151649930530521,0.005720494843340251,0.0005302183493782753,-0.004874583867064297,-0.052157858003685775,0.006517838130986275,0.0041464882312756135,-0.011812056969266349,0.012599452633235364,0.0035140107544766597,-0.004065082152251764,-0.004985074092581754,0.03329483747485118,-0.019912808155564288,0.0008190658013478291,0.0009367288144987995,0.002836176522145406,0.0017436296241002402,-0.0012184671659833946,0.017886218212749938,-0.032815208717143274,-0.0005001933099425537
2023-10-06,0.006614450664191862,0.012370036270354712,0.011912522317720997,0.007839569326873574,-0.003861294456878772,-0.0024597523465171856,-0.003910173774258285,-0.002101361501995469,0.0018036494625488508,0.02184187422531103,0.005438768311642139,0.009861844821124288,-0.002457219674339095,0.010783371806557973,0.01790963182719718,0.04210290678017925,0.016524245786194047,0.011157612710383624,-0.004561195790664385,0.0027015019515572725,0.010354498808600399,-0.004411577677572054,0.009950273373087182,0.005179133888838283,0.006949430617176011,0.007986911727722035,0.0037333721645347318,0.02300614245096866,-0.002327889936653227,-0.0035387612419688352,0.007289579881490926,0.007057720306986148,-0.004634228314976063,-0.008972794025396191,0.002700620721155511,0.014261437257117704,-0.01226581873984689,0.0045234109769234365,-0.026279249953966355,0.01598511824441795,0.012797743255063887,0.012188559437835034,0.002099351167122343,0.0011866506797448828,0.008887488607172811,0.011699995911927052,0.0040815574602244276,0.010612967574727739,0.011549922944548374,0.009523835215853538,-0.01211684074205055,0.007118514465309866,0.00317489952286798,-0.0018410620558447777,-0.0005346134938317704,0.010386164569642142,0.0061943532945114566,0.013843078128839892,0.014376857986764469,0.008928605640421639,0.010959439314945474
2023-10-09,-0.0013385271963635148,0.0035682889450061595,-0.0014983520720259769,-0.0010836087527478222,-0.00387564839944321,0.006501114861378943,0.010177640926903875,0.006317359562164615,0.003781383371611824,0.01807208706376895,0.022719019401782337,0.006615220543389144,-0.0006570564127137413,-0.006239994709545171,0.01628134990002228,0.034649235768670295,-0.012331767956231476,0.0006895967656035396,0.013503749573883228,0.003730621529431488,-0.00931677539712017,0.003915583427771763,0.004926086885031822,0.011163580914500981,0.0012866452917819071,0.015318150133429631,0.012752150101499327,0.01199383142438415,0.007518747215611743,0.011489380606650501,-0.00877178605909057,0.003942256905187458,-0.010974328939375222,0.014361744232254559,-0.002020027749932707,0.003682587862922304,0.004357130037583756,0.011407955455018381,0.0064708732493237164,-0.01593784623903105,-0.0014040033977710253,0.016753988480321613,0.020251455297972232,0.0066754790443510625,0.0016359651799955355,0.011904659227482739,-0.0145180118560152,-0.0003620092274966291,0.009558830916248429,0.0016173313444929338,0.023469886011819208,0.03125000612614537,0.03594913879903028,0.002869623637081986,0.004814652543893905,0.002702591681651212,0.013228576579234597,0.004656119630615629,0.001574788159468099,-0.005309771557870824,0.004009720694434282
2023-10-10,-0.0025588306689356966,0.008404187742498515,0.014147974877515068,0.012707150346299656,0.0,-0.0010693082620244487,-0.0010076111713339664,-0.0014646564042359866,0.0011658006848380698,0.0015293880473805643,-0.0035260973250917926,0.004850403207512732,0.004108294856081329,0.012355631847130066,0.014987237636876927,-0.0005750159271813438,0.01816110591967357,0.009648356061935814,-0.001665415833641326,0.02291965207477875,0.02225699854495744,0.0008212291487355028,-0.0147058852992904,-0.0016985785349219462,0.0,-0.0017835795081481143,0.004197466983939302,-0.008888763240411435,0.0059186982511840736,-0.0002064981558386192,0.009291936875268414,0.016579386654625328,0.018493682894211494,-0.0006158438089227669,0.009614571003039307,0.007338347094722364,-0.01301498963928982,0.005639579310537046,-0.0021954006388205105,0.016195975201483526,0.011247819158483718,0.004634359753884709,0.0006844327727850708,0.01883978989314561,0.007161815010000128,0.01042025374700084,-0.004714185075736177,0.01213544093512442,-0.004744082474695821,0.0,-0.0013829097170564575,0.0018040123973099842,-0.004031892853118113,0.0,-0.0002663901209539743,0.002502695455529391,0.00025081305977359136,0.007029816811014111,-0.0015723121009885155,-0.0017793153466733047,0.005201774707724427
2023-10-11,0.01417053908287369,0.004594574347861258,0.004650172250731499,-0.003442922519474201,-0.0038910354074984665,0.00263072052031732,0.004610357926356334,0.006076888256089763,0.0,0.004673887478285232,-0.004953945019210759,0.003114201198516353,0.0004911867752854793,0.005802366190535313,0.01934829405563465,0.015794676698595467,-0.004738008606694377,0.006826082100362285,0.003813488431598344,-0.008881611731567096,0.0027598721936583637,0.007589904684486948,-0.02487558176167981,-0.003827960439736988,0.0031152441469313175,0.0077432322209660676,0.0062694742779603185,-0.02541102673446305,0.0007672022178135673,0.003305173808125339,0.0026305416368568313,0.00257512730392917,-0.03301426710306421,-0.0009238069188095555,-0.0030072265370851836,0.0033111545655304386,-0.002198120475764953,0.002361401376445027,-0.011472606078994585,0.0012259511782075627,0.0055613564476428845,0.01588928741283202,-0.00615596596117951,-0.01082731077199428,0.007235663153424943,0.011975984664618133,0.018946178579790418,0.0023264726837095573,0.009734664517277336,-0.010764336280900455,0.020886201203102583,0.010802874998149914,-0.011532531393679712,0.000985733453273463,-0.00039930322807468777,0.008641833627946571,0.003420672522064905,0.00279224882023299,0.003149576318936198,-0.010695176711511767,0.0033105326764861776
2023-10-12,0.0003613504785551225,-0.007657983006202351,-0.009467662546657984,-0.014203327646550856,0.023437408230274848,-0.005781504452118225,-0.008604542622690725,-0.005207096288097235,-0.0021617075501372263,0.013634430251787455,0.00035556683104465137,-0.0041909389790270035,-0.0004909456292850889,-0.00815592764072981,-0.005244608960568886,0.022096266394046715,-0.007560954945807774,-0.01288133886331766,-0.008903317700823643,0.0002035564863775985,-0.012232444857724678,-0.003664558748210034,-0.015306124931471987,0.002561751247299071,-0.00970498165135214,-0.001551501167348035,-0.010340325296529618,0.03220846486496853,-0.0033227070479765475,-0.007206065915998705,-0.008526578767351745,-0.005650693761608205,-0.04745647959060684,-0.050246637962267804,0.003351433623945077,-0.010891108824372053,0.013215973809447501,-0.011778518788457149,-0.029570667281554663,-0.0089795139377562,-0.007950253063362278,-0.025731629030082526,-0.002064746522450367,-0.027917844771810918,-0.004830481387574803,-0.012820495149446165,-0.01162116947706393,-0.008034270697187984,0.0005379071720812423,-0.0002720663677964197,-0.02712768682033273,0.0,-0.005833730962929606,-0.0036930565460029374,-0.0018646405312787717,-0.0055214986416226575,-0.005514989966637129,-0.006290956009154858,-0.009419164930019708,0.00900895714943828,-0.00662419654141011
2023-10-13,0.013365524642272364,-0.005680697880703356,-0.006584623698109304,0.004283476711447243,-0.00763355858137027,0.003355195227636276,0.004628253318332165,0.004187411350774051,0.001263684347724947,-0.0030902164911721375,0.027728467123814715,-0.002338398900867622,-0.0019640427897352764,-0.0038107242521585594,0.003012615582132394,0.02593012169770348,-0.01777641249289441,-0.007555102710385619,0.0041921657615369146,-0.007126816152982718,-0.010835802570957953,0.002656472053707448,0.01036264894719574,0.01831355407390345,0.003920083099150817,0.021829253561701067,0.0015830500527487246,-0.011886904279816757,0.00025620174199114665,0.0041475280567178086,0.0024256298359737194,-0.007232653625217855,0.00752702796603355,0.020123394829020036,0.005511557528313338,-0.0026693566314101025,0.006521887090489509,0.001191803948343395,0.008027430668424484,0.004324527455668248,-0.007665481359023785,0.009839512158181574,0.02551727432774631,0.012145913387739515,-0.0032358862691784784,0.005661036967613997,0.003527324360851125,-0.006839573680063382,-0.00887930254977587,0.0016327345417073147,0.01789215662509247,0.022265693270610454,0.03395787860303501,0.0010294764913290066,0.0008007516543102611,-0.006987987115670835,0.0032771873757690972,-0.006175069749972284,-0.00554680162799015,-0.008928520490927738,-0.0004921316764531225
2023-10-16,0.018298410554445477,0.009162627272305546,0.006842139164019878,0.0073670727991062,-0.01153841705457781,-0.004012900767261018,-0.005183519459523889,-0.0037528850424087823,0.0034259695422997893,-0.0025525255021335846,-0.005880332220219331,0.01015648384247858,0.00032821987330056146,0.010066472305464647,0.005506868967400269,0.005043206951233392,0.019247272631048862,0.00968878503383297,-0.005725036419759522,0.002666128205673912,0.009702641923324373,-0.004687234628667047,-0.02051280152353141,-0.0012547528806432506,0.010738076176870281,-0.0024622442678901013,0.006849080198326307,-0.01052657705699811,-0.0002561361194711731,-0.005369559654617717,0.004619396948363663,0.008239365712806368,0.014229740709966299,0.0047724886882765105,0.010713208801744312,0.014386128660239361,0.00431973146873621,0.011309679657250049,0.017714987702117657,0.005126082931368847,0.010182581018274961,0.01948721457357072,-0.0013449311997427715,0.006749974242053813,0.005119255865363881,0.011589436592434943,0.004100747089220924,0.007611501293316447,0.00817534140001408,-0.003803431998126383,-0.016093822172743133,-0.0047045055072288955,-0.000483170734282945,-0.0008228741521216776,-0.0014670738611672896,0.017882131178262428,0.006532667895100985,0.011069387779121254,0.007171557874906975,-0.02162168617517668,0.011324702381910745
2023-10-17,0.010735190032692632,0.0004271534670061694,-0.000212417423476996,0.0015397774088219407,-0.0038910354074984665,-0.007161711012866445,-0.006512965944122762,-0.005860378446687853,0.0019765862550376045,-0.010602444832941371,0.0017397741615947648,0.0001543173905387274,-0.0021312829673023614,-0.0007973174229748414,-0.0027383547230539484,0.006331541135462304,-0.006764305033038154,0.0013707581571751337,-0.009117104799847398,0.0020454080070073655,0.0018598765862316569,-0.0051188718314959525,-0.010471229956700912,0.00041869176853337464,-0.002472549530900703,0.004355879437443644,-0.007325793584048945,-0.0060788584016759906,-0.010515449902227858,-0.00809795211951525,0.0013138308558580114,-4.285448076091214e-05,0.009470362616978534,-0.002216682307342177,0.0005753004259394512,0.0019788428721601026,-0.004301151648607893,0.004708658407618804,0.014691727217110762,0.00122403046440267,-0.0034758130577571267,-0.00603610490470885,0.002693624829130714,-0.004407730995847459,-0.0021117232243307305,-0.0013094091718377499,-0.0070010816044417945,0.001079175580081193,-0.003944898638140737,-0.0035448947729672664,-0.011020957090453365,0.018557332913153868,0.0006042738466525144,-0.0026764559154227596,-0.0037384095058247135,0.014632085998809163,0.0022464991677464408,0.001807521731689965,0.003955555125921828,-0.011049713568388575,0.0006572068678267762
2023-10-18,-0.013507335041005097,-0.014306945424412576,-0.016779995754179877,-0.01179869083039975,-0.003906543824120368,-0.001352836053997275,-0.004370863448055928,-0.001894790990284334,-0.003228282742917199,-0.0023556762037667545,0.008336178732253785,-0.010980285258264222,-0.0034497436835353446,-0.014163117741720854,-0.0037444866954871037,0.008606850393317211,-0.009080721960096572,-0.017111635675411074,-0.004116230220771566,-0.018575193639841503,-0.02568074447264801,0.00020566636621177636,-0.04761898583256563,0.007116050422358189,-0.014368115677168114,0.0021682744332900405,-0.01107013662641565,0.01223232538862562,-0.004925156113526952,-0.005652017459042424,-0.012464597164890123,-0.01836639095183701,0.0003473934695075176,0.0069819793624466,0.013632234724685333,-0.015799798617769922,0.010799115261435288,-0.014059833388233911,0.009600381854408369,-0.008964956608273678,-0.015695992873047238,-0.01568825659971429,0.009402220968409924,0.01035092086101308,-0.013693437442932499,-0.009177358271274305,-0.014688609789162088,-0.01748105028547764,-0.014061997994231246,0.0019154965406567026,-0.008797817882722492,0.006531491345416196,0.0063980823768980954,-0.001445083407398573,-0.0016085865766031215,-0.005740414892810852,-0.006475917763649086,-0.015464755635267946,-0.022852729472236155,0.01117317394007622,-0.011336407830272233
2023-10-19,-0.01954364821339316,-0.008990574802923312,-0.0075610916788472204,-0.0156730235281336,0.0,-0.0020310147883175755,-0.004389446816212783,-0.0006326779815137851,-0.0025187294524898762,-0.008657745172872322,0.011711977748408708,-0.008913348493956641,-0.0011543681505059578,-0.0020235438024268637,-0.0035078648872098883,-0.005885212004220208,-0.017468421153165714,-0.007659960185310122,-0.004376453921838053,-0.00395177268586111,-0.015877978634607492,-0.004526434145530112,-0.07777781478101287,0.0033249792955469815,-0.015127600189960289,0.00674141350060431,-0.008528661065869247,0.021148068035833356,-0.0015624974914031364,-0.004842153751056566,0.003985919986095432,-0.011480217396166448,-0.011809588541958682,-0.008824407687824332,-0.004617967302423698,-0.006020113130009719,-0.0021367601282562543,-0.009803927617560215,0.0009352586481279346,0.0026726776374950134,-0.009213302509048948,-0.015424295364366403,0.009314780842587522,-0.009072360738621055,-0.015145947007420113,-0.008931528252460463,-0.006559370536420306,-0.00945397749748933,-0.010894649432810155,0.0038241021337697134,-0.020473349416695763,-0.02083346081069848,0.013717302570013246,0.003307652076841583,0.00026890272580981645,-0.006477623454838932,-0.006843615109370926,-0.009581734178406243,-0.008870988876670594,-0.007366475712259013,-0.008439754730754423
2023-10-20,-0.012174658193464083,-0.01191383755274733,-0.010012989372659042,-0.001975442487389567,0.019608082477809985,0.0018091778120086222,0.0036741915824562987,0.0021104979334818363,-0.0030666274375359404,-0.00611804816377115,-0.006809677972137607,-0.008519974839356959,-0.0018153019893604183,-0.010340673913121212,-0.011818008315981343,-0.014444397411906285,-0.016613105307868747,-0.00842115316205061,0.0029306324716671384,-0.01064946505291875,-0.010325868158789664,0.0009921286822993647,-0.036144585234971105,-0.005385039177738582,-0.0013965178974461034,-0.0021552618482089114,-0.0026884425156198377,-0.004437887942051799,0.0023474714947839814,0.0046541035064795455,-0.007498947185481497,-0.007978784782233461,0.007029948882703918,-0.004451553713136436,0.0018719807130982424,-0.014468352296637788,-0.0064240069466761085,-0.008700843409431114,-0.0017131014646977194,-0.005536130957982555,-0.012875484345526655,-0.013054658489729754,-0.007910414091439222,-0.0034876770457304973,-0.0026910894247805794,-0.01101471254078723,-0.012004821616351857,-0.007937848830645855,-0.011096729019136387,0.0,0.00567853954887676,0.0013952043640801381,-0.004570366777922885,0.0,0.002549582043066545,-0.01672501719100694,-0.008556979087704586,-0.011894580476016547,0.0,0.020408188541593875,-0.008908393644982082
2023-10-23,-0.010874861486646958,-0.0007742539977576568,-0.00043978532651334223,-0.004354775372436226,-0.019230999454377895,0.004741139006821715,0.003807064421334605,0.002737975118236813,-0.001989952188644506,0.0037593445844983364,-0.013712663154533344,-0.003819208879236924,0.0016534568476080924,-0.003073085555857613,-0.022900551820016046,-0.006968105597840224,0.011262391107292213,-0.002830915303398296,0.004382744352258605,-0.00358800321699293,0.008803402224232038,0.00018574433437379412,-0.024999976583889194,-0.00416508907708546,-0.012784573483777262,0.003024232832483875,-0.001617186313754071,-0.03417533868241851,0.0023427759023983974,0.005264169126013574,-0.009333235673867346,-0.004021433290643639,-0.011169355667772884,-0.006068202818475532,-0.010398783922767496,0.00034134963412402186,-0.017241383506413355,-0.00786937027626422,-0.0017160412174207496,-0.006804266078371479,-0.0021738076089781178,0.0005288967248882059,-0.005980081255844705,0.0004999980920039615,-0.004240775772066718,-0.00911232232581971,0.006682843928235815,0.0002417951492865722,-0.00891889863283346,0.0,0.01201341142024015,0.029258194788864378,-0.009545798778295977,0.0,0.0017404432958285643,-0.008168320639366455,-0.006313917019929116,-0.002889220958865568,-0.013018591853903416,-0.016363664106889164,-0.005433444349310035
2023-10-24,0.019056884553398934,0.007306439914600782,0.007699140828755668,0.01192852235755204,-0.015685907385732056,0.0015732657815676898,0.003355502114603226,0.0023107206578232287,0.0019939199941008123,0.002995992077568843,-0.013555854207275564,0.006070085783664192,0.0016507274410173522,0.006987258900827964,0.011979192939437944,-0.012460453655847692,-0.004103036246822622,0.008516706659782214,0.0032855345464803953,0.005083738920050651,-0.0032320860635933757,0.00018613383489118895,0.006410228418970432,-0.00585525980385071,0.011331288406462914,0.0012920572799255403,0.00755941377061653,-0.0015383553711422193,0.0043086576020501255,0.003351823694760281,0.0017945486779711306,0.007806407255495973,0.027532726030195853,0.018958707346024672,-0.010754467533789835,0.00273046307338487,0.010964829869249515,0.012202580899237203,0.024378722261334307,-0.0035290666719653974,0.00726202878027693,0.005817180183308013,-0.009358296659212062,0.013180756188739373,0.005549374445608102,0.018392444692164167,-0.014484019089659794,0.0016186658291634792,0.00989911613534411,0.0,0.013176527465298626,0.038917179443810346,-0.015371648256589876,-0.0008240554813794265,0.0004010200613626669,0.00218001173221527,0.004304662881525756,0.00874611228371358,0.009892733348207283,-0.016635800053448113,0.00876107083482025
2023-10-25,0.0008391723538827556,-0.012748625575276562,-0.009168345082242402,-0.01611002171308662,0.023904287007821434,-0.004487302721035924,-0.007560244742321531,-0.005868010613270913,0.0003621358476122438,-0.000793367240123688,0.009513761186415559,-0.004290332523789742,0.0006618835362977027,-0.01204075203146504,0.0036026468757841545,0.008697505543060924,-0.013243283538839634,-0.008444784903950286,-0.007277730643125202,0.0029504566253419906,-0.0077821187331513775,-0.003787182216547391,0.03821656824759079,0.0037862590797590467,-0.010324014253905611,-0.0012903900221035158,-0.010182317722454037,0.0,-0.0039004157218227586,-0.006889554095283579,-0.01074791843448697,-0.00787954639029087,-0.00034359388671767466,0.011668290219462474,-0.01427402392671484,-0.009189863247754504,-0.004338227814861706,-0.002260373806352911,0.0021358463685356988,-0.013125022576088163,-0.012256651155173048,-0.009463974512625262,0.0074224284985149325,0.0009865954470305027,-0.0025668314963142036,0.0006688371375560553,-0.0067360450069278155,-0.005015038996174059,-0.0027769937711518144,-0.006802646948536606,-0.022261434275928416,-0.008469161491821309,0.01077944802176356,-0.0012374533905415985,-0.0014692607163333538,-0.0019335316591534424,0.0041326627166813346,-0.015957490211255032,-0.004081487994393895,-0.03195490052791783,-0.00361868261958187
2023-10-26,-0.012456618252344787,-0.010241583921019148,-0.006609415316299105,-0.01717251675231901,0.0038907274912172163,0.003154998041634549,0.00673872576348411,0.0048484673694297875,0.0010851918599021904,0.006305921306162476,-0.008376914769781307,-0.012607706315641898,0.0006617292231234639,-0.008056223153268038,0.0038459398603465367,-0.017974199476245234,-0.0008946084888932226,0.0007098129088911609,0.006353572206206026,-0.00861522901390166,0.00228761236884778,0.002596910532628005,0.030674880468916976,-0.0025147645621363957,-0.006145970808399404,0.002081716298579561,-0.0027068847055331524,0.001540725554574518,-0.0013046962207349244,0.005676045223177217,-0.012901728688508585,-0.007044521861873321,0.014089279707793612,-0.006857922252385018,0.011702438326977926,-0.009962355090767927,0.0,0.0037759917412609756,-0.0006089499761915418,-0.015199413371956072,-0.01131390334149629,0.0031850212979336323,-0.010046933503403577,-0.005789836546357341,-0.015053932790149771,0.007018696571250871,-0.015413080040871607,-0.008213485525014663,-0.001724734105096215,0.0,0.015338803157726622,-0.015111799549845095,-0.012135304872908148,0.002477709786027571,0.0024075797166482893,-0.009396097534356551,-0.016006267314628286,-0.011189171887053373,-0.006557527262653795,0.013592173500576399,-0.008891797843490035
2023-10-27,-0.013220092306027498,-0.003599232147232234,-0.002439606309875164,-0.004876167220309591,-0.01162786536704763,0.0006741855956036158,0.0,0.001678144685635985,-0.004336061980443673,-0.02970798492725002,0.010559600334229424,-0.007111852982119693,-0.00016509272601872294,-0.0033319794602886255,-0.018390613483370788,-0.010326365459608078,-0.011044707661529318,-0.002127778652359913,0.0019427831359535297,0.004874955519679203,-0.008803537729984545,-0.0006217833850991061,-0.09523808365313047,0.008823780975623752,-0.026851082204089605,0.0015044977603968501,-0.0054288254132413005,0.0,0.0,-0.0006270926515775654,0.0013757162442435966,0.0009037884197726775,0.012199325353442925,-0.013182534594668449,-0.027544268921411152,-0.007633512005084442,0.0,-0.016551401478403505,-0.009748706780719929,0.006430826798965672,-0.0011074398036108324,-0.012169343997234905,0.014208402124826991,-0.01108993277502679,-0.029131509226977603,-0.01891800622354367,-0.008140234386896927,-0.0007529497926954676,-0.010013027914471229,-0.030136894622289523,-0.00424861347555594,0.014343034094036922,0.010547014324882253,-0.00020579764364325737,0.0002672124534797149,-0.05818216161849532,-0.00593826077319215,-0.005029295341591022,-0.010725971374529686,0.003831414124593202,-0.007985794401018986
2023-10-30,0.018682400958778933,0.011626684129968812,0.01245006507162194,0.011024899003978073,0.019608082477809985,-0.0020206324499997264,-0.0024739734360840204,-0.0012565218988668247,0.0018145855413715939,0.011003233546028612,-0.01637055667438081,0.01253463233990959,0.00016511998612744883,0.010656122720708483,0.000520592499811956,-0.01012169956918274,0.016601231704481023,0.01066097889173867,-0.0029082697818950676,0.0018983597352013604,0.02203958622202884,-0.0018660010931509374,0.10526314374246715,-0.010412470109992245,0.003762516897729107,-0.0007151861715842811,0.004912648963153021,0.01230760223419658,-0.0007841607986196486,-0.0023010755523908966,0.009159631518982803,0.00857805272119494,0.005021761642493905,0.005725178090823846,0.02276229614600145,0.006992924663925093,-0.002178903300510182,0.009088190334832547,0.014920802933504618,0.012566499344500048,0.009608329359918732,0.01285467366796067,-0.016010598488103822,0.016664412972676068,0.01251367159128769,0.004059518713900978,0.03219698684534955,0.011602985562249923,0.019408275894576388,0.003389775067252243,-0.0045039417527260595,-0.010851700359644001,-0.0175584992694241,0.00020584000503132138,-0.0012008002220763592,0.028552189961943197,0.008571406340477816,0.010384126327503962,-0.0316929920278578,0.024809183228871934,0.011998689628299752
2023-10-31,0.04584937665092004,0.004463331183437669,0.0,0.00646203895887143,-0.019230999454377895,-0.00044996986130574346,-0.000291355381495495,-0.00020962511953115381,0.0018112987847855866,0.010078992015104982,-0.0024787639053903687,0.004984104011168222,0.0008265260028479382,-0.003307786767279164,0.012743609546674861,0.011929430484004078,-0.0035629677691936257,0.006329246339600303,-0.0009723868455197016,0.012631490792227584,-0.0003218964132928326,-0.001246411471853115,0.014880968310278853,0.0004208914271128794,0.0012496360243403615,0.0006439981253945071,0.004345551949227255,0.0030396375435988165,0.00287720731901997,-0.00020970319596480547,0.0,0.0020590081446389963,0.010326383221673563,-0.005060273154979145,0.0010038400323810759,0.011111265042837104,0.02183427055012288,0.007672045573171138,0.0034858436754694466,-0.005469038541704108,0.007320654923830494,0.004759414427467856,-0.004745766435399812,0.00616237025003441,0.0007972877448181315,0.009770900322084275,-0.006727868362282119,0.0008192841531897699,0.0077764360612637695,0.027590049732580946,-0.004881828956436629,0.008976045659348841,-0.007124301772400532,0.00020623551097020965,0.0,0.007722214984482667,0.00798350352044408,0.008265368163572928,0.01291988420068435,-0.013035325198509029,0.005411987928314765
2023-11-01,0.03830179267518208,0.009997805571532847,0.009881556287476778,0.010032103134853143,0.007843419189962564,0.007338739594161536,0.009703133885053061,0.005546635964495339,0.0019887366208697355,-0.011899147153291878,-0.0010649565244787995,0.007038660547097564,0.0033031613880623034,0.013690007580120067,0.015151377674057498,-0.005676203427928073,0.006555267307353674,0.005590243765061231,0.00973231189838697,0.00997926156095108,0.007083131679092913,0.005199762897355464,0.043988236285888105,-0.002944915420001637,0.0062395585376477936,0.0008940106558963379,0.013520620193705701,-0.006060519954792065,0.005216526857793946,0.010543320988801064,0.004311397783929749,0.006119914758981659,0.004286252663693091,0.023522028714175747,-0.0014208079512998406,0.009615190530621431,-0.008547040513025128,0.005115733190405702,0.009213173637755645,0.002326586271863329,0.006904025343194009,0.011052607810714044,0.001362338252400841,0.009737736115062345,0.00159351597737456,0.013680403386926887,0.017241446615593903,0.010232590843356482,-0.002906395473027845,0.0027398263385987054,0.021682438959852446,0.030642500514575843,-0.001510587176286604,0.0022649708584956407,0.004649188532706905,-0.02569368842097275,0.003985614446460062,0.009384148328958952,0.03656460583029508,0.039622647281047696,0.010365659022472773
2023-11-02,-0.04511103652364146,0.01979759097078193,0.020656521030183894,0.01748115677576445,0.011673106222495289,0.005828331680348686,0.005798244096242078,0.004178916704759672,0.004871796478307822,0.007822892779360435,0.012437863003009753,0.018903963716552452,0.009382420331669028,0.020871783772439034,0.029598004766419272,0.02402617067981727,0.023978840623079423,0.022932634721100298,0.007711108937983324,0.012968222441378296,0.018222522640722882,0.006621111525221268,-0.08988763098957797,0.007594884451853412,0.010334779766088653,-0.000750176935671143,0.01974370766885647,0.007622009452990186,0.014530567456168209,0.007913310878026936,0.0047446403609712196,0.020290255776628463,0.013131978101890152,0.04068309539439685,0.013225078619158115,0.013605548458115013,-0.002155119700681718,0.02498866158445323,0.017210355298657998,0.009073583461621348,0.0234572527239032,0.014055327204700374,0.010884373062796326,0.01188831164515669,0.009810240978119555,0.020078931889206286,0.02300233882317504,0.023020267801055816,0.01416400214712299,0.0,0.02279645581105605,-0.0003197392491046669,0.013867934719282271,0.0013356968790991797,0.0016002287624439226,0.029918216262843522,0.012062242797786338,0.020356858494416485,-0.003281559955542135,0.014519041811780431,0.016925311258798592
2023-11-03,-0.004538039644922276,0.011540183593171882,0.014060394416448352,0.008160927481215552,0.01556402903302323,0.0040115109459575304,0.005908335789645225,0.004369432349507818,0.0025140510737602373,-0.018582162524938828,-0.00912607849108138,0.008575256020581179,-0.0037505487150668593,0.015834753709092153,-0.0034397753851185264,-0.006983620461323725,0.015611432168432193,0.018342489802222417,0.0095645513889413,0.01869542119989709,0.01726837854871488,0.005344383900377059,-0.006172812511668679,-0.0012561599582019412,0.017185071558907916,0.0033616835529630684,0.011512459509891215,0.0,0.012275685407177717,0.005991589088449878,0.007420802827359907,0.01000885551507924,0.00842521229236537,-0.007161920311268943,-0.013713318478182468,0.013422922239140878,0.008639280014268058,0.009751780686363842,0.012505690224194899,0.010874195511574536,0.013046616565930647,0.013860255195854432,-0.004710636474440255,-0.00023976412907067424,0.004988987065338124,0.006453832972836304,0.0017752646984974252,0.006840580032285715,0.017184511684432913,0.006830308758343229,0.006778669526650294,0.004477191407284087,-0.013305257052403485,0.003487983160389563,0.0031958975303250092,0.010681382059518851,0.0055318275080740165,0.010786922381208264,-0.0074072306836261426,-0.03041146183426202,0.00908941772206373
2023-11-06,-0.004558727330277512,0.0008529267839130217,0.0,0.003524573922691454,-0.003831350642010012,-0.00466135073359375,-0.004297834535791578,-0.003936072625790987,-0.001074621561288791,0.02118679283651481,0.0024796420220314364,0.0027825051625478547,0.0050744078378719415,0.009471211009638436,-0.013313646913393207,-0.012091563662831595,-0.006262531052145026,-0.0100066691421411,-0.00805316490424468,-0.01615804683650124,-0.0037038084578823183,-0.0004090692084125491,-0.006211237413953574,0.003773389160179219,0.0,-0.0002139944603291033,-0.005690600706567572,0.012102783692513386,0.0012638280273609137,-0.004723472825065578,-0.00022319562930084302,-0.005041000075300506,-0.004820181376041011,0.0006012768920671263,0.011726261901554347,0.0029800262195904814,-0.008565282143429664,-0.006730859231705466,-0.008427689833476415,-0.0008276344707200955,0.0013922748460837298,-0.007088613488803075,0.004732931594640943,-0.0005395986668133013,0.006661960860928184,-0.005450558482997803,0.03189598839295393,-0.006615253314096736,0.0013132971598559529,-0.0027135888536238273,-0.009699923189128934,-0.009869383211781435,0.004032624683660835,-0.001328757044459672,-0.002123921176547583,0.004049527467713476,0.00200066846652569,0.001191576928073479,0.009121081647498697,0.035055360617333386,-0.004105384735581197
2023-11-07,0.002935646325043617,-0.0005327511144751496,-0.006302465400874091,-0.005943708740675957,-0.0038460863474063522,0.0037910138614882793,0.005036040260328223,0.005407585223339284,-0.0010759258551001905,-0.0031918869259908167,-0.02720844603269157,0.001078924126222347,0.005374552518989217,-0.0027364531394734604,-0.006996548621396093,-0.008430081270463075,-0.0014322256340524309,-0.01280335991603343,0.005014427791147469,-0.009934975566055493,0.0,0.006136370644361566,-0.018750003725290343,-0.01921467683036915,0.004022339678695364,-0.0024955525269781953,0.002081236407907028,-0.02541102673446305,-0.0010096978495756082,0.004952341908019298,-0.0008931529617287604,-0.011388819164953157,0.0009686144175944378,-0.006007868169912722,-0.0031459090004790635,-0.0003300802512028467,-0.006479627690304968,-0.0047143032548664365,0.003663110927330404,0.00414095035813733,-0.0010427716949429344,-0.0050994616355856115,-0.022207276252106056,0.002879314294176538,0.002854964604722676,-0.011283010828266105,-0.0005725267812727308,-0.007199357614494417,0.00767094772821153,-0.007932105176548632,0.014749855952635116,-0.0356912998861304,-0.03665100950335831,0.0012284112875249331,0.0017295040614495605,0.0027052249611114743,0.0012476014191356022,0.0031564235040724142,-0.01396906863583347,-0.0035650589038372926,-0.0019882548256807686
2023-11-08,-0.015103648826473082,-0.0002130793884823623,-0.0023255351339019903,-0.00023297530860943994,0.0,0.0013332883979442212,0.0031496930975962734,0.0028961690003055374,-0.0014059383607180065,0.0008947866831547913,-0.013076643467209381,0.002463749229054013,-0.00307793907885201,-0.006468044725745914,-0.004026092670316839,-0.01775909520498209,0.012621958775473674,-0.008873546667062304,0.004989109629990551,-0.02396075389378549,0.0,0.0006098612134763925,-0.02547768323954236,-0.007240050096800621,-0.0076121293827258185,-0.002287147966398617,0.0031152554559066292,0.0076686020116665254,0.00025267959243491234,0.0028745368046996234,0.001117396424365591,-0.008716500743270239,0.0016129687214478938,0.002417478019570929,0.0020761631207710796,0.003632660131657861,0.008695747167203338,-0.0029602893878559744,0.007738656719121995,0.0018556501080042587,0.00034793022876211666,0.001025300181853428,-0.011699992030075546,0.0012562252341665747,0.0036231817067791106,-0.010107614172221058,-0.009736388003145247,-0.0009064360742500055,0.007888580708855564,-0.01350980653629863,0.017033767288136215,-0.006002163660518645,-0.02267085500473187,0.0002465806926621461,-0.00013263931265905526,0.005690236696934026,-0.001222173208666466,-0.0011863331961268209,0.02000013865289607,-0.0071556280431422925,-0.00029158254040295706
2023-11-09,0.006538193190928077,-0.005970187947960892,-0.0031785683845746426,-0.01922324672538034,0.019304981213273287,-0.008653267624452399,-0.007421076063088283,-0.003919195372390494,-0.001985187884357531,0.018019213457324934,-0.0051526860112682815,-0.007680672455134707,-0.0006500464313906607,-0.007299369882981632,-0.008337521050169161,-0.0025003674484774807,-0.0031161295612550655,0.0020660134717012113,-0.008510300543303595,0.006714173591385819,-0.002788086679619939,-0.0032507771761118853,-0.05228762069300508,-0.0012871368957071416,-0.028784741303801153,0.002220846470930349,-0.011904707154919647,-0.010654505859252095,-0.004545646507302381,-0.006961155271902109,-0.0037947534398347083,0.004728171205123477,-0.004830918816004837,-0.0066324355886479,-0.004475427721446157,-0.011516907524473985,-0.008620783017698086,-0.01039208027873939,-0.001159140039269979,-0.005350855636369167,-0.0034783006312754106,0.0030721068024597287,-0.0006962761341320345,-0.00734808167926404,-0.02037113437514171,-0.008563865772638346,-0.012145825401475685,-0.0005446124244298245,-0.0025829266446295573,0.0,-0.02300126240652911,0.031197671041506725,0.001199830257349488,-0.0010267606223914871,-0.0022578161626881643,-0.004780111923583075,-0.00699074871018035,-0.007488200383346633,-0.0032678367697958066,0.01261255719253418,-0.010353404553471446
2023-11-10,0.015117582354269965,0.011475824203274865,0.006165022122792241,0.005741350985823956,-0.0037878121967315215,0.0055952202230833414,0.0018687844485272276,0.0008284452116100738,0.0019891366944235767,0.0033737049091959737,0.008139004695010943,0.014086838613914798,-0.0011379728504328224,0.01033391093399394,0.004585858881106297,0.013690646222955571,-0.00028421104413201004,0.007560295877449441,-0.00023845967259672474,0.015214681923291673,0.0037279715612899,0.004280508002937555,0.027586275583136644,-0.001288622083526536,0.004697096631982589,-0.0060047965037174356,0.009952960347106243,0.015404053867999812,0.002790573908450389,0.003298867272335526,0.006946021786803591,0.004925466989098792,0.0022653726119787887,-0.0018210237474582947,0.005994062957452195,0.014647120499988509,0.008695747167203338,0.002400230747356291,0.0026108287330011137,0.009724748720103094,0.008726068722358926,0.0071463164002441015,0.0034842406163402284,0.004573887409038191,0.00394845166952229,0.005647871428273943,0.007025858024681586,0.006717643508215465,0.014536906047998732,0.026271726522565597,0.00559994608691472,0.01398825084296007,0.019307521973398245,0.0003082925742647902,0.0009318058383873673,0.01578123927397601,0.012572063562442004,0.01404866110610481,-0.008196855804934233,-0.039145870937996374,0.01031415873505348
2023-11-13,0.007213456381104599,0.00021197228152658454,0.0019013801024774235,0.006496121238728891,-0.011406940230722418,-0.00044472744534418407,-0.000287023621831084,-0.00020691819319762494,-0.0005412324942792868,-0.00013809353380889178,0.01504591271343858,-0.0013733870975020102,-0.006674417576205793,-0.00393397069873902,-0.0159777638341404,0.002980099788270296,0.007959043014292622,0.0061390659491902255,0.0004771331892226005,0.003284763520881473,0.010832640673062555,0.0012178251623116143,0.0067113799401790075,0.015913975914278566,-0.0012410360857816327,0.004250506097349227,-0.0009394483270008802,0.0,0.0007587463485816404,0.0008219836166125649,-0.00111267224267797,0.006126992165992329,0.010009688749729184,0.01064163778135252,0.0031446761518727495,0.0009842595732716397,-0.023706864294447016,-0.005088384825991943,0.002604263204512014,-0.004098361314620269,0.0,0.005575348709211392,0.013889004087652923,0.005092438353835105,0.0010486614503122382,-0.005946548933093321,0.000581332817720881,0.0018033911004771142,-0.0002900470804086952,-0.02559919156263335,-0.002272875070702396,0.004491385938492076,0.015153284951526791,0.0004109300789945092,0.0005319963655388005,0.00414934123183297,0.00022343970556826243,-0.00046175282625815495,0.004958953090566265,-0.016666694629339007,-0.0009721023322507572
2023-11-14,-0.012359875151914945,0.021838227108790242,0.025305893805344315,0.020144664827135506,0.011538559893779388,0.010242443580175564,0.012202006191833314,0.007657210822699989,0.006139222927140642,-0.02450718594946777,-0.002892296953537987,0.017578345535580242,0.01802678872063468,0.026461363037941332,0.029916824561941002,0.006195607803681558,0.03807130896576982,0.029152650556642623,0.011680336561125104,0.0214855318460494,0.03031236770052037,0.006385493893159788,0.03333336966378342,0.0012700728640118175,0.013255834414528378,0.008013246948574082,0.020365781427883478,-0.0030960868669005492,0.011880964815040418,0.013347230768860241,0.013143337985232817,0.029578068694653847,0.019181524895725666,0.010228611484785821,-0.0006600699896360807,0.022287818951835403,0.0286974920893579,0.028881251692183696,0.011544102480506524,0.011934198662351347,0.0273356270297056,0.0010081196659128544,-0.001369874220122469,0.0020264776821887764,0.004714500902856411,0.03655707991921919,0.006972605065086013,0.02736262050370253,0.01489362223109958,0.02291787032667525,0.022667980104411845,0.014691894911280423,-0.001158143006696255,0.004211172689556841,0.006113269333319238,-9.599609034105505e-05,0.009806850965852654,0.0226385908465776,0.004933841836349151,-0.02636532353940335,0.01798060666335166
2023-11-15,-0.03321639883213767,0.002074964438425253,0.0010283325937079368,-0.004409476629334996,-0.011406940230722418,-0.0030857403839574804,-0.005530843469705449,-0.0014375461198731232,0.0017948838826653546,-0.0033055687728156258,-0.0036258201218947184,0.0030041900919992592,-0.006439012653916332,0.0038476156737732303,0.002020596667372976,-2.1042148157235374e-07,0.002444894945667464,0.0013174114380307689,-0.0032990056505645127,-0.008814003599854958,0.013372746417768422,-0.0007050250694834448,0.00967737682439651,0.0012684618250686786,0.004088442159654315,-0.002109907735921901,0.002047014424037652,0.009316857150857949,-0.0044965985963044686,-0.004255521727829392,-0.0006595755205544007,-0.005280994303326736,0.00031373964494640916,-0.0005954069988819422,0.003384664239825197,0.0019237082565510821,0.004291922455935682,0.005262986033879091,-0.0015693341554148255,0.0004066295451699009,-0.0016841215872934745,0.003524643947388606,-0.005487084632701089,-0.005115776630293722,-0.0007820113792070815,-0.002565017650540069,0.009809664584985445,-0.002628299929676614,-0.007280536448935115,0.0027322265954470293,-0.014034471111865399,-0.007554309114224944,-0.014815712913255341,-0.0017391073950119296,-0.00198087713643591,-0.007448399366690395,0.003097375003983327,0.0028612257200877345,0.018821959605290317,0.023210809243372932,0.0021750142514578297
2023-11-16,0.01270263916479486,-0.000724717408438047,-0.003492871876311976,0.003697301554153265,0.02307701950370533,0.0046430753013975146,0.0059896727347972245,0.003907909751687644,-0.001074735297291407,0.0053540398686131585,-0.024745329445350128,-0.001497595982985711,0.0061567363646082285,0.0011499833341868104,-0.004789408655026972,-0.021118114757798012,-0.007046078567030878,-0.005921106924252517,0.006146791175384969,-0.005658901920807424,-0.01994136559302284,0.0030235734020007676,-0.009584622817670141,-0.017736309622744417,-0.007003338868562969,0.008023286883544811,-0.00204283271600203,-0.013846116752409099,0.001254605484251936,0.007122591980225801,-0.0002201722656138827,-0.006837839415136826,-0.003449294560241234,0.00744928856956828,0.001316282298512883,0.001023845912529131,-0.0042735805794793524,-0.0031994771255567933,0.009001273857485614,0.003455265171290689,0.0037111560287765855,-0.004515831632933787,-0.024137880895558572,0.0027505607086772965,0.0020871337976402504,0.002892961329329813,-0.002857013901426231,-0.00384752683540035,0.00810193075130794,0.017983689361966926,0.012426621532706239,0.0,-0.03975389825680553,0.0016396125820032914,0.0027793263089903597,0.013410825221994216,-0.001960502593147062,-0.00215235289310467,0.010441561272757971,0.013232546723281446,0.001669516783781022
2023-11-17,-0.0013140624619607522,0.004455017428409036,0.009484467446445155,0.008403296911652092,0.0075187623531975945,0.0015404474696711912,0.0014175045982123269,0.0010242449851864954,0.002151930867670293,0.005796669678809652,0.01529855021510551,0.0005999841549315654,0.00483103887449321,0.0013397865606270543,-0.013424624269280705,0.023934413648998065,0.01774003268411195,0.011250853466675315,0.0004698731904457798,0.01808945610855428,0.017354934138510636,0.0012056683288341752,0.0129031690991952,0.0042991286935791795,0.004592359324399942,0.0014832464605933904,0.004094028848075082,0.004680062851869282,0.0030076093801072457,0.0016163960882908945,0.0008803769477538914,0.01907280935677491,-0.0015734437082056685,-0.004436663648713535,-0.004190339313265401,0.0005755148244530606,-0.004291801292199082,0.0035014110892754857,0.00014159551330483744,0.004051123323437045,0.004033753920930971,0.00403228870328487,0.015547684765691017,-0.005664911259825378,0.00689936025297655,0.0032051647148130247,0.010314909926188998,0.014444299185977894,-0.0007238415653699759,-0.028372678908826443,0.004686447703451391,0.050110971282838035,0.031322300843620754,-0.00020445371370558796,0.00013229023688188235,0.0038218744016256245,-0.0012283015538362418,0.003962919778847995,0.002384818337393124,0.0,0.001190149003657659
2023-11-20,0.010287070961758182,0.007013819157885681,0.006331700576200694,0.0068492356850635705,0.037313456795372346,0.000988614495959661,0.001415848233953465,0.001023368471127828,0.0,-0.006653525762102319,0.013230430585514652,0.0062960560928881915,-0.002243874563037762,0.008602636941025255,0.0033377785592372256,0.0,0.0005363047548307964,0.0032723197650530444,0.0027012165330695392,0.0011978603621731754,0.006176431455325426,0.0018067769140730494,0.08917202150323034,0.008133525191610147,0.0035101646683872723,0.00017816175520812827,0.004587228248879693,0.015528011910429074,0.001749095915742238,0.002219528164403295,-0.0019788951001890043,-0.0012589698603781008,0.001575923334861562,0.0038623161340776146,-0.005445413330251725,0.009584676257955005,-0.00646560247402217,-0.0002906467789215439,0.003964455317196913,0.0006050663345318341,0.005691253383378836,-0.002510019740233127,0.010786395529356563,-0.0014389910161520802,0.00530039088946066,-0.006070324570771168,-0.0022688521404953255,0.002138304071407804,0.0,0.0024795220711697485,0.006108236457326388,0.019178560296579716,0.023405265086165583,0.0010229106875978555,0.00039583110548102596,0.0036170120654239746,0.005655721571152794,0.006695252599451029,-0.01823952377526117,-0.018656698160751994,0.005707654587212563
2023-11-21,0.019772634932402333,-0.0026629832869069503,-0.004668121593933039,-0.003779172670299591,0.010791270416816934,0.0007684163807797351,0.0014133802875171408,0.0008179434645083639,0.0,0.016792211724365513,0.005078004731517094,-0.0032767128963231418,0.002730611256097637,-0.0036011886003115556,-0.005117677606016446,-0.006788503253226885,-0.0120610806436251,-0.005870826269127716,0.0011752441831260896,-0.003988118183261169,-0.005261525535658618,0.0009036059532767649,0.02339179003549785,0.00679405662323318,-0.004311271725327415,0.0053453956736191355,-0.0015220191942038053,-0.007645166704075335,-0.00012547389875361414,0.0008050225313582793,0.004406311110810801,-0.005041970092357628,0.004090560074102356,0.010653952090863283,0.008378928629156679,-0.004430413856160609,0.002169328243724067,-0.00029102983240880675,0.0008460984814997463,-0.00020143500494329558,0.0003329398488893798,-0.004529404426942829,0.005163571615042883,0.0076866363100340784,0.0006431304733083287,-0.001285839032592051,-0.0011368876009177908,-0.002827741172128584,0.004631116522638923,0.001099175699533328,-0.00044123455334776907,-0.013473635851659505,-0.0007934686505349786,-0.0004086596387822272,0.0015830268473195908,0.00815629858328415,-0.0014914396814075248,-0.00188604485299948,-0.005654332070736845,0.03612159165698192,0.0002600972537556423
2023-11-22,-0.0020898166571075016,0.0027729112430008307,0.0010196078948052634,0.005311089228124288,0.042704712519628485,0.0019741241692743383,0.0008474364233574949,-0.0002043829355654614,0.00035778676174236246,0.003665023039510107,-0.010104621860156371,0.0035861652279942646,0.0019221323953537706,-0.0022826752334881295,-0.0005144532554552939,-0.005996286417819907,0.002984463383638447,0.0019686141788262113,0.0011743555158332253,0.006606697944137707,-0.001469424891498372,0.0028499927466807407,-0.005714260801977011,-0.009278627389292637,0.00531042187677766,-0.000985270095229085,0.00558924398203553,0.007704065569654528,0.0032607648599287664,0.002413293429595509,0.0021933642555855837,0.0008445436188024846,0.015669009009100066,0.015519602917868358,0.006334813717811638,0.0041322633604270465,-0.03463210261619032,0.004364209752994563,0.007326995040781936,0.0038312794214083734,0.0014641552235907795,0.008089039517221064,-0.008219316457164005,0.008462621194001096,0.003212871481570012,0.007724645948639974,-0.0028457497181163527,8.701410622768968e-05,0.00252294926759844,-0.011803571111431599,0.003533822708168044,-0.008791243753752398,-0.012973413387603494,0.0008181727843807884,0.0009221096476379476,0.00733765711462997,0.004676633645658734,0.0034808623017297258,0.0,-0.011009164198049981,0.0054134669060368346
2023-11-24,0.007562488570572734,0.0024579672399875907,0.005907488368549929,0.009433962264151052,0.02389080897657747,-0.0025833401264094835,-0.004796019467790291,-0.004495460452977107,0.001967859908525993,0.003882681570740676,-0.00619760871827113,0.0023864210563884214,-0.0027294596753570932,-0.0013346515869574471,0.00849184113068846,0.0030486047952182904,0.011089998521176092,0.007858432695070583,-0.004926095814093423,0.000994472257373813,0.008534521300864961,-0.0011805379121773152,0.06896552804115608,-0.008940141627471476,0.004876034088162617,0.003044285255752177,-0.004547488564602298,0.0015290661674824957,0.0009998922271849953,-0.003812212928687053,-0.0015320199209563068,0.005907161363827296,0.006479545499390005,0.007497252422638878,0.0008991795598110031,0.005698049580621811,-0.031390253746134356,0.003997831063955015,0.0018186787641414348,-0.002611392571443494,0.0001994320170841668,0.004012002995645636,-0.005524836120508803,0.0008863191581751639,0.010760931774112192,0.0019164061250513953,0.0034246453452655423,0.00878490257372433,-0.005468349697212216,0.0,-0.011775119409648704,0.0243902419549753,-0.00751060637871348,0.00020403002104130152,-0.0011844929520427039,-0.00434252387450218,0.0029243648841550396,0.0021803743349564364,-0.004874145382560591,0.0,0.0028217626328659318
2023-11-27,0.00461898707109798,-0.002656262099584472,-0.0036452168815723773,-0.0052335839392512185,-0.003333274522430152,0.003467877822775911,0.006094162759477939,0.005131460460048087,-0.00035717688098946265,-0.0021181208072345026,-0.00843719575286328,-0.0035706994867594766,0.0028981481347916116,-0.000954443635774016,-0.0012759073448738167,-0.00394489736493453,-0.008025626261522256,-0.0012995722407036503,0.0056577926832752645,0.0021854681975350676,0.005544212999161857,0.002805054944299279,0.03225799599486101,-0.0034362966112799764,-0.007278560622535624,0.004527621629743184,0.004060665488177184,-0.021373997887715213,0.0,0.006243750977365181,-0.002849557415066095,0.004614201157485676,-0.0021457994570225347,-0.001431161248236168,-0.00024489320938358983,-0.0034624736749019336,0.03472222766804656,-0.0019619917118229857,-0.0019548831069681194,-0.00040285928170324947,0.0013288391753472073,0.0004996218950352738,-0.006944357794939404,-0.006199422049794179,-0.0050697991548221966,0.002868856215273885,-0.012514117199715069,-0.0022416787665623383,-0.0011226414396035,0.000277798294548548,0.01670389706350206,-0.020098954189667895,-0.0072971285011328435,0.002655826947274287,0.0021078123402114013,0.0034236417589732504,-0.002429785144956065,-0.00291727541600062,-0.008163294324477821,-0.0333951452314204,-0.0012897965192170124
2023-11-28,-0.029310414948447217,0.001638926609830449,0.002642343069584552,-0.0037580875579648065,0.016722286408723308,0.0032807306252187196,0.004226371097075132,0.0028589096395654767,0.000535846450982369,-0.003645082693466417,0.01146869655476146,0.0002984384814734842,0.005939887567955049,0.011083440324009208,0.000511246421722289,-0.00019453548958403566,0.013484299119899346,0.0019518949896009108,0.0051571401426007135,0.0019825535614517165,0.007254721979308654,0.0005992327371784345,0.08854170916749982,0.009482770338682167,-0.006517429249320084,0.01007119691011038,0.00303326611350041,0.01872075379372795,0.004745097292873757,0.004002974380544755,0.009892215510340918,0.005845414165683627,-0.00952393406794183,0.006592334795272992,-0.00334982155156216,-0.0025268058550240724,0.008948707215276519,0.00289096792112864,-0.0006996849895757329,0.0074550704770166565,0.00019912764327201238,-0.0004993723976517428,0.010489415005488611,0.0032082609901933345,-0.0071335423724974145,-0.0009536344286272813,-0.0017282838875557482,0.0020739020272706465,0.001657213176497363,0.0013883866110582233,0.0019714806674284713,-0.07668040756899297,0.013068369357415177,0.00020379305182127716,0.0031555598919934535,-0.002196779093241119,-0.0009743773217397722,0.0020331866171421353,0.0024693265267892173,0.0019193381902995466,-0.0008686518220480943
2023-11-29,-0.02451155875944988,-0.00010222493458333926,-0.00040546189010237654,0.006789885031092346,-0.013157834924192535,0.006540367662381197,0.0051897852389413135,0.005090453201416656,0.00035718663927952754,-0.005093892508377329,0.008046719312949424,-0.0004479354371336175,0.0,-0.0013231238322900518,-0.019662991653663253,-0.0012988941358170747,0.0013303624159939353,-0.004545480702121685,0.005596902151171257,-0.006727328423752121,0.0025928964061525672,0.00998414126504521,-0.05023921058973513,0.0034158409602955686,0.005945182682326244,-0.0009066497609256929,0.004536696405216034,0.009188445992728944,0.005965921790551443,0.0057818597562757645,0.004788872243653763,-0.0008302546981728831,-0.015818924103166432,-0.0011389632151618256,-0.0018033603991841618,0.00633310938790288,0.008869275508595731,0.0005763848385460513,-0.013859559829476287,0.008600100092207574,0.001791328074025822,-0.005993893970344333,0.008996650415037832,-0.010067570902051237,-0.0017963007021838395,-0.008272318533591672,-0.003462192227590699,0.0010348768759842475,-7.597721435126381e-05,0.01220191292981343,0.012571030307901188,-0.03007518796992481,0.017737112848753567,0.0014261744749430871,0.0024900618627126114,-0.008384480502865554,-0.0034138869636262115,-0.0006929578516617907,-0.000821010176556114,-0.015325656498372697,0.0021619920831326134
2023-11-30,0.015902076517549046,0.0025570152048082218,0.0,0.005245422140036871,-0.009999910479955187,-0.0028158813439467245,-0.0032096845501315974,-0.0026336360881732412,0.0023196351943313154,0.016384241731351556,-0.014876597773630929,0.0056749416288526255,0.0015957152363228477,0.0007571049580252787,0.0031256888867912114,0.004031457003049965,0.0,0.00391390711887496,-0.003710662378393681,0.0019920318725099584,0.002011521449332143,-0.002174863834717433,-0.027707824123656022,-0.005531867160865622,0.01813747537850441,-0.0006277085792508741,0.001505107092198088,-0.028831581635877623,-0.0012354306711104268,-0.0029736312791843744,0.004332725846157626,0.002077276659677274,-0.0050425477683681,0.012399065527732622,0.01609594177099516,0.001258662953553813,0.01098880303104477,0.00835513147133815,0.008801697173573597,0.006940255911192628,0.0033112298004860374,0.005025083753500192,-0.016460968962059175,0.01443681666632779,0.009126021911308957,0.008341320594540402,0.005211511506234556,-0.0006893244620271854,0.02361966979931096,-0.017534245864653353,-0.011551568047584282,-0.006342527013118104,-0.02706646584023631,0.00040657830261570105,-0.0009151296804923437,0.0023618628332435776,0.008808693254106714,0.0036648741407410146,-0.0016435831950774027,0.021400804741579682,0.0063305260276682596
2023-12-01,-0.012665852539430866,0.007447370294869415,0.008923042779126034,0.008013415201677754,0.013467774630388618,0.005252114399399543,0.008156806423604834,0.006043598293594243,0.0028484695001342875,0.005403887011296682,-0.008839727647272255,0.008316095076623009,0.0001595484296783578,0.00888798406410607,0.012464546157125778,-0.0009066361178098337,0.006643607582529132,0.011046089845698548,0.012104349741895115,0.010735652248687888,0.02236913427749676,0.0059440806283530545,0.04663213203313621,-0.008986047557673849,0.005604286915781742,0.002932774300409058,0.007514778954635926,0.014062460820784661,0.007174512140823319,0.008259301590600066,0.009922427737196982,0.014096182649620204,0.01900551751857682,0.011677485388886577,0.002505430537821818,0.011942266769996213,0.015217511513553772,0.015428422818764442,-0.0033772502103127655,0.006498680696594761,0.004655712168744941,0.0,-0.006276166234101099,0.0023768564538293457,0.002674737050921916,0.013681193499795796,-0.0005760946291852864,0.01120710965043159,0.004328842416988055,0.017568409910055705,0.018834397300921513,0.007446727490963756,-0.012349194479920222,0.003456662742826966,0.0034908566871800772,0.026248872172325077,0.010671546361866069,0.008289871375570801,0.01563792682701126,-0.0038095201764788422,0.008317700384123938
2023-12-04,-0.007745453376726608,-0.006177107627459488,-0.008643228545625492,-0.0005545709349021877,0.0,-0.001084013857633792,-0.00403813619763127,0.0006068450839711304,0.0012427616425123578,0.0010931312374624635,-0.0037160949420170786,-0.0019146145665823733,0.0035048156636203753,-0.008809683735455542,-0.006668390403601565,-0.0026575656579576057,-0.007919587851894283,-0.0038559860535780643,-0.00574965893279733,-0.0169159921585329,-0.007012906559901055,-0.0021665640258300423,-0.024752501624584866,-0.00604469915940864,0.008359974872954368,-0.006405943157235527,-0.0014916358357190962,0.013867284945811909,-0.0007369740636471445,-0.003561523457740412,0.011747035266399752,-0.013491394454110073,0.0018650292252293532,0.008445997131579563,0.0010480775416550348,-0.006521849243670053,0.002141335648891962,0.005064783294001396,0.005648052018238259,0.007630620877773442,-0.003972108019075771,0.0034998453530410423,-0.005614008645020818,0.0026677079002073167,0.006732634369329027,0.0018832606510825745,-0.012103822698022015,-0.008695822254212393,-0.007084941851180249,0.0,-0.003979087989109953,-0.014431564018787424,-0.010716948508049162,-0.0022289442307638074,-0.0014384734539119037,0.004408291631144312,-0.0008400011874412083,-0.002055447756220463,0.0024309899284249425,0.009560265880022012,-0.0025185131733398425
2023-12-05,-0.0017075191612733187,-0.001936033890770017,-0.0038523010311777295,-0.006067347957076197,-0.003322114379277985,0.004557313496190263,0.006431535651263864,0.00545803980261339,-0.0019502681618722706,-0.00655208340962854,-0.008578968970457845,-0.0023608350189250338,0.0017462535505698984,-0.001891141042223321,-0.005938540939301684,-0.02411296322652734,0.009047351900510092,-0.0070967858741378675,0.007864790626193052,-0.005001960011788209,-0.0039548554547115256,0.0035529916882046653,-0.025380738392887903,-0.00781940857929031,-0.00276358108846253,-0.0004902985430909057,0.0019921854507554126,-0.0015196079590914513,-0.0007371964697633349,0.004567280919018479,0.00865527252927123,-0.002901074428136474,-0.006205399862096672,0.0005582560077586063,-0.021905517398347896,-0.001250278726979026,-0.0042735805794793524,-0.007278893564960143,-0.007582193509643287,0.014174739858733298,-0.0011632203088395299,-0.00398595379901534,-0.009174277632555738,-0.007094734530574076,-0.006435093450838814,-0.009085285185729597,-0.0005834891547902288,-0.003439905297851653,-0.002254398550742165,-0.01342835507785689,0.021485550563093092,-0.01928563512678827,-0.011388854061419984,0.002030964602451446,0.0018332934689042624,-0.007086416806256213,0.0003606005442031712,-0.002157783318638473,0.0024253047130564642,-0.00946973271743079,-0.0069031792746302445
2023-12-06,-0.022968748621522206,-0.0019397893887675988,0.0012211730379261265,0.0012655036838251643,0.01666672026280991,0.0023763728618146907,0.002917462035304741,0.003015587880306425,0.000888171245677194,-0.018732137643077462,-0.024454388546521377,-0.0042891321455312825,0.006022260640173416,-0.001136758629364354,0.02363635955222998,-0.024442298547830088,0.0002636449341431035,0.00844708246443271,0.0016066058905748193,0.008847845184744463,0.005672192665964637,0.00019674763619526026,-0.01041662157882628,-0.020577831535073865,0.0009897004545804666,0.0007712472956968863,-0.004473450331321405,-0.013698511515825684,0.0,0.002569489987419793,0.0006278253443954274,0.005403300414949186,0.004995317834277202,0.010044656844604427,0.008233881238967733,-0.0006261046913077495,-0.0021457491914289584,0.004230174768104611,0.00863067752306268,-0.004403618818885624,-0.001996263438164614,0.0010004920133148687,-0.024216575113015337,-0.002560457744353428,-0.005334150327044429,0.005690801949083335,-0.008756476473320896,0.002761408873615201,-0.00031733212242834874,0.007500006027181927,0.013317753774382934,-0.006554931041817036,-0.03793202883489255,0.0010132524950410282,-0.0001307485914736617,-0.005525370118579009,-0.006002198955533999,-0.003734860161604403,-0.010483772057181762,0.030592704938546822,-0.002076081611918079
2023-12-07,-0.02038274713295818,0.006444395825171201,0.004472446824685061,0.004460986865060246,-0.013114949459148262,-0.0006464272418955641,-0.00027717540272143015,-0.0012026588761665513,0.0007100964801665111,-0.0113535180088572,0.0034709438934772407,0.004456226895966031,-0.0039382943646192325,0.005500725541602636,-0.001776319206201915,0.007577828532117303,-0.0021091269330348883,0.0070876403412878375,-0.002291278188934154,0.007374917072672904,0.007614106407857868,0.0015733500535928258,-0.3368421377190305,0.0067053020602982905,0.002372932598521782,0.001751394866410072,0.004992566057893777,0.0015431411100710335,0.0022141850743786495,0.0005915218114307397,0.00020914380901460028,0.008267887104802085,0.005281269545228451,0.008287226204659603,0.0018140994710844627,0.004697873707895761,0.004300969512184061,0.0033698846136196448,0.0044884711665007515,0.0013460974715184815,0.007334582226670161,0.010494729092142885,0.0014598660777369599,-0.0002985760445028962,-0.0011491547762898513,-0.001886158147550443,0.003533739979167949,0.006368464569654009,-0.0010648764930129007,0.0,-0.005736839419864692,-0.015395818826148822,0.00029210326090267635,0.0024296529761362873,0.0009148181251861232,-0.006435841625901606,0.0008450984338417289,0.007645824540303048,0.004074940772195168,-0.04452686030856057,0.003249013758792163
2023-12-08,0.012254407697994907,0.003252361332288567,0.0014167782340364088,0.0018504237012193503,-0.003322114379277985,-0.0021568956924528093,-0.004849636217481912,-0.004214416485229577,0.0007093735232794884,0.004223440263664502,0.009223619423530227,0.0032534794349088347,0.0004744126217104405,-0.0003771495160506122,-0.0033044796336986204,0.007724069765504771,0.008718786232338127,-0.004478659964527343,-0.0029860399583400143,-0.012465382347107923,0.0005597114531596947,-0.0007854392559010215,0.0,-0.00044397686939756653,-0.00019735435822387792,-0.006084234628978447,-0.0024837723763042607,0.012326604150145748,-0.0036824761357312497,-0.004925995759908597,0.0008366407451496638,-0.004099961132532526,-0.007725712307906862,-0.007396806578262138,-0.012758232822875692,0.005299231709990915,0.0,-0.00391817452458032,-0.007261624157165025,-0.005761363127848584,0.0034750270653922666,0.00741846104677335,0.005830876202944202,-0.010629508827738054,0.0025565588545317652,-0.0015747267951828903,-0.005868705739448199,0.0032494800489473175,0.003365811740400293,0.031155241497336394,-0.008183229754238686,0.011169049308969337,0.021605901710421538,-0.0036356461058233425,-0.0028731333671188075,-0.007549204424643352,0.0013275695978101076,0.0030842286853498546,0.009740272757601698,0.015533965480508893,0.0025627941713433078
2023-12-11,0.003909183743777245,0.0035456831952980217,0.002829384399145818,0.0029553385330722826,-0.016666546437480334,-0.00021602150868782477,0.00013930168762210648,-0.0004031238856254671,0.0021269039040938686,0.018003984085729563,-0.00038083177182968164,0.008844023812109691,0.00047425510351972733,0.004151646508270046,0.007906232214075937,0.0054462193689421845,-0.00392888674436187,0.0057839790803670965,0.00046081848682422155,0.013824827139949702,0.001398728380131331,0.0017686676211219332,0.01587305534771266,0.0008884379495286421,0.007103425348145009,-0.012313808904502621,0.0014938641369994787,-0.01826492709689509,-0.00024609825907473404,0.0,0.0025071834581786856,0.0020584620365937667,0.020242918795113862,0.015180466507732415,0.008587608514484257,0.0034108185053123297,-0.0021413961010304794,0.007305249489411247,0.009284085700438371,0.006953834925583546,0.002308727440943903,0.0014726185338274078,-0.0036231807706954555,0.012916628611170156,0.0017850782759405437,0.003469913423798765,-0.007083861409694858,0.0012955962740246463,0.00672768536896462,0.014705807894348277,-0.002115216509773532,-0.0033138059625305027,0.0030009225284912677,0.0,-0.0001310226168701467,0.004789438936261714,0.004338054739420061,0.004002027828555077,0.008038717754927038,-0.015296352469273411,0.005810014621216331
2023-12-12,0.008416004134531141,0.0032304436254868563,0.0010076085390775535,0.010313170123111615,-0.01355952307402808,0.0017293513629532686,0.0029237835203077545,0.002419634443547425,-0.0014149507963986396,-0.006034524614214831,-0.017142917119385537,0.003945318542893705,0.000947993174017725,-0.0013155887478008,-0.002024279685301944,-0.011100661813223556,0.0036811882199052626,0.0019169056844112742,0.001266402418909518,-0.004347695686962694,-0.0013967746717573615,-0.0003923344186449462,-0.054687474222321675,-0.012427898119427017,0.009404404275909606,0.0033484375488144202,0.0014918554684710816,0.007752010230390072,0.0002461588383362301,0.004356282669640832,-0.0018757847554765616,-0.0020542334749713564,-0.0027473148344347997,0.013050511195138892,0.0066132088741668316,0.0043263621075828596,0.004291922455935682,-0.0019527588344557811,0.0072473427626464915,-0.0024938222572413737,0.005264796184632603,0.0029412757261555456,-0.016727222243119955,0.0038730501423813735,0.004072792991142826,-0.004086717831243258,-0.011890502754497101,-0.0006129056771542185,0.0060163967989215195,-0.028985466568617002,0.002968195358313608,-0.02031769503716152,-0.0319134275473586,0.00020284605717546533,0.0014411119469526223,0.013178180380664095,0.003839897380879087,0.005395651429549675,-0.0015948809566382893,-0.0019417919799324945,0.0018484499587327896
2023-12-13,-0.0236671919624154,0.013785457418524771,0.014093051718913507,0.02078003055246147,0.02749155334269715,0.010789853727745324,0.012770337951966804,0.008245944717667264,0.006199062771772734,-0.004529940565272672,0.009689975088674085,0.014990622268694853,0.004893471810528682,0.014866389701366334,0.039553625668967474,0.010684267508920264,0.004715879617075203,0.012117466742381566,0.014142867292356476,0.012901985620429546,0.009231119055941983,0.004513255844869946,-0.08264465927199405,0.008988833665738216,0.024068317612104817,0.013561265677465073,0.020377984132144755,0.001538393194507215,0.007391315542167209,0.014392764887646958,0.010649556353849121,0.008645389251817237,0.017447327073394803,0.010735551978440894,0.01519265836232031,0.018769254871073615,0.004273399610579043,0.024874298570070952,0.011623027216094872,0.01884619440803781,0.012602370694550835,0.006842563446294081,0.012573875802997847,0.021012682985249276,0.016098306854327893,0.03282840521752828,0.01323695323772367,0.018057908560643154,0.013450283493387616,0.04450471775123832,0.023461931982521556,0.030542952125447664,0.011478808801491214,0.004458877184806864,0.007456784678851358,0.014805586297341078,0.010088357655908542,0.01566506303828441,0.009584675814695354,0.0,0.01213104984085911
2023-12-14,-0.04733348394607706,0.006451565377993962,0.0091325152723023,0.005714358168464884,-0.013377864008313645,0.006403991725704827,0.0075387260119792465,0.003391234031271173,0.002640559707341783,-0.014073958363985506,0.018810059342099672,0.0038715481282531883,0.007854251050132044,0.014092321275119168,-0.07560957431998494,0.0266291562716352,0.02164255484973321,0.015752989508177828,0.009523879042327987,-0.015873071181546794,0.025775942561117926,0.006251280133116266,-0.0045044848774807855,0.012026552746890795,-0.003032580430612053,0.005919519972423126,0.008320960770018981,0.010752623457260801,0.012227835769763384,0.0071577479460094295,0.005991551251538496,0.009591987998264662,-0.030986888078253783,-0.01752528402509146,-0.02248829856114609,0.0039263362557775405,0.0021276076874265915,0.0024272600143089296,-0.0329640608779902,0.0007550019713569167,0.009536121013057786,0.006506508765174557,0.017531114327281827,-0.021859164841927736,-0.004990010077067342,-0.012225015861051736,0.018408609742151416,0.009203439800284041,-0.02167839004866956,0.0,0.026013166550632905,0.0032930091968692565,0.02749942590326193,0.003228339213820597,0.002337458301947759,-0.04331422717436151,-0.0021772291167447833,0.005617002974483309,0.02215178743498325,0.0077820939478694395,0.0034632976509856306
2023-12-15,-0.016740300924625084,-0.004240536636831882,-0.00904986722168788,-0.012429004795717846,0.0,-0.0005959470329447436,-0.0014965308710096492,0.0023855456486698845,-0.0028089623688238863,-0.01632090935429975,0.0003766554454567306,-0.002285411024865014,-0.00015566801126765117,-0.005851075520104554,-0.06358863872498921,-0.002150649510466285,-0.003573038380749516,-0.015508681412599534,-0.00269569216053811,-0.002787717410627444,-0.022156293794243442,-0.0027180832456127346,0.04977372274068115,0.002754566513229806,-0.004562707423160117,-0.002959699529105464,-0.0004855606973785953,-0.012157924054023606,-0.0009663129726227293,-0.0009681423891734209,0.002259238440963429,0.001010673150911412,-0.007451104008876608,-0.01108115852598468,-0.01158570157371308,-0.000902651051474912,-0.0021230905835798453,-0.012214585058285099,0.0,0.009430293689269842,-0.0051233149016233215,0.0019891633916866436,0.0007178437250929814,-0.007429430484628963,-0.011910683607314065,-0.013923271149558825,0.0034985297654697156,-0.010545452432722091,0.0050478019799256035,0.00025982694193227296,0.0011106146304911135,0.0350110620180879,-0.00042520975199777933,-0.0014078480569534868,-0.0007773715629946221,-0.018243246504187627,-0.006878782150468998,-0.0015147241008076628,-0.0023220598401260117,-0.005791454433467291,-0.0004312324411542834
2023-12-18,0.016752874178704635,0.004456742309431494,0.002580966572101495,0.0028766296582081186,-0.047457844637473046,-0.0014904042968942877,-0.002043426137397053,-0.0011899341820247322,0.0010110334424608958,0.0215741336987203,0.007156373089280521,0.0032927333236489886,0.0007792593185733665,0.0027588245836192016,-0.029303921554975965,0.01645876210025987,-0.010245999796802852,-0.0012603322280690943,-0.001801703233348717,0.0033944776942520516,0.002210618040572543,0.001557185008485007,0.01724142183446764,0.005316893866379679,-0.003437715859038848,0.0012575158427947652,-0.0004856899532340586,0.0030769515323985086,0.0009672476365616411,-0.001938403041273351,0.002049244862731614,0.0006057586488004141,0.013450302176522877,0.003279511725893025,0.00962831626631111,0.001806581498415838,0.014893674275943125,0.0022029016971230053,0.0050920127234785895,-0.004110577111598901,0.004827814357382554,0.0074439193539725945,0.0059790562045141105,0.011437221246538565,0.009389601847682894,-0.0018326756425359747,0.0005809950662221119,0.0023627553698160053,0.0026220049317957628,0.0,-0.007967883750713112,0.01268496520527762,0.010907910494684536,0.0005272060576861914,-0.0005187225200889989,-0.0019355157304784543,0.00529584967596386,0.004740823527272786,0.011637019228102785,-0.0038834913701272233,0.001135839621525525
2023-12-19,0.002411305135698427,0.00719778250473091,0.009900981389919794,0.008246761788185841,0.06049836593347324,0.0017061635245378959,0.0019110281068599466,0.005162773652373609,0.0017725179769949584,0.008333613750853619,0.009723256620056464,0.003995755443547022,0.001868978766981666,0.006786593776616279,0.027866491731178167,0.009766644865649932,0.012163604315877041,0.007571070094982035,0.0022562176156273317,0.0015921715325357688,0.017369903045894697,0.0001944149848207566,0.033898271817493164,0.007492297464897657,0.012840234657253369,0.006709918880844379,0.001457777887776457,0.016871156553796007,0.001449627267258391,0.0015536534239015687,0.004703397017150834,0.008678218285242512,0.004320987923362329,-0.005992861710649944,0.001492695037475178,0.009317893678667977,0.010482338367789668,0.004671863844413204,-0.00014060536733773166,0.004690413983440722,0.005765504155973211,-0.0009851529000757253,0.0096583026156567,-0.005683613506525131,0.010936571199973377,0.008230580527853082,0.013356756795252389,0.009295332520824928,-0.0025966097245883057,0.035324723392050617,0.005388558913580477,0.03549067006484008,0.012848482675041462,0.00040559160861630694,0.0009083430285963257,-0.0053818340191224,0.004529492899894683,0.00561578991840439,0.001975524154864905,0.001949269360935979,0.005241640246061774
2023-12-20,-0.016303607184883995,-0.013914653975519942,-0.013244340931598209,-0.015647250708072935,0.020134134819738136,0.0017031695832108174,0.003270487593553195,0.004543474726271146,-0.004423309721096502,-0.008922151208814233,-0.011985347814148617,-0.014781495748058648,0.0013996497990105272,-0.015354093339737251,-0.016944267959824955,-0.008399508370304343,-0.004602534119531487,-0.008766487948886681,0.004052501155262567,0.0009934021043758179,-0.00623326564035076,0.0031092410952138216,-0.04508199421564141,-0.012686024015578168,-0.01842966292134829,-0.003270264700806824,-0.0029114182540843636,-0.0060330762763276535,0.0033775674097888952,0.003296603773097928,-0.02293221038284554,-0.004662655421847406,-0.007990228440942992,-0.020279349402518076,-0.016311944388133548,-0.017272202049559038,0.0,-0.014770323021152887,-0.024208391034058585,-0.030438793395262342,-0.012738849079042769,-0.003451705710394992,-0.011773328761964463,-0.0134563044541538,-0.011315644269578429,-0.016954591662366125,-0.0011462466882964373,-0.007967361917865956,-0.012224126740578045,-0.0005018921661273934,0.006774913748754496,0.00739238813142018,-0.002657384647230865,0.0018234001831065605,0.0015550252209646231,-0.004192297034981918,-0.012814533075855006,-0.013147778185824466,-0.025236813374526212,-0.0194552348696736,-0.014379116929802649
2023-12-21,0.007471822074934353,0.012527594632226746,0.016928694379712006,0.010838094279561394,-0.006578917462096268,0.0006374600446643619,-0.00013587727145036865,-0.0013761061197244961,0.0031990083800079727,0.012888001566953244,0.003150788039966823,0.008222890618816425,0.0012417686542671724,0.016660479233501668,0.0074690149569585085,0.002759390489621927,0.006421756174793014,0.013897686915571805,0.00044814806864690304,0.015283915913100188,0.013635226689185487,0.0007749404981847174,0.030042905405444964,0.0044308336188967345,0.01202872657464571,0.002862084964865952,0.0024333907751872275,-0.006069939542493241,0.00240442703545507,0.0009665926295563398,0.01586979187499815,0.012627433578414005,0.007434882671880638,0.005874053661234946,0.005303011877086261,0.013636350232110628,0.0,0.0049972900285018,0.0162989340800912,0.013674980945479032,0.011935516448967176,0.005442922088120472,0.0014891432534729354,0.007725193863729718,0.01295439470015447,0.0067071168643002554,0.016638040222032968,0.015361515602859477,0.010019872820872688,0.015060364742249366,-0.0063276555343557694,0.04769855191200323,0.0011219529195041211,0.000809633576829949,0.0010352168904845804,0.0008811848609804329,0.005048380986322432,0.010505513064795524,0.004045452114510795,0.0,0.00799314287704278
2023-12-22,-0.0043151485461622174,0.0014846247896884712,-0.000198138680031823,0.0069336308693010995,-0.0033113726319031755,-0.00031861467427107826,-0.0006676422424695128,-0.00046548347772490395,0.0,0.002525995852150853,-0.005103988399669079,0.0027985390875842064,-0.002690833581528995,0.0025777914729812057,0.005417616554026727,0.0008320216300448102,0.004873697719270709,0.0009466606483186091,-0.00011233818008404839,0.00571594600507086,0.0021566946142117516,-0.0005238464423604761,-0.04999995458693529,-0.0017645681777024302,0.008918011930396208,0.0027842516587890387,0.0019416033329329174,0.004580031198359036,-0.0014467160715000427,0.0001927303245827794,0.0006166354183563261,0.007642855990630082,0.009532597099991769,0.011123418747017277,0.006531055582521983,0.0017935030085862724,0.008298668181074387,0.004143474246390166,0.010644234703551136,0.014630346563559327,0.000956290991574571,0.005413457063098592,-0.0029740062397357603,0.004252433040804471,0.0028554963327096505,0.006345208478142572,0.001128429466648262,0.003907486105965363,0.004719532794484005,-0.0002472006284788275,-0.004548642921088808,0.02451440468554056,-0.002801616879257729,0.0006061180631338203,0.0005314273790186785,0.009439460603971828,0.003826828026193052,0.0026465063163132463,-0.01692178939213851,0.05952384781855513,0.003135571828110306
2023-12-26,-0.0044690210965090404,0.0048428064794401315,0.005748344314411957,0.006246876389657929,0.02657821439318986,0.0007436711845181243,0.0009541404712889445,0.0004046450716439498,0.002302802372542212,0.002286497854199432,0.010655089612130908,0.004436952681490025,0.003764820477333286,0.008815397104511957,0.007657387978450947,0.016689063944700377,0.0041057198921437,0.002522150327041617,0.0006749481419998649,-0.009936408337091307,0.00789952726008547,-0.0005828402800007737,0.01754384287606192,0.006628451581073502,0.0043626780708758695,0.004442185193807235,0.0019378408147483484,0.007598937041165987,0.0014488120912370395,0.0009653928656792043,0.003081355611105341,0.003592734791976193,0.006701189173192734,0.003850221635105955,-0.0009983213163378135,0.0014922198611606596,0.004115241636551525,0.0057773566023946454,0.00702145655648434,0.008426875706172732,0.0031847596281895374,0.0048947778718180235,0.009694314171633467,0.007037062755867796,0.000990759820694187,0.004413552956072264,0.011837731962169196,0.003169675524907767,0.0012896619099600493,-0.029186156581480382,0.002843346725586171,-0.027035434006538295,0.018261019426704994,-0.0006057509065675593,0.0,0.0021319282260525707,0.0016676149476524404,0.005043238938558847,0.005737722886079766,-0.0149812586929019,0.005931761504488042
2023-12-27,0.0004080984457004444,0.0028524018215678737,0.004729871033836375,0.0035273641366717623,0.0097086510251434,0.005520133892833234,0.006401014517264159,0.005868068890817479,-0.00017669278475340722,0.004724336066175283,-0.004685660473573217,0.0015672747310941926,0.0014065702373464717,0.007646087352217057,-0.003377292535219123,-0.005723372658154036,0.0005112043643393793,0.010691794978818114,0.0071942163100491285,0.011240593866960191,-0.0035133329318812745,0.0042744375458765305,-0.04310343713859177,0.0008778918849681183,0.004570320176910281,0.005873687361537927,0.0043520804874788155,0.01659132404677055,0.005787282079970479,0.007328754492740286,0.00962519277125895,-0.003977779455759833,0.001815431497339759,0.0005480878918897591,0.0018319248063554117,0.002681900834623052,0.02459002357532203,-0.00027356401352995885,0.006972611818090391,0.008356602573422967,0.006984089617306122,0.005845051647789035,-0.002954238024001632,0.0031979492158991096,0.007287900953353521,-0.0012554117969129086,0.0027856214410402202,0.004207408646599742,0.00036787039510155495,-0.019108481917335163,0.01771954819532673,-0.028425417324794755,-0.01379519929051154,0.002222631114762841,0.002073403805080254,-0.005221701088179986,-0.0007135289573212411,0.0011722200940802452,0.013039946028272631,-0.0019011841153402376,0.00011302091089326893
2023-12-28,0.007071002637647261,0.0,0.0,0.005330137819163916,0.05128215413728565,-0.0023225194942556593,-0.002436304081009033,-0.0034197132170392663,0.000707184925174742,0.0022797533200700215,-0.012161601511948561,0.0009961004487253344,0.0012483232008813072,0.002710080614148458,0.012425796503871656,-0.017458481829132344,-0.006641257365888165,0.0006222491835450317,-0.002678421511716045,-0.00019863277384568612,-0.007051995343770212,-0.0015474242238358027,-0.02702703200289225,-0.005263170376574755,0.0029703005501477975,-0.003847108124345966,0.0009631731099657426,-0.026706237125088128,-0.002157535615797457,-0.0024888471285212654,0.004868120461415604,-0.002396086555598864,0.0072484448556184855,0.006024155799581488,0.004239031509390756,-0.00014968849407936968,0.0006139710772985474,0.0036050460984893284,0.006617136062537998,0.005156610926192462,0.0009458017646757355,0.0038739390243154315,-0.008148115602890083,-5.897162952239743e-05,0.002218858779054589,0.005028270899660292,0.007222196368497302,-0.0036681013353182523,0.004413843512240501,0.02571423857844879,-0.007262894447572998,-0.0023010650577690583,-0.021541451928167255,-0.00020147827586125544,0.0001291726974859131,0.002575892050276307,0.0007617967749389276,-0.0006558002255695472,-0.015285777266099254,0.015238080705915147,0.003727520076889812
2023-12-29,0.002835474139962324,-0.0018635154074463367,0.0011770183228245745,-0.0014044058800144477,-0.012195145217548498,-0.000423116306650817,-0.0023059309170317954,-0.003431529947195644,-0.0007066851680769259,-0.0019902950845565037,-0.0043685840992188085,-0.001137315480406187,-0.004052255849788966,-0.0016216963680365515,0.0013946634508574807,-0.0016094267751971536,0.0,0.002487578462257334,-0.0016789170435063117,0.0003971838652125914,0.0013657543365048763,0.0010657497133863547,-0.04629628403196595,-0.010581947510658218,-0.0022492304506245286,-0.0011034579292084068,-0.005291298630161312,0.02286581773911678,-0.0012015116671517667,-0.0019194280846693834,-0.005853824794466611,0.002601907646113677,-0.0008994295164590493,0.006532244103120366,0.005711127725603671,-0.00029930611194184387,0.016359957895939026,-0.00329067506631997,0.0023523913503031846,-0.009527372275233148,-0.0015747010684561413,-0.014953981194200106,-0.006721460983245331,0.0026563935252292836,0.0007378848584509434,-0.0021888042020279386,0.0,0.0012270657871060742,-0.0017944133704261844,-0.012408222797759216,-0.009019787975681148,0.0019769734872265854,-0.00428835702186714,0.0002015188775372767,0.0003880021861444316,-0.001551279410045181,0.000689680612970589,-0.0024372504618013213,0.004902197728468005,0.005628557267875145,-0.0012605690356605193
