Date,ADP,AGNG,AVBH,BANX,BGRN,BND,BNDX,BSET,BVFL,CALM,CDC,CDL,CHI,CME,COMT,CPB,CRWS,DGRW,EMCB,ENZL,EVRG,EXC,FCVT,FDTS,FER,FGM,FID,FIXD,FMB,FSFG,FTEK,FTGC,GECC,GLDI,GLPI,HERZ,HYLS,IEUS,IFGL,IGIB,INDY,INTZ,IPKW,ISBA,JKHY,KHC,LOAN,LVHD,MDLZ,MGYR,NFTY,OXLC,OXSQ,PDBC,PPH,PUI,QAT,RFDI,RNRG,SMPL,TLT,TOUR,UIVM,USOI,USTB,VCSH,VSDA,WHF,YLDE
2024-01-02,0.0019315865857358894,0.004922639195380274,-0.04773048281266523,-0.006607964753811535,-0.0048701701748956605,-0.004214835109538573,-0.0038484842064074876,-0.0072290118407921655,0.006346978184128771,-0.012371511812330538,0.0042426040062690795,0.012726537499869961,-0.007721943992747282,-0.006505101922536616,-0.00877542488185834,0.03492940992801685,0.0020161031291552334,-0.0014226768276975887,0.000782366665118106,-0.015257810253171966,0.023563253078395574,0.015877662628375866,-0.010501115500286762,-0.014098384548506537,0.0,-0.012085318138213896,-0.004342557013505499,-0.005044101101273957,-0.0016455150406858854,-0.032737908104794156,0.0,-0.0026737583734552928,0.038045977108060125,0.0,0.010739580875212429,-0.035971049649728304,-0.006254230407586214,-0.02028463764503574,-0.013327342261021502,-0.005192542279833456,-0.0020304622123560323,0.0,-0.0071621096571788945,0.0009301664822354283,0.0076494189635274434,0.03082759348526043,-0.034205257528231336,0.014030194711091237,0.019467048813271548,0.006233446099561446,0.0046245465666630015,0.006072902126424751,0.006993561350370436,-0.008270718563740509,0.015484739611410614,0.012848536393975651,0.011031400396268154,-0.008171160903758135,-0.018617011509870607,0.0027777932977308684,-0.005764816931792871,-0.02831586646876849,-0.006276911082160441,-0.012204202686101673,-0.003024886508482316,-0.0024555753895282306,-0.001471284607888701,0.0,0.0002706268021515079
2024-01-03,-0.0038986776740764784,-0.005948296465967173,0.0068795767579403755,0.003325960204711098,0.0,0.0008193826929050463,0.003050028007421046,-0.05339802458130416,-0.018220057501146192,-0.032110009872920564,-0.006689083230338233,-0.004459041152392151,-0.02334633564429789,-0.03737529977212961,0.015291707000673282,0.003606121783116256,0.004024206741082503,-0.006697147416859339,-0.0009383441129388048,-0.011306437990224683,0.008234941129381168,-0.007951778931060471,-0.015767271938915695,-0.005770197152936918,0.0,-0.022123899689194593,-0.0018690739735520712,0.0013519315822199118,0.0021325816279396115,0.026461457503037522,-0.00952380087370197,0.00402130030126413,-0.036199174804887324,-0.005799519346717075,-0.015837968016657378,-0.003731437159127493,-0.0033891637144428666,-0.0168906733534,-0.008849406329843323,-0.0013529287716125271,-0.005696923690768241,-0.039999961853027344,-0.0011841153396380255,-0.0009293020765919202,-0.007469784465485074,-0.001049479845507184,-0.008333353453319758,-0.008952726366644015,-0.007583844274636875,0.007964532394234114,-0.002577830584742813,0.0,0.010416419839834878,0.013646757971044865,0.009923713361607689,-0.0009281732544269561,-0.016366554577747827,-0.001647750613030463,-0.009033307470983742,-0.003021882010863286,0.004170723346249128,-0.006135026211126271,-0.008712929277862824,0.03125011076900952,0.00040477427903895524,-0.0006478680036384743,-0.01235500796057909,-0.0024390904291083926,-0.004303252021029769
2024-01-04,0.00494615003404042,0.0029919792083215047,0.00048805412364782974,0.018784673187709267,-0.004042392277471385,-0.0045019646400575875,-0.006081589759990735,-0.012820593715573758,-0.0014275843994948634,0.026248548953489603,0.0,-0.0020358836351386245,0.008964257443546675,0.006603469204993884,-0.006738003952909466,-0.023804244117650253,-0.018036065802764845,-0.0021517456900919107,0.0009392254295914615,0.005506113345231656,-0.004826388335050558,-0.004422420681444161,0.0033888027878934412,0.006560548857022841,0.0,0.007452671971239999,-0.004993790593402436,-0.005512801407372203,-0.0013540947528867253,0.014988316981248584,0.0,0.000445180023849856,0.0328639624050604,0.001458372038666278,-0.011815194630349857,0.00749066450400937,-0.0036434077045816027,0.007759028303363058,-0.006109101773792758,-0.004452406348315896,0.007980409070193595,0.04166662527455389,0.003611053916618978,0.0046511219421427885,0.01982498587838366,-0.007877977095278155,0.0084033818040965,-0.0019160729433000956,0.0,-0.0035118704314205385,0.004245911356018706,0.014084708990075745,0.006872728105286718,-0.004487627373930492,0.004194090519918925,-0.004025984504448243,-0.005546407164919165,0.004951341859377845,-0.0009116831977589168,0.0783025628232652,-0.015194422932631513,0.02160499703735974,0.007910487014934686,-0.007329082995506164,-0.00020217777502806733,-0.000777795642951884,-0.0010018870468986307,0.023634837919292107,0.00022637428130090065
2024-01-05,0.006633557658088041,-0.007896191728435142,-0.009756134777534342,0.01084587743132226,-0.0004272699110954292,-0.0030151073278229523,-0.0024473546860325213,-0.003896018833289161,-0.0028591824522832265,-0.01758428092281117,0.005139087013122712,0.005508342567689839,0.009871499291300267,-0.017510053868135422,0.006783712635462624,0.003220743527300396,-0.006122485150985346,0.0005749158440986335,-0.006567747519174216,0.005265367269639887,0.0016786710747784817,0.008051121995077626,-0.005219420179503609,0.0007520328018018052,0.0951708385491663,0.002377903254577207,0.005646373758632084,-0.003507493512922899,-0.0013560887167513025,-0.005906805777846413,0.0,-0.002224107864688074,0.0,0.002357607196686873,-0.007008741585606049,-0.01486978309140552,0.0002433948652447171,-0.005499471322192195,0.0018912927047367578,-0.002722207252944142,0.00406010016279823,-0.039999961853027344,0.0022286171210168515,0.0,0.0002998716594404538,0.00423502540308629,-0.016666706906639517,0.00027441013017859284,-0.002592920924711195,0.022026435559725943,-0.009926435965369906,0.003968076371038798,0.010238779382430119,0.005259141483481056,0.008472615364174096,0.004042258574833424,-0.0011153291623740014,-0.000624068091684804,-0.002737072928808537,-0.0374794688590141,-0.009565776497123535,0.0045316941826762935,0.0037063292320609342,0.0194521582877345,-0.0002024736637609159,-0.0007787226889602872,-0.000810548203307615,0.015127364545229893,0.001357293227955525
2024-01-08,0.0065898435509350595,0.015918007300852688,0.0,-0.003755487456542528,0.0034195321459493666,0.004398761059015266,0.0018401024152518985,-0.005215032552296273,0.0035842431124375462,-0.001265527179358794,0.004760442559091249,0.005511918032763186,0.010752812888183527,0.004618567623913661,-0.015061392598041845,0.007337744407708957,0.004106723393118905,0.01034490690158818,0.0034629420469751704,0.005656854315625015,0.0040969622911883885,0.010465318978834848,0.007407520423196257,0.007765712654998591,0.0,0.01634159499055121,0.003742810945490227,0.0040872960253253154,0.002541217403073892,0.011289335603462458,0.028846242018708557,-0.005795963271756799,0.009090856297989447,-0.008163079048911559,0.007265974937003428,0.0037735171136938916,-0.00024333563859979535,0.01695846010469304,0.008966437229462665,0.004289674236290564,-0.002628378103631368,0.04166662527455389,0.004956349843976637,0.0,0.017874170574038395,0.008170632698815128,0.012712012538503181,0.007129012482963271,0.00848284684704037,0.0043103455631581244,0.002042277571020268,0.007905135119626872,0.010135227789129786,-0.016442460440747486,0.006389876508737791,0.0055745203800190435,0.01842539434658863,0.009761383688530634,0.008234110476240009,-0.0024336450170296953,0.009865775435170088,-0.0075187509578173994,0.006950243300739567,-0.030919748137927527,0.0012139827621078236,0.0018181853293783856,0.010077404223924002,0.007843218735390733,0.009262342136004742
2024-01-09,-0.006504557539350864,-0.0010445864191119814,0.003448354916440355,-0.0021540029559798946,-0.0006390817063367527,-0.00013675059496043307,-0.0008164780878346933,-0.008519174784402339,-0.005714280264718208,-0.014301239315510417,-0.004211479998247891,-0.0042037901243262565,-0.010638419949045574,-0.015091527856371245,0.008450667465546458,0.01980415139693248,0.004090042519604653,-0.002417208111239799,-0.001725363062557217,0.00020823140975378962,0.005378278213461929,-0.0068138911025557025,0.00122504431108017,-0.007208583574865424,0.0,-0.0057054544005461505,-0.004972000254778508,0.0006782703230783227,-0.0007933250294440697,-0.0005875394815891832,0.0,0.006726540558923855,-0.00270273318814096,0.0010462616703421634,-0.017106425097349387,-0.011278155605911055,0.002681567289757547,-0.011781699519018307,-0.011693077884773695,0.0011646057703695867,-0.006689643423124392,0.0,-0.014396155691870582,0.0,-0.014790575070583567,0.007843185478590753,0.01882820672766483,-0.004356064605252508,0.0004069744443957468,0.01287553866850133,0.0012971079275783115,0.005882206216491159,0.003344475817046,0.009118553006072894,-0.00047047731597338327,-0.006775566267523403,-0.016447310318342567,-0.008397540318411445,-0.006352122503541668,0.008538630392517454,-0.006376213238465489,0.0,-0.00949099438564327,0.014947367648048049,0.0,0.00038874340461481083,-0.0051363912898813036,-0.011673272076829888,-0.004857244693982188
2024-01-10,0.0002976867711739217,0.0055768409567777955,-0.005891057157065616,0.001619066989562823,0.0004263562617083938,-0.0017794594504836336,-0.0014295261879304633,-0.017845265480993078,0.009339088629913839,0.0016528622488543032,-0.0038767486224043912,-0.0031240004852816083,0.004887673234204026,0.0037545192293082508,-0.004788418459174992,-0.024107072538255503,0.0061099010351317595,0.00427616186030555,0.002828412478159681,-0.005207241339446389,-0.0023980205705860236,0.005488443190911907,-0.0009175683018118885,0.008012015820967555,0.0,0.0013040370206289786,0.0,-0.0011298098101716336,-0.0017428335902900383,-0.0005880031738686453,-0.028037466475174244,-0.007126994668692155,-0.0117435451183876,-0.0027872999279744404,-0.008806910506902632,0.0,0.0031605154512039935,0.0038517994916273945,0.00567905196395313,-0.0021330301439603794,0.006734696138856355,-0.039999961853027344,0.00027052216070555524,-0.0013889824173981546,0.0025120805169818183,-0.017120573124573824,0.0,-0.003035439656544625,-0.00895033857470462,-0.0033897639730462448,0.002960697425825831,0.0,0.0033335432003307464,-0.006777136018034979,0.00799918139344502,-0.003410832391515517,-0.001114823197637782,0.003446475459696119,0.007305960148405566,-0.0016932678898365916,-0.00465713651066213,-0.01666675078930402,0.0015244900287245677,-0.010762073673910466,0.00040402873885803103,0.0005182301727715277,0.002655624950393509,-0.0031496590145716485,0.0015519725251933458
2024-01-11,0.00021244431889266835,-0.0035008382982054664,-0.0024690981264468004,0.0005387134974736973,0.0034086048206016795,0.005210544411860196,0.004295217506630866,0.01951546561814177,0.0,-0.0055006350897516265,-0.00748858683774456,-0.008000154891672606,0.012645597046196055,-0.007228399677161934,0.00842017142614071,-0.005946963968784913,-0.008097062463183757,0.0,0.0026637258779578232,0.0016750461527184068,-0.013498560507649415,-0.011735657611115835,-0.0006126373717880718,-0.003974014363329337,0.0,-0.003907118537187615,0.0037476822157520573,0.004977238308394805,0.002522005884891154,-0.00470572779354872,0.0,0.008972624277872043,-0.008226668091400158,0.0009781566109998696,-0.008038924856057506,0.0038022131647443835,0.0029086838916629887,-0.004019735300650584,0.0,0.0064130923387990535,0.0004053718670684603,0.0,-0.004867530706931356,0.0013909143730064244,-0.002028457652640814,-0.008181415264616354,0.014373809940121163,-0.009297956478317548,-0.004105266873037028,-0.02721102176669643,0.0033210698785324233,-0.005847808202728344,0.0033220378102207793,0.006065259354985475,-0.003034247246622934,-0.02457993348818377,-0.007812587899588275,0.001144902038536788,-0.013599333864192098,-0.010661464061753168,0.005615073210009092,0.032357561352022834,0.0006314117242594008,0.013741798639243186,0.002508668934470659,0.0031080914805403648,-0.0023108640112902146,0.009478732488817476,-0.0036609427442167997
2024-01-12,0.0025919339373481343,0.004208870498463302,0.0,-0.0021540029559798946,0.0021232835162507957,0.0020459970277246775,0.0,0.054785454660791544,0.0014234522290286211,0.012352451251330221,0.000891572506274807,0.0012472445327011972,0.004803161238400522,0.005804489250272216,0.0015904275712741445,-0.0009203838381162122,0.006122485150985346,0.0019872309273729627,0.00250048853930096,0.005852939950385272,0.009371988389353492,-0.003866369815839099,0.0006130129264161344,0.0019948840596732964,0.0,-0.007060645832813073,-0.0006223139944171452,0.0027013349708810974,0.0011609106914978184,-0.0005911308257779968,-0.0096153757981291,-0.0031125090915825604,0.01013828574658282,0.007957474023203792,0.0008530017965100445,0.0,0.0019331497392371944,0.003852579790308397,0.005176530616623598,0.0028960140397618073,0.016616068658748873,0.0,0.0032609298984827007,0.0,0.0019129124351668914,0.002660780032411436,0.012145667125248671,0.0013565997038624822,0.004671719450738632,0.0,0.011952834993168793,-0.0019606969129098983,0.003311145509841129,0.0037678209192788525,0.001755794431721247,0.0063795527463679225,0.012373526827486714,0.0031694186009600944,-0.004595410205560868,0.02179768184510622,-0.0019648939069233373,-0.017910521420816727,0.002589007759301376,0.002118001537279035,0.001412617013568207,0.0023235525608302776,0.001742659299113214,-0.0007823623196302476,0.0014879566870087402
2024-01-16,-0.0028394397862043785,-0.012123365909039618,0.0,-0.009713968136989659,-0.006779656272424273,-0.007078523234930301,-0.0048878967892929115,-0.016896048527854868,-0.00426435445940021,-0.00946998404313737,-0.009623737830643408,-0.010580122399760472,-0.013384407556105371,0.00536598659990406,-0.00754265430769907,0.002763789225943336,0.0,-0.004957890669155751,-0.001091189794379277,-0.029093921440673687,-0.01838432029368542,-0.010257744600027263,-0.005819509980944382,-0.018915042861292197,0.0,-0.022912921211669546,-0.01183068018304645,-0.007408868310725292,-0.002802694512599735,0.03784761078657617,-0.009708728874782357,0.0022300600953228944,-0.010036532512070595,-0.006301694068606811,0.001491573466078977,0.003787974293376628,-0.00554755229142645,-0.02412289103323717,-0.022471895940759823,-0.007508710276877606,-0.011162048152232207,0.04166662527455389,-0.020178819544523052,-0.00046302616030557964,-0.014380339507938156,-0.0018577270548104652,-0.02199989028972449,-0.007990318486404635,-0.0036926535278107853,0.007867152076932005,-0.008359114147465263,0.017964068392077204,0.0016695358645464342,-0.007507430307632235,-0.009581636759377066,-0.011727460978586568,-0.008333303502112255,-0.012116417238519861,-0.03324110202331165,0.009587672566585326,-0.017612776799941887,-0.019756812261484735,-0.013020796758591802,-0.006622591327551941,-0.0004028785056242601,-0.0027045626818450463,-0.007085188586007152,-0.009397081674969554,-0.004929137573291387
2024-01-17,0.0004675870448986874,-0.011921485795195141,-0.0004950608170363191,-0.009264251123534462,-0.0008533518124940187,-0.0023305889518980827,-0.0028654865774817573,-0.006365479672667096,-0.0014275843994948634,-0.004964137166258986,-0.008637844907390724,-0.00726114546601464,-0.003875656172046993,0.022004047280828054,0.0004000325727082643,0.013320996558771503,0.006085114039837025,-0.0037017799670389095,-0.005617916354822339,-0.004922978273881218,-0.02024210521852088,-0.003081243382236476,-0.0006162844062683748,-0.013191206789470833,0.0,-0.009703366364657517,-0.01764320609444603,-0.004071485011412412,-0.0028101767324381077,0.011395806599063807,0.00980391240220757,-0.005340288658470693,0.00479278333035027,-0.009059857043339448,-0.009787117396426015,-0.015094556188833042,-0.005578499308045437,-0.00917603479327378,-0.02059385437826844,-0.00310369036610314,-0.015722585764200492,0.0,-0.009398535433402744,-0.002315722724135716,0.0035114445765525026,0.004786080380551949,0.010224917257304345,-0.00891863397558923,0.006177232927312426,0.023417229326464284,-0.01466007306027195,-0.005882276051650592,-0.009999559894472765,-0.0030257475842128123,-0.005073069933633545,-0.00994221749794666,-0.014566006642549922,-0.009363591306109753,-0.021012392220029263,0.0030864451902163914,-0.0015819640583623062,-0.023255862887276546,-0.011433656451953933,0.007234287741762602,-0.0012097993152450082,-0.0021958737761517133,-0.00375993127556451,-0.002371506263983636,-0.0043201015883125304
2024-01-18,0.002931108852441744,0.0035487008410983734,0.0,-0.009901106421845052,-0.0008538161952166279,-0.0013744950403505873,-0.0004104599875449644,-0.01921830111625744,0.0007148126551423939,0.003141208538991469,-0.002722850686696199,-0.004847133870824805,0.001945763717634108,-0.0003449388443153012,0.006797274110993845,-0.00929292588974906,0.0020161031291552334,0.008859843636493281,0.0031385722243923997,-0.0012906456282573142,-0.017377830003841632,-0.008148511396182778,0.0,0.011054025057669614,0.0,0.015514301462797864,0.005131394016905544,-0.0013625837933692875,-0.00155511755823734,0.0,-0.009708728874782357,0.008053754298398497,-0.0020182197595456364,0.008369025258491813,-0.004512217567567034,-0.015325481079053849,0.0014635116737056197,0.0069930107085742765,-0.0004889571188153585,-0.00019463515902462536,0.0045052977594097765,0.0,0.006557655704928278,-0.0018570708565298633,-0.0013273024710390713,-0.020640481524519694,-0.016194260071351163,-0.0016872132925500605,-0.00532069802784807,-0.010169459679406745,0.00018610502393112682,0.0039447975309971905,0.006733599733743212,0.007587250659726319,-0.00011852977690240962,-0.007126681763687248,-0.0028423962532457825,0.006290250516744367,-0.005853645907496374,-0.00023664666350775576,-0.009295572691725873,-0.004761875852031139,0.005782994906179839,0.013237310561041271,0.0004038678155628972,0.00038861783905597136,0.00808457775626481,-0.008716293435151012,0.004202629384814305
2024-01-19,0.009149504060339764,0.0010607704886531621,-0.0004953060236411178,0.003333415417781538,0.0010681381629258357,0.0,0.001848204513570595,0.030045660023321208,0.0,-0.0025787677351259974,0.005278382282824623,0.005604057387974981,0.0038832925134357765,-0.0041890602699472534,-0.0023828785083342963,-0.012811676760077995,0.0020121601054452487,0.01104793422015149,0.0006257901767019458,-0.005384357380695426,-0.008842865339273032,-0.007365222426030771,0.003082956515007673,0.0002541774897584226,-0.020113455114816103,-0.0008041064411938859,0.0019143991154271234,0.0004548774715253945,-0.0003890675817688205,-0.005633872745957835,0.0,0.001775177435522357,-0.008272036266617322,0.0014895891823087926,0.0038849983484749995,0.011673110004341014,0.000974002478205005,-0.002815316800777956,0.009784636011580972,0.000389427043623769,0.00693175243687838,0.0,0.00027727207681427224,0.0,0.005134604059845449,0.001891586806728851,0.012345594899791479,0.004394306443311624,-0.0008229898382563494,-0.01455484733913781,0.011156564998998864,0.0,0.006689096234264058,-0.002259020317520899,0.0007114505366030421,0.00032622704354268173,0.0022804936029097167,0.0013229275236354976,0.002944024658921851,-0.02035986212543106,0.003198851007681247,0.003189773205354074,0.0017692159744477909,-0.0020672258355454165,0.0006052608767495027,-0.0005175995056186933,0.004445752250049395,0.0023980457454881865,0.009252336836149455
2024-01-22,0.004869070470254311,0.004238790497750555,0.0,0.0022148937840991145,0.00025628409391464935,0.0016511679322839257,0.0004097041570580995,0.01331636638934297,0.0035714421953474407,0.016805247135704304,0.0007244058242494855,0.0017185297080271056,0.019342141944751035,0.0060379789463713696,0.006369467356977854,0.0004635453916272958,-0.002008119447605816,0.0030819634282761577,0.0007818311563385638,-0.0073625550485934,-0.01149860224866417,-0.005137249933538146,0.010755877404448055,0.004575696467497892,0.0,0.006169531233693348,0.0019109402089854122,0.0015911579151086652,0.00019468887479678898,0.0,0.00980391240220757,0.0031016545174253896,0.013438483204737617,0.0,-0.005375099838092368,-0.003846167867306516,0.0009733708868731039,0.008658013239186246,0.0048450629105136755,0.0023345199046707066,0.003644456720711897,0.0,0.005958736672339704,0.0,0.01454410759704583,-0.008630291123047473,-0.004065050681617555,0.0026364282047559584,0.0037063397563874556,-0.0199826619832294,0.014527347249693845,0.00982301535013419,0.009966549464998531,0.005282956692229224,0.003555285980940237,-0.0003261206541658179,0.009101100905108739,0.004954681550478179,-0.006849289909680145,-0.004591649021310817,0.0059516683634335266,0.0,0.004194340285925913,0.008878226926209098,0.0008064981432691631,0.0009062147421983191,0.005103886501401256,0.011164309298648423,-0.00020187818847239303
2024-01-23,0.004010022793239143,-0.00386919704529598,-0.0004955514732708499,-0.0049725291823707884,-0.001963401470577497,-0.0023352798315472434,-0.0022535758128872097,-0.015644555611722066,0.010676129287826575,-0.003995813204051735,0.003980424697791918,0.0027733960437832383,0.006641574288299035,0.0034438171976292065,0.005933473013399526,0.025017488413187294,0.01006046011780204,0.0019555324074531644,-0.0037496595993254944,0.01047114443592534,0.0036100995872316854,-0.0031553727515901686,-0.0018264248323076604,-0.004554854834322497,0.0,0.0015996380803127153,0.0006356327369663184,-0.0021640536434223145,-0.0018543818649087163,0.0011333638162829285,0.009708728874782357,0.008833824116082356,-0.0050298559707034896,0.0009814434778283587,0.006269047923323834,0.0038610179906370945,0.00012202683305839734,-0.002239149969840204,-0.009643203084609975,-0.002329082614946576,-0.020375173656869028,0.0,0.0009646049410869662,-0.003255872218789646,-0.004502012322126991,0.010609527052582113,-0.006122520461992242,0.002517369070146769,0.01764220325698007,-0.0017728394572078532,-0.024469842244960738,0.0038910751579064318,0.003289539409798925,0.00450454799264377,-0.001180865772122286,0.0009788105087931154,-0.005073146315009103,-0.0032210580671135913,0.005911253528179783,-0.019179342732918103,-0.007924201753911841,0.038155865075373496,-0.003077865509035105,-0.00041913624268441474,0.00020135639142981887,-0.00025880619604690125,-0.0022543211625117854,0.005520422349269083,-0.0001122380784256416
2024-01-24,-0.007988079785171909,-0.00670904301645614,0.004462079932943119,-0.003331437087682909,-0.0038484535781224682,-0.0020657759031039724,-0.0018479537735742735,-0.027336116896463203,0.0014084829600224946,-0.0027352328775799295,-0.006307544917192542,-0.006049271163441561,-0.0047127289950585904,0.0014707309148866976,0.00825792737649289,-0.0029379594512684015,0.031872435216268924,-0.003205858866512812,-0.001411091394544095,0.01144223446441095,-0.013788949479064283,-0.019280613428168558,-0.005184841074999391,0.00584657301762026,0.0,0.011977706524328058,0.0038119693150002742,-0.0022833801529529296,-0.0025427163467309777,0.018675688696694115,0.0192307515962582,0.006567506685920321,-0.0027572671385682757,-0.004204198134586945,-0.013963546280345684,0.007692252882347539,0.00024444498250875135,0.007106716947483438,0.004868449064054703,-0.0017510517557528527,0.007413418324173637,0.0,0.005229793426470231,0.0013998073171086478,-0.008449832584994876,-0.008882880482392053,0.004106899970435229,-0.010658542141230076,-0.006181965758969343,0.0017759879988077376,0.01133413328118582,0.0038758810352459427,-0.00983605182739089,0.00822119296815127,-0.003901510901679228,-0.01434156946403864,0.005665820128376353,0.007847769569005125,0.001958902043677213,-0.024009930298685145,-0.005857045493269708,0.02450233557341175,0.007276900534049391,0.00824486537270408,0.0,-0.0005176395040066284,-0.010179308213932536,-0.005490114597942575,-0.0014795351671141876
2024-01-25,-0.0072135845804474075,0.0010309916233046668,-0.0004935947072488567,-0.0033426366321115397,0.004078053750265598,0.0046917487478566056,0.003908737510440741,0.07450981992741301,-0.003516187749362909,0.02834172623919029,0.014508580389411607,0.01425826011842024,0.0009471409847665591,0.006559930692816129,0.009750404022266013,0.0027197543261392454,0.02895748356013428,0.004684718931678988,0.006854051834248365,0.0006403640780856534,0.014792343463778002,0.024061077469061498,0.0024526666991178114,0.005812485877780382,0.0,-0.0031562573227805757,0.004430375991989699,0.005034515200494694,0.0033333891249405223,0.0,-0.028301861329449007,0.003479752634161448,0.006543963186600887,0.0013369710661221834,0.0032677493298416405,0.0038168902346626954,0.00586387762971996,0.006870941377140172,-0.0033914938346562007,0.00545698434257913,-0.0008176168169734543,0.0,0.0022179729154325756,0.0,0.009962059145772528,0.011949914260395156,-0.008179978947969513,0.010209501776221153,0.007437489526932017,0.006205727822812923,-0.0012860015944574643,0.0057915427339041425,-0.0033111124613806053,0.00667163598848175,0.0007119477981289979,0.019510518547581235,0.0016900176074727824,0.0014722673857006097,0.004887648987185189,0.0,0.006534532996855358,-0.013452923895369784,0.0,0.013167086142042095,0.0016118790891226364,0.002329782124841362,0.007467559555261349,-0.0031546265435126175,0.007320185392009737
2024-01-26,-0.0026190426811842915,0.0018111067769557287,-0.0039506135163484,0.02403582024482387,-0.000641227626539842,-0.0015106415340407908,-0.0014345464713735323,-0.015207002622423138,0.00564572500178695,-0.0014226206095174776,0.0007150655384311477,0.00137168569905044,0.0009460246494668034,0.0056903615997947465,0.006566235670065312,0.005877248310556471,-0.015009188705399246,-0.001531389888151713,-0.0017215031246392565,0.0004265802452902978,-0.0063899447805062515,0.0031518739259870365,0.0006118023497920788,-0.0007538361128212046,0.0,0.002110764755081318,-0.0018902731947801898,-0.0011382873650291891,0.0,-0.0049999608766754244,-0.009708728874782357,0.00650185689213334,0.0063179863209927856,0.0021081554774555755,-0.0010856076478695798,0.015209016473335613,0.00024264665028872479,0.005901810214866909,0.003403035207581784,-0.001938403041273351,0.00020455190968182713,0.0,0.004070893363090411,0.0,0.007606113071932485,-0.0013418729175039834,0.0,0.0008372552250675014,0.008590558363714695,0.02995605700816162,-0.00018415725181963882,-0.0019192867062748364,0.01328887423204228,0.005154652040433305,0.006879548159275828,0.00259490063342227,-0.0014061277616943535,0.004099922964183378,-0.007782063194626931,-0.023078869905376553,-0.0019155388025678954,0.004545333034978283,-0.00043764428185022464,0.0047879713611911345,0.0,-0.0010327674272835319,0.0029647474826062226,0.014240593971363014,0.0005350265306689472
2024-01-29,0.006819115315535695,0.006238939865050863,-0.008428362699599012,0.018559094573130208,0.003636190209550527,0.003989107556843896,0.0036938826036447825,-0.0024707157779910727,0.009122815048485444,-0.019764933188539002,0.0032156050145850656,0.00256800351573494,0.00945185507705304,-0.00967213072176698,-0.0065234014785864325,-0.0161799090774859,-0.00952390057340835,0.004461407219423785,0.0017244718082456423,0.006823044599975958,0.016881101361686524,0.007997669076636349,0.007029312644161623,0.008800566318068359,0.0,0.0010532628798871624,-0.0006313501167787283,0.0043308563512447495,0.0033224734327239602,0.003908287965632251,0.01960782480441492,-0.0073211986939534235,-0.010918908337016475,0.002945305691322897,0.0008695999509722441,0.01498132900801874,0.0016999974684672736,0.0009168325177983938,0.008720912428110905,0.0038842547180661935,0.014317895155699922,0.0,0.0016326277029719005,0.0,-0.00017715999413281391,0.0026874658002637997,-0.008247556642996479,0.002510575353184441,0.007719037235887738,-0.024807715754607718,0.007543754425243465,0.015384599949344935,0.003278649003748857,-0.00805857590368586,0.0050653938470406334,0.006470429306749681,-0.020557576949552514,0.005108208119512625,0.009803794036564728,0.01765317489861884,0.011515907657720481,0.05279039981688416,0.006350998079301284,-0.005854236213700625,0.0010056344386339955,0.0014220573212455623,0.0029564071578402906,-0.017160724958637408,0.005748005841122561
2024-01-30,0.003702054918754305,-0.0054956945685483705,-0.002499961853027366,0.004823115111795451,0.0012787167882111206,0.001781053605681704,-0.0004088654138724168,-0.008668628753493723,-0.009735767886549618,0.011941588405634418,0.004095355745051821,0.004269228719429918,0.0018723440407668601,0.00649471818869185,0.006566235670065312,0.020557318351418497,0.017307577391405538,0.00013886099567805843,0.0026604448694906857,-0.0057178677118324694,0.0017786108934891853,-0.006800754736973391,0.0012139610919896793,-0.0027418156568057572,0.0,-0.0010521546844141083,-0.0031586132708734116,0.0020424633085081023,0.0007789181888877561,0.010567439212213703,-0.01923075159625831,0.006507585406139604,-0.01011974778261393,0.001958093213663359,-0.004344033324980456,0.0,-0.0016971123817146605,-0.000732808878280089,-0.0038423407999618187,0.001354055992697445,-0.009477680883817619,0.039999961853027344,0.005433295755640666,0.005125838944831207,-0.0005306503219469905,0.0010719233539593365,-0.008316029783598688,-0.0011130674343954317,0.008187997376066347,0.019298215911325522,-0.0029218413875953253,-0.018939512460433794,-0.0032679345932502546,0.006646925117951286,-0.0030474054649946014,-0.0009644012796480306,0.0034504858625461488,-0.001375782497339495,-0.007766953075980743,-0.007397982394977798,0.009066302718226948,-0.01862461663636228,-0.0019586451899926693,0.005751891298118927,0.0,-0.00025819841284235867,0.005052560049600308,0.007142750588220892,0.002614114503791898
2024-01-31,0.030135385868062414,0.0014169114464561705,0.010526269495827023,-0.0010667540092692551,0.0029802429491239124,0.004239395821074021,0.0038861848534534893,-0.031855152012258414,-0.017556180057464288,-0.0030580906285320175,-0.010640314808073037,-0.010712643620751083,0.0009346398940226486,-0.0013099384692133453,-0.010360628689216833,-0.0011190885113645521,-0.011342116518491596,-0.012212081755664905,0.0006241906127757435,-0.019169500918871596,0.0015781804918646447,-0.006847204198299539,-0.008184272014709393,-0.0032490690427171565,0.0,-0.005529242091526165,-0.006970796182209527,0.0047567855930421565,0.0027248038318454793,-0.00935611862873198,0.04901967888289205,-0.005172425699413896,-0.002788135759248078,0.0016744652358033907,-0.004144756423543283,-0.0036901298822700213,0.0014573050725013026,-0.00604942581658674,0.0014464604784349966,0.004637049438451779,0.005293142399308337,-0.11538460127700667,-0.014860875178739463,-0.001390625781601762,-0.021363267894231375,-0.005890059780998103,0.0,-0.015320253179813559,-0.014016329247593773,-0.0077452008809263395,0.009890219788888599,-0.011582749745662535,0.0,-0.00807040078029353,0.002821602486133834,-0.004826214677847496,-0.01146133528745985,-0.0038898664205413436,-0.0009785242706444874,-0.028527386653932063,0.009820233199457462,-0.02481754638317757,0.0006541630032173007,-0.01021249330952767,0.0022099539725686235,0.002194879950467632,-0.012777589081922502,-0.014184286474333896,-0.009191382782756108
2024-02-01,0.005289231286453422,0.010682798032906726,-0.007936500427734305,-0.011211836214687132,0.004406696461157322,0.00603698053852697,0.0021636358569918634,0.025161320368068063,-0.0021443697971407216,0.012269963110292936,0.006632231627188512,0.007734607655342396,0.012138538591943915,-0.00024296087476038952,-0.01202021013479504,0.012771755516134853,-0.007648085417710115,0.011098697890656428,0.0035875309698349955,0.019109798205881656,0.01930265739706538,0.006032684127414534,0.003056175651936055,0.015295919207059638,0.0,0.014826625579633212,0.0051052637036095305,0.006650010537532003,0.004076099177111381,0.0,-0.009345896432088385,-0.0077989347995306435,0.011183605712977274,0.008290544388787291,0.017305346960940327,-0.01481471080054697,0.0033948384041251334,0.008115090891462229,-0.0014443712525021857,0.00478544402183001,0.008100389544996034,0.0,0.010148099632756313,-0.00046431587968009946,0.005065554597095678,0.016967433957647327,-0.0041927673375093955,0.008769439030960946,0.016872759809905657,-0.017345971799951343,0.007798350137227628,0.02343730363620189,0.003278649003748857,-0.014792967469466123,0.011840377859704265,0.018105384698078097,0.00034769226264530495,0.010087995105749092,0.013712124127231107,0.0029100691156551672,0.019616186607099406,-0.01796405471343454,0.00958820950757766,-0.0132066296423482,-0.0004007785112066786,0.001990065850146383,0.013155372047812808,0.00319739432731736,0.005976503845626313
2024-02-02,0.007001785024246532,-0.006369960748493164,-0.015499973297119163,0.002159755968409227,-0.005722851808428353,-0.008960130421167944,-0.0048879376612096515,-0.008810668346284856,-0.026504289724070484,0.014973282433610402,-0.00480761996971113,-0.006140166298432059,-0.0036900594717053092,0.003693301744698063,-0.009811630675106042,-0.008407190101751949,0.009633895456353736,0.0026397649277938307,-0.0026417928085067377,-0.013637365630827958,-0.020289663260043223,-0.019132077836905736,0.0036563690641919777,-0.007903284862776916,0.0,-0.007044169807308598,-0.00952377299614482,-0.010861175770923048,-0.004639611525158016,-0.010000145315205433,0.009434066238082961,-0.00786032372129597,-0.0009217479770528003,-0.010364344030180717,-0.020025776288788766,0.011278155605910944,-0.0033833524692279404,-0.012989469104099038,-0.009161082898892281,-0.00729756537413917,0.0014062063872861685,-0.04347822030685711,-0.011403792031515314,0.0032512391042289757,-0.006179931077445189,-0.002913164272771107,-0.00631574715912786,-0.007851963574691312,0.004311405345255093,0.0044129759226145815,0.006118303867499675,0.015267050590482834,-0.0032679345932502546,-0.010510462302728119,-0.0054454830041906765,-0.011432218633932734,-0.004983744065056972,-0.009826191690392783,-0.022222184701015668,-0.000791315732461606,-0.022088918319015827,-0.009146379595300846,-0.005806111300517558,-0.014359774519428159,-0.003008516487099433,-0.0030951753677751492,-0.0010473014203032927,0.0031873040980012757,-0.0012637250062147443
2024-02-05,-0.002130210357311868,0.0,-0.009649595170349246,0.003771489452797816,-0.005755703605964113,-0.007945329255532707,-0.004502715059425899,-0.01587294973839204,-0.008094231723067002,-0.018616045069119402,-0.013061489575130203,-0.011841324984964707,-0.0018520786418765312,-0.008375751944805776,0.004756312757951298,-0.024542498908233235,-0.0038168522231912805,-0.00374146586165236,-0.0031169425511325954,-0.002376265354503193,-0.020315637679926613,-0.021251729091391725,-0.003036003847195712,-0.007966040626195992,0.0,-0.012348871043852072,-0.008333287711601911,-0.008602697638833257,-0.004272518487853261,-0.008417330878819573,0.07476628017234321,0.0030810005027759324,-0.019372562386177905,-0.004537702309486691,-0.018237739165177125,-0.0074349716259624055,-0.005577353899995585,-0.012789553194533454,-0.007786051000408967,-0.007545257190161303,-0.006218641981804551,-0.04545460949259217,-0.005273172885515431,-0.046296179774805934,-0.014489302920904557,-0.011420860171728164,-0.008474597078987123,-0.01724145092306606,-0.02003386633738169,0.023725892348722244,-0.005902326649806389,-0.007518627404297429,-0.0032787538198933985,0.0037936253298631595,0.009552707510953828,-0.019595175995898217,-0.008153787962290271,-0.010086083543950797,-0.020751038511274578,-0.019799365861985052,-0.020193492386753942,-0.013846164651019066,-0.008488672855772483,0.00820392970805961,-0.0012068691956342859,-0.0024579549678268586,-0.011739904121355726,-0.005560085617162369,-0.00923320369375158
2024-02-06,0.010190239459841877,0.01232834114709136,-0.0071794558794070484,-0.009661826517854855,0.004717299169943123,0.004694975566917892,0.0030838316700390056,0.0,-0.00593471264263723,0.005189559568171909,0.0050759426560347265,0.003403949298209641,0.008348901172422263,-0.00996007056718573,0.002761329136709012,0.014638472171640382,0.001915684183494637,0.00459020974288471,0.002344785602660604,0.011693359552343852,-0.00020124008351463107,0.008625798928651562,0.0009136709908827978,0.003011252998545766,0.0,0.005054460964832641,0.0019391488454110206,0.0052520630160382,0.0027307290863518574,-0.029994446632617744,0.026086932184114398,0.0013163479341333773,-0.0028220530335162364,0.004277934746928613,0.011862094282718338,-0.003745251571890651,0.0048766996258284845,0.009200155062690563,0.004413970665882561,0.004288618593946136,0.012111380273476469,-0.04761900436850974,0.0066540165791495465,0.017475694123377794,0.0041044014973383725,-0.000268799575931955,-0.006410213324343217,0.00719029269396243,-0.001061961695370206,0.0,0.014393669326302927,0.003787792704176063,-0.003289223926974505,0.0030234606410239895,0.008885419678943407,0.0036041074013350993,-0.0029359849103435254,0.008052576791752974,0.0110998861744398,0.003231859101340273,0.009773545102082615,0.015600721916665172,0.0052548007414154885,0.0075758941897829946,0.0010070522386167458,0.0018153736962884803,0.006342661455616572,0.0,0.005622960162105617
2024-02-07,-0.0021530069966689824,-0.003235964475437725,-0.003099244390464162,0.0027101870019072827,-0.001707375452634996,-0.0019241912027537778,-0.0016396093918771282,-0.011612854060463307,-0.019402931537996326,-0.0072991749245049364,-0.0018037496521834395,0.0004154091002908089,0.009199689608797357,0.013216345517584438,0.005900794705136603,-0.016456150900431066,0.0019121291832879805,0.005954034048756274,0.0010916954505568732,0.00321056113213003,-0.005638447735463847,0.005603065151222664,0.0027380302128425793,0.006504947482523171,0.0,-0.005823144910178102,-0.003871060426641759,-0.0015903403531967175,-0.0006033575809654135,-0.006417569177073479,-0.016949137131806236,0.008764496553297807,-0.02405675241435623,0.004539590375853164,0.0019906695352138737,-0.015037648785771074,0.00024282934762531738,-0.0024186059161476203,-0.0014647227965307597,-0.0013588613592957488,-0.0007977989229486226,-0.050000011920928955,-0.0025780796136123385,-0.026240473790512198,0.03215154357815275,-0.021768370489691824,0.0021503648463827574,-0.005140038271995051,-0.008371985288536998,-0.01896548120656305,0.0031925872640634623,0.0037734994704128333,0.003300078624547398,0.0030143468818681907,0.003545495979151214,0.0009794496814603537,0.007067112721133473,-0.0014672269681621497,0.0039920289901880235,-0.029261749062762132,-0.004839603735236064,-0.009216627853810944,0.0012197744981459202,0.007379187536718845,0.0014084378638745676,-0.00025868635953008035,0.005459537645801982,0.0007988109726884129,0.004054209914551965
2024-02-08,0.003236478656194919,0.0008029353704124276,-0.0051812682939942345,0.0005402123308198004,-0.001282501708931738,-0.002616493147336141,-0.0022584156722735838,0.0052218406596253875,-0.014459705410446833,-0.004662815524422825,-0.0007228921350516115,-0.0010383385566705705,0.0054692840165671,-0.007105867524957676,0.008994944390170678,-0.012147498560454495,0.0,0.0022021307137611856,-0.00031128207441366573,-0.014721502151484045,-0.015390792021213295,-0.010263900932082848,0.005764895422740723,-0.004722959801491844,0.011842202340744734,0.0007987543032181854,-0.007771937716839483,-0.003412720517771195,0.0004088631208076787,-0.010569735716436823,0.0,0.006950347465175755,-0.008216396496875,-0.001738227510638568,0.0019868105314382323,0.0038168902346626954,-0.0004851227626038179,0.0029838878743033703,-0.0029341480659440533,-0.0036927928268304377,-0.012375222447054246,0.052631592156154205,0.0024748687138991254,0.0,0.02878608455942433,0.0019230536401464438,0.0,0.0010952520098952423,0.0018760886241206975,0.010544732059363016,-0.01644270178252949,0.013158088288573566,-0.003289223926974505,0.007513069961583518,-0.0091177282280136,-0.0055446331326944875,-0.00292396630103009,-0.0037551424325252825,-0.008946270712269166,-0.007743329106150831,-0.005814396014319323,-0.021705484780566553,-0.006656712890231287,0.01865935834725896,-0.00040200139204260577,-0.0010360797659829668,0.0015095601834644867,0.0015961454105182238,-0.0019967319139090334
2024-02-09,-0.004341251135321911,0.0031391571259689055,0.0,-0.003241323069278046,-0.0008562459215110119,-0.0008284107536089547,0.00041142127532056705,-0.014285585665025913,-0.0023165817307370107,0.001081099225533677,-0.0011774687794717797,-0.001925936445792975,0.0013716690542033838,0.005343090280802709,0.0034883459297070374,-0.025754146830463287,0.005725116900179961,0.0030213303725719065,-0.0014027489360506351,0.008012124617187588,0.00946105714951151,0.002666681797122372,0.010859253522385481,0.0004995451155258568,0.0,0.002128172080423152,0.0019582714483070696,-0.0004567328735120002,-0.0007783255088237295,0.01780413552307203,0.008620681681899223,0.0017254853986024,0.04483414633295957,-0.002437521988399305,0.007270303493135399,0.0038022131647443835,0.0012136046683053348,0.001115731720175983,-0.003432772093305947,-0.00039013452080849387,0.007477804590137138,0.10000002384185791,0.005376602039852019,0.0004900227504753829,0.010801446060126896,-0.013709749476645716,0.02360515250177908,-0.001439544401752313,-0.021268094804157478,0.0,0.003415441623667581,-0.0055658974271557415,0.013201369577997557,0.002237120832773387,0.003680814186965975,0.004591600574904264,0.004105557332729992,0.0026221431451780575,-0.0020060569273265827,-0.019788263044419607,-0.0020206831832785266,-0.01743263869091405,0.0019057017792525333,0.0006787945456001587,-0.00022195285795501007,0.00012983113837572446,-0.0026809235064484405,0.004780805371003005,0.0023345284445432934
2024-02-12,0.0003200126092237632,0.0014255935416798149,0.010416606648103066,0.001626087305066859,0.0010710703261231913,0.00027659174369687456,0.0010285062624222352,0.03227931479614665,-0.020123856605766877,0.009539175850453052,0.012516014265121278,0.0118741822177586,0.009132601395382967,0.0084352982738356,0.0,0.01143135623319691,0.003795017680262358,0.0013697617465557865,0.00046802056764927435,-0.01181530224616989,0.014058745878607004,0.015957354566076942,0.0020887826325874936,0.010983585960475217,0.0,0.005574744516957608,0.007166136774041654,0.0013702560322970125,0.0013630910279358588,-0.008746405281514269,0.0,-0.0008612566135900446,-0.014925264628928403,-0.0038396920632893794,-0.0030620021954372856,0.007575785392892831,-0.0007273637153800694,0.008358102432517445,0.00787377162268399,0.0005854706219610151,-0.0068205103739652495,0.09090911061310525,0.006793661296309983,0.0,-0.00125039717582065,0.010842303301757283,-0.012578417706991307,0.008936518336112975,0.004509867222966868,-0.012173960587750665,0.003941275528708488,-0.0037312585397381026,0.019543837923632346,0.0007440918793260032,0.0013750507272551893,0.010120936887540566,0.013434653548411113,0.0029421281715675818,0.010552822363490533,0.02246235304683375,0.001172224073769712,0.014516140426601876,0.00465689415288395,0.006372745752942333,0.0008075411897459084,0.0005182963412442287,0.006929941007109308,0.011102335461997903,0.0017298102521208225
2024-02-13,-0.0019195888831607943,-0.01253425937440178,-0.010309219563065741,-0.00487028017424318,-0.007917722138344296,-0.008703060997979573,-0.0036983006801353246,-0.02807921335109298,-0.00868875655632273,-0.02014623650066827,-0.016660781132734837,-0.01568647204795992,-0.013574666772703248,0.0029493216505120934,-0.00308993867905194,-0.017424251238452593,0.0,-0.01285415617787955,-0.0034315313548050064,-0.03217390731791958,-0.011653727162649785,-0.0055264673790851315,-0.014294057243275149,-0.020987809120390888,0.0,-0.016895346395529365,-0.019404975349340603,-0.013457970816958542,-0.004861024830238758,-0.014117538449520795,-0.03418800283779255,-0.00603451103610797,-0.015151705792618597,-0.009881506108287974,-0.015357510747160297,-0.018797141965631092,-0.007278095526336292,-0.025234862947390302,-0.02783195931035487,-0.008582174435417755,-0.006261270340672254,-0.041666724615624595,-0.02222213628448433,0.0,-0.017642733990433257,-0.006325588875764843,0.006369266298250631,-0.014000065285699859,-0.02068008430406265,-0.009682994347993579,-0.0087438081841692,-0.013108695343030052,-0.006389698694452606,-0.004460935242915243,-0.006294393274010268,-0.016806790002886318,-0.012103822698022015,-0.01580841987406212,-0.028443641163534816,-0.013904338507502834,-0.017134849487490555,-0.028616776211260908,-0.013601585178497522,0.004850402934843734,-0.0024204159417245963,-0.004274396630930433,-0.013764076858785779,-0.0007844010260139589,-0.011801311252797264
2024-02-14,0.005248724986684605,0.014416271390168767,-0.0052083529945868845,-0.0038063541893218478,0.0034512247266507146,0.003762938839629415,0.006186826524930522,0.02232433467355932,-0.00398407888246699,0.01692140693249833,0.0036437051927178388,0.002618240157664431,0.010091804174371388,0.03736195383791108,-0.009686181373649294,-0.01941046495025822,0.07750480046156061,0.004848645855367595,0.001408633085647315,0.005166252299751761,0.0,-0.0020474609605077854,0.00725069994794203,0.009836119036566338,-0.023667108525573632,0.00751871288567485,0.008575220094727998,0.0062429146099687305,0.003516884955347299,0.017303087654723326,-0.008849549119871458,-0.010841359531288064,0.018269398913447477,-0.0038929604384659866,0.005124618095066369,-0.011494213977835788,0.0019552440396797266,0.01832956378097017,0.006529571207268159,0.00393492023381703,0.014227679869664778,0.08695654427396815,0.010171697181682982,0.0,0.015352621754639584,-0.05452543832776546,0.00843907303388769,0.0014489031315534362,-0.007918806829588343,0.026666631625331005,0.015481586469281439,-0.01156060462732178,0.004877778507614838,-0.012696051607907988,0.0077162152267133965,0.0019724221979426915,0.02275395481709319,0.011756837049538449,0.0123861580966389,0.001974046718316691,0.005089206963580839,0.0147298601799144,0.008052866948100146,-0.007374788331079407,0.0016174412290965723,0.002211417610093802,0.005920786831837832,-0.002354654308923343,0.004436517792162142
2024-02-15,0.004583425238589456,0.008318901908697773,0.0,-0.014192112366001819,0.002149773670780286,0.002776135245275313,-0.00020503445361652606,0.005198225116341382,0.008799972534179634,0.02147079803716645,0.016336923749262988,0.01723545748748556,0.00454136279011208,-0.019332650432959064,0.005086094661209906,0.008797628497470233,0.035087663754270304,0.006892905110701841,0.004689036384347922,0.008938569289206555,0.015247121750394887,0.02168815841142968,0.0041992221398581275,0.0017484079043408318,0.0,0.014125811075158756,0.017004621814766807,0.0036762276618111933,0.0015577843989351692,0.005865056958317627,0.017857125751218117,0.003068844164103801,0.009159732068291238,0.0056137809664489335,0.006650434976868125,0.011627867171207562,0.004146404734869824,0.010948233582884992,0.01596798213379569,0.003135143020188913,0.004007873226585357,0.0,0.010508456298719882,0.006366159548456984,-0.006732825388019115,0.023712100034615657,0.0020918818612634116,0.015335587895574765,0.0028006990979276836,-0.0103896994852678,0.0056726844060530635,-0.0019493396482574976,0.009708816323332314,0.003782146777185913,0.010742939194199552,0.018700734068357816,-0.0022819128085206364,0.011620356208868143,0.013144551057024723,0.02336059272645752,0.00517144460188379,0.05000009452490839,0.010286716057034795,0.011752081100924627,0.0010093843135250413,0.00129791952236058,0.008408939546125982,0.0007868695998864972,0.009591669373726353
2024-02-16,0.0036501624138880473,0.003437623039658,0.0,0.0033222770918979183,-0.001930531076155817,-0.003184198031113472,-0.002255008547908388,-0.012281948813784416,-0.007930168954640604,0.004203883372838835,0.00035693541150028096,-0.0003421760641501015,-0.00542508187986368,0.005876333319168481,0.0019462852390184082,0.004118328898273349,-0.03050846615192826,-0.002601308464711294,-0.0009335221795769844,0.01063116781671325,0.0018021167578157193,0.0014343892156423177,-0.0017920567644302832,0.004736783578062065,0.0,0.0,0.0032154215924933283,-0.0034341011017832157,0.0,-0.023323610542755557,-0.008771921569070362,0.003059455172951031,0.005894695718267284,0.0055113853499015875,-0.004844893391109717,-0.011494213977835788,-0.0021861218044331165,-0.001835536923668113,-0.0039294568595918955,-0.0037115491523596056,0.0021956606053612493,-0.039999961853027344,0.00027155048685911787,0.0,-0.009191297207799876,-0.004575450060929853,0.00626300592486051,-0.0025647555886991746,0.005166844987379626,-0.013997997884068747,0.005464499389153277,-0.005859552485487418,0.003205288939504003,0.0030143468818681907,0.008141120868748741,0.0006442404495137222,0.0041165996333221155,0.001294382009160433,-0.007485062430964251,-0.01897696451660147,-0.005787689311483768,0.0015360888486677382,0.004332427123216576,0.005073520150506328,-0.001008366484213541,-0.001814561102699619,-0.005837106390389701,-0.003144706169957323,-0.0011047875959219189
2024-02-20,-0.00011864619835966206,0.0,-0.018324626936096156,0.014900552396904354,0.0019342652353020462,0.0012503211227417044,0.00020528954090281992,0.0052356472613344085,0.0231814513626869,0.01726847170265744,0.000535684915428547,-5.144854852345837e-05,-0.0009090773750550785,-0.0059831564439459806,-0.003496554889052539,0.0171290940117923,-0.038461538461538436,-0.002470972269422167,0.001401526059485736,-0.02279199307463675,0.0029981249584631886,-0.005156027395789797,-0.009575168914127463,0.00744412313016074,0.0,-0.00867283904075844,0.0019231228871852135,0.001608147387518244,0.0005830926367387246,0.0,-0.035398196479485944,-0.003050123456962539,-0.0009302035930079944,0.0032805562103987995,-0.0022127272959713284,-0.00775180012141774,-0.001217359425868536,-0.003126150935707228,-0.0029585399740116314,0.003333415144238794,0.009559859176380359,0.04166662527455389,0.006514778385092734,-0.002433018287621991,0.003594661648215647,0.023269145030060168,0.008298890584549579,0.002285464162158579,0.016810229515085373,0.03371762297465275,0.005084272871611395,0.0,-0.012779787600713743,-0.005259291276029532,-0.0023552595237896767,-0.0022531026826324574,0.013551963118473509,0.0009692794612585764,-0.00150821110764221,-0.013736974738510876,0.0008622131214290896,-0.0368097788008972,0.0073341742843144875,-0.003729638413812131,0.001211143089989708,0.0015581196272151931,0.0010483042915245822,0.001577164041575152,-0.0017472697558525985
2024-02-21,0.003874450243092964,-0.0006851560184235606,0.0,0.0,-0.0025741591537730146,-0.0027747319684655603,-0.004313784637795082,0.0,-0.002343729103450043,-0.01748978270711199,0.0076731186598237855,0.0083549630534403,-0.007279446262586253,0.019005477848951235,0.0007797906240323282,0.0104364981618974,-0.016363734238379557,0.0027517977551749784,-0.003265606887776329,0.0013456405841107966,0.00856926503399702,0.042614445177907134,-0.011191649251872327,0.00024642822694742605,0.0,0.008218401672415165,0.004478429367216652,-0.004488349990796836,0.000292442574679308,-0.005970223120286944,0.018348605792718242,0.003933685254413399,-0.021415078403989263,0.00401702320570041,0.00798396521300515,0.019531068229699633,7.401881757829187e-05,0.0018447531437886244,0.003956459371139864,-0.002540456016877024,-0.008680191110990054,-0.1600000381469726,0.006472500805420278,-0.012195065170311659,-0.005603638447058357,0.02161728297687593,0.006172797449895739,0.007981811756641921,0.00833445148117562,-0.008583652138544728,-0.011163509113231385,-0.007858523913782056,-0.006472305527273847,0.005287097662642237,0.000562044933189787,0.013871047958552651,0.0028090956967914416,0.002259999321664319,0.0,0.007106310341993272,-0.007108882789456761,0.01910816200051424,0.0006421663747240292,0.0028587343159061085,-0.0006047126304991046,-0.0007781148600071175,0.004189245858491786,-0.0070866086201267775,0.0071125129139948395
2024-02-22,0.003308158062160116,0.008227575573470647,0.00799997965494792,0.003262723112132493,0.0007527488300040908,0.00041748725879364734,0.0026821234772693714,-0.0039061643291661285,-0.00783088315466196,0.001919765738676471,0.00017705897254272074,0.00042444683805076266,0.012832391193379422,0.013953397538531531,0.003506011687121502,-0.009389738419608551,0.024029790473061308,0.01660535976556532,0.004368408020354986,0.020156691159699758,-0.006915617524201223,-0.004971144389055326,0.006118110247148367,0.006402330949060175,0.0,0.016565918939966284,0.004458661472822367,0.00023116541979462113,0.00019461522950625643,0.003003161225522799,-0.027027000903735332,0.00043531512002070727,0.006279633887583236,-0.0007017532253048575,-0.00021991133205678803,0.007663029411453914,0.0034304395342514837,0.01031110720670525,0.006404024517641105,0.0009796620247219945,0.008955247729667937,-0.04761900436850974,0.010074840265931195,-0.012345825756270856,0.008772392773019444,0.0005493951413346743,-0.014315019586604194,-0.001131213134674569,0.004471585439594028,0.012986911036758197,0.010054598436058937,0.0019802206289316615,0.0,0.0015025690545520387,0.011685424886132445,-0.0060452465212659234,0.003361332403938322,0.009099623501519716,-0.00906345690852639,0.005927154464121731,0.004881705307356654,0.07343753599583902,0.009565747473985864,0.0035290707739061844,0.0,-0.0005190759336686224,0.009073968231536611,-0.0039650483513812285,0.0077883172284018976
2024-02-23,0.0043570002280546305,0.002652205410149655,0.0,-0.009756088149043829,0.0026862401615459497,0.003615008267844111,0.0037037111352786756,0.03267972560154231,0.006314121801446415,0.0001741005671889173,0.0030099746484029133,0.0035643521932429145,0.0009050682360083329,-0.0001834223520255085,-0.010869595624963813,0.005924080266652254,-0.02346590958253314,0.0018916286797940884,-0.0012475416745169055,0.0072447823473738016,0.006167935062787677,0.002775506415908291,-0.001216325254765005,0.0002448002229935575,0.0,-0.000517317584812993,0.0006340865541025753,0.003698747713252848,0.0023366649345466506,0.0071855122280635175,0.009259250061012025,-0.010879188346334945,0.004160619582237235,0.003511781844302231,0.0,-0.003802376979102684,0.0024416231620343343,-0.004373903898248543,-0.007342246981981715,0.0021530010712678127,-0.00019728442811228764,-0.10000002384185791,0.001963287858213203,0.02500009337374265,0.013303356192031046,-0.009887406742560612,-0.010373527359959445,0.0031145317957135266,-0.002023559387691498,-0.02136746809132173,0.003842227328598069,0.00592880849226507,0.006514469162038461,-0.015003745551946723,0.00610835349616945,0.004801559773878417,-0.0011168066224322981,0.000542671677857598,-0.009146420274897094,-0.0014028966867790649,0.01338657406542798,0.15720526801539259,0.0028404450493646483,-0.011632667444108846,0.0008069680634359422,0.0003897230335510038,0.004444351262775426,0.010350265054045238,0.003034744961811997
2024-02-26,-0.00906709937603456,-0.0018312852623463272,0.0,0.012589095476132961,-0.0005788569031685009,-0.0018008236704529779,-0.0018449388418891877,-0.009493660618683064,-0.0031372519100413276,0.017763994679350414,-0.009532458647775965,-0.009978001197555764,0.0036165822234410783,0.006790261405762887,0.008241801191961162,-0.0063603814689675575,0.007393934036572514,-0.0028320857650342424,-0.0010929706746299894,-0.005230964759897594,-0.02175196589437267,-0.013838893545052522,0.0018266797320212191,-0.001223000864548851,0.0,-0.0005175853408114772,-0.0082382976723685,-0.00023016509226891912,-0.002331217659985785,-0.004756146059302191,0.0,0.009239200536246273,0.0032013094439531375,-0.0006649468485773191,-0.02156704416697164,-0.007633533809895843,0.0021924947108034054,0.001647447184651707,-0.0014792699870057602,-0.002734303598122323,-0.005129200409702439,0.05555557027275215,-0.0017475423600101792,-0.06097562950597857,-0.008695614244591865,-0.0024964184071538664,-0.0083856503694818,-0.011290009405472201,-0.009326684393419549,0.0034934512099475956,-0.007132967954124658,-0.00392898156369903,-0.009708714028354715,0.009139387329948567,-0.0019868890290047903,-0.01242437365239446,0.006707750715152283,-0.0032859890299337113,-0.008615340046404851,-0.014048890077446141,-0.00298289567201504,-0.02641516520215792,-0.006362112883232296,0.009169347357538715,-0.0004032008096697126,-0.001298071793569222,-0.0038691977194025284,-0.01497239627528657,-0.005854919082477261
2024-02-27,-0.008834670199512118,0.004620478074863099,0.0,-0.0010811695252462838,-0.0015653723225049765,-0.0015264792418788753,-0.00164297682900294,0.01405744361583805,0.0031471252346950696,-0.008384722026585245,0.005525062068722164,0.005808010265747621,0.002702662267269007,4.561029466620958e-05,0.005060279285464375,0.0018966278750274235,0.003669780780654941,0.0,0.0007815662953389868,-0.00021917121564007935,0.014756293345982385,0.01627849777343804,0.007900200274104652,-0.00024514021549293386,0.0,0.005696488874751049,0.005111921485656312,-0.0026493652905620335,0.0,0.0035839609992733834,0.018348605792718242,0.006974673573421519,-0.00882296474687394,0.0017161487493040362,0.0020242503610510276,0.011538503601919325,-0.001944528046838645,0.0016446641733589562,-0.0034567093134353355,-0.0007834875374586048,0.001586346397004279,0.0,0.005304466699640686,0.005194867349470833,0.004414501583823727,-0.004449603176941208,0.006342568960940875,0.003996776115771983,-0.0021832603084347424,-0.0034812894949493023,-0.002102612580331842,-0.001972633774048438,0.006535862643586521,0.00679248036919522,-0.0032076905502711472,0.017419349969594045,0.004997205885713507,0.0002720827333939635,0.00972488381170078,-0.000854909637116763,-0.007052090462791649,-0.06976733806151392,0.002297495318963172,0.007730046339118113,-0.00020163959193808534,0.00012995448809705046,0.0027892255076855665,0.004000041578795299,0.0013572814417024404
2024-02-28,0.0009948899468799066,-0.004565387019492051,0.0,0.001623136742046949,0.00042963840182297375,0.002223800218142058,0.0010283832265955972,-0.02331435742251775,-0.03137251910041361,-0.009490938014673156,-0.0024814557006862525,-0.0032269352724959566,0.0,0.006333979832863212,-0.007358616087719816,-0.0026029023869086343,-0.005484492547577102,-0.0008117381406552715,-0.00015617807211343315,-0.008327832018908521,-0.00816712334498726,-0.011322745209004115,0.0012057605812390015,-0.0031845968484640608,0.05300740692853467,0.0030896220067295754,-0.005721555385361898,0.0026564030726603516,0.0017523013607865234,-0.0059520965097633605,0.0,-0.00303040364837881,0.009469702698095439,-0.001398314896340791,0.021773453549117416,-0.003802376979102684,0.0012178022212394612,-0.00711556679621006,-0.007433001066478484,0.00039205093575156447,-0.007919245137335551,-0.052631592156154094,-0.006569297684390629,0.0010335182470981863,-0.010616990242003133,-0.007262389638735933,-0.012605188643643683,0.0,0.0008205140113364262,-0.02183391943414814,-0.01316946569070887,-0.0019763071048336522,-0.003246506008714678,-0.00374812442454886,-0.0076564366445092125,0.0028535709429495792,0.007182294873150807,-0.005856109514999708,-0.013934510374288167,0.009412378877110328,0.006348797746621004,0.01388888888888884,-0.0018677683446312043,0.0005380077149987894,0.0018151223279683215,0.0007796256127350354,0.0004739983141219817,-0.009561711259338468,-0.000437296726045755
2024-02-29,-0.0017092615541480782,0.0018685126511976957,-0.002645462331730686,0.013506329628293567,0.0015026467967953483,0.0016642911322564125,0.0014385747455147868,0.0,0.008906854516562923,0.0015679328632176581,0.002132097989199444,0.0022150545587100723,-0.0026953775720091055,-0.00221882039286736,0.0,0.011625137867397717,0.011029268842367435,0.0013536776536651196,0.0007810779137513713,-0.0046409605713941815,-0.005021210169342871,0.0011171968481982208,0.0,0.0017201761629341838,0.0,-0.005133543031350496,-0.002557561447801171,0.0023034190480553107,0.0007774207879449602,0.0,-0.018018000602490147,0.0008684489798616024,-0.005628461272074392,0.007421742074526838,-0.0008788650979290047,-0.0038168902346626954,0.0017028076890328592,-0.00018368228293241806,0.0029953622633602794,0.0017633754034183102,-0.0013968694923917058,0.05555557027275215,0.0035056513021973768,0.004130019005757379,0.002538577926471719,-0.007315815858394248,0.0,0.0019903749412291116,-0.0016395731965843652,0.0071426830396124075,0.0010675111083904287,0.007920769470078248,0.006514469162038461,-0.0022573204269871194,-0.00704453453467524,0.004426111229167473,-0.0027427220664218988,0.004120102515071888,0.013092234777869471,0.0025430956241896396,0.007057634085930964,-0.013698630136986356,-0.0004252548666651146,-0.004034967043296311,-0.0004026296951766817,0.0001300502768382117,0.0053335250772761356,0.0016090879419587978,0.0047466115615881765
2024-03-01,-0.005734141917394298,0.003051935171892284,0.0,-0.006396439829136069,0.0040428975419595226,0.004193256248914867,0.0015417365339862599,0.010967657848816703,-0.04012841079207241,-0.02939644643284145,0.0008866827532330035,0.0013599753272992565,-0.0018019826380468729,-0.005173373676873871,0.007023045282595897,0.005393956290383972,0.030909104891197137,0.009192712632808409,0.004526074036700578,0.01176732590905094,-0.00847803299512584,0.0008459251159786962,0.008732483744270825,0.011531039406862176,0.0,0.013674105817973903,0.009615347381888961,0.003906993911578116,0.000776816874358488,0.0065868350047260105,0.06422012027451385,0.0026029125269693143,0.009433786590032245,0.011398548286829735,-0.0017589898353558286,0.019157243389289702,0.0007283855414066398,0.014519397319901373,0.008959560051519322,0.004827837109195876,0.018585165747247334,0.0,0.011194065279850118,0.009768584602320107,-0.010416128676081216,-0.004251606461048496,0.0021278411969640754,-0.0005677631884085654,-0.009579756007161877,0.005319194945030414,0.019196661682962635,0.01375272528162963,-0.0032363062061032677,0.006033164928059165,0.010360270946135897,-0.0034624277597337105,-0.0033003183356316024,0.010739081610257939,0.0030770162183291205,-0.009300958867391906,0.006230944856951526,0.041666580986202684,0.008083279920762854,0.009047997766634897,0.002215523612179693,0.00259104313921088,0.002478653281200005,-0.0032130058749068047,0.0017197809662556907
2024-03-04,-0.01397739601217629,0.010141902784909007,0.0,0.005901277869909238,-0.0027845628692377833,-0.0023504139850477612,-0.0008210492313174278,-0.010848673311819046,0.01254177408460233,0.01541226488628733,0.008680190662062826,0.007979738343394605,-0.0027074371253620333,0.009762304460659399,0.0,0.009563793327796999,0.005291036865985976,0.0009378941252777828,-0.0007766908469067912,-0.010752607422492066,0.017711782900285966,0.020005717395347622,0.008955299459938226,-0.005820928007774784,0.0,-0.011198995598240447,-0.007618965494780805,-0.0025181661139581646,-0.0021344702068712973,-0.002379577182032633,0.0,0.0030291796413755012,0.011215140406713786,0.007421541578019886,0.02048470707955774,-0.0037593312130255185,0.0,-0.0076087722819834225,-0.003453196691327154,-0.00175770303999212,-0.0013734504798299518,0.0,-0.0010466524886459938,-0.003054984544943462,0.00924631952944921,-0.00256179556803815,0.014862090035601572,0.007666098119175624,-0.011883540966477812,-0.007054676480327093,0.004708704292563093,-0.0019383380587699728,0.006493730407201692,0.002998454702933362,-0.0017833374950123604,0.018635568891428145,-0.001655623251589966,-0.003647359217575419,-0.0040900588578807184,-0.018207771737207668,-0.004022452718252301,-0.03600002763709276,-0.0006328164480833287,-0.0025426617219586056,-0.0006031040966739676,-0.0009092677690654138,0.001429944162797847,0.0032233625577418046,0.0012169978847944574
2024-03-05,-0.008935787823109997,-0.006526089033793814,0.00530505991756014,-0.003733516543751314,0.0038661112245443885,0.005405414564987776,0.005546594711804298,-0.01032260076325564,0.011560722319720274,0.0033532262520461487,0.002458865716078895,0.0028970139953643503,-0.0009049638692836259,-0.006550910389060083,-0.0054242305461629226,-0.007624675877206166,0.008772014876273548,-0.008163845497380251,-0.0013996132915476966,-0.0013309267929184632,0.007201339743971857,0.0019338140573796903,-0.012722369513747278,-0.0002440835202893732,0.0,-0.0030887257564767845,0.0,0.006426516509947522,0.0027224810230537244,0.0,0.0,-0.00776537545549727,-0.012939067761787548,0.0027286035974944944,-0.018778351454481257,0.011320713919100944,0.00266949616417822,-0.0029207024055051267,-0.004950496065271759,0.0039129832183537605,-0.00412571784846405,0.0,-0.002357622441591878,0.0020429680326052857,-0.005934852269008584,0.0025683752202945165,0.01046010202065939,-0.0005634201689298513,-0.009369357259672473,-0.0008880341727732777,-0.005033832381443726,0.0,0.00322576402102559,-0.006726410290911589,-0.0033496542446200817,-0.0006201457548481448,-0.011885034464612199,0.0,0.0020534945224419676,-0.01854533238992062,0.014241353127536494,-0.04564313299233502,0.001583483609292058,-0.001073367168569317,0.0008046240676369276,0.0015597058273106867,-0.0014279023421785997,0.0032127019008409974,-0.006338257066401121
2024-03-06,-0.000983606043340357,0.007242754723584488,0.0,0.0010706902045154454,0.0014975803893866324,0.0017919304477500564,0.000817191278277063,0.007822581844157295,0.02938772707569348,0.005628841249758265,0.004905312150192964,0.0049208667454863075,0.009963723738831476,-0.0009549244996859274,0.005453813286786069,0.008148962106936386,-0.01739137342840824,0.004722899202015851,0.0028031499089662404,0.011550449787517625,0.006554119612786069,0.011028235518265372,0.002098203687958211,0.016349700008527535,-0.06222623085703827,0.0028401549817476113,0.011516322964804537,0.0027365939240486803,-9.68719938819751e-05,-0.001192656532795544,-0.034482726727597,0.008695643088205474,0.0065541016936663254,-0.0020409173301245698,0.00043982143039711374,0.007462552802010025,-0.00024190339085716772,0.012266648863233476,0.013432859211395032,0.0019488254802593197,0.009863829534946689,0.052631592156154205,0.01260484317715549,-0.001529049238706337,0.010433495477006005,0.006262515411121772,-0.006211138253555126,0.007048212533961262,0.011010932459013967,0.003555556723600084,0.005931647438342624,0.005825531575737841,0.0032153919254389596,0.007524451429281154,0.004481186652883773,0.010549142797945166,-0.003636292597886892,0.010027024233205895,0.020491735875893147,-0.019781464129737136,0.0058683034169986215,-0.02608697673520388,0.00832731683775112,0.007387489026799754,0.0008035573806799423,0.00038958570784308755,0.004597495332838264,0.004803872751861782,0.004369057438080359
2024-03-07,0.007798324202844098,0.01638787892257665,-0.001055433084878099,-0.004812614994362141,0.0017092992241318772,0.0016511050492453716,0.0014287928459844057,0.0,0.0015860791679784825,0.0064719467130094355,0.003660972365341131,0.0030917264349856755,0.007175091321553806,-0.022924833841513115,0.006199109544514414,-0.028406452855994524,0.0,0.007520717212042616,-0.00015554150510332931,0.01207725859194908,0.013417590552375458,0.004363287186720299,0.0059807144815517965,0.005281895284836802,0.0,0.014418168576090462,0.006325085855461321,0.0009097084720057769,0.00164863482970512,-0.007761133896737271,0.017857125751218117,0.006896510052051497,0.01302344452952453,0.0023858170245392163,0.0021989044350001485,0.003703797375643747,0.002420656350494488,0.012660450153858305,0.008345628159292184,0.002723241749549743,0.0031255891383723533,0.0,0.007002177078189842,-0.030117387916290594,5.759396149329632e-05,-0.012875744842755443,-0.04166670978092324,0.001399708288818191,-0.008656731908950221,0.023029193298658823,0.006937219355393154,0.01158303158225138,0.0,0.002987332536731113,0.012380057034785619,0.004298430777519124,0.012914046483704977,0.010226911232057434,0.006024083467032426,-0.004819272401665575,-0.000937526306172054,-0.050595206948637395,0.00840455901375381,-0.0002665665050081145,0.0010039967762709434,0.0015568835734078856,0.0042710971750845594,0.007171308573836965,0.005589708932193904
2024-03-08,-0.007574343894690916,-0.002829842962721929,0.0,0.0032239049401265873,0.0008529724971495511,0.0009617529366552358,0.0008152763659559081,0.0012937229534046857,-0.030087103008529126,0.005213927570183685,0.0012160143900461495,0.002499218103896972,-0.004452497925583887,-0.0025757231365640676,-0.005390812310118509,0.004278522007834962,-0.008849443576013583,-0.007464578230067076,0.0009318294272280259,0.0023866619351615714,0.01662167735571951,0.0035297625270560573,-0.00208089332055994,0.006687278241106487,0.0,-0.01395948883566056,0.003142665299893821,0.002044842796544488,0.00048431617170874297,0.009025260815274105,0.026315764707210976,-0.005136912609217226,-0.017447297999617528,0.00714041534911547,0.012944242086593505,0.007380100786021693,-0.00024199840398997363,-0.00303625799886853,0.007789538681332697,0.0017457692658393587,0.0,0.0,-0.0005150225948444831,-0.0026316105605154183,0.00500634305695824,0.009855144973426766,0.015217308759695625,0.003913864295652658,0.011971705375150687,-0.004329027230873139,0.0015501714992078863,-0.011450401223252915,0.006410273944915668,-0.0029784349610634253,-0.0029744672539400163,-0.0018342134143070066,-0.007206182686518958,-0.0020122282210124354,0.0,0.013317149349781232,-0.0017726019160473339,0.031347964807340256,0.0017001717221907242,-0.005734919365931734,0.0008023582998284429,0.0010364862742962,-0.0011948026894914587,-0.005537892331412886,-0.0017304719269454205
2024-03-11,0.006972085701716146,-0.004124791221728263,0.0,0.01499732137969545,-0.0006392715940821692,-0.0004114481936048353,-0.0014255094486261832,-0.009043886697135295,0.0,0.011237798228387774,0.0077208166934086275,0.006644267360229383,0.008050072191735369,0.01779507181704454,0.006581487965738653,0.01798811308603443,-0.026785769133666926,0.0014774886419706146,0.0020169539032492967,-0.004112670343469738,0.0013577029808886643,0.006222990283033747,0.002681164265762259,-0.020165835965881396,0.07957613139669961,0.006177653826817231,-0.0031328198955173914,-0.0015874377614417678,-0.0002903391757945739,0.0005964182510462823,0.0,0.006884553585908559,0.016822322557388913,-0.0030385388071669794,0.0032489220123239626,0.0256409608968875,0.000483286063747812,-0.0014331068474361386,0.000483051886780661,-0.0005808556318600555,-0.010515976048325104,0.0,-0.0028603998193498237,0.002638554207632815,-0.006470050693715201,0.004018487386873826,0.023554840957229928,0.005569549911618177,0.0076549800682219615,0.004347849188405473,-0.008598419564315396,-0.003860937055032876,0.0,0.008215052802811096,-0.0038674558397010506,0.0024501321560488343,0.0,-0.006251883053232987,-0.0030938370012466576,0.008960550811301093,-0.0005223196654683404,0.016717410860147996,-0.00666792180353315,0.002414409252320171,-0.0005033537798301291,-0.0005177596776797522,0.0015252851537015388,0.00954639662767054,0.0033366747740291025
2024-03-12,0.002376239963682858,0.004506416463395446,0.0,-0.007387862541011203,-0.0023456118983377072,-0.0030206550762416073,0.0,-0.010430200058569983,-0.03428572051379142,0.014532408312741163,-0.0031130369822199855,-0.0021227136206213304,0.0,0.004520894517838547,-0.0011538631510757957,0.0,-0.009174296737449517,0.010191667169473506,-0.0015482849803875043,-0.003042867134547156,-0.0069727897097384695,-0.004840103905893067,-0.0026739948463334606,0.008232287088020263,0.0,0.0102328410427579,0.005656823724867754,-0.003633406719553367,-0.0013554928031487279,-0.008939262512941082,-0.05982900496613697,-0.0008545460007204353,-0.021139576476909894,-0.0018283872143227686,0.006908363097367642,0.0,-0.0016900635146949172,0.0062790838758337575,-0.0019314747733504278,-0.002325012981209129,0.002361761156678188,0.0,0.009070114892757664,0.01052633303300854,-0.009796980787911913,-0.010863410747473656,-0.008368451064176607,-0.0019385625317309696,-0.009116213942761187,-0.0337663100072938,-0.009019948729027671,0.0,0.0159235598259444,-0.002962991405877635,0.0051027389930276,-0.006416066469174031,-0.000558461339202343,0.005426227738095646,-0.019421307461496617,0.006216782319679259,-0.00836122453691246,0.06278025003695409,0.007319121708874166,-0.0018733842549679691,-0.0006041444088616954,-0.001035949455703844,0.0030865875923220543,-0.0063041825488154846,0.004837069001309535
2024-03-13,-0.0018800850824971516,-0.006102674399813601,0.0,0.018607184270164723,-0.00042739786953471803,-0.0016529179811434203,-0.0010198636817508877,-0.01712785848529308,-0.01775148262901971,0.0010111393252738576,0.004163865296396452,0.003340642378055536,0.007606553297293539,0.00739370434788289,0.015017395000830547,-0.004649878125016604,0.003703760175549853,-0.0011950821511020893,0.0007754406045701323,-0.002180036807308605,0.00331591786885177,-0.0005403315442649159,0.007149418822536946,-0.0012007773655186016,0.0,-0.0027854950841833537,-0.0012500732312218377,-0.0022796433513198044,0.00019390466539959128,-0.00420934825941377,-0.009090900224102638,0.0089819061616081,0.004694808928798144,0.006174249181960745,-0.0036448760461812446,0.01071432528047156,0.00024214241641962175,0.0008914249431295485,-0.004354077932661182,-0.0011654161786366357,-0.01708225486454895,0.0,0.00537774180574857,-0.010416683552831874,0.003084486805149833,-0.0020231502587285677,0.004219536516943956,0.000277298127978165,-0.0034848819476840376,-0.0008960798207805487,-0.02503071986939731,-0.0019383380587699728,0.0062697086488963105,0.012630025368328912,-0.004414595858467929,-0.001537461830194764,0.008379859075771101,-0.0002659451737687668,-0.011740730199965355,0.001765153151838783,-0.004848148302654787,0.16455690271757617,0.002200636004097589,0.014881451148143432,0.0004031461326348129,-0.0005183522232095061,0.0006479617081169842,0.01030922575265647,0.00047280818913231215
2024-03-14,-0.0039311114207297715,-0.009292990765417786,-0.004226092045237939,0.002087673913641508,-0.003848401002893187,-0.0059319098114037905,-0.0034707287329567293,-0.005361975976042044,-0.034423375427686365,0.0,-0.009156910206039925,-0.009573997274797685,0.0,0.00022804747815641235,0.00569037172670539,-0.01985523218206464,0.007490477708103294,-0.0019934922661146715,-0.0003098708470280487,-0.006991410768565354,-0.0097202845348483,-0.011354528835685218,-0.006211290284940829,0.0007212932233562341,0.0,-0.005840431204332974,-0.008135124749268363,-0.007082691672225971,-0.0009691782000680327,0.009750152605273232,0.009174302896359121,0.0012717919915052889,-0.01401855238081362,-0.002494906007352582,-0.009844805573011928,0.0035335056964944656,-0.0050776480932352985,-0.006412614826123431,-0.004373219531008443,-0.005638560467674081,-0.0005993435404789693,0.0,-0.006673472963145133,0.0,-0.008935297768974837,-0.006081694415269512,-0.014705976125918285,-0.01248262573867398,-0.00741363799696193,-0.01345289894367152,0.009694830456669745,-0.007889458894990264,-0.026771958260177753,0.004402023491452356,-0.0022170416349041044,-0.0073915101837139785,-0.004432117652410139,-0.008355803518792948,0.006198333983360227,-0.014096903171553987,-0.015356903749023987,-0.03502408962266468,-0.0013672831517699269,0.01320982855674857,-0.0014096467704407534,-0.001555863154753756,-0.008517426912766135,-0.01648337230857222,-0.006164601591195695
2024-03-15,-0.00476876108374058,-0.0073702046992893955,-0.0026525805515809076,0.0010416324011313094,-0.0019317222702083248,-0.0005554797723245075,-0.00020484223782124555,-0.015498688109971792,-0.02852055622840688,0.00016826789824864186,-0.0008718348339741278,0.0017559696425586413,0.0017759254702363059,-0.008705221760656356,0.003772242256226299,0.017874087614328626,0.003717600349235628,-0.006791829886807377,-0.0017050457053120471,-0.007700810541487857,0.012956512579802792,-0.0024609699283245634,-0.004464029922385482,0.0007210682901026555,0.0,0.004853056659782862,0.00126177219262269,0.00011530963777350856,-0.0003878743142486929,0.010863013237923047,0.04545450112051319,0.004233695874736654,0.03529390109453634,-0.005678853553519825,-0.0026514216060556928,-0.007042203844278894,0.0002432151712958852,0.0,0.0009762076194965719,-0.00019545767666895308,-0.0029981327204496866,-0.1499999761581421,0.005179790859605848,0.0,0.0008195568981443913,0.001456879889289553,0.021322015562053265,0.0022474024901648626,-0.0029593383345729585,0.0,0.0008890993779722134,0.005964036340196932,-0.012944617411009718,0.005113307071999085,-0.005110587508466047,-0.0006205305742494893,0.0006678698502797786,0.0016253012315550208,-0.009240127284497746,-0.005659774454459643,-0.00032266011135795303,0.0,0.0015350689309969745,0.0010429262493882874,-0.00020165039477493263,-0.000389625238756075,0.0004692764220812773,0.012769263961918131,-0.0029178957729601995
2024-03-18,-0.0009913023577585722,0.004049954766518926,0.0,-0.005723076673059935,0.0004299750018021964,-0.0012489680113217938,0.0,0.013004912054975115,-0.03302749259414994,0.017337209966288736,0.004711931265401592,0.0023373467361875733,-0.002659723297943395,0.006390808906253875,0.012401309113164949,0.014282446994552389,-0.018518640465503333,0.0014747961934029608,-0.00015554150510332931,-0.0026607604941389917,0.003100722604286066,0.003289537245475982,-0.002392277909948226,0.00456164130270964,0.0,0.0012709889748723224,-0.004410834337436387,-0.0019554716390973725,0.00019389437320738168,-0.014328328716769922,-0.05217386436822857,0.007166872798582524,-0.010416539949038461,0.004351170761456968,-0.0015506323782111808,-0.007092224586195184,0.0026723222650151257,-0.004481823734852619,-0.0014627823095592074,-0.000977883356328313,0.005212416373023165,0.17647055523618382,-0.0014937694255290346,-0.021052666066016856,-0.0032171817323626284,0.016002182414981636,-0.010438496823276577,0.0028026688654996246,0.00791518072812969,0.0018182274298430556,-0.0017766191649499774,-0.0039520814291824635,-0.013114993056207558,0.008720941183834707,-0.00290328144009544,0.0043041220947006575,0.006562117428958514,0.001307582905895055,-0.0046632859012046834,0.024865128514038215,-0.0030125841833321676,-0.10763457323151016,-0.003065259919516894,0.01328492009524429,0.0004035499977714796,0.0,-0.00018349769596670562,0.003940051962759261,0.0013003924135210898
2024-03-19,0.009427274111098782,0.0026891008398204352,0.0,0.002093015807373977,0.0017196018024199233,0.0026412288008499374,0.0012293883578893272,-0.0033783981997145274,-0.013282765069207891,0.004632723610381806,0.005905794025658384,0.0058293018429320664,0.0017781147044078072,-0.011558135814511816,0.0011135278249694291,0.005770918353543264,0.018868051120488394,0.006158953387219723,0.0015531142447522406,0.00044468689669940886,0.008500807253185805,0.005737592771517086,-0.0005991489909045189,0.002390074939480291,0.0,0.002284736424225775,0.004430375991989699,0.0023050118925003193,0.000776371249591179,-0.008479641240745295,0.0,-0.0016742050041058665,0.007655547976221255,-0.00426166782692361,0.007765676874275984,0.0,0.0012118131696154943,0.00252108868737122,0.013672061568750005,0.002740672672486122,-0.011766962187289787,0.0,0.0038688612087967034,-0.0026880928730732556,0.003814437117634295,0.01002323445831177,0.0,0.004191969713274402,0.013182015880604414,-0.0018149274789177605,-0.012279819799077552,-0.0039683199009787895,0.016611212862111202,0.0007204320667608677,0.0032476601702244867,0.009937985124250703,0.006077326431127572,0.001069889567156146,0.0005205554721094963,0.044723842003508985,0.002805713200969784,-0.07433377681446496,0.003760184968436997,0.003456454660329511,0.0012095743383984114,0.001688856290685603,0.006181199685314276,0.01020422813926758,0.0047626186421769745
2024-03-20,0.014705294292843174,0.0010056516990843978,0.0,0.012299560671724219,0.0017169139888604246,0.0018025922972462194,0.0020465753836322875,0.010847478929490117,-0.014423040772329476,0.015316141267116556,0.006562095870220386,0.006623602598880618,0.019520790596788018,-0.01266421858978084,-0.007044770793151467,-0.005049190499600065,0.0259258908661677,0.008782181924269716,0.0017056396972356946,0.010888893686828105,-0.008237472135259716,-0.006791395300493885,0.005997329420521114,0.008821937899286425,0.0,0.009878420511852726,0.006301304415165854,0.002759691275942666,-0.0005818267236528119,0.0006108773065323092,0.05504581737815473,-0.0016772645716714996,0.0056980100425740865,0.012355588420013275,0.002642081492871151,0.032142898907164374,0.001209620641980269,0.012035358699599596,0.011078979656560017,0.002342715835931708,0.007668948713403845,-0.050000011920928955,0.010020666398751654,-0.016172588446377367,0.0026308417497844516,0.0022681977882725857,0.006329071922012819,0.005844824443091756,-0.005259549452625523,0.02818198759656032,0.004324466753470757,0.003984130204156111,-0.0032676513145701858,-0.004319695814870794,-0.0004464208471208764,0.003074995964174043,-0.008786464163001328,0.010718456475307336,0.019250800901584153,-0.06295466967914598,-0.0003228337681824289,0.0,0.008961625966203313,-0.00798925943570139,0.0012081130358723158,0.0015564797523948126,0.006589148386098254,-0.006993098842102752,0.0069593252527235805
2024-03-21,0.00496522417431855,-0.0003348588950807807,0.0,-0.005811101870215163,0.0012852147478523701,0.0008302951225351851,0.0002045460758883788,0.020120772206212223,0.03317074659394059,0.0030819541901645486,0.00394578063647244,0.003948064848718902,0.004351289089670862,0.011562643020183172,-0.0026139542400288596,-0.002306939262751606,0.007219963521577943,0.006463663669873609,0.0007740651835539403,-0.0085733553763373,0.0003862284765512314,0.012855528626233514,0.0113399170654358,0.0015199755504060608,0.0,-0.006521227428681331,0.00012534649632423012,0.0017264615390744087,-0.0004861997842975363,0.0012209478647775551,-0.01739128812274282,-0.002368180389471286,-0.01888591110191995,-0.002022747102611633,0.0035133985673756474,-0.006920440500900793,2.0712484616325355e-07,-0.00035505900993781925,0.003400400433903883,0.0009739641192454407,-0.0014019052648369668,0.10526312157057616,0.004324552114268965,0.035616526510355184,0.0020990962424292103,0.007071973516868946,0.006289498089653067,0.0024904654223902867,0.004730647866376891,-0.023872664021197032,0.004293882452592657,0.003967762349077697,-0.003278876397215247,-0.0014460734334570402,-0.0005585181570066933,0.003985276457869835,0.002216173982036773,-0.003013146292642266,-0.004594253360646783,-0.000895867198879019,0.002153067495726635,-0.0030303778059806996,0.0018460462605405237,-0.003168997831742182,0.00040224631887286755,0.00038840886691082765,0.005256938060193006,-0.015732036858484566,0.007232327528726046
2024-03-22,-0.005382612431597766,-0.01005029678526792,0.0,-0.009564164071837689,0.0017116834708470474,0.0033193269638505107,0.0040838727488277105,-0.027613490372421,0.011331433789427914,-0.010834371448610658,-0.004442998259726938,-0.0039325389300032265,0.0,-0.0073581276350266345,-0.003369499241900109,0.006936442928464404,0.0,-0.003152364561073484,0.003183479156211755,0.004212892586894723,-0.003089268070144535,-0.008911754136287642,0.0002952073968578439,-0.007113999750467337,0.0,-0.00151463183364009,-0.005018708978131503,0.002757672281857637,0.001556895181282325,0.018902495438198663,0.008849549119871458,-0.004239136858755876,-0.016361762968428062,-0.00493246981912121,-0.013129280423284428,-0.02787451686229858,0.0007290793074656854,-0.006392119953167796,0.0004774202461212962,0.002724220971984437,-0.002005697699831721,0.09523812226968142,-0.005572393188210678,0.010052744907892652,-0.016932477950103664,0.007022429596824642,0.0,-0.005244288499497873,0.002631453714557308,0.029891156131011787,0.0014309907997824833,0.00395296998663941,-0.0032892514199378553,-0.006517042894042646,0.00022356745617790885,-0.0003053521230650391,-0.0005527896285588696,-0.0020044090769983924,0.0010257605843462247,-0.00268978347431148,0.009560587865886871,0.05623103538311747,-0.00389028309838535,0.00039744774333927424,0.0012064210715747592,0.0010358155306415817,-0.004107432778836739,0.0008196378530482828,-0.0037813968738618087
2024-03-25,-0.013771607140857012,0.005752974334538141,0.0,-0.007510560306074887,-0.0019223205816597533,-0.001929643508023604,-0.0028471250421946426,0.013522588742828523,-0.018674118445637267,-0.025666240214567537,0.0027462530795188123,0.0018095852938118107,-0.0025994029855479495,0.0032168494016049376,0.009015759870701912,-0.004133121061991818,-0.030465760844942347,-0.0038213890192572153,-0.005882308010187076,0.007728015944661992,-0.0040675069762036165,0.004087050069777387,0.0035394673096469376,0.001671709937123067,0.0,0.0005056762632540401,-0.0018916071051496841,-0.0013751858356048086,-0.0007770410725413956,0.0071813726747731454,0.008771921569070251,0.009365617745024535,0.011741632004602431,0.0035987248797701987,-0.0015520077003531307,-0.02508969678167894,-0.0021856444142814846,0.0026805593671666017,0.0019083763006493282,-0.0023287828031898217,0.0012058371647267752,-0.18695650280986664,0.006367589613822888,0.012572223219189604,-0.01894033662735184,0.0092051948950429,0.056249963352881904,-0.0005548218850270903,-0.021409057310435298,-0.06156559199434852,-0.0005358634934983231,0.0,0.009900628447219617,0.008746366912188108,0.0024579855597102185,0.005497715639804612,-0.019911433462028727,0.00043936136871103315,-0.0020492863242002057,-0.005094341455998075,-0.005000741403973552,0.005755360433885359,0.0,0.010989041379421804,-0.0012049673735446964,-0.0007759250405008356,-0.006176870492296205,0.01801806676586848,-0.004001963456806257
2024-03-26,0.0035625921336257527,0.0010094388709365187,0.0,0.006486417092384622,0.0008558931598086073,0.0008282351881765404,0.0012237867816466963,0.0013342168090799689,-0.01998097369873364,-0.0023489358658292936,-0.0056488036194108915,-0.0045976003067862425,-0.006081875621192667,-0.01073461552581989,-0.007446026702761066,0.0,-0.025878073747236385,-0.003042354398285707,0.008564263228989066,-0.0024102800694418836,-0.0027226398174873268,-0.00786948934232179,-0.005878923843167128,0.004053646242560882,0.0,0.008086929576793356,-0.0006317963496196288,0.0009178954828179542,-0.00019439167437440563,-0.004753563988302401,0.04347832396711104,-0.006748241576797986,0.0009671984555883473,0.0008796344965180669,0.003775223745604128,0.009671144651226982,-0.0012167683371406834,0.0019603642674457245,0.0009524688310145191,-0.0001944311855409664,-0.003412231939368904,-0.18449199343877176,-0.0032901387420710693,0.022572001147728837,0.003861067871768764,0.005251288678446819,0.003944673988042435,-0.0036091343811645027,-0.011432554306074483,0.05623273173044452,0.0008937013483232281,-0.003937405540711758,0.013072035660331771,-0.007948017004114849,0.0021173282763045087,-0.010631716577565453,0.0,0.00047062579451817577,-0.004106656785722196,0.012048123553905166,0.0027802093425008945,-0.01144493987613826,0.0024668822363618226,-0.0035360232958147053,0.0008042528267022675,-0.00012945669004116311,-0.0007487506326230298,0.007240539461530693,-0.001181900629123156
2024-03-27,0.01330233554909599,0.013109212376500201,0.0,0.022556361998086416,0.0036349616019621944,0.003449773644102816,0.0030553555769410323,0.005329895584369249,-0.008737878730220583,-0.01412723532400495,0.01876406940400943,0.018805694992726885,-0.0043704081326656485,0.01277717213789531,0.0011252979088620663,0.01614018713852694,-0.015180157222831059,0.009552869783403084,-0.0003087316037735377,0.0015373869260340012,0.03451630893578872,0.020513946985307063,0.01094050704616567,0.0021372017781517982,0.0,0.011280985148566458,0.007585363675839396,-0.0002292398173411314,-0.00019466542793911135,0.0,0.0166666501098216,-0.0008490817561686015,0.02995161460290685,0.003988322829542534,0.012610734806945745,-0.01149421140036766,0.004142384552265899,0.009427326911246148,0.010941840927739532,0.004669104172139393,0.009667606617787872,-0.08852458529432616,0.005916756236021614,-0.019507005253480814,0.03527862156614203,0.00439931004405647,-0.015716915541501342,0.02033982635970988,0.006966812460000638,-0.01242240641657455,-0.001428575425676759,0.00395296998663941,0.01290316073985931,0.0007283754287428224,0.010787475226174292,0.022720269763475187,-0.007900765771942542,0.007838232854145755,0.014432935346986087,0.008630980020749135,0.009917740986437273,0.043415433626713185,0.0065201744683345275,0.003022870263138744,0.0010044036600920236,0.0020710437197191123,0.01535643600352743,0.002396163636477322,0.011853423530207907
2024-03-28,0.005678061996066575,-0.0009953082901572596,0.02340428467625899,-0.002100876959471809,-0.0010650800164853091,-0.0012376175201449513,-0.0010152672302793375,-0.021868790446485042,0.011753171901149218,0.0039235061892819445,0.005914059960529183,0.006476541097778732,-0.0035119149092533997,-0.001438026292956529,0.011614808045877556,0.008622480627194617,-0.017341155563168398,0.0013141328434638222,-0.001235501537030781,-0.002412135986398223,0.006220629761882535,0.00696870351886103,-0.002925018566607207,0.0016587337460691742,0.0,-0.005949475151467043,0.0006273712265292275,-0.00022929238028446264,-0.0007782626436999562,0.0,-0.00819671330225158,0.008074652862448461,0.03752332954545068,0.0065983264339337655,0.006554507018231792,0.0038760341949899413,0.0004853106908784266,-0.0019383977190725599,0.001411846511699233,-0.0007745808233177165,0.006183907896939678,0.07913670175336285,0.0029535165972829347,0.015706662783825598,0.008533456262331818,0.010128765701473474,0.009979678022953298,0.00600760007096901,-0.001426494477274387,-0.0008987605958561407,0.018597909151094383,0.0,0.009554391268243423,0.009461408274698435,-0.0020904795609010263,0.010807515242005739,0.0034129571773546807,-0.0003112713957186264,0.0010162469939314356,0.004130994162578894,-0.0008446797704614317,0.029126119723649646,-0.004440897985178438,0.010875363908789959,0.0,-0.0014210523021715993,0.004150354080770802,-0.011952276295378317,0.004485920887460804
2024-04-01,-0.01773852720232405,-0.0061442237316600146,-0.007276475640015101,-0.011578854554416762,-0.007702215645937649,-0.006821727766288199,-0.004460336548768873,-0.0006775390935237491,0.005808365930284776,-0.0050976450474482515,-0.004535422693628166,-0.004504471015193134,-0.015859011396822553,-0.015188735373437234,0.005925963929243938,0.004724418853025769,0.04509801699938931,-0.0044624957168376556,-0.0038659528004330035,-0.009232777735839637,-0.011989458945467546,-0.009049695729805962,-0.004986425456522614,-0.007097169311534701,0.0,0.0014964178193774824,-0.007523473873217279,-0.008257174802632883,-0.0023366064245929907,-0.004776208767859669,0.008264454667762822,0.0084317248373873,-0.035262072755778084,0.004682513338642114,-0.011938268939410857,-0.007721979034177151,-0.00557841738531295,-0.0044138443116218395,-0.007988732001425913,-0.0068657654050465755,-0.0017842575091862045,-0.029999971389770508,-0.0050339725040445815,0.006185658943491212,-0.018822105645723952,0.0043360077914165185,0.01581042885181594,-0.007328879234183683,-0.003428591186251606,0.0017986950487363096,0.004213495316115035,-0.001968592138000158,-0.009463968807307932,0.007209802640690599,-0.009837387968167466,-0.00623700696818652,-0.016439851182459386,-0.004200925348720852,-0.005076142131979711,0.0035263811603496453,-0.01864101700681453,0.07547173889890768,-0.009208162067465442,0.0038884060591732883,-0.001806196034068508,-0.0021021050689223886,-0.007073867803521594,-0.0161289510952356,-0.006265042355699912
2024-04-02,0.009579724745310436,-0.014202140817604958,0.0,0.004792236408636796,0.0015090500233372328,-0.0011125233908438892,-0.0008181728125431498,-0.027796660323833433,0.010587069590227483,0.0061486206098406715,-0.0006749605645632872,-0.0014544123835933398,-0.0089526085763183,0.013111901861439623,0.00994108872540167,-0.005373920929570342,-0.0037523706411501934,-0.006855422707931713,0.0037256220691843644,0.00843130582559981,0.005119274343425406,0.00940112880085997,-0.006780975862035299,-0.008101107629403304,0.0,-0.01195228090502276,-0.003790252804556582,0.0,-0.0027321492336496167,-0.006598602487768668,0.00819671330225158,0.005852965790074327,-0.019681308024648958,0.004460504932777942,-0.00549219653225308,0.0,-0.0026830361704208716,-0.0062067065676184585,-0.011368993841359698,-0.0009792217826510852,-0.002383338304791538,0.30240544675830616,0.003794581195435631,-0.021516344604707527,-0.0009973766310872323,0.008904420624811893,0.011673074463976585,-0.003828356140518019,-0.007167348999600143,0.01615795142644183,-0.0033216450744442128,0.001972475137047347,0.009554391268243423,0.01002142805510342,-0.00571232186031867,0.002689913978669578,-0.004611054238500389,-0.00546879229040087,-0.009183686678383873,-0.02752569251553083,-0.005510605651925959,0.053884769225905016,-0.0022717421053418674,0.008908941724097286,0.0,0.000259963317706724,-0.006003699223163128,-0.008196779674666033,-0.006730214628249298
2024-04-03,-0.010215691982207287,0.005423779868900969,0.0,-0.010068949484822065,0.0015071284171672694,0.0006960167098306602,0.0016377684304695883,0.0,-0.016190483456566263,0.03615690634698465,-0.0021952746599940287,-0.002913127166532914,-0.0009030486102947766,-0.0128956272020323,0.008749527107814847,-0.025198625514473716,-0.005649651303308079,-0.0009295369850961244,-0.0015465428294193506,0.0,-0.005470472124184167,-0.009845923457434735,0.0017810578393504528,0.012491057937132899,0.018065963064869184,0.018397061255859493,0.0038046734788803604,-0.0011560818116782556,-0.0011741289957715173,-0.013888795244085483,0.016260146842582035,0.008312489424431968,0.026386254042312318,0.00013266936861944245,-0.0015463680595714235,0.003890956356366493,0.0002445022430423993,0.011420419719057495,-0.0023958561644749077,0.0011763147334147295,0.0007963694322934423,-0.09762530060242525,0.011844802975907287,0.0,-0.0001761294288161741,-0.0005348140050678296,0.0,-0.0054899388138004435,-0.01862541734703793,-0.015017696147244242,0.004911398656813448,0.001968592138000158,0.0031544590167880138,0.01133958490382092,-0.0006758883987103559,-0.000596141983678633,-0.0023160869197866862,0.00626875363825552,-0.002059705599413042,-0.018669043931851426,-0.00021697880490567645,-0.04875155270117559,0.008279634911865008,0.0016636869201496207,0.0012064210715747592,0.0009101672772939828,-0.0012079600803471813,0.013222992751176665,-0.002358898643339491
2024-04-04,-0.01484921436540576,-0.014160471536355357,0.0,-0.002141305128206983,0.0008597318364615969,0.0020865978225410586,0.0030662602706270636,-0.0027893876617782754,0.0029041368047202365,0.028833514931314586,-0.0038922232957118164,-0.005518693931693575,-0.0009043818110382462,0.0008490468075228463,0.006143832156799478,0.024452707293325382,-0.015151406731433004,-0.013287193938015918,-0.00015486792441099517,-0.0035203606422364864,-0.0007588484567969678,0.00026882317971943515,-0.0008890624075109654,-0.005219388613785347,0.0,-0.005196651969320509,-0.0025268570902527987,0.002546743479484803,0.0013714273944027688,0.001224747294378048,-0.015999984741210893,0.0024731884742923427,-0.008662537046922991,0.00178940562740304,-0.0017698663312778473,0.0038760341949899413,0.0002445466717375666,-0.009527174802967942,-0.004322818929431982,0.0009787076095504332,0.0031827908114807624,-0.1023392208313697,-0.0019925654476277144,-0.014659794609132137,-0.004992374480631612,-0.0032112737637789435,0.009615569317924288,-0.003864059010393772,0.0035307552170968926,-0.004484152332838498,-0.004363784350477351,0.0019642827370243143,-0.01257874867691211,0.003503782864380911,-0.010596345873109203,-0.006561355668186719,0.00870571481048188,-0.005449015139265989,0.004127980280062227,0.004295777508221965,0.007172083211997471,-0.011250008578757131,-0.008006189966597632,0.0022995189642016634,0.0008031166038235948,0.0006492548827294886,-0.007458176808296746,-0.005709287396905238,-0.0074797290418274764
2024-04-05,0.013913633307879536,0.00854990417083168,0.0,0.005364840625208922,-0.0027920138127603966,-0.004997339512597843,-0.002853177095739512,-0.00839149716831511,-0.013513455047096001,0.0015923374632278442,-0.001699144074862935,0.0004897411405120344,0.009954514375529078,-0.00532507995019893,0.0021552041810415368,-0.015685340559129513,0.005769162138533845,0.008079841050925962,-0.0021686811144780993,0.008831906555442748,-0.009111618552777645,0.0032240259612306144,0.0005931577916580277,0.007393150028898399,0.0,-0.0002487988490145199,-0.0025331924438954934,-0.006466247287215343,-0.002445742166528486,-0.01773711228819652,0.008130073421291018,0.005756536107928367,0.024992955284743434,-0.00033094003400224725,0.0008865495042538196,-0.007721979034177151,-0.0012221219065560174,0.006234417087009891,0.0024120368754456667,-0.00293397659049921,0.006345385588016894,-0.04885988931941432,0.004367502315778982,0.0069075117941210795,0.003659684121953166,-0.005100559756909706,-0.009523990724925602,0.0005540531329970566,-0.003225128714512304,-0.003603515936275281,0.004558235084338946,0.007843270357443366,0.009554391268243423,0.0034916188477942534,0.006266322794130863,0.0036027420797857257,-0.0023013682574906102,0.0004709389549526488,-0.00924975612059964,-0.016193057950182332,-0.013919065719153245,-0.021491807794426387,0.0031040371076147544,0.0010199828921464427,-0.0018056666505242847,-0.0014277315061430595,0.003249519317245486,0.006562681760720945,0.0052620920177863795
2024-04-08,0.007310605423164418,-0.0013563719611333624,0.0,-0.009071483792523205,0.0,-0.0008370163716456824,-0.0010217124655540477,-0.01833574639427904,0.0019568985877502776,0.00031794741524460157,0.0037440790417300196,0.003262703477543205,0.01075288208799785,0.0079116557468355,-0.0014336650115639449,0.009699799292567146,0.021032539312311194,0.00013341577181291697,-0.00015548824151823126,-0.006128271067885049,0.011111187891508001,0.011783656651247698,0.0014821321962417144,0.0018939419502213006,-0.07665122861248763,0.015924546589375366,0.004444312160809538,-0.0018596875422292047,-9.802512679024655e-05,-0.01245325405183284,-0.008064508376086854,-0.0008175741278728665,-0.008158304532845606,0.0011913514523669289,0.006421648751433917,0.0,-0.0012235130186645238,0.006018696284936009,0.013474448208702583,-0.0013735248899003905,0.008669929049833769,-0.0958903986554499,0.005839055250915104,0.0,0.009057401590196745,-0.00026995767836845985,-0.0019229228342177995,0.006092448163409925,-0.005736214016779595,0.01717891594978327,0.009598622689796388,0.0,0.0063089180335758055,0.0,-0.0032834387950826383,0.005384182052419417,0.022491207315676442,0.006009692133084776,0.01172204122829923,0.0021739035144614505,-0.00010917147892874901,0.03746771240946556,0.007220884544626216,0.0,-0.00020116913983425633,-0.0011699108796923152,0.0005665043960321192,0.005704832265746251,-0.0008615239872306057
2024-04-09,0.013663588226642265,0.0027164940047954556,0.006806238647655949,-0.002692501411647563,0.0034461219940575827,0.003630336336279738,0.00245501540431059,-0.005028674999115079,-0.0019530766148807555,-0.00731081049443838,0.004577922466402207,0.003902485069059436,0.007091919615449083,-0.013960112507593325,-0.005743037133301154,0.016697091819740217,-0.011236029877842446,0.0025379042979740696,0.002173927300312739,0.0039639379615685755,0.0035998114354900412,0.0023820431884586935,0.00325549204668496,0.0030718257583988162,0.0005316833300832435,-0.010041815471377946,0.005689039182668498,0.004657689159432987,0.002353864789475857,0.00882729326616083,-0.008130073421291018,-0.0020458925742424805,-0.01016634730586774,-0.0015203955924039114,0.011881236147183172,-0.003891036015622462,0.004900569472299887,0.0010558516626288927,0.002374241360584284,0.0037329664053236122,-0.001758115880586164,0.12499996613372599,-0.0029643830089794987,-0.027440609499242763,0.015154155596617702,0.0029690924677188146,-0.014778325646955137,0.006881256552565107,0.0038462838512256514,0.0,-0.0034571928869460145,-0.0019456127220373043,0.00626975715422895,-0.004871202314069123,-0.003975914642995071,0.0014877532236903246,0.0005638965745686786,-0.0008265745395004132,0.01763556900281449,0.0164238850876548,0.009301816501848137,-0.041095871467972445,-0.0038917918618114333,-0.0016553545985980023,0.0016082546642772755,0.0014313409656603326,0.0038845276449961386,0.012155579921797832,4.314397213511789e-05
2024-04-10,-0.016879341946415383,-0.011513740519287996,0.0,-0.0005399056712074302,-0.00987324599816719,-0.0116858491380889,-0.005510174269207191,0.016606383280870496,0.002935394538880365,-0.015209793011054629,-0.018227968576933873,-0.01668300498028563,-0.013204061952015955,0.010582683081474586,0.005415169890169658,-0.017322737513110198,-0.005681645985217143,-0.01145756335680348,-0.0041835072665672435,-0.011405952102697348,-0.024353414820660446,-0.025349837789055085,-0.004424944370002515,-0.014369758427430823,0.0,-0.013854471607399721,-0.014456223855973893,-0.013908191495782929,-0.006457867736481382,-0.01437508867098114,-0.040983664223788296,0.0032800084609605484,-0.028945067550447012,0.0005957757788406237,-0.05870837069283397,-0.02343757184842754,-0.00829062128532998,-0.015116970311818023,-0.024632999016070634,-0.01174400263700548,-0.004696640946592168,-0.11111108435257278,-0.008300315880886866,-0.017905604788497675,-0.021301072319246717,-0.009149576648590174,0.014000058064657539,-0.022689878612889625,-0.017388790056985126,0.0026665580385261123,-0.009887218992799096,-0.005847997422411377,-0.012460994865415631,0.0034965020340318453,-0.006957224835234976,-0.016934171138364817,-0.013528585453598363,-0.01358106145110094,-0.02670036188096714,-0.012195052453833122,-0.021793392638788656,0.03896104208247286,-0.015422451436671203,0.004846762706345764,-0.0044155780370286335,-0.005717499785632296,-0.012998656791771812,-0.01441141761921405,-0.011577837381370082
2024-04-11,-0.005573805140427379,0.0005138173792176293,0.0,-0.0059428975622422,-0.00043354442247756086,0.0,-0.0004105948765369405,-0.006392127937072001,-0.008780502691501546,-0.00959196872305379,-0.003964588807605085,-0.004459745404086446,-0.004048365347273819,0.003632097808148993,-0.0017953345882514293,-0.01076013708491974,0.0,0.004043134355637745,-0.001400165651568308,0.006212486012917129,-0.004256943260770418,-0.0029800961896805367,-0.0026666034652068626,0.010994204775750749,-0.0015938863202644704,-0.0035123033153524608,0.00255096341924288,-0.0007054696952145667,0.0025604814077782034,-0.02473040286019379,0.0,-0.004903927766873539,-0.0038461771432786174,0.0019188808051044948,-0.001848151710110324,0.003999985259850458,-0.0014752633264877302,0.003748065973300907,0.0024285375032186973,-0.0007922049446174029,-0.00117968207372654,0.03409087522463494,-0.005121882707342262,0.028729369654197923,-0.002405281507241397,-0.006518143046642777,-0.007889624236755322,-0.003916053853275092,0.0014995990860440234,-0.024822705879300133,0.003328627888032898,0.0019609828871596235,0.009463475676521282,-0.004181224607183065,-0.0031007915717843337,0.000302214648266963,0.004571412282285525,0.0016616222960765814,0.005486605866226624,-0.008024756913137754,-0.004544146121014725,-0.006249961925740899,0.0019112984137030775,-0.0022847025128099885,0.0009111449895959911,0.0005225767828893613,-0.0017380911013374911,0.007311022022417513,0.001352362796928741
2024-04-12,-0.0023320536550647253,-0.015921878484006502,-0.022880844367290876,0.013586951222366084,0.0017347524633830602,0.0022520368653642375,0.0034901601686874173,-0.01715495968151115,0.006889733846014545,-0.007550895327354534,-0.012114919286955184,-0.011614389472041964,-0.01716348896165354,-0.0153687013752829,-0.0014388220870062973,-0.020828483266472686,0.00952366035029728,-0.012751596967818801,-0.0012466697810606941,-0.015876468840735236,-0.009910705594827984,-0.008695635806572621,-0.010992274620031939,-0.017493992652551915,0.0,-0.01686809785843646,-0.01653940226384132,0.002352547337830968,0.002062918538788372,-0.005851726741641916,-0.025641002128344415,0.0012320236969352028,0.0020271779554636993,-0.00382989496586017,-0.005322841774548226,-0.02788842541808001,-0.0022163218250402794,-0.023115232038154354,-0.015019416088152382,0.0015855029105757978,-0.014173205470308758,0.06593408992659677,-0.014816473552725529,-0.003222444078097353,-0.014583917319575868,-0.017496098215366573,0.009940215377412631,-0.010839716672563893,-0.001347671939643802,-0.004545299791603563,-0.016937370667608587,-0.009785064899784701,0.0,0.002799117341510282,-0.015207473524655235,-0.006646475024947418,-0.01535842553259914,-0.01572004089647505,-0.01369301167159187,-0.007467323449777741,0.005344174361469056,-0.018867964059054998,-0.014484926069693427,-0.0025444958074284374,0.0008095605598323896,0.0011756114050882616,-0.012433317323904847,-0.008870893501818466,-0.01603234779985463
2024-04-15,0.000943203708084539,-0.008698717208914575,-0.004789789686147294,-0.012332235314829187,-0.005196041824404585,-0.0066010002110357124,-0.004091940823858109,-0.023999927565993673,0.0019550790477649294,-0.0021501346476587857,-0.0043800761592173165,-0.0052039842245024115,-0.021139861340134125,-0.01560866233312519,0.002881790557917485,0.008981196561890004,-0.0018868051120488616,-0.007885933837695647,-0.005615842331336829,-0.007394213696169105,-0.010991102739461023,-0.0057564667966383265,-0.009912927357319301,-0.006015345549217566,0.0,-0.007170215091356957,-0.005821445679852766,-0.006805823811100842,-0.0016664078264405635,-0.015042538438141517,0.0,0.005742450761133888,-0.028995352128999063,0.010141807449485007,-0.003955289039702881,-0.016393298199063877,-0.0029613442401502654,-0.0076447072244529846,-0.007378178680394476,-0.007520275888423966,-0.00658953515333649,-0.14432991886804436,-0.00458835963672366,-0.019396399516139473,-0.015098287060046012,0.010295158896114431,0.009842804909398817,-0.0015328838797752375,-0.012295657347811573,-0.004566233882186244,-0.004085260576602301,-0.002007695573995383,-0.020536868123703034,0.0,-0.00046784294787227676,-0.006995031040540334,0.004621589914347801,-0.0020866612986856214,-0.017849591633594675,-0.004702182455298187,-0.015505382574520055,-0.03717949802896692,-0.0007232115449197218,-0.0019131699740778663,-0.0008089057016796852,-0.0026095208308765105,-0.0042314395536662275,0.008136754498763832,-0.00593306310815267
2024-04-16,0.00053267770602905,-0.005615990598360487,0.0,-0.005971995177842193,-0.002611190317207468,-0.002545234702051369,-0.002670361326301607,0.002235264099575529,0.03902435302734375,0.026023532605358612,-0.008973913518774745,-0.008994271293826461,-0.009389792820269083,0.0012121259697261966,-0.001795907614261405,0.007495956476988752,-0.005670905561440898,-0.0005481286775479433,0.0032943925065034296,-0.007449117791922144,-0.016471512134711652,-0.014337155526317646,-0.006978421497734422,-0.020576143451783935,-0.039076625831705236,-0.011091125184041983,-0.0084580151577337,-0.003780798760548376,-0.0009821376884300292,-0.020584323679071814,-0.03508768627628134,-0.0073409724977751,0.005952386058219128,-0.0011156393164462042,-0.01658502174081844,-0.0166668585956683,-0.004950514371006354,-0.006603084842789597,-0.012884107084941143,-0.002592060364659421,-0.0018090808341493236,-0.07630524357138779,-0.013828736009597109,0.0027470403783138586,-0.007816092693448073,0.007711252634329924,-0.015594694879407012,-0.007961384159704488,0.0016699704883043065,0.0,-0.0017834376571240762,0.010060119433104031,0.0,0.0,-0.003979400490604745,-0.011026162268811146,0.00402528794488588,-0.011259404028005182,-0.007864914404488221,0.03937007874015741,-0.006637462299074137,-0.029294260519161508,-0.014687065192231286,-0.00038347983752373693,-0.0006068770400896595,-0.0011776244500367739,-0.005186393174790416,0.0032283735852227657,-0.00552293368836787
2024-04-17,-0.005364370361222615,0.0003176899718184689,-0.005882385340302609,-0.013107454412269126,0.001527249044666279,0.004819293484364495,0.0012361849617565923,-0.009665345388698454,-0.015962449050059724,-0.024878859289897193,0.0053266024332701,0.006266193017220312,0.008530992313315666,0.009395716679096555,-0.014393757895587611,0.006975238332334266,-0.032319603299332034,-0.005073346250841326,-0.0037530682981140595,0.015692444056071064,0.019572187727783907,0.01874135734711979,-0.00122201814119971,0.00197706253176122,0.0,0.0018257748319010503,0.0006561191981704351,0.0056927700364435285,0.001867562291091529,0.020338972969999203,0.018181800448205276,-0.005751806039478002,0.009566072956479932,0.002299549205361684,-0.0016625005201340581,0.004237359445051325,0.003482526517810669,0.004062040513181486,0.0015060077321435994,0.004797974541403294,-0.0032218869650935122,-0.15652169676493966,0.005713068054606918,-0.008219104712348657,0.005618199828583137,0.008472291128780451,-0.00198019103698277,0.005445469442606488,0.008032757529699674,0.0,-0.0014293411838035563,0.0,0.009677357252347196,-0.015352416323310192,0.0010575547962206056,0.013316886786231219,-0.002863559497073509,0.0039042562278290838,0.005998990068545096,-0.00787873701615771,0.011098690351386997,0.10836764360173778,0.0019442518530843333,-0.023139964455300976,0.001417297725370581,0.0014408489578987549,-0.0033500237031161006,-0.0048270263076870545,-0.0012093408560606145
2024-04-18,-0.003746336360980318,-0.005610672192721156,0.031199565300988663,0.003873767456667343,-0.00021794756302817575,-0.0026801470343794653,-0.0014402963314129602,-0.002252281263401268,-0.01812973174450705,-0.018886639607822664,0.004415447687792229,0.003249099275692391,0.0018796808197747428,0.005901405858963926,-0.0021905397594330633,0.009235645860313335,-0.021610820747261172,-0.0011025594815157191,-0.0018834721707076119,-0.014778318181097538,0.00850988025132482,0.007138886362367591,-0.003364797170171241,0.0,0.0,-0.00026029117005177405,0.0019670669641123073,-0.0033020903489311415,-0.0003925717304241738,-0.026578104339252895,0.0,-0.0016527980166752831,0.00029308502150326987,0.002293760695324165,0.007613616921434918,0.004219479991655506,-0.0002478357945244758,-0.0025744033892705076,-0.0025064451298584256,-0.0025864690664457735,-0.0012120935919781584,-0.1340206711359908,0.0002581765644080747,0.005525000449090545,0.000607293092256711,0.0056909676495671135,-0.003968347017454743,0.0046751323685896296,0.009923166296499586,0.0,-0.00411529930870369,-0.005975864712637335,0.009584603619003929,-0.0021261368445371076,-0.0037563147013787157,0.0030562604904578183,-0.00574392420422154,-0.0006481675232344886,-0.00010648355263320752,-0.010079468971797012,-0.005040370358724289,0.05198026227385455,0.0021561274965562482,-0.00013078488411621958,-0.0008089057016796852,-0.0007846992532241082,0.000882138987072123,0.020210032734532257,0.0007846344870063859
2024-04-19,0.0054547107269800055,0.0021292067943770032,0.003651522928827866,0.009922872449097175,0.0019613318090907494,0.0012731002289418925,0.001030171660245438,-0.013544114192654111,0.002915425955530182,0.014691047078028374,0.013891352428463621,0.013679248820913203,0.014071422774591724,0.01616985170531704,0.005488481761751762,0.01121025380087981,0.008031958245866777,-0.0023454575374098896,0.002830539498434703,0.0,0.015698480931244596,0.023718774715850932,-0.0024554090840702703,0.0012333389251126814,0.0,-0.0031251260090188193,0.003926818566778678,0.0009466636443624665,0.0007852930657525903,0.03822522048510124,0.0,0.010347521431970153,0.025390505199166746,0.002557902247760646,0.010625578165212701,-0.00420175078827445,0.0,-0.002949853817861614,0.006532800792409699,0.0009974702021169346,0.009101966102942782,0.011904821881092875,0.001290549632370519,-0.010989060377136317,0.005037426063944306,0.018054554393800215,0.011952150120708271,0.014357094009363802,0.013994433660318162,0.008256905950965177,0.006827237531916719,-0.006012012052622695,0.0,0.004971603379614109,0.0031812624899103525,0.012796954025953822,0.006354746171590042,0.0019133746730852774,-0.0010650178546097733,0.023449500929074718,0.0036022734790446265,-0.058823601988157725,0.0011189947806644618,0.0022778828582552535,0.0004048641027116773,0.0003926041689548132,0.005856224564309898,0.005546907750411112,0.005623442668655443
2024-04-22,0.012330027431397994,0.012039687380204445,0.0,0.01200888190236804,0.0008700955059237625,0.0004237123724242231,0.0012348338119494429,-0.0068648384530544115,0.0029070433655684624,-0.006490265251027361,0.008498072277105084,0.008219751214633142,0.010175609876846847,0.011453235118309868,0.0007277884656708977,0.020814484032544378,0.017928186533715973,0.0082975151583915,-0.00015665533707820423,0.007500085822544689,0.009659954247073665,0.0031955836057988574,0.005230496604378132,0.0029565478068032114,0.0,0.013845465213092822,0.011734038135878144,0.0011816746917365784,0.00019597094522549874,0.04865211217681842,0.008928562875609058,-0.0020482441799727358,-0.03285708555037825,-0.017734496928692445,0.004205624783556683,0.012658353593407945,0.004215098293999908,0.01127951656307924,0.009985017482348368,0.0023913789631972993,0.011024205951535304,-0.05882354178643112,0.010440811594396138,-0.011111161602850195,-0.004589412699993023,0.00979353022637297,-0.0098423800003824,0.006992896444582897,0.01908683155323221,-0.003639673490251072,0.014275488001031178,0.0,0.009493708975648829,0.0007067558020621423,0.009161539116411044,0.006919510430684062,-0.016073481842377335,0.012979983814926266,0.00874202946712277,-0.007838358030921477,-0.0016826655155109949,-0.0250000019278106,0.01500011778358834,-0.002907139720661034,0.0008091491415955776,0.0013083454876112732,0.005362984629120104,0.015760360301817267,0.00810912721018675
2024-04-23,0.0021516333716078417,0.012946093508358736,0.0005197624220789621,-0.001618211450247653,0.0006515155312381005,0.0018355005496977217,-0.0014388626909728197,0.029185814574329783,0.014492716232052283,-0.0003352075151507039,0.004127261662950188,0.004654265876656183,0.0164834594332377,0.005986712089666391,0.004727221032122753,-0.0035461702662553662,0.005870990435379753,0.008778134558444783,0.001882191681996881,-0.006541838886287565,-0.00019130358529895197,-0.002919972041992347,0.01164571954435556,0.010071185515978742,0.0,0.010564376135454134,0.003865960135283064,0.0020145118401091455,9.86402630047678e-05,-0.0031346285197693113,0.017699098239742916,0.0008209302515451711,0.030034563220235677,-0.0018796266277668616,0.013029479811941025,0.0,0.0035495384905479543,0.015907778956708363,0.013346472816157862,0.002186772298069739,0.0005948283063379467,0.11874995948746858,0.01084336083189319,0.011236006688941647,0.009948860977272433,-0.002097078158221577,0.0059640863131771304,0.005000075105031199,0.01930550291943134,-0.004566233882186244,0.003870507563488612,0.0,0.0,0.004237258304922165,0.011638554715142302,0.0044815744913606625,0.012252120188458004,0.007509220008043105,0.015641516415065615,0.027347357339768452,0.00033713711548566394,0.06410256917241441,0.009951316268395738,0.017757913174144324,0.0008082437852130475,0.0018296112482583116,0.006040170271931045,-0.010085390857541121,0.006011104972876158
2024-04-24,-0.0009316502806603344,-0.006563042812285369,0.0,-0.0043220026787536,-0.002171577443055739,-0.0025367707485638435,-0.004322724660798749,0.005970200292806815,0.011428560529436416,-0.014410044933159227,0.0053092091705528865,0.006160204088137888,-0.006306296183555382,-0.01928314538469056,0.0010858648263474269,0.012900457364457774,0.0,0.0008847218113487987,0.0,0.013623832422207771,0.004401844208762329,0.005590945313332263,0.0027266210131513535,-0.0007296843372484041,0.0,-0.002549855552942515,-0.0044928729081511465,-0.0028380647681895965,-0.0005900389344826173,-0.003144736109515822,0.0,-0.00041008765042294115,-0.012428327744801626,-0.0004033311772463355,-0.0020670729044562908,0.0,-0.0014837653983518218,-0.0091792709668167,-0.015121889070683903,-0.003174093894528829,-0.0015851648449467515,0.0,-0.0012620890744183821,-0.008333257595724786,-0.007688557749949143,0.01313362181433142,0.009881602496737196,0.004975198737680486,0.00791508954537945,0.032110079300510685,-0.004556568652683168,0.0020161249852517216,0.006269617394170313,-0.0007032065827594636,-0.0063276925683122265,0.008625884910477888,-0.011527395992507627,-0.003964518062780087,-0.01144639667362668,0.01567579881009884,-0.0070760224241053216,-0.024096387333138014,-0.002851416091171788,-0.003906076747380305,-0.0006058187713473551,-0.0009131349421677148,0.001980743761665904,0.018808759995869284,0.0028115907010832775
2024-04-25,-0.0010949756944828026,-0.006258667311846655,-0.0015584772283380177,-0.0043407634700991515,-0.0028289897754413262,-0.0028261598227139473,-0.0012405338254510845,-0.0007418751707908289,-0.019774015104513043,-0.012070792215437276,-0.0052811703325919,-0.005469477451391147,0.0027198799178000943,-0.00023523355440258076,0.005422928421875195,-0.003733023254407719,-0.013618552120818417,-0.0019038702750391323,-0.0023581550801176077,-0.002016024038260289,-0.0011433222109749064,-0.0029121331906915016,-0.0015107232697635364,-0.006084052871766277,0.00023532783649371503,-0.006901918300109333,0.0012893277984071805,-0.0035578969568156316,-0.0029505877891693455,-0.02082019312365857,0.0,0.003692955905530315,0.0019361498622083584,0.005852874532980223,-0.0004603119363182362,0.004166565370804731,-0.003468313950405255,-0.0005448864930451824,-0.005448284839868145,-0.002189030588197083,0.007541259878905526,0.07262569720786538,0.0004550772702629491,0.0420166507655888,0.004176831749213905,-0.00518528117471484,-0.009784911887004144,-0.0066008327806547085,-0.007151676478413416,0.0,0.010563444632034624,-0.0020120684038706926,-0.006230554203162764,0.005629821899909571,0.0017367651640642912,0.001474358146108079,0.0040815574602244276,0.0003184739850892182,-0.0017895186504143235,0.008153720968337774,-0.007013863105880147,0.03086416180128526,-0.004919326420923298,0.00915017975393484,-0.0008081643093882374,-0.0009139695196722641,-0.0004119658958310346,-0.013846141249275412,-0.0019932874252184263
2024-04-26,-0.01327422213418561,-0.003848889761275953,0.0005203032902756366,0.0038147803335870645,0.003055433022455256,0.002267496926828372,0.002690896383015895,-0.025983665852242765,0.008645547925753672,-0.02133877799341366,-0.005994212556086453,-0.00495789689820203,-0.002712502237437575,-0.007527949983170301,0.00035961218316549193,-0.011461324445499632,0.005916979491121355,0.0038144715953591923,0.004412307480319511,-0.0062850883513030364,-0.01392589942042799,-0.009028283724854314,0.003933394738048657,0.008814748782501436,0.0,0.013642327297299195,0.0038636050890410445,0.0030945337102783466,0.0004931536147252391,0.025773227993421077,0.0782609002125969,-0.0008175741278728665,0.0033815954089069233,-0.0016720673651050566,-0.022334869068946772,0.00829880911626213,0.0029833376922883126,0.00617957422251858,0.013446378178308294,0.002393369318825833,-0.0035454703675177335,0.031250032984341924,0.00964928879977589,-0.013440812337217611,-0.006088410279172396,-0.00547304944885163,0.001976491134744629,-0.005537056800477225,-0.002683541883955698,0.01244440473093067,-0.00348443255252584,0.004032138452997991,0.0031348086970850453,0.0,0.003236352990541702,-0.008833823074570701,-0.0011613154139182846,0.003978898895167227,0.00917439833834588,-0.006354633529559228,0.005240629804260211,0.015568915716912546,0.00802875978873252,-0.002590722798642142,-0.00020222543478254362,0.0005228683221167874,0.00026776898368630064,0.006240275665062578,0.001536415250832368
2024-04-29,0.003620359816614016,0.016157391584433745,-0.0005200327155427953,-0.0038002830883993033,0.002175918547391964,0.0029687319760893782,0.002477399092854604,0.07469510140852953,0.008571443103608578,0.013891247381311533,0.007925635666893527,0.005807475607548573,0.0018132190131932013,-0.006257698751545471,-0.0046728460886446,0.0017837592579634798,-0.0019607975580564485,0.0033924614018971955,0.0009411683239077817,0.02371804093166885,0.020506947012889132,0.010718175163315857,0.004219613475102912,0.012378571419393136,0.0,-0.0030473550552851947,0.010263026900875438,0.002610486111713106,0.0017748119376919114,0.0,0.024193525128260562,-0.0008183244790017641,-0.00144442187204874,0.002545711001917361,0.017428349843375823,0.012345632207526824,0.002973938561225964,0.01390896660070684,0.009336608490387865,0.0035813593427402868,0.0051393392003928895,-0.04545456187455765,0.0012509364847381743,-0.010899232359901534,0.007520653863184235,0.012840690049579662,0.005917138350002515,0.00807349202696539,0.017277866909854556,0.0,-0.0012237027015348234,0.0020081394066369107,0.00937494051035137,0.0,0.003801755168995946,0.014854492882515391,0.012790590879703245,0.006658210815575272,0.004179674042235737,-0.004360509279805136,0.008386187593224737,0.08490565076918921,0.007335901745699092,-0.008961086195686918,0.0010112479020314424,0.0013060600287255753,0.0010299400981053086,0.005426509516190281,0.0009422636886640134
2024-04-30,-0.008444361579733384,-0.007604650585115946,-0.006243441007897865,0.0,-0.003039600852601243,-0.0038060359319576076,-0.003089075099183325,-0.008510599778327577,-0.0056657619218293265,-0.023524975910429458,-0.011281890525070448,-0.00974354635354202,-0.009049891223174455,9.54574753166959e-05,-0.013001129634076958,0.017360392548500636,-0.0019645406793203923,-0.012713170659224615,-0.007053463139906846,-0.02250663284684351,-0.005687194510864191,-0.003711450319506149,-0.010204227466508398,-0.01726187727345463,0.0,-0.02063152023577275,-0.012063519551000601,-0.004260458697403324,-0.000984153907476859,0.006909590573835889,-0.007874008357040663,-0.018427624684121846,-0.021214962243483626,-0.016972873888255302,-0.010879781490485185,-0.012195076281018569,-0.004695254183635478,-0.014252563417249564,-0.012658189736455938,-0.0039649517682526225,-0.005309688732609619,-0.07936506735104154,-0.019989977563546923,-0.007713444120062141,-0.020647722974918792,-0.0010349746193828446,-0.009803992109064574,-0.009941929618252687,0.0015313514730945776,0.0,-0.00945220464363139,0.0,-0.003096083416184392,-0.013295964332024957,0.004935220828079068,-0.006733152357475736,-0.008610821543526104,-0.014645676475154579,-0.013527467863247211,0.06423359891794034,-0.008541252873460636,0.09782609351617966,-0.012692309314340733,-0.009435165142620994,0.0004041240068075602,-0.0013043564608888891,-0.006336510812070872,-0.0069391769036843964,-0.011363259685324478
2024-05-01,0.02248951795568499,0.004876412583812995,-0.0031413332326732935,0.0038147803335870645,0.0022724007690573256,0.003604968992666935,0.0018415753447684757,0.0007151920654016042,0.0,-0.0014457994865637591,0.001382963956715999,-0.0010601374201122393,0.008219254678644372,-0.007488912622273913,-0.01866079404342913,-0.00393788126961947,0.0,-0.004246299273486631,0.0048934842759622565,-0.00541744334712968,0.009342184103235063,0.006918525528210928,-0.00485134423744682,-0.0039033960638586995,0.04097440788846751,0.0031208576501946528,-0.0006426925833236119,0.003803202214886836,0.001773492336825333,0.004990673271974444,-0.01587300085546861,-0.01376710734674691,0.02098514657767203,0.006457591632263782,0.009361064383728301,-0.004115210735842201,0.004220447056711318,0.001084257979363512,0.005917094805251821,0.003475965353882726,0.001977071294760213,-0.01724136277318622,-0.0033146719359286037,-0.0005552269106788854,-0.001045010900685428,-0.06034701928720454,0.001980084178689223,0.006973390606614727,-0.017375556556991745,-0.021071209288384796,0.009542401374212028,0.016031921293266027,0.0217391241717777,-0.014893653123382755,0.004568190204787381,0.006484004102875307,0.0023161470982084875,-0.0028768627631751142,0.011075804932288547,0.008230431571501384,0.007370797199677925,-0.06930693492627749,-0.0012648002066359965,-0.03280847930898767,0.0012117985992903257,0.0018211711304283451,-0.0009317403514964573,-0.0007764600564781343,-0.0013066299966507655
2024-05-02,-0.021428882196381283,0.005199263473386173,-0.015231139789013581,-0.0010859777979360663,0.005014179412646369,0.0039599297866099725,0.002066002213508167,-0.01215144535375512,-0.010446311440333589,0.04108597280883575,0.003453158756896446,0.0041620634718366745,0.0,-0.0028356498726739288,0.0022370947220373694,0.007906898968587983,-0.0019684076963133457,0.0064656794177127,0.004712410813643597,0.014979474833201945,0.011522490869910973,0.0013210912995871293,0.007312761574761906,0.018123926822884995,0.0,0.008037387576987687,0.018649536426992963,0.005446444141723905,0.0012783059697325516,-0.00372447948439103,0.008064508376086854,-0.0008459332233522465,-0.010904197465822718,-0.0008103342246443823,0.008578706231717304,0.0,0.0032141266046659123,0.014984662961454287,0.02598041177233812,0.005972419376787386,0.009273915012902423,0.08187133483727593,0.011000178831939156,0.014999909114869814,-6.158074407602854e-05,0.01212796863800425,0.007905324656239054,0.005433466586145741,-0.002687830530511137,-0.01973081827648282,0.008926922176601515,0.005917039690947146,-0.024315928014198462,0.0014398268360986677,-0.006252698017744529,0.007906113729170272,-0.006932204753436366,0.013704275078640027,0.03495053283756322,0.007619014402636015,0.004291004363208728,-0.005319116471456331,0.01624833244129209,-0.0005471311542408763,0.0014122349740379736,0.0032697797180811783,0.0021760332311950847,0.011655095640402457,0.006253315627186673
2024-05-03,-0.0005783758162036801,0.013103521825869269,0.0,0.009239231652807378,0.0030368586718336754,0.005071305388655745,0.003504271062051867,0.020260475717202242,0.0028790530471725084,-0.012517512089050165,0.004817507316798864,0.006225763377467386,0.009963723276444902,0.0008192111290989956,0.0007440337666666519,-0.0220092490682805,0.0019722899670637783,0.012848499555780712,0.0037524418312597785,0.02303219111341681,0.010270681921014102,-0.012668174165592072,0.007561921618289169,0.010343925658452768,0.0449468123533836,0.00823044768334813,0.005681855466017627,0.006123376706244521,0.00235743021489232,0.006853625124265017,0.0,0.0050803176025784325,-0.0039025829870543705,-0.0029744198324996862,-0.00689635053588622,0.016528862696589153,0.003942603729307548,0.0065812915590024446,0.006688693102723464,0.005739284446925508,-0.005865192735153402,-0.12432433303208823,0.00404865953297362,-0.0010947629789461732,0.010276355083179034,-0.010076355352285127,-0.021568655667155268,0.0019499042522743704,-0.008652357758172413,0.005489525439763554,-0.0032962890448067217,0.0098042299246901,-0.009345927636637663,0.0028756567621364137,-0.00343220182735382,0.009006589404201293,0.007562387551020233,0.009723997917914895,0.01562499286371355,0.008371627964090855,0.010119255481328304,-0.010695187518601879,0.005606275964584073,-0.01122221722432648,0.000604270803447271,0.00286788792037429,0.0045077550618883855,-0.0176650496617502,0.006347105326759861
2024-05-06,0.0035140629344587726,-0.002042241120952304,0.0053333536783854996,-0.011308518005895607,0.0021627179477821112,0.0009810737920783463,0.0014381551766446954,0.02127657364330271,0.010526374388450721,0.002112685241306256,0.004280728349213447,0.0036760700978955008,0.00807192553628866,0.0016854965821897494,0.006691474158077693,0.0,-0.003937034141050955,0.007422395185888275,-0.0014017348641723881,-0.005901675427196773,-0.0025877661412234687,0.0037424237457064358,0.012008292630076856,0.007619057961367748,0.018070780090076788,0.01505099255706277,0.0056496238793162235,0.0007021361871304421,0.0013719136290348821,0.0,0.015999984741210893,0.010109444420381974,-0.013711859203619725,0.011932255379254686,0.010416509036334842,0.008130134075267526,0.0017185640188508433,0.01060258598065622,0.005695436313234659,0.0015744079833046598,-0.005899720984748558,-0.012345667202249944,0.012852784697078734,0.005479589891863812,0.004750928588858727,-0.016781228904606427,-0.006011894449682198,0.0011119667568224578,0.000572312166212896,0.010054724683948635,-0.005221861794701743,0.0038835946239941244,0.015723334655806775,0.010035867292162326,0.005969506476516617,0.006334531933382959,-0.0028868858122081953,0.007406865191938561,0.007444136374245014,-0.015265122991294788,0.003895868208115827,-0.011891952311078424,0.0053682444167584276,0.007335798901660473,0.0018118844440566662,0.0,0.00376716917771569,-0.002345771188301149,0.004948847187388639
2024-05-07,0.009804607726900061,0.0037516828941788205,0.0,0.007625343985154354,0.0008629915768820773,0.00196022445931332,0.0020510121930030767,-0.015277636308764553,0.004734776048651135,0.0028111993490624876,0.004944655457144176,0.005592099066386025,0.0008897214475829252,0.0016346378213256685,0.001107844979467032,0.006238848805571795,-0.0019761880160014123,0.0013396596083834478,0.0017158528684417806,-0.004397548408925589,0.009080832099295444,0.009587184852521302,-0.003025846128988041,-0.0037808196558357654,0.008500025131285005,0.007288425868311688,0.00561807959106142,0.002339227894435636,0.0021526851578379524,-0.005569341287931184,0.007874008357040552,0.0008340222006160136,0.002979148414335553,-0.0037517407338129027,0.012600138273310302,0.0,0.0009798620838663563,0.0006994233689707752,0.002359578106850835,0.0,-0.006923780999516627,-0.025000050291418274,0.003981064446137328,-0.0049046768498628435,0.004182624451794181,0.0019586763713108635,0.0,0.007220090819567204,0.013727863197263046,-0.01357467790803446,-0.012423541636394031,-0.0019342318379974577,-0.003096083416184392,0.0,0.0081022399803925,0.005722396029153254,-0.006948381116203772,0.0027512585537594614,0.0019704178427266683,0.014413891017098779,0.006098165332418803,-0.03391677797628645,0.0006164223546551995,-0.0006868096493732878,-0.0014065096881419326,0.0001301448585462328,0.004429759972341518,-0.0007835704867773519,0.004902984412604505
2024-05-08,-0.008893483026116922,-0.0016988887972849698,0.0,-0.01189191620276231,-0.001293415139768328,-0.0023755187743763617,-0.001023324349808452,-0.0028210089172094888,-0.001884967458671838,0.005255541855845758,0.0055988001433942,0.004748036391752697,0.0008888297612335005,0.016799532648261284,-0.0018443404157097998,-0.0033213546478250144,0.005940523251911856,0.0012037460703153702,0.0021799482754250032,-0.0046377122820149275,0.002203913489695619,-0.0023740896313685367,-0.00767668818987266,0.0016603077398602561,0.0099156876559372,-0.0067366016597941725,-0.0018622525416523983,-0.0025672317648516296,0.00039056371599288653,-0.0006223434319597709,0.01562498544808455,-0.0033333087489658686,0.004950539851543034,-0.003026292514198725,-0.004072318231461369,0.0,-0.0014687175510761374,0.006115747205209354,-0.008945483802560994,-0.0017682535728792415,-0.002191210434880908,-0.012820501064172207,-0.0029738337063177633,-0.004928851272596013,-0.00036203173984383774,0.002233877392959549,0.002016121574383023,0.0,-0.006488748687672574,0.013761485643176696,-0.00017718849128478542,0.003875639097228545,0.0,-0.0035486146839931454,0.002490231472368265,0.009388432410058156,0.0017492042832447652,-0.0021701845308876866,0.0,0.0,-0.00606120311371805,0.00226492187315519,-0.0014368667542959956,0.006461911851661339,-0.000402664119183882,-0.0002601497924051843,2.0535030439416957e-05,0.029019449264567454,0.0025804858273512643
2024-05-09,0.009096774193548374,0.0037440210530994555,0.0,-0.004376382245885324,-0.00021595103772220625,0.0026613736528433574,-0.0004098318571437165,0.021923706955869315,0.0,0.012722202431403984,0.006824896089776544,0.00686989346434741,0.007104726340755763,0.008355328111240512,0.004065075833652454,0.005332074430047573,-0.003937034141050955,0.00587951786095009,0.0017091878194133159,0.004659320871647221,0.02107381559220789,0.013485081892488093,0.0032984173827339536,0.007814590598017146,-0.018163963129325444,0.008791785909253003,0.012437727491124928,0.0018717435019870443,0.00048803372636618825,0.0024907997890710742,0.0076923006385032355,0.005852965790074327,0.009852122929717044,0.013895454292738751,0.004316097060983237,0.008064402955492156,-0.003677246601459405,0.004689060711301263,0.009026227776937734,0.0009839866720768864,-0.007985723297363245,-0.012987000923330161,0.005219857079572288,0.023665425236667703,0.02083459444454827,-0.005015313023984835,0.002012173585042465,0.007720052200272498,-0.003265902893112238,0.0018099333788967886,-0.007088448622752264,0.007722207266913417,-0.0031054108208734554,0.004273545236252785,0.008356079857677168,0.014656111821578444,-0.004656561077377774,0.00838911959341515,0.01671586948595527,0.007506772110491999,0.004878224793894326,-0.046327681489190975,0.007841103697646234,0.005464510885493601,0.0015564275026460628,0.00038984886593751433,0.010110442785649987,-0.015243826528152482,0.006272247018799693
2024-05-10,0.00697545773794972,0.0010173117239640206,0.0,0.0005493368710398627,-0.0021594487147653663,-0.0027940934453687394,-0.002460247863945275,-0.008304532490941319,0.0,-0.014283226314458664,-0.0003355020547637366,0.0002895906174980034,-0.008818256625815812,-0.024109268653509597,-0.005888885360649465,0.01546963096106313,0.009881269499579792,0.003187943445351893,-0.0018614105565101235,0.0,-0.005384054538527416,-0.0073783290577434935,-0.00029898794579874544,-0.0009399943183161508,-0.062499969019619184,0.0014938883272972436,0.004914151118191601,-0.0025685515077837895,-0.0014633083074773179,0.002484363439299697,-0.030534323358943016,-0.0004156244712215651,0.0019513818743339684,0.003326494769773314,0.0013572935003192121,-0.003999903370130453,-0.0019688608103549665,0.005877341484779697,-0.0075329725868589215,-0.0025561890354437455,-0.002817352905576942,0.059210549018389846,0.004278010890208517,0.0,0.0011831868866316597,0.014841968182458087,0.024096185793684333,0.0016415920450121302,0.014245191957094727,0.0,-0.0008923554625696051,0.005747008903116635,0.003115084437794513,-0.0028369065092037626,-0.0005598974507323717,-0.0011110327758506733,0.0058480541554295495,-0.0007703944321174605,0.0033848690999289666,0.003459213599892541,-0.005627231231065788,0.040284408167251096,0.0032146067410991908,-0.012907614612764906,-0.0018163133618526173,-0.0009096109870149194,0.0044490014553033586,-0.0131578187297543,0.003933407318997384
2024-05-13,0.0038077013250175096,0.002032555705179684,0.004244027696927777,-0.0005490352657248065,0.0021641220252914817,0.000840599383908458,0.0002057962112569367,-0.014654613472797395,-0.02266286757885594,0.0038407615161524244,0.002685391839939877,0.001769778259372412,-0.0022431673276530617,0.0070037545852832395,0.004442790265274166,0.00609356921820825,-0.011741437210194938,0.0,-0.0006215841504971786,-0.00949642520175209,0.005773990710994603,0.01221135143360863,-0.0023920306588419704,0.0014112223349902475,0.010666635647733402,0.005718550949968426,-0.0006113285754494324,0.00117046881610805,0.00029291717292134756,0.00805457317210645,-0.023622025071121988,-0.00041579728674900895,0.011489563607301356,-0.004906966494005016,0.005647080533680571,-0.012048229422743306,0.000739766261871555,-0.0029214655805044343,0.003320745181555562,0.00039444176588676605,0.005852565957982447,0.13664597928912614,0.002092952840446749,0.0,-0.008981316669345096,0.006898296171365281,-0.021568655667155268,0.003550990162416001,0.007865175826454074,-0.0009033317192176371,0.008574445665030073,-0.0019044422199964162,0.0031056989191033946,0.007823581619996522,0.00605036808776771,-0.001390527770490424,0.002325572964187117,0.003083506343035891,-0.011084256595087716,0.011402819295024402,0.002552371953774557,0.09111617824232443,0.0010201138430567802,0.009222380902599747,0.0006066506834121466,-0.00039005173837303175,-0.0030803481434305002,0.003921596474660616,-0.0013488397475491798
2024-05-14,-0.009281624316552328,0.009465780286376013,0.0031695438444327984,-0.004395495930557325,0.0021592726775341298,0.0029395133880545377,-0.0014384503661555303,-0.005665696772602202,0.009661780107220741,0.01826089313092516,0.002008700582506906,0.003211693125483972,0.0,0.004192120959633172,-0.005160316752457983,-0.004758975210703342,0.0019801010680025044,0.004105019716987179,0.002332357967156584,0.0013377521046156193,-0.007893824773312574,0.007081012414756449,0.004495619957773922,0.0016440261598131833,0.06596313246406482,0.007910996864689768,0.0012232779067185007,0.0030401602986629417,0.0013675706834883616,0.0024585890878716654,-0.024193525128260562,-0.0012479934689031413,-0.01145548650502315,0.006330416257374738,0.00808647842684418,0.0,-0.0004927433155108574,0.015511830748212718,-0.000472905589642747,0.00256148704086967,0.00561797752808979,0.4098359908210152,0.009877597492193857,-0.016129106734698584,-0.012103537197259095,-0.00822156431541654,0.01002000432140071,-0.00027232969406143503,0.0023690535679257163,0.0009041484652050347,0.007261808208837595,0.005724967031431216,0.006192071096950746,-0.005645714280890224,0.0017818944395648906,0.000556963628197682,-0.004640475011797429,0.00476483507636094,0.01608178852435782,-0.007603589936240329,0.005644759139490585,-0.029227571795850116,0.00570861364316233,-0.009820005345238747,0.001212232274041769,0.0013009983274849812,0.0009893790589032836,0.020312509857216776,0.003730373770051365
2024-05-15,0.004562057990314949,0.016074973716229124,0.0005266050027574742,0.0,0.005386901978040148,0.006420159150473781,0.00658446164837545,0.010683674864635062,0.0028707878965312794,-0.012809601485528677,0.005011751966528477,0.004770446499650527,0.0017984065883069889,-0.012049399342480727,0.006298622884074234,-0.006302763241673559,0.003952595645051238,0.012000393232525886,0.0027924202340521287,0.010910803474332154,0.006148391580525381,0.008593916938916646,0.0146178448682035,0.009847489236365359,0.02772278879847656,0.00613195038801595,0.010995668961611083,0.007694322020661115,0.0014631014730144276,0.0,0.008264454667762822,0.00666392320016751,0.005940263693098746,0.006555603577966362,0.022950008730112437,0.004065025427006264,0.006409029986373493,0.009334696196706016,0.015137115845698101,0.0074685106932361744,0.0009976847580117632,-0.26356587893658656,0.004866173354625358,0.0054646182645168295,0.012915690543209513,-0.00939481394786168,0.009920599867853763,0.004628566692472802,-0.00834165591455216,0.0027100837804054922,0.0021101850524012367,0.030360575722119254,-0.009230995532502284,0.0035486146839931454,0.008449205656680947,0.013359356641595932,0.0069930429926940985,0.011626048652865206,0.014388489655291048,-0.018493975600046397,0.013647231047726693,0.0032258530988780176,0.010358843745384982,0.0071625209122307965,0.002421695634944099,0.0025991460600047755,0.002461465755211778,-0.009954109768384733,0.009376406586692143
2024-05-16,0.013948663469159461,0.0006591860856914877,-0.002631538792660315,0.0016552864178327464,-0.001714582882527682,-0.0016641791614927515,-0.001226479668788527,0.008565442790438915,-0.0009541293553707586,0.008477563908968033,0.0019945426723286808,0.0021028918864240964,0.014362736994697478,0.02146349456878993,0.0036818901725681474,0.021653431366730702,0.003936924766838823,-0.0018241181121060324,-0.001546924426422347,0.003083751242333621,0.0,-0.0028402302765547782,-0.0008817643155073496,-0.0051080886690443306,-0.024807319955413076,-0.004387993218111785,0.002416990227908311,-0.0018510505084429196,-0.0009738973972343024,-0.0030656837848273,-0.00819671330225158,0.0016548494676149605,0.0009680151438677953,-0.0010526245449260507,-0.00500989396123086,-0.004048567895567734,-0.000489846788425119,0.0011770647018216618,-0.0009317643957839072,-0.0011703703597046866,0.005780316424425447,-0.07368420392192299,-0.0014771109407513139,-0.004891348862910316,0.009235483144131473,0.0061367186879164315,-0.003929153318931733,0.00027082189923643973,0.008271634826542584,-0.004504539539297081,0.0019300568830653564,0.007476583534321346,-0.007849236275600524,0.0035360665463233243,-0.00518131392089094,-0.0019226570415646904,0.005787016501898279,-0.0034779232399154703,0.0037825182668806967,0.00942122368090037,-0.0009771439183152708,-0.024651641960607984,-0.0062400426061336445,0.005333706606610145,-0.0006038366931181427,-0.0005184604495692691,0.0044071385464374835,0.0007733628585793184,-0.00046550884368035117
2024-05-17,0.009077829952662375,-0.0032936955991266226,0.002638482060556502,0.008815458654253483,-0.002361589684927723,-0.0025005424463113712,-0.0026605117674318723,-0.009200314333229764,0.017191914700165123,-0.0018871790227090735,0.002820133918665979,0.0019234934261009862,-0.004424796810453158,0.0019272803817391715,0.009170958967724019,-0.0053522474861759095,0.017647178022507592,0.0006525738463254438,0.002943993983880455,0.007685418262630916,0.0020546699871430985,-0.0010357907702643887,-0.00029464411357460474,0.002100483751805049,0.0032105863359983555,-0.0007346997690531598,0.0006027279643094907,-0.0027816772982189875,-0.0024374708556429425,0.0,0.0,0.018587387469093164,-0.003094760302562949,0.007836491614566565,0.007881036079799841,0.004065025427006264,-0.0009804853397238356,0.0010077264423371535,-0.000932921833687983,-0.001172062076443936,0.0055489493928024824,-0.07386363405457208,0.004874156034491817,0.004915391758800514,-0.0023025370955603863,-0.0019405244979747716,0.00394465246324982,0.0010837569704138517,-0.009594060974377205,0.0009049666894485053,0.0066550619837970615,-0.0018553505985755558,-0.0031643400978378367,0.00916136372864873,-0.00011081303488846839,-0.0002751323280051343,0.007480014913507249,0.003687517131956808,-0.007536468499188431,0.0007999674479166607,-0.006738463117691329,0.06593399814292966,0.004300677379980966,0.008978282320958986,-0.0002013173904146237,-0.0005186235702930864,0.0006610397027480008,0.010819091433075245,0.0014186587393631989
2024-05-20,-0.002179687386163809,0.0009913611959304625,0.0,0.00546165368665763,-4.298062757857046e-05,-0.0009747893964124899,-0.0008210068961261863,0.005000039840954873,-0.008450629308660473,0.02062580753939569,-0.0036392312861490694,-0.0036810969176771513,0.008000112725499609,-0.00877362016764438,0.004361968749338363,-0.001721858714841762,0.0019267950625743158,-0.0005218613414721407,0.0010812898516163738,-0.015253863331446404,-0.00036296543866176645,-0.003110489670773431,0.002943949795640499,0.0044247015488732,-0.007197820875105898,-0.0014700947048760238,0.0,-0.0011622254957922573,-0.001368214863888384,0.0,-0.00826445466776271,0.0056772485833695985,-0.004656401577054492,0.005293000676187765,0.009556707318657542,0.004048650779896024,0.000490671828408118,0.003691277157638506,-0.00606922136312027,-0.0005863578980115358,0.0015766545113886643,-0.006134963492337775,-0.002895807360155156,0.0027171814130075855,0.002722135163624184,-0.006111264275143191,0.021610926356125715,-0.0056832651952438695,-0.013477543872434383,0.0,-0.00017398256657885636,0.03159857552154777,-0.009523834492315864,0.009776560619340069,0.0008866025262246335,-0.0011010494846449559,-0.010280039676679675,-0.0015572392075429153,-0.004746145830018311,0.005595601012536422,-0.0029545627762930238,0.09278344745759859,0.0033571545961077476,-0.0005390921658627867,0.0,-0.00012969670135232203,-0.004404952046371591,0.0015290817371684806,-0.0015433837386370497
2024-05-21,0.0014298839771609284,-0.003961645041247186,-0.004736850136204729,-0.0043456010299095515,0.001979737710411378,0.0020908403147530397,0.0012323562571958657,0.0028428983188688584,0.0009469010236917708,0.028460683400279407,0.0008300488968284725,0.0012899545911548849,0.018518513010695514,-0.004354451726895747,-0.002895349741136255,-0.007546321698613023,0.01538450360288146,0.0010440636474908782,-0.0024691989503752287,0.0024341947037180844,0.009802301390705814,0.0015601499480946135,0.00029398134136804366,-0.0006954898718697367,0.02250009046527479,-0.005398926174781438,-0.0018072825540973447,0.004087234328335576,-0.0013737204894400667,0.017835104861619655,-0.0083333250549108,0.0008064455982432772,0.005847716308047035,-0.0031711649352863525,-0.00322705456650052,0.0,0.00019725331513908984,-0.004179206524100532,-0.0032876999355822,0.001565073289201857,-0.00019674335946018306,-0.03703707519273092,0.002662223730393265,-0.0027098183449680846,-0.0021836455187491666,0.003912973630459282,0.026923296049782497,0.0013062630904057126,0.00555009577217902,0.0,0.006090108661579441,-0.009009118703397045,-0.003205300077789519,-0.002766278236878472,0.0015500929777227945,0.005235477949734113,0.0011541840160087524,0.0010599843725722646,-0.0033381207138427627,0.0013248339914375684,0.005158192814566753,0.05660378017336498,-0.0030055340463726044,-0.0063039648603738785,0.0004028821286277129,0.0005189599876660456,-0.002091831331255789,0.006870315773389812,-4.2367506580265335e-05
2024-05-22,0.007456118848373494,-0.0006629643792068762,0.0,0.003273318717685214,-0.001073839463714088,-0.0012516162201617886,-0.0022564284170052407,-0.007087207705023246,0.01608326217617484,-0.020468350163538096,-0.006138111975862226,-0.006855438589505658,-0.017315891745453116,0.005371936095825536,-0.011252240541009706,0.005648449021168345,0.0,-0.002216576002451953,-0.0010828599820171814,-0.010154593932598877,-0.014201041646182633,-0.016095494059688242,-0.001469128270649378,-0.013457164912559216,-0.019071082215395996,-0.010115952335263967,-0.0072419053060363,-0.002558775045673367,-0.002161707037159455,0.02719038218981873,-0.025210158955061512,-0.011684118763847118,-0.011627857569681432,-0.006731966296075531,-0.014245747302742418,-0.004032325302913531,-0.0014785885723910264,-0.005875376409314348,-0.006126423581110929,-0.0017579961711297054,0.0025585432317050127,0.04487183014081664,-0.011778930531710419,0.0,0.003253132972329764,0.012806217506834194,-0.003745405781767408,-0.0056539634861217936,-0.006226944025671699,0.003616682563701401,0.0003458512517138246,0.0,-0.0064309190808060634,-0.013176167159939633,0.003427402795444401,-0.011787127949027143,-0.006340034850364495,-0.01270615589216706,0.007655589578196009,-0.007938587716129986,0.0012010262554296158,-0.0357141794879845,-0.009244176855880193,-0.015274496590986897,-0.0008056890706678033,-0.0006484428851146751,-0.004836525362351463,0.0045488031413354335,-0.005229901588917563
2024-05-23,-0.009959855002109608,-0.017578737440715586,0.0,-0.00380630044767305,-0.002580037786918399,-0.002924774726335566,-0.0016448029809010833,0.01498926573403625,0.027932979248437073,-0.0018389111812375791,-0.015857125460850052,-0.014718335174246144,-0.013216108191730691,0.002789926958954414,-0.004772414689128368,-0.01404180811561484,-0.00189395214924315,-0.00901712150198486,0.0,0.006690428109500379,-0.026075774090488557,-0.022955153038611176,-0.008826003965612839,-0.009171939555819852,-0.0029909346484504606,-0.0029909519149673436,-0.010942320762265978,-0.00349774753033405,-0.002166310922296133,-0.01882358777790638,-0.02586204504569778,-0.00693023774714252,0.0029411789637918684,-0.01468441398790088,-0.025618579357055804,-0.008097135791135468,-0.0024681021368470057,-0.005065926350554806,-0.020388883876824138,-0.0033267124869996723,0.012367509201510973,0.0,-0.0027355299903176755,-0.034239108630243376,-0.007663964098794551,-0.01594306826848968,-0.01691723317286653,-0.019136129087793496,-0.019510140449836344,-0.004504539539297081,0.01141083854256042,-0.01818164523021637,-0.0032360242790907545,-0.0063246220389980845,-0.006610948745593204,-0.016366126830037464,-0.016821405431317382,-0.005837294904374679,-0.017094041260279247,-0.00986937129945642,-0.006433841350878988,-0.05555561267586484,-0.005679413363537944,-0.005729289033561957,-0.0002015223043106973,-0.0016872360781313711,-0.013750765199382453,-0.00679235401018885,-0.012622280447681322
2024-05-24,-0.010298692974051837,0.00438889403392162,-0.0005288328377858198,-0.0005459834683305687,0.000431074666683795,0.0011175490739847582,0.0006179109284516482,-0.00492261101116509,0.0,0.010718519429633977,0.0030531175446144587,0.0024546092541000153,0.005357285361019537,0.013438974935781944,0.005533021247129399,-0.0065732014445781806,-0.0037948811593017107,0.0035638243388262936,-0.000544273979782961,0.012405880362543975,0.0003743665922080197,-0.00918182290592573,0.005639682455599537,0.014478805158089525,0.005250034219473454,0.009000068381066484,0.007990147769403988,0.0021059765376161277,-0.0004937117837785499,-0.0017986322051748438,0.04424774559935751,0.0024630356865851244,0.004398800511541179,0.002765078896917794,0.0033710243990960898,0.020408086525674385,0.002226558363963571,0.012389687679264405,0.004356396996968659,0.0023559873259910713,0.004459880206845179,-0.006134963492337775,0.009306809593624843,0.03545298731415958,0.004947122388873071,0.0013967099902272295,0.007648155936369694,0.0,-0.007988507594650085,0.0018099333788967886,0.004102575846328227,-0.0018519146476255743,0.0032465301294124504,0.004950507264844806,-0.003216342756615087,0.009024172881552994,0.0011798754922636157,0.010802935893060361,0.011594177884413082,0.002424573145948683,0.0029632841732407655,0.0686274551310031,0.00877170272271277,0.012087141856918615,0.00020156292373552098,0.000780122057171484,0.0026281830050283173,0.0068388055988228835,0.0024575575428693597
2024-05-28,-0.022499018501329515,-0.007058816654074929,-0.002645462331730686,-0.0010921960041696543,-0.002801041475913091,-0.004744422900923473,-0.002881387790134804,0.027561932481463103,0.003623184962974646,0.002982649653659797,-0.007270971203475973,-0.0075887579455888865,-0.005328737792053451,-0.029871670148630347,0.020909771759952456,-0.024702295648156958,0.00952366035029728,-0.002630518075904087,-0.004357401795378801,-0.022975794653372628,-0.0031817972593274346,0.00245301206461912,0.003542002630744445,0.011464816675078371,-0.0027356835868472817,0.0074330119950016815,-0.0006097108430481724,-0.005137866923630052,-0.00019737575236100646,0.0,-0.008474568565903118,0.019246456479749652,-0.004379535807192192,0.0034969534307744965,-0.012094207450227046,0.003999985259850458,-0.0032089717145225016,0.0055322745640193904,0.0072288373835949216,-0.0045054770465892124,-0.0063705851937612135,0.0,0.006309120133463519,0.0326086219637034,-0.03582224388952637,-0.022315080397185216,0.0,-0.009197466390036158,-0.010688080907222064,0.0027100837804054922,-0.006469121329034766,0.0,-0.01294479001278892,0.018296938712873967,-0.011016093890959144,-0.00391280063217303,-0.021213832840812796,0.0008539571525292278,0.010506196110014576,-0.006718624191106803,-0.014335651353074685,-0.03669724978334943,0.004651188757487157,0.022774535300864596,-0.0006046500835074076,-0.0007795139411520546,-0.009932777618728239,-0.007547131830432208,-0.005182547411981986
2024-05-29,-0.013193471638683563,-0.007447549495615435,0.00530505991756014,-0.014762116512576973,-0.0017286612242359833,-0.003644508090792087,-0.004334362742747011,-0.02613491556180203,-0.0027075571460073444,0.0006607618258887005,-0.012093214887591852,-0.011535459848939111,0.0,-0.012517905127979012,-0.009701831351756951,-0.018091356653019308,-0.005660415336146474,-0.008703872318222672,-0.0018755845000327787,0.006046980918797518,-0.012955333952771708,-0.016313250562038917,-0.004411992025787792,-0.020124902337623318,-0.01246896539818454,-0.024594157640725367,-0.017083523825668245,-0.004225384027188084,-0.003061159476613451,0.006006103999345314,-0.04273500354724069,-0.01205294377809929,0.0,-0.0026807183828220227,-0.012241977384181313,-0.003984049122087496,-0.003714780461434697,-0.022507447600309982,-0.01626786632091548,-0.0033451227684019313,-0.004468545239034061,-0.05555557599610583,-0.017241424643447134,0.0,-0.006397397772541558,-0.011127034566009608,-0.0037950528124882643,-0.01012639040188601,-0.009471752469210393,0.0018016920792012225,-0.005654649177969651,-0.005565849577677695,0.0032785635813992187,-0.010366271338225319,-0.002137576160051058,-0.012626231581992498,-0.005418403312335229,-0.015355146591681579,-0.0274101600049087,-0.005952310916000125,-0.012101653125606182,0.035238114934111664,-0.017169926075968345,-0.006789011748530527,-0.0002019771120901348,-0.0009099655978266341,-0.009473827974620819,-0.019771874509208476,-0.009965134575554813
2024-05-30,0.003415323045097063,0.004433866953156729,0.0015830489756782917,-0.0011098972517410433,0.00346322110884123,0.004361659936441775,0.003109546615554404,0.019067907729002798,0.0,-0.007429400033754363,0.009827462569808043,0.00955412014757262,0.0026787430605990092,-0.004808467267935379,-0.011973834121134619,0.003684918183605612,-0.009487624622003699,-0.0005320604041748611,0.004697902172454249,0.0,0.013696093107475438,0.015201841017452367,-0.002363195923458017,0.009442593574418012,0.016414265068857015,0.010085772118012093,0.008069438411786312,0.005186315101329164,0.0006932723338677338,-0.004776208767859669,-0.008928562875609058,-0.013013403084533248,0.0014661259699537688,0.00020160071869779195,0.016295428671791568,0.0,0.0034803355694990046,0.016885424570392882,0.008754869275029886,0.00434336436156646,-0.0039032853217324526,0.01307188320294328,0.010305530270915852,-0.013157848004006323,-0.0023524979996830675,-0.0002885297866209724,0.0076189174215550715,0.009093483473956887,0.014343546135803686,-0.006294890164749156,-0.01033940807562106,0.009328573319725253,0.003268149595209602,-0.01326810985334459,0.0050737353621537196,0.01420842197005423,0.011501106501100589,0.009684783725772972,0.03109812799592615,0.02422426099588515,0.00966510018139144,-0.0064397029394034355,0.010649780224546879,-0.008885859554755293,0.002219450221603747,0.0018218011346600171,0.006139630224203163,-0.006982054944659644,0.005545748123885641
2024-05-31,0.016645302414789898,0.008828457926386202,0.0,0.0027777016369177066,0.0021570318861416915,0.0036425216619486722,0.0014466067084568657,0.04019393865123244,0.004524904060796864,0.025781721827590642,0.020829738265249365,0.018829431354108417,0.011575840632242818,-0.009370589512003202,-0.00697757847533631,0.01835703999536853,0.0,0.010381999947420395,0.0021821935128985004,0.03851298438084383,0.025708437244609472,0.022325227073857423,-0.003257295244835534,0.010758042889889019,0.0060869475144060825,0.006989437607641813,0.0036946269978828106,0.003986981972441406,0.0011878596396954766,0.0,0.009009000301245074,-0.0074166716381022235,-0.002440026269044493,-0.003291741366113765,0.014002002808718217,0.007999970519700916,0.004458526212002267,0.00872197804958863,0.006268112488486688,0.0043249841589474425,0.0013714919942113823,-0.02580642779585396,0.011026144477409128,0.0016000509538411922,0.02190496414985077,0.020779173043177446,-0.011342013660605499,0.019994394190342657,0.009426871762059807,-0.01357467790803446,-0.00383081237995464,0.00924175091908297,0.00651440939216319,-0.0056617667912529646,0.014808267032629052,0.014009592111309699,-0.003590589571685454,0.008902313238801085,0.011310060562463864,0.022854121337781752,0.006789830197958091,-0.00925931637956856,0.0073157025455869995,-0.010344792153869298,0.0024152751765922353,0.0018180642713381268,0.017642489498577385,0.003906277630077559,0.014222399819222353
2024-06-03,-0.003674672608605989,0.007404935158295212,0.0,0.008310394895651996,0.003152912713352718,0.00558667304798921,0.003639062203046217,-0.026648897707000407,0.005405357106342601,-0.008918389487153289,-0.008028016407764849,-0.006090875962803222,-0.0017603135252289848,-0.006059488973578886,-0.018491075418245795,-0.0036052084581371657,-0.003831336876322089,-0.0021078030983830987,0.0007773998965443507,-0.005144791108748659,-0.006769215214449065,-0.00932121130732555,-0.00029721284421946326,0.0004627257059817147,-0.0023458799512058315,0.006941021869849795,0.006134896167618864,0.004438067692594583,0.0029661655265598164,0.0041993063929219865,-0.008928562875609058,-0.006641628156996315,0.003914038483502802,0.006942547526596732,0.002227137793921141,-0.02306073073416326,0.002959365294131988,0.0023278360280287735,0.009103878084741446,0.004911750374988477,0.03365293477189146,0.01986753084718007,-0.006221753641062144,0.03833857048000189,-0.008622647270364436,-0.007633570606619289,0.017208350856831922,-0.0033132082661332385,-0.017218728928514837,0.008257053394801872,0.036881658527420313,0.001831464538817995,0.003236420219905556,-0.014946585534026169,0.0028741320984901897,-0.010499999072910327,0.007807780028409539,0.005543384683859509,0.009319785470728092,-0.019225815697503368,0.016174422732687654,0.03738317972538874,0.004808004354907025,-0.03595820114578152,0.0012047692656822484,0.0020556544833176815,-0.004201546653474164,0.012451411511942734,-0.0022049176075626953
2024-06-04,0.0067616170989230895,0.006348213408041703,-0.01475230695732066,0.0010986737420795034,0.0038752072880379185,0.0037591634247546857,0.0020600424305758924,0.019849475985428633,0.0,-0.005071924359572932,-0.00033714252165439884,0.000711414093010676,0.012345609246586342,0.010061910374756344,-0.008666266162982383,-0.0009045403585082878,-0.017307913816348885,0.0026402418493689517,0.0007770537446709636,0.0019392208519128928,0.005341857458573518,0.004301099989350909,-0.0017828726936377493,-0.014107407062085464,-0.01212879131214073,-0.008862696556575567,0.0012194850656019884,0.0051162647795197636,0.001143607924796175,-0.005973812202272666,-0.018018000602490147,-0.007939930660454397,0.004873337703901193,-0.006760835878648952,0.004444187448887638,-0.0042918404969757296,0.0017212373127175606,-0.008294496809432284,0.002374241360584284,0.003127887169880328,-0.0556502287524131,-0.0649350046166508,-0.013778044078651686,-0.018974404578261828,-0.009555254846831063,0.015099786953901573,-0.020676719757424245,0.0036011570667930926,0.010987432666555774,0.016378508550208837,-0.05411331550975529,-0.007312565264074644,-0.006451564525117193,-0.010115631813186643,0.004960376434702374,0.0011170378809657322,0.0028009807892133143,-0.004531170472153012,-0.01015707810062394,-0.005033076204211562,0.011681079448306875,0.0,-0.007147633136948883,0.0053491544187609374,0.0012033195432796795,0.0012981562823490833,-0.0012904755663530887,-0.006149234322146757,0.002553093875840462
2024-06-05,0.0004478845984015045,0.004316037180708943,0.002673755883456419,0.007135203599635931,0.002358977540010798,0.0027744731884582485,0.0024672507803080723,-0.016107490675701608,0.0008960778690472182,-0.04489393033020117,-0.0016867580533379556,-0.002778916377881191,0.006097624870130103,-0.016144825011664365,0.004561070742322926,-0.0018108102484435395,0.011741872138646414,0.009611639677455486,0.002639609451886571,0.028602200765338592,-0.014107822582626661,-0.015256952146976421,0.006251901679094951,-0.0011728725040398569,0.014783232411193836,0.005712967086257903,-0.005481093752492505,0.0034707047497191112,0.0035842969613399944,0.0006009054080826637,0.009174302896359121,0.007582083315286647,-0.005819835843656973,0.006941676391176044,-0.014159119708207935,0.0,0.0036815401052516794,0.002843761792323596,0.007105755420693249,0.002533424160809261,0.02806173359137154,-0.020833395421502532,0.003186310002396331,-0.000522613314571041,0.016573937999312838,-0.026943661036121447,-0.019193790372239006,-0.0063483137836096715,-0.0016155814216438635,-0.014324350412011855,0.03332744583618985,0.0018417838335318404,0.0,0.0036496337086826536,0.006581046351964881,-0.004463276102133151,0.00552683692054301,0.00303450933066185,0.010261302956163787,-0.005591131296370344,0.007338081538137642,-0.0450451031250122,0.0014921486458572275,-0.0012942393363210014,0.0010016850691894064,0.0007778206912956165,-0.0006151036164868673,0.0007733628585793184,0.003424556685260649
2024-06-06,0.008910351245339454,0.004628030753149659,-0.0053333536783853885,0.0,-0.0004276269615323125,0.00013809961742161647,-0.0006152325728838726,-0.0013641366151713186,0.0008952756323663547,0.010330549129486055,-0.0016893350225091197,-0.0016205362391116251,-0.0025974713662485494,0.004987800197622461,0.011729066094044338,-0.012925118593433815,-0.02321077143837269,0.0002607405561216858,0.0007744704836591954,-0.011080918112772564,-0.007433481991929836,-0.007338704911077909,-0.0032546363012259105,0.00328786104258616,-0.01555565785302726,-0.002469780470428784,0.0006123880741608634,0.0,0.00372856254126952,-0.014414266399521147,-0.027272700672307915,0.013377993716671588,0.0,0.007295111032014745,0.006283644832346447,0.00862067957566559,-0.0007333803554708807,0.0030024365027787603,-0.004703714286905525,-0.0003887420925331453,0.004094346420486561,0.0,0.008306874130497022,-0.04236408050464058,0.0010341064848502501,0.008753997181392359,-0.001956940135964591,-0.0005557435340217687,0.0030891763234901504,-0.009990800725391824,0.004656749266477744,0.018382376144565837,-0.00324672874253662,0.013818133309360103,0.0038139659755034305,-0.01148763991260593,0.006501158872323387,0.003267102012815659,-0.009233729096454257,-0.006693440701830755,-0.0014999399188120321,-0.004716952582084821,0.0013692911081035763,0.009935180249160513,0.00020015305433229713,0.00025917740883274476,-0.0003077411009075881,-0.014683106688309966,-0.00014959383714940877
2024-06-07,0.017542397557291256,-0.0026324061452051017,0.008042875152728612,-0.00217999669401181,-0.006421496230360035,-0.008021965978785017,-0.00410435133247411,-0.03278696389649449,0.0,-0.009713761153168798,-0.0027078654158757542,-0.00197976398524069,-0.0026041382024067916,-0.004891777566536137,-0.00897530029459026,-0.015391700138850495,0.015841468687733284,-0.0005211416054723417,0.005571025278849673,-0.03023265309822276,-0.00842548617969019,-0.009583883531308901,-0.0029680819759085875,-0.014513151813998593,-0.004514632379018835,-0.011388963107154315,-0.0079559818621171,-0.009683871330376514,-0.0036171261119563036,0.0,0.009345785021542818,-0.01691422922764041,0.0,-0.024252085477905028,-0.008847577557448805,-0.004273499319532359,-0.004160385567313352,-0.01895886567530225,-0.023629718880822992,-0.007584491333559096,0.011650442332675093,-0.03546095992902232,-0.01066140498396606,0.024030605606597755,0.001397812395229181,-0.0052065782562003005,-0.0019608830703373714,-0.003279424736526093,-0.0055726284688237815,0.0073393630044225056,0.013047214294869436,0.02707574746287822,0.00651440939216319,-0.01362979498527439,0.0014111701421795075,-0.007936507936507908,-0.008220818775461769,-0.01350894740025299,-0.02096927602644072,0.0021563836750693177,-0.018345662083812053,-0.033175329123136255,-0.012305939886603001,-0.002708766009991481,-0.002401025793773326,-0.0034968297965837225,-0.0004926683642542118,0.020392263284243706,-0.0016425748189323741
2024-06-10,-0.021599577825434202,0.0013196769984429313,-0.009042557616641966,0.004915371957533887,0.0002153749348559053,-0.0015339844968573768,-0.0030909082900616447,-0.005649658580445416,0.0008943895290316473,-0.0024091244425130665,0.0003395221929474168,-0.0005528965614639558,0.00870325527657112,-0.004313730429716167,0.015471673826939591,-0.009332613976622217,0.003898661657340652,0.0036522356360555452,-0.0056941925106692715,0.0026162671290290707,0.001699385037286838,0.0011059507758217624,0.00297691771171249,0.012114139769651588,-0.007306533296758899,-0.005509700166646314,0.003701464882379879,-0.0004658727276086738,-0.0004905688997153268,0.0,0.009259250061012025,0.010490983292762213,-0.005853723845903325,0.003949161541899171,-0.005264255897616366,0.0,-0.0004917031186724152,0.0023732166579535363,0.0062925845264840685,-0.000783810796671558,0.0,-0.04411769217479555,0.0036736651461439784,-0.0111999204282478,-0.004430206701739436,-0.024425898188315087,-0.013752513699716418,-0.0024537840945854095,-0.007520925377795695,0.0,0.003558770596141736,-0.015817090556801472,-0.009708666748494466,0.014545449272756583,0.004444427021891295,0.008000000000000007,0.014801667403516516,0.0007948630188174821,0.0038077848072330944,-0.011834282493207282,-0.006666601521205684,0.0686274551310031,-0.00040726688270131817,0.03216579615360149,0.00040127202155026964,-0.0002600194972343095,0.0009445279891795444,0.003074429076583174,0.003162547171308594
2024-06-11,-0.0011746443471829515,-0.003953813238941173,0.0,0.002717438998705024,0.0012925838254567168,0.004050251588422871,0.0026870871843205357,-0.006392033418864185,0.006255643532038224,0.010350078138047891,-0.00576765692226755,-0.004555691934635786,0.009490900794565382,0.0010074865723870285,0.0018580479071075295,0.01507302314464476,0.001941544786074001,0.0010396406897872357,0.0009285838781409872,-0.002870307173073683,0.004335386375988071,0.0,0.0017811058794812151,-0.013142471308336012,0.05050761682294769,-0.017124116343441464,-0.01106325204105918,0.0030281549910773364,0.002355744316899999,0.0018282256436501498,-0.018348605792718242,0.00041527930506624067,0.025515335717718246,-0.0003386720864573256,-0.0006903514993810145,-0.021459202484878426,0.0027045052728313923,-0.01149540437842933,-0.023541102584652807,0.0029417363471002655,0.002343573926019138,0.03076929425347008,-0.01586127631084011,-0.01564205819515818,-0.015361233884701453,0.0029806824056852754,0.003984157537134214,-0.0023202030897145898,0.0041603608043569995,0.0,-0.002870734338473957,-0.003571549523086248,-0.009803749096151115,-0.0021505225739841816,-0.004100919822334181,0.003117610150710437,0.0012217922133455072,-0.013469473719916802,-0.0004741522280919952,0.007893225029438344,0.01034223871527118,-0.01834862489167477,-0.014663721065871105,0.0006924243373496175,0.0008017258115922132,0.001430056281373604,-0.003364857194730453,0.003831351170532793,-0.004515673622779159
2024-06-12,-0.001824967287806789,0.00297709899761589,0.003757466737855264,0.002710196091730843,0.004086834998001887,0.004589420225936891,0.002679802955664945,0.0,0.001776154856378831,-0.00017068209376913668,-0.003048535684877729,-0.0024115471280533596,0.014529819425122215,-0.014947138317554454,0.00259650215445828,-0.007192659447071925,-0.0038757803461735296,0.007530732626403802,0.0013919682961285318,0.017358823443130778,-0.003002925359864017,-0.040320491731410946,0.006814754111535315,0.010939299179053785,-0.035999092657893694,0.012810538016014394,0.009322514023177408,0.00534166671970171,0.004112922779425876,0.02493908293337954,0.0,0.004981283037037043,0.03253587204654673,0.0076669974550780395,0.007598435553629823,0.013157879082428492,0.003433086149338349,0.013968905417857558,0.019588097749382305,0.005083931236920414,0.00613261067711246,0.03731339632150399,0.009769260170375604,0.003287776345153981,-0.008171794591412707,-0.021693960795867606,0.009920599867853763,-0.0033902590530192622,-0.0218999583072238,0.0,0.01100772732667088,0.0071685070893974245,-0.0033002041012655248,0.0035919526853671613,-0.002600805160002939,-0.005651028837244998,0.007931655377719338,0.011145582889852124,-0.0037950786486619092,-0.007561403956983681,0.007513724323874538,-0.01869158986269437,0.008739802378620931,0.004290831814881546,0.0015500950398199542,0.0024665602817599552,0.0023746948677663138,0.002290167521910913,0.004643063212842691
2024-06-13,-0.007556989381350077,-0.002638419881418552,-0.008021471644866773,-0.0005407317511065823,0.002356450340052163,0.0044304629777900395,0.003289557148592692,0.005003539888739139,0.006205731396776937,0.004781441275372833,-0.001546108589032813,-0.0019242694649369563,-0.0025272577865453894,-0.0004597193343559569,0.0007398307157717721,0.016358886245775972,-0.011673121887468385,0.0048970464298876415,0.001235030378610169,-0.005615570350017918,-0.0030119700812040184,0.018992825899850407,-0.007063157160452582,-0.02446476852618218,-0.016792020443556877,-0.028079783987131512,-0.009852189318511728,0.005774648313165542,0.0018530091472126475,-0.021364940395086296,-0.018691681453631315,0.00041313155360622744,-0.008341120615353859,-0.010235070278580505,-0.0029707267751076794,0.0,0.0004886304292899268,-0.017909436177715676,-0.01034477160781977,0.0042802058955953015,-0.0038095193740075306,0.007194237817389482,-0.015077116527123402,0.0,-0.010361362573380606,-0.011543051645218183,-0.007858518674954795,-0.0002809482914951644,0.0,-0.01001818702480195,0.0003349601043158845,-0.01779361639199606,0.0033111315110581074,0.0007157908046961925,-0.0011951048872802517,-0.0005683593125622721,-0.004842613411798591,-0.013609907310088043,-0.008095256587832722,-0.0040816741735756334,0.014699605863325527,-0.009523868835677018,-0.016811187611438627,0.0011026185713820524,0.0012056249513612283,0.0016835772129624171,-0.0019366010803341105,-0.014470724676790891,0.002342699983990615
2024-06-14,-0.0010293625906044879,-0.0029762421898397173,0.002695479593836536,-0.004326556954951988,0.0017095478988145008,0.0015161008620110383,0.003073641609917077,-0.01635845777028766,0.0008809933807443215,-0.0035689616472838193,-0.004645577468135653,-0.005404546261364995,-0.00979147978507322,0.007616091587273832,-0.0007392837709303546,0.01149686980199549,-0.009999974843931225,0.00012814679215034097,-0.00262182575783787,-0.007384862968342398,-0.004154018311556595,0.0036713711544791305,-0.0040603562502119495,0.0009646030073853229,0.003186322355359872,-0.0231649979056312,-0.0068408697055721834,0.0009186501863884811,0.0012458445095218096,-0.0012240480739484916,0.0,-0.0016515974378848997,-0.01159418248748001,0.011293252964431844,-0.005042370662234674,-0.00865799849104465,-0.003663659346008208,-0.01963876788702279,-0.0019909527580441733,0.0,0.007457006776194985,-0.04999995316777828,-0.0091747414506832,0.010376801656035273,0.019047582590580703,-0.004917016126148255,0.005940466252654986,-0.0022499143064806937,-0.0037822250658485768,0.009199794836082242,0.00787007453761146,0.011029281095515708,0.00834736725115004,-0.002861257872452283,-0.0027194829519008312,-0.005686713053143944,-0.003041353973379568,-0.00808615125840495,-0.008641333066275236,-0.0049180413300577985,0.008414964870833375,-0.009615326438849658,-0.010242727963707843,0.0011011827994436008,-0.00020046198574741325,-0.000258430968651413,-0.007781056269419495,0.016228731700601573,-0.002294707623564096
2024-06-17,0.009644712446572612,-0.004975147010599756,0.0,0.002172648240758024,-0.002560378873667335,-0.003716038582149417,-0.002247124540778467,0.03976859448086523,-0.0008802179145879219,0.0010231896605124025,0.004667259584097527,0.004274225933804887,-0.0017198420871393783,-0.0027395428058258897,0.006289301655347135,0.020913848785042655,0.01616153090307515,0.011155250467350442,0.002783551911230031,-0.015098455243419462,-0.0022753495628491383,-0.010410819770046653,0.004969827052732523,0.002890726023901724,-0.021471145184710938,0.008260007671405889,0.002504770806051493,-0.0036716974455981433,-0.0025084535369085392,0.009191097025138761,0.00952380087370197,-0.002067727089305804,0.009775056326725595,-0.007265282738989853,0.0057589749162045845,0.0,-0.0007353848717459588,0.011625864307063694,-0.00947629499432645,-0.003680844485171253,0.003226451069141767,-0.04511282710736697,0.003824842923842331,-0.0016216733644101033,0.021476807944692977,0.01667686621328235,0.0,0.0036640860402255004,0.0034929327958641565,-0.010938973089793524,0.0004984474847926634,-0.012727123587847111,-0.0066230529052365705,0.0021521368763344206,-0.000654520858661356,-0.006862880879391464,0.010372136773545204,0.0050070369816812565,-0.015012162485083635,-0.009060901508743169,-0.009928949041337565,0.0,0.003399918025760451,0.016639308022466492,-0.001003912430673437,-0.00142268424171077,0.009984727731140453,-0.007604524176903049,0.006687141907665284
2024-06-18,-0.002245263285664434,0.0018333223973192592,0.0,0.00921419264636869,0.003208689051744429,0.0034535234318417984,0.0024569821672459913,-0.018776043269745024,0.0026431481905648813,0.004089373237228022,0.0037854674222415063,0.003959284125119478,0.0,-0.0003050842711371793,0.006249993560501155,0.0011132811848355573,-0.01988066685656753,0.0020287560051890363,-0.0016963376573789768,0.022217255527839708,0.003420653881185176,-0.007961317503531462,-0.003553539979070819,0.002882491634102813,0.013243210890846013,0.004492643294009557,0.0056214585901595004,0.0036852284896300436,0.002339448138626299,-0.004250083400239468,0.0,0.007459455494283729,-0.02420136311367127,0.006776535222639435,0.010994064371238732,0.00436680705441006,0.003189081894481083,0.005480851873820969,0.006042233331762237,0.003694443155887406,0.003216002287346198,-0.0393700417852032,0.008923662713427927,0.012452728622852849,-0.01714742042358275,-0.007594122855758001,-0.013779268264182964,0.0019658969726790154,0.0013618274922524432,0.001843205718576213,0.004815599962792794,0.0,-0.006666303197324197,0.007873984283143454,0.0015280153741961122,0.007198305911919167,0.0018116011523663378,0.0032850486157001146,0.0049164209707810436,0.011360483393700216,0.009175185503066396,0.029126155443550017,0.005294447147099923,0.009062581192933017,0.0010049212836418242,0.0016835772129624171,0.003233569814051096,-0.016976037695110247,6.328281898948518e-05
2024-06-20,0.006750883041857003,-0.00039927498039615816,0.0,0.020408096897403416,-0.0034115103501681787,-0.0019271925512428512,-0.001633946008855136,-0.0042523685456349325,0.0,-0.012896640475152155,0.005827615889594906,0.0049292239920759595,0.007752094358421058,0.009973059046088917,0.002192140256019659,-0.004670653364543087,0.006085243998783296,-0.0024045232463099087,-0.00046342366593732365,-0.008259076954142963,0.0013257663538808195,0.0014329243299635586,-0.0005943687763876326,-0.0009581339456234961,0.014864185136016506,-0.001052328149374726,-0.0018634093748285396,-0.0016063265709315155,-0.001555522598021497,0.006097428018750239,0.009434066238082961,0.0020569152423621784,0.003472389319146174,0.007942176349960972,-0.004531251724745666,-0.008695641918348485,0.0004892983389637173,0.002637613615621648,-0.005005088265237045,-0.0025183684119266525,-0.0041485902033620015,0.01639342660450316,0.00472030918898092,0.0,0.022624982239311642,-0.000918240297173134,0.011976004045641586,0.00420404898382043,-0.0016622791025028283,0.011959652058890935,-0.017021956183958964,-0.00920829056727357,-0.00671154829861631,0.0028409364456052355,0.00174381032580051,0.004574171346138689,-0.014466481845429868,0.002777772418800284,-0.005381535169116103,-0.00575339957459331,-0.00666047263679026,-0.028301831888624784,-0.00046361655143778435,0.004557623377470454,-0.0008033278085309847,-0.0005171773534565771,0.0027920716662213074,-0.007228896588038269,0.00416738645960435
2024-06-21,0.007762423739439361,0.004893072191156422,-0.005376364484882101,-0.008421081705845324,0.0010699365643216385,0.00027584482770337537,0.0010228154008804502,0.0,0.010544805303367655,0.0017190699880402782,-0.0027264013860858194,-0.0013079990915632056,0.0025639950243303566,-0.020202485480360632,-0.006926702878920943,-0.005363144831425748,-0.01814520308100087,-0.002155996497718915,0.0043271006970853065,-0.0002191811573329927,-0.0039719564395238605,-0.004579304802831974,0.0011893276342234138,-0.008151509846767269,-0.04242412804990092,-0.012905065459426934,-0.007467293882786441,0.00045968885926650493,-0.0006820616531714174,-0.0030302373552220097,-0.009345896432088385,-0.008620788191014306,-0.003460373554973639,-0.01058727062578435,0.009786182779797814,0.008771919388285587,0.000977808881497788,-0.013854795854244095,-0.003521073763256277,0.0009711097237359301,-0.005491341481182799,-0.032258033504347416,-0.012858498990290013,-0.008021427215441856,0.005184382812552846,0.009497436390622838,0.0295856917500128,0.0008369530777638801,0.006812042957257347,0.04363629196268115,-0.0006724639544238853,0.0018589140072828858,0.0,-0.005665706179644681,0.0026108200174557172,-0.0028458397327753016,0.00519863443568358,-0.008511407852989317,0.0044268340616622215,0.017911206800315327,0.0,-0.05728156281814489,-0.008957199014818285,-0.0033715101208595666,-0.0002007458868957812,0.0001295979255917512,0.0014329459159616587,-0.004045115230593255,-0.001938197095354921
2024-06-24,0.004960193713105854,0.0036767140695741496,0.0,0.008700440646624452,-0.0002138454278710622,0.0005514261399157672,-0.0006130951620461067,-0.005693817324102124,0.02521738798721973,0.04461984697328458,0.013499487715944891,0.013588683854825367,-0.01193493142056501,0.003085018058773592,0.006975016747506446,0.017074836622685385,0.02053371695907802,-0.0006360880574541872,-0.00230820480041527,-0.005260730871845087,0.013482719872156546,0.015813761863105125,0.0002971246390577331,0.0004835166306293992,0.048523228196422075,0.018142974355210395,0.01003145055545307,0.0009189552850263905,-0.0003898699356891244,0.014589756844191726,0.0,0.007867518865228629,0.0009921112340418592,0.004965937837561496,0.0024791847970091485,0.008695641918348374,0.0002442391682193623,0.017961955278074315,0.006562461824346499,0.0005819420266215403,0.004950416185141915,0.00833332505491069,0.014391901105958116,0.0,-0.0018591820774848111,0.007890792755461895,-0.005747106236436816,0.010597100689951011,0.028717293963551827,-0.04355409153300949,0.0030282229509130953,0.012986858992243722,-0.006756795403912386,0.004273545236252785,0.009440057350399877,0.008874035246060341,0.001521169972791947,0.009661397673831562,0.003917804087354648,-0.004872775091161907,0.004044550700445182,-0.042224507411242396,0.011845429895465776,0.005141718928454608,0.00040165491397603503,0.0001292655936746545,0.006828161539541799,0.0,0.005741241321551183
2024-06-25,-0.0032102138039067363,-0.0006931222345158972,-0.0010811058250633776,-0.0026953993404060794,0.0006414129773841815,0.0005513448673832855,0.000818181645727778,0.015032108676407363,0.0,-0.0011500492523526251,-0.008430427296215681,-0.00906138336772877,0.005176658598605277,-0.005023511429620986,-0.00802048498888408,-0.023857020864259115,-0.0020118696347208864,-0.0008925201902030278,0.0012393259923575428,0.0028646218640644427,-0.0093686097407365,-0.014435334106128739,0.004750714696379887,0.005798509969383581,0.00100597212480813,-0.0060271543261083416,-0.0055866931045491786,0.0006886775625920549,0.0010728153729369083,-0.021569698405274562,-0.00943395377648304,-0.010271163924429394,0.0049556396244654355,-0.0025045597262841612,-0.013714026271839264,0.0,0.001220588822671731,-0.01450033949777707,0.0,-0.00019376223440970008,0.005494535323134819,-0.00826445466776271,-0.006607482716129653,-0.0237195879434422,-0.0004204042295133936,-0.012345688249206677,-0.013487428234606358,-0.010154630915619078,-0.00833090231349698,-0.006375242415483484,0.0003355409920120511,-0.007325823204647031,0.0,-0.006383004295729466,0.0021498792261549493,-0.006832024886359922,0.004860386675693773,0.0027979365890298258,-0.0018536345413162625,0.007072963767742246,0.0016957232637533348,-0.046236542306826944,-0.004623816831599514,-0.0020190950910117245,0.0004017411312138286,-0.0002588132701693002,-0.012304446866445384,-0.004874200823787422,-0.0069548311621207
2024-06-26,-0.041787445313407945,-0.001155813585393406,-0.00432900030777672,-0.0054054866381614275,-0.003247187177047417,-0.004683125805687527,-0.004699709511011174,0.007052221725918573,-0.0008481958366575171,-0.003289348143534654,-0.004930820502135114,-0.004075174514983404,-0.004291889043841368,0.005667119272144694,0.0,0.03258666256596321,0.0,-0.0012760116470231786,0.002320452786229499,-0.0030762841088705084,-0.0007566105716267923,-0.0005744147469111116,-0.0002953995956173072,-0.0043237863616581995,0.0,-0.0060638047994665545,-0.005617884942394347,-0.005504409343808692,-0.0033117516888194753,0.028169013232495876,-0.01904760174740394,-0.0020754520397122667,0.008875575100738997,-0.008821946376548206,0.003647177839007254,0.004310339787832795,-0.0039013898900691624,-0.009395448715703969,-0.01454359779043568,-0.004073043979002766,0.002449627959334233,-0.025000074505802994,-0.0037652796959506407,0.015703843853826616,0.004508243379099275,-0.014634120474309786,0.00781247200383306,-0.004237040172678896,-0.01783337927221318,-0.005499387493207442,-0.002347539333204751,0.0,0.0,0.0007138182824431016,-0.008795333957493878,-0.0028658565308891104,0.005441194721184761,-0.007260687869635851,-9.780415129911901e-05,-0.02323070231543467,-0.014285643016503258,0.003382166447656987,-0.004983168443335795,-0.003911944094931674,-0.001003949500226975,-0.0009053971960772955,-0.0031248178075446997,-0.010612302027410703,-0.0024619781688361986
2024-06-27,-0.003024966265873341,0.0006303429694245466,0.0027174535568372793,0.0027174918505583623,0.0017573093376399562,0.0017989465420913398,0.0008212073868258951,0.009103600224810604,0.009337912805182924,-0.001980206506346671,-0.0015381243657480725,-0.0029132314721698194,0.0017242900991425447,0.0016906541591354962,0.005512760678136885,-0.013368321175540432,0.00806447344919059,-0.0012774428768550505,-0.003550007126903454,-0.00044087442848295133,0.007950081263202513,-0.002873376676068795,0.0017752452175106015,0.005103672899642309,-0.012562755718341645,0.0008129881290599439,-0.0007696825464043044,0.001735597367068964,0.0025865490957768245,0.03633101156858021,0.029126186624347072,0.004445454495064061,0.0527858881332719,0.011296802497384073,0.014989782598928025,0.0,0.000935273422710603,0.004115874880614712,0.006106806454238223,0.0019475147945093862,0.01240599989213731,-0.05128200425668883,0.002897362797245062,0.0022087367388805568,-0.002333918101098509,-0.0015469948949873302,0.0,0.0002237021363835634,-0.0006000444313636333,0.0129033442270996,0.016167878968465388,-0.0036900921140693432,0.0,0.0042794991392580695,-0.0050859119626121,0.001149704957543074,0.01864110318038481,0.0007733543954109301,-0.007182854836976893,-0.01299782142385053,0.003972040132448562,0.022471980984527073,0.0007639556422243121,0.008396401743197446,0.0006029750566429737,0.000776818178851002,-0.0022687493981362605,-0.0016501061699255581,-0.0009147503100546128
2024-06-28,0.005857597336614173,-0.0026524877245447387,-0.0005420178031604328,-0.0010840033801541304,-0.004278877096795308,-0.004696711532047981,-0.0016409843854565676,-0.013879248878937434,0.001682044029593932,0.010416693798789955,0.002224889922909812,0.002166760890887076,0.0017210341138482743,0.005472303875907247,-0.0018274878670477834,0.0037760509782174267,0.045999949906610826,-0.0014074329560945786,-0.003097899335728682,0.0024256206275625747,-0.00525817456801736,-0.0025936887217787863,0.0008865136144156072,0.004373295537852595,-0.01043258095060895,-0.0010830341830710966,0.008985893498910658,-0.005314162058730476,-0.0020519995647154676,0.022413804066479637,0.009434066238082961,-0.0016701071736526796,-0.008820778479656788,-0.0026401649953859962,0.01163562376859062,0.008583680993951459,-0.0009837955264527798,-0.003564406095719286,0.0015172815370756432,-0.0036930063696836157,-0.0037133263800380734,-0.009009000301245074,0.004647789009510239,0.002754836215641543,-0.0041986897541552715,-0.0015493276312054105,-0.003875955210347559,0.002658837454782681,-0.011106978908192344,0.022747680575699203,-0.0019867646206109812,0.003703759327154943,0.0,-0.0021306669340089845,-0.005003403152105457,-0.00028729324824827707,-0.0035419261919019673,0.0034536145315826605,-0.013875137211417865,0.012328452180913496,-0.018605481108695865,-0.0802198276735756,0.004346989276162283,-0.0021486749149575157,0.0004017411312138286,-0.00025880853807258575,-0.0013430191409001813,0.014049526519082312,0.0001278104858821738
2024-07-01,-0.012652441117538937,-0.0020612011491936144,-0.007592261005551326,0.001085179718637308,-0.0021125816975635647,-0.0052763642490589735,-0.003232007631787437,-0.028852891576774398,0.003358519090302048,0.027327729453116456,-0.0052938239270615695,-0.004651741675413712,0.0017182688656751655,-0.005595218854458017,0.011351198218275904,0.0017703384828033908,-0.04206494758141299,0.000255876527799348,0.0017094408537634553,-0.007479082749498267,-0.004908492774062578,-0.0017336999971676592,-0.0005902151985106574,-0.009192193156345452,0.002828436885584207,0.0108429183453842,0.003180574092814803,-0.004181227419256084,-0.0011751393680879962,0.023046774658731728,0.009345785021542818,0.00627348224465929,-0.029508158556685427,0.003936840870743419,-0.023667215773548134,0.0,-0.002214893951513419,0.008585217910528353,0.0005051304384229294,-0.004288389192239173,0.005963466505552351,-0.018181800448205276,0.007001739758354164,0.027472458182566273,-0.01523895065701808,-0.01117329134544831,0.009727591735741337,-0.007062450690147104,-0.0030563524271848275,0.0035588518037690253,0.0059721591363135484,-0.0018450956031035304,-0.006802451761979023,0.01281136916510306,0.006211304491676062,-0.007466814346214989,0.010071050334553133,0.004086167067254287,-0.003015064465614503,-0.009964035419563366,-0.017259024860711514,0.07168459151201012,0.00306130779186109,0.011843587364879893,-0.00020070744012745667,-0.0010903290413312172,-0.008961824694749154,0.011409923154184431,-0.003321443170327676
2024-07-02,0.004073484388007476,0.0013991836160902604,0.002732303087090715,0.007046140622860575,0.003240487186626506,0.0029389357712141795,0.00206494286032588,0.011594156253637244,0.004184116446269481,-0.015291424322545821,0.003433660526272142,0.003110160172090426,0.009434076859295537,0.00808188909886498,0.00036194099810926694,0.005743275701386885,-0.0299401530955139,0.00320232760139616,-0.0006206239114507905,0.0013297786052723914,0.0015177376216370941,-0.0005789036443023532,-0.001771923186590696,0.0017090031037869657,0.006410226671504926,-0.005363305291356535,0.0031705546270703877,0.0023326891826898066,0.0021567995897353587,-0.009340584783894879,-0.009259250061012025,0.001662553599685257,0.0,0.0006086538484966209,-0.005437444974666916,-0.0042553142370359565,0.001973279923526805,-0.0042560347790285835,0.0025240708817724222,0.004523522243632394,0.0033345643465818586,0.0,0.0012912520824803764,0.01604276290077844,0.00165141251026113,0.004394281727569949,0.011560756748315137,0.0022491691392376723,0.012109136466175174,-0.0026596299826749936,-0.00032981689967337413,0.0073937272696769085,0.0,-0.0007027124307523724,-0.007961616571736663,0.0034721828126043075,-0.00293248507909305,0.004069538254061644,0.0020161217140146626,0.0008386575038570321,0.007785745202985472,-0.007803811420258433,0.003094076264571033,0.000798336289180801,0.0008031558797063632,0.0018193741753163017,0.00390532295668522,0.000806012254371602,0.004037592558023162
2024-07-03,0.0011832934152151697,-0.0018962525875819702,0.0,0.009687769038420724,0.004091300978431578,0.005721423949907489,0.0028854439189802683,0.0007164543890914032,0.009999990463256836,0.005499758228545648,-0.0013687367984543952,-0.0007710874094393194,0.0059469473511861715,-0.005175497353240188,0.003981214567483793,-0.00332158066822974,0.0020576305336796885,0.0026809230204039025,0.0021729559665815135,0.008189440096218359,-0.0062511704443236615,0.005791922361883639,0.0008873599930860898,0.016329469509681616,0.023694438882746027,0.01671606480585064,0.003792756534059638,0.005585349100442727,0.00264135951136657,-0.002218629275671846,-0.009345896432088385,0.0062241051083973264,0.013513585204034007,0.007635487597979385,0.004555929180593887,-0.004273499319532359,0.002707942230290472,0.019234122270994414,0.014602182651682671,0.005089740347468563,0.003692757757842058,0.009259250061012025,0.015574829318943273,0.0,-0.000671772926496228,0.002812527075571669,0.0038095101045245716,-0.002861159322264828,0.004694819369200021,0.0,0.004618960006496531,0.011009044121813583,0.013698394694296123,0.0056259330754278025,-0.0040677255775904975,0.0020185070151206297,0.007058850456487464,0.013561821096181648,0.021126748719042077,0.0019552987797764043,0.013133172855128716,0.1056180264376736,0.015380766523715117,0.0023923230836446763,0.001324745302778707,0.0024647866958933395,-0.0004785090838532735,0.016102960283093104,0.0034468151122215573
2024-07-05,-0.005698303006455907,0.010898902474142824,0.004904640366044655,-0.001066207432365518,0.0034312585973590437,0.00457896545078218,0.002055337851795125,-0.02720119093381379,-0.0008251014006815938,0.002895731144202607,-0.00291241432549616,-0.003546173059347457,0.00760159979940811,0.001734058724500942,0.003244460239829161,0.0024438900339618375,0.0,0.003947599680859337,0.006194901988163748,-0.00021948041675057262,0.006862405574633801,-0.012093157889173534,0.005320832406313647,-0.0057552935106103265,0.010950610704688168,0.014585074193274705,0.003778297752414117,0.005322864548876982,0.001463503986748993,-0.002223452714784635,-0.01886790755296608,0.005773101414690451,-0.010476123393974968,0.00838257012490895,0.011564801826259963,-0.008583680993951348,0.0024555573163653754,0.01659976024386789,0.004962861565329657,0.005259060245412783,-0.0014716685875432178,0.009174302896359121,0.007081673062597549,-0.0005263187452866358,-0.003605230665533643,0.0,0.015180108852542729,-0.0007877076429249064,0.009647453681096652,0.0008889656291040104,0.001806152058868138,0.007259735637972886,0.0,0.004195704845231463,0.009162167098751395,0.0,0.0023364187960828176,0.005844520369439943,0.014285726050701442,0.009757521584625506,0.008278688575233284,-0.024390282129892693,0.006199401146169015,0.0013257401574604533,0.0030863793645075077,0.0023298056516196652,-0.0007078006753825639,-0.02377178767693422,0.0018871325072971068
2024-07-08,-0.008999897856136085,-0.0016485207934379131,0.0,-0.0042687976973280195,0.00021375278495217032,0.0,0.00041005930710791283,-0.024282438560831343,-0.005780321784371156,0.008501818461957855,0.0017180628863429082,0.0013838977947637776,0.003353187594159479,-0.007280995599127205,-0.010420394949598455,-0.0022162613491587546,0.004106698474274584,0.0015223462528093368,-0.0007697460937164946,-0.010540201506852531,0.001514653501725416,-0.0020399832004149854,0.00088199638727815,0.0,0.000738626454969582,-0.004443240232562595,-0.0081555510849729,-0.001151087101332049,-0.0019484870304613544,-0.005571018683577567,0.0,-0.011890064119854493,-0.03156894641613961,-0.004655428481735169,0.009414733161505318,0.00865799849104465,-0.0031840865930211626,-0.008765961976875625,-0.0029631317284226633,0.00019383694716745836,-0.0018422969850308002,0.009090900224102638,-0.007031875618450756,-0.05739852930574585,0.007849840426344068,0.0003114616533406167,0.016822473081067546,-0.0009852126398411931,-0.01224242351231275,0.0,-0.00016387629065406362,0.007207218192030185,0.010135346314235738,-0.01253473163488339,0.0012032388342142486,0.0005755706547689865,0.005827489512705286,-0.005045906363823294,-0.01214183488913323,-0.007178413237652004,0.0021608111287900744,0.03958334872904268,-0.0071879750875005755,-0.0022510903126226056,0.0,0.0,0.0018121762003564523,0.0,-0.002497408797232814
2024-07-09,0.005440312052162888,0.004953728705089144,0.0,0.00535901971234698,-0.0014959497312438952,-0.0004142913038420737,-0.0008199475005836732,-0.004524955610426207,0.01827244748553558,-0.005885201991964517,0.0027443792100056985,0.003356514672995692,0.002505973547011431,-0.0017952707721580197,-0.008351514450208208,0.00799644110904496,0.0,-0.00037998339792166824,-0.0016942499219263496,0.007767428502864826,0.006427120633871963,0.005548904039317515,-0.003819116157949054,-0.002170873804119844,-0.023124353828119393,-0.014702129539630682,0.0,0.0009220060469545821,0.0013665567406513368,0.0,0.009615375798129211,-0.00497930045711048,-0.0011926630560624707,0.0015371246879229972,-0.005107696010096419,0.0,0.001965419417597758,-0.008323210466763098,-0.0034670106273393397,-0.0013562014501208308,0.004983417987436178,0.0,-0.008058667734006209,0.013407782648311217,-0.008883853195545188,-0.0052958441749777485,0.018382487514258417,0.001409012717606295,-0.013905882789020385,0.007992887621244282,0.003606639110409482,0.005366374123342732,-0.006689000071689932,-0.008462634022872173,0.0005462694502083032,0.001437816873911979,0.002896920824015048,-0.003995739832522105,0.008849588855040169,-0.003337011538929069,-0.004420006967051138,-0.008016044823240698,-0.005999292849382831,-0.0037156624433696273,-0.00019978693769207023,-0.00025839349781908716,-0.0016423554888833625,-0.004870244868301898,-0.0019732755834437343
2024-07-10,-0.0023858792255972983,0.007459760351861577,0.0,-0.0005331620617793353,0.001284163671078975,0.0008290372897656884,0.002256706007055076,0.006060542037038541,-0.008972317153178033,0.008159950145862016,0.007939382203527856,0.008004940324421783,0.001666534851925805,-0.005343640374855463,-0.0003661960578217327,0.004186814733381672,-0.014314826424901228,0.010388878083074093,0.0007713916261649079,0.013873591845815492,0.008264419413063884,0.0075515081398696005,0.005308395710581948,0.004109233609551399,0.01510957350382336,0.036770601475546894,0.0069576236306694295,-0.00023028918371870155,0.0008773633300138695,0.022409025902850876,-0.028571402621105912,-0.0020850839623258732,-0.001990026447295734,-0.00013347987863576716,0.007589213764541913,0.012875521490927078,0.0017164843069212843,0.016961038353408453,0.015904475476271163,0.0017460104667466059,-0.003122161643327126,-0.027027000903735332,0.01550950213626745,0.0,-0.012340590396561213,-0.00031321693768249226,-0.02119818110108973,0.008583076571730741,0.010576335916738566,-0.005286453885457121,-0.0006533843802397632,0.008897076538329163,0.006734044093111402,0.0,0.010919509564799812,0.008328603817693514,-0.005199441120575465,0.015583984351530855,0.0,0.009765582383677085,0.0031401427549782035,-0.05050505365217517,0.012662945626610966,0.005861158803058375,-0.00028107063538951316,0.0006457843180871503,0.011818967333756536,0.0057095665748228,0.00877996891301236
2024-07-11,0.006320786421658342,0.01020968328976557,0.04121476176088823,0.002133435640482517,0.0034196984008783016,0.00497021451066515,0.0018426504566824153,0.05045176359500614,0.03374492295959608,0.0028568032682927402,0.01241934504595199,0.01298014448063789,-0.012478958261485484,0.011468293848691191,0.0036630087661879696,-0.005266590456284748,0.006224005188240511,-0.002382429501847305,0.0009250200973711653,0.003909703162373379,0.0178837447900404,0.01816094090021947,0.010853502251586988,0.010592303110426693,0.03001747969597779,-0.014135165337492261,0.015075409960942476,0.005297214220056468,0.0026299389986368382,0.013698545607365276,0.02941173720662249,0.0025073782058162575,0.0,0.007939759764882037,0.03677451106010099,0.008474648630852899,0.00293766368622439,0.0061897981960838955,0.01761264118104844,0.004647571080788726,0.0033161345730554626,0.05555550036607193,0.0024241902422124095,0.019845533140186777,0.02032708295887642,0.008145348613940895,-0.0056496506075580655,0.015345843920430369,-0.009252156680787937,0.047830158970708414,0.00228827653555852,-0.01234562755787627,0.0,0.0028449774442338427,0.0025922699486240486,0.019652411346012366,0.005807300547113314,0.0009117298335989954,0.025341101162479562,0.012987047210227143,0.009714991068680456,-0.014893591747671353,0.006757123027217871,0.0017216536555346718,0.0028096085707220997,0.002710355403041431,0.01196979852696023,0.004055246498028353,0.006174867939969131
2024-07-12,0.010143009085562316,0.006780806049639709,0.015624959642690062,0.018626801180101182,0.001916787531368369,0.0026103768369958313,0.0010215833752686976,0.03799285993801771,0.015127354620669609,-0.0007914194126705798,0.007981919593513354,0.006229840728430913,0.006369248418163886,-0.01210446217115102,-0.0025547334603308602,0.003088568865914354,0.006185619320222324,0.006913238920084108,0.002772877222745107,0.014279523460146049,0.007503720753682108,-0.002265018209462566,0.005513412152681418,0.011195847547251558,0.0190270170929685,0.009384745171428843,0.0055692796211759266,0.0036652154573399987,0.0007771856573550728,0.013513431253033614,0.0,-0.0016674046564483236,0.003988108221049336,0.0020519103373748404,0.028632525118281293,0.01680678357589449,0.002196512809425455,0.008885892907874116,0.013942374189758189,0.0030839166423866082,0.005508623617863417,0.052631633983975634,0.007980617009214708,0.016216307983830003,0.013037625959734456,-0.0034182982324776345,0.037878703718994045,0.007419534863160937,0.0006122602588713999,-0.015215703692916804,0.008317097685103914,-0.00357148200534696,0.006688696729434618,-0.003546168486483592,0.007325929140586274,0.005866075581411279,0.0028868852631882547,0.009714526696876558,0.006654029521728333,0.0,0.004276259143365602,-0.01295901709677294,0.008594150536537448,-0.002511965311743136,0.0012006858676538723,0.0018019151569328429,0.008259391303173214,-0.0008076776663074048,0.006073737470360996
2024-07-15,0.019410122972087995,-0.00898009953781298,0.005128224690755134,0.002089964430687985,-0.0014880591153799694,-0.003151725951994422,0.0010204586385984538,-0.033839762994827494,0.007058835497089522,-0.006334953973521906,-0.000750351668786231,-0.0001918300555197039,-0.0016876607418201406,0.018508150236845378,-0.004390844004770855,0.0028589179680560406,-0.016393468342497775,0.003120488240609065,0.003993811206540743,-0.006399275487102729,-0.016893749534942715,0.0031212842025081233,0.004906421622067558,-0.004004782044322086,-0.008508734728239764,-0.006456585169494211,-0.003076838508833002,-0.0022826383939648087,-0.0025238918538545985,0.0016001547680313255,0.00952380087370197,-0.007098017261480516,0.006951436525012511,-0.00039633676334493995,0.022434737996581466,0.0,0.00024371501767639359,-0.009315762996400134,-0.0018968374283688805,-0.0038429855190819096,-0.0016435683614695051,0.04166662527455389,-0.001919287074238274,0.00531917855691022,0.006555087300865958,0.006860046148579713,-0.03832110031231517,0.0008184430845288304,-0.01545285043327016,-0.02317594506435161,-0.000970470642820076,0.010752657123400677,0.0033226298715876013,-0.0056939339676497225,-0.00556141869736515,-0.014718112888609913,-0.0017271222305843548,-0.006163489414587775,-0.02549583997889937,-0.0021821608480739885,-0.011496659034140877,-0.0481400213147517,-0.009109399399439111,-0.003180862505237969,0.00039996667489439197,-0.0006420488575747951,0.00016182408558562678,0.0016168530533604564,-0.0001458172535383495
2024-07-16,0.013105805150717575,0.006148847413523617,-0.018367377721681843,-0.004171097042464544,0.003832029337597964,0.003848928185180567,0.0036706120458491753,-0.012866234880717697,0.028037356105847788,0.025183233300499985,0.013179792667861623,0.013777106571960074,0.0016905137555187633,0.0018270931888610953,-0.006247623778342537,0.010964837329264787,0.025000096841751196,0.008088670539941667,-0.002600977114445846,0.0036494992340971866,0.012010330375419764,0.004809322345791678,0.005743945206325929,0.012535492599069276,0.001430323687266588,0.0002599697395222478,-0.001234722266618693,0.004575814746776263,0.0024328425072339677,0.03248123879203635,0.03773592756753197,-0.0021027031282312425,0.03846125748134677,0.007731850549307362,-0.00020327289847443808,0.0,0.0009741119461825765,0.013677605939283133,-0.00047494248585766563,0.0038578110310094615,0.008048350340103871,0.031999969482421786,0.0019229778207134895,0.002116413839650555,0.014160374401515297,0.017033074002320348,0.018975340249883343,0.014445473527300301,0.02299922638060581,0.0325131418542659,0.006637526799548876,0.0035458669642822738,0.02648980898982467,-0.005010749706487183,0.0019359860449321697,0.009582939429220394,0.001730110342618385,0.004235272988572181,0.012596916793756074,0.016402363151653,0.014107221901846767,0.011494253688597356,0.0102167907180859,-0.012099506121742487,0.0007993683510774119,0.0008996543109833777,0.015936010493680985,-0.007263902098132657,0.010181851292509592
2024-07-17,0.01395327460625162,0.0080411742599944,0.0005197624220789621,0.008900577986848957,-0.00021203489086085714,0.0009584875544916827,-0.00040647234834856327,-0.016654739420078557,0.0030303001841676114,0.020055874408680063,0.012843881082270192,0.01224833976802664,-0.01012661796783132,0.02072271076685306,0.006656754577481161,0.035141154063346836,-0.004065074538408098,-0.0070362177723822805,0.002454190844020321,-0.0027807585403614166,0.009129135091625384,0.025619324477371475,-0.011993395526542217,-0.005839700054931063,0.005236842285125665,-0.0023389196306510263,0.010506887743136017,0.0004554507955816245,-0.00019424228180942027,0.008767336619772692,-0.027272700672307915,-0.003371181329138606,0.010446619417767922,0.0001965082474386648,0.00020331422674657595,0.0,0.001459388895055369,-0.003541938098778008,0.007129252082427984,0.0005764712902671665,-0.005080741431924718,0.007751930820906638,0.0002400908084467801,0.00844767006900704,0.0,0.03227796838180019,-0.013035357744882181,0.018269769335423902,0.01959604296204387,0.020425541934167457,-0.004181429075428622,0.0035911264588921465,-0.004894058773372234,0.0021583299811505086,0.003864154257508634,0.0013956698207673313,-0.017847005908124935,-0.003419142407130815,-0.013397081374741604,-0.004572404041075617,0.00021235242345474248,-0.029545484657537036,-0.00020259289181290274,0.01857335093278567,0.00019958039121026339,0.00012858500994483713,0.007345222952064967,-0.0032522056574805225,0.00247334283738998
2024-07-18,-0.007422280458498798,-0.01930437348673486,0.007792187975598663,-0.004151388976615489,-0.002757725346017037,-0.0025990863817567655,-0.0012195038137210457,0.0007364263697229312,0.0007553043092682898,-0.003200632105697543,-0.007966346880230346,-0.0063466332908439504,-0.005967476348480161,-0.004219225882393207,-0.006980068545354157,0.003981509687532192,0.0,-0.008204859859707647,-0.0050497476200120905,-0.004075421975861637,-0.0027140303559709533,-0.005215662668213383,-0.012138529248726382,-0.008693784558968187,-0.007577627417826416,-0.0015629687328100328,-0.0048930184619276895,-0.0020486419327928607,-0.0009516137588579943,-0.009202334390606248,-0.028037466475174244,-0.006765502908193666,0.004699023744858977,0.00013131135401778238,-0.018691719582049737,-0.008264452222832008,-0.0012145040016389164,-0.001523369150136289,-0.014629566641080727,-0.0030728203633889617,0.005289034035523166,0.01538469297646361,-0.010314327380887889,0.00785344701550561,-0.009956300281173003,-0.00383507538890393,-0.013207522525931381,-0.006860356751283936,-0.002979734692588276,-0.0033361559428913834,0.001453463846579739,-0.008944792806496737,-0.013114747671749138,-0.005742984021607334,-0.021920213811303935,-0.004460465625413801,0.0005862463442514176,-0.010171894917534341,-0.0009699909630495052,0.005403965739255057,-0.007643924461599116,-0.00468374009204664,-0.007905944160228495,-0.0051531489059771785,-0.00039916277872809047,-0.0011560752613843928,-0.0062048827012940455,-0.008156412991336626,-0.0062503703146009615
2024-07-19,-0.0017379883243717753,0.003318675323463305,0.001030951451389095,0.007816402661494193,-0.0012760841417926994,-0.0026059696761699946,-0.0012207470641082407,0.01766001059363509,0.018867924528301883,-0.0030580520142265977,-0.004260683600147752,-0.00574308168326032,0.004288139846776895,-0.003788406420407675,-0.014428476328638529,-0.03151741844958211,-0.008163333636530545,-0.007019338915271178,-0.003075855222229973,-0.005384442574577708,0.004535693937650409,-0.003035156430889363,-0.0005850348028508812,-0.013036176954964063,-0.0019087307963174815,-0.009653010451724509,-0.004302278945352289,-0.002509304376426935,-0.0004081115484105835,0.0010319895347310482,0.0192307515962582,-0.011919856868670475,-0.001870773770271894,-0.008850043845520017,-0.005382981759692429,-0.008333403301100772,-0.001215980815204909,-0.012035980801291868,-0.004310252174201001,-0.0026968582232850258,-0.013062393897506852,0.0,-0.006059103840841407,0.0,-0.011603759720385187,-0.019247911461287348,-0.007648327869833049,-0.003719317394358157,-0.007023339574147802,-0.012552318086742953,-0.017416504686374568,0.0036100952153073074,0.003322555411260808,-0.01371850639453931,0.004700826858913043,0.0,-0.00702978765963902,-0.0047334688290783244,-0.009708640889534936,-0.03547432752759838,-0.005884464526471067,0.016470559204736945,-0.005946018244388229,-0.022845127658417508,-0.0003994855286346688,-0.0005142437922051046,-0.01083691973030343,-0.009046167865339294,-0.006062145732330992
2024-07-22,0.004130059782604167,0.01339298423132651,-0.02935116851621533,0.0025854110419836207,0.0004258761228299601,-0.00041224675143913814,-0.000815263504401198,-0.02169200815366945,0.010370395801685417,-0.010889731049508633,0.0016458126588165811,0.002856680860238159,0.01878734743351984,0.00015005381156818487,0.0022522854227373656,-0.003879307919416819,0.03086423295537344,0.007952774764754755,0.005245227121639884,0.007145903913945206,0.0021672004237078824,0.00332130208976511,0.012880253855812152,0.008885673799102989,0.017451487600741222,0.01211805916901687,0.00493819826005959,-0.0004574187676273933,0.00029189471103485687,-0.0005155137351007255,0.009434066238082961,0.006462686907126702,0.007497568407641264,-0.0029249243900083544,0.008118172614645314,0.008403432493180096,0.0017043640194764897,0.01252573884851338,0.0019240144130414638,0.0005793205291100278,0.004411759438738727,0.0,0.011704444347567344,0.0072726629992903025,0.017098235638298043,-0.009057955724704914,0.0,0.0013333018765744331,0.0013542932918790829,-0.0025422599375567456,0.0049236425655398985,0.010791327924614347,-0.0033115525942689628,0.0,0.004896630940674607,0.007841035561962695,0.01297936063698324,0.010892860091870515,0.0019607141051514176,-0.026191101774721726,-0.002905584335847533,-0.002314872001237256,0.008325153728154122,-0.004392728147128877,-0.0001997817353899256,0.00012878351095557683,0.003356909576417877,0.01576761359325274,0.005203947037425216
2024-07-23,0.0014516764012708627,-0.007039961144899687,-0.010610119835120058,0.01083025032252638,-0.0010858752679666628,0.0001373614809163648,0.0008159287012934335,-0.013303745025906033,0.011730193796544386,0.005272323496988474,-0.005750945397482554,-0.007129474299952254,-0.011734961338010885,-0.012207297029517172,-0.008239771471995505,-0.013846762586739447,0.0,-0.0032563859373837545,-0.0032228861217971083,0.002150089274405964,-0.0048657108633517465,-0.010482788982527191,0.004051207186209105,-0.0011902195518365133,-0.0072837635581703974,-0.007027517066448108,-0.00184276366555991,0.000574366150588812,0.0003312685456382525,0.00722020152494296,-0.037383251496717174,-0.006421188774505482,0.013953491473792434,0.005826687331328406,0.00949831281510316,0.004166580552491306,0.0014174449921955379,-0.012709669232388587,-0.003840736439932102,-0.00019281170616913812,-0.01793555701191374,0.015151500099837678,-0.00867668001503441,0.005673059141877879,-0.011069147721499695,-0.0006093203938867253,-0.009633865461881164,-0.005326427487385987,-0.007965150334744986,0.05437538753501525,0.0,0.001779541163903886,-0.0033224561030319455,-0.0073205687819152265,-0.0020573921073239188,-0.0038899615319850644,0.007571219515071448,-0.005114631343142495,-0.010763170794178323,-0.04005726739106252,-0.0014032852581761235,0.009280757569630982,-0.004790848072695697,-0.013787497807230431,0.0,0.0002572210616400561,-0.0028447803085287493,-0.002450844388843021,-0.00383098791479497
2024-07-24,-0.005033245241495843,0.00870120566378385,0.0005362053129427391,-0.0010204012111233451,-0.00042641648851848846,-0.002888625328902328,-0.0020376666502356366,-0.010486975074826321,0.002898547920302308,0.03131258257599945,0.007271494975421122,0.006673316022955511,-0.006785558922342783,-0.000962348560953008,-0.0007552729634050515,0.019526143517256234,0.017964113688488048,-0.016333655178434214,0.0015395215476448065,-0.005363648895988837,0.018109404390462824,0.016727219562118423,-0.013256464412391478,-0.015014176827821246,-0.012071004462891333,-0.018086659441399977,-0.01107699427593467,-0.0027536975495167093,-0.0016563399105419263,0.008704690783024605,0.03883503123630683,-0.004308429607877029,-0.031192733157642816,-0.00113191949819047,-0.006749761805961874,-0.016597490357578737,-0.0034163339221832123,-0.002402993279413068,-0.01204815051073227,-0.0032825175723137923,-0.004472671076233392,-0.04477616454795885,-0.007537089593131596,0.002564116859716137,0.005147455730213357,0.007621969311122578,0.027237408089747284,0.006158273530018521,0.005908262393458319,-0.029008682525168084,-0.007675981402482823,-0.0355240330454375,-0.006666365756053394,-0.0022124472820752583,0.004340281465723628,0.003905152424693581,-0.0034682214911080367,-0.01327162705343432,0.006923876284421482,-0.0029805805184827117,-0.010808377596104535,0.057471268442987,-0.012065022964427907,0.005452502502936163,0.00039956158556564425,0.00012842110112964988,-0.0033753865281009876,-0.006552160746551072,-0.011225619766662254
2024-07-25,0.010036492452145218,-0.010543165182220648,0.012861724173671263,-0.014300320710448844,-0.00040501377875701294,0.002207069286579655,0.002245730502641763,0.007570139613031879,0.007947951984428103,0.06266832445271575,0.0024609575577689835,0.004503488938582878,-0.006831728348290378,0.010798576989661024,0.004535138643365189,-0.004303925681216514,-0.00980389633813017,-0.00242675897742628,0.00015396301498671328,-0.006686867693435294,0.0019565706042796727,0.000274102673242238,-0.006133429757797626,-0.014033528493573533,0.0011978860214090226,-0.0034701122031012277,0.005600597532128493,0.0018407741137764777,0.0011124876761166025,-0.015228493085620687,-0.037383251496717174,0.00043268164199816717,0.0028410456994250044,-0.013332328213021771,0.008649000246948813,-0.004219485862367867,0.0004899104595679216,-0.0075705530685153954,-0.004878031461537646,0.0027120086785539232,0.005241548110054062,-0.07812502037268176,-0.0026456890171964176,-0.0010230235918466946,-0.0026795835288692116,0.007261774344132332,-0.013257651387660774,0.005055932328175139,-0.0001505903523051355,0.054771703087372225,0.005431263525509156,0.016574524329256324,0.0,0.0022173530588236456,0.0007561822424584363,-0.002222959721116413,-0.0005800102690720621,-0.0011286502427306777,-0.002947007180523209,-0.008669683375572501,0.00819503336569527,-0.02173913189248433,-0.005909230876035343,0.008203689820503124,0.0005993072348211559,0.00038594340545916594,0.010241141178578772,0.002473363402248463,-0.005991697123801876
2024-07-26,0.012380752034943043,0.0009687220992775636,0.01111116381269106,-0.004663294125653583,0.003839818353167379,0.003991662884373692,0.0028519397273834013,0.010518413218066014,0.0064516239296372735,-0.0030965139918400775,0.008838131646157876,0.008088443851768101,-0.014617569430743771,0.005817937619708502,-0.011662875765742653,0.010373740980370139,-0.009901072657716226,0.01191687459122348,0.004322293591714432,-0.007600357087423237,0.007456039211223953,0.007401177013621529,0.0008818420403327032,0.022085991814064565,-0.0016750527542320759,0.010982920197395218,0.006188200389811271,0.004134155071622292,0.0005459928376658763,0.030927870748017394,0.009708728874782357,-0.008217992931969786,0.02266284796869833,0.010742631205684638,0.009595752440786587,0.0042373653656218035,0.002691962909190382,0.020457685932991465,0.013235405465297001,0.0044436787523698396,0.0147113771834817,0.0,0.007810858298453738,0.011776716182686275,0.01701681880619854,0.002102822993842013,0.007677587572483269,0.012178838175996853,0.0004519582554054491,-0.016522459726620142,0.023571701173124238,0.016304288502795528,0.0,-0.008849642097413235,0.007017256129933314,0.009468190260388143,0.004643120660072331,0.013310718414921041,0.0039408724691782915,0.018395675909484988,0.007803245221290611,0.028888918286810172,0.013953454783955488,-0.020135370358086102,0.0009980294144349422,0.0019280348942436465,0.013150863411543146,0.002466870379012276,0.010490736872537987
2024-07-29,0.010052592500850999,0.0029032295525541763,-0.0010465963958598001,-0.0031232382854063934,0.0004247085742861145,0.0012340037925357983,0.0026406343867770854,-0.005947969721884383,0.010683733542580232,-0.0038118253987526884,-0.0009735200336524752,-0.0008863952094597671,-0.009598453558884334,-0.008078237264768307,-0.0068518708876487144,0.0053477723157218104,-0.0020001262178408474,-0.00025339128907575503,0.0,-0.014004398946842689,0.008105739150897184,0.003809517955031705,-0.0005872231976652431,-0.007202849378668996,-0.007190950304908794,-0.004769460126059721,-0.0012301660671006909,0.0020586135448634746,0.0005845171859200082,0.04199990872290904,-0.01923075159625831,-0.003924961859288034,-0.0027701057172250243,-0.00026776905060643674,0.00930230661801068,-0.004219485862367867,0.0,-0.012742058191571481,-0.0019352820023565975,0.0015386567647781568,-0.0001835547430286688,-0.016949137131806236,-0.0031683839672342895,0.004554681393907911,-0.0009391438615085068,0.0017984335535128348,0.02285717334087023,0.0015695583314818684,0.010237893246687335,0.0,-0.0009594189742171411,-0.008912624063067476,0.0033558029863285377,-0.0066963818829055555,-0.0006432252398158589,0.001931084751096046,-0.010976317581868233,-0.006415105690622536,-0.005888167536359679,0.0213207347036799,0.005376785846698429,-0.01727857842936087,-0.0031881746120921983,-0.009852339076909744,0.0005979432904090753,0.0008977963747078821,3.9376679661584646e-05,-0.009844076283920367,0.0031813793122701384
2024-07-30,0.009913461269529744,0.0018334305808840323,0.008381343432855903,0.01723237209897821,0.0010619227294896838,0.0012323726442602378,0.0014183736639850064,-0.0007479932543090761,0.0007047377855924353,0.017290111273292164,0.006982823131258309,0.0077974550347883476,0.0,-0.00864662545480499,-0.0038329680056082838,0.013404246281851773,-0.0020039155534533615,-0.0017732027628326597,0.0023053438259079684,0.019085597306406576,0.008739565357400947,0.008945578104827323,-0.0038191935038456304,0.0024183365075114427,0.02704025736636484,0.0005326389602919868,0.0,0.0011412113470390395,-0.00019454344968616866,0.030710203496562727,0.0,-0.0013134759628198323,-0.0027778005183221044,0.006084726858934353,0.006812365400912679,-0.00847456653046208,0.0007322284161648263,0.00998105173886965,0.00969468290375386,0.0009604664265083773,0.0020191222298604483,-0.017241363363798556,0.0036673046132524867,0.0,0.013163208531736581,0.01256736433175809,-0.007448733680832653,0.008095958826296545,-0.0007452146397363135,-0.008000062787448803,0.0003201552079374892,0.0,0.0033440793749481834,-0.003745316953710276,-0.0034328266431365995,0.006057163815258226,0.006425180678492515,0.003228199810543897,-0.00592297993326496,-0.011887498621610204,0.0038506652559404664,0.0032966151682261025,0.001052226423861713,-0.007960045041958463,0.0005979935425501903,0.0005125960026655108,0.006184473417803371,0.0049710219650287435,0.002128473263162789
2024-07-31,0.01893382621532491,-0.0015410607106098873,0.015584375951197327,0.005646666160964875,0.0042437863905004924,0.005470408914580505,0.003641243088075674,-0.016466855338350794,0.0049296231999145235,-0.002925633601581712,-0.0019351637285630607,-0.0012045567532333878,0.0026430591333308495,-0.017697697053836614,0.023855424396385994,-0.016166374073486534,-0.0020081589211748962,0.011927446756085036,0.0065942127558502595,0.009364164611324721,0.0050252896800988545,-0.000537484009064948,0.004128399146355655,0.02653791316952514,-0.06393990580671804,-0.003193415947877698,0.008005019691488924,0.00638390603085881,0.0021424204231039745,0.0023277878059717594,0.00980391240220757,0.014905610283631798,-0.0037139769584327853,0.005516171717404372,-0.0009951136201590272,0.008546998639064718,0.0026829748012213717,0.0018742233478319381,0.006721070386292327,0.005564001201929791,0.005312286767047203,0.0,0.010231556535897246,0.004030249182509271,-0.005394118623492372,0.04048446747236656,0.016885450607672547,-0.002590612576837459,0.01938837860595788,0.01935492854604326,0.0099215097421963,-0.0035971093082047823,0.006667162870260812,0.022556382524143936,0.0019377376600933083,0.00793645426176881,0.0098664729795932,0.0165491494349852,0.007944424720897514,-0.004694942884761688,0.01022922469863663,-0.03614456121763643,0.011935733366405854,0.03811425827930215,0.001991686046800556,0.0021779879814520786,-0.0017225557120793544,-0.017312467035852097,0.005288086301137529
2024-08-01,-0.00502639074137079,0.005498513914321768,-0.018925777305574876,-0.014803371903988616,0.0019928538215969738,0.0037383017889021097,0.0014342705128636002,-0.015220852463325718,0.0014015068989345902,0.008104138446739517,0.0011310342447747868,0.0009894650851358655,-0.00702954569316494,0.013422022397514777,-0.013152967433004092,0.02198042116004162,-0.006036049041908131,-0.01141073411811555,-0.005179766659383689,-0.011218941294163232,0.030172471303973047,0.028494706096561462,-0.004404777947086047,-0.03760272088003114,-0.025615169039866492,-0.028296601458732695,-0.014050201994765144,0.005663857769822034,0.0021379180298868317,-0.00278680309390289,0.019417457749564715,-0.012094921199936604,0.004659833180020945,0.0021147932916349976,-0.02151394048957489,-0.021186416326155255,-0.00048659133887707373,-0.021938800230102085,-0.015736844738816202,0.002929956337981654,-0.004008741611559397,-0.03508768627628134,-0.034482728689335884,-0.003010553605673816,-0.014054032077218115,0.0053963910444043695,0.0036901556233850386,0.005714338836362742,-0.0005850605737343084,-0.018987428229390257,-0.006813440393976022,-0.0036100952153073074,-0.006623006209173443,-0.011029407722469187,0.014933317808466517,0.01140383202155637,-0.015517187481103645,-0.02637919298606828,0.0039408724691782915,0.0032429426972160336,0.00862468718961451,0.0,-0.029110450935671772,-0.01697698794958924,0.001789019450017193,0.0018856286787969356,-0.003176496044857924,-0.005872423219301592,-0.008739910931761075
2024-08-02,0.00849596117868745,-0.0031979300384467058,-0.030239828700604376,-0.0005180177625534466,0.008887164929753277,0.011417667841746804,0.006050943827804689,-0.003863927120041244,-0.011896436441410696,-0.018711082628748987,-0.009845214878549724,-0.012202517911406918,0.0026547534978746956,0.01793102034541083,-0.019421229433892573,0.025266116831812457,-0.020242863886229534,-0.01090796837287411,0.003215921682789169,0.005455020125304522,0.006861843223238129,0.013330068929944261,-0.01710938246531235,-0.031257761607434764,0.019329703436311796,-0.014560572147097606,-0.00557618134795923,0.013516244533518629,0.006206397758974136,0.007452058808156359,-0.01904760174740394,-0.0061216290371467474,-0.04916526340418159,-0.0040892722962379,0.0075325616609893675,-0.00865799849104465,-0.0007298869888430204,-0.005738105693685935,0.003391421661274485,0.008210959999783274,-0.013355306308568071,0.0,-0.013986091522969146,-0.02516360206837842,0.006742750811110865,0.018643857425004073,-0.01654421085699509,0.001549383938648674,0.03469477280802158,0.0,-0.01084880773554564,-0.010869525668530389,0.0,-0.017100350586759627,-0.0030696772470453215,-0.008590542032148263,-0.010507805207118026,-0.01610161001581123,-0.0019627014783677454,0.003232460014617633,0.03116149613073005,-0.045454548641009174,-0.01657567072648558,-0.036787736256311376,0.0045634943662200556,0.0049932665413394695,-0.004544130216273423,-0.0059073126867641435,-0.01086443973350304
2024-08-05,-0.020415816961847244,-0.022136718262414257,-0.005376364484882101,-0.015033705628620386,-0.002936321199822678,-0.0009407583332092795,0.00020029976506852343,0.0031030678654659916,-0.008498575533404162,-0.01813509936419211,-0.022656796279838187,-0.02314312686670006,-0.03706960685549332,-0.013061303069322072,-0.0031067382730813886,-0.00549881525466378,-0.016528950832452982,-0.02654522607422871,-0.0015263806400269697,-0.024522633311866437,-0.027260653612378616,-0.03224145641673215,-0.019807797557746087,-0.028484953529625767,-0.025789941521026205,-0.019236085657475144,-0.018068420227259407,-0.0011111897439082252,0.0005784392012280204,-0.006010022245065416,-0.05825237324869392,-0.005279243342300566,0.01170741441992651,-0.005430380886134123,-0.02707613322348701,-0.04366807054410071,-0.0077938234033350096,-0.028156718088526378,-0.017382728911353174,-0.0026516192948368156,-0.023178131442512018,-0.018181800448205276,-0.023125514512103207,-0.035105718985243284,-0.037659341380731015,-0.023848928344574305,-0.018691597093008716,-0.021170639268189517,-0.023627626678461966,-0.0008062839353681905,-0.027741944075693414,-0.0457874741611084,-0.013333130069210442,-0.0015128737921064062,-0.025270777033614245,-0.02761993224493997,-0.001770035257818714,-0.01872534317691099,-0.03343166771842032,-0.05623896318895294,0.005290936598490559,0.0,-0.026200143952441857,-0.0017490787674850905,-0.0019754061091116215,-0.0015290332638567827,-0.023337541981975685,-0.016977828579722742,-0.026192492623757002
2024-08-06,0.005152201322971672,-0.009842448318493346,0.0,0.0026313303207876615,-0.004417198222629648,-0.006187747006122235,-0.005211501812925623,-0.00077328727054915,-0.005714280264718208,0.006253617744139683,0.005170159245752037,0.007715710149694299,0.012832187205169765,0.02616379906298949,-0.005843404798993812,-0.0012289713460477136,0.03781509853501741,0.006718407612513744,0.0012229209573899613,0.010900958742803946,0.004442974499838215,0.0018655609133431117,0.016533824978464118,0.0020758329925807395,0.006228821527016315,0.003979399187806765,0.004441566488160076,-0.0062305788608723045,-0.0013485772348325042,-0.002325530533764719,0.0,-0.003538261691422573,-0.0009642512685106297,-0.0020638346560741816,0.023052748673789702,0.02739722633894215,0.0054002981084979584,0.002879319466025043,0.009336594885885008,-0.003987811103052352,0.007593005065556824,0.046296250305059905,-0.0004409539622077796,0.012841054317917155,0.01654434119439019,-0.010795493048418203,0.005714318498671878,0.006717902445644519,-0.0079699086256384,-0.008071166702575239,0.024718005717687674,0.01919368447343439,0.0033785786440019283,-0.009848541546007117,0.003267891061653927,0.013088493099599807,0.014775549137729271,0.00016025529957275353,0.01322483980718836,-0.0034140473675985383,-0.02236841825634217,0.02499999449196988,-8.754938820731972e-05,-0.010660009799734249,-0.0013849788764209725,-0.0015309625451636055,0.005280928697390497,0.00949905382701477,0.008763264390065917
2024-08-07,-0.0021582059253589803,0.00894626931211917,0.013513513513513598,0.005249538674466869,-0.0006338767792989364,-0.002436571080365657,-0.0016118462483394325,-0.013157975735645144,-0.0064655281677162835,0.009683550101447835,0.0014932740721755877,-0.000826088511377554,-0.0027150162082002494,0.012945805446569647,0.013714752045572487,-0.0014351523625284468,-0.010121542645757708,-0.007066290650623808,-0.004122724942680511,0.014084615940377354,0.0042529978496170795,0.006650862912250144,-0.0027107188803318083,0.0015535714955414726,0.013670380770647528,-0.005096137677832235,0.003158537083054469,-0.0033584739199263858,-0.004436835730654454,0.02517477068356544,0.010309268214748757,0.004216599739013782,-0.026061873133412572,-0.0020689175856616338,-0.0026388677732664956,-0.013333317258685917,0.00048827145285401663,-0.0007178691086031641,0.00048683344862743283,-0.003241259904977145,0.00037671731525645846,-0.026548647359614486,0.008560376441176798,0.0,-0.0030028200095909563,-0.004308009764306786,-0.005681850594711824,-0.0014130991385651326,0.014022704085965954,-0.002440900481379016,-0.006151820114059681,0.02259898815076533,0.003366900349190294,0.010711580252495523,-0.0062975930945586844,0.0038480444561324045,-0.004076970596488483,0.0037679129820444857,0.012650608321011392,0.007162863215959714,-0.007040033202356022,-0.046457611094731344,0.008151017263912541,0.02774909393015168,-0.0003965581476487179,-0.0007669130387706335,-0.005796699962956842,0.004277363199745254,-0.004386674659872969
2024-08-08,0.014986021562767293,0.023382596377089726,0.0,0.005744200242804531,-0.0004018094563253971,-0.0014920474784364535,0.00040334862869162436,-0.030588340324876007,0.0043384251589078104,0.001860783405004618,0.012319914060753057,0.011727153028711745,0.008166921593296017,0.0007317349908542159,0.004638490822990393,0.005133476238279311,0.006135133303466045,0.022140352359973248,0.001993319634447266,0.009548519777388353,-0.0005080528644036963,-0.00792824145640747,0.003322158792036234,0.02326784088137357,0.0,0.013375033140115455,0.014483677593544408,-0.003864406891005534,-0.0017436208383968532,0.0368348921166457,0.010204071702683226,0.007292853787981279,0.005946649135030624,0.01063123758135709,0.004070768360840971,0.018017996001974623,0.0017083196623306485,0.008978291028449714,0.009245629731305494,0.00019142378029379792,0.007156372561046176,0.018181800448205276,0.021090553870712903,0.03803486293348812,0.008072009509275002,0.0155753989287446,0.0019047728328906999,0.007331261480289397,0.012388395273600361,0.022113001075638294,0.0008143732025831518,0.023940979586703603,-0.003355602370397559,0.00832699190520847,0.019121607058316448,0.005750316585877657,0.012397654138292191,0.016532227759095575,0.01179850264608695,-0.009894857554557324,-0.006151614707292419,-0.009744155066115257,0.013978551359804303,0.010053186330737374,-9.950324606022853e-05,0.00012808910373873772,0.01109905630719421,-0.040885812406855515,0.012656290876637888
2024-08-09,-0.002321434353342977,0.004492643344401692,0.0,0.0020767151369927017,0.003362815756306148,0.0035327902606911987,0.0034297149138624583,0.011326868819701241,0.007199382672692378,0.004715040933645831,-0.0022962389339397093,0.0012443533360626535,0.0004540753109794071,0.007360489812161974,0.005771458737081625,0.0036772193748726423,0.0,0.0025785729180400896,0.005967873945378788,-0.005159037743798778,-0.005254310755676395,-0.0015983846364222565,0.01264268067849006,0.004800471325656197,0.0010178469504473764,0.0047738943430621905,0.0024827983407593734,0.003879398465167272,0.001086686928089664,0.018420927668427067,0.010101000370632551,0.0021938715626950156,-0.012807906823934623,0.004366638563224834,0.00020264935938962836,0.004424773450159014,0.00024360043268800702,0.009966212052285872,0.007714514515100079,0.00363325384201163,0.0028048191483502904,0.008928562875609058,0.0037782560723302883,0.0,-0.005437812942061804,0.0017044701411339513,0.0038023031420537645,0.0013137828881191194,-0.007967940038515975,-0.0008012929039112882,0.0008139016101926799,-0.005395663962307173,0.010100600401878213,0.005255343411444624,0.012437021270772286,0.0027225037850524547,0.008548955014323623,0.003598283141694525,-0.004409587298694895,0.0171767404496459,0.009861534896705049,0.05781052630620476,0.005818301767291922,0.0075357556411213,0.0007962673891521721,0.0006393306507610497,0.0018028784585448765,0.0177617743172509,0.0023458417597244097
2024-08-12,-0.011671441820927608,-0.003578002917532741,0.0,0.00414516293683298,0.0019602494482491295,0.0017602311465145792,0.001005125534485396,0.01360008620285047,-0.013581099606273628,-0.010238926449738561,0.000821939854442455,-0.0033347254264751713,-0.004537497809035895,-0.0003386658931666675,0.01721502043116807,-0.014044417903926631,-0.016260187000987192,-0.0014145875575949374,-0.005780278149155493,-0.0006483082789372485,-0.00289656472173605,-0.005390725914996675,0.00029751065652394715,0.00729184897132118,-0.0025419299971435327,-0.002515309880758987,-0.0024766493199371853,0.00314524801309779,0.0008531867249450542,0.0008614098430455019,0.0,0.007880942144354863,-0.005987953263987267,0.006752066422490488,-0.004053442962017595,-0.013215928593663717,0.0,-0.0005285688590775939,-0.0076554563856928715,0.001715166996595574,-0.001864696919075648,0.008849549119871458,0.009033964031353925,0.0,-0.02241033099980627,-0.03118826569616595,-0.011363701189423536,-0.004198630999303621,-0.00631101917950283,-0.02566162224301871,-0.0019516098506181523,-0.003616432239253786,0.006667162870260812,0.014936513786056427,-0.005718526398490131,0.000543064978219876,-0.008590984804125013,0.0013623212831099796,0.0,-0.011360114686877365,0.003636154967887606,0.0,-0.0001727433404621337,0.017499392896807464,0.0009945828339685825,0.0010221722507328668,-0.008717930667519025,0.004363105266882439,-0.004106494170577402
2024-08-13,0.01076735707739096,0.014620047635236721,0.0,0.0030958409415278165,0.0026717968425886696,0.0037851228244252244,0.002209539903354818,0.01104973051306879,0.0,0.008045937994816121,0.004763428094389344,0.007054740145243876,0.0054695566872462464,0.0047436300203891335,-0.00940204386235266,0.005573902678853271,0.0,0.015196208390194643,0.005660996299626797,0.01772981194375145,0.005126466431870869,0.006233086349532346,0.011590024516350939,0.018721935826632174,0.01758395417196046,0.01232836687291905,0.014897547861676852,0.0040313800593714255,0.0007749560614096485,-0.028399253588598072,0.019999980926513672,-0.009122524023137846,-0.010040341305026623,-0.005725115664101055,-0.0008139880465218852,0.004464367192904106,0.004383638304982451,0.011636052128370267,0.020250807748340316,0.005326132885048462,-0.0029889746232628633,0.052631633983975634,0.00895298274107148,-0.007633630020836835,0.015057341968972793,0.011706093484044944,-0.013409937832238095,0.006587851112403564,0.015300032177420153,0.008230564529073447,-0.00863615168168752,-0.010889442261649007,0.003311057697447106,-0.009565912141400235,0.01491107857774776,0.006512923285459715,0.0011554441028254203,0.01444728920079208,0.02263777689976809,0.010248385358339274,0.006934922088599915,0.009302268862684926,0.015932031896882082,-0.004854355850874237,0.001192507844807178,0.0028082837720484477,0.0107712074491082,-0.006950538882114055,0.010661102330002725
2024-08-14,0.003474479553019938,-0.0005687929872143505,0.00266662597656242,0.0,0.0031476093933326954,0.0018848843324665854,0.0008012805030814807,0.007025828727756034,0.0,0.001567832024445659,0.004250435714189926,0.005014726920864021,0.009066073777190375,0.0013491123985034381,-0.004935481478283932,0.018887354708215787,-0.006198398933375482,0.004566873221703682,0.005476664967123401,0.0029742464739135333,0.005270321289702284,-0.002693292365204991,0.0004404457546063334,0.003430569272596662,0.00626112481961405,0.007196236021381086,0.0024464158943111602,0.0013383675666087669,0.0012582219659365013,-0.007971639593027935,-0.01960782480441492,-0.0030688657062083458,-0.020284041409169062,0.004671870146152113,0.009775985045252789,0.0,0.002667057545117535,0.005402595585741743,0.0009451379522094072,0.001892211319999726,-0.004122089558093678,0.19166657560401856,0.0023415911423341207,-0.006666703835262133,-0.002240300495756964,-0.0023139016783453314,-0.003883312243915471,0.0031412936955861337,0.012226363793507389,0.007346798529172638,-0.005917124369017812,-0.029357786954641973,0.009900885585732766,-0.0074294179741197786,0.005666998369481702,0.0005393638298807346,0.006347321879210499,0.005440852185877532,0.004812364151170145,0.0144482397276402,0.0062705259380282374,-0.014976868048554581,0.003676025697910701,-0.004878181942464144,0.0007939774477736528,0.000381683745608985,0.0038915422391168075,-0.022747175964391908,0.004798923023449753
2024-08-15,0.003196014849826012,0.010497007480932519,0.010638338885950116,-0.005143998165817787,-0.0033466226515849185,-0.004166436930337025,-0.002803241908080456,-0.005426399541866744,0.0021738936635185002,0.0032731497917903862,0.007000020148915542,0.00701687984636723,0.00808644249845103,-0.012316784719848317,0.006104579473292349,-0.013902845591886814,-0.027027140721633258,0.01426961120646264,-0.007716499153571532,0.01461561785811405,-0.008963389352346973,0.012692432700451395,0.007194311711205881,0.012454235990593254,0.0009954566688059607,0.013465258413474235,0.0054911887041808605,-0.004455473535985299,-0.00319005936539285,0.015625099225739403,-0.009999990463256836,0.005716816750961806,0.0072462307194616216,-0.000982419858403305,-0.006454368133227306,0.008888878172457204,0.0007260040087608832,0.005200245606563181,0.00047212275497088285,-0.003399501764806301,0.008090264325191887,-0.08391609032863334,0.009467525342564453,0.0,-0.00012125692434639124,-0.008698456586783032,0.015594319629318454,0.0028707532402219016,-0.012921314608239642,-0.007293216735189678,0.012070067339394086,-0.0018903521800046619,-0.0065360422056263134,0.00823357487769516,0.0037565734519569016,0.0016165850164744366,0.010321140078924707,0.00930509668932511,0.0,0.008181832053444582,-0.008070321560549765,0.040935637915428424,0.010924507627435576,0.006302525798053127,-0.001586775892608916,-0.002290359347853488,0.007096631159209998,0.029543376097609153,0.008457452788008801
2024-08-16,0.0016308060262371082,0.0044431130994011525,0.007894716764751175,0.007756119934276384,0.002728070828390994,0.0021595454542007175,0.001004075917400149,0.005542390759520899,0.0050614385546186025,0.0034041619804783263,0.0072744160458311224,0.004939684463092453,0.008912645516021334,0.012616378828056662,-0.008722059845086116,0.0032691521503021015,-0.006410077385769042,0.0018673780746305546,0.009911634510522349,0.004592817353932244,0.002730373821986154,0.0029333585491211345,0.007288701906063899,0.007959482456542988,-0.0007458744886965629,0.00460950037897101,0.002427117787749733,0.0024615729094668026,0.000484882099315298,0.010988856388110868,0.010101000370632551,-0.003060814518573318,0.015416552620291402,0.009638093769536615,-0.00243593041704393,0.0,0.0009663285172165637,0.00362134006682191,0.002359595211732346,0.0026531272930163663,0.011758068796631438,0.015267252678933252,0.010475234619319096,0.006711447065151477,0.0018206800618296715,0.012577088978692474,0.021113264397733422,0.005204120401803625,-0.00227642565602848,0.0,0.0071884030694266965,-0.007707263721174695,-0.01164697807870585,-0.004454385674208972,0.0004157625709968471,0.0016141869472470205,0.002270118529728471,0.005726150720040346,-0.0028736143665814007,-0.00931774478586389,0.0035014869322371744,0.02134832301794387,0.007162665902118892,-0.006541428511291136,0.0007946893387813514,0.0011483751835577038,0.0060203428094902645,0.008695755425619067,0.004047471807838043
2024-08-19,0.0021205101300598717,0.006230155767387391,0.0020888206957789812,0.016418561906681006,0.0002093586261751046,0.001211998285687299,-0.000601744551500083,0.003936984233087859,0.006474831299125405,0.014560350981969394,0.005456460941413388,0.005793588695860441,0.0017668792929304011,0.004762356822660907,-0.006886023488185455,0.01731174558587867,-0.008602222366225099,0.00658655773120409,0.0007547071444575781,0.011845390782050824,0.002893321117686254,0.0,0.0011577901055939144,0.01196446743024282,0.012938598079419883,0.013765154949095804,0.01029070597753301,0.0011159927168127304,0.00038777972684478357,0.0073914179596157314,0.009999990463256836,0.0030702118676328993,0.0030363409793505713,-0.0002594035621055202,0.013634534838269596,0.00881056215879683,0.0026557696313225243,0.01426109029513234,0.017890937224377623,0.0013230150979910427,0.0005534380249485604,-0.030075247948591954,0.010848463425221722,0.0,-0.005936789949429033,0.021374825789984397,-0.024436131675061645,0.0069894167181776545,0.010980971197824374,0.0,0.004866203677520886,0.009708858331997527,0.0033668372204540553,-0.005219923830547923,0.005507724257358015,0.007520908152056194,-0.013590085406789187,0.012579562053953275,0.02209418463231838,-0.006067984481033295,0.004618323615824815,0.002200206583246045,0.011623740210932487,-0.013869412579805007,0.0,0.0005091632404310431,0.004395141074304831,0.011206854459930415,0.005755614758190752
2024-08-20,-0.00041546452065166495,0.006748763370374222,-0.00833766768938582,0.002019168397008775,0.00020914593396081926,0.002959592017535373,0.001806401233790833,-0.003137363737211074,0.007147990214851463,0.0009753405829229234,-0.005746151212930761,-0.003692046889713141,0.006172735020323117,-0.000813970075463688,-0.004237247947131206,0.00840837619371504,0.002169215667084723,-0.00024694473155906227,0.0021122685723535817,-0.001848416831585098,-0.007497522116689859,-0.00186123273064287,-0.0002891127944656402,-0.002600994009722468,0.0022106904627561264,-0.005058585165088392,-0.002396700577559807,0.0035675398155246008,0.0018409296035528655,-0.007337185753067521,0.0,-0.0008745307558984949,0.019172690452681662,0.0037022643454811544,-0.0030114594329125888,-0.01310042116323018,0.0009632403610668749,-0.007623164319127351,-0.005550451835113712,0.0024537925828875817,-0.0011061933656995038,-0.007751930820906638,-0.013117104068807173,-0.025641065351063586,0.008897481787694339,-0.0019797221362073403,0.005780380367599758,0.0,0.0012696941809104967,-0.008163375341549761,0.0035512050030679365,0.007692342276411024,-0.006711277635459978,-0.004497794146164469,0.005994136404903649,-0.0034657731632536937,-0.0011481480173051173,-0.004474111178211837,-0.016917352756821824,-0.008852170808551718,0.00796818960969925,-0.045005485054918304,-0.0009251168692676615,-0.00397794687840014,0.0007939774477736528,0.0015278437306416315,-0.0029303095935787615,-0.00767261355966109,-0.00028932773927403677
2024-08-21,0.012512240390548879,0.0024599356204171308,0.0036783863530462924,0.0,0.003452001294627083,0.0021459322197225905,0.001402624225733451,0.014948979387752637,0.003548629538210557,0.0006960600095879954,0.003692419091078092,0.003782627299957264,-0.006134866117395332,0.003354095089640907,-0.00773695469151614,0.0043676587825787205,0.03030304823793295,0.004445334220375408,0.0007529197300060186,-0.004732533046163612,0.008470157470862105,0.008790379789976654,0.0010135483412203605,0.007112344055613784,-0.0007353677672728987,0.011238994428623306,0.007207253447523154,0.0025638031951944473,0.0006399609244658322,0.019565305905420605,-0.01980196150035629,0.0,0.002970202743427297,0.00020350438440108753,0.007047963332456497,0.008849546900318028,0.0007979303387044556,0.013144332943911374,0.0032556703646451357,0.002259430371285509,0.005537091922847903,0.007812492724042164,0.01063314018393502,0.0,-0.0006039712827400345,0.004250458947708369,0.007662879465444972,0.004113158535013817,0.0016904816011340529,0.008230564529073447,0.005790539536009165,0.013358763867437284,0.0,-0.006024079201879862,0.001027408253070572,0.006153093835310708,0.012643803267705866,0.00910864996171279,0.0038241396162275176,0.012934960060226874,0.0006081930005670255,-0.01724134507890851,0.008414932110859752,-0.011780327737966001,0.0015866142982412512,0.0013985837324348438,0.005720934893197471,0.015463875459860388,0.0006200003959049294
2024-08-22,0.005712186735678859,0.0015951466723547192,-0.00261786091154681,0.007556733677108962,-0.00218898752512664,-0.004015154705720114,-0.003201278067748836,-0.005426465963200844,0.007779324894372497,0.0023647469929262144,0.0014395888141214286,-0.00030631294166660883,0.0008816396582507213,0.0010506708058033443,0.0031189283716424043,0.00019762329601524797,0.002100743066772326,-0.005778084099992031,-0.004362857396403741,-0.009923522673402352,0.0006856073628775938,0.0002643511739268689,0.0027473031699860595,-0.009887019026779353,-0.0002452386605338308,-0.002910819225066752,-0.005366699816612641,-0.004002768648395771,-0.001841243641023893,-0.0025586298974584754,0.010101000370632551,-0.006564592225825949,0.024679293966092475,-0.002098622176419429,-0.005398814310183853,-0.008771919388285587,-0.000724794634835102,-0.008593087817675094,0.0009272666927921946,-0.0033815433702172326,-0.0007342135153209917,0.015503861641813277,-0.004782298037473209,0.0,-0.010033393224548437,0.002257449237773379,0.0,0.0007679051724269748,-0.003797387090597293,0.0,-0.007676290498623173,-0.005649571583368207,0.0,0.0,0.0033866218631757317,-0.0010635001472129035,-0.006810468255745827,-0.0057305775068627884,-0.016190478931617625,-0.03131647304381069,-0.00992606329411283,-0.038596470974884944,-0.006202410218653642,0.010599656897166465,-0.0005938865981527375,-0.0012698784483383685,-0.002045426810901363,-0.007614192800732278,-0.0037380646871668644
2024-08-23,0.0008168067046001593,0.006676541155475668,0.018372724172545984,0.010499927594632474,0.004178739395488629,0.004434237965197374,0.0028101545843055575,0.03195643383754443,0.0007017704478480269,-0.008465140438531304,0.009583185277815653,0.010864372718284887,0.012334981927569988,-0.012260165098867293,0.01710065326913468,0.0039526375711091966,-0.0020963391967392386,0.010139855866180714,0.001057636795425143,0.032574765642468195,0.0025693519082672367,-0.0023760017811316203,0.00894119045415831,0.024251116704397946,0.02428863584232599,0.018312161812453098,0.021582748732191792,0.004465133627816309,0.0033008900122994955,0.0021376188309800703,0.019999980926513672,0.01629950503438371,-0.00048160352795301176,0.002168319707215538,0.020104394192959063,0.008849546900318028,0.003143021370658694,0.023113539623263346,0.018990280257749736,0.005277941521783847,0.007531182965632821,0.007633671839197387,0.022344966974522595,0.007894887142404938,0.005128634881254035,0.010979680101030453,-0.00760460628410764,0.00841643630890565,0.005647430779184726,0.009795890891044934,0.006285253014479686,0.005681670588068677,-0.00337841142790285,0.017424296261142835,0.003477632509099937,0.007186503505863584,0.0,0.019649897598121857,0.022265228716298324,0.003138683998913816,0.006547292518985115,0.01581498783237323,0.021761480239713915,0.01982751056497789,0.0017830413956185787,0.0030509467966959303,0.010521450572818392,0.0093776837849886,0.014220859382998885
2024-08-26,0.006491013809155621,0.002433859248249348,0.0,0.004453318899465986,-0.0018726621633999851,-0.0010701853659856875,-0.0016011993274850367,-0.002265939681845297,0.0014024897453261964,-0.0009798265593824462,0.003955022839716715,0.003516458331158434,-0.004351795618057652,0.006664934545569379,0.014138407202924919,-0.007086688885462489,0.002100743066772326,-0.0012242944610155737,0.004075305733243217,0.0006065904744612105,0.012643213363691341,0.0047631098851226294,-0.004859427231717728,-0.004410460672084837,-0.016287610681581022,-0.0033881137027580444,0.004107808202935104,-0.0008888590633489013,-0.0015481403859385345,-0.005119443137288626,0.00980391240220757,0.009102754058304408,-0.0004821810660727843,0.004852470388889252,0.0057153429416856305,-0.004385959694142794,0.0002411826532953132,-0.005315544128017047,0.010454544744427752,-0.0007500112912284251,0.0025524823981382117,0.015151500099837678,-0.00686257000464352,0.0,0.025572356653482453,0.0005570045747027574,-0.013409937832238095,0.004845572686368094,0.0022461755044371756,-0.008892443946237893,0.005124882304751166,0.0018830274612247067,-0.0033899639438847995,0.0104243739096046,-0.0018347566459144815,0.004492688031018766,0.005714269508695136,-0.003792577834600963,0.0037878651798142204,-0.008135116676505794,-0.002540897558909627,-0.017964036906986003,-0.004400283854873344,0.017187883428308126,0.0,-0.00037999082166562115,0.0015839154272949685,-0.0126690181891993,0.0004086760259838229
2024-08-27,0.012271855286272393,0.003490017395750833,0.005154658940003776,0.0,0.00041689052661708637,0.0,-0.0006016241435715663,-0.006055920975911899,-0.007703057334326635,-0.0012607934420333367,-0.003151503307727732,-0.002477136866227081,-0.006118778786942336,0.019047119636049548,-0.0052751086960211024,-0.01189520857348203,-0.0020963391967392386,0.0015340087576150019,-0.006945418131832359,-0.004648286272833868,-0.010460606935892458,-0.00763747416691829,-0.0020110358843477005,0.010725013904133274,0.00024354306800100645,0.008106629166805046,0.0017533720064597524,0.00044495997296034595,-0.00038763521020857006,0.0008577158376585903,0.0,0.0012887356841158049,0.014464805980869633,0.0,0.0,0.0,0.00024092447792689597,0.0015029510635691246,0.00044991370060420977,-0.0003752871151880832,-0.0009092898604593502,0.014925358528601551,0.005490190214027191,-0.001044602398737604,0.015103051054484284,-0.005288021398275999,0.003883620068698246,-0.0027772595239856646,-0.0019612342910939606,0.0016312636471593756,0.00031867588455325446,-0.015037371505390418,0.0034014948889133922,-0.0036845969712652193,0.0030634153362680827,-0.008155827901515367,0.0,0.004174598075364688,-0.0009433321894776192,0.014826416236410234,-0.0017320668867963906,0.0,0.005569974165001046,-0.0065096362034180455,0.00039561570776447397,0.000760577760550607,-0.0018708375756495421,0.0008555538987782274,0.002962619809098177
2024-08-28,-0.007281238168446946,0.0019659503867390793,0.0,0.00788182684029004,0.0,-0.000669568992376024,-0.00040116303433335165,0.03274948081016915,0.002822862500893475,0.002104171990599868,0.0009482880348921086,0.0002724244160186018,-0.008794871639037471,0.012806091303621203,-0.011363651873173675,0.006621156608185075,0.00420171591129348,-0.004533734029064651,0.006233961543734123,0.00304566532271644,0.0020459504216259194,0.005573112983346062,-0.002590827813292562,-0.019607728491012333,0.00657252982221368,-0.004150385338757556,-0.0017503030740468883,-0.0006672331038335422,-0.00019404750759588474,0.00899728253117793,-0.019417457749564604,-0.010296108100587786,-0.02281364848355172,-0.00013074498577558824,0.0009799033793043144,0.00881056215879683,0.0,-0.008170789145018897,0.0013488613902654656,-0.0011262840254468998,-0.00200214706490609,-0.06617649443524909,-0.013179645014170793,0.0010456947339649858,0.013828238124307113,-0.009793017256692127,0.017408017230373884,0.0012658881155707125,0.0,0.0008142636976355977,-0.0031856189636204624,0.009541804224810546,-0.006779927887769488,-0.01183435922898346,0.002443327306528298,0.0005306367276569635,-0.003977250232441443,-0.006924103153493344,0.001888506528502143,-0.012123018479879177,-0.001225076833139327,-0.01219512286867841,-0.008770322635842764,-0.01101364990518272,-0.0007909185157407572,-0.00012688833376384157,0.0005797856892069131,-0.0008548225520111918,-0.0018740685540896695
2024-08-29,0.0024938065116804076,-0.0003019319811630172,0.0,0.0019548066255425933,-0.00270874329193993,-0.0014741893679780516,-0.0006021472851130971,0.019173955694289813,0.0035186622519800537,0.005598950335341746,0.00379031767285265,0.00351236617302364,0.0017743285002160825,-0.004741479165506823,0.00957855728474244,-0.01833771173155585,-0.004184135363162977,0.0013540676375538574,-0.0034753939277604173,-0.012955486318302234,-0.001020920621921495,0.003694852152692274,0.007936585995075296,0.0063530647755876135,-0.0016927817923796384,-0.004428294513447728,0.0,-0.0013349069198934638,0.00038793817938520547,0.01104040090413827,0.009900980750178201,0.006068559709798249,0.031128504162101445,0.0013051410606546021,0.003915447516014581,-0.00436680705441006,0.0012047321808072997,-0.006220535268499194,-0.012123944427109845,-0.00112763017814832,0.006018560776823945,0.0,0.009778258615104507,0.0,-0.01076200740818889,-0.0036733765388816675,-0.00570335425062185,0.0005057956082363813,-0.007298106302849439,0.0048821637690039665,0.005113416868003817,0.003780883195379614,0.003413104546583945,0.010479068165801131,0.002234105251304408,0.0055672747900807895,0.003993131917287673,0.0017689841242194415,-0.010367540686530785,-0.014789213673636836,-0.0032702183826481823,0.0,0.0022270445449623644,0.011277278243008393,-0.00019796674610050857,-0.00025329716147526327,0.00502110650244747,0.013687034056794278,0.003693968615867016
2024-08-30,0.009328337991200142,0.001509650849355948,0.007692288129757641,0.007317130731361754,0.00041801726939105777,-0.0020130204194870327,-0.0008032930011625528,0.024601997513445495,0.006311371047919456,0.0027841227973195437,0.007237217664566309,0.008629131170271753,0.015943489932677357,0.00765990482690615,-0.0129032130633846,0.009543295902118887,0.002100743066772326,0.007498549537036769,-0.0021228915211058963,0.010049261982930213,0.007324188853644165,0.00157785877833172,-0.000716030525960587,0.00631277000875019,0.018895335403446678,0.009680893140918467,0.0005844969758375118,-0.0031195775539748505,-0.0007754207705860106,0.007979782029674976,-0.01960782480441492,-0.007755224288552021,-0.0012265865624410122,-0.0005863335182475504,0.014430636961676013,0.0,0.0002403768853906918,0.014041607638223486,0.008636442960686441,-0.0016933928914881768,0.0009064875153299568,-0.03149603342816265,-0.0009447316403861095,0.0015665881988315977,0.006632130769604672,0.016351076714056,-0.013384497993168987,0.008844935896855421,0.015269229754027114,0.004048479219433743,0.005882350379497581,0.009416213545450303,0.0,-0.011851817939145914,0.0074983126634271535,0.006591083040469181,0.001704439132821589,0.0016185703256748063,0.0009524387496395725,0.008942851849936373,-0.010663577157171034,-0.002469120758435861,0.004101087080157884,-0.01867851133021381,-0.00019784470206718474,0.0,0.008397145688112229,0.003375507047512105,0.007808239904265157
2024-09-03,-0.0013048349938835635,-0.011455982170580858,0.0,-0.012106455390998194,0.0017600292338124657,0.004262492131236417,0.0024367628828609877,-0.01624292791347559,0.0013936936277145762,-0.013464810297545315,-0.0015619682627120435,-0.003305497366411836,-0.01830870407906049,-0.014369193194714969,-0.021145741829515563,0.032783439175012585,-0.008385700731041723,-0.01610549823071683,0.008357269184278593,-0.010355341359833847,0.009469000355344148,0.010501438719120015,-0.01575913270389584,-0.025789923014890137,-0.021397995115671975,0.0,-0.00408879164188114,0.004693828740064854,0.002910316678964353,-0.0041666580916022156,-0.009999990463256836,-0.013026567750109685,-0.0034946816308468742,-0.0010435328973654734,-0.008073972917087335,-0.008771919388285587,-0.0016838312957793145,-0.02719383807483955,-0.017575620523161306,0.002875076508093155,-0.006339458184715707,-0.09756097797361274,-0.02245871199464,0.0052137927965054676,0.011847743410957401,0.00451601660525891,0.00775198323516868,0.0022545854241911023,0.006127451250397931,-0.008064467835579014,-0.0055319054189703065,-0.00559725796683852,0.0034014948889133922,-0.01949029184436013,-0.0035201458967216714,-0.004190799473774209,0.015882156350160104,-0.01953880897099891,-0.01998108069812743,0.022158935092063015,0.01635541512731531,0.01608908698892031,-0.016155936432354356,-0.035866544043721915,0.002375493238000681,0.001309698968855244,-0.003830024457428971,0.0025230885319957874,-0.010148827396296856
2024-09-04,-0.0011974327590612566,0.0033546329254949825,0.0,-0.0024510708693322725,0.004351624300178214,0.004432416929269989,0.0038167957374819483,-0.0028713811469597283,-0.0013917539491042907,-0.029970430256303082,-0.0009386846946266569,0.0009452766989292982,0.0035522963047818212,0.015801376445246706,-0.01139040065163488,0.00564758338140825,0.0021140671310253545,-0.0012400857003804777,-0.0019587383381524104,0.010463696509070974,0.00854271016092012,0.010392304569532662,0.0005821623184862901,0.001431026700728255,0.009961137430613443,-0.02202651997869698,0.001173048000451038,0.005339069493438098,0.0009672132463598437,-0.00041836784461612986,0.0,-0.00615916062538957,-0.002843738119239214,-0.001240164610706751,0.007170613719551744,0.0,0.003373342731621598,0.0056593798740054435,0.012385333097648443,0.0045265361044615204,0.003645708779799417,0.009009000301245074,-0.0015234246120998662,0.002074491213956531,-0.005654781031230849,0.013486911582606398,0.0,0.0024994043824315693,0.04179913309037908,-0.011382108654622192,0.0066751758351060175,0.0018763520090954167,-0.006779927887769488,-0.009174323813077478,-0.0017157076800207172,0.014992147677720391,-0.002791783928537739,-0.0004494587129071359,0.02669905897618996,0.014245867805208201,0.012890130399208388,0.010962249589378636,0.0,-0.018195249356162457,0.002172207409848248,0.0019050343348854248,0.00013370471340579115,-0.005033477155504618,-0.001711930532857786
2024-09-05,-0.018348983126071472,-0.014893647648156816,0.0,-0.0034396725539302953,0.0014999595420528422,0.00240688659175059,0.0002002552934068369,0.0007198209239562825,-0.012543574940124591,-0.0024659974690677267,-0.005010833964352757,-0.006761422021867802,0.003540013362167249,0.01564820778646281,0.002383745769414025,-0.005809394517283795,0.00421956068019691,-0.006456452196021867,0.0015098167129596884,0.011370536713206647,0.0034878304979470975,-0.01208549144458182,0.0,0.0021432810548671632,0.005292271871366383,0.008744027218181127,0.008201416998498745,0.002876879962199208,0.001159765730252893,-0.015906286075139775,-0.010101000370632551,0.004426677462148865,0.007604700926776786,0.002875644242505526,-0.009043597679842308,0.008849546900318028,0.002161429100839607,0.00324017728573045,0.01132755396470353,0.0031919463757257294,-0.004722184811198349,-0.008928562875609058,0.007580986513444632,0.008799117149618674,-0.005054669904444475,0.0016634577992504784,0.0019230880623728464,-0.0034904421091002114,-0.0026569936864213606,0.004111817260279871,-0.006630913322729359,0.003745383941013314,0.003413104546583945,0.0023147986119822495,-0.01688404935967225,-0.005960060126115163,-0.006159075112794898,0.0025482816960911148,0.010874665479449153,0.02717555388239501,0.005655615188902008,-0.024096387333138014,0.006748657436036476,0.004651891774021033,0.00019690672617489469,0.001267233906644627,-0.00784157101068772,0.0033726608529056623,-0.0033895429303730795
2024-09-06,-0.002257905351575107,-0.005862368871269119,0.0,0.0009861864807823029,0.0,0.001200820619479126,0.0003999491119701659,-0.00791357828264816,0.00564572500178695,0.003489859664028261,-0.009442920696777324,-0.00784892011848537,-0.0052910953620723955,0.005105278998922325,-0.012683315559707364,0.010712765367326682,-0.004201830800167672,-0.014121590904675463,0.00211079130795766,-0.02087933575475054,-0.010923511014743092,-0.005726130228122295,-0.005819033826346631,-0.028279583534870922,-0.0035894525418974643,-0.028106002784229145,-0.01220205138609376,0.0019857048184954706,0.000772204460021797,-0.004253500387533693,0.0,-0.014103147370065572,-0.006603977219891144,-0.0015639587364237872,0.00038830260623545776,0.0,-0.00023949715940252414,-0.017338150010063225,-0.006720316030216389,0.00018707961908948079,-0.01277370748868667,-0.06306310950447058,-0.02091345340319295,0.0005131898467745089,-0.01749115464854889,-0.008026637303352624,-0.0019193968931208172,-0.0056791217040891295,0.0031969708337793445,0.009008970800925553,-0.012714496253434682,-0.003731408383974566,-0.006802386764993895,-0.013856716164549643,-0.005964547883807514,-0.007820660528360057,-0.0016900355566212832,-0.01873508572927951,-0.014031755628987841,-0.02913197265211276,-0.0001004063952891876,-0.03456784293893911,-0.022141205326201896,-0.016878319067895275,0.0013791993148064563,0.0013921013433473295,-0.004607186189370727,0.005041936478784592,-0.010243787723088427
2024-09-09,0.022369909955220146,0.009310918424901837,0.0,0.00344825206317112,0.0024956865580276766,0.0013324671319441261,0.002599912825744788,-0.03915884056881014,0.007719274152789168,-0.008114727447678827,0.008579384605476026,0.008824026058517731,0.017730475764849096,-0.003692763533994725,0.0040145380649438955,-0.0028906255624283617,-0.006329167959813087,0.00988723680664716,-0.004663944652068874,0.008406805871613132,0.011378843521521631,0.013874418149076195,-0.001756031126620372,0.014918053917049257,0.011527304839900054,0.011081084902345495,0.005882430387988746,0.001101399029881156,0.0005784948020903791,-0.005553128720779399,0.0,0.006705362711710849,0.016144445379911332,0.0025459885978622587,0.011451744306963052,0.0,0.0021571845816414914,0.0032866296353322166,0.009472116172469569,0.0020585493532443433,0.01016638169942552,-0.01923075159625831,0.009820853939310314,0.005128233719432496,0.013322437892650418,0.005859522480846868,-0.005769060943823234,0.009359966633735173,0.00531137466536058,0.0024351772641078018,0.0032195276392501526,0.007490378720903301,0.0,0.004683807580394106,0.004138057417065744,0.00919593703802346,0.002821606384229014,0.011062585784292311,-0.0028462285595655112,0.022963870284874677,0.004319040451832068,0.0,0.0103657165275024,0.007292723866186401,-0.0001967571062776452,0.0002530997854299777,0.008579187527123278,-0.005852783124859262,0.0045540029554629324
2024-09-10,0.013316787454100698,0.0018450997116321588,0.0,0.003436295013046653,0.0014521025577360902,0.003326681815669419,0.0017954258946160095,0.0,0.0,0.012271826258035246,-0.004095575932438478,-0.0049161180377965685,0.001742158281299755,-0.00027447590928020293,-0.01679328899144139,-0.012369566295827639,-0.004246204876743875,0.0055228103012325835,0.002569583795965391,-0.0016267197973958147,-0.000661785767329337,0.008262221793768676,0.005277245749252257,0.0031324260727669806,-0.006172773792521569,-0.019246332845719527,-0.0017545160195225895,0.0037394616204411424,0.0019281755010478463,0.006013817811923117,-0.010204071702683226,-0.009768997908851995,-0.01401858305594239,0.003548416762734652,0.004413812292836772,-0.02192979847071408,-0.00047847483664109625,0.0031034706644883503,0.0008938868258878685,0.002054169535607997,0.0005489122247268607,0.00980391240220757,-0.008072021856276201,0.0,0.018266428712981675,-0.014701857269180385,0.007736782978709389,0.001121713620289233,-0.007660929250374315,-0.012145833226200331,0.007702220008064975,0.003717827873067403,-0.00342509521770773,-0.01554000928087762,-0.0003090067562754317,0.003644979488054645,-0.0028136673225485076,-0.009087689722959147,-0.0038060075329705567,0.003591707046776804,0.007000776370264639,0.025575369086463517,-0.008820075616948864,-0.03167417038375353,0.001770921961596672,0.0015166883023927102,-0.001056215417395423,-0.005046276928964311,0.004945110497739158
2024-09-11,-0.006373913381042651,0.00460401761339857,0.0,0.0019569339582983236,-0.0006214034888069042,-0.0005304066181838207,0.0009955736051889819,0.02415086022686186,0.001392789571159403,-0.0036080771820373725,-0.005764482502753188,-0.004229882903617477,-0.003478256888556741,0.0005034417119451629,0.010573369095365326,-0.038356148662314404,0.00852885724576824,0.005367695901979497,0.0006030039009841115,0.001629370326363011,-0.005298057535928158,0.006402122894744844,0.0014583522538715865,-0.0036030589179670836,-0.01600567759413729,0.012264935952120304,-0.0017573613570267543,-0.000219075789313683,-0.0005775083455407115,0.0,0.010309268214748757,0.007623206364224755,-0.027488109471346722,0.0027576575190317865,-0.0021015098176789815,0.0,0.0016750663307794067,-0.0015469344665074436,0.0004463186115584161,-0.00018620243706091166,0.0,0.009708728874782357,0.005931551047905659,0.0,-0.00588448983437051,-0.010135175244394445,-0.0019193968931208172,-0.006473981676699436,-0.010381911872679006,0.0040984161253434515,-0.0014331591401095523,-0.0055557966132221415,-0.003436054507765407,0.009471124973042366,0.0007213462396578052,-0.0005189365545116287,-0.0028217184149755825,0.006859268079737912,0.025788058000606906,-0.005666526502419611,-0.0007945561194131479,-0.008728126512682288,0.004590803893707696,0.01448599483365487,-0.0010264104441484179,-0.000757348105227762,-0.00707309050714755,-0.0008453285610042771,0.0008408340019148142
2024-09-12,0.0033155213828583996,0.0027496565576143883,0.0,-0.01123050001352166,0.0006217898712022052,-0.001061694801348767,-0.0015912058759774972,-0.012527545531567652,0.018080683366666683,0.004490119157640526,0.004472044591205648,0.0027043744222170485,-0.0043629967341412,-0.005901493602899932,0.016498968225435506,0.013023877353706359,0.012684980873964635,0.007449752533871257,0.0012052193489966445,0.020536722282640252,0.0046604585472322935,0.014249357352337455,0.009900665957069954,0.01928644872952434,0.0063121437291799865,0.00861600851502864,0.007042178679924849,-0.0017538774931208367,0.0,0.0,0.0306122151080499,0.01468632334492459,-0.010721294893369926,0.00207036581299902,-0.0022977350598567536,0.008968598955954254,0.0007166567467016272,0.011533819578920967,0.010709484275031933,-0.0005595397345130593,0.011155837338629793,0.009615375798129211,0.009990409355152163,0.007652898236165218,0.008792597557867321,0.0011377903601175188,0.0038461761247459147,0.0025062949266962953,0.0004034646891790672,0.0,0.016743729447550315,-0.009311006241908393,0.0068966184785725915,0.017982855247769658,0.0020598147094206265,0.0038931286752275085,0.024335086632481406,0.008126747926139322,-0.001862250461880599,0.0008997834181037057,-0.004671519134594848,-0.005031493294536671,0.009676914421661742,0.027790529337920367,0.0005929130944961614,0.000252335706529383,0.004095589702056701,-0.00930628029262548,0.00766216901138117
2024-09-13,0.0018411519940304544,0.003656351096049004,0.0,-0.001481255341740595,0.002279007084033058,0.00212532744777838,0.0017929595782910646,0.02985064320572617,0.007513637574975585,0.00043254612327414677,0.008745341132573081,0.009051185334611134,0.002209563096749134,-0.001426561801097792,0.0007918301388047944,0.02631587441118044,0.0021232069707224355,0.007147887917622775,-0.0006017302979519634,-0.00458253066324199,0.01159716496335772,0.009282459480592253,0.004325405005492389,0.0021284854210452675,0.012304075316913243,0.015750123991255416,0.004079201149129519,0.0026353496059550174,0.0013477347777182125,0.00601608276118748,-0.009900980750178201,0.004824556849879258,-0.014778444577095429,0.00665090600656848,0.005258142608720373,0.008888878172457204,0.0014323861143061833,0.007998651556004432,0.0066224929111664554,0.0027976826154945122,0.001989542000425004,0.0,-0.00024132650260000332,0.010126742026239421,0.0030193205229753772,0.011079423490797158,0.0,0.00974976515255066,0.011831254711571093,-0.0016327548277172976,0.0017252587305052192,0.0018796836451799859,0.0068489761497085855,0.0023041312351810284,0.0022610501239417324,0.01551192118554301,0.002209806834936545,0.0022626005959189843,0.008395492173492336,0.023374366765377852,0.0026965060930217444,-0.0012641368228262229,0.004976474645260964,-0.0016434117714942964,0.001974378628710305,0.001515055264552867,0.009936361119421866,0.027327212285467972,0.006709358350224903
2024-09-16,0.003927728529577346,0.004857257640610735,0.0,0.0,0.0028936493071258784,0.0026512637131632655,0.0013922674735509233,0.00579715569634387,0.003389843439651763,0.01052187134345317,0.00898506332280924,0.009860978881127469,-0.005291068221803252,0.007097024573259336,0.009098050021933979,0.009199516288317167,0.014830389961078883,0.00416076061173265,0.00677609920415323,-0.006004764743709479,0.015558358595366917,0.004971412270182052,0.003043332397240528,0.005664760181816941,0.009294559663275859,0.0034167093443633334,0.007544949666482337,0.00218967278201454,0.0007691633764077555,0.02050417873686805,0.019999980926513672,0.006110941152270399,0.045595857769990866,-9.642165104783995e-05,0.0005812444934520933,0.0,0.0023836976569457935,0.007259798213006485,0.007017501234329648,0.002045614559750275,0.0034295641504760166,-0.057142805242211714,0.009387077682845302,0.0,0.0056228406856519975,0.0011239284716735298,-0.0019157198663611874,0.0066850502591329075,0.003587485991145778,-0.006541300854381982,0.0006263364330338916,-0.0019082256250421148,-0.012048296905830647,0.00842908499912376,0.007998446033635753,0.009419712251797385,0.0033077298445438608,0.00947830002960015,0.008325713672538537,-0.007613532199506334,0.00916227229098654,0.017721487751932052,0.010148027115308489,0.011372156785069976,0.00039381000029714563,0.0006303349746805686,0.007407749962837551,0.016625101281389165,0.007674444668191782
2024-09-17,0.0029073163484771847,-0.007673558305573036,-0.0005089175102276355,0.011869462224031402,-0.0024730553086192986,-0.001322073646326749,-0.0011915878120593026,0.019452465718120537,0.004054017916833796,0.011980964046536036,0.0006248994472897174,-0.00077773024319161,0.021276560866132277,-0.0016016468722565014,0.00783999507837474,-0.0007758552657154416,-0.008350536631771321,-0.00024363062679477743,-0.00014960187171286776,-0.0044302006395562366,-0.001612543614354478,-0.005688867221278038,0.0024045175553328857,0.0023466358779882235,0.011097866048611849,0.004976439112242437,0.002304201478561474,-0.0010924442954676206,-0.000384209451491202,-0.0020929516723809938,0.02941173720662249,0.005639930868013732,-0.004955310787059686,-0.0015715509913422077,-0.006001956123061869,-0.013215928593663717,0.0011891626303275338,-0.004693207822320855,-0.003484343568427417,0.0,-0.00215865903358603,-0.04040406168924138,0.0021754944775027596,-0.010025219217467574,-0.007737491957087617,-0.0165591610864656,-0.0019193968931208172,-0.0029513378850017924,-0.005693065470043446,0.012345766377737766,0.001251766304464219,-0.007648179261641852,0.0,0.006838933692044691,-0.010783403772562261,-0.0030266450420262103,-0.00824178940635556,-0.005983142303634725,-0.005504685005234267,-0.01121277884210592,-0.004835729458437021,0.0037313203794697714,-0.0038528711659443493,0.007397598606911249,-0.00019678755497609668,0.0,-0.0011970593496660742,0.003270528938103423,-0.00010020301438529167
2024-09-18,-0.012526312978046739,-0.0004870571735960949,0.005091669275836708,0.0087975927738706,-0.00020671657719883996,-0.0030448478036972926,-0.002982722768693824,0.044522932598220155,0.012113075998282374,0.005215005921340721,-0.00202963929968758,-0.0009128730318003209,0.007812499262343842,-0.008616662550562926,-0.007001036853254261,-0.008540254875217146,0.002105100615205524,-0.004144624896950444,-0.005983745810184127,-0.005258839308005858,-0.005814973365461995,-0.017412878737835702,0.002855457348563295,-0.0011707123343700498,-0.005137688905275994,0.005994185360505666,-0.002298904339782748,-0.003937702594816184,-0.0005766890624477883,-0.01426169032485114,-0.03809520349480777,-0.0034512552637918636,-0.007470039683724505,-0.00430460074412764,-0.0027268913213200907,0.0,0.0002375894743722462,0.003368117421429284,-0.011363402402326805,-0.0027837321402245374,-0.003785860052385459,-0.03157891764865317,-0.0005724609638868561,0.017721620152319595,-0.008423938908629025,0.00285404213971141,0.0019230880623728464,-0.003946765418304632,-0.0006656203256999449,-0.012195207198734126,-0.007657513811593852,0.003853611572526061,-0.010452835133033522,-0.006037718530712222,-0.000925465257283653,-0.005312460432157273,0.0,-0.0002978414784746697,-0.006918913198787013,0.0026857701311806537,-0.01239592301931447,-0.008674125008122147,0.00028334500654025874,-0.008077434949661066,-0.00039413186067227546,-0.0006299379027885355,-0.0020354013454304543,-0.0029448740215002323,-0.00408904914336472
2024-09-19,0.006451477263170746,0.008833224596093814,0.006079069940465365,0.02470923804070191,-0.0002065931125380116,0.0,0.0003989927472074495,0.0013531581889323352,0.037234070547677245,0.03323063718143948,0.005631951260999912,0.004778531765720739,0.011197221886766862,-0.0071197384649325235,0.01645123983142205,-0.00469863979210261,0.004201695861522081,0.013831400896367141,0.00797609831176782,0.023180161797262677,-0.007798538229029872,-0.005316326910230207,0.0059794088562039605,0.020159419714427473,0.0021127030402074976,0.013471603274950672,0.00403232328536296,0.0010981402638186033,0.0007693112784132872,0.016170194139729865,0.019801961500356402,0.014285699646514605,0.004515664129372876,0.00754969574982689,-0.006836030655994474,0.02232148997000838,0.002849903661133135,0.01963740546873738,0.019451668727441973,0.0009304759135397855,0.011038747616376243,-0.07608694736696164,0.02229332441310139,0.0,0.00797885531658471,-0.004268763135260811,0.01535507371837097,0.0007429014650759402,-0.003597734645672368,0.009053620981980703,0.005354356775285396,-0.0019194091290309911,-0.014084334739703941,0.01746391116916879,0.0003087204416298839,-0.0022887860854415853,0.009418245136131986,0.015797289327244002,-0.0013932802629301744,0.021131039625396753,-0.0033133110511488484,0.03249995623869961,0.017127679225929393,0.019987959339973882,0.0005911911558826866,0.0007564831591158061,0.005508955406691385,-0.014345948478897363,0.007728646025978447
2024-09-20,-0.0046095656249686146,-0.00724634732734486,0.0,0.003782480070664729,0.0,-0.00013273356324894348,0.0001992569545912204,0.01351357107592599,-0.016025640633762994,0.01411313297333372,0.0024892849266326955,0.00298126039412816,-0.002555304317936158,-0.007450248725615394,0.002312095476822984,0.007277764837984035,0.012552346442466833,-0.002173324276798838,-0.0028367322672460116,-0.021263901149313424,0.009497263196244665,0.024942566492167417,0.0019814371789284024,-0.007582724666749474,-0.0074959757432517815,-0.014314935664155093,-0.001721181446775355,-0.0010969356745874626,-0.0001921416370620488,-0.0012563297382611749,0.048543760111089185,0.0019205169828644397,0.007991976808581436,0.0044498275268931575,0.0009832744046998076,0.0,0.0,-0.018600850031427973,-0.009973892637702764,0.0009296109329577362,0.011813123504597511,-0.02352945878843815,-0.010273249843957055,0.0,-0.011446456872379551,-0.0008575765348151076,0.0226843415540392,0.0004950313592118061,-0.006686273246581553,0.019575721626360787,0.014411036056675153,-0.0019231003453900053,-0.0035716970691208605,0.0007462386218324291,-0.008129251251180913,0.020137688193395453,-0.0038419104147685568,-0.009243130044611303,-0.040930205294028243,-0.012241386383899489,-0.003828492924018989,-0.007263878575075822,-0.007563803001236824,0.0015727992857166306,0.00039405430042704914,0.0013854655917866499,-0.005270305654040186,-0.018835564842432206,0.0007988223021564433
2024-09-23,0.00423285537029483,-0.0003041106105444724,0.0,0.005181415002995404,-0.0014468662134587973,-0.0006641810628363887,0.0009965657597552635,-0.016000013015194936,-0.0032573413350023284,-0.0016057368773528813,0.0024828561012169015,0.002957815529865293,-0.01537147530735472,0.012666537758925456,-0.0007689976355939043,-0.014840824653059692,-0.012396738288710352,0.0015729529956500787,-0.00059891217842023,0.0012182661290864871,0.00567724986003193,0.0032282825955050054,0.002542413579958769,0.0013892789657072857,0.011564862476083126,0.005705286674869248,0.007471234460995957,-0.0017571666452295132,0.0,0.0033542897219700496,-0.03703711062301529,0.005750927158227892,-0.0009910621574119594,0.0037511491883086556,0.004911623946274979,-0.00873361410882012,-0.0016580061154577441,0.0065414766859572815,0.0035041837669418374,-0.0009287475590729066,0.007075880539943125,-0.024096363046584468,0.001974982299508987,0.01492535668947137,0.007258476026555716,-0.008009043843975605,0.001848439487879494,0.00643084473357769,0.0039040467982940363,-0.00479983079007773,0.007720792215374361,0.0019268057862629195,0.0071686856990973435,0.0,-0.0033198491541915898,0.009298755565766426,0.0033057977791084436,0.003998410368781347,0.009699285962416537,0.006491626576137444,-0.00212373594850479,-0.008536533345932074,0.0034095325313510116,-0.0037385158593593593,0.00039389908279940933,-0.0007546629450670972,0.006956115589665801,0.004362893765162745,0.004530117558829261
2024-09-24,-0.003386334471976671,0.0030423826284906585,-0.005538801962283291,-0.0004686003406380035,0.002690823647084173,0.0011958737887309834,0.001991227041474808,0.002032590895150177,0.0006536097226907955,0.0038868565861567284,-0.0015480112320527262,-0.0023562478396332853,-0.000867344498499123,0.010655051040168395,0.013851531777220094,-0.01585731829192405,0.0,0.001570576600493201,0.005093742945198487,0.0016223519614719795,-0.004677466737378677,-0.010148485125541451,0.0008450277029130593,0.012716676004669303,0.0011665833698730754,0.009025412738159266,0.009697685121506927,0.001320016694328796,0.00019217856256559251,-0.004178824587150243,0.0,0.016094789945173993,0.001488125195595158,0.0012888037849809741,-0.004301032459799403,0.00881056215879683,0.0009490055229364192,0.0001666838137230897,0.0069837181888185995,0.0014873474422740784,-0.0050939355210182224,0.012345667202249944,0.013773425284862473,0.0,-0.006519826039787957,0.0005769463024376531,-0.012915105946338379,-0.0024575371747266317,-0.005498174170802339,0.0008037122347339665,-0.005669626731534816,0.0038461024681768485,-0.017793582104284278,0.015659994504952035,-0.000728717475990015,-0.006723043900612402,0.003295014504059779,0.006931871109666421,0.014889537724317226,0.008208700506792121,-0.00020280757142832062,0.0270601801634458,0.0037980172447562577,0.007955449664120762,0.00029510848508707,0.0012587214855750428,5.6951644162639425e-05,0.008688083068890018,-0.0003179625218538984
2024-09-25,-0.0050244472699962905,-0.009402627480546655,0.0,0.0032817402090457026,-0.002477305684960407,-0.0037161231217813784,-0.002782161975685593,-0.0020284678498674324,-0.0045722172815124695,-0.023498028617931932,-0.005426470431764474,-0.006402323420955369,0.010416697156456767,-0.0029334790359668572,-0.009867140587210499,-0.0032225648956515363,0.004184227978213828,-0.0035644915143163702,-1.2200409782447963e-07,-0.013970427486102333,0.0006482311090019177,0.0,-0.0011259728747510245,-0.015525114490795744,-0.0027966476893053205,-0.0035778929722718456,-0.008474630827055907,-0.002856384423812086,-0.0009608615305913837,-0.0012589657962149836,0.0,-0.0029179170351476547,-0.025259966416745327,0.000965064704725016,-0.00765765520494377,0.00873361410882012,-0.0016585949820027146,-0.002332528878140727,-0.009229752121738821,-0.003713146371511322,0.0019420543119581524,-0.024390220854836775,-0.013586295459453668,0.0,-0.01974552917682415,-0.005187398838938262,0.0,-0.004976623641610889,-0.0013484346062018204,0.002409671269200331,-0.004315015553389534,0.0019157322428822177,-0.0036233551276245723,-0.007342141111628009,-0.006458339128306068,0.005264275034417176,0.004926017915123593,-0.010546098734207754,-0.0074775054353889425,-0.010468177282373703,-0.008312146141806864,-0.0059879876756058215,-0.007367855642615773,-0.015636686175139913,-0.0006886492462553351,-0.0017601971744736211,-0.007835231887751926,-0.011197245376591725,-0.004469195936688597
2024-09-26,-0.0029793811649660995,0.0027556679226223846,0.0,-0.03102626982911616,-0.002276399109946481,0.0,0.0011957045396984167,0.00948507972881707,0.00590552191204452,0.0015039526547413473,0.002026537805516204,0.0028557291500825865,-0.006013755338136528,0.004367375753912883,-0.01264855656994135,-0.001414435307785622,0.0020831725255590072,0.0049713510102935565,0.001646994520185352,0.02032848972032797,-0.0035627667832385246,-0.0015004242348171104,0.0036682291280247803,0.02932280218472938,0.010750180623551042,0.022569761304611635,0.017551973383988173,-0.00011085480829386984,0.0007521145547213504,0.0021008663279569184,-0.0096153757981291,-0.0030758880412379286,0.004064848696256895,0.002121400796494477,0.007518804381608346,0.00865799849104465,0.0004289326394488757,0.018704055457586577,0.012803561844196842,-0.00037278134488005765,0.008810562307421499,0.04999995157122683,0.019472747701682502,0.003976265573089943,0.02266852235171557,0.008111126753731046,0.003738339173088967,-0.0011885645421305657,0.0035107066030060086,-0.007211401266739581,0.010060380939864055,-0.0019120692302073694,0.0,-0.008136135794853727,-0.0005241372855452342,-0.005236707565517418,0.0005446283287393605,0.02016666626426611,0.013732558591591726,0.006758729076894898,0.002350996456185195,0.09518073739841793,0.021344244479273522,-0.026474999324617388,-0.00019694954139970466,-0.0006295765086540284,0.007629953586711702,-0.00261325621402253,0.004609472036221973
2024-09-27,-0.00564807918119592,0.0021373419742456434,-0.005063310454163417,0.019704533868114327,0.002696572080336024,0.002930930357136763,0.0011941967385062924,0.0,0.0013046613087546177,0.01911268041602221,0.008245186030333862,0.0073045041766779395,-0.0008639698710485311,-0.0007781752088198424,0.007375833110051744,-0.001214055539647596,0.0,-0.000603119425042431,-0.007025260645793674,0.0,0.006663513073182026,0.011269791664062279,-0.00281143569454112,-0.020574263560944606,0.0013873313683034905,0.007775304205207334,-0.00338207179499328,0.003980779944239954,0.0019271104539742012,0.0020964619416556918,0.0,0.0042265331781572435,0.021255140575184184,-0.0019241865347269238,-0.003338618483524458,-0.012875521490927078,0.0009540004009795933,0.000491742303036391,0.008718418885840684,0.00354210320606807,-0.004017429190992017,0.023809572804273094,0.002562371499253757,0.03960389713349555,0.010623537654519177,0.016379268660124735,0.020484091425714945,0.0052057629091391,-0.0016146165964150416,0.014527645504158082,0.0027582713361882227,-0.0095783676755824,0.018182020863900528,0.003728559500545403,-0.005140044083807083,0.009526222090733727,0.0010886637403650923,-0.00491641316614666,0.010348155543531634,0.012843037447836103,0.00520089117325262,0.10011001032916234,-0.010036645540470679,0.013208914867837374,0.0016738818536290445,0.002142253593149901,0.00435392762207254,0.0034935044362653933,0.003191659891222498
2024-09-30,0.01410876521042903,0.0003961721580953981,-0.007124651011006455,-0.0004831796138166089,0.0,-0.0022581139007961104,-0.0003976439139797838,-0.03020136770103754,0.0,0.0025450566530942353,0.002777244046249683,0.0038480064033092898,0.006920088014825243,0.01076496166609453,-0.0015414741238232166,-0.008914221430946445,-0.0020788419391464252,0.004587860278510991,0.0037633087972150925,-0.0054336537249890515,0.0011300302066015178,0.004209977940435428,0.006484378507586985,0.011080370096559378,-0.0027707278761797127,-0.006221975954355252,-0.006787555348243823,-0.0035241745188208107,-0.0005768910326549026,-0.003765671062673781,0.019417457749564715,-0.0029461131076785607,0.007928611529116392,0.00025699017987435013,0.013793130446548174,-0.01739128383669697,-0.00047634881876901236,-0.008520375546958059,-0.013396755116909409,-0.0020434848103539904,-0.012627200141936301,0.0,-0.004879197054737272,0.009999905444505464,0.0031252203652774035,-0.007350628644161916,0.016423452685806694,0.0041923552140006315,-0.0008138912927384556,-0.019888583327762777,-0.009168867612678766,0.01353951864911851,0.010714048497877826,-0.00222873651828448,0.002003375757922976,0.004469753646873631,0.008156746498668932,-0.006710388213947538,-0.010242167996005969,0.00201728222723796,-0.004768200174088411,0.419999964219836,-0.0050194821849336435,-0.0012268059426070455,-0.0010811071934283545,-0.0012573541397314925,0.0014135167859403719,0.0069625846036560635,0.0019887812340642075
2024-10-01,0.01210578717586519,-0.0010051071545547074,-0.000512569388237738,-0.010633225702168847,0.0030099288887455167,0.002950929371198674,0.004922013565936689,-0.0055362431612345775,-0.01433226459683934,0.02672373714791565,0.0001540993622863862,-0.0005898945281285206,-0.010309308214889734,0.02098348739807121,0.015823981336851034,-0.011447163753215417,-0.002083508611473328,-0.007210779670797307,0.004648875276840991,0.0006071167255761178,-0.005966837903564004,0.005425250220611355,-0.006722743968540779,-0.010273978558836494,-0.006019938479203013,-0.011019173614480016,0.004555845626830202,0.0030945250354297293,0.002309355624376952,-0.0029398619407590143,-0.028571402621105912,0.008020268409699716,-0.01868239832156582,0.00012834465224353941,-0.006025288077021851,-0.008849632633465054,0.001429727505315448,-0.009089450643365415,-0.0008760514064823921,0.004016894286163586,-0.004795697660957332,0.0,-0.004903120345084,-0.009900897406623366,0.017899598910569248,0.0017087076220860808,0.010771864393401165,-0.0004911648988119577,-0.009230156603763362,0.008116913886672572,-0.012646456380229543,-0.00381684039733432,-0.01060047449998458,0.017125741231409197,-0.0008560136151322117,0.003461026643647891,-0.010787562635310333,-0.004840412333859789,-0.0061147476973971715,0.0023007769716483217,0.007219922160393688,0.03521131410866296,-0.004387037195563437,0.018120488696367953,0.0007871687660627735,0.0014020741289799687,-0.0016373977752049962,0.012100298727522718,-0.002639494238485085
2024-10-02,0.012389319700222945,-0.003963432743138262,0.0,-0.00341952786812616,-0.0028974715569229925,-0.0018640038909819578,-0.002577849442452429,-0.025748200677803923,0.006609347457966264,-0.01860994721299103,-0.003846243090076751,-0.002802593820173005,-0.0052083013682306945,-0.007590444660257822,0.010638327808834003,-0.010339135402489319,-0.002087634157942886,0.0006051844478773827,-0.003731850494621214,-0.008695779167595896,-0.0060024597303190985,0.004415156333146042,0.0039480878311612955,-0.00023066009017203015,-0.008385668556555648,-0.00936945670106093,0.0005668550339579248,-0.0022034798841804593,-0.00019193922495064353,0.0004211359126233827,-0.00980391240220746,0.007537638607082231,0.0018036436096346975,0.002249206754547428,0.00019562065488654135,0.0,0.00023814428693524903,-0.011174044102649439,0.00043854151964084487,-0.0011165210507477763,-0.003034051167779328,0.0,0.0030502072827234272,0.04761909264547359,-0.0008347751981468976,-0.02274666070634468,0.0,-0.0019657228725009634,-0.009727432859777396,0.0,-0.004061250724393783,0.007662928971529093,0.010714048497877826,0.00805274972146397,-0.005500319053309388,-0.002710115371588717,0.005997877995339795,-0.004401506833214053,-0.013251314745458598,-0.030703005499950864,-0.008427139750040391,0.0340135649036466,-0.004706539053793923,0.0,-0.0005899919534952947,-0.00012593002461303016,-0.0011877390266086252,0.0017078211490488826,-0.00019906474017927778
2024-10-03,0.0037735110450172193,-0.0101009839113535,0.0,0.003921441327188635,-0.003943561078075253,-0.004401708187204867,-0.0027830696450749093,-0.00499995605918746,-0.003939557960982887,0.05582814288098081,-0.0013898162957901583,-0.0011836851347980515,0.003490379862366666,0.0031310805873647762,0.016917240894568808,-0.004211323187036209,0.006276116972537604,-0.0025405565343293857,0.0034461459268508854,-0.00183589383478433,-0.008160619685938286,-0.004151377647524712,-0.004494309161121257,-0.005076155280231087,-0.010101128628460354,-0.007924369234781015,-0.013031081146388845,-0.004416870009910423,-0.0007681335615443707,-0.01684214737337686,-0.009900980750178201,0.007481410360023588,-0.009802080950026215,0.0001855587062529196,-0.0005865853458211223,-0.004464194195647919,-0.001427739434507136,-0.007083876197556127,-0.01051713451432168,-0.0048435659510369655,-0.01145720036004827,0.011627895694091173,-0.007953227678638486,0.0,0.022445183880441144,-0.005818998866314318,-0.007104649361985738,-0.004578893176672816,-0.015495203567786886,-0.00885664527272434,-0.008939725986369829,-0.003802327520051829,0.0035336290541641002,0.01597676953920235,-0.008083433721101319,-0.0009881044974459074,-0.020054240198755235,-0.0067285705387006844,-0.008153448050202572,0.00947305229094142,-0.009420573598107995,-0.05263150204855238,-0.008652703052487665,0.013725177217571494,-0.0005903402494923382,-0.002271075636578468,-0.00805962997709464,-0.011082695953301136,-0.005910876074472604
2024-10-04,0.0018972892515622952,0.0049473736595182505,-0.0071794558794070484,-0.0068357164615466814,-0.003959090814573574,-0.006564720560509385,-0.0023922939242083663,0.03948318789075267,0.009228763521335281,0.062170215538872586,0.005876650443769282,0.00620567365412894,0.009565205876705729,0.0007132112004075708,0.0033271469810840504,0.0012686220347477573,0.010395104061718508,0.0059431266775333835,-0.00447950936261865,-0.0030656636496427803,-0.007240442284483617,-0.013977603755144341,0.006207670457556436,0.00881267270908248,-0.028713641373778298,0.011594862211465218,0.00918480277568845,-0.00842969563339302,-0.004228402896447547,0.023554642739144205,0.009999990463256836,-0.002062580359487254,0.003030480900900967,0.001288363059773312,-0.002347394652649215,0.026905796867862986,-0.0009530231893125629,0.01002211056539326,-0.005757335525454765,-0.005428782645981456,-0.0027164383088716937,0.0,0.01061068447484148,0.011363601491415132,-0.007844044240385872,0.012291553187711246,0.025044581175173386,0.0002719874582466364,0.004918429191244522,-0.0016247966623051946,-0.0022155512038981584,0.003816840397334209,0.01408474594914999,0.002859141278561017,0.00160850848231342,0.001978356505937251,0.009402727257554977,0.00558254461650054,-0.0019342911862860745,0.003225824494832219,-0.012300827221113364,-0.020833376173565288,0.010453540530875216,0.011456868690723265,-0.0033472640339721194,-0.0037936742870954276,0.004015155927004965,0.012069105010712233,0.00714742940302493
2024-10-07,-0.010660646247249495,-0.006769252932219416,0.0,0.006391139014174874,-0.002510457093846008,-0.002967102302988356,-0.0013989645343499557,-0.01864649390130435,-0.005878520582701885,0.022703062530176732,-0.005996114037634115,-0.008375017230492166,0.0017226423142673308,-0.012030401997537354,0.01805452838718047,-0.004646169401848144,-0.008230371170542816,-0.00651079113133568,-0.00524969141570375,-0.005330072101301098,-0.012265924189564736,-0.016662441073834855,-0.0014021701323168045,-0.01310348584189236,-0.008306864065120267,-0.007131896385671022,-0.007394725904191102,-0.006711271930354812,-0.0017370697332573792,-0.0066944624503941785,-0.009900980750178201,0.002480212068083798,0.015105695280330789,0.0,0.0,-0.00436680705441006,-0.004769760040470028,-0.013622569339960644,-0.012472139368125856,-0.004140636779747187,-0.01725078548886927,0.011494241848790887,0.0053663520851732205,-0.00404486729151321,-0.012792337985905622,0.0,0.022687740889863806,-0.008332248764034045,-0.007131855342054294,-0.009764009538707041,-0.01760506801336048,0.0019012608622150928,0.0,0.014255162636450436,-0.0018200320216787969,-0.021224138035580764,-0.007671189008189749,-0.002850753255655425,0.0,-0.011984795626557077,-0.007535510013995661,-0.04964534849126545,-0.006227308414526345,0.010444246403639612,-0.0007898832781445542,-0.001396494401799231,-0.00930582615145703,-0.0034072079312833514,-0.008547994177562246
2024-10-08,0.01169722779757909,0.002788227135547494,0.0,-0.0014655119434826558,-0.0006291307984362948,0.001488128004697442,0.0,0.022519491702676753,-0.007884355023241252,0.010521476401443408,-0.0043256849680086695,-0.0030056068587134277,0.01891657265649993,-0.00022560771815272052,-0.02605858236391212,0.009335883250464416,-0.008298895451566701,0.00752405272034995,0.0046742335372031985,-0.002885362611708908,0.004530924193133723,0.0017703835733451356,-0.001684768987328944,0.0,0.007390850717722941,0.0010261749105711093,-0.009741923526890739,0.002477399137870151,0.0015468171874286618,-0.0021061756981012314,0.009999990463256836,-0.016907234101213753,0.004960341063196205,-0.0023684735674466273,0.00019615764744562725,0.004385959694142905,0.0007187049139345536,-0.0001705489361053525,-0.004059545910651163,0.0018899331538859698,0.012379916965546967,0.01136362558800319,-0.009979157328077859,-0.00722025865977638,0.008230833982325603,0.002023678111015892,-0.07571806628689859,0.001221780270953765,-0.0021126327065922323,0.008216958072471359,0.020826612941437395,0.003794918186250884,0.01041643540602677,-0.024595845779315506,0.002359551454419684,0.0002520352113741797,0.015460872514422075,-0.0036262841724871153,-0.008720899260491799,-0.012425981610224346,0.0016874602597778399,-0.05223885200741352,-0.0010137702438463014,-0.01062741016952995,0.0005750239974116056,0.0007627709045434639,0.0018224138905276188,-0.01025647175837996,0.004591498753368173
2024-10-09,0.008233403012476881,0.005869613157677422,0.0,-0.0019568837611675383,0.0023082651282830824,-0.0027014219082137636,-0.0018011427282895731,0.011699846603441921,0.01059601611722183,0.02860415526909943,0.005372129761715305,0.005432078825058584,0.004219429422405829,-0.0009923489878589375,-0.007060626679434523,-0.001471459122392993,0.012552346442466833,0.00891376972266178,-0.007654268596188452,0.005167498505659118,-0.004844553071167046,-0.0002526378017728703,0.003094120840211323,-0.006988155241700156,-0.005135667620438045,0.011276352506257581,0.003472220191444775,-0.0015727295438912048,-0.0027028262406838532,0.0059095897485019755,-0.01980196150035629,-0.006291972997387041,-0.00493585752642578,0.0003207985068798269,0.00039199492962560534,0.00873361410882012,0.0011973438686143645,0.00017057802800657385,-0.0013587581558380801,-0.0022636416532542114,0.003285267026001737,0.03370790053551764,-0.004922566572186926,0.0,0.006398605291100701,0.00028846239032787047,-0.0037665371380893875,0.0030628697393924043,0.0028228441461182197,-0.0016299342858336896,0.0074332475077278914,0.0037806677792620036,-0.0034362837248673728,-0.0072046797704241605,0.0093087002367096,-0.007562297128613782,0.001631435659062097,0.002129332569856812,-0.005865081626345803,-0.0017975246066822548,-0.005684992907695974,-0.09448819356611848,-0.0023345740676107285,-0.011477365307080212,-0.000594643164027242,-0.000634784218212503,0.005609668012969804,-0.01295324771266193,0.007963366473384248
2024-10-10,-0.002988464767888721,-0.007063759490430144,0.0,-0.012745209581435879,-0.0014654292862820162,-0.00040633792055699836,0.0008018810029770673,-0.05102038134189868,-0.0006553229837381602,-0.00444954734407188,-0.0028653671412335324,-0.001944505867300217,-0.0033612325476045646,-0.0009482160104617998,0.019461165770068067,0.007157859053008364,-0.002066067496723001,-0.0029849330407287766,-0.0012097893544329441,0.003290074940595966,-0.008561285353933523,-0.008333204764061297,0.0002803462468166096,0.0011728731951121674,0.00835801136510872,-0.00785609021480449,0.002306531738387241,-0.0002250814218429653,0.0007743069367487365,0.002098221409107648,0.060606002223795086,0.013507811782905055,0.0009920453360028336,0.002116755244768287,-0.01175767318762233,-0.004328999245522325,0.0004786808716812363,-0.0039216862365196725,-0.006802671023516171,0.0001889886663124507,-0.004366082018067985,-0.08695656680880426,0.005795006581349682,-0.04090912783261924,-0.00476846384264229,0.004615011991591311,-0.01134203893458574,-0.004220358171934668,0.0012666654349251516,0.002448932843057472,-0.01224501806282996,-0.0018832621767582713,0.003448132486411515,0.018142228823649242,-0.005830550986158922,-0.00431794215964465,-0.008686207481129138,-0.000316710266728637,-0.00983286948056139,0.016506579894896678,-0.003917229497981789,-0.008695706283801341,0.0016279014455791163,0.01250346004763192,0.0011902344498118111,0.0006351874251655509,-0.0008185781653171631,0.01137347811846423,-0.003326590130329432
2024-10-11,0.005053881365369772,0.011444346126683769,0.002066064406905266,-0.012413132335095667,0.0,0.00013557310774436893,0.00040069940843334706,0.0,0.0,0.010614635912802983,0.009319680281198117,0.00956252495726928,0.012647338359887739,0.0021242567525903144,-0.001101411258498275,-0.008988210617592474,0.006211146240324261,0.006346676359738623,0.0049969732513399645,0.013322368776359728,0.004740879122340669,0.011968443982292909,0.011494265482046684,0.0016401552079061688,-0.0007314237496973686,0.005108496350835434,0.0,0.0,0.0003869308952351158,0.006281402078126996,-0.028571402621105912,0.0024990509442992526,0.0,0.004928467855420449,0.006940161736571193,0.008695641918348374,0.0007170853811437894,0.0054777059509734105,0.004566176210271333,0.0007561162199942739,0.0010963594249564501,-0.035714252769540544,-0.00014051820662730474,0.0,0.009912989559208496,0.011197239199223885,0.005736127818535941,0.007853271387358696,-0.006747297445719669,-0.0024429502220248978,0.004291215561640804,-0.0018867191757567792,0.0034365847132227234,0.001425530474186587,0.004585257021411326,0.0061223133483880865,0.005476435660442425,0.005592652181824143,0.005958270650766373,0.0011810131912843858,-0.004039410606292759,0.026315846435771784,0.0006094098937785564,-0.0023519635121028726,0.00039627315863888235,0.0008893909903857633,0.008879703964278951,-0.0008649907959168424,0.009138826829448998
2024-10-14,0.009155282821970534,0.000611686977343151,0.001030951451389095,-0.012066405961270843,0.0014675799208780926,-0.0006774493572284657,0.0,0.0,-0.009836040559362158,0.0012161315284426877,0.006001722023926348,0.004920025696815156,-0.006660803915424229,0.011185202470039401,-0.0147004253951738,0.014553655122552023,-0.0061728060393010376,0.008686289838514494,0.0006027695724080129,-0.008899671392618491,0.006572240654033834,0.004781099959465074,0.0024943959865828536,-0.0011695808809586428,0.006099019637288761,0.0022871101883294997,0.005178364331878571,-0.0006750331684028943,-0.002706930078000269,0.015813630218968422,0.0,-0.012463699718509691,0.005946487214292695,0.0019110417569432325,0.004726305080894111,0.004310339787832795,0.0009553300570139811,-0.00476684763913493,-0.0031818129248810667,-0.00018888623505253221,0.004015256636427766,-0.024691334404499887,-0.00046852177386202953,0.0,0.00496227956938311,0.0039750751916365346,0.03231930362978441,0.00722335783505712,-0.0018397882407962252,0.0,0.0025320585187407207,0.0,0.0034245150886633713,-0.014234799443342383,0.003821194261835803,0.012170414078075176,0.002723249769233105,0.0004497586853073887,-0.00592297993326496,0.00707760777194788,0.0007471243846071118,-0.008547061724104021,0.0023141684158718423,-0.0076630760231380934,-0.000594134262817736,-0.0003810616242431175,0.007686877145081983,0.0017315788844765034,0.007304055451190061
2024-10-15,-0.0032991276997748065,0.0033619275647582825,-0.002059779370246928,0.043765908247651364,0.0012564059037736275,0.003930939642769138,0.0030035210407119983,-0.007168415935770667,0.0,0.018330492009415833,0.00045908526636506686,-0.00057173127720056,-0.007182313137911844,0.0027656015222592423,-0.023125641884286674,0.005405506185125697,0.00414080127115346,-0.007903734552563324,0.0010538278608356322,-0.000612161263862876,0.010212583922077467,0.015777528320236822,-0.001105573507602875,-0.010772818814978713,0.010184353566512261,-0.006085140866822214,-0.009158516134570971,0.004053934120186842,0.003295908316642615,-0.004096651411081287,-0.00980391240220746,-0.010096720959710148,0.001970407312930522,0.0014618843624376598,0.00039208038191373973,0.017167445145378712,0.0,0.004276436881917256,0.0,0.0026450589882835995,-0.005089977806613355,-0.1139240897899434,-0.019685930258827256,-0.004739340952955584,0.0022791552748184785,0.010180919506265651,0.040515715271818076,0.003511945828042373,0.01800649537366228,0.004081607911367469,-0.006314096707804473,-0.0037805712277442227,0.0068259545505002794,-0.02021665534842021,0.0008459218486938092,0.0012526524343778878,-0.000543149197811621,-0.015133417457543596,-0.00893740597614956,0.0020497713527529715,0.012157612574971166,-0.0672412907365002,-0.010329348369604419,-0.027917808198596905,0.0011891351108319625,0.0007618025401296968,0.0008997922782993939,0.012100298727522718,-0.0014658130384187507
2024-10-16,0.002275563385450985,-0.0021323679546214613,0.011351972664090715,-0.013164198520941195,0.0016729381594495774,0.0013506161923741988,0.002196167475264632,0.007220173139966368,0.007947012087916372,0.02103657645545942,0.00917426613692296,0.00957733747870404,0.0034044010821792092,0.010452623415813767,-0.0019092045918437384,-0.0002068687172384065,-0.0061855331766835775,0.005232247711208782,0.004061396095791592,-0.01347771034529377,0.013424020046536533,0.010108452668549095,0.0013837130358720362,0.008049288938662968,0.010081678191268706,-0.000765385424549514,0.012709373146639669,0.001121510952826421,0.0009662002914365697,0.011929166771978528,0.0,-0.005524857282907414,-0.002949685293588855,0.0017144874888812556,0.005290078074753568,0.0042194041083984946,0.0019095265097732739,-0.0027252571370356415,0.00775199039010821,0.0022612340512264684,-0.0007308597465487399,-0.014285700905079524,0.009084362951345737,0.011904725883621126,0.0051973155769302615,0.0025196928732453827,-0.007079664680761377,0.008982087861586274,0.0015321699862405058,0.016260064437821242,-0.007148533937306967,0.001897459093125331,0.010169465692824398,-0.002210743490504985,0.0015848040701735844,0.01676241537708867,0.014130416722679895,0.003955635982370254,0.015030005891391252,-0.010520181107818383,0.0042144175824028185,0.09057291134529222,0.007899494318974076,-0.0035900654659906106,0.00039564094232624747,0.0010148956550861676,0.006029680113901259,0.013663354939412065,0.007437688321839664
2024-10-17,0.004334345155130981,-0.008852100531598461,0.0,0.017292459253157144,-0.004592854473906227,-0.004854476534311591,-0.0005977364448574995,0.020071724977620997,0.024310110319814893,0.00254887269966364,0.0,0.0005231600950821313,0.0,0.00026418978638620416,0.000765173282035958,0.0074457646571874925,0.012448064267881698,-0.00011858572389422672,-0.00014978875756632704,0.006623979070892627,-0.006050688474869781,-0.004881618913839092,-0.0008293834249630816,-0.004697095484131331,-0.0023765078206035017,-0.0015317469732334388,-0.003993114929436992,-0.004481289416992218,-0.000386183881758706,-0.006097556109853075,0.009900980750178201,0.0029913539799544253,-0.007889514728610214,0.003168110176769323,-0.006626563803152519,0.0,-0.0021438648200361454,0.001707999093242929,-0.009954785915716635,-0.004324190711833653,-0.01078803089655389,-0.028985479703797723,0.0037905156036894816,0.011764764146861895,0.0016695909364348172,0.003909582152045843,-0.016042754081841304,-0.0013827451523515943,-0.010985998293197352,-0.0031999653576137987,-0.009280044738857796,0.003853413760870783,-0.0016977692493614915,0.0,-0.003059068068685389,-0.009350323569081942,-0.00803861599629263,0.0010758144640685696,0.0009871633222107157,-0.023922072022744878,-0.015843054457658545,-0.01694915431456312,-0.001725797721160105,0.0031430083130534747,-0.00039548447247683693,-0.0016474062503812892,0.001321490375700618,0.004212487255954356,0.0040797995718877544
2024-10-18,0.0011303530675257356,0.012626922897685855,0.0,-0.005342434456870326,0.0014679718630181693,0.0005420415210508622,0.0013952601034727952,0.007027364606080111,-0.0006414514935187965,-0.017372940824934346,0.0,-0.00039184712993067805,-0.0008482354953606164,0.004796935193138507,-0.008409781954615614,-0.0043111461542942875,0.0020490222654174772,0.002129380251850055,-0.0005992447903979681,0.011926662137656141,0.005594008793702976,0.004415156333146042,0.0033194215928440407,0.004955107171765061,0.006193358484541278,0.012784500802848653,0.0022909113599405284,-0.00022485975768338218,-0.0007725893031156339,0.0016360279742557715,-0.00980391240220746,-0.0008520163441702033,0.00795225415489087,0.009286269204263231,0.010005867891718312,0.012605026624071591,0.001671098610789512,0.0064790480766179215,0.0009140883326326232,-0.00018881489162680953,0.006839213789834542,0.10447759866236495,0.0035402652765657017,0.0,0.0007528704122845564,0.0013906708999125161,0.005434773427535511,0.0021861318541964714,0.006468015046645625,0.000802579105795953,0.00759044461433156,-0.003838718325225643,-0.010204037570093583,-0.005169879729985283,0.001693000255340138,0.007451666463238693,-0.0005402148504279891,0.004374797422113774,0.002564144188658579,0.003328309013339137,0.0007462422289956638,0.01724138114417184,0.0037625074241265377,-0.012990884724965679,0.00039564094232624747,0.0006345849834579198,0.0033463582713244566,-0.0008390598168792618,0.003366752368084036
2024-10-21,-0.004721311123686234,-0.007816357005481223,0.0066326101141052085,-0.019531141677873065,-0.006910882167704968,-0.006771362081453014,-0.005175037421376039,-0.015352443534997984,-0.0025673916591080204,-0.017248887520030398,-0.010151596629491833,-0.009631010668292417,0.0008489556096427098,-0.005562471464569785,0.006553578562571216,-0.025567072156010284,-0.02249480544401561,-0.00625667710026323,-0.006296881484486816,-0.007315539063288967,0.0013087802890252576,-0.010989078498892524,-0.005513814094137759,-0.015026989840613902,-0.021306811303839046,-0.010350925799412325,-0.003999844764904337,-0.006528755562149602,-0.0030922851692062325,-0.002858312459826373,0.0,0.0,0.01183421523974304,-0.00018757359261190043,-0.014568700894723952,-0.004149292192336174,-0.0035751061665684203,-0.01575468180198336,-0.013241947602135373,-0.0069875463554353034,-0.005324060111351558,0.08108108325802199,-0.00752576051466658,0.0,-0.006178961508722103,-0.01416671357970356,-0.012612622535727147,-0.008967579485999688,-0.016066011883439257,-0.01283073276923874,-0.010578607068741364,0.0057801695676340525,0.0,0.005196746283256948,-0.010985614258937404,-0.005670681801048905,-0.005946004471924171,-0.00979653051215934,-0.006000359261287946,-0.01688785813835636,-0.017470962787681787,0.0,-0.010536692573516637,0.012697282730109949,-0.0019786217693972263,-0.0024101990396664386,-0.011783594884929638,-0.005877288746760745,-0.009179310470649571
2024-10-22,0.0014779423145490078,-0.003157239894170938,0.0,0.02041830458229299,0.0004218047088990762,0.0004091081399026919,-0.00040013827907880994,0.013465590493649593,-0.0019304847519198143,-0.028521243033295174,-0.0021427956015384053,-0.0013053301897087977,0.013570852695412805,-0.003875726526818002,0.013787793362729284,0.0021159935546954944,-0.0020920014917154006,-0.001069070843964015,0.002414044945581395,-0.004094112566559449,0.00506536133884361,0.0007406664637523708,0.0013876420022485014,0.0019069589810285503,-0.007014907522893465,-0.003316277667701817,-0.009753449007248616,-0.0005684843084164948,-0.002157874478979749,-0.004504463224898281,0.029702942250534603,0.013645972899351655,-0.016764095182410066,0.007672970436173321,0.0015769604511568502,0.0,-0.0012498450411437823,0.0025817742451086367,-0.01156872444953394,-0.0001903325605954187,-0.006459905319782688,-0.012499987892806708,-0.002891036209131448,0.0,-0.009136528796700683,0.004226550099390991,-0.02372261962913358,-0.004646618698282645,0.013062652270096065,-0.0008123586458255172,-0.011825718184281797,0.0,-0.0034364772256417764,0.01550956556592098,-0.00042720725622769073,-0.005950966680330683,0.004893983129705237,-0.004642328621294878,-0.008411710510098036,-0.002760741006148648,0.0009759110562075346,-0.008474524877670975,-0.0038911306554457736,0.01565287974621854,0.0,-0.00012714294795923564,-0.007649313405803215,0.005912035486395295,0.0018880198028956574
2024-10-23,-0.004462046718949675,-0.002583068558051682,0.019766918704797076,-0.016593549758266546,-0.0025295077559153167,-0.0024534275115384307,-0.000600607864174707,-0.006293711813103342,-0.0025789788048191653,-0.0011290995839774443,0.0016873495678673134,0.0010135579741836764,-0.01673657357915115,0.004288701432890063,-0.004155608248599951,-0.008445934004600364,0.006289386876657144,-0.008324386423458341,-0.0012043303153225215,-0.008633197433278283,0.007315888373137902,0.005181419129515641,-0.0027717632214200316,-0.022364907539284995,0.003044956586444547,-0.010749966427583857,-0.004055462519469311,-0.0027304596962731686,-0.006039264847405579,0.002056711124303945,-0.0096153757981291,-0.004206891588637629,0.01804129455420389,-0.014245966104527219,0.002164906648176146,0.0,-0.0024067842138691953,-0.010128783313833045,-0.0051499243554739005,-0.0024727267603619207,-0.0013004949602626326,-0.06329115261120022,-0.015162318245651507,-0.011627963894139115,0.006220030006600208,-0.003928231063387466,0.0,0.001646303911732705,-0.011072333620290142,0.008130032218910621,-0.011803272084233485,-0.005746951215113816,-0.003448227830973316,-0.0029090463547927214,-0.003846508562418083,0.00972803072531958,-0.02705631007386866,-0.010918234232279223,-0.00998000405566013,-0.007997488002359887,-0.0027080375848743676,0.0,-0.010464482234841532,-0.00595682302873346,-0.0009913122970235388,-0.0012718973150342983,-0.0032305826403737914,-0.01511334550425214,-0.003419262898232911
2024-10-24,-0.0021031312699208993,0.0004317252665164695,0.006461190623466839,0.003970307671723461,0.0021132263135634766,0.001639241310930739,0.0018026660127254956,-0.0070372561842180215,0.002585647133974467,0.01933074168254434,0.0015313757375852166,-0.0005867126229031072,-0.002553094183746385,0.011226658889380792,-0.0018968918281848657,0.0006388533876033886,0.0,0.0003598259324604225,0.0009042601101014736,0.0022808583214664058,-0.005164665928863443,-0.0007363031875400328,-0.0002777620568774619,0.004623879607597248,-0.005464455296382509,0.008796910895038534,-0.0005816940973394358,0.002053497488422318,0.0019600570888602675,0.010262690482853998,-0.009708728874782357,0.001267349675559526,-0.02142167101607828,0.0106148887141706,-0.0015710763287211105,0.008333322569061385,0.00144765362036825,0.0003468861660596012,-0.0018822825313150604,0.0015254972681992829,-0.0009300229339803678,-0.01351350045186761,0.006998104596277477,0.0,0.0009216685220043708,-0.013239468229993223,0.013084122466433534,-0.005568289066976817,-0.008645044826653514,0.0,0.001990719712104516,0.013487288038039003,0.006920418334031897,0.0,-0.008151846424033993,-0.001976208994891704,0.0,0.005488556308673287,0.0020161217140146626,0.03348842886991288,0.006408301763866975,-0.05982901025719112,0.0018489308157687567,-0.001383036428437956,0.0013893587184024003,0.0008915539340570433,-0.0025588166414873825,0.01619791461372544,0.0006434144424765087
2024-10-25,-0.005078888470833265,-0.006163460835673984,0.005925967369550644,-0.0014828980476341291,-0.0016870498094653241,-0.0020457254580703577,-0.0007997165593964795,-0.011339437040628453,-0.0006447600731309677,-0.008206823152395293,-0.010244547478365673,-0.010422862163092073,-0.00597283631419665,-0.015455573304956616,0.007601683125491476,0.0017025213720631704,-0.016666724548129674,-0.0029970057847235054,-0.005570455838234567,-0.007033574095438144,-0.014114095625218037,-0.015721043076146524,0.0,0.0,-0.015140363092472686,-0.00230822732048519,-0.0011641829782682578,-0.002504463202702145,0.000489016878108206,0.04632258066574613,0.01960782480441492,0.0012658281161004314,-0.001591918797915426,0.0010124949973515651,-0.021046373926509876,0.00413222611141606,0.0,-0.0012135782411404339,-0.003300418878611322,-0.0017136470290295414,-0.011915830364156221,0.013698616715036138,-0.00047939513162598146,0.011764764146861895,-0.01164727415227551,-0.008278454337890206,0.0,-0.011593476090266397,-0.010293012898995424,-0.0024193088328410273,-0.008112525020011141,0.0,-0.0034364772256417764,0.003646971527416998,-0.0035687989630549533,-0.011881215454413008,-0.0005561388922932231,-0.00670411487235234,-0.0030181624069847146,0.0039003074190306908,-0.005612160338828609,0.05454534238193798,-0.004043967991971376,0.010617145968034647,-0.0009909192299517589,-0.0007634500386880516,-0.008228149240843696,0.010067077506220823,-0.006000085325623905
2024-10-28,-0.005278492874644436,0.010542762469644806,0.006381892754575569,0.016831561107983672,0.0,-0.0012304531538310792,0.0012005749565955348,-0.010752769683167962,0.0019354666433026857,0.008163033890237426,0.004171080598048826,0.00677923160680538,0.003433345689228373,0.008755563571162472,-0.0279139282099794,0.011897140007172124,0.0,0.002467133957984924,-0.001368739408215247,0.00291670190825033,0.0032910921444471164,0.003993010537410191,0.008618123071587158,0.002907108312997231,0.01661288365744218,0.006940702681007327,0.004079212893662643,-0.0018262761571377073,0.000684397635025924,0.04116508427773402,0.0,-0.01727772523450033,-0.021327644031144954,-0.0018330561891716224,0.014466568068398633,0.008230442174768982,0.0009635423034473067,0.009199744052736936,0.0014191760969615164,-0.0009536944892950538,0.007914138337174359,0.06756758280615438,0.0030689349081767237,0.006976796807788954,0.006193824015231941,0.011226247375551113,0.03136532441068263,0.003992860111871943,0.004477833944199983,0.0,0.011684118415456801,-0.0038020382147123666,-0.003448227830973316,-0.023982533920365756,0.006946019371204315,0.0065130697116417835,0.0200333559690824,0.009148621110185218,0.0010091430187229022,0.011356876225725232,-0.0027132412757511215,-0.008620637391102637,0.006351040801110708,-0.03897697797335964,0.00019841249163365937,-0.00038201666998549655,0.007051063500526533,0.007475032278353,0.005585324526669044
2024-10-29,0.005271583366592836,0.0013806161073217638,0.0,0.00827668324173536,0.0008448657222230871,0.0008213490918200783,-0.0011991353047791087,0.022463812538738415,0.0012878595046728059,0.0004435501198556402,-0.010923004940951109,-0.009901672777623216,-0.011975593559774622,-0.004515130773694587,-0.0034924843346607615,-0.01826588562181586,-0.027542413190427273,0.0008403014103177675,0.0027411073070375824,-0.008724577406449496,-0.01738563000528326,-0.0169028017186188,-0.0030319490118909664,-0.0016908652794856982,-0.0026829717776157835,-0.009956551729014107,-0.00406264051807903,0.001143522453553203,-0.0009770422217940666,0.00335693912640056,-0.0096153757981291,0.003430574200487424,0.0008147194765506516,0.004496053037504444,0.007526085571462504,-0.016326589037898964,-0.00024062897030385777,-0.013759876766515244,-0.0070853512751928305,0.0009546048907187465,0.003552025655264579,0.012658215432457043,-0.00903504663197896,0.0,-0.0049573120352519595,-0.009393766306841522,-0.014311307593763978,-0.010439796726824824,-0.005608371218899233,0.0,-0.0004948733956966489,-0.0019085618737172405,0.0,-0.00148929170759049,-0.005065798485781814,-0.015181682743111935,0.0027278154213248307,-0.007991834200377523,-0.01915322110186657,-0.0020685488920976214,0.0015235942749389775,-0.03478261056151044,-0.003724549656189069,-0.009030485868103288,0.00019821283040544202,0.0007642231151274714,-0.008656862364044615,0.001648688146578925,-0.005144978955604174
2024-10-30,0.016773811511098913,-0.002910799085844906,0.0,0.011105695599983534,-0.00042199167892298384,-0.0009572905262719145,-0.003801553830287241,-0.002126153453021251,-0.0006431015279211305,-0.0020296400657074942,0.0017110327371074874,0.00043146064647792137,0.006926140969054417,0.0007485663290691669,0.012461060889882525,-0.001710725301499405,0.008714628088900778,-0.0008395958967016837,-0.0012150217692427079,0.0,0.0025037348660499337,0.0037926911235539595,0.005253322389271897,0.00459722325426104,-0.02225488032711287,-0.0018050428720000067,-0.004079330684453986,-0.0013705310396958659,0.0,0.00371744499052018,0.0,0.0059827916013914795,0.020553424509041074,0.005106637402403358,-0.001769198229532476,0.008298825575848046,-0.00024078581251218978,-0.000697644095828287,0.00047569567752647757,-0.002098189301100284,-0.005961244650377173,-0.025000050291418274,0.0027738282674925063,0.0,0.0006569132111065024,-0.030747012065857282,-0.012704090444835003,-0.00025124610366000777,0.009255219574167528,-0.0048504311511908815,-0.001980925829452529,0.0038240389169588163,0.006920418334031897,0.011185752839405483,-0.004333161499125215,0.000758022486784915,-0.009249147520738354,-0.0010824995715573715,0.00205542490291033,0.0050339996044102,0.0029340086502382956,0.03603603803879363,-0.0012460747854393661,0.022861819043587195,-0.0003965073694837118,-0.0015274833119179876,-0.0002305484578268846,-0.007407263662141728,0.0016650813443459533
2024-10-31,-0.012091049299253753,-0.016287750916983534,0.0,-0.013849155059180163,-0.0023226533420424023,-0.00013652795644736315,0.0006025782118068701,0.022017088076801583,0.003861030872843285,-0.01370781634559537,-0.00031072843225110613,0.0012791440330386372,-0.01719689825469306,-0.008360394780527525,0.010769261091814641,-0.0006427707586437181,-0.019438687994830284,-0.015606302269884131,-0.004714029405941789,-0.01068735498721285,0.006327042944143324,-0.010075562190117626,-0.018427058083726133,0.0036125899900589786,0.005753027036482283,-0.006716511865536234,0.0011701957044094602,-0.000457623873073687,0.00019575479112177163,-0.00037028770183877846,0.0,0.0,-0.034895136069178045,-0.004955078399021096,-0.01161879596552784,-0.008230521910117639,-0.0021670994895675033,-0.007678755840478835,-0.009510342628598512,-0.001528919515325411,-0.0016866904174175357,0.0,0.0006013588707538542,0.0,-0.004650370524019398,-0.008004926668945811,-0.003676527657428319,0.0035175290698867823,-0.018770499189043055,0.000812279275171246,-0.0026463906165232753,0.001904735675131164,0.0034364772256418874,0.0058996878828316834,-0.006528198923091533,0.007070929308631291,-0.004393243655884227,-0.004643865563430882,-0.0015384560596294339,-0.00824981704850547,0.0016249659020555196,-0.03478261056151044,-0.005198636306990245,0.019224626150158075,0.00019841249163365937,-0.00038235273359188415,-0.0019580697205761055,-0.005501489885515576,-0.011519352767748403
2024-11-01,-0.003664804091363605,0.005935686257528605,0.0,0.0043583161695552874,-0.0018476563881592023,-0.0038725707813873633,-0.0006438194298535871,0.024322442067501893,-0.0051282001121667475,-0.007632636941541593,-0.00978582505615655,-0.009656461563563368,-0.00787399865094307,-0.007765385429229998,-0.010273971298448092,-0.006859634451295893,0.0022028291869300443,0.0026829241774692925,0.009014396338222097,-0.0016945176528586625,-0.014228957586302049,-0.029261996927971934,0.00028012848676728375,-0.009599153002328276,0.0037304954035684013,0.0005201098643301538,-0.000584295838457427,-0.0050343278471501884,-0.00039120014632954003,-0.003334623844204243,-0.009708728874782357,-0.007221725806058732,0.009297468119980223,-0.001008665440828782,-0.007371831638452231,0.012448117768184108,-0.0009652691518264866,-0.0054520724615876315,0.0,-0.0037659257160942428,-0.0026281177835683067,-0.05128200425668883,0.0,0.0,0.0062111875388448645,0.0008966680059177001,-0.02398532679453369,-0.008012012585619899,0.0004380291991916696,-0.008116834580437104,0.00165838286417741,0.00190149634265957,0.0034246094820715722,-0.008064556796891886,0.0008761234083864977,-0.016549697451256007,0.008273721209068663,0.003701388668131411,-0.012840221279813435,0.013071854685192896,-0.014098203668896914,0.008108058539860297,0.002361937928857083,-0.012267911252887398,-0.0013884516219628829,-0.0012282330910737826,0.0005771041221602768,-0.011063751520183462,-0.003878000109441393
2024-11-04,0.005829481068793774,0.0018633165312396116,0.0,0.013018417691912587,0.0031916284842474774,0.003997616826442396,0.0018114264772541855,0.01763906854217212,0.0,0.0022958545466782443,0.001568796901869618,-0.0009303159062709065,0.0,-0.0023702329844712544,0.017685483353340636,0.001079234386222705,0.0,-0.0021892119129410803,0.0009085065768310585,-0.004243609034015328,0.003524643311639153,-0.004718371976400015,0.007563102674138511,0.007995998309248797,-0.03072367143882926,0.0015597184487725624,0.003508770270819861,0.005519950476109203,0.003716730122151013,0.009293721939551691,0.0,0.009841747316121197,0.0030705678302347383,0.0010096838740587533,0.01545565237850588,-0.012295067322189768,0.003864906446970018,0.0035366723966707703,0.0019204277166762207,0.004821620389017012,-0.010163737235195924,-0.027027000903735332,0.010817286955457472,0.011547216597189713,0.006882983101129447,-0.003284490898409431,0.009451846010729348,0.0002524509956638443,-0.0021895312799034006,-0.0008183416632012719,-0.01473513854259223,-0.001897887516488117,-0.010238961624179588,0.014042892206433066,-0.006236957636243989,-0.003569569768248959,0.006619201058707169,0.003129827300399901,0.019771067274581,0.006158443066479835,0.015521913753452354,0.027703359042069442,0.0027320561308341595,0.026082700937230197,0.0013903821002450023,0.00192160869260527,-7.687251088284164e-05,-0.005163563760800405,-0.001509597808408425
2024-11-05,0.00455417001333247,-0.0021698659971537415,0.004878067388767171,0.004283637494206127,0.0014845186457184134,0.0024714411307791284,0.0002007987184180493,-0.010666697939287872,0.0012886278028008125,0.016034837350634712,0.007987683747524343,0.008573866827143561,0.010582082577525798,0.009458450942769314,0.0037778669299386447,0.007762110444302639,0.0021977510279946877,0.00987306784598041,-0.004538593785731959,0.020242921715058593,0.021241079424938247,0.013168443313823719,0.006950218424880861,0.004807652923002559,0.01022490137910892,0.010900527445842467,0.0046619239382454936,0.0011436919656306888,0.0007794214182406112,-0.0011049425754503517,0.0,0.002118597681733725,0.009183622567207061,-0.0018908645562684123,0.003755563638898396,0.004149452986453195,0.00048133982542242215,0.007048486190713854,0.009103947056434913,0.002495159292438043,0.00950749953742891,-0.04166670805877948,0.007966805401845356,0.0,0.006510390913815556,0.0038944846889588103,0.0037452798365795736,0.009058714002410095,0.010093737915370493,0.0024569556635691825,0.016803915067795216,0.007604744558849408,0.0,0.005102053420286801,-0.0007707869513272625,0.0181677615391731,0.0037497456620134706,0.007259926414312501,0.004081617923740621,0.015447355234134763,0.005311453457559123,-0.026087011564556617,0.014266727933325063,0.008322141332004263,0.0005949590942579963,0.0006396145011191567,0.00993922738096975,0.0025949873262507417,0.009966204325567718
2024-11-06,0.048080009691618075,-0.009009027327783636,0.0213592488305685,-0.03175354136105146,-0.005294428248182603,-0.008217899863739553,-0.002811740589018563,0.004717007957651287,0.01737454687428941,0.022545304827082724,0.022995452888428414,0.02085805645022165,0.018324565919813907,-0.017851586276729448,-0.006774582128878159,-0.010697501886695937,-0.013157765950434053,0.021967630294493112,-0.0050151658778873065,-0.007727710768719032,-0.00016388135095202205,-0.0038991660140202944,0.012423913859827884,-0.01076546246964638,-0.011738014140873831,-0.026444133494226918,-0.017981509650487948,-0.008339386081464673,-0.011684379921690358,0.027286122828594106,0.00980391240220757,-0.010147951896806284,0.026289166138362186,-0.012947091866219895,-0.03426536542281333,0.016528904445664017,0.0009615246822467505,-0.020822432982422034,-0.023741893405867853,-0.0068925449478244305,0.00546245179660465,0.0,-0.02040816517459909,0.02968044023382621,-0.027598077786594843,-0.002685867879076431,0.003731401708407134,0.008027386711239703,-0.038812371353720065,0.0032680182031965543,0.0003305254941472491,0.005660393265425112,0.006896654647914335,-0.00942717525369563,-0.017851235920225195,0.003267125356050782,0.009745570656838343,-0.012881497983813328,-0.0564024323503618,0.03473016874779722,-0.02738828689966677,-0.022321403490218605,-0.016403552745927863,-0.00015009002408628014,-0.0013873857319233185,-0.0016613215584599939,0.018350390428408137,0.009491136414499834,0.028008135399693046
2024-11-07,-0.001081285015387068,0.009404441307364175,0.021863073405723243,-0.0004894603945663212,0.005535349498651199,0.007457437937993472,0.0022155344638068453,0.019450094916103167,-0.0025300417957861976,-0.014772378734509317,-0.008658054984510777,-0.007086311593211381,0.01542422276019928,0.003933660636409986,0.00719967656221443,-0.02422155529133463,-0.011111210028254548,0.006732027843355803,0.0010693072275591575,0.013681378756945861,0.00589682276697534,-0.006002110607108535,0.007363149739369801,0.019830705121256287,0.00907673486092997,0.020833259367678325,0.0159480161865595,0.0077182838434672885,0.005320184254966609,0.0017946392919467868,-0.009708728874782357,0.01580516648455932,0.009852263753320267,0.012989010831992331,0.007137044316166019,0.008130071055223675,0.0043251237110775165,0.02358830810175072,0.010214186886041032,0.00886823991267005,-0.0035594169922171792,-0.014492739851898917,0.011970047138119222,0.016408023849117548,-0.0023835073467972645,-0.017953232067517755,0.0,-0.004506931678108228,-0.009793715104823075,0.012214989803801757,-0.007103917763518153,0.009380732264161473,0.010274124880759183,0.00951689266875455,0.01817569453131762,0.00025058910420994174,-0.005362021614352397,0.009787150275384127,0.014539527609396252,-0.010540945247082822,0.01252757020245232,0.05022834291583722,0.014066289018558553,0.0019510890493714683,0.00259100503096632,0.003584382382162188,-0.005592327363127092,-0.008546999492663687,0.0005747881799114118
2024-11-08,-0.0003935266612770105,-0.0003105926130972936,0.0,0.02693434419073082,0.0025408690688850655,0.0019192032863739605,0.002612475824045113,0.0,-0.001268259808694272,0.017679304933673423,0.006907201499330107,0.007534074284300862,0.0025315487467234554,0.01630336288365486,-0.014672601569208576,0.010416683229688584,-0.0067415370532888375,0.004927060424656293,0.0016783947610221617,-0.005398608923822823,0.017912395933455727,0.010607323246486722,0.005143500739841711,-0.0175479895281746,-0.00514022184672136,-0.014724813502820178,-0.011627824988224789,0.0016004917804575136,0.007840072783007246,0.0014331394651623253,0.00980391240220757,-0.012195118940064198,-0.007804959916706267,-0.005242806114457155,0.007693872230383203,0.028225693040314637,0.0023923894194550765,-0.013617279577749053,-0.007221900963759298,0.0013376304894832103,-0.008084252690555016,0.014705868173635617,-0.015279555955452828,0.0034903351728459153,-0.0011113349353865098,0.005484482816370484,0.0,0.010789818569192366,0.007303694702965879,0.0016089536079146871,-0.00848586578880206,0.013011252672631146,-0.013559520962652005,-0.013778123609786364,0.0022038244645652405,0.019784547360463423,0.0032346209425573313,-0.01461534668464981,-0.012738808286887449,0.01569950664529496,0.012701172824102658,0.0,-0.013171474999290167,-0.012732031858983195,-0.0007953504998683414,-0.0003826875497929816,0.0041943515068054715,-0.04568963549409688,0.0061467467269307186
2024-11-11,0.006727263036303777,0.0029822566315977905,0.00930236106695137,-0.00715315068014355,-0.002111771474899049,-0.0019155270006591119,0.0008016641314656514,-0.0052632064820162805,0.004444425068204305,0.0008796235976449296,0.005030493806447156,0.0038701390217419362,0.01430958173291419,0.0011964543906846092,-0.01603666125296066,-0.01820582202682053,0.011312196963765953,-0.004085933941398112,0.005483482952885144,-0.002713996797513163,0.012318012459949568,0.007609436348383403,0.011984684563868697,0.00024134963801425435,0.015499939458063938,0.010225535640464578,0.0035292914664697417,-0.002739184884704815,-0.0013614748013704991,0.0125223756827888,-0.02912618662434696,-0.007237097385527913,0.0009833795924587552,-0.021652032850555725,-0.010849967632889812,0.003921640140963856,-0.0007161509797695143,-0.0005309772725847761,0.0024247149143090674,-0.0017176225733921413,0.0009477227499659069,0.0724637856430379,0.004495526277126016,0.002173958274608756,-0.015074811428946178,-0.01424245725190898,0.0037175301102028158,0.004503746152025645,-0.001510503526902851,0.01204827786786189,0.00151036074638089,0.0,-0.013745908902567106,-0.01617647931946653,-0.002858671793100953,0.011542276377912941,-0.011284298308101959,0.00042154309952446845,0.005376324756565021,0.01794097527164329,-0.004865205652464288,-0.026087011564556617,-0.0012514480762050306,-0.022910067059260908,-0.00039779161596520396,-0.0007656681112394592,0.0069113107269049845,-0.03613375710276068,0.0030640597028877004
2024-11-12,0.003683400871207443,-0.015672335918447633,0.0129031690991952,-0.004803021659660622,-0.005502800043885148,-0.006031532509995108,-0.002202950416299476,-0.020502617215166885,0.005689011019218704,0.020103420226131874,-0.007128985944222288,-0.0059209892214744375,-0.0008296649129827527,0.001682007221744719,-0.0034924843346607615,-0.011617375663118934,-0.013422867234587299,-0.0059779771840340334,-0.0016661987817295776,-0.004186755066248216,0.006321165756842717,-0.006249931150584698,-0.0035928516180678827,-0.009411235433265164,-0.017044090052115046,-0.019465470032584364,-0.015240245052429713,-0.006179864430822413,-0.0015578606462467448,0.0070671557020305364,0.019999980926513672,-0.0030016999701634184,-0.007858515239528185,-0.007009199142864242,-0.001421883110648392,-0.027343716887246794,-0.0031046616347717437,-0.025677373103643153,-0.017416572165198208,-0.0063085810917684615,-0.01268701212772827,0.12162158461362504,-0.019393175765270998,0.0,0.00028229045322070156,-0.016292652413430253,0.0,-0.00520193434167926,0.006353926174584412,0.005555475426890721,-0.020777515138202696,-0.018348644981544315,-0.006968545135746185,-0.0059790562045141105,-0.01279081034286944,-0.01019663739720822,0.0,-0.020350624900667302,-0.016042792149078444,-0.004609598121447789,-0.014993562086335843,-0.08928566904117863,-0.016913630646474,-0.0006211647066647341,-0.0013932252230718367,-0.0022986623114856775,-0.004408509354170587,-0.007497733783563443,-0.005464270926034964
2024-11-13,-0.0013314757506951436,-0.0056639465992210924,0.00045496947634693363,-0.006756848307322927,0.001064102576088688,-0.0004134869821265097,-0.0008028706473265368,0.0013504170577263164,-0.0006285499043208187,-0.016907329432904294,0.0007640212806665492,0.0008780810145700979,-0.0037673776072796317,0.00808621484440919,-0.001947043199991727,0.0006781318732702601,0.0068026850053466426,-0.0011796013709814979,0.001213915270019017,-0.007147424471899089,-0.004711078974337646,-0.0005242154380410424,-0.002403836367088852,-0.012180168037680295,-0.012939848572968482,-0.003705641196271703,-0.0035713671248939205,-0.0011516865191122383,0.0,0.009824641206048312,0.00980391240220757,-0.0008601625537181246,-0.004950518219918543,-0.010065323964299266,-0.001423907741016528,0.004015981442913041,0.001437398489885,-0.005997790780711165,-0.009354869511624453,-0.0007693417579509587,-0.007671570974689401,-0.15662650342845208,-0.0009814360022872837,0.0,-0.012195675255439298,0.00406262660523371,0.0018517846956356276,0.001992042439797226,-0.007817164011550415,0.023677992382381108,-0.008042375559192072,0.009345946117396808,-0.01754381879850775,-0.0030074726983314592,-0.000558420280236005,-0.003924495034307474,-0.0016304409980387735,-0.0029151987376848654,0.0,-0.006537670110458915,-0.009486066647761637,0.03921562816595636,-0.005225192122511935,0.0015536833024016872,0.0009966638832270558,0.0006402897843484912,0.0012331177199937926,-0.0066099712635850905,-0.0017742132568852043
2024-11-14,-0.017918892660400032,-0.015506361965549331,-0.0022737261291932986,-0.01603478018914628,-0.0012756506603710527,-0.00027635736409514777,0.0018078302515183164,0.02292647296681971,0.0031446661593999004,-0.009310793313888954,-0.0016790541108137047,-0.002719744368421706,-0.011764633913099676,-0.020689043322308143,0.000780321008645446,0.004065943900219748,0.022522424050773537,-0.006375063635310263,-0.0034859901124756343,-0.006351853856943146,-0.009151181172660783,-0.0005242830755453065,-0.011512577535692903,-0.0014796226838565962,0.01153640639591691,0.004516531080122954,-0.006571185061000073,-0.0004612243063448762,0.0009753272397055035,0.0010422941849246303,0.0,0.0008609030703015108,-0.002487573889824235,0.0002637338385735877,-0.007537185940749036,0.007999990699667947,-0.0016746234382986058,0.002011303129298092,0.0,-0.0015402542875121439,0.0011595690809735881,0.014285700905079413,0.0029964812017480025,0.0,-0.014289894447124252,-0.010582108680547875,-0.016635831906507526,-0.006958189294278938,-0.00666678417941724,-0.0015480674957427665,0.007245094255078355,-0.005555663506934927,0.0,-0.0015083852053754399,-0.014640232436814338,-0.004432332005128714,-0.002721875484273828,0.0018852499353934071,0.0010869526473189506,0.023306784910074763,0.005790654844094467,-0.009433905164169754,0.000768709993972827,0.007291331720978844,-0.0003983487478779191,-0.0011517023101144108,-0.002780346724726268,0.0009506872239033459,-0.00621128143513916
2024-11-15,-0.014404231778458398,-0.009482424886892882,0.0,0.007407378401658615,0.00021295084584416202,0.000276433758600092,0.0018048081344330669,-0.024048109356166192,0.0,-0.00011058447161982343,0.0003055971794170276,0.0013489637019048484,-0.005952617203473398,0.008325124579074306,-0.007017569325821316,-0.029246346425970127,0.0,-0.012238705137590289,-0.0009124519277181609,0.0008523554356270058,0.015286625341885296,0.02597049988166855,-0.007583980355331255,-0.0037046865562277986,-0.0012959468519865291,0.01084359436647464,0.006614651157872409,0.0006921093415939161,0.0019485218122390346,0.004165312718018566,0.0,0.00043008127685895126,0.0049874396797549014,-0.008514704574730136,0.009646951299857376,-0.015872920678761226,-0.0014378414947406881,0.00018253094157971717,0.0009939486826944233,0.0007714311699336118,-0.008108098540077657,-0.056337976143534085,0.0020323393449341864,0.05856816732999093,0.004407102098284987,-0.02044667405405154,0.0,-0.0025024662329466985,-0.01632086276281508,-0.0023254752409921364,-0.00822055864118687,-0.005681969574934498,-0.023507953886777844,-0.0045316904361816235,-0.017919930441968046,0.01137763887080201,-0.0010917433966320944,0.0027429600102868434,0.007600477064068967,-0.01634513974650864,-0.002657141142074937,-0.01904762016671091,0.004480483979294236,-0.01755742471752808,0.0007967744862853454,0.0008968240672435623,-0.002189500428665947,0.008546988426243018,-0.00128873042942923
2024-11-18,0.0008399351944645694,-0.0037320088180788913,0.0,-0.005882372098012123,0.0012768380990877404,0.0009657142361687576,-0.0004003104004286495,0.012320335452345788,-0.0006269736051047747,0.039146259764118785,0.007337314965204733,0.006442272529750825,0.008554726899856258,0.01012080611904076,0.020808840143746732,0.00857471295157497,-0.02422881139018329,0.0034883813103112615,0.00015213188698548485,0.008303201061615528,0.0017252262469960034,0.003068386971561088,0.010371230220595384,0.016113104702333292,0.004671563421127178,-0.002616400484291237,0.0029868364389336044,0.0011525633462805551,0.0011667468578411277,0.0024196361080086604,0.0,0.015477279652017062,0.0017867509890758804,0.02223567185249431,0.0048790761553232365,-0.02419351814408388,0.0009598426224954881,-0.0023718230551222907,0.0,0.001348480934295626,0.004281816626416246,-0.0597015230765604,0.009408680169315842,0.015983794364469395,-0.0066394138995202745,-0.002247881492981385,-0.0018797285353756576,0.004766584440717869,-0.010079038604278057,0.014763019933914823,0.0017267582455342545,-0.0038093751586690816,0.0,0.021244286720231376,0.0002309701737814862,0.00855950795633742,0.007650447740598976,0.00696559212918868,-0.01185340556756409,0.029147363702245466,0.0017760581292187716,-0.029126215336693462,0.005713753276787026,0.026963630188729493,0.0007962202447728828,0.000895406641682861,0.004182011253444307,-0.0028249936287513266,0.0054880091708939815
2024-11-19,-0.0011750066207933951,-0.0003257054463920994,0.0,0.00591717914752854,0.0014878438707843777,0.001791738987893865,0.0,-0.027045300787229776,-0.0056461230415797425,0.012450667405150995,-0.004704133970262592,-0.004306111106680999,0.01102613258435925,0.009228261120440173,0.003461589453227276,0.00022978366266546146,0.015801349332662307,-0.0013183486795278476,0.0006089905775916726,0.004011825455589646,0.0017222549675219856,-0.003313757945415663,0.011615199751093153,-0.0012198973553012582,0.011883173224072285,-0.0015739382148021175,0.001786777126941308,0.0011512364733183844,0.0009712715917900017,0.0003448182728502669,0.03883503123630683,0.00296349205494284,0.005647363094055002,0.009508044939487093,0.016589118089845645,0.00826437215799869,0.0014386296190804782,0.0003657190953512135,0.003972244819678172,0.0023091638738481635,0.0025194138801432064,0.0,-0.008594538337689084,0.008067616106748776,-0.0024990395764814544,-0.015770950373652726,-0.0018831710055277062,-0.001822566250509805,0.00046992750261631855,-0.004594194057171097,0.0025858074497939754,0.0019119709941437524,0.007407258887882184,0.0029717968142983775,0.0030020089314852783,0.0021823582197699753,-0.005423085502467062,-0.004864343918462244,-0.00654312150784131,0.0058232193703426915,0.00509772357448357,0.030000001850698066,-0.0028301734613999097,0.003358252122739769,-0.0005966900868525915,0.00038351922226564916,-0.005770750377155798,-0.005665568054912473,5.759117619907883e-05
2024-11-20,0.00352895589084401,0.0006516231299864561,-0.0041021034820935,0.018137296459934893,-0.0008489334172095964,-0.0011007460052397944,-0.001201492105257218,0.008339152254638549,0.005678182760095796,-0.003783849500996639,0.0028968840141434526,0.0024986190681302034,0.012583814635915402,-0.007227934318913998,0.0015330490966243282,0.006432372916661988,0.004444280866027439,-0.0003602188485373192,-0.0034988397045012665,-0.009463824435248736,0.006095729638230463,-0.009463016865427276,0.007743823465872435,-0.005129493791166895,-0.00970123980444848,-0.005780339226293174,0.0011891002230628445,-0.00091983768483761,-0.0011644103696677455,0.003447061809666474,-0.018691681453631315,0.0012663625182471883,0.000985203656465261,0.004146804693655026,0.005771086759785771,0.0,-0.0002394599499297989,-0.009506371235493805,-0.007418540515379157,-0.001535895947130328,0.0034796014045137547,0.0,0.0031745020370923527,-0.0040016047419504375,-0.0029714175392541176,0.009810418313602076,-0.003773643554215833,0.00362691917729574,0.00861120881712174,0.01846144263028049,0.000515787289483205,-0.003816833085525606,-0.022058698752351447,0.001481495702938762,0.00656156706420763,0.003871414716301702,-0.005452547477202252,-0.002237648337299114,0.0027442978056839706,0.02999998393811687,-0.003197480455580326,0.0,-0.0009530701257361995,-0.0012326665277483384,0.0005970463384841196,-0.0005110948034879881,0.0007139346751623421,-0.004748386351184797,-0.0017426687648074424
2024-11-21,0.02002741660554963,0.008791935967374265,0.0,0.001444344002335285,-0.00042474252900204235,-0.0005509247054229505,0.0008019049084571073,-0.008270185915118189,0.01568387454551634,0.010550673571469327,0.01140148492208981,0.012607145511807971,-0.0024854860316803062,-0.0063159268318874195,0.007271392066669602,0.014836705354554836,-0.004424616627012434,0.007684893488161926,0.0024423464703329234,0.00891722268598616,0.01346893201254229,0.01497565506752263,0.005835317413056984,0.00024559600589046937,-0.00618706888387488,-0.007928126398682789,0.001781351870947523,-0.000808363083722452,-0.0006037411130349613,-0.0037787356883799417,0.09523812226968142,0.002107962291841181,-0.002952701956631776,0.003760123598819387,0.0021764722984196627,0.0,0.0009143774837989671,-0.002399402419011931,-0.001993049780426137,-0.0007691292761031754,-0.00963204378390392,-0.01587300085546861,0.0029212075148095096,-0.0020087212920149033,0.00806436991177839,0.006800556433269156,-0.005681808704525393,0.012162987334154662,0.005743631631516255,0.0007553995520384049,-0.012029482497490696,-0.001915633992389476,-0.007519074844342111,0.005177527554371064,0.005718211808179552,0.020968854000749104,0.008771926960432719,0.0018927229148562041,-0.007115604607482395,-0.000766448128888042,-0.0007744491226462369,-0.009708738445564524,0.0010600335558605956,0.007967461187449842,0.0,-0.0006392463088713551,0.010398860472633276,0.0009541007031035331,0.009610716109093254
2024-11-22,0.001904274409885387,0.004615914823722589,0.0022882945623630135,0.0019230145086417405,0.0004249230118766878,0.00041331166133096175,0.0024040271114036393,0.038221004095488675,0.03644225652412758,0.0018794568850399873,0.006012434568966496,0.00683685924096511,0.005813917818781933,0.010946323815293812,0.004939231774266695,0.018668633173124283,0.004444280866027439,0.005957822537018265,0.0,0.008838408628059957,-0.004646862470967905,-0.015263472940676648,0.005010926265622384,0.008100217931388709,0.0054474138257551985,0.003462921705446931,0.00296388012969806,0.0006935490218320517,0.0009746703746267293,0.007586137384832936,-0.0695651524909715,0.004207056267710119,0.0019742974831291615,0.014015424713315294,0.005330729897236708,-0.004098276365491871,-0.0007210415639070655,0.0057353742859538315,0.007489012384366278,0.0009621902004925964,0.023536210973007732,0.0,-0.008009705467361905,0.0,0.0,0.023158532114344377,0.01523813546134245,0.00509716457833953,-0.006019481648433689,0.0007547558987204273,0.021568935885984075,0.0019193106891877143,-0.007575500026495652,0.0029432955139114814,0.007277582218369938,-0.002124656390205426,-0.006249987862320561,0.0024131672317466712,0.011025461029480654,-0.0025569493034446333,0.0005537584273118679,0.0,-0.00021179915207514277,0.011934183262621412,-0.00029830502397043546,0.0,0.010905147287804784,0.004766493382925674,0.004636157268918639
2024-11-25,-0.001572867314405313,0.007293657454924718,0.004566227543908896,0.0009597646463344045,0.006159742212586972,0.009230137675645178,0.004196459054616852,0.022088376475449145,0.007747267905064081,0.005523049559225113,0.006872691476065063,0.0038457738505548456,-0.002477187982340867,0.0014408308201465658,-0.01323253220380849,0.01413097467124147,0.011061928215126526,0.0059299755239512475,0.004744638542389268,0.0068836410924124625,0.0035791485620670915,0.010849968866301296,0.00813427334207284,-0.002434846953244252,0.043601688899691515,0.008494784893780638,0.002955002042196009,0.010163953691190386,0.0035051809250206123,0.009924710459857433,0.028037355064628677,-0.008797772502428636,-0.000985090062131544,-0.02769434232814405,0.007069924764236957,-0.004115221087384491,0.00433104359939529,0.012509240232137175,0.00792864212162736,0.008458409741253226,0.011402567910190786,0.0,-0.0036701986717699864,0.0,-0.000637689891702431,0.006601734763735045,-0.0037524035706832937,0.005046958090414222,0.008385141100807125,-0.0007541866718809853,0.01260009492031089,0.0,0.019083968220428682,-0.013939862952753734,0.002257901047229227,-0.0007097882315948434,-0.003007905237468189,0.0025341046090283648,0.011995594210768346,0.021276643598226785,0.02588794491242208,0.0,0.002541874134327937,-0.022514786288236777,0.002486670345285269,0.0034540153580673305,0.010199428957141654,-0.006641327478679515,0.006373564910506335
2024-11-26,0.010831256732678485,0.0019138370492348677,0.008636387911709953,-0.005752758077388065,-0.0010555663800758674,-0.0017745915795341904,-0.00039800017627089623,-0.011132949787158841,0.00413954437941233,0.0013472871465820546,-0.00029669101081664095,0.0019508724059307259,-0.002483605544772338,0.0218860272593957,-0.002298807730767738,0.014587426194001551,0.006564634587305163,0.002711613434185356,-0.0030465267492818526,-0.006836580525773628,0.005427245035741102,0.009200151951731073,0.00026025251098960034,-0.003417125436070312,0.006427767679889174,-0.007633467984612952,-0.008249651872337838,-0.00045727447011534306,0.0003881127061478029,0.018637713442453352,-0.018181800448205276,0.0021133079502551055,0.005917050766699239,0.0006422110485788668,-0.0021451452216580957,0.0,-0.002395944234001246,-0.01435320564982856,-0.00245829042143364,-0.002096923620084623,-0.0018790623524803651,-0.06451616314521791,-0.005402780862853729,0.0,0.004118608436051829,-0.0015616119394969985,-0.005649708143616983,0.0033883586180367686,-0.0009239955414355183,0.03018869338201391,-0.00975286307222134,0.0,-0.014981293791570649,0.0,0.00698354025336978,0.011126929240640848,-0.01097089586175537,-0.0069509656808171005,-0.0021550953596610745,0.004267022296541523,-0.0038824693684877953,0.0,-0.00718367436600531,-0.001880331710502392,-0.00039684520441440885,-0.00025506292775545614,-0.0008549642491005871,0.0,0.0009022029412648624
2024-11-27,-0.003409339427504654,0.012066270529499379,0.00045066375129132474,-0.0028928668966066162,0.0033813816890719828,0.00273476846765508,0.0013935552521839867,-0.00132449662217482,-0.0017667126092821839,0.005485495103295435,0.0020781611776892195,0.0006112762056165177,0.0,0.012543124205431466,-0.0015361464885527143,-0.011373345057867024,-0.006521821214190315,-0.0024691137720647127,0.003666979061336173,0.021485239859910354,0.002467591907614697,0.0005063599328136714,-0.0023419679601878185,0.0031838477660433018,0.01007113870287113,0.006631272264981503,0.011289198673226641,0.0034315857096838265,0.002134060457138043,-0.00033265904681101244,-0.01851861050099135,-0.004217620048178272,0.003921609852890695,0.0037969303015532585,0.009576071557934274,0.0,0.002401698569841404,0.01732714453723805,0.014785498595623503,0.002674392075316945,0.0,-0.017241363363798556,0.00382719325127856,0.0024154131754650088,0.004968229161205651,-0.001251192282512803,0.0151514571727831,0.0018464591354583337,0.0027744291396538667,0.01904767405280361,0.0039055722780385604,0.0,0.019011406020260413,-0.005952364175417557,0.006823384283478839,-0.0025755017868257513,-0.0008319498698454719,0.005074750008081219,0.006479388356738225,-0.002249441548700437,0.006928886905834819,0.0686274551310031,0.006958991867815456,0.0034535400751001255,0.0005957038693427119,0.001147770097652323,0.002130197523361854,0.00955108840587049,1.8670294095635143e-05
2024-11-29,3.2589735683874466e-05,0.005158969826615456,-0.004504521533020278,0.0009671902496279916,0.0025272375136424774,0.0036820473667373843,0.004970215782249321,0.009946832761941637,-0.0017699519348166604,0.0047349425629239494,0.0005925625978113747,0.0024144989999204114,0.0041497078928671716,0.0028231062359529435,0.0011538631510756847,0.002821758652255424,0.004376501502782348,0.005304119589163658,-0.005023689858027924,-0.003267391357722804,-0.005692290617989038,0.0012654592755654281,0.0057383172545038,0.012695265852858295,0.006079761622120872,0.017654813339336384,0.004700509384154783,0.0036479924305732325,0.0027099517309721044,0.00033276974567741924,0.009434066238082961,0.0029649132042093296,0.0036133162712954636,0.009065383128630922,-0.0009678571282637494,0.00413222611141606,0.0021560363335568766,0.007066548776776038,0.004856788236054177,0.004572345382963361,-0.0035767671525446243,-0.017543843138140613,0.013774485424594252,0.0,0.012761615207356636,0.013954999639687271,0.0,0.00019392029732268057,-0.0016909579390599339,0.019410446096006506,-0.005074449417439397,0.0076628196691175265,0.007462750038539134,0.0029940407947945946,0.001444219324177709,0.0016432210061303465,0.010824243431369007,0.012551602251010596,-0.0010729575240732148,-0.0032564443732638892,0.010321338828532811,0.045871505632913756,0.009573708734181618,-0.0037545525803925894,0.0005952693691708699,0.0017832374457862343,0.0023800995406795256,0.004730417377917018,0.0034735924958610997
2024-12-02,-0.0029323676733842285,-0.006979002682707014,0.0004524990366163717,0.004830864358323694,0.0011384802811087447,0.0005859157779304347,0.0019424822075408965,0.00919246979881061,0.004728127857288822,0.005429687913236947,-0.010658751374504005,-0.010060794543529927,-0.0024795884728952,-0.010041912507514406,-0.006723021112191918,0.0006494489648112278,0.006535795335461003,-0.00011720707967077804,0.009944866473287295,-0.005326716133048692,-0.015782135048980517,-0.030080805288724588,-0.0020749669258797176,-0.002651742548129832,0.005317892705345217,0.0007767804497138542,-0.004093644118684514,-0.0009087059875679815,0.002123531428486647,0.0013307667954289837,-0.037383251496717174,-0.010135259951544184,0.011968376622808474,-0.0060753459168249035,-0.005037973467373447,0.004115141352035723,0.0007173932827395646,-0.007916597313812668,-0.007249728704055047,0.000437727967470547,-0.0009446066547311727,-0.05357148369051945,-0.00521656991189845,-0.004016147845788298,0.00017081902173710084,-0.011260476295378075,0.013059712672596424,-0.00863117570679428,0.004311255654041224,-0.029619198694451176,0.003400220525356934,-0.0019011603102895291,-0.011111152149400949,-0.008955235428204866,0.0005546412931827227,-0.022498292661882746,-0.008237263719660937,0.0003125881911492101,-0.009666989986300112,0.0003769637924935232,0.002402629225566999,-0.01754386154785903,-0.00033492673969370834,-0.004082932675699258,0.0007930607108004306,3.8126781410241506e-05,-0.004187021383892375,-0.010357708744069383,-0.00673587845047674
2024-12-03,-0.008038444368647313,0.0,0.0004522943738478613,0.0004806505938068639,-0.0035798425573259074,-0.002315393918340014,-0.0007912403581625815,-0.004554303716475583,-0.005294126622817141,0.005094726166741781,-0.004638908997856794,-0.005711530687722677,-0.006627874056645222,0.021730680839434857,0.01218331593128763,-0.015141789824253071,-0.002164452029674302,-0.0015244154349400851,-0.008937941817638073,-0.00823890186140952,-0.005659440043752295,-0.005994350294710071,-0.0020789769769280486,0.015470036997295766,0.03077666312198213,0.007244456311973346,0.004110470923806675,-0.0020463114705198127,0.000192673893526063,0.016611303697808166,0.0,0.008105892457273223,0.0,-0.0027962733686238694,-0.005063241348213787,0.008196790956697786,-0.0007168789985613211,0.0032645129706319054,-0.0009738195291196794,-0.0019027323409758212,0.004349429033583929,0.0,0.010243836719527222,0.0,-0.001878688323406208,-0.005061794863907676,0.0073665023591868994,-0.0061139242289429685,-0.0064389721432586144,0.07122092457802975,0.001694349102084436,0.0,-0.011236210447325923,0.011295251718548949,0.0032154301918461137,-0.006473300149772987,0.002768706493698314,0.006375877446262113,-0.008676827861588077,-0.0026378480450024444,-0.00862895428653454,0.008928627492452712,0.006805620046064664,0.02475563410642012,0.0003963756071518887,-0.0001273894286700772,-0.006152159705348326,-0.007611982206223722,-0.003409738100384141
2024-12-04,-0.00026349173755602084,-0.00031519326807849524,-0.0009041797922628714,-0.0014415679909703938,0.003381422772973597,0.003412995149828957,0.001979785653817734,-0.0169934438204159,0.005322303571851483,-0.014091650858535587,-0.005411718269530796,-0.007788349748618639,0.01000818844476603,0.009429681913033061,-0.007260201138687972,-0.062376387136252154,0.006507674424979459,0.0007046715202216891,0.0065728575864612004,-0.018276208224309864,0.0007904131153149141,-0.0076035557545717225,0.0041669212762698304,-0.0028564009100400245,-0.0016328565596294142,0.006935552509887755,-0.0011697476957294173,0.003645407418224389,0.0009631076558291873,-0.004575232288351994,0.019417457749564715,-0.001269577905103736,0.0069231054917997525,0.0031951588699468125,0.006067825682024797,-0.00813014981819149,0.001912592583469097,0.014280486152381977,-0.002436726678798573,0.003431173119955888,0.0015063058754776204,0.05660383512049805,-0.0070014838925853695,0.0016130330120904812,-0.01693940251634174,-0.01430840451166282,-0.0018281821336513238,-0.003937125588646673,-0.023761641186561766,-0.02510173779128344,-0.005074449417439397,0.009523814001244801,0.003788073789462887,-0.005956869922126962,-0.004199761638643884,-0.0016892185992294362,-0.006074160842928444,-3.111367616348559e-05,-0.004376351913060517,-0.0062972290981258006,0.010745955473775215,0.0,-0.0018510929774160356,-0.01615640597259127,0.00019806942488775903,0.0015310031960211745,-0.004798383994010447,0.018216761572641182,-0.0010207445362696577
2024-12-05,-0.005568466139000194,-0.0031525016210715018,0.0,0.007699771313935289,0.0012424581357746156,0.00013606408154265281,-0.0011855715610253892,-0.027925590468705574,0.009411755730124094,0.0005142892960350309,-0.00015128358627736205,0.002930964372456213,-0.006606070357018434,0.012427979444302961,-0.000769885636694001,-0.0014055073593071121,0.004310244421407816,-0.003285969690927981,-0.005011483999708077,0.006769549258828889,0.0003160157852515333,0.0034345769134556114,0.0005187164183517723,0.0011935923300758766,0.013084126395235929,0.02244904888104582,0.009953197898994182,0.0004541345063837632,-0.0013470076659183317,0.0026264534139963658,-0.028571402621105912,0.003813492413652142,-0.009740235432145972,-0.006565096194494857,0.0023346070384151485,0.00409843518263453,-0.00047718660689100023,0.004455612814020959,-0.005373736808257146,-0.00037978600201260537,0.00996430310391827,0.07142860944173757,0.011184044219033629,0.00040256886257750146,0.007252191807418873,-0.002903156159361986,-0.0018314356217928873,0.0030632672726278454,-0.0004741610787242223,0.00904661708890031,0.012410705126303156,-0.011320685477723025,0.0,0.0014981417158579369,0.0009988321573415337,0.0007252296780613232,-0.001666673100136573,0.006723830799941766,0.0021977942777220427,-0.010899880782251792,0.002019846531990943,-0.10619469606295906,0.007897483782689507,-0.0029713766255607954,0.0005939312230354155,-0.000636765167970621,0.001122729191539218,-0.010357708744069383,0.000775976552055857
2024-12-06,0.009145076347496728,0.0005376012500111216,-0.01583712106010604,-0.003342878322319831,0.0010728040816452289,0.0027208035254899787,0.0011869788093452627,0.005471928808921334,0.020396292807806082,0.019732703608564606,-0.005442047667366445,-0.0073783418853926586,-0.009975001094569724,-0.02698953667786297,-0.008859735302896743,0.0023457158219837293,-0.01072959565711129,-0.0001177950588436838,0.002747388788865157,-0.018071042439244955,-0.005685422370356741,-0.0034228209715677638,-0.0018146168189304701,-0.0014305841199713232,0.0025368695105469907,-0.0032435609360366158,-0.007536190176107738,0.0027225703289008862,0.0011559610121301134,-0.009823238906826681,0.0,-0.0008441039828372965,-0.008678944539655342,0.004776347451746599,-0.006501220018130804,0.00816317589227622,0.001671194506307927,0.0015968188458554966,-0.0014734469103027115,0.0028506542843158567,-0.0009307864811513022,0.0,-0.0031258428978151453,0.0,-0.003456042020853256,-0.0032352664579057278,0.003669686922140647,-0.005516688424573424,-0.006008848079137485,-0.0006915701737322255,-0.0013432840528618817,0.001908322337187629,0.0037736709201550145,-0.008227341705595137,0.0005544202893099648,-0.008454158956539115,0.0027824627186783246,-0.00232908164359924,-0.0010964872853795882,0.0038441237678610296,0.0014852188761629304,0.02970291103211542,-0.0021087680171644196,-0.016470586261511655,0.0013853089396629326,0.0020396173601842094,-0.005753629128343318,0.0057086918285236266,-0.0010589762144032067
2024-12-09,-0.022983927260238013,-0.004330384930474662,0.0032183767735272095,0.0019165645436791667,-0.002311240922111213,-0.00298488127828922,-0.0007903810406836298,0.0006803369780656876,0.0062821592754820355,0.02590211182376234,-0.005471825603126201,-0.0058590672382554665,0.013434005680796668,-0.006338495853448034,0.009716297948109798,0.008893121176692942,-0.00867682146937665,-0.0029438556530508864,0.0022830642149125335,0.011555837873429065,-0.007782622490495883,-0.01083223967148883,-0.0044144600280590085,-0.0074021158940767995,-0.005521055102815309,-0.004756052518774423,0.002920598953604525,-0.002941435350470867,-0.0019245041364460702,-0.030753983645609884,0.00980391240220757,0.008871861165882233,0.007782071054901696,0.006903073044263852,-0.006741960272618641,0.0,-0.00047691024527740655,-0.0021257206764692116,-0.005902583184521304,-0.001895160310177224,-0.0029811777915921267,-0.033333399560713795,0.0069948255411032,0.0,0.010346340649362018,0.029535827051971886,0.005484546400954082,-0.004210051795429659,-0.022589927913611363,-0.0020761463220694276,-0.004372038901697239,-0.0019046875793345963,-0.003759483865218183,0.008295592378745331,-0.0028812497569868922,-0.015590621096727486,0.003329646456411872,0.0018552484819986947,0.007134990781640926,0.018126191788613077,-0.00921705673022688,0.057692433171108615,-0.004081463235721117,0.012918570099478943,-0.000395198194797608,-0.0007634137266451235,-0.0017380304095203636,0.012298765379719523,-0.0118860143453553
2024-12-10,0.015694352079648866,-0.0069840884134977355,0.0,-0.0009564491752624971,-0.0010531806785772924,-0.0010883371481790194,-0.0005931758608793691,-0.012236580204992298,0.0,0.0236760702123191,-0.0038210065423069928,-0.0038557730325314843,0.0033139813755735936,0.010434256696878697,0.004618928569144476,0.009974483406633095,-0.01312885734057112,-0.0047241674954559,0.00015198014501960344,-0.02517450131215604,-0.0017609255086229458,-0.0032051458038291347,-0.008607374048264171,-0.0007217068352185496,-0.023826084441307627,-0.003772543353048552,-0.01456035175391357,-0.0011348056774831417,-0.0011569289965069895,-0.01262360594621259,0.0,0.005025147044890321,-0.003860822098802119,0.010865312007778849,-0.006987510195953672,-0.012145734696419774,0.0002384714041490099,-0.0003550764263062778,-0.010390878232428569,-0.0007593669418262117,-0.002803175351819509,0.0,-0.0052694909476659335,0.013279666299551574,0.014130377662323612,-0.004098255399162198,0.0072727461113542,-0.0027356280676107403,0.005045644612364564,-0.018724056440262538,-0.0018577702712080368,-0.001908322337187518,0.0037736709201550145,0.002243813686965357,-0.010557877121384673,-0.008166271325776298,0.006637193405321096,-0.0077006025920154375,-0.0043595873603292645,-0.008274870165902004,-0.00470465732273706,0.0,-0.004680591339246365,0.0061409071928675285,-0.00019771700117177105,0.0,-0.004537433479468889,-0.0018689677533560989,-0.005037609923248754
2024-12-11,-0.004896883258303175,0.001598453785840448,0.0,-0.0062230766784404645,-0.0012649982004718785,-0.002179694036901214,0.00039565899699134377,-0.0612525483107792,0.0028376410147050724,0.01497125912722308,-0.008591577062614264,-0.0067256702141825775,0.01321240591866002,-0.020444013962331087,0.011877365015510177,-0.012402526404286185,-0.00443484359858437,0.003322806793146782,-0.0024294746189140737,0.006510373647159673,-0.0014431889279497012,-0.015005335781344997,0.007629659425348434,0.012518105166174687,0.007583039132641245,0.002524585257459133,0.0023639060644797816,-0.0024995544636552403,-0.002316614471081224,-0.0006911341777077196,-0.009708728874782357,0.006250026503896278,0.008720992914409642,0.011132189786639435,-0.002613544008472135,0.008196790956697786,0.00023860949149168142,0.0007103352202231239,0.001000112793169583,-0.0013299969394201527,0.002436314692413788,-0.10344828294942288,0.0048158926941423985,-0.006354286860667857,0.00891294753713634,-0.00949674629190922,0.009025223832807683,-0.007755581229309305,0.022186191237583808,0.026148480329820645,0.006599049773911458,0.0038239419882875048,-0.003759483865218183,0.013432815945685794,-0.004043609077210908,-0.001996028571631503,0.0,0.005925151890758595,-0.006020847475618041,-0.0002528020663988828,-0.009454390789761957,0.0,0.00647916880490973,0.01877901339690835,0.0,0.0,-0.005227911281041053,-0.0037451456748568424,0.0036577755553701685
2024-12-12,-0.00665010075499517,-0.012448127935709707,0.0,0.0,-0.0029555690846314597,-0.003959000750202835,-0.004944609151756318,0.04472140131456559,0.014148273849494686,0.001229195660689797,-0.0005608343907264057,-0.0004624546064139201,-0.013040114630930244,0.007042256873971198,-0.003029099256815604,-0.0018604070872139111,0.011135779041347993,-0.004612821717481119,0.0007610214049709185,-0.01789575163486712,-0.0024089398263721362,0.0019044155058653978,-0.0031330194809100487,-0.009748069074178467,0.01810908705666603,-0.00881394251772405,-0.007075231932958004,-0.0045560408259800456,-0.0008706997472833766,0.002420472915024119,-0.00980391240220746,-0.004140858229216171,-0.0009608185398659597,-0.00841554718730031,-0.0002015560091022106,-0.004065035527611838,-0.000953528146718452,-0.009405522645808628,-0.008991121458945983,-0.0034247205430774086,-0.007478095353733005,-0.05769225478877493,-0.007189121521962161,-0.003996806427778332,0.009505096682143721,0.008309408735371004,0.016100151535526352,0.0002765366349566367,-0.007763014843328753,-0.0027547830020978603,-0.009413391672488558,0.0,0.0,-0.004418231230555403,-0.0077816803132298995,-0.0007499711887043459,0.0027472994941486473,-0.010667537292687213,-0.007709223258791198,0.0017703513708500207,-0.012147230907067819,-0.04545460153630365,-0.005781099474322482,0.0001538374451990343,-0.000199108959552996,-0.0011460969190528747,-0.002953551537546728,-0.003759436317531506,-0.001093348941940353
2024-12-13,-0.0015140957528596566,-0.004524940934596988,0.0,0.0004817831862107269,-0.0035992972303057202,-0.003974845436265029,-0.0003976262843728984,0.01684201987632128,-0.012276747344746153,0.021059649792785073,-0.001714147165028046,-0.0019095529460529947,0.006242474818821009,0.005255428920278193,0.0030383025768931926,0.001630971577281315,0.011211000548515981,-0.0038022729727635873,-0.0003041770767220342,0.005049506503296497,-0.0033804935733848795,0.0010859695673048897,-0.0005243904983059933,-0.00031756485990330763,-0.0017108455696347447,0.004399103682868999,-0.0021053104114561183,-0.004936125979834727,-0.004194483419943884,-0.029665414943109036,0.009900980750178201,-0.00207895673579217,0.0028846734814582664,-0.010273628211711738,0.009879057636003052,0.00816317589227622,-0.0008391448233455723,-0.0016122665065044783,0.0025201426111713943,-0.004200060664576122,0.006969253163642497,-0.04081634763179798,-0.002655048008130101,0.009229519578127343,-0.004153933834783796,0.0044373654929992234,-0.005281681309070363,-0.0017588775538120993,-0.011176670221928142,0.006215467576422107,0.011535318363059988,-0.0019046875793345963,0.0,0.0,-0.0018185685419547237,0.0,0.0005479109928001602,0.0007797142249081901,-0.013318557851925927,0.0015147073382792975,-0.01021084273837547,-0.009523868835677018,-0.001213107710667627,0.0062968077368035225,-0.0007968332346079965,-0.0011470056570173082,-0.0019054188583382814,0.00566022192092297,0.0052422854397906615
2024-12-16,0.00016839453262273985,0.0022727857995952228,-0.0032080520533106505,0.0081848223775709,0.0008498780747610013,0.001100945145255272,0.0,-0.017943389032440415,0.015819139391402892,0.038105680592157354,-0.00718075640850635,-0.008624530193170554,0.0,-0.00535439806407223,-0.004543648885223406,-0.01000223345263318,0.004434589281014478,-0.00345899066039268,-0.0024342798169347812,0.010266396086357599,-0.007914744325348333,-0.017629550934698535,0.005508886779858502,-0.0026881704899216485,-0.003937051741849329,-0.010126729582421001,-0.007836153332548279,0.0009228488929360346,0.0013649984019981076,0.031093717375696883,0.0,-0.003333293101777879,0.01587290883756043,-0.0006446172731653377,-0.005989224671150706,0.004048656676235884,-0.00023995702250623197,-0.006100863610588592,-0.012066316088045426,0.0009585470534982932,-0.0035540193141354592,-0.042553214424603025,-0.014762940196820007,-0.010454311574519037,-0.009566084959618859,-0.02272006603424248,-0.007079664680761377,-0.006921597202445007,-0.007104857172068657,-0.033630833383406666,-0.00577836377833818,0.0,-0.003773778438273534,-0.007396446868259465,-0.008540203922905665,-0.009757333172532467,0.00219044380296185,-0.007441489247181132,-0.0024747251113101942,0.0057979170040307615,0.0029948602081817377,-0.02884609795105164,-0.006324284798702617,0.002594762245726967,-0.0001993870858505442,0.0,-0.00595465302129361,0.004690585311605933,-0.0007641627142886964
2024-12-17,-0.00417773036713176,0.0038872532542408855,0.0,-0.009551197886053964,0.0006369729234960708,0.0001374667997511292,-0.00019885259910412678,-0.014757480579358329,-0.003337011538929069,-0.04971478649719352,-0.006760991219736945,-0.005141130423895857,-0.01240714474284732,0.00029673748850922443,-0.004391241729588269,0.011513089351885997,0.0,-0.004548199515402418,0.0028976766213077987,0.007779260005140287,0.001302496393307928,0.00828287108241521,-0.006000598106146393,-0.010781664913138367,-0.003022512412923728,-0.00179014545177536,-0.006075133734410265,-0.00046081494575556103,-0.0025314865749805904,-0.014904731690397077,-0.00980391240220746,-0.005687775468000034,0.03759788275843379,-0.0005163028021517579,-0.016067415739539737,-0.0040323311517972416,-0.0004802245240059788,-0.011141316239500876,0.00010287337887771031,-0.00019164828315210158,-0.01052824916435613,0.0,-0.002210599030940452,0.0430719055781259,-0.0023023794583255652,0.009041000450441095,-0.0017824666671715228,-0.004435543382312113,-0.0024393711070669344,0.029829584328262992,-0.01042734250403854,-0.009708826581949492,-0.0019193454021996237,-0.005961234703773743,0.019409789170504066,-0.005305801668035959,0.0021097202038904417,-0.003876917171566796,-0.0014658962149540766,-0.004010021085045223,0.0024331528533449998,0.06930699600542378,-0.00843002671344506,-0.003805694443210994,0.00039869434771877543,-0.00038277426325106223,-0.006731857488325166,-0.00933737287913583,-0.0061174381272107725
2024-12-18,-0.02391985667040697,-0.022878369850144353,0.0,0.0004822478142043618,-0.0074953325706008656,-0.00783409460143647,-0.004176418049894548,-0.017118530005182375,-0.029017882564162045,-0.029345690575107386,-0.02406203420443287,-0.02479405377662325,-0.0134002774919052,0.004618831440170057,-0.007217333653621094,-0.03228807953304513,-0.006622515784012406,-0.024167414508399654,-0.010644763518634304,-0.031528686212473844,-0.016260155261809683,0.0010952960617296448,-0.027558895924387206,-0.01535789457759451,-0.024020582529824086,-0.02818341583078643,-0.01833747056707291,-0.00830282069211008,-0.0049786433056348,-0.0513722563666803,0.0,-0.007203446423174054,-0.006117854192138061,-0.01665372170820001,-0.03857943325898805,-0.028339969180883662,-0.008405231471870445,-0.02378761041602384,-0.022119273338054746,-0.010192146624954268,-0.021090643887978766,-0.04444440323629384,-0.023067619845968612,-0.01090773240498144,-0.006585362563120367,-0.0303999883045869,-0.021428626935239947,-0.0246943562687284,-0.021519394173789785,-0.015172439368043467,-0.019347034661043372,-0.009803821776265154,-0.05384599164672965,-0.009745183286101633,-0.016899518414060566,-0.02616203996986588,-0.018282517830134015,-0.027050480642958452,-0.023150750841638867,-0.01711122990576619,-0.012504436574588995,-0.06481487193512414,-0.018469667517297395,-0.001069781156206151,-0.002192582143381694,-0.004085167128057066,-0.024735733098419366,-0.013194917694116293,-0.025620261617523288
2024-12-19,0.009809291763555494,-0.003335372630286826,0.0,0.0004819120817196598,-0.0019311013071775518,-0.0027705538866633628,-0.0007991439710521853,0.005805559309632891,-0.00862066792062055,0.008113648346636637,0.0004866213703433875,-6.225269121762356e-05,-0.0008489040121737457,-0.0010967174231200083,-0.004038787582605896,-0.0019201515455928853,0.0044444439227042665,-0.0025874581362725912,0.0027668137417113936,-0.008307172715252942,0.0004958308322740024,0.017231876587336492,-0.01187588820464236,0.0005030632338094421,-0.006690429270558518,0.004218337868891808,0.0,-0.002790623482814336,-0.006475042020933075,0.005192932119618909,0.0,-0.0029876268450423904,-0.02935599735397898,-0.0003937541985022941,-0.013588054079658685,0.0,0.0,0.0073668701171138995,-0.012098878975869032,-0.0027198081725877676,0.0050465512271560264,0.0,0.000680392835180621,0.014178920025700315,-0.002889522106916287,-0.006600664469647466,-0.0018248459828288377,-0.0005222140764652439,-0.012495774671498316,0.016106544292962877,0.00510835358251871,0.0,0.008130022763652267,-0.0015140191091050914,-0.0036673261098393306,0.004955571562015537,0.0033860989764626925,0.003008438824364079,-0.0023122046419673525,-0.005376418120495052,-0.015141326436356906,0.0,-0.0011043161545344349,-0.0030593553005708873,0.0003996506508949782,0.00025619149885502956,-0.005300539285101102,-0.002865251188383988,-0.000750030993016293
2024-12-20,0.009233561401818191,0.0019880952851771827,0.0,-0.0028900797259813205,0.0027947560579404396,0.0030563076459027005,0.0023987119978541305,0.010100959643291052,0.005797123563462403,-0.01418043210954667,0.01240271346200661,0.012370901194780126,0.019541200553434113,0.00722067112506064,0.00648823391736153,-0.0019242290478641566,0.0066371673658931485,0.009017898915164135,0.00015315373604196658,0.021055002593865613,0.014868732517504757,-0.004571092657082443,0.017208418094353917,0.006286168902644995,-0.0019244531274136278,0.006300776011020082,0.005603880184740007,0.0030317597362530257,0.0023897279506572833,-0.055719518857172634,0.029702942250534603,0.009417809429215884,0.014146287266808555,0.010553862731339736,0.013344789580116867,0.024999967707184156,0.00605472583094846,0.001312634022103465,0.01916927074649255,0.0033116478292123386,-0.0019312181629690395,-0.0697674434722727,-0.0017626858811277124,-0.0019417496457587724,0.004261652586959874,0.013953511174729538,0.010968998092167004,0.011230223339205647,0.0020245117780099964,0.009648418271196668,-0.0033298633435997482,0.0019801200215390224,0.00806445853220894,0.006065259354985475,-0.004600806907990473,0.013755596201010745,0.0005624453338410884,-0.0013184873880496273,0.019698729434372897,-0.012870013375497646,0.005694225625452631,-0.0267326932238795,0.0026013144905250307,0.004961820672039652,0.0005990370248445398,0.0010252183912271562,0.009275877984255665,-0.012431727222746658,0.009758755378739714
2024-12-23,0.0004420969207583614,0.005290940955428924,0.002298815497036699,0.011111060495909708,-0.001715043637803615,-0.0031850505588335576,-0.002193325810573632,-0.010714089384466607,-0.007492856787143287,-0.02235387717078907,0.00024024466010397205,0.002087949305642711,-0.0008333407830960482,-0.002180034462596181,-0.0008058202260108338,-0.0019276507190250092,-0.015384613598438013,0.0028159496663218153,0.0003065079504673829,0.006208531501881387,-0.0017907377835795213,0.008373843289076977,-0.010472847542708275,-0.00324839185256498,0.011086988541649578,-0.001565306134112987,0.0024768713825287225,-0.0034875607301645406,0.0005910498717771606,-0.0035171493746577465,-0.02884612739438741,0.0,-0.016834971719284164,-0.0023496744726656527,0.01104491861244572,0.016260063347479647,-0.0028887893936510034,0.00187261859814436,0.00261229076124625,-0.002136117262913073,-0.002515500529171155,-0.09999997764825852,0.006850321573981466,-0.007782185894437577,-0.006223823864323408,-0.0019659650008951868,-0.028933073758854455,-0.0012914563868300366,-0.0018521301680815005,0.0,-0.013891284958121863,0.00988160976055008,-0.007999943321036374,0.003544633345485604,0.014559797630723903,0.002341801120038678,0.009555866336272034,0.008184852316468483,-0.00227264606717803,-0.00573656883335516,-0.009172219751787392,0.017294018203364292,0.002810850929320541,-0.003125001391809268,-0.0007982644386708149,-0.0006401690086990097,0.0,-0.040281868601862225,0.004988993639237993
2024-12-24,0.00785316439480277,0.007631581630426876,0.0,0.02723346871446619,0.0015030497006163213,0.0014353182380502094,0.0013053315241784436,0.0036099448372781673,0.008710890351927958,0.021473448540549,0.006404079537531304,0.005729745704444067,0.014178431753989251,0.0061342517191109724,0.004032273570407474,0.005311446163113631,0.011160712969691788,0.007325073065443721,-0.012563222624880077,0.0037461010120627414,0.007012497180986177,0.005089608520897793,0.008141006060613742,0.002005585888593453,0.037186995595205774,0.008361521415276352,0.003088254679449731,0.00046659204671550825,0.0001771324976731492,-0.004313732126392855,0.029702942250534603,0.004664929727083544,0.004892416873779171,-0.0021590960742534637,0.009033742672924117,0.028000044951605352,0.004104283569754452,0.009719605288089905,0.0057320865067527205,0.0019461874710298144,0.0019399086381841624,0.027777750183035854,0.004341242418970603,0.018823520352670542,0.008027685194927248,0.005909380168774847,0.029795138704651558,0.007499418985809303,0.01214575194053169,0.0,0.009094087444960541,0.009784729123390568,0.00806445853220894,0.004709609159705197,-0.0011391129855861104,0.006931988633726238,0.0,0.0033553600319653487,0.007061375030703809,0.011801750598841476,0.0042285770376953025,-0.027000020172609718,0.0049374671583872765,0.004702233689450441,0.0001997454940751986,0.0010286015755285316,0.007234988471679582,0.011542500124976707,0.008176194327110364
2024-12-26,0.002597289176751616,0.003852157689715918,-0.0009173647300427801,0.00863318043935224,0.00021461778392350972,0.0006960013369914364,0.0006111659858565321,-0.008633122711790842,0.001151326968843236,-0.006618108959591473,0.0017499325475520688,0.002132265507303499,0.0032895032788906597,-0.0010858383244829461,-0.000803231247794356,0.0019212652630606897,-0.008830137659468384,0.0021248773188820014,0.011364039082351507,-0.0010976923346218692,-0.0011336257772281977,-0.0018655238133772345,0.0032302950845006784,0.0037528481040423056,-0.021144528723440636,0.004923622452363663,0.003694594370265314,0.0011661688685145055,0.0010826559480723308,0.031114744020253937,0.028846242018708557,-0.0033768634355830773,0.009737086829147756,0.003278213736413349,0.0002082713174991202,-0.007782167171804244,-0.0012021907630551665,0.00277672541415952,0.00621766712464078,0.0011652123802887715,-0.004259462036857675,0.21621616832351465,0.0012386254887579717,0.0,0.002598160115525827,-0.0029373982461641246,0.030741326462310425,-0.00025659891604679075,-0.002500014247428295,-0.022525503294876792,-0.004064311475125648,-0.005814005966323199,-0.004000140347909853,-0.003124996973201677,0.0017104847049025373,-0.0012749778377629806,-0.008351908118566453,0.004192461319806995,0.0014703522118586498,0.010886421695481596,-0.000569042703768563,0.017471757356794626,0.0022828521009137237,-0.0035101140436875067,0.000998368445908282,0.000642368370062929,0.0017471428060638061,0.005186538999515378,0.0021941133460952056
2024-12-27,-0.0035326877781345356,-0.008780499165586542,0.0,0.006657091123344783,-0.0019294453456721872,-0.0020864418223344172,-0.004275230834004273,0.005805559309632891,-0.0017250592495553496,-0.009111400431848993,-0.0031761375145915594,-0.003192042850435284,-0.013934464122459356,0.0003855895049305058,0.004421246545901036,0.0021572787162831286,0.004454460637420388,-0.008118414926098882,0.002469650343052354,0.010329697512100777,0.0003241871867876167,-0.0005341538048376782,-0.010464210349516834,-0.004237338905989763,-0.005165455557030407,-0.005415147249092311,-0.004294452879002875,-0.002096472907298197,-0.00039317555905837853,-0.014515046260990427,0.0,-0.0008471585763393241,0.018321986254561384,-0.0007841587166039776,-0.003955142623412455,-0.01176469247356926,-0.0026479834978921923,-0.006461109280318067,-0.003089572287878539,-0.0029097950409933127,-0.0019443607530180707,3.800000317891447,0.0017671630748874456,0.00038500261392138135,-0.0035491209437513715,0.004255408406984129,-0.0017543225026807052,-0.0038511870999108355,0.0060150062898334244,0.02513958831596752,-0.0023066031861910252,-0.003898576300423895,-0.01204793974404228,0.00391851017539091,-0.0030764375169523017,-0.005871711648817057,-0.003930376008348557,0.00019487510628080074,-0.007114627720485656,-0.005384591909555314,-0.00819846465330143,-0.005050474208683209,-0.0024710115393085097,0.009471666923384747,0.0,-0.0005135444154771296,-0.006007583922545967,0.006192136311666152,-0.006490520799140698
2024-12-30,-0.010837852133035675,-0.00784594059641075,0.0004591473171058347,-0.01558805662094076,0.002577368322874918,0.003902643467484701,0.003271308113663274,-0.0007213523256626164,-0.0028802501527197544,0.00879972249537131,-0.007487705140484913,-0.0066330947738170165,0.01801407593034976,-0.008436813466723758,0.006002385750464523,-0.009327989162945194,-0.002217294640507239,-0.010872080535328621,-0.002001497000440944,0.0030454741482421888,-0.0029172533236575537,0.005343336572007251,-0.001084612691956699,0.005006335466788414,-0.0018881170240608869,-0.007259474419751721,0.0006161041207357609,0.004201661485223163,0.003934699885945969,0.015504037891426625,-0.018691681453631315,0.013141226944257234,0.040719663694905206,-0.0012427623676587451,-0.002507890476084129,0.019841323845702696,-0.002655210307738076,-0.000557394313332904,-0.0005165416156881486,0.004085539363761992,-0.00915646218463162,1.6296294456646838,-0.0027722127392190155,0.0,-0.010176275704287141,-0.010430267905965351,0.012302294150831283,-0.005927840974143006,-0.010795436853917262,0.0,-0.005868728669495837,-0.011741788879650938,-0.020325228339387102,0.009367672258255189,-0.013077859801397196,-0.0053929532409781045,0.006764452649877795,-0.004872407396094847,0.0,-0.0018045809015745373,0.008036660485134295,-0.025380742769375852,-0.003920634067783868,0.009460230979613238,0.0017953186850079295,0.0017978701275394027,-0.011171961506787231,-0.021538547499837746,-0.008131880726066298
