Date,ACTG,ALOT,ANDE,ASRT,CENT,CENTA,CLWT,CPSH,CVV,DHC,EZPW,FKWL,FLNT,GIFI,HBIO,HNRG,IBIO,ICUI,INO,KG,LFMD,LIXT,NAII,PRPH,PSTV,RCAT,SBET,SGLY,SHIP,VTRS,FIEE,RICK,ASPS,ATRO,BCRX,CREX,CRVO,GGAL,GREE,IPM,KOSS,OCC,OMCC,OMEX,RFIL,RIGL,SHEN,WFCF,AEHL,AMSC,ARTW,GAIA,GCBC,ICCC,STRR,TAYD,BSET,CVLT,FTEK,HCSG,HIMX,IBKR,IMMR,KINS,LDWY,MEOH,NVEC,PTC,QVCGA,UNB,ACIC,ACNT,AWRE,BHRB,INOD,PLCE,RAIL,SMID,SSKN,WRLD
2020-01-02,-0.011278184369081234,-0.0014577698163150687,-0.011076034649690314,-0.04799995422363279,-0.018345633395104755,-0.02384201943777231,0.004424767196220314,0.03960392300071258,0.0,-0.022511951990065726,-0.03372434212380049,0.0,-0.007999992370605447,0.015779077119802087,0.0,-0.013467986633157847,0.19999999999999996,-0.008016246468265487,-0.027272678231621827,0.11999994913736978,0.08333325054910778,0.2500000233743709,-0.007518789804026538,0.010152225447022989,0.10416666666666674,0.0,0.05825246493950598,0.04444444444444451,-0.018181670377093173,0.0273631713733129,-0.025423728813559365,-0.0029266083225077955,0.009311966160694629,0.00035772169088676975,-0.014492739601511984,0.04575164077686855,0.0,0.01109050994880989,0.009174339840903656,-0.1428572001004964,-0.01948050138499524,0.012307680570162294,0.026699062274240237,0.034482725116836255,0.0014792281697222354,-0.056074713877646065,-0.004085724113283562,0.10465115465041963,0.044117647058823595,0.005095536603691109,0.01694913656104502,-0.011264039840909401,0.017367118508001766,0.0,0.0,0.05137963369107168,-0.021582788391870444,0.012544833802593525,-0.03157891764865317,-0.007401323959133066,0.052631456341771354,0.02531108432976703,0.04441450722680318,0.02451613050583945,0.0,-0.027957459715051813,-0.0035013290539909203,0.019762363052417964,-0.03795956174956938,-0.00937639932698342,-0.02458354039767463,-0.014717241102166767,0.011904821881092875,-0.0006035550396760181,0.07017547712211614,-0.004798452253102825,0.0386474225626221,0.016666650772094727,-0.09134613885681953,0.039699076905090225
2020-01-03,-0.003802368230680364,0.0014598980115712035,0.0003998855192310913,-0.0672269235870494,0.002950771469018676,0.003838156540185267,0.03524227339037922,0.0,0.003105587072796734,-0.018181619081724554,0.006069796802253391,0.0,0.012096794609637973,0.009708682130449064,0.0,-0.006825883137202782,0.03333333333333344,-0.0006464557717057451,-0.07165114494888836,0.023809615716916754,0.07692309808448994,-0.11764705882352944,-0.011363655520317262,-0.07035169669305219,-0.05660377358490565,0.1818181128541314,-0.0366972701817021,0.0,-0.018518483471744007,-0.021791644707522262,0.0,-0.008806554273128042,-0.0035878879550494958,0.020743986053160635,-0.014705938038939936,-0.031250018626450715,-0.04347826086956519,-0.03717233366875672,-0.009090936499980828,0.2254902189944814,0.0,-0.012158043257392115,-0.02364063928644422,-0.015151500920837613,-0.038404682818316105,0.014851446818306524,-0.014719940244872443,0.02105265826282432,0.08450704225352124,-0.02661597486699474,-0.02222220161814692,-0.00886078111599331,-0.01297346998034321,-0.011650474110381559,0.02761505681784171,0.020814437852152867,0.0024511862404481555,-0.0004424879961522077,-0.010869554654186486,0.012013274330352264,0.0928571619923757,-0.012133876745535788,-0.015463957421228969,0.008816076560043573,-0.013698663372291198,0.004527034960642551,-0.014476577549632497,-0.012308529626815057,0.004932151581662048,-0.022271914698573148,0.0040650713835714836,-0.030660403705624395,-0.01176476445577379,0.0,0.00819671330225158,0.0,-0.013953585338433494,0.0,0.031746052570364336,-0.021485030233057034
2020-01-06,0.03435120477827258,-0.0007289199827404946,0.01399481595209462,-0.027027000903735332,0.016999069758109275,0.01286059773035797,0.04680853325266976,0.00952380087370197,0.015479861306820109,-0.009876503868465503,-0.0030165883229702484,0.0,-0.03984066167011413,0.1365384738826192,-0.00327868544904808,0.010309235988974708,-0.09677419354838712,0.0014015876379296355,0.05369133315888419,-0.023255901635817477,-0.14285709420028914,0.0,0.011494272473158818,-0.016216269016195328,0.047999979654947955,0.1538461961689801,-0.019047631157769085,0.0,-0.037736077579594185,0.033168274571651724,0.08695652173913038,-0.011352465204703344,0.003600807248003157,0.013314616278090607,-0.020895503055387565,0.045161297600011974,0.0,0.010759418901326923,0.05504589415692207,0.0,0.013245020564786714,0.00923076042762161,0.018159759609422954,0.05969230945293713,0.03533018514420472,0.024390243902439046,0.0029389372759771604,-0.030927873443827636,-0.038961038961038974,0.0,0.017045438382004896,0.0012771684520147542,0.009684930222673138,0.03536342297496908,-0.021172579874691233,0.011524833113331523,0.0006110538957677658,0.018592300728507594,0.03296700057711699,0.03029062017082995,0.062091596959735096,0.004447125580237854,-0.007853354762000997,0.011235973313880931,0.09722227215556689,0.01431608288670616,0.011836719409554108,0.011136104129552571,0.011042908915831484,0.002277903154905392,-0.04777333788307381,0.035685363891337696,0.008928634150297876,0.04921699300838722,-0.008130073421291018,0.029090284845437964,-0.07075465332362263,0.0,0.08205130161383223,-0.006825921088800535
2020-01-07,0.0,-0.010211551521500994,-0.0031547808088053797,0.06481475042708373,-0.01157180938684954,-0.012697302826446544,-0.028455210370604944,-0.00943395377648304,-0.006097555213709138,0.004987578157833905,-0.007564325223134216,-0.02092052480662976,0.024896241751558135,-0.045685277140022684,0.0,-0.03401366077741974,-0.0714285714285714,-5.3803332964563744e-05,0.003184685002995735,0.0,-0.08333334989017849,0.06666666666666665,0.060606002223795086,0.0,-0.02290070556370205,-0.0999999841054281,0.019417488313168585,-0.06382978723404253,0.0,0.014374581006461051,0.0,-0.02196689399519247,0.004613026731524972,-0.017980652019082166,-0.012195110427418387,0.024691333798854576,0.15909090909090917,-0.006261603162374785,0.05217386467975271,-0.3599999904632568,0.026143844320456466,-0.0030487776068546246,0.01545780223538551,0.11207895393225553,-0.013353057070183194,0.009523845854259694,0.0021978205552812824,-0.01595740320108785,-0.06756756756756754,-0.015624985448084439,-0.02234634788015244,0.025510179256708287,-0.017129203813241567,-0.01138518842442049,0.0,0.014022773843279213,-0.007330609938643873,-0.001955674743430058,0.042553214424603025,0.003575732124339037,0.1138460726414916,-0.005481877499066701,0.0013192646064192903,-0.012345663141920649,-0.07594937800345958,0.007318146615023613,-0.006483369609164402,-0.004588940468413072,-0.008495125590858521,0.0014205822721051753,-0.021258478720031393,0.01722782345091778,0.0029498496028923515,0.0,-0.00819671330225158,0.018116565425961628,0.0253806860863639,0.0,0.033175300613054404,-0.005040119427549006
2020-01-08,-0.0036900333293332643,-0.015475319201420312,-0.005537931635490212,-0.06086950842960004,0.0026016274330107336,0.00312819750836435,-0.008368319610097985,-0.028571402621105912,0.015337408730844437,0.0012404895854050135,-0.006097555213709138,0.0,-0.09311741854643041,-0.01773047996451116,0.05263160784158716,-0.024647817131277283,0.07692307692307687,0.009959656008159401,-0.0031745749816607383,-0.023809502184254927,0.09090911061310525,0.0,-0.027380899128727654,-0.021977970294350335,0.003906190240137164,0.0,-0.03809526231553817,0.0,-0.039215619970607296,0.0023616113494902002,-0.040000000000000036,-0.020418605981897597,-0.01734694622298749,-0.01091547429951778,0.021604917603937457,0.0481927249395504,-0.07843137254901966,0.010712037179530398,0.0495867984329581,0.0,0.0,0.006116202153874983,-0.0011709869937359674,0.08355096032266562,-0.022556386642532567,0.018867905855434186,0.027290361447901867,0.10810811162632561,0.02898550724637672,-0.019841282606185007,0.005714280264718097,0.012437858450770278,0.012548163459539241,-0.0019194297137458127,-0.001663931530947127,-0.006050103428743681,0.0024614995695715347,-0.015676055212696993,0.0,-0.0023752709477564693,0.019337130806515557,0.019292287519480533,0.014492652018784247,0.012499983730334785,0.041095896802363585,-0.019200602550439205,-0.0009929973815322457,0.013962134003605353,-0.026927748722531786,0.0218438659966107,-0.002606658022797026,-0.01693605213478422,0.01764704149899643,-0.02771861961769051,-0.04132237185888454,-0.007669887732392855,-0.06930692426574747,0.0,-0.02293578061920243,0.002072303752140847
2020-01-09,0.0,-0.014970007468326663,-0.008353587496476855,-0.009259250061012025,0.002270487338274396,0.0020790166778179575,-0.00843879693202243,-0.02941173720662238,0.0241692336880992,0.003717591022340816,-0.01993866791736476,0.04273509012636145,0.04910720399498736,-0.057761764235525925,-0.01874998183921006,-0.03971117606985097,-0.0714285714285714,-0.0023987856737218705,-0.012738841251293542,0.060975611174411526,0.16666660043928627,-0.0625,0.034271692822089195,0.0,0.05058367837955213,0.15555549276218605,0.029703021403977292,-0.045454545454545414,0.0,-0.013666085883674461,-0.04166666666666663,0.0036478322307627042,0.009345810126515808,0.00854395762956428,0.0,0.0,-0.021276595744680882,0.03802994528404802,0.08661412622874098,0.0,-0.038216598716108385,0.0,-0.025791245045896583,0.04096387286441594,-0.015384636936754181,0.0,0.02277039170271955,-0.08292687281968003,0.028169014084507005,-0.0013494942308494018,0.005681812794001706,0.01842747078669582,0.005163482350960091,-0.026923052234761657,0.0,-0.019999960194463262,-0.002455455466996437,0.008626396760587074,-0.020408204226431526,0.0146824929412821,0.10840104305316478,0.011023273008088808,-0.006493455399675829,0.017283928398688975,0.013157836948407109,0.008465566416868908,-0.006248346797414817,0.004546615469711801,0.0012577522886905168,0.0024988078029084537,-0.015679202601805886,0.015661691628487295,0.005780341244511877,0.01973693189429082,0.02586214781232954,0.007265438289770332,-0.01063828775385156,-0.004917989088558561,0.023474179244571625,0.0009191386743243601
2020-01-10,-0.00740740021233377,0.012917920126586546,-0.02727604656251048,0.037383140086171496,0.02071190712176696,0.020401112059454274,0.04255322510531978,0.010101000370632551,0.023598796823139256,0.009876636645727688,-0.009389662603004112,-0.016393381279151686,-0.034042587441448835,0.0,0.0,-0.026315895698953318,0.03846153846153855,0.0016030086109632968,0.0032257776726798415,0.02298848432756806,0.0,0.0,-0.05207095743373347,0.01685383481093905,0.05555555555555558,-0.10256408492959168,0.028846079781212453,0.0,-0.04081638505625207,-0.0038221737135811784,0.0,-0.008307728343479814,-0.0010288301036119885,-0.00917755840388379,-0.04229603290205264,-0.13793099983347235,0.04347826086956519,-0.016816767608825334,0.021739197606628347,0.0,0.013245020564786714,-0.012158043257392115,-0.012033739641416186,0.027777750183035854,-0.01562502223090534,-0.037037089364844955,-0.021103944540788455,0.047872401748470184,0.09589041095890405,-0.021621665160441172,0.039548052658986865,-0.024125429455422065,-0.007534518130895895,0.021739157066863468,0.0,0.038154333099893245,0.01784609729894915,-0.004605243234642509,0.010416719053562673,0.013687822419804263,-0.06112474331146611,-0.0018515624764863237,0.013071860765527132,-0.015776584317937714,0.02597409031366782,0.006558412371674871,-0.0017147096077787527,-0.007500346790652257,0.06783925183154071,0.019108391459529583,-0.030088490434513226,0.0,0.0057471209243953325,-0.021505417207869693,-0.03361351188145911,0.028545010380940372,-0.04838711434753651,-0.004942373799000865,-0.018348606996750005,-0.010445404424015314
2020-01-13,0.018656698160751883,-0.004501116560803542,0.016494768003801896,0.04504500150622537,0.01934052264348507,0.021687607671115883,0.08163264603217901,0.029999971389770508,0.0028818416083016274,0.02322728919199113,-0.02053714312919075,0.02083325407629788,0.008810564358837869,-0.003831414124593202,0.0,-0.027026950632858093,-0.14814814814814814,-0.010562794130563602,0.06430872308425428,0.011235998399541591,-0.14285709420028914,-0.07999996609157989,0.0024968169185866085,0.005524905425404514,-0.028070193285133382,-0.09285714103251086,-0.028037313207575854,0.023809523809523725,0.02127655960120034,-0.0033571779739669516,-0.04347826086956519,-0.005758865772163224,-0.0015448345276851683,0.001068781153248155,-0.10094642396207443,0.039999961853027344,0.08333333333333326,-0.04581580652418815,0.007092220029518037,0.3750000093132255,0.032679785921928106,-0.012307680570162294,0.010962259703984678,-0.009009000301245074,-0.01111110434918483,0.04326930571590215,0.010187212736339157,-0.010152296674584615,0.02499999999999991,0.029005531047764155,0.048912995943839244,0.004944370963977374,0.01552801182911634,-0.02707927745060168,0.0,0.04102568407997209,0.013905806524456832,-0.0044062737525628615,-0.020618597877583134,-0.003857927468366995,0.02864592910066932,0.010717208777798692,-0.010322540032668415,-0.013563579422986138,-0.025316516819373858,0.01641933730186307,0.01488694393963641,0.006123794406555305,0.03764707847532489,0.023369369996851574,-0.0036497224701642628,0.0015419817793063118,-0.0028571401323590484,0.0,-0.01739128812274282,0.00014924107328351255,0.022598848748059952,-0.008278177326266678,0.014018745315743208,0.012875543697244751
2020-01-14,-0.014652000576396595,-0.002260770372136789,0.006490947719494544,0.0,-0.008398072786580446,-0.013598715212536083,-0.0037735113665788855,-0.02912618662434696,0.0747126405282259,0.011947447958915891,-0.0064516069489635175,0.008163234884094317,-0.04366808135300149,0.00961542164785767,0.009554130696656893,0.043650777511347716,0.0,0.01908660841555898,-0.006042338144282344,-0.04444440205891931,0.16666660043928627,0.0,0.046077197741347664,0.005494548564231927,0.014440488564033238,-0.24488188518136522,0.05769228182835984,0.18604651162790709,0.041666730428537635,0.020211368659061035,0.19090909090909092,-0.015271004945994648,-0.018050463390315796,0.008896797032247106,-0.02807014960808163,0.0,0.0,-0.009602901991957902,-0.035211262123094555,0.0,-0.031645614030057834,0.11838002227616795,-0.01084339162887682,-0.011363679466167786,-0.0401284301773992,0.20737326459846805,0.007739301720170344,-0.020512845845836236,0.09756097560975618,0.02281880277131365,-0.031088054098535878,0.022140258627555864,-0.013931372929413155,-0.013916534541068004,0.0749999682108562,0.002463032201932114,-0.005962894895240267,-0.007745042813836922,-0.03157891764865317,0.026336359433229095,-0.010126652719824158,0.0,-0.01694912809377469,-0.00124990075504261,0.01298704515683391,0.02589690504835973,-0.005500608829194675,0.009712509558973181,-0.0034014308546767014,-0.02947444699692381,-0.023809545277899802,-0.007698185493255183,-0.028653267724730536,-0.010988947897229817,-0.017699098239742916,-0.004475539725892652,-0.005524856784194343,0.0,0.018433161496169914,0.01694919104564896
2020-01-15,-0.00743493698925024,0.006042332967715058,0.011688719222945343,-0.017241363363798556,0.003764079388939745,0.011096164298781686,-0.060606089663803875,-0.029999971389770508,-0.045454565738090036,0.028335251216202284,0.003246750230832429,0.008097233337461152,0.40639262248019326,0.02095240638369611,-0.009463713144399533,-0.05703417502108343,-0.04347826086956519,0.028252535590050698,0.01823711319785737,-0.011627950817908794,0.0,0.0,0.05714291877487354,0.0,-0.03202852289316038,0.0948904710258649,0.009090885971531737,-0.019607843137254943,0.01999996550871108,0.04009454651517941,-0.04580152671755722,-0.0016043661731827141,0.00787813084651412,0.009171083787772316,0.028880839081917964,-0.025641002128344415,-0.05769230769230771,-0.041370287919662574,-0.04379569406329631,0.09090911061310525,0.032679785921928106,-0.002785512730456685,0.003654047847965858,0.02298848432756806,0.01170575879222202,0.03816793781985406,0.004887146939380527,0.0,-0.1333333333333333,-0.005249338904693812,0.01604276540816718,0.0012032821543443983,0.0020676146100537807,0.01209676256413017,-0.006976682292633152,0.006552000283056136,0.011397637962007545,0.01940229547110195,-0.010869554654186486,0.011320466276092622,-0.0306905859354506,-0.009788064097939198,0.021220074265438704,-0.010012697097912304,-0.02564100100869393,-0.0049986734038348635,-0.0007090270415294198,0.015390495439976393,-0.01820251328532363,0.0068403487402948215,0.011257101306932915,-0.024825495731216285,-0.0029498496028924626,-0.004444350347984294,0.009009000301245074,-0.023078088386868534,-0.011111100809073515,0.0,0.004524904060796864,0.010923350878076166
2020-01-16,0.03745314673225475,-0.0007507372434821802,0.005577819077056123,0.061403555553045885,0.01593751921907094,0.016627852618465555,0.00403217931152855,0.06185560928849254,0.05322130553875759,0.009184993931042218,0.011326888932971846,0.0,0.07142855668407022,-0.011194018896451219,0.028662392089970457,0.03225799785904426,0.09090909090909083,-0.030409073714983914,0.014925334893879816,0.023529389325310124,0.0,-0.05797104921309437,0.018018000602490147,0.0,0.0,-0.04761900436850974,0.0,-0.040000000000000036,-0.019607809985303648,-0.0036283488044608347,0.0,0.0005357530673804067,0.011985384879387384,0.01083535334949337,-0.00701753740202038,-0.006578888892025958,0.0,0.028994958642038826,-0.015267162228524978,0.0,-0.006329107716228521,-0.00837988045505711,0.019417457749564715,-0.029213402960848178,0.11900820763741526,0.09926466102418718,0.022000972065330693,0.0,0.0,0.030343010737265752,0.02631582744894323,0.05769236941309597,0.002407239800880534,0.001992077474070042,0.014832129130327276,-0.023596416822877053,-0.01779350855327999,0.025814927342158178,0.010989000192372256,0.013806089174088765,0.021108242765314866,0.025329554303388457,0.016883161934546642,0.008849645475122347,0.03947369010730539,-0.00979671059785403,0.012489052658259947,0.020841247493247117,0.04403254858490957,-0.005163197105683137,0.009276508267322958,0.02386636420193322,0.03550292351955475,0.004464190775812282,0.08928573519295568,0.001994128678470375,0.044943845056852894,0.0,-0.004504521533020278,0.022724752053167263
2020-01-17,0.0,-0.0037565786766815545,-0.005943220139112304,0.024793364003288243,0.011073559835230506,0.010140705960784313,-0.03212843130709664,-0.009708728874782357,-0.023936147446166123,-0.04778168000136551,0.015999984741210893,-0.00803219478209849,-0.10606053308277064,-0.009433997912352998,-0.021671805829548307,-0.05859370419998666,-0.04166666666666663,0.01645081089239775,-0.032352934301655645,-0.03448278130022209,0.0,0.07692307692307687,0.023230092813399272,0.0,-0.003676414558493213,0.08000004291534424,0.009008986304320121,-0.04166666666666663,0.0,-0.014109763659069019,-0.040000000000000036,0.004282365673679678,0.0,-0.0006915787590217048,-0.01766782814990553,0.039735059603063005,0.04081632653061229,0.022280721892409483,-0.0232558239183277,-0.3333333498901785,-0.01273891685835693,0.005633797519761785,0.0011905034923782587,-0.0013888985470484894,-0.0029542281523247116,-0.036789310886412574,-0.001586204042427486,-0.04188480652191329,-0.05128205128205132,0.008962890163154658,-0.0051282001121667475,-0.03295454040539181,0.0,-0.013916534541068004,0.0,0.025000015894572014,0.010869431448403466,-0.028364214836203105,-0.010869554654186486,-0.00588881009371478,-0.031007800933071428,0.007230250053626097,-0.011494283035945685,0.03007534445205229,0.0,0.025621751806176984,0.01009258722804307,-0.008413762778315514,-0.01886795606335112,-0.003550992854468471,-0.00827218137380592,-0.0015539630355239087,-0.014285700661795464,0.02177765818421218,-0.049180377526039876,-0.008726266036241048,-0.0322580975953628,0.008347277570184275,-0.013574712182390813,-0.0026140711268003436
2020-01-21,-0.028880839081918075,-0.029411815940728392,-0.022718018833487008,0.048387050256521125,-0.007605751445219466,-0.0064766776371638635,0.004149366551608358,0.0,0.04632148074695297,-0.0011947383711853332,0.004724442560457787,-0.01619427212108715,-0.050847541643237903,-0.0019048055013021203,-0.015822844739486586,-0.09958506056005634,0.3913043478260869,-0.004281048836650703,0.08206691276681988,0.05952381222696812,-0.07142858967489152,0.0,0.03891888180294556,-0.016393570423860693,-0.051660570971478026,0.06481475042708373,-0.017857098255025683,0.0652173913043479,-0.060000024271647745,-0.0004619387465775171,0.03333333333333344,0.00319836618717817,-0.0005149448425617598,-0.023875451320601315,0.053956869392500106,0.012738841251293653,-0.019607843137254943,-0.033333270648088664,-0.03968253620087148,-0.012499987892806708,-0.0064516069489635175,-0.008403353487606458,0.003567150239654593,-0.02642566458209772,-0.04444443813331311,0.04166669426141034,0.00045381942245992235,-0.01639346311752088,-0.027027027027026973,0.04187816229866481,-0.03092786609233189,0.0047003479174152485,0.011663872242614115,0.19354839329913043,-0.00923076042762172,-0.0008130267257531187,0.03524501931037727,-0.00043899159703264523,-0.010989065691980104,-0.0037023983487677325,-0.005333240567206854,0.01355924345461168,-0.0090438835892509,0.008515581000656969,0.17721518659896218,-0.006430810116355268,-0.009158909104076463,-0.015847225514584284,0.03959284909990757,-0.009594239008587246,0.0027801909267222147,-0.039688732586909414,-0.002898547920302419,-0.02131350006508559,0.034482829494228984,-0.031042445120203932,0.005555550404536813,-0.006622510282393357,-0.02293578061920243,-0.0054603036110772996
2020-01-22,-0.01486987397850048,-0.012431938870056225,-0.006933339929783178,-0.04615380383101986,-0.004904969116764302,-0.0052151342950118584,0.004132220454271529,0.0,0.13281250048506377,-0.011961610459788607,0.0,-0.037037095631512695,0.025000005676633075,-0.02099230180954248,-0.035369742381433755,-0.050691337002456094,-0.09375,0.018561206289194,-0.033707921354374615,-0.011235891245119367,-0.07692300638503313,0.0,-0.039542156921606675,0.016666798763124158,-0.027237334833748017,0.04347832396711104,-0.0818182049375592,0.061224489795918435,0.0,0.006466682359149267,0.032258064516129004,0.009032920604411965,-0.00875837597271345,-0.005317250031845466,0.030716693555887797,0.006289352186228392,-0.020000000000000018,-0.0072943734295422,0.02479339921647905,0.0,-0.01948050138499524,0.0028248560935075773,0.03791477066447935,0.01904771528006588,0.023255810497555318,-0.09333330790201821,-0.0009073695047674413,0.0,-0.04166666666666663,-0.07429965050914711,-0.00531914387692578,-0.028070148042597443,0.0,-0.11317568710461579,0.013975178849103154,0.0032546755066871214,-0.027697883641479626,0.0017566538153086508,0.011111167036458314,0.0011148952100308307,0.018766690163245503,-0.0322643681585546,-0.006518921839497538,-0.0205065779850917,-0.07526885264633632,-0.029872889366904576,-0.015406231713127605,0.0136933455566155,-0.019586559418111493,0.006365985867492707,-0.003696643859910975,-0.011345246482301952,-0.00872092177056838,0.0,-0.025000074505802994,0.003825276655226917,-0.04972371105774864,-0.008333365122477177,-0.014084471727988102,0.002305908478932306
2020-01-23,-0.022641576995792834,-0.003147147250840643,0.01355257749934613,-0.056451654769131054,0.0033887975486481814,0.004587135896088279,-0.004115215476705014,0.0,0.006896600107140438,0.009685255403210302,0.015673965962198277,0.05128206707915761,-0.006968579365256078,0.001949269360935979,-0.006666660308837891,-0.009708718887410317,0.06896551724137923,-0.030062784428242728,0.11627914713420862,-0.022727250560256596,0.16666660043928627,0.0,0.0,0.01092897270299753,0.0,-0.31583337720897287,0.04950495174156044,-0.019230769230769273,-0.02127655960120023,0.01606240431906003,-0.0234375,-0.0031596285803301427,0.009875287750410244,-0.001425481430506026,-0.006622510282393357,0.0,0.0,-0.028056272750878186,-0.008064477098843836,0.0,0.006622510282393357,-0.016901392559285133,0.0,-0.018691681453631315,-0.016666698132676294,-0.02573532144503532,0.005903685736807773,0.11111111854388867,0.02898550724637672,-0.036842070590095366,0.1657754337959101,0.006016755058461554,-0.007460213265627846,-0.011428560529436416,0.003062784116985684,0.004866214110945899,-0.09554886337180923,0.013152176739728239,0.010989000192372256,-0.02152935515789045,0.03947376890518628,-0.019312660258239522,-0.0039369490781059335,0.002463051028723795,-0.034883727377462925,0.00846767012128602,0.030440753230544182,0.06404006181384347,-0.023307440024526005,-0.014851651194124016,-0.006493535489753288,0.01475412360573003,0.011730193796544386,-0.0013335612137123087,-0.017094001418896276,0.010797083361675064,-0.01744184354113687,-0.020168048639635616,-0.042857124691917825,0.0031770477586061663
2020-01-24,0.011583000920442954,-0.012628256261770887,-0.03160444483805569,-0.04273500354724069,-0.010439116384346914,-0.012720167816819838,0.01239666136281481,-0.01960782480441492,0.07990865193784225,-0.01709412676199462,-0.012345667202249944,-0.0691057275847815,-0.04210533360474944,-0.0038910469739347198,0.006711402952518153,-0.009803902218045057,-0.09677419354838712,-0.0038743006826935655,0.10416664597061032,0.0,-0.14285709420028914,0.0,-0.06608880681801743,-0.0054054474865917745,-0.06799997965494786,0.3154690246777756,0.0,-0.019607843137254943,0.0,-0.013098414430198657,0.040000000000000036,-0.025356526657947076,-0.0015440394325426654,0.001070620228650343,-0.0633333524068197,0.018749931703013978,-0.020408163265306145,-0.03848786303425955,0.008130041633409135,0.037974646297370906,-0.0065789411768027994,0.002865326772472976,0.0,-0.04285710393165876,-0.021571636401820693,-0.04905657498341687,-0.00022568042009141198,0.10000006622604674,0.0,0.07513657117481665,-0.16055046473576062,0.013157968285764543,-0.004099766722463372,0.04431599547932663,-0.007633616683796363,0.0,-0.07480323356841878,-0.013846805987572486,0.0,0.0011379937283502173,-0.025316590517170945,-0.012230501301370933,0.02108028422087682,-0.01842739891620837,-0.012048222435590672,-0.03816778240180296,0.03009412724594318,0.01151996427000368,-0.034090941037802414,-0.013802757853789482,-0.00746973188029465,0.008077498131745964,-0.017391287521814403,0.0,0.03478267990573958,-0.0036129365816465198,-0.047337301897445005,0.020583171034211478,-0.004975143262281545,-0.018019018580079482
2020-01-27,-0.03435111377881084,0.11590726477143942,-0.02510475610053431,-0.026785688626827175,0.0021719381510005853,0.0033035978285713696,0.06530615815653107,0.0,-0.07188163873506492,-0.017391352264000348,-0.03125004423782163,0.0,-0.04395600428839064,-0.013671815700944112,0.029999971389770508,-0.0346534264732673,0.0,-0.009004221958672787,0.25471695779099046,-0.058139532304828934,0.08333325054910778,0.0,-0.004640366865901968,0.07608696133756965,0.0,-0.05555561074503923,0.13207549885864966,-0.07999999999999996,-0.1086956717945613,-0.031578991209138096,0.0,-0.017344173614448177,-0.01494840277737497,-0.0017825040435112127,0.14234879128565647,-0.012269927283794058,-0.08333333333333337,-0.01715509749059263,-0.0322580994378765,0.0,0.0,-0.0028571401323590484,-0.017123352543991444,-0.017412918799732058,-0.004724363570935641,-0.023809538226368665,-0.027094211032042903,-0.004545514750947888,-0.04225352112676062,-0.039390082247443226,-0.03278691835069325,-0.0047225455244358505,0.0003431369121273953,-0.01291516064133369,-0.030769201425405623,-0.008878176537811311,-0.0929078751853144,-0.019964976427213954,-0.021739174096029212,-0.006820691474348162,-0.041558312844264034,-0.01469020216973127,-0.027096710073176267,-0.008761036655556054,-0.060975595572957286,-0.03359784228735929,-0.012865420778525039,-0.021499198581118817,0.0047059164458287395,-0.011711106867205556,-0.01034798648838775,0.027243602969472924,-0.008849619138639464,-0.00534025660689097,-0.03361351188145911,-0.012770004247105726,-0.043478293062189755,0.0,-0.03500003814697261,-0.020685060589713533
2020-01-28,-0.007905130890387913,-0.053008607347369674,-0.003004175890951588,0.027522908689077363,0.009907126532888055,0.0059269431134201245,0.038314139330985375,-0.009999990463256836,-0.06150341438225637,-0.0012641783618408953,0.025806504705075506,0.0742358500127902,0.03065131206343219,0.0,-0.016181214791303855,-0.0153846779560054,-0.0714285714285714,0.005806461457283252,-0.1804511345587252,0.0,0.0,-0.014285677955264142,0.0023310557041396063,0.0,-0.004291889058782639,0.0,-0.06666670905219185,0.021739130434782705,0.04878048210534591,0.03213577795703393,0.0,0.007722109138148081,-0.011512360736605887,-0.00392859322684147,-0.07476635722262714,-0.0062111249368659305,-0.022727272727272707,0.050908939619042526,0.008333359106382776,-0.06097562482568364,0.01986753084718007,0.0,-0.03484311835342413,0.04810121936917344,-0.014240519047593825,0.012195090748312598,0.01647697071399179,0.004566270802236261,0.014705882352941124,-0.05158728431712223,0.028248628284956778,0.013048594625757026,0.006858386990862719,-0.03738314258509734,0.0,0.013843654722361487,-0.03283810961616751,-0.0024624311655058184,0.04444446946367875,0.00152598122749259,0.013550163525027692,0.0,0.019894020509324095,-0.00505043267448313,0.06493504885015455,0.01396124558362044,0.016291259690914828,0.0024941415852577364,0.03981271303363432,0.004913342283548117,0.007604745421043946,0.02574102430277625,0.008928634150297876,-0.02013431816822364,0.05217396802848251,0.01948261324677092,0.03246757971695691,0.005042052230259664,0.01554410136105644,0.00022716639808706418
2020-01-29,-0.03187247968526463,-0.016641444304736797,-0.012053472140951205,-0.008928562875609058,-0.01318211383485779,-0.01669398269760125,-0.04059042428805537,0.030303001111897654,0.03398066679891576,0.0012657785316714243,-0.006289302046118661,0.0,-0.007434878340932816,-0.007920784226189581,-0.013157882353605488,-0.09374994240865342,-0.07692307692307687,-0.010744037241623983,-0.057339449875738024,0.02469133331433837,0.0,0.0,-0.02906976615241441,-0.040404081992846064,-0.02155172461042132,0.23529413139668875,-0.017857098255025683,-0.04255319148936165,-0.09302317117995784,0.011904908174393158,-0.07692307692307687,0.00985211529575003,-0.03970354813303989,-0.020795981943310005,-0.013468000494176735,0.0,0.04651162790697683,-0.002768037415623148,-0.016528911057753337,0.0,0.012987000923330161,-0.0171919606348383,0.03489770724541108,-0.0362318506730257,-0.016051310529832996,-0.03212848390829681,-0.054109308747519735,-0.06363644026153703,0.0,-0.03765690070481453,0.07142856675002807,-0.003512849309741939,0.00987738894959711,0.005825190760321952,-0.040476207415983234,-0.004819234286070562,0.016168218039427584,0.02176834327000865,-0.0531915021784547,-0.005714059843093255,0.0,0.021298864008369556,-0.00390131699336127,-0.008248802106777808,0.0,-0.00027041841269170863,-0.001736568904513125,-0.011610038080990037,0.0,0.0014381910726100067,-0.020754644149777013,0.008365065668637373,0.061946841660740715,0.0,-0.04132237185888454,0.011591504960809518,0.0,-0.010033435215412778,-0.020408143405366563,0.0019300427499011619
2020-01-30,0.05761311219732734,-0.01923079343430778,-0.0008712102942133315,-0.018018000602490147,0.014600788029720535,0.018641809333547865,-0.00384620877045172,-0.04901956201103741,0.07511729521859967,0.003792802127846606,0.014240454637056477,-0.008130051125615267,0.06741572364828863,-0.00798411913428454,-0.0033333301544189453,0.08235293045175962,0.20833333333333326,0.0018911267675774113,0.1338199212278932,0.04819272401665553,0.0,0.08695648167719883,0.0011975179342158526,0.03157905275284634,-0.026431651434578263,0.10317460017109381,-0.03636365948301368,0.022222222222222143,0.0,-0.008144814056960215,-0.04166666666666663,0.021680137353847995,-0.0512679347556364,-0.03478575152575669,-0.04436863873003127,0.012499987582366145,-0.06666666666666665,0.02984031250397634,0.05042018925669711,0.0,0.03205132907664465,0.008746347173728575,0.009302316297383983,-0.007518789804026538,-0.0032626628917598044,-0.029045674351012796,0.004344637677471175,0.08252431951420358,-0.02898550724637683,-0.05072462315870885,-0.046153862142468416,0.03642766834368394,-0.011466901696657872,-0.013513455047096001,-0.004135665020993495,-0.007263934632285474,-0.0007953999475667217,-0.01954753818383881,-0.02247188904267039,-0.003831568357736681,0.05080212061801981,0.013138844438433717,-0.007832849865689218,0.01599487724774118,-0.03658529088563123,-0.04671881434001768,-0.009768697271319682,0.016301097990852886,0.004504476131618418,0.0,0.010596895637199122,-0.026395201766843512,0.011111167036458314,0.005479512129233477,-0.008620681681899223,-0.02183344103640683,-0.006289302046118661,0.01351350045186761,-0.015625058983760765,-0.040566592986455374
2020-01-31,-0.02723732881754304,-0.024313741593878002,-0.01351969116958951,-0.018348605792718242,-0.013778321261681437,-0.020914997541795377,-0.0888030586125913,0.474226706566957,0.05676860987182031,-0.027708101066853397,-0.02964119527977327,-0.016393381279151686,-0.04912281484497216,0.026156965780456343,-0.0066889568102751484,-0.09782612146299074,-0.03448275862068961,-0.015909810038690075,-0.027896952962707333,0.011494296972653917,0.07692309808448994,0.0,-0.03229659272458263,0.010204022214014508,-0.013574683023412693,0.2517985808948673,0.028301935455080862,0.021739130434782705,0.0,-0.022810103300614393,0.017391304347825987,-0.05941639885289207,0.08076707559218699,-0.04400606299517984,0.017857126131349377,-0.043209883205314936,0.023809523809523725,-0.033018772733446666,-0.02400000960205062,0.0,-0.08074533793574978,0.0,-0.020737361618345718,0.0277778112259508,-0.019639977795987362,-0.034188002141121165,-0.030281356671264192,0.09417035855045475,0.0,-0.041221369933459706,-0.04838711434753651,-0.040816289017391094,-0.004094242733277964,0.04892367778238449,0.002491672181581528,0.0,-0.026274077191243972,0.008512568846570145,-0.04597703590624891,-0.015384559221775063,0.017811641909626585,-0.032523854953677045,-0.036842061116258984,-0.005037842339159826,0.0,-0.08073644419387083,0.004931570048695599,-0.019695697026929637,-0.04372215113605815,-0.03446311786938028,-0.033364951350144945,-0.0061967408715416505,-0.0054945655957939765,-0.0009082460401187431,-0.008695644061371466,-0.05540604878029931,0.018987323148685453,-0.001666704813639286,-0.03703697723382571,0.021259042053670463
2020-02-03,-0.007999992370605447,0.020900333235541302,-0.005747205691412405,-0.018691681453631315,-0.0164545178880251,-0.008010736793771511,0.05508474697477306,-0.006993000580457598,0.07851231934374603,-0.01036260782127496,0.08038585480154725,0.0,0.029520266634666337,-0.02549021899448134,0.010101000370632551,0.180722938287863,-0.0357142857142857,0.035567520412926434,-0.13686538553845196,0.0,0.0,0.0,-0.004944370963977263,-0.02020197237489374,0.009174288381073925,0.0747126405282259,-0.01834869341955403,-0.021276595744680882,-0.07692326589571707,0.009337063278342717,-0.017094017094017144,0.006768341748534246,0.043010710787809936,0.04722216629687814,0.10526322834159552,0.012903213236342914,-0.023255813953488413,0.05853632566453704,0.0,0.0,-0.006756750225933805,-0.017341023733535632,-0.015294131110696219,-0.01228505863046514,0.036727868980472866,0.03539819573261971,0.00024792861397959776,0.004098415262982158,0.08955223880597019,0.023885288776901437,0.0,0.05082745901145014,0.005823766834420541,-0.0074626792643007756,0.010770515139007397,0.004065056094269437,-0.046606381019420495,0.05153264485194242,0.0,0.018359399620945904,0.04749998654710064,0.08872349864309381,0.012294897019639484,0.011392555554442518,0.025316430592042805,-0.03081636121159892,0.00531640857516158,0.021535140235554806,-0.03165289143645744,0.0017846646797790022,0.06706091968731065,0.0,-0.033149140705165725,0.0,0.017543843138140724,0.056309715325250975,-0.012422348291186713,-0.013355580427863889,0.0054944214246803735,-0.059095646330673324
2020-02-04,-0.012096762564130281,0.022834690244133204,0.02801281628340302,0.0,0.004419213858305238,-0.003028204870878959,-0.0040159861353182835,-0.021126741053825282,0.01724140923472839,0.013089102220629645,-0.25446422837775806,0.012499952445778728,-0.01075270654939553,-0.014084446233250114,-0.013333320617675781,-0.05612245518582293,0.6296296296296295,0.018522437953232496,-0.05115084835553374,-0.011363679466167786,-0.07142858967489152,0.0,0.06832300344140174,0.0,0.02727277351148194,0.2299464954285788,0.018691660976310587,0.0,-0.02777764470951638,0.029602269587561292,0.034782608695652195,-0.011204658931789457,-0.026804147834466163,0.012125793945631624,-0.019047675994156243,0.006369370005991248,0.0,-0.025674520365572495,0.0,0.025974079255291826,0.006802714468455484,0.0,0.015531674578061816,0.03233833707903555,0.033816482162543515,0.025641042361154165,0.025520210037096147,-0.06122451587410027,-0.04109589041095896,-0.02021767357299431,0.12429380281409363,0.015747962231923873,0.001021977185099665,-0.06015040626614199,0.009016443612402725,-0.00485833342213704,-0.0017154096934356433,0.011406863409100021,0.036144616382703276,0.0026849941437190328,0.03102625688435867,0.042798373116879285,-0.004048451736143099,-0.020025198715511894,-0.024691334144937627,0.052782089919462205,0.007864469157497389,0.02590974977455951,0.012106527755694207,0.01603306380805858,0.008318156466720295,0.021044462928233587,-0.008571420397077256,0.0,0.0,-0.002538471370947648,0.05031441636894951,-0.018612463539303348,0.060109312968824824,-0.02224677415210663
2020-02-05,-0.004081628681073313,0.005388737656103926,0.0527678557457989,0.0,0.01477056459573034,0.013499818108272832,-0.012096810140034053,0.007194237817389482,0.007532949582686577,0.0051679145821075245,-0.013972089513656583,0.0,0.02173916799284603,0.014285651726904769,0.0,0.02702700090373522,-0.20454545454545459,0.0198482382426024,-0.040431249293634064,0.02298848432756806,0.0,0.0,-0.008139609929479152,0.0,-0.013274358191279978,-0.13043476458082537,0.0366972701817021,-0.021739130434782594,0.0,0.02650498949081581,0.0,0.03796010303012398,0.02648305202465373,-0.0014975293728842765,-0.016181214791303855,0.006329158493033615,0.04761904761904767,-0.004729880683416066,-0.016393492492863926,-0.025316506313829312,-0.027027000903735332,0.0,-0.014117633595186141,-0.036144600462750365,-0.007788210248681482,0.05833331743876147,0.02198611337925005,0.004347779197231505,-0.042857142857142816,0.09206347716608576,-0.015075362435176154,0.07087490168863719,0.002041584546461861,-0.003999996185302779,0.0,0.00895033824399305,0.002577421635419297,0.026733474326283257,0.011627895694091173,0.02295340955641656,0.07175929123904456,-0.022863405649565904,0.013550170324805766,0.014048613746302951,0.025316430592042805,0.06584115358176379,-0.011166505387331216,-0.008380247409237707,0.04904304881119481,0.007013792839732247,0.03208050203769064,-0.005343560798483082,0.0028818416083016274,-0.0045455331244529384,-0.008620681681899223,0.061873759669699435,-0.0239520735814005,-0.008620722256998503,-0.015463878503069517,0.022752953980606394
2020-02-06,0.04508192316238402,-0.0045941717889067535,0.002876080499282452,-0.00952380087370197,-0.0328275020357085,-0.02763900902664007,-0.020408109844559763,-0.028571401810159047,-0.06542054408814157,0.0012852343239762032,0.018218654158990155,0.0,-0.046099331154161205,-0.0321931296109651,0.0033783751129670136,-0.06578947450975958,0.02857142857142847,0.09272466405864832,-0.05337084571264472,-0.011235891245119367,0.0,0.013333299424913125,-0.050410242082350676,-0.05154644229431127,-0.008968586852557747,-0.009999990463256836,0.035398138472829244,-0.022222222222222254,0.02857128779065876,0.0,0.008403361344537785,-0.0174670401012903,0.0,-0.004874359219899427,-0.02302629411880963,0.012578604406595195,0.09090909090909083,0.004752358773378873,0.0333333706220007,0.0,0.0,-0.008823590872607756,-0.026253014800046492,0.007500052452087402,0.03453695687616487,-0.047244050142243865,0.009456260917133363,-0.0043289578443699295,-0.014925373134328401,0.06395349562522701,0.020408143405366452,0.002068201027048966,-0.0030562787091138466,-0.0120481812348876,-0.004874120030173623,0.0,-0.005998332857936495,0.00956064324983652,0.0,-0.001869810585880427,0.006479438891453748,-0.007863413460703517,0.0013366904845217853,-0.007556599582644208,0.0,-0.02380289551432424,-0.0272109334028654,-0.00648295411437505,-0.03648792513460808,-0.0060940271652659694,-0.019538125631786918,-0.0330007183663551,-0.0028735604621976663,0.0022832323806416532,0.04347832396711104,-0.0052426372516718445,-0.006134963492337775,-0.017391287762185792,0.005235621961910741,0.004301849452992279
2020-02-07,-0.027450954726180976,0.0,-0.011470885812864484,0.4615384968074834,-0.04610946041443753,-0.030821969259027693,0.016666692450571174,-0.036764758087977634,0.01400003433227548,-0.012836727426620564,-0.01590465153206444,0.028806575003299972,0.007434996516193282,0.0020790496883160703,-0.05387208225232187,-0.06760563739730452,0.02777777777777768,-0.01734428056138515,-0.05341246094863905,0.011363571094088698,0.0,0.013157945370521729,0.0333332705399656,0.010869576454328955,-0.01809961572248986,0.0,0.017094083045636976,-0.045454545454545414,0.0,-0.003501010252433434,-0.008333333333333304,0.03777812109515044,0.0030960462275191336,-0.038432570556804935,-0.023569000864809175,0.049689493115182115,-0.08333333333333337,0.012162007581122847,0.0,0.0,0.013888875091518038,0.0029674270686739224,-0.002450919664624518,0.0173696504168539,-0.07283764668168513,-0.04958680682263317,-0.0014052618907849368,0.017391221494137188,0.015151515151515138,-0.03415300466355853,-0.004999995231628418,-0.031991690337113576,-0.0074930352743650674,0.006097506606908221,0.0,-0.012096743802001209,-0.02241406691286918,-0.0024179476929152566,0.0,-0.010116199092682021,-0.08369099838817151,0.00038654859799502894,0.0013353985058448536,-0.031725943410905066,0.024691334144937738,-0.04412200382578535,-0.027692393796083348,-0.02085761969112776,-0.00946752356188163,-0.012846704806684484,-0.030797000736784597,0.015079331319920009,0.0,0.002277856088500174,0.0,-0.003011663403217568,-0.006172833601124972,0.02300886942418079,-0.05208333126372766,-0.0391628562488906
2020-02-10,-0.004032254188043427,-0.008461534304224805,-0.00911700697591622,-0.10526313725600922,0.0030210986333514267,0.007067131259962167,0.0,-0.03816790419867877,0.017751414734418214,0.013003651759811996,-0.02626255406322109,-0.003999985006904017,-0.003690004003555236,0.0,0.0035587155398177917,-0.10574015428491501,-0.027027027027026973,-0.0007116810608926993,0.09090908184977353,-0.02247188964466096,0.1538461961689801,0.0,-0.026284381127457235,-0.032258170554599785,0.0,0.0,-0.07563027185540994,0.0,-0.02777764470951638,-0.006587815646098005,0.0,0.016595045615865223,0.005658369340588276,0.004702152418976979,0.024137907220975086,0.0,-0.022727272727272707,0.0006674848932584077,-0.024193558658198944,-0.012987000923330161,-0.01369861671503625,0.0,0.01474200006115689,0.0,0.04091654850750803,0.0,-0.0035178042060577397,-0.06410249549230607,-0.014925373134328401,0.024045204431280665,0.08040205279593704,-0.0031982657361597777,-0.004804209563094353,0.028282898730765504,-0.020408163265306145,0.01632651504205196,-0.02028230938331599,0.010704960855626444,-0.022988483697581663,0.003028193767495857,0.03278692531266181,0.03285042979942698,0.005333205954179299,-0.017038087545142244,-0.012048222435590672,-0.019435199313965867,0.029200310956390085,0.019397892496626934,0.016726428619528555,0.0008872797260861542,0.0018690503261227231,-0.001563682888897966,-0.025936574474714758,-0.0045455331244529384,0.00833332505491069,-0.0027186272113692844,0.006211174145593246,-0.029411776837908077,0.0329669477455663,0.00254740724494118
2020-02-11,-0.008097158176053498,0.0,0.01505613616551238,-0.007352934086817808,-0.0010040268675209907,-0.0035087687010102453,-0.004098418767318979,0.007936500427734305,-0.015503861641813277,-0.021822768791329716,-0.0020747362086480647,0.0,-0.048148188266133096,0.0020746372797806334,-0.02127657595741339,-0.04054058190241916,-0.02777777777777779,0.005697720643675908,-0.02586202250397429,-0.02298848432756806,0.0,0.0,-0.028220804049289616,0.0,0.004608341916890746,-0.11616162467569657,0.05454543142607715,0.023809523809523725,-0.1428569864340652,-0.01193651929352002,0.050420168067226934,0.16113734245071476,0.0015345620366387092,-0.011310414004759739,-0.023569000864809175,0.0,0.023255813953488413,-0.02201451031420254,0.0,0.0,0.0,-0.05029587885740794,0.0,0.017560982531128477,0.007861533089377204,0.0,0.10614257001492922,0.0684930723541417,-0.030303030303030276,0.02071824587147253,-0.023255901635817477,0.0021389843073151837,-0.001379360006219743,-0.015717076877764025,0.016666650772094727,-0.015261010706353995,0.0306030638132877,0.009192627419195798,0.01176469433266436,-0.011698336127198727,0.06122445659271758,0.03348913217971172,0.019894020509324095,0.008666742609128919,0.0,0.03964082598185947,0.01886825821602489,0.004903083714565604,0.029377115213408356,-0.0035463509928723713,0.006529880448812975,-0.001566206503266998,-0.005917224457964498,0.004561728492515904,0.0,0.01817362713647319,0.04320990879385578,-0.0017825719507730264,0.0,0.016262213113776847
2020-02-12,0.008163257362146625,0.01474006736827449,-0.008652413777099022,0.0,0.005360218935784644,0.0031690363431358115,-0.028806647240128935,0.007874008357040552,-0.007874008357040663,-0.006561589661903011,0.024948001452519408,0.0200802457163205,0.031128374828885974,0.010352006526844537,0.0,-0.056337976143534085,-0.05714285714285716,-0.008592569219619706,-0.014749224916912218,0.0,0.0,0.0,-0.04545456187455765,-0.011110972724346024,0.022935779281388013,-0.028571401323590928,-0.06034478506208363,0.023255813953488413,0.06666643246660153,-0.008500656534826234,0.0,0.07165537305534708,0.0010214738427785086,0.011834289252312669,0.006896544920278691,-0.08284024892967934,-0.022727272727272707,0.010231821906664829,-0.008264488158725714,0.0,0.027777750183035854,0.012461047158154548,-0.018159875066358855,0.02444876274927954,0.006240288801020233,0.021739130434782705,-0.009361566095901441,-0.004273458533332275,0.0,0.05548042376951323,0.023809615716916754,-0.006403358236412915,0.002762458715380278,0.0039920119786056585,0.005737758163354645,-0.011419277382470505,-0.01572022124411132,0.02079206410020884,-0.011627895694091173,0.10271113207598459,0.002136784597366992,-0.0007240454750665481,0.01170333438770621,-0.05485787715530366,0.0,0.010426128867309759,0.00932751649634378,0.013243487051566971,0.03082206624923889,-0.011269256440190722,-0.018535620106275852,0.002352920233034572,0.008928634150297876,4.540140517317326e-06,-0.049586826526647365,0.02156770602172875,0.041420077439480396,0.0017857551878819322,0.026595745760156664,0.018127323619963276
2020-02-13,-0.016194316352106997,0.0022936103845341282,-0.11055706963347911,0.0,0.001666020884387942,-0.00035097491357849453,-0.03389828932795114,0.08593751309672393,-0.009920672839941802,0.010568011154196588,-0.012170374212722934,-0.015747973397696513,-0.022641488384546493,-0.00409835665112579,0.003623184962974646,-0.05223884381225963,0.1515151515151516,0.006714550056841739,0.155688562342696,-0.01176475076114425,-0.06666668256123864,0.27272723519581654,0.013227500712890583,0.005617868605168885,-0.03139011100483691,0.16470586090351946,0.027522865143221997,-0.06818181818181823,0.03125014658299197,-0.023465769924639557,0.040000000000000036,0.06898009939520922,0.001020431498694352,-0.007407428338531252,-0.027397315080268658,0.05161285294537188,-0.023255813953488413,-0.08305196715320151,0.02500007731914833,0.0,-0.006756750225933805,0.0,0.01109742988876583,-0.014740336851857383,0.08527132992522346,-0.04255319148936165,0.005584089086621891,-0.047210309744629475,0.015625,0.02051280044866699,0.018604632594767967,0.0010740359566956403,0.002073782211612807,0.023856835100142915,-0.016299980071549647,-0.0016501241153628055,-0.013907600990685887,-0.0110572202378314,0.02352938866532872,-0.024238432865726356,0.04051171536575082,0.001268123027489576,0.010282871224084111,0.03356624271910902,-0.0487804432292942,-0.0005897751534313933,0.022016947793531916,-0.003210258832585411,0.021040812539055986,-0.0041990111624417015,0.005665600049257202,0.010954643681373888,-0.008849619138639464,0.00917435998715499,0.0,0.016744343633793513,-0.017045438382004785,0.007130117807674585,-0.010362635414346344,0.007981260768650245
2020-02-14,0.008230444599618192,-0.009153300270490772,-0.0294393308099149,-0.00740740021233377,0.001996029494305329,0.012991552046322852,-0.0219298417679894,0.09352517738814159,0.0040081079521152585,0.006535788448122748,0.008213544721353827,0.039999946178629786,0.003861030872843285,-0.002057660207223977,-0.06137186912076564,-0.05511805849928453,-0.10526315789473684,0.012298988545802692,0.07512952429110631,0.0,0.0,0.010204120690535445,-0.020887708955524942,0.005586560374839067,-0.01851858828892705,-0.02525256113329255,-0.026785647382538524,0.024390243902439046,-0.060606142719788814,0.012014606355694735,-0.08461538461538465,-0.002375350353897465,0.004077467904388676,-0.01060481383048062,-0.014084494035883521,-0.012269927283794058,-0.023809523809523836,0.015463962995727387,-0.016260211663941315,0.0,-0.01360542893691108,0.00923076042762161,0.006097584377790843,-0.0263595492614912,-0.011428574167151595,-0.013333299424913236,0.008756955592516213,-0.004504456129012069,-0.01538461538461533,-0.010050241623450806,0.1050228370155395,-0.003218855574410706,0.0,-0.013592266090314054,0.0,-0.0016529303415808716,-0.025477531798446806,0.009807767840126269,0.011494241848790887,0.04045432102545643,-0.008196711999084116,-0.002352102866672312,0.01908381698861339,-0.023003997573965873,0.05128200201738786,-0.00796457842004794,-0.02912243724644825,0.0047158502553661386,0.007592231886113909,-0.0060241131126098635,-0.018779487407064033,-0.01547986130682022,-0.005952375461590109,0.0,-0.01739128812274282,-0.007733078925499792,-0.0346821163741744,0.0,-0.06282726382056303,-0.002558156825933855
2020-02-18,-0.012244886043219938,-0.00461892857542423,-0.012517915440580563,-0.03731348528365808,-0.020584281184056308,-0.02495668178193633,-0.03139005375809034,-0.032894705884013775,-0.031936191005918824,0.005194967474273504,-0.004073315997566662,0.03461544148496709,0.026923081155359352,0.0,0.0,-0.016666749450892193,-0.02941176470588236,-0.003457969594224619,0.016867473201942706,-0.01190469432579655,0.07142858967489163,0.010100984153337045,-0.018666648864746116,-0.011110972724346024,0.0,-0.06735751231330078,0.0,-0.023809523809523836,0.03225800802097578,-0.028310359343789893,-0.025210084033613467,-0.005555395700237553,0.0020304064279002,-0.03533153148582757,0.046428613091002324,0.02484469719556559,-0.024390243902439046,-0.006526563331703761,0.057851286591683815,0.0,-0.00689654492027858,-0.018292665641127526,-0.038787899595318365,0.02439022120941492,-0.008670505018913088,0.013513478682458668,0.023713733782250612,-0.01809957019268915,0.015625,-0.02030460938141998,-0.049586826526647365,0.004305700970643311,-0.008623615821817698,0.05511815236486828,-0.009941995740939347,0.01241718704285022,-0.015873174006309276,-0.004079236331390512,0.02272725117600638,0.010573044005620202,-0.0020661470269496274,-0.005803657097814274,-0.019974953531170625,0.004155371942780928,0.02439030468732617,-0.015759770747353796,-0.012463926362710098,0.00011450642707711012,0.03552210824137925,0.004242350736120226,-0.016267735304106523,-0.035377342753016294,-0.002994009197675007,-0.00909095628160006,0.03539819647948583,0.012844557337117868,0.011976108173510136,0.07079647586119542,-0.03351957509812453,0.0013434369081757325
2020-02-19,-0.01652890933552542,-0.01005417986153867,-0.011701639456806134,0.06976746979846427,-0.010169517834450637,-0.009242809535421115,0.09722212021519083,0.04761900127918861,-0.016494829954458612,-0.00904374817834186,-0.002044939124275391,0.022304838358587542,0.08239698234119053,0.006185610391392871,0.019230843295715117,0.11864416197229555,-0.09090909090909094,0.013551530826639846,-0.09715636311699938,-0.024096362008327765,-0.06666668256123864,0.0,0.012228216592131691,0.005617868605168885,0.00943393849868146,-0.055555504045367354,0.055045846943850174,0.04878048780487809,0.03125014658299197,-0.017857481603414493,0.06034482758620685,0.01237021027081786,-0.004052681085797372,-0.003292178033653781,-0.04095567277937717,-0.08484840720006792,-0.025000000000000022,0.02846712371716631,-0.023437509157228975,0.6710526274512019,-0.055555583150297405,0.006211174145593246,0.012610328726011977,-0.01190469432579655,0.005830870183129333,0.026666683620876652,0.022337183144717443,0.02304144857201984,0.03076923076923066,0.04274616703519629,-0.021739110153428554,0.007502646880667152,0.0020877085608739243,-0.011194018896451219,0.0,0.00899432661233357,0.007590125120055413,-0.008191963719379691,-0.02222220161814692,0.03273697436979783,0.047618960805142274,0.01915370548410733,0.011465065275637398,-0.00413817628116786,-0.02380958173434755,0.023263092926689044,-0.01151187755125005,0.012477064220183465,-0.013513457607170487,-0.003319365489509396,0.0068093692681236995,0.06356965801722181,0.0,0.0,0.008547000709448138,0.009404332143700067,-0.011834378377890364,0.061157003949472655,-0.04046236337925746,0.02573485382762697
2020-02-20,0.0336134117055904,-0.011718764979485208,0.025160294927491167,-0.028985479703797723,0.005136958020649507,0.003946952506624468,-0.029535860471949116,0.06493508202528231,0.008385736271063537,0.027379265075057724,0.0389344370419602,0.07999996155616462,0.0034601767828374985,-0.002049227181827984,-0.003773581171086837,0.015151500099837678,0.16666666666666674,-0.003747386451380952,-0.044619441405517324,-0.024691392183120553,0.0,-0.0299999872843425,-0.020134177499404382,-0.022346317404740246,-0.004672826115632578,0.02941173583166079,-0.017391260119452023,0.023255813953488413,0.06060594916600093,0.0014355401926133826,-0.06504065040650409,0.01694916039793304,0.0025431962079658366,0.0016515655103792604,-0.03202843985836068,0.013245019867687668,0.05128205128205132,0.015613879235108152,-0.01599998534423852,0.0,0.022058802260453536,0.009259250401687513,-0.01120793010505261,0.012048123553905166,-0.011594136461665072,0.0,-0.0014161276542553614,0.0,-0.014925373134328401,0.03229816431322363,-0.0222222010294596,0.08617026090298352,0.005902862814719745,-0.018867995824705996,-0.022594101121241716,0.0032414879544906405,-0.009416170863025486,-0.0025564849030256243,0.034090944496560915,-0.009803885629723341,-0.013834010055016277,0.020225497935445702,0.02141056697699595,-0.004155011396157704,0.02439030468732617,0.014762157489463412,0.0043496543631071916,-0.0007914041519433423,0.03477348299624916,-0.0012108223234144067,-0.007729337159367411,-0.003065131131678167,-0.01501500103959097,0.0,0.016949238156632296,0.012704708814299082,0.0,-0.04049847753770208,-0.024096362008327765,-0.004875101547605953
2020-02-21,0.052845477238391725,-0.017391220326020584,-0.02502409380451731,-0.022388126755056525,0.01328788161196992,0.011079305873046952,-0.02173900122723249,-0.04878051439826525,-0.012474000726259704,-0.003807174464166896,-0.03944778685022354,0.03366998927018927,-0.03448278130022209,-0.01232031708203063,-0.007575840359983155,0.0,-0.1428571428571429,0.0018110866363927336,0.030219773022021057,0.0,0.0,0.020618569539669007,0.009588999040446966,-0.0057142528835048,0.0,-0.1428571428571429,0.017699069236414733,0.0,-0.057142758074907984,0.010511089197988932,0.0,-0.010852855910369663,-0.01522066215096296,0.011953792474967306,-0.06250002739184013,0.0,0.0,0.01257871574043179,0.024390189098788984,0.0,0.007194237817389482,-0.036697212923249456,0.026448307279147487,-0.016666594762647535,0.019061490638011547,-0.004329020771356551,-0.01863856663439667,-0.07657651354184392,-0.015151515151515138,-0.026474158353767763,0.018181800448205276,-0.018609165492009527,-0.014842968427748793,0.003846150319251729,-0.05736301873186145,0.0024232417361771397,-0.008555053809433444,-0.03430602595799137,-0.043956066269097094,0.004950654706251001,0.0,-0.034385885415391226,-0.014796584959728576,0.0013907825159225062,-0.03571429150676808,-0.01978478203227041,-0.013690808418129974,0.0027156087420536767,-0.054989853732956506,-0.025462285572970478,-0.023369274700804077,-0.05687930500380667,-0.030487776068545913,-0.0027523603821454357,-0.050000049670535285,-0.03568438297775045,-0.04191612876745088,-0.0048700866419331135,0.030864196077313943,0.010873413862688697
2020-02-24,-0.03088800245451473,-0.014481142590520468,-0.03948670892342354,-0.10687022275576219,-0.02185604876479108,-0.019087981933787912,-0.04000004200432328,0.07692308280124727,-0.014736878244500429,-0.012738812369414654,-0.010266881945103945,-0.03908788236435867,-0.08928566157412132,-0.02079000121043284,-0.026717532939075084,0.0,0.03333333333333344,-0.02841510103103806,0.05600001017252598,0.012658215623466695,0.0,-0.1313131793163267,-0.009497923461488478,0.0,0.0,-0.0999999841054281,-0.026087000750113276,-0.045454545454545414,-0.03030316813678835,-0.039716254781114846,-0.02608695652173909,0.04192822129948581,-0.025244707623400364,-0.021995886963757316,-0.05882347441324487,-0.026143868933987457,0.0,-0.03726711847111752,-0.03968253620087148,0.0,-0.007142850452539706,0.019047600305720724,-0.017177840024694913,0.026634298699562242,-0.06474812504038296,-0.04347826086956519,0.0006193712186921552,-0.004878113534524275,-0.03076923076923077,0.007416497504414643,-0.031249970064631705,0.024950098660553977,-0.018920900759490378,-0.007662828249186293,-0.009990972576277013,-0.028203016285161087,-0.011505418313203397,-0.02021228813846432,-0.03448279405745802,0.018390577737891656,-0.038076081053799005,-0.019803891465642876,-0.03003762417758926,0.001388778616713937,-0.049382752388138385,-0.03739960851547719,-0.025495915834057303,-0.033513892221332275,-0.022629313592285483,-0.025194221085395152,0.01296123855810305,-0.0847596476550494,-0.018867981112750454,-0.006439461393436763,0.04385971241490516,-0.08499567855126644,0.012499987892806708,-0.02446983565531502,0.04790414374326857,-0.006264761097590332
2020-02-25,-0.02788841972460654,-0.03673466148867777,-0.02106873152139066,-0.05128200425668883,-0.01134405894004109,-0.013693731713725232,0.004629539197864352,-0.06547613007749098,-0.08974350744920534,-0.028387126579450306,-0.010373483185505572,-0.06779660050607406,-0.047058840395624024,-0.02760087333079153,0.011764694882648863,-0.06716420234086118,0.0,-0.02676526930815515,-0.05555554217628633,0.01250004768371582,-0.07142858967489152,0.06976748828052526,0.0,0.005747093227552069,-0.04694835568642397,0.0,-0.044642859170226146,-0.04761904761904767,-0.09374994074304577,-0.02018702313185683,0.0625,-0.048138612458856755,-0.029598280321575743,-0.053311148456624546,-0.05416671219799074,0.06711413977985914,-0.024390243902439046,-0.05017915713603749,-0.02479339921647905,0.0,-0.03597118908694685,-0.03738321574816339,-0.013732850233608485,-0.0919811055515094,-0.013846239600979637,-0.022727272727272707,-0.04435729886423723,-0.019607809574020085,-0.015873015873015928,-0.09938644219083459,-0.013824871122127491,-0.0837391014623996,0.007499982054449461,-0.019305001534071664,-0.005504538352495203,-0.00829190530599544,-0.034917681738581674,-0.055219867330572825,-0.011904750923180218,-0.033859887176375,-0.05208331068535321,-0.03095447364077486,-0.01161286603423628,-0.010401972065961163,-0.012986956689826412,-0.05303723631274093,-0.042151028097148435,-0.05055460308131332,-0.05733180111252034,-0.0009573722977948007,0.004921081895025159,-0.06411392187920895,-0.0096153757981291,0.0060184870651434075,-0.008403453102266312,-0.034439183751197366,-0.04938274239498086,-0.030100305646238334,-0.0514285496303013,-0.042464609346775206
2020-02-26,-0.00409835665112579,-0.02203390894978241,-0.006824126925212948,0.0,-0.018776109394398,-0.0179028224334723,0.023041493291223958,0.0063694204644377805,0.025821514264594114,-0.039840648626237485,-0.018867956592823587,0.07272726160715504,0.004115255139277574,-0.006550160146491013,0.14728687041783495,-0.039999961853027344,0.06451612903225801,0.0016667303727389005,0.06684491819522997,-0.024691392183120553,-0.07692300638503313,0.0,0.013698616715036138,-0.0057142528835048,-0.03940889106314793,0.11111109148818321,0.04672897418388655,-0.050000000000000044,0.0,-0.01809037342284814,0.08403361344537807,-0.012643225154045923,-0.028867138835860784,-0.05411348732985111,0.11453744169510349,-0.006289352186228392,-0.050000000000000044,0.003773732163543375,-0.008474535439349618,-0.23622043844238705,-0.08208956086946273,0.05825245040681226,0.0,0.02337666358889945,0.0,0.00930236106695137,0.02763377061754424,-0.05000000301027485,-0.016129032258064502,0.05313349569183479,-0.009345896432088385,-0.053134963667136215,0.004608266498081104,-0.03543303760668293,-0.0452029302786664,-0.0008361395359481882,-0.02412051666414916,-0.020070574423237342,0.0,0.0020026482131760837,-0.01318679853632454,0.03404732747788697,-0.02219333827071912,-0.003503940400615191,0.013157836948407109,-0.0403778618725632,0.011836140354764213,-0.010944409653079301,-0.24444450315372634,-0.010220257788690623,-0.019588469517213047,-0.1303520319432797,-0.012944971833043106,-0.003681634929003308,-0.025423705697709242,-0.004908364566479806,-0.058441504154985724,-0.008620722256998503,-0.018072357681633844,-0.0016148727132666574
2020-02-27,-0.04115232111272993,-0.04246099088961752,-0.030126699091375442,-0.05405410920322551,-0.06555632726791583,-0.06063983280896912,-0.022522540329324436,-0.0569620448949717,-0.09382147783732853,-0.055325075088345055,0.023504302895125173,0.06779660050607395,-0.07377048486195137,-0.01978025248683668,0.11148645927472423,0.12499997516473238,1.6363636363636362,-0.019478273830926818,0.09273179882332361,0.07594935409993342,0.0,0.0,0.0,0.0632184159359066,0.005128192086505168,0.0,-0.09821426746796502,0.0,-0.1724138747481706,-0.04401242550364115,-0.1472868217054264,-0.15686270050572892,-0.07066742760927269,-0.08418602167173872,0.08695653403086001,-0.1329113223680901,-0.052631578947368474,-0.02030086099325834,0.0,0.0,0.016260146842582035,-0.08562690306512966,0.0,-0.030456883815965563,-0.051482008777256616,-0.05990788473286135,-0.039705949052721956,0.05263158228285314,-0.06557377049180324,-0.11384218787445677,-0.01886790755296608,-0.0729516980540762,-0.0038812077279639645,-0.0061224916784619055,-0.033816460731378783,-0.010878670838147309,0.0010298566869260117,-0.0616700801180865,-0.012048181523292234,0.0037224361660725958,-0.06681514217781936,-0.04299481520030979,-0.028037249072043968,0.000425802971775191,-0.012986956689826412,-0.06006126022193781,-0.03629282977492254,-0.05470597425318868,-0.04953562742830275,-0.057438059141823206,-0.012987133635734005,0.2035010488851976,0.0,-0.001847707640728724,0.01739128812274293,-0.03206183447425104,0.14482752553915068,0.04347826086956519,-0.024539855046177728,0.013313421155379146
2020-02-28,-0.012875524623216728,-0.01719460852246857,0.0010897241643825772,0.02857151615376763,0.015547922246903267,0.0023761597292999426,-0.08755753451526505,-0.03355701476259032,-0.015151500555948827,-0.0790631386639239,0.002087730472124516,0.019047624132782603,0.03097338566538932,-0.0022422037659871608,-0.01519755407174006,-0.044444489577178836,1.8160919540229883,-0.022660386356944562,-0.018348606461624728,0.09411766949821931,0.08333325054910778,0.0,-0.02702706534118826,0.048648660161425994,-0.051020408825263264,0.17999998728434252,0.0,0.0,0.041666730428537635,-0.07976437211198695,0.10000000000000009,-0.04366387423140439,-0.04103798213791565,0.02945657226889531,0.09090909090909083,0.06569342388211563,0.13888888888888884,-0.02993108241066722,-0.03418807052923245,0.0,-0.04799995422363279,0.013377913620550297,0.029113926113540023,-0.037958110853531624,-0.009868403680178717,0.039215743106313594,-0.028002547464792693,-0.1000000060205497,-0.10526315789473684,0.0,-0.0048076878990646055,0.020581122467711932,-0.04179952557607103,0.18069817969613622,0.01899995803832999,-0.04991541182917647,0.015432025358972812,0.00023991692396130304,-0.024390220854836775,-0.07985301212530405,0.016706541812238518,-0.010456910995000457,-0.03983505151058042,-0.0035461646979739747,0.013157836948407109,0.041516444543551634,-0.015406124867259341,-0.006313241289565341,0.1107491976511148,0.026360773744969146,-0.048582950672489855,0.04090907356955786,0.0,-0.009717607197987421,-0.017094001418896276,-0.02157296553093402,-0.06024097942928763,-0.0033333301544189453,-0.02515720931616272,-0.041011835304010424
2020-03-02,0.01739128812274293,0.04051563386369228,0.03756134007501255,0.046296250305059905,0.01717703104278656,0.028842432065538715,0.0,-0.013888957875743513,-0.046153862142468416,0.07472204421451245,0.0020832815931923765,-0.01869159368188733,0.004291875649596877,-0.02247188964466096,-0.03703707519273092,-0.10852712390299724,-0.09795918367346934,0.02533071230126005,0.02570092833211879,0.06451606618171479,0.0,-0.07608696929148007,-0.040277773546583795,0.0,0.04838711110852856,-0.2655367421892322,0.04950495174156044,-0.07894736842105265,0.11999998467053818,0.016870278744935074,0.07438016528925617,0.08982628733242892,0.020138372198611698,-0.0024667559585588306,0.0866666634877522,-0.0205479795060185,0.024390243902439046,0.03481025144304528,-0.008849514852124485,0.0,0.05882347048478298,0.04290432860343918,0.04551044038755547,0.02857143413221186,0.011627899571173383,0.018867905855434186,0.03196033883250604,0.11111111854388867,0.019607843137254832,0.06277376805289836,-0.009661826846140142,0.03440094322119713,0.03438069937074384,-0.10086955194887903,-0.020608444238922496,-0.05431876060039198,0.006079038916752655,-0.0014388818271758863,0.0,0.0010891771472443246,0.007042130060224805,0.06125256486682007,0.03862647940266295,-0.016370233489744312,-0.025974001846660322,0.027036222669569066,0.026078417730920567,-0.011515588503497654,-0.04692084424020293,0.02601744541112838,0.04468082184351241,0.09170307495422159,-0.01311474179619243,-0.037383103590337585,0.0,-0.06041666031987558,0.019230828012472445,-0.013377913620550408,0.01935485101515244,0.004353443968348136
2020-03-03,-0.008547000709448138,-0.007964543807546076,-0.04669474805906182,-0.07079649845391878,-0.016152681273379987,-0.017665131412214374,0.07070696911258612,0.04929581307579878,0.0430107754301452,-0.007396347665680536,-0.0228690508987488,0.0,-0.06837607127886847,0.01379309059654088,-0.044871753724602725,-0.01739128812274282,-0.19909502262443435,-0.030681892369488373,0.6970387435076648,-0.010100952691779574,0.0,0.0,0.028943602101119792,-0.005154749284035365,0.030769217727530718,-0.07692300638503313,-0.02830187547556262,0.11428571428571432,0.07142879139852942,-0.06807784967293429,-0.0692307692307692,-0.034608499647184376,-0.01727321376378621,-0.02769532566564059,-0.03680978095402687,-0.034965057506117225,0.04761904761904767,-0.009174258769982124,0.008928527993207869,0.0,-0.01587300085546861,-0.04746838332062897,0.01176475076114425,-0.002645500142578139,0.014778259608737132,0.009259206113829244,-0.03227909117177763,-0.014999958759234544,0.05769230769230771,-0.012362657966222823,0.009756088483765968,-0.09403671405399827,-0.013938440019171439,-0.015473872828915214,0.0,0.017890822608762624,-0.028197258102087064,0.0004803183971382463,0.012499987892806708,-0.008342076104113083,-0.03962703395646128,-0.04739089731979529,0.00550958369889476,-0.027496341960834503,0.0,-0.050961633140575446,-0.03558198267297519,-0.06199782049407787,-0.08769230132758554,-0.04518877794989895,0.0051229946524065095,0.052799987792968794,-0.01328902391354203,0.00631036981592592,0.026086932184114398,-0.056171418344930224,-0.018867981112750454,0.02542374456658214,-0.025316491606066638,-0.041815383442230236
2020-03-04,0.0,0.02765389700705745,0.036873966176455886,0.09523812226968142,0.04216414529437196,0.02736510197100772,0.0,0.06711410953141472,-0.04381445136076789,0.03278676010020387,-0.01063823743123149,0.0,0.032110097763283774,0.009070286448309206,0.0033557014762590764,-0.07079649845391878,0.22033898305084754,0.019680395760971914,0.07785233742370723,-0.051020407170268345,-0.07692300638503313,0.0,0.00843881035904892,0.0,0.014925398627961606,0.0,0.04854375164616842,0.02564102564102555,0.06666643246660153,0.03314924249548312,-0.04958677685950408,-0.0014149875533416845,-0.017576941700028326,0.006612465367457521,0.11783435452158164,0.02173916799284603,-0.045454545454545414,0.04706773603238967,0.0,-0.17525774399498584,-0.032258033504347416,0.0,0.02093015622293537,-0.007957552133036838,0.024271919573835232,0.06880734185760717,0.04259627701346336,-0.020304654471498762,-0.036363636363636376,0.031988875833528274,0.0386474225626221,-0.03670885548762004,0.0036242705815618947,-0.00982321988918644,0.0,-0.0009250905174517099,0.005181231158368327,0.015122445281390728,-0.012345667202249944,0.011704234144246373,0.019417454209479157,-0.02071227862339775,0.034246594620864546,0.017857152455657,0.04000000726608999,0.040896044465080106,0.025874483255281522,0.010992100064542099,-0.043844765660555174,0.004086005961432493,0.04281331024306856,0.08282676027555103,-0.0067340002470883675,0.0,0.0,0.042090791584007414,0.05128208067290285,-0.057851300898424274,-0.012987000923330161,0.054683246150891485
2020-03-05,-0.034482726727597,-0.028645901214219838,-0.005838464995827963,-0.05217386436822857,0.006802735919513081,0.012557074622202347,-0.056603708997881474,0.006289302046118772,0.04312664306387015,-0.018759126078841448,-0.010752728969764092,0.015873032823561006,-0.022222236350730618,-0.05168539975993125,-0.033444784051375964,-0.0619047056790627,0.04166666666666674,-0.03356179994039199,0.22042338863878963,0.06451606618171479,0.08333325054910778,0.0,-0.0027893975890794787,0.04145082243270681,-0.029411751872894798,-0.016666749450892193,-0.01851858828892705,0.050000000000000044,-0.12499998752485175,-0.04753414079684937,0.0,-0.11620200073020437,-0.07220442097830049,-0.07832243924723825,0.09116807239665081,-0.0567375906511961,-0.04761904761904767,-0.028002998526138967,-0.017699099584103095,0.0,0.0,0.059800686819769355,0.02961278323340566,-0.09090906772789709,-0.04265406611217848,-0.03862659433476512,-0.04193676111597744,0.12435236975086039,-0.037735849056603765,-0.008086245574475681,-0.06511632497404563,-0.035479628934227625,-0.017695678127171766,-0.007936500427734305,0.0070140933576485764,-0.009259294417005237,-0.06907194389000715,-0.043272683647135546,-0.03750003818422498,-0.027838087509901133,-0.023809497926117973,-0.04664955875201837,-0.047682036300321196,0.012426859996680584,-0.03846154517944711,-0.07960370689814855,-0.025689146883743352,-0.019627215414264154,-0.042328059893492864,-0.020006851185563335,-0.020527632943232232,-0.03157893398351841,0.016949136104436047,0.0,-0.050847411395418596,-0.08040576396963584,0.012195110427418276,-0.0035087687010102453,0.013157882353605599,-0.03418694587152726
2020-03-06,-0.008928562875609058,-0.03127788052571434,0.025093186494079323,0.045871514481795606,-0.01635849459130012,-0.006388560639001173,-0.014999960761583053,0.0,-0.04909556186574182,-0.07794118286597551,0.010869606906841245,0.024999981228595924,-0.054545475563070656,-0.03317532546115076,-0.041522532741098295,-0.0355330210332383,-0.0888888888888889,-0.019136501159168318,0.4377551362661132,0.2323232605413288,0.0,0.04705885344860605,-0.004195833483664813,-0.04477613251888468,-0.04040406505432992,-0.06779654852722472,-0.01886787699736292,0.023809523809523725,-0.10714284492230397,-0.03930117242510189,0.07826086956521738,-0.0630683020939462,-0.2768595269302644,-0.0016447745077832199,0.0731071058449031,0.0150376393620828,0.0,-0.07354043990221104,-0.009008965428391247,0.0,-0.041666724615624595,-0.03134800666376181,-0.023230092813399383,0.014705867915830284,-0.00990097287270253,-0.008928520490927738,-0.009250915642895707,0.05990785506955265,0.019607843137254832,-0.04619567206794872,-0.009950239314132636,0.0,-0.007353157949946398,-0.003999996185302779,-0.014925429786844746,-0.03271022747984964,0.007751938549902748,0.017548173518005195,-0.025974001846660322,-0.0029751061957367098,-0.04878051302618536,-0.004769105349617386,-0.15438104111991646,0.04981958809170384,0.026666641235351562,-0.08537467844326563,-0.01837638828532462,-0.0419127704064326,-0.04604057274650386,-0.010380697033834707,-0.01497007742496137,-0.09710145899038092,-0.029999971389770508,-0.0014470297144246747,0.026785688626827175,-0.04004083869098918,-0.07831325171422598,0.0721831578592127,-0.006493469498212501,-0.03356844013555926
2020-03-09,-0.027027000903735332,-0.1070110946826337,-0.10729165632443582,-0.061403450983492314,-0.046999282855671565,-0.054462954045811696,0.0406090292089214,-0.15624999767169356,-0.06250000404922851,-0.17703323048339192,-0.03655915544245003,0.02134145693788536,-0.11057685988659227,-0.06862744525137965,-0.0505414683933566,-0.14736840784384586,-0.07317073170731703,-0.050714971320923175,-0.30234209955628766,-0.10655739434910438,-0.07692300638503313,0.0,-0.02949438785426084,0.04687501437433439,-0.08421051293088677,-0.2727272776532763,-0.03846156197421824,-0.09302325581395354,-0.16000004343347496,-0.06623391804802203,-0.12903225806451613,-0.16123484415539113,-0.21619051978701642,-0.08456886796286778,-0.2335766440294711,-0.0074074588630836935,-0.125,-0.18494266700650075,-0.036363674214259234,-0.03750003818422498,-0.09565218833533973,-0.07443366519811623,-0.14496033341232017,-0.06376812335348647,-0.11166664350284305,-0.11261260874249535,-0.06604425661754654,-0.09130441019397373,-0.09615384615384615,-0.1082620732349876,-0.02512560405862696,-0.043596752726027255,-0.024814650072967348,-0.09638554562953372,-0.03535347891734264,-0.05700484355963942,-0.09230791611778222,-0.0694679845240217,-0.17333332697550452,-0.0649012494433403,-0.06666659419313037,-0.08520802813834727,-0.10690790343054268,-0.07702892273727302,-0.06493504885015444,-0.24959458604454765,-0.06983556663282509,-0.09365598379338513,-0.06563707205103098,-0.013286600333646814,-0.06484304295449073,-0.10353129678199213,-0.03780073205152623,0.03381651040741418,-0.04347822030685711,-0.06873809835196798,-0.12418296834253117,-0.09688015399099381,-0.052287593513842934,-0.08487632059213757
2020-03-10,0.0,0.05165295727124919,-0.019836398026685798,-0.30841123994255226,0.033763240221388546,0.04359998703002921,0.07317087427108948,0.037037001061669184,-0.02318845246925283,0.0,-0.008928562875609058,0.0746268025120751,0.18378377403108836,0.005263152941442195,0.007604555154464343,0.37037038399740396,-0.24736842105263157,0.06725650453174992,-0.4201424037236827,0.0,0.0,0.0,0.05499278188598411,0.024875614155529524,-0.005747111737085198,0.0,0.020000012715657656,0.0,0.0952381640352864,0.048678614035156054,-0.07407407407407407,0.06884789001664449,0.03523705123421461,0.004799035593276324,-0.10793655310928851,0.0,-0.02857142857142858,0.11044183915198014,0.009433991078084514,0.2987013308711195,0.0192307515962582,0.013986084524057807,0.05960262223799195,0.02476777809091235,0.022514031144514668,0.015228387078284777,0.05120704036547319,-0.05741617118595854,-0.1063829787234043,0.012779540060870564,0.010309268214748757,-0.05698007071997724,0.01329276192024631,0.0,0.04083763160830123,-0.009221326893165571,-0.024213014437451053,-0.021665408543507625,0.09677419664956521,-0.05225357880062176,0.024725290724631366,0.06262810826008613,0.023940934485352505,-0.014903098942051662,0.08333334910175805,0.020552295595442693,0.010850537657712156,0.010117774109942967,0.10743801469223757,0.026931203881708443,0.0021667950353028154,0.035810171512817845,0.02142855135761934,-0.032710360172220065,-0.04545460949259217,-0.021252205807807067,-0.022388126755056525,-0.009090943769975102,0.034482758620689724,0.04179592186264958
2020-03-11,0.027777750183035854,-0.0029470906839241806,-0.03511924110889664,0.2567567502259338,-0.03412836154600618,-0.03679569081030243,-0.04090928792059034,-0.07142858967489152,-0.04451034481977956,-0.07945764538032174,-0.045045108901980435,0.0,-0.10045666773283679,-0.02094238877070942,-0.06792455104883477,0.11711711131194114,0.10489510489510478,-0.052576367804547885,0.46842105556686464,-0.09174312247680949,0.08333325054910778,0.0,-0.08779147734356307,-0.014563089186340084,-0.17919080497754036,-0.03750003818422498,-0.03921571071829566,0.0,0.08695650966488544,-0.04045074127443116,0.0,-0.1556121588498235,-0.11737094167946072,-0.019104459392490725,-0.07829182672246393,0.04477607691359675,0.0,-0.0813748369124635,-0.046729039553626284,0.0,-0.03773581510593205,0.017241362300696395,0.0,-0.06042297617557291,-0.025688057904840744,-0.09499998092651363,-0.029227654363763178,-0.030456890023753957,0.0,-0.09936910083255468,-0.02551024007777314,-0.0694864117974413,-0.09295371081854731,-0.04444440205891931,-0.04426555321507708,-0.06825231046586056,-0.04094288018657233,-0.04615793925735745,-0.10294116486933824,-0.07870366863299127,-0.08310986518815999,-0.04286330805754235,-0.07374091857341247,-0.10136164234573264,-0.07692309035889422,-0.07737208659371109,-0.02873974137387858,-0.019704445531574022,-0.0708954827015933,-0.09247746682628366,-0.05405393014925297,-0.041486564813917326,-0.052447504353431706,0.0024154256221038395,0.0,-0.12654685388578957,-0.11450380359549794,0.007339442798699913,-0.006666692097981763,-0.08959455079101164
2020-03-12,0.022522500753112684,-0.13694572910265168,-0.0974705322617837,-0.12903226219942032,-0.03685415850954643,-0.034222031546392584,0.004739404726159302,-0.07692300638503313,-0.11490686977954945,-0.2694735902392831,-0.09669808243975098,0.0,-0.16243655887188235,0.013368971173472577,-0.10526315281443477,-0.08870968827347836,-0.09493670886075944,-0.014122746379248818,0.13500594612693528,-0.24242421323310825,-0.23076920255401323,0.0,-0.040601500308940275,-0.12315266979427919,-0.2253520849291335,-0.3376623336411101,-0.04081628813472782,0.02564102564102555,-0.16000004343347496,-0.08362121805108536,-0.09999999999999998,-0.16842890603719252,0.0571808283815507,-0.21241635179355778,-0.22007720159543454,-0.1499999772934676,-0.1470588235294118,-0.14074786227868885,-0.009803874511892685,-0.19999998807907104,-0.01960782480441492,-0.10847455188824684,-0.050000011920928955,-0.05144689800935809,-0.06026366776154435,-0.13259671390182082,-0.06045392688800477,-0.07853406739069191,-0.11904761904761907,-0.08756567367068913,-0.01047119438535471,-0.09090908387194263,-0.29504108037749577,-0.07441864127142972,-0.09473680195055512,0.02219753653546319,-0.10866738118565678,-0.11020980514846479,-0.21311479013986767,-0.0867975934970937,-0.12573107668576278,-0.07232421073581174,-0.13980587589601834,-0.031144614129390402,-0.05555550299414003,-0.15450852003380422,-0.05115855163213212,-0.09262985801211332,-0.1084337037120634,-0.26311798745067916,-0.09257142793233664,-0.08115424344647748,-0.04059045460000055,0.07951826237629889,0.0380953170274696,-0.0946271299108874,-0.1982758328336306,-0.052823310372190124,-0.15436236885537702,-0.09685457960872679
2020-03-13,0.013215846538256804,0.10730587035273453,0.16746398518496353,-0.012345667202249944,0.07692303996837735,0.06551294474347458,-0.09433954153222324,-0.0083333250549108,0.028070233263726152,0.09221907126616458,0.11488252375595298,-0.01944437306675384,-0.1333333076451353,0.01319259968853359,0.009049764968910745,-0.05309729471922886,0.11888111888111896,0.01432505550501495,-0.24210524977299208,-0.05333334604899087,0.20000004768371582,0.0,-0.039184952275178375,0.08988765331435022,0.07272731896602735,0.568627503687307,-0.010638338166410355,-0.07499999999999996,-0.04761896795914211,0.13499220750242458,0.0,0.009082760124082156,0.15220126631157993,0.13678520209899747,0.09405943515569315,0.0,0.06896551724137923,0.05498321386710869,0.01980196239410481,0.0,-0.06000000238418579,0.0,-0.04342104313776418,-0.03389835302872812,-0.06813621769121969,0.03821652452768376,0.12054941036555689,0.10227279180083193,0.027027027027026973,0.04606521484854431,0.026455064499479652,-0.008928520490927738,0.21277816779095726,0.005025120811725348,0.018604632594767967,-0.060803519793401595,-0.002903017201206226,0.10342656596713162,-0.02083331393077925,0.13006504372317518,0.020066757576107985,0.06492871061793348,0.10609484785803414,0.03562097756303051,0.0,0.04415756317981456,0.0022544979988181613,0.040612900817867725,0.011261190329045823,0.0830755592658372,0.1486145095363416,0.027477988044723345,0.03846159489197354,-0.06250014869981979,-0.018348605792718242,0.10746972259930576,0.02150535566956502,0.0,-0.04761907645273733,0.07948276914399255
2020-03-16,-0.091304366304654,-0.1670102865699702,-0.08313828201205964,-0.0625000139698384,-0.04029299944175546,-0.02784223807376962,0.0416666446917473,-0.151260553026894,-0.030716774927414536,-0.3245380552724364,-0.13348944632058712,-0.0028329186508555537,-0.21678323427198742,-0.046874956344253316,-0.13004482483077096,-0.1271028322677472,-0.23750000000000004,-0.11364645851749067,-0.14861115440419592,0.15492956611377506,0.16666660043928627,0.0,0.00978791870463347,0.08247402752528687,-0.11016952988060857,-0.24999998137354873,0.02150539031087395,-0.1351351351351351,-0.10000014371369936,-0.0006643584924937995,-0.16666666666666663,-0.21332135534003616,-0.0491266175503563,-0.11964651422961814,-0.20814481004836116,-0.07563024817237463,-0.16129032258064513,-0.2247558328307624,-0.04854368485450644,0.0,0.053191502178454586,-0.049429699157466866,-0.02200823216394543,0.028070233263726152,-0.178494696798703,-0.10429441320007016,-0.029278332394523487,-0.04639174809822011,-0.1578947368421053,-0.08990821803060467,-0.025773231984957512,-0.12612617334155618,0.2087967059297171,-0.002499997615814209,-0.019406400896366693,-0.07052019463336012,-0.04366810803680177,-0.08319083464058263,0.12765951645541573,-0.21204074981356724,-0.13770483161378566,-0.09542166514798589,-0.012244822037475567,-0.15771791336227292,-0.07352948836978201,-0.15589617394161603,-0.04611071270193223,-0.06208976523539156,-0.035634761482361,-0.05764669821319368,-0.14364034904696443,-0.08595993784630473,-0.040740789471011896,-0.011904779168779966,-0.028037466475174244,-0.23647025669933985,-0.06315789803903848,-0.04038462420187083,-0.18333331743876136,-0.07538733708178158
2020-03-17,0.05741632961997323,0.14480199626670776,0.17241391235231607,-0.013333320617675781,0.1316794107800967,0.11654733092575453,0.034999992827386084,-0.009900980750178201,-0.03873235859867963,-0.050781624687718296,0.07837836705828538,0.028409122711885226,0.1428571529939875,-0.07923502553847261,-0.07731963450678692,0.12419693272205601,-0.06557377049180324,0.10516122555044483,0.19738995044004892,0.08536583238382645,0.2857142735500724,-0.05617977367558935,-0.006462029318783036,-0.05714272959082167,0.05714283292255695,0.0,0.010526289019668233,0.0625,0.0,0.03523937304923441,0.6399999999999999,-0.07551505024690841,0.09414462585911432,-0.04787643974446243,0.04000002997262131,-0.08181817722057827,0.07692307692307687,0.07002809464611293,-0.020408145176872616,0.0,0.010101000370632551,0.003999996185302779,-0.0857946725822194,0.1075084681313705,-0.002617754739132838,0.0,0.14309089648478124,0.010810759093014877,0.0625,0.13306448434195617,0.010582000570312333,0.10309278553230805,0.005597553291833979,0.035087745506153345,-0.01164148774078888,-0.10945275107166774,0.08371408963038984,-0.055003121223680895,-0.18867918799126038,0.10674159366019653,-0.06844105025807434,0.0689051546768975,0.05371892505111431,0.09561746148896333,-0.015872947221369227,-0.038673912769528695,0.04637458964325125,-0.013807443862006274,0.06466503594475514,0.13650185309754947,0.07938557963266857,0.2800418381021701,-0.02316600184088602,0.0,-0.02884612739438741,-0.2912011288520585,0.03370790053551764,0.0,0.020408143405366452,0.11452750601692885
2020-03-18,-0.09049775757081469,-0.18702704204372467,0.060457437296812966,-0.18918916741977942,-0.014165249136810831,-0.045600293746646536,0.06280201310955702,-0.029999971389770508,-0.018315000720495744,-0.12757223914203042,-0.08771927413433889,0.01657459040255449,-0.14843748593314832,-0.0860534040655958,-0.16201115532584498,-0.12380946812445637,0.4035087719298245,0.03810711640885378,0.013623943270844707,-0.1685392794893792,0.0,0.0,-0.09918701204149494,-0.02020197237489374,-0.05405403238139639,-0.3333333498901785,-0.08333332229543589,-0.05882352941176472,-0.05555546684338131,-0.08927413455726885,-0.19512195121951215,-0.10519825400382243,-0.15949627981946035,-0.24979723785596686,-0.12087913311531129,-0.009900980750178201,0.0,-0.20418857465681461,0.07291664181898061,0.0,-0.10000002384185791,-0.023904359763948557,-0.21538463005652797,-0.10015402795896933,-0.0472440741838589,-0.13013702209323663,-0.02761291925956988,-0.10695188061050054,-0.11764705882352944,-0.16370108452456367,-0.08376961749607936,-0.0355140300200637,-0.11610320541244445,-0.01452783077892561,-0.08716134170410039,-0.01955305439513333,-0.19101120893154988,-0.08484051090600753,-0.023255860695907793,0.0553300381850137,-0.19999997337706943,-0.10360992486940546,-0.03921568424896582,-0.1472728598163564,0.01612896137399411,-0.17159292363207912,-0.1346478345166897,-0.05907169260475498,-0.07809103631783632,-0.12722426212193672,-0.09015428222247657,-0.06367344758948501,-0.0513833507875211,-0.06550844655255994,-0.15841581003185135,-0.28128075364890837,-0.1739130688299524,-0.10821643018472993,-0.11999998092651365,-0.1292621942314821
2020-03-19,0.08955227244340258,0.11702128408422396,-0.13970207088869946,0.16666660043928627,0.05063289873495247,0.05636432567320537,0.146067317469456,0.020618536429497514,-0.0298508060193573,0.10849079515594573,-0.013736315740073168,0.03532608606940424,0.15596330074557208,0.0064935004616650804,-0.05333336194356286,0.03260866396255957,-0.17500000000000004,-0.02614238350744391,-0.127688190879797,-0.08108106714865881,0.33333342163651314,-0.023809538226368665,-0.0072202097704795465,0.0,0.11428566584511413,0.0,0.022727287505283966,0.09375,0.058823429955910944,0.04865973834064086,0.0,0.2282162002238146,0.12734075841989623,0.09729725605732686,0.22500000558793531,-0.1799999872843424,0.0,0.0032898235314813284,-0.05825245249112998,0.0,0.0,-0.06122452752980356,0.1941176993074174,0.08904109029793172,0.06611565065126057,0.1102362671835031,-0.028817907755447347,0.11976049026743851,0.0,0.004255315263436366,0.04571431023733963,0.23062017294773351,0.0800718688099673,0.11302211762787229,0.03096771240234375,0.12108260782650082,0.09895797719738963,0.08120733866609653,0.023809572804273094,0.10245303820483143,0.0,0.06354608942338658,0.038775610262749005,0.26652453667747,0.03174611069542532,0.04658091600879155,0.041232745902971546,0.02710962044696341,0.04941183795348336,-0.11009179400861424,0.06518896109180106,0.07061895789756645,0.00833332505491069,-3.622041091810857e-05,-0.02352945878843815,0.226182261997798,0.11842109803677991,0.12359555377726839,0.05681818058668098,-0.009967984518494677
2020-03-20,0.0456620557167875,-0.19880949939371595,0.03641809243206895,0.014285700905079413,-0.18169981885838193,-0.203180150094188,-0.014705902039815255,-0.02020200074126499,-0.12692305223476164,0.06382958642641823,0.06963788467327792,0.007873986450565473,-0.04761906564010443,0.13548389974667652,0.05633806009374043,-0.04210522353153756,-0.007575757575757569,-0.033051863669830595,0.11248077099599563,-0.4117647223819081,0.04166662527455389,-0.0853658678416761,0.023636384443803227,0.030927725303781184,-0.05128203177523416,0.7499999441206464,-0.08888887476038054,-0.11428571428571432,0.0,0.025554830499744163,0.010101010101010166,-0.05180204455390225,-0.09191583037101103,-0.2738916096012364,-0.0459183834831397,0.024390220263873053,0.0714285714285714,0.11639330678670401,0.030927849318652667,0.0,-0.07777777189089907,0.01739128812274293,-0.014778349808356905,-0.05660379338946264,0.038759684642582615,-0.06382982608903853,-0.04851633529823163,-0.09625661528036156,-0.09999999999999998,-0.016949137131806236,0.027322377674172005,0.01417325258890667,0.08288210649370531,0.10375270826125083,-0.11138922302635368,-0.11054636571920073,-0.0758291136566861,0.01994019203812214,-0.023255860695907793,-0.05846419320230456,0.2857142025176307,-0.06810924138959051,-0.058939346185634345,-0.03703692764341859,0.0,-0.057765183938113696,-0.05669054281889019,-0.03849967553497369,-0.04708526830595339,0.23310443708491757,0.0,-0.006514651909255265,0.03305781867105084,-0.012892970109618318,-0.024096363046584468,0.020123008531787168,-0.10588238924019788,0.0,-0.10752687951514783,-0.003955365160565383
2020-03-23,-0.01746723254120064,0.023774074749921104,0.03398611293952336,-0.08450704816550747,0.02148829907140626,0.03503325595390905,-0.10447761802397693,-0.010309329662834377,-0.1145374416951036,0.05600017236411747,-0.02083331393077925,0.0,0.1083333653432359,-0.07670454045157293,0.14000002543131518,0.009890113273056667,-0.05343511450381677,-0.059398434795900235,-0.08310245843679487,0.3250000476837158,-0.3599999904632568,0.0,-0.0852575505002725,-0.12499996603234098,-0.05405403238139639,0.0,-0.012195168282808644,0.06451612903225801,-0.2777776447095164,0.03213115055100624,-0.15000000000000002,-0.013063955268478367,-0.0817072701269771,-0.02985071826428687,0.04812835997278464,-0.15476185295136657,0.0,-0.05286357173313627,0.01000003079605194,0.0,0.04819279790599551,-0.0811965067397572,-0.08500003814697266,0.06666668256123853,-0.024875598758929307,0.08333336343668973,0.019804137292189328,0.06508869373600668,0.07407407407407418,0.02586214781232954,0.02127657550770312,-0.012422348291186713,-0.115384688949,-0.0800000190734863,-0.06760563739730452,-0.028571401323590928,-0.04444459205655216,0.12414465296976163,0.07142857649699375,-0.06302138817875846,-0.06349212306498087,-0.0691291687329435,0.029227637778526105,-0.075174971849158,0.0,-0.038191028438755326,-0.04440995321281227,0.00598557091766172,0.03294128857514855,-0.11007912208784121,0.025704040268194728,-0.10737700708384601,-0.039999961853027344,-0.13792611372035535,-0.024691334404499887,-0.05753420477044091,0.026315764707210976,0.0,-0.08433738192966456,-0.023465758410684212
2020-03-24,0.013333320617675781,0.11465896318236535,0.019498636152032844,0.07692309808448994,0.05726533672172085,0.05955438405165703,0.0,0.11458341288380502,0.23383086111453455,0.20833348335499635,-0.02127657550770312,0.04427092018367196,0.0,0.01846152085524344,0.1461988271479282,0.033732271510239054,-0.10483870967741937,0.12070336982507235,0.07099696898685792,0.15094333681274508,0.18749996740371033,0.06666666666666665,0.05436887918178068,0.06857150044421934,0.23809523809523814,0.21428576902467467,0.01234572649498844,0.06060606060606055,0.07692300133401941,-0.03811927797594172,0.17647058823529416,0.2009627165000376,-0.05577690100816546,0.05594406853597067,0.020408143405366452,0.056337971413949806,0.0,0.1271316482295266,0.01980196239410481,0.0,0.057471277755039685,0.0651162140816881,-0.01639338424460479,0.09374998370185517,0.035714263882492325,0.08391606945870045,0.0781250831778113,0.0,0.06896551724137923,0.1512604528510253,0.0208333760189523,0.0849056525969969,-0.010869505483986797,-0.026086932184114286,0.0,0.09264700293128625,0.051878584367958336,0.07275357453719433,-0.04444440323629384,0.13748771671331306,0.07203389274230854,0.1547621005376898,0.05882347283622047,0.03591687048004233,-0.015384652467469784,0.20167209749069137,0.419422122454435,0.10361097790629792,0.1617311057092361,0.06158665047990608,0.07517859588500087,-0.04499547376900925,-0.004166662527455345,0.03029701439853083,0.05063286172982795,0.21046504484376038,0.038461579608730645,0.0,0.013157882353605599,0.08373387655752129
2020-03-25,0.008771921569070251,0.09855446912015786,-0.09180344770971238,0.08571429057997104,-0.04716288570233673,-0.05054589465967463,0.05000006827408132,-0.018691681453631315,0.07661292570934819,0.06269596965300095,-0.04891306073149537,0.002493696253679456,0.12030069661845366,-0.06344412138286237,0.07142850191878303,0.025263146667269032,0.009009009009008917,0.04016244675100222,-0.057827903891152554,0.19672136145296815,0.0,0.2375000317891438,0.1510129277319454,0.042780717967974224,0.07692307692307687,0.29411763880904584,0.04878044052774633,-0.02857142857142858,0.285714139067647,-0.013870518503631524,0.0,0.17334654477916045,-0.011251747145398672,0.09006613699638577,0.004999995231628418,-0.039999961853027344,0.0,0.048143089377308934,0.10679613734563631,0.0,-0.09782612146299074,0.01746723254120064,0.0351851951601736,-0.011428560529436416,0.014778299537640205,-0.025806427001953125,-0.11677014461011193,0.03333337570016481,0.0,-0.009124122365115728,0.10204083866896263,0.008695643760907146,0.09626360947276402,0.05803565869145877,0.022658625069562843,0.10901749145270978,0.057822809220035465,0.003782848167930064,-0.0697674434722727,-0.10826083797123542,0.0869566254239944,0.0675011218556072,0.0038314280653468646,-0.023722523435654286,0.04687500831538016,0.2582607727488393,-0.13634160658834904,0.09258225427541822,0.07647058699465048,0.06391345997565412,-0.051054247128826113,-0.0865384280328908,-0.037656965957120425,0.0,0.060240979429287744,0.058117243494585136,0.12345681919446161,0.0,0.16883119778400757,-0.008186927059385063
2020-03-26,0.03913050193642542,0.08492823771588154,0.06678692138387499,-0.06578949019519265,0.043696795935628696,0.04216353280276053,0.03174600078273149,-0.028571402621105912,-0.00749062934645095,0.09734531126390356,0.08571427209036697,-0.03731341410205069,0.026845719916934296,0.051612932500929354,0.09523812226968142,0.026694069300988055,0.0714285714285714,-0.03433903599514343,0.07035927060859648,0.2328766801160871,0.1578947764684624,0.0,-0.017600021362304652,-0.10256413650942653,0.021428607759021556,0.4090908352008551,-0.0697674143522814,0.02941176470588225,-0.05555546684338131,0.040857294970957136,0.10000000000000009,-0.019641344386247428,0.13086764893309555,0.18347512914581832,-0.009950239314132636,0.04166662527455389,-0.033333333333333326,0.030183769032539498,-0.026315800410558587,0.0,0.04819279790599551,0.0,0.10375669192737735,0.017341023733535632,0.016990397985840566,0.05960262223799195,0.09681198109760714,-0.02150540279580071,0.09677419354838701,0.04604051710927792,-0.009259250061012025,0.16522982934299657,0.05493179013599603,-0.04008430159448717,0.002954206939861148,0.09587378444135863,0.07717045648032306,0.020726692097980726,0.19999995529651704,0.07118468909038977,0.03636371398818117,-0.008507894087481871,0.0381681430868257,0.04299050511125979,-0.029850717436572305,-0.08915004962137763,0.005846847994497306,0.03743407768935669,0.07468121488318591,0.039741106113904356,0.058479521751775954,0.07263153477718953,0.09565218833533962,0.08823519862044615,-0.03409087676400968,-0.014071782280013156,0.10989006742333118,-0.002000045776367143,0.0,-0.0025795618562821643
2020-03-27,-0.05857744717956315,-0.12348400476774091,0.0005642820633260381,-0.08450704816550747,-0.02927008435553413,-0.00899063103658393,-0.00512818860955877,-0.02941173720662238,-0.022641576995792834,-0.06989285662826683,0.09210530195870281,0.0,-0.052287633981887294,-0.04907978107323607,-0.021739110153428554,-0.07999998331069946,-0.04166666666666663,0.025126949585903224,0.16363627956590343,-0.04444440205891931,0.0,0.0,0.01140067967158509,0.017142913931235126,0.00699298896014211,-0.032258034744817476,0.037499984105427986,0.08571428571428563,0.41176466720507654,-0.04247092942067854,0.009090909090909038,-0.07578409786219187,-0.03144654163496252,-0.039014386383018684,-0.04020102639796852,-0.026666641235351562,0.034482758620689724,-0.1414013193104755,-0.02702703856307287,0.39999998509883894,0.022988483697581552,0.0042918415410722055,0.03727715011822785,0.005681812794001706,-0.05250600494120872,-0.018750011920928955,-0.013250723015766575,0.010989024802613656,0.02941176470588225,-0.08098592465653665,-0.014018788942859906,-0.0098643559917031,-0.11440501800159641,-0.01318690485747176,0.020618537153480165,0.01661135953934667,-0.052238721606243654,0.010284895125999727,-0.1041666317420693,0.03277201281691933,-0.09122818942550959,-0.03942483406474662,-0.04779423799284843,-0.06810026064364227,0.12307690534164495,-0.07283747018084885,-0.05794122344268482,-0.03214700442722607,-0.02542370795588389,-0.08666649139902505,-0.08397773984555867,-0.11678112162773402,0.007936500427734305,0.013513637252649646,-0.03529415312110251,-0.04235727925314825,-0.04950496276539118,-0.004008012393562077,0.0,-0.04172410636112611
2020-03-30,0.026666641235351562,0.030188651179395176,0.02198396577019812,0.046153895530476774,0.050381663351068307,0.05690722233304735,-0.036082498172436694,-0.04040406168924138,-0.06563700521584381,-0.026011344330395092,0.0192770896066623,0.04651164090178361,-0.07586205308984462,-0.029032231270335718,-0.053333282470703125,0.028260829143353705,-0.034782608695652195,0.049022204070999775,-0.03605767834703777,0.04651158148692014,0.09090911061310525,-0.01010104837382797,0.04830920916135484,0.06741564457099924,0.5763888257275895,0.0,0.08433736600971398,-0.02631578947368418,0.3750002411862077,0.012768667661809063,-0.036036036036036,0.0018853320777352245,0.005194800369332064,-0.09294870913146247,0.041884839954660524,0.13698627601729063,0.1333333333333333,-0.0014835199612326377,0.0,0.0,-0.01123594452133514,0.004273500354724069,-0.10781250733416514,0.014124280467537442,0.0,-0.025477683018455766,0.072124815557155,-0.010869578732330076,0.1428571428571428,0.015325747846490989,-0.018957328834943277,0.1407223103384594,0.0407725186394563,-0.10244979616006944,0.10389614500198618,-0.06862746116530272,-0.07716547177173516,0.021404324339072023,-0.0697674434722727,0.01278086725674421,0.02702712401889995,0.018831344619466783,0.04247115478107899,-0.055769432099476046,0.01369857005778119,-0.005728440060726148,0.034832952712083864,0.00440606920226938,0.05739127474236372,0.08126498469824806,0.03377540395511147,0.010000016954210045,0.04330713982930723,-0.004266668669845153,0.024390220854836775,-0.07355763631812007,-0.031249970896168877,0.0020121185722323798,0.0444444020589192,0.03454476620532487
2020-03-31,-0.03896100276999048,-0.05250297601130527,0.044277721809936166,-0.04411769217479555,-0.0007267225098026575,-0.0023410230380443986,0.048128333655353295,0.0631578980390386,-0.01652890933552542,0.07715122487818604,-0.014184383571866466,0.007407320394609451,-0.1268656698713999,-0.0033222559783855354,0.03755864760929972,0.0031712696029033705,-0.04504504504504503,0.024889568125181727,-0.07231919408731424,0.011111153496636383,-0.12500007450580297,0.0,-0.03225806924173369,-0.005263127784901012,-0.17180612643755555,0.06666668256123853,0.03333331920482485,0.0,-0.5454545102629477,-0.010617021778992597,0.11214953271028039,-0.062088397049219535,-0.009043888487622831,0.08127214990098186,0.005025120811725348,-0.06024100192487092,-0.05882352941176472,0.04754825560919862,0.009259287692882978,-0.2321428476395656,0.0,0.021276677771900232,0.022767095196571274,-0.06685237194282123,0.005063286249386678,0.019607855359147885,-0.0050505822116174715,0.016483537203920484,0.02499999999999991,0.033962230539781535,0.019323653692280285,-0.030567656947101063,-0.03670081683735771,-0.0595534083028586,0.11764706982323303,-0.011695950788175535,-0.06996573911759263,0.03450034340073471,0.0,0.04046999981817656,0.03007533684814967,0.022985857964612277,-0.007407426197452938,0.0407333315467191,0.0,0.001646187457148729,0.000769388469823884,0.03273154398052425,0.00493422420224543,0.012601273818405812,0.07817965664288562,-0.039604026876619125,0.07547162342173652,0.03856435633470556,-0.04761900369272076,0.015049247601957028,0.0,-0.0120481812348876,0.010638338885950116,-0.05026085895040766
2020-04-01,-0.009009000301245074,-0.05927835368289103,-0.04906694727794736,-0.015384601277006582,-0.002545511423713176,-0.0007821099345584059,0.1224491445188105,-0.05940594351556927,-0.021008482491862712,-0.18457290016049588,-0.04556356204897727,-0.01960777154465676,-0.025641001257505125,-0.016666650772094727,-0.04072405024180603,-0.09905161410508434,0.018867924528301883,0.0038657816463323336,0.03494626780063892,-0.03296705254493748,0.19047624453936285,-0.020408176505266273,-0.003174600050953491,0.0052909748617049335,-0.09574470531532053,-0.012499987892806708,0.010752729337312639,-0.08108108108108103,-0.06666685828490182,-0.04359495439122163,-0.03361344537815125,-0.1323975112207264,-0.14471970306038684,-0.1928105009719583,-0.050000011920928955,-0.03846150319251662,0.59375,-0.03687944959368161,-0.045871554316018304,0.0,-0.045454570084564105,0.004166662527455456,-0.04794524015282309,0.06865672406600054,-0.01259444633651241,-0.09615384380257819,-0.05461922328289548,0.02162158327305197,-0.07317073170731703,-0.0437956655328442,0.0047393322087359024,-0.04617115339281985,-0.04109621362402771,0.14511878529570077,0.02923976542958573,0.03668644101941809,-0.20183493001623054,-0.0704051014414524,0.0,-0.05353404106728077,0.0036494517193046416,0.0018531042124041441,-0.0093284803401682,-0.041095990009281214,-0.05405400429540086,-0.05505338756025413,-0.07745528100220278,-0.08021564974435114,-0.03273328516141483,-0.08933317718579803,-0.12337654466995462,-0.10080179653461174,-0.02105261220606125,0.0,-0.025000050291418274,-0.12781186443041415,0.0,0.014227580028199238,-0.10526315789473684,-0.08423369781003831
2020-04-02,0.03636360089641055,-0.04657536215128022,-0.05103756429560935,0.01562498544808455,0.032081683422837015,0.03131112392008295,-0.1045456006858192,0.0,-0.03433473232857809,-0.11148633460190549,0.07788943248590896,0.0,0.0,-0.020338963325323256,0.009434066238082961,-0.04678364978402905,-0.04629629629629628,0.011256473685237411,-0.023376662623803224,-0.022727250560256596,-0.11999998092651365,-0.16666664459087177,0.011146447848025653,-0.052631635403310506,-0.06470586739334405,-0.13924052065485737,0.0,0.0,0.07142879139852942,-0.023843083981411994,-0.05217391304347829,-0.008092437858065571,0.006097555213709249,0.0526316263635227,0.04736843921471201,0.039999961853027344,-0.196078431372549,0.060382986445280507,0.028846165527253387,0.023255791388182345,0.023809572804273094,-0.020746966371011144,0.061151107209889366,0.0027932934850189994,-0.017857186300760608,0.014184383252072719,0.02985405776196748,0.0,0.026315789473684292,0.07633589939681906,0.009434066238082961,0.1487602403169126,0.03526809822840393,-0.08986177216413749,0.02840909029334049,-0.03995438040238519,0.11264355477200172,0.01913360046688739,-0.025000050291418274,-0.014582521804520687,0.0290908763161013,0.027514452280735346,0.016949297164249533,-0.008162954965686975,0.07142855057563491,0.09130420412036089,0.010416741773137561,-0.025221992685402594,-0.020304534806538932,0.05124449323172331,0.055555559284444334,0.017834378112919103,0.010752678064499088,0.0,0.07692308280124727,-0.05861664896275898,-0.0322580975953628,0.0020040539760575182,-0.035294140086454484,-0.03939207102827724
2020-04-03,0.013157882353605599,-0.12356323689667259,0.011820421192289432,-0.030769202554013275,0.008477575142495253,0.004174541944523824,0.050761398097918686,-0.03157891764865317,0.031111081441243416,-0.1292778429116228,0.004662000257425358,-0.007499972068149896,0.026315763789935165,-0.02768171599332392,0.0,-0.07975459853492517,-0.08737864077669899,0.00019525111446228038,0.029255313077842793,-0.011627950817908794,-0.04545460949259217,0.2375000317891438,-0.018897620056897546,0.04444457025059445,-0.10062891321355927,-0.26470589008710776,-0.03191494686275653,0.02941176470588225,-0.06666685828490182,-0.01293089539410186,-0.07339449541284404,-0.043123238079329385,0.0560605895311268,-0.055128242905243985,-0.020100483246901613,-0.025641002128344415,0.04878048780487809,0.019444302259952417,-0.018691571542442276,0.25000003386627556,-0.04651165208409025,0.025423806722535414,0.0,0.038997244638254935,-0.015584401107996193,0.006992966885427165,0.0006255041564811048,-0.02116398442149303,0.07692307692307687,-0.010638287978706695,-0.05140192902903151,-0.1130523617211382,-0.003018564668613277,0.035443064104839994,-0.02983430409648946,-0.021403128233250857,-0.07231414363354516,-0.0020859979019661745,0.025641078544558438,-0.06726450806647732,-0.014134260144371136,-0.03937870477019734,0.009259185183118301,-0.012345842864411427,-0.026666641235351562,0.053386520238520196,-0.004123651567944253,0.0021865694159850513,-0.058721850305548995,-0.019034389128437024,-0.05964902062100186,-0.061326631433631595,-0.02127657595741339,-0.04589989238516312,-0.04761900369272076,-0.12453294600457365,0.011111167036458314,-0.04200000762939449,-0.012195052453833122,-0.07681104019741136
2020-04-06,0.06060610752038276,0.10491801253956679,0.06600447534269627,0.06349209803242228,0.06619968072487326,0.07067272967116622,-0.024154512890476654,0.03260866396255957,0.0775862379037251,0.07423587482517569,0.0603248798917988,0.005037764471589323,0.03418806960219478,0.06049824902337475,0.037383140086171496,0.07599997520446777,-0.06382978723404253,0.010445645729743491,0.09043929558869346,0.01176475076114425,0.3809524890787257,-0.030303080900992985,0.04333868059388335,0.010638236364587828,0.10489510116416723,-0.10000002384185791,0.01098905321586674,0.0,0.0,0.021833964728214417,-0.05940594059405946,0.07795349916115213,-0.015781873742957697,0.15061053920125578,0.0512820011216677,0.11842104575200296,-0.046511627906976716,-0.044959037537849134,0.04761904045675913,0.0,0.024390220854836775,-0.004132227333881411,0.0,-0.10187670576347829,0.021108159501653567,0.10416666942614095,0.07482279958603089,0.054054055813162805,0.04761904761904767,0.04301079771268568,0.07389167363620164,0.050984886969703824,0.08131486400739929,-0.022004926462152907,0.026195957050765273,0.07533424954054446,0.04008938823815189,0.045727723518879326,0.0,0.03846162166628009,0.0645162911738808,0.05996699965024854,0.08256882951115263,0.016666675625279792,0.0273972334300725,0.0015126366285742598,0.2169770233568591,0.08345454822887066,0.10458714202102115,0.2858494982584503,0.009950075498720956,0.23199996948242196,-0.03985503459272188,0.0,0.012499987892806708,0.3385490137373186,0.04395600076948947,0.022964537451029665,0.012345607788387003,0.13393467070517118
2020-04-07,-0.03673475544336369,-0.1261127497770751,-0.023561761290660788,0.014925358528601551,-0.02201053569449607,-0.0158841647560779,-0.01485150455786921,0.042105286273269815,0.04399995803833012,0.07317064793556005,-0.03938737383249247,-0.007518768920446561,0.22314047306973572,-0.01677850738129516,0.0,-0.05824038664581166,-0.011363636363636354,-0.007052758291000827,-0.020142189377122643,0.04651158148692014,-0.0689655314160863,0.01041670667904504,0.0015384967510516656,0.0,-0.00632917810338085,-0.16666664459087177,0.02173914395568488,0.0,0.1428571265630718,0.023504462783271007,0.05263157894736836,-0.02372878023195224,0.06122449972588817,0.002358544674920804,-0.05365848666071282,0.2941176525586755,-0.024390243902439046,-0.01141225997953721,0.027272665928614215,0.0,0.011904821881092875,0.012448120465286205,0.013559308883548837,0.02686571795522541,0.02067187712928753,0.03144654163496252,-0.056428061816682695,-0.04102569169167258,0.022727272727272707,-0.03436430931327672,0.027522908689077363,-0.07386991166893642,0.07600013526429739,-0.002499997615814209,0.03662596174506527,0.045197695060872345,-0.044967887786612204,-0.011494229865342764,0.024999975785613415,-0.021759321948149113,-0.003367163827717734,-0.028508137076513895,-0.0016949196433426739,-0.016393451290246497,-0.12000002179827007,0.010574253527986466,-0.07111283291231796,-0.004698754465177091,0.02990032391533659,-0.0327567752090594,0.01724143356672614,0.0010822758798212373,0.018867905855434186,0.013508081504471914,0.0,0.06057382614952722,-0.01052630588288439,0.010204023045831345,0.060975611174411526,0.0602505214582596
2020-04-08,0.06355936526909933,0.023769158997670514,-0.03423130706514521,0.04411760452090707,0.018810895174923292,0.0190100327355196,-0.020100506305471444,0.0,0.03448281846945678,0.1401516378965122,0.06150341438225637,0.0075757290767788366,0.020270304375678894,-0.003412965950654212,0.049549501656847905,0.10526313725600911,0.011494252873563315,0.009194839997995752,0.006045933968526818,0.09999995761447478,-0.037037089364844955,0.0,-0.003072266829567738,0.0,0.019108313270400856,0.0,0.0,0.1428571428571428,0.12499988772366577,0.05358378971458699,0.22999999999999998,0.13541679514143046,0.07967031689430737,0.06823528514188881,0.03092780464424627,-0.09090907777308088,-0.025000000000000022,0.038961076758263546,0.035398269048060316,-0.23636367675686587,-0.02352945878843815,-0.03688530757266251,0.0,0.023255791388182345,0.02025320535667996,0.030487805587205763,-0.024249919325361358,0.026737937957171498,0.06666666666666665,0.044483986670958764,-0.04017853294024065,0.01904771528006588,-0.02044633318004685,0.002506263268008846,-0.001070688299621203,-0.01081085205078125,0.10089674195349296,0.030586426756031182,0.07317073525310214,0.05821100409002988,0.027026997248821294,0.028207424565845463,0.023769161826082463,0.0062501377386776635,0.0,0.04260074651196999,0.033882997293690265,0.05294215675170211,0.19032260638883858,0.02511423645130595,0.02784508954922882,-0.0010811058250633776,0.018518500530834592,0.0,-0.024691334404499887,0.13727463948624674,0.02127657550770312,-0.010100952691779574,0.0,0.10708925576057204
2020-04-09,0.007968119921316186,0.06135984621646329,0.033120486425065154,0.014084577986089863,0.042532202548385856,0.033086891946621844,0.0512820261449809,0.020202000741265103,0.11481479159435004,0.16999983333143276,0.06223175350833454,0.007518768920446561,0.14569532380662564,0.09931505283420905,0.06437772544165754,0.023809572804273094,0.05681818181818188,0.00250676950607831,-0.024038401287215794,0.0808081031879504,0.03846159489197354,-0.010309317542147367,0.023112496249223735,-0.052631635403310506,-0.03125,0.0,-0.010638338166410355,-0.050000000000000044,-0.22222213351004794,0.0620870131043052,-0.17886178861788615,0.05504587155963292,0.043256955467596114,0.05396473295543469,0.034999966621398926,-0.1500000158945719,0.02564102564102555,-0.01527774488435052,-0.017094001519217805,0.0,0.0,0.021276677771900232,0.04849497674382253,0.0014204870647760437,0.0372207470771837,0.04733734689153524,0.05960406974035237,0.010416743099430636,-0.04166666666666663,0.011925072065773978,0.0,0.09813074272620037,0.03795061191144833,0.047500014305114746,-0.012861724173671374,0.10928962204269754,0.03462350573533901,0.025018406826371242,-0.06818182126057049,0.035331119763978736,0.023026344726817083,0.007300780636035009,0.014925323580924355,0.07867471267093973,0.0,0.06666672081694447,-0.027457724408088025,0.02385905277128142,0.024390163917461738,0.025612414683979567,0.0730269286042795,0.025974001846660322,-0.03636360168457031,0.01333870404672366,0.11392401434102806,0.09427309769708248,0.1458333837799739,0.010204023045831345,0.034482781300221976,0.04573946838512222
2020-04-13,-0.015810261780775714,-0.03906249941792339,-0.05005613058977176,0.11111108351636934,-0.021821634436475335,-0.030323675769572178,0.06829273101517619,-0.009900980750178201,0.07973422269008235,-0.11111096949237531,-0.03232320274288303,0.007462718682198721,-0.06936418681028012,-0.01557630894769324,0.0,0.08139533916636399,-0.032258064516129004,-0.03140033577259205,-0.044334971126688716,-0.03738314258509734,0.11111109148818321,0.0,0.027108480240233934,0.06666674215035662,0.0,0.0,0.010752729337312639,0.026315789473684292,0.0,-0.0012438241406944606,0.02970297029702973,-0.12850256239264324,-0.11219507571418286,-0.07001045952554252,0.13526569102402397,0.011764694882648863,0.07499999999999996,-0.036671381984726525,0.0347825764531684,0.13095240207080727,0.14457832190515973,0.02499997516473229,0.0,-0.009929102094688114,0.09808620600164608,-0.016949216467680994,-0.020671888295221486,-0.06185568482013393,0.021739130434782705,-0.028619541187932973,-0.02790705978450958,0.019148969412822625,-0.1034732560970002,-0.033412855506848915,-0.007600401143787905,0.02463054279761634,0.11220425314984572,-0.01627184231343537,0.04878051439826536,-0.023326121514898435,0.025723444345078894,-0.022841742365729,-0.03594771917011397,-0.0191938203251536,-0.015151449471464185,-0.0625000475930153,-0.03333357630067646,-0.02486706579195508,-0.030423198838026355,-0.12775949061247005,-0.02305151606025746,-0.06118142950555805,0.0,0.0,-0.02272725117600638,0.06964571383290008,0.04545450112051319,-0.03030295440608144,0.0,-0.02737726614678926
2020-04-14,-0.04417666452792113,0.016260146842582035,0.031971520241433904,0.12499995343387194,-0.005173052876079942,0.004919163450682662,-0.013698585722749401,0.0,0.021538440997783903,-0.006410329402367521,0.012526084187343134,0.027160451639137273,-0.01863357225869966,-0.009493661574342727,0.0806451798973915,-0.001075254965275163,0.04444444444444451,0.02512045376245098,-0.041237154789775854,0.009708682130449064,0.03333330154418945,0.04166669426141034,0.08944276265738682,-0.057291692098181524,0.09032259705246126,0.1333333651224773,0.063829758452564,-0.02564102564102566,0.07142879139852942,0.018057511351689426,0.09615384615384626,0.03547706158314301,-0.05494506646146946,-0.008988755857864406,0.1744681287103258,-0.06976737738815952,0.09302325581395343,0.04245963609758996,0.10084031215689548,-0.17894738823423118,-0.01052630588288439,-0.05284557415651192,-0.043062198045910716,-0.014326633862365212,0.10675375922196806,0.057471265627790036,0.036736416879225686,0.016483537203920484,0.02127659574468077,0.01213174556200558,0.01913885259057757,0.009394588027624273,-0.09991848645418278,0.019753066651470697,-0.0054704801812607284,0.025961583429541246,0.10619536905873206,0.013378721208825661,-0.023255860695907793,0.017248942831644687,0.028213186975864613,0.0186555340199952,0.0,-0.0009784110358382891,0.061538400271136995,0.005018106253035448,-0.038816590235529524,0.03448278393737714,0.015006763825781588,0.05311183144418563,0.010112299424734017,0.03146075265694748,0.0,0.0,0.04651158277636491,0.038389178377084,0.01739128812274293,0.0,-0.04444440205891931,-0.012991382113593852
2020-04-15,0.004201676463198689,-0.03839996337890628,-0.1210558015860459,-0.02222220161814692,-0.011049711074170854,-0.019580418297909685,-0.046296396974801035,0.0,0.021084389478587928,-0.11290299167265494,-0.020618537443073293,0.0,-0.06962024043056181,0.0,-0.048507504180109184,0.011840664533389278,0.0,0.028379100462300855,-0.04032256410554402,0.08653851973234761,0.0,0.0,-0.03095558874661719,0.09944754699078451,-0.029585798371357552,0.0,0.09000002543131513,-0.052631578947368474,-0.06666685828490182,-0.054434376676904095,-0.01754385964912286,-0.031049292000569384,-0.04215115654494339,-0.029478376893832925,-0.02173910977784832,-0.012500086923436848,-0.021276595744680882,0.06460665428624246,0.03053438473509207,0.0,0.29787237415382806,0.04291851773629629,-0.07666667302449548,-0.014534869617614077,-0.06889762005689759,-0.09239124406713495,-0.05168367272341701,0.0054054120900184355,-0.02083333333333337,-0.06164385686785934,-0.0657277452498739,-0.01861430235321848,-0.08880842652845655,0.02905566155785122,-0.015401577664759025,-0.02155581014677288,-0.08800042067699065,-0.04872776732434336,0.0,-0.045652327832442996,-0.01829266291954179,-0.012798056329213825,0.04067798214463192,0.042115607420200485,0.014492789392771988,-0.062054292280006695,-0.051166528232819086,-0.0004650973534399139,-0.03360212236105442,0.01497259223691727,-0.06451609196681318,-0.12636163495093666,-0.003773581171086837,0.0,0.0888889389273575,-0.042044213156820276,0.21367522151277418,0.0,-0.011627950817908794,-0.0546742820711863
2020-04-16,0.0041840962444885665,-0.054908550411920665,-0.007832721758959216,0.01136362558800319,0.0006573065846160464,-0.0039229380788495805,0.038835093037024704,0.059999942779541016,0.15044247040743763,-0.08363663019002221,0.023157922845137735,0.10576918633986931,0.020408198571867153,-0.006389846202502492,-0.007843129921765946,-0.13829786761846408,0.0,0.021944847042051352,0.10504201643258315,-0.09734516485863809,-0.032258034744817476,0.0,0.022222267845531718,-0.0904522887544521,-0.05487806343639867,0.0,-0.027522981800628066,-0.02777777777777779,0.0,0.002587336082241043,-0.0982142857142857,-0.023204381095695226,-0.0030348984011266955,-0.12149537239587593,-0.040740789471011896,-0.0632910819375283,0.021739130434782705,-0.013192402582313134,0.014814859875337039,0.0,-0.00819671330225158,-0.03703709881292083,-0.0072202097704795465,-0.026548716755993906,0.025369954561350605,-0.023952186084122085,0.064822467971136,-0.00537635069895015,0.06382978723404253,-0.020073016994806903,-0.02512560405862696,0.0021075298467909676,-0.0024863731686425306,-0.04235290078555831,-0.03128488703221344,-0.04310343173870268,-0.07543848560539634,0.008074682972483593,0.023809572804273094,-0.0514806393252939,0.027950431343570115,0.01743429224337234,0.0684038274615113,-0.011278346451652155,0.0,-0.060076174654310255,0.0983471310764743,0.019078574596708364,-0.001390924098704338,-0.06482935771061393,0.016646901182599816,0.022443808133105314,-0.04924246563453705,0.0,0.010204071702683226,-0.07604995102812084,-0.09154929518344923,0.0,0.01176475076114425,0.004284146051560134
2020-04-17,0.012499987582366145,0.03697183881929744,0.03552625032682566,0.03370790053551764,0.059770089014856476,0.06695311041494811,-0.0420561904547998,-0.03773581510593205,-0.028205161749884744,0.09127015870065347,0.018518451291821503,0.054347888540027256,0.07333331637912321,0.006430938913094986,0.09486166492124792,-0.09753085920095195,-0.03191489361702127,0.03244094153783372,0.04689482918351384,-0.029411783955364257,-0.06666668256123864,-0.09999999999999998,0.0027173886635465383,-0.005524905425404625,-0.032258064516129004,0.0,-0.0660376894498067,0.08571428571428563,0.07142879139852942,0.03935503169427168,0.13861386138613851,0.035067634229169586,0.05327243462522824,0.0757978953599876,0.2972972997852299,0.06756750225933827,-0.021276595744680882,-0.020053520831918803,0.0,0.0,-0.0743801905299355,0.012820501064172207,0.054545489224520516,0.1121212513103087,0.030927855323080733,0.01840497904607763,-0.011050805721122825,-0.021621648360073853,0.08000000000000007,0.02979521930336304,0.03092780464424627,0.005257643483857377,0.04685952214453426,0.02211294151223453,0.05305652065733346,0.0010010239350302097,0.07210596993194418,0.0005006372310818463,0.2790697738890908,0.004803316379563993,0.01812676736326635,0.009006893704191832,-0.03201219965172075,0.0,0.05714280153502638,0.06796142477896905,0.005831551800887125,0.014611975014602763,0.05988877332687159,0.07845576073507465,0.06432746120947996,0.09756100113940813,0.035856539645922725,0.0,0.010101000370632551,0.11343163182266691,0.015503861641813277,-0.0020833809342630794,0.04651158148692014,0.03288308467848422
2020-04-20,0.04115222299809096,-0.05772490381287587,-0.05844969025098856,-0.021739174096029212,0.009296584668066155,0.0036912476220147816,0.02439023253019479,-0.00980391240220746,-0.029023719314773655,-0.09454565185083885,-0.012121201028581163,-0.026804172741635157,-0.09316766384539654,-0.03194892632424373,0.01805052442619881,-0.05335161970116953,0.0,-0.03865210240639372,0.0956416007349834,-0.09090905587972986,0.0,0.0,-0.008130073421291018,-0.02222209641607209,0.03333333333333344,-0.02352945878843815,0.05050504920766685,0.18421052631578938,0.0,-0.015518446559192434,-0.10434782608695647,-0.07759582388954933,-0.05635836158754248,0.0,0.03273813599665809,-0.03797464916251703,-0.04347826086956519,-0.0013643596539764102,0.036496344474936215,-0.19230766879501104,-0.035714251502436234,0.059071777073587795,-0.03275862947797348,0.03542230880649355,-0.014000034332275368,-0.03012048123553901,-0.0045089642239378724,0.03867401550707328,0.14814814814814814,-0.03074142311828898,-0.07999998331069946,-0.06903773766914623,0.04904781286307358,0.0,0.019715257712984657,0.0,-0.01769895617774353,0.02376774879231469,-0.018181800448205276,0.044454985060366825,-0.0029674041354172953,-0.03396474190085619,-0.04724397101677491,0.007604567586787514,0.0,-0.028788165750475603,-0.046194331103484476,0.004950407793747669,0.0,-0.1262511025768832,-0.008791116614479177,-0.07666662004258895,-0.02307690191550993,0.0,0.029999971389770508,-0.029790414026525158,0.007633671839197387,-0.045928975353591195,0.0,-0.032524511612408435
2020-04-21,0.03952574868853298,-0.005405443022944767,-0.051956929202202407,-0.07777777189089907,-0.019035952178628635,-0.023403522138373156,0.04285720137778393,0.03960392300071258,-0.02445656275957575,0.016064440388877888,-0.006134914885540077,0.03389838446282467,-0.047945212936091,-0.023102288417082395,-0.014184383971608927,0.005780358770018479,-0.01098901098901095,0.0007892574837597977,0.09392269540470877,-0.08888891008165145,0.0,0.0,-0.013661253978772825,-0.005681862483642441,-0.032258064516129004,0.08433734247587221,0.0,0.04444444444444451,0.06666643246660153,-0.04602774914980434,0.10679611650485432,-0.021327020256719287,-0.027565130075403843,-0.050679890793093985,-0.0749279505243663,-0.013157882353605488,-0.045454545454545414,-0.0642076700062596,-0.035211262123094555,0.0,0.07407400048809576,0.09960159400393409,-0.11764711382204696,0.12631585881980922,-0.032454331233927936,-0.055900655334172766,-0.014572692349095528,-0.010638247451257854,0.032258064516129004,-0.03171643135435542,0.08695650202114802,0.07865177448794647,-0.012710126754199358,0.03846161781683777,0.002148174348866272,-0.010999965667724654,-0.04864861946193988,-0.0007331080312619198,-0.05555561074503923,-0.04439372741011638,-0.05357137137372259,-0.026594340833575925,-0.009917380416870292,-0.013207385145510675,-0.013513455047096001,-0.01248043278399158,-0.027450908456255307,-0.06000890836332684,-0.07752967668741406,-0.02951493705796404,0.01441230960104778,-0.00722026673729903,0.007874008357040552,0.0,-0.048543644373911676,0.023881769831600286,0.08333325054910778,0.015317219298652818,0.02222220102945971,-0.05282819559259311
2020-04-22,0.011406832731696515,0.02355074545110747,-0.019217009362747395,0.012048181523292234,-0.004068850503420429,0.013009279959567577,-0.004566195240916504,-0.03809520349480777,0.03621173190779836,-0.01976317187669674,-0.03086421630588765,-0.006147567216152283,0.12230209657404512,-0.006756750225933805,0.007194237817389482,-0.028735605606330816,-0.011111111111111072,-0.0058916509874041845,0.18282828840703247,0.14634144355823797,0.0,0.0,0.004155153833813818,-0.022857166814739815,0.04666663275824656,0.0,0.0,-0.1063829787234043,-0.0624997941600538,-0.014540532587634103,-0.16666666666666663,0.006053520382607758,-0.006299206685632552,-0.007812492724042275,0.07476635722262714,0.0,0.04761904761904767,-0.0262774891000076,0.007299176673989827,0.0,-0.008620681681899223,0.0,0.06060610147364853,0.09813074272620037,0.048218033541545635,-0.03289473725487979,0.026978393129728495,-0.03225810419370112,0.015625,-0.00578038718258056,0.0,-0.06250003725290154,0.023448326977894007,0.03009250750880521,-0.0010718359017802825,0.05965613533187719,0.07765161402185883,0.03961846309772454,0.03921564960882984,0.1422414332746822,0.012578602161940289,-0.08798336679785634,0.043405610932320426,0.0,-0.027397326744582395,0.05055313827985075,0.06129001414388302,0.028584967245823822,0.012820471567684288,0.04993127997783109,-0.02622959001782532,0.00969696044921875,0.03515631039044953,0.0,0.020408143405366452,-0.055905228289009457,0.0,-0.0021551190371589257,0.35869568034246035,0.00713617029324376
2020-04-23,-0.04511282710736697,-0.02477873701283384,0.0899854918607923,-0.035714252769540544,-0.00942805741325592,-0.011152413361560032,-0.027523034044836914,0.009900980750178201,-0.029569928136667145,0.056451523049237284,0.03821652375388074,0.00412369601823892,0.05128210614497419,0.0306122151080499,0.03214291218592291,0.03106512971328579,0.05617977528089879,0.035932672771843865,0.027327043987595445,0.14893623712970805,0.0,0.0,-0.016551708352976813,0.023391837957026818,-0.01273882151929917,0.0,0.009615359927070743,-0.04761904761904767,0.06666643246660153,0.026156863085712745,0.2315789473684211,0.016847068168732715,0.033280513478811224,0.0564304870910417,-0.055072479592579326,0.11999999152289487,-0.022727272727272707,-0.05547207428591905,0.021739197606628347,0.3968253998289062,0.03478267990573958,-0.12318837512468384,0.04761904761904767,0.010638338885950116,-0.011999988555908225,0.0476190352617516,0.03132918064815571,-0.016666687850082407,0.0,0.013565925141738822,0.0,-0.0011111365424262276,-0.05660381749273824,0.022471996799083183,0.018240352130950432,-0.02099230180954248,0.014059739510813962,-0.0009408869068295855,-0.01886790755296608,-0.016771435355746767,0.015527983652131372,-0.004569877604874373,-0.0031998397719852356,-0.04015285915829392,0.0,0.020300434975021542,-0.01576698949336497,-0.006793188741948453,0.03234879418096437,0.007782269171258127,-0.039281557203697526,0.003601408552936114,-0.018867995824705996,0.0,0.029999971389770508,-0.028627433028875604,0.013986084524057807,0.01511872421037097,0.3119999694824218,0.03188512120857112
2020-04-24,0.0196850208926016,0.06896544860595677,0.017310085821278243,0.04938274239498086,0.0028553606922288033,0.008544038256483866,0.02358508886290611,-0.02941173720662238,0.005540227126394903,0.003817240136586575,0.05316978240915504,0.05338809014645762,0.04878044052774633,-0.04620457683416479,-0.07266437042359064,-0.012912486360200148,-0.05319148936170215,0.016261996130554346,0.21280133756455744,0.0648147960095089,-0.035714252262698754,0.0,0.005610092736466177,-0.028571419698244505,-0.025806468020203255,0.5000000662273849,-0.019047631157769085,0.0,0.0,0.03006532817780272,-0.09401709401709402,0.0035503734909148044,0.0352760766482092,-0.008695673292274386,0.09202452551960083,-0.023809501283202916,0.023255813953488413,-0.03174581462197479,0.0,0.12500001693313778,0.042016764631988,0.08677687253157962,-0.06181820956143469,-0.0736841904489618,-0.02834005361618719,0.01298706285023532,-0.013207512092222373,-0.011299381604492176,0.06153846153846154,0.028680706466613914,-0.014999985694885254,0.06896550626741194,-0.0004763772438103331,0.028571347726199514,0.0,-0.01851857015780245,0.07972310799902105,0.015304866788296234,0.05769236941309597,0.010661060689418633,0.009174251537078737,-0.01504721714005941,0.044943676748187444,0.0,-0.04225343464284459,0.009580332141662096,0.0032811305559301562,0.010415018651870778,0.012261688093821999,-0.021748506351507713,0.0,0.007177083980951515,-0.01923075159625831,0.0,-0.02912618662434696,0.0012110932072055824,-0.01379317205385755,-0.01702126105374524,-0.0914634167616174,0.030177053927370023
2020-04-27,0.03474909481483768,0.056027153002799146,0.06675407059360028,0.09411762478442398,0.02277761540739376,0.02202645129332992,0.07373253591735285,0.020202000741265103,0.02754818222587585,0.06083628313625278,-0.00970877472018683,-0.025341083675954,0.08720936035065652,0.04498265443026672,0.0037313396321503323,-0.002907025853946976,0.03370786516853941,0.0234485511658431,-0.06100073008267448,-0.008695685345193604,0.0,0.0,-0.0027893975890794787,0.005882319091054189,-0.026490083513240226,0.037037001061669184,-0.048543689919674726,-0.025000000000000022,0.0,0.024111692600756074,0.009433962264151052,0.06839621798609019,0.02518519648799189,0.05889721667522241,-0.002808986130333757,0.21951217621109853,0.13636363636363646,-0.027868951174354173,0.04964531619462287,0.0,0.09677419664956521,-0.10646395346939808,0.05620154465672522,0.011363571094088698,0.04166662527455389,0.08333328238919369,0.04110889311687793,0.0,0.08695652173913038,0.04832709043012651,0.0,0.05723207184015977,0.02334452813756993,-0.017094001418896276,-0.0073761534786602745,0.008937453358032199,0.09951803025657835,0.026669794860049167,-0.05454550971669481,0.043881820223443224,0.012121100116656125,0.03884010296942031,0.027649760261703182,0.001991904099140962,-0.0147059177091301,0.014598269576290512,0.03578297760781002,0.019692288912259714,0.07940777949739908,0.07603383483976911,0.026869082009868928,0.019002357002653847,0.0,0.0,0.059999942779541016,0.07137098839578293,-0.03496500290228777,-0.025974001846660322,0.0402684830087876,0.058586217346481506
2020-04-28,-0.014925358528601551,0.017684909521679337,0.04969299581386655,-0.01075267783478251,0.01391895929612419,0.015251990490766865,-0.034334772500207444,0.019801961500356402,-0.024128663192786504,0.11469523468434217,0.05098043798896268,0.03000003171616461,0.05347588355755861,0.016556275705983392,-0.011152405483875416,-0.004373121606510266,0.21739130434782616,-0.029711120570339977,0.003649672298001505,0.04385965059044983,0.0,0.0,-0.02657343422184877,0.005847999217512223,0.02721090259546477,0.0,0.0,-0.02564102564102566,0.0,0.018587495492963457,0.14953271028037385,0.15231785578323365,0.07080921469882218,0.04615388782555141,-0.05915494111766195,3.0799999237060547,0.040000000000000036,0.17706533329567997,-0.03378378162077511,0.0,0.04411760452090707,0.0,-0.02385314534924521,0.017977618870150813,0.019999980926513672,0.04142016442248475,0.039118457617800084,0.01142851677672585,0.0,-0.005319101716554586,-0.005076137217272736,-0.13188978077880653,-0.04469252186639683,0.015217428937526867,0.0,-0.027559029249642264,0.0014599366892840138,-0.04698445469950108,0.05769236941309597,-0.009296754775130478,0.03293434368831649,-0.015204582978237347,0.02840067171428906,-0.005964345852656594,-0.014925409553803393,0.0453238579255002,0.0243314843079252,0.0013579355603920984,-0.0037406585801578185,-0.004132132217377293,0.0182026834017861,-0.006992944810711221,-0.011764694882648974,0.0,-0.01886790755296608,0.07564923793632494,0.04347830593924007,0.006666713290744308,-0.006451637514175879,0.10985923861548286
2020-04-29,-0.003787875024959475,0.14533966625315675,0.080655002914235,-0.021739174096029212,0.021964550913117886,0.01926845674738975,-0.03111101293129348,-0.02912618662434696,-0.0054945655957939765,0.03536975886674609,0.05410446914725764,-0.013592321609176783,0.07106600459183698,-0.009771977863882841,0.037593947896937596,0.15666177001003323,-0.008928571428571397,-0.006784824714293647,-0.0007272431344697017,0.008403393670198822,0.037037001061669184,-0.011111082854094345,0.0,-0.011627918917780922,0.07284766650417018,0.07142858967489163,0.010204120690535445,0.026315789473684292,0.0,0.05352797397385656,0.008130081300812941,0.29789275860690156,0.08232127164815006,0.08936650997927376,0.10778447388192203,-0.3504901995158388,0.0,0.07163359735255193,0.02097908585256847,0.0,0.0,0.04680856935251798,0.0338345531072437,0.015452470547938413,0.07843139271514366,0.03409093002642427,0.036408584100019015,0.056497180137709435,0.0,0.05169339660449457,-0.04081634763179798,0.020408198571867153,0.09600407869275829,-0.0342612087362284,0.0042462804170979584,0.04251012868715054,0.1078716756107525,0.03176108547535206,-0.018181800448205276,0.030599722993748246,0.1362318648778309,0.054163927469625284,0.008720952270463878,0.0040002604849582735,0.0909091096748198,0.12663470304743774,0.08449636544090966,0.054090646215552596,0.057572010364088655,0.1439833064777103,0.0011171091184167814,0.1502347023707984,0.01587300085546861,-0.013157715473180898,0.0,0.09832048542490002,0.013888875091518038,0.08167767514843782,-0.04545453419510814,0.1252612566311544
2020-04-30,-0.03802286642577024,-0.030344798647124138,-0.0822068482849817,-0.02222220161814692,-0.016716355838208075,-0.025632861520212158,0.009174407318379707,0.09000003337860107,-0.005524856784194343,-0.03416147570840755,-0.008849591131132817,0.023622054692602923,-0.04739332030229515,-0.0065789411768027994,-0.003623184962974757,-0.03544303339044563,0.009009009009008917,-0.014381362757814764,-0.1244541706985356,-0.058333317438761356,-0.035714252262698754,0.0,-0.00862068138659311,-0.0176470371970624,-0.006172824001636434,0.0,0.010100984153337045,-0.02564102564102566,-0.0624997941600538,-0.031755108408517474,0.048387096774193505,-0.07527666139513922,0.04114712030802958,-0.06749746256283684,0.056756766335297026,0.169811372812412,-0.038461538461538436,-0.04812846633834478,-0.03424657089711591,-0.1111111244903803,-0.0704224701794175,0.0,0.0,-0.03695653909095553,0.009090943769975102,-0.01648357867215422,-0.08748287857061665,0.016042801408847396,-0.013333333333333308,-0.02542374456658214,0.037234070547677245,0.010000016954210045,-0.06669674489893884,0.013303756038703485,-0.003171219117359292,0.04368930106136548,-0.10000002599836544,-0.019297040573026614,-0.07407411086706317,0.009105373570894137,-0.08418378340782484,-0.015606173444696392,0.002881775685787291,-0.023904699446362088,0.0,-0.02993289466489213,-0.05082755579657949,-0.010148643421441061,-0.046153906863499516,-0.12840031922822404,-0.0457588605799184,-0.09795918565946338,-0.015624985448084439,0.0,0.009615375798129211,-0.058298819983715555,0.0273972334300725,0.020408143405366452,0.006802747127023556,-0.09977449911665237
2020-05-01,-0.03162052356155143,-0.022759647151366136,-0.04949894750468664,-0.056818195672567295,-0.009107491828738157,-0.0062478841428353915,-0.0318182613772221,-0.0733945325371903,0.008333391834189907,-0.04501591827423301,-0.07500001490116148,-0.02884609342222244,-0.059701512601746054,-0.01986753084718018,-0.050909129056063596,0.040682358957776055,-0.0357142857142857,-0.006793991386447873,-0.14546965857032668,-0.11504426272494794,-0.037037089364844955,0.0,0.014492739601511984,-0.011976060083780937,-0.012422328852972675,0.0,-0.050000000000000044,0.026315789473684292,-0.06666685828490182,-0.038163720623604735,0.01538461538461533,-0.0917800028853073,-0.0419162114347259,-0.017817355853925076,-0.09462918564081146,-0.03225808436366906,0.020000000000000018,-0.06882037059895929,-0.028368768112070564,-0.12500001693313778,-0.09090909090909094,0.052845477238391725,0.021818161010742188,-0.013544005666935366,-0.03603608634755984,-0.04469269576030488,-0.14688840324587182,-0.05789474684855911,0.013513513513513598,-0.01217394289763074,-0.030769261805968173,-0.026402614641303,0.012863379920053264,-0.0021882338087966247,-0.0190880487116194,-0.004651180533475685,-0.07456158088553899,-0.02857806149570985,0.059999942779541016,0.00902329789929368,-0.052924690373205574,0.0007312241873096426,-0.012931143458860928,-0.06122437374063083,0.0,-0.031486312020913565,-0.03100221307619111,-0.04144408298313407,-0.032258131243054544,-0.08447777683887658,0.0023391249131874403,-0.026018155196899206,-0.03174600171093711,-0.01333345379474249,-0.01904760174740394,-0.05209739634647237,-0.0933333237965902,0.0,-0.02702706534118826,-0.13013998842940733
2020-05-04,-0.008163257362146625,0.01746723254120064,-0.027278385891178036,0.036144616382703276,-0.000306400715422539,0.0006617653846052729,0.014084525100595213,0.11881188703113854,-0.04407715724144856,-0.01346798900430557,0.04247109542846639,0.01584152461399868,0.01587304257087707,0.010135125338900819,-0.06130262599349068,-0.065573754473355,0.0,-0.020567490752397943,0.09241240142736973,-0.030000019073486373,0.03846159489197354,0.0,-0.015714304787772027,0.018181795723863026,0.018867876242905535,-0.13333336512247718,0.0,-0.02564102564102566,0.07142879139852942,0.024178698971186963,-0.007575757575757569,-0.01405946180637585,-0.06375002861022949,-0.10430834821872659,0.11016952234655619,-0.06666670905219185,0.019607843137254832,0.06485683885999127,0.02189776057446302,0.0,0.02499997516473229,-0.019305001534071664,-0.00889674642630911,0.0526315846903187,-0.026168199809568193,0.08187132089466909,-0.006790710719077886,0.005586599319025387,-0.06666666666666665,0.042253566057856906,-0.04232806535494815,0.04632766437734559,0.03715903906541551,-0.017543843138140613,0.01081085205078125,-0.03364482832658766,-0.004738877398494212,-0.009163276029168,-0.056603722658898126,-0.022939514985542475,-0.07352947100993723,-0.01072371101195646,-0.0014554546073624053,0.054347716348176256,-0.013888923053808955,-0.06111825816071914,-0.012179489321995973,0.01220254928447706,0.0256411440955846,-0.022727184019084135,-0.02683773198047601,0.018583136755684126,0.0860655873861722,0.01621650874109526,0.009708728874782357,0.009279094383804587,-0.12499996712979178,0.0,-0.01388887601134181,0.017960036683659197
2020-05-05,-0.004115222299809096,-0.040057187716674436,-0.014658919093491818,-0.023255860695907793,0.028194967606070875,0.010912696144423029,0.004629677627521422,-0.008849549119871458,-0.08933715856587443,0.02730379380977377,-0.027777794947839718,0.011695956830492849,0.026041599404483362,-0.023411348835963186,-0.02857140076751319,-0.017543875172268297,-0.02777777777777779,0.020905628529229725,-0.052537804172298364,0.030927855323080733,0.11111109148818321,0.0,-0.05660375530377537,0.01190477442118909,0.04938274899652262,-0.23076920255401323,-0.07368422391121843,0.0,-0.13333345043336597,0.0030267033813735633,-0.06870229007633588,-0.059714870726217284,-0.0574098586753935,-0.030379777855453316,0.00508905358442302,-0.12142851790603082,0.11538461538461542,-0.022662874804038946,0.02142852388888028,0.1038961622039043,-0.024390220263873164,-0.011811012535560939,-0.012567355386723045,-0.013043466092057199,0.0,0.05945948007944457,0.002867172012049224,0.0,0.02857142857142847,0.025337853620659878,0.016574636214070848,-0.004319650201332403,-0.0018141126973229005,0.026785688626827175,0.010695125531074101,-0.029980697779691257,-0.07619058770372034,0.008761270601477245,-0.019999980926513672,0.0035814037127805953,0.003174755023917397,-0.00812986943532179,0.014577219620130144,0.01010306492334756,-0.05633797681918895,0.022853141134327126,-0.011593741954802672,0.046584270571317754,0.009999937478541776,-0.023255779805650634,0.051558682806640777,-0.059293093571430755,0.0,0.0,-0.02884612739438741,-0.037482367310958886,0.0504201175583856,0.0,-0.07042253615718541,-0.027962720605434588
2020-05-06,-0.012396682001644121,0.0,-0.14424346162105384,-0.035714252769540544,0.008941828457560641,0.00228981670313666,-0.018433244098807755,0.26785709914200173,0.060126523304170565,-0.00996671495945356,-0.007619040352957573,-0.003853550096567959,-0.06598982682823085,-0.02054800672275059,0.05462179402158429,-0.05219778622777338,0.01904761904761898,-0.002938472822226479,-0.0159774507413174,-0.030000019073486373,0.16666666666666674,0.0,0.0076923370361328125,-0.02352943621201642,0.0,0.0,0.045454575010568155,-0.02631578947368418,0.0,0.017501512235145844,0.0,-0.029383970139074234,-0.011331434044538846,-0.0678851163557389,-0.0227848484813733,-0.004065069016685574,-0.12068965517241381,0.05072484757008988,-0.03496503264812256,-0.09411769490753352,0.02499997516473229,0.003984059960657982,-0.027272744612260258,-0.03964753961477019,0.005758106094345017,-0.07653061075540246,-0.02749065762494396,-0.016666687850082407,-0.02777777777777779,-0.016474526959091684,0.021739109308372973,-0.039045618213151556,-0.04497931278472633,-0.019565147307958775,0.0,0.016949160600185476,-0.053264726921213645,0.02484918601540298,0.0,-0.01625697552252381,-0.02531663075442947,-0.002235562222723697,0.0028736463099499066,-0.003878179308624663,0.0895522539807514,-0.012863660624262807,0.030534338079347023,0.0012799199043764808,-0.03589103333872257,-0.08095276437001997,0.0011404094054887626,-0.10060605135830969,-0.05283022636448742,0.0,0.009900980750178201,-0.03343129575193082,-0.04799995422363279,-0.002000045776367143,0.022727287505283966,0.009417794909077681
2020-05-07,0.0,-0.029806230719540916,-0.02040808880611744,0.03703700160674983,0.014180215595114287,0.04438647559668252,0.028168986094077253,0.05633806009374043,-0.05671636543605196,-0.05704726642554181,-0.0019194297137458127,0.08317206627806417,0.02173910977784832,0.0664335888774894,0.007968119921316186,0.010144969726455288,-0.05607476635514019,0.0009209658540685339,0.021967482650778525,0.0,0.0,0.0,-0.036641258162833146,0.024096411181858457,-0.041176440669041026,0.20000004768371582,-0.04347828791136965,0.08108108108108114,0.07692300133401941,0.027283550014213453,0.0,0.07324187936014992,0.020057287407311275,0.11904760791696622,0.015544088815740986,0.09387756002358105,0.13725490196078427,0.08137938755276286,0.0,0.0,0.0,-0.01587300085546861,0.014953257034038936,0.03899084199268499,0.0706107592667482,0.011049660297000496,0.06467662256423323,-0.011299381604492176,0.02857142857142847,-0.016750403374697242,0.0,0.00902933711129017,0.009990163122226337,-0.0687362314599167,-0.005291025581380615,-0.004901979575474669,0.05263174880964838,0.01836155338281853,-0.04081634763179798,-0.010479724045966976,-0.016233696101041306,0.007468144765027995,-0.001432819283092246,-0.006147676410101277,-0.041095896802363696,0.06241393874112777,0.010117563749894032,0.00639109394741233,-0.04364570307130544,0.08497441186816124,-0.10820049853106406,0.09029650531062927,0.0517928744760372,-0.00106395666338166,0.0,0.04370960250375222,0.06722682341118058,0.0,0.014814800686306473,0.02510601396237422
2020-05-08,0.0251045774669314,0.0768049128142474,0.126543137072328,-0.04761900369272076,0.02446844543748017,0.023437514551915006,0.05022827235159233,-0.06000002225240075,0.04430375401359932,0.15302508167119733,0.06153849680748347,0.0,0.17553196301265395,-0.006557370898096271,0.09486166492124792,-0.004304190625395554,0.0,-0.08860873414038217,0.01495337631621907,0.010309317880007551,-0.11428574153355187,0.011235926160607423,0.011093529682433267,0.01764703719706251,-0.012269985073534717,0.0,0.03409089513389851,0.050000000000000044,0.07142879139852942,0.014434170804444424,0.0,0.08917252639390294,0.20084274271915858,0.09887359004798446,0.19897951984445372,0.03731345673610176,0.051724137931034475,0.03316288347709606,0.021739197606628347,-0.025974001846660322,-0.08943090455232161,-0.016129016752173708,0.0,0.011037463925375857,-0.008912689758447612,-0.016393401615722336,0.03525895030842041,0.0,0.0,0.03066444781687383,0.00531914387692578,-0.012304212733814213,0.0937352622883234,0.021428608732160237,-0.005319067988256432,0.026601031321296542,0.06206872117592299,0.039066169833044784,0.9361702734768904,0.025661934760405458,0.07260728630245916,0.016308439109865125,0.011477867788907359,-0.006185384932114624,-0.02857140076751319,0.02840570280628274,0.037381567664110715,0.009737544954317334,0.12348988366072677,-0.020057450181870884,0.08301405624623182,0.09147092177513083,0.045454500299513256,0.0,-0.00980391240220746,0.09213404118706281,0.05511815236486828,0.012024132739239413,-0.01459852642697701,0.03855697508837941
2020-05-11,0.020408143405366452,-0.02282458188660985,-0.06712303656555141,0.08749998975545181,0.014785302097202191,0.011908334283367683,0.017391248592811825,0.08510638837525097,-0.06666667629974066,0.02160469660961062,-0.05072467586518947,0.007142830786271759,0.027149294906732013,0.0,0.04332134469456683,0.0,0.10891089108910901,0.012316946529230322,0.09576423439334603,-0.03061226376490178,0.0,0.0,0.09561122973909231,-0.05202313727646135,0.024844736685186053,-0.15000004967053537,0.0,0.0,0.0,-0.03528743908872001,0.008196721311475308,-0.0442773383008348,0.017543814641410194,-0.04783600103274899,0.17872344397376216,0.2410072172790232,0.21311475409836067,0.0876546297920664,-0.021276660088554222,0.22666668891906738,0.07142860944173757,0.0573769931157615,0.13259673845129782,-0.028384304935910154,0.0,0.05555555555555558,-0.025030607336077537,0.04571427352574453,-0.01388888888888884,-0.006611563734210235,-0.03703700199609339,-0.03963764263803382,-0.0633073474648318,-0.030303057248691756,-0.03743319435188197,-0.034548911136408234,0.03733763977344151,0.008453861216139114,0.010989000192372256,-0.012708339768727428,0.01846161750485975,-0.02188169381922689,-0.024113461715369544,-0.020747058547699426,0.0,-0.04519793812139772,0.0222413562425674,0.009364055071537258,-0.07885300744284984,-0.0048731775661767784,-0.06957558517983586,0.01812002817605407,0.14855075624905023,-0.009584592652531865,0.019801961500356402,-0.0023341012123525573,-0.10447759866236506,-0.00990102749433508,-0.044444472701461235,-0.08986614946599403
2020-05-12,-0.02399997711181645,-0.06715329117535906,-0.05433182061144548,-0.06896551960383057,0.00672457666764692,0.003017498730028878,-0.059828871301018105,0.0,0.022727329024459175,-0.11782439198292494,-0.07251901797748961,0.003546171502294415,-0.12334804106401209,-0.026402615333808388,-0.0899653913583085,-0.03458211647675058,-0.0267857142857143,-0.06572251479522029,0.08403361164950818,0.03157896744577515,0.03225811165403902,0.0,0.008583751299193754,0.04878054034260115,0.23030306112886678,0.3039216350839957,0.01098905321586674,-0.0714285714285714,-0.06666685828490182,-0.04247802875416096,0.2195121951219512,-0.11101442069684953,-0.062068962493303736,0.020334938190836427,-0.023465724789903275,-0.06376819099138076,0.14864864864864868,-0.009080998762792003,-0.02173908316570594,0.0,-0.025000074505802994,-0.0658914119777062,-0.0975609585899887,-0.04269653674764473,-0.017985594543473482,-0.00526317797209086,-0.012415802667860909,-0.021857950823361172,0.0,-0.008319498973491046,0.0,-0.0011791598758603694,-0.034022900159029645,0.028846242018708557,0.02222220102945971,0.06063614624585556,-0.0547729927749111,-0.1769247768322244,0.07608694736696164,-0.11061959945789013,-0.024169253051934625,-0.04026845966801618,-0.018895320009847727,-0.06991538209248938,-0.029411835418260313,-0.01117673742181069,-0.07066986560185473,-0.05137079786436116,-0.012970087637292127,-0.09353567364532833,-0.06970853804870392,-0.0378198177134772,0.025236568385065494,0.002150282576990792,0.048543760111089185,-0.02072195313009484,-0.09999999999999998,0.0100000381469727,-0.062015446567252885,-0.07230387483625422
2020-05-13,-0.045082020874914086,-0.06572771284343382,-0.0489133209305781,0.0,-0.03673808945014545,-0.029181674820285886,-0.036363824822639446,-0.05882347441324487,-0.028571476147016606,-0.09589076157664345,-0.053497988012157216,0.0,-0.12060298417004411,-0.027118698586953704,0.01901138788616108,-0.017910483611614403,0.0,-0.028661374357888514,0.03643410386602319,0.08163267093517002,0.0,0.0,-0.01560285539551709,-0.052325595632738864,-0.10837441910430412,0.0,0.010869537424425646,0.02564102564102555,0.0,-0.042513786148924315,-0.08666666666666667,-0.09439534857564835,0.012254948938686727,-0.0832355900980205,-0.09426982743606505,0.41795669412966685,-0.07058823529411762,-0.09163791967607526,-0.07407406540858896,0.08695650202114802,-0.05128200425668883,0.0,0.0,-0.02582162619819317,-0.06593408992659677,-0.04232800281520632,-0.02045605524416727,-0.022346330007388837,-0.028169014084507005,0.010067104428777007,-0.010989065691980104,0.03305781867105084,-0.033793368845400185,-0.039719642046830095,-0.04891302376027773,0.0,-0.08609289865665526,-0.050924724093927676,-0.06060606243050637,-0.02306636937997464,-0.040247681769757904,-0.03859122045364638,-0.05777776598341122,-0.07517063799355961,0.0,-0.10571796948439205,-0.041379255520237246,-0.07619327190098868,-0.04467819662873029,-0.05402504684626264,-0.024523164799442054,-0.002312081499577401,-0.006153840285081147,-0.007510708687451739,-0.046296360684027316,-0.04095559340742183,-0.10185186105009914,0.0,-0.04132231274684206,-0.04925458629325108
2020-05-14,-0.02145920770536125,0.018425483648278895,0.00653087357877058,-0.024691334404499887,-0.0002889603900472215,-0.0006197996471227762,-0.0047170306544837,0.0,-0.06862746473002213,-0.003787523858928221,0.002173962845469779,-0.06183743707984424,-0.06285712832496282,-0.013937269494084026,-0.0298508060193573,-0.012158079491219054,0.09174311926605494,0.019011986101665768,0.02094241186251944,-0.028301903767787184,0.0,0.0,-0.06628242569946141,0.0,0.17679562474590638,0.0,0.0,-0.050000000000000044,0.0,-0.020592054507129753,-0.014598540145985384,-0.007599859883023585,-0.010895901948428155,-0.014066512928353925,0.0367346581296597,-0.06113538330281432,0.2911392405063291,0.06683494060636419,-0.02400000960205062,-0.24000000953674316,-0.036036001204980406,0.012448120465286205,0.0,0.00722885115223959,0.003921564960883028,-0.033149191647752096,-0.0060910627915117255,-0.11428578702378223,-0.01449275362318836,-0.0315614713990775,-0.005555550404536702,-0.01714281354631697,0.015849241180896367,-0.01216549613396456,0.0045714242117744774,0.0,-0.028985244404905686,0.008472161489785357,-0.01075267783478251,0.004166598466665672,-0.016129171398194697,0.015086351491458094,-0.029874205240175367,0.03201981806999532,0.030303105365945715,0.044609603645997975,0.010980676650477417,0.026386445643668877,-0.0068775735972429475,0.07367235507531977,0.03910626996628008,0.05561987669422219,-0.04643965773426173,0.016939784846449868,0.009708728874782357,0.11281138908397925,-0.03092786609233189,-0.08910896417942749,-0.008620722256998503,0.07542673990663151
2020-05-15,-0.017543843138140613,-0.03782895098019845,-0.08029194413266105,0.025316430864913864,0.011849674075886663,0.002170607165273175,0.04265428422806461,0.006944437545759019,0.08771930118089988,-0.05323213548120609,0.04555315229175072,0.07344627808829873,0.012195110131936637,-0.0035335656299810836,-0.0076923006385033466,0.026153877190585373,0.24369747899159666,0.0027501201079411786,-0.016117212090736355,-0.05825246314164567,0.0,0.0,-0.08487657239444002,-0.018404968830610713,-0.1596244212734259,0.0,-0.08602149287974437,-0.02631578947368418,0.0,-0.003942087359249946,0.18518518518518512,0.018599536383379522,0.017135904775445354,-0.002594031235740535,0.041338590807255216,-0.3279069509552638,0.32352941176470584,-0.007092302079533042,-0.016393492492863926,0.0,0.08411206519388603,0.02459013990675496,0.00900895714943828,-0.01913873851469783,0.03125006402842834,0.0114286150251115,0.02648296579766929,0.05161297138770493,-0.044117647058823484,0.0017153051479765757,0.0335195884175985,0.0430232405984905,0.008776185221588628,0.029556622475449545,0.023890789426431525,-0.04779758437068127,0.0018657156577330802,-0.003640360032226786,0.021739109308372973,0.032272882774633915,0.013114847704337684,-0.01167743004571753,0.04538073141308252,-0.008353302786166639,0.0147058175332615,-0.00498238919924654,0.04961848603950969,0.0006157776491857447,0.027700808739782756,0.00957427750943185,0.014784882001987354,0.10757415289169026,-0.04545450323165556,-0.00591067946863677,0.1057692484037418,-0.004157373399812592,0.06382978993230615,0.021739110153428554,0.026086973107379396,0.0036914131010137297
2020-05-18,0.031249970064631594,0.07008552665523826,0.02733671703243945,0.0,0.05141394917302211,0.05321779868399146,-0.004545563445417455,-0.02068971697413624,-0.029032231270335718,0.2409639636554719,0.056016591558221585,0.014035119962898301,0.08433736439464612,-0.03546095992902232,0.05038764274619778,0.049475251248770835,0.18243243243243246,0.003979297739613585,0.05510045558599863,0.19587635150155047,0.0,0.0,0.033726862039105354,0.0,-0.027932960496998893,0.0,0.035294102687461804,0.054054054054053946,0.07142879139852942,0.08575177349884533,0.10000000000000009,0.2384528687567029,0.03610098939975548,0.15604685008754515,-0.06805295578646853,-0.04152245138515964,-0.1777777777777778,0.05833324480907054,0.058333382137618406,0.6447368627439909,-0.017241363363798556,0.02399997711181645,0.026785731771771015,0.021951257239347655,0.0208332674822449,0.10169486776686565,0.08208953326485502,0.01226988018736841,0.04615384615384621,0.06678079731089981,0.0378378012652294,-0.026755932848146702,0.08264847155025934,-0.011961654533746202,0.0,0.016732291225107332,0.1098694125327051,0.015176983503097041,-0.01063828775385156,0.06744085316824977,0.05501606748819987,0.0499466106082469,0.0046511749479056785,0.10469302691455651,-0.057970960122986526,0.22460692605331256,0.020908853042071796,0.06107694185697121,0.04177897202920566,0.10484734710192956,0.09879845602906712,0.007928634538775237,0.09523808365313058,0.0,-0.0782609002125968,0.12395634829828239,0.029999971389770508,0.010638338885950116,-0.1525423865796366,0.14564174353407777
2020-05-19,-0.025974001846660322,-0.06389777647642036,-0.028326112605058462,-0.012345667202249944,-0.0497147549854603,-0.03819039740468355,-0.009132328131077228,-0.028168988071767043,0.01328902391354192,-0.04854372818223884,-0.045186642864155524,0.0069203893336313715,0.04444440127400284,-0.0036764670434089597,0.0036900333293332643,0.0,-0.12571428571428567,0.011730061474041653,0.02752298352949878,0.008620640043698113,0.0625000139698384,0.0,-0.00815663781425946,0.03750004139808505,-0.005747111737085198,-0.015037668789816938,0.011363679876669641,-0.02564102564102566,-0.06666685828490182,-0.024908632929173558,-0.11363636363636365,0.11014748624232196,-0.008130046180656048,-0.029246368823497404,0.03448277529681665,-0.043321370899301104,-0.036036036036036,-0.04499428452708354,-0.007874039737413407,0.19999999999999996,-0.026315764707210976,-0.015624985448084439,-0.001739170240319332,0.0167064846552325,0.0500927620806344,-0.020512800950270416,-0.04709356094564665,0.0,0.0,-0.020866791981206334,-0.05729167539781599,-0.04009157458738566,-0.033481958853939675,-0.009685220519283777,0.015555593702528236,0.0,-0.06208052003994624,-0.015503808835924837,-0.0322580975953628,-0.059414314769725696,-0.018404789522993514,-0.016624471151278963,0.010802415937486431,-0.07407389711379453,0.0,-0.021028248113700743,-0.019233835159103707,-0.0008699080401892711,-0.007761848995440301,-0.11778739685355821,-0.06439855959747998,-0.0029498262287254162,0.01863352243677996,0.0,0.04716988134401512,0.0634286063058036,0.009708728874782357,0.0,0.2800000190734864,-0.040288898110292015
2020-05-20,0.031111081441243416,0.04095559140785032,0.008833894805147624,0.12499995343387194,-0.0002859039201285052,0.007635948658007097,0.009216496198581448,0.04347830593924007,-0.00327868544904808,0.05102045109177311,0.05761311219732734,0.005154661306988162,0.037234050198272195,0.0332102999639996,-0.014705868173635728,0.0,-0.0980392156862745,-0.008099945916886453,0.08447798994799327,0.0,-0.02941180595477033,0.0,0.016447352942006832,0.024096411181858457,0.028901733254324657,0.0,0.011235926160607423,0.0,0.0,0.01682217175015821,0.08974358974358965,0.07734384147418671,0.16510536928692976,0.0625724165344359,0.10000004674874186,-0.045282976769092875,-0.009345794392523366,0.03180222723357207,0.05555553814721459,-0.1933333079020182,0.02702700090373522,0.02777775149707007,-0.003484317373521062,-0.007042302393543309,-0.008833871951527739,0.03664915401100921,0.022952826950392247,-0.006060541045300294,0.38235294117647056,0.00983605634714424,0.23756910516630692,0.00954653014481388,-0.005080887554724023,0.01466991211273605,-0.0010941169043983123,0.011616639539725249,0.03577808215143086,0.010967361490074712,-0.033333302427220435,-0.004003493930610946,-0.012499884070655831,0.019246111258012677,0.06106870351807947,0.03176455339870943,0.0,0.014916454872158758,0.03486468587460223,0.022057706607004457,0.015645343511364818,-0.0016216919835051469,0.023376611732672803,-0.12524658922718623,0.04268295918455611,-0.016756549967132717,0.08108111010696084,-0.010209593112637028,0.009615375798129211,0.0,0.007812455180101763,0.028767308574487505
2020-05-21,0.0,0.01475412360573003,0.08581439696003601,-0.033333302427220435,-0.020875004753658777,-0.01727793918468945,0.009132390481833008,-0.013888957875743513,-0.032894705884013775,0.003236112280951664,0.027237421587420707,0.0017094363928247258,-0.01025640064233635,0.03928576263846262,0.0037313396321503323,-0.022857104418228413,0.050724637681159424,0.01745305434355493,-0.09816334844904806,0.0769231270834625,-0.030303001841675226,0.0,0.02912626378246541,-0.03529415431802452,0.022471852321214625,0.0,-0.022222236350730618,0.05263157894736836,0.0,-0.019607663714369616,0.08235294117647052,-0.042784639136426605,0.0874371761041608,0.016357646377566315,-0.04634585074759312,-0.08300396597832915,-0.018867924528301883,0.07077624121226522,-0.015037581039273884,0.0743800920098645,-0.017543843138140613,-0.05405400429540086,-0.029720210785373347,0.0,-0.019607866469959268,-0.070707054165428,-0.011522145551698282,0.024390200924095717,-0.15957446808510634,0.056818245152516766,-0.08482145375515115,0.0011820601461871583,-0.0167129557386283,-0.03132532806108479,-0.04162104158573576,-0.016267950181512947,0.06390338250197325,-0.00890124306072626,0.011494241848790887,-0.00887913047855493,-0.012658315377214735,-0.005869098862647415,-0.002877705476752146,0.02622585903450725,0.0,0.016461026963543013,-0.01807341322013012,-0.007667200244036665,-0.001283723546675386,-0.0378990745005614,-0.05583752106413764,0.0033821570866119366,-0.0263158335029684,0.0005498258453546789,0.0166666501098216,-0.001085801177026724,-0.01904760174740394,-0.008421044600637306,-0.05426355271046812,0.0037392840710430697
2020-05-22,0.12068964631322143,0.0,-0.028225891561116434,-0.057471277755039685,0.007593444481340139,0.0033929418983795756,0.0045248105533315375,0.0,0.03401357234227764,-0.0741934648656839,-0.01704548276734963,-0.001706519206787549,-0.03626943687919548,0.0,-0.011152405483875416,-0.011695929874265598,0.04137931034482767,0.0020982735468650926,-0.011235944019676425,0.03174600050953447,-0.03125004423782163,0.0,0.02201255716141537,-0.012195135085650288,0.0,-0.07633580839735754,0.06818186251585212,-0.050000000000000044,0.0,-0.022499972290943915,0.0,0.014394031692377185,0.1478743462659331,-0.03433473232857809,0.018691571292548614,0.08189657593926292,0.1923076923076923,0.013859347018752244,0.04580160724165938,0.07692309808448994,0.017857125751218117,0.04081628681073313,0.023423357321821436,0.014184383571866466,0.012727303938432133,-0.010869503246587309,0.06503067980713095,0.0,-0.189873417721519,0.023041415246775943,-0.02439022120941492,-0.010625755578572371,0.03777137493911398,0.03233833707903555,0.04342858450753351,0.01167314092180427,0.03409080946119536,0.012910442623710772,0.01136362558800319,-0.014097354592787825,-0.02243602843234216,-0.0035932865615134757,-0.0028859345414913307,-0.011111088177061856,0.030769200135568386,-0.04858305118674344,0.0150108697734197,0.004578619224764324,0.0012853736110460812,0.07822159775333315,0.05645167955044772,0.008988755857864295,0.027027073468436136,-0.005494823232231827,0.180327888074596,0.05434782721369835,0.029126186624347072,0.0,0.04918035990574876,-0.017006851687923152
2020-05-26,0.0,0.006462029318783147,0.06722010524163435,0.0,0.016521704628746026,0.01598525835874054,0.06756766315461094,-0.007042247017941761,0.029605313722777638,0.11846687052007554,0.0211946305012789,0.00512822703352489,0.0053763817595939845,-0.013745772883779095,-0.003759394789693782,0.02218932798231754,0.08609271523178808,0.006543474888696332,0.026988620841594146,0.02307693774883557,0.03225811165403902,0.0,0.0,0.0,-0.060439548155384215,0.024793364003288243,0.042553149756217934,0.0,-0.07142850625228758,0.03196921531043717,0.10869565217391308,0.0836444324185166,0.24074072083342224,0.05111111534966373,-0.045871561238404746,-0.003984091497005848,-0.024193548387096753,0.002102822898353285,-0.05109492837540952,0.07142858967489163,0.008771921569070251,-0.015686259843532002,0.019366221274442985,-0.006992944810711221,-0.0017953731730053768,0.08791200038733837,0.024001601291734342,-0.041666648748363566,-0.03125,0.031531537981727364,0.009999990463256836,-0.028639590434441864,0.008644351824566021,0.03132532806108479,-0.015334100938434347,-0.001923029309897406,0.06279439752786975,0.05901914821583887,-0.03370783356400553,0.09732479719756615,-0.006557263459904927,0.044049462184552635,0.004341621506885218,0.02696642138315042,-0.014925409553803393,0.0668692272534035,0.04049277007908869,0.044295693646282386,0.026957642162855233,0.030793160253704155,-0.05216303233500719,0.023385306108231196,-0.017543912239656678,-0.008839606479971729,-0.04166670805877948,0.07061860134908549,0.02830197379104904,-0.0021231908282043355,0.015624984866008385,0.04218160209620425
2020-05-27,-0.011538450957754964,0.012841079207243977,0.09409001758459623,0.012195110427418276,0.0416310319647617,0.04114974742419575,-0.03797467625123341,0.0,-0.04153358136989671,0.00311513633414906,0.009433907943081188,0.003401347757181483,0.10695185211282632,0.03135893943436807,-0.003773581171086837,0.06222871691467713,-0.012195121951219523,0.02496361078755438,-0.08782852188750656,0.007518753861753602,-0.09374998370185517,0.0,0.05999997945932245,0.05555557419350299,0.011695951223034351,0.0,0.07142858533052965,-0.02631578947368418,0.0,0.06319681964423118,0.004901960784313708,0.09097184299507721,0.016872175954336432,-0.010570864806181857,-0.030769202554013275,0.14799995422363277,0.0,0.013641206211397083,-0.007692331054506618,-0.06666668256123864,0.0,-0.003984059960658093,-0.02072536897231292,0.023474154755812382,-0.010791356726084111,0.030303050736824266,0.02568904896785207,0.006211188021244984,-0.048387096774193505,0.09024743753814879,-0.029702942250534492,-0.01597052935600396,0.02751461408280198,-0.014018788942859906,-0.010011140698471532,0.02312136497804751,0.059084238375676223,0.04003136395684104,-0.04651165208409025,0.014712128645689715,0.02970299054500236,0.07327888842643882,0.015850107885343245,0.008752625527956637,-0.030303002154437042,-0.005697578282713556,0.022842836486764995,0.02209496390241239,0.03499991562964522,0.0,0.11543642041470692,0.010881434824348002,0.05654763784301853,0.003344507579295719,-0.007246369925949403,0.11916226898996474,0.14678895570806327,0.0063830236225137504,-0.038461538461538436,0.08300395256916993
2020-05-28,0.0,0.033280513478811224,-0.07249458677017462,0.15662650342845197,0.004653737115060341,-0.010462078904701855,-0.013157971962830639,0.014184383971608927,-0.013333320617675781,0.22360269107383468,-0.016822369599072684,-0.005084767436376869,0.033816431055874174,0.006756750225933805,0.011363625074878314,0.012261503269688223,-0.012345679012345734,-0.0001522162523754922,0.01213039034466079,0.0,0.03448272460139301,0.0,0.055152412453491895,0.0,-0.03468213870591652,0.0,0.0,0.0,0.0,0.005244971099083395,0.04390243902439028,-0.08338605948374378,0.0,-0.0032050997939716552,-0.10714285038496085,-0.11149821133445847,0.06611570247933884,-0.08592119432145595,-0.007751900497719566,0.04285718786473258,-0.04347822030685711,0.0,-0.02821866759421443,-0.020642236199966635,0.0,-0.004901979575474669,-0.036197625796473454,0.012345694612001967,0.06779661016949157,0.004005368588131608,-0.020408204226431526,-0.021223479580059434,-0.011413481554257032,0.016587719227871833,-0.028089888844431754,-0.011299424374029976,-0.07949763698648693,-0.01987423686861245,-0.012195110427418387,-0.004556724295223247,-0.04487174327728727,-0.014712371023364978,-0.019858206484126617,-0.11816186338893842,0.031249970064631594,-0.024069053623592684,-0.035732117920896145,-0.0005337725410219374,0.01086959557632139,0.013164511541334134,-0.01925400108194797,0.026910656730523064,0.016901392559285133,0.0011111545777833243,-0.007299263086460783,-0.07593036064847392,0.007999992370605558,0.004228325760225138,-0.02400001525878903,-0.020729900276573954
2020-05-29,0.0077820939478694395,-0.013803704425026875,-0.006896743892893298,0.031250032984341924,-0.0002725046100466866,0.006167444065285466,0.013333412632416719,-0.006993000580457598,0.06756758280615438,-0.09137066076758815,-0.01901147853960916,-0.02896083263979976,-0.06542057185401118,0.0033557014762590764,-0.011235944019676425,-0.052489873828273304,0.0,0.013042334562941571,0.1048689349050711,-0.10447758644666494,-0.03333330154418945,-0.022222236350730618,-0.060522704040555375,-0.07017535495805849,-0.041916138484631604,-0.07258067152130476,-0.028571416461278476,-0.027027027027026973,-0.07692318558234723,-0.010434804016522303,0.004672897196261738,-0.0013784572180686183,-0.09189537505083323,-0.02143620695611892,0.0,-0.011764725681819521,0.007751937984496138,-0.09286533610531311,0.007812461925206016,0.0,0.027272700672307915,0.0,-0.010889367899150737,0.018735345213911625,0.009090943769975102,-0.03448270354182437,-0.00208636026796738,-0.024390274345432283,0.031746031746031855,-0.035904252873847464,0.010416719053562673,-0.0012755393733678844,-0.021758375666477092,0.051282113982532795,0.0011560958754741613,0.046666644868396556,-0.0303033417740467,0.03850102759878715,-0.08641974400173069,-0.004577583079253933,-0.0033556459383135007,-0.009588536889184929,-0.02170757382849453,0.09181129375877095,0.0,-0.05402240324633678,0.03842865051150901,0.019759622128014298,-0.015531660769719902,-0.020489469323792142,-0.03803665220653307,-0.02096434067765862,-0.016620483247395845,0.004439267203283581,0.0,-0.030726250534332866,-0.04761900256640572,0.01052635594418172,0.01639342724524062,-0.008646419427886465
2020-06-01,-0.01544400122725742,0.02488341034537922,0.0038581789213403272,0.010101000370632551,-0.02234941095144438,-0.027729137574752816,0.004385890838373374,0.07042255412962395,0.0,-0.008379690328704115,0.011627896231359847,0.026315818315436612,0.03500000635782885,0.0033444784051375187,-0.007575840359983155,-0.04119315968964943,0.03750000000000009,0.013525760309963886,0.0074576684984111186,-0.008333365122477177,0.03448272460139301,0.0,-0.011713019707128458,0.0,0.018750031789143806,0.17391308854793652,-0.009803958845400862,0.05555555555555558,0.08333346085707527,0.03222018439419849,0.041860465116279055,-0.0034506638196306616,0.04567818644514432,0.032858728036635254,0.0422222349378798,-0.03571428346165362,-0.0461538461538461,0.06491881056969562,0.007751961710304123,-0.24657534582124097,0.0,0.0,0.02752295424165485,0.041379381407362414,-0.02522528621827247,-0.015306180539302772,0.003041245777488877,0.02500003198417078,0.03076923076923066,0.062068939208984375,0.03608243875162076,-0.02171137649430288,0.00907843250428142,-0.02439027226871704,0.027713599924586996,-0.02729756114492987,-0.04218752524516045,0.014087980912559361,0.054054001807470664,0.005852814605983525,0.02356882909359559,0.008028491530977178,-0.031065244167229666,-0.022727317645447664,0.0454545548374099,0.09497180627505797,-0.003965114705166584,0.035349629153277995,0.04733003205571085,-0.031122420644457027,0.0051018923458818755,-0.002141376599242406,-0.01408449379940424,-0.005524663031546417,0.022058802260453536,0.006003842547177118,0.0,-0.010416705989173769,-0.008064470231593623,0.0
2020-06-02,-0.01960782480441492,-0.051593345176839334,0.03535734132317114,-0.009999990463256836,-0.01477557889430392,-0.00540382029438069,0.026200969444277078,-0.032894705884013775,0.0,0.09295760782478801,0.03639847985769418,-0.0017093542478755497,0.014492778105480664,-0.0033333301544189453,0.015267252678933252,-0.00740740021233377,-0.012048192771084376,-0.026789310159764712,-0.03499329989269562,-0.016806707199696347,0.03333330154418945,0.022727287505283966,0.0029629601372613834,-0.044025243223367316,0.049079706263639,0.0,0.05940591691035202,0.0,-0.07692318558234723,-0.007945460014761818,-0.017857142857142905,-0.013850313113729418,0.012096794609637973,0.014846170213970833,0.008528776410449135,0.0658436243601126,-0.08870967741935487,0.10082082424054994,-0.023076932421802643,0.5545454555306553,0.12389379317314764,0.02399997711181645,0.0,0.04856507284818812,0.04990757644025989,0.020725468481408438,0.009475106749412543,0.036585411518148314,0.04477611940298498,0.02727273290244603,0.014925358971198843,-0.026109636194406094,-0.019343391717796643,0.013636350336153846,0.0,0.0,0.008156747246022,-0.00926144929864603,0.025641078544558438,-0.009559496110605359,-0.006578940310532411,0.0049190410517172545,0.009160329657972754,-0.013953587968608128,-0.028985480061493263,0.022676025890431717,0.011776438743525075,0.005311054112550284,0.009270180787595228,-0.025803216403278983,0.005076200501843209,-0.007510697115483023,0.008571420397077256,-0.005555563691028942,0.014388475634778741,0.06731916294849793,-0.0083333250549108,-0.0631579348915502,0.0,-0.021203062588110888
2020-06-03,0.18800001144409184,0.011200027465820384,0.011135983206955524,0.0909091237491153,0.01867571559423742,0.011771818520640354,-0.029787253328666274,0.020408143405366452,-0.006329107716228521,0.36340213317677517,0.042513867940958905,-0.049657551999976346,0.1619047539754972,0.0,0.030075158317550033,0.022388037792902438,-0.04878048780487809,0.013204703829917452,-0.1331938512613906,-0.008546959779967,-0.032258034744817476,0.0,0.03397341502532902,0.026315817701655364,-0.005847938431231325,-0.18518518191469724,-0.046728914764923135,0.026315789473684292,0.0,0.0034323457455098794,-0.10909090909090913,0.10955055061253849,0.055112875204500034,0.19226752468790842,-0.048625796648207764,0.06949812612815398,0.026548672566371723,0.08200156277510073,-0.02362205703567899,0.0,-0.015748016714081325,0.0,0.0,-0.01052635594418172,-0.005281643288353122,-0.050761419353914206,0.03285154228743181,-0.023529510926694974,0.014285714285714235,-0.0859671101714492,-0.044117605809933624,0.0281501390178458,0.013302977917011294,-0.0022422037659871608,-0.0056178920453485715,0.0037418113585738766,0.08899668459981758,-0.005658138949568459,0.012499987892806708,0.020982021774313964,0.12913920336584384,0.023776410814847493,0.02874448208602809,0.030660478655560208,0.0,0.07649643375611781,0.02885245644947121,0.01811323825668243,0.011480983592446536,0.02756733028530589,0.05429280134761583,-0.004324320200327247,0.0,0.003910399398856512,0.021276660503010802,0.10735851790092155,0.0084033529263976,0.011235998399541591,0.016260146842582035,0.06621609203378176
2020-06-04,0.07407408299358686,0.049050622525228516,0.04478720521277513,-0.07407411086706317,-0.010833314558267304,-0.010143174197704052,0.004385890838373374,0.0,0.0031847102322188903,0.011342283655391139,0.1099291448711639,0.04504500526264943,0.0,0.010033435215412778,0.007299263086460783,0.04817517117627279,0.08333333333333326,-0.031378418580631284,-0.04424782744351863,0.04310344685839129,0.03333330154418945,0.0,0.03571428571428581,-0.03205135909823709,0.0,0.09090911061310525,-0.06862746259119046,0.02564102564102555,0.16666672211177191,0.0091222564485971,0.1020408163265305,0.04493657661151684,-0.08370043391880377,0.09728313980681791,-0.031111081441243527,0.14079411113598894,-0.08620689655172409,0.001968774163773279,0.008064540779677554,0.0,-0.039999961853027344,0.011718739086063357,0.12500005321843366,0.03191491520313172,0.003539819573261882,0.010695125531074101,-0.003271564740103927,0.024096489540636368,0.028169014084507005,0.13692949451502057,0.0410256008973342,0.010430237667573783,-0.003621714989940683,-0.011235891245119367,-0.01242944696159376,0.02516313786416058,0.09361091372468455,-0.020039524871034553,-0.03703707519273092,-0.005754098051632073,-0.035190573765592204,-0.010701444291085216,0.0088234738105879,0.013730075155229171,0.05970143487314461,0.09474775993415085,0.0003186714048850625,-0.008401288419382591,0.05221337239002111,0.017885616549917938,-0.04790409956208541,-0.09229102909327935,0.031161511163156463,0.0011130098413831835,-0.020833395421502532,-0.014542464762975271,0.0749999254941971,0.037777794731987946,-0.05599998474121093,0.032997130622157256
2020-06-05,0.1661441886780326,0.031674213351756686,0.03513684463327316,0.0,0.022746458613683185,0.019891495836549256,0.004366858054722922,0.006666660308837891,0.00317460005095338,0.14018652053746594,0.030351369558534014,-0.017241397880866316,-0.00819671330225158,0.039735140640910105,0.03260866466677248,0.19777161641737728,-0.08284023668639051,0.034413132412789205,0.0042087970944935105,0.008264415259734426,-0.032258034744817476,0.0,0.0,-0.05960267105483852,0.011764675963158666,0.0,0.08421051293088677,0.10000000000000009,0.21428568984460794,-0.0016951383600576353,0.0185185185185186,0.06178067503298856,0.08104390916854998,0.22284343928461636,-0.04357799344086444,-0.06962024043056181,0.05660377358490565,0.01866408265475994,0.0,0.0,0.04166662527455389,-0.011583000920443065,0.017460262436026275,-0.010309219563065741,0.003527333449276915,0.015873076744141734,0.016593706254651952,-0.029411870950870722,0.013698630136986356,-0.03163019713329218,0.03448272622135784,0.03354841662991426,0.06905952678121818,-0.006818229354116467,0.012585882520851577,-0.008181832053444582,0.11820639541153022,0.008078760158882536,0.0,0.03348474046760885,0.00911838104277618,0.0006903769178847607,0.046647118144298894,0.09480810138766715,-0.014084446233250114,0.14111005281540523,0.05941366405322146,0.04335902859349838,-0.010787477252924949,0.036692290915384396,0.0037735603285933284,0.031100507124323995,0.010989000192372256,0.0005503917158458105,0.0070921919858044635,0.0690715078632489,0.1317830087760219,0.01713060436811409,-0.02542374456658214,0.11242847376356768
2020-06-08,0.04032254188043427,0.16959061718342605,0.050237718092732475,0.029999971389770508,-0.00274579576982803,0.0017730620124316587,0.06086960754990223,0.039735140640910105,0.09810124505045681,0.18360669571158117,0.031007797211870303,0.014035119962898301,0.024793364003288243,0.0828025419671734,0.028070233263726152,0.3372092523595469,-0.09677419354838712,0.013707566669320714,0.008382208141559211,0.08196721439623,-0.03333330154418945,0.0,-0.030344798647124138,0.014084618897673762,0.005814012802893176,-0.0083333250549108,0.00970877501983125,0.36363636363636354,0.23529409554575786,0.06281836575743949,-0.09545454545454546,0.04563627702171469,-0.054002505727801964,0.00979749277720976,0.05515587886461071,0.12925174407792017,0.02678571428571419,0.1089683685126972,0.01599998534423852,0.0,0.02399997711181645,0.023437478172126713,0.12948517058719555,-0.01875003104408457,0.03339192536199609,0.06770829090641772,0.012376690983712857,0.030303143084683182,0.027027027027026973,0.03391953552706384,-0.014285701310552956,0.023720296498646265,-0.03399931982792681,0.02974831071975781,-0.006779708139033391,0.007332715382670774,0.17618441506995386,0.04557975659690405,0.06410258173707506,0.026400008221391102,0.0873493523207014,0.036108391738218115,-0.03621172144303608,0.08453604702696849,0.014285651726904769,0.021022331041271825,0.04796296003756839,-0.0038213482563589363,0.04907302174395767,0.06231340284036557,0.08395991821323556,0.1473318416037661,-0.019021785432482563,0.0,0.042253566057856906,0.023964723996486414,0.25342465417875903,0.05263157894736836,-0.06086954863175098,0.009529807350852293
2020-06-09,-0.03617567716423087,0.027500033378601074,-0.01680683572748176,-0.019417457749564604,-0.008810578004899705,-0.009144582999940032,-0.0409836973815324,-0.00636949639391915,0.03170025769131812,-0.08448748101286774,0.007518753861753602,-0.04844289161498694,0.004032222142535735,-0.02941180595477033,-0.030716774927414536,0.05217396802848251,0.05714285714285716,-0.046241968860414095,0.06068159095177905,-0.04545450276251273,0.1724137874335654,0.0,0.011379789661234652,0.0,0.346820799051897,0.1260503940718325,0.0,-0.1333333333333333,-0.09523808799628564,-0.017571902847288157,0.03015075376884413,-0.03273319157551502,-0.0006716070282913877,-0.14941787929604522,-0.020454579690270425,-0.06626504466709826,-0.008695652173912993,-0.06347833490451171,-0.01574801729826547,0.0,0.10156249854480848,0.0,0.15331500627659977,0.006369370005991248,0.037414929576505385,-0.05365855519364515,-0.010276423516392463,-0.01176479087834359,0.013157894736842035,-0.024301314749622827,0.014492740269210325,0.15243902793602881,-0.018037527522767327,0.006666713290744308,0.010238925253523767,0.0,-0.10020638516917113,-0.02107786989497562,-0.012048181523292234,0.012470830577506753,-0.08587253213293056,-0.02042140970737838,-0.0014450144223554506,-0.04942971695860843,0.09859160334822215,-0.058942039806312296,-0.018077612891152728,-0.022536529545475692,-0.03950096209225684,-0.005162079409221865,-0.032370001810100746,-0.007077921746059035,-0.0110803221649306,-0.000272272588060285,-0.020270250677801416,-0.1069088017372336,-0.06557377155969979,0.02799997329711923,0.14814809254985217,-0.022605883077044364
2020-06-10,0.0697050909205732,-0.0024331456343007485,-0.01643650459057089,-0.03960392300071269,0.0022222235753801556,0.002977073700443089,0.09401714788224869,0.15384616560249453,-0.0558658697003811,-0.1527987777868639,-0.020895503055387565,0.0,-0.12449797248451633,0.009090900552502612,-0.014084494035883521,-0.045454599192765954,0.04729729729729737,-0.04263681293897348,0.049373026382399265,0.0,0.02941173583166079,0.0,0.00281293678634964,0.07638882664106017,-0.038626674087225865,-0.014925358528601551,0.2499999694335162,-0.05769230769230771,-0.05263165856715246,-0.06124636158005603,0.04878048780487809,-0.12746747809366565,-0.06720430055840576,-0.08060832674464025,0.0603248798917988,-0.0354838620363489,-0.052631578947368474,0.00835644131616542,0.01599998534423852,-0.03508775476628012,-0.09929077234685979,0.04961836645774409,0.005987932308542776,-0.012658216387505639,0.0,0.0,-0.02792700623643629,0.04166672042157615,0.07792207792207795,-0.029887892789426163,-0.03809520349480777,-0.025396801689123727,-0.0017922434297026335,0.04856507284818812,0.0011261518865943732,-0.011828946055354783,-0.10907022986701365,-0.032052791603372266,0.036585403970846864,-0.02001542860893002,0.006060599472102801,-0.04124188939905482,-0.011577454035148538,-0.037999965215362974,0.025641001008694042,-0.05148024325753475,-0.03477482499698592,-0.004047115861533501,-0.04545460895147302,-0.0499997676947781,-0.04301073328728977,-0.04378812269496324,-0.036414531779627723,-0.0052791114653583104,0.01379308984055716,-0.014255771368962056,-0.07602338732840141,-0.02723732881754304,0.00806454714081517,-0.0569323067472195
2020-06-11,-0.002506263268008846,-0.10487800935135838,-0.09090898009723192,-0.07216500039941254,-0.05044343899711379,-0.0376966033313495,0.011718712495927486,-0.12777772553172972,-0.0828402959550385,-0.23928585090112398,-0.030487776068545913,0.06363634298471643,-0.08715599005903885,-0.09909907845847277,-0.06071422884658795,-0.19913416897499203,-0.09677419354838712,-0.025672899634166746,-0.0903658804800308,0.0396825384811359,-0.05714287076677593,0.0,-0.07293127245163977,0.019354903746610974,-0.14285712663819117,-0.12878793146874956,-0.11538461538461542,-0.04081632653061229,-0.11111102239893689,-0.05889165938266905,0.023255813953488413,-0.10084049969918962,-0.1541786978154468,-0.15715471862900598,-0.0765865138561882,-0.1471572053919915,-0.05555555555555558,-0.08103115167143438,-0.01574801729826547,0.0,-0.08661418579303093,0.02545452117919922,-0.16547612533006784,-0.04166660298648828,-0.04262291083762548,-0.0773195891492311,-0.05469607186938463,0.0,0.09638554216867479,-0.10269578878721397,-0.029702942250534492,-0.06188921742272879,-0.07719938001039484,-0.10526315789473684,-0.004499433105542128,-0.033149140705165725,-0.1121131477667634,-0.06673415350607403,-0.07058823611909537,-0.05027484386373293,-0.07831326662253424,-0.025053331593615558,-0.057101020372664624,-0.08108091437181442,-0.04999995316777828,-0.11126203921594202,-0.09718436368444294,-0.1057751069416405,-0.01927434800268224,-0.03326741635086017,-0.07615474067026373,-0.021299334997540664,-0.02906980854295338,-0.0055866004053974905,-0.17006802390089437,-0.038919647240295285,-0.10126587435748646,-0.019999980926513672,-0.07999999999999996,-0.08098641975981336
2020-06-12,0.007537741121753427,-0.07220711155182813,0.01249986493176758,0.022222267845531718,-0.014302428510785337,-0.02004936926447798,0.10424709081233297,0.019108261393313564,-0.032258034744817476,0.05868532086452949,-0.006289302046118661,-0.00512822703352489,0.10552766106892841,0.039999961853027344,-0.011406923385144818,-0.025945933755076478,0.12142857142857144,-0.012259425647580091,0.06896552804115608,0.015267160568028793,0.03030307408973054,0.0,-0.016641472207644226,-0.05063296364196579,0.026041667356535347,0.04347832396711104,-0.13043478260869568,0.1914893617021276,0.062499993762425765,-0.022085794193741348,-0.10909090909090913,0.06038812422741602,0.034923326695521784,0.09028460394297078,0.016587719227871833,-0.007843129677328364,-0.06862745098039214,0.0771542083495671,0.01599998534423852,0.06060607593140577,0.1896552025350473,-0.03900705592192455,0.042795963495361855,-0.03232998363656525,-0.12328771373571856,0.005586613608986157,0.000584438029211487,0.0,-0.02197802197802201,0.031473572851579146,0.556122394364758,0.0,0.130350166666082,-0.0023529950310202663,0.016949108707875915,0.0,0.031930225877852214,0.05037921729682182,-0.01265829088137238,0.002067620117084834,0.05228763255063695,0.007030558602513892,0.013975028248328636,0.06561085239702158,0.03947369010730539,0.042748099766430014,-0.0070424552786473305,0.034976601755180914,0.019653149648353407,-0.06009227233765235,0.03243243913000282,-0.07290523974013985,0.02095813576653538,-5.606033361194029e-06,0.02459013990675496,0.04204473519846341,0.04929581307579878,0.06122443021609958,0.09565220708432398,-0.002492641884930369
2020-06-15,-0.0024938225214576892,0.016152736334606566,0.0334061162584538,0.021739109308372973,0.007403052084767658,0.01322003610574285,-0.045454497710430974,0.0,0.016666650772094727,-0.006651495524513051,0.014240454637056477,-0.029209637315094295,-0.059090889715294304,-0.01923075159625831,0.046153895530476774,-0.0011099297498747829,-0.006369426751592355,-0.006402332951135237,0.08678953585409999,0.0,0.0,0.0,0.0,0.019999976449089685,-0.010152258707482376,0.0,0.0,-0.0535714285714286,0.0,-0.002509423604757588,-0.09693877551020413,-0.009491402254749093,0.007407420198650039,-0.005400492150899661,0.046620002574253805,0.04743078385242194,0.03157894736842115,-0.029767196250906514,0.02362205703567888,0.0,0.007246369925949514,-0.014760133317333168,0.0,-0.043778813488558055,-0.052734372453414724,0.03333335452609587,0.0036994214143766246,0.0,-0.0898876404494382,0.04299583094859649,-0.16721311424150798,0.0,-0.02710841503814232,0.014151043126324536,0.005555576748318192,0.027619043986002678,-0.026723048447492403,-0.005930880595053423,0.0,0.00907977361118828,-0.003105637243582149,0.02190646182896039,-0.0015312364078463592,-0.012739159262841304,0.012658172182355987,-0.0030314391915921,0.0050658998880834805,0.02794037216338996,0.028344708327395773,0.052459008927353334,-0.03664928082008523,0.05046940474159678,-0.05865103890019263,5.606064789054344e-06,0.0479999542236329,-0.025695457221317497,0.026845611810072167,0.0,0.007936462283165913,0.02337210048236882
2020-06-16,-0.007499992847442627,-0.013005802253703291,0.026001004213520806,0.0,0.03439154575592407,0.024852414163944347,0.07326013885097282,0.03749996367842012,0.013114741796192542,0.03794650409591083,-0.012480487614731084,0.001769947482485712,0.0386473059007868,-0.00326797080073582,0.08088236260888482,0.007777810302782351,-0.0064102564102563875,0.00610446440330259,-0.017667844205429994,-0.01503757942834183,-0.02941180595477033,0.0,-0.02769228128286505,-0.019607820500854745,0.08205126900958204,0.12499997516473238,0.10999997456868482,0.05660377358490565,0.058823429955910944,0.014465283971525356,0.09039548022598876,0.07118406733616411,0.046568681303697845,0.009049721816227319,-0.02672603378088767,0.19245280121744024,-0.010204081632653073,-0.003835263563765623,0.03076920273459205,0.0,0.410071984401593,-0.011235944019676425,0.16279070677639096,0.026506055659419214,0.0164948299544585,0.03225808436366906,0.006789628470882381,-0.02857139515123519,-0.012345679012345734,0.042553214424603025,-0.08267718161451054,-0.01851861050099135,0.04599728910317369,0.03953478881770334,-0.024309421258801645,-0.01297500869487589,0.05202312193743963,0.02360570338318624,0.15384616560249453,0.04376285048230444,0.028037404066964422,0.019081234128886404,-0.006134985188573028,0.062365604173012734,-0.024999976583889194,0.06817081854984175,0.024193684992822373,0.029899009768606932,0.022050697296851718,-0.046728895980429064,0.012228181713655806,-0.021229003847196837,0.04361366505354103,-0.002809363133455367,-0.007633580839735754,0.01046206475722844,0.032679785921928106,0.05769234648823174,-0.055118096045518095,0.011490884671109258
2020-06-17,-0.030226731262687045,0.023426039414256916,-0.034931215737818655,-0.0531915021784547,-0.021881220286764314,-0.014549892971812084,0.27986340710848245,-0.012048181523292234,0.05825245040681226,-0.07741937345987238,-0.022116882807737714,0.028268530536148084,-0.04651158492543972,-0.00983605634714435,0.04761900127918861,-0.03528115221626427,0.006451612903225712,0.029887681596734605,-0.005755435829154609,-0.022900777251825155,0.0,0.0,0.007911346920827844,0.09333334420298423,0.09004740650300436,0.0,-0.03603605977275626,-0.0357142857142857,0.0,-0.009919458826036287,-0.06735751295336789,0.001280481957966817,-0.03044499067506068,-0.06816137230574171,-0.0640731671175706,-0.11392404808611234,0.030927835051546282,-0.03176118405611339,0.05970155762255902,0.0,-0.1224489820743292,0.003787875024959364,-0.024705886840820312,0.0,-0.0344826785752802,-0.02083341197834765,-0.014643658678170302,0.01176464921835918,0.0625,-0.03061227592911475,0.7124464120970111,-0.015330090540584873,-0.02959804725126325,0.04474279541156756,0.01472254989401578,0.0009389886610358111,-0.06456039246109202,-0.014698378859964278,-0.033333302427220435,-0.0356583418663029,-0.009090849794379352,-0.01987957910120597,-0.04166661246460879,-0.03846140304951695,0.05128200201738786,-0.05693297608089898,-0.022309766575922874,-0.0050270394295970355,0.01725987077723601,-0.005446491529009556,0.006711559533001177,-0.05251141850776975,-0.03283579051560903,0.0,0.023076993614966845,-0.0666522888676998,0.06962026032742874,-0.009090943769975102,-0.016666650772094727,0.006958328683685622
2020-06-18,0.005194800369332064,-0.008583683082144522,0.012065241098892843,-0.01123594452133514,-0.018303296177001882,-0.02368499060039686,-0.19199996737409297,-0.0426828864959643,-0.0030581010769374917,-0.013986232332260928,-0.0016155458464287564,-0.01374573596250872,0.019512176211098575,0.0033112551411966784,-0.06818183225611485,-0.056000028337751084,-0.02564102564102566,-0.023892672418815986,0.0376266620294079,-0.007812529685906622,-0.060606075931405656,-0.05555555555555558,0.00941914346271222,-0.006097526118851171,-0.021739130434782594,0.0,0.06542063516019714,0.16666666666666674,0.05555564426772985,0.022542536785851608,0.05555555555555558,0.007672505025881016,-0.060386473059007906,-0.010587161377935472,0.00488997070424535,-0.014285701310552956,0.08000000000000007,-0.07256481101321544,0.01408443811890292,-0.05714287076677593,-0.04069770423704466,0.04905655522412866,-0.03498190147014246,-0.01877943573824914,-0.0021008883195338113,-0.0425531526343631,0.00469299773713594,0.05813953813983219,-0.04705882352941182,0.01184212548911101,-0.32832078687930577,-0.017964139563091508,-0.02701526122636677,-0.004282651092028522,0.011160756812943928,0.006566575593452084,-0.010278907026284423,-0.015689315678846794,-0.011494241848790776,0.0394148235531433,0.04281350628709557,-0.0018869052970050815,-0.008051550282930475,0.0,-0.012195069270984127,0.0014605698695318026,-0.006711436882836264,-0.001263085467145042,-0.0031812881399547743,-0.03121600986993156,-0.01333334196295577,-0.0120482384544226,-0.05555557599610583,0.0,0.015037579158775127,-0.0406748813868959,0.005917153919925866,-0.00917425975184516,0.0,-0.029474035528811338
2020-06-19,0.005168015487474253,-0.025974001846660322,0.0007012901768450597,-0.045454570084564105,-0.005918950321774807,-0.008506600566480782,0.01320127729757603,0.012738840928875783,-0.030674817461688986,-0.06382964692391646,-0.014563054733114367,-0.006968615444996273,-0.004784722472027214,0.006600653833452208,0.07317074791662037,-0.03995156581262205,-0.03289473684210531,-0.0010059681016784117,-0.004881429154767858,-0.007873970810807207,0.06451614639885639,0.011764675963158666,0.07309491128715107,-0.03680977094879212,-0.0444444444444444,-0.18518518191469724,0.6228069813420039,-0.06349206349206349,0.0,-0.010410467323265449,0.0052631578947368585,-0.03997446183366615,0.00257067118895149,-0.018482449933720613,-0.05352798575753581,-0.003623156272787309,-0.05555555555555558,0.09539149725767637,0.027777753406100336,0.0,-0.024242401473340114,-0.003597118908694741,-0.00625002384185791,0.11483254516406682,-0.033684178402549336,0.0,0.0003891647542302312,-0.021978049605227312,0.012345679012345734,0.020806221875366404,-0.03358214565150763,-0.01585367286155681,-0.01298695425702312,-0.03440867117587121,0.004415006622562556,0.018639400882748625,-0.013353187203869021,-0.009929476445515562,-0.023255860695907793,-0.018373706891256503,0.011730191255197475,-0.017958650776947138,-0.0292209397220351,-0.002105278121465992,-0.06172837741147563,-0.035974646401595645,0.02719592138713578,-0.004552935522208257,-0.015957434026482864,0.009044597590610604,-0.029729705500283754,-0.03658533181412238,0.07189543553075795,0.0,0.01481480042466754,-0.06648996466235613,-0.04705884745376676,0.0999999911696825,0.08474576134203637,0.004795144326039669
2020-06-22,0.00771207469941948,0.008888880411783928,-0.045550112332253256,0.03571432372745331,0.0038701927504349865,0.004130921873786608,0.0,0.006289302046118772,0.00632910771622841,0.025252278900014247,-0.003284069035370152,-0.00877193943847887,-0.01923075159625831,-0.0196721126942887,0.0064935004616650804,-0.020176510928921476,-0.020408163265306145,0.0013426130036879869,0.07217939858595113,0.007936462283165913,0.0,0.0,-0.014492739601511984,0.019108169459226332,0.0418604178022044,0.16363631240592635,0.09729732479061082,-0.11864406779661019,0.05263165856715246,0.018564348661998187,-0.015706806282722474,0.0033046852468201493,0.12820513029514435,0.01883048340039606,0.05912590602888246,0.018181771943063474,-0.009803921568627416,-0.03620368546949382,0.10135134486232533,0.0,0.09316768622693639,-0.03249094396715779,-0.016352156065746692,0.02360517963868425,-0.004357294174649917,0.03888893127441406,-0.004474691542683429,-0.0730337340877375,-0.08536585365853655,-0.015286609811073437,-0.02316600184088602,0.012391621468568648,0.03493639321858044,-0.0022271163818317063,-0.0021978524093689833,-0.021043045698885376,0.03308260012986297,-0.0029031568256402407,-0.07142857649699375,-0.0011949125526278248,-0.01739137832836657,-0.0064964300758553195,-0.01337778675625012,-0.03586491059942842,0.06578945363516175,-0.0070601379445368595,0.019569189517152585,0.0027950860533871857,-0.006486388178354008,0.005602389519020923,0.05153194575296838,0.007594929374080017,-0.006097555213709138,0.0,-0.014598526172921567,-0.002322584582913345,0.024691334404499887,-0.07407408299358686,0.015624984866008385,-0.018510466392655744
2020-06-23,0.01530610755402484,-0.007342101955627567,-0.010279252771094205,-0.03448279405745802,-0.008896748440985092,-0.00727848141855425,0.07166127516411347,0.01874998183921006,0.01572325511529682,0.019704466385469077,-0.009884669041635097,-0.044247751482022646,-0.06862746473002213,0.0033444784051375187,0.012903290807148471,-0.025740000860700274,0.00694444444444442,0.0031843984593227237,0.4098038547556142,0.00787404590327423,-0.060606075931405656,0.04651165885368336,0.027941113978523058,-0.018749893320319178,-0.040178527840138756,-0.0937500058207662,-0.34482757756707505,0.17307692307692313,0.3999999361272448,-0.01336563038760219,-0.015957446808510634,0.008563996414243213,-0.0340908951338984,0.03307394566338395,0.036407791149022595,0.01071430436608023,0.0,0.03959361728333399,-0.018404868150070364,0.0,-0.11931820413913619,0.011194018896451219,0.019181536475389338,-0.048218033541545524,0.06126908587607338,0.01604273929523581,0.008012581404897023,0.08484852332693116,0.05333333333333323,-0.00258731964775738,-0.03162052356155143,0.03794363072796991,-0.011398560956863646,0.011160756812943928,0.0011013468024076989,0.05140188790084066,-0.03347887643689618,0.003176356550011139,0.01282057748038623,-0.015151324023295665,0.0058997946914547406,0.01719550040010498,0.028813366050047806,-0.010940884256808059,-0.024691334144937627,0.02133038711514823,0.014516167270355096,0.008108442761610712,0.005440691442077039,-0.020612766222083523,-0.0304634979091023,-0.06407038020574685,-0.03987726270019576,-0.01408405586186856,-0.02222220063700142,0.017847869359346902,0.0,0.054545489224520516,0.03846153846153855,0.021216955263557047
2020-06-24,-0.0075376812175881325,-0.005917224457964498,-0.035608301521592334,0.011904821881092875,0.0023937046529656225,0.0019125927263563547,-0.09118536416272494,-0.0429448175808983,-0.027863750352276395,-0.07971010853862481,0.008319419632868641,0.018518538294154396,-0.02105261220606125,-0.006666660308837891,-0.01273891685835693,-0.08850730369462956,0.06896551724137923,-0.038592235072185455,0.10662960320663295,-0.023437514551915006,-0.032258034744817476,0.0,-0.038626607978174965,-0.01910834254282301,-0.018604662991309362,-0.13793100967701988,0.060150316275677795,-0.016393442622950838,0.07142879139852942,-0.01354683412698432,0.0,-0.04768138504609554,-0.010980419084137605,-0.12429375791417241,-0.011709646594427858,-0.03533571246437761,-0.00990099009900991,-0.01953106278282435,-0.06875001295506966,-0.3333333092506482,-0.04516124864274451,0.01476013331733328,-0.022584671653334443,-0.0044052821794189345,-0.018556634540295103,-0.02631578947368418,0.0001938278897162249,-0.0726257238786171,-0.07594936708860756,-0.04539557754875023,-0.01632651472429325,-0.0011791598758603694,-0.059423529020402155,-0.019867582432562036,0.0,-0.09777781168619792,-0.03162621741540339,-0.011081846087942604,-0.037974721746286244,-0.03279361574792261,-0.017595382522349823,-0.024285809779969858,-0.05107072165923776,-0.028761376926390247,-0.025316516819373858,-0.07608153255150385,-0.040222585280742185,-0.03330402835292812,-0.02272727537297803,-0.002275315307083914,0.01366113716052264,-0.020134177499404382,-0.02555915629380845,0.0,-0.03787884055965873,-0.06759847396592622,-0.12048188704574891,-0.025862084557694898,-0.05185183772334345,-0.050209145146731804
2020-06-25,-0.017721501872853374,-0.002976187730794999,0.021538745888312283,0.0,0.02626874613516894,0.03213492656320627,0.05016724179772636,0.06410258173707506,-0.01592362709057593,0.041994748661989156,0.029702942250534603,0.03636358711740084,-0.021505356128998288,0.0,-0.032258034744817476,-0.057971045791138986,0.03870967741935494,0.008051433008356312,0.3091746851130175,-0.008000030517578138,0.0,0.0,0.001488129344353828,0.0,-0.0047393244972568915,0.0,-0.12765952266142144,0.30000000000000004,-0.06666685828490182,0.022471884745463022,0.043243243243243246,-0.06172852725836897,0.06423476936320038,0.08387093730904072,0.01895744182953618,0.021978060366073526,-0.020000000000000018,0.06274913319105302,0.040268474159775414,0.0,-0.01351350045186761,-0.03636360168457031,-0.02824130825018878,0.02876108738705585,0.02941173524239149,0.09729725605732686,0.010854752202935636,0.0,0.027397260273972712,0.0027173886635465383,-0.024896339859439842,-0.00826453911353775,0.009429415750691117,0.06531530588190448,-0.028602884985410526,-0.0059112776549119506,-0.0046658931832910255,0.0050693337521221515,0.0,0.010464662588355766,-0.01492540510082363,0.023914242263894048,0.022569504310196997,0.0045560751475073324,0.0,0.008611553198412558,-0.010601546247808402,0.0057202606848720805,-0.01107430621351857,0.009121944697845885,0.04177901943293372,0.009588999040446966,0.013114741796192542,-0.0062859059758604285,-0.007874008357040663,0.0166258008499216,-0.12328771373571856,0.017699097866309854,-0.015624984866008385,0.01898830267706786
2020-06-26,0.051546341073743784,0.022388074572778693,-0.019578283571553,-0.03529415312110251,0.009889458340839985,0.006165222313568641,-0.025477796749562742,-0.0361445445698767,-0.009708728874782357,0.05793470918100807,-0.04807687899064572,-0.007017517828118769,-0.098901091223489,0.0369127162388494,-0.04333337148030603,-0.030769202554013275,0.3354037267080745,-0.009883360528459284,-0.0406399739583333,-0.008064470231593623,0.0,0.0,0.09955424582393735,-0.22077918984224099,0.04285709441654273,-0.10000002384185791,0.016260120577509918,-0.14102564102564108,-0.39285715507769603,-0.029914459296369045,0.06735751295336789,-0.0767543709485986,0.12369596408158401,-0.0049603364199709565,0.12325574638651715,-0.02150541309879095,0.020408163265306145,-0.043111524802382895,-0.1290322449175053,0.0,-0.04109593179530491,-0.060377388706661095,-0.009247050207928043,0.0,-0.04693877848919503,-0.0935960438393294,-0.10469798673871789,0.024096489540636368,0.0,-0.013550122368818363,-0.03404252210749048,-0.06904755633433912,0.045773173886313634,0.03594081936753257,-0.05096260624612403,-0.023785903616325377,0.09843762751217966,-0.00849481577856892,-0.013157882353605488,-0.016984234152616073,0.012121100116656125,-0.04122979465478771,0.027164756372665577,0.03854856161339093,0.02597409031366782,-0.0368196607371547,0.001172240874133701,-0.023655659470222634,-0.008958390874349242,0.0005649010524224618,-0.010349337138516823,0.017639093142408635,-0.012944971833043106,-0.0046004173083352695,0.03174600171093722,-0.02734585733584194,-0.03906246362021115,0.005217427792756357,-0.023809538226368665,-0.032647620477439965
2020-06-29,-0.004901956201103785,0.12700728433159725,0.04070649157888773,0.06097562482568364,0.04291469170707085,0.0435048905027593,-0.01960778013925768,0.0750000018626451,-0.01960782480441492,0.04761927139529143,0.05555554217628633,-0.03533572684703401,0.1219511982374859,-0.04207115845739007,0.0871080174107044,0.05238094066726551,0.1441860465116278,0.045557461637397045,0.057037993264009934,0.0,0.0,0.0,-0.016216200542241155,0.18333318047887825,-0.036529647224677,0.33333342163651314,0.040000000000000036,-0.02985074626865669,-0.05882352388643952,0.006293262878236838,0.029126213592232997,0.06492489506137167,-0.01657824942074404,0.07676973861050884,0.031055920856482455,-0.04761897553481742,-0.020000000000000018,0.011752935091068784,0.05185189257963163,0.0,0.014285700905079413,0.008032120823258326,0.06666666666666665,0.027957013284888088,0.025695906552171355,-0.021739110153428554,0.05440145601770019,0.0,-0.040000000000000036,0.049450500865675595,0.02202641089709445,0.06010227364122911,-0.0026797303444254794,-0.018367377721681843,0.02625301480004638,0.018274045129996974,0.03129463052715886,0.020883604440695924,0.39999993642171217,0.0332912313453535,-0.0239520724205996,0.027342900449671026,0.05289252139334821,-0.030567684126335815,-0.05063294741141677,0.004432376972374197,-0.012709179022085793,0.012048241451300123,0.047457508049660646,0.07227563814607141,-0.0013071340613332039,-0.0319999694824219,0.00655737089809616,0.0023108938643190413,0.023076993614966845,0.04988978594795013,0.04878044052774633,-0.001730143342359436,-0.06504066490482452,0.0013870237036790467
2020-06-30,0.0073892143426512735,0.031088115865008925,0.01549798047238471,-0.011494241848790776,-0.006075622984599072,-0.007927172991864184,0.01999993445688797,0.40697676513954484,0.026666641235351562,0.0068178385945059095,0.004784722472027214,0.01098905838032982,-0.03260866466677248,0.03716212624263604,-0.006410250532086104,-0.012066389686364531,-0.09756097560975607,0.023035045582412872,-0.14957401142683802,0.008130034654042939,0.0,0.0,-0.0604395665576557,0.014084618897673762,0.0047393244972568915,0.0,-0.023076962202023266,-0.06153846153846154,-0.16406232144944055,0.005628383531226744,-0.05660377358490565,0.030483248559502574,-0.006068789821369047,-0.02222220063700142,-0.04417666452792113,-0.04230774262482706,0.0,-0.06098713407222567,-0.0070422746680638415,0.0,-0.042253482107650564,-0.003984059960658093,-0.07499998807907104,-0.04330549089934377,-0.027139898846810673,0.016666624281141518,0.0012188642087620494,0.023529369266710454,0.02777777777777768,0.06413615923016014,0.012931022522848945,0.010856472014720397,-0.001343742166887596,-0.016632000968346272,0.02325579074346007,-0.003988032195209046,0.013792973132908948,0.014948850743695896,-0.19999998864673385,-0.0024471558091807566,0.2699387804203388,0.010645799096602904,-0.02197791291376483,-0.004504191565300797,-0.05333337329682852,-0.002757869284822023,0.04725616291436352,0.017660889992198836,0.02481115126800537,-0.014218092049002817,0.02356026708342629,0.030303000448463457,0.048859966980191016,-0.004034577629238867,0.007518789579387564,-0.017589970621122664,-0.03875965410453308,-0.017331006059468135,0.0,0.008310145556112758
2020-07-01,-0.009779941408490589,-0.030150784774517714,-0.02688928498624288,-0.034883756389998966,-0.008891363750306525,-0.009174282149447599,-0.013071942673334447,-0.24793388633305935,-0.03896100276999048,0.006771967459769046,-0.05238101437338527,-0.010869611584061079,0.028089815401518337,-0.02280128168239337,0.10645166847634058,-0.03511441726310749,-0.06306306306306309,-0.009549099507075942,-0.2679035282152189,0.00806454714081517,0.09999998410542799,0.0,0.026315763789935165,-0.020833402133565215,-0.00471696924934073,-0.16666669978035686,0.18110240950706702,0.016393442622950838,0.1028034225524157,-0.01990038813727124,0.05499999999999994,-0.03246746252353072,-0.008819546571204318,-0.04261370691837407,0.03151252338605648,-0.04016060539809041,-0.030612244897959218,0.007216410401167828,-0.021276660088554222,0.0,0.08823529669570251,0.0,0.00675671800720723,0.01902468708929761,0.0,-0.02732240551067433,0.030229130062598086,0.03448273237176158,0.013513513513513598,-0.05289056569777817,0.0,0.020286405008633768,0.013901400739978698,0.1310781993782164,0.009090900224102638,-0.005005024212254461,0.004081415397259924,0.007493563560987404,0.011904821881092875,0.001635352574341331,-0.02898547527947415,0.011491530980828557,-0.043338959203337524,-0.004525034031209407,0.04225353058593884,0.007743161780444874,-0.03169996146574361,0.008355849315193398,0.018947421338870507,0.014957215662069423,-0.04219962387483678,0.09625665619728618,-0.04037270598939302,0.0011573438490148913,-0.0074626792643007756,-0.002137841268624374,0.0645161631452178,0.019400376020153987,0.017391287762185792,0.01419414457912982
2020-07-02,0.019753066651470697,0.020725431165496966,0.0245928843552925,-0.012048181523292234,0.013176320588748736,0.0065710381248962335,0.0,0.12087906761570366,-0.010135125338900708,-0.03363237695781984,-0.00837516175123687,-0.010988970367880602,0.027322422881791875,0.029999971389770508,0.058309050667978646,0.0,-0.05769230769230771,0.022843046284491297,0.08717688743252827,0.008000030517578027,0.12121215186281131,0.0,-0.011396000558891228,-0.007092158259807357,0.0047393244972568915,0.125,0.053333367241753526,0.048387096774193505,-0.10169464185458787,0.010786915046825607,0.009478672985782088,-0.014914209894612784,-0.004791218101926953,-0.01978237547545758,0.022403286544373735,-0.04602509347205286,0.0,-0.05629478723796233,0.014492798404418972,0.0,0.0,0.0,0.008053747805748968,-0.010729552689893729,-0.012875524623216728,0.07303377528817578,-0.008861707238306149,0.0,-0.026666666666666616,0.015584463034901352,0.03829793882564547,0.047953197457983876,0.017249040380622915,-0.014953257034038936,0.0011261518865943732,0.0020121185722323798,0.03929548147299333,0.00410361222170641,0.01176469433266436,-0.008163152818446595,0.034825831092265114,0.01798812652612347,-0.011744821834327901,-0.011363484434515403,-0.027027002147700374,0.02908890547714016,0.010022066716341982,-0.0021673354544683443,0.01446288659908368,-0.03421050305391815,0.0013352008767304469,-0.05243900467567919,-0.006472485916521498,0.0,0.02255636873816247,-0.023567248648076022,-0.05303034065949652,0.0,-0.008546959779967,-0.02528217279655154
2020-07-06,-0.03147702441614009,-0.0012690645604825912,0.0,0.0,0.001936887877652449,0.0032641414765992582,-0.019867486787608524,0.1372548905027593,-0.010238897851962525,0.01392121328057816,0.02702700090373522,-0.05370372545690316,0.005319186262151998,0.03883499265724777,0.024793364003288243,0.01582276899211843,0.020408163265306145,0.006319583697873332,-0.024242386877773026,0.09523807721703914,0.29729733212835296,0.0,0.024495688024825713,0.0,0.08962271563506485,0.0,-0.1202531767815963,-0.10769230769230764,0.0,0.03829234513433133,-0.05633802816901412,0.03633601210562709,0.020632750448551507,0.04641776440259959,-0.01394425735604432,0.01315784703845102,-0.04210526315789476,0.22776573387078392,0.0,0.0,0.0,0.003999996185302779,-0.014647154482281821,-0.0021692469831258165,0.010869606906841245,0.005235621961910741,-0.0007947543098135723,-0.061111054993641334,0.041095890410958846,0.03196924778452126,0.06147534976688718,-0.001116096968667435,-0.0030434063069277872,0.005692639452927528,-0.004499433105542128,0.02710838384088876,0.019556792393401468,-0.006385695791984669,0.023255791388182345,-0.002469136449715914,-0.026442239471968998,0.04696594072092619,0.025466869652175594,0.013792963956162474,0.0,0.07840017407150524,0.037704645568258366,0.01034885936794061,-0.005091864080549735,0.022343283110643597,-0.0013334204925198323,0.016731031500648363,0.03257333720705291,0.0,0.029411736347271455,0.020021929801616878,0.09600000381469731,0.0,0.03448272460139301,0.046163434431552464
2020-07-07,-0.03750002384185791,-0.011435791240083204,-0.023633240171965664,0.0,-0.0024854607273998575,-0.003253521522054048,0.006756734937977127,0.06896555622182587,0.03448272460139301,-0.03661308903329619,-0.014802656861388819,0.1291585031504574,-0.026455042918707594,-0.006230523579077274,-0.05645162272362336,0.009345766626654761,0.125,-0.0032464110173819893,0.1509793850822314,-0.014492739601511984,-0.041666724615624595,0.0,-0.05344586600634671,0.03571437236647523,0.11688308971749217,0.11111111111111116,-0.028776996186674952,-0.23448273231243266,-0.061320787119494735,-0.025997386852055326,-0.00995024875621886,-0.056245469558641514,-0.037062007080838955,-0.07810988185933943,0.09292930421653156,-0.025974001846660322,0.01098901098901095,-0.03798587955606658,-0.02857140278718928,0.5909090564270658,-0.033783831676485354,-0.04382465956723891,0.01351350045186761,-0.05000000518301273,-0.021505355393904968,-0.010416705989173769,-0.017498564223571322,-0.01183440510987177,0.0,-0.014869874857126097,-0.011583000920443065,-0.04134077021722993,-0.05669427778858771,0.035848976140688826,-0.0045197695060872345,-0.022482849709497543,0.02429678698677762,-0.02750641781112484,0.28409091063028535,-0.07178219708101508,-0.056790177936206665,0.04086164782920032,-0.02483441484639448,0.14058963597001206,0.0,-0.06330337013747245,-0.041912508621310796,-0.031487170403507014,-0.024564955554234436,-0.06449888176682528,-0.020026716979251624,-0.010126572498773356,-0.05362778302917037,-0.008670479969927758,0.014285700905079413,-0.015057746148760875,-0.05109492861930498,-0.031141920180267513,-0.03333330154418945,-0.048996452038909455
2020-07-08,0.010389662665569288,-0.04884320105311135,-0.03025739275968997,-0.024390220854836775,-0.002768534008779411,-0.0026705711660380826,0.10738248083445767,-0.05241940058108763,0.029999971389770508,-0.03325415587873848,-0.018363883285543503,-0.04679371233382579,-0.005434820636233795,-0.018808759154637977,-0.005698000279445559,-0.012345703995240487,0.026666666666666616,-0.017566305750817746,-0.026151923030838575,0.014705867915830284,0.13043476458082548,-0.022222236350730618,-0.011887061438235813,0.006896511657652482,-0.01937984457918218,-0.2711999893188477,0.007407388569396156,0.004504435616418112,0.0,0.004965523414617312,-0.005025125628140725,0.0286379515807047,-0.029391188062640294,0.011506239733162671,0.003696854249650494,0.0,-0.04347826086956519,0.012855794137577314,-0.014705926753244003,0.0,0.013986084524057807,0.0,0.0,-0.009153309588224356,0.006593347629364921,0.03157896744577515,0.0044525702417104185,0.03592819034166794,0.013157894736842035,0.038993764409329446,0.011718739086063357,-0.024475529139196706,-0.0041609250531382536,-0.012750400317405042,0.004540290572967676,0.002999973297119096,0.057428169769399684,0.006344114516339205,-0.07964604757379024,0.025777816531809217,-0.005235596283405419,0.03904429898274353,0.005093302372676467,0.045725560195902126,0.02777775149707007,0.007391352449863442,0.0046573974745003355,0.024938030466577388,-0.012591738218799664,0.002848862426560572,-0.005449433706688489,0.0038362829044309432,-0.009999990463256836,0.0,-0.014084494035883521,-0.033033111217219524,0.0076923006385032355,-0.035714252262698754,0.008620640043698113,0.004810638529624933
2020-07-09,-0.010282827556014063,-0.04594596597380296,-0.028080957704036513,0.024999975785613415,-0.011382596949119694,-0.011901208309025635,-0.018181761004623764,0.16170218292001692,0.09708744306406003,-0.06142529988375667,-0.028911577038312597,-0.02181818721938189,-0.049180326444990374,-0.006389846202502492,-0.005730653544946063,-0.014062505529727876,-0.012987012987012991,-0.01874998341435974,-0.008098887710549563,-0.06521743186705453,0.42307699361496676,0.0,0.024060127085346883,0.006849275548982403,-0.0671936544346734,0.0,-0.029411783955364257,-0.103138982769029,-0.07035194653639276,-0.019147169403961772,0.025252525252525304,-0.10383765823516689,-0.10742608387974795,-0.08479831317007458,0.01841627709596505,0.0,-0.05681818181818177,-0.04623754545209735,-0.022388069376326314,0.0,0.2413792366363514,0.0166666501098216,0.11866671244303384,0.015473421118358255,-0.013100424405900424,-0.07142855057563491,-0.018134154821689563,-0.11560694204869493,0.025974025974025983,0.032687590388348564,-0.1583011046328966,0.0011947704920629576,-0.0394614617524125,0.011070099987999793,-0.009039539012174469,0.006979127653256478,-0.12042522772530684,-0.006304120454252549,-0.01923075159625831,0.032062368881135006,0.03947376890518628,0.003079680102666238,-0.005067492103124072,-0.04942971695860843,-0.013513455047096001,-0.059224205968785526,-0.016390884767254255,0.08280254777070062,-0.012752426301076203,-0.022727160211347575,-0.005479514400533847,-0.030573219622146985,0.010101000370632551,-0.002332453055347683,0.007142850452539706,-0.1182947160732094,-0.045801485038414524,-0.012962994523172067,0.008547041290593693,-0.03984558812439676
2020-07-10,-0.0077922005539980965,-0.04107648218179072,0.055377048183056665,-0.012195110427418387,-0.002246561280405235,0.0024088818922780586,0.027777773095056135,0.1904761821587797,-0.008849619138639464,0.0,-0.026269718803033526,0.10780664429885678,0.08045978796457476,-0.012861724502339578,0.0028818416083016274,0.0,-0.02631578947368418,0.015508186122573209,0.004727142853395927,-0.007751893856784764,0.256756766335297,0.0,0.0,0.07482996529753128,-0.012711885410809476,0.0,0.0,0.08500003814697266,-0.016216085204741937,0.013853643900012091,-0.024630541871921152,-0.05205716593737275,0.001615468812962817,0.03954795623831209,-0.01627489135140736,0.0933333502875433,0.0843373493975903,0.0807985000730862,0.015267162228524978,0.0,-0.011111100809073515,0.02459013990675496,-0.010727073766989559,-0.015237642656680372,0.006637214587376983,-0.021978104896205664,0.024830641483996496,0.06535948072483633,0.05063291139240511,0.05158271369656364,0.0045871514481794495,0.03937946529826153,0.05703225531412204,0.01277375390834612,0.0011401681511507,0.017821717297328732,-0.022818760974510965,0.0023789673152156965,-0.03921564960882995,0.007556587944669291,-0.017721456488939413,0.007779020552425964,0.039049247838508494,0.025999981584603926,0.0273972334300725,0.044568054617596164,0.016664022845473303,-0.024823536592371354,0.03444565966718427,-0.006976679475881653,0.04683189739069804,-0.01971091888774512,-0.0033333301544189453,0.0,0.0070921919858044635,0.04194689056973355,-0.015999984741210893,0.0037523416909557294,-0.04237288067101819,0.03715626919773918
2020-07-13,-0.007853395789016004,0.0,0.007604575900045152,0.0,-0.0005628877822776435,-0.006608613521119411,-0.021020953786853647,-0.2738461861243615,-0.017857126384770328,0.002617762273787516,-0.03237407017825222,-0.028523505084616763,-0.02127657595741339,-0.04885988931941432,-0.040229914981853465,0.014263080173539278,-0.009009009009009028,-0.012489819845596162,0.09580840147105696,-0.023437514551915006,-0.2688171987878697,0.0,-0.008810564358837869,0.012658154916422859,-0.021459226999367975,0.09769482474664426,0.03787878933834454,-0.07834104622903126,-0.0769232173027492,0.0018632371470006515,0.0,-0.01594291742934839,-0.05967740273252309,0.0032608406079508434,-0.09007357404435123,-0.14227644640279347,-0.033333333333333326,-0.002638561005394613,0.022556460616319995,0.0,-0.14044944045971386,-0.06800003051757808,0.01807224278111641,-0.0011547608612053617,-0.010989052448102776,0.21348321951033422,-0.021225368976417025,-0.024539834246511627,-0.06024096385542166,-0.03901899342815285,-0.00456620557167875,-0.006888681900564464,-0.06035657642680847,0.09729728708018781,0.004555804449835721,-0.02723732881754304,-0.05219768712129613,-0.0181961671948091,-0.07142856273984788,0.03250009997172487,-0.030928048220296378,0.007109733317613776,-0.03594771917011397,-0.0038986634678042087,0.27999996003650485,0.0282666592967038,0.00331122773278425,-0.05621903808696127,-0.011446423150865082,0.01697901673533142,0.0,-0.005361925153952618,0.04682277741058116,-0.003506529047927698,0.00704224701794165,-0.023970518275963193,0.04878044052774633,0.013084144469005299,0.10619467159381513,0.023573147703674247
2020-07-14,0.026385262284344346,0.01920238032602284,0.010566103824517947,0.03703700160674983,0.04505775610042506,0.040520128851294634,-0.01840493161660195,0.055084796703196215,0.021212101289172614,0.02088783215307144,0.027881058025408523,-0.06735747167028594,-0.038043485303006275,0.04794515850262693,0.008982027593025244,-0.015624985448084439,0.05454545454545445,0.013310525210459279,0.02302883982579651,-0.048000030517578174,0.16176468732035332,0.0,0.02518519648799189,0.018750063158617047,-0.0263158335029684,0.0,-0.021897755342943137,-0.060000038146972634,-0.06547604292432008,0.024178698971186963,0.010101010101010166,-0.03870402248375193,-0.022298476182188165,-0.004333690556536651,0.05656570113078807,0.11848341375032656,0.011494252873563315,-0.006172606622013466,0.02941173738261904,0.0,0.032679785921928106,0.0,-0.017751434546282918,-0.05202310163125723,-0.0022222730848524552,0.9120369679479781,0.027209368061213546,0.0,0.012820512820512775,0.03828305430245971,0.0045871514481794495,0.047398938632102317,0.0019469130737508333,0.0,0.010204099285933577,-0.014999961853027322,0.018840596172318147,0.014235798705708014,0.06593406665384194,0.01694907121351852,0.0026596150683591002,0.029648662130687287,0.04915249106575281,0.013698728871119892,-0.07291663488343492,0.02904553516861963,0.009405897895610194,0.0023009113824845606,-0.007368460502626406,-0.002878602032905464,0.021052660712889137,-0.021563321531935076,0.019169310091305958,-0.00879783271473944,0.05594408800680317,0.005037778534604964,-0.007751930820906638,0.0,-0.015999984741210893,-0.005151459665009517
2020-07-15,0.05655527575253094,0.04927531464514101,0.04256909640159745,-0.011904750923180218,-0.002155819985421359,-0.003487382730762323,0.024999918924533127,-0.004016060411629163,-0.06528183906901008,0.07672654755102193,0.06690775253549308,0.11111105178420333,0.07344630333111613,0.032679785921928106,0.04154305924581614,0.00952378159117151,0.43534482758620685,0.030904224839049643,-0.06486072303530954,0.05042020173979056,0.06329107811733348,0.0,0.0375722180893272,-0.024539819513789918,-0.04504504607707638,-0.10000002384185791,-0.014925429786844746,0.12765966081252644,0.07643298108935337,0.027844936626168826,0.004999999999999893,0.029962679926280877,0.06228070718466472,0.05658329504972448,0.0,-0.04661015921781464,0.11363636363636354,0.03637953486031331,0.02857140278718928,-0.2857142857142857,0.0,0.02145931003093504,0.013252970379450835,0.02682930148123064,0.002227222581649535,-0.20581114181649973,0.0011949494387017978,-0.006289315796747741,0.012658227848101333,0.02346369191310793,0.050228261288466136,-0.006622562564874368,0.024768651530457486,-0.014778349808356905,0.004489333618186819,0.023350206429333165,0.1152205392145289,0.024629246464914045,-0.03092786609233189,0.04801591728458421,0.03978788514482323,0.04250768802503857,0.017770559513458295,0.03667959997274428,-0.022471888612677127,0.03477856286735004,0.0456105663698021,0.02384893546550293,0.038176256138295006,0.06812919100253922,-0.014175281288099084,-0.0068870783964926074,0.034482725116836255,0.023668678606100002,0.033112551411967006,0.0639097432112401,0.07812502037268176,-0.0036900333293332643,0.0,0.04934507589190473
2020-07-16,-0.0048661752498319055,-0.0207181800099846,0.005730531911844139,0.024096434859411042,-0.011612155925888934,-0.014873106244439382,0.0152439374695994,-0.008064508376086854,0.0793650769622718,-0.06650862430006088,-0.03728818024961533,0.4583333667047207,0.06842111515316596,-0.015822844739486586,-0.022792001117782346,-0.011006241712400278,-0.02102102102102099,-0.008988035073110079,0.002447984607154119,0.0,-0.05952375546063715,0.022727287505283966,-0.009749261350667227,-0.025157342879939315,0.018867996956399402,-0.07222222148636237,0.27272736030067524,0.014150906899257576,0.005917111905149097,-0.00824500422704455,0.0,0.0,-0.023947148643652216,-0.02059730262403836,-0.03824088117318347,-0.017777760823567745,0.2142857142857142,-0.014554693808692787,0.027777753406100336,-0.039999961853027344,0.025316430864913864,-0.008403453102266312,0.0,-0.023752946253317142,-0.008888880411783817,0.0,0.001989351051077559,-0.018987441133887395,-0.012499999999999956,0.0010917280620545977,0.013043466092057088,-0.0033333036634657365,0.01706176931274439,0.05833331743876147,-0.013407808728091442,0.01587300085546861,-0.0012756663266849655,-0.013181657783289058,0.02127657550770312,0.012495270627820965,-0.02806131660037836,-0.024238850407006907,0.006349223339893628,-0.029795177799714745,-0.03448276402057804,-0.006332118186585078,-0.02329572172832628,0.0009965350307816756,0.011235856295656932,0.009189337624353033,0.01307190464097463,-0.0013869942897262177,-0.024242401473340114,-0.011560930176674589,0.006410326948300238,-0.00588930413225186,0.11594200519873432,0.018518500530834592,-0.02439025903112113,-0.024818563811357497
2020-07-17,-0.01955988281698129,0.04936528873060975,0.004985711001431747,0.04705877733065722,0.014480807640914195,0.011249220887189493,0.015015049001517289,0.03252029368516429,-0.008823590872607756,-0.022900425992613993,-0.014084494035883521,0.14400007029730277,0.004926064403864228,-0.0032154311255848667,-0.020408212915155044,0.022257549108209318,0.19938650306748462,0.003414422648914117,0.09768016099668397,0.0,0.06329107811733348,-0.044444472701461235,0.00843881035904892,-0.02580647988983087,-0.009259353013245764,0.07784431052236163,-0.04761907645273733,-0.03255817502043967,-0.03529405929962237,-0.0017814303500777173,0.0,0.0227270408835345,0.053299503443877905,-0.019979025182416565,0.0019880221923607166,0.00452484652388585,0.008403361344537785,-0.024326920197268675,0.013513555331681193,0.0,-0.024691334404499887,0.004237284282951448,-0.02497027847290545,0.012165380115195079,0.0605381117975714,-0.012195052453833122,-0.006948562224008414,0.0,0.0,0.004362045967309713,-0.05579394003393934,0.011148207895040896,0.02283331113405418,-0.03464563677097887,0.016987499414078844,-0.007812492724042275,0.07662849107171543,0.006285957617894411,-0.010416656965389626,0.0033658245885126448,0.013123473936275998,-0.010784012355349093,-0.015772829506456865,-0.015355194921294224,-0.04761908237394186,0.012254741123091994,-0.007523669408065148,0.004853153144428912,-0.0343434914122801,0.0005356192554006878,0.005161279995768764,0.001388920714826547,0.08074533793574967,0.005848294474993576,0.0,-0.0459123019586144,0.025974079255291826,-0.03272724151611328,-0.016666650772094727,-0.02678974529473377
2020-07-20,0.059850313570951164,-0.024193525128260562,-0.04323152108842887,0.01123594452133525,0.00107732946667638,-0.0005854376774790948,-0.04142014607259226,-0.027559029249642264,-0.026706206891867756,-0.03906259637238252,-0.014285700905079524,-0.15084923046080567,-0.004901917243818832,0.0032258034744816477,0.017857197342682873,-0.015552084540335076,0.6393861892583119,0.015312658734443874,-0.059325211154398705,0.015999984741210893,0.011904807858458266,0.04651165885368336,-0.023709912759417362,0.05960267105483852,0.09345794836777288,0.0,-0.0374999841054281,0.00961542164785767,-0.030487791579140167,-0.009518264398716503,-0.00497512437810943,-0.014222156689701837,0.005622542134212871,-0.03648070426190109,0.01785717326767622,0.01801807284468171,0.2250000000000001,-0.03027584140286732,-0.01999995578002922,0.20833332505491087,0.0,-0.016877621850007518,0.0,0.021634652857951187,-0.006342539045956719,-0.04320992160326542,-0.009596094887557416,0.006451621423463116,-0.08860759493670889,-0.001085801177026724,0.009090900224102638,-0.0022050170630951715,0.06970374668341628,0.004893920458585166,0.014476628181268714,0.007874008357040552,0.02253857762574274,0.010931858502327252,-0.01052630588288439,0.00409994180926887,0.0,0.002335980624736722,0.016025598539966657,0.029239976008531565,-0.024999976583889194,-0.052300225252587595,-0.004838836539553637,0.028235279000580427,-0.03765689576257114,0.028907956133694457,-0.01668804570819926,-0.016643534663548065,-0.00862068138659311,-0.011628034260486309,-0.07643312150273551,-0.06892267545653796,-0.037974721746286244,0.0,0.06779662523760033,-0.021104102558478166
2020-07-21,-0.035294140086454484,-0.026170805954605636,0.02296291271751616,0.033333368654605344,-0.001345163450006126,-0.003514963035343599,-0.012345639469363734,-0.03238863270421399,0.024390220854836775,0.03252019474475576,0.047101490902214715,0.09411775347775397,0.024630478616085583,-0.0032154311255848667,-0.017543912239656678,0.01105840332249275,-0.05304212168486744,-0.0001571744712541845,0.06621995631467459,-0.023622062617355444,0.3176470363841337,-0.05555555555555558,0.014285700661795575,0.012500013799361609,0.004273547931618937,0.0,-0.10389608566653952,0.10476194109235482,0.11320775333321387,-0.016816628737907457,0.004999999999999893,0.032461569445992655,0.042332245494650644,0.03340759532601867,-0.050682304694289804,0.0,0.020408163265306145,0.04315859314518522,-0.04761908343048982,0.03448272460139301,0.031645538581142496,0.012875524623216839,-0.006097584377790843,0.0258823843563305,0.0,-0.06451612903225812,0.003835266960817041,-0.12820506487258398,0.01388888888888884,0.01956525096821271,0.0,0.02099442832916365,-0.0247018546468335,-0.025974001846660322,-0.0010976153221027296,-0.008789077597612382,-0.008120803174359592,-0.0005149448425617598,0.02127657550770312,0.02041561053733343,0.059585463991728815,-0.0027188700732955207,0.07570981430659107,0.01893913852235074,0.06410254618814104,0.02401643483595106,0.004538132543020934,0.0014452938497688805,0.018478292513453898,0.010925933724963866,0.031331529815396,0.001410402232647101,-0.005797095840604838,-0.014705740655728494,0.02758617968111432,0.05568523137843551,-0.0065789411768027994,0.0714285010041813,0.09523807721703914,0.027964393935149934
2020-07-22,-0.002438963970067154,-0.00990101413886213,-0.001448212934215709,0.16129035979478323,-0.026939638273338784,-0.02116402932170125,0.021874929058966375,0.0,-0.032738065038745545,0.047244221753060645,0.03460204186943594,0.0731182104518866,-0.05769225478877493,-0.0032258034744817587,-0.04464281596192565,0.012500025611371424,-0.10708401976935744,0.01607923030422964,-0.031792997936443856,0.040322581885632536,-0.10714284193759038,0.2941176470588236,-0.0253520888389277,0.024691384946170958,-0.021276595744680882,0.0,0.03623188272257338,-0.021551723429195646,-0.050847685154277955,0.012217535636290355,0.004975124378109541,0.007860279350285326,0.05517243344869738,-0.0021551190371589257,-0.01232031708203063,0.022123836856712042,-0.06666666666666665,0.08274673916482067,0.042857160583807286,0.0,0.061349708057911734,-0.050847411395418596,0.006134993015359136,-0.0045871514481795606,-0.01063823743123149,-0.05862071596342944,-0.019103258734776585,0.08823531494999837,-0.013698630136986356,0.005330510674289357,0.049549501656847905,0.00432900030777672,-0.01397372587483603,0.0,0.009890021444047381,0.013793137791568322,-0.06432728086187323,-0.005409559147952714,0.0208333760189523,-0.0498362924784137,-0.026894874298868388,0.004089462062820459,-0.0513196283849342,0.007435188127431269,-0.024096362799380544,0.00349261535086387,0.0011294291374395193,0.00817799510158923,-0.007470690586009243,0.007720030621455765,-0.018987287759227534,0.004225381719903387,-0.014577245289547514,0.0,0.013422805905036084,-0.026847769600959248,-0.006622510282393357,0.0,-0.057971027512881634,-0.011094275426695277
2020-07-23,-0.017114955757907557,-0.014285700661795464,0.031181889416144415,-0.11111116630059481,0.02851604864328272,0.031531537981727364,-0.018348482106386177,0.09623421362323703,-0.021538440997783903,-0.012531338569465422,-0.02842810631299708,-0.0010019280663029484,-0.025510219804084855,-0.025889943666086213,0.0031152617895386925,0.020061745996646785,0.06457564575645747,-0.002577319587628857,-0.06147386852252801,0.02325582942684168,0.0,0.07272731896602735,-0.004335290386935475,-0.006024061870575248,0.0,0.1000000397364309,0.00699298896014211,0.0,-0.017857074965177966,-0.029571722192035854,0.06435643564356441,0.020797300746896008,-0.015250546925622777,0.006479423807706386,-0.049896002905038705,-0.004328965903940496,-0.05714285714285716,0.013821041983375304,0.006849335813459145,-0.19999996821085608,0.02312136497804751,0.05357137725365435,0.0012195401359078595,-0.041474723236691435,-0.019354871127326034,-0.029304002176473443,0.01517024282835644,-0.07432433366958913,-0.06944444444444442,0.00954402435580981,-0.012875524623216728,0.011853514387585307,-0.011957500788785214,-0.018333355585734012,0.013057763298438996,-0.018464487957984943,0.0024999765364779325,-0.00025905558332950385,-0.010204071702683226,0.011102579280853897,-0.04773876161544266,-0.030837934301270797,-0.041731093771311456,-0.03136534395219703,-0.024691334144937627,-0.013923064841234511,-0.06220792891460669,-0.0026243733257516055,0.03225803839935337,0.01634342191633853,0.0,0.01683027820939831,-0.020710109257779052,0.0,-0.05298016120569693,-0.0019474023687896524,0.019999980926513672,-0.022806954728744055,-0.061538476210374116,0.01444601883840213
2020-07-24,0.012437858450770278,0.0014492394067344705,-0.007735664048183488,0.04166668994973155,-0.01722746628265681,-0.025618649372261548,0.015576272305415806,0.0648855281372156,-0.003144651023059386,-0.050890505703043654,-0.024096362799380544,0.0030089915964361946,-0.005235638692580702,-0.01993353587031299,-0.012422348291186713,-0.019667187869147562,-0.04679376083188913,-0.0053746423055959225,-0.10862482694444808,0.022727287505283966,0.039999961853027344,0.008474554353937958,0.0043541669651223636,0.006060571126009329,0.09130439205446095,0.0,0.05555550159250355,-0.0484581649559066,-0.030303016226389867,-0.0074627997325592554,-0.06976744186046513,-0.04244481034060321,-0.012536878394783346,-0.03218876039525509,-0.02625828400190522,-0.02173914395568488,0.0,0.0,0.0,0.08333325054910778,0.07344632578107668,-0.004237284282951559,0.018270355399916616,0.009615375798129211,-0.019736875815185018,-0.00754719860148878,0.002221244521742438,0.058394144545395266,0.029850746268656803,-0.008403453102266312,-0.004347822030685733,-0.03620874762051163,-0.04661589738350547,-0.008488915964532717,0.0032223127410371255,0.012871203550161026,-0.012469039688327355,-0.017098442318711493,-0.04123713430708065,-0.009466060513774188,-0.007915601793289762,-0.011806986211905013,-0.016128989770643587,0.003809453098867266,0.03797460277439879,-0.016641405594103875,-0.059116788657309516,-0.025714645499150035,0.00937508228351236,-0.0194076411816565,-0.0038709425983933787,-0.004137959973565475,0.0332326693099676,-0.002985022954192562,-0.020979001741372683,-0.057235779801035336,-0.0326797080073582,0.03949726811696497,-0.01639342724524051,0.032722253640547816
2020-07-27,-0.007371058610079473,0.03473230871997868,0.017009289095941904,-0.050000011920928955,-0.001917325766856881,-0.0002987533778043838,-0.012269898563153192,0.014336904085998858,0.009463713144399533,-0.002681017031358257,-0.0017637087737699675,0.014999919748492685,-0.052631530515153124,-0.006779654441774419,-0.018867981112750454,-0.006172851997620188,-0.1527272727272727,-0.000519620180956859,-0.03788226915105031,-0.029629601372612835,0.019230843295715117,0.0,0.010115562724344329,0.024096411181858457,0.007968106903112337,0.0,0.04605268331335921,-0.023148147739337155,-0.031249905188878935,0.016290853874141087,0.02499999999999991,0.005319102463525516,0.03435399748711454,-0.003326018306316847,0.011235998399541591,0.008888880411783928,-0.13636363636363635,0.024057798236092776,-0.006802741552116576,0.0,0.06842105098048079,0.03829793882564547,-0.007176969905071773,-0.016666594762647535,-0.008948537747316632,-0.01140681542826072,0.009470059331634806,0.027586158216721612,0.2318840579710144,0.031779682634549555,0.021834040676500743,0.0011049976432127018,0.06346976510930658,-0.015410984629513846,-0.008565302184057044,0.007820222967759971,-0.027777606838260693,0.03321038961091194,0.02150535566956502,0.022935785401305253,0.021276660336025932,0.013771025521801983,0.09508186810244612,0.0056925428911160925,-0.03658529088563123,-0.006154077827919879,0.03726061837245198,0.02062362293220321,0.0381837058715071,-0.0442710234264625,-0.006476618417537328,0.011080388208860148,-0.014619938485219475,0.0,-0.02142855135761923,-0.05795102857674095,-0.060810832580220575,-0.046632121365352,0.0,-0.01833651215454246
2020-07-28,0.012376284952223093,-0.0013986333913919013,-0.0013935683390716713,0.0631578980390386,0.0032931200340513556,-0.0005976853161159257,-0.037267211915004594,-0.03886922192979203,0.0,0.06989220642191829,-0.012367437581508822,-0.025615716901843166,0.03333330095550213,0.006825931901308424,-0.03846150319251662,0.0015527750543822272,0.05579399141630903,-0.020066545009897685,-0.013757158815482229,0.030534321136057585,-0.03773590168014018,0.0,-0.007153035126595819,-0.01176471810600821,0.07905138180997584,0.0,-0.01886795621559323,0.023696682036039585,-0.03225829315531381,-0.0036991209921214407,-0.009756097560975618,0.011463802533034917,0.012996342710740239,0.004449384079133534,-0.017777760823567745,0.0,-0.06140350877192979,-0.04306965531870255,0.02054789927019751,0.3461538955304768,-0.00985220749181659,-0.02049178325562906,-0.0120482384544226,0.00726385766099491,0.029345399430787733,-0.038461538461538436,-0.008582753081417538,0.04697984570421654,-0.17647058823529416,-0.010266881945103945,-0.021367501773620345,0.0022074506802507443,-0.04244027335315148,-0.005217427792756468,0.0129589506039971,-0.01066931191799625,0.04025979258095469,0.09311218469751736,-0.03157891764865317,-0.02840071046209791,-0.028645759240821578,-0.010587475455684836,0.03143713117959268,0.018867866254038246,0.012658172182355987,0.0025800947746608127,-0.02975918446484005,-0.010704827955041463,0.008946292839341119,0.02288846905585107,-0.0026076619539638912,0.03424657444766899,-0.00593471264263723,0.0,-0.014598526172921567,-0.01428046126968241,0.050359750483805366,-0.003623184962974757,0.0,0.020621711305618406
2020-07-29,0.0,-0.01960782480441492,0.02302840375170656,-0.03960392300071269,0.041028487645298206,0.03917458121499795,-0.022580573548100946,-0.0036764670434089597,0.003124996973201677,0.0452262280913962,0.0483005319421177,0.08190092140820271,-0.005376296304905104,0.023728790546210465,0.05333336194356275,-0.006201563138786281,-0.11382113821138207,0.008912427988229332,-0.06301106898314679,0.03703703703703698,0.039215743106313594,-0.008403339794098241,-0.024495688024825713,-0.00595234677290668,0.04029298364934153,0.0,0.03205128257378598,0.018518500530834592,0.026666964171807805,0.05198026288953228,0.0,0.10462086578068464,0.05630790997069579,-0.024363158345532376,-0.045248932726261404,0.0,0.07476635514018692,0.008183225508040515,0.013422860050679164,-0.028571401323590928,-0.06965173450703277,0.0251045774669314,0.0,0.003605851892539258,-0.0021929281074908324,-0.06400001525878907,-0.009059806575366092,-0.02564098209990151,0.0,0.0062240107682094425,-0.00873361627060032,0.018722475520083437,0.010618630237135829,0.015734292987600762,0.0,-0.0019607357316996366,0.07240954942390032,0.017502917776133886,0.021739109308372973,0.01115390454441112,0.05630015792428966,0.015344360291122294,-0.0043539951524230736,-0.02592582838972135,-0.04999995316777828,0.03551232455928677,0.03593482738838327,0.021641322544642794,0.09753694790096934,-0.005327642324320037,-0.014379179709218315,-0.009271545681188043,-0.0895522271213881,0.0,0.029629600849335302,-0.005572051192613614,0.13013694044304058,0.027272744612260258,0.08333333333333326,0.04055631799851156
2020-07-30,-0.012224985053662207,0.011428560529436416,-0.013642589037315078,0.0,0.020756687571995336,0.014388544491240829,-0.006600728779583065,-0.17712177576266674,-0.012461047158154548,-0.04807672771185234,0.00853237419087205,-0.06542054144012044,0.0,-0.02317878598837686,0.00632910771622841,0.035881439754440025,0.07339449541284404,-0.015248680240661727,0.0641683793313117,-0.00714288439069477,-0.018867995824705996,0.0,0.04283603584491291,0.00598798936206224,-0.042253504730851654,0.0,0.031055901111672224,-0.018181800842285156,-0.019480606741312023,-0.03941164969133648,-0.009852216748768461,0.040252674829677204,-0.04453440357644611,-0.019296261997379327,0.0,0.04845813898367868,0.034782608695652195,-0.016233607743110223,0.08609266259127568,0.0,0.01604276540816718,-0.01632651472429325,0.02560976134532278,0.003592782227623159,-0.0021978524093689833,0.03418808365174786,0.008329895908178342,0.013157911414265255,0.02857142857142847,-0.038144318848921,-0.05286338615302688,0.015135172251108608,-0.015532428925656094,-0.017211687713843182,0.005330510674289357,-0.008840879164034199,0.03259558115427308,-0.0038990407085958134,-0.02127657550770312,-0.006846711803135452,0.005076136669713405,-0.011135689005929428,-0.01749283250286293,0.03422048350914797,0.013157836948407109,-0.08250534221883898,-0.013489763659772058,0.018445829754548226,-0.0098742411151721,-0.022496094536637035,-0.006631233515444368,-0.010695176938778084,-0.02295079814333678,0.0,-0.028776951269557483,-0.09525592457244969,0.006060600368335001,0.0,-0.030769201425405623,0.07218231708802958
2020-07-31,-0.01980196150035629,-0.028248560935074996,-0.01659743776940037,-0.07216500039941254,-0.025482647897750677,-0.017021327538961684,-0.026577988690001386,-0.05829601494574432,-0.012618284192532747,-0.015151609558985313,-0.03214891068121717,0.05499996203671209,-0.016216243152232024,0.0033898272208872093,-0.02201263213580984,-0.048192691051969105,-0.05128205128205132,-0.018955590959509605,-0.06222863832356962,0.014388544491240829,-0.09615384968074836,0.008474554353937958,-0.03541076515952124,0.017857121194095882,-0.10661761165352635,0.0,0.006024081157762096,0.0,0.0066223776111371535,-0.013472100507702534,-0.00497512437810943,-0.0834599612376099,-0.05155364054398226,0.006944382356275369,-0.035544935068222205,-0.05882354119716182,-0.03361344537815125,-0.009901033037263529,0.018292739296301486,0.0,0.0,-0.004149373488428698,-0.029726516591665475,-0.02147974972763944,-0.015418540143072201,-0.04958680682263317,0.012895358237554833,0.012986951045112605,-0.01388888888888884,-0.0032154054894434347,0.013953474446076086,-0.02236422049721265,-0.0009279977415916907,-0.12784588689957144,-0.012725332097096365,-0.0029732143228459185,-0.01127348460086186,0.014966647969409275,-0.043478283404402185,0.0030640152961680656,-0.020201833860509666,-0.002614134713096017,0.001483839801894149,-0.0073529937242468035,0.0,0.0021671893876227255,-0.019345410299333343,-0.00023374938108122745,-0.010879546106151716,-0.004931527031182714,-0.012015943776103932,-0.04054056579305587,-0.0033557014762590764,-0.008616597920733327,-0.014814800424667651,0.007844778672345232,-0.0361445445698767,0.0,-0.0396825384811359,-0.024934304102071314
2020-08-03,0.002525250092658027,-0.014534869617614077,0.026722837607262573,-0.033333302427220435,0.054146881021458704,0.050505106802237076,0.06143333989510125,0.06666671964857551,0.022364195106523654,0.046153734322523565,-0.005244708753771921,-0.07203792056373604,-0.005494543882554881,0.030405376016702235,0.03215438791777392,0.06487333400545747,0.018018018018018056,0.0002721550803927997,0.06430041185910373,0.1631205088535468,0.10638298304062643,0.0,-0.035242257435351254,0.03508775693554034,0.06995882534118514,0.0,-0.011976017812276418,0.08796294374884606,0.05921046881261205,0.015518301717847294,0.004999999999999893,-0.0033111218703185674,0.01935958818313055,0.004597696865513701,0.08108105891586459,0.017857197342682873,-0.05217391304347829,0.1058334488635444,-0.059880231593106625,-0.00588234716633218,0.021052674507501035,0.06249993791183073,0.03799024821244501,0.02439022120941492,-0.02237134436829158,0.05652170595915429,0.0015914059335457864,-0.01282045245668162,0.08450704225352124,0.03978493311512987,-0.0045871514481795606,0.08932458252336817,0.01393404445087687,0.10441766645279205,0.06337262860594639,0.0,0.05473167334266216,-0.00022690870723651724,0.0,0.009163805207037745,0.048968968396827295,0.021975956151926823,0.002962814261439295,0.02222228748025845,0.03896104700349423,0.0037834629390030017,0.04885682195658303,0.009233297546395125,0.0036663384541000266,0.004955967518968096,0.016216183122338856,0.007042280479784058,-0.0067340002470883675,-0.0033890074748988974,0.07518789579387519,-0.011061059379412375,0.03124996973201677,-0.010619458719785979,0.008264415259734426,0.012382209033079628
2020-08-04,0.0,0.007374588842250063,0.04726043940370728,0.03448272554637244,0.00476072195362498,0.007142797725355754,-0.01929254351298304,-0.008928562875609058,0.02187497881241174,0.02450983293607667,0.03514935101122574,0.006128729130768784,0.033149228520483076,0.02950824721146006,0.03115261789538648,0.22882622420239151,-0.028761061946902644,0.0015235541471143588,-0.01788304520394768,-0.02439022120941492,0.23076929425347004,0.0,-0.007610378908440629,0.028248578463138996,0.030769250331780906,0.0,-0.006060590647687825,-0.038297856107671224,-0.018633311701228394,-0.002445214445478072,-0.014925373134328401,0.04817254934759441,-0.05040172399800624,0.04805492989620652,-0.0386363801384757,-0.021929838014795866,0.04587155963302747,-0.016578988820038276,0.09554138781898791,0.0,0.2010308530837721,0.01568625984353189,-0.034238483200751624,-0.016666594762647535,0.018306619176448713,0.01234572649498844,0.03853037006309212,-0.05844155336435353,0.06493506493506485,0.035160305057432506,0.07834093635872219,0.1499999999999999,-0.012368318450568738,0.020000024275346195,0.01111117319092303,0.043737531016928566,-0.028107851932189676,0.001361501559031364,0.06818182126057049,0.007945438037039398,0.07371006819741455,0.0047344794282642155,0.014771010006690233,0.023550707345983968,0.012500030866691603,0.020463076589508633,0.00263668232636749,0.0028951940291570555,0.017351663123118533,0.0,0.0026594615436696944,0.0027972000922729112,0.0,0.0060609594495613095,0.0,0.08077882403657566,0.06666667629974077,0.037567089877404314,0.0,0.002127041081073644
2020-08-05,-0.005037778534604964,-0.011713019707128458,0.06671015697985938,0.022222267845531718,0.0017456141134106762,-0.0038188596255618323,0.00327867795596104,-0.018018000602490147,0.07645259983431729,0.0,0.008488996921607317,-0.004060898549545278,0.026737984277633853,0.0031847102322188903,0.08157099262659928,-0.04715844413286341,0.0,0.003966074851797563,0.07234258084548872,0.0,-0.03125004423782163,0.0,0.016871186171195873,0.02197804494854272,0.0,0.0,0.02439025903112113,-0.05309737799488545,-0.04430383635898816,0.035539158565316864,0.16161616161616155,0.017432780031527484,0.08307691720815802,0.052401801736520204,-0.004728127857288822,0.02242153872712427,0.00877192982456143,-0.03065122974344059,-0.017441913314351964,0.0,-0.038626573869650294,0.057915096655723586,-0.022004926462152907,-0.0072639731179307,-0.00674151331618722,0.02439025903112113,0.0013387325920655169,0.05517239947550623,-0.03658536585365857,0.0369630246852064,-0.004273500354724069,0.011304357777471186,0.018089186586406125,0.010695176711511767,0.014984976533514827,0.0514285677955264,0.01001095632890081,-0.009743945043465319,-0.02127657550770312,0.01801810346559063,-0.027459997098405298,0.01806439980798147,0.011644863861044463,-0.01061945444434842,0.012345625023337359,0.04485504675839258,-0.0217392178391963,0.014780586626446324,0.03321365492528283,0.002739790191560676,0.02917784235371279,0.025104578301714975,0.0,-0.02108442514782949,-0.013986001160915085,0.04407817599863839,0.1193182041391363,0.006896544920278691,0.00819675270763387,0.030114146393896313
2020-08-06,0.02278478812224005,0.0133333559389468,0.04230515542662916,0.021739109308372973,0.06945477418958168,0.0755750346758024,-0.01960778013925768,-0.022935757240897803,0.06818182126057049,-0.004784719642733193,-0.0033670001235441838,0.0428133442041998,-0.01562502587007053,-0.015873075943202752,0.1173184595655401,0.05329948777824889,-0.0751708428246014,-0.03820551877861644,-0.06700322600711917,-0.012499988079071045,-0.04838705211722627,0.0,0.0030165883229702484,0.01075269916862509,0.08955219914920876,-0.04040406168924138,-0.08928571158255583,-0.028037401503044235,-0.03311273405239101,-0.02840224660351265,0.04347826086956519,0.012461000951821788,-0.3046874989416789,0.04979248186114482,-0.04988124376345704,0.008771921263311722,-0.02608695652173909,0.0031621014736566977,-0.005917178010712454,-0.2781065163886669,0.04464281437804529,-0.010948894629691175,-0.013750016689300537,0.006829238678286442,-0.024886907605358388,-0.023809538226368665,0.014896831622999818,-0.08496734855228605,0.025316455696202445,0.08670516460574706,0.04291851773629629,0.02837488568003499,0.0,-0.010582000347830411,-0.04035431629622932,-0.003623184962974757,-0.014317193797809713,-0.0022883818552050794,-0.0326087287502157,-0.018805392443973723,-0.049411824831330886,-0.019865251772560377,-0.005755335148607932,0.010733437697002968,0.036585373958310186,-0.016666829374580527,0.02580675051836745,0.008079188742180277,-0.016507445452256686,0.008196641172945718,0.1391752552240808,-0.02857143413221186,-0.016949136104436047,-0.0030767540945276783,0.04964542844622866,-0.051762109370760534,-0.005076137217272736,0.0,0.08130081174740655,0.01699935182080181
2020-08-07,0.02475245187544539,0.049707553825433015,0.006470532226278136,-0.17021279428921554,-0.006052131127353255,-0.0063645257430763325,0.016666612047406604,-0.009389773835924098,-0.01861700356924023,0.074518984742721,0.010135125338900819,0.05571857756288989,0.07936504465785976,-0.02580642779585396,0.047500014305114746,0.024096434859411042,-0.0640394088669951,-0.00016878849951063035,-0.0054107529426613565,0.0,0.10169489744647242,0.0,0.036090190628020435,-0.04787242499869193,0.08561643984749234,-0.06315789803903848,0.0,0.019230843295715117,-0.027397127230690543,-0.003653922358644035,-0.029166666666666674,0.06307702596474707,-0.05209399702441919,0.05632408115316179,-0.007499992847442627,-0.013043500194777624,-0.017857142857142905,0.012608151123658207,-0.03571420849585627,0.0,-0.004273500354724069,0.0332102999639996,0.07731307272963406,0.03682181086544212,-0.004640366865901968,0.04878044052774633,0.03707188611864276,0.0857143102879585,0.06172839506172845,0.020390115368385864,0.02057611149904548,0.03260872425408268,0.020956584439800086,-0.016042807566122086,0.0071794558794071595,0.021818161010742188,0.003351703705448017,0.006192671266351812,0.03370790053551764,0.0033821882271889425,-0.0024752045644121923,0.0076741202992196555,0.14761208148591654,-0.0212388183508605,-0.023529390079574886,0.00513633704983385,-0.0013977409955886477,-0.018625058863205535,0.01855133596718961,0.02222216385815412,-0.0011311736823840235,0.008403353487606458,-0.017241444513996895,0.018518079461254944,-0.006756750225933805,0.0634920400500385,0.035714250959391514,0.0,-0.03759398442327189,0.019374430234854412
2020-08-10,-0.009661826846140142,-0.0013927231592972822,0.02922310607220724,0.038461579608730645,-0.0014051673469089865,-0.001281095129865406,-0.016393389779804646,0.02369677403827186,0.013550122368818363,0.024608694498133854,0.010033435215412778,-0.0009259447127800691,0.07352945988841086,0.01986753084718007,0.0023865756343954825,0.03529408299799286,-0.02894736842105261,0.006640449942798776,-0.06083083804798939,0.018987353614766667,0.2000000293438251,-0.025210126236557606,-0.014513774538514657,0.08379901286565894,-0.05678235134092424,0.0,-0.02614380660233484,-0.023584904811610685,0.021126587608991887,0.0,0.05150214592274671,0.05209844499040872,-0.05603443093234517,-0.008419008647926218,0.04030228833189686,0.06607933772149566,0.0,-0.03190660960405922,-0.006172858161036188,-0.049180377526039876,0.030042993113079675,0.0,-0.021176506491268343,0.037383140086171496,0.02331000128712679,0.007751967785028402,0.0036291609711911477,0.006578955707132517,0.058139534883721034,0.03127711985390813,-0.036290287692390844,-0.04858302533900993,-0.008478302231818002,0.03260866466677248,-0.005091572160322966,-0.03736655559132307,0.04677084292912026,-0.017779776573688788,0.010869554654186597,0.031460763688919036,-0.03473941614150555,-0.03241552910937162,0.054224475286928975,0.06329112167674444,-0.012048222435590672,0.045477614565647695,-0.023442971129941537,-0.011962283026484388,0.0017345478495636169,-0.003711369356023786,0.06727452729484562,0.016666717440995127,0.014035158459685393,-0.04799375920637439,0.054421715747644095,0.007280697777164669,0.059113362398476754,0.0,0.015624984866008385,0.06223605138174504
2020-08-11,0.0,0.05997208141745003,-0.014764385655980261,-0.012345667202249944,0.0018762309088107276,-0.0002565232222325742,-0.0866667467749147,-0.009259250061012025,-0.00802138270408359,-0.05240168490706487,-0.013245020564786825,-0.023169626660996867,-0.027397306008024702,-0.02272725161582778,-0.09285711528492502,0.01136362558800319,-0.2520325203252033,0.0807803921836241,-0.2301211221597681,-0.012422407341657227,0.05769228182835984,0.025862113379601537,0.014727526538200086,0.3453607781716703,-0.08361204297841363,0.0,-0.02013426198026136,-0.024154588481715478,-0.027585985734260632,0.017114789582336698,-0.020408163265306145,0.13823926221283545,0.0273972334300725,0.011320743513260512,-0.04116224493542375,-0.057851248354386375,-0.009090909090909038,-0.04662349879837058,-0.006211199011544322,0.0,-0.14166672461562457,0.007142850452539706,-0.013221113066347323,-0.04279280512879169,0.0022779565343908903,-0.02307693774883568,-0.006147309627263731,-0.04575161289738683,-0.09890109890109888,-0.013479347005450615,0.0125522887334657,-0.0008510833090924486,-0.021152038659866923,0.01578950098236831,-0.05220063510606776,-0.031423305192007644,-0.015957510539231223,-0.007194276449135728,0.0,-0.16811908697783784,0.0025706492587103114,0.004641796303886947,0.004784827698686156,0.0017006922563043148,-0.012195069270984127,0.022971835626174997,0.002149760517817567,-0.012805569901994662,-0.07532474257095001,-0.005854142246028871,0.0021369089118681295,-0.012295102524220836,-0.013840899245549543,0.012216485630309748,0.0,0.02168414816824571,-0.1720930732863194,0.0,-0.061538476210374116,0.007601467777340831
2020-08-12,0.002439080271815719,0.018421035295047794,0.016138366828346573,-0.03750003818422498,0.0203651017548101,0.019502174430014785,-0.018248116980910223,-0.014018788942859906,-0.02425880098719424,-0.04147467834780627,-0.030201313286331244,0.11480081377653528,0.04694838763742548,-0.009966767935156495,-0.015748016714081325,-0.06853931515735423,-0.1123188405797102,-0.021983137432098898,-0.05950753702761158,0.006289332318799801,-0.006060629179983401,0.0,0.0333817160421519,0.09195401221794475,-0.04379560350090839,-0.1011235676635287,-0.006849297769090046,0.04950494862528321,-0.04964552436401093,-0.027644202791042516,-0.054166666666666696,0.015105352588328458,-0.045555538601345535,-0.05503732629583391,0.002525250092658027,0.004385925775139299,-0.00917431192660545,-0.03372688720442496,0.04999995558261827,0.29310348548447007,0.019417457749564715,-0.01773047996451116,0.02314245791723346,0.11764705882352944,0.0,-0.015748016714081325,0.008004306533383243,0.09589036463829403,-0.04878048780487809,0.0367207774359517,-0.00826445466776271,-0.032367983121751376,0.014712659840295128,-0.015544067906882564,0.02699783950547352,-0.011450371259603576,-0.012972854737933637,-0.00023371486251755336,-0.10752690652985541,0.005237981197874664,0.005128283176628834,0.028123770726057984,0.04166658304064219,-0.013582438502450889,0.03703704326653812,0.012899991196892557,0.022345216270297508,0.013207489114168025,0.002809047043052626,0.016059732208094202,-0.039445718619504966,-0.005532498167012956,-0.017543843505051004,0.0,-0.0064516069489635175,0.0024761122635565957,-0.04494377808534078,0.0,0.3278689357549469,-0.005106806205949055
2020-08-13,0.0048661752498320165,-0.01808783858211538,-0.020419915443336434,0.012987000923330161,-0.015829321727578005,-0.011578153345211284,-0.0037175615646896087,0.03317543845574367,-0.0027624283920971715,-0.03365381035714066,-0.019031164277077406,-0.0723405024543935,0.07623314614089427,0.020134208857554237,-0.034666697184244755,0.07358261735859828,0.08571428571428563,-0.0012163937238829359,0.04654541015624991,0.00625002384185791,0.06707319555220237,0.0,-0.00421344570974469,-0.03508770758886559,0.11450381901678064,0.12499995343387194,-0.006896534185299896,-0.009433997912352998,-0.05223876399540306,-0.0024722009886063434,-0.03524229074889873,-0.020237616208400033,-0.01862629156809814,0.003948663514426354,0.15869014395017067,-0.00873361627060032,-0.03703703703703709,0.006108184386829585,-0.023809503665585652,0.0,-0.004761900436850985,-0.0541516593502861,0.0,0.18315787064401734,0.0886363313710401,0.004000015258789125,0.012813837476566947,0.018750023988127973,0.02564102564102555,0.006589779361090065,0.0166666501098216,0.009683152612324664,-0.01366753168219359,-0.02105261220606125,-0.001051548753013165,-0.014478728137176655,0.02633058357879081,-0.0025719104319438246,0.0,0.026921010650484467,0.022959198530015046,-0.008401665499661815,-0.017142720894548602,-0.005163548011743013,-0.059523792146362386,0.008962296315746077,-0.013463769582069962,0.024906883557429094,-0.00466842980246529,-0.010010353574300468,-0.06326292235410058,0.004172424580312084,-0.014285700905079524,0.009554346786103673,0.06493508202528231,-0.031404353735233315,0.07058823611909548,-0.015410984629513846,0.006172745025411208,0.014582360968260266
2020-08-14,-0.03147702441614009,-0.015789458824326585,0.02663573337871128,0.038461579608730645,-0.011654948129576126,-0.008912677724140172,0.022388090880345324,-0.09633028977808811,-0.016620483247395845,0.029850741395764047,0.012345625023337359,0.023853255985974764,0.06250004139211551,0.0,0.011049779429876505,0.01123594452133525,-0.022556390977443663,-0.011755367481885437,0.027797100158384547,0.012422288872800724,0.1428571428571428,-0.008403339794098241,-0.004231341207714845,-0.040000015810400136,0.013698682631726689,0.0,-0.05555558989567955,0.019047600882393878,-0.01574800377523189,0.0030976749619269217,0.027397260273972712,0.02004836591062875,0.16844602904961992,0.01573253158424892,-0.06304347127506982,-0.22026431903136934,0.03846153846153855,-0.013876938551968365,0.0060975797654339026,0.0,-0.023923423143372258,-0.05343506587815028,0.0,-0.07473311118264614,-0.012526084187343023,-0.03187255506975162,0.00035629513449131345,-0.03067481127608318,0.0,0.004909939822527631,-0.03688530757266251,0.00871834572514052,0.004618910751613248,0.00716845204299954,0.03157896744577515,-0.001958908686478522,0.0240172930639162,-0.0046882504372907086,0.036144616382703276,-0.041860396633039976,-0.012468935220077748,0.027783228390608983,0.004651174188078366,-0.019031189794075587,0.0,0.010285024303205548,0.0014178710132770611,-0.00658635268839558,-0.014071382400585697,0.00585407612143829,0.0,-0.008310241623697978,-0.003623184962974757,-0.005047129610710632,0.006097555213709249,0.012021854809985744,-0.010989065691980104,0.04869568866232177,0.012269986030718272,-0.006209048038955278
2020-08-17,0.007500052452087402,-0.02406414811225077,0.01635697121520563,0.024691334404499887,-0.014386850982086252,-0.012846853245338186,0.05109492688693118,-0.06598984433687505,-0.08169013119670887,-0.01449278302798973,-0.027874538988168163,0.1469534636657508,-0.011764725681819521,-0.003289470588401344,0.002732237767417267,0.1100000437100741,0.01538461538461533,-0.01157372129666756,0.01690331345626972,-0.07361956513853318,-0.17500000000000004,0.0,0.0014164630259045907,-0.05303030614946347,-0.033783782622748615,-0.16666664459087177,0.03676470656983444,-0.03271022747984964,-0.06399998773643134,0.0037061920069767496,-0.0444444444444444,-0.006551249193646802,0.03147202578038155,-0.02420135545463864,0.05104414615999486,0.016949181460966134,0.0092592592592593,-0.051011749406907,0.02424240277923473,-0.10666664441426599,0.02941173720662249,0.016129016752173708,0.0,0.036538473882619105,-0.03805493184202602,0.02469137449826131,-0.014962531347779251,0.04430369907129594,0.30000000000000004,0.0024430527115530953,-0.021276576317181495,0.029386357956429965,-0.006436593527370693,0.00533811573296239,-0.023469437901449397,-0.003925413493640506,0.008528917682631754,-0.007300931824728019,-0.034883756389998966,-0.0035304204420872898,0.002525373356075722,-0.004409301687942402,-0.004629640921723244,0.01410962971356633,0.0,-0.007403911958849374,0.010442685203396085,0.00845905161606142,-0.038058959496752864,-0.017989221048446358,-0.013033240555049952,-0.05307257621536199,-0.02545452117919922,-0.000627990825463165,-0.012121200736670112,-0.002879766800888306,-0.04444440323629384,-0.004975158999091178,-0.042424230864553714,0.01747081026146935
2020-08-18,-0.014888381656182004,0.042465744476690936,-0.011099381089599514,0.0,-0.016032502834346207,-0.005465879335128654,-0.020833360990656913,-0.005434777327093299,0.021472372223182212,-0.04166664522116059,-0.019713285845592954,-0.06250006569991429,0.011904782178450812,-0.01980196150035629,0.005449585970229709,-0.0020020358655283843,-0.018939393939393923,0.006830349100114486,-0.05651594187557818,-0.092715267340167,-0.24242424242424243,0.0,0.06647804508910005,0.09599999043470775,-0.006993077880821041,0.1333333651224773,-0.007092180673083925,-0.02898552460654713,-0.5299145579104766,-0.0036925068675386363,0.0,-0.03417276750500109,-0.06102361169985693,-0.02480158748930661,-0.004415006622562556,-0.04999999558484125,0.00917431192660545,-0.012047919791253525,-0.01775144058333733,0.007462679264300887,0.11904762445393624,0.003968250213867153,0.0,-0.10389609585364867,-0.00659345242873588,-0.03614456354692086,-0.001989248434522306,0.012121228043327825,-0.20192307692307687,0.06011370803358629,0.004347822030685622,0.02686815272241594,0.0,-0.02477873701283384,0.008359448929692315,-0.003940883089296077,0.02536982676908983,0.009015355626610377,0.07228916095257998,-0.0053143456866442396,0.020151109498073083,-0.0005779437788545616,-0.017442209509900386,0.0034781960424343783,0.03797460277439879,-0.009323851556552465,-0.03993718015704417,0.01847650454390881,0.0009890337057707477,-0.0010779325411848228,-0.013205220429555076,-0.0029498496028924626,0.03731339632150399,-0.0006410074173547331,0.030674817461689097,-0.13249097383434494,-0.04069770423704466,-0.008333365122477177,0.11392406132946675,0.012394772658971487
2020-08-19,0.002518889267302482,-0.009198445523423415,0.0011224435359336038,0.012048181523292234,0.008511626364148928,-0.0015702805040371803,0.03900716122473824,-0.03278691835069325,0.024024073260518142,-0.035805587623113255,0.005484499261251052,0.0375000420479481,0.007843129677328253,0.010101000370632551,-0.01084009789505469,-0.07723165892703032,-0.07722007722007718,-0.006999424334585558,0.019732209504573328,-0.05109487730005191,0.17599998474121104,0.0,0.025198946708451242,-0.003649663630933331,0.021126797138869557,0.0,0.028571446736653572,-0.01990047815616136,-0.0909091067453115,0.019765540658324365,-0.037209302325581395,0.03476115688413417,0.03459118710960207,0.002034634579745953,-0.02660761780626164,-0.011695895017748925,0.027272727272727337,-0.02720455810452649,0.04216870793965377,0.13333329212518463,-0.07659567474185358,0.0,-0.02261899869187667,-0.057970960122986526,0.006637214587376983,0.050000031789143806,-0.0025366620270552698,-0.023952054792051314,-0.07228915662650603,-0.013793126631796992,0.0,0.0016353604670711341,0.036557016042125356,0.0254083231706157,0.012435320619388346,0.010880377258856821,0.14536046440159067,0.014342831597928596,-0.01123594452133514,-0.011130839859828656,-0.03456794139822539,0.011368071285849934,-0.010650730411686626,-0.013864915129789823,-0.012195069270984127,-0.00047068664414062766,0.004743820385846531,-0.014579828389992278,0.003952651091809756,0.0037758298237480226,0.002433007413914723,0.002958576959962933,-0.014388475634778741,-0.009523661133162609,0.4583334072478258,-0.009155273175892598,-0.018181801105005113,0.0,0.005681839733084004,0.03212401044103608
2020-08-20,0.002512560405862674,0.0,-0.04316123393733562,0.023809572804273094,0.000964641405247102,0.0015727501629558827,-0.051194558654002464,0.0,-0.029325554408831334,0.02917773065282292,-0.0036363601684570312,-0.0064256788772423246,0.0038910159303191527,0.006666660308837891,-0.0136986820351932,-0.03369567125810302,-0.17154811715481166,-0.015615625106521147,0.026952360925021512,0.04615387549767136,-0.13605442353403552,0.0,0.007761958943272029,0.01831506279761519,-0.0724138281811243,0.0,-0.020833368286673815,0.010152225778948587,0.08000018139863063,-0.010296826548458315,0.01449275362318847,-0.023995435762465767,0.031408350882583536,-0.02335030324905696,-0.0068336523652807735,-0.023668709730421456,0.0,-0.01157165873054411,-0.005780364234151514,-0.21568622867770404,0.22580644806869965,-0.035573089006745384,-0.02314245791723335,-0.021978104896205664,-0.017582504876838767,0.015873000254767344,-0.010172566186549159,0.05521471939436973,-0.025974025974025983,-0.017094037994177635,0.00865800061555344,-0.007346951231664511,0.0,-0.008849591131132817,0.004094161717386857,-0.0019569919022601745,0.04140458263705038,0.003477086879952518,-0.02272725117600638,-0.010269721315156799,-0.0025575835818865134,-0.0041914881598373865,0.0,-0.012302282182035551,0.03703704326653812,0.00047090829438545256,-0.012166382996404157,-0.005760132493301429,0.009842511140423005,0.006447949488903593,0.0,-0.013274358377996953,0.0036496315432303916,0.0,0.024489772086439876,-0.0873582515901048,-0.006172833601124972,-0.010084024319817808,-0.016949216467680994,0.0041353493953857345
2020-08-21,-0.01754384287606181,0.025198946708451242,0.0005858798309426039,-0.04651165208409025,-0.028908712602186082,-0.02355408276674864,-0.003597110641040513,-0.028248560935074996,-0.03323259728018424,-0.03608243307714565,-0.007299263086460783,-0.00970093057702115,-0.01937979624883157,-0.02649004112957354,-0.030555527224952028,-0.07424070286548157,-0.14141414141414144,-0.003855670264255706,-0.051144066853893166,-0.022058836935300308,-0.22834643008534639,-0.016949216467680994,-0.011553293071709048,0.03597121106671142,-0.02230477683311105,0.0,-0.028368812874305926,-0.08040203076083752,-0.03703714436778405,-0.021419817629665494,-0.01904761904761909,0.007990016662285715,-0.012770148383475233,-0.031185051382921936,-0.04357799344086444,-0.08484840720006792,-0.017699115044247815,-0.013658496794966224,0.06395349851487553,0.0,-0.12781960211167154,-0.00819671330225158,0.008728141001096423,-0.08764042319138876,-0.006711349972995273,-0.03515623457497008,-0.01468170199983787,0.07558142058369932,-0.040000000000000036,0.015019805516776064,-0.008583683082144522,-0.04276311764921792,-0.0004463436058853576,-0.003571425226269853,0.0010192940652198335,0.0,0.039757957395471166,-0.01316700583898045,-0.023255860695907793,0.012396520188270754,-0.023076939801585317,-0.01473090272873312,0.0514354798194161,0.017793447570919163,-0.04761908237394186,-0.006117668370873575,-0.016544211169263523,-0.007611020995525464,0.0029239321593224066,0.01388176048661216,-0.0218445704102469,0.002989533745209494,0.018181800842285156,0.0,-0.02788841972460654,0.0018408152954441093,-0.01863352243678007,0.016977912886140034,-0.05172411714146308,0.002817840529855564
2020-08-24,0.01530610755402484,-0.029754206792492854,0.04508193114206516,0.012195110427418276,0.033738545532217445,0.02036986767417215,-0.04332125728412917,-0.02906980854295338,0.0,0.06951866440772991,0.020220612565693408,0.020408185681537905,-0.08300396597832915,0.0,0.011461307089892125,0.0668286831451177,0.30000000000000004,0.009621178742891923,-0.13191484910166584,0.04511273828502538,-0.051020407170268345,0.017241445458981097,0.019480532348447932,-0.003472249414694817,-0.03802281295287446,-0.32941179193014836,-0.021897755342943137,0.0,-0.07692318558234723,0.02126336594248257,-0.024271844660194164,0.009756292016438017,-0.011940286893696861,0.027897021179756454,-0.0479616412528856,-0.06622520460049941,-0.06306306306306309,-0.004945549265609417,0.10382510501595466,0.0,0.008620681681899223,0.01652890933552542,-0.008652619716184695,0.03448272622135784,-0.004504500150622537,-0.03643730761455255,0.0020487834186826426,0.010810759093014877,-0.09722222222222221,0.017133976979312404,-0.025974001846660322,-0.0008591261672575845,-0.00580606489134583,-0.039426486236496916,0.0,0.029411783955364257,0.032418981446793005,0.017322046877913166,-0.023809501846360326,-0.030838896213196354,0.013123473936275998,0.008543435892691464,0.050056891958502714,0.003496528824541878,-0.037500007450580686,0.06581433253299207,0.003738339244836464,-0.0029762149085843514,0.031098170004123737,-0.011058669703929658,0.02109175971229238,-0.029806230719540916,-0.014285700905079524,0.0,-0.03688530757266251,0.07073950279268426,0.031645538581142496,0.0,-0.006060629179983401,0.006916669167747136
2020-08-25,-0.002512560405862674,0.0,-0.0005604562695248338,-0.048192726093168936,-0.004799706338448395,-0.0002626549885190732,-0.018868068416702077,-0.0239520735814005,-0.00937499091960503,-0.03999986087872276,-0.02702704328151928,-0.09199994525597677,-0.012931056335432456,-0.01360542893691108,0.0,-0.013667453339339941,0.040723981900452566,0.04846928244162019,0.031045733980141987,-0.035971224008772174,0.08602152412124298,0.0,0.0038216828245623002,-0.02090589827200018,-0.03162057282779629,0.3859649673173089,0.0,-0.0928961162002695,-0.02083329868014261,-0.018371156561888702,-0.02985074626865669,0.02777769266721153,0.020140967081430095,-0.013569949423405281,0.04030228833189686,0.014184383571866466,0.009615384615384581,0.010934187220920766,0.07920792775882846,0.0,-0.008547000709448138,0.00406503671064562,0.009975052261825157,0.142857240170853,-0.0045248824844553726,0.0,-0.006505443075185857,-0.010695136548324102,0.0,0.006891209496317607,0.031111081441243416,0.006018890295392154,0.044474115687339166,0.007462679264300887,-0.005091572160322966,0.0,-0.02093392636828295,-0.005292212312045352,0.0,-0.0135706773584231,0.012953310308718269,-0.0026952385811516155,0.010834264014934814,0.0052266968005207914,-0.012986956689826412,0.000888588520938205,0.0009312010892548184,0.011940309227862267,-0.006597584548849955,-0.014376924092730614,-0.04860265218867987,-0.004608326997478818,-0.007246369925949403,-0.006410493228353076,-0.03404252210749048,-0.18833116646195336,-0.006134963492337775,-0.006677790213931889,-0.012195052453833122,0.021036805012259352
2020-08-26,-0.007556667801907446,-0.0866666793823242,-0.022982038964118545,0.05063286172982795,0.0036171703350917905,0.0,-0.030769238849003955,0.0,-0.009463713144399533,-0.020833257855220833,0.0037037001061668295,-0.030837035739894825,0.31877737562427844,-0.00689654492027858,-0.011331434044538846,-0.06697455976016087,-0.08695652173913049,0.0006268027353595329,0.008716270761685907,-0.014925359325276832,0.10891083032170545,0.0,0.008883209874062992,-0.024911033749200562,-0.02448983743888178,0.07594936804365715,-0.014925429786844746,0.036144600462750365,0.02127655960120034,0.017467341395601244,0.02051282051282044,0.058166761395265665,0.02270479167206041,-0.024338576389263844,-0.03389832954596095,-0.02097905673384104,-0.01904761904761909,-0.012782701348745262,0.004587169920451828,0.10000000000000009,-0.07758613513709323,-0.008097158176053498,-0.004938266662867674,0.12499997516473238,0.018181800448205276,-0.008403313529497414,0.0007483039285780535,-0.09189194044329208,-0.01538461538461533,-0.019011407395610358,0.012931022522848945,-0.00940168021115162,-0.01419349287715932,-0.014814800424667651,0.003070596884911403,-0.0057143256777808515,0.029605270821292384,0.013879303612579275,0.0,0.0004744507190013181,-0.015345334672444033,0.01679513758790585,0.012861543145754384,0.022530309776134017,0.026315763527856362,0.000887434545655541,-0.009302474870828026,0.018606755173645295,0.012334017258174068,0.014586635037432183,-0.04342276470765716,-0.00771607879439673,0.014598526172921567,0.014193860235943712,-0.20704847249311265,-0.0005285533214328675,-0.06790124319835578,0.0,-0.03703705884028974,0.015347410140077455
2020-08-27,-0.022842677990056348,0.011678821141581697,0.013769302639377923,-0.048192726093168936,0.0033637253489400276,0.002364703877045571,-0.02380944898154036,0.01226992698467555,0.0063694204644377805,0.04787214584329891,0.0,-0.18181819770406427,-0.013245125129748625,-0.03472227051302046,-0.028653267724730536,-0.058168377361714096,0.004761904761904745,0.03440173534077706,-0.07227018645669547,-0.007575714336391148,-0.1339285737093614,0.0,-0.047798697700709214,0.003649663630933331,0.004184143159369658,-0.29411763880904596,-0.02272721580456105,-0.040697716970323206,-0.02083329868014261,-0.007970665330628068,0.015075376884422065,0.023320611791277646,0.015444093280765792,0.00867678106172498,-0.01754384287606181,0.014285814843214784,-0.06796116504854366,-0.01394424505638725,-0.041095942767301885,0.09090909090909083,0.060747602640028875,0.008163257362146625,0.0,0.026851847845503984,-0.06026785262879364,0.012711831873363,0.02206027807690414,0.017857165894961113,-0.046875,-0.019379845534327478,0.012766047245027501,0.006039662976931703,0.003490452585574788,0.005639047369019767,0.0,-0.007662828249186293,0.015974147790384752,-0.006844696309030285,-0.024390220854836775,0.004741658704715324,-0.03896095535182964,0.007214905376837777,0.01164041069084254,0.022033792940748365,0.012820544170753179,-0.037250420024614206,0.009014351901426743,-0.004009808590402675,0.03280222152013956,-0.002129948985492236,0.042723613557003715,-0.02021767357299431,-0.021582713452168112,0.0019081775727460837,0.17777774539994518,0.0988895216458352,0.006622510282393357,-0.0033613414399392694,0.03205128126752599,-0.02671078061370702
2020-08-28,-0.002597400184666032,0.004329034711612945,0.016978019831734414,0.025316430864913864,-0.0035919342458594627,-0.007601584124260152,0.036585359084465585,-0.012121200736670112,-0.028481060171943517,-0.007614294700720059,0.035055360617333386,0.07333332621410449,0.03355706988992946,0.043165512666415884,-0.0058997695357470015,0.03810781172544808,0.018957345971563955,-0.009336315426247355,0.02116850108777557,-0.022900777251825155,0.07216493020922732,0.0,0.06605013366242862,0.0,0.008333312140570648,-0.08333334989017849,0.13953482182751986,0.07878783254912403,0.02127655960120034,0.00309016110155258,-0.05940594059405946,0.05968537224259163,0.007604555154464343,0.040860226521231,0.012755089628354144,-0.02816909764057407,0.03125,0.0707072453124562,-0.05714280772306324,0.0,-0.013215846538256693,-0.008097158176053498,0.0,-0.017132599769467127,0.004750589250663406,0.020920502425963994,0.007499496325616528,0.06432749649839908,0.032786885245901676,0.011067221149767992,-0.04621854127105551,0.023156128756176342,0.03869568301523074,-0.0485980853606266,-0.003061197182379072,0.025096548021047438,-0.00314457704967952,0.00022977570666116165,0.024999975785613415,0.004719281482593374,0.02702699605769454,0.004335476998220011,0.012552333075605882,0.0016694148089877459,0.012658172182355987,0.04974683957950421,-0.010794987205319573,0.019346940196364404,0.14705875462978235,0.011206001144886235,0.003841373398847603,-0.009523875841295881,-0.0036764670434089597,0.0463495150467188,-0.014150930664724504,0.021655382132880208,-0.0065789411768027994,-0.0016862988759106523,-0.031055899885286564,0.0031911011120768773
2020-08-31,-0.010416656965389626,-0.015804616797630122,-0.013355651369233112,0.0,-0.022110111419817113,-0.018489152930782127,-0.01568622411140619,0.04294481758089841,-0.019543955727765794,-0.028132803460020117,-0.0409982198929828,0.035196705291579145,0.006493552067419417,-0.0344828068146934,-0.00593471264263723,-0.0227848179579887,-0.027906976744186074,0.02007133153414875,-0.00580428642071118,-0.007812529685906622,0.2980769706901025,0.0,-0.008674064122841774,0.0,0.012396715493041333,0.5454545553065526,-0.05442171868985468,-0.033707780889780325,0.0,0.00924213992545786,0.07894736842105265,-0.02099347435035781,0.06320755209265827,-0.06611573586217279,0.04534006686650183,0.0,-0.010101010101010055,-0.025471952898924233,-0.01010104071666984,0.0,-0.031249970064631705,-0.012244886043219938,-0.0012407231217379522,0.040367022885909654,-0.026004759578818648,0.020491803599057556,0.003994274133112707,-0.06593401649590913,-0.015873015873015928,-0.017982763324653317,0.03964753961477019,-0.01927916932331175,-0.01799916796509471,0.025540203085782753,-0.016376744482062167,-0.11958564197503263,-0.006308790111476226,-0.007119921147738517,-0.03658533128225516,-0.023015604017063485,-0.010526389869069619,-0.003008504338489648,-0.017562190717292592,-0.004999982214907939,-0.037500007450580686,-0.02369468413900211,0.005268453414138952,0.002852464419944578,0.01190481964711343,0.02216376768577022,-0.034438833553598,0.01121797663925772,-0.0036900333293332643,-0.043082456983254414,0.00478468462867454,-0.059349988509190044,-0.013245020564786825,-0.008445978055825365,-0.01282056141338439,-0.03520305143430358
2020-09-01,0.005263152941442195,0.007299298019120881,0.004512385280427633,-0.061728409597230804,0.015728689798224282,0.016953703552808896,-0.003984050740640455,-0.02352945878843815,-0.00664451195677096,0.026315676768960516,0.013011095415467855,0.0,0.13870967047271576,-0.007142850452539706,0.0,-0.04274610328851636,-0.0574162679425837,-0.011286504712476941,-0.04837368972524003,0.0,0.03703703703703698,0.0,0.0,-0.01818186130109123,0.15510206157658368,0.0,-0.007194226176781449,0.0,-0.04166659736028511,-0.05372405772458988,-0.039024390243902474,0.018305603107407586,0.021295453537699904,-0.008849549119871458,-0.05301205386857977,-0.014492740269210325,-0.0714285714285714,0.006776243046851649,-0.045918346791900766,0.0,-0.055299594358818815,0.0041322273338813,0.0012422644279370676,0.2151675086024114,0.019417457749564715,-0.004016079638624048,0.006148080525067101,0.08235289867847517,0.016129032258064502,0.0358280090948333,0.004237284282951448,-0.0025640797829273865,-0.00937771356496131,0.03831423259404998,0.007284146826154858,0.027807407978591936,0.029364679258410353,0.004163782259583915,-0.025316506313829312,-0.0048075658779744845,0.013297901867897588,0.005280992193779976,0.026288133732190966,0.04355121680839691,0.01298704515683391,0.042696594322234604,0.03967798729180627,0.044087065067774045,-0.051583666572398545,0.0474960029891387,-0.007926108377521612,0.04912835904765256,0.007407400212333881,0.0,0.01904771528006588,-0.005508197635708978,0.006711402952518153,-0.0034071518426629366,-0.01948047042154266,0.040224241653342485
2020-09-02,0.0,0.008695643760907146,0.0,0.026315764707210976,0.006048841685712736,0.002910801232155258,-0.016000056804030494,0.006024090761646228,-0.0635451694362692,0.007692120789032364,0.034862397040354764,0.07999998846684919,-0.0849858885020559,0.014388475634778741,-0.005970143730110733,-0.010825461393572655,0.020304568527918843,0.0066673772739915815,-0.0683610921379233,0.015748016714081325,0.007142884390694659,0.0,0.028749942779541016,-0.011110997046877014,0.007067119709511571,0.0,-0.07246376544514654,-0.005813975408954342,-0.021739023275857305,0.013548290653038864,-0.010152284263959421,0.030816367625784657,-0.010425706617969377,0.03683034847110367,-0.012722633961057661,-0.15441173720662238,0.01098901098901095,-0.027884208872167027,0.03743318443578669,0.0,0.009756088483765968,0.004115222299809096,0.0,0.017416598653353654,0.035714310042713304,-0.012096743802001209,0.002516259301039936,-0.07608692024479813,-0.031746031746031744,0.0,0.042194155223580276,0.0034275888253232356,-0.006884517794477851,-0.022140199975999808,0.007231373204274583,0.03850155034105529,-0.013877988667078678,0.006450098601268772,0.0,0.02173896252041785,-0.015748014645931785,-0.00037540067440866576,0.02459033826303192,-0.01926164758198634,-0.03846154517944711,0.011206759013376866,0.012961161459382975,0.022631977970043904,0.017175613129754685,-0.02267127088925336,0.0026631682743445406,-0.010573972210621396,0.025735269303862385,0.0779957060375771,0.042056032596943016,0.07351455385714667,0.15333334604899096,-0.008546959779967,-0.01324508330376517,0.030322187754036056
2020-09-03,-0.018324590174370714,-0.0186781772598279,0.009544994203933399,-0.03846150319251662,-0.03391048936400287,-0.024274408589812557,-0.0325203315211654,-0.047904147162801,-0.02142855135761923,-0.002544378852360474,-0.0070921919858044635,0.018518538294154396,-0.015479837463970303,0.0,-0.02102100145542729,-0.017783873233723213,-0.07462686567164178,-0.03256400097233625,-0.07337724043191607,-0.015503861641813277,-0.07092198389683757,0.0,-0.12393676316198099,-0.022471982155862658,-0.07368424621938963,-0.17647062535929325,-0.06250003725290154,-0.017543926182263303,0.0,-0.015913350998413733,0.04615384615384621,0.0,-0.06935908147853176,-0.03982775964245322,-0.05670103662920378,0.017391287521814514,-0.07608695652173914,0.0168150367718225,-0.061855693601854056,0.0,-0.06280187449991126,-0.01229506995337748,-0.0024814462434759044,0.0014264981053035974,0.0,-0.05306119334941006,-0.01452139882214476,0.0294117292908862,0.032786885245901676,-0.058416619178426776,-0.03643721179224069,-0.04099064853518153,-0.0013002007269792282,0.0,-0.02564102564102566,-0.013025968610162031,-0.031274364116690045,-0.035706056480397264,0.03896108017862199,-0.008037872607174479,-0.07999991303175646,-0.00825800677892885,-0.08100004678374406,-0.006546759317129114,-0.026666641235351562,-0.025148844428690142,-0.05349196885002927,-0.05081966354525935,-0.04127586426323082,0.004538533834586467,-0.011952212492124747,-0.041221369933459706,-0.028673808171997717,0.0,-0.026905803706885,0.04033774027493742,0.1156068937973409,0.0,-0.013422806334599358,-0.004101660277413655
2020-09-04,0.013333320617675781,0.014641274633910628,0.006117972512811765,-0.039999961853027344,-0.002987275384382704,-0.009464534301071192,-0.02941178495523855,-0.05031449134334398,0.0,0.00765307642770896,0.0,0.045454505739839446,-0.05031441762638056,0.0035460959929021207,-0.021472372223182323,-0.0292478665812278,0.037634408602150504,-0.02826615329729454,-0.028426401836734838,-0.007873970810807207,0.007633543884232319,0.0,-0.004160916733650932,0.042145610623937735,-0.0037878211353887803,0.0,0.025000042385525223,0.011904807858458266,-0.04444457534415347,0.02263928505153645,-0.05392156862745101,0.052316975472592064,0.009433907943081188,-0.010089703118621896,0.0,-0.09401707253637359,0.0,-0.009727886481078474,0.038461568498651344,0.0,-0.015463963770208755,-0.004149373488428698,-0.02611940785365041,0.13390314241801415,0.006896600107140438,-0.004310361128499252,-0.021284344803531585,0.01714280956822889,0.0793650793650793,-0.02367346627371647,0.1260503940718325,0.046304584057010434,-0.0017351169240991116,0.003773581171086837,-0.01578943352950246,-0.029441619352481352,-0.0008073163144929341,-0.030144800037160024,-0.09999997764825852,-0.01239271093685368,0.014492689232717959,-0.017978990618447543,-0.009793450784573277,-0.01812187421465572,-0.054794560174654894,0.001311406838773177,-0.03905373900256659,-0.0534326098969653,0.003913843080950885,-0.02861436831024111,0.006720418204155365,-0.05254783272583419,-0.0036900333293332643,-0.02941160066774462,-0.0691244654809463,0.05635707767363329,0.046632142914276864,0.012068912503837348,-0.06122446463999409,-0.0002059747929902267
2020-09-08,-0.028947341177932073,-0.0432900030777672,-0.07462690410315653,0.0,-0.018976320589302986,-0.022932052464322505,0.0,0.01986753084718007,0.040145946975534086,-0.020253093728863525,-0.028571401810159047,0.043478224533235466,0.0695363279898451,0.007067131259962167,-0.03448279985620151,-0.03156386504893227,-0.015544041450777257,-0.006724992008600217,0.004179757682343466,-0.015873075943202752,-0.05303028934695919,0.016949108707875915,-0.011142050921826518,0.0,0.003802223277079131,0.0,-0.016260223956835462,-0.04705877865062036,-0.06976739695263068,-0.01075272546622863,-0.010362694300518172,0.0023675114813495046,0.12616826219947774,-0.038505113876058594,-0.021857967281024404,0.018867906138356094,-0.08235294117647063,0.007858782308403978,0.14814809244146043,-0.06250002069605642,0.036649242761983114,0.0166666501098216,-0.010217104021144063,-0.0590452593940215,-0.0273972334300725,-0.012987062314069653,0.021561390328917573,0.028089923743986445,0.0,-0.04682277741058127,-0.0597015230765604,-0.06808512261573307,-0.019556732937451526,-0.02255645836920439,0.024598880518994726,-0.036610916956817396,-0.02504026581418073,-0.015908015569491507,-0.02777783296726144,-0.0168918545025738,-0.03142858287643169,-0.0672574929832811,-0.0868130806936418,-0.04530202043239262,-0.014492690668721164,-0.028384114586724074,-0.009183305598950642,-0.011175770665400764,-0.0058478769486922655,0.027390256006978975,0.016021462364228745,-0.008403313529497414,-0.029629689152511185,0.00606066137262995,-0.04455447239030208,-0.005975219284035216,0.11881188703113854,0.013628607370651524,0.0,-0.03171989577194034
2020-09-09,0.035230318158927965,0.07843136831836439,0.016726445454375183,0.027777750183035854,0.023670151449467713,0.028499580385964896,0.04329014155374544,0.012987000923330161,0.04561407676877738,-0.002584165109287606,-0.014705868173635728,0.0,-0.018575785273083012,0.0,0.012987000923330161,0.013333338042835985,0.05263157894736836,0.04862970175258785,0.06971905078740814,-0.016129017372408794,-0.07199996948242182,0.0,0.004225381719903387,0.025735294852241797,-0.03787878933834454,0.0,0.0,0.02469133331433837,0.0,-0.02493628483819721,0.020942408376963373,-0.034010278065287114,0.13858921575602912,-0.027090641747571698,0.0363128819026175,0.07407407679948075,0.08974358974358965,0.001949346071952185,-0.08294927119287232,0.0,-0.015151500555948827,-0.01639342660450327,0.006451637514175879,0.02403208420244174,-0.01643196429586824,0.030701788875572733,0.0005458370674069624,0.0,0.014705882352941124,0.05964915157281814,0.007936500427734305,0.05114159172339572,-0.031471728139071065,0.0057692713286059405,0.004175361395781119,-0.001085801177026724,0.027340397794119786,-0.0007460527227034497,0.028571486959652947,0.012273040817976977,0.0058997946914547406,-0.010537429531762177,0.021660707496381937,0.029876988610307853,-0.0147059177091301,0.014382072981146132,0.007099272435068027,0.021796787101879822,0.012745067493714624,-0.0010057971615933248,-0.014454736602030005,0.027118617767097675,0.05725194729747973,0.009036450537509122,0.0,-0.013739870742534355,-0.0442477455993574,0.010084104460519328,0.09420291107007861,0.0029781580375334293
2020-09-10,0.0,0.020979034037302835,-0.015276258635269047,-0.027027000903735332,0.008702150947742737,0.000815001626052192,-0.037344502254234246,-0.05769225478877493,-0.05369130362637853,0.038860184667226294,-0.005597053929302653,0.01666668535464355,0.03785485257759813,-0.031578918309091875,0.03205132907664465,0.005847964937132799,-0.0050000000000000044,-0.008916168530847979,-0.05447471779713353,0.00819675270763387,0.03448272460139301,-0.08333333333333337,0.022440370945864263,0.01433693187573537,-0.01574799207744415,0.0,0.008264441966000513,-0.03012048123553901,0.04999991217496147,-0.012458873919035773,0.03589743589743599,-0.004401082010196733,-0.04737613407826513,-0.04116224493542375,0.008086245574475681,-0.06034483821723746,-0.0117647058823529,-0.0029183302722752824,0.0,0.0,0.010256400224333495,0.04166662527455389,-0.019230780987109175,-0.04432857225630882,-0.026253014800046492,-0.004255335381690539,-0.018003367278507598,0.010928975411680586,0.01449275362318847,-0.019039697325243576,0.003937004178520276,-0.011294536216837847,0.013730085517901669,-0.013384353997340503,-0.008316000484173136,-0.002173859185215843,-0.005645100239704659,-0.012692935100967917,0.0,-0.020368506116040908,0.011730191255197475,-0.016496099056856894,-0.028268438748985658,0.008532421284496383,-0.029850717436572305,0.009747486117808846,-0.025846999398667303,-0.0545146942916197,0.016456931079382286,-0.000503874118806813,0.029333338094991612,-0.003300326916726104,0.010830314655719375,0.0,0.025906773515252945,0.0687853709593913,-0.009259250061012025,0.006655567442543919,-0.04635766524870244,-0.05927893728929157
2020-09-11,-0.01570679157803201,0.0027397233430073165,-0.010143109034537523,-0.04166670805877948,-0.00838056661446085,-0.00732897673645605,0.004310331128119627,-0.01360542893691108,-0.03900705592192455,-0.07730673561569557,-0.022514050145735043,0.08360660231945527,-0.030395156455249484,-0.003623184962974757,-0.01863352243678007,0.0014534696096459854,-0.025125628140703515,-0.007341906530471287,0.03703703461445329,-0.016260146842582146,0.04166666666666674,0.07272731896602735,-0.015089181631002813,0.14487620361926679,-0.01599995930989584,0.04285718786473258,-0.008196700807861168,-0.012422407341657227,-0.04761896795914211,0.017928246420075844,-0.00990099009900991,0.0,-0.036725291005661576,0.0277778112259508,0.00802138270408359,-0.009174303230812364,0.0714285714285714,-0.04975622519275458,-0.010050281565018637,0.0,0.05583750939000054,-0.035999965667724565,-0.006535972563600612,-0.07912686626779752,0.05392163508399572,-0.004273520645296847,-0.03611097196761548,0.0054054120900184355,0.03809523809523818,0.005063245908093483,0.01568625984353189,-0.0896309707826205,-0.023927930002025533,0.007751930820906638,-0.014675088457291818,-0.04684099029205291,0.005677148310995861,0.018149766925544153,-0.02777783296726144,0.009405816750710727,-0.014492783763408568,0.005520361862573875,0.010909118078563651,-0.018612568578141975,-0.061538505070507954,0.0114083711616777,0.005025154057404668,-0.017547972427073844,0.012380922965987695,-0.009571799670470171,-0.023315964923078636,-0.02317878598837686,-0.003571425226269853,0.002990872328698213,0.060606002223795086,-0.002036628864129142,-0.037383251496717174,0.0,0.00694447111936336,-0.023447208347663673
2020-09-14,0.007978715815388782,-0.002732237767417156,0.15732376120481506,0.028985479703797834,-0.008699987649029017,-0.00793000912079811,-0.034334772500207444,0.02068963476083585,0.022140199975999808,0.008108266294163169,0.015355071616181437,-0.005295042264591987,0.01880880991805367,0.043636322021484375,0.0348100924392567,-0.04063860190516855,0.09278350515463907,0.00026036664169226675,0.12301585124042935,-0.008264494075791107,-0.02400001525878903,-0.06779665035111382,-0.0013927231592972822,-0.07407407096774954,-0.008130163668080392,-0.24657534582124097,-0.024793325898001317,-0.08176096026728796,0.07499994810338628,0.02870174074572418,0.0,-0.021161528032248023,0.06036538678878545,0.0,0.06896557830165784,0.03703700160674983,0.07777777777777772,-0.05441457939501093,0.03045686540694792,0.0,0.03365392991777316,0.0207468674421436,-0.07763153725713856,0.03925923947934762,0.011627839925551386,0.07296140852380217,-0.08165230203821783,-0.05913979295136074,-0.022935779816513735,0.022670063914596916,-0.10038610003068138,-0.032818456581167665,0.035615413449938016,0.02500002292486414,0.024468138855797683,0.06057139805385048,0.05161287910704382,0.017826225094909276,-0.014285700905079524,0.011280093024887528,0.06470580787322189,0.006545311084431793,-0.009592476112776138,0.027586254629599516,0.016393482897905765,0.009110750791204492,0.007999940789826132,0.03766705175176632,0.029162846611042514,0.008138441477334224,0.04509279560640467,-0.0033898272208872093,0.03584234566968614,0.02320815811713417,0.06666671964857551,0.08040813523895896,0.029126186624347072,0.0016528515255240794,-0.04827584891483705,0.06452734785310876
2020-09-15,0.0,0.013698616715036138,-0.0135415457088095,-0.014084494035883521,-0.006519547189945407,-0.004410152241565046,0.026666703888685417,0.10810808416175743,0.010830314655719375,0.06434300128375225,-0.020793976239627865,0.04562742644747453,-0.012307680570162294,0.02439030468732617,-0.018348606461624728,0.033282926380600486,-0.05188679245283023,-0.0009893105043703443,0.20406361872796253,0.06666668256123853,-0.04918028173572164,-0.09090909090909094,-0.030683439984358185,-0.013333257245777164,0.24180335130549158,0.0,0.08474575905898973,0.04109585014510864,0.023255922768625537,0.011414251034657763,-0.025000000000000022,0.013574655759495124,0.02771534644093765,-0.019656058661043696,-0.0074442204085583,0.0,0.0,-0.004343234510906457,-0.014778369961975013,0.037037001061669184,-0.04651169237927755,0.020325183553227655,0.02282451386419293,0.012116898042017654,0.11724143449720703,-0.01199996948242188,-0.004393320409357027,0.07999996146848298,0.028169014084507005,-0.000821036833438038,-0.03433473232857809,-0.005988065556445155,0.01652520038132832,-0.016885582340742666,-0.0010384453544127759,-0.03017238588664739,0.01610451567708493,-0.011675979934562819,-0.014492739851898917,0.009699167166342448,0.06353588795943588,-0.009439752989213845,0.0036319707569683057,-0.0033556357466689724,0.06451606523659481,-0.002669985118420093,0.011110905428292517,0.03419201541888106,-0.3474576573509611,-0.013622657990529419,-0.03807119953533955,-0.0051020763987182915,0.03460204186943594,0.03548552531369453,0.017857125751218117,0.057801311912902165,0.11792453466763764,0.014851510468267382,0.057971027512881745,0.027759678211965122
2020-09-16,0.0,-0.0040540823542868365,0.03484679294250714,0.028571486959652947,-0.029278189739548433,-0.02104096773124653,0.1428571597462167,-0.0426828864959643,-0.017857126131349377,-0.03526451027471578,0.00772200061362871,0.018181767346994393,0.024922094316309096,0.06462586854508068,-0.01557630894769324,0.09077595033842423,0.06965174129353224,-0.0023977414606856096,0.3587674786651227,-0.03125004423782163,0.025862002344394508,0.0,0.035971224008772174,0.013513435355648307,0.036303579394592056,0.23636362257082633,-0.023437538805105684,0.07894735686336518,-0.022727376652462494,0.003134867780293149,0.01025641025641022,0.0019843016130722813,0.0065597777577435235,0.06766922774429784,-0.007499992847442627,-0.008928563192385108,-0.07216494845360821,-0.08833147213010628,0.020000061592103657,-0.07857144012743134,0.009756088483765968,-0.03984059960658082,0.04463036142527099,0.008450696279642456,0.014403228992012407,0.012145717724457494,0.008615269091903688,0.05291005661801451,0.009132420091324311,0.02054231704459708,0.026666641235351562,0.026104440550806185,-0.0285588415878979,0.009542021549400426,-0.004158000242086568,0.016666624281141518,0.018113244146624075,0.006399170925379005,-0.014705868173635728,0.02257462343461092,-0.0155843990825979,0.009106307113137202,-0.08202649752071911,0.016834840845687538,0.015151552682972858,0.019861985065638077,0.012166456243592139,-0.005887643171005097,0.11850645652769565,0.0,0.02110824225895791,0.046153843645826864,-0.0501672558157189,-0.02808983248476271,-0.008771921569070362,0.13321426936558312,-0.09282692017504146,0.0,-0.0410959154652657,0.0431526062456391
2020-09-17,0.002638519937706807,0.056987799567935093,-0.0005103075315838757,0.027777750183035854,-0.008060303641037603,-0.003959258742076366,-0.03030303657245914,0.012738840928875783,0.0072727203369140625,-0.015665759660872802,-0.013409903762017006,-0.03571425629298153,-0.05775072962849703,0.006389770030435393,-0.006329107716228521,0.04832216526311739,0.09302325581395343,0.019332237630187876,-0.1538877401084442,0.01612909428163012,0.02521010086989528,0.190000025431315,0.012500021523900173,0.0,-0.0891719126179985,0.08823529669570251,0.047999979654947955,-0.018292636831624076,0.0,0.009999833745663489,0.0050761421319796,-0.03762378891562512,-0.038378035520741705,0.0023473595087817323,0.005037778534604964,0.01801807284468171,0.011111111111111072,-0.05741622596681939,-0.04411770284381933,-0.13953484718662368,0.0386474225626221,-0.004149373488428698,0.0,-0.01117317394007622,0.004056791404241089,0.040000000000000036,-0.015208344705831212,-0.02010046754560646,-0.040723981900452455,-0.022544261775458985,0.0216450015388836,0.0,0.007236464468627579,-0.005671027067584822,0.006263091867905635,-0.006557318955606739,0.03780548720788346,-0.0007336458729434447,0.04477607558580465,0.04133399474101829,-0.02374663327912163,0.0008393312469925363,-0.05124848869853893,0.0016558476822043922,-0.014925409553803393,0.01100749289688463,0.0029082219516998187,-0.012528542884755689,-0.013062313182935159,0.008183851621692106,0.009043897782700538,-0.001633946443083012,-0.049295729125592325,0.0,-0.07079649845391878,-0.06996531186202548,0.07441853037907231,0.0,0.014285700661795575,-0.012339447626295352
2020-09-18,0.0,0.025673916591080648,0.023991944178178404,-0.05405408235428677,0.012581921030201837,-0.005394677173330531,0.05468753833749629,0.006289302046118772,0.03610104885239762,-0.026525019793154136,0.005825190760321952,0.055555543690174014,-0.019354871127326034,0.00317460005095338,0.03503181255440824,-0.07810497835382202,0.04680851063829783,0.017581669993112392,0.08487559712673187,0.0,-0.01639342724524051,-0.016806786442459365,-0.07133058760597522,0.2900000208334974,0.027971955840567997,0.0,-0.08396944786575444,0.02484469621445795,0.04651177126660189,-0.026609000824124318,-0.04040404040404044,0.015431901787752889,0.017319314799352448,0.05386417332572924,0.005012586290047416,-0.01769916794731663,-0.06593406593406592,-0.0025381854390137404,-0.05128204712877127,0.0,-0.037209376081893564,0.04583328780200935,0.03738320672425721,-0.06355929577885966,-0.010100952691779574,-0.02307693774883568,0.012270034357928505,0.005128211461459031,0.014150943396226356,0.020593080142498055,0.19915256334837483,0.023483342940062046,-0.00987872115584798,0.07414445808275216,0.005186642663885355,0.020902043695698813,0.015714497654915727,0.0004894874563121654,0.08571429057997104,0.0013529923687547463,-0.04054053815828418,0.007758704096566094,-0.005540108192753412,0.0033056328295861803,0.0,0.05318271298541255,0.009858777871045277,-0.006805032971833214,0.051470505868545846,0.027397505518200305,0.008962975964546205,0.01800321673871652,-0.018518500530834592,0.02312159848091233,0.06190481921172464,0.022704170487881203,0.0909091096748198,-0.003252029368516429,-0.02112677427918841,0.003174578123397165
2020-09-21,-0.050000015685433,-0.03754689893510743,-0.06979084636605315,0.0,-0.03650014312718397,-0.025977756084387016,-0.07037034489636607,-0.0750000018626451,-0.0487804432292942,-0.07901909754072733,-0.02895745627435331,0.052631568298106224,-0.06578941176802755,-0.037974721746286244,-0.04615387549767125,-0.055555583150297405,-0.012195121951219523,-0.03324605058167018,0.040588229310278834,-0.023809538226368665,-0.016666650772094727,0.017094083045636976,-0.004431345626716543,-0.0645994997151983,-0.06462581797578837,0.14864866606417637,0.016666624281141518,0.0,-0.06666682753136932,-0.06039398325325673,0.0,-0.04761904761904767,-0.021465577863800656,-0.08222219679090714,-0.06234419554841031,0.01801807284468171,-0.02352941176470591,-0.03307889742296166,-0.005405422017311645,0.0,0.04347833598569206,-0.023904359763948557,-0.04118406337797953,-0.08144795664133464,-0.04489801280551031,-0.0590551189971551,-0.06750283058679796,-0.010204094170240485,-0.05581395348837215,-0.061339806926754226,-0.10600705314628289,-0.040152970818568945,0.011337662127610892,-0.03362832814396666,-0.018575785273083012,-0.032327607690438076,-0.08227845808766865,-0.00562621174723299,-0.09210525490240362,-0.04144135811623939,-0.011267684562525249,-0.0033291738423270045,0.0069638800726898875,-0.01647446154577692,-0.060606004308874084,-0.07037784917852186,-0.040773311963194,-0.009058167155594155,-0.013986072801996263,0.012345661589959978,-0.07360400639125675,-0.02893888013026391,-0.003773581171086837,-0.029943665122844854,0.026905803706885,-0.042412215828440236,-0.06746034824628944,0.0032626395682111564,0.035971224008772174,-0.026235195169898473
2020-09-22,-0.024930724871093823,-0.005201555468841601,-0.00535889651823207,-0.014285700905079524,-0.005373425664219611,-0.0005861239965299081,-0.02390452205045923,0.0,0.0,0.0,0.03180911346685722,0.0,0.010563285689916269,0.0032894705884014552,-0.035483838219299235,-0.026470597774099658,-0.06584362139917699,-0.013234646260765759,-0.040135690227316334,-0.016260146842582146,0.03389827220887209,-0.008403339794098241,0.14243324491800524,-0.07182316999706118,0.007272708777225301,-0.03529415312110251,-0.016393401615722336,0.05454543142607715,0.023809560018571707,0.002706216491004332,0.026315789473684292,0.05531956554170536,-0.009833593934573726,0.00726385766099491,0.0026595719384630012,-0.026548716755993906,-0.012048192771084376,-0.04605242100925633,-0.005434713570965366,0.0,-0.009259250061012025,-0.008163257362146625,0.016107431606508626,-0.01642042347523298,-0.008547000709448138,-0.050209157939083426,-0.013446671459689141,-0.025773227869856363,0.034482758620689724,0.01977640068556319,-0.11462449214721748,-0.03784861711999288,0.02107626933029194,-0.03296700129689223,0.006309091955662094,-0.00556784405448818,-0.010728246084805937,0.006396022429856041,0.0,0.004229429418029174,-0.031338951395250336,0.017953897046895984,0.013831148181754349,0.013400485708770171,-0.016129071244303184,-0.008981969939391043,-0.0021950168966270445,0.0060939485750386435,0.07375890686972131,0.014146527813427623,-0.03424658338429698,0.004966922185069889,-0.007575840359983155,-0.024460950756194033,-0.004366808135300104,0.006920441715549952,-0.00851063052687262,-0.02439025903112113,0.01388894223872672,-0.005556125198532991
2020-09-23,-0.01136362558800319,-0.010457506236437819,-0.03232752670954919,-0.028985479703797723,-0.02106972063650181,-0.02199414832725599,0.004081731381768261,-0.01351350045186761,0.003663000144099149,-0.08284044071787311,-0.038535700172883325,0.0,-0.09407659677596036,-0.00983605634714435,-0.04682277741058127,-0.07099696511516618,-0.10572687224669608,-0.020118267295173853,-0.05948172086734571,-0.016528988151582213,0.0,0.0,-0.03896100276999048,-0.01190477442118909,-0.07581222067441096,0.0,-0.03333335452609587,-0.04022982016880916,-0.046511622725303514,-0.030364125300147093,-0.05128205128205132,-0.09123030189808012,0.019098548287684647,-0.050480722940178024,-0.07161803243833398,0.0,-0.012195121951219523,-0.05379337309466414,-0.060109298577565085,0.0,0.014018677532314339,-0.012345666899427288,-0.056803209435252855,0.07512525931504221,-0.04956897105423663,0.0,-0.0377101526160496,-0.03703702051975377,0.04285714285714293,-0.013490712651246017,-0.08482145375515115,0.0020704407949891923,-0.036012018378444255,-0.015151590409901994,-0.018808710265561968,-0.01903696198032756,-0.03950416469301443,-0.02639936495687234,-0.057971045791138986,-0.0219936153856074,-0.011764788261436454,-0.03465955332759485,-0.06002730101467435,-0.03305792412440034,0.016393482897905765,-0.011653052418179377,-0.020000112582724827,-0.048340146763425906,-0.039630074535244364,0.0019236642133793058,-0.09787227608172011,-0.019769416639636717,0.041984785618008225,0.02985056404475772,-0.004385960784535126,-0.07594505026977838,-0.07725314773930059,0.0,-0.02054795773263285,-0.019607849445328673
2020-09-24,-0.028735604621977107,0.0,0.09020022672336636,-0.0298508060193573,0.027317905720201763,0.021289313328763715,0.004065027563300294,0.30821912103890403,0.05109492861930498,0.051612896670310215,-0.018036007991752867,0.016666684820700883,-0.04230774262482706,0.0033112551411966784,-0.03508768701010212,0.017886142143216377,-0.049261083743842415,-0.01142431585009629,-0.03757042877882155,0.0,0.03278693266050836,0.0,-0.0040540823542868365,0.0030120718601769347,-0.031250018626450715,0.0,-0.04310344922084264,-0.02994011839266486,0.04878048210534591,-0.011134528046276904,0.027027027027026973,0.03272339679931324,-0.07796101573891456,-0.03797470722953333,-0.019999980926513672,-0.036363602210010226,-0.012345679012345734,0.1122447661372108,-0.005813971104783988,0.0,0.06912435561063712,0.004166662527455456,0.04481795205115113,-0.05124222372266318,-0.013605429672463698,-0.01762121200154132,0.04084049295811165,0.0,0.013698630136986356,0.026495762792338784,0.0780488241718762,-0.028925689857240422,-0.011389779863202332,0.026923143934218574,-0.009584680436342086,0.05136983989811794,0.05645172930975373,0.0002510248825899897,0.03076929425347008,-0.008612455507094552,0.0059524716598540195,-0.0036115301772724484,-0.011610985088249093,-0.006837552938331437,0.0,-0.0065501189031753615,0.00795918684288166,-0.017380639192005054,-0.03163687474688115,0.0009603433090137337,-0.029874373948052035,-0.0436974387192105,-0.003663000144099149,-0.014493098811772187,-0.026431693076513496,0.0007437879590050933,-0.004651158148691992,0.0,-0.020979034037302835,-0.004838676862819247
2020-09-25,0.0,0.029062058811468505,-0.000510612621604345,0.01538469297646361,0.015310201682892322,0.004991250401885194,0.02429142008759433,-0.1256544574507399,0.06944437545758975,0.015337320811290134,0.0,0.047213127523940246,0.04016066923171446,-0.003300326916726104,0.0872727307406338,0.04313100729852226,0.07772020725388606,0.016462274857998338,0.10214701848030927,-0.008403313529497414,0.007936462283165913,0.0,0.04613299292637629,0.15015018396801638,0.028225785363601652,0.034146338272208254,0.009008986304320121,0.030864196077313943,0.023255922768625537,0.014778713398053256,0.010526315789473717,-0.024704753514699695,-0.022764205579614893,0.035526313725601,0.06122449972588817,-0.009433953069178047,0.03750000000000009,-0.030143813439596157,0.02923976284131591,0.04504500150622537,-0.043103408409496224,0.07053934930328842,-0.008042887730928872,0.02782325246794448,0.0,0.017937288769684923,-0.01564974687174092,0.0,0.009009009009008917,0.11407159529143773,0.013574647453366007,0.017021362508463866,0.0023041814162927388,0.028089815401518337,0.03333327522414686,0.007600401143787794,-0.003053457925111247,0.005773080857314872,0.19402983879612856,0.017857141044030467,-0.008875777612310842,0.012153410791201136,0.01615268171728257,0.037865754278894936,0.01612896137399411,-0.021538631747584747,0.012350791390927984,0.01743898289943613,0.017045480430613047,-0.03357315306212327,0.009724490424928733,-0.007029870202245103,-0.029411736347271344,0.0,0.018099529937821268,0.017837218318768944,0.0327102475754002,0.0,0.007142884390694659,0.028741177147528107
2020-09-28,0.038461500479517685,-0.04236199298100596,0.022483518055244733,0.015151500099837678,0.019576779887537032,0.02395559884191112,0.015810335131307474,-0.04191612876745088,0.07142858248694739,0.06948650258500111,0.04693877848919503,0.0018785001463610396,-0.01158303124952631,0.02317878598837675,0.0,-0.00459421285448558,0.0,-0.00530919443708433,-0.28335304235244774,0.06779662523760033,0.13385825470839152,-0.18644073458566035,0.04280154631300981,-0.005221901919145955,0.015686234617545036,0.0,0.026785760915200463,0.017964025350603707,0.045454462974236165,0.015256382042253547,-0.02604166666666663,0.06883290268304498,0.04076537042073691,0.015247762046257884,0.008241750144279303,-0.019047675994156243,-0.012048192771084376,-0.022973139831206635,0.005681835516425204,-0.02586204504569778,-0.009009000301245074,0.10852712390299724,0.016216200542241266,0.027069999009120327,0.029885084434708498,0.01762112797737525,0.018893963501831035,0.0,-0.044642857142857095,0.11883409110526211,0.004464281437804418,0.04916310593355977,-0.009195537478600246,0.029143958273185833,0.013527587834052834,0.003232832705686084,0.021439572011137553,0.02246073203726917,-0.012499987892806708,-0.0075864145203646816,0.026865690240479134,0.018959543353491703,0.010115786158269247,-0.0431178656342186,0.0,0.06783477530024085,0.007200082227086346,0.014936351813723325,0.03212291566346015,-0.0044665195708673,0.041733505670194626,0.030088508570704775,0.045454500299513256,-0.028823250546930468,0.03555552164713549,0.050748496822617506,0.04524882484455328,0.0,0.021276541059871645,0.04999477136857533
2020-09-29,-0.017094000838336787,0.009383400979011913,-0.018490694129009944,0.0,0.01712499533908396,0.011412256932096465,0.054474747037887905,0.01874998183921006,-0.09090907777308088,-0.005649679810447394,-0.0155945266903319,0.01749999489417786,-0.007812492724042275,0.009708728874782357,0.013377913620550297,0.03076929425347008,0.004807692307692291,-0.012346308706501663,-0.06836897278849152,-0.015873075943202752,0.10416666942614095,0.21874997930394224,-0.06716417467849967,-0.041994720516984496,0.015444074964843013,-0.3632075143464094,0.11304352248924365,-0.06470590479233684,-0.021739023275857305,-0.004781545529398357,0.016042780748663166,0.004636515302427036,0.04716228151824953,-0.03629536547689327,0.04632148074695297,-0.048543644373911676,0.024390243902439046,-0.00968202264278284,0.005649734653413008,-0.026548647359614486,-0.027272700672307915,0.02797208568497278,0.0,-0.0031007723283626998,0.008928562875609058,-0.008658041542713102,0.006105742943687487,-0.005494512401306828,-0.03738317757009346,0.07080831000059051,0.0444444020589192,-0.011964096585627138,0.01484931314543747,-0.030088508570704664,-0.020533861803384457,-0.02255639405820975,0.026986321217455922,0.00439346594612311,0.05063286172982795,0.020544673631053723,-0.002906926034271007,-0.005582046512043637,0.004291705426251458,0.012131731034108695,0.03174611069542532,0.0042070348255423,-0.008340081407441247,-0.006634536087265497,-0.02300405748442913,0.009471596761199574,-0.0385208150953662,-0.005154675072764792,-0.003623184962974757,-0.024821384112805323,0.39484983108094274,-0.04933982079273724,0.047619106597052596,0.013333320617675781,-0.048611099153388904,0.016404915170780354
2020-09-30,0.005797095840604838,0.06507307228452164,-0.015155686856569206,0.0,0.01862248385116483,0.01946403504571448,-0.014760200777185761,0.01226992698467555,0.019999980926513672,0.0,-0.003960392113094846,-0.017813275355871183,-0.023622025071121988,0.0032052016822570195,-0.006600653833452097,-0.02686568093634445,-0.028708133971291905,-0.002347332981273653,0.02564099393043784,-0.016129017372408794,0.03773587395376232,0.0,0.0066666920979818745,-0.05205489976992084,-0.02661594972760939,0.0,-0.06250003725290154,-0.10691822956296881,0.02222211024777243,0.01784486273650643,-0.02631578947368418,0.04615396908472724,-0.03282444982093491,0.002597400184666032,-0.1041666317420693,0.0,0.0,0.011173263995559957,0.011235900226831408,0.0,0.0,0.05102035851341635,-0.033244680935384574,0.05754282617015871,-0.017699098239742916,0.048034951956052785,-0.0011238652727182386,-0.005524868861783494,0.058252427184465994,-0.09669376656362061,-0.021276576317181495,-0.008072646310579468,-0.008230292620130641,-0.009124122365115728,0.01467508845729193,0.04395600019366919,-0.0014596771472362713,-0.008505523106681956,0.012048181523292234,0.007958749162694456,0.037900782048539305,0.004781493321532215,0.004273590547787975,0.008561642047714813,0.030769200135568386,0.022203528083408974,-0.017220804318017535,0.004493051043568785,-0.005540211426915076,0.00148146711937569,-0.028846034155340372,-0.046632121365352,-0.018181800842285156,0.0,-0.04923079564021182,0.03618420135354827,-0.057851281194410076,0.011513186272987364,-0.01459852642697701,0.03877573484636776
2020-10-01,0.014409208041508137,-0.0024938225214576892,-0.004173293309124415,-0.0298508060193573,0.007513167669803034,0.0033203777621573227,0.014981328189166865,0.0,-0.04575159121030159,0.025568233933751294,-0.0039761391833571524,0.030644174096727594,0.032258033504347416,0.07987220155250863,0.0033222559783854244,0.012269963327602884,0.009852216748768461,-0.013624372451389366,0.012069022783060657,0.02459017995287449,-0.06060606060606055,-0.23076919732897272,-0.019867561798409983,0.1271676863508917,0.02734372904524296,0.5740740556775794,0.016666624281141518,0.04225354855837682,0.043478185405533276,-0.0020228784380889042,0.043243243243243246,-0.014215624871109056,0.019731649447087163,0.024611407044577316,0.02616276531170536,0.11224486982426929,-0.023809523809523836,0.02486199038757153,0.016666717847189316,0.0,0.014018677532314339,0.11974114377188538,0.011004116081972715,-0.01764711162210597,0.011261196678678864,0.004166682561238533,0.0029252385375375667,-0.08333337235541505,0.09633027522935778,-0.017265193915979138,0.0,0.024415032856651475,-0.008298592464448307,0.022099514952094612,-0.030991754264145688,-0.03052631177400289,0.14473669472032102,0.014950995631330066,0.0,0.009289314571782947,0.025280916889568683,0.005172825725785479,-0.0014185180499359795,-0.0016978442812799477,0.0,-0.025409893652511784,-0.004889749134332599,0.017045406333504154,0.019498599776674563,0.0039450004772647596,0.009900918331058994,-0.009058005599208552,-0.018518500530834592,-0.0023973989572319,0.0,0.04761906043402098,0.026315764707210976,0.0,-0.029629601372612835,0.03581239857893048
2020-10-02,-0.031249970367008828,0.009999990463256836,0.01833424825218266,0.01538469297646361,-0.005468574044071195,0.005515714651486148,0.018450225778095186,0.08484847740474577,-0.006849308357518069,0.002770209795874168,-0.001996053577839385,-0.004854350813537356,-0.019531200766018997,0.005917153919925866,0.009933765423590035,0.009090881997889877,0.004878048780487809,-0.014811106150027453,-0.007666111539058051,-0.008000030517578138,-0.12903225806451613,0.2777777777777777,0.06351348434250448,0.32051281336643656,0.011406863225265074,0.0,0.008196805034566879,0.0675675666967912,-0.02083329868014261,0.006081172801891244,-0.025906735751295318,0.019393371902225676,0.01702788434440272,0.017699158789308722,-0.045325803718830104,-0.009174303230812364,0.012195121951219523,-0.017520223959173742,0.0,0.0,0.0,0.08959535819703746,-0.013605429378242606,0.04041915986001832,0.0,-0.024896280994711528,-0.0033654034692803814,0.09696975137025898,-0.025104602510460206,0.008432947511854971,0.021739110153428554,-0.012909644327768532,0.002789154551998241,-0.014414486088985212,0.03518122811086166,0.026058606962443776,-0.03256696726644093,-0.02342432321365351,-0.011904750923180218,0.03037271365261307,-0.04931510276474127,0.007204525618733859,-0.06249993919591479,0.020408177374579894,-0.014925409553803393,-0.002523159611212744,0.003071376965099626,-0.023416066273894476,0.024590201644254073,0.04174839772743155,0.01960778993245449,0.03656312500430414,0.030188649368694698,0.0,0.08414239407289847,0.013804708312456393,0.01709410330718164,0.008130034654042939,0.007633543884232319,-0.003201303103076314
2020-10-05,-0.011730263714014644,-0.05074255585191323,0.018004263537064746,0.045454500299513256,0.0024993614014736654,0.005759777123743204,0.003623176575065612,0.05586593629775094,-0.0034482724601393455,-0.011049937686931077,0.026000022888183594,-0.018292702223073443,0.059760929180185274,0.02941173583166079,0.04590167445670068,0.0720720382085458,0.01941747572815533,0.02167787563296919,0.024892672758030532,0.00806454714081517,0.08148150973849821,-0.026087000750113276,-0.02414232020118534,0.33786397234423315,-0.018796991762357607,0.4117647223819081,-0.016260223956835462,0.018987353614766667,0.0,0.013431825867673108,0.06382978723404253,0.09121943368519614,-0.017503842458232666,0.018633492543629337,0.0830861184916325,-0.03703707519273092,0.03614457831325302,-0.02331962074239813,0.0,0.0,-0.009216580748084957,0.02917775439547099,-0.020689668326542288,-0.012949593988585861,-0.004454338963481241,0.07234045799742361,0.017784686415200035,0.049723753230640266,-0.0858369098712446,0.03484320464866708,-0.01702126105374524,0.008048378345835605,0.038479362446192544,0.01462530230561665,0.036045353253831625,-0.021164001407603106,0.048844824851713486,0.024480754502621105,-0.0361445445698767,0.0075927204145866956,-0.002881794272671212,0.013693113104854104,0.01969694018596635,0.0033332650159956234,0.0,0.05775718438929989,0.027148141804010262,0.006815938822213097,0.018666658969207495,0.0664780704133554,0.033653906824706814,-0.17283950721108965,-0.014652000576396595,3.1020468068687634e-05,0.008955286764893211,0.030222511755753967,0.042016764631988,0.0,0.045454575010568155,0.0035786325714370903
2020-10-06,-0.008902068963955956,0.016949167294367573,-0.007579419766845952,0.014492739851898806,0.008227402425069474,0.008999179676256519,0.03610096557783726,-0.03174600171093711,0.031141837682492346,-0.005586481581240199,0.035087685053246886,0.0,-0.018797004387081095,-0.017142840794154623,0.0062695863848794,0.008403420271523299,-0.03809523809523807,0.003857795315597823,0.03936348016261548,0.008000030517578027,0.07534242459277785,-0.044642859170226146,-0.009114543800629371,-0.13933236048116737,-0.0421456312022932,-0.2083333747254461,-0.024793325898001317,0.012422288872800724,0.02127655960120034,-0.014579384423070163,-0.010000000000000009,0.008940461497942032,0.01549185217885407,-0.05609756693252854,-0.04657536215128022,-0.02884612739438741,0.04651162790697683,-0.029494383228090615,-0.005464497379725208,0.0,0.0,-0.07216500039941254,0.0014084829600224946,0.0116617962316381,0.008948644422301033,0.0,-0.0030966244128584064,0.01578943032291069,0.018779342723004744,0.06329963341659295,0.0216450015388836,-0.0029940803667591886,-0.024107129785520875,0.016216157235629858,-0.008946336862212578,-0.003243214375263981,-0.023285017334975344,0.012551302291414768,0.012499987892806708,0.003989275517389368,0.07803473520291804,0.009476002152124074,-0.022288319093671793,0.02990048113446453,-0.060606004308874084,0.008768459435493536,0.02225776179417749,-0.018133462014802038,-0.0549737997357147,-0.002210320085547779,-0.04341087305774183,-0.15138593379202558,-0.00743493698925024,0.02414995847668755,-0.05325445581737076,-0.06382977153505409,0.024193525128260562,0.0016129401918516528,0.014492739601511984,-0.015726443974665383
2020-10-07,-0.002994009197675007,-0.0320512812675261,0.004072888028059829,0.0,0.00717111427972239,0.0037837672390323984,-0.0557490490157494,0.021857902139337693,0.9261744075098333,-0.03370771024433372,0.018832373956716664,-0.021739153793851496,0.003831444457300881,-0.04069770423704466,0.009345785368615855,0.027777750183035854,0.02970297029702973,0.02772442064767633,0.013698687684695843,-0.007936537971601432,-0.07006365867254727,0.05607486409100515,0.03416553843404557,0.052276605303546386,0.020000000000000018,0.0,0.08474575905898973,0.012269986030718272,0.041666730428537635,0.002690229925685239,-0.04040404040404044,0.024811725121697936,0.001525587970056419,0.042635650318421314,0.07758620099042357,0.049504982436891165,0.03333333333333344,0.021707633051084363,-0.043956090680441706,-0.09090911061310525,0.02325579074346007,-0.011111100809073515,0.0,-0.020172891258111503,-0.008869276421323513,0.01984126924056806,0.0,0.03626947757098686,0.0,0.11082969967714584,0.008474669590729178,0.03403405008785443,0.026990049448034403,0.010638287978706584,0.008024064349388071,0.0,0.05992287895982518,0.012634058871462628,-0.012345667202249944,0.0317881385213834,0.005361836531310393,0.0107848879696959,0.02431609360368925,0.0064516441005009195,-0.016129071244303184,0.059660214059464645,-0.010497785844155505,0.024501327676196505,0.04293627762914887,0.027470114946831492,-0.03565640701063477,0.03517584568207788,0.026217202712578214,0.0,-0.006249993946403354,0.06095036138475618,0.047244144007827726,0.022544261775458985,0.03571428571428581,-0.015234550547165382
2020-10-08,-0.02102100145542729,0.05827808864472028,0.0015214568188464117,0.04285718786473258,0.02185125032284918,0.0180398256604255,0.025830275779914258,-0.04278077150339554,-0.16550519985126666,0.04069739181991161,-0.020332654303098496,0.022222246631007803,-0.011450400898104007,0.0030303001841676114,0.018518500803375026,0.020270250677801416,-0.009615384615384581,0.03648505311110162,-0.007949206105334783,0.0,-0.0684931488953382,-0.1504425386212762,-0.0012706165425778737,0.004807729993702825,0.02745096044602735,0.42105267450750095,-0.04687507761021148,-0.012121258359966802,-0.01999996550871108,0.05432582867769553,0.026315789473684292,0.06528326789540695,-0.0015232640966753586,0.002478371563817916,0.04000002543131509,-0.009433953069178047,-0.010752688172043001,0.02691240189611599,0.028735630097391107,0.0,-0.004545450112051319,-0.09550559540286108,0.019690557504447703,-0.030147116881339198,-0.015659887720311794,0.007782056406754112,0.019081457390250245,0.05000000301027474,-0.01382488479262678,-0.06955536813131602,0.004201676463198689,0.019361065899542007,-0.01469936263351812,-0.01403507480404087,-0.014925429786844746,-0.0021692469831258165,-0.04133745211439521,0.016949181460966134,0.0,0.025673987173808976,0.018666689858198193,0.016202127905764918,0.0029675232702475185,-0.03525657964866136,0.0819671911465969,0.054809902309133296,-0.013752533249556387,0.010215100149901346,0.026560429067746805,-0.008193409118063544,-0.011764666692235526,0.0679612178606539,-0.0036496315432303916,-0.022364787021886712,-0.015723255115296708,-0.010386228509284723,0.04511273747632516,0.00787404590327423,-0.006896578032394962,0.012545931278739264
2020-10-09,0.03680985408856041,-0.011264039840909401,-0.007088389448643095,0.0273972334300725,0.02594898921451949,0.02142292827585779,0.05035974544673305,0.01117317394007622,-0.06263052048518336,-0.005586481581240199,-0.039622647281047585,0.03850926263647114,0.011583031249526199,-0.0030211452072894662,0.012121200736670001,0.013245020564786714,-0.004854368932038833,-0.01123533829560508,-0.01362175054059378,-0.02400001525878903,0.036764704851130814,0.19791669840062198,0.00508905358442302,-0.062201008779799394,-0.019083969836130144,-0.18518518191469724,0.0819672165320231,0.012269986030718272,0.04081625470369077,-0.0050889372835681845,-0.01538461538461533,-0.00933442658793504,0.020595001131533452,0.01854136164413922,0.0025641000560834293,0.009523800152860362,0.010869565217391353,-0.015067256469014079,-0.027932958922274875,-0.13999998569488525,-0.0091324111433575,-0.09316768622693639,0.0,0.01683094231484894,0.022727250560256484,-0.011582982296490463,0.023078692070123807,0.0,0.028037383177569986,0.04227944527942884,-0.02092058097916616,0.07502373997023049,0.010849974764160386,0.014234862159271389,0.00101012416840085,0.03152173563753502,-0.010780122826264837,0.014120384249503903,0.0625000139698384,-0.016270278714941244,0.013089033395804694,-0.01497167520906395,0.005917174520330359,0.0,0.030303105365945715,-0.027571553359892365,-0.0045817202361836395,0.022365036133888072,0.0038808852243805703,0.0,0.003401336064119853,0.08181821038900261,-0.014652000576396595,0.03157558156874951,0.006389770030435393,-0.0678911023405464,-0.007194237817389371,0.015624984866008385,-0.020833280903320373,-0.020588775478582066
2020-10-12,0.002958576959962933,-0.002531643124693339,0.013768631980956902,0.026666641235351562,0.02669795142412812,0.02537546604905838,0.0,-0.03867399748936007,-0.07126942341570053,0.036516827421490206,0.003929269219441034,0.016746407357764337,0.06106870367938111,-0.018181801105005113,0.011976108173510136,-0.01960782480441492,0.014634146341463428,0.03122225719994498,0.00974818866440974,-0.008196674537606752,0.021276541059871645,0.0,0.005063286249386678,-0.19047611565271283,0.015564262015381303,0.0,-0.015151477203040775,0.024242401123046875,0.0,0.02173913205645661,0.02604166666666674,0.0008195281158545065,0.005979067490418988,0.006067984481033406,-0.015345314547575706,0.10377355873535299,-0.043010752688172005,-0.008498532166644202,-0.011494197580862564,0.011627895694091173,0.06451606523659481,0.03424654178759057,0.0,0.018490914886698517,-0.0022222730848524552,-0.023437514551915006,0.01021493474426105,-0.052380961118258074,0.10000000000000009,0.017636639213629568,0.008547000709448138,-0.0035335656299810836,0.0044718783612420765,0.019298269683378333,-0.0020181134608774354,-0.027397285052958575,0.032692388171923215,0.01711937860055035,-0.02352945878843815,0.008057749135219838,-0.03359165091420724,0.015594041643020695,0.038235156481946975,0.016611378408035726,0.0147058175332615,-0.01454004557327715,0.014208752951464731,0.018152170284814195,0.011597956519519892,0.002174018031968039,0.0,-0.0840336294398446,0.0037174684946250647,0.039789430888295785,-0.025396876096063115,-0.04996481606199621,-0.11231882023575968,0.0,-0.042553217392692355,0.009416964891358681
2020-10-13,-0.011799468741531816,-0.022842677990056348,0.014587349882439149,-0.012987000923330161,-0.00798364358118897,-0.0075757502779744135,0.03767120308928029,0.040229846470767994,0.07673853452506796,-0.010839964007873681,-0.02544033484232222,-0.014705785910785418,-0.046762630238290526,-0.024691334404499887,-0.005917224457964498,-0.04666670163472497,0.07692307692307687,0.006520463853621816,0.03137565406865228,-0.008264494075791107,-0.06944444628409407,0.0,0.026448307279147487,0.09243689323492199,0.038314174751908237,0.09090911061310525,0.015384576259515281,0.005917182469050486,-0.019607809985303648,-0.024405506518098474,0.06598984771573613,0.0004092292068631487,-0.020802357516912617,-0.03860074464823626,0.015584463034901352,-0.034188001676673574,-0.0449438202247191,-0.029999946479074113,0.0988372333247054,-0.022988483697581663,-0.051948003693320643,0.0894039677588605,0.04413795471191406,0.016105437004853895,0.024498917399055964,0.06000000000000005,-0.002738520928991073,0.005025132013410927,0.0,-0.0011553177950344162,0.02966109100548686,0.014184383971608927,-0.015582943384834791,0.04475047012779321,0.0050555344110077005,0.0,0.05648667449501965,-0.018626611433458895,0.012048181523292234,-0.0004208465520896265,-0.0026738371276276984,-0.01321668753755978,0.008498531142488108,-0.014705746818174825,0.028985480061493263,-0.025452017785219994,-0.033149375255247415,-0.0012571498325892883,-0.007643221930242139,-0.016052101194560686,-0.08474569961750167,-0.05963307819265162,0.007407400212333881,0.0,-0.07166124866258439,0.0007407576949507444,-0.02857140076751319,0.015384600712702756,-0.014814800686306473,-0.003203957392435175
2020-10-14,-0.0089552155951661,0.018181863219567385,0.07833387414907356,-0.026315764707210976,-0.02483322647461672,-0.024936398963455564,-0.033003283374734904,0.09392269705427903,0.020044578435574723,0.0,-0.014056259315918695,0.014925273791827953,-0.01886787699736292,0.018987323148685453,-0.029761877307950435,0.03496508626543049,-0.0848214285714286,0.005323143336523062,-0.053822146232445744,-0.008333365122477177,0.11194030169416691,0.0,-0.030674789553907456,-0.04038461839949625,-0.029520312863346332,-0.12500007450580297,0.015151573533783491,-0.017647013944738,-0.01999996550871108,-0.002565910339143662,0.03809523809523818,-0.0028643092657081315,0.012139593604506782,-0.007528223884444851,-0.007672626785479197,-0.026548716755993906,-0.03529411764705881,-0.02650949871790953,0.0687830250135284,0.0,0.004566205571678639,-0.009118532443044058,-0.009247050207928043,0.02737752963312734,-0.0326087170602698,-0.00754719860148878,-0.03485444398353399,-0.024999971402388965,0.0,0.02082120786237973,0.03292177839847277,-0.013111855247572302,-0.0022617311893824432,-0.07413513564681307,0.010060400974973627,0.022751901252650697,0.020564043458912495,-0.005945536799790818,0.011904821881092875,-0.007996706186525482,0.016085684463037264,-0.02343893092482907,-0.023876394101833065,-0.0033168496467672615,-0.014084446233250114,0.03785010907974762,-0.01693878771027091,-0.018423167657582895,-0.020539217371488228,-0.0013229027734392718,0.0,-0.004878044241882984,-0.018382335217044576,0.0,0.021052695861705883,0.01628418279995114,-0.04621854127105551,0.03787878842612158,-0.022556404994930057,0.02051425783689864
2020-10-15,0.003012045380823114,-0.024234700704405254,0.04046003027505152,-0.04054058190241916,0.01438334348153858,0.015918546457994065,0.08191118199808822,-0.10606062430506402,0.0,0.013698463646813597,0.0610998370790139,-0.021176449304449174,-0.023076961637717996,0.031055870727966672,-0.012269926984675661,-0.028378415386374978,0.014634146341463428,0.011389174042116368,0.0065952647016276345,0.05882359540998938,-0.09395970834718503,0.017391260119451912,0.017721501872853374,0.10020031524164597,-0.02661594972760939,0.12666668785943025,0.014925334893879816,-0.023952186084122085,0.0,0.012218583994174192,-0.01834862385321101,0.004513724272882547,0.004497711038687235,-0.01769909850648088,0.0025773170536871337,0.02727277390556293,0.012195121951219523,-0.007564599815684359,0.08415843790295696,0.0,-0.059090959828746126,-0.10429445250427638,0.05333334604899087,-0.01683027820939831,-0.008988755857864406,-0.0038022234609110805,0.0035019280212276183,0.025640995558069424,-0.02892561983471076,0.03399435662535666,-0.019920299803290464,-0.014171820013527126,0.02583872731864245,0.0035587155398177917,-0.002988021223623072,0.016949238156632296,0.0005756353746877441,0.009201695420959277,-0.03529415312110251,0.005091405555328388,-0.01319246887127723,0.01028624408571277,0.005755562563297012,0.0,0.028571400767513078,0.022246507387363,0.005189982128023685,0.02343206067654524,0.010485014134812953,-0.003973416933402474,0.009259043404791667,0.0024510365364791564,0.0149812586929019,0.0,0.013745690952998268,-0.008011628575723129,0.03083697525593232,-0.0364963508730749,-0.0538461391742413,0.009078308333843266
2020-10-16,-0.02102100145542729,0.035294114713804614,0.0229782322269787,0.014084577986089863,-0.0065086329209843585,-0.011816081465297446,-0.028391162844150886,-0.011299424374029976,0.04585153747711068,-0.059459484385746886,0.005758106094345017,0.021634593169934657,-0.007874008357040663,0.027108480240233934,0.021739109509576693,0.0013908856123006075,-0.014423076923076872,-0.01629872589451231,-0.029484078612129205,-0.0396825384811359,0.0,0.0,-0.003731310088747497,0.28233166889735406,0.04687497826914089,-0.1014370312432139,-0.05882347441324487,0.05521482012297363,-0.020408257704406685,-0.0019060009603386607,0.06074766355140193,-0.040849770315467104,-0.027611932544193918,-0.003861030872843396,-0.010282827556014063,-0.03539826556467118,0.012048192771084265,0.030488115482366185,0.07305936566987126,0.0,0.06280198967797257,0.006849308357518069,-0.012658215623466695,0.0,0.01814057289661819,0.02671751279415946,-0.005234389875092171,-0.010000012643154421,0.017021276595744705,-0.03726029069456338,0.028455256974518672,0.011680153917720704,-0.011930788241007573,0.014184383971608927,0.002996976252271466,0.005208253653516293,-0.03682384066570221,-0.011397310512278103,-0.012195110427418387,0.005487438178403581,-0.013369011236603723,0.0069874185194798155,-0.03147368727297284,-0.003327887750075642,-0.041666674550879024,0.008205667721800314,0.0202396002156342,-0.0019364183525739653,-0.020752334659748684,0.061170390879306646,-0.001834800344687304,0.0024449270590736205,-0.011070099987999904,-0.014493098811772187,-0.016949136104436047,-0.08516885882224023,0.02136760366190571,0.045454575010568155,0.0,-0.01211787102842321
2020-10-19,-0.018404890477013436,0.039141346332845384,-0.024621873068711442,-0.013888957875743513,-0.027374834947339832,-0.025214423339066205,0.0032466542153659628,-0.011428560529436416,-0.11899794910246109,-0.07471267012166771,-0.01908395209933933,0.0,-0.03174600171093711,0.026392936042225035,-0.021276575700436062,-0.006944520329984494,-0.034146341463414664,-0.03891148301073988,-0.04219409373253269,-0.016528988151582213,-0.12592591179741752,-0.008546987182399324,-0.023720356028876455,-0.0042613196635132855,-0.011194048616892327,-0.012229550223223029,0.023437439464035092,-0.011627950817908794,-0.04166659736028511,-0.018459439628795704,0.1013215859030836,0.014480482906730874,0.0161166571335829,-0.029715704010040422,-0.07272726709755406,0.009174303230812475,0.011904761904761862,0.01923066437080423,-0.05957451384074963,0.02352938866532872,-0.03181815078435912,0.10884351259004155,0.0051282001121668586,-0.04136953341247518,0.004454445163299292,-0.03345723536405931,-0.019951739184368433,0.01010102300087179,0.07112970711297062,-0.019920340782523138,0.007905130890387913,0.0035523944085211756,0.004025011352713603,0.03846158655565923,-0.000996038737035021,0.0,-0.04480304438674276,-0.02305741352612345,-0.012345667202249944,-0.01721222141556311,0.029810218343297556,-0.021807931342639475,0.0,0.0016694997829140856,0.028985480061493263,-0.013446947682865917,-0.007084744081714889,-0.013467247982046127,-0.04370856960433911,0.012113307625636338,-0.06249995076410175,-0.02195114093759909,-0.026119466387206858,-0.025293587257079975,-0.044827624195111215,-0.010433395990603223,0.04602505868937423,0.0,0.03252029368516429,0.029922880795833606
2020-10-20,0.006249993946403354,0.03523705123421461,0.019486344048748716,0.0,-0.003367771577925005,-0.0024000167846679465,0.0,-0.005780341244511877,0.0,0.01242235872944919,0.005836616845840803,0.0,0.036885242430975795,0.06000001089913498,-0.024844696582373316,0.04615392053941947,-0.015151515151515138,-0.00558976113083709,-0.030836982689788517,0.0,-0.020338963325323256,0.0,0.002557542261826473,0.007132567857779604,-0.026415075146177247,-0.03809520349480777,-0.02290070556370205,-0.04117651546702661,-0.04347818540553339,-0.007133574042182844,-0.06399999999999995,0.020990855442200473,0.0060422904145789325,0.015978679347783187,-0.016806706975212804,-0.009090900552502501,-0.0117647058823529,-0.040638503953968286,-0.07692302745018342,0.1494252810564518,0.07042246426743715,-0.05521474456557396,-0.0025510179256708065,-0.0193451847712115,0.011086410501158994,-0.011538432194636461,-0.002460971840981152,-0.024999971402388965,-0.03125,0.014518002901783955,0.003921564960883028,0.01238932630843892,0.030289424200936388,-0.001683540199579614,0.007976064390418092,0.0031088795680260795,0.016885681291442634,-0.014396993762785248,0.024999975785613415,-0.007262074910384442,-0.00526323784649585,0.009323050663465171,0.01033991711973048,0.0,-0.028168988409594475,0.044835270580748654,0.00856250375902623,0.008676538394459143,0.015235442604999871,0.006190869961578915,-0.019607808125062465,-0.022443927045108114,0.011494333721897787,0.001810180159711905,-0.03249094396715779,0.0028385926706144815,-0.15600004196166994,0.0,0.015748016714081325,0.02715866152762736
2020-10-21,0.006211174145593246,-0.02347426668941155,-0.0034755085895025184,-0.056337976143534085,-0.006758421159258732,-0.00721730843710533,-0.042071067271143514,0.005813947847045586,0.009478777412064598,0.006135089363163759,-0.029013557669994805,0.005882472662473326,0.027667988659443088,-0.016172491148951362,-0.035031888483889495,0.016042733022677336,-0.03076923076923077,0.010927168403317422,-0.045454545454545414,0.02521010086989528,0.03979238939873886,0.0,0.031887754481417785,0.12747875375915174,0.007751918117475443,0.08910894478060416,0.023437439464035092,-0.06748463063080357,0.0,-0.01110381745449085,0.07264957264957261,0.006167645301411895,-0.01501500103959097,-0.024901710926695242,0.022792001117782457,-0.036697212923249456,-0.011904761904761862,-0.018154564187615074,0.029411698674662867,0.0,-0.017543843138140613,-0.01948050138499524,0.0038362829044309432,0.006069796802253391,0.0,-0.03891050468146462,-0.0035881769123859986,0.010256422922918063,-0.056451612903225756,-0.021179103974087177,-0.031249970896168877,-0.0795454441250617,0.0030264169254623496,-0.026981425302492035,-0.021760565858099823,0.03305781867105084,-0.02706015527159855,-0.002155176154341021,0.024390220854836775,0.056368370468465434,-0.010581827070023309,-0.0058233858646596914,0.029239607079180274,0.008333501303647184,1.5362319241199045,-0.004119444219309987,-0.022437903667384185,-0.0024085225208450023,-0.008185551118509715,0.010254087905694487,-0.004000078424507336,0.02295922215210222,0.0,0.0,0.048507415217954986,0.03962796443091676,-0.09004736846327688,0.014492739601511984,-0.02325575549859793,-0.021609268830008466
2020-10-22,0.03703700160674983,-0.03846150319251662,0.041848631356598,0.04477607558580465,0.00048607143711176803,0.0029617442174345587,0.043918777096851436,-0.011560682489023755,0.053990499971568795,0.018292638520858606,-0.01394425735604432,0.0,0.026923081155359352,-0.010958958692185994,-0.009900980750178201,0.0539473803915147,0.04761904761904767,0.008730489001269603,0.0704762292286707,0.0,-0.019966781668254052,0.0,-0.04449939761734678,0.045226076100526535,0.06153850066356159,0.0,0.015267234108558236,0.04605261960848539,0.06818169446135425,0.03038305887952064,0.06772908366533859,0.000817359574377674,-0.0007622125738615537,0.010752677834782398,0.06963788467327792,0.009523800152860362,0.024096385542168752,0.016949315086221883,0.02857144146354873,-0.1499999761581421,-0.04017853294024065,0.033112551411967006,-0.005095536603691109,0.027149294906732013,0.015350915030649892,0.012145717724457494,0.005626844091167538,-0.035533038361046265,0.02564102564102555,-0.11520469140828693,0.10080645083760875,-0.026590668572807785,0.003017285361973876,-0.01559794677389914,0.021233572381901267,-0.02899999618530269,-0.010114016905152123,0.005759579769928136,-0.023809501846360326,-0.029327953342640267,0.013368836835069065,0.0034337020054708844,-0.019886340887982135,-0.0033058008115376403,-0.46857140988719703,0.04722510347933584,-0.003308257970185746,-0.0021844381935299806,0.019257213720959232,0.020706813025563875,0.0,0.029925156785475693,-0.01136371538494263,0.019879586415544992,-0.07117439564282824,0.07662393196633333,-0.031249970896168877,0.0,0.015873000254767344,-0.0683246615012646
2020-10-23,-0.002976187730794999,0.0387500524520874,-0.0020921795209261074,0.0,0.00801557228698968,0.002953062197104339,-0.051779775102945846,0.0,-0.07572376237918177,0.0030029510812117355,0.002020248336801478,0.0,-0.02247194756958315,-0.0110803221649306,0.03333330154418945,0.0724095233488733,-0.025252525252525304,-0.006748738109704,-0.025800792262364314,-0.008196674537606752,0.0016978317671512144,0.0,0.014230288905948685,0.07331742993631263,-0.07608699057438095,0.0,0.0751879670494302,0.006289332318799801,0.0,0.005769242706590738,0.00746268656716409,0.033483180828215886,-0.034324929141850924,0.0,-0.03385413513751634,0.11320751180453104,0.0235294117647058,0.007575878956596727,0.013888931539324467,-0.05882354178643112,0.004651158148692103,-0.03205125266043052,0.0025608170388020657,0.023494838290234243,-0.002159876594958421,-0.015999984741210893,0.014547837345545434,0.005263164565705969,-0.02083333333333337,-0.0066094104899762085,-0.018315000720495744,0.030243943377239013,-0.009024538132985094,0.003521123508970936,0.006930662592116832,-0.011328491889299519,-0.0019154766235380816,0.009782864445355699,0.0,-0.009651569725296905,0.0026385626145546404,-0.0054349348116355944,0.014492714892795577,-0.0033168496467672615,-0.07526885264633632,0.016458058491741978,-0.006224424450792743,0.02834426844708715,0.0067476124794148,-0.019490839791615033,0.018072214636914774,-0.019370441038567443,0.0,-0.0159480550569836,0.01915716197108419,0.019508634473451858,0.010752677834782398,0.012857164655412978,0.09374998370185517,-0.0333429622858511
2020-10-26,-0.014925359325276832,-0.03610110416200207,-0.024738140421964983,-0.028571401810159047,-0.007951833788444329,-0.008297681162379944,-0.0546075168033453,0.0,-0.09156629053216292,-0.029940152134871556,-0.020161270940217135,0.007602211981774021,-0.03831414007929013,0.011204471316808462,0.01935489775611199,-0.02211880419625012,-0.041450777202072575,-0.012966804774006468,-0.045662044515254685,0.05785122208236748,0.04237288067101819,0.0,0.01913260403199879,-0.1478163445452616,-0.02745096044602735,0.018181800448205276,-0.02097905580110504,0.0,-0.02127655960120023,-0.04079037969337207,0.025925925925925908,-0.025286441020864414,-0.02922589968551348,-0.05053193023999181,0.03504039748939447,-0.05084747703301684,-0.04597701149425293,0.01052608336014682,-0.00456622387563943,0.0,-0.009259250061012025,-0.03973506169436036,0.0,0.0,-0.0432900030777672,-0.008130112188539096,-0.012795157648279432,-0.026177980435293957,-0.05957446808510636,-0.02262143437315134,0.0,-0.01988636645855313,-0.019948074849721942,-0.008771879924703185,-0.012782705355523616,0.027083256757924667,-0.008317399436438944,-0.02788280514378394,0.0,-0.016949240175120894,-0.02894729321219458,-0.02307197425083196,-0.0314285036914832,-0.008319465725208142,0.10465118213238878,-0.010686327520135541,-0.01356990681543202,-0.06252102891938027,-0.017426228650099573,0.020689601638925748,-0.027613429525883526,0.009876533325735348,-0.0191570706229659,0.0024009820860355635,-0.07894738021461079,-0.044649194172218465,-0.09574465319386105,-0.005641743440361835,-0.0357142857142857,-0.03927818670028638
2020-10-27,-0.030303001841675226,0.007490569816220649,-0.006878666022166691,0.014705868173635617,-0.0012144698928843178,0.0008097222787075697,0.010830289673351201,0.040935632562121294,-0.007957552133036838,-0.05246912159226469,-0.010288104806842169,0.014509592831105422,-0.003984091497005848,-0.04986144974218765,-0.009493661574342727,-0.010714290022444728,0.037837837837837895,-0.0023646712613020204,0.0631579402070852,-0.007812529685906622,0.055284499264779186,-0.03448278130022209,0.013767285795074358,-0.09724058727246854,-0.048387075272691926,0.026785688626827175,-0.028571446736653683,0.1499999761581421,0.02173909270276675,-0.03920257755590806,-0.0072202166064981865,0.014187395006945103,-0.027664780605632044,-0.01960782480441492,-0.03385413513751634,-0.035714252769540544,0.0,-0.053571375582316616,-0.004587169920451828,0.0,0.023364462553857157,-0.02068971697413624,-0.0038313835585571665,0.0028694378089735295,-0.009049764968910634,0.012295129061450805,0.003575628422427757,-0.02150540279580071,0.02714932126696823,-0.006126562388317325,-0.1194030461531208,-0.008695666596208462,-0.00044266576023421766,-0.04601773884836147,0.013944257356044432,-0.0557808576279295,-0.040000212673849456,0.032085554555364215,-0.03658533128225516,-0.021982797159955325,0.002709979675594276,-0.0049722794686822835,-0.022123950537276005,0.0,0.34736840746645226,0.0,0.019894029265113522,0.007051559462136314,-0.01091414108376565,-0.03815592109870092,-0.046652980036600566,0.2713935489647621,0.027343817666407366,0.0,0.012244886043219827,-0.033753704685257735,-0.03529415312110251,0.0056737533008290875,0.014814800686306473,-0.01380099401420698
2020-10-28,-0.006249993946403354,-0.019826499809501463,-0.043722767744200586,-0.04347821955569664,-0.03599220960152394,-0.026699023351839934,-0.01785718291591376,-0.016853916782002765,-0.04010697726870094,-0.013029347338328057,-0.024948001452519408,-0.011441550465510208,-0.07999998728434243,-0.04373180537843113,0.02555908012174135,-0.026474074560751015,-0.04166666666666663,-0.035712396951939396,-0.01710181452766657,-0.023622062617355444,-0.038520802591172854,0.0,-0.032098792177422064,-0.05967960635091407,-0.06779665035111382,0.0,-0.0661764905251987,0.23913041900822218,0.10638306980497547,-0.011065146076775112,-0.021818181818181848,-0.06195064679975493,-0.06778238316910845,-0.054285730634416884,-0.021563321531935076,-0.04629632559441832,-0.02409638554216864,-0.03773561959661842,-0.018433163289738763,0.12499995343387194,-0.041095959012037,-0.049295729125592325,0.02307690050475042,0.015736786425789573,-0.041095959012037,-0.008097196630031722,-0.023825469802646104,-0.010989024802613656,-0.048458149779735726,-0.023287681075640054,-0.025423705697709242,-0.008771944500989504,0.0004428617999896467,-0.0333951452314204,0.03339883520583253,0.02900101954028389,-0.035618204664010555,-0.0579368614582062,-0.037974721746286244,-0.016747434052330923,-0.029729827878691273,0.0006248453945432164,-0.0015082995811470656,-0.031879221667799884,0.0,-0.04288050481411354,-0.019920981466044818,-0.02124377961245827,-0.039999915947278586,-0.0785124891950344,-0.03404253670136548,0.0,0.011406832731696515,0.0,0.03629028769239073,-0.038771529793225845,-0.1524390257199133,0.0,-0.0583941753191729,-0.056186909888936265
2020-10-29,0.012578604092237322,0.0,-0.00452712030710356,-0.015151590409901994,-0.002522690450348364,-0.0008312610162893863,-0.00363635208055213,-0.17714282444545204,0.044568270099168084,0.016501625650197527,-0.02345418596425264,-0.0028936327176609655,0.10000000691068345,-0.006097555213709138,0.028037356105847788,-0.017305313109308273,-0.03804347826086951,-0.01731585350362852,-0.03937726111941808,-0.016129017372408794,-0.04807687899064572,0.0,-0.00765305377701242,0.0866872202874096,0.022727272727272707,-0.13043476458082537,0.039370080316902145,-0.1447368134862268,-0.11538465554130228,0.004895315024997071,-0.03345724907063197,-0.027268931785928485,0.0,0.045317250139125465,0.02754818222587585,0.009708728874782357,0.03703703703703698,0.03104557190744428,0.06103282695140444,0.0,-0.014285701310552956,0.018518500530834592,-0.02882205745911648,0.005633797519761785,0.01904771528006588,0.028571459711814517,0.0015967683264381805,0.03333337570016481,-0.04166666666666663,-0.005610092736466066,-0.004347822030685733,0.03834811606657085,0.007079750032150223,0.0,0.010456240674026507,0.005219226631843377,0.020905991192131212,0.004249954223632724,-0.07894737254879813,0.002241182845139411,0.01671316530595579,-0.006242180509915651,-0.012084544298628597,0.04159448124071341,-0.281249996673848,0.028385764653611867,0.008257356180480624,0.0412271307815304,-0.03160928114308004,-0.019107914015389804,-0.00881074525793546,-0.009615329948400753,0.0,0.0029942616201164007,0.01167314092180427,0.016373795224498888,-0.021582713452168112,0.008462615160542697,-0.031007723283626443,-0.023634283046974458
2020-10-30,-0.021739109509576693,-0.001264191180477603,-0.013642457008759323,-0.04615380383101986,-0.014668744492914443,-0.018580120148155355,-0.03284661056563831,-0.02777783296726144,-0.015999984741210893,-0.05844115014493301,-0.02620084881180096,-0.00464304739380117,0.007905130642070324,0.0,0.02424247372139554,-0.006289302046118661,-0.016949152542372836,-0.011728741978533241,-0.06101048993284153,0.0,0.008417460171052937,0.0,-0.0051414444230678535,0.031338966712780136,-0.017777732566550908,0.21500003337860107,-0.12121210661655413,-0.05128205128205132,-0.06521741696211869,0.011829999654131562,-0.038461538461538436,-0.06263649479281885,-0.0008976865865026884,-0.07514450508575765,0.024128663192786615,-0.06730763058690403,-0.023809523809523836,-0.00792396138121032,0.022123891950092345,-0.07777777189089907,0.0,-0.02909088134765625,0.03354841662991426,-0.005602235658404231,0.0,-0.015873075943202752,-0.006604575736513296,-0.03225810419370112,-0.048309178743961345,-0.019040934552386424,0.021834040676500743,-0.03977273291710626,-0.009226758084737607,0.019193839520226685,-0.031044206975853972,-0.018691620253031727,0.007508676416364324,-0.014438587074813602,0.014285700905079413,0.023255634531330394,-0.03287676496013836,-0.003978381043732271,-0.05810396420296482,-0.031614088125782036,-0.09782610385764956,-0.01330238712302656,-0.010510358656439345,-0.023174629434180027,0.004451164600060231,-0.036178341980872664,-0.02444427276019312,0.007766982740254447,-0.007518789579387564,0.00014906080593179993,0.0,-0.007072703331227337,0.11029409895615605,0.0,0.0,-0.04099113829901968
2020-11-02,0.019047600305720724,-0.001265851741913293,0.03181162070279919,0.016129016752173708,0.015400451564361317,0.010454913962489876,0.015094289845032804,0.007142850452539706,0.07046070092993584,0.07931003208617926,-0.0067265043838012906,-0.009912569969466878,0.07450982543210016,0.0,0.02366861567970302,0.0607594642553595,-0.051724137931034475,0.018167563464214664,0.01725889143990944,0.02459017995287449,-0.0016694077507136695,-0.10714281659547786,0.003875996213888122,0.15193377319887902,0.02262443334774833,0.0,0.04310344922084264,-0.04864862802866343,0.0,0.04126561781596516,-0.020000000000000018,0.01728943905842706,0.00628928069222523,0.04843749033752842,0.007853395789016115,-0.030927886575027097,0.0,0.10862633840407288,-0.03463200444387471,0.14457832190515973,-0.019323653692280396,0.003745314673225364,0.01747807561148851,0.004225381719903387,-0.002336501960658488,0.00806454714081517,-0.002521832138565494,0.049999996655250234,0.025380710659898442,0.025161781833868524,-0.017094001418896276,0.004930891061899478,0.008869036711923961,-0.018832373956716664,-0.019417456850636006,-0.03703697723382571,0.014227572058250315,0.01742860884186892,0.014084577986089863,-0.00655577261625695,-0.019829961065696122,0.005255468566621957,0.009740199205183986,0.024055102531891803,0.22891565177361684,-0.00539244140688111,0.029698702276717892,0.03576538028412668,0.008862523755505336,0.010587168100495425,0.05922551322337277,0.0211946305012789,0.0,0.015370839196017227,0.12307699361496671,0.013058959941754544,0.06622518177048375,0.0,-0.015999984741210893,0.0213120724021294
2020-11-03,0.021806832526770403,-0.02281366684215158,0.0022342765914216134,0.03174600171093722,0.018705758946198303,0.021812099889651382,0.04089216198367418,0.0070921919858044635,0.007594929374080017,0.044728412867057754,0.049661461750285296,0.008245162115611215,-0.01824824420094684,-0.07975459853492517,0.0780346757080137,0.08353221108266573,0.036363636363636376,0.031101477688341594,0.019960092885215053,-0.008000030517578138,0.013377913620550297,0.0,0.0025740001255609712,0.05755388557412355,-0.008849647146145223,-0.012345666899427288,0.0,0.02840909029334049,0.0,0.0,-0.020408163265306145,0.05512183683330796,0.026785731771771015,0.03874809993540307,0.02597406377356548,0.08510638837525097,0.0,0.015850030674894766,-0.022421522123051485,0.052631592156154205,0.039408829967266135,0.048507415217954986,-0.024539855046177728,0.015427721586491305,0.01170964659442797,0.020000000000000018,0.02459223948731082,0.1005291012032754,0.004950495049504955,0.04838706657141523,0.021739110153428554,0.04808643228364584,0.006593504013356899,0.023032607424272156,0.0,0.006593347629364921,0.02404801603631146,0.050893821099405656,0.013888875091518038,0.01451809778099622,0.03468204169630673,0.019656957853795953,0.08681686351462048,0.023490132301127398,0.0686274869913277,0.02033191669294654,0.006315758489915835,0.06077355634911341,0.04099571091559362,0.0,0.049462297461537075,0.04150939288195499,-0.015151590409901994,0.0,-0.05479454851034116,0.05937501699663672,0.07453416379015643,0.013986000461365,0.08130081174740655,0.013289804218598045
2020-11-04,0.024390220854836775,0.014267202719864258,-0.16897021300163362,0.0,-0.008188552659038839,-0.011767920721843184,-0.007142834152606081,0.0,0.02763822436865504,-0.02446488907541855,0.012903213236342914,0.004672879357772386,0.01858743220285297,-0.013333320617675781,-0.008042887730928872,0.02422909137313356,-0.005847953216374324,0.0021966443906595856,0.06751466748617552,0.0,-0.018151837384993486,0.050000000000000044,-0.0025673916591080204,0.08049888493648782,-0.017857098255025683,0.0,-0.016528883932000915,-0.02762430881006428,-0.02325584849797635,-0.003963148399251493,0.004166666666666652,0.0400519473295593,-0.033913073332413335,-0.030129062787825456,0.0810126403493201,-0.00980391240220746,-0.012195121951219523,-0.0042551645028854335,0.0,0.12000000476837158,-0.004739332208735791,-0.04270458647781428,0.020125767452930265,-0.009668466441596024,-0.013888875091517927,0.05882352941176472,0.011664207001029991,-0.07211541857003834,0.029556650246305383,-0.024749156540442074,-0.0425531526343631,-0.03838949772439737,-0.003930099189581537,0.07504692328199947,0.0,-0.0032750800732455065,-0.04240025084860055,0.014174307776214423,-0.027397315080268658,-0.02645256900588866,0.0,-0.010049036933708955,0.08284020947814086,-0.021311699780389604,-0.03669727465382433,-0.030554458376740312,0.016317997483018765,0.0021701056889651404,-0.030942417694050817,-0.0042858145905242395,-0.028688649208188366,-0.014492739851898917,0.046153895530476774,0.0,0.01086955488892416,-0.06010328236263096,-0.0635838225967339,-0.006896578032394962,-0.030075230561518396,0.04774507148300433
2020-11-05,0.08333339837808662,0.025575483594881376,0.012875413758503873,0.03076929425347008,0.013510094408505369,0.01135416468589745,0.03956831528752858,0.014084577986089863,0.09046451632158736,-0.025078430085649583,0.019108312496595836,0.0,0.010948923316814296,0.020270250677801416,0.010810800361494177,-0.005376338917391199,0.0117647058823529,0.0065754075889676855,-0.010082432660335927,-0.016129017372408794,-0.02521002072919387,0.08571430993458584,0.010296000502243885,0.011542588215541993,0.0,-0.16666669978035686,0.04201680582475409,0.03409093002642427,0.0,0.003978917439532603,0.012448132780082943,0.041440143174912736,0.018001869407732185,0.00739640713088785,-0.007025810290949952,0.009900980750178201,-0.024691358024691357,0.07122491059495983,-0.013761509761355595,0.22321428476395666,-0.01904760174740394,0.04089215344087638,-0.02466088997925786,0.0076708267438474476,0.007042190459944031,0.014814800686306473,0.005765069704484649,-0.01554399942701834,0.014354066985645897,0.003429368381104414,0.008888880411783928,0.0340797869712679,0.005260927557922512,0.022687628971760132,-0.04950494862528321,0.013143470323650819,0.03678430399759458,0.013510319409140381,0.05633806009374043,0.0463251841519452,0.05586586071641131,0.020302497432967526,0.035519071211525866,0.016750415623847825,-0.07619046939396334,0.04522066278204284,0.019349439116779443,0.01710699242760305,0.17706833438749014,0.023433663811683658,-0.008438646421630391,0.06617649443524898,-0.025735269303862496,-0.000588222628821744,0.060931927820184084,0.04864651950774701,0.012345667202249944,-0.0013888544874417486,0.0,0.042714388961061056
2020-11-06,-0.013736315740073168,0.03740638652584316,-0.03707602417177658,-0.2835821234109691,0.008392979337208839,0.0068455902811916935,0.006920487487322102,-0.020833395421502532,-0.0022422037659871608,-0.038585219826391404,-0.0020833809342630794,-0.0005814629868020615,-0.03610110416200207,-0.006622510282393357,-0.018716559642861674,0.0032432014459764513,0.005813953488372103,-0.00015932221767778199,-0.025000041208147583,0.01639342724524062,0.03965517439825206,0.0,0.006369451126407855,-0.015560287035428222,0.0,-0.019999980926513672,0.0,0.04945052641772074,0.04761919607614429,-0.03236467160943479,0.004098360655737654,-0.04019301817250387,-0.022988525131340976,-0.0029368547862792527,-0.03773581510593205,0.0,0.025316455696202445,0.011968132229375428,-0.08837207184085394,0.0,0.0,-0.01071427567880967,-0.013906404399392502,-0.013148760061676645,0.01631705647641568,-0.04379557928093092,-0.05423282006361352,0.0,0.0,-0.08885852225330226,-0.02202641089709456,-0.007532949582686688,-0.023113893292658894,-0.06143346848330222,0.011458297115234606,-0.002162211650126644,-0.0032849223190788424,0.00022988132880530365,-0.013333320617675781,-0.036611326560304525,0.013227542671600645,-0.011167628544797581,-0.046174122215711155,-0.01976928688353452,-0.020618537153480165,-0.01933795694961904,-0.0066640246331499675,0.009580518129598037,0.002466061865397995,0.011214950917779465,-0.07234053296022191,-0.06724143629266688,-0.003773581171086837,0.0,-0.04054058190241916,-0.0022446489700673755,0.006097555213709249,0.001390786086939766,0.0,0.008319302055011413
2020-11-09,0.0,0.028846242018708557,0.09735981920861181,-0.1875000116415324,-0.053610751306921944,-0.044873527277367486,-0.03780075081774037,0.0,0.020224754257405886,0.31438121674722397,0.06471815140883974,0.01803371517746566,-0.018726603131242525,-0.03333330154418945,0.027247929851148767,-0.10991379421084735,-0.05780346820809246,0.015722972486115205,-0.19278253001492918,0.00806454714081517,-0.048092940066315926,0.0,0.005063286249386678,-0.17913585929975395,-0.02727277351148205,-0.03061227592911475,0.03225808436366906,-0.047120397934830804,0.0,0.03208186407794211,-0.06938775510204087,0.13442247153364706,0.08416283578721062,0.25184094959557335,-0.04901956201103741,-0.01960782480441492,-0.07407407407407407,0.06307482924055918,-0.005102056438155422,-0.160583961930296,0.0,0.0072202097704794355,0.007692300168250066,-0.026647973937004243,0.02064212683364941,-0.003816808341898237,0.08974372478359927,0.02631582282853029,-0.03301886792452835,-0.018004484057899228,0.022522500753112684,0.06356736989742395,0.10267870214479169,0.02545452117919922,0.02059730262403825,0.0021668969399348814,-0.03955178430234951,0.03768380910841351,0.0945945837098896,0.07158623286254473,0.023498797232570423,0.016221806977880338,0.0069155740908770635,0.020167993737598477,0.03157895265193522,0.19084211978808896,0.03923568673525457,-0.0203499868231245,-0.07011080482669174,0.04390037852159612,0.11467901039274975,0.06469508157881942,0.015151500099837678,0.0029413131690363414,0.010563370526912585,0.24109480237844294,0.054545475563070545,0.0,-0.02325575549859793,0.06694520795936687
2020-11-10,0.013927630064145324,0.051401817618486056,0.07969922107307936,0.05128208067290285,0.06104501183411104,0.05438496018708516,0.049999936602640904,0.0070921919858044635,0.04405282179418912,0.030534627680341986,0.007843129921766057,0.02857145995415289,0.06870222338971144,0.0,0.03448278915082881,0.016949151319312072,0.07361963190184051,0.02567724940259941,0.3541175991881127,0.0,-0.015679386644505078,0.0,0.0012594146061226663,0.06675227969633069,0.00467294495355941,0.0,-0.023437538805105684,0.010988947648731706,0.045454462974236165,0.03439172015315206,-0.013157894736842146,0.030269432691507836,0.04173622863984394,0.04117651546702672,0.051546341073743784,-0.039999961853027344,-0.06666666666666665,0.08776279331298098,0.03589746538572358,0.0,0.024271822186955783,-0.025089582150498058,0.0012722330629537648,-0.014409208041508248,0.0022472425416770747,0.049808399159392724,0.022193422057619205,0.0,0.009756097560975618,0.023682159077828224,0.0044052821794189345,0.02497767457790978,0.07692303224101327,-0.03014185821246762,0.0,0.011891854775918587,0.021963012212661726,-0.027900760092792742,-0.061728409597230804,0.03505158234557837,-0.015306104621124916,0.02970282011647929,-0.001373629952297506,0.03953865748131613,-0.030612249862944085,0.02217265898702858,0.034624565977637634,0.014314865452992764,0.07407415656571281,0.04028339927334068,0.06995878740850059,-0.07291667701469484,0.011194018896451219,-0.0029326872175028385,0.02439030468732617,-0.07280960879643872,-0.11494255551007937,0.08611116372508909,0.0,0.01898976842667488
2020-11-11,-0.010989065691980104,-0.0033333036634657365,0.007428033617872698,-0.024390220854836775,0.01901508105329852,0.017013222412144424,0.030612333996443475,-0.021126741053825282,0.025316533373572758,-0.06913589309532164,-0.005836524075963356,0.04777778608354488,0.014285814843214784,0.0034482724601392345,0.0051282001121668586,-0.035714252769540544,0.0,-0.005761509481874927,-0.06863594021630093,0.015999984741210893,0.02654868899744267,-0.008771907320705097,0.2075472467661743,0.004813449798600766,0.01395351202913031,-0.052631592156154094,0.0,0.04891302376027773,-0.021739023275857305,0.0038361506754944763,0.04444444444444451,-0.07022582055933813,-0.010416599802479332,-0.050847541643237903,0.044117722681788374,0.031249968955915364,0.12857142857142856,-0.056818194303067004,-0.009901020288257012,0.0,0.02369677403827186,0.018382335217044687,0.0165184391780564,-0.0263158335029684,0.00224209685182708,0.007299298019120881,-0.011804354698122022,0.0,0.0,0.04029850576311089,0.008771921569070251,-0.026109677694594824,-0.004135475623232021,0.029250517438075052,0.017154397468365223,-0.03846150319251662,-0.0020148763059315566,0.0075170388357022055,0.6447368627439909,-0.014740950871459657,0.06217609225752607,0.010989173712269373,0.009628490912230836,-0.03486514373874139,-0.010526341452256616,-0.020867568644994172,-0.03119676537018856,0.011353986832331797,0.07142851500220493,0.044255263266234524,-0.07307681570187974,0.02247188803935285,-0.0036900333293332643,0.0,0.01700678617113871,-0.0586510626616531,-0.025974001846660322,0.01023016904730567,0.09523807721703914,0.009606148075483434
2020-11-12,0.008333391834189907,-0.04124859247987955,-0.059447092174029104,0.0,-0.02248800833400244,-0.01964952722406521,-0.04950497012749988,-0.014388475634778741,-0.01851854940646036,-0.029177769837864465,-0.041095896802363696,0.00848353132112667,0.0,-0.02061861836027834,-0.0025510179256708065,0.0,-0.017142857142857126,0.0005128518129007276,0.05970155450100467,0.015748016714081325,-0.024137989434275475,0.0,0.07291664390100472,-0.016766467845361954,0.013761490900314088,0.1111111405455043,0.0,0.2538860994600325,0.04444429146526652,-0.012101920294513069,0.038297872340425476,-0.03236993568884461,-0.0753036661092884,-0.09047616506649947,-0.0023474714423807885,0.04040400148252998,-0.012658227848101222,-0.046987987507222995,-0.024999998025894143,0.0,-0.03703711062301529,0.0,0.0,0.036036074092190784,0.0,-0.032608681380110416,-0.038609238645892385,-0.005128211461459031,0.009661835748792313,-0.0014346846980899386,0.008695644061371466,-0.0008935903112140542,-0.0705347554730511,0.008880943673421182,-0.0049603364199709565,0.032222217983669754,-0.013233837571131835,-0.017182869758057828,-0.007999992370605447,-0.062272537759125446,-0.00975608669641248,0.004658235364659591,0.08991842960846452,0.00656817601156412,-0.03191489978448114,-0.03841851058775769,-0.010734112986973132,-0.006609980794833881,-0.022988511043854576,0.012225058450421322,-0.05186723421280759,-0.08424909064709252,-0.01111110031850071,0.011904794452011425,0.2274247707653212,0.03115270145008675,0.0,0.012658215623466695,0.007246335247339308,-0.007992353473701086
2020-11-13,-0.03581270257368574,0.011627839925551386,0.08182261586359751,-0.025000050291418274,0.014928967557235273,0.01354284721643717,0.010416727907883061,0.25547446906836546,0.02515720881319039,0.09562848348395914,0.04693877848919503,0.05625655258225559,0.010563285689916269,0.021052695861705883,0.03580565264218705,-0.014814844794288518,0.03488372093023262,0.012865168776592384,-0.012324001205300972,0.07751938213730991,-0.024734959409867696,0.0,0.004854387360093471,0.03897676476581058,0.036199001297342326,-0.19999998807907104,-0.047999979654947955,0.13223135350026038,0.02127655960120034,0.0025789952216563883,0.004098360655737654,0.009159629866809738,0.02101574163877329,0.1400523809372234,0.037647022920496376,-0.08737863703115933,-0.08974358974358976,0.044247807215897605,-0.0051281399217095736,0.008695644061371466,0.03846161781683777,0.032490943967157904,0.03250002861022949,-0.028985548309857667,0.026845719916934296,0.0299625173858038,0.012868963994727922,0.041237102524248836,-0.004784688995215336,0.021551737722025566,0.012931022522848945,0.0026833391907246096,-0.004487844917075101,0.012323974256501335,-0.0029910003758598647,0.019375705695899414,0.01650621397959462,0.033356266563701054,-0.16935486817086998,-0.009055824474022867,0.03201970858838421,0.03516244706114624,-0.03500002403725677,0.0016312048036568605,0.01098903813484653,0.020996970685211114,0.008483043225066433,0.02672157552959553,0.06117650388174578,0.026569910645791728,-0.026258309441363314,0.060000038146972745,0.0,-0.014117252913220746,0.15531326511573762,0.0832493946297157,0.05333336194356275,0.02499997615814209,0.057553972135968356,0.044791848007477375
2020-11-16,0.09428569248744423,0.034482781300221976,0.02989137381770579,-0.05128200425668883,-0.01398600823586682,-0.005879228696166416,0.027491412482208766,-0.005813947847045586,0.05316978240915504,0.059850383178957633,0.001949269360935979,0.045296179248938584,0.06271776810516427,0.0,0.0024690744626516548,-0.0025062334658727536,0.151685393258427,-0.04448152046446763,0.14527627486083894,0.33812956057019017,0.06340578004382924,-0.15929207323948358,-0.028019318953092287,0.031653112097068004,-0.013100348420137742,0.0,0.033613466030655736,-0.03284670186351446,0.020833431748395137,0.019935742366836262,0.020408163265306145,0.028018851507942255,0.08747859958077586,0.0631458310362849,0.009070286448309206,-0.02127657595741339,-0.07042253521126762,0.013317096605627965,-0.005154654701225003,0.0,-0.027777860562003376,-0.01748250145114394,-0.05690075714349385,0.03432836203300016,-0.0021786990303688247,-0.003636377507990063,-0.009857721690918364,0.01980194537668578,0.04326923076923084,0.033755241436195904,0.012766047245027501,0.012488879825721666,0.04918027029393257,-0.02260871555494226,0.0010000228881836826,-0.007391831734393173,0.03721243084383974,0.019813073032602935,-0.06796115999206509,0.021322991495393406,0.0811455709789266,0.020530115964104922,0.050518197478327975,0.004886058722747499,-0.05434781079545992,0.013424962109657379,0.03090773247303291,0.013475954849617944,0.04101995959616067,0.014509673932389333,0.04044945186323523,0.09622636484735003,-0.02247197733469819,0.014319403554769794,-0.05896221110301891,0.0743724101994625,0.00632910771622841,0.006097584377790843,-0.020408176505266273,-0.0018360134736241651
2020-11-17,-0.010443854477762415,0.006666713290744308,-0.03562025059711127,-0.05405408235428677,0.02861336356147204,0.024462386937840863,-0.003344561944862101,-0.017543912239656678,0.06990293725202723,0.02352955882777641,-0.0077820939478694395,0.04571429931346627,0.016393505842428047,-0.006872845476499134,-0.014778311237724773,0.0075376662415467255,-0.1658536585365854,-0.0030187866863070623,-0.08949418498620232,0.08064515963636087,0.059625197863054646,-0.052631578947368474,0.0019880221923607166,-0.012500097271013866,0.017699069236414733,-0.0625000139698384,-0.03252034453434538,-0.06415097218639443,0.0,0.03026483143579517,0.0,0.012284328357874186,0.008675051579639659,0.003239711903853193,0.029213510115270402,-0.02173910977784832,-0.045454545454545414,0.028673876786111663,0.025906732359451956,0.08620691958562432,0.00952380087370197,0.039145955784467557,0.006418509753493007,-0.015872966724678417,0.043668185465919995,0.0036496490095605516,0.007743403695749773,0.009708750348958128,0.02764976958525356,0.027891146444348536,0.0,0.02466957916832535,0.012500225155325229,-0.0017793153466733047,0.02997004833918715,0.010638338885950116,0.019569416857963873,-0.0026195752670725714,-0.010416656965389626,0.014912711511858134,0.05298014532335493,0.010241338179288073,0.008631211301978858,0.01620745115812272,-0.03448276402057804,0.011556005706715222,-0.01802641306100161,0.006191642622173088,-0.00851968644192913,0.014688816755245249,-0.01079911707747927,0.032702247692202535,-0.003831414124593202,0.0,-0.015037579608052964,0.06259019608447214,-0.012578604092237433,-0.020606069853811526,0.0,0.016186833923460098
2020-11-18,-0.021108159501653567,0.014348692576782618,-0.01869540642493661,-0.028571401810159047,-0.02425109947459636,-0.024927847257964375,-0.04026851050059932,0.07738095195858374,-0.17785843527494027,0.04827574174389526,0.007843129921766057,0.029599303529322718,-0.048387075272691926,0.04498265443026672,0.0,0.09226932946334188,-0.01754385964912286,-0.012748971561669986,-0.05641024582084142,0.0,0.15916403237126442,0.05555555555555558,0.011904750641601458,-0.1334866925578665,0.013043500375056638,0.06666668256123853,0.0,0.06854841996926408,-0.08163257458366202,-0.009180136045173648,-0.0040000000000000036,0.03526721439688929,-0.017982763324653317,0.0,-0.06550212202950223,0.0,0.031746031746031855,-0.04878046897551502,0.0,-0.023809501283202916,-0.014150930664724504,-0.02054800672275059,-0.005102035851341613,-0.029325554408831334,-0.0020920980006059464,-0.02909088134765625,-0.00702530721870076,0.009615396861325287,-0.053811659192825156,0.01389808358163469,0.02941173524239149,-0.04901115126529132,0.01273153332174104,-0.0017825719507730264,0.0,0.00526317797209086,0.03518880639927491,-0.000656572120782184,0.052631592156154205,-0.0209907422618133,0.00628926689534115,-0.04489517306826074,-0.019559696226115753,0.028708029273391666,0.023809500639594416,0.060462396109143945,-0.00676338248401076,-0.008070164879740216,-0.039742215727289976,0.0,-0.024017354372792954,0.18333331743876147,0.0500000458497285,-0.00588236883414428,-0.04580154292611183,0.024701407265010245,0.0063694204644377805,-0.012376225937722696,0.09027779341479913,-0.000543013483154553
2020-11-19,-0.008086245574475681,0.025027258586779233,0.020445682690275024,0.11764703304297397,-0.007309901780910177,-0.0013455635987962289,0.048951181165519664,0.08839784027008468,0.05960264203562504,0.02631567771051313,0.01945523486967371,-0.026979207172827424,0.04406772574439932,-0.0033112551411966784,-0.02249997854232788,-0.012557052226393361,-0.0357142857142857,0.0012375341403592088,-0.0018115205473629992,0.03980095631232272,0.047156747682247424,0.03157893398351841,-0.028431369340772616,-0.01593630702704829,-0.06008590108659384,-0.002500042282044257,0.04201680582475409,-0.037735849056603765,-0.022222252187215852,0.11859180269308922,0.0,-0.016849907270896303,0.014331158080244544,0.022604955759879752,-0.025700964514515756,0.0,0.04615384615384621,0.017094010157317818,-0.015151561075004705,-0.07317075770973958,0.0,-0.04545450377297411,0.0,-0.01661626262520033,-0.044025165406013866,0.018726591225196376,-0.0026530259441418513,0.04285713958065318,-0.009478672985781977,0.0019582694022926006,-0.012244886043219938,0.027124703949237716,-0.02323824755424808,0.01964288131923131,-0.0009699542652596982,0.007329810829965311,0.014214929929936337,0.015330721972815153,0.11000001430511475,-0.005840454375442117,0.008333392218081492,0.01194097605860267,0.0037405917797239674,0.032558260456472254,0.05813951922616134,0.0034157550650526503,0.001945482607651483,0.019119263891076432,-0.012304239423415186,0.009523826407899394,0.04026840409647958,-0.06478873863742374,-0.018315000720495744,-0.0059169584215935656,0.03733336130777998,0.06913908901593535,0.00632910771622841,-0.003759424779028131,-0.03184713414486362,0.024721573389379303
2020-11-20,0.005434777327093299,0.042462804170978696,-0.027322192372589704,0.0,0.010800232878676264,0.002155789678190745,-0.003333322409481365,0.21827414239204512,-0.016666749450892193,-0.010683464831824141,0.026717623938536716,0.03727269645411546,-0.03246755391407974,-0.009966767935156495,-0.035805652642186936,-0.046242798863198153,-0.006172839506172867,-0.0021496622492330753,-0.04355718312888468,0.13397134906771258,0.22384099836940652,-0.0017006543438535804,0.030272471781440657,0.004048614768657144,-0.04109584586996584,0.0025063081584120184,0.03225808436366906,-0.02745101031135111,0.0,-0.05411369043634806,0.052208835341365445,0.00223548480543756,0.010204090798779264,0.18736839294433594,0.03836926726253398,0.01111110031850071,0.014705882352941124,-0.025210182787227198,0.0,0.04385971241490516,-0.004784684628674429,0.0,0.01410251974197485,-0.007680520580173877,-0.024122836599720143,0.011029383406095494,-0.014630941076946957,0.07305934315637796,0.009569377990430672,0.042345250969175297,0.0,-0.042253482107650564,-0.022620777463892128,-0.014010494425848785,-0.05145628380161982,0.029106001694605865,-0.0048750320766746125,0.0230802347009742,0.14414411221567636,-0.0069625138407265474,0.06611562674373062,-0.007679171026137355,0.011180021135277274,-0.04504503267237803,0.01098903813484653,-0.01047396523106714,0.014174635151272152,0.009280514057203426,0.12570773210175923,-0.03811320053670253,0.013071787752939157,-0.0361445445698767,0.0037313396321503323,0.008928593886168734,-0.0334190516542725,-0.003964317269387618,0.012578604092237322,0.02138365790849739,-0.03289473725487979,-0.03004596514534552
2020-11-23,0.010810800361494177,0.013238301270970254,0.04588010473991955,0.15789474509759627,-0.003156925842466962,-0.003226696315449029,0.09698983031403619,0.2874999130765632,0.1334746064502128,0.023757456954001777,0.00929362692084279,-0.057843991474295864,0.01677858828245693,0.010067104428777007,-0.007957552133036838,0.1272727522311463,-0.08695652173913049,-0.00236959931049463,-0.01518031109567164,0.01687762049171604,0.015151552682972858,0.0,0.007835447934099626,0.016129012228575546,0.0,0.0,-0.023437538805105684,-0.04032258188563265,0.06818169446135425,-0.02101546660535092,0.08778625954198471,-0.02230476838394635,-0.012432000686467659,0.13652482254513187,0.016166321684704332,0.06593408992659677,0.05797101449275366,0.023399257642694904,-0.0051281399217095736,-0.025210158955061512,0.0048076878990646055,0.007326000288198298,-0.018963289686958484,0.015479861306820109,0.02696637472801533,0.04000001387162633,-0.006974056763938696,0.03829787016005448,0.09952606635071093,0.10249996185302734,0.0041322273338813,-0.0018382773486487203,-0.015562882849670001,0.001776154856378831,0.004094161717386857,0.04343437593380606,0.06674827614570988,0.013282754882177006,1.2204724217283056,0.02673090818142665,0.13759697259495351,-0.0064176861700944166,-0.0049139529130912685,0.03883645243543077,-0.01086959177630653,0.03281265907423836,0.024315496218347166,0.02026896444659876,0.1348088787629922,0.012553714846268882,-0.010752657603509852,-0.05625002002343504,0.11895908045944403,0.0,0.06382978993230615,0.0935322947804409,0.03726704487356014,-0.006157659044279784,0.013605429378242606,0.0010932499530982298
2020-11-24,0.00802138270408359,-0.004020096745708579,0.0380482610734767,-0.045454570084564105,0.020706461179167857,0.027245770192661167,0.006097541683409036,-0.17799351702057942,-0.12710277391777347,0.082279078565487,0.014733039239835488,-0.03488375835527613,0.07920794883857374,0.023255791848698415,-0.01604276540816718,0.08602148676927501,0.0,0.009285257880035092,-0.022157952480190257,-0.04564316863312201,-0.07569296689601279,0.0,-0.008746370546310778,0.06746027096054275,0.028571477012028668,-0.09999997764825852,0.08000000000000007,-0.008403313529497414,0.0,0.007751542673174683,0.04561403508771922,0.08288980282829161,0.04799367858744552,-0.014040511371785414,0.05909085145666704,0.010309268214748757,-0.04109589041095896,0.061371491489304875,0.005154573294801956,0.19827588421694653,0.02870822184792665,-0.0072727203369140625,-0.0025773785017727535,0.03201220121626913,0.04157550330055826,0.020979034037302835,0.03443582640330334,0.06557375592987147,-0.05603448275862066,0.04421772753026465,0.03292177839847277,0.005524900691852963,0.020267653310632294,-0.005319101716554586,0.0,0.009680579110193266,-0.006314358860992186,-0.00249693597904721,1.141844008807284,0.01579173946589174,-0.005110754496883918,0.0024696905181669226,0.020987577474519403,-0.005600213441081414,0.0,0.061747453274840325,0.004299153150284951,0.006977431957247537,0.010638385592057098,0.04610642222590422,0.05217406197995467,0.006622510282393357,0.023255791848698415,0.0029496430794218043,0.009999990463256836,0.02729756114492976,0.029940163359560623,0.028500682107603703,0.046979918178581936,0.06325086231671273
2020-11-25,0.00265251737767902,-0.009081751157785645,-0.00043117473896958636,0.023809572804273094,-0.039379434151595394,-0.02941176102294596,0.01515155026031878,-0.003937004178520276,0.040685236427499216,-0.03118925387071325,-0.04355721197565654,0.0313253360269341,-0.021406730801666773,0.03896108017862199,0.02717388663546627,0.04950490375089078,-0.006802721088435382,-0.010911470216429797,0.02364529705466545,-0.034782575524371584,-0.07727797813126913,0.0,-0.01960782480441492,0.06071878563236899,-0.01851858828892705,0.0,-0.0666666855046778,-0.03389835302872812,-0.02127655960120023,0.010059347617345171,0.003355704697986628,-0.023174244757200313,0.0187687691987819,-0.007120265042985907,0.02145931003093504,0.010204071702683226,0.11428571428571432,-0.00680240649628483,-0.015384581743047576,-0.014388475634778741,-0.009302316297383983,0.007326000288198298,-0.005167953880604426,-0.002954206939861259,-0.0147059177091301,0.0034246051886412943,-0.002190034252545048,0.02307695300154977,0.08219178082191791,0.04017371162069239,0.01593623984263237,-0.05128208935020018,0.01549446516809505,0.0409982198929828,0.03160035195538713,0.001917497939039503,-0.036395307624133455,-0.001460152207539256,-0.10596024346484412,0.009243647117331388,-0.010273905283543994,-0.0024636061733600556,0.04836772004464995,0.012176619924500587,0.01098903813484653,0.0067567406893058735,-0.006513957000476189,0.01972856654908206,0.01666657405895866,0.020370314765464137,-0.020661313226504885,-0.013157882353605488,0.00974025069249751,0.004117874328263937,-0.029702942250534492,-0.026350722558232675,0.16860462617977334,0.002409578750574015,0.07692300168250155,0.007446675541831871
2020-11-27,-0.021164001140624777,0.018329970546806962,0.005176781404396369,-0.04651165208409025,0.0029813379391667727,0.008657961464437092,-0.032835798020891316,-0.023715392671163626,-0.01851854940646036,-0.00402439130989285,0.028463016301768507,0.004672902233012088,0.06249993791183073,-0.00937499091960503,0.023809501283202916,0.01886802001456611,0.03424657534246567,0.010058407034226002,0.17998070867088511,0.00900895714943828,0.08875000476837158,-0.3781942159182311,0.011999988555908114,0.07359813417884653,0.00943393849868146,0.3888888336994052,0.023809564657252924,-0.052631530515153124,0.0,-0.0011715498673163793,-0.0033444816053511683,0.013299641589406885,-0.03831978745642051,-0.019920318422350647,0.0777310646571121,0.04040400148252998,0.0,0.03538798619205297,0.0,0.0,0.032863816658137424,0.08000001040371973,0.022077932533113964,0.016296316076207962,0.0,0.061433487756969773,-0.004170403081529495,0.022556419567311803,-0.00421940928270037,0.018789176055248547,0.01568625984353189,0.010617819883870894,-0.013693305870088879,0.0273972334300725,-0.00988136649468807,0.008612454950295279,-0.006594568460252304,0.02172552619036372,-0.04999999558484125,0.0033305714581381984,0.19550169593700728,0.027925541347007865,0.027681608333638197,0.031769941690881875,-0.01086959177630653,0.011505316372826035,-0.016298177975029082,0.025009452140201338,0.09316164865826115,-0.0181484969809107,0.05907169512603794,-0.016666650772094727,-0.0032154311255848667,-0.0005856092736572505,0.10969383162491009,0.04161923960774816,0.3731343301286001,0.0012019506308464933,-0.01190469432579655,-0.02701784526446649
2020-11-30,-0.0027027000903735443,0.002999973297119096,-0.0244635445148359,0.024390220854836775,-0.008174354205805812,-0.010461382808600317,0.027777773095056135,-0.11740889007851496,-0.01048222032176016,-0.10909074375159666,-0.06088559392266657,0.06930234628991938,0.011764694882648863,-0.02839121464410499,0.012919946308380892,-0.0833333609280752,-0.013245033112582738,0.010279463440911796,-0.0032626138082503253,-0.05357137839404824,0.02181395861666635,0.03835620618846325,-0.01482209686032887,0.14036976207648877,-0.004672826115632578,-0.009999990463256836,0.03100777104088892,0.023148147739337155,0.02173909270276675,-0.01348975513389472,0.006711409395973256,0.04682523369296554,0.009961694447576663,-0.07154472364185727,-0.003898631672582975,0.20388353784478386,-0.02564102564102566,-0.050716647776891555,0.031250012852251485,0.0,-0.018181800448205276,-0.09090908361130767,-0.03430749489869056,0.00583089811581905,0.021321941026122948,-0.02572350915101096,-0.020498191045282832,-0.007352950290624327,0.025423728813559254,0.018442556073801075,-0.03861000306814344,-0.04775549066360152,0.0,0.038333336512247795,0.014970021125503052,0.0,-0.05250463693225027,-0.023512605386764363,-0.14230019547534534,-0.017842179894831833,-0.046309642543552854,-0.02314396898690574,-0.039281628436282134,-0.03299097631110404,0.15384615960436143,-0.009478691892064406,-0.025138060315369026,-0.006997533670559886,-0.05077064438607637,-0.021811835937804225,-0.11752976989882713,0.07796610690026196,-0.009677410423445276,0.0,0.1954022812109384,-0.06157204676419137,-0.03985503459272188,0.010804340145521785,-0.024096362008327765,-0.014058618827723413
2020-12-01,0.0027100244737636725,0.01495519204367457,0.033436146082114204,-0.023809501846360326,0.007492466198951275,0.004879405371507994,-0.06306310739328336,-0.013761454344538682,-0.025423705697709242,0.045351168186862356,0.029469472305223787,-0.01043936588573624,0.055232622611840476,0.022727329024459175,0.0,-0.07070706280113892,-0.02684563758389258,0.0014308652720063098,0.016366570556967552,-0.018867995824705996,-0.01011226997428083,-0.018469676378811695,0.01003003260953883,0.026717770626072168,-0.03286388479924962,-0.0909091237491153,-0.0375939835247151,-0.036199146181009056,0.0,0.011296013870516264,0.016666666666666607,-0.010165982963589837,-0.013657078983912885,0.05253943760606705,-0.04696677919463421,-0.0967742286950729,-0.013157894736842146,0.029035838034427552,0.020202001671489445,-0.08759124405160879,0.2962962227103181,0.19629628223319795,-0.015789458824326585,-0.014492739601511984,0.041753613957810076,-0.0033002797570629294,0.01552657316108208,-0.7342592730511905,-0.05371900826446285,-0.059356058734443384,-0.0240963624697752,0.03911728978966833,0.0023801875547972973,-0.04333868059388346,0.04031463562795934,0.013282765069208002,0.01783447571397434,0.002093850341976955,-0.1659090916479915,-0.00802702586507642,0.018209386115792148,0.023123783410279763,-0.007009486144989419,-0.02805169414237818,-0.009523768126867505,0.013875768459858273,0.011330128564557729,0.006305056233625761,0.0009551292594707217,0.027211063818994408,-0.009029390369036161,0.03459116125365291,0.01954403338854238,0.002930515908430298,-0.0076923006385033466,-0.032573236996102484,-0.05283022636448742,0.007125827244504279,0.006172745025411208,0.022850005473217028
2020-12-02,-0.008108100271120633,0.007858538438882068,-0.002128697348709241,0.024390220854836775,-0.025037191884280774,-0.02454817364101569,0.01923088369422321,0.027906948892152172,0.01739128812274293,-0.006507255022222935,0.0019084407096647826,0.010989023059289504,0.06060604468362496,-0.009523875841295881,0.005102035851341613,0.03260866396255957,0.096551724137931,0.00957822695084709,-0.036231844737923846,0.033653884068044704,-0.06356417627061406,-0.03225808436366906,-0.010923501490648913,-0.1700743591124183,0.0,0.0,0.07031241773317576,0.05164321224743529,0.0,0.007054573922679275,-0.016393442622950838,-0.05443351550407183,0.01384617732121396,0.039933404655263516,0.03490761402234188,-0.05357137915431087,0.01333333333333342,0.029345492545057805,-0.009901020288257012,-0.0800000190734863,-0.08571429057997104,-0.07120743582517408,-0.018716559642861674,0.06470581882965365,0.008016120345677225,0.013245020146527287,-0.004431645685916918,0.0174216674011598,0.004366812227074135,-0.04598933557564089,0.0,-0.0019304541266529363,0.001582862326019674,0.006711402952518153,0.016068060257073746,-0.02902625568900641,0.08573219300738022,0.021730064819564632,0.06539509660694631,-0.015758109165446288,0.028315936932217456,0.015375991699974723,-0.022352999366299642,-0.0015599447601315486,0.0,-0.03798954495479545,0.0005794637038287753,-0.011701802795087368,-0.006679391791688194,-0.012141264438995991,0.0318907005135316,-0.03039510814348012,0.022364195106523654,0.0035067302526836652,0.04263571192529114,0.07239052883555042,0.02788841972460654,0.02004717989042648,-0.006134876000100209,0.010910054199817054
2020-12-03,-0.00544958597022982,0.07699804524654708,-0.013651597565374263,0.0,-0.008136225908137784,-0.0055309682728558185,0.0031446438257392018,-0.013574647453366007,-0.008547000709448138,-0.0043667368704473075,0.02476192656017484,0.015217407837377905,0.005194758870264993,-0.0096153757981291,-0.01269034304318195,0.08421050980480738,-0.04402515723270439,0.016878085969736167,0.04594824652993745,0.013953452886537043,-0.032727270415334964,0.04999997880723739,-0.011044142194371998,0.09070546340494401,0.014563131666499807,0.0,0.007299344596003232,0.08482141298603008,0.0,0.01401044728707812,-0.050000000000000044,0.028240458965634874,-0.017450720074742576,0.015199966430664125,0.019841251069335764,0.018867906138356094,-0.013157894736842146,-0.01644730129173,0.0450000596179978,0.04347832396711104,0.05468754220055505,-0.009999990463256836,0.023160772855571166,-0.035911569097262896,0.05168980938364287,-0.016339869077347524,-0.007567375006820698,0.0,-0.004347826086956497,0.010089703118622007,0.012345666899427288,-0.02611222957246251,-0.009482326222784443,-0.038333336512247684,0.012093033901480643,-0.00771455396228693,0.07319881379536919,-0.0051124742780978005,0.06138107526045089,0.0008652491523237771,-0.05652169597511947,-0.001642053401305854,0.018050716377919995,-0.004687540569883852,-0.019230815836259407,-0.0004907641075294622,0.004826297519363365,0.006712672071259584,0.0268972242657326,0.0055865101301733056,-0.0044149747052053545,-0.006269586384879289,0.046874954598025154,-0.0011649323580587012,-0.001858778563032626,0.036330991844384375,0.034883781104384504,0.010404642376525608,0.012345607788387003,0.0036830861257026726
2020-12-04,-0.005479446686014522,0.08597283193367611,0.038927111719094354,0.0,-0.00820309197645308,-0.0030589316235264397,-0.006269657690473385,0.050458665929975055,0.004310340840949722,0.046052751648840484,0.0,0.00642398974413938,0.054263577353216075,0.006472485916521498,0.00771207469941948,0.07766994673543626,-0.019736842105263164,0.01855673249234857,0.00638971924905718,-0.03669721399350001,0.06140353969726098,-0.02645502698898372,0.008121819351048387,-0.036961051164358216,0.01435403030670468,0.0,-0.014492808374494848,0.1728395429961136,0.3191490055656956,0.01324137671629444,-0.0035087719298245723,0.0024647141390401472,0.013899637670032883,0.03624901917712098,0.1867704402886219,-0.018518500803374915,0.08000000000000007,0.012263079768491725,0.009569331350537613,0.058333275384375494,-0.059259290001846376,0.030303001111897654,0.02796265711180701,0.012894004633518197,0.028355405755974283,0.023255775638519882,0.02108102077271745,0.010273944076022445,0.013100436681222627,0.047169831291736575,-0.016260146842582146,0.03177762246239291,0.005185341807887545,0.048526899607266305,0.08731615802137815,0.020408167048151737,-0.034371600673750224,0.007605322102363088,0.04096387286441594,0.033290190918707996,0.04608284265082374,0.006395987436435435,-0.001182347414846463,0.0047096170910669866,-0.02941177059858091,0.05030670939844972,0.012295914861102819,0.015002732606263391,-0.023386360212621193,-0.013703763609170583,0.05099765428165992,-0.0015773231295197476,0.020895574225114677,0.0,-0.01117317394007622,0.024020788408207094,0.033707832059029164,0.0011441909775424808,0.02439022120941492,0.025857644405237634
2020-12-07,-0.01652897501557271,-0.02083333333333337,-0.012073305406316126,0.0,-0.0020676561206594,-0.0019525716619072098,-0.0063090420039377815,0.1004366912248218,-0.027896918854182773,-0.035639778765936714,0.0,0.02595744169194747,-0.01715686618250556,0.04180068129452863,0.010204071702683226,0.009009000301245074,0.006711409395973256,-0.005212544268633712,-0.03412700903608956,-0.03809520176478798,-0.06493508540676796,-0.008152153350003966,0.007049314468573931,-0.02132178199234902,-0.03773581397424408,-0.24444441648177084,0.0661764905251987,0.22807017543859653,-0.12903213510447675,-0.0017044384872180185,0.1901408450704225,-0.016157242224409285,0.005331279071904227,-0.0509505776220569,0.1836065414867485,0.02830185920753414,-0.04938271604938271,-0.014317170282528102,0.03791473344630836,-0.015748016714081325,0.01181101253556105,-0.0163398540036791,0.015544088815740986,-0.01272986568637402,-0.011029401130226768,-0.01948047042154266,0.0032944996408967864,-0.75,0.004310344827586299,-0.008479159917580747,0.0,-0.03272378646324059,0.010714405139274241,-0.009917424417371978,-0.0633981407300841,-0.020000003633044994,0.040600379913755535,0.012239870838802958,-0.04398149297929055,-0.0037656618648711504,0.01762112554334805,-0.02905376083039768,-0.002366745849154195,-0.028125164499164468,0.0,-0.01682206087369953,0.0,0.014142363807822411,-0.0220306311028855,-0.015020496249382731,-0.042194083883712485,-0.004739294365366686,0.0,0.0,0.11676080833148572,-0.018385438239551077,-0.028985479703797723,0.0114286150251115,0.011904807858458266,-0.023209391371567856
2020-12-08,-0.011204471316808573,-0.005957420836103733,0.01601364844501152,0.023809572804273094,0.0005179850451138002,0.0019563916568159367,0.019047642992570113,-0.039682502138671416,-0.01545257580999948,0.010869948625753079,0.00929362692084279,-0.004147661005090231,0.0399002914850517,-0.04938274239498086,0.07070700259442764,-0.017857125751218117,-0.1266666666666667,0.001780489554285225,-0.01807723576428788,0.03960392113094824,0.010101000370632551,0.021917787316727333,0.0,-0.010893330025865788,0.004901948256873512,0.25000002191347215,0.0,0.10000000000000009,-0.055555746122392,0.015366734645417157,0.10946745562130178,0.0,0.028787887873618967,0.01121797663925772,0.060941837951047795,0.027522909692437203,-0.012987012987012991,-0.025698357139148587,-0.09132418905897566,-0.039999961853027344,-0.02334628184360832,-0.009966767935156495,0.016581586106327872,-0.002865326772473087,0.020446032404718206,0.02317876946711328,-0.015542845732775645,3.0,0.01716738197424883,0.08979157602257737,0.0,0.016915430155978406,0.014526906242887883,0.030050135568232328,0.005415200363704464,0.015549062002454761,0.012827727419885804,0.008262794361904913,0.012106467920636854,0.012179673569193916,-0.03318902001474322,0.012530344015126094,0.013048545897928587,-0.03215419148329035,-0.010100966314309456,0.02661589612177906,-0.0172707714641408,0.0013495413748958462,0.004897122349229566,0.00038126214671962977,0.008810617325563541,0.009523800152860362,0.02339179003549785,0.0011662910081930988,-0.05564922989188503,-0.01808396423661829,-0.011194018896451219,0.014689170074929647,-0.01176475076114425,-0.00757962360353559
2020-12-09,0.016997151066808325,-0.0599315706035779,-0.023227027636742448,0.0697674434722726,-0.016567444429452127,-0.014504894065006768,-0.009345848459975103,-0.04132237185888454,0.00448430061781413,-0.006451950589713151,-0.014732951424518137,0.04123281585730587,-0.062350173651054,-0.025974001846660322,-0.03301883821769058,-0.09090911061310525,-0.05343511450381677,-0.003757899147090127,-0.043514578102976986,-0.023809523809523836,0.12874996662139893,-0.021447701164178157,0.013000011444091797,0.07819384248704297,-0.004878036374968198,-0.05882354178643112,-0.04827582699128952,-0.3740259641176694,-0.019607809985303648,-0.017937057849294002,-0.16533333333333333,-0.009639479958862829,0.027245941652266792,-0.033280513478811224,-0.0522192723888123,-0.026785689577155436,-0.013157894736842146,0.008027485347008367,0.0351758267554938,0.02499997516473229,-0.003984059960658093,-0.013422805905036084,0.03513177128974765,-0.004310374948839346,-0.001821448535805903,0.00970877501983125,0.008450029260572034,0.01694913317145752,-0.029535864978902926,-0.05934277198100102,-0.00826445466776271,-0.02544033484232222,0.02515467815092598,-0.017828222391283455,-0.05565528424159394,-0.04401914320985245,-0.005804947745498112,0.002998231651786032,-0.014354053886023399,0.0240664013869214,-0.008955262530995767,0.029183577896288337,-0.01639317967623022,-0.006644603846696628,-0.05102039326831065,0.006018115365554966,-0.0046349123320320595,0.002425845783138536,-0.014619840269987194,0.017530627960702816,-0.0021833304893426053,0.012578604092237322,0.008571420397077256,-0.009901122527407824,-0.04107143267685065,-0.009866273995122965,-0.033962320509053345,-0.008908677926962594,-0.05357140829773899,0.01175665288709693
2020-12-10,0.025069680985971843,0.017304238795889715,-0.0033969356206609014,-0.043478283404402185,-0.009476151580469883,-0.007076166267030448,-0.0220126785388558,0.03017248865327926,-0.017857125751218117,-0.045454447610483784,-0.018691571292548725,0.0,-0.017902735947815773,0.006666660308837891,0.019512176967531936,0.0700000524520874,-0.056451612903225756,0.0034152994838860806,-0.006124207607634213,0.029268311291206217,-0.13067551087848828,-0.016438314359482065,0.001974284685431149,0.029621960467339337,0.0343137001297682,0.0,-0.014492808374494848,-0.08713694390994275,0.040000058762936774,0.009703165445463569,0.08626198083067083,0.019827077229115586,0.03082439505771095,-0.006557370898096271,0.053718988180481375,-0.036697212923249456,-0.026666666666666616,0.06712165314120289,-0.00970869097231808,-0.008130073421291018,-0.04799995422363279,0.003401357234227742,0.012121258359966802,0.010101035121981905,0.0018247722645754472,0.04487172041497556,-0.020286594305413463,0.02500005217809842,0.01304347826086949,0.02606882127447485,0.00833332505491069,0.028112422881404475,0.03812773456560237,0.0,-0.0009505920576701188,-0.012012000831672753,0.019639241940713426,0.028298090081893656,-0.04126209771782485,0.0036466500147103176,0.05722890293980498,0.003948394113674647,0.015475978424485781,-0.023411210220973033,-0.03225806924173369,0.027841801901488106,0.0032983463419096193,0.009769686925397814,0.02274973120751822,0.0014978359902615423,0.01750532563767937,0.10248444744532637,-0.002832858511134684,0.005882584978507133,0.03910615318851329,0.015278977613825795,0.2539062929281508,0.004494377928932147,0.0,-0.007633600629609494
2020-12-11,0.02989127529901281,-0.016114619869859736,-0.020025590454908704,0.045454570084564105,0.0021259645484004164,0.0008551941473537994,0.01607720740647789,-0.05439335093507458,0.011363571094088698,-0.04988647490638487,-0.028571446736653683,0.007199992372742825,0.013020799702241792,0.009933765423590035,-0.007176969905071773,0.009345785021542818,0.02564102564102555,-0.008940867213890202,-0.026408494058788423,0.0,-0.005095536603691109,-0.06963788004849658,-0.0029556388274559753,0.00099217913529559,-0.028436007247322204,0.0625000139698384,-0.02205876784341043,0.03181821649724781,-0.05769232777065114,-0.019785049377544883,0.17647058823529416,0.03075284832678382,-0.04242000360380127,-0.03630359608398659,0.06143788030489894,0.09523807721703914,0.013698630136986356,-0.041577671799578164,-0.009803951168829372,-0.01639342660450327,0.0,0.0372880994297593,0.016766393203900165,0.024285725184849394,0.038251374663391235,-0.02147235853849816,0.006977196014461118,-0.004065075033080734,-0.012875536480686733,-0.010670781939269514,0.0041322273338813,-0.007812492724042275,-0.0021819081323785072,0.023102288417082395,0.003805895431201467,0.036474129772176234,-0.04324924831830412,0.0071705960760366505,-0.030379777855453316,-0.008074316374967805,-0.03561247433112735,-0.015195051017291794,-0.011723299521226638,0.05821901517705519,0.0,-0.012760168559491025,-0.002320938646006576,0.0028404019565271277,-0.0009671376405095966,0.0007482559015030699,-0.006451503590151342,-0.019718291319166026,0.017045438382004896,0.004093469927016979,-0.06989245014658896,-0.0510359919402974,-0.04984426290631794,-0.006711349972995273,0.03144654163496252,-0.02564102564102566
2020-12-14,0.01319259968853359,-0.009099129197273514,-0.011739256577614876,-0.06521739271277516,-0.0185627422483593,-0.01680433398946546,0.003164546842889804,0.013274323679807187,-0.02247188964466096,0.028639495603696385,-0.023529389765297948,0.004765631148790472,-0.08740363762599002,0.0,0.021686668357236316,0.009259250061012025,-0.025000000000000022,-0.0192731281839984,-0.05877036603388064,0.018957327549697922,-0.026888609434769672,0.026946038025905672,-0.026679793195910628,0.00396424413168206,-0.01463417115250254,0.17647055523618382,0.015037555167308314,-0.08810572391104265,0.0,-0.0005766874938477606,0.0,-0.03537093595920926,-0.0014524660202458461,-0.0034246541787590346,0.04679804430991741,0.16521736967090428,-0.04054054054054057,-0.02002225778227551,0.029702982682361823,0.0166666501098216,0.02941173524239149,-0.01960782480441492,-0.003533537547697807,-0.05299862069699357,0.07017545767584887,0.025078406080747184,0.0029056588665556937,0.12244899724476044,-0.02608695652173909,0.03800718013434112,-0.012345666899427288,-0.013779467692029312,-0.057944546771536265,0.03064517146218737,0.0028435765335377283,0.009775208792224932,-0.013781544714035143,0.015201021402234893,-0.0678851163557389,0.02116410828097104,0.017725334773126544,-0.012706419228732058,0.026097279284841957,0.006472412295760899,0.03333333837922914,-0.03333332091917418,0.005039904311548771,0.007523441749560877,0.012584757991998652,0.0018681885051718972,0.0995669657904692,-0.022988483697581663,-0.01396646742509522,-0.0011649323580587012,-0.00770712165934917,-0.011721405221953418,-0.1213114397848073,0.0033783482640281637,-0.012195052453833122,-0.11017541718064694
2020-12-15,-0.02083331393077925,-0.012855862158773546,0.07831054127634896,-0.0930233041681805,0.01594165519517099,0.017960613553516414,-0.018927470612854047,0.0,0.020689690703681318,0.002320145603861512,-0.008032120823258437,0.005928936487662906,-0.0056337528724402786,0.02950824721146006,0.011792498451403732,0.009174302896359121,-0.03418803418803418,0.02576696089792785,0.04899131609744867,0.04651162790697683,0.003947396076947607,-0.037900853235469434,0.022334954805521168,0.11056269272034935,-0.009900965168791576,0.0,-0.014814777138792423,0.019323652356883825,0.020408127351845273,0.023081416070044325,-0.04249999999999998,0.13207539592359918,0.023272705078124956,0.03865977628800299,-0.022352891809800046,-0.09701489262089746,0.0,0.028376955436125506,0.01442304480005352,0.07377041972026466,0.020408143405366452,0.0,0.010638315860764802,-0.0029455053076400395,-0.004917989088558561,-0.01223246227970265,0.023400921957168475,-0.0472727076566819,0.022321428571428603,0.07224151696983538,0.02499997516473229,0.008981955569058009,0.017408052647065908,-0.012519550137338853,0.008506630740727328,-0.007744426359816758,0.06651777364903544,0.0022745024715637996,0.16246503444547478,0.04782784641544646,0.04499271246598102,0.04283893495509061,-0.0034681564801116727,0.011254064463969815,0.0,0.007975701210027442,0.05130197359266053,0.0019327173606624726,-0.007648205248396156,0.021260613953923535,0.03346455545470439,0.04264705201746288,0.01416429255567353,0.0,0.007766982740254447,0.07418601457462759,0.04104473595365432,-0.012345640691474924,-0.024691392183120553,0.037460521795218193
2020-12-16,-0.00531914387692578,-0.03720926684002546,-0.03345536554914197,-0.025641002128344415,0.01249998299555588,0.0128059411142738,0.012861871299972849,0.043668185465919995,0.02702700090373522,-0.01620360666296561,-0.05060728686320404,-0.056974519969420157,0.01983003164505659,0.0063694204644377805,-0.05128200283167916,-0.027272700672307915,-0.026548672566371723,0.04626516908792855,-0.04395600428839064,0.03111114501953116,0.009174271792176558,-0.006060629179983401,-0.009930430072089047,-0.04444450241591258,0.02499999999999991,0.009999990463256836,-0.007518873190098363,0.018957327549697922,-0.01999996550871108,0.007332095480697243,0.018276762402088753,0.007547450703978997,-0.01066095392919253,-0.011579846282531836,-0.002406793833181875,-0.041322339018860954,0.0,-0.002207380518426283,-0.004739351036740502,0.14503821795390248,0.019999980926513672,-0.006666660308837891,-0.029239765429585618,-0.05169865666449658,-0.021416822201726027,0.14860679103524865,-0.039851863871931736,0.03053431522030947,0.03493449781659397,0.012921120704185718,-0.028455256974518672,-0.008901998216600648,-0.0003800628302276232,-0.011093529682433267,-0.016869756690601756,0.000975632086032796,-0.004193286553973441,-0.014561279164344687,-0.04096387286441594,0.018638300498305727,-0.016666647038419025,0.026974342814830354,0.07308591670767228,-0.004769356630701771,-0.043010783404602515,0.009503386312964102,0.0007338129375180635,0.00894341618389527,0.013487480839048382,-0.023739820583564164,-0.034285637739310704,-0.012693956368257653,-0.03910610879026677,0.0,0.019267804148372925,-0.022948638019244627,-0.021505356128998288,0.020454471318191336,-0.025316491606066638,-0.0401938028639518
2020-12-17,0.07219257183331829,0.014492716232052283,-0.02701594280410735,0.05263160784158716,-0.004990817400139069,-0.0039336720721608875,0.13333324085628084,-0.025104677223654726,-0.0021929281074908324,0.016470487971604664,-0.02345418596425264,-0.04124991810661538,-0.02222220063700142,-0.006329107716228521,0.031940941553005864,0.009345785021542818,0.036363636363636376,0.02069738032432089,0.026819928504874913,0.008620640043698113,-0.03896100276999048,0.26524393186904005,0.008024064349388071,-0.025116376044219568,0.01463417115250265,0.009900980750178201,-0.015151477203040775,-0.004651180533475685,-0.020408257704406685,-0.007838950845270753,0.02564102564102555,0.08895093156386458,0.05100574958732351,0.0259414581225641,-0.010856472014720397,-0.05172415683064424,0.0,-0.015486983130819865,-0.004761844240562918,0.0,0.0,0.0,-0.014457817204996615,0.018691570737231933,-0.04208754168210971,-0.021563322640527405,0.012247727900430938,0.014814797901116838,0.03375527426160341,0.003189052045155627,0.020920481222442833,0.014970021125503052,0.029668977479758496,0.02083335243738693,0.0057197732055149775,-0.005847993984229971,0.028421469308930858,0.009211274930228663,0.012562861933478775,-0.00858849405301143,-0.0550848870767231,0.03313324010675345,-0.017297341630698848,0.012779555809014465,-0.011235982575773296,0.015228300509471548,-0.002200011636610766,0.029547245458381832,0.0342204972500848,-0.008604633646302928,-0.003944740879135988,0.007142884390694659,0.04360460885284212,-0.0029152454492475943,-0.030245718065386007,0.012186998095356172,-0.07326009021479507,0.002227222581649535,0.02597406377356548,0.02098797220426052
2020-12-18,0.0,0.0,-0.0503253406668277,-0.0750000018626451,-0.007919703180882753,-0.01015515164362868,-0.08683468439513109,-0.017167366164289044,-0.04395610499304026,-0.037037005625006225,0.0021834561241091954,-0.08735338171253004,0.11931810844125468,0.009554130696656893,0.07142862008542661,0.009259250061012025,0.00877192982456143,0.019562031466930252,-0.03078357511863694,-0.017094001070560583,-0.07432434914145147,0.04819277108433728,0.000995047631049406,0.015267297500612731,-0.019230780987109175,0.00980391240220757,0.023076962202023266,0.018691571292548614,0.0,0.0016931597622913408,-0.025000000000000022,-0.011751142953824179,-0.04989750445661845,0.011419199595007257,0.0499999825547377,0.009090900552502612,-0.028169014084507005,-0.019101198814384435,-0.019138813828790457,-0.0999999841054281,-0.06666660433501082,-0.010067104428777118,-0.07823964785402304,-0.006116202153874872,-0.12653783124573914,0.03030309399277642,-0.014116125420675418,0.0,-0.01632653061224487,0.030426887482544185,-0.00819671330225158,-0.11209442819770188,-0.03915774665679583,-0.021978001412994996,-0.050236940605616676,-0.03725491387713031,0.0005116358953114464,0.015782430385039348,-0.21091813865974218,0.029755179114800745,0.0014948398677654406,-0.017115277657905437,0.00660067728144309,-0.0015773272767279911,0.0,0.03454562813258888,0.014330433484808447,-0.0006752918901862248,-0.028492649122749625,-0.0018867033396765542,0.013861429265791037,0.0,-0.027855127304566296,0.0011693786531667971,-0.005847993984229971,-0.010288993379228839,0.011857696335581869,0.016666624281141518,-0.06329113847646661,0.023465585792591837
2020-12-21,-0.0024938225214576892,-0.03809520176478798,0.034719213228002976,-0.027027000903735332,-0.017030344942909226,-0.01567399993463703,0.012269814791281197,0.030567656947100952,0.00919539373102718,-0.00961540760186097,0.05010893495151847,0.11904765827602448,0.005076177763606138,0.009463713144399533,-0.028888914320204018,-0.03669732095175382,0.06956521739130439,-0.03079227739191459,-0.005774793222175112,-0.034782575524371584,0.05109487730005191,-0.12183906292093216,0.09244525971271278,-0.017857079008160692,0.049019544900388734,-0.15533977773369478,0.0,-0.00917425975184516,-0.02083329868014261,-0.02028166766323425,0.012820512820512775,0.003480379724557059,-0.019424425287711156,-0.03387097493666913,-0.03600458516882421,-0.018018001247509186,0.0,-0.02978234080898201,0.034146369648150765,-0.00740740021233377,0.03781508816878909,-0.11186445992899008,0.03183027177315001,-0.016923097463754533,-0.018108587434620738,-0.01336898341177939,-0.014090836103239024,0.0021897574644798024,-0.008298755186721962,0.022036138749732537,0.012396682001644121,0.058693322515871005,0.005382479638514459,0.030497601386639372,0.007984023957211539,0.011201691829943794,0.04092089911107388,0.032197702726673105,0.22012579653733755,-0.01719088281495207,0.02089564502315966,-0.003888556134028054,-0.01639365783468849,0.007898936257221045,0.0,0.036467399508384624,-0.007425964025013498,0.014781653932105732,-0.018921464503944385,-0.017013260872222435,-0.017578237958401965,0.015602787759042558,0.04297996990187469,0.0,0.15098039124022078,0.06016370882071764,-0.023437478172126713,0.013114846364624677,-0.00675678244466027,-0.06281387675148997
2020-12-22,-0.004999995231628418,0.01980196056547401,0.02958031356321933,-0.055555583150297405,-0.0027070776603453917,-0.0014476301234627176,0.05151523778249745,0.1440678676700049,-0.011389456815116494,0.004854412410099318,-0.008298746976857507,-0.10638301004930051,0.07323231289379706,-0.015624984866008385,-0.011441582427251795,-0.03809520349480777,-0.008130081300813052,0.00825651445525466,-0.04162629937741902,0.04504504349699823,-0.03472222314204698,-0.09947641783157235,-0.023657892110709566,0.07272732000717719,-0.028037313207575854,0.5172414312842719,0.007518777583654268,-0.023148147739337155,0.02127655960120034,0.020126432676002226,-0.025316455696202556,-0.0005782200917259228,-0.003668392539622034,-0.0025041514288398625,-0.08554217130495156,0.018348606461624728,0.02898550724637672,-0.0023613558644404176,0.0,0.1194029571909665,-0.012145737264080192,0.04580157603787627,-0.0038560679947704513,0.006259775068669482,0.006147486120423595,0.005419971272953017,-0.010373416123037882,-0.016751599247498805,0.03347280334728042,0.06382059112343486,-0.020408143405366563,-0.04393306044549161,0.011089882328634282,-0.014018715189773712,0.021782109410423356,0.0010069763242914753,0.009827897232521199,0.013601741173410398,0.1365978652935067,-0.004465964655660626,-0.0014621533715256652,0.02579797515207538,-0.0011110556949155415,0.023510779451907382,-0.02272725161582778,-0.017592202922947386,0.013320864596350956,-0.0009988575594447324,0.01060753539367898,-0.019230707635854882,0.02783309060166972,0.00837988045505722,-0.038461566172910966,0.007593692945488062,-0.017035759213314572,0.0014604567990512685,0.035999965667724565,-0.014023744123123794,-0.06122446463999409,0.01860093005807184
2020-12-23,0.03266334518038039,0.0009708959899661362,0.035592056044575715,0.11764703304297397,0.01004336231779801,0.012757364535176396,0.06916427805769487,-0.059259290001846376,0.07373264598467966,0.016908363266870508,0.010460190732859864,0.033333369946511704,0.18117650349934888,0.006349200101906982,0.0,0.0,-0.024590163934426257,0.01125366709272213,0.01717166021657457,-0.09913797710228045,0.050359768500013,-0.0029070431506559302,-0.008387623742136419,-0.005352599407356884,0.052884540731857,0.37878786373620144,0.014925334893879816,-0.023696682036039474,0.020833431748395137,0.007891779946683108,0.0051948051948051965,0.15529236301147198,-0.0029455053076400395,0.09539751979233357,-0.0039525967332320056,0.09909915005564529,0.04225352112676051,0.028402554146755632,-0.051886801940344895,0.0,-0.040983664223788296,0.010948894629691175,0.01935485101515244,0.029548998801381066,0.014256654549240189,0.008086335959476498,0.010948012361122528,0.0,-0.04858299595141702,0.044183224532508225,0.02499997516473229,0.04485774967302225,-0.017397957648170093,-0.02369669781601047,0.0,0.001006059286116301,-0.028710320538726353,0.010556453015405864,0.117913831954362,0.009719586476739206,0.0014642943945113451,0.0069488747955674945,-0.016685075931183735,0.018376807984582744,0.0,-0.0051779026706177955,0.012605891816099168,-0.0070821404590515336,0.011450414474644344,0.004313751744168259,0.07543514453747369,0.001385073292581085,0.017142840794154512,0.0,0.0,0.0656250317891438,0.011583000920442954,-0.0054704801812607284,0.028985479203023967,0.02163557224054391
2020-12-24,-0.0024331456343007485,0.0,-0.014079008443529717,0.026315764707210976,-0.01128727911024019,-0.0022903336249233686,0.002695335448762437,-0.09842519832859187,-0.04077254580297329,-0.011876650821268986,-0.016563131463710468,0.01105995502248347,0.07768918260424629,0.009463713144399533,-0.05555561074503923,0.019801961500356402,-0.025210084033613467,0.0026045511035037716,0.018867978134624375,0.06220101282952073,0.07397259558135261,0.02915451959892512,0.018796973948468798,-0.0520177681279963,0.018264910705887427,-0.038461566172910966,0.0,0.004854387360093471,0.04081625470369077,-0.006151848654043723,0.007751937984496138,-0.0062579303746335135,-0.0022156375964336172,-0.0007639594167505592,-0.03703700199609339,0.06557377155969979,0.013513513513513598,-0.0011508220032995231,0.03482589879173714,0.0,0.0,0.0036101048852397177,0.04177208137787347,-0.004531681796042464,-0.006024138492660258,-0.01336898341177939,0.005068970514483295,0.0,-0.017021276595744705,-0.02096276827365473,0.00406503671064562,-0.020942387986459976,0.0,0.011326888932971846,0.04069768301491217,0.009045241639510815,-0.0025051075099432607,0.012747897070443548,-0.02434074842544598,0.0022213311094287924,-0.011695987293483867,0.0036148633796935226,0.010180843379525628,-0.019097678732747814,0.0,0.009759076930878852,-0.011203820380967233,0.005706136742670287,0.031132048384840738,0.008590255157930882,0.09352517575093588,-0.017980652019082166,-0.005617972260667625,0.0,-0.01559794677389914,-0.02795699437960497,-0.01908395209933933,-0.0011001351720537622,0.03521126807859276,0.004760033535538666
2020-12-28,0.007317124513698703,-0.0009699542652596982,0.01134025043310083,-0.07692300638503313,0.02555045371984721,0.020659979589727095,0.17204312837135394,0.07860265054832105,-0.04921695761024136,0.019230626472652723,0.006315833643863122,0.018231471482437422,0.08687614831675017,0.00937499091960503,0.05882359128509962,0.048543760111089185,-0.03448275862068961,0.013366719321452392,-0.06432753104011535,0.018018000215478835,-0.07270410211321576,-0.016997124280138,-0.0018450606533337854,0.037842939005323206,0.0493272847099524,1.2857142857142856,0.0661764905251987,-0.0772947015699782,-0.05882355519661575,-0.001688526313349814,0.0,0.004785812782241328,-0.02590676354849286,0.04281348798800533,-0.013736315740073168,0.13846152529443767,0.05333333333333323,-0.0011517998395347284,0.009615337890986897,0.0,0.02564110401662978,0.017985594543473482,-0.009720525899849175,0.04400606299517973,-0.004040400342860351,0.0,0.009170256933022314,0.014814797901116838,0.06926406926406936,-0.0047580862471008345,0.016194316352106997,0.057754004258997016,-0.014626639138493491,0.020800018310546786,-0.024208587935078407,-0.023904359763948557,0.023606212257730297,-0.011363662888271286,-0.08523905453004721,0.03804953962472046,0.022189347542348026,0.020137566261262396,0.05487143175221498,0.004139204764112003,0.01162793552876451,-0.016752417224733973,0.02499988069204484,-0.008677521308036673,-0.021042981223655666,0.007743042905771214,-0.09539473970294354,-0.01126759503952346,-0.014124280467537442,5.857824007859946e-06,-0.0440140858372392,0.01146419309794533,0.023346374613485876,0.029735733483736704,0.06802721176701776,0.001643605998682407
2020-12-29,-0.026634414156498143,0.007766982740254447,-0.003322516802774511,0.0,0.0007951317819407944,-0.004216999385822429,-0.11697247189237703,0.11740889007851507,-0.05647053438074445,-0.03773569765964091,-0.0041840962444885665,0.0017904606110281662,-0.12925169001474845,0.012383889045456176,-0.03009261788777262,0.19444436166021895,-0.0357142857142857,0.0004660491414789636,-0.07083330077153582,0.05752208916449608,-0.026134808489537975,-0.09510089544244826,-0.008317944096702945,-0.11121237622148561,-0.07264955407165152,-0.2749999761581421,0.034482758620689724,0.04712039793483069,0.0,0.0005637502412807471,-0.02564102564102566,0.00451249182913549,0.009118532443044058,-0.0652492903901164,-0.019498589113196463,-0.10810811101069606,-0.03797468354430378,0.05305629453168503,-0.01428568312975731,0.06000002225240064,0.4333333002196431,-0.03533565629981095,0.0,0.002906973923522793,-0.02434074842544598,-0.0460704794753789,-0.008405227456609321,0.003649666087123471,-0.028340080971659964,-0.12868523877078908,0.09561753404327611,-0.006066776292602327,0.0011719235055305255,-0.020376193120540398,-0.01812973174450705,0.0,-0.0009811575940559258,-0.0249336846407604,-0.06818186005284876,-0.014590768696001621,-0.021707668540763003,-0.012036760017286041,0.37367299073336246,0.010686987228730738,0.1724137418045084,-0.0008738779579966494,0.011054319821463432,-0.00875347981565644,0.0018691315639374206,-0.027276283223795272,0.04909094055517471,0.004273534172344773,0.005730653544946174,-5.857789694085902e-06,-0.02209942713677715,-0.026247756428587787,-0.1178707862010947,-0.010695227528323081,-0.03184713414486362,-0.01312741921218552
2020-12-30,-0.007462679485599422,-0.00770712165934917,0.01833331730378296,0.05555550036607193,0.0029130808431052646,0.004517230992395538,-0.14805203243589626,0.10507245030981016,-0.07980053700660439,0.0,-0.0021008883195338113,0.012958047259124417,0.10742191465396989,-0.05504589229575507,0.019093060289627983,0.20155038616418142,0.0092592592592593,-0.0036803787961614542,0.00896860123562826,0.0,-0.011299424374029976,-0.01592356707243181,-0.013979461782811065,0.017435810535868068,-0.03686632515261423,-0.0689655314160863,0.06000001695421009,0.03500003814697261,0.041666730428537635,0.02140846714583855,-0.007894736842105288,-0.013975463405579536,-0.012048181523292234,0.0313725191004135,0.06534091486356974,0.053030312152531955,0.05263157894736836,-0.027382032298514214,0.01449272155761716,-0.05660379338946264,0.0755813913193184,0.02930400115279319,0.020858906043065728,0.0,-0.0228690508987488,0.02840909029334049,-0.017869586205498722,0.03636359432925351,0.10000000000000009,0.06218558074141356,0.0,0.0010173172898728655,0.0046821272261698965,-0.041600036621093794,0.04470359959691739,0.03061226376490178,0.005893903303243686,-0.0018135378169747973,0.03170734572311362,0.0028892165986904583,0.20710054489910545,-0.023391808393490754,-0.07805246861430659,0.0,-0.09803919080599177,0.018583637354938842,-0.008330295794310216,0.014774607648479599,0.03358212065251642,0.018957242819245268,-0.02253028195958129,0.07234038840380763,-0.025641001257505125,0.0,0.022598848748059952,0.02103326023323482,0.02586214781232954,0.021621601001636348,-0.013157882353605488,-0.011834889571153195
2020-12-31,-0.012531316340044119,0.03398052634117854,0.010096856740837046,-0.05263152941442195,0.019540594052273708,0.021079203882993003,-0.01829254178915063,-0.08852458529432616,-0.016260146842582146,0.00980388069261795,0.008421044600637417,0.03661228568027286,-0.06349205815249126,-0.009708728874782357,0.004683836303478017,-0.05161285559170803,-0.03669724770642202,0.002945875250231378,-0.016666694923683445,0.04184100485192799,-0.06714282717023579,0.02589000499305616,0.0009452012243809094,-0.07459659569544286,-0.03349285906324295,0.11111109148818321,-0.02515724829656174,-0.004830936124831653,0.08000018139863063,0.033645926247875435,-0.03978779840848812,-0.0017719269934965975,-0.018292665641127526,0.006083644564774282,-0.006666692097981763,-0.07194249046668755,0.0,-0.015765891746960192,0.04761904403790318,-0.026666641235351562,-0.07027026678716475,-0.04626330201763207,0.00721158916075737,0.028985479203023967,0.044680860993440596,-0.033149191647752096,0.008864175508727534,-0.017543806281367647,-0.06060606060606055,0.008179101928614374,0.04727276888760645,0.00406503671064562,-0.010096975431786559,-0.006677790213931889,-0.023255813953488413,0.03663365065192603,-0.019531762466319158,0.005995603395136051,-0.08274229386628473,0.011883261541913548,-0.09436269944943032,0.013306804291941532,-0.05364640494577966,0.004531685288705178,-0.08695651208134314,-0.010946910438523583,-0.016800723702599663,0.0008367372800068829,-0.009927810229343303,-0.003488359398325591,0.01418418638210861,0.03174606478463571,0.02339179003549785,-0.010434808170109555,-0.02394100215718331,0.0019999694824219816,0.01260502938959629,0.0,0.0,0.011778703907597166
