Date,AIRT,ALOT,ANIX,BYRN,CLWT,CPSH,CVV,ELTK,FKWL,GIFI,HBIO,HNRG,IBIO,LFMD,LIXT,MGYR,NAII,PRTS,PSTV,RCAT,SBET,SGLY,SHIP,TOMZ,UONE,VIRC,FIEE,KTCC,LOAN,PRN,PTF,CREX,CRVO,CRWS,DXLG,DXR,HFBL,HNNA,KOSS,NOTV,OCC,OMEX,ORMP,RFIL,SFBC,WFCF,ARTW,HERZ,HGBL,ICCC,ORKA,STRR,TAYD,WVVI,AACG,ASYS,CODA,FTEK,GNSS,KINS,LDWY,LTRX,LWLG,SLNH,STRT,TACT,ACNT,AMTX,ARKR,ASRV,AWRE,CPSS,CRIS,FAD,INOD,PIE,RAIL,SCWO,SMID
2025-01-03,0.020470808586933842,0.029285113061338075,0.0042195060610632495,0.05967516074396295,-0.014184383971608927,0.01874998183921006,-0.03418800283779255,-0.007207219562437972,-0.008113560606215708,0.0,0.05418725865256868,0.004277176435383945,0.012396682001644121,0.09942638222372957,0.049549501656847905,-0.018595131040574198,0.0069930559615649646,0.01960782480441492,0.04237294385434165,0.10645427255675521,-0.059701495192900245,0.09090906772789697,-0.024147761482332664,-0.00980391240220746,0.0,-0.01375258811397484,1.1250000077610216,0.023980792039083765,0.0,0.03168727582818809,0.018646886187095202,0.07200002670288086,0.04484300617814174,-0.013157778889908323,0.0149812586929019,0.02913904432236003,0.015139354506798597,0.0015551725107398884,0.01886790634044333,0.20047736064832544,0.08735635006249853,0.07256895669034868,0.012448120010641661,0.06806282591804735,-0.02982888112708837,0.0007563748113121882,-0.09375001663076021,0.004255278491066328,-0.01604276540816718,-0.013409903762017006,0.04206310372911015,0.03103177718202943,-0.1472793319786776,-0.011730263714014644,0.02272725117600638,0.005357180414151896,0.006377514403644646,-0.0096153757981291,0.03676467043408915,0.031270764337797186,-4.2791248700546625e-05,0.03931200016308534,0.12037036117212319,0.09174313832990855,-0.00511204697686185,-0.007281488787498014,0.006140407968501238,0.05319152443913078,0.15438865815185987,0.015037623824497581,0.005988018395350014,0.030985909439083636,-0.08726412866326794,0.015059741048748077,0.12202530872972717,0.007272741297129404,0.07023061624455251,0.014492739601511984,0.004543406652877113
2025-01-06,0.024072193048163992,0.004184116446269481,-0.0042017766390675115,-0.08030655878145276,0.028776951269557483,0.11042941599661416,-0.0022123345324943644,0.019963604005702296,0.022494952035120752,0.012676077999545843,0.023364462553857157,-0.024701871167532974,0.004081628681073202,0.005217427792756357,0.030042993113079675,-0.00561395106977669,-0.011574117765748682,-0.02884612739438741,0.024390220263873053,0.07499998374418748,0.04761906564010432,0.14215684670386297,-0.034934471901030606,0.019801961500356402,0.11999994913736978,-0.02390438208692458,0.05882359128509962,-0.009367672606955812,0.003584227050542399,0.002081150405341292,0.00862958681190329,0.048507415217954986,0.0042918415410722055,0.0,-0.0036900333293332643,0.003861030872843285,0.004709739247314326,-0.017080809189428336,0.01455028232102884,0.07355862229142529,0.0,0.021650842131336168,0.004098321565372043,-0.017156788267935763,0.0033745351454090855,-0.10808763423885537,-0.039408829967266135,-0.004237247821549994,0.03260866396255957,0.06601935329216246,-0.013935560577659878,0.0,-0.013896706951069038,0.02373892131790445,0.04444446946367875,0.008880943673421182,0.03548798663453834,0.019417457749564715,0.010638287978706584,-0.030322554870327312,0.03632480395929716,-0.009456255714577644,-0.02066123518947771,0.07563017633757818,-0.01663812877287052,0.058679648450943755,0.0008717763709442661,0.0067340002470883675,0.10047519268365379,0.011111086286583305,0.0,0.012750487172993097,-0.08785527757714473,-0.0004968170421907336,-0.01263541013418401,0.0015471634463566364,0.0029382696238104966,-0.014285700661795464,-0.04816827248566424
2025-01-07,-0.003427996795430155,0.005833307902018303,-0.0042194054625018795,-0.02028983544211682,0.0,-0.005524856784194343,-0.01995568692248262,0.0,-0.002000040558246763,0.002781638493372318,-0.018264822286715,0.07248907751373346,0.10162601468425825,-0.041522532741098295,0.0,-0.014114389135982841,0.004683836303478017,0.05940600253006956,-0.01587300085546861,-0.07963348796209602,-0.04545456187455765,-0.02145920770536125,0.033182440766880816,0.009708728874782357,-0.035714196510051366,-0.012244848489387228,-0.01851861050099135,0.011820376006952182,-0.003571426247975462,-0.01737049189601203,-0.03188998979734492,0.04270467132428535,-0.012820501064172207,0.0,-0.0037037001061669406,0.03461532019064184,0.007031179947905919,-0.04265389079892801,0.023468034752040845,-0.06296299010801332,0.025369954561350605,-0.08741719888483257,-0.012244886029364133,-0.03491280182839096,-0.005792331452882937,0.016949136104436047,-0.03589746191813492,-0.008510718924495397,0.04736843921471201,-0.014571935708798889,-0.07456143530769943,-0.013544041060379652,-0.012654547624854517,0.014492739601511984,0.0,-0.007042247017941761,0.034271692822089195,-0.028571402621105912,-0.02105261220606125,-0.017298739783705552,-0.020618537443073293,0.06682571101369783,-0.012658216387505639,-0.03906246362021115,-0.04503601941879354,0.039260988288526866,0.010453035193241922,-0.030100305646238334,-0.040098624402673866,0.014651859517448074,-0.017857126384770328,0.014388475634778741,0.05665723776336895,-0.008593934842960005,-0.10648994575301529,-0.009268841784114246,0.003906246362021193,0.0,-0.01853168867828847
2025-01-08,-0.03144969459459279,-0.005799477762558292,-0.04661012711246704,0.01664196894802683,0.013986084524057807,-0.061111054449904056,-0.07013573244991156,0.008007153740303696,-0.01002005108061177,-0.006934839177575647,0.0,-0.01221495291465946,0.0036900333293332643,-0.07942239354696445,-0.041666724615624595,0.016463918774712427,-0.01631705647641568,0.037383140086171496,-0.032258033504347416,-0.09418073938674065,-0.03174600171093711,-0.10087720261386235,0.004379649675932296,0.07692312100935417,-0.024691392183120553,-0.013429846775267595,-0.056603722658898126,-0.004672892510771409,-0.012544794676898618,0.003842909473694034,-0.07163902425035695,-0.047781604680685485,-0.056277004001097364,-0.00888900523695424,-0.026022368093815973,-0.012391562380938415,0.0,0.023102341292146278,-0.04331206113137487,-0.10474303141593588,-0.010309219563065741,-0.029027548072572684,-0.016528874089936973,0.0,0.002819178611332962,0.044999996821085686,-0.02127657550770312,0.00858377300384272,0.005025120811725348,-0.044362250995805264,0.0010532100055151705,0.01449279473938403,-0.020972944430542317,0.0,0.042553214424603025,-0.03368795420536985,0.03668644101941809,0.0,0.014336904085998858,-0.006093418992730526,-0.012547342400801798,-0.1006711029948042,-0.0555555046114129,-0.08943090455232161,0.02761848694877611,-0.024444474114312054,-0.00689654492027858,-0.029310357017834243,-0.07904887292676199,0.003610161371109921,-0.04848480294668034,0.0035460959929021207,-0.07238605349754945,0.000573263176162575,-0.059846553552595494,-0.007796229771065422,-0.02723732881754304,-0.014492739601511984,-0.037279130097609525
2025-01-10,0.00913243599882163,-0.02083333333333337,0.0,-0.022553617207962118,-0.02068971697413624,0.041420077439480396,-0.14598543152311183,-0.023830473322837276,-0.002024332653594696,0.00837988045505722,-0.11627912005583652,-0.02308324240144466,-0.06250002739184013,-0.0705882627933776,0.12608694255013964,0.0,-0.0023696096070714434,0.018018000602490147,-0.033333399560713795,-0.15215555387518265,-0.01639349174618998,0.06341469144622747,0.05087199838060186,0.017857125751218117,-0.006329137991299971,-0.03664911883684807,0.0,-0.03286392859173648,-0.010889379452250547,-0.01665283709150578,-0.02480887524052633,-0.039426486236496916,-0.03211016950357426,0.002242270910766342,0.0038168814193295653,0.03136768926202782,-0.022498113703940836,-0.06693555130028717,-0.02396808251530258,-0.03532015824256152,-0.02083341197834765,0.004484247000924313,0.004201640489110092,-0.010335907761208851,-0.0007498669943943881,0.015948948155784848,0.043478218616745945,0.0,-0.009999990463256836,0.003868468207228748,-0.17306680285329723,-0.03609026233285517,-0.001190149205621327,0.06000001089913498,-0.03061227592911475,-0.014678885597399938,0.004566205571678639,-0.00980391240220746,-0.0459363531897542,-0.03474119737008963,-0.059781739040441484,-0.06218905502143335,-0.12217193496200196,-0.04464281437804518,-0.032200824086835,-0.009111608899671664,-0.019965320032226286,0.01953812689898493,0.046057212206978004,-0.028776857432850633,0.019108261393313564,-0.0362190687690187,-0.020231194355791682,-0.015966277011264518,-0.021762765875642742,-0.027763310453184142,0.0,-0.07352940970226152,-0.021121451921530254
2025-01-13,-0.04072395629956327,-0.03319151858065994,-0.026666641235351562,-0.003721636708091003,-0.014084494035883521,0.0,0.07407407155831414,-0.03074141926339813,0.004056780303107743,-0.008310241623697978,0.042105286273269815,-0.0016878022885929989,-0.027450954726180976,-0.0042194054625018795,-0.06949800552265817,0.0,-0.0023753512568226443,0.11504424405327618,-0.017241363363798556,-0.06979061095725225,-0.033333302427220435,0.096330289778088,-0.019363714067791138,-0.03508768627628134,0.006369451126407855,0.010869625685636208,-0.04000002145767212,-0.07766988886684734,-0.01467889067190642,-0.0014922678980902049,-0.03239167122380171,-0.0597015230765604,-0.03317532546115076,-0.002237254380349274,-0.030418311271305787,0.0036496024326815313,0.07063495741147063,0.025064791548234933,-0.03956343313389876,-0.0343249655138701,-0.040425444275285605,-0.002976152199043347,-0.012552395725390575,0.013054880347486142,-0.0018752343951701222,-0.004709534303007024,-0.10937496022476412,0.004255278491066328,0.015151500555948827,0.026974925807722094,-0.1075063934701217,0.013260536688045166,-0.010723878868758696,0.013477075957459395,-0.01052630588288439,0.01117317394007622,-0.02840909029334049,0.009900980750178201,0.01111110031850071,-0.03458004546514781,-0.0010883997733671658,-0.05835544554993932,-0.020618597877583134,-0.06542060656134585,0.006549646633292161,0.03218387805859524,-0.0035429550033817536,-0.027874538988168163,-0.0560373692737709,-0.014814843776763897,0.04374995762482348,0.01099907307400616,-0.008849619138639464,-0.0014549657429582252,-0.07035591890182546,-0.018318942830700125,0.019999980926513672,0.015873000254767344,0.0005137543695579172
2025-01-14,0.05660376981260895,0.012323974256501335,-0.0273972334300725,0.012327228915319344,0.014285700905079413,-0.02272725117600638,0.023872656399110515,0.02611935713115998,0.006060729617483718,-0.04189940227528577,0.020202000741265103,0.051563792105769224,0.10080645083760875,0.002118692653888754,0.037344361395858616,0.03028168108924789,-0.01190469432579655,-0.039682502138671416,0.026315764707210976,0.004287241391223828,-0.17241376475403358,0.020920481222442833,-0.007052163329171468,-0.04545460949259217,-0.018987353614766667,0.02150528702357213,-0.20833332557231166,0.028947403919664216,0.024208648949149092,0.023848101145119704,0.027056028044419866,0.003968250213867153,0.044117722681788374,0.004484423377134172,0.01568625984353189,0.021818218809185552,0.0,-0.01854973039550556,-0.04971589581378966,0.0,-0.037694028307420635,0.02835819899677383,0.0,0.015463902322123246,0.007891571779388151,0.0007885863538534821,-0.04678364978402905,0.012711824092736412,0.009950239314132636,-0.028142607413610188,-0.011404123339796124,0.007698258909293099,-0.006022305584252874,0.1888297344492591,-0.02127657550770312,-0.02209942713677715,-0.004678358007099592,-0.02941173720662238,-0.02564100100869393,0.04751448937858571,0.06692086724352153,-0.0253520888389277,0.02631582744894323,-0.0350000262260437,-0.009370036772809676,-0.024498811199238135,-0.013333299424913236,-0.06810037986318362,-0.0056537050079698,0.007518811912248902,-0.029940091976750627,-0.01541251862280435,-0.05059519142351576,0.014354275731998545,0.015554904367834022,0.010976909330051132,0.05196075910607045,-0.03125004423782163,0.01232347966198355
2025-01-15,-0.0049603364199709565,0.044347845989724854,0.07042246426743715,0.01771215998079989,-0.014084494035883521,0.03488368708227374,-0.02331604057390191,0.006363625476324852,-0.010040267601515773,0.02186590268921562,-0.01980196150035629,0.007636677671486014,0.043956001729189786,0.03594081936753257,-0.019999980926513672,0.0013669667188636048,0.024096362008327654,0.0743800920098645,0.02564110401662978,0.16435432024139662,0.04166662527455389,-0.00819671330225158,0.014204569732329864,0.05714291877487354,-0.032258064516129004,0.05473692449453704,-0.07894737254879813,0.04347821845104871,0.019999986752093024,0.01954822648378829,0.05625822878989917,0.011857696335581869,-0.02347426668941155,0.004464285187876671,0.03088809450802321,-0.020166081867110996,0.0,0.01546380792945401,-0.00896860123562837,0.009478777412064598,0.14055291134345027,-0.06966623648665837,-0.008474604740416614,0.043147226859147514,-0.004474119937167176,0.042553189890390586,0.049079781073236184,0.020920542732864478,0.01970441498363318,0.021235547714233194,0.0072098328979688375,-0.025210077911329454,0.02938507331187501,-0.024608425467628425,0.11956516598370759,-0.009416142078437106,0.0035252329217778655,0.0,0.003759394789693671,0.05722264494221907,-0.01063823743123149,0.0028901706222559387,0.06153840134600119,0.0880828817123247,0.04466623454814633,0.029680390649375887,0.00630627859626709,0.07692309808448994,-0.012082450602787231,0.0186567062693499,0.018518500803375026,0.029465990664353514,0.0094043795773191,0.016593534014363698,0.08453604911307444,-0.000542737761459744,0.03261886266555991,0.01612909428163012,0.06314983120714501
2025-01-16,-0.0029910003758598647,0.008326346868414713,0.13157892810560856,0.06018853705598737,-0.007142850452539706,-0.01123594452133514,-0.010610069510715747,0.025293631419436746,0.012170438383561244,0.0057061284660482325,-0.030303061318608826,0.013562032577849825,-0.0035087687010102453,-0.01632651472429325,-0.01632651472429325,-0.0006825503358387497,-0.007058872896082313,0.01538469297646361,-0.0083333250549108,-0.07378554687759509,0.039999961853027344,0.2148760184019729,-0.007002847740254614,-0.009009000301245074,0.0066666920979818745,0.022954044879780255,0.028571486959652947,0.012254948938686727,0.0035650600734145055,0.0136951641535632,0.0004227863636687701,-0.027343724534147795,0.014423063697193816,0.008888770453862715,0.0299625173858038,-0.020581122467711932,0.0,0.03130285905816477,0.024132706583761765,0.01408449285348734,-0.03030295440608144,0.02808113485016772,-0.008546928212010863,0.10948900113060289,0.01086139047296375,0.020408198571867153,0.0,0.0,0.0,-0.011342144274519739,-0.09806727697725792,0.028996855714908287,0.007357269080867868,0.0848623564744806,-0.03883491549912932,0.0038022775772321715,-0.008196685613219845,0.020202000741265103,0.08239701210630579,0.011221140238412808,0.0,0.02017289125811139,-0.07246375893508206,0.042857217464320696,-0.0017605557791562365,-0.0066519308837790225,-0.0017905512647325983,-0.024999976583889194,0.028777020372816597,0.010988986707078707,-0.012121200736670112,0.0125223064245914,-0.012422348291186713,0.00777290150115495,0.0073329837045497115,0.004888565849825666,0.10108302285840298,-0.0317460761979701,-0.023377852696623402
2025-01-17,0.0100000381469727,-0.004128756273992007,-0.0658914119777062,0.005471951048718893,-0.050359664721725594,0.028409063970008086,0.013404812884881379,-0.024669646474268836,-0.0080160986458081,-0.0028368766504145437,0.005208328482694924,-0.001967699227107156,-0.003521123508970825,0.016597493953715015,-0.03319508683629735,-0.012295097541360489,-0.0023696096070714434,-0.007575840359983155,-0.016806806028663912,-0.1533893426300461,-0.03846150319251662,0.04761900127918861,-0.002820907408596973,0.027272700672307915,-0.03311258194493727,-0.019512209368547362,-0.02777783296726144,-0.043583550065244725,0.007104883582502275,0.002947684098604464,-0.003239525485786099,0.016064241646516875,0.0,-0.004405169986339663,0.0036363601684570312,0.05067983185154268,-0.049666456213906196,0.02050866577581245,-0.02503683022813319,-0.011574117765748682,0.012499987582366145,0.06676787698469222,-0.01724143632851749,-0.0899122483677477,-0.012041432326910795,-0.05407404016565398,0.05847947508874474,0.004098321663466464,-0.019323653692280396,0.051625235170523975,-0.02777780721216938,-0.04188881842658554,-0.013146385304042996,-0.006342539045956719,-0.04040406168924138,-0.005681857692471315,-0.038961028725187474,0.029702942250534603,0.010380612560830782,0.0032637423675865307,-0.010752728969764092,-0.00847456828052251,-0.031249970896168877,0.0091324111433575,0.0075586561385248,0.006696475375139288,-0.005381118205840085,0.04029300158509064,-0.027272750917544775,-0.0036232411989826074,0.018404890477013325,0.005300390568396596,0.03459116125365291,0.006170209666965354,-0.008358084982897585,0.005405385996561041,0.013934432700961175,-0.03278685449048113,0.0002443120802633203
2025-01-21,-0.022277264650655937,0.046434448296659436,0.1659750384660168,0.02517006056869997,-0.022727340459820944,0.038674063350848,-0.007936500427734305,0.028907007336499202,-0.006060535456675953,0.02560452673777802,0.010362746465985007,0.008675051579639659,0.031802174916679915,0.05510203585134166,0.02145931003093504,0.014522840201778964,-0.0023753512568226443,-0.045801485038414524,0.05982910685442233,-0.01110464799999289,-0.039999961853027344,0.1688311668205551,0.0056577748762585145,0.06194694933404743,0.020547892412475788,0.12935337819919046,0.0,0.02025320535667996,0.01410924529108959,0.03637031212752739,0.04648867814596902,0.02766795811635747,0.03317543845574367,-0.002212389121964309,0.02173910977784832,-0.03294114505543433,0.0,0.015273477676995162,0.009063435621868399,0.06791568223616307,-0.016460889199236384,-0.02987201619618418,0.008771959342742885,-0.004819272401665575,-0.0016877300064273015,0.018010926702551222,0.011049779429876505,0.0,0.004926103745908295,-0.021818161010742188,0.059591799366230935,0.0015898615170881758,0.01539373820470269,0.15957447456093954,-0.01052630588288439,-0.007619040352957573,0.05405400022424223,-0.03846150319251662,-0.01369861671503625,0.040338273871909136,-0.058695649244384085,0.07692307169803692,0.04838711434753651,0.009049764968910745,-0.012503125256662195,-0.0022173455375444906,-0.002705115649993095,-0.049295729125592325,-0.003594550056315482,-0.01818171847337402,0.030120525621057048,-0.0017575094518929024,0.042553223868526224,0.01811845302827697,0.0396955668196417,0.01720436568000583,-0.0032336266954798853,-0.03389835302872812,0.019780159792495366
2025-01-22,0.014177249956734528,-0.0237718061375064,0.06049824902337475,0.03251497907865053,0.007751930820906638,0.026595719384628902,-0.04000002543131509,-0.006145816796486847,-0.0060975871803867765,0.0027739224439247145,0.0,0.014855322982797903,0.05136981268138596,-0.01740815304830834,0.004201676463198689,-0.03340149752760646,0.007142907421607392,-0.02399997711181645,-0.016129016752173708,0.034278955147209134,0.0,0.02777781825006853,-0.00984529806352119,-0.15833337472544606,-0.05369122533839754,-0.022026551655662585,-0.25714287173991324,0.0,-0.01565216399589542,0.001240663192183522,0.003780678510341584,-0.01923075159625831,0.0,-0.006651883921521606,-0.028368767943217854,-0.01581509856664609,0.05694232422663226,-0.010292986932977088,-0.01197603679070025,-0.032894758168790506,0.2364015874486889,-0.06158357309928697,0.0043477849936313095,-0.012106583377572533,-0.016153251265962565,-0.020000017606295106,-0.021857967281024404,-0.008163265623127525,0.01960782480441492,-0.050185868993159244,-0.036979935220677884,-0.007142869036754207,0.0017493112135753552,0.01834869448980969,-0.0531915021784547,0.024952037138017857,-0.008158472662781024,0.0,0.07291659423046926,-0.035647262486946274,0.0,0.055555566067838624,0.015384600336500354,-0.07174891679918671,0.003038716808923203,0.004444440205891853,-0.022603977442585355,-0.20370368244553172,-0.018758966929862897,-0.02592602315532655,-0.017543912239656678,0.002640905594383014,-0.04664725443634066,-0.0014374103905461233,0.04079491344458264,0.006342492313131887,0.0283860813978436,0.03508777066574664,-0.01795977083680267
2025-01-23,-0.008986535147539554,0.03896108017862199,-0.020134208857554126,0.027956263124130354,0.023076993614966845,0.020725431165496966,-0.0027777752022684066,-0.006183735226412246,0.020449920660447818,-0.004149406601549943,-0.05641026236680191,0.03158711984174589,-0.019543955727765794,0.015748016714081325,0.0251045774669314,-0.00634704440019529,0.004728127857288822,0.1393442238508078,-0.00819671330225158,-0.05028566632952014,-0.020833395421502532,-0.28648646732940586,-0.00710232017930601,-0.07920790501592567,0.028368766504145215,0.004504442587735635,0.07692312100935417,0.03473941915557699,-0.0070671332602798564,0.0005310797081370389,-0.0010760812821530852,-0.015686259843532002,0.041284363033615934,0.0022320246783231745,-0.0036496315432303916,-0.012360986351494407,-0.06273067985327396,0.010400034350650955,0.025757587689451578,0.01814057289661819,-0.03214891068121717,0.0,-0.004328963590693791,0.08823532849172189,0.012027562432847638,-0.004709534303007024,0.0335195884175985,0.008230452997141757,0.0,0.07240702072244654,-0.002399978637695366,0.015987194692722584,-0.004074487402839555,-0.095495530016941,0.022471956014182393,0.0,-0.02937720250012832,0.0,-0.009708728874782357,-0.0019455210390885158,0.004618933320764462,0.0,0.005050500185316276,0.14009660444709415,-0.008583694707114842,0.0,0.03792782900064373,0.05348837415613694,0.044117603747491074,0.026616072055747786,0.005952446419502655,0.009657563947461423,0.04892969014188009,0.0034957292509587568,-0.0030150485976147,-0.0021008737496368557,0.05757094043115707,-0.03389835302872812,0.0039014838810198516
2025-01-24,-0.004030222779276893,-0.03828123154817176,-0.03424662343778684,-0.0384495014390972,-0.007518789579387564,0.010152274434545472,-0.033426152765479555,0.0133333356464016,0.0,0.0027777752022684066,-0.05434783805858867,-0.015683348227223504,0.01993353587031299,-0.0058139019105275525,-0.020408143405366563,0.019162552277706135,-0.004705877865062047,-0.043165426904336224,0.01652890933552542,0.038507783232937465,-0.04255315191482678,-0.38257578391619296,0.001430596338592327,0.07526880893449261,-0.027586180588294762,0.010762461710023041,-0.1071428609441738,-0.07673864887450421,-0.016014317101574083,-0.008669547350626527,-0.010234248048756944,0.011952179881974168,0.017621128717675738,-0.004454225331399164,0.025641001008694042,0.025031265956738213,0.006299325660415578,-0.021377760700391435,-0.014771034699306296,-0.06458796807038758,0.07167838099440393,0.020312518335413587,-0.013043466174597507,-0.01126130407443382,-0.007357180343553482,-0.012618284192532747,-0.02702706534118826,-0.004081593978443099,0.009615375798129211,-0.06751822705680188,-0.02245394391737432,0.04484655335275045,-0.028638208862582615,0.03187247968526474,-0.07692313234582193,-0.00749062934645095,-0.01452783077892561,0.009999990463256836,-0.0163398540036791,-0.010396359362518037,-0.00459769686551359,-0.012531316340044119,-0.010050241623450806,0.1737288576506657,0.005347570206894137,-0.01991153826718428,-0.00980397573383407,-0.03752760892281226,-0.03169012783870062,0.003703571306221898,-0.023668686217741874,0.019130458002505124,-0.002915449057909525,-0.0018441780168054756,0.015120929171032138,-0.0005262727641505149,-0.01938853332142365,0.0,-0.001700259847886465
2025-01-27,0.01112793668490264,-0.05605203172520301,-0.014184383971608927,-0.06469440040022079,0.0,-0.08040199289177175,0.02017289125811139,-0.021052583823856996,0.042084156757250746,-0.029085812660977983,0.03448272554637244,-0.2799696850241009,-0.029315933591648635,0.003898631672583086,-0.012500086923436848,0.01671324982032596,0.004728127857288822,-0.015037668789816938,0.0,-0.0672074062589545,-0.17777778170236336,-0.09202452551960072,0.03142851358996657,-0.12000000476837158,-0.035460991948418785,-0.0017747868871927919,0.039999961853027344,-0.06233766635888993,0.01627494930048412,-0.07418642563629174,-0.06244907490367546,-0.0905511899715512,-0.03896100276999048,-0.002237254380349274,0.09999999148505068,-0.010988913739280348,0.003952525262718831,-0.007281501798209966,-0.06146924178746305,0.05714291877487354,-0.15660685484906045,-0.07810107085723528,-0.013215846622993133,-0.004555804449835832,0.002280571581573687,0.014376944482445753,-0.04444440323629384,-0.008196721311475419,0.023809615716916754,0.025440241527812324,-0.061525842971064115,-0.04442772322676003,-0.007821965195594416,0.07915064436995678,-0.011904750923180218,-0.03773590168014018,0.04422600018347089,-0.009900980750178201,0.029900303805469486,-0.03479976646540017,0.0623556548923494,-0.04822336407642025,-0.040609158250511146,-0.21660646525776495,-0.02051675234758965,-0.013544005666935366,-0.009900959502832651,0.009174302896359121,-0.01963639692826702,0.0,-0.07272727666807577,0.0017064422895636255,-0.0730994135739641,-0.022924753859118185,-0.1760178839983484,-0.02159029378663946,-0.09125474099437703,-0.10526314468595088,-0.029197007123924257
2025-01-28,0.025012506539515256,-0.022375235063896604,0.007194237817389482,0.0719499361101199,0.015151500099837678,-0.005464475534834423,-0.031073417028582462,0.00985662620167127,0.017307674535947726,0.009985690804376057,-0.04999995364083065,0.04847208105809808,-0.013422805905036084,0.06796114527209496,0.03797474976107851,0.0,0.0023529950310201553,0.0,-0.03252029368516418,0.14968942796957285,0.054054001807470664,-0.20270274841846325,-0.04570632407261899,-0.02272725117600638,0.02941173583166079,-0.007110911053611724,0.0,0.016620549291325615,-0.0017793582771322702,0.007325574850863381,0.037004812097338524,0.08658010936704308,0.022522500753112684,0.00896872830986939,-0.061688254385818264,0.0037036705627595534,0.0,-0.022004898905092274,-0.01597450124815547,0.029279304676923967,0.0,0.009966748132948844,0.004464243409443958,0.03432496551386999,0.0007583131276480692,-0.010236229637269556,-0.005813947847045586,0.016528925619834656,0.037209265189536156,0.024809183228871934,0.027097939771629997,0.03546105420169443,0.021528171447164013,-0.0017889496616929623,0.012048181523292234,0.0,-0.014117633595186141,-0.009999990463256836,-0.016129017372408794,0.06122455397243565,-0.09347822548986984,-0.005333328247070335,-0.026455001425780944,-0.03225814248860648,-0.00698207023147035,0.02517165592564563,-0.012727303938432133,0.022727250560256484,-0.024480707337717567,0.0036901837236065216,0.032679785921928106,0.016184032177329444,-0.012618284192532747,0.01036558601906612,0.02229592374466982,0.008073062291548805,0.0050209556966001045,-0.05882347441324487,0.024060126510271118
2025-01-29,-0.019033645388232934,0.03257041344553224,0.07142858967489163,0.00972760167238107,-0.0298508060193573,-0.03296706607672484,0.014577245289547625,0.010647756025225608,-0.015122817708074998,0.025423772191449423,0.02339179003549785,0.06130659518038861,0.006802714468455484,0.039999961853027344,0.0,0.0,-0.0023474714423807885,-0.05343506587815028,0.0084033529263976,0.010264750497471775,0.17948721867498163,-0.1271186295133725,0.010159734725614822,0.023255791388182345,-0.04285717010498047,-0.01969579002315347,-0.1538461273943874,0.01634875791068935,-0.005347590110121869,-0.0013395933498522306,-0.003918341711635298,0.0,0.0044052821794189345,0.0,-0.02076130761943673,-0.027060303066666958,-0.0007874707834780725,0.005833235165012773,-0.0064935004616650804,-0.03938737383249247,0.05029008669397461,-0.1200657180443363,0.0,-0.022123872799678757,0.00037894304403418566,-0.025457414685219226,0.0,0.004065079325667353,-0.06278031556355845,0.005586631368284634,0.027234016580784504,-0.019025874693149536,0.008014261465407735,0.026881737888592383,0.023809572804273094,0.0,-0.0632458475621046,-0.010101000370632551,-0.00327868544904808,0.0403845873669233,0.06714621770943441,0.008042887730928872,0.010869554654186597,-0.07142850655276467,0.0028644997730056243,0.0022320875004695484,0.02302025855463885,0.02222220102945971,0.023574177080572856,0.0,0.04430375401359932,0.041911147293355544,0.028753965136958826,0.001455638290190464,0.007073323360180517,-0.0064067279196586835,0.007493767766253434,0.020833312637276835,-0.02936859385742252
2025-01-30,-0.004975143262281545,-0.018755270412614933,-0.019999980926513672,-0.014450830584807561,0.0076923006385032355,0.02272725117600638,-0.00862068138659311,-0.007023717189790002,-0.03454890751434958,-0.01928379323816032,0.011428560529436416,0.04640149163326934,0.0033783751129670136,0.0034965002902287434,0.008130073421291018,-0.0027398183366206252,0.007058872896082313,-0.024193525128260562,0.0,-0.06844923178732021,0.0,-0.11650480436597666,0.008620647161833084,0.12500001693313778,0.03731343389805564,0.0063928888844990706,0.27272728504228194,-0.026809625769762868,-0.017921135252712328,0.016544268954509445,0.00856993282238605,-0.007968119921316186,-0.013157882353605488,0.0,-0.03180209066982986,0.0,0.0007880913824165336,0.00497105191079994,0.008169965959124559,0.015945369883898275,0.007366475712259124,-0.09345796162597453,-0.022222126238717665,0.13348419511399423,0.0,0.009795909025231087,0.005847947508874407,0.00809701160529297,0.02870822184792665,0.007407400212333881,0.0497100577166556,0.0,-0.003239122889195145,0.0034903980558358416,-0.04651165208409025,-0.015686259843532002,0.0,0.020408143405366452,0.0032894705884014552,0.02279725869900706,-0.0179775117157287,0.029255291323091903,0.00537633891739131,-0.0051282001121667475,0.0018178008977565163,-0.0022271163818317063,0.0027003319147249627,0.0,0.0052005716661094326,-0.007352955445272369,-0.012121200736670112,0.0008044468995995757,0.021739109509576693,0.013013086142881214,0.05618970109830235,0.009134861538813599,0.0008263863547337547,0.14285710115126982,0.023197226101416835
2025-01-31,0.005500030517578081,0.007819300677514684,-0.01360542893691108,-0.1189312334641297,0.015267252678933252,-0.02777775202268362,0.028985479203023967,-0.015030907617091582,-0.021868848054946377,0.007022498811590561,-0.03389827312208993,-0.028959334205880594,0.013468000494176735,-0.029616656138589104,-0.004032254188043427,-0.01510986432735617,0.002336390550113032,-0.04132237185888454,0.0333333002196432,0.00918483620616306,-0.06521741571708839,-0.2417582662306227,-0.012820556406666017,-0.04040406168924138,-0.01438847588157588,-0.010889421650853048,0.035714251502436234,0.0055096364451752144,0.02189779566103245,-0.011499413171751183,0.006686036384115246,0.008032120823258326,0.004444440205891853,0.0,-0.007299263086460783,-0.027812869081612845,0.0,0.01401496390424728,-0.03079417420924635,-0.0403587055603275,-0.09872028931725196,0.004123658127431096,0.018181761114641093,0.04391213176466291,0.0011364722555917695,0.009700880086439767,-0.011627895694091173,-0.004015950089486187,0.004651158148692103,-0.007352934086817808,0.061562725199236557,-0.002327438777846802,-0.01329385431394381,0.008695685345193604,-0.03658533128225516,0.005976137434728246,0.02547774376204348,-0.009999990463256836,0.0,0.023493983033167742,-0.036613238352897426,0.015503923248683105,-0.037433183034006445,-0.015463963770208755,-0.02903065560978002,0.0,0.013464956365121017,0.004347822030685622,-0.01626011217268375,0.003703571306221898,0.0,-0.04662378965194336,0.0699088211976584,-0.008472799362520544,0.027431467838212376,-0.014377069594554537,0.008257670049939936,-0.07142858967489152,-0.01355354920996854
2025-02-03,0.01839875289184767,-0.03706899060647273,-0.0344828068146934,-0.032914248034880744,0.0,-0.005714280264718208,0.028169054758972578,-0.027827673749081794,-0.07317075314758914,-0.023709912759417362,-0.03508775476628012,-0.007455724801399333,0.039867150949456365,0.025134625165341262,0.10931173190246146,-0.012552452759505894,-0.013986000772276186,0.008620681681899223,0.0,0.00341293891938399,0.0,0.6521738980202534,-0.04473310312481904,0.01052630588288439,-0.02919705285395402,-0.01376136751131185,-0.068965453455194,-0.016438405378200405,-0.007142852495950924,-0.011124507498154745,-0.006780059234502311,-0.007968119921316186,0.004424774559935729,-0.0044444439227042665,-0.022058802260453536,0.011703530808609752,0.0,-0.03333339681463521,0.0066889568102752595,0.03504663812551301,0.058823523722262516,0.0492812928064168,-0.035714289791860865,0.05736141293322783,-0.015323596163350994,0.0032025590541260307,-0.01176476445577379,-0.008064516129032251,0.013888875091518038,-0.0703703903203472,0.018587360858383528,-0.0031104170233984263,0.0011975179342158526,0.006896544920278691,-0.01265829088137238,-0.00990102749433508,-0.012422407341657227,-0.010101000370632551,0.00327868544904808,-0.012360128349074628,0.002375237993840651,-0.043257016133900206,-0.04444440323629384,-0.08900521468875666,-0.005072040345770801,0.015625038250748347,-0.004428714871904771,-0.06926400492442752,-0.07813673396435383,-0.007462542599376287,-0.018404890477013436,-0.014333902294696443,-0.008522719191002448,-0.005857602646989313,-0.009169367200600798,-0.006482980290034246,-0.03194105995940211,-0.05769225478877493,-0.06844861222395615
2025-02-04,-0.015136693011299385,-0.0008952756323663547,0.06071431399608196,0.009942647521019365,-0.02255645836920439,-0.0057471209243954435,-0.03835619212225838,0.03324096478251515,0.059210571381028476,0.008571420397077256,0.012121200736670001,0.0028169659831074334,0.01597442507608826,0.10683014526079826,0.05109492861930498,0.029661057838780147,-0.0189125114291554,-0.025641002128344415,0.008064508376086854,0.14058965620147834,-0.023255792462719804,-0.0789473986911865,0.010574180367330932,0.04166668994973155,0.022556404994930057,0.051162801560768356,0.22222222222222232,0.002785512730456574,0.005395679917730822,-0.0016713429681455283,0.02897753723805696,-0.0120481812348876,0.013215846538256804,0.0,0.030075158317550033,0.021850847669961038,0.0,0.051303621455280446,0.05149500726939049,0.015801393763852367,-0.011494242373779495,0.013698687659633446,0.01388887573325559,-0.012658258409686929,0.00403463107594404,-0.026336786172285298,-0.011904750923180218,-0.0040650793256674644,-0.018264822286715,0.035856539645922725,0.03722629459723992,0.007800341953993817,-0.024521522981441612,0.013698616715036138,0.05128208067290285,0.050000000000000044,-0.017610046521313927,0.0,0.00980391240220757,0.06555412150438555,0.01184838701913593,0.07978722156308371,0.011627895694091173,0.0057471209243953325,-0.01153743761455217,-0.01318690485747176,-0.0017793153466733047,0.004651158148692103,0.017929853720200173,0.0,0.01874998183921006,-0.03421724832236117,-0.005730653544946063,0.0054067623864251235,0.054708716105237976,0.005981554209700812,0.03299495375566952,-0.08163267093517013,0.014749241715130479
2025-02-05,0.010411456801106889,0.016129059824093295,0.010101000370632551,0.0030291527515435845,0.023076993614966845,-0.017341023733535632,0.019943000978059677,0.018766723768602223,0.0,-0.001416395485230093,-0.005988018395350125,0.026217202712578214,0.06918239748170008,0.009493661574342616,-0.12847226016499225,0.001371922462750197,0.014457817204996726,0.026315764707210976,0.02399997711181645,-0.02584495209113946,0.0,-0.00952380087370197,0.002989571393937629,0.039999961853027344,0.0,0.006194536140021301,0.2727271824172084,0.0888889389273575,0.03220033679579215,0.018158263759546545,0.015569905879502244,-0.016260146842582146,0.004347822030685622,0.004464285187876671,-0.0036496315432303916,0.012578664637599601,0.0,-0.0016002058431793253,-0.011058403739006017,-0.07111114925808382,0.005813994320832405,-0.01544404654317233,0.0,0.014652000576396595,-0.003826912411120209,0.004098376353816935,0.024096434859411042,0.004081671644684315,0.004651158148692103,0.019230843295715117,0.005629832758007991,0.006191944522728088,0.013182106660202031,0.03885135407252749,-0.024390220854836775,-0.0038095201764788422,0.007682451116406419,-0.020408204226431526,0.016181291949422194,0.03299778154044297,0.0,0.032019733072192524,0.028735604621977107,-0.051428590502057725,-0.011400705263381328,0.0,0.0062388318322879055,-0.023148235531497363,0.027221790137587076,0.03383448950734236,0.04294481758089841,0.009743105141622355,0.01152736643320651,0.012479518401923961,0.013935507497479849,0.01081087760006949,0.04586408008739751,-0.08888891008165145,0.010835091061279112
2025-02-06,-0.002944036722920318,-0.025573188531822666,0.06333335240681959,0.03812760428873352,-0.015037668789816938,0.01176469433266436,0.005586586970037999,-0.012280681030478857,0.033126269895232596,-0.01418445088854714,-0.10843370552245668,-0.01916058735547943,0.055882298080155435,-0.02194362708644282,0.11553783384656646,0.0020630864163198037,0.002375237993840651,-0.07692300638503313,0.0,0.0826530051201606,0.3095238005132812,-0.0096153757981291,-0.008941981489746342,0.0192307515962582,-0.022058836935300308,0.0,0.04761907465063331,-0.05357143726015212,-0.008665505793766015,0.01366063430740061,0.004266184024370068,0.08264454667762733,-0.03463200246221376,0.0044444439227042665,0.003663000144099149,-0.029813694691777748,0.0,0.005609125868986986,-0.009584731217720188,-0.062200900172767914,-0.02312136497804762,-0.05882353284917219,0.009132450485799692,-0.0072202097704795465,-0.00019224152117647275,0.008163296446508372,0.01176469433266436,0.012195005925436764,0.05092587533556592,0.011320743513260512,-0.08467460051623876,-0.02076926598182094,-0.02511340500809167,-0.02439025903112113,0.024999975785613415,-0.043977058935887325,-0.006353203891330539,0.0,0.0063694204644377805,0.005414242924197898,0.01637003189002062,0.0023865756343954825,0.0,0.07831325171422598,0.05024716977100496,-0.008908677926962594,-0.012400384747191406,-0.03317532546115076,0.013250200881126606,0.018181828042284076,-0.01764711162210597,-0.010526306103030625,-0.0484330703008089,-0.0006810744209021502,0.013234931169425534,0.014973081906249686,0.043852736559764516,0.0,-0.018823561325571947
2025-02-07,-0.010826738024534932,0.06787330199585484,-0.009404379577318989,0.07781815962357963,-0.045801485038414524,-0.01744184354113687,-0.0027777752022684066,-0.00976908982848168,0.03206420197883686,-0.034532342115782155,-0.027027000903735332,0.000930253849473095,0.03621173190779836,0.04647443098194537,-0.1214285428426699,0.0,-0.004739332208735791,-0.009259250061012025,-0.031249970896168877,0.01413766042020459,-0.109090878878086,0.0,0.001503814378478241,-0.00943395377648304,0.022556404994930057,-0.012313054987531658,-0.09090907243657698,-0.07277627443404833,0.0034964102811403386,-0.005365627937352735,-0.01579719450695527,-0.015267161679471508,-0.00896860123562837,-0.006637284238007246,-0.0401459469755342,-0.04481432870638469,0.0236220196342507,-0.009561685221051497,-0.02580642779585396,-0.10459185659463344,-0.07297837275516217,-0.07916664260749962,-0.018099491483038133,0.0072727203369140625,-0.00902968196240772,-0.021862384568731463,0.040697634929319326,-0.012048079524248356,-0.017621128717675627,-0.046641789882956974,-0.12844039105313498,-0.024351883510588368,0.005586601438739791,0.019999980926513672,0.024390220854836775,0.030000019073486373,-0.001278801619221892,-0.010416656965389626,-0.01898739859760079,-0.03554121994063841,-0.05297354371785534,-0.2428570925783926,-0.02793293485019055,0.02234641447752228,-0.036601347081801516,-0.026966267573593106,0.0,0.0,-0.04615387549767125,-0.032142856508760476,0.011976108173510136,-0.02216312109203833,-0.03592811037210075,-0.002998228603325659,0.07711629211055282,-0.007376098033126333,-0.05776440423829177,-0.02439022120941492,-0.026911760042218846
2025-02-10,-0.024378097602918314,0.0,-0.04113927560440056,0.15350874935070347,-0.0319999694824219,0.04733723135940626,0.08356551473742302,0.017040367064491413,0.0019416935796836565,0.04023844700321,-0.020833395421502532,0.05111525827467567,-0.08064514785188381,0.05513011410574076,-0.07317075770973958,0.0020591724202987383,0.0023810069847565174,0.01869157004308586,-0.016129016752173708,-0.000929389281516313,0.08163265471621939,-0.0873786177416297,0.03753748944830626,-0.01904760174740394,-0.014705938038939936,0.040961714377010905,0.44999993667006577,-0.0697674434722727,-0.012194933974029154,0.015242819077278869,-0.002427946171087103,-0.03875965410453308,-0.009049764968910634,-0.004454225331399164,-0.03422058884853807,-0.03619302674877467,-0.009230819589019834,-0.009653993669646699,0.1490066392469509,0.16809114409468773,-0.040425444275285605,0.07466061594118134,0.0,-0.03249094396715779,-0.005234520611363758,0.0,0.04469276235767472,0.0,0.026905803706885,0.06262224784016568,-0.042982437501286164,-0.023349433178068146,0.02160484306406829,0.008169965959124559,-0.011904750923180218,-0.0213592488305685,0.005121634077604353,-0.01052630588288439,-0.058064462540671546,-0.026800610931072,0.03406322674882345,-0.018867981112750454,-0.01724136277318622,-0.05464482049003094,0.16200818094729952,0.016166321684704332,0.009865525929593,0.03921564960882984,0.023387094417298027,-0.0036899654860275133,0.0,0.0054397480570507195,0.0,0.0033490390878170295,0.03381531545757466,0.004246352314089874,0.03901271932705219,-0.02499997615814209,0.00602412973563804
2025-02-11,0.022437461143000714,0.0008474770101858375,0.023102288417082395,-0.054401780355769924,0.049586728006576486,0.12429380281409363,-0.05141389261958451,0.0026454857994129277,0.06589150679910172,-0.015759331405991284,-0.049645343900631245,-0.007073463696925519,-0.0730994135739641,-0.04934683343095003,-0.15350878431306114,0.0,-0.01425176775199033,0.0,0.00819671330225158,-0.10558141664017073,-0.05660379338946264,0.01063828775385156,0.0014471589467945911,-0.019417457749564604,0.022388074572778693,-0.039349875995704164,-0.017241363363798556,0.01874998183921006,-0.008818427466871337,-0.01785614614109121,-0.02582461783505685,-0.032258033504347416,-0.0273972334300725,0.0,0.007874008357040552,0.004172424580312084,0.06288819929463463,-0.007311241805774915,-0.06484153924957237,-0.0707316996581775,-0.035476788498730594,-0.01052630588288439,0.19815655819836375,0.046641789882956974,-0.0007797507074601695,0.01986753084718007,-0.005347588469389097,-0.008130081300813052,0.0,-0.06813994424605496,0.006416104106621301,-0.00989281817204768,0.002719037967879645,-0.0275526862547556,0.0,-0.003968250213867153,0.007643304905536663,-0.01063828775385156,-0.0034246541787590346,-0.006311035908955542,-0.035270578720990375,-0.035256377926473514,-0.0701754398195269,-0.05780348135222202,0.09551611820964734,-0.011363679466167786,-0.008881028369184807,-0.023584884441207543,-0.012608341426538994,-0.014814803221892658,-0.07100591757714814,-0.0018034677627127849,0.003105587072796734,-0.00953683336303901,-0.04195805399332442,0.0005283947374072895,-0.026819952211051823,-0.12820512507010418,-0.0160587949274289
2025-02-12,-0.0019949630773440363,-0.01778154366516005,0.012903290807148471,-0.051654868204753734,-0.015748016714081325,0.0,-0.005420048947527345,0.011433639003366913,0.06545456165814545,-0.00873361627060032,-0.022388126755056525,-0.006233276729972093,0.16088327387660484,0.047328234160671334,-0.11917093581086069,-0.03698634049477967,0.0,-0.03669732095175382,-0.08943090455232161,-0.03276126759040665,0.039999961853027344,-0.06315789803903848,0.0014450677041379922,-0.009900980750178201,-0.007299228407856018,-0.013357067689694135,0.08771932026025686,-0.0030674817461688875,-0.00889679138566113,-0.020382476626257473,0.004857686040829812,0.10000000000000009,0.023474154755812382,-0.0425055878178775,-0.01953123181010552,-0.023545651578512627,-0.04821042111272045,-0.018003256408136492,-0.013867438971454149,-0.018372686166428176,-0.02758618119308165,-0.042553214424603025,-0.04999992130907083,-0.026737984277633742,0.0025450920617251516,-0.025162294936794338,-0.07526880893449261,-0.016393442622950838,-0.03930127321770138,-0.0019762356043001583,0.08105650094967909,-0.010824322394956454,-0.05061760974208673,-0.006666660308837891,0.04819279790599551,-0.035856539645922725,0.012642273501742629,-0.01075267783478251,0.21305837363303604,-0.016743593806906487,-2.4422770721455045e-05,0.006644511956771071,-0.018867981112750454,0.01226992698467555,0.05606482789746425,0.0,-0.014336904085998858,-0.03381639396149072,-0.031125251233820928,-0.04511293301392305,0.0063694204644377805,-0.004516643038745882,-0.018575833568184263,-0.005433178885523859,0.03225803843906938,0.004754382859616824,-0.014173177496439648,0.05882347166332158,-0.015491047016695791
2025-02-13,-0.015492227006321468,0.02499999588933499,0.0031847102322188903,0.07110242387557575,-0.04799995422363279,0.0,-0.024523201830223162,-0.027826050506020716,0.037542602501653866,0.0073421719757689186,0.015267252678933252,0.0215053561289984,-0.021739174096029212,0.05976674044203922,-0.17647062535929325,0.03840687006847099,0.024096362008327654,0.05714291877487354,0.07142860944173757,0.013978506642444044,-0.01923075159625831,-0.02247188904267039,-0.0014429824967342464,-0.009999990463256836,0.02941173583166079,0.04061368277909039,0.0645161631452178,0.01846152085524344,0.00718132384868353,0.0003852831458108774,0.023066310876650453,-0.04924246563453705,0.0045871514481794495,-0.004672773193816204,-0.003984059960658093,0.011347506601658175,0.01611670545947619,0.014166537378705435,0.014062449126505117,0.0,0.026004759578818648,0.06666667108182556,-0.0080971924010661,-0.03663000144099138,-0.0001953142756704329,-0.005828530155244871,0.005813947847045586,0.004166627024524194,0.03181815078435912,-0.00990102749433508,-0.037068204264989024,0.0016834599239645698,0.03490956437573978,0.013422805905036084,-0.022988483697581663,0.012396682001644121,-0.00249693597904721,0.021739109308372973,0.008498575533404162,0.047563073757661334,0.004902467609090744,0.006600653833452208,-0.08974358386541947,0.02424247372139554,0.015744827712596887,0.00919539373102718,0.0036363601684570312,0.004999995231628418,-0.08401980468844816,0.03543317065313234,0.05063286172982795,0.005444597409259844,-0.009463713144399533,0.014659940688047879,0.19274636709691362,0.003154624682249363,-0.047923351400332104,0.05555557027275215,0.05001401437666031
2025-02-14,0.0060913161034243934,-0.007569398653418324,-0.003174600050953491,-0.0012180546693508765,0.0336134117055904,-0.03517590558624317,0.0363128819026175,0.015205684926156371,0.021381618076127706,0.002915449057909525,0.015037579158775127,-0.042982437501286164,-0.047222178438562246,0.05364509869446965,0.035714337412192876,0.0,-0.023529389325310235,-0.009009000301245074,0.0333333002196432,-0.05408273726162183,0.01960782480441492,-0.022988483697581663,0.011560685335142207,-0.02020200074126499,0.007142884390694659,0.012142188319204328,0.0,-0.03927488769476317,-0.0017825300367072527,0.0030812743260435482,-0.012150790367758901,0.03984059960658093,0.0639268780035025,0.0070420037642999755,-0.003999996185302779,0.007012582481792151,-0.018126838539350043,0.018899106323404746,0.01078585117566444,0.010695176938778195,0.020737251748036645,0.002083368645981798,-0.02040817817758045,0.017110203770820842,0.01152344433766661,0.013400402571981385,0.005780341244511877,0.008298755514337453,-0.013215846538256693,0.0100000381469727,-0.021872265382774647,-0.005041972089558144,-0.030358778061595704,0.03145696331464354,-0.01176476445577379,0.19183674263785333,-0.012515632978369107,-0.01063828775385156,-0.050561750346008294,0.004484331076754389,-0.05089684873842604,-0.029508169041433052,0.05633806009374043,-0.047337301897445005,-0.029213061001952423,0.020501174333733996,0.007246369925949514,0.019900478628265272,0.015287776802472397,-0.011406812123400223,-0.030120453808230585,-0.011732862394951638,0.025477681857751344,-0.0010221350161345732,0.029642363930429294,0.005241173867303273,-0.06291946268453241,-0.052631592156154094,0.04335035571006718
2025-02-18,-0.006054436616167114,0.012711831873363,-0.038216598716108385,0.0006097700679539297,-0.040650464024575284,-0.08333331781129005,-0.048517537710621284,0.007048470421219699,0.11755231936736665,0.0043604262314216324,-0.051851889789512606,0.008249326658720246,0.07288629595752627,0.08093993445294201,-0.01379317205385755,0.0,0.00722885115223959,-0.08181821038900261,-0.0483871463930442,-0.0011211018829935249,-0.03846150319251662,0.01176469433266436,0.032857137276224746,0.0,0.035460991948418785,-0.030848205246258642,-0.1666666817183441,-0.012578604092237433,0.0,0.007807474390177038,-0.0012299098264735298,0.08429120208916796,-0.04291841541072261,-0.00932382461701009,0.0120481812348876,0.006963815032072551,0.0,0.0,-0.02134144324798215,0.01587300085546861,-0.00677194901437328,0.11018705325173084,-0.012500094572558185,-0.0355140300200637,-0.016991724982438394,-0.016528988151582213,-0.04597703590624891,0.0,0.0,-0.0059406353812402335,-0.016100205747977547,-0.005067602942858462,0.004111295297794637,-0.019261618810866077,0.08333339837808662,-0.03767127761654587,-0.013941655074608095,0.17204303762956563,0.029585769599628886,0.005022256530835989,0.03569974427802114,0.0,0.03333330154418945,-0.07453416379015643,0.05404305602474646,-0.015625038250748458,0.02517983236086274,0.03902447023681255,-0.012400384747191406,-0.003846174805112401,0.0,0.026484015242415726,-0.01863352243678007,0.007367860763208167,0.07893759264403943,0.005213847187675258,-0.07072515277145264,0.02777781825006853,-0.035650247358500864
2025-02-19,0.005076064479612397,0.005857794946930728,-0.04966890606450025,-0.02193788017666165,-0.016949137131806236,-0.02272725117600638,0.008498575533404162,0.00962379231971422,0.0,-0.017366119856576212,-0.031249970896168877,0.028181856328790778,0.04619560728029248,-0.0362318506730257,-0.013986001160915085,0.008903967362217102,-0.007176969905071773,0.019801961500356402,0.016949238156632296,-0.019079694635833366,0.039999961853027344,-0.011627895694091173,-0.01106486157541553,-0.051546402521829404,0.013698616715036138,-0.013262587239764256,-0.05454550971669481,-0.01273891685835693,0.007142759557826395,-0.01130303627689444,-0.013410029253393296,-0.06360418133965973,0.03139010432469913,-0.018823650199126796,-0.03174600171093711,0.0013830915654629017,0.0,-0.004032366030911616,-0.03738321574816339,0.015625047536257375,0.0386363801384757,-0.0018726351381895823,-0.016877586590905547,0.013565925141738822,-0.004910563740124774,0.027731086914674297,0.04819279790599551,-0.008230452997141868,-0.013392844313413588,0.0258964372380186,-0.021818161010742188,-0.028013576501399573,0.007874015748031482,0.014729897509669243,-0.02197806588435247,0.012455546812597973,0.006426698271122078,-0.03669732095175382,-0.0028735604621976663,0.020544115659121065,0.0024690744626516548,0.02702700090373522,0.10967747195082245,-0.013422805905036084,-0.02718977432980718,-0.002267517548905529,0.009649176669511483,-0.06103291429871138,-0.0017936775581693931,0.015444003957092445,-0.006211174145593357,0.03825625568789537,0.012658215432457043,-0.0047405415190462374,0.024616978850396487,-0.006224164781170272,-0.0510597039622227,0.02702700090373522,-0.005053155170731016
2025-02-20,-0.004040400342860351,-0.002495897296420746,0.10452968735098844,-0.09096567936909417,-0.008620681681899223,-0.005813947847045586,-0.0646067479691893,-0.025130047371515474,-0.03458214174405805,0.013254808997573031,-0.0483871463930442,0.08399644332615619,-0.05714280406265271,-0.05764411491823285,-0.03546095992902232,-0.0040732806462452364,0.0,-0.03883491549912932,0.0,-0.02745992876467307,-0.07692300638503313,-0.05882354178643112,0.026573351781757015,0.010869554654186597,0.01351350045186761,-0.01702514868753302,-0.0769230636971937,0.0,0.0,-0.019203408912857323,-0.011511819829273517,-0.03773590168014018,0.013043466092057088,0.0023981447236414155,-0.028688594270410817,-0.0013811812653045097,0.009999965744678319,-0.017003928455710415,0.0,0.08974356309588605,-0.03719914002369573,-0.0844277439608081,-0.047210293834041406,-0.0038240881173183805,-0.0019738879151174338,0.030253544814584865,0.0,-0.008298755514337341,-0.049773815210716665,-0.02718443959089034,0.04832709043012651,-0.004366828957883873,-0.004999995231628418,-0.032258034744817476,-0.03370783356400553,0.0,0.006385720462586786,-0.028571402621105912,-0.04322769283304828,-0.04733390550384009,0.002463110596742979,0.0032894705884014552,-0.09883725201522608,-0.01360542893691108,0.005190623292896435,-0.013636350336153957,-0.024326731631412746,-0.012499988079071045,0.0,0.0,0.0,-0.029134545875330042,-0.03125004423782163,-0.015174264261561321,-0.08333331731057947,0.0041753297936450995,-0.04771576130220201,-0.052631592156154094,-0.008019225829569154
2025-02-21,0.012170374212723045,-0.04170141864426169,-0.02839121464410499,-0.022960934519767773,0.03478267990573958,-0.05847954480177797,-0.027027001871263723,-0.009777686951293219,0.02388057967280699,-0.010174443386192444,-0.16101690377698485,-0.10358894241876382,-0.041322339018860954,-0.27393616329846526,-0.06617649443524909,0.0,-0.024096362008327765,-0.05050506205987393,0.0,-0.087058796602137,-0.06250002069605642,0.03749996367842012,-0.04495907610705385,0.010752677834782398,-0.04000002543131509,-0.03190519743345743,-0.02083331393077925,0.01935489775611199,0.019503627579682492,-0.03667101150524732,-0.0405499337260512,-0.050980344491478924,-0.02145920770536125,-0.002392407384495421,-0.0042194054625018795,0.0013830915654629017,0.015993881825994816,-0.0032948972004657184,-0.03074434668253656,-0.04470589581657858,-0.03409093002642438,-0.016393475660999357,-0.0315314640716714,-0.032629572946108576,0.0,-0.04761907645273733,-0.03448279405745802,-0.008368121553920083,-0.03333330305795679,0.0019959584007662734,-0.023049581681065745,-0.021929825295224914,0.018530155457299413,0.015000025431315178,0.09302323486045516,-0.0808435911284825,-0.013959407603664542,0.00980391240220757,-0.04216863533152282,-0.07195904573365008,0.012284941471463195,-0.04590159628667356,-0.07096767643859847,0.0,-0.06732868902450573,-0.02534565199238814,-0.023152207106479028,-0.027848134730759977,0.02066482838018202,-0.022813718758550317,-0.025000050291418274,-0.07149156852575078,0.0,-0.03316516495726207,0.13471404488855399,-0.007796229771065422,-0.06609806801649876,-0.02777775202268362,-0.06386415771773579
2025-02-24,-0.025551019284862697,-0.0356831902157827,-0.0649350046166508,-0.06173273289204961,-0.008403453102266312,-0.049689467207783,-0.07098765999891832,0.008078855120027484,-0.010204078773439873,-0.046989746600609617,-0.06060606243050637,-0.02547768323954236,-0.011494241848790776,0.04761900187328871,0.03937013565078695,-0.01772329471587586,-0.012345725525951368,0.0,-0.050000049670535285,-0.09987114336452851,-0.1111110914881831,0.12048195885857527,-0.008559300400696523,-0.042553214424603025,-0.048611099153388904,-0.01789074438699545,0.0,-0.01898739859760079,-0.031304327991790726,-0.017469794389882054,-0.03056455321197038,0.0,-0.017543843138140613,-0.01918465106300693,0.004237284282951448,0.015193389087278408,-0.006746626797875188,-0.021902801457695298,-0.035058358820373337,-0.0024629931491653156,-0.037647022920496376,-0.08333331781129005,0.004651118529713116,-0.039682502138671416,-0.01997635766002992,0.016666650772094727,0.023809572804273094,-0.008438818226633393,0.014778311237724884,0.0,-0.0145191283520959,0.001793763089501077,0.006783879698823547,-0.009852207106110566,0.0,0.0038240881173183805,-0.0025740001255609712,-0.019417457749564604,-0.08805030362005617,-0.014153737216488826,-0.009708728874782357,-0.017182195622028718,-0.08333333333333337,-0.19310350440770163,0.07538332590593777,-0.028368767143733042,0.010938913640663461,0.0208333760189523,-0.04137318024285619,0.0,0.03205132907664465,-0.024714849578733378,-0.02580642779585396,-0.004502263357191283,-0.043611706825942065,-0.006286011314431517,-0.07305939801378825,0.0,-0.02590677842243061
2025-02-25,0.0652955527299992,-0.033393491706390166,0.027777750183035854,-0.014205576103424322,-0.016949137131806236,0.032679785921928106,0.006644511956771071,0.004452389695627446,-0.048600880004342595,0.016949173712444088,-0.06451613109971022,-0.09710550496253467,0.13081396517397703,-0.13111888592829324,0.15151509130844198,0.021512845609180653,0.039999961853027344,0.042553214424603025,-0.05263152941442195,-0.0529707022654099,-0.025000074505802994,-0.07526880893449261,0.008633194505890174,-0.011111100809073515,0.02189782444609789,0.0028762601692406964,-0.19148936979691877,-0.009677410423445276,-0.010771985773025294,0.002629043635144601,-0.024136281900326906,-0.08264464519769821,-0.031249970064631705,0.0024449876171646068,-0.046413460087520786,0.001360575375726647,0.0,-0.06666668387770114,-0.008650551716246624,-0.06666671768627785,0.0024449270590736205,-0.01136362558800319,-0.004629585777518486,-0.018595072262501566,-0.016952593764541835,0.0,-0.02906980854295338,-0.004255359462247754,-0.024271822186955783,0.01593623984263237,-0.02025776430105375,0.015219344237493493,-0.02235838944774171,-0.03482587576122942,0.09574465319386105,-0.03809520176478798,-0.003870994813980566,-0.01980196150035629,-0.00689654492027858,-0.0536828771666118,-0.007328449648098867,-0.01748250145114394,0.022727250149756628,0.0,-0.010297038767597466,-0.0024331456343007485,0.010820548594048462,0.01530610755402484,0.00826438898771542,0.007782144069575336,-0.03105594477100304,-0.0107213068126365,-0.0033112551411966784,-0.010122123824716112,-0.01857791743167847,-0.010015819330067899,-0.049261096182871555,-0.05714287076677593,0.01832148135606171
2025-02-26,-0.034749002761329084,0.014005566572922845,0.030405376016702235,0.04816073227140483,-0.008620681681899223,-0.01265829088137238,0.016501634583630187,0.01950362478600831,0.06501553560975704,0.006060600368335001,0.022988483697581552,0.01861430235321837,-0.0334190516542725,0.03822938938456821,-0.09210525490240362,0.002038056936168653,0.0,0.0,-0.2962963330892855,0.02494337783813627,0.0,-0.011627895694091173,0.019971488149367556,-0.02247188904267039,0.014285700661795575,-0.008604125390040185,0.947368470585578,0.009771977863882952,0.014519046661441992,0.013731690569436905,0.03493573126487903,0.036036001204980295,0.023041451870212448,0.0,0.008849549119871458,0.05163038460738578,-0.036981099495177916,0.030219749570223664,0.012216434804252607,0.010582000570312333,0.05609756693252854,-0.022988483697581663,-0.0186047714973423,-0.006315833643863122,0.026483266932810334,0.018852499959546964,0.011976108173510136,-0.004273544932111961,0.014925358971198843,0.07450982775426063,-0.010338402894939258,-0.008818375672323575,0.015664100609532827,0.015463861356732833,-0.13592231998413007,0.029702893636613048,-0.015544027049267939,-0.010101000370632551,-0.010416739102864003,0.007255962739413757,-0.04199889918086108,-0.03202843985836068,-0.00740740021233377,0.1196581118205593,0.00020012277555170321,-0.007317008211950138,-0.00802855952556869,-0.04020102639796852,0.000910767695696979,-0.015444099928482169,0.05128208067290285,-0.012807799571664003,0.036544815762240335,0.008630079430759663,0.10428493365932323,0.013311985884884026,0.03238342056921151,0.0,0.0037725209393233428
2025-02-27,-0.026500034332275435,0.003683237856129562,0.00655737089809616,-0.0730824383147981,0.0782609002125969,-0.01923075159625831,-0.00974025069249762,0.0008695879436146914,-0.039244212645255794,-0.0256024216434092,-0.04494377808534078,-0.026395961300769155,0.3430851605168941,-0.027131757873173123,0.014492739851898806,0.0,-0.040865347142048924,0.0,-0.10526313725600922,-0.07079646079938018,-0.07692300638503313,-0.04705884745376676,-0.03916094488066324,0.03448272554637244,-0.01408449379940424,-0.00964325470368943,0.0,-0.038709641693780994,0.003577815199532486,-0.00714725911269809,-0.042867762493936645,-0.08695654427396826,-0.018018000602490147,-0.012194992321196696,-0.013157882353605488,-0.031007723283626443,0.0,-0.004444350571633171,-0.0603448913723883,-0.09424081188143407,-0.0554271998491741,0.030588191240305207,-0.004739291973947624,-0.021186421414757683,0.008799936992550439,-0.004022541392379786,-0.01775153229781612,0.0,0.0,-0.023722648538037294,-0.09211769591192509,0.012455546812597973,-0.011104158420315202,0.021996635837113088,-0.04494377808534078,-0.028846081544659063,0.01184212548911101,0.0,-0.08070176377887939,0.015062158269842252,0.0,-0.04411769217479555,-0.0298508060193573,-0.19083970299231712,-0.004000815287541815,-0.02702705869162214,0.006294936649695826,-0.07853402030340195,-0.01273879823149382,0.007843180832779684,-0.024390220854836775,-0.020958086681948318,-0.05769225478877493,-0.01624948382958913,-0.17999064308295554,-0.015764628581108497,-0.02383934571957269,-0.060606075931405656,-0.016767904842327486
2025-02-28,-0.11093990362550055,-0.0036697213993499567,0.026058685297797535,0.004293469921924586,0.10483870502565207,0.039215727523399746,-0.01311474179619243,0.0060815725798930576,0.046898644585791294,0.004636817740524268,-0.01176476445577379,0.007299238134561348,0.15445538683389382,0.047808814515378995,-0.07142858967489152,0.010169492642358557,0.0,-0.010204071702683226,0.0735294285220669,-0.015873075943202752,0.027777750183035854,-0.012345667202249944,0.0043668270811165755,-0.011111100809073515,-0.021428585052490234,0.0009736588378415068,0.054054001807470664,0.026845611810072167,-0.005347590110121869,0.017002567000601987,0.02590512718858795,0.00952380087370197,0.027522908689077363,0.007407275523088508,0.017777760823567634,0.007999992370605558,0.01253920197125491,-0.0062499932577312345,0.014678973090459513,-0.10982662145993205,-0.012224985053662207,-0.04566205758094544,-0.0047619207097546745,-0.051948003693320643,0.0005949646224883143,0.0008077729232143227,-0.012048181523292234,0.0,0.024509781005518594,-0.013084055340562895,0.06171539466702547,-0.03339192536199609,0.047099134649169816,0.013245020564786714,-0.02352945878843815,-0.021782203833619507,-0.0039011976053473507,0.010204071702683226,0.03435120477827258,0.0361289314836748,0.018015411179864715,-0.015384601277006582,-0.0692307057465299,0.009434066238082961,-0.0012050888167849383,0.002525250092658027,-0.0008935903112140542,0.02272725117600638,0.0,0.011673216104362893,0.0,0.019367948242220878,0.020408143405366452,0.013082803799248977,0.0019004616276752095,-0.009076336966350684,0.04241638020174632,0.09677425805289541,0.0035284549398537646
2025-03-03,0.017908803168997567,-0.010128882150526874,-0.09841275295642815,-0.05907502855833946,-0.014598526172921567,-0.03773588725110655,-0.016611279891927455,-0.032815131669480246,-0.013005835740934057,-0.0030769201425405734,-0.023809501846360326,-0.04761905232019292,0.09948540845560694,-0.10076049177682567,-0.0692307057465299,-0.026174473395851328,-0.010025053072035384,-0.06185567073657816,-0.0958903986554499,-0.10161284790078584,0.16216211281816673,-0.05000002607703169,0.0028985125018887725,-0.02247188904267039,-0.01459852642697701,-0.014591333781785898,-0.20512816985918325,-0.08496731873370122,-0.0017921135252711995,-0.03154915220843757,-0.04061458784897398,-0.09905657088387165,-0.04464281437804518,-0.004901960466970667,-0.08296945868362127,0.01851850099804664,0.0,-0.008984806674815493,-0.07052447170454446,-0.12337658618026803,-0.07920790501592567,-0.055023926344631935,-0.04306216231495463,-0.06164382965112725,-0.02021000409885587,-0.09604523818265553,-0.030487776068545913,-0.012875496173325063,-0.023923423143372258,-0.022727340459820944,-0.02364529853577635,-0.04181818528608838,-0.0753648734672746,-0.02287579560515074,-0.09638552399916434,0.004048579088026694,-0.039164454291609196,-0.02020200074126499,-0.11070108785733312,0.03486944630804478,2.5351478634139113e-05,-0.015624985448084439,-0.024793462523359122,-0.07476639158288867,-0.045244319740824546,-0.05037784540110679,-0.009839052535681736,-0.07222222148636237,-0.002765040146610942,-0.0307693984408991,-0.08124999580904846,-0.03400001525878904,-0.023333311080932617,-0.01976781729524224,-0.03717759586090885,-0.004310413794671564,-0.05672004695229316,-0.05882354178643112,-0.06123645142632006
2025-03-04,-0.015323521277165741,-0.04558137405750362,0.0176057014950608,-0.01652208317458459,0.029629600849335302,-0.01307188320294328,0.033783751129669026,0.0035713476675152123,-0.008784740610687125,0.0030864168005624304,-0.04878051439826525,0.023913072998898333,-0.07176287817427751,0.027484167847082297,0.0,0.0006891844003700243,-0.07594935409993331,-0.03296706607672484,-0.5454545454545454,-0.02692999833834664,-0.023255792462719804,-0.026315764707210976,-0.005780270816551636,-0.04597703590624891,0.007407435664424256,-0.006910186827375875,-0.11290321340173892,0.035714337412192876,0.010771985773025294,-0.017680571003025114,-0.005390770368098541,0.015706853991273695,-0.009345896432088385,-0.04187191845820881,-0.023809502184254927,-0.020779201477328257,0.0,-0.025385287293746117,0.013618710793710243,0.029629600849335302,-0.002688169458695655,-0.01265829088137238,0.07000004091928247,-0.017031671383796465,-0.0050557031183923185,0.008928605640421639,-0.006289302046118661,0.08695652173913038,-0.004901956201103785,0.007751930820906638,0.023208930318067145,-0.027514227979374972,0.015141730009401666,0.005016757477033895,0.10666664441426588,-0.012096762564130281,-0.05706522672213532,0.0,0.016597493953715015,-0.06558379120640334,0.0,0.09126984952949235,-0.008474568565903118,0.030303001111897654,-0.06718615538046258,0.007957552133036838,-0.0018066399856095927,0.0,-0.05083172389770407,-0.031745914320702284,0.013605428936910968,-0.03002070045898786,0.01706482975327095,-0.015676596410578947,0.007486230903873681,0.012987115962260098,-0.02745098503647614,0.03124996973201677,0.03651679574011202
2025-03-05,0.03170024351399792,0.02339179003549785,0.020761225121661564,-0.017219649584560903,0.021582713452168223,-0.02649004112957354,-0.01960782480441492,0.011565879089634468,0.0,-0.029230778033916716,0.025641078544558438,-0.0414013099961873,0.06386556749954764,0.026748895891439695,-0.00826445466776271,0.0,0.06301370220932356,0.40909092756342313,0.16666660043928627,-0.00553509398266705,-0.023809501283202916,-0.06756758280615438,0.002906938298890438,0.0,-0.014705938038939936,0.044731665680522115,0.14545451195772108,0.0034482724601392345,-0.00888098892450917,0.016510851023014972,0.011955980221386442,0.0,0.01886802001456611,0.04370179651850914,-0.029268265451297903,-0.005305034755357818,0.0,0.020465188854716487,0.019193839520226685,0.003597118908694741,0.0026954151914919677,0.017948793189297874,0.07476630208790502,0.044554413375801794,0.053455328405080715,-0.007079639146523986,0.031645538581142496,0.040000000000000036,0.029556622475449545,-0.017307630586903988,0.02366861567970302,0.032195114507907796,0.010472863259568532,-0.018302850137306925,-0.012048181523292234,0.010204023045831345,-0.018732004808222458,0.051546341073743784,0.0,0.010302700586244384,0.002379719186375695,-0.018181800842285156,-0.017094001418896276,-0.00980391240220746,0.06321966988442562,0.02368425097822202,0.047963775911568085,0.011976108173510136,0.0340797869712679,0.020491916005097588,0.013422805905036084,0.0,-0.0033557014762590764,0.011664346139574455,0.052014076635881645,0.026709515106903448,0.06182796164101445,0.03030307408973054,0.03763926631917425
2025-03-06,0.0050279415925083,-0.028571446736653683,-0.010169481662661628,-0.022649520852007776,-0.007042247017941761,0.08843536918467487,0.0033333301544189453,0.0017590609964870385,-0.044313194043987814,-0.015847845568841445,0.03749996367842012,-0.00885934950960754,-0.028435992181377157,-0.03206409914849684,0.00833332505491069,0.011019289094621243,-0.015463963770208755,-0.04032254188043427,3.114285947838612,-0.020408100074586488,0.07317075770973958,0.0724637856430379,0.024637644503177514,-0.0361445445698767,0.03731343389805564,-0.01998102479346131,0.01587300085546861,0.013745690952998268,0.00716845410108502,-0.03332181801636336,-0.045368632678702836,-0.020618597877583134,-0.004629625030506013,-0.009852281164708376,-0.010050241623450806,0.03599999745686855,-0.001548047136737063,0.0018231520485312291,-0.007532949582686688,-0.046594938279496345,0.008064508376086854,-0.0075567276300548825,0.021739147355563482,-0.004739332208735791,-0.024310347357191175,0.0,0.01226992698467555,0.003846117253407,0.009569369257348859,0.023483342940062046,-0.029865165337081168,0.0,0.005025120811725348,0.04237288067101819,0.25609753704156124,0.024242498387905043,0.03671071983856167,-0.01960782480441492,-0.0734694135730235,-0.03632891437759456,-0.027630458061265628,0.01481480042466754,-0.03478257624548575,-0.05940594351556927,-0.03397745739937452,0.02056553253178528,0.02245252423098676,0.017751461759777376,0.0037664747913432883,0.040160559582688826,-0.05298016120569693,0.019210278268326997,0.0,-0.03222460486484324,-0.13921929312240566,-0.007284194591750559,-0.10253163708877999,0.02941173583166079,-0.016540908588736913
2025-03-07,-0.0022234023728520125,0.009803959150949337,-0.027397315080268658,-0.0170529638253456,0.0,-0.03750003818422498,-0.01993353587031299,-0.009657675391381959,0.02318395198501233,0.00644121765013117,-0.012048181523292234,-0.018994422337077488,-0.08943092393594565,-0.033126262927420824,-0.00826445466776271,-0.00885564388054172,0.00523559719267741,-0.0588235706606518,0.09027777087909228,0.0208332674822449,-0.0681818407593342,0.13513508506549265,0.0028288874381292572,0.03749996367842012,-0.007194203635955465,0.020388406040046547,0.09375000582076631,-0.013559308883548837,-0.012455507939925559,0.004831518018847181,0.013366358283603663,-0.015789458824326585,0.027906948892152172,0.004975190082340486,-0.010152274434545583,0.02960103212845322,0.0,-0.021838102183361352,0.005692639452927528,-0.015037668789816938,0.05066668192545576,0.02538076249469956,0.09361700553128571,-0.04047609694690235,-0.01661058250930758,-0.005347630854610319,0.006060600368335001,0.003831454216732144,-0.004739332208735791,-0.02294452870391006,0.0387289329833056,-0.035916835272320924,0.02156245708465576,-0.016260146842582146,0.029126186624347072,0.0,-0.029745048137251873,0.0,0.06167405554207672,-0.013227463350959034,-0.010389600738664129,0.02554742080261274,0.054054001807470664,0.08421050980480738,-0.006155255741102428,-0.010075557069209928,-0.019425717309671908,0.011627895694091173,-0.009380809495948217,-0.011583074946361571,0.07692308974817585,-0.0146597215211135,-0.02020200074126499,0.0030547332325625565,0.020297961538198628,0.002620638131989761,-0.011283486880723781,0.028571401323590928,0.02596639374340115
2025-03-10,-0.001114231582929337,-0.03883500629100978,-0.07394359368838843,-0.1392348409476536,-0.0070921919858044635,-0.01948050138499524,0.010169481662661628,-0.03280141314791951,-0.04531719795527567,-0.014400024414062518,-0.06097562482568364,-0.020501065714788158,-0.01071427567880967,-0.08565312394702718,-0.025000074505802994,-0.02680410057064153,-0.007812492724042275,-0.035714251502436234,-0.19108284172157952,-0.1066790025061819,-0.07317075770973958,-0.011904750923180218,-0.02961914208509131,-0.06024097942928763,-0.036231883557196864,-0.0333017998698234,-0.3571428632249638,-0.07903780491052137,0.007207202476195773,-0.03301263827622636,-0.07230093996098019,-0.053475948442173626,0.0045248824844552615,-0.019801978903386974,-0.010256461357301072,-0.03125,-0.03953475687680641,-0.01581393719587998,-0.03207548493887402,-0.0839693892370933,-0.14467009222926086,-0.01732673029954057,-0.02334628181842424,-0.0322580912339705,-0.004222730093384364,-0.0008960778690472182,0.0,-0.01526717557251911,-0.04761900436850974,-0.04696677919463421,0.04588905740782012,0.0,-0.0052003112905124604,-0.03140496714552676,-0.047169768882415086,-0.05917163324997621,-0.02189782444609789,-0.04000002145767212,-0.10788380962801458,-0.08042890527750102,-0.0026246694523468506,-0.06405687971672136,0.03418810472607792,-0.0873786177416297,-0.03915064130960311,-0.04580154292611183,0.00775195135652984,-0.03448279405745802,-0.04261370691837407,0.003906271619044777,-0.03896100276999048,-0.03188099846966186,-0.041237154789775854,-0.033881472789469624,-0.1301587624524636,-0.018295905596007134,-0.0955777538399335,-0.02777775202268362,-0.014380212637827516
2025-03-11,0.0011154744798247407,0.030303050736824266,0.011406832731696515,0.020671814503596897,-0.04285710271523857,0.039735140640910105,0.006711402952518153,-0.23189733705119064,-0.058544351801252614,0.0,-0.012987000923330161,0.11395343008913317,0.032490943967157904,0.30679155705646965,-0.0683760056755851,-0.003531028070846043,-0.13910760612849649,0.01851850012202405,0.12598422757823413,0.02596053967072187,-0.026315764707210976,-0.012048181523292234,0.010174356314868849,-0.025641002128344415,0.007518753861753602,0.0019686861707233216,0.1111111405455043,-0.0074626792643007756,-0.012522446302745793,0.010538768548803201,0.012462712286059219,-0.03954798530910497,0.06306300210871574,-0.015151447441167698,0.010362746465985007,0.005161285400390625,0.020177498279984274,0.0028354406190977954,-0.005847993984229971,0.0749999254941971,0.005934783389992537,-0.02267003275252588,0.04382459159173968,0.007692300168250066,-0.0032311295328734113,-0.004484236661089436,0.0,0.015503875968992276,-0.009999990463256836,-0.008213544721353827,0.010968998522502105,-0.009803865653465582,-0.023985260629333593,0.030716693555887797,-0.05940594351556927,0.03144656099941878,0.016417930842668182,0.0208333760189523,-0.013953585338433494,0.012390619034686745,-0.0026315764707210976,0.0038022775772321715,0.15702473720756283,-0.02127657550770312,0.033379392467289826,-0.045333353678385424,-0.0034188002141121165,0.0,-0.010880282929049967,-0.05836579036705547,0.054054001807470664,0.009879270689316044,-0.046594938279496345,0.004098070820927946,0.01897816600857727,-0.0010649796772707054,0.025236568385065494,0.028571401323590928,-0.02363587284713664
2025-03-12,-0.013927576009699294,0.05490200294984571,0.007518789579387564,0.03240503238726267,0.029850717057203102,-0.031847178251670494,0.0,0.02147981059665227,0.0016807064749924105,0.0,-0.09210525490240362,0.027139898846810562,-0.029720210785373347,0.03405018993159192,0.018348605792718242,0.0276399458731591,0.03963418157770149,-0.009090900224102638,-0.153846096133209,0.002024241281143757,0.054054001807470664,-0.024390220854836775,0.05755398617143603,0.07894737254879813,-0.014925359325276832,-0.005894074745044664,-0.06000000238418579,0.04887213226601883,0.010869653353427378,0.012338336205011347,0.03796811635617203,0.05294112449698951,1.614406928201757,-0.0025641699426808273,-0.020512861581634567,0.04749677629922222,-0.026107619898157464,-0.0018849174528950963,-0.04313721456971287,0.12790704336556846,0.03244834563181653,-0.012886662078542943,-0.05725176235031326,0.00254452679221151,-0.006077780721839843,0.022522521748499003,0.0,0.007633587786259444,0.060606002223795086,-0.0062111249368659305,0.04430377509290784,0.011881176339284538,-0.018903603837316263,-0.02317878598837686,0.042105286273269815,0.01016254331755384,-0.008810564358837869,-0.010204071702683226,0.04716988134401512,0.02735786623328318,0.002638519937706807,0.018939375124797264,-0.035714252262698754,-0.0326087287502157,0.017598594926902855,0.01396653402246506,0.010291585517105739,0.05357145011222353,0.017000007629394576,0.012396762973292175,-0.03205125266043052,0.0076087662988904015,-0.011278184369081234,0.007456221850053124,0.11270289602736816,0.0031982410611453016,-0.04153845860407901,0.02777781825006853,-0.020621597297926453
2025-03-13,0.008474554353937958,0.0055761584262175035,0.048507415217954986,-0.05100534768562548,0.007246369925949514,0.04605266666478447,0.013333320617675781,-0.021028130339752593,-0.026845618644229075,0.0,-0.07246378564303779,0.020325183553227655,-0.0756756868216133,-0.0190641479857927,0.08108111010696084,0.000689659703078993,0.04985332363531403,-0.10091744122626767,-0.38016530879736943,-0.006060552348919224,-0.07692300638503313,0.012499987892806708,-0.002721120188276527,0.024390220854836775,-0.007575714336391148,-0.03656126142769023,0.0,-0.03225803419349749,0.003584227050542399,-0.021909290619777533,-0.027225641898613984,0.016759827507484282,-0.0615883484184927,-0.0025706260128557368,-0.052356034340015234,0.0,0.0,-0.019830007589846654,-0.040983664223788296,-0.09621991860176926,-0.0771428516932896,0.010443885765437644,-0.03238866606357671,0.017766540772783612,0.05075419433783068,-0.01233483159624571,0.012048181523292234,-0.007575757575757569,-0.004761900436850985,0.018749931703013978,-0.035497821700557375,0.0009784026366201903,-0.017341008951921144,0.045762707891905396,-0.04040406168924138,-0.038229293441473966,-0.019259276213469345,0.010309268214748757,-0.01351350045186761,-0.042046357806289625,0.023052629960871096,-0.033457305083066324,-0.02222220063700142,0.08988769011370557,-0.041155890007781415,-0.00826452034781,0.04753823703826643,-0.10169488671615179,-0.01769914491892266,-0.028571382191785122,0.02649004112957365,-0.0819849181609621,0.07984782912187627,-0.02189152474283307,-0.07424890982333698,0.0005314100283582146,0.174959895545874,-0.08108106714865881,-0.006713494587425428
2025-03-14,0.0,0.0018484711948041355,0.053380817943738945,0.07751937831672895,-0.057553988301194736,-0.04402518929722532,0.019736823530408287,0.01431983491544031,0.0,0.016233828562794095,0.01562498544808455,0.10657367518821537,-0.009746625656812946,0.04947000306658533,0.00833332505491069,-0.024121320034646843,-0.02234634788015244,0.05102035851341635,-0.0933333237965902,0.15040645521200458,0.0,-0.061728409597230804,-0.0027284770547859605,-0.011904750923180218,0.06106864227211517,0.01948715084097663,-0.042553214424603025,-0.0037037001061669406,0.014285704991901849,0.032487677750427046,0.06438874971444442,0.03296700057711699,0.11226253879963854,0.00789465694356073,0.02209949299826519,0.0024510365364791564,0.0,-0.019267899176161785,0.06837610756387047,0.13307980585657542,0.02476777809091235,0.07235141482099539,0.0,-0.029925216241477037,-0.0069835839490913765,0.03300623410347847,-0.005952375461590109,0.01145041799280233,0.12918659905009022,0.02044987880632343,-0.004488347324408615,0.026393007805027624,0.02581696072974915,-0.0048622705733205596,-0.03157891764865317,0.03347276995590853,0.0,0.0,0.0639268780035025,0.2165324844413361,-0.0328222956086236,0.042307745211225045,-0.17424243176826293,0.0,-0.010273990200408312,0.033333368654605344,0.008914072554057295,0.05660371841506828,0.011011072359539131,0.029411715557906115,0.05806453944989287,0.021151509595801254,0.0,0.028514547916585586,0.11682895194330256,0.012214486393520962,-0.10109292767781031,0.02941173583166079,0.03348694863706303
2025-03-17,-0.03361346603065585,-0.017527724297333847,0.02364862579076843,-0.07290169927836354,0.03053441435840476,0.0,-0.012903213897927035,0.015294173562884206,0.022413750962649415,-0.022364271278590753,0.07692309808448994,0.033303321061464386,-0.04330704596372359,-0.038720541558565524,0.008264454667762822,0.009887002159295832,-0.008571420397077256,-0.019417457749564604,-0.13235298887049818,0.022968218718302014,-0.0833333609280752,-0.026315764707210976,0.015047885106759917,-0.0361445445698767,0.0071942722456204145,-0.023138692258190874,0.0,-0.00743493698925024,-0.0017604706219116473,0.010200994601366142,0.009195004636429749,0.01063828775385156,0.40527952023666525,0.010443849416425621,0.03243240108448231,-0.025672433636861336,0.0,0.05108059848166113,0.056000041961669966,0.04362411919136733,-0.0060422904145789325,0.036144616382703276,-0.008368335154583684,0.04113112635369198,0.01562821640365475,0.023316101860323846,0.0,0.0,-0.0296609899806608,-0.004008012393562077,0.07213707662106583,0.03428568158830925,0.0031857401533657015,-0.008143276056180704,-0.07608694736696164,0.0,0.009063435621868399,-0.010204071702683226,0.012875524623216839,-0.07035469039569786,0.026595719384628902,0.0332102999639996,-0.0275230180553947,0.10309280504365881,0.024682808131192502,0.032258033504347416,0.03614456354692086,0.21428572949098124,0.024752474312641715,-0.008163208573879976,-0.012195110427418387,-0.027617926663648706,0.03873244254888619,0.016572436231517607,-0.046699875171198224,0.016264636948329247,-0.0030395108143480565,0.08571427209036697,-0.01813319326454177
2025-03-18,0.009855076886605474,0.008450718855547823,0.006600653833452208,-0.0589756541204306,-0.00740740021233377,0.006578941176802688,0.042483698324135455,0.016222451158682816,-0.033726769496370324,0.066993518286939,-0.04285710271523857,0.04094079144338125,-0.0699588772113936,-0.010507870819386644,-0.01639342660450327,0.006993121073417319,0.017291049649809764,-0.029702942250534492,-0.050847411395418596,-0.1105353835409647,0.0,0.02702700090373522,-0.020215634597197996,0.0,0.021428585052490234,0.007208983343198749,-0.02222220161814692,0.0,0.0,-0.01372472011669379,-0.023497438888705147,0.0,0.032044194004539506,-0.007751927102968681,0.05235603434001512,0.010037691674931626,0.0,-0.020560820479350705,-0.0681818407593342,-0.0032154311255848667,-0.018237064886088117,0.0,0.012658324830064016,0.08888879993161791,-0.009424949501070312,-0.01687770097055874,-0.01197603679070025,-0.007547169540359833,0.004366808135300104,-0.0321931296109651,-0.03532380691055326,-0.054327736424081285,-0.007621459919421314,-0.027914625949837624,0.03529408299799286,-0.010121495982936546,-0.002994009197675007,0.0,-0.004237284282951559,-0.02652003490397914,-0.00518134234975598,-0.01071427567880967,0.05660383512049805,-0.07476639158288867,-0.016208857174362046,-0.0182291496894319,0.003875983892514201,-0.034313693407726165,-0.033816460731378783,0.012345643652670546,0.04938274239498086,0.009467446806133317,-0.03728818024961533,-0.016150072322005937,-0.09906377545893064,-0.004130163284070898,-0.015243888034273012,-0.026315764707210976,-0.002724800360704327
2025-03-19,-0.014925386207986224,-0.009310933885150252,0.02950824721146006,0.029136820436290956,-0.08208956086946273,0.0653594939292863,-0.012539172769758689,-0.017103764984682246,-0.006980776739935801,0.022970844366125398,0.029850717057203102,0.006694554391877716,-0.02876108738705574,0.01238932630843892,0.0166666501098216,0.006249837997913454,0.04815866222996479,0.0306122151080499,-0.08928573519295568,0.04854368842145895,-0.030303061318608826,0.026315764707210976,-0.006877693486294967,0.0,0.020979034037302835,0.0194273735845778,0.0,0.0149812586929019,0.0017635753444951163,0.02602929793560138,0.021607415046051015,0.02631582744894323,0.00321196279240743,0.015625045261453474,0.004975119657066207,0.027329225070332086,0.010560564374850534,-0.0019083951131096955,0.050813007342129124,0.03225811165403902,0.018575833568184263,-0.020930239972454356,-0.02083334887342503,-0.006802660773060132,-0.018252390935745266,0.002575166319987554,-0.006060600368335001,-0.007604634813220601,0.004347822030685622,0.0020790496883160703,0.013949419676304586,0.011684506349594947,0.01759997558593751,0.001689147283075343,0.02272725117600638,0.02044987880632343,0.009009000623754648,0.0,0.04680856935251798,0.025913627767749414,-0.007812492724042275,0.014440419540959093,-0.017857125751218117,0.020202000741265103,-0.0022883818552050794,0.0557029281722603,-0.007721963650058505,0.01522841165181843,0.03500003814697261,0.01219518849176282,0.005882347166332069,0.02696371666010955,-0.021126741053825282,0.021680330903093292,0.061623952905728974,-0.009331306344401047,-0.006191944522728088,-0.08108106714865881,0.010625449405288201
2025-03-20,-0.002330944553285863,-0.05357148779193843,0.0031847102322188903,0.016559903026805545,-0.024390220263873164,0.018404890477013325,0.00317460005095338,0.0046403793720415365,0.0,0.005988018395350014,-0.04347821955569664,0.04571905261372966,0.03872439213307732,-0.012237709334229407,0.07377041972026466,-0.006211020128309652,-0.024324365250814717,-0.01980196150035629,1.7058823941900663,-0.03148149505400666,-0.031249970896168877,-0.11538458599376378,0.005540300311533963,0.03749996367842012,-0.0342465744476691,-0.025075076456672174,0.06818182126057049,0.025830233305333072,0.012323935757345472,-0.003794887042815387,-0.011216094615672856,0.07692300168250155,0.23372471299949704,-0.010256461619240653,-0.08415839539101477,0.01451026347240747,0.035369702020379146,-0.009560220243140738,-0.019342341036144073,-0.11875003399327344,0.02431608651478423,0.021377679943730854,0.008510557718932832,0.06621003522280589,0.004944633108254104,-0.0008561839572388541,0.030487848757137836,0.011494289745104025,-0.03463200246221376,0.022821504721924235,0.027515020780341848,0.0,0.014779912955324104,0.020236149387859337,0.022222267845531718,-0.018036007991752867,0.0019345255729124045,0.010309268214748757,0.00406503671064562,0.025259073538319354,0.0,-0.01779357769908929,-0.08181821038900261,-0.009900980750178201,-0.0013760908415939577,-0.022613043652764286,0.00389099109542812,-0.004999995231628418,-0.02028985801033878,-0.01606434362386089,-0.017543912239656678,0.025114076210768888,-0.010791356726084111,-0.004395673341496598,-0.02139764671474942,-0.003663010778324094,0.0015575937579195287,0.0,-0.00901169206398611
2025-03-21,0.007593408551048952,-0.01986095484868111,0.00317460005095338,-0.04308994075592942,0.04166662527455389,0.07228916095257998,-0.025316506313829312,-0.015011601733318836,-0.024604561404990455,-0.01041662157882628,-0.030303090509739783,0.015898236127033005,0.015350915030649892,-0.008849591131132817,-0.007633580839735754,0.0,0.07756238724237341,-0.030303061318608826,-0.14492757128607558,0.036328882701250675,-0.0322580975953628,1.4347825410911401,-0.026170863893824614,0.0963855958119908,-0.00709222544427357,-0.013374578812484716,0.02127657550770312,-0.010791356726084111,-0.01913051317530312,-0.006066503918464861,0.007454177974913101,-0.028571402621105912,0.23615912137889428,0.0,-0.048648666064176505,-0.007151420400650088,0.0256212206740285,0.0038610972945203326,0.02366861567970302,-0.024822671950315622,0.06528190981636528,0.0697674434722726,-0.016877586590905547,0.06423976638042816,0.009643756153529859,-0.010282766475969929,0.005917153919925866,0.018939429977705258,-0.03139010432469913,-0.004056791404240978,0.012552349338808444,-0.008662189568235168,-0.0173536214858121,0.0016528515255240794,0.06521739271277505,0.05510203585134166,-0.006386417003136802,-0.010204071702683226,-0.008097158176053498,-0.02969049631446763,-0.041994711237550164,-0.018115924814873563,0.029702942250534603,-0.050000011920928955,-0.01998168875260098,0.0128534578323658,-0.020930194734386953,0.010050241623450695,-0.014792955337853186,-0.02040807216243512,0.005952446419502655,-0.006681455345312948,-0.03272724151611328,-0.002131326004281675,-0.02721567662158564,-0.013130204405760293,-0.029548998801381177,0.0,0.01667169472802854
2025-03-24,0.0,-0.03140825425904481,0.012658215432457043,0.036243920260463636,0.02399997711181645,-0.039325805824673155,0.022727329024459175,0.008206431183408913,0.05945945197100855,-0.055639079737282104,-0.062499941792337754,0.030516459426567222,0.0,0.089285715806241,0.03076929425347008,-0.017361291113429544,-0.05141389261958451,0.13541672681458428,-0.03389827426361236,0.1033210211986666,-0.033333302427220435,-0.1130952047281244,-0.001414478882364012,0.0,0.03571428571428581,0.013555883038556704,0.0208333760189523,-0.021818161010742188,0.01595753025228519,0.03638186595708137,0.03755181390018092,0.004901956201103674,-0.25052483787703417,-0.005181339858271405,-0.028409063970007975,-0.02160868029104357,0.0,0.00480759037575762,0.12138730394895592,0.054545489224520516,-0.06685237194282123,-0.015217389473392351,0.004291804980539826,-0.07645868282604218,-0.005848013808043562,-0.004329020771356551,0.01176469433266436,0.0037175073559307936,0.06481475042708373,0.006110022554106864,0.021487542728154674,0.0533980757815522,0.04005047286127317,-0.016501634583630298,0.010204071702683226,-0.01353968484107948,-0.04783261119945781,0.03092780464424627,-0.004081628681073313,0.06705710271398568,0.035616403459094226,0.018450166646666544,0.03846161781683777,0.052631592156154205,0.007265089913142564,-0.0355330210332383,0.01425180550631766,0.0,-0.015014977173866795,0.008333171075051604,-0.005917224457964498,0.010089703118622007,-0.02255645836920439,0.028835113833886927,0.10282159895837428,0.004685308846604563,0.048076955406859856,0.08823527761809191,0.04770418695428158
2025-03-25,-0.0011594468268795177,-0.039748964201003045,-0.015624984866008385,-0.025437277596033314,0.0,-0.023391859748531196,-0.04126987635083046,0.006976699326566749,0.020408086543088455,0.04140123301884602,-0.016666749450892193,-0.031131347383217656,-0.047516255203240765,-0.01639342724524051,0.007462679264300887,-0.012720726738516874,-0.027100309349716856,-0.06422022964083118,0.25438593464214687,0.030100305646238334,0.03448272554637244,-0.40268457718225403,-0.002832753655155784,-0.03296706607672484,0.006896578032394851,-0.003086555897181542,0.0,-0.03717477357769139,0.005235598765408023,-0.0019174849230184643,0.010256469239011023,-0.019512176967531936,-0.17366943511225796,-0.010416584564495346,-0.07602338732840141,0.004907971009235457,-0.014383108421375246,0.0095694651193039,-0.0034364227382496226,-0.11034488315105817,-0.080597011526222,-0.024282576536375444,-0.004273464106005376,0.06318081747546844,0.0,-0.006086929984714717,-0.005813947847045586,0.003703597730313035,-0.008695644061371466,-0.018218654158990044,-0.029935266653441817,-0.009216624696208542,-0.04608855302793624,0.008389293693764621,0.020202000741265103,-0.007843129921765946,-0.05023543180113155,0.0,-0.03688530757266251,-0.01647319116011503,0.01851850099804664,-0.025362294740823077,0.027777750183035854,0.04999995231628418,-0.014658005463590862,-0.01052630588288439,-0.0007806579667649638,-0.034825837599464116,-0.046747970631483615,-0.02892557484463598,-0.035714252769540544,-0.05660379755008382,-0.03846150319251662,0.00029660608571369096,-0.03837815478655604,-0.0005299832239249458,0.0504587042249085,-0.02702706534118826,-0.0042685746666754065
2025-03-26,-0.0017410783571606414,-0.06318081747546833,0.0,-0.03208266297822693,-0.062499941792337754,0.005988018395350014,0.01986753084718007,-0.012702072536524778,-0.03499999118995378,-0.015290505384687236,0.03389837528843853,-0.00862073733373292,-0.022675716120772793,-0.0033333301544189453,-0.09629629106351545,0.0,-0.025069614574109722,-0.01960782480441492,0.02797208568497278,-0.05600646083401917,-0.033333302427220435,-0.08988762314219356,-0.01562507614396036,0.0,-0.0068493410175966,-0.004655927737450272,0.020408143405366452,0.00772200061362871,0.0034722200260570713,-0.021476648591515213,-0.03491777036028787,-0.02487559828533148,-0.12881359256319413,0.005263081937376235,0.0,-0.015872914215768197,0.004608244143452289,-0.01327022368480446,-0.031034534354554055,-0.1201550201343572,0.012987000923330161,-0.03167420478874772,0.01287552470364517,-0.05942622029758937,0.005882414247789347,-0.006999118247602243,-0.011695895017748925,-0.014760077904799607,0.0,-0.014432927051680422,-0.05004165464962773,0.0,0.023521986649771787,0.0016638521903247216,-0.01980196150035629,-0.007905130890387913,0.011570197126839377,-0.009999990463256836,-0.012765945790308875,0.03411898873430119,-0.022077870606208694,-0.02973983658844115,-0.05405410920322551,-0.028571402621105912,0.012987085515337338,0.0026595719384630012,0.003906264842953311,-0.03092786609233189,0.07675908936507758,0.025531949551063526,0.006172833601125083,0.020000008975758377,-0.04399995803833012,-0.014824661432670583,-0.07034947100855782,-0.007423078289100937,-0.10334789664835531,0.08333338852282068,-0.024006862311893973
2025-03-27,-0.019186041224899197,0.08023250578802665,-0.022222276045109735,0.004494377928932147,0.02499997516473229,-0.04761900369272076,0.0,-0.0035087495039552996,-0.029360983239333227,0.00931676121838998,-0.01639342660450327,0.019762846445765092,0.02320183432950995,-0.0635451694362692,0.02459013990675496,0.00858975238518811,-0.014285700661795464,0.039999961853027344,0.03401357234227764,0.03181426327757775,0.03448272554637244,0.0,-0.002928224176571903,-0.056818195672567295,0.013793090294147436,0.004158072848875705,0.039999961853027344,0.01915716197108419,0.01038061629439091,-0.017249970391354008,-0.02279242575341134,-0.005102035851341613,0.1024643265816243,-0.015706783946226044,-0.006329107716228521,0.004962774165082395,0.0,0.007685007634036678,-0.1334519600128763,0.035242257435351254,0.019230828012472445,0.0070093251326812656,-0.02542370585450271,0.06535941261974942,-0.005068203004619853,-0.0273128113830563,-0.01775153229781612,-0.0037453538519867102,0.004385960784535126,0.0251045774669314,0.04916588666045785,0.00372092668400259,-0.009006239399258598,0.006644511956771071,0.0,-0.005976137434728135,0.00653594160147164,0.04040400148252998,0.021551704204748168,0.05518888062758198,0.0,-0.007662828249186293,-0.03809520349480777,-0.01960782480441492,-0.04125875046172067,0.015915104266073676,0.00389099109542812,0.042553214424603025,-0.032673258538831296,0.04564299047260323,0.03680985408856041,0.04152245138515975,0.008368192488977133,-0.009856148997428371,-0.033955802248978206,0.003739400554635175,-0.0324675023083254,-0.07692312394843659,0.02986812876987588
2025-03-28,0.02074679648545885,-0.04090421054911619,-0.03571425253915794,-0.04642057956732415,0.0,0.0,-0.012987000923330161,-0.0035212187100134296,-0.003558705776545823,0.00461541689359235,0.0166666501098216,-0.03023251171947483,-0.06575963081341285,-0.026785731771771126,0.015999984741210893,-0.007807006990212861,0.014492739601511984,-0.12499994268783943,-0.2368421176463945,-0.018333355585734012,-0.0999999735090461,-0.012345667202249944,-0.024963254622261233,0.024096434859411042,-0.020408176505266273,-0.013457628774803498,0.0,-0.03759403752797941,-0.003424566279086272,-0.016839053595433917,-0.028380422260241067,0.0051282001121668586,0.11529406379250928,-0.018616994379036633,-0.07643312150273551,-0.009876533325735348,0.0,-0.013346029760586742,-0.0041067723606769135,-0.0851063052687262,-0.07547169952781874,-0.0464036686590199,-0.03913039852379241,-0.07157462457848907,0.016653587143979465,-0.048913040191930435,-0.01807227228493835,-0.011278159721375247,-0.01746723254120064,0.022449006402755156,0.04602512129819747,-0.006487460154930069,0.04167978180553167,-0.0016501241153628055,0.010101000370632551,0.0,-0.0064935004616650804,0.019417457749564715,-0.042194054625018906,-0.03411021834875927,-0.003984091497005848,-0.027027002147700374,0.18811887031138652,-0.11000001430511475,-0.0328228119076055,-0.00783289085832184,-0.01317830087760219,-0.06122449103716454,-0.006141291382337655,-0.031745914320702284,-0.023668686217741874,-0.026578048528822618,-0.03734446032472605,-0.018921264387360526,-0.06126041499460411,-0.022352401459797888,-0.05369130362637853,-0.055555504045367354,-0.08103493382145266
2025-03-31,-0.018583025992112034,0.0314253353273084,-0.037037081634600955,-0.012316662397039546,-0.11382112481619477,-0.006249993946403354,0.009868411765204144,-0.018845620002197583,0.019642913380454985,-0.010719780920716349,-0.06557380413054315,-0.018385331071348987,-0.024271822186955783,-0.0018348169531452463,-0.047244050142243865,-0.005722429325359268,-0.017142840794154623,0.09890106723095893,-0.18103446946983204,-0.0016977508100767258,0.07407407679948075,-0.03750003818422498,-0.03614460498807681,-0.03529415312110251,0.0,-0.007345195378497982,0.07692312100935417,0.007812492724042164,0.015463817037893568,-0.0005804961073038184,-0.010240042935029336,-0.005102035851341613,-0.03481012021528096,-0.013550115552968256,0.006896544920278691,0.012468755871280157,-0.0022934771630155337,-0.037681119098535776,-0.026804147834466163,0.027906948892152172,-0.0510204396081696,-0.02433094876089059,-0.03167419688677864,0.03303966886074772,-0.033532520707862945,0.05428568522135424,-0.02453985396935121,0.015209124925089856,-0.031111081441243527,-0.04391222694173602,-0.17919998168945317,-0.004664196780726493,-0.029181744034973978,-0.018181839677106404,0.0,-0.03206409914849684,0.01960782480441492,0.0,0.0,-0.020011803725315525,0.0,-0.011904750641601458,-0.15000004967053537,-0.28089888091942783,-0.008044235913621023,-0.03157891764865317,-0.005498797905841957,-0.05434783805858867,0.04016481377863923,-0.004098281329746101,-0.04242420257834523,-0.013651864172907757,-0.09482760126752365,0.0020137736819820784,-0.03985017085028475,-0.010343016667127336,-0.019503485688163513,0.0,-0.0386757429394462
2025-04-01,0.062130246633727015,-0.029379707988854364,-0.04545450377297411,-0.007719778321691795,0.08256872606723209,-0.025157283158869115,0.009771977863882952,0.014405670050739339,0.03152360883262273,0.035603717912586985,0.03508768627628123,-0.011400602010808392,-0.027363158113864694,-0.0018382773486487203,-0.00826445466776271,-0.00287764703002924,0.023255791388182345,-0.009999990463256836,0.07368420392192299,0.08673465002018443,0.13793103920766114,-0.1298700866419331,0.009374968894306557,-0.012195110427418387,-0.01388887601134181,0.004228297736752484,0.07142860944173757,-0.011627896231359958,0.006768185337107324,0.010892427634477952,0.008480303892762109,0.0,0.09071037795730241,0.002747319714516916,0.0273972334300725,0.002463110596742979,-0.0038314510367689625,0.013052194321573785,0.012711953873680848,0.09049775757081457,0.00716845204299954,-0.027431440350724978,-0.004672852799878502,0.010660919677544234,0.00997011610991394,0.02168028287342172,-0.04402518929722532,0.011235990289189868,0.018348605792718242,0.04384134442993459,-0.06822610074555768,-0.034676652569209265,0.0074371819140086615,0.018518540817300533,-0.019999980926513672,-0.004140782865927561,0.036858978767602135,-0.04761900436850974,-0.03083697525593232,-0.004804717400968772,0.0,-0.020080302058146038,-0.03921564960882995,-0.015624985448084439,0.0005068539844832465,-0.016304396768935914,0.004739369695092366,-0.022988483697581663,0.00990093307113904,0.004115146357231092,0.00632910771622841,-0.026528315327185137,-0.3047618550237863,0.006029415775491431,0.017827280290979575,0.00550065912950215,-0.0452079548851706,0.0,0.07338264569332087
2025-04-02,-0.006128167447138844,0.00224209685182708,0.010989000432297447,0.02633157140424247,-0.0593219799613216,0.025806504705075506,-0.0064516069489635175,-0.01183416782793778,-0.013582374120705287,-0.002989533745209494,0.0,0.01400330078140799,0.05370838749835438,0.033149228520483076,0.0166666501098216,-0.0007213652162826323,-0.019886344779005638,0.050505001853162534,-0.12745097810055184,0.16118939457424974,-0.12121212486101285,0.014925358528601551,-0.01857579033206269,-0.03703707519273092,0.007042280479784058,-0.01263158492385641,0.11666665010982147,0.011764694882648863,-0.0016805837686555414,0.015588071726869934,0.011436238282906963,0.04615380100950084,0.3607214976548019,-0.013698750523305492,-0.006666660308837891,-0.02702705869162214,0.0038461875159143677,0.008919612920311737,-0.01046029048958308,0.1908712793965892,0.03202852470483175,0.015384647126735151,0.03286383623643485,-0.008438810925003759,0.018163828422457673,0.0,0.013157882353605599,-0.022222291131027916,0.01351350045186761,0.08400001525878897,-0.014644386734071646,0.029126231570822947,0.023685035297392076,-0.021487621544211466,-0.010204071702683226,-0.0020789505537704978,-0.018547123562662082,0.0,-0.004545450112051319,0.07543758275564927,-0.0036266962687174775,0.00819671330225158,0.020408143405366452,-0.111111100598828,0.04128675499024337,0.027624349782459534,0.01572325511529682,-0.03529415312110251,0.0,0.004098383201019518,-0.006289302046118661,0.02014219013577545,0.013698616715036138,0.013599656467286225,0.03585105434513225,-0.004376389822930649,0.01325751743232595,0.0,-0.06206890201454918
2025-04-03,-0.06278031556355845,0.011185725521638101,-0.057971045791138986,-0.07521865834091357,0.018018000602490147,-0.03773588725110655,-0.0064935004616650804,-0.01796418942141953,-0.00688465624360024,-0.03148426323012199,-0.20338979711891336,-0.08854590702132814,-0.07766988886684734,-0.05169339660449457,-0.02459013990675485,0.010108157971049803,-0.011594191681209676,-0.04807687899064572,-0.13483146819904634,-0.08490567492764545,-0.17241376475403358,0.0,-0.08832814056718763,-0.03846150319251662,-0.02797206761324067,-0.019189774653996294,0.16417903277677137,-0.003875965410453319,-0.011784591142617873,-0.06408272812534632,-0.06734283635005389,-0.09313722625689835,-0.17231223606290658,-0.03611113107137265,-0.14765102496786553,-0.021464655890949702,0.0,-0.021610881686151773,-0.08456661601574023,-0.038327491108731127,-0.12413797299161544,-0.05050507787173786,-0.018181877362594356,-0.01063823743123149,-0.01337982335127319,0.004420798868745024,-0.0064935004616650804,-0.037878859955410515,-0.017777760823567745,-0.00738006665866664,-0.05307855583337873,-0.12830193975549586,-0.03846150319251662,0.021959478507693087,-0.10309280504365892,-0.03750006208816914,-0.0251968267425301,-0.029999971389770508,-0.0867580147288245,-0.0499438599858969,0.011642272322342162,-0.1260162349481314,-0.10000002384185791,-0.12499998669539181,-0.07759675003758093,-0.040322605971449654,-0.0038699837801553505,-0.07317073525310203,-0.06372545398871954,-0.03265303720646018,-0.025316506313829312,0.017421669940284046,-0.10135133393582352,-0.05836871891049855,-0.11941867438004872,-0.02307679926691264,-0.06542054408814157,-0.11764708357286224,-0.12116370947349187
2025-04-04,-0.06997602695384886,-0.04646018562679877,-0.026923052234761657,-0.05674650933244896,-0.008849549119871458,-0.02614376640588656,-0.127450939143267,0.0024390882455844753,0.0,-0.06656344052622742,-0.14893615537231564,-0.0819964397859656,-0.14999998431456696,-0.030075247948591954,0.0252100587791928,-0.013581080062367246,-0.029325554408831334,-0.12121212486101285,0.025974079255291826,-0.09131073476322682,0.08333325054910778,-0.04411769217479555,-0.11072664799901522,0.013333320617675781,-0.04316542764472764,-0.010869535630254723,-0.08974358386541947,-0.03501942276541248,-0.045996564297509646,-0.05947709307683624,-0.06382601588722825,-0.0864864673294059,-0.014234862159271389,-0.05763688051839577,0.08661418579303093,-0.014193565614761816,0.0038313752054932593,-0.030120549523300122,0.0,-0.14855075624905034,0.007874008357040552,-0.1223403606049428,-0.027777810666861136,-0.10537639524856901,-0.034001658052075556,-0.022887260833207468,-0.01960782480441492,-0.03543303606343984,-0.05882358017962741,-0.0037174684946251757,-0.12219732547813611,0.08441566081890906,-0.019999980926513672,0.0,0.011494241848790887,-0.030303002154437042,-0.0549273262431218,-0.03092786609233189,-0.029999971389770508,-0.07028953124498705,-0.02113813189689706,-0.06511632497404563,-0.011111100809073515,-0.16326532970612717,-0.04957798903475685,-0.022408942633617035,-0.013209019254514232,0.036184254899580326,-0.03141363191028157,-0.025316488886115374,-0.058441504154985724,0.07305928914686,-0.075187985424917,-0.05828370769816915,-0.10081015100843971,-0.05568061072713426,-0.07200002670288086,-0.06666668256123864,0.004729031254915306
2025-04-07,-0.009646338930205611,0.041763301793118046,-0.015810261780775714,0.039438512772956624,-0.08928573519295568,-0.020134208857554126,0.00749062934645095,-0.010948953634748682,-0.14038122028535394,-0.036484288453416336,-0.05000002607703169,0.005825190760321952,-0.532507745651223,-0.040697683014912056,-0.09836065733954968,-0.005797139423302067,-0.05740183096828344,0.011494241848790887,0.05063286172982795,0.05186380727185158,0.07692308280124727,-0.04615380383101986,0.05252920161299479,0.026315764707210976,-0.03759398442327189,0.008791248104476734,0.05633806009374043,-0.07258067152130476,-0.06607147852567052,-0.0017676961677562941,0.00133313997512019,-0.005917224457964498,-0.11913354728460168,-0.058103971906335095,-0.09420289542088611,-0.02486911787183832,0.003053401437833392,-0.04140792856441544,-0.013856799962293498,0.004255315263436366,0.01562498544808455,-0.10000006321704502,0.0,-0.06730763058690403,0.005900327431979768,-0.02882888626136826,-0.039999961853027344,-0.028571468514067,-0.0048076878990646055,0.0037313396321503323,-0.026819928504874913,-0.036926229773444286,0.026466772965669128,-0.016528988151582213,0.045454570084564105,0.024553601126357405,0.02222224214704216,-0.01063828775385156,-0.020618597877583134,-0.019059678864204455,-0.036621608777669845,-0.009950239314132636,0.05617978957818792,0.12195124965136728,-0.01692565468522922,0.037249248042149574,0.007086626294453335,0.09841267726799252,-0.005405426025390625,-0.017316004738892832,-0.02068971697413624,0.0670212914901609,-0.05691061086715743,-0.004616158401993253,0.06206208384938994,-0.06075049148088174,-0.01939648240095737,0.0,-0.008327351288789586
2025-04-08,0.0,-0.008908677926962594,-0.04417666452792113,-0.03086819871530566,0.04901967888289205,0.03424654178759057,0.018587342473125545,-0.05535056147785855,0.008064485657242715,0.024096362799380433,-0.026315764707210976,0.07239382479290035,-0.20529797664729477,-0.02626255406322109,0.0,0.005102003585819803,-0.04166662845855962,-0.06818182126057049,-0.0361445445698767,0.020030834980834022,-0.07142857649699375,0.16129035979478323,-0.05545286372525904,-0.03846150319251662,0.007812455180101763,-0.011982715729697446,0.22666668891906738,0.0,-0.04985337739508133,-0.01126937097119296,-0.02453407845469069,-0.1130952047281244,-0.14754103486558956,-0.02597390489950213,0.007999992370605558,-0.014765054965564683,0.006849239756604009,-0.04211669818586217,-0.04215452673130138,0.025423806722535414,0.026923143934218574,0.010101081051682836,-0.0333333231847015,-0.07216500039941254,0.005056647843561857,-0.012986956689826412,0.006944437545759019,0.004201720983468382,-0.024154567115350467,-0.10594798504397629,-0.11023617957562493,-0.004145073931010157,-0.024231090791339338,-0.006722682879878539,0.010869554654186597,-0.0740741048551371,-0.0033444784051376297,0.010752677834782398,0.0,-0.02072544645015162,0.08290076978196925,-0.015075362435176154,0.01063828775385156,-0.13043478542555031,-0.02286201993548065,-0.01933699874468009,-0.014073518820378661,-0.02890177512966252,-0.04347822030685711,-0.05726870751316171,0.021126825004031735,-0.10468596397697227,0.008620681681899223,-0.01520092217432445,0.008168401806630143,-0.02029173451083377,-0.021978104896205664,-0.10714284193759038,-0.06571738872476296
2025-04-09,-0.025974001846660322,-0.01011226997428083,0.1302520705350314,0.10019908821898937,0.01869157004308586,-0.006622510282393357,0.05109492861930498,0.08723970675421322,-0.026000046709260483,0.03529412518971298,0.2432432497740662,0.1701170478602887,0.06666660043928618,0.07883809628014604,0.08181821038900261,-0.0065264412114195425,-0.06020069103113168,0.06097562482568364,0.04999995157122683,0.12537763414718817,0.038461579608730645,0.0,0.07045005768691714,0.039999961853027344,0.09302331770736694,0.08048523214592351,0.03260866396255957,0.021739110153428554,0.03703704091609139,0.09020586628730554,0.11152268780249641,0.04026841771510825,0.06250005731216057,0.033333195368021595,0.007936500427734305,0.05040870270671993,0.03779293100689718,0.05975203219363401,0.09290944338066098,0.16115696454144435,0.08988764145275674,0.08999993046125043,0.044334934409463456,0.05555557027275215,0.02535716672715216,0.024436021317488565,0.04137926952167148,0.08368201169941503,0.029702942250534603,0.024948001452519408,0.057522102421383225,0.0010406065805514952,0.06367398948474623,-0.001692005465796509,-0.0967742286950729,0.0023529950310201553,0.046979820667626404,0.031914926670751464,0.07894735686336518,0.08465607117593499,0.0,0.10714287452030424,0.031578980390385425,0.1500000037252902,0.10687466427192116,0.01408449379940424,-0.001586003539561176,0.03571432372745331,0.022727250560256484,-0.028037478161917928,0.02758617968111432,0.04120276816197421,0.042735105435526055,0.08563696397684084,0.15643504000914854,0.0679611822292725,0.17078657560826738,0.11999998092651376,0.22547871916210815
2025-04-10,0.050000000000000044,-0.012485880262460669,-0.011152405483875416,0.09047044673717419,0.05504581737815473,-0.019999980926513672,0.006944437545759019,0.004790310273971032,0.05133466031672351,-0.0064935004616650804,-0.15217395952157942,-0.038461538461538436,-0.05468744906829559,-0.04230765351176824,-0.0504202177342542,0.019708088287410996,0.06761568010301033,-0.03448279405745802,-0.05952375461590087,-0.22147646453336334,0.03703700160674983,0.013888875091518038,-0.02376594884847749,-0.11538458599376378,-0.049645442836965925,0.02040820538666477,-0.01052630588288439,-0.038297837370926735,-0.023809526214141674,-0.02680889775661288,-0.039115933854107277,-0.06451606948963506,-0.04185518995163884,-0.01612909282427022,-0.11811021922119347,0.011673171484123834,-0.031318226331429555,0.02978731243885946,-0.04026841986292473,-0.4982206422300911,0.0,-0.04587151699019498,0.004717117699641449,0.052631592156154205,-0.01216869190102976,0.05321100403710477,-0.013245020564786825,-0.08108112079354912,-0.02884612739438741,0.028397636551223293,0.027893975890794342,-0.012474000726259704,-0.0380125849615065,-0.008474608462146094,0.08333339837808662,-0.14319251191085425,-0.014423025489086694,0.0,0.0,0.002439214880279428,-0.0515284947578486,-0.055299594358818815,-0.03061227592911475,0.08695650202114802,-0.05793322647137111,-0.01388887601134181,0.0007942993455627434,-0.0747126405282259,-0.04444440205891931,0.009615378295522614,0.0,-0.07700537301107913,-0.040983664223788296,-0.029962205155676158,-0.003503127619970181,-0.005454617760138891,-0.09596928912458003,-0.10714284193759038,-0.06473216349286126
2025-04-11,0.0,-0.01954023908286784,-0.030075247948591954,-0.008296439113011145,0.026086932184114398,0.02721085787382216,0.051724086902089406,-0.017878429332366608,-0.046874922274647624,-0.0163398540036791,0.025641078544558438,0.06879997253417969,-0.00826445466776271,0.010040198904289532,0.07079649845391889,-0.01932718639165687,-0.016666650772094727,-0.023809501846360326,-0.05063293717874329,0.06206890428250733,-0.10714282926653429,-0.027397315080268658,0.005617958968527237,0.014492739851898806,0.007462715247501972,0.030000012521275377,0.0,0.03982297103942156,-0.01422764374837504,0.016574378274619272,0.010587828983175562,-0.02068971697413624,0.0023612164650346212,-0.04262280816403108,-0.04464281437804518,0.03205128126752599,0.0,-0.01859502198106011,0.03962705776354247,0.06382981241783758,-0.02061861836027834,0.15384617588929128,-0.009389821869661641,-0.002499997615814209,-0.001986984235712974,0.006968717819721082,0.03355701476259032,0.04201689003250153,-0.009900980750178201,0.06706107775915893,0.04206240808591599,0.018947400544819137,-0.0031113402619821207,0.01709400107056047,0.05494500096186172,0.0273972334300725,0.014634093391075798,0.0,0.004878044241882984,0.009732181080334357,0.05654039010492862,-0.004878044241882984,0.07368420392192299,0.10000002384185791,-0.012188328124844827,0.005633797519761785,-0.011111138022554812,-0.003105587072796623,-0.03139540067293922,0.019047725012230066,0.0,-0.0393974679118434,0.0,0.015650857155975473,0.0029745973962473915,0.04021943847494591,0.036093434164987226,0.11999998092651376,0.05625637991211363
2025-04-14,0.01269840058826266,-0.050410242082350676,0.027131850283477865,0.13943111865303948,0.016949238156632296,-0.01986753084718018,0.00655737089809616,0.001213623995174773,0.014344159382787325,0.039867150949456365,0.0,0.03218565241211446,-0.016666749450892193,0.01988069591678565,-0.01652890933552542,0.0,0.030508444987984884,-0.012195110427418387,-0.14666668574015296,-0.0324675023083254,-0.039999961853027344,0.014084577986089863,0.0018622216933541491,0.17142858115994208,0.0,-0.026213602855262197,-0.03191486326155479,-0.021276576317181495,0.05567010893538393,0.008076790660625166,0.01065752569176337,-0.007042247017941761,0.14016496656523336,0.013698609506265225,-0.028037466475174244,-0.012422407341657227,-0.015037577201681196,0.0,0.00448430061781413,0.03333330154418945,-0.024561380907071495,0.10277777501830365,0.07582945942485009,-0.007518789804026538,-0.007366077100889545,0.03719717438519976,0.025974079255291826,-0.020161328685944335,-0.004999995231628418,0.01663588819340589,0.05989590172733639,-0.018595072262501566,-0.014669201225751216,0.005042052230259664,-0.010416656965389626,0.002666664123535112,-0.006410250532086104,0.010309268214748757,0.009708728874782357,0.012048205352648722,-0.033117013715555865,0.004901956201103674,-0.05882353284917219,0.1272727115095158,0.016825532156154344,0.025210127246736214,0.019261618810866077,-0.10280371332847482,-0.003601408552936003,0.014018651966742901,0.026845611810072167,0.060313631158116054,0.10256411040166302,0.01345298432574249,-0.05203559712148231,0.015817318703807537,0.0491802798135097,0.0,-0.014848259886044213
2025-04-15,0.015674041170150588,0.016049278351146556,0.07547162342173652,-0.005873756115558959,-0.025000074505802994,0.02702700090373522,0.03257333720705291,0.03030299446003082,0.006060729617483718,-0.003194961187284906,0.0,-0.04350981748582261,-0.06779654852722472,0.005847901033519065,0.042016764631988,0.0,-0.07236843137199545,-0.012345667202249944,0.01562498544808455,-0.038590606980095865,0.0,-0.08333333333333337,-0.011152379449053895,-0.04878051439826525,0.022222236350730507,0.008972988462258025,-0.010989065691980104,0.004347822030685622,0.03320322771684081,7.485143021157548e-05,0.006434316134517282,-0.014184383971608927,0.009297536131250839,0.006756746718305839,-0.03846150319251662,-0.05786164140669248,0.02290073740928933,0.005263152316645536,0.006696475375139288,0.1419355066956398,0.03237407017825222,0.0629722297916615,-0.01762109127625011,-0.03787881159658324,-0.005415180012015908,-0.037531260872006755,0.031645538581142496,0.004115265651305711,-0.005025120811725348,-0.020000024275346195,0.05159705879355059,0.0031578666285465573,-0.007285383099767229,-0.0033444784051376297,-0.01052630588288439,-0.029255291323091903,0.03709677841115089,0.0,0.0192307515962582,0.0238096630257687,0.0,-0.004878044241882984,-0.031249970896168877,0.016129016752173708,-0.029784833600393745,-0.05464482049003094,-0.01181099376244421,-0.006944520329984494,0.045783145266081515,-0.03686656214680306,-0.0326797080073582,-0.034129714679955514,0.0,0.003217914445648784,0.015358387880285873,0.007497027576722326,0.027343817666407366,-0.035714252262698754,0.000982921980567708
2025-04-16,-0.01851858828892705,-0.023086220042689343,-0.03508768701010212,0.050713969164435824,-0.017094001418896276,-0.039473647060816464,-0.02208207254783867,0.024705955016501857,-0.01807236588804395,0.05608980678007436,-0.025000050291418274,0.05989385799738356,-0.10909091106131052,-0.02519372896279415,-0.008064508376086854,0.0,-0.024822671950315622,0.024999975785613415,0.03076929425347008,-0.09598607136196757,-0.04166670805877948,-0.030303090509739783,0.00939843408251173,0.025641078544558438,-0.057971027512881634,0.013834126017567838,0.0,0.0,0.001890359168241984,-0.015723231572762564,-0.021665823158730557,-0.028776951269557483,-0.028659229634222516,-0.03691287081905825,-0.06000000238418579,0.001335144083768558,0.0,0.023036624927385896,-0.05321512988366861,-0.06779661359406175,0.00348440044620002,0.6279620648913804,-0.0134529014269682,0.007874008357040552,-0.0022181732007405808,-0.05285958914156663,-0.012269926984675661,0.0,0.0,0.018552858461900135,0.005841032080555086,0.0,-0.03765157305139144,0.04865771140887287,0.02127657550770312,-0.01917812872120772,0.0077760796375918595,0.010204071702683226,-0.01886790755296608,0.01395356806190029,0.0,0.004901956201103674,-0.021505355669564907,0.1269841014542965,0.003979516442125686,0.0,0.016733070514374004,-0.06993000580457565,-0.009216580748084957,0.033493014166713575,-0.020270250677801416,-0.009422841679949556,0.0,-0.012910967836922915,-0.025770363136732533,-0.0251859946794466,0.07034218050551999,-0.07407409042651403,-0.02258588032538933
2025-04-17,0.04088048013364398,0.007462738793704071,-0.010909080505371094,0.02061858157973151,0.026086932184114398,0.013698616715036138,-0.009677410423445276,-0.0206659925888788,-0.004089964477775543,-0.03945375157233255,0.0,0.027897021179756454,-0.09183676696627929,0.0815109006581396,-0.0813008311310306,0.018248153690380686,0.010909080505371094,-0.012195110427418387,-0.014925358528601551,-0.009652454740281646,-0.04347821955569664,0.01562498544808455,0.018621943171348798,-0.0625000139698384,0.03846153846153855,0.015594422597249302,0.022222267845531718,0.034632105673722435,0.01698103603594947,0.0048683965591593825,-0.0023597633990066758,0.007407400212333881,0.03266600917738205,-0.0034842257124969578,0.09574465319386105,-0.012000020345052098,0.005970157410366328,0.03787109780375775,0.07728335484311888,-0.006060600368335001,-0.010416739102864003,-0.1877728571890882,-0.022727288579266314,-0.005208328482694813,0.009296704070471895,0.08874650377595694,-0.01863352243678007,-0.012295120959484374,0.010101000370632551,0.001821535391393958,0.0708479250493923,-0.013641145654092024,0.012931014311059474,-0.025599975585937518,-0.010416656965389626,0.0,-0.006172833601124972,-0.02020200074126499,-0.0096153757981291,-0.01720201458289783,0.021390353877556167,0.0,0.021978000384744734,-0.12676053027315803,-0.013590021132040553,0.014450853111279693,0.0031347931924397,0.12030072290124205,-0.019767449855030428,0.0879629885355877,0.06206890428250733,-0.010701564116625373,0.015503861641813277,0.0038183765155512805,-0.05002869249107855,0.011156738582492887,-0.007104788817042462,0.039999961853027344,-0.008372404383452436
2025-04-21,-0.0368579869968374,-0.022222258851686716,-0.011029401130226768,-0.07438020147661006,0.025423806722535414,-0.01351350045186761,-0.0358305855009039,-0.018757360877625362,-0.03490761637944306,0.006319109373639442,-0.07692300638503313,-0.05219206722149672,-0.04494377808534078,-0.007352934086817808,0.09734514581353326,-0.023655791854115926,-0.061151107209889366,-0.03703707519273092,-0.030303090509739783,-0.09161798373176655,0.0,-0.015384601277006582,-0.042047454853906596,0.0,-0.029629601372612835,-0.09309022621304142,0.0,0.04602505868937423,-0.033395084970120004,-0.031642727450707175,-0.03602620087336239,-0.05882356034843117,-0.051020407170268345,-0.020978990618418125,-0.07766988886684734,0.07692310167326721,0.0066766311669110845,-0.037475304235632056,-0.06521733046028577,-0.018292665641127526,-0.01403507480404087,-0.2473118894062577,0.04651154215131936,-0.01570679157803201,0.0,-0.029411717564293283,-0.037974721746286244,-0.008298755514337341,-0.009999990463256836,-0.021818161010742188,0.00867678106172498,0.010638338885950116,-0.006873947290247484,-0.009852207106110566,-0.01052630588288439,-0.06424581675280816,-0.026397527140289867,0.020618536429497514,-0.02912618662434696,-0.05950984298820672,0.015706853991273695,0.0,-0.10752690652985541,0.0806451798973915,-0.06630313901188178,-0.017094000838336787,-0.003906264842953311,-0.11744963167530009,0.0083036408410615,-0.03404252888626713,0.0064935004616650804,-0.02764417676354103,-0.007633580839735754,-0.026464838721979467,-0.10169493090941506,-0.01393735375248184,0.06976741607154424,-0.03846150319251662,-0.005741306071926022
2025-04-22,0.04140532110795414,-0.011363655520317262,0.011152405483875416,0.04811504566945768,0.03305781867105084,0.013698616715036138,-0.0033783751129669026,0.01100258109992236,0.03404263237639871,0.07849293704596616,0.08333325054910778,0.04772397780221471,-0.17647062535929325,0.04629629547867431,-0.056451654769131054,0.010278925490814661,0.003831414124593202,0.07692308280124727,0.2343750611180453,0.026824035213095065,-0.04545459060957757,0.01562498544808455,0.0,-0.013333320617675781,0.02290070445226111,0.015873125885458528,0.010869554654186597,-0.04399995803833012,-0.005758255088189501,0.02712632558819794,0.023216344045819737,0.0,-0.053763439757573916,0.03571423292143283,-0.01052630588288439,-0.022556369412079502,-0.01621227193573349,0.07581958609369055,0.04418594696639544,0.024844696582373427,0.007117431079635805,0.08809524198102858,0.01777783738858596,0.023936147446166123,0.018622346458382566,-0.02597404205893572,0.03289478431117887,0.020920542732864478,0.0,0.01486987397850048,0.13763437706661485,0.008421044600637417,0.00823994722289667,0.0,0.01063828775385156,0.008955286764893211,-0.025518317049255557,-0.010101000370632551,0.039999961853027344,0.06947876898713012,0.03092780464424627,0.019512176967531936,0.060240979429287744,0.14925367424816982,0.05594834808240212,-0.05217393167227691,-0.0007843316770067554,0.026615943040625423,0.009411755730124094,0.026431753275458103,-0.0064516069489635175,0.03708284117138083,0.10000000000000009,0.026934816578217724,0.052560628365975415,0.021201581271328873,-0.016722392025687927,0.08000001907348642,0.07269019534061427
2025-04-23,0.02048193643220797,0.012771380026429968,0.0036764670434088487,0.053005247691300106,-0.039999961853027344,0.006756750225933805,0.020338963325323256,0.019347017963210034,-0.008230421750034966,0.010189253686673228,0.025641078544558438,0.014015403142914717,0.08571429057997104,0.030088508570704775,0.11111111111111116,0.022529005852208073,0.0381679951981404,0.07142857649699375,0.2405063195634285,0.04493211273646547,0.04761909717695367,0.07692309808448994,0.06106865446026144,0.01351350045186761,0.007462715247501972,-0.01770837388367008,0.0,0.0627614436673285,-0.011583012721209096,0.008067596146250855,0.030068240302420612,0.04687504947651289,0.025000029802321633,0.017241443904694842,0.053191502178454586,-0.0038461806506088214,0.0,-0.028571398434556583,0.006681561545130776,0.07272727666807577,0.021201478026736664,-0.06783367434277565,0.008733541548147095,0.02597406377356548,0.007470023123025582,-0.022222222222222254,0.0063694204644377805,-0.004098399648008955,0.010101000370632551,0.007326000288198298,0.0,-0.0031314961597187496,-0.00719187029281132,0.0,-0.03157891764865317,0.041420077439480396,0.03927983074856645,0.0,0.04326930571590215,0.023201880514907236,-0.007499992847442627,0.009569369257348859,0.0,-0.051948003693320643,0.054730746772277294,0.07033639768044231,0.008634270983343129,0.02222220063700142,0.04079258561561239,0.017167368696400898,0.06493508202528231,0.03456495232253798,0.04895108742634546,0.018780973078468266,0.10083225485303915,0.01672418175722168,0.0017006380697373036,0.037037001061669184,-0.04148193379060172
2025-04-24,-0.060802872147182496,0.0025220657452023065,-0.010989000432297447,0.031011259957645754,-0.041666724615624595,0.020134208857554237,0.006644511956771071,-0.01542112808241558,0.0,0.014409208041508137,-0.025000050291418274,0.0314443618043887,0.11842109803677991,0.04123707285899503,-0.030769202554013275,-0.012082455965822692,0.06250002739184013,0.033333368654605344,-0.1428571863007606,0.056000041961669966,0.0,-0.014285700905079524,0.041366829118333115,0.039999961853027344,0.03703703703703698,-0.02226936298482529,-0.0322580975953628,0.007874008357040552,0.007812500776686937,0.016685550322191656,0.03259309969292712,0.16417903277677137,-0.02439027226871704,0.03050842909646523,-0.02020200074126499,0.0,0.014981330322385134,0.015686158767092007,0.017699098239742916,0.08474575015510677,-0.03460212436721111,1.0,-0.004328963590693791,-0.005063286249386678,-0.0021463259535714485,0.054545489224520516,-0.01898739859760079,0.004115265651305711,-0.004999995231628418,0.0,-0.0075614295163465295,0.0691099302859095,0.018768511000100574,-0.00829190530599544,0.043478218616745945,0.008522719191002448,-0.020472459274539223,-0.010204071702683226,0.04147461336638236,0.0459184308549494,0.0369772800307866,0.05213276729068683,0.02272725117600638,0.1506848655155948,0.024289292830085296,0.02285712105887283,0.00389099109542812,0.02173910977784832,-0.021276654822452112,-0.012658296883120035,0.006097555213709249,0.01382487112212738,0.05333336194356275,0.01827563617672867,0.08927012937802803,0.009642746173823324,0.09507639311945826,0.0,-0.007928634538775126
2025-04-25,0.03456940555219479,0.023899438819631857,0.02222220063700142,0.010026134999206349,0.026086932184114398,0.0,0.026402615333808388,-0.008433812878302804,0.010373354833699056,-0.01136362558800319,-0.025641002128344415,-0.015745434328198304,0.08235293045175962,0.0049505297180894026,0.01587300085546861,0.0,0.055363266991097504,0.06451613109971022,-0.05952375461590087,-0.01704548276734963,0.22727268211769514,0.028985479703797834,-0.010362576338297402,0.025641078544558438,0.0,0.018438221042825997,0.0,-0.046874956344253316,-0.0019379846872970008,0.004826940696904591,0.003642072624827186,0.24358982588412803,-0.018181800448205276,0.0032893838319330015,0.010309268214748757,0.007722000376682914,-0.0036901420033131904,0.060810946083030615,0.006521784876155623,-0.026041642413474064,0.010752678064499088,0.7723004622578071,0.013043466174597507,-0.007633580376634641,-0.003128698924028006,-0.008620722256998503,0.012903290807148471,0.012295120959484374,0.040200966493803225,0.0,-0.03904760451543898,-0.0381978787331656,0.03393662633925132,0.010033435215412778,-0.05208328482694813,-0.01408449379940424,0.07877817756971739,0.0,0.0,0.001625960412796612,-0.050233131079839066,-0.01351350045186761,-0.033333302427220435,0.08333339837808662,-0.016976584687511398,0.0,0.0062015446567253996,-0.04255315191482678,-0.004576654794112178,0.03418801058253429,-0.012121200736670112,-0.03295454040539181,0.031645538581142496,0.002731248160743105,0.01628405299679825,-0.0005617320481079435,-0.01705421084187264,0.0,-0.040959088293725854
2025-04-28,-0.024908862103089513,-0.011056529335618293,0.014492739851898806,-0.026758775882255725,-0.03389827426361236,0.1447368627439909,-0.03858517350701862,0.0024301894138669677,0.02053390359674867,-0.02729885864642101,0.0,0.006126627308286281,0.14130427529208056,0.0016419953684940758,0.03125006402842834,0.00647486315774759,0.013114741796192542,0.030303001111897654,0.06329107716228477,0.003853560829674585,-0.03703707519273092,0.08450704816550747,0.010471083742928267,0.012499987892806708,0.12857144219534744,-0.015974447448853013,0.022222267845531718,0.00819671330225158,-0.003883495529463321,0.0010346284809419348,0.004665596743608447,-0.04123713430708065,0.05902769154420939,-0.029508071862865415,-0.03061227592911475,-0.03959130853130499,-0.011967101356849086,0.0,-0.02807777780295273,0.021390353877556167,-0.031914863936120086,-0.1258277743120242,-0.03862657411093584,0.010256400224333495,0.009023088201651763,-0.006086929984714717,0.03821652278662713,0.00809701160529297,-0.004830913423070071,0.0,0.01883048340039606,-0.10081464377641058,-0.03813689659529029,-0.0033112551411966784,0.04395600076948947,0.0,0.023844984575632777,0.0,-0.008849549119871458,-0.008658059191858247,0.02046033809461112,-0.0319635478686795,0.0,-0.09890113273056667,-0.04687497549151087,-0.05027928273034299,-0.006163322536779647,-0.051851889789512606,0.0,-0.016528811871343918,0.006134963492337775,0.028202087504491047,0.1411043065928368,0.005525236863788807,0.004202780370231141,0.006745231869952795,-0.045741317803384196,-0.035714252262698754,0.019097262464556675
2025-04-29,0.006853620908439995,0.021118021399503473,-0.017857126131349377,-0.0008868537069469662,0.008771921569070251,-0.11494255551007937,0.0,0.0,-0.010060373067655726,0.06794683005065805,-0.026315764707210976,-0.008119072241347003,0.0,0.4131147574301979,-0.022727340459820944,0.011436677059119216,0.00323624295826086,-0.05882353284917219,-0.08333332742017396,-0.023032607424272156,-0.07692300638503313,0.06493508202528231,0.0051814151210554105,-0.03703707519273092,-0.05063292285300003,0.007575725987963189,0.0,0.008130073421291018,0.007797370950955784,0.006866132256749591,0.013931921354446652,0.00537633891739131,0.025136667267707358,0.013513580830184724,0.0,-0.009308533489218451,0.01589707156045206,0.0009098254923374238,0.09555551740858292,0.031413645569305926,0.13186809252038123,0.09848484095900978,0.04017853320130471,-0.03299495242460193,-0.00019436557063945425,-0.02887138363037689,0.04294481758089841,0.004016179345275983,-0.009708728874782357,-0.009090943769975102,0.016536972831691976,0.13363536980423008,0.026974322761072145,0.01328902391354192,-0.01052630588288439,-0.005714280264718208,0.0043668428396062,-0.010309329662834377,-0.017857125751218117,0.09825348561140834,0.0,0.014151043126324536,0.09195400330141212,-0.012195110427418387,-0.03911419592886123,0.0,0.013178300877602078,0.0,0.035632232921035456,0.008403406981944306,0.0,0.01714281354631697,-0.0268817586779716,0.006655960545361994,-0.01752545584535259,0.01507535935043891,0.01322312746842047,0.037037001061669184,0.006814270970745495
2025-04-30,-0.009282154699666978,0.010948923316814296,0.014545440673828125,-0.006213994351098928,-0.05217386436822857,0.0064935004616650804,-0.030100305646238334,0.0,0.0,-0.0110649963340258,-0.027027000903735332,-0.0405866489237271,0.00952380087370197,-0.14617166691098582,-0.023255792462719804,-0.026148378047405774,-0.032258034744817476,-0.0416666278615585,-0.0649350046166508,-0.013752489108627475,0.12499995860788715,0.2926828683238163,-0.032645968975101636,0.0,0.0,-0.012889475507213533,0.0,-0.008064508376086854,-0.009671278338388323,0.0031529431859407264,-0.002205247836203683,-0.026737942346945265,-0.03411510564179687,-0.0033334143879539813,0.042105286273269815,-0.009395932431724874,-0.03949326502161665,-0.0199999798630891,-0.038539566701057626,0.0,-0.03236242958260771,-0.06206898649580772,-0.004291804980539715,0.005249338904693701,-0.012832960066819887,-0.007207200086191579,0.01764704149899643,0.012000038056456663,-0.00980391240220746,-0.005504538352495203,-0.0009569597190776102,0.005993952504543154,0.00949364662781682,-0.004917989088558561,-0.02127657550770312,-0.00862068138659311,-0.028985548309857667,0.0,-0.027272700672307915,-0.15506960420134308,0.0,-0.009302316297383983,-0.06315789803903848,0.012345667202249944,-0.0026938088296597495,0.02352938866532872,0.009946451222366814,-0.015624985448084439,0.027746947130879995,0.004166585537525691,0.012195110427418276,0.03707864470229616,0.16574583524880504,-0.005458661944375276,0.006922212780271275,0.0027502758547199857,-0.05709623133742625,0.178571431612482,0.014890035377929323
2025-05-01,-0.018113676309002846,0.04332125613705462,0.0,0.008039317109539645,0.045871514481795606,0.08387096724574694,0.024137907220975086,0.0,-0.018292663868809678,0.03076920101500291,-0.055555583150297405,0.03945967449226595,-0.028301861329449007,0.010869554654186597,0.0,0.023947838612039307,0.0,0.0,-0.09722229120907688,0.009960197395386228,0.07407407679948075,-0.10377354777211323,-0.005328578869234102,0.025641078544558438,0.04666665395100922,-0.0402611409967909,0.03260866396255957,-0.016260146842582146,0.0019531251941717898,0.014253251936827915,0.009860612829291071,0.016483500288558606,0.16556290623918768,-0.013377906745362322,0.020202000741265103,0.0542005540873538,0.0,-0.008348785485583932,0.012658316986067009,0.005076137217272736,0.030100305646238334,-0.05147062626161336,-0.021551740293079935,0.03655355292245166,0.0,0.015426417019779981,0.034682047467071264,-0.007905138042646698,-0.009900980750178201,-0.016605193970666954,-0.033524850753160695,0.006951405225415597,0.008463904502939323,-0.01153215316009093,0.03260866396255957,-0.002898547920302419,0.001492571517391239,0.010416719053562673,0.00467289251077152,0.03882332667167976,-0.02619048999081164,0.023474154755812382,-0.01123594452133514,0.024390220854836775,0.021308496127715904,-0.0057471209243954435,-0.006818193476390788,0.03174600171093722,0.06911440322131823,0.008298800550929242,-0.024096363046584468,-0.06933904890458664,0.17535551771241087,0.007189146120345491,0.03781069055300601,0.004388393558718784,0.03287189852707639,-0.060606075931405656,-0.019006325414285485
2025-05-02,0.024173034859161557,0.026528205330148324,-0.00358422602149977,0.05361103270633927,0.026315764707210976,-0.04761900369272076,-0.010101000370632551,0.033939361572265625,-0.004140771300362722,-0.02985071826428687,0.029411736347271455,0.0027359755243594464,-0.019417457749564604,-0.025537641903116026,-0.007936500427734305,0.01700918686221997,-0.013333320617675781,-0.05434783805858867,0.0,0.17258382058659238,0.06896551960383057,-0.02105261176576878,0.02499997374816365,-0.012499987892806708,0.012738841509227994,-0.001133641862431256,0.11578942745346055,0.0,0.013645324747576515,0.022556983989273638,0.01582487199040239,0.005405400180747089,-0.02935609917598392,0.013559301820651237,0.15841581003185135,-0.0321336752259751,0.008533744967263557,0.0,0.0166666501098216,0.025252500926581378,-0.0032467502308325402,-0.15503870882843696,0.022026448592729286,-0.015113335603814892,0.011030174545277216,0.008042909380056251,0.005586586970037999,0.00796812718800921,0.0,-0.007504683381911681,0.0614469649338969,0.006903322727233929,0.010568858313336982,0.001666704813639397,0.042105286273269815,0.04651158277636491,0.035767476863449055,-0.020618597877583134,-0.023255901635817477,0.01189141825258,0.019173873324166868,0.03211006013725681,0.02272725117600638,-0.023809501846360326,0.03173675785471186,0.028901706222559387,-0.000762721240989972,-0.0076923006385033466,-0.051515080288784154,0.004115146357231092,-0.03703707519273092,0.05587887470429442,-0.02822577931630399,0.021413845324560032,0.015796151130822,0.03877667821126174,0.0720268543195337,0.06451614639885639,0.09313391448037422
2025-05-05,0.0,-0.011235891245119367,0.010791356726084,-0.04962154209854386,-0.017094001418896276,0.0750000018626451,-0.03741501067125863,0.04337630681615545,0.0020790442430804745,-0.05104898504712052,-0.057142803620318094,0.003410654246609024,-0.029702942250534492,0.0399999947383487,0.007999992370605558,-0.017421581782194218,-0.05067570724131987,-0.03448279405745802,-0.04615380383101986,-0.06812450767266653,0.32258065549855086,-0.05376345326492771,0.0017420975140918227,0.012658215432457043,-0.05031441863232544,-0.02724189096290386,0.03773592756753197,-0.02066123518947771,-0.01923086711720534,-0.004228724951362395,-0.004971826212750052,0.02150535566956502,-0.029268311291206217,-0.003344476686340525,-0.12820511253000733,-0.04116871327744476,0.011538424423433113,0.0028064523633508642,-0.028688594270410817,0.004926103745908295,0.009771977863882952,0.12844034991534503,-0.004310414199696244,0.03324804940374326,-0.0021429807780247723,0.0,0.016666717440995127,-0.011857744669163006,0.0,-0.0037807147581732092,-0.06816064363310204,0.0,0.06582600168663366,-0.001663931530947127,0.0,-0.061111054449904056,-0.020143866234206276,0.021052674507501035,0.004761900436850874,0.025181758616538152,-0.017676750648606854,-0.017777760823567745,-0.033333302427220435,0.0,-0.031899712686263904,0.02528094214451615,0.002290055885313391,-0.015503861641813277,0.2779552248401378,0.00829873954673399,-0.006410250532086104,-0.019845574151913237,0.016597493953715015,-0.00217923186409541,-0.029846969114346256,0.017875883051681196,-0.023437514551915006,-0.09090907777308088,-0.04664179126607504
2025-05-06,0.0,-0.015909129578219106,-0.06405687971672136,-0.011946922708242602,0.008695644061371466,0.005813947847045586,-0.03886922192979203,0.05168539975993114,-0.002074730785983969,0.018422992308198216,-0.09090909090909094,0.017675066499496017,-0.13265305377701242,0.02917775439547099,-0.06349209803242228,0.01843963026295703,-0.039145870937996374,-0.04761900369272076,-0.19354839329913054,-0.03971115373763734,-0.21951222467015852,0.045454570084564105,-0.04173916333841032,0.012499987892806708,0.0,-0.022170335891872672,0.0,0.025316533373572758,0.003921569018846327,-0.005945139844120595,-0.0008327251781335976,-0.08947366274624957,-0.05728640258801332,-0.006711399491814207,-0.04901956201103741,0.049861515786117305,0.0,-0.012126945926014154,-0.04430370705698905,-0.1372548905027593,0.009677487332666601,-0.07317075770973958,-0.0346319301502499,-0.017326716312811796,-0.01874279739351048,-0.023936126815690684,-0.03278691835069325,-0.008000000000000007,-0.004999995231628418,-0.037950628081401816,-0.06913823767858462,-0.025465252488777068,-0.014430013794561214,0.0033333301544189453,-0.05050506205987393,0.03254434655959182,-0.0029368547862792527,-0.03092786609233189,-0.06635065092230141,0.016375615980681824,0.0437017566300435,-0.027149294906731902,-0.03448279405745802,-0.07317073525310203,0.03559867680851592,-0.05753425552330915,0.0068545431685795855,-0.015748016714081325,-0.022500038146972656,-0.008230437291297799,0.03870971860300254,0.016872847327046303,-0.10612244302161,-0.005196051952927827,-0.004395087443156753,-0.008780973863968478,0.08959999084472647,-0.03333330154418945,0.0048923554884796605
2025-05-07,0.05527946388577609,0.04734409406885054,-0.011406923385144818,-0.0649350993234934,-0.008620681681899223,-0.005780341244511877,0.06250002739184013,0.06730770700311806,-0.039501041370382906,-0.10274964599498182,0.0,0.011356050318072963,0.0,0.03221649389513259,-0.008474568565903118,0.0027856691758942898,0.059259201698670605,0.024999975785613415,0.12000000476837158,0.011278184369081234,-0.14843748593314832,0.043478218616745945,-0.016333885029584327,0.024691334404499887,-0.006622541651882585,-0.017899885189067932,0.0,-0.04938276571234812,0.0,-0.0024207915566133442,0.02467073423562649,-0.06936416384124577,-0.050106637664665166,0.01689177940219122,0.020618536429497514,-0.014511891111025577,-0.029657774896615807,0.0037771443028280505,0.03311249703818886,0.14204545531514268,0.04472839021304709,-0.026315764707210976,-0.004484376931709999,0.0,0.006167952936995347,0.01816528656743266,0.011299424374030087,0.012096812556912084,-0.005025120811725348,0.02366861567970302,0.026910656730523064,0.0,0.02635425098003652,-0.05149500726939038,-0.042553214424603025,0.028653267724730425,-0.020618537153480165,0.01063828775385156,-0.010152274434545583,-0.025241809559423234,0.0,-0.009302316297383983,0.023809572804273094,-0.07894737254879813,-0.04034096457002456,0.0697674434722726,-0.0158850252575804,0.039999961853027344,0.005967659951433335,0.00829873954673399,0.062111815498969714,0.008849549119871458,-0.059360781298752,0.0028764382624910656,-0.0454427441255294,-0.010943242962423105,-0.10425844994312616,0.03448272460139301,-0.004868536875376583
2025-05-08,0.0,0.012127961858072966,0.011538542657211881,0.08381226390507912,-0.026086932184114286,0.05813954777818142,-0.003460204186943594,0.04104102670727272,0.012986964356759945,-0.0008063931867043905,0.0,-0.0066050448614309865,-0.02352945878843815,0.018726543601012224,0.03418810472607792,0.02222209622059923,0.10839167572337738,0.024390220854836775,0.1071428609441738,0.05947949591400192,-0.030581010769374584,0.1041666317420693,0.022140238417062585,0.012048181523292234,0.04000002543131509,0.07047411510470591,0.06363630156871825,-0.01731600123110688,0.009765725386780222,0.017414961414875973,0.00032540333131581,0.049689467207783,-0.001122360163085756,0.009966849645485443,0.020202000741265103,0.030789829388681245,0.0,0.05832543311642735,0.014957302185677035,0.10447763141460142,-0.009174303230812364,0.09909911070945099,0.031531579272355614,0.0,-0.0033615970071536605,-0.0026761581506783427,0.005586586970037999,0.023904457373699728,0.010101000370632551,-0.009633948012255145,0.022012582703006878,0.02512562862234513,0.05420831860874675,0.0017512700486641553,0.0888889389273575,-0.027855127304566296,0.0182706787242648,0.0,0.056410201233834556,0.0022040290572298282,-0.049261096182871555,0.06572763331627463,0.1395348869445454,0.15714288025486267,0.08348134389372874,0.0,-0.016141432317639648,0.046153895530476774,-0.05423731635405138,-0.004115168129234736,0.02339179003549785,0.08333335947572174,0.019417457749564715,0.01487025879064996,0.11833521456583473,-0.0042149849118665594,0.05573773080384514,0.06666668256123853,-0.0016307644262681942
2025-05-09,0.06533258536227216,-0.04357304563258735,-0.007604645807912647,-0.05037558249780416,-0.017857125751218117,0.03296700057711699,-0.013888957875743513,0.0326923235633676,0.004273488476397969,-0.02017756199133036,0.06666660043928618,0.017952158141522068,-0.07228916095257987,0.012254948938686727,0.008264454667762822,-0.0013587046241123613,0.018927426288799065,-0.035714252769540544,0.0645161631452178,0.040350881889439805,0.12933748818436652,0.12264162401747924,0.010830377279533066,0.023809572804273094,0.0512820011216677,-0.004540369824218904,0.40170944089720373,0.06167405554207672,0.005802707930367523,-0.0013329230162167915,0.002439327801270208,-0.005917224457964498,-0.046067400560160454,0.013157875702714872,-0.009900980750178201,0.006493531425117771,0.06739808264452662,-0.03999996062115119,0.03578948974609375,-0.11711711131194114,-0.07407407679948075,-0.02459013990675485,-0.017467306454815534,-0.017632224871117375,0.003784160151310889,-0.011627916895559864,-0.016666651213610217,-0.01556427464586585,0.02499997615814209,-0.013618618023832796,-0.0215384654509716,0.0,0.0021650342274865952,0.013986084524057807,-0.010204071702683226,-0.0171919606348383,0.024883695465029776,0.021052674507501035,0.004854364437391068,0.19131390350198219,0.0,-0.07488990208033341,0.0306122151080499,0.09876541120398064,0.09071037795730241,-0.043478283404402185,0.004687458206900086,-0.05147062626161336,0.0,-0.004132274165008165,-0.04571431023733952,-0.05364369704778926,-0.09999996594020144,-0.0014875495262880456,-0.15786917008297496,0.0031745421619560066,-0.023291940067493244,0.0625000139698384,-0.014374404615621561
2025-05-12,-0.05414361997691586,0.02733493531796083,0.01915716197108419,0.08282925572841404,0.2272727223467237,-0.01595743163077734,0.021126825004031735,0.04283054450187218,-0.01276591045796116,0.0032948896805451433,0.09375000582076631,-0.007838068970895784,0.025974079255291826,0.03510895324663754,0.0491802798135097,-0.016326506322049572,-0.003095972261364044,0.012345667202249944,-0.030303090509739783,0.03709954020191675,-0.07541899069288438,-0.0588235706606518,0.06785697159516313,-0.011627895694091173,0.02439022120941492,0.036488081339861145,0.4573171498483317,-0.02904571334786865,-0.017307692307692357,0.030556420769471737,0.03358212119165893,-0.011904750923180218,0.0718493082210323,0.025973988888135846,0.10000002384185791,-0.06322577691847275,-0.04405279591600597,-0.0055555498583843566,0.09349594126296723,0.11734694622298747,0.08333333333333326,-0.0672269235870494,-0.0044444025148082655,0.007692300168250066,0.0017856344466400387,-0.12217197811468516,0.011299424374030087,0.015810351295679315,0.06341469144622747,0.0335304918542203,0.022012582703006878,-0.01862741018982328,-0.004320816977762432,0.029310274804533742,0.020618536429497514,-0.020408212915155044,-0.03025937124142908,-0.010309329662834377,-0.12077289316578299,-0.17074308435862995,0.010362746465985007,-0.023809502184254927,0.04950490375089078,-0.03370783356400553,0.04208417791167873,-0.03693178316101042,-0.0031104170233984263,0.1007751930820906,-0.008064529912046647,0.012448160255737584,0.0,0.02673796682355878,0.037037065069791986,0.024432088008808917,0.0343732662657672,0.026371317795443217,0.1049284342471879,-0.05882354178643112,0.09247593639785734
2025-05-13,0.06016347714986425,0.008869170692469064,0.003759394789693671,0.059733535122672654,0.08888889085118179,0.016216200542241266,0.0034482724601392345,-0.028571401810159047,-0.002155112595286224,0.03776683305594819,0.057142888769811995,0.21395661905556862,0.012658215432457043,-0.003508740620111417,0.10156249854480848,0.020055322710207824,0.024844696582373427,0.109756139223949,0.09375000582076631,0.03739837650518685,0.015105726036447331,-0.27678571523604345,0.021739251571674556,0.0,-0.023809502184254927,-0.0011001811171706954,-0.18410043427094347,0.01709410330718164,0.017612524461839474,0.008656444976298916,0.014597424238985468,0.07228916095257998,-0.04395610499304026,0.012658292094496426,0.009090900224102638,-0.00826452034781,0.029953895370364636,-0.02700192809979285,-0.001858778563032626,-0.041095959012037,0.0,-0.13513516561230887,0.0,0.017811687545480792,-0.0057437444819901096,-0.02577319638307707,-0.03910610879026677,0.0038909390918324682,0.01376145434453857,-0.05152671616794713,-0.013333345070863367,-0.0019980476829525307,0.02956333561608182,-0.010050242024818412,-0.010101000370632551,0.03869051145824831,0.023774122876471626,0.11458341288380502,-0.0274725659805386,-0.02170263192644939,0.010256400224333495,0.04390251447869553,-0.01886790755296608,0.04651158277636491,0.0500000458497285,0.04424774404338638,-0.07176287817427751,0.0633803071116823,-0.03432702122102016,0.028688419435317414,-0.01197603679070025,0.005208253653516293,0.08163257362146625,0.007634681442547642,0.01424178447291502,-0.007194106707247294,0.021582748127196183,-0.09374998370185517,0.000910272901320397
2025-05-14,0.0005509768094775769,-0.030769304934939457,-0.04494386537405104,-0.01297646783472306,-0.13605445155861684,-0.04787235830152892,-0.08934707312527013,0.014705868173635617,-0.004319638063339903,-0.025316506313829312,-0.05405408235428677,0.0016268318019552197,-0.08749998975545181,0.12206571666382349,0.05673762043203312,0.0006807383342009032,-0.021212101289172614,-0.13186813330768365,-0.2428571708348337,0.042319745467618075,0.017857197342682873,0.16049382080121144,-0.021276711781635593,-0.03529415312110251,0.012195168755581687,-0.0385463099467771,0.0410256008973342,-0.008403453102266312,-0.009615482501820649,-0.0041222475870922315,0.002629842187040987,0.07303370636019069,-0.04367817503124927,0.02187496816962109,-0.045045108901980435,0.01388894223872672,-0.029828512091972348,-0.033492694347694085,-0.013035325198509029,-0.028571402621105912,0.00923076042762161,-0.029166664338360127,-0.013392844400434867,-0.009999990463256836,0.02191235719278839,-0.020105776107743223,0.040697634929319326,0.015503875968992276,-0.031674177391187275,-0.012072423604111981,0.00935552532833106,0.007007072082314991,-0.0071127624940885426,-0.028764819066515845,-0.04081634763179798,-0.002865326772473087,-0.0522495883386529,-0.028037466475174244,-0.09039546234212181,-0.007963503630441737,0.10406087346642101,0.09813074272620037,-0.03846150319251662,-0.04444440323629384,0.10393774917142995,-0.056497189220031774,-0.021008404034795758,0.02649004112957365,-0.006548147574549135,-0.003984007629387776,-0.012121200736670112,-0.025906736775402672,-0.056603722658898126,-0.0010824679431433726,-0.0399229288304781,0.0031055301037694605,0.038028166838473654,0.03448272460139301,-0.02485612209158261
2025-05-15,-0.006057302383030483,-0.012471616834839216,-0.011764694882648974,0.0488907365077027,0.015748016714081325,0.05586593629775094,-0.018867995824705996,-0.01086955488892416,-0.04555323261771649,0.0064935004616650804,0.0,0.02273958266962528,0.0,0.011506239733162671,-0.03355701476259032,0.025170052347608163,0.021671805829548196,-0.025316506313829312,-0.03773581510593205,-0.02406019879018173,-0.1403508796390538,-0.0531915021784547,0.028428138592204943,0.08536584568052041,0.024096362008327654,-0.01718214006265828,-0.014778311237724773,0.10169492381566325,0.0,0.0008143994789171494,-0.0033945577350307232,0.05235603434001512,0.03846161781683777,0.009174298862806518,-0.00943395377648304,0.030136956773079815,0.03228290705113879,0.02970293772581134,-0.049056645193400694,-0.004901956201103785,-0.039634108889109676,0.00858370855374635,-0.004524843940272194,0.010101000370632551,-0.013645310383777809,0.058315329212279554,0.005586586970037999,-0.007633587786259555,0.01869157004308586,0.07942980762582086,-0.025746652833969375,-0.020874754412284036,0.05916687777897778,0.020905987313805108,0.0,0.0028735604621976663,0.07197546326042836,0.03846161781683777,0.05590064135337647,-0.013761545401503428,-0.018459737020464884,-0.03404252210749048,0.13999998569488525,-0.05813954777818142,0.038158442679547155,0.04790421854561089,0.02832617463619158,0.051612932500929354,0.06403016125267902,0.012000026711463274,0.018404890477013325,-0.03297866792795168,0.0,0.003828769061780646,0.015199386585283525,-0.0010319718815121615,0.01492539148201888,-0.06666668256123864,0.009947265394326221
2025-05-16,0.01163440447078301,0.03329505862031246,0.051587347390820826,-0.006267130556553591,-0.10077519308209071,-0.005291000285156167,-0.0038461503192516178,-0.02930400115279308,0.045454485882483686,-0.004838666757111865,-0.028571401810159047,0.017998949898018868,0.0958903986554498,0.10858326602384882,-0.04166670805877948,0.0019907834646069045,-0.015151500920837613,0.025974079255291826,-0.17647059854751657,0.060092504942501845,0.006802714468455484,0.0,-0.0016259578278842168,-0.03370783356400553,0.01176475076114425,0.013986021836236207,0.02499997615814209,0.05769234648823174,-0.005825243294194982,0.013356910834679159,0.00836048711780668,0.04975119657066296,0.016203632417287173,-0.006060597509035981,0.04761911790117157,0.018617003569240342,-0.0320178884795661,0.03461534775232877,0.07142859846015659,0.11330050360346777,-0.04761907645273733,0.01702124772432323,-0.022727288579266314,0.0025000572204589844,0.0019764172796343793,0.020408143405366452,-0.011111100809073515,0.003846117253407,0.018348605792718242,-0.005660416741266161,0.06342498721461465,0.015228387078284777,0.025300655875685196,-0.010238897851962525,-0.02127657550770312,0.00859598031741915,-0.015714304787772027,0.046296250305059905,-0.00588234716633218,0.006976616057336793,0.04925403804467399,0.03083697525593232,0.2017544052277247,0.03703700160674983,-0.0355573820448164,0.07428571156093056,0.034223774353324465,0.04294481758089841,0.05575222157584303,-0.011857733591626451,-0.012048181523292234,-0.026402614641303,0.014999985694885254,0.011154180770560407,0.03757056381438684,-0.0020660758952533165,0.03342245980782321,0.10714284193759038,0.004616734485460405
2025-05-19,0.0,0.0011111365424261166,0.018867905855434186,0.009459982781987897,0.0,0.11170208482463839,-0.027027002147700374,-0.06320755209265827,-0.0652172573141232,0.006482975908981503,0.0,-0.01300052033027388,0.0,-0.013059733193603429,-0.057971045791138986,0.021192021222409263,0.01846152085524344,0.07594936804365715,-0.19047615668670825,0.0,-0.010135125338900708,0.044943845056852894,-0.02443004580703423,0.011627895694091173,0.017441815334505728,-0.010344833312575297,0.0,0.0072727203369140625,0.009765725386780222,-0.0005353747730793001,-0.003684937924599896,-0.05213265429609393,0.0011389782671953341,-0.006097473452058133,-0.018181800448205276,0.002610963619440687,0.021538367127107882,-0.014869779597211252,-0.020370394735505948,-0.004424774559935729,0.009999990463256836,0.08786610252572813,-0.0046511780054111496,0.0049875261309126895,-0.00394480881228132,0.0,-0.028089861303337904,0.0,-0.004504500150622537,0.03984820472618922,0.024850893595641077,-0.0010000228881835715,-0.013681929370037205,0.024137907220975086,-0.010869554654186486,0.1193182041391363,0.0043541669651223636,0.3097345356803427,-0.005917224457964498,-0.025404138552257316,0.035714251502436234,-0.012820501064172207,-0.029197052345843022,-0.023809501846360326,0.04577470909377079,0.039893642486140246,0.005649692726759525,-0.00588234716633218,0.02933775514184722,0.0039999434345481255,0.024390220854836775,-0.010169508328647603,0.024630518729541473,-7.10935867714868e-05,0.047917292626334484,0.005693623479315679,-0.024579567496978094,0.03225811165403902,-0.0030636787987443626
2025-05-20,0.031215755075547635,0.012208618632953971,-0.033333389258678014,-0.027723583557210274,-0.017241363363798556,0.014354053886023399,0.01587300085546861,-0.0030212170919945436,-0.03953490113397018,0.008051560455349493,0.0,-0.009483683325451353,0.024999975785613415,0.005671117206934806,0.0076923006385032355,-0.0025940456106293697,-0.009063435621868399,0.02352938866532872,-0.05882356034843117,-0.014534869617614077,-0.006825931901308424,-0.01075267783478251,0.03171953870015565,-0.057471277755039685,-0.03428573608398433,-0.023228742131272795,0.0,0.12996394801201072,-0.011605415860735047,-0.004686092097769379,-0.003852605276695842,0.014999985694885254,-0.0011376824715852996,0.009202360762219142,0.01851850012202405,-0.010416656965389626,-0.028614393033718155,0.007455405297070783,0.15500948536380332,-0.0222222010294596,-0.013201307666904194,-0.01923075159625831,0.004672912553501218,0.007444102086688886,0.0011881678564928944,0.0,0.1502890101715153,0.019157125273476128,-0.0045248824844553726,0.010948894629691175,0.030067842223609587,-0.019018977451091046,-0.05053250321537317,-0.013468000494176735,0.010989000192372256,-0.0355330210332383,0.00073696146687241,0.04054050135560283,0.05952382557381353,-0.03969198868896873,0.038793170335178484,-0.01731600123110688,-0.135338391691059,-0.012195110427418387,0.0013864070607483292,0.0,0.021669302027506943,0.07692307149707389,-0.02035830663161675,0.0,-0.017857126384770328,0.0034246269620270553,0.0192307515962582,-0.002918088277116815,-0.03299559372256855,0.010293161625855252,-0.007957552133036838,0.0,-0.026736349562247685
2025-05-21,-0.01752522172294868,0.0,-0.0191570706229659,-0.04216864470468307,0.0,0.11320755777939628,-0.003906246362021082,0.010101049022522401,0.0,0.006389770030435393,-0.029411736347271344,0.03191491520313172,-0.06097562482568364,0.012218055474265244,0.022900833518668895,-0.008452574598581397,0.006097555213709249,-0.03448279405745802,0.06250003492459744,-0.06342187195713023,-0.041237154789775854,0.0,-0.022653700897151352,-0.012195110427418387,0.0,-0.013079711730052623,0.0,-0.02555915629380845,-0.011741682974559686,-0.020446553543607027,-0.02134906808161985,0.197044384731486,-0.030751652881655156,-0.03343460313593838,-0.07272731016490008,0.021052674507501035,0.013953519821928273,-0.011385177772485378,-0.03600658956160563,-0.08181821038900261,-0.06020069103113168,-0.040196087597792474,-0.0186047714973423,0.059113362398476754,0.001582139860980325,0.006000041961669922,0.0,0.030075116435231752,-0.004545450112051319,0.10830323262888242,-0.0037664747913432883,-0.015306180539302772,-0.02295854490156235,-0.0051194896117446875,0.0,-0.039473647060816464,0.002151623491778887,0.03896108017862199,-0.07865167862085831,-0.015422565167692914,-0.07261418444080403,-0.02202641089709456,-0.11304347645808255,-0.012345667202249944,0.053599663980710366,-0.01790285680940218,-0.009426542802373206,-0.0604395665576557,-0.023275123789386565,0.015936226142879928,-0.012121200736670112,0.002275364943170599,-0.09433959399563019,-0.02055814190822458,-0.06475012811314951,0.001019028159718438,-0.05080215420747913,-0.03125004423782163,-0.02052414325748042
2025-05-22,-0.01081085205078125,-0.0010965163385221466,0.01562498544808455,-0.018448659413837,0.0,0.055084796703196215,0.09019608759779252,-0.0100000381469727,0.01210643357105523,0.007936462283165913,0.0,-0.02938142814599709,0.025974079255291826,0.06778082741028113,-0.0597015230765604,0.015081973623479294,0.012121200736670001,0.0,-0.08823529669570263,0.05984253860597599,0.34767026590422856,-0.0326087287502157,-0.018211915022529834,0.03703700160674983,0.017751547407151236,0.0,-0.02439022120941492,0.02622956176241198,0.005940594059405946,0.0004119317257536004,0.0023711968157282826,0.18930042202049635,-0.010575810830467658,0.028301845351284438,0.02941173720662249,0.03092780464424627,0.0,0.01247598388123361,-0.010186747731683932,0.044554413375801794,0.024911093625196168,-0.0449437908092436,0.018957470911824315,0.016278998074243267,0.00296213151958602,0.0,-0.03517590558624317,-0.018248072280605543,-0.02283102785839375,0.006514651909255154,0.05765592259697949,-0.07668391713686595,-0.02056075946801217,0.0,0.0,0.13150685110466176,0.00590776499073975,0.04999995157122683,0.04268295918455611,-0.020676646813539312,0.1118568285164423,0.009009000301245074,0.10784315329613703,-0.0625000139698384,-0.027595292060653365,-0.031249970896168877,-0.0047580862471008345,0.02339179003549785,0.016170177053898005,0.01960785635193041,0.018404890477013325,0.020431253453821796,0.036458361467036626,-7.302606429371306e-05,0.0384946883000139,0.0005088463231430751,0.00985917923966495,-0.032258034744817476,-0.015473872828915214
2025-05-23,0.0,-0.010976886011418774,-0.03846150319251662,0.01879540952266412,-0.017543843138140613,0.1726907892009215,0.14028780896325221,0.01111117319092303,-0.009569342786256319,-0.007873970810807207,0.030303000199675578,-0.07328726321603696,0.037974646297370906,0.002608672432277581,0.04761909717695367,-0.016149883001227106,0.002994009197675007,0.0,-0.032258033504347416,0.013372979544252761,0.7872339912861814,0.044943845056852894,0.015177098654653332,0.011904821881092875,0.017441815334505728,-0.012048160613981174,0.0,-0.019169386263373167,0.013779427360341101,0.0007550195899101997,-0.003784891934921597,0.10034600391913928,0.005938264879074673,-0.024464796967484048,0.0380953170274696,-0.03250002861022949,-0.005351714666930629,0.002843690731913595,0.02915953319359188,0.0047393322087359024,-0.03472227051302046,-0.04385027644761674,-0.01395359349193126,-0.02288327397056089,-0.010631996915191233,0.03180911346685722,-0.02083331393077925,-0.0028489996245284477,-0.009345896432088385,0.055016207448551624,-0.021447701529756724,0.010101027399459506,0.0079062408155548,0.0,-0.010869554654186486,-0.016949193637214477,0.03853316938313345,-0.04761900369272076,-0.029239807257405603,0.08317346702562167,0.03822938938456821,-0.031249970064631705,-0.07079649845391878,-0.039999961853027344,0.0007722184578475844,0.00537633891739131,-0.004780909856957227,0.005714280264718097,0.0,0.007692388318304211,-0.006024090761646117,-0.024471559394392384,0.005025120811725348,0.0017491910325460047,0.009128575447532983,0.0020346481214992274,-0.03207810552665569,0.03333330154418945,-0.04027509537367424
2025-05-27,-0.058469931116570284,0.0011099032883239435,0.0,0.07714885212402267,-0.017857125751218117,0.0273972334300725,0.04416399467386456,0.0,-0.01932371579650538,-0.017460338124461794,0.08823529669570251,0.03724926017830055,-0.012195110427418387,0.0008673225597082279,0.00757575004991895,0.0032830093239371028,-0.014925359325276832,0.07142857649699375,-0.033333399560713795,-0.07331378114587317,4.331845677041731,-0.05376345326492771,0.048172815077818676,-0.05882354178643112,-0.02857142857142858,0.007317194355464851,-0.009999990463256836,0.006514651909255154,-0.0019417477647316606,0.025101159402058926,0.01598861208932778,0.10691820975841226,-0.060212539882332106,0.02507833329995024,0.05504581737815473,0.05038764274619778,0.0,-0.014177759723106087,0.05333336194356275,0.2028302311175849,0.0,-0.026845625502414205,0.009434054447257978,0.004683836303478017,0.0025871458961834737,-0.029865165337081168,-0.03191486326155479,-0.004081688825176233,0.004717089349841386,-0.04141104014054697,0.044748838324504714,-0.011111153496636272,0.022721128613798713,0.006861057011403826,0.0,0.022167525580375935,0.0344689467857624,-0.043750032130628336,-0.012048181523292234,-0.021854778394123864,0.005813994320832405,0.03686632299233983,0.02857151615376763,-0.02777783296726144,0.02797069364721194,-0.04812835997278453,0.005604535610993722,0.0,-0.035175807150752525,0.030534293919987965,-0.006060600368335001,0.027365992997834265,0.019999980926513672,0.018044264654401232,0.09512064869095127,-0.007106659872833765,0.047550420891238954,0.129032292797713,0.022517907179732788
2025-05-28,0.07835173635149761,0.009977737732386638,0.015999984741210893,0.013234727346040698,0.03636360089641055,-0.04333337148030603,-0.03927488769476317,0.03396604843293494,0.05911343867828944,0.0,-0.2432432497740662,-0.008839770388950563,0.0,-0.006065831460624893,0.007518789579387564,0.013743455704694485,0.0030303001841676114,0.0,-0.068965453455194,-0.03006329937654295,-0.1861568976494311,-0.01136362558800319,-0.001584806607308531,0.012499987892806708,0.035294140086454595,-0.021791892631874532,-0.02020200074126499,-0.025889943666086213,0.0038910509689846773,-0.008697443973473384,-0.005297620208186027,-0.031249970367008828,-0.011306551778464846,0.012232398483742024,0.026086932184114398,-0.009840088878222075,-0.00845503273587811,0.0,-0.01898739859760079,-0.047058779530595896,0.017985594543473482,-0.0701149300864925,0.00934576535337972,0.01631705647641568,-0.007542782018847283,-0.000992976714056848,-0.016483565788166232,0.0,-0.01877943573824914,0.0,0.0026224377400285714,0.004494377928932147,-0.04337485175295974,0.005110768380448105,-0.03296706607672484,-0.06746992852383515,-0.005320047836942399,0.1307189878585726,0.006097555213709249,-0.007850243582727678,-0.012928718174450515,-0.0222222010294596,-0.06481486080605126,-0.04285710271523857,-0.0007506270377204416,0.05617978957818792,0.0063694204644377805,-0.01136362558800319,-0.010416739102864003,0.007407484865912917,-0.018292665641127526,-0.016648231786249967,0.024509781005518594,-0.005503184045875131,-0.015269101344234315,-0.006646138621117181,0.03301241383562359,0.37142862592424675,0.05972642497625036
2025-05-29,-0.030678132247835,0.024149316720067926,0.027559029249642375,0.013061857227008256,-0.026315764707210976,0.06620211316957825,-0.03773588725110655,-0.008695666596208462,-0.009302401990854192,-0.0032310146593915734,1.392857192274259,-0.021739202084006926,-0.03703707519273092,0.0017436358869882262,-0.06716420234086118,0.012911553058615466,0.015105726036447331,-0.011111100809073515,0.07407400048809576,-0.02283855476494112,1.7163923010617705,0.24137935286894963,-0.01428574428781415,0.012345667202249944,-0.011363679466167786,0.01113861961508511,0.0,-0.00664451195677096,0.0038759693745940016,0.0,-0.006422255964193546,-0.06451613579846482,-0.01016517469750533,0.0,0.10169492381566325,0.009937878485783314,0.0,0.032598307368644885,-0.019354820846890552,0.15226332320757563,0.014134262519924334,0.03584670422422298,0.0324074556447298,0.0045871514481794495,0.0012001269003749648,0.013916439742432063,0.0279330014475605,-0.0040983460594776755,-0.023923423143372258,0.0016000366210937589,0.03312991330377302,-0.03131988211560821,0.012717802666765587,0.005084700421402744,0.02272725117600638,0.07235147754220139,-0.011179658050232022,0.034682047467071264,-0.04242420257834523,-0.02556293808317056,0.017021640992227915,0.0,-0.03960392300071269,-0.0298508060193573,0.013896745135526745,0.023936147446166123,-0.003164553858114205,0.01724136277318622,0.04385965059044983,0.029411799217419654,0.024844696582373427,0.025959424923601038,0.07655506813467117,-0.0015809920041518488,-0.03329947555185353,0.00308794848775662,0.06391471739113319,-0.02083341197834765,-0.011649900395684809
2025-05-30,0.0,-0.007502646880667263,-0.015325656498372697,0.010997307506613652,0.018018000602490147,-0.06862746473002213,-0.00980391240220746,-0.0107213068126365,-0.011737101912265069,0.040518638072718494,-0.29850748193957066,-0.017093974364798536,-0.012820501064172207,0.06266320986695195,-0.06400003433227541,0.013384259760564454,-0.011904750923180218,-0.01123594452133514,0.0,-0.006677790213931889,-0.031687945527605677,-0.12037041636160684,0.0032205749388720672,0.04878051439826536,-0.011494187354914032,0.029375780000900686,1.499999877103829,-0.033444784051375964,0.0038611025047887715,0.0001350347784185857,0.008040328975095212,-0.018808759154637977,-0.07317075410174834,-0.024169072137554815,-0.13076920255401325,-0.003690004003555236,0.0,0.002785509922981211,-0.04276311764921792,-0.07142858967489152,0.010453035193241922,-0.06682576886613256,0.04932722877616258,-0.04337900736441225,-0.0013983538940229856,-0.05000002337437093,-0.021739174096029212,0.0,0.06862750368730697,0.022364195106523654,-0.0751055117866899,0.039260988288526866,0.008189987122923847,-0.010118034488434513,-0.02222220161814692,-0.033734906811658916,0.009869067258631015,-0.07262569720786527,0.031645538581142496,0.018113497552496582,0.03452902756743037,-0.004545450112051319,0.010309268214748757,-0.015384601277006582,0.03685863681984691,-0.012987000923330161,0.025396800407627707,-0.03389827312208993,-0.10756300621875814,0.0035713778410959574,0.018181801105005002,-0.004400435773550537,0.0933333502875433,0.003742977450883478,0.03786490895682526,-0.009748651484306592,-0.010012506382695352,-0.0851063052687262,-0.039821600009722125
2025-06-02,0.0,0.011879012306518,0.12451368870566637,0.024005978743865786,0.017699098239742916,-0.010526306103030625,-0.006600653833452097,0.02463054279761634,-0.004750576200981849,0.004672855547457999,-0.12765957986461252,0.016811647276947506,0.06493508202528231,0.052416080370453644,0.20512822080332604,-0.0006288119976939344,0.003012045380823114,-0.01136362558800319,0.2758621221206716,0.08571432692950354,-0.27809646499400886,0.042105286273269815,0.03049759721931089,0.30232556527727317,0.017441815334505728,-0.030915630213142253,-0.039175270300310094,-0.017301103432493137,-0.01923086711720534,-0.0008097898445277307,0.01172977623757876,-0.02555915629380845,0.13019391752579357,-0.021671953824332846,-0.0884955966936618,0.03456786664007372,0.0,0.004629620683947122,-0.013745772883779095,0.042307745211225045,0.0,-0.020460399383130046,0.017094184302907545,0.0,0.001800356994129837,0.014447920473203535,-0.011111100809073515,-0.012345634862423238,-0.03211016950357426,0.05937501699663672,0.0739051475180148,0.0,-0.023558053742090967,0.0034071518426628256,0.01136362558800319,-0.004987585586913923,-0.01200094171722832,-0.0361445445698767,0.01226992698467555,-0.01595069000388294,-0.13556586903928103,-0.018264822286715,-0.03061227592911475,-0.031249970896168877,-0.031439770202307704,-0.026315764707210976,0.006965956041519394,-0.023391859748531196,-0.011299424374029976,0.03914587762447552,-0.005952375461590109,0.017679540777901126,-0.008130073421291018,0.005234757378218102,0.11122369530978782,0.009326447938859062,-0.02149179261356926,0.27906971070623565,-0.06138017623041081
2025-06-03,0.0,-0.03308425504040291,-0.024221511806380325,-0.028937693415986065,0.008695644061371466,-0.024822671950315622,0.029900303805469486,-0.02596149173008444,0.014319755693547043,0.038759691068654956,0.024390220854836775,-0.02451540950577269,0.024390220854836775,-0.01556426124530419,0.0,0.00062920765101393,0.003003000207918216,0.03448272554637244,0.02702700090373522,0.07275538504895551,-0.09174639903112058,-0.07070706280113892,0.010903340118247895,0.026785688626827175,-0.01714281354631697,0.006135012102325366,-0.13948490124763524,0.003521123508970936,0.019607944900019048,0.014249957444093742,0.004328295607398003,0.03606561810955644,-0.06985290508369191,-0.022151867906269884,0.0,0.02983293515344765,0.0,0.02304152192597142,0.012195152343662974,0.09225092121066658,-0.00689654492027858,0.016971294915622437,-0.05042022314975925,-0.031026279872453433,-0.0015975356937201202,0.04272635600749819,0.005617972260667514,0.004166723996718025,0.0,0.013274288048034766,0.014443425319282444,-0.016666624281141518,0.03882411696796528,0.013582330308911983,-0.02247188904267039,-0.020050106144070656,-0.12771739676200367,0.024999975785613415,0.012121200736670001,-0.01932677851800968,0.07419575366943465,0.02325579074346007,0.0631578980390386,0.016129016752173708,0.019734409272120335,-0.01351350045186761,-0.0030745550460659077,0.041916200150260874,-0.007619040352957573,0.013698688876893739,-0.005988018395350125,0.008686202320814518,-0.057377090828291566,0.007347831994575449,0.009575881511642903,0.013860453701611375,0.07751943142280582,-0.18181818181818177,0.032873749301178146
2025-06-04,0.0,0.005518679331657506,-0.010638287978706695,-0.0015088991015459463,0.008620681681899223,-0.02545452117919922,0.129032292797713,-0.02073050698662926,-0.004705865059864922,-0.0029850718650553665,-0.023809501846360326,-0.013442515568690805,0.1785714767214408,-0.028458471741762192,-0.014184383971608927,0.0,0.023952144964210387,-0.02222220161814692,-0.07894737254879813,0.16450214931086027,0.17717239381996297,-0.021739174096029212,0.0015410033049760852,-0.03478257624548575,-0.011627950817908794,0.014634153790170412,-0.12967585777173174,-0.010526306103030625,-0.01923086711720534,0.0027967593864819396,0.0070802103616500744,-0.009493661574342727,-0.014492770922659104,0.019417531810300925,0.048543760111089185,-0.004634989724518479,0.0,0.01711699387786081,0.025817572606665173,0.01351350045186761,0.0972222084248513,0.1245186197951238,0.008849473401901786,-0.0024629931491653156,-0.001999902289185007,0.006829238519435954,-0.04469269576030488,0.004149362332210416,0.01895744182953618,-0.01746723254120064,-0.021775484450994642,0.007909569695701446,-0.004538125282970928,-0.011725242426176341,0.011494241848790887,0.023017880356437592,0.0031152617895386925,0.018292665641127526,0.011976108173510136,-0.02987918604804929,0.07492507321188935,0.06363630156871825,0.04950490375089078,-0.03174600171093711,-0.0012660461867447514,-0.030137022093236654,0.0007709541250311425,0.0,-0.00863725066496357,-0.020270314543625156,0.018072344097764814,0.007534951034623649,0.026086932184114398,-0.00014169864440904956,0.015582711391782134,0.012151762704185165,-0.020383701820580247,-0.04444440205891931,0.0037645658089147105
2025-06-05,0.0,0.029637812067948133,0.01792113010749863,0.003777876239659639,0.01709410330718164,0.05223875485010554,-0.005714280264718208,-0.010080683538370105,-0.0023641142677193194,0.0,0.0,-0.00414690155831976,-0.06060606243050637,-0.017087065809503033,-0.007194237817389371,0.0,-0.0029239737544372035,0.01136362558800319,-0.08571429057997104,-0.09293674740085334,-0.2817567582806154,0.011111167036458314,-0.012307776512400337,0.02702700090373522,0.01176475076114425,-0.013221083301102055,-0.14040114848073737,0.017730479964511048,0.0,0.0019919253238096513,0.004126459872932697,0.11821082173512054,0.00802138270408359,-0.006349196963810311,-0.046296360684027316,0.03376018122254165,0.06976744716099925,0.008857467572819244,-0.040268497721342444,-0.09666665395100915,-0.13924052065485737,0.07762559314617334,-0.05701745530510438,0.012345607788387003,0.0020039099132078686,-0.04748059938062921,0.0467835800709957,-0.004132216269672417,-0.018604743487125486,-0.010370395801685528,0.04366432036662893,-0.01793720247125663,-0.03807996644621425,-0.011864435683033303,-0.09090907243657698,0.0,-0.03105594477100304,0.041916200150260874,0.029585769599628886,-0.017693402251274803,-0.024628284171541504,-0.008547000709448138,-0.00943395377648304,-0.049180377526039876,-0.014306426984126097,0.0451977648460018,-0.0015407938978948543,-0.011494241848790776,-0.007744426359816758,0.0034482271104252504,-0.005917224457964498,0.011752202391705158,0.012711953873680848,-0.0003541886321676291,0.014898780314839266,0.0015008681060983964,-0.0354957110336499,-0.06976748312273762,0.011933187261512268
2025-06-06,0.08273180189796547,-0.011727042146609024,-0.028168988071767043,0.17990217318582213,0.042016764631988,-0.02127657595741339,-0.10057468468800534,0.02342163982264367,-0.0023696026744887133,0.0,0.0,0.030339098458338043,0.05376345326492782,0.05298016120569704,-0.036231849629747126,-0.0050313483603245945,0.005865096898272304,0.03370790053551764,0.03125006402842834,0.11475405137320949,-0.0244590993492676,0.010989000192372256,0.0,-0.07017547712211625,-0.005813975408954342,0.0207063862376482,0.1333333651224773,0.020905987313805108,-0.013725391760173844,0.012259829291849433,0.016895007184225097,-0.04000002997262142,0.010610069510715636,-0.006389766852107126,0.019417457749564715,0.041666653242197205,-0.02536233247837727,-0.03424058342077618,-0.012237709334229407,-0.00738006665866664,0.040441137477498224,-0.034957618824763115,0.03255806761078395,-0.014634132725648952,-0.0066000408777523445,0.007121026995677626,-0.01675976091011433,0.0,-0.03317532546115076,-0.022455033291157944,0.03199346650924917,0.021689449248742054,0.020630100376418214,0.003430528505701913,0.0625000139698384,0.007500052452087402,0.049679556247988366,0.08620688237701679,0.03448272554637244,0.0160107033982968,-0.009051955032369996,-0.008620681681899223,0.04761911790117157,0.08620691958562432,-0.001653502702246623,-0.010810800361494066,0.013888912395521702,0.13372093909749982,0.0,0.02749144343555754,-0.005952375461590109,0.008447721378064488,-0.00836829224570046,0.013107566478810284,0.12248028543698353,0.002497405486195703,0.05710657395048324,0.0,0.023247996191471998
2025-06-09,0.0,-0.02157505426787243,0.2318840967810123,-0.055502384368283364,-0.024193525128260562,-0.003623184962974757,-0.009584731217720188,-0.010945334155612496,-0.009501152401963697,0.004491049487917564,0.36585367626551024,-0.024249427465027895,-0.07142856273984788,-0.021226450636446348,-0.06015040626614199,0.0012642283051906844,-0.002915449057909525,0.0,0.060606000399351156,0.07843141608951454,-0.2905014312931906,0.021739109308372973,0.014018798235845953,0.0660377888969812,0.035087740823673386,0.0071599081006819,-0.08529417415803531,-0.01706482975327095,0.005964113517004543,-0.0012438160677220589,0.0,0.1488095284555777,0.015748016714081325,0.009646287808243725,0.13333343929715102,0.0,0.031226812174450558,0.01818187402822624,0.06902652387658637,0.11895908045944403,-0.007067131259962167,0.18551045783432718,0.004504577153584544,0.02475245187544539,-0.0006039334815632902,0.0,0.01136362558800319,0.004149362332210416,-0.004901956201103785,-0.016845349154687494,-0.0031796472254066455,-0.007821195119105395,-0.0021852452805495304,0.0205128012846727,0.04705877733065722,-0.0173697687387232,-0.010687048797402121,0.10582006877682248,-0.04444440323629384,-0.012475371274928038,-0.0519230751596258,0.060869612089853975,0.07272720179282088,0.04761909717695367,0.012513807568390156,-0.027322442815858827,0.02283099156941759,0.02051280044866699,-0.029268311291206217,-0.030100319893493044,-0.01197603679070025,0.0020941888680545695,0.03375534429857652,-0.0045457424750096065,-0.04997074753398023,0.010463517660384891,-0.013205241018574565,0.02499997615814209,0.047085886016170475
2025-06-10,0.0,-0.006615156335299743,0.026470562248494645,-0.027693335964928956,0.01652890933552542,-0.06181820956143469,0.0,-0.01006030503187949,-0.00479614510658144,0.00447089907610132,0.05357137725365435,-0.048520693096650525,0.04395600076948947,-0.023293169983602202,0.0479999542236329,-0.0044192121750487035,0.008771921263311722,0.010869554654186597,0.0,-0.02386364018128917,0.15460411790279016,0.10638294094771261,0.007680440443710523,-0.026548647359614486,-0.050847541643237903,0.023696618102784672,-0.022508017879094178,0.0034722187728795095,0.007905139135136574,-0.004129642604269734,-0.005088963496717169,-0.028497382923657888,-0.002583976940302213,-0.019108334302715413,0.0,0.004324320200327358,-0.007930854492018136,-0.013392919726771924,-0.04139072873823357,-0.05647843084138393,-0.053380733097267874,-0.046296360684027316,0.0,0.01690825456977607,0.005237798170395269,0.035353575248085356,0.016853916782002765,0.0,0.0,-0.024922094316309096,0.051834100518946435,-0.047297305279414226,-0.03887211104288579,-0.006700161349878941,-0.04494377808534078,0.015151500555948827,0.024691334404499887,-0.057416215544093485,-0.04069770423704466,0.021276591657499955,-0.006085138745593244,-0.032786950921536606,0.10169492381566325,0.030303000199675578,0.06052340946295898,0.014044930651669008,0.008184569478120851,0.010050241623450695,-0.021105531876636552,-0.010344850648361659,0.03030307408973054,0.009404404959026946,0.024489772086439876,-0.004285460425163645,-0.11095126185205406,0.00493077473079051,-0.0048661752498319055,-0.02439022120941492,-0.02515720931616272
2025-06-11,-0.05897433941180885,0.032186454437972634,-0.020057287407311386,0.02744004803947897,-0.008130073421291018,0.05038764274619778,-0.012903213897927035,0.0030487533034542214,-0.01686758009373579,-0.0014836427869816537,-0.016949137131806236,0.006840834009544494,0.01052630588288439,0.03865133823409006,-0.06106864671788603,0.008243415497594109,-0.008695643760907257,-0.06451613109971022,-0.057142803620318094,-0.01862629156809814,0.0909358503300477,0.06730774521122518,0.04115847395549865,0.009090900224102638,-0.017857098255025683,-0.05671295741483784,0.05592107842998861,0.03460204186943594,0.015686276075384864,0.0019087926496643703,-0.0019558172189054757,-0.0746666590372721,-0.032383420569211396,-0.0064934972220339615,-0.025210158955061512,-0.05812701443168966,-0.01671508724001025,0.0045249682633496935,-0.04317789320329979,-0.10563378921933275,-0.015037668789816938,0.03883503123630683,0.0,-0.02137770825947638,-0.01002001431264632,-0.001951264172065592,0.06077349048762537,0.004132144451255204,0.00985220749181659,0.004792289436792885,-0.044730797398283784,-0.004728127857288822,0.0037026791755994104,-0.03035410346530354,0.0,0.03233833707903555,0.05722893404846463,-0.010152274434545583,-0.018181801105005113,-0.01888020870070728,0.005612178615410857,0.05084751242024477,-0.04615380383101986,0.0,0.027420776875049624,0.0,-0.04428047033386695,-0.04477613622170129,0.039014386383018795,0.020905970438569454,-0.00588234716633218,0.03519670372241013,0.11553783384656646,0.00028224975579305145,-0.016177507638871713,-0.0058879169441974355,0.08557454561734201,0.02499997615814209,-0.04290322334535657
2025-06-12,0.0,-0.0010752934061011299,0.05263152757987033,0.06727517837223984,0.0,-0.025830233305333072,0.026143844320456466,0.017223918770523428,-0.002450912552396489,0.004457683465575846,-0.10344828294942288,-0.0018530380269227154,0.07291666084590043,0.005542335248610364,0.06504058737032836,0.0,0.005847947508874407,-0.022988483697581663,0.060606000399351156,0.03795963027756333,-0.12247102651477026,-0.018018000602490147,-0.002928224176571903,0.0,-0.018181771943063474,0.012270024204650731,-0.04984426290631794,0.0033444784051375187,0.0,0.0002627836145128182,-0.0019596499359934016,0.014409208041508137,0.02008033461585712,0.01633993033596326,-0.02586204504569778,0.0045714242117744774,0.009608223131737592,0.0,-0.12093864276306654,-0.07480317325746988,0.007633671839197387,0.15887845677677492,0.0044842622476291005,0.029126186624347072,-0.001012213537387785,-0.0029325253483475366,0.010416719053562673,0.016460918006105274,-0.02439022120941492,0.01907788335243965,0.02142853142182699,0.0,0.03859241574569272,0.006956515104874272,-0.03529415312110251,0.05060241766774709,0.012820534591513333,-0.030769261805968173,-0.03086416800562486,0.003317821451896741,0.039066488763577434,-0.008064508376086854,0.0806451798973915,-0.05882356034843117,-0.010508774980778623,-0.005540161082465245,-0.015444000942922531,-0.005208328482694813,0.0,-0.01023893044213875,0.03550292351955475,0.0100000381469727,-0.01071427567880967,-0.0013402811034909368,-0.0035236440440271632,0.022211064343985898,0.0022521963774337905,0.0,-0.007414874040740926
2025-06-13,0.08991823347298045,-0.03552205867180991,-0.07222222148636237,-0.05543237304138793,-0.040983664223788296,-0.015151590409901994,-0.035031888483889495,0.010956141144939258,-0.036855017853478445,0.005917153919925866,-0.01923075159625831,0.0012376521010224462,-0.09708734661641205,-0.018897620056897546,-0.12977096527496945,-0.0018867404140722188,-0.005813947847045586,-0.04705884745376676,-0.11428569239013009,-0.046857125418526824,-0.7168767173760698,-0.009174302896359121,0.008810543523610104,-0.027027000903735332,-0.07407411768057937,-0.03999996030551212,-0.13114749613195165,-0.019999980926513672,-0.005791506360604548,-0.010771096899114707,-0.017671018368234037,-0.025568157573007233,-0.06561679888572791,-0.02640266936275748,-0.008849549119871458,-0.004550621390969289,0.0014641481720532035,0.0,-0.03490761402234188,-0.055319098424671975,-0.007575840359983155,-0.10080645083760864,-0.053571491773842905,-0.028301861329449007,-0.005268498976696567,-0.004901979575474669,-0.020618597877583134,0.008097136934453353,0.004999995231628418,0.012480487614731084,-0.024086982804888857,0.0,-0.030874243183834027,-0.006908456324104306,0.012195110427418276,-0.0711009021299418,0.08720110744254272,-0.03174600171093711,-0.038216598716108385,-0.018518435952601164,-0.057792944262764157,-0.04878053744586641,-0.0895522401337635,-0.031249970896168877,-0.022926510744237683,-0.025069614574109722,-0.02274509504729627,0.010471194385354599,0.0,-0.06551716168350963,0.005714280264718097,-0.014851541241502675,-0.11552344239936196,-0.014832571760546642,-0.07614332111407152,-0.022694245102599653,-0.02134826837382231,-0.12195122234882316,-0.039388788365393834
2025-06-16,0.20850000381469735,0.006696475375139288,0.12275451987029751,0.054325984433681196,-0.05982900496613697,-0.0038461503192516178,0.0,0.02561578705945644,0.015306126514423202,0.014705867915830284,0.0,-0.004944370963977263,-0.06451613109971022,0.081059408169315,-0.026315764707210976,0.0018903069325568733,0.011695895017749036,-0.024691334404499887,0.0,0.10191839475346498,0.45602603603356395,0.009259250061012025,0.0014556230761515465,0.0,0.12666664123535165,-0.0037878804001724165,-0.10943403390006179,0.006802714468455484,0.007766991058926642,0.0024566459030295196,0.018142700979371984,-0.01749276385724552,0.019662969883848636,0.010169481678777403,0.017857125751218117,0.02857142857142847,-0.013157924902086227,-0.004504585158467966,0.042553254089081616,-0.009009000301245074,0.0,0.06726461618137258,0.018867988259832602,0.08495143552293416,0.0018333642371539671,0.010837498964112235,-0.005263152941442195,0.0,0.02985071794239791,-0.021571628878728766,-0.010350327237081847,0.004750589250663406,0.047363976525470086,-0.01217394289763074,-0.024096363046584468,0.029629599977206045,0.021992247849220714,0.13114747797771287,0.006622510282393357,0.010781603639753223,0.009017214907652837,0.05555560649969826,0.04098356651125812,-0.032258033504347416,0.031228457589398184,-0.02571426119123188,0.004012856386981234,0.10880837464429449,0.005928895286087643,0.033210312714198276,0.028409063970008086,-0.021105531876636552,0.008163257362146625,0.014195590332543473,0.13727995041185403,0.022727316584993718,0.00803670430742165,0.08333338852282068,0.05620354166784658
2025-06-17,-0.08067855841059857,0.0188469084248557,-0.018666648864746116,-0.00254452679221151,0.009090900224102638,-0.034749002761329084,-0.009900980750178201,0.004803092360015082,-0.007537720599279485,0.002898547920302308,-0.03921564960882995,-0.002484528855874024,-0.06896551960383057,0.0081662698215752,0.0,0.009433945607153271,-0.011560682489023755,0.012658215432457043,0.0,-0.2034819906535762,-0.10887397872929327,-0.009174302896359121,-0.005813886817599645,-0.009259250061012025,-0.023668617015333404,0.03295297685480625,0.17796614193361715,-0.006756750225933805,-0.0038534668500931346,-0.005099665994958258,-0.008305638078957345,0.08902083113426973,-0.02754824790592303,0.0469797925499722,-0.008771921569070362,0.0,-0.026666510823625922,0.03438925518784974,-0.020408143405366563,-0.06818186005284876,0.03435120477827258,0.0084033529263976,0.0,0.0,-0.02175679307889511,0.009746532706101929,-0.005291000285156167,0.0,0.009661826846140142,-0.0031496033428162207,-0.03700724270742228,-0.008274195568390486,0.004037623284541603,-0.014084494035883521,0.024691334404499887,0.004796158407816664,-0.06582278160115995,-0.019323653692280396,-0.032894705884013775,-0.022666638588442645,0.0025474875483648685,0.024291474528160384,-0.0393700417852032,-0.033333399560713795,-0.007361529585730997,0.03812312983876964,-0.007194256669964538,0.056074710129257355,-0.0383104451504257,0.04642852570864209,-0.005524856784194343,-0.0041067723606769135,-0.04453446649403359,-0.007846705535776155,-0.02288535931675406,-0.020772969648025774,-0.029612674614459822,-0.05128206225463516,-0.01907629554329593
2025-06-18,0.0,0.002176328474090994,-0.03532611741376224,-0.013073974471696115,0.018018000602490147,0.0479999542236329,-0.0633333524068197,-0.010516219529262294,-0.002531636175796881,-0.017341023733535632,0.0,0.01432138588003773,0.11111107840623058,0.10898383683545299,-0.25225227692425,0.003738455974617416,0.014619868772186129,0.012499987892806708,-0.35483870502565207,-0.0034153134946931507,-0.16317990296144214,0.01851850012202405,-0.011695914811981178,-0.009345896432088385,-0.048484860044537115,0.0,0.07913670175336285,-0.01360542893691108,0.009670982975060971,0.0007987449630735277,-0.0006091835789762134,-0.02997278780045287,-0.009915038559308753,-0.009615376071443582,-0.0884955966936618,0.0,-0.006849441763634334,0.0017496908372363063,0.0166666501098216,0.05853664720434448,0.007380066658666529,0.11666665010982147,-0.004629585777518486,0.11633109739010039,-0.015797194328949438,0.0,0.01063828775385156,0.0,0.00478468462867454,-0.03317536187646952,0.0008353613186677933,0.014302727133328919,-0.002949078085831891,0.024999976583889083,-0.012048181523292234,-0.009546530144813992,-0.008130073421291018,-0.039408829967266135,0.04081628681073313,0.006139140583382829,0.012110588696497171,0.003952565445193956,0.0491802798135097,0.0,-0.010281486457535793,0.0,-0.009661826475196755,-0.05309729471922886,-0.007150122073235399,-0.003413004744622916,0.06666667108182556,-0.0061855120744510605,-0.025423705697709242,0.0037762818288786804,0.0638347334717837,0.005919964576171388,-0.017605700017058634,0.08108106714865881,0.008188323967628808
2025-06-20,0.0,-0.021715505802036517,-0.04788727891797451,-0.020032336799674866,0.0,0.14122142753403466,0.0035587155398177917,0.045410560003066536,0.002538061624421717,0.016176419645858697,0.08163257362146625,-0.059545805168036314,-0.14444444297272474,-0.019920330835057065,-0.06024097942928763,0.011793850502182623,-0.04610953444134991,-0.024691334404499887,-0.05000002607703169,-0.05825910709938942,-0.014999961853027322,0.0,-0.028106511127656608,-0.028301861329449007,-0.07643310979895512,-0.022769165206047992,-0.07000001271565759,-0.04827589665525056,0.0019158066972786436,0.001197262887859818,-0.007770749688595702,-0.039325805824673155,-0.020028593858337218,-0.012944999392353163,-0.009708728874782357,0.032222217983669754,0.0,0.0,0.0532786364646356,-0.055299594358818815,-0.010989000432297447,-0.0895522401337635,-0.009302296535124266,-0.026052032778877132,-0.058078120294841384,0.027027094201208968,0.0,-0.008032099921517544,0.0380953170274696,0.2418300729981604,-0.025041673499475392,0.0,0.011024465247429616,-0.04006960825915218,0.0,-0.016867510856088175,0.05054643126806169,0.09743592439710369,0.01307188320294328,0.018983096175213987,-0.005891750014940134,-0.007874008357040663,-0.046874956344253316,-0.034482726727597,-0.02469347296996005,0.019773992654552597,-0.017073173568335265,0.014018677532314339,0.0030863921961969965,0.006849386477792319,-0.026041642413474064,0.0,-0.06086950842960004,0.0010645786945266966,0.06259437937767998,-0.009318162227394233,0.025089610635394388,-0.10000002384185791,0.0020305033786858218
2025-06-23,0.0,0.005549410595416582,0.03254434655959182,0.044180684337573606,0.0,0.016722392025688038,-0.0035460959929022318,-0.06377075784145947,-0.005063272351593762,-0.02170761531730714,-0.03773581510593205,-0.01892950180351516,-0.07792208294861247,-0.03116531375432241,0.01282057748038623,0.015337375582186397,0.0060422904145789325,-0.06329115261120022,-0.05263152941442195,0.045123718769074284,-0.08629445162954374,-0.04545460949259217,-0.012176718150101906,0.0,0.02758618058829465,0.08186406384813716,0.057347701798684536,0.03260866466677248,-0.0019121434001465598,0.016165147370755584,0.014895508463921736,-0.061403518556215175,-0.04817517201465649,-0.0032786305460084098,0.02941173720662249,0.01829925478923644,0.0,0.022707380224032736,-0.02723732881754304,-0.014634132725648952,0.02222220063700142,0.01639342660450316,-0.009389821869661641,0.13580243400833925,0.03520174572732726,-0.010338402894939258,-0.04210522353153756,0.016194344233514846,0.0045871514481794495,-0.12499997647185046,-0.06678087896109597,-0.01175092582610493,0.11968085592070454,-0.0018149234966302608,-0.04878051439826525,0.01960782480441492,0.029908974949555356,0.01869157004308586,-0.0064516069489635175,0.0432467853841616,0.017474577100783373,-0.019841251069335764,0.06557370641801308,-0.017857125751218117,-0.0005238131492421028,0.016620549291325615,0.0008271487804485389,-0.05990788473286135,-0.02564102564102566,0.017006728303534224,-0.005347588469389097,0.030082982523325308,-0.004629625030506013,0.010281499798661109,-0.04001627542191999,0.01740688212335928,-0.01048952836692052,0.08333338852282068,0.04525498564560748
2025-06-24,0.0,0.005518679331657506,-0.04584529667434778,0.03157556331677758,0.017699098239742916,-0.003289470588401344,0.03202852470483175,-0.0009871894144976023,0.017811699545276838,0.00739640713088785,0.03921564960882984,-0.011310717186575725,0.05633806009374043,-0.017482517249333918,0.10126579890857101,0.02416929738823015,0.021021073052599926,0.01351350045186761,0.05555550036607193,-0.005571025460913259,0.07333331637912321,-0.00952380087370197,-0.004622405866398505,0.029126186624347072,-0.0067113711648050245,-0.00931324449225801,-0.04745766191227696,-0.00701753740202038,0.0019158066972786436,0.00654109718748308,0.016038754763096463,0.012461047158154548,0.04447852188671586,0.05263155713030532,0.00952380087370197,-0.017970409683766286,0.0,0.021349403990819527,-0.007999992370605447,-0.03960392300071269,-0.003623184962974757,0.008064508376086854,0.028436176066133134,0.03260866466677248,0.005631455718201783,0.018043735885642453,0.0934065671347728,0.015936266842470737,0.0273972334300725,0.03458646853760361,0.07889914132561437,0.005945325997865458,-0.012589045095159901,-0.10545453158291906,0.0,0.01682696495888658,-0.011363655520317262,0.07798157461905242,0.0,-0.021683646441924553,-0.01134957953420046,0.044534369968294296,-0.030769202554013275,0.0,0.013277398659111261,-0.008174378955344674,0.045454480968680766,0.12254902189944805,0.004210522300318598,0.0,0.026881694586956106,-0.005035265780284237,0.018604632594767967,0.012633417869865937,-0.006347846968159043,0.02458203704794726,0.024734987492150973,0.0512820011216677,0.010339246750759257
2025-06-25,-0.13096309348952873,0.010976990695760414,-0.006006000415836432,-0.06244258103809275,0.0,-0.04620457683416479,0.02068963476083585,0.030632452877698224,0.0025000507578782916,-0.011747419145117122,-0.0754716302118642,-0.014131900605570347,-0.026666641235351562,-0.08612099798723816,-0.1034483136612886,-0.008259738983978249,0.0029411735831661456,-0.013333320617675781,0.6842105098048072,-0.008403353487606458,0.06418218378390339,0.009615375798129211,0.018575866188769385,0.0,0.0,-0.04347813331765693,0.0,-0.03533565629981095,0.009560327700911087,-0.007278459710732155,-0.0022337197137412,0.006153840285081147,0.0014684624032101912,-0.11249997538762524,0.009434066238082961,0.010764303754612792,0.0,-0.001672403644856213,0.01814519191445685,-0.06701036629203816,0.0,0.08000001907348642,0.004608250938892278,-0.008771879924703185,-0.0043075987640534,-0.0391791106186562,-0.04020102639796852,-0.003921554461467691,0.004444440205891853,-0.10755817378579446,-0.011054431284928556,-0.0070922481496632495,0.013952413647164486,-0.014227676946319434,-0.025641002128344415,-0.004728127857288822,0.02426571339833261,0.1744681287103258,0.0064935004616650804,-0.014993552469837246,-0.011965677300239008,-0.007751930820906638,0.03174600171093722,0.018181800448205276,-0.0013793419147359876,-0.043956066269097094,-0.0047430409289889175,0.0,-0.014675088457291818,-0.010033385224301972,-0.01570679157803201,0.005060747991468384,-0.0091324111433575,-0.007832023055775239,-0.012137983516543271,-0.009596884835805342,-0.02298848432756806,-0.04878044241882984,-0.02430445211884047
2025-06-26,0.0,0.007600401143787794,0.021148088480809735,0.009794356925528325,0.008695644061371466,-0.01038069505860606,-0.02364862579076832,0.023969318570004283,-0.01496265687163778,0.010401214184693863,0.04081628681073313,0.036177522214753344,-0.027397315080268658,0.05451711845377605,-0.012820501064172207,-0.014277168186766609,0.014662742245680649,0.054054001807470664,0.15625004074536353,0.056497189220031885,-0.0194552348696736,-0.028571402621105912,-0.0030394788179687326,-0.01886790755296608,0.01351350045186761,0.023341378423586967,0.06761568010301033,0.03663000144099149,0.0018939393939394478,0.009819303689734715,0.01194033556206997,0.02446480861549971,0.04252198747120883,-0.007042306017108979,-0.037383251496717174,0.02555908012174135,0.019157152864895055,0.000837602632123069,-0.011881270762480578,0.016574636214070848,0.043636322021484375,-0.037037089364844955,-0.0045871123739881225,-0.005309771557870824,0.01254595448378315,0.10097086821304502,0.036649242761983114,0.0,-0.008849549119871458,0.10586321001656263,0.0,0.0,0.0004744161884342457,0.030927855323080733,0.013157882353605599,0.054631833014120446,0.019950104523650314,-0.08695652549493671,0.08387096724574694,0.025148896534642917,-0.00409835665112579,0.12500006984919465,0.0076923006385032355,0.0,0.03573901199864582,0.0459770359062488,0.010325664246651822,0.0480349936012201,-0.01702126105374524,0.0033783304622792,-0.00531914387692578,0.0,0.023041451870212448,0.011944325117141608,0.12006897538496464,0.0004845079201218905,0.052941154031192594,0.0512820011216677,0.036053765100546586
2025-06-27,0.16416365427067814,0.0021552218037907966,-0.047337301897445005,0.0206918649639114,-0.008620681681899223,-0.020979001741372683,-0.01038069505860606,-0.016853960677187363,0.035443149776581695,-0.0014706218531378434,-0.09803918245800214,0.010540174189427098,0.07042255412962395,0.015509604042733827,-0.07792208294861247,0.010259553080524064,-0.06936416384124577,-0.03846150319251662,-0.13513516561230887,-0.04144384251190669,-0.07142859846015659,-0.00980391240220746,0.007680465962859984,0.009615375798129211,0.08000005086263018,-0.04561820107918191,-0.019999980926513672,-0.03533565629981095,-0.005671077504725952,0.012446496791441719,-0.0008851244621166376,-0.0447760779758305,-0.14908578380793835,-0.007092162452212447,0.09708740448500075,-0.04984428766421789,0.02255639208555449,0.046025099731333174,-0.004008012393562077,-0.07608694736696164,0.010453035193241922,-0.1384615031925166,-0.009216619732850817,0.00533811573296239,-0.017303966614280908,0.01851852163326906,0.03535350129721371,0.0,0.013392844313413477,-0.005891010615280079,-0.047291503467135065,-0.005952290396567306,0.08323458118656712,0.07600002288818364,0.025974079255291826,0.04504500150622537,-0.017114955757907557,0.051587347390820826,0.029761948265863092,-0.011620313281233807,0.0,0.0451388440474334,-0.07633580839735754,-0.017857125751218117,0.017169507425878194,-0.019230815836259407,-0.009433953069178047,-0.02083341197834765,-0.01839827711092823,0.0,-0.02139035387755628,0.015105701301145968,-0.022522500753112684,0.005179817974079182,-0.060816010452094504,0.0038739990921046186,-0.017877078304121996,-0.170731664767653,0.059158459214720294
2025-06-30,-0.02090744319062099,0.24623654998786382,0.024844696582373427,-0.021856209715793606,-0.026086932184114286,-0.01071427567880967,0.041958086845887976,0.02095240638369611,0.022004747202423847,-0.020618537153480165,-0.043478283404402185,0.03194261839922463,0.0,-0.009454553777521357,0.281690216518496,-0.00418162030124325,0.01863352243677996,-0.013333320617675781,0.09375000582076631,0.015341719992179037,0.060897507415174745,0.009900980750178201,-0.038109778359458946,0.01904771528006588,-0.012345725525951368,0.0037735459362258084,-0.061224511310852936,0.04761900187328871,0.039923857602762736,0.005570527093004873,0.008119383308490713,0.05312494854442851,0.03966938240526119,0.024999916739853134,-0.017699098239742916,0.06994539562894042,0.0,0.007999984736191346,0.026156965780456343,0.07058823611909548,0.0034482724601392345,0.05357137725365435,0.04651154215131936,0.14513268689969694,0.0,-0.04242422190704642,0.12195122234882305,-0.003937062021693416,-0.02202641089709456,0.031111116762514435,0.011732862394951749,0.01916165749730747,-0.04991240726936985,0.03159852652003359,-0.025316506313829312,-0.043103408409496224,0.017412978107836707,-0.049056645193400694,0.0,0.006531685091972994,0.034979438605696744,-0.046511662906227436,0.024793364003288243,0.05454540134461583,0.01950178003575509,0.025210127246736214,0.0007935932464118167,0.05531919987939071,-0.007717717439854388,0.0235689384008535,0.03278685320900654,-0.02480158748930661,0.06912435561063712,0.008794982591613598,0.04959020535813319,0.01013040024465206,-0.019340168035462346,-0.05882354178643112,0.002389540984125915
2025-07-01,-0.03998187455538893,0.01984465394376822,-0.021212101289172614,-0.017810856606477077,0.017857125751218117,-0.014440419540958982,-0.013422805905036084,-0.0391791106186562,-0.021530963787260715,0.009022547657005164,0.02272725117600638,-0.03095387071887279,-0.013157882353605488,-0.03597648863695646,0.29670320169287656,-0.0035992968653364432,-0.006097555213709138,0.01351350045186761,-0.11428569239013009,-0.04945056636528333,-0.0584088525560007,-0.04901956201103741,-0.006339154230711519,0.028037355064628677,-0.00625002384185791,0.017543939868051472,-0.03985503459272188,0.013986084524057807,0.009140768675089284,-0.015600101053758753,-0.03162992428804823,0.0029674270686739224,-0.05723372586608866,0.0,0.036036001204980295,-0.014300341559578045,-0.02794125468108921,-0.006349115463155863,-0.007843129921765946,0.03296700057711699,0.03092780464424627,-0.0593219799613216,-0.06666666287784406,0.04018550808548538,0.021739159660815188,0.025316430592042805,-0.05217386436822857,0.003952623746531936,-0.01351350045186761,-0.048850596368446575,0.05263159238003157,0.009400695834830275,-0.011520736922137065,-0.014414486088985212,0.03896108017862199,0.0022521963774337905,-0.0012225218225857537,0.0,0.011560682489023755,0.011356288933638048,-0.0357853474488502,-0.017421586867605088,-0.008064508376086854,0.05172419285802743,0.032470733036308985,0.002732237767417267,0.009516248122618975,0.008064508376086854,0.004444440205891853,0.0,-0.03174600171093711,0.026449667436397206,-0.07327579429614361,-0.006470593617979747,-0.07477551229550927,-0.008596012605762149,-0.003480247490658228,-0.28125002561137047,0.01877226542426058
2025-07-02,0.0,0.05499158959278261,-0.012383889045456176,0.042861827904076666,0.008771921569070251,0.06593408992659677,0.03401357234227764,0.008737878730220583,-0.007335111556437068,0.01639346242757722,0.04444446946367875,0.03324642919223164,-0.013333320617675781,-0.015232277800604765,0.7118644667096425,0.01625522713828209,-0.015337408730844548,0.026666641235351562,0.0,0.031791876844815325,0.28128332122626,-0.010309329662834377,0.038277572821964645,-0.04545460949259217,0.0,0.013546795553800672,0.007547162342173674,0.037930997061532246,0.034420385240900186,0.0025873297920520066,0.01315605014810961,0.002958576959962933,-0.06239458621750804,0.006968693743139465,0.026086932184114398,0.010362734240704219,0.028744409548954186,0.012779527357187792,0.03754941884763907,0.07978722156308371,0.14000002543131518,0.07207210980571577,0.02857146336673755,-0.03566125516718244,0.002340385025779268,0.0,0.009174302896359121,0.0,0.018264822286715,-0.0347432058987206,0.06864402142793002,0.0034924019136546303,0.05804190618192573,0.03656312500430414,0.024999975785613415,0.017977618870150813,0.0073438758117612135,0.14285719692031318,0.03428568158830925,-0.025986559583799806,0.028865952420302543,0.021276660503010802,0.024390220263873053,0.11475408394405284,0.046707143752253044,-0.013624029889763523,-0.010212031849277214,0.0479999542236329,-0.0033185545462151023,-0.006578935679502518,0.005464475534834312,0.0009911029465416998,-0.18604654773239548,0.0048673606034330685,0.011605808063814615,0.00529868690544788,0.04307332700659061,-0.17391303671780955,0.00906701917937025
2025-07-03,0.0,-0.03207702996303918,0.012539172769758578,0.04900414750348081,-0.008695644061371466,-0.006872845476499134,0.029605313722777638,-0.00962467547308532,-0.0024629859689456746,-0.002932548449136152,-0.042553214424603025,0.022082042463476004,0.0,-0.03325601663007349,0.40099007446921764,-0.013625541794618057,0.012461047158154548,-0.012987000923330161,-0.032258033504347416,-0.008403353487606458,0.056761296423959884,0.15625004074536353,-0.006144477350778943,0.02857151615376763,0.02515720931616272,0.008505476873736706,0.22846437365744454,-0.01993353587031299,0.015761821366024442,0.017677402630428496,0.01910440023920068,-0.026548716755993906,0.016187077970166053,0.020761314173649792,0.016949238156632296,0.008205120380108122,0.008823501010119417,-0.02602518560281264,-0.0038095201764788422,0.029556622475449545,0.05263152757987033,0.0084033529263976,0.009259289955737104,0.009245057277769586,0.001485918113777407,-0.014109333797107215,0.03181815078435912,-0.007874055617963394,0.01345290185344239,0.001564981078369776,-0.0007929639555719348,-0.010440853107047676,-0.020489101513138097,-0.005291042223046771,0.024390220854836775,-0.011037569187436924,-0.014580788849773652,-0.02777783296726144,-0.02209942713677715,0.030961765376314565,-0.024048074361372684,0.0451388440474334,0.06349209803242228,0.05882356034843128,0.04090435613099497,0.011049779429876505,0.009523800152860362,0.16793896047310986,0.0,0.016556383722050372,-0.005434777327093299,-0.00891090586026233,0.03428568158830925,0.008937139021896412,0.04568215486318605,0.005270666193981199,-0.00223219393733487,0.10526312157057616,0.012463776961616935
2025-07-07,0.033601562708037935,-0.03811102317958026,-0.006191944522728088,0.01145271442495921,-0.008771921569070362,-0.04844294111498548,0.04153350519782961,-0.0038872655006136903,-0.007407439048424891,0.010294072479526406,-0.02222220161814692,0.012345607788387003,0.054054001807470664,-0.02400001525878903,-0.2084805406625846,0.007807960407852255,0.021538440997783903,0.013157882353605599,0.0,-0.040960447030799596,0.0007899075041364334,-0.08108111010696084,0.0015456351328488882,-0.027777860562003376,-0.024539855046177728,-0.026506134767756206,-0.018292665641127526,-0.006779654441774419,0.0017241379310344307,0.00025356322678482535,-0.003661440820824313,0.006060600368335001,0.03893801530588181,-0.020339048791692127,0.0166666501098216,0.0030518548529023803,0.020408145771367625,0.024291288181444326,0.009560265880022012,-0.01913873851469783,0.005555550404536813,0.0333333002196432,-0.009174342062427954,0.09007628375115195,-0.003391298185766889,0.016994595277009195,-0.0044052821794189345,-0.023809507388455886,-0.013274323679807187,0.02187497881241174,0.05476186980105591,-0.014067982334775908,-0.00809717988674652,-0.0070921919858044635,0.0,0.06026785262879364,0.0018496108455940963,0.035714337412192876,0.03389834047197171,-0.0057507861001470095,0.02258729694031114,0.023255791848698415,-0.06716420234086118,-0.055555583150297405,-0.04915693450113867,-0.02459020504844167,0.003930832522422767,0.08169934793296552,0.004439507307092638,0.048859883015794026,0.0,-0.01898107189942,-0.03867399748936007,-0.0028399981913863614,0.017155407780323317,-0.009532843939467073,0.1085011535299445,-0.09523806550335046,-0.054108198486571
2025-07-08,0.030219773022021057,0.008613297538920595,-0.021806832526770514,-0.0414184489709809,0.008849549119871458,-0.02545452117919922,0.058282226311742846,0.004878067388767171,0.004975105941700697,0.018922869957273436,0.045454570084564105,-0.004878044241882984,0.07692308280124727,-0.018852421789519846,0.12946426813319634,0.0035755860475414902,0.0,0.0,0.10000000000000009,0.01620031430521318,0.28571435023165925,-0.07843135765358711,0.009259273851573768,-0.03809520349480777,0.03773587395376232,0.008663495324212844,-0.034161531843799664,0.010238897851962525,-0.04302023614885364,-0.01286599152802248,-0.002792876275614642,0.0,0.07495742177149145,0.00692046712717076,-0.040983664223788296,-0.051724066223688525,-0.016428472621639156,-0.0023714586607496146,0.0,0.03414630969318089,0.28729281622405556,-0.016129016752173708,-0.03240745564472969,0.021008417110974564,-0.004040808740450874,-0.005276997937228467,0.0,0.10162600333626459,0.00896860123562826,0.013761491301659046,0.007524483202164145,-0.003567150239654593,0.026757377460414844,-0.012499945717197591,-0.011904750923180218,0.016842089201274613,-0.020307687612680314,-0.02068971697413624,0.010928951069668846,-0.0070693725037555,0.002007982330598068,-0.0162337511541627,-0.007999992370605447,0.26470589008710776,-0.02314398699035758,0.04201683422194891,0.0062646766513949625,0.05438068576099386,-0.02762430881006428,0.009316867505613668,0.06557377155969979,-0.00203660944102646,0.06321839867943502,-0.005221406108639304,-0.00039224273593463366,0.0033686124417757757,-0.008072646310579468,0.052631592156154205,0.024213051298209276
2025-07-09,0.00044445461697040223,0.002561890083131013,0.0031847102322188903,0.0040410654496314535,0.017543843138140724,-0.09701491939806428,-0.06086957543318405,-0.004854387360093471,0.004950476795182679,0.007142884390694659,0.0,-0.02634799997195081,0.0,-0.015873060135259243,0.08695653403086001,0.015439385961079966,0.03313257100188016,0.012987000923330161,0.060606000399351156,-0.0014493085135679484,0.04726817109513415,0.042553214424603025,-0.03211010470455167,-0.009900980750178201,0.018181771943063474,-0.00122696148302337,0.16077170960309428,0.0,-0.0018347970421702664,0.007768927546444759,0.005454056502324667,0.021084389478587928,0.05229792816142087,0.0,-0.04273500354724069,0.01604273929523581,0.0,0.015847830589005962,0.015151500099837678,0.004717089349841386,0.1223176374089201,-0.02459013990675485,0.038277640768332954,0.0013717735163463196,-0.004697844549455432,-0.0008841935022824154,0.008849549119871458,-0.059040570763676525,0.031111081441243416,0.018099529937821268,0.0627333216860193,0.0178997155706222,0.015459381223736024,-0.023508157234848115,0.024096434859411042,-0.002070342070938369,0.05527632892897949,-0.056337976143534085,0.021621600722988132,-0.020711969187924173,0.0020040539760575182,0.0,0.032258033504347416,-0.011627895694091173,0.026000037560096168,0.010752677834782398,-0.0007782279054447949,-0.04297996990187469,0.010227289845135212,0.015384472436921648,0.0512820011216677,0.023469340587745524,-0.010810800361494066,0.008657064380372947,0.0209927343378129,0.000479627955542794,0.18616479531122088,0.0,0.02216312046744018
2025-07-10,0.0,-0.023850062898640334,-0.003174600050953491,-0.2130030750239954,-0.008620681681899223,0.024793364003288243,0.021604917603937457,-0.009756134777534342,-0.004926090299464225,0.0,0.0,-0.0031466450380458477,-0.011904750923180218,0.015280162076063197,0.5345453782515093,0.0029239901817335046,0.020408143405366452,0.0,0.0,-0.015965117388798133,0.08323564599921318,-0.020408204226431526,0.06793055830309958,0.0,0.04166671397194244,-0.012285041558435461,-0.083102482280909,0.033783751129669026,-0.0073530457056010246,-0.005542941468418605,-0.018179115159714376,-0.0029498496028924626,0.08584340107269695,-0.003436451712475086,0.04464281437804529,0.0,0.0021785709303521195,-0.04134157675615213,0.022388037792902438,-0.009389773835924098,-0.01147226435195503,0.1512604528510253,-0.023041608259660173,-0.035616468779251176,-0.008796371658394975,-0.004424795565566408,-0.05263152941442195,0.003921554461467691,-0.004310340840949611,-0.03407407689977571,-0.01124384065770423,-0.008206295078022952,-0.008916917170377348,-0.005555594310838297,0.0,0.01037338425663803,-0.02142849519949841,0.011194018896451219,0.05820106621041665,-0.02247194444131495,0.04385995864868164,0.0,-0.023437478172126713,0.258823555811053,-0.029389698796228214,0.00531914387692578,0.007788117336996692,0.0,-0.01574806950687102,-0.003030260421165387,0.09756100113940813,0.003988032195209046,0.05464475534834423,-0.0018246599307465416,0.012682548727918741,-0.0023969901142457672,0.030874838341568456,0.0,0.02891008949374596
2025-07-11,0.0,0.007853416430044113,0.0,-0.09638083224178517,-0.008695644061371466,0.01209676256413017,-0.012084580829157865,0.034482797499888695,0.0,0.019858136552901584,-0.043478283404402185,0.01136365552031715,-0.024096363046584468,-0.058528411959235416,-0.05924165260919767,-0.018075772522125333,-0.0028571401323590484,0.0,0.028571486959652947,0.26401171528377687,0.17153680491435397,0.09374997477667968,0.01775143416921421,0.009999990463256836,0.005714307512555861,-0.014925397198664259,-0.11782473511407288,-0.01307188320294328,-0.003703664350163338,0.003011107152505188,-0.019113072758422445,-0.014792955337853186,-0.008321767331774033,0.006896603269064272,0.02564110401662978,-0.022105267173365584,0.0,-0.001627336142265734,-0.04197080625418914,-0.047393322087358136,-0.06382977153505409,-0.06569345479222644,0.004717117699641449,0.01846592544678094,-0.008658170547663158,-0.012444474962022611,-0.05092598571453333,-0.02343755144853621,-0.025974001846660322,-0.006134963492337775,0.011371702265989825,0.02245857914025695,0.006802751269849638,-0.013035325198509029,0.03529408299799286,-0.01232031708203063,-0.014598525749495717,-0.04059045460000055,0.0,-0.019607778022392663,-0.082788848370565,-0.003300326916726104,0.09600000381469731,0.41121487517952415,-0.014367435063224465,0.01851850099804664,-0.005409559280846965,-0.11976043928981239,-0.0045714242117745885,-0.04559265912317334,-0.017777760823567745,-0.0337636705950094,-0.05181342349755991,-0.009478598034509567,-0.056546480058724646,-0.0038443991695978896,-0.008319498973491046,-0.050000011920928955,0.07502102156499046
2025-07-14,-0.06708130668716761,-0.012121241645957626,0.019108261393313564,-0.020026081768544812,0.017543843138140724,0.003984059960657982,-0.015290505384687236,0.0,-0.014851430385548148,0.005563276986744636,-0.02272725117600638,-0.03495632981366803,-0.04938274239498086,0.005328549264900007,-0.16876576107443786,0.0005938269589391698,-0.02578794095225745,0.01282057748038623,-0.055555583150297405,0.2053675952806362,0.10300229013988838,-0.028571402621105912,-0.015988432296889066,-0.009900980750178201,0.03977266138742919,0.029040426313654777,0.006849308357518069,-0.006622510282393357,0.02973983073324815,0.016351529586818625,0.019333221979872306,-0.018018001247509186,-0.0055944001845459335,-0.006849365909740168,-0.016666749450892193,0.004305700970643311,0.009420307095307168,-0.005705041375358655,-0.026666641235351562,-0.03980101656463497,0.2458677726661187,0.1171874839928928,0.0,0.047419825518834724,0.004148615265999522,0.07740779810327814,0.05853664720434448,-0.02399998442746709,-0.026666641235351562,0.0030864168005624304,0.03302883219593866,-0.003468177375051562,0.03966869338390322,-0.0018868355701793238,0.01136362558800319,-0.035343051625008504,0.027160407776990025,0.011538542657211881,-0.009999990463256836,0.010344737579510488,0.07169122004851647,-0.013245020564786825,0.07299271787868733,-0.26490064813538516,-0.013636347057813025,-0.03376620240065842,0.013209019254514232,0.013605428936910968,0.005740550001823053,0.01910824439794001,-0.0045248824844553726,-0.009249661166262357,0.027322377674172005,0.009911058642273929,0.012469809265141407,0.006753662320613474,-0.01845639812254174,0.052631592156154205,-0.00679556541921944
2025-07-15,0.04761904761904767,-0.042068321529837416,0.0,-0.014660147505580312,-0.008620681681899223,-0.019841251069335764,-0.021739109509576693,-0.013333366030738425,-0.01507538082821358,-0.038727553121670866,-0.0697674434722727,-0.0019404743141764325,-0.0649350046166508,-0.033568915608245375,0.12424245204697892,-0.014243388906220122,0.005882347166332069,0.0,-0.05882356034843117,-0.005808273609440362,0.21314909260761006,-0.00980391240220746,-0.0295420734036147,-0.06000000238418579,-0.03278680323144478,-0.04417185048271399,0.023809500639594416,-0.009999990463256836,0.007220139226114863,-0.007415722914887235,0.010603297800987344,-0.058103993372692564,0.015471118792071525,-0.01724142126551753,-0.04237284282951548,0.018220801466675374,-0.029432948278192317,-0.006557364764329887,-0.009784772882280857,-0.04145073879804795,-0.08789389574916695,0.21678326808361215,-0.018779463636863003,-0.014647154482281821,-0.010654565579050757,-0.08771931222316454,0.08755751710680704,-0.01229496694868426,-0.01369861671503625,-0.03692304171048677,-0.0306122323199971,-0.017401348088364244,-0.04905660618785468,-0.06616255333770693,0.01123594452133525,-0.008620681681899223,0.02403855411964395,-0.05703425431193121,-0.04040406168924138,-0.017747379471808822,-0.017620500502405934,0.057047005102637494,-0.027210938968575293,-0.3153153327308431,0.0012712222464559275,-0.034946267054058455,-0.012269926984675661,0.0033557014762590764,-0.011415568362661,-0.015624932868419594,0.027272700672307915,-0.03734446032472605,-0.02127657550770312,-0.008257139246525602,-0.02463253227469553,0.0038331612624555866,-0.056410244288163214,-0.050000011920928955,-0.0002631137245580062
2025-07-16,-0.03454546494917432,0.02561754118511783,0.04999995157122683,0.03201077884146719,0.08695654427396815,0.09716599463838138,-0.003174600050953491,-0.017374455353910245,0.0,-0.012949593988585861,0.024999975785613415,-0.026571603324893056,0.013888875091518038,0.034734929526167635,0.0026954151914919677,-0.0018061493001827467,0.0029239737544373146,0.025316430864913864,0.0,0.11587142427863406,0.29030037811854315,0.009900980750178201,0.0289194133202193,0.02127657550770312,0.011299369885315658,0.019255442025328362,0.016611279891927566,0.0,-0.014336943842335304,0.01177662998750617,0.00709335972723002,-0.00974025069249762,0.049861515786117305,0.007017508176628384,0.0884955966936618,-0.01999995582982117,0.02662728027285355,0.014851539133049263,0.04150198429283303,0.005405400180747089,-0.02545452117919922,-0.022988483697581663,0.00956934900894324,-0.0675675666967912,-0.006813185319592074,0.002747228274871283,0.03813565957138998,0.01659744932884144,0.009259250061012025,0.03194885015217652,0.038596504612972815,0.009445091048871701,0.013668406603664751,-0.006072916894909852,-0.04444440323629384,-0.01739128812274282,-0.004694942884761688,0.07258067152130465,0.01052630588288439,0.03474631796136163,-0.009920672839941802,-0.006349200101906871,0.2727273560904153,-0.15789474509759638,-0.004126302625917511,0.002785512730456574,0.0023291717938385137,-0.08026756146195724,0.0034641724595592116,0.00634911628566015,-0.004424774559935729,0.02047419606948453,-0.021739174096029212,0.006824516539875036,0.015274949558202078,0.0004773385946981179,0.029891297540427297,0.052631592156154205,-0.021058252603638694
2025-07-17,0.006591308434890308,0.006244397376093946,-0.002976187730794999,-0.03975534607587794,0.031999969482421786,-0.025830233305333072,0.09554138289604919,0.005893856988577584,0.007653032610020816,0.029154490579095027,0.09756095610793869,0.02330222484211042,0.0,-0.01943456884147099,0.016129016752173708,0.008443830990257473,-0.00583089811581905,-0.012345667202249944,0.1875000116415324,0.0654450259601631,-0.0262172154690562,0.05882359128509962,0.0399407808340535,0.0,0.027932961489138597,0.0201511476661409,-0.02287579560515074,0.010101000370632551,0.009090948675791743,0.014643280605770137,0.020102610655663433,0.00983605634714424,-0.0013192285152145988,0.010453040614709197,0.04878044052774633,0.004296451133207757,-0.02593665762103703,0.034146275253657654,0.009487702261067765,-0.04838711434753651,0.11007456362951351,-0.0647058889527633,0.00473935257715441,-0.026087000389555248,0.028767560784270785,0.022831050625997884,0.04897954417287975,-0.012244853658495036,-0.009174302896359121,0.021671805829548196,0.0378378012652294,0.02923976542958573,-0.013266651074914204,-0.020366579987833422,-0.034883756389998966,0.0022124400274412537,-0.025943316654528314,-0.06015040626614199,0.046875018432426474,0.032236393362168325,-0.04809614872274526,0.019169310091305958,0.016483500288558606,-0.062499941792337754,-0.020717119315705967,-0.011111100809073515,0.0015492221533743855,0.014545440673828125,0.02761803640753402,-0.02208201746155425,0.057777828640408035,-0.0105597020749717,0.022222267845531718,0.012133207401082702,0.005015045288913722,0.007156478342819073,-0.02814421266887146,0.1499999761581421,0.035493405312368775
2025-07-18,-0.0009353859307785761,-0.005319101716554586,0.02686571795522541,-0.010919007102661027,-0.04651158492543972,-0.04545459060957757,0.07267441739579539,0.002929754620710545,-0.005063272351593762,-0.012747897070443548,0.0,0.027325964828962546,0.0,-0.049549565030018394,0.07407406706588526,0.0029906764125640084,0.023460387593088994,-0.012499987892806708,-0.026315764707210976,-0.07698604237891205,-0.2038461997966473,-0.01851861050099135,-0.03271687461322603,-0.010416656965389626,-0.027173913606849176,-0.030864215093197145,-0.05685621262599405,-0.0033333301544189453,-0.02702705375348824,0.0018503055072336405,0.008918388682030542,0.0,-0.021136105762353363,-0.006896516361921012,0.015503861641813277,-0.03743319435188197,0.0,0.0023584861439231997,0.005639047369019767,-0.0056497121870150435,-0.03529412518971309,-0.05031449134334398,0.0,0.04613101626419214,-0.03699720411103513,-0.022321428951560196,-0.0038910469739347198,0.0,0.0,0.0030303001841676114,-0.05338539799170838,0.005681839733084004,-0.022040996771926946,-0.010394951037943634,-0.012048181523292234,-0.004415006622562556,-0.03389832954596095,0.0640000343322753,-0.014925358971198954,0.040338273871909136,0.048421056647049765,0.018808759154637977,-0.03243246552193535,0.04999995032946458,-0.01838895124630724,-0.002808986130333757,-0.006187155593030513,-0.007168452042999429,0.006718864937508062,-0.006451680348161348,-0.029411835418260313,-0.03201709652069684,-0.021739174096029212,0.0010714017327078107,-0.01636725987622112,0.006158185717550335,-0.014479623950257037,-0.08695654427396826,-0.03219937465113254
2025-07-21,0.0,0.007130117807674585,-0.002906973923522793,-0.013339420939828095,-0.024390220263873164,0.003968250213867153,-0.05149052961359002,0.012658145566909695,0.01272266000045974,0.02152081777369852,0.0,-0.00949965920789464,0.0,-0.01232228550622072,-0.03448272622135795,-0.004770444854373279,-0.03724931635692863,0.0,0.02702700090373522,-0.16459631060908897,-0.12870944103363813,0.03773592756753197,-0.0029411808876663725,-0.02105261176576878,0.027932961489138597,0.01019112058963656,-0.0035460959929022318,-0.013377913620550408,0.02407414165950228,-0.01785284504206408,-0.0017109726783945955,-0.06818183225611485,0.13765188647337157,0.0034721605393597255,0.12213747543469533,0.02000003390842009,0.01183433067898032,0.005490185808663561,0.00560751595198572,-0.017045438382004785,-0.059233395349857276,-0.033112551411966895,0.0,0.07396870062692207,-0.009828098282536835,0.013698682631726689,0.08593751309672393,-0.012396864264268781,0.0,0.030211524102678133,-0.05295732504191997,0.009039539012174469,0.018931714510010078,0.01050414107006259,0.4024390075477653,0.011086410501158994,-0.022556369412079502,-0.003759394789693782,-0.05050506205987393,-0.05284548414104262,0.022088380139177133,-0.015384600712702867,0.15083798138576876,-0.03174600171093711,0.019562339375758242,0.0704225361571853,0.002334609500436402,0.07581228866172474,-0.026696304474801202,0.012987149634397621,0.0,-0.02425571342411781,-0.033333302427220435,-0.005753272045170732,-0.03124994194352637,0.005649855295711159,-0.012855862158773546,0.04761911790117157,-0.01770860851370415
2025-07-22,0.09691009530313632,-0.014159278293047861,-0.026239111030974094,0.010722589000263127,0.0166666501098216,-0.003952565445193956,-0.005714280264718208,0.0009615605046771059,0.007537720599279485,-0.002808986130333757,-0.02222220161814692,0.012787711309131922,0.013698616715036138,-0.005758197617791172,0.08418365236820202,-0.008388410395592016,0.03273813599665809,-0.01265829088137238,0.1315789803903853,-0.04620291252036113,0.08514849974377325,0.009090900224102638,0.028023461716340847,0.010752677834782398,0.0,0.02269855995375436,-0.024911008778724986,-0.010169481662661628,-0.032549741641292096,-0.008399106013133206,-0.01870889591731406,-0.006968634747042013,-0.02135234859544033,0.00346023356358538,0.0748299402477639,0.0,-0.03216380846704925,-0.018720714002785854,0.06133827447703455,0.21387276386114618,-0.1111110914881831,0.02054792507255443,0.004717117699641449,0.12715231972113816,0.016241795944346382,-0.009909964555964934,0.003597118908694741,-0.025104514881439943,-0.01851861050099135,0.0014662392658331136,0.02106027249182274,-0.0011198464210622205,0.030966634687673134,0.03950105186709507,-0.08695654427396826,0.017543843138140724,-0.06025644301741084,0.015094324684347349,0.037234070547677245,0.03004292609647985,-0.007858538438882068,-0.015624984866008385,0.21359226671956622,0.0491802798135097,0.02878049524818982,-0.007894729412163293,0.006211174145593246,0.05369130362637864,-0.010285731724330338,-0.01602565010514423,0.047619106597052596,-0.019209047340822072,0.0459770359062488,6.738715450849142e-05,-0.027440329435134747,-0.005149847132434715,0.05302322742550869,0.1818181128541314,0.009287084045875638
2025-07-23,-0.06658128235695215,-0.0035906607379059263,0.011976108173510136,0.0862545620646662,-0.00819671330225158,0.011904750641601458,0.06034483821723735,0.006724274337200908,-0.009975084608193407,0.007042280479784058,0.27272728504228194,0.062499984948322096,0.02702700090373522,0.047297368825361286,-0.023529389325310235,0.03504536422698323,0.051873217657953274,0.12820516347415012,0.1395348869445454,0.06458807427020541,-0.058029203457090284,-0.018018000602490147,0.004304272401305598,0.042553214424603025,0.005434803453420622,0.0234279614339421,0.018248157716151958,0.04452050432386789,0.0,0.017888739202024162,0.012225405879255247,0.06315792027382838,0.0,0.020689722900049556,-0.05063293717874329,0.049019585436334,0.0,0.028616797893213253,0.09807354449007577,0.07142862008542661,0.020833312637276835,0.11409393019904113,0.0798121051065952,0.019976506665297933,0.03240843021572304,0.023657892110709566,0.03584234566968614,0.012875564973110487,0.02830197379104904,0.017569529560692576,0.034139368983703955,0.010089703118622007,0.02338554255126546,0.0,-0.04761900436850974,0.053879311895186355,0.08594817476101535,0.04832709043012651,-0.0051282001121667475,0.020512816080643148,0.026970286342119065,0.022222200356674104,-0.007999992370605447,-0.10937499126885064,0.04868022750234524,0.05835544554993932,0.012345667202249944,0.05095536371550291,0.011547388363939648,0.006514645737398572,0.049586728006576486,0.05184329417555511,0.0,0.01116856551762524,0.02132237469873921,0.00894112074210307,0.01943465308832093,0.0,0.018673846074748868
2025-07-24,0.11111103358843422,0.018018000215478835,-0.0029586474980016764,-0.0004245571913849,0.024793364003288243,0.011764694882648863,0.06775067645617217,-0.007633580839735754,0.0,-0.0335664677977866,0.017857125751218117,-0.007130174674829903,-0.026315764707210976,-0.01658988929467653,0.033734906811658805,-0.033274884364173585,0.0,-0.07954544684857368,0.2244898207432917,0.035564768199791263,-0.09647422792099802,0.009174302896359121,0.044285608292319756,0.020408143405366452,-0.021621601001636348,-0.03373491759688507,0.014336904085998858,-0.01639342724524051,0.03177568803523534,0.004595459264622237,0.0028755556160169338,-0.026402615333808388,-0.024242401123046875,-0.010135210212760759,-0.06000002225240075,0.03842158682887642,0.0,-0.021638214079956364,-0.09409890819500555,0.04888884226481127,0.03877552112704841,-0.04216863533152282,-0.026086932349194902,-0.012672880931348662,-0.00881536816089501,-0.007111104329427076,-0.0865051871713649,-0.004237346489349814,0.0045871514481794495,-0.02733806987016174,-0.0213205241011013,0.014428425209601858,-0.03584903683693941,-0.04200000762939449,0.08000004291534424,-0.03885481848837158,-0.04020102639796852,0.0,-0.046391768414455026,-0.009422089653794874,-0.02144158142742214,0.0,0.0806451798973915,0.0,-0.01778448127072718,-0.047619061846197575,-0.00228656503299296,-0.009090900552502501,-0.01598177393433975,-0.04207115858445576,-0.011811012535560939,-0.0010953153073918198,0.010989000192372256,-0.0023953239375955615,-0.023407778121366962,-0.000932858526253022,-0.0190641479857927,0.0,-0.021519595423173943
2025-07-25,-0.06584356067307584,0.005309687161915155,-0.04451034481977956,0.00467284191694195,0.0,-0.019379827052266485,-0.05076143268505673,0.0057692713286059405,0.0025188822357946616,-0.015918908698448475,-0.017543843138140613,-0.03111900532048706,-0.01351350045186761,0.0018743677550470128,-0.04195800231682845,0.02657005254524014,-0.008219235349178677,0.061728409597230804,-0.11666674945089228,-0.04444440377146419,-0.05703258752620155,-0.027272700672307915,-0.023255752069566205,-0.019999980926513672,0.0,0.028678205635285003,-0.03533565629981095,0.0033333301544189453,-0.016304399896669985,0.023304633349904513,-0.0015771247015884393,-0.010169481662661628,0.11552786701444395,0.006825989648504782,0.0070921919858044635,0.01400003433227548,0.0,0.01816742090504997,-0.028168988071767043,-0.0593219799613216,-0.02161102754750943,0.031446510230593416,-0.035714289791860865,-0.04550751499839312,0.03470730930443944,0.014324068605127138,0.15151509130844198,-0.012765838170351596,-0.018264822286715,-0.022189362468741036,0.0014055135915014283,0.020787699479913657,0.011741619506896228,0.004175361395781119,-0.06481486080605126,-0.0042553152634362545,-0.013088992981693415,0.0070921919858044635,-0.03243246552193535,0.0019023419673271924,0.0,-0.006211174145593357,-0.014925358528601551,-0.05263152941442195,-0.011661723618063391,0.0026315764707212086,-0.009931253852217603,-0.02446480861549971,0.0,-0.02702705841067099,-0.07171317427932755,-0.0021929281074908324,0.0,0.007336822597397319,0.06240551293343777,-0.0037347377896451706,0.012367521828358763,0.0,0.0016290403369776385
2025-07-28,0.023347963060960097,0.000880301864794264,0.021739109509576693,-0.007188164018436027,-0.016129016752173708,0.035573089006745384,0.10695183313606438,-0.001912089645385362,0.007537720599279485,-0.01176476445577379,-0.05357148369051945,0.03891285608306938,-0.027397315080268658,0.016838195719492077,-0.009732350499663811,0.0,-0.005524856784194343,0.0,0.0943396502264302,-0.04334036424511689,-0.04820370518305295,-0.018691681453631315,-0.00560224967232692,-0.020408204226431526,0.016574543134688424,0.02787886928150818,-0.021978000864594893,0.009966767935156495,-0.009208051350371171,-0.006826059205263357,0.007323405028343721,0.0,-0.034521100417025496,-0.040678012149246934,-0.014084494035883521,-0.007889538559901044,0.038519740725895035,-0.024049681633941944,0.00905800559920844,-0.03153150105435787,-0.002008078081031095,0.04268295918455611,0.023148165688992695,0.03667472198879085,0.0067084939386541365,-0.01412178715706236,0.12171056862518115,0.030172228122535172,0.009302316297383983,0.0030257156615032255,-0.016842089201274724,-0.004287241391223828,-0.022780949632549508,-0.006236950795857066,0.11881188703113854,0.012820501064172207,0.014588877197735606,-0.05281685263456315,-0.00558658697003811,0.008860719373067427,0.004926127351136067,0.0406249606516218,-0.003787875024959475,-0.07407411086706317,0.0041918433118368625,0.010498677809387624,0.0023147942039265512,0.021943552347077677,0.015081219972949755,-0.027777725682726073,-0.038626573869650294,-0.014285726262785237,-0.010869554654186486,-0.0009931613888772839,0.005081300734212979,0.0009372298716570082,-0.07155320175346258,-0.03846150319251662,0.008945563472882334
2025-07-29,0.007318126545153625,-0.006156525552223124,-0.057750777940266396,-0.03705276613484565,-0.00819671330225158,0.019084043098801073,-0.045893677519165954,0.0,0.004987512344749145,0.03422619438309926,-0.056603722658898126,-0.008917932297967335,-0.028168988071767043,-0.06163754216631112,-0.05896811740362995,-0.004117665817052862,0.05555557027275215,0.0,-0.08620691958562443,-0.08950280691109325,-0.0883898879357512,-0.03809520349480777,-0.011267623384065062,0.0208333760189523,-0.01630430670000793,-0.05896235041140574,-0.003745314673225475,-0.016447352942006832,0.01115248289433901,-0.002676318424372215,-0.006557286467251289,-0.04452058597406394,-0.02883506318339779,-0.003533595338411355,-0.028571401810159047,0.01988069591678565,0.0,0.009538932631071084,0.0017952875649005495,-0.05581400867666164,-0.03621727081233583,-0.15204677465680272,-0.004524843940272194,-0.09080183321404911,-0.01936684578167769,0.007162034302563569,-0.06451613579846482,0.04184107629548173,-0.013824871122127491,-0.021116190181930228,-0.019985773167104037,-0.015070004725256103,0.011875898093977044,0.016736384977954266,0.12389379317314764,-0.012658216387505639,-0.01568625935465673,-0.02230481096775072,-0.06179776183885555,0.0012546822509797995,-0.01960782480441492,-0.033033002287100044,-0.08745247492978891,-0.04000002145767212,0.003401379401130278,-0.02337660166199429,-0.001539607732235826,-0.12883437960816124,0.0,0.014285599046440112,0.04017853294024065,-0.0245262274782162,-0.03296706607672484,-0.005236052396748403,-0.04469158848080246,0.005149666159822708,-0.03101502942273393,0.0,0.001880701035154253
2025-07-30,0.004700880860889045,0.004424795565566519,0.01935489775611199,-0.02167181591732581,-0.01652890933552542,-0.02247197733469819,-0.025316491606066638,-0.0220306083793812,-0.017369721425283702,-0.01438847588157588,-0.04000002145767212,0.002399460587621194,-0.014492739851898917,-0.010784280268057334,-0.026109636194406094,-0.022445465934685438,-0.04473680000225866,-0.04651165208409025,-0.13207540910156224,-0.006067984481033295,0.02515720881319039,-0.05940594351556927,-0.03418795011261777,-0.03061227592911475,-0.0773480435925048,0.015037619769618038,-0.11654141774259019,-0.020066870430825556,-0.0036765228528005123,0.0032933232357716946,0.007461578618214171,-0.014336904085998858,0.009501178501326812,-0.007092162452212447,-0.022058802260453536,-0.03508777800395779,-0.04363636726504794,0.007086600865068071,-0.04121864197459124,0.01970441498363318,-0.014613814659467539,-0.01379317205385755,-0.03181816913658697,0.05447471779713364,-0.011892147005109432,0.007111104329427187,-0.009404379577318989,-0.05220878908872928,0.023364462553857157,-0.004622455166284678,0.004370023424409064,-0.009835978433410109,0.008476488123738468,-0.002057660207223977,0.33858273481508294,-0.012820501064172207,0.053120797793504204,0.02281366546339325,-0.01197603679070025,-0.01065158582044523,0.006000041961669922,-0.015527935363983336,-0.033333399560713795,-0.0416666278615585,-0.03097075637862623,0.0,-0.004626092396406989,0.00704224701794165,-0.02285712105887272,-0.014084395026282892,0.012875524623216839,-0.0514285496303013,-0.028409063970007975,0.004397482270513509,0.02646062564747509,-0.00978105844571997,-0.01066931191799625,-0.039999961853027344,-0.054974502191737384
2025-07-31,-0.02552107084765709,-0.00440530300038533,-0.031645614030057834,0.004068636610520926,0.0,0.11111119230943856,0.002597400184666032,0.026444613426109154,-0.017676761854395706,-0.018978119160702578,-0.02083331393077925,0.05565531754217523,0.0,0.0317145381551005,0.06434316576662047,0.01993955335933939,0.0,0.024390220854836775,0.043478218616745945,0.010989030183036874,-0.038343559329124255,0.031578980390385425,0.005899713901101444,0.021052674507501035,-0.05389224737054299,-0.04444446025054405,0.13617029133939917,0.003412965950654101,0.0073799949940860365,-0.0021883419065988896,0.0001424751287981696,-0.010909080505371094,-0.02941176470588236,-0.003571455253251754,-0.02255645836920439,0.002020248336801478,-0.02433454822109693,-0.005473015595775177,-0.013084055340562895,-0.02898548053842054,-0.050847411395418596,-0.09790209148954843,0.009389641767201251,0.013530092881777422,-0.010315935760379369,0.0,-0.028481060171943517,-0.008474619334386535,-0.018264822286715,-0.013931912083038789,-0.01450324944295811,-0.009933791216281018,-0.028017306228594774,-0.00824741497722925,0.3058823331417102,0.019480552990749578,-0.06052963801564781,-0.01486987397850048,-0.024242401473340114,0.03799852718792307,-0.005964256174353699,0.012618284192532636,0.004310340840949722,0.0,0.00906343934418996,-0.00531914387692578,-0.0061967408715416505,-0.04895100406320296,0.005847975394087879,0.0035713778410959574,-0.10169492381566325,-0.04819278146691419,-0.029239807257405603,-0.003383121781041609,0.1321921968556794,-0.0028221791663303186,-0.003921564960883028,0.04166662527455389,-0.013337150917059004
2025-08-01,0.04757748406144202,0.0026548435809574666,-0.0163398540036791,-0.04007201379268177,0.0252100587791928,0.0,-0.04922275232268192,0.004771010774700324,0.0,0.022321443459919266,-0.06382978993230626,-0.0402493825985788,-0.029411736347271344,-0.04514892160595463,0.22670021422239484,0.0,-0.005509702125222393,0.0,0.2291666395030909,-0.009661826846140142,-0.0887825690435381,-0.010204071702683226,0.0014661708981120736,0.0,-0.018987353614766667,0.009043937906729083,0.02247188803935285,0.003401357234227742,0.005494492942316187,-0.02272308027079395,-0.028054800450770134,-0.04411769217479555,0.0703030210552793,0.0,-0.030769202554013275,-0.04737905881190252,0.0,-0.02515718553518076,0.0208332674822449,-0.04477613622170129,0.05803565869145877,0.09302326226118396,-0.01395359349193126,-0.04126209771782485,-0.0065146752046175704,-0.007060893578531124,0.09771985629960533,0.004273489037862177,0.009302316297383983,-0.0580847554484073,0.0007358520065896546,0.03678928805822235,-0.015964466305226188,0.0,-0.5135135004518676,-0.03184715374788938,-0.03624160910591301,-0.030188739337966508,0.0,-0.05979235746874767,0.0,-0.084112142591243,-0.10729614085238026,-0.06521739271277516,-0.022218718369901524,0.026737942346945376,-0.013250200881126717,-0.0036764670434089597,-0.02906976615241441,0.04270463348580278,0.023584996902807465,0.015189919107293282,-0.01807227228493835,-0.01923583052210842,-0.18105650574018117,0.003773585593729978,-0.03543303760668293,-0.24000000953674316,0.018406654622448615
2025-08-04,-0.07291666666666663,-0.03618710063309494,0.08305647866846777,0.025328373511114055,0.0,0.017241362300696395,-0.02997278780045287,-0.02469128981963964,0.0,-0.002911205423533403,0.0,0.06497344132554073,-0.04545459060957757,0.24245481919763745,-0.002053337223750229,0.013033236645979107,0.011080388208860148,-0.04761900369272076,0.25423736005157105,0.07682928403596834,0.11668611850755872,-0.010309329662834377,0.017569503066177772,0.0,0.03870970203030488,0.03585151277154819,0.03296700129689234,-0.030508525807840914,0.025501004276022865,0.010160796018384266,0.029597089057233905,0.01538469297646361,0.056625142052112665,0.025089613181622283,0.023809501283202916,0.02222222670746299,0.02481284927360705,0.03145155241035846,0.0055659017720737225,0.09374997477667968,0.24683547105276404,0.04964542844622866,-0.01415093087753283,-0.12911392007762668,0.005464509497310921,-0.004444461398654509,0.020771564996585834,0.03404258025685958,-0.013824871122127491,0.04166666666666674,0.0514705727669611,-0.06451616872733801,0.013519568717454522,-0.03326400193669243,0.36111108351636934,-0.02850879738425538,0.04038996779755211,0.08949417317037622,-0.03105594477100304,0.02790397959761437,0.0100000381469727,0.054421715747644095,0.0,0.0697674434722726,0.039645494430572636,-0.002604164241347462,0.02053714312919075,0.029520266634666337,-0.15928147781822166,0.0034481972712050446,0.027649742244254982,0.024937630654563003,-0.018404890477013436,0.02144544204447585,-0.0026690154432456037,0.012687915463064359,0.012244886043219827,0.1578947764684624,0.048009058747954025
2025-08-05,0.0,0.030219773022021057,-0.03374229920785787,0.016010908707630778,0.0,-0.0033898272208872093,0.044943845056852894,-0.024342744776706504,-0.002570684401562162,-0.0043795231224605935,0.09090907243657687,0.03549635969356757,-0.01587300085546861,-0.041295563816099445,-0.09876543331005727,0.004678497514013946,0.0027397233430073165,0.0625000139698384,-0.10810808416175732,0.13363536980423008,0.056948808116336735,0.0,0.04748212744975033,0.03092780464424627,-0.012422407341657227,0.024721820910445835,-0.04255315191482678,0.020979085104515294,-0.014209616974333983,0.009564954151291882,-0.01295004087640661,-0.01136371538494263,0.07717044725792577,0.0,0.05426360815665099,0.03209114125397705,0.006917768692928039,-0.012509749933200531,0.05535049993999941,-0.00952380087370197,-0.013536366458805515,-0.027027000903735332,-0.004784705096041675,0.061046521701704215,0.018478155473184987,0.005357180414151896,0.06395349562522701,-0.012345634862423238,0.009345785021542818,-0.009599990844726514,0.08391606945870045,0.057471265627790036,-0.015562489329999929,0.017204284315123886,-0.03401365343703078,0.01805878186076937,0.01807232030435868,0.057142888769811995,0.038461579608730645,-0.005050534221518799,0.00990093307113904,-0.02258062432137231,-0.014423063697193705,0.021739109308372973,0.005890516832033343,0.00783289085832184,0.006965956041519394,-0.039426486236496916,0.03988606988164056,0.0,0.01793720247125674,-0.02189784663362837,0.04374995762482348,-0.0033885166754559215,-0.00802855952556869,0.014385232676257242,0.048387050256521125,0.04545450112051319,-0.0053894033858804535
2025-08-06,0.026966309279538248,0.03555552164713549,-0.015873075943202752,-0.055380440924747254,0.00819671330225158,-0.07142858301353616,-0.013440847293478053,0.021956018293794788,0.0051546197035923225,-0.008797645347408345,0.0625000038805108,0.0016068926900327796,-0.032258033504347416,-0.44847971911714246,0.022831027858393638,0.005820635312387745,0.0,-0.01176476445577379,0.15151509130844198,-0.05294712033235505,0.09441423087649592,0.0,0.024725245913466143,0.0,0.03144654163496252,-0.031363074225513765,0.01111110031850071,0.006849308357518069,0.009008957985764843,-0.004584342431543931,-0.004757757965000997,-0.03831414124593169,-0.03582095557405551,0.0,0.014705868173635617,0.003009000217422342,0.0,-0.02216931730229288,0.0017482918266857883,0.05288468151403136,-0.01886794767648614,0.0,0.004807708563706603,-0.009589064360603805,-0.00042677451117489884,0.0,0.08196719816420295,0.037499936635206454,0.009259250061012025,-0.0016155458464287564,-0.08451615610430319,-0.009782625484106355,0.02032523827213173,0.002114112474493446,0.12676061422336438,-0.0066519308837790225,-0.02301120187981054,-0.006756750225933805,0.012345667202249944,-0.024111662331623096,0.016176467150827767,-0.006600653833452097,-0.004878044241882984,-0.02127657550770312,0.02481122862529106,-0.01036268469951196,0.004611795917511596,-0.04104482491580841,0.0273972334300725,-0.0034363480651837808,-0.03083697525593232,-0.021144288196584093,0.0,0.003133376114546449,-0.02023376170062774,0.016010926173967377,-0.09230769936149663,0.0,0.030615038547459283
2025-08-07,-0.0525164438908543,-0.040343290020964484,-0.029032231270335718,0.012392766184689874,-0.008130073421291018,0.014652000576396595,-0.03542237377068269,-0.00976556933892303,-0.0333333928884203,0.008875730879888577,0.0,0.06791435821393033,-0.016666749450892193,0.012251136467942514,0.08928573519295568,-0.008721043253510752,0.010928951069668846,0.0,0.0,-0.015822745334741706,0.05510394102691518,0.0,0.004021356231381112,0.019999980926513672,-0.012195052453833122,0.006226605834362298,0.014652000576396595,-0.01360542893691108,-0.0035713907058666505,0.006877458823573601,-0.021584826809721736,-0.07171317427932755,-0.03611965355539937,-0.017482472188718456,-0.057971045791138986,0.050000000000000044,0.011450304544181611,-0.04453456476311635,-0.029668425083431926,-0.1050228370155395,0.03846158655565923,0.027777750183035854,-0.004784705096041675,-0.005532498167012956,-0.01665601682141815,-0.008881028369184807,-0.07070706280113892,-0.036144519446261514,-0.04587162384811294,-0.006472485916521498,-0.036645491153376675,0.0010977200064443693,-0.013280178620369787,-0.0042194054625018795,0.03124996973201677,0.13616074350833585,-0.00807536260642916,0.037414929576505385,0.0,0.053316021832028104,-0.030390698247870662,-0.01328902391354203,0.004901956201103674,0.08695650202114802,0.03293236753994355,-0.005235597192677299,-0.008416194280464029,-0.05836570460902091,-0.045333353678385424,0.006896562125869865,-0.022727250560256596,0.0139771455036799,0.029940163359560623,-0.0023924583381992326,-0.017209728510510502,0.00045025860717107236,-0.009533813868021324,0.13043476458082548,-0.04652997936814418
2025-08-08,-0.02678983528524559,0.027728037341722578,-0.009966767935156495,-0.0042372953652415335,0.00819671330225158,0.028880839081917964,0.019773992654552597,0.009861876174517059,-0.002652510088798743,0.0,0.03921564960882984,0.06259389298847351,0.0,0.0317700505151608,-0.010245940484079563,0.011730320959874252,0.0,0.04761907465063331,0.05263160784158716,0.0,0.023972579251313464,-0.02083331393077925,-0.008010629244081802,0.0,0.0,-0.011138559001218407,0.0,-0.037931079274832635,-0.016129084176320974,0.000792909543835707,-0.002517036314010457,0.025751151572007247,0.0546038780032061,0.010676146369748674,-0.07692300638503313,-0.04571424211774555,0.014339658877047023,-0.026271137767233332,-0.014388475634778741,-0.06632652688850627,0.0033670001235441838,0.12162158461362504,0.004807708563706603,-0.005563276986744636,0.00021713625564423467,0.015232981955046077,0.07065217003986834,0.008333375576529134,-0.03846150319251662,0.0846905524810948,-0.042428670114777134,-0.004385960784535126,-0.010318593097263684,0.008474669590729178,0.14545455333615154,-0.0471513243144599,0.02985078296403798,-0.01639342724524051,-0.018292665641127526,-0.06975314682130296,0.006965143631415316,0.0067340002470883675,0.009756088483765968,-0.07999998331069946,0.04250979859021142,0.042105286273269815,0.011574044605614064,0.10330578186710504,-0.03770949534644219,-0.006849325328223577,0.04651158148692014,0.005012586290047416,-0.005813947847045586,-0.0009993500055073268,0.016343612381885197,0.0009001119311975447,-0.03743319435188197,-0.03846150319251662,0.02977661987115421
2025-08-11,0.04224012351870443,0.026109677694594824,-0.013422805905036084,0.011347507113328437,0.008130073421291018,0.16491229625876902,0.019390629832558126,0.004882831235591301,0.0026595646107605564,-0.00439885763243919,-0.09433959399563019,-0.0754004960364989,0.0,-0.014662812163150685,0.031055920856482455,0.0,0.0,0.01136362558800319,-0.1250000279396768,0.003751323440333687,-0.06605350830545864,0.02127657550770312,-0.018842560497467797,0.00980391240220757,0.0,0.010012492481376922,0.02166062931143853,-0.014336904085998858,-0.020036354055896433,-0.0016453569986185634,-0.0008906607470495764,0.0502091549338628,-0.03553303227562954,0.003521064265346485,0.0166666501098216,0.0069859971682917354,0.0,-0.0835509278386537,-0.027372280081267686,0.021857902139337693,-0.09899331355899255,-0.0361445445698767,0.0,-0.009790233668210857,0.008066367004803787,-0.01412178715706236,0.0761420582590917,-0.0165290805339412,-0.05500000715255737,0.0,-0.003055764811822348,-0.03083697525593232,0.0052130450544982665,0.0168067058527952,-0.026455001425780944,-0.020618537443073293,-0.009222683827945555,-0.04666670163472497,0.012422348291186713,0.054593941036105154,-0.008695681674064093,-0.013377913620550408,0.048309249408762245,-0.021739174096029212,0.03882137628267257,0.017676810855318248,-0.012967206769327388,-0.011235944019676425,0.017416598653353654,0.01034475939707491,0.013333320617675781,0.024937630654563003,-0.04678364978402905,-0.0018004462174594504,-0.07948539355618478,0.004046774156543309,0.008888880411783928,-0.039999961853027344,0.028112532654729128
2025-08-12,-0.02049175201965303,-0.021204410585995204,0.03401357234227764,-0.020570296365782892,-0.008064508376086854,0.03915666176352617,-0.1413043400797368,0.0,0.002652510088798854,0.001472787767013095,0.0,-0.06931705158911206,-0.03389827426361236,0.016369067998329045,-0.026104440550806296,-0.00869565314538312,0.03243240108448231,0.03370790053551764,0.04285718786473258,0.014415401193941246,0.005819120854014148,0.031250032984341924,0.0054869774174997055,-0.03883491549912932,0.037036941102725374,0.042131313673362536,0.01766791239675558,0.010909080505371094,0.01115248289433901,0.015381787652326118,0.02674205489837589,-0.047808719527897,-0.01052635594418172,0.0,0.04098356651125812,0.127849350083723,0.0,0.012345655710607861,0.005628557267875145,0.06951871385034081,0.05027932712858951,-0.025000050291418274,0.004784705096041675,0.02118645437624722,0.013624448405004985,-0.0017905512647325983,0.004717089349841386,0.008403477939811443,0.01587300085546861,-0.0015014643053727905,0.06896548700200378,0.022727250560256484,-0.01555803044980053,-0.045454599192765954,-0.1413043400797368,-0.02526313380191203,0.00531914387692578,0.0664335888774894,-0.04907978107323607,-0.004419204390505693,0.006778388780865452,0.030508444987984884,0.023041451870212448,0.15555554378179814,0.06801986288627204,0.007444102086688886,-0.006182374520887324,0.04924237532447284,-0.004279630360744635,-0.006825949322472269,0.0307017254917461,0.0036496024326815313,0.01226992698467555,0.02044226956372741,0.07187424731843062,0.0013434302228609862,0.035242257435351254,0.08333325054910778,0.08749991307656324
2025-08-13,-0.005113928832221171,-0.006065831460624893,0.0032894705884014552,-0.02243442499222037,-0.03252029368516418,-0.06086957543318405,-0.07278481418554295,0.0038872655006136903,0.02116400670224583,0.01176469433266436,0.04166668994973155,-0.027108479355353765,0.2807018039189113,0.008784764780346288,-0.16288659327569144,0.0005847953875433021,-0.013088992981693415,-0.1630435141757659,-0.21917811239116847,-0.011578911229183753,0.04672902432111492,-0.010101000370632551,0.009549844055813272,0.020202000741265103,-0.04166660043928061,0.013079780288737464,0.0034722187728795095,0.02517983236086274,-0.009191307132001225,-0.005229966146563014,0.005932469675212992,0.1422593720693346,0.025531993035336376,-0.017543814657488,0.0,-0.03075574498681999,-0.008928540505219962,0.0037524314409624893,0.022388037792902438,-0.009999990463256836,-0.06382972787224006,0.057692331204988845,0.009523780527718628,0.0,-0.0027735257555110415,0.0,-0.01877943573824914,-0.004166796413625051,0.026041704501647,-0.018045095314010218,0.09892474073901902,0.02222220102945971,-0.02382045165281854,0.02813855360630302,0.1898733823846852,0.06695462961494414,0.017195782463606868,-0.01639342724524051,0.045161325551965836,-0.012682361519672725,0.019782131694297655,-0.009868411765204144,-0.027027000903735332,0.05769236941309597,0.029074956283423603,0.032019733072192524,-0.004665588456001957,-0.0072202097704795465,0.04584529667434767,0.0,0.025531993035336376,0.059393911650686526,0.04242427482640054,0.007266838402073095,0.005355053274755495,0.016994615336342278,-0.009574383251692686,-0.03846150319251662,0.011015395537808947
2025-08-14,0.022429885551058515,-0.005231073951164067,-0.02622948359238486,-0.03173826333295393,0.0,0.018518500803375026,0.0,0.0029041368047202365,0.025906827348135097,-0.002906973923522793,-0.019999980926513672,-0.034055702956503175,-0.0684931652253774,-0.042089980765260715,-0.039408829967266135,0.02162467063240614,0.0,-0.012987000923330161,-0.05263152941442195,-0.002129974124856604,-0.0012755393733678844,-0.020408204226431526,-0.0027027069653701163,-0.06930692426574747,0.031055899885286564,-0.031690206720146,-0.0380623285541547,-0.02105261220606125,0.009276570944685592,-0.011421358577573204,-0.01251430249117158,-0.06959709007069592,0.05705386073367835,0.03928573775285993,0.03149603342816265,-0.03807797701376814,0.0,0.0,-0.0018248592786550555,-0.07070706280113892,-0.03409096553469926,-0.012121200736670112,0.0,-0.009681904768562788,0.0025673677715007948,0.0,0.10287089063032062,0.012552475600468238,-0.025380746598692716,0.029096412600096544,-0.0215264139170509,-0.022826091576163443,0.007038931125737502,-0.014736878244500429,0.09574465319386105,0.02226723324701685,-0.013003888672104003,-0.05000003178914392,0.012345667202249944,-0.039820176331946344,1.9444222996378713e-05,-0.01328902391354203,-0.03703711062301529,0.03636360089641055,-0.07827790311471705,0.0023865756343954825,-0.02031251757871333,-0.03636360168457031,0.036986297790676304,0.010309294706928318,-0.020746966371011144,-0.040045702169467234,-0.023255860695907793,-0.010139193002276947,-0.059286738193565,-0.004837239125710213,-0.031149296324625375,0.0,0.008289873614439003
2025-08-15,0.007769656435763217,-0.012269885321706697,0.0,-0.032778599144280496,0.0504201175583856,-0.033333302025842726,0.003412965950654101,-0.017374455353910245,0.010100972102371708,-0.00801753704159247,0.08163257362146625,-0.04603723864821885,0.08823529669570251,-0.025757587689451578,-0.07948722400451991,0.0011441650120116442,0.018567621643752474,-0.026315764707210976,0.16666661147718287,-0.10245464779850333,-0.15495953278483865,-0.010416656965389626,-0.012195174184438828,-0.02127657550770312,-0.0120482384544226,-0.02181818985969841,0.017985594543473482,-0.00358422602149977,-0.011029476842519315,-0.00953598939683975,-0.008739985028600739,-0.0393700417852032,-0.006869450216560824,0.0,-0.030534323358943016,-0.0009424387870952122,0.007507529807992519,-0.002803825722217268,0.04021942878741869,0.02717388663546627,0.06078430364242826,-0.08588956202726294,-0.018867927942491036,-0.02234634788015244,-0.0066155126819025245,0.008968644384842461,-0.07809113299091397,0.02479322579961729,-0.005208328482694813,-0.09226189061255907,0.024666659037272165,0.02224692039566767,-0.00815467122676472,0.0,-0.048543644373911676,0.003960392113094846,0.018445304831497422,0.0035087687010102453,0.12804880486507653,-0.06488295692947521,0.0,-0.02693600098835336,0.03365392991777316,-0.08771932026025686,0.00703289244963301,-0.03333330305795679,-0.04625198767706762,-0.060377388706661095,0.006604981871054738,0.010204097656964395,0.03389837528843853,-0.045292026089527426,0.08928577383967662,-0.0019042009302877583,-0.01058592605816766,0.005302739203399298,-0.04878054453743419,0.0,-0.009396324377412224
2025-08-18,-0.0031745894442738454,-0.006211237413953574,0.0033670001235441838,0.011470245560690984,-0.02399997711181645,0.021943552347077677,0.006802714468455484,0.007858538438882068,0.0025000507578782916,0.003673783394280372,-0.056603722658898126,-0.011606629463466467,0.0,0.013996913684388712,0.06406685921236455,-0.014285607309001414,0.005208328482694924,0.02702700090373522,-0.14285710230976512,0.0927467000146509,0.013602037913093445,-0.02105261176576878,0.00960231054221583,-0.010869554654186486,-0.012195052453833122,0.0,0.014134262519924334,0.010791356726084,-0.003717525211026973,0.007652907763622485,0.0029389405417041825,0.00819671330225158,-0.028656123036804426,0.010309268528934101,0.06299216072190883,0.039622647281047696,-0.008196680441974746,0.024367432937381306,0.0790860816765897,0.010582000570312333,-0.016635800053448113,0.0,0.0,0.048571450369698566,-0.0019334473071110914,-0.0062221950954861605,-0.19529409969554223,0.020161359838298143,-0.01570679157803201,0.00163938180953771,-0.007807409658592612,-0.015233884226423244,0.05355881596527423,-0.0064101995879434215,0.020408143405366452,0.15976329691407365,-0.00776195894327214,-0.01748250145114394,0.02702700090373522,-0.005722457711342388,-0.0019417919799324945,0.1868511910905042,0.02325579074346007,0.0,-0.06417186435300337,0.04433493371317443,0.008361235882171414,-0.0120481812348876,-0.0603674599810341,0.01683496118854344,-0.01229506995337748,0.041198491170595375,-0.05464482049003094,0.005986536695068656,-0.015177825740180895,0.014944993290041175,-0.03846152991147278,0.0,0.009248357156271148
2025-08-19,0.025022800539750145,0.005357180414151896,-0.0033557014762590764,-0.0036082317629201333,0.01639342660450316,-0.0030674817461688875,0.04054050135560283,-0.001949362311646996,-0.004987572263444262,-0.005856509853564229,-0.019999980926513672,-0.07107543575488806,-0.01351350045186761,-0.0628834123637293,-0.08900521468875666,-0.008115942935690956,-0.00259067117487799,-0.026315764707210976,-0.03703711062301529,-0.01958643740155175,-0.08648119313563074,0.12903219810840505,-0.0013587968268707895,-0.03296706607672484,0.012345607788387003,0.003717493350740231,-0.02090590424112604,-0.0035587155398179027,0.014925494005618933,-0.0154345461122809,-0.031648352532904545,-0.06097564757780294,-0.0691760234438955,0.010204072010489229,-0.037037089364844955,-0.05535395508280694,0.0,0.02561760833830351,0.05537461888944617,-0.12041886025806248,-0.015037668789816938,-0.08724831838896885,-0.009615355650122615,-0.06539509660694642,0.010116285418370063,-0.0017889496616929623,0.029239737544372257,-0.03162050910107106,0.01595743163077734,-0.034369890926038815,-0.04524587412349512,0.008839770388950452,0.003344515740963949,-0.021505355393904968,-0.10500001907348633,-0.0816326547162195,-0.06518904759145638,-0.07117439564282824,-0.015789458824326585,-0.0007193377700667192,0.0,-0.05539360161006912,-0.06818186005284876,-0.1346153757981291,-0.04294558668725379,0.0,-0.01741293788061471,-0.040650464024575284,0.0013966800411944202,-0.009933710358052239,-0.04979258079001225,0.0119903388448237,-0.07514450508575765,-0.013078786703750955,-0.027286553337329877,-0.013425717628003264,-0.024242401123046875,-0.039999961853027344,-0.013157926579449142
2025-08-20,0.020861043010667935,-0.019538211594748334,-0.016835000617720808,-0.0015520272511080346,0.0,-0.04615387549767125,-0.058441504154985724,-0.007812492724042275,0.08771933205279558,-0.004418222848267095,-0.04081634763179798,0.05588823469804782,0.04109585014510864,0.01309327691618889,0.011494241848790887,0.009351257628364085,0.03896106469689564,-0.027027000903735332,-0.0769230636971937,-0.002219806576647998,0.05930360186928474,-0.01904760174740394,0.004081672350965571,-0.09090907243657698,-0.012195052453833122,-0.0024691893675845566,0.021352293238907194,-0.007142850452539706,-0.0036765228528005123,-0.0012441716578627249,0.00045407079140269424,-0.01731600123110688,0.008743161425279311,0.01346794432378462,0.01538469297646361,0.025936643777261237,0.009015745533055952,0.008851089631842779,-0.058641992796668374,-0.005952375461590109,0.0038168814193295653,-0.06617649443524909,0.00485438520390491,-0.0641399487837977,0.027700781494842452,-0.0008960778690472182,-0.13068182972713938,0.012244782719483815,-0.005235597192677299,0.023728790546210465,-0.010989065691980104,-0.019715257712984546,-0.02000003390842009,-0.03736265256430438,0.0279330014475605,0.08333329654034327,-0.01673638553447654,0.011494333721897787,-0.010695176938778084,-0.016558751673524275,-0.017509664997767516,-0.0030864168005625414,0.009756088483765968,-0.04444440323629384,-0.03177877921607941,0.0,-0.0008439011442964439,0.03389837528843853,-0.0027893975890794787,0.01672235257861865,0.004366808135300104,-0.005924080514975172,-0.03125004423782163,-0.00039755414171505077,-0.005974014084060508,-0.003950845424922744,0.012422288872800724,0.0,-0.057142893473307255
2025-08-21,0.05434782608695654,0.0009058178366294634,0.010273962536277104,-0.004663220525681133,-0.016129016752173708,0.03548391512852067,-0.0344828068146934,-0.009842463513508926,-0.029953970372337158,-0.0014793237490008382,0.02127657550770312,-0.0075614295163465295,0.026315764707210976,0.016155073296957534,-0.05965910206956815,-0.006948577912250786,-0.009999990463256836,0.013888875091518038,0.0,0.083426031045017,-0.07344624798452415,-0.02912618662434696,0.013550156930367985,0.012499987892806708,-0.006172862762975684,0.0,-0.006968634747042013,0.0,-0.0073800870484079795,0.004422211583487989,-0.005595933704595324,0.04405282179418912,-0.0010833451466344401,-0.006644400881923307,-0.022727340459820944,0.0149812586929019,-0.03201791399005882,-0.013428770340400908,0.00983605634714424,0.041916200150260874,0.011406832731696515,0.05511815236486828,-0.004830933989425579,0.04361366505354103,-0.0203192704414783,0.00448432219242112,0.07843137713222958,-0.03629033557951922,0.015789458824326585,-0.009933765423590035,0.027083357892655258,0.0044692695760304435,0.019501148301767746,-0.0273972334300725,-0.07065217003986834,-0.07008544514461168,0.042553149756217934,0.018939375124797264,0.010810800361494177,0.027086351760203575,0.01980196056547401,0.0650154913024461,0.06763290310104253,0.04651158277636491,0.009269117656605985,0.002358544674920804,-0.011824353168792268,0.02459013990675496,-0.01538463385275679,-0.02960523055368247,0.021739110153428554,-0.01430272713332903,0.0064516069489635175,-0.0005964671817563216,-0.013848935797160622,0.010577348988715096,0.01717795703995395,0.0,-0.00959589060757915
2025-08-22,0.0,-0.011764716035925438,0.0372880994297593,0.05153574834196695,0.0,-0.024922094316309096,0.03928576263846262,0.003976139183357041,0.016627187920051467,0.005925920274522545,0.0208333760189523,0.027936541844927998,0.01282057748038623,0.006359294450813291,0.030211524102678133,0.019241986831750824,0.005050500185316276,-0.01369861671503625,0.0208333760189523,0.008213544721353827,0.15687360200022082,0.0700000524520874,0.04411761837649619,0.04938274239498086,0.02484469621445795,0.04826748513589196,-0.010526306103030625,0.050359750483805366,0.001858669866771523,0.015254980914220617,0.026007515765770428,0.09282702077360283,-0.009761404553287889,0.010033350657985496,0.03875974651483771,0.01476013331733328,0.030769173387201976,0.014519047370936011,0.05194808110195215,0.08620688237701679,0.06203005884546786,0.059701434114406204,0.03883501955708346,0.03432836203300016,0.029841272065380897,0.024999976583889083,-0.09393937795724838,0.0041842312534055015,0.010362746465985007,0.018394671097584192,0.04394858824927517,0.015572897317809531,0.05315835049636042,-0.03521128810051821,0.09941517736389915,0.1066176319127472,0.031292520007860425,0.02973974795700096,0.021390353877556167,-0.012116869259863217,-0.005825283350059718,0.00872092177056838,0.08144799260190405,0.06666667108182556,0.01626019061770534,0.04235290078555831,0.05213680515349317,0.015999984741210893,0.005681812794001706,0.01694917906879967,0.042553254089081616,0.024183772454012598,0.09615391081371949,0.02281618312244027,0.019607785661327926,0.017008363247430713,0.08323276038098659,0.04166662527455389,0.04895456678190513
2025-08-25,-0.06639177774645622,-0.008241772157426164,-0.01960782480441492,0.04108910358205731,0.01639342660450316,0.1373801318264265,-0.030927886575027097,0.02079208219954687,0.0,-0.014727526538200086,0.020408143405366452,0.003705958243557017,0.07594936804365715,-0.022116882807737714,-0.03519065130710364,-0.017162364931088803,-0.0075376812175881325,0.04166662527455389,0.0,0.02545824926367013,-0.08145666960125997,0.028037355064628677,0.0025608235282690295,0.0,-0.012121258359966802,0.029515952526791178,0.010638287978706584,-0.02054800672275059,-0.003710535811183191,-0.0009772998250042741,-0.002816474469797381,0.003861000306814244,0.032858728036635254,-0.0033112831485080374,-0.0074626792643007756,-0.013636328957297605,0.0,-0.001788918659816674,-0.018518500803374915,-0.07936506735104154,0.10796462357842396,0.12676061422336438,0.014018737660503433,-0.01731600123110688,-0.002466066177904347,0.00174220022310001,0.0869565182722325,-0.00833344799343616,0.010256400224333495,0.0,-0.06023312025753158,-0.05038335513483627,-0.032312541258751826,0.05839410299798309,-0.042553214424603025,-0.0049834235719935505,0.05145117023891932,-0.0072202097704795465,-0.005235597192677299,-0.019480526675689003,0.07812502037268176,0.051873217657953274,0.0502091549338628,0.0,-0.06918515805844905,0.0022573880969170013,-0.02030869142795566,0.04330713982930723,-0.018361598282739644,0.01666661131757219,-0.040816384124437,-0.020070846627444072,-0.03508775476628012,-0.006225258505490494,-0.017151763390425234,-0.007289974078931838,-0.017817355853925076,0.039999961853027344,0.003159967672433872
2025-08-26,0.0,0.004616822815059818,-0.0033333301544189453,-0.05468385584072666,-0.016129016752173708,0.019662969883848636,-0.0070921919858044635,-0.0019399085305192854,0.009345758715544772,-0.005979067490418877,0.08000004291534424,0.011076941856971168,-0.07058823611909537,0.05008076573730147,0.04559273468287439,0.0186261995775292,-0.07088606785054663,0.0,0.04081628681073313,-0.06752724648551589,0.03912363051721979,0.009090900224102638,0.025542762509242367,-0.02352945878843815,-0.012269869015459345,-0.012614785985362365,0.021052695861705883,-0.010489500870686341,-0.0037243551643942885,0.01595744283372702,0.006838247454088897,-0.015384601277006582,0.01378580172150845,0.003322284172101675,-0.02255645836920439,0.0,0.0,0.017921070353182245,0.023584920160142353,0.0,-0.020766790684948355,0.09999997764825852,-0.023041608259660173,0.0029368547862793637,-0.008858629247441185,0.04347826086956519,-0.061538476210374116,0.05462194937962672,-0.0355330210332383,0.02627255228296166,0.020675409097356212,0.05651669744017096,0.12156263055264493,-0.0022987936238868523,0.011111167036458314,-0.0033388951069659445,-0.00250940796148158,0.14181821996515453,-0.015789458824326585,-0.003679156323284638,0.03260866466677248,0.008219170029021727,0.27888448220851214,0.04166668994973155,0.043291439462583625,-0.015765804225056357,-0.004975158999091178,-0.003773581171086837,-0.005755390352630396,0.0,0.021276677771900232,-0.018072357681633844,0.012121200736670001,0.00998359743635846,0.011369653851018624,0.007343508062354731,-0.02154190328314831,0.03846159489197354,-0.01235769640352713
2025-08-27,0.02075977179213262,0.017463196542720327,-0.013377913620550408,0.020120801949947476,0.11475408394405284,-0.06336088479956159,0.035714337412192876,-0.006802691456143872,-0.020833421396708074,0.04210522239935699,-0.01851861050099135,-0.007303763664301077,0.025316430864913864,-0.01384617732121396,-0.005813947847045586,-0.024571323860104965,-0.024523201830223162,0.05333336194356275,-0.03921564960882995,-0.044195947463211205,-0.032630502813291384,0.0,-0.004981267483762597,0.0,0.006211203670828613,0.004645638468598889,-0.02061861836027834,0.05300356869656642,0.005607463387539147,-0.004152391022031243,0.0035433683821093354,-0.01953123181010552,-0.017782433978257184,0.019867531983283282,0.0076923006385032355,0.045161267639678204,-0.028358135937259332,0.00792262290424861,-0.015361041160347644,0.011494241848790887,0.037520393928159645,0.09090907243657687,0.04245291326728173,0.0775988602823825,-0.0024942584051708128,0.005833307902018303,-0.0196721126942887,0.0,0.015789458824326585,-0.02400001525878903,0.02498311107871376,0.03165938500915577,-0.06557694049250351,-0.009216580748084957,0.10439556732714506,0.0,-0.035220093042627854,-0.07324841127051662,0.026737942346945376,-0.01846378339124355,0.0,0.008152165990639837,0.12149528406570664,-0.04000002145767212,0.01952705903440144,-0.05949651232345843,0.005000034968058342,-0.022727340459820944,-0.0101302020795897,0.006557387497813982,-0.07083336230781223,0.0012270220061236792,-0.0239520735814005,0.0031658226872977036,0.021437900518280317,-0.003430615040021179,0.0,0.11111109148818321,0.005888167035080771
2025-08-28,0.0,-0.059620584065661064,0.020338963325323256,-0.028599600792320823,0.0,0.014705867915830284,-0.010344899593718315,-0.003913890490010341,0.028368803189020797,-0.02020200143629136,-0.01886790755296608,0.004291826923133124,0.024691334404499887,0.007800341953993817,0.1461988271479282,0.0046864722834187855,0.04189946887265572,0.037974646297370906,0.0,0.007242292771095782,-0.04203432039695021,0.0,0.00876099521789464,0.012048181523292234,-0.04320992160326542,0.004624378326498535,0.007017537402020491,-0.04362419919760152,-0.01858734783890914,0.005499165809672357,0.01942033231795781,0.0,-0.007454807874241798,-0.025973894198809022,0.0,-0.005291042223046771,0.029185790553203583,0.012227056118379931,-0.0312012190368276,-0.045454570084564105,0.09276724266744796,0.07291666084590043,-0.004524843940272194,-0.016304396768935914,-0.013961305888175124,-0.005799477762558292,0.04013374086165111,-0.01195228668592696,0.0,0.00327868544904808,0.005928863687651109,0.023280452007323094,0.009162820127333937,0.02325579074346007,0.10945275107166785,0.07035177404595228,0.04432857225630893,0.03092780464424627,0.07291666084590043,0.02934537409082938,-0.054385956693480564,0.25336928505530665,0.030555593452336938,-0.02083331393077925,-0.008529098895809883,0.026763905864690685,-0.009950317998182356,0.05038764274619778,0.004385925775139299,-0.003257334146697266,0.0,-0.012254832066831978,0.024539853969351322,0.007470814503729883,0.011261802665621046,0.00860589535185352,0.022016173564745056,0.23333334922790527,0.017561005383003092
2025-08-29,-0.05322377399825817,0.09702211754911017,-0.00664451195677096,0.035532935455905745,-0.05882356034843117,0.0,-0.017421586867605088,0.009823126208018618,0.020689744310919522,-0.004418222848267095,-0.03846150319251662,-0.00427348586145726,-0.012048181523292234,-0.04179566243531507,0.13520401088161837,0.002332474410709384,0.0,0.0,-0.06122449103716454,-0.011061989147312823,-0.03466952445229332,-0.018018000602490147,-0.033498840001264574,-0.023809501846360326,0.006451637514175879,-0.009205962781894894,-0.059233395349857276,0.021052695861705883,0.005681804759210651,-0.01376280010375519,-0.02063785261410822,-0.04382465956723891,0.03218886272082888,0.0,-0.015267161679471508,-0.024822671950315622,-0.004477524232329277,0.007765315657337624,-0.0016103428052184343,0.005952446419502655,-0.08633092389912023,-0.048543644373911676,0.0,-0.030386712313068664,-0.0010566587928368953,0.0,0.012861801164264719,-0.016128975741220963,-0.01036268469951196,0.045751669124871386,-0.030779322392871844,-0.026887303705325438,0.01114322999854056,0.05454540134461583,-0.026905803706885,-0.009389662603004112,0.01186008871909272,-0.026666641235351562,-0.05825237324869392,-0.016081897400354483,0.022263518621287615,0.06881713726049576,-0.09433966022975071,0.0,-0.005885894613263054,0.028436106247007764,0.023450644596799908,-0.06273065457600024,-0.00873361627060032,-0.026143752961017896,-0.0134529018534425,-0.008684943530296252,0.0,-0.008502142907753196,-0.03872434432534555,0.0038396013839880894,-0.03174600256908189,-0.02702706534118826,0.03475543877795095
2025-09-02,0.0,0.038528859671084215,0.03344478405137585,0.01960782480441492,0.07812502037268176,0.02028983544211682,-0.0035460959929022318,-0.006809309011916342,-0.04279290126807289,0.02810644585062816,-0.019999980926513672,0.020846116721086272,-0.012195110427418387,-0.0032310146593915734,-0.06966291147565995,-0.004653869049954684,-0.026809625769762868,0.07317073525310214,-0.06521739271277516,-0.006711349972995273,-0.04713805650804059,-0.018348605792718242,-0.0012836678779202249,0.0,-0.01282056141338439,-0.012775840360266688,0.08148149063884791,0.006872845476499245,0.007532970310770271,-0.003900053755962807,-0.009136550598805693,-0.041666724615624595,0.04989610203958428,0.023333253803647258,0.031007815693931073,-0.05272726579145948,0.0,0.005993141907523203,0.0048387436663333006,-0.05325445581737076,0.020472459274539112,0.06632646606744141,-0.022727288579266314,-0.0954416065689957,-0.004442498446925125,0.0,0.1269840777265736,0.0,-0.005235597192677299,-0.034375041211023305,0.05135136615454994,0.01168975686878615,0.03653063092912956,-0.058189652736135855,-0.0368664328626489,-0.06319116906611932,-0.009870441483576076,-0.010273962536277215,-0.025773231984957512,0.0007429951368369547,-0.005444683949575424,-0.05432595419005082,0.05952382557381353,0.042553214424603025,0.005617050277209712,0.032258032618297294,-0.010638307004924963,-0.023622025071121988,0.02055798350395488,0.016778549484958605,-0.018181800448205276,-0.02753439255241208,-0.017964055186050376,-0.006254009895620194,-0.014218033755551418,0.0008499172753757556,-0.017564358220175658,-0.055555504045367354,-0.04887646247740962
2025-09-03,0.0,-0.01517701152715667,-0.03236242958260771,-0.02355768216784848,0.007246369925949514,-0.014204531985004043,0.021352293238907194,0.00685599359086031,-0.04000002261402269,0.002877695176315198,-0.04081634763179798,-0.018618586969658235,0.061728409597230804,-0.011345246482301952,0.11594203733174346,0.01052016483190954,0.0,0.29545453621828854,0.0697674434722726,-0.03490995671414099,-0.009422841679949556,0.1214953166906032,0.008997349606316263,0.15853658093362255,0.12337660166199438,0.0047058714549363945,-0.017123352543991444,-0.027303808976760324,0.0074765556775380215,-0.008564905012438784,-0.002379498254837964,0.091304366304654,0.05841576006234961,-0.01628668452773585,-0.02255645836920439,0.020153554377099647,0.01124430195505477,0.04425539791809174,-0.004815442972151307,-0.012499987892806708,-0.024691334404499887,-0.11961717275480133,0.023255830551357493,0.01417325258890667,-0.0033999074589144973,0.04833332697550463,-0.06760563739730452,0.02459014758661504,0.02631582744894323,0.05663436750674111,-0.0077121359895410135,0.03676464400902213,-0.03740896813604988,0.0,0.05263164499129891,-0.02192236785277968,0.009345889907118599,-0.01038069505860606,0.01587300085546861,0.0,0.06386859551357138,-0.021276576317181495,-0.12078647057586522,0.020408143405366452,-0.008605068134158067,-0.004464281437804529,-0.005789883700641263,0.004032254188043316,-0.01438847588157588,-0.016501675309198438,0.09259250061011981,-0.06306303376074596,0.04878051439826536,-0.0016219767097020998,-0.02029910121286793,0.012738917801369043,0.0,-0.02941180595477033,-0.014612817066505301
2025-09-04,0.0,-0.014554800672275103,-0.0066889568102751484,-0.06745440511616463,-0.028776951269557483,-0.020172891258111503,0.010453035193241922,-0.03404663782945949,0.00980400355369948,0.04304163554739704,0.0,0.006731983434782318,-0.05813954777818142,0.02950824721146006,-0.03246755391407974,0.012145638881024823,0.049586728006576486,-0.03508768627628134,-0.021739174096029212,-0.007001104793343149,-0.08263967983757825,-0.08333334989017849,0.05095555961252418,-0.08421050980480738,-0.05202310163125723,0.015222531676596818,-0.0243902216146471,0.007017537402020491,-0.0018552216222460505,0.012279491930553554,0.003577817531305927,-0.07171317427932755,-0.04490173630288552,0.009933765991641641,0.023076993614966845,0.06585134541195181,0.014084542479532391,0.014669847049340268,-0.02096768412952066,0.012658215432457043,0.012658215432457043,-0.06521739271277516,0.009090822433343915,0.1055900345181231,0.010234518793528213,-0.007949155967901356,-0.0030211452072894662,-0.011999957453615595,-0.020512861581634567,-0.0015314285697595187,-0.030440370863198174,0.001013194427333941,0.00838617002517128,0.011441691543309096,-0.022727250560256596,0.10517235114089862,-0.012345725525951368,0.010489584233828841,0.04166668994973155,0.07201174684009026,-0.01886794767648614,-0.01739128812274282,-0.03514381133946143,-0.07999998331069946,0.038373752744409684,0.0,0.013311134885087839,-0.0240963624697752,0.04671535417759132,0.02348988773665095,-0.0593219799613216,0.016483500288558606,-0.005813947847045586,0.01111254308445675,0.12050158484654161,-0.012578679042990593,-0.0023838446895403376,0.09090907777308077,0.022244230010976418
2025-09-05,0.16544794232554105,-0.009556959875251736,0.0,0.03590286620916494,0.02222220063700142,-0.01176476445577379,-0.044827624195111215,0.016112773665144076,-0.0024271170878420456,0.008253087061479425,0.02127657550770312,0.03586626901058354,0.03703700160674983,-0.035031888483889495,0.02237145104327598,-0.01142857394567054,-0.0551181210763404,-0.009090900224102638,0.0888889389273575,0.001175114995637383,-0.03175636520422598,-0.03636370926848953,-0.03151519888579113,0.011494241848790887,-0.012195052453833122,0.017300914280550028,0.028571486959652947,0.1080140047245095,0.0,-0.0030478137126193072,0.02064764355541926,0.0042918415410722055,0.02938297645582688,0.0,-0.06766919584552955,-0.023830494784419898,0.0,-0.023293183898727032,0.01317955872218013,0.024999975785613415,-0.00937499091960503,0.011627895694091173,0.004504577153584544,-0.012640404100746072,-0.001477367677697461,-0.016826850334565435,-0.027272701657507614,0.020242912700741522,-0.01047119438535471,-0.029141113155871423,0.09218437473781127,-0.04453446649403359,-0.028194714222298134,0.10859728750863584,-0.05116285052796965,0.0015600981466283859,-0.004999995231628418,-0.006920490871662466,-0.009999990463256836,-0.050553910007737346,0.0,0.04424774559935751,0.08278145747646715,0.043478218616745945,-0.029329812705587543,0.01569510561942966,0.0016419953684940758,-0.016460889199236384,-0.01673638553447654,-0.05901640780949424,0.022522500753112684,0.04594590153634992,-0.017543912239656678,0.0008354153301559641,0.057907570717157464,0.019957613267311602,-0.0011947704920629576,0.08333338852282068,0.010638264511990014
2025-09-08,-0.0031372519100413276,0.008771963580347819,0.0033670001235441838,0.03160035195538713,-0.007246369925949403,-0.011904750923180218,0.0072202097704794355,0.0029732143228458074,-0.004866161557405491,0.01909957270706375,-0.0625000038805108,0.021713551174026735,0.011904821881092875,0.014851510468267382,-0.052516463663079604,0.0,-0.05277772884309895,-0.0275230180553947,-0.020408204226431526,0.04107974283927196,0.04886214969304015,0.02830197379104904,0.021276598334616592,-0.045454570084564105,-0.049382784366241106,-0.07369606230068204,-0.04513892683165899,0.009433953069178047,-0.007434864944570019,0.0022621856017870368,0.018483583264353287,-0.012820501064172207,-0.049476731345323155,0.0,0.016129016752173708,0.0316455166832208,-0.013157919920956385,-0.006578903293342098,-0.014634170925571954,-0.024390220854836775,0.001577247918613356,-0.022988483697581663,0.03139006510156528,0.041251771436424,-0.0071866352829376146,0.0,-0.018691570737231822,-0.011904788178470627,-0.005291000285156167,0.03633491656328913,-0.033639154611776356,0.020127176112639367,-0.0033395918998474494,0.00204076568368472,0.00980391240220757,0.2352024507944166,0.005025120811725348,0.0,0.030303001111897654,-0.02552888385555041,-0.0472027955996599,0.010593261219791872,-0.058103993372692564,0.08333331781129005,0.026741147874005167,0.004415006622562556,0.007377061802865015,-0.05439335093507458,0.0184396644094571,-0.003484326162664142,0.20704847249311253,0.02971576561691025,0.017857197342682873,0.008862089371492798,0.09751613898588185,0.008742604995346737,-0.014354053886023399,0.0512820011216677,0.0052631871942252495
2025-09-09,-0.012588500938780167,-0.11739133751910669,0.0,-0.03952565445193934,-0.014598526172921567,0.04216870714434928,0.0716846058846834,-0.0049407303656408,-0.0024451546788565315,0.00133871876341507,-0.02222220161814692,-0.0011487913807560757,-0.02352945878843815,-0.011382141557055525,0.10854509822405145,0.002890285450499519,-0.03812319975623968,-0.11320750154859627,0.0208333760189523,-0.028184893261049004,0.06509256239933014,-0.009174302896359121,0.026960766493502097,0.023809572804273094,-0.01948047042154266,0.004895949467718097,0.0763636502352627,0.018691570737231933,0.007490556218413769,-0.004880444306463616,0.00985982280035369,-0.01731600123110688,0.0010010239350302097,-0.013114770083109795,0.023809501283202916,-0.0008764442607862577,0.0,-0.014900744578164482,0.0016502028013631875,0.006249993946403354,-0.0755905553200572,-0.05882354178643112,0.0043477849936313095,-0.045082020874914086,0.005961135960218078,0.014669873250703347,-0.022222276045109735,0.004016049960758661,0.01063828775385156,-0.06097562482568364,0.015822724259983545,-0.037383141474463644,-0.021151797309595932,0.008146631995133324,0.029126186624347072,0.0012610629379963267,-0.007499992847442627,0.034843256807889134,0.00980391240220757,-0.011227485379654789,-0.02385314534924521,-0.058700253863305685,0.003246750230832429,0.0192307515962582,-0.008534459076930845,0.0329669477455663,0.009764026520061142,-0.013274323679807187,0.0,0.02097913980930244,0.010948894629691175,0.027603487576297603,0.05847947508874474,0.0007002749400306651,0.12384743705429924,-0.0016507268175544043,0.01699033339945788,-0.02439022120941492,-0.0575916696163542
2025-09-10,0.0,0.021674903970160475,0.013422805905036084,0.06687238690055763,0.04444440127400284,-0.017341023733535632,0.023411348835963075,0.006951405225415597,-0.01225479832472487,-0.002673794234694493,0.02272725117600638,0.020701588440874552,0.060240979429287744,-0.021381598038191507,0.0333333002196432,-0.008645534101514252,0.0274389984616914,-0.08510636544000938,-0.06122449103716454,-0.011600861847218535,-0.03594969216719712,0.0,0.00715985772205574,-0.034883756389998966,-0.04635766524870244,-0.015834399497831497,-0.027027000903735332,0.018348606461624728,-0.003717525211026973,0.011586602100386534,0.0065091452156860186,0.008810564358837869,-0.04799995422363279,-0.003322116709821743,-0.023255792462719804,-0.00263155561184647,0.0,-0.010084007691364305,-0.047775939646086285,-0.13664597928912614,0.06984673462395086,0.03749996367842012,0.008658037893737314,0.09871245777023563,-0.0014814324820751068,0.006425696781659385,0.0064935004616650804,-0.027999970245338957,-0.005263152941442195,0.0,-0.017445407639044563,0.06688240074894813,-0.02139495002330527,0.026262650393963805,0.0,0.01637275020993756,-0.00629725319578478,0.07070708287004268,0.019417457749564715,0.01513996423328412,-0.013120371172900214,0.044543495834630686,-0.016181214791303855,0.11320755777939628,-0.001187209927588695,-0.00851063052687262,-0.021756608171567327,-0.03587440494251337,-0.011142050921826518,-0.03082204719481907,-0.014440419540958982,0.015873030659524723,-0.011049713568388575,0.0020354553797299335,0.0842811927604259,-0.00041340400565625934,-0.008353185425808207,-0.02499997615814209,0.02171718796690314
2025-09-11,0.0,-0.024108004123330917,-0.02317878598837686,-0.020732898260422572,0.021276660503010802,-0.014705938038939936,-0.02614376640588656,-0.003944769279950466,0.0074440811517888505,0.025469176440869656,-0.02222220161814692,-0.0360563036421655,0.09090907243657687,-0.010084024319817808,0.06249998798293466,0.0034883724838739028,0.06528190981636528,-0.023255860695907793,0.021739109308372973,0.29107974283927196,0.016780637365018558,0.009259250061012025,0.026066450382545847,0.012048181523292234,-0.020833280903320373,0.017326871809242084,-0.010416739102864003,0.024024073260518142,-0.005597002074115176,0.01781709087848693,0.01574588945352806,-0.004366808135300104,-0.03361351188145911,0.006666547932205669,0.10317460017109381,-0.022867214731642993,0.010370430391502206,-0.0016977190275009324,-0.01038069505860606,0.035971274849026624,0.3630573461203641,0.04819279790599551,0.04291848885350169,0.11067707338952437,-0.013777080639655548,-0.006384670822900729,0.01612909428163012,0.0,-0.021164001140624777,-0.0048700866419331135,0.02409633162562952,-0.13650155051624246,0.03979010992649412,-0.05511805849928453,0.0,0.09045855309992623,-0.013941655074608095,0.0660377464586408,0.02857151615376763,0.04176000366476562,0.006437874070191585,-0.025586329231347626,0.009868411765204144,0.18644071049952027,0.015750334480349792,-0.008583683082144522,0.009884669041635208,0.004651158148692103,-0.01126759503952346,0.007067149338672918,0.025641001008694042,0.06129810668131408,0.016759827507484282,0.0134576935787587,0.048495264330633114,0.006203464821507243,0.02045717377081324,0.0,0.030647595316992238
2025-09-12,0.0,-0.00988136649468807,-0.0033898272208872093,-0.01674052986353014,0.0972222084248513,0.0537313647407236,0.026845611810072167,0.003960392113094846,-0.004926090299464225,-0.0026143765591094548,0.0,0.03740498929387748,-0.031249970896168877,-0.015280081118988709,0.1404175048640557,-0.012746235490379676,-0.025069614574109722,-0.04761900369272076,-0.042553214424603025,-0.0009091117165305196,0.08190709673568253,0.045871514481795606,0.002309416169080203,0.011904821881092875,-0.01418445088854714,-0.030413698491238983,-0.00701753740202038,0.05865096898272237,0.005628504827307923,-0.0019648627952684183,-0.0015225528872480076,-0.004385960784535126,-0.038043416853436485,0.013605486458522664,0.07194246393597337,0.04950496919271341,0.0,-0.014455820211140225,-0.005244708753771921,-0.020833395421502532,0.14369152826413134,0.028735604621977107,-0.008230374715588407,-0.13130128026029386,-0.029873193169983825,0.0,-0.07301587686036493,0.004115211620807857,0.021621600722988132,-0.03425775435994838,-0.04643962957989556,0.0971896870507667,-0.005466823564401313,0.04166662527455389,0.004717089349841386,0.0499999512325644,0.12532132112327887,0.07079646079938029,0.01851850012202405,-0.014316452370377819,-0.07077972712893943,-0.02625828400190522,0.048859966980191016,0.028571486959652947,-0.0058513973421225884,-0.015151449471464185,0.03181071634319266,0.0,-0.014245000698614008,0.007017555227885053,0.028571486959652947,-0.03397510683204508,0.0,-0.0072032170531664,0.02607840119327376,-0.0028770969514227973,-0.0023584322133207714,0.02564100056083385,-0.045083957643139216
2025-09-15,0.019521902935105473,-0.001996053577839385,0.19727888177471642,0.0030045756311514182,-0.031645614030057834,-0.03966001915588613,-0.03594767880809413,0.006903322727233929,0.014851549333067204,-0.024901710926695242,0.0,0.05183099021374349,-0.0430107754301452,0.005172367583558657,-0.051580766690648705,0.0046948362117178455,-0.0771428516932896,-0.05000002607703169,-0.08888887269997259,-0.04276608945795024,-0.051412418541669336,-0.017543843138140613,0.018433208639768273,-0.01176476445577379,0.050359768500013,0.006273601531244566,0.035335740546661,-0.0221606443298612,-0.009328305761929667,0.009843746553581223,0.016634322444605498,0.017621128717675738,-0.03502829449202993,-0.006711348612710166,-0.02684561181007228,-0.0017152233577253373,0.0,0.016393406527519527,0.01933218495750566,-0.028368767943217854,-0.046986725223633674,-0.06145252326778905,-0.037344466150386224,-0.035087686558520126,0.009969033304440211,0.0024096171430352253,0.04109585014510864,0.0,0.005291000285156278,0.0050675223960423565,-0.009090869682878533,0.046958435371567075,-0.004862569681737261,-0.09200000762939453,0.01877932380464986,0.00432900030777672,-0.07024554689653906,-0.022038611460747926,0.018181800448205276,-0.007262195054795306,0.04887988908631402,0.08764053034581099,-0.024844696582373316,0.2916666252745539,0.03546209085603125,0.010988947648731706,-0.011067145760491615,0.03240737521354187,-0.008670511866767816,0.03135893546397672,0.020833312637276835,0.010551014701678296,-0.06593406665384183,0.0044795070211307575,0.04971222390321195,0.008243984397799275,0.02245857914025695,-0.125,0.04922147412089051
2025-09-16,0.00039078658937885535,0.01400003433227548,0.02272725117600638,0.015976020162474125,-0.05882347441324487,-0.014749318344424278,0.03389827220887209,0.003917723967049813,0.0,-0.002688169458695655,0.09090907243657687,-0.009641151817901483,-0.03370783356400553,0.030874838341568456,-0.01228064862571343,0.010513907307728942,-0.03095972261364044,0.03947372548798156,0.04878051439826536,0.029467628560187586,0.009529472226778912,0.06250004656612851,-0.022624469237884304,0.0,-0.0068493410175966,0.0062343092402004086,-0.003412965950654212,0.025495726600212487,-0.0018832660680142554,-0.012996935340698013,-0.00531772449291068,0.00432900030777672,-0.0503513240159873,-0.01689190365331028,-0.02068971697413624,-0.018041239858505587,-0.010263988414114356,-0.00509332372159077,-0.017241444513996895,-0.014598526172921567,-0.09967849011582497,0.0,-0.012931022128821246,-0.006993033575937835,-0.0032902671668233463,0.049679556247988366,-0.03618417647241512,-0.0040983460594776755,0.01052630588288439,-0.008403313529497414,-0.023591127454258287,0.039755287764164704,-0.001274726443170393,-0.013215846538256693,0.17511514408392337,0.0021552218037907966,-0.02702705869162214,-0.07605633367694709,0.022321407189022535,-0.004389136029934515,-0.03883500629100978,-0.0392562089319084,0.0031847102322188903,0.05376345326492782,-0.025579124364113248,0.010869606906841245,-0.002398136378626514,-0.01793720247125663,0.030612249862943974,0.027026987089768806,-0.044217725139714115,-0.015081219972949755,0.005882347166332069,-0.0028893070611055727,0.0033501024339477325,-0.004497089597904291,-0.002312081499577401,-0.05714287076677593,0.007419851181150072
2025-09-17,-0.04453130000037997,-0.012820523672518735,-0.06944444628409407,0.007862400216847254,-0.048611145604538386,-0.020958064383725383,-0.01311474179619243,0.003902435302734375,-0.019512239145974886,-0.05390836809360511,-0.02083331393077925,0.007571627440857043,-0.023255860695907793,0.0116472033541406,0.0,-0.010982550010203873,-0.038338696354679125,-0.037974721746286244,-0.023255860695907793,0.040627935102242274,0.010029502574751659,0.08403352926397578,0.031249908537457127,0.22619048041416145,0.006896578032394851,-0.0247831501874215,-0.023972660901509624,-0.04972371105774864,0.013207547880291104,-0.005686324445946189,-0.0010965718532263136,-0.004310340840949611,-0.03945742396681262,-0.0068728739641470415,-0.007042247017941761,-0.0008749106399680295,0.012592609034551616,-0.015358362918035384,-0.0035087687010102453,-0.014814800424667651,0.0011905034923782587,0.0,-0.008733653227407823,-0.0028168987598808926,-0.0022006677987806977,0.003816735542334193,-0.09556312798984423,0.0,-0.03645829937886369,-0.04237288067101819,0.08791942949536802,0.06666669783249457,-0.00021268500085491748,-0.06026785262879364,-0.03137251968706389,-0.06021509764855704,0.04797981196721568,-0.0701219576462474,0.09606988308952169,-0.005143291822428342,0.0,-0.015053800048545063,-0.04444447640178384,0.010204071702683226,0.013562787068905013,-0.019354871127326034,-0.0096153757981291,-0.00456620557167875,-0.01555871723388591,-0.009868356895955777,-0.03558715539817858,-0.0506477459474457,-0.023391859748531196,0.0008189783716043841,0.016087381520909272,0.0008213751858967555,0.009269979449036958,0.03030307408973054,-0.012592035575563876
2025-09-18,-0.03107106909156243,0.017981952785786515,0.005970143730110733,0.02730372792262581,-0.014598526172921567,0.02446480861549971,0.016611279891927566,0.0019436790901667944,0.014925317825102091,0.009971534451790331,0.02127657550770312,0.028448776732188374,0.03571432372745331,0.05756577451060663,-0.037300183637354434,0.0029222680088638597,0.07973422269008235,0.026315764707210976,0.023809572804273094,-0.10913934746678045,0.005841032080555086,0.015503861641813277,0.021324581182190938,-0.03883491549912932,0.020547892412475788,0.029224929351496565,-0.01403507480404087,0.04360460885284212,0.014897606480461567,0.024259584348966134,0.034856680279964136,0.00432900030777672,0.039794662533343406,0.0034602610774538967,0.03546104447461973,-0.0017513535577980965,0.0007315381845978131,-0.03986140208466726,0.01584509776547227,0.09022556458369202,0.06420927130209098,0.04166669918904331,0.07488994774792412,0.06779661359406175,0.02470219645449201,0.023574177080572856,0.056603717566302336,0.004115211620807857,-0.03243246552193535,0.0017698675886530513,0.02282546947135966,0.06341907841227612,0.005319148936170137,0.04513065451279363,0.016194316352106997,0.08695655020418891,-0.004819272401665575,0.08852458529432616,-0.003984059960658093,0.014032435678821287,0.03090916377016173,0.02401749680060994,0.22591364415670512,-0.1313131252316453,0.03395684331441107,0.04166667973786087,0.02022653777865946,0.11009174412262679,0.04166666095740945,-0.04983396348149205,0.01476013331733328,0.022332424581936294,0.029940163359560623,0.017371560638453465,0.04421220087814959,0.0016412435445531948,0.04592418103081575,0.0,0.04042349012662583
2025-09-19,-0.039240517942516484,-0.016682937156041966,-0.020771494249230527,0.0066444894008625965,-0.014814800424667651,0.029850789820280887,0.035947756722663815,0.018428668540283688,-0.01225479832472487,-0.025387912736515306,-0.02083331393077925,0.01722337820115527,-0.011494241848790776,-0.01088642250279892,0.005535006005332743,0.01631701814949893,-0.0400000352125901,-0.05128200425668883,-0.023255860695907793,0.04183267708065097,0.006387956721128019,0.061068737717347554,-0.03626381530718237,-0.030303061318608826,0.0,-0.019194986652934287,-0.039145870937996374,-0.005571025460913259,-0.018348611254917158,0.0009403675182171334,0.017902057145979366,0.008620681681899223,-0.03827165494039775,0.0,-0.05479454851034116,0.04210530806776713,-0.013888923348633675,-0.0036100398669653977,-0.017331006059468135,-0.05517244157552914,0.005586613608986157,0.04000002997262131,-0.040983739722358914,0.025132282891341173,0.011622990904009312,-0.017087703956820244,-0.014285700905079524,-0.0040983460594776755,-0.06145252326778905,0.05300356869656642,-0.062123023987382564,-0.008642993122994103,-0.0156614111844825,-0.059090959828746126,-0.023904359763948557,-0.048421056647049765,0.003631928830497344,-0.04216863533152282,0.0,-0.0029132571937989793,-0.014305301171292584,0.01705755282089849,0.13550135291234433,0.25581398250090825,-0.019621537018276403,0.016842089201274613,0.022204654581195138,0.0041322273338813,0.008275854176488462,0.006993103245535037,-0.010909080505371094,-0.010922348918424474,-0.011627895694091173,0.0004330529429654728,0.009440652240625624,-0.0032772669161685863,-0.0010976153221027296,-0.08823534774120145,-0.09898247983014186
2025-09-22,0.010540174189427098,-0.024950098660553977,0.057575775747238156,0.04101842889141394,0.007518789579387564,0.057971027512881745,0.03470028152946503,-0.0028571174258277265,-0.004962760515414555,0.024602037633562723,0.02127657550770312,-0.014879374632341125,-0.05813954777818142,0.029874222206260903,-0.005504538352495203,-0.016628552706385857,-0.02884612739438741,-0.01351350045186761,0.0,0.0822179401090708,-0.041546411801744454,0.0,0.0022804497375592536,-0.02083331393077925,-0.020134177499404382,0.0,-0.014814800424667651,-0.0028011178292021155,0.003738277838769122,0.01352738632359518,0.0011465165439732417,0.05982910685442233,0.04749677629922222,-0.013793231230939562,0.014492739851898806,-0.010101000370632551,0.013343243203025379,-0.012681229319734033,0.0,0.02189778925938235,-0.037777794731987835,0.0769230668462142,0.05555568913584241,0.11870968726373499,-0.021914881436894462,0.005291054491352032,-0.003623184962974757,0.004115211620807857,0.03571432372745331,0.04865771140887287,0.10289385261543194,-0.013949419676304475,0.11653412554808074,-0.14251206115862913,-0.020408143405366563,-0.01216810366608656,-0.0072376863561876,0.07232704850475935,0.02799997329711923,0.01460926597353418,0.0,0.03144656099941878,0.0859188851069419,0.9444442788759932,-0.02838892954770955,0.10973089403315783,0.011636897946862845,0.008230444599618192,-0.01504789799937778,-0.006944539364764579,-0.014705868173635728,-0.01963188403694216,-0.01176476445577379,0.004823452718296206,0.02309759473525297,0.006639399506007226,0.09230760040670538,0.0,-0.05672482382971722
2025-09-23,0.025206428419676685,0.03480032579153014,-0.020057287407311386,-0.0009058178366295744,-0.0074626792643007756,0.008219170029021727,0.02134144324798215,0.022922613657800017,-0.0024938160910696894,0.0,-0.0416666278615585,-0.02708335609899537,-0.012345667202249944,-0.03511450570624819,-0.03690042127066717,0.014577262751326536,0.03300334785326098,-0.027397315080268658,-0.04761900369272076,0.03975271864584973,0.024081854535332736,-0.2302157816806194,0.01592727042578801,0.15957450653536398,0.0273972334300725,-0.007575745214486229,0.015037579158775127,-0.028089861303337904,0.0037243551643941775,-0.0012761092139900176,-0.0035137513786328567,0.0,0.00980391240220757,0.0,-0.057142803620318094,0.03316321276003231,-0.001463076369195515,-0.03119265460244891,-0.029982376367984398,0.007142850452539706,0.03810622742732139,0.06632646606744141,0.00809708886037841,0.07497112027801967,0.0043505910910766055,0.03007515885668366,-0.050909129056063596,-0.0040983460594776755,0.0057471209243953325,-0.008000030517578138,-0.0927113256140022,0.008841682058823297,-0.0527633672706469,0.04225354855837682,-0.15000004967053537,0.08062702001669408,-0.01944105179969824,0.03225803294049734,-0.0038910469739347198,-0.0050396801649206235,0.0,-0.02642278707825596,0.030769200135568386,0.1285714253276382,-0.010664656831044783,0.0,-0.030674817461688986,-0.02857140076751319,0.0,-0.003496509140941906,-0.04104482491580841,0.0012515931374597056,-0.023809501846360326,-0.006646531300078418,0.02299174144424665,-0.0004096558188764199,-0.0321931296109651,0.0,-0.02231291686596515
2025-09-24,0.0055107740536550764,0.026706277639223064,0.005847947508874407,-0.07570263448429349,0.060150316635100065,0.10326083400242791,0.023880646090170154,-0.018674118445637267,0.05499991530342219,-0.0324858787502772,-0.021739174096029212,0.012312609126275076,0.03749996367842012,0.012658215432457043,0.022988576095677393,-0.005747127709838873,-0.02555915629380845,0.11267612018748085,0.0,-0.11809688099084892,0.03350968178450686,0.009345785021542818,0.025755781488367546,-0.06422022964083118,0.0066666920979818745,-0.007633575235546419,0.018518500530834592,0.0,0.012987014189177915,-0.02044365874901677,-0.02259374903785627,-0.004032254188043427,-0.015776713355815652,0.006993115578143749,0.0,-0.033744844467880286,0.0007326100490483434,-0.02367414208537677,-0.009090943769975102,0.0070921919858044635,-0.09121242666307972,0.05263164499129891,-0.03614454490187746,-0.0783261337059622,0.004331912178233921,0.0,0.03448281846945678,-0.004115140097933456,-0.005714280264718208,-0.02258062432137231,-0.01863752917946071,0.01752846730409896,-0.032526906257166144,-0.048648666064176505,-0.10294113865910581,-0.06321240215449364,0.06939286750851581,-0.08238635324557453,0.007812492724042164,0.05716351870106662,0.0,-0.01670144558312403,-0.10660980680164989,0.47679332025552035,0.01565265120328574,-0.001865714297152321,-0.005538025838386473,0.0168067058527952,-0.006944404891978451,0.02105266568365538,0.01945523486967371,0.007500052452087402,0.030487848757137836,-0.012019138231014193,-0.059978341031246996,-0.01270492961627201,-0.01351352557041774,0.06451614639885639,0.001391573521733136
2025-09-25,0.0,-0.016377656495151327,-0.01744184354113687,0.01863663950417549,-0.03546095992902232,-0.039408829967266135,-0.011661796231637989,0.027592764561136462,-0.009478638445821197,0.024817529731493426,-0.02222220161814692,0.011105287864400903,-0.0361445445698767,-0.02812504726461995,-0.016853960677187363,0.0,-0.0196721126942887,-0.037974721746286244,0.39999998509883894,-0.020231217324826023,-0.0722412095150875,-0.009259250061012025,-0.041484729139776855,0.02941173720662249,-0.04635766524870244,-0.002564098315921415,0.018181800842285156,0.02312136497804751,-0.0018314367274797627,-0.005395491772503869,-0.00815062815079537,-0.06477736193416728,-0.035758261071824116,0.0034721905708434697,-0.015151590409901994,0.020442911055977397,0.004392442346886849,0.051406349750949376,-0.03486230954729519,-0.042253482107650564,0.0048959561174413135,-0.07272731016490008,0.0,-0.01979046254646799,0.010351414329428765,0.0,-0.018518500530834592,-0.008264504357762048,0.0,-0.0016501241153628055,-0.014407351698339621,-0.009474561578818097,0.023534333437564836,-0.005681812794001595,0.010928951069668846,-0.007743329106150831,-0.04982622241872803,-0.049535629995625774,-0.019379827052266485,0.016427162057124578,0.039761391833571524,-0.021231402085489348,-0.06205250284309882,-0.15999998365129742,-0.026025021042398455,-0.009345741082053105,0.008751043199854314,-0.037190144525003244,-0.004195833483664813,-0.01718215784488064,-0.07633580839735754,-0.04342436268587335,-0.02958584013766763,-0.006173290997964487,-0.011666391401893295,-0.010792854597690527,-0.0031611942776323954,-0.060606075931405656,0.003057271032547826
2025-09-26,-0.005058977038722157,-0.001958908686478522,0.005917153919925866,0.006740461558155886,0.022058802260453536,-0.03589746191813492,-0.038348115167563646,0.018518500530834592,0.004784671393128104,0.04700853626818691,0.0,0.0010459492435797024,0.012499987892806708,0.03376206514960378,-0.036190487089611256,-0.002312027847264253,-0.03678926245651348,-0.013157882353605488,0.1071428609441738,-0.0029498262287254162,-0.019006712206809495,0.01869157004308586,-0.014806318833785581,-0.01904760174740394,0.00694447111936336,0.002570689817352756,-0.028571401810159047,-0.014124280467537442,0.0018347970421701554,0.013353236919010802,0.0010776532135599037,-0.00432900030777672,0.058823472022007106,0.0034602610774538967,0.03846159489197354,0.005843126141344301,0.0014576737088265457,-0.005535176466572311,0.0,0.014705868173635617,-0.01948841006926738,-0.034313693407726165,0.004166733711062243,0.02137770825947638,0.01899688637993946,-0.0043795231224605935,-0.05660380753557426,0.0,-0.011494241848790776,-0.003305781867105062,0.00996675193549934,-0.008695685345193604,0.019503198127595267,-0.011428560529436416,-0.11351353267059416,0.05239680037492045,-0.02317068107350706,-0.01302930381851053,-0.03952565445193934,0.004040369436969948,-0.024130057106491964,-0.010846028044850797,-0.08905855906001203,-0.06462586854508068,-0.0014927373833396596,0.0,0.003943157401986586,0.09012877468809122,0.02528094214451615,0.024475563986593007,0.041322273338813664,0.019455265191345328,0.030487848757137836,0.00801705115278395,0.027688630434789863,0.005035679161904616,0.003171219117359403,0.0,-0.005264578163083233
2025-09-29,0.06906775993302294,-0.003925413493640506,0.0029411735831661456,0.037302759078787995,0.007194237817389482,-0.037234070547677245,0.021472372223182212,-0.0027272484519265117,-0.009523774654114137,-0.03265303050778223,0.0,0.011494317017695987,0.03703700160674983,0.001555245590795007,0.025691722512057424,-0.005793743404718055,0.010416656318638529,-0.039999961853027344,0.33870964020521677,0.0019723376146161264,0.07875001430511475,0.05504581737815473,-0.020930209024365598,-0.019417457749564604,-0.03448275862068961,-0.007692356310381232,0.0,-0.002865326772473087,-0.0018314367274797627,0.0033530916348645246,0.005652076599903966,-0.008695644061371466,-0.024154567115350467,-0.013793231230939562,-0.00740740021233377,0.07551865834091864,0.0,-0.028756892040264215,-0.011406923385144818,0.02173910977784832,0.017391228115692492,-0.025380746598692716,0.12033186214235547,-0.0069767926692168025,-0.029325508940437506,-0.02859239981717976,-0.0319999694824219,-0.004166796413625051,-0.005813947847045586,0.024875557763047063,0.2690790235253262,-0.02105261220606125,-0.01590819407883093,0.05780348135222191,-0.13414636007878566,-0.021186421414757683,0.01747807561148851,-0.033003269167260596,-0.07818932181101179,-0.0254862694907092,0.0,-0.015350915030649892,0.03910617538763672,-0.08363637057217688,-0.006578000380043969,0.009433907943081188,-0.004713233943435147,-0.08661418579303093,0.0,0.017064873306180894,-0.05555550299414003,-0.030534382172842545,-0.01775153229781612,0.004634361802652531,0.07685771492266147,0.004592843779609224,0.005268724124423363,-0.032258034744817476,-0.016713154967022525
2025-09-30,-0.05984939580969939,0.008867010440432255,-0.032258102857967486,0.02166893968566308,-0.035714252262698754,-0.013812141960485746,0.009009000623754648,-0.0018231957408227917,0.04807697639215669,-0.012658249071424987,0.0,0.010847059806412096,-0.011904750923180218,0.054347810795459806,-0.03082848663739679,0.006410257130160302,-0.02061861836027834,-0.013888957875743513,-0.18072286647503655,0.018700840247159345,-0.014484356702479384,0.16521744448656506,-0.019002353474047218,0.0,-0.00714288439069477,0.0012919875868271369,0.029411736347271455,0.02586204415977944,0.007339371263885175,0.0129573566223109,0.001204286549550515,0.004385960784535126,0.0012376521010224462,0.017482617368844933,-0.022388126755056525,0.06250003219386668,0.0021835044310947183,-0.001910230330074203,-0.02307690191550993,0.028368852488815266,-0.008546971722914631,0.015625047536257375,-0.022222201173208833,-0.03629981510555358,-0.006042345007658101,0.0,0.024793364003288243,-0.004184085813573324,-0.029239807257405603,0.011326888932971846,-0.0031104909509215295,-0.00358422602149977,0.003887915808450826,-0.02459020504844167,-0.028168988071767043,0.0021645517596426966,-0.015337424030768432,0.023890761654579373,0.0937500166307601,0.01169997473200235,0.06828250794790902,0.017817462053743016,-0.002688169458695655,-0.06746034824628944,0.02422875371394806,0.013084144469005299,0.016574588546363955,-0.03017238588664739,-0.024657575407222243,-0.026845597633642693,0.01260502938959629,-0.009186311794686208,0.0,0.0008103517272743943,0.014880131907947458,0.014131393294529726,0.02515720881319039,-0.03333330154418945,0.045325844855502506
2025-10-01,-0.0193928793334186,-0.003906246362021082,0.02727277390556293,0.014440419540959093,0.007407400212333881,0.0,-0.023809501846360326,-0.013698595538180203,0.0229358040845693,0.04700853626818691,0.02272725117600638,0.019417530610168265,-0.012048181523292234,-0.005891010615280079,-0.04373762581556451,0.002895082711388275,0.017543927160695638,0.0,0.0,0.011594191414130428,0.021164056761169503,-0.0895522401337635,0.03874087474387111,0.0,-0.02877695176315176,-0.024516151424697763,-0.01071427567880967,-0.042016767438032065,0.012750456697713686,0.0068298468866179185,0.012162572384671222,0.008733616270600209,-0.007416615387517145,0.01718214275325569,-0.022900742519207262,-0.013798150162768752,0.0,-0.0038276786635913496,0.027559029249642375,0.04137926952167148,0.18103451819538985,-0.01538466146946782,-0.034090972939219144,-0.03280674594253852,-0.005210625393715529,0.0,0.05241930444456444,0.0,-0.012048181523292234,0.05599998474121093,-0.03172120215932106,0.0008993011676936558,-0.05136568257691887,0.050420187709555364,0.007246369925949514,0.04535637860828223,0.02554516304682375,-0.0366666316986084,-0.04489801280551031,-0.01496601073625603,-0.08112169855230345,0.004376363276862305,0.053908368093605,0.08085109146000846,0.024096377438693528,-0.009225127312000314,-0.00931676121838998,0.008888880411783928,0.0,-0.0034482810629349325,-0.020746966371011144,0.006622478494644701,0.006024090761646228,0.00018686013946278557,0.06863891185252724,0.007786887251980179,-0.027607312010358154,0.03448272460139301,-0.0035230640308797634
2025-10-02,-0.019776482686793218,0.014705938726424117,-0.02949856635888637,-0.010231296571167392,0.03676467043408915,0.019607891588331983,0.03353662636399224,0.008333347314669615,-0.024663745739716303,0.04081635301053255,0.022222267845531718,-0.062155470227866494,0.012195110427418276,0.02518519648799189,0.11642410591296914,-0.00808303140882749,-0.051724169115389795,0.0,0.0,0.1002865486108373,0.04145073566883428,-0.10655737064180126,-0.043123550873395144,0.0,-0.03703703703703709,-0.021163987666327322,0.025270734196678246,0.020467816281060536,0.0035971739490161525,0.006898516638659258,0.03182352998660187,-0.012987000923330161,0.01743466350912959,0.0033783475746635983,-0.015624985448084439,0.030927840843413268,0.0021786062765130065,-0.0009606672342608036,-0.007662828249186293,-0.006622510282393357,-0.03128260541830208,0.0625000038805108,-0.015686226920094803,0.017587982745204123,0.0008730843786950437,0.024150920364091943,0.11877402055862474,0.02100847577314613,-0.024390220854836775,-0.007575714336391148,0.030075157932454744,0.012578647069473758,-0.030081682388016784,-0.015999984741210893,0.014388475634778741,-0.08057858079079305,0.01822607297057388,0.006920408373887188,0.0,0.022099502082577382,-0.02594812544947378,0.16121998834813644,0.10741683597332607,-0.027559029249642264,-0.020659897777054903,-0.03165737056179585,-0.01175553052617262,0.008810564358837869,0.002808986130333757,-0.00692050978042158,0.004237284282951448,-0.039473647060816464,-0.03592811037210075,0.006414206167627334,0.061316209498948115,-0.0020332855622858803,0.004206094730844212,0.0,-0.013054107594795528
2025-10-03,-0.003947375245592077,-0.050241588270340753,-0.006079021628696002,0.015730354223358445,0.0,-0.06318681660574876,-0.011799468741531816,0.011937567524561876,0.034482796714068176,-0.024836608477366684,-0.021739174096029212,0.03046507910552987,0.036144616382703276,0.0072253921020883904,-0.009310933885150252,0.0040745056957041115,0.02545452117919922,-0.014084494035883521,0.0735294285220669,0.1189235964514046,0.004975132771074975,0.045871514481795606,0.008526119145889854,0.009900980750178201,0.0076923370361328125,0.006756745831162592,-0.024647864562796107,-0.020057287407311386,0.007168471921167541,0.002283809130532166,0.0075506011248231975,0.07017547712211614,0.06487144773829767,0.003366972770370902,-0.023809501283202916,-0.00714288439069477,0.0072463279265908564,0.028846220090428698,0.0019305461801615298,-0.026666641235351562,-0.07319701915694576,-0.014705868603311245,-0.027888385730256315,-0.06790125491760368,0.012429067644505354,-0.020633731707303316,-0.04109593179530491,0.004115211620807857,0.0,-0.036641258162833146,0.03180399377715082,0.0479148127701301,-0.06136465430256277,-0.018970235928425838,-0.014184383971608927,0.03033713138610894,0.04057281001726731,0.024054959167747025,0.029914604371353848,0.016891865818441598,-0.032786950921536606,-0.015009366763823362,0.08545032149617193,-0.10121457372640807,0.04219157871794654,-0.028846081544659063,-0.0007929639555719348,0.1572053010966421,0.046218477573793715,0.02090595697598463,0.10970474322217183,0.05753419020315231,0.024844696582373427,-0.0003711746397925264,-0.03740995464433805,-0.00040756414562759247,-0.005235621961910741,0.03333330154418945,-0.004133412016937288
2025-10-06,0.026420097122767494,0.012207516428325738,-0.006116202153874872,0.023451273024377217,-0.014184383971608927,0.10263926563723436,0.029850789820280887,0.022686024465985666,0.0,0.018766738038833886,-0.02222220161814692,0.013485488569610293,-0.011627895694091173,-0.004304122507063468,-0.05075187447638663,-0.007536232725998682,-0.02127657595741339,0.0,0.2191780307409723,0.13110935107606503,0.058305800228210414,-0.05263152941442195,0.007246485979830686,-0.01960782480441492,0.0763358756397079,-0.02953021815819923,-0.028880839081918075,-0.0029239737544372035,0.010676131624586471,0.0086585260383778,0.021719789299641468,0.02459013990675496,-0.00919539373102718,-0.01006710525275789,0.0,-0.006474762689460456,0.0,-0.009345754100187675,-0.011560682489023755,0.03424654178759057,0.09523817435493243,0.32338313355793713,0.004098321565372043,0.03973506043958186,-0.007538228771580724,-0.003009778929107698,-0.017857126131349377,0.0,0.0,0.006339138227536623,0.02728645695791876,-0.0008467594010602708,0.014396993762785248,0.013812207821973788,0.043165512666415884,0.1384950374616165,-0.020642236199966635,-0.006711402952518042,-0.03734446032472605,-0.049833875177580866,0.03813565957138998,-0.02095240638369611,0.05106388461595435,-0.1891892211176569,-0.01799267346469957,0.11881185781604064,-0.01825400705930902,0.10943394393078987,-0.057563566320741666,0.023890822628653163,-0.01520920096237699,-0.0077720135246339694,0.006060600368335001,0.005632878995871282,0.03719987254721846,0.004891978557719945,0.012631566900956015,0.06451614639885639,-0.012174837690645202
2025-10-07,-0.05619903457554287,0.01909553142711573,0.2646154256967397,-0.02248156373896748,0.028776951269557483,-0.12500000792614963,-0.002898547920302419,0.002661910537059997,-0.015555657597836947,-0.03289473725487979,0.0,0.006141193769822584,0.02352938866532872,-0.044668579282937215,-0.015841662875575313,0.008177571013985752,-0.018115924814873563,-0.014285700905079524,-0.07865167862085831,0.014403294872829653,-0.07640329162379511,-0.27777783296726144,-0.007194352207425481,-0.009999990463256836,-0.05673760064476496,-0.04149377620830019,0.026022279462375897,-0.02346045751055914,-0.0035211771761030075,-0.006777049513721489,-0.016285494135116485,-0.019999980926513672,-0.010440853107047676,-0.023728764784474055,-0.040650464024575284,-0.026068110022660962,0.006474762824817848,-0.009434013802725683,-0.019493158362914875,-0.07947020233527058,-0.03711562779882671,0.09774435416307958,0.012244886029364244,0.019108292635635626,-0.0017360655740443764,0.0,0.03272724151611328,-0.016393384237910813,-0.012499987892806708,0.015748016714081325,0.01180520275547603,-0.008474608462146094,0.011866034007964377,-0.010899171940459529,-0.01379317205385755,-0.0210727320112033,0.0819671911465969,0.04054050135560283,-0.047413749250445836,0.0076922529615508495,0.0,-0.029182898689449233,-0.06072878284614058,0.12777779175911452,-0.01574575528930211,-0.05132742601027651,-0.007275679338765273,0.020408143405366452,0.019886344779005638,0.006666595927824037,-0.0579150046022151,0.026109698444689133,-0.024096363046584468,-0.007509483248101079,0.0021771794283820256,-0.0012170018273391925,-0.012474000726259704,0.12121215186281131,-0.024089652436207754
2025-10-08,0.045454545454545414,0.022682399847036017,0.08029194963161146,0.008403300379478784,0.04895108742634546,0.07598784282635451,-0.014534869617614077,0.0,0.01580145969438873,0.0027210858756485656,0.0,0.00788406347144055,0.0,0.001508258200915824,-0.0321931296109651,-0.006373229399524116,-0.011070099987999904,0.014492739851898806,-0.08536584568052041,-0.02974980267195171,-0.011254966673457378,-0.1410255881221082,-0.007246252410580634,0.010101000370632551,0.022556404994930057,0.02020205717682977,-0.007246369925949403,0.021021073052599926,-0.02614963185952257,0.021606886662081104,0.01908255009025983,0.028571400767513078,0.04337630681615545,0.010416656905026578,0.016949238156632296,-0.027509285561789,0.020729148644032414,0.003809451342912773,-0.013916534541068004,0.09352517738814159,0.08480181324157887,0.017123270893795395,-0.03629028765182307,0.05750000476837158,0.0013042926348343364,0.00754719860148878,0.08098592465653653,0.016666606319244215,0.018987323148685453,0.021705480226782203,0.09965975570359364,-0.04786320299756963,-0.03196144287651148,-0.05509643013179888,-0.06293700522411805,-0.04403129134124395,-0.0216450015388836,0.0,0.013574647453366007,0.023594747009632933,0.0,0.0020040539760575182,0.10991384559416328,0.39408865201539456,0.010325757161350424,0.033582056689353434,0.01058632876773391,-0.05666669209798181,0.009749327762529347,-0.006622446751279765,0.00819671330225158,0.0,0.0,0.01345815474933132,0.06551570337199886,0.005280178720482365,0.05789475691945922,0.891891867510153,0.030711816594086283
2025-10-09,-0.022173922994862427,-0.020250727142187563,0.10810811101069606,0.21184210900564726,-0.11999996503194177,0.12429380281409363,-0.0058997695357470015,-0.004424795565566408,0.017777711331641077,0.008141104981169045,0.0,0.00580367237035917,-0.022988483697581663,-0.015060226904115348,-0.0020789505537704978,-0.0052478145904775175,0.059701434114406204,0.0,-0.039999961853027344,0.021602749665615928,-0.035287361562527764,-0.0298508060193573,-0.020681299696508115,0.0,0.0,-0.03536068917077795,0.007299263086460783,-0.020588285205272117,-0.02222216388841347,-0.012912517888758357,0.0031001984361633816,0.09126984952949235,-0.04044940136038966,-0.01030926878910865,-0.050000049670535285,-0.02675843910636344,-0.005602244130173073,-0.008538900579301623,-0.014112937726413533,-0.04605258823761926,0.08527910318600784,-0.010101000370632551,-0.008368335154583684,0.05082745901145014,0.002388158038783894,-0.0037453325322945874,0.061889270798701546,-0.01229496694868426,-0.024844696582373316,0.019726803428480766,0.12953131251636352,0.010771982213717779,0.02826609226928456,0.04373173586864265,0.007462679264300887,0.023541405471845245,-0.0011062200137206268,-0.0162337511541627,0.0,-0.010847451803473795,0.0,0.1279999732971191,0.1553397473948257,-0.09187279062635845,-0.025910508422754774,-0.019855619904663557,-0.023368248623588994,0.01060069688994325,0.0,0.01666661131757219,0.012195110131936637,0.0012722330629537648,-0.006172833601124972,-0.0047120737130440515,-0.01566690681643279,-0.01979792828705107,-0.029850764680724562,-0.1428571428571429,-0.023948777889330475
2025-10-10,-0.021787451138502223,-0.003937004178520276,-0.11991872834122308,-0.04596448023850763,0.015151500099837678,0.1256281401014656,-0.06231448274769147,-0.01066665649414067,0.058952010883467576,-0.021534300283811203,-0.045454570084564105,0.01655794875328498,-0.07058823611909537,-0.056574906378783374,-0.006250043461718424,-0.0111370525071528,-0.06338022316147573,-0.07142858967489152,-0.02777783296726144,-0.10504774746807921,-0.09616525042754986,0.07692309808448994,-0.0422360967682921,-0.029999971389770508,-0.02941180595477033,-0.01906155280959454,-0.028985479703797723,-0.03603600249501826,0.0037878994770335073,-0.03225261361065013,-0.05699098337416364,-0.0036363601684570312,-0.04566748771250939,-0.010416742097522746,-0.061403450983492314,-0.009426542802373206,-0.0035211714874709976,0.0028708764025060507,-0.006134914885540077,-0.04137935173497198,-0.0720298909555005,-0.04081636790548637,0.016877802409921427,-0.07536558497404111,-0.01017974350844697,-0.09774437384147394,-0.08282208028109406,0.004149362332210416,-0.025477757787232713,0.011904821881092875,-0.04148726017982973,-0.013321542553777155,-0.021021017051670032,0.04469276235767472,-0.13333338042836052,-0.1149999618530273,-0.038759627701588806,-0.07260727085397367,-0.06250004656612851,-0.017134998241803534,0.022449006402755156,-0.1294326305593274,-0.12773105485839376,-0.06225675158295563,-0.0518692862688257,-0.012891288588794625,-0.014026409067585899,-0.08041950667526199,-0.015172432208883313,-0.039344245316052184,-0.056224941513241755,-0.03430749489869056,-0.05590064135337636,-0.030865809342495942,-0.0921182194309601,-0.05193736637216595,-0.03589747502253604,0.1333333651224773,-0.019115497390279068
2025-10-13,0.0,-0.04743078534232714,0.04387992160929133,-0.06714720852732425,-0.0597015230765604,0.031249970064631594,0.27531648745160053,0.00628928069222523,0.022680476723396126,-0.0013754817153938115,0.0,0.03751235045883217,0.025316430864913864,-0.0032414879544907516,-0.09014671489686277,0.010669715080532605,0.02255636873816247,0.06153849680748347,-0.028571401810159047,0.17225611650876393,0.0528720288562432,0.028571486959652947,0.04928671360245218,0.010309268214748757,0.0,0.007473757712427975,0.014925358528601551,-0.0031152617895386925,-0.0037736054389646556,0.03437623800403,0.06738331767047012,-0.05474456016253537,-0.017177840024694913,0.0,-0.018691681453631315,0.021411614997205897,0.0028268911585223044,-0.02480920373694606,0.016460889199236384,-0.014388475634778741,-0.11995973033320728,0.23758868516124165,0.0,0.025547449066309902,0.005251671916850498,0.04749997456868482,-0.033444784051375964,0.0,0.01960782480441492,-0.032352979537936366,0.04164967200067471,0.011701180779315923,0.007078792579036763,-0.09893051418026366,0.0,0.04971746456695958,0.020737251748036645,0.049822102403921154,0.07142862008542661,0.014644326398670193,0.0,0.024439993100913826,0.048169556309001216,-0.06224070125529846,0.027431334264018004,-0.035447770986505756,0.0008368392503306232,0.11026614039318217,-0.0602240667198044,-0.006825949322472269,-0.00851063052687262,0.01447370195983222,-0.04605258823761926,0.024362520060794424,-0.01921227782869339,0.043478290001557784,0.04042554573000423,-0.014705938038939936,0.02966842426045302
2025-10-14,0.02999999306418677,-0.01141085128982966,-0.04203541106686304,0.014640122330933591,0.0,0.015151552682972858,-0.0471464728901525,-0.005357095264657774,0.012096728485864183,-0.001377441951317393,0.0,0.018553728884643794,-0.012345667202249944,0.03252029368516429,0.02534554212207918,0.0,-0.022058802260453536,-0.014492739851898917,0.029411736347271455,-0.0078023332032624015,-0.03037810557583187,0.0,-0.00741661500095081,-0.010204071702683226,0.015151500920837613,0.038575749415703964,-0.014705868173635728,0.028124972758815092,0.009469609829782843,0.010477105971615996,-0.006386596103667541,0.003861000306814244,0.026217232477693475,0.014035133029438152,-0.01904760174740394,-0.003882002351754954,-0.012684877309766085,-0.04109583120970206,0.03441297051109693,0.029197052345843133,-0.016036586138534203,0.18051572329536003,-0.020747008175684645,0.007117374112732167,-0.004571195977260412,-0.012728707342609558,0.04498265443026672,0.008264360720927622,-0.01923075159625831,-0.009118532443044058,0.07722459018734562,-0.009786446522881298,0.0,0.06528190981636528,0.0,-0.11517757795671635,0.024830730875142537,0.04406775387153372,-0.008888880411783817,0.0295532650128687,0.0019959584007662734,0.059642087750357176,0.03676467043408915,0.2345132626664881,0.02503036364852651,-0.03481630609661657,0.010033435215412778,0.054794466860145,0.04023844700321,0.02749145255180907,0.04291851773629629,-0.033722467911209586,0.06206890428250733,0.005636018880483595,-0.07162094089451665,-0.01750003371117681,-0.005112494079759333,-0.22388060338833382,0.03587560983967708
2025-10-15,0.009267475429628913,0.01573982963353382,0.03233253324535146,-0.0641282698414325,0.0,-0.06183367981127419,0.06770833236320573,0.002692974151403238,0.005976121170071069,0.012413814150053826,0.0,0.024287737574483215,0.0625000139698384,0.012598413371265105,-0.049438157218254064,-0.002932438953016203,0.0338345531072437,-0.014705868173635728,-0.028571401810159047,-0.038663181109999445,-0.0313299689281451,0.0,0.0024907175358206413,-0.03092786609233189,0.0,-0.0028571381685379427,-0.04104482491580841,0.0030395108143479455,-0.009380777526704964,0.005128480807600644,0.009270704398690155,0.023076993614966845,-0.014598525749495717,0.0,0.009708728874782357,-0.010132510928602234,0.013561635586245568,0.020408175528998207,0.05675145876240517,0.014184383971608927,0.17578582096147244,-0.0946601643977164,-0.03813555878175401,0.024734987492150973,0.004810867383691075,0.033037860793979634,-0.029801296270770217,-0.0040983460594776755,-0.00653594160147164,0.016871186171195873,0.015647755179721834,-0.0026953937702360875,0.0074976497782595075,0.002785512730456574,-0.017094001418896276,0.019464700999327622,0.09581496617502028,0.012987000923330161,-0.00448430061781413,-0.014018667934681539,-0.007968119921316186,-0.03189494910456603,-0.04255315191482678,0.5376344159530915,-0.00976758969506697,0.012024132739239413,-0.004966843238520147,-0.0162337511541627,0.03151859449720362,0.0033444867696383884,0.004115222299809096,0.08859058581334533,-0.012987000923330161,0.009669276097464152,0.09428987674045874,0.016115356358562094,0.013360752369679929,-0.07692300638503313,0.025906757850453932
2025-10-16,0.0,0.018594973742430687,-0.015659887720311794,-0.04325482708271644,-0.007936500427734305,-0.09090911061310525,-0.05365848666071282,-0.0017905512647325983,-0.013861381616253055,-0.012261600915111526,-0.04761900369272076,-0.046055641350969845,0.0,0.0,0.03073288743610747,-0.00411764752560817,-0.021818161010742188,-0.014925358528601551,-0.10294116486933824,-0.12338107772348128,-0.0382838243109026,0.04166662527455389,0.0024844091538689383,0.01063828775385156,-0.022388003403051693,0.002865324797381774,-0.03891046973934731,-0.024242401473340114,-0.02462120773791665,-0.014918764781925664,-0.03233312113058184,0.0,-0.06172845102341018,-0.013840874514385093,0.009615375798129211,0.023622062617355555,-0.0014084003022908353,0.00499988025649456,-0.040740789471011896,-0.041958003482745365,-0.012871297973357176,-0.12868633153324116,0.0,-0.058620717248603516,-0.029162183962553767,0.01014041478436245,-0.10238905989115255,-0.012345634862423238,0.03947372548798156,-0.057315250057572875,-0.048369773874968436,-0.02882888626136826,-0.04000002838844474,-0.02777775202268362,0.05217396802848251,-0.06921240045170929,0.01507543468140704,0.02243595327851544,-0.04054050135560294,-0.012186890830922503,0.0120481812348876,-0.0426356195149864,-0.040740789471011896,-0.023310001287126902,-0.03347788627356718,-0.05346534073837805,0.0033277837212719596,-0.04950490375089078,-0.006944404891978451,0.01666661131757219,-0.090163944037298,-0.0012329563046635794,0.026315764707210976,-0.013602499694463366,-0.01795619948043259,-0.001669398748722739,0.007099457498574102,-0.041666724615624595,-0.013290803141842389
2025-10-17,0.0,-0.011156152181278634,-0.06818186005284876,-0.052820067015043826,0.007999992370605558,-0.07499998807907104,0.01804121937581038,0.0,0.0020079763238467496,0.022068944470635676,-0.05000002607703169,-0.05592734569918867,0.0,-0.05443233498856892,0.03211006013725681,-0.001772002564378039,-0.02230481096775072,-0.030303090509739783,0.01639342660450316,-0.08709175081334852,-0.015785830271364487,-0.026666641235351562,-0.004956624146653543,-0.052631592156154094,0.0,0.04285714090355741,-0.008097158176053498,-0.024844696582373316,0.015533970446286016,-0.01294892386102875,-0.015820781751717083,0.0526315270557125,-0.06842105098048068,0.0,0.0,-0.0038461685180664062,0.0,0.0019901585886261675,-0.05212355016874792,-0.036496315432303805,-0.13039118915914338,0.14615381681002093,-0.01762109127625011,-0.05616600547961026,0.0035867183735791563,-0.01081076383864299,-0.06844108704362784,-0.00833344799343616,-0.037974721746286244,-0.03040000915527341,0.03463855778587832,0.01298704515683391,0.028343072147312354,0.0714285714285714,-0.03305791719112183,-0.03974364256874374,-0.05643570564059619,-0.05956114539571877,0.01408449285348734,-0.008224807050680516,0.0,-0.05060728686320404,-0.07722000613628688,0.05489260523448847,-0.007422231964273607,-0.03556486795651448,-0.0008292063460934029,-0.059027801923176915,0.0,-0.013114695324796033,0.049549501656847905,-0.016049454957493214,-0.012820501064172207,-0.005132649433023051,-0.02515640540070141,-0.007943226062910758,-0.05236661045142499,-0.08695654427396826,0.01616385522853503
2025-10-20,0.0,0.009230784880809306,0.046341478448762574,-0.014650258420502604,0.0,0.0864864673294059,0.1645569238233333,0.006278085281922419,0.03807615558544564,0.0026990528121939583,0.05263160784158716,0.008101258096815611,0.04705877733065722,0.02302629411880952,-0.037777794731987835,0.0,0.026615943040625423,0.06250003492459744,-0.06451616314521791,-0.014480415639544275,0.03138073950326481,0.12328763208552229,0.009962629302270987,-0.011111100809073515,-0.022900777251825155,0.013698607683035213,0.012244886043219827,0.03821652278662713,0.0038240192258931494,0.019735291527107846,0.015817845855819135,0.024999976583889083,0.060734507035233865,0.007017566514719187,0.01904771528006588,0.025482619966523457,-0.003526137700874732,-0.01688187144283937,0.01629326399026665,0.045454500299513256,-0.042675880311784375,-0.03624160910591301,0.0269058028539364,0.05821478460439011,0.01161491642329393,0.014832129130327276,0.0326530294485865,0.012605216909717276,-0.0065789411768027994,0.016501634583630187,0.0,0.007326000288198298,-0.006360434697551098,0.013333320617675781,0.08547010898276675,0.06008014684293039,0.03147955919630774,0.03333330154418945,0.01851850012202405,0.028680053406863193,-0.025793673695410413,0.021321941026122948,0.06694553991181706,-0.10633484626640832,0.02461433465596774,0.00867678106172498,0.007468892212723066,0.09594095453999985,-0.006993033575937835,0.013288976198822189,0.030042993113079675,-0.020075263691852863,0.025974079255291826,0.014855735595185493,-0.044687851745425666,0.004635505260575545,-0.01381510271508346,-0.07142850655276467,-0.011664963604633982
2025-10-21,-0.016178435752335574,-0.02947154038171007,-0.025641056991266398,-0.005275808553429351,-0.01587300085546861,-0.004975119657066318,-0.0891304034591841,0.01782529451918613,-0.011583061370706527,-0.004037649214576056,0.024999975785613415,-0.038171784766769856,0.2471910473554222,-0.008038539482999596,0.04618944333170205,-0.015976447215542144,-0.025925900743168362,0.0,0.06896555622182587,-0.055315419751889694,-0.03042595067111531,0.012195110427418276,-0.007398206180769473,0.022471956014182393,0.015624984866008385,0.0,-0.004032254188043427,0.01226992698467555,-0.0019047259044677745,-0.0034679221468889576,-0.022154703726136926,0.010453035193241922,-0.0386152369975844,0.0034843744723704884,-0.018691681453631315,0.019578330881763195,0.0007077230691709957,-0.09393937020543874,0.09819644698010133,-0.02173910977784832,0.024096362008327654,-0.23398326859394336,0.021833965549628465,-0.020782404639567043,0.0037534999959629722,-0.014615352337177034,-0.003952565445193956,-0.02074695589388731,0.013245020564786714,-0.0048700866419331135,-0.004366773430994009,0.0009091117165305196,-0.005215770960440902,0.02631582744894323,-0.015748016714081325,-0.03778339906459449,-0.012207516428325738,-0.032258034744817476,-0.004545450112051319,0.0023513671448545104,-0.008146631995133324,-0.014613814659467539,-0.04901960875977929,-0.11898734757885332,0.032993855999665866,-0.0021505868122021488,-0.013179637278546652,-0.02020200074126499,0.004225381719903387,0.016393468744535067,-0.004166662527455345,-0.053777218869539345,0.0,-0.0025723665604123758,0.015021734073224158,-0.004194585251101057,0.03232760769043819,-0.025641061693801315,0.03809018321189339
2025-10-22,0.0,-0.02198953235107881,-0.03349279240072123,-0.047251666010191706,-0.008064508376086854,-0.047500014305114746,-0.02147974972763944,-0.007880923991823496,-0.011718707104404591,-0.008108100271120633,-0.024390220854836775,0.005221952138994457,0.25225222322637264,-0.0032414879544907516,-0.055187635413062486,0.007215992481433897,0.0038022775772321715,-0.04411769217479555,-0.0483871463930442,-0.0860018762865441,-0.06276154551101376,-0.09638552399916434,0.012422225951321808,-0.010989065691980104,-0.015384600712702867,-0.001351349166232474,-0.04858304558206039,-0.021212101289172614,0.0,-0.03682082074400472,-0.0362505890704673,-0.031034534354554055,-0.0110803221649306,0.0,0.00952380087370197,0.0007385693434276419,0.0007071539689744721,0.04793745159499352,-0.09306573487349412,-0.02222220063700142,-0.11176468344295731,-0.06181820956143469,-0.021367429822989115,-0.053682932944910444,-0.0006598506094156464,-0.047619093705682736,-0.03174600171093711,-0.016949091380146664,-0.01307188320294328,0.05872751222780037,-0.025950328069534567,-0.007266114626973019,-0.010486144811947984,0.0,0.007999992370605558,-0.03010471506451562,-0.026776542519092894,-0.05000003178914392,-0.00456620557167875,-0.002680963595173891,0.0,-0.04025415017562661,-0.09896907804369337,-0.020114923235383997,-0.028407421781302955,-0.0021551190371589257,-0.0016694077507136695,-0.10652926874729884,-0.012622742095839024,0.02903230357886133,0.008368192488977133,0.08389720887655283,-0.031645614030057834,-0.016948147215278042,-0.06439048634394817,-0.0071609371325709326,-0.028183664534404795,-0.026315764707210976,0.007493563560987404
2025-10-23,-0.0031110975477430802,0.016059916068493107,0.03465343262562359,0.006578904820891074,-0.008130073421291018,-0.013123347261734364,-0.002438963970067154,0.0,-0.011857663590969736,0.054495859702297755,0.0,0.03064935857599438,-0.08633093957075222,0.013008117474065717,0.01168217557165585,0.0,0.018939375124797264,0.0,0.06779664955205078,0.015015072636763493,0.005208381747325852,-0.026666641235351562,0.03190192696513705,-0.011111100809073515,-0.007812529685906622,0.008119066691399057,0.05106388461595435,0.018575833568184263,-0.0019083608087352433,0.028962710046204876,0.044868299682279345,0.17793594668383506,-0.008403353487606458,0.006944466334183108,0.03773592756753197,0.0036900509248001256,0.0,-0.007446693875914456,0.014084542176344472,0.022727250149756628,0.060927155831263624,0.015503861641813277,0.03493438955110961,0.040897090488092536,-0.0026414841114426046,0.0,0.06147534976688718,0.017241316020898845,0.006622510282393357,-0.06625575400668127,0.018011240116587945,0.0,0.026493219219495767,-0.03846156197421824,0.0,0.06072878480010413,0.02275133935739304,0.007017537402020491,0.0,0.02822575781179193,-0.027720688956274886,0.04635751690587653,0.07322658582185237,0.04985332363531403,0.026814067350179993,0.004319650201332292,0.008361235882171414,-0.030769202554013275,0.008522719191002448,-0.009404403042188259,0.016597493953715015,0.00998750579526786,0.0653594939292863,0.016803015662905763,0.02539200553356058,0.0033941244680666394,0.016111666140660397,0.3243243330320882,0.0002564329598047088
2025-10-24,0.008916578371364059,0.011591213172242432,-0.009569369257348859,0.053795863632911445,0.04098356651125812,0.058510646055380366,-0.014669912112735939,-0.008826159059409422,0.034000016723068516,0.03359176183079837,0.024999975785613415,0.039818498089863485,-0.047244050142243865,0.011235982575773296,0.0,0.0,0.01486987397850048,0.07692309808448994,-0.01587300085546861,0.09960544783143033,0.030347878642933424,-0.01369861671503625,-0.021403183158371086,0.03370790053551764,0.00787404590327423,0.0026845594466156086,0.0,-0.012158043257392115,-0.0019121030731876765,0.031715413787370084,0.03497044565944529,-0.045317178109342104,-0.0014123943718128418,0.01034481766700468,-0.009090900224102638,0.013235246062692552,0.031802182863288175,0.02250800509750972,0.029761923909277677,0.037037001061669184,-0.01997507112076613,-0.007633580839735754,0.0084389551597146,0.010139407485400653,-0.0008827417239246627,0.015573814510498885,-0.03088800245451473,0.00423727284503661,-0.0065789411768027994,0.003300326916725993,0.004423178877459577,0.008234231479872234,0.0640544254024833,-0.01066665649414067,0.04761909717695367,-0.006361347313680876,-0.017071905070281335,-0.02090590424112604,-0.0045871514481795606,-0.005882396856046634,-0.009503711726517983,0.059071777073587795,0.027718574169477206,-0.14804468790074965,0.011507801613226398,0.01935476858170282,0.025704764109140577,0.019841251069335764,0.018309875519307628,0.018987294076248995,0.020408143405366452,0.00123612221176983,-0.012269926984675661,0.011856525152626585,0.03721244848739258,0.00549690744993625,0.034883712724666616,-0.06122452752980356,0.026923057360526803
2025-10-27,-0.005744549959682765,-0.030208328159319286,0.0458937351081965,0.03912221555297268,-0.023622025071121988,-0.042713586803831194,0.07940438664131899,0.002671477103153519,-0.013539740292188074,-0.019999980926513672,-0.024390220854836775,0.001938968354560977,0.057851182674339086,-0.025396876096063115,-0.041570399886880605,0.0,0.018315000720495744,0.0,-0.032258033504347416,0.028699610712696666,0.028017265889741738,-0.02777783296726144,0.001215124362256459,0.0,0.015624984866008385,-0.009370801589225874,-0.008097158176053498,0.00923076042762161,-0.026819884265584237,-0.0007685095847593804,0.016024856093507456,0.003164553858114205,-0.0070721625913502395,0.0,-0.04587162384811294,-0.16908562908975244,0.011406857996925979,0.0010482752944382945,-0.02119463050127901,-0.014285700905079524,-0.07388534149710957,-0.0692307057465299,-0.008368335154583684,-0.0037640820277198284,-0.013253930038792161,0.008878099566520747,0.02788841972460654,-0.004219394120905662,-0.02649004112957354,0.026315764707210976,0.01651378946566795,-0.006352145697890554,-0.01984559518111606,0.032344982297902725,0.03787875024959453,0.04225357272227681,-0.014736878244500429,-0.024911008778724986,0.0,-0.014464129682852045,-0.05759064252332058,0.003984059960657982,0.014522757745066839,-0.04918028173572164,-0.029025640820199983,-0.008438810925003759,-0.012934506781919652,-0.06614779855689035,-0.023513150186095122,-0.031055874372558967,0.003999996185302779,-0.03580252160896391,-0.03105594477100304,0.008803343903238225,0.03509451739676095,0.015979737165430885,0.007150122073235288,-0.15217387473425403,-0.02397001505019547
2025-10-28,0.01688885158962683,0.005370487089903397,-0.020785255005468795,-0.035353555256580016,-0.008064508376086854,0.05511812107634029,-0.02758618119308165,0.01154530300163481,-0.015686216866216518,-0.00765305377701242,0.0,0.018384090922303198,0.08593751309672393,0.0016287018077021376,0.03132532806108479,0.013134214815406331,0.028776951269557483,-0.028571401810159047,-0.033333399560713795,-0.03487363233586094,-0.03983232926514502,0.0,0.02184475447417422,-0.010869554654186486,0.030769201425405734,0.0,0.004081628681073202,0.05487806961197439,-0.007874058933338923,-0.004834394817963328,-0.007947200374165853,-0.02839121464410499,-0.03988606988164045,-0.006825960001373366,0.009615375798129211,0.1353711979523904,0.025290497583151827,-0.002094355128138159,-0.003937004178520276,-0.028985479703797723,0.05502064599956902,-0.00826445466776271,-0.0042193696703494155,-0.01259444633651241,-0.002462298398510754,0.0,-0.031007723283626443,-0.004237346489349814,0.006802714468455484,-0.012820501064172207,-0.009386289592803854,0.007305929232835684,-0.015748048389755853,-0.07310704359462017,-0.05109492861930498,-0.02948405870181503,0.1089744118778917,-0.007299263086460783,-0.004608290374042534,-0.03202133064907298,-0.004502329326731669,0.013888923053809066,-0.006134914885540077,0.0034482724601392345,0.015172031558669197,0.0,0.021294039972934664,-0.004166662527455345,0.0,0.00641026639530029,-0.007968119921316186,0.008962890163154658,-0.03846150319251662,-0.005897946298400902,-0.04865128761183979,0.008278215131853894,-0.008113582808481956,0.10256412450927033,-0.011511915098052605
2025-10-29,-0.016171282581129653,-0.012820501064172207,-0.01886790755296608,-0.027129923303887304,-0.008130073421291018,0.09203977296383115,-0.016548503864241004,0.0008778994649794036,-0.005976121170071069,0.0038560067046489177,0.12499995343387194,-0.024227949644544555,0.10791365302292033,-0.004878082820022667,0.01635506808242737,0.000589388887759501,-0.01748250145114394,-0.014705868173635728,-0.068965453455194,0.028003652047220884,-0.009461434978636718,-0.014285700905079524,0.010688766407738193,0.0769230668462142,-0.022388003403051693,-0.022973000505470464,0.012195110131936637,0.0375722180893272,-0.02182537200222634,0.024620518156990956,0.021074674603593913,-0.012987000923330161,0.020771564996585834,0.0,0.02857151615376763,0.03307694655198312,0.06733333491329807,-0.019936895352695827,-0.033596853402445226,-0.0074626792643007756,0.009126426874566773,-0.033333399560713795,0.004237248186834686,-0.010204071702683226,-0.011445405131596642,-0.007200012207031259,0.007999992370605558,-0.008510608085366078,-0.04054058190241916,-0.021103837796095704,0.006195337936781176,0.019945627593369597,0.005714285714285783,0.0,0.0076923006385032355,0.025316491606066638,-0.003853560829674585,-0.029411736347271344,0.06018512539657794,0.0006892291132123418,-0.013636350336153957,-0.02152644435231188,-0.026748994006078552,0.10652918681651813,-0.027227048201108883,0.008510630526872509,-0.02165200096086317,-0.04602515844609745,0.053824379252234156,-0.019108309829529824,0.0120481812348876,-0.015228411651818319,0.0,-0.0021793770202148677,0.04266022056307728,-0.0032841312013973667,-0.062372154737465046,-0.06976748312273762,-0.026138673330408424
2025-10-30,0.00044425716482243693,-0.006493448855910744,-0.024038439495322916,-0.033268115822343014,-0.01639342660450327,-0.018223217799343217,-0.04567303504111342,-0.015789417326723676,0.01202409981761332,0.023047353349219257,0.400000026490954,-0.015579434659661828,0.0064935004616650804,-0.05228753281177323,-0.006896490489400442,0.0011778564352125098,-0.02846972431854289,0.014925358528601551,-0.01851861050099135,-0.07205621147434449,-0.061719266723233135,-0.08695652549493671,-0.014101042357668625,0.0,-0.015267233367592836,0.004149437201134365,0.0,-0.044568203687306074,-0.008113634910224432,-0.02817733802241784,-0.026191891477501117,-0.03618417647241512,0.0334302347743749,-0.01030926878910865,-0.05555561074503923,-0.004467640971949627,0.05871341123908702,0.04925048920203601,-0.02044987880632343,0.0,0.04780360419902574,-0.012931022522848834,0.012658324830064016,-0.007732012609147132,0.003405296026132154,-0.0016115636047752124,-0.03174600171093711,-0.004291755534336472,0.035211319039915256,0.009950238920712673,0.018109380258852337,-0.02311113145616317,0.010454524647105723,-0.016901392559285133,-0.05343506587815028,-0.02098772162036089,-0.027562847505450017,-0.030303090509739783,0.030567656947100952,-0.004821016402918432,-0.055299594358818815,0.018000030517578036,-0.031712493607307324,-0.05900622842617309,0.03331308963447954,-0.0021096524319702548,-0.004917989088558561,-0.061403450983492314,-0.016129016752173708,0.01623379184896634,-0.05952384781855513,0.051546341073743784,-0.006666660308837891,-0.012801889295700697,-0.05184236797802422,-0.005766047440965427,-0.06215918103400764,-0.02499997615814209,0.009566850920357695
2025-10-31,0.025754880635719735,-0.019607875728968716,0.01724142183446764,0.02479755897988123,0.0166666501098216,-0.07888629203787034,-0.015113335603814892,0.004456344879223861,0.00792076230699923,-0.02252813936106446,-0.1746031986312503,0.06973293250711743,0.03225811165403902,0.018965457424115817,-0.006944492735242669,0.0005882353608011037,0.0,0.014705868173635617,0.01886802001456611,0.06534086675806638,0.08379010622303462,0.0,0.013110889517097268,-0.051020419334481315,-0.015503861641813277,0.008264449188682077,0.0,0.0379008377528236,0.006135053339358931,0.016077136145818516,0.019707440900798012,0.0,-0.008438810359049032,0.0,-0.01960782480441492,-0.002991769797711874,-0.03716820319258651,0.0010203637073815663,0.008350722791562015,0.0,-0.02959306797510941,-0.06986893016480245,-0.004166627150433477,0.015584463034901352,0.009954707470032131,0.016142034198806332,0.01229506995337748,0.0,0.0,0.024630478616085583,0.002134452673056453,-0.002729730081526549,0.02946471885440327,-0.09742117857886268,-0.008064508376086854,0.0,0.019393305709184627,-0.031249970896168877,-0.008474568565903118,0.008996518554501565,-0.001585309135281432,-0.03143424743669587,0.028384304935910265,0.15181519554139933,-0.09671720396449979,-0.004228325760225138,0.0016474055620891992,-0.004672892510771409,0.0,-0.025559145116684334,-0.06751048740003018,0.02941173720662249,0.0,0.008911552963446256,-0.0001340409523226116,0.008284993630426785,0.033720924301106514,-0.025641061693801315,-0.04027382275324731
2025-11-03,-0.04502168391138239,0.02000003390842009,0.002421247401352966,-0.014321032865547867,-0.02459013990675485,-0.12090680494063344,0.0,0.008873063330403275,0.009823193283657883,0.024327792395967496,0.09615387260561259,0.015256585136841805,0.09999997764825852,-0.028764819066515845,0.03263400180197773,0.013521346202475915,0.0,-0.04347821955569664,-0.03703711062301529,-0.08799997965494788,-0.05419075084762626,0.0,-0.01764709562886757,-0.021505355669564907,0.00787404590327423,-0.005464471941749038,-0.008032120823258437,-0.053370803447854165,0.01016250813295727,0.0022915657559070546,-0.001215491408793179,-0.02047787707545201,-0.004255348793859026,0.0,-0.06000000238418579,-0.018004484057899228,0.0,-0.011213060148998588,-0.010351907802793603,-0.06766919584552955,0.09275737058778688,-0.09389678692364833,-0.012552395725390575,-0.00895142840470109,-0.009856588019644064,-0.003971420979259177,0.0,-0.017241465848974902,-0.027210938968575293,-0.004807649690957594,-0.07028752349569811,0.004562061182557864,-0.011798140924766942,-0.019047675994156243,-0.024390220263873164,-0.015132394471214283,-0.08195123439881857,0.0645161631452178,0.004273500354724069,0.022633783055699963,0.09441794766777889,-0.0020283473413522657,0.033970243336783,0.0,0.1062580928652479,-0.029723962919685043,-0.0065789411768027994,-0.02347426668941155,-0.030054680583276094,0.026490073611865173,0.04072394236009802,0.005952403929229133,-0.006711402952518042,-0.0018883955005711828,-0.028816532747496182,-0.0012325810083279043,-0.028121483728375085,0.07894735686336518,0.004936925663622471
2025-11-04,0.0,-0.015250581554318687,-0.04106276409609577,-0.008516942722585519,-0.008403453102266312,0.00859598031741915,-0.061381075260451,0.0,-0.015564237621426003,-0.004999995231628418,0.08771932026025686,-0.07331506239184304,-0.13068182972713938,-0.055749077976336214,-0.07449208498723892,-0.024361842618586538,0.0,-0.04545459060957757,-0.01923075159625831,-0.07602345704143465,-0.10771580068571296,-0.06349209803242228,-0.013173696104369581,0.010989000192372256,-0.007812529685906622,-0.037087916874340765,0.008097158176053387,0.011869496032629767,0.0020121327899456087,-0.028415902598919907,-0.047340872293199054,-0.0487804432292942,0.0,-0.020833399002549213,-0.02127657550770312,0.03132160753497404,-0.025735318791896944,-0.007216484413814284,-0.03556486795651448,-0.08064517989739162,-0.08953493297776804,-0.07253885466305676,-0.03389831059491932,-0.0206451416015625,-0.00904979739889955,0.0,-0.052631624670087085,-0.004385949198546846,0.013986084524057807,-0.03381643105587406,0.047346305682799184,-0.009990972576277013,0.0015476386365835815,-0.025889943666086213,-0.033333399560713795,-0.07810501126550695,-0.02975555127646423,-0.04545459060957757,-0.00851063052687262,-0.008048285463934657,-0.07366069694220723,-0.05284557415651192,0.09034908984806811,-0.13180516816331822,-0.07778431044398737,-0.054704593131145396,-0.00910593190165343,-0.0096153757981291,0.0,0.0,-0.03478257624548575,-0.03431952288745055,-0.01351350045186761,-0.02209342123092961,-0.07728399868723035,-0.018099477951181275,-0.03819443409641621,-0.04878044241882984,0.002456336083163757
2025-11-05,0.013146007368452839,-0.004424774559935729,0.02518895272808197,-0.06720574883911001,0.016949238156632296,0.005681812794001706,-0.0027247929851148545,-0.009674552135832126,0.0,0.0037688106567113078,-0.0483871463930442,0.01769035362430449,-0.05882347441324487,0.03874539394666665,-0.004878044241882984,0.0,0.09157509093529081,0.03174600171093722,0.05882359128509962,-0.008438810925003759,0.03852737992358857,0.06779664955205078,0.027912650554691387,-0.010869554654186486,0.0,-0.005706193021624895,0.0120481812348876,-0.1319648200460658,-0.020080333504870373,0.014903651533979323,0.03960141188633948,0.09890109122348911,0.04558407016108612,0.010638288616477753,0.03260866396255957,-0.054814797860604725,-0.025786196091786895,0.021806821831303447,0.021691952654312452,0.03508768627628123,-0.024265652499588897,0.09497211168538766,-0.017543806516395977,-0.009222683827945555,0.027397244623886152,0.0,0.05555560649969826,0.008810617546386013,0.006896544920278691,0.050000031789143806,-0.004374802694069091,0.0018349044462047104,0.01699780288591546,-0.06312294279815489,-0.02586204504569778,-0.008333325606805109,0.0076669982417088,-0.12698410145429662,0.030042993113079675,0.014198759134509409,0.2289156114298898,-0.0021458696077492068,0.02824860583499622,0.13531356095776914,0.06900958147163716,0.03703700024404788,0.04761902106170157,0.0,0.015492976759426735,0.0032258267316116473,0.0,0.04044116787706953,-0.027397315080268658,0.01335585085598301,-0.03245585027125086,0.014662717548962423,0.03730438631634647,0.10256412450927033,0.026408963593579804
2025-11-06,-0.01297543224060893,0.004444440205891853,-0.0024570585896938058,-0.0595882193215459,-0.041666724615624595,-0.0734463257810768,-0.019125729513607248,-0.00532863396066352,-0.005928784310507695,-0.015018759574042972,-0.06779654852722472,-0.013037110688115416,-0.03472227051302046,-0.06571933890552406,0.051470598547516566,-0.020808678195904484,-0.023489910333813202,-0.030769202554013275,-0.05555561074503923,-0.08297869836436733,-0.07914262399751182,-0.04761900256640572,0.0,-0.02197806588435247,-0.007873970810807207,-0.021520769453259314,-0.023809501283202916,-0.020270250677801416,0.01024590800217906,-0.03240584706285998,-0.04288520498350046,-0.06000002225240075,-0.006812014944881817,-0.024561353667617913,0.0,0.028996855714908287,0.0,-0.004064963610531103,-0.036093434164987226,-0.008474568565903118,0.003926729101128901,-0.020408204226431526,-0.017857087809878824,-0.035904252873847464,-0.0011110499040950517,-0.011961692104192623,-0.052631624670087085,0.04803491129833515,-0.02054800672275059,0.0015872621812589305,0.03551817062145268,-0.06135531791326976,0.030605597064297774,0.024822756495912923,0.04424774559935751,-0.012604996839451155,-0.039130398276171485,-0.03636370926848953,0.0,-0.012000025852057283,-0.17372543061434864,0.09247307946660288,-0.07509154662043849,-0.11627909555636295,0.013150103211163389,-0.029017882564162045,-0.00956936889347082,-0.14563104885891243,0.0,-0.009646285334930726,0.03153150105435776,-0.001177883292277082,0.028169072021973385,-0.019338552194928305,-0.05858711968607799,-0.0016514778794305407,-0.03596281555197223,-0.09302327386619769,-0.013262599201099179
2025-11-07,0.0,-0.01991153826718428,0.032019733072192524,0.06221197498472808,0.026086932184114398,0.012195110427418276,-0.038997178226392815,0.002678547632328998,0.001988016300033202,0.49682336775972447,-0.018181800448205276,-0.0376712542879184,-0.050359664721725594,-0.003802368230680364,-0.009324000514850717,0.02125088093873817,0.017182113691248002,-0.01587300085546861,0.05882359128509962,0.07656610860491941,0.07072515277145275,0.0,0.016528907693115658,-0.04494377808534078,0.0,0.0014662732930457167,-0.024390220263873164,0.006896544920278691,-0.0020283591538159396,0.004450269642741311,0.01181150566381417,-0.0070921919858044635,-0.05075444272910978,-0.0035971778596076698,-0.01052630588288439,-0.012947454288821492,0.030342212209778285,0.015306156685120031,-0.008810564358837869,-0.008547000709448138,-0.029986964378834746,0.15104171226266883,-0.004545527464625221,-0.0179310502677128,0.0044682389723025295,-0.00484264874528717,-0.017094001418896276,0.004166723996718025,-0.09090909090909094,-0.033280513478811224,-0.018741183655479388,-0.02048780859970467,-0.020640260145001865,-0.024221511806380325,0.008474669590729178,0.05815600515173491,0.02941179008981365,-0.004716976888241464,-0.0083333250549108,0.001349624160953855,0.08082570448612758,-0.009842463513508926,0.03564352901785339,-0.14144739215558944,-0.01017702670130427,-0.00919539373102718,0.021739090372849823,0.19318177046115714,0.0,-0.012987016030602594,0.07860265054832105,0.022405724565347063,-0.10273978866316424,0.006719863992712849,0.06896546540245052,-0.010339129733018426,0.02045717377081324,0.02564100056083385,0.021505355393904857
2025-11-10,-0.03173158987023195,0.021444756367956064,0.0,-0.009761404553287889,-0.025423705697709242,0.03313257100188016,-0.002898547920302419,0.019590407479660232,0.011904717636596507,-0.0008488349265011186,0.07407400048809576,0.017285213587652892,-0.022727340459820944,-0.02099230180954248,0.016470628626206407,0.0005945303891647935,-0.047297332128352965,0.016129016752173708,0.03703700024404788,-0.012931022522848834,-0.0008361395359481882,0.04999995032946458,0.01858313545501411,0.02352938866532872,-0.04761907645273733,0.03513910568101819,0.00833332505491069,0.013698616715036138,-0.0020325811057880783,0.015904589623520815,0.03324454799829302,0.0,-0.0028901706222559387,-0.03971109828339603,-0.042553214424603025,-0.012345667202249944,0.0012530595059687677,0.017085372708187885,0.13111114501953125,-0.043103408409496224,0.0927419424615219,-0.0045248824844553726,0.041095852017937196,-0.008426958391001382,0.0,0.0,0.05652179005916813,-0.02489639034251545,0.023076993614966845,-0.00327868544904808,0.007567534575591228,0.008964158658351318,0.0451612575079805,-0.07092200440364194,0.1092436882190373,0.009383400979011913,-0.005494526224051444,-0.018957328834943277,0.0,0.02704523186931085,-0.09322435992465417,-0.0039761391833571524,0.11472273469300309,-0.0191570706229659,0.008642554399935776,0.00232023875048748,0.0,0.004761900436850874,-0.008321767331774033,0.006578909357187301,0.024291474528160384,0.0,0.0,0.016219548008991946,0.052841820614999424,0.0275804153741801,0.11792453466763764,-0.050000011920928955,0.015526319804944455
2025-11-11,-0.01404499699610462,-0.032044194004539506,0.09785199088615126,-0.017524627098201018,0.01739128812274293,-0.008746347173728575,-0.06395349562522712,-0.007860275466124,0.011764756874757198,0.0016991931445646813,0.05172419285802743,0.189905007176149,-0.03875965410453308,-0.013645257329395921,0.020833257447793185,0.0,0.014184383971608927,-0.111111100598828,0.017857125751218117,-0.053493425685656404,-0.0326359327090584,-0.04761900256640572,0.0034206934754770213,0.011494241848790887,-0.03333330154418945,0.02263079774225485,-0.049586826526647365,0.0033783751129670136,-0.004073342261097679,-0.021582334238878675,-0.025297771716486395,-0.003571425226269853,0.010144883167641616,-0.011278184739123231,0.04444446946367875,0.0,-0.00750936874874375,-0.0029643947722294284,-0.015717076877764025,-0.045045108901980435,-0.03198034750577805,-0.07499998103488614,0.06140360323011085,0.002832858511134795,0.007117431351276071,0.0,-0.012345666899427288,0.02553204612919102,-0.02255645836920439,0.03125000980339565,0.008583751299193754,-0.00888451644335031,0.029835407581577655,-0.01908395209933933,0.060606000399351156,0.029216438786427323,-0.038674074485440024,0.0,0.01260502938959629,-0.017774798269141967,-0.07990318474102664,0.011976035935817197,-0.07718693227341888,-0.07421877401066068,0.012261695549185658,0.0,0.03152092871799028,0.02369677403827186,0.008391600276818956,0.01633989343516995,-0.023715392671163626,-0.0830450127673561,-0.045801485038414524,-0.00613878527684486,-0.08856141835050801,-0.005286777478575533,-0.06751048740003018,0.0,-0.01969417772811899
2025-11-12,-0.006172799813068952,-0.00456620557167875,-0.045652183152327,0.002787025394209275,-0.025641002128344415,-0.02941180595477033,-0.015527935363983336,0.016725399630266535,-0.01162795679017059,-0.0008481958366575171,0.01639342660450316,-0.04577909185369855,0.008064508376086854,0.001976329840893687,0.07709754293697091,0.0011883542656054846,-0.01748250145114394,-0.14285716566504258,-0.017543843138140613,-0.012687388201761851,0.0008649891734044957,-0.033333399560713795,0.0,-0.045454570084564105,0.03448272460139301,-0.015214360336252675,0.07391307818191106,-0.02693600098835336,-0.0020449511407815146,0.0017143138668023195,-0.0060476671327098774,-0.039426486236496916,0.06312770021021197,0.05323182565397433,0.01063828775385156,0.0,0.0,-0.0032155204112006563,-0.01796410149226224,0.05660383512049805,0.0,0.04668305877316481,0.020661171872391026,-0.06497175750055428,-0.010379804461383424,-0.013787516410855627,0.02499997516473229,0.012448014880213298,0.0,-0.022328527418098654,0.0035460450856623638,0.013944257356044432,-0.12887114607912753,0.003891046973934831,-0.09999999148505057,-0.0206451416015625,-0.01954023908286784,-0.048309134230700934,-0.012448120465286205,0.008713124223908686,0.07894735686336518,0.02366861567970302,0.0018586899315924388,-0.10970464262361046,0.019556392774878306,0.006944382356275369,0.04583647217733544,-0.046296360684027316,0.0,0.0064309084667826255,-0.016194316352106997,0.015094325589697588,-0.015999984741210893,-0.00012347184738203953,-0.008324002682928433,0.0004088971998417179,-0.021493272712443945,-0.052631592156154094,0.0
2025-11-13,0.003344466975803595,-0.0022936304072485036,0.0,-0.023902185138774734,-0.026315764707210976,0.03030307408973054,0.05362770781826387,-0.016450262417314176,0.015686311091311245,-0.0008488349265011186,-0.06451616314521791,-0.0779048681297565,-0.0800000190734863,-0.08875744987496426,-0.09473680195055512,0.004770420510680884,0.19572952438292424,0.12500006984919465,-0.07142860944173757,-0.09579446358663302,-0.05012964036338863,0.2241379292626442,0.048863527728604916,-0.035714252769540544,-0.016666650772094727,-0.002808984232150924,-0.2631578820360869,-0.013840899245549543,0.006147524768640222,-0.05311197395847156,-0.06033720589501046,-0.0074626792643007756,-0.02159242249755078,-0.0036100756869635875,0.01052630588288439,-0.02187497881241174,-0.03846150118190417,0.007056446497364588,-0.024390220263873164,-0.06250004656612851,-0.07750948736308805,-0.11737094167946072,-0.028340121633387505,-0.0015105365887529976,-0.0015621685427857912,-0.027960539214994307,-0.10162601468425825,0.0,-0.015384601277006582,-0.013050558272844515,-0.06784452749311698,-0.00982321988918644,0.034862397040354764,0.06976746979846427,-0.01587300085546861,-0.03425562894003187,-0.04454866662798307,-0.055837569902329465,-0.04621854127105551,-0.025249162846650686,-0.08536583238382645,-0.055876677968350275,-0.10946190915871501,-0.12322269392442764,-0.028915033707595184,-0.029885084434708387,-0.004382722263071348,-0.053398008811302855,0.0,-0.012779632288081322,-0.032921876513111736,0.02973986788951266,-0.0813008311310306,-0.03311094344517307,-0.08313158131484333,-0.005312624972840574,-0.028901735378628612,-0.22222221486362392,0.008458886580373637
2025-11-14,0.0,0.008046051727953696,-0.06378126229770131,-0.015945261264952326,0.0,0.014705867915830284,0.05688624613863613,0.003521123508970936,-0.017509664997767516,0.0,0.13793111244365175,-0.029116973180767336,0.008695644061371466,0.0021645517596426966,-0.02558142526398477,-0.01661731458022342,-0.05654756688510587,0.0,-0.01923075159625831,-0.07493539287563367,-0.009099129197273514,0.08450704816550747,0.015168020329350496,0.012345667202249944,-0.008474608462146094,-0.022535174807911562,-0.13186813330768365,-0.0035087687010102453,-0.05295315074024387,0.008735974126800272,-0.0025629949959691256,-0.007518789579387564,0.05931032115015489,0.007246400001991171,-0.0416666278615585,0.038338620182611916,0.0,0.009009057897984674,0.004166662527455456,-0.01904760174740394,-0.06749314497346659,0.031914926670751464,-0.02916670973492086,-0.03328294441528834,0.0006705483135329704,0.014382409533257867,0.04524882484455328,0.0040984172892264414,-0.015624985448084439,-0.10743802890500065,0.02653528374559322,0.02480158748930661,-0.04388296961676408,-0.03260866466677248,0.008064508376086854,-0.006821243440399027,-0.01963188403694216,-0.01075267783478251,0.0,-0.020449943757030353,-0.013333320617675781,-0.02653063508382847,0.00833332505491069,-0.09729733212835301,-0.021373776923869325,-0.004739332208735791,0.011738800151776196,-0.01538466146946782,-0.0013869942897262177,-0.01941744246501309,0.021276677771900232,0.00962694580823431,0.1769911933873236,0.00083054324489229,0.00721830726970496,0.008627750484259344,-0.02023810523978209,0.0,-0.006553079685473029
2025-11-17,0.0,-0.034207545618687774,0.02189773061485889,-0.019097217048208104,0.06306300210871574,-0.02318845246925283,-0.02832858511134717,0.0,-0.013861419607429926,0.0008495560593562157,0.015151500099837678,-0.004424786229730637,-0.05172409009139556,0.021598251006661906,0.004773265072407051,0.018105058021656628,-0.06624606722170312,-0.11111116630059481,-0.05882353284917219,-0.05446925625655652,-0.0550964520251479,-0.1298700866419331,0.01067234702676867,-0.08536584568052041,0.10256408793399019,-0.04899141130967222,0.05063286172982795,-0.04577460561662139,-0.027956985856419814,-0.022218157586123777,-0.017311316432687573,0.022727250149756628,0.06901044552796587,-0.017985624527108057,-0.0326087287502157,-0.004615416893592239,0.024918024193746557,-0.00793652927866495,-0.01452285667393427,-0.330097071085543,-0.02954206939861259,-0.06185567073657816,0.004291804980539826,-0.014084456593303596,0.00022328071282706752,-0.00333611030997516,-0.060606004308874084,0.02040808943082517,-0.03174600171093711,-0.09074078505585303,0.04246675117319909,-0.029041645009735273,0.038942983981100854,-0.011235944019676425,-0.015999984741210893,-0.024725315932445535,0.011264099520154947,-0.0271739514231224,-0.0044052821794189345,0.002783583289313496,-0.015297322462734964,-0.029350076948722048,-0.037190144525003244,0.07185629212701139,-0.028618791133400046,0.01904771528006588,0.015953608965728172,-0.0625000038805108,-0.024999976820415326,0.0,-0.07083336230781223,-0.041716372723187956,-0.075187985424917,-0.016278250372771863,-0.01817865639172178,-0.017922537695119756,-0.0631834183490193,-0.07142858967489152,-0.06992088177277334
2025-11-18,0.0,-0.025974056681580593,-0.023809502184254927,0.02005900514950354,-0.04237284282951548,-0.04154298849846094,-0.052478152552159596,-0.19999998326887103,-0.0240963624697752,-0.0016977508100767258,-0.04477616454795885,0.008888903959297867,0.10000001083720789,-0.13530652513844155,0.030878886760803415,0.0,0.033783751129669026,0.0,0.0625000038805108,0.047267381471629344,0.025267272093848936,-0.10447759866236506,0.004223860307710936,0.013333320617675781,-0.02325575549859793,-0.015151490978361548,0.1626505941900982,-0.055350587917333716,-0.01991156017000184,0.0005497302192889464,0.0009633868881941954,-0.040740789471011896,0.010962259703984678,-0.003662970413135458,-0.01123594452133514,0.0,-0.017274476062452915,0.004000010842498902,-0.023157922845137735,0.2463768366329111,0.018264822286715,0.06593406665384194,0.06410261734785316,0.00317460005095338,-0.0008931802626934715,-0.021757341676294506,-0.009216580748084957,0.02800010928581087,-0.00819671330225158,-0.07128307851517368,-0.027630137865566673,0.027916320448651,0.028335574886457104,-0.04545459060957757,0.024390220263873053,0.005633797519761785,-0.009900980750178201,-0.02793293485019055,-0.05752206927916459,-0.022206785307411825,-0.0023055287603129804,-0.032397428004285134,-0.038626573869650294,0.08379893774531144,0.02806644825468574,0.002336390550113032,0.0014275163285242254,-0.02222220161814692,0.0028490001397227793,0.00990097280224167,-0.00896860123562837,0.004975119657066207,0.0,-0.0012979085916656752,-0.013886394956802994,-0.015346345230726532,-0.033722467911209586,0.03846159489197354,-0.06297875803413122
2025-11-19,-0.07428568885439923,-0.004848480224609375,0.060975611174411526,-0.0005783822066114386,-0.017699098239742916,-0.021671805829548307,0.024615361140324588,-0.054824562091466356,-0.03703709881292083,0.0017006380697373036,-0.031249970896168877,0.018600056538928822,-0.09917355453322374,-0.024449911814275582,-0.0023042001221758035,0.0,-0.00326797080073582,-0.0416666278615585,-0.03921564960882995,-0.06770098853922923,-0.06445500406464122,-0.016666749450892193,-0.028391187720880673,-0.013157882353605488,0.015873000254767344,0.0030769180923904127,0.09844556641183666,0.027343817666407366,-0.011286579098792715,0.01001220609947251,0.003162322520601668,0.12355219392507588,0.03855417921332438,-0.0073529643906889985,0.02272725117600638,-0.0115919338017344,0.0,0.000996042730908142,-0.004310340840949611,-0.034883756389998966,0.02242153872712427,-0.025773231984957512,0.004016026308305332,-0.03639240709277147,-0.012963848390457056,0.0,-0.013953585338433494,-0.019455317124164595,0.09917355453322374,0.039473647060816575,0.02950817644551651,0.0,0.039487951590341464,-0.003968250213867153,0.06349209803242228,0.011204471316808462,0.016250014305114746,-0.011494241848790776,0.028168985706974903,0.014194496443330484,-0.028913319596662657,0.031249970064631594,0.011160756812943928,-0.06185567073657816,-0.027752698078290283,-0.02097905673384104,-0.010691348637574594,-0.045454570084564105,0.004261393461776786,0.009803904609348768,-0.02262441242227664,0.016089123226289637,-0.0813008311310306,0.00396353280127304,0.0,0.005897123015406125,-0.00536912253383981,-0.07407409042651403,-0.016045982406426185
2025-11-20,-0.056069965156548274,-0.024360512586584226,0.011494296972653917,-0.017361176648623022,0.0,-0.022151952455715107,-0.05105100353460923,-0.04872390740950738,-0.029914502483068484,0.0,-0.09677419664956521,-0.037481922119864564,-0.08256883543354943,-0.07017543125827708,0.0023095217224107234,-0.014819112417673308,0.01639342724524062,-0.043478283404402185,0.0,-0.07110442625345592,-0.05775072962849703,-0.06779654852722472,-0.0021643952481676942,0.039999961853027344,-0.03125004423782163,-0.0046012929721342966,0.009434066238082961,-0.007604645807912647,0.004566235014966447,-0.03681090575447443,-0.06880477941418672,-0.06185569121927337,0.045243659918849266,-0.02592587207585273,0.0,0.01641908043575535,0.0,0.007960123956652687,-0.010822449163687464,0.036144616382703276,-0.07748540906213663,-0.06349206649557293,-0.03199990343048864,-0.03940890672282438,0.0015851625383986878,0.026518428635096125,-0.00943395377648304,0.051587323482058745,-0.03759403752797941,-0.029535838237513157,-0.04493986013721707,-0.06401559400818757,0.015028203360389236,0.019920299803290353,-0.0597015230765604,-0.0221606443298612,-0.017220214188444882,-0.0697674434722727,-0.018264822286715,0.0013995832646607198,-0.031134025158532586,-0.01731600123110688,-0.08609278703306145,-0.12087913311531129,0.00139627627309169,-0.023809502184254927,-0.010086479983317576,-0.08333332742017396,0.019801960832583232,0.0032362663661662516,-0.023148235531497363,0.004872102517316845,-0.0442477455993574,-0.025241024546041047,-0.05632783835104804,-0.007118875106572609,0.01349532841146428,0.0,-0.03999997652493992
2025-11-21,0.0,0.0,-0.013636350336153957,0.027679695722843567,0.009009000301245074,0.02589002082420455,-0.003164553858114205,-0.018292636831624076,-0.013215846538256693,0.0,0.12499998669539192,-0.04093867069707924,0.04999995231628418,0.03773581268088644,-0.0069124904962182265,0.015042021830163677,0.029032308179557154,0.045454570084564105,0.08163257362146625,0.03583066316168049,0.023655942206107117,0.10909091106131052,0.030368728522264687,0.01282057748038623,-0.05645159925804133,0.06009250435374902,0.023364462553857157,0.007662919597304585,0.0318181328374858,0.014182581865530786,0.011333479767394516,0.02930400115279319,-0.01442842520960197,0.038022745937215996,0.0,0.014615352337177034,-0.0032551743291597823,-0.005922969477852091,0.019693582575515345,-0.04651165208409025,0.04595878993388447,0.0056497121870149325,0.06611560203970779,0.0017094408623694601,0.01469598410812134,0.0,0.00952380087370197,0.3194089993284084,0.023437478172126713,0.01739128812274293,0.08521679006720095,0.010362734240704219,0.0018507125357005716,0.011718739086063357,0.007936500427734305,0.012747897070443548,0.017521945848962384,0.06875000791624175,0.0,0.02935003685091009,0.05263152757987033,0.0022026936048153978,-0.007246312545574507,-0.05625002002343504,0.06212229771113442,0.06341469144622747,0.03784573991454687,0.03896108017862199,-0.030513213018699248,0.0032258267316116473,0.0,0.013333291718454099,0.08333325054910778,0.016001669732402135,-0.015496486822217048,-0.010544081392031002,0.031957358695566596,-0.0800000190734863,0.07980762188721635
2025-11-24,0.0,0.001248467989523716,0.0023040902518667306,-0.006303759629924133,-0.08035717231734663,0.04731856572199766,0.006349200101906982,0.0024844103870176326,-0.024553601126357516,0.0033955825772280512,0.01587300085546861,0.02863098233324446,0.05714291877487354,0.031168864142897545,0.03712293492721597,0.0035566642916158298,0.1536050159082738,0.06521739271277505,0.0943396502264302,0.13679243196467317,0.05882347048478298,0.0,0.05684204161948836,-0.01265829088137238,0.01709400107056047,0.002906972092831417,0.0456620557167875,0.02281366546339325,-0.006607911966570623,0.033846922839209315,0.09285398542320378,0.05693953348355674,0.04391895701538595,0.0,0.022222267845531718,0.0045489326402963215,0.0,-0.009930465495677332,-0.008583683082144522,-0.024390220854836775,0.06969697648390816,-0.02247188904267039,0.00387593249230056,0.015358306092180474,-0.010249667287638653,-0.0258333683013916,0.0660377888969812,-0.011582947864705262,0.0,0.008547000709448138,0.019801976974284763,0.07589741242237591,0.02586203386624253,-0.003861000306814355,-0.015748016714081325,0.02937063431412179,0.04797052125866719,0.035087685053246886,-0.009302316297383983,0.001357776382211462,-0.01388887601134181,0.061538400271136995,0.06082724863228384,0.10596024346484412,0.0732206016806034,-0.0022936304072485036,0.023842927568771266,0.03124996973201677,-0.0014305797384994712,0.02893893337003539,0.009478777412064598,-0.0023922852763973435,-0.03418800283779255,0.023983775470121538,0.10629617796385893,0.01918158242266066,0.006451637514175879,0.04347832396711104,-0.030276061126195186
2025-11-25,0.0,-0.01371578604401169,-0.006896490489400442,0.009803925882236664,0.03883503123630683,-0.006024090761646117,0.03785485257759813,0.017348246420944013,0.038901620307982165,0.002538129223357277,0.15625004074536353,-0.005566832443189007,0.054054001807470664,-0.010075557069209928,-0.08501110859950789,0.004134641397802508,-0.010869554654186486,0.06122443021609958,-0.034482726727597,0.0069156556850564765,-0.014880914649364807,0.01639342660450316,0.014940271371798097,0.038461579608730645,0.02521010086989528,0.01884061901779477,0.06550222614242074,-0.026022368093815973,0.031042081742259198,0.012149860887298303,0.010787125149712473,0.020202000741265103,0.03883491250270055,0.007326030699676966,0.021739109308372973,-0.018867924528301883,0.0,0.013039079661546715,0.038961105981499156,0.03749996367842012,0.11898019254900727,0.01724136277318622,0.11196924654995333,0.03529412518971298,0.003151854824325895,0.011120626099856201,0.017699098239742916,0.0,0.04580157603787627,-0.008474568565903118,0.021760950795706613,-0.04671113267964666,-0.02541017345729346,0.0581395735671042,-0.0319999694824219,0.023097836033974417,0.017605588083459578,0.011299424374030087,0.01877932380464986,0.02847464183027082,0.04225354855837682,0.004140782865927672,0.02981642973000853,-0.059880183953501254,0.01929869711345944,0.016091993838167618,-0.0006849471657910389,0.0,0.0,-0.0031250195022359817,0.01408449285348734,0.004796158407816664,0.0,0.016146516413698464,-0.02195678892147057,0.0016729703501958681,0.0038461195176413554,0.12499997516473238,0.0508112566620007
2025-11-26,0.05395094008378831,-0.006321076468043585,0.07407400048809576,0.01599090136981607,0.0,0.018181801105005002,0.006079021628696113,0.035322772290568905,-0.0022025885746035367,0.0008438206654537428,0.01351350045186761,0.012213729047192423,0.02564110401662978,-0.022900801796207904,0.029339824225471878,-0.014705902263019266,-0.02197806588435247,0.0,0.07142860944173757,0.0068680923704287355,0.03222554733028815,0.048387050256521125,0.003925412791801142,0.024691334404499887,-0.01639342724524051,-0.012802255041138522,0.00819671330225158,0.0381679951981404,0.008602198010122741,0.009993509758776442,0.020553327104504193,-0.05280530935361738,0.03219101373399935,-0.003636419763715648,-0.03191486326155479,0.0076923370361328125,0.013063345887605271,0.027722752158315878,0.0020832815931923765,0.04819279790599551,0.07721520584184671,0.0903954623421217,-0.010416745292129326,0.011363664512229699,-0.007405826601623922,0.07698814474678728,0.01739128812274293,0.0,-0.029197052345843022,0.02564110401662978,-0.0019659689512144807,0.017000007629394576,0.0041059488133559086,-0.010989000432297447,-0.10743800920098645,0.027888387179096696,0.011534069272173708,0.01117317394007622,0.004608290374042534,0.005273514994774908,0.02702700090373522,0.02061853744307318,-0.035634711707850264,-0.01910833732279482,0.0033333333333334103,0.03393667257426891,-0.01987662500480436,0.02424247372139554,-0.0014326975436259604,-0.03134800777933955,0.013888875091518038,-0.009546530144813992,0.10619469493340472,0.011305069541349022,0.029813215486958367,0.0012525718220002258,0.022988544946317857,0.07407409042651403,0.001456429781349966
2025-11-28,0.028955504732374626,-0.033078908965054055,-0.010775800719058148,0.025857170365357396,0.037383140086171496,0.023809572804273094,0.05438068576099386,0.008235258214613905,-0.01766013175231118,0.001686379286900852,0.013333320617675781,0.0251382612037796,0.02499997516473229,-0.002604164241347462,0.014251767751990219,0.0,0.019662969883848636,0.03846161781683777,0.0166666501098216,0.012278329266664834,0.03609754981064217,0.0,0.03323554549488117,-0.048192726093168936,0.016666650772094727,0.014409198051885896,0.060975550659682964,-0.04411769217479555,0.006396467154087926,0.010070264578285304,0.017299302648116965,0.006968717819721082,0.0,-0.0036496020288839803,0.06593406665384194,0.015267160568028793,0.030947761370161198,-0.025048191839567968,0.051975052593354665,0.06896551960383057,-0.04817859416978898,0.06735751231330078,0.0,-0.0016051731703402572,0.001808747171341052,0.0,0.008547000709448138,0.003906261786828402,0.015037579158775127,0.00833332505491069,-0.011818736501093441,-0.001966613334673628,0.01778775167857205,-0.01111110031850071,0.09259250061011981,0.014211903975096973,0.0011401681511507,-0.005524856784194343,0.022935757240897692,-0.0019671862543362284,-0.007894729412163293,0.034343451079684506,0.0023095217224107234,0.11038966266556938,-0.0033222591362126463,-0.02844641346997101,-0.009090916972514962,0.02366861567970302,0.0043041909198571204,0.006472532732332503,-0.01369861671503625,-0.003614425576119795,0.09600000381469731,0.008384067608551149,0.0022671968568066525,0.007089268470235499,0.021223479580059434,0.0689654492027858,0.012798098110504474
2025-12-01,0.07788950623726976,-0.019736854901274303,-0.041394346602218524,-0.008219157179740977,-0.027027000903735332,-0.08430231308988667,0.00859598031741915,-0.01050176847056894,0.024719132186338033,-0.000841770099789807,0.013157882353605599,-0.026483522527855352,-0.10569105139490376,-0.0678851163557389,-0.03981266441529541,0.0,-0.03581270257368574,-0.03703711062301529,-0.049180377526039876,-0.060646938204218404,-0.09604515207917619,-0.015384601277006582,-0.007568582387466383,-0.01265829088137238,-0.01639342724524051,0.014204522277161846,-0.06896545424267708,0.003846150319251729,-0.0042372082725185,-0.026663609955926204,-0.027411212924581152,-0.013840899245549543,-0.07243454162467156,0.007326030699676966,-0.051546402521829404,-0.01503757942834183,0.0,0.002964411186187288,-0.04150198429283303,-0.05376345326492771,-0.033333388277530074,-0.07766988886684734,-0.03508765790042789,-0.03215431125584878,-0.00654478397757996,-0.01728195767993279,-0.0593219799613216,0.007782024368307328,-0.029629689152511185,-0.02066123518947771,-0.080730906125561,0.010837498964112235,-0.040980256144130256,0.09737827079920769,-0.0593219799613216,0.0025477683018455544,0.0022779565343908903,-0.02222220161814692,0.01345290185344239,-0.013797634484714827,-0.018567621643752585,0.017578155195224765,-0.07603684610685546,-0.04678364978402905,0.032400004069010446,0.01351350045186761,0.06774876732379331,-0.046242798863198153,-0.008571420397077256,0.0,0.0,-0.029020642262138407,-0.080291980965148,-0.012810291840417043,-0.04245697563213657,-0.0012421985694256454,-0.003667565467757372,-0.09677418114367398,-0.04192989940461367
2025-12-02,-0.1142191457248094,-0.004026809897885175,-0.04545460949259217,-0.0005524988216063509,-0.01851861050099135,0.03492060056048807,-0.031249970367008828,-0.0023584322133207714,-0.006578888892025958,0.0,-0.0649350046166508,-0.03375315180947802,-0.027272700672307915,-0.0028011178292021155,-0.009756088483765968,0.0,0.014285700661795575,-0.05769225478877493,0.017241363363798445,-0.0014346846980899386,0.038541653214229976,-0.031249970896168877,0.005719819196561282,0.0,0.0,-0.005602231883276909,0.012345666899427288,0.0,-0.010638304510598662,0.005002360332600153,-0.001043865236062258,-0.01403507480404087,-0.10845986670695129,-0.003636419763715648,0.043478218616745945,0.0,-0.02376490500323092,0.0009852482677799035,0.010309317880007551,-0.01136362558800319,0.02426571339833261,0.0631578980390386,0.0,-0.00664451195677096,-0.004089095649155938,0.01918463363126688,0.049549501656847905,0.007722031520411177,-0.022900742519207262,0.054852371611086026,0.005782430320597998,-0.0155945266903319,0.0,-0.027303808976760324,-0.009009000301245074,0.09911051388989711,-0.0386363801384757,0.005681812794001706,-0.03982297103942167,-0.012658288353306513,-0.02702706534118826,0.030710143232362874,-0.0024938225214576892,-0.030674817461688986,-0.017306004933537178,-0.006666713290744308,-0.021810966372107554,-0.036363602210010226,0.01585016319992083,-0.016077193801713352,-0.027777860562003376,0.006226674022112633,-0.04761900256640572,0.0009358162388202196,0.07341451944656874,-0.006633538507491821,0.007362015021482815,-0.035714252262698754,0.030275728508823985
2025-12-03,0.0,-0.0026954151914918567,0.15476193449664954,0.012161377086722602,0.03773592756753197,-0.006134963492337775,0.005865096898272304,0.11820330915968102,-0.013245125129748625,0.0008424792736521081,0.013888875091518038,0.003649619067280785,-0.028037466475174244,0.044943845056852894,0.03448272622135784,0.0,-0.016901392559285133,-0.04081634763179798,0.016949238156632296,0.0847701364014608,0.06218654653495315,0.016129016752173708,0.04454975782048054,0.0,-0.016666650772094727,0.03661972647531142,-0.22764229809144965,-0.034482727121338486,0.017204290902592678,0.009006899276708502,0.014237251855330202,0.03202852470483175,0.007299204865363063,-0.0036496020288839803,0.11458341288380502,-0.034351202277519755,0.0,0.016732353520444,0.008163257362146625,0.08045976145262146,0.04987526130912601,0.03465343262562359,-0.010909080425638651,0.010033435215412778,0.003421570838057164,0.0313725191004135,-0.017167366164289044,0.0,0.0,0.050000000000000044,0.06360044781228891,-0.004950513747167595,0.00439880764745304,0.014035158459685393,-0.018181800448205276,0.01271683412747393,0.005319157930382401,0.03389834047197171,0.05990777486255228,0.010796246410497812,-0.0013888544874417486,0.04655493581523085,0.007500052452087402,0.11392401434102806,0.04954664809970022,-0.017897075494633263,0.024324300813361788,0.025157208184474866,0.019858136552901584,0.0326797868703399,0.05714291877487354,0.05940600253006956,0.04166662527455389,0.00959860392243539,0.009818890029645866,0.0029216086076784276,0.02314245791723346,0.0,0.03549610877559095
2025-12-04,0.026315789473684292,-0.02702706534118826,-0.022680440345851482,0.051884259456506765,-0.018181800448205276,0.04320990879385578,-0.03498545820470256,0.02431284791848487,-0.002237081099336957,0.0016834599239645698,-0.01369861671503625,0.019220822817319405,0.2307692484037418,0.002688169458695544,0.011904807858458266,0.0005970432275785864,-0.011461307089892236,-0.06382978993230626,0.10000000000000009,0.10198668670687927,0.05382433301334055,-0.03174600171093711,-0.023593527258649383,0.025641078544558438,0.016949136104436047,0.01086954754591396,-0.005263152941442195,0.04365084696308652,-0.008456603033828114,0.02906974972825771,0.03528651397200999,-0.00689654492027858,0.09420298451695874,0.007326030699676966,0.056074710129257355,0.015810337468032953,0.024343424165989003,0.00484021380984756,-0.018218654158990044,-0.06382978993230626,-0.03562947601146671,0.01913885259057757,0.0,0.018211942749856824,0.0054557586462642416,-0.02889727542129561,0.052401801736520204,0.003831429342058046,0.007812492724042164,-0.007619040352957573,0.044932429275867936,0.002985048000182955,0.005422279820570086,0.020761225121661564,0.0,-0.017123352543991444,0.03350968178450686,-0.021857967281024404,-0.004347822030685733,0.010013406084956378,-0.026425598846783638,0.0,0.044664967485742,0.08522725964257538,-0.007888770956712365,0.02277902224917905,-0.006596268390627991,0.0,-0.01390819246686159,-0.025316461479071517,0.01351350045186761,0.015186817102098127,0.08000001907348642,0.008704799241145755,-0.02179384775361337,-0.003745365489985497,0.011904807858458266,0.037037001061669184,-0.04270863869757935
2025-12-05,0.0,0.0,0.010548563955535384,0.021287634607463968,0.01851850012202405,-0.026627263177704807,0.0030211452072894662,-0.016511852873143273,0.00672639746964121,0.0,0.05555550036607193,0.016819567257416512,-0.062499941792337754,-0.06166220318964433,-0.04705877865062036,0.011336480416559436,0.005797095840604838,0.0,-0.015151590409901994,-0.036057601930823746,-0.039426486236496916,0.0,-0.02230480865994111,0.0,-0.016666650772094727,-0.010752670878554027,0.24338620233828068,-0.03422058884853807,0.0,-0.007590035173673515,0.0011195915906021536,0.006944437545759019,-0.04083894283627987,-0.003636419763715648,0.008849549119871458,0.0,0.0,-0.03660882402398524,-0.0061855120744510605,-0.07954544684857368,-0.0086206521934451,-0.02347426668941155,-0.011029401048725851,-0.02601631248262748,-0.002713034097986622,-0.001566206503266998,0.0,0.0,-0.007751930820906638,0.08253355569869814,-0.002909801218877739,0.04761909717695367,-0.01410496407569517,-0.03389835302872812,-0.027777860562003376,0.03484322911699622,-0.022753106954846336,-0.0558658697003811,0.026200848811800848,-0.023793777357390633,0.04868568692888542,-0.012455461966126902,-0.04275530325597099,-0.1308900546434172,-0.005427240779463549,-0.017817355853925076,-0.012616236969696826,-0.06748467155024951,0.0,0.029220805598555666,-0.0222222010294596,-0.010356640190954391,0.0,-0.0003672243832507638,-0.009768632557497381,0.012531272055192444,0.01176475076114425,-0.035714252262698754,0.0026416246960390133
2025-12-08,0.0,-0.026388831307857075,0.08977031978352579,-0.034570427175305896,0.04545450112051319,0.027355669796786275,-0.015060226904115348,-0.0020985839086817837,0.035634817907668204,0.0,0.0,0.060651580862113974,0.3916665756040185,0.04000002997262131,0.07160492548036346,-0.008849637632985852,-0.07780979213266792,-0.02272725117600638,-0.030769202554013275,0.031172068046204426,0.03171643135435542,0.0491802798135097,-0.008555077684440193,0.024999975785613415,0.008474527642289953,-0.05978257653356356,0.03404262356220911,-0.007874008357040663,0.0021321557180293826,0.0013226624174871304,0.013170943270126356,0.0,0.01150752431512947,0.00364969157428785,-0.008771921569070362,0.0,0.0006253843307575391,0.00699999477236668,-0.04771784458136419,0.024691334404499887,0.11801239587031787,-0.01923075159625831,0.0,-0.0033388951069659445,0.007481205529427326,0.028235267190372282,0.0,-0.0038168055213904095,-0.031249970896168877,-0.028368767943217854,0.01977952682663564,-0.01231061640863429,0.02040818947223788,0.017543927160695638,-0.04761900436850974,-0.019079694635833366,0.01862629156809814,0.06508869311918364,0.004255315263436366,0.01692620719783333,-0.030078455849917418,0.04684680056024493,0.002481327921606491,-0.0361445445698767,-0.01725889032590877,0.02267582424711634,0.012104929829259037,-0.039473647060816464,-0.011283486880723781,-0.05362779042118326,-0.06818186005284876,-0.013953585338433494,0.0,0.0006122343348637926,-0.003634459828820602,-0.002475172972439932,0.04186042333822804,0.0,-0.055035160319465315
2025-12-09,0.0,0.024251011969496528,-0.030651312996745395,0.0005266050027574742,0.01739128812274293,0.05621296223929484,0.009174303230812475,-0.019979025182416565,-0.023655942206107117,0.0,-0.05263152941442195,0.05576561028756788,0.32934136865830665,-0.002747250048093064,-0.029953942366430675,0.004761902587296696,-0.025000050291418274,-0.023255860695907793,0.06349209803242228,0.04111235551315984,0.04882458782689114,-0.046874956344253316,-0.02013425121013457,0.0,-0.02521002072919387,-0.0028902377787215494,0.05761311219732734,0.0,0.036170152136532074,-0.002354583647920405,0.009320604950910027,-0.024137989434275475,-0.018202485563877047,0.0,-0.026548647359614486,-0.027237382963384404,0.05937510020732639,0.0,0.0392156475718497,0.024096434859411042,0.03333335452609587,0.08823532849172189,-0.0037175318486339926,0.0385259676979155,-0.0027002138211927873,0.0030511031960747115,0.008298746976857396,-0.011494288026174138,0.07258067152130465,0.01642338545157651,-0.020985686213077948,-0.01246405662868555,0.02989692294720525,0.006896544920278691,-0.050000011920928955,0.009153309588224356,0.026285661969866148,0.02777781825006853,0.012711953873680848,-0.0033289340723547944,0.01123594452133525,0.017211687713843293,0.019801961500356402,0.16249999161809692,0.0027117649516030795,-0.011086516230013554,0.008637881248729107,0.03424654178759057,0.011412256932096465,0.009999982355566983,0.019512176967531936,0.053066130569716874,-0.014814800424667651,-0.00018356725709156585,-0.030745187895542148,0.0012406573277055077,0.006696475375139288,0.037037001061669184,0.014250400141432085
2025-12-10,0.026153857891376253,0.1309192311551859,0.013834026176475556,0.0005263278358860202,0.008547000709448138,-0.030812296121223492,0.0,0.02253219367202286,-0.008810564358837869,0.0008403553951601417,0.05555550036607193,-0.013876430788943961,0.26576572367824025,-0.005509702125222393,0.002375237993840651,0.0005924451988190693,0.057692331204988845,0.07142857649699375,0.0,-0.026713072172768082,0.03620690193811282,0.01639342660450316,-0.001957039556628959,-0.04878051439826525,0.06034480915908791,-0.02028982270145796,-0.0077820939478694395,0.04365084696308652,0.004106799057414401,0.01865073376926696,0.0007290104054555879,-0.01060069688994325,0.00463498972451859,0.003636330543936417,-0.018181800448205276,0.0,0.0625367806565178,-0.003972205425287201,-0.02515720881319028,-0.01176476445577379,0.05591392402415285,-0.01351350045186761,0.08208963555977311,0.0064516069489635175,0.0018050741332669151,-0.024334578259096906,0.02880655609866367,-0.01937980511810733,0.007518789579387564,0.05385991106858867,0.01981158443861264,0.005825190760321952,0.0006005761529264131,-0.023972660901509624,-0.052631592156154094,0.05895697004035272,0.0,-0.02702706534118826,-0.10041840962444881,0.022712142371575483,0.07499999668863078,-0.013536366458805515,0.021844697836848948,0.05913979218231891,0.017643207859189936,-0.01121080500161542,0.0019762669544192146,-0.006622510282393357,0.001410402232647101,0.02640264707790485,0.0,0.027995519759960397,-0.02255645836920439,0.010587593113750016,-0.017562716050817495,0.009913278309074292,0.06097552207851087,-0.07142858967489152,0.02779474040194141
2025-12-11,0.0,-0.08251232582964674,-0.06432746907297471,0.005260409272262789,0.025423806722535414,0.04624272995609524,-0.009090900552502501,-0.019936997450897498,-0.011111153496636272,0.0,-0.026315764707210976,0.034498420571659194,-0.1387899908993675,-0.04155120811848967,-0.004739332208735791,0.020722396067784477,-0.018181801105005113,-0.04444440323629384,0.07462688160516184,0.04892599544307563,-0.04076544976135932,-0.016129016752173708,-0.010784255078594818,-0.012820501064172207,0.016260146842582035,0.01627216285034838,0.03137261318454776,-0.022813756116841444,-0.006134853422344433,0.02983724332602611,0.010199081248975173,0.014285700905079413,-0.05536337851058293,0.025362266662186217,0.4444443340654771,-0.013600006103515638,-0.0005552412792230177,0.009970068656484976,0.015053697502921848,-0.04761900369272076,-0.014256557433726447,0.059360672431823636,0.04827575502685422,0.009615452214343234,0.00518015109335157,0.0,-0.019999980926513672,0.003952581237976149,-0.0074626792643007756,0.034071599659536655,-0.03789810664059223,0.01254827401052383,0.02801123526813587,0.049122845469787624,0.0888889389273575,0.1766594851792478,0.002227222581649535,0.011111167036458314,0.0,0.024820308926247314,-0.11886300086077117,0.12864494164919904,0.033254124754644065,0.07106592104181897,0.03113144543626145,-0.015872947221369227,0.013806708587790206,0.039999961853027344,0.011267595039523348,0.0,0.02870822184792665,0.006535889318931121,-0.0076923006385033466,0.011627170922887231,-0.010215275016571823,0.004498920533252404,0.019853765947388302,0.03846159489197354,0.035363999190128004
2025-12-12,0.0,0.0912752110852546,-0.2541667121979907,-0.020408230483562217,0.01652890933552542,-0.06077342462613722,0.009174303230812475,0.011777264976464474,0.017977618870150813,0.0,0.0,-0.021500730968946447,-0.19834710906644748,-0.017341023733535632,-0.035714196510051366,0.0,-0.02777775120506243,-0.04651165208409025,-0.055555583150297405,-0.08532423245220266,-0.08846483327944621,0.0,-0.02675918591875004,0.03896108017862199,-0.048000030517578174,-0.020378424405340767,0.06463871881294758,-0.01167314092180416,0.004115148112041611,-0.033911368241273054,-0.06430286863410906,-0.003521123508970825,0.031746061319049224,-0.04727268628837289,-0.2692307515962583,-0.00648823391736153,0.0,-0.017769003999232424,-0.0296609899806608,-0.05000002607703169,-0.061983508528291376,0.012931022522848945,0.009868412197177046,-0.03492067624892348,-0.0006722010388671151,0.0,0.008163257362146625,0.0,0.015037579158775127,0.023064227763815337,-0.0009930082822244835,0.01620591801746296,0.06072399507638271,-0.016722392025687927,-0.04081634763179798,-0.0009099389526937562,0.010000016954210045,-0.05494506646146946,-0.018604743487125486,0.01784580243372802,-0.002932548449136152,-0.04559266221522018,-0.04597696865513612,-0.09478670067201278,-0.007977436169602115,-0.009216580748084957,0.009079140248383188,-0.05769225478877493,-0.06545958237166194,-0.009646285334930726,-0.018604743487125486,-0.00432900030777672,-0.10077519308209071,-0.01982150867998289,-0.03427933750812806,-0.005293078619676983,0.0020491294692979167,0.037037001061669184,-0.022675112286664634
2025-12-15,0.0,-0.017220214188444882,-0.0893854581179796,-0.06730770700311806,-0.016260146842582146,-0.02941180595477033,-0.04848480294668034,-0.043386228115066205,-0.03752760892281226,0.0008396497909284317,-0.05405408235428677,-0.048878932281594456,-0.05670103662920378,-0.038235326704268546,-0.014814858857385205,-0.00232018432420944,0.015873000254767344,-0.04878051439826525,-0.08823529669570263,-0.06965173450703277,-0.09514747651974031,-0.032786950921536606,-0.01629326137398912,-0.05000002607703169,-0.033613414399392694,-0.026745870069665,0.014285700905079413,-0.047244050142243865,-0.004098283070202546,-0.009315002910315506,-0.03326906086904535,-0.01060069688994325,-0.011834252077232543,-0.007633580839735754,-0.05263152941442195,0.0,-0.11055557322933462,-0.05929652377444683,0.004366808135300104,-0.07894737254879813,-0.07488990208033341,-0.07659567474185358,0.0032573816323062665,-0.027960539214994307,-0.0011210886617415428,-0.01558844976262208,-0.09716599463838127,0.007874039694389046,0.029629600849335302,-0.011272169280415079,-0.0026507595393342465,0.03189494910456592,0.054128454365861556,-0.04081636790548637,-0.08510636544000938,0.05100186183638433,0.0,-0.023255860695907793,0.009478777412064598,0.012523509659221777,-0.0029411735831660346,-0.05414014987720306,-0.09156629053216292,-0.2513089149014798,-0.01113449839776115,-0.023255901635817477,-0.0012853764282972913,-0.027210938968575293,0.02235470857148547,0.025974032061205188,-0.004739332208735791,0.03043475421480002,0.02586214781232954,-0.0076955630593961155,-0.06049621930024185,0.002455922553516121,-0.009202469841024019,-0.2857142735500723,-0.0008810214381509418
2025-12-16,0.008995517397144992,-0.03254064574375981,0.09509200726576972,0.0005727508250976676,-0.04132237185888454,-0.015151500920837613,-0.022293047555013712,0.006637214587376983,0.01376145434453857,0.0,0.0,-0.03724653664681443,0.12568300244287833,0.04587158906494282,0.027568895948097083,-0.010465054688210018,-0.003124996973201677,0.0,0.032258033504347416,-0.014705900164961427,0.02103047365422106,-0.03389827426361236,-0.006211173285017857,-0.013157882353605488,0.008695685345193604,0.009160289947970579,-0.021126741053825282,0.008264454667762822,-0.012345746062694563,-0.0027519535178193166,0.005580629245599322,-0.02142855135761923,0.0,-0.0076923006385033466,0.01851850012202405,0.004897993438097936,0.0068707540882158025,0.0042735162074336586,-0.019565147307958775,-0.028571401810159047,0.03928570698718592,0.07373264598467966,0.0,-0.008460188695199267,0.007856428384975134,-0.0554235790120674,-0.02242150308907087,0.003906261786828402,-0.03597118908694685,-0.016286629773138106,-0.038538200422290836,0.009999968788840574,0.016710166609639865,0.0070921919858044635,0.05813954777818142,0.029462751621473604,0.0187018782662558,-0.09523807834335418,0.01877932380464986,0.011750151095006878,0.0029498496028923515,-0.02020200074126499,-0.2042440278042863,0.0,-0.014637785117955882,-0.023809502184254927,0.0,-0.013986001160915085,-0.03352769892085361,-0.01898738417985746,0.0,0.020042251395804955,-0.008403453102266312,-0.001046335739939952,0.030875492014977635,-0.0073499533002935324,-0.01754376986390993,0.20000004768371582,0.04732512018482771
2025-12-17,-0.05695887013922507,-0.0064683299626765445,-0.08403360165998108,0.0,0.02586214781232954,-0.06461539635291469,-0.003257325954627577,-0.01648357867215422,-0.038461555058724284,0.0008389453706232342,0.12857147844470362,-0.1523016943551354,-0.08252425330423852,-0.052631597292903454,-0.03414630969318089,0.008225555477423097,-0.015673965962198277,0.1025641613458057,-0.0937500058207662,-0.06512890454910425,-0.04531406577288433,-0.017543843138140613,0.0,0.0,-0.0344828068146934,-0.00907714070719412,0.003597118908694741,-0.00409835665112579,0.02083334606242393,-0.040703700883525484,-0.039376365551227255,-0.014598526172921567,-0.043113843581429556,0.0,-0.03636370926848953,0.02924448776651256,0.08498753596403641,0.010638378947424698,-0.0022173455375444906,-0.0735294285220669,-0.04009157458738566,-0.09012877468809122,-0.01623377863498654,-0.010238897851962525,0.002004391050547616,-0.029337835081016728,0.01376145434453857,0.003890962089369232,-0.022388126755056525,0.008278177326266567,-0.01935042719270119,-0.035103456498672636,-0.010443427699796337,0.03169019553094432,-0.02197806588435247,0.026094230888563663,-0.04103672840694994,0.0,0.0,-0.004278708877054949,-0.02941180595477033,-0.08247422764877088,-0.009999990463256836,-0.10489509207000602,0.006348400030959267,0.0,-0.01158303124952631,-0.03546095992902232,0.036199059875642536,0.0,-0.00952380087370197,-0.016546002704214025,-0.008474568565903118,-0.018299452648537495,-0.05123149702701657,-0.008226977802405888,-0.007353008942499462,-0.041666724615624595,0.010103861901753497
2025-12-18,0.0,0.0625000038805108,-0.009174303230812364,-0.013165400759947987,0.0,0.042763196076383014,-0.01960782480441492,-0.012290464695135839,0.01411763359518603,0.0,-0.025316506313829312,0.06181396463526512,-0.005291000285156167,0.0,-0.010101000370632551,-0.0017483346000805033,0.0031847102322188903,0.023255791388182345,-0.05172409009139556,0.043541392822680214,-0.02696871495735731,0.017857125751218117,-0.002083331025012347,0.0,0.0,0.019847221814231153,-0.00358422602149977,0.02057611149904548,-0.010204087740071643,0.026489261373472184,0.026960203523290316,0.02222220063700142,-0.011264039840909401,0.011627896231359847,-0.047169768882415086,-0.02288871034781037,-0.13264721583679695,0.0,0.008888880411783928,0.03174600171093722,-0.3436754266241512,-0.01886790755296608,-0.016501662978895104,0.02068963476083585,-0.0037786593201207808,-0.007772033953441282,0.0045248824844552615,0.0,-0.045801485038414524,0.008210133439234601,-0.008104282911829186,0.019589555309328155,0.020588277804738153,-0.010238897851962525,-0.07865167862085831,-0.01722723916126412,0.036036001204980295,0.03947372548798156,0.01382487112212738,0.03192137703410847,0.006060600368335001,0.028089815401518337,0.0067340002470883675,-0.007812492724042275,0.04163506602852873,0.002439080271815719,0.06054695830971646,0.05147053860772499,-0.058224177879280914,0.0,0.0192307515962582,0.006309091955662094,-0.017094001418896276,0.012301458812235433,-0.004153702110101909,0.006221456759049948,-0.001058225299859883,0.0,0.006946373668817563
2025-12-19,-0.019958038332095862,-0.006127474469343364,0.018518500803375026,0.006380545928767578,0.0,0.018927426288799065,-0.006666660308837891,0.006787269785828887,-0.02552207307999743,-0.000838242131267819,-0.025974001846660322,0.04896635293651275,0.053191502178454586,-0.0030864168005625414,0.10204083866896263,0.03619385078620274,0.019047600305720724,0.02272725117600638,0.03636360089641055,0.11961058785399614,0.0875831398847724,-0.05263152941442195,-0.020876803542647093,0.026666641235351562,0.04464285790312039,-0.036814409525107394,-0.014388475634778741,0.05241930444456444,0.024742202376501155,0.03503035989468506,0.04687918334212826,-0.003623184962974757,-0.03797470722953333,0.003831414124593202,-0.06930692426574747,0.0420031905720899,0.06921553038390216,-0.03157898169370432,-0.057268668332445816,0.03076929425347008,-0.09636367451060901,0.04326930571590215,-0.016778450916770438,0.018581103394726073,-0.035921435393343026,-0.020887708955524942,0.0,-0.007751862166495371,0.0,-0.027687309444723085,0.13108350209811737,0.00182978074391138,-0.0335650669706008,-0.031034534354554055,0.06097562482568364,0.01836396289108211,0.01956525096821271,0.05696196944605636,0.018181800448205276,0.007733537806731361,0.015060226904115348,0.014572022564386833,0.0,0.17322837158606186,-0.02797962241888774,0.0048661752498320165,-0.03867409654438558,0.03496508626543049,-0.0695517502098415,-0.025806458623273132,-0.028301861329449007,0.0,-0.0695651524909715,0.017794100659952905,0.10531802203773255,0.011129412964180796,-0.04025415017562661,0.04347832396711104,-0.027042033983014302
2025-12-22,0.031618443591237,-0.01233038619342941,0.021212101289172614,0.008645510964396141,0.0252100587791928,-0.01547986130682022,0.010067104428777007,-0.012359512515958015,0.014285814843214784,0.0008389453706232342,0.0,0.024377556878410367,0.015151500555948827,-0.009287916784092132,-0.034722242918278634,-0.0028168189201884797,-0.018691570737231822,-0.02222220161814692,0.03508768627628123,0.14534162094064973,-0.024464904640835616,-0.09259261098908711,-0.0010661484166840651,0.025974079255291826,-0.05128200321168175,-0.010920389468102698,-0.05109492861930498,0.04214564671864318,-0.006036103321282904,0.023973375616337833,0.013561892386497076,-0.018181800842285156,0.06842105098048079,-0.007633580839735754,-0.07446807768615782,-0.021705406298538565,0.051787850125388335,0.02500004209044726,0.0327102475754002,0.014925358528601551,-0.06639837779416269,0.04147461336638236,0.010238897721176698,0.004975079921621495,0.007174256060568984,-0.008888922797309018,-0.01351350045186761,0.0,-0.015999984741210893,-0.011725242426176341,0.004082888195464873,0.004566227543908896,0.04104543451116105,0.08540925780209974,-0.04597703590624891,0.04590167445670068,0.01918979775902807,0.005988018395350014,0.004464281437804418,0.025973857294280256,0.04451041556713475,0.0,0.0869565182722325,0.03355701476259032,0.0049844426900798044,-0.016949193637214477,0.02809709695688989,0.0,0.029900303805469486,-0.0033111994483591145,-0.009708728874782357,-0.027168159195254282,-0.037383251496717174,0.012487835075694509,0.022641523829046273,0.0004940353341673642,-0.002207555942311812,0.0,-0.022972138319674484
2025-12-23,0.0,0.0299625173858038,-0.020771494249230527,-0.008571406773158485,0.02459013990675496,0.006289302046118772,-0.009966767935156495,0.0,-0.01173713334470583,0.0,-0.039999961853027344,-0.011139205739467917,-0.06467661484996656,0.08124999580904846,-0.01918463363126699,0.0,0.006349200101906982,0.0,-0.06779654852722472,-0.00433839053086249,-0.034482751748104,-0.08163269526359607,-0.006403408216061224,0.012658215432457043,-0.08108112984455795,-0.009463713144399533,0.003846150319251729,-0.029411736347271344,0.0020241540941601244,0.0016526362241788828,-0.003913122365778676,-0.014814800424667651,0.03694583681810082,0.01538469297646361,0.03448272554637244,0.050713181388781114,-0.03282520751024198,0.0021208451597218847,0.011312152270284148,-0.04411769217479555,-0.043103408409496224,-0.022123872799678757,-0.0033784326705895706,-0.014851510468267493,-0.0018382556933347338,-0.013452881045931897,0.059360672431823636,-0.003906261786828402,0.008130073421291018,-0.013559308883548837,-0.008132631669254597,-0.009090943769975102,0.04465040596478542,0.00327868544904808,0.0,0.0054858694019281895,-0.03138077171202591,-0.041666628231130654,-0.008888880411783817,0.005178405714619139,-0.005681812794001595,0.032315946641153115,-0.015384600712702867,0.0,-0.005951684412300651,-0.012315200640981905,-0.0012422644279369566,-0.06756758280615438,0.011290350615296818,0.0299002788470486,0.004901956201103674,-0.008593004701890727,0.009708728874782357,-0.0036099276775106715,-0.011808106653866557,0.0016461282626847318,0.20022128620072288,-0.041666724615624595,0.004063842860608791
2025-12-24,0.0,-0.013333291718454099,0.03636367445806554,0.005763710620809492,-0.007999992370605447,-0.006249993946403354,0.006711402952518153,-0.003412938919383879,-0.016627119008812974,0.0,0.013888875091518038,-0.002048177886378455,-0.00531914387692578,0.15606935141602718,-0.009779941408490589,0.0,0.012618284192532636,-0.02272725117600638,0.03636360089641055,-0.009803937864484302,-0.00432900030777672,0.0,0.005370511491182839,-0.012499987892806708,0.009803959150949337,0.022292971625532454,0.007662919597304585,-0.026515215484780308,-0.008080754418355651,-0.0012099280563585557,0.0027879049689389923,0.0,0.007125827244504279,0.0,0.033333368654605344,0.04223223652158303,0.03030294560534963,-0.01164021792767922,-0.002237081099336957,-0.015384601277006582,0.004504500150622537,0.018099529937821268,0.06779666306715693,0.008375241623460372,0.007136359264720005,0.0,-0.008620681681899223,0.02352938206606714,-0.008064508376086854,-0.0034364227382496226,0.012929670742654498,0.0027523566693072876,-0.004193521315051685,0.00653594160147164,-0.024096363046584468,-0.02727984283328244,0.030237551409326713,0.0,-0.00448430061781413,-0.00515172797702268,0.011428560529436416,0.0,0.06562501094304007,0.0,-0.00236989916865582,0.007481229740367468,-0.00932833452997317,0.0,0.003189789631157014,0.0,-0.009756088483765968,-0.006500484173138532,0.009615375798129211,0.0021737854539265467,-0.000746843063885616,-0.00041085574441845907,0.061751156934354734,0.0,0.0043365575373575105
2025-12-26,0.0,0.007370941451077417,-0.06432749231065238,-0.040687734142063725,0.008064508376086854,0.009433953069178047,0.009999990463256836,-0.018264822286715,0.03381650913955192,0.0008381621920983129,-0.04109593179530491,-0.008722425771695796,0.010695176938778195,-0.125,0.004938266662867674,-0.01412431245782697,0.06542057185401129,0.04651158277636491,0.017543843138140724,-0.08690868521362094,-0.0326087170602698,0.15555554378179814,0.009615426336519795,0.012658215432457043,0.019417456850636006,0.0015575937579195287,0.049429608504018674,0.003891046973934831,-0.006109963615975489,-0.009856248445113347,-0.013016540061264625,0.0,-0.047169768882415086,0.011363625074878314,0.0,0.006512312197922698,-0.02411762232431458,0.01284800102819661,0.00672639746964121,-0.046874956344253316,-0.00896860123562837,-0.053333282470703125,-0.063492109885806,-0.00664451195677096,-0.003200035324268824,0.028181856328790778,0.03478267990573958,0.038314194766478904,0.024390220263873053,0.05517235936222864,-0.013075908558900728,-0.000914933998409917,-0.006154860022424824,0.022727329024459175,-0.08641974400173069,0.02243595327851544,-0.018867956592823587,0.012422348291186713,0.0,-0.004027599963452477,-0.03954798530910497,0.008695685345193604,-0.032258102857967486,-0.08441558341027755,-0.006251562628331042,-0.029702942250534492,0.0,-0.014492739851898917,0.01271858890162636,0.022580709506471397,-0.00985220749181659,-0.004362045967309713,0.00952380087370197,-0.0037958961148329973,-0.018871489678471298,0.002877093918772111,-0.0017361507785524921,0.026086932184114398,0.01324119350166253
2025-12-29,-0.025974025974025983,0.047561018584670434,-0.006249993946403354,-0.040023899967424725,-0.015999984741210893,-0.024922094316309096,-0.009900980750178201,-0.0069767926692168025,-0.007009394471429897,0.0,-0.057142803620318094,-0.001552731872191071,-0.021164001140624777,-0.017142840794154623,-0.036855058732393475,0.012034294574004623,0.005847947508874407,0.06666667108182556,-0.05172409009139556,-0.05903617309579112,0.006741620470609444,-0.0769230636971937,-0.008583683082144522,-0.05000002607703169,0.019047600882393878,-0.015552085116992354,0.03260866466677248,0.0,-0.016393432770819394,-0.008564166845712595,-0.01177974631139278,-0.007518789579387564,-0.03217818743807899,0.0,-0.07526880893449261,0.03810206605212829,0.0006027664710803737,-0.005285452178932726,-0.040089050671331505,-0.14754103486558956,-0.024886907605358388,-0.03286392859173648,-0.013559280597393752,-0.055183933554097786,-0.0041274515120468536,-0.009725959882439184,-0.016806806028663912,0.018450145584783417,-0.023809501283202916,0.004901995158388628,-0.025236628553790497,0.03205131676047657,0.0044002681727177695,-0.03809527629987697,0.06756758280615438,-0.06191222160520726,-0.053418805378193546,-0.061349708057911734,-0.027027000903735332,-0.012709280581129634,-0.0015000034360324044,-0.010344899593718315,-0.03939390239417773,-0.06382972787224006,-0.025163562097730185,-0.03061227592911475,0.02008786495253534,-0.029411736347271344,0.015698572437853553,0.006309111631420228,-0.009950239314132636,0.019715257712984657,-0.01886790755296608,-0.006592454106888357,-0.008188849823333233,-0.02499994723523169,0.012173942897630852,-0.254237259026745,0.009659095034618925
2025-12-30,0.0,-0.0034924019136546303,-0.018867981112750454,0.07405106139739925,0.0,0.0,0.013333320617675781,0.012880521916697862,-0.02588238435633039,0.0008375401367908264,0.0,-0.013996912646403126,-0.07567566696791173,0.014534869617613966,-0.005102035851341613,-0.007361183350028111,0.023255791388182345,0.04166668994973155,-0.018181800448205276,-0.0025608170388021767,-0.018973222719885552,0.1458333837799739,0.006493552067419417,-0.013157882353605488,-0.018691571292548725,0.007898924381912087,0.09824569093957503,0.019379919462571227,-0.02083334606242382,-0.009030741650075225,-0.0031095861987634477,-0.030303090509739783,0.02046033809461112,0.00749062934645095,0.04651158277636491,0.019390629832558126,0.0,-0.004250808722557897,-0.02552207307999743,0.05769236941309597,0.05336427427540946,-0.02912618662434696,-0.03436428653726642,0.03893801530588181,-0.0004606045030334238,0.031250034591981946,0.004273500354724069,-0.03985500857870883,0.016260146842582035,-0.006504058737032858,-0.05760513919972465,-0.047914897390740396,0.02222941600099282,0.003300326916725993,0.012658215432457043,0.05597327162468413,0.047404073653368295,0.0,0.0,-0.0023406671550706415,0.02653975355291016,0.00174220022310001,-0.015772930451572353,-0.08333334085917199,-0.004259187103212159,0.06052638431004964,0.018461491511418293,0.08333325054910778,0.007728005000968041,-0.018808744327564964,-0.04522614720969398,-0.0010741383921707426,-0.02884612739438741,-0.005296773925038023,-0.007680520580173877,0.004623736812516599,-0.027491463836777474,0.19318177046115714,0.0219470669443933
