Date,LAG_03,LAG_04,LAG_08,LAG_15,LAG_22,LAG_27,LAG_29,LAG_33,LAG_35,LAG_43,LEAD_01,LEAD_08,LEAD_14,LEAD_16,LEAD_19,LEAD_22,LEAD_27,LEAD_29,LEAD_37,LEAD_45,LEAD_48,LEAD_49,NOISE_020,NOISE_021,NOISE_023,NOISE_032,NOISE_040,NOISE_041,NOISE_056,NOISE_060,NOISE_061,NOISE_069,NOISE_072,NOISE_075,NOISE_081,NOISE_082,NOISE_085,NOISE_089,NOISE_091,NOISE_100,NOISE_116,NOISE_119,NOISE_124,NOISE_127,NOISE_132,NOISE_134,NOISE_140,NOISE_142,NOISE_145,NOISE_151,NOISE_152,NOISE_153,NOISE_156,NOISE_159,NOISE_160,NOISE_161,NOISE_170,NOISE_172,NOISE_174,NOISE_177,NOISE_181,NOISE_190,NOISE_193,NOISE_204,NOISE_205,NOISE_207,NOISE_208,NOISE_216,NOISE_245,NOISE_250,NOISE_251,NOISE_258,NOISE_267,NOISE_268,NOISE_270,NOISE_272,NOISE_273,NOISE_282,NOISE_295,NOISE_300
2020-01-02,-0.019825645829888532,-0.0258514952320248,-0.013036825782489827,-0.010984264198450258,-0.009344500478345202,-0.009761446389446414,0.015429534856010969,-0.012882523007854356,0.0039011308349883762,-0.014611758121745151,0.010161754288415729,-0.00015417302964488156,-0.0016682146949312275,-0.008696412257322284,-0.03343944943585104,0.005342725929234615,0.03118364580964703,-0.024927869970783247,0.028396889747461063,0.029347519766553566,0.01507288563266927,0.015673209484534153,0.02049313829799217,0.02576899944825628,0.006657415342921973,-0.007223829461678044,-0.015683672570903695,-0.004168450296202129,-0.015791689228878972,-0.014514505673241963,0.00393591021113084,-0.036057956288629935,-0.00667783287607335,-0.0036155218444054787,0.026101299862577254,-0.0072063267968043064,0.02724678954414364,-0.02780349339841671,-0.002178555400704887,-0.017581678929205636,-0.015268808022232981,-0.0011882861672357157,-0.013990508604043925,-0.0031312328400348232,0.009899529757085818,-0.009225128128927512,-0.046542668431912695,0.011075114514006279,0.006806905905703316,-0.0012206942885986832,-0.009450031997025357,-0.015879943932326716,0.0022323617499076425,-0.009296375821235034,0.029713513597076507,0.022986362789670894,0.021670287434304422,0.018384343158627282,0.005646997948198147,-0.024949834015878004,0.0075017273234478255,0.011290709379188938,-0.002258067884157742,-0.011945167015238671,-0.023063497145260233,0.016599894751575632,-0.015087477505041592,0.0002919671946051482,-0.024497545989103982,-0.008587080368153806,-0.02757535592208533,0.004766942795955205,-0.01078471621038496,0.003482996792294367,-0.00739019971480861,-0.010227040347394408,-0.0014596133304797408,-0.0021637892468086254,-0.0052108602050540765,-0.014891623554161243
2020-01-03,0.012980437170492064,-0.018918733316865464,-0.01469814162628392,-0.004088771723328577,-0.015718464481685956,0.021254124833670843,-0.05019712189113234,0.013848622438608356,-0.016770121927732327,-0.003593804696667216,0.0250431807393222,0.01590468498514364,0.03114373264753516,0.0097797906132009,0.008007365789251219,-0.0005697824902078578,-0.00243474507567251,0.004395161678802864,0.02071832418864068,0.0061878088491964045,-0.009129912190081914,-0.03590258393239737,-0.020748694373404666,0.009272996438568753,-0.00485288194452003,0.015236227623665072,-0.003255627414747491,0.02029287643516551,-0.010658881484005636,-0.0009019061235357169,0.013337581573034503,-0.025425046537936882,-0.004129334687264058,0.018057193687202086,0.013249717326942223,-0.01174392741245386,-0.01672337318104742,-0.04632800875105354,-0.003129236516695902,0.02032413306517638,0.05453163201378304,0.02078722976492744,0.03447000719232886,0.005219385698412203,-0.013410122011705506,0.008506716172859932,0.009601363073051851,-0.008006441713288587,0.01231720724163019,0.017591205869722057,0.019579170669267155,-0.02772394459334962,-0.01677615100189175,-0.04490175390567574,0.0013090791590778684,0.0012064520160140098,-0.01346278853207556,-0.019433099834739703,-0.013156169954432667,-0.0124368116657807,0.012550070263111618,0.018858263973897695,0.015172689760755911,-0.016237989312642954,-0.01977152777674875,-0.019178041589543067,0.008651639944359048,-0.004064965101175051,-0.013091264410296023,-0.018097077648478538,0.01904126254599313,0.016198332365781908,-0.0024014301316617366,-0.015144906172929047,0.0011465650584603717,-0.03843989309255641,-0.004503577990614284,-0.0018848615505519279,-0.00016198125494067462,-0.00375218561528433
2020-01-06,0.006260645407645463,-0.012836357974790363,0.012918740511862379,0.0060563771957978805,-0.0016658175802118473,-0.003694858812817747,0.020147695805873028,0.01578308669518262,-0.003676794859107269,-0.006503537692191185,0.027187704464614885,0.013026619039904078,-0.006660795514778376,-0.012706107392433292,0.010044694407039478,0.002631032803549914,0.01295211965134141,0.02077454118884366,-0.04920871644192411,-0.013667620730402593,-0.002667806442232451,-0.027729788413824865,-0.03846593999799418,-0.017563203055978752,0.02197943501528364,0.03278051797363916,0.01216693026875904,-0.007713294319277565,-0.018661514648018844,0.006753535374436824,0.03819981847709101,-0.017172795910547985,-0.014500355362787733,-0.02444110822881931,0.0022614518285313345,-0.03350834945297659,-0.027302245632406495,-0.01525176415001402,-0.01872298060319955,-0.03607633254661347,0.011544261621991939,0.012147954868975583,-0.0014248529991586507,0.02093369730816141,-0.007608472604282569,0.01480961011724915,0.029379010099104645,-0.03386366042240284,-0.007618818881281454,0.013738315603374645,0.008121270719234151,0.0032948844503774945,0.008955696037888792,-0.0004640460705168456,0.009029562453852292,0.00634871166258553,-0.006192885143072702,0.039424613868114244,-0.01186385632067951,-0.0025217116282334052,0.023106188601755506,0.017335247623424935,-0.021898118194823995,0.003806699952506978,-0.012575951770892269,0.03835306975662354,0.016032584682682146,-0.025526854548625005,-0.0021804707216210957,0.04733638792974205,-0.010684862821986208,-0.03355160893534628,0.027252815414710155,0.035236999839272566,-0.008184114600901161,-0.008176362240325934,-0.008923578717630628,0.026859512100724535,-0.02383294253662426,-0.02152352627601455
2020-01-07,0.029404971128207363,0.009133117247043493,0.031104699328141038,-0.003024093515131014,0.015982482697799703,0.04076503701140552,0.008039751259498322,0.014064520277028612,-0.0005617788314352338,-0.010612404620114,-0.0036797732020592846,-0.02666434107901992,0.017343137782003727,0.0018254379633514653,0.038761897987862795,-0.004257197655127346,0.016294614432433633,0.0009918365532317174,-0.01539414198475711,0.006133938840596752,-0.015925803779841808,0.0029202121955145387,0.010375593054802588,0.021446562248859383,0.03470440041849698,-0.01770085950564411,0.029489195636808373,0.007992210041970151,0.014549978092938601,0.02959021408868305,0.0005579189623668625,0.05724235783121696,0.026718395209413194,0.046618548322697885,0.006403001481515342,-0.0036734849203304116,0.01753543268553148,0.015142974061104953,0.01092815714209383,-0.01749945205063242,0.0052878802900778185,0.007384918008501898,0.009795453020755206,0.027723489076006844,0.03992306751019601,0.004852976316713429,-0.024280471381270558,0.03100614269971201,-0.0025626778107724385,0.01667080474036405,0.05903885630500441,-0.022183629802336634,-0.007946094476006214,-0.015390561557727707,0.030885124211136317,0.008325558930000223,0.011184726774013094,0.011615024700833443,-0.0002339295015707191,-0.03689825539618354,0.0015836008195559965,0.018751676253468134,0.013142745879014208,0.021329982231497596,-0.015127393007973205,0.015180037944963856,0.019963601341754827,0.005982295648342894,0.011160293915337136,-0.004220945128569951,-0.002307273056651268,-0.01426813454634889,0.007998563092095682,0.015876767834473143,-0.011192320163816938,0.015109541622059748,0.02494330631901361,0.003623830731304234,0.0031983820843546657,-0.0061332514422605304
2020-01-08,-0.004021145742404536,-0.017808707564097696,-0.027822891024100103,0.006625294750999183,-0.0065969970879500425,0.025050303063078264,0.01652425239448812,-0.025963710802723427,-0.015343729575997476,0.01156701730794124,-0.028660808092357083,-0.016494679590047256,0.0015346571878591367,0.01238698590869397,-0.00486812949590239,0.012921664824237088,-0.021703473566714895,-0.05565920864686441,0.003961138517703004,0.05006475610138977,-0.012672797318211547,-0.04513450210578838,0.00987502560502302,-0.017202107106454846,-0.007855361519287255,-0.02014262610942776,-0.012937522840583816,0.015988383796817305,0.029366343053542306,-0.03442088153354554,0.032062346457201046,0.019897831788500894,-0.01682106462324344,0.027439899730639074,0.029115584141003476,0.008308317424942835,-0.0041139922319492865,-0.0023418795582318516,0.015247196811359559,0.002636791306254652,-0.005060730031159614,0.016999488873011993,0.00648189074310944,0.0016522183879396624,0.016874171689993483,-0.009631494774940469,-0.004083694562204651,-0.010518424756418359,-0.016192985146813436,-0.03512461480991602,-0.036865827305845075,0.003613556470400994,0.03085909867197794,0.0364852576127089,0.012642413375431252,0.007998766689200224,0.0006667344609358946,-0.048371443859810015,-0.014987133953910506,0.026154601588289698,0.01534086337243781,-0.010691259222175736,0.02758075139374503,-0.006607723687342199,-0.006211144806029697,-0.02902077184572497,0.035228441949370935,-0.03706549735424997,0.02244162173405765,0.025120090704119184,-0.012941840976154612,0.03743178187863197,-0.01851729466905549,0.010736935059669177,-0.016745452359457933,0.007090638364028127,-0.0203074432656036,-0.004891131526814885,0.01774864709456347,-0.033899216370518834
2020-01-09,-0.02092972695066487,0.005329023497046632,-0.004892186681662903,0.0016236615325136174,-0.0006121030258093383,-0.012648719503168789,-0.039810542060029375,0.029839973922384324,-0.015183379186602385,-0.0005176790955199531,0.03189523978087727,-0.006421588589184937,0.01453741047489872,-0.01228847048895684,-0.022567026750215553,-0.014455605108889876,0.0032651125258433083,0.009183226319571162,-0.020298331415981676,0.04314431774895475,-0.0234076719620868,-0.03146425879123414,0.0018988083413764968,0.010472422310948064,-0.000996461045736702,0.008939947089890474,-0.030908385018469833,-0.019018475243741475,-0.0008866456503398344,-0.003709696405338414,0.01266553052777055,-0.0021883419234055503,0.0007786520268034655,-0.014207065589110713,0.01187796081601005,-0.016414913720081106,0.021826484156396292,0.01367258365766925,-0.0003834569297548227,-0.02025418617901818,-0.012083994371183682,0.00883230796761475,-0.012252894622258986,0.04207549393439642,0.027377390227867584,-0.0029140863310295486,0.005548720000232197,0.0013702261229245627,-0.023145960622244634,0.02704269381269795,0.05754394274228391,0.03116776351795153,0.02410814115239563,-0.025531484016919483,0.008383509246610573,-0.0013639449377943827,0.01173960441595509,0.010619136658436602,-0.014451613673851282,-0.02527052721328842,-0.027214708673214565,-0.018265135618040163,-0.003546905530239335,-0.0083609949648634,0.00338373301510165,0.009929314015961244,-0.024123845192262065,-0.01538452113732852,-0.0179894505091416,0.010334777412774812,-0.00462585030074706,-0.00018230742649072537,0.011724052884066683,-0.01611117248842124,-0.013044034332431344,-0.018605536915943178,-0.026691342641030787,-0.006024040674614036,0.03821417583452679,0.025599804695357577
2020-01-10,0.002823069741261357,0.0020315053849119446,-0.0023609433115567716,0.02494634091254811,-0.015180738343428916,-0.010333676028903843,0.013647183586455374,-0.006471176541707069,-0.003604859836517073,0.011723880724408511,0.023782595629069325,0.004460406059243262,-0.02909122810489449,0.005827489124771677,0.009890449840975452,0.0022751536696055475,-0.04428536371769103,0.016553150194703974,0.007378344058164934,-0.006969323827239606,-0.0037229643793129804,-0.024973268495252547,-0.01938840400419443,0.020166753244801546,-0.013023184185481783,-0.027466041365598274,-0.0517392020640146,-0.025715713922572755,0.009110218908968667,0.013943010612489117,-0.013820868067733692,-0.016128463356764874,0.011405039345427245,-0.012311866156043589,0.011274658238269224,-0.021997021899697992,0.01691121076113114,0.022341796246076257,-0.008523104280260712,0.004988167351139004,0.00429428847711597,0.011769395953247767,0.009596329574551065,0.010217483478960471,0.008401560500176214,0.008235524283664251,0.022597462820018805,-0.001551313668165523,-0.01675895243987419,0.02560748758108374,0.02533707475781555,0.014751850251770707,0.0020676096109030627,0.009271079058402661,-0.010504255889156093,0.011750845700717966,-0.011477006987896722,0.0008280313246612144,-0.009319496100393466,-0.04241818222893468,-0.027332584721889607,0.01157340169181736,-0.009688340662003072,-0.0006209167949811034,0.019375532610378454,0.040884636564181405,-0.009604347439936113,-0.009979044234518288,-0.007387823220849834,-0.003911501349572609,0.029046844616869898,0.006467498867275846,0.004673662149244224,-0.005599700302156125,0.0044994503448704,-0.02468271103910686,-0.04434192876472203,-0.016032578678784003,0.012674122960194309,-0.004012885545698507
2020-01-13,-0.03981095175742374,0.004156870891353274,0.004474861292475598,-0.004236643225484952,0.0075199488275096635,-0.013205359049163295,0.012444873305114273,-0.01668090039721119,0.005116285192290461,-0.012696514398615308,-0.013039043080467714,-0.0242548122974961,0.05685187456020919,0.007060784968300019,-0.016641409354655932,0.00810480051098291,0.026933460028022924,-0.029573471926205946,0.01930528768760896,-0.0237170465847774,-0.01948334856344444,0.03966747198845148,-0.016039879977060984,-0.00767673959792927,0.03024973777129931,0.02663264083266425,-0.01359031233744972,0.014684622364312755,0.0030489598203772977,-0.05070434330309495,0.018540508255693595,-0.015003113665496056,0.027202327942086626,-0.019675029140005667,0.0024445415256775845,-0.01433817518018831,-0.03223546296165335,-0.0017879751358432284,-0.008741195947860396,-0.013811956752938505,-0.010621510324008343,0.021409787768867056,-0.02634392673824887,-0.010913724114237305,0.004431313093102436,0.017849194714853946,-0.003487409631344223,-0.0219166684628307,-0.005553016093516112,-0.018419037905220616,0.04228988739542503,0.04016084965843742,0.014323801332753697,0.014613593041749598,-0.00501264888663373,-0.008864856721240917,-0.003980942605769689,0.055089303169430705,0.014806311442312979,0.04092777148907777,-0.00839628603964723,-0.011266207372149442,-0.016291485926467127,0.007211724436122021,0.03300227371344069,0.03951615855879534,0.01207067629263272,-0.05610203902029056,0.019398178183282648,-0.016264424652312037,0.008004981540506766,0.016108647397964925,0.0015944005410611418,0.01970612814797732,-0.02246233022447391,-0.007208433497259814,-0.017918632317129125,-0.006123750916029075,0.013530613624819254,-0.003089542273177866
2020-01-14,0.03158564730552277,0.008033769445482834,-0.009046037516536489,0.012279138307583955,0.021275270346229964,0.015272198959589638,-0.008541650521019519,0.0031219246685509575,0.007299127570925547,0.018051159241257053,0.013077852205420484,0.015775080877708944,0.031972951871822204,-0.012495451655552308,0.00527638171358682,0.016648010771811193,0.015720345816284172,0.010495851510026435,-0.0165660507915378,0.024737437870364497,-0.010547266754402172,0.03085776211078237,0.00908914744938135,-0.009401275492651249,0.0019847866892719955,-0.010215779033062262,-0.0020016632077126035,-0.016059996822707093,0.021529289435612192,0.040387638593507455,-0.007113942746678176,0.0221339334191536,0.02386449293333739,-0.014585502155814596,0.0049715787011687905,-0.002283323062345566,-0.0027337829598907282,-0.006274690446237192,0.05236677198470602,-0.03820386228568909,0.021107242024114476,-0.0227643646137279,-0.06665034358362257,0.0156580331517291,0.014235265171331371,0.007586014009348853,-0.02707866713176751,0.018577070679035072,0.009172778041912218,-0.002366209295265129,0.003148215468292561,-0.007846023679010841,-0.026463339814819634,-0.055676290572992615,0.003763663650139498,-0.03582265599987935,0.021797350234603798,0.002237633439946311,-0.018424652782963843,-0.060080138120308185,-0.001139228634577201,0.015714424024813087,0.014621785385139002,-0.01632796756151796,0.03047276803114579,-0.011101929001205742,0.007534076916042782,-0.011425158605792674,-0.003459905134812587,0.009564829015772838,0.027778894086881323,-0.01697450266761863,0.0014809390147106016,0.027765381265272254,-0.002625841234768676,0.010378604668002996,-0.0020965364557599935,-0.00032637683313374094,-1.9302428183959386e-06,0.018020985627103147
2020-01-15,0.01699521470512176,-0.024006805620116256,0.004700814617197719,-0.02571588091456746,0.035366866055428915,0.010709491816065463,-0.007762490878211105,-0.001502170488720797,0.013516650599795026,0.023359724189499997,0.00023472739443871696,-0.0069972532615287485,0.03852690811442268,-0.026218240141443198,-0.006826090293201185,0.020258857693395624,0.016104797158088137,-0.011739419720409266,0.03725519372760565,-0.026822600653114214,0.00864240487967539,-0.0009142150929165499,0.03851685560752988,-0.03086445462344259,-0.010628918008232988,0.01840195499144544,0.01255648100546063,0.027230708967372275,-0.03167788071031976,0.00015861378688754841,0.029450200306197476,0.006720648281562716,-0.034645291235940616,0.008283484919883578,-0.0013845980383086428,0.0067334665341133824,0.03603499790069239,0.014726077311792906,-0.001149019735449423,0.010831805315772696,0.007310042324746295,0.014677524697061226,-0.011595789605454647,0.03889009799496833,-0.038253370408454564,-0.018713752868117387,0.04079322868930342,-0.028489906120345958,0.005018682661958951,-0.004346255096567133,0.018724478476538083,0.031254530542239485,0.011651916789666913,0.007704350066919773,-0.016229769277940793,0.01313598949168294,-0.02436132090550586,0.003908495069475763,-0.004874169030656831,-0.05018908808186708,-0.028846934453649897,0.029902962172602784,0.005661311702672826,-0.014774107037528584,0.03641690372394482,0.02052247741921262,0.0005649323900056743,0.0017404632335667322,0.014700649058039212,-0.010412047548328226,-0.030636205734303274,0.0031273263207616336,0.019640485277566188,-0.008384692892494817,-0.002189149251026872,0.020818093814828357,-0.008426746844868157,-0.02034363042536005,-0.01444134929570759,0.027583072056587422
2020-01-16,-0.029194618494660415,-0.0005724099505503306,-0.0036711993600003242,-0.009225278418285066,0.011778527666547564,0.011656398099591413,-0.03333567877839867,0.017683430803745542,0.025016556254651132,0.004928218938340469,0.005638977476181023,-0.021702830863246658,0.02300273607359232,0.03356111200905191,-0.019853180309031628,0.009129960705012917,0.008022765225284589,0.020398572108555096,0.024165494813042785,0.024709675390061383,-0.013584438744362007,0.0019825158495232003,-0.005692963821827117,0.0071257148772926274,-0.013922143127083713,0.010415106858881371,0.025055104455723436,0.022042540301113422,-0.017319206154654994,0.007685692019206486,0.01573497195067934,0.02048732758742476,0.021290275385907647,0.0207383114318462,0.010931914563085064,-0.0022808378300157874,-0.03786287518410839,-0.03671855300878562,0.007892449498403373,0.009688710571327837,-0.016199336525913672,-0.011857657446192538,0.003560862374567381,-0.008439083902585449,0.008921780582256508,0.011305206568948898,0.008863215494994284,-0.029320162283204932,0.002743878378434202,-0.06007129927552478,-0.013231522247685628,0.014637503163058443,0.0015555484757676385,-0.004179968543161243,-0.034651293161434456,0.007114344719789255,-0.0033905247852447275,0.038528539478456955,-0.004183097565154577,0.0033894985000983264,0.012106476472397851,-0.010811756923460498,0.013374990333815302,-0.03125079526737362,0.0016531135924183569,0.0013552042467681413,-0.023146929195073898,-0.018593393818494265,0.003044230039737479,0.008205363630766922,0.007793609395315169,-0.02589781336073572,-0.008761877621443086,-0.007226312139728646,-0.008579381553399257,-0.0005633263420360176,-0.0012339983028137654,-5.7738994090368394e-05,-0.006443508649144727,-0.023172321516990557
2020-01-17,-0.010765410786166371,0.027076439417517948,-0.007843236682342037,0.025558086524911535,-0.004537331046309314,-0.009763555768863424,-0.004908826176063103,-0.011426504002267423,0.0007790029838473369,0.0031229061579316434,0.0052777698870004365,0.016370974328799966,-0.0033248414464166092,-0.012090277211195901,-0.03309020789825492,-0.021026436284784594,0.021062429050476058,-0.026634949687963524,-0.008270625176186605,-0.01199299022901864,0.01801550263581116,-0.011582576740137523,-0.02555478186114595,0.0002631549304534574,0.015400994426998483,0.005803858247553636,0.008587813584043407,0.010207375863369023,-0.027852826020050486,0.009922559079207114,-0.02463019260801247,0.01871363734834896,-0.05589137863035699,-0.022171840953955822,-0.018364623548376768,0.039016104546298926,-0.016219231564617003,-0.012939736647595155,-0.010438498090032841,-0.0006373214369560356,-0.01254863555356784,0.0046205704815852,-0.03496419678624465,-0.03292031296611629,0.03777987579990556,0.006519343040992265,-0.0032243592195323758,0.010913805198898379,-0.015262441682440587,-0.02220680365161078,-0.0224910035619054,0.018535686858634586,0.010684241327905583,0.03069210353910596,0.026547108004958006,0.01809578462519258,0.015264282872306236,0.0067927497832292565,0.004100539426242735,-0.001895740495884529,0.007373114968938833,-0.02487517005279446,-0.009129413105719084,0.012464616649698978,-0.04449651079018218,-0.015240772302314996,0.006219553195002609,-0.009140381010417668,-0.011571333294284683,0.001764006548580469,0.0366050170892943,0.019134959936166443,-0.03088410124219274,0.01445499343778059,0.003438789404340001,0.008667614040456689,-0.0038780893110341537,0.024660961854332544,0.032529187143415586,0.01110838429141852
2020-01-21,0.008703268537263638,-0.011455833884577288,0.009285122588973632,0.04569529384488892,-0.005746123929714898,0.028789686831944376,-0.026699645723175708,0.014139766219791496,0.003108748774685232,0.004083451899639182,0.015842747982909387,0.03771577032971054,0.012638006783156259,-0.016315754503371444,-0.011684581863841708,0.02295605583519505,-0.004005076536255514,-0.011786731291703607,-0.016772473471990616,-0.02006930851598581,0.01236924784776437,0.01571948197730921,0.029471352358038626,0.02003418981331479,-0.015104818209449197,0.021306838774320064,0.009715346466526598,0.010567221223480916,-0.020727595884729513,-0.030991042426178523,0.004762597995135293,0.005184705898760613,0.025818035524830904,-0.0036600647260587272,-0.01646017545437238,0.032069968256612284,0.004169801047429306,-0.021417459685898733,0.01694710936294839,0.011711603146205963,-0.022540835360095022,-0.019594512261319856,-0.015779226650467035,-0.00011238271437089742,0.02151538822429514,0.004797611683197789,-0.003957664555975424,0.005818303889766784,0.02369163220554997,-0.008679443043706934,0.019071868713364783,0.043971507086836954,-0.009618841776596332,-0.009572367949607107,0.003061203867011686,0.015868355499117765,0.004174206988695604,0.016281105191519873,0.027226683302924645,0.006555799164676286,0.010216083901617672,0.013922355148290447,-0.009378390324678656,-0.002441410226483339,-0.013154292352665487,-0.0028645275301000172,0.00884133833611229,0.01646246996953411,-0.010279784247728858,0.00976128230188679,0.001702922394798174,0.02829136019268779,-0.003901470802146307,-0.012284251870576952,0.013430602995381884,0.006889973057319582,-0.01503913502347456,0.019675386391408162,-0.011204677406578203,0.00952654748506667
2020-01-22,-0.02318938376141056,0.03681777731434196,0.03691923803005483,-0.006096621018993253,-0.0002477341880157552,-0.0012525864903539495,0.002098389875461409,-0.015308429694690675,0.009251301599959422,-0.01238172110374294,0.0033393524666832635,0.0005713152555517226,-0.03008297061895958,0.010344204323179205,-0.0024100211644664925,0.02872178692364032,0.002303046288809513,-0.01172570099104304,-0.04325358021029059,-5.830302829589028e-05,-0.0033754387887581913,0.025875063117319207,-0.012424071764648938,0.0203953786772684,-3.350434801161814e-05,0.005911984116413147,0.001987738040921643,-0.00266297540227122,0.027872071670015694,-0.014791443284170603,-0.04868683303954047,-0.008772321282975585,-0.0049871133208059006,0.013039540022211936,0.009006133136879927,0.0059853179089095565,-0.00914032979129819,-0.01930594213780581,0.016920505121365753,-0.007138937525557219,0.0110440566493414,0.022188676353483597,-0.0034326816451851374,-0.03194312406527794,0.00654932872518622,0.009145885347088293,-0.023024858274342072,-0.00597300864684958,-0.016434827573158485,0.0311515613942188,-0.04584886834486821,0.00982640589970241,0.003052093658406089,0.003284081818280776,0.01607849813779054,-0.006779847473705185,-0.016705342859715325,0.036443223740122786,0.01221721753691203,-0.02106212390337466,-0.00656898833314911,-0.007586301284923631,-0.01283094078748938,0.0029113195638812463,-0.020642653288424923,0.011793614003377568,0.010262804518940492,-8.17384002121761e-05,0.04998831189283317,0.01346886075921728,-0.00873538716461523,0.0008632817998274585,0.010680897232465805,0.023109550577952328,0.019666553313765406,0.010595276028885308,0.003716080426442202,-0.018437179098657348,-0.002199278934409956,0.0009403236670159184
2020-01-23,-0.019682290889831727,0.007403363670084613,0.021130612728276252,0.014698513573913934,0.014962396754073225,-0.011342149920981627,0.008566243347542767,0.017907772563314626,0.029808302503597346,-0.00967357068528132,-0.010601791720097396,0.007564525708630203,0.0033363211903655494,0.022524763768727675,-0.0038916932607933564,-0.0036329027781246697,-0.0061848781526545925,-0.016582869708868103,0.023685988623134507,0.028799080828572615,0.021372844391801697,-0.02163302192528122,-0.0018253447293005562,0.02040051932134192,-0.006302938918597082,-0.03303628896144909,-0.01829091897819814,0.024567729787597404,0.014344825932455878,0.008461370841660418,0.0022036933717275477,0.0044599396456234345,0.012609857449740762,0.022864745840286083,-0.04131395791321247,-0.007264173167396984,0.006047483603321457,0.030219935451683916,0.03803323969437767,-0.015313688198644908,0.030937530790987024,0.030718471528093216,-0.01470669979668237,0.013210372751125288,-0.003775810767532674,-0.0358439702330195,-0.014227467577366369,0.0016742646214946907,0.009082553936557151,0.0005360773358089711,-0.0042145684540575625,0.007163194232031515,0.03791547322528763,0.000699220198402808,0.0189112428680563,-0.001910708885848347,-0.006080480902557348,0.01688911884141626,0.00987583777303469,0.007846983884578069,-0.03444961849447531,0.0013669203813153569,0.006888326250225303,-0.004166705254658972,-0.022524596059181005,-0.006919622703934195,-0.03632999450082487,-0.006823976618552096,-0.01331718974145242,0.035449485085565974,0.02138233856207214,0.009221631659697074,-0.017904381677703207,-0.028737090093274728,-0.01019975513798437,-0.006440938073669092,-0.021819927576527284,0.015584729354147642,0.028400524671043197,0.016856900633672567
2020-01-24,-0.010962166171956647,0.00674817062705855,-0.010766234668962923,0.019790553738078337,0.011784912063851776,0.009262203433410113,-0.005769300853450824,0.0016163265305662402,-0.0019225056994558003,-0.00481356256190185,0.0031419730128766027,-0.03272603570198919,-0.02216349392969493,0.005795689573164437,-0.0028248364213706357,-0.016515381909363164,-0.0471692828441493,0.001107938235666683,-0.0038400254052283972,0.0026350021949458347,-0.01162886172685514,-0.03926717286531041,-0.02570040330668976,-0.00022126604843084667,0.0012379219302236571,-0.017070555013719093,-0.02417002778966726,0.027200030476040006,0.036102409425239464,-0.0005355625471573441,0.0021809951777641947,0.008946586562810437,-0.008566573143195939,-0.0015602493563480011,-0.015811860171966764,0.002837506417748804,0.0062300094301099805,-0.0014937475712336167,-0.007895116061588785,0.011422080000127855,-0.02022031288585245,0.026424346692187878,0.006992969872861727,-0.026255839735853454,-0.023587515248131734,0.02277761911982027,0.00425375745704579,-0.0287816055672884,-0.013211829052362787,-0.016397210895701037,0.019029656594153045,0.009480668506686888,0.0032579686678239628,0.05502603877153345,0.01309470298976074,-0.028328993580787186,0.031074787978971986,0.003324640700853906,0.0140755100740994,0.007829539001313257,0.006285389176454488,-0.012186462008579691,0.01187447061231994,0.011769027964481146,-0.02772736352799982,0.01806656022532976,0.028716446807825813,-0.02405879588093141,-0.02432764403015571,0.011727544747187672,0.010376242301675252,0.028420055651494074,-0.009957832484542364,-0.020224553636151006,-0.009399143287880767,0.0037122398960150755,-0.016034203211648883,-0.0026789209069498364,0.009006709324065526,0.017225836689337814
2020-01-27,-0.011296545703306377,0.005608642850178704,-0.036661249171071546,0.014759753172704875,-0.006879881868603999,-0.02705535950732447,0.005661076304343947,0.023126117730324046,0.03472138859505142,-0.01074886628463075,-0.019449012753740103,-0.014942055073341325,-0.017339469128651044,0.021349357021413717,-0.0037836067031784023,-0.012549223329514034,-0.008596656462957071,0.027602465791707997,-0.0036543692362865504,0.007200329304764505,-0.014487703302443396,-0.01170126342793199,0.03646194045318804,0.03847882164550863,0.025331477746791925,-0.013412314825114374,-0.0017911538134437704,-0.03823051390542368,-0.03800604057143458,0.02389928409442908,0.01579411042089036,-0.009568647123259003,-0.009877621562853368,-0.0007351418902512433,0.021147260317049384,-0.0024762662581571393,0.003545659753836652,0.023158090123082717,0.007668719274229751,0.02060278457833477,-0.00564591096089332,0.02391926759964771,0.01261696687692744,-0.016696360823234075,-0.004804185868376222,-0.02206333706439723,-0.021956184460186073,0.028766129992130872,-0.003486808310415598,0.019395050686631467,0.0491547315539016,-0.042843756303096676,0.03505903964310197,0.01142955154963107,0.04125987705977465,-0.012440494531791453,-0.004424319980008214,-0.006043074623589557,-0.0016405477510723684,0.02715740362316579,0.019855811093992506,-0.006396186342530084,-0.005191914295541493,-0.017376855647366882,0.0013579927024680327,-0.005762684721477011,0.01038320222629874,-0.018626741267277497,0.01966730350376635,-0.003395008885326806,-0.002471427698766015,0.024853795680039197,0.0030559449591398414,0.0015491031080684262,-0.018581420425402385,-0.046706722034822054,-0.023039917354337622,-0.0025302612595430726,0.03780164460127481,-0.006300904074503291
2020-01-28,0.02066399725875196,0.009945244183648956,-0.0084240206788222,-0.008053617018308635,0.015599748801614863,-0.0011519654695905527,0.02053069106584339,0.007017326219122792,-0.025973044283086534,0.012240210159251167,-0.02103095116680322,-0.02015924469827276,0.019888288401804767,0.019529954055457786,0.0032774280347291147,0.005188399825263182,-0.01994120654726525,-0.008223467911066326,-0.056403376444813816,0.0637314982362211,-0.0182560897320239,0.0028717965095898437,0.002311910069870852,-0.024299685655875092,0.031111887774149617,-3.1431231466757746e-05,-0.004303393923861895,0.03139930684300833,-0.0033561788928307594,0.010682852746069157,-0.0128004105195044,0.0051367004353720614,0.007522851473604815,-0.028888688967956596,-0.005835129944479783,0.022235350925694113,0.008003591931654007,0.00749375986757207,-0.004424088830347283,-0.014119310085472086,-0.021700606955462227,-0.025262334948392775,-0.04524671379066045,-0.020852851976859817,-0.011217661624365943,-0.021353325101713345,-0.009647736351323846,-0.010408983485313198,-0.007829014763596214,-0.022777530913666445,-0.011808674702650457,-0.00567628922977115,0.03351553086188767,0.00916646116131158,0.020390434424202467,0.04072878739773089,-0.005446870526729739,0.026021193434803812,0.019645021521996046,0.0453009363379804,-0.017928391492048966,-0.005443696284905416,-0.023708361661789194,0.014293812201383288,0.01366128947494508,-0.0011277528142788313,0.014243722643589482,0.024415091242693993,-0.004568800393994938,-0.006245446935552687,-0.016354346697270476,0.00638907637790529,0.007755403318872437,-0.018009556304037132,0.004778269937195207,-0.02462766120016789,-0.0028900121247637995,0.008020144460490482,0.019937938472883464,-0.02737217775299752
2020-01-29,-0.0028789368314139866,-0.01625792391505644,-0.04212280339426537,0.0002538861558068115,-0.0080535826394413,-0.026351011017562355,-0.0035798229698117217,-0.013013302548797828,-0.031035931430430458,0.008001612546388745,0.016442216945656257,0.0005497526672162559,-0.02214366539763521,0.026350816380348,0.012794750133977895,-0.04047863221965889,-0.007040993120645833,0.006992995142949472,0.011314770089079025,0.005596431918885543,0.025725041729097176,0.002423643038013566,0.0013941285026575043,0.008896786806265192,-0.04391163348251529,0.006760894511243517,0.004181752554441211,-0.004951396810998236,-0.01577171605956261,-0.0439404045418088,0.003777113422231595,-0.006003503740069225,0.02786751095321386,-0.005924534631683217,-0.026238416480693482,-0.03396531982274958,-0.021542529336200506,0.016569223527214905,0.008451989331070388,-0.007887874672206297,0.02207908505296726,-0.024993073427526623,-0.012835314542510091,0.01474488136410715,-0.013094666572077225,0.020853041214098308,-0.010506261045136904,-0.015365417512646272,0.027529097923081895,0.03830007700269503,0.04564789084771035,0.004559226852865443,-0.0336698806066479,0.006886548570767273,0.025172360214822876,-0.008301520065101072,-0.0021217988467700554,0.01883260266855166,0.006538332022242493,-0.004875005333081705,0.033508966005795435,0.03446827515301721,0.022293114061096717,0.03497154677213818,-0.010870247609674609,0.0005184854674290925,0.03391901191446316,-0.00719377592128552,0.009241602850359958,0.002272499560912626,-0.006245325292891133,-0.029258603944415124,0.008847900869163225,0.023216393083033554,0.012751439923205994,0.004517981825159816,-0.013971233184770353,0.004443238087192727,-0.025990662219619123,0.0064293921598408054
2020-01-30,-0.004944851684204214,0.017503453723414057,0.004942569463513902,0.010031658830336205,-0.04876136519036428,0.010026065390728606,-0.014837399375244056,0.032249699540883234,-0.01294098567436288,0.004994652268546415,0.008616920103394933,-0.003209724406571253,0.006769462106242229,-0.030302298724989615,0.053806300145773873,-0.017495524485087354,-0.027607058708263705,0.03562799433201715,-0.017718698509302213,0.007803852212108056,0.020767720743192657,0.042117126887266536,-0.0011296385107128703,-0.009246837568094298,-0.0036153785385371283,0.0023296630015951195,0.01380596522871578,-0.007906986316844077,-0.015814897522519137,-0.007963205206383796,-0.0425060668739839,-0.01259421058064317,-0.01438372031681732,-0.016179715325098633,0.011466945034814482,-0.015230222612809919,-0.013106292930070255,0.019499930066566886,0.00025532326384693454,0.004810498611503143,0.011950318008867873,-0.016598679738153474,0.03047098372595331,-0.030310866038631014,-0.01781048189859962,-0.031021514102670462,-0.004644285242099481,0.025900161933601444,0.018062513574791408,-0.01635562499431352,-0.004755692791883088,0.003313594816640904,-0.016465612370244378,0.02207217494207122,0.004636934465474407,-0.022413056010355183,-0.013777924087041798,0.002747973487030587,-0.015989789157916188,-0.011922926230642122,-0.002940180233963468,0.021405361508687017,-0.0380085363688819,0.026039738289821243,-0.007342135906238666,-0.010840684391025956,0.017587029687785274,0.013073132213507747,0.0014530586918529024,0.0017711637656108192,-0.03945856318269324,-0.015914081504630192,-0.006183625283877664,-0.004954759550126932,0.01946983724540127,0.00824234378172729,0.01961270036229973,0.002557752303339853,0.024119987928597274,-0.05553215261874696
2020-01-31,-0.001177027064974268,-0.006494727853528406,-0.0037969761250325343,-0.002574063971947106,-0.00785125991978323,-0.010210262160507789,0.02326140989592418,0.005937959140500555,0.0005348471650857313,-0.013933956340050496,0.015806980173845776,-0.014073127546301658,-0.007451245611418298,-0.013181193810290816,-0.012093617002548218,-0.021756750954272396,0.03344083546084641,-0.036792757451246064,-0.012146460909418302,0.000778316560346606,0.014666960143563619,0.02733493473388794,0.019342377384409852,0.010957122836831042,-0.017227746760938602,0.04011052256942708,-0.00851441030577011,-0.021319776290708598,0.001098575742434977,0.016663168331242113,0.004859985272684474,0.0022512614746771804,0.018311624562308546,0.016300899285428282,0.026701460017205497,-0.016683606457608045,0.003641651222895937,-0.013335801995284002,0.03643994730379064,-0.05170395542715931,0.04508401481603981,0.03188397234923253,0.03704882468299103,0.04088520437245455,0.009158926870112214,0.001804998887822754,0.019624785177848544,0.016329497059699223,-0.003101829996230648,-0.011189065488508633,-0.012753942795276729,-0.018723527185894755,0.009627879193614028,-0.004547855934139545,-0.00524860912582578,0.01594932380124834,0.030598438096126494,0.007635458112021605,-0.003583688181579263,0.019580108682550054,-0.044431927662179634,0.027081159648317806,0.00033543162162352064,0.001732805741159969,0.032375247273717066,0.008721224118002737,-0.015420685402999193,-0.016829517416780765,-0.019135425867353097,-0.015893462925588485,-0.029170850571012905,0.05221327234702638,0.014543081954079365,0.03717436584666439,-0.014449221874117613,-0.006493159536465817,-0.0076965204460690915,0.010541960151633641,-0.0029045443087852554,-0.020505979803866682
2020-02-03,-0.0084446789461722,0.021343427159496314,-0.00721984048884815,-0.004990686120954981,-0.010273063300892036,0.036221838423644,-0.02785602523953231,-0.0372203202966911,-0.0008425565260094612,-0.004534532486847466,-0.017813921705245546,0.0231750966901974,-0.014405571531758636,0.0027224926815168837,-0.0368750591758526,0.006685509321530422,-0.012656151984443644,0.008846043122706813,-0.010743285247766401,0.025698335697501667,-0.04088660952402149,-0.026361840715910113,0.019723830391575995,-0.026945028156295403,0.00877778781666574,0.046575075168700124,0.016094700222983364,-0.03802386437122235,0.004785233289894887,0.005122992374319333,-0.008607631171917467,-0.029067447588715215,-0.013847087740360258,0.010991436115753168,-0.0359055372303028,-0.017636718589719932,0.0026666217454586138,0.007899438043234222,-0.003506328602951164,0.004557746652450968,0.018019861276024646,0.005948974957590681,0.011211852492751473,0.013879027119332399,-0.011371517892786042,-0.03160649395023657,0.004861685759587286,0.01319054437241395,0.00905832223869283,0.015570396640458527,-0.04376233111229914,-0.008048306305303137,-7.617077908251134e-05,0.030271526596785784,-0.002879367257904961,0.011433398348029502,-0.0202080264431898,0.018428672234271436,-0.03303290530477818,0.005710468993297365,0.003809598523581629,-0.00922566281170213,0.0053332596415579985,-0.02178774258779919,0.009331395166498375,-0.004308991951553104,0.02193018329935067,0.0224029365468994,0.022227240201920094,0.007131109482043471,-0.002407741492751648,-0.0191372175731336,0.01722877862749888,0.011834950164573008,-0.02731905772221466,0.0042897137501292,0.015364189495111794,0.02545503652528122,0.01731732218997755,0.005265784655948968
2020-02-04,0.020991731703389443,0.0077779014590114316,0.015639290399456496,0.01732743966281402,0.00829730382852481,-0.008122248345809716,0.02486621657969386,0.008692943923649754,-0.0595893252831266,-0.04353267211104249,0.007554235202276672,0.022980293921047994,-0.04387295852517747,-0.0103086972936277,0.0006567161820261333,0.0014881334385229462,-0.007075814622846277,0.028188688481018197,0.01815064601585394,-0.017039424900999484,0.0182350024794453,-0.019235248415464038,0.026806078499231025,-0.018039040029722887,-0.015017674342105339,-0.044272954225454644,0.0004789494705665514,-0.021906896874576316,-0.03126831162619395,-0.017606655845599443,-0.021288799531656508,-0.010502517199478771,-0.019073622316244116,-0.008746425620407162,-0.012644521276000558,-0.019102293133445008,0.011929186338697191,0.0191676004174105,-0.028821643143827024,-0.018807559378829105,-0.02348826753892135,0.009432895130944469,0.0037309845869881314,0.03146490482526889,-0.00029832225633608973,-0.01035956511545704,-0.005468728103205497,-0.013253097072097122,-0.030769933576243785,-0.0034052475566686397,-0.005023017093057389,0.02864297054065702,0.00792487168154146,-0.013409775775414032,0.00865635289682078,0.022850566319435727,0.004091565673034771,0.021226077032876014,-0.014824115998498174,5.3709497685398105e-06,0.013393171558517387,-0.03463412369005057,-0.007973939881780367,-0.002668562207470869,0.03447301153536745,0.005625421464279089,0.0030506308886777034,0.0004810220314974258,0.00772425623164552,0.025921304567317,0.01876822230085674,-0.004401109117810294,-0.01792797358795721,0.003948372324982898,0.0075043281784901265,-0.00991932717876905,-0.006024885652946399,0.009675812733591561,-0.00356107306378843,0.026169450003796012
2020-02-05,0.04163425179660285,-0.007567873186082476,0.035738071305750574,-0.0005422165609530634,-0.0015000417686654582,0.004189553593577387,0.034866517760281046,-0.021524550261948827,0.009939624046638649,0.030620008627234768,-0.013711091429670103,0.007039221484161113,-0.011738452108901898,-0.04439978175112753,0.00010915688562627904,-0.013325267727215824,0.011241845241652351,0.005640010851090218,0.013967982426588024,-0.009546897168876687,0.014004438225645784,0.04440643716009764,-0.00166122110093315,-0.019347465811072415,0.00634193883795515,-0.0079618190496198,0.01727596612109536,0.020441377296456505,0.00909958696811682,-0.029806684520536503,-0.0004944739336363947,0.015367147185750099,-0.01796717612987258,0.0050558526259855095,0.009747786296658498,0.015098606370793575,-0.01811883346799035,0.03595099019457382,0.008266053718162376,0.003639227861829977,-0.0002528568965382932,0.031418938233659856,-0.017361038309470694,-0.01898031232927514,0.011397117564416546,-0.03971403968501642,0.01307671742983925,-0.0070293669301008475,0.027152349949679744,-0.009742421350393948,-0.034951375478331104,0.02074855624370288,-0.014041253258384939,0.003824627670547146,-0.00829380875003081,-0.01742921582483839,-0.009199977338731636,-0.00046049200590682587,0.011889337473332347,-0.009000593706383838,0.00020461141743334955,0.005002788483190799,-0.0129402551269723,0.002416893592475409,0.003149234574525679,-0.013365741049452404,0.0010283636368638896,-0.015150395212795955,0.0006978725830663658,0.007820652540633556,0.0013576159543936522,-0.018751817563080416,-0.012809665101245087,-0.016523309739559743,-0.022817134208931517,0.006187977022295826,0.02074777327031878,0.04607282484815434,0.01607526316592374,-0.008046815007664744
2020-02-06,0.007347322278911954,-0.013157980157233871,0.0007112010547240628,0.00697690935948626,-0.0039026640789285097,-0.004379109008551074,0.0014269245051712729,0.02443163009648845,0.003008574046675528,-0.0035695575018293395,-0.0040584791306845554,-0.029743084714195418,-0.004954143968689946,-0.022855813899928017,-0.018459537967481877,-0.03958659389992804,-0.008243222900964279,-0.012734611182161144,-0.047417707466128764,-0.016024407196257667,0.014903737637876556,0.02966517769713182,-0.013929157599164212,0.009193978447209821,0.010285213645414805,-0.007272442606206783,0.022565005919958827,-0.00934319764585435,-0.01152745187429588,-0.006676644888493852,-0.039505223105786275,0.006265486367092755,0.021523358990901156,0.016761434234910378,0.04043028144795976,-0.02514952344120602,-0.00723330351635039,0.0004968235443994271,0.04453337599778363,0.022162861580397257,-0.009948726900141718,-0.008416882322392887,0.005088943453600936,0.010656871517266821,-0.02187008189802645,0.04796440923480419,0.015602973100037538,-0.001418362337109848,0.01846676051113621,-0.037978106819059096,-0.0011886296611935793,0.004680816225187073,-0.02910443074663072,0.01809548988494483,-0.06611103734393152,-0.014207549481219557,-0.009222780245579234,0.01724936387006754,-0.05917571124753659,0.039046910687550083,-0.03067005704145555,-0.03811388099991036,0.0018395752767614141,0.006975970085665798,-0.022865149416289844,0.008374506664214913,0.0027974530303452655,0.0003298568551328875,0.008745965535374408,-0.03577386242585663,0.011477565748759902,-0.0027659127331747376,-0.01083322555775228,0.014068879875458365,-0.025706777284574545,0.0053209181838078925,0.00989125433143762,0.010344520865231455,0.006997014809804696,2.1475482111914295e-05
2020-02-07,-0.025239561203958927,0.01080750511180335,-0.020671849492740313,-0.010111496757619808,-0.031514624626085085,-0.009206106816008149,-0.011196638431264998,-0.012782303409421178,0.0032005690577007126,0.014167315568167207,0.002221349463912653,-0.018441060943548537,-0.005343831313105764,-0.020837738649547365,0.008838178443284054,0.03350259879380452,0.023063393969096894,0.004592861111355935,0.01803529375880568,0.03564048225402945,0.029268713085219892,0.002940216672257271,-0.0038219772214298582,-0.0036130979258083705,0.03749330698360078,-0.0008929990078903296,-0.008968574190294662,-0.039073706434474,0.006829981922961298,0.007156817739592639,-0.0022771910881220535,0.008408604197913824,-0.003151802846729171,0.010107967185241708,-0.01892138125640573,0.0021685902332585884,-0.015943343688586555,0.021549909969508115,-0.0012904901859370824,0.01905343325714173,0.023038974742084863,0.023130285116237666,0.025844940867516694,0.01606305225490888,0.00697002843211711,0.013707127851938249,-0.028363580627744925,-0.004310266504964065,0.014990224812325178,0.014783758565707744,-0.0033672535105336537,-0.01320368288311828,-0.05322457332935418,0.03607735577926871,0.005119620300512246,0.018920865927097037,0.04096497558811325,0.003798014547961746,-0.006708916560496336,0.013821625283911296,0.020904300746631917,0.022614845404540885,-0.017650970481017932,0.009589001686349569,0.024556863969382583,0.01673356143776896,-0.00047222482890300194,-0.018526568236121272,0.004543209859670215,-0.01169088453806808,0.03300174444417193,-0.0098922572007727,-0.004316555648443846,0.007981767732392687,-0.007147003727704965,0.03489976761525802,-0.03087091711339686,-0.015512920320484236,0.00017951990607601936,-0.015209022604051176
2020-02-10,0.0669102545444259,0.00729791525926702,-0.007855484892338001,-0.007405266103378386,0.007957651534014086,0.02020033310163581,0.015899983920227925,-0.0006345012338764413,-0.020864450029900772,0.00466536520260608,-0.018225601138059173,-0.008276202372437941,0.002225370383349789,0.030326949315983946,0.013330850639652614,0.003855975850125376,-0.0462771899121375,0.006035838613057454,0.017092546211014057,0.009285274864715861,-0.025687439510183974,0.00040054679608060004,-0.004268489348997118,0.042378505655147905,-0.012953181861268837,-0.0029441513548887563,-0.018691316961927367,-0.016773607145744277,-0.023632635494845337,0.01580574822325096,-0.002492968458243308,-0.0003256956909063171,-0.015917220385394663,-0.015942972630516337,-0.004071407657225054,-0.010766327495115831,0.0016241206608731233,0.02108623686546908,0.025796626479923247,-0.0009349905937823166,-0.03402758080409517,-0.03311044303756243,-0.01676090031959478,-0.00864248883667154,0.008385628782587647,-0.0019667521427842263,-0.015922396203440586,0.021414490340433603,0.010095987480976641,0.023247929375663497,-0.0183794480352468,-0.005938235361816272,0.012829781383260805,-0.01651405610277427,-0.013629271909079643,-0.02348020175498617,-0.02874578687216284,-0.018842154837964867,-0.014852947648446833,0.0240424471529023,0.014142772733345868,-0.021031447716588773,0.010588255535604532,0.010471867265934352,-0.015808659567353906,-0.014024559284529005,0.003695037978223756,0.015570736856669303,-0.07246481697764834,0.007035625041890897,-0.01559177917196075,0.009032265908027809,0.022674603574716307,0.03621523409008636,-0.02590483793596248,-0.02577480703171394,0.010350187214249039,0.009830851486789126,0.0031596094757350653,0.0038510997568141237
2020-02-11,0.012320039338334187,-0.005746463559780571,-0.013170837479176217,0.010479739288737017,-0.0055699817257898,-0.021244796566984546,0.02118608884614923,0.013127079902546041,0.03774700693302321,0.02343984839480602,-0.001018845581268061,-0.008620022116658783,-0.03901800933578762,-0.007993929816719815,0.015498722142169486,0.006472649450259552,-0.03999973120620582,0.02643761984319604,-0.020746523966026855,-0.017331411088509933,0.013903320352365117,0.05471920318766977,-0.046186913953600105,-0.00800894876228839,-0.0021154853051218113,0.023907931456015788,0.016111235775176057,-0.02356070122031798,0.0054474795601526195,-0.004799879214187808,-0.0020375263402409097,0.0024322652094065965,-0.0045918266119017595,-0.03889040300014645,0.007081891302389683,0.006115503548732845,0.021318528739131818,0.040337702209998286,0.0018262887094576622,-0.0076344461904391476,0.005657794454840614,0.03709782093765143,-0.01228039683196772,0.008068979538382015,-0.005999736238827669,-0.008485829707194206,-0.00047143587507417434,-0.0010655408578750488,0.009810267395802628,0.030117528135322213,0.010389373546508303,-0.03361849806268181,0.03329018752860807,0.013578146147615835,-0.0142054382298506,-0.011759888133394071,0.03525502377175346,0.0019382613308744703,0.009136419710929931,0.0012107214918058902,-0.015138653361544161,0.023928447139085256,0.01551085995738737,0.0037085598763468104,0.0564439045618717,0.02245137012479571,0.01964183125726177,0.024459593873408993,-0.03714496335741547,0.030245219846324826,0.015159038699809935,-0.028102928078564706,-0.003525872106605928,-0.003258045788267287,0.05174084034174246,0.01766379233250852,-0.017634925084281796,0.035840266947151846,-0.0027032863255747053,-0.0077855961245353
2020-02-12,0.0011093358596332048,-0.03464929878844878,0.003243472073827176,0.003122032925127032,-0.005369645369642682,-0.031633363253098686,0.0136101039120902,-0.025662311754236444,0.002939189044888957,-0.06892543397258877,-0.012597724751454303,0.016493372493828595,0.0016228766369924038,-0.0034762970093874185,-0.019662062942882984,0.014736742482103585,0.017609729204482626,-0.0063055637490428765,0.0022067086631875166,-0.005957906894870615,-0.007711179599249702,0.0038184746351021194,0.01229937023068651,-0.03093956174908691,0.002768244878219669,-0.020594214404949577,-0.025433569418712963,-0.017283770560601864,0.033502021243071736,-0.05758875784402972,0.013157322982172728,-0.02563122441455244,0.03398351939015949,-0.02105087218621163,0.011689997447155305,-0.02937518297982225,-0.01458616787326872,0.007949679927957287,0.01683690535941852,0.005621650155751298,0.0036821376836138195,-0.02547467183259466,-0.038418386118825455,0.03165659605429829,0.004918557586837736,-0.009876393102964008,0.0041945241033419026,0.023280786012773835,0.02985466704451865,0.009020230309393439,-0.023555516419817277,-0.015075758967198349,0.0007428504573912033,-0.03072313942650041,-0.02269444246873594,0.00034738825048894286,0.009816564283350164,0.01314956023906654,0.0008198156237540624,-0.002782298611660968,-0.0158204908558884,-0.03261490367492635,0.02052796546589586,-0.02101209181745117,0.01257108911211701,-0.03681227214788411,-0.049418434800286265,-0.015701712347765448,-0.018286326333050735,-0.01968575961541011,0.02512705912176113,0.03307557480702503,0.04402978231235241,0.028623328322523647,-0.027477937005727104,-0.002654309551689025,0.0017711466820046603,-0.03920412875552941,0.01279431207189108,-0.017819279379018664
2020-02-13,0.016456494672677263,0.025180130415180694,0.01863508580461959,-0.002632851637195054,0.021428330751487368,0.022891820428470218,0.0237648978052434,0.02034829924720675,-0.010487669991431341,0.014112173363654881,-0.004484819110963726,-0.026642515305532948,-0.02106938068146554,-0.0012749984335835574,-0.008326305146880555,-0.018293074706514596,-0.0068598845120446394,0.014795185813945384,0.024492774624303503,0.0024973522039095793,-0.000923238879399438,-0.015657330205949827,0.018307311018178438,0.01722653392946724,0.03216209054077006,-0.002691287237004416,-0.01084600754849245,0.0001001188980398318,-0.0008871993067340397,-0.02719186255294472,-0.02156238683452724,0.029923290065554737,0.020354336275278103,0.03341759080377975,-0.024636220021807435,0.017691052730285702,0.0007929380457640811,0.009168796807449453,-0.017117584556105882,0.025289293321678345,0.024494273711109557,0.01105279199822584,0.0026599862776181694,-0.006395426029003663,0.028801555000342018,-0.02814701494897961,-0.021297649167008745,0.006888275510752341,-0.013492991174273057,0.014183824932556066,0.01274139731534676,0.019854647762157975,-0.04000170274438124,-0.010301688013312908,0.0017746763405331223,0.04143855940015346,-0.004431873597680646,-0.02460062034063343,-0.040202113338987565,-0.0105198439704183,-0.024522971334125766,-0.03017969145120688,0.02163408899584066,-0.0006787214669411516,-0.03403684537718016,-0.0014404878705297126,0.01315870379726998,0.01848520542575639,-0.018546221897796648,-0.004201636020841064,-0.006164287728295092,-1.7652188074253426e-05,-0.009410927617074558,-0.02577630714477233,-0.008780121217510402,0.029362255540356364,0.00014614493607013117,0.021429001094611128,-0.013590759306427332,0.0017698927904518053
2020-02-14,0.02202859390400519,0.008460240192899683,-0.02179831218262308,-0.010559195545198468,-0.005284702188385526,-0.00014227507436010128,0.016657474654778084,0.03293595574883223,-0.007036382188733407,0.022257876899583525,0.005725466735548848,-0.014518361719875573,-0.014895123135687773,0.011599443420672206,-0.019793185750225373,-0.004203112083817492,-0.008670236424070669,-0.0111763258347359,0.02745499332497747,-0.0019910136636993687,0.018388168575072944,-0.001567733994587858,-0.034359187915709424,0.008480371682665765,-0.022617184550120656,-0.014931935352171983,-0.04994939453737536,-0.021269351042017593,-0.03567117389566481,0.01404237146334854,0.0160076991283977,0.028963554251568574,0.014915688821041866,0.008268335444547041,-0.002996462350570152,0.012642661954594006,0.021878864009510265,0.018761369459414673,-0.002623044539707103,0.007426907928203297,0.016378725576104352,-0.03257619182516793,-0.01094887563870243,-0.004186888190152133,-0.0007224497601021835,-0.02574252385072854,-0.009502349875772299,0.01300543581341895,0.026436300440255522,-0.012726053768647145,-0.0034938325402042426,0.03675555177704307,0.010438547766230533,0.014873300254395623,-0.011467181217776564,0.017372209039751656,0.012323851278482869,-0.004098465625297147,0.004213957213757065,0.00589506134192816,0.021650040240904108,-0.01567325122234916,0.023608788196025927,0.015623430925813265,0.011825316883153804,-0.0029679610678273083,0.00897337496848106,0.002800062503254107,0.008387814863609878,-0.01912261853329036,0.0385825730860213,0.025844074042537808,0.005913214990658985,-0.00852328938187361,-0.01856995216768933,0.021856620335132197,-0.00918096769534593,0.04594253132720124,0.005919882565460464,0.042905244353449994
2020-02-18,-0.03630832996735987,-0.026800571756515706,-0.008594494869543879,-0.00894152472552874,-0.003905784498381485,0.001616155000835496,-0.0030859498022086486,0.010215962247559746,-0.003548400779519385,-0.032452177486642544,-0.043221119946985416,0.009351498249643143,-0.009798880419479251,0.0077204923741711964,-0.01576618529549927,-0.005871336731817723,0.002939845685771112,0.005744406903505589,0.008845632766606198,-0.02638390105535599,0.04786024589533573,0.01445553547865546,0.008665336758401868,0.028294345385984278,-0.004081334042257226,-0.009229705596988443,0.02989277718326093,-0.018544800637266136,0.033405460843754446,0.004878781685901456,-0.02830093928301962,0.008787207143230669,0.0004912279505488217,0.004539184350592308,0.01320131665594652,-0.015888917374635082,-0.02115112467809916,0.018061515241784242,-0.001485499648255632,-0.0078113209162742,-0.02257131888511516,-0.009829439922274396,0.03688565090283726,0.0008926630243285891,-0.00284208399846727,0.012506949891786023,-0.011288260856982436,-0.01498289117422074,-0.0015752870815156086,0.017181775930341776,-0.0007139294066852478,0.013709180856551985,0.00482544141949954,0.006207430964575012,-0.017130732148509454,-0.006722870481475189,-0.01789522225349301,0.0269252247336407,0.03626863780879893,0.028277564154217238,0.0027602476849582394,-0.009211846771755731,-0.027765256040919013,-0.002334051595445221,-0.0021403405458930783,0.00029307439913895116,-0.002372761752130905,0.007587817401523512,0.0058854475964133955,-0.015630391180797024,0.01000580565172133,0.0016673698159420656,0.027578482415893328,-0.025326033466085418,0.015138878901029709,0.004069651024980429,-0.006933586663304822,-0.0021864107177976544,-0.010299188331216808,0.0026904053387479133
2020-02-19,-0.0024112789247516045,-0.005253053595366148,-0.004055619829778186,-0.04859620487240891,0.008695541773942142,-0.012535757231681877,-0.006381228270865941,-0.011115001811019959,0.0195367998016865,-0.0006756091104596559,-0.003633218543716095,0.014845770151566073,0.03270095341238917,0.004064954626108007,-0.009015689861869309,0.029177707772649386,0.029838861183232816,-0.03212917802080827,0.008824796443405425,-0.02260233264737897,-0.008827550065892583,0.0020152564580319756,0.0037660727028824914,-0.007722909710544194,-0.004241685461168368,-0.04138219624504526,0.0029174280987631974,0.009635521172439602,-0.016840339467435968,-0.020518075156125245,0.05511923356456948,0.06339719437059353,0.02605766890439652,0.016461821576859114,0.0018447844102899048,-0.039643278775419545,0.01802036662300332,-0.006256969775881986,-0.05931204038749028,0.009560368788890397,0.010982893454832868,-0.011659319143144635,0.03368611032741058,-0.015341425893418217,-0.005316791742671997,0.0043929443158544175,-0.02957819193727085,0.026212580359397747,-0.021975812742948016,-0.016204509607865784,-0.03197152136304072,0.030388362763250184,-0.0013503279330642107,0.025635110138441858,-0.012796771001746993,-0.005285140996083011,0.022207151931487173,0.026853570984584924,-0.023648930032107444,-0.014365660393837978,0.00907130324768299,-0.0017198864477845303,-0.022798078609624982,0.03503962219666338,-0.037440030202566504,-0.022540462302208995,0.010069402436307297,0.010747697237075039,0.011215977677677657,0.003964078233759209,0.018513099887605272,-0.006686315639213664,-0.007475446401244411,0.0048894399776392,-0.020093007947973824,-0.000762456452152906,0.005598958291444287,-0.027733029612511863,0.0017106331585465527,0.0059628069280595495
2020-02-20,0.03772961791252301,-0.007560354246672653,0.02532809860524265,0.018790153759159156,0.03538621605268505,0.03191952140081793,-0.03314393671666468,-0.0006378782923283635,0.02694375050921681,-0.008693573058855198,-0.0279868609557175,-0.002539756264099609,-0.0030616100896280547,-0.007864728183256908,0.015329119196994175,0.018438732025707116,0.0360882165339685,-0.007413958304323638,0.006985855447084151,0.013768730397493371,-0.005259498280314085,0.009746263261066321,0.0539227523210305,0.018576039208891445,-0.002565875771173279,0.004286207814837662,0.04724148825467605,0.018330053327442242,-0.005254264074610539,-0.0040445013963790475,-0.01029144174827733,-0.02181882142828771,-0.006543314553848021,0.03952650522204344,0.028118027667984113,0.017515265221272593,-0.029583001015347134,-0.00867385943072793,0.009911257077147316,0.003681952187224308,0.01193490187342346,-0.019896160088836493,0.007639649500052407,-0.012623985839074668,0.035827604211091824,0.02066350161519056,-0.009025818899188359,0.007686550998696084,0.01812810794667299,0.05285279723212485,0.013749686955975884,0.008818636321505832,0.013066696670106593,0.015008701110489171,-0.008750712610127828,0.015088903143258227,-0.026044193334760348,0.02760976758702319,-0.006051512197181201,-0.012809998376354633,0.01954466975835116,0.014970165797708188,-0.0024025384336696064,0.004458063500086405,-0.01511194271163792,-0.0469842245842624,-0.034204097875273405,0.02069681023394871,-0.028694975350227355,0.018624751392886555,0.0028138842824759584,-0.017700740833842408,0.010524182421325474,-0.05530637596139762,-0.014532684898418786,0.021222604897877206,-0.018874265404723384,-0.012287616785536396,-0.00951986404974926,0.007695111297699865
2020-02-21,-0.028607814936069384,0.016299388556333345,-0.008141132072880107,0.0003787291606116138,-0.002380940441277346,0.027599928246680554,-0.007163470463865,-0.031645244136761105,0.009828404642804892,-0.021397012575658396,0.046857140165748164,0.024574561104578403,0.01816445048183458,-0.007598159330811541,0.00759220112828961,0.018956415528249334,0.01213460005040213,0.01475056126933076,0.011866731992627269,0.0013494005051444598,-0.017547114703097874,0.033720138995408884,-0.0021567883572428293,-0.0076939926080687275,-0.004373714795291433,-0.0017615330576663869,0.034762925334426806,-0.0040017550761540475,0.005939502631440428,-0.010486248757619889,0.016282441249231946,-0.005604185945506945,-0.023648750409148635,0.03909915468369888,0.005664948319860561,-0.009669057700746492,-0.0014648061715538056,-0.008908952061079287,0.04134715941363781,-0.01795801131948071,0.002307094270949104,-0.004754572045417368,0.008186754874954889,0.004285920213828849,0.007776002323482973,-0.00899592487054882,0.0011405618373896283,0.00976357013243087,0.042880688398899726,0.018831176430249882,-3.9791463897143964e-05,-0.026903786366057926,-0.0073796672136200074,-0.04542981760028025,0.027967518406859754,-0.014650658460239057,0.03124265288405168,-0.016694707518501706,-0.0025448910020708345,0.03449416364276158,-0.006500503431419722,-0.02663702651980315,-0.0026664946197937586,-0.04045033681808488,-0.005258535283123107,-0.036346714264175455,0.008232424016725533,0.024751625553877613,0.02544424594378861,-0.007900314037435099,0.020740356817316803,-0.021727660992859534,-0.012234447502974748,0.003405210120740715,-0.01203747730556424,-0.021077524560517653,0.005158040469320204,0.018252112663153998,0.017059813381351974,-0.009436792385087786
2020-02-24,-0.02776820174376713,-0.002457045977033832,-0.001768985490333344,0.01016249169859875,0.007885444511287911,0.0073691051149132655,0.010104036526736576,-0.002437317221729936,-0.007735571445040608,0.006452312279099318,0.0028657334376405064,-0.005600484658435391,-0.00461697935807421,-0.002968588021283713,0.01143061393801484,-0.009463662126142273,0.0026987906032649956,0.026678712797758967,-0.0029507637620030365,-0.02431875635951803,-0.036510242179694195,0.021140868383307313,0.00012372450238348127,-0.02175873955626427,-0.005042237224128185,0.013637372129286987,-0.010677187313590892,-0.042513783743852826,0.036391212142494286,-0.004797803885423026,0.006018583075929899,-0.03185907682302106,-0.012033609677498745,0.021905914382975362,0.013165797425995123,0.008337851110815165,0.023291683186954543,0.0027894578359579027,9.20190715365339e-05,0.010551569895558412,-0.021470108886765062,0.007341397777685955,-0.02122882202888644,-0.016855120264162065,-0.012129316281098805,0.029681054675443075,-0.00909737278148261,0.026068381779876897,0.018192561688274426,-0.013391041414550414,0.02804484775836624,-0.03531080860771576,-0.017060595548224335,0.0008583394362714812,0.02287020076024792,0.03912445175067752,-0.026354462233388554,-0.03150394493156245,0.0029213474205280953,-0.023959310495259786,0.000671188992748171,0.013668159774666129,-0.005346690655466227,-0.013555545574086484,-0.011585023939387967,0.015871895558847708,-0.02329998591432249,0.02023764433518027,-0.015586391510059005,0.03333479036974065,-0.05179844745855298,0.002729067925739622,-0.012743940539828955,0.03148361791918239,0.018309388949412555,0.006963290413977469,0.015845237507789482,-0.021107456654800662,-0.0007798041119934383,-0.0364380344281341
2020-02-25,0.008190263573348747,-0.022200928007534648,-0.005129537039684798,0.02053948956844901,0.011554816295739396,-0.010305504725624007,0.020746272803553265,-0.02037512463165077,-0.018946060757933935,0.034961763263424,0.023918838148706142,0.006038633702374078,-0.02876853437550808,0.02392267434182214,0.029006805175181245,-0.015375336571213863,-0.011607100057054622,0.005353925087173238,-0.016967330728461814,0.005922671797712095,-0.022342835224092257,0.005232505271615418,-0.014046617237054946,0.04256690488750172,-0.006001166321790504,-0.027129406232777358,0.015663797434563753,-0.02057745974244274,0.017329703691678595,0.022198863331089832,-0.010103138953662844,0.012380334930734357,0.018753772113212854,-0.013356308617149206,-0.0084110369543817,-0.004571434746924756,-0.014172103605331984,0.016316729005049907,-0.02269639675514723,-0.031225751326342432,0.012016152420634304,0.02489171111244055,-0.015005939631389603,-0.050771297390772574,-0.0061639796776651054,-0.00907082916012403,0.0060058447534643575,0.013079403599373164,-0.0011420106837133073,-0.006830162501725991,0.02667505145470606,0.007438218317993012,0.0034591644241638657,0.0035868935104951087,-0.003884962875277878,0.012136413667608459,-0.005868917664170775,0.000330563286240476,0.0034336029154064347,0.019355926071003324,0.029842629295483074,-0.0028905536963070235,0.01902106427788312,-0.00394144362934118,0.007177815516076601,-0.009229938028024628,0.0126544991246309,0.02303464509333901,-0.026772574188549756,-0.005643524260638858,0.018142039476972623,0.01707664748121643,0.008159869315737396,-0.007350303510928441,-0.019639501203536122,-6.47505265321066e-05,0.0023997750012682813,0.03827118168091762,-0.04322431691400705,0.013362446206373134
2020-02-26,-0.004084031897669741,0.01942451478232067,-0.009241843482235997,-0.014031134432955793,-0.001912524142911591,-0.004157746008317546,-0.007588791417103567,0.006788785209669478,0.030686367346394426,-0.015686097104816527,-0.0010850920572829572,-0.025612242907222166,-0.010307875962308418,-0.016919260652585033,0.019412673452228864,-0.018044764054295333,-0.008806513693523808,-0.015251628589940959,0.0049269590589699755,-0.008284215618550653,-0.017455221415770765,0.0032991375081804935,0.01991904565672924,-0.006347067459918746,0.02794859413600877,0.003336509652449918,0.013088464827547842,-0.009544280899695215,0.013337204331302437,0.021676784476560036,-0.0005544411008117673,0.0021634935368124715,-0.001825125829300872,-0.0006432414684933305,-0.002537304563607351,0.03212524122595963,-0.00991186579586038,0.004075039792604191,0.01819098195981038,-0.015530767041795358,0.01585475479731502,0.03313428979598184,-0.00021043814731456064,0.019991375520511903,0.011014229165403655,-0.001229381683593732,0.011823135043600375,-0.015815431168818405,0.016950399671860083,0.002324266793793828,-0.0131591836530075,-0.0036451752463384102,-0.012241031059832144,0.006115875805146443,0.03950935340303814,-0.02708015947284384,-0.006301067443705704,-0.008724883971211518,-0.0037916206610245735,0.002797692691502749,-0.0068231157087924165,0.032085508302030205,0.009610798668592596,0.004492408650123626,-0.015522660464761646,0.027842892059835905,-0.005138384185221458,0.02116449679109135,0.03696864162954384,-0.016522398341914185,0.012115269643270832,0.010997101519804993,-0.0186130404591152,0.006078480045103349,0.03249410962650235,0.011245768672962233,-0.002626545287260415,-0.019985820796758154,0.033409025441785166,-0.006312563720833524
2020-02-27,0.0204725785167259,0.021206992807461807,-0.025508824372894572,0.013216913091363308,-0.024275196922534395,0.024661507684691955,-0.014133534731408328,0.021915264562829048,-0.0038676362613095237,0.014864252391273085,-0.003362792920983344,0.019756688426159873,-0.0025158525531665953,-0.018936001883626635,-0.03671140953741749,-0.007301100656099414,0.015467996321352227,-0.014116081102312992,0.00010170792256468169,0.0167845028933758,0.0463503246239371,0.011668098315963818,-0.0162659868377186,-0.023655582519309628,0.010023959698656363,-0.02238591963839058,0.018167654457170297,0.0035391544551691446,0.0076680692524511785,-0.017026133007142945,0.005581218204019716,-0.019964515646319413,-0.008783506625761044,0.033391880087693955,0.016334225410356,0.03431494717669973,0.00468212262799226,0.024804304335187,0.01266352540149809,0.01176395178702661,-0.007871121882124304,0.024564197936240557,0.0019786225910146406,-0.018643704487005083,-0.01821049629258144,0.001378538398881971,0.04111873968631581,-0.001301564368801103,-0.004689617411050543,0.03334427913199857,0.009641008142786069,-0.02258718738891679,0.010541147322203506,-0.0009185513429371467,0.002951254900802436,0.009271429413004703,-0.022244349357565,-0.013015251686636338,-0.0214107502200741,0.004524194559078115,0.05596442443822006,0.035745006605219835,0.015184562911626854,0.0362516047943181,0.029143557750778204,0.006394581680392106,-0.0019645446275990937,0.009533631250933532,-0.030589366678947752,-0.0023004628405029755,0.004573669733037415,0.004110967636428423,0.022941627589590192,0.03189209085118618,-0.0018451915355968238,-0.0172593241623125,0.008777334208090924,0.0026688445062892823,0.011650670207035889,-0.004835734664310525
2020-02-28,-0.008822500962303957,0.013941023848449951,0.002148149206137864,0.04292413617303145,-0.008060904425425855,0.02647964791039604,-0.012682342120381657,-0.014391175214325688,-0.007513182284012464,-0.02596402557668677,0.02345788557262957,-0.011767231286135564,-0.010100345414903528,0.008045246893287547,0.026702092345372477,0.0030729825859323783,0.0008265366375400632,0.026870930132441028,0.004923678885919346,0.023657898777558507,-0.0002317956863764243,0.011321149176641343,-0.011090979060037292,0.033574130772536126,0.005270739906545392,0.018149747514319796,-0.0012598867563096362,0.048893634179764896,-0.04377968265478093,0.031551009795968234,-0.01114434946681973,0.022943530351723012,0.0018622831271966891,0.03551155747560461,-0.01642054486978558,-0.04269156588327446,-0.03676162968724745,0.028083090376895867,-0.024114920100646718,-0.02725782156434677,0.007733089635314735,-0.020050471100630563,-0.007746390466090111,-0.00016251631228916957,-0.020582982254742133,-0.04023188067228069,-0.0053239022432857485,-0.009693627948379467,0.03289605852891527,0.02157761848173094,-0.0023527615762278862,-0.007826237649316893,0.020939638581870614,0.027493999850833506,0.021800290725699636,-0.00599720786449344,-0.003440365888082009,-0.035444372954621176,0.026049725065347324,0.0012575066052763965,-0.004942197683919586,-0.04542691247375662,0.0028392290962613756,-0.04623263541896755,-0.013131929292112987,-0.01766356681550341,-0.0019291966289739842,0.03433204240277237,0.002631188000077961,0.011833054325069339,-0.013034391022156446,0.016346154762624108,0.008434361336448759,0.012516322468075625,0.04022702729065438,0.019132485781082852,-0.005730041092684153,-0.017555755283058642,0.0017715425620725752,-0.012806097577623757
2020-03-02,-0.0024709847544310704,0.012492103204980173,-0.020749661042260788,0.017746096783644156,0.03396849478561179,0.011325543622989303,0.05332071255819844,0.04384025071308033,-0.002073197463065052,-0.002761106176163119,-0.016358745808529643,0.02632198903700963,-0.005072809077850038,-0.004947018542978264,-0.012962648677755555,-0.02713090104573078,-0.0042491745006853895,0.013605743314355137,0.02345395154370135,-0.03758933927892333,0.017247811518353754,-0.032352429172523005,0.015418607989496645,0.007188764312007995,-0.0377020160246146,0.0032569735781973514,0.019221904987235895,0.0005740824654061076,0.035957260867073744,0.006399523440770363,-0.004319010937411315,0.0033589419432368556,0.005951339873059493,-0.06147410872347257,0.003014573439520138,-0.016498459790615278,0.027240411441362723,-0.01617675613527584,0.0052160590958211855,-0.01751169053677151,0.01753607772811535,-0.004462499447672869,0.01947112088069101,-0.005521152688830802,-0.03362498080689348,-0.0025632477709892627,0.01832655934829787,-0.00677240654831218,0.03623856601025501,0.015321370053892615,-0.008782831764584165,-0.0294600900236651,-0.0025490671668965776,-0.0013826323531742938,0.013893555893675427,-0.0057426568489525225,-0.003981213450643537,-0.023811338254069725,-0.013570224100542793,0.012156562102165615,0.010377962341813688,-0.011742592231500724,-0.0029924905487918054,-0.009158300442962973,-0.03721456157013018,0.026827550548805743,0.00501284627095764,-0.02858469181566981,0.004659271821104491,0.0038592773028996224,0.03183289516480462,0.025580288360403297,0.007323542771713344,0.03553079988685829,0.0063970939062818356,0.012573626028448956,0.01875242575445721,-0.019093778202393562,-0.03835740374737217,0.017288299809511347
2020-03-03,0.01943209047591471,0.024974307570042802,0.03111397484603403,-0.012965289652648888,-0.012139586931946963,0.02010851512111373,0.03101754074474658,-0.007425989831505217,-0.02606388086253579,0.015906683897272584,0.026606870149794376,-0.01866942316850083,0.000864080973710078,0.029534873415765817,0.025970826595381677,0.04464692066371477,-0.008793640178368993,-0.014825107350189664,0.01255404789103843,0.0019373206495175124,-0.018434356729638304,0.04836711507144902,-0.003959045531069957,-0.009195965849229173,-0.004682111448211201,-0.030292915544730743,0.011392315119292364,-0.007157216927100883,0.0214986524645474,0.01936578366332299,-0.030898856309650908,-0.0099802081026487,0.005239910933561679,-0.01674489200919487,-0.01838799597501542,-0.006916337894082115,-0.01058095142905544,0.010577377958225404,0.024146059567135853,0.004342334324288424,-0.023313890775818944,0.0050180888860711795,-0.03743839500093637,-0.006006975364770102,-0.004899999285385236,0.008741822295293217,-0.0017798520805091568,-0.01896229079075594,-0.007232067391797762,-0.01591873219144903,-0.02085987463406988,0.018725615214416975,-0.028562822876269427,0.0005446923426704856,-0.026436183204862997,-0.006388461917686891,0.0004782339252424043,-0.009005817636697586,0.0006909395447088472,0.009987313406130386,0.025186435902159025,-0.020812362120049405,0.01267121162501105,-0.007000122671752685,-0.019929485787959018,-0.04784594123892236,0.0018785018004953908,-0.0078930251645255,0.006455921816497122,0.029664231537188217,-0.01181394472129113,0.012814458721194869,0.02927435108174658,-0.01649906085123427,-0.0250856165126881,0.0227967621303421,0.014910732818091538,0.03291991477938039,0.01771725415430909,0.032137638221224736
2020-03-04,0.00824929930190537,0.015214145111117943,-5.6068233934152695e-05,-0.019027446384774216,0.004265184100867486,-0.0013524291902693884,-0.010133472597178051,-0.0067069787805547,0.007719272664565331,-0.03151428158989421,0.02492659622149889,-0.018492880368960626,-0.017596786122019738,0.016046655557689315,-0.008756442457233045,-0.013498757138269965,-0.008111747134953577,0.023413575774130006,-0.009322163990883594,0.011205617873579075,-0.01545946868333242,0.021941506128252554,0.03829496797117924,0.009386188738542396,0.011797342291794922,-0.010052267911533193,-0.011748075917944283,0.021739744684427475,-0.0035597489017148674,-0.018918605380674126,0.009470889373254545,-0.008513461588510577,-0.005027617449409184,0.004977893660513649,-0.007670365671832597,-0.010513965899703048,-0.034208671403708125,-0.007152104200762842,-0.02101777265397258,-0.01170787960648433,-0.013417771093968885,0.0009316963577225754,0.0035030553995371683,0.008435976025044976,0.003749111063121856,0.0028287297423534243,-0.007622818881033932,-0.008038384952499035,-0.011106875146205954,-0.018251912461204726,-0.007358901933483342,0.023538501220858616,0.006928789062099925,0.01431990529012628,-0.030036215842597205,-0.02098178309461684,0.023962480617973694,0.003068819415659497,-0.026251551768140976,0.025088181128739954,-0.009694872427022407,-0.0158950350046804,-0.0025960223394914956,0.01170320545020092,-0.01830638221014547,0.022827275072184215,-0.009788588269163637,0.0062949732653912426,0.030954760153065176,0.0038873592124189405,0.016335656468586427,-0.03166412540940165,-0.03361087833116702,0.001072916802152218,0.00332791761155339,-0.013418035971700222,0.024017243573160766,-0.02236949522658029,-0.023239203009399502,-0.007162641171827614
2020-03-05,-0.041002312483032585,-0.015402244675751731,-0.0025820555477859396,-0.006808144781750144,-0.008847918234402058,0.0007325195123121346,0.030586863935703486,0.004982395180410472,-0.009196593887921156,-0.023245142062670733,-0.007129539372590882,0.027194364260017923,0.027708755633127646,-0.05636608572404358,-0.004995452240807667,0.019805990941990485,0.007484334696049567,0.007189718795477158,0.008601783123435043,0.009460905456760023,-0.048375509341388415,0.0022217670260966634,-0.04351706939498845,-0.008155972650856238,-0.028231066927993202,-0.0012984655316886408,-0.02755887290247709,0.009501495293723386,-0.008088629776424456,-0.015040388637694167,-0.026063177972357437,0.007714907033520246,0.0039825069373064645,0.025118418991480977,0.022074348199310433,-0.0058244252529540096,-0.012143192163342751,0.04329991912952298,-0.020106951395354598,0.003168508481179578,-0.0004721255182398351,-0.008123811116137433,-0.043250482391918345,-0.021527480217951412,0.027894113161759906,-0.02033551870340439,0.023542345081578393,-0.007848853606670907,0.0010172848099410546,-0.03959640526943749,-0.00813844872561335,0.0019951520696405356,-0.05340523691083913,-0.009851418719397643,0.010097109188829658,0.0220825740049277,0.029897279760859836,-0.0095250794926686,0.0033985882726081623,-0.018767329938992477,-0.0213921290296809,-0.009374770463269217,-0.019437984237089607,-0.03972655260662347,-0.01788847676955586,-0.029204119781221255,-0.011032370456142538,-0.0170824859074552,0.008638589806085098,0.028774523735793523,0.033929115499850594,-0.015332785064964176,0.005997323097772567,-0.0230929689349507,0.028757983916378835,-0.0023955636725602946,-0.01410737759708683,-0.033496820146366256,-0.000758511984759439,0.003437988492897437
2020-03-06,-0.017123973501989985,0.03528637462115734,0.013668021130453177,0.004856479593077941,0.01641667285520797,0.009954279919584384,0.004344372144368749,-0.0006860700244150057,0.015211454736000597,0.0008939338713774029,0.023258051450882788,-0.016260457043376447,-0.009750891128131853,0.008789716559915296,-0.046719072376028715,0.0171670246601078,0.024232792512983336,-0.002466231981323211,0.004222495536893335,0.013347105689093563,3.2101481416987323e-06,-0.034767951570435725,0.010608224053940222,-0.014942790990619632,0.011482350595892967,0.015090871762811098,-0.0026487830469630567,-0.022397315613167677,0.0037795172826181247,-0.012263647603881192,0.006783231667179961,0.038003896145211054,-0.010142425989333095,9.762542988489e-05,0.01352794947913391,-0.03359755866070133,-0.008769495283700178,0.01222266262391464,-0.009874832083088477,0.008650885855177816,-2.66496131953376e-06,0.032182907370284945,-0.0049127065869127,0.031553900404168965,-0.03369198754195684,0.006178542462225273,-0.003156701176122801,0.004965511472163133,0.0465686315389486,-0.043084213776597886,-0.007959181243803237,-0.03757337096934333,0.018773673723476547,0.02086255044288202,-0.03015273791807236,-0.009515356536260334,-0.020419885419276657,-0.0027372128354089626,-0.003824310430266243,0.0057206126352819875,-0.03367368509210973,-0.019188394758839936,-0.014218709046967594,-0.04227386470292315,-0.038674172190772876,-0.005630188723062241,0.0384057982207159,0.026674121932905172,-0.012296576825957719,-0.010747581326952091,-0.01146433138878649,-0.021752658485012826,0.032576793264663104,-0.03807443961240451,-0.007494473477517686,-0.010072314701523807,0.00855471979698712,0.02952275221382659,-0.02102664905039716,-0.01992309336119132
2020-03-09,0.014242550013076163,-0.03609773980002347,-0.012091669671397293,0.013219515859888079,0.014659310210149162,0.023150314079904206,-0.012803198100002241,-0.01515896276447316,0.010959540207693658,-0.004858795506747264,-0.003998598462368335,-0.012540730182996892,-0.018058200140958547,0.019214800236480707,0.004849259434454216,0.02317130985644644,0.008971617585036945,0.022024391614554176,0.005305140471608045,0.004016485793489473,0.0066029989878387705,0.025674788674028164,-0.006527274857203005,0.005802119551702602,-0.02543206633161278,-0.0027065811316697615,0.001030354993821966,-0.01104662087909348,0.002138406534316701,-0.01093657665114565,-0.035398220558854714,0.039867277340583714,0.023382012446364057,-0.015679641080664428,-0.011078882500587878,0.0038936021617278576,-0.04068153692327491,-0.006357510630718284,0.007801479734559441,0.03739700193366902,0.023470131314987812,-0.03216571635356763,-0.0005162141042054701,0.01918069930243758,0.02146574682801443,0.0072102797454278314,-0.004912977380659625,-0.0016913188430443527,0.008430829316134526,-0.005014921514398497,0.0055300471633250884,-0.008091772565377988,-0.008105974912476149,0.0212878543798695,-0.016395938695149968,0.010687530359758064,-0.042970688208711846,-0.006814147152739223,0.004333938787082685,0.00924504164830806,-0.009975127935356981,-0.015310688420947079,0.005083494485829517,-0.010840836148089427,-0.004944844071809135,0.053400054090905716,-0.007827375907209604,-0.003792694298066889,0.03522066186776965,0.014458615423345717,0.004016197357573386,-0.007869510435539238,0.02449403334008104,0.007541288155392498,-0.014873780380101962,0.007415155686013446,0.007137725076761332,-0.006542192650996759,-0.0029001193142769925,0.002265893728223931
2020-03-10,-0.013300105994863132,0.02230155861704701,-0.011432799288057554,0.023177157974498104,0.004482243148554114,-0.013232338214029112,0.036109751604382206,0.0053445105295520864,-0.009199272295646346,0.00650588104437054,-0.036325330002679915,-0.0019272257117644673,-0.004533865397974386,-0.0025958165840938695,0.01709889302112299,0.0173071741810014,0.017917017602056117,-0.002122640152246321,-0.002999325823417221,-0.015005176153834737,-0.013034082964364674,-0.002683066539848106,0.031592856149711156,-0.02086399725515528,0.0207458978985376,0.0009630375492344018,-0.008439455706387154,0.0070566111546883905,-0.013073705444535589,0.04057527753798526,0.031471749658568596,-0.03991600225936381,0.0014258214390340475,-0.007324726886469378,-0.041034444447586436,-0.04567456721193837,0.016011110235781084,0.011552011028088265,-0.0066253435372023006,-0.009875857228388156,-0.009699514819917961,0.001107378436184048,-0.0075792187884279084,0.0022141743751016704,0.01763187396815791,0.01743254900089463,0.0016933351995078534,-0.003860071245369409,-0.007729011188552117,0.020202204306951,-0.00795662932884115,0.0018488886791399432,-0.029930188014946908,-0.001207089838605041,-0.01593193442514794,0.012734077179282296,0.006794339665262894,0.03223269233969226,-0.005982518039708671,-0.05088838666130168,0.013775550322848867,0.009598468784979578,0.0031353812866353314,-0.010426910361528067,-0.010506612916351663,-0.011975610425064807,-0.026541633044370086,-0.028895893741725454,0.015097044429845956,0.00779367634731525,-0.025986182092560487,-0.01616570106521047,-0.027705831292350436,-0.010068803378029836,-0.024491242012202343,0.03374946943399383,0.002684038592853964,0.017637738972569032,0.032546339495564854,-0.010896719079317526
2020-03-11,0.028149112207767543,-0.02622977728409906,0.014216028871567771,0.024062518027356636,0.03180626409197194,-0.014059276443873222,-0.015398992409436398,0.01640645162764341,0.025806822953516217,0.016558050219742024,-0.010967935756223655,0.015858107436744037,-0.0029917063063475235,-0.024763222886709176,-0.001205614980559629,-0.044535230499144526,0.010551362322240661,-0.033198111250103655,0.004122707592452076,-0.0008256154678474157,-0.006631875578630907,0.015081716100769969,-0.006622292958978834,-0.003204815466017928,0.008811344277743594,0.0042458411329288894,-0.010960057579056522,0.007274846614300681,0.0016576283539410331,-0.0019484215072934645,-0.004945752928962968,-0.004690628275842599,0.0015226429182385779,0.005186291757405687,0.01901219825020816,-0.0044969944003411646,-0.034876194418969296,-0.003848620104569374,0.01665331653231119,0.028280426099931925,0.024326710650404322,-0.010598306787232972,0.01641385499304342,0.011115758593128617,-0.03470185453875113,-0.025564449526847742,-0.01761238581292443,0.015316047015249532,0.014406148246055033,0.007257608033419092,0.014056791911027346,-0.021544809059317115,0.021014796885064357,0.0213828651754823,0.009209076303459391,0.0014900713787437134,-0.013083677601273888,-0.007687886310022769,0.008963177862065859,-0.005814221012783581,-0.01848321901403317,-0.018842298063034304,0.002177826178588513,-0.014519965697247594,0.0270747844722483,-0.009789238110834217,0.02226457073050255,-0.0024289962884764516,-0.010984111968911962,0.008432468827502666,-0.01774969557345074,-0.012964554149590109,-0.009673831820261054,0.02601004351915627,0.008111295799517106,0.001787340340531866,0.03503957255234862,0.007627900141288336,0.00788489024610977,0.011808564461734063
2020-03-12,0.01760045848998392,-0.010768394091489643,-0.005679438516065043,-0.0013077538421699085,-0.04490106210432132,0.008791756273919666,-0.03922081271262057,-0.00385014116302425,0.007703641682149237,-0.0027515178576690506,0.0373606584991822,-0.010035155223394406,-0.000758293562655392,-0.0040088996535445,0.006232685976148498,-0.00525633646594119,-0.019199450382880817,-0.022093367122042133,0.022866085486600275,-0.0060784529523074515,0.026244159872030638,-0.017682182820598427,0.019259395891211725,0.02738198806495712,0.00316988993537117,0.006203919656113402,0.022127369889146178,0.008068859156277646,0.004145209745382573,-0.04625785025713227,-0.018621429576086156,0.0031265580304031607,-0.02689809604102806,0.0029710021508366456,-0.03910398022686265,-0.017610209371540828,0.016410101694654528,0.005108901717957874,0.01431435870133829,-0.006708846760575589,-0.001709283796952905,-0.02261993911122487,-0.021337865693544993,-0.005960823550282905,0.010279609798963396,-0.0027144697069301144,0.012282374213915509,0.01802764982905237,0.04511755277319251,-0.010073967217498161,0.012709209161435657,-0.009790666588009755,0.0399476067512385,0.02632595056626972,0.011559674502282291,0.0027996706571351486,0.02668263877809392,0.025922488789576172,-0.017754699736984396,0.005236823642022849,-0.03637805068576948,0.02898517750583833,-0.016765244788164685,0.016603538793070815,0.01714834729135093,-0.011433111920183932,-0.02429710136387399,-0.01536819728971256,0.006642387112549052,-0.00330937744328062,-0.016772238958543625,-0.03673793360909284,-0.025838450756189017,-0.004691195015033885,0.008165913568285266,-0.021331996853433104,-0.0007500512482085446,0.02790678683617254,0.005547458001147294,-0.03824309887866227
2020-03-13,0.006248000505299033,-0.013047217174426057,0.0037695479622374337,0.012079847201580866,0.018890164847040515,-0.018934443291180044,-0.012789678210714802,-0.026382070169877647,-0.03603095351825525,-0.003605551819358085,-0.002868464329178582,-0.009252894837625964,0.022950412332644846,0.018924873432306283,-0.019798306260470976,0.002691665696244936,0.0018835293834728456,-0.004290051336484384,0.0008684681763282202,0.003876180166622365,0.004037743885829655,0.020800534397253753,-0.021274389534159832,0.029702822954812035,0.01603993658184957,-0.009944934041893479,-0.008537874816693786,0.026412642893335316,-0.015866254806522033,0.020153588715863112,0.02102885053246572,-0.005149719780867727,0.03872795308181478,-0.047466591025218795,-0.05973471539217849,0.005233149965955069,0.012469754181273156,-0.036480882865582695,-0.0330474444279522,0.03577606540210658,-0.024807787260758937,-0.04533799547798686,-0.0015253210806997677,0.004794940989087824,-0.003152339255118607,-0.012823078722645554,-0.0299731484398755,-0.045909455837607756,-0.017302937208055275,0.006023192962190586,0.014938869292067678,0.005456657832890941,-0.027487068705007757,-0.013138411957688953,-0.010655100809626474,-0.015215297907663088,-0.03864182381103817,-0.0276448892631861,0.005269476230679466,0.0117397284409432,0.008438774162552712,-0.014424039139782706,0.026692501902030152,-0.007325921000194341,-0.0017093749055517693,-0.012072586443038037,0.02491369797487362,0.0016850627437559108,-0.020316025872350055,-0.0061310857129884214,0.015354650412099087,-0.020237285920635926,0.0047116036039356055,-0.0011560026917648866,-0.019612946541317493,-0.033206300329347585,8.518449073008056e-05,-0.010827298565609204,0.010835880299188428,-0.013701089901838433
2020-03-16,0.006528096694471087,0.013460452819348621,-0.009902472462672347,0.0027179606770347652,-0.004441060737396465,0.00042625710262215576,0.009254770431605004,0.01660837994776408,-0.010730538052554157,-0.0450822670398105,-0.0024261734277916135,-0.04149919361790606,-0.009775995967018631,0.013009792799768721,-0.007366654200783527,0.010464380223538735,-0.033941922865789106,-0.03592553133555071,-0.04459151148223755,0.006888898887011604,0.015083759220648066,0.013677222278639838,-0.005059060408293638,0.025182222616734574,-0.03075449002489938,0.010365682343919195,0.018739962463544577,-0.02078231673679818,0.0030889553278407897,-0.013924175048071578,-0.02253315177182354,-0.02910482397264457,0.016670273073822163,-0.04877754190054587,0.018675909040312254,-0.017479323179421583,-0.001011856608878027,0.000580589104229701,0.012029799429957837,-0.0015036399067902561,-0.0034626852440212876,-0.012041218937409733,0.018070720536067474,0.038485079304461815,-0.0040335609754087245,-0.007110969200875446,-0.02237083431791,-0.013394373305901992,-0.013203979749275742,-0.019312485431710255,0.03144240981789834,-0.01760470385868573,0.005005635222931067,-0.01967644096941871,0.013720493582785239,-0.017309174338192842,0.0034293523357502263,0.010481020405023064,0.034074344445810305,-0.006992317783680166,0.0040322238542418246,0.05473284183796724,0.00032298659589635585,0.01112966854038716,0.02831465009564327,0.0008842820614489581,0.011431054887976392,0.041906845521615256,-0.016768613706683068,0.0114146369719352,-0.01076311625579034,-0.03858009641135768,0.012891113401726493,0.010262425033409997,0.0006228261225850952,0.00784823158896205,0.024533975828191862,-0.0024460373150200494,0.02126727350171671,0.03686198349732608
2020-03-17,-0.01915690844249099,0.006317164903341584,-0.04632180291097285,-0.014490142483475688,0.007722904096873137,-0.00708052668805104,-0.02233912183893108,-0.008151454966219529,-0.05174867328849405,0.03121864078829801,0.02945967155259659,-0.005127112857062926,-0.010805710557913665,-0.012555099735149794,-0.013163505482742078,0.0029326517529234953,0.00903094982479013,-0.0051791766953502676,-0.010748127578076276,-0.010569019958007814,0.0032195099517431103,0.0301541539862673,0.006764973273683697,0.007081089733793892,0.002274792175835034,-0.025813106894146714,0.05516453686381758,-0.0051840826974289475,-0.005515505321779054,0.013652522110311037,-0.024612947089754512,0.03220789212010604,0.022410095609579718,-0.0007901717138503947,0.034310583162038055,-0.011703995015705442,0.019370078671616577,-0.006712773284720168,0.012389504102462928,0.014341061381876477,0.0032727261037564072,-0.006407409467465023,0.01998292675139453,0.004296019077847359,0.022309931327596313,0.040009574070953624,-0.002791054805642071,0.0034143202500277327,-0.038187543040653235,0.013855222559000843,0.009882623030334454,-0.006943334516412098,-0.0195250287004959,0.015638116264997077,-0.031690195619286654,0.0002879119126868571,0.008831920311352827,0.012649945217417625,0.006518487175274628,-0.008218164455001986,-0.023128552308831245,-0.016392271243886133,0.01075834712181882,-0.0046929352707569495,-0.030338870375086688,0.005060714686624339,-0.004306558291228486,-0.01368272216576348,0.03598732920495924,0.009104079221250146,0.014147264663109822,0.028689711905615315,0.0019258629874874611,0.01617416789000347,0.00686876152226781,-0.030245435847325364,-0.0010340596098754296,-0.025343247869210415,-0.01772347135684375,-0.000638878001252616
2020-03-18,0.03234752603449975,-0.025691214039825896,-0.020365169246500742,0.00515801043137426,0.009694749152414594,0.0016266727382836833,-0.004122564412790695,-0.010244687225059845,0.006048911738219967,-0.026211651637676688,0.011805406221506444,0.017861548691313837,0.041841971432358176,-0.01534694971876329,0.01433759069638903,0.03541283744925347,0.002518476409709103,-0.008017306700194047,0.023948463996098148,-0.0021666776648917837,-0.00166664401248694,0.03371488383947923,0.0008693379298969879,-0.008184977398419257,-0.012100548182125942,0.041912339673947335,0.019632683313393965,0.017113242099927265,0.01009805376177926,-0.005592179260743036,-0.02278458799009058,0.0016551394881221448,-0.035698465090162806,0.017805781116747337,-0.013661025258101672,0.004018556652122342,-0.007598408273521259,-0.0026806537974679275,0.023776666376585816,-0.06375698494633131,0.022153539113342415,8.265762422571112e-05,-0.009472261323389014,-0.01444578379760401,-0.010949737115658458,-0.030936508471870773,0.005706043304680281,0.0067124351562580535,-0.02278985960350225,-0.023339477578389844,0.006441998969892998,-0.008403906728514463,0.025830545154656277,0.01912540703295732,-0.020356130567213415,-0.007261489407601137,-0.006385089418255747,0.014999580946303704,0.03654150791250301,0.01610403949314136,0.022311560528051663,-0.015731049166501733,0.0022415911849050156,0.006824327639151523,-0.013855636811908498,0.019184991476575392,0.01931516661921025,0.015464006990596298,0.014299280104055154,-0.02059183806983814,-0.005810277655653054,-0.019095273497985014,0.01552367226461849,-0.031661278867693814,-0.042798518052446534,-0.0015736523117268794,0.009870183145751128,-0.011825455671265755,0.009054085274309188,0.0002288342349721134
2020-03-19,-0.03816744475420706,0.008835627075497003,0.019371276414460972,-0.018083290490469566,0.007554935736721467,0.009978738582119064,-0.009314549081656751,-0.007524434262703662,-0.002444166343946257,0.024855063638004635,0.01919016114046659,0.009055251756961312,0.018786397804649108,0.03338493884753,0.004247601720469792,0.02571518073021132,0.0108572744071644,-0.006800395812469141,0.045135049443375326,0.010713081027049485,-0.02649722607700478,-0.0034872567282506852,0.035595828581720626,0.0022744554846872303,-0.006002005111665478,0.004514357249805227,-0.043205629066977745,0.0009255097286425518,0.027365008950936704,0.005253787791054057,-0.03729148694081015,0.02013980274889114,0.005542437456059816,0.024176522888388133,-0.04630721883071446,0.024492324356969727,0.006923043101752956,-0.013871466339544988,0.01720891297457187,-0.01206027740245299,0.012971899076169578,0.025530942942045193,0.009040767028341312,-0.018460342968269164,-0.004811058306366492,0.04850058824811712,0.012476903945682,0.023138212855045685,-0.04713275459189872,0.02868343981850989,0.03270652956683406,-0.0016379911946370865,-0.019527325002459177,-0.007571409193710255,-0.020060265270521037,0.02009909897305777,0.005756034264474058,0.03122107163055863,0.02120104237022337,0.0060310412679842615,-0.02052495685348061,-0.055530594773177566,-0.020559716051800184,0.008836220597603939,-0.00017912136636865478,0.022210943474789892,-0.013244802919234524,-0.0015695131908302759,0.03261455133862722,0.014962555420740065,-0.005392793890970443,-0.0018906918130211373,-0.02410401636945039,0.01018113720233156,0.004430114447095862,0.00479315294620227,4.089237972430742e-06,0.0036511386037309072,-0.008156635824592392,0.018255894466675672
2020-03-20,-0.022269042020223,0.018702152125449255,0.007941996939410017,0.003811200150306584,0.004690314314443413,-0.01798057370031996,0.0020259775093177425,-0.006607097658833759,0.013994757731900004,-0.010767999560176607,0.007149403716974481,0.021357133545888,-0.01849423760802343,0.03668862666280175,0.019974531401661968,0.000695089565836958,-0.02625680546185452,0.0035073048131066833,-2.633724538757172e-06,-0.04287933663243988,0.0019286075905700884,-0.04598715392474123,0.034172142685014256,-0.0035910983317922925,0.01607981286393661,-0.023294175043764444,0.002469810652059268,-0.02270007476213745,0.011642722976190635,-0.013810895137488424,0.03939894624036369,-0.0013095930858337279,0.022036533516254203,-0.007910671132316105,0.00722797899853002,0.05398417158179903,0.03997448490485738,0.023282943778056762,-0.012567716374377612,0.023976873146682683,0.008908643570028293,-0.008834211669214796,-0.027626428989776006,-0.00703150509587833,0.020049397283544223,0.019474881734466966,-0.013914723306799742,-0.017762087317439577,-0.015178191463948063,0.014490801050471954,0.008333414172891337,-0.00365764341607267,-0.004683444882534581,0.0027988432296177767,-0.025276206242414584,0.018489594677027973,-0.0037198157917139084,-0.022987309678529067,0.0003675290140019661,0.0003194106861455765,-0.02080372903020268,-0.0040092560518595385,-0.02017491315053029,0.0068840300055216675,0.009821430327895125,-0.005489211060301032,-0.011732143173035028,-0.0006344333074144656,0.012405507666015616,-0.018061357282188075,-0.012686696270855086,0.0168794483857946,0.007509550203543637,0.02274868964547379,0.01026336372329405,-0.012390496205851033,-0.029711702629657402,-0.028843584404258868,0.010166296673380846,0.001211450547276353
2020-03-23,0.0284244544871452,0.003421339787406991,0.016103886877395106,0.005210685434586173,-0.0126688017622028,-0.027576798389818347,-0.0024152836073282327,0.0058073387841217974,-0.030146250686914997,-0.019835209648524622,-0.04862242327943256,0.015895480769206712,-0.022478022498457692,-0.03831738052616897,-0.008768177760734141,0.006947268070322495,-0.007855179048336183,0.0007972841498317212,-0.03080865434248593,-0.009113249960273214,0.01848196257681578,-0.03142978375152546,0.05618074783652756,-0.004978115496194253,-0.024411589986107637,0.031147616650543775,-0.015294766603413213,-0.008959889653555634,-0.003732480581025732,0.017877105235196044,-0.003533058523886441,0.017938264349924956,0.011125998143091991,-0.014477134741247044,-0.046644809377184265,-0.027866100206968395,0.023280517319363602,0.009515223012070842,0.006994026055753369,0.03795730670029303,0.02537148607904233,-0.006171654218670452,-0.040669134025022036,0.028308497281422353,0.007037823609272317,-0.028729857413232977,0.03204922579989128,-0.0015208148485757974,0.011126062566523418,0.05427549369659702,0.01044158546083813,0.014401023955704272,-0.004429617275750229,0.015151874770780735,-0.007841376999473184,0.008825542334571546,-0.004573469733835078,-0.0053956022294443665,-0.021984458894775263,-0.035278460013295904,-0.002140483285085896,-0.00987606345478831,0.017241569031325,0.017677928142234203,-0.0016839366127254338,-0.05243628431683355,0.01024851130643528,0.019490941942833236,-0.004782404865381707,0.027710733003799753,0.03477902346255498,-0.04150974367697877,-0.01709993731843708,0.02189411616688461,0.0321026026401942,-0.0023814877639562184,0.021756019109793384,0.00964454334613605,-0.015061972624896336,0.006291982724567759
2020-03-24,0.0047621044655474214,-0.012243374129141296,0.009093393328581828,-0.002477010153018767,0.005684843006833619,-0.0009028429176390742,-0.009436843975038247,0.021229817404001455,-0.023315834010772474,0.026801281924103224,-0.007825354298150814,-0.007030267535177978,0.019325574784693433,-0.010841671100957578,-0.00473066504192248,0.03094621966175357,0.023148438919876516,0.013366664592123217,-0.030971660672427848,0.0003550509234657202,-0.002405438786515319,-0.01844048650354364,-0.014981213702219451,-0.008954099494288006,-0.005182642259687091,-0.02759712550149012,-0.013316894664048218,0.013668406149983797,0.018929980372007587,0.02127861905230352,0.014468062961615949,0.0029030334667965825,-0.008082261892127853,-0.024670645557359948,0.028164638935722262,0.0038067966838653162,-0.021726104146234833,0.013507356196092168,-0.0222879499059359,0.004696970686182718,0.007355487046510325,-0.024456611839290068,-0.033130918633678244,0.02657447522020949,-0.0007382662088498555,0.0017295714511254903,0.004104835159398259,-0.012578486588074292,0.016670876272650705,0.01812560083716819,0.009641350345829545,-0.004084412810205021,-0.05393971002071596,0.037527181325602676,0.0035616007731682905,-0.016134272374811544,0.012569322372043093,-0.012918070461820495,0.00875808279511601,0.002529903161626192,0.03771541065038934,0.020927640972411496,-0.04082227605510601,-0.034250368152461116,0.005651657798951754,0.02348127001368906,0.01364850296857536,-0.020632150409813397,-0.015471277759895586,0.01839963267612552,-0.011579053748925235,-0.016826369044246215,-0.025959560078665577,0.014041983586433736,0.012823398026450739,0.0037587911651881857,0.016218728425944014,0.02154342947862394,0.021052887620020236,0.021911432342827997
2020-03-25,-0.03579643067012932,-0.008423125115614043,-0.000510696173310168,-0.03602417552645029,0.039726175982608414,0.031309679760490414,0.006237268926766851,-0.021555439418045035,0.0422947264932992,0.015361004361715731,0.0025354120228422627,0.00038517934702251097,0.0039128105662463155,0.02433056465099074,-0.006299208249094898,-0.006333155294732874,0.008419455650629334,-0.0031012408939695693,-0.001642860911457301,-0.012854431877654273,-0.039780683923425916,0.01871946318531235,-0.028889954685612135,0.020802217539831854,-0.00838324726327483,0.015697504207725678,-0.013543420770590398,-0.0005905344205989887,0.022393645039584072,-0.009729546040405233,-0.015309108996842265,-0.02662656639483111,0.009890420064331561,-0.02938377931766749,-0.010324292038042039,0.008524006179366292,-0.019262204125900385,-0.012122710241001406,-0.006367914352628988,-0.002044873072601956,0.0238407175355628,-0.0008192739691563081,0.00038661698389385186,0.012158945940785966,0.01873907973663582,0.01907981336973259,-0.0009484044843820343,-0.011040531156663695,0.009333028543150322,0.002555718697467298,0.004153655277616488,-0.004974419055668437,-0.008619984787143025,0.017001217938354265,-0.02850891911887924,-0.023857614482464148,0.030196523570983055,-0.02425235160251002,-0.01574463570957617,-0.00039287736698231197,-0.005741951342658322,0.002808803236941548,0.0461731056267869,-0.011492794668875816,0.00967279297001207,-0.007600594336132963,0.00734695798399142,0.00769515315403015,0.007456845796825194,-0.042008409063767516,0.004392770996445704,0.01955181400906188,0.017817824821590684,-0.023607746112166317,0.002526127192224225,0.001587727962795301,-0.0005500095695315357,0.021609580939128285,-0.020979935182053704,0.011601396368759261
2020-03-26,-0.02392555696214823,0.024833425803136626,-0.007103179996579967,-0.003025030686173798,0.0022751459287496285,-0.008720258909598513,-0.006772818451909322,-0.015610339595804235,-0.01809231102590061,0.03302546125481124,0.03675884059984551,-0.0033115794513518893,0.011701404049167441,0.030659564950621696,-0.011783580993952936,-0.020002778424799136,0.0003324196272482741,0.03218686751219754,-0.030892423372148273,-0.021405108800288324,0.007343308100860892,0.022061665565867347,0.028101954722965,-0.013464051504493186,0.008961529774867033,0.0015488392584551225,0.052994532660890194,-2.209447278705864e-05,4.229103893099165e-06,0.04052195364411305,-0.019416721030602598,0.0011385642669980206,-0.015698826377612166,0.012938650589630854,-0.013288003579659294,0.015058321865332753,0.03913394838878936,-0.032946009968023694,0.014299580560941274,0.0010137750726438657,0.011478491523630842,-0.016192854669570298,7.876116189667788e-05,-0.005515744745413113,0.03222651235569245,-0.002756880448337477,0.01452869784065764,0.0054423276409025214,-0.009516242861978875,-0.013908476827159073,0.0009828231637879466,0.0034840178607560114,0.004907198783243173,0.01908563539466163,-0.020923878352645652,-0.02367468801367802,-0.02123921309438343,0.018988283602558886,-0.0026108979942422845,-0.004597802487860251,0.008522292555178165,0.037416187290577295,-0.006294486304755796,-0.023846023968762817,0.038660250713798944,-0.017955150190507543,0.01861741436028576,0.004699710997405346,-0.02939917839014185,-0.021836294282039925,-0.005945131190662729,-0.00789823468305368,0.017247899827919803,0.004000038854439314,0.013685090856876962,-0.007254091602088189,-0.02511711741590258,-0.023056179281521275,0.006680864885462972,-0.006790774366187188
2020-03-27,0.005338011520690618,0.029308702102027406,-0.0009808824020695569,0.0037628535134885967,-0.026709196002286644,-0.0008075703181534713,0.023577955158546163,-0.02381914159118867,0.003958112319651724,-0.0031913965703481376,-0.001730923213612058,-0.005193559270150582,-0.02728066329678628,0.03767622062369604,0.013914915849452855,-0.018468584114427852,-0.0020625612470275122,-0.01781970883906861,0.022439009838304495,-0.015676834781693683,-0.00018165588191372883,-0.017679797978440027,0.012445541946457342,0.01573872427584003,0.00947213361227452,0.0035237563705791336,-0.005227746870075647,-0.0054149451830419705,0.006095422936082199,-0.022717702242387578,-0.014084671967365132,0.011221251423775282,0.003707427499809066,-0.013977961289456681,0.009989710993366848,0.008217541773965482,-0.007074908187124647,-0.03685445946976728,0.008352588922179069,0.01936910074681326,-0.030569988819470147,-0.05770336433853587,-0.008757491371443838,-0.009182457699868451,0.0035368116591779093,-0.03439250047562136,0.005838045071845572,0.014681641162619906,-0.032716048900127886,0.018444080588150367,0.05036307323217666,0.002832194824949866,0.005038896028134308,-0.0077936955612433,-0.00839919123458541,-0.005313330891704753,0.009521354942162268,0.05999461316725495,-0.023523391365079162,-0.011880208207127962,0.007658503894265961,-0.031000219754193068,-0.015598515613443388,0.00039104846737338404,-0.02240826341044969,-0.04601235257743511,-0.016758100240139455,0.035097597281292685,-0.018239388728862414,0.025286579826850515,0.028908292286903448,0.0007618365322442803,0.004408611017033947,0.023245403038843867,-0.01720015134857892,0.029265694273092994,0.024282256268425388,-0.011169048693645987,-0.017523139268173744,0.03894228645002935
2020-03-30,0.035419204304193756,0.023905880731240642,0.014988395408522362,0.02150600918069744,-0.0075401306001255265,-0.002968390005609876,0.004364337534874354,0.03144448772157723,0.007873940530322178,-0.010665419408916601,-0.0351484674080551,0.023114654242417845,-0.04965087971821677,0.005720316152692499,-0.03591226441284633,0.03602090393078668,0.001561554277919789,0.0021520687244590154,-0.006139880917668036,0.003590466030749231,-0.04825101635839622,0.02112083212917109,0.001141120695396593,-0.0004402473857504494,0.003604941037254155,0.021596304263693154,0.0006648887286793122,-0.0005589369294226046,-0.01623182450221803,0.004982030016448044,0.022667214394262718,-0.010007275459144009,0.010498895447224826,-0.003302677737316924,-0.0009403070565105288,-0.023762121378500436,0.01821797709118834,0.02343823123671924,-0.03265974522413521,0.009280807764458,0.0035615325994283282,-0.011403538927834666,-0.008468850131075036,0.030300639024982767,0.017641204212567676,-0.011662636706277898,0.020190336570348525,0.009270622080454436,0.023526012902068526,-0.010636631938182208,0.026337808436539975,-0.005015143293583542,0.006581248277518582,0.004037540588569365,-0.02989518023570117,-0.00563461637998152,-0.024380009619719166,-0.007563105218198223,-0.02272614019172049,0.01458905845902439,-0.011397202762178062,0.011837229621610702,0.00011044195625805562,-0.0030451960705571994,-0.0008677719666994567,-0.003407558349083233,0.022522712933962727,0.01714861290400997,0.015983792089449774,-0.02772405861812342,0.007758844430477779,0.041496498467236985,-0.014002661037032387,0.019726691514172192,0.005852963260575252,-0.014226548662594537,-0.0011161766620138194,5.11571039412496e-05,0.0004726011360888434,0.040106103182093705
2020-03-31,-0.04802771310716353,0.004779858032966759,0.01073073950336277,0.018788093277412647,0.035161015362921974,0.0047041736211930075,-0.014115734941482123,-0.0003044766300564644,-0.011478274512939677,-0.017739392405910267,0.0046106733442267825,0.01726828143123221,0.00855675721072088,0.0129674555541958,0.05054020836657211,-0.014907866640754594,-0.006131861493567647,-0.038601737386468646,0.04021806070826868,0.009307681536383514,-0.009637286309694461,-0.0485951059536509,-0.005134007163732928,-0.019533816314092952,-0.008383878765768467,0.0031113886546222857,0.014086613013980245,-0.023227254080469602,0.017796800631317156,0.0009577006233954914,0.010269213710848083,0.006757695759512414,-0.036172615440767344,0.025017622195209963,-0.014105187417934421,-0.0019649966769416777,-0.00253403034515255,0.03019225850612834,-0.024082665546401556,-0.029136010986686653,0.006630756092480617,0.018869018543626256,0.00019355831635706376,0.010466873330431432,-0.01752550510749348,0.001959194493733304,0.02922767452351507,-0.006431549132687317,0.00603519506932727,0.03884972993950749,-0.0012948049011360042,0.020412778142380482,0.03280306595763304,-0.016355475295747043,-0.030593251718250065,0.017693045508058683,0.030508644937158113,0.030774393583114092,0.024840644854567703,-0.019342029870226613,-0.014895268530496126,-0.017136525534413378,0.01092415518477989,-0.029079839931402396,0.015409758008462313,0.0020836985919398883,-0.01764356942584808,0.012912214548480044,0.007460858946010907,-0.02665420286777111,-0.006624594764877484,-0.0050951986562953735,-0.00896988908691692,0.0059095918551834445,-0.016722428317691006,-0.0013029551856732432,-0.013222048795200208,-0.02008816775113848,-0.015627779514032547,0.014446230940445675
2020-04-01,0.02911975786498916,0.027913229863355114,0.0356228622720783,-0.021453975665696796,-0.016593275902166173,-0.023269873358484544,-0.008851662527135037,-0.03582705741582174,0.00116541883418048,-0.022365967912574697,0.0005268257749487046,-0.011674412913788517,0.0023313131363067174,0.018015823480566042,0.023882962960262533,0.004732938253456996,-0.0070970146270363105,-0.014668503336344778,-0.012405285933353574,-0.00575168295184194,-0.016712024813754913,0.023478018631484163,-7.562499142306327e-05,-0.032071276142107245,0.005384399825186186,-0.0076246173491494595,-0.02373012902314488,-0.03914638728091433,-0.012829951304536822,0.0017924428373445095,0.019245352564046362,0.015092159360123814,0.022323981246871582,0.06424528251481527,0.005165907975570846,0.005384245663585092,0.033003298137229714,0.0016555322469627458,0.027907246296619698,0.025875057789452816,0.022095330604865317,0.041752581100228274,-0.019777344723058938,-0.005232358424748862,-0.019793229124236505,-0.009342438944462558,0.011370208143383116,-0.0003603085365538106,0.03386765051569602,-0.004751073660951333,0.017884285273894147,-0.010646757832571753,-0.013350382203994888,0.03078906253845178,-0.014494694245520174,0.010255492366860672,-0.013334284558672471,0.015504508804443965,0.004731529038388451,-0.01852373027814828,-0.02522381395551697,0.04453114629007108,-0.03448469458407445,0.0050996517485848505,-0.018856345086178405,-0.0015128881220508473,-0.025440502218147136,0.04329834185430523,-0.008365494405101348,-0.012710221272334305,-0.022241704666980635,-0.02244597203877767,-0.020827994471558094,0.035911111386717834,-0.021157900327922318,-0.010500322720242183,0.001156488721571262,0.010132727080944792,0.018977886704398872,0.03482354925964379
2020-04-02,0.013726215673846874,-0.01347331168492908,-0.00871873626610851,-0.004216853473330366,0.01595415434039857,0.001879378243458435,-0.02667380835907166,0.011028222625705193,0.016331917472096297,-0.013498825914572798,0.006363186548197703,-0.013077941884639288,-0.013131539266938433,-0.01648444878734906,-0.012890154037513438,0.011949458677935223,0.02741925520258586,-0.015574790307383058,0.008660927572078933,-0.017849299354313154,0.018759792005826798,0.019791986591809415,0.03835118996356245,0.002437837807270545,0.026744234204841413,-0.005533056099612346,-0.005540238290787493,0.013112820680139843,0.026840636905966317,8.082093463399429e-05,0.020727461733788234,0.004390672286374491,-0.009451930113798808,0.027237279692136816,-0.029280683591626323,-0.01361910938475456,-0.0037622405334046915,-0.035716528815375626,0.010093467905349499,-0.0071122199675534535,0.01330257918560665,-0.04471446615596526,0.01003224667642359,0.021173650129604645,0.005453167365135161,0.030052330588538997,-0.021970425790178827,-0.010421426422142164,-0.013530440492619594,-0.00517476516277542,0.026761890379039883,0.004643049864187085,-0.009558809791703411,-0.002614084678045499,0.005265532855289397,-0.00473471055057397,-0.009832762496069528,0.0163541671448557,0.03324088440980765,-0.034869499971420054,0.03101998355895941,0.005425961496192432,0.023440365374981918,-0.01965862702224071,0.02143976021692305,-0.027993788040201556,0.016888701190497745,-0.01835785391431307,0.03564873590546896,0.006853951565068513,-0.014164922057867336,0.039692957981240604,0.006066027606654549,-0.003000108633094285,0.007678347805237354,-0.004820352393750656,0.012516063516195235,-0.029966276991226747,-0.019435286046164475,-0.018639957617234394
2020-04-03,-0.03159590117431469,-0.015608289775264475,-0.008531258956114618,0.041890914795400636,-0.0014555581498248045,0.01604022950064219,-0.022618522615296052,0.011662927649550443,0.020234836043505226,-0.00542812441876569,0.021518682454015985,0.019735232349656455,-0.00711093342381412,0.00868253963081945,-0.001765204602700826,-0.004352308454353342,0.034246154567338455,-0.019500427698770285,-0.028733035843584918,-0.006077268589622606,0.004633398780374536,-0.015054384838061359,0.014142759109956373,0.019376000433708854,-0.008134185488727772,0.019870104063652007,-0.01667440404286544,-0.007474618430997447,0.0036608116382635184,0.0012305985993024298,-0.008549893222263585,-0.020323884235694513,-0.009422521911592513,0.018277419747454532,-0.03126545808113524,-0.0015614522756188585,0.013470077533843966,0.027933905290230935,-0.035643260472421424,0.0073700856043877215,0.01097417925724523,-0.023944207282522913,0.036710911072684746,-0.002024980454484863,-0.016963615092383852,0.008968220628649047,0.009603784431002658,-0.004577087505029081,0.00904332187911747,0.006111531919825507,0.006961653689827188,-0.02821644720375806,0.005370479316105986,0.013502910116564765,-0.027647492375188515,-0.029184525498893946,-0.007737338580581677,-0.03926556786190925,-0.02541153952200462,-0.025138391860792565,-0.011533775295354591,-0.014367950789768769,-0.00529674931718597,0.048021471723840296,-0.025359463237371888,-0.006615893925544434,-0.011415062277913985,0.001987611745540282,-0.028623480635666266,-0.011083244700408857,-0.0176432068580831,0.004117738253322748,-0.010917339264022472,-0.030664900450167263,-0.005642049212290948,0.010488933136597198,-0.01655668287692578,-7.461237985772321e-05,-0.029876142115276366,0.05006239796768959
2020-04-06,0.0010737817520064955,0.004036961526693487,0.02141924445588633,0.010267399308330418,-0.019100276426417262,0.04640613728270088,-0.02219474131746933,-0.010592235751304704,0.014948015955122025,-0.035729365461474566,-0.029524609606187968,-0.012133278815011337,-0.008055145798128346,0.012501535940081457,0.016519044178518915,0.015745473896324448,-0.022706325624775463,0.03849881026374113,0.0014172999411027295,0.02037249020067622,0.031391681325621576,0.021988312035858742,0.00020244336715069276,-0.007861399421898115,-0.006287400499932282,0.028789677064016,0.0070694254869385275,-0.01490754840657375,-0.008149417964805067,0.041586792153143544,-0.003440093159892695,-0.010936044839384887,-0.01595211057092843,0.01787575637273378,0.05031610402163843,-0.016974154679907257,-0.006783979672153458,-0.006075812672298356,-0.027221135859787797,0.003623187486901864,-0.010862126489024735,-0.01814755180160891,-0.0009405187087881559,0.005372397645385314,-0.008723957340293504,-0.0024228058830743087,0.009727065773871647,-0.011399211605146621,-0.02342419142791254,-0.003040741698013031,-0.03445391079055195,0.0005499378725814413,-0.01691283945449428,0.030144763677201106,-0.007406086367750197,-0.008596543137392568,-0.037391255095096394,-0.001700085394137759,0.015549627710209244,-0.002332412611330452,0.024970362602236455,0.003441652652216103,0.007285348885743887,0.022757867501576913,0.004318484549175667,0.008955885708317702,0.023012833506787764,-0.002630150665968815,0.017936583673793118,0.01461840907966444,0.006797507202974896,-0.025093973447796347,-0.0030542618695440903,-0.013458909999718136,0.0025479629239699374,0.009142212283062931,-0.00012296977895933625,-0.038793105281666136,0.0009293659964302243,-0.00029367583900611255
2020-04-07,0.02944214711600498,-0.02662869932496313,-0.017911940368832827,-0.01123862956221976,0.013612358419390727,-0.001372213484693019,0.030462338513281288,0.012293337316506815,0.015875872814422452,-0.012211376542514361,0.03666228296796899,0.04145197081525037,-0.04018430688051123,-0.01289244262156946,0.0012603531779845712,0.008227205551394156,-0.0056258730533913885,-0.010285379431412818,0.03951410202460148,-0.01560086316299904,-0.01625169028510534,-0.01654953502523659,0.01573220088900461,-0.012917580428116445,-0.006187623976825426,-0.02046271990937113,-0.009615696932801265,-0.0025243109644436223,0.03743729201861788,0.012084070899621,0.020680781445140458,0.023075936339977315,-0.006130097736237878,-6.518893204866037e-05,0.022729019607049487,0.012771631804814797,-0.009777469828332974,0.00246353314149191,0.010383829459942628,0.008756314582052041,-0.034471685504089196,-0.032686465595738505,0.02697617924156287,0.0026375189478610554,-0.020347723635446218,-0.009042851783031037,-0.04546729189424603,-0.01223012341457789,0.017202998324676783,-0.00021872064557303917,-0.004923819871099842,-0.009239832660438554,0.0006523888005925221,0.03154115543791007,0.01715469848600875,-0.02852864459536614,0.03986373327619683,0.02311860343777739,0.014871960905898114,-0.007662115068818084,0.02529823230054272,-0.015658714981081356,-0.006364677654160223,0.022966578859731353,0.018346317450636723,-0.012656462981902566,-0.0006964116058500767,-0.01771715196326781,-0.005202602708811819,0.003961866696287212,0.03165226898776246,0.0005880546037433323,0.0021412688725318783,0.02822802379196243,-0.004091675568998821,-0.03760080379917166,-0.01262911576198592,0.001624933837668236,-0.015445461371245398,0.009917616104618238
2020-04-08,0.013418723735157002,-0.012912317842475644,0.02937461231550259,-0.01826503019541804,-0.004532831133936804,0.010626152095647518,-0.01837145553664108,0.008610929201792017,-0.02069439286558239,0.0043798927083748915,0.011196235238615218,-0.0040659648915361,-0.011311055248048476,0.01023210180738041,-0.01173231471119505,-0.01100903745378424,-0.019249976698386448,-0.003006967325725344,-0.025185911037600765,0.01097757031040667,0.008907935442285714,-0.018651187768934107,-0.00921220076430798,0.010767471910407214,-0.017979341399285143,-0.03639856039650826,0.03308692519173364,-0.014103675645168283,-0.0009849219390411876,-0.005587747019728516,-0.041959998989353924,-0.004317878873363966,-0.0029855898585659847,-0.004101611311564832,-0.02498754053429026,0.015170207281434865,0.048789701904912636,0.024122251892082138,-0.008133909923605867,-0.005054820172599181,0.0054850753629258195,0.027198879366518422,-0.0009215741891202197,0.021917754375499084,-0.036503387501004673,0.0159145612524285,-0.007063129359310692,-0.022393472163564698,0.017713860309151844,-0.012778418270644736,-0.02776596081522186,-0.025685491428454207,-0.01779891877966443,0.0007171956375948972,0.006263888724855049,0.014780743663360383,-0.02167557831554278,-0.009927943225331722,-6.626772704647541e-05,0.028834554800355565,-0.020855107758869677,-0.01806690892472162,-0.04031862651349097,-0.04106873340187458,0.009594336788441061,0.035762837400963074,0.016192136075569685,-0.005414492400033055,0.004020453865741355,-0.0037509117538490544,-0.004146292096187041,-0.016074939981819088,0.03628815045259383,0.019710434554024124,-0.02413861888835126,-0.043079527878748705,-0.0294120485245189,0.014000119802263542,0.009958240423537858,0.015190552688920562
2020-04-09,0.02779846198537809,0.016868707000733986,0.0068873043898412265,-0.02068220323547901,-0.0037871369297740303,-0.018144955374411194,-0.012933132201071802,0.014796401011045988,-0.006568630164975749,-0.016878451941435516,0.005189576461729532,0.016682011438201368,0.003040315556755587,0.02437330421577842,-0.010284188887260523,-0.02136094276732481,0.015769978947020393,-0.034144519891411054,-0.01702229573668773,-0.0058266401224989295,-0.005655864202186497,0.01309376986016289,0.0009862976715068513,0.0007090707120864092,-0.008023412935888674,0.031804390496309384,-0.01124893730397295,-0.0006481477999528581,0.0033853275610094013,0.0004397138843649967,-0.02226476745741208,0.018903462193230875,-0.028827170673005838,-0.055485369340770106,0.03352938574533048,0.03160384599150122,0.0010823447306150403,-0.007354346042689971,-0.03380700814203176,-0.014704379786754936,0.01224679457133957,0.001142730345948648,-0.006489296066874752,0.01874283610413324,0.039593834736973865,0.011655237711480155,0.0003336746571543427,0.01942740017369572,0.006569208600444096,-0.021559503069070524,0.013260455538527203,0.017034619530099257,0.006009616910878099,0.023158265469512745,-0.023534154877381603,-0.00311099837184576,-0.019014508838886595,0.01852679621332336,0.005059751567944774,-0.035997535397900314,-0.024622067071132937,-0.02847730409012629,-0.007062896018625674,-0.0006289533759917554,-0.0041287156720137795,0.006779369371744896,0.011553150074306082,0.012536856834349935,-0.019053995934387457,-0.00803631841641787,-0.020261658729276984,-0.017709381344286356,0.028336485318740157,0.01649124724193643,-0.0008814116327261523,-0.006208025955780136,-0.027854575592801103,-0.0011283730620439353,-0.05238977127554602,0.019701532486935125
2020-04-13,-0.01195426460149285,-0.00014044600504463725,0.018055390298851996,-0.018177397925664047,-2.703672023761025e-05,0.009462317846216775,-0.02069527593212345,0.005826395691346331,-0.016968778824555792,0.006765222701601461,0.017586145854179527,0.01609574887054798,-0.011449500476231817,0.0028375608525699064,0.014069870454223437,0.04950627601872205,0.00670842640960739,0.033474875079668495,0.00949207846069522,0.000896462638645695,-0.026331395857744303,0.013479303034200994,-0.015278933692749342,0.005761327965417141,0.019326275073583345,0.014192371314253688,0.004027665785959115,-0.02301430855569719,-0.03270668222473304,0.004420095682677492,-0.005897281811211436,-0.010492911118434969,-0.017664833689633053,0.008924017247862702,-0.016047480469592354,0.003302993483720662,0.002174985584287162,0.0015568230094922322,-0.012990510369136031,-0.005146301103548896,-0.015546439774458081,0.02937489626257034,-0.024175059573192676,-0.005987993540199108,0.029661480008297183,0.00761820747879548,0.009196196215748914,0.0035834288755380844,-0.021238646064448644,-0.017838577052807853,-0.02083035776378563,-0.04590048494964834,0.017438549308674275,0.003300374609672413,-0.028237801042466405,-0.009011518596888262,0.010977852946827762,-0.008763862483440391,-0.03330761789483402,-0.0194138629118983,-0.016366083461960435,-0.00784005688266738,-0.0031226989097682895,-0.04606988155750586,0.006783165284316809,0.022451342839039472,0.01381358828222478,-0.02162874937070022,-0.004258559420493491,-0.05099249031453218,-0.029714979736638437,-0.005625484053072601,-0.019761060032015023,0.007625538553369285,0.037732516638567054,-0.013037269640546356,-0.009441876764376337,0.013085594717845924,-0.012591147591213188,0.0036291410254754974
2020-04-14,-0.005360332417870543,-0.011508651031205137,0.02417336050264069,0.03735064291495821,0.052088798993783124,0.031468199437838545,0.026834826613895035,-0.012081627062874675,-0.004528920373714607,-0.017388783904307363,0.025699594295243364,0.01480156731410573,-0.040398523478845504,0.0050029543207071245,-0.03536527019002972,-0.027765848629697047,0.013381505089927297,-0.0014094714775491146,0.0022704299295588344,0.014698719485086309,0.04953858267446824,-0.024851280055994112,-0.02376770908145956,0.019078702183265583,0.04399708816903464,-0.007076992526649965,-0.010448856760441081,-0.008610357950201165,-0.029940018963949443,-0.03508340285037082,0.022742148831049577,-0.009593134187282802,0.02009569100536146,-0.026288095810222584,-0.008568138277212273,0.004981043735228823,-0.02191493091270291,0.0014254478089006253,-0.009085927026526374,0.014910333044618765,-0.0018265345528673648,-0.05536052856046438,0.009353511799138412,0.013991146258423627,0.00609091812803013,0.008649396811108184,-0.02995009938975554,0.009372574644165906,-0.0063875962059081175,-0.028672585416978306,0.00928664943652202,-0.05277247769451215,0.011160005362937871,0.012922669062091592,-0.020618473564358048,-0.03232822781780937,0.00521818101887679,-0.060923205920654075,-0.018737836682477506,-0.0017306707794051551,-0.043583129504734745,-0.010205858429747755,-0.01680299130035389,0.008403896093802484,-0.005557897356608172,0.015637701463981215,0.012734182044599343,0.04500270257420552,-0.012952918181878775,0.02500545132749414,0.01965904765342669,-0.012801868446912003,0.0037780645097903478,-0.008920826209259276,-0.013639771896315562,-0.02053919846899118,-0.022547407319751047,0.02184810299982701,0.012201154500459681,0.036156016711378296
2020-04-15,-0.024424602540967573,-0.008810912458063898,0.012386054219282489,0.02777028039152932,-0.010317424407993108,0.01350428063510373,0.017757758258657982,-0.0035416960954345513,-0.02238104626586321,-0.02856460288458264,-0.0064548910544668485,0.015697773749883705,-0.002193096982349187,0.03060094883123258,-0.012236576334798055,-0.024235364149787286,0.02667277123719655,0.02870130824004223,-0.011193083616503244,0.02685553928846007,0.028632719738759395,-0.011586106171580863,0.0032148394579429736,-0.02104005209167871,0.022013646104904545,0.006784934253382447,-0.025658900198376192,0.022603570281870784,0.005673278134644137,-0.027836188574091328,-0.010609584281500821,-0.011446866384566491,0.03128877797413737,-0.007108857896911639,-0.03374233855714891,0.0015356839704710268,-0.019766701228802724,-0.013808330513225832,-0.012490095045742083,-0.017427201444797872,0.038623714279043146,-0.038638391752446814,0.01442201265211013,0.022858460282628376,-0.009729916878781995,-0.03182052894619258,-0.030515108781919435,0.01301530735584311,-0.013153637754758418,-0.003268959606451825,0.003049234195822184,-0.012454610822229636,-0.016810627623706928,-0.03272428303100855,0.024213288576653433,-0.025719737220022233,0.004477902961894581,0.00975578330411091,0.0019023721944375013,-0.018194977742666162,0.026135580683976433,-0.0022075315449307828,0.04439670113151029,-0.011660703749646876,-0.015726620481733424,0.0066472707980485555,-0.020584613212793427,-0.012305828446595937,0.05126878153978827,4.673882929303123e-05,-0.014882623512572388,-0.03233198585345116,0.012440994500593817,-0.010845661742808287,-0.028032835081596708,0.0015640719499591172,0.02495263023813881,-0.0180757371473554,-0.016749792607494533,-0.015200294243900934
2020-04-16,0.01724716473831188,-0.011210884567466797,0.004955536479015832,0.03662690619111152,-0.00962160960388571,0.04710436343818167,0.027815932423536555,-0.011069925824167801,-0.027105066053648923,-0.008017156696119278,-0.0010510832384038682,0.014253240642540138,0.015312862129653904,-0.055674324475961975,0.033776443846053536,0.010158653399240318,-0.02914547316398906,0.011589974752012898,-0.003779624890252486,0.0365725052488365,-0.010726920539130437,-0.0110808876817616,0.018385998488923434,-0.004132114170249571,-0.03151032224040851,-0.006464510066345639,-0.004697388900043282,-0.010995761995962881,-0.015132939363376199,0.022422765097819597,-0.002509657234429578,-0.025735771532831412,0.004822617357266145,-0.027854769831775587,0.014466472372079809,-0.01822034123797905,0.024481748872594817,0.02141319013824356,-0.007975962764312849,-0.006667668914807581,0.02654188475847975,0.021458618482867186,-0.004223135930994344,0.0031332497835157066,-0.010998575855831779,-0.005295559679261524,0.002512435424342164,-0.0055479398531293024,-0.01117229754301624,-0.024933985833440767,-0.011817434425865808,-0.02127518424512317,-0.015250273342933683,0.0029171448438551984,-0.01343122685878054,0.031451621040185083,0.0024501237433334176,-0.02895406380505708,0.00878823104475659,-0.024430021325954766,-0.007524556232495677,0.017260463026365146,0.02488892444433953,0.028118233544627568,-0.01928782604251183,0.005267789758974694,-0.0195857677497314,-0.01672709199400018,-0.018008263600952115,-0.03320885248530527,-0.010810891777935459,-0.011978229489704681,0.03226052877061336,-0.009825958539487365,-0.003004873509105527,-0.01339922285860162,-0.02556271805809091,-0.021746573705580714,-0.006733364987969706,-0.003501543451603201
2020-04-17,-0.009078344884675286,0.014773145762100311,0.018121880838672954,-0.014197126977335354,0.0015603466700321216,-0.0296122868390885,0.010774325173155647,0.026657865773079943,0.007595033325140222,-0.011631449464042362,0.028015545523913027,-0.00938141235887637,0.03803531417403089,0.02551543641516645,-0.01606818919584874,-0.0033427216832567198,0.036400696255348794,-0.010421779242618326,0.0009743335878761458,-0.008947258983224314,-0.016604692673345692,0.00924504658586097,-0.008981516536748491,0.008470542021143272,-0.005988751260529522,0.006843055242283792,-0.009986958782202624,-0.0016431297537670218,-0.0069069334272449726,0.009529512355921787,0.0018822270910140585,0.01772799094337133,-0.024006178103970478,-0.010103502933260195,-0.022489977254712547,-0.009870538204618981,0.007429694937914513,-0.01216841944256079,0.01110370289401409,-0.057645460554726004,0.02638311332893269,0.0008951462100618671,0.01898707142974624,-0.02969295172893944,-0.004490405527892064,0.03722307311481249,-0.0026605412422881316,0.038481949695050685,0.009416507072642638,0.02367700183369498,0.032928375513810684,0.018152481664963593,0.00029864074169523726,0.04191701651622755,-0.001650833595612952,0.005523832122182326,0.014925862679093417,0.0070858438360429,-0.02308401678726481,-0.0009949301649545097,0.030862457667323397,-0.01863844167629128,-0.03377226568062434,-0.027313954719108986,-0.04099389726423703,0.004813135980856648,0.0024883429891484547,-0.014265129096997082,-0.0031324590878303643,-0.00782530932191573,0.033380114479739986,0.027228637822883373,-0.019173605578959557,-0.017106366270120073,0.010929619033317474,0.015382060893722614,-0.022282208206661238,-0.01264800540368301,0.051518239454387355,-0.004955979468622971
2020-04-20,-0.02312372992562574,0.04975162623292147,-0.0018421174127228835,-0.022237567991381345,0.007513512660312263,0.0050015973621849695,0.018172867237381457,0.04055730864508228,-0.05003330290793862,0.013931258214526919,0.0002241630639179817,-0.051402950971607055,-0.0016636132020881737,0.01933766833511487,-0.005933374733489431,0.004103697814723672,-0.003316818113240042,0.03041201803526424,-0.013650800923070914,-0.028937659335214066,-0.014686400046267475,-0.03200378573524319,0.018490761653486606,0.022332664758642387,-0.007231991524032355,-0.005113266495225067,0.010382340744995076,0.02040917522296837,-0.005534184977501767,-0.010983893314541604,-0.02190370557333181,0.028501246335986427,0.022363972733406588,-0.006593429337991856,0.015235142276834377,-0.0118099091657441,0.012304878158052916,-0.01811271205126838,0.005313536827903933,0.009556842609217594,0.00019210120933067884,0.014803663392166997,0.008733096548198213,-0.03814516928336969,-0.013077873716177807,0.006378761567317469,-0.03884847383604116,0.0035272032868370086,-0.019100328744876497,-0.010980994154329104,0.06653501028473122,0.012774243492095364,0.00508868426163531,0.0003943003062869627,-0.02848999533499033,0.01084816608943336,0.03497320921078759,0.014046980135147604,0.02650456882855137,0.01041790732740489,0.02221910536603317,-0.036490507882120764,-0.010791901130893787,-0.0064167788943507425,0.00877281939783082,0.014355820954514318,-0.028145235207271666,-0.0014244539418185734,-0.057015613781524144,-0.005209332998817515,-0.013918816105347122,-0.03690461143771242,0.009567601483989628,0.000378786506247187,-0.017418249603923505,-0.01482638636138038,-0.025998212380692397,0.025200570876451757,0.004263231066422967,0.014240074732685988
2020-04-21,0.011068413169610379,0.0035282655030548123,-0.04978099992667528,0.010351218594000301,-0.009013338937368356,0.003256088666056532,0.03269075568056013,0.019342862524701653,-0.008908745765935422,-0.022399883249072033,-0.0034234239048306966,-0.03068361921374443,0.001956529837045351,0.025229979816047673,-0.018992004881300085,-0.024926589554968494,0.016634662766963543,-0.005617384915953169,0.00503738896636051,-0.016126624377592207,0.007040496575785612,0.00014306512194975043,0.0032820472929756283,0.010035843536738151,-0.008747857656191156,-0.027439234262685536,0.0071014148589165,0.012104119530217745,-0.03624832310320619,-0.006251794761763787,0.003201037365248433,0.01294206077515085,-0.007707813922766701,-0.0026102692003989376,-0.01175508831043754,-0.0005555752326471806,-0.014833295358931325,-0.009803228334423417,0.00434211584933849,0.00835691390531378,-0.017891760976813526,-0.021765942512546824,0.010048843388693563,-0.047447506991961465,0.007278190049158611,-0.006797165856956099,-0.016536257647630854,0.0223229629074762,-0.006813208672889195,-0.006500823660048535,-0.02519862276636531,0.0022922523508394858,-0.042900724023104145,-0.008809380719194905,0.011935670031331266,-0.006681401747224145,-0.031755352376446486,-0.018362441845267554,-0.015697187904294346,-0.02395097078223348,-0.005842807772507872,-0.018035691901815913,0.00011472268019564196,-0.016050859962189534,0.013164732476624254,-0.02411863784242581,-0.0013692065233596746,0.015794958024472856,0.013864880319998048,-0.0057441794275242064,-0.0042259531956243485,-0.0027377098569134443,0.053319785377623136,-0.0005144392897488755,0.05251152620634443,0.0032439159909190317,-0.019295573477042555,0.017351519000175262,0.039821594704661484,0.015323467114894858
2020-04-22,-0.0452890181037932,0.006799013812682872,-0.026101103712097364,-0.000848183628688051,-0.0324949488175251,0.016381417520031267,0.010292272200978957,-0.04646630256034194,0.030187795015189256,-0.012757977913639019,-0.051351702358675165,-0.013831228053875473,-0.048427595037545575,0.018694354916569844,-0.025033960970402853,0.003097008966207679,0.03269211023522403,-0.025346739319331426,0.006132395739638442,0.0084917019209429,0.019348588383081157,0.018168284781723238,-0.032573242956012015,-0.01298849929960397,0.009750525005394759,-0.014262603379372829,-0.03485464918301946,-0.030613698840473963,-0.004017392289346612,-0.03898620657817787,-0.03600408620477492,0.030949051303217633,-0.01718045541140776,0.01367803370715337,0.01738052334807096,-0.006645333617772019,-0.009772133376975281,0.013531110780878626,-0.002595528291152663,-0.01562814259384379,-0.016533652008536643,-0.010685964891185114,-0.026793234476341736,-0.025384333917835896,0.00821080749572195,0.006963724733862653,-0.021858839441391567,-0.005336571051543175,0.00017352002533884295,-0.005878453584535325,0.027146320335897537,-0.0334284934035942,-0.017075736432560062,-0.011915878709169481,0.01916333059051657,-0.01327705593384503,-0.011777683153440625,0.005708329951324209,0.008859361255654119,-0.02497291346132346,0.006757939890576705,0.04846486561176911,-0.024567219216261513,0.03004222738949107,-0.02168973298641582,-0.009084725338011013,-0.0030367539268567156,0.006312007434733179,0.012407389901247783,0.03140936802230831,0.007004596210852905,0.019564542693917896,-0.030406011488905198,-0.007944994463152336,0.019516807330108625,0.025838127925968405,0.010190412797968132,-0.02989561504204194,0.0015058817987116532,0.0027414315950980185
2020-04-23,-0.00852250553837147,-0.022438186853010654,0.0005134871778633438,-0.015914519066718022,0.0011614379097710892,0.046583505854180154,-0.0009185253776583455,0.004214008600069975,0.008423140176094189,-0.0030717859599711933,-0.0036389087668483727,0.0031131659534348217,-0.035185740400811544,-0.015970407843680562,-0.029143453968419133,0.022370828186718986,-0.008635023500622556,-0.024349986524317326,0.013371252326742534,-0.008254385583895288,-0.0016518065083302414,0.0006423091086464123,-0.009649831004840988,0.02848703458579111,-0.00631363528438862,-0.01723921780152261,0.0022407133639181682,-0.029166949347163684,0.01600971111864722,-0.0028900029424616396,-0.019955704275807524,0.00713696862965678,0.04274500754288537,0.014350388041754147,0.015355162045226496,-0.011170981241902578,0.004846187132009265,-0.0016927025153911756,-0.006741006741060024,0.015982685703074723,-0.012432933039166158,-0.004780546759492642,-0.003144413866269018,0.019634861494798813,-0.008970621173461243,0.034530919900590866,-0.009351185640497191,-0.01655321005305262,0.03451922814969565,0.019131686925235335,-0.02978780251462409,-0.06657595891124438,0.0190109344107184,0.004583994896558384,0.010464129041788268,0.038098420043902056,-0.03902526673671348,0.02203128868442253,-0.03188886658755659,-0.02615881304700024,-0.010063533877120974,0.00699266014367276,0.003979149400513733,-0.019295049487516192,0.015933587891024174,-0.04386140147581529,-0.03941904018749351,0.009552471747483547,-0.030262584904734914,-0.0031823073273627607,0.01597529507410319,-0.0006692467829281702,0.0024786386418669377,-0.009887248586077306,0.01808493840995869,-0.004619630157515304,0.02086993810089943,-0.02612719335811185,-0.006590616851601216,0.009616768165786844
2020-04-24,-7.482128575408281e-05,0.020843464294254085,-0.003832949047814257,-0.0071590305661988745,0.006180828673066739,-0.022427037904889213,-0.01004730011285377,0.008356123295711478,-0.02121659726182578,-0.00654772229773741,0.01524127747725196,-0.029340679028774377,0.0191172121304996,-0.016108033401311613,-0.005394812132233155,0.008054363785396434,0.048508251836077855,0.022328614975644142,-0.009520200000417027,0.004198521048259956,0.014409722165085754,0.010725801251309371,-0.006514154955469532,-0.021663092745164016,0.01204052104160312,-0.022700007317874665,-0.019811692765297054,0.0009312486099188,0.03727708961596268,-0.028319594154616743,-0.0146540353451176,0.023555617751421787,0.008996493262893288,0.025576893226235357,-0.017815269159181548,-0.0013590427909013834,-0.006190736895747538,-0.0015232017550838503,0.011409774260900143,-0.004604257480443832,-0.0124689754460515,-0.01797574139431812,-0.019199519632940143,0.012257191038733517,-0.0035163297194838535,-0.024985030261309014,0.03317089732211652,-0.043674129015901564,0.035947905976496414,0.030633177315431647,-0.025804786997183766,0.010636320871866547,0.008597943997888796,0.019566554686460746,-0.015684776930358954,0.01801021090549383,-0.028570167175037624,0.011090637386707099,-0.009029352054607096,-0.0060241889423143305,0.03087844872215563,-0.015784317868020287,-0.034147594215610186,-0.0011312869075291376,0.02505664699926375,0.02331566562641065,-0.0059623518563835,0.03266480973558797,0.006071188868340648,0.02703558221075215,-0.011795701660462976,-0.004076479278040576,0.004687745642003147,0.01494269036755924,-0.017508749994098894,-0.012902051358959915,0.0007565697939369911,-0.036406468470872436,0.003788144587221389,0.05891896899846894
2020-04-27,-0.011277901182687454,0.008702555065118134,-0.017310227060498798,-0.011480646847282975,0.006166223346871703,0.037787936309558644,-0.003384887703404619,0.01275612521195307,-0.012964936806873363,-0.007484583572296829,-0.018091824274261478,0.00041608047545088465,0.0015971367153860756,0.013522032272998266,-0.002891735346528957,0.046814452230513545,-0.019828845687923136,0.007896400408243534,-0.010786258472219574,-0.023943331853804605,-0.01885926744899528,0.02954745121261721,0.02899517657720091,0.003030525099564214,0.005183077771044887,-0.01903374628999175,0.002831564544685341,0.014126160506392,0.03289453744486543,-0.02246662742807966,-0.01564528510191217,0.015593618129670557,-0.012729891494192415,-0.023771160195090194,-0.015660658145944258,-0.04163443083676494,-0.023470179067937167,0.0013301738189827506,-0.027381953190274266,-0.0013453699561576944,-0.006663893806043716,0.008060737411558185,-0.01695490831621416,0.0017836517313303325,0.004776105040483967,-0.0210389799544134,0.016343382554653306,-0.06285618362701323,0.005232745558433331,-0.02282021627480646,0.015295864030648441,0.02855096220234757,0.0036197477031721147,-0.001591332681515084,0.03333560035550965,0.0030668386019948087,-0.0024878183521580407,-0.02405234486845672,-0.006514847428193103,-0.01165212764624659,-0.012707431584138201,-0.006642988234588118,0.026013803379939308,-0.011572882130496627,-0.03976256041651163,-0.018345101430814175,-0.0046727034701155145,0.02181799362139408,-0.011433747615965701,0.006250373434762879,-0.003667948264614527,0.013183332572565817,0.006724124805680515,0.014283219438106618,0.008116105485187992,0.011298441586244877,0.037188299259898173,-0.041529550871421614,0.04898650580873113,-0.024544246013559597
2020-04-28,-0.01140150230748648,-0.008463387266337184,-0.0015755651716391702,0.016746456476015893,0.03540313530132865,0.0011927045851295483,0.0166877741815719,-0.008001019575352215,-0.031500336889377784,0.026194970968380193,0.025481192865335917,-0.03467534180016497,-0.012198054138984045,0.0008085787966693438,0.012801121620658346,0.010413555341601474,-0.02845266938428808,0.029109965841578864,-0.015814212389771334,-0.007805350618632363,-0.024575587018100278,-0.0019774525131896494,-0.010752900402987877,0.023381431154548857,-0.01904736558235147,-0.04568384051228048,-0.0005160816055351628,0.007838760872968241,-0.007357968198239593,-0.013091374101276412,0.009259614840121961,0.02713503140002501,0.007541742802769865,0.0011174900947633886,-0.01596597996462982,-0.04386324986031655,-0.0044168298402400405,-0.01741472579676117,0.005230683610154178,-0.01882526372799416,-0.006150114532172799,-0.00099544842435808,0.0011223196996839125,0.014077231959987009,-0.00488582852686014,0.04493623694666092,0.01884938550515586,0.02302977428551496,-0.04035071867160026,-0.02247627498875041,-0.02386752944545551,-0.035197818221109435,0.018664707684105088,0.00024368837841593516,-0.03234532251879678,-0.01872414465823629,-0.0032810289497059286,0.026120169664213457,0.019817892855129856,0.042431422867466345,-0.0016123062759085798,-0.011183837968656114,0.0025921730248575424,0.010847936684014702,0.03410290920921062,1.9303874137240837e-05,-0.032050266002252734,-0.032503805160241414,0.008835325452994813,0.016598178042715087,-0.014631041084525922,-0.006835922952148861,-0.013961373311888488,-0.010484665063767336,0.0009893285894439388,0.0007155951493323658,-0.02768911271329228,0.007507660559885513,-0.011191395330882033,0.0014794853775213141
2020-04-29,-0.020840946788317553,0.015626942599146244,-0.02297395128083123,-0.012715220955159399,0.028797165542687325,-0.021212025047881337,0.015170400353424145,-0.02057143081888703,-0.022730319184573765,0.018190510889024653,0.009466823667702868,0.011668671383119306,0.003196707038161949,-0.033594906530379914,0.0025745736147929667,0.00413765059513581,-0.028874367391901093,0.02876057443746524,0.039665453118415205,0.03226717858158968,-0.010566617782208486,0.008330470894303428,0.005559304180074946,0.009292566590729794,-0.014079707839746283,-0.013439732579723154,-0.01091896683848072,0.003074597826168435,-0.03006709298953599,0.0087663341990103,0.022363476643792502,0.009937510498994084,-0.01983530644106371,-0.0008228514415713499,-0.011213949892794301,0.009934429279220253,-0.0007393892111038882,-0.019449583569965078,-0.012841486698491583,-0.016437627050102765,0.004999503387811238,0.011550115011537316,0.059871733600799504,0.021996805256685573,-0.027489808703779765,0.004177301909284262,-0.013992104720067105,-0.03085486409739358,-0.01448253122474473,-0.014461672020392903,-0.007745715367130826,-0.02808991971871653,-0.015438675562370137,0.005559038547998697,0.00818634911601487,-0.017021197543521552,-0.010542171202972453,-0.002373487366944426,0.022743205145327062,0.02100346274192577,0.03365759041753536,0.03364800479871251,-0.000666534935579973,0.02047676731623888,-0.02405252504985175,0.007563311435485898,0.009630231419438317,0.005726583262744648,0.007390235530193677,0.022477953114663104,0.015370203272272637,0.019449065215962808,0.06698296534634958,-0.013691829739318548,-0.018636940762798208,0.004102212561125692,-0.02425377636383228,-0.007968298187180907,0.020299848109651842,-0.01800433735496041
2020-04-30,0.001460008014167102,-0.019604127012536582,0.004057805346789655,0.02232788646696773,0.031065609744971284,-0.023447194641985844,0.01137165157068659,0.007738234071167135,0.012360646861531453,-0.0011764524955037406,0.022560052524030153,0.0081308427653339,0.020776794239641874,0.012699257472251004,0.0017095450069659465,-0.015366469873932564,-0.017271967854636357,-0.006136634887771894,-0.010372500025287659,0.004908194835426798,-0.00031094307287149193,0.021363220697519687,0.008386633253862495,0.013452768089673993,-0.011464808200979974,0.012391922475049302,0.004375873871596572,0.005888098921784763,-0.04134026083982695,-0.0007724744157178268,-0.007985665464975571,0.0059868563029002834,-0.013252642493012697,0.0158207008149798,0.021274721952981142,0.011990324305794092,0.013565794955600372,-0.00836702850240253,0.011278032551188508,0.026307000597714715,0.00619130321389315,-0.011050997965983498,0.017145861026678522,0.0589825537566598,-0.044026561950941887,-0.002173464889777349,-0.005329205279782846,0.0002212340042649134,0.03569431527542693,-0.024391048313982755,0.016801710259410157,0.001450592194738373,0.008129147620572066,0.013895756672926132,-0.015162584276623375,-0.023598396325898267,-0.0005728207323555023,0.020054322904689118,-0.02658798352831743,0.02078370614161464,-0.004968926119009737,-0.0006544391761639864,-0.02382427111027075,-0.042114340165502744,-0.006300286479190945,0.013975367586134548,0.023765300634526115,-0.033040126932970364,0.004476209103104056,0.01579120612959932,0.005246355334990412,0.0009820870766813284,-0.03971872201682993,0.0033349472323339607,0.0048897899385564395,-0.0033440946074014158,0.005842490499761398,-0.021727610887504856,-0.028025378738773848,-0.01065569761102717
2020-05-01,0.0030782583914403384,-0.02374451813223676,0.001151380330086666,0.01025548169150874,-0.003273026025529256,-0.00815044679482629,-0.011813558985381573,-0.014488130329462221,0.048396951619410655,-0.014861730082708125,0.03167872881926967,-0.016583178449708,-0.015922630110859096,-0.002700892037255484,-0.017228254583726843,-0.03220339595986869,-0.00833410967182115,0.0021756981172159234,-0.00617523582386766,-0.02740513178415772,0.03523003786984006,-0.0026002794651026205,0.019399253111728017,0.001820899960102504,0.03746345369749698,0.0037376717037944374,0.02919497881036005,-0.013256490234618291,-0.007643279203989336,-0.032211194085397285,-0.005852719262695638,0.01558621074198148,-0.028456143109022856,-0.012185702585551407,0.0020497064277309207,-0.025608905903279824,-0.009390743930916838,-0.005588602083989123,0.021911230515828974,-0.03406408260968535,0.026852392638050483,-0.009713708547518877,0.03247923943616895,-0.003067388057286489,-0.031086440965458238,0.0004068430499026106,-0.007936077108771443,0.011973436181860904,-0.0066234335972405,0.04314900029132484,-0.02339846808167727,-0.02855391633290049,0.009158956816889038,0.002690176872727775,0.008831321620979646,-0.02384593393942759,-0.04025775236994343,-0.002613211062966224,0.025598177971694093,-0.017187137220069575,-0.009838814136040305,-0.0001340780210390931,0.012770811093005562,0.0021853434616836086,0.018283395288446178,-0.018439282467081267,-0.028975114209464338,-0.01932556934942245,0.03060416763706029,0.04105778795040653,-0.03709556976859762,0.01292567259203252,0.0271418562266142,-0.013655679923843572,-0.01959598411593905,-0.021531180882397777,0.014609203195420972,0.02058938553096785,-0.0007831108899569498,0.030716273765245137
2020-05-04,0.011201630954178036,0.012056797964948442,-0.003336550624809524,0.007301419782760013,-0.04510780848541572,0.00482217855894674,0.007247642760510164,-0.020129402566815956,0.0032956433254122046,-0.018312025175365454,0.04422666057203066,0.006685999275020167,-0.008218701531477236,0.003860442654358858,-0.012360641478121158,-0.03511535715516108,0.010024981736144054,0.0011236783678464067,-0.01454929612908559,0.018261416118577196,-0.009999249944172712,0.014220922050906063,-0.011076237737942793,-0.02200066335600611,-0.024534565870579682,0.008281616981245531,0.044018783431297503,0.025179690225773484,0.010814234998963003,0.0072881867023426505,-0.007851401734031538,-0.019873813214261633,-0.002045438264979442,-0.026066258882827254,-0.010658937686837809,-0.004380728522322668,0.037796608363879776,-0.02401628360548753,-0.015202363297404096,-0.01017581891480301,-0.0046534461303787,-0.014417812767777576,0.009601691926237926,0.014028393587181163,-0.01490802205548954,-0.019822053799367502,-0.021314226653593196,-0.012272175098328134,0.005976888703278032,-0.004642613879327623,-0.0049019676963369665,0.042319749158330096,0.005098281681135361,-0.027764731552697257,-0.050730439550126835,0.00680340255133745,0.019206575483217785,0.012387666158974244,-0.020763838706414323,-0.0053849785804481,-0.0008792344722879507,0.0005511632878781703,-0.022340972814632702,0.011867033080791917,0.020060394605037994,-0.008170307663434418,0.027702852451580665,-0.011078709659932191,-0.010648984407455948,0.0026764545440643495,-0.03389913684711476,-0.008829902236693828,-0.015771115702576912,-0.02508929462007209,0.004503922576677295,0.0258013014834297,-0.011998955124773605,-0.024618653990055108,0.04157213704042301,-0.023296516715164556
2020-05-05,-0.002684118494171898,-0.007458131272310037,0.004548978887667889,-0.009823551827462194,-0.01846705074523343,0.0005423929314354375,0.001539080371559698,0.04406876014578916,-0.025064127134946292,-0.007333926233505029,0.04281940592660708,0.026347026093040227,-0.020042182092675498,-0.009038722760119812,-0.038420262776465125,-0.019225029749021356,-0.02396723093998194,0.024626085271373714,0.010396580053420534,0.006660042588980796,0.005424229505599469,0.009419341395703242,0.0052958831325200855,-0.0007724255706922437,0.010450070697347616,-0.03758526524756297,-0.010916340777302991,0.011342802153274396,0.002861977822449415,-0.007278933770521534,0.0031471592125324,0.04398288125933235,-0.007998550470060912,-0.015227912924890334,0.0018531693672395476,-0.028516598014742347,-0.009302923894638031,-0.06115447347378953,0.02121045899686224,-0.01931693152236479,-0.032341095157228834,-0.0289947238330808,-0.024049826923339863,0.0005043465081145681,0.015126902294328937,-0.07605262455456688,0.0165169967127289,-0.0011857947119325864,-0.014868471806773096,0.016193013464494945,-0.001387598147910176,0.030205178037139985,0.011962334575471975,0.009290865832123518,0.01421132832419179,0.0034561750204887805,0.031325275094486515,-0.059029050163479466,0.010907765576938098,0.011794315287377588,0.006733566750290513,-0.026913556489751522,-0.004139871451431993,0.02509213964266162,-0.00779742725709931,0.00015760395469881477,0.04143834132146429,-0.026281238207074786,-0.008893829808412346,-0.006450577251785426,0.008665695920275664,0.012878998579527788,-0.0014346801920144187,-0.006263355655214512,0.007406199968295379,-0.010895424713398652,-0.020113606477054537,-0.010741848928404091,0.0044124968148012,-0.00035007739398323586
2020-05-06,-0.007662508355303612,-0.017929750317632637,0.03947661950714604,-0.025515683948652303,-0.002288939197029596,-0.013364685869246414,0.02504436692005544,0.014213371074675222,0.0072411211731007105,-0.01945084961738421,0.03466882678768526,0.010892250083680742,-0.020799363032341027,0.011903146477694568,0.0091167535677628,-0.013526317271547251,-0.02356255790700109,0.02753045319477336,-0.03832601531995414,0.02422530992986026,0.025281003410143294,0.008353502013039195,-0.012403288146266275,0.008850284562707804,-0.00878967907983283,0.013769719673055238,0.008362989473469267,0.028292187296854236,0.011029262689834101,0.04384686040227899,0.018530456705857647,0.0018317930365225903,0.015990917305613493,0.013884788655247542,0.027251732039484503,-0.02191618280324941,-0.026283153203769873,-0.006807303185419834,-0.034993156122554256,-0.015090139207337143,-0.003987304544428723,-0.007347426076263699,0.012278451540132969,-0.017318968305324756,-0.0342170268425099,0.008503631292067824,0.019738046986900945,0.007331797874338892,0.020007184588837417,-0.02547967649647886,-0.01840778131705502,0.022541601048451536,-0.017527331079973753,0.006057415818153214,0.01570934786549222,0.019799396840236915,0.006810188008976497,0.0019995481321102306,-0.023837451741318454,-0.016300867980713098,-0.011983281081742223,0.03319716724477647,0.019424033718469073,0.009760870974890718,-0.039167074974471174,-0.024511965165238642,-0.003328352561742245,-0.0035039291908354458,0.0019432433085823976,0.03009139911877258,0.016991406698640594,0.030177409639297187,0.012622858342986978,0.004051015103819829,-0.013946258946344053,-0.01955096302187741,0.006860252417530888,0.004864036826993851,0.055453750081472526,0.03557702355986006
2020-05-07,0.012962601188829645,-0.01809971758621055,0.022633907632069253,-0.006544871680983616,-0.01907909040288981,-0.025028385544873008,0.010227406891097787,-0.016003523314869136,0.02343036878962965,0.00235978985468701,0.007552791435732822,0.0018947695166581322,-0.004651984768709721,-0.009306450366821548,-0.01004215649659395,0.013540609396016128,-0.015445061417663913,-0.01047371065353789,-0.008784355296436255,0.021511898163966606,-0.006886918098674168,-0.011030548002032594,0.0057728699924992,0.00527031171069538,-0.02280121387479897,0.012114513106372604,-0.005388614237412957,0.02517143903565539,0.016881350951964334,-0.020435697431252908,0.007923515214095988,-0.021267068933173743,0.004069094971009632,-0.010442916811819454,-0.011257428411271088,0.02451964928253265,0.015462330278054461,0.04019650787357986,0.003752067192527796,0.014715027717626861,-0.017903772791331162,0.013542814953422931,0.02328602099586458,-0.007191525721375153,-0.014815134822543569,0.00679578624980665,-0.019510642269405395,0.01130172575763613,-0.049800661976916294,-0.01249167947646592,-0.006804441960092125,-0.039241791325522336,0.012358248164574967,-0.0010028144214202477,-0.00031065932752491444,0.021055996404953207,0.03424178848186481,0.023945802951639804,-0.023957350814214615,-0.0005218466648465699,-0.056809769748196716,0.0053660985569179975,-0.02290966193439706,-0.0068733364351643055,-0.012385684523317965,0.013842313834007677,0.011758308469517722,-0.01898874286757029,0.0031543689875890325,0.01936059966055751,-0.0069747546106796315,-0.011191061410928934,-0.040691566250862586,-0.004388126950822162,-0.013292900778450413,-0.009196171763336593,0.033070464207319024,0.005251837275329153,0.003881278286236793,0.03381160235153873
2020-05-08,-0.01186818002688803,-0.02441158073762132,0.008200827401360241,-0.00806655050613515,-0.005800763243739314,-0.015790867978816854,-0.005187100260313834,-0.005337383302975942,-0.007325747324714674,-0.0033576374184070765,0.026609033431246338,0.009796225095880262,-0.00933710820799839,-0.015402382144635065,-0.014279058243191067,-0.003789991527842583,0.02246160798681278,-0.009146258131134085,0.003717557672445327,-0.011908487704860317,0.042602085326419174,0.015025554102852204,0.009791499741844727,0.01147547783648972,-0.007423174653609766,-0.0021436947155914856,0.038311648000596714,0.0012513945117725656,-0.03823874242023604,-0.01704116206065337,-0.007145503374508143,0.01155940087666991,-0.017212991433181217,-0.003501546771583518,-0.023739126971292115,0.009596505102577965,-0.031390386732096716,-0.020890021276945444,-0.01370492102496103,-0.01767080866117032,-0.0008480255793904505,-0.01734018766293668,-0.010616364149763038,0.007764912142258613,0.012177431267693158,-0.03883815314345126,0.015535796333603684,-0.021649065927614963,-0.00682159966791753,-0.0026070258133233126,-0.011427031168366615,0.026358882382686088,0.007717715937869675,-0.008115294808450609,-0.008994914028588817,0.005818454910878263,0.01122908848619808,-0.009068561374162907,-0.01566312793786429,0.02649578973589122,0.008118427691120459,0.02298145734008505,0.05621717345158036,0.027090954537451417,-0.013221827629143198,-0.002673239510956098,-0.01808121372667428,-0.027203122713613147,-0.02921879040732252,-0.013847521591693609,-0.009512261366611399,0.016474892718136222,0.0016075382737755933,-0.011837048894179086,0.02929745115454097,-0.008568151554509601,-0.001656754426387564,-0.014504985146277854,0.003164550812869643,0.00018352694878175733
2020-05-11,-0.01090837607889458,0.03093755985462585,0.0004055269380173424,0.009883530147783617,0.0012226511596310748,0.02912321569947015,-0.029148672362110006,-0.015444986501837645,-0.03132304328399513,-0.009849061698228042,-0.006796423366165943,0.004945762512554786,-0.007019054842761762,0.023030302918660022,0.003443173392128821,0.000985948504343174,-0.005015752144212638,-0.006441227929566639,0.0048519187430692045,-0.008985706958716165,-0.012062401764522402,0.0032790296178962126,-0.007810458135093447,0.012569942477112357,0.017906503450498424,-0.011737318364250642,-0.005221016439010069,-0.012347949405569401,0.014385355589124418,-0.0262467312270287,-0.007732147481913738,0.031173480172008654,0.009178243905799372,0.015712721030048157,-0.022052639821748203,-0.016482496390791454,-0.009567911266254284,0.02236119365869986,-0.00037365633622985986,-0.010034205420324764,0.004510063247857152,0.05734048596027462,0.008894008580336964,-0.002707642085735452,-0.010970735977849198,0.007960219157185033,-0.004712583728895098,0.022327681333629355,-0.004612324366997579,0.009719064833763873,0.015488449375542088,-0.011408912329273536,-0.02030581577396995,0.004361862234031888,0.020583327705642352,0.04031661122413585,-0.02593106976316963,-0.008736741518613807,-0.018652924550051853,0.03647350766665037,0.017843478755870727,-0.02071840441316023,0.02367356143424502,0.03027288017565545,0.020134824589157208,-0.023886414717318682,0.0050168223839704255,0.040820718781401574,-0.004300474438721358,-0.02315551942101877,-0.018261073869324507,-0.003679849253817297,0.0374793722645684,-0.0015343348609370999,0.005984987918627544,0.036985916928957176,0.030655551900452434,0.018950721725592912,-0.002620696981475879,0.00912969984012793
2020-05-12,0.011878865413151939,0.0004385072960976929,0.009958964264397041,0.0053220851543999935,0.006903735989409951,-0.027703194786245722,-0.003634942077594786,-0.012910245301206937,0.009768908059351296,0.0018511327523700466,-0.011736254312061633,-0.006008856176551031,-0.02084349614196889,0.019730280076084017,-0.016458972517247147,0.0008407807399446148,0.014646961593010493,-0.005904025062053924,-0.001168446210397227,0.0029564418060648986,0.00499450974107194,-0.0009128570666759082,0.036612233360306425,-0.0020824507457288073,0.009421149911749884,0.023571338596111886,0.013235575243313116,0.034196285101468,-0.019998591709461867,-0.0007045174380933863,-0.021195140687011442,0.040301306774990525,-0.03176617959784239,0.016712505181312273,0.003891041765352221,0.017985328878330455,-0.03052787302931087,-0.030254395878091058,-0.0014635526453658189,0.0002290644960087618,0.018915118861070914,0.011775028731742385,-0.022504965110533758,0.038235631413739556,0.008721543443609692,0.004146846618715918,-0.02032183781090167,0.028087791522905442,0.016845942244294622,-0.045418472584606,-0.0024298352749719146,0.003132162853240394,-0.014169535181050843,-0.016772867968745137,-0.021105072188765252,0.015102094803800748,-0.01524713822598078,0.013917156351360305,0.0009533235292394603,-0.0023753719795603064,-0.011295289026946598,0.001053852770630433,0.009899851151067908,0.01872918940149281,0.029141131621470515,0.0347783024007654,-0.004418410353959456,-0.02171101842990005,-0.015378497152686037,-0.03183083970011264,-0.02093458658129148,-0.026623431179225738,0.0046821314950442365,0.007973912275547059,-0.004883838376843735,0.012965601536954332,-0.024132084645468517,0.02140168956159247,-0.008272713066605512,0.017882348434065325
2020-05-13,0.015050069320670694,-0.010569253007290696,-0.0019718891195808544,-0.01592405530078172,-0.0026074662278574683,-0.01150917450232462,0.017763280833418188,-0.020381179173285864,0.00016143955326083058,0.011734264546823456,0.009865083523860637,-0.004720683803120817,-0.009450017861698088,-0.012097487980183667,0.009093454818851609,-0.011434771644503787,0.0061827637466959585,-0.002986268437433503,0.013176404893789287,-0.015813472798451893,-0.010215543838089449,0.001759285549485514,0.02553283814288814,-0.0077257022189936965,0.00020364111078552858,0.031201391176988377,0.0024096907668566137,0.008431637762663908,-0.03555523335870475,0.004726338443521402,-0.026725692782962978,-0.002673178750022231,-0.0029558029691892597,0.010537243818375714,-0.016277246143197845,0.0019129176886840083,-0.03694085459951667,0.04085212377536009,0.010309134926904804,0.03103063125632639,0.0004747523157382509,0.01246211240424274,0.011137255835032958,-0.015274386595656789,-0.021527337830450223,0.015323626835369466,0.015795855804374783,-0.03315839930627985,-0.020910576437224406,0.027071757992965143,0.02350777215096767,-0.006936202074270258,-0.003842190051438689,-0.006043673409253979,-0.031063695145234525,-0.010689642525697903,-0.011965571985353161,0.02293878853968225,-0.015917832712082955,0.03921179233592168,0.01044266984343051,-0.04307412680516667,-0.013937445376586524,-0.0019105748364406725,-0.011621352363504001,-0.012133533791550272,0.01712203009682428,0.008177892953356278,0.024055387474929996,-0.00565077412944864,0.020791686768136725,-0.018637218354008365,-0.0011648261118707348,0.005728109490827078,-0.008978199690047798,0.028071650211946932,-0.002508833878529398,-0.012085234230862439,-0.004800130656417802,-0.007930930217822724
2020-05-14,-0.02148084005540929,0.040131855093630375,0.002891684227519449,0.0011218490962664439,-0.02736518653847514,0.013067660226288844,0.003706894039266654,-0.005154120270391751,-0.009402274664252072,-0.024904366146715984,-0.014205417966238159,-0.010140565255820473,-0.016912569759788085,-0.0036618156922256897,0.04194254424746054,0.016332071407154255,-0.0050576013155674785,0.024201318663511863,0.000934402405299446,-0.020113901746363867,0.03216154270907094,0.01590865413614866,-0.008044077702005778,0.004167628742475654,0.004296412417459498,-0.023661914809639056,-0.020147689212415224,-0.00820136270003149,0.031602878286379324,0.0068151926274691715,-0.023031381234030222,-0.013316219314957944,0.011297282652834934,0.02471016485898051,-0.017528037424312828,-0.00286563435403903,-0.045540788711410866,-0.02154463472427773,-0.04060500793399493,-0.008594598044975978,-0.005701813289454103,0.015067864944600655,0.012845640060640234,0.0024755953471267927,0.011777663049944936,0.008106988464684613,0.0029136739511365596,0.003504468289598712,-0.015574892811344719,0.009383860885357807,0.0017039946171015182,-0.0017815425642823874,-6.529801484037518e-05,0.027633275711247098,0.007714681518831577,0.018929097258812727,0.018135576433005205,-0.0084105428106605,0.004538160462719712,-0.01578918481501826,0.01580601657774349,-0.020314989305203174,-0.019735861563938945,0.00924156053168823,0.009666473435755295,0.011789635873611783,0.021060144098811337,-0.014354706502774149,-0.04191932650146521,-0.018939590353670654,0.009246234582177616,-0.02516647229587445,0.014692711984697215,-0.013926038103985358,-0.014823179934908235,-0.0049091683665892,-0.014080513722733251,-0.008303778012492598,0.01235602549935318,0.027714123440587164
2020-05-15,-0.020933043903718297,0.024314004862244575,-0.0014018842984954384,0.008340915437734202,0.03434509792218325,0.012265564736036811,0.014265385090825748,0.011741854258231458,0.027884286856942577,-0.010343250319315146,0.005395678587998721,0.016457184455667035,0.013060158766198076,0.02384954805015143,-0.004048863483666714,0.020179829538632958,-0.029262025024993976,-0.0033526305097672806,-0.030428659618286148,0.007171089197796418,-0.0014694610912843575,-0.019552936743096112,-0.028451769470516242,-0.013992279608331827,0.012131842726717103,0.019059247483528816,0.03453491607669259,-0.01681694044807706,0.00599566697918294,0.022449328433203585,0.018282823868028607,-0.018782693884089558,-0.006582865847657461,-0.004481542918433204,0.0038580117182316644,0.008442678814318245,0.0071741272128814084,0.02771667598451174,0.006931727558775747,0.06610345218390887,-0.02009049166800864,-0.024474854841242812,0.025935129195104902,-0.00019837266321998692,0.05436514202264151,0.0026873057427781446,0.019759265273264416,0.004931971635622606,-0.021393535259655573,0.004782575441416197,0.013115027217609486,-0.0005305402652152166,0.029218179445486592,-0.010948007780111521,-0.015810028208989243,0.012713812762682693,-0.005215754877715901,-0.011538808757751838,-0.030741282816786546,-0.01429879179360477,-0.0006358405713701785,-0.002520023809673229,0.019688165934881787,0.011871616286417072,-0.011745927656964675,0.022118245019302485,-0.0026660095594761945,0.0065634542392774085,0.014174754995658305,-0.017491658423448617,-0.0023858016796416068,0.0352337770748042,0.024166138308261025,0.0048284340035423595,-0.005796479692914089,-0.0014920419174169208,-0.0027452076796266245,-0.04253195265797659,0.016318760110415675,-0.028808638179531977
2020-05-18,-0.002595036040460739,0.004601008798383861,0.029302938276192063,0.018640492574787147,0.02480885618907553,-0.020089000254257902,-0.004609858258675035,-0.01844096945234675,0.014520399557744876,0.0007980200815758277,-0.03616684108048468,-0.00044769312993620143,0.01485990821878303,0.02235041097549214,0.015878702418210194,0.006054875850100847,0.013130121663504541,0.029176382717129384,-0.012705227691172178,-0.003942159758747906,-0.011407934791934865,-0.022351720852466485,0.0083499367649177,-0.010029635236524082,0.0031407479959881285,-0.012125767692472842,5.425645116950086e-05,0.02942020007094748,0.018081595524438797,0.011607135669573769,-0.0073797843002074105,0.03155349734325823,0.013727412131163512,-0.016826719856541356,0.04144263382452617,-0.02531643235781408,0.011028183319951597,0.0204752489364297,-0.0004245589571684363,0.0031088124265254637,-0.02629186983132107,-0.018543439726678428,-0.018474469069885154,-0.026927735644303695,0.00829694046327819,0.014270127712455285,0.015895128251451722,-0.035382724230379164,0.0021553725110781954,-4.259893119997092e-05,-0.037677467424872345,-0.0023437480586933923,0.03527127994562704,0.003579504300371135,0.008946632389797395,-0.01013115894893828,0.031843131585683325,0.011700456348796852,-0.03176495395083983,0.0011942940777459634,0.01671723137773131,0.01182809854483311,0.040909563340229854,-0.006240252080478554,-0.01434399407641012,-0.046543006519250196,-0.01445335785326119,0.0018623080999455198,-0.017941211084901234,0.00257311191013474,-0.011387384468398458,-0.007720269266431921,-0.0277674336425877,0.018020574102778405,-0.012457882018383007,-0.03473483900204281,-0.013304737819644783,0.020510073502607237,-0.021169588880614744,0.006890399934987544
2020-05-19,0.005288042942502945,0.007051708922947531,-0.017995516341989568,0.035089776801912186,0.014226777411724907,-0.005698792517238682,0.03741772853996906,0.017284479048216922,0.023476542190493357,0.02206030941678324,-0.03574277175168903,0.025592282383554956,0.005126493059377067,0.006038612700060428,0.020773085746394703,0.0276611479716321,-0.011370786097780014,0.05329228984002869,0.0264480864962346,-0.006135453693272608,0.013971509617240396,0.016976109154628983,0.005637010541104596,-0.0031936657829639086,0.008276939374796356,0.04948577540996781,-0.0076502690535935934,0.0051910206886603616,0.021623410557326854,0.017829819152149807,0.015511015062403375,0.053202549004827196,0.024207943069045185,0.00919302474015567,-0.03761432679818915,-0.005352358515807345,-0.022284285704769494,0.00941584236615558,0.014922656115699042,-0.03405565678219745,0.002117270507701336,-0.018953139458135655,-0.029922901321360895,-0.013233156310783138,-0.008602624140461099,-0.03657466983951229,-0.0009059777648864819,0.004586921253158492,0.02534886045217736,0.011648519422818835,0.02325970685517433,0.00670020593065975,-0.03742222838406081,0.022670460798354577,-0.02598926391485001,0.032144289572063396,0.0027421743225460055,-0.01644353597939515,-0.001965350439476243,0.023265410400121162,-0.010314266931235697,0.018663031164348722,-0.0013037196480219172,0.0384235699604703,-0.030277959807754252,0.013943486995272585,0.00963177439832919,0.009743125079065766,-0.023454186594384033,0.0009466357877113101,0.018194359802843754,-0.004473329974300554,0.008479490537345164,0.028321674040566305,-0.033202172212453585,-0.004176111988671337,0.005431323245661748,0.023126915393517918,0.0020387648748031732,0.013986739682543383
2020-05-20,-0.0084156089776291,-0.017808045431485817,0.01640696155631634,0.030010399899320337,0.02218998562067835,-0.02187740068884526,0.036681170241683936,0.029739260774262703,-0.03111087223244516,-0.021167306527810265,-0.027199364273445485,-0.014616697993953418,0.007541218192567997,-0.008503859065457687,-0.026897735615623992,0.018617465781313833,0.013077290092847558,0.0172411518109309,0.005549584826749319,-0.004238211869549621,-0.014593157645882404,-0.02055988146434878,0.00753198507830756,0.015382031773781923,0.009553169177268681,-5.170780248657869e-05,-0.0045142215813645786,0.02778929321712405,0.009733700008427338,-0.023749657700732164,-0.0031250271968753522,0.020223401636780394,0.001513588005077616,0.02789759961290287,0.0011089547458098582,-0.005551811286040319,-0.029767413461157452,0.014221667459823185,-0.009844034042426241,0.019771776709469575,-0.016095623672401253,0.02387694651282996,-0.012806153965089382,0.013031771171671811,-0.0012025855275608606,-0.005185824733589467,-0.0009056237111357696,-0.005181130384069129,0.03844570471461002,-0.03953083012595223,0.02033527481858889,0.011256166847331314,-0.019435758227862462,0.0041549850571083674,-0.004938422907581186,-0.029443546286517065,0.01923298654551732,0.02448682533023581,-0.012009268723121053,-0.028223031409612718,-0.02943216011129279,-0.014042889090477786,-0.0032771705114274592,-0.02268388222515479,-0.0028048796286900784,0.01939528301729185,-0.009293055224742245,0.0011981286654693273,-4.122149848595131e-05,-0.02887917662486245,0.039008999938280664,-0.004249056764323848,0.035715991371442206,0.010484484645258994,0.0014960094959307652,-0.014101237157783499,0.0037687400297590824,-0.009516166826575218,0.020277732039723065,-0.01950170438122452
2020-05-21,0.013983515442699249,0.0034877643127032,-0.015453450183173744,0.0073917840356453835,0.01662261214499155,0.009213325646050778,0.03064371293239654,0.02948909508614871,-0.030008770021049395,0.020421898218806626,0.012574610965192743,0.0016959545805228689,-0.020851663070676523,-0.009729852310909707,-0.038021488576359716,-0.006571330325059161,-0.00488634077279298,0.028333226165959124,0.06193391027544107,0.012352413301693009,-0.0027026001415140417,-0.003268144614626245,-0.012111577019739304,0.01662606436410713,0.015252381442157958,-0.011114277125591267,-0.01851546733758386,0.018922155017505486,-0.03028036761906183,0.02254552505044525,-0.014758813310857209,-0.00029984666700214746,0.014105880344808062,0.004691214144007943,0.005748468369760862,0.007701557945064499,-0.02036096963973975,0.024695938370463483,-0.00397332330273895,-0.010046252757713803,0.005910117130305037,0.008247041639883951,0.008793672769005827,-0.018896796588508284,-0.0033177870126711874,-0.006509335767213662,-0.0051940799904033295,-0.011230846560120302,-0.006998340319726425,-0.0021221459363163966,-0.01088729517216806,0.0037526362559991023,0.010062427068192457,-0.012016488609645071,0.019728905706242663,0.006840983716512742,0.003285035055383087,0.022974363933918468,-0.002108811574857308,-0.0052290815906251755,-0.008718125715890422,-0.019394540889160542,-0.015768062737736076,0.029089531957976363,0.004707143653311838,-0.007739042851005958,0.014278572188693122,-0.009154495240867465,0.00047362373591402964,-0.019240578223423493,0.010141462282200043,-0.035272390708882884,0.009410726448567623,-0.0034943471802140807,-0.009438824924990494,-0.006546454414005051,0.027515670522720827,-0.012067583455583921,0.02812690671343322,0.01023792224229309
2020-05-22,0.02072593719015607,-0.006115835554151024,0.004386726511796827,-0.02564144990410573,0.009101105202890964,-0.04039186515035089,0.011939498279750823,0.043641954776754144,-0.016114271002412556,0.0016815041555058858,-0.0007633917393285649,-0.0394144256369114,-0.01733850478688869,-0.023609969739952774,-0.029105779518024313,0.0037688016084151373,-0.03952432128780624,0.00824561196287,-0.0070374759257303176,-0.010891458636475834,0.01645684146432716,0.004313255749721286,0.003951843296462625,0.013825801204425586,0.00443388473407815,-0.00529784516434639,-0.01648898438215141,-0.006642767915254631,-0.008352008205959575,-0.02292413886687275,0.006458483037227858,-0.007559007978927873,-0.017087172864741783,-0.004015928053676882,-0.007166319880822763,0.0030694601649029064,0.013022493219659105,0.0021989165987022696,0.0021072300793457703,-0.0023153072463280144,-0.014281391716608041,-0.003177755684431039,0.021742340635699874,0.05437325928390191,-0.007552345143889211,0.01375349345042363,-0.0038809637910182243,-0.0020326722606293225,-0.021210230222130262,-0.04221504644887321,-0.04095455609866001,-0.019014897979472423,0.026572554798406083,0.028328207183575503,0.008048477158942751,-0.04213679906677318,-0.00479426485434914,-0.0006829900070536779,-0.02191711280870837,0.03516947643068878,-0.01991611441756333,0.0056535844794664645,0.006598777184586383,-0.03403385152903114,0.011487359781335445,-0.012499236708141261,-0.003890469032707122,0.0035360839580353904,-0.008797854623068157,-0.040357672993168475,0.00512234407366274,0.01930470764654891,-0.011939634814094338,-0.0234245185623208,-0.005885440554538518,-0.006999168488790251,0.00848507550477723,-0.003763788103736083,-0.00936798584566719,0.011906657524902163
2020-05-26,0.0061352319330397025,-0.03349038778958853,-0.05692081507179374,0.026746696299306552,0.002465317426157305,-0.03926333893594646,0.016095620661580747,-0.0064675157989177124,0.010162029238359115,0.011486102934594716,0.024819311974770643,-0.007893594173210068,0.01046320066804325,-0.0035946502802024173,0.012746660825443854,0.014409137901521395,-0.0009037105685032413,0.007276808685852255,0.016719398485445538,-0.030792513884119212,0.0027965054265210636,0.039393133699021914,-0.0244265866352985,-0.010848040612149997,0.003356651048177079,-0.02168884691226699,-0.0006121951729545559,-0.04060367406555302,0.0408972344657336,0.008165536621753742,-0.019335757741751735,-0.013525793532239079,0.03859270636732261,-0.019067100964170833,-0.003363071150961547,0.005411835487342643,0.01595281676801455,0.036677252978525685,-0.019633348213192642,0.009293253827157524,-0.009983025787839703,0.005681811184848222,-0.006188369591546124,-0.010690352516599905,0.01448680544627581,0.02891654906530741,0.011931961602553809,-0.0022612762052547242,-0.019653982035679758,0.007357968937914693,0.014673631525832863,-0.02900300179906217,-0.01582058425674448,0.014492450897809678,0.02078181348890424,-0.00502404512412628,-0.005987795193368001,-0.003918925803322982,-0.008124001891972172,-0.006174459839560704,0.008547357848818856,-0.009986261112061448,0.013614722227464782,-0.01886845769815349,0.011920011577484298,-0.024961005103913237,-0.026222860688871554,-0.022728139251793844,0.02161602471419493,0.005901500365018617,0.014228964054382922,-0.006287607239494013,-0.008170418626866394,0.0039360359334863395,0.028117672914245887,-0.0036924981791162524,0.04137569799986962,-0.0011981636542782842,0.02697325196521505,-0.01543527293301373
2020-05-27,0.02692316170884007,0.012339060486521029,-0.020169561055072047,-0.012977434260351976,0.030448787811709746,0.0023418485923807587,-0.006109345496842647,-0.017921680880749972,0.018417815007145438,0.02339966350961354,0.0007892439860786144,-0.0004834285271641726,0.04846212261227108,0.008008639877125604,-0.02763098117758877,-0.010580493012775553,-0.009825260553226437,-0.02128091854491145,-0.016243142610681348,-0.045442833111412145,-0.011231973527537378,-0.023985648439282647,0.004783180071783876,0.004512399504389079,0.051089346874423416,-0.014988452927055694,0.013218089095276891,0.00807301830050627,-0.022578887267770832,0.017478543585499814,-0.00783940088839056,0.0034971745110535446,-0.0011958486356551073,-0.009056606842159034,0.005211725489232148,-0.0035136332883724283,0.020621956593504055,0.007501444094876089,0.01238625984967108,0.0304719720328535,-0.02679585873594801,0.010093293109203408,0.016506170076457348,0.0362639221166755,0.018204117432874995,0.03775582132338727,0.01693086911127788,-0.023333260066274845,0.018867301499554952,0.01580515635016414,-0.06089217209333139,0.00039775075851284486,-0.01399777030843445,-0.011360393167453409,-0.007432909338420474,0.023428751174934714,0.028143955349923547,0.0011667662847112622,0.010624919163123737,0.007635047583893872,-0.023456185766370836,-0.012724318640740355,0.022294517672144618,0.006498030168684913,0.013392134358245596,0.009118229907013506,0.017809210495683066,0.022399614619271053,-0.02941753483627301,0.014529305517265008,-0.007970118241020873,-0.010706870524306234,-0.027034068874899835,0.006021525170573388,0.006152820038661603,0.01646289845373848,0.004625816408852009,0.011280721367761024,0.013915357147421538,-0.005397863003138961
2020-05-28,0.01692015099903594,0.03713897222306854,0.000551125070583997,-0.023599255822229593,-0.00866560033065328,0.007971588568133155,-0.03216458013043589,0.0021606750361099014,-0.00967770858804462,-0.001296327803520429,4.236842034944943e-05,0.004838299686429972,0.04028227446719489,-0.016341909172804644,0.012419951317454707,0.005044629598385962,0.029690415316973993,0.01407591767501637,0.010876133077762355,0.0043974028474789125,0.0012638720770045367,0.024923299957558896,-0.004279441880401721,0.004090021651246203,-0.007992242334592038,0.015200622623566232,0.008366816437669029,0.002350905013759748,-8.455165476897401e-05,0.013994780777036302,0.00897747912281941,-0.0004633654963636104,-0.0018660697867788523,0.011362582014745763,-0.011963141607253201,-0.0026271999383965412,-0.014798118406855859,0.004390947085593478,0.009117382595795457,0.013449972421002059,0.003206413603214563,-0.005249550558355555,0.049145041529787444,0.01737990072966192,-0.028127044233451057,-0.002027273740353186,0.027409405980737864,-0.043423032401763616,-0.0015842736154314753,-0.004957518433734538,-0.005252420037541671,-0.020127411064278396,-0.026709852802169524,0.026490450182638143,0.0024861059470699296,0.04754134961271019,0.030278781762567625,0.015836523554212847,0.0019631674483937354,-0.002424380445858173,0.02401695846797556,-0.012990350545275881,-0.01533530106085815,0.03775932147129039,0.005677228300992072,-0.006434165114361072,-0.0032356797710248885,-0.002664927915924493,0.02797927466266663,-0.0007582355644487411,0.012700538480361623,-0.0027210973190574827,-0.01980126245507681,-0.013723463476217682,-0.01833683261507895,0.017954814668567354,0.015223332270109665,0.02274292652281195,-0.00028600252785625175,0.016062194680865095
2020-05-29,-0.03634133439916841,-0.024319305976562577,0.027352635487049762,0.0018091766493127134,0.015283872447197632,0.03361461562994911,0.031007207495075777,-0.009384534437754718,0.00047416276486038963,-0.006915493849063107,-0.010888020391578252,0.020132492631930298,0.011340436658064532,0.032201522463792986,0.0024955715935482386,0.019915670203149806,-0.002522830997546364,-0.018708708109174136,-0.011376571751131817,0.014142123202131256,-0.002142544343413525,-0.01329933022639993,-0.021540680155750155,0.045070458169975555,-0.013757078585594634,0.00167805975949358,0.018390793390615095,-0.002758650498558759,-0.010689137216214074,0.024082356925640456,-0.002416861066508759,-0.006850603001299944,-0.019276782399515052,-0.007815094655615718,-0.015550142142831565,-0.022913576635026942,0.019640644094242536,-0.005677472049331377,-0.018194357574882435,0.0062391963309519575,-0.04140152706843971,0.0091830876738441,-0.006714852637551436,0.022458268695001588,0.002789496375115036,0.009256376687911256,-0.00025390510965546295,-0.013811125678403202,0.0422287476122112,-0.009149412937225843,0.018061768933769293,0.027734240581371986,0.007591317628574329,0.030143537345132036,0.001739103884197491,0.014009180092281604,-0.019219365861175074,-0.012725167148801182,-0.017936854452199433,-0.006711530866889007,0.015863557034734577,-0.032276295485770386,0.029847738898741146,-0.007953964508820556,-0.06116759044769813,-0.016630843074379644,0.010110149040250175,-0.0070833179375374535,0.005452705037423408,0.015203526355050456,-0.02740777909502547,0.008556139922401368,0.009281532187653688,0.014592920995107301,0.01757865974108734,-0.0001661418574605538,-0.03086419102535531,-0.01030998644182203,0.008783805730487442,-0.02253589841689942
2020-06-01,0.0027594731604434868,-0.012745520244890228,0.020502763505785233,-0.01933232566843048,0.02246945746355819,-0.016284618809932202,-0.005911914198111762,0.009131245866958381,-0.0008748516430252297,0.016479763308745007,-0.0036462940143398665,-0.02457889812943785,-0.02063995782730478,0.008587014273225417,-0.001648919182983069,0.03214809099646858,0.011729062606672202,0.0008277152461422853,0.0316743509127908,0.025061274538578253,-0.055129255941814226,0.028451903955799534,0.007124009557178479,0.015687570692971147,0.0213795738726934,0.010756831802476552,-0.003982823849687744,0.010300903014210551,0.006228415922392317,-0.016515528855830124,0.0014589731374877856,-0.005798683333986348,0.0077047906174316375,-0.023842469624922206,-0.020839531160711928,-0.031835022579317536,-0.010499249414418953,0.007787595271693636,0.012176183774925553,-0.0034621084774704627,0.0023578459554347607,0.007769294836967819,0.025249213633783907,-0.01924332130674369,-0.015277778586372935,0.01604161253212514,0.01867764219481364,-0.03298797604920162,-0.004070415047389589,0.0009378845512846459,-0.008768570542316903,-0.023424766692941915,-0.003497623105037125,-0.013579255223995917,-0.03132264722705811,-0.0027430728897178003,-0.003682789693423889,0.03704471332611469,-0.0174186125366432,-0.007852494676998808,-0.02845915245995448,0.0011341190350896246,0.013499991191296393,-0.010840002503830048,0.014850156262944496,-0.027645418574479264,-0.010826850317428449,-0.0046591495379850545,0.005139212897484986,-0.020679721209510338,0.010967829998221424,-0.018685882735836937,-0.0020785451510399937,0.021416585707848285,-0.01317647140616118,0.004563984763415166,0.005898478315681941,0.0014325679579282346,0.006242069575013925,0.01631384639182976
2020-06-02,0.023641383721967585,0.03752025245818563,-0.002810592759271785,-0.00996212280002558,0.02886253762989544,-0.014943217810082779,-0.005333668559526219,-0.017133567109391134,0.007774780863314665,-0.028483992005274354,0.002371888461137481,-2.1422670748283707e-05,0.02985219894928071,-0.014428814996604112,-0.02664257909261802,0.0006485320837400801,0.010497299834502576,-0.006623285317116424,0.005705639023349886,0.04254594827499137,0.03793208137147857,-0.0008919734399044683,0.012425273112718554,0.022938990755569474,-0.0077619521157775775,-0.014046114094320375,-0.0052901919401812615,-0.016497823411172455,-0.048653713899508164,0.0032368559973193047,-0.0025145676606406014,0.009950867958210095,0.022943694443787434,-0.01153393798250334,0.0065813386142149115,0.003237360258292808,-0.014620325555212513,0.0061826772801081235,-0.02198235920815071,-0.0022347960438997496,0.012043177355829153,-0.024802741054561737,-0.005930142576824108,-0.005308159829363652,0.0038444551418108275,-0.0064328658307890516,0.038058065544863996,0.026488516357946034,0.004882189743383398,0.04259794501134891,0.032858050280317366,-0.051358866543896924,0.03839739867158889,0.013807480341850972,0.022858483087060958,0.001504362135152887,-0.015367171575969969,0.03747659317463428,0.030607278190246494,0.014083391452828428,-0.003543358196475864,-0.004782043044625551,0.011189264710933813,-0.010258618138660913,-0.008044453049857635,0.0038086221340656863,0.03735656009271517,-0.012635216710844973,-0.022910311801735445,0.009915601512007693,-0.00022914037905455214,0.0379891158106817,0.010631269062601032,0.003127651750383883,-0.0029964387820510256,-0.029251918441768616,-0.02384565286178968,-0.01369619515214704,0.053799211692769376,-0.024586522002192017
2020-06-03,0.03148435593615134,0.01373809353463588,0.0011393937919032065,0.02885824176759632,-0.011256776698822132,0.00041060447238967616,0.013805139605841604,-0.01983528100624334,0.01446825061457659,-0.004447003351799746,0.023375378340222405,-0.020219939201520144,0.009988292158781387,0.006556374316319677,0.010040037781331194,-0.05107262031297197,-0.011078693676844846,0.017752459267607934,0.008900853997883736,-0.04087537403052993,-0.01500076355286242,0.005231549681308141,-0.0025905330299412104,-0.01795508514778642,0.015206398499689784,-0.035495378190822165,-0.015865969002495095,-0.031451274391384676,0.017926971240491477,-0.015876733502569004,-0.030189168205444872,-0.00545430560108654,0.029806929579444228,-0.021874575927319274,0.013147997022539841,-0.008823812539784882,-0.017024523178228366,-0.04671195503861667,-0.017525780091378066,-0.01387754197097328,-0.02333415255816383,0.004000220079631589,-0.00378093323898984,0.009012293530212316,0.005189776933323573,0.02283474716306495,-0.02359144327365048,0.004747180168098675,0.007997626078008399,-0.011589186264577524,-0.02692791152988331,-0.010835907352934578,-0.04089842724022399,-0.0042182910178581315,-0.005613144560837049,-0.013713766491703057,0.014059318039312462,0.017223399940478026,0.003965193963689609,-0.02010649704689212,-0.004927713480088458,0.014753376508383112,0.032920495122635715,-0.01672477036797508,-0.009622871941857868,0.011110003907395341,0.012517258602069882,-0.012591427340682653,0.004925175967014723,-0.00848520741755661,-0.017389779796007986,-0.008874231399285996,0.02642853389017035,-0.01367620227544543,-0.017813557270119657,0.01158522691601384,0.030530294699422953,0.016271164886496353,0.0065934782352079805,0.02022649341459857
2020-06-04,-0.011458503820272959,0.010053160492986596,-0.02261552249016386,0.0337485661288014,-0.04273356114347634,-0.03752924507539825,0.02336863176185354,-0.016732973457836895,-0.009051317084041405,-0.016578584670653315,-0.01632046143892406,0.010886454095314727,-0.008405280623176572,-0.002295776432691006,-0.02497163378199529,0.0058116069574907486,-0.0060617215422402795,-0.033007090083090586,0.001114795466527357,-0.059905337815992325,0.019890362320569538,-0.013946593169949175,0.020799209082540848,-0.004012418162593307,0.004766232119061061,0.023538322326416745,-0.022184595785826357,0.007363441430665366,0.013251744336551675,-0.009477428498188691,-0.00705012215350269,0.03351601830761097,0.010513056616530554,-0.004137865173063876,0.012420100281584821,-0.004266317979984006,-0.02341833447214084,0.011763623450904242,-0.014400826712306834,0.026666158755896317,-0.01369618149719578,0.005944692032654431,0.00835767998169597,-0.007788502244248504,0.011568568394379653,-0.006842885612300293,-0.026875729146587434,-0.003974391445627375,0.0031686114201330442,0.017246612451558088,-0.041611261548135305,0.005074472025530874,0.048361695989086836,0.019362724867438074,0.02454777130162558,0.005415222781544112,0.02280209556969939,-0.006564943528859949,-0.0015517394438583501,0.018612620270918655,0.019728445150308433,-0.00035405548935531217,0.03318041302203049,-0.015043988895787596,0.012941459082534109,-0.001261509803371578,-0.016888927854959913,-0.013282861063830585,0.016255903035904642,-4.059042877515686e-06,-0.01179875343763241,-0.007740525764698676,0.006488294231657207,0.026365307628166763,-0.0019207495990637175,-0.007655218509727386,-0.02534314497647641,-0.023811722236855667,-0.017815971105281925,0.020978941722293813
2020-06-05,-0.008505110753156282,-0.020101506800148883,0.022655248950367378,-0.036876172184418216,0.0027264597797199983,0.0020138259974214956,-0.022177633646107267,0.017681618942134443,0.026883372951611147,-0.008847647062882127,-0.012322962577852557,0.004280287794016736,-0.0004535505097468213,0.018240473419766114,0.001686820643964225,0.0005693788087682085,-0.0012137086640384126,0.04192322552101902,0.029753768928070273,0.031194838945679277,-0.008618876009704549,-0.013940629387297232,0.0020457111906242577,0.0369565017431334,0.003564139163849907,-0.006177098479629419,0.004595671260329113,0.02092868765091,0.011800396225362313,0.013502633399240592,-0.01857873242854144,-0.029108923775055105,0.010826413327381552,-0.01617830809231384,0.03034510523833379,-0.019971083426652596,-0.012622456443103927,0.0018624037787290909,-0.01545885144031658,-0.0010127500402120156,-0.006216533555044707,0.0014313602835883826,-0.003263636072726291,0.009471046600355318,-0.0029401124957157284,0.021398852107941412,-0.01568255748591176,0.01137911114620509,0.006041885830327546,0.0035434050019916463,-0.021965746123669652,-0.01806102206384042,-0.016769335248215812,0.014938399102508356,-0.011801755370078142,-0.051848002277521954,-0.012881048491153443,-0.006886492699350547,0.029908607741730275,0.03058919184763616,0.0054283753258089155,-0.009870082725825175,0.0016665062240896807,0.0088475848851316,0.014656191128539034,-0.026156109308886847,0.006114183250915374,0.009411893101584017,0.011969213812056892,0.025863117257882706,-0.02130206733826364,-0.027588970248223488,0.023474537545244135,-0.01563585325289731,0.012817856347890923,0.017204992308265523,0.00537266227701944,-0.030971520205992642,0.026096264081694884,0.0010791264838374095
2020-06-08,-0.015557207514990944,-0.012419701891549917,0.033207110788910435,-0.004863692542326188,0.006080160877201088,-0.01871581232925307,0.031348632407496406,0.006715588324887946,0.0025368416741803753,-0.01919652949604533,0.02281925864730816,-0.041543193186016555,0.013905384541774948,-0.019983738059233164,-0.024081739003423933,-0.019317432685101936,0.04036193465670974,0.02382470390361484,0.022106278029865756,-0.026175566089719122,0.015705107191430947,-0.022986091547803237,-0.014677673840642327,0.008653160958360342,-0.011267900497757652,0.00616115741670508,0.03511184456588722,0.008765699790660265,-0.022992426361961995,-0.0035775456494382698,0.003313195129075154,-0.008346438034111722,0.01780364961687188,0.012466338956781198,-0.024471340364267246,0.010719383284546557,0.008064692790273168,-0.0020468575690183745,-0.00649936147695414,-0.022010893558997574,-0.040217799784235994,-0.0009474598150365308,0.009204037623510113,0.01324951647873955,0.017910568685609203,0.007634109177322546,-0.04349440147665977,0.003608721342530662,-0.055626134017098185,-0.0012188785617063202,0.008712212364398054,0.024861664973893142,0.02402245399557429,-0.010348188809466955,-0.008841421096156562,0.0270985416445403,0.029473918302630225,-0.03468905172072715,-0.029673615014603895,-0.03285122086410936,-0.024606537285943874,-0.010803109411175746,-0.0003317479142430927,-0.015917508032144267,0.003387964063065118,0.008329663286113847,0.023355569054093764,0.03508963758987799,0.016504307199653578,0.011656710456038995,0.015399555722176963,0.0022375846922987504,-0.0027008564328276346,0.0015710648229242397,0.017415179449289404,0.001278705883635964,0.00898691057568712,0.008600361039917041,0.012874419057678032,0.008856793642444257
2020-06-09,-0.012995344606314931,0.003414313889702066,-0.010740133970576677,0.00889590475506893,-0.02922354759045077,0.02897034195843159,0.03157205929162435,0.0016681402039725218,0.030302095881759132,-0.016290212708168692,0.006436703800455409,-0.019648324809618742,-0.0106950160918183,-0.008225598486610768,-0.0002949543603368482,0.04231541619125969,0.005849683758845917,-0.004637559501224652,-0.024637373762661605,-0.004473385483958323,-0.018468009450501616,-0.0033192346294584948,-0.024548176158868756,0.003153363259660666,0.015544306213302233,0.010945209992748369,-0.010360293392758398,-0.01850830406045811,-0.014182853572732062,0.0245887465866759,-0.005166688436367206,0.010853576048087675,-0.014017392104773827,0.00719160882236909,0.02087984813122371,-0.019276739010381815,-0.02528884271549095,-0.0010061462700438467,-0.007329654226967059,-0.021065138467194204,0.0282593454615621,0.011774785770407565,0.006547039258625037,0.0016639080523751652,0.003386375140131354,0.007472922409635393,0.01165135246970321,-0.018237468596325714,-0.004800911172084599,-0.0014741596738275865,-0.020649048765242237,-0.013269794862509475,-0.006155133496123503,0.006663244134034648,-0.0044208842633241445,0.013210141028905237,-0.00945656380380564,0.019200835150481068,0.019436889781081143,-0.015366291715112454,0.0012777951322837683,0.010573657912086613,0.030558510485756817,-0.0321888155289061,0.010348591458086347,-0.014601984022257961,0.014554814796299331,-0.0330325310990569,0.0009814916714125082,-0.000469378104465111,-0.051594168868043334,0.01875790462473811,-0.024750091068668337,0.010156821021904577,0.014103960797460728,0.001191028725631083,-0.022762230980295096,-0.030133469371651258,0.009384818858139623,-0.02779173802623102
2020-06-10,0.00929809683357477,-0.008281933923579532,-0.01546231020539261,-0.0016550065885032978,0.023803750235380845,-0.012089125807495684,0.01640172831841296,0.007979152961428253,0.012964117977563092,-0.010101204145523884,0.0035786345787632164,-0.025237548867169703,0.016934446775416872,0.01567646811493317,0.0026304546015631313,-0.007474417409808673,-0.01607876753454327,-0.02696068503090059,0.013537764089614308,-0.006643954322838667,-0.02262179490337684,-0.012008939311773492,-0.012885377362442382,-0.0031997478839385697,0.001486705860987799,0.03241208911909344,-0.00400483594099824,0.010559424093612135,-0.008997957371836967,0.0006946245199199864,-0.003474647358176966,-0.004896100192537383,-0.017055493164365495,-0.024202572896796243,0.00531188640994882,0.017909391919055325,-0.0046840443783694235,-0.009636111107387085,-0.021532276067811044,-0.012077802566597835,-0.03672468951142274,0.025004261304306823,0.013961140046478946,0.017580036878490517,-0.024888637377768436,-0.013257785877032092,-0.014449450638168743,-0.015065407713800043,-0.002341245587291775,0.007751128260498688,0.003326945821191599,-0.009832189910729698,0.014948597266888556,0.017522054611731567,0.007336546106248664,-0.0029147003565272917,-0.01438881856123076,0.01666057060179421,-0.020823826870780455,0.015180135130379047,-0.020307616807474275,-0.013871391578887716,0.01694157024654237,-0.026618567896048405,0.024641652272249043,-0.004230414948866772,0.004751360478806335,0.01398428131219529,-0.002230931859153889,-0.017866852264472457,0.01867615110182018,0.00667348421017619,0.015520046210869153,-0.009301368299136052,-0.015584414413908239,-0.0196309846782662,0.007430492356791694,0.01570647066127043,0.007065261604858188,0.0006239017863224854
2020-06-11,0.024596729255514597,-0.0062043229698327375,-0.02960505251574408,-0.00886478178577495,-0.007202154873717185,-0.014151495609022324,-0.031923891599496296,0.00840904074371301,-0.00681272956691876,-0.008261246741344519,-0.01813015561865541,-0.017799251131142828,0.027938869124656422,0.009784795508247126,0.034452553214090985,-0.0031871714951292856,-0.0074238390252305275,0.0028925526757908756,-0.01414377358586921,0.051787794347780976,0.02799806882339117,0.025552666996156184,-0.0012093043775178633,-0.0004998010186421071,-0.00216962780849725,0.019173145758319545,-0.013084521072741013,0.029284211215813597,0.016485653178060812,-0.02049031446525602,0.04609223113894706,-0.004347655838830016,-0.0061443586104472986,0.015909361825058473,0.02152374767587833,0.02544431683514616,-0.0306979138560583,-0.020772174294794152,0.00904755756515353,0.000646182254525274,-0.001891230617828645,-0.03550415869471251,-0.018405199167285405,-0.008450296399549143,0.019908827610476847,0.019653121372430606,0.0072555293025187385,-0.015804855616583794,-0.010788568324364534,0.0030514748544658403,0.01477124768296438,0.020742693622490812,0.022468175902159836,-0.01516240462483129,0.023463811168478663,-0.007488514271645922,0.008029109920858946,0.022371896586075374,-0.013281760407944194,0.0004514329559971904,-0.022904594350097948,0.020614948224464504,0.022434758497173652,-0.028348319205712572,0.025235166090253957,-0.024956981811019432,0.003995225411215921,0.005290325692835488,0.011266447906271564,-0.012517102441438535,0.004508465298273796,0.011181738202024121,-0.039403478172707826,0.003910020098118263,0.039637289795032324,-0.0331491082990657,0.008546731724611878,-0.003937290995705014,0.005502081185405636,0.007861796176836064
2020-06-12,0.040716301669991475,-0.026127433205609348,-0.025443634557883305,0.014962649608393868,0.006536034958457082,0.007772829113280841,-0.003011726719743136,0.06011400369022267,0.003041948976323889,0.03868908166496713,-0.002822806388876716,0.025245557813433447,-0.04364202588401924,0.016332494865244577,0.032925667671679544,0.010779261453114444,0.04223226436835946,0.018505810993709963,0.016443128653143256,0.007796952987548392,-0.004447883021593122,-0.013099689772174381,-0.01744594569756607,0.021982452599120763,-0.0541283413210403,-0.025020918843560346,0.01474385077541751,0.02426419352854244,-0.013310113283320602,0.016023607161706054,0.02200450580124803,-0.020433564135675826,-0.004507884659577547,0.013339150248447125,0.021292698349250846,0.02580540414817605,0.0355501979134644,-0.010647652676896853,-0.005902636696722614,-0.03814602644089844,-0.01068843147207426,-0.013616388711105541,0.040367426301297075,-0.008691058432941283,-0.005409795992312694,-0.006435724907216008,-0.0021883233979304545,-0.007141013727371044,-0.0051396972364294545,0.031252532641129156,-0.002016960344153824,0.01837715120243276,0.010388438163503731,-0.041217023786588716,0.021938937437615397,0.005255232288648183,-0.0027211608398825847,0.011567460910957101,0.03737612926299634,-0.003135510653452732,0.001672536790265046,0.009560801697561279,0.03417841651620412,-0.0019101545008298987,0.021622827338720906,-0.001518844507801764,0.008185829057487196,0.007922987125039157,0.02146058375762664,0.007236922504054863,-0.028188489405903384,-0.00011296985444690367,0.01719463699527513,0.03023072239428954,-0.022035905245493197,-0.022759270330057358,0.02761901601055759,-0.022671917218295583,-0.0051315210893417475,0.017869676678709367
2020-06-15,-0.016728641806333325,0.0051586413597629124,0.00555708112611659,-0.007990757639954658,-0.01190254764049112,0.028273850053819032,0.021426875172479043,-0.008310236409910117,-0.01865383437554083,0.029072399840186794,0.019663569619980427,0.006159231041605908,0.009135415554009187,0.025677775665405366,-0.0034118532958013763,0.01785681108638593,-0.015020536136380444,0.016744189734573624,-0.0304288418413097,-0.01402127061958374,-0.015363884700109645,-0.02745582499492818,-0.0012669812270241876,0.024851182125190132,0.011580132485267021,-0.002439560848572955,-0.014231275299755288,-0.018976767440270163,0.01392915976415245,0.0030858266519981064,-0.0024489346892796033,0.0032876650318243257,-0.018274694312997483,0.0030513103846978007,-0.005316829933797903,0.007985846550133888,0.004863853081296315,-0.0011948215803234364,0.009584025104557414,-0.02594066086564544,-0.019976746693612577,-0.016660054498140814,0.04146062799430651,0.0029062829625952674,-0.02351817734741254,0.03144283674994623,0.01651395359697694,0.024202674587659977,-0.012663160429759164,-0.00994422800050844,0.03188661365437697,-0.02182552910939362,0.013805999706555237,0.013466598660276049,-0.02227785488266493,0.009334341410541657,0.02363962172038035,0.00034522087545367324,0.0025644645634865905,0.01169814962088876,0.0196440499615179,0.003654179374100073,0.014128401727552562,-0.03449372782524108,0.008865815896055847,-0.012989696636355996,0.015243894983047988,-0.011737531998275513,0.022040752708332247,-0.019533722977868356,0.02382678133786049,-0.03470707057096764,0.0011929391530343257,-0.014835361016496063,0.02464050007425478,0.012772791724406018,0.01863243340600013,0.010735652634037312,0.02193263317938684,-0.006598114149002568
2020-06-16,0.0038011291222916892,0.008523835624058904,-0.010323932499241049,-0.055321162233555356,0.022815313176838208,0.01014934130166947,-0.0007336278866370387,-0.02792417239826941,-0.0040001270556995604,0.004112057743768181,0.02623204059447844,0.006704366924347435,-0.0019952055062853326,-0.01291697976588037,-0.04696136794201653,0.044799303844628956,-0.010990891816200896,-0.025191254577394826,0.02781451858282862,-0.0013843881588303604,0.012465108469169456,-0.002455428513736211,0.028673457781359626,-0.04138981163524881,0.027162530965382795,0.019920384164532887,0.0017845716909124006,0.026907390985987704,-0.008487999068862356,-0.0042257496615789964,-0.009286738987927751,0.006382726677560666,-0.010937797870929201,-0.016840761514283983,0.0021399830548405425,0.006986960510919801,0.024564919201921703,0.01602672887108332,-0.022242084528917003,0.001486852472372054,0.01124168176899717,0.00719247507714732,0.0019457990395286811,-0.017829905012299207,-0.00025203571036983805,0.032459933890508885,-0.008590508420069807,0.03329266434340653,-0.007970032737588662,-0.021807510414394948,0.007524114197850622,0.005666524973184415,0.0272211539204322,-0.00032110982047938656,-0.0025783406287564416,-0.013730338881914524,-0.013465242510278926,-0.003571107660606716,0.021530076856733627,0.016321075563294412,-0.0032840114458128357,0.004101050444530779,-0.018924070082843376,-0.0275717923121039,0.039578417791940525,0.018390055608274808,-0.023927568933881913,0.01035307323093247,-0.021871888630505546,-0.011305688857376893,-0.0059410600325886034,-0.015776816100247153,-0.004630385427144333,0.013606528558337492,0.031628792006346676,-0.017256355708249273,-0.012341574257948879,-0.020491400050745276,-0.0006270210626257695,-0.03681553230066776
2020-06-17,-0.02337940472435228,0.025994875299393132,-0.01020893758123606,-0.007664330218334053,0.04396265823559011,-0.002554164673637468,-0.029218921640126114,-0.009997703135919585,0.018031401270755205,0.0018325360576636734,0.007673100477335779,-0.012307846515097544,0.005875733765494454,-0.015044690730548852,-0.01582935285025707,0.017510100996888208,-0.008140636538921187,0.023294215704798202,-0.01606683950580951,-0.035545275973792936,0.03516544315750557,0.00880496060420796,0.041390024247543046,0.014218525022799269,-0.006619704907036914,0.0034887098599742363,0.01224786230969441,-0.007617846151143697,-0.027118129462488094,-0.0016223355146662772,0.019522184526834213,-0.010374440409167636,0.007479761012512259,0.0294191626470097,0.03064098406696506,-0.0244090800571199,-0.01539344663775294,-0.019023978027834045,0.020187533865629072,-0.008528355109550075,0.026458778989963686,0.029417278473490623,-0.011276837780828431,0.02795360108135138,0.00675290438835034,0.002755674738421219,-0.014416469485436912,-0.029174920446353482,0.03780005792138546,-0.013672931393717296,-0.010381513394858242,-0.008976260401624607,0.035468760198435145,0.00998437061490815,0.00783190335815291,0.0341922085572086,-0.03863658092793139,-0.002636821442828389,-0.010342622694267157,-0.013730901202800419,0.021551706643417698,-0.008037407886768735,-0.0053739482188983325,0.003797341617492689,-0.025267286924047276,-0.04451253510954792,-0.006436677128724683,0.006731515178569916,-0.008629519675912389,-0.008727274286684327,-0.032872844433876544,0.020178021686961464,-0.037319764793154325,-0.039243968540477396,-0.013468166096200922,-0.010237115005170265,-0.026155795860244215,-0.010791215032438357,0.009049669218956616,-0.003685487579490765
2020-06-18,-0.04381269105218197,-0.018424492861275288,-0.019975569636597013,-0.0003241387826599402,0.014674409274459298,-0.027453922067817556,0.009821442471600494,-0.023363594953974737,0.0011300345351146768,-0.002856943768572477,-0.004826427758757064,-0.01750647135182091,0.05994396583438277,-0.012652965028800384,-0.010490734780001962,-0.013310677340173585,-0.0346264915775263,0.0057372768563870085,0.0016518103375082625,-0.015205247994069587,0.01015759690137242,-0.014076665161389262,0.013089540772378313,-0.0033157089698733545,0.001805191350854239,-0.009548728574182184,0.00977691242901115,0.007790991550748952,0.001820812437466631,0.013356576086902217,-0.011714901545590427,-0.013883456418249389,-0.0022205907079883382,-0.03342870914756388,0.00711619254384458,-0.006470578439083543,0.010766505006216558,0.005116709688504902,0.0161239249221927,-0.0018532463727186671,0.011601412022275387,-0.016486921805212676,0.0037697704160985675,-0.013382373616560406,-0.01150367503001886,0.00841773755645643,0.008754421103450176,0.010940380713434084,-0.007004176703649433,-0.0009869315566322899,0.014879049699535333,0.014241722400487763,0.01801757806122385,0.015028584950274655,-0.055387919114953804,-0.014065376252651385,-0.006494845254202073,0.02132827101881892,-0.028889016721916464,0.006370709029263856,0.0035260842375657957,0.03629719248488795,0.011221109216155633,-0.014911449570973715,-0.025737031846493785,-0.006886145133122935,-0.009687796478657737,-0.01090923200780382,-0.020254818107818803,-0.01535122370090305,-0.004681737182528585,0.02877665432772076,-0.005771792175751375,0.016881399534917577,-0.02063022938109405,-0.015461009199591242,0.005697400769337453,-0.026408407064086155,0.00923204753709719,-0.03879340101550461
2020-06-19,-0.0007630789280828384,0.03165315587003678,0.0037291453044352336,-0.013333263605456114,0.012440068825969538,-0.02570652607049964,0.01199942453852413,-0.008930535774477302,0.01578403706876127,-0.004529300710155736,-0.030602618574866635,0.002622243923568684,-0.02732493258794222,-0.01849384461047064,0.05694019177915282,-0.002856532771903011,0.0007899352240437891,-0.0027458213582073317,0.0037420307444454536,-0.017929388755004008,0.011367042970852859,0.01586451435620197,0.015718329122891044,-0.02060927764718706,0.017759398998352615,-0.012878439594474109,-0.006527968782288046,5.951480633484945e-05,0.0010958007407671504,0.005712151580617835,-0.009213017693235221,0.029933975247970313,0.02272259143090527,0.007006408238512673,0.0030571482880140293,-0.05734281658897886,0.03817561832329625,0.01973663263550347,-0.011678283691134612,-0.012877003979914934,0.0071756042957187485,0.020400927805598407,0.04135241584084475,0.017524136507536026,0.010224527244917429,0.005243054012570345,-0.006814104246825336,-0.025378423608446,-0.00977154538337799,0.012540278625729609,-0.033185159625024524,-0.004849349051559774,-0.0317137775561237,-0.009833127427012159,-0.009528938469207446,-0.009164748784605537,0.04122965667373837,0.024180067926544032,-0.007921104199632456,-0.013344694986469402,-0.00034486294925259074,-0.0215666626599733,0.00813410845479642,0.0008767935799186676,0.019489331462881346,-0.003487729100935536,0.02561074184873944,0.016680955791641458,0.044331414300289966,0.003895540649200791,-0.0031903821371669873,-0.027798989168880454,0.020333792878225346,0.03250802134974647,0.01195634758714796,0.018392977048188958,0.024398401565133898,0.0018616016421684305,-0.015002374255195468,-0.014642714714673148
2020-06-22,-0.023579134896823197,-0.006075217388441795,-0.0008179769048770455,0.01365151986829246,0.006915302476680927,-0.00473191809519554,0.0004077802597595476,0.009450042558249702,-0.018734492630565678,-0.024788084029005588,-0.012392475093785799,-0.014124467081361532,-0.004662718650901035,-0.005582117127198931,0.014110971295919735,-0.019376482280699887,0.01371116726434368,-0.0025305209905729913,-0.0402298265092364,-0.02946560345787384,0.003805658198448435,0.02301669299368726,-0.01864577943726898,0.010443814016882729,0.008020691404235792,-0.04424662702396574,0.027493233181074123,-0.025546827404018094,0.0022621009200020654,0.007124306879014159,0.022907921775942326,-0.01677234246128692,-0.02046844954855473,-0.01010997328955213,0.012756406824352733,-0.008046427643424505,-0.01681854853088156,0.02578412810822065,0.0007698966837314919,0.021071040287981183,0.002123818371934351,0.007831409629094194,-0.0003041723581413171,-0.003767781958551918,-0.010016104777366792,-0.02086797137324719,-0.01670084337704587,-0.00814514185189609,0.01330928280525722,0.01528651185925835,-0.013869575977672903,-0.012694591057114969,-0.000837002475722448,-0.025930571765700343,-0.01638793863289841,0.033292469929337896,-0.04758219531301351,-0.010315811321521696,0.009437748061818027,0.009479295924619675,0.02879507158013273,-0.01316581009261952,-0.0335969243918797,-0.004440073870785317,0.006199265967793251,0.0015255445974679017,0.018509842288611602,-0.0058583822267920665,0.03369324054233407,-0.01140619817531671,-0.026076488534344362,0.0009011912290516689,0.022799794996711694,-0.008335046174998792,0.011621585108008195,0.010760293650707558,0.027559484295899474,0.007502567292629455,-0.006480000648694977,0.016371065026513584
2020-06-23,-0.013658465542691647,0.03769257121026323,-0.002144348552068286,0.027246682359290956,-0.009059069685340254,0.008776461612679337,-0.005951051904837586,0.009353408800173107,0.02258749900949593,-0.012478712165352504,-0.0010870254880040475,-0.0020009262220733333,-0.0024103674875838744,0.018736286338453333,-0.0007180259520021564,0.01643077634616421,-0.03146017085299001,-0.03392916308892942,-0.023410298602578178,0.005569175788948205,0.031384823625694176,-0.015045776435229365,-0.012384871405645566,0.030175100549379656,-0.0009830602913874496,-0.029417710294196545,0.0018933523645693112,-0.0035527262758127632,-0.006096075272032818,0.029743735886732892,0.014656086963953175,0.0077625288742967785,-0.03498713017717689,-0.02154913627543396,0.015163474621869547,0.008065536853453596,-0.03405248533126214,0.03456026043267817,-0.009440288076445357,0.019678395952464307,0.02826748994379108,-0.005708324050872523,0.0031345851112858708,0.025054233398584768,0.03387571571708362,0.0033991946160187286,0.01011636206817391,-0.014995592426842286,-0.0008648695290933323,0.002853666938083468,-0.017484934839098635,-0.005767407242016052,-0.027577026133477945,0.02515608302336569,-0.009005953849688011,0.0068372118249384155,-0.0083250144556732,0.020370372285859216,0.021893270131929054,0.020696095144868826,-0.016823399968888233,-0.0205128650128951,0.010201253247488948,-0.029782713696083173,0.015293362739848536,0.006309089433151205,0.009372962985771878,-0.014189092716178733,0.03010059966149553,0.008218431718985442,-0.003168287289499622,-0.003700607681089568,-0.010226101123371554,-0.00374859501617448,0.004693585587797373,0.0009223312019053122,0.023788756628055758,-0.004107673531311429,-0.0020748576847054896,-0.01635551544282875
2020-06-24,-0.03342018790191878,0.012772262903538643,-0.006201066112345754,-0.016331967124141197,0.017731669692485314,-0.012440537245440284,-0.01210725971276474,0.014029044240346922,0.014243136998125051,-0.01221359405528007,0.015430450617522387,-0.0037950311451936604,0.007271685476923801,-0.007933923599304137,0.0026585692965500215,0.03380905339171679,-0.0037695363778898284,0.02714682991432567,0.04255836149514513,0.0006729991707106271,-0.01199443691862762,-0.0029684529431839956,-0.023076861099102893,-0.03505577324483614,0.011197615704267347,0.00017367692004576006,-2.2355876914974126e-05,-0.03660539548189217,-0.05118138361692976,0.025410744961972553,-0.01469246426363899,0.011680383369788086,0.015135773320446475,-0.003250549191694,-0.02035957551039099,-0.0193674493246083,0.015585647367135743,-0.01433465956051053,0.029297522542777586,-0.014997596602404024,0.020665863635873367,0.01773774742984878,0.021436940833327766,-0.0023710288973999667,-0.004931568827294681,-0.018201204590669536,0.002935134408706623,-0.030918840165370463,-0.00979210555200732,-0.001438669152324487,-0.014061031442732677,-0.0261929520081318,-0.010608882949368672,-0.012146890049738394,-0.00439279630634824,-0.023877718998043123,-0.0008919036010284752,-0.007284374584296753,-0.005074556035311157,0.007646566339203706,-0.0081129825801633,-0.012599093698685107,-0.009179866395172053,-0.0038049264369635835,0.007150121912750408,-0.0017210415018771616,-0.010693926526270013,0.0028925593810076333,0.009843075248812755,-0.028581260061334057,-0.0019495417558777998,0.02416429672249944,0.014188809842685923,0.014217748779478514,0.02492843232569928,-0.01691907006770981,0.016988898854128156,0.0425236700102159,-0.02821190149718229,0.00843491280602473
2020-06-25,0.0008310712222576499,-0.007672874628401499,0.009458935305190413,0.011785805139986002,0.008596681797694555,-0.008637576518961156,-0.002052591871228124,-0.011549449662398424,0.027240349071123746,-0.018894359654353658,-0.0008937280288037909,-0.0217221937265125,0.02906794211629353,-0.0016192284947354702,-0.031445515594491574,-0.0007388237293499664,-0.033584161801075686,-0.0146476549119016,0.00885506642618209,-0.008621999790513856,0.00444755497861113,0.0032122260431033628,0.029751391613077192,-0.030894953869251233,-0.004038221332100969,-0.0027732356145165676,-0.012763515235567744,-0.04281167109010474,-0.01136671011680835,0.013913687167048265,0.0032603614830917665,0.031154355090083158,0.0008294243068306065,-0.01775204998949919,0.04046912786731486,-0.031072657551255402,0.024011500486572374,-0.03441602443218397,0.01143940095708574,0.01953979290463962,0.016809704725004784,0.029425604589481128,0.013030547205442198,-0.008543217505276092,-0.02995961008327329,-0.0020346136732525355,-0.0028836143550821816,-0.007035440993941674,-0.0192882981484042,0.011899149949082762,-0.02029134553825576,0.0112046066613594,-0.006911648484136387,0.025809190260676528,0.01995471262052726,0.03505180783689206,0.010020788001645043,-0.021355820010063628,-0.004890148425262078,0.0034188040336288984,0.007292421503127227,0.002000464426266634,0.01110845070072689,-0.013565849215695236,-0.016517892059873175,-0.0018647560793475845,-0.004920465809198295,-0.018048778171453315,0.016090046237479304,-0.005293501339303864,-0.01873141092084972,0.0020780718512620976,0.026077922190810603,-0.0008588775187705396,-0.006854350427642113,0.0060887365266878895,0.041197108907198306,-0.02337917726076141,0.017077870123497145,-0.017359649665013636
2020-06-26,0.0002532276573920904,0.005135366955649323,-0.0171075627860682,-0.013083641749126315,0.0013943338840728763,-0.01897802356907844,0.020127339069236784,-0.002175687806672713,-0.03864371807315779,0.0011294486280373508,0.0587637613431154,0.009831158388051738,-0.0033995837242186125,-0.034974260748374446,0.02564216782853024,0.01273084076151335,-0.02027587481939446,-0.006024382881063648,-0.0037718370221263326,-0.006382361793958068,0.016574809073711498,-0.011820914414536834,-0.006493776296398967,0.0050604161742049646,-0.011545848765146161,-0.013046963895270592,0.01564326133849081,-0.000661323524041708,0.007992798899356649,0.016932311801749426,0.02493482035614634,0.00892651608112951,0.02900619859620182,0.0030969217453719073,0.03148419537885683,0.0009290603565675011,0.010715805177029112,0.010834261808357127,-0.03406089171471929,0.01563592094744522,0.006711464356143582,-0.011692122161439136,0.03719003791099236,-0.026157739347401655,0.0159390488502439,0.00655931007400215,-0.020346963990700156,-0.01225467658499192,-0.029939095930373083,-0.0399065780087466,0.016578735227991203,-0.001062105861075135,0.009444739450378152,0.015453573028471834,-0.006133208607730982,-5.403263412193072e-05,-0.02714256309060668,0.01610611023130013,0.027991582290985,0.0023741261031625356,-0.02009867995636499,-0.014762260252391579,-0.04132107520116132,-0.0014926539676684706,-0.034279609056005945,0.00928886768543478,0.017317971240957387,0.015125752690100048,0.015756820786356002,0.020307984102053648,0.03841213777708456,0.025386573313261503,-0.006511334062216901,0.0421345102206362,0.011704548095522516,0.015117143331888244,0.006769406701906569,0.00022289077114773484,0.00886115213966346,-0.013423075699894479
2020-06-29,-0.00024792391230880895,0.01796525326549031,0.022005800885055268,-0.008364573273994046,0.005234299580453246,-0.010726863937485672,0.008671721454626982,-0.00840323675571638,-0.030660529332695762,0.0042433402513051555,-0.031896517098016414,-0.033730601193806733,0.03975068322046735,-0.024339251536870395,0.03181882717108211,-0.009413462899643605,-0.018319351627303034,0.016066320854756583,0.0070796386534201314,0.027735613145704226,0.008531358235673551,0.013905350005044738,0.039948181932905225,-0.00801858336956706,0.0035958256760391266,0.005931554064251053,-0.0008394205536137456,0.0016410376178949218,0.022448318223556904,0.027735310963251943,-0.004912471517951542,0.006563272630122792,-0.04946604585876867,0.021541521916895102,-0.00789683601912425,0.026335356974399284,-0.022525775004247,0.020186482756223062,-0.035890768007786414,0.01683665711361025,-0.024096787531995838,-0.025554374113400537,0.02555660567631507,-0.015069931216117285,0.0019882260945970802,-0.05681195457167605,0.023111865369304083,0.020425915852897818,0.0018086216862099643,-0.002094475178783444,-0.010592033651992516,0.03376857911884944,0.03330297375110881,-0.011731713657871207,-0.01296100952307551,-0.004233020605984422,-0.016513590222453182,-0.03509148516923277,0.03712160901036903,0.031847147255243125,0.000833525755220194,0.009939594671537256,-0.0011494866280744931,-0.015648499614839315,0.01031016495686101,0.008051651247707025,-0.002168946233976681,0.0026705602335007073,-0.02865584538653054,-0.009109080668152811,-0.010665648288427792,-0.0227437914522649,0.0135509536361316,0.011668638220244614,0.03794565544548383,-0.021098111956846854,0.011178146458664263,-0.013765529274240197,-0.013543084479588432,-0.020760478960138714
2020-06-30,-0.013485167571663154,0.0032496935908614983,-0.01212039286141994,0.019188641302006003,-0.015351743491099436,-0.0037548208797349453,0.01652077219136486,-0.024059647441001926,-0.04051699298143614,-0.0024166463525265615,-0.014345278116886944,-0.022783642485274994,-0.020881718716476816,-0.011782870909687795,-0.020998270907390548,-5.3714517264844565e-05,-0.013362983830334723,-0.004491100831813058,0.01016534642926698,0.019350459898183514,-0.0070443463779491355,-0.033295780028655256,-0.019593786761163842,0.005495244188584692,-0.01037180004904397,0.009998990953130671,-0.02986663711772406,-0.016280197612835303,0.0019048212286780792,-0.011205591887442334,-0.03283181443161063,0.024423345778067655,0.01997728776862588,-0.01444327544355933,0.003069174826291271,-0.0050858755893220175,0.0027610101850660046,-0.02894530748263517,-0.011015697998128527,0.033360112428263436,-0.013933308398625657,0.026479554139625865,0.008820574290616827,-0.014949583846326482,0.013438743955118461,0.0044620372201173136,0.028139160764072316,-0.04776637288884091,0.02732453878411404,0.020676889750327606,-0.0018979697825557615,-0.004104193467837092,-0.02448781042188284,0.019012997183578087,-0.04584433353850925,-0.009676836584458089,0.004247229122673718,0.004099407914350597,0.012451554974893773,0.005270850867593895,-0.02984629080843099,0.015135629974268693,-0.017069417038169978,0.0002896029690270638,-0.02662594819471923,-0.048708557117451534,0.0003268648503171052,-0.0255196956524378,0.020966211314236642,-0.0034483131074460626,-0.008318410817750876,0.025027458335959964,-0.021483515526799116,-0.0005816520030771844,-0.022129917694301345,-0.005800117916298986,-0.01323199467299673,-0.025264326687197462,0.03125555270214824,0.04572007654741535
2020-07-01,-0.00372279022716473,-0.015193959476508768,-0.008542349970818416,0.022510964069935573,0.01895529453777441,0.0008658058060502655,0.0038578563027652168,0.01348605620254158,0.003807047735798646,0.006036343204914637,-0.005665859188354241,0.022146233386815487,-0.008241045395698438,0.05344313485256028,-0.006754980654038701,-0.011065353173735214,0.01786111853422073,-0.04306018877288243,-0.03751618185695263,0.011329309682190687,0.006194590061740174,-0.038654682851378776,0.023362250468445374,-0.03141613263972685,0.002449740781997975,-0.0031897037750738583,0.005307312067843107,0.0076345824130446965,0.005582618338444449,0.0010854541952390318,-0.023983866718911236,0.009411275286966088,-0.014377911357881131,-0.02076910615705529,-0.010350736296361615,-0.013619135452897044,-0.0012694882981658115,0.02175875237966347,0.011786887272660624,0.03658241914617316,-0.015798551048926662,0.004845455683464674,-0.025898765886642198,0.002425180104575678,-0.014803576411645442,-0.02109537487164861,0.043195716665191945,-0.006930075935155551,0.009770674986270253,0.017836621157369045,0.024963961250647752,0.006530438248453264,0.0025517200441561934,0.024373662105558733,-0.009249602811248312,-0.03202242351425577,-0.009852826842730086,0.0009922965556374516,-0.002385458425022384,0.03946762108572068,0.016985672210168987,-0.010074195317668781,-0.006847508750315596,0.022005842676614557,-0.01668792036538061,-0.008913859664156918,0.012034885326831828,-0.03937024384218379,0.028486759835150977,0.017119223817931174,-0.01333308871300781,0.01380274036220853,-0.03179425640972171,0.0035856668556358247,0.025367375543586927,-0.0189540831668914,0.011789144145028381,0.027983526802731806,-0.008493558319929696,0.017010397568789973
2020-07-02,-0.008954047147418482,0.02049895520045628,0.022076706286779515,0.040550860999627715,-0.020353663225624003,-0.003150481184186711,-0.04869747831925547,-0.005165267158805854,0.005893058132949554,0.033648422755705336,0.023245222211423146,0.012498789806317594,0.013267660976947709,0.005455867725719592,0.016211899462971847,0.006691152690757603,-0.010657030817203691,0.013884220858904511,0.012849488931452373,-0.010825889782768574,-0.003634684897072378,0.0009577756535042989,0.0024659293035116585,0.03509040999278314,-0.030203580699503838,0.00637008328905025,0.022490627880370293,0.019498864774502682,-0.02033030638607877,0.009962425377435446,0.03498185738548373,-0.01923085340711517,0.029453807996205505,-0.013060927135809357,0.010773902298665625,0.010192029475685266,0.01015574892142462,-0.005704960071164203,0.007327619403517347,0.010947226059558482,-0.008394769814185523,0.02397470959621257,-0.025020578320357343,0.021472992905203436,0.006779384571428562,-0.028749799125533517,0.0020959288213193033,-0.011251546676076071,-0.008144415916337407,0.012928438937278179,-0.0027832193714293053,-0.016857344128431605,-0.025842470530938817,0.008725185815599291,0.003537797518790934,0.008741303815758005,0.02692773622308489,0.023742695662749492,0.04324790640138588,-0.021045205853999542,-0.05393449903516429,0.04381574734478783,-0.00011078706554960215,0.011546335285349475,-0.03003067984291128,-0.0004817389786390278,0.004182908374862653,0.011343732662472237,-0.020528783998325282,-0.0027212508558643067,0.00522724498888509,-0.004256505924537002,-0.0005375557820497869,-0.008413864492079128,-0.004548793165571935,0.03552955672429416,0.0008318637053754899,0.0007349698009566383,0.006540350066830373,-0.031534209289663676
2020-07-06,-0.0311082904452452,0.004657507555145102,0.004976316994563473,0.0041352045277528076,-0.002125646549693965,0.008689028378271133,0.007673369637175791,0.0009175987365864415,-0.01790350233719175,-0.029989412647580375,-0.005496647561144545,-0.031808605170385945,-0.02204183911185118,-0.008356470376187624,-0.03792003789835779,0.0018022085846217265,-0.033372588530015714,-0.009768921826773018,0.0175641113087329,9.058582103116043e-05,-0.0007443571732754789,-0.013547244574435386,-0.004866990440942657,-0.033070449883185145,-3.759307809561528e-05,-0.007055835426649221,-0.021278395440914987,0.016664554774125512,0.0007750309800309124,0.014591153445953813,0.023266777700245444,0.0040220128262827394,-0.0015675175373601638,-0.006769641439608683,-0.008110339374353372,0.02520600044470465,-0.007621452716590659,0.03828746563433856,0.0025888912293111155,0.004620771602044187,-0.03134894261855425,0.006228887482517621,-0.03879812948490978,0.003527950304810153,0.07353845306293744,0.003774082081861534,0.03985840803105626,-0.015743344171889405,-0.030054870187374846,0.0006961695881086917,0.0013559114353728539,0.0054164140854053916,-0.021308362781218032,0.018343511355580905,0.001212946466938539,-0.011253006240017061,0.0051572123547832405,0.01999196797403747,-0.007560862773580731,0.006185121020098541,-0.02121007229631503,-0.004408480875211503,-0.012521133587180995,-0.015553645974085173,0.010729256311336895,-0.007827658757262306,0.01112318732632549,0.01061794322230148,-0.02979046318786116,0.013866910528444479,-0.00563690632164558,-0.030995853340172987,-0.010364465629902557,0.008078178897613659,0.004414993557014006,-0.011930380269871962,0.013413096965111178,-0.040958861773709956,0.0016432810698454841,0.00678039371507348
2020-07-07,0.012267068668013211,-0.017851508187781157,-0.024110486218327343,0.015399512522590074,-0.0011981333101421206,-0.03954139651133322,-0.00456916136637112,-0.0019966629065951667,-0.028010032262899304,-0.019635581532341153,-0.010987667678999004,-0.008290324349353008,-0.0335927099541326,0.015330075340111578,-0.017597408094201843,0.028713542075995933,0.00457698416191815,-0.016726769993292555,0.0026148771803649958,-0.006562185767204821,0.0004396310528720486,0.005623302857892338,0.0014941281625457093,-0.014794111982471964,0.007720408509903239,-0.012575269044674096,0.035104358115209434,0.033780294179167315,-0.007170234723492446,0.003651669407290123,-0.043390704707055736,-0.00846986605016043,-0.014573944959512947,-0.004868362009336193,0.009789195007301896,-0.010757383251983658,0.05906792212237897,0.015903683542077694,-0.02846795227061146,-0.02174457382404596,0.01344369825839806,-0.0028130322296443556,-0.033514227465357864,0.0022415265843246145,0.032794438428618726,0.02661557760074557,0.01083112886662738,-0.005926061392360145,-0.02918225174705819,-0.010799988120243693,0.01123917958431587,-0.027664341602977864,-0.034990042319016805,-0.0007547191236991808,-0.022802534194767743,0.02121073429750377,0.025015283368065574,-0.005388429991241678,-0.050535659375698296,-0.012366201917641362,0.0002462572647392313,-0.01015121164527053,0.024407605342229556,0.014089886042169437,0.010648779977998266,-0.010920124303687285,0.011904335989488618,-0.031934360794326815,-0.008924124298785783,-0.016841688474287794,0.03672254777320522,-0.002609294040658383,0.004606193663468966,0.033292389249999305,0.009773107336885673,-0.007931545544200516,-0.022642546328419843,0.028216467838954193,-0.011409740771414835,0.032573087849217995
2020-07-08,-0.01953062824605567,0.02750019498398422,-0.008459535962564334,0.02219471559695941,0.01582629984384191,-0.010704914651565546,-0.0032029263012785768,0.0077262739872789275,-0.0070029150294011145,0.011744458831247567,0.005302141890244863,0.02650617994535477,-0.02266150346184314,0.009854386931340503,-0.014917570128723787,0.003415978078676048,0.0033744515469175448,0.001581477159252264,0.02122083718367161,0.0019687524784916736,0.019922095786342006,0.03445419421441456,0.03222438312355236,-0.0013466809757527898,-0.0006219750007161737,0.024619702543299666,-0.010711066759424742,0.04611668063034641,0.015293650038926394,0.02185287211242605,-0.0022469227524908163,-0.008796107966093593,-0.04190887546613631,0.013633153214572754,-0.03709940221804736,-0.019984107219156326,0.010489689736148992,0.01689346284577266,0.014304413238472383,0.0006301167293135193,-0.006189886239645749,0.013542957788021798,-0.004303207089556746,-0.003414150709045989,0.01473926873928861,0.001635072396023304,-0.014529406174541893,0.03483435416392553,0.023619970997064255,0.04483134795594978,-0.0052414692340834994,-0.006249175892804857,0.024657703067220208,-0.016289510626280843,-0.0459940829195975,-0.020287594687041312,-0.03525890833357677,0.0003325219244034896,0.013223341453080273,0.018840734469819983,-0.018981613660235035,-0.009415566925627835,0.0045765290741619155,0.0012000140893554034,-0.0192670813332365,0.0022458583052742897,-0.018017115163965244,-0.06485076752239546,-0.01778855058548837,0.011582172294975733,-0.0434448747476167,0.012678645424480174,0.0006484917634098129,-0.04079623314498027,0.009667082700802144,0.026277789705287484,-0.011606495547992422,-0.02031802655632743,-0.016707769400987765,0.034287416769441866
2020-07-09,0.007384215167343795,0.002001328996518774,0.013905835217758154,-0.026919974902473706,0.0019656719124709794,0.007674234123986509,-0.0024431355068616576,0.0012909727046000307,0.02760886433460495,-0.011460819245988357,-0.017046673569062195,0.0076950106753360635,-0.01560434296275283,0.0029463771806279068,0.0035933207774317467,0.00737648824497323,0.02456230587561857,-0.008568568695111535,0.002808517348896684,0.03185704128743975,-0.017719401649482575,0.010077198683449815,-0.0012712642892160433,-0.008506648597619255,-0.02428382550883767,0.010286944829344377,-0.01305158839963734,-0.008738263856143364,0.006834807844738206,-0.014326849935623678,0.01601943531592575,-0.02292292993090953,-0.0007248672529273077,0.013259127296174147,-0.01951411551707208,0.0030521719230825663,0.009150724314930801,0.017603849668231225,-0.012747703288963965,-0.0011873028008191448,-0.014033988664677251,0.0024674760111754947,0.016128632143633078,0.012230695414863524,0.050506235571859286,-0.012185747458442824,0.046977295501541255,-0.008831271978288296,-0.022396993249882136,0.02082330610069478,0.00914603241618762,-0.030225746954454964,-0.0005246822471869615,0.009930196519748696,-0.01754622473550239,-0.0033590503631134735,-0.006682204434376587,-0.011671000240911033,0.016407187411157913,0.0002789576646912524,-0.021615839539338776,-0.02700611284554429,-0.007447730106296966,0.00364923996598931,-0.02966935112239109,0.005596155858800406,-0.007045573578059048,-0.03434416562998975,-0.007519153664713989,0.011869722153690896,-0.0034692017396281936,0.01099526831747036,-0.011672701461477671,0.0026265828613061455,-0.00690944262757081,-0.016177647516088006,0.022569647635482828,-0.023584109926813653,0.004652317867461946,0.0031391434271248277
2020-07-10,-0.005335329011419605,0.02202469208119498,0.004754942356118061,-0.0013415434358500893,0.001742339918337752,0.01372572465553536,-0.01606744100165549,0.023985259539196377,-0.017066784237230716,-0.0071828894720460095,0.016353726261091085,0.014050060381267156,0.0033019910298645156,-0.008563045061758293,-0.023628825231546195,-0.008382675871778093,0.002783369234652417,-0.012494283337065499,-0.009722729336976647,0.02125144011466725,0.005470431349500343,-0.029641465509648524,0.0047145313451762635,-0.005188944150303968,0.013452335055703708,-0.009466141426949765,0.004247323885721778,0.02283658556730282,-0.015074578644746253,-0.015379346379154103,0.0190874445829273,-0.0094830306311646,0.043060412273124814,0.03263110227700496,-0.03467175610845756,-0.019031832038467884,0.012174906262976109,0.03375088172498428,0.012013421952858492,-0.0033373369831311535,0.009543859578455069,0.0037378555165165,-0.026135768723133484,-0.023541070370826218,0.022785888442418942,-0.02255246602041925,-0.009236747277409673,-0.03552359704516157,-0.009078108785533672,-0.05333903802383303,-0.0024544147169953383,-0.016438841285709084,0.007193217250739685,0.006755276670282426,-0.025235092125666138,-0.007895445815777596,0.020491374752094223,-0.002516237897614669,0.023299642025869604,0.007825205369157893,0.02621632921045701,-0.004736359761900394,-0.001954213160616856,0.0059669186354804225,0.018327753834001197,-0.0036292229536441607,-0.01723427283764653,-0.029816083684012736,-0.0026857000632025375,0.0023476202262821015,0.0022366284649320504,-0.02114868326986017,0.007416469175703093,-0.0012800183659714285,0.03248670958710224,-0.008640150377456857,0.010456165301542744,0.02453431732606362,-0.0005523132964818155,0.022073296291705704
2020-07-13,-0.01200614489792751,0.022948193149715506,0.009144934418913257,0.0037232630113292345,-0.019369207505045616,-0.0063140872805219714,-0.021500109778819575,0.008197878510783522,-0.03038583449613577,-0.009221910439890742,0.0014246279491802903,-0.010442603724514957,-0.01358580639255211,0.029553857460643058,0.005498615621401746,0.0029706203128300954,0.012976036323031506,0.03171549136092677,-0.006643555878614772,-0.019385583966887304,0.04794047836402373,0.009640795944392985,-0.019385064101380793,0.027427284639721806,-0.011163748150083141,0.011595316819537673,0.01121937803070169,0.0024420526682362572,-0.019725522407594988,-0.008897239629504372,-0.007065565106385347,-0.000641465754438838,0.005557768085157071,0.012114608639446108,0.029267487228540064,-0.03225721923240083,-0.00043607550122625496,-0.01133169833809786,0.011040957052150342,0.017526317977565087,-0.03619066299739647,-0.012482221906896318,-0.02657431620536029,-0.002968420513829114,-0.011307364745598526,-0.01821591943937269,-0.032298344765392895,0.0027842168591439265,-0.013450458958409867,0.06062921903693621,-0.021104556931166207,0.008707233110855746,-0.02206242055927535,0.011434472326185939,0.03289125724881974,-0.007287794128455569,-0.023743175439440524,0.02025940790377913,-0.01967170558756358,0.006882382202525269,0.01594864191735022,0.009006816989328903,0.01925514892239129,0.002674179090233597,-0.01606719559432404,0.027009290507059035,0.015068884134587736,0.0066748452710546505,-0.0026340385494764275,-0.004503179622878657,0.03812821362004309,-0.0065555229464168375,-0.000639716268999451,0.003580191479761114,0.01944610793283059,0.007058832029675138,0.01627459690097781,-0.017210578456684486,0.050974771498087774,-0.02564893384198325
2020-07-14,-0.022534274216241323,0.015540744286828794,0.0005787001974768852,-0.05015713510094154,0.0023006691776321733,0.021960111417900077,0.002127149483422311,0.03355968022347364,-0.010099543904259965,0.00209992043041743,-0.009416607530075635,-0.007505903394268412,0.008469166636607798,-0.007966772453775054,0.015687342715410925,0.0035242541127724603,-0.0036663368404660783,0.014343399492265792,-0.013331124624660918,0.0061291264129913784,0.013879664806540742,-0.019448074792212427,-0.023075403874704407,-0.0074769047021843215,0.014557585768160198,-0.026143172143676893,-0.034836382889305816,-0.061120095488445075,0.006360638837252207,0.013563188765023755,0.010668512946862508,-0.001802097648334698,0.02938766959677268,-0.0015052708850151837,-0.05037842636881621,0.009903447681866741,-0.002475550510827654,0.012594807547401308,-0.0012685890065303005,0.015327187878990171,0.003961045390850827,0.006101258054886459,0.009304009298642531,-0.008453483348864638,-0.006464930458843139,-0.015160466686843684,0.023036230730346736,0.013566921006997508,-0.013577429191202351,0.007608996990385011,0.016847851232438607,0.009115065589124395,0.00646227044061349,0.007173525684560581,0.007543158174348852,-0.01579921275366967,-0.03486432117557906,0.02625086654001244,0.011011345567732323,-0.03597180216233463,0.007994792473483878,0.024996314162496314,-0.022797137529711478,-0.03455004289032576,0.02060869692739607,0.0035253662285046655,0.002665667899681069,0.015094437090188999,0.019921829480190643,-0.0025506827072846604,0.00808381635779744,-0.003203441705499599,-0.017169451104719936,-0.006079417343879435,-0.003056565115620111,0.005785872725809303,0.011337783485070667,0.020715663325491396,0.010933379620366614,-0.017197203451297365
2020-07-15,0.025988062346151964,-0.0103612095662418,-0.002829688338378567,0.013460348812134192,-0.008770999589033032,-0.0009972714902969366,-0.002093389075265066,0.002827489225952294,-7.999448053927494e-05,-0.014221400506374127,0.002283381669762567,-0.01075656739730045,-0.01184488755248027,0.023693915957620063,-0.009242319275997125,0.03251955920012797,0.03070667433277027,-0.015643734880041976,-0.002601416825670654,-0.015086492770928137,-0.007126026354641239,0.011493859874151989,0.011086141024579596,-0.009285083054957718,0.01750273682358193,0.00041514543038122215,0.05610644299495906,-0.007074230337047401,-0.015440267305481885,0.045716758087078,-0.0044638486072400224,-0.004823397927813052,-0.0187190273985362,-0.024435451754868675,-0.0176487414744376,0.008121709102176614,-0.013664655888349255,0.0238164411682913,0.02211441988951647,-0.0013755801831430287,0.03740948282588031,-0.008016346482066452,-0.01563194199946704,0.012033661926944444,-0.0014733335565047584,0.03704286263981689,-0.04515707930091854,-0.02681511091400315,0.006649149652266949,0.011019364848774232,-0.0044878566175124875,-0.011145119986678807,-0.018860388004678368,-0.01288856049090972,-0.030572956353357526,-0.007615447819897881,-0.028858979869881285,0.0060493815453658,-0.0032792032673217854,0.0028041824885728325,-0.035454510586368775,0.018051859541182273,-0.0027002069169802163,0.009657861098715756,-0.015610834575393973,-0.015182617409244526,-0.015214902546812348,-0.000476712135352934,0.009047305071560695,-0.01094475930713546,-0.033710206069837344,-0.0182594663114724,0.008145526187595634,-0.0053368020872159565,0.0221931611123939,0.005537688494553291,-0.007693949644129506,0.014439754007907124,-0.00774829621937365,0.012269312664301351
2020-07-16,-0.010594614202453109,-0.01426917706914485,0.0003811946742353668,0.0036807735757862867,0.027458760660511342,0.03583919786121313,-0.008005653640175256,0.010320837776516892,-0.013728627619764946,-0.012669094081404434,0.028318212809853534,0.02085730819119217,-0.0012549705113830234,-0.00042836589904673246,0.002811128064134993,-0.002464838777022675,0.01034969805760883,0.02239132233962185,-0.026912558366562936,0.02006274006611131,-0.021190371693883533,-0.006509086578100127,0.03032635073090105,-0.004596048450766651,-0.044787795985118624,-0.013502158175852997,0.003960642150358619,0.02463814517575001,-0.012125170748271132,-0.02163337544673277,0.030991084366288033,0.004198596021124692,-0.02529746406606931,-0.006015320863069056,0.010226207245443507,-0.011499378025555316,-0.04210436252797626,0.027163913490046133,0.01091125979839193,0.023866307251164596,-0.010858563827674859,-0.01080217507820674,0.02421347174538275,0.007079219230436448,0.035386125215806356,-0.00997503609304226,-0.009083623592218638,-0.019866384632299013,-0.003796944257649612,0.013543538966430955,0.008302956875433712,0.012184882153829193,-0.0336119255690544,0.017287353850150507,-0.0014038190906367695,0.025362530474539364,-0.029256509528868675,-0.00640305475577305,0.027607964657594783,0.009567404202050689,-0.0022356177079108424,-0.02839114102254769,0.013988419929748416,-0.0053380969797993125,-0.010892391023732398,0.009357416373666416,0.0023372200006057855,-0.007657025989903441,-0.006887967636634886,-0.0020085528552208653,-0.008717576324493236,-0.022438070303106974,-0.00406039873779028,0.005699760583459954,0.019671835091583153,0.007544457852641456,0.019315541068698344,0.010388570986696077,0.003035815891747059,0.0008987951735659822
2020-07-17,0.00291665598862017,-0.006937080551697182,0.01443651630830328,0.005213949202933515,-0.011033440900792458,0.023965250192932247,0.026238090918203102,0.037753444743621065,0.03396888410161292,0.011319582290310099,-0.002608296536342234,-0.00874471884316749,-0.02012616011186174,-0.0014022828815606215,0.0349215503658839,0.0035879607836089163,-0.02174135025869836,-0.006263230457602271,0.012859863094666676,-0.016605243014401035,-0.004952230728829021,-0.02748346904743086,-0.01454410680339026,-0.034002339331388284,-0.00466057192538417,-0.003232952551874964,0.003732002398157473,0.01895155518872101,-0.027390409670596198,0.006667792142797714,-0.012254428457891587,-0.0176067971965359,-0.022997368986727756,0.019697231031280186,0.004038698435011337,-0.02918334724923926,0.0046543324797009575,0.014422500397821185,0.003452933214724556,0.012107023297961143,-0.010638343072322275,0.05532606195982379,0.013640812413852317,-0.03748747949801788,0.001494453078638559,0.020477279429994114,0.034777142010807664,-0.02661666521264936,-0.01351957737043713,0.002828001008507733,-0.002678108495804584,-0.021216442465400377,0.007346999537534807,0.0031850340920789163,0.009568094993706842,0.0013461852765795956,-0.03813226546578321,-0.03649863107190983,0.01305503577195346,0.03596368310239852,0.006412533713927648,-0.03304178394196732,0.013806311717998768,0.008719834914580277,0.006788154084889471,0.019276740258727477,0.02843922407913907,0.007197325992412763,-0.01979588397672937,-0.009629841671677087,-0.0013392127044994054,0.006037510065302037,0.023835610680083538,-0.009093639088609941,0.01049226519218098,0.003140470866421215,-0.01067191233835781,-0.006656807500368724,0.016113402511909968,-0.026880556217314416
2020-07-20,-0.03548109010382633,-0.04660317375436627,-0.01357150430703303,0.0005944768942198844,-0.01536113593625597,-0.012445811529413368,-0.01698367263921292,-0.013244694839028407,0.024638438741792924,-0.005235595232039557,0.014550947475812403,-0.026886809442897834,0.005889091946039441,0.0055749150826012814,0.008107083386582706,0.004964510148206837,0.012161852479341378,-0.04014607799350606,0.0493185466292273,-0.009256610468607412,-0.019808527240788316,0.02328929385024425,-0.0034536578353468817,-0.017901539153117242,0.0011431445377987953,0.014602908120528293,0.00801131847994857,5.884112633881839e-05,0.008577620609766669,0.014081314113216122,0.0023742293900400504,-0.025804860811946075,-0.01694577996339289,0.02147379255060083,0.013478092533552921,0.02164170673780427,-0.0067033975158822335,0.0048740099504234954,0.012494302359662906,-0.008791575268986395,0.014971855537517252,0.002676528713842487,-0.018710243682699232,0.00961185053230673,0.014844742074664227,-0.013093529155641777,0.030085477860803973,0.013472955484438047,-0.017045414493385213,-0.0018219852701543237,-0.0052590049887942785,-0.014363112654754017,0.00047748658962830126,-0.00911405600023929,-0.002457344127257722,0.0125390507710371,-0.007456555595047579,0.022801628874132316,0.011948482316664217,-0.013884812290249047,0.02412119558415778,-0.002000387544775536,-0.013067309503782208,0.02520190656790985,0.017348244797099465,-0.02911416113711046,0.04766079122912492,-0.03596237800034744,0.022178093646544245,-0.010802908436097134,-0.04763759040237783,0.008863606252972415,0.023086042318339283,0.013114028833661629,0.0012748708728891086,-0.00988878321342041,-0.010147359656687966,0.008215397777100513,0.009046022247770125,0.00946788115787446
2020-07-21,-0.0114134494936522,0.0017393751739844094,-0.0207185265059653,-0.00618060710610335,0.01617368763287744,0.014511840046780248,-0.038593888404056254,0.02051601637821995,0.0023093228765818574,0.008646594815998757,0.010370256672053107,0.008580136960327755,0.012425121884070587,0.036411605365299325,0.024069201138007937,-0.0027794546311021347,0.024080022601713026,-0.005042463175441527,-0.011896406209081523,-0.01959130629269102,-0.0104978513127297,0.01808299189703164,0.03055250020778972,0.02021965726363899,0.005346096660692321,0.003836732304286486,0.0038138200967857655,-0.021230249074189852,-0.04487130735902313,0.00562357467463788,-0.05215211547363019,-0.002243045771942555,0.01177466281693363,-0.016634066626157316,-0.008203181389617134,-0.002765663420789492,-0.02731538805221434,0.03964878606598293,-0.04198684914953502,0.009333066880700312,-0.01763867440375646,-0.003479417529855936,0.004815087047660327,-0.006681488813271916,0.007483835762749188,-0.024011733378655788,-0.01898488414252281,-0.024603117987275432,0.010707606842655005,0.02806280867969499,-0.033342777866513996,0.01243367346260765,-0.00881931732967822,-0.005650952300764518,0.010806065440105442,0.003899874805883352,0.0034585165587188876,0.002265151113468637,0.00918703179802876,0.017573149556183082,-0.00022742565812789627,-0.02439665604371685,0.0031971896654088084,0.018807973102088333,-0.0006982588819976223,-0.011064436758217791,0.013737366520069814,0.02820552250001227,-0.02540711572229944,-0.02459381992696582,-0.023550208437020128,0.014621366996606239,-0.03603995337973847,-0.006587296179685805,0.019050323054919088,-0.00071368397122488,0.00809678981760367,0.026787790024031324,0.03621524631308965,0.04077222293861254
2020-07-22,0.017508883577802507,-0.024482669184142172,-0.001980220555537227,-0.03612871522734652,0.014766284165861185,0.03283971297434844,-0.018999753688185173,-0.03627456482467161,0.015622236729250703,0.010632462935433348,0.006652415695620777,0.02059516328618064,-0.032262600378293774,0.007890472103237515,-0.023901411270301126,-0.0029453965502589064,0.025379300508632664,-0.02148925532712004,-0.015924482455476386,0.0149624006450375,0.011339605265342017,-0.03329331970051026,-0.0008988279446877124,0.0003361791618440728,-0.02039102052824463,-0.019425745685896695,0.011428096590233156,0.01603795273481202,0.001200733983434904,0.0342031224269404,-0.025450359422044908,-0.0068865017314670394,-0.010477731455669704,-0.008732391050823456,0.03577990978252488,0.024915969429230713,-0.0026090647375442435,-0.016518963329779594,-0.019162484959644812,0.03245255298447311,-0.016539463207863942,-0.0071200678417018505,0.017897102549678155,-0.028990822096316732,-0.051128460981486185,-0.04390115666702266,-0.013296914191432566,-0.021637731507484114,-0.025330074081267546,-0.00778951433852922,-0.014446712718863535,-0.03107727667083402,0.007401595178235461,0.014694261984702667,-0.008625876163623182,-0.005072354127162159,-0.01665844769990129,0.007828777669899742,-0.002469662596228007,-0.024077856021547755,0.022861345489924193,0.013352564231491315,0.030189372712299014,-0.027570962853685543,0.011693259823425579,0.013324385715859106,0.015552167010903608,-0.003646372022780709,0.013995368820836046,0.005699724594708029,0.024250278240928482,0.031376123915277006,-0.02358707541576103,0.007493521934316655,0.027523416688790065,0.011034425722764352,-0.008914516323085738,0.027296334724437293,0.03908824444195998,-0.005012049041317724
2020-07-23,-0.025712121455428796,0.002416561016052631,0.02609490593336487,0.028373452086974515,-0.029263813201119596,0.004008473634975109,-0.01083155830800793,0.02650761727002996,0.01655721847023227,-0.0033879134564757905,0.015679462859852302,0.013380894849410643,0.008077761894812373,0.02264811081418538,7.547713110412542e-05,-0.008542210974652638,0.02383440604803392,0.01864750483294374,-0.02340871514995004,-0.015492026957706233,0.0008841234976090503,0.016642204344422543,-0.010109968478864823,-0.00017864964023826276,-0.024398453556798892,0.031499333067132054,0.02347252156655488,0.01023724393142981,0.0014882045804778233,0.0031772222846021205,0.007321325595151424,0.010846777261635592,0.0376934647047211,0.0176957158725196,-0.009451764795745535,-0.04990061125310238,-0.0012175061793222558,-0.023703581579355714,-0.013775644799283213,0.0021260431899979494,0.03684248732856071,-0.01811802866595127,0.00415500574412767,-0.01498812688042105,0.008445352787555073,-0.0009896493326057231,-0.020682513289472567,0.020410658162206483,-0.009291301338852316,0.0090730567319314,-0.008709288356636735,-0.0063054517655887115,0.0052601640458281905,0.011840750635848416,-0.00414335866274723,0.017866450944293965,-0.01896094713902819,0.02026457746145397,0.0006193187829662955,0.019206850116692663,-0.021671526898504875,-0.004933115923959596,0.01716336636081574,-0.00814815339558773,0.0214518704914508,0.003200856953619831,0.027647411961323327,0.002747833043620216,-0.0232997145921408,-0.0004643544118776971,0.015212482624552081,0.016060571073734195,0.019257412550476995,-0.014996975447043304,0.007791824334984673,-0.028811638626497982,-0.0022441904360864205,-1.1184422787310483e-05,-0.02992852390743364,-0.004981056393456687
2020-07-24,0.0007598284037507988,-0.005581338025425904,0.014290282345749205,-0.0009310489190369163,-0.016316329645883806,0.01831795746896064,0.011122082275983363,0.006582060196013891,0.053520857301664046,0.03741614744606646,-0.005289606975372452,0.012613597241957606,0.008442362298089243,0.026098804080160663,-0.005382216050606015,0.03974801765054327,-0.03194908436658245,-0.017623061246925194,-0.0005990929225305966,0.031363993810549724,-0.02885707508134671,0.015690545209512772,0.01507978283255953,-0.03604814494885899,0.007304113935147956,-0.0161539740808779,0.028653968759509683,-0.027016120356728904,0.04764632837894702,-0.03242904977898011,0.0140174746209142,-0.005255684390956492,-0.015992326882486103,0.012239418230095863,0.0029847778140216943,-0.004186704100949364,-0.015600021524463742,-0.015215392465003648,0.006958933376361744,-0.00896692147977331,-0.00999371216363561,-0.02150007397755735,-0.011061388532385516,-0.005365085347602191,0.03212821791070527,-0.018112850080396783,0.013193784585904545,0.009426779727427682,-0.0106211206663439,-0.017561524608613537,-0.02267883496701675,-0.00999515585554249,-0.02552007774731061,0.0027577947152521466,-0.0028887300976121696,0.0058467045791764155,-0.01166613996006294,-0.006091847086211802,-0.013781357449192044,-0.012704410671551676,-0.021095790044383934,-0.005395667938158717,0.008444137404078449,0.003978005681216298,0.008488940999900699,0.012152985083987867,0.012354460359354589,0.02921940827937586,-0.012308812270202904,-0.013504209300641057,0.012403702594066328,-0.00013711297837811908,0.008170615834211966,-0.012178765928345546,0.008855405284668567,0.025556925954203887,0.009658184574883053,0.004362507646771802,-0.024954768927202258,0.011913816699245197
2020-07-27,0.011997888553286758,-0.0009061334650696824,0.03392747744087886,0.025903769674977026,0.03984355516354364,-0.027537369075134217,-0.03140894008744776,-0.001445995225221059,0.004057034890253923,-0.03143051451466365,0.0128647083710512,-0.01926998121032103,-0.01468009988578302,-0.002386186236060498,-0.014999390559453128,-0.018740893703835252,-0.03368187458694811,0.0006242917933912955,-0.00262240926499344,-0.01318853774432629,-0.015607532094617007,-0.006723000054355036,-7.398998234365503e-05,-0.030727144014204254,-0.009619656163254565,0.0008714049797363819,0.045528163373078724,0.0040289066839758695,0.012763030310106479,-0.036923117235111665,-0.027379329620989736,-0.039501459885583026,-0.008098848213985663,-0.02122221154510516,-0.00572453919860965,0.012617888434702438,-0.0044134228860945365,-4.7090152783611315e-05,0.03549145335268291,-0.023877764370995633,-0.011661271636086825,0.009751795788137941,-0.010299783903565025,-0.003648646785497016,0.0020208107234522127,0.0010280130971964665,-0.04134476394225524,0.01839306408633645,-0.026789228040284302,0.015066671420155046,0.021004117541068283,-0.02354839790332014,0.02167474306272178,0.011790047200903458,-0.035652541165516326,0.004747764402515039,0.011515853947164484,-0.005526989911202501,-0.006947529275981399,0.01275807420010934,0.005744242291410948,0.021762094902948746,-0.030997041785033673,-0.00874021739598572,0.024899510703629123,-0.0022501825507113683,0.00051068019639439,0.019736689894023714,-0.010737613903283302,0.01863611832249219,-0.004670646467440554,0.021942900330229182,-0.02517575347396087,0.008115398776343399,-0.008741988274740068,0.0025308524207899867,-0.010439705618097215,-0.012817450343843264,0.011526075428449493,0.013660398994980935
2020-07-28,0.010465425903535375,-0.010371944357565875,-0.016662612846917734,-0.007392493825102268,0.0033066725773960096,-0.02670755707912718,0.029102025238147814,-0.016574822664735457,-0.020542467435186406,0.008235221722937097,0.0007045061269562164,0.020054428303546274,-0.033355669210949554,-0.0022963407929685194,0.03743429248631676,0.0032523124716453467,0.017361093084555537,0.002159596257700854,0.04721764343625934,-0.0024223879624529388,0.018376092934047142,-0.03393165080085187,0.012383217413836725,0.018021705112202805,0.013593856628159108,-0.014980865256979767,0.01795740025401741,0.006401664096734443,-0.0068890031100204896,-0.0035514857764706387,0.028735350304428017,-0.01451854206899577,0.01409050037860742,0.0036282703706104597,0.003938297070698874,-0.020528267543569564,-0.015010090828824513,-0.022262138284950633,-0.01946336324264645,-0.021263094355570514,0.028974430884216293,0.024450344529301393,0.0020347749241931335,-0.012230506313344009,-0.0029473506558749295,0.018820546540564576,0.018268546390071902,-0.009922963104512177,0.004926885190377062,-0.004290032254350387,0.006169296884154027,0.015404223766965871,0.00771231264926259,0.00492942035156666,0.009479625873835594,0.02223108611754637,-0.013868510819480215,0.006582436062102745,-0.03127873636228206,-0.005583259451826982,0.001157959971019793,-0.003949614918264912,0.028040760316484475,-0.004711360283755534,0.019081216518136285,0.014852949851492096,-0.020785477581202513,0.0038998773657226015,-0.01278583135351964,0.0038347836406500556,-0.013425896498630154,-0.013468673768571332,-0.04708238181543914,0.012186921430075248,0.014361581421934057,0.0203701674765758,-0.03173097270188149,-0.026798798135577076,-0.01735547614520074,0.0059818890846817345
2020-07-29,-0.0028641092374134085,0.015542859832284088,0.03010640789322279,0.003017503072480377,-0.005312505426219074,0.010093055926690278,-0.00029015971147367914,-0.010059250059707587,-0.00048610378469622975,-0.02438275100928681,0.01595020613756248,0.02330651198446563,0.007702160642527591,0.022904333731433177,0.019174156899236558,-0.011618343543882368,0.020434505375201452,-0.008061845795080194,0.02456932980847085,-0.0032612255945394966,-0.005734126436073064,0.01340334524260926,-0.011760846081509985,0.01453917570160565,0.04072906791206458,0.011277200656989917,0.027681721122378728,0.04520970665756197,0.0015313606337663856,-0.016223727671033115,-0.000388971466526105,0.015979964882164334,-0.03272930129600468,-0.015295762135968614,0.004153401767088255,-0.015347580255521366,0.03198400660120261,0.007644009498851289,0.005638404328705513,0.012082114570546814,-0.0002069268016837437,-0.0016685087115091582,-0.0199668298650017,-0.049710170716688415,0.0002570498121234739,-0.03474199223288518,-0.03055253784010887,0.006013779051707505,-0.007918471310645311,0.02407998434888658,0.006315409810749497,-0.007088836051527824,-0.005856444242352856,0.004641843072059542,0.013861913641461488,-0.004020806328116716,-0.009520289010151959,-0.002696980082413875,-0.018824129766393166,-0.010219027776322616,-0.011214068840387505,0.014223267944220968,-0.007998061080958237,0.008632734586958981,-0.0216824622023579,-0.011145762781059452,-0.01788314980228977,0.00808620717096647,-0.018801892428606495,0.04555560294838647,0.004528919900328025,-0.01760032864434747,0.013401482002787913,-0.04630501960826342,-0.025506337760061476,-0.04229495671114258,-0.006428429809535944,0.005993459263946772,-0.0216122034418841,-0.00046385547935585405
2020-07-30,-0.008453228755155065,0.02146419985687648,0.03055047600053778,-0.001420460805490522,-0.006711204395621687,0.026619653983650102,-0.02519009635579712,-0.023205078000835266,-0.0025151457872611936,0.0022835946720791353,0.03817552546755472,-0.018325860940091206,0.0013685062241580686,0.018094996065176484,0.03459574774912487,-0.004728518767413602,-0.02402425637786526,-0.0023091463437837885,-0.0018184160624759118,-0.013259799225420952,0.034838450637878764,-0.00023535675647267897,0.01914257623533484,-0.0046002190344089314,-0.006104717830060332,-0.002162895401932625,0.01142201366133637,0.02986350221171631,-0.0001868193115113653,0.010904737876264258,-0.00183388357683073,0.006119621083484206,-0.047977699202594794,-0.00394108084932006,0.0002126205633744974,0.023134907312084556,0.02073668743836127,0.027878570557177837,0.03837514261480701,0.002085045902604084,-0.0010338684541455,0.002329463187573806,-0.00904020113626398,0.017407831024343567,0.016420066778293795,-0.04103056395720167,-0.0069635411163935165,-0.018645227821036076,0.032730794388710543,-0.00571064025902862,-0.007254704522629714,0.0005436350228031095,0.010004703101663818,-0.014884427551316835,-0.008132032040758505,-0.028681278454967724,-0.0031580293843586228,-0.01039889262222578,0.010249015774366299,0.020038865524257862,0.04950429702943135,0.01152958287182619,-0.04359679076351923,-0.004135627897488985,0.008660093604630987,-0.021380685431423907,-0.037957337929884524,-0.003561645342468914,0.02334392775044434,0.0038412575233341528,-0.019443597377797567,-0.006729253421632604,0.0014052501699012001,0.03080962155865073,-0.0373246254672741,0.004815904568002098,-0.028525193273449715,-0.03451351520671977,0.0036766802689907493,0.002047369045989749
2020-07-31,0.018438590720319892,0.010580378573428856,-0.004215693934192728,0.005419280820855004,-0.017167949367695102,-0.024677061514160055,0.011198909638188375,0.04517655334745308,-0.005398476746908457,0.014210914189506384,0.011040166206315578,0.0003077512900253732,-0.026709305868962377,0.014480045100000316,0.01907189901325034,0.0013678772127332503,-0.013164444875003772,-0.0039723144575692804,-0.006374777991549586,0.023742545048160507,-0.0025625682883956263,0.020860850536727638,-0.013217860155806902,0.006559695700165684,-0.004452997226509609,0.0034783978360605613,0.01603478828730551,0.01461751684482894,-0.0008540173547019682,-0.02623526399274543,0.0028300166457623215,0.012352050800691213,-0.016432913939478856,-0.0020944473085674595,-0.01264769837391797,0.009336333209138693,-0.018923142239862478,0.01906160172702047,-0.015873093546436217,-0.018029525526615697,-0.05328138353050595,-0.0017893565708776288,-0.002951920433763782,-0.007149289607271676,-0.025739254630699593,-0.001676950128813715,0.008269927703063179,0.017269012684449858,0.017943706097085996,0.013743085838868734,0.02818003847995626,0.009872117197618149,0.004227420417112006,-0.04238757959982393,-0.00956739280170871,-0.045380793099268235,-0.015885747879748568,0.029631127841543006,0.01610015041372227,0.043912494664169945,0.009675309451542073,0.019539182864765463,0.009335843198703125,-0.004179443584704968,-0.014569916521391562,-0.01682736423238669,0.0062277888298407505,-0.025440879437791452,-0.025619583691076746,0.030443983893754207,0.01965291650887772,-0.02196334498705862,-0.043223114947332573,-0.027955880898256364,0.015174285272686881,0.00815569724820916,-0.014190131119063143,0.010278708593863112,0.016120004104042063,0.009495959852437992
2020-08-03,-0.047337653011536814,-0.030637093885886556,-0.0059108594024618,0.03378755034017593,0.016246379296544485,-0.019067837591694226,-0.005615941088341455,0.03906829766762976,0.0038725079575733885,-0.025479249161822273,0.00242487463640759,0.005046599467433518,-0.025997488147369047,-0.0006992139230676069,0.001225054206807744,0.011926671677309477,-0.013291709758971875,0.010189897233110572,-0.02996563618649306,0.034817161540288695,0.004628127025548313,0.00929923291012194,-0.03231894533027838,0.0009898996986047934,-0.007777721277530506,-0.03095544555026965,-0.024523357543397243,-0.010759210431098025,0.0032277690910809706,-0.005572411139057839,-0.0005086752761033679,0.005952495550164443,0.02011434829246126,-0.0023982832778120917,-0.02761819925752842,0.033161114987009535,0.031474167811895624,-0.021657446467017692,0.017175078302044285,0.004149829660430471,0.02836906460262062,-0.006229310487813017,-0.00826780408261146,-0.01460563642783917,0.019685283530327523,0.04809453141292184,-0.009404939115685804,-0.0040889777775291805,0.005960034635317603,0.013076062749023447,0.055174425833517046,-0.0020126785121046646,0.026985152934829476,0.020181054631754427,-0.00401718787150668,-0.00856134073836469,0.014431649202799416,0.008280295776800098,0.007099465584147938,0.043853091333549414,0.010043654589995793,0.012536546186265783,-0.00726817368826747,0.00853040578227798,0.05562757775060768,0.05452201997757122,0.004518825398076601,-0.037552701440446645,-0.02119004188570271,-0.023803523934074425,-0.009318324821339692,-0.001961056328006836,0.006042340023233668,-0.01562216666554362,0.0002169920199538045,0.02116486466547654,-0.029913162724247603,-0.01918528101964346,0.041920539538454586,0.001885117620899911
2020-08-04,-0.03098309834698453,-0.010841932771727712,0.019537038598453273,0.0024167306495945116,0.012525579096561018,0.004672228927303424,-0.008437203240303373,0.007630694093425946,0.018976735631459237,0.028611100542678923,-0.02568830053910182,-0.05230937920007699,-0.014570577524429687,0.018843486071877375,0.02607748291862758,-0.007691648874404259,-0.01485491142194157,0.0142747043932272,-0.022092499481879854,0.019051810159040897,0.007567079387054558,0.03427059458680559,0.01953815995263548,-0.04208076812267438,0.01836660145153857,-0.001523361980808262,0.02147284408568688,-0.0034563861804618057,-0.021383187949467745,-0.04275392971786947,-0.002915123180037092,0.034017024417846035,-0.0015685090534265562,-0.014471519591809161,-0.019864121445125664,0.004621844068633445,0.0018050996384476536,-0.02487175491139808,-0.007092831304432111,0.01977537494831865,0.016053209283674534,0.024168830242824724,-0.011271684272459217,-0.0248163748147372,0.02941317129219412,-0.020936767564930642,0.0008856066692359315,-0.007124095856552519,-0.012138325704442636,0.02637573415522823,-0.0035102804717708352,-0.0034061727504019357,0.024715098329647328,0.009494222346783569,0.005850778037943228,-0.017781902098602302,0.005349939967108332,-0.023249018873899935,0.022875208141076568,-0.024131065716657768,0.021572275286106245,0.0036543452375405257,0.0011122056971280257,0.04116166236046139,-0.00938479385322892,-0.002071512286481059,-0.004923050764513362,0.014697098849852791,0.024742457744808318,-0.02305763669990205,0.027448197517219573,-0.022761737214450392,-0.028777834681663218,-0.019658355127705824,0.012821938627286596,-0.02766753875450018,0.03634861651616237,-0.004322473801927576,-0.036793283957031346,0.013024985609832635
2020-08-05,-0.01807184125500454,0.0017450046948202288,-0.02056310422624365,0.0058367281402556224,-0.010514563502809778,0.006473530918587886,0.004268358276630298,-0.004594471368395833,0.01173608751026838,0.02042090401936831,0.006965724953336369,0.031172530339256294,-0.020927000713748402,-0.001430280185459643,-0.019174074582871677,0.004099782946178196,0.037471527877942716,-0.0016567675684920314,0.017861356539735456,-0.016271985087175728,-0.016361579746119542,0.016349715613123834,0.011290100239092684,-0.020219565281156197,-0.029988056953304323,-0.005053366956119805,0.02795070676961251,0.009637653638335877,0.026420291715477814,-0.020389122970100104,-0.03752901552895649,0.022411906276187787,0.004836651871915029,-0.015231207290067406,-0.007340855924464293,-0.011216390724529702,0.019901214136196332,-0.005822973114731884,0.0419473981313983,0.008967114814911581,-0.008685020304740512,-0.0001707221253569365,-0.021229566973870417,-0.004763066278006359,0.014723896469307616,0.013041022653391195,0.043257152552320405,0.01939899139363054,-0.0017018951860917272,0.005161333048184796,0.030995742039863494,0.009542277597382322,0.01989895470845459,-0.00988741529641258,-0.002413075359371153,0.003199549142540621,-0.006375449770028474,0.016445804989557562,-0.005513888030230119,0.022247521492960085,0.0020640572881717644,-0.025046254834620342,-0.004810375912026377,-0.007568843942646733,-0.0058571448706643825,0.019373819935161355,0.013648411393761124,-0.011341415350467662,-0.007286326077906976,0.01540906026146438,0.023663080371441745,0.03739500318704866,-0.021507834519936354,-0.014467937277150745,0.002506482122982365,0.011559397261074989,-0.02689016170902101,-0.04230574202983597,0.01669344289070937,-0.015239970132776495
2020-08-06,-0.021552281476095198,0.025426173123197532,0.0243279680143906,0.011385961768079978,0.01373536616810329,0.014088968597787487,-0.0018081684936038984,-0.019916482302153694,-4.596319964184428e-05,-0.024514391721005658,-0.04142488134887144,0.022175533206144658,0.011208292644174108,-0.0350221721174464,0.0027346531174302045,0.013606057841209518,0.026543824456035738,-0.004993459356165248,-0.02133306737837548,0.011990224823284991,0.03676873799056658,-0.03487389014114474,-1.793920085466108e-05,-0.0051387475532896024,-0.032207601940793695,-0.024136585828323183,-0.01735269726635873,-0.032254870626341366,0.03525144409765637,-0.019355837906902814,0.003950429763047372,-0.006345506899045423,-0.007641364238389667,-0.021724635386359808,-0.021522031581045337,-0.015123957976765544,-0.028440323177057584,-0.014793819360091045,0.0004696476297383715,-0.029659206548470374,-0.03260369351740101,0.02089522312580594,0.021813785386997877,0.014577846339258266,-0.03425395992568146,-0.004271343274140814,-0.01028309315324561,-0.027490953208298415,-0.009126763629406632,0.0007453308779678814,-0.004547896193796752,0.029160061116639106,0.006002594508921027,-0.024834992278673276,0.008544022434289908,0.009801778626875953,0.01034506544573484,-0.009440320476109472,0.006950970620416216,-0.011312107364868618,-0.02017621638546204,0.0004257894154663415,0.006336884119862497,0.01852669382048355,0.030093334309259277,0.014658053563712865,0.0289131003940551,0.001235439848446703,-0.0034400062859031647,-0.014991313167970588,0.028937936053586185,-0.0015520138489239228,0.0053128985103859305,-0.012981039477151126,0.0066159729987595,-0.01937374513522231,0.0030861140195450956,0.016769572380749293,-0.008611391056849653,0.011704016763651837
2020-08-07,-0.02467549507786057,-0.02228224326041067,0.05138746690014763,-0.0324990926627244,-0.0032779671835834433,0.008755683524374792,-0.018003133478116197,-0.03407122077337307,0.02345091958741124,-0.02389979593210073,-0.038191655343938036,0.010282819815214455,-0.026012674094968945,-0.004262275081855783,0.009734210606509973,-0.004858284621745554,0.07205664271621746,0.02840801846259711,0.0063700170599634625,0.013747464844750088,-0.02318564798461686,0.0006046760543467123,0.005842712364003883,-0.016145157674834487,-0.004166768750807806,0.000548990619002488,-0.007704084613842152,-0.016501311032464345,0.04367914070079797,0.001016869036694884,0.03164412970567649,-0.024073766037588137,0.002874274675189327,0.006782286457225296,0.012980796048442406,-0.004776809212974984,-0.012042985670642294,0.02019354969032043,-0.005797219813118617,-0.00834730153514611,-0.029730099638840025,0.02915728127134011,0.025812828248552293,0.010950911037534698,0.008938602520369333,0.009641380376647501,-0.029435016157076648,-0.06030230548024525,-0.004529449059173911,0.001495007653583513,0.058151954197005626,-0.005979390263169896,0.005903669703628819,0.009499982345201566,0.021669117256300444,0.022446822464359778,0.007306486126197278,-0.020132332297621746,-0.00790978522892714,-0.01011585980078938,0.011676946298272739,-0.004893080722606945,-0.021953020962776796,-0.018674375540491298,0.003800403441279978,-0.01694746269073997,0.023397939321715383,0.0033369658380080726,0.028515308123359336,0.009802222274931412,-0.006183358467338442,0.035745824341889935,0.013348681777948847,-0.024438480322271135,0.0024996385813315647,-0.012508328162163372,-0.029840031168376423,0.007638255218677931,0.037803421278914943,0.020702483631816985
2020-08-10,0.008109762700511891,0.01678213985796712,0.015694102811733255,0.015732175557375272,-0.010599586041147711,0.05871381833414032,0.028098751399700618,-0.017487032680483097,0.0022538001510271715,-0.036802830292192314,-0.008899404059742549,-0.02143919273692155,0.00530656109999799,-0.014240813108360463,0.0011687738976717517,0.03532484819343708,-0.002383185399024681,0.005595354154564326,0.014268580520342846,0.034433852242702845,0.024890979815261175,-0.04689944539042411,0.05926405192950782,-0.00497201010451547,-0.006883560058224351,-0.001898851106211462,0.019830326289808832,-0.0161878684032766,0.008071825400615427,-0.035123150804835516,-0.008844302968718078,0.02773004962316496,0.014841469660035933,-0.04155517566311196,0.005868029357174786,-0.00884798206051414,0.003066486072226602,-0.013335780862370058,0.0163068066621123,0.01670665892569591,-0.05409582275467866,0.030559970453439677,0.014011795421274119,0.026829688231883406,-0.021632024594748094,-0.027347620681615583,0.02303540490964646,0.006675682537633929,-0.000999091013957489,-0.0210695878709245,0.020389982880792495,0.003143249805039123,0.016426826566424763,-0.050140777291526765,-0.007807870374585068,-0.012652729920202792,0.0025959447776301553,0.013890989325023029,0.006579383294908444,-0.0025966035058324942,0.03951290714230882,-0.026867264446361287,0.030937649464890474,-0.04278203303547035,-0.005217995646956439,0.002529066116808309,-0.0430033562389106,-0.039186844328701044,0.001570181561900847,-0.0031783095565807557,-0.02757612355792172,-0.0017648659335132986,0.0012033307410815011,0.034788071905054826,0.052629213649620636,0.004521951345902068,-0.010991059770475946,0.021626581257064577,0.025980657687974754,0.01277227489480693
2020-08-11,0.008317986113654035,-0.023152833247957742,-0.04989404685507629,-0.015007253050901198,0.0363476903875032,0.002676654825680718,0.001975993758009465,0.01785817397394449,-0.00126674641922749,0.004336200363365709,-0.00774234547159609,-0.027987460922910025,-0.007371538134802734,-0.016458071819529487,-0.0012187902357199381,-0.004790989137696764,-0.013760176296896754,-0.011612705595054127,-0.0027227169773394746,-0.01599761331026693,0.017481868055298982,-0.0028582938398636452,0.050851759892373435,-0.022936178124327238,0.017627103723615003,-0.03130381993409179,0.013587317738326587,0.028041008494585837,0.003943321547095678,0.02727990484339352,-0.032539124838363936,0.011910021904430397,0.002025249008078019,0.0068676361274762725,0.008212988599647822,-0.024474274492437928,0.029293946139603597,0.036256687265873874,0.00182009152518031,-0.0413179184836939,-0.001505185048736636,-0.01085758279366285,0.04674036495338557,0.03275104802249035,-0.0002808252910149585,0.0007105190381408964,-0.026179899529359122,-0.0025116697142932745,0.0132245732901131,-0.011260345085486236,0.03971118192925868,0.035225237276158554,-0.007610226583343302,0.010341052769522841,0.015341928888805261,0.009581952945284872,0.01618446386983289,-0.02366373848370724,0.005525374070658651,-0.0012490792565560962,-0.018416004664389994,-0.013558920493253246,-0.02949400973838102,-0.0025984817866008198,0.03855580554040738,0.017059543990749004,-0.00576198524415321,0.02984880552540318,-0.013589795848663964,0.004129585540202162,-0.010993874756876566,-0.01703494986304254,0.011385230548603076,0.0023065685105212235,-0.007816729318085705,0.004396311350844062,-0.00767646069987021,0.02591542444917108,0.01162827101934394,-0.024949582362265823
2020-08-12,-0.003457084936619599,0.010937896444286653,-0.024404100195810127,0.034756703058004226,0.009818625507857053,-0.010420827089568974,-0.018538476030906127,-0.013792527377851142,-0.005611281950787465,-0.007022958486678162,-0.0001082266930541612,0.03785307416674227,-0.04587324044741323,0.006762806507158633,-0.013996298873159483,-0.005782408543336538,0.020486924039716494,-0.021740606560025504,0.01235676437758444,-0.00453289247132618,0.04142510908309724,0.0027011140956738166,0.0027180929963192984,0.0002683616349186466,0.014711719943396331,-0.006396065954135729,0.030044365034610405,0.013373761048213233,0.01218568832894755,0.0014036075037561946,0.01979594974294108,-0.0012172887009142964,-0.00010802608581400553,0.04451926142453218,-0.004767228226103593,0.018868048017823616,-0.022810223648953017,0.03206183692663966,-0.017978800225284114,-0.018806955281381554,-0.0023761039091882287,0.018189830169109193,-0.009035705249963475,-0.004979354577379287,-0.01332088611580581,0.0013742003422584765,-0.014672158592366627,-0.006797920384746977,-0.0005837452018362538,0.016630070353241065,0.020748623897135374,0.014063131613468805,-0.009009724453063916,0.012851946209641547,-0.02170544476636102,0.0008159257964735016,-0.019875517114930477,-0.02208869720650762,0.0004678597836819103,0.006228042627302187,-0.021275270984393555,-0.01356520498478474,0.007819530691995051,0.00036159485195711864,0.00011283747297938408,-0.011973753328621455,0.04143046207737635,-0.013421610598897207,-0.002653198166378174,-0.020054836287919358,-0.011398507998485066,0.021862314937847464,-0.004456135566528744,0.007040392480960222,-0.0007351060878057342,-0.0019072502570368485,-0.007841954641545829,-0.022434858743279846,0.022231253277841673,0.019304857762972166
2020-08-13,-0.011463410450492956,0.02503964458285806,0.03591772156041982,-0.034788842121592195,-0.008869662074975825,0.010656563636490729,-0.007926611664050497,-0.018879735040125925,0.04240394096129631,0.012217115036481846,0.0068674069959095,-0.04066598222080254,-0.0023194250552292794,-0.024574535208911584,-0.02385792387273568,0.016987631547552222,-0.00013707989802981833,0.028714801218697628,-0.000222051812456687,0.014530298374695674,-0.017724768667269256,-0.006423043742603128,0.025708339568295668,0.03158234588476911,-0.024437563206344257,-0.011654863754985844,-0.008349276370338903,-0.00807556559179986,-0.021079419227840537,0.0035375775274871795,0.05121924777026411,-0.01749590432948118,-0.009014714962440641,-0.003305917010422073,0.0070634487957377855,-0.009391438462199262,-0.04033088336646453,-0.01735658269851844,0.002017124141614998,-0.005772880085772632,0.01293811262991034,-0.04173753195901995,-0.02799858980086579,-0.0023235616061134156,0.022424988148520612,-0.016691841575010375,-0.0033313748663522996,0.014634902569466358,-0.044792674404622757,0.0502141983796588,-0.01886919768498838,-0.0026035751421917166,-0.012651351284399866,0.003499257195147677,-0.01472157055193153,0.012632655417872368,-0.005031320166009986,-0.01295786359433913,-0.007996823039578134,0.01829866987987242,-0.011798876206432357,-0.016809650261475302,-0.008552171773898864,0.02799138160484915,0.0101856426288132,-0.014565724702528291,0.0032017998608517514,-0.012033523651250471,0.030583709775700782,-0.005858374851007818,0.02797528200058159,-0.0010827871411816558,0.0017022608137346172,-0.0002607016174488839,-0.015795584028833038,-0.007829010854176562,0.014655616526542566,0.003625205625974588,0.00014350433855198265,0.013644704077775183
2020-08-14,0.002975748441830666,0.0025754127509818123,-0.043281396807801055,0.005813142453835513,0.05311022316735013,-0.01890579628170693,0.015654520546441293,-0.0022179626184542604,0.0024704437693977427,0.011932715791306989,-0.015317681366412412,0.04276110423268009,-0.00654654881042872,-0.003168732882544667,-0.02028954982032606,0.024140530268553707,-0.0018954134401026332,0.03104960747570146,0.009763085290776472,-0.013640436297281027,0.013127706016826451,0.02985663782730315,-0.018962989856109187,-0.0066431516334492,-0.01437900034814845,-0.001264909600789048,-0.011858269993434551,0.005862149574650251,-0.018538538586991185,-0.014458416365302248,0.02158559745116678,0.004934058284314191,0.013025681866761576,0.03648273926919079,-0.00836312289306466,0.02573748625182599,-0.027678105421002366,-0.005692857012114845,-0.0009952334471435673,-0.025606144303991236,0.028475932989543675,-0.018235559865977864,0.02589238922229769,0.025769134555801064,-0.005387143597698898,-0.009590518711869844,-0.021350163493302782,-0.005012030864083228,0.02115925681173259,0.02302818504607879,-0.014334379477711314,-0.03254222703810639,-0.013091473917702197,0.002168026135585372,-0.006410826079352918,0.01570640003219237,0.007164206762590897,0.021473493025419305,-0.0032971545031097393,-0.029042115623059434,-0.018862473454709924,0.003334951582966019,-0.01695872278152836,0.04794821104283105,0.015558418282933608,-0.02443258495526636,0.04624777597643724,-0.014723547475473227,-0.013122165100563996,-0.008649182308140784,0.025142452218864336,-0.016906713681916177,-0.026624856991349054,0.013228176457825085,-0.015352679486022662,-0.030219016684087708,0.018706128683502934,-0.0067237077554286075,0.025108062623921002,0.03674535804583408
2020-08-17,-0.00011370495040635697,0.00910070194728,0.034889215453420525,0.004754599611879637,0.02144583708291464,0.0021273003169739457,0.03993547852804871,-0.04012799648854267,-0.017577374310133984,0.009674530031548367,-0.010685240453443759,-0.020069441772861244,-0.026187878908665547,0.006950509880534222,-0.029773453675637142,0.008029319351690566,0.016696714751693247,-0.006330914064194844,-0.011423400328743885,-0.02549703142024605,-0.04003450962468574,0.010647440225934468,-0.015869422008446713,0.019979948495943013,0.025184720877357566,0.036625240859212746,-0.03487111962509749,0.006512690565059713,-0.024624414374630265,-0.026028489253212425,-0.022336448339393977,-0.0006323970673042566,-0.010135617052887989,-0.023669260953772562,-0.021701471388199986,-0.010002247454091638,-0.0004905672683797722,0.003278868290012337,-0.02118902048722371,-0.0026678850682890134,0.011470837277857979,-0.0017248956647427833,0.023467122587913627,0.018029350438771078,-0.02128865939810019,0.014584511557370752,0.03226246971724976,-0.003773844616863429,-0.03254646853460496,-0.019806736671827484,0.02077419039299474,-0.004077274212178245,0.017299092873960146,0.0077998617832521055,0.009579725445661142,-0.0006730800648611289,0.006504162116769045,0.014940163839583192,-0.005677138363153722,-0.0324233271986183,0.0029295102626577625,0.019398006200204782,-0.021630035557695146,0.010642384548450443,-0.01192964659913336,0.006008864490501511,0.0530442009122086,0.02973128001468821,-0.011686746994950137,-0.007228882049893562,-0.011215616464576653,-0.018675604807681895,-0.012555831313536657,0.009792715226454116,-0.027075915505088,-0.01150846699118076,0.01696225494816223,-0.0042171590906674205,0.003979963629561889,-0.016831328542932338
2020-08-18,0.04391467566671329,-0.0015961928640354653,-0.013014429402198973,-0.021994239811970573,0.00958727560097786,0.014699274264343915,-0.007608986702074784,-0.02184910257633193,0.0022490448732714113,0.017908665424696452,0.009011966625582648,-0.02041480420416597,0.01287826020592312,-0.019583608725551985,0.010392749365371809,-0.006423387980873641,0.012674318014503898,-0.040396997055276815,-0.005025617226494891,0.027682000617802075,-0.006129036000223777,0.0034984693488392775,0.005160652137776888,-0.004910736127054472,0.0018750965916298793,0.025897846066834988,-0.01140898974859864,-0.009645412776232655,-0.0033680796052070385,-0.022793924207690063,0.0013511582688870453,-0.016511353532952085,0.013316072570554139,-0.026100100901000085,-0.025692032657581913,-0.015242563613593243,-0.0013851065424038344,-0.0032441654261098087,-0.031569394729504444,0.016344900739082985,-0.028060805574073564,0.024709310071578918,-0.016151777210191915,0.018324192860579933,-0.0009768041748274036,-0.01437661526325295,-0.010915401888219945,0.018564122528442698,0.0021414814184525085,0.005639976413985253,-0.030222981480978486,-0.003332323842797078,0.03798784826691811,0.006043867999650255,0.04291991713173768,-0.03074133144794219,-0.010280542546095244,0.0015971191064003201,-0.0006889725636287894,0.016266045607297087,-0.04628079779545306,-0.014175876413748312,0.03081977478223169,-0.001115088075077786,-0.027173852692714703,0.0023799310095233375,-0.0173294101076439,0.004213503776904978,0.003256884976410358,-0.009252288708057556,0.00864167826149634,-0.03340126597211868,0.020641636081177625,-0.021332156750292583,-0.026368364032187203,0.020765044648295542,-0.0003382254931251709,0.0009482232795020727,-0.002075861915347845,-0.00822993435399575
2020-08-19,0.0025241989547141316,-0.0137918634274503,-0.01942863506475526,-0.025044222441282703,0.0051513628131741596,0.006598329818241384,-0.04406917496697951,-0.00932957187911712,0.03017845481480711,-0.06144032752192343,-0.021984971151330295,0.03485732940103521,0.0056214445003523895,0.001164887213187619,-0.020696103268907553,-0.00820272523541964,0.046629721851136736,0.0028233249877598417,-0.00407357269144711,0.017627229732122447,0.001169541369362788,-0.002768357046799489,0.028769392170606763,-0.008055035221777883,-0.041553159782129104,0.019937868942904266,-0.002509667945944333,0.007070755851884645,-0.023925167118984337,-0.004429111866748982,-0.01060870049408279,0.028027196646069723,0.00773172067051974,0.0024610409743915334,0.006549441675427108,-0.027457806944768133,-0.020691253344984596,-0.04022200937609853,0.00937665063998541,0.030145239117083177,0.03921183475758755,0.0059941150455777295,-0.0007928966396103625,0.0248768614599736,0.02115506388968315,0.014194731945408543,-0.00907709672814287,0.011173172785720784,-0.0011455470678992793,0.014813342343429483,0.011795293548222278,0.033041372158125616,-0.009737844677032922,-0.02945741915923124,0.0477048322709459,-0.021147671552836842,-0.002978336545505774,0.025489749166356726,0.014592494732348417,0.013494261874750951,-0.004231708914558823,-0.024665714758138467,-0.011261074345457804,-0.01648771784403796,-0.02998775333157744,0.005329872203297892,-0.012625186327924786,0.005634222265113035,0.007183971708147647,-0.014065006942363125,0.009732859479077774,-0.02798047272515719,0.011075669915920301,0.013719708423693093,0.0172860849121718,0.008274471895463556,-0.01994114811180324,0.040818726282862684,-0.003734404848690476,0.007245406579576554
2020-08-20,0.01991457875872548,0.016779553035806506,0.010108938397370024,-0.01180635494594973,0.012721095056520852,0.06085718784534547,-0.013567419648764553,-0.010665185113509069,-0.030564800568930663,-0.0009444723463329103,-0.0012173675484040282,0.006264479820131278,0.0006642035977074551,-0.004326006569270192,-0.027766090166269877,-0.008653889212165462,0.031022941627960373,0.030733116574799553,-0.04183920590052845,6.127274881348442e-05,0.03368766656363076,-0.00453198328029195,-0.006756308575684471,0.004554304283449581,0.00024337190896157887,0.03164365924959482,0.028740650430241505,0.002210284628326085,0.018954797788874895,-0.008950977138871637,0.031683640693463404,-0.02126960068259065,0.010463677840039938,-0.02256489007450498,-0.011801110511028738,0.011324232820503757,0.018916173149616217,-0.017724745802472127,-0.0324780141106298,-0.00978445638910132,0.01765544459329143,-0.011813388058244287,-0.02519853111801162,-0.006183946342236715,-0.0019542666126548423,0.005683035418127907,0.013791436500762009,-0.01911882134772758,0.00499169828762105,0.003345783552000059,0.029883197507672474,-0.023106322143370762,-0.014034662909560566,0.010121498445262018,0.016604470411364407,-0.008949183514976046,-0.0070621810645426246,0.005860728215834217,0.01526610612226055,-0.021077149660627927,0.024439834159457257,-0.0067546357289240255,-0.0059147555607993955,-0.0019714016557365573,-0.024841967630271244,-0.006026229985637219,-0.0046859046222539015,-9.808229719658452e-05,-0.010372761896691044,0.0066151151527633805,-0.011994384268510029,0.037529033524186954,-0.006682036717228918,-0.024190022179827398,0.04994545061681437,0.034223865315444975,-0.054303982109006034,0.006417475694024414,0.009975520162214098,-0.014778508375594149
2020-08-21,0.022370223363414606,-0.011508193066782616,0.005738074047181388,0.02769558984290981,-0.01450717035790636,0.014206830301005136,0.016835300541418467,-0.008669352302958367,-0.023311830172225628,0.003541125044361179,-0.030176973672589924,-0.0055692942743677,-0.00958666087929763,-0.0095809994707432,-0.042010286324675995,0.03865926350937068,-0.03901534654743003,0.011826403211476868,0.02520858798446517,0.02344503025969682,0.01016737353443902,0.0012354174275309112,-5.138486594476924e-05,-0.06719183944915046,-0.0348886983612465,-0.020695910924646763,-0.011424072891705644,0.004462842027497936,0.005108578276982737,0.0016261293345079893,-0.009549006062144655,0.0011154351638655042,0.014609096067843197,0.027309686563150432,-0.028414204999488293,0.010743457029182082,-0.026274598146288627,-0.006582615962671526,0.018034837044638916,0.03047346697069765,0.015383112373618156,0.0016913861125040707,-0.033947504756781426,-0.03471161554959005,-0.01835255244142247,-0.00242739314768253,0.007511755427660856,0.021203243154148416,-0.01262875975067523,-0.02832845423106892,0.04130172249974299,-0.04282106000891953,0.0012400481599028422,0.03206590927205282,0.0039099091547360795,0.01733313624784299,-0.020910660065667268,0.014007987238393575,0.02552160406401725,-0.0047489840847748654,-0.013634362419054078,-0.019204449232982878,0.01148034322628243,0.01081204241179652,-0.016485598502238775,-0.019161058728698912,0.0038489331393054545,-0.028528093946703137,0.016267301392096686,0.004716066466460526,0.008268678593947488,-0.025900421209058253,-0.009246880129119252,-0.024874186405872623,0.011713380148962473,0.0052819971143397764,0.042058985809219136,-0.03500947875667658,-0.04744726113069663,0.03341551505481484
2020-08-24,0.01574126604621602,-0.006955293732163577,-0.018452603450474152,0.008193506377655502,0.007348497983541348,-0.03255784835470142,0.03186184702550902,-0.010827873274912393,0.021316442867704725,-0.003128628438467866,0.028851563445048856,0.03199408402096206,-0.01834413392670051,0.028827982206435187,-0.027540803788741165,-0.00023674292480648396,-0.011397958388242117,0.0062325764744946,-0.004272606169707714,-0.012801993034338138,0.025343642634777678,0.009927324872699317,-0.014761263438648444,0.012121051732225503,-0.024589736452124433,-0.005155961810653686,-0.018553259864403066,0.021892467842388484,-0.0061213474964682746,0.023182631884217677,-0.0007060270512923267,0.02777009535312187,-0.04831131696844192,0.022288550838337744,0.0066530026932537355,-0.03849010132547985,-0.034185037727111955,-0.029366784349669797,-0.023354450052867667,-0.019097200571500807,-0.002796250969557435,-0.0049203681733431155,-0.016555180103193023,-0.019768363292181023,0.023034555327540982,0.03632149957305385,-0.02638270741566679,0.02536242341393535,-0.03990902411590287,0.005548945192573916,-0.004880137541698032,0.0007969365267105704,-8.156555393135946e-05,-0.015048555387218427,-0.01896325346369139,0.04563811086787238,0.04201302912989406,0.014354558637713316,0.0014822577365001292,0.004357473638051892,-0.021988703345786207,0.006170101201096047,0.020570841994171345,-0.039601048973873385,-0.012703007678944224,-0.005952999443600397,-0.020168615022115362,0.01348570068323529,0.02837098310479964,0.01645223509241801,-0.006865919343263539,0.026012983203971208,0.02899874025654403,0.009930509302112863,0.03121390275722178,-0.031104472716870283,0.027512173631261315,0.012038357618184135,0.02959297008340021,0.008132249752464628
2020-08-25,-0.01564239579669723,0.018904852085805342,0.027074566587151575,-0.008501265332435875,-0.012710731775871868,-0.0054974525763810305,0.00555597746636274,-0.016186886197997227,-0.00017909345073070272,-0.02671358529441914,0.025303977759058984,-0.008004459047991358,0.011142048938722804,0.012777377473577631,0.011119941031428882,-0.036092058187784465,0.023238022599130118,0.040772838500965324,0.01755819595506004,-0.00365934081133002,-0.019385599594775944,-0.004673465834498476,0.0014652336079790645,0.03225997101554678,0.043943762434499704,0.016990362251491725,0.016926659834507238,0.002090889207568014,-0.006071743911749488,-0.00538141270135971,-0.005446438137660693,-0.0015197486244407006,-0.02792626104014736,-0.024921059273841983,-0.0018646134909515153,0.008368758117403284,-0.038041770063022555,-0.026799530022773396,0.007734755796824381,0.05862078903221704,0.05042955695139213,-0.0018553260614734013,-0.028366294995889912,-0.02187292882578631,-0.004085975840122297,-0.012698465459112096,-0.008097993835028652,-0.021729659926463484,0.020160347900463536,0.00847065423789004,0.03859635363155235,0.002590563344730195,-0.018617914131116197,0.016065977427255917,-0.05008801029646934,0.027765573855544085,-0.007121043900925818,-0.00852370750714539,0.02615014139591193,-0.006437437680486711,0.008678325772303796,-0.017799402761693818,0.004255174338278588,0.0024949541018142057,-0.0021297293722518703,-0.003358020525281958,0.03486659439486064,-0.0026429800576489556,0.037309891609749214,-0.01183295637856869,-0.0054921038671221145,-0.0005968818321011551,0.013311157162830364,-0.013276237691399281,0.014542314757421522,-0.008858830569786001,-0.01667592175285037,0.0094879385516933,0.017641304707183916,1.5831043497578865e-05
2020-08-26,-0.032290108274574986,-0.021609936284344697,-0.0034411554546093896,0.009159119205537455,-0.02098985267494298,0.028173678170565514,0.028141293751484497,0.008178230699821827,0.021245424025774527,0.025238757272159917,0.021208084221573054,-0.0022628507326195183,0.005929351320984509,-0.002911352994857688,-0.015062419008653237,0.040159121917246424,0.0026877488375896164,-0.011776031332390014,-0.004687320434388753,0.013914394016901529,0.009346622592912981,-0.013282254292594269,0.025322732049869016,0.013795818485763152,-0.014302938545193284,-0.04068336351287659,0.03385770411766406,-0.014221190674090547,-0.00032544104307020825,-0.004278860894368957,-0.02029874249449924,-0.021009494483862926,-0.01298343124717005,-0.0010958941677824702,-0.018454094137377915,0.0060325757994641824,-0.013501990026063684,-0.023752227279259023,0.0021940427645651232,0.002841253005997335,0.003697696147928449,0.01821847403223788,-0.024687359609560557,0.03084019496360969,0.05176404618065648,0.022390700649525322,-0.014991671520825253,0.019787052941432685,-0.013080570243729937,-0.04648010279185764,0.0022826208978166903,0.006722257357434264,0.01268973461460665,0.020862189805276002,0.016073176807346712,0.005908645351471905,0.03928749513437364,0.01642300677156153,-0.023620038514341635,0.02546854437676252,0.04742187663982542,0.03459618512379981,0.021582724631637726,-0.014491066163015653,-0.015002149341432134,0.04614801031360115,-0.005013317825763208,-0.031063867902305572,0.006103052605052096,0.018134187649615906,0.003180438761691228,0.0019122867175734412,-0.01565334702288109,-0.008942845548349712,-0.016429359685031356,-0.005348760942847094,0.029469297481925394,0.00875591018864973,-0.027798324038065588,0.0011697822978068782
2020-08-27,-0.018709590454042375,-0.010761025484607372,-0.026079938660383693,0.004571841205157382,0.012393113073981471,-0.019604250448595602,-0.016895108925933308,-0.013729876680725544,0.021686778583274554,0.015250473305722325,-0.02514106149286885,-0.04238602735376415,-0.0015060884148166964,0.002110014995925585,0.034042946470043536,0.0013345291246967966,0.02684507052607221,-0.01864172827114714,-0.000718208072768597,0.0321039603041905,-0.019814270427761887,-0.02298397869376125,0.0012070382223637107,0.014680116933288263,0.024123729547809513,-0.012583450738014451,0.0015553760016743415,-0.0058993150913777635,0.005371930077750784,0.015282006439712597,0.0018884882305944604,-0.0017019658045212287,-0.008695136395593163,-0.01692994437262666,0.001797568635584238,0.012365423703576284,-0.014615248673979347,0.012350530827620523,-0.036382157932317256,-0.0018930413118242965,0.01480098222380328,-0.002728929015553619,0.006992142478075652,0.006777716660277924,0.004176534233412327,-0.007441938949112974,-0.009341270112764328,0.001985516369576091,-0.015453354929492112,-0.0350434742366538,-0.017815533277238706,0.0072580594424875135,0.010619358021284053,0.03261652085937171,-0.00434706723804838,0.008935418883430806,0.04128445333649313,0.03189588762591524,0.0073933495488542065,0.026835805405237997,-0.0029715736008123954,-0.007876868599805428,-0.03614351497091392,-0.028363751330631213,0.0035953642626763145,-0.006710717752506731,-0.011898897632546703,0.010646298581568124,0.034193193367929635,0.004186005373048589,-0.015377050148421877,0.05007094423622374,-0.012693882433839232,0.036837150583444916,-0.042556638959987875,-0.017425007475870696,-0.004504680500923854,0.01344548544365463,0.05493044496549145,-0.0019651938725337636
2020-08-28,0.016339114932465586,-0.0029934829789868495,-0.022205774741054604,0.0281564117018737,-0.007753247013297038,0.012588700143427535,-0.02744403398531919,-0.008175039102295393,0.03531502697288058,0.0022779822446621907,-0.026824196237340947,-0.021470868870477788,-0.01453985985236834,-0.03240188678390114,0.015926201657070718,0.014886292847253787,-0.0051377996784977755,-0.031217554129616146,0.0033371877978535113,0.0013333951082757046,0.0031503499466559947,0.02455975619171202,0.026373214806384514,0.0007624007995429436,0.01259872854766722,-0.017740133436805087,-0.03530683355992713,-0.009459874120825813,0.002924064196834766,-0.015450455304602572,0.011335486028583135,-0.011763463412737561,-0.0032082257141171876,-0.01838474473597486,0.011147560861330787,-0.019803353930028446,-0.028983244085896066,-0.022840313590530625,-0.03089733318583023,-0.04669250224505422,0.016242813776101504,-0.02168182494859516,0.015858366384912902,0.02818937353123655,0.008674543992173874,0.0019284484034691293,-0.010236996671573368,0.009976466194405268,-0.011593503749891241,-0.017798644339798324,-0.00943349152037297,-0.00943558797008069,-0.011518212176928116,0.015282010100786782,-0.01964907826249722,0.027353219522956836,0.02282742378180185,-0.0015170228274423692,0.018540536486192857,0.02921895955004846,0.016829342215987128,-0.007798478529975641,0.02598333255206712,0.011550714056641154,-0.006808952501003149,0.023446355097545633,-0.0021946743287207544,-0.00982526691037718,0.004529082876926746,-0.000828893922181886,0.011165704752740433,0.0005770002131968525,-0.002658794519021466,-0.014236630949718361,0.013081471477405742,-0.03071153487818436,-0.004834704495136049,0.010716455038523953,0.014166723285603585,-0.026837243768348396
2020-08-31,0.016797356792755177,0.028177573794912696,-0.019019289019413462,-0.02199634397130978,0.013178924220661754,-0.026704247789875693,-0.04383092518529455,0.038817422458092485,-0.033235535281806186,0.014610196001056362,0.001491281241209931,0.0013786210461694526,0.0015519677949067388,-0.019782841601612422,-0.0007969084556157142,0.013454539555133793,-0.014564350496110896,0.017085351231567247,-0.006410354473319387,0.01861021531072203,-0.003875526404313963,-0.008384627577978296,0.0065613422085620265,0.02059426473686367,0.02616020576997892,0.026154416019001415,0.0015596366648739945,0.006477087552116538,-0.03317791270839469,-0.026019991432817344,0.03181004087129703,-0.003946522059456174,-0.028510520733992847,0.004076319692488794,0.049562971666499755,0.0239581493224629,0.008574158450015924,-0.0031639009359980797,9.55891019224595e-05,-0.01219679212972858,0.008783186118903672,-0.030072294034448898,0.0004400187880038201,0.028060536352171265,0.00988032207125301,-0.0048176424685411265,0.03595393807168617,-0.02803505765059629,0.015438611264719087,0.002493568159852811,-0.028463905086253842,0.00018475017740699843,-0.0016431371921431,0.01093771294026494,0.017694252784329435,0.0006146569442911866,0.045322027320081996,-0.005530325956700721,-0.004622562896775852,-0.006051260785586688,0.03598314880407482,-0.038469601906711545,-0.01924967287813489,0.007571680760292459,0.019080647930654324,0.02519478999729732,-0.001740946966714053,0.016050014340983066,-0.0076033290942442815,-0.007072065136234041,-0.02714831583310704,0.0011031883528127317,0.0018594058553540412,-0.017960044549791502,0.03419081838293916,-0.0038048975194614637,-0.004862256879198764,-0.026637825352979982,-0.016993161567611863,-0.0028064995432542663
2020-09-01,0.0135896534641185,-0.030985882071141863,-0.029733829396356264,-0.005298160508469388,0.006875108242014999,-0.01768260402388,0.02951010604747662,-0.04078922121904261,0.0037962421959647375,-0.009551922752797842,0.038237883289948885,0.03128028036423627,0.014772161321868307,0.011154776578647422,0.017954431369188496,-0.005444443435453916,-0.021573215420611046,0.018004113069009887,0.00881325113624095,-0.015064649533292394,0.023238172392560902,0.004169144341047327,-0.022562669045781622,0.014586742173272436,0.01794508070150064,-0.02598806778988012,0.012775396679490063,0.04178832575700819,-0.0012951269717301139,-0.005260211202386273,0.009864921737780523,0.004506282501945681,0.0029581684946182823,-0.01185890406798208,-0.012953771376393797,-0.006127071400721794,0.0016263278691641537,0.00846065355036913,-0.03130861346175222,-0.004442546303728131,-0.008204483470448085,0.024078598383897365,-0.011387088198802287,-0.011618714832353199,-0.015098632944890118,-0.02547883551167784,-0.020730511203284303,-0.00019017818747933682,-0.013205069112667028,0.007537993201855303,-0.007797706745172145,0.004717837005604656,0.0031278965657079343,-0.024108874641300206,-0.012220665053233121,0.008122646360648151,0.00535050569028554,0.0251721311155022,0.014203918505976104,0.004396098082309171,-0.013018024421017613,0.010084485958743773,0.002787171958378401,0.0038616142757100513,0.016259604368391543,0.0073574043628076916,-0.011349501798425959,-0.007009071570107446,0.016641767920783732,0.0016013081061681644,-0.03696245462319622,-0.02826028907633133,0.012664090468950452,-0.00873028565785583,-0.005050563065227889,-0.0017314002349544926,-0.019540112530901047,0.013592534875863982,0.008089711592350753,-0.03677115649111195
2020-09-02,-0.012510185858497306,0.005451529891657471,0.021831297604848775,0.011525460652306897,-0.0024580563514450694,-0.0043016177617622026,0.024958671796275197,-0.022121294234159913,-0.008852668480982718,-0.00045811905120099385,0.05022265095380017,-0.018521243286980262,0.010118686116415032,0.01749175291619615,0.033433188732972234,-0.050920101292429396,-0.005273981317461574,-0.010893925742394249,0.027795505906415722,-0.023400073728797252,-0.006167569384672937,-0.022207083218833547,-0.015803881052761176,0.008458425953116657,-0.00966217009049026,-0.007957805090577376,0.0070266494563072926,-0.01284211247431779,0.013063441818609009,-0.03442144134600534,-0.005707642759957428,0.011754174115467189,-0.014683870175952176,0.02576635241571785,0.002801048157187273,-0.028793465565923923,-0.015169273949121327,0.033438335810397575,-0.004159245478969402,-0.023158671409558754,-0.010546076382463472,0.0023971595630343603,0.012006642145309701,-0.012533421845447087,-0.011333117784679929,0.0055277484186572615,-0.028896985987205963,0.016573275805028657,-0.03758833003596434,0.0017478021133788002,0.017887491505360623,-0.04571953149945886,-0.0017703769127092647,-0.03566175679844087,0.029356956243967374,-0.020372150787321318,-0.007547721902872049,-0.010866359050365672,-0.015288978249017447,-0.008111970878514334,0.042648901596063576,0.02499701042072013,0.006765636702804674,0.02358237273099221,0.017905106326545146,-0.02242203531929527,0.0034374663848900306,-0.03312475540846618,-0.013971313044958482,-0.010822914288442783,-0.0036649592317547137,-0.005638754913214392,0.013379623522488874,0.01703412437742381,0.0020059315090777048,0.0025803210801035306,-0.01231936279946706,0.04020751548275235,-0.049906401183285314,0.0026286524614342883
2020-09-03,-0.010536969673588012,-0.013228509993234355,-0.03910720636285689,0.023658655420028814,-0.026136049450720983,-0.009273045281991953,-0.011818989541456541,0.0006574103314965218,0.015812206634869232,-0.03237482970113977,0.03871828101444824,-0.015353403086096175,-0.014591221562951824,0.027406330002786278,0.007565179646358448,0.048451111491918886,0.001637226821635113,0.030242522847533083,-0.010636872456224548,0.025153539557064085,0.026701037335882735,-0.03176259851991088,0.011435742746625597,-0.06853130237213621,-0.002835957640654172,-0.014477032547811186,-0.0042564507173300835,0.0020457633877907057,0.025800684086313405,0.05046100406027676,0.029209011647472576,0.0015430372031446978,-0.03979322667533565,0.034092295966086275,-0.01211711216614239,-0.023827504496846657,-0.006923979727546142,-0.0026194788635959527,-0.01318653881516005,0.005986451937841982,-0.004057179363061988,0.04909475492366745,0.03788682197443159,0.012487216523213883,0.003216614284496685,0.009268879818979631,0.0023658022094449936,-0.0025177271934959627,-0.014523347889036977,0.02286491750875958,0.02310030159715364,-0.04082017531162235,-0.011479525201000687,-0.006736971822798306,0.010895384526243914,-0.027594543821542708,-0.026441694569593017,0.003611007436441079,-0.0003010423318485692,0.04099499252679291,-0.010103789834327071,0.023571030482088338,-0.004491469563315848,0.024080294466625886,-0.00822958962238072,0.02837117866823737,0.0005912386114015033,0.01349738130853689,-0.017350566115056306,-0.015560849310309915,0.00480027411495591,0.02181023586017221,-0.007274312768074179,-0.010920737347227618,0.01364940631156889,-0.043174143896993006,0.001940056438405573,0.012161410001480527,0.03547553363271298,0.001938666218542538
2020-09-04,0.010949776910405308,-0.023578603461453476,-0.016076824506778914,0.0028049593792338562,0.022726988188352407,-0.009822012463758639,0.027294559227526022,0.018756417099646115,0.01251133572847521,-0.0089794246270281,-0.013692595943551017,-0.02447338544121542,0.0024310016557030872,-0.03710501079105327,-0.02030508546692563,-0.025393045322026023,0.0031807252946347,-0.008855818758556955,-0.0016310159017955755,0.016952756301388545,-0.03620845763460723,0.030650661812185526,-0.013247890678698948,0.0011767724715621394,-0.014167862717153508,0.012626025391182832,-0.023273108227263674,0.01111696482845745,0.009683427511489298,0.02017982950743369,0.02652932701434551,-0.0005533701423690785,0.027075656047931704,0.002634065239226378,0.006549134847500728,-0.01057067754912815,0.004416196778220924,-0.0077668720525425,0.023574671552108743,-0.017561554282367216,-0.013329071833081184,-0.019756382143703153,0.012007441177742073,0.002063585715562581,-0.026717925671938873,0.02046181630132042,-0.0208559212763564,-0.012898314366890588,0.011166453973333199,0.02157927591658071,0.01844120158141179,-0.020062223727698218,-0.056488852718633166,0.0015932888142914557,-0.018828054610268544,-0.011155240596447636,0.009912452560945828,-0.009628794233329428,-0.03704584980361258,-0.015014001741952365,0.037221398855033554,-0.02078845256733179,0.03361433868583861,-0.028133839432152336,0.03394659236594939,0.016073915447606963,0.028299463106327624,0.013248202365777574,-0.03151449130967593,-0.0007789304589715209,-0.003034662597156855,-0.023615276194100913,-0.013406822378883188,0.0008241391800345682,0.010684358989731723,-0.009246953341808733,-0.011644988357306799,0.016254969007046448,0.007452331493605212,0.008902023908500357
2020-09-08,-0.016627382305945133,-0.0013575872714077508,-0.025108643486972112,-0.03648962212904384,-0.019113774305984144,-0.0022938198327783705,-0.01573251983743015,-0.025586877050596445,-0.00401639555144596,-0.004808178439607833,-0.010296393247947495,-0.010498530415607983,-0.017919399344734088,-0.023672353263927918,0.0236063567835525,0.028675000684284715,0.02472636359412811,-0.02496549512059453,0.02526378246036066,0.010769387745089887,0.0048092548960340644,0.017605264112014334,0.011637536912754796,-0.013491570328172118,0.000846057126100919,-0.0027387987483985595,0.020275226070601237,-0.0028743201954346464,0.01875608915443248,-0.00757487771227443,-0.02883368050123306,-0.018633998470461252,0.011908163779038914,-0.013850848008944672,0.0008192110396164834,0.03678078236664868,0.016506160591966756,-0.029864610076367967,-0.005808099653508295,0.016115505773926245,0.03660290325878418,0.0008064212840916048,0.018933204469586913,-0.003270274452142833,-0.00548476080329642,-0.026336440365642946,-0.0032581033252956416,-0.006979140529685599,-0.012880887592003745,0.008635546336638596,-0.026022475623522237,-0.026619974520227397,-0.03288025927986126,-0.0017532647769603435,0.01104128281913644,0.0058581722660443186,0.012902482593567717,0.0029038188518549037,0.026003281711244865,-0.009037145773378436,0.03786925362580604,0.017064033443002346,-0.04195542763196343,-0.001368442681494068,0.008399931343498219,-0.030472751935825056,-0.005556029537875701,0.01596940984220844,-0.017186228292097035,0.004928729204285553,0.005146428892095425,0.0461923820821478,0.017006558661355326,0.01808661904654106,0.0287572858805984,-0.02309593960644651,-0.028178397114847754,0.028430451597295483,-0.001809246319958768,0.010195534101959535
2020-09-09,0.009663906713096963,-0.02515033937215884,0.011409552511579232,-0.012099280873369578,0.019534959495887395,0.021073597109211046,-0.021784149745505108,-0.0008636962589208292,0.026240878522403574,0.02006970898024106,0.038298090099568104,-0.030956809225573232,0.0037209542430242403,0.018276533122911002,-0.01953863642181127,0.014076147645031496,-0.0223156942277097,-0.023556727101526072,0.01573720137470314,-0.011383395553615784,0.003980422255254641,-0.02825166365088122,0.029777272415336026,0.03125610762937626,0.012751207733619277,-0.024324461089683808,0.004415564506246298,-0.04219887006687162,-0.01280097939050931,0.03837656737198052,0.009053191602811463,-0.004522318880735827,-0.012397135017630312,0.04789219262688483,-0.02589829898047197,-0.0013902189560143915,-0.028846079390266222,0.0246125996119352,-0.015683123777549438,-0.0033624663256108757,-0.009046123400966864,0.003687797402536728,-0.02767034649792877,-0.03675573248090267,0.03640812654465596,0.01183866945415695,-0.0006525463063190789,-0.004921164264955792,0.00125543311463,0.013079212246168696,0.012387613040832393,-0.02435381719826068,0.0060665103986361,0.038259787962409274,-0.011842673005507696,0.011766423997638203,-0.01999021340489663,0.007367114023666132,-0.00523311179995839,-0.01474734433939779,-0.006261410264539873,-0.0013307187442074524,-0.0031447095733314724,0.007018364580834077,0.03168108496300902,0.025734882741318212,-0.009647737269841925,0.0029175215834066795,-0.02152553283842763,0.015330812549312777,-0.014836480693146812,0.031022657735763865,-0.008604524308126997,-0.03088326669246586,-0.018629503229337385,0.015623677953460374,0.0002668107107757424,-0.0006128395260472587,-0.0005987935762336053,0.018572812475909275
2020-09-10,-0.03658185699381021,0.013080619558241526,-0.03292679717729784,0.036294912191943564,0.008640139707976474,-0.015441499292091859,-0.009490016289716973,-0.008534724548528707,0.00022647781532408612,0.017829505631677494,0.013530975208059008,0.008979351111404278,-0.022699483297985146,0.0131891704887871,0.026117221723736248,-0.006755925261146567,0.014271323031580536,-0.0032365852602871258,-0.008481531867339577,0.004457279924205862,-0.01883605464649911,0.04914008886501027,0.04054110462038692,-0.00892334147687914,0.010187421035340465,0.009078612079758613,-0.0011127148313283953,-0.026317278863999687,-0.00047179096575372046,-0.010148099543243416,-0.0046100971295329795,0.011214196808421674,-0.023669697663271216,-0.0031143917832906287,0.016349028960319006,0.025955734179013597,0.034387804569354835,-0.02802287917292989,0.028776146766884593,0.020032741038179307,-0.024636181970601325,-0.027451712071768,0.03000946714992649,0.03305520661154939,-0.0021122869722671554,-0.0007690746785952564,-0.010742682517462954,0.006903325534331621,0.005530514077363628,-0.01908400011255459,0.005342336391985535,0.024282776253289808,0.009366809636812759,0.010030678306081573,-0.021179049161799423,-0.015538285360914684,0.009730098673157793,0.0313917062012488,0.004603068518766838,-0.029737062023412482,-0.015844945654323733,0.012260921522402147,0.01784236904013364,-0.0029450516890765772,-0.000878086416638402,0.024455792122950345,-0.019534679569782873,-0.026403739084103556,-0.03328223600638151,0.005695639735148853,-0.004804968990818842,0.02540296891866595,-0.010078788571525556,-0.026588538240963657,-0.00646077321181795,0.055528909463089166,-0.007965609492384758,0.010266981027688882,-0.032743442535145925,-0.004208874470941998
2020-09-11,0.04184493166909429,-0.005125773424357671,-0.027468881786839466,-0.017898989474812943,-0.005498228973835634,0.01460578022204844,-0.006911173940173085,-0.0523823893082368,0.008486135752165645,0.005984942933882486,-0.003689089413091361,-0.020762139729220683,-0.013832568508466257,0.008497922083448057,-0.0020172184615804964,0.0033690153986498874,-0.00670566949034674,-0.0470231642622434,-0.0040460002017422975,-0.010785294224547297,0.0016379335040158233,0.040619072346982976,0.006900218540952063,0.007487538816800712,-0.0061305613610765555,0.021696270845013913,0.013184010842378014,-0.0026828237510233242,0.007638387634771017,-0.0006817636462436224,-0.027960935852688027,-0.005267475272771601,-0.010032604981888,-0.022014192340032435,-0.02376401430372469,0.02716457337675218,0.0007455168826305021,0.02972082336209475,0.0022996847804963405,0.007123128460187584,-0.03456956145949374,-0.03801194842669537,-0.002649911216266933,0.016892752084472537,-0.02020338742795402,0.0061763228746822265,0.025638636189392616,0.027412612550783425,-0.0350011428073367,-0.029774530113522366,0.01758105646796512,0.016350371632333615,-0.007364693454281669,0.0077919850725855925,-0.0011106489851578655,0.0034824972597438347,-0.0435232512405,0.017186238527642946,-0.005491726143583676,-0.030735029252461063,0.02329411184928555,0.02397093566196289,0.007190637005128483,-0.012429089642661572,-0.0027403133735985096,-0.002776365606682736,0.004520672951687989,0.01845288932158858,0.006197901101848347,0.012861888830972685,-0.007430928150687536,0.04082106669704511,0.016978489487737464,-0.01518927509549599,0.013283333728245625,0.022469975864440644,0.0016834858495500256,-0.0017544940865766084,0.01447019788024219,0.004329162674571043
2020-09-14,0.014949824996241623,-0.018617708656918194,0.0015490866025055956,0.013493725522393255,0.003513616668016311,-0.006752189221861852,-0.020015761488549357,0.017790169535388273,-0.0009647984941529176,0.008588861526935741,0.0011932378739395633,0.01160843880192482,0.02507863594350961,-0.00393138068433385,0.016210839978938768,0.0019408125448897842,-0.022703202593716502,0.023122292332906143,0.00791796213886737,-0.02038341242603808,-0.040912457818912056,0.0434018998375252,0.029650021027023774,0.023254862327473355,0.004713501980048254,-0.01649125395099767,-0.005207094171101099,0.03568499901812205,-0.015255184095934274,-0.02609400218131723,-0.0009751808965107327,-0.008839628762114844,0.01216614913067558,-0.020493748439466157,0.006393342879254332,-0.012077411795865465,0.0030608559029842225,-0.02396926246475299,0.009591087755825473,-0.012445672800883557,0.015382524487434861,0.0008559965532253233,-0.015145095236635122,0.03809875521898964,-0.0016957707207797723,0.037138304205128224,-0.026958150913680496,0.02470103268067263,0.016394462816872412,-0.015588647150661907,-0.003877221147157693,-0.022114857629234264,-0.0054948616310326725,0.040128079362683255,-0.0039202247793558385,-0.027553941548743875,-0.03350972512787593,0.02269400331861498,0.012186835712045922,0.015224558759524439,0.034379482200534994,0.026576810573848,-0.008220176236431887,-0.009104379182331491,0.0031630722838747603,-0.009360738499322235,0.008363525191132487,0.02698541412103275,0.03586534482316116,-0.0021862204910901607,-0.023869905162876636,-0.005677242906866073,-0.00624522513312711,0.0223537363582697,-0.020545568120915885,0.050525501713239794,0.007190643362752008,0.03421705425021348,0.003691357663266443,0.004802830059731351
2020-09-15,-0.0055583039451411985,0.014845083303378213,0.009742735142955984,-0.02129335056369421,0.02123791974307172,-0.013002981478116498,0.01511205187895971,0.022992039689711287,-0.010483658609630587,-0.03111150503927949,0.0024201848639762327,-0.020937159169166754,-0.020827581770430485,-0.018113911820086172,0.03186187236330501,-0.06425907221030046,0.0014727778588047944,0.008634115706429604,-0.009155787057180384,0.031316411881882264,-0.0035643802513571207,0.005983291343769571,-0.013520704069279582,-0.01830798763694425,-0.014489193452634897,-0.014953479575232248,-0.0029740051128734003,-0.007000351809666132,-0.06051150279041814,-0.044029780468526944,-0.004568812946798252,-0.028028696921165143,0.004219933623375605,0.022693153753889233,0.0033900742031573684,-0.03312572944676798,0.01795787548056325,0.0059365345195224895,-0.033079215863181376,0.05183357966099909,0.028395664035198998,-0.008331358871060335,0.031272347924391417,0.02011627446624589,-0.03572659078592096,0.013651707295755197,-0.012690753950584591,0.007074334858689476,-0.004768092348288553,-0.010085562230533971,-0.015846900311250026,0.008096719146046987,0.010930416042169478,-0.03943197154535614,0.037814099523942615,0.014368350308841479,0.00246335145132546,-0.015610729098991923,-0.0038684226003393276,0.04009687361213077,-0.03190616774362606,0.005977403782435821,0.0012835575126027088,0.01956400139238529,-0.012765432850133497,0.02613896973320622,0.013647047138211457,-0.00890648945741384,0.009896603452929097,-0.03746486577714678,-0.004752170617409467,-0.007014306645569748,0.02593577980226586,-0.02815691447894936,-0.008124478704494812,0.001981859860967912,0.010867013041512328,0.009386583587668978,0.0026913115123745847,-0.04302909997882938
2020-09-16,-0.002937548833771722,0.010922463495895408,-0.02064748743070856,-0.0067078060976613185,-0.04664091656395678,-0.00904780227333496,0.03181142479602467,-0.0239561352389275,-0.03669489042779519,0.0005667312050371295,-0.02580736765159279,0.006723063402280497,-0.03224715261850747,0.012372170952205672,0.005622865053831213,-0.007714307380768159,-0.01911037536838475,0.01195322002555991,-0.007584190598531163,0.003580418284590392,0.004246522813357979,0.019236776648547945,0.015778352833257278,0.0006719933235002762,0.0010923382814768093,-0.022580536024857302,0.024732262352164535,-0.006584146758227258,0.028735087661461788,-0.011574408170947141,0.008716595249906915,-0.00782117986394995,0.023078231536229548,0.002638676578788293,-0.0034411503239510713,-0.025409984105002822,0.006105140362681017,0.007197978246859852,0.0005101621404006769,0.015560498750477561,0.019418045493455712,0.008878779576370302,-0.018074220685872572,-0.0007164401715585454,-0.013055520805274237,0.005490966753775332,0.021318178343691898,0.01582402062882071,0.017310500419098436,0.00438923867057521,-0.0056911477961616745,-0.00891634845308004,0.020674698453936755,0.007695717967322514,0.0489111367423816,-0.005772664438019394,-0.007022354815346802,-0.03555009810124539,0.01153514872946472,0.011772940121551284,0.009559862842762312,0.00520986751020161,0.007469863248864449,-0.016820374931936076,0.02405668178774706,-0.009212809453556185,0.027175302094654855,0.01125645810666817,-0.027899105892398836,-0.05165796582622243,0.024033171132140266,0.008979832715580423,-0.0026508239503701203,0.02703067955821701,-0.015770731321767973,-0.00018368581492083052,0.01309737369366643,0.0005915990461537981,-0.015340483043428135,-0.014238070136102593
2020-09-17,-0.00719754473004681,0.012909922449222002,-0.003759783624731239,-0.015040062020610737,-0.004761438255673916,-0.007474862360822064,0.02564036251895986,0.013608574813531817,0.001333712102368611,0.018577347263144986,0.020775125792290065,0.012021654762155283,0.015716928263123004,0.020407637483553592,0.0012147225116260895,-0.008166733612913674,0.01652580249244552,0.029384268794539786,0.020468669111290194,0.01396531072984191,0.015315610789605494,0.013173816278112371,-0.016258784531731917,-0.00016473870899544197,0.0049385582018337745,-0.005253069120443122,-0.00383831758371999,-0.04038731334817183,-0.04011992795988279,-0.02846774067735662,0.013481337062064181,-0.024965403548611223,-0.021278190744754885,0.034046431931962134,-0.01444902241368127,0.000161423315169532,-0.0077551378042145895,0.006332787728108923,-0.024165119184511252,0.03165354436430437,-0.0036006076642443674,0.028624118720100566,-0.0006433933892655493,0.017195058688422155,0.0062485402837467435,-0.03098627795497905,0.00740507225909664,0.006728324074099977,-0.00992268516781749,0.016099876052040198,-0.003008072763113231,0.026149542025623404,0.014869699086232775,-0.011072949168347928,0.004600541963017979,0.02690769559387361,-0.02672193019208254,-0.009007063585976147,0.03632821705545223,-0.027164536037383304,0.001337501489530322,-0.03703312953225722,0.015977820780692372,-0.028811397155367072,0.0039022376930688773,-0.04941808533869285,-0.026382680548916095,0.003372778051620357,-0.0037887682473276103,0.016235268635811536,-0.01075192346242801,-0.020518471776448152,0.009747934360991672,-0.0035319242227568972,-0.02448311984639422,-0.03899407985144734,0.03304679794284465,0.010244673048629235,0.030211368796007717,0.012911966419129004
2020-09-18,0.003499894543265206,-0.030571864482338347,0.00952315825650232,0.0005829980096241708,-0.007906226148021375,0.041643140131054725,0.036850702789897466,-0.008200788280975143,0.0007191749428420696,-0.006306959578765108,-0.005703170603105568,0.0201422885796327,-0.007029672723223399,-0.003845566256228907,-0.01897403069326334,0.017926203715573196,-0.03221388589834491,-0.0010929388952894067,0.007155101668537532,0.023879645463576887,0.0031143463906088175,0.019687249391640557,0.0040054267111963495,-0.011874510866327442,0.026229368723238194,-0.026313203706329707,-0.06070465615903507,0.02928675774662591,-0.010217821407560373,0.022685493246726435,0.014570335504438528,-0.0017044628134498699,0.021086340724024457,0.008098915897233673,-0.004191858308441466,-0.008532917409777366,-0.04238926428156408,0.010653268298902988,0.005886421175309158,0.011594548371125748,0.003186663258238605,0.022571522554755342,-0.0012777630661443906,0.009131877395878394,-0.008286261955796436,-0.011879806461086977,0.015019915689194517,-0.03434786837564666,-0.004276465419044549,0.04222597644904586,0.0358875854639441,0.0001142289210520307,-0.019483429258206994,0.019637871328875556,0.0027764974986932383,-0.003321355709331983,0.02754637624406953,-0.00213155482050597,0.017103685808446924,0.030111501815014746,-0.00721811503978726,0.026100032819049435,-0.005374154541966281,0.023356993895418638,-0.010372014760616464,-0.0027718695195949345,-0.029192830576331166,-0.001558290645867309,-0.012645311609007432,0.023646845044365615,-0.020940625813998737,0.005492036079896833,0.020493944809572194,-0.019096744166841272,-0.013772503444347247,-0.004513270309731609,-0.006414546153403545,0.013702653495560475,0.029586805492112043,0.031893773426137105
2020-09-21,-0.003765520307878121,-0.013382438179080473,0.025739049712133047,-0.003457243527715658,0.020246048854924998,-0.03274072283914574,0.012535865952509776,0.023373529763893203,0.026716602102791566,-0.018053168663133706,0.008094950106310072,0.006963976569288967,0.011417831727366103,-0.01405083259103252,0.009460159099348102,0.023971473417325046,0.021628130887849664,-0.02136407662908634,-0.02587251072164588,0.026656034609521977,0.012185702328317194,0.02085493265682686,0.014467072670949474,-0.018306134302534933,-0.0043321882605710195,0.00042416618069221723,-0.0015230445302492352,0.0019073430452324887,0.030565882307499695,0.0028491784602101373,-0.01737471435190511,-0.02672922764079917,0.01548878657874895,0.03559047611497559,0.03252544224140992,0.01689185517037745,0.00037665079412900845,0.017458169418746953,-0.013542626080943705,-0.004924790101230004,0.038795342993238155,-0.0026136252190230333,-0.020067055077263904,-0.026307878517098763,-0.007810568675562364,0.016640224752753997,0.007779103878675621,0.023678107468313545,0.025200603675714743,-0.008548131730635417,-0.017677799139380886,0.006300826319976602,-0.020277874075091122,0.01651844552882366,0.022051939812319996,0.011072200007928688,0.017471460204237718,0.024753566816917316,0.009632951641073665,0.023587058351064262,-0.02132149847045747,-0.05604071373716381,-0.030562515967446233,0.01570156955122573,0.04196479119737062,-0.007102029397463717,-0.014030004264892546,-0.03565760106717067,-0.021726881230206052,-0.01158287676446352,0.012665334554069803,-0.01979065821154307,-0.008573454453372105,-0.005624345221907675,0.013323488086464408,0.021528301236832494,0.0013338095708392004,-0.026503899380546616,-0.026939641071422896,-0.007782458748150643
2020-09-22,-0.0017139744518174078,0.005217494865805212,-0.006691011127823289,-0.016738504752850613,0.02592072942579403,0.030800395303151238,0.004300695584510492,-0.025286004572693272,0.008154610176675122,-0.017100662788476197,-0.015619505856885743,0.014545587518743188,0.0031115022551711402,-0.02503045588609062,-0.0014916046020702846,-0.006018354264906985,0.012157606662395197,0.034677662767572164,-0.0036945182395896697,0.015016642186936312,0.009757336673920189,-0.019038576953525062,0.00918143115551598,-0.04258793586564076,-0.013718518930696665,-0.01607278479469963,-0.0047385242189269695,-0.0032943612322685716,-0.018454248904942502,0.003084165884429333,0.009019587542407326,0.02050435683110352,-0.030449519568201855,-0.016994060811981876,0.02436878437662682,0.01944783634610651,0.019255093172991292,0.04450329800456311,-0.03875569772647477,0.0038638508921436977,0.01923679443343226,0.020126029326494446,-0.033419006159730674,0.024678078859734533,0.006576181558863303,0.0015058074709934153,0.005129419291664984,-0.01433912745026925,-0.018919287205541348,0.022234765301636168,0.002010434715871334,-0.004156947409792377,0.017282825226106874,-0.012190683627213586,-0.005681560117910866,-0.028024083279334613,0.0004566770157807837,-0.01859701990742793,-0.02893281441701484,-0.01430346808024286,-0.005544141105528284,-0.00646700819343856,-0.037463456609673935,0.0024733757014575894,0.023319089380062698,0.006707399995442695,0.0017149666655667524,-0.014258560327413756,-0.013139044692826458,-0.010575014357589905,-0.011626350331783046,0.009390695995244534,0.01379070800007702,-0.013832051338658308,-0.023722180550524,-0.012061256879510651,0.019731925809074975,0.013256553696952287,0.010014776855378682,0.021565890916801167
2020-09-23,0.02035206265620364,0.00041100723620493464,0.021112706002045394,-0.027548890754656045,-0.009028743442690796,0.025591059999531054,0.017614290619207336,0.005749651703207246,0.01862127444193277,0.034724438003503645,-0.011060900154338717,0.007096803111405949,-0.00424088624733982,0.0005452901526894935,-0.020066509149080636,0.0005140976405581424,0.011405054470872492,0.01971703558003011,0.03667649457999949,-0.019753166591968834,-0.022376930362627476,0.025803200475319865,0.005207347776887226,-0.01556282937823156,0.00768123838893113,-0.01929907726112302,0.012329926489584794,0.009250441635094446,-0.020639487572344694,0.005259109169114298,-0.004748672088723591,0.021555363709863152,-0.01953272657366622,0.004147704744744411,0.02795568383680087,0.0023823682139986653,0.024930591974251026,0.007956476301033796,0.005008394148025562,0.02554649797720196,-0.01095426989263971,0.015272200967173268,0.013941264751268143,-0.01697070957009208,-0.024738878266232837,-0.018225124240617153,-0.005183125771801312,0.02574116624238584,-0.022278519070543106,0.008745154413039224,0.011806969579549019,0.004110052692434651,0.026161369365259445,-0.01089102275916529,-0.0026814368452935224,-0.031577067531658856,0.004650243786649223,0.006642443462136459,-0.0041219507315562,0.04862085467198485,-0.06322263314685218,-0.008885199275286098,0.004907524063445891,0.018094889408831815,0.00907390530804056,-0.02218645380533176,-0.00028299290246590233,-0.041679339917937853,0.024756541966960165,0.006569471345075846,0.05857984515381719,0.012003208163258514,0.00741143339858853,0.0012220401034376035,0.012524723260044958,-0.016437979252629603,-0.0012828909604145782,0.030562238773029184,0.04012994261077443,0.02112635295549744
2020-09-24,0.005920027038669339,0.01522717398408455,-0.01954545433658549,-0.025764303166316782,-0.017038112310399686,0.007098339094324711,-0.006037339646391412,-0.008310137511243786,0.003974390367809671,0.029901874200335708,-0.003915834022801104,0.008685829226314617,-0.028935813076597296,0.020257811480747453,-0.010943492082875355,-0.003023947713942431,-0.0236201001686189,0.0025752747269686587,-0.012146538208353944,-0.0236192723569404,-0.007684452296634767,0.015751068136100953,-0.010831326512354647,-0.028537131643126126,-0.023123925483224887,-0.011687123201506984,0.011451762726521082,0.013264697784694631,0.01480171610045365,-0.010285858590433794,0.01587465178569225,-0.0415153949442697,-0.04335124611509112,0.006875319304484911,0.010923789897607014,-0.014028714584228219,-0.026233533952368077,-0.003127947921722494,0.026840382905225925,-0.01651111331735504,-0.00825589752404704,-0.01910761257568875,-0.007755193182817531,0.011200620903897548,0.0013434096958948646,-0.008726322143895184,0.023040784261763144,0.006958376115722246,-0.024176466197929895,-0.011014692843290144,0.0007520300703124546,-0.03163331843785397,-0.04293222725920666,0.043516122393373165,-0.0633849050660573,0.01910366905823214,0.0031476746123231016,-0.015591274107019383,-0.014993832672578922,-0.004890498588017432,-0.012863009401076859,0.011740548079463824,-0.011258271194131255,0.015462905331165103,-0.005968711087607479,-0.004611641767454571,-0.0026271742719792246,0.021539347238234457,-0.00015080472128535915,0.013557923999011257,-0.021672952024686134,-0.0221824503906245,-0.01883041467855209,-0.01817018401510313,0.01832914961986434,-0.004054681421341972,0.002147528064036314,0.010129988497659222,0.014022882313590522,-0.0014180660422684673
2020-09-25,-0.01833340347952403,0.02127175970772326,0.014243721733648143,-0.008139306081662058,0.0026873192715082734,-0.018057194562177067,-0.0010385815145655549,-0.012549482907275063,0.00654167098658015,0.001795031188235494,-0.009806568886852125,0.01148328416727703,0.011732497652336433,-0.000996366618120049,-0.0023677567468845615,-0.018468312499807096,-0.007922694407311286,-0.021229952824123748,-0.007757876498684405,0.002945597115349579,0.001014145077273487,0.0047559472627811865,-0.01651328969374057,-0.02347108988526552,-0.002592888737764658,0.04148242979137949,0.00041690032478294804,0.0058848798536419115,0.011694392650194414,-0.008239364965448897,-0.0001257688508946748,0.05116195703283397,0.0071237519181725,0.03464336853187176,-0.01935029666647345,0.00876544350433209,-0.038074497189894425,-0.003188126874900281,-0.02464127942844848,0.021797373006424595,-0.02725100099237412,0.00421892032449318,-0.031088053602877058,0.004929351186065496,-0.020018256798293287,-0.0012751361173409356,-0.01549066398933474,-0.02660571432807447,0.021222537888238274,-0.014835497821651587,0.011764560066864384,-0.026894938392521203,-0.0018982430298387094,-0.013029460473423436,-0.054086770720956655,-0.030830006470793397,0.028090581239638965,-0.01813620092163554,0.003204315221452602,-0.0073237943616631255,0.01689891652633712,0.01990254509949273,0.016617527458401442,0.017124833660466802,-0.009993733124130178,0.036018001029465604,0.0020460064951685563,-0.017421496367727815,0.004921301941826319,0.01532400362317895,0.0020746583930542147,0.003446035292137928,0.003005255256659633,-0.015146021034463157,-0.0050929895033162255,-0.0022605019973364407,0.02233699845388667,-0.02062960383499182,0.01834361173285565,0.022947236764831715
2020-09-28,-0.01952460339693845,0.002311011004156113,0.0009267606148210279,0.01744719090284934,-0.009026791642024549,0.005941334699206373,-0.015053938375079824,-0.019273625643756648,-0.004452326937004209,-0.007086803333609582,0.0017377027975562318,0.03551693789582391,-0.02185403726494172,0.04688838775527592,-0.04838258276151512,-0.007653902821656071,0.030334895950676344,0.001794211382386329,0.007925550797737437,-0.03210340884883065,-0.010146903919680721,0.031244884212765826,-0.04069745129681066,-0.03415503453913076,-0.01564112244387629,0.03514628661952153,0.0011740533577968633,0.02008172267725613,0.027819586483146877,-0.0025344488203768705,0.006677167681154464,0.04366447502403724,0.02027090824571889,0.014459345059028423,0.03833811493359017,-0.030182130135413633,-0.007331083633473726,-0.0014027433091884493,-0.030323543771676106,-0.03577053178534545,0.003133436350451243,-0.0006864225724010467,0.027709002738377668,-0.04015447323796101,0.01035199326875754,-0.025992545475188915,-0.002154498520175891,-0.01923672235773636,0.001284813647467276,-0.006791606392949935,-0.01857269883040577,-0.0036941506589805257,-0.020293462802195458,0.001832773159688451,-0.0025299044146120052,0.022524759075794307,-0.0001686412050866281,0.018985107198595603,-0.024523162599390993,-0.02558318180226482,0.008725766604593357,-0.0032066142666158214,-0.0007369661132927223,-0.030221088172680353,0.012400231715416717,-0.013604079833482703,0.001840614832709374,0.001749255005428594,-0.0031646578489243756,0.011329928314550246,0.010891265276560074,0.01039470100362219,0.015038103151481106,0.02384568650373282,0.029263284348920764,-0.016626113579737648,0.01849953214553834,0.013846672341470235,-0.007450540791019667,-0.009614093109446536
2020-09-29,-0.0032905502716801846,0.010257911909005867,0.013011892076952187,0.009205166581888342,0.0033444201760249575,0.04490085157407714,0.024310517460796363,0.012507737851006923,0.01696344500239165,-0.014925972761946335,0.004835337797686199,0.026882113875089098,0.009752353504675954,0.019948418762487014,0.017860087363994245,0.013238791681415991,0.008998177776624556,0.020427953676807966,-0.019912848144883203,-0.01641170591707889,-0.0005146758967849504,0.000951588343055756,0.05803274971824711,-0.040530333809333276,0.011037101422218826,0.004126422119259845,-0.017168011828403214,0.0075909547926273245,-0.011063794222850616,-0.000545731079736357,-0.009049485923377495,0.028075727595338013,0.005362964011709866,0.005834443652457845,-0.013965487289941528,-0.006415293878899917,0.018709986841853037,-0.02123822091100956,0.02795742221939847,0.0033411268594355863,-0.013450759188497639,-0.01995341187611267,-0.0008234823960020907,0.014972685936179371,0.022140230825713286,-0.0009801065569392182,0.01865965144046023,0.012354556607918524,0.004309930384065123,-0.015960305355518952,-0.0054722334147526246,-0.01314195447396208,-0.014083978876383667,0.02408645049782307,-0.007038450068841562,-0.003503954644871889,-0.020725680778248816,0.0011285773128117194,-0.03269893236852276,-0.01839198989038978,-0.010068346046089185,-0.009811958583600741,0.013728156220928642,-0.019387446567405212,-0.003394941150531108,-0.04275705259265811,0.04063284263038604,0.005111164633011486,0.02947455056300293,0.026614780990114727,-0.03270948091630186,-0.0206027675108594,0.02731845754515775,0.0006530050604969128,0.0077694888676722255,0.015250028271504823,0.011908841031281652,-0.01891154012937201,0.02149668245598467,-0.031149733686751828
2020-09-30,0.03281707884213229,-0.005913278327790733,0.03585969033371767,0.00912488447292532,0.022349227494909987,-0.00618978834922001,0.014706170645124214,0.004080730069615946,0.009832908837565853,-0.03403047936293173,-0.0037100705807238156,-0.025103962298316615,-0.018105123195528865,0.016680551374526616,-0.011587149866903988,-0.01919214624423681,-0.007230264542137348,-0.006383289664363373,0.0111624802616679,-0.005698616372863558,-0.02500857090081188,-0.003528141072566554,-0.017401753671872616,-0.004297823373268155,0.010617911855891655,-0.026354218414243683,-0.0012072035231546956,-0.005425236254872547,-0.012217448286322215,-0.009768250235367064,-0.00027422235572096426,-0.012824944623076375,-0.01700122557038629,0.01124963896259692,-0.0007562001008879646,-0.016848616485470078,0.009922716625713845,0.001262488689472819,-0.016647446059748033,0.010897166519553912,0.014630452673578136,-0.029904273352345957,0.018719674926076586,0.003022921810605614,-0.001664663612069893,-8.052523098976966e-05,-0.02833563242856821,-0.005924217251101176,0.006212179958650392,-0.0005578350976825737,0.01755220359964951,-0.014292690097868422,-0.01112790170851195,-0.007939190828845203,-0.01552895334956664,-0.009157653292975304,0.024106295730198686,0.0024289444773847773,0.021860949693559263,0.010953220365218593,0.001158504562368999,-0.008216311997838071,0.031133631660670572,0.03182275587479707,0.013923326483446788,0.02535981379154382,-0.020874352703082254,0.00443416793675536,-0.01411383743301222,0.0030833982185725366,-0.04108653922949766,0.01445819248145493,-0.020126415709783158,0.0027562362228921757,-0.0013368412345085097,0.02457451352898358,-0.014305516855719578,0.0012112333117591926,-0.008599321132788286,-0.013591224053005778
2020-10-01,0.003075115337847526,-0.0033562986578206454,-0.014355662259843246,0.029045137901649073,-0.006064813008245245,-0.017230333970758578,-0.0028357992707064602,-0.017624880279236407,0.05427023930581494,-0.012453163740623,-0.02715264889897814,0.01697747660570095,0.018686574934519952,-6.351713534262688e-05,-0.029254346708545983,0.019931625905492446,-0.02128755528475928,-0.026789843259400717,0.004391427122821537,-0.028010447820614248,0.01974474476838514,0.0035150730337617083,0.01173099810866437,-0.012692552938061319,-0.046190697148051164,0.0074734816423205576,0.00029006983346561467,0.013850645501864748,-0.01569858291288205,-0.020091750047779983,-0.0033028720344736376,0.004440397281288298,-0.0005380555312882581,0.03352493007188661,-0.008232301570337332,0.00046023631616477734,-0.0019245235074018918,0.02412794751403327,-0.05019044818118434,-0.004093682721021742,-0.029904392692806297,0.010971251405557658,-0.013129628935039866,0.0362311206439972,-0.03207235134770209,0.004309869982369786,0.003932474877090204,-0.006769758736720789,0.0009218427628143248,-0.014798740464926631,0.0076240872115014135,-0.06923718997706646,-0.008185831987274031,0.020442455770351312,-0.0063126172391214635,-0.022966922697129397,-0.006579650185669039,0.0037506057947996924,0.0011938504702656628,-0.01009850862610056,0.018307359968023223,0.03947365379256011,0.029961612534437562,-0.00035355377832615206,-0.00371736768259645,0.018774317311455246,-0.0010570815025903225,-0.015640731358888355,0.03277896439227294,0.01443496054810622,-0.010657149954115491,0.026304895297985326,-0.0032055286239889296,-0.0017465056390568634,-0.007291884512429422,-0.015832311829402312,0.012421530704314272,-0.00123036829003985,-0.001653345604581156,0.023149165700813396
2020-10-02,0.008645898888089504,-0.0020043711787093065,0.009622221815123361,8.364162595721203e-05,0.029309853714746197,-0.016723388389814246,-0.007997612564250791,0.005604962110722051,0.025330083900313455,0.009570645077801556,0.025045509550612303,-0.025459866644625434,0.01770473227299957,0.020270522701819713,0.011643339934746958,-0.011125581297408206,-0.007147753293264645,0.032644905177977315,-0.01556017824733107,0.025963878233932217,-0.0005895623004387451,0.0322945860601377,0.02983838864117395,-0.024886178303789724,-0.001432931450263279,-0.019814299078686752,-0.02462051844497047,0.004236025682491316,-0.013559277409017944,-0.0035118589068565413,-0.009500604109906788,-0.035842661783007865,0.004532864534182903,0.0013479452436606406,-0.011988796448960122,0.02231399015641182,0.014803946303242157,0.004564392162280133,0.037997761816000834,0.016419636321582304,0.0126762497101577,0.025738207435420414,-0.037817233848572475,-0.010849107716347504,-0.022503634817308896,-0.03719591580079082,0.007745899868162808,-0.01571054774031714,-0.022257454733873683,0.008600620553023346,-0.013524011086703772,-0.008903005181367893,-0.004753749323685479,0.025714170835962932,0.007136211889660737,-0.017769248412399675,-6.831390199007023e-05,-0.009131746018791763,-0.004683861861185401,-0.00842418630891306,-0.025953620814191898,-0.006652235231648796,-0.003074337794394762,0.026751105667317827,-0.008964294455164022,-0.008628946253907595,0.011697781703872945,0.007961394609421937,0.01320081411081876,0.008854856903144935,-0.018821282943665082,0.02386786663537911,0.0023008806525150177,-0.031141604417608836,0.009044728101484177,0.009041540946355363,-0.011205625018137535,-0.04627325915658023,-0.000844624368483981,0.040898542567117384
2020-10-05,0.004667583284261048,0.0032124490486629812,-0.00013472744781409945,0.03492240244314798,0.002067242511503916,-0.0057498592473659285,0.008123081166905466,-0.003459326504793716,-0.005553757667546537,-0.001981442419962367,-0.01742417958066025,-0.030342067343662182,-0.010619192943085186,-0.007244833955147593,0.0009766224961681943,0.012138274205740962,0.0030556473420047105,-0.004075751388335023,0.009531682939667864,0.0022021517151265776,-0.014026562002763266,0.0050114497814974296,0.025156395593959748,-0.025261177869785843,-0.02646967509019423,0.019737139090695403,0.023834678457294988,0.008380787074826838,0.010137393877983647,-0.0020293762854631018,-0.021446337273872698,-0.02671983580143444,0.010584459953714924,0.015644345148094322,0.009811270630679386,-0.0036131709979407146,0.019582580850441095,0.025162026998657834,-0.044270636699656085,0.001988495806194764,0.011684205590694772,0.014373580934486638,0.011658496069874888,0.00594428750487974,-0.01606714587698238,0.010770759051409185,0.012643166828673596,0.050834951390814016,-0.00620298798572459,0.012309950047504955,0.004813663724489169,0.012706922283371697,0.009388355723816213,0.02123737935760399,0.00441921682249133,0.02857982234458841,-0.030360179588438983,-0.010547142619129703,-0.021216953306380244,-0.017391285789148,0.04934335365312044,0.009799171549385989,0.024940807107078165,-0.026197469167085485,0.03443899233448457,0.011344405248791085,-0.04282395063362755,-0.00471142912189061,-0.042855994709295527,0.015603772145144218,-0.010571992009087186,-0.01528327411007785,0.024941911934470113,0.009318041739501758,0.001020802610983938,0.002061926097314889,-0.00016879773907592157,0.011013955055029343,-0.042501575677007714,-0.007078667270155168
2020-10-06,0.005082128971496173,-0.0004850275642142004,-0.03377352066499792,-0.011494675537971774,-0.013424127892150434,0.010984416499750304,-0.00672070456752148,0.019536844007144845,0.04164277865483013,-0.020576696598193486,-0.040365203066580556,0.025401722953601897,-0.004941729934065753,0.019778458342841462,0.0005599909038912585,-0.02555209648112119,-0.027358707721826848,-0.001091865322254274,-0.009691530870101247,-0.010773853629362538,-5.356175116264537e-05,-0.019359256789235925,0.012853530575291424,0.010704772508627954,0.04089360549668156,-0.018724426948521534,0.0015257622926842843,0.0054118542795812095,-0.016083918050089283,0.02163816826836768,-0.03232015049945354,-0.00020813330620546983,-0.008974617729204085,0.0001572008190229118,-0.0020222739070191813,-0.0024966934357618102,-0.004467635785532533,-0.004695571142049427,-0.027170723722581093,0.00573122616288472,0.011297409502135331,-0.012693476413510396,0.0033810479926956994,0.008388619299026573,0.00032798605235650195,0.008384029891292192,0.03573205963539068,0.020069984993687742,0.013807279637122067,-0.0389428821853181,0.004814480389411335,0.00013747523228342198,-0.0024581404775572174,-0.014009062013389695,0.0266152546119587,-0.013547203833227753,0.006794356612406385,0.000981874980515473,0.025053125122347017,-0.04247136254410662,0.01538922149671666,-0.0022642114039586356,-0.001336739519061821,0.018478832450447184,0.02898823126914528,-0.024624853547433476,0.031367381818838275,-0.04088115068090724,-0.020554013108505336,0.013728258831399269,-0.004066880343810731,-0.052018231792784024,-0.0159593801328188,0.01876395731212519,-0.03820168937976978,-0.02207659595393889,-0.007056276786118001,-0.028142964050898073,0.017576905802346963,0.011744612067615014
2020-10-07,0.0043044767755955615,0.00983101381609672,0.027739920355467962,-0.026497757561698643,-0.036528731927135634,-0.016699554446823483,0.009594640515656908,-0.01159392856362925,0.016199096615703557,-0.008583892561741002,-0.005017683591647386,-0.02292183920906191,-0.0264423588288748,0.026375593702935785,-0.001017593032879621,0.0035391849947966664,0.0071904632056064436,0.015250211615279941,0.0020064591151229224,0.011379287696726682,0.024088159122612935,-0.009890541689045584,-0.021925215347057072,-0.03468259250892026,-0.00889771248087162,0.013710764233955204,0.011338182495365896,0.001458894771703709,-0.01082867937573724,0.031847049505396345,0.03158595819276862,-0.0068460935793910474,0.034246432683964136,0.02197754392165536,0.003298202765222337,0.015375591098902627,0.03067344688533649,0.009774294537744727,0.02037969583408559,0.0017321753545971508,-0.005398935117596664,0.02294812309067072,0.022178491496592585,0.008564832247006028,0.009135080888965147,0.0025527932518095166,0.0041015127365829586,0.02273831569509069,-0.021725958092353146,-0.012127011988720002,0.009643435197999614,0.03178662361580954,0.022533669349832936,0.0008132892257295998,-0.010234595208473356,0.002099926803514328,0.0054003161371793396,0.008619695130014407,-0.007083846903747209,-0.03497277317498777,-0.005164860456567379,-0.0121694847425863,0.015346563406624238,0.03581171075448377,0.001833356011886588,-0.024556997723316844,-0.019697074079584008,-0.005025931127319119,-0.0015571168044576345,0.0033888623664343255,-0.008219792860175273,0.0016494659582436167,0.015847572567952623,-0.01583175853210828,-0.028641518865488293,0.006137212359990718,0.01787833786794548,-0.03427974382849306,-0.012606260014710186,-0.02256332891683225
2020-10-08,0.00122913007079319,-0.015521229060886186,-0.013678132174291174,0.006643284723368484,0.009366194565518871,-0.006438059813774236,-0.01745448639057612,0.00035178661625177767,-3.881546326331455e-05,-0.025936881755884756,0.004038798066709637,0.025478934589498948,0.0024670958441432747,-0.002661688558413745,-0.042046107826898806,-0.003364844070610394,-0.014555186029828856,-0.03694800121711154,-0.01479847457031017,-0.002381716848546369,0.005947050856551058,-0.010647113405323497,-0.015072767105492298,0.045815438593809654,-0.021057978803531736,0.007729476698302027,-0.006541997972612242,-0.010774473672691774,-0.000646422822113486,0.013478478620354666,0.01957666231886255,0.00047911344492488267,-0.021020862224092444,0.018569842851526706,-0.01123206173436724,0.0033328109526228086,-0.022456667970909838,0.0014640072094511834,-0.003320017817060282,0.005881834055774799,-0.018165088207415265,-0.010447866813368479,0.004844288692121795,-0.01515627927769857,-0.016572986114105487,-0.0011588863637115982,0.03118974452265397,-0.006081675490417226,0.0023674425307198387,-0.004739583534328947,0.03779568942852251,0.0005152093712639691,0.007071686204669398,0.007863750802580638,0.025894320980135572,0.01684483208293723,0.010807310092392036,0.015869127576030737,0.0101898356478238,0.0034413045542020433,-0.014778423291294158,-0.0078003286814565045,-0.008682786530373379,-0.07143680732591243,-0.01997433727504135,-0.00487673641087251,-0.01516943670556085,-0.003157184026732211,-0.006540835656070578,0.031948649467851115,-0.016006860428771794,-0.05071744687910381,-0.024471741247132767,-0.014991122851373275,0.022614270810031527,0.02684974270531646,0.002360993360181948,-0.020034280087106743,-0.017582615017138467,-0.020405284186937253
2020-10-09,-0.0286557440602234,-0.019928181194326468,0.03633405237741816,-0.022562531238540028,0.013427360738345316,-0.010789021255474058,-0.028414373626883416,-0.03427405617534565,-0.003185978292825036,-0.024319379996472244,-0.031167128894410402,-0.028122848839658023,-0.01448442627661858,-0.0014481029463579442,0.0010278393794968003,0.02583995252252113,0.012126430667326325,-0.012288309605224243,0.03880508586963824,-0.02387437564537454,-0.005082174231967173,0.003292770628994765,-0.012037078793365187,-0.02153823596976934,0.014134860533108093,-0.002908716263269096,-0.015455971542005727,-0.001586919457089061,-0.02455403841881806,-0.02931137219269892,-0.0056344774557639385,-0.017037150271089183,0.01847372674490062,0.004659777155924994,-0.020616010161484462,0.04022970772885904,0.036309451993391736,0.0089901127202622,-0.024636154024629695,0.02905545613454511,-0.026186565884916108,0.021180220597559286,0.011745798654307344,-0.0016419592336499808,-0.009453570244437652,0.00777340127921301,-0.011081741773341196,-0.047237776537739994,-0.011286903779330478,-0.011214792400562262,0.004814282166096861,0.012002251099897816,0.03830377454879164,0.020881571700690552,0.009034481192629768,0.006895498589564001,-0.01613665168613268,0.008492134858089497,0.012978156934912045,-0.03349772129865919,-0.01761959739586825,-0.010213495214254352,0.021317945877208623,-0.00016696351196450427,0.029837613788791156,-0.007968758706824793,-0.0020962479414508442,-0.01911379540238465,0.0034144021992782896,0.05210448185591115,0.03623227761044414,0.03032776516849319,0.027792893818594292,-0.00907819525027182,0.005324975287013513,-0.003337745625358508,0.001803630051568417,0.03130252021285991,0.016890453073792406,0.02609417176831544
2020-10-12,0.03358844509608135,0.007268297598404352,-0.021437458350681147,-0.001027932817342969,0.01746083063672595,0.02005170282543639,-0.0015410571035605006,-0.015092697134700508,0.002517503881292275,0.019117790074744744,-0.028577132277868702,0.024618241817642727,-0.018982352565599766,-0.022542651673636872,0.006467877101313744,-0.0013273967842010856,-0.023318400059139214,-0.0072278328113582965,-0.035413046198445486,0.012848008450942281,0.021736360601377812,-0.00890166571246528,0.033992329142780824,-0.008274647850037089,-0.009702234034252839,-0.008917627472096021,-0.0021825392376395663,0.01674105776395641,-0.008945828704637643,-0.017705846231425678,-0.00010307671266125403,-0.017672974352058755,-0.0244416548047273,0.020179085595913852,-0.0013874982132331978,0.005357066037609686,-0.018940848516536615,0.007632776358729252,0.010868084125353185,0.020677352256142725,0.0123812630295081,0.040555907131120394,0.03763568038305903,0.016158530404658193,-0.015076649332445605,0.026348336822078315,-0.010879646501406772,-0.01306432901545418,0.019215425533785302,-0.008112244007006475,0.028647213916871108,0.0027865083331570432,0.005129564323581343,0.016509642794501546,0.013036855296838417,0.020871202399582695,-0.018867568828442368,-0.035230002766170485,0.00547982876783785,-0.009599966186698181,0.0041858372197221515,0.009744052879858656,0.005171860304132702,0.0124611980712016,-0.013858292035527148,-0.03424631203020721,-0.020407492799416997,0.018835945349475768,-0.011309373337365033,-0.018747823782256427,0.025357296413875997,0.008616917811442991,-0.016073298994673052,-0.003668694863469081,0.012967337984272829,-0.0012835695732589482,-0.011671315131782115,-0.03680567067551233,-0.0005132796709368803,-0.013774026535398947
2020-10-13,-0.020085515507197567,0.012115290499398535,0.03335901376562295,-0.028348060635798686,0.014554528275464816,-0.024249490181684246,-0.02610109747808023,0.015178620934203432,-0.0250423710425105,0.003030156629281607,0.025583515546963826,-0.014055543319840071,-0.018935681274923927,-0.029267872570104582,0.02308712572304851,0.010607886118495056,-0.026092919972289345,0.021289124162812704,0.008444949975167083,0.04246641026562038,0.003411511629540445,-0.009370398585201039,-0.012847683397858,-0.00656115660121746,-0.019356336302083405,-0.002694350591570866,0.003901009975836527,-0.00465022870303227,-0.012519246111168671,-0.024215756640899644,-0.026152114117202016,0.007748330911481644,0.004175527362901448,0.00551857083730699,-0.02548438580867093,0.035333484068622995,-0.010830287761895794,0.019091017084603656,0.014827074016935655,0.0054009839360410405,0.030352977250914886,0.04785849633121534,0.018211162632823498,0.02049463366758193,0.022696507914852473,0.005624942827387097,-0.038975846586975525,-0.031894747041415046,-0.041867918966549345,-0.026410340572253426,0.02118123966940299,-0.013946160617909984,-0.01354038313313728,-0.03484949063702208,0.00917230615483075,0.0051182075932397824,-0.023161490488686872,0.0002965790221835167,0.00143068743407202,-0.0013998053166350722,0.026227028304623617,0.002797299619519415,-0.0061980364055284985,-0.018849629588600307,-0.02643951485096398,-0.022787978515327257,-0.0029746803084538553,0.01854899356526985,-0.019872893287405487,-0.05027015255774115,0.03166094246220891,0.01772303786169639,0.021016967573259687,-0.009650209237192429,0.0038721975268048697,-0.0061677778171066,-0.001472668881869889,0.0210726990378175,0.007222504386358401,0.03891450030762732
2020-10-14,0.026767706408776314,-0.024149480259227633,-0.01720846968406184,0.025900047854114313,0.009687980146706295,-0.0131883438863221,0.0024300916926570156,-0.0068557728213615166,-0.016544885326536432,-0.017436033601330406,-0.009665667885951735,0.008691570019308367,-0.02811492551780776,0.005370718604891495,-0.010200763490286709,-0.0019593146419351103,-0.00015549888905950357,0.002868463750691685,-0.040457523144581786,-0.07310173030208211,-0.015995958754406174,-0.002894647978370722,-0.05848856995256847,-0.027165651388706982,0.010458390186487402,0.010254641856202956,-0.014951076053142111,-0.03203993166346211,0.021640156994196268,-0.018769612626511528,0.013126448075971565,-0.009824124160950133,0.01110705993680804,0.04710182756186476,0.017603616263494562,0.014277234547342699,-0.008611084844963613,0.01544793053524139,0.0005789302261692958,-0.0011789185075838317,-0.02203024085922521,0.0021695257742775343,0.01777673272699147,0.0002349304748335539,-0.025376065992995127,0.01261718723005406,0.01534039357277646,-0.0019882329346612307,-0.010271990863552807,-0.01841634946208127,-0.03183731753638334,-0.024575677853527763,-0.015144907897626122,-0.04260745662573919,-0.019910668967490032,0.006911566127893865,-0.0034416549027347265,-0.004052808261887843,-0.015163835464837414,-0.006503761401225639,0.010755752943952472,0.019815252650377688,0.03324511005547236,0.015766975945167974,0.01199544029669808,-0.01461002760005487,-0.02213234160882304,-0.009217841571826186,0.03405019946367443,-0.056518423152296576,0.01698889907644453,-0.009120411580513084,0.040013338098661456,-0.0032641772477605686,-0.04503623468897464,-0.01589184355462328,0.03519738992542627,-0.0006094128036752506,-0.0038699421588045124,0.03124714540690403
2020-10-15,0.002689489517090163,-0.009317093786274813,0.016295667718687144,0.05222839086282475,0.009572821297315548,-0.001198166056090088,0.0005321810869735046,0.015287357879976494,0.013672183871329048,0.02781040445951682,0.005227314842271474,-0.005806065374703814,0.0017715625883347054,-0.02203799945977426,-0.006073763793536753,0.005498042261644432,0.009487821303121141,0.01605249520156956,-0.027373421370401156,0.004460605151702683,0.006592510623494807,-0.018200528930877317,-0.03959545896373164,0.025710874469045596,0.007692597305196573,-0.010824506705473073,0.02096392759811085,0.028050415220190326,0.03571250639245678,0.009249091947924414,-0.04930031380163007,0.01456218993524846,-0.015024653596965863,0.02528286467159694,0.02043748883726585,0.010102624558507488,-0.019793896150581913,0.003965046040354861,-0.02064425167379529,-0.017089865311492067,-0.019407626743027463,0.006973854654749199,0.012899706782864825,0.015675423256370412,0.0022890705627601825,0.0012440026541587774,-0.018157808094443516,0.012592537094717174,0.019538603371035555,-0.009848194826046094,-0.025824955102158712,-0.02854634825418825,0.030534105118787833,-0.022000190633142132,-0.021028812913882967,-0.0054586347244447294,0.002550647292450416,-0.01617281380442832,-0.009617711647143071,-0.012907119129200562,-0.003872806848150308,0.014555849230467465,0.034823177307472086,-0.027139861348017755,-0.014943910513930481,-0.03235804819048672,-0.016955116215403788,0.03981957766294528,0.006888051834481588,-0.0010815141776587094,-0.024007259454910338,0.023395868917446605,0.0007244635654669518,-0.012938822326630923,-0.011085808729444233,-0.027219243741627,-0.003944007557486074,0.0133971176712434,-0.030992449510687043,0.02273753544386677
2020-10-16,-0.004394058604046463,0.01076750201513529,-0.017549214567939946,0.0065712565484345765,0.007341561291331374,-0.02463595944304537,0.029770145333893036,0.001947819585837604,-0.021922874219996683,-0.01930258628441995,-0.0053442404738929155,0.003855681554485961,-0.005919351460965203,-0.007463324770042839,-0.006547373818875039,0.01890428624500764,-0.017036119963653396,0.0019797297408050184,-0.00928937265555131,0.031207336350097627,-0.01013897380519252,0.005904594822108655,0.0193728737600567,0.0017449652230898372,0.017750235913997166,0.003799456254954671,-0.01709963687623162,0.02659037729111494,0.01547334843917551,-0.021748781837421696,0.002356805904090087,0.013144001588611648,0.017567164037036,0.01550164152820833,0.03835845151378687,-0.00521061994989599,-0.027234262484896698,0.009276639903386672,-0.00412184227667153,-0.017322720147194798,-0.016690779981637732,-0.04039055108965862,0.027621426210383854,0.03378563264737474,-0.007109553056229994,0.012362213817514369,0.032672235026319774,0.020215153503858593,-0.005776151402976794,0.03153039066842458,0.0011315148745367322,0.017688115659041315,-0.03047655333428635,-0.02398687893680174,0.006257589362474781,0.016264119524731193,0.023090359618826245,0.015368837894000372,0.0238386059886992,-0.013418697532738567,0.0058009305477691045,0.015846233541212968,-0.02214968626719116,-0.020943691649145384,-0.01581076864290876,0.0028104247898499296,0.003286293008377768,-0.013848190057222072,0.00272376635370209,-0.0018022715748841674,0.032806534828198744,-0.024623688724010332,-0.02631245247394896,0.040137439476741525,-0.043198343240980014,-0.0035242518258192905,-0.02960190991474812,0.019923852256294262,0.008452444972779496,-0.003886005246846601
2020-10-19,0.030239560174309305,0.0015033494591058221,-0.009299618945435358,0.007184143849511824,0.006480319950183338,-0.02298803257802505,-0.00590742242986226,0.005978740267560834,-0.01992468100713147,0.020753190256309013,0.007515642673695478,-0.026834444867126283,0.000389880465537127,0.01692023876841533,-0.018806643750191362,-4.1946347658896485e-05,-0.0060808219830663325,-0.015558114483491302,-0.010890823619100973,0.01801831523570618,-0.0576402672633606,-0.017500893888559414,-0.009087286036421314,-0.005607965058099419,0.014672137276074389,-0.011426065192613835,-0.020148493466049713,0.01683932718482272,-0.01480797628610006,-0.028891956330139114,-0.00998508900945425,-0.019077221756563068,0.02348108300770362,-0.043240972323001205,0.01750059712499732,-0.006375908290708045,0.02023736409714568,-0.012628857976494719,0.031787056105887744,-0.008483032366676977,0.019201705664937757,-0.029365806174525912,0.003408788824102215,-0.007426165256800778,0.028041375168671123,0.020560228783974958,-0.010805161234910949,0.0009342126453495816,0.006176573868985541,0.004894158264913201,0.0021388420809499093,-0.01919349967366876,-0.0032528764304533505,-0.025579151290051658,0.004579417222775737,0.023548247731976724,-0.004425909016607242,0.008745905376468367,-0.021240946246240004,0.0049129729016827925,-0.02922106569120906,0.04080637183722374,-0.0024012094358015377,0.035177325664580684,0.024052454865898316,0.02437826362970148,-0.023549867414609498,0.006342480981609894,-0.002502104534770475,-0.0064225297895665594,-0.006131183616807482,0.004973491036004244,0.014482221533216641,-0.011478028797803757,0.026160279328359296,0.03339032094388314,-0.007813515161598958,-0.018224693767637457,0.016585794515147852,0.011542464417304969
2020-10-20,-0.04636843427450914,0.015226449161312189,-0.03620175444838169,-0.04315795182002198,0.003876182372802708,0.0005842782433305473,-0.0027493243814658026,-0.011385970097126476,0.015529267650824428,-0.015563571708804581,0.025154769350073197,0.01007775742758801,0.005171498014742834,0.0323285111498008,0.01110343537957324,-0.03273655684305726,0.0013481617012163947,-0.0202884324656717,0.013898296218227807,0.0005745738494260815,-0.011728345569771165,0.019346687293563338,0.01733867226053756,0.005553319013299189,-0.009540566353021225,0.0002321563256803015,-0.010228158479464795,0.021256882401424912,-0.002539550325364096,0.018556903826908226,0.016102942984932863,-0.0317931096671643,-0.009444783446515913,-0.0073110327482392495,-0.015719889933223773,-0.005449762606031209,0.0378350043655823,0.0035081120233899543,-0.017144945864972578,0.0067859360170376935,0.0021813701089570987,-0.01822403195407571,-0.03821311986677854,0.0033514871239854276,0.013527451426375325,-0.013180739051802772,0.018301259548691037,-0.0015205247409477715,0.005271431327090431,0.0021220309956320907,-0.023399807118008806,0.020848364794982727,0.004304895918513712,-0.010570594590287044,-0.008623354502825288,-0.03274391190702976,0.0044854553902482506,0.0010976411508726526,0.00198425783005052,-0.014534577786004973,0.0009919354066794416,0.009196631473229928,0.013176778978271757,-0.015191338870795268,0.03937648053600247,-0.010663008349681992,-0.005534874120941461,0.007837500771066347,-0.01135983702924493,-0.008678025220662756,-0.014656002697562143,0.007727431383152635,0.0010336871558834133,0.006400091598681537,0.025034313157616863,-0.009038345545379954,-0.03080880719081704,-0.022782247205714264,-0.0008459737485781738,0.0071737917881702805
2020-10-21,-0.007164689487855622,-0.005862064655191009,0.0036335137317106986,-0.018325571921059627,-0.03156984440312219,-0.004554613262219478,-0.028378934152351726,-0.01921989584627343,-0.018645141293723327,0.0003628655551227173,0.015158460680224771,0.01261330819775346,0.01627682538521114,0.016339702862865683,-0.014446672477004086,0.013478887807006196,0.014939920767106945,0.008616281413948301,-0.012761260186322601,-0.010755531116090955,-0.027375090711920593,0.010107092619834914,0.004197634782897019,-0.009841191186234562,-0.006475770793683964,0.020341884114668737,-0.0013951777009607717,-0.01440627704678701,0.006414148696101395,-0.00885092630043062,-0.0227350353550021,0.004787827153333928,-0.01853278540981468,0.0007595015932359754,0.040958385998953725,0.030970679475045507,0.00714390256976692,0.013411562923285382,-0.031295367779613094,0.027359564724365612,-0.0322638073283113,-0.010151906966082013,-0.0065673609135108455,-0.005050195719218039,-0.023474864365135715,0.03842996568869231,0.004536127027346414,-0.009502031952548428,-0.00021446959157692718,-0.030884052771575705,-0.002651874994212744,0.03424659860746587,0.03039532956701974,0.014423150393013982,-0.012844325414877624,-0.0012103988913861313,0.010012894518723925,0.017746642758481312,-0.024627110861803973,-0.0037573428177983255,0.01417860308036838,-0.012527693747190203,-0.007486519174455935,-0.011174668202003217,-0.015329491313246133,-0.0035721651014892614,-0.00911482401197611,0.001764045498253228,-0.030719801666032245,0.0023605497696656346,-0.003336095018697423,-0.009767694973547401,-0.031029684830528623,-0.010728618759286972,-0.02812057366869246,-0.03518105322804104,0.0232159522089889,0.038606845540555115,0.01566022317060727,0.01996401031083177
2020-10-22,0.025704867980929934,-0.011843013806302895,0.02217739205277733,0.008214575819240701,0.019248461250250946,-0.008393812108831611,0.007078771089475802,0.021764142094517838,0.010106371654199052,0.011617760154473323,-0.006488651634969734,0.016419641848338214,0.039487463101785907,-0.02512572082813851,-0.017874905642353067,0.005259722482094311,-0.019925980290906694,0.013920846268157823,-0.004821948979757817,0.01053528434009355,-0.026471887840268736,0.012907693435137629,0.013046935186051543,-0.020323864590512032,0.00404660710630468,0.013263932007764986,0.001976137661959012,0.03930500570997447,0.038212573204591975,0.0007365170703650559,-0.04744816398739895,-0.018874092260917553,-0.005587734318411245,0.001879684685472989,-0.038428278153072766,0.018225667077382757,0.007125630230379304,0.012364514085398112,-0.022032433986826108,-0.0039225887936700544,0.007991087263964225,0.0038637618538512847,0.029122112719206412,0.009249156854663685,0.03165477288340096,-0.04193466477955623,-0.02658026596079497,-0.004093391481392077,-0.01219214807405175,0.00220970364103952,0.044762977488941,0.03892804301143762,-0.003423677214856172,-0.01565565540638671,-0.031158860815744684,-0.021206047083944274,-0.010629030327920666,0.02002217915598614,-0.02172052470175358,0.026897754335396235,-0.005194568661711353,-0.06827455159086541,-0.03631768912253858,-0.030783440658146387,0.01894263053933003,0.0073038313768155165,0.025661867110104177,0.018791629632353705,0.0037651585569960025,-0.025823631006745167,0.020192220301542784,-0.003183349994145285,-0.010990597239327817,-0.012108499802149944,-0.009574385913711035,-0.016365504518586836,0.023009241501874,-0.0043893197368960095,-0.027007397301557347,-0.04318742068977608
2020-10-23,-0.001213085776000162,0.027367481042285847,0.013418841270139993,-0.03931492157082451,-0.012538479163250935,-0.013983238984975003,0.0338276294455088,-0.00746388285118154,0.04585148862211935,-0.011799649623495714,0.00014863604879333908,0.03625780439881851,-0.04507512830721435,-0.018920554919792262,0.04316038021714392,0.004395059102550983,-0.005244562744676643,0.009192520744317366,0.013790136566581176,0.03212694079060622,0.0023087181480262453,-0.0066110637473377675,-0.027611841169064053,0.0018713684721185985,-0.02686210915790746,-0.005004635469314368,-0.011342897739623176,-0.046202951146381975,-0.0023238608524675706,-0.017208679649076252,-0.004758534002532567,0.01854943713979201,0.003020374692441725,0.009854092424880553,0.00891466598983451,0.005892839420281471,-0.014249518420176155,0.022102798431654268,0.009292987380427593,0.008116638891664274,-0.02735245400881677,0.03965779937495306,-0.01865645174404615,0.023632083850837118,0.0024552459682932403,0.026687293443036608,0.034184649849090046,-0.03198497288898543,0.0037951030726020157,-0.03594048575760927,0.034489159256976556,0.017095152429116387,0.011269737168467209,-0.03017959761082819,0.004798160395535856,-0.0015722745308642636,0.01099646252943858,0.008614011356276574,0.02162253287760287,0.0038883403151541897,0.0025921204177145017,-0.003658713706352766,-0.013868148625220502,0.007362528712978348,-0.010992025888424493,-0.006268498805993637,-0.020635795261084496,-0.012072333604830256,0.021716073368349523,0.024928283259059374,0.033553438126226916,-0.005474239895218426,0.012206505074810643,-0.021495494899808714,-0.027940434011659587,0.0004875127163933731,-0.010913989157343698,0.007762714420208138,0.015193136996645018,-0.023762531241277536
2020-10-26,-0.020122843927698586,-0.005683414501839079,0.04317487212432594,-0.0065486598909234375,0.0007988266821053135,-0.015311659126863214,0.0072441768283712515,-0.052848457724404996,-0.0044005055118342355,0.026455632208383907,0.01939535556006982,0.0010495611434090189,0.009472995548269482,-0.0139503314127224,-0.01510966787073833,0.011031470776396504,0.01474645231351081,-0.02116123434581035,-0.0018434816010660707,-0.015424585889020348,-0.017538691637490528,-0.018043961739458863,-0.016579275862359848,-0.005473814183328442,-0.01748553407997719,-0.006082674342979061,-0.021936216332939355,-0.0004780342609459431,0.007415335747074764,-0.04333040757554866,0.010322448497632168,-0.02839181324571769,0.0023714461946639054,-0.014514991013694384,-0.01782849717434095,-0.03020640018116379,0.0031112280508227732,0.016829226369832438,-0.010616278467906685,0.010854972687499931,-0.013728324153834128,0.00957499017729588,0.004717845329817269,-0.01265256154948689,-0.013720101470355177,-0.017930415386691954,0.01043007988643509,0.018524241336486953,0.008365590563249444,0.003959688753988331,-0.014791798496279285,-0.016955001093562877,0.0011753444214303614,0.003047590800214219,-0.005746500542592222,-0.008732160257663064,0.012334361588807487,-0.02916299259081276,0.025353863581663697,0.018295733991968356,0.0004986941104029207,0.01759737051997626,0.012088767328082324,0.00913589777140207,0.015374825751342079,0.013741758488441563,-0.03738460415130156,0.009435329680958298,-0.031601667207102106,-0.005065423676557249,-0.027662060442127278,-0.006224998606835514,0.004090196282096028,0.013760335814999684,0.000976147448285391,0.03330946007917951,-0.011254767537228408,-0.00797329565792985,0.028434594256046587,0.0019399344859930042
2020-10-27,0.029107057316364215,0.00824636415845692,0.003043084555569214,0.007183915128981285,0.0002052918675148896,0.01057326513033403,-0.01311876044719651,0.039568328844240205,0.0048706776514296285,-0.010171438478578479,0.007663923024168155,-0.008589279790552165,-0.048509657971053735,0.02345442359646225,-0.0034585316600281375,-0.013750476638099347,0.015195417182516907,-0.010784590735791338,-0.02726930032370924,0.014712171406310965,-1.646377727803739e-05,-0.031470864467804636,-0.010797988720232273,0.017836936491069506,0.0008048041662687632,0.01895069390595935,0.004153444908394975,0.01274962631027588,0.0013977206732795314,-0.001755096632876493,-0.019199324921261113,-0.01961592688350716,-0.023083320180938043,0.006618989240496795,0.04111161652710887,-0.01760241838689195,0.02172870622318431,-0.01352604260019908,0.010032663961413824,-0.005762957505959532,-0.03782352128448146,0.011930113572878463,-0.005076340132935345,0.00930898254680295,-0.00886648296068901,-0.008672897430648625,-0.0033387863076697385,-0.00906050361122913,-0.003890816639970288,-0.015535657507356833,0.018110304499124274,-0.034679835541481394,0.027463996023769473,0.010297960471902255,-0.002577637612698871,-0.0008138912602922295,0.009070019779438122,0.008778359876149826,0.04040339692109488,-0.02377230781910026,0.0022846321427460025,0.028123578130878974,0.01896466455151009,-0.01953724625019422,0.02243498395734755,-0.001803156702831418,-0.020784020361115995,0.0143678719890856,-0.011331184531960834,0.01536686559864662,-0.026922725283560604,0.003133675953517347,-0.011184868997833684,0.008374702858291328,0.021607987685207285,-0.017912295556202426,0.04746474883489791,0.0007982831434475249,-0.005258305537124556,-0.0072732169335573485
2020-10-28,-7.097513860833578e-05,-0.026557459189533002,-0.022308973296498464,-0.0009353328256255164,-0.034851070516167676,0.011872996323568133,-0.00679184709044919,0.028674734591524708,-0.010139627246443643,0.031898435942931236,-0.0029139479944310922,-0.01435843901897163,-0.005373372328180826,0.013068747413441334,0.011510322430881341,0.02150482613922638,-0.014958672437558745,0.024777120681167476,0.012110258404716787,0.03163508315154965,0.016613113825908167,-0.0019029963319766125,-0.009991619199038109,0.007967765567796704,-0.05262574991648775,0.02052071085716595,-0.001956031608237071,-0.0032077461342654772,-0.0014938706297112042,0.009643567700381632,-0.014441712570396188,-0.011894803409364647,-0.009305595440364437,-0.013647223920941485,0.015849832728773168,0.004362455714507453,-0.019936004669941047,0.008191734640030965,-0.01693945789687283,0.020652505874782175,-0.0030248628004067453,0.023339562201107875,-0.018459336661927474,0.046337755275099264,0.011820753642517317,-0.009197880487589346,0.04203161472251637,0.005635101550742026,-0.026505540164195335,0.002302329643426613,0.00248369977104388,-0.05017473545017644,0.033323323258633054,-0.011055633446636341,-0.011331614172963148,0.008312582605229452,-0.008775718575731445,-0.03713692843852406,0.0042895541556482,0.005041747317896309,-0.004602417206417697,-0.010066365913851707,-0.00565182814383954,0.0480415628760407,-0.001566523603446157,-0.03669837393284074,-0.006043575738636491,-0.0277932831944879,-0.011306521594736078,0.008803624873377866,0.006970658655558155,0.0054745298610777895,-0.010196651015696579,-0.009924980221841321,-0.012600737515148576,-0.02159962489796141,0.00010813221903153423,-0.015891494312337873,0.0014510628411053116,-0.017934748082359883
2020-10-29,1.6355541358654968e-05,-0.04490700912109723,0.0006795709588975438,-0.0058612362786068725,0.03182381854862279,-0.023455327767623914,4.390203697961573e-05,-0.015502300967112694,0.01495628163513801,-0.0014495491758758213,0.04397674076522568,-0.007891989334782279,0.03310084442937464,-0.027941100462939468,0.0234186557224072,-0.04295406478533706,-0.02460952116354502,-0.022148500912014205,0.028072393370566703,0.02021819130685489,-0.021734237913540205,0.002324654345851356,-0.01182296661831958,0.043464065383826744,0.008941899039097338,-0.050923645012208286,-0.013574793323836166,-0.006471772878845515,-0.010126408758203274,0.02747607395720135,0.018597734625155297,-0.028760515505943433,0.003065421108951001,-0.021541060828297744,0.003166622460725953,0.014094361318564093,-0.018154320018837763,-0.02877968759385701,0.0007880257672778554,0.028219677427785163,-0.009012959427874414,-0.001093463149537144,-0.007504723337671216,0.03691735559746739,-0.004142043959665343,-0.017481829805325973,0.02759284796240174,0.058390370811352905,-0.031378258960385964,-0.023094282943094405,-0.007232551140010664,0.02190741952941027,0.008734760610639783,-0.02096877962238492,0.003546746726292747,0.024213747589775646,-0.013100280385421029,-0.031198718893370895,0.009536882768488622,0.00201579507406305,-0.04026919209715514,0.011312841878983619,0.010801273924075913,0.003660341629535221,0.03148093835300902,0.028140723726193834,-0.019571560474453815,0.001620388930473299,0.049582324023106035,0.015927368990393275,0.026552182993571028,0.004102535678375548,0.019274587145045426,0.02432833720685812,0.014586081590323367,0.007632657163640192,-0.01694722802689217,-0.012842604997940057,-0.03713732234725876,0.026405719779546456
2020-10-30,0.011650809692031807,0.005791009660260159,0.0026679612657449676,-0.016293256954231405,-0.025490287388475884,-0.017260122899853923,-0.015969319648458557,-0.024883350614550423,-0.018679729427893126,-0.012161258633653818,0.02047361698325212,-0.0238451481798758,-0.021102750938647247,0.004934564225725453,-0.0010325084821833882,0.0020161770851874596,-0.028187137136730427,-0.023892552063923784,0.015197130101189194,-0.0557457785071156,-0.004655467533863442,0.006726771233310622,-0.014879703278719464,-0.011403518971836096,-0.0036107341511558274,0.013196228107800696,-0.014559417145196145,0.017494002209892053,0.010356869996137887,0.006473928125912635,0.012903014247453522,0.034389841736843556,0.02758852703477164,-0.032662336419448115,-0.006795766829442039,-0.007193694322893181,0.017689064302231217,-0.010008801941243586,-0.007964720409338962,-0.0472707847078709,-0.009372660924881095,0.005593866515610036,0.009631777785657327,0.010949449286739328,-0.007685177317189445,-0.018426182753195366,-0.016190853783223953,-0.0003201291411612191,-0.004911207808464568,0.003173375887440165,0.04122165653006304,-0.03756675390979721,0.017420483229517794,-0.022367591126642553,0.01650649052309819,-0.009898971331290281,0.009215493428587782,-0.022882029300103676,-0.004245740955942756,-0.02218210689876304,0.025752289683631524,-0.010024802876879116,-0.005160360992521994,0.014213603215522843,0.00861434416050201,-0.016083178844022616,-0.01879020627934084,0.002632276089639335,-0.002611673864060344,0.0014708534716426816,-0.010777451149185387,-0.00545099681227161,-0.004447012115694013,-0.005814679525699242,0.0351028458195299,-0.008730241957887819,-0.01653165264949164,-0.01200079890215064,-0.012787735719885354,-0.017739350820074256
2020-11-02,0.007716105547902431,-0.0018136347764616298,-0.026252999221868422,0.01461397394379585,0.008465208262523092,-0.03251778689479749,-0.03470096693848079,0.0050896710721109635,0.014395858914274178,0.021815519548679267,0.016777417213560547,-0.023744408194857788,-0.012216760045563711,-0.0030117667881726907,-0.01863533417692473,-0.014336532158162288,0.013391753817963564,-0.008098373814069991,0.011157260597752286,0.008990501763204225,0.020696522277117105,-0.02428087745146788,-0.00536285781088376,-0.003527573447237082,-0.01686435417358992,-0.004780490088755107,0.044484287044106445,0.010210112339771774,-0.008123499919054198,-0.020548382786656508,0.017537551233540286,2.1883289449234658e-05,0.018575152739007818,0.0008413263512417266,0.0007367327922705842,-0.00765125277792843,-0.026318559920320707,0.0007010077016320898,-0.00163196534893309,-0.01587816404919145,0.03268719889325397,-0.0050117433339424726,-0.012890132566560302,-0.010751840089780626,0.005729215631561034,-0.028974650893741623,-0.03853616984727906,-0.006811379561789231,0.011027943475335755,0.0064677213709042935,-0.021002213491598417,-0.0073227579637641736,0.009534145512006945,-0.0014236077442273465,0.010805504017659815,0.012446202842718631,-0.004813047781229856,0.005378555602043437,-0.01770905488429098,0.005792742413761003,-0.038321323071689756,-0.01967848010811379,0.016019404314550387,0.002045213985949068,-0.02657734992790436,0.021966185606839463,0.01688164855767346,-0.0053638024621065605,-0.003502136705557621,-0.013538194252469249,0.015969748398420733,0.012994736884241482,0.017808670921024873,-0.003621033201441635,0.01415512656246391,-0.018676059656027266,0.036108464552758436,0.0103295185110325,0.0028571906278372253,0.030783648646971563
2020-11-03,0.018657274867372092,0.007416067803750717,-0.01614323516126164,-0.01309867446224348,-0.03671976610611753,-0.015369369834906613,0.004535230756945454,-0.051211576451239194,-0.013853950331638491,-0.03177844101331837,-0.030252575482550514,0.013223619811854374,0.022884103173158633,0.015882318691470908,0.012666024725112968,0.016148383647648562,0.005047318483661471,-0.005518915521866119,0.02491450155205994,-0.015534241817188222,-0.011958909292482672,-0.0020375271007410396,0.006219105132753187,-0.009848821072755767,-0.018345645950811795,-0.014734528592140275,0.015380576502245443,0.002848512536723191,-0.023006511953190478,-0.048928788333093415,-0.003986256870716157,0.01093898698734246,0.019463626607040003,0.0003185884183257464,0.013442376120124533,-0.01026805437846541,-0.010465998418217794,0.025038844373644557,0.0005310938785435957,0.0058874310367952485,0.015470546376240086,-0.011051297289872971,-0.019098808934259286,0.011800562464293722,0.03266934311870728,-0.015115803055853654,0.03530739736572364,-0.008507474356052298,0.021843439015921208,-0.007099859652842389,-0.008790124557297774,0.026078387120084076,-0.005757112469503882,0.007962549138841273,0.008447528556199966,0.016234624481546295,-0.012831137418862945,0.010560142716599321,-0.007554906960367658,-0.003859945402043331,0.007626436094731275,-0.0219273052968141,0.00274172520264429,-0.05028890028331576,-0.011480317502589949,-0.017354608290058866,0.019885727768365495,0.009460256929620688,-0.006887926507044696,0.008374854481555364,-0.007659817079046849,-0.00935941340814062,0.043650003735184184,-0.017020059277238972,0.016840065521034543,-0.008159330711735495,-0.0027760880378949145,0.00509087163633904,-0.011519717459653515,0.007245439447638609
2020-11-04,-0.01822724248611453,0.014304311827654723,0.019698830540785188,0.009326246785701178,0.015180377988186212,0.019359465456827717,0.0038476840251631733,-0.027604772737717248,0.005945130870167215,0.02611144979944412,-0.014963158745971818,0.05885505292010874,0.03333178686751085,-0.011733881624253165,0.004826464065987815,0.0021561665662247027,-0.03498325603716164,-0.02108210873991371,-0.01912336120501339,-0.02542907398855635,-0.006303166126305473,0.0076994196263939435,0.010488087325470912,-0.007938754601712799,-0.013994915539659855,0.0067721504616441,0.026907992640201703,-0.01610193492514513,0.01370046010689286,-0.025660293171887144,0.01468492165812956,-0.003650474010546945,0.02123502605019588,-0.0008804436373613615,-0.04767717388644829,-0.02009786692295256,-0.007525172878109449,0.009821456425590808,-0.006142835312387731,-0.00571102831636493,0.008970358189729466,0.020445676490718684,0.022198300374878827,0.009320168651578182,-0.013382173054979749,-0.029664757007387462,0.0015537982550501365,0.006756469467940525,0.014221744902071128,0.02651113732679638,0.03000521712596052,-0.03850860608737292,-0.014569688977164963,0.0009759259812111583,0.02425491577138256,0.004996313363660611,0.009112780597306042,-0.00690386784785483,0.01921483103274146,0.015739115558947084,0.02604144895578075,-0.021103626916733027,-0.03163861321133358,0.0077192881923673715,0.004347662124070005,-0.011525087029974542,0.005747246327925742,0.007176760241362314,0.02024638320534086,-0.005156273125347727,-0.011112559802793718,0.009912297861785092,0.007059246855692872,-0.017876903578928984,-0.025383691561884178,-0.022703576859099028,0.015408134102321874,-0.0064699484569371865,-0.020081814641844865,0.0055183739741123975
2020-11-05,0.0071403414744395585,-0.03975636551722276,0.06847043112206505,0.011747435407752124,0.0017255124606935493,-0.019596725956844772,-0.02174205770630569,0.00880077644712967,0.033527110553156936,-0.018916905360932563,-0.017674465963736834,-0.01907049451673277,0.007324715063674772,0.03876380941554078,-0.03531042577831604,-0.026455659494524743,-0.007735255774633021,0.03351951742136009,-0.03676539468794778,-0.0033601361289913485,0.0073058065491781125,-0.02407315251823846,-0.013432575731174711,-0.00935259715004669,-0.01475997897080259,0.013301550958562103,-0.004861086276944572,0.030367330948182267,-0.010423367977577876,-0.018195776602727254,-0.008782445727222922,-0.03500714290646271,0.013107247135146344,-0.02903977707234441,0.0002497310717542481,-0.020730763447946318,0.025090579413283857,0.004023882351766011,0.004147211344052268,0.020067114207132298,-0.004404064524698863,-0.014689290885517195,0.016980954193290536,-0.02403028986853187,-0.000411863872852399,0.003437606427162951,-0.023823034567707038,0.01420714857833779,0.000914021103227861,0.017805093714672305,-0.030946301221739025,0.019954280778376923,-0.05879983436127059,-0.01486996920496261,0.02583092256991575,-0.013535775786839128,0.006402107549437818,0.004630920926697177,-0.002988702121098103,0.002976153547434898,0.0020187744027197847,0.00040874826561225524,-0.0188620362322445,-0.006091622033328454,0.03367502325930755,-0.010445930318945916,0.02321161853103859,0.012789575843733785,0.02837104565375589,0.017414914759822955,-0.009127387157967152,0.025589939600138892,0.004094530892845675,-0.011524134067891375,0.010561342841646766,0.011753230663042744,0.006849550384148051,0.015065872526948467,-0.04143084907755576,-0.008745175386576168
2020-11-06,0.009878019445727523,-0.002595487965311425,-0.02172430000394741,-0.03917829870993701,-0.0018464646261020096,0.003683947311506293,0.049522205174829914,0.013219526614020649,0.04226761884302856,0.00702598130271913,0.020108220309648622,0.0379837064167374,-0.026602007655997583,-0.02927374420335033,0.009889329767047466,-0.003660689699873797,-0.028501335502886513,0.039279984719768686,-0.01792169395760098,-0.01162511899951071,-0.013162554511133706,-0.012369087807588297,-0.011245798669968545,-0.01166303785870186,0.008356818993854652,-0.029040023091251307,0.012274804101474959,0.016982598541656534,-0.03126316285574839,0.02649709905528936,-0.0021488412283138876,-0.010405047294052488,0.007059897603929468,0.01497659597435465,0.033714041902080875,0.0027602540234837785,-0.016154642469429135,0.03359869665364669,0.04177031483362811,0.016191252455161086,0.0016022452211748718,0.008648212520877442,0.010946256169027313,-0.01278928719769187,0.014375222218140487,-0.007470206357271013,0.030130295866654007,-0.007560813390552751,-0.013760344302231844,0.015091426328319781,-0.002570395616248929,0.034543021111700545,-0.01888342960083222,0.02083336500576724,-0.0005078455902867064,0.04442487503712305,0.02371190501611247,-0.00479525421820768,0.008076104052522943,-0.013524408476163785,0.0012598751774943611,-0.00011470705452496043,0.013680037952641293,0.03696783166899389,0.0024232406923093966,-0.02365326125144147,0.01573591097092615,-0.010721994556899104,0.02156466259843887,-0.03908090093175211,0.0021471666185941215,-0.030245534344284404,0.0011915681440010603,-0.01672894288333175,-0.00172806476782476,-0.015990545738585785,-0.024881504735352063,-0.01399419950632614,-0.027142018527467306,-0.007521638763690408
2020-11-09,0.009851398822234857,-0.0030799210294857383,0.024868518494268493,0.013048196194115411,0.010031935739884184,-0.006672494733195002,0.047307418786796465,-5.067521162655138e-05,0.00967150053759951,0.027772946354413096,0.03544873086591805,0.018513338958157228,-0.04269843781522023,-0.006434006238671971,-0.037970528204451445,-0.007029755304073957,0.011101698491477472,0.010377613514106708,-0.0163721180881578,-0.01503713487939868,0.009689684782594802,0.030123342617689224,-0.005405986565505223,-0.021360204566886032,-0.045438038129339144,0.01978851194548883,0.045481861281561536,-0.001974521952396902,-0.002580330888340418,-0.016967688211679623,-0.01801221659058433,-0.019101779397258673,-0.027137267644137764,0.0011517884050850742,-0.0009080519623706941,0.01857738834943279,0.02187733281472026,-0.028247793157589372,-0.03530664091161166,0.007423733455571617,-0.0020372197001077806,0.014144415777469277,0.012092036261476445,-0.015552657056053147,-0.00022746146325158126,-0.014327662561829099,-0.039282669486505696,0.005697710291310416,0.006451594786077756,0.005649372732163165,0.028847580148804144,-0.026905389900044253,0.007135947272149228,0.024863404248638987,0.03185011646406881,0.008740581701258982,0.03312621103201259,0.021362606374222264,-0.007085231212755898,0.02701760003076173,-0.009975810627654026,0.03716249198218459,-0.0010951352952464685,0.03632634290092857,-0.013873422000521711,-0.0012936756937061242,-0.0011830671693412096,0.01032559244538233,0.00822612623105137,-0.02398793971589779,0.000798976325170621,0.035878469422466516,-0.029328992279432232,-0.013213796947094245,0.01492883666126202,-0.01727361210671639,0.03198368536407468,0.0025649527563448406,0.03419709256387411,0.024587770419782884
2020-11-10,0.02924951928728814,0.01801216343729582,0.0295677182190218,0.019689053642362835,-0.007744281039984149,0.01183724014437418,0.006196328816248743,0.0011987264520840046,0.026085346587858445,-0.015899939160393155,0.006755206398706215,0.0004680902148826098,-0.025238379536752842,-0.028463205542971295,-0.007069195405725684,0.03019403638375292,0.03629346895425575,0.004744697512620338,0.005007973945586112,0.04254009077785991,0.008397492455835353,0.006478855614365398,-0.015723368348659367,-0.014725448081639548,0.0024842991298672404,-0.03074369323604587,0.018137128455007093,0.020018291737391822,0.014383781771595971,0.024878738819794827,0.035823618047319754,0.004218219526263219,0.0012600594562172834,-0.012426611913845892,-0.0030198775183842186,-0.004625591458022422,0.020076665897996802,-0.012570470427130507,-0.005297519666183289,-0.02774791611673147,0.04713892919089891,-0.02015310516264424,0.017407507910684353,-0.01643459535643056,-0.006677505607470432,0.008516656386551332,-0.01865999563480113,0.003197583391425597,0.019884827303869028,0.018237773981870688,0.0004169229108817825,-0.013840313362032062,0.0060714997437244095,0.01305896548880219,-0.001034201471751275,0.029011800373978453,-0.004158434795484207,-0.02163073996052202,0.005530708757225682,0.00093181730504428,0.015428916778704917,-0.007778126939353975,0.0407244568018257,-0.03207556132579396,-0.019345951818439275,0.00044121858222079306,0.03141360406393214,-0.007945999622658347,-0.017886679566993025,-0.011953559938512097,0.018557418993167846,-0.014713149343938145,0.011089510876450577,0.028185588810943456,-0.020083103713311883,-0.020419697261767084,-0.003491040907948556,0.025533952007757973,-0.012075890475255152,0.01486914749739615
2020-11-11,0.008713984507504815,-0.01063304558791649,0.003925305208703194,-0.009446784999936897,0.01798045541302803,0.03310475290535115,-0.018802062016376297,-0.011469336733620697,-0.023342614052300325,-0.007060524998497577,0.00896105597209851,0.005624210599117554,0.027135993709829585,-0.018831659329348494,0.019979356706332413,0.030811332226826256,0.003202217812791946,-0.010137746997344455,0.03483321327944573,0.023128355429948767,0.003373617188210189,0.007603547752108926,-0.017196703283252738,0.030553342340503442,0.014668686698266731,-0.016070927586708528,-0.0012594231041665569,-0.00943646959645251,-0.00601431486731154,-0.009605757908418767,-0.031423767555041844,0.023583029177021677,0.027199968843001125,-0.0016407983825042999,-0.007769983648837911,0.0596546624707627,-0.0174521440437847,0.0075161684087583225,0.0012749037650620677,-0.008276323607496689,-0.03720604469950605,-0.03170225427264605,0.0009872223441954589,-0.007132570925069304,0.023627673241148322,-0.016687399910937775,-0.010495155512658236,-0.018925018152558166,0.009907373564802967,-0.026625219760016926,0.021606578761047768,-0.030363764447772584,0.014528372048465046,0.0195916076970819,-0.008145841547624188,-0.025480072927498345,-0.0021604812855887446,0.004145284626017402,0.021027152395407606,-0.020349228060183126,0.007983114149963859,-0.010407154088935442,-0.01918773512646942,0.02383719119567986,0.007579950064451702,-0.011782224961368286,0.005664661673078079,-0.009882241590377198,0.0037126660986850635,-0.024185817222259022,-0.013311888011404626,0.02499781046405756,-0.006412491072737197,-0.02441646180824455,-0.028341387636541898,-0.01777096942829986,0.017053743795279935,0.03128150562130242,-0.014865127593480727,0.012108423080022294
2020-11-12,-0.005550827153184031,-0.0006391253393309784,0.023307750097419047,0.0032074473542357852,0.020519669198364437,-0.004612684746261953,-0.010559705169448567,0.02525031868295335,0.032912247386750124,0.023798875848961978,0.0004141736737080695,0.034477697528455316,0.0023282845578134733,0.003930238520024294,0.0005615236223234198,-0.008763622383946986,0.02718275366604038,-0.00878310667893621,-0.03559646350646868,-0.02735743553890862,-0.019983436856919886,0.007541894548846889,0.022263439352138335,0.030765549751377335,-0.007616528355007585,-0.02318520632207762,0.0031606671283523446,-0.016048819527365626,0.005583884527331042,-0.029630351172424917,0.003949800033827465,0.014599293777310245,0.02798598553932645,-0.016582235903437388,0.00048611781970312433,-0.001008066785804385,0.006316003194977433,0.011569944169633688,-0.026661537322836923,-0.01047358396372582,-0.014828301250705578,0.029788443780046227,0.00830549182022689,0.005857423006270281,-0.02595120955131185,-0.009602384045256004,0.0032912201595557138,-0.016350909227766126,0.010084442787855788,-0.01562505702993257,-0.02309860507457632,-0.02005127807740195,0.012754767078008723,-0.025639473643422055,0.00041680324242186555,0.007002332046326151,0.018794990109214805,-0.016756430955718445,0.018057462540153744,-0.02503671941315315,-0.01583050713896604,-0.022513302753952292,-0.038936058120628385,-0.017585329355644625,0.010659778991522437,0.00435574009237346,-0.009091647550659878,0.0029101801747713615,-0.011563829325019795,0.009244832806647167,0.026084690560593062,-0.0016893327880497264,-0.004651585622898336,0.0048836224810947714,0.0017600231426727609,0.03378773733181233,-0.03271560252447126,-0.019117703920983914,-0.034236022706843956,0.02303151250163504
2020-11-13,-0.004804006568725878,-0.00705441962512531,0.04144112337228871,0.010012989029930978,0.011646879478424238,0.00966031821548837,-0.013694684134364931,0.009734776543025726,0.004766302551643564,-0.004461329924530164,-0.009172647946034562,-0.0001391976582471615,-0.008041922089930606,-0.0021724359577901748,-0.01707056616206989,-0.007419614189306811,-0.009189207807504204,-0.01439627101986541,0.0041082539443732125,0.0019702444215938236,-0.0035405891182963434,0.004146516683872831,0.008647047945366885,0.016067714590822256,0.018373481285492814,0.011792229053371756,-0.01624351231486865,0.02970626549417026,-0.004623226705494137,-0.0030413335505706423,0.02236931948348407,0.03636869888685159,-0.009684004116915118,-0.012339754929743225,-0.023637726530776865,0.025177818859996468,-0.0331793321195928,0.0011607647977193848,0.0041237251203507415,0.002399346759770455,-0.011376643792546826,-0.015324295050855828,-0.020528666261829157,-0.008653265297666586,-0.0032901123814972275,-0.02550872297123883,0.0014665171714783904,0.01216038704141687,-0.010268667295850136,0.0471283416941175,0.011499052171464135,0.006520447424299718,-0.016889844175509566,-0.014559198514822496,-0.05258125281378808,-0.01577962653638581,-0.02828881859897861,-0.02433348777671151,-0.04234026884358931,0.019292408924850214,-0.005948623079584321,-0.006842049052224729,-0.013958613454879571,0.011361172051340159,-0.01289073932577228,-0.04320206252193775,0.010928514093244317,-0.005645783502241961,-0.041840775376075,-0.008206967523998502,0.003089073341964696,0.020699133338259148,-0.004029132428375699,-0.009476841130660217,-0.028223376854554064,0.02540427875838902,-0.00501216988305796,-0.007134366123662748,0.008929866711404064,0.004692276405403082
2020-11-16,-0.028318394407442455,-0.01022224647357099,-0.011556445264610443,-0.005510344923438113,-0.00931494126003885,-0.013736928833227826,-0.023158276808775045,-0.011778878600068772,0.024428071998628117,0.011518941226005216,-0.016252115209512127,0.016806843604535424,-0.014893298048298274,-0.011452165512102135,-0.026603790311070075,0.006957650624044679,0.00514512094058673,-0.01469820301265859,0.004334039822190812,-0.0008435221299328103,-0.009077975622537236,0.022105965057497318,0.025952929396639016,-0.00851661896808426,-0.00861489983843283,-0.02619307812604965,0.01619464068779422,0.010259983153961568,-0.01664455008003371,0.017617241886845374,-0.026372665271282073,0.030896282301063064,0.0018435064995022726,0.014650961974399572,-0.0018516822125910284,-0.021854241539325442,-0.004197161281264348,-0.009282601045820125,-0.0010962204132178215,0.007438036469890948,-0.03583991478165868,0.026982987832267748,0.03989963654112824,0.02195132622655663,0.02006389308042026,-0.011321638269678682,0.0003898636713550801,-0.01641393727236068,-0.015077703329727422,-0.006865241878960714,-0.0005938652734163069,-0.03135782113139901,-0.006478844486000091,0.028182994575362354,0.0006115304414394721,-0.0010628705099083712,-0.0068492471955745714,0.042685036198913784,-0.00010221636693328542,0.017203018342211742,0.009053700167791041,0.005693083551204279,0.028951805076864325,-0.013383146401825995,-0.012251916688645061,0.0033329839185181915,0.014731381238398483,0.005028750818613877,0.04502919285763551,-0.01822088619787187,-0.005704148441963429,-0.019994206048999565,0.0031094215268206815,-0.022492403929331415,-0.023364513220618863,-0.027410317226327238,-0.012278522702862763,-0.053019252763246094,0.0036039212718935567,-0.02677116317538064
2020-11-17,0.010711604085892135,-0.02240454986895558,0.006291055884219888,-0.01324816885145216,-0.0035090845219568952,-0.006416993331888094,-0.008674062895006204,0.01042037937280705,0.0048169301898680905,-0.006931107616139533,0.017789418929034982,0.0028550317469285508,-0.005142012356211731,-0.031468696779810276,0.013374490105449569,-0.026611376990402964,-0.01491527488221332,-0.03375482816248728,0.03331358161027791,0.02278372626701544,0.019559300259998427,-0.0017048585827891846,0.0008261432016724366,-0.01517504029415055,0.017395772153964508,-0.02637634953719094,-0.005993766468065024,-0.0064758165792838255,0.04573286963380768,0.0030128399166368496,0.012503829637691428,-0.007506549826435089,0.018090972074575024,-0.0014048578324946863,0.00046800748439443867,0.0476869378188564,-0.0013507417549047595,0.022873649803617876,0.01566437519431998,-0.024219193992100544,0.009297512497661316,0.029534886455849146,-0.009362273939279235,0.004708882813017589,-0.014462210637469256,0.02719149547818689,-0.03193442939867557,-0.011485566989697993,-0.010439368344077255,0.0054617087792995225,0.03374059735572565,-0.007048681893905723,0.023743817885013382,0.0027473696395665264,0.01652982263576612,-0.0331193404145457,0.022483749755162194,0.017970438741010127,-0.01628326572631289,-0.0073724325222316355,-0.013096417288786856,0.0029100007620338412,-0.0339775581442084,-0.007715639626679684,0.02207104001877285,-0.003010599389845987,0.0542256947480199,-0.014868375736375252,0.0073658550734924215,0.039566427638315936,-0.0041143428824389,-0.00157626020732253,-0.01705246027230568,-0.012254314076778475,0.0037110178422519024,0.028652243249446954,0.003417439840045524,0.02013155883031229,0.028296666709589222,0.01578703721910634
2020-11-18,0.006988890931871338,-0.01497508711154229,0.024609891756813506,-0.025810563849140405,-0.02911288312629103,-0.022046938424823158,-0.028775269194689354,-0.05214971953362388,0.002496401299035068,0.02345773952062289,0.03641773183118812,-0.010561612802066913,-0.0014166781505051027,0.002900126347227329,0.009668564612949224,0.0031729490242455756,-0.014108474280049023,-0.007377620859320987,-0.03961707694990615,-0.021457802314298353,0.02968121106441395,0.015555895034428197,-0.01670671920163966,-0.021360130243175245,0.004586765471870808,0.026853510117196874,0.021336471817366868,-0.005534583212024739,-0.03646768131738997,0.02433398771595942,0.012362474014588601,-0.024199063007394273,0.032373405606357715,0.032839607481419265,-0.00025267802037867856,0.006319098371459998,0.03503170635359795,-0.009042414788427783,0.005378265188959629,0.015130654947918333,0.01861537664216209,-0.010857879793900169,-0.017331935928598254,-0.011211072804906819,0.0181723855725777,0.006935694507311001,-0.022252403415601477,-0.00021111296341774227,-0.01673583209211484,0.023456301022263364,-0.0037160474771620365,6.263176924360203e-05,0.025865408028198283,-0.014254069817500395,0.004352779604000105,-0.013645575561854792,-0.0023011320171429286,0.018843370012824115,0.003033441639045752,-0.03579802879179629,-0.010277352989355172,0.047595613066780375,-0.009041134399522296,0.011389418406533396,-0.007638930240827785,-0.01887520690247363,0.006584296692075115,-0.012692366257137662,0.004854810002209372,-0.0519545664882784,0.02290613310613506,0.011198184867164274,-0.0027207400405788373,-0.0166096604394378,0.020276806005752063,0.03395503851600302,-0.025912123606103156,0.02838033684447817,0.020767946783685536,-0.013323214551497714
2020-11-19,0.008306897283275926,0.011997179642075716,-0.00700359616667221,-0.02324398795071601,0.010020758568129014,-0.008752148374098866,-0.014855018971738061,0.01881223912254309,0.0016440486888104448,0.001088384972157002,0.017286141177030825,0.015452459719360663,0.004866791305283247,0.0035581251901240125,-0.026545680757562935,0.002419908687270008,-0.00884451052016306,-0.003283108669876336,-0.019467148388681934,-0.008049673656477607,0.01158089795875674,-0.03176168230088748,-0.002618721934354164,0.021247752815949195,-0.044947511684343626,0.03380963299840637,0.006376539200571665,0.04806541497119329,0.02031929934735037,0.015970601055085517,0.03642639301533718,0.0053627866530822224,-0.02838356570779457,-0.009701211080021496,-0.008558941245947539,-0.027434494018253593,0.0037272165205316054,-0.013182380179847769,0.0031791838565934302,-0.012270393230575959,0.03229808907702151,0.03427802520699226,-0.012132736845581782,0.00994829246538152,0.014959814633516796,-0.017799920318996118,0.02669264325987435,0.0193052008882607,0.018442647951084554,-4.67144481228911e-05,0.007654354012792285,0.0015824151854636718,-0.007684454848051014,0.023068703302657742,-0.0028430419132057056,0.0222853745033623,-0.014558253579499903,-0.011600951164455427,0.006199224354658105,-0.011041202386887003,0.014061543531378354,0.003970703888121823,0.004179366303268651,-0.0065322111442803745,0.019747741180150265,0.009894409699831967,-0.027490870443258278,0.006662478640147314,-0.03422594427674553,0.012294187042929606,0.019013847578307402,0.02178064737414063,-0.006188761345599231,0.002227224245726392,-0.029105458671130152,0.0025190549186665753,-0.014165126199143672,0.01345408342497878,0.0037100783462863723,-0.0009741475306629259
2020-11-20,0.013128851947144738,0.017393228805122965,0.05147917024696231,-0.020238222611979023,0.011969707836607132,0.007109090817650994,-0.037561577585247266,0.006977525044172784,-0.023979758641665627,-0.01643944675750926,-0.003935636667654721,0.018515249009139548,-0.02548394960881606,0.04763889966831249,-0.00344404329158521,0.026731881510889982,0.022038356612827652,0.03616448018298296,0.018889997072483202,-0.011357262945028297,-0.016450392883633657,0.009498397475876096,-0.01239338729890256,0.013652487253877297,0.005523757133135283,0.046345805541342544,0.015355207371223006,-0.004450818212519137,-0.013004060595081152,-0.008132528395129708,-0.015400943709351076,0.014089390721893396,0.01181183849726411,0.023078369171379856,-0.004446846975976515,-0.0009377412053095312,-0.0061754228686895654,0.038355901142559254,0.01937281027326175,0.022297019204490672,-0.0033513649756580204,0.026284127951429807,0.036323265050644746,0.007689370893181244,-0.009138389489653473,0.03149247807082703,0.011130263083652003,0.015011702110796976,-0.028885025814649756,-0.04640335113116552,0.02678393500553168,0.022803490932320206,0.00479682388698517,0.011849432824981536,0.026789552103933384,0.00019485953292727083,0.023527366352638343,0.01209945725614185,-0.009556875502179039,0.004065709455171776,-0.023626409589838145,0.019187071501203825,0.0021318263841091753,0.020895764132464818,-0.010463525136149152,0.01732367699215114,0.025821925273333927,-0.033188102880313076,0.00903641551522197,-0.000106613881333417,-0.0020286563570520288,0.025974125726616934,-0.016351514451170956,0.01154758234728949,-0.018294958776132266,0.004252800060808602,0.010329168223653911,0.005012207888314497,0.024474607800998065,0.014485487337959515
2020-11-23,-0.0002654119605431282,-0.003503801106522063,-0.0019110089383660156,-0.026261305445273067,0.03813423235298764,0.00740120046368095,0.030839491195060454,-0.0018313726519996712,0.003950511575282604,0.018857665641894138,-0.04063647112644282,0.02623985580784195,0.00715642125039796,0.011728570033180319,-0.018735348651660207,0.03725791106227695,0.012113724222583855,-0.003293920949158508,0.0003061314969102011,-0.005203135592533503,-0.007851233547151797,-0.011092882160920177,0.019451100196755534,-0.00574890402702532,-0.0015260517060095955,-0.032136819267745496,0.002021230049283272,-0.02170015620361753,-0.005534321608399002,-0.009833635093002979,0.02839029322101303,-0.015800492964664646,0.008379107899391884,0.024290426658432757,0.015188028987467737,0.016601373158908604,-0.00535007021871402,-0.002706157304920133,-0.009723572201993005,0.051455171777812184,-0.040178919049190666,0.0567667016267349,0.008114277077620176,-0.021619628402582695,0.00041791817092306545,0.02853716424436692,-0.018708694800237968,0.0012452696849555842,0.031791670714938415,-0.013196385639162542,0.033791037299852285,0.018985546621680015,-0.0064898135110608626,0.004883236128826209,-0.02930235461054239,-0.002893271792872836,0.01825495615581088,0.0015954906930500912,-0.05507818138507371,0.016859058358201937,0.01968252759031981,0.020923972786884668,-0.0018074773333047196,0.0019052237175303844,-0.01807078476911383,0.03500036832960213,0.027023837285344122,0.003910376499795521,0.0025849311545848453,-0.0028461892272164373,0.015753244354143135,0.02059454004217205,-0.017461746016763473,-0.024023117071437332,0.020422432501403853,0.0023151007125131098,0.024883575242491966,-0.012510539360950222,-0.05413812770281608,-0.0441944765852243
2020-11-24,0.003140550414190494,0.014663833984344609,0.008730602846436623,0.008007454186633255,0.019032829389231485,0.02231155031603569,-0.003329213641106305,0.0037145845514389604,0.0009309001424057141,0.025231580927939146,-0.011307744182402341,-0.03304768112908511,0.008095017179927225,-0.02106490320267743,-0.027859632353503812,0.00988352578847507,-0.01718772262141502,0.01568191192744997,-0.028279382668142273,0.04543148917809121,-0.002229321655588321,0.015700940458256235,0.0018090133952053712,-0.012032607345728015,-0.01744000819490051,-0.0022436371971964733,-0.020864190492195095,0.002500015804448047,0.005304103587297354,-0.0051359392372807245,-0.011875232311382853,0.021133282467503428,-0.008213684849052442,-0.03290058790968492,-0.03362988802587971,0.03532560805940112,-0.010152200094670999,-0.008295468839360049,-0.017772413225759617,0.020547893508486688,0.0015933302201059495,0.0050234059124662205,0.028972698360431863,0.012849135336524431,0.030570613567734307,0.01832717905131776,0.009818541455242788,0.0018239567781269876,0.00752865154152832,-0.011565749335190929,-0.026795952137676892,-0.013769523367214874,0.03799448332168036,0.014219251097229468,0.0062025807535359715,-0.0061885178811667664,-0.011460411401363913,-0.02767817379746588,-0.02549511303398813,-0.039713978129056256,-0.008624334133216885,0.002422851500743776,0.007192682100726915,-0.011105804134699622,0.02041051153758707,0.029942860588634112,-0.018309009028672392,0.018292596629279935,0.024266533150217685,0.003746742389970309,0.008149562146361667,-0.03861392720249258,0.012743687644252084,0.013032164427249224,0.01864118854086482,-0.027127591490712068,0.001389433985521937,0.014310053706847794,-0.0009267206491889509,0.03694215505941308
2020-11-25,-0.013535705853886828,-0.018625998965983433,-0.0199833361278755,-0.010417929360463273,0.009797507048011054,-0.016685966526246564,0.008595706372265338,0.011452751171331798,-0.014292928316656727,0.016598729930733816,-0.037444901244905154,-0.023310587791526234,-0.004324138355666517,0.011439912747853685,-0.01677971125459313,-0.014075934399720878,0.0015556868395422863,0.03586929849754357,0.011828651986421357,0.006227870021561452,0.004201272259148563,0.004113093318594355,0.002331990686140838,0.01871522157965992,-0.001126375967552749,0.0022293660913949805,-0.0026371938729244653,0.02554038940010399,-0.04471856529572885,-0.002653475287065852,-0.02019039556156819,-0.009643600307885731,0.02578752575752669,0.009285922559976957,-0.012311029768703153,0.02218845015630712,0.0031927601757084814,-0.0034193286932603334,-0.00877419074579101,0.0017901693581307116,-0.021274146744425487,0.0028963260189045275,0.03873446388533209,-0.018585064602759636,0.017741541895293853,-0.001462345454095493,-0.012899897040933687,0.024352117841044147,0.009336959378116136,-0.005741445414187026,-0.0021586591343285,0.000313133856401155,0.036625845096107355,0.008734170775515327,0.010471525018704955,-0.012344694092414827,-0.01710906428898219,-0.028167450565076285,-0.030180812560159396,-0.013195653525179261,-0.029578630849574773,-0.0038588044413683836,-0.011776127422135884,0.001726580006246051,-0.024129177848695935,-0.00325975660945493,-0.001415811485859178,-0.017745312362293514,-0.029868363859125606,0.022280753343674516,-0.028259026295299538,0.0015230123531172497,-0.000894471722370036,-0.04903038367698284,0.014627243327822202,-0.007283959427722977,0.014557709093944354,0.030734504637039254,-0.03029406999420799,0.019506512498247534
2020-11-27,0.009310810219252903,-0.009594332010913545,-0.037430760128064004,-0.014883630223610264,0.0049595712146311526,0.002913097009603019,0.052366642261149995,-0.012911730577727374,-0.0367986376459855,0.018642159914690457,-0.0134274703891977,0.01067039986284793,-0.017169832004909208,0.02475421392299336,0.00413417832021712,-0.013601312625099749,0.0033620292252319085,0.022091090499823825,-0.02366983764751645,0.014525278751906907,0.009738731147998548,-0.016265186414770167,-3.736395991920469e-05,0.0018295917230194147,-0.0027982139639572425,0.021476069440808945,-0.013678273440112847,0.034250943328414774,-0.0032430969817933827,0.01739504171817298,0.056149689629106096,-0.05068980110400373,-0.05219189402935308,0.01147723248980567,-0.011534693158811322,-0.0033323615978710216,-0.04073376673251396,0.021378091189048085,-0.001580994849032737,-0.015037719843979875,0.042268734483834905,0.0073509468157539485,-0.005385873076795178,-0.011362514845023642,0.022858914874868044,0.022058642039620865,-0.023439326343609602,-0.007694788498586881,-0.000836640870934872,-0.02467741215383285,0.01459020505160361,0.013879821784827835,-0.014267536527886957,-0.016963848239507036,-0.021468777374233403,0.02558924215586939,-0.02323164565639242,-0.02850652299608179,-0.01843110942413069,-0.005347566378704927,0.028968884647391765,0.026261676370630593,-0.012454820973518901,0.009471456642878238,0.0004915912081903786,-0.03530747990901094,-0.017028754130176266,-0.028829899825201972,-0.043311071158627465,-0.03109391558377943,-0.003774380984430767,-0.02236816235627212,0.013715152121887106,0.004678281229113781,0.0033607580610198595,0.017987767826345362,0.00867801117456249,0.04351563654311167,-0.0028993877767041955,-0.030408420644151835
2020-11-30,0.023142099755116018,0.007963307047714491,0.01945730167367618,-0.004119518792432722,-0.01849565760044042,-0.017556954993382348,0.027105074549409573,8.384537061956882e-05,-0.0035266517357289036,0.00621379459377979,0.02915741135902952,0.0007230505585165427,0.02366751611666118,-0.013006307897461497,-0.013665333944356529,0.031929290496003716,-0.004440403007600459,0.02840792862197048,-0.0014181621416151694,-0.022599517415688324,0.029205755223496,0.00017563094290922587,-0.030825893499359953,0.011924793526894767,0.0005049848460191447,-0.023569245234199863,-0.003396759562896947,0.025211404892465622,0.010789208860676669,-0.000673760744269614,-0.024475436502457936,-0.013501613875454102,0.00821179168153732,-0.005270555918947021,-0.004514485066974657,-0.01560289060045261,0.01170667684119744,0.003671057713810525,-0.024617061232087886,-0.023805960856463495,-0.021633450675886554,-0.01300611804952586,0.006130947304351525,0.02269084501261931,0.007247315748004313,-0.021055308138703984,0.01575072392639106,-0.006493142134719604,0.04681481149573257,-0.04425838014174199,-0.033457119202316046,-0.013549529679343805,-0.006453860669021022,0.036193159779908925,-0.009323914320454083,0.007489285527773479,0.012028949523573132,0.022614968257094418,-0.006359653375461153,-0.023556164528858666,-0.006958422472608375,0.00023242371506750152,0.010722924970853608,0.005360267324327006,-0.01486225655325194,0.003556906654625536,-0.020545653201941145,0.0032667165794440186,0.053017267644743515,-0.006571540022101664,0.0037715932042402664,0.007617949224034517,0.036359035662439435,-0.032215420452787816,0.011709193125124997,-0.009844041725077751,-0.012643740399468353,-0.001083678139146133,-0.0004530303016465005,-0.013153988849644523
2020-12-01,0.011255669896138751,0.014449166472412709,0.005757933224310983,0.022961486760046758,0.026487580825389975,-0.013358391664657862,0.01563491804252517,-0.03398896621903912,-0.004281203590540603,-0.02032574241987707,-0.004763390847519433,0.015810591268507118,-0.0003572140194983541,0.004908752451575783,0.01686368438490022,-0.023112830292456175,-0.01188247219931129,0.03027082871204593,0.01175050580127989,0.011021939666196771,-0.011622990221438033,0.01561261348702989,0.0074586862904491,0.02720718310351711,-0.008604384007297409,-0.029042453506161855,0.0006200268785682395,-0.025763341906291547,-0.013774376752696776,-0.0007017588894055035,-0.011879893403198736,-0.03326297505230879,0.04407491289132252,-0.031404045309054725,-0.005356186359238452,-0.011703609269266363,-0.008216388699750974,-0.025817619400290894,0.036873996234516274,-0.007260854830262006,0.03912915953375197,-0.025051355313104807,0.02362900366568048,-0.013701805401090573,-0.001117246455678776,-0.018434847116577318,-0.014670626556899618,-0.008475241850855537,-0.006003708205747537,-0.03690127787255628,-0.005739464718337253,-0.007499169257971136,-0.003381916130970737,-0.021659257721411734,0.006809295511094115,0.01999702980390731,0.0354150704058891,0.012514252503617625,-0.017627470075550968,0.021805064428550264,-0.003997073940120182,0.006096559881081445,-0.03848967762328135,-0.009235566495458135,0.04447802042963171,-0.01289146557561251,0.024242821624256235,-0.015378296793429207,-0.019935691859860532,0.03857724739653609,0.00816477138279125,0.004625736899995784,-0.011102421353152057,-0.014893819101306405,0.025176142805041723,-0.004299727332339936,0.03190095548644504,-0.0039825388306745,0.0012541262541997964,0.00232057594149616
2020-12-02,-0.015140846848985832,0.036154719213770094,0.0040604188821425045,0.004126356068266047,-0.016182813604828105,-0.01528193029982972,0.030629566177156523,-0.003718808559155325,0.053119178524103264,0.022709561079162787,-0.0004140200623372398,-0.0007299855489233121,0.01942436826385016,-0.004009078267058693,0.012640166457197163,0.020635975091988015,0.033024679434137165,-0.03266874822797217,0.018552989774192404,-0.007447743708452905,-0.016662755603791213,-0.03155506455600395,-0.002855944691545909,0.026179914972272546,0.002456402169166167,-0.004489953065494884,-0.010222973682917722,0.011917751885110453,0.005880713197293083,-0.020803235504010028,0.005213848551807275,0.0015200888747903159,-0.043665559211245056,-0.03233800903423859,-0.022598542854006753,0.01147720341298855,0.03130783890649714,-0.020369175794368907,0.005347136233784581,0.0028533982759762957,-0.011658135070303593,-0.008988928378546349,0.015165594905584077,-0.009575716924569235,-0.026392706314534095,0.0196653915804973,-0.027325843351314584,-0.011274877543684794,-0.002493586706742154,0.00032991043643344444,0.0009001270869055793,0.012755207086214033,0.018239504634084285,-0.03886153465188866,-0.0013922419389957553,-0.030869602054191057,0.02253046152819743,-0.006296817069785394,0.020296485354008333,0.002680813185702279,0.009493442953567029,0.018829773752028177,-0.007307407495513799,0.01905952510753159,-0.002238171981167228,0.014078221081180628,0.014419238293265173,0.012548946037809174,0.005225705047671137,-0.011751361294572403,0.002467991299468209,0.013278659261163861,0.05647758628276882,-0.005786311247919462,0.003631612050940669,-0.02587750038301073,0.02074751045925354,0.031220449170099775,-0.010104668237799382,0.02595341772952916
2020-12-03,0.00687510989714394,0.004941587689656302,0.014272290081737892,-0.01365207316082217,0.015388710904615166,0.009812138831218245,-0.04928977878050762,0.012714013047396333,0.021574446903467485,-0.034755651779199516,-0.020555478358277073,0.005202971535568838,-0.03519405197300928,-0.006470581231224023,0.0002496141097187908,-0.021486559457234745,-0.02158745025281309,0.0016901161151357874,0.004239418712999666,-0.012008733529344093,0.007533896973527721,0.029019526458999693,-0.008378070302408223,0.02297402622972306,-0.01155327559018727,0.03075549614051377,0.00608100816417679,0.012846435722006031,-0.003264754732738358,0.009323565202821963,-0.016265222752317822,-0.026858974820188175,0.004289117049138927,0.00852045667999415,-0.003125321070289058,0.009567635619099825,0.012600689436044577,-0.03410940101020498,0.016546464958952716,-0.038478390732104954,0.010761349176395643,-0.008263373402879932,-0.020754978563709087,-0.03523172945983207,0.04005321620297763,-0.03257289949836308,0.0061192290965699295,0.015539591702995608,0.014885030956925645,-0.023479182505701787,-0.009539279899877696,0.0028624745503026687,-0.025784398296414168,-0.01241088270016109,-0.005075342085214718,-0.001241662202290305,0.01556937447659645,0.015044154435569118,-0.012112722362325773,-0.009206968973526927,-0.010938221102729217,0.006786842329924958,-0.011313382573899175,-0.009414433695261652,-0.001504215855367298,-0.004026663466341945,-0.022286979708001736,-0.013274345975957749,-0.014276358683495471,-0.008448678515237269,-0.016949022211440505,-0.0025965163641044294,-0.01874555387286491,0.0017173693081741102,-0.023837195273334374,0.003387826070264903,0.013755111643095917,-0.03400195440173281,0.007231737759110297,-0.009015587834583257
2020-12-04,-0.01999285454061598,-0.028725416903671846,-0.0010383182666764386,0.00762051064651607,-0.011488415636199196,-0.023115061133645056,-0.015302608773456152,0.006283305774662105,-0.013817779600179925,0.029184819056545845,-0.011114409242987282,0.035263042292999584,-0.029991921931187354,-0.010265482735893545,0.010780851821252197,-0.0066117067691666385,-0.017089330125340644,-0.02785865275177235,0.043519083236709735,-0.027156480132665882,-0.005699390175763766,0.008838887676167565,0.01656359265710514,0.003519718296798583,0.005071874092264335,0.006776535568922491,0.007041482032336509,-0.009521499299364918,-0.007065232071783639,-0.006004318606624581,-0.017150857893280393,0.016391895264111167,0.003190089684086282,-0.004948058180661119,-0.01440306425588541,0.0027604221480649893,-0.00010439446894486497,0.02014440512671001,0.01047137162438977,0.011031123791562496,0.016442109746810245,0.03832422370339885,0.024625747152808734,-0.0027172031531397167,0.007029058472099143,-0.01790315164489468,0.008638668333709378,-0.0023644714941052115,0.0228856229473743,0.009060669695160197,0.0031629062363430775,0.001796114479664756,0.022606725236626945,0.005062539527805906,-0.026159624159082434,-0.07178710440676031,0.0008946422895553994,-0.02088781062971922,0.0014178025086616895,0.021580018803392977,-0.003508997620021104,0.030086883208654106,-0.02323066421410998,0.018356539508913368,0.006073728051915583,-0.015624443157486354,-0.0005658392445143288,0.01593035942948633,-0.030918960595447947,-0.0477009048509352,0.004447645372330144,0.006535904149700927,-0.020844317444424613,0.07095182215845489,-0.03217654167448884,0.009029058486361085,0.01329942835717127,0.01197272738941903,-0.043340083412590415,-0.0060534574797012535
2020-12-07,-0.002371159898805795,0.009188496541127664,0.029955682658867444,0.007664995801842291,-1.4970505771304612e-05,-0.0020324236237374334,-0.03729548554757822,-0.00033800117691457944,-0.014858757552642087,0.02242701745470782,-0.016540751300695763,-0.006847617106772492,0.031238814743735643,0.005538263915994064,0.019404970293363116,0.014461917743069628,-0.048585859353469776,0.005156294105099779,0.007220038923542033,-0.004647237537126098,0.003857800237701626,-0.012819082927027941,0.005663113099956591,0.01589109577151179,-0.006936566882774446,-0.011535539629255782,-0.031773874596855836,0.01676802944265749,0.01057920127211039,-0.007222848890144185,0.04660137179847256,-0.030564231876659777,0.01894631479060458,7.273172619640224e-05,-0.014523158486594856,-0.006320278645003046,0.014502243718755716,0.01726708279788017,0.02635420722287965,0.016670339314128084,0.01965081536921573,-0.0013676252774496697,0.00024892989805739863,0.028713125689118952,0.034900933108750816,0.031903454488139284,0.040718319618783444,-0.012563654863085014,0.00699210955723031,-0.007756700736445366,-0.013637534735544543,0.010441520779198256,-0.014951847933021034,-0.005440908128353386,0.005125385620859932,-0.013291064188474169,0.0210152654175963,-0.01183389314615255,-0.00998420816574229,0.016863647592937226,0.023414150967991074,0.036720390614613505,-0.0415243436916104,-0.012835330367641515,0.00011874026403476819,0.014101126654889875,0.021594871815775362,0.016906767100158787,-0.031966768496376655,-0.002999365250199605,0.020381891356643783,-0.0037492095312348793,-0.006081188829072622,-0.012634610424967068,0.03548315479212518,0.009547105774096941,-0.0005065773770300097,0.027690616216764573,-0.00618500368082345,-0.034055660337393726
2020-12-08,0.016987637385396145,0.008868595241800177,-0.016772655330409142,-0.012302221528446657,-0.0015251888992567682,-0.04537589111030568,0.007699579401573495,0.0018576966567622774,-0.008045592248363789,-0.032589551011617805,-0.0033030824605674992,-0.01264001209208626,0.01767943685357052,0.016915501271687308,-0.03345340769448002,0.0062036643621653014,0.001952162822554958,-0.031387948422732175,-0.007493246181443532,0.008519662435700733,0.010642571431504693,-0.013764565232778593,-0.016882392107834918,-0.01745005204743729,0.016127927091161422,0.0006913657967543755,-0.009610386802121696,0.003342149669387577,-0.008755038823196528,0.014490100816147456,-0.007435485276089552,0.004471833072926952,0.010297489422269455,0.007865042944680312,0.01940256494657255,0.016404773483796313,-0.0438131428979433,0.014183189691760334,-0.0024049485591524497,-0.0060404152029196615,-0.03255034567403778,0.01095678762221919,0.0022152065347287894,0.0050203172469340885,0.01810624460163786,-0.02093864186288146,0.0004879196664442613,0.00177600325764175,0.014081378495808608,-0.02564241996961723,-0.026437752647860448,-0.024993813021935863,0.013824936231664071,-0.012425092610346727,0.00881829187781944,0.03946039691353543,0.023962987416477868,-0.006648317585830385,-0.042583950012347785,0.01509798218662344,0.002075631626324652,-0.02507930303403877,-0.04802675849547752,-0.0029618946285476116,0.008206988488186231,-0.0023911858236695172,-0.020290103285875487,0.008657100969466007,-0.03490403397346315,0.01823357660855404,-0.007254665576266852,-0.043774453810059726,-0.014242279027766947,-0.006502329641428693,0.02926376163371061,0.002881526918276789,-0.00417963854762997,0.016023500770627693,0.003667546348192588,0.005097029229029999
2020-12-09,-0.03781987825926955,-0.012852803426543992,-0.007207715294822468,0.030945683695134358,0.004164371663808515,0.006729610072559339,-0.04188483521559098,-0.009518543480467424,0.00611706268198655,0.020494290515585736,-0.017075727600560815,0.024494490438195113,-0.04373658742542938,-0.041938283584503584,-0.011372846218802529,0.010174814396144148,-0.0359291744234001,-0.04186216294639394,-0.0071840017553331135,-0.014734619750337796,-0.003430183177824828,0.023326794231225044,0.020945926927860185,-0.00479587827372304,-0.00015274318364872752,-0.030307174517368734,0.0021769000216178462,-0.019193402888359995,0.008026351143857038,-0.023151715961390925,0.001940851442214633,0.019493003979191785,-0.002520990287901549,0.013636640090030062,-0.006276176303043805,-0.021399106994953145,-0.022086858729280078,0.0010710358681113744,0.007333265767900295,-0.005865748878259183,0.0466839373672346,-0.04287401702768055,-0.04363433705254898,-0.006618379039088621,0.005634682409743056,0.012768326229407698,-0.0011657203620455152,-0.0024873862882295867,-0.018956346935465548,0.03350099187435858,-0.01254306113373155,0.02309712245525925,-0.02158698509111204,-0.002978483819836158,0.009701477906476255,0.01464043249594583,-0.030214638064140164,-0.023375192142422955,0.014468377315383434,-0.02991986561699889,0.025095494779418387,-0.011068899923176452,-0.03633467278593777,-0.006117092662881204,0.002758687544740498,0.014603437018563637,0.0257296083215875,-0.012835287529112532,0.011428313156883394,-0.0052861917743769115,0.0006974424092791669,0.012079901915294074,-0.018387701619229913,0.02735355755719899,0.023477268073730816,-0.03347811408369991,0.0037936792192535484,0.02306484615644,-0.01905649728066424,-0.001727914933693882
2020-12-10,0.00498592425330114,-0.014101626175107424,0.021900252619635466,-0.016726516543739876,0.0016855018247623225,-0.005679810223162784,-0.042171694330621276,0.026131938281543622,0.0071833668441062155,-0.022902324332171545,0.024325877701945654,-0.007236279761690504,0.003275537423857095,0.0018560909211285715,0.015214895232707177,-0.0023764168545816083,0.02253447273557269,-0.003623017534625495,0.004618535280793111,-0.04159176238584871,0.024155529835511898,-0.02113276429411044,-0.027027016709811617,-0.003270506869856702,0.004917629656027112,0.0033817382154643235,-0.021125787045395025,-0.02479588241151268,0.0263069899689688,0.005982088305915346,0.007625184179939052,-0.01619430589641912,-0.003440938978599892,0.00506429733243779,-0.007286258342458613,-0.014235669187268382,0.006502104170529873,-0.013818533797046895,-0.0060350551935988705,0.0005456621991740881,0.02892252133810748,0.012505669555564782,-0.039515721567152315,-0.017859749384400853,-0.008847370094681489,0.021378199447720302,-0.027710868738543927,0.02542353931244299,0.011201142326474631,0.007354800684926555,-0.0077176174304761196,-0.005759395890104899,-0.007817057531446535,-0.035545620403325734,0.0018821491442019068,0.03729530704385717,-0.005542466310311155,0.0025299870480572956,0.0004469430119262774,-0.0030472573680438435,-0.0019148240239326587,-0.007476880782026343,0.0021785477040589564,0.030946845263698074,0.0011128338965781625,-0.007569669411019208,0.001409054295457004,0.03276930264863478,-0.01877593313883064,0.02754673042474924,-0.002424950611603755,0.008281357027373265,0.018790873975509582,-0.042558340524405075,-0.024034145560423256,-0.009040292289204891,-0.01872472503062614,-0.003985039009610702,-0.004232002443533996,0.03970843777940018
2020-12-11,0.014739272787241468,-0.04875940445865436,-0.03921336491640689,1.5715700391774872e-05,0.004657615350361845,0.010771258605925597,0.0019117789443558377,0.0012163825987134718,0.028093344647178886,-0.024512526892396087,0.0011364812429861192,-0.02181476115446696,-0.030580300488295784,-0.002150084409161013,0.027412167629802097,-0.033541891169443304,0.00903550771749381,-0.003244382980431058,-0.0018197227607847253,-0.007713451942437387,0.003972059003608969,-0.014037167804845053,0.03514709708126527,-0.024741782069922513,0.03076418472717959,0.006224553464462874,0.03214365587044628,-0.008421828478165421,-0.007895140653938022,0.012329317076855514,-0.013639565833629132,0.0454527573134821,0.025772714322010726,0.010864635860987704,-0.014087571279957242,0.00430937520296063,-0.009053233194147367,0.017830996909771663,-0.001872924861604153,0.016390108357961907,-0.0005033524519526382,-0.019899270928422214,-0.016868076409883425,-0.009225934943194099,-0.016091158838937896,-0.01777211501807463,-0.02292482672040145,-0.0014277946842293676,-0.004161485218091797,-0.03235874478872062,-0.010081367335136829,0.010339303103122711,-0.015632007840600984,-0.004351341446433372,-0.004760693993123007,0.024093747700618635,-0.016782529798133366,-0.00027054862704527043,0.02289241063446032,-0.01372122034044817,0.00041045189700366215,0.019187408147523996,0.009248061521487497,-0.00246074007833403,0.0026689140299408056,0.04723201326497998,0.007489156364621726,0.006307648538212696,-0.011143831788428305,-0.011392146136410057,0.010160277477833433,-0.02706042897451217,-0.0023480181709854436,0.013116104352472435,0.015008695142752835,-0.014453543903866073,0.005793146632564285,-0.004505385943902977,0.003640470954699138,0.017043865886426795
2020-12-14,0.010622588187248509,-0.026201328846685065,-0.013808613959409743,0.013609701665729383,-0.039404343349300736,-0.019431727411668633,-0.01834758530883432,-0.0042002026672465055,0.02488865606479939,-0.012421589231752342,0.02210178173670888,0.006994593641527321,0.012806742218593433,-0.00245307344509349,-0.03565750032542666,0.03182617622369348,0.010328118967822977,0.020227365143803595,-0.0019414364029710779,-0.007546923661598634,0.04104790984242412,0.013567543992892539,0.02385119235786112,-0.0025674845519989675,0.012996892784142658,0.010246762994999612,0.004338732216930636,-0.002358774891310521,-0.024654398749520925,-0.0404665879475022,0.00019962698836886963,0.001983422466915042,0.05429152871751269,0.018519873090943054,-0.03133366100781765,-0.013593658722284657,-0.0162496253171146,0.01788654367655493,-0.017822235528087232,0.008872436723457625,0.057838688869931563,0.03909362641928995,-0.025111317839188504,-0.019059272286501037,-0.008337865522111767,0.00998271410821507,-0.0005876035734827863,-0.004560397093393729,0.040854621545973815,0.0035097145738332046,0.02321276512393699,0.01847737749835131,-0.01913898068009599,0.006403994155838821,-0.00881665130823498,-0.018495876025969644,0.010851950594388666,0.007337220185135742,-0.00781852565353919,0.002750039065813168,0.013833156415748822,0.0105726418009454,-0.017500210023791558,0.019300464510402144,-0.004035714779015907,0.0069046861278675474,0.0026065397225021707,-0.018225488272812868,0.0301224123831943,-0.016645589723562292,-0.03755105729448454,0.014452918156679236,0.008827460112021774,0.013369711191929742,-0.004871244089613877,-0.00763552242853976,0.013153618208112566,0.018695505530528976,-0.029021622938645214,-0.030938879975211855
2020-12-15,0.021550339087044186,-0.008255826591098801,-0.014517592784693358,0.0018962915308070006,0.02930937085582455,0.007522776117401264,0.0160570724286132,0.04229496489152916,0.0014712551672121672,-0.04236296835958746,-0.006908139036650686,0.0011734120673927515,0.018214019420492625,-0.026049121679840997,-0.01074578021784779,0.006322089062127996,0.008586993409840578,0.012268865333003006,0.001716141998467762,-0.034098301614579316,-0.02450615347029924,-0.006580885904847698,0.009892134960508307,-0.015112891925383912,0.03761730496896631,0.012210815398425483,0.001139079571073587,0.0026899011444337624,0.03734561852669918,0.011490509367530034,-0.01744398210455087,-0.012871976774712664,-0.006897043426232699,0.005286929642612142,0.02366203249399658,-0.005053093760255597,-0.00895413105891591,0.018212343154783622,-0.0024277630147402276,0.03770343053194389,0.008681536794225153,-0.005669410828521476,-0.018171287511349467,0.016248172622232684,-0.0005375964037372051,0.019428363274093367,-0.016687936732742912,0.02941623392987204,-0.023528767001009553,0.025184958980111905,0.009503128939567725,-0.0208331316992368,0.001525558304065966,0.00031017191428258983,0.02582291827685504,-0.03919996212398107,-0.008010956390193147,0.03008549713062655,0.021740144987152977,-0.0184802016922943,0.014444388927311804,-0.03529395717644184,0.0037016632866376177,-0.0023231078716356495,-0.006001996424302137,0.0030861768594321426,-0.03887554689765411,0.013452635101637274,0.02450850183031191,-0.0009568587206520028,0.0032095970877000263,0.006044062633802919,0.030481729045585736,-0.0280903860538952,-0.012036622743831412,-0.010392885306529766,-0.013477144214606804,-0.007253702229905609,-0.0419606853217065,0.009782598875894844
2020-12-16,0.03168722223440094,0.027093085088424274,-0.009558241114671415,0.007001026778640226,0.004148565916950032,0.004589579240569128,0.0030405848392228768,0.0017250611029858108,-0.015681212275725366,0.013152778625961734,-0.0032748549458243036,0.01374082183777277,-0.025075326639820462,-0.015517429988924856,0.009727064116493928,0.010782241305040616,-0.012349726221600193,-0.004038272005621486,0.01212985252317479,-0.02897162093653909,-0.009386563626351043,0.02432103450456881,0.015397035497252003,-0.004833149393252788,-0.011296654813976717,0.01555367989107458,0.04561399089412225,0.03805284691486471,0.00940312922358984,-0.006329656849487521,-0.007139400629716423,0.006839362358279449,-0.017798634247747327,-0.0322242082990982,-0.004689672672664567,0.02737923619200387,0.0013374352176018273,0.025224606972615197,0.0029204575426707486,0.008585427091013478,0.015350074253324573,0.018076586129375544,-0.01028423508166372,0.019832711643129237,0.0012689218157852348,-0.03248760764621266,-0.005719405807984413,0.006558149179384154,0.03648589527929174,0.005278495888606045,-0.009519596595587125,-0.02107104400368839,0.0016937647842024534,-0.03926001887107149,0.007511523754356639,-0.02709718438592176,-0.017463468526851357,-0.011739468989826276,-0.017378626519859983,-0.0073173492309168975,0.009303625081943575,0.021647671218657176,-0.029773947238847517,0.01549275982449742,-0.009204793701803769,0.009496829590721862,0.03553706752900534,-0.010344139426445171,0.000345628898426189,-0.012903162288492476,-0.056794191351197336,-0.03194740027544309,0.004531592197111833,0.03581548655645619,0.009905846062811367,-0.012298654951223826,0.030121638183827303,0.002665354069768538,0.010992451903947278,-0.0004871390323214771
2020-12-17,-0.026179514519188034,0.009414407523552755,0.020432369554683284,-0.012718509997152821,0.0283264354091835,-0.013387448274835406,0.013059588688656034,-0.001079200185352968,0.030738682917619796,-0.027489215523950717,0.012008661534620033,-0.007812806304389151,0.009758255042557715,-0.035316629923491875,-0.0031166898001400117,-0.0037205132641243027,-0.023118195648491584,0.0048688142848026,-0.02340374150884711,0.004880121262855991,-0.01975008796432633,-0.007894992406706125,0.0024239486719440694,0.011946463530572209,-0.026435306319341215,-0.006574585485996791,-0.013656901803006594,0.033602889373151916,-0.017526744439606695,-0.017718016044523825,-0.010258631974822574,-0.012871020679379227,0.009696460525047065,0.011794294287256195,-0.0011884610030506498,0.011961280869267765,-0.013865919571230545,0.02273805724650755,0.042323777379113546,-0.042853786006739586,0.027480313554598994,0.011219454270587702,0.0012717984682026936,0.03048039875712667,0.028844354761029818,0.02560806941797948,0.0033878167125419986,-0.010836123041243862,0.005581697011979107,-0.035382993512939,-0.004969570756479902,0.005911917304415897,-0.011489737927522283,-0.014465392371893693,-0.03130071825164781,0.007955470638246994,-0.01669714555812325,-0.005192852281611952,-0.019969793295078673,-0.01998034692631488,0.022155244556692245,0.022528886762317072,0.023321536223099924,0.004915407318454805,-0.01252039377802512,-0.006667622363197567,0.011730520070095117,0.04628642236285194,0.027989608074215293,-0.011214473358468703,-0.027084737343305503,-0.015038332565916869,-0.021489376405125143,-0.022282824875827962,0.014191645590936407,-0.006642438618640143,0.028031052429552547,-0.022887540184727887,-0.00833818440861946,0.004221442795347786
2020-12-18,-9.678971236401837e-05,0.025681689903575458,-6.374001812267313e-05,-0.008372357494575688,-0.0007864958298021353,-0.02097914309104326,-0.004908917051746816,-0.027304839993627573,0.008894542285488178,0.01433768406757358,0.019401719723546297,0.0070585668658025985,0.01737314481471125,-0.014519038005984959,-0.006555753792484304,0.0010394345343100173,0.009098110576893642,-0.008250300986471374,-0.022077283804242835,-0.006226733068943759,0.012230433384796974,0.003546567262822875,-0.003794676240627396,-0.0018992234549866994,-0.017328940840636735,-0.001493917743564691,-0.02829294027389273,0.02242162124456502,-0.004254622992989614,0.025470341558768834,-0.01680737659394641,0.04648337867930107,0.010902753356626969,0.028833137339242254,0.01158648706717236,0.018900405646057276,-0.016630756430132614,0.028304480963019275,-0.00790401168933991,-0.017632753249851488,0.0008343468534905287,0.030020216257166884,-0.0033675589916100043,-0.029332530637285418,-0.001613549473544979,-0.015339419569616278,0.012944522925793248,-0.010080576396041376,0.01974288332349711,0.011088222116610254,-0.009646149609269716,0.01987020932079343,-0.007943275098952355,-0.01786940953804387,-0.030937515888293514,0.0029335374680536075,-0.008352734314714654,-0.024300297560329035,0.026731837042393552,0.013746804082795421,0.036951606133662794,0.0335614762141949,-0.026703321738707722,-0.021441835080327314,-0.007156923482382686,0.010956455205534796,-0.0024152463690422675,-0.006886518623291722,-0.0012454753638449477,0.0059359004051174995,0.018693882359393406,-0.018349682816204124,0.009869389178789692,-0.025050132849609583,0.0024682826221550064,0.005093573758243375,-0.001512578068419104,0.015150934342832887,0.028360997415123528,0.004488400027593215
2020-12-21,-0.003512811390203905,0.00605565926533602,-0.003884372064954,0.02355117536810728,0.006370186059895123,0.00713313562663289,-0.016399090790978777,-0.006745499941934138,0.02737430805356639,0.0015032592665312709,0.004820062753247203,0.019018442370423317,-0.00016153072956739207,0.01836461760955482,-0.029994296218171183,-0.010363305796558015,-0.020334019055039034,0.01989386302642943,0.0028429602506008108,-0.039976750651984395,0.019123468711212885,0.026507445175803827,-0.044125006553154676,-0.004869187141524418,0.03997564739618308,-0.0055493137871057965,0.009433119810702318,-0.004300129530226812,-0.02110132124844426,-0.009806276951333282,-0.0029835705733526957,0.011543340901399224,0.007095446557308025,-0.005689882746344351,0.004795490677218145,0.01124840716160514,0.0011658749225872003,-0.013402410551953127,0.006188988911628066,0.03941681285974517,-0.022303393954876922,-0.022193661862265554,-0.005447667904942446,0.02538903440739305,-0.04250501468385979,0.007892897009103414,-0.017030024567948703,0.014956090697922473,0.012865716394746412,-0.006485527460191107,-0.005104661763961455,0.013377515106058151,-0.019482978044007723,0.0009222131394160958,0.019426590424098972,-0.017818836144206134,-0.03919855591372035,-0.03624899876763428,0.0011956705565098209,-0.0117835373661045,0.0328161690067895,-0.0068298965720723324,-0.010726278118222188,0.010120569973479432,0.01685534835056404,0.0014378306553402926,0.04876512990261622,0.01160993945100499,0.0013901249432400728,-0.007745594797703549,0.020129622815614905,0.029705124688363206,0.02674766422397674,-0.00636488154042185,0.01399365375903374,-0.007546678224206825,-0.031134124568681157,-0.0021221535960844707,0.009728894257616453,-0.008932257278641385
2020-12-22,-0.00651316291042061,-0.008928029291021194,0.033559913072366165,-0.001303648517068037,-0.008873267627632724,-0.01330260575322931,0.015225175820243585,-0.015535189198323902,-0.00530766690992103,-0.014328736668281876,-0.010742128308267668,0.002849035181041217,0.0026604147618119246,-0.026274386895863217,0.0046782983274677925,-0.0010801440383851656,-0.011186439549513658,-0.007326866411790245,-0.0017111966846739945,0.020693147397364175,0.01877221539387968,-0.017861371130099408,0.013044613837608415,0.009355821295222774,-0.016056425532010535,0.016894107635100363,0.007306052630529646,-0.01443062672772552,0.008535709448155548,-0.03466208273618713,-0.016744511418934287,-0.0016865887424028722,-0.03896628930294625,0.03492370818737198,0.00913299491418742,-0.007434506807619439,0.0021650850191108476,-0.012407019244385604,0.0366313783159893,-0.02272937652210611,-0.016706905293794722,0.023754756002938797,-0.008907880570738179,0.011512064780777582,-0.02579505660816375,-0.011045733546635222,-0.03204903870039146,-0.006536026937000369,0.02224820920992995,-0.00029266833325139056,0.0005577152049087952,0.010758878563025629,-0.016358351865364548,-0.021669671878355924,-0.012644976139667308,-0.022605797474421277,-0.00612534259443604,-0.02562390705711135,-0.0065361782618074005,0.004445215893760644,0.004821761635678839,0.018354345209749243,-0.010014041772357981,0.00045194466419206313,-0.0049233431825711094,0.0058350147545231604,0.011700377408323009,0.0029659834196936875,0.00038288010824966595,0.012617880236885478,-0.02067925328576095,-0.028368044831372313,0.013102897708549064,-0.004336770056394434,0.019471925729914817,-0.00663310292535964,0.010824106569956669,0.022768225682116467,0.013882122891076326,0.02796440911581877
2020-12-23,-0.01672104930342983,0.01466961825787323,-0.0082947874187301,-0.006584594519132162,-0.004623277746230659,-0.0094368657096864,-0.01718131395962609,0.023311183513277888,-0.022630184329259534,-0.002673134846926168,0.010712751769303273,-0.007971673286017235,0.00507185883381613,-0.014248571798731943,-0.009008377731353094,-0.03653820607931964,0.00039654307530734257,-0.0010652511998737355,0.027143684939485428,0.005104759120778626,-0.005034486812150345,0.03526349858745339,-0.03578755416456843,-0.028755980884658344,0.0064099001030910666,0.012618616906834705,0.0020130238667444684,-0.002616102315702015,0.0023898903468522223,0.027727512505135686,0.003805355335911008,0.005914131871133716,-0.0007727018212097016,0.0341502531594384,-0.02327828021013044,-0.02711899257915459,0.014416653099920048,0.03397954272675973,0.0018198027927380173,-0.00923099497251324,-0.01986963886098662,0.012862031124273953,0.016663690935072806,-0.04023827121843235,0.0364782900027964,0.01492642964817946,0.004608789276367562,-0.01706490521135054,-0.01938628678437281,0.015290015393747898,0.023630679781926456,0.0004408168957703607,0.020737259315651655,-0.019579847111064915,-0.018542237913511953,-0.01345105280929205,-0.00790455233536185,0.002606292880384646,-0.031343440218156444,-0.0015729009952441214,-0.010500436309509135,0.014356055172805589,0.0032715878198182474,-0.021673186021291705,0.02339659291835619,-0.013725642964305246,0.02415560639664187,-0.003840992473597364,0.008498452500858629,-0.02911087290307622,0.0315261462775576,-0.03422617448186213,0.009780164696713115,-0.006350407527638985,-0.037459657794708105,0.013909762243786752,-0.004873375928361074,0.0031820453636072026,0.0007254156341751945,0.03689700704191769
2020-12-24,0.021702515547583127,0.01401488558177382,-0.01841440120582434,0.013661157400524565,-0.037477416794426816,-0.022754839532457067,-0.011060707504871935,0.002556830614917127,0.017789410749496533,0.006276703311320903,-0.011466098444627995,-0.025976297165289163,-0.0028625279494268008,-0.007388343425727297,-0.0041959632070906125,-0.016013554857583757,-0.018724684115148965,-0.00613189049284505,0.0354176441532088,0.010522976502466917,0.019355577233299247,0.012473864203523831,0.010112254672065972,0.027943928815132416,-0.029246387791083465,-0.005527473883777091,-0.003707995163842732,-0.012999723942528064,-0.015138747661860788,-0.007442515580422868,0.016835245327299908,0.000422546587379789,-0.0010164905861992073,0.019331414351975017,-0.011926950091470188,0.016666441289770764,-0.016427111084967,0.026309537038651278,-0.006869034462003256,-0.0243676114087514,0.0065974169936651285,-0.009650356025974147,-0.00491936884139406,0.011214500645876885,0.0005752571476076691,0.013255715607215668,0.029106154584053506,0.04492500812039023,0.01763999977081549,-0.005016992872147825,0.0009565009422092928,0.0012733926785130148,0.01570995164543337,-0.004359668261477402,-0.0009471657444465085,-0.023566571733017617,-0.000192223296955466,-0.01824267728377775,0.05924305027583295,-0.01576256711663085,-0.021023960472556655,-0.010234892329805482,-0.022637069229031588,0.008986124541837625,0.004582116512854228,-0.008770823293986823,-0.048966010952715806,0.043755936683733836,-0.022806680101480157,0.02501261315200905,0.010995555667548111,-0.004164931043373208,-0.0033420363473972686,0.03341971115042854,0.012829183448149047,-0.014520440931235038,-0.010570911507486559,0.0066383789075812275,0.010960871398091928,-0.015746575050586728
2020-12-28,0.013452920289239317,-0.0070039306925055835,-0.014614387399775369,-0.03101456424038244,-0.01455965772045669,-0.012081839699450633,-0.004325565362021526,0.011273328270396486,0.022691922164894754,0.014692399183243032,0.003417470574939641,-0.016733375568460943,-0.021538462373686913,-0.0078116462529714,0.019438373876404888,-0.018926224914497376,0.006051406698715669,-0.0008654637792223268,-0.03439294280180704,-0.024637684911009927,0.03579768631101709,0.009730666055587292,-0.007699098121151307,0.01961062686921646,-0.010075641632736627,0.02163425011048904,-0.01249673270150177,-0.038286456012423184,-0.011982010891122724,0.027954513129834307,-0.04667468180267209,-0.024557715540441116,0.013180760387763998,-0.031019105770652602,-8.013453160145042e-05,0.015052028263531364,0.024782530620106016,0.011621231215676079,0.017793992453179114,0.008977026972844391,-0.00620637432922208,0.003630986361330054,-0.022950518590102723,-0.013975591255429244,0.016378181396003343,-0.021556550663002768,0.05799521758105221,0.0025409696149096394,-0.00642886314327987,0.0021063221689506264,0.025412606446335376,-0.00355420238936851,0.006878958682351955,-0.016751829129534865,-0.002875522514776813,-0.0031230673759325544,0.0012115869574216337,0.019095775528054675,-0.007220665773640988,-0.051495035437467654,-0.011596645780316555,-0.012565467771941523,0.010197548355636887,0.018955144659735176,0.003127986909714704,0.032804609759128474,-0.00630611394722359,0.013032519922704069,-0.01637045718597145,-0.004265087756908934,0.01361557139870204,0.030365913749010744,0.01828121681926694,0.018594576456478735,0.022351563004075304,-0.025760058936579726,-0.008970536478645062,0.0017396837952197487,0.04498266166709869,0.013577231120452164
2020-12-29,-0.01226607408414763,0.004918952900159392,0.010183997108099769,-0.008760806478222263,-0.0013893864270806654,0.010496536570676108,0.011020189868511384,-0.0035435627844014207,0.017109421433911726,0.016899816112402367,0.006078036041901669,-0.009201184844403316,-0.004772594297436457,-0.021725783472071027,-0.014829694509200672,-0.007430184510036762,-0.0064860377064040586,0.02042726469799343,-0.005948895092884653,-0.009906488210874084,0.035798729726125654,-0.017446805706005923,-0.02823697845067568,0.007636529333788551,-0.013770140834246918,0.018490323360939892,0.0177794622592805,-0.0020862245595400356,0.0018929863994355453,-0.0022726436103505856,-0.0002795609436128665,0.004064972621225415,-0.0073730437836274235,-0.030497897674523107,-0.014631996061759623,-0.027697449627707687,0.007203428315441095,0.02137473984233079,0.009774979895142713,0.009661838181466065,-0.014907174661163699,-0.0017450614843211414,0.02194010288742796,-0.0002506744721277869,-0.025940962219844873,0.011578249914371922,-0.02639330748971271,0.012219068962807382,-0.015987668002736197,-0.02824364503206627,-0.03518206667736568,-0.006221610266722006,-0.038811382321689104,0.01943165823106116,-0.013444796529823427,-0.029116238976871666,-0.004626860182628291,-0.009987647717169625,0.008086967596507372,-0.005245446722801631,-0.0007898291643594509,-0.027446422807301172,-0.023190712577935514,-0.025746254892884256,0.026652056749510038,-0.03884686050610888,0.013319183545056696,0.03086299875681892,0.010260255424248918,-0.01370879017562529,-0.05317857297803652,-0.010747912070863895,0.0044090195332005516,0.024326289150850722,-0.0064074584683872105,0.011265217295776212,0.00010668551529392729,-0.004514841320036817,0.02903136526459123,0.024267998227169275
2020-12-30,-0.0007659238973614123,-0.006145354458090927,3.837449532759565e-06,-0.022899830315709586,-0.002722675864917469,0.006662143462182954,0.02485311378002277,-0.022655788874235798,-0.016590912726329562,0.02167991712731618,0.005694711141386726,-0.02391632873808141,-0.03533129015040498,-0.016396882371197997,0.006328935171644302,0.0019962733764328365,0.0001309578343674751,-0.01362799825399219,0.02898618245737351,-0.0207886192580134,-0.02267638387507907,0.0045403147391181176,-0.007982799833069949,-0.019739692405569647,-0.016084120063543882,0.00585696502435502,-0.031425656613247754,-0.05083740251802544,0.002229835042370108,-0.025775022523315844,0.03441500563485044,-0.017917377467393993,-0.012150854908557294,-0.018970725343926766,-0.007410911708928979,0.027966130474889345,-0.017799544407607944,0.00883426739586905,0.03459947718050405,-0.00032141193649384446,0.037663195531822534,0.02129105346393864,0.028722609320883562,-0.009056187686235962,-0.0002195459992313606,0.002648665205554493,0.02383536269558459,-0.0026429145735955856,-0.01873177755235397,0.006265275510751113,0.0011681657341887622,-0.006271147804925811,-0.020111043092727904,-0.007459713655766728,-0.019101290242561037,0.009597225295767528,-0.013436590432742472,-0.015831644503032274,0.022046346911972273,0.011980630500834404,-0.006721179097005985,-0.009072141929161722,-0.01650102322758335,-0.007176230977691656,-0.016065487896803548,-0.023797184889105937,-0.003487851160614845,-0.026308051991208854,-0.02346575466381072,-0.014215114049397877,-0.0036072598613727047,-0.01562777070254402,0.03558003665413195,-0.02940801819229214,0.021389412721372122,0.0029690729902794332,-0.009360566569850659,-0.014050939821849023,-0.0181675852350672,-0.013174402214252012
2020-12-31,0.0014582018580451745,-0.005918417895357311,-0.021651687329247587,0.0026550091620902595,0.0187756670911865,-0.020449236027436417,-0.011474509456616995,-0.008547414364933064,0.029175023936367873,0.0204112220416113,0.014016581996500042,-0.011181891442098798,-0.0015351802552545874,0.018903094713336593,0.0005151070184652565,0.015465224428402891,0.005661190930178238,0.012594374482378481,-0.018563724015270757,-0.031669788022262335,-0.0016644315880605864,-0.02602650568049694,0.014395478261057472,0.011612485015497727,0.029006377127911598,0.005079079442674835,0.012603293805367524,-0.008175675877785935,-0.006283702246960919,0.03697720598553672,0.012255293384645233,0.013726288673491396,-0.01612276755697246,0.009339143220827264,0.0026559419645542427,0.00650699657429617,-0.01618030078047712,0.004042979054373566,-0.004987657691092163,0.00937392768764152,0.01738336046771052,0.015982985893896996,-0.026482062740961355,0.013190976463606247,-0.023255869991036123,0.00734663095343923,0.0034676163912144985,-0.002949826952501143,-0.008633935984330444,0.01350235114774973,-0.0067608693654486384,0.02929832936873116,-0.011742665035484883,0.02425932126178565,0.017423452678500425,-0.0074457104388983035,-0.000888434079201582,-0.013691323204730273,-0.0375870334594134,-0.008074909953592342,0.012606976256344899,-0.00922375537407596,-0.022919954695437967,0.029261109448510365,0.017170862408309194,0.03452936188839243,-0.016007224574059353,-0.006105883424436176,-0.02487599492663185,0.020612544068776644,0.008606242550531953,-0.0057854726752486615,-0.009506325060365393,0.01740233306624922,-0.011380691961561235,-0.033292245941977876,-0.005275275401704693,0.013575451266070774,-0.006734505255705958,-0.0030152579141913454
