Date,LAG_01,LAG_20,LAG_26,LAG_32,LAG_38,LAG_41,LAG_43,LAG_45,LAG_48,LAG_49,LEAD_04,LEAD_13,LEAD_15,LEAD_18,LEAD_29,LEAD_40,LEAD_41,LEAD_44,LEAD_47,LEAD_48,NOISE_004,NOISE_005,NOISE_007,NOISE_012,NOISE_016,NOISE_017,NOISE_027,NOISE_032,NOISE_046,NOISE_050,NOISE_055,NOISE_060,NOISE_083,NOISE_086,NOISE_088,NOISE_092,NOISE_093,NOISE_095,NOISE_110,NOISE_112,NOISE_119,NOISE_122,NOISE_123,NOISE_125,NOISE_127,NOISE_128,NOISE_133,NOISE_137,NOISE_142,NOISE_143,NOISE_145,NOISE_146,NOISE_152,NOISE_158,NOISE_159,NOISE_162,NOISE_172,NOISE_174,NOISE_177,NOISE_180,NOISE_184,NOISE_187,NOISE_189,NOISE_191,NOISE_199,NOISE_202,NOISE_203,NOISE_209,NOISE_220,NOISE_223,NOISE_228,NOISE_230,NOISE_240,NOISE_250,NOISE_253,NOISE_266,NOISE_267,NOISE_270,NOISE_271,NOISE_300
2021-01-04,-0.0016690910936550084,0.012032459319594336,-0.01911918326690456,0.009156861096259138,0.009810816529399479,0.0050727624173116485,0.0025992893877373976,-0.01662428539199516,-0.007666441526236109,-0.034514061889879676,-0.010823381935710037,-0.005388212366653358,0.028055286211614003,-0.031900644339124304,-0.011339758276853556,0.032386441526466095,0.011282338528003954,0.01947913387091841,-0.01930984381996071,0.008449692438685442,0.019546700248046202,-0.033887447082926674,0.017979027692082296,-0.008555093126823218,0.026218919692409668,-0.02663837952957144,0.005089893166313708,0.00669631140400353,0.042506313762001195,-0.018287559897367394,0.024079961973250148,0.029947889531028525,-0.007378191306173965,0.020594708296979448,-0.010794315819015934,-0.004284586122345913,0.008901412686816485,-0.00837076804144661,0.0033518352802294087,-0.012861348764884473,0.006668110611250527,-0.026598122439770628,0.03501606456443094,-0.0002232827872893917,-0.0008751273282008037,0.004283000289192596,0.04173585499137334,0.02131102510005221,0.011929292668093982,-0.004447579853104304,0.043602174904226736,0.004305426690067376,-0.00796147863785186,-0.0318923203729566,-0.04099629765696793,0.03496213193613306,-0.023788726875955825,0.003917353201785871,0.016724897112682508,0.021110464806373283,0.043732560104888636,0.012092494144140856,0.010343887648961948,-0.0029439665423153984,0.05842035839077287,0.0006937394833927753,0.003920711561244587,-0.008478681235389422,0.009166856341966206,-0.018588729400190337,-0.0070428728012489695,0.008316468128246126,-0.0038857488517982683,-0.005283068141902805,0.012792569294389843,-0.002755801934516932,-0.016655284688862123,-0.03667832792281623,-0.00304284557427845,-0.026508071969257665
2021-01-05,-0.004854625986161689,0.013351653199627672,-0.005874827150568665,0.03819656627143416,0.04743901521515439,0.00961181175324977,0.004734513732172271,5.91142953562595e-05,0.006508688100450481,-0.01244621911870011,0.028199750232322792,0.032887605714024895,0.009571822197394855,-0.009801889201325796,-0.003068997022537692,-0.02518925529828714,-0.02004775289232969,0.03452912743757377,0.010272747780004084,0.0052804489799270675,-0.012356177205103645,0.0027343691263977637,-0.02199472367832552,-0.006836577153319765,-0.010931652336479334,-0.0005681882075812361,0.035917881264200355,-0.03654646342288253,-0.04267265456855917,0.022474171183386044,0.0057942617686682855,-0.018922523658539043,0.010885895767952458,-0.014563879283418783,0.01816292098596793,0.04041658112999309,0.015391220250324474,-0.03485366725434712,-0.017966250539890892,-0.039136267652441006,-0.0014120327036986164,-0.004353369041676031,0.02440257837297068,-0.014595665277393557,0.011169207912814883,0.0022762369209556868,-0.029866257992117663,-0.018309925173907768,0.027024083596019054,0.016106361070424013,-0.020106809815041964,0.001324043071828229,-0.034063438846667564,0.01905452519730859,-0.00024313736714042192,-0.0036982028268845142,0.04792823875153292,0.015320220553847465,-0.017237957400565135,0.014697889682986614,0.008472953096488193,-0.02689590646603977,0.01172444716615146,-0.01712658164492011,-0.057014974712788345,0.0009302104097323891,-0.029780248801604698,0.028927337924739532,-0.008774922652291081,0.019667624294840882,-0.000512848037891883,-0.006812108089591705,-0.010347190475179418,-0.012155674084865092,-0.023519835338141237,-0.0037540896593219004,-0.006378338680172506,0.01233786183463403,0.0348579030752755,0.02334725310616253
2021-01-06,2.8756905147593603e-05,-0.005822367531532333,-0.00944791787984131,-0.013384121371406255,-0.002950683863625979,-0.026940044441504975,-0.029744464645463077,0.0033782850363596657,-0.0028801539285946334,0.009355196778903209,0.01563023451244848,0.0005934364995488997,0.026485555262593427,-0.010113125563569435,-0.03546477156524826,0.04391946105791914,-0.0038978562334534422,-0.0010379477364203626,-0.010873354877506555,0.0006008272904256984,-0.012905687527275512,0.015473942195436382,0.0042272103539230735,0.006081181594768494,-0.03949808034812332,-0.012496586548197658,-0.03679169578703983,-0.004548758427927494,-0.01219146769548636,0.0390541410781277,0.004676024940851283,-0.022467745770566955,0.01355511593847621,-0.02045569877525042,-0.007642762985814586,-0.02280444056437929,0.02617620385069057,0.014040697457333043,0.002111298529433831,-0.011258871164693887,-0.015110388855186063,-0.00280035908263675,0.046123123708967206,-0.0041707657017988195,-0.04115701291877924,0.04815988058426756,0.009858142060284706,-0.02059724368018578,-0.00048655346158119674,-0.013883553233976016,0.023772715574218638,-0.007654585098214472,-0.02280522566364919,0.005266480968657429,-0.000696579311269995,-0.0072969827766430915,0.02375877199931521,-0.04188797829818764,0.029548242953060452,0.032252695901661216,-0.01139337229930886,-0.0049645933635235435,-0.009020675397928278,0.0025807902361964386,-0.021751652023605607,-0.0013573249523168387,-0.00843501642625468,0.018930900594898,0.03261379426426552,-0.014172006725783576,-0.01350437229561282,0.011070894127560597,-0.020815324596755863,-0.006840927819908244,-0.006227915718561706,0.005173972159918649,-0.006774649661243421,-0.01583369231135857,-0.018924076008972085,-0.0013199019816867003
2021-01-07,-0.020199312624891184,-0.004967891517856104,-0.008288680814527551,0.02579486717761107,0.006103517476717691,-0.01697094118952633,-0.019997450441887988,0.039004173237580424,0.017052870572247872,-0.01588109405400443,0.009796815294757844,-0.005308927564510062,-0.022756643015859397,-0.015148173119588238,0.019091796810206715,-0.008681476435188141,0.043645356193909864,-0.02887853059750073,-4.709698295663483e-06,0.01262434755302642,0.022978795566655507,0.0029723463836445647,0.0016684626381709368,0.0013431259917345193,-0.018752580225651815,-0.019600694124487318,0.023286213442246413,0.011721783228828237,-0.004096984519047871,-0.0400436579811675,0.031850867522453176,0.039944499285804125,-0.0035117937889004264,-0.01164223341421145,0.007307329808320744,0.048283352662808685,0.005251141605091942,0.017827676210034657,0.018098543209277864,-0.04622050790180489,-0.023375638822084283,0.003492404864069422,0.0049347165653421884,0.0010885053073295692,0.00015637681037508294,0.020328184315171634,-0.024756559752594644,-0.022312210551621324,-0.01722146990492795,-0.022300715325740593,-0.013763002414386237,-0.01723392534171619,-0.027888047374061326,-0.017696648955667124,0.029247327605494276,0.015837444454783214,0.014578550336501097,0.03594859953778964,0.027063504049350845,-0.013499127355042002,0.028332146157224673,-0.007213312196543253,0.007945895977754367,0.001973270486926345,-0.010806848812367726,0.01310365202053865,-0.02165051081639407,0.004667419746662425,0.0008575315468847177,-0.001242001467412941,0.026163307655396283,-0.009798819363843981,-0.008230286440751666,-0.04610581462294503,-0.0018562502339956508,-0.002952114491221797,-0.008098128344097854,0.0217974899277768,0.01171516586147961,-0.011957579433468148
2021-01-08,-0.002946237521050417,-0.008498491066066868,0.016299384195421707,0.02286751287667131,-0.0011554691308686804,0.031699651903858046,0.046768057880438973,0.007770599591156214,0.0012911033669744838,0.012505021012713,-0.008666444387132677,-0.02081803728945778,-0.020459357697361354,-0.001422971243820705,-0.0031817332873722674,0.013591662987712937,0.018554318375001693,-0.01128619788280341,0.0011299268283696882,0.04982496660014532,-0.0015053970694975478,-0.02127416927049517,0.022099918225312886,-0.01162539113809811,0.01218425713256948,-0.014972161600148666,0.010007430879150729,-0.010273528651751572,-0.02876591807822029,0.008359378068281974,0.007801294814204003,-0.010208872432839392,0.04878530698884476,0.016862995550319303,0.0016275042238571953,-0.013856835743402449,0.0021982707249340043,-0.004023768359361764,0.016469006894959004,0.0002548998860486812,-0.017366414405338287,-0.020036335139368533,-0.01728674548842429,-0.016059464649526848,0.01209611071884838,-0.03289318339667424,0.0011847092846249182,0.00530390829701747,-0.012543187916865388,-0.014030568601415827,0.0019508258764022682,-0.025008772712923455,-0.0019578081807024783,-0.0028660816687901404,-0.006395328739054311,0.03494862423913093,-0.019853931410371,0.0026660977791575823,-0.011641203195341595,0.007899856105775892,-0.01951847245183715,-0.007373829382205019,0.0006177266481483362,0.030390258468271935,0.023602517317414296,-0.03151029233189032,0.009397155692349049,-0.0068603759035531,-0.0019709356168439557,-0.012433080167385225,-0.03957076134113013,0.027849657790852692,0.008125894213379404,-0.02536182588027923,0.015335164017751939,0.0003113674889037742,0.0030148943393780775,0.003975717768458064,-0.007223670125231252,-0.017111679906784166
2021-01-11,-0.011256739624835924,-0.006874845838110873,-0.018754801361276732,0.0073840683873364725,-0.012476139864338659,0.023120827824962574,0.020753345917190587,-0.002140070440347133,0.030706784224039465,-0.025465105294540068,-0.02667843085435397,-0.006491534795692882,0.009833223497120186,0.010710250897306291,-0.020455564819755044,0.02658511259160163,0.012449666691231237,-0.01665208823980469,0.002436026446267394,0.005996609282554866,-0.010302649574528358,0.0007566543671634941,-0.03141611242133631,0.03470807491079626,0.03661561022881514,-0.026987628419540177,-0.02196986039850972,0.016765002070680605,0.0294407941095237,-0.012701102100012922,-0.002729958062015931,-0.04795318439400309,-0.01732966927741472,-0.007732776963078657,0.013498931231629471,0.0007914004941245583,-0.022984149636908507,-0.009792035376108602,-0.003415884358531876,0.019108393263146128,0.004894921358909001,0.01870392160286119,0.0340621335910054,-0.012143624244080954,-0.007372213682846282,0.007009999865753587,-0.023452827132344152,-0.000781001963210037,0.008568249723204474,0.02764013796441022,0.009008718024334153,0.010562652599827298,-0.008730073344735188,0.014807877954159868,0.03071730086787005,-0.004760673403182574,0.0237541207911872,0.001171507515392692,0.018682089792726245,-0.0011376088777173452,-0.013649945678796916,0.013415590921620547,-0.011483415900202154,0.005748611473205977,0.0031882266107802018,0.013128028196203527,-0.009573387174395832,-0.031451189297454385,0.02921233915629914,0.013143627945875319,0.006605712781626391,-0.008280381248890375,-0.02886256645691348,0.010004770568200967,0.02448713353689079,0.024276246184377372,0.016225565039624787,-0.013191397673014084,-0.019024721466545897,-0.010391540136109347
2021-01-12,-0.00945676307378907,-0.0013705076078013006,0.0012033506510248154,-0.012431781309817773,0.03793540214346578,0.03883390962557706,-0.000148593449882271,0.010360116396630231,0.0011033794010220405,0.007473239693750278,0.018450175932096427,0.013537242746688254,0.030014727653158827,-0.007681818364215973,-0.014492347770993745,0.009171017175702128,-0.018487268801283187,0.03934732222182988,0.0316947928609024,0.0009093305246638726,0.025876970060330046,-0.04847675919719162,-0.003658055386715046,0.002135462913127236,-0.01394738499502257,0.006974057005615731,0.009114786089171295,-0.013150869237800067,0.02186531134961527,0.022611933946938438,-0.04473371534235446,0.023252428926852867,0.00019965214560396186,0.0018851892648170687,-0.013202025151496141,0.021270437128508034,0.015232203024614756,-0.017979998637511995,-0.011092163879709342,-0.05195240819924954,-0.02492154252024711,-0.011305912479108567,0.006795622200243925,0.006377876862960792,-1.8229824735108967e-05,-0.010018942254480974,-0.0042881429550213936,-0.00490214094675587,0.03018766896695778,0.03383822232656806,-0.007899699161903733,0.008065205944711011,-0.004894798428787706,0.02710965135960253,0.006532662416991673,-0.009810563903017266,-0.0011298655381398821,-0.014694054870785594,-0.038902583329139546,-0.008400566810581215,-0.005905588620103216,-0.02522770161325355,0.021901665778276236,-0.01168802720369689,0.024141164304917542,-0.004885080427446208,-0.028009312434924473,0.03902735452433333,0.029546688694224943,-0.01057071845295134,-0.004221812087113653,0.007190244733379903,0.013509836274147528,0.02938591476265969,-0.01444347232539514,0.010594879100013683,-0.007268822519203881,0.0068526624187614385,-0.014112773563157162,0.0036884590188571947
2021-01-13,-0.014529997755099371,-0.019711579050109552,0.01431965378561127,0.018984280243775107,-0.024417271884999724,0.012065884051683498,-0.006200082299783934,-0.00048698393507841213,-0.0023104715942400184,-0.012612606499142148,0.009071597042906622,0.05337765516446512,0.02730116643024448,0.0073685961686953795,0.010128489938946923,0.006272454209685392,0.0007863871355566391,-0.004942364851757297,-0.04812556276060357,0.01766986854210389,0.014621266217623993,-0.031145722811276814,-0.03739623822153796,0.010112870938204368,0.02864167517458235,0.015468588291673826,0.0025990963457656526,-0.025936320062795146,-0.014855051553638,-0.015036561242607376,0.003682201533068494,-0.0019376126105785346,-0.01604732162447195,0.029274821159501762,-0.016836907227915456,-0.006566642971583031,-0.01831682546161241,-0.003779961260411689,-0.010332320861236569,0.006233283880531319,0.010910014227484567,-0.05082471251076803,0.007504829142194055,0.003788720194977325,0.003401438245896456,-0.0052254236975596705,0.01031722758171565,0.0008651911472770679,-0.02685326605849399,-0.00332681578262326,-0.01984433925905765,-0.011994912481824667,-0.00319196480484748,0.025071781996058855,0.015524215194357106,-0.010094292847774721,-0.0030744036437556923,-0.03127949083057458,0.00034745763039919505,-0.014580281816789038,0.012345749211519836,-0.01953063281882745,-0.012592773644517193,0.009442017383983493,0.010686062153943026,0.002477901396307463,-0.022294753164184975,-0.02809472504531681,0.030894612707146142,0.0280571278242192,-0.03530590921654832,0.023628454943087466,-0.02443668734834056,-0.020268802225784303,0.0015495329172120046,-0.03143219742881796,-0.005577327836087937,0.004364628089967263,0.04264321241884014,-0.008211882200807211
2021-01-14,0.01688425716785499,-0.012018964023222951,0.0400044445368198,0.020938370519549124,0.009050511113873828,0.01724291370698168,0.015591220051006405,0.041915078961117375,0.03075867707067976,-0.015641790022511818,0.021977415756879736,0.007180555448119602,0.022900029570439698,0.004230085246763695,-0.0028375345276602155,0.01612823524523518,-0.002276556289247988,-0.03455122075272672,0.010619736587240042,0.06430748392425664,-0.02870067366353867,0.044575610459597736,-0.005998544947228145,0.014497688938194073,0.004003274947458086,0.000354647661272742,0.016714014710824766,-0.015758018120001077,-0.04196594749318732,0.01648254689182822,-0.0232013990067462,-0.01674777046773189,-0.018260866081251312,5.583376234708702e-07,0.025860973623846963,-0.032887536479820824,0.0359736341167953,-0.02553164044979368,0.008003453903881184,-0.04588797410689256,0.02744314946146485,0.029426026947194636,-0.013429647419701518,0.0028915317333222897,-0.011228044572337623,0.009140462278353582,0.03174953054383547,-0.003229698287818336,-0.0024594221324153796,0.0046628224721235526,0.003749369538648104,-0.05666943573248256,0.003465977376220084,-0.0313037325562819,0.0006159951946294383,0.014322435093438104,0.02460898919543307,0.01508247562869514,0.021933844903361456,-0.0063900010432676605,-0.015399544842152757,0.018340711870493003,-0.0035809015047532575,0.02919435733187355,0.014477392785225036,-0.004407915835681463,-0.03662469022208646,0.0027601074824770734,0.00913113705341735,-0.02432466196333024,-0.025303534472706425,-0.002376673025856336,-0.011531158707296192,-0.000591174479560694,0.00661159827086929,-0.0020263641484121134,-0.011838691001123256,-0.0036875611124033416,-0.027778828077949572,0.0021273460061058853
2021-01-15,0.01739755639456237,-0.014569951760513566,0.0062093045224075405,-0.01109133379737886,-0.004002940131362038,-0.003345377841645528,0.0018308155920770085,-2.678914940443299e-05,0.06587963512712527,-0.005211815002007104,-0.008148423964090741,0.0035352739994441375,-0.038519358918143655,-0.0012148131377420243,0.01413804561253842,-0.000324524174085906,0.007634532935757723,0.0008616748440424016,-0.01136939002748838,-0.010508859828683792,0.0004396992136281057,-0.007604517368545656,-0.030596287917160302,0.024365907232910527,0.025018353973487298,0.0023961066820121736,-0.03098743719555235,0.03477010217648272,-0.014713876754065826,-0.035349757067343085,0.007526945784083319,-0.006168097039600286,0.03525276281449965,0.03165976580015425,0.01769631378692821,0.011983827274729393,0.0057686287441319475,0.01386476355350049,-0.014040648412463034,-0.012104831094738101,-0.023402780430377856,-0.030625846408837764,-0.0016751028422005948,0.002019721608482342,-0.03353877823226053,-0.025962684554749385,-0.006020260082125957,-0.012209107263303914,0.019848366553637548,0.04764247214982913,-0.005422899488296602,-0.0013029191625266046,0.0013085315542867729,0.010607256734597904,0.022575431763105166,0.03385764431787034,-0.03200003273497388,-0.03618122072453261,-0.015359476424256578,0.0003212988186295442,-0.00584253683728263,0.010496719685197964,-0.012635924668372319,0.01576261362559779,-0.0004897555555833609,-0.013721858901686111,-0.01103171850214092,-0.03478181119253951,-0.0006488035474779705,-0.0024900526524281284,0.006673765904064139,0.007052692046898619,0.004512950371926807,-0.010583958245827167,-0.0039200979707256275,-0.0009864890688628222,0.040881070432964864,0.008179009526190554,0.008060368731555119,0.014506558250031137
2021-01-19,-0.03477523662431501,0.03634721534993733,0.01959349411600086,-0.003736160894427847,-0.0018507297693136186,0.023460191805739168,-0.016642538207287005,-0.014765264283933498,-0.009014042703844531,-0.04779546548040227,-0.00899368246594639,-0.01218598789012757,-0.0005988689411549907,-0.022803222787317945,-0.0007842762784865867,0.0005736139139773533,0.0242647767332864,0.00860619129013235,0.005666103587609724,-0.0035747623937986825,0.0011103866963242145,0.016393924022553918,0.04888488440768617,-0.02320458905696335,0.0330655371033566,0.010010179273489546,0.038355920108596335,-0.023203568705767817,-0.011227169216851065,-0.020180173271721027,-0.06504715541755561,-0.006077376906043589,0.005361320839463469,0.030663746655439823,0.012143159043318948,-0.004918473316437519,0.0022835172319341096,0.007356609640577438,0.02169191359877451,0.02926271542386614,-0.02339431353935466,0.013123991246051944,-0.015244354418652588,0.03670853129501765,-0.04892502193050795,0.018999918992564323,0.04128514455572122,-0.010230985309237255,0.0008575770192092431,0.030879279474323635,-0.004611487897870863,0.019111742358905354,-0.006356028486210489,-0.02895383746223013,0.00860765263709269,-0.033977329620960735,0.024577731218913094,0.01813078550652782,0.016549138568556505,-0.000734564059087175,-0.009640085771902318,-0.05908862952806818,0.00873158999903553,-0.030045423665422424,-0.021447324205485868,-0.012897881047918001,-0.014692198258692498,-0.03744042547987895,0.016282853344600216,-0.00895621150130281,-0.02129867961854664,0.015211778991065888,0.016909998814526202,0.01819692166141051,0.007106630147636185,0.018980129827345715,0.013007915475454351,-0.03280788919808883,-0.01710315782972311,0.027571904512736636
2021-01-20,0.010590259315358844,0.032411284139753686,-0.0010462175077742383,0.018611472169343404,0.006599500269789602,0.035619318501156995,0.024929416520158072,-0.008840937009356058,-0.010992548674934734,-0.002818755693321004,0.010057693702375428,0.0391333691443068,0.015112669653641306,-0.0003817750047188309,0.04927551396659861,0.00735311093577549,0.011982032661553607,-0.0185752600090169,0.02316299111319089,-0.007667376484561279,0.00952501340282727,-0.0443769004574414,-0.015386751325886976,-0.0122485503736926,-0.007114460704316835,0.011146964438977582,0.0431371152012711,0.007418964443765814,0.005747532999276563,-0.03901513799021521,-0.006676542362715338,-0.025517614378913277,0.054613741089007635,-0.0011335841207115237,-0.0267090809249002,0.010126045253787701,-0.008158695003230118,-0.012391048256354578,0.015473289314099062,-0.02392194047871318,-0.027784696255257334,0.0013594617525649142,0.024792031571359247,-0.01873862299989704,0.015120342700959946,0.009339437828061911,0.005822375215322634,0.00019987306865358985,-0.04126134793718839,0.01037498666515061,0.0057924167815823,0.0048824734520296845,-0.016068843772597045,-0.023456295213064263,-0.02041046753015149,0.038328996742062256,-0.010164436666629533,0.0009955765638483072,0.021791194736581122,0.013495434333247559,-0.04082540080267334,0.00027013555517521945,0.01724977434073255,0.012058123737294266,0.015492896763787699,-0.0017818309226984492,0.006044228972618271,-0.0358182124624207,-0.02624095920190555,-0.002708971259403459,-0.00903214959390411,-0.01512924042762033,-0.007148610013132059,0.01722330905638322,-0.01355147574725043,0.0061954115254038294,0.01230553638401432,0.014665466734302213,-0.013662288279521949,-0.004929242003984302
2021-01-21,0.003874813396020386,0.015109357985960609,0.021476007415576946,0.01933638816018668,0.01287324929269407,0.004394186909646912,-0.021869612514468253,-0.03974675718116004,-0.007253743785940472,-0.01817000228073109,0.010903523512618647,0.01491864449047563,-0.020950655620740003,-0.014214879597761668,-0.017119369039277084,-0.011780260786295299,-0.03867829623354867,0.03003877097596934,0.03019947975954021,0.00899565235888705,-0.0013475468806435134,-0.012744720792239768,0.010655306365084773,0.011837673011745183,0.0030856721523998317,0.005625624884497066,0.02751842677054954,-0.0037188746681757444,0.01234387123346023,-0.04605544166340132,-0.015218143058875215,-0.011065187389072617,-0.008684356178944731,0.011291269192035713,0.00792623123425979,-0.012806061892602487,0.009956585507502197,0.03832644314491786,0.018101958293421202,0.0031047622068073695,-0.02450076467329934,-0.01686087737897792,-0.0021360866155807168,0.00913328174403424,0.016665211818654938,0.028897268674378335,-0.02091073231361211,-0.007104553483542613,0.02508189266728071,0.023951804409752652,-0.005667390325941593,-0.001962988281151458,0.04196989181003633,0.02788955850616264,0.013260091923320158,-0.02370213900794655,-0.03216824846157394,-0.02458114574025756,-0.008877319934391698,0.005936578977465086,-0.056329215874798944,0.02832848854808125,0.0391573422637961,-0.009989510356137448,-0.01023798806588543,0.016853047390736335,-0.0018802379829481717,0.04212092284482037,-0.013255483687222567,-0.008893538335132612,-0.029716063050861746,0.01574014575599233,-0.016748921720514325,-0.030235969158425968,0.012322854381215343,-0.03020682803347648,0.011935246739773489,0.010269461241657988,-7.625025751150952e-05,-0.0023486131139978028
2021-01-22,-0.027251352997955797,-0.024574731171553184,-0.026229117795913914,0.024628645989561212,0.03283626669858148,-0.0393412019071217,0.02185296074007326,0.029714374119927563,0.0038037423999277772,0.014164987503708619,0.012872794150662264,0.021844788838014998,0.0032785190686674417,0.013489983968691409,0.021120494902805362,-0.027085858526538744,0.016272330729029102,0.002779011461101881,0.0075631187121392674,0.0027244632475332685,-0.018232660301420733,-0.02184947708134003,0.022516299655876818,-0.003428232337356416,-0.01294911411441496,0.014119392840001053,0.024070658919718758,0.008275656442027128,0.0020167600995994696,-0.008698149910967918,-0.007186410990285999,0.0006445314324605548,0.01463058580658735,-0.027819130104121206,0.017864993765387506,-0.015180242321062765,-0.012913292460952228,0.0051831662040856185,-0.012306189900215992,0.016769356950742397,-0.017197091935615364,-0.006947625118913339,0.026204948118449346,-0.02588296783343535,-0.019783260399365024,0.0332774442679557,-0.022434742455316563,0.000663505730956444,0.00885623053077217,0.0005862957149720185,0.014362819911091024,-0.027961157067235815,0.014388725327963188,0.019210483017079866,0.0012912237961365694,-0.006110307779644469,0.021261472367447097,-0.0015950690884292255,0.01927989728625917,-0.01642910802044627,-0.008990992756475184,-0.0069478670200048285,-0.024365935452360578,-0.017102299243707385,0.003041610069297645,0.013601811633826531,-0.01358928142604335,-0.0021434704353354233,-0.029878543058414052,0.028498697486050474,-0.034534152459333695,0.00850703249221738,-0.04441828035050021,-0.04156804531389601,0.01002467429398892,0.02119673374955522,0.025898932845105676,-0.00019031922864553636,-0.004218134850464035,0.0470165937320506
2021-01-25,-0.01737630597624963,0.019677521348480463,0.004680028184456637,0.005810943957646888,0.007070514277996152,0.01551068384254016,-0.035228534992906284,0.017083916420359585,-0.025732021717381863,-0.017705737688317368,-0.04551726380041397,0.019847094624935772,-0.01143651571448896,0.0004299381137990206,0.02486458285924789,0.0053593759842147605,-0.0035060363286389252,-0.015311675854737465,0.006551383537025314,-0.029798722997051427,-0.010298987063989825,0.00661991519197526,0.013522316994860468,0.022085170509395843,0.021305444232294638,-0.015012356117597546,0.018314404658150114,-0.021564630184110797,-0.03135771889829002,-0.010662346975479168,-0.0060971197623836985,-0.006278130133649294,-0.010143309352517638,-0.005461656006962685,-0.01022948790962724,-0.003765403369346348,-0.02801207803977878,0.044780543855431516,-0.013916698249845365,-0.0114903780456905,-0.01788719709252919,0.0031679558058166687,-0.00886903912423246,-0.018837774761280235,-0.04571087243039226,-0.00895397491252901,0.03233063113052888,-0.011126391386054877,-0.011422170677245857,-0.005441621603496169,0.02361772005812257,0.0007595670940414626,0.00565640025132068,-0.007932805708939701,0.03734443794813852,-0.015753027393527023,-0.010569714651791781,-0.007727521021533039,-0.018339702989383918,-0.016793163184391505,-0.014537573944213424,-0.033215537737539276,-0.022468145941476347,0.014412988546027022,-0.002131932820391102,0.0019840870928099037,-0.07532308551471471,-0.005638564714448805,-0.000342713802749864,0.011785864638847898,-0.013204912617418525,-0.020996447696013193,-0.000586807497693757,0.00327193789470298,-0.02284383780337829,-0.014554032813888685,0.012671581604148639,-0.03165908970728809,0.04329175839159115,0.005970102202226811
2021-01-26,0.00029602035593572114,0.012460257661200035,-0.03240212739761501,-0.03464881169210551,0.028462424118621585,0.0005301126160031731,-0.015866907069191485,0.028369797782102635,-0.03439796367001621,0.01921022723739985,-0.026109240445463477,-0.021308834791011717,0.017290317315373588,0.006614600701949251,-0.029665379808968897,-0.002060157515372836,-0.011333312108179254,-0.00623408428415493,0.0109795692840741,0.019128344131853922,0.031140201812026397,-0.000136402542244466,-0.024734331416005895,-0.023187493271408004,-0.01035005734970359,-0.01930877689297315,0.016977660002016223,-0.011898573254538478,-0.0033194647463052696,0.009191656883762542,0.016712855046045645,0.015776130800837684,0.00815885991815445,-0.015111259531024948,-0.01252843773034999,-0.01771934770573788,0.007189308046536391,0.014021531387279653,-0.010067304333668828,0.025865545535114224,-0.015125332933013318,-0.027344770363523816,0.029917034588952573,-0.01982419478069717,0.034741842112749576,-0.05230849292926518,0.022775927113646465,-0.022919786959421876,0.008024510342875664,0.018854673225902202,0.026223717186345072,-0.011361113015234603,-0.015928877055497243,-0.010808956324500005,-0.04406479633959054,-0.01957701316698526,-0.016941913995691584,0.01920499379097125,-0.0016983480838693166,-0.01289986260170284,0.001984215029838137,-0.0017338683294637759,-0.0034109676621456985,0.004664766365855216,0.0021771583594596615,0.004460336684139743,0.008475348508166974,-0.014754679182127223,0.001356285490253079,-0.027921046783259854,-0.015021069567193667,-5.0236076626144576e-05,0.0030863348690148467,0.009279273416882455,0.01445852142501024,0.043972734531199126,0.058018616887046646,-0.03460530614232178,-0.0006550572437485267,-0.00643986311103613
2021-01-27,-0.011220260689722011,0.03258094413821179,-0.034914401180662705,0.03111383895031024,0.008224395937049779,-0.015045636666989496,0.00831524573593493,-0.01618180716532989,0.006389675352723022,-0.026435782837443633,0.002959912190800554,0.025726017710439097,3.4949205483679924e-05,0.030240972305786144,0.014941245001813572,0.008533896846087484,0.0038173935726313574,0.052224946176205746,-0.007014542571357319,0.014657299536385561,-0.014994888480472517,0.03300628490140185,-0.013920920709564156,0.010636279984638697,-0.00109038313532988,0.019804567165665515,-0.008445714690856596,0.005393410060524897,0.019360853580476022,-0.008744873284555948,-0.026926492515187465,0.0008110177922869795,0.03340674335088087,-0.008788743467496266,0.03288187930488049,-0.007096001566795021,0.0027871634574891213,-0.005528293197128369,0.005422267493182016,-0.04031501157086104,0.004527875416394478,-0.01246314162848407,-0.028113398694502943,0.006547053469759363,-0.02568866854962883,0.00012662648542998098,-0.02622290931156332,-0.028013437101629002,-0.0233366961124096,-0.012175999063703391,0.00481776469476153,0.009971922752347045,-0.007904149406532416,0.023679329298320596,-0.003947814360763803,-0.007368649222182606,0.012626778839443542,0.023151681995876323,0.02553863834973194,-0.02647385365011882,-0.011844884296134386,-0.013789215890065255,0.04221774894397871,0.011200853604610097,0.043341794159720774,-0.002597044207524188,0.033528844488279516,-0.008558081680602753,0.0423961098215845,-0.04302092092788782,0.004392127916170669,0.027199494605414265,0.006541141440807759,-0.020428668914331358,0.017360585233399558,-0.03796346306423853,-0.009621815029049421,-0.010663671618031759,-0.01562845042081521,-0.007178432782894177
2021-01-28,-0.0017186167851902575,0.003968481297065536,-0.004835630340850527,0.014567449900584586,-0.022672556814359965,-0.016840569602926327,0.002374797798002398,-0.022076468810523,0.012735028141832168,0.02248717471290075,-0.01669081104865408,-0.021290668407234228,-0.03887609693785693,-0.0018108247949675258,-0.02861717167864766,0.03154149644654328,0.013011852399274862,-0.013705266169408958,0.0024181183017210938,0.004614123129153872,-0.011038073431805217,0.001490263266396607,-0.0294845998218369,0.02640625053155185,-0.01104113870591922,-0.009009622906333725,-0.01282520986713659,0.02646976124148683,-0.03385232713484702,-0.041641910023217106,0.031406424345389754,-0.0013592211598031725,-0.024363003563573647,0.043269691351847064,-0.005320630119387168,0.007435333617227931,0.008304455261960407,-0.03273298672656221,0.027163663860278325,0.001330537003711408,-0.032387712271008076,0.010143738202126742,-0.0051137777482984,0.0010395033863723477,-0.020592668530685667,-0.019263332254948178,0.01488042806065063,-0.012426871781989115,-0.025204545661642763,0.008639542766531868,0.016179578556591342,-0.0054140634915102815,-0.007437754086983931,0.01717455133308901,-0.03831477559555045,-0.003945737888134888,0.004752366635955572,-0.013936112825824788,0.04266493200423248,0.03842666712730227,-0.007405552938292977,-0.0021228060327642914,-0.005942619590124152,-0.02181873227278903,-0.004155071884845267,0.01005871647227083,-0.0080698260864444,0.022649224052203955,-0.013646847141608267,0.005201791043132319,0.02217026254443805,0.003907012696793926,-0.004041319058101994,-0.01912920629446345,-0.013893154439240121,-0.008714365149154975,-0.015129764784187654,-0.024197038339529797,0.010435189847727433,0.011892224645905222
2021-01-29,0.0197643853670844,-0.009528441128164132,-0.039863472551863836,-0.047458093651003085,-0.010853202003832567,-0.004269898507047273,0.003166905788842682,0.015446819581676482,0.007310008006372498,-0.021842929796601622,0.018448555012366214,0.014603143280628844,-0.009131601089771641,-0.03850303625252543,-0.047464594657012804,-0.01304028247713154,-0.026667591920707653,0.020114633061214762,0.009813193614507752,-0.03669376700904491,0.030148333931091335,-0.014635868972603033,0.012178972470809535,-0.014946449901951667,-0.032694937871423045,-0.01548820708785192,0.009654306047498461,0.015957983859109282,0.00915571143872041,-0.0018327517957951998,-0.017135649540507142,0.02488629633860268,-0.028000082421041687,0.014575719454941639,0.0007456584825279093,-0.02197269984245955,-0.038455667592798275,0.008784426487303536,0.003654429085652158,-0.006857869259873403,0.028099757436687953,0.014214787416504773,-0.019051822883102337,-0.006348637187109607,0.021436741533213878,0.01716451999665567,-0.050272027597984534,0.02091364347257897,-0.037100928203736686,-0.01057896374548528,0.0034695060791596296,0.0006510023874913488,0.024655171359823237,-0.01200941887395143,0.02516840499177761,-0.028997415306437752,-0.01701265000688421,-0.008175292305508303,0.031652627851023594,0.010780690509711862,0.012000864033543099,-0.008306120716740018,0.02991680150999191,0.005386216918215343,0.004102008324304328,0.03211319010767678,0.01586289016568619,0.033361805072212425,0.0011763906147621572,0.0019752006297873064,6.33351234391646e-05,0.016563455551372577,-0.02221675509552339,0.0012609052554475816,0.002968075288216059,0.006142578382969328,-0.012960968961645952,-0.0004606177107230181,0.045535013378831285,0.012129824499695234
2021-02-01,-0.015501958685563515,0.025949883366527822,-0.011596039318636947,0.009843047396305975,0.010650454368278424,-0.03247713760707295,0.007122156732782478,-0.01736692567989159,0.0006041754670616066,-0.01423656963256952,0.0016289446892567155,0.004808112238322383,0.0031854394433401545,-0.019066009408688682,0.01759321994737874,-0.005517967885177538,0.005241163651148695,0.011525027840442313,0.014128132173064484,-0.004931478262429836,-0.031003687558820242,-0.0028681378200249947,0.0023437254816606485,0.004234840491609469,0.007591728937302629,0.0154154261034796,-0.0340091955076529,-0.007864365488110923,-0.014749932450407715,-0.039244529303222885,0.010624530622097202,-0.013235836386524043,0.010969380491636545,0.011349717277262458,-0.022793044028587336,-0.000809583583767656,-0.006640846694756172,-0.03326813575360787,0.004556216725318574,0.00022891073096103912,-0.018653722741755783,-0.014632171980417859,-0.006712308322132982,-0.0011209742975881423,0.0015077507543274984,-0.014936088313248424,0.0015041193793220717,-0.016670546458999312,-0.032721627925298126,0.03455670651217945,0.03414377988073233,0.0014488150018355985,-0.013127574917869391,-0.013639322552411055,-0.018293639987040138,0.027870485636565773,-0.009601967482903363,-0.030193557609216222,0.021246816374709567,-0.0001970044420083282,0.0016889497169457624,0.023369277489214732,0.017338091104577947,-0.029721783509319515,-0.005798088232762221,-0.001577527373098154,0.023248802989801306,-0.007621939790521557,0.017791100813296025,-0.016260632462335365,0.008492367055273066,0.014418144253947354,-0.01957583235931871,-0.052396709566281285,-0.02048838943825518,-0.008286351137769401,-0.01107499752148888,0.013470252511415502,0.006744997849275504,-0.022086036741145225
2021-02-02,-0.025491750778634314,-0.013819404320309571,-0.018529211949139125,0.017519466574277942,-0.034918609416012616,-0.0068704121551447445,-0.02671140914724572,0.0004106722049747463,-0.0074505840954771484,-0.03382921645572506,0.0075040314983293305,-0.0013559507555984118,0.032042624370784686,-0.027731900131143305,0.001945693302525171,0.0012689345733067413,0.02520757036280085,-0.00468518914402224,0.015166148525499346,-0.0041990713562085865,-0.011783936465782657,0.04390420973349666,0.023935132664735383,-0.010720571993173023,0.0011352100198854392,0.005748546026744832,-0.01779383543121928,0.0018409684354637047,-0.012471403203319882,0.014219448005717129,0.0702454472183946,-0.0015098996470248563,-0.009967262739653534,-0.007867217475619212,-0.003948013316019976,-0.023328100605153924,0.03098629787766953,0.0300826349091813,0.0020445743213277634,-0.016028858560770166,-0.03234690489393838,-0.008871447861329481,-0.002960445285935137,0.008177277268921968,-0.00826624776560258,0.006511704285789588,0.026528017773344025,0.0013509723887817576,-0.01742649864383695,-0.0006578000557003768,0.01831132391004584,0.0042866238006999706,0.03239329694669913,0.000503132256069386,0.02111364856996481,0.01758133747938945,0.002673330660211199,0.007925482386230278,0.012657612590642844,0.02969100950677608,-0.014319055056494556,0.0032338132168775397,0.00363188607504206,-0.011450524599112628,0.007240511302670132,-0.02311688819309699,-0.015346950909385773,-0.0021018068266114745,-0.007245091963879238,-0.0029861331040436827,-0.036432603253414665,-0.018929713839321724,0.021717068293890057,-0.008852084227106068,-0.007508683011304631,-0.015028363426232679,0.010138210944645969,-0.009349846081630739,0.035771977358555064,0.0007478396266657839
2021-02-03,-0.006105393471581264,-0.008818392001745532,0.013449932738242963,-0.00040300495902647476,-0.025044509839343337,0.01090086777103786,-0.030762597717429313,0.023027599701939155,0.007624487174452653,-0.006086557702788254,0.0354562344824218,-0.013420034906222766,-0.008721604341904391,-0.03085363979945058,-0.011984435890616974,0.007225642124007895,-0.01761430062213916,0.012228269378301982,-0.0012281710173231391,0.014477593732010897,-0.00011058767036286737,-0.0022110858964330847,-0.016002435156522374,0.04019740289606759,0.007424980582779321,-0.008737437536809648,0.013268135219255241,0.010083469162302348,0.02816053120118211,0.00953902920561178,0.02054580747699722,-0.022528530446936496,-0.019118270842888238,-0.004636082557714223,0.021044324727904754,-0.0015830378455310554,-0.01210076317047051,-0.004980559352682752,0.032381883127327475,-0.04717417851905404,-0.013462911777333502,0.03296582584304344,-0.050626250604958595,0.010755237842261347,0.00572918417249357,-0.0013848833255821929,-0.008553311575504034,0.013308800525169173,0.016513551232066572,-0.010737980753201022,-0.009419885072944598,-0.0022478401645734222,0.0017078884201203906,0.028069292864752984,0.00529637972033228,-0.0046708930902471905,0.01633888713839216,-0.0024097621168286533,0.022673928544547573,-0.0034261379502287443,-0.004630189939964569,0.011481794438226172,0.031116317313318494,0.022004811079448468,0.02797959074539876,-0.010133968638730631,0.00399901390613464,0.028960225695750803,0.02609556275550386,0.007931694719462213,-0.0034587274660161154,-0.014583798103420448,-0.019252609332448895,-0.013990070109531514,0.014328687634368101,0.035938826116861576,-0.002111915698778898,-0.013581095072295971,-0.022395418608967176,-0.028331194993428607
2021-02-04,-0.011815232699196345,-0.015326050776678413,-0.02360265144077778,-0.003436054505548819,0.00653307760754251,-0.014642136172096872,-0.01400059538251474,-0.006353244159130477,0.031552444301545274,-0.0013417188428970026,0.011328899735580536,-0.012203092784050969,0.033344232017035104,0.00018781216037198564,0.008446792042627063,-0.02554515336879865,-0.010186653009697018,0.004585336821908257,-0.003281066461776221,0.0006326803235782984,-0.006872585557513018,-0.017476038116614398,-0.010599220647482352,-0.005901839738159094,-0.008699665490257844,0.009138835922990224,0.0017316732225656347,-0.013140973591442447,0.022178883120095305,0.015674534091442132,-0.04336438673374753,0.006908223555292615,-0.02495770772401621,-0.018605418891146207,-0.008086897651610157,-0.012575010633112102,-0.023598053423182587,-0.009298159833309623,0.01315149284049743,-0.01361561745903528,-0.015155947939631938,-0.00946764029436205,-0.004170627509717499,0.03695272655049234,0.01030328024693675,0.02070162386225635,0.0006737095544143704,-0.03618378989975703,-0.023495103579846122,0.011569202075258387,0.017700297904820222,0.01199577380546645,-0.01390445281108033,0.0024671954566827504,0.0017789536099550205,0.032911575101769425,-0.028470264807779724,-0.013945673112884256,-0.02137669787244746,0.00190904362267559,0.011074399397955056,0.02933071705677755,-0.010815788609291402,0.004530220164685208,-0.03104532385956558,0.04454196077725909,0.021148668193615862,-0.0058144065786648385,0.02789379717936207,-0.008258052349910961,-0.04954635680989225,-0.0032862763949087735,-0.015455064829567893,-0.010737084258501178,-0.03217732364588732,0.017397121716487513,0.0017475523306428832,-0.003600606292855429,0.02335253195952431,0.006245688718091406
2021-02-05,0.017306901917239038,0.00995289619493793,-0.00772198354385175,-0.024633645712160354,-0.024859214200943044,0.0011266961904532104,-0.003946566816531035,-0.012068060691373674,0.012702421888350366,0.0033476991756179048,-0.007653046966230346,-0.007375917297923222,-0.010369946732486935,0.010241496383223197,-0.005920713784887043,-0.0133673524946249,0.004656849014732783,-0.05257042280795915,0.0010089488554892029,0.015040683183937342,-0.008974074379561246,-0.014365448794710599,-0.01556318041034948,0.0021964139776065295,-0.0035955841702529846,0.00887696016377788,-0.018945568245594475,-0.00583644105455747,-0.02241952916043905,-0.005884847867828106,0.009351159407611616,-0.001624882860027328,0.02619171264158739,0.028614604859084795,0.006769369041592211,-0.02925985022291847,-0.012931844132667772,-0.07001509135613321,-0.001063398280699533,-0.009429290328740927,0.0006701177863236573,0.03584299580617853,-0.002090468291898531,-0.02485873597099167,-0.020731775101356632,0.01794814460821254,-0.007871858023291677,0.02646816757930572,-0.016058315108730285,0.012143195587250378,-0.01202052722370087,-0.032574946094222255,0.012481674436172685,-0.010020445944400623,0.013478146677758754,-0.016651868921462018,-0.022099727367323956,0.006901726519846079,-0.009360075004270706,0.036099845215737045,-0.06808800446168754,-0.004220680046657106,0.012402854849041904,-0.023641960087731343,-0.00212169155151542,-0.0027422071800235893,0.00013522536160538322,-0.023421361573285643,-0.009814837674799291,-0.02030531370698688,0.0017199240732511287,0.02344820812457607,-0.011041904991857057,0.019686595854629653,0.01596752053306741,0.001990770308020969,0.013206216781358556,0.029707069063448076,0.0010362577202326418,0.012288592468425617
2021-02-08,0.017734470783925288,-0.004792861150136251,0.0029019210656430847,0.0005156631325396489,-0.0012858451463499242,0.00625907682114195,0.016640391542725924,-0.046305507873449656,0.021144356458476198,0.02349809882341549,0.009910101961904439,0.0037429497375466776,0.027682802480929275,-0.024007284112851884,-0.012627988405416691,0.0021967385840814934,-0.003405742514836011,0.017908817818966485,-0.008535827907970512,-0.014512468372742839,-0.023241001476477483,-0.009639158275508992,0.0003354104599062233,-0.007880900159451148,0.023665253473975634,5.7471541137645726e-05,0.03310028985307007,-0.012455802774542682,-0.000976467201954414,-0.015892200296225595,-0.0012353147125942628,-0.017295622893554772,-0.017596747634500365,0.02143543411560078,0.026702485468301687,0.04103192445279118,0.007637744600281547,-0.012390696471718957,0.03501065323960365,-0.003476549157576273,-0.007673359567865443,0.005492060933072695,0.033038340221403735,-0.01530324208608718,-0.02394744094512055,0.014142675842959435,0.0038343589240301913,-0.023271918411748322,0.008535039888020197,-0.02916064641592849,-0.024067375383264346,0.015067391290602772,-0.01128449028775521,-0.015528015748301385,0.022168538606695414,-0.015963854699870158,0.02309330678552193,-0.02563852820618045,-0.006516587507711799,-0.037264337449489586,0.020076051938777338,0.018092479179075464,-0.051165422952902995,-0.027483578949282026,0.011327870281636737,0.007763060295634274,-0.014074218677629535,-0.018154665616068624,0.008433795496081913,-0.004341860085382218,-0.003930620234520928,0.010884951484900608,-0.024618117683697573,-0.02314780848580356,0.018892258594312254,-0.01626097381243948,0.02340896023346887,-0.017403664960441847,-0.003538050071194561,0.03808987170980199
2021-02-09,0.003581432735036207,0.014375650854476665,0.0186621158623013,-0.013756563233303227,-0.01841690149722997,0.011738944840793297,-0.010086910027626923,-0.016256705897341392,-0.03036096303639672,0.002460920649819808,0.02489578772199192,-0.012232857764098215,0.0396995376499043,-0.01755442560643449,0.027387067351555345,0.009870686226230049,-0.0038233705713447137,0.020763489533884693,0.016043835653662186,-0.015419080189457314,-0.006076790949931274,0.01002302848783261,0.011917573765542939,-0.016740469279626895,0.031797296709556624,-0.0020797106399478727,-0.019081566923918474,-0.0012788435031362685,0.01435785088998248,0.022346138709349556,-0.036535474477986156,0.023216468049266685,-0.009033190325442154,-0.010450964313070478,0.00635181541921535,-0.014154201830916693,-0.036736561293362946,0.001790773156681534,0.000616398649635346,-0.02612715136071656,0.006797642662677328,8.464940957864256e-05,0.022825924838769582,0.019806000998621457,0.00863372836564992,-0.001032894058433832,-0.027693354387112335,-0.026768140280014046,-0.009866280515211356,-0.03222582405447533,0.006911539422521055,-0.03253802356420442,0.008906024035032418,0.006323651525317311,0.014161759012457458,0.005412987458619308,0.009105820147908788,-0.033444675516695756,-0.01443959438669376,0.013764063691806229,-0.008886374187909229,-0.0015984439163090503,0.014012954806224642,-0.020545324647032667,-0.017705813583427935,0.005517845083464205,0.012290637013927587,0.03281929967515845,-0.0009487496254218922,0.004633153370987651,-0.010229749683765143,-0.015645210758668253,0.005519691757637376,-0.032602779365203366,-0.002165026138404734,-0.017427008384313644,0.027172295731760318,-0.03614432266357963,-0.010251263100064889,-0.023026683494942923
2021-02-10,0.0010603272478252436,0.0233390558996352,-0.025216020442155165,-0.006226072616609287,-0.012120935453136205,-0.0033603554136745007,0.05679545179607529,0.020116842804677217,-0.0059714320754034305,-0.02164994510319673,0.0019768701677901255,-0.012221254291301348,0.02083420397085259,-0.025108351287665788,0.002057653522735449,0.011896820424645165,-0.0038107457945396224,0.007070160385329799,-0.014897205582704234,0.040371314247658545,0.0006174736989296898,-0.02201184417828264,-0.005195382385033236,0.008050621979002236,0.018482198841593203,0.027791783155935623,0.006164294275961782,0.0007797021308607,0.00984092406019096,0.03384826009057228,0.012545975557796898,-0.0424785987055014,-0.004429348515389585,-0.012638458931848187,-0.007741936360146957,0.046237669111703225,-0.011438168848267953,0.021170235861066825,0.003941720902673697,-0.010889536718718508,0.030042344888576877,-0.013689652400771982,-0.017356728041657558,0.004023500259872894,-0.011496962855956732,0.01872960856646163,0.008876971715374616,0.0011664156879529046,-0.0103898745438681,0.011662577923726188,0.007257471925308831,-0.033272151323435264,0.0051670290939997785,-0.0008610821897952747,0.03429814845693434,-0.011356528068319629,0.009840437444311378,-0.03910203927962753,0.003797351375850963,-0.008480476493419738,-0.0015897680140423678,0.020133275334535794,0.014968809595121804,-0.0002454121098592005,0.010147062029665864,0.027368415947059344,0.01948785893923382,0.0017752367708506712,0.020915155418173802,0.0029745159714845105,0.04097677692656773,0.005544313888715802,-0.01993499606529376,0.018663117216083654,-0.00018328559965536022,0.03417805109766608,0.01753200169374735,0.017489510006596022,0.005987544781666345,-0.016268953707659982
2021-02-11,-0.015370583703164947,-0.021862648709794097,0.011430232182407761,-0.008149387743959851,-0.011213130518489128,0.00899023382842691,0.0016450188000734708,0.0019367844072165246,0.014316684766997552,-0.03226687840785206,0.003483525128092006,0.025399069779102043,0.018380313250395134,-0.02298501038380565,0.0348254411243824,0.004527504056801339,-0.039802334744978705,-0.014527106038458136,0.0033880016118709765,-0.02079496217862765,0.007166281501319657,-0.016735244596714865,0.012659503589030834,-0.030550901114951002,0.0005665905549717088,0.03624825642629502,0.0006555748738063394,-0.007376724549743733,-0.000668248731905911,-0.028826127573143887,-0.00987352624836517,-0.0018172704835171197,-0.0028497960128695534,0.013583789507909843,-0.034860202078357945,0.0055997147384997895,0.007644829419261347,0.03605100305383769,0.0022878648003573226,0.017785313294509487,0.005703868277525002,-0.049279266975155965,0.0041930776217910335,-0.0035756883172975195,0.016796831555672694,0.01735845310271142,-0.02122507103311725,-0.029387511084600568,0.0013506907713088355,-0.017233888788980935,-0.0214410930039464,-0.010156484685623489,0.009192098927253348,0.042737468313476794,-0.0022909553348057464,0.039944807607552445,-0.015438313975434529,0.004882338446707446,-0.019065847057027557,-0.003743889194558429,0.028239302266259127,-0.001634072575573473,-0.000763597884008827,0.016690416468260163,0.00703710047298053,-0.019185794335784264,-0.0012960606675489327,-0.05319606626189859,-0.014700862688765352,-0.001313764835510457,0.02229548123220434,-0.02069890232232828,-0.012582696237252548,0.007254991902148247,0.00968895908582605,-0.044725027305006035,-0.006036169508360047,0.015725157026703695,0.005225973487104055,0.00747457881700042
2021-02-12,-0.009127394155570838,-0.006571766074106044,0.0036300450438932503,0.008732900603262463,-0.03803886465487066,-0.04308998983840646,-0.042487986150402945,0.011015866965880002,-0.007686096331415489,0.031196306904265295,0.004570955397438461,0.0012579983481328066,0.013170519248611665,0.023644704380433226,0.05252578510390457,0.0021869403604422603,0.018065762421963866,0.02271735032791049,-0.0029377620780398207,0.009577499401049053,-0.02559515382484145,0.0018912096644014575,0.00997866090502175,-0.013588497895539828,-0.007111402207845412,0.04184661966193521,0.0003974229746256939,0.0036517221956365114,0.02887757887419843,-0.08502727118631288,0.024419395263562904,0.0034181380833150496,-0.02042006014523738,-0.005116362631579664,-0.004042824894170729,0.009227734401485978,0.00033626914616744305,0.015637134269383096,-0.004629917119150413,0.03144771006775794,-0.024815781885099173,-0.00084468715088603,-0.01734222992613265,-0.022461184774887035,0.05298884145656236,-0.011156642990898325,-0.011983965686177378,-0.028367818393966845,-0.021478716477578298,-0.01804482805606832,0.022030464158944003,-0.021965477356651605,-0.003986383740377363,0.004343173691672476,-0.0015500705615704346,-0.01471757050719843,-0.019317683412320097,0.016338422826350178,0.0005346595722057818,0.005696077749477697,0.018319631587127568,-0.017811335180020264,-0.004635972295583076,0.02248243989092263,0.014272118964994909,0.013562718294769436,-0.024386572600912416,0.016821759408878253,0.0012682220505331526,0.009141949852698712,0.012672943569261613,-0.015778699061178555,0.012331903227655339,0.0014616375234159612,-0.014822857102776695,0.012773864247903822,0.0031330702338633093,-0.009417548597694095,0.00791677306766625,-0.013468490418602682
2021-02-16,-0.0008558458554206922,0.0027655715063992616,0.015509461244121597,0.00027232798551514795,-0.004662814271665584,0.028631597012490607,0.042331764670925975,0.01190411487683221,-0.0017114595357544705,-0.038119104512576225,0.01487648921266266,-0.00246736210753803,-0.024653250868675133,0.019117625513614282,-0.008613502569900715,-0.015548955146575633,0.009568524016689126,-0.025529650533329833,-0.017117876074623426,0.035138581163988165,0.017181176323725657,-0.00037659108884781573,-0.00457949329089148,-0.016913366203969195,0.003560754040184489,0.011491676078090915,-0.006680529692054673,-0.02096291361511652,0.02483135796833324,0.013002123160157376,-0.019416880100392712,0.023919652906747847,-0.021461045837845753,0.007868451236441363,0.0030885098762085117,0.010070829978086471,0.017445840776852045,-0.037548917072021196,-0.02255564737702701,-0.007173143163813819,-0.018064682660635652,-0.020178195944962604,0.015267528611755246,0.010809039311521842,0.01124728040521652,0.018519390581109803,-0.018725100037494072,0.004490201063032278,-0.006282109919628014,0.006976215469381673,0.0013628832942861164,0.005500409248318906,-0.014544631000013731,0.029094388977992228,0.022823251896447763,0.009611352057911828,0.020995478912784037,0.027074252110600164,-0.008970566812887769,-0.005337422361360032,-0.040449073652317924,-0.0007798814823706039,0.03298986624168491,-0.0023768218561209566,0.013114007943174811,-0.021513383151659606,0.04118200209094649,0.013898098862190017,-0.033047564895460506,0.004875462899747064,-0.006202196610280037,0.025749781865154676,0.013512956085014932,0.015542760071087014,0.008013535798089793,-0.01085510254204689,-0.019814902159143617,-0.0723869142612468,-0.0283894408688755,0.020748179514768407
2021-02-17,-0.021807509785190297,0.05453051531629663,-0.005400733166793506,-0.03015558021364982,-0.04045718935781057,0.012860138226988017,-0.009119848302227881,-0.013008641112315856,0.0342961184810627,0.01684984520150737,0.025626800483886176,-0.0016835065068224629,-0.024592801795417122,0.006797706195037619,-0.006326683864796635,-0.024260596579160937,0.01607896283945099,-0.013927009022153509,-0.023974084633559007,0.00937405934498819,-0.01613889703971078,0.01712203869155812,0.013938594296418059,0.002203206425250498,-0.010801931498219182,0.014731747653644529,-0.009847285926886672,0.012498859596358115,-0.0036453885118518004,0.01896119040448492,-0.01620505465536201,0.007003760191216937,-0.039799558069868804,0.01215735585673062,0.0016650449645814296,0.01478594049355253,-0.017049224001104504,-0.017786849770156998,-0.014749328256506107,0.01074101422135561,-0.006494035092742084,-0.022998253511706816,0.012162747100072813,0.004178426700332333,0.02903423284277505,0.0011911266731901467,0.00929604618100734,-0.0006313349414926424,-0.035275412291135705,0.007691709355403575,0.008868308779548594,0.01301743071444487,-0.008603729809059732,-0.02003546376356172,-0.020489026948153296,-0.014651991680972795,0.0438730440514773,0.0004910587904428321,-0.007610554047719819,-0.02090850608668315,-0.026332509723104105,-0.02337046020952087,0.00026900996347764696,-0.05351549199111063,-0.04163974609015459,0.036189441276679626,-0.02823277602447241,-0.004149445644680434,0.011775114681963933,-0.006666577199559013,0.027154817054187336,0.01911736775543873,0.009127008514632723,-0.05326791738056929,0.004606170067654917,0.02291978782663207,0.017308998361053367,0.03469603605718868,0.004233376686493259,-0.005022594621111417
2021-02-18,0.025651971614612103,-0.011293810633690506,-0.006999579532270682,0.016597664587015434,0.013799324919104678,0.03617701926204181,0.0173127113465016,0.00016278400498539233,0.011319107534118078,-0.02246252467574974,-0.021837611434701275,0.02004385307606509,0.004334801757299503,0.009773902914949572,0.021499012774078535,0.019509991185246153,0.02609944881699523,-0.0018146456458222504,-0.0012079584998147693,0.010843579482032888,0.037257895574898996,-0.01055559911210359,-0.016606003775859964,0.00043645510710850727,0.004418793380323331,0.004590207528925848,0.009524779422268743,-0.001828963326270937,0.00990119937376996,0.013109441702224478,0.003081937821715898,0.020580744376494882,-4.7240991579133115e-05,-0.023823665158805196,0.009882062069896542,-0.005745578099620177,-0.012186515635308348,-0.024809331171372268,0.014687375264775732,0.039104172350702224,0.024906112684855843,-0.010335214866830833,-0.015772903547091773,-0.014773161023582296,0.025656341520465215,-0.007218974318678893,-0.002745800999505146,-0.01775248509583466,-0.0008449267142138346,0.03624517120159452,0.012195914167624052,0.014043890537913148,0.00024982955133250365,-0.02054371818601338,-0.03031553474598093,-0.002243388094416044,-0.03501832034861793,-0.012991489812854506,0.010201724474324674,-0.021950090166127662,0.006779722310423313,-0.0009175547349809913,-0.024698622005148687,0.004180322841841422,0.022243882998600625,-0.015917125000409177,0.02077787459681673,-0.001695598817516341,0.004125795634343104,0.004351311964340683,-0.012737351855236346,-0.0016111197481984533,-0.017048329768358406,-0.024583667422206173,-0.01110894429810427,0.0005765143761730441,0.018832171062763133,-0.03922628637167652,0.009258275245108135,0.007455139877927418
2021-02-19,0.00880244026718039,0.018233455904924433,0.024281956324455574,0.022673554066774324,0.03548593940738855,-0.00404480814749647,0.040786506167212924,0.0032756766973879325,0.005581852598000798,-0.05138891530420421,-0.003982324768980402,-0.0176589305799714,-0.010901016088325706,0.03083671489681548,0.010737443252796897,0.00012502347167617992,0.0009269739727597918,-0.030289789160684952,0.018765617969194143,0.01470721653284053,-0.027710963992159922,-0.02311287562308998,-0.036170143160950165,-0.003038283853755757,0.03295709848862195,-0.007814059611949675,0.009877578530711893,-0.024776663749034356,0.021105459159056122,0.013406194035386712,-0.021151358981973876,0.005829105350762368,-0.04865702862415038,-0.03901120089568161,-0.035112014099568926,-0.015080475271310708,0.005033061113692215,0.023118699496945845,-0.02570785919752514,-0.0013791956181301668,0.005763322828238811,-0.01601971781522997,-0.010833741018138717,-0.01887249715626305,-0.05194944171055992,0.019435318655557456,0.007946200970912077,-0.00428425085988598,-0.016741652351488636,-0.0046126292560304885,-0.0007584091117838135,0.003606852670842572,0.00542951608032708,-0.014822939764293528,-0.02058287914361646,-0.03139825861975003,-0.0098339538387974,-0.015130670900250427,0.011075954184398648,-0.008689694856836468,-0.020147584644614757,-0.029227052555395025,-0.02693066678450624,-0.02262303854258402,-0.010327657145253355,0.01647547306464586,0.028705632112686754,0.044725790476514315,0.015155350960945776,-0.0073130413027718225,0.021185150783745672,-0.012642465271886925,0.017968263677161693,-0.015709070189246634,-0.04743049686657036,-0.013024110556690754,0.016181116105128405,-0.02188863649911534,-0.028538183758403207,-0.0012739874857563658
2021-02-22,-0.045876951880241115,-0.033550613125782724,-0.018539369862777173,0.020185734837560136,0.0007373297005263033,0.0071860711564149075,-0.001428990300383605,0.022326166833473167,0.016687482684187682,-0.0013649070214322555,0.040879175250163755,0.0031366433307237996,0.0005173302057659863,0.001730952952359547,0.013815399791705736,0.01857581196633639,-0.0010941694250794869,0.037544410995330256,-0.017827193615041263,-0.008761347322609287,-0.004741495012274014,-0.013514534390895679,-0.009700984004426682,-0.011424057816500261,0.031806067327900776,-0.001858989121802385,0.002548746485231431,-0.05861074397044816,-0.02343271896041215,0.009911436414396109,0.01887169882798255,0.017708918300348167,-0.017176966084026548,-0.01816270185904613,-0.006675037773198603,-0.005030453756350587,-0.0009468293737162457,-0.010641171361507915,0.021026852899030217,0.007823663250852528,0.005990235744938687,-0.010251291558621091,-0.0015784882074836866,0.025293058569179943,0.037162313707691144,0.012226158776082336,0.020894506621532548,-0.01150288747838826,-0.002336588557699601,-0.024020715243149086,-0.0073274455896185165,-0.02257740731834766,-0.029208579280036392,-0.015044590596627284,-0.01926785256669692,0.010546107842431833,0.0410416407170107,0.014935758477699798,-0.0020209171804366826,-0.0021860484211279597,0.020805756995201676,0.000693956868772885,0.03924251026476794,-0.027766641225298507,0.0039441969958285954,-0.01461914604940471,0.004666280212683915,0.007284649744605196,-0.0059126052477037755,0.009483359182908088,0.00903037989357128,-0.014870960910925293,-0.010353016872864365,-0.03234701357002552,-0.017325587674902727,-0.038780331556076346,0.002021776863491012,-0.019148790478167026,0.009653396182074774,0.0016062109808501516
2021-02-23,-0.003000007248407108,-0.007161303288756063,0.02739758190319083,-0.00921100387776548,-0.03603271922196254,-0.013359427536998363,-0.02636982716411219,0.016534341361776023,-0.02656291106161682,0.011664688929631118,0.003904104887050129,-0.022360234160711964,0.06317883569177327,0.012367038596158363,4.2510843158325654e-05,0.013065018906825827,0.009576423779596542,0.004033324949735518,-0.002324267543111998,0.005098876828474986,-0.010412751461407495,-0.013623001448201064,0.01578130165382807,0.006970286302408763,0.034665409914694786,-0.026387214972099005,-0.015281612153166497,-0.011591144983673947,0.03206861775217476,0.004133178731669646,0.04959126980474404,-0.015308351461368058,0.021337881500375525,-0.013848066075637114,-0.028843748659743606,-0.0009156021815884834,0.0038743366567332124,-0.0037137305416355417,-0.036049312992768624,-0.014391417767666946,0.0067575423366352085,0.003900948823191207,0.015270617411200648,-0.00758657243637724,-0.02250023370208448,0.00885595056774451,-0.0037491219767445726,-0.02395289101776062,-0.009209890558055217,0.024335308013572577,0.018314105540556104,-0.006706169126581062,0.02868650339035425,0.02125797053665976,0.006405195830133026,-0.004127143769985386,-0.025873312491804815,-0.010133976552508446,0.014753463121439521,0.02138226840632557,0.01475233916753755,-0.03471415946154204,-0.012862023319147826,-0.02861650772092515,0.033369409628259995,0.0066266454703018795,-0.03759317667893871,-0.0023358800787068156,-0.01990798419085645,-0.00651861535808197,-0.0022133282119272766,-0.011617635061181558,-0.016296632326984296,-0.03861931995163054,-0.014363893742905226,0.013404249322437794,0.009411731400560213,-0.034934855668284054,0.014925382956907918,0.0038261588079355337
2021-02-24,0.03205128108826828,-0.0010790556613299866,-0.02537742931215131,0.008964077592567595,0.03187089180068745,-0.0007769519846424922,0.008826814603878373,-0.018908423665947534,0.007180143384321217,0.0034970946725982424,-0.0351670805678486,-0.029163849686339737,-0.00872041796361473,-0.023981506352750964,-0.00353508363869627,-0.020800690557444105,0.009933712386089602,-0.025376975610945585,0.002317335588021758,-0.015521147736856327,-0.004742078123343944,-0.025401137169380254,0.017343347530983676,0.03592008551502829,-0.005950012128147314,-0.0007699116641744151,0.008198971792915738,0.008705490186335537,-0.012079019634586265,0.010993712358025582,-0.011090437016715896,-0.05085743941746967,0.018782287258078813,0.02516678588394943,0.0033523481864381898,-0.020927691175391158,0.014114669020682775,-0.022344182367328377,-0.001023053781570968,0.026497593161614187,-0.012372380114883954,-0.0421952195113298,-0.026182412937349568,-0.039317871834915634,-0.042359684078231256,0.024220349567818295,-0.01669488659255407,-0.030744396519384133,-0.040358417860652064,-0.0036102595242853888,0.00025830619013456844,0.020439219366189827,0.027907547346261316,0.012739354408760324,-0.004477561778864323,-0.014806551059248224,0.028797630169854625,-0.019200548029505132,-0.004743012060873724,0.002090266263839249,0.007491459171181686,-0.012903365444544724,0.023263478597270508,-0.020313446071108267,-0.0075006964140457875,-0.0017633208693836147,-0.0009865836402333317,-0.0175615787780199,-0.03175048921645462,-0.016763805885521524,0.022925202709679016,0.009425386249935823,-0.015256544440380404,0.0057531542925596145,0.0027570739590581685,-0.027551052652267795,0.02385196496044534,-0.008915177462447197,0.0037574324842409674,-0.01982435403099484
2021-02-25,0.0031465094025059414,0.011481055857791782,-0.028039794997582086,0.0254685124237457,0.030854653935253298,0.01759630276115482,0.025005804700687143,-0.01313281081346583,-0.004429255878847639,-0.0064915746901820824,-0.00042545699262189543,0.01682261883533617,-0.013977861916596748,-0.032211064024920806,-0.0017610025062988234,0.02506885646155227,-0.011413973410621685,0.03136293411143514,-0.03128366804677774,0.005959231123289129,0.01009315273296987,-0.0051159469006866,-0.01254375328731205,-0.004870108300262667,-0.014187430103587391,-0.023413518784468068,-0.009133089126243414,-0.03721963094444006,-0.0011408989387776325,-0.010455532514617212,-0.013073878847393543,-0.01572167170648209,0.020334419271421118,-0.005266036319501134,-0.02476702747373525,-0.040646332484660076,0.005992783266667589,-0.005067239204917053,-0.02694208601195149,-0.0033367332135120355,-0.017372091211181807,-0.006008523884837844,0.016070023437046298,-0.009025897028315955,0.008106449490303485,0.03426471204605207,-0.010912221152273516,-0.021989617836094624,-0.013314589452420261,0.005259037233484932,0.018290775101106077,0.009086463610004984,0.010770127274994523,0.011022104400505708,0.01624746788185185,0.019770810161649034,-0.018092179129268,-0.03874660462920007,0.01766517539539402,0.018524562079385746,0.0005873514651400764,0.03307868624610067,0.02432642826876036,0.012654663742888345,-0.0057131551219004005,-0.008370029883850534,-0.007363573883475935,0.008756773072956114,-0.002319027936670867,0.004183698570083182,0.04371317281711485,-0.0017866804222413598,-0.013127711539620722,0.0011101951053823467,0.02328583921760308,0.03957347519512632,0.022482201224689965,-0.009728178444076708,-0.012546468692160626,-0.020283958907784474
2021-02-26,-0.0009246547734757925,0.0037467937714243827,0.004455214890252976,0.029374722260378933,0.015236830813600364,-0.011370054693061463,0.0011224941703097627,0.003364013204476089,0.005365615501369764,-0.021964739731376432,-0.023296171157205385,-0.022163742158769248,-0.032911089057866744,-0.013808420707269162,0.02037849178271388,-0.025817212130955933,-0.010502894440364357,0.020718922806297103,0.04398380296789382,0.0027381998150678944,-0.03740347973941881,0.02939703483183369,-0.006443526709611048,-0.0025188819958496247,-0.0017171284352379837,0.030821429522555174,-0.020788514092606146,-0.008095123526484935,0.029775640571478648,-0.009002064287939189,0.019990187342440232,0.04630069166929927,-0.01801514976363495,-0.013852873529596408,0.0032477260854513624,-0.015617371824226834,-0.004644324463587013,-0.011847522094689731,-0.01052898839565049,-0.040813878811317296,0.018547592124103205,-0.030586252976763987,-0.006950804557523864,-0.014237762563943051,-0.017326312114412653,-0.03482395148561562,-0.03305575028855292,0.0358107893515888,0.02176724360653369,-0.013125975616925873,0.0028704605569640097,-0.0075753528200540625,-0.020293218131868743,-0.02861238526025766,-0.034929918767291,0.0176341275506345,0.008970766780742455,-0.003789932763716709,-0.021132729224502468,-0.008670542015498618,-0.00856278357317818,0.014841998201177169,0.015120157965026231,0.02276724764278875,0.022539292364946787,-0.031274431599506006,-0.007926419805321263,-0.015105308717718124,0.030496047829442534,-0.02561502062970274,-0.008776259742599388,0.04159628986951708,0.005142129848873993,-0.00551216278495442,-0.01704461627511216,0.03347136090627699,-0.005222004717861127,-0.004719536357447303,-0.0038314738409181794,-0.03591846244106655
2021-03-01,-0.004805565517952533,-0.012954920515526887,-0.0027450864864705556,-0.010449357431615262,-0.0064202280530917645,0.0062580163233766604,0.004240574437096466,-0.0089427453516643,0.0209021121544448,-0.052745972907902776,0.02197939991638275,-0.0030444650935964783,-0.007209704534144092,0.020159118036040164,0.0035301138012896484,0.0025315861344586106,-0.0581354809759163,0.02890134657747537,-0.03900341569048798,-0.01481334473298233,0.012784755443557118,0.021180357646115488,0.015859475034334485,-0.022888245446482075,-0.023522319533816276,-0.004285391142370007,0.0028058976650223427,-0.030626943357566466,0.04461261855933179,-0.013798599473570126,0.002869865099626064,0.02337980219153639,-0.002799841123381237,-0.010853789662399383,-0.0180569666248675,-0.003650734015947666,0.019761559590062656,-0.017580106886782125,-0.030430631211643796,-0.008528376637470216,0.0253850593031395,0.006135036440717022,0.00319879859533458,-0.010585972584906409,0.011644816164803933,-0.01621355229858586,-0.02202939656037939,-0.02254505967626566,0.010761468716288856,-0.042193461425609445,0.011443256019168941,0.00048688176242322816,-0.019756047215155517,-0.016204395897719485,-0.01871244400333161,-0.012987813207719981,0.015309309328934841,-0.009706438517263398,-0.037340401229168624,0.013672656912236349,-0.003954831312565481,0.001058366519488773,-0.04312728440400844,-0.028336747098496283,-0.01712219105091521,0.04038836471505403,0.009475436295549014,-0.015200143249147216,0.02054165231378066,-0.007929566213719402,0.019786505955845423,-0.045762471113990656,0.016467580765154408,-0.017672621900048785,-0.027200278194769664,0.01943005096869684,-0.0025630782804820637,0.001728368305281382,0.02189567881905978,0.0031766273340566816
2021-03-02,-0.014344088507245651,-0.011290690508856742,-0.05748156374338867,0.005350743787148329,-0.046860608165732204,-0.059002409294556774,0.022549686921817854,0.004316849783862143,-0.020967720028702244,0.005825706084829779,-0.00681878361113531,-0.021416605204295096,-0.0067560823792450885,-0.013304843154992852,-0.0004256076031455766,0.038663884430352805,0.003196948391773733,-0.0288717689882553,-0.041817095946262296,0.021576599074802243,-0.017804246736127065,-0.0017779232745512778,0.0002915666923476006,-0.028141625480441603,-0.01994944901098291,0.014487513380587383,-0.0011661193735198726,-0.014428419478502316,-0.026169481635896854,0.005862214738118942,0.02739572130103878,-0.026890166868594672,-0.008589634878807052,0.019789114001058147,-0.016131150380189824,-0.0010054455327018542,-0.004130388854895945,0.021494366242894962,0.04722499718458563,-0.003973254516753916,-0.020332743823023688,-0.018792876675247313,0.05731325059003336,0.003350784557866607,-0.025250378407348194,-0.01079844731890504,-0.005262750823313847,0.002919913698118372,-0.01228516134333182,0.009690195868006785,-0.0007530121736006397,-0.020943983506967592,0.004273571219706917,0.024465069151020855,0.015164334807920359,0.027233516016441226,0.013506491367625254,0.02788411133384848,0.010770323100659675,-0.021255461825361796,0.009139937170047945,-0.02799120063475269,0.00248101330774194,0.001594609244743337,0.00227586500899867,-0.0004674329418452012,0.000415360939358834,-0.032547793796984435,0.0014867211414655234,0.022536394101278834,0.014872346592909914,0.013768579598554898,0.02992411066643198,-0.02559142614431991,-0.0009505436235314046,0.003210622742031795,-0.04264709083700323,0.003963108760614522,-0.017209544617515053,-0.006010316519779743
2021-03-03,-0.007191108480073639,-0.021019434696257118,-0.01799635124979794,-0.011174861241749542,-0.005973559336155064,0.003084229498836976,-0.027786171424934992,-0.030041814070983986,0.0162411584531758,-0.0019136853766260377,-0.0386758656060349,0.033667466860150666,0.001605699037362406,0.00399187846166379,-0.035544269151616056,-0.03155866139136557,-0.020943428306325455,0.00235914606406576,-0.008284853118039082,-0.010457456267478875,0.025730009701679393,0.02407336894148425,0.014775786742288093,0.037535003101925105,0.03310365228763656,-0.024522054435921547,-0.028352201262324867,0.009174320810693535,-0.020641491216917076,0.01960145604257594,0.007008481968382169,0.049474754134275316,0.014708226179878728,-0.041348867387587494,-0.02274559232722414,0.0009097316496977659,-0.03009969261031493,-0.017744069350225086,0.019333773448536044,0.004784365001896705,-0.0182545800769398,-0.004271932148505466,0.015054861139832648,0.024837108628924312,0.025805398995948137,-0.0008417580801895117,0.028308875311865555,-0.00455201261820706,0.014956453855097649,-0.026951000919046605,0.017564326614170914,0.009373546595288275,-0.0016011826175200015,0.021379874532735713,-0.054734560077110146,0.0036060496469695804,-0.005459159234778977,-0.005931472737903898,0.010377007291307132,0.00542884077351353,-0.01901617443326536,-0.018332518420672097,-0.030048215325012118,0.0114257735990087,0.028980556264950014,-0.025420905014856034,0.00010281440291155665,-0.02660359367850979,0.001538622434072898,-0.009742021139711898,-0.016397069174717515,-0.004171274567983136,-0.0036281922589311007,0.02379003515510826,-0.010980548285999432,-0.023232199551884398,-0.003977337936147144,0.0061410395590480536,-0.03342486363368625,0.008313204379304282
2021-03-04,0.0332035778687468,0.0036339357109544316,0.003304869794639573,0.02334650967566094,0.013024966216439154,-0.018724349490600256,-0.005444646596686254,0.02129432537744313,-0.017045201159419363,0.010181366437471832,-0.037095729029216706,-0.020846204653744985,0.030206583396274547,0.021347094198323587,0.02790066280241378,0.028018295523385923,0.00366736006663727,0.01743153004596314,-0.02225910500118676,-0.029289041102496305,-0.002513019748472477,-0.006837577776048328,0.019265976180049514,-0.0025899272394967064,-0.024874827264639073,-0.002299995795911039,0.0009464367800036042,0.015003909090266955,0.014580474042606512,-0.014161595793168143,-0.024109978128547548,-0.005936058060327419,0.001595322251744103,0.04804969383207513,0.009169127106162299,0.003405624894740292,0.011315185610251952,0.054150568646481434,0.0013081222323242342,-0.036585122874550215,0.0020518651267422347,-0.009865326012505445,-0.01671918195572087,-0.007929730506338299,0.016960148809133428,-0.004442741842742829,0.012168053805312981,-0.050624450073554574,-0.005236680536705374,0.04382930903405943,-0.006442168771763638,0.04167059895726658,0.0024574739605346735,-0.010148092344141392,-0.0026520158207900563,-0.025040206463484115,0.004317037592417748,0.035590673945156394,-0.011390905374528039,0.009707033587339932,-0.00437550649085316,0.007896296987847102,-0.006638168241689821,0.018181507269857684,-0.008887216899303564,-0.0022623380505952294,0.026553935099983893,0.002479150603802453,-0.006471335582063626,-0.010110011982002145,0.01409305270130385,-5.831111746550416e-05,0.02312950211909001,-0.003442117795819269,0.01826712564489081,-0.043355117437832595,0.02150252249473229,0.01529362425576253,0.035233669191443454,-0.020872178003270996
2021-03-05,-0.02273790247162563,-0.026156325631025434,0.02052748852241643,-0.008905161202499266,0.0004883302362943143,0.016165371350445438,0.029343463872644426,-0.022662660174174988,-0.021063454544679505,-0.01414751078171077,0.017269189526105164,0.011978254380911504,-0.029258564147820267,-0.02899496901710907,0.01238634619199179,8.19687490104907e-05,0.003155426225073373,0.021930945325724465,-0.006253174600291863,0.020752800295263715,-0.0020857936216478767,-0.03151082682486393,0.027530696599112815,0.0009743418004058899,-0.012586983319272467,0.0032855459901772357,0.04518692443269478,-0.004207932073638894,0.01171407776977954,0.020099404880422642,0.0003826859814687754,-0.020018308871285886,0.012692154339626375,0.026192038042040466,-0.0064033915476733065,0.03484701181854287,0.024417419129901387,0.0017082996421581105,0.014713338278020276,-0.013269351761481375,-0.0005437899427699854,-0.005748621514876181,-0.006506769321397649,0.03535151580637329,-0.032203451894554175,-0.022529698441157674,0.03985517254775052,-0.019930111199839638,0.022084814815696362,-0.02691690295607788,-0.02325539066855622,0.006391572304067699,0.008623496186694607,0.0013406162127051393,-0.01604994736695454,-0.007425887086110465,-0.01842492682430864,-0.009811439724786599,-0.027498933875768614,0.001434770291899822,0.04833300751785184,-0.003993607547819267,0.014816689452083262,-0.012956382712661118,0.009665263239436967,-0.039225044295578486,0.0051443356249380665,-0.017785185482153826,-0.012585573087135425,0.009130238807483206,0.0344659111540936,-0.005310191880611242,-0.016238984726038,-0.054177664518605735,0.02298749391416234,0.013927259896514877,-0.02658191226907043,0.022186947039186573,-0.03225959341933588,-0.033225443571600045
2021-03-08,0.0038347088625545252,0.006945965998638715,-0.019556054082137345,-0.01704683209135218,-0.0010623960204201744,0.0035612188155258774,-0.030242333524327526,-0.010866207533136144,0.020209348853084078,-0.05297498019580997,0.006259162508724978,0.017785895708714215,0.013932696811421189,-0.006142850184758871,0.014535649571203435,-0.016760140404830256,0.01573597184234491,0.029723272899303155,-0.02160760673130884,-0.039228408182660754,-0.0006762813241962501,-0.009071594114948312,-0.05363273102952174,0.005008235322991708,-0.0010514560256716739,0.004763035814485129,0.0031427327950009497,0.0038413579875970654,-0.008370514893378853,-0.049581639890812435,-0.007126225935061478,-0.01299184129199787,-0.037892456087711766,0.0276421950085776,-0.013950680518400696,0.011070058027590502,-0.00795978296412779,-0.010380560621134856,-0.0015275775281935046,0.0019161137624598887,-0.028174530229300703,0.019443867459559453,0.003599011624940477,0.0048874299992900504,0.015244655447979288,0.00047734835002407347,-0.03042296733434075,0.0006947281669116572,0.003374349517408638,-0.004628971795054023,0.010520969093949879,0.015652272032145826,-0.004970957212479662,0.020148080811698544,-0.015258052324742642,0.023788873151142812,0.010477926704072332,0.023506556201839685,0.0002707611873708652,0.00184158872148153,-0.002530465995887416,-0.010440021167117938,0.00472651816544377,0.005173100613761734,-0.033779236209455596,-0.00029740604174096713,-0.004881593280065879,0.01236817347698598,0.02108211889349896,-0.0012052930530818222,0.01639333545015694,-0.01268998424802649,-0.024427356537192444,-0.0011394551175417285,-0.02753815885047346,0.015285439949075788,-0.0004003383102077039,-0.001216594833873683,-0.010786326037378344,0.0030880951520737485
2021-03-09,-0.011591494304295874,0.02193140747076285,-0.021226407663080135,0.01808571954469404,-0.009702763248854902,0.01503964976648432,-0.008756778278087253,-0.02770018262028251,-0.008480059342621981,-0.023427017500268633,-0.00649476709441886,0.006374824923145058,0.015099638882214932,-0.008626337011629837,0.013830294128643368,0.005087609592527195,-0.012758306768180223,9.962607879176647e-05,-0.004253457133790354,0.05418553296942072,0.022574278588389132,0.026558283032160516,0.02375782370943638,-0.039677749804410085,0.009712362877309625,0.007499289285883737,-0.019270260359125612,0.022444588393542984,0.017916734896971973,0.006242271397790206,0.016466639514066114,0.004207882688889625,-0.002499383601604014,0.038953571136468475,-0.03645753956695906,-0.02837955757936728,0.039965286023569246,-0.004096051830454844,0.007627998743289379,0.03853612754548581,-0.01563312547380616,-0.014126807692018151,0.0037905424311347907,0.021482796946303603,0.006876811166733814,0.053331186779218484,-0.005853307307410736,-0.04098303617240513,-0.0023290599336596557,-0.0069154032353789885,0.017895615036196945,0.04672647488749847,0.03074549125148682,0.02836218861255622,0.0030354955435773173,-0.005108483209655008,0.0006756303296569752,-0.006235564457144269,-0.01662056057275341,-0.0009069680913524897,-0.0027002010479696397,0.002400566920012724,0.020059091210327798,-0.008069482071348824,-0.021255521248414313,0.012934477322642489,0.038312837070850175,0.0233807721564651,0.010909383505029875,0.013353929606112345,-0.011348085680053814,-0.0020359920569686654,-0.006836229516204115,-0.009287644284278385,0.013724697618938016,0.010209230711509183,0.022415757319777876,-0.020937422364722794,0.0048472909499152365,-0.018114244213895528
2021-03-10,-0.012746719463559736,-0.00489274286621164,0.017129991734886132,0.00981406613729201,-0.030427685495796254,-0.018695080800924642,-0.00025901846184549215,-0.0179674151297781,0.05131154632381021,0.028610810876165273,0.05133882475058952,0.009028476375924596,0.024405995660101727,-0.024615932125128543,0.007956888310414172,0.0004489783941085501,-4.6757956291483934e-05,-0.01940700182784634,0.0011893185475095247,-0.04432241293903776,-0.026034218178082904,-0.008599043649191944,-0.021680259099876524,-0.005309600504541765,-0.00015836877090222052,-0.011278371974621837,0.011449343454127688,-0.0399789042284423,-0.026984047059567137,0.0005439513916909451,0.0010263445049550077,-0.008093654963901862,0.009595141714278964,-0.011150826854321736,0.007378513686508993,-0.010500765284247093,0.01658582560737999,-0.021569446599314594,0.03292301644588349,0.02039545547166434,-0.030288572309789406,0.02160555380300958,-0.02675279608277262,-0.0037970989496219176,0.00490002747574275,0.0203498295339419,-0.007849679720216388,0.02333746197351021,-0.026323845236168198,-0.0032360238232618794,0.038526218831130755,-0.020946025317047,-0.019394418579581515,-0.0012884814773333167,0.003223902207057761,-0.014742528780976585,-0.013859617336646,0.00010031103676905722,0.01373027126993004,0.004212159538979514,0.00766264880458913,-0.0008219063837358809,0.004351822671680163,0.024536798494382756,0.031077397880064993,0.00028002090612704316,-0.01169293171990461,0.022133214785402974,0.001703239410978307,-0.01044413160877917,0.010080165610813764,-0.02121024953221455,-0.019679021832408643,-0.017442881034828054,-0.015230982611100227,-0.005519736342584914,0.015652262501131567,0.03104404726909852,0.021352141589857893,-0.023873924411559014
2021-03-11,0.012781186029229612,0.008366131966749717,-0.004398131556413606,-0.010965915342342638,0.0008919750891482336,-0.007176963970424628,0.003127576686063482,0.030759891770054497,-0.029084268421066112,-0.0487932773623612,0.025848138018231076,0.004298365742827907,0.0035205527335501947,-0.01816940068602778,0.023119889073446302,0.03847891891859837,0.013098301973750512,-0.026023682650571308,-0.020538447505664997,-0.015033255086100513,0.009681413416529758,0.02718297519378976,0.020683785134818593,-0.014185750327672506,-0.010927918482760349,-0.012598793015826183,-0.02053210682167709,0.007347047635281781,-0.04802487863187523,-0.022460591456242535,0.015124043413610082,0.016290056671999533,0.01625661919062046,-0.02200110851160407,-0.0390494176914369,-0.018956993846458717,0.019884002630055308,0.015866348186235845,0.030550653808803174,-0.02753231195570259,-0.0006068831459402139,-0.004585556592433328,0.011014102382830277,-0.04164501188126504,0.00028408117005002294,0.024174235144774136,-0.021602494385721403,-0.014024600535542735,-0.00342305234423876,-0.009488297041487924,-0.024858757871030084,0.03812370624377645,0.02447382646626579,0.021620873276528604,0.00915246879793398,-0.020792127703661928,0.016564700041585733,-0.026116774383396033,-0.019138088207302544,0.006620964285144331,0.009613400377617634,0.013162970708305187,0.011966627069635048,-0.012958360884417408,0.040210287858509206,0.0036958708949847915,-0.025229518238998924,-0.006004191630395336,-0.0036446791411339436,-0.002568758427082524,0.0016124245363951023,0.01900607463150248,-0.009004551300438228,0.03372419364796584,-0.004418422152268526,0.006566233790858499,-0.004174802311072847,0.015578759633645793,0.0037248248339166274,-0.0044250972735264925
2021-03-12,-0.016563995030445516,-0.008375235912611608,0.00634870215660252,-0.005486457149561891,-0.02080132494696938,-0.0022529099839981685,-0.01128973733769632,-0.02922362094866731,-0.027571539111637892,0.009830849722686132,0.020200314344426314,-0.005348256117770951,-0.03548220624557507,0.015540785327366113,-0.011567267739748402,-0.036112665832450895,-0.01534806544335595,-0.011009862326242365,0.029186216267075196,0.022274834644662417,0.010170170776490229,0.016097178987501546,0.0005633407462259065,0.009545170194507431,-0.026251181739642592,-0.03021267911485401,0.0014689017083296375,-0.0008921149144091376,0.055696144525500195,-0.013581850033858665,0.019077648727675298,-0.018614296802917037,0.029748586349851322,-0.01230959422078811,-0.06438403131792513,0.005881806519578563,0.016947328013783895,0.024326510299000383,-0.04772769391402587,0.0013351084273115702,-0.018241061988860517,-0.020693315154991614,-0.013667403308699613,0.02709763564501301,0.002969889278542187,0.01337602902663221,0.009581654654145665,-0.0038625389865373813,0.024104229913072962,-0.020118117220221544,-0.005726207760887581,0.003052977015706872,0.010556407791036648,-0.012894528784207597,-0.020973110748261702,0.011832560915830128,-0.06108190922152001,-0.01793600656670449,0.004974567518896708,-0.0013183233088949165,-0.03956883026481187,-0.009367020672561606,0.004358862284823068,-0.0047595111697174225,-0.01362568257308137,-0.010905722076497409,-0.021970537929706945,-0.0030627083373266284,-0.012243490531283643,0.017706475171604955,0.02910142412640886,0.014989853046354742,-0.006533346820406654,-0.009073362606454425,-0.00581042232043145,0.009430142591293019,-0.00046954862980669277,0.007543778211250489,-0.024031427543962626,0.0034801194117678102
2021-03-15,-0.026060291613456046,-0.010885386822306116,-0.013666562363860043,0.00684180225121188,0.01170712330707292,-0.02383150875478475,0.01766958870529773,-0.009813870762393598,0.024287711275127764,0.021691096573805677,0.021230395725128578,-0.028390830915417605,0.01453647920361736,-0.010931013637089166,0.0037079417675302583,0.013483209244958272,-0.0025397286855982954,-0.01410985064166301,-0.03165916154429506,-0.015339232135640826,0.0028044632793262085,-0.007235209306238236,0.0149209019990871,0.023141840828238832,-0.01621837403332475,-0.007770987913643319,-0.009297212122095801,0.02732878622539011,-0.0011553464311020373,-0.00742055936909727,0.002219149817833545,-0.026360529876967388,0.004402533167798579,0.017904422103367974,0.014458603190819451,-0.020144898978466733,0.012999649333094101,-0.005323891297777762,0.004313448234412919,-0.01126176680511009,-0.01459227588524212,-0.018895887080719664,-0.0022334443349101285,0.03135772856641606,0.0027353937242686932,0.015225600575835357,0.01563428266665926,-0.0052859953454472445,0.0009068237417454592,-0.007445804798132958,0.011106307998928746,0.011166535043112583,0.028344627905608683,-0.01823464407925603,-0.004653395378221346,-0.03214619856031126,-0.0006093502648415968,-0.006788090197699756,-0.012419333142839082,7.37787686861712e-05,0.017977870818846838,0.01315747357757166,0.03295130262513935,-0.018241981830159557,-0.022172679413792893,-0.014122365723816437,0.035630928482348286,-0.010724991291478811,-0.033909976854729365,0.010189552502558796,-0.005354605767836942,0.005753729222174862,-0.014872205140129071,0.044768285947405215,-0.00995868616653155,-0.03998551989900783,-0.004063973811327639,0.0036907810092803844,0.01712543631413139,-0.0036972994924401913
2021-03-16,0.04004911965231735,-0.022553668348254504,-0.005290931672798112,0.009531066870126167,-0.06117817274320951,-0.0031417131261240027,-0.01197066803895092,-0.007912213415256043,-0.029729443595255495,0.004960729779112275,-0.013756703866845575,-0.01550758008273109,-0.015992031498923226,-0.047024478826966386,0.03783373798357011,-0.028285062320572835,0.009635254181472904,0.01763312921024921,-0.008275554560370343,-0.012510767205293403,0.004415549361615971,0.0025785662937013723,0.02998726969949184,-0.004051763044643468,-0.0023963295327900833,-0.008212201229714517,-0.0042316114006479355,0.02035391867658122,0.0027846860406014035,-0.0261989807452827,0.007217808295134839,0.04335285505520854,-0.010121534145534836,-0.005601884440898089,0.004218076379452289,-0.0417915759639492,-0.018710450450384754,0.02704159784963444,-0.0355480379085926,0.03040356658481987,-0.027043544944876152,0.007455645381691626,0.01637958404285738,0.001813360801331881,0.016998514601009623,0.011547448551261894,0.003560337757429194,0.006021338663047374,-0.010697531437978722,0.01403497328741704,0.012591554319501376,-0.013983756068629939,0.01655074190762147,-0.0026401727996769233,0.02148369805345085,0.02390100783023473,-0.019422607433385558,-0.009503060890172211,-0.02137223451210928,-0.007754048547540108,-0.002453801279885099,0.0009523880492969915,-0.00877605885634855,0.004729166506207159,0.01329697722071881,0.03193954888990746,0.028132630308980604,-0.006191930209050621,0.04548750176238432,0.016466221336596216,0.0042815310330133255,-0.005733363670795361,-0.034012957486826416,0.00020573792823128136,-0.029479740664156227,-0.021076261101634915,-0.020632492543271264,0.005219726104599789,0.00131955685382952,0.02398757119091975
2021-03-17,0.016947699469061606,-0.0021084732318178683,-0.011272903117238331,-0.009193697511058996,0.01243525275533126,0.017623692221869828,-0.01829848638834599,0.0100419951235509,-0.03206656627365182,-0.011757112195700782,-0.0021751218451716496,-0.023473992855549863,-0.028961664162879798,0.044580874490476256,0.019821426331948496,0.012183192234967829,-0.0343338746793087,-0.003273142211397457,-0.0013603497581156532,0.022287115563809225,-0.01050030722309735,-0.012909589863148907,-0.032859340174654125,0.015698869463204316,-0.027849346241955637,0.021949694140243704,-0.011153839378418543,-0.003522223933441297,0.006162672654731563,-0.0004697015860889474,-0.02556706944943073,0.022236730325198177,0.020462683784492924,0.029200200855317413,0.012409632663812066,-0.023716301634415654,-0.011617620202919034,0.044832886789947256,0.0005906466512280072,-0.017941599367701747,-0.02964285632349163,0.0007201682603563506,0.01225824227572912,-0.016297811237178324,-0.030848863431418697,0.01696405231810614,-0.01759346562310695,0.014724316354212248,-0.003300690629438537,-0.03840531389073888,-0.007106713882407464,-0.008635917321959893,0.033601457719126634,-0.005403188835457079,0.008586202914890961,-0.0008792825529540976,-0.012243601957862995,-0.05480556675805117,-0.020907655899381494,0.030934030927001765,0.013229134260674288,0.011972087554621244,-0.04086090248019156,-0.026744224841911905,0.008614047005737032,0.012525287276579268,0.0208844008937223,-0.013013068429381781,0.004628518241618908,-0.024659518650963108,0.024186210477002725,-0.03386975610650041,-0.005160473538712324,-0.017556883327107534,0.002343378888816541,0.02704844710113557,0.011393429501992928,0.03620837304778269,0.0017284172608599652,0.011096774376712411
2021-03-18,-0.013981814063192257,-0.012808059471315206,-0.01150095331981661,-0.024070312993708903,0.01929265711956127,-0.03221739127400726,-0.0001294137551438885,-0.020279601385945978,0.02988326739374294,-0.01680508756395313,-0.002304895641034818,0.01737446512347936,0.01199007696103963,0.004829395942703097,0.005389127843961163,0.033197942018547644,0.055288979955707744,0.01451416733994833,0.02016090585465702,0.00708752894297633,0.03372337202377769,0.014026584201594399,-0.007529976866065834,0.030050725917362155,0.01928997063261994,0.003960948442191408,-0.013315610969268248,-0.021812764196911087,-0.00030138129422466387,0.015737812871005216,-0.004057872749843548,0.01477099586456135,0.0064337973273279996,-0.015951689560186003,0.0017781549812185932,0.02690241659059643,-0.028996905985198697,-0.00894520480767083,0.02047751783804946,0.03439459381390254,-0.005146797874006383,-0.0037959526322991466,0.0026938626513093194,-0.026270345795058048,0.009053560383894016,0.019778277054065933,0.011577839796597933,0.006967117196226479,-0.03171524495497637,-0.029996396456775765,-0.012016282729735334,0.022681865055794274,-0.0009531871803509286,-0.01242667907989473,-0.020550521952967787,-0.0225399814811978,0.038957646374559486,0.0037635394623553907,-0.005136647949871104,0.02341634022858022,0.012404134647341771,0.02499001890287014,0.0005896810635497507,0.022751471176458496,0.0016409501064519646,0.0036621721751658983,-0.026417558603706204,0.03390706916436307,-0.013060041803943436,-0.011162585142881888,-0.01872079439633851,-0.035068685739892566,0.0015322689084948857,0.021258433291785166,-0.002442426259509914,-0.02516234794434026,0.002548086811031986,0.018893902224944845,0.01339592474974046,0.018891422749054126
2021-03-19,0.04652459227535558,0.005142687703787683,0.015942712899458034,-0.010319009416100143,-0.003628333871573754,0.05348671552775422,0.011790338738138869,-0.0027344300203051798,0.011170777349094944,-0.009877105622566995,-0.022598405299892543,0.02401046183906841,0.010138164005857184,-0.007937602897555752,0.03589957272289218,0.02532509392356623,-0.0009799193728108882,-0.02771128527798739,0.027131577371845572,0.012778489334971214,0.0022911634852246553,0.025547681490576634,-0.0005049603066649936,0.02889825830147939,0.01667673493172758,0.01846663224127558,0.02534732195206858,-0.00039323333696284125,-0.02969009576640088,0.025142836851638532,0.03717373675628394,-0.01569367207740061,-0.00842516473995205,0.006382240482928851,0.0017835039748205215,0.02576017613395094,-0.016933511607424387,-0.00192651060496677,-0.04602207402347698,0.026500599267928898,-0.030841308769387624,0.038715566422230854,0.0047559808080764945,0.0027856702360311942,0.008876408988205136,0.031411000264093214,0.005774927875935132,-0.023811130859705317,0.004617650933742635,-0.054373799249706985,-0.020092421184583743,0.03631154109052571,0.01360815758219886,0.021590734705428234,-0.005475743067082215,0.010447326197165941,0.003638393869333014,-0.00010907322765639594,-0.003634804412226074,0.014567744097189937,-0.027140025151628392,-0.017146017892870017,-0.016494774402998617,-0.007154633811863002,-0.009104208412607135,0.023763681485651795,0.04160172612561002,0.018718648253973433,0.005516164191177718,-0.01296325803572314,-0.01354552921111837,-0.004187244771512851,-0.004238664651016283,0.006138401480910845,-0.02040080601022805,-0.00036315424316443545,0.003201096978749573,-0.0003810475066062414,-0.0007476051673733146,-0.024150827584632162
2021-03-22,0.013189087952716913,-0.014420715941674062,-0.016934013511335756,-0.026398358503642,-0.019656474472099065,0.012080325601636424,-0.026885467857954193,-0.00916589359370086,0.015978869522156592,-0.01139112238653346,-0.006711650878764497,0.005578072146780237,0.05805300524987442,-0.0034565591135283093,0.02571809841330578,0.01676447912779875,0.0025459576745186737,0.004407914142519311,-0.009605165750483318,-0.024367612054816502,-0.03285609398141041,0.02759926177302204,0.007182404896984625,0.014252175563894241,-0.011103273556591582,-0.0002799475790803637,0.014393259283274642,0.0238490562194099,0.017604159609227527,0.035653709660266646,-0.004700791756155973,-0.022555341103722024,-0.004685481147282738,-0.003595664310589681,0.003484562005416596,0.005980139487064765,0.010592319669579669,0.000415419707301226,0.01325002426961049,0.03925788030093123,0.007214533977799456,0.007265620480482743,0.005557724607051998,0.03689940001285133,0.013075988964284076,0.005382274432615096,0.03229189922045658,0.007190542031454032,0.017257774591888257,-0.03102943490747833,-0.0037315688356273713,-0.020554539406944277,0.017519200725102876,0.0015815391468660843,0.0005511122293513627,0.00857759003218218,0.029973350329002658,0.04128454444823605,0.007084407850244516,-0.013208633095271443,-0.021955411729679727,0.001113800086306061,0.008049413994997758,0.00729963881887991,0.001981055862185189,-0.0016954543975629785,0.022462322832465905,0.045135191604619755,0.034587345904045885,0.017462960181156225,-0.0036913928609153108,0.02833533368711422,-0.011389324266482393,-0.0350494070619331,-0.01820064412660415,-0.008513685613249496,-0.019396482067776156,0.025995438652584718,0.007359216899192864,0.009631258876796105
2021-03-23,-0.0009368062395590723,0.01970573803890217,0.0018937987437663978,0.0054504575638433875,-0.02255131872950676,0.003640153007517438,-0.014212917214876733,0.0014293951641718597,-0.010557642062910934,0.0036338772173814073,-0.020286340934615756,0.002629548449933377,-0.009841060240203961,0.013414115307983532,-0.024829661718810184,-0.004301385276320153,-0.019605578705921025,-0.001640601345528189,-0.028618819772434193,0.03068734028396572,-0.01308041490031909,-0.003490878619025928,-0.020114853740822846,-0.03991097653253196,-0.015202472341862694,-0.0032560413276446778,0.01923846265470004,0.004074623196584753,-0.022641441978868474,0.006036741871809339,0.01666825429681289,0.0069260976076926314,0.015922351601222566,0.003865486755046853,-0.007717281511921124,-0.019664379728874103,-0.022050107788175916,0.031096795387895004,-0.00304344116805321,0.016913387351798252,0.015158035552881588,-1.4091965074145772e-05,0.02055433035002626,0.03245830720708036,0.023989635648985676,0.025178625739275685,-0.030601865489043343,0.02874077609907046,-0.0069994326127541286,0.00873630373141342,0.023240301726273335,-0.0214600818672073,0.0185117758993152,-0.013907748219316812,-0.007236183302976882,0.026816426923116733,-0.019209836912981105,-0.016045528926278682,-0.020154392469343356,0.02039689376252042,0.02189075373052601,0.004356663678859841,0.01756334594023973,-0.023696908714265615,-0.02531236445877641,-0.01950632537792271,0.01254796143740172,-0.027758993824626783,0.031027990424704152,0.007827583156583029,-0.03935166545727585,-0.018805390131302505,0.01981521082328533,-0.019205991483576965,-0.0023031124231405607,0.006086422173049808,-0.03326978461491377,-0.013470280688336547,0.041112422560849876,-0.022398765309582097
2021-03-24,0.031849358003404445,-0.020110909281513968,-0.025677162719172197,0.030175969198020326,-0.0032137838518662394,0.0015200341588561088,-0.018791855798479553,0.028153575168700585,0.02720999393801863,-0.02883471566326401,0.007704108656803609,0.01584276852724323,-0.004433469442502013,-0.01053398665869203,0.0027165366914764354,-0.012281686302450615,0.010393594010319545,-0.01632987511428387,-0.02360870039770478,0.012850996893611813,-0.0015685517668812118,0.02626567185705989,0.02333803031459369,0.002631082186411663,-0.03453424220698686,-0.018982088825741063,-0.048095497822052906,-0.007750664781029041,0.012903781168520612,-0.03978710922100917,0.034640065911825405,0.03321030117737644,0.011643363416212875,0.0241920061802115,0.021992832522613925,-0.010487044763781464,-0.02075039870979856,0.03562026526414695,-0.015418100011787582,-0.04511331138706838,-0.03067929043576401,0.005949970167558538,0.01357426618495468,0.01588838934936466,-0.035282535566760094,0.0025648369416478847,0.00409624719891394,-0.003526362087982567,0.0029718456624627265,0.02384475674431584,0.01795198344333351,0.002985930754865872,0.014254083816560044,0.008614667110132928,-0.03105334443858901,-0.006690481490905032,-0.006752150451597134,0.017768839948985538,0.02767236336396032,0.0017748096838934788,-7.480679336251989e-05,0.01316217769914408,0.0019395980836320699,0.004509631251292244,-0.012534196752790296,-0.0030934467300284913,-0.02244934571624996,-0.004612752524502902,-0.007666576455001585,0.00602437220514659,-0.015488366739100628,0.0033496618716721037,0.003559342580094306,0.002139625611664161,0.017853449042265497,0.00020297496509088503,0.021910270785631118,-0.03386707174264802,-0.0003339991765071428,-0.04529091835243224
2021-03-25,0.02099237452555732,-0.018505707937330824,-0.00797617798036383,0.00322246754679775,0.0012601792460002125,0.02477095252969195,-0.011146565012174791,-0.00025945103021231914,0.023386543586786036,-0.05718030808282963,-0.0179485334989737,-0.0028757351284433882,0.0003809032041884647,0.002542139299501745,-0.008810705249698238,-0.015852899883612822,0.015211409140530974,-0.04270589500159377,0.008621242587929056,-0.015512366177278688,-0.026899514435515387,0.007941691770956558,-0.005200345021319177,-0.0019947785961221746,0.010509283142297486,-0.0319222364733855,0.008767826456135887,-0.02596019418008285,-0.019306066786051616,-0.015832039456352733,-0.002455193235646618,-0.01360452245347923,-0.029054772517659134,0.02528796244049626,-0.0012413854653239894,0.02614729993132074,-0.009953017331311525,-0.012707370623264179,0.011841005143521858,-0.02462744211918788,-0.017604992810652302,-0.0029730659607334446,-0.008080555933876764,0.05643454793266914,0.01538843816049776,-0.0031168435510342887,-0.011580126586898283,0.00027079989442292055,-0.01789368825689414,-0.00587454511810525,-0.02494932185131419,-0.011411319536298044,-0.054378682517488154,-0.004967476235219898,-0.04207872761729924,0.015982511533802347,0.004604687749515605,-0.03289190765757646,0.030414757616167777,-0.06315088974250094,-0.0036721102426142387,0.005910620768147734,-0.025400588131936505,0.007978396661143085,0.010875315639610233,0.01163226564595498,-0.02056191156056005,0.05373073493653328,0.01603055021562555,0.001744388714958431,0.00417894743705922,-0.001977550854915098,-0.014428528313708635,0.018849888498333852,-0.01892577602027902,-0.006028467248585521,0.005930290899011858,0.022313330901245067,-0.015234181339448774,-0.022097454934603075
2021-03-26,0.03186053763156511,0.030190719119381464,-0.01583838703298076,0.0005372973587571689,0.011994617166896322,-0.0027341693423216535,-0.019263276896912325,0.02171479626100549,-0.0020607436174132267,0.013049730298510686,0.0004809553823813177,0.010885137000834835,-0.03303469887451911,0.014845504664140297,-0.0011361479343091647,-3.354634267200317e-05,0.026286922274330476,-0.0033530987023499964,0.0008804546549136058,-0.014861683443725425,0.006052808890520742,0.014864911600051432,-0.0037038290980777335,0.014057317087523807,-0.02282346533728397,-0.0002708228681080699,0.018076806228465785,0.008486474434769352,0.015724349787059555,-0.06129767030086942,-0.013555420957890325,0.029353560962767592,-0.015688447303714267,0.005108937960536328,-0.03938887902453932,-0.02719690174263946,-0.03631160868763816,-0.01300835487391367,0.016509526411727486,0.020492446844486402,-0.0045464999312616605,0.03382684650889902,-0.04334671803474739,0.009568267610989034,-0.01076031688366421,-0.011033993472955639,0.024388338376717035,-0.00848374835331015,-0.014102913685694805,-0.007592591019056837,0.03159654138784333,-0.011184255685931994,-0.0004166010083805441,0.011117712508089102,-0.0028597869989401086,-0.0047195213008803735,-0.025561455878778033,0.01028227524290408,0.009485274940591466,-0.02265205474797976,-0.0031674350575789647,0.02421493521130418,0.002579892620391377,-0.006461159692943145,0.000699468856175597,-0.0011849014975825042,-0.007067122608657689,-0.003122172644447624,0.018129875791037572,0.013055240279695053,0.01743248240281854,0.0036294664115593916,-0.0011716272488723936,0.008893121300680196,0.008277441472063643,-0.026607639897405444,0.006608548288944535,0.005617695641034137,0.04551248191744763,-0.0003614787777308351
2021-03-29,0.04382111098932924,-0.018884194591408575,-0.014647132357163865,-0.018791500020598175,0.00036927108660859617,0.020743457733915956,0.003589287266289004,-0.008441722937874364,-0.0018527740761525129,-0.010241733043459992,-0.004606790782010073,-0.014501498740130032,-0.0045039885836641105,-0.021987784554586467,-0.029158221363386555,-0.01627862221194638,0.015332138223284211,5.245634630199541e-05,0.010342096774149578,0.008863199716958519,-0.012042100331640998,-0.0074776545322016675,-0.014504094844677547,0.02951970841107057,0.015143462063309736,-0.023372150197414454,-0.018331778335981038,-0.03451032233748415,0.031479216782695926,0.009636658198772824,0.04115666318555859,0.022330197652508654,0.021686852866836262,-0.014258818450555216,-0.0013892110887380946,-0.003502966549425848,0.006929603854706624,-0.0021264634105276734,-0.009279461791438176,-0.00442238337760681,0.013104601958240545,0.04048413340705394,-0.0018214163022779656,-0.012550609559980438,-0.00047142962910457707,-0.000621688224294033,0.04677406948184015,0.035067948293478576,0.016412837403790306,0.015170550233438239,-0.01391712778116039,-0.0055386533063952826,-0.01193515514748153,-0.006877412613576124,-0.023269877742531968,0.016181503560806207,-0.015419023238342933,0.0001895550426881367,0.008478496378893141,0.004279396938944406,-0.005540807660782759,-0.008687563626758396,0.003597390381836221,0.020228963203905694,0.012041136134388371,0.0059100811398021405,0.03378915307808985,0.02105401177021993,0.01051774176016187,-0.015627568472186437,-0.016736980783630007,-0.005804247293236008,-0.0010411407696405662,0.004012485572737095,0.0034961112630764435,0.01060822808956516,-0.005126645290212989,0.006014990167115334,-0.012487635407071925,-0.012535452142269135
2021-03-30,0.013067480875848676,-0.005342671764609425,-0.017699360878807982,0.00831634380618979,-0.009007139204156026,0.021850697244979143,0.004300325852257928,-0.0038254589078874283,0.0013637692751180342,-0.04422717662571882,-0.012215577952833923,0.029586088888369194,-0.003424224236914271,-0.0478788213268816,0.0012284978775322615,-0.018351567708186616,-0.02171484641933861,0.02720224021013625,-0.015776864972010238,0.025992807486189415,0.03262896906267673,0.024808156437270638,-0.01154345080333388,-0.01792600586849228,-0.015278696524148951,-0.0087582115115869,-0.0069253886614477405,-0.010323839421141902,-0.00118700191362971,0.003511426412309725,0.0027481809139468976,-0.002167672533985652,-0.03810823059396228,0.01306180881169697,0.009290476287615106,0.009067923917210686,0.010673187967825586,0.021770680533843803,-0.022065009413477676,0.00961089135206879,0.007659530235377537,-0.014596747538460993,-0.008837002278231882,-0.0048400575200367784,0.0027224537606242737,-0.019886534211659306,0.031016524260921937,0.031446855024653,0.03144965789233931,0.009718182998679374,0.009686060075417516,0.0020620503368597234,-2.393288874517846e-05,-0.011868942511909722,0.02274062414827758,-0.029403577716144193,0.01390948629303993,0.008046659398389323,0.009033307269549132,-0.009253182730236079,-0.021221165311447,-0.027298112549138324,0.024838263379459057,0.009264226332799342,0.00199019721637178,0.042444382414235385,-0.0034721973918885674,-0.005967042449490387,-0.006877896102982874,-0.0036060975873808423,-0.01600438889738342,0.0059094365831835775,-0.0306991283719661,-0.004463288738734525,0.01187421716034532,0.007041238752709055,0.02921965671646698,0.012775072343164042,0.003676148480803437,-0.008719006772981772
2021-03-31,-0.03236788782739492,-0.0019118080808581256,0.003446532579445584,-0.04919598223261526,-0.004682006087337803,-0.01519564713353162,-0.012164127557444823,0.017508288362855715,0.02429448720273309,0.01244928921224295,-0.032856211615732385,-0.03133595914969967,-0.0018383364413895216,-0.018010617065868612,-0.02330720199686843,0.021657535891039907,-0.0030459774659289296,0.020563234785323826,0.0003014243856442422,-0.03671996727950085,-0.013945354601253391,-0.009014590233936994,0.00732638409020046,0.02007111988498025,-0.006824223359186567,0.033669552615645026,-0.042388824597541674,0.004372651845383379,0.03092658482582504,0.006223567284088361,-0.004336294088704825,-0.03045387826005941,0.01173609155798381,0.026233064161972044,-0.004559261420567374,0.0013967676262927546,0.009964690583919066,-0.03164196577963719,0.014152640075915181,0.0005145334242316522,0.0026397351733093207,-0.00646379419304662,0.019505457998489666,0.009602143939457195,-0.00897046529828671,0.0007661713783619475,-0.007422938659270642,-0.009414497368076348,-0.037996507623929025,-0.02266821297943949,0.03295329919300007,0.007954766289098024,0.006544891619466623,-0.009481709046049551,-0.0022011621703125696,-0.004679125761662133,0.008829980059126106,-0.031608466825832904,-0.02281166670301292,0.035218852724634236,-0.010384746551847311,-0.00678369916286884,0.022612603081936355,0.02801988683363686,-0.015148483684812539,-0.009795884771100131,0.04004426929977547,0.02821171540549208,0.020247717006197687,-6.554768972260969e-05,0.01768106939990279,-0.0027765917142608945,0.00919746054171136,0.019043317185046316,0.001794923289905994,0.01166395046321181,-0.01483595746581052,-0.04306000341271285,-0.004947821303135972,0.012612637216459133
2021-04-01,-0.031704951769570736,-0.010075124594506919,0.016629831014881215,-0.009340887591656473,0.007252450463203282,-0.03183956269932012,0.02989036252250083,-0.008288899591940051,-0.029201427675613987,-0.038588173527060565,0.008817696028832945,0.02652636433719157,-0.014318934787687546,-0.003603307474581646,0.004776486518740827,0.01942971996536203,-0.020905173796913076,-0.017035990340772477,0.010435837498183163,-0.026298914292857876,0.0021410482594516693,-0.006057590993547154,0.026006369270866147,0.005177804354218201,0.0059965100737029665,0.02548130504543016,0.018648497841469453,-0.034069907045623495,0.012983510020521193,-0.005008774885824545,-0.030999972627830594,-0.010815255747942653,0.01636611650997176,-0.016945156305432668,-0.009663490952662173,0.011257322444862345,0.007414714245153903,-0.00357722927803892,0.0048455056389271915,-0.04998112105426148,-0.007393824665727883,-0.006393951827440216,0.0038854971523631784,-0.005329032871646521,0.019367553470056132,-0.01552196352186797,0.021987183304788542,0.011001569327790638,0.010815412631017509,0.0032389295484761185,0.010060231602847983,-0.03455060070464757,0.0037576771006813674,0.01190731516260786,-0.013419715227169074,-0.006527112911832717,0.0053281188534523615,-0.034970206709202555,-0.042010069244369744,0.01214320452685686,-0.01811820330444224,0.007739816315324604,-0.00724569394034009,0.01945003602758131,-0.014842894421945576,-0.020222885973266127,-0.014510235386264527,-0.008524949215259875,0.01828755084615751,0.0036982546591441444,-0.019532416133248777,-0.026307072681431953,-0.0005603934309379503,-0.03106635374877598,-0.03865607806154547,-0.004506636953427421,0.01047700162833888,0.0052807319696001566,-0.023303040971987796,-0.012249125035372841
2021-04-05,-0.005373478092241226,0.005739801778213282,0.04039683511371613,0.014424605189830875,-0.009751100913595058,-0.03500432639661763,0.009878375300294187,-0.0002640794522210661,-0.025043692753239467,0.0016609653646638247,0.011093820969797576,-0.017702047174407716,0.015734342094179274,0.010630607261365187,0.025052900146260937,0.01372367113009415,-0.01845092656896166,0.003311810096749396,-0.040731565976706866,0.0010348669641794428,0.011433643817576762,-0.03936442130976637,-0.03970567263780614,-0.015063785812213197,-0.02311804359035552,0.05566042743342094,-0.014076228001140346,-0.030233072645011613,0.006482180179128463,0.02676080180540415,0.050001417584177074,0.025221556616891197,-0.0014311902825031831,0.0006037276431276733,0.009925698177314672,-0.004653710573098128,-0.010578368467691522,-0.002522756966348906,0.032866470307357495,-0.010089702365100331,-0.004106828213468371,0.039178847342381654,0.00040008719331543043,0.03759773609400386,-0.015963456037258933,0.0006761168296452105,-0.021587226097600817,-0.0016213898379814598,0.005738634165526191,0.0078049061611424764,-0.015552747061718327,-0.004087399608685489,-0.004022174195869415,-0.019873491475507255,-0.028643238006579256,-0.004777022319006994,-0.011424985970538645,0.009880826743179258,-0.01579464014129638,-0.0009710496004192776,-0.021617397019468503,-0.0370416774772227,-0.02860411701344957,0.02455697871141062,-0.01045086002668574,-0.012389762460695636,-0.029671927069688797,0.0010860933377283804,0.025848292367904913,0.009027469884409682,0.004432724710892031,-0.0018327425396180684,-0.042847068034052,-0.0008282374895505479,-0.00031463859591884065,-0.00014052816412882973,-0.008257099730690788,-0.008473348373152716,-0.0068040213628696245,0.0001988891274535718
2021-04-06,0.018771533865574383,0.034387239481823935,0.01766473552667866,-0.008283073622842222,0.010104163748025429,0.004551560477562881,0.027007538876540383,-0.007525005520649193,-0.01834648086016517,0.03632844298173405,0.015038084533062665,-0.0016431171898071053,-0.015292892353255757,0.008821712300014965,0.001238740430353014,0.016194733730441422,-0.015198279877852279,0.015597707086641627,-0.003956798684540236,0.002036128744525198,-0.017341875617540536,-0.003606727933525088,0.0034369254890005718,-0.01175136631419081,-0.00031324562939983176,-0.021571329483779895,0.022746280307225458,-0.010554599804417612,-0.01067322903407411,0.007175314104737378,0.005235656318676657,0.001984518500899336,-0.001788774339127821,-0.020947257756972443,0.007278330180487104,-0.0019326631880100136,-0.005229542514972311,0.015822800111657365,0.010715273300908002,0.023708834637894624,0.0008640499373688427,-0.030853717729490984,0.01499145273315126,-0.009711191583532822,-0.03560515643083911,0.004576075871723729,0.005324521405004307,-0.023384075768077835,0.022303645110409144,-0.009288107407573739,0.01823880068393678,0.00460839648097587,-0.000396382102057027,-0.026238639489720023,-0.014856596202624138,0.005445899030837693,0.029426405351929735,0.03874426690044393,-0.06310047786168131,-0.0017366289521542006,0.04526866247842248,0.0181056759128973,-0.0018508477129248301,0.024138221956705647,-0.0033590039360830715,-0.014082357019132304,0.035791304393890194,0.029560422505333875,-0.022447801809173763,0.005991957509544157,-0.023286064714606553,-0.027755994281588925,-0.019813811480387526,0.005532222574184802,0.0009672684269199135,-0.021757914366384114,-0.038086342527019416,-0.01557598371746416,-0.014562205937288802,-0.020385130616043176
2021-04-07,-0.0020497337591818634,-0.03850873141777807,0.005983530721361212,0.017784485311350042,0.021998731859246848,0.0041700191136103595,-0.038867476776883736,-0.018951929521615646,0.0020109220854148584,0.0013674560641213623,-0.007170989992768236,-0.015607971568086963,-0.0018362676747518093,0.001995243375347979,0.007709392582236414,0.007630249020021598,-0.016367805094539743,-0.010646362829247333,0.0017468291205009615,0.0096919420501717,0.00588973076472103,-0.00971371675140794,-0.047964455664187416,0.006539321992896243,0.021596343257925726,0.0007914031484821488,-0.019067510431083286,-0.009866749991979468,-0.005000572793191075,-0.015282438802765724,0.004719300321794898,-0.018998350526625848,0.0006664972245842668,0.009379850773890338,0.021755100013694656,0.03096727038957065,-0.0008795003197422814,0.03322359055778059,-0.008123337836507167,-0.018831453841075468,-0.0007656223031508486,-0.009060717747166987,-0.016688207371787982,-0.023052721694903158,0.016254316714477843,0.0031119685730801004,0.002068127841622176,0.02291560462653007,0.0006320339870015847,0.003112865831001187,0.012561550118403488,-8.186274986170045e-05,-0.013776608093856618,0.019356198273632642,0.025139766009772507,-0.014501833171712315,-0.004784432393012862,0.009076623974659772,-0.0233335100078805,-0.046460218971255844,-0.012556327946979473,-0.001766151887529711,-0.003639039520027666,0.029377883093724414,-0.00022751846200939023,-0.041416706428433904,-0.03388896724198896,-0.0016556180538139188,-0.019140784416249692,0.0192774227297465,-0.023061122984937964,-0.022370973046812764,-0.007545041554072639,0.013217382810625011,-0.010304732615860533,0.0289129211646445,0.003238680789468389,-0.02281509699419667,0.00371798948269717,-0.014192738243306153
2021-04-08,0.006697354453894987,-0.026878279062440842,-0.028054194611791844,-0.017223174017617818,0.017725016505928556,-0.01768916524210426,-0.014434107923796258,0.012997131453866531,0.0009492984023607527,-0.0060640696021850545,-0.0213717613928693,0.0015807288922766389,-0.0030379445009550876,-0.005962313152569213,0.028536876392314052,0.0038483614163486034,0.036638076525503147,-0.025574029415420127,-0.03307628754643467,-0.00021680679450481198,-0.00037131418991187076,0.011861480715506885,0.003446696688177823,0.03422662319487356,-0.004617732707843162,-0.04441677313670328,0.015155386212992488,0.02654147642496857,0.030505644273456218,0.016629053922563506,-0.01665076487828555,0.009914072746707824,0.027698043660314857,0.027765237607560833,0.010718176222313958,-0.005649849775847494,0.01499520447482078,0.018516214865765726,-0.006161940918362025,0.028488593376674424,-0.029654055285560036,-0.019712344962881472,0.030684856812082724,-0.0075764953228622655,0.019479177409205187,-0.006127226648685082,0.01824164250062143,-0.01089687670298313,0.0307514828391687,-0.022097282558569416,0.02253061605696966,-0.024445747965337297,0.025364243802176837,0.004282274794491072,0.01680983498210278,0.02006494109603707,-0.01632901991676613,-0.006640386961034991,0.013377306770964131,0.0029476827825126203,0.005829687426068318,-0.0194034944598932,-0.0038681204308162547,-0.013497232371979044,0.012754080748705487,-0.04345133098961926,-0.022417245650324515,0.018795483329823184,-0.03340550920399655,-0.040313953009777186,0.029520421363275144,0.05019463978880948,0.01150115508295265,0.004320490349370329,-0.019768857723423877,-0.027339575969386232,0.018690669652233267,0.00959328284239482,-0.03383488841335237,0.001261670474887272
2021-04-09,0.01455307677455038,0.015766222484096693,0.024342346909679388,0.017996005181267007,0.011664792947434017,0.034657935135284174,-0.040243348890646236,-0.02703446823738408,0.0066967097724514625,0.00041756901131749513,-0.002169711236782983,-0.0002263316677160973,0.0029720414509532417,0.016413284539133856,-0.017665150787840988,-0.00994129213256373,0.001478647003518135,0.0017566026118547749,-0.024918047002184442,-0.004193200253954581,-0.007334106020798016,-0.020257003817242745,0.0007651356041114669,-0.019658871013923353,-0.015525492793616518,-0.023586942747312635,0.03491404549861069,-0.028377857667270596,-0.0032911695049311534,0.0028962409000133755,0.04177987064297333,-0.0187833884003349,0.0025087121224302597,-0.0025882153101525252,-0.005855242823162159,-0.014972973764420992,0.007545346809936251,0.027332785761799677,-0.008550272370209933,-0.01859630775993511,-0.008265564971793472,0.0026480374769444065,0.0180320093348845,0.021806859605166835,0.025754190845404378,-0.027990265157109635,0.012674754369173176,0.04563307471643695,-0.0013133792612565324,-0.0028160885214386,0.04141012099771621,-0.009373263643982136,0.027136949687592418,0.009291100981599437,0.012411598567248897,0.005674169085958884,-0.009651974809848987,9.610169886949794e-05,-0.012580605496687623,0.006526034245992436,-0.006199178117341908,0.015646833159095316,-0.0404676942905137,0.03128250904411804,-0.0008559079452060348,-0.02378268779237705,0.0034329742716333995,-0.025281671335734952,0.025340473528324626,0.02888467341787291,-0.01929529793758889,-0.017425969332347732,-0.02251553780118937,-0.028130849197082943,-0.01011578424965869,-0.013095732603290697,0.022633352946220434,0.00205895324755393,0.019200430795875627,-0.002865029035323544
2021-04-12,-0.01468351358911937,-0.021704098336730218,0.005621265387313938,-0.005118791541935877,-0.006044283195349106,0.004104128782458682,0.0037255737948759197,0.03199264798660954,0.016877213041926152,-0.0024428596530942197,0.0028472658318185935,-0.05008933218160098,-0.010679493412182559,-0.031511534983599765,0.010888527449709789,0.0015438406712007613,0.009200550022072049,-0.016457421462792842,-0.03112270360947886,-0.024948572300441858,-0.015742314947748443,-0.0032019171056659433,0.03540366223547752,0.032065217402184286,0.0031782754911971875,-0.011917703005116353,0.0023271010241932145,-0.006110737271274214,0.022273719537917167,-0.02069269155336652,0.03265185257300038,0.03192580267965695,0.019359902799779262,0.009448873096778141,0.002415763827429336,0.029206760296025803,-0.01778716719121504,-0.01759038588302791,0.0005348528348508495,0.01466140760848495,-0.02605297928540058,-0.024691011403948707,0.0035193656478291,0.0007068545300455661,0.014899451878693147,-0.0437032107761506,0.04678248900363746,-0.023100516558397365,-0.005856890389727107,-0.04105211469232251,-0.003426408458969715,-0.019104515976011854,-0.008391168061898827,-0.045621809140290036,-0.009180611729909216,0.009803868328451005,0.019157273145610793,0.004821163886851681,0.014467518836748705,0.01531088597465685,0.0031637371384453444,0.00731163520572479,-0.020084388950869975,0.004153838472965516,-0.05577876151642,0.034328039644184946,-0.0006049257637185835,-0.025237015026482183,-0.009666837392966861,-0.023380537719280513,-0.004807992533767582,-0.020388260074855495,-0.006433588579904304,-0.02483142595759317,0.015672531921793537,0.02643284701070052,-0.03478913805074744,-0.00865026669965709,0.01666339334359263,0.007217710363901644
2021-04-13,-0.013638676164003863,-0.02354164548690684,-0.013880327265930392,-0.02854407398122954,-0.01876363068760228,0.028205952691129275,0.005939167432890864,-0.003865469370322068,-0.025293977636205205,-0.010685729077196473,0.002534768679817468,0.03197844228384152,-0.019720420483421406,0.0027479741350576025,0.016422445192170124,0.012509270800913233,0.01166423549575878,0.036287011527795496,0.006595724525205924,-0.03099993252037343,-0.0149813233988472,-0.014216632155951663,0.027256082898327174,-0.004060520960102991,0.010428201481011161,0.0017566429607261745,0.03238049703110707,-0.016224112468326654,-0.014841922526009244,-0.017301966573395756,-0.01573052191614812,-0.009687435029116738,-0.009855245032084878,-0.027794109577968018,-0.003656528233335916,-0.018570390751682896,0.01240976970156673,0.02844218419756569,-0.013386106209436201,-0.02789749808720176,-0.010985540243570843,-0.02789833679280921,-0.02090326987794506,-0.04197925979645712,0.0188814227087211,-0.004523620997309291,0.02204391938398856,-0.008719568355077662,0.019159318832126574,-0.0007865027562091526,0.008899346729991332,0.031393889914835486,0.03489956612992428,-0.0066111963871734085,-0.0019842013971567386,-0.030471108737966945,0.008418486284511141,-0.0008149156670752952,-0.018458135550180613,-0.018270193745192044,0.007623133023284263,0.025682078267927014,-0.004055964624634,-0.01156694186642173,0.03177550323622013,0.04605906907088803,0.031182912972921716,-0.02745744568433421,0.03504004730928715,-0.003150578175671966,0.022134426441112253,-0.0022265768957020634,0.010597603935897185,0.021313345421621693,0.05608685574269503,0.00918086854045838,-0.004484949932030984,0.017440573507799862,0.01098107333550518,-0.00810421512926072
2021-04-14,-0.008872767523686468,-0.03410101688351177,0.01452177553856274,-0.010265122617496224,0.0027553340968965133,0.00803904832652002,0.02271602508271723,0.009965222382018565,-0.03878014904855837,0.019284712217399958,-0.021945458602499825,0.02380803976850698,-0.022091532575353064,-0.0011264779298666037,-0.008683769114311103,-0.007674590905698597,-0.04704874891258956,-0.027022124084276032,0.0012728398542633554,-0.0068157655240805495,-0.01284845496311426,-0.015932953180590462,0.018987365281219068,0.01846904891549372,-0.023291156248273416,0.006602754393874192,-0.013536243744157326,-0.026500928186223106,-0.0003086429028232332,-0.029975740657367318,0.006703790459241375,0.012632106454051906,-0.01081771302086884,0.031640697399543755,-0.006863693256797111,0.002352963471414883,0.04580240395987277,0.015059319955847146,-0.003114724409579241,0.014638470946567221,-0.03252261963063749,0.0032863428701357697,0.019199256486580503,-0.012635706601433674,-0.012818650531388528,0.022725172433060523,0.0033095076806982085,0.00833536025611632,-0.007278641206058374,0.007957844341178848,-0.019661176281416514,0.028358873469104644,-0.021895546936432413,-0.0246911806966249,0.01224620962912233,0.005441676936962293,0.005388791640397236,-0.036528056804639185,0.029431513385109593,0.04918275804924019,-0.033641485815149016,-0.017695219985975792,-0.035674129625620186,-0.0018432473588054178,0.016408736335044048,0.03085961684149805,-0.012778258856954277,0.011399181901331228,0.03952411315556986,0.0013750522117015706,-0.016737894368974035,0.027029296960066663,0.005618707557882799,-0.034916997366598784,-0.01833524432217614,-0.03800882885400839,-0.005234160840650468,-0.009747978069047397,0.025718817508911203,0.004769427476217964
2021-04-15,-0.004195110246262095,-0.007372220763323077,0.01786803673803588,-0.00045323971298582774,0.014900289448300148,-0.01818883446109547,-0.00020379094045529234,0.004756153880094545,-0.015805791448975575,-0.0005151176072487659,-0.023693270735552083,-0.008211306442476193,-0.019054931919378616,0.017366086308548793,0.009709234458491353,0.0006215903647452386,-0.03598311648064922,0.00806689935357081,-0.0322008519875186,-0.0011641210626616063,0.02541009579578053,-0.005320209409825956,-0.00040929665421182395,-0.01695918792862043,-0.027989373469756017,0.0018303795170588133,-0.019466167632406148,0.019635851175467168,0.0035520861996460877,0.036596085012309924,0.027095302730826967,-0.012390011905382666,0.0080594903416238,-0.016395732018905148,-0.013113357519610245,-0.013171456902888835,0.0015209336777947096,-0.0024231086125105724,0.015125298031223531,0.04032397790141109,-0.020469351109426288,-0.0026703103700014053,0.01693115917082238,-0.009016652623526768,-0.026166037353170402,-0.015124720801824703,0.025526945318928955,-0.028820564163988958,0.015910018177131887,0.007754881868239439,0.012772987411874746,0.0009260531823379949,-0.0025896018724905017,0.00437330102126882,-0.0135218210032228,-0.020371156023823063,-0.015272050600301842,-0.015010431250103562,-0.028733987068630618,-0.016324691908584425,0.0030492655510677784,-0.00887402475421434,0.021238973122842432,-0.007951384225746492,-0.027097246239891945,0.008438684621160337,0.008165090845695092,0.019361453465767856,0.012072285033397509,0.017674005546987434,0.01871495594898888,0.04057107063021004,0.01396512906855364,-0.011635371978180748,-0.01677094052896073,-0.0072449388517132245,-0.007494383479272522,0.0005515733858720822,0.020880725408719263,0.0060180264169270485
2021-04-16,0.00385759788607303,-0.00035780791749527325,0.019526785115356462,-0.01722133107261825,-0.004381661228816627,-0.04770086571625021,0.003489343139830257,0.01216496379937719,0.01147803453162884,0.043026580295494915,-0.02352916314264308,-0.0011685950688559404,-0.019183759241918265,0.007133921945441114,-0.008203244456623935,-0.02940067173621852,-0.06906708166375533,-0.0019942543479160796,-0.015305482665725343,-0.01349750719833132,0.025273923308015644,0.013936277095114911,0.025369723130639177,-0.0011129102435138876,-0.013642189484696952,-0.031191639434185313,-0.022840218950549135,-0.009535990496329819,0.020919987610515473,-0.0005392195178820215,0.03600381505969396,0.008513892954359127,0.00900810955161002,0.014619876607288734,-0.00038479201290913964,0.015406595008179383,0.04314075497443419,-0.003964140549505925,0.018729121476905915,-0.006949350205874342,-0.01725682949896903,-0.01036110784604845,-0.009437971588563477,-0.0010137910285760508,-0.004506193064132645,0.005105287294812966,-0.007028819038146378,0.026253751542647627,-0.0016274405942046388,-0.0027245007220704893,-0.005256769428176385,0.028685151742933356,-0.03441587468458487,-0.0034129323150690373,-0.01463517243700014,0.020139638332869775,0.03219627268230129,0.029021719644837744,-0.004059025198029938,0.007827427226794999,-0.014740958244477163,0.011482901781451534,0.030603375087979685,0.009520627746735686,0.01085687499642594,0.002604001226763832,0.0016557810890754769,0.019731947894252196,-0.0044738064529928605,-0.050619544713171066,-0.018268758374280488,0.007976027835031553,0.011595391312624307,-0.0038582038391940005,-0.039810287899054816,-0.01668098348211009,-0.007640375794719789,-0.00909772271979424,0.011747068259418696,0.019613856481423417
2021-04-19,-0.007973165621227001,-0.021561285534690396,0.0037080791913553617,-0.03592330580519435,0.0068558267313862005,-0.040079557538072685,-0.007529146381330039,-0.02151719168471105,0.002917328249124917,0.000741431657158724,0.021050047308710435,0.026533903659532315,-0.019300564151298428,-0.022453231339996278,-0.013744562756164659,0.012070192723128028,-0.006004785198447248,0.009535553828774575,-0.0056414941948662355,0.02454808034695843,-0.013734178309490738,0.00015178259958397225,-0.0019149221016463475,-0.006710289868618018,0.010131257021519171,-0.015627913892263798,-0.022213246665978063,-0.054241201098293244,-0.006510784423005348,-0.032451047234777375,0.02461158532084655,0.0015528710171282961,0.01777421013338573,-0.010919404821983572,0.0038231585272913804,0.004511999981319102,-0.01686292930724624,-0.04234531904529004,-0.0021577203509737853,0.0033353972208990173,-0.017781294469907317,-0.0554865084467306,0.0194176512925416,-0.0014858005442562208,-0.03219936492030808,0.006506805203313169,-0.040205474940867764,0.0014786154058254607,0.025997074397208993,-0.06794618262067176,0.022252638622110323,-0.02476246029096734,0.01972198638248668,0.0014880108309569624,-0.007984613955420067,0.024339793859727763,-0.009968531518707104,0.017657544523799078,0.014055519308211271,-0.010866321582836673,-0.002803776692014531,-0.02481845718835153,-0.002864183271296048,-0.019853281187833416,-0.003706739075978902,0.02274196906430739,-0.01760673906031236,-0.002045649479000977,-0.018885728230038205,-0.015017112077677372,0.0021356692491446795,0.03565995174102338,0.002662939024919456,-0.013660459288333504,-0.009075766799571472,0.0042644006254311485,-0.0024434441521826796,0.015773053795272586,-0.016495144105351786,0.03211351074327895
2021-04-20,-0.021662654241593776,0.01769134388020971,0.010878463161350514,-0.01765677454121663,-0.04151780133089805,-0.010358315911361615,-0.014465573281845044,-0.0016779938725701177,0.03275239541115382,-0.004730545129736873,0.0007367161773574907,0.007533565739091509,-0.016127373534248316,0.005852144830112067,0.003816705956145139,-0.002311416836132028,-0.0010350647858542613,0.012672741439653657,-0.03140698263089611,-0.008405641494597743,0.015629892618476908,0.0037567769724730312,0.02631518211556402,0.0036774205857557475,0.007592989762410477,-0.009827297598299197,-0.03271651364903105,0.011400748723410717,0.011776317963401154,0.03201266231420322,0.031911477484899003,-0.024054233879917144,0.023161100645965816,-0.052751218325821,0.008785799669838277,-0.0035873429308691564,-0.028076509347706297,-0.00720027728850125,-0.01231054310297435,0.011199167978471439,0.015351067376143312,0.03714479381637042,-0.012610019559975155,-0.022148152693132365,0.018956637715082637,-0.006454399808532564,0.0006242784681862817,-0.012659264960508643,-0.007880727119980275,0.0036338835690459233,0.009667973278440888,-0.02449689769660361,0.011679773363860266,-0.02424565606611138,-0.00869078067491994,-0.010831940898539498,0.02776736193347148,-0.03903294042005248,0.03556896170739288,0.005847911142872414,0.015845711459324254,0.007009778233968744,0.009717957815239668,0.008105940171087003,-0.014316099405849285,0.025406713739555054,-0.011035136704142596,-0.030091869646712854,0.01314555710953008,-0.0147278567856645,0.01563411337094553,-0.018805946255153774,-0.01143616994747337,-0.00903456023165701,-0.013168563509052319,0.010251179893525506,-0.011050305058924062,0.00036128975964508787,0.00040593903821431877,0.018817824781230924
2021-04-21,0.006092437228104486,0.004614578006350234,-0.053701098832082295,-0.022374259093145707,-0.018144955735599128,-0.005396418801357527,0.013630965820026812,-0.026531148814154477,0.0005317853251385297,0.0023204112502835748,0.006769756042085466,0.01159018631274024,-0.02308847900479813,-0.00684054400496112,0.007632168407907141,-0.001297594659405534,0.0034933911146314807,-0.040239999362122185,0.015340615889691414,-0.019983198869039518,0.029190825531437682,-0.021316209873140504,-0.00883552813801841,-0.027265801810652097,0.02254685370315365,-0.02293216175064824,-0.022392026047182784,-0.006718748165125216,-0.005142515514768833,0.00721531061225656,0.00380710189713426,0.03071785125942593,-0.0018571269657753186,-0.0032983208648409363,0.0026625691683586123,0.005347222354707061,-0.025375319603657607,-0.011275802220758486,0.019751400151738787,-0.003838199247217109,-0.0226240530934699,-0.02107857104163223,0.009071347875948176,-0.04035091387798596,0.008145459064560403,-0.014941678957388595,-0.007994038821970077,0.0013953863234083114,0.0011428222277670634,-0.0038026382500074324,-0.016717659361305332,-0.02359083468725357,-0.017203387648908747,0.04035388011367167,-0.012752254853199673,0.01291700026497126,-0.006597215171785177,0.04025455774056078,-0.01830423100502724,0.011776867983796995,0.016831147351837737,0.0020595446360333353,0.027680608555181948,0.001978684528654298,0.020003574948524096,0.017683005811429432,-0.04248490423024646,-0.0013123043754267542,0.010418688934277387,0.017201731551593717,-0.025075352097605072,0.005870713022879432,0.0023889108099543923,0.011286711278906562,-0.009524870771039435,0.024654623095267544,-0.015045422070138108,7.985181627749311e-05,-0.004573437611956449,-0.0223625094135461
2021-04-22,-0.010303895315533471,0.007485480410166329,0.029269864927352847,-0.004758318715501331,-0.012905108689511582,0.0052570502508428605,0.02569155553570028,-0.01082289236689161,-0.008465319740024752,0.003565741397292862,-0.023839940130725858,-0.01061135659375573,0.03232354946349651,-0.01812225746044783,-0.01750837008890188,-0.03629523574255699,-0.02794185452788064,0.025163662165033917,-0.006226062150206706,-0.003415325383087337,0.0032075907761192797,-0.008096864077125746,0.014449358352974468,0.03254556163198136,-0.011159814685689577,0.015305051227137847,0.008293531034415472,-0.01334130225511009,0.02534901912240824,0.010138762495613383,-0.0006554557696756747,0.031042407772669693,0.039567316981181315,0.012814266244131843,-0.0005979913696461698,0.009734512277264724,-0.015575624099512405,-0.014901751202110047,-0.06362348911041277,0.021095799626162877,0.012601659229927849,-0.0085958982873915,-0.01936323096899083,0.012374251463841775,0.021466407130309707,-0.009057800718368873,-0.02339507667590547,-0.04974314147720109,0.0022306606336913682,-0.025426675408753874,0.026048884852466512,0.010902011842659988,0.00669511626542761,0.009267091528533656,-0.01968648857197084,0.019265764902485133,0.003044911289138353,0.008781934632157555,0.00401998104557926,-0.006501402577284621,-0.00139640777010621,-0.0025267853240616344,0.02859028322634504,-0.00970513749840934,-0.008517116487349598,0.012685834102365703,0.008000060749560093,-0.015507450783408365,-0.007058367616193259,-0.0054070617770861865,-0.019592142645974964,0.020237651273784945,0.001477543799225001,0.0017645017330289513,0.01209778747988581,0.012039213077883904,-0.025615509360453037,0.015550034850450785,0.009988989559022343,0.011437461736610059
2021-04-23,-0.015732429749057208,-0.005748946415002105,-0.047036247472411585,0.0024390075146800785,-0.007501735489899464,-0.0029728859046588146,-0.008052386958117738,-0.02094016919081008,0.01643978747012042,0.005737233379150827,-0.02154261640463772,0.007505760160557211,-0.0072060303752004284,-0.007202156345087497,-0.029517074454728225,0.007361298754938825,0.018935008782717505,0.004235686540910733,0.020362629683694324,0.0025691823147963007,-0.015674689825847708,0.016943604177810784,0.001075454635286304,0.012039143730644969,-0.015162122426416723,-0.019891329254042467,-0.029618963706321996,-0.022328607462139383,-0.022419252876294954,0.017226852459958086,-0.011554441657171122,-0.013201869928656055,0.009487154076635198,0.026670179617045837,0.013222031724200058,-0.011609713561500448,0.002410113864121571,0.012719971008226517,0.018001453015154215,-0.01133521804653725,0.001739538775903381,0.005573502185306766,0.004681636050354561,-0.025439350541902186,-0.004854570631859429,-0.010442003685373997,-0.00448695166598884,-0.01306875105621294,-0.024292709668768644,-0.0054131845997315966,-0.0035766379518538814,0.026798543429156517,0.026965883116899594,0.033852731036675826,-0.011195406123583454,-0.014973967328589742,0.04192006695097332,-0.00946095982326686,-0.0052825791697095545,-0.028399834937394137,-0.0022696344588358087,0.0011020750674646303,-0.02846946791156478,-0.013437875762290146,-0.009999264526313842,0.021962633914156076,-0.0019019757705875868,-0.020373365995403448,0.038561864403878376,-0.0001760703690144151,0.03359376041070166,-0.01374952532216252,-0.023136706723399368,-0.0025447532327272453,0.003823553509235089,-0.006514535082964267,-0.03527117413182873,-0.008217152928648223,0.014386567966381759,-0.03280039042223723
2021-04-26,0.01655535208840192,-0.020222132293570397,-0.007724139691435389,0.02537640912527131,-0.006075503646904462,0.008914797834146438,0.03950163591792999,-2.5974559097637767e-05,-0.018563784114255383,-0.0073193435855419,-0.0012536468589685074,0.005873623799192353,-0.03136237179761585,-0.011764948026335313,0.0020045045913913446,-0.012733184931398567,0.001298110311855718,0.04769289956743744,-0.016674345570574622,-0.002337400079066736,-0.011543235515512191,0.04696694527398584,0.004769492437965579,-0.0009152215174594257,-0.012991894851031392,-0.007780498407102199,0.010864460630171805,-0.019648916728287374,-0.040702122944130184,0.013971099166694811,0.004857257299814419,0.016316975940081416,0.0018416219105314394,-0.010310705664438787,-0.012791903804612663,-0.011208798196699638,-0.007236766672840096,0.028423549608295864,0.020072508349137652,0.005828355335666435,-0.0028205341787120074,0.02418622984818331,-0.004882817033324048,-0.0005358958856165355,0.008327837395224642,-0.002199764916599443,0.03412386687434701,0.0008938177387163337,-0.005371227753911795,0.019324506869650405,0.02488339603631505,-0.027186794749293294,0.002405308457845017,0.020569647159166128,-0.04207095347386392,-0.00569533679927565,-0.019642716938139203,0.005717373202512536,-0.009077192963921392,-0.01914745795179944,-0.006596750160294148,-0.01773506724796279,0.0203930937867903,0.0005550668846150635,-0.002911362890198257,0.005661578082646063,0.008055413639895051,0.013760571959607077,0.002837484596192019,-0.010339167555531322,-0.005619814637068939,-0.0017649498378007184,0.013195629895891622,-0.00027750388984450815,-0.017639209242299878,-0.021921391647721337,0.005690229360088616,-0.0010168398219087113,0.002970155833539682,-0.02683048736719229
2021-04-27,0.0036836557504680333,0.02342895654204367,0.0036127617773768356,-0.006524496189890673,-0.0013656127536594267,0.007354884707386925,-0.009639765036958571,-0.010363869642058068,0.014654658488123383,-0.008913907068100722,-0.0200594531392644,-0.012846427992239206,-0.01674977813883894,-0.023891792940437417,0.01492115877771057,-0.02989972195210755,0.030676902100725902,-0.017029437575067346,-0.00012853624357897245,0.00982703788327093,-0.03286503849353692,0.023817100921715156,0.02354651725376125,0.020697500819606144,-0.007534724465398829,-0.004713217875737179,-0.026958568929814835,0.02730854005638205,-0.03380016173439017,0.0031612376842061907,0.0005984741610835624,0.008029462640422967,-0.026969800023103643,-0.01938506154489226,-0.007958056245089383,0.010513217417857402,0.003555409361131627,-0.016019647364561657,0.014611413679450624,-0.023608114118523427,0.0013575099264553506,-0.010123991698029505,-0.00028721409104225993,-0.020047395238167617,0.02013164769542494,0.02838511692030989,0.0004037695185081417,0.004897271245681054,0.0006839683335082757,0.017506622802490455,0.010724284967178357,0.014732071627195815,0.0171837721230867,-0.006462155102669922,0.024967287756243756,0.007955337294751914,0.006798417124550219,0.02511819678348068,0.007106887686162588,-0.0006885982150080055,0.0007689293036507827,-0.00024441899631758214,1.938132432361032e-05,0.0006276292495782752,0.01826884351915992,-0.013548575558512271,-0.03599730722348873,0.0055372849679743655,0.012429225463341218,0.010185092088565122,0.01585295234406931,-0.015641782656998206,-0.005971003432361064,0.030780463443597063,0.006266294143644156,-0.012775954726281704,0.01687552693654181,0.002964567150705754,-0.024641061746629483,0.009378549610460356
2021-04-28,-0.008857634930646122,-0.015622085997617026,-0.010385152386952968,-0.02124615502096978,0.022482606225781663,0.028694421812351805,0.019180843837663816,-0.033657380862848786,0.011906212146936528,0.009650948847827455,0.018842026328391503,-0.01641339038887127,0.044161181550181776,0.005353748046545763,0.008028172519691243,0.001684331778928848,0.012704660437090681,-0.016344072073254425,0.002800556444517746,0.010542391831157088,0.03831676761178909,-0.031656929810460886,-0.012276250217796054,0.002608119497254543,0.03910220455419586,0.029224612729211383,0.019693437626323723,0.009230979812776277,-0.017009255688261164,-0.029279229720841526,-0.018124702928632715,0.02764910235272222,0.0016278561945925263,0.010494587411190979,-0.008227118985555566,-0.012902724677488596,-0.007421816084681716,-0.0243626221119443,-0.011127201318191811,-0.0003779206616283045,0.036465224939476036,0.010609861248381319,-0.03466549277920455,-0.005097201255240733,-0.009121699885512079,-0.023544711983496114,0.018738839447702455,0.005240810543915329,0.028320935714547538,0.009872705674434986,0.017872858111749972,0.00612132101203705,0.017032623904850826,-0.016684841363553148,-0.005413788961736312,0.0017859681127706316,-0.04453699038261481,0.044700533900561064,0.021852910289127902,0.018295652382157527,0.019819518970806818,0.004351171258759143,-0.011796748511062249,0.022243084125508013,0.018346950431775057,-0.008516489401645561,0.023525691097252093,0.0096594173007898,-0.0057145190466967736,-0.006927116084277112,-0.02780902638131318,0.0036655130664380075,-0.005967418782543147,-0.00967225828996819,0.04427889179150437,-0.030036640886579046,0.024071839099937417,0.007253307036033313,0.0027769884025768046,-0.04190801351506302
2021-04-29,0.02626426020829247,-0.0020787648604364706,-0.0006366753172007689,0.029877609781536946,0.008585010220021437,-0.007586193641047952,0.002518781127530967,-0.03934028750628721,0.012192506485726808,-0.004869263458651276,-0.008841619716075238,-0.04699759594865962,-0.011723572677966379,-0.021082995127274195,-0.01822868277175765,0.008117478514051682,0.006533569966193994,-0.020598894474412273,-0.013116518894855525,0.008276634769678312,-0.008384619968645805,0.012902983162141602,0.03485697347723225,-0.011390812940618498,-0.027117300440329294,0.01213488426175044,0.01143073982813246,0.006161482483392711,0.00018060047741724582,-0.00923787447035334,0.006446464138720935,0.013072179028377822,0.004682089494252618,-0.04276412595995694,-0.00028012671641794765,-0.007400185523366115,-0.024254948832053418,0.008323815662068608,-0.01002561045504556,-0.017480836945513233,0.0006815185771682562,-0.01656532914855772,0.010261440483708003,0.015468583213325037,0.022441095299616593,0.03522142434731419,0.024683480171742246,-0.004395376158537265,-0.04453903309054372,0.005710062101349818,-0.005682732756385817,-0.019955779393920688,0.014926418355115725,0.019350687297384043,-0.003706406257089452,-0.03176176747241619,-0.006181805629224635,-0.014219469901959316,0.02956575365119186,-0.001748176021732151,-0.04376154114457384,-0.0030622345947319794,-0.01426342323539324,0.00797549206966918,0.05765298496114542,0.013328551303876343,0.0014749440505634726,-0.0129474200782762,-0.006929532426146615,-0.019792953485459296,0.02084665199072713,-0.025228955209436306,0.008125706187912331,-0.020056185961860692,0.022837958040649167,0.025209003382788715,0.0029896690143788847,-0.030924105098153968,-0.016874569366068574,0.00010560693092284711
2021-04-30,-0.0013689211032012882,0.010151480155761573,-0.0003605956201217682,-0.008976573789981178,0.0031015663892861815,-0.016883463364333016,-0.008885231829752135,-0.017132459682099546,0.0181411352134465,0.004600168678155287,0.020167388676692228,0.018042343266230703,0.032295452711244524,-0.013862308536592345,0.002577998268326779,-0.007267081902159168,-0.005766945355153295,0.017970539861629577,-0.03254143430490918,-0.024569175571020646,-0.0024789840362061688,-0.013396632405046715,-0.02790944776958793,-0.02158316958563249,0.04219149503836176,-0.013288726155587405,-0.019935863405670825,0.020570808680339583,0.01814510372068546,-0.004861316376989116,0.024869449218342176,-0.010709355767414332,-0.0029337335230435625,0.0019746020752437056,0.01028245756224344,0.012132370284834153,0.002159267303561504,-0.0036217890337976134,0.014968037246014185,0.0029588203770409987,0.009927746129861277,-0.03727153517359135,0.029074979056145107,-0.01153319626118879,-0.038209991954668086,0.021661963677271353,0.022701002126039985,0.0025114509412842057,-0.007310790153491559,-0.008816713428866455,-0.00659193845036823,0.022094269247449786,-0.028391857337319408,-0.017326569877908312,0.03014351926556331,-0.01302570606855416,0.027892570775320674,-0.0032803068764497103,-0.0009225684739893481,0.04246737679626297,0.0015591181073883024,-0.007818782939142824,-0.019965429482307326,-0.005181780508775252,0.003885755811619349,0.03504999854019403,0.012276188799932239,0.0013877014544136108,0.04480406999803812,-0.019494361734335802,-0.027896004003795643,0.00515131307658764,-0.054408052075674104,-0.024566320886769796,0.017330472548146184,-0.000915670701878889,-0.013830273925715508,0.050369692368019116,-0.002423956420591489,-0.016533474104717494
2021-05-03,0.006400059638261424,-0.004045718773978288,0.04345179730633968,-0.04445846399789238,0.009019618153823405,0.009827454416531663,0.030541786134020917,0.01161798414680541,-0.023711579354641722,0.0026889287340474315,0.008331837330083372,0.01385464750927438,0.0055823684950147895,0.02000153115090461,-0.000257835671167994,0.021721130453874343,0.0020242322379999426,-0.021939668872660082,0.014134192035720743,-0.024824233118838995,-0.008437769073549616,-0.0070517526717533445,0.0016184171170005894,-0.027084102389891004,-0.026617106567049117,-0.010043833504071596,-0.026261408548936997,-0.021486041187578887,0.028498126784576413,-0.008403958069636168,0.014416120157834098,-0.005030548318012247,-0.01670140443420604,0.05319414095098281,0.02102169948672344,-0.02939820609268777,-0.0039727328026140036,-0.01881741522686324,-0.0034987206351486068,-0.004070571958443273,0.015688820306816485,0.013838784974333643,-0.01881389033195466,-0.007645731830220144,0.0014041578765287435,-0.038248615302024815,0.0067664299244036465,0.01608316997181381,-0.023507407985323726,-0.03003957881479698,0.0017007814562930005,0.016351409858157053,0.014384949906282201,-0.0213555385505059,-0.006009669476913968,-0.010828923508920589,-0.004484203179657307,-0.007209602392791135,0.02317743611191998,-0.014130649462126575,-0.00990477095498343,0.0018593998139402102,0.013978735759806573,-0.018268098479976295,-0.020560307051383654,0.0009477475391353223,0.005796488008212099,-0.03423473035458795,-0.003855394271973353,-0.0038890640424868806,-0.0011139869474351839,0.011025879350137336,0.015395628073443753,0.0283411621820202,-0.022706469235655283,0.004388959400123082,-0.013827516158632718,0.026671395517892917,0.01132713033745012,0.04488698682734033
2021-05-04,0.02714113525053139,-0.02040130498562008,-0.014599628229511122,-0.03137141145068368,0.02195104014273325,0.002595218040718631,-0.029867132842806638,0.009839149712321967,-0.02639591039314455,-0.03429234082447069,-0.010954337177993335,-0.013642293186250211,0.014072265681536904,-0.016707238932352857,0.022676947337619966,0.034687990536739134,0.0018287980642045182,0.0014660405870637,0.0027108262730488526,-0.013984256949882368,-0.01758483623560816,-0.01608866178482602,0.018809172956015027,-0.013465319178658506,-0.033903188904375846,-0.006656072463499184,-0.06599454106161967,-0.0001321311880888328,-0.006223911533704058,0.002518814150679871,0.0262656492385539,-0.0041339236642545475,0.010053071956817339,-0.015723221670040574,0.020621903341000926,9.105207910652552e-05,0.02117816753403222,0.005353606900939956,-0.02132605937168355,0.011674530412503815,-0.017473459080112427,-0.016469431796196567,-0.008339985321580194,-0.025688359408089573,-0.0057034468337950955,-0.016891750463461565,-0.013740079393299744,0.025881429569776224,-0.012945812044517871,0.011393168525335163,0.024287087708338557,0.026316439352802777,-0.0028782498386844737,-0.024510250289613445,-0.012266529843799934,-0.0017045031900862354,0.004038917455399148,-0.02186417278224338,-0.011143518522427617,-0.03488876356884168,0.013403096058087838,-0.01644699875924659,0.025964349222689042,0.008073618986366143,0.015067307411129268,-0.01607490804422791,0.004880622423086194,0.00549072137289887,-0.024742231064263293,0.0018979917824801672,-0.013632835168510249,-0.0005267791798279485,-0.02631515119787637,0.0022823849683822435,0.04180028279331261,-0.017978977798689972,0.030041872927039692,0.023657392902054215,0.018970055168076153,-0.014090896965550338
2021-05-05,-0.02044486219787182,-0.035270968572546246,-0.002141940248957565,0.03951859123225344,-0.009690252567895786,-0.019568140690980562,0.0009602942457984046,0.030146033148861003,0.003382736604844847,-0.027344262350660634,-0.039034145927708666,0.03621052175134354,-0.017045979981991956,0.0009388023247534318,-0.026536542777340404,0.014821633309804818,0.02089757485307945,-0.00027406772405589235,0.010960572241758526,-0.013633015811385617,0.034360475570167935,0.009939592783641782,-0.004284974486354425,0.0027832395540920065,-0.019071019633745866,0.03095749257944422,0.0025738774811099522,-0.01139112351648817,0.03577436862391473,0.01860340499501888,-0.004469005787238207,-0.0058318776167478725,-0.035988269267648025,-0.007303941298587524,0.007945631221694014,0.022394495231745346,-0.00038856889583012026,-0.022016075421752372,0.017677188104204794,-0.011017808343646485,-0.0025885721082985038,-0.014114201894344267,0.023612424970948755,0.012962519173340238,-0.01868675667302364,-0.017243153525521387,-0.01337361440730274,-0.0006309005569205816,-0.016765587248791732,-0.009836200838161125,-0.0017245414583222445,0.0028631369481873455,0.0066107071324051315,-0.008454653336001412,0.005891086443030987,-0.04347679000269534,-0.008846113021856823,0.0195142040938601,0.006052729321407464,-0.019186511075649254,-0.03258664906944845,0.021956415532150886,-0.04680083509822192,-0.010220374221994377,-0.026962989226128033,0.003642615172118602,-0.012128751166848431,-0.014034920130514009,0.007363958496771346,-0.016467276430922113,0.0047152173332465465,0.043886473808661945,0.002853067433471036,0.007739451369030609,-0.061797003746398495,-0.0051133514966065045,-0.007259045197349954,0.012325248703578753,0.0018855927842072956,0.008844242580371637
2021-05-06,0.0151444989628014,0.009397528609710215,0.005458317818815002,0.0400065963112224,0.010946316695837628,-0.002927786515476677,-0.014275253719057373,-0.020371532648811124,-0.011924695870555826,-0.004506216938787975,0.010400045613503859,-0.0405910438240094,-0.005222746708412563,0.01799142027770286,0.006223729934087085,0.018597928892592323,0.013662584901200448,-0.03432968321197995,0.0413413937477223,-0.017102363137334202,-0.014935800573431302,-0.0013259340556064038,-0.008602889209974589,-0.03367652847778035,-0.042221831596818256,-0.019402107271794783,-0.026235085391892843,0.015167076393628461,0.01273842610544045,0.03682707668732118,0.032642577145782996,-0.008239522833941651,0.012915340563772372,0.02600619439871637,0.007510121417861289,-0.003954901934795948,0.003984534895907783,-0.030527465385063703,-0.0028908925201599294,0.003037145008839875,0.013316253840577235,-0.0035807242330053004,0.02059001479707317,0.016253753751383028,0.014273079291785297,0.015846593878613754,-0.0375319261567718,0.028733884813379983,-0.00020853272610275712,-0.031744484508964936,-0.02624740545871973,0.02842255988924952,0.004486616151204867,-0.00960194900775416,-0.01677525001406465,0.017129737354460023,-0.013940496372759672,-0.008436512654982235,-0.021190318347170105,-0.008041825557355227,0.01403350704398879,-0.029813784095078066,-0.008990834018306127,0.015800096128903963,0.01400966498687023,0.017889869003204037,-0.00033831046988131585,-0.003682460143117028,-0.020112842911363504,0.018533027207083937,0.010820425493351936,-0.01602025272947836,0.0179650822057934,-0.024506298549939798,0.011922664073310081,-0.009542932662026713,0.0019746839991720195,0.028362973506289465,-0.03198828632244399,-0.020608413883470286
2021-05-07,0.030487387651610954,-0.03956863004959526,-0.055712643857173186,0.013859065915929622,0.011370217366996739,-0.01313434791676487,-0.013179933414375655,-0.01695235041288109,-0.030948107320498092,0.035639781713475066,-0.010092002432975514,-0.011220812927271727,0.011149421247473793,-0.007797243201261287,0.009975837468087528,-0.0430570180368442,0.014609976605274997,-0.006816391841170185,-0.050883092408573465,0.020745287785513728,-0.003630347690151239,0.033809420117625985,0.0017332538658694394,0.005827278655757542,-0.004647646914982492,-0.03166015313295391,0.011559581645478979,0.010589211401948162,0.00457442980595152,0.0008638666939500865,-0.03524337614080749,-0.007493680048849895,0.006666199265004791,-0.006479745438118293,-0.021441133325605714,0.011409222456100999,-0.0135607811751941,0.0016833637613511664,-0.006221634730758436,0.011273740640767806,-0.0039010424311118966,-0.004417814681081409,0.019930679050314006,-0.025158748605225188,0.002526384546747637,0.026280603129239598,-0.01635642420003019,0.025703602868084482,0.01908167836546141,0.030022100418144786,-0.013979218836019443,0.011596439601686081,0.008503119377427029,0.01221593000283873,0.027102579646385485,-0.02452226190551624,0.021157142734001246,0.01633952182436636,0.021323529730973904,-0.01568600655271176,-0.013606146360925428,-0.0006356137792816487,0.02295820607013015,-0.008627024849904798,0.0004503223042050714,0.006392166214130436,-0.007306599782299285,-0.00812009997570471,0.025242329814642417,-0.003532912605990126,0.010209903795724912,0.0019330852444778127,0.010739139250560002,-0.00014636686304176199,0.017766437429093392,0.023328952769128542,0.005562139780212316,-0.03307710065218694,-0.009777782661565126,0.020389310642034673
2021-05-10,0.021885207907951225,0.0026813119422044607,0.00868555491179785,0.00645989189140738,-0.018760242720929843,0.018669842272572828,-0.019337952518139488,0.019428172973309288,0.02608127919748354,-0.013544233535847803,0.02140701902143744,-0.007914595474220002,0.008074211469089819,-0.009096441033281841,0.02376238113313,-0.013201514662012871,-0.016436489172555416,-0.004468344962593225,0.007516542090146051,-0.03733135365660791,-0.003694220251644356,-0.0017250437146095366,-0.022365438297815628,-0.02268988564229313,-0.01712717335087463,-0.00948348058630641,-0.02683484214578653,-0.014132523919777333,-0.017033027176383674,-0.0051033794672730734,-0.01702311850071139,0.01190202204160443,0.01826652227962773,-0.013679321188692781,-0.00944637732340219,-0.02712086676467002,0.03570215815338823,-0.03479805491321049,-0.01801283937628682,0.008016189885044293,0.03816145034751418,0.005806706215642376,-0.00044416722087814166,-0.022219204993683492,0.03328393487355927,-0.02881086991315242,0.00313057516268055,-0.011580733087208157,-0.009627458029960536,-0.0020804082792457356,0.008287018219433968,0.021497957341149173,-0.003637248390432227,-0.014699685159439738,-0.03591702394620807,0.013673564016710328,0.039676138937218684,0.0016903007345187243,0.006201406006204586,0.024984394182487844,-0.03530247639870334,-0.0006183925918041202,0.009350323539257197,-0.01328488750189605,0.03551427143240745,-0.01645301939072112,-0.014735026515881862,0.0022880806236131764,0.025596095280942383,-0.04709598583543511,0.017566393814415965,0.007049427859049708,-8.727476730705393e-05,-0.024447218128929665,-0.02878403385150947,0.022022767891474646,0.004671369142307035,-0.024420242157691816,0.013516712911529402,-0.004993000696954897
2021-05-11,-0.012610116845310824,0.0034527321271653356,-0.03427670984191537,0.04292648482772472,0.02116100932177097,-0.02715424613270514,0.06748606097287048,-0.06165688406583907,-0.02175599296611666,-0.017500975499449435,-0.008544697696323022,-0.015067526791550498,0.018550551760714056,-0.023030387137488662,0.015813615165559184,0.01567482960327558,-0.002785767244590045,-0.003836529087734934,-0.011073228972375889,-0.01825926732610765,0.014900185921567981,0.02014887778394817,0.007573431816813704,0.03366029851088854,-0.00033203797412091054,-0.012816724163508451,0.015333827508532277,0.006681180323460529,-0.004268976264323067,0.014701246975467102,-0.017676212041921515,-0.04424620418097061,0.024377530418226767,0.02546180593411247,-0.026231231630834774,0.013669296038150947,-0.011228734688183363,-0.0261183043194724,0.022465602102288613,0.008328426065284108,-0.007606279666725664,0.019093613309657777,0.009806679785807433,-0.020524814729387823,0.06289054788158258,0.007515012078132726,0.021797524458304744,0.016802328942391004,-0.022238587484421514,0.0035042014948730034,0.019230752630689595,0.01923893118701557,-0.024945202055580987,-0.04409874855894039,0.01672071520736002,0.020017154315601138,0.015728066433135294,-0.002274507587624437,-0.0061194057282868775,0.006211361036956971,-0.004927305341059479,-0.03691455631890936,-0.001191217356340124,-0.011270193154578676,-0.01688068987592964,-0.004785935639219168,0.008149031038714007,0.02900400021494009,-0.032990829954658234,-0.013217950010069215,0.02262931918867203,0.01149409974655696,-0.00410113292435857,-0.005551599230222862,-0.027244136149382907,0.04191105205567585,0.0013010074513605035,-0.005673451475943256,-0.001059197712415896,-0.004652974863102194
2021-05-12,-0.01547534371992623,-0.01571567495588331,0.00023985487965578144,0.02064032920415548,0.019912006641571695,-0.015627111798884714,-0.014770447044989353,0.021958084326219485,-0.012089458778426113,-0.006234531369323924,0.0087495797856225,-0.0034177252356790756,-0.01439812809361535,-0.022687432066390064,-0.03145358137163131,0.009312350105575082,0.04266252153040208,0.013548259694649584,0.034494001083330214,0.015873370912514256,0.008048042018407408,-0.020282783232479368,-0.0009079898123801661,-0.014907733175566311,-0.0046974878600116515,0.014891997278976912,-0.0033748344685999997,0.005907557949427396,0.038343307295230104,0.012463942966397119,0.008697424376383668,-0.035364614636135834,0.029857397134778724,-0.039641081289096956,0.030184430735782024,-0.00032085197493893566,-0.03645582548711197,0.00222428007169014,-0.0009234770500937852,0.03233931852118996,-0.03273310310350243,0.0026333039322254683,-0.020804136742530753,-0.0020051112819365483,-0.027539822429805842,0.005737421930377486,0.02582693262459707,0.011086022705768597,0.00024811463099411564,0.04637398658956372,0.0276301488645051,0.02591233721543008,-0.01602429696959767,0.028601742844992967,-0.009139403817689951,0.00780457165444943,0.018792136344433462,-0.036249810657902705,-0.004252826336551906,0.020387705645156764,0.05402634718125071,0.016796096265060918,-0.017379647778011757,0.032764622703213994,-0.01489351741282255,0.0011822803550185868,0.012637592791765333,-0.02328001600708914,0.02047350597703119,-0.0037037313918519416,-0.04198700110586608,0.010106699170464901,-0.01653875878426991,0.040684233729038566,-0.032305980998832536,-0.04131999165155841,-0.03539751940771419,0.02285530058027747,0.008063062210641184,0.028395931413445263
2021-05-13,0.008431350385182177,0.004471412373088584,0.008807100209701125,0.008986620261232023,-0.007764277595128779,0.0649601627996422,-0.009475751161753617,0.039432453949379824,0.009350508769930727,0.0018882088993105225,-0.005077302559021347,-0.007660933553950144,0.014246218653409408,-0.00011585778470450352,0.004929132538977361,0.005916238708169254,0.0015167800569592452,0.0018594831418200838,0.013114344421431981,0.001873420646804002,-0.007532438395998681,-0.013748493410818328,0.050649843683877704,0.006917001560158737,-0.03579072242393887,-0.005810734817552101,-0.025491281625431395,0.0037214739948928256,0.009630544852543346,0.0008221658485398198,0.01515120063447079,0.001423199798848055,-0.03253827395159203,0.0025039140623204044,-0.008325817784168365,0.03321968550288096,-0.012367040726299195,-0.035121406803573826,0.0003589488349843365,-0.008440231133117357,-0.02659197716297504,0.00722990076789761,0.0005907954215896941,0.0110484232290611,-0.021293784351776642,-0.03240309466805178,0.014456061249960062,-0.008273286717180733,0.011451491989279116,0.005870089238648556,0.009944489027862295,0.028367214425114296,0.01053981171753149,-0.015742529289606316,-0.022297682438269312,-0.005630554227859942,0.003157404329930865,0.01923087872372817,0.007217247996811941,0.027698090385552238,-0.006134604389303392,-0.013996605518894454,0.0024564039976675924,-0.04482746727941938,-0.006029852195053067,0.007081005908937685,0.026728093599377223,-0.010617706252881868,0.008584676459226087,-0.01681314980640795,0.04337864768993626,-0.0026317306310145307,-0.02812206825797453,-0.00744037383104245,-0.015895529377614032,0.011905297026953903,0.04628306689146606,0.006101809511449502,0.018131287226691887,-0.011779933884993892
2021-05-14,-0.015778378077786624,-0.03338762981139472,-0.0074894529865660395,-0.022452458483902427,0.03036030151177086,-0.004870349084579728,-0.0051253089493895196,0.024027755007852206,-0.010040331588754382,-0.01703124537620377,0.013473591928918836,0.013807212491558227,0.004295329832015845,0.02003714388107604,-0.0003071147503151327,-0.047930989647439554,-0.004861431024300094,0.0031596755554566883,0.009735445830443222,-0.005045542588312599,-0.022098353188666316,0.012539496424279385,0.029438574994024233,0.02379744438350554,-0.006447102859282897,0.016176463971744784,-0.010695228012446451,0.007139662919892793,-0.012961482993079195,-0.028105058972738916,-0.0031494917550855847,-0.035954346316005234,-0.00025224877204259403,0.015453521842321046,-0.042878748232105156,0.016019832588925496,-0.00404824507584637,-0.03174025744884036,-0.016293678436695408,-0.015609933759757322,0.0171038654898125,0.007719808026123266,-0.017539276186455108,0.019984900185838574,-0.023216852388147004,0.008684249856185981,-0.002675905011326075,0.005663316255866599,-0.017129140616029354,-0.011285546594943468,-0.02591608061562039,-0.009146971412470733,0.002009564286058077,0.025400245656171647,0.00010494165691385443,-0.009627688547421687,0.008902427741766882,0.004521663988131261,0.011278702462594494,-0.006600676682046168,-0.02167353299527938,-0.015100561752737553,-0.021345284170315972,-0.0026326260028191463,-0.0010500769463224328,0.0008950136947192345,-0.014655938235582807,0.0294948897629072,0.023406377901962937,-0.017486281427541148,-0.004090305149604005,-0.0021192925401763577,-0.003309832957028306,-0.010393838825705215,0.00454615629378504,0.008819316715374805,-0.02406667210573359,0.002900983691795259,0.01000717278665169,0.02526562235204053
2021-05-17,0.01489351781259463,0.014096679308043992,0.022733446551893962,-0.04210989265285152,0.0015142064601466063,-0.010256226081220912,0.02643872064755247,0.039996008452766754,-0.012966826815831138,0.04056227088805928,-0.0016808682385493331,-0.00524625656990646,-0.004899071659186649,0.035817120268918416,0.0048664138283845615,0.007964257568529679,-0.009271456923422482,0.0007401336053462858,-0.00040162057758026237,0.0012473896040931054,4.7119993218480816e-05,-0.012221155296466436,-8.52081172770008e-05,0.0021582169982705918,-0.01667230594097995,0.023655576451724038,0.014189659606766207,-0.031113206336212444,-0.020615415303062174,0.005683256171397758,-0.0041487408536641564,-0.002877525783299555,0.06039977385128725,-0.005957195240397796,-0.025012227958897654,-0.024623189623762455,0.01249050325707173,0.0005923308271735766,-0.0379643487683548,-0.015290574872737286,0.013862187589058515,0.004513635512995438,0.02702041812509623,0.020042709970944605,-0.011160074222067846,0.0009687255040539575,-0.0105676306168918,-0.021934407381781915,0.028029648166165405,-0.013886185219070354,-0.02129773616321336,0.004896136096041551,0.01948708863987755,-0.03103921350563235,0.01350000902341757,0.03433287863857244,0.007966228399626445,-0.002729659394785138,-0.0273676878870499,-0.0031465897794219462,0.0021952441058461798,0.02775432085559128,0.001712931633154901,-0.024685979062209006,-0.00605884746405932,-0.03855632013773607,-0.00038874036706677557,0.026431885999703756,0.003990553019314477,0.009417679870198464,-0.030984776428941024,-0.02258238404229597,0.007405193989272945,0.006937336283734041,-0.038673850824155524,0.01245390665525392,0.030096275502381954,0.01828093502179551,0.0017934145163173904,0.04140608319738612
2021-05-18,0.011164638215317671,0.014159919283991209,-0.04015315587784009,-0.010007041014941999,0.022187771372703013,0.024149675556738904,-0.03514887113053158,-0.012424290721353492,0.012306068376809363,-0.013518153699952073,0.010224714645222855,0.03159434934896444,0.0007556119959499838,-0.017418871013294798,-0.010069981417159193,-0.004471727462815083,0.015217473618936068,0.03953153334647234,0.02322185399983481,0.03128993547881094,-0.015153912944720281,0.007131457045826112,0.007331181707159102,0.004592337391089269,-0.003005737015073403,-0.022548931891869923,-0.002958256207696777,0.017494654101611315,0.0043972224601693515,0.0029185996155764934,-0.0009562950493608377,-0.05164775802136561,0.00024733968608792146,-0.006066216340857443,-0.016417187536793363,0.03011031163677965,0.005698987420232334,0.03953337053418601,-0.013851852295599603,-0.014578032121102669,-0.03506350363819751,-0.02477133588773753,-0.006842454518169422,-0.01721363440517841,-0.0015581503276337158,-0.00046138808673233336,0.01733814798877306,0.027654849637669704,-0.008991792984908544,0.024386088403604563,0.007909272908775343,0.008643756450288616,-0.01794568283906978,0.0428043338536733,-0.00889996449802303,-0.030720624296034855,-0.02083090499524349,-0.022178011654711,0.009107440499110579,-0.009051046530158816,-0.006615334391767249,-0.003747362139872491,-0.015568574452284338,0.0013141055494383155,-0.027740978099832125,-0.02449295125572892,-0.00675114797784069,0.0012543441945704532,0.022214093775017436,-0.019532015510741893,-0.026206110380451335,0.005809460359054185,0.0014129900798248093,0.028631896204393832,-0.017602191331039893,-0.0029212595100549616,-0.03257849766755026,0.03956145275649632,0.00896851495518062,0.009938614086475396
2021-05-19,0.037384971307281856,-0.006260020452695966,0.011556745815645112,0.003399074414555321,0.007230695898151365,0.02135677446793701,-0.030318608840842694,0.004966399401764134,0.013797000417960179,-0.02652864020695249,-0.0015365540202293172,0.002814849876704897,0.016145108558707367,0.014715861079594295,0.029853023576680095,0.017214848504738808,-0.005140860521570763,0.013136220479515119,-0.007104620537105539,0.009295818782180732,0.002555210149005411,0.02325029046184803,0.009438206957326011,0.023801595182918193,-0.026678678811738254,-0.02728217467333665,0.015738670662397126,-0.009343088052846856,0.0029855895952577605,0.00973048390233565,0.0011259485710898695,0.005355624496075548,0.028787406317008882,-0.016156240688076463,-0.0070159890202079805,0.012054183849533896,0.0022247085063858934,-0.016152725690427767,-0.0026507635067122893,0.007169775627751418,0.021573280183069348,-0.00583561444189146,0.03185866911202918,-0.03155043300886856,0.01852938238782068,-0.0032300650419586937,0.033292307259597455,0.008368328564857525,0.021664036410148853,0.022057239939172257,-0.021764623483340895,0.02167836719467188,-0.0013467989582441734,0.014759968280356625,0.03604254292024033,-0.031570471370920304,-0.01187241061528262,0.004255648978978906,0.016650703452593507,0.025574495417305856,-0.0083893050255447,-0.005515153984087773,-0.056321146507289865,0.00043127170932658667,0.030651545682317462,-0.017995644989114424,0.02597414555969309,-0.01967701912151723,0.0155796664012531,0.04553492910912973,0.02564394267419329,0.01743948291047786,0.004937660486114717,0.03142056993909847,-0.005560043984459451,0.005269766161228258,-0.004545589995602496,0.008053206025712554,0.014994720854960362,-0.011016822465232968
2021-05-20,0.007115179681271593,0.004555958222726344,0.03484052999514309,0.006163123814397565,-0.0007742834955254633,-0.012323342170607005,-0.047115957228318725,0.011731251412773796,-2.2416933022460436e-05,0.02749261988868715,-0.036785504276323544,0.014031776985740188,0.01154088165132668,-0.02226246502743758,-0.021724865735792395,0.032059286938433317,-0.0043707650800443075,-0.02464016907946353,0.028892079667194523,-0.010027346311310732,0.04446468587686832,-0.009845933204546917,0.0012566790978351039,-0.01648222814706114,0.017224810864379513,-0.029308657296778354,0.003638008992259289,-0.0022421810184655774,0.0361217863798246,0.0015416428376671726,-0.03916143853123603,-0.010331721576299255,0.01359319360631315,0.03802573931682959,-0.006840322879524142,0.019777917805070728,0.0679420378451844,-0.007041874618610853,-0.012405523959268272,0.026365755943905334,-0.018677365452843365,-0.024215500783722328,-0.040638458086439615,0.011185689398106083,-0.004498544913356931,0.010868418628865274,0.019564951887790238,0.0324393819549861,-0.017661350693369732,-0.016588347293627438,-0.04093920400171116,-0.00791121665353361,-0.017747190300648738,-0.024412808537075073,0.00675584125838373,0.006097687077636887,-0.03129451768972568,-0.004600988404439326,-0.01852117143543559,-0.001563612859483268,0.019839851473540348,0.009700497242401403,0.0016488063911032904,0.021435259228339713,-0.03923697136071301,0.03386571943427064,-0.03139497735355133,0.0033840043236772776,0.01201201313368808,-0.008118693593133722,0.003785644146894643,0.008548196593496659,-0.004781491205638993,-0.006787620024004725,0.014051297730155888,0.0006515977552119142,0.006746846249164999,-0.0052598834100877,0.020075827771128863,-0.04892008729069467
2021-05-21,0.0171227289427081,0.012473334928740268,-0.032316504704793914,-0.015350244468294852,0.018233449589953727,-0.019797278608417353,0.030785868288155414,-0.01827468158962657,0.002361522963618943,-0.043747444081183806,0.002993378218493829,-0.023054683022792812,-0.06186451349890325,0.013736762665302757,0.0019697019403892425,0.002439140467520921,0.012403462535483174,-0.0012604047659693395,0.019938754416035934,-0.023499565845446636,0.030994438845104725,0.002041147046532362,0.005147278067043989,0.0017947906872185482,-0.001953073733387007,-0.024930378375078367,-0.023508770239570615,0.004840691248032274,0.009667871719143349,-0.014176556439902028,0.023700885421260837,-0.01914309221628612,0.008197353416486853,-0.016653645464820618,0.042444216100617105,-0.009830107142604244,0.0031905070573965306,-0.008623369049607706,0.013374369186927115,-0.002434953840328622,0.03224829962554899,0.03039514070231299,0.018554956398213245,-0.004690626537802709,0.027552485806249333,0.004007114435209594,-0.040169744492014145,-0.015028000538596422,0.014576893350860801,0.011592202768068835,-0.027052005666863454,0.012813043751323066,0.0027719130873783767,-0.011961141935612183,-0.00916246671238824,-0.011402244287611161,-0.028163541775874962,-0.011268963200472326,0.026698550791932677,-0.03306016171655925,-0.0013674198099189639,-0.031153996163735948,0.012191448680121151,-0.018694442024177978,0.006595698743600221,-0.010305512017896621,-0.014927497555620206,-0.05107396928496319,-0.02643774792649227,0.0035796971512311077,0.018399814106919807,0.01633257892977139,-0.034096304976716396,0.024641165349840385,-0.002851235995781718,0.03221129183819996,0.002640259434365295,0.004632033902628263,-0.0022861192017154383,-0.016498853978739063
2021-05-24,-0.023919208324381457,-0.0014334203006312026,0.015260659997090753,0.027007730699865402,0.020237701080814043,0.027726358340557783,-0.009526100276350199,-0.01316744223170496,-0.008024693122742775,-0.021673713633055383,-0.04287372457857079,0.003018827084054858,0.00834756724286904,0.0031301090768854024,-0.009936349309720888,0.01328386540547185,0.01107751801866454,-0.010571934298367542,-0.043021053654437744,-0.024345190738194886,0.036904209632069904,-0.0011203930987017314,-0.003568313091174293,0.014977238719986994,0.016291198434684396,0.0003342936072818516,0.013957137818655792,-0.006767682897949301,0.010266008269507791,0.0011943487285372822,-0.0017997068735159636,0.021514951463383693,0.007049810721857754,-0.00436200761978154,0.014451223864371443,-0.005613642008102263,0.013670802823912219,-0.03372653680408893,-0.02543437230825475,0.022843643379628673,-0.020767720942705608,-0.0013199793073882604,0.007331602738761865,-0.0018612540411721502,0.0008573389875669022,0.015860949878751345,-0.022056018393772997,-0.023773423722398896,-0.021591229516125934,0.011834787479337798,0.003339730280182011,-0.0003776203190791362,0.017169575856579432,0.044047132991594004,0.014004102839686745,-0.021394835479651216,-0.004875832641734981,0.004398536891757272,0.023452077990901304,-0.03579743999200756,0.016511885340455907,0.015208339779060859,-0.010135360717788859,-0.045252838022384764,0.008289980798109792,-0.004117969142559737,-0.04554870818086399,0.03952731827772007,-0.027775681524426072,0.0038401517697025846,0.004978784664850777,0.000874362784667586,-0.0032869366731904477,-0.02537073635623996,0.02109138878097629,0.04148198651850771,0.02483103869884935,0.027749087014355595,0.011232745938027755,0.0033420217343630727
2021-05-25,-0.008411829486631092,0.018261854074400174,0.009401808263890688,0.022121379099457522,-0.026618793863887324,0.021704964545270145,0.0196533840241354,0.012791219625401118,-0.01716383789771801,0.008496081627906587,0.010371934689150602,-0.007375350906103596,0.03985964239688983,-0.017384407573036945,-0.01260389288353881,0.018256563221723247,0.009911794203995494,-0.02268505406312119,0.01535027804401423,0.02410689938853362,0.0014553767196071247,0.01619091346206541,0.010801444930719948,-0.028027011946607477,-0.030092842779744857,-0.0010380951137501906,-0.04076400903293199,0.007167133232190805,0.036092174178306666,0.024057516417354898,-0.0011784687342018482,-0.006123575491275049,0.0010757951625783389,-0.005075353286749229,-0.019735302975953186,-0.01459077910155669,-0.008946420907174046,-0.012980610713272394,0.011075452283966614,0.03368169307956262,-0.0028051325449466634,0.006164043624575114,-0.003030734875837418,-0.008456895744457467,-0.00450702982841799,0.0019101457429181426,0.04142990776031748,-0.007936579299367332,-0.005274918764365722,-0.005388840091585444,-0.0066947249506571485,0.02106114040816406,-0.014218131510214393,0.01198835960813197,0.03220720650776552,-0.004159484407576866,-0.02532567476131352,-0.014339374855992062,-0.02897394737584943,-0.01947327649699103,-0.02317018461359453,-0.007144213999324982,0.012714276312963466,0.01568095434595042,0.016964786509726378,-0.03729366644096403,0.012924232002157254,-0.015170260356814697,0.004530655467066809,-0.017748253960705233,-0.01466945151665544,0.02708864188484692,0.028283587841849138,0.03257677412308901,0.0023813816007322054,-0.014921894848428364,0.004990278532555725,0.014602260157174543,-0.03332529598197495,-0.013462496627716094
2021-05-26,0.004639017142384088,-0.002966439708120358,0.005751902171503311,-0.006237674032257527,0.020846614226552505,-0.009780839479956761,0.005811330659219063,-0.02665872960775613,0.015069569980075987,-0.05656460610159182,0.0264165150032973,0.006657784587274815,0.022254776061144645,0.019017219155314343,-0.013710732596513635,0.016595660158980053,0.0033932924200394984,0.014892978982326319,-0.024509090944378233,0.021358582037601527,0.015845182984157217,-0.007142712018087615,-0.012518134783361478,0.004138538116853168,0.0007181531224028742,-0.029468643138462754,0.03579459112647685,-0.020326277438200528,-0.001606312454516213,-0.03698124705181069,0.01895717660604773,-0.0073370416657611934,0.019184569653574287,-0.03970337075374537,-0.04961524174974939,-0.0018455507076754036,0.038816102639683894,0.054876042954299854,0.005685705563019977,0.014828271541640967,0.023060843100877037,-0.01241742374688927,0.012719929244286079,-0.03246584721463286,0.04507796461391364,0.004471647599068137,-0.03103474403117375,-0.014687737584714493,-0.003449642233194379,-0.03567047335704116,-0.011947638590854936,0.014172679108547626,0.008522318716478362,-0.012348261817291517,-0.027261416558431825,-0.007800214597898337,0.011707116680296852,-0.03178824545222151,0.017276206534361967,-0.022421438306924172,0.004313089874845753,-0.010188926572873236,-0.008160183480295955,-0.018919151311082846,0.01457451424293083,-0.0021132228527788646,0.00998948970962378,-0.007237884646427779,-0.02372645895933285,0.00215944471777644,-0.007739339424446707,0.011937163000285892,-0.011355234190463812,0.03146756959826664,0.004231503832244829,-0.01702151467879485,0.0005202476104850096,-0.019851753635571966,-0.0041334076080484375,-0.017531088140248497
2021-05-27,-0.005079029013857851,0.010573025896842475,-0.006527807622724323,-0.019318738018369072,-0.015068506433549029,-0.0021272544548144754,-0.0026820481658988036,0.0024384498162923433,0.006478908299041878,0.007100941478221594,-0.012369913701086812,0.014543384434070843,0.02596740008893509,0.04058594711204846,0.0007325006430278095,0.018430339386693886,-0.029851919882608206,0.018925864936591888,-0.020948161008321035,0.0207629339204018,-0.01438837489976635,0.026134281630930994,-0.01870017541551164,-0.03900756280283543,-0.00014971978719498745,0.007913272856347029,-0.005140583952368669,0.019906693998739403,0.0009556273646091186,-0.0012760014159651758,-0.016546207890187868,-0.0010549374700429312,0.027431340784357782,-0.021639145651093327,-0.008661159088379227,-0.048738956803781264,0.006557575353257051,-0.00786652492468569,-0.002809423192919991,0.012431907436895148,0.013351519703259587,-0.015737274836697814,0.03228794208979649,-0.014684045036846193,-0.02931656934015094,0.010887362764590734,0.011395712134211557,-0.004050764443331098,-0.021879233165108047,0.01373708587811378,0.0014845782049084518,-0.007132072772323349,0.01900575309035967,-0.012092959082703109,-0.00940810784686008,0.00654395052031145,0.00937679605707011,-0.00013095384544500546,0.00248368685239861,0.026181270348204548,0.0010409935446384802,-0.05577802172800398,-0.021378459265467237,-0.014389860827794481,0.0011726324106699746,0.018318159221665214,0.0055570014791392125,-0.014745615016936402,0.007226897726155474,-0.006146674602469299,0.016823856615403854,-0.005887905118303563,-0.008238652175388338,0.009226550122853153,0.0018476726902346458,-0.025436269102312798,0.04084180945228254,-0.029139342234291103,-0.03460312538145894,0.021904887704656636
2021-05-28,-0.03506508197618223,0.044300167251134004,-0.000895377422574427,0.013989377621631584,0.00919256691751657,-0.02096794121959133,-0.02047511475278954,0.017010226897874542,0.013809318265305067,-0.005809290016698776,0.03719294987207227,-0.0024466210447741787,0.031237402413121194,-0.0333159460550778,-0.013108050459817897,-0.0006671899877990741,0.013121499309709907,-0.006238039470384992,0.004914525687171781,0.02563780495880285,0.015543076324610895,0.020641059492320292,-0.00025740441040073936,-0.006228792529428959,-0.008006305101270214,-0.020271165551848193,-0.017197311868987653,-0.012319793403291876,-0.004622944082091317,-0.00534939037362424,-0.011639134465874326,-0.02029172021371888,-0.0031555271624165073,-0.018809152932309732,0.007189217557580313,0.016625318818877802,-0.015998186965939628,0.025082813163814097,-0.0031157095879284814,0.0011562452819961456,-0.01552460019760161,-0.030383612069221928,-0.007309610270471524,-0.013082536639686235,0.034624966883806285,0.004692533912724811,-0.013047663006816552,0.0037652868157423067,0.031363833341537986,-0.022358860069894133,0.033735127463989996,-0.005536484828391295,-0.023147247064686276,-0.0040357604010992825,-0.011346607972304933,-0.03364708722978246,0.004792379760148878,0.002931172288128267,0.005343645605993133,0.02181263010529625,-0.01692711935059822,0.009202962904514979,0.0008690340495198552,-0.013248634327080658,-0.02095073837982223,0.0025937760961244234,0.025308637114031352,0.02422692551222146,0.017915097915839485,-0.005495974070963368,0.00755075928282778,-0.016451753435967637,0.019438837890321393,-0.03492920454381548,-0.026139139969143358,-0.03933239174526985,0.007095686161146109,-0.0018774464938553967,-0.0046889443718428825,0.007433300282359101
2021-06-01,-0.019186799958070433,0.01419310010334169,-0.0038275810354243046,0.01874673441842193,-0.030345981851445075,0.0063127938377290785,0.02328461160050705,0.001720706109244255,0.036230757596537065,0.03827147184101215,-0.006595823624909398,-0.010442997242267752,0.005709884065726874,0.037468302472243024,-0.008693997189225158,0.026071272687288673,-0.03056077545573227,0.00296883957688219,0.031015972301113824,0.052169308965596274,-0.009587015425710686,0.00861621885447083,0.008009132621068633,-0.00884151488831481,0.002762301726057568,-0.008015779261927506,0.007309833985351863,0.0067226910381650296,0.01584291520495092,0.012885902466114176,-0.0018633998714003913,0.004186618787080309,-0.03259599820705791,0.0009026498319591466,0.013076655363979313,-0.0013328097704470418,0.024098418942519136,-0.005778096133732567,-0.005686549679063813,0.01004813279625995,-0.01129842736738662,-0.0035652708024117947,0.022620299265894303,-0.008102498416639214,0.033183022813819026,-0.0030288009943206535,0.02000678495525335,-0.025318467454032666,-0.007040572345096458,-0.0026515418537536766,0.0004177955991234203,-0.0034989158636246874,-0.037144852876381626,0.002856287878691658,0.008053949256341753,0.024004052623965617,-0.022747801177790978,-0.011624164072891343,-0.008493324044905022,0.008221330532825314,0.03473860983263073,-0.008783016753903288,-0.020333659996462528,-0.0009337473333507636,-0.023784936075254354,-0.006276882629906415,-0.038691104767025565,0.012516323059190228,-0.011171332242898895,-0.04591998024501241,-0.007028195841472161,-0.013168999072363663,0.014002174104757415,-0.005760594860725736,0.008822902727943257,-0.0062360346641961,0.00964167535408494,0.02662760934694688,-0.011198600028017014,0.003262420548635456
2021-06-02,-0.007693790935421905,0.014795986196901145,0.019256897475737396,-0.007422930905200877,0.0035335154547373147,-0.018096368317046453,0.005929635274715768,0.009973557684768857,0.05771720748978797,-0.008089978323665876,-0.021327611412736872,0.015962154261688205,0.0061168728882835515,-0.018529876857520437,-0.005731171133921476,0.0035981705284028644,-0.009953936125939386,0.0043413916129606,-0.0030148313726521326,-0.006671249544076725,-0.008852046554231314,0.013224647751363193,-0.013370914520781716,-0.02465108391422404,0.03944709327104774,0.03805115190703055,0.008774811568454825,-0.021309652583965312,0.02701851519322331,-0.035680736491955474,-0.02325972166599743,0.02806728698489263,-0.022786479347069323,-0.019610695753238108,-0.02252297123124846,-0.003174459583180357,0.013169812467971873,-0.029262086828943535,0.027916939600022804,0.025327958963953835,0.03137034323341496,-0.006995099756586013,0.020666101856923125,0.004043286153949468,0.019086892722806878,-0.013438507056546844,-0.018734726996178706,-0.015504382798467609,0.019784332370424713,0.004108265645896334,-0.02229136422188845,-0.0031470196726800254,0.024788527285020467,0.026239741206937804,-0.03265306201608496,0.015838800677956087,-0.012691183952420769,0.005449872283576241,-0.016354046647830963,-0.016814464341349925,0.00046446337425515706,-0.011528677235158229,-0.011904274835603523,-0.013633634343865171,0.00022242828343122466,0.0025605787203697053,-0.020260862619008058,0.006085895128969926,-0.004800390793217157,-0.0025248685659872787,-0.006741439260339249,0.011004375867862726,0.008361045342391018,-0.009016366020444328,0.003706220222443532,0.005047529691901827,0.01495140699898511,0.008393179639850562,-0.014097627396993375,-0.006831181042759786
2021-06-03,0.02011085878884716,-0.01736751072300563,0.015044820178174878,0.009219682910764807,-0.012756673120437424,-0.024842049515656744,-0.0461249555831158,-0.01032607590683447,-0.02114101285349961,-0.01654874061863703,-0.024290540621762835,0.015310081675616637,-0.0004626703816842448,-0.005151318692105872,-0.0054053076868276545,0.015063132217723992,-0.025401694770253034,0.013687212992144948,-0.012028849222861711,-0.018082627479838603,0.0007792114399128352,-0.010943991937170763,-0.002749111446650743,0.005655236435229889,-0.00420793995373225,0.018976242965246276,0.0350237059334755,0.025979494851920398,-0.0015533556354128265,-0.01808581774659549,-0.03476029604240592,0.004699585769403206,-0.03435233672103585,-0.01773875957524368,0.009666172594734804,-0.0036377387692807213,0.008879813162207333,0.037860334953180405,0.005690939096636491,0.022417685893968788,-0.011877522247213461,0.00988630263192557,-0.02089575120442796,-0.03533841927094466,0.015368629236812866,0.010096794342872847,0.00152200133407999,-0.0005255776838875158,-0.008032132176972186,0.0025114626409341386,-0.03984978307852006,0.005785840686214822,0.005928156795518107,-0.014208145735320574,-0.03616734143400246,0.011939633789011018,-0.0018205104332242497,-0.039876923492146575,-0.01772310337714575,-0.002713003803456281,0.012833218419868191,0.011249613869750126,-0.029539999742198116,0.00038673315369740105,0.022142652739286246,-0.002784839387947838,0.02111018602495312,-0.0039717079997446435,-0.03164297057527362,-0.02376054986647995,0.014242582309189724,0.006018749971259823,-0.011368820716615347,-0.008820233975243619,-0.0019404248015103857,-0.0232100826815337,-0.023825857757042122,-0.023674272212875144,0.00297861546814945,0.009294841069698231
2021-06-04,0.019664977358947074,-0.0017575707979223792,-0.037639064729057065,-0.028967512891387208,-0.013542067906700955,-0.01967976965543269,0.005155411804297934,0.03285468046660205,-0.03207169914416204,-0.021393668557776968,0.012217625661039764,0.00170460903471132,-0.0011184417062803655,-0.002785319927498903,0.026333961290297383,-0.02901489308937073,0.0071572911268587905,-0.0014171833328089406,-0.05824320049291529,-0.008677856363319164,0.02200470891115735,-0.007362059058478895,-0.008508151635977816,-0.003441826539932756,-0.01136249642283643,0.03776048041810502,0.029808553687902507,0.022388934602237422,0.0357672917429145,-0.016447740273928625,0.01371727747558437,0.006817185599595753,-0.007799369840621169,0.007668205673271694,-0.004126367502981165,0.015773341464950328,-0.01871946873328255,0.008181792242205879,0.01706715741093036,0.0022710145616462703,-0.016036273912812954,-0.0265905949107355,0.002360701348266878,-0.010233478426520115,0.02735265388178412,-0.008591541515645009,-0.01011720440996517,0.007311306268857105,0.013440060493562108,0.012436534573631508,0.035708546777708135,-0.01766536999238168,0.016886393750017784,0.016222576042142188,-0.010541487549070042,0.006601641539433525,-0.015696170692620078,0.015552903134256708,-0.023428282514320158,-0.0019336121290010214,-0.020509647076506963,-0.015280711325473009,-0.030273863374805764,-0.008156154730850785,0.006467965112371166,-0.029081597708075783,-0.00942889955749258,-0.01628543025067593,0.024269829741003907,0.052106022426149166,0.023950212626054984,-0.010554666128033525,0.011572398107210193,0.026806215394562277,-0.021062914194848754,-0.014570201734584315,-0.009547688782818274,0.0013548305259988922,0.01433461281534544,0.027583399391380742
2021-06-07,-0.012126121710389357,-0.0032097448716849283,-0.001005082990675507,-0.009780890852488405,0.010502156937864804,0.008410924574798239,-0.025294975791091127,-0.013054533008690871,-0.021019935627131007,-0.04247453273155393,-0.009710599529274265,-0.014648200727189854,0.0029113896087948547,0.0350914519512612,0.002147927112479008,0.0027580423221953716,-0.0017267286919950523,-0.009991104547406628,0.027577167465902233,-0.004582956859459126,-0.021597737867607564,-0.018069489590089242,0.005791113366870547,0.014123559733733073,-0.014790663070563453,-0.017229078439446308,0.03819035967987441,0.015705506664846866,0.034878209255917995,0.005324707551385293,-0.0061930731285142595,0.01807872231082805,-0.02719005762646653,0.013866889299034551,-0.010452405475301048,-0.004530766851728095,-0.024263639394479536,-0.026841832507252965,0.00609752309678262,0.0014026467337363044,-0.01627922827512676,0.024552898413767274,-0.016132952753500306,-0.009457659393899679,-0.012679010613547925,-0.03685589681640376,0.012366151116407322,-0.024958282128502655,0.00499402044964435,0.010483257018672223,0.04528022257519698,0.01449856260807527,-0.030374683931834085,-0.005367002598320171,-6.081923436159418e-05,0.0035689714987531236,-0.009032909345401203,-0.009776738105879201,0.022532076274946643,-0.00019702511048821673,-0.01497151082590134,0.01238662521131475,0.019073962500122072,-0.016470515324967697,0.025111875385433642,0.009250348445602765,0.004369638167683957,-0.0197749999138184,0.009981907115132183,0.034369102636317136,0.004762535326202709,0.019232548663437002,0.003266518483371577,-0.00732483724551552,-0.013643533626153758,-0.029930514206945494,-0.016396808421510107,-0.019421162308162352,0.0053835355121685195,-0.004815603334110046
2021-06-08,-0.01282391503065173,-0.009394319107022455,-0.019101156143259638,0.049282530516739614,0.0038278726556184167,-0.007992369768156996,-0.009169252601519684,0.00866463903005876,0.005824734434015576,-0.03265703519944595,0.026719211122412108,0.0013328000433684845,0.02534337274176498,-0.027423879923331805,0.008319287526742318,0.007223643340832761,-0.015581817174755699,0.018016847099597003,0.009263059270759414,0.0048551547178754045,0.011530527139256005,-0.000636770279711017,-0.005398870507964876,0.020152775019608823,0.014301072573560338,-0.002553397423418953,0.01948682272880338,0.008985606484009933,0.018443452625284282,0.002424484638020652,0.006182564696900865,-0.004156027577134646,0.02358109707406893,0.021055302451756932,-0.028406727696965183,0.026834310317206626,-0.02883350985286947,0.03611045292080441,-0.00039437514432001864,0.016477821908150093,0.006003109146755045,-0.02825879853050797,-0.024464570475951252,-0.019589287879358243,-0.003423496493081761,0.026774492698409515,-0.00944708887489275,-0.023679796293411774,0.029727406780978724,-0.0037384027735296262,-0.04232555743254923,-0.02253524343826928,0.01856113042205513,-0.023427144228853804,-0.005823932710767286,0.017968218882474806,-0.00020046825104565912,-0.00563327628958109,0.005875936893838833,-0.027123211601985744,-0.028725438836444957,0.009238768848939665,0.01589108217033329,-0.001498156279629772,0.008536713080553352,0.02750666244757744,-0.00906925919635073,-0.03542729025477048,0.026774776197786055,0.010184999868217899,-0.006874975365167862,0.003255950804277795,-0.02391511850098563,0.021658453393175566,-0.025537469318353573,0.01717839110938304,0.005531114571199106,0.009216326482934785,0.014664758590075194,-0.018234669560455812
2021-06-09,0.036536120968945984,0.05127450938486078,-0.00911224991494254,0.005741385419423255,-0.038722924173933256,-0.02137539689754827,0.0025434427500753273,0.030788849682960112,0.016553638750061862,0.00369518662829609,-0.035538376496540534,-0.02014356228013772,-0.022462957802643402,0.04454278121071372,0.016788864343126916,0.007972869435933028,0.016757135565527985,0.029769416602463506,0.04437293807173715,0.011547365964277266,0.015372533966784714,0.030546186540814663,0.031103442642736887,0.01865330075119747,-0.025623941408554046,0.010019150541896013,-0.024613870379537783,-0.019901908451564507,-0.037420357857331464,0.0011409539537695856,0.001907650093689444,0.03434378701824151,-0.01692731442562678,-0.018877229287124132,0.02928403598835001,0.016468177116490425,-0.011940687608166791,-0.0058897135665085636,-0.001586897124447081,0.019314344703818483,-0.023607507524412447,-0.044403892032899704,0.027957877513509404,-0.007704333171858999,-0.010631069842939744,0.0360383351113061,0.04695308080941201,-0.029886619355591733,0.02911054580566799,0.019156395807556254,-0.011811162282596318,0.013073485315230707,-0.040505743286962784,-0.00026694622056671946,0.005385462929016519,-0.04005969712805838,-0.004498171654436788,-0.008395729467893385,-0.010865829316985674,-0.031922548818876836,0.0026001119428801607,0.009767365514472446,0.006191809132131311,-0.014691216686783621,-0.02296955133800175,-0.0010779233578684458,-0.04508993447935101,-0.032219488013863685,-0.03227449301724963,0.012495642791982006,0.025856699745255573,-0.01569765970148966,-0.024934133530709456,-0.004721302473678542,-0.04324181851644882,-0.004729109592047236,-0.0015908770002981585,0.024081295674964715,0.027554555994222026,0.0481622094448533
2021-06-10,-0.006699638042492788,0.015985368756108412,0.005846134102368863,-0.003255718015797998,-0.017330604931016173,0.014431038775326659,0.0017634806103378232,0.028627806113347087,0.0037744060330696955,-0.00719134665541441,-0.04117052177666496,-0.03511293224887778,-0.008677452446494895,-0.0028047989892948746,-0.005286419117006811,-0.030979504231558576,0.029208303558729706,-0.008350764566539461,-0.006562942061823418,0.05266767130803287,-0.003041193562912967,-0.015272857201702303,-0.048511093526107364,-0.00046230410191569927,-0.004820172142246222,-0.012920253292975508,-0.0036139818437973,-0.009220254674586712,0.003992748682521705,-0.04423958648367316,0.01023173798239214,0.008825339190640095,-0.004479966745261989,-0.014407158363975261,-0.006163489996924977,0.010875590621878739,-0.005759185287035349,-0.011598941015552802,-0.0017612010735143313,0.02691261492989104,0.005602593290633318,-0.011312837413799143,-0.03026734362580397,0.015536869600529373,0.0022250762708882765,-0.0005901607338851901,0.025983099455734668,0.02415324608070078,0.01943825092158952,-0.00509201131438191,0.018185986153225888,-0.01252044137567572,-0.02982382358221423,-0.0203934791385964,-0.008632674816091389,0.016737587000746484,0.02366439415644069,-0.018713733721698593,0.034792723900046035,0.026448395694638197,-0.02133248727808725,0.0023636940390751493,-0.007138066867449202,0.021735281099173588,0.0007335279965175085,0.03216634917201366,0.003141144790345545,0.011969419250810036,0.011771036182124075,-0.004853670833104611,-0.004874707252101523,-0.011402698613493413,0.023413776694712295,-0.029080234435846723,-0.008875951400622743,-0.0011496639024030212,-0.015941223541290066,0.022980072470237464,-0.0064069660165386455,-0.0009236798424942272
2021-06-11,0.0004573866696598577,0.006439304408913593,0.048132899531924775,0.0025405252731533702,-0.016950761593044834,0.03611400050880627,-0.013342820430553846,0.004467820115039835,0.04994525898447819,-0.010594064189096194,0.022444595878805994,-0.04709302575187732,-0.02026528617182544,-0.03219076153958047,-0.032422727082407184,-0.01978524738642149,0.007363663940145465,-0.007570857075109251,0.0014148444358203813,-0.0667871332520717,-0.0010046492627900196,-0.01602186269510477,0.0067564084463717965,-0.01637171460337618,-0.0062347858220286705,0.010967811977642026,0.004312576445563317,0.026769760237497532,0.02177474097365582,0.008705670509753167,-0.03380982570385915,-0.012190937123305733,0.0036557410460939382,0.009378734457648835,0.0016833111888042555,-0.03472340625980412,-0.04438588867956323,0.004925999183595157,-0.009987975356648289,0.006959876706413693,0.002614719589582561,-0.0054451118669344815,0.03241256613806372,-0.024671719189486595,0.018358305959094327,0.01900971741843563,0.012702508520041091,0.02997863262403368,0.009594035006748481,0.0033636695600312446,-0.010408623093490823,-0.02720322736784683,0.02876626389083226,-0.016172840556425306,0.00494367912819212,0.032819251703707926,0.028528394008779014,-0.005861613546646813,0.007941552227879612,0.012153611617579564,0.0017614061493984,-0.020459806066838785,-0.032745865642216467,0.0250044349177212,0.013422719315537552,0.014623587142856288,-0.02942753960609705,-0.008876861899096797,0.014471357967461622,-0.02448455744854968,-0.01168449209938519,0.01715628778481351,0.04166638558865645,-0.0048699001896885235,0.01590189423558847,-0.012682874607955147,0.0038970872225151886,0.006084096463359303,0.03415398232304921,-0.028758280554051163
2021-06-14,0.0301470205954264,-0.006108087016484939,-0.004127794226231145,-0.01679999643663748,-0.029698067704151686,-0.0071897873311844085,0.0079151183864157,0.03409640026358432,-0.06524647944444169,-0.028135127809509962,0.006087251169353232,0.004722763218504462,-0.0039462750677213086,-0.017692226072717067,-0.014733375817907466,-0.00921747810639604,-0.027294706279395817,-0.030052239282492257,-0.04119607945241758,-0.02747458544929357,-0.013849867842119803,0.02262197349233393,0.009863676283448594,0.024981769326089358,0.021143228160357054,0.0021181535956094734,0.004482392750167755,0.031607059928638756,0.005808958699824813,0.0034571824774078646,0.01609173978052939,0.022511182649180183,0.013308271203266327,-0.011483769344078017,-0.00629373255695926,0.011370353943857183,0.0004908516029281685,-0.009126992459909345,0.013331641273760846,-0.016701579316189243,-0.03916215263967771,0.014880065080374283,-0.0033183748574357025,0.007664264904560159,0.01812637358581057,-0.02551994435950596,-0.019908131472644485,-0.02080929304122911,0.009151325837682404,-0.005693056559371278,-0.03227516107086969,-0.010854614740660807,-0.008073676965260854,-0.023110526758693378,-0.0014814600906217648,-0.024405813457152294,0.02169941019749258,-0.004409259638303955,0.007459156959377545,-0.009669608229772154,-0.016559030514570427,0.013720111193175556,-0.0031639905005472037,0.028303872496241788,0.02086954681629503,-0.024228861028439744,-0.010699308487061094,-0.02617847277108373,-0.021498912006185367,-0.00011356095902171635,-0.0023269427818899614,0.005046992482262549,-0.00028996369440126627,0.03050784833280467,0.006262946237578172,0.009226141602401797,-0.017415224795068955,0.00786491000995058,0.004809970005833532,0.02521554205476446
2021-06-15,0.011164785983129057,0.016896426240314108,0.01832135722598956,-0.02733150477945198,0.0043979867712933725,-0.026553959252360686,-0.012819807395455558,0.011775146010652207,-0.03981838096293774,0.015969152113102427,-0.0006872474338395832,0.035197760315335475,0.0021347955472322366,-0.015729676085131896,-0.010425331946471732,0.033171840316272454,0.012477335685848093,0.023797084076562048,-0.014037962107981802,0.012692604127840545,-0.000761204314481901,-0.01366172869683614,-0.0207760850810812,0.01445620544027813,0.014648939802387746,-0.03508003750963326,-0.013616571921961057,-0.020980166716435617,0.006446770015831809,-0.022518032904758508,-0.029182629361615763,-0.01950367513783389,0.025105076936853973,0.00013847906751249348,0.0037160031267533394,-0.009328269848708276,-0.007974765189561852,-0.002319793227022736,-0.01182053811053075,-0.02291146874212382,-0.024956128211253956,-0.0027107654663893438,-0.004379176606502519,0.009179779046370297,0.012422511529025917,0.008634406540085177,0.01619671612113585,-0.005706997374645763,-0.0021900040045763182,-0.0014084640327642142,-0.026333758937656656,-0.0008357158836656884,-0.006360424753052846,0.006126331144620738,-0.002774687634703949,0.005224777301201819,-0.019119122160556522,0.022719746252597536,-0.026369566241265695,0.0015334668491923055,0.029328342069813444,0.004888975520574465,0.003620255795194985,-0.011509948232773721,-0.010183468999595682,-0.010156934110001991,0.010494053979385345,0.016062630911768936,0.020505230247597542,0.012794567092912625,-0.001594825941844757,0.013569538876732262,0.007540810167523566,0.0002470177362744177,0.012750575647999043,-0.0004080419317351755,0.0014080023067296933,-0.012641670734501355,0.020112532651093522,0.033449232043970725
2021-06-16,0.010559793417320917,-0.010523413498578563,-0.008110647788286676,-0.04349906992469162,0.012224579684404192,0.01534191292309459,-0.009638070277148797,0.04218737524640653,0.007650680145652287,0.026793649275030147,0.0008206852010428434,-0.036835194103664474,-0.006590346973406217,0.00913395124980192,0.04811359348878897,-0.00023801939585786581,0.04562875290353855,-0.007726952543210046,0.02879471492082905,-0.032188282868349266,-0.016170150591989032,-0.009298645262576987,0.002414696406655684,9.026375507584915e-05,-0.030575261757398976,0.01450996255473016,0.011793428860672606,-0.0089018644585307,0.005290967461219341,0.01714057535097696,0.005768225612810667,-0.024869586284485184,0.008531520990039093,0.015574765450872172,-0.003033788871699902,0.013185423508266531,0.030860369492960525,0.008150365062489364,0.018250994680269316,-0.016111528243694433,0.014071966572403836,-0.007450865024978923,0.010051893175616956,-0.004423343453201529,-0.020652125792241863,0.021438529820184484,0.01575581667039561,0.019599126838896915,0.011151276031000402,0.020164562545417777,0.01107437902251015,0.023717714735948713,0.010374963942333693,-0.03585176627875725,-0.018644157136456754,0.009466668114084077,0.01758918854182497,-0.00793481609136443,0.02304967623342561,-0.0023801675640957205,-0.019401977504159323,-0.02162783793930004,0.005093000362819413,0.045600739371623955,-0.030753826412963207,0.009973078677558058,-0.012942256875544397,0.005104554288742263,0.007949778256096078,-0.0008742503887889736,0.013528067119289264,-0.01742599807703561,-0.01750722530876408,-0.002961895145384114,-0.02038552529410946,-0.021288593378833688,0.02488092713033153,0.015244906126147442,0.011957010898482596,0.03207529140638685
2021-06-17,-0.004931937444302642,-0.010179207445687174,0.01720537819292106,0.023580258137237107,0.0285723428664074,0.02267932776588373,0.0038780584517269113,-0.01242135187279245,-0.009922749748295327,0.01881386026993067,0.013795682962709863,0.0007424983591607468,0.05225634947442611,0.02259633092717888,-0.037468014958320736,0.013582346630988932,-0.017779940167644094,0.012398320944082228,-0.019215199953427728,-0.015615337404921032,0.023223945963158518,-0.022172157286214772,-0.008703151675638643,0.0125647940395976,-0.001538104645244149,0.01026722865357326,-0.01024359879763404,0.017047202759030253,-0.01750896616308836,-0.010657750681185818,0.0064489633132520695,-0.012204764196525678,0.005845640450434361,0.004049518263559731,0.02816804173598652,0.03138560784113684,0.0019546327074800507,-0.05459817897262384,0.06186782691325414,0.0030400518869920057,-0.04290532924545147,-0.03402402730633658,-0.031172233081649094,-0.009404447004508421,0.02296035668682041,-0.02060436856841966,-0.03406795598366702,0.012154158314611724,0.011925015923078455,0.03247234640944865,0.04921468364252676,0.026414510363727172,0.0065577305644779925,-0.013507086398775878,0.026053249096310425,-0.010277996062416283,0.06575690758030395,-0.013990509770350526,-0.03157276919006324,0.01762669841349285,0.006666813919742455,-0.007961929013373273,0.02079999816198494,0.007704776216480385,0.011313658864327834,-0.019913026472615815,0.012919678706527465,-0.012856696917463209,0.006999225117694451,-0.006187451468088051,-0.04688584473175447,-0.005584442695503935,0.019112750505303797,-0.020389039536836632,-0.01605040199574145,-0.006404763964329707,-0.0037169689690418357,-0.02223242906763268,0.01365025552637993,0.021433321198900127
2021-06-18,-0.011752394694323242,0.0156260815967567,0.02110808857956863,0.00047261222463608477,0.02617391222387057,-0.02529735639732306,-0.009396883564507848,-0.02064392517984142,-0.001971683503487212,0.012423945182756661,-0.009494869095935932,0.019591964831536177,0.0045742265054884304,-0.0014918717031033627,-0.010282543562918916,0.0026054593814952023,0.008126862383584378,-0.024830325707465795,-0.011947549175868273,-0.002065911867269844,-0.01837759241776498,-0.015886697867443796,0.02254874231976722,-0.011598699293297625,-0.02342208381076155,-0.003375359097392741,-0.0032188952030003434,-0.031835486531580075,-0.006513633275380362,-0.009406511153442935,-0.01367504194668429,0.012051881794124766,-0.017679657884513162,-0.010898277434429152,-0.003595937209010108,-0.036605932066489835,0.028764391669042814,-0.0025199324983547393,-0.01263679117836429,0.004315020538392377,-0.025947212001453862,0.00559142906089069,0.021644128307984137,0.005453004829739826,-0.010456016956574913,0.03638216717108603,0.013727752242902439,-0.012188867007076967,-0.022881739056137378,0.03979056640766942,0.013603081151122163,0.017612819752131244,-9.334534350834778e-05,0.0016159290241538915,-0.0289269387800595,0.03624540982768405,0.027932313730948035,0.011190881580066415,-0.0010562231248496862,-0.005237632235295434,-0.008557627871122185,-0.0046405224262486625,0.022990232144618688,-0.009170522803119214,0.014118478240123015,0.03467376418027884,-0.013796999208133404,-0.02704410772532755,0.018192236655886502,-0.012404930740334932,-0.0036119038505498012,0.026356945449602973,-0.0025248659065107695,0.037662542119946164,0.03751700762937413,-0.014163812489803886,-0.001571704191255817,-0.025058109598225388,-0.005195222790831812,0.006141824524238895
2021-06-21,-0.027055116570151173,0.000690057993926324,0.013326447891298127,-0.01586884111588604,0.011632827135726716,0.007770501577901156,-0.011389442752947372,-0.025841148788273073,-0.012031819481837056,-0.016685114416404346,0.0202901606065555,0.023159599472737533,0.01729244850772998,0.012145648393483933,0.050674216582602585,0.016086286828405058,-0.02350638097810149,-0.017149453032502922,-0.007084726258129852,-0.019640168268381976,0.02857594574867889,0.017607664563152086,0.003372505211625142,-0.0170877473157321,0.0006794642030033944,0.013589731455396287,-0.012437184170481957,0.006403133698565547,0.012079154574321222,0.020389853043642207,-0.00519786307766624,0.0015245028917450405,0.0038302045997762497,0.017335165223057402,-0.00917584920991657,-0.008538692640552112,-0.01680355013811534,0.05606370718819912,-0.0196545416320624,0.010341930083323419,0.007035079388566518,0.03595642377243525,0.0298651616363126,-0.010301480501328812,-0.0012139836403666086,0.011064015790076239,-0.0007482898304424564,-0.012813453273307303,0.011545451091082634,0.006964171815826924,0.014994530446799362,-0.02973629703018454,-0.008291297245425036,-0.012646617203473574,0.01612988050236869,-0.01354347604723514,0.0024690726677926355,-0.017548126035732838,-0.002877003093795191,-0.0093387456773783,0.007468945227055121,-0.0034034187097600073,-0.008852712260000792,0.02288303664932753,-0.0034159091661797457,-0.00034945690435631466,0.02625505649281157,-0.004748528291431465,0.0030595906021953097,-0.008851127931392332,-0.005307622837535195,0.010869225794830644,0.00888026051830334,-0.02982222162701481,0.034462237664794816,0.0019762090248782046,-0.019825712459640835,-0.0025489443369118296,-0.01744406656562666,-0.0071460694937504725
2021-06-22,-0.02385186561586894,-0.017460360916391006,0.01879271171383815,0.016052366417530748,-0.00015567593389450955,-0.023891568124911364,0.03301459936870321,-0.03032972199826632,-0.021712540853399458,0.022190423957277036,-0.0016564581764555964,0.021811362935657445,0.0025947148206162526,0.002615573639595473,0.006908139768782855,0.017802906171324476,0.014048746343521273,0.031987842734384986,0.011109775501256094,-0.0035531963825977558,0.03177994619483113,0.008789072917583084,0.0005121335401833522,-0.026707244525827862,-0.003832939785797163,0.0036991504180072955,-0.002154753154759189,-0.06377230198334498,-0.001609694338178045,0.002759887489029809,-0.013898379110185363,-0.006971366455013029,-0.003557341267999467,-0.014866010619777405,0.02983871631554114,-0.020874160614998274,0.025670223804675124,0.0018607672454146581,0.007208875021145656,0.0019564987452065077,-0.01428706288032464,-0.001828861772635833,0.011580540478901858,-0.006513531161072893,0.022993063087122196,-0.01954318396763856,-0.01703934229726361,-0.013272341375261454,-0.00732938330699161,-0.0008319046498315351,-0.02830480716047277,-0.014263645676544182,-0.005421816821110805,0.0019987893796553084,-0.02409834819207776,-0.03901967526140051,0.017389144369901816,-0.010155351419058562,-0.029585404007053295,-0.0073924038715449955,0.04188928650862437,0.006132099042704159,-0.00644551253364429,-0.02774629944959439,-0.02555713513361457,0.00015718465372674105,0.021337743931918698,0.0034444793831282833,-0.018094805343016197,-0.0003248852450361207,0.021842121421046006,0.0072111259070980205,0.02280646039151256,0.02010736856569596,-0.013405901927844124,-0.0018908108051192494,0.040630834728266195,-0.00022488294029017494,-0.01834520812654185,-0.003978175396366921
2021-06-23,0.03523702581897969,-0.013866462628089805,-0.00017570374018892158,0.012531935143252777,0.01528739475019501,0.015424012792997986,0.0258670190462969,0.004975878870583553,0.0064539408680328175,-0.006508072348303237,-0.032181420168749864,-0.02666391137583194,-0.004219449892248746,-0.010452977762800172,0.03847910351466582,0.004260086317433773,0.002510260862205729,-0.0008821886625779444,0.0072980571279814355,-0.025977118075401297,0.03465885941155759,-0.001969975206242476,0.023688286286691933,-0.024023159762788397,0.0004257440675485719,-0.0002562233873740509,-0.0042478635233016435,0.02539231342823027,-0.017124682831637802,0.023898987612177663,0.04345134601180334,-0.033432459164327646,0.005904600285637574,0.0098403760572051,-0.01150164860483619,-0.0070554288164526415,-0.021666649814226013,-0.011102486765257196,0.013711730056225661,-0.018213730400654164,-0.034997738503672694,0.018483020463069457,-0.014504004302308573,-0.030972073462299285,-0.016101819964505708,-0.012475545804418014,0.0030798498148915544,0.031219730755085932,-0.0025905685889542345,0.0024963997714245964,0.014654397763719225,-0.014942906762640873,-0.03522743577189516,-0.011511891980518144,0.006436989011700802,-0.01986512050002744,-0.008903318727243177,-0.012987787109547098,-0.039981657230276836,-0.027701251013243635,0.02879030715000666,-0.015725031458016275,0.029098619004426216,-0.003166101682207794,-0.03671708637319765,-0.0070567498678927275,0.013707536753764502,-0.015768725441105316,0.01937770768028868,0.03768955446098025,-0.029480845482498803,0.013197074818252039,-0.019345043807448222,0.0007552848473466474,0.007574404746064477,-0.01732644589238542,-0.005473293647560598,-0.009081331987067186,-0.001745464678339708,0.014214600451576078
2021-06-24,-0.024722178669539144,-0.006071890903025741,0.020377085359901195,-0.01989206201597869,0.0009766787574649659,-0.01713656716420308,0.026310791351262068,0.006279770481354071,-0.019248451620325076,0.021978843763775104,0.002768114496146167,-0.03180601802859033,0.0133722067078798,-0.0016577561753205084,0.016791212911078466,0.023673377483966196,-0.034947262973419685,0.005503768335485992,-0.015700540004040513,-0.04205577824389975,-0.0005186096691653118,-0.005757886916567997,-0.027242574237231827,-0.00396439622932467,0.024581540580329003,0.0006575474983396109,-0.020645734152150017,-0.018619141091508844,-0.01960326651670748,0.0035301153771803823,0.004587973812883599,-0.033720357332772094,-0.010424556181389728,-0.013254793698732644,-0.03291750850784216,0.01610060166790485,0.01028291119623452,0.044313985045930836,-0.013926330015791615,0.0009728077075534202,0.014996611741315877,0.01213937612240359,0.020162000397107173,0.015085944663660778,-0.019109596350958588,0.0020066035710122514,-0.004692048492855426,0.0013927269701574342,-0.003839023589343093,-0.005232804091349114,0.011938951039033996,-0.007145558297394417,-0.005622289870515103,0.015101946775727543,-0.018132542075130587,-0.00663369077853498,-0.01045777076014642,0.00611570919249083,0.0030543269094171167,-0.016289140894840393,0.02141571325641814,-0.002611301737574761,-0.023632535883782252,0.013644757095236753,0.02063035208105048,0.0010015559712056685,-0.012360233802542841,-0.007534454377909679,-0.005780843015468055,-0.03611527405848042,-0.000653498347209461,-0.0002759245476469575,0.0025147682220303465,0.016395670618332046,0.002053088731889386,0.020722159792908642,-0.012904781368817644,-0.0016273640494037756,-0.01653888769774204,-0.012323350297524608
2021-06-25,0.008222624377264544,0.01298865515761434,0.026145932795753647,0.01263640934572032,0.007407853013301223,-0.013922352135651229,0.04318396879052466,0.0033881045637598316,-0.015792591352445644,-0.0019475721064221348,-0.034179908242239654,0.0078411149658046,-0.029612593248008256,0.025134504036867216,-0.009053958511828662,-0.03141826107962469,0.01305395040314274,0.011772236920656914,-0.02713473965418081,-0.003741850258584482,0.043891696786670036,-0.025610145881593684,-0.02623973987442518,-0.006080372769989933,0.018507565331431716,-0.002653634685972125,-0.016275602514409186,-0.021453640494989025,0.004425613107947678,0.017759543097593443,0.006413186319884793,0.02605322873266899,-0.03336928236971523,0.02617906192452524,-0.006402917194671863,0.009349211833371921,0.030778238855930843,-0.003162602494202942,0.013658131979547013,0.03419904059992791,0.023955098034280226,-0.010899763297620267,-0.004806615072685683,-0.006157807916664855,0.03231344802670328,-0.011860689439942044,-0.009816136994621204,-0.032060932582397464,-0.021105959491144737,-0.0016215846535200477,0.009813338872428839,0.01917429648065839,-0.015218445304340496,-0.016838272917152963,0.007362260273871338,-0.00456534296326887,-0.0453332924809834,-0.0023536867139204417,0.0024807789150090784,-0.00893504950031378,0.014675519415506866,0.018772201969545602,-0.0007887246808769101,0.0032089033143057376,-0.021250316481454177,0.004318084380714143,0.00027176297428898054,0.016277960874547814,0.05584032917505555,-0.0111221704143847,-0.016413062934651716,-0.020682981275343515,-0.004483830689230472,0.030421289842180843,-0.004021675841449008,-0.010923582120100311,-0.032648179494338125,-0.022096622021075964,0.002840089719480563,0.029825122238849894
2021-06-28,-0.0016700794504521661,0.024632858001116482,0.018664636712148613,-0.013802910274688631,-0.0010900062795981841,0.006605821833162391,0.0007493583957441575,0.04185543530484175,-0.008156321158805557,0.012232819018446606,0.011790155116478575,-0.0007843855409380786,0.027220947273061045,-0.02294138957852872,-0.01453313264520498,-0.0021806535079904803,-0.008706374031312743,-0.001466195642282882,0.02859222188188865,-0.004987131611125258,0.00216664254475067,-0.020222160510699045,-0.04507753855577744,0.03261223456375435,0.004146953725009918,0.012297141535684631,0.0028368364979371907,-0.02166248597962189,-0.01722573042012659,-0.014547120316672574,0.014296702468113301,-0.025752885111936137,0.03608801463505481,0.01759041098327743,-0.00673843329288311,-0.01581163787369023,0.0014009342504801151,0.015470589262667561,0.03336196269861993,-0.0034836567210906355,0.02746883880117756,-0.023164966332816346,-0.0024860095937494,0.02085714401697907,0.034461783744655694,0.005043693645104953,-0.025009709733701674,0.013419851168312633,0.03148818666097825,0.011888124780012013,-0.009254608554246445,-0.016980310844119,-0.0023282377311761096,0.01387650222664757,-0.0231262709371682,0.005368101870389813,-0.0064554691450371664,-0.003069268886179227,0.002905937054926834,0.040353925897361344,0.006641047955870886,0.03416207672753787,0.0014524611777417312,-0.043846450770683214,0.06027855893502407,-0.008944035967979512,-0.03023273439972529,0.014223816996705033,0.019464671131465827,-0.013593993923746207,-0.004132881347595363,0.006586322592356416,-0.00748059273945204,0.011266147234967732,-0.017051229485052985,-0.046939348983303014,-0.009431918154224658,0.02154239320809988,-0.012987449994112051,0.0037976901875031383
2021-06-29,0.007603762184243166,-0.011685212205371514,-0.01736774514363218,0.015562833037576539,0.0041451784650574945,0.004057804337405651,-0.029604815133805286,0.01439526622176053,-0.017977648758388785,0.016709407053519483,0.02897508232273744,0.013653054351284511,-0.011444129895617447,0.017707539810336848,0.028723170127484782,0.005826209125715809,0.003237416575581634,0.0026977841285463137,0.00887833591709653,-0.0014436682906020838,0.005632091707755709,-0.004568950633481002,-0.0033323607188155066,0.008770890926646301,-0.0004998362711277201,0.011582377995232412,-0.01619867173661688,-0.007763981624009358,-0.04152775428968446,0.015147602664383477,0.009673781407018849,-0.010709717873271662,-0.02773382370233893,-0.014016652835025881,-0.0035461887219947036,0.0194864070230993,-0.026600344458735756,-0.011706955522362776,0.01553226325815785,0.009618867039631508,0.01243768319205661,-0.018994189004514602,0.006762145771367351,-0.0163027792147351,0.0013794027451573849,-0.014820807043152617,0.0226674660348597,0.02381843676560015,0.006583677366452628,-0.016014410344274085,-0.009106636370787203,0.01862694108438452,-0.010904443872061216,-0.0035377818356412912,0.006443244273866444,0.001938846981500834,0.017283238919014766,0.016706703391469842,-0.014602990734363306,0.0128328062157105,0.01779730876084181,0.0024895345994048784,-0.0381863644292285,0.01569562181834304,-0.013743598113176679,0.012468916738537006,-0.0005369992741071004,0.009571192689836524,0.01651413411617631,-0.03592472914642208,0.004292806800488809,-0.0008623946549193227,0.02432266267073394,0.000497725142825499,0.019698898221317797,0.01505826983440075,-0.028059518992028822,0.019299027032736258,-0.01610056861574187,-0.0006881510027624775
2021-06-30,0.012236105585490294,-0.016991690184203025,0.007797610062141362,-0.013757944864568182,0.014247024997383437,-0.002907135214576648,0.01686661902369188,-0.013021536004602272,0.004889158476279987,-0.005492307057093172,0.04831699574167268,-0.0005403433528810689,-0.011244436530914875,0.015969028437189083,0.022755949431641595,-0.014533155945192996,-0.03760015204736899,-0.008162890453795233,0.007797309090698812,0.01888644886240218,0.009371609610371595,0.022614997542033357,-0.002331081101026244,-0.024211597993969675,-0.009968506161340006,-0.007305202795130988,-0.02035657529069604,0.0015921960224211645,-0.01956217763451596,-0.01994982736998876,-0.019579908755820306,-0.020038666352466455,-0.012129689845664968,-0.009338382027345476,-0.05174656566450761,-0.003485194181475351,-0.024658222847304425,-0.014885712345293884,-0.04058207018280768,-0.031124314997854247,0.023137957695776677,-0.013560194180082277,0.03342619545877414,-0.023288844045695454,0.007049919009379123,-0.005376320916650698,0.005886387879681147,-0.010090240515082371,-0.03147702899480978,-0.017457145203236255,-0.029532943389696573,-0.03085381822210755,0.051076807577851546,0.03276045875882812,-0.006243900864090224,-0.008501461742762033,-0.005651337436159344,-0.031261861692213885,0.006113447663728404,-0.00370067273105519,-0.007361017249706555,0.008312736602026444,-0.019910408320793695,-0.037816361772392997,0.027265902464283717,-0.006471063395000816,0.0416074969674867,0.00207497709199475,0.02200163243729476,-0.010420816214878429,-0.0057141923272620975,0.006322610330419745,0.021672100604733936,-0.004536600569233038,-0.008680301185823617,-0.009362243142039163,-0.014709395954530375,-0.03149997844184063,0.0031150814246985892,-0.015350990816911596
2021-07-01,-0.032007626211435165,-0.008604636632560248,0.02861038729998449,0.0005246826690586438,0.019876180834761503,-0.039774478960653066,-0.016628387660784883,0.01790284647968069,0.0049414715332584645,-0.002484372741530582,-0.0006539527276794672,-0.0025727184365907855,-0.023713675824878187,0.00040382476464661583,-0.006098791177507099,-0.007408898699933486,-0.013338366603854974,0.026459611408356332,-0.009376106504216246,-0.007172292003175068,-0.00247610742594582,0.02163011955685082,-0.009283117005019688,-0.031076067070770288,0.02841662578393811,-0.01924969418284306,0.018999128140751165,-0.004838088078858398,0.019241366412686495,-0.01859368371024973,-0.011012669097549983,-0.031807316674631034,0.012438498680389749,-0.01034685900584319,-0.0035174993476512467,-0.022543499103990627,0.009890101163075657,0.0015512584306981091,0.0243464819924972,0.01669993882359025,0.007947953083161997,0.0007764205262657604,-0.016277189401382505,-0.03346145589341849,-0.03333497178544049,0.0032209452476966156,0.013829898795024081,-0.013315373823364072,-0.011859985945016796,0.016565441298651333,0.02742253564783642,0.0010591404158720296,0.03599937574571327,0.0076405324401023714,0.010098510262185003,0.014218154808532571,0.06102632799799764,-0.004093708731631834,0.03560514266670152,-0.02173533224637112,0.004641949253775423,0.012788422294184363,0.0030327156956195386,-0.02793152056505247,-0.03375126087842464,0.004969925866580845,0.01769217392614318,-0.004702762962197304,0.01107008229110888,-0.0015195271562075219,0.019907763522391656,-0.007231856305937896,-0.014574737147849244,-0.0013908753502476264,0.011952339804898973,0.00914807187423279,-0.011522869494641184,0.03429030041386326,0.011529995037420526,0.010820663621959062
2021-07-02,-0.014247079739404745,-0.008541140624721518,-0.02012298260639813,0.02918124375697064,0.0037010900745534717,0.0159511064545133,-0.015120582530534455,-0.00690579838688951,-0.01132361360114624,0.0015838425541652938,-0.015700685534250428,-0.012007987793721158,0.011641614891105365,0.003585631589014295,0.004030114925027161,0.015550715446583811,-0.041005877850495434,0.025995946608558786,-0.0016196822890046157,0.01890237800944668,0.03138340073278075,-0.0042447339618451145,-0.018513897751103976,-0.0031634878726069767,-0.005258249682080404,-0.006718344810043066,0.03581128881900084,-0.030491690281120715,-0.0034747850354104543,-0.03411929326264968,-0.034511192992916336,-0.01892371326431268,0.002333481476583317,-0.01030979231629848,0.018221847241090758,0.004886116542725515,-0.005392644711520717,-0.011519142420345818,-0.011009752132660217,0.005281745760780495,0.01680092785317067,-0.02103446844444915,-0.006141889017762786,0.002489249258550426,0.00439205401624243,0.01936835626063729,-0.020393280147424107,0.003963552605651041,-0.018244964018292526,-0.008856412074621069,-0.045132796062460054,-0.002814397949664569,-0.0023952756109359213,0.02906665735635262,-0.00808274215610994,0.004826248067322977,-0.0060609585715398545,-0.03203908537411695,0.007409489867394516,0.005075987693518251,0.038721196342447584,0.008765376643569793,0.025607468404523402,0.008111383247647269,0.012070496763754919,-0.011336009382078871,-0.005269020724125284,0.013247575750216211,0.011335861134563927,0.005937417671440479,-0.004070983407134001,-0.019836034112250506,0.010908283695087305,-0.01030771436219882,0.018358012736292974,0.0050375550423155955,0.03656403663330883,0.0015742274995339495,-0.0011154784731446147,0.024899624126263637
2021-07-06,0.021861472374137478,-0.03680159109801922,0.012955198026089847,-0.00967018748372845,-0.015270224623802623,-0.045684476286950625,0.022440921019027962,-0.012393321521069997,0.017762235854248097,0.019625300520085327,-0.009754560380785218,-0.00905005695382102,0.03277522493900064,-0.017500548431948506,-0.012035750177212296,0.04277460214536514,0.0020837218672315476,0.017953976869880216,-0.011340666810172631,-0.005628261558489,-0.045154244556912436,-0.03333724148893755,-0.022620014751412256,0.014200143716684826,0.02091515170612265,-0.026927129135226813,0.01752687131159419,-0.0045280786375883455,-0.024914966299053258,0.011133321165341365,0.0012440173731325102,-0.008709154994479572,0.022551529167817042,-0.00021455104835025785,0.0011954327986440055,0.029066085271937107,-0.019470055860276718,0.003700556561757111,0.0036893689462011844,0.03549448357573862,-0.0003616673536698539,-0.01489617000437346,-0.008089559009494906,0.031203298959002073,-0.029763816625152994,0.015094426380005011,0.00916548876655407,0.032401948203430155,-0.0020010096579226124,-0.013533893683734222,0.024765877983678852,0.024935773244817938,0.014569904971981445,-0.02612567451536049,-0.04493135271842389,0.022321055599818722,0.00014226083006642595,-0.010521585506106292,-0.03221121168988489,-0.014404439726216425,0.017682015879305568,0.0500862140306769,0.023777390574082395,0.006710813218906923,0.003500866775482387,-0.008956763968241067,-0.020643673580778964,0.021579982214914063,0.015149892192464803,0.03275192530308041,0.0013235507290869737,-0.010723386705613831,-0.0004982945604489422,-0.01453256983546001,-0.0017624966795055847,0.018153953832609038,-0.0036793411353780725,0.03623920056705053,-0.025487008338010115,-0.02643623712709234
2021-07-07,-0.006195045896619363,-0.019133249415494175,-0.020905048427094647,0.006737003722545034,-0.022261621640909505,0.006987636980589719,-0.02884216210556568,-0.030066591793833607,0.0031321724058682946,0.007001348052244132,-0.032909521740718296,0.008450394881150384,0.0010817082554302792,-0.016974118481286354,0.03592811710319292,-0.047849696630822364,-0.006824966386575243,-0.010592227805049367,-0.02968652871771518,0.02261663646324522,-0.019317677882882103,-0.018588693248904754,-0.028693550681647015,-0.010776255750345918,-0.007188796456341156,-0.012481223250957487,0.011800739110407918,-0.038763567561426536,0.003928138701647641,-0.008309956904313768,0.01807680604198106,-0.015185288529507348,0.02838641214180885,0.0283338079053743,0.036015537763645245,-0.006625396870749971,0.011877426477298041,0.01172155091558686,-0.021893639812334085,0.005431417165325738,0.008063365461339265,-0.023703085854127972,-0.010319093254661378,0.025450840369416902,0.013172795050796722,0.03264611081033745,-0.020871660733918742,0.03897446783875655,0.0028028922288365725,-0.021659404190620898,-0.007849252532574118,-0.010240900216518158,-0.018301480041627297,-0.03046481362901298,0.03731406161499891,0.018180079790810637,-0.009461625244433855,-0.007822977564963578,0.005034884232473215,-0.027777619804982733,-0.009838403641057215,0.02868221672652175,0.03362176966223237,0.023802184951645437,0.008400510750166141,-0.01775152376487554,0.0018176929146798899,-0.00807779315520102,0.03485853594018028,0.040849672663868686,0.013930466146575423,0.0265448089370137,-0.018587251046202673,0.024298461161276257,0.022231381738894274,-0.009109929063467284,-0.01365696045643992,0.005793072616803459,0.006634720933977541,0.032051416374209454
2021-07-08,-0.01834994105457438,0.019650916271603414,0.02552957305411851,0.0018534188719755533,-0.00906993611981394,-0.01790664203310242,-0.03078055483254545,0.025882672456472158,0.04361879069126717,0.007331557990838557,0.012912242925370843,0.035048575767745456,-0.007011387851067889,-0.01419682730908614,0.0098922820387164,0.004008313268677128,0.03362496278122999,-0.02156450451194111,0.004895701759331436,0.008506175389775576,-0.018196734899622737,0.03833214370351562,0.0007131572385577656,0.022349424896890617,-0.007478115729359975,-0.009533667197202863,-0.009257272515841188,-0.022552086050112753,0.007652953753051923,-0.0019974974534159723,0.022073139371264334,0.027479523565938187,0.03573872800158903,0.008917286501002578,-0.02235568794658196,0.024325639671026102,-0.015368655779509202,0.007483237828038287,-0.03518505447524769,-0.025373901214011913,-0.003552155239411842,0.02699625737494319,-0.011178408561844117,-0.025631457596074783,0.009356651306017198,0.01393198452208865,0.016972684444169432,0.00501394707932721,0.010276566895845956,-0.016850396654257735,-0.01405451796940467,0.019558902152552272,0.02374292538706937,0.011746906667583332,0.010933147496972342,0.031999560058856215,-0.031028369101064247,-0.005843593065996168,0.009712806628262112,-0.027826542994781007,0.0044835181780182014,-0.03063293594643996,0.006868926604891451,-0.03283327241435691,0.004099518337284747,0.016836428299747,-0.015522921117086133,0.005974375790690375,0.02188362962582147,0.005875686862467838,0.02976835956455234,-0.006901850882716515,-0.017528897837886918,0.01936864569032966,-0.007056374903714038,0.0008825202565003493,0.005178573810304745,-0.005204808820268418,-0.022512500151210885,0.033742208197819056
2021-07-09,0.023702432693998368,-0.0023703472672528462,0.006840011110216755,-0.03326379087499489,0.004400803374254997,0.017982136947352866,-0.008073167700761646,-0.008014034924514689,0.009427739888022037,0.013846314439978474,-0.0248284565501542,-0.005367896417500053,0.0018035699338513045,-0.002342064537106603,-0.01684947587073187,-0.006509519517529847,0.015543247718528646,-0.01721487609297116,0.0027310234343866525,0.02946383025951517,-0.012396358033253417,-0.010528022932343986,0.03709523315772951,-0.005466410590399804,0.014612643268808645,-0.04199512659496308,0.0233645891071111,-0.006441426032876997,0.008483069348936011,0.032026715259940136,-0.01737239967735277,0.014713398281433478,-0.009941077910186837,0.016891567727823683,-0.0296670536399879,0.026718195510044288,-0.047281776928527926,-0.003995569975111586,0.018139672464320477,-0.001981856523649316,-0.032506470727690716,-0.02772683469209228,0.02972571063550798,0.002632322166468464,0.023878773171010084,0.021319808302144024,-0.01679319839024922,0.015933519462802286,0.005465591894789782,-0.028189670940094325,0.0066666763047950415,-0.010691167162331497,-0.014507313399316584,0.019580138235952973,-0.009849373073154307,0.003023094891173805,0.012517618065197996,0.030106270281613556,-0.009529222514719906,0.007985777780904382,0.0012733897259467114,0.013608842924612284,0.01914101357835642,-0.034131027111840864,-0.018084353357772115,0.0106022720027387,-0.017374664470192296,0.014984740678730613,0.012092910057338082,-0.02576805948474092,-0.0010606504224939522,-0.011835351994443173,-0.04547640143509767,-0.01264602789458547,-0.015255311665365439,-0.009757035296674982,0.03990865255679334,-0.02233874971380501,0.05505260851310772,0.009851377614564482
2021-07-12,-0.008859644974293307,-0.002430813754738646,0.020111070336932994,-0.030096173822500048,0.003502644624293805,0.04268722371277929,-0.0073025992840299436,-0.020943667189998058,0.025157291974361094,0.026012731920120127,-0.002810610556887565,0.047112579381769465,0.003600382788292837,0.007244171052794833,0.0054856743141168465,0.01158945637825428,0.017919098355326016,0.0037263987164044333,0.023140133956312245,-0.04058696260131206,0.018305278481108928,0.014105712630700722,0.009168979906971287,-0.0057127415034037825,0.008509147888336488,-0.005017488827583642,-0.014960025604946416,-0.004475915839768447,0.00967653918416641,0.03202118678756566,0.009642709186734228,0.004858271009371858,-0.031221240783479893,-0.01956016521241768,-0.041372146990233734,-4.5631969787433305e-05,-0.006039252473529342,0.009205417595354988,0.008377233603011609,-0.02157530973752786,0.03656793682705584,-0.021331749526092403,0.008252859296278147,-0.007870586058230657,0.019003933158055826,0.024378423137199234,-0.017999172587870683,0.003937372113795734,0.0068115347028717245,0.003024243186936943,0.01317010574926784,-0.023026217731379056,0.016692528090242128,0.018657047313843572,-0.022387903775643397,-0.012673252436985612,0.009535264879402195,0.006040851634624393,0.0014762406647740372,0.016120471993328292,0.005363641890686705,0.006905025367025838,0.02228061163490689,-0.042351541054993905,-0.00846903010365015,0.023009287832234854,0.01936581565611551,0.012687826229989799,-0.030730660471079113,-0.014005718381498927,-0.018418979769556053,-0.018796539859396194,0.0255079388967459,0.024906766114018934,-0.0115450209600869,0.01649644191567354,-0.018493484070184515,0.010816544078313688,-0.004404127891815442,-0.021269226009466825
2021-07-13,-0.016416047922010187,0.004167775587772532,0.0007214822507540966,-0.0010895770523970637,0.0021348365576462636,0.038688778050979734,-0.016328372192725676,0.029225527118734343,-0.03704879611114601,0.019405816343826404,0.002298721087877505,0.02000000052154487,-0.005949283493145186,-0.018728623934826872,0.043397453736720666,-0.005876293320053778,0.01658975179713483,0.003202441353254912,0.011817834517521457,-0.03707465489668357,0.03348220775797176,-0.00473845338878527,0.01036177563417212,-0.020719386694656422,3.0264705919195023e-05,-0.02302066985414019,0.010085780449027573,-0.029044329985614882,0.022196014996755397,0.03560462816823782,-0.02054620110145519,-0.0020619037702493768,-0.026071569091969168,-0.004414180048561003,-0.007850106889482133,0.004786565255570892,-0.007618103742099873,0.010257891852718163,0.012443925483758085,0.004020863833081802,-0.01668316755087916,0.00614960351030523,0.00246274785902892,-0.01891883516027794,0.017095168997805957,0.012603491067987846,-0.009288340501556459,-0.012560191711142834,-0.018589977763770513,0.006622708291081719,-0.019317287484181375,-0.02775001791948776,-0.029089602613889036,-0.019588619627435976,0.012554250581501048,0.01912359382067298,0.001066650839641218,0.025886092290416482,-0.03477972107119176,0.021482178801964492,0.008391916204437765,-0.012996301668124923,0.016539626659725592,-0.018808976146069214,0.00790965094019012,0.00217858307710593,-0.026344941913905063,0.02580998421454598,-0.02136382391257571,-0.026192917005391447,0.00912653572201858,0.03506107530662617,-0.004867775894381923,0.00594574258364207,0.04738450402489305,-0.013265431033820978,-0.021793519087832624,-0.03542962687578411,0.035002568998139395,-0.0028213957666909434
2021-07-14,-0.009613104230372971,-0.020400463285158484,-0.011329988495687036,0.0020332394940273373,0.023352094509106688,0.028855293442918963,0.0015027104818527443,-0.05017977745840152,-0.023026737483334003,0.00015274228770725123,0.007878736279905355,-0.00041301023205979006,0.0034941929726135814,-0.01449584638727603,-0.012178711022622593,-0.028569622532935535,0.009011659629284593,-0.019601444338271896,0.018266588238932756,-0.005873804523415063,-0.021665238826486563,-0.0029220501314939948,0.016710819668590775,-0.008160205068717426,-0.010379870752707267,0.01950368548676993,-0.03314611397268621,0.007893320401913963,-0.008684542590810423,-0.013799672201929892,-0.029744853022447493,0.0074403033021938556,-0.0043021201460673435,-0.0028229393078228705,-0.043956978326052665,4.774149422520056e-05,-0.023535499060395405,0.017235190667371027,0.011168111016199897,-0.004377790095207538,0.022102354987266218,-0.033915191853002645,-0.003734078086113362,-0.014916036698222486,-0.018326010933715244,0.013103269441049854,0.0011784843778080596,0.012674337260791693,-0.007792071861534322,0.007889665924697803,0.004441386833407551,-0.03305129100424436,0.011236411688000951,0.03437195771914918,0.016827166041187575,-0.028268519210630453,0.004920403856214647,0.00023414127766341802,-0.004654979105295864,-0.00313320617739802,-0.02001590943289955,-0.019918490112852644,0.028830565696601373,-0.034903143467715184,0.007740124744276627,0.016756373903626057,0.0007789363563803392,0.016407873216345938,-0.0013000543932084367,-0.029270039199998148,-0.023290586121281757,0.02977986315508536,-0.02658222707085335,0.009802305044145001,0.02115872849443217,0.0033705431038704003,0.004710876486767728,0.024775270994293153,0.004857646781625853,-0.009203342466067077
2021-07-15,-0.00584946310558122,0.006318982551063067,0.03618096482030697,-0.008780547828575043,-0.0036315160249362844,-0.010031233900874393,-0.018088488498895217,0.031587783182719105,-0.013571168539633284,0.011886847848924553,0.015828166149701246,0.015543774753457414,-0.01339182787279785,0.02199166890421097,0.04024657163510339,0.004640329328073113,-0.002030687504710341,0.003992785846057444,0.015136718239837034,-0.004801569223578197,-0.016228495401195,0.03208518687379413,0.014473670263784,-0.0034234987047552,-0.02927541992041333,0.01757967943663851,-0.023526274492379887,-0.0038090746687610357,-0.033772522621332096,0.014585215662040681,-0.02552224998097859,0.0040891341776334205,0.011897402105941502,-0.031130658473979472,-0.00981605899887279,0.031012513177486267,0.00012098019778948084,-0.025785368929474365,-0.010551359742311101,-0.0326475692180167,-0.010577365682236217,-0.007169585582328025,0.015911829436084213,0.013745424183777142,-0.033270650855108184,-0.003958292233543735,-0.01819546341918936,0.013185224954142757,-0.014286574629717512,-0.007993458298871627,0.0044423370409771325,0.00113601229837302,-0.0014019953747397226,0.013177680045627145,0.036237698082007025,-0.0017354223342359852,0.00011924744833780464,0.012656785395305634,0.014187247989386215,-0.021161429577515222,0.02955416222853785,-0.018609910783565622,0.011773291375854453,0.004215719054064244,-0.016308876696708597,0.000251208947314898,0.008513900590623378,0.009074473287698892,-0.02300915271466947,0.014638801069401592,0.015877303361914674,-0.012233041341809598,-0.010990765740075183,-0.026178997591133943,0.02185381462647334,-0.004463484637050379,0.022794626957427646,0.0026502230022270295,0.0026307072821894575,-0.004896152162440405
2021-07-16,-0.032085706387348874,-0.016064233091106155,0.015357614314581151,-0.020158020844964958,-0.014682462742899357,-0.009608786384533458,-0.005445239606564915,0.0029398677541035085,0.0010320768025038314,0.011246886335402575,0.01492915243604215,-0.0074167905049164085,0.014816579516598358,0.002549631755873705,0.012273590056408878,0.029372940290781076,-0.018105700441533017,-0.009507095266485036,0.010463455299782987,0.01501024839223738,0.014516566221496191,-0.01649187705128184,-0.012737231121133372,0.011784790736502675,-0.03975221637669512,-0.01551686181297142,0.03072236862450158,-0.006074071045364777,-0.014991140858461741,-0.003482229339270907,0.01023547860310287,-0.0003554700021842485,0.0024320249281928968,-0.003511906131211975,0.034250790963284254,-0.018709588284894024,0.022662917973240035,-0.003721351946847913,-0.04259746361049931,0.03984529529690494,0.03498342119642471,0.0007088075320646202,-0.016006938359694033,0.023704310488492912,-0.01893635170250446,-0.010838242321907934,0.0020504561477817373,-0.008376847854902598,-0.01389605672518551,0.019618670352116795,0.007901030682005117,-0.011167535365027374,-0.005610360275823083,-0.026337509860701026,0.02963043231690452,0.003810607955962899,0.01284675066992978,-0.01492678117166392,-0.018236917577719426,-0.009120489356225095,0.00027216546791044405,0.004144852653913353,0.032340474636935554,-0.019024210872551264,-0.01806901987875417,-0.0003418768100789695,-0.009422982363093076,0.04457642260787788,-0.008397884618219808,0.02720011346449729,-0.0031034885521769562,-0.03926278475823779,-0.020546554494753462,-0.016517335110250175,-0.021093238385310315,-0.009363140625975154,-0.0016153484722115428,-0.03375164019953359,-0.00728048407489057,0.005697402887779583
2021-07-19,-0.026424004064724997,0.015974258276612852,-0.009088928944929893,0.029762308594140398,-0.055495712607925685,-0.03324454627886149,0.03862894351402783,0.015107376720913977,0.019063016086761322,0.012745479282994816,-0.013452916899271184,-0.043725566935481616,0.018836480589494012,0.0002177759446624994,0.015502570525419253,0.0029211169659578264,-0.006093021682516932,0.04373601994886453,-0.016895182952319114,0.01580065135080645,-0.04873733704226067,-0.02552746403508043,0.016667936719390923,-0.025535907480948347,-0.028529863113896436,-0.004908937940879651,0.018505848556890914,0.01116637480954804,-0.012402993920716688,-0.0007829621183762587,0.029011925475920686,0.02702542226495657,0.014558730345089685,-0.03129169588822853,-0.019898253959497837,0.01744806280613331,0.012557333038391497,-0.020559099348744003,-0.0005197730627138733,-0.0006366337537298564,-0.0217221863702302,0.0263064897165062,0.003474629333955707,0.016103972949361573,-0.015433900167791151,0.02476996909407227,-0.016421274159325462,-0.0005872382274739286,-0.03871674429195751,0.006035858342904074,-0.028174892869232297,0.031026561924635706,-0.022795043510910055,-0.01826014159254569,0.004808365150527717,-0.0014532219754995973,-0.0019069537341361265,0.03950818092890066,0.025945774494049778,0.004629944240765702,-0.010449062831873648,-0.008622575865590006,-0.02215530515275503,0.03926611434001563,-0.0028634698389883384,0.003857115181012941,0.007882939460059487,-0.015903461346650764,-0.003407435064935169,-0.0031176151899930476,0.02264162866566865,0.04182275087109557,0.011506394580780024,0.0006164908371858118,-0.011101284282784694,0.0024945853547422053,-0.014662119752625139,-0.030648086215545284,-0.00031550737222101234,0.0038215119808045063
2021-07-20,-0.01206921788358048,-0.02093609991458703,0.006454861742698737,-0.000438119362048163,-0.003251415414521246,-0.0263194726448506,-0.018995181029510567,-0.021188117262864854,0.004404494487842898,0.012480944015813466,-0.027360959184354283,-0.04560831946315401,-0.029258297739561578,-0.016713356167615444,-0.006522912945954869,0.004357947797941057,0.02363992908446444,0.012323461967404472,0.021037180644010726,-0.006549000158469715,0.014335004470145653,-0.02580075948877268,0.0038523392369647575,0.009517440484870767,-0.02164918516095225,0.007558706837623841,-0.01851078255877848,-0.0037811602695737695,-0.00331491569674575,-0.013391416322737349,0.007090388607827862,0.028080917421386815,-0.013234710028950792,0.02871782964475671,-0.026808624541482053,-0.012841546338289789,-0.009756537915228887,-0.007373649937009945,0.02893251980135696,-0.03559715253786625,-0.0036212431820691155,-0.030558944427225787,0.00010957816303717999,0.06163691489559556,0.016276869071919935,-0.004905884299238875,0.01917590652914672,0.010620013276771248,0.048021437693885234,-0.0005941018385826056,0.0008959132583313375,-0.027363348862958593,0.005980267776415812,0.004855060942138331,-0.015566762174043819,0.018806990645444454,-0.026307607774107015,-0.033192713786832834,0.017476444266050297,-0.0117024171511078,-0.0009391329719431487,0.0005744008178541974,0.01769765931232654,0.0031608513294392143,-0.0072257510608153205,0.018460992865370913,-0.03127000803941072,0.0029213371681733997,0.012992986576985631,-0.014427053540039153,-0.021841426780024466,0.0010406285931858694,-0.02846751246571896,0.02598272135844383,-1.2522715588100658e-05,0.009715157758006701,-0.02262523112895865,0.012395532929585182,-0.03564104586343489,0.024163412261088774
2021-07-21,-0.013827887194365725,-0.002025956283347656,-0.018528399103607675,0.018702157042558728,-0.03749136532954205,0.013473105131640298,0.012963735562796508,-0.005887932512347663,-0.03613117029482481,-0.013357393675729171,-0.01873668477715104,0.012020270529892543,0.024988376994797314,-0.003499352209647543,0.0025326119884870515,-0.008808026614745237,-0.014799356797978214,0.0017390658022373802,0.0072076854077674215,0.027938150641313723,0.04355565299397884,-0.01837797709113024,0.014844867081095638,-0.008177447476871536,0.003212393751854863,-0.019480173188364418,0.005625714787485465,-0.02834289677716163,0.010805694133462598,-0.012544918317608898,-0.036978361080468425,0.0017042548034809635,-0.010383117324831692,0.007844826486082644,0.020402911918731965,0.01246361184417367,-0.003006417089923522,-0.0052989972226790425,0.02652281961710256,-0.004231732543497378,0.02117439366935472,-0.033147379849804086,0.0056132116468604,-0.0024639840691513776,0.02027235361110658,0.012021363497549188,-0.03292996490957231,-0.019422338485819313,0.003971537720584411,-0.013242058613881008,0.0008102094027573063,0.012798657236576591,0.004796677033139837,0.005413344050136333,0.013777353813448159,-0.039111374463096316,0.005981726495298354,-0.0018056220388179378,-0.008609945405223375,0.020130231075073897,0.013166561596961765,0.009419035387742386,-0.006849425076773374,-0.01588536616771468,0.007716587584701677,0.0028344152815485925,0.004718641270875912,-0.008010058291595002,-0.012314308931550569,0.022837502096834158,0.001189981964362868,0.013870647227294055,0.009498205179754311,0.027118496955795077,0.008203439967185295,-0.004339148974887526,-0.002150999104934111,0.0029135498666732883,-0.011185804479720245,0.0006583184382031631
2021-07-22,-0.005193728730109039,-0.02625691715312057,-0.012111244317274363,-0.037332209554908805,-0.040843347648144956,-0.014570107932387432,-0.04830259895467097,0.01755697977191517,0.019109608958987244,0.0018695487032434279,-0.023661260128373406,0.0002733691508182895,-0.03301442267114744,0.008082314219730385,-0.02432654891654122,-0.04530218437798795,-0.022003841026683,-0.0014949723980512623,-0.02231859229745134,0.004642440976168414,-9.145327064297669e-05,0.004857443580487309,-0.020162894566054943,0.02086025065953198,-0.02871982869521297,-0.00019961151627723956,-0.0050398689543160085,-0.013645920592869268,0.000359846910497507,-0.0071532407202723105,0.018771534324414765,0.003164458809267929,-0.011006043861241408,-0.018081005820742544,0.015085339556321012,0.0016951893528405412,-0.026746621235355584,0.025417291228706826,-0.016461172583441354,-0.011343810122108167,0.028595322033318313,0.002301234189876238,-0.010167220560195868,-0.006111430366137118,-0.047190188582814416,-0.016376350974804207,0.001476359431497846,0.007344007473680807,0.019090370889623905,0.004617541855520771,-0.0010789779736747355,0.020163642930377104,0.01834120863691531,0.022930665617141268,0.007350407759539698,-0.010715189872673036,0.03033817872255375,-0.008979110730834728,-0.012551701017547396,-0.007163754727713962,0.009815181729499784,0.02051557493582399,0.019477892749372894,0.009286066112772695,-0.0020031409099500095,-0.013350286922058174,0.012427624129580777,0.015268046272345103,-0.0011664766903191136,-0.01750295534074694,-0.0021844190700245213,0.01832421249964868,-0.020437428199091393,0.005043032207487529,0.03600299133257611,-0.013711323861880006,-0.0047643334744980744,-0.0006040367303707936,0.003911320807575477,-0.0027234140818873987
2021-07-23,0.020965446379679772,0.012044543737818833,-0.030338516502289956,0.01115418440745266,-0.02387473724162427,0.006150936909011147,-0.026210959030642897,0.004174681006063327,0.027784179248387504,-0.012973258181998269,-0.012023221143453722,-0.0025470818051866136,0.012013047437735703,-0.01647399550399839,-0.026445736395867288,0.001757160233278746,-0.009770621241939764,-0.010863464329536467,0.014828301893242095,0.024678277551818555,-0.017991173165841298,-0.007508214702123181,-0.01752601644226789,0.016672875040371828,-0.0057189332093112956,-0.007558596453896213,-0.003917539145200592,0.003268819228412095,-0.013260118275418007,-0.016887449706310523,0.006276962730929416,0.014930192877499391,0.005223545790421307,0.0015432828018731425,-0.011856614211284042,0.00919063137355112,-0.01167890645218071,-0.004441090685184944,0.013751751875308166,-0.028361591033665378,-0.036666900615738816,-0.0072783225106193665,-0.039902304749016,-0.028565475650140084,-0.00048221775878113483,0.021339703629930713,0.008558732134569742,0.007668800210534474,0.02945529831382873,0.014843836264739578,-0.02093678807755566,-0.006605479262156511,-0.011725328288141696,0.018859692615272112,0.014650510415814728,0.005813761644708195,-0.03418217772684547,-0.001866022508920891,0.016392498690136096,0.010793677415723155,-0.015775194786196177,-0.018304629887351893,0.0004114290167365022,-0.011374318440059414,-0.0014234211789265752,-0.00231607714181272,0.01387017692764406,-0.020261377663214557,0.009013602615022006,0.016608246674726285,0.0023190499049268675,0.011346554317487434,-0.006006109078355719,-0.008511360527540306,-0.026309081750936266,0.013738936153279693,-0.00010825693720198499,0.009356164815794998,0.0053398014736572574,0.0018205019275959106
2021-07-26,0.00983106162736184,-0.025941514070008036,0.01860553044297222,-0.003960627902553259,0.02999626125446897,-0.027859995939833418,-0.005079451383974512,-0.000433914298935913,0.0078065474133996865,-0.02721059255802709,-0.006000107914544114,-0.011382082233571096,-0.00022161052268607778,0.015810656603555552,-0.01861234639452408,-0.008569401766932305,0.009201943966984882,-0.00812791387412633,-0.007250763140559038,0.00783494184194223,0.021004545503925533,-0.007933268238166069,0.013302329651188062,-0.01386789029635285,-0.022522844187087356,-0.008645683182662673,0.005048103515142704,0.011108441043665736,-0.0333480870973226,0.016634643226997776,0.008525128340353369,-0.017140721150844945,0.026506007596814762,0.008312726383014293,-0.006635545052401554,-0.03907850235145132,0.009791047325856396,-0.008668942651362053,-0.011405655778830667,0.015085690826081329,-0.01961626317237901,0.014849319109914879,0.028385676586327135,-0.000682442237563223,0.03170790612033892,-0.02087030940905262,0.005871832763036366,0.007276241186907867,0.005338810294608919,-0.0026545256055455603,-0.025069037681085666,0.011895774055276342,0.007816154672438467,-0.0025118091930928584,-0.0295701466901049,-0.007432596320821038,0.0011318781718099118,-0.008299403720266576,-0.01912339212953407,-0.0165433231873989,-0.010431553081124024,0.03701303348761118,-0.03281629495251456,0.0327147117396753,-0.03114613168102992,0.009424801916327538,0.02431592525017054,0.007938566964348482,-0.0024681339723666433,0.016234093674573357,0.008455711602287993,0.03242373633492397,-0.007315729131716413,-0.01335442820186954,0.0017193647259910344,-0.039036317039890425,0.02108339070009091,-0.0017295499207610307,-0.009850141039904406,0.03167890808582249
2021-07-27,-0.023515358252002218,0.014603860040996525,0.007347657950405678,-0.007449300761439546,-0.008863713660591216,0.024527535332582524,-0.037619555314548116,0.018120258690084417,0.004382980525431684,-0.001895308496105477,0.0004059256845255421,-0.011477610793220376,0.013638273260848655,-0.022421641158667707,-0.014957560548966931,0.0024172433520546345,-0.003908783781230481,0.017028216839082972,-0.005471760378246608,-0.05126579573793134,-0.017999859662008507,0.007730699795649261,0.011613892356358091,-0.010993778317503268,0.013853034444008096,-0.01708399765627921,0.01751856435573614,0.0006919547751197017,0.038877893477835,0.012460109797516588,-0.027376248970790513,0.0057618848927758,0.007731381210195715,-0.006907120566821196,-0.0522512930063995,-0.025372800679805227,0.014250260560815275,0.023636580610416562,0.0037953139811792076,0.003480265087362345,0.005502735878109859,-0.005823275773822474,-0.016418819363389087,-0.048313792349169334,-0.0025441000937639863,0.015669548511826323,-0.006572203587098412,0.009881999792162902,0.01596555314667989,-0.012188459998843744,0.00695970782453868,-0.01493345201567406,-0.007528382195254436,-0.011478211527372429,0.022909260869502943,0.004164288340384525,-0.011960797642996217,-0.026521383855194536,0.0023329292322001173,-0.01453421289996831,0.012704774178287477,0.013748920027970046,-0.025196081394526018,0.01773580471073791,0.003825288550483433,-0.006138024815991071,0.02116826064565763,0.020992760121209743,0.0011542106467185215,-0.009385341298607158,-0.0016646366747195915,0.016848661248802597,-0.025150431832733768,-0.012221784264330848,0.002100304076647397,0.007981848721492359,0.0037406300064999082,0.04637065756707,0.009958595659718449,0.006216570002586061
2021-07-28,0.00417711573153705,0.031357062580246134,0.04379734244884718,-0.019116864990536636,0.007801070649422677,-0.005732837316248757,-0.0006156856841164678,-0.020871719517437763,-0.01783206334181497,-0.004619992903502604,0.008728173350761842,0.0033201376964239237,-0.012991441756132307,0.01354423826003079,0.029686436830293685,0.012993435015375232,0.0013255013216512262,-0.022038196899489607,0.024704595559862513,-0.014413332482586898,0.017621952531807736,-0.014182752039200719,0.021038456384581572,0.03552524648001791,-0.006678140566981647,0.021380173815872993,0.007051513255244401,-0.0036799329601932525,0.010052143034040804,-0.009073393312236092,-0.021957506390827095,0.018259196213323996,-0.04090299991327801,0.007835176067637773,0.0007633098556682054,-0.012435428005998613,0.03226916290865125,0.011098691136625713,0.002566155326062495,0.00196922067565941,-0.009498453414857508,-0.02450868090790863,0.012495868184277703,0.026450175326247542,-0.0035062830420565234,0.00078171868587516,-0.011405484194743552,-0.019068898986360695,-0.015773401974299443,0.006114425637316928,0.020862931499220784,0.026948731084480117,-0.008524988052111337,0.00645888073428622,0.017473679730027232,0.00528016767499976,-0.003634350006725785,0.04006946663817641,-0.028565883584236538,0.02998969984543837,0.028175842332439863,-0.04023005435896237,-0.021062612131312854,-0.016614252739104968,-0.022224639458297932,0.007456495264965988,-0.05602124836634511,-0.01796077311901922,0.010265986678439405,-0.010767140233752987,0.0033139671127361743,0.023346120705825472,-0.003447309796854456,-0.021880751341258373,0.027043063117984437,-0.00866434379203869,0.0015398769582259909,0.0163873045509792,-0.001966597577658671,-0.003561660279047948
2021-07-29,-0.006597774368536184,-0.010477992625929767,-0.041673787548483505,-0.011319394929378428,0.011041672060105654,-0.01159792223146111,0.00012565553753825578,-0.023081359857334616,-0.0038389168776521154,0.01713136036474431,0.023508715131931673,-0.04685462973020124,0.03339984192196037,-0.03392165663073671,0.04109134613158862,0.004787617814856764,0.008430272943129242,-0.022714857857901418,0.025801916253667675,0.025986673473154864,-0.003592323096806358,0.047251822750994425,-0.00648080056321214,0.0014737589602866787,0.0038580739093439904,-0.0029919268754961745,-0.00941752886417132,0.03224466875309404,0.005219422307474243,-0.02228982668047193,-0.016318444643141045,-0.028327544343853834,0.010907767186542862,-0.025002657084967274,-0.01287543528169845,-0.02083523818821888,-0.01103472895195277,-0.004678068291617655,-0.0021043406407835574,-0.01331294324124119,0.004540724502011024,0.019490975025722813,0.0014675840925403687,0.007287610401340471,0.013506168272823619,0.006744216627419468,0.02861519428482704,-0.011143581859284648,-0.007432900882331656,-0.0006739458728815843,0.004935958004284957,0.009342811771629867,-0.01659935669371822,-0.000949522967414377,-0.014341681093008839,0.015726195708147983,0.014547322140535664,0.054249482462026447,-0.023196883208043365,-0.019500540683733844,-0.008900255249347814,-0.018575688855710825,-0.014421433167614383,0.012013252644556181,0.005548343382052257,-0.01184764833762998,0.008520233733202279,0.01550659020768706,0.003407385388657292,-0.029736666704917744,-0.008228385445212306,-0.03080478774386145,0.010681888211402426,-0.02387090980275868,0.00781713191654355,0.016040774575844602,0.014088865402979345,0.020326154679103925,0.01861389229579543,-0.008595823716070978
2021-07-30,0.04715580048521321,0.030147009522246963,-0.025708781863737,-0.03336998011228869,-0.021008162478666895,0.021682721494939345,0.004384529250368115,-0.04976101775483591,0.04729976015152337,-0.023419237703096746,-0.014328797916205643,0.015186816604934091,0.06018413152993301,0.005360670792279337,-0.008902290773018497,0.0005704030377362127,0.00018120107513510357,-0.012779097016055438,-0.0034953767860154785,-0.003789361661054616,-0.01711773404265301,-0.006907647067278753,-0.021022869706395483,-0.030396990009347848,-0.013995435384461477,-0.02209158775907527,-0.008416041960467814,0.011255237838054178,-0.02143351045923805,0.023394912961393493,0.007289345718397519,0.016468160148743357,0.008437669108377885,-0.0441712004942416,0.003306874060991793,0.0036459802666648656,-0.03766925987763926,-0.005304639085581282,-0.024560378318933238,-0.010054902308775312,0.02052720950615853,0.0017775600739079406,0.032446076880629574,0.017286600639390342,-0.02457816446640152,0.0006340910271033902,0.005565630077009704,0.022883673016330534,0.022350496918742975,-0.006332880873398198,0.0025363794071215757,0.02194863477852433,-0.0006193595369740604,-0.002728325119435863,0.02892813469934701,0.009922435548503163,-0.008668571318866995,0.013674144280075658,-0.02331969787443777,-0.03522140998424749,0.003123254178162939,0.024011114887178872,-0.028879640642767834,0.03136933729634231,0.012066988733902951,0.0155025907577082,0.013349710131760735,0.011751829647833029,0.02293381114556958,-0.0020747355165337987,-0.006516706112393733,0.013650686271480462,-0.005350669553547285,-0.044699675810784045,0.0010181914784423414,0.016260720262841304,0.0021322156262764606,-0.028767468900484507,0.011181386411882894,-0.025088791949146476
2021-08-02,0.004354267975839892,0.025966355199124446,-0.0012650590936705633,-0.014745484508991338,-0.008694055566304898,-0.004851905416672315,0.014199469306985199,0.0033999561464967236,0.012057767966636077,0.0031652623311538963,-0.0025703498133006104,0.021315022579940873,-0.04061592538932117,-0.006195383568325556,0.002272547224750918,0.019131598620354257,-0.005497508785824766,-0.01846941148148638,0.007783693478486894,0.007437238318602712,0.009305430678587037,0.003958545884399126,-0.004978417313784635,-0.018172384660696976,0.010911756557169442,-0.01861405301172662,0.028529550660183735,0.007712387368351436,-0.017041985444643186,0.007701823152032794,0.014952792693883476,0.00020792624436575597,-0.00423439086715425,0.04539070356019653,-0.023105165299798495,-0.0028226904692534483,-0.011536268159278548,-0.023217414402801465,0.00949950874364917,-0.028755055012163622,-0.014333404137248774,-0.0017906450253883468,-0.02295722998267118,0.022552404715912164,0.02729844578935359,-0.02406425210080228,0.02365136817959144,-0.016563029626597312,0.023478243091845825,-0.007611967565189622,-0.013872111143060152,-0.03780496327154264,0.0086148945284568,0.03438526428176819,-0.0359373114584793,-0.008835464411199012,0.004700115341629261,-0.008897864163179637,0.009076645350466123,-0.021149496983836325,-0.00026112332095163125,0.015618659611455029,-0.01012850320451695,-0.005757549238330465,0.008698142827353542,-0.023976220500742974,-0.014982625491295578,-0.017121255737644298,-0.0272187497077806,0.0029371188757112364,0.023702465113612414,0.005743332136054714,0.011826139644312656,0.008907811946467113,-0.02449148523597069,-0.008375496214454513,0.022482067062225625,0.02315891582243554,0.008444655425705501,-0.015796154876508726
2021-08-03,-0.02420273459408967,-0.0115390797431999,0.016895452798855973,0.004777661160827519,0.03697254463994355,0.0019050341727946743,0.028688357211990978,0.010139811746713478,-0.007235765803103037,-0.01669122737400031,-0.01956735751310867,0.006960350476253698,0.003359177923097636,-0.054301963879943634,0.002938073458317322,0.02897720752628977,0.000662562433418651,0.006709873042987805,0.037971108977439536,0.02852265639190002,0.0015484234728566251,-0.020137773928553628,0.004062592105189518,-0.00038319178516224524,0.018637448952920816,0.00669073703743738,-0.02000281669027592,-0.033841111703946,-0.040276937459891984,-0.0019549274786065784,0.016758719716994993,0.006356338101436258,0.023175334718650593,-0.0159848705592598,0.0006734818830436045,0.005203864005656766,0.004752232517550426,-0.025777873139345694,-0.021073737395203084,-0.011477367495972295,0.03480697465844994,-0.01956559004655802,0.024897975986735325,0.0060130434345967,0.001097721700520896,0.0005636341772769412,-0.002737516128000091,0.003862319325162382,0.005667360284065629,0.011653047569036755,0.009347123922887541,0.011450975394511762,-0.005610596404779693,0.007367168255810417,0.014340606141990057,-0.023017915688955806,0.017980745490132802,-0.022240349750233573,0.0006237102516098427,-0.010131829910482844,-0.013391873687038366,-0.04487212418813836,-0.020948044256719953,-0.009570774246134636,-0.0019026193646651196,-0.027618442968430607,-0.004503051587740521,-0.009539902415179461,0.021373707129655563,-0.0029356186194307746,-0.013831773274781873,-0.053226352290170545,0.04480272211724997,0.04388169472766629,0.018930316158385387,0.005672016378481082,0.009392639216301707,0.01995570044937966,-0.022101658273833903,0.020648194045662524
2021-08-04,0.011709358397380949,0.04696634448675506,0.0024979688537401044,-0.009142218700700018,-0.011204141489169556,0.014246876754450903,-0.008289730245002165,-0.044281226199647944,0.02457185933503616,0.014917302622341881,0.0011940887874474044,0.012554521062801305,-0.029353091273223476,-0.024016931875913895,0.01906620619532023,-0.013390071198536517,0.0008460284416873174,0.016116024282998107,0.01270257002303022,-0.017744385181081054,0.019561868552114295,0.012036039895745483,0.005841006839903141,-0.001711030910796613,-0.003414301158521113,0.01870103521903687,0.022768832062241024,0.021638461563439196,0.019370675577022427,0.006148107990537185,0.0007828020091081513,0.011100047444723583,0.029573721189498792,-0.001629464391810628,-0.015039818728909948,0.004019754237390007,-0.016148020630401248,-0.009805984495251763,-0.02489122787100595,0.009764945454026492,-0.0013436786312862534,0.010404153552821956,0.017581307254797843,0.019634218924961925,-0.0433636420465252,-0.02142517340354377,0.024092743514288854,-0.006033846115751959,0.008377136812585546,0.025127744859421448,0.006073565689635967,-0.04085991615565948,0.009707648442894262,-0.015276693599273104,0.00318017573288202,0.032069165245928226,-0.05172738978620707,-0.02377105470962946,-0.007979246304966428,-0.011494342114985883,-0.013409379565576371,0.002745065847748767,-0.011519467318603394,0.010923568774326568,-0.030468290329425215,0.024582886202196494,-0.017674634177329587,0.017362014814660112,-0.015973420402118414,-0.0006643913438837852,0.05800277659741086,-0.014724169235826314,0.002352047072537047,0.009101471766179061,0.007310131010590366,-0.016227161211021447,0.006085073031152,0.03176845556869663,0.010210724064403652,0.0029851384072959843
2021-08-05,-0.035495007872536455,-0.026973414233137653,-0.01987332267051244,-0.0033887125000398063,-0.004289275515016577,-0.013142309555680251,-0.006615262041844366,0.005870861333400197,-0.00179699987835448,0.008278216279051141,0.006864558578940351,0.06528579021738021,0.012446053548157462,-0.026203724786917477,0.016474110271310884,0.023917183138850384,0.02179240796678486,-0.022482321802409336,-0.0009600546335536076,-0.011343765972255258,-0.012629584087865374,-0.029440783991513158,-0.011989523589627063,0.011575676271700135,-0.027360253254761165,-0.006313911612568782,-0.03279866768481608,-0.014904835501104406,0.0032600617336902534,0.011833297059096503,-0.025577080166622676,0.02474498114756941,0.003390901359490108,0.026758728062624203,0.022818253005402505,-0.001976603331148233,0.007520675288345154,-0.005243023261169777,0.014026918538439683,0.01648737696579061,0.051540030499110864,-0.0032321059840989194,0.02133507659421424,0.013289685226707522,0.020087470158262063,0.0344948050598976,0.018237660172810245,0.01750584989385539,0.015028049230341104,0.008851441121264415,-0.04384931976947264,-0.009810040679142089,0.010795464537818185,-0.01936072335243732,0.0019638938962080184,-0.021853694422558037,0.04980628490889678,-0.008727047645709703,0.014446136794308003,-0.021571399482897893,-0.04205231985138425,0.008111261210463324,-0.0013664579322658283,0.04148524244912704,-0.020589833939184992,-0.00902522179003599,0.016834719906257956,-0.014952565910560165,0.0117490258224721,-4.7238876058708714e-05,-0.007873493825706696,-0.0031063168176083977,0.0556807625315382,-0.004020143203054575,0.014668868915451768,-0.006860651513145818,0.015023822097186697,-0.005686513123881949,0.012291321684983076,-0.005941792571206333
2021-08-06,0.004972026801001004,-0.02276394263397236,-0.002001425506054438,-0.016264418220876375,0.022810498473164253,0.022824770002192237,0.018426513273814418,0.02516166704007482,-0.01910790824344947,0.005085220043077372,0.018731008591754948,0.0018344604725396376,0.03564590527699886,0.020919557087134253,0.019220516171494697,0.02580385099874638,0.0034971659251780965,-0.007142712575530452,0.0202149986580612,0.01924165865482592,-0.0005587480532657481,-0.04616276610910696,-0.008871900513598622,-0.009781534377712326,0.0030408365336138184,-0.014501113384981806,0.0022728374065047307,0.025424823400248663,-0.0010760135721848418,0.005752439226976998,-0.025942904371571734,-0.012470634855488138,0.026404200405987913,-0.021386003599929388,0.00925398687431789,-0.01840309634151401,-0.011198344317232316,0.026284371521729542,0.004866804022621652,-0.009136502013768115,-0.03621790420150466,0.004173744762915866,0.004668621443434827,0.011162305924184768,0.014134843221747358,-0.00853217742449162,-0.013945400044775475,-0.02320690039464469,0.02079125257394659,0.025139090301343973,-0.021867632503417733,0.008389296776170889,-0.045376019123236536,-0.030271623067172394,0.010741509780983111,-0.01830347510820664,0.00552545865472454,-0.003318575555597094,0.025664414288608568,-0.005829449905878312,0.004541736313314326,0.041041020521722205,0.028394867189191292,-0.014738231268075885,0.010203001777654229,0.005473438537759303,0.03876393224261044,-0.07149575938305204,-0.006424436422291989,0.0007005202593465182,0.012258327318204474,-0.023162648566701274,0.008241123512570524,0.015852814444499107,0.03283968010181709,0.008742342977833486,0.011163449425055481,0.023624215412714214,-0.01322831770899116,0.016417022763395666
2021-08-09,-0.005983766802304757,-0.017287399632315886,-0.058048862583487335,-0.0006193757038467349,0.02103733384467777,0.003983530469603084,-0.0015259785460994667,-0.007276727334327993,0.00571624281022854,-0.008199064407013564,-0.04052642109512283,-0.011780617578122826,-0.00606073527973977,-0.027344996556854326,0.027920551003271444,-0.004471802802644423,-0.01586205831894996,0.007583203849372871,0.030842669081788576,0.023189959071472678,-0.005407466018116896,0.015202220350615086,-0.013047938824473887,-0.005469072476589224,0.0006783552261173937,0.03138638725738987,-0.04490593756481064,-0.033676857606854786,-0.0034846742056341895,-0.03644597165920826,-0.015313276951594903,0.02499156114808593,-0.03137306071828649,-0.01606774203570746,0.0038188412499443485,-0.0023711278637880105,-0.015315702439829772,0.03059033173458127,0.019679361682337974,0.003850652494010187,-0.0403990468547722,0.0064048985510169,-0.034615409642898574,0.04392251153692898,-0.019482924163224943,-0.006278618910719763,-0.03599992840921079,-0.029069384815074446,-0.0479875213513688,0.00461464308736417,0.03783447370437134,-0.00334985791123421,-0.0004935698732538394,0.05669485162509332,-0.027872050990146,-0.031216650700923325,-0.0030507101044444027,-0.006593523511187444,0.03256198021672255,-0.018551413134737373,0.00024455439299445763,-0.0014437963969219955,0.04212873265989563,-0.014640619343679563,-0.0021542374826452313,-0.02518286561652097,0.024990069693334963,-0.008841853126953295,0.011338853981400733,0.015416521408663633,0.030271493714255703,0.0019374956285583696,0.0005665111174043273,0.03157351517663817,-0.0058261266281986425,-0.00785206681877912,-0.003767306743506338,0.01687451215082275,0.02382949688143089,0.001944838051738992
2021-08-10,-0.028512563983530623,0.03591590802349795,-0.01730491587638737,0.013866020223552896,0.010470133173673795,-0.008022182551990789,0.04201778600743675,-0.017307929204398283,0.007776814741780715,-0.0191103931206726,0.02185475253486153,0.04090879605794246,-0.007490229995499005,0.002361046488295966,-0.017936127573316554,-0.010066972386380903,0.0012203205269714415,-0.03773551109584978,-0.03417984022515827,0.008552873545525893,-0.018540006276986137,-0.014774054249016809,0.015537393326018096,-0.009276527350111542,-0.03006640049016683,0.019176533386228184,0.014887424839333285,0.007464552263133355,0.0004355355311668436,0.0029840077406916737,0.051859751212636696,-0.02672191698481832,-0.01604986104182602,-0.026827914189330917,-0.01099901780794747,-0.030465273592810194,-0.05007821773924915,-0.0008869658096344414,0.025580310464674808,-0.0248917450080496,-0.059893378275090024,-0.0012517149728704653,-0.016875060553779547,-0.005252184138162348,0.021798461257939963,-0.00788100996147135,0.014250692328826952,-0.050305973531571686,-0.014653719799944467,-0.005239238811112199,0.015289714481684868,0.008202149544578784,-0.01124301025970564,-0.04720384089358128,0.04181670282846809,-0.01879164581948277,-0.01415863902963361,0.01858956856536066,-0.02993213091010476,0.003985449872074943,-0.01315682280381114,-0.0012002983567520479,0.022536398316773818,0.0038157829426822597,-0.001375260940066853,0.029414816558945015,-0.025877892463672187,-0.026331769525385258,-0.0033619211293518087,-0.00044647976922919825,-0.009082172716359633,0.01290527754133729,0.003410774659912953,-0.03926457247850836,-0.009267146246860609,-0.03052886073126237,0.01316541372922174,-0.007751888423705405,0.007143983927220772,0.011712908041603862
2021-08-11,-0.008384378566250673,0.0022634607455306616,-0.00991144344426544,0.016959650021757963,0.0003087821885506374,0.003039142581996748,-0.007397522749505532,0.007848065474159626,0.013404818789743228,-0.02008282461738483,-0.024569746357047544,-0.025896096415647288,0.02613721031959066,-0.0046215947382588765,0.005437182955854415,0.008740432422859384,0.01978544382472485,-0.01390319977440393,0.01188978259767298,0.021018069857661668,-0.011799099034937097,-0.02278218975220538,-0.005987383482382185,-0.00047551641427775445,-0.006784484115271278,0.011064468848384508,-0.005079538484617409,-0.009948499398146784,-0.010264468063357284,0.0013875509499834192,-0.024775832979310613,0.001064594502095076,-0.00125503967023794,-0.004106545059500027,0.04338055037557074,0.004242894978634626,0.006744028404893036,-0.02265720118122072,-0.013877712818632593,0.018619639434274075,-0.0003977603442284748,0.023225593473741417,-0.023402282134459107,-0.009905627288907813,-0.008743162542418173,0.02720397411004794,0.010505361164097051,0.015016378102843219,0.002308932313650538,-0.012159444121830343,-0.055780913127986435,-0.03393693564757587,0.005242345891406596,-0.03422913740780152,-0.03682361614024629,0.014549718657484525,-0.02100863402703856,0.047149106752901224,-0.0073123169778169066,-0.025586663174731558,-0.02395622519196126,0.0029515857391935784,0.0004678676827607328,-0.0017320351960842875,-0.003111836165992763,-0.04858261216279813,0.006404518455225681,0.01807977713486441,0.015300967832761057,0.03220777176412113,-0.020293983893282994,0.023870785478309703,0.012123605954565407,0.020669184287741157,0.0326000848766002,-0.005547799829116704,0.00392487605113554,-0.030489654197578764,0.04129992026945275,-0.015653838226618835
2021-08-12,0.02539004114788212,-0.00487727684984551,-0.006742438928443652,0.010323490650256194,-0.007029404865580449,0.021036667294611143,-0.005473897764239833,0.0038813900897221136,0.023334839372238972,0.009573330508492219,-0.025668069766224443,0.001739615406755151,-0.03301150119933308,0.005855200418296854,-0.017814306315405065,0.01933466640689015,0.012470407107566512,0.02313703924453821,0.028072382994988772,-0.009366022853147428,0.005904570542033741,0.043700508840780965,-0.013364164583082577,-0.006937336813202344,0.008636570779683182,-0.036911283650907914,-0.0018329356744408946,-0.010447964501306625,-0.008124416892423613,0.009111789880455337,0.021410380673788258,0.004530232087372804,0.012954446704369417,0.051412658402152166,0.011372654090097009,-0.05788954761922909,-0.011117727249345436,0.007094216553314765,0.016008087825742864,-0.0053746839087849595,-0.003695780477964324,0.005437354877358922,-0.004109746915949144,-0.007168788377857615,-0.0216490350729798,0.012916330616917254,0.009583648903963569,0.00506898805162483,-0.003314019661445395,0.007573307607471293,0.018465701084660155,-0.011044646167686172,-0.05565717919602783,-0.01503484369841016,-0.0024727937524544213,0.002531562187013031,0.01734487586527026,-0.011220162599003073,0.020381179318201416,-0.003171324774979401,-0.005321630887358051,0.012591905955099876,0.022997121148704808,0.007201486994603183,-0.005983239151968675,0.004272082075276271,0.0019461053087542722,0.051397094459703516,-0.030534841672714128,0.005793349471244694,0.01867902950065319,0.006460036405334404,-0.007641999801500266,-4.5492128820583355e-05,0.026455233228892296,-0.003704812112149977,-0.015036401158571579,0.009767672711040632,-0.014171518115041899,-0.02345909335572143
2021-08-13,0.013814269038036111,-0.018797314279072424,0.03744952268477377,0.0063063410318737545,0.006086358060002888,0.0031413329018413335,-0.01291675282768308,0.021053769585664354,0.001325883964384573,-0.014849742791962398,0.009521649795564094,0.008671380096395927,0.01334925143978059,0.014905022172884098,-0.03249266140239822,0.025272871807373226,-0.00046039968300405,-0.01311164782615998,-0.014176495284877908,0.01772918204272905,-0.016807652461265463,0.014554583479053257,0.033768229608918475,0.003309497751683169,0.03891702958767939,-0.0005917514845357464,0.030464855321502442,0.030933582173796634,-0.016791389268094443,-0.0007683734320107122,0.019568883106569103,0.024041583796799135,-0.03744546585495926,-0.016943270214872165,0.022393240401548883,-0.028908600510946552,0.04128997238933628,0.01634848445726272,0.009001675714348886,-0.010528612887424805,0.008161977221297552,-0.02495869364768494,0.004031332214661797,0.018831229776353535,0.0006141198342432616,0.0038609924679309784,-0.025739093257315413,-0.01209580249597949,0.0185547580328929,0.045510802125721436,0.028896598836169022,0.041566633077852536,0.010965277247050383,-0.022708872773961355,0.01718623806503056,0.002306037394674349,0.007226905860933862,-0.03149096821756437,-0.018217446935259448,-0.03417400274983045,-0.009896369859398995,-0.026347577547972376,0.008939672666943286,-0.013751627816252956,-0.00799233474245598,-0.019048413449767015,0.015995976355556798,0.00565961885772216,0.0020004033999110795,0.019322761838968153,-0.021177180946771713,0.011344965658876707,-0.006529900405267539,0.014571472843938137,0.018166833121098246,0.019122757367954164,0.011706718789397427,0.029224880693905855,0.005919436672022441,-0.010251882888732815
2021-08-16,-0.0184398620889599,0.021181606472924195,-0.0030004240129621017,-0.0005115826754243449,-0.012572268255277061,-0.0077021424658860645,0.0022076652104333705,0.010385517670120636,0.01771280988809936,0.0026830347081589438,-0.0016517692621624471,-0.011835949296317315,0.003964503865839233,-0.02963317126512456,0.03243651603092508,-0.059941468784870056,0.017884980139359574,-0.026110932559769123,0.0072339019873936304,-0.011715114255344104,-0.054435777989960146,-0.011400755344492372,0.01330103345436382,-0.020754525771209988,0.0038435274407174454,-0.012642483835485867,-0.024305009470399472,-0.01739857325259234,-0.00024625374489524324,-0.01026244799162613,0.023244716372155284,0.007467664644549056,-0.0055151451349929005,-0.012751922852378096,-0.007314106301038243,-0.006947995241250631,0.009527492785733732,0.012562717431243358,-0.02554297467427316,0.014072318205779736,-0.005174318614134679,-0.018473300219154963,-0.016571797559960477,-0.003434672189387408,-0.0026050058764218154,0.017566376390781194,-0.008105158249107593,-0.03156950472015262,0.03891935481340842,-0.010346495143378747,0.02102983886578378,0.0011318022902964062,0.03518897548658041,-0.0033897630568571167,0.004301395703307195,-0.01922784343266186,-0.006481631589379839,0.020193164204714568,0.030566689592467635,0.023711405193632334,0.015027164981002091,0.037396006233103456,-0.02003821806868493,-0.034972972043780116,0.022841437901350802,0.01907738434372712,0.028260568649686877,-0.007515154782628287,-0.014579767443570972,0.025796079240503703,0.02656299949948742,-0.008614696499537453,-0.012619205539471181,-0.008108788882076555,-0.015822967807283806,0.009329352026473054,0.022054514103128336,-0.00736251228400677,-0.007745961491795894,-0.005523365371865936
2021-08-17,0.020349569801694892,-0.007821915729890758,0.020507218183682185,0.006779175874277108,0.0035882297373128324,0.022662732777564646,0.012848549581673857,-0.022972204059026384,-0.010897947932902862,0.017641899291048705,-0.006546999206451925,-0.028421667541991342,0.0019943969223509364,-0.04134532138116736,0.0005893143729203844,0.01815527995938507,-0.004131640606396011,-0.015427680628283145,0.024635254188384297,-0.007433443702179274,0.036031060625252576,0.001231320766271233,-0.008461746871949359,0.010176661968211912,0.01701469149610973,-0.028723680049674398,-0.03200267982928111,-0.028828675202161414,0.004537373853815629,0.00792340408569812,-0.010330096007084398,0.0005900709278408941,0.03338996315830611,0.018755251890995146,-0.03505651680784568,-0.03700685240810093,0.0018509171211773725,0.02088043749646789,0.0016908779320833644,-0.01645605524215511,0.0017847442284824665,-0.003113030907289336,-0.030883568138354793,0.024014037610736783,-0.017309583261568017,0.024668293058365036,0.0042436764942110575,0.0057176579461180035,0.0003339254988558122,0.004575734364901079,0.021586057890820267,0.01382538636577796,-0.0037028109224132573,0.019662370381698838,0.020869966900900715,0.004191152626060793,0.011155740574384617,-0.027638846143544227,-0.003821303403490039,0.043260600137254954,0.04265095127043638,-0.00019350560928302687,-0.014302778635939243,0.0012398549197279458,-0.024606085984880944,0.0010288296658947612,-0.006871506582392203,0.009165895523400336,0.04601223210994168,-0.009926090822895415,0.004666050517260458,-0.0068637261844821905,0.018635311047321884,0.011969265370181646,0.031107922993406537,0.0005718845378755758,0.011101489469559463,0.01721838057761127,-0.01170829376467069,-0.012336598245885063
2021-08-18,0.0009284789878146373,0.026464894823243146,0.002322862831830884,0.01734781939815785,0.025664123916755207,0.002408973189725631,0.012698145478881191,-0.025473786035677237,-0.011590805050753644,0.009365386392213725,-0.00473798307974852,0.02562332435222355,-0.015610377066263477,0.008137915145926003,0.0480960955053208,-0.008888677761408436,0.018576628103082114,0.008182996898301051,-0.004695218577313191,0.020317518767644396,-0.001773851907346158,0.010354534463957309,-0.020703080525206308,-0.02191221555671646,0.0002488605693173563,-0.023185697178415694,-0.015649807730074156,-0.021152841550020493,-0.0014297997344334778,0.00032948418923741616,0.018545078801019903,0.04750782027096959,0.006061405423360852,0.008740704400768138,0.009368092479430823,-0.012194287207473302,-0.0005316257713247089,-0.006774412885520982,-0.013113123614117303,-0.005101683191268828,0.009135252306919875,0.030045836426298052,0.002299207952036596,0.01226727492859793,0.0050667306436749816,-0.01365913692792195,0.016957915781774628,0.02611137340729796,0.009787764842934867,-0.005207264375494247,0.027048724380135204,0.016355198268004398,-0.015077753491730222,0.00840402732688668,0.011373615093850058,-0.03665938838664395,-0.02973299478985505,0.013317557481671665,-0.01311060861922291,0.0037568546667883468,-0.04149339066479667,0.016078300314812558,0.03392145108735045,-0.0037575165354593798,0.026398923654514708,0.004686136593916156,-0.002513435084113946,0.005449548119246889,0.013120470754047866,0.007272112105678919,-0.0021080902783193927,-0.02604044590583578,0.010446266960993919,0.03135709002790231,-0.0011880270802088059,0.011439774704491734,0.006778680942794505,-0.01212832198968697,-0.004253889988283106,0.015677849575950486
2021-08-19,-0.03403963354837011,-0.010716163697017445,0.03156162100269837,0.022814951977864525,-0.010893676752652171,0.0017472623014553202,-0.026025306174632366,0.020130216684765417,0.001180063645244615,0.0034413434142208845,-0.0047769291337996555,-0.006319570438269258,0.035903655262520366,-0.010027960412714549,0.007048833079993619,-0.04543227567957324,0.01707491915130323,-0.014674597167250074,-0.013334486251509051,0.00339897039395593,-0.003974710522571542,0.016556196639861583,-0.002776688643313194,-0.02292150647945852,-0.018717115002111383,0.011507756784356138,0.03854048642500401,-0.025623396025414764,-0.007585112710769647,-0.018636897843026034,-0.023373000937340828,0.038741615858563665,0.0010541921365732469,-0.000919563091510259,0.04800357003444692,0.018838773370602965,-0.009708398381550522,-0.0055295729867762145,0.061198725378776846,-0.010943700075252706,-0.025300401778380152,-0.008978211801636259,0.004386079137803041,0.009936346753414082,-0.01802591187716099,-0.0034142096743293745,0.0294503732117963,0.006384949486149552,0.023228703685343084,-0.011652913614057292,-0.01660245693654217,0.0012420335517555542,0.013574710334314042,-0.015708250618851366,0.00035170042471020075,0.01909963886998275,0.007523538563721994,0.00024468958492446675,-0.01444191475182399,-0.004868742949473774,-0.013994663204554208,-0.0013496091548553272,0.01472015533410814,0.014790519322211773,-0.01901032834365268,0.01099152551704452,-0.008013167853806428,-0.002525972010261261,0.01218665645320408,-0.024474941098919924,-0.014393821006011664,0.0011283186009858352,0.03894996029441341,-0.030833486676542416,0.0027019438311125517,-0.01711176307896348,0.027005796367288948,0.013216929293082451,-0.022917258627214672,-0.016569573189176654
2021-08-20,-0.0030595817071242468,0.04683663931519321,0.0036394337594233828,0.027342256595758452,0.027575159543860014,0.02859081657073915,-0.026416635375560573,0.005426190123452187,0.020487348738986343,-0.023422796615929192,0.0332777614481694,-0.01292986232875016,-0.0003900613178493161,-0.0048564074378844215,0.019220504247968544,-0.030741003094457868,-0.0352494534151732,0.012151550056822065,-0.019804079474074084,0.008153054164473298,0.0045700211777797255,0.02143399429260725,0.010199264381925375,-0.05274286091315104,0.009938938664367675,0.022943070032626293,-0.006145813677615046,-0.013112088534700575,0.018980325810068192,-0.00588992684442767,0.011329133297998027,-0.017240943985176057,0.008770135265453638,-0.032562585984907896,0.013576385830876897,-0.06642976797399987,-0.0005357824592287944,-0.026708613354049664,0.004338254088416638,0.022327150680225113,0.0018391204885930116,-0.003664227758098637,-0.004555049074360893,-0.005416026492380453,-0.009516997572280151,0.014121669851863508,-0.008266828077881672,0.03322177790598291,0.010172047280032601,-0.0016440961358537543,-0.018632725358430708,-0.011232947135485815,0.021672639320144876,-0.05475882520978443,0.0012807746695783484,-0.03352357133459121,0.02564952775467556,0.013803576372743891,-0.013580648119429297,-0.01929402679210557,0.006886175709696315,0.006959503279353081,0.019379676751201662,-0.0010859883160503267,0.006491367771925487,0.01719841842258169,-0.015316446754487994,0.029206017520370667,0.011879318324358113,-0.01120824528413699,-0.003875193222018933,0.0042487571882384445,0.0021368124743934395,-0.004763348746684009,-0.02255482869933627,0.012927310289895353,-0.015937095891807886,-0.0012649625374404623,0.007262938229645603,0.02427623457926832
2021-08-23,-0.012750973233603037,-0.02828503958511938,0.026313591153365484,0.01814546288073775,0.005544615016381852,-0.0380303274685117,0.01903601001595928,-0.02325592428149101,0.006986906388832647,0.0081502314565503,0.0013470259556156142,-0.04014496448127619,-0.007471193615953667,-0.002623655717306457,-0.00020974857221327467,-0.02877380829624381,-0.024245942672443618,0.022349505031682367,0.03824698435184002,0.023806954254725843,-0.005089721428979164,0.016898918828874485,0.005827259590719493,0.025191851087572367,-0.02401239224646935,0.029827829198512915,0.003589019699899755,-0.0021029015882328634,-0.022488937636241192,-0.0001984650298505597,-0.03234562997651049,-0.0074747286911167835,0.007521428482546433,0.005103021207927066,-0.03456701853003516,0.005781003314859142,-0.015517792861974883,0.006648312601156378,0.0030250551471803955,-0.02635468197660641,-0.006027506164483458,0.012793865843685488,0.03503547771007169,0.023746959556519922,-0.007489922161419079,0.006818208171464294,-0.00910183341300203,-0.0065625321231864,0.006402159986526831,-0.0051782131903695666,-0.003454172241437328,-0.004023716802063532,0.0230894332548934,-0.058804076587494584,0.016042764662089114,-0.040989114830504755,-0.014779876066669764,-0.019474102773922697,0.01348980575990097,0.02608693363880795,-0.011425186659347912,-0.03800925260879861,-0.01667293611993698,-0.0053117417729444906,-0.0057876851423424485,0.01076568801520411,-0.004418701409101076,-0.03055677194524777,0.0010489995858366562,0.004947411661267796,0.010437322380293726,0.00010440160014857764,-0.0008158829621298805,0.010174008335658732,-0.006302398289388178,-0.024096155016091893,0.02719102525062276,-0.003170645582308147,-0.0065449047726419615,0.011473365828678767
2021-08-24,0.02535644824545254,-0.010281793039388481,-0.017583994703818356,-0.016803116435482133,0.004551039084208544,-0.014681529333215213,0.002955240780616073,0.01139373616119919,-0.0014577783705325524,0.009494057453326297,0.025222125578890236,0.017307294004342423,-0.01694524214911896,0.006424855505580878,0.018435988231058013,0.022033493570999256,-0.027290579660720647,0.030247502749914102,0.023776857364117724,0.016928263223186062,0.009660958245230772,0.012785993689816713,0.0037893742236949834,-0.020097823889073378,-0.014958380566767885,0.023210129734122762,-0.0029727720262236372,0.02675308574214444,-0.037014203607976325,-0.0256501239223361,-0.027917876761669118,-0.02144560845426265,0.017304564961949712,-0.03005412232237352,-0.0002759646989432824,0.0034818346297188596,-0.026216432517855773,0.02515573170014733,0.020032087395337284,-0.01579539371018051,-0.009664533735343945,0.002431451215642972,-0.04775716554530333,0.008153002274808797,0.005348722640919924,0.0047378618389757,0.008345173744593168,0.0026549920474693155,-0.01467136654571185,0.015347921047099446,0.009543964358878951,-0.009619768228111216,-0.008133035060565858,0.0074896213521323815,-0.00142887737124286,-0.014032525714799631,0.0002710402194064404,0.0006656009799862485,0.0024517871681688386,-0.002107146530985531,0.028825141853066477,0.002799544547122612,0.006080519947453942,-0.01950763557863007,-0.043704419073157495,0.0009133832074298665,-0.016565522950885234,-0.004912203320753552,0.0132701552927741,-0.0061605431485803165,-0.003605584683900437,-0.029553473615978956,-0.007473841661965537,-0.01342211387085615,0.01705287497261888,-0.017831299181632364,-0.010155277530544595,-0.02866789535284573,0.028520629350362536,-0.03359754702261072
2021-08-25,0.016752867763474837,0.003487062234530992,0.0077946178998067606,0.02484665886114369,0.03297131402408459,-0.02459018482943978,-0.018375371222431717,-0.01186321797418554,0.01993116298348569,0.0028164280706754335,-0.022071979183718088,0.017472074884188872,0.017508188508355237,-0.02016979488883974,-0.015131065080943756,0.03160367332548979,-0.022531883459210925,0.012717030894257068,-0.016058168202651428,0.008537372999213142,-0.008144985273828011,0.0026931602741661616,-0.04497165211853094,-0.02929250308595645,0.026158562737350476,-0.005508902517533497,-0.006456568263813566,0.0128396884735236,0.032137228089949975,-0.007549005210157507,0.01230698859133332,0.019807134478812116,-0.008831586803873685,-0.014235342244583202,-0.027619763244751003,0.01710946736340836,-0.025107053844383956,-0.02094433472857686,-0.006249810222023408,0.006374715040093466,-0.012967665190711103,0.00365867360476747,-0.003803635467157879,-0.03663383226822643,-0.008152339944455408,-0.023057185731691254,0.018015221840957496,-0.003661827652057648,0.0006387455915718386,0.011087262756408554,0.04563237961958852,-0.006928658464714942,-0.045937382215066005,0.017484663657458314,-0.027379677348780433,-0.023359756968792236,0.015985676677580805,0.0049950089960610474,-0.0002584112261849448,-0.01679996334411015,0.006057439277527753,-0.017463569073826794,-0.018846540892837892,-0.007326667957663087,-0.0011278556943042604,0.002386293252815063,0.03008362845209977,-0.014877404927072941,0.02866400891555864,-0.01654389202748916,-0.03094243942712503,0.05589126795443553,-0.002401163719340271,-0.007217589524724128,-0.004940980388971401,0.03400843456999692,-0.022681248345726376,0.03437233923061774,0.003840595507248838,0.0022417988831506326
2021-08-26,0.020092100510102188,0.0022211908175620416,0.0035692449677197638,-0.011050318628965165,0.03346981890984662,-0.008680157846237152,0.013325936228378268,-0.01642248718812679,0.011453930180950714,0.03898925136918583,-0.03861570722059324,-0.015878820852509978,-0.02025631275681871,0.036172186200142765,0.007548882810408591,-0.013257132619994288,-0.006706037076105826,0.014619943454593219,-0.018132643281907584,-0.021233808486160636,-0.013300020514790852,0.015895407866355717,-0.02639607306215698,-0.008946717561878327,-0.0029481604937558036,0.02829911035796715,7.918731426206177e-06,0.0009813036630115914,0.015013529551290067,0.019498082085261197,0.009302774582139729,-0.019869016665568808,-0.009805094781526346,-0.04061102896725095,-0.001481050648099518,0.013398586731338463,-0.014803627488310486,-0.0327463886119341,0.01758176805734281,-0.0008850096958451399,-0.03430612497342965,0.03212001787162737,-0.0367097678219336,-0.013360810609643965,-0.017027119899552207,0.0026779816798931733,0.030875699646137816,0.016849333434888796,-0.004725573757986906,0.00721844782531525,0.005634925288906666,0.056051433748083544,0.0017604689435567812,0.0016955108260375432,-0.020817285425807845,0.001811442104405609,0.011844009576767595,0.01348996085309304,-0.027305672496555928,0.015719345112576215,0.05374370264404961,-0.034843630162326625,-0.02215852385618314,0.012814594341162219,0.004383104103404584,-0.019624408938575186,0.008620108902031196,0.01403105452890858,0.008241660886545814,-0.014472953768007297,0.03152345396416261,0.03376751693977597,-0.030486051085234826,0.044901948141875814,-0.008529931821970841,-0.03621893089287103,-0.008481164126808653,-0.0015103770196403313,0.011629579370167896,-0.008301236128081814
2021-08-27,0.007069355098115399,0.009615356962313894,-0.027422851108387325,0.007942490045767765,0.026240591649617253,-0.005711082661694365,0.010930004876357915,-0.0019395155406612824,-0.008984885708910165,-0.011803129287924811,-0.012407625507689488,-0.0018936812298904785,0.016237003869099726,0.013237710468080676,-0.005961860792599189,-0.020922212002150026,0.01588185964448084,-0.0008195167621599006,0.01808868701353016,-0.0004899202903451595,-0.013984297592802728,0.011801942638980729,0.0043029978625491044,-0.030912367655606704,-0.003708132675597542,0.023034207249214865,-0.01030465436165983,0.00670560349577356,-0.04230677028698452,0.015258710370349893,0.0002208621876093415,0.011219514353986793,0.01714300054069844,0.03195594554017137,-0.021834165618753763,-0.01759541548008091,0.0028581813867668867,0.041047780256886546,-0.03273810216660208,-0.014639370393719986,0.010439511417286622,0.02706979549670493,0.02333588530479747,0.00723545828323495,-0.010175475733824964,-0.006139140132471667,0.015382279812387505,-0.017328284868128443,-0.0025108560349084443,-0.023348849181027954,-0.007396840206242189,0.020801447120551875,0.005464670956661351,-0.03575506765435999,-0.02608231699830115,-0.010292173562048907,-0.003063927976792409,-0.015527425693536831,0.006996877809330969,-0.0013460830979244052,-0.027717544505392003,0.010326642578955101,-0.019455429474120937,-0.021323872146825965,0.00791144776608315,-0.010167692362684227,0.052419986634094126,0.023958254263642353,-0.0077801637872355394,-0.010408411806455234,0.012441182917328042,0.009942132873358643,0.024303501593741613,0.01924693198764139,0.018212409686392064,-0.0422967386140592,-0.02276892342512171,-0.036048280809535954,-0.01714789392275157,0.0005818400697514176
2021-08-30,-0.024778535204082762,-0.0005665266580308741,-0.019413368984927147,-0.01005704709026881,-0.03141930735881459,0.019830445561011663,-0.004025992446988491,-0.012513185428849181,-0.009395936825120048,-0.02168010153964286,-0.050952133453241046,-0.017952499516234094,0.031303316963401044,-0.019922066727793588,-0.0006737934340892565,0.04874609248020339,0.024681734898444684,-0.01383028242880351,0.003979708602787376,0.0018950065468792238,0.004458529888599055,0.011069340579880925,0.02184509993802686,-0.009734152763554368,0.01686351049462622,0.02645336790797129,-0.014712290873433445,-0.006651260042993562,0.013742565382229571,-0.04221482777361036,-0.05482515483911838,-0.004669878491312022,0.01501579338112489,-0.01121497203965546,-0.01671742622158201,-0.016186157540828267,-0.034676526731568263,-0.023604991466664643,-0.007740469099998139,-0.0426797291578418,0.011457062882912069,0.008267472042972339,-0.006698301415654647,0.002137403576172873,-0.01963912515083652,-0.012780045086067011,-0.00909327825949789,-0.004420045990572603,0.00221226060090075,-0.00648439326683803,-0.010119440230929732,-0.026940431023421,-0.0006468453912163294,0.008518590611281582,0.03191719596005124,0.01572760500982324,-0.024448615741504375,-0.0005630118048213763,0.006796593616014368,0.0469933530407531,-0.00968852112858865,0.015592327371912969,-0.026017584230545357,-0.007459530694292999,0.011337437067627807,-0.005818261578999864,0.0012771517740060223,0.008646080061571177,-0.029037503932710394,-0.017701241290311854,0.013181081937184496,0.0014061479955737707,-0.013509355040778229,0.014352037455512032,0.04290973534740581,0.01252414866509959,-0.027780492259102025,-0.004953876603137615,-0.010287823169148232,-0.024183864415407978
2021-08-31,0.0010498855338973642,0.037193193880896334,0.004650525212878912,0.05203705419687943,0.0040068856009683775,0.015709554190895807,-0.003050114507918901,-0.0010921664755954071,0.0020951801840636618,-0.0042559858619968605,0.027174871328998845,0.03180975522575556,-0.003696005978179709,-0.0018853268250773117,0.010792237973073196,-0.031946506810454675,-0.017910049042426792,-0.04291664010341771,0.014219388132214655,0.0018881201390340502,0.006090547208361519,-0.01700175115175184,-0.01587731910532529,-0.0022645333318174333,0.020203832927269155,0.000568322106599449,-0.0011484746926165757,-0.01633327410774046,0.04307143097284504,-0.013500912298215005,-0.02117823325484624,0.004915660520736232,-0.006109524166221507,0.012321597998658514,0.02510543636098314,-0.012956512380421193,0.008500709720687316,0.014104101727508036,0.019082677300266394,-0.02282588937558959,0.02317155276368124,-0.011495289330619734,-0.01306435055761962,-0.04970426547784504,-0.00029738295119944604,0.009488193151845606,0.016148785817729522,-0.033042394966345506,-0.0028546342002010363,0.012434457553982656,-0.0006302855433065942,-0.017760900727012335,0.01805793425742685,0.01272145385193156,-0.01039064013618546,0.00530776305384155,-0.0008070886901437829,-0.013728630525766557,-0.035546760517718656,0.014029618603521395,0.0021466929098708986,-0.018493602605266637,0.016045730917154367,-0.01840917284835816,0.0064047136559311725,-0.020528351853525306,-0.02196598979390485,0.007103487084100187,-0.0009306713205055684,0.0034642752556608876,0.01739923587594471,-0.014328917518846697,0.0034686803153564233,-0.007947807016239684,-0.008615057805734964,-0.0022135298082557307,0.004938763145604002,0.04463774700137165,-0.0020835665931307557,0.005762015219319212
2021-09-01,0.0018306085594640576,0.001969663307575831,0.009614800656935842,-0.012831664996089965,0.001674524186320764,-0.008686428146167406,-0.0018131376104344316,0.006623027771728702,-0.004910399642956891,0.02858448008324332,-0.007983297420295984,-0.02110223070017404,0.016575707910045732,-0.03285176268770425,-0.007969131406461006,-2.0554920679971405e-06,0.0013294597586167806,0.0347636223015268,0.006829505319096902,0.002578620880767778,-0.02022130047284967,-0.002407958973582076,0.00018486527045680386,0.028593331519575407,0.030544068860195523,0.009971257586513666,0.008414112864399505,0.003047859570588013,-0.010450422889207374,-0.06255473147824692,-0.0064534131631396475,-0.0008280075079166157,-0.001574856892011091,0.0370437084350699,-0.02443907394795514,0.006049004438708784,-0.01377722530164859,-0.016253048598189927,0.01179525613538605,0.016226079401525487,0.02106857626599502,-0.012159323718985142,0.007805161942235198,0.011111715663996487,0.012777716960833057,0.01371311482282415,-0.0027419443164757086,0.015576418348010695,-0.014099339521173615,-0.03459108119001159,0.026623093109410606,0.005633461959035687,-0.00681717359548837,0.0597959050673819,0.04405057174927994,-0.008346456745018457,0.025118831300677824,-0.007272561505793802,0.020771311043000278,0.0014121005579558954,-0.01074909249604078,-0.021893971064044872,0.017306594870517215,-0.0050542293205669666,-0.04307156881514125,-0.005034377704447891,-0.016320481515926254,0.023551566688673243,0.011053958965677844,0.020109147542911213,0.018840982850559473,0.005908192779897423,-0.03325116247229854,0.0017792331931974095,0.016761912876692188,-0.004941298100449238,-0.013969258711267876,0.002887030719269644,0.0076047055353191395,-0.009757854466502498
2021-09-02,0.03966954393592057,-0.0017787838262767024,0.009771594932121371,-0.010418809204043767,-0.025238804748581804,0.000645852946935602,0.023172048676010533,0.00833008672724586,0.005754800492451086,-0.01212428094334064,-0.03065884314195656,-0.0014156109980083956,0.046977519408284596,0.018665238084678543,-0.04072821903395577,0.02711337316454578,0.011474842855616656,0.026561279247225414,0.046837698539397066,0.009178001438922787,0.0005392310615460085,0.0019406304954443486,-0.019951641089902574,-0.019119435843102457,-0.0065215573786411365,-0.0006828521638024668,0.029760713608748882,0.010888919105224019,0.008604683791835986,0.0015355158307856504,0.00926521299274045,0.006668164052699849,0.01111189570166367,-0.016971936272398513,-0.0019445558324878843,-0.019571743365629536,-0.04591502623911835,-0.0178763435283289,-0.020834768451759914,0.011397389604401533,0.012747007762822933,0.02958497992479512,0.046330392393952965,0.021130880435907093,-0.009728098736669714,-0.01804987563182276,0.014360925159438414,0.020739023102445794,-0.009986098519702663,-0.01806822465522987,0.008040587663473183,0.015083827360829706,-0.020404161130431277,-0.00423364848494824,-0.00029890603348401817,-0.010409670945835453,-0.001315210610756941,0.0037372240886591104,-0.019828456742813683,-0.01122382262225659,0.023354257477837762,-0.040336194931315454,0.010109316704831705,-0.02782959041174918,-0.033518828475510395,-0.014202663821592932,0.00218181470625635,-0.0077702616114751,-0.022240500006671465,0.006022373007784491,0.033996559769708994,0.009396639407407023,-0.00664888961162865,0.028772603237326617,-0.011879825690629245,-0.0017629051162469493,0.03912507881455393,-0.01546342280806468,-0.02450817383179532,-0.023649376595149065
2021-09-03,0.006776505459656143,0.03919592778960381,0.014133076342841657,0.012261837951886706,-0.007999058980841026,0.01689042768838813,-0.01552424472286744,0.006783190121388175,0.01874594617724871,-0.03382077653034834,-0.019125778253287182,0.012673942949265563,0.008409017032769315,-0.06872124779336045,0.030087696751137726,0.025051507428856427,0.00634748432337314,0.014137272662984524,-0.03593566491753785,0.032712590015505624,0.002591894855486398,-0.0046372804664931225,0.010241344088205857,-0.014865809763222102,0.011696761340753717,-0.02401376481938958,-0.008674884544164268,0.004627867092542663,0.017020183274709694,0.0336328389575361,0.01192078958785398,-0.0033766829862264636,0.00623982209877553,0.032138998752168656,-0.016704234725788428,0.0027072086724588117,-0.01595737156398443,-0.024670716922422287,-0.0046617933484209405,0.025091021004930984,-0.0019373121519018315,-0.010215809035262069,-0.0213449541159642,-0.01581684287193792,-0.008342992765156113,-0.01023887812083796,0.017262779969808375,0.009930436725378492,-0.009639587537499252,0.01666123758294042,0.04976270993868161,0.0372614244952516,-0.0072222726773015266,-0.010810124164895974,-0.011290428090637836,0.001322361619878591,-0.015578731764432925,-0.0035054136177215547,0.0010575547207637404,0.02162751735270718,-0.025244061932555257,0.02695102352144144,-0.004224353018350507,-0.024719650473307753,-0.011728091559216142,0.009208281876230547,-0.022826636376881967,0.024760664373897373,-0.009140193520482278,-0.026757594904656772,-0.0037381831371749385,0.020291469338314175,0.02641161210855157,-0.0023331553980857358,-0.018505708559237378,0.003505688817094704,0.005851477163556284,-0.0051321670654216845,-0.052890235720578015,-0.00943192903019937
2021-09-07,0.005301796154196059,-0.023395536040120676,0.01270785917116177,-0.018740719386407756,-0.01424970491627238,0.007530903065316801,-0.019786732038300073,0.009265805214558378,0.017023640860436978,-0.05094884704080345,0.0023443451214587552,-0.025938636710024977,-0.012552319824415742,-0.017661745100219874,0.016989812100923717,-0.004385465706277684,0.005691957600283126,-0.013418271023829517,-0.004167417867047751,-0.01025767139123576,0.024749420334327882,0.04962310433112064,-0.009207503881568414,0.0020554045321432837,-0.0066230798633751765,0.01526604763207259,0.004350124744410688,0.00660022216199745,-0.011418135364209518,0.008404564715925334,0.01754678731015749,0.007495751129957104,0.004037811880111728,-0.007372496821685796,-0.021818234224765986,-0.052379546420521436,-0.01346203312993872,-0.008633066143653102,0.02570451224998302,0.01651265195204121,0.015299337280840215,-0.00999236840337496,-0.002961118296156079,0.03176232103718749,-0.028660021830662026,0.020394608711493137,0.03190824393417245,-0.01894365926857454,-5.346345927639265e-05,0.00864987255623456,-0.008139079775862115,0.019181959816970014,-0.0044993151838001125,-0.0034798653680225815,0.0016965135512702764,0.002251911470112528,-0.006593885154598481,-0.02357352710646158,0.0004754737467473204,0.013738488029479825,-0.010084129315477057,-0.0009472275569200342,0.03827953675013752,-0.018950781175783752,-0.039240663409234426,-0.045904044385266365,-0.010775933730981043,0.018161037575418388,-0.015842659104437516,0.002226605016081701,0.031865742624474294,-0.004824206836352394,0.008321606401628188,0.01867931176132231,0.027259109953016215,-0.007755986226589232,0.009139666988622367,-0.00045968296442724303,0.00520829195022721,0.011622470155151195
2021-09-08,0.026427548148329944,0.0009126489263396129,-0.034561408204249494,0.004877582986646154,-0.013479398342076612,0.00553232172589899,-0.04878837229673703,-0.01934120351461946,-0.016645870215923987,0.024955066844832216,-0.00814768646125638,0.0017009209565717052,-0.009169569219682627,0.025407720562579603,-0.01792840765893273,-0.015391374288093701,0.02334273688623282,-0.017334907866888908,-0.007920545257358231,-0.03736622622278291,0.021003239895554093,0.017025054769774072,-0.02384193104486,0.004522769742918489,-0.014445835683433881,-0.01040412179594691,0.014473954808053132,0.003534044224534353,0.015607329891381186,0.029566898540893973,0.017549166303762794,0.013100829718046287,0.02510333982662389,0.004645215484293405,-0.02997618779566651,-0.03957275528644706,-0.013626026354829847,0.00561618166689652,-0.02787992153699273,0.03581886252431482,-0.011650146128291612,-0.011587181971941593,-0.019268549313473483,0.002043714231697896,-0.0021159856154833764,0.020440134382707708,-0.015390424139658663,-0.00726014209743077,0.011980002424617383,0.005266967155033276,0.024326617053239474,0.035562283440974014,-0.015871857304190412,0.010206494326824916,-0.02008414018738413,0.00014006561414768557,0.01224528370555016,-0.041517395680876035,0.017920356021851113,0.005341766201551761,-0.0005028177631617072,0.0008322554315719124,-0.04209220273697838,0.003698983174982218,-0.01467455609171526,-0.012148329883545746,0.017602487797143757,0.007871850645229366,-0.012445649725092225,0.00495281821236934,-0.018354281189748613,-0.009956679455526599,0.02905139803873662,-0.004242137574887462,0.04286560714931097,-0.014372176566254969,0.041875626295540085,-0.05540531920492362,0.0017372557103154057,0.01709747525841236
2021-09-09,0.017467300506528744,-0.010855635998669788,0.02425267951548033,0.01855340711520052,0.05301690637613365,0.006107433832494364,-0.02255055892000906,0.028655829101231343,-0.0422639829545465,-0.02942861433563825,0.015915531480511752,-0.006998137325774512,-0.007212387347822332,0.017683549227786116,-0.010425947901286573,0.01870909402469242,0.029150304238881243,0.002220020475830561,-0.010411941627294474,-0.0029488490317438392,-0.020090083448331776,-0.026730983835601827,-0.005961360494897906,-0.003523104574467082,0.0013249990899775463,0.001237645826214271,-0.007378612993947455,-0.003932026151194601,-0.013249001305305787,-0.04282924922866676,-0.016944695988641276,-0.009599500339386157,-0.004330520372262848,-0.04067496537976235,0.0025511112235625604,0.022398333928907027,0.0044470588367997235,-0.016004623755155118,-0.02194690119301649,0.016703241821069872,0.024266128616054053,-0.00036170201416217923,-0.0025090200102162326,0.016015440681843164,-0.0021433272564520237,-0.010894252013932937,0.02908867289150541,-0.012242304505749028,-0.019447011545840994,0.023551898271857816,-0.015077896053229858,0.010221664303471186,0.0029012299032344863,0.017568591696501063,-0.037474769430021315,0.015256289460370399,-0.03564896202800093,-0.017278187115328504,-0.008101494707281888,-0.038515362874112835,-0.002569141134165763,-0.0022854220658792028,-0.025723721384587665,0.00876977814677536,0.02783176607193695,0.014814301211970523,-0.008322589184601003,-0.04204048839422721,-0.011282851303081754,0.04147723944102327,-0.025959041486342028,0.005921656271253568,0.024344444168156443,-0.030061479922869713,0.021322336509530696,0.02647956618313655,-0.0014974893559385788,0.0039008007675055373,0.031506058040677486,-0.006838300119322841
2021-09-10,-0.025655591146066158,-0.014907571339827699,-0.023844967230581323,-0.004097715731588328,0.027144740611120835,0.03213526806715747,0.008039644043506863,0.0021060658081233853,-0.002815929175350573,-0.017961871895886578,0.011717828627396268,-0.000505774257432026,-0.0018326156872844508,-0.0029348914578967156,-0.01690821964422985,0.03302623520991676,0.012303586568578826,-0.019838710050062405,-0.0125007395557123,-0.012931604396146587,-0.005533020792213195,0.043624615148816694,-0.021460412297335307,-0.023843000567049605,-0.018238523741363463,-0.004792733711093177,-0.04307771480092539,-0.030574321047767486,-0.03362520544125704,-0.008728487532070915,-0.013087360318382105,0.0013992075986549077,0.013244840135921022,0.008196269980244291,0.008380987330433756,-0.02394176859096929,-0.0073618873008540866,-0.02272538997114017,0.02787219329034091,0.0002868334310050616,-0.02386527081425584,0.012517136569432442,-0.016034913393909996,0.02662050461159025,-0.01928515055738265,0.00948782215920921,0.0031399858504048655,-0.008227860106997133,-0.008521639895750775,-0.033632103604455205,-0.027131911842417034,0.03633997508819084,-0.007150705581702316,0.021766577452532267,0.003456603742407467,0.006496454274988427,-0.0060617397922079755,0.00860499795055679,-0.023054452413192976,-0.029592786007298092,0.02042720360288636,-0.03360075348269744,-0.0290300681712722,0.043602732135583334,-0.02458172788693508,-0.03570182407038454,-0.017434083606582863,0.009553342803610518,0.016892255161332477,0.002097535405023572,0.00766658382166262,0.020166392103687977,0.008450225698508316,-0.013808720938640917,0.022025499355402094,0.01226105160338355,0.004214425727835394,-0.009202570757142505,-0.02601620018375244,0.016138238846417522
2021-09-13,0.006823290846851597,0.0027894696276596492,0.01200669781128932,-0.002323846196718578,-0.005901359781336894,0.023387130101526855,-0.0025347436119988534,0.03122744074628208,-0.02644795057456342,0.011357536336173146,0.025446414098220717,0.03558343594559588,0.02381589416517485,0.02116727007848377,-0.001208185895051408,-0.000914893775193016,-0.01718438552719889,-0.034571675515619044,0.019706321472762578,-0.009841349800699437,0.009706902437133479,-0.004788148365869297,-0.03204266212216084,-0.0033782927793252968,0.009240562283949351,-0.0452082214455368,0.02817060727809179,0.020941785013687316,0.01828469603895773,-0.033128184436224666,-0.0013407519892108155,-0.018489304586949983,-0.0031663556818191277,-0.012299860783890537,0.011252825059985814,-0.010892027774921298,-0.008086053710841977,-0.004230247764245388,-0.00962509913835788,-0.03289433305711439,0.0033064120563410415,0.010152869592891984,-0.0034096217147525556,0.017578185208774747,0.02488264057669335,-0.028953496384964163,-0.018706604566070723,-0.003537943874471165,0.018680443720152914,0.0008090045081454906,0.057145997736833216,-0.0032348481009891574,0.007699457925211134,0.006318352565018577,-0.005269577192564807,0.007227205301570766,-0.0011173712490490496,0.039596299661669686,-0.006596998650493966,-0.025569373355769396,-0.01178979276723299,0.012459478505590585,0.04472171162701046,-0.028443393687230457,0.0019235780275321781,0.0018689332067302656,0.021600162271160964,7.805063105156845e-05,-0.0012966290547076081,-0.009854005343739466,-0.053102628265897386,0.008894579974199004,-0.011950076175467603,0.01474911482756124,-0.002967454540434985,0.005654000680343935,0.020648005573718056,-0.0031658753349685714,-0.022609877225175837,-0.014743303880589993
2021-09-14,-0.00891995272900031,-0.0058164087000876115,-0.03824003010999667,0.011503534356504658,-0.029616810505470832,-0.017150130677656448,-0.000150634291545681,0.022792855881398927,0.0050371059587054155,-0.03377617624920147,-0.008898605991328657,0.030375500109833017,0.03132104196732276,0.007743372532536086,0.0010275217136036234,0.01593865129278107,-0.0354856838444853,-0.025361161983908448,-0.0028554329789282017,-0.013393698675541205,0.003102837913461876,-0.001967976451398861,0.0003189368503919248,0.012735961919252706,0.03543104216734073,0.010177950409133456,-0.015788094096317148,-0.024288102352071617,-0.017687442910224494,-0.0016686900257236418,-0.030722390013961463,0.004559374530446975,0.01603281124135591,0.020129814312590533,0.014105250107154637,-0.011185303649579679,0.007202049392531741,0.017138057504418457,-0.014136468522612395,-0.0017333259299496925,-0.03878558916796052,-0.026775306113053704,-0.01958713092616187,0.03690839478428382,0.007958994875567478,-0.00149700358129305,-0.0012231460168664915,-0.03267883925613719,-0.013761413192453734,0.022122439437001915,-0.01184370914247888,0.008690715327473631,-0.020989580002958506,0.009466451982013289,0.032304161275626166,-0.029698078601138232,0.009655787703373766,-0.020306176986027796,0.0357358028729887,0.025552601313912883,-0.016219978872852335,-0.009050326349710406,-0.00836777143133583,0.012513388902010454,-0.009070264093310824,-0.028431963549284324,0.002466030996992262,-0.012619435179857004,0.01115339138958433,-0.007492356573735258,-0.006324533954424394,0.0009345708434814702,0.029836738627795123,-0.029002210459655155,0.016339360906768928,-0.012443470496074933,0.024159798303683575,0.011145445394489601,-0.006130767075728693,0.0069301281067269275
2021-09-15,0.03410084706015652,0.01856793286641953,-0.022552263506564474,-0.0058849032694250555,-0.009130636686219329,-0.02085541908703234,-0.028758736321700402,-0.004750268807454463,-0.00012055492868523303,0.014090588554830925,-0.01007787380863036,0.01579410481637594,0.011161295371370035,-0.010860382704918656,-0.025353535538513206,0.010277854355208522,0.018481890610721453,0.028565559057851388,0.026432856025001197,-0.05382399512118422,0.013540076641069806,0.02095284281722945,0.013825394347237676,-0.03684566824101849,-0.004171045566301737,-0.004358666264082552,0.0014201648767994447,-0.01741152185109729,0.02050445134901005,0.018074860445396076,-0.01873351252202193,-0.010478149234113108,0.0029688097539971588,0.02043965461304389,-0.0134791365993995,0.001860584908121394,-0.011419884575807136,0.015318527678362335,0.005793987445286385,-0.036010972126164935,0.0043438212182900305,0.025738153954387912,0.0025419322153198776,0.03015043494752917,0.0071991867882127344,-0.015847529463606336,-0.016473018427124567,-0.008356656103053133,0.008609109539468428,-0.013909495947125695,-0.008265457958925315,0.022592215309719683,-0.010813271871732635,-0.03271128252973718,-0.021734141013278467,-0.02433653549768073,-0.023185135469213993,-0.04808200169495642,-0.006399651168513685,0.02465004541888982,-0.03555013429290795,0.011052747926465203,-0.008510297525585098,-0.0215847378555313,0.005397121831887205,0.033340509651235875,-0.008378768937802646,-0.017682289510337037,-0.002310462038311932,0.002591773732723595,-0.009443398585378298,-0.025005250561818074,-0.010754688852870495,-0.01979270599565852,0.015647132696616314,-0.014649220973029549,0.0074538411746961665,0.0011374912483991019,-0.0004709015847836969,-0.013251802751578794
2021-09-16,0.042939747369514995,0.031952302394715776,0.007819919592499735,-0.008841436011994438,0.03489156228875662,0.0037385269121494244,0.023562808963401682,0.00025221449841433645,-0.04474197996602887,0.003989152060714372,0.00793612563182473,-0.009906542900866792,0.04312170415812915,0.010481746678629205,0.00035376129836798555,0.01260727819053596,-0.02924663218289601,0.013911470268314009,-0.013138583894989389,0.01680737640852112,-0.04210773926196597,-0.0026544903149781935,-0.016531878206056998,0.016653167238669383,0.004956699049024108,0.025218335205162427,0.0052465064225596485,0.005938163221111732,-0.02125975652583431,0.012316855299885208,0.025392208520631697,0.018839352824073723,0.04165783663199338,-0.009186674673632668,-0.018239290091962453,0.0045281624936808085,-0.0036486901285091165,0.036176417936535935,0.006351420340712382,-0.006980349732028315,0.011953874797545668,0.02160505695133764,0.00227987469280659,7.590821830111429e-05,0.035477447131697905,0.022646781955852423,-0.002927128048221087,0.015429225042447313,-0.005445482442829456,-0.030327868444500996,-0.007001171690100124,-0.030890234807476893,-0.029938430508881286,-0.003653228501668371,-0.01452427710002658,0.007116378530182928,0.010273404847253557,-0.017829193215319814,0.012020411096518385,0.015226108029066194,-0.012502929801863629,0.03971492313657855,0.00019083102091822722,0.015588248975919901,-0.030650634881226137,0.002934980199619489,0.021880805444719167,-0.014652044783933567,0.004630221620433208,-0.0007667074187557275,-0.01092457661846495,0.004587595113659147,0.004795877283012144,-0.0045302750729116,0.0025528612052067674,-0.013240533861943427,0.02819787751508615,0.0073713488994247844,-0.03547573315478863,0.0025077892064313675
2021-09-17,-0.03613717865279264,-0.031422537924119934,0.02669974440382624,0.0023854305784040317,-0.016704511562647857,-0.01809952803616571,-0.0036916814068256266,0.010475696366737567,0.01055900917242328,-1.2843609329027351e-05,0.028481781935609525,-0.00020554127833354713,-0.04603527712062354,-0.003862845536161425,0.028082551517095537,0.004864146148085259,-0.002349121146755194,0.014473764541051395,0.011761075236555703,-0.018479360212684575,-0.00500841573689416,-0.020340228930291908,0.01655121943356569,0.00827724016903862,0.014835157169805007,0.010969321520735112,-0.010565800007130375,-0.0019646087868482967,-0.03491826162496537,-0.0032263495259990307,0.022782062967683446,-0.032036248963658344,-0.012485987760392314,-0.03897581338486252,0.009230762817481884,-0.028287633666587136,0.0019305625245868263,0.0009757196106596589,-0.0020796893024273397,0.01154643072457761,0.030815897111568052,0.031876977781537405,-0.03650897872517433,0.029512609709362123,0.007358479419930959,0.015532107072228525,-0.012839846787782114,0.017867449010794283,-0.011153669282156609,0.020352739480793875,0.015361702676218383,0.012296859781636357,-0.0047176358079326144,-0.0261861475940468,-0.03234431417321275,-0.00031425031528450263,0.020802396037195886,-0.011219356098598065,-0.011775345369473311,-0.010487492712419142,-0.01029941475793165,0.011794359259352584,0.004941710220995373,0.011657136586270204,0.0015031839316232765,-0.04301728630562546,-0.02395643234565869,-0.003897611328841598,-0.019661105998571536,-0.0033356626316773876,0.03458699705846582,-0.03365557191717499,-0.011447294952807061,-0.026842912494517465,0.008258244436287481,-0.0016101846554476024,0.028904936127042313,0.010786747004238309,0.03380081133452126,0.027667416145870326
2021-09-20,-0.00394604887703266,-0.0002909865148445264,0.016273184387723683,0.008455697124419405,-0.023234553181137655,-0.003011914395869363,0.02733836966278963,-0.019922195006673568,-0.042207542052795546,-0.013448061342287966,0.03578532121534165,0.03176831716666156,0.015728602162334578,-0.019459935290453922,-0.01857325354249933,-0.012746567112181638,-0.026222538994628383,0.00689437895033841,-0.018233535037934987,0.007982536159104209,0.010734380976002374,0.013422180803373715,0.06066675925676275,-0.028892473203848926,-0.014510813115031216,0.01913021989408689,0.02521498601387029,0.032655275420749495,0.0029761536290722037,-0.005512116409536694,-0.006127054685625367,0.06623478476968171,-0.010454783387996453,0.020319528473573132,-0.029279885040032018,0.0028786464121808176,-0.018063922356490365,-0.005876773574629769,-0.01849379017773533,-0.009336838416549373,0.014618221151403056,-0.007400634911705497,-0.005877448113409764,-0.0021940974381365335,-0.01179303537307089,0.0025184137768445663,-0.0029182278298422264,0.0010397056945074393,0.026437591530568984,-0.013498801370397502,-0.00230051256734112,-0.007068920533033384,-0.001994502311615422,-0.023667431812775405,-0.012565553268812884,0.024263062220994558,-0.010905693584869307,-0.02224018731730231,0.0077354676312892424,-0.01763173407279352,-0.03863357282884241,0.015015147050089118,0.0003948444300826484,0.012936908528023667,-0.014075769893453166,-0.004998535011397884,0.01197007651803814,0.006689229683385546,-0.05184657607065189,-0.019916469050521114,0.005642270742076103,0.012618659307405035,0.02486879460557053,-0.03262747677453176,0.01903033587605167,-0.0002458759619746486,-0.0057052554818438315,-0.012218091469989872,0.019375627169945404,0.003719114334017499
2021-09-21,0.03054985628560323,-0.019419787234404635,-0.006055742254193953,-0.016001094624253854,0.005761626894288128,-0.008703915420742208,-0.010897347358156752,0.014393334190737732,0.00012885681875377843,-0.00696249948634904,0.012390617187274959,0.03494501617261031,0.016288479433750013,0.028275648077187077,-0.006827615540990437,-0.003864444087170995,-0.018315904240972583,0.005731058881592402,0.006488269416970719,-0.006645020996137754,0.009601313286629354,-0.009216142892064308,0.020009272908226267,0.017298246956291993,-0.0008451653200574659,-0.028217711876794768,-0.010256648552930864,-0.004296864568122571,0.020461812797328425,0.002254432794603817,0.013171231459317662,0.019499576378173025,0.0104532584453249,0.02165432079795351,0.024824912579103305,-0.013431292793767658,0.0319396406610565,-0.04270934256109312,-0.01963232043656751,-0.003402424884173721,0.026892134112819245,-0.002502582017230557,-0.006464655533549987,0.01875292761619978,0.006720219948106475,0.027281982253310813,-0.02979590422820778,-0.006271863151868549,0.015256086697000931,-0.004034079911670684,-0.011236759313633495,0.048711017676143865,-0.01857893383216091,0.018564911027353907,0.0044993343557598086,-0.012095214417697255,0.016010467986774725,-0.012697587881636503,0.00902495275987387,0.008605089277596007,0.03272890703519995,0.03206984907772816,-0.0023713995401598038,-0.027189521734706644,-0.013174658003458248,-0.033272852622562604,-0.0005875520917744851,0.011105816120699255,-0.01738156074851894,-0.04363288741512448,0.006574113021249246,-0.04161327893034774,-0.006545629970010798,-0.07139216071636721,-0.01786665382334282,0.024606937899528388,0.027760269956540184,0.014586142950587114,-0.02952374929799459,-0.018854176699913575
2021-09-22,-0.038640699603631416,0.013396806211439856,0.014421853434931766,0.008092109382139806,-0.02718948352249926,-0.012321859948038529,-0.004016858576038474,-0.009800853396329244,0.0049581928550159185,0.006925417564188438,0.028768780727737264,-0.03460625212807865,-0.024107166304060287,0.011792758175522727,-0.012211631942909223,0.02612173740496629,0.009726379246595643,0.021556455223243107,0.0037442003696826895,-0.016679725329178722,-0.017168860172089597,-0.004774115471411578,0.02210038392322761,-0.015596432025344546,0.008877100614884805,0.012785552694607034,0.020890109370851697,0.01640637739229569,0.029358708036990287,-0.013707141598597346,-0.004062934307845877,-0.01669397946208585,-0.02284731518726098,0.030686335838799247,0.012625440108843205,-0.017998486335543913,0.03633167745411309,0.007506524064574821,0.050014737840252364,0.02326596286764142,0.02619392673520367,0.018534675972126193,0.008078644779525173,0.004422292641601159,-0.005031966495699187,0.00033191669341119427,-0.028988806835319233,-0.007229303864828454,0.03549806499329364,0.009100591543716284,0.009065712557658166,0.014092764383822558,0.007186287007133432,0.027973060334460186,0.02054100549746274,0.04663624231347655,-0.013188784086081904,-0.03224903600674932,0.006616531252631528,0.008689495619077836,0.012945034784968428,0.00803313011842409,0.020629313578179095,-0.0021330488765328947,-2.7478089695332572e-06,0.0022303560306920194,-0.001076632223822788,0.030753154650642895,-0.015353614245798402,-0.029404143337398,0.010380828552478731,-0.0034446506003043644,0.006214607453061354,0.015617831286481747,-0.010253906225376721,0.00946923665668211,-0.029850936107869815,0.013458289125337764,0.02498861310771544,0.0031952806696619275
2021-09-23,0.005135370613430917,-0.012676747684939229,0.006348255900077638,-0.005599639498088208,0.016588843416728102,0.011574257120013422,-0.010687937416001301,-0.00686069685070797,-0.018880497602296188,0.03933692222499177,0.026427422113331506,0.011070119737080808,-0.027117860515224176,-0.019511438397180725,0.011350485006076641,-0.02623242754853477,-0.010388403481790492,0.05049940793613293,0.040435749815992995,0.017765095963847916,0.011569134328888658,-0.0013834128079191822,0.0020760211541827147,0.003624327458310961,-0.024220207191206863,0.020787307734892128,0.013861158981635258,0.02413947455008585,0.01671523361332917,-0.032809651335090825,-0.012679887203237322,-0.027656220206306297,0.019451228564891072,-0.01056363348979124,-0.010153183626275599,-0.018637945428543776,0.007847938598253222,0.01863550557971469,-0.011842633336022857,0.00181428393477237,0.0018848869549148953,0.03689251950772219,-0.03205215058469501,-0.0027911014242881405,-0.01324022172782297,-0.02760859588204162,-0.0013703540739341369,0.008460438140490786,-0.0010651846658233353,-0.033201812158554805,0.009492420322006881,-0.001415107328609807,-0.021503935263152064,-0.008408479142879878,-0.013686903726299134,0.014764896403356334,-0.007702634610287177,0.011403172680220097,-0.00653734452896944,-0.004342625686104154,0.026743893868894947,0.007555588623379631,0.02490568957669851,0.005033584968044334,0.0026649709386570557,-0.014690176959197101,0.036219848316602764,0.04598839386871536,0.0027575106261971574,0.012265998777181573,0.00337574360623293,-0.008661757616473156,-0.014200690705108479,0.030054890217454455,-0.01572518797190672,0.018653003606392316,-0.016251429065773558,0.019504276840573005,-0.007777225349427005,0.03049648886121709
2021-09-24,-0.007733362975076056,-0.012234004142587181,0.029291151915250866,-0.011157574105920859,0.005108933354576398,-0.011629287096764607,0.0035487534797470615,-0.01320472841173286,0.02979556168857906,0.015189721293119664,-0.03432606245744494,0.028854690590910993,-0.015086718206481282,0.012666770752233244,0.004887602897262936,0.01036524819969898,-0.041552895633613245,-0.030766711604746404,-0.02240488391804231,0.019229865803968235,0.016680806591230744,0.028835043172237694,0.030138663327766817,0.0029408100573808226,0.03055553423431543,-0.0087218161601555,0.012354266487740621,0.01557018483065104,0.014697433524533366,0.011055040262292107,0.025777629801820048,0.013366010291009051,0.0009920533052084797,-0.011067599975684902,-0.0025947471690809117,0.023929299113370665,-0.01724646177931164,0.03511580770692505,-0.005077173544045916,-0.004057911711026922,0.029200819902268926,-0.005409303884224992,-0.005825356611237751,-0.005069430473889676,-0.007162919527914129,-0.005762211271578505,-0.025750594771229287,0.016651351541927824,0.009477647939468335,0.01607893902674187,0.013281071966835327,-0.002208610993311135,0.03983489808901922,-0.01716282504519287,0.0029097601130987213,-0.03728276710034784,0.009875433485170228,-0.012177910559231703,-0.0037776298444295304,0.0009969951506601765,-0.02579771865441842,-0.0015810828761781462,-0.008448064754426762,-0.0061622994170828505,-0.010892850090304397,0.032327126816175895,0.006902996472764318,-0.02410655404452685,-0.014316444032749665,-0.005761447030229036,0.0062522084845999205,-0.024540009480722037,0.025502641436285806,-0.028470263024927306,0.015259447691711414,0.003073129103777343,-0.012562924348153379,-0.0326119891325629,0.0008309674687124087,-0.006041842735901991
2021-09-27,0.014893386684393627,-0.02776957313554635,-0.017524508422787455,-0.0009083412837219149,-0.027662090036809403,-0.018111672671933445,0.007442468488985065,-0.03122910286310514,0.013988266353562786,0.026288391120367516,0.012063316180412915,-0.03648966645814912,-0.009056492608562425,0.004896401815680628,0.05043048861461572,0.001536655500132361,-0.0005383176157858475,0.04664099208528218,-0.006799822215901219,-0.01748309389115243,-0.022608769133755705,0.02073136244330775,-0.0035498597513459176,-0.050751300394220475,-0.0044995288621972095,0.01532194496218484,-0.0033475064310043317,-0.018961807271759494,0.01669742512086443,-0.013751634659954277,-0.010871113258667828,0.011014415080719661,0.010847371607740524,0.011758771236161132,0.0042452678074552525,-0.028544841101727853,-0.029895714348648253,-0.004703154018844594,0.006902225166126576,-0.0244206307188255,-0.004455510056810998,0.042533926681534856,-0.013322327312611047,-0.0034089393622544575,0.005693306128579523,0.023963091421269952,-0.03502459419278042,0.024871314581989403,-0.014408554611163462,-0.032194175800922965,0.018049377054488388,-0.04052499780922496,-0.00154805458866891,0.009492124728297155,0.03922159803579267,-0.013320679143425131,-0.02171233243358418,-0.030055564777395207,-0.021597088228045846,0.01013932038864,0.018386176679342454,-0.011557358309093727,0.008508580123450024,0.027289055591629176,0.02056142058723943,-0.00822913507185639,0.0007208387905381025,-0.002443262518287429,0.0060129829846007265,-0.0003761258890073424,0.0077681026126463215,0.017413885627980078,0.012349913543774006,-0.018911990767051697,-0.0032743799429961803,-0.03921624457024633,-0.01739410268166625,-0.005614603929595496,-0.008813461405333452,0.006879746583864927
2021-09-28,0.003891208427197205,-0.016583759420892224,-0.027809375297037163,0.015854451099907046,-0.013538977539184986,-0.02559306978109537,-0.03181541248304904,0.0038637777584027188,-0.03418532560393868,-0.011173136650378553,-0.03533057846839918,-0.020293415685832917,-0.03245450710357718,-0.0022472070605084886,0.017035316042335664,0.008986701053758697,0.0073300729549970935,-0.01924631385580445,-0.022156269518991464,0.0064571591670234485,0.02126297432952391,-0.044979119006555345,0.004062114209000102,-0.03305406061098036,-0.018792995178309232,-0.034116920439358295,0.018440201757496357,5.304753722798988e-05,0.015169322650565892,0.023266046282775173,-0.018243842272502458,-0.00317989843329182,0.0038948758121019754,0.020630628697751497,0.007131959759564921,0.004602792543245211,-0.0007784511450535937,-0.051376823099270226,0.01697887084435572,0.014672809950898223,0.030225494756576567,0.03481484183532396,-0.013243978117493917,0.02046729651549523,0.02593548610672558,0.013592138423702929,-0.025030436786822374,-0.030809596731748275,-0.022826818185175766,0.020752333522958164,-0.013518549540637926,-0.0017442926321037684,0.03416323478564128,0.004053694439627332,-0.03126251842753436,0.0004496056514869117,-0.007180209866675852,-0.007170698203121039,0.03362062179946944,0.04149346762717581,-0.0039617709673663536,-0.023879814441219893,0.00016338269151315436,-0.019685268086067305,-0.01145634423884867,0.02870065315101074,-0.016665648253544316,-0.007928889394427676,-0.0247783224269243,-0.04142798151035496,-0.024004799539373,-0.015031380521770332,-0.020384347097208395,0.01948127399611128,-0.004942188236025954,0.010934243527915485,0.002229858731225444,-0.007973260123555356,-0.03783983912589701,-0.010885015398614662
2021-09-29,0.029779330437001345,-0.040350457472151484,0.003005470950685322,-0.02241800051390653,0.009468039267585344,0.012412670874958679,0.028387444379250296,0.009313991391725222,0.018374939371067617,0.02219433833018648,-0.025492075459833882,0.007935377176739514,0.009106038069550845,-0.0024963603469043394,-0.008257888863202669,-0.01354724845409698,-0.023045448958003548,0.030352831421125038,-0.006365203286197314,-0.03215161847233775,6.5016862058161e-05,0.02902664542058675,-0.035643594608608,-0.0004509807494044386,-0.02187070453767621,0.032290336540931226,-0.018743055474406144,0.03288358353358405,-0.004747686534664271,0.04014879549431104,0.0029569518765844576,-0.002012155939201485,-0.026431992225103423,-0.006481345073263026,0.011114462333980744,-0.015453754964743896,-0.021219333028638557,0.0065473775620396605,-0.0050423378558129475,0.02727753393742812,0.030499955447454825,0.019274527274413915,-0.005228846980007552,0.01861725063137814,0.00035298251893966,-0.007779256340522987,0.015459314055367811,-0.007415885527762119,0.014178722594173644,-0.03029293840680157,-0.02775183810654699,0.04756930557974624,0.013714337752088773,0.003908548048533668,0.028656289917453583,0.003088992133538699,0.0006977128318698741,0.026493925343472308,-0.01786521078811266,0.016356280529411925,-0.015356101184712197,0.04290421808609369,-0.01694047394012178,-0.01037086873531865,-0.009207576212064434,-0.005271355882343093,-0.010116756911454727,-0.024870817787914074,0.003725176800573138,0.028902662859182953,0.014567949422462659,0.015726423676305064,0.03361721017279791,0.028185596999579038,-0.02155150656761286,-0.006538665912926538,-0.022131437934536285,-0.007758994216644678,0.009290708058640693,-0.006957631045554108
2021-09-30,-0.02114892494096788,0.028984996830101785,-0.04188103421543266,-0.0006159631518359437,0.02490218961711484,-0.023947544481800316,-0.016134944500595272,-0.00809782654921727,-0.020570425176870334,-0.011012470521227958,0.015575405660521093,-0.029178529090351017,-0.03653688931342467,0.01671077832508139,0.022447358906022515,-0.00129546664122145,0.015277192703619354,0.0001506262409707523,-0.012936435506339399,-0.018363993052811726,-0.024332028216205722,-0.03062166024006065,0.02305274402172892,0.0009132960773921551,0.02619877228879605,0.012713265813373082,-0.006431613776985954,0.017578725000003154,-0.02761487142441578,-0.00568948944667101,-0.008067156625504718,-0.004757870382770075,0.037544352745671666,-0.034748796963145576,-0.01402843969617309,0.0017652469283770122,0.0022895721593697072,0.004013251116489027,-0.014710691193398335,-0.021826074165839118,0.002503002587530521,0.0045764334554755474,-0.026189550814406718,0.017626348880548974,-0.025689641320007398,0.021636997139002103,0.0035208453266840135,0.0068305884577272,-0.005086604395848793,-0.026291402755808258,-0.031192203877936135,0.03364869256059638,-0.008516272305791222,-0.004689928962760138,0.01284971812543695,-0.00116104595944647,-0.02035460076967218,-0.006411464005230576,-0.012897267066107606,0.0015307183997010866,-0.0058578442458574066,0.02778776463374111,-0.016037325404878323,0.0048053678743907756,0.03239280361156285,-0.0025741575784419737,0.03210713778374661,-0.008318559735073824,-0.00556880727951539,0.014052494836403893,0.0016269793277996387,0.014453609140486235,0.020734290369132557,-0.026725605323106607,-0.008367327927702591,0.011292209197644516,0.006419024750597925,-0.009977062071032059,-0.05204763632843903,-0.014460420789743869
2021-10-01,0.05244345480011109,-0.006121998197296212,0.006928708862348707,-0.009376926894548124,-0.0040234857137788314,0.005372662813449874,0.02461657067138597,-0.004114546558264499,-0.008919861767624732,0.010623474333749912,-0.01122789021804978,-0.01911184207278534,-0.026841156120896773,-0.018579641176405898,0.02509007719681426,0.02229583009922956,0.03830528991435323,0.016315228728502437,-0.014972654479880523,0.05722278586434423,-0.01672595228670278,0.01209016835470484,-0.01917560158848141,0.02385125333230969,0.004219575416925623,0.007159598065631445,-0.0002779015109685361,-0.02810720421810312,0.004159043635714372,0.0036830259606891887,-0.017508424427437216,0.0015954747892067815,0.023988328289770666,-0.01597237622094893,0.014155959588724733,-0.0033211113109654308,0.016696572854183914,-0.001202460921888752,-0.0017476433101683859,-0.012451076305397584,0.017512795539863176,0.018014097596841836,0.00038486785297370176,-0.040020729233281795,0.010656153750876916,0.0038875386806247313,-0.0011653106258921958,0.0021030148488677355,-0.009841037151152613,0.0023898915158955926,-0.012257742727513676,0.008518022796036126,-0.028015753682047524,0.02134164583282093,-0.023823984873858867,0.01098665131535145,-0.0012537583998035984,0.03728571169665931,-0.0008651018032163105,-0.005609106303751458,0.016065198721214785,0.0067314002868744185,-0.013416498922097168,-0.027170657496063337,0.02145216749640815,-0.011830124239729152,0.030962408931992206,0.03501214038301569,-0.03802388783298909,0.011083765946598016,-0.004738735238489084,0.016916501085647573,0.037219969612993634,-0.0033020100258841878,0.008684319904711801,0.0003635905425966722,0.019353231990446255,0.0007633147517700197,-0.047040543398998866,0.012572270380926016
2021-10-04,0.006962386992319482,-0.018055718679897265,-0.007912734876027212,0.036248346586366276,-0.0022707062224120392,0.0165040473996695,-0.0335019931748648,0.02692248923512163,0.044270944373688934,0.02166011129391419,0.014532416446822485,-0.015102728358666682,-0.015968362072023887,-0.0038276352478898504,-0.006006307347478311,-0.009323959006937195,0.03645367546452368,-0.003107339467110064,-0.03034880729214458,0.01991524894112259,-0.017536005778022567,-0.00994922961116575,-0.004999963799566038,0.0009258740016589755,-0.018125537710035368,-0.002490165554313032,-0.020495606706557198,-0.0072985130981551615,-0.016791361610130028,-0.0061601137908035,0.009288998716214993,-0.014185123042292684,-0.03362334258540655,0.020511752208049558,-0.002816089402109339,0.01650589454855038,0.006332553840838655,0.058908597009605365,0.004948943629364317,0.0008798080200524699,0.005167067440496954,-0.019428960383683153,-0.05147105901806322,0.011785580907521244,-0.017475531394795935,-0.02231277409483177,0.02259028202857644,-0.014524511599051975,-0.02418467766625635,0.024395261239306396,-0.03185417087991155,0.015257146878259124,0.0023996883617512475,0.0010875305901663424,0.009683652782824426,0.007896708810443716,-0.014956390822776477,-0.0033269797074770135,0.014152879697833543,0.005189313742720656,-0.024390067848458683,0.01624589743684255,0.013482211999468792,0.01987483770527645,0.008996468945347344,0.006342560025414885,0.033732093919057606,-0.0021223090797206252,0.023474459251400064,-0.0319031611168619,0.012436452727390232,0.025087089522572065,0.019617675392195624,-0.00896046415103808,-0.01570797061870602,-0.020379281083258545,-0.004728465498756893,0.001736320906820148,-0.02068595198151597,0.00935180432255289
2021-10-05,0.01748779348770904,-0.003836771898770564,-0.03806476290131708,0.02161895909805602,0.025076878950035228,0.04179030799612575,0.01964511507960954,0.014180081852500633,0.02511179246451666,-0.02502241585180871,-0.02218672664442354,0.0027077759132585195,-0.0061669227898767725,0.002566521681168033,0.017371218198434207,-0.017612142510823325,0.029697936608207888,0.06278227994562688,-0.002632072765118392,0.04061763109845661,0.007266860919827728,0.006923657671203104,-0.01149517470900542,0.005202227268007208,-0.0076001784346227935,-0.02097802149124068,-0.03930095771222724,0.011528422412710031,0.01180108740307873,0.004060967504412868,-0.026038391627147415,0.011028546766433243,-0.0057285807368158545,-0.0034390714695203208,0.010215636461420074,0.009727699575210262,-0.00041221851442779165,0.01700784891552642,0.00975360574313964,0.004182830631185587,0.028880012283870493,-0.020799964280279776,-0.008371485687627177,0.005717520772187897,0.006415629366627754,0.0012981699882206735,-0.004301991898745427,-0.003107048541579064,-0.01368095054507201,0.013120206164291263,-0.02086993861828003,0.014665987789777178,0.011428475457484925,0.05017218075483142,0.012042584155325005,-0.008165575609349223,-0.0030226611187773333,-0.04444246178967347,0.01949801027912113,0.009850775878966865,-0.007964590801850755,-0.009389273166399212,0.03498486506906093,-0.007031981154309423,-0.0034901055761555008,0.039529448785961534,0.004553619642736556,0.004103570044419523,0.04467722826279768,-0.0033519227495669135,-0.0002690315263382733,-0.009398010973780742,0.019436223106909564,-0.010688769073084763,-0.008150512267610996,0.009926688108084114,0.0014449835753739108,-0.0038576725594341435,-0.003214049728255547,0.0027663465917895152
2021-10-06,-0.017254889200714003,0.03772756324760852,-0.027811460535641677,-0.014965409251186326,-0.009360639655289616,0.033081825093985245,0.025998912191019376,0.005399241538656488,0.0204100563730224,-0.012644743117358689,0.0018679280091008933,-0.010421377544820183,-0.0038681161910361283,0.015556743280117111,0.030618814331950708,-0.0014334831582815722,0.010689749730291414,-0.020180113170503104,0.001613345175724358,-0.008148761502723274,-0.008486368037728004,-0.013227291583366616,-0.002080631729889901,-0.01115802370833404,-0.03983100735414693,-0.003450055808614488,0.00517895821567788,-0.00809160734397094,0.019062384067185637,-0.043106192713662186,-0.03237826535564746,-0.008702074398988555,0.002275292707673219,0.0021688305517144693,0.014745451242912296,-0.006551723701359018,0.020104604158361353,0.011734562319098063,-0.01504250354858447,-0.029417427027457557,0.009822010546118568,0.009461809061071353,-0.00918326566416518,-0.013891637266361985,-0.023644768424811044,0.015105735922308102,0.017690436969701108,-0.033105243321877684,-0.007712470212737639,-0.008540722258904931,0.013843665889120347,0.014587641931027566,-0.021743462563248574,0.006495863185199591,-0.03396553622176054,-0.02403820328929997,-0.04277948416275081,-0.007202017507172602,0.03687845274827016,-0.0221593310384522,-0.0048258152791754196,0.008495524651113162,-0.025590794029126215,0.03061332777345763,-0.006199988609034038,-0.01129353627641166,-0.02658538882443931,-0.02403667677911571,0.010753239132340336,0.005084378266328341,-0.01885435404628728,-0.00025040169057451346,-0.010292378143877368,-0.0292298483294946,0.03360771539548107,0.022370721077251132,-0.003587658633328197,0.015165296608091893,-0.00020352896664870313,0.014011518151753895
2021-10-07,0.0028013662384093383,0.0031943607618167514,0.006769337787432901,0.006827894652771062,-0.01621520716762742,0.020238677747492675,-0.025018374577030274,-0.00595387922373624,-0.020694856764980306,0.03835377138393785,0.019613439913757254,-0.008727518856326052,-0.012064462052573865,-0.0118064004786076,0.011676916601650308,-0.01475123788338666,0.008984620263699861,-0.0029787086144327543,0.004021713183075227,-0.02384067820754225,0.017165963781239472,-0.007545677592062859,0.0011217420242471703,0.013517530161407278,-0.0005714831448365074,-0.003253489012075123,-0.023840612787414894,-0.006501837985136606,0.009502062924957958,0.015804046710416703,0.003949533648070267,0.016098083216571676,-0.008699904216838784,0.011014684603005222,0.009852268002156635,-0.0037629151085589096,0.030426726013894494,-0.007351023375761843,-0.031210917797234148,-0.010471870751782767,0.004631919436161613,0.023520545430479982,-0.01637510283710257,0.009398671468085908,0.028475642927855233,-0.011112100167122954,0.004776777497066936,-0.019728270956338785,0.02171154520136228,-0.005271532849564787,0.007949122892676361,-0.013754836529576066,-0.007576433660062374,0.039316618473843816,0.01859773558801196,-0.004672057472379962,0.01163911199214666,-0.007933783752478921,-0.035767136774339535,-0.03127693327594642,-0.009636657099661727,-0.0035953747963879948,-0.010694591630505387,-0.005051449654662249,-0.019025499845114823,0.025022345472081584,0.014387016181466665,-0.0029310979342098372,0.005392177124878379,-0.009712799007250632,-0.009616530591749791,0.01724079958697996,-0.019454353969631973,0.005889877671982488,0.027152480239079648,0.001823869828659701,0.004505835162766719,-0.015646650617557704,0.003092628651165175,0.0023697561461381014
2021-10-08,0.008903680675987237,-0.02969386812835128,0.005462340458884478,0.007252828287836616,-0.02287421665215812,-0.007787104349167654,-0.011241645426467687,-0.002928387059651016,-0.021048929049056038,0.030786248789194295,0.014524168434119196,-0.01723628015038572,0.021627413336119203,0.014678818889036188,-0.0014276356371025793,-0.030272912474843684,0.01935537575966933,0.00256950796488562,0.006585386508162991,-0.017450495869550546,-0.014429754110275196,0.009700851484663325,-0.0026138503407556004,0.036466363268531636,0.006485673415288759,-0.03634217587620456,-0.0049503069544775844,0.025848975968530367,0.005930997825409744,0.0006297334758835457,0.012656470913358286,0.02519054718339654,0.019792659185417935,-0.0272688867822994,0.0006343454872651644,-0.013786101856730102,0.005010802219716167,-0.002839820441086283,0.006449895859131337,0.007958748435265752,-0.014508902328600975,-0.019359564799128207,0.008628647787364592,-0.027323279279433187,0.023003689513700985,0.006006456306776404,0.0011445065047596126,0.01003901162656127,-0.0030429089467994374,-0.020183602812538528,0.00012580822611816167,0.03031245638094753,-0.008688304537734934,-0.016035276082335112,0.015460315912153688,-0.010664856433697325,-0.018994863483907456,0.021144422622189653,-0.004742004248215296,-0.01373292517152158,0.0024841114003228914,-0.008565292953236592,-0.008220991135550972,-0.0047686934664546085,0.0408087364848313,0.016956724917795898,0.02719395642890945,-0.045301359173814476,0.03027553036066379,-0.012394850404503792,0.021634524267991662,-0.014733699938119647,-0.005792421561340495,-0.004764276943590193,0.04018510040658403,-0.008659164348077522,-0.00849929355081028,0.02840958018929094,0.022887875506235344,0.012263326308047781
2021-10-11,-0.022011768108191523,0.014164807231910449,0.009584920467916586,-0.0032631524973718404,0.012824769370782686,0.006778566312227065,0.011887862066938207,-0.007586615508169748,-0.03068517102084898,-0.0024735514156302083,-0.0059380516134131395,-0.031131571409440277,-0.007811462271668812,0.031219060512455307,-0.0037191840234138992,-0.009216224134342707,-0.051682558378784695,-0.001769673041825373,-0.03363659133959227,-0.025696965268252787,0.0065317218287917304,-0.024655049286443652,0.011093187989461363,0.004260388882614517,0.023273743789369063,0.015054748028726197,0.018781654304334015,-0.004714702257241256,-0.025598773352195705,0.016555426954610087,0.03651636042065153,-0.03782663968928176,-0.011349429751318108,-0.018521111998106625,0.0022280660775811385,0.004285980906239089,0.0020080479335806358,0.052421055754420874,-0.0030051519501954065,-0.0182324504757051,0.04449858205403635,0.008313287419993315,0.009357461858722915,0.02300720711485702,-0.04843361898405069,0.033184795048377576,0.022334614236880927,0.009021438109378664,-0.01855322367682251,8.597572529491213e-05,-0.01467484781087511,0.00495906443378121,-0.019574048253897317,-0.008210478844377093,0.006653454609695476,0.000892842191362205,-0.04182914725341713,-0.007251442338807196,-0.01693321848722494,0.02132037910364488,-0.022119393183829134,0.0178297417261769,0.022954117575280677,-0.01730306431126197,0.006161326709615299,0.00824894741797602,-0.0033329448331024616,-0.013364279752942847,0.005176497273566518,0.0017808906927419394,-0.039227607547137736,-0.0016930056267735894,0.012395992862122202,-0.0031733096798418625,-0.0074001772609138304,-0.005843552843171694,-0.020048163875005267,0.028267097982559202,0.007919937416159073,0.0158412613046202
2021-10-12,0.02920331980293505,-0.00672335712651995,-0.029895295527310812,-0.025378343865065767,-0.060640608142290275,-0.039781542326557805,-0.006849344291435703,0.004478794191034919,-0.014756446420555892,0.026466370449724108,0.004751112343785697,-0.006444853757562037,0.006339182820375278,0.010054501208108404,-0.019257142104670787,-0.01632962613928078,-0.03990026969343398,0.04144554581318139,-0.01699120707349481,-0.016427787470980167,0.00559063388283776,0.00809834130970266,-0.008917211635618835,0.012622566158478158,-0.011456147795244518,0.027422298589666307,0.016937266540529402,0.020296628188772058,0.03428703087985264,0.0015039632046129562,0.04633039700104697,0.005044993392968672,0.01771841222550082,-0.010501997031690696,0.0008968137559832627,0.00651789109746372,-0.025983780209495554,0.03407307137315775,0.004766991076014804,-0.017561690180038093,0.0028295087870975556,0.006825162483167215,0.02218800492991478,-0.011849128978582821,-0.03734372830179434,0.02121475788320194,0.013792329410116985,-0.011240636840702268,0.0240034603512001,-0.015032302260146551,0.00324091449087764,-0.0031796615421115972,-0.004589698926522246,-0.008486218978434582,-0.013626291430812539,0.033557122290249215,-0.005812911473046403,0.008297152789756321,0.0030896931836695983,0.028454227740170947,0.01116228196647319,0.006550852876838594,-0.019477491044155054,0.00026995821560921835,-0.022601258054496993,-0.030043574013840727,0.004241693901389752,0.002631218756513189,0.004033984173910905,-0.0038655456294857692,-0.008710611350693141,-0.016230640701769206,0.003674493547723978,0.019238806213118118,0.018824132887654558,0.016839276699706102,0.0043068148034512335,0.017901113694393303,0.012082032149119157,0.012427555660991208
2021-10-13,-0.008630334239728227,-0.0028329549912846238,-0.03204142703941507,0.01649833310952122,0.02822030560023186,-0.037834947626721044,0.011443821196894929,0.023596953906407772,-0.012154651204698712,-0.009813442056431485,-0.005102419200198373,0.005944333857746139,-0.006892305716308988,-0.022099480313943386,0.02479668718588178,-0.005390076132789219,-0.0076225179767111855,-0.02298591210085884,-0.038009405579133224,-0.029869543192395095,-0.016032986288257126,0.03623612555401381,0.0005754632218398228,0.05178044501077228,-0.03743186425137279,0.013997616495842552,-0.01347477989777996,0.006195503873567904,0.0019683432101658457,0.00894685242887304,-0.020522164411442834,0.011465631441250691,0.01907623357750768,-0.0402200301146078,-0.018287705732472206,-0.02872688591191974,-0.012259357214286271,0.0043532454343455495,0.035341853932949745,-0.014109734505387234,0.00017260749940169683,0.014861351172691674,-0.01748316891596003,0.012510456391521523,-0.0016221507594245544,0.00948488696281026,-0.012835899966179681,-0.014292982152693506,-0.024596595492430654,-0.010919708132049198,-0.011560242642767102,-0.012853422191585225,0.01460666657319628,-0.06552177154681921,0.0019055971523447427,-0.011856819043266683,0.014072864359829587,0.019142363826483152,-0.017061332579636726,-0.01524045719050401,0.005508174039003883,0.007354174593043105,-0.010554010266722242,0.006193793464615972,-0.04093270297516932,-0.00946762294199169,-0.019699761922552548,-0.008163308254296255,-0.043089615363323445,-0.012389587249746752,-0.0024125832064095295,0.00951956838862898,-0.016870365611414074,0.022053035571581996,0.02171645280775258,-0.024297253130112467,0.011989498447284417,-0.024430287469104105,0.02546383194814959,0.01996865713327189
2021-10-14,0.03359734684662714,0.02094917401146354,-0.0254075233952219,-0.010808997429314564,-0.0130002345619129,0.009345015065616864,-0.018508229921533982,-0.013304464057272671,-0.023974673408677802,-0.026703444542878745,0.00472401024657656,0.022206202558757313,-0.002534764561679669,0.0021437408712180655,-0.006226572241685251,-0.029956520593237314,-0.020116373215948263,0.01623535682066553,-0.009385793055194078,0.010196768734269035,-0.023377968559411225,-0.04007580554785191,0.004516293023866808,-0.039165531742813106,-0.007342171072620382,-0.0024647143594160323,0.0013926554770578637,0.0012094468033733165,0.003031555006224274,0.0381808486501866,-0.00209819578258358,0.0004248530538883055,-0.01679412319526377,-0.014182598361818654,0.02948753850684417,0.007302365990675246,0.0197189436686907,-0.0008471372226969002,0.011274066660493494,0.018798883053380913,-0.026518402145775277,0.013971431141543976,0.020563096705731514,0.007905404310361816,0.01729249747991994,0.015314550618740458,0.004532888502807732,0.02298703481590093,-0.013208879736865612,-0.04968242585764319,0.03024705221510261,-0.004369801080202053,-0.026565798920078664,0.0003731865494010061,0.0029316241985570275,0.011821281481230263,0.02594343678269934,0.0025804726744884177,-0.023807180705116053,-0.005316818830811007,0.04008132832456897,0.03500618598008302,-0.031219813787794093,0.03858593881864284,-0.0030241834874035656,0.016435821202951572,0.0031714786508676273,0.015563627209047023,-0.007396882602403411,0.002302341990849143,-0.014010413305214336,0.01110666021661094,-0.001345842852503429,0.02033776204924824,-0.027816575223141626,0.0009596277415249572,-0.016804112584325098,-0.025604976060648037,-0.0028568366266807873,0.04337054868525587
2021-10-15,-0.0018570950109040186,-0.01406379284747843,-0.009537972376880593,-0.021012710480811894,0.0015169784886543793,-0.018139969200488954,-0.02754052851618703,0.008281538339229191,0.012201309854481765,-0.016924575514681427,-0.022884144575865312,0.01484820277536927,-0.0012903654267998452,0.0060826745690298915,0.015870752688050313,-0.015043699426196875,0.020533641489432788,-0.017244830456129102,-0.025582007425220432,0.026393847158517753,0.006909145094917663,-0.01585566249133372,-0.02396050104177229,0.008594479642596332,-0.007538687479951517,-0.0106191681853134,-0.02483150284302814,-0.03254315628252317,0.013608228610669857,0.016009314817649636,0.0049109841443131606,0.029854354891230988,0.023581408149536246,-0.019731086260748435,0.01711700722189841,-0.004770635163649705,-0.042136242503770155,0.04876848704961705,-0.037920629432474755,0.024394212907432614,0.01157416397183318,-0.018755016584546872,0.019697452640291782,-0.021421802331212346,-0.0047868004012502794,0.0024764294199926483,-0.016172555606239387,-0.011331293916290978,-0.029691531496923284,0.016252117286405913,0.020282895553330033,0.013129445820213309,0.027655355483599115,0.013275883651811312,-0.039266640529818486,0.0007392415004716181,0.020287083835693914,0.01645184500699603,-0.031852259270482304,-0.020326136110413083,-0.011420808815960538,0.005344291881665203,0.008913987183660791,0.008891069116856824,0.0386153131393821,-0.01044820765425876,-0.020559115141741025,-0.006994915262975631,-0.030652295111650726,0.012837571304719715,0.023271387545367075,0.004277893738864986,-0.01736867412705178,-0.025743733969546732,0.005153130706250122,0.01255085015396206,-0.004897570351852743,0.0036804779127339736,-0.0024677420154989495,-0.03843426076490921
2021-10-18,0.013851206057267163,-0.006023920890990046,0.0332408857570449,-0.003883094391342167,0.035822227989236406,-0.0022116448104825305,0.027832790394183744,0.011509625144782251,0.023715801423559328,-0.024131009545555394,0.03852550474022974,-0.024338610139202847,0.01754597039739511,-0.03849710439930667,0.008920430964641766,-0.02179340871973344,-0.003817833691733364,0.021826150590752002,-0.04020864591377296,0.016838132512023898,-0.019001456886651717,0.041134897615148304,-0.007441495032460809,0.024843515570463097,-0.00043463431742774423,-0.033444136440691156,-0.03900554437524074,-0.0011887410900702621,0.03055064998943594,0.008995349879202984,0.0028082657180149607,-0.013571636815672453,-0.003933233941958548,0.0036180131765166956,0.010701310786129051,0.014346271214390853,0.021466931136769132,-0.009839784818405969,-0.013280825452366782,0.004700194549466908,0.004601297616401408,-0.006840869417179051,-0.03900945390195367,-0.0068567626005060466,-0.01941751388058182,0.020198130892926613,-0.004671425542044546,-0.02314566729339629,0.010522774029031533,0.03146703526637044,0.019137825270668832,0.015953624950220666,0.011740773087634342,0.024351343156588823,-0.0012570981094868097,-0.01247156435803842,-0.00852311516956822,0.020232739412435453,0.0009181005152601593,0.02478816556946473,-0.013396828742884826,-0.007342664861590197,0.02076784639846671,0.018988966575812873,0.016448306959266877,-0.011732957764180854,-0.0048086749117222174,-0.04713286742075654,-0.03532489847146492,-0.02864266494391678,0.005512887589102075,0.0014153169723724246,0.0007633148477979744,-0.006148853886886063,0.02490726530400662,0.027957269012095276,0.022113712499940777,-0.0016197407369398246,-0.021301530617732278,0.018869722894706526
2021-10-19,-0.035094652124418285,-0.0024991994280917605,-0.01084514230059836,0.004181253852757424,-0.022530408152180357,-0.021927757560015155,-0.03580205528155395,0.005540598262590663,0.009906726758623436,0.01691056711613835,0.004789530820364992,-0.028247261810295573,0.0029750017436831174,0.020730881527227334,0.011022838037057009,-0.00904792651491061,0.011783038776149557,0.02367532212579111,-0.0013738913937339343,0.016919793747140897,-0.021224480586732646,-0.00828328076311175,-0.024284327444172915,-0.012379526048235112,-0.013766783945534652,0.004976170203133433,-0.015151364637529328,-0.014587850414080594,0.004342029863755912,0.012103297609168789,-0.0021799325684302667,0.02028712573004325,-0.02751827631560727,-0.002267518794416683,-0.018544820925694105,-0.024570856895251042,0.0305176290730999,-0.0211474351651746,0.02414640091454543,0.0480043292859624,-0.004782078790257661,0.00964635320367024,-0.0046841422831867836,-0.005296870585612237,0.0027205885035658374,0.017330786854916225,0.009143449373315085,-0.003547825001856857,0.024646981154895782,0.01898832703342492,0.027835526527954485,0.0010840052476794554,-0.012686867892353786,0.016635038098582793,0.0025597004277857095,0.01777747311331002,-0.004731020335120166,0.030847763620791092,-0.04511245699468189,-0.0016981958515963243,0.025067201863179102,-0.007192665080941046,-0.02246829054743638,-0.024446595000735333,0.012322004528905346,-0.020508693636756507,0.0029734534075668275,-0.015335562004710984,0.001952853685382052,0.009031101310999028,-0.02267260619373641,-0.008756507806344483,0.012874017848554152,-0.023498777621742503,0.016378279996206165,-0.021508093829214196,0.0009107108751948739,-0.023244266337169247,0.008646756328261505,0.019678252467177804
2021-10-20,-0.04917898253979642,-0.023560767078181784,0.00929830786568378,-0.005771470694863658,0.005403683534153089,0.0056735248551248625,-0.04222163043840694,0.029312948052425413,0.0038198596612911435,-0.0006080504424068637,-0.01929887252049236,-0.03288950201262919,0.006129952788435786,-0.03250772103156933,-0.018983610667072628,-0.027164114940678278,-0.033066349561629904,-0.015222269378161775,-0.018142884100407177,0.028523693843712637,0.010063008994379398,-0.014456958473276238,-0.00988059893090601,-0.004859214876028956,0.016056687734455188,-0.028298003570266742,0.018157302041547516,-0.01058445818046571,0.0013802688292835115,0.02361861612650962,-0.021367108796248386,0.002289548567559922,0.025053011676357317,0.0016872610942937744,-0.008538314323010452,-0.0018447877115947754,-0.04537383507425741,0.03542071231960195,0.044562456642437014,0.004417602263270801,-0.011598602243436703,0.014498458368292218,0.0014139910446380594,-0.005615078247117864,0.002869148392567931,0.019426049156789124,0.020120174658425662,0.031905398620884685,0.01400591631371629,0.0019381703888713686,-0.032079444629041706,0.007060755132379346,0.016037970898904762,-0.02802997511780582,0.001507174117035872,-0.02699161406010393,-0.018177375333781096,-0.005186811152309346,-0.014101568020620476,-0.01377724913483918,0.01570203737185118,0.028373833304522447,0.0007862619034851526,-0.005421866493882481,0.0017340374894283298,-0.003435011397976971,0.020128502330813997,-0.006547090957529584,-0.02059862193849855,0.0018584652846138064,-0.01892813392332977,-0.009733640625405705,0.013864133647695828,-0.0065870260727306845,-0.017486772945089327,-0.00849256549931183,-0.022920481146476736,0.019022336865821235,-0.03355040400431701,0.0017188219883800713
2021-10-21,0.007882243072313761,0.023860399266983114,-0.021523402720987864,0.014886203683836268,-0.020424300991615085,-0.01479116083997622,-0.023402183013826447,-0.02411182793158809,0.022040143050442836,-0.011439883108194406,-0.010058876738807074,0.008567972209200074,-0.03451019202070984,0.02467103426337382,0.029582324059738114,-0.0152087947694837,-0.04001887669855201,0.01501118237414843,-0.007464192655039129,-0.004882275506964548,0.01067193348415717,-0.013022008648920669,0.006831884811065023,0.003264900620558112,-0.03405438041802481,-0.017954177820141068,0.0032596060134981158,0.0003654968298958067,-0.00021240755448755368,-0.015087703237641994,-0.03655809377865224,-0.023484261572792653,0.00786502257172577,-0.022269492082197976,-0.013676949919099558,-0.0038173685341108344,-0.0009296579041159653,0.03060313895945682,0.028621070653918963,-0.001790831188113635,0.017643358607509933,0.003836714805808973,-0.043828506764111735,0.011519339745648519,0.025177541098392712,0.00959425067226762,0.010988855052296914,0.010567969612175928,-0.008789695876892063,-0.02898330098439374,-0.004951129764791503,-0.007427367473773464,-0.007103066330201362,-0.017276942205315806,0.009683863789504544,-0.004153228656517945,0.0154285351206651,0.03906036391706735,0.002996709654542971,-0.010429974518651502,0.0026893844254783313,-0.003090175659575511,0.022922492281121972,0.017104941658420168,0.0030787681354318857,-0.011393402077642648,0.004068592057726153,0.018255882725962843,0.005697987908069012,0.0013645994634639447,-0.021756383314516944,0.018936381785483198,-0.0038673060457123766,-0.005720681085968615,-0.008621359724062085,-0.023247817082113875,-0.009168985284481677,-0.016603309863215305,-0.023379902159703387,0.013364671595921269
2021-10-22,0.01161736885177135,0.030448892321167792,0.04233929241961744,0.005030185265734474,-0.023631651430866128,0.00025717843225546433,-0.03025823020539283,-0.015818962498925955,-0.007674163476285843,0.041058891623268645,0.007192478426878922,-0.022058589772122904,0.015012771681939771,-0.010867874596493451,-0.02226657131826735,-0.01951378685410429,0.006874493551158592,-0.014699045455435211,2.202223050317624e-05,0.026232302442857784,-0.0016719212285173698,-0.014974846750798836,-0.030958751720427117,0.022222147426164445,0.011438859491474771,-0.006939026470241183,0.037788337248605405,-0.022601627093981672,-0.02238639658456197,0.014403435123723841,-0.010712332129026694,0.01842871765793928,-0.00502223297403382,0.019142143433003796,-0.028644155419136175,0.00867632946469033,0.0019023586752680206,0.00971768080949664,-0.009479276250957151,0.00986346852201642,0.019137458232335033,0.000565259816740364,-0.006342253737670615,-0.019525899829867976,-0.014271123444910883,-0.020520175890521155,0.03059921862768378,0.022752599460530445,-0.012960385710835106,0.02885145381977221,0.015554742445307477,-0.003845121471304383,0.02876821190187236,0.00532009280379964,-0.01502501179253845,0.03754404654117532,0.013107696390313483,0.00918281448864064,-0.005451296430933241,0.003787066225308764,-0.010616709597515086,-0.004049180550954996,-0.010829429786923242,-0.0022157838495458246,-0.010890505192920895,-0.02683750380938721,0.007904558145393538,-0.018669558075855554,0.032011081999909326,0.017425954442558286,-0.02014289084331357,0.012791466592013863,0.01770515425639428,-0.023033802701321052,0.020980055548606342,-0.030120956788828576,0.0031400055657600247,-0.017856814073330483,0.0016063558989764107,-0.024333038989764688
2021-10-25,-0.02024351983467917,-0.03253546354096461,0.011576678354390905,0.0030171256194869217,-0.009811846505071784,0.004891073673967918,0.0013671816475101083,0.012643613291087518,0.03462342030341058,0.027119958125628854,0.0035641360994998444,-0.01309325947341081,0.005385545475937742,-0.028151479889925533,0.015600119219832731,-0.013357342181087608,0.001413734015130877,0.00032829034106563175,-0.018835272716145192,-0.01062246045597809,-0.00023796754268460245,-0.003812848244734404,0.016222172953542342,-0.018374199351930687,-0.007792794030952477,0.014071814381332108,0.0073175234845018625,-0.03412069482745454,0.0012152187396684403,0.012129699582502667,-0.005723466573062005,0.007816117731682169,0.006207096560061953,-0.003706256302875556,-0.012207524627383852,0.0004658730465705684,-0.007655058601160312,0.0031149084102139856,0.0024020231014274976,0.01543231311238721,0.0011455000912869709,0.020400340849534425,0.01857016515695724,0.0156500859345595,-0.00879802645950097,-0.007890236491465235,-0.038511548738475336,0.0419875982731211,0.02234187739094673,0.008110587012642237,0.004047170594768623,0.03524124213916404,0.02329775638898996,-0.019783013321332477,-0.016179173222283457,0.002096432113652749,-0.007642012262117049,-0.016043442741526588,-0.005104361113623767,-0.007029437848235271,0.026633281882804744,0.001298159213015129,0.0027295006732775406,-0.0096723426090285,-0.028752827749047916,-0.019881384147518905,0.014928433770229472,-0.03386875434638718,-0.021049539115697152,0.033012120645797574,0.023181582164512875,-0.019624677759206274,0.0005010847320202041,0.010697488164827278,-0.0112692172577946,-0.006580365259864324,-0.0015847498856629233,-0.03228988695325989,0.016963506598539194,-0.01547233753280003
2021-10-26,-0.0013076880111818202,0.024923877496029753,-0.016118322026247238,0.012944160702529208,0.007524293379231692,0.023725323636388074,0.00934477651974279,-0.0329614977986411,-0.020689367584796586,-0.028729633170767273,0.01970621477325006,-0.0364659333280554,0.008176331613038554,-0.004591583611444349,-0.03358215071792083,-0.010221979334484908,0.026403421526146942,0.027959086851120855,0.026543570162444238,-0.005251858001390565,0.0009123923177914058,0.005735110430248483,0.015392172336982979,0.001047406335043698,0.011958782854967598,-0.008827542008133418,0.025472394476305508,0.004301048969096579,-0.010314257375353362,0.013759967469938836,-0.010504695129028246,0.027865786245900956,-0.0070347566591842095,0.02795689067219484,-0.004901171381177022,-0.03517394391597198,0.008031801461035121,0.0017405042425492833,0.021337183535572173,-0.0012515479229308376,-0.012975535696177804,0.0017169145418368809,0.022284944449860022,-0.016962369432886596,0.016141390301194988,-0.01657376177794261,0.013825525358566394,-0.011147047605100173,-0.016569081674600698,-0.01703819884401985,0.0010215291734254485,-0.034780479732001685,-0.005442794865392365,0.03288810940254669,0.010845938684103147,0.026091602361601504,0.011544505191632175,0.020941971303401617,-0.018947896696600047,0.006764982884127861,-0.017703028049038172,0.009186116780491575,-0.026370376638547022,-0.03152261456654707,-0.022110106334803894,0.019074281414430613,0.037128424953163076,0.005284638494191204,-0.005801275391373268,0.018645031436978914,-0.009118976604717307,0.013091967508595903,-0.011312446164283639,-0.005488237249810566,-0.014116723999727973,-0.018534319375081276,-0.015524303309382172,0.009548522863484067,0.017858774167709205,0.003947984037769292
2021-10-27,0.04276647392328908,-0.009888691275940276,0.013614885311802041,-0.0026600165781524247,-0.012011421819903976,0.0371877168728189,-0.004847966740116773,0.00984344944838775,-0.008593680006524579,0.022075256023159788,0.030495133276369255,0.003291492354774718,0.013792047574185855,-0.013403549091398284,0.0070164353404584,-0.0006094301484831827,0.04108110550235464,0.010321748199461864,0.01008787752492075,0.018529582417962664,-0.017974110264363092,0.00011089412670583296,-0.029794360177703445,0.04145883016881087,-0.014161536484134834,0.007454483783046355,-0.008045080765722853,-0.008894344589368046,-0.034500074278617204,-0.002738580267269702,-0.009319496993266518,0.022862153379710436,-0.01161280052283825,0.006724847554712399,0.0027135009153295003,-0.012954101955064879,0.002519324635927623,0.0039376038154131845,0.031861747263919424,0.016688182335669936,0.009530816004458459,-0.007320272729701006,0.014547683868953864,-0.046215945181931145,-0.015521542768384479,-0.028383759292055714,-0.006408117081158421,0.023041079582481933,-0.006948933347638871,-0.012116682133807543,0.03927827215955176,0.04386097624076211,0.022557734396036314,0.004384884243379236,-0.05340221227348612,-0.043307367790380726,0.005864703436255166,-0.01720027594020393,-0.01417018035373181,-0.0292657894569428,0.0005148706645181615,0.010215466780129485,-0.011809752375710365,-0.032740408267841976,0.018518964582457137,-0.0011706117226507231,-0.006659214221626775,-0.014792946892225505,-0.013703268761840103,-0.01606289810780861,-0.01781500275790024,0.014672528464977684,0.0038630809145577577,0.01667683983284712,0.027117119036563882,0.004451426997494222,-2.4547026938570848e-05,-0.003619772842745837,0.01494308421601029,0.005412974970852638
2021-10-28,0.012597704674674463,0.021593950479343253,-0.02938603880702988,-0.004628923758466373,-0.0317599686585345,0.027537819281338086,-0.03861237708550853,-0.019250860286701865,0.010803002921261805,-0.041674714618545196,0.005437147584458679,-0.006986110307554003,0.008565650256479387,-0.02123001975269345,-0.026901972309250847,-0.008245577266544403,-0.005319222526658841,-0.008838582197893961,0.0026972676041384955,-0.04082301891320811,-0.018793208670777883,0.059033366740605296,0.0053042253729943326,-0.024820840473675238,-0.003610362264497443,0.03689857317917466,0.014013560766338846,-0.020813113900055632,0.014404195532246863,0.003982534159463442,-0.004955461046901874,-0.018708228149222576,0.014388021599648582,0.03167014943158551,0.018511279318725732,-0.013798650510500434,0.022944821843470204,0.035196884434624896,-0.020936493585229702,0.021056474888995536,-0.03160094265046003,0.01141130700363787,0.0023965922035477302,0.0023888778072105464,-0.003790321134657063,0.04168753380295968,0.014547808826669537,-0.016177817734793903,-0.02727337876775742,-0.012837803218185761,0.02755138999410296,0.004024869547147164,-0.014595790536002698,0.007212142790901737,0.027367158434106476,0.006829965465697772,-0.017384899263958184,0.01812694336132398,-0.01290679049092864,-0.025819574335290158,0.012764554003090874,0.012238867269026052,-0.012008476181686665,0.008714452582582886,0.0017796372020252274,-0.0015742488747185158,-0.01103283046094196,0.021760937940429638,0.006347610950849387,-0.03391734595264912,7.097455963084937e-05,-0.035010301718436276,0.007790320219540116,-0.008974284273814349,0.019603519614284,-0.01371941495495991,0.02190265359052747,-0.012563335011063307,0.04139669225221196,-0.013648937148394219
2021-10-29,-0.008901726895221129,0.02863010741984884,-0.012041632897360714,0.007791311353574886,0.011476068859054887,-0.00747339599803456,-0.016278154335463833,-0.00677461636767962,-0.048014980196456364,-0.005547985476586763,0.010313681081394055,0.005271310497997135,-0.02905657676737486,-0.018705127302508315,0.023776466282764596,-0.022287963858233364,0.0012918672043474356,-0.006772397366480746,-0.007397384860109934,0.025229220615524472,-0.0027048762859359266,0.02647180392437352,0.007336523514965893,0.0029218178745220235,-0.012079685586903739,0.02051775308485574,0.010382325083897564,-0.008445996972149017,-0.027832242043205026,0.020854622695835663,0.005860168357426733,-0.007459905101675029,-0.025889182137453115,0.05185034530073545,-0.020707233178257428,-0.007103939369322196,-0.04039124124677938,-0.01015659190083466,0.014851911053423702,0.014288941531655185,0.007562068929647427,-0.017614850527249475,-0.016336601510403205,0.00030548887360761846,0.012536592615858502,-0.053788249051878165,-0.00022045712651873044,-0.003192289037415375,-0.009134470293630887,-0.01581910976678573,-0.014717699759100563,-0.020410663595636116,0.029839846010109992,-0.009580622465862356,0.011037728995378603,-0.008583642440640572,0.027147984356439267,0.019464307488634824,-0.016044738609109578,0.015253714424862223,0.009409392962146212,-0.018807956999873716,-0.011589307542994776,0.03936839963587001,-0.02153239982690046,-0.047747733928287815,0.007029861159025821,0.03782803321579437,-0.011716150708020154,-0.02513826358072752,0.023492750234084467,0.01744657642829265,0.009515001646923898,-0.003257619233515575,-0.0029418193787010345,-0.018656047251334115,-0.00173564852711702,0.0048802806177112865,0.02407449215604529,0.0006039688532941066
2021-11-01,-0.004761540130462518,0.03238302479316589,-0.02176543317866554,-0.0028241012391336693,0.026989997982621153,-0.009258672025422438,0.01651845291819701,-0.02141798307270852,0.035994446345302224,-0.028529984480924295,0.03576918754267518,-0.030840185120992417,-0.0032685560593285197,-0.008373141167126938,-0.012307254375321998,0.009261536931244969,-0.00021286200518749924,-0.05217826226504441,-0.011148658771502928,0.0033989108345311592,0.005640778529070717,0.010906417362394092,-0.008959896374560213,0.019694048904654697,-0.006098800521300968,0.01423829576403699,0.006956163074172182,-0.008397017045735753,-0.01088766674524751,-0.007827840951921815,0.012011005352230507,0.0036392706250342644,-0.0067420730047920135,0.012783144440544472,0.011373343073556348,0.0034000251895757306,0.023499310711261955,0.009668356846093665,0.015351993505221562,0.009118826186210328,-0.001805601354442487,0.030495830991602423,-0.01701480377256958,0.04974878244419106,-0.001856027874933344,-0.017035887472686615,-0.016408883830316922,-0.049604024102656526,-0.0299590518841359,-0.009700096859825962,0.033854654177884635,-0.02983644922429793,0.0089601971249974,-0.01030776452765106,0.019641861572854982,-0.02468088481847249,-0.022045840861256535,0.003540511406705146,0.014157479415079239,0.021925627015969038,0.022438036145686874,-0.005775148664893449,-0.0019420959034947458,-0.005445553972799048,-0.0285355792654833,-0.022230539298669857,-0.015598158967754544,-0.0123342643265072,-0.018823538931599926,-0.004943574417551297,0.013278877363627813,0.006460536863896506,0.0016775542471431774,-0.011104407567215493,-0.00030881204494931076,0.010363502980814858,-0.025102917614918487,-0.009904052974938923,-0.0033244301701337788,0.012118117195755897
2021-11-02,0.00742301757064799,0.028463116660718574,-0.021384135876355383,0.0180383603399841,-0.024869324966034025,0.007331418660728589,-0.0014648985446890639,-0.029194562141380123,0.007264769338185239,-0.0051857907842947125,-0.04954686785875005,0.005107896017188755,0.03408649031521262,0.0073130837373873644,-0.00014158260003307982,0.018919959255397176,-0.015138228236657206,0.015334458469873833,0.007816756256406458,0.027444677357357464,-0.003598734105312421,-0.027954632954981646,0.0035256697937356436,-0.026235659631022465,-0.00595792493434472,-0.04122309939195239,0.00031503336311010057,-0.03589515397652055,-0.01705905975895801,-0.051189092386943136,0.02004692433244627,0.003238171416497919,0.005906807799375099,-0.012217100175697965,-0.014366706024105782,0.01093861894647053,0.010569607380955928,-0.03102510298479923,0.02635316634086082,0.004833296372142317,0.009292338083262543,0.011115961075446006,0.026250054033371596,-0.012875118133556622,0.019823405392621736,0.025580880631598874,0.00469196357866435,0.0020463068766224234,0.03687174977325637,0.022392719932065867,-0.014350012865897762,-0.002787176516228137,0.06099728478538527,0.02210763766752177,-0.014844614684713995,-0.02082708664138519,-0.01469461006118758,0.015783976149018452,9.299562034379658e-08,-0.016109623042874537,0.011984184852744707,-0.0023600168898636103,-0.024007707515545398,-0.013355187924513989,0.011994047549058954,0.0684702385299545,0.007047593565352351,0.02609185574300693,-0.009935336160938904,-0.01998799952332649,-0.023092063053887397,0.004198454741269206,-0.007030810041071882,-0.016801487321892385,0.01153698201669258,0.0126221316454229,-0.012723918961194118,-0.02420686695660013,0.009502019313947445,0.0017442547830658491
2021-11-03,0.0013791929608477256,0.028725943155779355,0.014324465886536273,0.01253647137128328,0.019323747955402613,-0.013273730678965815,-0.014015442197110695,0.017766129220647055,0.030749375690080023,-0.024573953813128113,0.02544232379482942,0.0013685262477224438,-0.0053074716225768115,-0.022881904656794797,-0.005260054145770596,0.0489187786134825,-0.019782622938711653,-0.0004182469911582307,0.0031062066789571715,-0.009787822248479227,-0.025426095554097614,-0.004475501844221747,0.002654194318196515,0.009071630441667184,-0.012174050235243587,0.00416788283678611,-0.03841356196912022,0.0288361549258802,0.009613755757331177,0.02103541676581067,-0.0027584100974346773,0.02133306562322417,-0.003969498971330503,-0.010580824456638962,0.036022652785954734,-0.013128628469305138,-0.008558624369659406,0.0019585032009508214,0.024206856237244584,-0.0009728693808244198,0.04106998348472542,-0.014684262252923805,0.012308571662092812,0.00024194940763314952,-0.003358630528567243,0.009779239708079453,-0.027970118897768785,0.012284371681884058,-0.0023089165358454317,0.015127752246574937,0.014664469334892996,0.011217324731004624,0.03175375470697771,-0.032412252459716955,-0.029514364230738614,0.04182882557827785,-0.024444503237619503,0.008802102036034994,-0.009276579550712994,0.028223334310179128,-0.002702967209861832,0.01693723034648755,-0.010137875212215985,-0.004858006736929248,0.007997480610685465,-0.030561593087942464,0.00010061763961072216,-0.010280191836638553,-0.022698151655362563,-0.00610188679243718,0.002283542814099782,0.003922726924778825,-0.005076840751680129,0.006156903661819624,0.018872020331481405,-0.02745282616403865,0.03663419308707318,-0.004771365986878501,0.007321112244972472,0.014817885831870445
2021-11-04,0.03306778655224056,-0.03857501618783345,0.029018466255882527,-0.03082173957554392,0.021094324557461793,-0.013822099792882792,-0.022535928426364864,-0.0009582831224456186,0.00521063640542792,-0.02386945963150805,0.001700491805660552,0.02438535154363346,0.023825086389183216,0.005632696074957441,0.003803249873143633,0.005289385142652973,-0.038713782110393696,0.013948182967898261,-0.04900693370157161,0.029425953754426293,-0.013355698488193679,0.02015542501095272,0.006240106735987598,0.00010508451200855295,0.012837426493826229,0.00411551101273904,0.013745610714326962,0.0020626197271455433,0.004235062894576599,0.0061462226117844675,0.008327573655327672,0.025958468597822807,0.006503069175137567,-0.03880917251913792,0.01905452593299573,0.020083471319255856,0.010023428362510274,0.034215139744272566,-0.003545760129111106,0.015303481246158684,-0.017405017112884585,-0.002334589931051988,0.009683542984282444,-0.013085213584163454,0.009460198658651922,0.026233829629956566,-0.0006171705033250075,-0.0083921629547467,0.0034653525647522234,0.002011753510177262,0.02280831804794516,0.010929639167163748,-0.01213692820821098,0.001051630651972958,-0.018962709484510672,0.006019469569908318,0.0580816874176611,-0.013046252414641609,-0.0007221360290474517,-0.002149371665171425,-0.02853621089833655,0.0008711933626501832,-0.022464116921642883,-0.00853037816764267,-0.007663599296903879,-0.0022992343682731544,-0.00021243529460783554,0.01046942078076253,0.01614708292247986,0.00016331149421853222,0.029384241301798238,-0.02060743606808,-0.03234732658632756,-0.011845197246585415,0.006560936435744057,-0.018115359047228982,0.0055258750535045545,0.011298718444452132,-0.0006898115764859396,-0.0005574868436189855
2021-11-05,-0.009607572257930082,-0.025748709623396607,-0.018371174876219244,0.002509550991188273,-0.03887683688228506,-0.020052112773714548,0.019008737688142225,-0.02955082868374891,0.013082866646646171,0.01074518840235284,0.0327768537236182,0.021253092909475715,0.024871171191648764,0.019576533199910567,0.022449625519490125,0.00246757524906608,-0.02985096032491074,0.0209962238275684,-0.017252283616736697,-0.007755507671027861,0.016251622338686354,0.006441470815870771,-0.006952790920293384,-0.000260994085539214,-0.03761533486333272,-0.01995572727416338,-0.030383664641120696,-0.03676169017790825,-0.03536034977024972,0.039503827707660484,0.001390970230585451,-0.011175626188778034,0.003233896303969377,-0.023453996678780557,0.021461371204260903,0.007183971879924476,0.00022471516535219494,0.011004511878762622,-0.010550655837594873,-0.03854591004097109,0.029413533329919334,-0.016558358329240012,-0.03393981059941186,0.02512585792166355,-0.01233030673219133,0.02457983731532163,-0.031098026186873497,-0.025858048011931287,0.020310769392393225,-0.013085678858364671,-0.021920464382609403,-0.01873363987557077,-0.0129482981419166,0.0076957043656223825,-0.01562728898368605,-0.012743707403501243,-0.0013929479468705358,-0.012604736203977465,0.043363992169544126,-0.025564220538828196,-0.008820494657851159,-0.003214135394165289,-0.023115888732568705,0.02994991354537541,0.0027940444819728387,-0.010127192478031337,0.007011579785528196,-0.013097378043332487,-0.00894610097644705,0.020434154274233438,-0.007249244636013539,-0.029308286262424346,0.017655541037511182,0.007338289928234352,0.020548733490718143,-0.0325820947379724,0.008276524866332121,-0.01482672013277363,0.013102973433892667,0.017189591024248514
2021-11-08,0.0016106706253538484,0.03482486572162148,-0.02911301819795728,0.008228661557581188,0.01966106624821312,-0.004405557549201557,-0.015933744317274946,0.027486683220381655,0.009493561427264867,-0.006556939531618296,-0.0031792027842273865,-0.027307480299925052,-0.0052370942032377524,0.003140864602413104,0.020334517120088526,-0.027560001833268427,-0.027674173421269068,0.020605423449345663,0.024636003720022896,-0.024573106495192804,0.017989970825243066,0.019098911573186158,-0.016452474031514085,-0.002044050578261092,-0.038186622349663246,-0.01427381447681569,0.012916479442393077,0.010762849944628458,0.014645535564700541,0.042128264370236625,0.011882107514020135,0.028443822920923387,-0.0010537204745019691,0.0037060873120926836,0.03181066753923054,0.002290397105929927,-0.0083904156895054,-0.014824555870607771,-0.008146081053489357,-0.035264311472883024,-0.01592291033632953,-0.02849382409810537,-0.001984505972473016,-0.003318310505537384,-0.008287481169092791,0.013106909720033103,-0.04100037642002323,0.014445305626315057,-0.008450062080237223,-0.03046932361942083,0.0032467307561675515,0.020738826773376098,0.027405689958791044,-0.032594859921329114,-0.02282391495231945,0.01052361492986968,-0.030039278231251403,-0.016432224248484475,0.01661414289502193,0.008279221473358194,0.010087437333080103,-0.015966450033039776,-0.0363912112236762,0.00197952935247201,-0.007289473396815499,0.007530985099492336,-0.042656735285070635,0.008068771298445803,0.04604408163890833,-0.011310097524543171,-0.02995070339921483,-0.03476122394721356,-0.014881060257680304,-0.008668357662383408,-0.027004991898232057,0.02583249233660987,0.017729429213621025,0.001643887745801554,0.018430747821323694,-0.030016169959772736
2021-11-09,0.04467400308242171,-0.004297765917877989,0.007600764831864427,-0.018077601760912446,0.00430607431005162,-0.02030193748586858,0.02281618680424391,-0.015777473388441227,-0.020392421720563294,0.03112676200363011,-0.03793787188994118,0.024602043661464623,-0.009601140825259001,-0.014855277548217971,0.03867256452085293,-0.017828337253920384,0.005560939445686075,0.009202403742317004,-0.009146914457559116,0.0071467447393223265,0.026235703819112326,-0.01764389563826688,0.00442610607928576,0.010111710382691916,0.024636269673732395,0.006483649236367674,0.025821737369220745,0.020865914497220923,0.0015502746647885154,-0.007065873608454074,-0.014714067255830052,-0.008640836735357049,-0.019261355602291516,-0.006455640722644566,-0.02907017806222378,0.004323644306261965,0.03881219879786099,-0.0014180220284272355,0.011452174214275999,0.03662573605910362,0.0019308537543758326,-0.010456218206166275,0.00046321620691141624,-0.0015411854747411674,0.006069896505177915,-0.005552483263479022,0.010639159534037986,-0.008437131319303596,-0.022553408149878922,-0.019148576163680653,-0.002780549659896622,-0.02065323682303456,0.01187255788708586,0.016185402958610373,0.010716899759205051,0.0005790383624890673,-0.006519491033325243,0.02959740031362545,-0.0032942748566581097,-0.01734635222415371,-0.03183362774456334,-0.023700744023974638,-0.008244895625595338,-0.000534829862650286,0.014955797568424117,0.01679510061772975,-0.00974913878537404,0.004338994907675486,-0.028309466288884835,0.027084258428427925,0.03004794802289808,0.007979660114886688,-0.01668913172170686,0.0006307982065678073,-0.025958761954702904,-0.029442960449342272,0.00340229721698504,-0.020252283532818393,-0.009049200740208915,0.004778244548363077
2021-11-10,-0.019235104269615087,0.001967320490302517,-0.044847983447420324,0.014929378222986176,0.010013108729680552,0.01973057217067807,0.007647484169533378,-0.04422837103098139,-0.00960932885695915,0.007370892823001154,0.00703818133257417,0.0019784267575518885,0.024805605538566977,-0.004553931527217481,0.02960619201323865,0.03715394545626939,0.009793879083875006,-0.004168070156755019,-0.028143203445480214,-0.004888798962019702,-0.011620602312743611,-0.026136594534126336,0.019531159754516688,0.020697821502220447,0.024292881508596657,0.028412636107978978,0.008170778383499094,0.017270508446045198,-0.009313522064796685,0.012865517676630123,-0.007985433458991399,0.025200561252863306,0.024136143034844692,0.023830276959455176,-0.015196285943446053,-0.003481051781918505,-0.012563609380020086,0.0021233221318789617,-0.030742395227673757,0.024044078660351346,0.028338095397598052,0.00783182408514225,-0.03368314556763655,0.0101832013202848,0.018826092792375026,0.0027911375085742565,0.0160237201564964,-0.009380388107773663,-0.01002988400709872,0.015728267856265098,0.016943851600103997,-0.0035418590511838866,-0.014249726839275296,0.007534120293863104,0.008765157872824355,-0.0031902902891703003,0.02323398872139237,0.012232514597678783,-0.01207984481315412,-0.00676653209372208,-0.009497252503968155,-0.0052759104455550486,-0.01727244100420258,0.018900186836519166,-0.03395552878986131,0.007986128702630322,-0.01638579858760457,-0.0008545205047110833,-0.006682454109720153,0.031306124233066474,0.010157002144658587,-0.010017112546030753,0.009668586564594885,-0.007395358848706347,-0.01742646440912095,0.00046863520608012493,0.023221406809591203,-0.04768992410798866,0.011515502974365018,-0.005004027225994361
2021-11-11,-0.001368249514242961,-0.01091751158620204,-0.004895402453754685,0.006313720002178897,0.00403476020726653,0.0001428795527076837,0.01236242666341164,0.03275084772034979,0.005300313996253768,0.004614596735767156,0.024975432371199636,-0.02128439401345712,0.011394902041141259,-0.01469633948465085,0.006700269600147748,0.02262331787394626,-0.007896967391349739,-0.016868505360160706,0.041656905271382265,0.006396335175064049,-0.0035007501338953314,0.05159061776980178,-0.041342810327311484,0.011601496300579396,-0.022273604312759227,-0.01085484990828973,-0.022599404475674264,-0.00653720721163065,0.03584803956235893,-0.014783155820440553,0.0027684467053039064,0.00817798336188849,0.021170805253051834,0.02910985084603877,-0.02308045395413591,0.0008686606393109975,-0.01227016543621335,-0.010740546486931502,-0.012244794149058547,0.016527847256281033,0.0008503617314292953,0.017399427355549127,0.009412171556120843,-0.03222745110375972,-0.01901106121271359,-0.025771403629299427,0.027858242647216355,0.0029755007658309046,-0.027761408988718754,-0.024538467389014773,0.003852251190525724,0.0032951855598414236,0.036453670126984264,0.0011674392693159861,-0.014251277775204558,-0.01021126539335612,0.0108002671061904,0.002058647073816715,0.01759880041273008,0.006900452830373956,-0.060623863781828,-0.001996628733528342,0.0025787493798062455,0.0013340870580789135,-0.011497339246869628,0.005744684754397539,-0.025225940774506236,0.020147758048421113,-0.0028262933792956436,-0.0013932511730392536,0.03203127946897301,-0.006130643256525855,0.017173417447330253,0.01043589542180081,-0.01247794637389245,-0.012986168591481159,0.02083040449341952,0.04288317631531122,0.013948818529876552,0.011772137391265881
2021-11-12,-0.03461249446048499,0.012679173628140734,0.013393652994976477,-0.004220742328659539,-0.009462823712654608,0.007008388126895584,-0.004706877580983199,-0.007132083933219724,-0.009851352420575055,-0.009905836993746657,-0.0015868749499731425,-0.009824292496514939,-0.014967553878749219,0.021685185736054775,0.0037446215373058817,-0.010260244178668361,0.030412109094619486,0.0006657150043373113,0.014026105724135969,0.00036016846741513206,0.012129011482486478,-0.03623223106099765,-0.009635690053099137,-0.01712030231785527,0.005015530023073945,0.00725293762437233,-0.006888942354281418,-0.026169105483285077,0.0052308943029778935,0.001902709186497722,0.01194648611786373,0.02449250310904255,-0.00031701317610081643,0.0018452089829001392,0.025870330033443283,0.03021113727642895,-0.010397039343580208,0.016201471802269437,0.023565802821538254,-0.0031766591812899627,0.019437899719920954,0.00636608051333299,-0.014266803894287092,-0.025310395540308322,0.025409310301098692,-0.027233616729372582,-0.0033656320526932243,0.019138222953235706,0.030339826577535686,-0.017294833056934127,0.0029894458485311038,0.018947950445184825,-0.01930736958043433,1.7199781719250935e-05,0.005221488798387809,0.00082178566533072,-0.003084675139288247,-0.03387001131796584,0.0036354169203724235,0.002891526234356875,0.015734197432263678,-0.014262003545132906,0.013468861222634585,-0.023092955777761454,0.03970791481792094,0.026554935991140498,0.0011450429670579016,0.03465219693058436,0.043211453943793735,-0.021549829438414658,0.025837785053019684,0.011850044923852974,-0.009873970128685697,0.004545847775516467,-0.016923699323106806,-0.014398792413703376,-0.00027516043478405835,-0.012516812351974422,0.0033659758190068747,0.0020001305221702603
2021-11-15,-0.010611088475962288,-0.04386798650446169,0.009074781242929368,-0.005091806509960588,-0.01420118149926679,0.03982435333297343,0.016816448015948813,0.009362739877188475,0.0022966077214517924,0.019212022815206935,-0.006723507104005592,0.0050954669794378476,-0.020471417203420394,0.03119582911932561,-0.0012566894948294533,-0.012484772472675085,0.03061230142344836,0.027707203434436303,0.013363784860222612,-0.022034195198620238,-0.013084578112298649,0.006351672903760419,-0.015455018601744365,-0.025628947107779743,0.017621539684035493,0.011334001777515161,-0.04367977948754769,-0.002402000129275147,-0.011539627000786859,0.02282921404884054,-0.04875079870214367,-0.0239680230560967,0.007511135838075027,0.032941602636835376,0.01451502081735518,-0.004220860900950359,0.029740563104721774,0.0040549702887026605,0.0344635428942128,-0.001697797214506204,-0.00841441887208696,0.014556821338759948,0.008754114140384328,-0.005665439086842915,-0.04140190163166453,-0.002798107353760403,-0.027000762122752597,0.0054727720470324264,-0.013294494375271413,-0.00230803495807433,0.005709685715708651,-0.008641755687745568,-0.015033273382720359,0.03933974161632391,-0.008420878730071827,-0.03428326692527773,-0.001406396932580885,-0.01866855297473571,0.0013126257830533671,-0.0008576168015097772,0.002253435880159858,0.014473062321904314,0.0009742792006727704,0.005287814887726414,-0.01997653613588806,-0.02491188636326508,-0.03034986361880235,-0.0006111611866990965,-0.024917678206614956,-0.013905456946144732,0.01801760763969135,-0.010255341180411574,-0.0013412865015088263,0.014125395362782242,-0.008360246130555736,0.016147701038816006,-0.014758551328175171,-0.025833479794037426,-0.00967497838362039,-0.02193219372482477
2021-11-16,-0.00633199318043964,-0.019584126429029507,-0.00745402965306445,0.005310498665235699,0.02456412931517917,0.026708178764967276,-0.025749205948176652,0.027908257520575814,-0.02888152935844992,-0.0018370146640461962,0.0032790778042292583,0.015353026097130157,-0.014222097261795944,-0.04905654709375948,-0.0007419793959559089,0.00666093592318825,-0.0367023668421424,0.007025704369084641,-0.0036153619975592345,-0.015401126044084707,-0.00040534480600287563,-0.003901917490916107,0.00504426625549319,-0.0020768825026828,0.008447437592480301,6.295002498131631e-06,-0.021744783988007638,-0.004247001999462831,0.01140596377810875,-0.004183914146738185,0.0009203274143107027,-0.00830726780008545,-0.030093760755898598,0.007339337451428523,0.02554592170684654,0.018167810651798823,0.0198932874076233,0.006673576019667846,-0.005673292319039943,0.02464980959283688,0.040442870872659256,-0.003532362626046044,-0.014931716152327777,-0.021088864437060612,0.013662186816717723,0.0182172845773474,0.016547689071222744,-0.0014220695059603866,0.048591650433838084,-0.017394363945862287,0.027617927722890578,0.017968302897725746,-0.005259702237144023,-0.0012441837655156913,-0.03552790425234349,0.0020349891974966866,-0.0004689826660365666,0.010774372877072327,0.0067758502231569885,-0.024668729182273343,0.010045558558048175,0.013791271421548918,-0.012263091042937067,-0.03889998721404181,-0.0010022206804217034,0.00041570771200656305,-0.005243368771101291,-0.01352009377759652,0.025546678126303127,-0.0018879096011081297,0.013480640164029563,-0.024063233176354722,-0.04320565540427591,0.001113581804589994,0.03526192389025964,-0.006549586550713661,-0.013685768058379486,0.0024467973710941065,0.0014402884669928984,0.046202363953353434
2021-11-17,-0.02635113699178057,-0.0007888425827186378,0.000840232735923957,-0.014812029322744858,-0.025582669356181077,-0.026330529582704355,-0.019855651522595587,-0.025184620481092997,-0.03806734243452376,0.014509156476201362,-0.026719556110272845,0.03074525548606353,-0.02674885730656819,-0.01869783052837968,-0.0082801619023852,0.023241414886575492,0.0037898907356703243,0.011112572069264859,-0.029031793341176632,-0.005969914520228452,-0.0205981508437505,0.0027632131581457322,0.012240385904312234,0.005472038594142784,-0.0014725946211373417,-0.008634923846447035,-0.0016105510556237808,-0.007722131106054191,0.0018154104492555782,-0.009591946398760227,0.00722615372210382,-0.0031395780168245986,0.019030051689286797,-0.019201368601822484,0.02650458056357978,-0.012878979407794476,0.04549814901617549,-0.02285977573152753,0.015447444581734825,-0.010671999154220716,-0.001402544644481503,-6.684178718687969e-05,0.009129859904732985,-0.013376509871678733,-0.002893577046659431,-0.00959033068513385,0.01034765123153272,-0.01526401641194261,-0.025027723188134173,-0.020280618926323764,-0.004228494893647368,0.00011395744682171123,0.016812241461797023,0.03723562650127076,0.0340997438374725,0.02733355645369076,-0.016738700072359617,-0.0071712583144388576,0.021965842807052615,-0.0049980862480545965,-0.006620683766810608,0.005889942744817947,-0.002653940626224677,-0.018020756235976397,0.032113494354205636,0.012586752205691415,-0.024034295121782248,-0.0033995975776945605,-0.02379895037519594,0.02390039908353351,-0.00672098124781759,0.03129653341954631,0.04518219844608672,0.026622633071531693,-0.002537144331920344,0.012019505391578717,-0.003817890031519924,0.0018951818925725193,0.0019401239606812875,0.013772149226898896
2021-11-18,0.013649282888598301,0.0437320176244161,-0.030813849636369416,-0.020339494189624253,0.04281775622856812,-0.0031213051273303954,0.03537137198114107,-0.018845118687587835,-0.009179059046253234,0.015790491671106653,-0.013244989787350551,0.02447415780717086,-0.028917574919040227,0.019905087893521127,0.019755562217189854,-0.006462869572449352,0.01738056553172852,0.012923600970063625,0.036094612267921086,0.027933036063067025,0.0016058003057757432,0.012529741696673653,-0.00991629203750068,0.006257939591453407,0.011505715462043613,0.02844194467067357,-0.008363473653079219,0.009681937456050997,0.00753109853975164,0.012762779823710426,-0.041603062132831575,0.008820946799981631,-0.017340477276913128,-0.006734744057917926,-0.004825795795763955,-0.01789522682171809,0.006181697561590969,0.004019310308636584,-0.00408170428583858,-0.020147658419736005,-0.010940367331633427,0.0009922410874296905,0.003893521594388509,0.013916137200559325,0.022917685522652383,-0.0031630293150648288,-0.03310771461646639,-0.001950093890399985,0.009051159386080896,0.041646465832283874,0.006004552835820595,-0.02374937672642849,0.005318575336542005,0.015182595555451204,0.006987185228511592,-0.006354098272508431,-0.012759428661685149,0.0050243383923829,0.02393974136135631,-0.008712016694973082,-0.03813895096614238,0.007691580781589033,0.012890111179850372,0.013945446463505207,-0.0038989539082866682,-0.017918762273598354,0.03472571138037886,0.012272681044228026,0.008583019726302278,-0.021116962484548193,-0.020194166065862672,0.03233385466744345,0.02799138279445937,0.014720673382633179,0.010769462701048288,-0.005023493301702654,-0.026659708970159356,0.03291623526770219,-0.0028740134691347535,-0.019178072972214348
2021-11-19,0.005094173827348508,-0.02864598079835315,-0.03435954545086121,-0.019314464742558875,-0.012171528319914117,0.008665920686686132,-0.04311115213748594,0.02036775726654652,0.026494736697405173,-0.0018133158552078883,-0.02630259483012572,-0.014919402193130853,-0.004580241452359389,0.035350893054238525,0.0027528328091271964,-0.0039566378222095485,0.006952871762430555,-0.008390141649607177,-0.007144972601280864,-0.00633813993905109,-0.01846956362613597,0.016655630338548916,-0.020040590690381083,-0.026693157978291616,0.020122583215975702,0.008661582547295056,-0.0011397833362093571,-0.0035783413431993683,-0.019488201618624454,0.02116577140917131,0.026532991022754193,0.018466261259166165,0.03647053832674343,-0.028513791090744582,0.006324892328367318,0.011610107547871255,0.012451833096641551,-0.026589348299420314,0.0007940476936887975,0.016682914501709195,0.012364255493269801,-0.0043946007498506376,-0.0003899916046817545,0.01039961758771364,0.04619987802843782,0.003671213958707188,0.0001403801495354068,0.009648646410064363,-0.012463596233074364,0.021773665176568775,-0.00686230168497808,0.006618268044444447,0.007572227351793236,0.0035523076300631425,0.014283536148199367,-0.007094000402559609,-0.012180949897072042,0.012406124871446798,0.014537481375724543,-0.035649187447471115,0.002119582646865094,0.005399645892624579,-0.019976451942794377,0.029773311155789465,0.017177550766599242,0.00475987691343058,0.0009413576782151774,0.01902879865372571,0.004327174490175871,-0.006483747281900151,0.00970620182639986,-0.014543157562688628,0.013292312282684557,-0.008857168755854182,-0.004193519344074554,0.021822342557841826,0.014650748019085136,-0.013304585155216257,0.012990996342918643,-0.0023906622198121927
2021-11-22,0.01887276598467915,0.029133183663298826,-0.023332188654592655,0.010032964921642438,-0.001583088042739298,0.012879362743806515,0.006187857615540853,0.04632318798921671,-0.02070045506815557,-0.030899549652530885,-0.012723375627057118,0.0357804548181802,0.004804177496913406,-0.0002542709542298713,0.017444537603634385,0.009264113637487241,-0.010256196912346627,0.019340512749080663,-0.00621269840285351,0.007945720454494945,0.01553196377349321,-0.041484883788681544,-0.0338699325909621,0.02502938347080826,0.008518652487198904,-0.004489227938509382,-0.0010329019632253982,0.01359979325749283,0.020589214740594938,-0.04232440504799126,0.026812368539426666,0.0294027487309913,-0.018155075514557265,0.025567486988235105,0.033261509995979675,-0.01655128760074708,0.02270032690049489,-0.014177683138795217,0.013338235579245064,-0.013924882810514712,-0.009963906786087233,-0.0001893294491281358,-0.014451378386194497,0.004008265642378164,-0.00028536452901563975,0.014681296998662528,0.013207250699567883,0.033617399316187416,0.04952357566473491,0.010139926530131042,-0.013146153654166355,0.04683760535498529,-0.016672808994895708,-0.01788909918150684,-0.021867818230166786,0.0157256322423854,0.004052442963004706,-0.00024194481449543614,-0.007566891813648395,-0.008631895734651892,0.03802267375558662,0.014515792668647304,-0.0030306065962222863,0.011888900313321729,0.008802239356848431,-0.03199110661731428,0.027970558542892134,0.021345871735207807,0.012086252855801756,0.007287880077614682,-0.007222484322888997,-0.018087040944073537,0.00042722395800158996,0.020334416098355023,-0.017441868622072417,0.018972908841086215,-0.05552825783993742,0.022634797403440543,0.004144152230107333,0.00027399170390559377
2021-11-23,-0.020846559550149572,0.013428641540512331,0.021496130453892977,0.04527698191645503,0.004399242312455735,0.00605000574020477,0.008999074624431952,-0.01247109742607367,0.007984037037874564,0.02572824648032985,-0.015812702068914965,0.0005439874836581843,-0.0065718090878741885,-0.01718344715752966,-0.00146315645854845,-0.023261343085440846,0.011733676284248429,0.0006563902585960179,-0.01389188813982575,0.024158911395045887,-0.008603668871474342,-0.006296001001746058,-0.0032680100970272742,-0.0034825832186552086,-0.03461499421234651,-0.03956289849715272,-0.010919224829125667,-0.027485701570437518,0.032175378713823574,-0.004901208280862934,0.003980984993490727,-0.024992025846232193,-0.002340277483497499,0.022311241737609396,0.0036982903302409127,0.024797554671815197,-0.020276266031681214,0.028601553274336795,0.035792787052296764,-0.01081444469640534,0.04408246568839065,0.009426551888592151,-0.011883762443276033,0.01286876576153509,0.013843972924941734,0.02486518525191547,0.01455797587874322,0.003378923616962418,-0.008623294071645358,-0.009814260187998178,-0.010781785288573056,-0.03342098974826795,-0.0005649980394532387,-0.022472241810106798,-0.0005404480410667076,0.018798439521015835,0.03243957712331748,0.0036376803010466957,0.00823433860684563,-0.015167184446714976,-0.006678193806796069,-0.009816835177787236,3.6651548360382206e-05,-0.003342434937135507,0.002301110181709249,0.03283576868193769,0.030948543168588163,-0.012801437223497181,0.007788060451474033,0.020559960483304773,-0.024360330099539095,0.0185030972145343,-0.02820972556735053,-0.005180771317103153,-0.012588715628568368,-0.015356072729566978,0.05218111371285093,-0.027764979354306205,0.02512141044418725,-0.002736370454744662
2021-11-24,0.00023892818060114104,0.0036893862646388328,-0.04991342536481289,-0.003082995722461353,0.013969695060926646,0.006346540794285086,0.013222623549744503,-0.024094174183108382,0.033200767696182285,-0.0043335201811736685,0.02401992667252668,0.0016528089596319349,-0.04042323519931042,-0.03229045047042782,0.01918347250190648,-0.006791543464631475,-0.0009754823317934808,-0.026318148013902226,0.004923848764363494,0.032863725405981405,-0.004096438416711067,-0.00684474421031646,-0.012333382358089,-0.022454001151243987,0.03462867718216094,0.0015507594316269925,0.00552685072347098,-0.015628991288157094,-0.010162301845166938,-0.009764784990951967,0.018710570568197124,0.020144333914790046,0.01765505242933585,-0.005863288229846546,-0.008116614050533003,-0.012088604476604052,-0.0005273738483826297,-0.007376175384845918,0.022338678764350774,-0.006780256241335853,0.001439672303007522,-0.0039607403949638255,-0.005985958103468928,0.024805379273720143,0.006486205154683237,-0.010812256270701972,0.023133744462902523,0.00584351466845227,0.004474738672689715,0.010630818306821698,0.00521344392882887,-0.025997310359629648,0.0013053128601677882,-0.016927581622940696,-0.003002381400882343,-0.03960029270339471,-0.05492692613305235,0.03594624871353118,0.024906153933384724,0.03424638309069906,-0.024571970162885728,0.004769924679958049,-0.039905400004632566,0.010233147216954579,-0.0018060917032274183,0.028543146683436504,-0.007749545996725732,0.007399933863216519,-0.015076153571144503,0.0471521317327717,-0.03661425994737409,-0.009164730730200174,0.03271210381415522,-0.0005296068794052507,0.0385654197785775,-0.002151008897811829,-0.004210356598190937,0.0032278913843395807,0.019090437666307223,-0.024029145161336585
2021-11-26,0.03227121366240628,-7.761416324549193e-05,0.03710673429054062,-0.013914428806895616,-0.0010041891241689663,-0.016722731068281236,0.02329348563699031,-0.015082692347508198,0.034466130198889305,0.007212621061780225,0.01926058772328479,0.013494679662209836,0.019830253040455662,0.0012566883855517216,-0.011901349749030605,-0.01024467016886669,-0.004124881899483969,0.05240691199967864,-0.03947945482823224,-0.00247397332518599,0.026737604591837345,-0.008259734858417299,-0.005429558471854247,0.01827309328625867,-0.007103284544633739,0.016609106204790954,-0.0036967354892411433,0.01657621379429479,-0.039859786168637064,-0.01632517447956025,-0.0023305744019181014,0.02508929415166548,-0.024300759406056312,-0.002262057005897257,-0.01421373568875042,-0.04895534283492707,0.0033485871766571686,0.02049213851416544,0.02269732919897425,-0.020738189217172853,0.0065038023915650455,-0.05037278141859428,0.02889880969535775,-0.001407172886620189,0.03171681188574899,0.025048899316079693,-0.028615281805195642,-0.0014964221402091644,0.008721476675876628,0.00014958517535792044,0.0201043803372448,-0.0063967811952333736,-0.01748625742871001,-0.027029029127546077,-0.002930846327798458,-0.03538608247611287,0.03933681437446022,-0.02852477110527813,0.010680315686003592,-0.00865081648680793,0.013822063206549646,0.007787427842408008,0.0012276647153233063,0.017063641966198657,-0.013550098257642102,-0.0208354764593561,-0.03097423948785658,-0.016818356002132214,0.008800398265930763,0.019186636634543733,-0.013168376206129331,0.01657574369120972,0.02819066133913227,0.008244194620653934,0.017733821760677525,-0.0010153844066869283,-0.016500598757104065,-0.02226182578362847,0.010473884028009021,0.0023529364258468057
2021-11-29,0.005531884724283953,0.013847601338019383,0.018885224527037323,0.04597857171385048,0.007708383024165054,0.003900972445911959,-0.019103167909169157,-0.007745955337693663,-0.019350890092980466,-0.002765104644932916,0.008473550032559509,0.020500912988522028,0.020194295350877436,0.04496549537641142,-0.009947215839488368,-0.00037550301349881785,-0.01371799021567743,0.01631678065142981,0.010054297446049939,0.018882625115604682,0.0015072156440927794,-0.015575703885604182,0.03375458179325735,0.020168369159207892,-0.015973522286686543,0.005665670606411616,-0.025248953489794924,-0.026969040201887683,0.0020913608229573164,-0.009180370065711641,-0.01864480697332869,-0.0104831918260851,0.01950628603419725,-0.0014546998689619823,-0.01439583238085206,0.027483974241031297,-0.005256210634901762,-0.010558157751634456,-0.04199421947418088,-0.016860203918599784,-0.0215957913320325,0.007079574270085566,-0.031666130433948815,-0.021852073069374877,0.014311794460965411,0.02649357144203606,-0.003257610570308181,-0.01254652945336321,-0.0034731248598802627,-0.01471979976246064,-0.0010936705638904705,-0.021683529621285506,-0.004174807023930898,0.0187717326270865,-0.006790047491293545,-0.010152228264790364,0.021909683489920284,-0.036652101758019265,-0.03247055674509592,0.031109061474229156,0.029095903524789052,0.0020480064209872245,-0.02013993733854872,0.0011019763109948936,0.008269256529758384,-0.0012887792754193905,0.02214799252062333,0.020779167597779032,0.0007671293951658448,0.002080960600142275,-0.002288762514621168,-0.0297570716525518,0.004382085184007409,0.023196887971788524,0.008614410634418755,-0.021856788865210305,-0.018721744026281243,0.013061932983562929,-0.033848671651673684,0.007882608689902936
2021-11-30,0.015828817823473014,0.0048862482314350544,-0.0037408268573564506,0.011195936235144862,0.011057026404739139,-0.004313514861736555,0.0019321867458621834,0.025484108462118432,0.022289619443892426,0.019255139948386304,-0.024470584372994805,0.012935641711222934,0.004717161621532104,0.0012351693362045195,0.01144152648455125,-0.00021633940609164554,0.004769952429338617,-0.031764275032672165,0.015311729692077409,0.022872559851296305,-0.0028856083290820216,0.0012902257546930699,0.012103516030295332,0.004390975988652937,0.005996030451808089,-0.009749249709875913,-0.006380055160936767,0.009165385087895293,-0.004686837365903342,0.0145887699320114,0.022603644760526943,0.006424347642128558,0.021064039927769226,0.0077871373572512195,-0.056718608166520204,-0.03168992535990929,-0.011215738610619079,-0.006622751965793796,0.01108336490320271,0.016090537269339535,0.012223045302228057,0.01063000153919718,0.006357406967259446,-0.025790823914581033,0.017436152329745647,-0.012102266965170675,0.03411030412479951,0.0010784094755049174,-0.01634433463618103,-0.009370918076426205,-0.007806335826892774,-0.013034290384376984,-0.010014688058251233,-0.02947519984676517,-0.006822763035603516,-0.04389051491859733,0.04885757694134323,0.024840080580647298,-0.0009971470078320595,-0.005858662819199406,0.021335783406626212,0.0002886472875817572,0.018587572608335445,-0.029565183464611997,-0.03889350099548209,-0.035693523893065744,0.008035255546595134,0.013377488479581425,0.022390045759428472,-0.0025816759244695624,0.007912974085605776,0.01982292320364994,-0.046075258524410766,0.04073862460218628,0.002368139335899057,-0.014479964032038477,0.0009101344888469889,0.0032149104289485144,-0.007348533726971711,0.019918883550358774
2021-12-01,0.020178950329573897,0.003529858585827407,0.00954985828562578,-0.01872607668633757,0.01860196416224404,-0.0033520400661824893,-0.016304840792214784,0.010358321792444312,0.02207956289079863,0.02721350698779576,-0.023570652407664962,-0.0027894563210420463,0.004617798453409358,-0.0025718239670242744,0.007498030855998677,0.006850467967690691,0.013791023664549373,-0.02393606311959116,0.008433369951406665,0.010128353923973795,-0.018681328441116526,0.011741321734214785,0.01626640672848238,0.005719922739883194,0.0063551416073377035,0.014375569240559556,0.009221753864351579,-0.028093930817851945,-0.006069436975286312,0.0033090489479650417,-0.030783477038536008,-0.019134368183993708,0.013315866243448224,0.009553189537091744,-0.009276412966063616,-0.002755657346592453,0.015160755147991712,0.0069581163277610426,0.007686622148853156,-0.018234136935090104,-0.0021441481851181476,0.00044925960485205346,0.024933573847383043,0.01005962703031433,0.021649164878796544,-0.01534218552802905,0.0029776137219263334,-0.02231073284320789,-0.02271175669125424,-0.017987622125915034,0.020795838389700436,0.005564967097173472,-0.0031313785478660804,-0.0001717310249699139,0.013409758616451639,-0.0031722240494257876,0.020827452619430486,-0.005070371928445687,0.014677534296591997,0.010701603060700351,-0.017966201816285568,-0.009635770360823035,-0.052707177224704777,-0.002064669416053548,0.03862724068994298,0.009580672540306137,0.020584061378237806,-0.003387926065637519,0.021561634243014535,0.0023191981996423857,-0.03988861543210608,-0.012804541433257858,0.029038598476233517,0.000987552272129384,0.030950024283311825,-0.017325427540028377,0.015004581338434502,0.004162832898131812,0.010718732774954868,-0.009609966012504275
2021-12-02,-0.009946489124200214,0.008365127638741036,-0.008963375766159867,-0.03112621387842754,0.005696935007817414,0.005720491687242347,0.006057775049998496,0.0001643976174877347,0.00824025627221117,-0.012653390542637422,-0.013714317420397396,-0.028541973818740952,-0.00036917620578906854,0.006468936599502575,0.01604485506535039,-0.008664103405931338,0.006298172840053434,-0.0023498986607681134,0.01343014146115404,0.00394616755373973,-0.015938937458869644,0.0001339696611924979,-0.009773675542026431,0.01501557373568543,-0.019761946808154098,0.008642810092235553,-0.014084438221611865,-0.011174536029009243,0.0029600832946523738,-0.020573255036720663,0.0064213700051231285,-0.01953859583876947,-0.008880780320310621,-0.002558384320877571,0.021640417357724925,-0.011338095850361178,0.012823602663273845,-0.005698942595934804,-0.039370310122369,0.03923360025635539,-0.012461510826873409,0.00646167909388149,-0.03369802240704175,0.011031328549062514,-0.0007003272981675443,-0.00774623566988486,0.00397743521582581,0.00678459020450104,-0.00044803218120712706,0.012836843735646865,-0.01300151706268914,0.0040916948270231564,-0.002465391442248381,1.835828767836608e-05,-0.020252358321291214,-0.007386553379018811,-0.009017683574097546,-0.041919180868291564,0.0056836003321762245,0.016796599684040295,-0.005844168544797737,-0.002514465136787075,-0.004855444579145542,-0.02611102528127139,0.007029469240148491,0.009907694069575836,0.023717136796631084,-0.017417649157913023,-0.01233039360034685,-0.0014743820828895056,0.03300309694236503,-0.01610986489432719,-0.027382854078176172,0.029203572973568286,0.021330833722258347,0.002230880686764666,-0.010677340186175516,-0.009792994496799658,-0.001513119635056571,-0.005574966817942794
2021-12-03,0.043635910872137584,0.06589960144167432,0.018199077337935254,-0.02932463777708478,-0.01142571862608463,0.0067601729436496845,-0.025082753849532482,-0.00945389379549999,0.013318622179717642,0.02641697699834321,0.050093362901669436,-0.004712775056488222,-0.019415974649438297,0.003940592836841611,0.00826873926921564,0.008321647424831574,-0.0300920362536688,-0.0019685179874729852,-0.022962389326041256,-0.020092481318192027,0.030058701351057197,-0.05431632152787171,0.00646309271547995,-0.01472636769334871,-0.04211004308051899,0.0212273758223427,0.004098697859242317,-0.011360724939687856,-0.003089898683485049,-0.020531860531507958,-0.006937631668441531,0.008015794844509991,0.006440865816585012,-0.006950065062380354,-0.025127107840547558,-0.030877642234916125,-0.003308325531026205,0.014806656794813938,0.005510211435601631,0.010760467864806897,0.03834713330171484,-0.024193195776781078,0.03579681949359228,-0.016562761643761494,0.019196334284239194,-0.0426150786911374,0.005301596712018349,0.032722456562598964,-0.022022629354390647,0.027896878570768592,-0.0035465903612446887,0.03620852935015502,-0.006802129705306633,0.042189747988203186,0.017766576474759623,-0.007503270323106912,0.020702376631957967,0.004007560762688995,-0.011014908480821073,0.004178518716407476,0.008923614030524614,0.003742364597425634,0.041868629233471504,-0.007008562760651054,-0.006746294154126836,-0.016631689763873504,-0.00916889327527221,0.011870771341216287,0.020299573771675933,0.0063555936186976535,0.04475008358060889,-0.010747649743449255,0.012217696733776255,0.02047019707386449,0.021821475313649294,0.015220902021583849,0.012127009092318576,-0.0036472087071860618,0.0210418003898955,0.021937012652738522
2021-12-06,-0.0007283043656814859,0.025228619734696714,-0.008587935474257244,-0.015910645187461325,0.00789342283115684,-0.03679993800116892,0.0009044426506006169,-0.026385906926444533,-0.0006226748950900942,-0.011835285163894864,0.0008304082726362816,-0.0035335657247006136,-0.03999245769596469,0.004984997640869188,-6.140846049525385e-05,-0.0015778615910564634,-0.0101647538568373,-0.01181384844910326,0.002748073021828895,-0.014941186858776146,0.008765666931973589,-0.025005644762641357,-0.024858670913417966,0.007438497155734329,-0.0009203711417258979,-0.029506712603887805,-0.034816319188910046,-0.00349647845088212,0.0029256812285226854,-0.007536355134642568,0.022208064697635678,0.030230324911043525,-0.014823756847567832,-0.011889264792748879,0.006526541344796013,-0.03942102782143522,0.02445016909840363,-0.021206813455497544,-0.0013299347103497593,0.00032243032412934436,0.024182648172688538,-0.01206345144202559,-0.00635810549163342,0.01875304251074649,-0.007696503831291351,0.004371744406653817,0.011571980620812298,0.012397643454440933,-0.010886081712999934,0.000485497762531578,-0.010295400994978714,0.043242856935576876,-0.0007591997787598998,0.029398083126153027,0.031110449964193175,-0.0004145019970523812,-0.0035058949499137218,0.022205052446977666,0.004245953591296619,-0.00965006628839006,0.01082705046927042,-0.035497273754990386,-0.014538773162215152,-0.005719650574066485,0.04853403353206529,0.017400201864318433,-0.00986182399604333,0.020864029068981344,-0.01093472202340774,-0.006667427599190439,0.021555306180118756,0.024220759581186933,-0.003372033327965317,-0.0087311617049867,-0.00024927716960747927,0.005214827036492709,-0.006110567989918001,-0.007693429591011041,-0.030589043556822945,-0.04233179953156251
2021-12-07,-0.004615223981603885,0.03624020473054477,0.03871518113740405,0.03959966520730469,0.006408445961728281,-0.00390289658588713,0.02119533606968739,0.01663092114395623,0.002984950291718443,0.004387196118415301,-0.015493643741010822,0.015115237004627722,-0.011913274033450771,0.013233075334314465,0.0025374948159341045,-0.017384456278293336,-0.061336014616788656,-0.02790459097780327,0.004177762326211126,-0.01786813170186516,-0.009259586797941628,-0.019004644862556885,-0.02205195536360957,-0.015442891924575642,0.002326503192908904,-0.016914084914147528,0.04383680795367894,0.012894925896770324,-0.018765555602451453,-0.020151182715684165,0.04644548443356091,-0.01929525318886309,-0.012712110590756947,-0.02182050421701438,0.004158421918010743,0.0020116707778229837,0.010064389294560534,0.027313266353095448,0.0012965080994034495,-0.013811220393210113,-0.009578205615880053,-0.031596289501512845,0.013496101223655004,-0.020317293355119333,-0.024644694094811154,0.013490990861787698,-0.008292092121370335,0.019996243370713044,-0.037097474493688345,-0.0061222825519873635,0.002967838115355125,0.0020405387237034606,0.016016384636591545,0.00880259218041256,0.02644334353713459,0.01002317932160741,0.02304820258685068,0.001651967590509311,-0.010792679190697468,0.04181523227025337,-0.01976844123707706,-0.002178221584088435,-0.00495079532097597,-0.01811716975779843,-0.001093472787262454,0.04015193322403606,-0.011760542188537438,-0.004342920256019577,-0.03182231359463354,0.036388992168213105,-0.028680213784936518,0.021402349256458193,0.019137828292293088,-0.01600107509634114,0.00910962044956923,0.014150621035461514,0.010281665700122374,0.0012964113762610145,0.012648781967161406,0.007925396796055539
2021-12-08,0.0074885286366889545,0.014437554112875487,0.003709693541639661,-0.0033864545693295094,0.025894613605206274,-0.05107807028292263,0.002836760087645473,-0.021119584668808034,-0.009231886537466046,0.017683935389585306,-0.015253852519894863,-0.04408472609714072,-0.04285378565388659,-0.023971932033661082,-0.007163899992860282,0.027265803303315544,-0.02320074739725039,-0.004558815718454551,-0.018271098234315577,0.017774934430912107,-0.010560201332527924,-0.005483298693402445,-0.003687235281908105,-0.028722859153012776,-0.013797174310391345,-0.01638406669865409,0.0020560153265078134,0.009670544399129996,-0.0020875506957764123,0.007743048642911607,-0.0047176128845931396,0.008956552037847268,-0.006855349131865356,0.0013237148840543297,0.00037439063002797445,-0.022987159364112476,-0.021800247648254098,0.010612070833759648,0.012386391444203226,0.01037884029887687,0.036810821162296115,0.0013351682631831977,-0.002395357667596148,-0.021115142917546615,0.00035140743064826274,-0.024541770644301856,-0.017877476294675183,-0.006842295741402962,0.005534192470364789,-0.01389152346643366,-0.04115169875458961,0.025372955357666135,0.002173543403426342,-0.0057234449805697194,-0.009597061810688836,-0.012321857417029812,-0.014213752283354768,-0.025025604596264486,0.02909279618018633,-0.02181592474188375,0.01887136274529238,0.05111552454914388,0.00012392953472601954,0.022818011982710433,0.00754668146238725,-0.01778313384887459,0.022013262071733323,-0.008627593029292157,0.007067588231532885,-0.012227180718067717,0.014665768690251395,-0.01065253198056605,-0.012782519935521104,-0.03503365426019105,-0.0014015087456333382,0.01743188719166789,-0.0031726264296128483,0.003722455227214673,-0.009358477997350945,-0.011170932241782809
2021-12-09,0.008586374180682269,0.0302257771373007,-0.028374570890388494,-0.02867850619893387,0.010165461956073036,-0.015769281757415158,-0.015941385222314603,0.023115930105315385,0.004109197512448435,0.014251777399639442,-0.009411654094178552,0.020060118855256152,0.03446186892926428,-0.004783260674184099,-0.0077045951051484965,0.004295632511454477,-0.012307670660082419,-0.013130366534272244,-0.027740056538276495,-0.033430443626631515,-0.022970270489884727,-0.0054883513584028576,-0.03569347459908771,-0.0009621996914188031,-0.00969676258212082,-0.021990773910055297,0.02150608366892969,0.0015814935497569763,-0.014523023338986045,-0.003312744239324339,0.008011543200453164,-0.011995217441565752,0.00860875174851814,0.004815825424772615,0.006406653317797543,0.019434484833509662,-0.01318558523850569,-0.009505179926326037,0.012764309639164258,0.001988755829590111,0.024650466879217285,-0.02629630648809926,-0.013659745016746508,0.0010486062598028705,-0.056225510680497165,0.013916158571723515,-0.006996394593213043,-0.006218556657347096,-0.014122046810771477,-0.0163535224677303,0.0059242100689346575,-0.002844527021525158,0.009224984240451812,-0.016003956933951135,-0.01123309021368844,0.0067866116313792645,0.014112806261465851,-0.0013505595027587653,-0.011572193639992453,-0.009950791086157797,0.012803858917488508,-0.028004276128051314,-0.01868723784751481,-0.04225313819804086,-0.040854261594439646,0.0001571835278715898,-0.0015049620539350698,0.0019647038744381247,0.04898757037564672,-0.018555860107411535,-0.006278771667402327,0.017386334895964764,0.01871765795541441,0.023592215810459036,0.033039228432827694,0.02501586297208726,0.0070345862734848465,0.00543212032138597,0.005745058607374536,-0.0022660981948612008
2021-12-10,-0.016557346850333134,-0.03350405744659775,-0.00928382805733082,-0.029002630529997728,0.029045539118803858,0.013829633802228257,0.009195721802735736,0.01467464236441723,-0.025034332323060165,-0.02725221868782157,-0.023477301105546883,0.001892397955695354,0.007837012059156333,0.016292774269250982,0.01820154332047105,0.008707390069969775,-0.05270886171406274,-0.007802705551272527,-0.05254672879433181,-0.004738391283521259,0.02456278032415664,0.01520160200705943,-0.01271306752678259,-0.015151045164302098,-0.00017111691446860866,0.004956242225935084,0.040494422761138946,0.008978446405760765,-0.015503701191001914,-0.045931572519907524,0.015426423491689663,0.02386837811919062,-0.027494728952985534,0.015175901295753849,0.025264667637451672,-0.011310388253261965,-0.014209053404540718,0.01862933219949952,-0.05033015726140977,-0.048977300517488186,0.006764050346636079,0.02864490139081285,-0.022915127546212447,0.015431335237657119,-0.033973621022223635,-0.010994016478309849,0.009313754872035592,0.005805985981978208,0.026778234902169764,-0.014330064886242569,-0.012286231741722409,0.03796370313135121,-0.03493299099190405,-0.011420326108286073,0.009415066635040716,-0.020223401000030727,-0.009301882933165638,-0.027460636184505463,0.011787143685488258,-0.011946446921379313,-0.015605794156563043,-0.00886748107862123,-0.0057605008389884586,0.019410598643312373,0.03176784221990951,-0.00412703074942117,-0.031719399425032206,0.00835364566511662,-0.021613513176162773,-0.01401772592035785,-0.04041668620277093,0.0094395767667428,-0.02347683550956871,0.0009963067111292989,0.009592360668014737,0.022598082176620477,-0.02165913421453149,0.01553738848295963,-0.0048890936139342304,-0.007296235495606005
2021-12-13,-0.018708022024140757,0.0041831234805029816,0.0002743315723707923,0.015605030483360469,0.01591329625955215,-0.06428092109927849,-0.00532699931762201,0.02824182899966645,0.008677281227226118,-0.006220162215382683,-0.03374046075437454,0.005763425929479239,-0.02406712777191909,-0.003922928615054715,0.016159564172231057,0.0013693615414101677,0.015101474635937704,-0.0019082549822762149,-0.0022320061465899567,0.014890249948050056,3.9280462150444714e-05,-0.009001433960403924,0.01909095843788825,2.9593924747803096e-06,0.004231792881575149,0.0016444830053978477,0.006977045508922384,0.03602505015393683,0.02183363544533794,0.007328157048032624,-0.0331013477512478,0.015176106759299321,-0.0001301246863915919,0.014521228922712175,-0.00809341490808355,0.014011611115477456,-0.00529684994239732,-0.008895737598194618,-0.0022551984817914777,-0.028072061084681344,0.02183429308208243,-0.0015660816616509402,-0.014732457035580876,-0.005161725703592868,-0.006270388521816735,-0.011330341393745384,-0.03300981961053585,-0.010046865196262095,-0.04707662922997566,-0.023976760973765415,-0.006830291196390469,-0.00063590780025246,-0.0061187415311452185,-0.0069941266832466336,0.018835716935074655,0.004287895805110854,0.0016799618674390657,-0.022448815791663607,0.0022962728132313957,-0.033891531367175175,-0.009562747571804642,0.03327981223313827,0.016703940853412473,0.0196841139424214,-0.005658274617485764,0.036104618124993555,0.010886498720626607,-0.0015031036067394109,-0.011194620247276276,0.031977423654590255,0.023696700248649637,-0.0011199359793433862,0.0337369613669301,-0.01617168014401531,-0.006804416391923073,-0.018534907343012864,-0.0003114904441111435,0.005386632853800595,-0.015312177785807473,0.01099141290755417
2021-12-14,0.02997325112805526,-0.01858690959302114,-0.008779056143795592,0.013049056787185443,-0.02582799861475031,-0.006274392203079567,-0.002003098565533757,-0.0016216846489926417,0.013533248116928912,-0.015331840879545849,0.005761747506261821,0.024811158010429518,0.031586685047679086,0.017920546913223617,0.009186451981044215,0.016956439975465816,-0.004912741956004558,0.009937803067225512,-0.024488861304945455,-0.017437272151306568,0.008101870208332957,0.0268753540297003,-0.004444683255291243,0.008602199951031604,-0.024068190247511213,0.0257732677005476,0.0010535896131610427,0.018329324201707967,0.046960176567125124,-0.03942242872907949,0.01889818741662499,-0.0059467438495733925,0.017157575988077618,0.021114972660060537,-0.009820133709590463,0.01762414338183756,0.0024404862696607377,0.012270798136935135,0.017063221402665404,-0.023386831770819207,0.02112943141971704,0.011198685490217108,0.0344152724066683,0.005321681577728662,0.039410308085445094,0.0025353066518916446,-0.010514907719168617,-0.010761234800568776,-0.035735268353986854,-0.027755545823077783,-0.03115598616826633,-0.02076482948389873,-0.025538062522625887,0.03587143620675003,-0.003699416985846606,-0.014179137071274326,0.04278569618296234,-0.03768755958219984,0.007133607007229289,0.027267885078308254,-0.004758470444582464,-0.011843369184861313,-0.005651913231945202,0.011022971346255137,-0.028088169382947347,0.006519292069094423,0.0319499362440777,0.011892587119272907,-0.0425964932916311,-0.01805587140347221,0.01512941757218353,-0.005451391996730688,9.057695836350954e-05,-0.006646522428806316,0.005664093278876159,0.00044193820393384416,0.000967153504895813,-0.0049549085611654605,0.04606608289922113,0.019715236836288477
2021-12-15,-0.003885740553000769,-0.01918628719001567,0.005133145444658571,0.02051008493882058,-0.013905139765797662,-0.0013679725943199599,0.03174893244577794,-0.004691763832071564,-0.00848175618624708,-0.022300051277672907,0.0055324258303316,-0.03329302916561231,0.020636336684478535,-0.009480997667200246,0.0031836364236652614,0.004904068000893882,0.004831805131388591,-0.024704391412705976,0.007244668269637376,-0.00558032923108162,0.02939147773849157,-0.02529963961919011,-0.021794071012547014,-0.022482044466972252,-0.015896525414122138,0.007537356163669068,-0.046009231349111994,-0.006061984291381712,-0.01311459932772153,0.023754167473298983,0.0038125225460036946,-0.016349240477969748,0.01175588840576037,0.035573409651477095,-0.02077044666750189,0.006310510892748673,-0.0007778893666908958,-0.013557261005400124,-0.008663285108486253,0.007281744560798348,0.006378122704176121,0.011252778227448688,-0.023347464457172982,-0.020207605866979776,-0.008620523169932977,0.03141378459065099,-0.0131134228281599,-0.0015929224560539226,-0.039453841196581546,-0.008646614039746045,-0.011400225928129013,0.005420298142294518,-0.016303372971920378,0.05366106267183797,-0.01483436664696892,-0.021437917037559463,-0.015298934808288757,0.006273260405591811,-0.036154953322463206,-0.01013023702170364,0.006564698186399479,0.03487255409013624,0.030136692661474406,-0.021297550814042127,-0.019507666607990623,0.0032511982655661115,-0.02255735620148932,-0.012931073336081417,0.001976943251435816,0.03944593771321477,-0.021762982424904972,-0.004002850708481855,0.02025086921519695,0.004739486570943112,0.02070621083830664,-0.007844493137609418,-0.02275991340692229,-0.04920694152410199,-0.038984612063880854,-0.0068416687152145364
2021-12-16,-0.022431866118007154,-0.021899702400834227,-0.019506693840560165,-0.028852909635902688,-0.04326502181418416,0.009122977064419554,0.006680954247031571,0.0069955381736214435,-0.0014246809261509903,0.0038252230771290167,0.005324106247778471,-0.025099409377427957,0.0012150931142900338,-0.032285571617246205,0.013300532334431736,0.0053251441477549745,0.00230398689399265,0.030507101673164005,-0.00936283865048985,0.018511961057899987,-0.03720980318591868,-0.010983381260516472,0.0028744166351409722,0.01977598357058399,-0.014973672673620356,0.011501871796883653,-0.02195212923973274,-0.0128892153135584,-0.005327575920057254,0.005246704250967587,0.005632974738816101,-0.0233003021847595,-0.002279738890452157,0.01980500109540325,0.01289299363273881,0.01890115786764351,-0.04197980330656053,0.0064143768447661766,-0.02204810922846842,-0.016564092302432463,0.01492838722966958,0.027275995671338454,-0.001189774523845513,-0.01026133413568529,-0.018847781011888654,0.014730842769862673,-0.021276930382478795,0.0045171077201239624,0.0024076253815065933,0.016991315118423323,0.006423097414638114,0.04914992431451075,0.009284397141924212,-0.010547086209844809,0.02498046053686003,-0.004498648299210141,0.028176640320168145,0.002434823142950832,0.003460485883739337,0.015999834600455717,-0.001119424847839597,-0.020568417615722305,0.0012708701577576129,-0.007042629202478368,-0.0033835384215119553,0.010187375028678045,0.009155125191825623,0.01956301449675951,0.03305774874774191,-0.00851057654977768,-0.032198577399902444,-0.015500667166806446,0.0037634087244192,0.01621696494065533,0.0024805589275792724,0.02971596424731429,0.007226905286635617,0.005460810295597188,-0.013228344880222405,-0.025338321559834315
2021-12-17,0.04168455847828007,-0.024533434283077363,0.03453223509976438,-0.048586127685413996,0.01610358824392076,0.011774026659922818,0.0076852516104912935,-0.022248984391675906,0.028497137901105182,-0.005915402250104374,0.01019479456633101,-0.0026060124999339484,-0.001759884956913913,0.01949968868385638,-0.01720829765801073,0.019435389377959543,0.011448588927954485,-0.0227715777025936,-0.014548334047330438,0.023984512689791983,0.010759726675900095,0.012248518917242804,0.03373842315787658,0.03455655587564887,-0.011580226497552778,0.005757671654453971,-0.03349549076952677,0.023627482509401904,0.031288783509752796,0.045018688771986996,0.046206583014531705,0.006055645522025393,-0.0012091721216286213,0.0018622855653300369,0.01971615778486263,0.03341634615552062,-0.014110960120833571,-0.004882528465999413,-0.036643709299861424,0.03436032824876108,-0.01776093441244206,-0.02428334214944558,-0.0193502199163135,-0.022239136908999244,0.03216100351352179,0.0073177486022890535,0.020550703271085272,0.005986180279189841,0.017452673486745177,-0.004506872387385836,0.012540236568659326,-0.004371251289242718,0.0022022890849606293,-0.01587381892256616,0.010307065883684874,-0.0033361519150601872,0.007006769430541431,-0.001968215638359267,-0.030532049700015183,0.0038766934937648385,-0.015114732295272184,-0.045050505296939374,-0.0064540512406364315,0.02615520240995247,-0.004081300738416829,-0.030111724190795663,0.008450483428418098,0.01633881321164839,-0.0014414966797321837,-0.00025667423606562666,-0.021465068929413772,0.019742151657824555,-0.004159624267941675,-0.03988940933631846,-0.03814040052251183,0.009869413043939021,-0.014071404605136648,-0.008729818617818135,-0.00892641914641413,-0.02504316929259208
2021-12-20,0.020363167530141064,0.0017132929435550433,0.028221796482613925,0.0011315941542514437,0.012869595782051699,0.025611263496680962,-0.023582973416335397,-0.03456447185586242,0.010572426985240434,-0.012999736020306542,0.01390964169289986,-0.01051744664595827,-0.008389367842695495,0.017783123473537877,-0.02708594322816054,-0.004331517535006817,-0.021950943792186945,0.011772438720074462,0.027765546054909933,0.02835453268566086,0.006661971582724552,-0.0239032852071663,0.0032246717762848087,0.00630208093178048,0.021190582379261386,-0.01914597334692602,0.021687250887665193,-0.003929250287635881,0.004898096267174434,-0.0029600546419676385,-0.0013085581931668846,0.02620080992511036,0.014423337510091538,-0.011912121889153584,0.007428161940639677,0.004900428971019892,0.02052433627880351,-0.004928384527057269,-0.009695210895413135,-0.00681314472531697,0.006451086984627838,0.014545935494326255,0.023212103035823,-0.00786782286125887,-0.018613085855195204,0.0035928968235621694,0.003258747342099557,0.0035961844559685824,-0.012077050289135055,0.012231853770501618,-0.0026737043468496604,-0.04125477912449709,0.02862737627827083,-0.01619470139238977,-0.013210228954963923,-0.03615712376744805,-0.042075928565118714,0.009303612294957882,-0.013443658160052538,0.02088856825914929,-0.013888003578638617,0.030209872641451217,-0.0277365207194196,0.0019330098917625905,0.024198363709483375,-0.01072509075821201,0.017883609176368498,0.0010169800540570186,-0.03883088140469779,0.01014768284424975,-0.020343134014660983,0.04687592367349898,-0.025210420078099278,-0.00293319859977809,-0.023227927549842552,-0.003780064468750014,-0.0068854159553998675,0.008575480236329798,-0.006601141382243485,-0.052505494250467216
2021-12-21,-0.030533608207403758,-0.030434335666360827,-0.007418821786006975,-0.004515031371086036,-0.007350631780799952,-0.0295245333372005,-0.005156817922974488,0.006112203952987268,0.03661430838082665,0.01649560760681724,-0.016279918900260502,-0.03509092960680741,0.0051589466562039525,-0.0075767864933226625,-0.005971773761323027,0.004835910020383415,-0.023321478516925148,0.009402793773687804,-0.01774343188463537,-0.0030578215366144747,0.017749049123007454,0.03649669446500065,-0.00876090224221635,0.008319209895711353,-0.02764679149532107,-0.0039619814947956964,0.006608267436423992,0.004123823772608542,0.033958811724664126,0.003668283639592347,0.0033078231898821782,-0.04535580633776258,0.0197618699014636,0.00991506578402918,0.007464245375893704,-0.003847425630064347,0.007341464030444472,-0.025585799923587782,0.00951822610165237,-0.0013478625051112556,0.0013465897277908409,0.011541052681489996,0.021184578293541586,0.0176508898520952,0.0009513722175629684,0.020186283253562465,-0.05779460087042036,0.024754023433446272,0.008447396982046088,0.03351353481724924,-0.0059860470217000085,-0.008715338404613833,-0.008187919938762769,-0.046154127006689125,0.008908692436127049,0.020309944404463924,0.019793672063303226,-0.003974683869499511,-0.011162135990844329,-0.005880789365427369,0.0025368138318378934,-0.049372951951336425,0.004181639352105275,-0.0040539191451365,0.0010859694191149192,-0.009843493612164184,-0.020689634998130594,0.011344982936243428,0.015031409521947965,0.02705544961681478,-0.009020705246329752,0.04000334285026596,-0.019005645796515418,0.006813995459650657,-0.02018039838559709,0.013445403791480919,-0.0013543129377738426,0.0009846233430297533,-0.006099353792495665,-0.005151384341029893
2021-12-22,-0.02005531400290274,0.02799072449150023,-0.00897087255756555,0.0035213604279084633,0.02002216317618327,-0.025390517003452406,-0.005919201099445371,-0.02092847593173542,-0.0028943424721810714,0.0028195233189399656,-0.002045215896729313,-0.03165471804965332,0.0050963575144896255,0.00824905857821305,0.0006232679873556286,0.024280787293119315,-0.010683784155550238,0.013431491290273783,0.018673878036302095,0.009845647473397995,-0.03619425341392762,0.0020653426423960296,-0.02631081103688902,0.015295078764492397,0.01979485413455715,-0.01865613500863879,-0.002463104603914588,-0.035499539040584206,0.00244679831412752,-0.024659980670433446,-0.023092827116027226,-0.020745815867936012,0.01275842710462069,0.01662077854190093,0.008302467702885627,0.01841318492921323,0.005536026560087717,0.010205396447969762,-0.011151929107495242,0.033125079723811096,-0.056780178248148044,-0.01053114162682138,0.024523479215707678,-0.04264333419565116,0.06902217852812714,-0.028511837730584456,-0.007743923644906582,0.016504233461067865,-0.006607000001061315,0.01478827209493797,0.007487992447694084,-0.0002405177801105618,0.01058037318484654,-0.018571224398545867,0.02319341968003078,-0.003684731689930629,0.012549895479842848,-0.0032936409942786733,-0.019469686894149324,-0.012091246026378255,-0.011364850955702699,-0.012818314814899492,0.006774234069465224,-0.002003757942452953,0.007044530174454626,-0.005907842522565954,-0.007599046308496389,-0.0033043896966292435,-0.0015049370826070697,0.021452973029719002,-0.016429602412632645,0.015095172069344636,0.024331496803748815,-0.0061851487444769615,-0.0022877680106634284,0.001728808742636541,0.004059280630145468,0.007292928425198375,-0.0003265222615476027,0.034839542950247285
2021-12-23,0.019124341620887927,0.012469436039336035,0.04373186986382248,0.046401465363012026,-0.008228456678197407,0.003814323540124693,0.04254305654966483,-0.014144027424661152,0.020084088270860667,-0.010069023889466714,0.005963514055549377,0.004282600873778658,-0.007303301628308989,0.024168120986682688,0.007770437465029082,0.008138434822975629,-0.01959217193588438,0.04380209558249654,-0.0018965121762860428,0.0009779170139309573,0.02473887203679549,0.030597465792638733,0.005683578840190002,-0.008744180378629611,0.012709137496732175,-0.001150120080988922,-0.017137336413567822,0.01983829452834262,-0.014206485370178655,0.031065264531128713,0.014727909898522113,0.0005972916593486617,0.05294742574315246,-0.017339599223128447,0.015170437138112025,-0.0020816355448055454,0.018408116626700083,-0.02598813929201523,0.037637218173579325,0.016709049803628872,0.0288881394439872,0.013463436685617,0.034721834106035604,0.011705639643910495,0.010063147631797687,0.0079878187375279,0.00998270191449164,0.0317346723875042,0.011298728065606077,0.01786603419847528,0.02214425075299166,0.0016859454469886057,-0.023267706076902653,-0.017228629760841215,-0.017347199731259803,-0.02402160191656304,0.0008213781147643302,0.030708112938787425,0.003635085899960522,-0.032365414198539694,-0.014184287782586695,-0.003398149538080307,-0.03365384913826888,0.027508214305937206,-0.017408335699190265,0.013994755832285224,-0.03420741983425017,0.003221283046378848,-0.0009104421873752302,0.01760438952034495,0.010240455632417142,0.0024619024343326395,0.00706008495009186,-0.023318970744140556,0.0038076574524569095,-0.01519505101863764,0.006535217994799288,-0.018180657121631055,-0.004826657038762837,0.013759559875224077
2021-12-27,0.030761339369365558,-0.03175289300688769,0.00031659260022133366,-0.015865834835752803,0.016033199576480302,-0.037288383866374966,0.02050459627562956,-0.0015648092145300995,-0.0026048241455556963,-0.005231133010951432,0.016711465770204527,-0.030471908963184788,0.004632963874451276,-0.01536785895545529,-0.025773371676334568,0.014584819533184223,-0.024790777455140547,0.003886501362685389,0.0062768619780406935,0.013533537383377363,0.043310372026793525,0.016407486060291104,0.007595452331748642,-0.02849137995658168,0.009939484106901512,-0.01732843141560108,0.0158428016332847,-0.03272463763570677,-0.019094758144869935,0.028713187873453182,0.027596166483108017,0.011650084126498303,0.03180595180918053,0.038896314050995875,0.0014599812986153954,-0.03616054960545267,-0.00632787064664915,0.02281789602226732,-0.0208375325666698,-0.0008445854828179828,-0.010885849227978495,0.027635509556931722,-0.03265766276582764,-0.02068360270454827,0.02234192585770161,0.05087634194743018,-0.001070602240178836,0.006227921332245449,-0.011220346299380264,0.029815350749415385,0.024690078013865975,0.029211559036867563,0.0169151242185913,0.005825130508448679,-0.020006219406472674,0.009129787679348448,0.018925216836363227,-0.017648659166308717,-0.026701659878065085,-0.0024546983620072995,0.04851297366325505,-0.009131924509180383,-8.290299606314314e-05,0.004722592203209763,-0.018383863620861883,-0.016378614070836996,-0.013415094870504607,0.017296140722717238,-0.00131744453709925,0.030780159238800456,-0.02057681147295324,0.03933688279405802,0.018876954276124687,-0.020702252409887014,-0.042413581861501265,-0.024519775001841798,-0.007567526917919892,-0.0029685379644292967,-0.017227176125331065,-0.0021335485279757507
2021-12-28,-0.008310484103298415,0.020925153620831874,-0.0033627234124396057,0.023319244379677105,-0.007752109352825869,-0.007480311100305611,0.03423255568222176,-0.039789866400142405,0.010887959298675467,-0.0011141826243205293,-0.013353765656294932,0.0006985680720993794,-0.02525195597352909,-0.013173266944216274,-0.011030536485614677,0.013660875937180877,0.01766751608746883,0.03332925046970891,-0.05167038713690069,0.011914181252561884,0.03093271943862781,0.0016409653896619762,-0.02211986907386842,-0.00369502988974022,-0.01950416535696004,-0.015712767465051167,0.0012799777067786689,0.02137434379984246,0.0447357555217406,0.01119573131172954,-0.019935859967092618,0.0201367593235396,-0.03881223011856721,0.022547859608011735,-0.008721087238289262,-0.016871014332045742,0.01745781462989835,-0.019795073836098336,-0.014956167845950804,-0.02732998349661623,-0.010213719887900832,0.023074526737024086,0.006351154002906082,-0.01738201373295061,0.0010087368062418674,-0.011644413980704428,0.012666990708772332,0.03192287331899275,-0.02913592638570869,0.0052870317329177866,0.002205396880796491,0.0038856133322014924,0.015890607496104193,-0.02837393860581297,-0.022142128054255004,-0.01552441862730698,0.006413079723861035,-0.005980827550945103,0.004967649352114818,0.0006616576677216711,-0.01126254804198412,0.0046153799730119524,-0.022383484516905246,0.034537227334773164,-0.005957604507164621,0.02741600032065596,0.005898973847330228,-0.004740691820237641,-0.021317066083325852,-0.027383172299664818,0.012208181744342296,-0.009501377847342262,-0.0026861315971638457,-0.025451620215489232,-0.0003636540306431694,0.003508890447075457,-0.02791836459118342,-0.031006654774817642,0.012190500600745129,0.011721879520814799
2021-12-29,-0.019244941624504925,-0.027994622931864763,-0.0022261370261949702,-0.009107264105170558,-0.00789393027428019,0.0020547899426479315,0.025369041003403314,0.023224926588732896,0.02750334163244584,0.023943875748457678,-0.02119337114915664,0.024618436046660842,0.015726592000817878,-0.03217697348893791,-0.015967372657875636,-0.008063954367866185,-0.002723266327010052,-0.015260310083694136,-0.010379948945056323,-0.0026526582182896706,0.004602676269662993,0.020599642125138016,0.002251833555964142,0.00866369132548139,-0.01992636588836321,-0.015358796040763465,0.00804536155559368,0.0028658911037023915,-0.0047582889603805315,-0.017049227165991814,0.01720598579686219,0.004547377188383388,-0.01881039733783822,-0.012461515554787639,-0.008168214463503905,-0.01830814607214064,-0.01048444160579521,0.007701138253027271,-0.005867195880286311,-0.03458402875434997,0.02026873060153751,-0.02122237652239495,0.01056866755249061,0.005708410628274508,0.021609876530193525,-0.006658583766850294,0.0032987626212019547,0.009816158137019356,-0.01801503927204206,-0.00046620302891050484,0.0012006573792951811,0.0385364637862798,-0.01281516740757897,0.024855931784789932,0.04239338822764276,0.00798960098201801,-0.01602352979852177,0.009808263082594961,0.011470189177669239,-0.0027021737436694754,0.01289406651023768,-0.009057672677152276,-0.03285406471988091,0.018285996436144886,-0.004454791031520828,0.007611127174429241,-0.019962667755729205,-0.009673178335658594,-0.02529740606655784,0.00588820687241424,-0.01344952226607314,0.01274373183951564,-0.0007586341222063953,0.004596407209089074,0.003020812828308044,0.008012012289345621,0.017326869411200818,-0.01097655186653731,-0.012488014679123789,0.007676886159000941
2021-12-30,-0.012367712736401491,0.02323921451400149,0.009247203823455164,-0.0171502769016159,0.007145227766893027,-0.00414617191109818,-0.0316855530651352,0.010276546916788799,0.010555132334825105,0.005847671575985972,-0.020078463004858597,0.00980866834495755,-0.007328283154417149,0.014766737200632526,-0.015277685132364589,6.684905777143711e-05,0.02017563200793597,0.007203106092355288,-0.0012484658606708669,0.02808604579655976,0.0039061211047159094,-0.040458129379296805,0.016558409034553946,0.0025693247002937353,-0.010627906516402035,0.030646546435723836,-0.02611502227770921,0.02065768558115859,-0.0011369776912107327,0.03389479448551159,-0.015861495730526035,-0.024957826621631006,0.01877378042387191,0.021184465550407983,0.029888059521165765,-0.021090874313305218,-0.01897352355976742,-0.018482478497997286,-0.01762649406872314,-0.018054472677260732,-0.011826845460662767,0.013905933210755655,0.016257257578565887,0.02984703037482956,-0.0008611901534557252,0.003009909198098745,0.005328769844882309,-0.01594133812592427,0.013183470897484796,0.0035054592054573064,0.036180898900013636,-0.004469925582743813,-0.008044771228403826,0.034294941901757754,-0.028828389385089675,0.002051213516528527,-0.014423048855982645,0.03295905558608171,0.02373082378079534,0.006321026115487032,-0.045829086873816954,-0.02193803380430959,0.047958370567235446,-0.02349686925756179,-0.0010110404829863587,0.0035560174018108353,-0.0072155544206825364,0.007674015186040046,-0.040978436078075074,-0.02004848688958207,0.02390926398215425,-0.0012012930913301492,0.01122591546133662,0.0107191800557364,0.0005016544200574744,-0.0059645459258806325,0.026376703406996164,0.00970677580094517,0.007154513350326154,0.0403806244429434
2021-12-31,0.015416935813441474,0.03634006887469386,0.0018617635150555934,-0.03662492593135123,-0.031259511035200874,0.03329815461397096,-0.020194875060888764,-0.01817473167644922,0.041360588758290885,0.012289867438825701,-0.0046004075629357925,0.012370479421493163,0.047194608195337454,0.014013163091852649,0.001242751116239913,-0.00036532098333418516,-0.013185536882469212,-0.0033304598897277815,-0.040417039816906385,-0.05208919956900235,-0.00605607436528888,0.0052437654745651555,0.009930877393407667,0.01317847446050483,0.01902712238575861,-0.034149398425200504,-0.02219096474262043,-0.007614185102742682,-0.004620699311676514,-0.02704462521883007,0.0024625248949832787,0.0004534877689363463,0.03753745554770983,0.006902086276323147,-0.02357786554239457,-0.012345455240805134,-0.03510758582114475,0.006160957309122004,6.658924104762311e-05,-0.01952255644493039,-0.008923179852077837,0.012277057528407425,-0.007486441383912324,-0.006057828355996386,-0.01186426467924517,0.02136343351829142,0.03704357045977142,-0.015820880612282193,0.0022563390528181266,0.055066218250515914,0.0031118379230187956,-0.016620177742920576,0.014509065439524758,0.027804401331046117,0.05123597780419182,0.002602340458832302,0.012731290512197123,0.0073145131956438595,0.00704689642480321,-0.036287428365749344,-0.01694423040670791,0.018143152802935828,0.020874261275141564,0.0030372371404827855,-0.011329283609390641,0.025043593638700245,0.015594080746672446,0.013038711866165086,0.0007766658522379093,0.03108378774195611,0.0163052367403622,0.005840849869708029,-0.024073992195860275,-0.014675471106955437,0.023366281761552973,-0.021699514849147325,-0.006973417539185986,0.03901962778420481,0.02071195188096009,0.015805277612512766
